name,rmsd_start,rmsd_end,plddt,ptm,rmsd_constraint,langevin,single_state_plddt,single_state_rmsd,curvature_mean,curvature_max,score,-PLL
5KPE_2_2_0_combined_id1,1.6424001455307007,1.1771509647369385,90.55962962962964,0.76,2,2,86.15009259259259,1.0889322757720947,20.796156,71.92844,0.1862,2.2792089956778065
5KPE_2_2_0_combined_id10,1.369613528251648,1.16311514377594,92.62629629629627,0.8,2,2,86.15009259259259,1.0889322757720947,20.796156,71.92844,0.1777,2.3627156858091003
5KPE_2_2_0_combined_id11,1.554126501083374,1.3593034744262695,89.45305555555554,0.75,2,2,86.15009259259259,1.0889322757720947,20.796156,71.92844,0.1813,2.0551969740125866
5KPE_2_2_0_combined_id12,1.3746893405914307,1.453139305114746,92.3087962962963,0.8,2,2,86.15009259259259,1.0889322757720947,20.796156,71.92844,0.1843,2.413452713577836
5KPE_2_2_0_combined_id13,1.3492549657821655,1.1196203231811523,85.63944444444445,0.7,2,2,86.15009259259259,1.0889322757720947,20.796156,71.92844,0.1693,2.6125078554506653
5KPE_2_2_0_combined_id14,1.1200242042541504,1.480077862739563,88.91990740740742,0.74,2,2,86.15009259259259,1.0889322757720947,20.796156,71.92844,0.1816,2.400522302698206
5KPE_2_2_0_combined_id15,1.1273316144943237,1.3312323093414307,89.84231481481481,0.76,2,2,86.15009259259259,1.0889322757720947,20.796156,71.92844,0.171,2.4190131293402777
5KPE_2_2_0_combined_id16,1.4069666862487793,1.2895328998565674,82.36888888888888,0.7,2,2,86.15009259259259,1.0889322757720947,20.796156,71.92844,0.1844,2.173071402090568
5KPE_2_2_0_combined_id17,9.791543006896973,9.743022918701172,86.40490740740742,0.67,2,2,86.15009259259259,1.0889322757720947,20.796156,71.92844,0.1803,2.1077423095703125
5KPE_2_2_0_combined_id18,1.7453550100326538,1.413529872894287,89.5409259259259,0.78,2,2,86.15009259259259,1.0889322757720947,20.796156,71.92844,0.1917,2.215272691514757
5KPE_2_2_0_combined_id19,10.083966255187988,10.920117378234863,77.40601851851854,0.63,2,2,86.15009259259259,1.0889322757720947,20.796156,71.92844,0.2166,2.1085288436324507
5KPE_2_2_0_combined_id2,1.4323430061340332,1.633203148841858,85.35990740740739,0.71,2,2,86.15009259259259,1.0889322757720947,20.796156,71.92844,0.1713,2.593764693648726
5KPE_2_2_0_combined_id20,1.7682280540466309,1.0878299474716187,91.65064814814816,0.81,2,2,86.15009259259259,1.0889322757720947,20.796156,71.92844,0.2065,2.130413196705006
5KPE_2_2_0_combined_id21,1.3660950660705566,1.5934267044067383,91.91203703703704,0.78,2,2,86.15009259259259,1.0889322757720947,20.796156,71.92844,0.2052,1.946174056441696
5KPE_2_2_0_combined_id22,1.4736576080322266,1.2522406578063965,87.09055555555557,0.71,2,2,86.15009259259259,1.0889322757720947,20.796156,71.92844,0.2056,2.11786792896412
5KPE_2_2_0_combined_id23,10.758996963500977,10.612852096557617,71.875,0.56,2,2,86.15009259259259,1.0889322757720947,20.796156,71.92844,0.1917,2.144198947482639
5KPE_2_2_0_combined_id24,1.5316534042358398,1.6980812549591064,92.87935185185188,0.83,2,2,86.15009259259259,1.0889322757720947,20.796156,71.92844,0.1869,2.259932765254268
5KPE_2_2_0_combined_id3,1.5882079601287842,1.544791579246521,82.44064814814811,0.65,2,2,86.15009259259259,1.0889322757720947,20.796156,71.92844,0.1744,2.2520809880009405
5KPE_2_2_0_combined_id4,1.2403273582458496,1.512168526649475,88.98111111111113,0.76,2,2,86.15009259259259,1.0889322757720947,20.796156,71.92844,0.1867,2.664033395272714
5KPE_2_2_0_combined_id5,1.2873692512512207,1.4714237451553345,89.64009259259258,0.75,2,2,86.15009259259259,1.0889322757720947,20.796156,71.92844,0.1911,2.2927414222999856
5KPE_2_2_0_combined_id6,1.385384202003479,1.2761632204055786,89.40250000000002,0.76,2,2,86.15009259259259,1.0889322757720947,20.796156,71.92844,0.1883,2.504256071867766
5KPE_2_2_0_combined_id7,1.523680329322815,1.4392060041427612,92.16092592592592,0.8,2,2,86.15009259259259,1.0889322757720947,20.796156,71.92844,0.1734,2.1429658112702548
5KPE_2_2_0_combined_id8,1.5019702911376953,1.4582748413085938,92.0250925925926,0.81,2,2,86.15009259259259,1.0889322757720947,20.796156,71.92844,0.2029,2.374302899395978
5KPE_2_2_0_combined_id9,10.968446731567383,10.53444766998291,85.78092592592591,0.69,2,2,86.15009259259259,1.0889322757720947,20.796156,71.92844,0.2094,2.0155631171332464
5KPE_2_2_1_combined_id1,1.3447188138961792,1.0087870359420776,87.03666666666666,0.72,2,2,88.91898148148148,0.6073800921440125,20.498295,71.06506,0.1948,2.17752527307581
5KPE_2_2_1_combined_id10,2.1512610912323,1.957094430923462,91.26611111111112,0.79,2,2,88.91898148148148,0.6073800921440125,20.498295,71.06506,0.1755,2.46933831108941
5KPE_2_2_1_combined_id11,1.1051602363586426,1.5318537950515747,89.54629629629632,0.74,2,2,88.91898148148148,0.6073800921440125,20.498295,71.06506,0.176,2.4756712736906827
5KPE_2_2_1_combined_id12,1.222272276878357,1.2257229089736938,87.24111111111112,0.73,2,2,88.91898148148148,0.6073800921440125,20.498295,71.06506,0.1843,2.4408931025752314
5KPE_2_2_1_combined_id14,1.2749686241149902,1.357612133026123,88.96305555555556,0.79,2,2,88.91898148148148,0.6073800921440125,20.498295,71.06506,0.1631,2.702170760543258
5KPE_2_2_1_combined_id15,1.5677802562713623,1.976813554763794,89.45564814814814,0.75,2,2,88.91898148148148,0.6073800921440125,20.498295,71.06506,0.1792,2.0452021846064814
5KPE_2_2_1_combined_id16,1.5279308557510376,1.1437792778015137,84.13472222222224,0.68,2,2,88.91898148148148,0.6073800921440125,20.498295,71.06506,0.2198,2.166733070656105
5KPE_2_2_1_combined_id17,1.075766682624817,1.5630009174346924,89.81833333333333,0.74,2,2,88.91898148148148,0.6073800921440125,20.498295,71.06506,0.1822,2.320882726598669
5KPE_2_2_1_combined_id18,1.3809702396392822,1.2819902896881104,89.55601851851851,0.73,2,2,88.91898148148148,0.6073800921440125,20.498295,71.06506,0.1726,2.4118256745515048
5KPE_2_2_1_combined_id19,1.1690932512283325,1.2253023386001587,91.67074074074074,0.77,2,2,88.91898148148148,0.6073800921440125,20.498295,71.06506,0.201,2.175184461805556
5KPE_2_2_1_combined_id2,1.5655912160873413,1.2094321250915527,85.94500000000001,0.71,2,2,88.91898148148148,0.6073800921440125,20.498295,71.06506,0.1848,1.91982580114294
5KPE_2_2_1_combined_id20,1.2362046241760254,1.3724110126495361,91.2001851851852,0.78,2,2,88.91898148148148,0.6073800921440125,20.498295,71.06506,0.1984,1.9938614456741897
5KPE_2_2_1_combined_id21,1.2812706232070923,1.2374037504196167,91.6876851851852,0.79,2,2,88.91898148148148,0.6073800921440125,20.498295,71.06506,0.1874,1.6893094380696614
5KPE_2_2_1_combined_id22,1.5333991050720215,1.1575206518173218,87.78388888888888,0.76,2,2,88.91898148148148,0.6073800921440125,20.498295,71.06506,0.208,2.0343058550799333
5KPE_2_2_1_combined_id23,1.6290466785430908,1.2081396579742432,82.16351851851853,0.65,2,2,88.91898148148148,0.6073800921440125,20.498295,71.06506,0.1735,2.302100004973235
5KPE_2_2_1_combined_id24,1.69236421585083,0.9560309648513794,89.31685185185185,0.75,2,2,88.91898148148148,0.6073800921440125,20.498295,71.06506,0.1952,2.189691331651476
5KPE_2_2_1_combined_id3,1.25911283493042,1.3294974565505981,89.32462962962961,0.76,2,2,88.91898148148148,0.6073800921440125,20.498295,71.06506,0.2058,2.115931193033854
5KPE_2_2_1_combined_id4,1.4410737752914429,1.2956637144088745,89.59703703703703,0.76,2,2,88.91898148148148,0.6073800921440125,20.498295,71.06506,0.1784,2.1487373069480613
5KPE_2_2_1_combined_id5,1.2683357000350952,1.231558918952942,86.08833333333335,0.7,2,2,88.91898148148148,0.6073800921440125,20.498295,71.06506,0.1988,2.2235649956597223
5KPE_2_2_1_combined_id6,1.2922601699829102,1.3641911745071411,90.85074074074076,0.76,2,2,88.91898148148148,0.6073800921440125,20.498295,71.06506,0.1937,2.3201676827889903
5KPE_2_2_1_combined_id7,1.431594967842102,1.0963990688323975,90.06,0.76,2,2,88.91898148148148,0.6073800921440125,20.498295,71.06506,0.1744,2.360108552155672
5KPE_2_2_1_combined_id8,1.33549165725708,1.7971407175064087,85.81416666666667,0.72,2,2,88.91898148148148,0.6073800921440125,20.498295,71.06506,0.1698,2.649580778899016
5KPE_2_2_1_combined_id9,1.5155608654022217,1.3396835327148438,93.0112037037037,0.81,2,2,88.91898148148148,0.6073800921440125,20.498295,71.06506,0.1882,1.963860547101056
5KPE_2_2_2_combined_id1,0.9908696413040161,1.315842866897583,89.81962962962963,0.77,2,2,92.23935185185184,0.7247961759567261,20.760426,71.897865,0.1785,2.4823209974500866
5KPE_2_2_2_combined_id10,1.5111279487609863,1.2687031030654907,86.94314814814814,0.72,2,2,92.23935185185184,0.7247961759567261,20.760426,71.897865,0.1794,2.4534007884837963
5KPE_2_2_2_combined_id11,0.9334531426429749,1.7292717695236206,92.50944444444444,0.82,2,2,92.23935185185184,0.7247961759567261,20.760426,71.897865,0.1704,2.421911451551649
5KPE_2_2_2_combined_id12,11.662808418273926,11.63374137878418,85.69351851851852,0.72,2,2,92.23935185185184,0.7247961759567261,20.760426,71.897865,0.2025,2.251966405797888
5KPE_2_2_2_combined_id13,10.560917854309082,10.280611991882324,82.97111111111111,0.68,2,2,92.23935185185184,0.7247961759567261,20.760426,71.897865,0.1938,2.201885647243924
5KPE_2_2_2_combined_id14,1.6838161945343018,1.2970081567764282,90.1875925925926,0.77,2,2,92.23935185185184,0.7247961759567261,20.760426,71.897865,0.1963,2.1387846204969616
5KPE_2_2_2_combined_id15,3.694025754928589,4.259746074676514,84.71472222222222,0.63,2,2,92.23935185185184,0.7247961759567261,20.760426,71.897865,0.1852,2.3280732896592884
5KPE_2_2_2_combined_id16,1.3725396394729614,1.2917338609695435,87.72240740740745,0.72,2,2,92.23935185185184,0.7247961759567261,20.760426,71.897865,0.1887,2.1191238120750144
5KPE_2_2_2_combined_id17,1.2873985767364502,1.6698205471038818,94.04046296296298,0.85,2,2,92.23935185185184,0.7247961759567261,20.760426,71.897865,0.1926,2.331556249547888
5KPE_2_2_2_combined_id18,10.596688270568848,11.334029197692871,79.4862962962963,0.65,2,2,92.23935185185184,0.7247961759567261,20.760426,71.897865,0.1755,2.3412837275752314
5KPE_2_2_2_combined_id19,1.4552258253097534,1.2227040529251099,87.46490740740741,0.72,2,2,92.23935185185184,0.7247961759567261,20.760426,71.897865,0.1694,2.213004783347801
5KPE_2_2_2_combined_id20,1.5882750749588013,1.2016494274139404,89.5813888888889,0.7,2,2,92.23935185185184,0.7247961759567261,20.760426,71.897865,0.1996,2.1016031901041665
5KPE_2_2_2_combined_id21,1.7496211528778076,1.3284971714019775,87.91953703703703,0.77,2,2,92.23935185185184,0.7247961759567261,20.760426,71.897865,0.1761,2.484458358199508
5KPE_2_2_2_combined_id22,1.443882942199707,1.2539688348770142,90.85666666666668,0.78,2,2,92.23935185185184,0.7247961759567261,20.760426,71.897865,0.1882,2.2349330760814525
5KPE_2_2_2_combined_id23,1.2246149778366089,1.603762149810791,90.44907407407408,0.78,2,2,92.23935185185184,0.7247961759567261,20.760426,71.897865,0.1896,2.422776116265191
5KPE_2_2_2_combined_id24,1.4750877618789673,1.0429271459579468,86.83333333333333,0.71,2,2,92.23935185185184,0.7247961759567261,20.760426,71.897865,0.1869,2.3358247545030384
5KPE_2_2_2_combined_id3,1.2821030616760254,1.5524265766143799,88.24157407407405,0.75,2,2,92.23935185185184,0.7247961759567261,20.760426,71.897865,0.1841,2.3952659324363426
5KPE_2_2_2_combined_id4,1.2982829809188843,1.5774561166763306,90.39842592592592,0.8,2,2,92.23935185185184,0.7247961759567261,20.760426,71.897865,0.1867,2.6485022085684315
5KPE_2_2_2_combined_id5,1.3936386108398438,1.2790372371673584,91.42074074074073,0.79,2,2,92.23935185185184,0.7247961759567261,20.760426,71.897865,0.1831,2.3113719798900463
5KPE_2_2_2_combined_id6,1.61024010181427,1.4588390588760376,88.62324074074074,0.73,2,2,92.23935185185184,0.7247961759567261,20.760426,71.897865,0.1708,2.403674655490452
5KPE_2_2_2_combined_id7,1.4667679071426392,1.6930441856384277,85.90342592592593,0.71,2,2,92.23935185185184,0.7247961759567261,20.760426,71.897865,0.1586,2.46859289098669
5KPE_2_2_2_combined_id8,10.856322288513184,10.994270324707031,81.22805555555558,0.63,2,2,92.23935185185184,0.7247961759567261,20.760426,71.897865,0.1873,2.381683349609375
5KPE_2_2_2_combined_id9,3.4476380348205566,3.718193292617798,85.88842592592592,0.7,2,2,92.23935185185184,0.7247961759567261,20.760426,71.897865,0.1847,2.415079187463831
5KPE_2_2_3_combined_id1,1.5541584491729736,1.1250767707824707,86.44527777777778,0.71,2,2,90.62250000000002,0.909903883934021,21.133627,71.355736,0.2148,1.9890903896755645
5KPE_2_2_3_combined_id10,1.4276795387268066,1.1745644807815552,84.7535185185185,0.68,2,2,90.62250000000002,0.909903883934021,21.133627,71.355736,0.1943,1.9022308632179543
5KPE_2_2_3_combined_id11,1.1381676197052002,1.2084629535675049,90.24879629629628,0.76,2,2,90.62250000000002,0.909903883934021,21.133627,71.355736,0.1863,2.384105258517795
5KPE_2_2_3_combined_id12,10.146809577941895,10.899295806884766,72.39472222222223,0.59,2,2,90.62250000000002,0.909903883934021,21.133627,71.355736,0.2001,2.112414889865452
5KPE_2_2_3_combined_id13,1.7050594091415405,1.2702747583389282,87.51499999999999,0.75,2,2,90.62250000000002,0.909903883934021,21.133627,71.355736,0.2106,2.043569211606626
5KPE_2_2_3_combined_id14,1.8243193626403809,0.9583860039710999,87.92611111111111,0.72,2,2,90.62250000000002,0.909903883934021,21.133627,71.355736,0.1923,2.040516040943287
5KPE_2_2_3_combined_id15,1.547016978263855,1.258925199508667,87.08740740740738,0.75,2,2,90.62250000000002,0.909903883934021,21.133627,71.355736,0.1976,2.396113077799479
5KPE_2_2_3_combined_id16,1.7498918771743774,1.0690420866012573,89.645,0.79,2,2,90.62250000000002,0.909903883934021,21.133627,71.355736,0.1938,2.067079897280093
5KPE_2_2_3_combined_id17,1.1672776937484741,1.2267602682113647,92.2462962962963,0.81,2,2,90.62250000000002,0.909903883934021,21.133627,71.355736,0.1975,2.327376471625434
5KPE_2_2_3_combined_id18,1.5053504705429077,1.3322616815567017,92.18453703703702,0.81,2,2,90.62250000000002,0.909903883934021,21.133627,71.355736,0.2018,2.1296217176649304
5KPE_2_2_3_combined_id19,1.2013081312179565,1.3745990991592407,86.34398148148146,0.74,2,2,90.62250000000002,0.909903883934021,21.133627,71.355736,0.2095,2.292874230278863
5KPE_2_2_3_combined_id2,1.42457914352417,1.1184221506118774,88.86925925925927,0.74,2,2,90.62250000000002,0.909903883934021,21.133627,71.355736,0.2164,2.114057328965929
5KPE_2_2_3_combined_id21,1.360626220703125,1.083767294883728,81.70425925925926,0.68,2,2,90.62250000000002,0.909903883934021,21.133627,71.355736,0.178,2.3367880362051503
5KPE_2_2_3_combined_id22,1.548342227935791,2.0882184505462646,83.48453703703704,0.66,2,2,90.62250000000002,0.909903883934021,21.133627,71.355736,0.1916,2.1700801142939814
5KPE_2_2_3_combined_id23,1.347473382949829,1.5587456226348877,85.81648148148149,0.67,2,2,90.62250000000002,0.909903883934021,21.133627,71.355736,0.209,2.0898980034722223
5KPE_2_2_3_combined_id24,1.684726595878601,1.3282654285430908,87.69546296296295,0.72,2,2,90.62250000000002,0.909903883934021,21.133627,71.355736,0.1854,2.034876788104022
5KPE_2_2_3_combined_id3,1.111667513847351,1.3199310302734375,87.90046296296298,0.74,2,2,90.62250000000002,0.909903883934021,21.133627,71.355736,0.2129,2.4240937409577548
5KPE_2_2_3_combined_id4,1.7442489862442017,0.8437528014183044,87.04814814814816,0.72,2,2,90.62250000000002,0.909903883934021,21.133627,71.355736,0.1893,2.416471975821036
5KPE_2_2_3_combined_id5,1.2099189758300781,1.395334243774414,86.70518518518517,0.73,2,2,90.62250000000002,0.909903883934021,21.133627,71.355736,0.1809,2.4459070276331016
5KPE_2_2_3_combined_id6,1.680212378501892,1.2148001194000244,87.67037037037038,0.76,2,2,90.62250000000002,0.909903883934021,21.133627,71.355736,0.1967,2.0508835404007524
5KPE_2_2_3_combined_id7,1.2647229433059692,1.6870843172073364,90.13777777777776,0.77,2,2,90.62250000000002,0.909903883934021,21.133627,71.355736,0.2111,2.053248935275608
5KPE_2_2_3_combined_id8,1.2070398330688477,1.4711682796478271,88.90666666666668,0.77,2,2,90.62250000000002,0.909903883934021,21.133627,71.355736,0.184,2.4440268057364003
5KPE_2_2_3_combined_id9,1.4949047565460205,1.2460612058639526,91.5874074074074,0.79,2,2,90.62250000000002,0.909903883934021,21.133627,71.355736,0.1995,2.080031642207393
5KPE_2_2_5_combined_id1,1.1529287099838257,1.471728801727295,90.00685185185183,0.74,2,2,92.53296296296296,0.8385143280029297,20.67701,68.1722,0.201,2.3488347088849104
5KPE_2_2_5_combined_id10,2.7670772075653076,2.917598009109497,68.08138888888888,0.56,2,2,92.53296296296296,0.8385143280029297,20.67701,68.1722,0.1781,2.452373363353588
5KPE_2_2_5_combined_id11,1.556125283241272,1.440248966217041,89.34537037037036,0.78,2,2,92.53296296296296,0.8385143280029297,20.67701,68.1722,0.2049,2.218513771339699
5KPE_2_2_5_combined_id12,1.3964769840240479,1.1046150922775269,88.59324074074074,0.74,2,2,92.53296296296296,0.8385143280029297,20.67701,68.1722,0.1721,2.559981734664352
5KPE_2_2_5_combined_id13,1.174703598022461,1.3917088508605957,83.3787962962963,0.66,2,2,92.53296296296296,0.8385143280029297,20.67701,68.1722,0.1819,2.26909496166088
5KPE_2_2_5_combined_id14,1.5758594274520874,1.4536386728286743,90.0362037037037,0.8,2,2,92.53296296296296,0.8385143280029297,20.67701,68.1722,0.1892,2.45842855947989
5KPE_2_2_5_combined_id15,1.3565798997879028,1.375684142112732,88.30685185185185,0.72,2,2,92.53296296296296,0.8385143280029297,20.67701,68.1722,0.1878,2.0988358391655817
5KPE_2_2_5_combined_id16,1.1883646249771118,1.5439231395721436,92.01694444444446,0.81,2,2,92.53296296296296,0.8385143280029297,20.67701,68.1722,0.1732,2.7425257364908853
5KPE_2_2_5_combined_id17,1.208701729774475,1.40071439743042,86.65694444444445,0.7,2,2,92.53296296296296,0.8385143280029297,20.67701,68.1722,0.1658,3.0024781403718173
5KPE_2_2_5_combined_id18,10.668684005737305,11.57689380645752,74.60564814814815,0.64,2,2,92.53296296296296,0.8385143280029297,20.67701,68.1722,0.1749,2.3761413009078414
5KPE_2_2_5_combined_id19,1.5722482204437256,1.2187472581863403,90.20361111111112,0.78,2,2,92.53296296296296,0.8385143280029297,20.67701,68.1722,0.1868,2.384823551884404
5KPE_2_2_5_combined_id2,1.8723208904266357,1.513343334197998,89.94759259259257,0.77,2,2,92.53296296296296,0.8385143280029297,20.67701,68.1722,0.1731,2.2634130407262734
5KPE_2_2_5_combined_id20,1.4335908889770508,1.435344934463501,91.45925925925924,0.79,2,2,92.53296296296296,0.8385143280029297,20.67701,68.1722,0.1792,2.407923380533854
5KPE_2_2_5_combined_id21,1.391693353652954,1.5501502752304077,91.29027777777776,0.79,2,2,92.53296296296296,0.8385143280029297,20.67701,68.1722,0.1929,2.5941653781467013
5KPE_2_2_5_combined_id22,10.456685066223145,11.40978717803955,73.55564814814814,0.62,2,2,92.53296296296296,0.8385143280029297,20.67701,68.1722,0.2008,2.016659206814236
5KPE_2_2_5_combined_id23,1.211773157119751,1.6139875650405884,87.00185185185184,0.73,2,2,92.53296296296296,0.8385143280029297,20.67701,68.1722,0.168,2.449101200810185
5KPE_2_2_5_combined_id24,0.9936813712120056,1.2269960641860962,87.95425925925927,0.7,2,2,92.53296296296296,0.8385143280029297,20.67701,68.1722,0.189,2.362901899549696
5KPE_2_2_5_combined_id3,1.2123050689697266,1.8243261575698853,92.92287037037038,0.81,2,2,92.53296296296296,0.8385143280029297,20.67701,68.1722,0.2091,2.412996927897136
5KPE_2_2_5_combined_id4,1.5232380628585815,1.2565944194793701,88.13611111111112,0.76,2,2,92.53296296296296,0.8385143280029297,20.67701,68.1722,0.1821,2.459504021538629
5KPE_2_2_5_combined_id5,1.8860149383544922,1.3100450038909912,90.3646296296296,0.79,2,2,92.53296296296296,0.8385143280029297,20.67701,68.1722,0.2158,2.238458421495226
5KPE_2_2_5_combined_id6,1.6888787746429443,1.284460425376892,90.4174074074074,0.8,2,2,92.53296296296296,0.8385143280029297,20.67701,68.1722,0.1801,2.4286696822554976
5KPE_2_2_5_combined_id7,1.3810980319976807,1.3166999816894531,93.34759259259256,0.83,2,2,92.53296296296296,0.8385143280029297,20.67701,68.1722,0.1905,2.501894067834925
5KPE_2_2_5_combined_id8,1.515677571296692,1.1914958953857422,92.21787037037036,0.8,2,2,92.53296296296296,0.8385143280029297,20.67701,68.1722,0.1905,2.6245724713360823
5KPE_2_2_5_combined_id9,1.4888286590576172,1.5792728662490845,83.62944444444445,0.65,2,2,92.53296296296296,0.8385143280029297,20.67701,68.1722,0.2013,2.258502253779658
5KPE_2_2_6_combined_id1,1.3954449892044067,1.1674079895019531,87.38101851851854,0.76,2,2,93.75148148148148,0.8996102213859558,20.985851,70.200714,0.1824,2.5545871875904225
5KPE_2_2_6_combined_id10,1.6212129592895508,1.1807892322540283,92.06675925925924,0.81,2,2,93.75148148148148,0.8996102213859558,20.985851,70.200714,0.1984,2.4345499674479165
5KPE_2_2_6_combined_id11,1.5874799489974976,1.2133702039718628,90.91314814814814,0.79,2,2,93.75148148148148,0.8996102213859558,20.985851,70.200714,0.1756,2.6159489949544272
5KPE_2_2_6_combined_id12,1.5371941328048706,1.556659460067749,89.4038888888889,0.79,2,2,93.75148148148148,0.8996102213859558,20.985851,70.200714,0.1777,2.817313865379051
5KPE_2_2_6_combined_id13,1.6478062868118286,1.0355831384658813,89.23259259259258,0.77,2,2,93.75148148148148,0.8996102213859558,20.985851,70.200714,0.1745,2.4684600830078125
5KPE_2_2_6_combined_id14,1.329819917678833,1.3979313373565674,90.90935185185188,0.78,2,2,93.75148148148148,0.8996102213859558,20.985851,70.200714,0.1905,2.434477346914786
5KPE_2_2_6_combined_id15,1.4546602964401245,1.1345958709716797,89.56,0.77,2,2,93.75148148148148,0.8996102213859558,20.985851,70.200714,0.1832,2.490804036458333
5KPE_2_2_6_combined_id16,1.7345945835113525,1.2962769269943237,84.55250000000002,0.7,2,2,93.75148148148148,0.8996102213859558,20.985851,70.200714,0.1986,2.34774003205476
5KPE_2_2_6_combined_id17,1.998878002166748,1.6698025465011597,89.2462037037037,0.78,2,2,93.75148148148148,0.8996102213859558,20.985851,70.200714,0.1784,2.3616519504123263
5KPE_2_2_6_combined_id18,1.5077062845230103,1.3709319829940796,93.61824074074072,0.84,2,2,93.75148148148148,0.8996102213859558,20.985851,70.200714,0.1679,2.9070267853913485
5KPE_2_2_6_combined_id19,1.6161563396453857,1.2692646980285645,86.61462962962963,0.72,2,2,93.75148148148148,0.8996102213859558,20.985851,70.200714,0.1793,2.4457968252676503
5KPE_2_2_6_combined_id2,1.0358936786651611,1.4947057962417603,90.32416666666668,0.78,2,2,93.75148148148148,0.8996102213859558,20.985851,70.200714,0.1796,2.716725949887876
5KPE_2_2_6_combined_id20,1.8171706199645996,1.1155674457550049,86.41046296296297,0.75,2,2,93.75148148148148,0.8996102213859558,20.985851,70.200714,0.1776,2.113329428213614
5KPE_2_2_6_combined_id21,1.2612253427505493,1.5712921619415283,88.19148148148149,0.75,2,2,93.75148148148148,0.8996102213859558,20.985851,70.200714,0.1862,2.920678315339265
5KPE_2_2_6_combined_id22,1.3142775297164917,1.3678491115570068,87.93574074074074,0.76,2,2,93.75148148148148,0.8996102213859558,20.985851,70.200714,0.1866,2.2928199768066406
5KPE_2_2_6_combined_id23,1.5298547744750977,1.093164086341858,91.64018518518516,0.79,2,2,93.75148148148148,0.8996102213859558,20.985851,70.200714,0.1779,2.35465325249566
5KPE_2_2_6_combined_id24,2.1215567588806152,1.7276074886322021,89.29074074074073,0.77,2,2,93.75148148148148,0.8996102213859558,20.985851,70.200714,0.1674,2.312378777398004
5KPE_2_2_6_combined_id3,1.8190265893936157,1.1022578477859497,87.08944444444444,0.72,2,2,93.75148148148148,0.8996102213859558,20.985851,70.200714,0.1827,2.2446119520399304
5KPE_2_2_6_combined_id4,1.5737661123275757,1.229287028312683,92.52564814814816,0.82,2,2,93.75148148148148,0.8996102213859558,20.985851,70.200714,0.1887,2.3910395304361978
5KPE_2_2_6_combined_id5,1.8975237607955933,1.1919872760772705,89.71064814814817,0.79,2,2,93.75148148148148,0.8996102213859558,20.985851,70.200714,0.1901,2.2241688481083624
5KPE_2_2_6_combined_id6,1.527708649635315,1.3661079406738281,90.3287962962963,0.77,2,2,93.75148148148148,0.8996102213859558,20.985851,70.200714,0.1974,2.324749134205006
5KPE_2_2_6_combined_id7,1.2928601503372192,1.3036848306655884,89.74120370370372,0.77,2,2,93.75148148148148,0.8996102213859558,20.985851,70.200714,0.1904,2.352236147280093
5KPE_2_2_6_combined_id8,1.6865977048873901,1.5237698554992676,88.00564814814813,0.74,2,2,93.75148148148148,0.8996102213859558,20.985851,70.200714,0.175,2.5148354989511
5KPE_2_2_6_combined_id9,1.7308913469314575,1.2696304321289062,86.9186111111111,0.76,2,2,93.75148148148148,0.8996102213859558,20.985851,70.200714,0.1789,2.5386067143193
5KPE_2_2_7_combined_id1,1.539501667022705,1.207654595375061,93.23935185185184,0.83,2,2,87.78296296296296,0.7020296454429626,21.243507,71.84392,0.1925,2.5568522700557
5KPE_2_2_7_combined_id10,1.4082283973693848,1.2618728876113892,86.81481481481481,0.69,2,2,87.78296296296296,0.7020296454429626,21.243507,71.84392,0.2184,2.2451794942220054
5KPE_2_2_7_combined_id11,5.705578804016113,5.701927185058594,77.95333333333332,0.59,2,2,87.78296296296296,0.7020296454429626,21.243507,71.84392,0.1796,2.4551928484881365
5KPE_2_2_7_combined_id12,1.358528971672058,1.4471441507339478,87.45962962962962,0.72,2,2,87.78296296296296,0.7020296454429626,21.243507,71.84392,0.2097,2.43221198187934
5KPE_2_2_7_combined_id13,1.4909542798995972,1.2454167604446411,89.27305555555556,0.75,2,2,87.78296296296296,0.7020296454429626,21.243507,71.84392,0.1988,2.4723917643229165
5KPE_2_2_7_combined_id14,1.092852234840393,1.5668063163757324,90.20583333333332,0.76,2,2,87.78296296296296,0.7020296454429626,21.243507,71.84392,0.181,2.661836412217882
5KPE_2_2_7_combined_id15,1.093398094177246,1.4478319883346558,89.28851851851853,0.74,2,2,87.78296296296296,0.7020296454429626,21.243507,71.84392,0.1872,2.707803796838831
5KPE_2_2_7_combined_id16,9.1580228805542,9.365602493286133,77.48787037037037,0.65,2,2,87.78296296296296,0.7020296454429626,21.243507,71.84392,0.1727,2.806256894712095
5KPE_2_2_7_combined_id17,0.9644124507904053,1.5658810138702393,90.50212962962964,0.77,2,2,87.78296296296296,0.7020296454429626,21.243507,71.84392,0.1909,2.744098522044994
5KPE_2_2_7_combined_id18,11.586302757263184,11.35152816772461,75.45888888888891,0.61,2,2,87.78296296296296,0.7020296454429626,21.243507,71.84392,0.2227,2.1214141845703125
5KPE_2_2_7_combined_id19,1.5265740156173706,1.8561511039733887,85.2585185185185,0.74,2,2,87.78296296296296,0.7020296454429626,21.243507,71.84392,0.1794,2.5062580815068
5KPE_2_2_7_combined_id2,1.3278414011001587,2.013305902481079,80.50027777777778,0.64,2,2,87.78296296296296,0.7020296454429626,21.243507,71.84392,0.1705,2.8042579933449074
5KPE_2_2_7_combined_id20,2.005791425704956,1.5943641662597656,87.56120370370371,0.75,2,2,87.78296296296296,0.7020296454429626,21.243507,71.84392,0.1875,2.436587580928096
5KPE_2_2_7_combined_id21,10.710395812988281,10.467730522155762,82.37768518518517,0.7,2,2,87.78296296296296,0.7020296454429626,21.243507,71.84392,0.1924,2.1397957978425204
5KPE_2_2_7_combined_id22,1.4219777584075928,1.4422687292099,85.31101851851854,0.69,2,2,87.78296296296296,0.7020296454429626,21.243507,71.84392,0.1945,2.2510881777162903
5KPE_2_2_7_combined_id23,1.4422461986541748,1.1584136486053467,91.43990740740745,0.79,2,2,87.78296296296296,0.7020296454429626,21.243507,71.84392,0.2091,2.3367637351707176
5KPE_2_2_7_combined_id24,1.5544681549072266,1.4082987308502197,86.23555555555555,0.75,2,2,87.78296296296296,0.7020296454429626,21.243507,71.84392,0.1895,2.5838741726345487
5KPE_2_2_7_combined_id3,1.6007869243621826,1.6853352785110474,89.24388888888888,0.76,2,2,87.78296296296296,0.7020296454429626,21.243507,71.84392,0.1739,2.620412755895544
5KPE_2_2_7_combined_id4,1.4927794933319092,1.473105549812317,89.09499999999998,0.75,2,2,87.78296296296296,0.7020296454429626,21.243507,71.84392,0.1764,2.4596820407443576
5KPE_2_2_7_combined_id5,9.819467544555664,9.54162883758545,86.24981481481483,0.73,2,2,87.78296296296296,0.7020296454429626,21.243507,71.84392,0.1879,2.602079603407118
5KPE_2_2_7_combined_id6,1.2406790256500244,1.5182476043701172,79.58185185185185,0.65,2,2,87.78296296296296,0.7020296454429626,21.243507,71.84392,0.1891,2.36080480504919
5KPE_2_2_7_combined_id7,1.1743215322494507,1.5646421909332275,90.98194444444444,0.8,2,2,87.78296296296296,0.7020296454429626,21.243507,71.84392,0.1957,2.2544648912217884
5KPE_2_2_7_combined_id8,1.8154475688934326,1.7904387712478638,86.17027777777777,0.72,2,2,87.78296296296296,0.7020296454429626,21.243507,71.84392,0.1794,2.4980400933159723
5KPE_2_2_7_combined_id9,1.8045793771743774,1.5865037441253662,81.63074074074073,0.67,2,2,87.78296296296296,0.7020296454429626,21.243507,71.84392,0.1958,2.262081852665654
5KPE_2_2_8_combined_id1,1.7597602605819702,0.8826014995574951,89.63287037037037,0.76,2,2,89.0903703703704,0.8381054997444153,21.046297,68.51644,0.1914,2.238509990550853
5KPE_2_2_8_combined_id10,1.4425231218338013,1.1227610111236572,85.77722222222225,0.69,2,2,89.0903703703704,0.8381054997444153,21.046297,68.51644,0.174,2.29689449734158
5KPE_2_2_8_combined_id11,1.2531098127365112,1.5116139650344849,83.67398148148149,0.68,2,2,89.0903703703704,0.8381054997444153,21.046297,68.51644,0.1718,2.508315192328559
5KPE_2_2_8_combined_id12,1.5393195152282715,1.2342071533203125,90.42324074074077,0.78,2,2,89.0903703703704,0.8381054997444153,21.046297,68.51644,0.198,2.211290853994864
5KPE_2_2_8_combined_id13,1.50773024559021,1.009403944015503,88.18925925925925,0.74,2,2,89.0903703703704,0.8381054997444153,21.046297,68.51644,0.1918,2.106836107042101
5KPE_2_2_8_combined_id14,1.4179757833480835,1.0085582733154297,87.7024074074074,0.72,2,2,89.0903703703704,0.8381054997444153,21.046297,68.51644,0.2099,2.2472799795645253
5KPE_2_2_8_combined_id16,1.6580328941345215,2.277029037475586,85.27546296296295,0.67,2,2,89.0903703703704,0.8381054997444153,21.046297,68.51644,0.1753,2.638567889178241
5KPE_2_2_8_combined_id17,10.97631549835205,10.787785530090332,84.51435185185184,0.7,2,2,89.0903703703704,0.8381054997444153,21.046297,68.51644,0.1996,1.9756322790075231
5KPE_2_2_8_combined_id18,1.7443525791168213,1.2033458948135376,84.20453703703706,0.67,2,2,89.0903703703704,0.8381054997444153,21.046297,68.51644,0.1842,2.260406352855541
5KPE_2_2_8_combined_id19,1.8121801614761353,0.9782282710075378,87.15064814814815,0.75,2,2,89.0903703703704,0.8381054997444153,21.046297,68.51644,0.1823,2.380311754014757
5KPE_2_2_8_combined_id2,2.7741029262542725,2.419546365737915,83.24944444444445,0.66,2,2,89.0903703703704,0.8381054997444153,21.046297,68.51644,0.1888,2.4493399726019964
5KPE_2_2_8_combined_id20,1.396357536315918,1.0831810235977173,85.33601851851853,0.71,2,2,89.0903703703704,0.8381054997444153,21.046297,68.51644,0.1941,2.362556316234447
5KPE_2_2_8_combined_id21,6.238161563873291,6.440049648284912,79.67648148148149,0.61,2,2,89.0903703703704,0.8381054997444153,21.046297,68.51644,0.2132,2.0784629539207176
5KPE_2_2_8_combined_id22,1.9155021905899048,0.9043747186660767,86.39268518518519,0.74,2,2,89.0903703703704,0.8381054997444153,21.046297,68.51644,0.1982,2.27671785707827
5KPE_2_2_8_combined_id23,1.4482085704803467,1.2700798511505127,91.2374074074074,0.77,2,2,89.0903703703704,0.8381054997444153,21.046297,68.51644,0.1891,2.388967443395544
5KPE_2_2_8_combined_id24,1.4191359281539917,1.1761890649795532,89.0427777777778,0.77,2,2,89.0903703703704,0.8381054997444153,21.046297,68.51644,0.1952,2.629761589898004
5KPE_2_2_8_combined_id3,1.404172420501709,1.065488338470459,84.68962962962964,0.68,2,2,89.0903703703704,0.8381054997444153,21.046297,68.51644,0.189,2.332102316397208
5KPE_2_2_8_combined_id4,1.5542261600494385,1.5027034282684326,86.51694444444443,0.7,2,2,89.0903703703704,0.8381054997444153,21.046297,68.51644,0.186,2.2954259801793984
5KPE_2_2_8_combined_id5,1.5499120950698853,1.4446748495101929,80.41092592592594,0.63,2,2,89.0903703703704,0.8381054997444153,21.046297,68.51644,0.1779,2.255869547526041
5KPE_2_2_8_combined_id6,1.4427005052566528,0.9981223940849304,90.73796296296295,0.78,2,2,89.0903703703704,0.8381054997444153,21.046297,68.51644,0.1761,2.460238703974971
5KPE_2_2_8_combined_id7,1.990123987197876,0.9751702547073364,88.04092592592595,0.75,2,2,89.0903703703704,0.8381054997444153,21.046297,68.51644,0.1844,2.171211807816117
5KPE_2_2_8_combined_id8,1.5909477472305298,1.161441445350647,86.75416666666668,0.74,2,2,89.0903703703704,0.8381054997444153,21.046297,68.51644,0.1736,2.269256591796875
5KPE_2_2_8_combined_id9,9.503689765930176,8.823779106140137,70.99851851851852,0.57,2,2,89.0903703703704,0.8381054997444153,21.046297,68.51644,0.1771,2.1935351336443865
5KPE_2_2_9_combined_id1,2.353558301925659,2.2244133949279785,81.36249999999998,0.68,2,2,90.62657407407409,0.8550860285758972,20.472088,69.20877,0.1907,2.1301197475857205
5KPE_2_2_9_combined_id10,1.5126533508300781,1.5277982950210571,88.76564814814816,0.77,2,2,90.62657407407409,0.8550860285758972,20.472088,69.20877,0.1912,2.4681995533130787
5KPE_2_2_9_combined_id11,1.7112194299697876,1.1408308744430542,86.96064814814815,0.72,2,2,90.62657407407409,0.8550860285758972,20.472088,69.20877,0.1728,2.250393620243779
5KPE_2_2_9_combined_id12,1.8281559944152832,2.351102113723755,76.68870370370371,0.59,2,2,90.62657407407409,0.8550860285758972,20.472088,69.20877,0.1841,2.3801241274233216
5KPE_2_2_9_combined_id13,1.0774403810501099,1.4913040399551392,85.75407407407407,0.68,2,2,90.62657407407409,0.8550860285758972,20.472088,69.20877,0.1703,2.4467490867332176
5KPE_2_2_9_combined_id14,1.928040862083435,1.362027645111084,88.84712962962963,0.77,2,2,90.62657407407409,0.8550860285758972,20.472088,69.20877,0.1743,2.679212782118056
5KPE_2_2_9_combined_id15,1.6711989641189575,1.8548556566238403,89.93259259259258,0.76,2,2,90.62657407407409,0.8550860285758972,20.472088,69.20877,0.1718,2.46675279405382
5KPE_2_2_9_combined_id16,1.2278484106063843,1.411953091621399,89.60324074074072,0.78,2,2,90.62657407407409,0.8550860285758972,20.472088,69.20877,0.1804,2.5125223795572915
5KPE_2_2_9_combined_id17,1.5922209024429321,1.3270456790924072,90.04759259259261,0.81,2,2,90.62657407407409,0.8550860285758972,20.472088,69.20877,0.169,2.313227335611979
5KPE_2_2_9_combined_id18,1.604675054550171,1.599573016166687,82.78537037037037,0.64,2,2,90.62657407407409,0.8550860285758972,20.472088,69.20877,0.1811,2.17906160707827
5KPE_2_2_9_combined_id19,1.5871714353561401,1.8880047798156738,86.68824074074075,0.73,2,2,90.62657407407409,0.8550860285758972,20.472088,69.20877,0.1794,2.656428584346065
5KPE_2_2_9_combined_id2,1.466037392616272,1.3499013185501099,85.2913888888889,0.71,2,2,90.62657407407409,0.8550860285758972,20.472088,69.20877,0.191,2.2066911768030235
5KPE_2_2_9_combined_id20,1.3120063543319702,1.8119090795516968,89.3036111111111,0.73,2,2,90.62657407407409,0.8550860285758972,20.472088,69.20877,0.1786,2.3429881908275463
5KPE_2_2_9_combined_id21,1.842519998550415,1.310694932937622,88.92509259259258,0.76,2,2,90.62657407407409,0.8550860285758972,20.472088,69.20877,0.1744,2.725136368362992
5KPE_2_2_9_combined_id22,1.3976246118545532,1.7553188800811768,90.53129629629628,0.77,2,2,90.62657407407409,0.8550860285758972,20.472088,69.20877,0.1898,2.31158447265625
5KPE_2_2_9_combined_id23,1.2429300546646118,1.5849781036376953,90.32944444444443,0.77,2,2,90.62657407407409,0.8550860285758972,20.472088,69.20877,0.1708,2.4458745320638022
5KPE_2_2_9_combined_id24,1.7261823415756226,1.3198837041854858,90.00333333333334,0.79,2,2,90.62657407407409,0.8550860285758972,20.472088,69.20877,0.1739,2.594997829861111
5KPE_2_2_9_combined_id3,1.704316258430481,1.3729355335235596,79.47509259259259,0.68,2,2,90.62657407407409,0.8550860285758972,20.472088,69.20877,0.1785,2.1343550505461515
5KPE_2_2_9_combined_id4,1.3730756044387817,1.3040852546691895,83.04527777777777,0.66,2,2,90.62657407407409,0.8550860285758972,20.472088,69.20877,0.1782,2.4964274653682
5KPE_2_2_9_combined_id5,0.9691169857978821,1.9563744068145752,92.01583333333336,0.82,2,2,90.62657407407409,0.8550860285758972,20.472088,69.20877,0.1836,2.635494656032986
5KPE_2_2_9_combined_id6,1.0475844144821167,1.6698225736618042,89.73240740740741,0.79,2,2,90.62657407407409,0.8550860285758972,20.472088,69.20877,0.1755,2.5114469174985534
5KPE_2_2_9_combined_id7,3.759180784225464,3.1302874088287354,82.88935185185186,0.67,2,2,90.62657407407409,0.8550860285758972,20.472088,69.20877,0.1703,2.613289727105035
5KPE_2_2_9_combined_id8,10.531339645385742,10.022940635681152,78.07805555555554,0.65,2,2,90.62657407407409,0.8550860285758972,20.472088,69.20877,0.1783,2.383668122468172
5KPE_2_2_9_combined_id9,1.90041983127594,1.7375617027282715,85.81907407407407,0.71,2,2,90.62657407407409,0.8550860285758972,20.472088,69.20877,0.1707,2.609900297941985
5KPE_2_4_0_combined_id1,1.400660753250122,1.6312918663024902,87.81564814814811,0.74,2,4,89.2187037037037,0.7731134295463562,20.626726,70.6633,0.2076,2.0678804185655384
5KPE_2_4_0_combined_id10,1.165428638458252,1.410421371459961,88.52166666666665,0.72,2,4,89.2187037037037,0.7731134295463562,20.626726,70.6633,0.181,2.164870933250145
5KPE_2_4_0_combined_id11,1.2499710321426392,1.6529687643051147,86.70138888888889,0.72,2,4,89.2187037037037,0.7731134295463562,20.626726,70.6633,0.1876,2.170866224500868
5KPE_2_4_0_combined_id12,9.470849990844727,9.553829193115234,79.56638888888891,0.64,2,4,89.2187037037037,0.7731134295463562,20.626726,70.6633,0.2207,2.02878980283384
5KPE_2_4_0_combined_id13,1.0923058986663818,1.9598957300186157,88.0024074074074,0.72,2,4,89.2187037037037,0.7731134295463562,20.626726,70.6633,0.1939,2.49011880380136
5KPE_2_4_0_combined_id14,1.2123327255249023,1.9370514154434204,83.33583333333335,0.71,2,4,89.2187037037037,0.7731134295463562,20.626726,70.6633,0.1677,2.2847842463740595
5KPE_2_4_0_combined_id15,1.7246105670928955,1.952776551246643,91.57805555555557,0.82,2,4,89.2187037037037,0.7731134295463562,20.626726,70.6633,0.2055,2.2306060791015625
5KPE_2_4_0_combined_id16,0.8641602993011475,2.111515522003174,91.4926851851852,0.78,2,4,89.2187037037037,0.7731134295463562,20.626726,70.6633,0.1846,2.6801085295500577
5KPE_2_4_0_combined_id17,2.0306596755981445,0.9910053014755249,83.52499999999999,0.71,2,4,89.2187037037037,0.7731134295463562,20.626726,70.6633,0.176,2.0058846650300204
5KPE_2_4_0_combined_id18,3.1149144172668457,3.405803918838501,73.31796296296295,0.61,2,4,89.2187037037037,0.7731134295463562,20.626726,70.6633,0.1785,2.0011396054868347
5KPE_2_4_0_combined_id19,1.791678547859192,2.3559255599975586,86.39907407407406,0.74,2,4,89.2187037037037,0.7731134295463562,20.626726,70.6633,0.1745,2.49172521520544
5KPE_2_4_0_combined_id2,1.0942893028259277,1.0886242389678955,87.95925925925927,0.75,2,4,89.2187037037037,0.7731134295463562,20.626726,70.6633,0.1727,2.3936355025679976
5KPE_2_4_0_combined_id20,1.690836787223816,1.3972524404525757,81.38601851851853,0.64,2,4,89.2187037037037,0.7731134295463562,20.626726,70.6633,0.1853,2.1776931197554976
5KPE_2_4_0_combined_id21,2.9234983921051025,2.76243257522583,74.00009259259258,0.6,2,4,89.2187037037037,0.7731134295463562,20.626726,70.6633,0.1696,2.208294903790509
5KPE_2_4_0_combined_id22,7.4175896644592285,8.030511856079102,75.60407407407408,0.65,2,4,89.2187037037037,0.7731134295463562,20.626726,70.6633,0.1688,2.267470465766059
5KPE_2_4_0_combined_id23,10.234058380126953,9.425110816955566,77.8887962962963,0.6,2,4,89.2187037037037,0.7731134295463562,20.626726,70.6633,0.1862,2.202933982566551
5KPE_2_4_0_combined_id24,1.2330807447433472,1.0715538263320923,92.16638888888892,0.83,2,4,89.2187037037037,0.7731134295463562,20.626726,70.6633,0.201,2.289433797200521
5KPE_2_4_0_combined_id4,1.52748441696167,1.3252466917037964,89.38601851851853,0.8,2,4,89.2187037037037,0.7731134295463562,20.626726,70.6633,0.186,2.1185054072627314
5KPE_2_4_0_combined_id5,1.2647602558135986,1.5166230201721191,88.99166666666669,0.78,2,4,89.2187037037037,0.7731134295463562,20.626726,70.6633,0.194,2.356280291521991
5KPE_2_4_0_combined_id6,1.6139878034591675,1.525847315788269,85.54157407407405,0.71,2,4,89.2187037037037,0.7731134295463562,20.626726,70.6633,0.1714,2.5016242133246527
5KPE_2_4_0_combined_id7,1.2570313215255737,2.030860662460327,92.80444444444448,0.82,2,4,89.2187037037037,0.7731134295463562,20.626726,70.6633,0.1914,2.25667628535518
5KPE_2_4_0_combined_id8,1.2400988340377808,1.8141014575958252,87.32018518518518,0.72,2,4,89.2187037037037,0.7731134295463562,20.626726,70.6633,0.185,2.203891471580223
5KPE_2_4_0_combined_id9,1.401248574256897,1.5296273231506348,88.90833333333332,0.77,2,4,89.2187037037037,0.7731134295463562,20.626726,70.6633,0.1816,2.369299570719401
5KPE_2_4_1_combined_id1,11.253181457519531,11.094925880432129,87.08222222222221,0.75,2,4,87.99240740740743,0.9228609800338744,20.047535,70.46342,0.193,2.3295663904260704
5KPE_2_4_1_combined_id10,11.254317283630371,11.331276893615723,74.49898148148148,0.6,2,4,87.99240740740743,0.9228609800338744,20.047535,70.46342,0.1866,2.406715675636574
5KPE_2_4_1_combined_id11,1.3037720918655396,1.4565708637237549,84.34916666666666,0.63,2,4,87.99240740740743,0.9228609800338744,20.047535,70.46342,0.1917,2.139083297164352
5KPE_2_4_1_combined_id12,1.4235682487487793,1.4487489461898804,86.91564814814816,0.75,2,4,87.99240740740743,0.9228609800338744,20.047535,70.46342,0.2028,2.275192543312355
5KPE_2_4_1_combined_id13,1.3788433074951172,2.0123093128204346,76.35944444444443,0.61,2,4,87.99240740740743,0.9228609800338744,20.047535,70.46342,0.2071,2.451030589916088
5KPE_2_4_1_combined_id14,1.2304713726043701,1.422135829925537,90.08648148148148,0.77,2,4,87.99240740740743,0.9228609800338744,20.047535,70.46342,0.1864,2.46145177770544
5KPE_2_4_1_combined_id15,1.8713042736053467,1.5545213222503662,86.68500000000002,0.75,2,4,87.99240740740743,0.9228609800338744,20.047535,70.46342,0.1655,2.444088688603154
5KPE_2_4_1_combined_id16,1.2273155450820923,1.6707963943481445,92.88305555555556,0.81,2,4,87.99240740740743,0.9228609800338744,20.047535,70.46342,0.2032,2.44306324146412
5KPE_2_4_1_combined_id17,1.6217347383499146,1.4415557384490967,87.06722222222221,0.7,2,4,87.99240740740743,0.9228609800338744,20.047535,70.46342,0.1694,2.489485564055266
5KPE_2_4_1_combined_id18,1.122323989868164,1.7698290348052979,91.04722222222225,0.81,2,4,87.99240740740743,0.9228609800338744,20.047535,70.46342,0.1686,2.5727126510054976
5KPE_2_4_1_combined_id19,1.2376625537872314,1.4757565259933472,91.26092592592596,0.77,2,4,87.99240740740743,0.9228609800338744,20.047535,70.46342,0.1903,2.564171685112848
5KPE_2_4_1_combined_id2,1.1500319242477417,1.8041701316833496,92.16287037037038,0.82,2,4,87.99240740740743,0.9228609800338744,20.047535,70.46342,0.2021,2.572506374782986
5KPE_2_4_1_combined_id20,1.2913235425949097,1.3959025144577026,83.78657407407408,0.67,2,4,87.99240740740743,0.9228609800338744,20.047535,70.46342,0.1765,2.731590553566261
5KPE_2_4_1_combined_id21,1.49491286277771,1.3168413639068604,89.52342592592589,0.78,2,4,87.99240740740743,0.9228609800338744,20.047535,70.46342,0.1951,2.136077315719039
5KPE_2_4_1_combined_id22,4.185031890869141,5.433046340942383,66.79583333333333,0.6,2,4,87.99240740740743,0.9228609800338744,20.047535,70.46342,0.1945,2.503695735224971
5KPE_2_4_1_combined_id23,1.803507685661316,1.495922327041626,86.42129629629629,0.68,2,4,87.99240740740743,0.9228609800338744,20.047535,70.46342,0.206,2.062843605324074
5KPE_2_4_1_combined_id24,1.1787875890731812,1.696082353591919,85.78666666666666,0.72,2,4,87.99240740740743,0.9228609800338744,20.047535,70.46342,0.1773,2.3680702492042824
5KPE_2_4_1_combined_id3,1.3297275304794312,1.399504542350769,88.0209259259259,0.71,2,4,87.99240740740743,0.9228609800338744,20.047535,70.46342,0.167,2.44721108895761
5KPE_2_4_1_combined_id4,1.362777829170227,1.6212559938430786,93.00435185185188,0.84,2,4,87.99240740740743,0.9228609800338744,20.047535,70.46342,0.1749,3.017150313765914
5KPE_2_4_1_combined_id5,1.5768884420394897,1.7813082933425903,91.07861111111112,0.78,2,4,87.99240740740743,0.9228609800338744,20.047535,70.46342,0.1884,2.464508904351129
5KPE_2_4_1_combined_id6,1.2299118041992188,1.5258328914642334,91.88907407407407,0.79,2,4,87.99240740740743,0.9228609800338744,20.047535,70.46342,0.1739,2.4701385498046875
5KPE_2_4_1_combined_id7,1.4368115663528442,1.3351075649261475,91.91953703703705,0.83,2,4,87.99240740740743,0.9228609800338744,20.047535,70.46342,0.1778,2.563466955114294
5KPE_2_4_1_combined_id8,1.4703373908996582,1.3071626424789429,83.62787037037036,0.69,2,4,87.99240740740743,0.9228609800338744,20.047535,70.46342,0.1829,2.3963727597837097
5KPE_2_4_1_combined_id9,1.7216383218765259,1.129375696182251,91.75249999999998,0.8,2,4,87.99240740740743,0.9228609800338744,20.047535,70.46342,0.1926,2.3127336855287903
5KPE_2_4_2_combined_id1,1.002756118774414,1.7495675086975098,89.98749999999998,0.77,2,4,92.45472222222224,0.7858667373657227,20.542744,73.10283,0.1749,2.590400978370949
5KPE_2_4_2_combined_id10,1.3391093015670776,1.4214364290237427,89.89490740740742,0.78,2,4,92.45472222222224,0.7858667373657227,20.542744,73.10283,0.1703,2.736075507269965
5KPE_2_4_2_combined_id11,1.2196241617202759,1.5535449981689453,90.83101851851852,0.75,2,4,92.45472222222224,0.7858667373657227,20.542744,73.10283,0.1901,2.4262350576895253
5KPE_2_4_2_combined_id12,1.1372464895248413,1.9272302389144897,86.87212962962964,0.71,2,4,92.45472222222224,0.7858667373657227,20.542744,73.10283,0.1688,2.3205461855287903
5KPE_2_4_2_combined_id13,1.1974507570266724,1.8415671586990356,92.16453703703702,0.81,2,4,92.45472222222224,0.7858667373657227,20.542744,73.10283,0.1895,2.53010728624132
5KPE_2_4_2_combined_id14,1.2856231927871704,1.7058602571487427,87.76620370370372,0.74,2,4,92.45472222222224,0.7858667373657227,20.542744,73.10283,0.18,2.4545045075593173
5KPE_2_4_2_combined_id15,1.461766004562378,1.4957351684570312,86.30546296296298,0.66,2,4,92.45472222222224,0.7858667373657227,20.542744,73.10283,0.1833,2.414124948007089
5KPE_2_4_2_combined_id16,1.0678690671920776,1.82337486743927,91.42444444444445,0.83,2,4,92.45472222222224,0.7858667373657227,20.542744,73.10283,0.1699,2.595574838143808
5KPE_2_4_2_combined_id17,0.9818103313446045,1.8686375617980957,91.59074074074076,0.79,2,4,92.45472222222224,0.7858667373657227,20.542744,73.10283,0.1658,2.9286431206597223
5KPE_2_4_2_combined_id18,1.5894664525985718,2.107415199279785,89.92194444444446,0.78,2,4,92.45472222222224,0.7858667373657227,20.542744,73.10283,0.186,2.354828869854962
5KPE_2_4_2_combined_id19,1.300780177116394,1.5788791179656982,83.82833333333332,0.69,2,4,92.45472222222224,0.7858667373657227,20.542744,73.10283,0.1827,2.297838422987196
5KPE_2_4_2_combined_id2,1.2639082670211792,1.1703635454177856,86.23277777777778,0.7,2,4,92.45472222222224,0.7858667373657227,20.542744,73.10283,0.1863,2.5563956366644964
5KPE_2_4_2_combined_id20,1.3440759181976318,1.55042564868927,89.47805555555557,0.78,2,4,92.45472222222224,0.7858667373657227,20.542744,73.10283,0.2001,2.354756390606916
5KPE_2_4_2_combined_id21,1.3624026775360107,1.4710824489593506,83.19351851851852,0.7,2,4,92.45472222222224,0.7858667373657227,20.542744,73.10283,0.1768,2.654743053294994
5KPE_2_4_2_combined_id22,1.4408982992172241,1.7345515489578247,88.70083333333334,0.75,2,4,92.45472222222224,0.7858667373657227,20.542744,73.10283,0.1794,2.7484874018916376
5KPE_2_4_2_combined_id23,1.6249773502349854,1.302126407623291,92.10111111111112,0.8,2,4,92.45472222222224,0.7858667373657227,20.542744,73.10283,0.1712,2.447292186595776
5KPE_2_4_2_combined_id24,1.2265781164169312,1.7929282188415527,89.09546296296297,0.77,2,4,92.45472222222224,0.7858667373657227,20.542744,73.10283,0.1699,2.6611220748336226
5KPE_2_4_2_combined_id3,1.4128358364105225,1.782625675201416,84.51074074074076,0.69,2,4,92.45472222222224,0.7858667373657227,20.542744,73.10283,0.1675,2.6358074612087674
5KPE_2_4_2_combined_id4,1.1740912199020386,1.8016834259033203,89.67546296296297,0.76,2,4,92.45472222222224,0.7858667373657227,20.542744,73.10283,0.1801,2.509871306242766
5KPE_2_4_2_combined_id5,1.0255671739578247,1.5774611234664917,93.56129629629628,0.82,2,4,92.45472222222224,0.7858667373657227,20.542744,73.10283,0.2008,2.4130576804832176
5KPE_2_4_2_combined_id6,1.6887844800949097,1.5295675992965698,92.14435185185184,0.82,2,4,92.45472222222224,0.7858667373657227,20.542744,73.10283,0.1671,2.7136804086190685
5KPE_2_4_2_combined_id7,1.9409205913543701,2.580599308013916,87.19935185185186,0.7,2,4,92.45472222222224,0.7858667373657227,20.542744,73.10283,0.171,2.5579862241391784
5KPE_2_4_2_combined_id8,5.8644700050354,6.12565803527832,76.8386111111111,0.63,2,4,92.45472222222224,0.7858667373657227,20.542744,73.10283,0.1847,2.371116355613426
5KPE_2_4_2_combined_id9,1.9967650175094604,1.9463456869125366,81.04481481481483,0.59,2,4,92.45472222222224,0.7858667373657227,20.542744,73.10283,0.1735,2.7665286593967013
5KPE_2_4_3_combined_id1,1.2440860271453857,1.7498890161514282,84.15194444444442,0.67,2,4,88.78694444444444,0.932142436504364,20.28594,71.2938,0.1595,2.664203785083912
5KPE_2_4_3_combined_id10,4.763552188873291,4.518650531768799,84.4049074074074,0.69,2,4,88.78694444444444,0.932142436504364,20.28594,71.2938,0.2017,2.6804820873119213
5KPE_2_4_3_combined_id11,1.0393866300582886,1.8066565990447998,86.72527777777778,0.72,2,4,88.78694444444444,0.932142436504364,20.28594,71.2938,0.1848,2.526149608470776
5KPE_2_4_3_combined_id12,10.539668083190918,11.35417366027832,74.76694444444445,0.57,2,4,88.78694444444444,0.932142436504364,20.28594,71.2938,0.1807,2.2571754455566406
5KPE_2_4_3_combined_id13,1.9860568046569824,1.3304578065872192,88.93592592592593,0.76,2,4,88.78694444444444,0.932142436504364,20.28594,71.2938,0.1815,2.253270890977648
5KPE_2_4_3_combined_id14,1.5183072090148926,1.573617935180664,86.07972222222224,0.71,2,4,88.78694444444444,0.932142436504364,20.28594,71.2938,0.192,2.258497873942057
5KPE_2_4_3_combined_id15,1.209536075592041,1.5457898378372192,90.82046296296296,0.78,2,4,88.78694444444444,0.932142436504364,20.28594,71.2938,0.2042,2.325337021439164
5KPE_2_4_3_combined_id16,1.5151830911636353,1.5441697835922241,80.92324074074075,0.68,2,4,88.78694444444444,0.932142436504364,20.28594,71.2938,0.1704,2.432857937282986
5KPE_2_4_3_combined_id17,0.9999079704284668,1.5727059841156006,89.03148148148149,0.76,2,4,88.78694444444444,0.932142436504364,20.28594,71.2938,0.1699,2.955633375379774
5KPE_2_4_3_combined_id18,1.2515982389450073,1.1714396476745605,84.55046296296295,0.67,2,4,88.78694444444444,0.932142436504364,20.28594,71.2938,0.1815,2.295108088740596
5KPE_2_4_3_combined_id19,1.3167341947555542,1.5204843282699585,92.56388888888888,0.81,2,4,88.78694444444444,0.932142436504364,20.28594,71.2938,0.2139,2.373215851960359
5KPE_2_4_3_combined_id2,1.1363950967788696,1.8998603820800781,90.40592592592591,0.77,2,4,88.78694444444444,0.932142436504364,20.28594,71.2938,0.2081,2.543645222981771
5KPE_2_4_3_combined_id20,10.244522094726562,9.638127326965332,81.95999999999998,0.66,2,4,88.78694444444444,0.932142436504364,20.28594,71.2938,0.2085,2.3770774558738426
5KPE_2_4_3_combined_id21,11.202507019042969,10.879175186157227,86.36879629629631,0.71,2,4,88.78694444444444,0.932142436504364,20.28594,71.2938,0.1947,2.509855764883536
5KPE_2_4_3_combined_id22,1.5965498685836792,1.4212098121643066,87.74092592592594,0.75,2,4,88.78694444444444,0.932142436504364,20.28594,71.2938,0.2033,2.28342522515191
5KPE_2_4_3_combined_id23,1.5884063243865967,2.2411446571350098,72.26018518518516,0.55,2,4,88.78694444444444,0.932142436504364,20.28594,71.2938,0.2051,2.233328077528212
5KPE_2_4_3_combined_id3,2.4086873531341553,2.914637565612793,77.5787962962963,0.65,2,4,88.78694444444444,0.932142436504364,20.28594,71.2938,0.1886,2.3816810890480324
5KPE_2_4_3_combined_id4,1.1891424655914307,1.8035101890563965,89.6788888888889,0.75,2,4,88.78694444444444,0.932142436504364,20.28594,71.2938,0.1774,2.1976496378580728
5KPE_2_4_3_combined_id5,1.3011153936386108,1.5979323387145996,85.6913888888889,0.72,2,4,88.78694444444444,0.932142436504364,20.28594,71.2938,0.1758,2.2838338216145835
5KPE_2_4_3_combined_id6,1.444748044013977,1.4412927627563477,87.20407407407409,0.74,2,4,88.78694444444444,0.932142436504364,20.28594,71.2938,0.1734,2.553218135127315
5KPE_2_4_3_combined_id8,1.208091139793396,1.8643447160720825,88.71722222222219,0.75,2,4,88.78694444444444,0.932142436504364,20.28594,71.2938,0.2034,2.3524192527488426
5KPE_2_4_3_combined_id9,1.757659673690796,1.590613842010498,88.7148148148148,0.76,2,4,88.78694444444444,0.932142436504364,20.28594,71.2938,0.208,2.232664461489077
5KPE_2_4_4_combined_id10,1.4405441284179688,1.8425018787384033,93.39370370370372,0.84,2,4,93.8888888888889,0.6608914732933044,20.261219,74.18853,0.1853,2.532894558376736
5KPE_2_4_4_combined_id11,1.2407981157302856,1.886034369468689,91.49842592592591,0.79,2,4,93.8888888888889,0.6608914732933044,20.261219,74.18853,0.1796,2.343592325846354
5KPE_2_4_4_combined_id12,2.297931671142578,1.6738317012786865,77.44083333333332,0.64,2,4,93.8888888888889,0.6608914732933044,20.261219,74.18853,0.1701,2.825051484284577
5KPE_2_4_4_combined_id13,1.2297950983047485,1.3988449573516846,89.36842592592593,0.78,2,4,93.8888888888889,0.6608914732933044,20.261219,74.18853,0.2084,2.501094111689815
5KPE_2_4_4_combined_id14,1.1388113498687744,1.6457791328430176,88.15203703703703,0.75,2,4,93.8888888888889,0.6608914732933044,20.261219,74.18853,0.1721,2.5843839292173034
5KPE_2_4_4_combined_id15,1.3455262184143066,1.6738520860671997,90.24351851851851,0.78,2,4,93.8888888888889,0.6608914732933044,20.261219,74.18853,0.1806,2.4365412394205728
5KPE_2_4_4_combined_id16,1.3115814924240112,1.4928408861160278,87.68648148148148,0.73,2,4,93.8888888888889,0.6608914732933044,20.261219,74.18853,0.1772,2.5210285893193
5KPE_2_4_4_combined_id17,1.1688262224197388,1.7573362588882446,90.77185185185186,0.78,2,4,93.8888888888889,0.6608914732933044,20.261219,74.18853,0.168,2.508304172092014
5KPE_2_4_4_combined_id18,1.1126739978790283,1.440262794494629,90.61546296296298,0.8,2,4,93.8888888888889,0.6608914732933044,20.261219,74.18853,0.1824,2.6659534595630787
5KPE_2_4_4_combined_id19,1.337153434753418,1.730237364768982,83.9511111111111,0.67,2,4,93.8888888888889,0.6608914732933044,20.261219,74.18853,0.1857,2.520833898473669
5KPE_2_4_4_combined_id2,1.3886852264404297,1.3818014860153198,88.66138888888891,0.75,2,4,93.8888888888889,0.6608914732933044,20.261219,74.18853,0.1719,2.314987323902272
5KPE_2_4_4_combined_id20,1.4657979011535645,2.339707136154175,88.80046296296295,0.71,2,4,93.8888888888889,0.6608914732933044,20.261219,74.18853,0.1852,2.625730161313657
5KPE_2_4_4_combined_id21,3.3979690074920654,3.5151848793029785,74.2237037037037,0.58,2,4,93.8888888888889,0.6608914732933044,20.261219,74.18853,0.1849,2.3568208482530384
5KPE_2_4_4_combined_id22,1.5778623819351196,1.243536114692688,86.45083333333334,0.7,2,4,93.8888888888889,0.6608914732933044,20.261219,74.18853,0.1757,2.346893169261791
5KPE_2_4_4_combined_id23,0.9217292070388794,1.5828567743301392,86.72898148148148,0.73,2,4,93.8888888888889,0.6608914732933044,20.261219,74.18853,0.1633,2.8822354917173034
5KPE_2_4_4_combined_id24,1.5141406059265137,1.1181851625442505,81.26268518518518,0.65,2,4,93.8888888888889,0.6608914732933044,20.261219,74.18853,0.1728,2.288024761058666
5KPE_2_4_4_combined_id3,1.0518687963485718,1.7315583229064941,88.63092592592594,0.75,2,4,93.8888888888889,0.6608914732933044,20.261219,74.18853,0.1863,2.746338455765336
5KPE_2_4_4_combined_id4,1.3279389142990112,1.3189815282821655,92.20481481481478,0.81,2,4,93.8888888888889,0.6608914732933044,20.261219,74.18853,0.192,2.452472828052662
5KPE_2_4_4_combined_id5,1.236768364906311,1.2941787242889404,90.4301851851852,0.77,2,4,93.8888888888889,0.6608914732933044,20.261219,74.18853,0.1918,2.259033344410084
5KPE_2_4_4_combined_id6,1.5119364261627197,1.654091715812683,88.42962962962963,0.74,2,4,93.8888888888889,0.6608914732933044,20.261219,74.18853,0.2013,2.257028932924624
5KPE_2_4_4_combined_id7,1.2187721729278564,1.4006459712982178,90.99287037037035,0.78,2,4,93.8888888888889,0.6608914732933044,20.261219,74.18853,0.1749,2.4540538081416376
5KPE_2_4_4_combined_id8,1.1371113061904907,1.8376432657241821,93.98990740740744,0.84,2,4,93.8888888888889,0.6608914732933044,20.261219,74.18853,0.188,2.7658860948350696
5KPE_2_4_4_combined_id9,1.6065860986709595,1.0610289573669434,88.16324074074073,0.73,2,4,93.8888888888889,0.6608914732933044,20.261219,74.18853,0.1924,2.1890010127314814
5KPE_2_4_5_combined_id1,1.6769152879714966,1.552800178527832,81.26027777777779,0.62,2,4,92.44444444444444,0.6355217099189758,20.829386,71.56292,0.1711,2.462631225585937
5KPE_2_4_5_combined_id10,1.2741761207580566,1.447954773902893,89.54703703703704,0.75,2,4,92.44444444444444,0.6355217099189758,20.829386,71.56292,0.1713,2.652369463885272
5KPE_2_4_5_combined_id11,1.2112562656402588,1.4993298053741455,90.69212962962962,0.79,2,4,92.44444444444444,0.6355217099189758,20.829386,71.56292,0.1827,2.636171694155093
5KPE_2_4_5_combined_id12,1.1742395162582397,1.383579134941101,91.4251851851852,0.82,2,4,92.44444444444444,0.6355217099189758,20.829386,71.56292,0.2086,2.3992207845052085
5KPE_2_4_5_combined_id13,1.256386399269104,1.5474493503570557,92.71629629629628,0.82,2,4,92.44444444444444,0.6355217099189758,20.829386,71.56292,0.1812,2.717592592592593
5KPE_2_4_5_combined_id14,9.130630493164062,9.343177795410156,82.23333333333332,0.7,2,4,92.44444444444444,0.6355217099189758,20.829386,71.56292,0.192,2.3097943906430847
5KPE_2_4_5_combined_id15,1.0214506387710571,1.4717586040496826,90.79657407407409,0.78,2,4,92.44444444444444,0.6355217099189758,20.829386,71.56292,0.1819,2.61711742259838
5KPE_2_4_5_combined_id16,1.3769993782043457,1.577244520187378,88.08518518518518,0.72,2,4,92.44444444444444,0.6355217099189758,20.829386,71.56292,0.1918,2.401166280110677
5KPE_2_4_5_combined_id17,1.5475211143493652,1.8148205280303955,88.11611111111112,0.74,2,4,92.44444444444444,0.6355217099189758,20.829386,71.56292,0.1741,2.588637740523726
5KPE_2_4_5_combined_id18,1.9374738931655884,1.4838306903839111,87.43296296296296,0.73,2,4,92.44444444444444,0.6355217099189758,20.829386,71.56292,0.1911,2.2332084090621382
5KPE_2_4_5_combined_id19,1.5988469123840332,1.5632874965667725,81.38351851851851,0.69,2,4,92.44444444444444,0.6355217099189758,20.829386,71.56292,0.1786,2.3189539026331016
5KPE_2_4_5_combined_id2,1.4590204954147339,1.5886610746383667,91.9925925925926,0.79,2,4,92.44444444444444,0.6355217099189758,20.829386,71.56292,0.1724,2.695634064850984
5KPE_2_4_5_combined_id20,1.2565470933914185,1.1347613334655762,85.75083333333333,0.72,2,4,92.44444444444444,0.6355217099189758,20.829386,71.56292,0.1713,2.4331772415726274
5KPE_2_4_5_combined_id21,1.2355619668960571,1.4110208749771118,92.01129629629632,0.78,2,4,92.44444444444444,0.6355217099189758,20.829386,71.56292,0.1726,2.3377503289116754
5KPE_2_4_5_combined_id23,1.9565026760101318,1.894484281539917,77.92416666666666,0.65,2,4,92.44444444444444,0.6355217099189758,20.829386,71.56292,0.1625,2.5749819720232927
5KPE_2_4_5_combined_id24,1.2451847791671753,1.8874682188034058,90.28324074074072,0.78,2,4,92.44444444444444,0.6355217099189758,20.829386,71.56292,0.1778,2.6237208048502603
5KPE_2_4_5_combined_id3,1.031171441078186,1.8145004510879517,90.8863888888889,0.8,2,4,92.44444444444444,0.6355217099189758,20.829386,71.56292,0.1744,2.7821652447735823
5KPE_2_4_5_combined_id4,1.4392788410186768,1.5779659748077393,88.84157407407407,0.73,2,4,92.44444444444444,0.6355217099189758,20.829386,71.56292,0.164,2.6176379168475115
5KPE_2_4_5_combined_id5,1.1160720586776733,1.5562225580215454,85.7186111111111,0.73,2,4,92.44444444444444,0.6355217099189758,20.829386,71.56292,0.1931,2.475728918004919
5KPE_2_4_5_combined_id6,1.4202405214309692,1.4723740816116333,89.36314814814814,0.76,2,4,92.44444444444444,0.6355217099189758,20.829386,71.56292,0.1713,2.5441826714409723
5KPE_2_4_5_combined_id7,1.1595163345336914,1.7413289546966553,87.87287037037038,0.74,2,4,92.44444444444444,0.6355217099189758,20.829386,71.56292,0.2048,2.6879552205403647
5KPE_2_4_5_combined_id8,1.1219139099121094,1.6720772981643677,84.55166666666666,0.69,2,4,92.44444444444444,0.6355217099189758,20.829386,71.56292,0.1728,2.710739418312355
5KPE_2_4_5_combined_id9,9.851408004760742,9.717684745788574,80.38916666666667,0.67,2,4,92.44444444444444,0.6355217099189758,20.829386,71.56292,0.219,2.1823334870515048
5KPE_2_4_6_combined_id1,1.3324999809265137,1.3343875408172607,88.7197222222222,0.75,2,4,91.50296296296295,0.8075770735740662,20.486292,68.78294,0.179,2.3643596790455006
5KPE_2_4_6_combined_id10,3.949341297149658,4.289017677307129,78.23833333333333,0.65,2,4,91.50296296296295,0.8075770735740662,20.486292,68.78294,0.1588,2.7268204865632235
5KPE_2_4_6_combined_id12,1.383931040763855,1.536895990371704,89.53120370370371,0.77,2,4,91.50296296296295,0.8075770735740662,20.486292,68.78294,0.1676,2.4840246129918984
5KPE_2_4_6_combined_id13,1.2955645322799683,1.6518362760543823,82.22083333333332,0.71,2,4,91.50296296296295,0.8075770735740662,20.486292,68.78294,0.1782,2.4935410111038774
5KPE_2_4_6_combined_id14,1.9888988733291626,1.9178342819213867,87.50361111111108,0.72,2,4,91.50296296296295,0.8075770735740662,20.486292,68.78294,0.183,2.401579115125868
5KPE_2_4_6_combined_id16,1.3903958797454834,1.615067720413208,87.05685185185185,0.75,2,4,91.50296296296295,0.8075770735740662,20.486292,68.78294,0.2016,2.3649121037235967
5KPE_2_4_6_combined_id17,1.1948235034942627,1.4162076711654663,91.2899074074074,0.79,2,4,91.50296296296295,0.8075770735740662,20.486292,68.78294,0.184,2.541112546567564
5KPE_2_4_6_combined_id18,1.1996512413024902,1.6014184951782227,89.39750000000002,0.77,2,4,91.50296296296295,0.8075770735740662,20.486292,68.78294,0.1896,2.6600338971173323
5KPE_2_4_6_combined_id19,1.1792744398117065,1.7346508502960205,85.01842592592592,0.74,2,4,91.50296296296295,0.8075770735740662,20.486292,68.78294,0.1813,2.6614964803059897
5KPE_2_4_6_combined_id2,1.2399537563323975,1.624474048614502,88.94083333333334,0.77,2,4,91.50296296296295,0.8075770735740662,20.486292,68.78294,0.1857,2.4617671260127314
5KPE_2_4_6_combined_id20,1.6801538467407227,1.5877846479415894,86.93268518518519,0.72,2,4,91.50296296296295,0.8075770735740662,20.486292,68.78294,0.1642,2.675427754720052
5KPE_2_4_6_combined_id21,1.1932005882263184,1.7399044036865234,87.02046296296295,0.72,2,4,91.50296296296295,0.8075770735740662,20.486292,68.78294,0.1872,2.7452115659360534
5KPE_2_4_6_combined_id22,1.3880298137664795,1.5217137336730957,91.57574074074074,0.81,2,4,91.50296296296295,0.8075770735740662,20.486292,68.78294,0.1947,2.3807124385127314
5KPE_2_4_6_combined_id23,1.4546012878417969,1.3255106210708618,92.62898148148147,0.8,2,4,91.50296296296295,0.8075770735740662,20.486292,68.78294,0.1663,2.6208518699363426
5KPE_2_4_6_combined_id24,1.2839754819869995,1.984833002090454,90.54574074074075,0.8,2,4,91.50296296296295,0.8075770735740662,20.486292,68.78294,0.1885,2.42997317843967
5KPE_2_4_6_combined_id3,1.1217519044876099,1.6636515855789185,86.41175925925927,0.67,2,4,91.50296296296295,0.8075770735740662,20.486292,68.78294,0.1671,2.6217532687717013
5KPE_2_4_6_combined_id4,7.734861373901367,8.827215194702148,57.35907407407408,0.48,2,4,91.50296296296295,0.8075770735740662,20.486292,68.78294,0.1713,2.843217072663484
5KPE_2_4_6_combined_id5,10.755952835083008,10.843107223510742,87.99796296296299,0.76,2,4,91.50296296296295,0.8075770735740662,20.486292,68.78294,0.1846,2.443113821524161
5KPE_2_4_6_combined_id6,0.9791941046714783,1.8190336227416992,91.8851851851852,0.8,2,4,91.50296296296295,0.8075770735740662,20.486292,68.78294,0.1781,2.7652587890625
5KPE_2_4_6_combined_id7,1.311427354812622,1.48450767993927,91.52296296296296,0.81,2,4,91.50296296296295,0.8075770735740662,20.486292,68.78294,0.185,2.52277911150897
5KPE_2_4_6_combined_id8,1.2868502140045166,1.9074065685272217,90.52796296296292,0.77,2,4,91.50296296296295,0.8075770735740662,20.486292,68.78294,0.1879,2.413172686541522
5KPE_2_4_6_combined_id9,1.2276804447174072,1.3717842102050781,90.17407407407408,0.78,2,4,91.50296296296295,0.8075770735740662,20.486292,68.78294,0.1869,2.598520349573206
5KPE_2_4_7_combined_id1,1.2304308414459229,1.4195917844772339,88.80564814814814,0.78,2,4,88.5575925925926,0.881048321723938,20.249235,72.36594,0.1684,2.603494149667245
5KPE_2_4_7_combined_id10,1.5070971250534058,1.8775441646575928,85.39527777777776,0.75,2,4,88.5575925925926,0.881048321723938,20.249235,72.36594,0.1826,2.437328197337963
5KPE_2_4_7_combined_id11,1.2561476230621338,1.2898898124694824,85.09453703703703,0.72,2,4,88.5575925925926,0.881048321723938,20.249235,72.36594,0.1763,2.471857706705729
5KPE_2_4_7_combined_id12,1.6332814693450928,1.5165237188339233,88.87962962962963,0.75,2,4,88.5575925925926,0.881048321723938,20.249235,72.36594,0.1825,2.686171355070891
5KPE_2_4_7_combined_id13,2.5872855186462402,1.8580865859985352,76.1187037037037,0.64,2,4,88.5575925925926,0.881048321723938,20.249235,72.36594,0.1815,2.2261926156503185
5KPE_2_4_7_combined_id14,1.9423974752426147,1.2519129514694214,83.09435185185185,0.7,2,4,88.5575925925926,0.881048321723938,20.249235,72.36594,0.2082,2.306049488208912
5KPE_2_4_7_combined_id16,1.8295787572860718,1.2396308183670044,87.16814814814813,0.75,2,4,88.5575925925926,0.881048321723938,20.249235,72.36594,0.1896,2.172741925274884
5KPE_2_4_7_combined_id17,1.8687667846679688,1.6018121242523193,80.88027777777776,0.66,2,4,88.5575925925926,0.881048321723938,20.249235,72.36594,0.1925,2.112748746518736
5KPE_2_4_7_combined_id18,1.3077902793884277,1.6113402843475342,86.67787037037036,0.75,2,4,88.5575925925926,0.881048321723938,20.249235,72.36594,0.1667,2.550466466833044
5KPE_2_4_7_combined_id2,1.350164532661438,1.4442155361175537,85.5212037037037,0.69,2,4,88.5575925925926,0.881048321723938,20.249235,72.36594,0.1834,2.4672362716109664
5KPE_2_4_7_combined_id20,1.6942155361175537,1.4366670846939087,85.20185185185186,0.73,2,4,88.5575925925926,0.881048321723938,20.249235,72.36594,0.1855,2.313482920328776
5KPE_2_4_7_combined_id21,1.3776731491088867,1.7107950448989868,85.34814814814816,0.73,2,4,88.5575925925926,0.881048321723938,20.249235,72.36594,0.1903,2.2975726657443576
5KPE_2_4_7_combined_id22,1.135966420173645,1.4377275705337524,82.90888888888891,0.65,2,4,88.5575925925926,0.881048321723938,20.249235,72.36594,0.1679,2.621075665509259
5KPE_2_4_7_combined_id23,8.059814453125,8.828340530395508,53.06240740740741,0.33,2,4,88.5575925925926,0.881048321723938,20.249235,72.36594,0.176,2.4598546911168984
5KPE_2_4_7_combined_id24,1.7739877700805664,1.272080421447754,87.20185185185184,0.73,2,4,88.5575925925926,0.881048321723938,20.249235,72.36594,0.1768,2.4908119484230324
5KPE_2_4_7_combined_id3,1.5689237117767334,1.3503811359405518,88.84009259259258,0.76,2,4,88.5575925925926,0.881048321723938,20.249235,72.36594,0.1979,2.1815400300202548
5KPE_2_4_7_combined_id4,3.194711923599243,4.057039260864258,66.30472222222224,0.56,2,4,88.5575925925926,0.881048321723938,20.249235,72.36594,0.1741,2.4938631410951966
5KPE_2_4_7_combined_id5,1.3745535612106323,1.2544358968734741,83.7261111111111,0.7,2,4,88.5575925925926,0.881048321723938,20.249235,72.36594,0.1731,2.308511804651331
5KPE_2_4_7_combined_id6,1.3938125371932983,1.5507090091705322,88.72166666666668,0.77,2,4,88.5575925925926,0.881048321723938,20.249235,72.36594,0.1979,2.09110599093967
5KPE_2_4_7_combined_id7,1.3013322353363037,1.3938026428222656,87.6612962962963,0.75,2,4,88.5575925925926,0.881048321723938,20.249235,72.36594,0.1796,2.273225431089048
5KPE_2_4_7_combined_id9,1.538184404373169,1.2597397565841675,90.01259259259258,0.75,2,4,88.5575925925926,0.881048321723938,20.249235,72.36594,0.1875,2.35331952130353
5KPE_2_4_8_combined_id1,1.329845905303955,1.5216970443725586,84.72953703703703,0.7,2,4,93.1924074074074,0.7743734121322632,20.842043,73.80071,0.1918,2.629730224609375
5KPE_2_4_8_combined_id10,1.1762068271636963,1.5113131999969482,88.9498148148148,0.73,2,4,93.1924074074074,0.7743734121322632,20.842043,73.80071,0.1799,1.9875222665292245
5KPE_2_4_8_combined_id11,1.7150309085845947,1.0712611675262451,88.76583333333335,0.76,2,4,93.1924074074074,0.7743734121322632,20.842043,73.80071,0.1957,2.053342466001157
5KPE_2_4_8_combined_id12,1.5700477361679077,1.3074557781219482,87.74287037037038,0.73,2,4,93.1924074074074,0.7743734121322632,20.842043,73.80071,0.1722,2.4706607394748263
5KPE_2_4_8_combined_id13,1.4390037059783936,1.1387183666229248,84.57453703703703,0.66,2,4,93.1924074074074,0.7743734121322632,20.842043,73.80071,0.1799,2.2841867517541954
5KPE_2_4_8_combined_id14,1.0803779363632202,1.6431348323822021,84.26907407407407,0.64,2,4,93.1924074074074,0.7743734121322632,20.842043,73.80071,0.1797,2.544423703794126
5KPE_2_4_8_combined_id15,1.429203748703003,1.571433424949646,89.68111111111111,0.77,2,4,93.1924074074074,0.7743734121322632,20.842043,73.80071,0.185,2.3467169867621527
5KPE_2_4_8_combined_id16,1.8884055614471436,1.472585678100586,82.47064814814814,0.69,2,4,93.1924074074074,0.7743734121322632,20.842043,73.80071,0.1733,2.201806386311849
5KPE_2_4_8_combined_id17,1.370043396949768,1.3309485912322998,90.6001851851852,0.76,2,4,93.1924074074074,0.7743734121322632,20.842043,73.80071,0.2057,2.10457526312934
5KPE_2_4_8_combined_id18,1.4968022108078003,1.4772530794143677,91.02777777777776,0.78,2,4,93.1924074074074,0.7743734121322632,20.842043,73.80071,0.1854,2.405410201461226
5KPE_2_4_8_combined_id19,1.4622184038162231,1.2168532609939575,85.95722222222223,0.7,2,4,93.1924074074074,0.7743734121322632,20.842043,73.80071,0.1838,2.0714998598451966
5KPE_2_4_8_combined_id2,1.406701922416687,1.5629093647003174,88.03666666666668,0.73,2,4,93.1924074074074,0.7743734121322632,20.842043,73.80071,0.1804,2.406837745949074
5KPE_2_4_8_combined_id20,1.5639539957046509,1.4464280605316162,87.2836111111111,0.75,2,4,93.1924074074074,0.7743734121322632,20.842043,73.80071,0.1835,2.25310629385489
5KPE_2_4_8_combined_id21,10.695792198181152,10.987854957580566,87.88361111111111,0.74,2,4,93.1924074074074,0.7743734121322632,20.842043,73.80071,0.2002,1.9580326786747688
5KPE_2_4_8_combined_id22,1.234157681465149,1.1739590167999268,86.12194444444447,0.72,2,4,93.1924074074074,0.7743734121322632,20.842043,73.80071,0.1814,2.186547455964265
5KPE_2_4_8_combined_id23,1.1877119541168213,1.8717800378799438,93.9871296296296,0.83,2,4,93.1924074074074,0.7743734121322632,20.842043,73.80071,0.1933,2.640996297200521
5KPE_2_4_8_combined_id24,1.4337961673736572,1.5726302862167358,82.6275,0.73,2,4,93.1924074074074,0.7743734121322632,20.842043,73.80071,0.1943,2.2556046379937067
5KPE_2_4_8_combined_id3,1.1820443868637085,1.491921067237854,91.14453703703704,0.76,2,4,93.1924074074074,0.7743734121322632,20.842043,73.80071,0.2176,1.9520676224320024
5KPE_2_4_8_combined_id4,1.454683780670166,1.4090276956558228,85.93648148148148,0.72,2,4,93.1924074074074,0.7743734121322632,20.842043,73.80071,0.19,2.096662168149595
5KPE_2_4_8_combined_id5,1.4942777156829834,1.2362515926361084,89.74138888888889,0.76,2,4,93.1924074074074,0.7743734121322632,20.842043,73.80071,0.1649,2.5985005696614585
5KPE_2_4_8_combined_id6,1.3471934795379639,1.3615092039108276,93.12055555555554,0.83,2,4,93.1924074074074,0.7743734121322632,20.842043,73.80071,0.1869,2.055656150535301
5KPE_2_4_8_combined_id7,1.1307913064956665,1.5762161016464233,90.18388888888887,0.75,2,4,93.1924074074074,0.7743734121322632,20.842043,73.80071,0.1745,2.5577324761284723
5KPE_2_4_8_combined_id8,1.7456400394439697,1.3776679039001465,85.4050925925926,0.71,2,4,93.1924074074074,0.7743734121322632,20.842043,73.80071,0.168,2.6140515362774885
5KPE_2_4_8_combined_id9,11.231369972229004,11.295845985412598,76.89351851851852,0.62,2,4,93.1924074074074,0.7743734121322632,20.842043,73.80071,0.1839,2.38960944281684
5KPE_2_4_9_combined_id1,1.2393145561218262,1.6207411289215088,89.10787037037036,0.77,2,4,89.6449074074074,0.8496029376983643,20.414982,72.49065,0.2148,2.082521509241175
5KPE_2_4_9_combined_id11,1.8625530004501343,0.957465410232544,88.02944444444445,0.74,2,4,89.6449074074074,0.8496029376983643,20.414982,72.49065,0.1879,2.178079958315249
5KPE_2_4_9_combined_id12,6.354450702667236,6.511725902557373,72.83194444444445,0.59,2,4,89.6449074074074,0.8496029376983643,20.414982,72.49065,0.1753,2.6054749665436923
5KPE_2_4_9_combined_id13,1.7890809774398804,1.3556599617004395,74.55592592592593,0.62,2,4,89.6449074074074,0.8496029376983643,20.414982,72.49065,0.1939,2.22178226047092
5KPE_2_4_9_combined_id14,9.742588996887207,9.797883987426758,71.44481481481482,0.53,2,4,89.6449074074074,0.8496029376983643,20.414982,72.49065,0.1973,2.44140625
5KPE_2_4_9_combined_id15,1.5595465898513794,1.220055341720581,83.2510185185185,0.69,2,4,89.6449074074074,0.8496029376983643,20.414982,72.49065,0.2084,1.966745305944372
5KPE_2_4_9_combined_id16,1.385251760482788,1.8142569065093994,90.98250000000002,0.78,2,4,89.6449074074074,0.8496029376983643,20.414982,72.49065,0.1785,2.584715384024161
5KPE_2_4_9_combined_id17,1.572346568107605,1.3758165836334229,87.19898148148148,0.71,2,4,89.6449074074074,0.8496029376983643,20.414982,72.49065,0.1806,2.1964953387225115
5KPE_2_4_9_combined_id18,1.112429141998291,1.7431563138961792,79.73333333333333,0.63,2,4,89.6449074074074,0.8496029376983643,20.414982,72.49065,0.1679,2.6864968759042247
5KPE_2_4_9_combined_id19,1.1972557306289673,1.3826019763946533,92.10416666666669,0.81,2,4,89.6449074074074,0.8496029376983643,20.414982,72.49065,0.2002,2.1385941682038485
5KPE_2_4_9_combined_id20,11.44100284576416,11.48166561126709,84.01888888888888,0.67,2,4,89.6449074074074,0.8496029376983643,20.414982,72.49065,0.177,2.2589549311885126
5KPE_2_4_9_combined_id21,1.6559510231018066,1.3671724796295166,90.42648148148147,0.76,2,4,89.6449074074074,0.8496029376983643,20.414982,72.49065,0.1769,2.3558215388545283
5KPE_2_4_9_combined_id22,1.7259994745254517,1.2086741924285889,87.20018518518518,0.71,2,4,89.6449074074074,0.8496029376983643,20.414982,72.49065,0.2121,2.194442607738353
5KPE_2_4_9_combined_id23,1.9929035902023315,2.078307628631592,70.76805555555555,0.55,2,4,89.6449074074074,0.8496029376983643,20.414982,72.49065,0.174,2.287244160970052
5KPE_2_4_9_combined_id24,1.7495893239974976,1.2772090435028076,89.39657407407407,0.75,2,4,89.6449074074074,0.8496029376983643,20.414982,72.49065,0.1846,2.3464888113516347
5KPE_2_4_9_combined_id3,1.6817384958267212,1.3889366388320923,85.61648148148149,0.7,2,4,89.6449074074074,0.8496029376983643,20.414982,72.49065,0.1726,2.287499463116681
5KPE_2_4_9_combined_id4,1.7082568407058716,1.3721407651901245,88.7511111111111,0.77,2,4,89.6449074074074,0.8496029376983643,20.414982,72.49065,0.1983,2.1313383314344616
5KPE_2_4_9_combined_id5,1.2793928384780884,1.9713823795318604,88.25416666666668,0.71,2,4,89.6449074074074,0.8496029376983643,20.414982,72.49065,0.161,2.4774537263093173
5KPE_2_4_9_combined_id6,2.062962293624878,1.8312464952468872,82.20870370370369,0.65,2,4,89.6449074074074,0.8496029376983643,20.414982,72.49065,0.1583,2.4600762261284723
5KPE_2_4_9_combined_id7,10.491594314575195,10.274232864379883,80.39009259259261,0.64,2,4,89.6449074074074,0.8496029376983643,20.414982,72.49065,0.2256,1.9835648713288483
5KPE_2_4_9_combined_id8,1.8806804418563843,1.2502567768096924,91.7087037037037,0.78,2,4,89.6449074074074,0.8496029376983643,20.414982,72.49065,0.2114,2.22078690705476
5KPE_2_4_9_combined_id9,9.235623359680176,9.552769660949707,73.51259259259258,0.5,2,4,89.6449074074074,0.8496029376983643,20.414982,72.49065,0.1917,2.429736102068866
5KPE_2_6_0_combined_id1,1.2192161083221436,1.7904335260391235,91.7936111111111,0.8,2,6,91.73064814814816,0.7915447354316711,20.073128,73.82496,0.1902,2.2566621568467884
5KPE_2_6_0_combined_id10,1.6345810890197754,1.539717197418213,80.98064814814816,0.64,2,6,91.73064814814816,0.7915447354316711,20.073128,73.82496,0.1784,2.2962704411259405
5KPE_2_6_0_combined_id11,1.387518286705017,1.4181773662567139,91.02314814814817,0.79,2,6,91.73064814814816,0.7915447354316711,20.073128,73.82496,0.1927,2.335315845630787
5KPE_2_6_0_combined_id12,1.1733449697494507,2.129232883453369,87.3425,0.77,2,6,91.73064814814816,0.7915447354316711,20.073128,73.82496,0.2027,2.262842955412688
5KPE_2_6_0_combined_id13,1.3564982414245605,1.5814974308013916,89.05083333333333,0.79,2,6,91.73064814814816,0.7915447354316711,20.073128,73.82496,0.2004,2.362362614384404
5KPE_2_6_0_combined_id14,1.095496416091919,2.1657042503356934,88.63453703703705,0.78,2,6,91.73064814814816,0.7915447354316711,20.073128,73.82496,0.1843,2.598029242621528
5KPE_2_6_0_combined_id15,1.5766489505767822,1.8488914966583252,92.09342592592591,0.82,2,6,91.73064814814816,0.7915447354316711,20.073128,73.82496,0.1807,2.29047930682147
5KPE_2_6_0_combined_id16,1.0792243480682373,1.7193183898925781,87.51120370370371,0.67,2,6,91.73064814814816,0.7915447354316711,20.073128,73.82496,0.1784,2.4757441767939814
5KPE_2_6_0_combined_id17,1.270764946937561,1.8408526182174683,81.88416666666669,0.59,2,6,91.73064814814816,0.7915447354316711,20.073128,73.82496,0.1678,2.52517502396195
5KPE_2_6_0_combined_id18,1.6489673852920532,1.7005765438079834,84.16805555555554,0.7,2,6,91.73064814814816,0.7915447354316711,20.073128,73.82496,0.1873,2.402084350585937
5KPE_2_6_0_combined_id19,1.275273323059082,1.8795766830444336,86.40462962962964,0.76,2,6,91.73064814814816,0.7915447354316711,20.073128,73.82496,0.1706,2.54570883291739
5KPE_2_6_0_combined_id2,1.7797112464904785,1.5618778467178345,80.8186111111111,0.67,2,6,91.73064814814816,0.7915447354316711,20.073128,73.82496,0.1967,2.1082048769350403
5KPE_2_6_0_combined_id20,1.4710357189178467,1.6878570318222046,82.08472222222224,0.64,2,6,91.73064814814816,0.7915447354316711,20.073128,73.82496,0.1864,2.2680620264123985
5KPE_2_6_0_combined_id21,1.6333562135696411,1.9690662622451782,86.16499999999999,0.75,2,6,91.73064814814816,0.7915447354316711,20.073128,73.82496,0.179,2.244204768428096
5KPE_2_6_0_combined_id22,1.0424180030822754,2.00567626953125,91.76824074074074,0.8,2,6,91.73064814814816,0.7915447354316711,20.073128,73.82496,0.1664,2.521016721372251
5KPE_2_6_0_combined_id23,4.11409330368042,4.312875270843506,78.21212962962962,0.54,2,6,91.73064814814816,0.7915447354316711,20.073128,73.82496,0.1645,2.416581047905816
5KPE_2_6_0_combined_id24,7.76402473449707,8.465255737304688,71.38509259259257,0.52,2,6,91.73064814814816,0.7915447354316711,20.073128,73.82496,0.1698,2.248424388744213
5KPE_2_6_0_combined_id3,1.2646725177764893,1.6720304489135742,87.93472222222223,0.76,2,6,91.73064814814816,0.7915447354316711,20.073128,73.82496,0.202,2.1002869782624423
5KPE_2_6_0_combined_id4,1.2114880084991455,1.9932602643966675,82.06972222222223,0.67,2,6,91.73064814814816,0.7915447354316711,20.073128,73.82496,0.1657,2.70122386791088
5KPE_2_6_0_combined_id5,2.1764814853668213,2.183774709701538,78.32101851851851,0.67,2,6,91.73064814814816,0.7915447354316711,20.073128,73.82496,0.1714,2.2956263224283853
5KPE_2_6_0_combined_id6,1.7509723901748657,1.9975632429122925,91.02925925925926,0.82,2,6,91.73064814814816,0.7915447354316711,20.073128,73.82496,0.1732,2.212862226698133
5KPE_2_6_0_combined_id7,1.8508713245391846,1.1982630491256714,90.20037037037034,0.75,2,6,91.73064814814816,0.7915447354316711,20.073128,73.82496,0.1774,2.32076178656684
5KPE_2_6_0_combined_id8,2.257230281829834,2.2062604427337646,79.21509259259261,0.62,2,6,91.73064814814816,0.7915447354316711,20.073128,73.82496,0.1641,2.665516040943287
5KPE_2_6_0_combined_id9,1.4409570693969727,1.4968007802963257,85.80101851851852,0.7,2,6,91.73064814814816,0.7915447354316711,20.073128,73.82496,0.1864,2.066606733534071
5KPE_2_6_1_combined_id1,1.0276846885681152,1.895353078842163,93.4012037037037,0.82,2,6,90.077962962963,1.013880729675293,20.4149,74.00362,0.1835,2.332126334861473
5KPE_2_6_1_combined_id10,1.1290056705474854,1.5599110126495361,86.34444444444443,0.7,2,6,90.077962962963,1.013880729675293,20.4149,74.00362,0.1858,2.3418446293583624
5KPE_2_6_1_combined_id11,1.6480712890625,1.616647481918335,90.19305555555556,0.81,2,6,90.077962962963,1.013880729675293,20.4149,74.00362,0.1883,2.4320625022605613
5KPE_2_6_1_combined_id12,1.0571539402008057,2.0058443546295166,91.96074074074076,0.82,2,6,90.077962962963,1.013880729675293,20.4149,74.00362,0.1739,2.774317706072772
5KPE_2_6_1_combined_id13,1.6962743997573853,1.23679780960083,87.42240740740739,0.75,2,6,90.077962962963,1.013880729675293,20.4149,74.00362,0.1846,2.218493426287616
5KPE_2_6_1_combined_id14,1.4556578397750854,1.5982712507247925,87.34805555555555,0.74,2,6,90.077962962963,1.013880729675293,20.4149,74.00362,0.1848,2.4495838306568287
5KPE_2_6_1_combined_id15,3.3273110389709473,3.228680372238159,80.49685185185184,0.64,2,6,90.077962962963,1.013880729675293,20.4149,74.00362,0.1978,2.404509085196036
5KPE_2_6_1_combined_id16,1.118208646774292,1.6469093561172485,90.03787037037036,0.78,2,6,90.077962962963,1.013880729675293,20.4149,74.00362,0.1945,2.494028162073206
5KPE_2_6_1_combined_id17,1.2429195642471313,2.020066261291504,88.55675925925925,0.78,2,6,90.077962962963,1.013880729675293,20.4149,74.00362,0.1742,2.4931601065176503
5KPE_2_6_1_combined_id18,2.208287477493286,2.291358709335327,85.05814814814815,0.66,2,6,90.077962962963,1.013880729675293,20.4149,74.00362,0.1795,2.586154513888889
5KPE_2_6_1_combined_id19,1.2296329736709595,1.9148091077804565,90.44379629629628,0.8,2,6,90.077962962963,1.013880729675293,20.4149,74.00362,0.1919,2.652700353551794
5KPE_2_6_1_combined_id2,1.169258713722229,1.6259733438491821,92.32814814814812,0.79,2,6,90.077962962963,1.013880729675293,20.4149,74.00362,0.2066,2.265057599103009
5KPE_2_6_1_combined_id20,1.2024487257003784,1.8141549825668335,90.99546296296296,0.79,2,6,90.077962962963,1.013880729675293,20.4149,74.00362,0.194,2.3163398460105613
5KPE_2_6_1_combined_id21,1.2171847820281982,2.0731728076934814,84.85574074074074,0.68,2,6,90.077962962963,1.013880729675293,20.4149,74.00362,0.1642,2.314067275435836
5KPE_2_6_1_combined_id22,1.4019737243652344,1.542493462562561,88.45796296296295,0.75,2,6,90.077962962963,1.013880729675293,20.4149,74.00362,0.1843,2.4236891004774304
5KPE_2_6_1_combined_id23,1.542959451675415,1.7157436609268188,80.22148148148146,0.65,2,6,90.077962962963,1.013880729675293,20.4149,74.00362,0.18,2.456559640389901
5KPE_2_6_1_combined_id24,1.0907574892044067,1.9641222953796387,94.96342592592592,0.85,2,6,90.077962962963,1.013880729675293,20.4149,74.00362,0.1933,2.722670943648726
5KPE_2_6_1_combined_id3,2.2312064170837402,2.4747607707977295,84.98277777777777,0.7,2,6,90.077962962963,1.013880729675293,20.4149,74.00362,0.1858,2.696566263834636
5KPE_2_6_1_combined_id5,1.3364713191986084,1.5948081016540527,87.69564814814815,0.77,2,6,90.077962962963,1.013880729675293,20.4149,74.00362,0.2062,2.3061031765407987
5KPE_2_6_1_combined_id6,1.2497706413269043,1.842559576034546,88.26675925925923,0.74,2,6,90.077962962963,1.013880729675293,20.4149,74.00362,0.1744,2.727993435329861
5KPE_2_6_1_combined_id7,2.8293371200561523,3.132920265197754,64.22768518518518,0.48,2,6,90.077962962963,1.013880729675293,20.4149,74.00362,0.1627,2.2243609958224826
5KPE_2_6_1_combined_id8,1.1346111297607422,2.0977365970611572,87.00416666666666,0.74,2,6,90.077962962963,1.013880729675293,20.4149,74.00362,0.1711,2.460468998661748
5KPE_2_6_1_combined_id9,1.4306870698928833,1.8818697929382324,88.93546296296297,0.77,2,6,90.077962962963,1.013880729675293,20.4149,74.00362,0.1785,2.385364108615452
5KPE_2_6_2_combined_id1,0.8207837343215942,1.8378397226333618,88.29111111111112,0.71,2,6,87.84740740740743,1.026914119720459,21.106106,74.888695,0.1569,2.9011928417064525
5KPE_2_6_2_combined_id10,1.0728541612625122,1.6347393989562988,90.58537037037036,0.78,2,6,87.84740740740743,1.026914119720459,21.106106,74.888695,0.1705,2.664376152886285
5KPE_2_6_2_combined_id11,7.437999725341797,7.8352274894714355,79.77453703703705,0.65,2,6,87.84740740740743,1.026914119720459,21.106106,74.888695,0.1654,2.373939796730324
5KPE_2_6_2_combined_id12,2.084385395050049,2.2002475261688232,80.9803703703704,0.7,2,6,87.84740740740743,1.026914119720459,21.106106,74.888695,0.1555,2.684662430374711
5KPE_2_6_2_combined_id13,10.709341049194336,10.79022216796875,71.22472222222221,0.53,2,6,87.84740740740743,1.026914119720459,21.106106,74.888695,0.1759,2.36019191035518
5KPE_2_6_2_combined_id14,0.994152843952179,1.9003314971923828,91.38666666666666,0.78,2,6,87.84740740740743,1.026914119720459,21.106106,74.888695,0.1682,2.8480572170681424
5KPE_2_6_2_combined_id15,1.2622677087783813,1.7773973941802979,90.46981481481482,0.79,2,6,87.84740740740743,1.026914119720459,21.106106,74.888695,0.1529,2.677365055790654
5KPE_2_6_2_combined_id16,1.0977996587753296,1.4952049255371094,89.18,0.74,2,6,87.84740740740743,1.026914119720459,21.106106,74.888695,0.1826,2.6899507310655384
5KPE_2_6_2_combined_id17,1.7628740072250366,2.0219521522521973,86.06509259259259,0.75,2,6,87.84740740740743,1.026914119720459,21.106106,74.888695,0.1799,2.2587495026765048
5KPE_2_6_2_combined_id18,1.4908010959625244,1.4682236909866333,85.82064814814815,0.73,2,6,87.84740740740743,1.026914119720459,21.106106,74.888695,0.1725,2.3194554646809897
5KPE_2_6_2_combined_id19,10.6298189163208,10.555230140686035,84.00777777777778,0.71,2,6,87.84740740740743,1.026914119720459,21.106106,74.888695,0.1781,2.4782047978153936
5KPE_2_6_2_combined_id2,2.086787223815918,1.5932151079177856,92.03611111111113,0.79,2,6,87.84740740740743,1.026914119720459,21.106106,74.888695,0.1622,2.379013061523437
5KPE_2_6_2_combined_id20,1.4131335020065308,1.6212824583053589,88.37342592592594,0.7,2,6,87.84740740740743,1.026914119720459,21.106106,74.888695,0.174,2.392674763997396
5KPE_2_6_2_combined_id21,1.072026014328003,1.6951550245285034,89.50972222222224,0.76,2,6,87.84740740740743,1.026914119720459,21.106106,74.888695,0.167,2.8362002902560763
5KPE_2_6_2_combined_id22,1.2755639553070068,1.9220755100250244,88.00453703703704,0.7,2,6,87.84740740740743,1.026914119720459,21.106106,74.888695,0.1761,2.548145718044705
5KPE_2_6_2_combined_id23,2.2078592777252197,1.8196837902069092,81.75527777777778,0.67,2,6,87.84740740740743,1.026914119720459,21.106106,74.888695,0.1759,2.447079128689236
5KPE_2_6_2_combined_id24,1.3620214462280273,1.615575909614563,84.09481481481482,0.66,2,6,87.84740740740743,1.026914119720459,21.106106,74.888695,0.1585,2.583806355794271
5KPE_2_6_2_combined_id3,1.8333423137664795,1.579757809638977,86.52527777777777,0.68,2,6,87.84740740740743,1.026914119720459,21.106106,74.888695,0.1703,2.2426187020761
5KPE_2_6_2_combined_id4,1.807168960571289,1.5791878700256348,84.67638888888887,0.64,2,6,87.84740740740743,1.026914119720459,21.106106,74.888695,0.1626,2.2967263680917247
5KPE_2_6_2_combined_id5,1.166571021080017,2.173490285873413,90.02768518518518,0.78,2,6,87.84740740740743,1.026914119720459,21.106106,74.888695,0.1801,2.480729279694734
5KPE_2_6_2_combined_id6,11.759577751159668,11.637579917907715,85.74287037037038,0.62,2,6,87.84740740740743,1.026914119720459,21.106106,74.888695,0.1803,2.56205325656467
5KPE_2_6_2_combined_id7,1.1555099487304688,1.8419623374938965,88.28805555555557,0.73,2,6,87.84740740740743,1.026914119720459,21.106106,74.888695,0.1687,2.842337996871383
5KPE_2_6_2_combined_id8,1.3428398370742798,1.967358946800232,90.78203703703704,0.8,2,6,87.84740740740743,1.026914119720459,21.106106,74.888695,0.1681,2.6100040011935763
5KPE_2_6_2_combined_id9,1.0543006658554077,1.8256049156188965,90.3048148148148,0.77,2,6,87.84740740740743,1.026914119720459,21.106106,74.888695,0.1583,2.8972707677770546
5KPE_2_6_3_combined_id1,1.4545701742172241,1.456587791442871,92.42398148148148,0.82,2,6,91.47277777777778,0.7294094562530518,20.565151,70.961365,0.1681,2.556881657353154
5KPE_2_6_3_combined_id10,8.893263816833496,9.300801277160645,67.67055555555557,0.56,2,6,91.47277777777778,0.7294094562530518,20.565151,70.961365,0.1691,2.6105914645724826
5KPE_2_6_3_combined_id11,2.7640230655670166,2.7162365913391113,71.35092592592592,0.54,2,6,91.47277777777778,0.7294094562530518,20.565151,70.961365,0.1584,2.406514203106916
5KPE_2_6_3_combined_id12,1.4298057556152344,1.3746899366378784,87.42351851851852,0.72,2,6,91.47277777777778,0.7294094562530518,20.565151,70.961365,0.1676,2.5132807978877314
5KPE_2_6_3_combined_id13,1.8943657875061035,1.8894597291946411,88.29250000000002,0.71,2,6,91.47277777777778,0.7294094562530518,20.565151,70.961365,0.1868,2.497693097149884
5KPE_2_6_3_combined_id14,1.5612021684646606,1.3339111804962158,85.91185185185184,0.69,2,6,91.47277777777778,0.7294094562530518,20.565151,70.961365,0.1706,2.500797978153935
5KPE_2_6_3_combined_id15,1.7483848333358765,1.736595630645752,90.61444444444444,0.79,2,6,91.47277777777778,0.7294094562530518,20.565151,70.961365,0.1855,2.278676916051794
5KPE_2_6_3_combined_id16,1.2102735042572021,1.6071393489837646,90.33083333333332,0.79,2,6,91.47277777777778,0.7294094562530518,20.565151,70.961365,0.1851,2.764402036313657
5KPE_2_6_3_combined_id17,1.3928427696228027,1.503429889678955,86.52472222222222,0.74,2,6,91.47277777777778,0.7294094562530518,20.565151,70.961365,0.1716,2.424647013346354
5KPE_2_6_3_combined_id18,1.4923267364501953,1.7161120176315308,92.1925,0.8,2,6,91.47277777777778,0.7294094562530518,20.565151,70.961365,0.177,2.6372126826533564
5KPE_2_6_3_combined_id19,1.337631106376648,1.6647201776504517,85.42861111111112,0.71,2,6,91.47277777777778,0.7294094562530518,20.565151,70.961365,0.1725,2.369316242359303
5KPE_2_6_3_combined_id2,11.56835651397705,11.655756950378418,67.55620370370372,0.5,2,6,91.47277777777778,0.7294094562530518,20.565151,70.961365,0.1567,2.6268923724139177
5KPE_2_6_3_combined_id20,1.3641517162322998,1.6981309652328491,88.78601851851852,0.76,2,6,91.47277777777778,0.7294094562530518,20.565151,70.961365,0.1791,2.3304885581687644
5KPE_2_6_3_combined_id21,1.0465190410614014,1.7549171447753906,85.32425925925926,0.67,2,6,91.47277777777778,0.7294094562530518,20.565151,70.961365,0.1885,2.553603278266059
5KPE_2_6_3_combined_id22,1.2451997995376587,1.5878995656967163,90.18083333333333,0.78,2,6,91.47277777777778,0.7294094562530518,20.565151,70.961365,0.1708,2.5390783239293984
5KPE_2_6_3_combined_id23,1.1873788833618164,1.5407997369766235,84.27425925925927,0.67,2,6,91.47277777777778,0.7294094562530518,20.565151,70.961365,0.18,2.901744701244213
5KPE_2_6_3_combined_id24,2.26845121383667,2.250814437866211,88.48185185185186,0.78,2,6,91.47277777777778,0.7294094562530518,20.565151,70.961365,0.201,2.348110340259693
5KPE_2_6_3_combined_id3,1.6557486057281494,1.777860403060913,86.01120370370371,0.71,2,6,91.47277777777778,0.7294094562530518,20.565151,70.961365,0.1688,2.565064606843172
5KPE_2_6_3_combined_id4,1.179368257522583,1.5016857385635376,87.77657407407408,0.74,2,6,91.47277777777778,0.7294094562530518,20.565151,70.961365,0.1831,2.4561117666739003
5KPE_2_6_3_combined_id5,1.489569902420044,1.2535783052444458,89.2850925925926,0.75,2,6,91.47277777777778,0.7294094562530518,20.565151,70.961365,0.171,2.395257455331308
5KPE_2_6_3_combined_id6,1.5939199924468994,1.593834638595581,89.81925925925925,0.76,2,6,91.47277777777778,0.7294094562530518,20.565151,70.961365,0.1909,2.4326081452546298
5KPE_2_6_3_combined_id7,3.528808832168579,3.288973093032837,75.62407407407407,0.62,2,6,91.47277777777778,0.7294094562530518,20.565151,70.961365,0.1754,2.070914939597801
5KPE_2_6_3_combined_id8,1.0171271562576294,2.0123720169067383,91.71092592592592,0.79,2,6,91.47277777777778,0.7294094562530518,20.565151,70.961365,0.1597,2.806144149215133
5KPE_2_6_3_combined_id9,1.5382736921310425,1.6516714096069336,86.86574074074075,0.74,2,6,91.47277777777778,0.7294094562530518,20.565151,70.961365,0.1561,2.7080038565176503
5KPE_2_6_4_combined_id1,1.1727442741394043,1.905218482017517,91.32324074074072,0.79,2,6,85.8949074074074,1.349872589111328,20.939934,76.682724,0.2004,2.62996984411169
5KPE_2_6_4_combined_id10,0.9900119304656982,2.014451265335083,88.70407407407409,0.71,2,6,85.8949074074074,1.349872589111328,20.939934,76.682724,0.1703,2.7056811297381365
5KPE_2_6_4_combined_id11,2.902374505996704,3.9379899501800537,70.7287037037037,0.49,2,6,85.8949074074074,1.349872589111328,20.939934,76.682724,0.1657,2.576777140299479
5KPE_2_6_4_combined_id12,0.9301477074623108,1.8255984783172607,93.43898148148148,0.82,2,6,85.8949074074074,1.349872589111328,20.939934,76.682724,0.2091,2.6404896488896124
5KPE_2_6_4_combined_id13,1.136298418045044,1.5683670043945312,88.4263888888889,0.78,2,6,85.8949074074074,1.349872589111328,20.939934,76.682724,0.166,2.73689948187934
5KPE_2_6_4_combined_id14,1.047631859779358,1.983269453048706,88.89527777777778,0.73,2,6,85.8949074074074,1.349872589111328,20.939934,76.682724,0.1756,2.706694991500289
5KPE_2_6_4_combined_id15,1.1022690534591675,1.6834867000579834,89.8575925925926,0.75,2,6,85.8949074074074,1.349872589111328,20.939934,76.682724,0.1737,2.76176678692853
5KPE_2_6_4_combined_id16,1.0564919710159302,1.7619410753250122,92.2885185185185,0.8,2,6,85.8949074074074,1.349872589111328,20.939934,76.682724,0.1962,2.612621166087963
5KPE_2_6_4_combined_id17,3.069840908050537,3.0011627674102783,73.88157407407408,0.57,2,6,85.8949074074074,1.349872589111328,20.939934,76.682724,0.1664,2.6572912710684315
5KPE_2_6_4_combined_id18,1.5528212785720825,1.5925028324127197,88.76083333333335,0.76,2,6,85.8949074074074,1.349872589111328,20.939934,76.682724,0.1933,2.3886679190176503
5KPE_2_6_4_combined_id19,1.3283771276474,1.9181233644485474,90.88490740740744,0.81,2,6,85.8949074074074,1.349872589111328,20.939934,76.682724,0.2009,2.32013914320204
5KPE_2_6_4_combined_id2,1.2840735912322998,1.8589280843734741,83.80703703703703,0.68,2,6,85.8949074074074,1.349872589111328,20.939934,76.682724,0.161,2.903093691225405
5KPE_2_6_4_combined_id20,1.6634310483932495,2.3793368339538574,91.2050925925926,0.78,2,6,85.8949074074074,1.349872589111328,20.939934,76.682724,0.1765,2.8593032271773726
5KPE_2_6_4_combined_id21,0.95110684633255,2.0328269004821777,92.46916666666664,0.82,2,6,85.8949074074074,1.349872589111328,20.939934,76.682724,0.1617,2.701244495533131
5KPE_2_6_4_combined_id22,1.5281977653503418,1.5251548290252686,84.4275,0.68,2,6,85.8949074074074,1.349872589111328,20.939934,76.682724,0.1757,2.4688375967520253
5KPE_2_6_4_combined_id23,1.541114330291748,1.2414400577545166,87.82861111111112,0.76,2,6,85.8949074074074,1.349872589111328,20.939934,76.682724,0.2042,2.3274449948911315
5KPE_2_6_4_combined_id24,2.641103506088257,2.742105007171631,66.29546296296296,0.54,2,6,85.8949074074074,1.349872589111328,20.939934,76.682724,0.1609,2.7143961588541665
5KPE_2_6_4_combined_id3,1.2660722732543945,1.520623803138733,90.85101851851852,0.8,2,6,85.8949074074074,1.349872589111328,20.939934,76.682724,0.2001,2.457515010127315
5KPE_2_6_4_combined_id4,1.1656603813171387,1.8842756748199463,93.13842592592592,0.82,2,6,85.8949074074074,1.349872589111328,20.939934,76.682724,0.1925,2.655551486545139
5KPE_2_6_4_combined_id5,1.1823652982711792,1.7944222688674927,93.7687962962963,0.84,2,6,85.8949074074074,1.349872589111328,20.939934,76.682724,0.1764,2.9452554208261
5KPE_2_6_4_combined_id6,1.2064213752746582,1.5658761262893677,89.57518518518519,0.78,2,6,85.8949074074074,1.349872589111328,20.939934,76.682724,0.1756,2.745550367567274
5KPE_2_6_4_combined_id7,1.7736220359802246,1.3850566148757935,83.00064814814814,0.67,2,6,85.8949074074074,1.349872589111328,20.939934,76.682724,0.1836,2.627192744502315
5KPE_2_6_4_combined_id8,1.612951397895813,2.1671533584594727,77.07657407407409,0.6,2,6,85.8949074074074,1.349872589111328,20.939934,76.682724,0.1681,2.486115067093461
5KPE_2_6_4_combined_id9,1.700271487236023,1.728872537612915,88.58666666666667,0.77,2,6,85.8949074074074,1.349872589111328,20.939934,76.682724,0.1898,2.3020523918999567
5KPE_2_6_5_combined_id1,1.432990550994873,1.404213309288025,88.01638888888887,0.79,2,6,88.15990740740742,0.9859988689422609,20.454456,75.55257,0.1908,2.6104182490596064
5KPE_2_6_5_combined_id10,2.186070442199707,1.913365125656128,78.72194444444446,0.64,2,6,88.15990740740742,0.9859988689422609,20.454456,75.55257,0.1697,2.437910857024016
5KPE_2_6_5_combined_id11,1.6201609373092651,1.9008495807647705,79.78333333333332,0.63,2,6,88.15990740740742,0.9859988689422609,20.454456,75.55257,0.1699,2.4607755872938366
5KPE_2_6_5_combined_id12,1.7001558542251587,2.2071361541748047,87.07824074074072,0.74,2,6,88.15990740740742,0.9859988689422609,20.454456,75.55257,0.1701,2.632517214174624
5KPE_2_6_5_combined_id13,15.036502838134766,15.380738258361816,64.06833333333334,0.47,2,6,88.15990740740742,0.9859988689422609,20.454456,75.55257,0.1799,2.7096659342447915
5KPE_2_6_5_combined_id14,10.537934303283691,10.510794639587402,73.09851851851852,0.57,2,6,88.15990740740742,0.9859988689422609,20.454456,75.55257,0.1706,2.3605818571867765
5KPE_2_6_5_combined_id15,1.3168648481369019,1.4510433673858643,90.91296296296296,0.76,2,6,88.15990740740742,0.9859988689422609,20.454456,75.55257,0.1688,2.5848026982060186
5KPE_2_6_5_combined_id16,1.3517776727676392,1.6891326904296875,90.7150925925926,0.78,2,6,88.15990740740742,0.9859988689422609,20.454456,75.55257,0.1734,2.5977291531032987
5KPE_2_6_5_combined_id17,1.1675946712493896,1.6834838390350342,87.4212037037037,0.72,2,6,88.15990740740742,0.9859988689422609,20.454456,75.55257,0.1691,2.7984251799406827
5KPE_2_6_5_combined_id18,1.2948497533798218,1.7281341552734375,84.83037037037037,0.7,2,6,88.15990740740742,0.9859988689422609,20.454456,75.55257,0.1565,2.388825875741464
5KPE_2_6_5_combined_id19,1.6091212034225464,1.794252872467041,83.35601851851852,0.66,2,6,88.15990740740742,0.9859988689422609,20.454456,75.55257,0.1545,2.856996889467593
5KPE_2_6_5_combined_id2,5.980760097503662,5.119747638702393,68.04083333333332,0.53,2,6,88.15990740740742,0.9859988689422609,20.454456,75.55257,0.1696,2.6764888057002314
5KPE_2_6_5_combined_id20,1.2658143043518066,1.5167367458343506,89.3114814814815,0.77,2,6,88.15990740740742,0.9859988689422609,20.454456,75.55257,0.1579,2.532151963975694
5KPE_2_6_5_combined_id21,1.5944178104400635,1.6441054344177246,92.8209259259259,0.84,2,6,88.15990740740742,0.9859988689422609,20.454456,75.55257,0.1824,2.477321483470776
5KPE_2_6_5_combined_id22,1.2971748113632202,1.722162127494812,91.20999999999998,0.8,2,6,88.15990740740742,0.9859988689422609,20.454456,75.55257,0.1754,2.739631935402199
5KPE_2_6_5_combined_id23,1.1282061338424683,1.9324990510940552,89.18861111111113,0.76,2,6,88.15990740740742,0.9859988689422609,20.454456,75.55257,0.1794,2.772139372649016
5KPE_2_6_5_combined_id24,1.8002070188522339,2.0949158668518066,76.73888888888888,0.63,2,6,88.15990740740742,0.9859988689422609,20.454456,75.55257,0.1699,2.5835209599247686
5KPE_2_6_5_combined_id3,1.2107603549957275,1.8306400775909424,91.38870370370373,0.82,2,6,88.15990740740742,0.9859988689422609,20.454456,75.55257,0.1827,2.6752627337420427
5KPE_2_6_5_combined_id4,1.6002215147018433,1.9827486276626587,82.69944444444445,0.66,2,6,88.15990740740742,0.9859988689422609,20.454456,75.55257,0.1581,2.704237196180556
5KPE_2_6_5_combined_id5,2.6768925189971924,2.6937978267669678,73.54361111111112,0.61,2,6,88.15990740740742,0.9859988689422609,20.454456,75.55257,0.1754,2.784550702130353
5KPE_2_6_5_combined_id6,1.7504643201828003,1.3380194902420044,94.98398148148146,0.84,2,6,88.15990740740742,0.9859988689422609,20.454456,75.55257,0.1952,2.2464978253399885
5KPE_2_6_5_combined_id7,1.154430866241455,2.0945944786071777,90.14787037037036,0.75,2,6,88.15990740740742,0.9859988689422609,20.454456,75.55257,0.1713,3.051216973198785
5KPE_2_6_5_combined_id8,1.6580268144607544,1.3980485200881958,80.5300925925926,0.65,2,6,88.15990740740742,0.9859988689422609,20.454456,75.55257,0.1511,2.72470290572555
5KPE_2_6_5_combined_id9,3.2857296466827393,3.8432576656341553,72.9762962962963,0.59,2,6,88.15990740740742,0.9859988689422609,20.454456,75.55257,0.1589,2.594364024974681
5KPE_2_6_6_combined_id1,1.2324084043502808,1.9777313470840454,92.21555555555555,0.84,2,6,90.79064814814818,0.8177164793014526,20.535513,74.7326,0.1615,2.8783252857349537
5KPE_2_6_6_combined_id10,1.7623891830444336,1.445304036140442,83.49703703703702,0.7,2,6,90.79064814814818,0.8177164793014526,20.535513,74.7326,0.1673,2.5584391841182
5KPE_2_6_6_combined_id11,3.122300386428833,2.79921293258667,82.19472222222223,0.7,2,6,90.79064814814818,0.8177164793014526,20.535513,74.7326,0.1538,2.513062653718172
5KPE_2_6_6_combined_id12,1.0849555730819702,1.8839788436889648,84.94583333333333,0.68,2,6,90.79064814814818,0.8177164793014526,20.535513,74.7326,0.1509,2.533036408600984
5KPE_2_6_6_combined_id13,1.7549738883972168,1.756163239479065,85.68287037037037,0.72,2,6,90.79064814814818,0.8177164793014526,20.535513,74.7326,0.1681,2.427931608977141
5KPE_2_6_6_combined_id14,1.1396069526672363,1.798040509223938,89.52870370370371,0.77,2,6,90.79064814814818,0.8177164793014526,20.535513,74.7326,0.1726,2.857383162887008
5KPE_2_6_6_combined_id15,1.3678910732269287,2.029289960861206,91.9215740740741,0.78,2,6,90.79064814814818,0.8177164793014526,20.535513,74.7326,0.1733,2.550540500217014
5KPE_2_6_6_combined_id16,9.44692611694336,9.575458526611328,70.20768518518518,0.54,2,6,90.79064814814818,0.8177164793014526,20.535513,74.7326,0.1701,2.20646893536603
5KPE_2_6_6_combined_id17,1.1057955026626587,1.9501441717147827,89.93490740740741,0.76,2,6,90.79064814814818,0.8177164793014526,20.535513,74.7326,0.164,2.738681369357639
5KPE_2_6_6_combined_id18,2.057457685470581,1.206538438796997,88.69583333333333,0.74,2,6,90.79064814814818,0.8177164793014526,20.535513,74.7326,0.1789,2.111215520788122
5KPE_2_6_6_combined_id19,1.1865164041519165,1.5051699876785278,87.29000000000002,0.75,2,6,90.79064814814818,0.8177164793014526,20.535513,74.7326,0.1661,2.756391172055845
5KPE_2_6_6_combined_id20,1.2809978723526,1.5553936958312988,94.97898148148148,0.83,2,6,90.79064814814818,0.8177164793014526,20.535513,74.7326,0.1833,2.2796815942834923
5KPE_2_6_6_combined_id21,1.2397898435592651,1.5197852849960327,87.86990740740741,0.75,2,6,90.79064814814818,0.8177164793014526,20.535513,74.7326,0.1771,2.73080642135055
5KPE_2_6_6_combined_id22,1.6615420579910278,1.8534613847732544,87.99064814814814,0.78,2,6,90.79064814814818,0.8177164793014526,20.535513,74.7326,0.1845,2.3767632378472223
5KPE_2_6_6_combined_id23,1.219496726989746,1.6461493968963623,83.07222222222224,0.63,2,6,90.79064814814818,0.8177164793014526,20.535513,74.7326,0.173,2.5006606490523726
5KPE_2_6_6_combined_id24,1.2259032726287842,1.8361481428146362,90.98685185185188,0.8,2,6,90.79064814814818,0.8177164793014526,20.535513,74.7326,0.1832,2.3966298986364296
5KPE_2_6_6_combined_id4,1.0361889600753784,1.8871999979019165,87.58712962962963,0.71,2,6,90.79064814814818,0.8177164793014526,20.535513,74.7326,0.1605,2.893564860026041
5KPE_2_6_6_combined_id5,1.4687286615371704,1.9612975120544434,93.84083333333332,0.84,2,6,90.79064814814818,0.8177164793014526,20.535513,74.7326,0.1848,2.298700120713976
5KPE_2_6_6_combined_id6,1.2456886768341064,2.015871286392212,93.57175925925924,0.85,2,6,90.79064814814818,0.8177164793014526,20.535513,74.7326,0.1753,2.578913370768229
5KPE_2_6_6_combined_id7,1.4534753561019897,2.027750253677368,93.13935185185186,0.82,2,6,90.79064814814818,0.8177164793014526,20.535513,74.7326,0.1673,2.525122183340568
5KPE_2_6_6_combined_id8,1.5153839588165283,1.703762412071228,75.62712962962964,0.63,2,6,90.79064814814818,0.8177164793014526,20.535513,74.7326,0.1502,2.604644210250289
5KPE_2_6_6_combined_id9,1.1559618711471558,1.7557004690170288,91.72583333333333,0.78,2,6,90.79064814814818,0.8177164793014526,20.535513,74.7326,0.1774,2.562626591435185
5KPE_2_6_7_combined_id1,1.4022454023361206,1.229467511177063,89.84481481481481,0.76,2,6,92.78249999999998,0.937480092048645,20.03351,73.22822,0.1813,2.190373456036603
5KPE_2_6_7_combined_id10,2.074159860610962,1.5100549459457397,86.33120370370371,0.67,2,6,92.78249999999998,0.937480092048645,20.03351,73.22822,0.1716,2.108772136546947
5KPE_2_6_7_combined_id12,2.6234867572784424,2.920654535293579,85.8649074074074,0.67,2,6,92.78249999999998,0.937480092048645,20.03351,73.22822,0.1677,2.3757510715060763
5KPE_2_6_7_combined_id13,1.306733250617981,1.5047714710235596,87.52046296296295,0.73,2,6,92.78249999999998,0.937480092048645,20.03351,73.22822,0.1774,2.3605787489149304
5KPE_2_6_7_combined_id14,1.218632698059082,2.0633695125579834,89.75018518518519,0.79,2,6,92.78249999999998,0.937480092048645,20.03351,73.22822,0.1576,2.7029537624782987
5KPE_2_6_7_combined_id15,1.6187611818313599,1.8163949251174927,85.83259259259259,0.69,2,6,92.78249999999998,0.937480092048645,20.03351,73.22822,0.1987,2.2009055526168257
5KPE_2_6_7_combined_id16,1.3198916912078857,1.6424330472946167,88.75166666666665,0.78,2,6,92.78249999999998,0.937480092048645,20.03351,73.22822,0.1665,2.613069322374132
5KPE_2_6_7_combined_id17,1.3767001628875732,1.2320733070373535,91.68157407407408,0.79,2,6,92.78249999999998,0.937480092048645,20.03351,73.22822,0.1907,2.167559870967158
5KPE_2_6_7_combined_id18,1.4493855237960815,1.3967132568359375,77.87055555555555,0.63,2,6,92.78249999999998,0.937480092048645,20.03351,73.22822,0.1568,2.2143732706705728
5KPE_2_6_7_combined_id19,1.4946575164794922,1.3896620273590088,93.15138888888887,0.82,2,6,92.78249999999998,0.937480092048645,20.03351,73.22822,0.1743,2.596852903012876
5KPE_2_6_7_combined_id2,2.3225932121276855,2.424175500869751,72.5187037037037,0.57,2,6,92.78249999999998,0.937480092048645,20.03351,73.22822,0.1587,2.3852937486436634
5KPE_2_6_7_combined_id20,1.400986909866333,1.5411261320114136,86.72250000000001,0.7,2,6,92.78249999999998,0.937480092048645,20.03351,73.22822,0.1684,2.6800466466833046
5KPE_2_6_7_combined_id21,1.68177330493927,1.557868480682373,89.56953703703704,0.75,2,6,92.78249999999998,0.937480092048645,20.03351,73.22822,0.1613,2.264163547092014
5KPE_2_6_7_combined_id22,1.154367208480835,1.6749995946884155,90.77185185185184,0.77,2,6,92.78249999999998,0.937480092048645,20.03351,73.22822,0.1864,2.269534358271846
5KPE_2_6_7_combined_id23,1.6676687002182007,1.363655924797058,92.47287037037036,0.82,2,6,92.78249999999998,0.937480092048645,20.03351,73.22822,0.1807,2.2336127669722945
5KPE_2_6_7_combined_id24,1.273148775100708,1.453651785850525,91.78388888888892,0.79,2,6,92.78249999999998,0.937480092048645,20.03351,73.22822,0.2076,2.2802807843243635
5KPE_2_6_7_combined_id3,1.782638669013977,1.4672774076461792,87.85481481481482,0.75,2,6,92.78249999999998,0.937480092048645,20.03351,73.22822,0.173,2.465798554597077
5KPE_2_6_7_combined_id4,1.130509614944458,1.8120410442352295,92.89203703703706,0.83,2,6,92.78249999999998,0.937480092048645,20.03351,73.22822,0.1648,2.537583245171441
5KPE_2_6_7_combined_id5,1.3545377254486084,1.5474214553833008,89.56916666666666,0.77,2,6,92.78249999999998,0.937480092048645,20.03351,73.22822,0.1665,2.215746844256366
5KPE_2_6_7_combined_id6,1.0710899829864502,1.9039684534072876,89.68212962962963,0.77,2,6,92.78249999999998,0.937480092048645,20.03351,73.22822,0.182,2.417299341272425
5KPE_2_6_7_combined_id7,1.5149234533309937,1.5491535663604736,86.35944444444443,0.75,2,6,92.78249999999998,0.937480092048645,20.03351,73.22822,0.1768,2.1847431041576244
5KPE_2_6_7_combined_id8,1.9154080152511597,1.9712082147598267,91.2724074074074,0.77,2,6,92.78249999999998,0.937480092048645,20.03351,73.22822,0.1736,2.510398582175926
5KPE_2_6_7_combined_id9,2.1469950675964355,2.0200469493865967,84.96740740740739,0.67,2,6,92.78249999999998,0.937480092048645,20.03351,73.22822,0.1697,2.5374213324652777
5KPE_2_6_8_combined_id1,2.5770421028137207,2.057255506515503,71.13981481481481,0.54,2,6,92.12722222222222,0.8723201155662537,20.388544,75.3248,0.1783,3.0071388527199074
5KPE_2_6_8_combined_id10,1.2356454133987427,1.797622799873352,90.97351851851852,0.77,2,6,92.12722222222222,0.8723201155662537,20.388544,75.3248,0.1968,2.6841037891529225
5KPE_2_6_8_combined_id11,1.8414524793624878,1.6195604801177979,82.73601851851852,0.64,2,6,92.12722222222222,0.8723201155662537,20.388544,75.3248,0.1639,2.664220174153646
5KPE_2_6_8_combined_id12,1.718914270401001,1.49729323387146,89.2562962962963,0.76,2,6,92.12722222222222,0.8723201155662537,20.388544,75.3248,0.1708,2.6401904070818865
5KPE_2_6_8_combined_id13,1.2639167308807373,1.4499627351760864,86.32842592592594,0.7,2,6,92.12722222222222,0.8723201155662537,20.388544,75.3248,0.1751,2.8475576330114296
5KPE_2_6_8_combined_id14,1.303456425666809,1.7499552965164185,84.65361111111112,0.71,2,6,92.12722222222222,0.8723201155662537,20.388544,75.3248,0.1682,2.8488532172309027
5KPE_2_6_8_combined_id15,1.9361000061035156,1.2840447425842285,83.19231481481481,0.69,2,6,92.12722222222222,0.8723201155662537,20.388544,75.3248,0.1853,2.641343010796441
5KPE_2_6_8_combined_id16,1.2898228168487549,1.561571478843689,92.74805555555558,0.82,2,6,92.12722222222222,0.8723201155662537,20.388544,75.3248,0.1994,2.5250656693070024
5KPE_2_6_8_combined_id17,1.0606738328933716,1.7098101377487183,89.49666666666666,0.77,2,6,92.12722222222222,0.8723201155662537,20.388544,75.3248,0.1827,2.758648625126592
5KPE_2_6_8_combined_id18,1.3468050956726074,1.4200458526611328,86.15185185185186,0.73,2,6,92.12722222222222,0.8723201155662537,20.388544,75.3248,0.1702,2.7595285486291954
5KPE_2_6_8_combined_id19,1.3580865859985352,1.3454018831253052,90.78092592592591,0.8,2,6,92.12722222222222,0.8723201155662537,20.388544,75.3248,0.2108,2.506416603370949
5KPE_2_6_8_combined_id2,1.024356722831726,1.5824670791625977,89.81685185185187,0.78,2,6,92.12722222222222,0.8723201155662537,20.388544,75.3248,0.1872,2.6827299329969616
5KPE_2_6_8_combined_id20,1.4739129543304443,1.8423210382461548,84.11685185185186,0.68,2,6,92.12722222222222,0.8723201155662537,20.388544,75.3248,0.1892,2.485657303421586
5KPE_2_6_8_combined_id21,1.0646605491638184,1.6954807043075562,87.52805555555557,0.74,2,6,92.12722222222222,0.8723201155662537,20.388544,75.3248,0.1833,2.4973653157552085
5KPE_2_6_8_combined_id22,6.464325904846191,6.226478576660156,63.86305555555556,0.49,2,6,92.12722222222222,0.8723201155662537,20.388544,75.3248,0.1811,2.6460466738100403
5KPE_2_6_8_combined_id23,1.3381311893463135,1.2829620838165283,86.68953703703704,0.73,2,6,92.12722222222222,0.8723201155662537,20.388544,75.3248,0.1841,2.416004322193287
5KPE_2_6_8_combined_id24,1.9833946228027344,1.537668228149414,92.91379629629628,0.82,2,6,92.12722222222222,0.8723201155662537,20.388544,75.3248,0.1884,2.576304117838541
5KPE_2_6_8_combined_id3,1.6263843774795532,1.223231315612793,87.69453703703705,0.74,2,6,92.12722222222222,0.8723201155662537,20.388544,75.3248,0.1887,2.4239089400679976
5KPE_2_6_8_combined_id4,1.8188210725784302,0.8740211725234985,91.8749074074074,0.79,2,6,92.12722222222222,0.8723201155662537,20.388544,75.3248,0.2097,2.1581378512912326
5KPE_2_6_8_combined_id5,1.4009547233581543,1.385619878768921,85.34703703703703,0.71,2,6,92.12722222222222,0.8723201155662537,20.388544,75.3248,0.1898,2.305257161458333
5KPE_2_6_8_combined_id6,1.7480453252792358,1.1097077131271362,86.44703703703702,0.71,2,6,92.12722222222222,0.8723201155662537,20.388544,75.3248,0.1809,2.1913415414315685
5KPE_2_6_8_combined_id7,1.868169903755188,1.4392850399017334,90.26944444444442,0.77,2,6,92.12722222222222,0.8723201155662537,20.388544,75.3248,0.1753,2.412627326117621
5KPE_2_6_8_combined_id8,1.2162383794784546,1.6607778072357178,92.0673148148148,0.8,2,6,92.12722222222222,0.8723201155662537,20.388544,75.3248,0.1844,2.514038651077836
5KPE_2_6_8_combined_id9,1.4616429805755615,1.460109829902649,83.31583333333334,0.67,2,6,92.12722222222222,0.8723201155662537,20.388544,75.3248,0.171,2.6686426798502603
5KPE_2_6_9_combined_id1,1.5303089618682861,1.2173612117767334,87.51157407407408,0.71,2,6,91.65175925925926,0.8131116032600403,20.21626,73.83655,0.1867,2.20295234962746
5KPE_2_6_9_combined_id10,1.6614950895309448,2.0709753036499023,84.34185185185184,0.74,2,6,91.65175925925926,0.8131116032600403,20.21626,73.83655,0.175,2.4050154509367765
5KPE_2_6_9_combined_id11,1.3661693334579468,2.2107293605804443,93.15638888888888,0.8,2,6,91.65175925925926,0.8131116032600403,20.21626,73.83655,0.1773,2.691245467574508
5KPE_2_6_9_combined_id12,1.3878443241119385,1.395816683769226,90.98546296296298,0.79,2,6,91.65175925925926,0.8131116032600403,20.21626,73.83655,0.1555,2.413128888165509
5KPE_2_6_9_combined_id13,1.041229248046875,2.173097610473633,87.95657407407407,0.73,2,6,91.65175925925926,0.8131116032600403,20.21626,73.83655,0.1678,2.863783094618056
5KPE_2_6_9_combined_id14,1.4068647623062134,1.9821956157684326,80.89425925925926,0.68,2,6,91.65175925925926,0.8131116032600403,20.21626,73.83655,0.1734,2.4073192455150463
5KPE_2_6_9_combined_id15,1.4353296756744385,1.7311168909072876,87.29129629629631,0.75,2,6,91.65175925925926,0.8131116032600403,20.21626,73.83655,0.1945,2.4518565425166376
5KPE_2_6_9_combined_id16,1.2117007970809937,1.6785328388214111,89.71861111111112,0.75,2,6,91.65175925925926,0.8131116032600403,20.21626,73.83655,0.1546,2.585806952582465
5KPE_2_6_9_combined_id17,1.1473950147628784,1.621132254600525,93.79583333333332,0.83,2,6,91.65175925925926,0.8131116032600403,20.21626,73.83655,0.22,2.3816991735387734
5KPE_2_6_9_combined_id18,2.411701202392578,2.637921094894409,87.51564814814812,0.8,2,6,91.65175925925926,0.8131116032600403,20.21626,73.83655,0.1765,2.559895833333333
5KPE_2_6_9_combined_id19,1.4411224126815796,1.7712348699569702,90.1184259259259,0.78,2,6,91.65175925925926,0.8131116032600403,20.21626,73.83655,0.1836,2.5184976083261
5KPE_2_6_9_combined_id2,1.3435136079788208,1.2185271978378296,88.93435185185187,0.75,2,6,91.65175925925926,0.8131116032600403,20.21626,73.83655,0.1727,2.362895824291088
5KPE_2_6_9_combined_id20,1.5953772068023682,1.937958836555481,89.88314814814812,0.75,2,6,91.65175925925926,0.8131116032600403,20.21626,73.83655,0.1842,2.669606809262876
5KPE_2_6_9_combined_id21,1.318056344985962,1.781514286994934,89.26194444444444,0.77,2,6,91.65175925925926,0.8131116032600403,20.21626,73.83655,0.1602,2.714292738172743
5KPE_2_6_9_combined_id22,1.319315791130066,1.3455489873886108,92.00935185185182,0.82,2,6,91.65175925925926,0.8131116032600403,20.21626,73.83655,0.1719,2.4890854446976274
5KPE_2_6_9_combined_id23,1.068770170211792,1.7679054737091064,88.00296296296295,0.75,2,6,91.65175925925926,0.8131116032600403,20.21626,73.83655,0.1596,2.659939236111111
5KPE_2_6_9_combined_id24,1.1796730756759644,1.836153268814087,89.99407407407406,0.78,2,6,91.65175925925926,0.8131116032600403,20.21626,73.83655,0.189,2.509900128399884
5KPE_2_6_9_combined_id3,1.039662480354309,1.8024636507034302,88.63111111111112,0.74,2,6,91.65175925925926,0.8131116032600403,20.21626,73.83655,0.1707,2.789497375488281
5KPE_2_6_9_combined_id4,11.163346290588379,10.86975383758545,78.43564814814815,0.61,2,6,91.65175925925926,0.8131116032600403,20.21626,73.83655,0.1716,2.5067200837311923
5KPE_2_6_9_combined_id5,1.4042351245880127,1.4538673162460327,87.22583333333334,0.72,2,6,91.65175925925926,0.8131116032600403,20.21626,73.83655,0.1831,2.505784776475694
5KPE_2_6_9_combined_id6,1.3144980669021606,1.9593641757965088,87.31324074074075,0.69,2,6,91.65175925925926,0.8131116032600403,20.21626,73.83655,0.175,2.4626973470052085
5KPE_2_6_9_combined_id7,1.6019924879074097,1.5593852996826172,87.58027777777777,0.76,2,6,91.65175925925926,0.8131116032600403,20.21626,73.83655,0.1681,2.5646235148111978
5KPE_2_6_9_combined_id8,1.8767660856246948,1.3751603364944458,87.1310185185185,0.74,2,6,91.65175925925926,0.8131116032600403,20.21626,73.83655,0.1844,2.467498214156539
5KPE_2_6_9_combined_id9,1.3608564138412476,1.293879747390747,89.6716666666667,0.79,2,6,91.65175925925926,0.8131116032600403,20.21626,73.83655,0.1778,2.047049910933883
5KPE_2_8_0_combined_id1,1.6600147485733032,1.2580134868621826,87.7898148148148,0.76,2,8,91.5162962962963,0.7398216724395752,20.278904,73.07307,0.1827,2.3684778566713685
5KPE_2_8_0_combined_id10,2.735504150390625,3.081008195877075,68.87157407407408,0.54,2,8,91.5162962962963,0.7398216724395752,20.278904,73.07307,0.1673,2.61730307119864
5KPE_2_8_0_combined_id11,1.5308911800384521,1.748639702796936,89.24583333333331,0.77,2,8,91.5162962962963,0.7398216724395752,20.278904,73.07307,0.1892,2.3858405219184027
5KPE_2_8_0_combined_id12,10.958186149597168,10.959803581237793,72.43453703703705,0.52,2,8,91.5162962962963,0.7398216724395752,20.278904,73.07307,0.1782,2.211464352077908
5KPE_2_8_0_combined_id13,1.2959009408950806,1.9663586616516113,90.46907407407406,0.74,2,8,91.5162962962963,0.7398216724395752,20.278904,73.07307,0.1588,2.7320918330439814
5KPE_2_8_0_combined_id14,1.4190831184387207,1.7560447454452515,87.57305555555557,0.74,2,8,91.5162962962963,0.7398216724395752,20.278904,73.07307,0.1704,2.502023767541956
5KPE_2_8_0_combined_id15,1.3701852560043335,2.4104013442993164,87.60851851851852,0.67,2,8,91.5162962962963,0.7398216724395752,20.278904,73.07307,0.1655,2.710906417281539
5KPE_2_8_0_combined_id16,1.5888113975524902,1.2877347469329834,86.16425925925925,0.7,2,8,91.5162962962963,0.7398216724395752,20.278904,73.07307,0.1913,2.4332317776150174
5KPE_2_8_0_combined_id17,0.9308149218559265,1.4211570024490356,93.08046296296298,0.82,2,8,91.5162962962963,0.7398216724395752,20.278904,73.07307,0.1573,2.833382500542535
5KPE_2_8_0_combined_id18,1.1258864402770996,1.8796125650405884,91.7062962962963,0.79,2,8,91.5162962962963,0.7398216724395752,20.278904,73.07307,0.1695,2.713415922941985
5KPE_2_8_0_combined_id19,1.1752551794052124,1.8303948640823364,88.94333333333333,0.74,2,8,91.5162962962963,0.7398216724395752,20.278904,73.07307,0.1757,2.520761843080874
5KPE_2_8_0_combined_id2,1.2647409439086914,1.8489511013031006,92.67472222222224,0.81,2,8,91.5162962962963,0.7398216724395752,20.278904,73.07307,0.1761,2.4583192048249423
5KPE_2_8_0_combined_id20,1.5835785865783691,1.0839825868606567,88.21777777777778,0.73,2,8,91.5162962962963,0.7398216724395752,20.278904,73.07307,0.16,2.4380809642650463
5KPE_2_8_0_combined_id21,0.884886622428894,2.3252553939819336,92.3949074074074,0.81,2,8,91.5162962962963,0.7398216724395752,20.278904,73.07307,0.1557,2.793249907316985
5KPE_2_8_0_combined_id22,1.3633346557617188,1.5211355686187744,92.5785185185185,0.79,2,8,91.5162962962963,0.7398216724395752,20.278904,73.07307,0.1874,2.301843431260851
5KPE_2_8_0_combined_id23,1.381230115890503,1.2638550996780396,89.34574074074072,0.75,2,8,91.5162962962963,0.7398216724395752,20.278904,73.07307,0.1832,2.3700492293746382
5KPE_2_8_0_combined_id24,1.2533024549484253,1.4014018774032593,91.5737037037037,0.81,2,8,91.5162962962963,0.7398216724395752,20.278904,73.07307,0.179,2.3105940642180265
5KPE_2_8_0_combined_id3,6.443367958068848,6.510530471801758,69.72222222222223,0.55,2,8,91.5162962962963,0.7398216724395752,20.278904,73.07307,0.1871,2.2412485193323204
5KPE_2_8_0_combined_id4,1.722091794013977,1.4554632902145386,90.43472222222223,0.77,2,8,91.5162962962963,0.7398216724395752,20.278904,73.07307,0.1822,2.27377771448206
5KPE_2_8_0_combined_id5,1.3408764600753784,2.0451531410217285,90.89555555555556,0.78,2,8,91.5162962962963,0.7398216724395752,20.278904,73.07307,0.1827,2.643407468442564
5KPE_2_8_0_combined_id6,1.1234954595565796,2.0602877140045166,90.835,0.8,2,8,91.5162962962963,0.7398216724395752,20.278904,73.07307,0.161,2.5218505859375
5KPE_2_8_0_combined_id7,0.9826195240020752,1.9059803485870361,90.1361111111111,0.75,2,8,91.5162962962963,0.7398216724395752,20.278904,73.07307,0.1791,2.579899540653935
5KPE_2_8_0_combined_id8,1.333160400390625,1.7536487579345703,93.68388888888887,0.82,2,8,91.5162962962963,0.7398216724395752,20.278904,73.07307,0.2006,2.702490347403068
5KPE_2_8_0_combined_id9,1.6307815313339233,1.7121294736862183,83.16685185185187,0.66,2,8,91.5162962962963,0.7398216724395752,20.278904,73.07307,0.1593,2.583704913104022
5KPE_2_8_1_combined_id1,1.5370588302612305,1.3957282304763794,88.04694444444443,0.75,2,8,88.48657407407407,0.8260194659233093,20.434319,74.70899,0.1693,2.708820484302662
5KPE_2_8_1_combined_id10,1.5171422958374023,1.326197862625122,83.42203703703704,0.72,2,8,88.48657407407407,0.8260194659233093,20.434319,74.70899,0.1452,3.0383741590711804
5KPE_2_8_1_combined_id11,1.3874707221984863,1.5356520414352417,82.87768518518517,0.69,2,8,88.48657407407407,0.8260194659233093,20.434319,74.70899,0.1825,2.643344455295139
5KPE_2_8_1_combined_id12,1.2887637615203857,1.372776746749878,87.9000925925926,0.72,2,8,88.48657407407407,0.8260194659233093,20.434319,74.70899,0.1552,2.7269829644097223
5KPE_2_8_1_combined_id13,1.2226840257644653,1.4339560270309448,82.9375925925926,0.67,2,8,88.48657407407407,0.8260194659233093,20.434319,74.70899,0.1709,2.669239468044705
5KPE_2_8_1_combined_id14,2.21414852142334,2.623159646987915,78.23379629629629,0.66,2,8,88.48657407407407,0.8260194659233093,20.434319,74.70899,0.1508,2.499725341796875
5KPE_2_8_1_combined_id15,1.453961730003357,1.750026822090149,89.47037037037036,0.78,2,8,88.48657407407407,0.8260194659233093,20.434319,74.70899,0.177,2.516729566786024
5KPE_2_8_1_combined_id16,3.2263247966766357,2.906374216079712,69.31111111111112,0.52,2,8,88.48657407407407,0.8260194659233093,20.434319,74.70899,0.1735,2.6394113611291954
5KPE_2_8_1_combined_id17,6.693143844604492,6.998855113983154,75.7000925925926,0.53,2,8,88.48657407407407,0.8260194659233093,20.434319,74.70899,0.1738,2.4564808033130787
5KPE_2_8_1_combined_id18,1.3512641191482544,1.7406189441680908,89.37935185185187,0.77,2,8,88.48657407407407,0.8260194659233093,20.434319,74.70899,0.1576,2.798134415237992
5KPE_2_8_1_combined_id19,1.2867119312286377,1.6098922491073608,85.09981481481482,0.69,2,8,88.48657407407407,0.8260194659233093,20.434319,74.70899,0.1541,3.009879218207465
5KPE_2_8_1_combined_id2,1.4460484981536865,1.9634307622909546,81.1625,0.67,2,8,88.48657407407407,0.8260194659233093,20.434319,74.70899,0.1556,2.926307678222656
5KPE_2_8_1_combined_id20,1.2593843936920166,1.7873705625534058,88.78962962962963,0.75,2,8,88.48657407407407,0.8260194659233093,20.434319,74.70899,0.1649,2.622287326388889
5KPE_2_8_1_combined_id21,11.244619369506836,11.623217582702637,80.09027777777776,0.66,2,8,88.48657407407407,0.8260194659233093,20.434319,74.70899,0.1732,2.687883730287905
5KPE_2_8_1_combined_id22,4.07642936706543,4.293938159942627,81.69666666666669,0.73,2,8,88.48657407407407,0.8260194659233093,20.434319,74.70899,0.1773,2.5912577311197915
5KPE_2_8_1_combined_id23,1.2486743927001953,1.840973973274231,82.2848148148148,0.68,2,8,88.48657407407407,0.8260194659233093,20.434319,74.70899,0.1871,2.6375336823640048
5KPE_2_8_1_combined_id24,1.4884274005889893,1.4488235712051392,85.87833333333334,0.76,2,8,88.48657407407407,0.8260194659233093,20.434319,74.70899,0.1801,2.495382238317419
5KPE_2_8_1_combined_id3,1.7925366163253784,1.4819443225860596,90.14601851851852,0.8,2,8,88.48657407407407,0.8260194659233093,20.434319,74.70899,0.165,2.8565165201822915
5KPE_2_8_1_combined_id4,6.583462715148926,6.436303615570068,72.15537037037036,0.58,2,8,88.48657407407407,0.8260194659233093,20.434319,74.70899,0.192,2.741413257740162
5KPE_2_8_1_combined_id5,1.7167878150939941,1.864720106124878,86.93583333333333,0.76,2,8,88.48657407407407,0.8260194659233093,20.434319,74.70899,0.1753,2.798762568721065
5KPE_2_8_1_combined_id6,1.9690836668014526,0.9990102648735046,86.8725,0.71,2,8,88.48657407407407,0.8260194659233093,20.434319,74.70899,0.1682,2.4562417489511
5KPE_2_8_1_combined_id7,14.988429069519043,15.091882705688477,59.07416666666667,0.43,2,8,88.48657407407407,0.8260194659233093,20.434319,74.70899,0.1827,2.2633723506221064
5KPE_2_8_1_combined_id8,1.7415730953216553,1.7963582277297974,91.4124074074074,0.8,2,8,88.48657407407407,0.8260194659233093,20.434319,74.70899,0.1781,2.53250574182581
5KPE_2_8_1_combined_id9,2.012868881225586,1.4371516704559326,81.11546296296298,0.65,2,8,88.48657407407407,0.8260194659233093,20.434319,74.70899,0.1839,2.371855841742621
5KPE_2_8_2_combined_id1,2.316967487335205,2.3006882667541504,77.31148148148148,0.65,2,8,83.16842592592594,1.2829700708389282,19.967705,71.7622,0.1741,2.363585154215494
5KPE_2_8_2_combined_id10,1.7957172393798828,1.2212704420089722,92.40425925925923,0.78,2,8,83.16842592592594,1.2829700708389282,19.967705,71.7622,0.181,2.0839737786187067
5KPE_2_8_2_combined_id11,2.5756492614746094,2.6695430278778076,69.69972222222223,0.52,2,8,83.16842592592594,1.2829700708389282,19.967705,71.7622,0.1927,2.2844919275354454
5KPE_2_8_2_combined_id12,1.873206615447998,1.0851620435714722,89.33657407407405,0.77,2,8,83.16842592592594,1.2829700708389282,19.967705,71.7622,0.1878,2.368235128897208
5KPE_2_8_2_combined_id13,1.5089479684829712,1.4817527532577515,89.52203703703707,0.77,2,8,83.16842592592594,1.2829700708389282,19.967705,71.7622,0.1655,2.7480010986328125
5KPE_2_8_2_combined_id14,1.0197820663452148,1.8951408863067627,87.32416666666667,0.71,2,8,83.16842592592594,1.2829700708389282,19.967705,71.7622,0.1623,3.0181212248625577
5KPE_2_8_2_combined_id15,10.532780647277832,10.318188667297363,76.63629629629631,0.6,2,8,83.16842592592594,1.2829700708389282,19.967705,71.7622,0.1735,2.584657457139757
5KPE_2_8_2_combined_id16,1.3785851001739502,1.813673973083496,91.83601851851851,0.82,2,8,83.16842592592594,1.2829700708389282,19.967705,71.7622,0.1987,2.5729652687355324
5KPE_2_8_2_combined_id17,1.62159264087677,1.4980674982070923,87.44453703703702,0.74,2,8,83.16842592592594,1.2829700708389282,19.967705,71.7622,0.164,2.5016264738859952
5KPE_2_8_2_combined_id18,1.2796047925949097,2.0194504261016846,90.3812037037037,0.77,2,8,83.16842592592594,1.2829700708389282,19.967705,71.7622,0.174,2.6872665970413774
5KPE_2_8_2_combined_id19,3.786421537399292,3.34932804107666,68.37018518518518,0.54,2,8,83.16842592592594,1.2829700708389282,19.967705,71.7622,0.1717,2.385133813928675
5KPE_2_8_2_combined_id2,1.3676397800445557,1.2221297025680542,91.79907407407408,0.82,2,8,83.16842592592594,1.2829700708389282,19.967705,71.7622,0.1894,2.6779073079427085
5KPE_2_8_2_combined_id20,2.6590025424957275,2.7523443698883057,68.05435185185185,0.51,2,8,83.16842592592594,1.2829700708389282,19.967705,71.7622,0.1649,2.436335810908565
5KPE_2_8_2_combined_id21,1.8009942770004272,1.9091867208480835,92.91314814814815,0.81,2,8,83.16842592592594,1.2829700708389282,19.967705,71.7622,0.1681,2.573793199327257
5KPE_2_8_2_combined_id22,2.5737736225128174,1.1847506761550903,86.44296296296295,0.61,2,8,83.16842592592594,1.2829700708389282,19.967705,71.7622,0.1842,2.1152571218985097
5KPE_2_8_2_combined_id23,1.161072850227356,1.777623176574707,85.78564814814817,0.67,2,8,83.16842592592594,1.2829700708389282,19.967705,71.7622,0.1489,2.901119656032986
5KPE_2_8_2_combined_id24,1.2327150106430054,1.563004732131958,88.44694444444445,0.75,2,8,83.16842592592594,1.2829700708389282,19.967705,71.7622,0.198,2.242624636049624
5KPE_2_8_2_combined_id3,1.3318486213684082,1.2161216735839844,87.08564814814814,0.73,2,8,83.16842592592594,1.2829700708389282,19.967705,71.7622,0.1749,2.428609777379919
5KPE_2_8_2_combined_id4,1.632481575012207,1.4567559957504272,90.22814814814814,0.78,2,8,83.16842592592594,1.2829700708389282,19.967705,71.7622,0.1948,2.075174402307581
5KPE_2_8_2_combined_id5,8.406475067138672,8.528228759765625,71.2024074074074,0.51,2,8,83.16842592592594,1.2829700708389282,19.967705,71.7622,0.167,2.1444754423918546
5KPE_2_8_2_combined_id6,1.494120717048645,1.7189053297042847,92.69527777777778,0.82,2,8,83.16842592592594,1.2829700708389282,19.967705,71.7622,0.1822,2.44376712375217
5KPE_2_8_2_combined_id7,1.3045042753219604,1.8329676389694214,89.67990740740741,0.79,2,8,83.16842592592594,1.2829700708389282,19.967705,71.7622,0.168,2.764212996871383
5KPE_2_8_2_combined_id8,1.7184892892837524,1.1386768817901611,84.10675925925926,0.69,2,8,83.16842592592594,1.2829700708389282,19.967705,71.7622,0.1711,2.432872630931713
5KPE_2_8_2_combined_id9,12.88189697265625,12.555041313171387,76.16185185185185,0.53,2,8,83.16842592592594,1.2829700708389282,19.967705,71.7622,0.1703,2.502655029296875
5KPE_2_8_3_combined_id1,1.3120003938674927,2.321288824081421,82.90185185185186,0.66,2,8,92.35898148148148,0.707577109336853,20.441076,74.39775,0.1429,3.069333959508825
5KPE_2_8_3_combined_id10,1.1492464542388916,2.3157150745391846,86.09250000000002,0.7,2,8,92.35898148148148,0.707577109336853,20.441076,74.39775,0.1715,2.868557400173611
5KPE_2_8_3_combined_id11,5.198570251464844,3.769432544708252,72.6062962962963,0.58,2,8,92.35898148148148,0.707577109336853,20.441076,74.39775,0.1576,2.585393269856771
5KPE_2_8_3_combined_id12,1.350466251373291,2.059764862060547,91.3811111111111,0.81,2,8,92.35898148148148,0.707577109336853,20.441076,74.39775,0.156,3.0620815135814525
5KPE_2_8_3_combined_id13,1.7489280700683594,1.5419524908065796,83.24805555555557,0.67,2,8,92.35898148148148,0.707577109336853,20.441076,74.39775,0.161,2.369525061713325
5KPE_2_8_3_combined_id14,2.3962395191192627,1.64720618724823,86.17064814814813,0.73,2,8,92.35898148148148,0.707577109336853,20.441076,74.39775,0.181,2.61458898473669
5KPE_2_8_3_combined_id15,1.6355764865875244,1.7635949850082397,89.88925925925925,0.77,2,8,92.35898148148148,0.707577109336853,20.441076,74.39775,0.1743,2.126880645751953
5KPE_2_8_3_combined_id16,1.427371859550476,1.8736937046051025,85.92194444444443,0.74,2,8,92.35898148148148,0.707577109336853,20.441076,74.39775,0.1958,2.859741776077836
5KPE_2_8_3_combined_id17,5.351517200469971,4.190984725952148,67.50342592592591,0.54,2,8,92.35898148148148,0.707577109336853,20.441076,74.39775,0.1543,2.971170778627749
5KPE_2_8_3_combined_id18,10.832037925720215,10.23535442352295,77.03351851851852,0.64,2,8,92.35898148148148,0.707577109336853,20.441076,74.39775,0.1564,2.655702379014757
5KPE_2_8_3_combined_id19,2.6065475940704346,2.457280397415161,83.4448148148148,0.71,2,8,92.35898148148148,0.707577109336853,20.441076,74.39775,0.1749,2.2441633718985097
5KPE_2_8_3_combined_id2,1.757459044456482,2.0764567852020264,89.7674074074074,0.77,2,8,92.35898148148148,0.707577109336853,20.441076,74.39775,0.1454,2.9910656964337385
5KPE_2_8_3_combined_id20,1.3000800609588623,2.0825631618499756,85.38333333333334,0.67,2,8,92.35898148148148,0.707577109336853,20.441076,74.39775,0.1715,2.6690119990596064
5KPE_2_8_3_combined_id21,3.269519090652466,3.1826910972595215,71.66009259259259,0.56,2,8,92.35898148148148,0.707577109336853,20.441076,74.39775,0.1671,2.341063464129413
5KPE_2_8_3_combined_id22,3.7939486503601074,3.650502920150757,77.08212962962963,0.59,2,8,92.35898148148148,0.707577109336853,20.441076,74.39775,0.1816,2.8661931355794272
5KPE_2_8_3_combined_id23,1.9461421966552734,2.178391933441162,78.45398148148149,0.7,2,8,92.35898148148148,0.707577109336853,20.441076,74.39775,0.163,2.71724616156684
5KPE_2_8_3_combined_id24,1.6912784576416016,2.070648670196533,77.76462962962962,0.7,2,8,92.35898148148148,0.707577109336853,20.441076,74.39775,0.1749,2.534730699327257
5KPE_2_8_3_combined_id3,1.2412608861923218,2.2135679721832275,84.67379629629629,0.66,2,8,92.35898148148148,0.707577109336853,20.441076,74.39775,0.1694,2.964234528718172
5KPE_2_8_3_combined_id4,8.979897499084473,9.431992530822754,58.82481481481482,0.45,2,8,92.35898148148148,0.707577109336853,20.441076,74.39775,0.1845,2.703438652886285
5KPE_2_8_3_combined_id5,1.1129720211029053,2.315891981124878,87.07648148148148,0.72,2,8,92.35898148148148,0.707577109336853,20.441076,74.39775,0.1705,3.0834342108832464
5KPE_2_8_3_combined_id6,1.8764936923980713,1.866574764251709,83.04527777777778,0.72,2,8,92.35898148148148,0.707577109336853,20.441076,74.39775,0.1474,2.4179139313874423
5KPE_2_8_3_combined_id7,1.9861969947814941,1.7890537977218628,84.12129629629632,0.7,2,8,92.35898148148148,0.707577109336853,20.441076,74.39775,0.1706,2.379588656955295
5KPE_2_8_3_combined_id8,0.940971851348877,1.6957197189331055,91.96722222222223,0.81,2,8,92.35898148148148,0.707577109336853,20.441076,74.39775,0.1504,3.3589692292390048
5KPE_2_8_3_combined_id9,1.6573152542114258,1.224656105041504,87.99342592592593,0.75,2,8,92.35898148148148,0.707577109336853,20.441076,74.39775,0.1569,2.7209094012225115
5KPE_2_8_4_combined_id10,9.710959434509277,9.508980751037598,74.68083333333333,0.55,2,8,92.5625925925926,0.9887349009513856,20.770712,76.277885,0.1916,2.1028685393156827
5KPE_2_8_4_combined_id11,1.3309364318847656,1.9800152778625488,82.02583333333335,0.64,2,8,92.5625925925926,0.9887349009513856,20.770712,76.277885,0.1645,2.31594467163086
5KPE_2_8_4_combined_id12,1.3809651136398315,2.2452521324157715,76.98527777777775,0.54,2,8,92.5625925925926,0.9887349009513856,20.770712,76.277885,0.1932,2.451647723162616
5KPE_2_8_4_combined_id13,9.664358139038086,9.047816276550293,86.8901851851852,0.72,2,8,92.5625925925926,0.9887349009513856,20.770712,76.277885,0.1754,2.5478442156756365
5KPE_2_8_4_combined_id14,8.564258575439453,8.498656272888184,64.35787037037036,0.5,2,8,92.5625925925926,0.9887349009513856,20.770712,76.277885,0.1644,2.84648753978588
5KPE_2_8_4_combined_id15,11.406766891479492,11.237150192260742,75.37861111111111,0.57,2,8,92.5625925925926,0.9887349009513856,20.770712,76.277885,0.1751,2.169852786593967
5KPE_2_8_4_combined_id16,11.56019401550293,11.197510719299316,85.94601851851854,0.71,2,8,92.5625925925926,0.9887349009513856,20.770712,76.277885,0.1791,2.484360588921441
5KPE_2_8_4_combined_id17,1.1086305379867554,1.9374784231185913,89.40574074074074,0.77,2,8,92.5625925925926,0.9887349009513856,20.770712,76.277885,0.1929,2.380590933340568
5KPE_2_8_4_combined_id18,3.3140995502471924,3.13572096824646,70.37694444444445,0.58,2,8,92.5625925925926,0.9887349009513856,20.770712,76.277885,0.1612,2.223176885534216
5KPE_2_8_4_combined_id19,1.4392845630645752,1.9504867792129517,89.24666666666668,0.74,2,8,92.5625925925926,0.9887349009513856,20.770712,76.277885,0.1708,2.533570748788339
5KPE_2_8_4_combined_id2,0.9622559547424316,1.7823868989944458,92.06046296296296,0.79,2,8,92.5625925925926,0.9887349009513856,20.770712,76.277885,0.181,2.2906311882866754
5KPE_2_8_4_combined_id20,11.442553520202637,10.8492431640625,74.97546296296296,0.61,2,8,92.5625925925926,0.9887349009513856,20.770712,76.277885,0.1723,2.470746358235677
5KPE_2_8_4_combined_id21,10.071314811706543,9.994290351867676,62.07157407407408,0.49,2,8,92.5625925925926,0.9887349009513856,20.770712,76.277885,0.1509,2.538407502350984
5KPE_2_8_4_combined_id22,1.8461960554122925,1.2236546277999878,88.03324074074072,0.74,2,8,92.5625925925926,0.9887349009513856,20.770712,76.277885,0.1883,2.32275390625
5KPE_2_8_4_combined_id23,1.79680335521698,1.1089117527008057,88.05805555555555,0.74,2,8,92.5625925925926,0.9887349009513856,20.770712,76.277885,0.1682,2.564763387044271
5KPE_2_8_4_combined_id24,1.7789192199707031,1.8648024797439575,84.32111111111111,0.72,2,8,92.5625925925926,0.9887349009513856,20.770712,76.277885,0.1498,2.367185239438657
5KPE_2_8_4_combined_id3,1.0910338163375854,2.0973052978515625,92.3873148148148,0.79,2,8,92.5625925925926,0.9887349009513856,20.770712,76.277885,0.1945,2.98233879937066
5KPE_2_8_4_combined_id4,1.3955073356628418,1.5775806903839111,85.09935185185186,0.74,2,8,92.5625925925926,0.9887349009513856,20.770712,76.277885,0.188,2.2391032466182
5KPE_2_8_4_combined_id5,1.3493086099624634,1.5320713520050049,91.05935185185184,0.76,2,8,92.5625925925926,0.9887349009513856,20.770712,76.277885,0.1729,2.419807716652199
5KPE_2_8_4_combined_id6,2.3303489685058594,2.690840721130371,81.39574074074073,0.67,2,8,92.5625925925926,0.9887349009513856,20.770712,76.277885,0.1935,2.4497610021520546
5KPE_2_8_4_combined_id8,8.543302536010742,8.638505935668945,69.5163888888889,0.53,2,8,92.5625925925926,0.9887349009513856,20.770712,76.277885,0.1898,1.99988442880136
5KPE_2_8_4_combined_id9,5.361185550689697,5.556695938110352,58.28,0.47,2,8,92.5625925925926,0.9887349009513856,20.770712,76.277885,0.1694,2.4925034134476274
5KPE_2_8_5_combined_id1,1.0586092472076416,1.8236085176467896,86.62814814814817,0.76,2,8,94.71009259259256,0.7433346509933472,19.9959,74.97805,0.1608,2.6525785658094616
5KPE_2_8_5_combined_id10,1.5523788928985596,1.2380532026290894,88.95527777777777,0.74,2,8,94.71009259259256,0.7433346509933472,19.9959,74.97805,0.193,2.099503411187066
5KPE_2_8_5_combined_id11,6.875077247619629,6.548291206359863,67.59953703703704,0.57,2,8,94.71009259259256,0.7433346509933472,19.9959,74.97805,0.2044,2.227388170030382
5KPE_2_8_5_combined_id12,1.255547285079956,2.1461408138275146,88.08037037037037,0.76,2,8,94.71009259259256,0.7433346509933472,19.9959,74.97805,0.1598,3.023358662923177
5KPE_2_8_5_combined_id13,3.2765324115753174,3.139397621154785,71.4612962962963,0.59,2,8,94.71009259259256,0.7433346509933472,19.9959,74.97805,0.173,2.283179106535735
5KPE_2_8_5_combined_id14,1.3445234298706055,1.706790804862976,89.36268518518517,0.75,2,8,94.71009259259256,0.7433346509933472,19.9959,74.97805,0.173,2.3799624972873263
5KPE_2_8_5_combined_id15,1.2455453872680664,1.830989956855774,86.77527777777776,0.77,2,8,94.71009259259256,0.7433346509933472,19.9959,74.97805,0.1521,2.915300722475405
5KPE_2_8_5_combined_id16,1.136499285697937,1.841052532196045,89.85879629629632,0.78,2,8,94.71009259259256,0.7433346509933472,19.9959,74.97805,0.1702,2.8286500153718173
5KPE_2_8_5_combined_id17,1.3358314037322998,1.740523099899292,88.7549074074074,0.72,2,8,94.71009259259256,0.7433346509933472,19.9959,74.97805,0.162,2.635056107132524
5KPE_2_8_5_combined_id18,2.2607195377349854,1.1967957019805908,78.19907407407409,0.58,2,8,94.71009259259256,0.7433346509933472,19.9959,74.97805,0.1655,2.2936457881221064
5KPE_2_8_5_combined_id19,1.812311053276062,1.1001232862472534,87.50787037037036,0.74,2,8,94.71009259259256,0.7433346509933472,19.9959,74.97805,0.177,2.2473297119140625
5KPE_2_8_5_combined_id2,2.3091189861297607,2.4824554920196533,84.98916666666666,0.75,2,8,94.71009259259256,0.7433346509933472,19.9959,74.97805,0.1638,2.717842384620949
5KPE_2_8_5_combined_id20,1.4412075281143188,1.8321044445037842,91.69444444444446,0.81,2,8,94.71009259259256,0.7433346509933472,19.9959,74.97805,0.1541,2.76276538990162
5KPE_2_8_5_combined_id21,2.0714194774627686,1.7638821601867676,92.58333333333331,0.83,2,8,94.71009259259256,0.7433346509933472,19.9959,74.97805,0.1939,2.3533894574200667
5KPE_2_8_5_combined_id22,1.8695909976959229,2.129652261734009,90.97962962962964,0.81,2,8,94.71009259259256,0.7433346509933472,19.9959,74.97805,0.162,2.7401518645109952
5KPE_2_8_5_combined_id23,1.3070095777511597,2.260981798171997,93.88351851851854,0.83,2,8,94.71009259259256,0.7433346509933472,19.9959,74.97805,0.1727,2.8347911128291376
5KPE_2_8_5_combined_id24,1.9060304164886475,1.927800178527832,83.08231481481481,0.69,2,8,94.71009259259256,0.7433346509933472,19.9959,74.97805,0.1564,2.383925261320891
5KPE_2_8_5_combined_id3,1.3690531253814697,1.9308714866638184,90.71074074074076,0.77,2,8,94.71009259259256,0.7433346509933472,19.9959,74.97805,0.18,2.4768235948350696
5KPE_2_8_5_combined_id4,1.1775025129318237,1.802135944366455,91.0200925925926,0.79,2,8,94.71009259259256,0.7433346509933472,19.9959,74.97805,0.1741,2.7124560320818865
5KPE_2_8_5_combined_id5,1.1242491006851196,2.0300536155700684,90.81435185185184,0.8,2,8,94.71009259259256,0.7433346509933472,19.9959,74.97805,0.159,2.9574638649269387
5KPE_2_8_5_combined_id7,1.7210363149642944,1.6761035919189453,82.4537962962963,0.71,2,8,94.71009259259256,0.7433346509933472,19.9959,74.97805,0.169,2.48469712999132
5KPE_2_8_5_combined_id8,1.7487976551055908,2.346092462539673,83.55666666666666,0.68,2,8,94.71009259259256,0.7433346509933472,19.9959,74.97805,0.164,2.654590747974537
5KPE_2_8_5_combined_id9,1.8097290992736816,1.2143807411193848,89.6236111111111,0.75,2,8,94.71009259259256,0.7433346509933472,19.9959,74.97805,0.1773,2.2595881709346064
5KPE_2_8_6_combined_id1,1.920240044593811,2.4494130611419678,87.9576851851852,0.77,2,8,89.47833333333334,1.048519492149353,20.378292,74.88644,0.1572,2.715513158727575
5KPE_2_8_6_combined_id10,2.6030356884002686,3.0816314220428467,63.59157407407408,0.51,2,8,89.47833333333334,1.048519492149353,20.378292,74.88644,0.1613,2.3520695721661604
5KPE_2_8_6_combined_id11,1.322982907295227,1.9650417566299438,88.22148148148146,0.8,2,8,89.47833333333334,1.048519492149353,20.378292,74.88644,0.1756,2.5498934145326966
5KPE_2_8_6_combined_id12,1.2882678508758545,1.2900190353393555,84.20805555555556,0.69,2,8,89.47833333333334,1.048519492149353,20.378292,74.88644,0.1754,2.476267214174624
5KPE_2_8_6_combined_id13,1.003191351890564,1.6941851377487183,87.88296296296296,0.73,2,8,89.47833333333334,1.048519492149353,20.378292,74.88644,0.1676,2.71746571858724
5KPE_2_8_6_combined_id14,1.3014564514160156,1.4405492544174194,88.49638888888889,0.72,2,8,89.47833333333334,1.048519492149353,20.378292,74.88644,0.1811,2.721562138310185
5KPE_2_8_6_combined_id15,1.2188307046890259,1.9079062938690186,83.94824074074073,0.69,2,8,89.47833333333334,1.048519492149353,20.378292,74.88644,0.1795,2.527162057382089
5KPE_2_8_6_combined_id16,1.144771933555603,2.1724350452423096,90.29620370370372,0.77,2,8,89.47833333333334,1.048519492149353,20.378292,74.88644,0.189,2.759795294867621
5KPE_2_8_6_combined_id17,1.295556664466858,2.122441291809082,85.48435185185184,0.73,2,8,89.47833333333334,1.048519492149353,20.378292,74.88644,0.1441,2.665165653935185
5KPE_2_8_6_combined_id18,8.005126953125,8.74110221862793,63.669629629629625,0.51,2,8,89.47833333333334,1.048519492149353,20.378292,74.88644,0.1782,2.3691591333459923
5KPE_2_8_6_combined_id19,10.681567192077637,10.369301795959473,75.16740740740741,0.56,2,8,89.47833333333334,1.048519492149353,20.378292,74.88644,0.1707,2.587412516276041
5KPE_2_8_6_combined_id2,1.8204981088638306,1.5578229427337646,87.82787037037036,0.77,2,8,89.47833333333334,1.048519492149353,20.378292,74.88644,0.1687,2.512461344401041
5KPE_2_8_6_combined_id20,1.560580849647522,1.4293296337127686,84.64509259259258,0.69,2,8,89.47833333333334,1.048519492149353,20.378292,74.88644,0.1708,2.3169996473524304
5KPE_2_8_6_combined_id21,1.4924407005310059,1.7710564136505127,88.92749999999998,0.74,2,8,89.47833333333334,1.048519492149353,20.378292,74.88644,0.1835,2.54646329526548
5KPE_2_8_6_combined_id22,1.1666181087493896,2.073673725128174,92.50453703703704,0.77,2,8,89.47833333333334,1.048519492149353,20.378292,74.88644,0.165,2.738021850585937
5KPE_2_8_6_combined_id23,11.84707260131836,11.693134307861328,83.16361111111111,0.66,2,8,89.47833333333334,1.048519492149353,20.378292,74.88644,0.173,2.2554120664243347
5KPE_2_8_6_combined_id24,1.1342347860336304,2.1416332721710205,89.75342592592591,0.75,2,8,89.47833333333334,1.048519492149353,20.378292,74.88644,0.1602,2.56625818323206
5KPE_2_8_6_combined_id3,1.034706473350525,1.6448787450790405,85.50027777777778,0.7,2,8,89.47833333333334,1.048519492149353,20.378292,74.88644,0.1692,2.730213589138455
5KPE_2_8_6_combined_id4,3.0950052738189697,3.02978253364563,70.6211111111111,0.56,2,8,89.47833333333334,1.048519492149353,20.378292,74.88644,0.2011,2.637628343370226
5KPE_2_8_6_combined_id5,11.031627655029297,11.365403175354004,73.21703703703703,0.59,2,8,89.47833333333334,1.048519492149353,20.378292,74.88644,0.18,2.348056369357639
5KPE_2_8_6_combined_id6,1.314825177192688,1.407370686531067,86.09222222222223,0.7,2,8,89.47833333333334,1.048519492149353,20.378292,74.88644,0.1839,2.555889270923756
5KPE_2_8_6_combined_id7,1.5607105493545532,1.7099026441574097,78.80462962962959,0.6,2,8,89.47833333333334,1.048519492149353,20.378292,74.88644,0.1785,2.510983219853154
5KPE_2_8_6_combined_id8,1.537201166152954,2.0718326568603516,76.71046296296296,0.59,2,8,89.47833333333334,1.048519492149353,20.378292,74.88644,0.1645,2.5269882767288774
5KPE_2_8_6_combined_id9,1.3655487298965454,1.640425443649292,87.32935185185187,0.78,2,8,89.47833333333334,1.048519492149353,20.378292,74.88644,0.1914,2.4230996591073497
5KPE_2_8_7_combined_id1,2.012484312057495,1.3312814235687256,93.55249999999997,0.83,2,8,95.86722222222222,0.7635213136672974,20.272322,75.55052,0.1631,2.3864059448242188
5KPE_2_8_7_combined_id10,8.414079666137695,8.64759349822998,76.34240740740742,0.64,2,8,95.86722222222222,0.7635213136672974,20.272322,75.55052,0.1803,2.318839037859881
5KPE_2_8_7_combined_id11,1.490045189857483,1.3332608938217163,84.8788888888889,0.71,2,8,95.86722222222222,0.7635213136672974,20.272322,75.55052,0.1723,2.227157875343605
5KPE_2_8_7_combined_id12,1.4853159189224243,1.9603662490844727,86.3002777777778,0.71,2,8,95.86722222222222,0.7635213136672974,20.272322,75.55052,0.1719,2.428781580041956
5KPE_2_8_7_combined_id13,1.455979585647583,1.6980702877044678,93.9377777777778,0.83,2,8,95.86722222222222,0.7635213136672974,20.272322,75.55052,0.1763,2.466722276475694
5KPE_2_8_7_combined_id14,2.0163955688476562,1.0439910888671875,89.79407407407408,0.78,2,8,95.86722222222222,0.7635213136672974,20.272322,75.55052,0.1803,1.9103710033275465
5KPE_2_8_7_combined_id15,1.4977456331253052,2.1891496181488037,86.43777777777778,0.77,2,8,95.86722222222222,0.7635213136672974,20.272322,75.55052,0.1778,2.3640273765281394
5KPE_2_8_7_combined_id16,1.5636059045791626,1.3454618453979492,85.6526851851852,0.72,2,8,95.86722222222222,0.7635213136672974,20.272322,75.55052,0.1799,2.311591113055194
5KPE_2_8_7_combined_id17,11.066767692565918,10.765192985534668,84.48453703703704,0.67,2,8,95.86722222222222,0.7635213136672974,20.272322,75.55052,0.184,1.963357996057581
5KPE_2_8_7_combined_id18,9.579485893249512,9.961734771728516,82.56333333333333,0.6,2,8,95.86722222222222,0.7635213136672974,20.272322,75.55052,0.2049,1.9867276792173032
5KPE_2_8_7_combined_id19,1.5108907222747803,2.2290897369384766,86.1850925925926,0.74,2,8,95.86722222222222,0.7635213136672974,20.272322,75.55052,0.1587,2.4234590883608216
5KPE_2_8_7_combined_id2,2.2249679565429688,0.9755734205245972,94.80675925925928,0.85,2,8,95.86722222222222,0.7635213136672974,20.272322,75.55052,0.1826,1.834576500786676
5KPE_2_8_7_combined_id20,1.2592124938964844,1.6322520971298218,93.21620370370373,0.82,2,8,95.86722222222222,0.7635213136672974,20.272322,75.55052,0.1777,2.2888885780617043
5KPE_2_8_7_combined_id21,1.524688959121704,1.5811902284622192,92.71898148148146,0.8,2,8,95.86722222222222,0.7635213136672974,20.272322,75.55052,0.1873,2.3825644033926503
5KPE_2_8_7_combined_id22,1.2545076608657837,2.006457567214966,94.34722222222224,0.84,2,8,95.86722222222222,0.7635213136672974,20.272322,75.55052,0.1841,2.2294639304832176
5KPE_2_8_7_combined_id23,1.2901670932769775,1.6803572177886963,85.4600925925926,0.72,2,8,95.86722222222222,0.7635213136672974,20.272322,75.55052,0.1718,2.39071853072555
5KPE_2_8_7_combined_id24,1.328008770942688,2.086174964904785,91.89935185185188,0.83,2,8,95.86722222222222,0.7635213136672974,20.272322,75.55052,0.1646,2.536022044994213
5KPE_2_8_7_combined_id3,1.1392438411712646,2.0993194580078125,88.30074074074075,0.71,2,8,95.86722222222222,0.7635213136672974,20.272322,75.55052,0.1721,2.171349843343099
5KPE_2_8_7_combined_id4,1.8557426929473877,1.1373106241226196,87.83629629629631,0.75,2,8,95.86722222222222,0.7635213136672974,20.272322,75.55052,0.1634,2.3825926604094327
5KPE_2_8_7_combined_id5,1.5304601192474365,1.46977698802948,90.3897222222222,0.77,2,8,95.86722222222222,0.7635213136672974,20.272322,75.55052,0.1881,1.977370368109809
5KPE_2_8_7_combined_id6,1.3109052181243896,2.213064432144165,86.3136111111111,0.74,2,8,95.86722222222222,0.7635213136672974,20.272322,75.55052,0.1795,2.61532790572555
5KPE_2_8_7_combined_id7,1.729712963104248,2.0756587982177734,84.73675925925929,0.69,2,8,95.86722222222222,0.7635213136672974,20.272322,75.55052,0.147,2.632816173412181
5KPE_2_8_7_combined_id8,2.531076669692993,2.325796604156494,89.56342592592594,0.78,2,8,95.86722222222222,0.7635213136672974,20.272322,75.55052,0.1808,2.279338695384838
5KPE_2_8_7_combined_id9,1.8532730340957642,1.2467050552368164,89.24453703703703,0.77,2,8,95.86722222222222,0.7635213136672974,20.272322,75.55052,0.1626,2.111863878038194
5KPE_2_8_8_combined_id10,1.6582353115081787,1.263584017753601,81.69194444444442,0.72,2,8,87.42814814814814,0.8288607597351074,20.240816,72.752365,0.1755,2.359708856653284
5KPE_2_8_8_combined_id11,5.812313556671143,5.730169296264648,67.37055555555555,0.52,2,8,87.42814814814814,0.8288607597351074,20.240816,72.752365,0.1744,2.395557827419705
5KPE_2_8_8_combined_id12,2.8284223079681396,2.2456140518188477,88.02407407407406,0.74,2,8,87.42814814814814,0.8288607597351074,20.240816,72.752365,0.1558,2.446028532805266
5KPE_2_8_8_combined_id13,1.613298773765564,1.5998259782791138,85.91601851851848,0.76,2,8,87.42814814814814,0.8288607597351074,20.240816,72.752365,0.2062,2.3052300347222223
5KPE_2_8_8_combined_id14,1.4651354551315308,1.2495614290237427,88.04129629629632,0.72,2,8,87.42814814814814,0.8288607597351074,20.240816,72.752365,0.1919,2.341918380172164
5KPE_2_8_8_combined_id15,1.3775566816329956,1.2493891716003418,88.64851851851851,0.76,2,8,87.42814814814814,0.8288607597351074,20.240816,72.752365,0.1935,2.42240877504702
5KPE_2_8_8_combined_id16,1.9145622253417969,1.3098556995391846,88.62046296296296,0.78,2,8,87.42814814814814,0.8288607597351074,20.240816,72.752365,0.1712,2.3881793551974826
5KPE_2_8_8_combined_id17,1.8106257915496826,2.275407552719116,89.91416666666667,0.8,2,8,87.42814814814814,0.8288607597351074,20.240816,72.752365,0.1648,2.347618103027344
5KPE_2_8_8_combined_id18,2.3685176372528076,1.2828459739685059,86.87675925925925,0.74,2,8,87.42814814814814,0.8288607597351074,20.240816,72.752365,0.1923,1.9514781810619213
5KPE_2_8_8_combined_id19,1.0963724851608276,1.903935194015503,85.20111111111113,0.68,2,8,87.42814814814814,0.8288607597351074,20.240816,72.752365,0.1741,2.563579418041088
5KPE_2_8_8_combined_id2,8.007993698120117,8.881363868713379,74.86759259259259,0.57,2,8,87.42814814814814,0.8288607597351074,20.240816,72.752365,0.2018,2.385483635796441
5KPE_2_8_8_combined_id20,5.425947189331055,5.551571846008301,70.06425925925926,0.54,2,8,87.42814814814814,0.8288607597351074,20.240816,72.752365,0.1879,2.5301686039677374
5KPE_2_8_8_combined_id21,1.6334034204483032,1.4369157552719116,90.27712962962964,0.77,2,8,87.42814814814814,0.8288607597351074,20.240816,72.752365,0.1919,2.1837327745225696
5KPE_2_8_8_combined_id22,1.4975602626800537,1.3280973434448242,82.95287037037036,0.68,2,8,87.42814814814814,0.8288607597351074,20.240816,72.752365,0.173,2.348027264630353
5KPE_2_8_8_combined_id23,1.9158674478530884,1.8392908573150635,84.90277777777777,0.71,2,8,87.42814814814814,0.8288607597351074,20.240816,72.752365,0.1747,2.424987227828414
5KPE_2_8_8_combined_id24,1.5861968994140625,1.770570993423462,89.29435185185186,0.76,2,8,87.42814814814814,0.8288607597351074,20.240816,72.752365,0.183,2.59184886791088
5KPE_2_8_8_combined_id3,1.2547483444213867,1.953999638557434,86.70611111111111,0.72,2,8,87.42814814814814,0.8288607597351074,20.240816,72.752365,0.1656,2.8450761017975985
5KPE_2_8_8_combined_id4,1.8790043592453003,1.5834465026855469,85.48972222222221,0.74,2,8,87.42814814814814,0.8288607597351074,20.240816,72.752365,0.1786,2.453984578450521
5KPE_2_8_8_combined_id5,1.3592318296432495,1.988266944885254,88.75120370370372,0.78,2,8,87.42814814814814,0.8288607597351074,20.240816,72.752365,0.1629,2.530536792896412
5KPE_2_8_8_combined_id6,1.7582424879074097,2.0431950092315674,84.29833333333333,0.71,2,8,87.42814814814814,0.8288607597351074,20.240816,72.752365,0.1731,2.198072927969473
5KPE_2_8_8_combined_id7,2.418626546859741,1.5356004238128662,81.08472222222223,0.67,2,8,87.42814814814814,0.8288607597351074,20.240816,72.752365,0.1601,2.5861234311704284
5KPE_2_8_8_combined_id8,1.3604156970977783,1.7025072574615479,91.1200925925926,0.81,2,8,87.42814814814814,0.8288607597351074,20.240816,72.752365,0.1623,2.9033810650860823
5KPE_2_8_8_combined_id9,1.459083914756775,2.149855613708496,77.55333333333331,0.61,2,8,87.42814814814814,0.8288607597351074,20.240816,72.752365,0.1631,2.45280428285952
5KPE_2_8_9_combined_id1,1.2601450681686401,1.6800323724746704,89.21157407407406,0.76,2,8,90.8955555555556,0.7419528961181641,20.693417,74.47337,0.1819,2.5233691180193865
5KPE_2_8_9_combined_id10,2.760499954223633,2.5540473461151123,75.41981481481481,0.54,2,8,90.8955555555556,0.7419528961181641,20.693417,74.47337,0.1825,1.991119102195457
5KPE_2_8_9_combined_id11,1.7170737981796265,1.6726962327957153,83.43074074074073,0.74,2,8,90.8955555555556,0.7419528961181641,20.693417,74.47337,0.1747,2.18373531765408
5KPE_2_8_9_combined_id12,1.30788254737854,1.9115424156188965,91.63712962962964,0.81,2,8,90.8955555555556,0.7419528961181641,20.693417,74.47337,0.1662,2.487740410698785
5KPE_2_8_9_combined_id13,1.494431734085083,1.1961472034454346,87.84055555555557,0.75,2,8,90.8955555555556,0.7419528961181641,20.693417,74.47337,0.1755,1.9676334239818432
5KPE_2_8_9_combined_id14,1.7789607048034668,1.3598942756652832,89.51416666666667,0.8,2,8,90.8955555555556,0.7419528961181641,20.693417,74.47337,0.1754,2.23476070827908
5KPE_2_8_9_combined_id15,2.5952939987182617,2.955080270767212,78.91944444444442,0.62,2,8,90.8955555555556,0.7419528961181641,20.693417,74.47337,0.1807,2.364917755126953
5KPE_2_8_9_combined_id16,3.0420963764190674,3.1808533668518066,78.38092592592592,0.7,2,8,90.8955555555556,0.7419528961181641,20.693417,74.47337,0.1775,2.311068782099971
5KPE_2_8_9_combined_id17,1.3572922945022583,1.9558441638946533,85.18555555555555,0.76,2,8,90.8955555555556,0.7419528961181641,20.693417,74.47337,0.1753,2.167001794885706
5KPE_2_8_9_combined_id18,2.160421848297119,1.7231253385543823,88.02074074074073,0.73,2,8,90.8955555555556,0.7419528961181641,20.693417,74.47337,0.1699,2.289632726598669
5KPE_2_8_9_combined_id19,3.0966968536376953,2.8464157581329346,75.30416666666667,0.61,2,8,90.8955555555556,0.7419528961181641,20.693417,74.47337,0.1596,2.067857389096861
5KPE_2_8_9_combined_id2,1.1926831007003784,1.754164695739746,83.91268518518517,0.69,2,8,90.8955555555556,0.7419528961181641,20.693417,74.47337,0.174,2.4227933530454284
5KPE_2_8_9_combined_id20,1.7690470218658447,1.0656108856201172,90.95861111111113,0.77,2,8,90.8955555555556,0.7419528961181641,20.693417,74.47337,0.186,2.027318177399812
5KPE_2_8_9_combined_id21,1.1112418174743652,1.9592194557189941,87.17481481481482,0.72,2,8,90.8955555555556,0.7419528961181641,20.693417,74.47337,0.1894,2.2036768595377603
5KPE_2_8_9_combined_id22,1.9033021926879883,2.005378484725952,78.62490740740739,0.61,2,8,90.8955555555556,0.7419528961181641,20.693417,74.47337,0.1775,2.1893778200502747
5KPE_2_8_9_combined_id24,0.908898651599884,2.0322771072387695,90.57074074074072,0.78,2,8,90.8955555555556,0.7419528961181641,20.693417,74.47337,0.175,2.73592291937934
5KPE_2_8_9_combined_id3,1.5664914846420288,1.5759437084197998,88.05333333333334,0.78,2,8,90.8955555555556,0.7419528961181641,20.693417,74.47337,0.1789,2.263937067102503
5KPE_2_8_9_combined_id4,1.3319491147994995,1.675175666809082,87.22157407407407,0.73,2,8,90.8955555555556,0.7419528961181641,20.693417,74.47337,0.1946,2.139205367476852
5KPE_2_8_9_combined_id5,1.286775827407837,1.8414534330368042,80.23953703703704,0.62,2,8,90.8955555555556,0.7419528961181641,20.693417,74.47337,0.1654,2.8184616654007524
5KPE_2_8_9_combined_id6,1.7732322216033936,1.2232369184494019,91.30962962962964,0.79,2,8,90.8955555555556,0.7419528961181641,20.693417,74.47337,0.1785,2.1719091909903065
5KPE_2_8_9_combined_id7,7.320927143096924,7.442224502563477,70.41407407407408,0.56,2,8,90.8955555555556,0.7419528961181641,20.693417,74.47337,0.1876,2.3133762500904225
5KPE_2_8_9_combined_id8,1.4074115753173828,1.974272608757019,88.10148148148147,0.79,2,8,90.8955555555556,0.7419528961181641,20.693417,74.47337,0.1731,2.178897009955512
5KPE_2_8_9_combined_id9,1.6575729846954346,1.4756464958190918,84.94722222222224,0.69,2,8,90.8955555555556,0.7419528961181641,20.693417,74.47337,0.171,2.584827281810619
5KPE_4_2_0_combined_id1,1.3372633457183838,3.472590923309326,81.81324074074074,0.67,4,2,80.22583333333333,1.6562962532043457,21.965786,74.06081,0.1537,2.911847997594762
5KPE_4_2_0_combined_id10,1.5507774353027344,3.1882472038269043,79.11333333333334,0.66,4,2,80.22583333333333,1.6562962532043457,21.965786,74.06081,0.1767,2.343836607756438
5KPE_4_2_0_combined_id11,6.9335036277771,5.114925861358643,66.62046296296296,0.52,4,2,80.22583333333333,1.6562962532043457,21.965786,74.06081,0.1667,2.2880783081054688
5KPE_4_2_0_combined_id12,2.472381830215454,2.8956539630889893,82.6653703703704,0.67,4,2,80.22583333333333,1.6562962532043457,21.965786,74.06081,0.1622,2.2096304716887296
5KPE_4_2_0_combined_id13,1.7944426536560059,3.109736204147339,85.18694444444445,0.7,4,2,80.22583333333333,1.6562962532043457,21.965786,74.06081,0.1768,2.6270825421368635
5KPE_4_2_0_combined_id14,10.263601303100586,11.781343460083008,76.86444444444444,0.68,4,2,80.22583333333333,1.6562962532043457,21.965786,74.06081,0.1748,2.398888764558015
5KPE_4_2_0_combined_id15,2.664332389831543,3.517446517944336,80.4562037037037,0.68,4,2,80.22583333333333,1.6562962532043457,21.965786,74.06081,0.1713,2.5071676748770253
5KPE_4_2_0_combined_id16,2.451441526412964,2.8495328426361084,85.78416666666669,0.75,4,2,80.22583333333333,1.6562962532043457,21.965786,74.06081,0.1597,2.400380735044126
5KPE_4_2_0_combined_id17,6.371876239776611,5.783085823059082,69.03305555555555,0.55,4,2,80.22583333333333,1.6562962532043457,21.965786,74.06081,0.1646,2.2114653410734952
5KPE_4_2_0_combined_id18,1.351173996925354,3.877760887145996,83.78305555555555,0.73,4,2,80.22583333333333,1.6562962532043457,21.965786,74.06081,0.1722,2.374759250217014
5KPE_4_2_0_combined_id19,1.6159169673919678,2.749480724334717,77.79555555555555,0.61,4,2,80.22583333333333,1.6562962532043457,21.965786,74.06081,0.175,2.398319950810185
5KPE_4_2_0_combined_id2,11.525908470153809,11.866724014282227,78.33064814814814,0.64,4,2,80.22583333333333,1.6562962532043457,21.965786,74.06081,0.164,2.0808224148220487
5KPE_4_2_0_combined_id20,3.0081675052642822,3.1553189754486084,71.4850925925926,0.53,4,2,80.22583333333333,1.6562962532043457,21.965786,74.06081,0.1628,2.189757876925998
5KPE_4_2_0_combined_id21,1.311394453048706,3.22808837890625,82.24314814814815,0.66,4,2,80.22583333333333,1.6562962532043457,21.965786,74.06081,0.1448,3.104571307146991
5KPE_4_2_0_combined_id22,2.023439884185791,2.9439311027526855,74.88787037037038,0.61,4,2,80.22583333333333,1.6562962532043457,21.965786,74.06081,0.1655,2.2068922254774304
5KPE_4_2_0_combined_id23,1.3072869777679443,3.2487566471099854,82.24509259259257,0.7,4,2,80.22583333333333,1.6562962532043457,21.965786,74.06081,0.1605,3.097143667715568
5KPE_4_2_0_combined_id24,1.590131402015686,2.8483476638793945,86.17833333333334,0.73,4,2,80.22583333333333,1.6562962532043457,21.965786,74.06081,0.1759,3.045636212384259
5KPE_4_2_0_combined_id3,1.404180884361267,3.2921955585479736,83.4961111111111,0.72,4,2,80.22583333333333,1.6562962532043457,21.965786,74.06081,0.1704,2.4069445574725115
5KPE_4_2_0_combined_id4,2.3647067546844482,2.8144121170043945,76.01212962962963,0.6,4,2,80.22583333333333,1.6562962532043457,21.965786,74.06081,0.1638,2.115209932680483
5KPE_4_2_0_combined_id5,1.640851378440857,2.917712450027466,87.80120370370369,0.76,4,2,80.22583333333333,1.6562962532043457,21.965786,74.06081,0.1585,2.6582149929470487
5KPE_4_2_0_combined_id6,2.658693790435791,3.2804362773895264,72.41851851851852,0.53,4,2,80.22583333333333,1.6562962532043457,21.965786,74.06081,0.1691,2.25604897958261
5KPE_4_2_0_combined_id7,1.9751932621002197,2.7541234493255615,89.17768518518518,0.78,4,2,80.22583333333333,1.6562962532043457,21.965786,74.06081,0.1614,2.980813203034577
5KPE_4_2_0_combined_id8,1.5809413194656372,2.8496365547180176,79.32314814814815,0.66,4,2,80.22583333333333,1.6562962532043457,21.965786,74.06081,0.1466,2.937238622594762
5KPE_4_2_0_combined_id9,2.061159610748291,3.6522774696350098,85.69231481481484,0.75,4,2,80.22583333333333,1.6562962532043457,21.965786,74.06081,0.16,2.3789938467520253
5KPE_4_2_2_combined_id1,1.3740817308425903,3.043004035949707,83.63462962962961,0.66,4,2,77.74407407407406,2.1681668758392334,23.918257,72.3335,0.1607,2.8558892144097223
5KPE_4_2_2_combined_id10,0.9995048642158508,3.3632867336273193,85.18287037037035,0.72,4,2,77.74407407407406,2.1681668758392334,23.918257,72.3335,0.1408,3.567066051341869
5KPE_4_2_2_combined_id11,1.4097541570663452,3.0924997329711914,88.98888888888888,0.76,4,2,77.74407407407406,2.1681668758392334,23.918257,72.3335,0.1759,2.755483274106626
5KPE_4_2_2_combined_id12,1.8201013803482056,3.882310152053833,77.79824074074071,0.57,4,2,77.74407407407406,2.1681668758392334,23.918257,72.3335,0.1733,2.8234145553023726
5KPE_4_2_2_combined_id13,8.178559303283691,8.376999855041504,63.860370370370354,0.52,4,2,77.74407407407406,2.1681668758392334,23.918257,72.3335,0.165,2.8032839739764177
5KPE_4_2_2_combined_id14,2.422215461730957,3.135734796524048,76.6725925925926,0.65,4,2,77.74407407407406,2.1681668758392334,23.918257,72.3335,0.1649,2.498135036892361
5KPE_4_2_2_combined_id15,1.9349480867385864,2.9229841232299805,89.01231481481483,0.76,4,2,77.74407407407406,2.1681668758392334,23.918257,72.3335,0.1571,2.946916933412905
5KPE_4_2_2_combined_id16,1.5743744373321533,3.098402976989746,87.82935185185185,0.75,4,2,77.74407407407406,2.1681668758392334,23.918257,72.3335,0.1747,2.555519386574074
5KPE_4_2_2_combined_id17,2.4624056816101074,3.2057759761810303,83.14777777777778,0.71,4,2,77.74407407407406,2.1681668758392334,23.918257,72.3335,0.1647,2.325488902904369
5KPE_4_2_2_combined_id18,3.888758420944214,4.38855504989624,66.31148148148148,0.49,4,2,77.74407407407406,2.1681668758392334,23.918257,72.3335,0.1615,2.8632388644748263
5KPE_4_2_2_combined_id19,9.508330345153809,10.836421966552734,62.95305555555556,0.51,4,2,77.74407407407406,2.1681668758392334,23.918257,72.3335,0.1485,2.7144670839662903
5KPE_4_2_2_combined_id2,10.375394821166992,10.675390243530273,67.32546296296296,0.5,4,2,77.74407407407406,2.1681668758392334,23.918257,72.3335,0.1433,2.769505818684896
5KPE_4_2_2_combined_id20,9.287620544433594,9.708577156066895,67.67416666666666,0.53,4,2,77.74407407407406,2.1681668758392334,23.918257,72.3335,0.1697,2.4902131822374134
5KPE_4_2_2_combined_id21,2.2935545444488525,3.0425217151641846,85.18666666666667,0.72,4,2,77.74407407407406,2.1681668758392334,23.918257,72.3335,0.1607,2.593388310185185
5KPE_4_2_2_combined_id22,10.095942497253418,10.472987174987793,77.72546296296296,0.59,4,2,77.74407407407406,2.1681668758392334,23.918257,72.3335,0.1676,2.67246981020327
5KPE_4_2_2_combined_id23,1.4400447607040405,3.177417039871216,83.73018518518518,0.7,4,2,77.74407407407406,2.1681668758392334,23.918257,72.3335,0.1419,3.3150914510091147
5KPE_4_2_2_combined_id24,1.6259359121322632,3.3343098163604736,86.43999999999998,0.71,4,2,77.74407407407406,2.1681668758392334,23.918257,72.3335,0.1784,2.5800199155454284
5KPE_4_2_2_combined_id3,2.0968995094299316,3.3494644165039062,79.19342592592594,0.65,4,2,77.74407407407406,2.1681668758392334,23.918257,72.3335,0.1589,2.7303023161711515
5KPE_4_2_2_combined_id4,1.611708164215088,3.113349676132202,91.49398148148148,0.8,4,2,77.74407407407406,2.1681668758392334,23.918257,72.3335,0.1477,3.003875167281539
5KPE_4_2_2_combined_id5,9.316205978393555,8.992422103881836,83.9274074074074,0.73,4,2,77.74407407407406,2.1681668758392334,23.918257,72.3335,0.1527,2.7133376510054976
5KPE_4_2_2_combined_id6,1.9858405590057373,3.0359857082366943,77.2473148148148,0.62,4,2,77.74407407407406,2.1681668758392334,23.918257,72.3335,0.1572,2.268819879602503
5KPE_4_2_2_combined_id7,9.344808578491211,9.040569305419922,72.2985185185185,0.53,4,2,77.74407407407406,2.1681668758392334,23.918257,72.3335,0.1697,2.38699143021195
5KPE_4_2_2_combined_id8,2.461031198501587,3.7391741275787354,70.11027777777778,0.57,4,2,77.74407407407406,2.1681668758392334,23.918257,72.3335,0.1703,2.483076872649016
5KPE_4_2_2_combined_id9,2.255727529525757,3.3908286094665527,74.93712962962962,0.61,4,2,77.74407407407406,2.1681668758392334,23.918257,72.3335,0.1657,2.508477952745226
5KPE_4_2_3_combined_id1,1.4412235021591187,2.950669288635254,77.63203703703702,0.6,4,2,81.84518518518517,1.73748517036438,22.958597,76.55664,0.1675,2.524907147442853
5KPE_4_2_3_combined_id10,1.480359435081482,3.793046474456787,79.00277777777777,0.61,4,2,81.84518518518517,1.73748517036438,22.958597,76.55664,0.1715,2.339932194462529
5KPE_4_2_3_combined_id11,1.4317601919174194,3.0987629890441895,84.57953703703703,0.67,4,2,81.84518518518517,1.73748517036438,22.958597,76.55664,0.1531,2.938886289243345
5KPE_4_2_3_combined_id12,1.2334198951721191,3.1199450492858887,82.21546296296295,0.66,4,2,81.84518518518517,1.73748517036438,22.958597,76.55664,0.1834,2.4934158325195312
5KPE_4_2_3_combined_id13,10.8507661819458,10.92056941986084,78.20166666666667,0.58,4,2,81.84518518518517,1.73748517036438,22.958597,76.55664,0.1742,2.96725915979456
5KPE_4_2_3_combined_id14,9.944911003112793,11.57862663269043,72.6662962962963,0.63,4,2,81.84518518518517,1.73748517036438,22.958597,76.55664,0.1545,3.25795011167173
5KPE_4_2_3_combined_id15,8.983830451965332,8.495445251464844,75.34694444444443,0.59,4,2,81.84518518518517,1.73748517036438,22.958597,76.55664,0.1428,3.361220183195891
5KPE_4_2_3_combined_id17,2.1386847496032715,2.5688207149505615,82.01314814814816,0.69,4,2,81.84518518518517,1.73748517036438,22.958597,76.55664,0.1686,2.131745938901548
5KPE_4_2_3_combined_id18,7.873383522033691,10.115138053894043,76.14953703703704,0.61,4,2,81.84518518518517,1.73748517036438,22.958597,76.55664,0.1573,2.953481320981626
5KPE_4_2_3_combined_id19,0.8382522463798523,3.595337152481079,90.87425925925926,0.77,4,2,81.84518518518517,1.73748517036438,22.958597,76.55664,0.1615,3.6795897307219327
5KPE_4_2_3_combined_id2,1.90754234790802,2.400599479675293,74.11185185185185,0.57,4,2,81.84518518518517,1.73748517036438,22.958597,76.55664,0.1579,2.326102362738715
5KPE_4_2_3_combined_id20,3.9026951789855957,4.5235795974731445,79.27074074074073,0.6,4,2,81.84518518518517,1.73748517036438,22.958597,76.55664,0.1658,3.133393746835214
5KPE_4_2_3_combined_id21,2.0353689193725586,3.7039666175842285,76.8273148148148,0.64,4,2,81.84518518518517,1.73748517036438,22.958597,76.55664,0.1786,2.284775910554109
5KPE_4_2_3_combined_id22,1.469022274017334,3.4462482929229736,88.23694444444445,0.78,4,2,81.84518518518517,1.73748517036438,22.958597,76.55664,0.1485,3.66584947374132
5KPE_4_2_3_combined_id23,1.485776662826538,3.2675960063934326,83.86564814814817,0.72,4,2,81.84518518518517,1.73748517036438,22.958597,76.55664,0.1629,3.1408784654405384
5KPE_4_2_3_combined_id24,3.58805775642395,4.440967082977295,64.65407407407407,0.51,4,2,81.84518518518517,1.73748517036438,22.958597,76.55664,0.1536,3.2086715698242188
5KPE_4_2_3_combined_id3,1.3990885019302368,3.9963436126708984,81.8062962962963,0.68,4,2,81.84518518518517,1.73748517036438,22.958597,76.55664,0.1779,2.577906573260272
5KPE_4_2_3_combined_id4,6.859611511230469,7.432917594909668,67.47018518518519,0.54,4,2,81.84518518518517,1.73748517036438,22.958597,76.55664,0.1657,2.599636501736111
5KPE_4_2_3_combined_id5,7.043208599090576,5.544651031494141,64.14166666666667,0.43,4,2,81.84518518518517,1.73748517036438,22.958597,76.55664,0.182,2.049686149314598
5KPE_4_2_3_combined_id6,2.4490935802459717,3.76330304145813,83.04907407407408,0.71,4,2,81.84518518518517,1.73748517036438,22.958597,76.55664,0.1683,2.465715761537905
5KPE_4_2_3_combined_id7,2.1332008838653564,3.424318552017212,79.60055555555556,0.64,4,2,81.84518518518517,1.73748517036438,22.958597,76.55664,0.1712,2.639823065863715
5KPE_4_2_3_combined_id8,2.6274263858795166,3.442711114883423,74.65879629629629,0.58,4,2,81.84518518518517,1.73748517036438,22.958597,76.55664,0.1581,2.5852169460720487
5KPE_4_2_3_combined_id9,1.6766854524612427,3.761514663696289,81.2497222222222,0.66,4,2,81.84518518518517,1.73748517036438,22.958597,76.55664,0.181,2.6039225260416665
5KPE_4_2_4_combined_id1,1.965260624885559,3.001906633377075,82.35287037037038,0.66,4,2,90.15879629629627,2.149773120880127,23.75658,73.17201,0.165,2.5913976033528647
5KPE_4_2_4_combined_id10,3.8659825325012207,4.639533519744873,64.0324074074074,0.44,4,2,90.15879629629627,2.149773120880127,23.75658,73.17201,0.1797,2.606526975278501
5KPE_4_2_4_combined_id11,2.6472153663635254,3.722548723220825,76.17777777777779,0.62,4,2,90.15879629629627,2.149773120880127,23.75658,73.17201,0.1931,2.6504154911747686
5KPE_4_2_4_combined_id12,1.54567551612854,3.295766830444336,83.03620370370369,0.69,4,2,90.15879629629627,2.149773120880127,23.75658,73.17201,0.1809,2.557942990903501
5KPE_4_2_4_combined_id13,1.6149500608444214,3.213961362838745,82.77250000000001,0.7,4,2,90.15879629629627,2.149773120880127,23.75658,73.17201,0.1767,2.7513359917534723
5KPE_4_2_4_combined_id14,2.2771780490875244,2.841400623321533,84.22092592592591,0.74,4,2,90.15879629629627,2.149773120880127,23.75658,73.17201,0.1807,2.3073190759729454
5KPE_4_2_4_combined_id15,3.6446444988250732,4.518213748931885,82.08796296296298,0.67,4,2,90.15879629629627,2.149773120880127,23.75658,73.17201,0.18,2.8226179899992765
5KPE_4_2_4_combined_id16,2.5696821212768555,4.1150102615356445,88.60157407407407,0.77,4,2,90.15879629629627,2.149773120880127,23.75658,73.17201,0.1665,3.148209748444734
5KPE_4_2_4_combined_id17,1.1069756746292114,3.661957263946533,87.98759259259259,0.74,4,2,90.15879629629627,2.149773120880127,23.75658,73.17201,0.1476,3.126740067093461
5KPE_4_2_4_combined_id18,1.7307614088058472,3.4990029335021973,81.5811111111111,0.71,4,2,90.15879629629627,2.149773120880127,23.75658,73.17201,0.1798,2.078442608868634
5KPE_4_2_4_combined_id19,11.706130981445312,12.476275444030762,69.09425925925927,0.58,4,2,90.15879629629627,2.149773120880127,23.75658,73.17201,0.1486,3.1953085440176503
5KPE_4_2_4_combined_id2,10.646872520446777,10.401269912719727,78.40212962962966,0.62,4,2,90.15879629629627,2.149773120880127,23.75658,73.17201,0.1597,2.7412827103226274
5KPE_4_2_4_combined_id20,2.3188414573669434,4.002597332000732,85.62712962962962,0.75,4,2,90.15879629629627,2.149773120880127,23.75658,73.17201,0.1738,3.06282071714048
5KPE_4_2_4_combined_id21,2.162517786026001,3.8927814960479736,76.98620370370371,0.62,4,2,90.15879629629627,2.149773120880127,23.75658,73.17201,0.1559,2.777082090024595
5KPE_4_2_4_combined_id22,1.6343129873275757,3.4057071208953857,90.05462962962962,0.79,4,2,90.15879629629627,2.149773120880127,23.75658,73.17201,0.1973,2.4177203708224826
5KPE_4_2_4_combined_id23,2.4174561500549316,2.792480945587158,83.86481481481484,0.75,4,2,90.15879629629627,2.149773120880127,23.75658,73.17201,0.1838,2.4601383915653936
5KPE_4_2_4_combined_id24,1.7080844640731812,3.1274571418762207,87.40046296296296,0.76,4,2,90.15879629629627,2.149773120880127,23.75658,73.17201,0.1719,2.7528370044849537
5KPE_4_2_4_combined_id3,10.326626777648926,12.029582977294922,77.05805555555555,0.67,4,2,90.15879629629627,2.149773120880127,23.75658,73.17201,0.1595,2.538370203088831
5KPE_4_2_4_combined_id4,3.2600016593933105,3.618046283721924,78.63620370370371,0.67,4,2,90.15879629629627,2.149773120880127,23.75658,73.17201,0.189,2.211218092176649
5KPE_4_2_4_combined_id5,2.4457790851593018,2.7165427207946777,79.02601851851853,0.66,4,2,90.15879629629627,2.149773120880127,23.75658,73.17201,0.1745,2.1972498010706016
5KPE_4_2_4_combined_id6,3.354928731918335,4.085347652435303,76.35675925925926,0.58,4,2,90.15879629629627,2.149773120880127,23.75658,73.17201,0.1824,2.5615613019024885
5KPE_4_2_4_combined_id7,2.180586814880371,3.3846192359924316,85.21842592592591,0.72,4,2,90.15879629629627,2.149773120880127,23.75658,73.17201,0.1739,2.341719450774016
5KPE_4_2_4_combined_id8,1.1771653890609741,3.0736706256866455,84.07953703703704,0.66,4,2,90.15879629629627,2.149773120880127,23.75658,73.17201,0.1691,2.913560090241609
5KPE_4_2_4_combined_id9,9.679825782775879,9.666007995605469,75.22398148148147,0.52,4,2,90.15879629629627,2.149773120880127,23.75658,73.17201,0.1786,2.6218476472077548
5KPE_4_2_5_combined_id1,2.1273436546325684,3.1547720432281494,88.89361111111111,0.78,4,2,84.50120370370371,1.475726842880249,22.13892,75.878555,0.172,2.999894601327401
5KPE_4_2_5_combined_id11,2.972977876663208,3.7289061546325684,68.86518518518518,0.59,4,2,84.50120370370371,1.475726842880249,22.13892,75.878555,0.1586,2.8054029676649304
5KPE_4_2_5_combined_id12,1.6794928312301636,3.028207778930664,81.86157407407408,0.7,4,2,84.50120370370371,1.475726842880249,22.13892,75.878555,0.1678,3.00624762641059
5KPE_4_2_5_combined_id13,1.9601833820343018,2.9799251556396484,78.11962962962963,0.65,4,2,84.50120370370371,1.475726842880249,22.13892,75.878555,0.1631,2.8813595241970487
5KPE_4_2_5_combined_id14,2.682088851928711,3.291599750518799,79.93101851851853,0.68,4,2,84.50120370370371,1.475726842880249,22.13892,75.878555,0.1526,2.4838378341109664
5KPE_4_2_5_combined_id15,11.687165260314941,11.070859909057617,80.65333333333332,0.64,4,2,84.50120370370371,1.475726842880249,22.13892,75.878555,0.1561,3.051774201569734
5KPE_4_2_5_combined_id16,2.2019596099853516,2.9016175270080566,71.3626851851852,0.57,4,2,84.50120370370371,1.475726842880249,22.13892,75.878555,0.1648,2.64118731463397
5KPE_4_2_5_combined_id17,1.8359785079956055,3.4487738609313965,86.28287037037036,0.71,4,2,84.50120370370371,1.475726842880249,22.13892,75.878555,0.1656,2.9483374136465565
5KPE_4_2_5_combined_id18,8.584678649902344,8.704654693603516,83.03935185185186,0.72,4,2,84.50120370370371,1.475726842880249,22.13892,75.878555,0.1771,2.4839819448965565
5KPE_4_2_5_combined_id19,2.40179181098938,4.0870280265808105,75.12666666666667,0.57,4,2,84.50120370370371,1.475726842880249,22.13892,75.878555,0.1613,2.646812156394676
5KPE_4_2_5_combined_id2,1.5007524490356445,3.1418144702911377,83.31249999999999,0.7,4,2,84.50120370370371,1.475726842880249,22.13892,75.878555,0.1617,3.256013658311632
5KPE_4_2_5_combined_id20,1.7377759218215942,3.2799642086029053,87.0801851851852,0.75,4,2,84.50120370370371,1.475726842880249,22.13892,75.878555,0.1813,2.4320345278139466
5KPE_4_2_5_combined_id21,2.5033936500549316,3.4294941425323486,77.64203703703704,0.64,4,2,84.50120370370371,1.475726842880249,22.13892,75.878555,0.1659,2.534527248806424
5KPE_4_2_5_combined_id22,2.512669801712036,3.1683359146118164,89.7675,0.78,4,2,84.50120370370371,1.475726842880249,22.13892,75.878555,0.2006,2.226587507459852
5KPE_4_2_5_combined_id23,1.3933228254318237,3.118441581726074,76.45944444444446,0.6,4,2,84.50120370370371,1.475726842880249,22.13892,75.878555,0.1675,2.3946945755570024
5KPE_4_2_5_combined_id24,1.0516743659973145,3.4108726978302,81.91611111111112,0.65,4,2,84.50120370370371,1.475726842880249,22.13892,75.878555,0.1456,3.253051192672164
5KPE_4_2_5_combined_id3,1.8720308542251587,3.0425000190734863,82.51916666666668,0.75,4,2,84.50120370370371,1.475726842880249,22.13892,75.878555,0.1783,2.3160266169795283
5KPE_4_2_5_combined_id4,1.9659756422042847,3.3947973251342773,89.56898148148146,0.79,4,2,84.50120370370371,1.475726842880249,22.13892,75.878555,0.1561,2.6919996473524304
5KPE_4_2_5_combined_id5,11.766144752502441,11.090571403503418,66.67148148148148,0.46,4,2,84.50120370370371,1.475726842880249,22.13892,75.878555,0.195,2.253158569335937
5KPE_4_2_5_combined_id6,2.4003429412841797,2.9294865131378174,86.9050925925926,0.74,4,2,84.50120370370371,1.475726842880249,22.13892,75.878555,0.1704,2.158890618218316
5KPE_4_2_5_combined_id7,3.5061540603637695,3.695502281188965,66.10268518518518,0.5,4,2,84.50120370370371,1.475726842880249,22.13892,75.878555,0.1935,2.268844180636936
5KPE_4_2_5_combined_id8,2.0293421745300293,3.0059311389923096,81.58231481481482,0.68,4,2,84.50120370370371,1.475726842880249,22.13892,75.878555,0.1845,2.5101759168836804
5KPE_4_2_5_combined_id9,2.0079495906829834,3.6190264225006104,81.02416666666667,0.66,4,2,84.50120370370371,1.475726842880249,22.13892,75.878555,0.1969,2.1946938126175493
5KPE_4_2_6_combined_id1,1.6752365827560425,2.786909818649292,81.25842592592592,0.65,4,2,84.35388888888889,0.9748175144195556,22.816462,75.94201,0.1736,2.6214463975694446
5KPE_4_2_6_combined_id10,10.731685638427734,11.418615341186523,72.37074074074074,0.48,4,2,84.35388888888889,0.9748175144195556,22.816462,75.94201,0.1609,2.720645198115596
5KPE_4_2_6_combined_id11,3.714604377746582,4.755773544311523,78.70870370370369,0.71,4,2,84.35388888888889,0.9748175144195556,22.816462,75.94201,0.1517,2.996173717357494
5KPE_4_2_6_combined_id12,1.552322268486023,3.070162773132324,81.23944444444443,0.67,4,2,84.35388888888889,0.9748175144195556,22.816462,75.94201,0.1673,2.686772099247685
5KPE_4_2_6_combined_id13,3.7055933475494385,3.912322759628296,77.45611111111111,0.69,4,2,84.35388888888889,0.9748175144195556,22.816462,75.94201,0.1713,3.250640021430121
5KPE_4_2_6_combined_id14,9.937010765075684,10.350221633911133,75.39712962962963,0.62,4,2,84.35388888888889,0.9748175144195556,22.816462,75.94201,0.1542,3.592210557725694
5KPE_4_2_6_combined_id15,2.2700743675231934,3.561850070953369,82.9538888888889,0.67,4,2,84.35388888888889,0.9748175144195556,22.816462,75.94201,0.1801,2.705059192798756
5KPE_4_2_6_combined_id16,1.6421549320220947,2.97251296043396,84.47722222222222,0.67,4,2,84.35388888888889,0.9748175144195556,22.816462,75.94201,0.1904,2.5737366852936923
5KPE_4_2_6_combined_id17,1.983561396598816,3.529478073120117,79.84592592592593,0.67,4,2,84.35388888888889,0.9748175144195556,22.816462,75.94201,0.1669,2.7821369877568
5KPE_4_2_6_combined_id18,1.5838383436203003,2.973916530609131,79.48722222222223,0.64,4,2,84.35388888888889,0.9748175144195556,22.816462,75.94201,0.1882,2.63814601191768
5KPE_4_2_6_combined_id19,2.498190402984619,3.903183937072754,72.27916666666667,0.61,4,2,84.35388888888889,0.9748175144195556,22.816462,75.94201,0.1579,3.1532728407118054
5KPE_4_2_6_combined_id2,2.6527349948883057,3.881056308746338,74.66564814814814,0.56,4,2,84.35388888888889,0.9748175144195556,22.816462,75.94201,0.1759,2.7594867282443576
5KPE_4_2_6_combined_id20,10.167896270751953,12.036272048950195,74.71638888888889,0.62,4,2,84.35388888888889,0.9748175144195556,22.816462,75.94201,0.1584,3.386703773781105
5KPE_4_2_6_combined_id21,2.4542553424835205,3.5896589756011963,78.425,0.65,4,2,84.35388888888889,0.9748175144195556,22.816462,75.94201,0.1891,2.452991061740452
5KPE_4_2_6_combined_id22,1.9999768733978271,3.3514509201049805,86.5324074074074,0.76,4,2,84.35388888888889,0.9748175144195556,22.816462,75.94201,0.1777,2.7333560519748263
5KPE_4_2_6_combined_id23,1.8745074272155762,2.7133522033691406,77.83194444444443,0.62,4,2,84.35388888888889,0.9748175144195556,22.816462,75.94201,0.1583,2.1038976598668984
5KPE_4_2_6_combined_id24,5.213616847991943,5.881309509277344,59.41342592592593,0.48,4,2,84.35388888888889,0.9748175144195556,22.816462,75.94201,0.1607,2.75471666124132
5KPE_4_2_6_combined_id3,1.9745172262191772,2.7906830310821533,85.04870370370371,0.76,4,2,84.35388888888889,0.9748175144195556,22.816462,75.94201,0.2066,2.5582682291666665
5KPE_4_2_6_combined_id4,1.829016089439392,3.1985607147216797,87.29388888888889,0.76,4,2,84.35388888888889,0.9748175144195556,22.816462,75.94201,0.1817,3.213798240379051
5KPE_4_2_6_combined_id5,1.96943199634552,3.2702462673187256,88.08861111111109,0.74,4,2,84.35388888888889,0.9748175144195556,22.816462,75.94201,0.1726,2.852078190556279
5KPE_4_2_6_combined_id6,2.271012306213379,3.3594534397125244,82.20666666666666,0.69,4,2,84.35388888888889,0.9748175144195556,22.816462,75.94201,0.1933,2.4321687486436634
5KPE_4_2_6_combined_id7,1.4993774890899658,3.463449001312256,86.15851851851852,0.72,4,2,84.35388888888889,0.9748175144195556,22.816462,75.94201,0.1713,2.9431706181278936
5KPE_4_2_6_combined_id8,1.6922513246536255,2.8318612575531006,87.81212962962962,0.72,4,2,84.35388888888889,0.9748175144195556,22.816462,75.94201,0.1826,2.886874728732639
5KPE_4_2_6_combined_id9,1.0966153144836426,3.8816637992858887,81.29361111111112,0.63,4,2,84.35388888888889,0.9748175144195556,22.816462,75.94201,0.1684,2.9218066180193865
5KPE_4_2_7_combined_id1,2.493412971496582,2.634617567062378,76.70046296296296,0.61,4,2,89.97935185185186,0.9743708372116088,23.223745,73.821815,0.1786,2.178859993263527
5KPE_4_2_7_combined_id10,11.110068321228027,11.908533096313477,71.49944444444444,0.57,4,2,89.97935185185186,0.9743708372116088,23.223745,73.821815,0.1593,2.5080976132993347
5KPE_4_2_7_combined_id11,9.497785568237305,8.343737602233887,83.8346296296296,0.66,4,2,89.97935185185186,0.9743708372116088,23.223745,73.821815,0.1882,2.750801651566117
5KPE_4_2_7_combined_id12,2.026552200317383,3.4310786724090576,80.70740740740742,0.72,4,2,89.97935185185186,0.9743708372116088,23.223745,73.821815,0.1889,2.299104619909216
5KPE_4_2_7_combined_id13,12.098759651184082,11.564946174621582,81.6198148148148,0.62,4,2,89.97935185185186,0.9743708372116088,23.223745,73.821815,0.1482,3.382201583297164
5KPE_4_2_7_combined_id14,1.663192868232727,2.8190855979919434,82.04018518518518,0.7,4,2,89.97935185185186,0.9743708372116088,23.223745,73.821815,0.1768,2.4497386791087963
5KPE_4_2_7_combined_id15,1.8563388586044312,2.2001874446868896,77.54879629629629,0.64,4,2,89.97935185185186,0.9743708372116088,23.223745,73.821815,0.158,2.851097389503761
5KPE_4_2_7_combined_id16,10.234482765197754,10.39655876159668,82.3583333333333,0.7,4,2,89.97935185185186,0.9743708372116088,23.223745,73.821815,0.1941,2.455116837112992
5KPE_4_2_7_combined_id17,1.7913768291473389,2.9737823009490967,80.58620370370372,0.71,4,2,89.97935185185186,0.9743708372116088,23.223745,73.821815,0.1945,2.7204420301649304
5KPE_4_2_7_combined_id18,1.1940754652023315,3.6879541873931885,93.68990740740745,0.83,4,2,89.97935185185186,0.9743708372116088,23.223745,73.821815,0.1641,3.6214757848668975
5KPE_4_2_7_combined_id19,13.463081359863281,13.845211029052734,58.8387037037037,0.47,4,2,89.97935185185186,0.9743708372116088,23.223745,73.821815,0.1631,2.081224653455946
5KPE_4_2_7_combined_id2,3.2492337226867676,2.626458168029785,70.11314814814816,0.58,4,2,89.97935185185186,0.9743708372116088,23.223745,73.821815,0.1703,2.171561629683883
5KPE_4_2_7_combined_id20,2.1429355144500732,2.857250213623047,71.6525,0.55,4,2,89.97935185185186,0.9743708372116088,23.223745,73.821815,0.1687,2.443973117404514
5KPE_4_2_7_combined_id21,1.1449521780014038,3.0493364334106445,85.87981481481481,0.69,4,2,89.97935185185186,0.9743708372116088,23.223745,73.821815,0.1477,3.532560843008536
5KPE_4_2_7_combined_id22,7.556900501251221,9.516315460205078,78.65185185185186,0.62,4,2,89.97935185185186,0.9743708372116088,23.223745,73.821815,0.1424,3.527290626808449
5KPE_4_2_7_combined_id23,2.181705951690674,3.8580052852630615,76.62055555555555,0.63,4,2,89.97935185185186,0.9743708372116088,23.223745,73.821815,0.1767,2.7242618136935763
5KPE_4_2_7_combined_id24,1.543118953704834,3.4474031925201416,85.83222222222223,0.72,4,2,89.97935185185186,0.9743708372116088,23.223745,73.821815,0.1624,2.6061553955078125
5KPE_4_2_7_combined_id3,2.583195686340332,2.538508176803589,72.53333333333333,0.59,4,2,89.97935185185186,0.9743708372116088,23.223745,73.821815,0.1687,2.3123902214898004
5KPE_4_2_7_combined_id4,1.0360703468322754,3.359389305114746,86.61787037037035,0.74,4,2,89.97935185185186,0.9743708372116088,23.223745,73.821815,0.1612,2.8242758291739003
5KPE_4_2_7_combined_id5,2.037245273590088,2.8408637046813965,86.42444444444446,0.74,4,2,89.97935185185186,0.9743708372116088,23.223745,73.821815,0.1622,2.7279335304542824
5KPE_4_2_7_combined_id6,10.070245742797852,10.608907699584961,80.2462037037037,0.61,4,2,89.97935185185186,0.9743708372116088,23.223745,73.821815,0.1974,2.3789520263671875
5KPE_4_2_7_combined_id7,1.0719490051269531,2.9921762943267822,87.35175925925924,0.74,4,2,89.97935185185186,0.9743708372116088,23.223745,73.821815,0.1523,3.3613337764033564
5KPE_4_2_7_combined_id8,1.7890677452087402,2.9924166202545166,82.97453703703705,0.7,4,2,89.97935185185186,0.9743708372116088,23.223745,73.821815,0.1636,2.797826131184896
5KPE_4_2_7_combined_id9,1.425681471824646,2.9909584522247314,85.89481481481481,0.7,4,2,89.97935185185186,0.9743708372116088,23.223745,73.821815,0.1644,2.6174689398871527
5KPE_4_2_8_combined_id1,10.248244285583496,10.177851676940918,76.00361111111111,0.62,4,2,88.56018518518519,1.0371569395065308,22.30026,72.42137,0.178,2.236623410825376
5KPE_4_2_8_combined_id10,1.510633111000061,3.408517837524414,81.4939814814815,0.68,4,2,88.56018518518519,1.0371569395065308,22.30026,72.42137,0.1591,2.428497879593461
5KPE_4_2_8_combined_id11,2.228217601776123,3.796316146850586,88.71657407407407,0.79,4,2,88.56018518518519,1.0371569395065308,22.30026,72.42137,0.1785,2.6841501306604454
5KPE_4_2_8_combined_id12,8.244353294372559,8.288588523864746,72.02462962962963,0.59,4,2,88.56018518518519,1.0371569395065308,22.30026,72.42137,0.174,2.438856901945891
5KPE_4_2_8_combined_id13,1.718585729598999,2.6223137378692627,77.32,0.63,4,2,88.56018518518519,1.0371569395065308,22.30026,72.42137,0.1469,3.043747795952691
5KPE_4_2_8_combined_id14,2.223020553588867,2.707871198654175,85.15009259259257,0.74,4,2,88.56018518518519,1.0371569395065308,22.30026,72.42137,0.1711,2.337839055944372
5KPE_4_2_8_combined_id15,11.32068157196045,10.967240333557129,70.69583333333334,0.57,4,2,88.56018518518519,1.0371569395065308,22.30026,72.42137,0.1751,2.446678444191261
5KPE_4_2_8_combined_id16,1.8696194887161255,3.374985456466675,87.68675925925926,0.77,4,2,88.56018518518519,1.0371569395065308,22.30026,72.42137,0.1482,3.127522786458333
5KPE_4_2_8_combined_id17,1.6833984851837158,3.114161968231201,85.88296296296296,0.74,4,2,88.56018518518519,1.0371569395065308,22.30026,72.42137,0.1815,2.6041737309208624
5KPE_4_2_8_combined_id18,2.553373336791992,4.073643684387207,91.94296296296297,0.83,4,2,88.56018518518519,1.0371569395065308,22.30026,72.42137,0.1663,2.683852866843895
5KPE_4_2_8_combined_id19,2.787559986114502,3.7967514991760254,79.88657407407409,0.63,4,2,88.56018518518519,1.0371569395065308,22.30026,72.42137,0.1563,2.572753341109664
5KPE_4_2_8_combined_id2,3.065830707550049,3.0913214683532715,78.51111111111113,0.64,4,2,88.56018518518519,1.0371569395065308,22.30026,72.42137,0.166,2.3408293547453702
5KPE_4_2_8_combined_id20,11.26941204071045,10.822062492370605,76.46851851851852,0.6,4,2,88.56018518518519,1.0371569395065308,22.30026,72.42137,0.1735,2.4285204852068865
5KPE_4_2_8_combined_id21,1.4974647760391235,3.194913148880005,87.71601851851854,0.78,4,2,88.56018518518519,1.0371569395065308,22.30026,72.42137,0.1563,2.84901202166522
5KPE_4_2_8_combined_id22,2.1066691875457764,2.9150748252868652,83.74194444444444,0.69,4,2,88.56018518518519,1.0371569395065308,22.30026,72.42137,0.1724,2.404937179000289
5KPE_4_2_8_combined_id23,1.9169471263885498,3.2507896423339844,86.42111111111113,0.7,4,2,88.56018518518519,1.0371569395065308,22.30026,72.42137,0.1623,2.3027770430953414
5KPE_4_2_8_combined_id24,2.174436569213867,2.807816743850708,78.19592592592592,0.63,4,2,88.56018518518519,1.0371569395065308,22.30026,72.42137,0.1677,2.197908895987052
5KPE_4_2_8_combined_id3,1.5209749937057495,3.601619243621826,82.83898148148148,0.71,4,2,88.56018518518519,1.0371569395065308,22.30026,72.42137,0.1628,2.897507844147859
5KPE_4_2_8_combined_id4,1.4739747047424316,2.7757925987243652,85.88259259259259,0.71,4,2,88.56018518518519,1.0371569395065308,22.30026,72.42137,0.1542,2.778492115162037
5KPE_4_2_8_combined_id5,1.851949691772461,3.9267196655273438,85.50564814814817,0.75,4,2,88.56018518518519,1.0371569395065308,22.30026,72.42137,0.1678,2.720277574327257
5KPE_4_2_8_combined_id6,1.3362947702407837,3.519176721572876,91.6794444444444,0.8,4,2,88.56018518518519,1.0371569395065308,22.30026,72.42137,0.1781,2.8671547218605324
5KPE_4_2_8_combined_id7,1.6032207012176514,3.0082318782806396,80.66879629629629,0.69,4,2,88.56018518518519,1.0371569395065308,22.30026,72.42137,0.1753,2.2460414745189525
5KPE_4_2_8_combined_id8,10.35948657989502,10.395950317382812,74.55620370370369,0.62,4,2,88.56018518518519,1.0371569395065308,22.30026,72.42137,0.1729,2.624643961588541
5KPE_4_2_8_combined_id9,1.3744088411331177,3.6599185466766357,92.0275925925926,0.81,4,2,88.56018518518519,1.0371569395065308,22.30026,72.42137,0.1727,3.310046160662616
5KPE_4_2_9_combined_id1,10.5584077835083,11.623931884765625,74.47351851851852,0.59,4,2,85.01777777777777,1.7563958168029783,22.665897,78.32758,0.1745,2.282583307336878
5KPE_4_2_9_combined_id10,11.021388053894043,12.755145072937012,68.85990740740739,0.59,4,2,85.01777777777777,1.7563958168029783,22.665897,78.32758,0.1672,2.43575202094184
5KPE_4_2_9_combined_id11,12.320952415466309,11.184469223022461,77.62842592592591,0.61,4,2,85.01777777777777,1.7563958168029783,22.665897,78.32758,0.1812,2.3367671260127314
5KPE_4_2_9_combined_id12,10.559420585632324,11.190652847290039,83.80166666666666,0.72,4,2,85.01777777777777,1.7563958168029783,22.665897,78.32758,0.1927,2.468615214029948
5KPE_4_2_9_combined_id13,1.2219815254211426,3.3995866775512695,90.5250925925926,0.79,4,2,85.01777777777777,1.7563958168029783,22.665897,78.32758,0.1661,3.008201881691261
5KPE_4_2_9_combined_id14,10.819353103637695,11.79505729675293,84.9735185185185,0.7,4,2,85.01777777777777,1.7563958168029783,22.665897,78.32758,0.1643,2.468017012984664
5KPE_4_2_9_combined_id15,9.860499382019043,10.099937438964844,72.72611111111111,0.61,4,2,85.01777777777777,1.7563958168029783,22.665897,78.32758,0.1681,2.554112752278646
5KPE_4_2_9_combined_id16,2.5360703468322754,3.6973540782928467,72.49370370370369,0.5,4,2,85.01777777777777,1.7563958168029783,22.665897,78.32758,0.1781,2.49703131781684
5KPE_4_2_9_combined_id17,7.938760757446289,7.92647647857666,72.15824074074075,0.57,4,2,85.01777777777777,1.7563958168029783,22.665897,78.32758,0.1517,2.7239761352539062
5KPE_4_2_9_combined_id18,9.987518310546875,10.268516540527344,77.74666666666666,0.64,4,2,85.01777777777777,1.7563958168029783,22.665897,78.32758,0.1677,3.083348592122396
5KPE_4_2_9_combined_id2,9.836915969848633,10.5061616897583,78.87203703703705,0.66,4,2,85.01777777777777,1.7563958168029783,22.665897,78.32758,0.1689,2.545684814453125
5KPE_4_2_9_combined_id20,10.701695442199707,11.516830444335938,77.41240740740741,0.59,4,2,85.01777777777777,1.7563958168029783,22.665897,78.32758,0.1547,2.782587969744647
5KPE_4_2_9_combined_id21,1.2634221315383911,3.207526206970215,86.58064814814814,0.72,4,2,85.01777777777777,1.7563958168029783,22.665897,78.32758,0.1629,3.274666397659867
5KPE_4_2_9_combined_id23,1.9568649530410767,3.369709014892578,82.2296296296296,0.66,4,2,85.01777777777777,1.7563958168029783,22.665897,78.32758,0.1795,2.338103965476708
5KPE_4_2_9_combined_id24,9.716717720031738,10.181663513183594,72.12685185185185,0.6,4,2,85.01777777777777,1.7563958168029783,22.665897,78.32758,0.1563,3.035601015444155
5KPE_4_2_9_combined_id3,1.6695343255996704,2.867523431777954,80.98574074074077,0.63,4,2,85.01777777777777,1.7563958168029783,22.665897,78.32758,0.1734,2.27831381338614
5KPE_4_2_9_combined_id4,1.4519165754318237,3.5228898525238037,84.88333333333333,0.74,4,2,85.01777777777777,1.7563958168029783,22.665897,78.32758,0.1512,2.792136863425926
5KPE_4_2_9_combined_id5,8.199551582336426,9.916492462158203,65.83907407407408,0.52,4,2,85.01777777777777,1.7563958168029783,22.665897,78.32758,0.1419,2.87920238353588
5KPE_4_2_9_combined_id6,9.82987117767334,10.0634183883667,83.96898148148148,0.74,4,2,85.01777777777777,1.7563958168029783,22.665897,78.32758,0.1673,2.532796789098669
5KPE_4_2_9_combined_id7,1.4986419677734375,3.6620349884033203,79.66231481481482,0.65,4,2,85.01777777777777,1.7563958168029783,22.665897,78.32758,0.1687,2.6601268627025463
5KPE_4_2_9_combined_id8,1.897711992263794,3.951057195663452,73.06481481481482,0.58,4,2,85.01777777777777,1.7563958168029783,22.665897,78.32758,0.1482,2.969866152162905
5KPE_4_2_9_combined_id9,9.622276306152344,10.835502624511719,82.11666666666669,0.67,4,2,85.01777777777777,1.7563958168029783,22.665897,78.32758,0.1719,2.474213211624711
5KPE_4_4_0_combined_id10,1.1767216920852661,2.9907424449920654,85.78203703703703,0.73,4,4,76.01268518518519,2.5447144508361816,22.651373,74.04665,0.1685,3.2557864718967013
5KPE_4_4_0_combined_id11,4.337939739227295,4.899447441101074,48.93694444444445,0.38,4,4,76.01268518518519,2.5447144508361816,22.651373,74.04665,0.1421,2.719623424388744
5KPE_4_4_0_combined_id12,11.303060531616211,12.483078002929688,83.14944444444444,0.73,4,4,76.01268518518519,2.5447144508361816,22.651373,74.04665,0.1458,3.2754092746310763
5KPE_4_4_0_combined_id13,10.325006484985352,8.73646354675293,67.44222222222223,0.55,4,4,76.01268518518519,2.5447144508361816,22.651373,74.04665,0.166,2.703765304000289
5KPE_4_4_0_combined_id14,2.307183027267456,4.619517803192139,69.32212962962964,0.62,4,4,76.01268518518519,2.5447144508361816,22.651373,74.04665,0.1545,3.028035481770833
5KPE_4_4_0_combined_id15,1.4161357879638672,2.601719617843628,90.4398148148148,0.8,4,4,76.01268518518519,2.5447144508361816,22.651373,74.04665,0.1569,2.924861201533565
5KPE_4_4_0_combined_id16,5.590494632720947,5.81851863861084,71.93527777777777,0.54,4,4,76.01268518518519,2.5447144508361816,22.651373,74.04665,0.1669,2.4257719251844616
5KPE_4_4_0_combined_id17,1.4367185831069946,3.7517454624176025,87.41916666666665,0.75,4,4,76.01268518518519,2.5447144508361816,22.651373,74.04665,0.1641,2.998893455222801
5KPE_4_4_0_combined_id18,1.5802208185195923,3.024650812149048,83.74842592592593,0.68,4,4,76.01268518518519,2.5447144508361816,22.651373,74.04665,0.1626,3.003275270815249
5KPE_4_4_0_combined_id19,1.354183316230774,3.052830934524536,89.97574074074075,0.79,4,4,76.01268518518519,2.5447144508361816,22.651373,74.04665,0.1633,2.9585678665726274
5KPE_4_4_0_combined_id2,1.105759620666504,3.6256613731384277,83.20074074074076,0.67,4,4,76.01268518518519,2.5447144508361816,22.651373,74.04665,0.1442,3.482460304542824
5KPE_4_4_0_combined_id20,3.086531639099121,4.241652011871338,85.21731481481481,0.74,4,4,76.01268518518519,2.5447144508361816,22.651373,74.04665,0.1805,2.2133461281105324
5KPE_4_4_0_combined_id21,3.192305088043213,4.051321506500244,75.00388888888888,0.58,4,4,76.01268518518519,2.5447144508361816,22.651373,74.04665,0.1611,2.9984684696903936
5KPE_4_4_0_combined_id22,1.331331729888916,2.8868980407714844,87.65259259259261,0.72,4,4,76.01268518518519,2.5447144508361816,22.651373,74.04665,0.168,2.741018507215712
5KPE_4_4_0_combined_id24,1.308493971824646,3.231503486633301,84.25907407407406,0.74,4,4,76.01268518518519,2.5447144508361816,22.651373,74.04665,0.1518,3.2008788497359664
5KPE_4_4_0_combined_id3,1.3642630577087402,3.656550645828247,85.49712962962961,0.7,4,4,76.01268518518519,2.5447144508361816,22.651373,74.04665,0.1426,3.0688501993815103
5KPE_4_4_0_combined_id4,1.222717046737671,3.2066400051116943,82.09416666666665,0.68,4,4,76.01268518518519,2.5447144508361816,22.651373,74.04665,0.1713,2.575049223723235
5KPE_4_4_0_combined_id5,1.4397765398025513,3.234039783477783,89.40027777777779,0.78,4,4,76.01268518518519,2.5447144508361816,22.651373,74.04665,0.1815,2.955611334906684
5KPE_4_4_0_combined_id6,10.99710464477539,11.995699882507324,71.23259259259258,0.57,4,4,76.01268518518519,2.5447144508361816,22.651373,74.04665,0.1427,3.4548142044632524
5KPE_4_4_0_combined_id8,1.7046334743499756,3.312669277191162,67.43,0.48,4,4,76.01268518518519,2.5447144508361816,22.651373,74.04665,0.1766,2.7196214463975696
5KPE_4_4_0_combined_id9,1.2418501377105713,3.122215509414673,85.58962962962961,0.76,4,4,76.01268518518519,2.5447144508361816,22.651373,74.04665,0.1637,3.0076726277669272
5KPE_4_4_1_combined_id1,1.3438857793807983,3.5154807567596436,92.60638888888889,0.81,4,4,91.79787037037038,0.9121091961860656,22.455484,72.637024,0.1693,2.703072441948785
5KPE_4_4_1_combined_id10,1.7915196418762207,3.003810167312622,89.60527777777779,0.79,4,4,91.79787037037038,0.9121091961860656,22.455484,72.637024,0.1529,2.729067201967593
5KPE_4_4_1_combined_id11,2.7745516300201416,3.1776387691497803,88.20685185185185,0.76,4,4,91.79787037037038,0.9121091961860656,22.455484,72.637024,0.1641,2.2908895987051503
5KPE_4_4_1_combined_id12,2.4743926525115967,2.8639888763427734,80.77537037037037,0.63,4,4,91.79787037037038,0.9121091961860656,22.455484,72.637024,0.1506,2.343091470223886
5KPE_4_4_1_combined_id13,1.8209636211395264,2.3444745540618896,79.78759259259259,0.67,4,4,91.79787037037038,0.9121091961860656,22.455484,72.637024,0.1803,2.129197438557943
5KPE_4_4_1_combined_id14,1.785688877105713,3.804503917694092,89.40379629629626,0.78,4,4,91.79787037037038,0.9121091961860656,22.455484,72.637024,0.1709,2.514009263780382
5KPE_4_4_1_combined_id15,2.230760097503662,2.680830717086792,82.470462962963,0.69,4,4,91.79787037037038,0.9121091961860656,22.455484,72.637024,0.1636,2.0853760330765336
5KPE_4_4_1_combined_id16,2.3042099475860596,4.323788166046143,79.29814814814817,0.58,4,4,91.79787037037038,0.9121091961860656,22.455484,72.637024,0.1349,3.5147546838831016
5KPE_4_4_1_combined_id17,1.6013612747192383,3.1962270736694336,92.09759259259262,0.81,4,4,91.79787037037038,0.9121091961860656,22.455484,72.637024,0.1696,2.9914273862485534
5KPE_4_4_1_combined_id18,1.8660968542099,3.2363858222961426,92.52249999999998,0.81,4,4,91.79787037037038,0.9121091961860656,22.455484,72.637024,0.1672,2.174616919623481
5KPE_4_4_1_combined_id19,1.4120787382125854,3.161278486251831,87.83351851851852,0.75,4,4,91.79787037037038,0.9121091961860656,22.455484,72.637024,0.1552,2.988284640842014
5KPE_4_4_1_combined_id2,1.2612446546554565,3.0240204334259033,88.10685185185187,0.76,4,4,91.79787037037038,0.9121091961860656,22.455484,72.637024,0.1911,2.950746889467593
5KPE_4_4_1_combined_id20,3.257436990737915,4.441529750823975,80.4660185185185,0.71,4,4,91.79787037037038,0.9121091961860656,22.455484,72.637024,0.1642,2.811258386682581
5KPE_4_4_1_combined_id21,2.2291650772094727,2.6952977180480957,72.51814814814814,0.61,4,4,91.79787037037038,0.9121091961860656,22.455484,72.637024,0.1695,2.2301194932725696
5KPE_4_4_1_combined_id22,2.2511253356933594,2.8719053268432617,79.10416666666669,0.65,4,4,91.79787037037038,0.9121091961860656,22.455484,72.637024,0.1685,2.1947561193395546
5KPE_4_4_1_combined_id23,1.8955559730529785,2.8143081665039062,80.24407407407408,0.68,4,4,91.79787037037038,0.9121091961860656,22.455484,72.637024,0.1855,2.5465624773943865
5KPE_4_4_1_combined_id24,9.133112907409668,10.128321647644043,79.00083333333333,0.61,4,4,91.79787037037038,0.9121091961860656,22.455484,72.637024,0.1671,2.8246530603479454
5KPE_4_4_1_combined_id3,1.3382338285446167,3.7362003326416016,83.56092592592593,0.67,4,4,91.79787037037038,0.9121091961860656,22.455484,72.637024,0.1458,3.138464185926649
5KPE_4_4_1_combined_id4,2.07499098777771,3.287626266479492,79.01203703703703,0.69,4,4,91.79787037037038,0.9121091961860656,22.455484,72.637024,0.1586,2.244435910825376
5KPE_4_4_1_combined_id5,1.6159484386444092,3.0780999660491943,88.87398148148148,0.75,4,4,91.79787037037038,0.9121091961860656,22.455484,72.637024,0.1604,2.627168160897714
5KPE_4_4_1_combined_id6,1.0966593027114868,3.3858044147491455,86.26629629629632,0.69,4,4,91.79787037037038,0.9121091961860656,22.455484,72.637024,0.1709,2.929369891131366
5KPE_4_4_1_combined_id7,1.6171188354492188,3.375222682952881,81.25046296296296,0.67,4,4,91.79787037037038,0.9121091961860656,22.455484,72.637024,0.1538,3.101806640625
5KPE_4_4_1_combined_id8,4.350180149078369,5.273275852203369,82.8475925925926,0.74,4,4,91.79787037037038,0.9121091961860656,22.455484,72.637024,0.1578,2.4547336719654225
5KPE_4_4_1_combined_id9,1.5374997854232788,3.438631534576416,88.2926851851852,0.77,4,4,91.79787037037038,0.9121091961860656,22.455484,72.637024,0.1699,2.756120187264901
5KPE_4_4_2_combined_id1,1.6497793197631836,3.032846450805664,81.89509259259259,0.68,4,4,84.48796296296297,1.7137913703918457,22.836504,71.83987,0.1545,3.319415057146991
5KPE_4_4_2_combined_id10,1.5595674514770508,3.5145351886749268,81.76972222222223,0.71,4,4,84.48796296296297,1.7137913703918457,22.836504,71.83987,0.1599,3.1218439737955728
5KPE_4_4_2_combined_id11,1.057875156402588,3.496534824371338,81.8098148148148,0.66,4,4,84.48796296296297,1.7137913703918457,22.836504,71.83987,0.1693,2.8754419397424766
5KPE_4_4_2_combined_id12,9.74606990814209,10.041821479797363,71.90101851851853,0.64,4,4,84.48796296296297,1.7137913703918457,22.836504,71.83987,0.2004,2.574932522243924
5KPE_4_4_2_combined_id13,1.8648855686187744,2.923025131225586,71.18768518518519,0.61,4,4,84.48796296296297,1.7137913703918457,22.836504,71.83987,0.1836,2.586234198676215
5KPE_4_4_2_combined_id14,7.2424750328063965,9.472954750061035,68.13074074074073,0.55,4,4,84.48796296296297,1.7137913703918457,22.836504,71.83987,0.1489,3.33315192328559
5KPE_4_4_2_combined_id15,1.8945952653884888,3.346484899520874,88.47935185185185,0.8,4,4,84.48796296296297,1.7137913703918457,22.836504,71.83987,0.1949,2.645583258734809
5KPE_4_4_2_combined_id16,2.7007009983062744,3.2857251167297363,83.60407407407408,0.73,4,4,84.48796296296297,1.7137913703918457,22.836504,71.83987,0.1633,2.682320206253617
5KPE_4_4_2_combined_id17,11.661521911621094,11.701338768005371,75.77546296296296,0.6,4,4,84.48796296296297,1.7137913703918457,22.836504,71.83987,0.1711,2.3917739303023726
5KPE_4_4_2_combined_id18,2.1167850494384766,3.539522647857666,90.15194444444442,0.81,4,4,84.48796296296297,1.7137913703918457,22.836504,71.83987,0.179,2.8152519508644387
5KPE_4_4_2_combined_id19,9.871169090270996,10.338799476623535,74.63537037037038,0.59,4,4,84.48796296296297,1.7137913703918457,22.836504,71.83987,0.1677,2.9707489013671875
5KPE_4_4_2_combined_id2,9.536502838134766,10.139867782592773,82.73333333333333,0.73,4,4,84.48796296296297,1.7137913703918457,22.836504,71.83987,0.1557,3.486843815556279
5KPE_4_4_2_combined_id20,1.3709107637405396,3.178572177886963,88.57472222222223,0.73,4,4,84.48796296296297,1.7137913703918457,22.836504,71.83987,0.1573,3.1065911187065973
5KPE_4_4_2_combined_id21,7.274785995483398,9.730379104614258,74.53212962962962,0.61,4,4,84.48796296296297,1.7137913703918457,22.836504,71.83987,0.1777,2.9629364013671875
5KPE_4_4_2_combined_id22,8.03160572052002,9.770895004272461,75.71268518518518,0.64,4,4,84.48796296296297,1.7137913703918457,22.836504,71.83987,0.1758,2.8752950032552085
5KPE_4_4_2_combined_id23,9.27157974243164,10.176421165466309,76.9288888888889,0.61,4,4,84.48796296296297,1.7137913703918457,22.836504,71.83987,0.1377,3.4779290093315973
5KPE_4_4_2_combined_id24,10.656232833862305,11.207067489624023,76.11657407407408,0.61,4,4,84.48796296296297,1.7137913703918457,22.836504,71.83987,0.1793,2.84060216833044
5KPE_4_4_2_combined_id3,10.977848052978516,11.310791015625,75.00546296296295,0.63,4,4,84.48796296296297,1.7137913703918457,22.836504,71.83987,0.2085,2.558258056640625
5KPE_4_4_2_combined_id4,2.4640953540802,2.7310304641723633,74.48064814814815,0.59,4,4,84.48796296296297,1.7137913703918457,22.836504,71.83987,0.1838,2.768291897243924
5KPE_4_4_2_combined_id5,5.769542217254639,5.215750694274902,78.66314814814815,0.66,4,4,84.48796296296297,1.7137913703918457,22.836504,71.83987,0.1825,2.402498598451968
5KPE_4_4_2_combined_id6,1.8933361768722534,2.989281177520752,82.50111111111111,0.7,4,4,84.48796296296297,1.7137913703918457,22.836504,71.83987,0.1831,2.7369342380099826
5KPE_4_4_2_combined_id7,11.12131404876709,11.464637756347656,81.46638888888889,0.54,4,4,84.48796296296297,1.7137913703918457,22.836504,71.83987,0.187,2.685993053294994
5KPE_4_4_2_combined_id8,2.0236525535583496,3.4433648586273193,82.27555555555554,0.69,4,4,84.48796296296297,1.7137913703918457,22.836504,71.83987,0.1457,3.344878585250289
5KPE_4_4_2_combined_id9,1.8970694541931152,3.7493033409118652,84.52055555555555,0.75,4,4,84.48796296296297,1.7137913703918457,22.836504,71.83987,0.1813,2.582557960792824
5KPE_4_4_4_combined_id1,1.9007818698883057,2.765058994293213,88.00324074074075,0.77,4,4,89.52657407407406,0.7386477589607239,23.408518,72.53655,0.1777,2.201358371310764
5KPE_4_4_4_combined_id10,1.6294333934783936,3.299197196960449,81.23175925925926,0.65,4,4,89.52657407407406,0.7386477589607239,23.408518,72.53655,0.1511,3.5080114293981484
5KPE_4_4_4_combined_id11,1.4445737600326538,3.212409734725952,89.21898148148148,0.78,4,4,89.52657407407406,0.7386477589607239,23.408518,72.53655,0.1835,2.68379239682798
5KPE_4_4_4_combined_id12,9.736892700195312,10.049385070800781,73.36555555555555,0.62,4,4,89.52657407407406,0.7386477589607239,23.408518,72.53655,0.1618,2.6815688521773726
5KPE_4_4_4_combined_id13,1.9009467363357544,3.690065622329712,87.7134259259259,0.77,4,4,89.52657407407406,0.7386477589607239,23.408518,72.53655,0.1663,3.0249941790545427
5KPE_4_4_4_combined_id14,1.850964903831482,3.420349359512329,92.68611111111112,0.8,4,4,89.52657407407406,0.7386477589607239,23.408518,72.53655,0.1889,2.30378892686632
5KPE_4_4_4_combined_id15,2.0787532329559326,2.664923906326294,83.41546296296298,0.69,4,4,89.52657407407406,0.7386477589607239,23.408518,72.53655,0.1696,2.4088253445095487
5KPE_4_4_4_combined_id16,2.4079816341400146,3.4318816661834717,69.25944444444444,0.59,4,4,89.52657407407406,0.7386477589607239,23.408518,72.53655,0.144,2.539626227484809
5KPE_4_4_4_combined_id17,9.965925216674805,10.362635612487793,78.44462962962963,0.67,4,4,89.52657407407406,0.7386477589607239,23.408518,72.53655,0.166,2.8324350427698204
5KPE_4_4_4_combined_id18,1.437036156654358,3.3183422088623047,86.57092592592595,0.72,4,4,89.52657407407406,0.7386477589607239,23.408518,72.53655,0.1784,2.580521760163484
5KPE_4_4_4_combined_id19,1.7003270387649536,3.2647218704223633,91.04074074074072,0.78,4,4,89.52657407407406,0.7386477589607239,23.408518,72.53655,0.1883,2.69187503390842
5KPE_4_4_4_combined_id2,0.9080826044082642,3.6496424674987793,91.65796296296294,0.82,4,4,89.52657407407406,0.7386477589607239,23.408518,72.53655,0.161,3.6018829345703125
5KPE_4_4_4_combined_id20,1.6005676984786987,3.1910557746887207,89.92138888888888,0.79,4,4,89.52657407407406,0.7386477589607239,23.408518,72.53655,0.1583,2.904780635127315
5KPE_4_4_4_combined_id21,1.6991807222366333,3.1245229244232178,89.2025,0.76,4,4,89.52657407407406,0.7386477589607239,23.408518,72.53655,0.17,2.6427764892578125
5KPE_4_4_4_combined_id22,1.7673293352127075,3.6496081352233887,82.53222222222222,0.66,4,4,89.52657407407406,0.7386477589607239,23.408518,72.53655,0.1639,2.8416434393988714
5KPE_4_4_4_combined_id23,3.1289706230163574,1.8954497575759888,72.4464814814815,0.57,4,4,89.52657407407406,0.7386477589607239,23.408518,72.53655,0.1667,2.6332524617513022
5KPE_4_4_4_combined_id24,1.9409739971160889,2.724764347076416,79.4760185185185,0.67,4,4,89.52657407407406,0.7386477589607239,23.408518,72.53655,0.1849,2.313514568187572
5KPE_4_4_4_combined_id3,1.7225388288497925,3.0402963161468506,85.66574074074073,0.71,4,4,89.52657407407406,0.7386477589607239,23.408518,72.53655,0.1566,2.376746001066985
5KPE_4_4_4_combined_id4,1.4271847009658813,3.011474370956421,90.05194444444443,0.78,4,4,89.52657407407406,0.7386477589607239,23.408518,72.53655,0.1656,2.5659987838179976
5KPE_4_4_4_combined_id5,1.6373648643493652,3.395859956741333,87.88583333333332,0.72,4,4,89.52657407407406,0.7386477589607239,23.408518,72.53655,0.1809,2.4628770616319446
5KPE_4_4_4_combined_id6,1.796924352645874,3.206127643585205,80.71101851851851,0.71,4,4,89.52657407407406,0.7386477589607239,23.408518,72.53655,0.1547,3.219027766474971
5KPE_4_4_4_combined_id7,1.462938904762268,3.477015256881714,87.37981481481482,0.74,4,4,89.52657407407406,0.7386477589607239,23.408518,72.53655,0.1777,2.6498981051974826
5KPE_4_4_4_combined_id8,1.444471001625061,3.159074544906616,90.97018518518516,0.81,4,4,89.52657407407406,0.7386477589607239,23.408518,72.53655,0.1698,2.6846895571108216
5KPE_4_4_4_combined_id9,1.90247642993927,2.907543659210205,83.56462962962964,0.71,4,4,89.52657407407406,0.7386477589607239,23.408518,72.53655,0.1825,2.2048396357783564
5KPE_4_4_5_combined_id1,9.555024147033691,10.073604583740234,84.1762962962963,0.7,4,4,85.0413888888889,0.8392903208732605,22.652765,76.48185,0.1552,2.772400467484086
5KPE_4_4_5_combined_id10,2.2417798042297363,2.870006561279297,85.92777777777779,0.74,4,4,85.0413888888889,0.8392903208732605,22.652765,76.48185,0.1804,2.569236472800926
5KPE_4_4_5_combined_id11,8.024863243103027,10.010015487670898,76.76935185185185,0.52,4,4,85.0413888888889,0.8392903208732605,22.652765,76.48185,0.1708,3.113547996238426
5KPE_4_4_5_combined_id12,9.801958084106445,10.144229888916016,78.08314814814815,0.68,4,4,85.0413888888889,0.8392903208732605,22.652765,76.48185,0.1485,3.764642220956308
5KPE_4_4_5_combined_id13,1.326291799545288,3.326704740524292,86.29231481481482,0.72,4,4,85.0413888888889,0.8392903208732605,22.652765,76.48185,0.1474,3.1539631596318
5KPE_4_4_5_combined_id14,10.199543952941895,10.333380699157715,74.25222222222222,0.55,4,4,85.0413888888889,0.8392903208732605,22.652765,76.48185,0.1674,2.488376193576389
5KPE_4_4_5_combined_id15,1.153353214263916,3.409453868865967,86.01712962962962,0.73,4,4,85.0413888888889,0.8392903208732605,22.652765,76.48185,0.1598,3.1325002599645546
5KPE_4_4_5_combined_id16,9.521201133728027,10.560462951660156,58.404537037037024,0.45,4,4,85.0413888888889,0.8392903208732605,22.652765,76.48185,0.1747,2.7631477073386863
5KPE_4_4_5_combined_id17,9.474178314208984,10.251544952392578,75.36277777777777,0.62,4,4,85.0413888888889,0.8392903208732605,22.652765,76.48185,0.1737,2.584464461715133
5KPE_4_4_5_combined_id18,2.0892579555511475,3.5417232513427734,83.6562962962963,0.69,4,4,85.0413888888889,0.8392903208732605,22.652765,76.48185,0.146,3.6612266257957176
5KPE_4_4_5_combined_id19,11.702287673950195,12.486712455749512,76.5676851851852,0.44,4,4,85.0413888888889,0.8392903208732605,22.652765,76.48185,0.1687,2.97934412073206
5KPE_4_4_5_combined_id2,3.093761444091797,4.11442756652832,68.13046296296297,0.55,4,4,85.0413888888889,0.8392903208732605,22.652765,76.48185,0.1329,3.74205893057364
5KPE_4_4_5_combined_id20,9.51201343536377,10.45534610748291,69.0811111111111,0.51,4,4,85.0413888888889,0.8392903208732605,22.652765,76.48185,0.1586,2.5944962678132235
5KPE_4_4_5_combined_id21,9.638801574707031,10.362703323364258,73.64509259259259,0.6,4,4,85.0413888888889,0.8392903208732605,22.652765,76.48185,0.1812,2.480755841290509
5KPE_4_4_5_combined_id22,5.573604583740234,3.804086446762085,84.23194444444442,0.74,4,4,85.0413888888889,0.8392903208732605,22.652765,76.48185,0.1796,2.8208185831705728
5KPE_4_4_5_combined_id23,1.8957394361495972,3.457548141479492,77.76453703703703,0.67,4,4,85.0413888888889,0.8392903208732605,22.652765,76.48185,0.147,2.875995494701244
5KPE_4_4_5_combined_id24,1.440207839012146,3.0006649494171143,82.88796296296296,0.67,4,4,85.0413888888889,0.8392903208732605,22.652765,76.48185,0.1571,2.9604514793113426
5KPE_4_4_5_combined_id3,2.5337328910827637,4.517977714538574,79.16398148148147,0.63,4,4,85.0413888888889,0.8392903208732605,22.652765,76.48185,0.1594,3.087838066948785
5KPE_4_4_5_combined_id4,14.414684295654297,12.700916290283203,79.83787037037037,0.49,4,4,85.0413888888889,0.8392903208732605,22.652765,76.48185,0.1788,2.394051445855035
5KPE_4_4_5_combined_id5,1.564300775527954,3.1100845336914062,77.57203703703705,0.62,4,4,85.0413888888889,0.8392903208732605,22.652765,76.48185,0.1564,3.0147032561125577
5KPE_4_4_5_combined_id6,9.700167655944824,10.353434562683105,78.3535185185185,0.64,4,4,85.0413888888889,0.8392903208732605,22.652765,76.48185,0.1796,2.806918391474971
5KPE_4_4_5_combined_id7,1.506505012512207,2.6425468921661377,78.95685185185184,0.65,4,4,85.0413888888889,0.8392903208732605,22.652765,76.48185,0.1542,3.5046025028935186
5KPE_4_4_5_combined_id8,1.2184852361679077,3.373551368713379,87.7923148148148,0.72,4,4,85.0413888888889,0.8392903208732605,22.652765,76.48185,0.168,2.83734780770761
5KPE_4_4_5_combined_id9,9.529168128967285,10.294413566589355,78.51175925925928,0.62,4,4,85.0413888888889,0.8392903208732605,22.652765,76.48185,0.1742,2.987048113787616
5KPE_4_4_6_combined_id1,1.6245653629302979,2.663602828979492,74.14138888888888,0.58,4,4,93.17759259259256,0.8261247277259827,23.190203,73.59821,0.1726,2.4840514571578414
5KPE_4_4_6_combined_id10,3.2215988636016846,2.7578279972076416,79.4999074074074,0.68,4,4,93.17759259259256,0.8261247277259827,23.190203,73.59821,0.1726,2.471706814236111
5KPE_4_4_6_combined_id11,10.588356018066406,11.842552185058594,71.51499999999999,0.59,4,4,93.17759259259256,0.8261247277259827,23.190203,73.59821,0.1617,3.028665048104745
5KPE_4_4_6_combined_id12,1.3161053657531738,3.1971709728240967,82.43166666666667,0.65,4,4,93.17759259259256,0.8261247277259827,23.190203,73.59821,0.1781,2.6459073667173034
5KPE_4_4_6_combined_id13,2.055454969406128,3.2162280082702637,81.9488888888889,0.69,4,4,93.17759259259256,0.8261247277259827,23.190203,73.59821,0.1723,2.7651937979239003
5KPE_4_4_6_combined_id14,1.5108076333999634,3.204740524291992,85.39194444444445,0.72,4,4,93.17759259259256,0.8261247277259827,23.190203,73.59821,0.1535,2.9906508834273726
5KPE_4_4_6_combined_id15,2.404775619506836,2.711437940597534,80.09064814814816,0.66,4,4,93.17759259259256,0.8261247277259827,23.190203,73.59821,0.1809,2.6764424641927085
5KPE_4_4_6_combined_id16,11.30217170715332,10.459856986999512,76.99416666666667,0.56,4,4,93.17759259259256,0.8261247277259827,23.190203,73.59821,0.1916,2.2188361839011863
5KPE_4_4_6_combined_id18,1.4467841386795044,2.746777296066284,88.9625925925926,0.75,4,4,93.17759259259256,0.8261247277259827,23.190203,73.59821,0.1782,3.0906298602068865
5KPE_4_4_6_combined_id19,5.305553436279297,4.876579761505127,72.27388888888889,0.55,4,4,93.17759259259256,0.8261247277259827,23.190203,73.59821,0.178,2.342008943910952
5KPE_4_4_6_combined_id2,1.5753825902938843,3.160421133041382,86.56157407407407,0.77,4,4,93.17759259259256,0.8261247277259827,23.190203,73.59821,0.1757,2.67429040979456
5KPE_4_4_6_combined_id20,2.7807626724243164,2.1721386909484863,80.11999999999999,0.67,4,4,93.17759259259256,0.8261247277259827,23.190203,73.59821,0.1735,2.618515014648437
5KPE_4_4_6_combined_id21,1.6729578971862793,2.8412551879882812,80.40759259259258,0.65,4,4,93.17759259259256,0.8261247277259827,23.190203,73.59821,0.1585,2.6983408044885704
5KPE_4_4_6_combined_id22,1.6919987201690674,2.8026134967803955,79.10500000000002,0.64,4,4,93.17759259259256,0.8261247277259827,23.190203,73.59821,0.1838,2.238645765516493
5KPE_4_4_6_combined_id23,1.366161584854126,3.2034478187561035,87.14351851851852,0.72,4,4,93.17759259259256,0.8261247277259827,23.190203,73.59821,0.1669,2.82640047426577
5KPE_4_4_6_combined_id24,1.3991402387619019,3.3643691539764404,90.97703703703704,0.78,4,4,93.17759259259256,0.8261247277259827,23.190203,73.59821,0.1645,2.7760916815863714
5KPE_4_4_6_combined_id3,2.1454765796661377,2.585348606109619,85.26851851851852,0.72,4,4,93.17759259259256,0.8261247277259827,23.190203,73.59821,0.1739,2.3165995279947915
5KPE_4_4_6_combined_id4,2.2114458084106445,4.308465957641602,84.13861111111112,0.68,4,4,93.17759259259256,0.8261247277259827,23.190203,73.59821,0.1577,3.079070479781539
5KPE_4_4_6_combined_id6,1.6638412475585938,3.142463207244873,84.92962962962963,0.73,4,4,93.17759259259256,0.8261247277259827,23.190203,73.59821,0.1684,2.7279764811197915
5KPE_4_4_6_combined_id7,2.601205348968506,3.2367115020751953,67.14870370370372,0.54,4,4,93.17759259259256,0.8261247277259827,23.190203,73.59821,0.1493,3.207734849717882
5KPE_4_4_6_combined_id8,2.5479824542999268,2.2386651039123535,80.37518518518517,0.68,4,4,93.17759259259256,0.8261247277259827,23.190203,73.59821,0.1629,2.184479183620877
5KPE_4_4_6_combined_id9,2.0201854705810547,2.3317699432373047,78.48129629629629,0.65,4,4,93.17759259259256,0.8261247277259827,23.190203,73.59821,0.1744,2.51674962926794
5KPE_4_4_7_combined_id1,1.462942123413086,3.313115119934082,88.67361111111113,0.76,4,4,93.82101851851851,0.7953495383262634,23.49911,73.25415,0.1569,3.0252674244068287
5KPE_4_4_7_combined_id10,1.6757512092590332,3.248626708984375,87.59675925925929,0.73,4,4,93.82101851851851,0.7953495383262634,23.49911,73.25415,0.1685,2.405075355812355
5KPE_4_4_7_combined_id11,1.6326634883880615,3.1309945583343506,85.83444444444443,0.73,4,4,93.82101851851851,0.7953495383262634,23.49911,73.25415,0.1598,2.695653279622396
5KPE_4_4_7_combined_id12,6.969719886779785,7.784089088439941,71.7761111111111,0.58,4,4,93.82101851851851,0.7953495383262634,23.49911,73.25415,0.1557,2.9259711371527777
5KPE_4_4_7_combined_id13,1.7407128810882568,2.773493528366089,87.99953703703703,0.77,4,4,93.82101851851851,0.7953495383262634,23.49911,73.25415,0.1593,2.822966964156539
5KPE_4_4_7_combined_id14,5.875607490539551,6.37656831741333,78.40537037037036,0.63,4,4,93.82101851851851,0.7953495383262634,23.49911,73.25415,0.1882,2.340546078152127
5KPE_4_4_7_combined_id15,1.1107006072998047,3.3764991760253906,87.84870370370372,0.76,4,4,93.82101851851851,0.7953495383262634,23.49911,73.25415,0.157,3.585890593352141
5KPE_4_4_7_combined_id16,1.8322691917419434,3.177739381790161,86.79787037037039,0.76,4,4,93.82101851851851,0.7953495383262634,23.49911,73.25415,0.1556,2.59760171395761
5KPE_4_4_7_combined_id17,8.053345680236816,7.992465019226074,76.98462962962964,0.61,4,4,93.82101851851851,0.7953495383262634,23.49911,73.25415,0.1662,2.720189412434896
5KPE_4_4_7_combined_id18,1.7858918905258179,2.918907880783081,88.3801851851852,0.78,4,4,93.82101851851851,0.7953495383262634,23.49911,73.25415,0.1648,3.0398197880497686
5KPE_4_4_7_combined_id19,1.4588648080825806,3.2167205810546875,83.24694444444445,0.69,4,4,93.82101851851851,0.7953495383262634,23.49911,73.25415,0.1495,2.98868645562066
5KPE_4_4_7_combined_id2,4.106739521026611,4.67876672744751,70.62185185185184,0.53,4,4,93.82101851851851,0.7953495383262634,23.49911,73.25415,0.1532,3.4423084965458624
5KPE_4_4_7_combined_id20,1.2734891176223755,3.337193489074707,90.98111111111112,0.81,4,4,93.82101851851851,0.7953495383262634,23.49911,73.25415,0.1744,2.9576082582826966
5KPE_4_4_7_combined_id21,2.300201177597046,3.016850709915161,91.81981481481482,0.81,4,4,93.82101851851851,0.7953495383262634,23.49911,73.25415,0.1754,2.609906797055845
5KPE_4_4_7_combined_id22,1.3049763441085815,3.797301769256592,87.42814814814814,0.75,4,4,93.82101851851851,0.7953495383262634,23.49911,73.25415,0.1687,3.1895890412507235
5KPE_4_4_7_combined_id23,2.93166446685791,2.9570767879486084,78.28305555555555,0.64,4,4,93.82101851851851,0.7953495383262634,23.49911,73.25415,0.1882,2.3727750424985534
5KPE_4_4_7_combined_id24,11.016153335571289,11.40340805053711,80.32861111111113,0.65,4,4,93.82101851851851,0.7953495383262634,23.49911,73.25415,0.1731,2.708626641167535
5KPE_4_4_7_combined_id3,4.384413242340088,4.291091442108154,75.80787037037038,0.62,4,4,93.82101851851851,0.7953495383262634,23.49911,73.25415,0.1775,2.8708258734809027
5KPE_4_4_7_combined_id4,9.869224548339844,10.209341049194336,61.467314814814806,0.47,4,4,93.82101851851851,0.7953495383262634,23.49911,73.25415,0.1752,2.30875735812717
5KPE_4_4_7_combined_id5,1.8032530546188354,3.319089651107788,89.7237962962963,0.8,4,4,93.82101851851851,0.7953495383262634,23.49911,73.25415,0.1594,2.8805485478153936
5KPE_4_4_7_combined_id6,1.4515842199325562,3.4125101566314697,90.79851851851852,0.77,4,4,93.82101851851851,0.7953495383262634,23.49911,73.25415,0.1569,3.027707700376157
5KPE_4_4_7_combined_id7,2.0322561264038086,1.9147839546203613,81.72203703703705,0.67,4,4,93.82101851851851,0.7953495383262634,23.49911,73.25415,0.1489,2.525179545084636
5KPE_4_4_7_combined_id8,1.2638572454452515,3.783262252807617,88.65277777777776,0.77,4,4,93.82101851851851,0.7953495383262634,23.49911,73.25415,0.1702,3.569504914460359
5KPE_4_4_7_combined_id9,1.8654570579528809,3.0800535678863525,84.10574074074073,0.69,4,4,93.82101851851851,0.7953495383262634,23.49911,73.25415,0.1714,2.467116461859809
5KPE_4_4_8_combined_id1,1.7800015211105347,3.1114304065704346,85.24444444444444,0.7,4,4,90.44675925925924,0.9639307260513306,22.61628,74.71156,0.1757,2.468572828504774
5KPE_4_4_8_combined_id10,1.8279989957809448,3.479315996170044,91.78305555555556,0.82,4,4,90.44675925925924,0.9639307260513306,22.61628,74.71156,0.1567,2.5918618661386
5KPE_4_4_8_combined_id11,5.406513214111328,6.462046146392822,73.93722222222222,0.63,4,4,90.44675925925924,0.9639307260513306,22.61628,74.71156,0.159,2.39196127432364
5KPE_4_4_8_combined_id12,1.3092867136001587,3.39599871635437,82.20944444444443,0.67,4,4,90.44675925925924,0.9639307260513306,22.61628,74.71156,0.1824,2.516259935167101
5KPE_4_4_8_combined_id13,2.109339475631714,1.7224555015563965,84.40018518518518,0.69,4,4,90.44675925925924,0.9639307260513306,22.61628,74.71156,0.1629,2.1964659514250577
5KPE_4_4_8_combined_id14,2.3974826335906982,3.7581913471221924,80.4465740740741,0.64,4,4,90.44675925925924,0.9639307260513306,22.61628,74.71156,0.161,2.935879460087529
5KPE_4_4_8_combined_id15,2.6611523628234863,1.7380270957946777,78.74222222222221,0.66,4,4,90.44675925925924,0.9639307260513306,22.61628,74.71156,0.1604,2.164519698531539
5KPE_4_4_8_combined_id16,2.0988638401031494,3.8561294078826904,84.97879629629631,0.71,4,4,90.44675925925924,0.9639307260513306,22.61628,74.71156,0.1688,2.678753040455006
5KPE_4_4_8_combined_id17,1.6844000816345215,3.067143440246582,91.35148148148149,0.79,4,4,90.44675925925924,0.9639307260513306,22.61628,74.71156,0.1794,2.669812237774884
5KPE_4_4_8_combined_id18,1.4193583726882935,3.4554905891418457,85.47175925925927,0.73,4,4,90.44675925925924,0.9639307260513306,22.61628,74.71156,0.1678,2.655681751392506
5KPE_4_4_8_combined_id2,7.84159517288208,10.26893424987793,67.40833333333333,0.56,4,4,90.44675925925924,0.9639307260513306,22.61628,74.71156,0.1758,2.680642587167245
5KPE_4_4_8_combined_id20,1.1702969074249268,3.496640920639038,89.10833333333336,0.74,4,4,90.44675925925924,0.9639307260513306,22.61628,74.71156,0.1726,2.8725933498806424
5KPE_4_4_8_combined_id21,1.4669591188430786,3.4978647232055664,87.32712962962965,0.74,4,4,90.44675925925924,0.9639307260513306,22.61628,74.71156,0.1696,2.7843413176359952
5KPE_4_4_8_combined_id22,2.000696897506714,3.246309280395508,81.82629629629628,0.67,4,4,90.44675925925924,0.9639307260513306,22.61628,74.71156,0.1772,2.276677025689019
5KPE_4_4_8_combined_id23,1.516875147819519,3.210651397705078,87.80407407407408,0.75,4,4,90.44675925925924,0.9639307260513306,22.61628,74.71156,0.1658,2.476979856137876
5KPE_4_4_8_combined_id24,1.6729121208190918,3.1836514472961426,85.57731481481484,0.72,4,4,90.44675925925924,0.9639307260513306,22.61628,74.71156,0.1682,2.694957591869213
5KPE_4_4_8_combined_id3,1.5286543369293213,3.3112101554870605,90.01379629629629,0.79,4,4,90.44675925925924,0.9639307260513306,22.61628,74.71156,0.1575,3.0749474984628185
5KPE_4_4_8_combined_id4,2.482309103012085,2.783743143081665,81.22453703703705,0.61,4,4,90.44675925925924,0.9639307260513306,22.61628,74.71156,0.1717,2.293456466109664
5KPE_4_4_8_combined_id5,2.2065234184265137,3.256032705307007,80.7777777777778,0.69,4,4,90.44675925925924,0.9639307260513306,22.61628,74.71156,0.2218,2.35295726634838
5KPE_4_4_8_combined_id6,1.4655864238739014,3.46174693107605,84.86148148148149,0.74,4,4,90.44675925925924,0.9639307260513306,22.61628,74.71156,0.1617,2.718788712112992
5KPE_4_4_8_combined_id9,1.7822426557540894,3.0425643920898438,81.54750000000001,0.69,4,4,90.44675925925924,0.9639307260513306,22.61628,74.71156,0.1589,2.3433829413519964
5KPE_4_4_9_combined_id1,6.581483364105225,6.464494228363037,74.26620370370371,0.62,4,4,87.97675925925927,1.181043267250061,23.040243,70.987595,0.169,2.583409627278646
5KPE_4_4_9_combined_id10,1.5579240322113037,3.2414298057556152,76.55916666666666,0.66,4,4,87.97675925925927,1.181043267250061,23.040243,70.987595,0.1922,2.590850264937789
5KPE_4_4_9_combined_id11,2.0831873416900635,3.4696807861328125,66.58555555555556,0.54,4,4,87.97675925925927,1.181043267250061,23.040243,70.987595,0.156,2.754833080150463
5KPE_4_4_9_combined_id12,1.4915988445281982,2.5740580558776855,87.5614814814815,0.75,4,4,87.97675925925927,1.181043267250061,23.040243,70.987595,0.163,2.886037473325376
5KPE_4_4_9_combined_id13,1.3552018404006958,3.2445316314697266,87.61981481481482,0.72,4,4,87.97675925925927,1.181043267250061,23.040243,70.987595,0.1536,2.9542776037145546
5KPE_4_4_9_combined_id14,1.651861310005188,2.9705634117126465,91.55342592592594,0.8,4,4,87.97675925925927,1.181043267250061,23.040243,70.987595,0.1546,2.9671554565429688
5KPE_4_4_9_combined_id15,0.8637075424194336,3.6158666610717773,83.27222222222223,0.67,4,4,87.97675925925927,1.181043267250061,23.040243,70.987595,0.1346,3.5387101350007235
5KPE_4_4_9_combined_id16,1.5257381200790405,3.7292771339416504,90.3163888888889,0.81,4,4,87.97675925925927,1.181043267250061,23.040243,70.987595,0.1884,3.022981431749132
5KPE_4_4_9_combined_id17,1.2870875597000122,3.3992602825164795,87.3021296296296,0.78,4,4,87.97675925925927,1.181043267250061,23.040243,70.987595,0.1653,3.102029305917245
5KPE_4_4_9_combined_id18,1.288067102432251,3.3654367923736572,88.00101851851852,0.78,4,4,87.97675925925927,1.181043267250061,23.040243,70.987595,0.1643,2.8677026254159435
5KPE_4_4_9_combined_id19,1.6561485528945923,3.5253443717956543,82.00268518518516,0.71,4,4,87.97675925925927,1.181043267250061,23.040243,70.987595,0.1491,3.265753851996528
5KPE_4_4_9_combined_id2,1.983015537261963,2.9786083698272705,82.2527777777778,0.7,4,4,87.97675925925927,1.181043267250061,23.040243,70.987595,0.1806,2.661653306749132
5KPE_4_4_9_combined_id20,3.0380704402923584,4.3198041915893555,81.30916666666666,0.7,4,4,87.97675925925927,1.181043267250061,23.040243,70.987595,0.1698,2.7764918009440103
5KPE_4_4_9_combined_id21,1.3345057964324951,2.996373414993286,89.48787037037037,0.76,4,4,87.97675925925927,1.181043267250061,23.040243,70.987595,0.1597,3.1425103081597223
5KPE_4_4_9_combined_id22,1.6971704959869385,2.8634090423583984,89.65824074074074,0.79,4,4,87.97675925925927,1.181043267250061,23.040243,70.987595,0.1606,2.8661157113534435
5KPE_4_4_9_combined_id23,1.9288420677185059,2.692126989364624,84.97472222222224,0.69,4,4,87.97675925925927,1.181043267250061,23.040243,70.987595,0.1573,2.7074093288845487
5KPE_4_4_9_combined_id24,1.2573432922363281,3.2089457511901855,82.90268518518516,0.7,4,4,87.97675925925927,1.181043267250061,23.040243,70.987595,0.1548,2.56496344672309
5KPE_4_4_9_combined_id3,1.0514476299285889,3.4904093742370605,88.19101851851853,0.78,4,4,87.97675925925927,1.181043267250061,23.040243,70.987595,0.1956,3.220036259403935
5KPE_4_4_9_combined_id4,2.0158028602600098,2.1010375022888184,78.84333333333333,0.63,4,4,87.97675925925927,1.181043267250061,23.040243,70.987595,0.1572,2.426883556224681
5KPE_4_4_9_combined_id5,1.2413493394851685,3.4255306720733643,86.63546296296298,0.69,4,4,87.97675925925927,1.181043267250061,23.040243,70.987595,0.1641,3.1274436668113426
5KPE_4_4_9_combined_id6,1.2616652250289917,3.241712808609009,88.35435185185185,0.73,4,4,87.97675925925927,1.181043267250061,23.040243,70.987595,0.1576,3.013543588143808
5KPE_4_4_9_combined_id7,1.5212926864624023,3.2933590412139893,86.82990740740739,0.71,4,4,87.97675925925927,1.181043267250061,23.040243,70.987595,0.1636,3.0797721015082464
5KPE_4_4_9_combined_id8,1.941374659538269,3.431936264038086,87.44842592592593,0.77,4,4,87.97675925925927,1.181043267250061,23.040243,70.987595,0.1813,2.646801983868634
5KPE_4_4_9_combined_id9,1.3011943101882935,3.471625804901123,86.41222222222223,0.73,4,4,87.97675925925927,1.181043267250061,23.040243,70.987595,0.1616,3.005761323151765
5KPE_4_6_0_combined_id1,2.0551724433898926,3.2121479511260986,79.15129629629628,0.65,4,6,90.36009259259257,0.9779082536697388,22.370731,74.77127,0.1612,2.710007844147859
5KPE_4_6_0_combined_id10,0.9669575095176697,3.525550603866577,86.35685185185184,0.75,4,6,90.36009259259257,0.9779082536697388,22.370731,74.77127,0.1421,2.952329847547743
5KPE_4_6_0_combined_id11,1.7767856121063232,3.532416343688965,82.68037037037038,0.72,4,6,90.36009259259257,0.9779082536697388,22.370731,74.77127,0.1523,2.9980056197554976
5KPE_4_6_0_combined_id12,1.0728799104690552,3.377507448196411,89.87092592592592,0.76,4,6,90.36009259259257,0.9779082536697388,22.370731,74.77127,0.1705,3.149477358217593
5KPE_4_6_0_combined_id13,1.9730892181396484,3.0042734146118164,82.22407407407407,0.65,4,6,90.36009259259257,0.9779082536697388,22.370731,74.77127,0.1671,2.7678313078703702
5KPE_4_6_0_combined_id14,1.4028860330581665,3.352001190185547,89.329537037037,0.78,4,6,90.36009259259257,0.9779082536697388,22.370731,74.77127,0.1571,3.105674461082176
5KPE_4_6_0_combined_id15,3.2127177715301514,4.65952205657959,83.8226851851852,0.71,4,6,90.36009259259257,0.9779082536697388,22.370731,74.77127,0.151,2.7152941668475115
5KPE_4_6_0_combined_id16,1.6041066646575928,3.8034229278564453,85.59416666666667,0.72,4,6,90.36009259259257,0.9779082536697388,22.370731,74.77127,0.1473,3.2032575254087097
5KPE_4_6_0_combined_id17,2.1023101806640625,3.5783021450042725,87.94175925925926,0.77,4,6,90.36009259259257,0.9779082536697388,22.370731,74.77127,0.1648,2.5408048276548034
5KPE_4_6_0_combined_id18,1.7395449876785278,3.191685199737549,88.61555555555555,0.78,4,6,90.36009259259257,0.9779082536697388,22.370731,74.77127,0.178,2.629669754593461
5KPE_4_6_0_combined_id19,1.3196223974227905,3.790739059448242,88.8324074074074,0.73,4,6,90.36009259259257,0.9779082536697388,22.370731,74.77127,0.154,3.0535306577329284
5KPE_4_6_0_combined_id2,1.350464105606079,3.474479913711548,90.38601851851854,0.78,4,6,90.36009259259257,0.9779082536697388,22.370731,74.77127,0.1601,3.052254005714699
5KPE_4_6_0_combined_id20,1.0102752447128296,3.614999294281006,90.16416666666666,0.77,4,6,90.36009259259257,0.9779082536697388,22.370731,74.77127,0.1567,3.009413542570891
5KPE_4_6_0_combined_id21,1.6983368396759033,3.438694953918457,89.87379629629629,0.78,4,6,90.36009259259257,0.9779082536697388,22.370731,74.77127,0.1574,3.1430497346100985
5KPE_4_6_0_combined_id22,1.5809698104858398,3.338120222091675,86.38324074074072,0.75,4,6,90.36009259259257,0.9779082536697388,22.370731,74.77127,0.1418,3.162297566731771
5KPE_4_6_0_combined_id23,1.8237625360488892,3.530890464782715,85.1735185185185,0.71,4,6,90.36009259259257,0.9779082536697388,22.370731,74.77127,0.1537,2.7756726300274885
5KPE_4_6_0_combined_id24,5.76890754699707,5.95417594909668,76.1148148148148,0.6,4,6,90.36009259259257,0.9779082536697388,22.370731,74.77127,0.151,3.078253851996528
5KPE_4_6_0_combined_id3,1.650032877922058,3.3336541652679443,91.80935185185184,0.83,4,6,90.36009259259257,0.9779082536697388,22.370731,74.77127,0.1545,2.645282886646412
5KPE_4_6_0_combined_id4,1.6070483922958374,3.6139655113220215,85.0936111111111,0.73,4,6,90.36009259259257,0.9779082536697388,22.370731,74.77127,0.1575,2.874059041341146
5KPE_4_6_0_combined_id5,2.304263114929199,3.280974864959717,83.10425925925928,0.68,4,6,90.36009259259257,0.9779082536697388,22.370731,74.77127,0.1575,2.682193332248264
5KPE_4_6_0_combined_id6,1.535952091217041,3.564876079559326,82.71842592592593,0.67,4,6,90.36009259259257,0.9779082536697388,22.370731,74.77127,0.1591,2.8261758309823497
5KPE_4_6_0_combined_id7,1.6606886386871338,3.8192007541656494,83.05740740740741,0.71,4,6,90.36009259259257,0.9779082536697388,22.370731,74.77127,0.152,2.759176183629919
5KPE_4_6_0_combined_id8,1.7480533123016357,3.433182716369629,89.82907407407404,0.8,4,6,90.36009259259257,0.9779082536697388,22.370731,74.77127,0.1572,3.4387755217375577
5KPE_4_6_0_combined_id9,1.7843472957611084,3.408581256866455,86.02046296296294,0.75,4,6,90.36009259259257,0.9779082536697388,22.370731,74.77127,0.1617,2.833547521520544
5KPE_4_6_1_combined_id1,1.7733800411224365,3.5138094425201416,85.01120370370371,0.75,4,6,91.70759259259258,1.293871283531189,22.62896,75.760635,0.1623,2.7459485089337385
5KPE_4_6_1_combined_id10,1.3858622312545776,3.4743030071258545,79.85083333333334,0.7,4,6,91.70759259259258,1.293871283531189,22.62896,75.760635,0.1599,2.424311319986979
5KPE_4_6_1_combined_id11,1.8169770240783691,3.044955015182495,84.17962962962963,0.7,4,6,91.70759259259258,1.293871283531189,22.62896,75.760635,0.1753,2.3128129464608653
5KPE_4_6_1_combined_id12,1.1270469427108765,3.5046136379241943,85.20166666666667,0.72,4,6,91.70759259259258,1.293871283531189,22.62896,75.760635,0.1596,3.318479467321325
5KPE_4_6_1_combined_id13,11.437918663024902,11.973377227783203,64.3651851851852,0.48,4,6,91.70759259259258,1.293871283531189,22.62896,75.760635,0.1593,2.353973388671875
5KPE_4_6_1_combined_id14,1.8393542766571045,3.8198494911193848,76.59342592592591,0.63,4,6,91.70759259259258,1.293871283531189,22.62896,75.760635,0.1605,2.53197592276114
5KPE_4_6_1_combined_id15,1.3462826013565063,3.5075559616088867,83.36555555555553,0.69,4,6,91.70759259259258,1.293871283531189,22.62896,75.760635,0.1573,3.088619938603154
5KPE_4_6_1_combined_id16,1.35149347782135,3.406765937805176,92.8726851851852,0.8,4,6,91.70759259259258,1.293871283531189,22.62896,75.760635,0.16,2.866340919777199
5KPE_4_6_1_combined_id17,3.9018261432647705,4.317657470703125,67.61990740740741,0.55,4,6,91.70759259259258,1.293871283531189,22.62896,75.760635,0.1692,2.560890762894242
5KPE_4_6_1_combined_id18,1.7787911891937256,3.127391815185547,70.87898148148149,0.5,4,6,91.70759259259258,1.293871283531189,22.62896,75.760635,0.1486,2.214603989212601
5KPE_4_6_1_combined_id19,3.068645715713501,4.0875654220581055,59.13925925925926,0.42,4,6,91.70759259259258,1.293871283531189,22.62896,75.760635,0.1489,2.5769469649703414
5KPE_4_6_1_combined_id2,1.8285425901412964,3.17791485786438,79.1638888888889,0.69,4,6,91.70759259259258,1.293871283531189,22.62896,75.760635,0.1559,2.5609289098668984
5KPE_4_6_1_combined_id20,1.0855177640914917,3.8301913738250732,89.89342592592591,0.76,4,6,91.70759259259258,1.293871283531189,22.62896,75.760635,0.1484,3.397003173828125
5KPE_4_6_1_combined_id21,2.7504303455352783,3.0289883613586426,68.88824074074074,0.56,4,6,91.70759259259258,1.293871283531189,22.62896,75.760635,0.1712,2.424854419849537
5KPE_4_6_1_combined_id22,10.348811149597168,10.62313175201416,73.43796296296297,0.6,4,6,91.70759259259258,1.293871283531189,22.62896,75.760635,0.1476,3.0462157637984664
5KPE_4_6_1_combined_id23,1.8458356857299805,3.3606152534484863,79.9289814814815,0.67,4,6,91.70759259259258,1.293871283531189,22.62896,75.760635,0.1589,2.7036672521520546
5KPE_4_6_1_combined_id24,1.7724615335464478,3.3615171909332275,78.43685185185186,0.66,4,6,91.70759259259258,1.293871283531189,22.62896,75.760635,0.1611,2.792082044813368
5KPE_4_6_1_combined_id3,3.5924694538116455,2.4625275135040283,69.93898148148149,0.59,4,6,91.70759259259258,1.293871283531189,22.62896,75.760635,0.1427,3.0280801278573497
5KPE_4_6_1_combined_id4,11.19840145111084,11.441279411315918,70.32851851851852,0.52,4,6,91.70759259259258,1.293871283531189,22.62896,75.760635,0.1789,2.2332726937753185
5KPE_4_6_1_combined_id5,1.9245516061782837,3.735241174697876,75.16,0.62,4,6,91.70759259259258,1.293871283531189,22.62896,75.760635,0.1627,2.82850420916522
5KPE_4_6_1_combined_id6,1.6585009098052979,3.848262310028076,77.8135185185185,0.7,4,6,91.70759259259258,1.293871283531189,22.62896,75.760635,0.1564,3.067098264341001
5KPE_4_6_1_combined_id7,2.254120111465454,3.645054578781128,78.48287037037036,0.65,4,6,91.70759259259258,1.293871283531189,22.62896,75.760635,0.152,2.597589280870226
5KPE_4_6_1_combined_id8,1.2995104789733887,3.4743473529815674,85.4487037037037,0.75,4,6,91.70759259259258,1.293871283531189,22.62896,75.760635,0.1442,3.289245040328414
5KPE_4_6_1_combined_id9,0.9916389584541321,3.384953737258911,90.66666666666669,0.79,4,6,91.70759259259258,1.293871283531189,22.62896,75.760635,0.1395,3.4784523292824074
5KPE_4_6_2_combined_id1,1.3033095598220825,3.3897504806518555,89.76824074074074,0.78,4,6,76.27592592592593,2.511333703994751,22.865034,73.50251,0.1533,3.031974509910301
5KPE_4_6_2_combined_id10,9.377717971801758,9.971461296081543,68.20805555555555,0.52,4,6,76.27592592592593,2.511333703994751,22.865034,73.50251,0.1385,3.3047830087167247
5KPE_4_6_2_combined_id11,1.6449605226516724,3.049407958984375,87.7562962962963,0.75,4,6,76.27592592592593,2.511333703994751,22.865034,73.50251,0.1453,2.950927734375
5KPE_4_6_2_combined_id12,11.205145835876465,11.260560035705566,64.10027777777778,0.5,4,6,76.27592592592593,2.511333703994751,22.865034,73.50251,0.1749,2.566804673936632
5KPE_4_6_2_combined_id13,1.791735291481018,3.3176677227020264,82.76259259259258,0.67,4,6,76.27592592592593,2.511333703994751,22.865034,73.50251,0.1712,2.971236617476852
5KPE_4_6_2_combined_id14,8.235548973083496,10.38800048828125,73.67851851851853,0.56,4,6,76.27592592592593,2.511333703994751,22.865034,73.50251,0.1535,3.0498922842520253
5KPE_4_6_2_combined_id15,1.332721471786499,3.539156198501587,91.40722222222225,0.81,4,6,76.27592592592593,2.511333703994751,22.865034,73.50251,0.1479,3.282012091742621
5KPE_4_6_2_combined_id16,3.011556386947632,4.097140789031982,78.75953703703702,0.63,4,6,76.27592592592593,2.511333703994751,22.865034,73.50251,0.1534,2.8626446194118924
5KPE_4_6_2_combined_id17,2.3809919357299805,3.2342240810394287,78.6787962962963,0.57,4,6,76.27592592592593,2.511333703994751,22.865034,73.50251,0.1814,2.8019146389431424
5KPE_4_6_2_combined_id18,1.6202340126037598,2.9759960174560547,74.28472222222223,0.61,4,6,76.27592592592593,2.511333703994751,22.865034,73.50251,0.1486,2.799443280255353
5KPE_4_6_2_combined_id19,11.241192817687988,11.832496643066406,73.22768518518518,0.51,4,6,76.27592592592593,2.511333703994751,22.865034,73.50251,0.1763,2.068322923448351
5KPE_4_6_2_combined_id2,1.492328405380249,3.733319044113159,88.19453703703704,0.76,4,6,76.27592592592593,2.511333703994751,22.865034,73.50251,0.1514,3.309256659613715
5KPE_4_6_2_combined_id20,1.2855042219161987,3.3490066528320312,82.32833333333335,0.72,4,6,76.27592592592593,2.511333703994751,22.865034,73.50251,0.1467,3.2881401909722223
5KPE_4_6_2_combined_id21,1.6091258525848389,3.3057684898376465,73.87537037037038,0.62,4,6,76.27592592592593,2.511333703994751,22.865034,73.50251,0.1547,2.7327213993778936
5KPE_4_6_2_combined_id22,2.104825496673584,2.9222569465637207,83.06305555555556,0.71,4,6,76.27592592592593,2.511333703994751,22.865034,73.50251,0.1611,2.443206787109375
5KPE_4_6_2_combined_id23,2.148710250854492,3.711634635925293,82.01675925925927,0.68,4,6,76.27592592592593,2.511333703994751,22.865034,73.50251,0.155,3.1910807291666665
5KPE_4_6_2_combined_id24,2.0812273025512695,3.9168663024902344,91.80000000000004,0.8,4,6,76.27592592592593,2.511333703994751,22.865034,73.50251,0.1686,2.558272185149016
5KPE_4_6_2_combined_id3,2.3584117889404297,3.8083667755126953,78.8887037037037,0.7,4,6,76.27592592592593,2.511333703994751,22.865034,73.50251,0.1634,3.0791778564453125
5KPE_4_6_2_combined_id4,1.4572876691818237,3.4464263916015625,82.91398148148146,0.65,4,6,76.27592592592593,2.511333703994751,22.865034,73.50251,0.1493,3.1933169894748263
5KPE_4_6_2_combined_id5,2.188570499420166,2.3942978382110596,74.49157407407405,0.59,4,6,76.27592592592593,2.511333703994751,22.865034,73.50251,0.1491,2.416813603153935
5KPE_4_6_2_combined_id6,3.022982120513916,3.4480948448181152,72.57175925925925,0.59,4,6,76.27592592592593,2.511333703994751,22.865034,73.50251,0.1386,3.430424442997685
5KPE_4_6_2_combined_id7,1.326259970664978,3.1766936779022217,90.5035185185185,0.8,4,6,76.27592592592593,2.511333703994751,22.865034,73.50251,0.1685,3.039432101779514
5KPE_4_6_2_combined_id8,1.6004345417022705,3.131331443786621,83.90703703703704,0.75,4,6,76.27592592592593,2.511333703994751,22.865034,73.50251,0.1488,3.1619980423538774
5KPE_4_6_2_combined_id9,10.151610374450684,11.055194854736328,73.73388888888888,0.62,4,6,76.27592592592593,2.511333703994751,22.865034,73.50251,0.1433,3.054595947265625
5KPE_4_6_3_combined_id1,2.185018301010132,3.1052637100219727,85.19666666666669,0.74,4,6,91.13601851851853,0.9346662163734436,21.959547,74.70813,0.1715,2.4969985396773726
5KPE_4_6_3_combined_id10,1.427605152130127,3.3864383697509766,84.74351851851853,0.73,4,6,91.13601851851853,0.9346662163734436,21.959547,74.70813,0.1815,3.021963048864294
5KPE_4_6_3_combined_id11,2.33677339553833,2.3482229709625244,80.20759259259259,0.69,4,6,91.13601851851853,0.9346662163734436,21.959547,74.70813,0.1641,2.493531968858507
5KPE_4_6_3_combined_id12,9.092284202575684,10.656266212463379,71.11027777777777,0.57,4,6,91.13601851851853,0.9346662163734436,21.959547,74.70813,0.1583,2.9401256419994213
5KPE_4_6_3_combined_id13,3.7705605030059814,3.6063859462738037,74.83166666666666,0.62,4,6,91.13601851851853,0.9346662163734436,21.959547,74.70813,0.1419,2.8771625094943576
5KPE_4_6_3_combined_id14,1.8477805852890015,3.3185017108917236,81.19472222222221,0.66,4,6,91.13601851851853,0.9346662163734436,21.959547,74.70813,0.1431,2.82484859890408
5KPE_4_6_3_combined_id15,1.663743019104004,3.512338638305664,88.44574074074075,0.77,4,6,91.13601851851853,0.9346662163734436,21.959547,74.70813,0.1441,3.286141007034867
5KPE_4_6_3_combined_id16,1.4616092443466187,3.520735025405884,90.14305555555556,0.79,4,6,91.13601851851853,0.9346662163734436,21.959547,74.70813,0.158,3.391513400607639
5KPE_4_6_3_combined_id17,1.822117567062378,3.2776029109954834,87.95805555555555,0.77,4,6,91.13601851851853,0.9346662163734436,21.959547,74.70813,0.1556,2.790560969599971
5KPE_4_6_3_combined_id18,1.9559786319732666,3.5884957313537598,86.11666666666667,0.74,4,6,91.13601851851853,0.9346662163734436,21.959547,74.70813,0.1483,3.2045536747685186
5KPE_4_6_3_combined_id19,1.3355554342269897,3.6878013610839844,82.54314814814813,0.72,4,6,91.13601851851853,0.9346662163734436,21.959547,74.70813,0.1522,3.088329456470631
5KPE_4_6_3_combined_id2,2.0186262130737305,3.5131278038024902,82.66046296296294,0.7,4,6,91.13601851851853,0.9346662163734436,21.959547,74.70813,0.1578,2.668431599934896
5KPE_4_6_3_combined_id20,3.534635543823242,4.253322124481201,68.44157407407407,0.55,4,6,91.13601851851853,0.9346662163734436,21.959547,74.70813,0.1402,3.200488055193866
5KPE_4_6_3_combined_id21,1.4149174690246582,3.449232578277588,81.96712962962962,0.68,4,6,91.13601851851853,0.9346662163734436,21.959547,74.70813,0.1463,2.957435607910156
5KPE_4_6_3_combined_id23,2.423959970474243,3.234710931777954,73.28,0.56,4,6,91.13601851851853,0.9346662163734436,21.959547,74.70813,0.1617,2.296952565511068
5KPE_4_6_3_combined_id24,10.13731861114502,10.400249481201172,67.39268518518519,0.56,4,6,91.13601851851853,0.9346662163734436,21.959547,74.70813,0.1601,3.158068904170284
5KPE_4_6_3_combined_id3,2.0036778450012207,3.318070888519287,81.58166666666668,0.63,4,6,91.13601851851853,0.9346662163734436,21.959547,74.70813,0.181,2.8198456940827548
5KPE_4_6_3_combined_id4,7.463431358337402,8.159173011779785,72.03611111111111,0.6,4,6,91.13601851851853,0.9346662163734436,21.959547,74.70813,0.1646,2.915869253653068
5KPE_4_6_3_combined_id5,10.931570053100586,12.675162315368652,84.24518518518518,0.72,4,6,91.13601851851853,0.9346662163734436,21.959547,74.70813,0.1285,3.4479432282624423
5KPE_4_6_3_combined_id6,1.5295549631118774,2.4456913471221924,89.93083333333331,0.78,4,6,91.13601851851853,0.9346662163734436,21.959547,74.70813,0.1548,2.8219661006221064
5KPE_4_6_3_combined_id7,2.1116223335266113,3.8205127716064453,70.90814814814814,0.6,4,6,91.13601851851853,0.9346662163734436,21.959547,74.70813,0.1531,2.829700611255787
5KPE_4_6_3_combined_id8,11.022156715393066,12.42739200592041,68.02055555555555,0.49,4,6,91.13601851851853,0.9346662163734436,21.959547,74.70813,0.1715,2.8557600798430265
5KPE_4_6_3_combined_id9,6.065398216247559,5.611872673034668,59.90333333333333,0.43,4,6,91.13601851851853,0.9346662163734436,21.959547,74.70813,0.137,2.7665173565899885
5KPE_4_6_4_combined_id1,11.24044132232666,12.757312774658203,81.21814814814815,0.44,4,6,80.08000000000001,10.998947143554688,22.135323,72.250755,0.1532,3.626644558376736
5KPE_4_6_4_combined_id10,2.2607223987579346,3.3200552463531494,87.42601851851852,0.77,4,6,80.08000000000001,10.998947143554688,22.135323,72.250755,0.1909,2.550801029911748
5KPE_4_6_4_combined_id11,11.270926475524902,11.625313758850098,71.2900925925926,0.55,4,6,80.08000000000001,10.998947143554688,22.135323,72.250755,0.1991,2.1459207888002747
5KPE_4_6_4_combined_id12,3.3274412155151367,4.612392902374268,73.3125,0.56,4,6,80.08000000000001,10.998947143554688,22.135323,72.250755,0.1617,2.6989262898763022
5KPE_4_6_4_combined_id13,1.8914837837219238,2.6884148120880127,86.54259259259261,0.73,4,6,80.08000000000001,10.998947143554688,22.135323,72.250755,0.1641,2.533336215549045
5KPE_4_6_4_combined_id14,1.1418431997299194,3.6158907413482666,82.2538888888889,0.64,4,6,80.08000000000001,10.998947143554688,22.135323,72.250755,0.1496,3.974932352701823
5KPE_4_6_4_combined_id16,10.266744613647461,10.814969062805176,73.97120370370371,0.59,4,6,80.08000000000001,10.998947143554688,22.135323,72.250755,0.1816,2.5657071714048034
5KPE_4_6_4_combined_id17,1.7342965602874756,3.555907964706421,91.30805555555555,0.78,4,6,80.08000000000001,10.998947143554688,22.135323,72.250755,0.1706,2.852635418927228
5KPE_4_6_4_combined_id18,11.639124870300293,10.584152221679688,71.96574074074076,0.55,4,6,80.08000000000001,10.998947143554688,22.135323,72.250755,0.1701,2.4332487318250866
5KPE_4_6_4_combined_id19,2.682727575302124,4.159749984741211,79.96657407407409,0.73,4,6,80.08000000000001,10.998947143554688,22.135323,72.250755,0.1345,3.184549684877749
5KPE_4_6_4_combined_id2,2.20873761177063,3.8109545707702637,81.8587037037037,0.73,4,6,80.08000000000001,10.998947143554688,22.135323,72.250755,0.1593,2.708017985026041
5KPE_4_6_4_combined_id20,5.238476753234863,5.884923934936523,77.12148148148147,0.61,4,6,80.08000000000001,10.998947143554688,22.135323,72.250755,0.1818,2.235439441822193
5KPE_4_6_4_combined_id21,2.6491141319274902,3.315363645553589,60.95425925925925,0.5,4,6,80.08000000000001,10.998947143554688,22.135323,72.250755,0.1736,2.456784001103154
5KPE_4_6_4_combined_id22,11.695818901062012,11.011249542236328,72.11111111111111,0.48,4,6,80.08000000000001,10.998947143554688,22.135323,72.250755,0.1804,2.4928481490523726
5KPE_4_6_4_combined_id23,2.1611156463623047,4.050023078918457,88.15166666666667,0.8,4,6,80.08000000000001,10.998947143554688,22.135323,72.250755,0.151,3.3857970061125577
5KPE_4_6_4_combined_id24,1.6245261430740356,3.4900338649749756,82.30981481481479,0.71,4,6,80.08000000000001,10.998947143554688,22.135323,72.250755,0.1583,3.1907501220703125
5KPE_4_6_4_combined_id3,1.778988242149353,3.4113852977752686,85.47648148148147,0.74,4,6,80.08000000000001,10.998947143554688,22.135323,72.250755,0.1766,2.442796495225694
5KPE_4_6_4_combined_id4,1.2456085681915283,3.5144131183624268,89.9113888888889,0.79,4,6,80.08000000000001,10.998947143554688,22.135323,72.250755,0.178,3.057735866970486
5KPE_4_6_4_combined_id5,0.9316010475158691,3.823052167892456,89.64685185185186,0.75,4,6,80.08000000000001,10.998947143554688,22.135323,72.250755,0.1599,3.521470246491609
5KPE_4_6_4_combined_id6,4.993133544921875,5.476393222808838,76.93537037037036,0.65,4,6,80.08000000000001,10.998947143554688,22.135323,72.250755,0.1779,2.4394746003327548
5KPE_4_6_4_combined_id7,1.4980045557022095,3.5650508403778076,88.2699074074074,0.74,4,6,80.08000000000001,10.998947143554688,22.135323,72.250755,0.1809,2.7629451045283564
5KPE_4_6_4_combined_id8,9.96851921081543,9.680870056152344,78.68759259259261,0.62,4,6,80.08000000000001,10.998947143554688,22.135323,72.250755,0.1922,2.428386546947338
5KPE_4_6_4_combined_id9,11.035051345825195,10.013940811157227,81.54805555555558,0.66,4,6,80.08000000000001,10.998947143554688,22.135323,72.250755,0.1803,2.820387663664641
5KPE_4_6_5_combined_id1,1.1786714792251587,3.63747501373291,87.30814814814815,0.74,4,6,90.8350925925926,1.0142570734024048,22.576742,72.07287,0.1515,3.096413788972077
5KPE_4_6_5_combined_id10,9.147851943969727,9.904280662536621,68.9161111111111,0.59,4,6,90.8350925925926,1.0142570734024048,22.576742,72.07287,0.1626,2.7921249954788774
5KPE_4_6_5_combined_id11,2.554346799850464,4.752497673034668,67.70518518518519,0.56,4,6,90.8350925925926,1.0142570734024048,22.576742,72.07287,0.1496,3.2080920184100115
5KPE_4_6_5_combined_id12,2.177044153213501,2.576977014541626,76.08916666666666,0.55,4,6,90.8350925925926,1.0142570734024048,22.576742,72.07287,0.1507,2.7517612598560475
5KPE_4_6_5_combined_id13,12.285431861877441,12.221274375915527,73.03462962962963,0.56,4,6,90.8350925925926,1.0142570734024048,22.576742,72.07287,0.1484,3.355160183376736
5KPE_4_6_5_combined_id14,1.6632426977157593,3.44679856300354,85.17648148148147,0.74,4,6,90.8350925925926,1.0142570734024048,22.576742,72.07287,0.1701,2.855783815737124
5KPE_4_6_5_combined_id15,1.5212681293487549,3.241227388381958,84.52453703703705,0.67,4,6,90.8350925925926,1.0142570734024048,22.576742,72.07287,0.1578,3.332199661820024
5KPE_4_6_5_combined_id16,3.0752034187316895,4.220013618469238,75.60574074074076,0.65,4,6,90.8350925925926,1.0142570734024048,22.576742,72.07287,0.1637,2.878273575394242
5KPE_4_6_5_combined_id17,1.4913328886032104,3.49625825881958,86.89824074074073,0.73,4,6,90.8350925925926,1.0142570734024048,22.576742,72.07287,0.1677,2.644120392975984
5KPE_4_6_5_combined_id18,1.474595308303833,3.4101107120513916,88.41916666666667,0.74,4,6,90.8350925925926,1.0142570734024048,22.576742,72.07287,0.1541,2.8753396493417247
5KPE_4_6_5_combined_id19,0.9127833843231201,3.6399433612823486,84.26722222222223,0.69,4,6,90.8350925925926,1.0142570734024048,22.576742,72.07287,0.1418,3.5245468704788774
5KPE_4_6_5_combined_id2,1.3631327152252197,3.4490303993225098,86.59972222222221,0.7,4,6,90.8350925925926,1.0142570734024048,22.576742,72.07287,0.1563,3.0819055062753185
5KPE_4_6_5_combined_id20,1.4588788747787476,3.3898518085479736,87.90444444444447,0.74,4,6,90.8350925925926,1.0142570734024048,22.576742,72.07287,0.1751,2.6493196840639466
5KPE_4_6_5_combined_id21,2.055654525756836,3.469052791595459,84.78175925925926,0.72,4,6,90.8350925925926,1.0142570734024048,22.576742,72.07287,0.181,2.655533684624566
5KPE_4_6_5_combined_id22,1.7100465297698975,3.04311203956604,82.03324074074074,0.66,4,6,90.8350925925926,1.0142570734024048,22.576742,72.07287,0.1626,2.7035675048828125
5KPE_4_6_5_combined_id23,7.489926338195801,9.820744514465332,61.53601851851851,0.44,4,6,90.8350925925926,1.0142570734024048,22.576742,72.07287,0.1458,3.417102389865452
5KPE_4_6_5_combined_id24,3.9011881351470947,4.520829200744629,71.68685185185186,0.59,4,6,90.8350925925926,1.0142570734024048,22.576742,72.07287,0.1453,3.2539808485243054
5KPE_4_6_5_combined_id3,1.5682672262191772,3.247776985168457,85.92722222222221,0.76,4,6,90.8350925925926,1.0142570734024048,22.576742,72.07287,0.182,2.84635247124566
5KPE_4_6_5_combined_id4,11.17103099822998,10.55733585357666,68.54648148148148,0.44,4,6,90.8350925925926,1.0142570734024048,22.576742,72.07287,0.1681,2.590710957845052
5KPE_4_6_5_combined_id5,1.4970741271972656,3.2586450576782227,79.44435185185185,0.66,4,6,90.8350925925926,1.0142570734024048,22.576742,72.07287,0.1451,2.9743550618489585
5KPE_4_6_5_combined_id6,2.126211643218994,3.1693785190582275,86.46453703703702,0.76,4,6,90.8350925925926,1.0142570734024048,22.576742,72.07287,0.1648,2.536194412796586
5KPE_4_6_5_combined_id7,2.535614490509033,3.187751531600952,76.655,0.64,4,6,90.8350925925926,1.0142570734024048,22.576742,72.07287,0.1581,2.98631258364077
5KPE_4_6_5_combined_id8,3.501779317855835,4.491130352020264,82.58462962962962,0.74,4,6,90.8350925925926,1.0142570734024048,22.576742,72.07287,0.1495,2.69583581995081
5KPE_4_6_5_combined_id9,1.2410603761672974,3.0949559211730957,88.43314814814813,0.75,4,6,90.8350925925926,1.0142570734024048,22.576742,72.07287,0.1684,2.891096044469762
5KPE_4_6_6_combined_id1,1.430771827697754,3.5116822719573975,93.67777777777776,0.85,4,6,82.12861111111111,2.320918083190918,22.771492,71.99209,0.1901,2.8873011271158853
5KPE_4_6_6_combined_id10,2.8273720741271973,3.5457892417907715,84.88324074074075,0.74,4,6,82.12861111111111,2.320918083190918,22.771492,71.99209,0.1518,3.040718926323785
5KPE_4_6_6_combined_id11,1.0869930982589722,3.4941108226776123,90.67194444444448,0.77,4,6,82.12861111111111,2.320918083190918,22.771492,71.99209,0.1735,3.3745235866970487
5KPE_4_6_6_combined_id12,1.4840033054351807,3.3118839263916016,90.79268518518518,0.82,4,6,82.12861111111111,2.320918083190918,22.771492,71.99209,0.1788,2.9647883662471064
5KPE_4_6_6_combined_id13,2.1078786849975586,2.252206563949585,81.52694444444444,0.72,4,6,82.12861111111111,2.320918083190918,22.771492,71.99209,0.1798,2.705211498119213
5KPE_4_6_6_combined_id14,1.43204927444458,3.195054292678833,88.62759259259262,0.77,4,6,82.12861111111111,2.320918083190918,22.771492,71.99209,0.1761,2.708006117078993
5KPE_4_6_6_combined_id15,1.7226946353912354,3.177914619445801,85.78416666666665,0.75,4,6,82.12861111111111,2.320918083190918,22.771492,71.99209,0.1705,2.984428123191551
5KPE_4_6_6_combined_id16,1.70601224899292,3.281040668487549,88.1598148148148,0.77,4,6,82.12861111111111,2.320918083190918,22.771492,71.99209,0.1532,3.5705973307291665
5KPE_4_6_6_combined_id17,1.801500916481018,3.46416974067688,74.29990740740742,0.58,4,6,82.12861111111111,2.320918083190918,22.771492,71.99209,0.1498,3.063341776529948
5KPE_4_6_6_combined_id18,1.726527214050293,2.968764543533325,88.38101851851853,0.78,4,6,82.12861111111111,2.320918083190918,22.771492,71.99209,0.163,3.4808067039207176
5KPE_4_6_6_combined_id19,1.6136974096298218,2.995056390762329,78.30472222222221,0.64,4,6,82.12861111111111,2.320918083190918,22.771492,71.99209,0.1905,2.529413011338976
5KPE_4_6_6_combined_id2,2.3826982975006104,2.7962398529052734,74.54231481481482,0.62,4,6,82.12861111111111,2.320918083190918,22.771492,71.99209,0.1618,2.812524018464265
5KPE_4_6_6_combined_id20,1.422903299331665,3.3907082080841064,91.5449074074074,0.81,4,6,82.12861111111111,2.320918083190918,22.771492,71.99209,0.1736,3.190558539496528
5KPE_4_6_6_combined_id21,0.9873730540275574,3.465088129043579,89.18999999999998,0.79,4,6,82.12861111111111,2.320918083190918,22.771492,71.99209,0.1597,3.3366741604275174
5KPE_4_6_6_combined_id22,1.3161340951919556,3.3909692764282227,87.5376851851852,0.76,4,6,82.12861111111111,2.320918083190918,22.771492,71.99209,0.1685,3.086880154079861
5KPE_4_6_6_combined_id23,1.555814266204834,3.238391399383545,72.96407407407406,0.62,4,6,82.12861111111111,2.320918083190918,22.771492,71.99209,0.1511,3.042297928421586
5KPE_4_6_6_combined_id24,2.125274658203125,3.5242481231689453,67.99074074074075,0.55,4,6,82.12861111111111,2.320918083190918,22.771492,71.99209,0.146,3.380488360369647
5KPE_4_6_6_combined_id3,1.5640407800674438,3.1696228981018066,85.54629629629629,0.73,4,6,82.12861111111111,2.320918083190918,22.771492,71.99209,0.1749,2.7955294008608216
5KPE_4_6_6_combined_id4,1.800046443939209,3.5641252994537354,82.28768518518518,0.72,4,6,82.12861111111111,2.320918083190918,22.771492,71.99209,0.1835,3.3600023057725696
5KPE_4_6_6_combined_id5,1.4799866676330566,3.3297619819641113,68.64898148148147,0.59,4,6,82.12861111111111,2.320918083190918,22.771492,71.99209,0.1501,2.996827867296007
5KPE_4_6_6_combined_id6,5.735249996185303,5.343420505523682,64.9137037037037,0.52,4,6,82.12861111111111,2.320918083190918,22.771492,71.99209,0.1603,3.0386225382486978
5KPE_4_6_6_combined_id7,2.4443771839141846,3.7260913848876953,80.70888888888888,0.64,4,6,82.12861111111111,2.320918083190918,22.771492,71.99209,0.1581,3.4234935619212963
5KPE_4_6_6_combined_id8,3.7151341438293457,3.5561320781707764,69.12981481481482,0.58,4,6,82.12861111111111,2.320918083190918,22.771492,71.99209,0.1743,2.497393572771991
5KPE_4_6_6_combined_id9,10.173359870910645,10.729768753051758,70.79240740740741,0.53,4,6,82.12861111111111,2.320918083190918,22.771492,71.99209,0.1667,2.781479729546441
5KPE_4_6_7_combined_id1,1.7173601388931274,3.3359591960906982,81.17731481481484,0.65,4,6,86.54833333333333,1.1169204711914062,22.245888,73.23328,0.1606,2.556687531647859
5KPE_4_6_7_combined_id10,4.033353805541992,4.843207359313965,69.57249999999998,0.58,4,6,86.54833333333333,1.1169204711914062,22.245888,73.23328,0.1438,2.549603497540509
5KPE_4_6_7_combined_id11,2.373934507369995,3.792525291442871,71.14398148148149,0.52,4,6,86.54833333333333,1.1169204711914062,22.245888,73.23328,0.1805,2.2681313973886
5KPE_4_6_7_combined_id12,4.597989082336426,4.554594993591309,59.65712962962962,0.53,4,6,86.54833333333333,1.1169204711914062,22.245888,73.23328,0.1609,2.536612616644965
5KPE_4_6_7_combined_id13,2.9549028873443604,3.7840416431427,73.36648148148149,0.61,4,6,86.54833333333333,1.1169204711914062,22.245888,73.23328,0.1705,2.6391816315827548
5KPE_4_6_7_combined_id14,1.6989004611968994,3.3354692459106445,84.62287037037038,0.73,4,6,86.54833333333333,1.1169204711914062,22.245888,73.23328,0.1747,2.3742737946686923
5KPE_4_6_7_combined_id15,1.100173830986023,3.6341331005096436,86.76555555555557,0.75,4,6,86.54833333333333,1.1169204711914062,22.245888,73.23328,0.1577,2.731488828305845
5KPE_4_6_7_combined_id16,6.760692596435547,7.084707736968994,68.49842592592593,0.53,4,6,86.54833333333333,1.1169204711914062,22.245888,73.23328,0.1423,2.261896910490813
5KPE_4_6_7_combined_id17,1.8808329105377197,3.3683221340179443,80.57416666666667,0.69,4,6,86.54833333333333,1.1169204711914062,22.245888,73.23328,0.1741,2.538156580041956
5KPE_4_6_7_combined_id18,1.8380711078643799,3.366079568862915,84.03740740740741,0.75,4,6,86.54833333333333,1.1169204711914062,22.245888,73.23328,0.1862,2.4003510651765048
5KPE_4_6_7_combined_id19,2.430795907974243,3.353978157043457,77.4761111111111,0.66,4,6,86.54833333333333,1.1169204711914062,22.245888,73.23328,0.1652,2.090815508807147
5KPE_4_6_7_combined_id2,3.484774351119995,4.596001148223877,74.45675925925924,0.63,4,6,86.54833333333333,1.1169204711914062,22.245888,73.23328,0.1584,2.6807657877604165
5KPE_4_6_7_combined_id20,1.3783600330352783,3.2591965198516846,84.48907407407407,0.72,4,6,86.54833333333333,1.1169204711914062,22.245888,73.23328,0.163,2.63484220151548
5KPE_4_6_7_combined_id21,1.6018829345703125,3.267916202545166,84.05324074074076,0.74,4,6,86.54833333333333,1.1169204711914062,22.245888,73.23328,0.166,2.1728613111707897
5KPE_4_6_7_combined_id22,1.369491696357727,3.117805004119873,82.69370370370372,0.67,4,6,86.54833333333333,1.1169204711914062,22.245888,73.23328,0.1481,2.517465662073206
5KPE_4_6_7_combined_id23,0.988933801651001,3.4826784133911133,85.28592592592594,0.69,4,6,86.54833333333333,1.1169204711914062,22.245888,73.23328,0.1631,2.8404817934389466
5KPE_4_6_7_combined_id24,2.2134711742401123,3.49523663520813,85.11481481481484,0.75,4,6,86.54833333333333,1.1169204711914062,22.245888,73.23328,0.1714,2.4892366197374134
5KPE_4_6_7_combined_id3,2.6041247844696045,3.209515333175659,77.09055555555557,0.63,4,6,86.54833333333333,1.1169204711914062,22.245888,73.23328,0.1529,2.22632485848886
5KPE_4_6_7_combined_id4,1.0225934982299805,3.673222541809082,89.67787037037036,0.77,4,6,86.54833333333333,1.1169204711914062,22.245888,73.23328,0.1491,3.2308377866391784
5KPE_4_6_7_combined_id5,1.5600097179412842,3.099930763244629,88.75055555555555,0.78,4,6,86.54833333333333,1.1169204711914062,22.245888,73.23328,0.18,2.458264386212384
5KPE_4_6_7_combined_id6,1.4978162050247192,3.3430988788604736,86.04851851851853,0.69,4,6,86.54833333333333,1.1169204711914062,22.245888,73.23328,0.1483,2.838103682906539
5KPE_4_6_7_combined_id7,1.5607558488845825,3.052102565765381,79.37694444444443,0.62,4,6,86.54833333333333,1.1169204711914062,22.245888,73.23328,0.1558,2.685893871166088
5KPE_4_6_7_combined_id8,3.1050872802734375,4.22183084487915,72.14407407407408,0.56,4,6,86.54833333333333,1.1169204711914062,22.245888,73.23328,0.1507,2.581944500958478
5KPE_4_6_7_combined_id9,1.3628240823745728,3.205329179763794,87.63342592592595,0.77,4,6,86.54833333333333,1.1169204711914062,22.245888,73.23328,0.1659,2.8256657918294272
5KPE_4_6_8_combined_id1,1.31398344039917,3.375657558441162,90.2825925925926,0.77,4,6,88.03916666666666,1.1185544729232788,22.456354,73.32116,0.1692,3.11640704119647
5KPE_4_6_8_combined_id10,2.58532977104187,3.217048406600952,83.63083333333334,0.75,4,6,88.03916666666666,1.1185544729232788,22.456354,73.32116,0.1428,3.214724787959346
5KPE_4_6_8_combined_id11,1.8950858116149902,3.5950100421905518,74.8525,0.6,4,6,88.03916666666666,1.1185544729232788,22.456354,73.32116,0.142,2.849626046639901
5KPE_4_6_8_combined_id12,7.1171112060546875,6.162909030914307,63.18222222222222,0.54,4,6,88.03916666666666,1.1185544729232788,22.456354,73.32116,0.1334,3.0763925623010704
5KPE_4_6_8_combined_id13,1.5481932163238525,3.2345991134643555,87.3539814814815,0.75,4,6,88.03916666666666,1.1185544729232788,22.456354,73.32116,0.1669,2.627200656467014
5KPE_4_6_8_combined_id14,1.3324990272521973,3.4424493312835693,80.59916666666666,0.69,4,6,88.03916666666666,1.1185544729232788,22.456354,73.32116,0.1473,3.2431391963252314
5KPE_4_6_8_combined_id15,10.861678123474121,11.673348426818848,71.71833333333333,0.48,4,6,88.03916666666666,1.1185544729232788,22.456354,73.32116,0.1698,2.7074522795500577
5KPE_4_6_8_combined_id16,2.1914243698120117,3.682992935180664,81.63416666666666,0.68,4,6,88.03916666666666,1.1185544729232788,22.456354,73.32116,0.1664,3.1606552689163774
5KPE_4_6_8_combined_id17,1.7096303701400757,3.502640724182129,71.75638888888888,0.52,4,6,88.03916666666666,1.1185544729232788,22.456354,73.32116,0.153,2.761928982204861
5KPE_4_6_8_combined_id18,8.961285591125488,9.75271987915039,60.216203703703705,0.56,4,6,88.03916666666666,1.1185544729232788,22.456354,73.32116,0.1558,3.159539681893808
5KPE_4_6_8_combined_id19,1.9696463346481323,3.343674659729004,87.11592592592594,0.78,4,6,88.03916666666666,1.1185544729232788,22.456354,73.32116,0.1799,2.876894350405093
5KPE_4_6_8_combined_id2,1.0062408447265625,3.761641263961792,89.1660185185185,0.74,4,6,88.03916666666666,1.1185544729232788,22.456354,73.32116,0.1507,3.5077186867042824
5KPE_4_6_8_combined_id20,2.4179606437683105,3.81050181388855,81.33694444444443,0.68,4,6,88.03916666666666,1.1185544729232788,22.456354,73.32116,0.1459,3.1123103389033564
5KPE_4_6_8_combined_id21,1.0237758159637451,3.4990599155426025,87.29500000000002,0.73,4,6,88.03916666666666,1.1185544729232788,22.456354,73.32116,0.1428,3.342624240451389
5KPE_4_6_8_combined_id22,1.7317856550216675,3.149569272994995,93.8149074074074,0.83,4,6,88.03916666666666,1.1185544729232788,22.456354,73.32116,0.1751,2.788948341652199
5KPE_4_6_8_combined_id23,1.8075487613677979,3.389237403869629,82.57129629629628,0.69,4,6,88.03916666666666,1.1185544729232788,22.456354,73.32116,0.1474,3.1177407723886
5KPE_4_6_8_combined_id24,2.6720383167266846,3.698805809020996,66.77222222222223,0.52,4,6,88.03916666666666,1.1185544729232788,22.456354,73.32116,0.1516,3.0749248928493924
5KPE_4_6_8_combined_id3,1.3392335176467896,3.431546926498413,85.24481481481483,0.72,4,6,88.03916666666666,1.1185544729232788,22.456354,73.32116,0.1476,3.1133767587167247
5KPE_4_6_8_combined_id4,1.4478379487991333,3.902777910232544,89.2761111111111,0.75,4,6,88.03916666666666,1.1185544729232788,22.456354,73.32116,0.1634,2.5272974084924766
5KPE_4_6_8_combined_id5,5.22201681137085,5.6190996170043945,74.40425925925925,0.61,4,6,88.03916666666666,1.1185544729232788,22.456354,73.32116,0.1441,3.268963849103009
5KPE_4_6_8_combined_id6,1.9598413705825806,2.1959824562072754,82.02333333333334,0.66,4,6,88.03916666666666,1.1185544729232788,22.456354,73.32116,0.1595,2.596992210105613
5KPE_4_6_8_combined_id7,1.8741165399551392,3.3532559871673584,86.17222222222223,0.73,4,6,88.03916666666666,1.1185544729232788,22.456354,73.32116,0.163,2.892720257794416
5KPE_4_6_8_combined_id8,1.3718445301055908,3.7673449516296387,72.95018518518518,0.63,4,6,88.03916666666666,1.1185544729232788,22.456354,73.32116,0.144,2.9569769965277777
5KPE_4_6_8_combined_id9,2.0657153129577637,3.1371560096740723,86.60814814814815,0.73,4,6,88.03916666666666,1.1185544729232788,22.456354,73.32116,0.1504,2.70180172390408
5KPE_4_6_9_combined_id1,5.72874116897583,6.233747959136963,83.36518518518517,0.7,4,6,81.14805555555556,2.6184654235839844,22.361279,74.10893,0.17,2.589067812319155
5KPE_4_6_9_combined_id10,1.409794569015503,3.3267171382904053,88.30527777777777,0.77,4,6,81.14805555555556,2.6184654235839844,22.361279,74.10893,0.1636,2.503041867856626
5KPE_4_6_9_combined_id11,1.5552650690078735,3.4988365173339844,88.2537962962963,0.78,4,6,81.14805555555556,2.6184654235839844,22.361279,74.10893,0.1836,2.658330281575521
5KPE_4_6_9_combined_id12,1.5184117555618286,3.337830066680908,89.33981481481482,0.79,4,6,81.14805555555556,2.6184654235839844,22.361279,74.10893,0.183,2.390619913736979
5KPE_4_6_9_combined_id13,1.535706639289856,2.9158713817596436,79.82981481481482,0.69,4,6,81.14805555555556,2.6184654235839844,22.361279,74.10893,0.1868,2.691462198893229
5KPE_4_6_9_combined_id14,12.255318641662598,11.862324714660645,75.62203703703703,0.56,4,6,81.14805555555556,2.6184654235839844,22.361279,74.10893,0.1423,2.916946128562645
5KPE_4_6_9_combined_id16,1.074620246887207,3.4339516162872314,92.44888888888887,0.82,4,6,81.14805555555556,2.6184654235839844,22.361279,74.10893,0.1626,2.853183322482639
5KPE_4_6_9_combined_id17,3.5312554836273193,5.251529693603516,65.30611111111111,0.51,4,6,81.14805555555556,2.6184654235839844,22.361279,74.10893,0.1737,2.2505131474247686
5KPE_4_6_9_combined_id18,10.985662460327148,10.479294776916504,76.34731481481482,0.58,4,6,81.14805555555556,2.6184654235839844,22.361279,74.10893,0.162,2.5928819444444446
5KPE_4_6_9_combined_id19,1.601196050643921,3.427424669265747,92.24166666666667,0.82,4,6,81.14805555555556,2.6184654235839844,22.361279,74.10893,0.1732,2.403009202745226
5KPE_4_6_9_combined_id2,1.5718066692352295,3.4201059341430664,81.85546296296296,0.67,4,6,81.14805555555556,2.6184654235839844,22.361279,74.10893,0.1462,2.80713540536386
5KPE_4_6_9_combined_id21,1.8326857089996338,3.5276777744293213,87.64879629629628,0.77,4,6,81.14805555555556,2.6184654235839844,22.361279,74.10893,0.1892,2.625049732349537
5KPE_4_6_9_combined_id22,1.2927827835083008,3.41166615486145,85.0027777777778,0.7,4,6,81.14805555555556,2.6184654235839844,22.361279,74.10893,0.1712,2.923262419524016
5KPE_4_6_9_combined_id23,1.677159070968628,3.0723679065704346,77.47907407407408,0.62,4,6,81.14805555555556,2.6184654235839844,22.361279,74.10893,0.165,2.488382410120081
5KPE_4_6_9_combined_id24,3.2417781352996826,4.656667709350586,87.3723148148148,0.74,4,6,81.14805555555556,2.6184654235839844,22.361279,74.10893,0.1546,3.063918784812645
5KPE_4_6_9_combined_id4,11.509416580200195,9.933971405029297,80.01435185185184,0.59,4,6,81.14805555555556,2.6184654235839844,22.361279,74.10893,0.1901,2.3845893012152777
5KPE_4_6_9_combined_id6,1.5298329591751099,3.536029815673828,86.46842592592593,0.71,4,6,81.14805555555556,2.6184654235839844,22.361279,74.10893,0.176,2.583076194480613
5KPE_4_6_9_combined_id7,2.950164794921875,4.302504539489746,73.91564814814816,0.61,4,6,81.14805555555556,2.6184654235839844,22.361279,74.10893,0.1718,2.5337072301793984
5KPE_4_6_9_combined_id8,2.8324851989746094,4.096873760223389,78.70287037037039,0.64,4,6,81.14805555555556,2.6184654235839844,22.361279,74.10893,0.1565,2.656305101182726
5KPE_4_6_9_combined_id9,11.440428733825684,10.86935806274414,69.625,0.47,4,6,81.14805555555556,2.6184654235839844,22.361279,74.10893,0.2003,1.9403310705114287
5KPE_4_8_0_combined_id1,13.169565200805664,10.859786033630371,65.10694444444444,0.51,4,8,73.48777777777777,3.23147201538086,22.878416,69.981705,0.1504,2.841693736888744
5KPE_4_8_0_combined_id10,8.148676872253418,8.98013973236084,71.95842592592592,0.56,4,8,73.48777777777777,3.23147201538086,22.878416,69.981705,0.1632,2.946071483470776
5KPE_4_8_0_combined_id11,2.811734199523926,4.382005214691162,85.85314814814816,0.77,4,8,73.48777777777777,3.23147201538086,22.878416,69.981705,0.1599,2.8084674411349826
5KPE_4_8_0_combined_id12,1.4006578922271729,3.631751537322998,78.75870370370369,0.65,4,8,73.48777777777777,3.23147201538086,22.878416,69.981705,0.1498,3.0245754100658275
5KPE_4_8_0_combined_id13,11.772586822509766,12.777728080749512,77.14101851851854,0.66,4,8,73.48777777777777,3.23147201538086,22.878416,69.981705,0.1692,2.642870867693866
5KPE_4_8_0_combined_id14,8.308362007141113,7.312871932983398,56.984351851851855,0.46,4,8,73.48777777777777,3.23147201538086,22.878416,69.981705,0.1494,2.4141467059100115
5KPE_4_8_0_combined_id15,3.8266754150390625,4.8492584228515625,72.18712962962962,0.51,4,8,73.48777777777777,3.23147201538086,22.878416,69.981705,0.1593,2.9349195692274304
5KPE_4_8_0_combined_id16,14.867138862609863,14.517403602600098,54.89907407407408,0.48,4,8,73.48777777777777,3.23147201538086,22.878416,69.981705,0.1391,2.731179696542245
5KPE_4_8_0_combined_id18,1.5130929946899414,3.5106472969055176,82.23388888888888,0.76,4,8,73.48777777777777,3.23147201538086,22.878416,69.981705,0.1408,3.339659231680411
5KPE_4_8_0_combined_id2,11.22181224822998,10.702588081359863,57.848240740740735,0.41,4,8,73.48777777777777,3.23147201538086,22.878416,69.981705,0.1424,2.946338512279369
5KPE_4_8_0_combined_id20,7.888806343078613,8.48763370513916,47.85222222222223,0.37,4,8,73.48777777777777,3.23147201538086,22.878416,69.981705,0.1558,2.8158416748046875
5KPE_4_8_0_combined_id21,1.2457116842269897,3.654353141784668,84.64722222222223,0.73,4,8,73.48777777777777,3.23147201538086,22.878416,69.981705,0.1544,3.027406763147425
5KPE_4_8_0_combined_id22,10.027205467224121,10.621353149414062,67.50027777777778,0.55,4,8,73.48777777777777,3.23147201538086,22.878416,69.981705,0.1593,2.8635790789568865
5KPE_4_8_0_combined_id23,14.308890342712402,14.73322868347168,77.12425925925925,0.58,4,8,73.48777777777777,3.23147201538086,22.878416,69.981705,0.1962,2.413948341652199
5KPE_4_8_0_combined_id24,1.2788681983947754,3.2681214809417725,86.24620370370369,0.71,4,8,73.48777777777777,3.23147201538086,22.878416,69.981705,0.1507,3.478389033564815
5KPE_4_8_0_combined_id3,11.449336051940918,11.829779624938965,72.11685185185186,0.56,4,8,73.48777777777777,3.23147201538086,22.878416,69.981705,0.1459,3.654941134982639
5KPE_4_8_0_combined_id4,1.610308051109314,3.5211703777313232,77.39657407407407,0.65,4,8,73.48777777777777,3.23147201538086,22.878416,69.981705,0.1322,4.010448879665798
5KPE_4_8_0_combined_id5,1.3805769681930542,3.7333059310913086,79.95157407407407,0.69,4,8,73.48777777777777,3.23147201538086,22.878416,69.981705,0.1665,3.060412654170284
5KPE_4_8_0_combined_id7,11.595306396484375,11.237009048461914,76.36203703703703,0.57,4,8,73.48777777777777,3.23147201538086,22.878416,69.981705,0.1871,2.7875739203559027
5KPE_4_8_0_combined_id8,3.096989393234253,4.360912322998047,53.63759259259259,0.4,4,8,73.48777777777777,3.23147201538086,22.878416,69.981705,0.1525,2.93754549379702
5KPE_4_8_0_combined_id9,1.2572989463806152,3.8080899715423584,91.67314814814816,0.78,4,8,73.48777777777777,3.23147201538086,22.878416,69.981705,0.1522,3.582042552806713
5KPE_4_8_1_combined_id1,3.128973960876465,4.570191860198975,71.37351851851851,0.55,4,8,79.74666666666668,1.5577353239059448,22.66142,69.50115,0.1603,3.0460137261284723
5KPE_4_8_1_combined_id10,9.702200889587402,9.825695991516113,82.05296296296295,0.69,4,8,79.74666666666668,1.5577353239059448,22.66142,69.50115,0.1611,2.6694564819335938
5KPE_4_8_1_combined_id11,9.211702346801758,8.558892250061035,70.0437962962963,0.55,4,8,79.74666666666668,1.5577353239059448,22.66142,69.50115,0.1551,3.101525200737848
5KPE_4_8_1_combined_id12,7.898329734802246,8.556618690490723,69.86509259259259,0.6,4,8,79.74666666666668,1.5577353239059448,22.66142,69.50115,0.1515,2.6883793583622686
5KPE_4_8_1_combined_id13,16.105478286743164,14.31568431854248,84.52166666666665,0.59,4,8,79.74666666666668,1.5577353239059448,22.66142,69.50115,0.1793,2.744014033564815
5KPE_4_8_1_combined_id14,1.7968226671218872,3.4638257026672363,80.72018518518517,0.66,4,8,79.74666666666668,1.5577353239059448,22.66142,69.50115,0.1543,3.228392989547164
5KPE_4_8_1_combined_id15,11.313714027404785,12.0082426071167,60.69740740740741,0.48,4,8,79.74666666666668,1.5577353239059448,22.66142,69.50115,0.14,3.2144300672743054
5KPE_4_8_1_combined_id16,3.558990955352783,3.727884531021118,76.18592592592593,0.69,4,8,79.74666666666668,1.5577353239059448,22.66142,69.50115,0.1557,3.060460408528646
5KPE_4_8_1_combined_id17,9.935955047607422,10.10792064666748,76.19398148148147,0.63,4,8,79.74666666666668,1.5577353239059448,22.66142,69.50115,0.1646,3.007242273401331
5KPE_4_8_1_combined_id18,2.2216639518737793,3.0414822101593018,74.97981481481482,0.63,4,8,79.74666666666668,1.5577353239059448,22.66142,69.50115,0.1627,2.7387684009693287
5KPE_4_8_1_combined_id19,3.3651773929595947,4.394083499908447,77.15953703703703,0.61,4,8,79.74666666666668,1.5577353239059448,22.66142,69.50115,0.1429,3.586930451569734
5KPE_4_8_1_combined_id2,2.2341086864471436,3.939668893814087,76.06509259259259,0.61,4,8,79.74666666666668,1.5577353239059448,22.66142,69.50115,0.139,3.429432056568287
5KPE_4_8_1_combined_id20,2.358365774154663,3.855055093765259,76.53092592592593,0.64,4,8,79.74666666666668,1.5577353239059448,22.66142,69.50115,0.1357,3.4007811369719327
5KPE_4_8_1_combined_id21,3.8568692207336426,4.087669849395752,68.60333333333334,0.55,4,8,79.74666666666668,1.5577353239059448,22.66142,69.50115,0.1553,3.059930872034144
5KPE_4_8_1_combined_id22,8.80842399597168,8.864167213439941,70.11907407407408,0.56,4,8,79.74666666666668,1.5577353239059448,22.66142,69.50115,0.1667,2.45366527416088
5KPE_4_8_1_combined_id23,2.3850982189178467,3.097846031188965,74.99342592592593,0.63,4,8,79.74666666666668,1.5577353239059448,22.66142,69.50115,0.1581,2.526609067563657
5KPE_4_8_1_combined_id24,1.1885069608688354,3.591893434524536,84.30250000000002,0.73,4,8,79.74666666666668,1.5577353239059448,22.66142,69.50115,0.1518,3.412807605884693
5KPE_4_8_1_combined_id3,8.929903030395508,7.424986362457275,66.84231481481481,0.49,4,8,79.74666666666668,1.5577353239059448,22.66142,69.50115,0.1299,3.9874807287145546
5KPE_4_8_1_combined_id4,1.3093363046646118,3.6313230991363525,82.45083333333334,0.66,4,8,79.74666666666668,1.5577353239059448,22.66142,69.50115,0.1443,3.3435496577510126
5KPE_4_8_1_combined_id5,10.920351028442383,13.007701873779297,72.6814814814815,0.64,4,8,79.74666666666668,1.5577353239059448,22.66142,69.50115,0.1588,2.909803602430556
5KPE_4_8_1_combined_id7,3.6947124004364014,3.797530174255371,62.16981481481483,0.5,4,8,79.74666666666668,1.5577353239059448,22.66142,69.50115,0.1519,2.933596858271846
5KPE_4_8_1_combined_id8,2.546778678894043,4.028428077697754,70.60296296296296,0.6,4,8,79.74666666666668,1.5577353239059448,22.66142,69.50115,0.1492,3.352405124240452
5KPE_4_8_1_combined_id9,5.674888610839844,6.477418422698975,67.05240740740742,0.57,4,8,79.74666666666668,1.5577353239059448,22.66142,69.50115,0.1475,3.47639634874132
5KPE_4_8_2_combined_id1,2.096304416656494,3.4624786376953125,85.5261111111111,0.75,4,8,85.54324074074074,1.7727636098861694,22.50979,67.934044,0.1705,3.1013302273220487
5KPE_4_8_2_combined_id10,4.207534313201904,3.307547092437744,78.9964814814815,0.62,4,8,85.54324074074074,1.7727636098861694,22.50979,67.934044,0.1375,3.33649331552011
5KPE_4_8_2_combined_id11,2.0434951782226562,3.128035545349121,88.30916666666668,0.78,4,8,85.54324074074074,1.7727636098861694,22.50979,67.934044,0.151,2.7634107801649304
5KPE_4_8_2_combined_id12,2.7553598880767822,4.40059757232666,76.84027777777776,0.64,4,8,85.54324074074074,1.7727636098861694,22.50979,67.934044,0.1441,2.99074215359158
5KPE_4_8_2_combined_id14,1.7673577070236206,3.825977325439453,91.58638888888888,0.8,4,8,85.54324074074074,1.7727636098861694,22.50979,67.934044,0.1625,3.180232295283565
5KPE_4_8_2_combined_id16,1.6538329124450684,3.401700258255005,88.13583333333334,0.77,4,8,85.54324074074074,1.7727636098861694,22.50979,67.934044,0.1721,3.126990141691985
5KPE_4_8_2_combined_id17,1.8625268936157227,2.7947328090667725,81.06398148148148,0.71,4,8,85.54324074074074,1.7727636098861694,22.50979,67.934044,0.1562,3.103192929868345
5KPE_4_8_2_combined_id18,1.0998116731643677,3.811825752258301,90.92083333333332,0.78,4,8,85.54324074074074,1.7727636098861694,22.50979,67.934044,0.1515,3.5618628042715565
5KPE_4_8_2_combined_id19,2.7287986278533936,2.865649938583374,54.16,0.38,4,8,85.54324074074074,1.7727636098861694,22.50979,67.934044,0.1456,2.822822570800781
5KPE_4_8_2_combined_id2,1.456644892692566,3.5391457080841064,85.03925925925925,0.72,4,8,85.54324074074074,1.7727636098861694,22.50979,67.934044,0.1477,3.3227578622323497
5KPE_4_8_2_combined_id22,1.6799697875976562,3.654719114303589,79.53314814814814,0.61,4,8,85.54324074074074,1.7727636098861694,22.50979,67.934044,0.1415,2.702718098958333
5KPE_4_8_2_combined_id23,3.4246084690093994,4.804036617279053,79.12203703703705,0.69,4,8,85.54324074074074,1.7727636098861694,22.50979,67.934044,0.1379,3.725285282841435
5KPE_4_8_2_combined_id24,2.281001329421997,3.5827181339263916,77.15509259259261,0.65,4,8,85.54324074074074,1.7727636098861694,22.50979,67.934044,0.1638,3.562864515516493
5KPE_4_8_2_combined_id3,1.5542436838150024,3.3444643020629883,85.39407407407408,0.74,4,8,85.54324074074074,1.7727636098861694,22.50979,67.934044,0.1506,3.3919508192274304
5KPE_4_8_2_combined_id4,11.745173454284668,11.776801109313965,70.33583333333333,0.52,4,8,85.54324074074074,1.7727636098861694,22.50979,67.934044,0.1514,2.996007000958478
5KPE_4_8_2_combined_id5,2.0477423667907715,3.768061399459839,86.95722222222221,0.76,4,8,85.54324074074074,1.7727636098861694,22.50979,67.934044,0.1467,2.95109784161603
5KPE_4_8_2_combined_id6,2.503358840942383,1.614006519317627,74.50444444444445,0.6,4,8,85.54324074074074,1.7727636098861694,22.50979,67.934044,0.1496,2.566832930953414
5KPE_4_8_2_combined_id7,3.0241270065307617,2.5132856369018555,81.90592592592593,0.7,4,8,85.54324074074074,1.7727636098861694,22.50979,67.934044,0.1471,2.277087176287616
5KPE_4_8_2_combined_id8,9.559067726135254,10.008414268493652,67.6862037037037,0.5,4,8,85.54324074074074,1.7727636098861694,22.50979,67.934044,0.1609,2.731356020326968
5KPE_4_8_2_combined_id9,1.3976377248764038,3.18485164642334,90.48814814814814,0.81,4,8,85.54324074074074,1.7727636098861694,22.50979,67.934044,0.1682,3.2165148699725115
5KPE_4_8_3_combined_id1,9.798696517944336,10.562638282775879,77.34194444444445,0.6,4,8,85.20388888888887,1.681365966796875,21.964962,68.838264,0.159,2.571541115089699
5KPE_4_8_3_combined_id10,2.26725435256958,3.402268886566162,66.63944444444444,0.57,4,8,85.20388888888887,1.681365966796875,21.964962,68.838264,0.1596,2.9939148514359086
5KPE_4_8_3_combined_id11,3.4125661849975586,1.9170626401901245,84.6250925925926,0.7,4,8,85.20388888888887,1.681365966796875,21.964962,68.838264,0.1538,2.403662504973235
5KPE_4_8_3_combined_id12,4.843710422515869,6.598999977111816,81.62962962962963,0.61,4,8,85.20388888888887,1.681365966796875,21.964962,68.838264,0.1398,3.206043102123119
5KPE_4_8_3_combined_id13,3.458195447921753,4.086789131164551,72.06250000000001,0.56,4,8,85.20388888888887,1.681365966796875,21.964962,68.838264,0.1567,2.867573773419416
5KPE_4_8_3_combined_id14,5.390425682067871,6.058955669403076,78.11481481481484,0.64,4,8,85.20388888888887,1.681365966796875,21.964962,68.838264,0.1541,2.7176089816623263
5KPE_4_8_3_combined_id15,3.9282987117767334,5.2611870765686035,70.79277777777779,0.57,4,8,85.20388888888887,1.681365966796875,21.964962,68.838264,0.1413,3.514662566008391
5KPE_4_8_3_combined_id16,1.7315322160720825,3.4288265705108643,89.59842592592592,0.75,4,8,85.20388888888887,1.681365966796875,21.964962,68.838264,0.1463,3.0118368643301503
5KPE_4_8_3_combined_id17,2.872379779815674,3.3744282722473145,69.80611111111111,0.57,4,8,85.20388888888887,1.681365966796875,21.964962,68.838264,0.1541,2.889347782841435
5KPE_4_8_3_combined_id18,3.048083543777466,2.5936784744262695,72.09342592592593,0.61,4,8,85.20388888888887,1.681365966796875,21.964962,68.838264,0.1618,2.5464211923104747
5KPE_4_8_3_combined_id19,1.0756969451904297,3.738034248352051,84.92564814814814,0.71,4,8,85.20388888888887,1.681365966796875,21.964962,68.838264,0.157,3.2923677232530384
5KPE_4_8_3_combined_id2,2.5604443550109863,4.029496192932129,70.56018518518519,0.59,4,8,85.20388888888887,1.681365966796875,21.964962,68.838264,0.1446,3.1127466272424766
5KPE_4_8_3_combined_id20,1.569473147392273,2.8968729972839355,62.794629629629625,0.5,4,8,85.20388888888887,1.681365966796875,21.964962,68.838264,0.1374,3.480543913664641
5KPE_4_8_3_combined_id21,0.9967324137687683,3.7470505237579346,91.35092592592594,0.79,4,8,85.20388888888887,1.681365966796875,21.964962,68.838264,0.1475,3.723889386212384
5KPE_4_8_3_combined_id22,1.5444486141204834,3.497434616088867,86.67583333333333,0.78,4,8,85.20388888888887,1.681365966796875,21.964962,68.838264,0.1559,2.936540109139901
5KPE_4_8_3_combined_id23,1.6023176908493042,3.413886547088623,85.54351851851851,0.74,4,8,85.20388888888887,1.681365966796875,21.964962,68.838264,0.1503,3.375986169885706
5KPE_4_8_3_combined_id24,0.9943905472755432,3.866676092147827,89.77037037037036,0.77,4,8,85.20388888888887,1.681365966796875,21.964962,68.838264,0.1393,3.5374524151837385
5KPE_4_8_3_combined_id3,1.6086702346801758,3.6622631549835205,84.86537037037036,0.73,4,8,85.20388888888887,1.681365966796875,21.964962,68.838264,0.1463,3.2599832040292247
5KPE_4_8_3_combined_id4,1.3890905380249023,3.598310708999634,88.53740740740741,0.76,4,8,85.20388888888887,1.681365966796875,21.964962,68.838264,0.1432,3.5596304999457464
5KPE_4_8_3_combined_id5,3.4140005111694336,4.087425231933594,75.40666666666667,0.64,4,8,85.20388888888887,1.681365966796875,21.964962,68.838264,0.1574,2.4502588907877603
5KPE_4_8_3_combined_id6,1.1030319929122925,3.5946273803710938,83.00601851851853,0.68,4,8,85.20388888888887,1.681365966796875,21.964962,68.838264,0.1413,3.83989178692853
5KPE_4_8_3_combined_id7,1.4298087358474731,3.341587543487549,83.45175925925925,0.74,4,8,85.20388888888887,1.681365966796875,21.964962,68.838264,0.1515,3.409655818232784
5KPE_4_8_3_combined_id8,9.573205947875977,10.466604232788086,67.13444444444444,0.53,4,8,85.20388888888887,1.681365966796875,21.964962,68.838264,0.1569,2.8412882486979165
5KPE_4_8_3_combined_id9,2.6048479080200195,2.7470030784606934,75.68805555555556,0.6,4,8,85.20388888888887,1.681365966796875,21.964962,68.838264,0.1435,2.8583653767903647
5KPE_4_8_4_combined_id1,9.844874382019043,11.178496360778809,77.33416666666665,0.67,4,8,80.53342592592591,2.012233018875122,22.076084,73.191795,0.1589,3.018261944806134
5KPE_4_8_4_combined_id10,1.626652717590332,3.659531831741333,78.90166666666667,0.68,4,8,80.53342592592591,2.012233018875122,22.076084,73.191795,0.1598,3.0115172774703414
5KPE_4_8_4_combined_id11,1.72960364818573,3.4915387630462646,80.06166666666667,0.69,4,8,80.53342592592591,2.012233018875122,22.076084,73.191795,0.1473,3.307972095630787
5KPE_4_8_4_combined_id12,1.096114158630371,3.402169704437256,87.75064814814814,0.74,4,8,80.53342592592591,2.012233018875122,22.076084,73.191795,0.141,3.743561356155961
5KPE_4_8_4_combined_id13,1.4577745199203491,3.63628888130188,76.81166666666668,0.62,4,8,80.53342592592591,2.012233018875122,22.076084,73.191795,0.1488,3.97989993625217
5KPE_4_8_4_combined_id14,3.951658010482788,4.286124229431152,67.37138888888889,0.56,4,8,80.53342592592591,2.012233018875122,22.076084,73.191795,0.1433,3.514635721842448
5KPE_4_8_4_combined_id15,2.703465223312378,4.138241767883301,76.41148148148147,0.65,4,8,80.53342592592591,2.012233018875122,22.076084,73.191795,0.1609,2.44188153302228
5KPE_4_8_4_combined_id16,1.520946741104126,3.164785861968994,85.23537037037039,0.73,4,8,80.53342592592591,2.012233018875122,22.076084,73.191795,0.1406,2.9787360297309027
5KPE_4_8_4_combined_id17,10.563203811645508,11.296360969543457,73.59,0.63,4,8,80.53342592592591,2.012233018875122,22.076084,73.191795,0.1709,2.6783690275969327
5KPE_4_8_4_combined_id18,9.664671897888184,8.713813781738281,72.08194444444445,0.59,4,8,80.53342592592591,2.012233018875122,22.076084,73.191795,0.1658,3.170622649016204
5KPE_4_8_4_combined_id19,10.83816909790039,10.788073539733887,73.57648148148148,0.64,4,8,80.53342592592591,2.012233018875122,22.076084,73.191795,0.154,3.5885100188078702
5KPE_4_8_4_combined_id2,1.7757657766342163,4.062652111053467,70.40981481481481,0.51,4,8,80.53342592592591,2.012233018875122,22.076084,73.191795,0.1442,3.777232417353877
5KPE_4_8_4_combined_id20,1.3207727670669556,3.3547799587249756,78.19379629629628,0.63,4,8,80.53342592592591,2.012233018875122,22.076084,73.191795,0.1471,3.119138364438657
5KPE_4_8_4_combined_id21,9.985918998718262,10.57172966003418,78.85425925925928,0.62,4,8,80.53342592592591,2.012233018875122,22.076084,73.191795,0.1675,2.953055487738715
5KPE_4_8_4_combined_id22,11.226987838745117,11.017520904541016,73.26185185185184,0.56,4,8,80.53342592592591,2.012233018875122,22.076084,73.191795,0.1398,3.1115900675455728
5KPE_4_8_4_combined_id23,3.00789737701416,3.236400842666626,72.1389814814815,0.64,4,8,80.53342592592591,2.012233018875122,22.076084,73.191795,0.146,3.046331617567274
5KPE_4_8_4_combined_id24,1.1840041875839233,3.4297871589660645,90.90861111111114,0.78,4,8,80.53342592592591,2.012233018875122,22.076084,73.191795,0.1482,3.3762314407913774
5KPE_4_8_4_combined_id3,11.034043312072754,10.645726203918457,85.35518518518518,0.71,4,8,80.53342592592591,2.012233018875122,22.076084,73.191795,0.1641,3.352283619068287
5KPE_4_8_4_combined_id4,7.795846939086914,7.325411319732666,72.7761111111111,0.61,4,8,80.53342592592591,2.012233018875122,22.076084,73.191795,0.1529,3.5120120578342013
5KPE_4_8_4_combined_id5,1.3754727840423584,3.104187488555908,74.44731481481482,0.62,4,8,80.53342592592591,2.012233018875122,22.076084,73.191795,0.1518,3.2331726639359086
5KPE_4_8_4_combined_id6,10.437311172485352,11.863177299499512,68.32324074074074,0.54,4,8,80.53342592592591,2.012233018875122,22.076084,73.191795,0.1361,3.617995085539641
5KPE_4_8_4_combined_id7,9.564390182495117,9.704922676086426,72.19592592592592,0.57,4,8,80.53342592592591,2.012233018875122,22.076084,73.191795,0.1461,2.3958197699652777
5KPE_4_8_4_combined_id8,1.775149941444397,3.2946369647979736,70.64990740740741,0.55,4,8,80.53342592592591,2.012233018875122,22.076084,73.191795,0.1295,3.211202550817419
5KPE_4_8_4_combined_id9,2.440546751022339,2.6776766777038574,65.02166666666666,0.53,4,8,80.53342592592591,2.012233018875122,22.076084,73.191795,0.144,2.522195886682581
5KPE_4_8_5_combined_id1,10.100162506103516,10.940157890319824,77.70583333333333,0.67,4,8,88.4825925925926,8.240274429321289,21.812077,72.30835,0.1708,3.0711537113896124
5KPE_4_8_5_combined_id10,2.8596277236938477,4.096711158752441,75.56462962962964,0.68,4,8,88.4825925925926,8.240274429321289,21.812077,72.30835,0.1505,2.777966534649884
5KPE_4_8_5_combined_id11,1.796116828918457,3.773024559020996,83.0913888888889,0.7,4,8,88.4825925925926,8.240274429321289,21.812077,72.30835,0.1788,2.872199164496528
5KPE_4_8_5_combined_id12,9.596027374267578,9.941163063049316,80.00416666666666,0.63,4,8,88.4825925925926,8.240274429321289,21.812077,72.30835,0.1496,2.318690688521773
5KPE_4_8_5_combined_id13,9.025479316711426,9.137332916259766,70.01240740740742,0.56,4,8,88.4825925925926,8.240274429321289,21.812077,72.30835,0.1455,3.1957357901114003
5KPE_4_8_5_combined_id14,2.118218183517456,2.40165376663208,78.35,0.6,4,8,88.4825925925926,8.240274429321289,21.812077,72.30835,0.1486,2.8021268491391784
5KPE_4_8_5_combined_id15,2.290236711502075,3.4355623722076416,90.9950925925926,0.82,4,8,88.4825925925926,8.240274429321289,21.812077,72.30835,0.1581,2.868859467683015
5KPE_4_8_5_combined_id16,9.265937805175781,10.587806701660156,69.69777777777777,0.55,4,8,88.4825925925926,8.240274429321289,21.812077,72.30835,0.1689,2.535497029622396
5KPE_4_8_5_combined_id18,2.066984176635742,3.5410358905792236,80.71685185185184,0.68,4,8,88.4825925925926,8.240274429321289,21.812077,72.30835,0.1685,2.9407682065610534
5KPE_4_8_5_combined_id19,1.853442907333374,3.512580394744873,74.53564814814814,0.63,4,8,88.4825925925926,8.240274429321289,21.812077,72.30835,0.1573,2.621465047200521
5KPE_4_8_5_combined_id2,11.024027824401855,11.141406059265137,81.10907407407409,0.63,4,8,88.4825925925926,8.240274429321289,21.812077,72.30835,0.1738,2.9608790079752603
5KPE_4_8_5_combined_id20,2.3243613243103027,3.415078639984131,82.03333333333333,0.68,4,8,88.4825925925926,8.240274429321289,21.812077,72.30835,0.1662,2.629992449725116
5KPE_4_8_5_combined_id21,1.9296644926071167,3.1792490482330322,79.13157407407407,0.68,4,8,88.4825925925926,8.240274429321289,21.812077,72.30835,0.1626,2.414575364854601
5KPE_4_8_5_combined_id22,1.3373433351516724,3.353651523590088,87.98101851851852,0.76,4,8,88.4825925925926,8.240274429321289,21.812077,72.30835,0.1457,2.9290593465169272
5KPE_4_8_5_combined_id23,9.654729843139648,9.989665031433105,70.0439814814815,0.57,4,8,88.4825925925926,8.240274429321289,21.812077,72.30835,0.158,3.017673068576389
5KPE_4_8_5_combined_id24,1.4140822887420654,3.542349100112915,87.20537037037037,0.74,4,8,88.4825925925926,8.240274429321289,21.812077,72.30835,0.1426,3.527965404369213
5KPE_4_8_5_combined_id3,10.346288681030273,12.42898941040039,72.24962962962964,0.62,4,8,88.4825925925926,8.240274429321289,21.812077,72.30835,0.1441,3.217510647243924
5KPE_4_8_5_combined_id4,2.1216766834259033,3.2107694149017334,80.61287037037037,0.65,4,8,88.4825925925926,8.240274429321289,21.812077,72.30835,0.1524,2.97307445384838
5KPE_4_8_5_combined_id5,10.580236434936523,10.324626922607422,77.66462962962963,0.56,4,8,88.4825925925926,8.240274429321289,21.812077,72.30835,0.1542,3.252742060908565
5KPE_4_8_5_combined_id6,1.8494372367858887,3.6270434856414795,83.98342592592596,0.76,4,8,88.4825925925926,8.240274429321289,21.812077,72.30835,0.1514,3.051630655924479
5KPE_4_8_5_combined_id7,7.309140682220459,7.96016263961792,50.97620370370372,0.39,4,8,88.4825925925926,8.240274429321289,21.812077,72.30835,0.1439,3.2446122346100985
5KPE_4_8_5_combined_id8,8.266823768615723,10.292900085449219,70.54944444444443,0.59,4,8,88.4825925925926,8.240274429321289,21.812077,72.30835,0.1452,3.62863611291956
5KPE_4_8_5_combined_id9,1.648054838180542,3.7256720066070557,75.27555555555557,0.61,4,8,88.4825925925926,8.240274429321289,21.812077,72.30835,0.1447,3.576546280472367
5KPE_4_8_6_combined_id10,2.0873191356658936,3.2726712226867676,68.4924074074074,0.49,4,8,81.12416666666668,3.3253161907196045,22.55059,69.817184,0.1727,2.636825844093605
5KPE_4_8_6_combined_id11,1.7955552339553833,3.539517402648926,82.44898148148148,0.7,4,8,81.12416666666668,3.3253161907196045,22.55059,69.817184,0.1635,2.8605982462565103
5KPE_4_8_6_combined_id12,9.127326965332031,10.706089973449707,57.52925925925927,0.41,4,8,81.12416666666668,3.3253161907196045,22.55059,69.817184,0.1478,2.84938473171658
5KPE_4_8_6_combined_id13,2.177166223526001,3.679410219192505,70.22546296296296,0.56,4,8,81.12416666666668,3.3253161907196045,22.55059,69.817184,0.1673,2.3280201664677374
5KPE_4_8_6_combined_id14,4.987801551818848,4.211395263671875,62.68601851851851,0.49,4,8,81.12416666666668,3.3253161907196045,22.55059,69.817184,0.1546,2.817997685185185
5KPE_4_8_6_combined_id16,9.882550239562988,11.510954856872559,73.98462962962964,0.59,4,8,81.12416666666668,3.3253161907196045,22.55059,69.817184,0.1593,3.343396504720052
5KPE_4_8_6_combined_id17,8.122260093688965,9.822946548461914,64.61462962962963,0.5,4,8,81.12416666666668,3.3253161907196045,22.55059,69.817184,0.1531,3.09539794921875
5KPE_4_8_6_combined_id18,2.234055995941162,4.422863483428955,67.52685185185186,0.53,4,8,81.12416666666668,3.3253161907196045,22.55059,69.817184,0.1556,2.284733525028935
5KPE_4_8_6_combined_id19,8.665410995483398,9.278955459594727,59.848611111111104,0.49,4,8,81.12416666666668,3.3253161907196045,22.55059,69.817184,0.1598,2.321732697663484
5KPE_4_8_6_combined_id2,10.339390754699707,10.89708137512207,71.88888888888889,0.6,4,8,81.12416666666668,3.3253161907196045,22.55059,69.817184,0.1514,2.75655421504268
5KPE_4_8_6_combined_id20,12.808938980102539,12.482162475585938,70.47675925925927,0.41,4,8,81.12416666666668,3.3253161907196045,22.55059,69.817184,0.1737,2.588989540382668
5KPE_4_8_6_combined_id21,8.632186889648438,10.370013236999512,79.42953703703705,0.62,4,8,81.12416666666668,3.3253161907196045,22.55059,69.817184,0.1641,2.6141866048177085
5KPE_4_8_6_combined_id22,2.4361324310302734,3.4521305561065674,80.41092592592594,0.68,4,8,81.12416666666668,3.3253161907196045,22.55059,69.817184,0.1803,2.472405892831308
5KPE_4_8_6_combined_id23,8.06994342803955,10.045194625854492,70.9362037037037,0.56,4,8,81.12416666666668,3.3253161907196045,22.55059,69.817184,0.1679,2.9344776294849537
5KPE_4_8_6_combined_id3,9.060134887695312,9.329358100891113,74.77601851851851,0.64,4,8,81.12416666666668,3.3253161907196045,22.55059,69.817184,0.1836,2.561798660843461
5KPE_4_8_6_combined_id4,1.521435260772705,3.4044973850250244,71.92842592592591,0.62,4,8,81.12416666666668,3.3253161907196045,22.55059,69.817184,0.1483,3.202589812102141
5KPE_4_8_6_combined_id5,9.446863174438477,9.228805541992188,66.19981481481481,0.52,4,8,81.12416666666668,3.3253161907196045,22.55059,69.817184,0.1511,2.3596558747468173
5KPE_4_8_6_combined_id6,10.579771041870117,10.654187202453613,76.84416666666667,0.62,4,8,81.12416666666668,3.3253161907196045,22.55059,69.817184,0.1727,3.236206619827836
5KPE_4_8_6_combined_id7,1.710321307182312,3.5347506999969482,74.86092592592594,0.61,4,8,81.12416666666668,3.3253161907196045,22.55059,69.817184,0.1428,2.863716690628617
5KPE_4_8_6_combined_id8,1.8004778623580933,3.5524652004241943,77.45592592592592,0.62,4,8,81.12416666666668,3.3253161907196045,22.55059,69.817184,0.1477,2.7193535698784723
5KPE_4_8_6_combined_id9,1.7956687211990356,3.3315823078155518,88.47231481481482,0.79,4,8,81.12416666666668,3.3253161907196045,22.55059,69.817184,0.1576,2.9411824544270835
5KPE_4_8_7_combined_id1,8.636176109313965,10.374370574951172,63.95203703703704,0.51,4,8,82.31472222222222,10.615376472473145,22.223001,71.09239,0.1422,3.65605643943504
5KPE_4_8_7_combined_id10,15.86246109008789,13.954285621643066,77.73268518518519,0.51,4,8,82.31472222222222,10.615376472473145,22.223001,71.09239,0.1706,2.2281420672381365
5KPE_4_8_7_combined_id11,10.841952323913574,10.981659889221191,73.05212962962963,0.56,4,8,82.31472222222222,10.615376472473145,22.223001,71.09239,0.1718,2.579241152162905
5KPE_4_8_7_combined_id13,1.9101723432540894,2.6974971294403076,74.10074074074072,0.61,4,8,82.31472222222222,10.615376472473145,22.223001,71.09239,0.1545,3.0459871645326966
5KPE_4_8_7_combined_id14,1.5913326740264893,2.9426794052124023,88.08564814814815,0.76,4,8,82.31472222222222,10.615376472473145,22.223001,71.09239,0.1663,3.193935818142361
5KPE_4_8_7_combined_id15,3.9678468704223633,3.1161935329437256,62.51925925925926,0.49,4,8,82.31472222222222,10.615376472473145,22.223001,71.09239,0.1613,2.82264483416522
5KPE_4_8_7_combined_id16,10.06529426574707,10.810090065002441,75.02092592592592,0.51,4,8,82.31472222222222,10.615376472473145,22.223001,71.09239,0.1757,3.1982009322554976
5KPE_4_8_7_combined_id17,11.333252906799316,11.962748527526855,79.88870370370374,0.6,4,8,82.31472222222222,10.615376472473145,22.223001,71.09239,0.1553,3.35379876030816
5KPE_4_8_7_combined_id18,11.503018379211426,11.618439674377441,73.00537037037036,0.58,4,8,82.31472222222222,10.615376472473145,22.223001,71.09239,0.1278,4.390686317726418
5KPE_4_8_7_combined_id19,2.732163190841675,2.4718210697174072,84.2386111111111,0.69,4,8,82.31472222222222,10.615376472473145,22.223001,71.09239,0.1775,2.834916008843316
5KPE_4_8_7_combined_id2,10.712926864624023,12.35666275024414,58.11092592592593,0.5,4,8,82.31472222222222,10.615376472473145,22.223001,71.09239,0.145,3.304706714771412
5KPE_4_8_7_combined_id20,9.037471771240234,11.136887550354004,58.857962962962965,0.46,4,8,82.31472222222222,10.615376472473145,22.223001,71.09239,0.1478,3.334030716507524
5KPE_4_8_7_combined_id22,11.52322006225586,11.823447227478027,70.72351851851852,0.6,4,8,82.31472222222222,10.615376472473145,22.223001,71.09239,0.1447,4.093585261592159
5KPE_4_8_7_combined_id23,8.901592254638672,8.79207706451416,61.03851851851852,0.48,4,8,82.31472222222222,10.615376472473145,22.223001,71.09239,0.1515,2.8406586823640048
5KPE_4_8_7_combined_id3,2.3996143341064453,4.254671096801758,72.57046296296296,0.55,4,8,82.31472222222222,10.615376472473145,22.223001,71.09239,0.1636,2.942883526837384
5KPE_4_8_7_combined_id4,3.1718358993530273,4.450211524963379,48.58648148148148,0.36,4,8,82.31472222222222,10.615376472473145,22.223001,71.09239,0.1667,2.8988525955765336
5KPE_4_8_7_combined_id5,9.950041770935059,10.510271072387695,66.53564814814816,0.53,4,8,82.31472222222222,10.615376472473145,22.223001,71.09239,0.1574,3.345381560149016
5KPE_4_8_7_combined_id6,10.238068580627441,10.401396751403809,70.90555555555555,0.59,4,8,82.31472222222222,10.615376472473145,22.223001,71.09239,0.1615,2.5270628752531827
5KPE_4_8_7_combined_id7,2.7616524696350098,3.3035502433776855,69.71268518518518,0.58,4,8,82.31472222222222,10.615376472473145,22.223001,71.09239,0.156,2.7705425686306424
5KPE_4_8_7_combined_id8,11.623347282409668,11.563644409179688,80.3100925925926,0.56,4,8,82.31472222222222,10.615376472473145,22.223001,71.09239,0.1675,2.9250239619502314
5KPE_4_8_7_combined_id9,7.034024715423584,7.781484127044678,64.6912037037037,0.57,4,8,82.31472222222222,10.615376472473145,22.223001,71.09239,0.1585,2.924883242006655
5KPE_4_8_8_combined_id1,9.654621124267578,10.685355186462402,69.7174074074074,0.58,4,8,89.31805555555555,0.999938666820526,22.412935,69.64983,0.1536,3.0226174813729747
5KPE_4_8_8_combined_id10,3.1434924602508545,4.564245223999023,59.68666666666667,0.47,4,8,89.31805555555555,0.999938666820526,22.412935,69.64983,0.1624,2.8328928064416954
5KPE_4_8_8_combined_id11,1.6944621801376343,3.5037360191345215,81.42546296296297,0.63,4,8,89.31805555555555,0.999938666820526,22.412935,69.64983,0.1461,3.4896310876916954
5KPE_4_8_8_combined_id12,1.9496361017227173,3.483928918838501,76.08805555555556,0.66,4,8,89.31805555555555,0.999938666820526,22.412935,69.64983,0.1723,2.2965689765082464
5KPE_4_8_8_combined_id13,1.6757129430770874,2.7899744510650635,77.92592592592592,0.63,4,8,89.31805555555555,0.999938666820526,22.412935,69.64983,0.1703,2.328168233235677
5KPE_4_8_8_combined_id14,1.2478106021881104,3.2165732383728027,81.94092592592594,0.71,4,8,89.31805555555555,0.999938666820526,22.412935,69.64983,0.1776,2.537151195384838
5KPE_4_8_8_combined_id16,2.308441638946533,3.1350820064544678,73.7287962962963,0.55,4,8,89.31805555555555,0.999938666820526,22.412935,69.64983,0.1535,2.28254078052662
5KPE_4_8_8_combined_id17,10.053942680358887,10.93946361541748,72.37694444444445,0.55,4,8,89.31805555555555,0.999938666820526,22.412935,69.64983,0.1725,2.256734918665003
5KPE_4_8_8_combined_id18,9.28831958770752,9.602165222167969,82.4387962962963,0.7,4,8,89.31805555555555,0.999938666820526,22.412935,69.64983,0.1822,2.311617957221137
5KPE_4_8_8_combined_id19,2.8484771251678467,3.115511178970337,70.95787037037037,0.58,4,8,89.31805555555555,0.999938666820526,22.412935,69.64983,0.1523,2.4148135715060763
5KPE_4_8_8_combined_id2,2.0397701263427734,3.7887685298919678,81.0084259259259,0.64,4,8,89.31805555555555,0.999938666820526,22.412935,69.64983,0.1641,2.524131774902344
5KPE_4_8_8_combined_id20,3.0255022048950195,4.278640270233154,70.32925925925927,0.58,4,8,89.31805555555555,0.999938666820526,22.412935,69.64983,0.172,3.130930017541956
5KPE_4_8_8_combined_id21,7.155189514160156,6.876862049102783,75.18416666666667,0.62,4,8,89.31805555555555,0.999938666820526,22.412935,69.64983,0.1808,2.4814119692201966
5KPE_4_8_8_combined_id22,2.291877269744873,2.017615795135498,77.90435185185186,0.59,4,8,89.31805555555555,0.999938666820526,22.412935,69.64983,0.1709,2.092249552408854
5KPE_4_8_8_combined_id23,9.923783302307129,11.190774917602539,66.72777777777777,0.53,4,8,89.31805555555555,0.999938666820526,22.412935,69.64983,0.1607,2.657731232819734
5KPE_4_8_8_combined_id24,2.0384628772735596,3.719910144805908,85.33972222222222,0.74,4,8,89.31805555555555,0.999938666820526,22.412935,69.64983,0.1711,2.423226250542535
5KPE_4_8_8_combined_id3,3.118884563446045,3.4273276329040527,71.00583333333333,0.53,4,8,89.31805555555555,0.999938666820526,22.412935,69.64983,0.1566,2.66408849645544
5KPE_4_8_8_combined_id4,1.2595407962799072,2.6238174438476562,86.1075,0.71,4,8,89.31805555555555,0.999938666820526,22.412935,69.64983,0.1616,2.8496627807617188
5KPE_4_8_8_combined_id5,2.195873498916626,3.1716859340667725,67.56814814814815,0.53,4,8,89.31805555555555,0.999938666820526,22.412935,69.64983,0.1644,2.151116830331308
5KPE_4_8_8_combined_id6,1.518101453781128,2.5781643390655518,86.61870370370369,0.73,4,8,89.31805555555555,0.999938666820526,22.412935,69.64983,0.1664,2.507942764847367
5KPE_4_8_8_combined_id7,1.2379695177078247,3.2316818237304688,87.5075925925926,0.74,4,8,89.31805555555555,0.999938666820526,22.412935,69.64983,0.1661,2.722386678059896
5KPE_4_8_8_combined_id8,7.74026346206665,5.580040454864502,70.6012037037037,0.56,4,8,89.31805555555555,0.999938666820526,22.412935,69.64983,0.1726,2.4120051066080728
5KPE_4_8_8_combined_id9,1.4112471342086792,3.559833288192749,79.02203703703702,0.65,4,8,89.31805555555555,0.999938666820526,22.412935,69.64983,0.1692,2.6704155250831887
5KPE_4_8_9_combined_id1,10.888896942138672,11.838518142700195,68.27148148148149,0.53,4,8,83.94555555555554,2.4084644317626958,21.616053,70.109,0.1404,2.995290685583044
5KPE_4_8_9_combined_id10,11.612256050109863,10.878593444824219,68.12944444444443,0.52,4,8,83.94555555555554,2.4084644317626958,21.616053,70.109,0.17,2.56595696343316
5KPE_4_8_9_combined_id11,8.981359481811523,10.379801750183105,76.2761111111111,0.66,4,8,83.94555555555554,2.4084644317626958,21.616053,70.109,0.1489,3.2695846557617188
5KPE_4_8_9_combined_id12,2.113185405731201,4.104907989501953,83.16453703703701,0.66,4,8,83.94555555555554,2.4084644317626958,21.616053,70.109,0.1715,2.9387178774233216
5KPE_4_8_9_combined_id13,2.11833119392395,3.4391212463378906,68.87527777777778,0.52,4,8,83.94555555555554,2.4084644317626958,21.616053,70.109,0.1486,3.2556816383644387
5KPE_4_8_9_combined_id14,7.803050994873047,10.087834358215332,81.62138888888889,0.72,4,8,83.94555555555554,2.4084644317626958,21.616053,70.109,0.1545,3.2671127319335938
5KPE_4_8_9_combined_id15,2.3294432163238525,2.8991503715515137,70.18814814814816,0.54,4,8,83.94555555555554,2.4084644317626958,21.616053,70.109,0.1538,2.8765507450810186
5KPE_4_8_9_combined_id16,2.7257895469665527,3.4880051612854004,81.0589814814815,0.68,4,8,83.94555555555554,2.4084644317626958,21.616053,70.109,0.1633,2.555141872829861
5KPE_4_8_9_combined_id17,10.431926727294922,11.717485427856445,74.84398148148149,0.61,4,8,83.94555555555554,2.4084644317626958,21.616053,70.109,0.1362,3.757433855975116
5KPE_4_8_9_combined_id18,3.4849443435668945,3.056696891784668,80.60787037037038,0.69,4,8,83.94555555555554,2.4084644317626958,21.616053,70.109,0.1505,2.763440450032552
5KPE_4_8_9_combined_id19,1.3833074569702148,3.7910373210906982,83.76351851851851,0.72,4,8,83.94555555555554,2.4084644317626958,21.616053,70.109,0.1774,3.319324917263455
5KPE_4_8_9_combined_id2,8.132771492004395,10.645469665527344,73.2499074074074,0.61,4,8,83.94555555555554,2.4084644317626958,21.616053,70.109,0.1818,3.259693287037037
5KPE_4_8_9_combined_id20,1.4981892108917236,3.555701494216919,85.1737037037037,0.7,4,8,83.94555555555554,2.4084644317626958,21.616053,70.109,0.1695,2.797144571940104
5KPE_4_8_9_combined_id21,4.684388160705566,3.6051290035247803,71.50555555555556,0.59,4,8,83.94555555555554,2.4084644317626958,21.616053,70.109,0.153,2.822382326479312
5KPE_4_8_9_combined_id22,1.4871107339859009,3.757237672805786,86.04962962962964,0.71,4,8,83.94555555555554,2.4084644317626958,21.616053,70.109,0.1589,2.94953692400897
5KPE_4_8_9_combined_id23,9.665207862854004,9.942367553710938,70.10305555555556,0.59,4,8,83.94555555555554,2.4084644317626958,21.616053,70.109,0.1535,3.07319415057147
5KPE_4_8_9_combined_id24,1.9889758825302124,2.8241231441497803,81.25472222222221,0.68,4,8,83.94555555555554,2.4084644317626958,21.616053,70.109,0.1686,2.404470373083044
5KPE_4_8_9_combined_id3,2.809404134750366,3.0627663135528564,66.97870370370372,0.56,4,8,83.94555555555554,2.4084644317626958,21.616053,70.109,0.1554,2.8194794831452548
5KPE_4_8_9_combined_id4,2.6324663162231445,4.573217868804932,76.29564814814815,0.59,4,8,83.94555555555554,2.4084644317626958,21.616053,70.109,0.1374,3.1035614013671875
5KPE_4_8_9_combined_id5,12.141011238098145,11.118423461914062,74.97,0.52,4,8,83.94555555555554,2.4084644317626958,21.616053,70.109,0.168,3.193161575882524
5KPE_4_8_9_combined_id6,9.828012466430664,10.048375129699707,86.55083333333333,0.73,4,8,83.94555555555554,2.4084644317626958,21.616053,70.109,0.1701,2.712288750542535
5KPE_4_8_9_combined_id7,4.930355072021484,5.910710334777832,65.39277777777777,0.51,4,8,83.94555555555554,2.4084644317626958,21.616053,70.109,0.1427,2.7270736694335938
5KPE_4_8_9_combined_id8,7.415111064910889,7.090309143066406,81.15546296296294,0.62,4,8,83.94555555555554,2.4084644317626958,21.616053,70.109,0.166,3.119134973596644
5KPE_4_8_9_combined_id9,1.3689470291137695,3.8409297466278076,80.26148148148147,0.66,4,8,83.94555555555554,2.4084644317626958,21.616053,70.109,0.1618,2.811530219184028
5KPE_6_2_0_combined_id1,9.467114448547363,9.898133277893066,66.97546296296296,0.53,6,2,86.20481481481481,2.218486785888672,24.961357,74.4342,0.1365,3.30622242115162
5KPE_6_2_0_combined_id10,11.324405670166016,10.69992446899414,75.28185185185185,0.6,6,2,86.20481481481481,2.218486785888672,24.961357,74.4342,0.1639,2.2402397438331887
5KPE_6_2_0_combined_id11,6.862382888793945,5.497369766235352,73.58259259259259,0.62,6,2,86.20481481481481,2.218486785888672,24.961357,74.4342,0.153,2.391318992332176
5KPE_6_2_0_combined_id12,1.039543628692627,5.25029993057251,89.6711111111111,0.75,6,2,86.20481481481481,2.218486785888672,24.961357,74.4342,0.1662,3.3344636140046298
5KPE_6_2_0_combined_id13,11.342500686645508,10.824222564697266,67.9487037037037,0.48,6,2,86.20481481481481,2.218486785888672,24.961357,74.4342,0.1516,2.589608086480035
5KPE_6_2_0_combined_id14,15.932463645935059,14.156176567077637,88.77314814814815,0.66,6,2,86.20481481481481,2.218486785888672,24.961357,74.4342,0.1573,2.316542448820891
5KPE_6_2_0_combined_id15,15.801891326904297,13.955738067626953,87.8087962962963,0.67,6,2,86.20481481481481,2.218486785888672,24.961357,74.4342,0.1644,2.59739911114728
5KPE_6_2_0_combined_id16,4.762124538421631,5.370712757110596,66.33111111111111,0.44,6,2,86.20481481481481,2.218486785888672,24.961357,74.4342,0.1513,2.9251505533854165
5KPE_6_2_0_combined_id17,9.517956733703613,10.807392120361328,55.28231481481483,0.44,6,2,86.20481481481481,2.218486785888672,24.961357,74.4342,0.1419,3.059030886049624
5KPE_6_2_0_combined_id18,11.044052124023438,13.115822792053223,60.38444444444445,0.48,6,2,86.20481481481481,2.218486785888672,24.961357,74.4342,0.1507,3.2374711213288485
5KPE_6_2_0_combined_id2,3.96942138671875,2.898808717727661,63.77194444444444,0.51,6,2,86.20481481481481,2.218486785888672,24.961357,74.4342,0.1398,2.8853943436234086
5KPE_6_2_0_combined_id20,9.784452438354492,10.163905143737793,66.54055555555554,0.52,6,2,86.20481481481481,2.218486785888672,24.961357,74.4342,0.1563,2.549821359139901
5KPE_6_2_0_combined_id21,10.679841995239258,10.977777481079102,64.33203703703704,0.52,6,2,86.20481481481481,2.218486785888672,24.961357,74.4342,0.1682,2.8921051025390625
5KPE_6_2_0_combined_id22,15.935214042663574,14.095002174377441,79.02768518518518,0.59,6,2,86.20481481481481,2.218486785888672,24.961357,74.4342,0.1528,2.872865464952257
5KPE_6_2_0_combined_id23,10.704776763916016,10.410272598266602,76.37824074074075,0.6,6,2,86.20481481481481,2.218486785888672,24.961357,74.4342,0.145,2.70121341281467
5KPE_6_2_0_combined_id24,6.724510192871094,8.031499862670898,67.90907407407407,0.58,6,2,86.20481481481481,2.218486785888672,24.961357,74.4342,0.1516,2.9553714328342013
5KPE_6_2_0_combined_id3,10.769074440002441,10.371262550354004,86.14083333333332,0.65,6,2,86.20481481481481,2.218486785888672,24.961357,74.4342,0.1705,2.410139013219762
5KPE_6_2_0_combined_id4,4.819217681884766,4.633650302886963,66.78564814814814,0.55,6,2,86.20481481481481,2.218486785888672,24.961357,74.4342,0.1502,2.8376363118489585
5KPE_6_2_0_combined_id5,7.71381139755249,6.055668830871582,61.75416666666667,0.45,6,2,86.20481481481481,2.218486785888672,24.961357,74.4342,0.151,3.0444107055664062
5KPE_6_2_0_combined_id6,10.435399055480957,11.525397300720215,67.07638888888889,0.53,6,2,86.20481481481481,2.218486785888672,24.961357,74.4342,0.1457,2.8894904807761863
5KPE_6_2_0_combined_id7,9.708442687988281,9.90661907196045,64.5512037037037,0.49,6,2,86.20481481481481,2.218486785888672,24.961357,74.4342,0.146,2.6162033081054688
5KPE_6_2_0_combined_id8,7.646780490875244,8.622809410095215,67.55120370370369,0.51,6,2,86.20481481481481,2.218486785888672,24.961357,74.4342,0.1528,2.9877166748046875
5KPE_6_2_0_combined_id9,9.505023002624512,11.237936019897461,65.50259259259259,0.51,6,2,86.20481481481481,2.218486785888672,24.961357,74.4342,0.1614,2.633616977267795
5KPE_6_4_6_combined_id1,9.694002151489258,10.537936210632324,60.39981481481481,0.48,6,4,83.40157407407408,2.225978136062622,24.844563,75.6661,0.1313,3.16148602520978
5KPE_6_4_6_combined_id10,2.4894936084747314,4.448497772216797,79.23657407407407,0.66,6,4,83.40157407407408,2.225978136062622,24.844563,75.6661,0.1431,2.662742897316261
5KPE_6_4_6_combined_id11,7.81377649307251,8.930953025817871,74.93972222222222,0.64,6,4,83.40157407407408,2.225978136062622,24.844563,75.6661,0.1349,3.0420080114293984
5KPE_6_4_6_combined_id12,10.974876403808594,13.364263534545898,70.97824074074073,0.5,6,4,83.40157407407408,2.225978136062622,24.844563,75.6661,0.1452,3.029500890661169
5KPE_6_4_6_combined_id13,7.192582130432129,8.996269226074219,61.9511111111111,0.49,6,4,83.40157407407408,2.225978136062622,24.844563,75.6661,0.1347,3.6130382396556713
5KPE_6_4_6_combined_id14,10.192109107971191,11.339839935302734,69.57537037037036,0.63,6,4,83.40157407407408,2.225978136062622,24.844563,75.6661,0.1327,3.204775209780093
5KPE_6_4_6_combined_id15,10.176241874694824,12.298005104064941,75.08379629629628,0.53,6,4,83.40157407407408,2.225978136062622,24.844563,75.6661,0.1517,2.63410723650897
5KPE_6_4_6_combined_id16,10.13249683380127,10.160862922668457,70.66518518518518,0.54,6,4,83.40157407407408,2.225978136062622,24.844563,75.6661,0.1628,2.8229955037434897
5KPE_6_4_6_combined_id17,10.756526947021484,12.85981273651123,73.70824074074073,0.57,6,4,83.40157407407408,2.225978136062622,24.844563,75.6661,0.1441,3.2462502938729747
5KPE_6_4_6_combined_id18,3.4457900524139404,5.874571323394775,74.33592592592593,0.54,6,4,83.40157407407408,2.225978136062622,24.844563,75.6661,0.1356,2.6244049072265625
5KPE_6_4_6_combined_id19,6.21579647064209,5.077564239501953,69.87157407407408,0.57,6,4,83.40157407407408,2.225978136062622,24.844563,75.6661,0.14,2.977772182888455
5KPE_6_4_6_combined_id2,9.478553771972656,11.425670623779297,65.58203703703704,0.49,6,4,83.40157407407408,2.225978136062622,24.844563,75.6661,0.148,2.236904850712529
5KPE_6_4_6_combined_id20,1.6941992044448853,5.189897537231445,65.40185185185186,0.55,6,4,83.40157407407408,2.225978136062622,24.844563,75.6661,0.1326,3.213631523980035
5KPE_6_4_6_combined_id21,3.8240277767181396,5.091705322265625,70.3075925925926,0.55,6,4,83.40157407407408,2.225978136062622,24.844563,75.6661,0.1315,3.3522666648582176
5KPE_6_4_6_combined_id22,9.413984298706055,8.434059143066406,70.10046296296296,0.57,6,4,83.40157407407408,2.225978136062622,24.844563,75.6661,0.141,3.016369854962384
5KPE_6_4_6_combined_id23,11.234963417053223,10.709609985351562,79.37287037037036,0.53,6,4,83.40157407407408,2.225978136062622,24.844563,75.6661,0.1464,2.32148121021412
5KPE_6_4_6_combined_id24,4.961674690246582,5.701096057891846,70.17972222222222,0.62,6,4,83.40157407407408,2.225978136062622,24.844563,75.6661,0.1448,2.6524245650679976
5KPE_6_4_6_combined_id3,1.8590397834777832,4.143274784088135,80.62314814814816,0.67,6,4,83.40157407407408,2.225978136062622,24.844563,75.6661,0.1388,3.311951248734086
5KPE_6_4_6_combined_id4,4.112444877624512,4.0103044509887695,58.57564814814813,0.5,6,4,83.40157407407408,2.225978136062622,24.844563,75.6661,0.1327,3.09891849093967
5KPE_6_4_6_combined_id5,10.3425931930542,10.167011260986328,78.43768518518519,0.66,6,4,83.40157407407408,2.225978136062622,24.844563,75.6661,0.1546,2.747976515028212
5KPE_6_4_6_combined_id6,10.38263988494873,9.485852241516113,69.57333333333334,0.52,6,4,83.40157407407408,2.225978136062622,24.844563,75.6661,0.1332,2.748266714590568
5KPE_6_4_6_combined_id7,10.182059288024902,10.135951042175293,72.79037037037037,0.51,6,4,83.40157407407408,2.225978136062622,24.844563,75.6661,0.1645,2.9778165464048034
5KPE_6_4_6_combined_id8,11.4244384765625,11.36953067779541,78.85305555555554,0.6,6,4,83.40157407407408,2.225978136062622,24.844563,75.6661,0.1441,2.3643215320728443
5KPE_6_4_6_combined_id9,9.593623161315918,10.342098236083984,70.2875,0.57,6,4,83.40157407407408,2.225978136062622,24.844563,75.6661,0.1516,3.001558091905382
5KPE_6_4_7_combined_id1,2.857952833175659,5.181235313415527,71.92194444444446,0.57,6,4,77.65972222222223,2.7653727531433105,24.553955,75.79543,0.1717,2.2411665739836515
5KPE_6_4_7_combined_id10,2.4961307048797607,5.5365729331970215,85.3025,0.72,6,4,77.65972222222223,2.7653727531433105,24.553955,75.79543,0.1516,3.126450715241609
5KPE_6_4_7_combined_id11,5.277594089508057,5.469396114349365,67.45037037037036,0.57,6,4,77.65972222222223,2.7653727531433105,24.553955,75.79543,0.1355,3.329798663104022
5KPE_6_4_7_combined_id12,1.1545459032058716,5.590192794799805,82.23287037037038,0.71,6,4,77.65972222222223,2.7653727531433105,24.553955,75.79543,0.1568,3.080616138599537
5KPE_6_4_7_combined_id13,10.074419021606445,10.3560152053833,65.2226851851852,0.51,6,4,77.65972222222223,2.7653727531433105,24.553955,75.79543,0.144,2.945726182725694
5KPE_6_4_7_combined_id14,9.641070365905762,9.47114086151123,67.15879629629629,0.46,6,4,77.65972222222223,2.7653727531433105,24.553955,75.79543,0.1464,3.063494081850405
5KPE_6_4_7_combined_id15,2.2021639347076416,5.152799129486084,81.61092592592591,0.72,6,4,77.65972222222223,2.7653727531433105,24.553955,75.79543,0.1541,3.35298976191768
5KPE_6_4_7_combined_id16,6.632351398468018,6.902919769287109,76.52601851851851,0.63,6,4,77.65972222222223,2.7653727531433105,24.553955,75.79543,0.1627,2.3779525756835938
5KPE_6_4_7_combined_id17,3.158778429031372,3.7713747024536133,71.5101851851852,0.57,6,4,77.65972222222223,2.7653727531433105,24.553955,75.79543,0.1499,3.02174801296658
5KPE_6_4_7_combined_id18,8.354371070861816,6.464502334594727,72.77305555555554,0.55,6,4,77.65972222222223,2.7653727531433105,24.553955,75.79543,0.1469,3.014370671025029
5KPE_6_4_7_combined_id19,9.26402473449707,11.847460746765137,72.7901851851852,0.62,6,4,77.65972222222223,2.7653727531433105,24.553955,75.79543,0.1627,2.8990551983868635
5KPE_6_4_7_combined_id2,2.407022714614868,4.7816996574401855,69.47611111111111,0.6,6,4,77.65972222222223,2.7653727531433105,24.553955,75.79543,0.161,2.795553136754919
5KPE_6_4_7_combined_id20,9.660870552062988,9.48531723022461,64.2462037037037,0.54,6,4,77.65972222222223,2.7653727531433105,24.553955,75.79543,0.15,2.85571938973886
5KPE_6_4_7_combined_id21,2.7116849422454834,3.8059494495391846,74.42333333333333,0.6,6,4,77.65972222222223,2.7653727531433105,24.553955,75.79543,0.1605,2.4076498526114003
5KPE_6_4_7_combined_id22,4.695969104766846,4.300434589385986,75.79555555555554,0.64,6,4,77.65972222222223,2.7653727531433105,24.553955,75.79543,0.1675,2.942266676161024
5KPE_6_4_7_combined_id23,9.658058166503906,11.42359733581543,67.0274074074074,0.5,6,4,77.65972222222223,2.7653727531433105,24.553955,75.79543,0.14,3.0132711905020253
5KPE_6_4_7_combined_id24,9.364838600158691,10.139840126037598,63.35435185185185,0.49,6,4,77.65972222222223,2.7653727531433105,24.553955,75.79543,0.1425,3.235097814489294
5KPE_6_4_7_combined_id3,9.24426555633545,10.280653953552246,68.81361111111111,0.53,6,4,77.65972222222223,2.7653727531433105,24.553955,75.79543,0.1534,2.8922048498083046
5KPE_6_4_7_combined_id4,3.3185791969299316,5.3871307373046875,84.41592592592593,0.68,6,4,77.65972222222223,2.7653727531433105,24.553955,75.79543,0.1432,3.462994045681424
5KPE_6_4_7_combined_id5,3.76224422454834,4.242161750793457,75.68546296296296,0.63,6,4,77.65972222222223,2.7653727531433105,24.553955,75.79543,0.173,2.994730066370081
5KPE_6_4_7_combined_id6,10.248224258422852,11.734596252441406,60.84222222222223,0.44,6,4,77.65972222222223,2.7653727531433105,24.553955,75.79543,0.1518,3.39484942400897
5KPE_6_4_7_combined_id7,8.453437805175781,10.931686401367188,72.91824074074073,0.58,6,4,77.65972222222223,2.7653727531433105,24.553955,75.79543,0.1528,2.5609794899269387
5KPE_6_4_7_combined_id8,1.2294355630874634,5.588308334350586,77.81166666666665,0.63,6,4,77.65972222222223,2.7653727531433105,24.553955,75.79543,0.1435,3.246750443070024
5KPE_6_4_7_combined_id9,10.36994743347168,12.956653594970703,75.53611111111111,0.58,6,4,77.65972222222223,2.7653727531433105,24.553955,75.79543,0.1431,3.3629772044994213
5KPE_6_6_2_combined_id10,5.298829555511475,4.390781879425049,68.20722222222223,0.55,6,6,84.31805555555555,1.8998271226882932,24.218372,74.23906,0.1495,2.623727869104456
5KPE_6_6_2_combined_id11,9.39910888671875,9.759140968322754,72.18092592592593,0.59,6,6,84.31805555555555,1.8998271226882932,24.218372,74.23906,0.1454,3.6128783049406814
5KPE_6_6_2_combined_id12,10.196195602416992,10.206863403320312,82.88407407407406,0.71,6,6,84.31805555555555,1.8998271226882932,24.218372,74.23906,0.1479,3.0221664993851274
5KPE_6_6_2_combined_id13,6.423618316650391,5.479616165161133,66.06240740740742,0.56,6,6,84.31805555555555,1.8998271226882932,24.218372,74.23906,0.1539,2.6296284993489585
5KPE_6_6_2_combined_id15,14.5512113571167,14.309980392456055,63.52287037037036,0.51,6,6,84.31805555555555,1.8998271226882932,24.218372,74.23906,0.1476,2.537645128038194
5KPE_6_6_2_combined_id16,5.267843246459961,5.775862693786621,58.26333333333333,0.48,6,6,84.31805555555555,1.8998271226882932,24.218372,74.23906,0.1404,2.929385715060764
5KPE_6_6_2_combined_id17,3.542509078979492,4.287355899810791,72.66564814814814,0.56,6,6,84.31805555555555,1.8998271226882932,24.218372,74.23906,0.1472,3.0497334798177085
5KPE_6_6_2_combined_id18,5.727907657623291,4.3878350257873535,67.45675925925927,0.57,6,6,84.31805555555555,1.8998271226882932,24.218372,74.23906,0.1528,2.2984496222602
5KPE_6_6_2_combined_id19,3.900710344314575,4.405208587646484,72.21638888888889,0.55,6,6,84.31805555555555,1.8998271226882932,24.218372,74.23906,0.1431,3.188629715530961
5KPE_6_6_2_combined_id2,11.022464752197266,11.349592208862305,74.7924074074074,0.61,6,6,84.31805555555555,1.8998271226882932,24.218372,74.23906,0.1563,2.4720826325593173
5KPE_6_6_2_combined_id20,8.970532417297363,7.5118818283081055,67.54212962962963,0.55,6,6,84.31805555555555,1.8998271226882932,24.218372,74.23906,0.1597,2.5872474952980324
5KPE_6_6_2_combined_id21,3.5960073471069336,3.817803144454956,75.47444444444444,0.6,6,6,84.31805555555555,1.8998271226882932,24.218372,74.23906,0.1414,3.100139476634838
5KPE_6_6_2_combined_id22,4.320394515991211,4.164515495300293,74.20361111111109,0.55,6,6,84.31805555555555,1.8998271226882932,24.218372,74.23906,0.1622,2.694086145471644
5KPE_6_6_2_combined_id23,9.90008544921875,10.263899803161621,73.03046296296296,0.61,6,6,84.31805555555555,1.8998271226882932,24.218372,74.23906,0.166,2.7603494149667247
5KPE_6_6_2_combined_id24,6.450043201446533,4.452777862548828,67.20231481481481,0.52,6,6,84.31805555555555,1.8998271226882932,24.218372,74.23906,0.1471,3.240958884910301
5KPE_6_6_2_combined_id3,10.30651569366455,12.524121284484863,71.60712962962964,0.6,6,6,84.31805555555555,1.8998271226882932,24.218372,74.23906,0.1526,2.7950371636284723
5KPE_6_6_2_combined_id4,2.8394362926483154,4.355825424194336,84.2851851851852,0.7,6,6,84.31805555555555,1.8998271226882932,24.218372,74.23906,0.1581,3.106382581922743
5KPE_6_6_2_combined_id5,11.457525253295898,14.104928016662598,71.49824074074074,0.59,6,6,84.31805555555555,1.8998271226882932,24.218372,74.23906,0.1408,2.9986852010091147
5KPE_6_6_2_combined_id6,4.47475004196167,3.8648781776428223,67.82851851851852,0.54,6,6,84.31805555555555,1.8998271226882932,24.218372,74.23906,0.1455,2.860422205041956
5KPE_6_6_2_combined_id7,2.9408092498779297,4.054775238037109,68.61444444444444,0.55,6,6,84.31805555555555,1.8998271226882932,24.218372,74.23906,0.1434,2.8162378381799766
5KPE_6_6_2_combined_id8,6.749544620513916,4.414360046386719,74.85518518518518,0.62,6,6,84.31805555555555,1.8998271226882932,24.218372,74.23906,0.1473,2.6990927237051503
5KPE_6_6_2_combined_id9,4.712798118591309,3.6136295795440674,64.75814814814815,0.47,6,6,84.31805555555555,1.8998271226882932,24.218372,74.23906,0.1533,2.573707863136574
5KPE_6_6_8_combined_id1,8.29479694366455,9.479891777038574,65.72888888888889,0.56,6,6,74.22138888888888,2.9668080806732178,25.380083,75.60933,0.1546,2.540000915527344
5KPE_6_6_8_combined_id10,6.655685901641846,4.957322120666504,67.2075,0.51,6,6,74.22138888888888,2.9668080806732178,25.380083,75.60933,0.153,2.3340202614113137
5KPE_6_6_8_combined_id11,9.417054176330566,8.908780097961426,75.1362962962963,0.58,6,6,74.22138888888888,2.9668080806732178,25.380083,75.60933,0.1569,2.498645358615452
5KPE_6_6_8_combined_id12,9.895148277282715,10.59528923034668,75.85185185185185,0.62,6,6,74.22138888888888,2.9668080806732178,25.380083,75.60933,0.1778,2.9277739348234952
5KPE_6_6_8_combined_id13,3.2913951873779297,3.175671100616455,71.50796296296296,0.58,6,6,74.22138888888888,2.9668080806732178,25.380083,75.60933,0.1668,2.424151385271991
5KPE_6_6_8_combined_id14,1.8306787014007568,4.7622222900390625,80.20953703703705,0.65,6,6,74.22138888888888,2.9668080806732178,25.380083,75.60933,0.1503,2.3271522521972656
5KPE_6_6_8_combined_id15,9.654606819152832,9.881048202514648,68.27685185185186,0.5,6,6,74.22138888888888,2.9668080806732178,25.380083,75.60933,0.1746,2.299378854257089
5KPE_6_6_8_combined_id16,1.8573555946350098,4.080836772918701,79.66444444444444,0.7,6,6,74.22138888888888,2.9668080806732178,25.380083,75.60933,0.1594,2.7822494506835938
5KPE_6_6_8_combined_id17,13.051639556884766,15.336973190307617,69.14740740740741,0.51,6,6,74.22138888888888,2.9668080806732178,25.380083,75.60933,0.1518,2.359749688042535
5KPE_6_6_8_combined_id18,3.842787742614746,3.5875260829925537,69.03888888888889,0.58,6,6,74.22138888888888,2.9668080806732178,25.380083,75.60933,0.1615,2.329398543746383
5KPE_6_6_8_combined_id19,4.684752941131592,3.644780158996582,69.96777777777778,0.52,6,6,74.22138888888888,2.9668080806732178,25.380083,75.60933,0.1403,2.798758895308883
5KPE_6_6_8_combined_id2,4.533348083496094,5.057018756866455,61.37833333333334,0.52,6,6,74.22138888888888,2.9668080806732178,25.380083,75.60933,0.1645,2.17636560510706
5KPE_6_6_8_combined_id20,2.8080239295959473,4.4596405029296875,73.84796296296295,0.61,6,6,74.22138888888888,2.9668080806732178,25.380083,75.60933,0.1633,2.815180460611979
5KPE_6_6_8_combined_id21,10.659737586975098,9.628216743469238,76.00898148148147,0.55,6,6,74.22138888888888,2.9668080806732178,25.380083,75.60933,0.188,1.850136368362992
5KPE_6_6_8_combined_id22,9.078134536743164,10.197076797485352,65.25425925925926,0.55,6,6,74.22138888888888,2.9668080806732178,25.380083,75.60933,0.162,2.801762616192853
5KPE_6_6_8_combined_id23,10.395771980285645,10.65810775756836,73.75518518518518,0.56,6,6,74.22138888888888,2.9668080806732178,25.380083,75.60933,0.176,2.615256980613426
5KPE_6_6_8_combined_id24,1.2893062829971313,3.9004080295562744,83.2510185185185,0.67,6,6,74.22138888888888,2.9668080806732178,25.380083,75.60933,0.1515,2.963257683648004
5KPE_6_6_8_combined_id3,9.381551742553711,10.0175199508667,70.96527777777779,0.58,6,6,74.22138888888888,2.9668080806732178,25.380083,75.60933,0.161,2.715731020326968
5KPE_6_6_8_combined_id4,11.210105895996094,12.714534759521484,61.70574074074074,0.47,6,6,74.22138888888888,2.9668080806732178,25.380083,75.60933,0.1575,2.6642817744502314
5KPE_6_6_8_combined_id5,3.6570394039154053,3.422304391860962,76.12722222222222,0.61,6,6,74.22138888888888,2.9668080806732178,25.380083,75.60933,0.1688,2.743451718930845
5KPE_6_6_8_combined_id6,3.5070061683654785,3.75339937210083,74.36601851851853,0.65,6,6,74.22138888888888,2.9668080806732178,25.380083,75.60933,0.1561,2.335001345033999
5KPE_6_6_8_combined_id7,2.0237460136413574,4.271880149841309,73.24925925925926,0.59,6,6,74.22138888888888,2.9668080806732178,25.380083,75.60933,0.1778,2.613141095196759
5KPE_6_6_8_combined_id8,1.9088613986968994,4.529590606689453,71.16324074074075,0.57,6,6,74.22138888888888,2.9668080806732178,25.380083,75.60933,0.1604,2.798997101960359
5KPE_6_6_8_combined_id9,3.8376760482788086,3.3080451488494873,64.39416666666668,0.54,6,6,74.22138888888888,2.9668080806732178,25.380083,75.60933,0.1538,2.538132279007524
5KPE_6_8_5_combined_id1,10.2638578414917,9.971013069152832,60.32824074074075,0.49,6,8,82.24046296296295,1.7433351278305054,26.335575,79.894455,0.1251,3.2767678719979747
5KPE_6_8_5_combined_id10,10.412256240844727,12.596617698669434,74.81777777777776,0.6,6,8,82.24046296296295,1.7433351278305054,26.335575,79.894455,0.1459,3.5991168551974826
5KPE_6_8_5_combined_id11,8.187187194824219,5.292746543884277,65.6913888888889,0.53,6,8,82.24046296296295,1.7433351278305054,26.335575,79.894455,0.1601,2.476615058051215
5KPE_6_8_5_combined_id12,3.7370917797088623,3.830622911453247,65.49981481481481,0.56,6,8,82.24046296296295,1.7433351278305054,26.335575,79.894455,0.1406,2.899006031177662
5KPE_6_8_5_combined_id13,8.995941162109375,9.575900077819824,63.59388888888889,0.53,6,8,82.24046296296295,1.7433351278305054,26.335575,79.894455,0.1352,2.874070344147859
5KPE_6_8_5_combined_id14,9.685151100158691,10.483296394348145,75.5037962962963,0.6,6,8,82.24046296296295,1.7433351278305054,26.335575,79.894455,0.1603,3.28037996645327
5KPE_6_8_5_combined_id15,10.88610553741455,10.039363861083984,74.24731481481481,0.56,6,8,82.24046296296295,1.7433351278305054,26.335575,79.894455,0.1405,2.527078134042245
5KPE_6_8_5_combined_id16,10.488602638244629,12.554353713989258,62.93638888888889,0.55,6,8,82.24046296296295,1.7433351278305054,26.335575,79.894455,0.1328,2.882536711516204
5KPE_6_8_5_combined_id17,7.012684345245361,7.654634952545166,79.25888888888888,0.69,6,8,82.24046296296295,1.7433351278305054,26.335575,79.894455,0.1473,3.1383014255099826
5KPE_6_8_5_combined_id18,9.759496688842773,11.341069221496582,53.02703703703704,0.4,6,8,82.24046296296295,1.7433351278305054,26.335575,79.894455,0.1647,2.619539896647136
5KPE_6_8_5_combined_id19,3.4477624893188477,3.7324562072753906,70.7587037037037,0.57,6,8,82.24046296296295,1.7433351278305054,26.335575,79.894455,0.1441,2.5885676631221064
5KPE_6_8_5_combined_id2,10.035876274108887,9.722396850585938,66.25120370370371,0.5,6,8,82.24046296296295,1.7433351278305054,26.335575,79.894455,0.1488,3.36696539984809
5KPE_6_8_5_combined_id20,6.797403335571289,8.706337928771973,66.38796296296296,0.57,6,8,82.24046296296295,1.7433351278305054,26.335575,79.894455,0.1404,3.502786989565249
5KPE_6_8_5_combined_id21,10.574061393737793,12.834165573120117,72.70648148148148,0.58,6,8,82.24046296296295,1.7433351278305054,26.335575,79.894455,0.141,2.716872038664641
5KPE_6_8_5_combined_id22,9.871270179748535,11.812649726867676,75.12638888888888,0.62,6,8,82.24046296296295,1.7433351278305054,26.335575,79.894455,0.1497,2.62360918963397
5KPE_6_8_5_combined_id23,9.59225082397461,9.626364707946777,72.69055555555555,0.59,6,8,82.24046296296295,1.7433351278305054,26.335575,79.894455,0.1504,2.9211064091435186
5KPE_6_8_5_combined_id24,4.419450759887695,4.232761859893799,73.42092592592593,0.6,6,8,82.24046296296295,1.7433351278305054,26.335575,79.894455,0.1556,2.327114670364945
5KPE_6_8_5_combined_id3,7.946683406829834,6.688793659210205,57.89648148148148,0.43,6,8,82.24046296296295,1.7433351278305054,26.335575,79.894455,0.1353,2.999407167787905
5KPE_6_8_5_combined_id4,3.973987102508545,4.3721513748168945,64.33361111111111,0.54,6,8,82.24046296296295,1.7433351278305054,26.335575,79.894455,0.1574,2.915278399432147
5KPE_6_8_5_combined_id5,5.055795669555664,5.042045593261719,73.13703703703703,0.57,6,8,82.24046296296295,1.7433351278305054,26.335575,79.894455,0.1494,2.4997680098922164
5KPE_6_8_5_combined_id6,8.857880592346191,8.077465057373047,63.23212962962962,0.53,6,8,82.24046296296295,1.7433351278305054,26.335575,79.894455,0.137,2.9217905115198204
5KPE_6_8_5_combined_id7,10.686058044433594,9.618441581726074,75.92638888888888,0.62,6,8,82.24046296296295,1.7433351278305054,26.335575,79.894455,0.1571,2.808221887659144
5KPE_6_8_5_combined_id8,10.015369415283203,10.782264709472656,77.8673148148148,0.59,6,8,82.24046296296295,1.7433351278305054,26.335575,79.894455,0.1738,3.023379855685764
5KPE_6_8_5_combined_id9,2.7594757080078125,4.320550441741943,56.84675925925926,0.44,6,8,82.24046296296295,1.7433351278305054,26.335575,79.894455,0.1338,3.245017440230758
5KPE_8_2_7_combined_id1,11.490178108215332,12.842601776123047,80.10333333333335,0.52,8,2,75.67037037037038,3.1035704612731934,23.910002,75.75694,0.1743,2.4089592827690973
5KPE_8_2_7_combined_id10,9.841239929199219,10.181303977966309,80.33157407407407,0.64,8,2,75.67037037037038,3.1035704612731934,23.910002,75.75694,0.1656,2.653568974247685
5KPE_8_2_7_combined_id11,8.235294342041016,7.72051477432251,58.592314814814806,0.49,8,2,75.67037037037038,3.1035704612731934,23.910002,75.75694,0.1626,2.566578052662037
5KPE_8_2_7_combined_id12,8.314163208007812,13.184208869934082,66.64351851851852,0.54,8,2,75.67037037037038,3.1035704612731934,23.910002,75.75694,0.1561,2.942267523871528
5KPE_8_2_7_combined_id13,9.252813339233398,11.555647850036621,74.43481481481483,0.59,8,2,75.67037037037038,3.1035704612731934,23.910002,75.75694,0.1506,3.0927920871310763
5KPE_8_2_7_combined_id14,9.670845031738281,12.945520401000977,73.59833333333333,0.64,8,2,75.67037037037038,3.1035704612731934,23.910002,75.75694,0.1473,3.0266022858796298
5KPE_8_2_7_combined_id15,10.628546714782715,14.204421043395996,75.60768518518519,0.62,8,2,75.67037037037038,3.1035704612731934,23.910002,75.75694,0.1744,2.607106809262876
5KPE_8_2_7_combined_id16,4.271970748901367,4.606355667114258,67.03157407407407,0.52,8,2,75.67037037037038,3.1035704612731934,23.910002,75.75694,0.1681,2.943511962890625
5KPE_8_2_7_combined_id17,7.880166530609131,10.540770530700684,53.58592592592592,0.43,8,2,75.67037037037038,3.1035704612731934,23.910002,75.75694,0.1459,2.8796347158926503
5KPE_8_2_7_combined_id18,2.3503923416137695,6.20111608505249,66.78018518518518,0.5,8,2,75.67037037037038,3.1035704612731934,23.910002,75.75694,0.1396,3.0815282751012734
5KPE_8_2_7_combined_id19,8.118075370788574,9.324544906616211,69.77574074074074,0.56,8,2,75.67037037037038,3.1035704612731934,23.910002,75.75694,0.1451,3.006821808991609
5KPE_8_2_7_combined_id2,5.396663188934326,5.493036270141602,71.12648148148149,0.6,8,2,75.67037037037038,3.1035704612731934,23.910002,75.75694,0.1408,3.1708006682219327
5KPE_8_2_7_combined_id20,9.86405086517334,10.194403648376465,56.35370370370371,0.45,8,2,75.67037037037038,3.1035704612731934,23.910002,75.75694,0.1497,2.635085777000145
5KPE_8_2_7_combined_id21,10.705178260803223,10.26188850402832,72.41824074074074,0.51,8,2,75.67037037037038,3.1035704612731934,23.910002,75.75694,0.1441,2.437390362774884
5KPE_8_2_7_combined_id22,10.86319637298584,14.248973846435547,75.56074074074075,0.6,8,2,75.67037037037038,3.1035704612731934,23.910002,75.75694,0.1473,3.104195488823785
5KPE_8_2_7_combined_id23,10.35366153717041,14.055163383483887,76.31212962962962,0.67,8,2,75.67037037037038,3.1035704612731934,23.910002,75.75694,0.1334,3.4837717126916954
5KPE_8_2_7_combined_id24,2.192694902420044,6.5767436027526855,65.40231481481482,0.53,8,2,75.67037037037038,3.1035704612731934,23.910002,75.75694,0.1347,3.019102591055411
5KPE_8_2_7_combined_id3,3.3844332695007324,5.3831305503845215,72.67277777777778,0.54,8,2,75.67037037037038,3.1035704612731934,23.910002,75.75694,0.1555,2.604865180121528
5KPE_8_2_7_combined_id4,6.889358043670654,5.6961517333984375,61.03194444444445,0.5,8,2,75.67037037037038,3.1035704612731934,23.910002,75.75694,0.1403,2.5631925794813366
5KPE_8_2_7_combined_id5,8.475260734558105,8.055824279785156,67.19574074074075,0.58,8,2,75.67037037037038,3.1035704612731934,23.910002,75.75694,0.1537,2.4148347642686634
5KPE_8_2_7_combined_id7,9.537651062011719,11.267401695251465,74.34472222222222,0.61,8,2,75.67037037037038,3.1035704612731934,23.910002,75.75694,0.16,2.8907303986725985
5KPE_8_2_7_combined_id8,9.915465354919434,11.23249340057373,80.85416666666667,0.71,8,2,75.67037037037038,3.1035704612731934,23.910002,75.75694,0.1512,2.613398799189815
5KPE_8_2_7_combined_id9,8.900385856628418,11.466113090515137,67.38240740740741,0.54,8,2,75.67037037037038,3.1035704612731934,23.910002,75.75694,0.1643,3.23983312536169
5KPH_2_2_0_combined_id1,0.740541398525238,1.4558303356170654,94.57541666666668,0.8,2,2,94.59541666666664,0.8066512942314148,27.212889,64.483696,0.2183,2.48490948147244
5KPH_2_2_0_combined_id10,0.594001829624176,1.875906229019165,92.40027777777776,0.77,2,2,94.59541666666664,0.8066512942314148,27.212889,64.483696,0.1989,2.510374281141493
5KPH_2_2_0_combined_id11,0.6281276941299438,1.9671779870986938,92.87777777777778,0.78,2,2,94.59541666666664,0.8066512942314148,27.212889,64.483696,0.2191,2.390558454725477
5KPH_2_2_0_combined_id12,0.6603577733039856,2.118783712387085,94.75888888888888,0.82,2,2,94.59541666666664,0.8066512942314148,27.212889,64.483696,0.2007,2.242667304144965
5KPH_2_2_0_combined_id13,1.14402174949646,0.9501261115074158,90.41180555555556,0.74,2,2,94.59541666666664,0.8066512942314148,27.212889,64.483696,0.1955,2.1008883582221136
5KPH_2_2_0_combined_id15,0.49792274832725525,1.88910973072052,92.76555555555554,0.79,2,2,94.59541666666664,0.8066512942314148,27.212889,64.483696,0.2,2.561970392862956
5KPH_2_2_0_combined_id16,0.5596215724945068,1.861475944519043,89.71833333333333,0.74,2,2,94.59541666666664,0.8066512942314148,27.212889,64.483696,0.2562,2.2154568566216364
5KPH_2_2_0_combined_id17,0.6472956538200378,1.622252106666565,93.30958333333334,0.79,2,2,94.59541666666664,0.8066512942314148,27.212889,64.483696,0.2336,2.1770778232150607
5KPH_2_2_0_combined_id18,1.044641137123108,1.0972529649734497,92.93527777777778,0.79,2,2,94.59541666666664,0.8066512942314148,27.212889,64.483696,0.2027,1.981833775838216
5KPH_2_2_0_combined_id19,0.8432236313819885,1.3885658979415894,94.74902777777775,0.81,2,2,94.59541666666664,0.8066512942314148,27.212889,64.483696,0.2129,2.660309685601129
5KPH_2_2_0_combined_id20,0.8148967027664185,1.353071689605713,94.12805555555556,0.81,2,2,94.59541666666664,0.8066512942314148,27.212889,64.483696,0.2354,2.3496246337890625
5KPH_2_2_0_combined_id21,0.9452818036079407,1.2557227611541748,92.96611111111112,0.77,2,2,94.59541666666664,0.8066512942314148,27.212889,64.483696,0.239,2.7993551890055337
5KPH_2_2_0_combined_id23,0.5646011233329773,1.7517222166061401,92.20055555555555,0.77,2,2,94.59541666666664,0.8066512942314148,27.212889,64.483696,0.2205,2.604498121473524
5KPH_2_2_0_combined_id3,0.6680064797401428,1.7090214490890503,89.95902777777778,0.74,2,2,94.59541666666664,0.8066512942314148,27.212889,64.483696,0.2245,2.204639858669705
5KPH_2_2_0_combined_id4,0.6148974299430847,1.3817074298858643,91.70472222222222,0.76,2,2,94.59541666666664,0.8066512942314148,27.212889,64.483696,0.2099,2.3206155565049915
5KPH_2_2_0_combined_id5,0.6448239088058472,1.9766119718551636,91.72722222222222,0.77,2,2,94.59541666666664,0.8066512942314148,27.212889,64.483696,0.1967,2.446601867675781
5KPH_2_2_0_combined_id6,0.6873964667320251,1.507788062095642,95.60791666666668,0.82,2,2,94.59541666666664,0.8066512942314148,27.212889,64.483696,0.2259,2.13375006781684
5KPH_2_2_0_combined_id9,0.5782565474510193,1.9272640943527222,93.89861111111112,0.8,2,2,94.59541666666664,0.8066512942314148,27.212889,64.483696,0.2172,2.740274429321289
5KPH_2_2_1_combined_id1,1.4150391817092896,0.7973048090934753,94.18402777777776,0.79,2,2,95.49388888888888,0.5244590640068054,27.561415,64.601364,0.193,2.1898905436197915
5KPH_2_2_1_combined_id10,1.2898708581924438,1.9799290895462036,92.47430555555556,0.77,2,2,95.49388888888888,0.5244590640068054,27.561415,64.601364,0.221,2.233903249104818
5KPH_2_2_1_combined_id11,1.6624906063079834,0.7701023817062378,94.7309722222222,0.8,2,2,95.49388888888888,0.5244590640068054,27.561415,64.601364,0.2003,2.165360768636068
5KPH_2_2_1_combined_id12,0.8509973287582397,2.0380020141601562,94.4302777777778,0.81,2,2,95.49388888888888,0.5244590640068054,27.561415,64.601364,0.2438,2.0665601094563804
5KPH_2_2_1_combined_id13,0.5617574453353882,2.0372533798217773,93.85027777777776,0.8,2,2,95.49388888888888,0.5244590640068054,27.561415,64.601364,0.1918,2.3227100372314453
5KPH_2_2_1_combined_id14,0.5665950775146484,2.02105975151062,92.97569444444444,0.78,2,2,95.49388888888888,0.5244590640068054,27.561415,64.601364,0.1864,2.2401334974500866
5KPH_2_2_1_combined_id15,0.6123518943786621,1.7882896661758423,93.35041666666666,0.79,2,2,95.49388888888888,0.5244590640068054,27.561415,64.601364,0.203,2.306152767605252
5KPH_2_2_1_combined_id16,0.8962636590003967,2.4769465923309326,90.22736111111112,0.73,2,2,95.49388888888888,0.5244590640068054,27.561415,64.601364,0.1667,2.417249467637804
5KPH_2_2_1_combined_id17,1.4711763858795166,0.9136306643486023,93.34611111111111,0.77,2,2,95.49388888888888,0.5244590640068054,27.561415,64.601364,0.1872,2.526622772216797
5KPH_2_2_1_combined_id18,0.7937505841255188,2.1131467819213867,89.54430555555557,0.75,2,2,95.49388888888888,0.5244590640068054,27.561415,64.601364,0.1855,2.2138629489474826
5KPH_2_2_1_combined_id19,1.3383151292800903,0.9770965576171875,92.00805555555556,0.74,2,2,95.49388888888888,0.5244590640068054,27.561415,64.601364,0.1777,2.4068205091688366
5KPH_2_2_1_combined_id2,1.3728066682815552,0.9939122200012207,88.94138888888888,0.69,2,2,95.49388888888888,0.5244590640068054,27.561415,64.601364,0.1871,2.548892974853516
5KPH_2_2_1_combined_id20,1.2018096446990967,0.9339559078216553,92.01180555555555,0.75,2,2,95.49388888888888,0.5244590640068054,27.561415,64.601364,0.1932,2.4848433600531683
5KPH_2_2_1_combined_id21,1.3514600992202759,1.2740195989608765,86.16555555555556,0.68,2,2,95.49388888888888,0.5244590640068054,27.561415,64.601364,0.1654,2.540977478027344
5KPH_2_2_1_combined_id22,0.8274950385093689,0.8924039006233215,94.61277777777777,0.79,2,2,95.49388888888888,0.5244590640068054,27.561415,64.601364,0.1919,2.6446848975287542
5KPH_2_2_1_combined_id23,1.9804189205169678,1.0703991651535034,93.18083333333334,0.8,2,2,95.49388888888888,0.5244590640068054,27.561415,64.601364,0.1874,2.2400745815700955
5KPH_2_2_1_combined_id24,1.8878133296966553,0.9263432621955872,93.98027777777776,0.78,2,2,95.49388888888888,0.5244590640068054,27.561415,64.601364,0.1906,2.2818433973524304
5KPH_2_2_1_combined_id3,1.9863975048065186,0.721993088722229,93.53930555555556,0.78,2,2,95.49388888888888,0.5244590640068054,27.561415,64.601364,0.1831,2.4772076076931424
5KPH_2_2_1_combined_id4,0.6611539125442505,2.0457653999328613,88.83874999999999,0.74,2,2,95.49388888888888,0.5244590640068054,27.561415,64.601364,0.1922,2.2144557105170355
5KPH_2_2_1_combined_id5,2.059688091278076,1.003730058670044,92.9486111111111,0.75,2,2,95.49388888888888,0.5244590640068054,27.561415,64.601364,0.1862,2.5406099955240884
5KPH_2_2_1_combined_id6,2.0013601779937744,0.8480575680732727,93.32930555555556,0.77,2,2,95.49388888888888,0.5244590640068054,27.561415,64.601364,0.1822,2.392897711859809
5KPH_2_2_1_combined_id7,0.6204288005828857,2.0326802730560303,91.82277777777776,0.76,2,2,95.49388888888888,0.5244590640068054,27.561415,64.601364,0.1956,2.5893630981445312
5KPH_2_2_1_combined_id9,0.7399161458015442,2.1547999382019043,93.05805555555555,0.79,2,2,95.49388888888888,0.5244590640068054,27.561415,64.601364,0.1863,2.560244666205512
5KPH_2_2_2_combined_id1,0.5675270557403564,1.8020715713500977,93.24180555555556,0.79,2,2,90.29833333333336,0.7319926023483276,29.908415,65.63445,0.1727,2.6888451046413846
5KPH_2_2_2_combined_id10,1.2502504587173462,1.038271427154541,89.19027777777778,0.69,2,2,90.29833333333336,0.7319926023483276,29.908415,65.63445,0.1758,2.3289888170030384
5KPH_2_2_2_combined_id11,0.6190860867500305,1.7348413467407227,93.72166666666668,0.77,2,2,90.29833333333336,0.7319926023483276,29.908415,65.63445,0.1837,2.689470503065321
5KPH_2_2_2_combined_id12,1.0684962272644043,1.216159701347351,87.43194444444445,0.69,2,2,90.29833333333336,0.7319926023483276,29.908415,65.63445,0.197,2.25213368733724
5KPH_2_2_2_combined_id13,0.6178514361381531,1.9410426616668701,92.18013888888888,0.76,2,2,90.29833333333336,0.7319926023483276,29.908415,65.63445,0.1948,2.5576869116889105
5KPH_2_2_2_combined_id14,1.7783079147338867,1.461739182472229,81.17472222222221,0.6,2,2,90.29833333333336,0.7319926023483276,29.908415,65.63445,0.1694,2.098108927408854
5KPH_2_2_2_combined_id15,0.6505102515220642,2.028812885284424,94.98277777777778,0.81,2,2,90.29833333333336,0.7319926023483276,29.908415,65.63445,0.1831,2.9537391662597656
5KPH_2_2_2_combined_id16,0.9255951046943665,1.5625505447387695,86.9825,0.69,2,2,90.29833333333336,0.7319926023483276,29.908415,65.63445,0.1972,2.231531778971354
5KPH_2_2_2_combined_id17,0.6468718647956848,1.6665689945220947,91.03833333333334,0.74,2,2,90.29833333333336,0.7319926023483276,29.908415,65.63445,0.1842,2.555843777126736
5KPH_2_2_2_combined_id18,0.732719898223877,1.4609047174453735,91.25569444444444,0.76,2,2,90.29833333333336,0.7319926023483276,29.908415,65.63445,0.2004,2.3486497667100696
5KPH_2_2_2_combined_id19,1.3957124948501587,1.471901535987854,88.4211111111111,0.73,2,2,90.29833333333336,0.7319926023483276,29.908415,65.63445,0.1887,2.2460483974880643
5KPH_2_2_2_combined_id2,0.9285703301429749,1.6327766180038452,90.89305555555556,0.73,2,2,90.29833333333336,0.7319926023483276,29.908415,65.63445,0.2103,2.2678602006700306
5KPH_2_2_2_combined_id20,0.7704451680183411,1.579724669456482,93.50069444444443,0.79,2,2,90.29833333333336,0.7319926023483276,29.908415,65.63445,0.1941,2.467240227593316
5KPH_2_2_2_combined_id21,0.6961572766304016,1.71830415725708,93.11027777777775,0.79,2,2,90.29833333333336,0.7319926023483276,29.908415,65.63445,0.1753,2.459114498562283
5KPH_2_2_2_combined_id22,0.8155561685562134,1.602953553199768,87.78597222222223,0.7,2,2,90.29833333333336,0.7319926023483276,29.908415,65.63445,0.1821,2.3971837361653647
5KPH_2_2_2_combined_id23,0.8470591306686401,1.3940118551254272,86.78222222222222,0.64,2,2,90.29833333333336,0.7319926023483276,29.908415,65.63445,0.1796,2.278920703464084
5KPH_2_2_2_combined_id24,0.6913191676139832,1.7866685390472412,91.42277777777778,0.77,2,2,90.29833333333336,0.7319926023483276,29.908415,65.63445,0.1964,2.481495327419705
5KPH_2_2_2_combined_id3,0.9718945622444153,1.6630192995071411,90.19333333333331,0.72,2,2,90.29833333333336,0.7319926023483276,29.908415,65.63445,0.1683,2.533442179361979
5KPH_2_2_2_combined_id4,0.6275312900543213,1.5813281536102295,88.93694444444445,0.7,2,2,90.29833333333336,0.7319926023483276,29.908415,65.63445,0.1545,2.652697457207574
5KPH_2_2_2_combined_id5,0.6926074624061584,1.4295297861099243,93.10236111111112,0.77,2,2,90.29833333333336,0.7319926023483276,29.908415,65.63445,0.1954,2.4192621443006725
5KPH_2_2_2_combined_id6,0.7901139855384827,1.18723726272583,90.49875,0.75,2,2,90.29833333333336,0.7319926023483276,29.908415,65.63445,0.1719,2.270508236355252
5KPH_2_2_2_combined_id7,0.6756797432899475,1.1615207195281982,90.15777777777778,0.74,2,2,90.29833333333336,0.7319926023483276,29.908415,65.63445,0.2117,2.2725758022732205
5KPH_2_2_2_combined_id8,0.7893967032432556,1.2537460327148438,93.64083333333332,0.77,2,2,90.29833333333336,0.7319926023483276,29.908415,65.63445,0.2168,1.959013197157118
5KPH_2_2_2_combined_id9,0.532728374004364,1.9161123037338257,91.07027777777778,0.77,2,2,90.29833333333336,0.7319926023483276,29.908415,65.63445,0.1562,2.858129289415148
5KPH_2_2_3_combined_id1,0.9947853684425354,1.1181659698486328,89.65694444444445,0.7,2,2,95.39375,0.613007128238678,29.341858,65.7509,0.1848,2.593054029676649
5KPH_2_2_3_combined_id10,0.8493199944496155,1.4510748386383057,90.85888888888888,0.74,2,2,95.39375,0.613007128238678,29.341858,65.7509,0.205,2.2838626437717013
5KPH_2_2_3_combined_id11,0.6084781289100647,1.3601245880126953,90.07930555555556,0.72,2,2,95.39375,0.613007128238678,29.341858,65.7509,0.1918,2.118772930569119
5KPH_2_2_3_combined_id12,0.637557327747345,1.7071809768676758,89.9401388888889,0.71,2,2,95.39375,0.613007128238678,29.341858,65.7509,0.2062,2.2994081709120007
5KPH_2_2_3_combined_id13,0.6348356604576111,1.4551821947097778,95.17986111111112,0.81,2,2,95.39375,0.613007128238678,29.341858,65.7509,0.2351,2.163016213311089
5KPH_2_2_3_combined_id14,0.6062045097351074,1.6126660108566284,93.81791666666668,0.79,2,2,95.39375,0.613007128238678,29.341858,65.7509,0.1995,2.338492711385092
5KPH_2_2_3_combined_id15,1.3738906383514404,0.9221741557121277,89.65569444444445,0.71,2,2,95.39375,0.613007128238678,29.341858,65.7509,0.1901,2.163613425360785
5KPH_2_2_3_combined_id16,0.6141067147254944,1.031364917755127,92.16680555555556,0.77,2,2,95.39375,0.613007128238678,29.341858,65.7509,0.2041,2.391184912787544
5KPH_2_2_3_combined_id17,0.5767995715141296,1.7895863056182861,93.80194444444444,0.78,2,2,95.39375,0.613007128238678,29.341858,65.7509,0.1788,2.839192920260959
5KPH_2_2_3_combined_id18,0.9706602692604065,0.6661243438720703,90.27208333333334,0.74,2,2,95.39375,0.613007128238678,29.341858,65.7509,0.1962,2.1983695560031467
5KPH_2_2_3_combined_id19,0.5652495622634888,2.216503143310547,95.8176388888889,0.83,2,2,95.39375,0.613007128238678,29.341858,65.7509,0.1952,2.774011400010851
5KPH_2_2_3_combined_id2,1.36274254322052,0.9857965111732483,93.57708333333336,0.78,2,2,95.39375,0.613007128238678,29.341858,65.7509,0.2153,2.22647476196289
5KPH_2_2_3_combined_id20,0.6236261129379272,1.4775713682174683,95.62263888888889,0.82,2,2,95.39375,0.613007128238678,29.341858,65.7509,0.2276,2.251559787326389
5KPH_2_2_3_combined_id21,0.6074042320251465,1.7325471639633179,91.85513888888887,0.76,2,2,95.39375,0.613007128238678,29.341858,65.7509,0.186,2.4725396898057728
5KPH_2_2_3_combined_id22,0.5756422877311707,1.5936940908432007,93.02791666666668,0.79,2,2,95.39375,0.613007128238678,29.341858,65.7509,0.2293,2.1055802239312067
5KPH_2_2_3_combined_id24,0.6924723982810974,1.03988778591156,91.98333333333332,0.76,2,2,95.39375,0.613007128238678,29.341858,65.7509,0.1885,2.3053419325086804
5KPH_2_2_3_combined_id3,0.6610566973686218,1.5133877992630005,93.65097222222224,0.78,2,2,95.39375,0.613007128238678,29.341858,65.7509,0.2083,2.2804849412706165
5KPH_2_2_3_combined_id4,1.1563323736190796,0.925541877746582,94.4498611111111,0.79,2,2,95.39375,0.613007128238678,29.341858,65.7509,0.1945,2.505377027723524
5KPH_2_2_3_combined_id5,0.7519583106040955,0.8112215399742126,93.03208333333332,0.78,2,2,95.39375,0.613007128238678,29.341858,65.7509,0.2511,2.188731723361545
5KPH_2_2_3_combined_id6,0.734636664390564,1.3568007946014404,91.74541666666669,0.77,2,2,95.39375,0.613007128238678,29.341858,65.7509,0.2301,2.233656353420681
5KPH_2_2_3_combined_id7,1.2861309051513672,1.0305461883544922,95.37833333333332,0.81,2,2,95.39375,0.613007128238678,29.341858,65.7509,0.2065,2.006255043877496
5KPH_2_2_3_combined_id8,0.5864856243133545,1.1328747272491455,88.90597222222222,0.74,2,2,95.39375,0.613007128238678,29.341858,65.7509,0.1987,2.2106935713026257
5KPH_2_2_3_combined_id9,0.6949810981750488,2.0230553150177,93.2840277777778,0.77,2,2,95.39375,0.613007128238678,29.341858,65.7509,0.2095,2.1495450337727866
5KPH_2_2_4_combined_id1,0.9138067960739136,1.411253571510315,89.05111111111111,0.7,2,2,93.60791666666668,0.791495680809021,27.743456,66.47516,0.1797,2.571116977267795
5KPH_2_2_4_combined_id10,0.8501089215278625,1.971874475479126,92.69666666666666,0.79,2,2,93.60791666666668,0.791495680809021,27.743456,66.47516,0.1906,2.1888849470350475
5KPH_2_2_4_combined_id11,0.8293702602386475,1.8594582080841064,92.7475,0.78,2,2,93.60791666666668,0.791495680809021,27.743456,66.47516,0.2017,2.204008314344618
5KPH_2_2_4_combined_id12,0.6745824813842773,1.9257614612579346,96.5127777777778,0.82,2,2,93.60791666666668,0.791495680809021,27.743456,66.47516,0.2131,2.30655288696289
5KPH_2_2_4_combined_id13,0.9354813098907471,1.2249095439910889,89.67,0.71,2,2,93.60791666666668,0.791495680809021,27.743456,66.47516,0.1821,2.561064190334744
5KPH_2_2_4_combined_id14,0.7571015954017639,1.5332326889038086,96.27847222222222,0.83,2,2,93.60791666666668,0.791495680809021,27.743456,66.47516,0.2167,2.5456165737575955
5KPH_2_2_4_combined_id15,1.42081880569458,0.9456206560134888,88.85138888888888,0.68,2,2,93.60791666666668,0.791495680809021,27.743456,66.47516,0.2086,1.9995250701904297
5KPH_2_2_4_combined_id16,0.6486158967018127,1.8104850053787231,95.01555555555557,0.81,2,2,93.60791666666668,0.791495680809021,27.743456,66.47516,0.2095,2.3342179192437067
5KPH_2_2_4_combined_id17,0.8672353625297546,1.6841599941253662,92.91138888888888,0.78,2,2,93.60791666666668,0.791495680809021,27.743456,66.47516,0.1986,2.550505956013997
5KPH_2_2_4_combined_id18,0.8035345673561096,1.6323208808898926,94.90027777777776,0.82,2,2,93.60791666666668,0.791495680809021,27.743456,66.47516,0.1798,2.4511663648817272
5KPH_2_2_4_combined_id19,1.3781911134719849,1.0023795366287231,92.37027777777776,0.76,2,2,93.60791666666668,0.791495680809021,27.743456,66.47516,0.1808,2.3415834638807507
5KPH_2_2_4_combined_id2,1.0668381452560425,0.8531008958816528,91.82875,0.77,2,2,93.60791666666668,0.791495680809021,27.743456,66.47516,0.2322,2.0968941582573786
5KPH_2_2_4_combined_id20,0.7652083039283752,1.737276554107666,92.69083333333334,0.78,2,2,93.60791666666668,0.791495680809021,27.743456,66.47516,0.1905,2.713787926567925
5KPH_2_2_4_combined_id21,1.026310682296753,1.247732162475586,90.23930555555556,0.74,2,2,93.60791666666668,0.791495680809021,27.743456,66.47516,0.2135,2.1541470421685114
5KPH_2_2_4_combined_id22,1.319999098777771,0.8953672051429749,89.85208333333334,0.73,2,2,93.60791666666668,0.791495680809021,27.743456,66.47516,0.1979,1.9199985928005645
5KPH_2_2_4_combined_id23,1.3802810907363892,1.3210487365722656,85.35374999999999,0.66,2,2,93.60791666666668,0.791495680809021,27.743456,66.47516,0.2085,2.044389300876193
5KPH_2_2_4_combined_id24,0.914429247379303,1.578714370727539,91.29819444444443,0.76,2,2,93.60791666666668,0.791495680809021,27.743456,66.47516,0.1867,2.316451602511936
5KPH_2_2_4_combined_id3,0.8458218574523926,1.1691782474517822,91.32916666666668,0.75,2,2,93.60791666666668,0.791495680809021,27.743456,66.47516,0.2168,2.336759779188368
5KPH_2_2_4_combined_id4,0.926925778388977,1.487270474433899,92.19875,0.76,2,2,93.60791666666668,0.791495680809021,27.743456,66.47516,0.2392,2.373146269056532
5KPH_2_2_4_combined_id5,0.7922924757003784,1.956511378288269,94.42138888888888,0.81,2,2,93.60791666666668,0.791495680809021,27.743456,66.47516,0.2003,2.234347873263889
5KPH_2_2_4_combined_id6,0.8776099681854248,1.4456034898757935,91.92013888888889,0.73,2,2,93.60791666666668,0.791495680809021,27.743456,66.47516,0.1905,2.424705929226345
5KPH_2_2_4_combined_id7,0.7373875975608826,1.9109416007995605,94.25111111111111,0.81,2,2,93.60791666666668,0.791495680809021,27.743456,66.47516,0.1861,2.2883724636501737
5KPH_2_2_4_combined_id8,0.88214111328125,2.168161153793335,95.5801388888889,0.83,2,2,93.60791666666668,0.791495680809021,27.743456,66.47516,0.2174,2.277589162190756
5KPH_2_2_4_combined_id9,0.7337260246276855,2.00858473777771,92.60305555555556,0.78,2,2,93.60791666666668,0.791495680809021,27.743456,66.47516,0.1916,2.473316404554579
5KPH_2_2_5_combined_id1,1.1212698221206665,1.2416174411773682,87.09833333333333,0.69,2,2,92.95833333333331,0.8411358594894409,29.067644,66.2739,0.2121,1.9789699978298607
5KPH_2_2_5_combined_id10,2.0096240043640137,1.3175065517425537,88.67513888888888,0.7,2,2,92.95833333333331,0.8411358594894409,29.067644,66.2739,0.2218,1.9308620029025607
5KPH_2_2_5_combined_id11,1.6801730394363403,1.271909475326538,86.41333333333333,0.69,2,2,92.95833333333331,0.8411358594894409,29.067644,66.2739,0.208,2.034055497911241
5KPH_2_2_5_combined_id12,1.55672287940979,1.194843053817749,88.00347222222223,0.68,2,2,92.95833333333331,0.8411358594894409,29.067644,66.2739,0.187,2.4153594970703125
5KPH_2_2_5_combined_id13,0.717205822467804,2.0110435485839844,95.16708333333334,0.81,2,2,92.95833333333331,0.8411358594894409,29.067644,66.2739,0.1977,2.58345201280382
5KPH_2_2_5_combined_id14,0.6621217131614685,1.2670725584030151,93.73333333333332,0.79,2,2,92.95833333333331,0.8411358594894409,29.067644,66.2739,0.2158,2.2261280483669705
5KPH_2_2_5_combined_id15,1.1563996076583862,2.124785900115967,88.77541666666667,0.71,2,2,92.95833333333331,0.8411358594894409,29.067644,66.2739,0.1875,2.464535607231988
5KPH_2_2_5_combined_id16,1.506588101387024,1.3594192266464233,89.68194444444445,0.73,2,2,92.95833333333331,0.8411358594894409,29.067644,66.2739,0.259,2.0217247009277344
5KPH_2_2_5_combined_id17,1.455111026763916,0.9949639439582825,82.4423611111111,0.61,2,2,92.95833333333331,0.8411358594894409,29.067644,66.2739,0.1856,2.234829796685113
5KPH_2_2_5_combined_id18,0.6448845267295837,1.6461353302001953,94.79833333333332,0.81,2,2,92.95833333333331,0.8411358594894409,29.067644,66.2739,0.175,2.491168975830078
5KPH_2_2_5_combined_id19,0.8192620873451233,1.521461844444275,90.70430555555556,0.77,2,2,92.95833333333331,0.8411358594894409,29.067644,66.2739,0.2135,1.8654179043240016
5KPH_2_2_5_combined_id2,1.038147211074829,1.2809743881225586,88.2375,0.71,2,2,92.95833333333331,0.8411358594894409,29.067644,66.2739,0.208,1.802673975626628
5KPH_2_2_5_combined_id20,2.301884174346924,1.3123384714126587,87.89152777777777,0.67,2,2,92.95833333333331,0.8411358594894409,29.067644,66.2739,0.1921,2.39420657687717
5KPH_2_2_5_combined_id21,0.8635398745536804,2.096637487411499,93.53013888888889,0.78,2,2,92.95833333333331,0.8411358594894409,29.067644,66.2739,0.2319,2.262750413682726
5KPH_2_2_5_combined_id22,0.726407527923584,1.2843009233474731,90.78458333333332,0.75,2,2,92.95833333333331,0.8411358594894409,29.067644,66.2739,0.2316,1.9069866604275167
5KPH_2_2_5_combined_id23,0.9540769457817078,0.8243272304534912,93.98527777777775,0.8,2,2,92.95833333333331,0.8411358594894409,29.067644,66.2739,0.2141,2.022558848063151
5KPH_2_2_5_combined_id24,1.2722681760787964,1.2239313125610352,88.83194444444445,0.72,2,2,92.95833333333331,0.8411358594894409,29.067644,66.2739,0.2078,1.9566198984781904
5KPH_2_2_5_combined_id3,1.5012519359588623,1.3676642179489136,90.10375,0.73,2,2,92.95833333333331,0.8411358594894409,29.067644,66.2739,0.2272,1.982380972968208
5KPH_2_2_5_combined_id4,1.1738712787628174,0.9719645380973816,93.86361111111113,0.79,2,2,92.95833333333331,0.8411358594894409,29.067644,66.2739,0.2056,2.3377388848198786
5KPH_2_2_5_combined_id5,0.6712307929992676,1.0864404439926147,92.26625,0.77,2,2,92.95833333333331,0.8411358594894409,29.067644,66.2739,0.1989,2.543655607435438
5KPH_2_2_5_combined_id6,0.8846151828765869,1.2284026145935059,86.44166666666666,0.7,2,2,92.95833333333331,0.8411358594894409,29.067644,66.2739,0.1981,2.18320804172092
5KPH_2_2_5_combined_id7,0.6159732937812805,1.9650338888168335,92.005,0.76,2,2,92.95833333333331,0.8411358594894409,29.067644,66.2739,0.2185,2.326282713148329
5KPH_2_2_5_combined_id8,1.4022555351257324,1.0858930349349976,90.2273611111111,0.73,2,2,92.95833333333331,0.8411358594894409,29.067644,66.2739,0.2091,1.991265402899848
5KPH_2_2_5_combined_id9,0.9804615378379822,1.8677111864089966,87.94361111111112,0.72,2,2,92.95833333333331,0.8411358594894409,29.067644,66.2739,0.1797,2.2107357449001737
5KPH_2_2_6_combined_id1,0.7327688932418823,1.2946085929870605,89.81916666666666,0.73,2,2,92.0748611111111,0.7897576689720154,28.5148,65.0516,0.1799,2.1669336954752603
5KPH_2_2_6_combined_id10,1.0931577682495117,1.487723708152771,91.13611111111112,0.74,2,2,92.0748611111111,0.7897576689720154,28.5148,65.0516,0.1823,2.043594148423937
5KPH_2_2_6_combined_id11,1.475474238395691,1.4938154220581055,89.49875,0.71,2,2,92.0748611111111,0.7897576689720154,28.5148,65.0516,0.1926,1.8102923499213324
5KPH_2_2_6_combined_id12,0.7297823429107666,1.5543640851974487,90.12111111111112,0.74,2,2,92.0748611111111,0.7897576689720154,28.5148,65.0516,0.1961,2.453923543294271
5KPH_2_2_6_combined_id13,1.0559569597244263,1.2592524290084839,91.86194444444445,0.77,2,2,92.0748611111111,0.7897576689720154,28.5148,65.0516,0.1866,2.065826839870877
5KPH_2_2_6_combined_id14,1.2883611917495728,1.192163109779358,86.62277777777778,0.66,2,2,92.0748611111111,0.7897576689720154,28.5148,65.0516,0.1993,2.2428690592447915
5KPH_2_2_6_combined_id16,1.8700647354125977,1.084930419921875,87.34750000000001,0.69,2,2,92.0748611111111,0.7897576689720154,28.5148,65.0516,0.1856,2.162361992730035
5KPH_2_2_6_combined_id17,1.0733627080917358,1.2239437103271484,88.64569444444444,0.71,2,2,92.0748611111111,0.7897576689720154,28.5148,65.0516,0.2004,1.7470474243164062
5KPH_2_2_6_combined_id18,1.2261953353881836,1.3910772800445557,90.56125,0.74,2,2,92.0748611111111,0.7897576689720154,28.5148,65.0516,0.2453,1.754259745279948
5KPH_2_2_6_combined_id19,0.6358692049980164,1.9882961511611938,95.12138888888887,0.81,2,2,92.0748611111111,0.7897576689720154,28.5148,65.0516,0.1946,2.7076085408528647
5KPH_2_2_6_combined_id2,0.8597573041915894,1.2353565692901611,93.63111111111112,0.79,2,2,92.0748611111111,0.7897576689720154,28.5148,65.0516,0.1912,2.514183680216471
5KPH_2_2_6_combined_id20,0.901187539100647,1.5225883722305298,93.55527777777776,0.79,2,2,92.0748611111111,0.7897576689720154,28.5148,65.0516,0.1939,2.246081034342448
5KPH_2_2_6_combined_id21,0.8670720458030701,1.2699846029281616,90.23069444444444,0.76,2,2,92.0748611111111,0.7897576689720154,28.5148,65.0516,0.1911,2.002857208251953
5KPH_2_2_6_combined_id22,1.2327916622161865,1.6813409328460693,91.46347222222222,0.72,2,2,92.0748611111111,0.7897576689720154,28.5148,65.0516,0.1948,2.009179857042101
5KPH_2_2_6_combined_id23,0.6205377578735352,2.034947633743286,92.39930555555556,0.77,2,2,92.0748611111111,0.7897576689720154,28.5148,65.0516,0.1949,2.515803443060981
5KPH_2_2_6_combined_id24,0.7689411640167236,1.4916930198669434,90.54875,0.73,2,2,92.0748611111111,0.7897576689720154,28.5148,65.0516,0.2012,2.085627873738607
5KPH_2_2_6_combined_id3,0.893567681312561,1.2229089736938477,88.07374999999999,0.72,2,2,92.0748611111111,0.7897576689720154,28.5148,65.0516,0.2037,2.0525858137342663
5KPH_2_2_6_combined_id4,0.754794716835022,1.6420743465423584,87.18958333333333,0.68,2,2,92.0748611111111,0.7897576689720154,28.5148,65.0516,0.1867,1.9205663469102647
5KPH_2_2_6_combined_id5,0.8726956844329834,1.3220555782318115,91.41319444444444,0.77,2,2,92.0748611111111,0.7897576689720154,28.5148,65.0516,0.1551,2.5961396959092884
5KPH_2_2_6_combined_id6,0.7234464287757874,1.9368501901626587,92.35347222222222,0.78,2,2,92.0748611111111,0.7897576689720154,28.5148,65.0516,0.1817,2.2936299641927085
5KPH_2_2_6_combined_id7,1.2158905267715454,2.1317923069000244,84.57625,0.68,2,2,92.0748611111111,0.7897576689720154,28.5148,65.0516,0.2066,1.8549190097384984
5KPH_2_2_6_combined_id8,1.1797561645507812,1.4202065467834473,84.27597222222221,0.61,2,2,92.0748611111111,0.7897576689720154,28.5148,65.0516,0.1783,2.253369437323676
5KPH_2_2_6_combined_id9,1.1526074409484863,1.2556430101394653,90.72611111111112,0.75,2,2,92.0748611111111,0.7897576689720154,28.5148,65.0516,0.2053,2.020299275716146
5KPH_2_2_7_combined_id1,0.5394241809844971,1.7300959825515747,94.29958333333332,0.8,2,2,91.98541666666668,0.6304056644439697,26.249056,63.93125,0.2148,2.394947475857205
5KPH_2_2_7_combined_id10,0.7298179268836975,1.475846529006958,93.91333333333334,0.8,2,2,91.98541666666668,0.6304056644439697,26.249056,63.93125,0.2195,1.987828996446397
5KPH_2_2_7_combined_id11,0.6491460204124451,1.6130869388580322,94.40944444444445,0.81,2,2,91.98541666666668,0.6304056644439697,26.249056,63.93125,0.2188,2.17818111843533
5KPH_2_2_7_combined_id12,0.7812093496322632,0.8987900614738464,90.34847222222224,0.75,2,2,91.98541666666668,0.6304056644439697,26.249056,63.93125,0.2061,1.998875935872396
5KPH_2_2_7_combined_id13,0.8459175229072571,1.883375883102417,93.50444444444445,0.8,2,2,91.98541666666668,0.6304056644439697,26.249056,63.93125,0.203,1.8085691663954
5KPH_2_2_7_combined_id14,0.6619913578033447,1.6179370880126953,94.78486111111113,0.8,2,2,91.98541666666668,0.6304056644439697,26.249056,63.93125,0.2078,2.1410130394829645
5KPH_2_2_7_combined_id15,0.8879176378250122,1.0218113660812378,92.55875,0.77,2,2,91.98541666666668,0.6304056644439697,26.249056,63.93125,0.2051,2.2866876390245228
5KPH_2_2_7_combined_id16,0.5120068788528442,1.8580228090286255,89.80611111111111,0.72,2,2,91.98541666666668,0.6304056644439697,26.249056,63.93125,0.2011,2.2468126085069446
5KPH_2_2_7_combined_id17,0.8155950307846069,2.1533355712890625,90.03722222222223,0.73,2,2,91.98541666666668,0.6304056644439697,26.249056,63.93125,0.2105,2.383405261569553
5KPH_2_2_7_combined_id18,0.5655752420425415,1.6544638872146606,91.14416666666666,0.74,2,2,91.98541666666668,0.6304056644439697,26.249056,63.93125,0.2074,2.3716023763020835
5KPH_2_2_7_combined_id19,0.6164252161979675,2.034024953842163,93.82486111111112,0.79,2,2,91.98541666666668,0.6304056644439697,26.249056,63.93125,0.2271,2.229744381374783
5KPH_2_2_7_combined_id2,0.7837973833084106,1.5037814378738403,92.14375,0.77,2,2,91.98541666666668,0.6304056644439697,26.249056,63.93125,0.1972,2.1367132398817272
5KPH_2_2_7_combined_id22,0.513534426689148,1.6251460313796997,92.42652777777778,0.78,2,2,91.98541666666668,0.6304056644439697,26.249056,63.93125,0.1768,2.6518673366970487
5KPH_2_2_7_combined_id23,0.5548403263092041,1.7555750608444214,95.48402777777778,0.81,2,2,91.98541666666668,0.6304056644439697,26.249056,63.93125,0.245,2.244390699598524
5KPH_2_2_7_combined_id24,0.9392867684364319,1.1543525457382202,94.08472222222224,0.79,2,2,91.98541666666668,0.6304056644439697,26.249056,63.93125,0.2125,2.1513184441460504
5KPH_2_2_7_combined_id3,0.741194486618042,1.463381052017212,95.54555555555557,0.82,2,2,91.98541666666668,0.6304056644439697,26.249056,63.93125,0.2003,2.2218810187445746
5KPH_2_2_7_combined_id4,0.6007869839668274,1.6696714162826538,90.26152777777776,0.75,2,2,91.98541666666668,0.6304056644439697,26.249056,63.93125,0.1958,2.735810809665256
5KPH_2_2_7_combined_id5,0.6936334371566772,0.8053847551345825,93.70152777777778,0.78,2,2,91.98541666666668,0.6304056644439697,26.249056,63.93125,0.223,1.9799253675672743
5KPH_2_2_7_combined_id6,1.2666422128677368,1.0007069110870361,89.44805555555556,0.72,2,2,91.98541666666668,0.6304056644439697,26.249056,63.93125,0.1827,2.231800079345703
5KPH_2_2_7_combined_id7,0.8894311785697937,1.4067891836166382,88.02138888888888,0.69,2,2,91.98541666666668,0.6304056644439697,26.249056,63.93125,0.1989,2.141116460164388
5KPH_2_2_7_combined_id8,0.8098750710487366,2.0230815410614014,92.99652777777776,0.79,2,2,91.98541666666668,0.6304056644439697,26.249056,63.93125,0.2152,2.1326590643988714
5KPH_2_2_7_combined_id9,0.43922117352485657,1.8864606618881226,94.35541666666668,0.79,2,2,91.98541666666668,0.6304056644439697,26.249056,63.93125,0.2072,2.0049915313720703
5KPH_2_2_8_combined_id1,2.0327770709991455,0.7263535857200623,94.71194444444444,0.83,2,2,94.85875,0.6884329915046692,28.248516,64.75931,0.2135,2.03446282280816
5KPH_2_2_8_combined_id10,1.004603624343872,2.5441720485687256,94.47166666666666,0.8,2,2,94.85875,0.6884329915046692,28.248516,64.75931,0.194,2.5434243943956165
5KPH_2_2_8_combined_id11,0.609947919845581,2.078800916671753,94.3877777777778,0.81,2,2,94.85875,0.6884329915046692,28.248516,64.75931,0.1792,2.70949829949273
5KPH_2_2_8_combined_id12,0.6471001505851746,1.7882518768310547,91.21472222222222,0.77,2,2,94.85875,0.6884329915046692,28.248516,64.75931,0.206,2.5186945597330728
5KPH_2_2_8_combined_id14,1.9847077131271362,0.8364881873130798,93.21347222222224,0.8,2,2,94.85875,0.6884329915046692,28.248516,64.75931,0.2026,2.6560885111490884
5KPH_2_2_8_combined_id15,1.2674596309661865,0.8531975150108337,90.62736111111111,0.74,2,2,94.85875,0.6884329915046692,28.248516,64.75931,0.1917,2.101551479763455
5KPH_2_2_8_combined_id17,0.5479341745376587,1.5445876121520996,91.28583333333331,0.78,2,2,94.85875,0.6884329915046692,28.248516,64.75931,0.2034,2.2592271169026694
5KPH_2_2_8_combined_id18,0.8785957098007202,1.1997666358947754,88.94430555555556,0.71,2,2,94.85875,0.6884329915046692,28.248516,64.75931,0.197,2.176846398247613
5KPH_2_2_8_combined_id19,0.6826491951942444,2.195155382156372,92.84055555555555,0.79,2,2,94.85875,0.6884329915046692,28.248516,64.75931,0.1832,2.57228766547309
5KPH_2_2_8_combined_id2,0.6516596674919128,2.162623882293701,91.14916666666666,0.74,2,2,94.85875,0.6884329915046692,28.248516,64.75931,0.1783,2.592855029635959
5KPH_2_2_8_combined_id20,1.185904860496521,0.9580262303352356,88.81180555555555,0.7,2,2,94.85875,0.6884329915046692,28.248516,64.75931,0.1995,1.8854298061794703
5KPH_2_2_8_combined_id21,0.95454341173172,0.9679227471351624,87.74791666666667,0.68,2,2,94.85875,0.6884329915046692,28.248516,64.75931,0.1952,2.053429709540473
5KPH_2_2_8_combined_id22,0.5971049666404724,1.7741676568984985,92.65166666666669,0.78,2,2,94.85875,0.6884329915046692,28.248516,64.75931,0.1792,2.420522265964084
5KPH_2_2_8_combined_id23,1.8460087776184082,0.6874344348907471,93.7761111111111,0.8,2,2,94.85875,0.6884329915046692,28.248516,64.75931,0.1908,2.339603000217014
5KPH_2_2_8_combined_id3,0.5916150212287903,1.2555177211761475,92.04819444444443,0.77,2,2,94.85875,0.6884329915046692,28.248516,64.75931,0.1991,2.372216542561849
5KPH_2_2_8_combined_id4,0.5383737683296204,1.6053293943405151,94.6861111111111,0.82,2,2,94.85875,0.6884329915046692,28.248516,64.75931,0.217,2.3141926659478083
5KPH_2_2_8_combined_id5,0.733927845954895,1.655769944190979,95.42555555555556,0.81,2,2,94.85875,0.6884329915046692,28.248516,64.75931,0.2079,2.297650443183051
5KPH_2_2_8_combined_id6,0.6649081707000732,1.6669795513153076,95.74305555555556,0.81,2,2,94.85875,0.6884329915046692,28.248516,64.75931,0.1936,2.211743460761176
5KPH_2_2_8_combined_id7,0.650687038898468,2.2320799827575684,94.69666666666669,0.78,2,2,94.85875,0.6884329915046692,28.248516,64.75931,0.2144,2.520427703857422
5KPH_2_2_8_combined_id8,1.9185932874679565,0.900485098361969,94.26847222222224,0.81,2,2,94.85875,0.6884329915046692,28.248516,64.75931,0.2013,2.0671975877549915
5KPH_2_2_8_combined_id9,0.5132622122764587,1.6596752405166626,92.00180555555556,0.77,2,2,94.85875,0.6884329915046692,28.248516,64.75931,0.2197,2.121406767103407
5KPH_2_2_9_combined_id1,1.2317646741867065,1.004520297050476,89.16875,0.72,2,2,92.4061111111111,0.6101163625717163,27.945183,67.43445,0.1863,2.2730854882134333
5KPH_2_2_9_combined_id10,0.976493775844574,1.2305035591125488,93.28902777777778,0.78,2,2,92.4061111111111,0.6101163625717163,27.945183,67.43445,0.1982,2.772320217556424
5KPH_2_2_9_combined_id11,0.6947330236434937,1.6198475360870361,94.43208333333334,0.81,2,2,92.4061111111111,0.6101163625717163,27.945183,67.43445,0.1848,2.5585208468967013
5KPH_2_2_9_combined_id12,0.925762414932251,1.1793200969696045,87.79541666666665,0.67,2,2,92.4061111111111,0.6101163625717163,27.945183,67.43445,0.1833,2.1778871748182507
5KPH_2_2_9_combined_id13,0.6818897128105164,2.389774799346924,93.13833333333336,0.78,2,2,92.4061111111111,0.6101163625717163,27.945183,67.43445,0.1812,2.4147393968370228
5KPH_2_2_9_combined_id14,1.51042902469635,0.7579335570335388,94.01569444444446,0.79,2,2,92.4061111111111,0.6101163625717163,27.945183,67.43445,0.2047,2.28463617960612
5KPH_2_2_9_combined_id15,0.6202248334884644,1.9162766933441162,89.14666666666666,0.73,2,2,92.4061111111111,0.6101163625717163,27.945183,67.43445,0.2103,2.4253398047553167
5KPH_2_2_9_combined_id16,1.0501941442489624,0.9895882606506348,89.26736111111111,0.71,2,2,92.4061111111111,0.6101163625717163,27.945183,67.43445,0.2062,1.999174541897244
5KPH_2_2_9_combined_id17,0.6976989507675171,1.4897618293762207,95.77277777777778,0.82,2,2,92.4061111111111,0.6101163625717163,27.945183,67.43445,0.1914,2.29034423828125
5KPH_2_2_9_combined_id18,0.976824939250946,1.5864510536193848,92.71263888888888,0.77,2,2,92.4061111111111,0.6101163625717163,27.945183,67.43445,0.1956,2.2590425279405384
5KPH_2_2_9_combined_id19,0.677513599395752,0.8282230496406555,91.44527777777778,0.75,2,2,92.4061111111111,0.6101163625717163,27.945183,67.43445,0.2168,2.230943891737196
5KPH_2_2_9_combined_id2,0.731338381767273,1.7524892091751099,93.35944444444443,0.79,2,2,92.4061111111111,0.6101163625717163,27.945183,67.43445,0.1929,2.411597145928277
5KPH_2_2_9_combined_id20,0.7067487835884094,1.784494400024414,91.36319444444445,0.76,2,2,92.4061111111111,0.6101163625717163,27.945183,67.43445,0.2223,1.9942406548394096
5KPH_2_2_9_combined_id21,0.7753903269767761,1.7950013875961304,93.56958333333334,0.78,2,2,92.4061111111111,0.6101163625717163,27.945183,67.43445,0.2065,2.2185384962293835
5KPH_2_2_9_combined_id22,0.7419114708900452,2.0596725940704346,93.78986111111112,0.79,2,2,92.4061111111111,0.6101163625717163,27.945183,67.43445,0.197,2.3610738118489585
5KPH_2_2_9_combined_id23,0.6200152039527893,1.4582431316375732,92.3913888888889,0.77,2,2,92.4061111111111,0.6101163625717163,27.945183,67.43445,0.2101,2.3442925347222223
5KPH_2_2_9_combined_id24,0.9161428809165955,2.2996373176574707,89.81972222222223,0.71,2,2,92.4061111111111,0.6101163625717163,27.945183,67.43445,0.1904,2.2021861606174045
5KPH_2_2_9_combined_id3,0.7297495007514954,1.2926594018936157,87.86111111111111,0.68,2,2,92.4061111111111,0.6101163625717163,27.945183,67.43445,0.2034,2.1195176442464194
5KPH_2_2_9_combined_id4,0.5811448097229004,1.7985469102859497,94.31638888888888,0.8,2,2,92.4061111111111,0.6101163625717163,27.945183,67.43445,0.1915,2.2840699089898004
5KPH_2_2_9_combined_id5,1.4119246006011963,1.0620795488357544,86.84347222222223,0.7,2,2,92.4061111111111,0.6101163625717163,27.945183,67.43445,0.1714,2.6749504937065973
5KPH_2_2_9_combined_id6,0.6585456132888794,1.0294411182403564,89.2826388888889,0.72,2,2,92.4061111111111,0.6101163625717163,27.945183,67.43445,0.2157,2.562046898735894
5KPH_2_2_9_combined_id7,0.7589330077171326,1.4072712659835815,86.72777777777777,0.65,2,2,92.4061111111111,0.6101163625717163,27.945183,67.43445,0.1877,2.6681349012586804
5KPH_2_2_9_combined_id8,0.7456778287887573,1.8736956119537354,85.63194444444444,0.69,2,2,92.4061111111111,0.6101163625717163,27.945183,67.43445,0.1774,2.4288253784179688
5KPH_2_2_9_combined_id9,0.851361870765686,1.0004746913909912,87.22722222222222,0.7,2,2,92.4061111111111,0.6101163625717163,27.945183,67.43445,0.1961,2.177839067247179
5KPH_2_4_0_combined_id10,0.5621504187583923,2.0000381469726562,94.16500000000002,0.8,2,4,94.81736111111113,0.6974505186080933,27.265602,66.684906,0.1849,2.6071190304226346
5KPH_2_4_0_combined_id11,0.5490817427635193,1.7882543802261353,95.07902777777775,0.8,2,4,94.81736111111113,0.6974505186080933,27.265602,66.684906,0.1934,2.2516280280219183
5KPH_2_4_0_combined_id12,0.5907971262931824,1.583774447441101,91.34375,0.76,2,4,94.81736111111113,0.6974505186080933,27.265602,66.684906,0.2406,1.903344896104601
5KPH_2_4_0_combined_id13,0.5823807120323181,1.7365585565567017,94.23388888888888,0.8,2,4,94.81736111111113,0.6974505186080933,27.265602,66.684906,0.2173,2.168104595608181
5KPH_2_4_0_combined_id14,0.555441677570343,2.25034761428833,93.47583333333334,0.77,2,4,94.81736111111113,0.6974505186080933,27.265602,66.684906,0.2009,2.6840873294406467
5KPH_2_4_0_combined_id15,0.940822422504425,1.195413589477539,92.43027777777776,0.78,2,4,94.81736111111113,0.6974505186080933,27.265602,66.684906,0.2043,2.1664615207248263
5KPH_2_4_0_combined_id16,0.6766204237937927,2.394416093826294,89.62513888888888,0.73,2,4,94.81736111111113,0.6974505186080933,27.265602,66.684906,0.2087,1.9765652550591364
5KPH_2_4_0_combined_id17,0.6979559063911438,2.195312023162842,91.01680555555556,0.74,2,4,94.81736111111113,0.6974505186080933,27.265602,66.684906,0.2202,2.283762402004666
5KPH_2_4_0_combined_id18,0.7909930348396301,1.0734885931015015,91.65736111111111,0.73,2,4,94.81736111111113,0.6974505186080933,27.265602,66.684906,0.1905,2.3735894097222223
5KPH_2_4_0_combined_id19,0.5584766864776611,2.0542163848876953,93.19597222222222,0.78,2,4,94.81736111111113,0.6974505186080933,27.265602,66.684906,0.2311,2.4232084486219616
5KPH_2_4_0_combined_id2,0.6447866559028625,1.3983454704284668,88.51819444444443,0.72,2,4,94.81736111111113,0.6974505186080933,27.265602,66.684906,0.2053,2.3817706637912326
5KPH_2_4_0_combined_id20,0.5791423916816711,1.781678557395935,89.46513888888889,0.73,2,4,94.81736111111113,0.6974505186080933,27.265602,66.684906,0.2354,2.3995829688178167
5KPH_2_4_0_combined_id21,0.6998645067214966,2.1085727214813232,94.02666666666669,0.79,2,4,94.81736111111113,0.6974505186080933,27.265602,66.684906,0.1987,2.3657478756374783
5KPH_2_4_0_combined_id22,0.6469963788986206,2.1989290714263916,90.85930555555557,0.72,2,4,94.81736111111113,0.6974505186080933,27.265602,66.684906,0.2308,2.2230987548828125
5KPH_2_4_0_combined_id23,0.5383203625679016,2.125349521636963,95.4675,0.82,2,4,94.81736111111113,0.6974505186080933,27.265602,66.684906,0.2334,2.1353717380099826
5KPH_2_4_0_combined_id24,0.8230430483818054,1.681617259979248,83.375,0.68,2,4,94.81736111111113,0.6974505186080933,27.265602,66.684906,0.2464,1.8889954884847004
5KPH_2_4_0_combined_id3,0.7256800532341003,1.6863842010498047,94.03625,0.8,2,4,94.81736111111113,0.6974505186080933,27.265602,66.684906,0.2336,1.940900166829427
5KPH_2_4_0_combined_id4,0.7829329371452332,1.0443975925445557,89.36833333333334,0.74,2,4,94.81736111111113,0.6974505186080933,27.265602,66.684906,0.2141,1.6452068752712674
5KPH_2_4_0_combined_id5,0.9333468079566956,1.0069493055343628,90.87916666666666,0.73,2,4,94.81736111111113,0.6974505186080933,27.265602,66.684906,0.1934,2.5408350626627603
5KPH_2_4_0_combined_id6,0.668535590171814,2.229478597640991,92.75375,0.77,2,4,94.81736111111113,0.6974505186080933,27.265602,66.684906,0.2055,2.266194025675456
5KPH_2_4_0_combined_id7,0.7359309792518616,2.3054845333099365,94.52333333333334,0.79,2,4,94.81736111111113,0.6974505186080933,27.265602,66.684906,0.2542,1.9585062662760413
5KPH_2_4_0_combined_id8,2.0118494033813477,0.9739391803741455,94.59263888888889,0.81,2,4,94.81736111111113,0.6974505186080933,27.265602,66.684906,0.2167,2.43623521592882
5KPH_2_4_0_combined_id9,0.5591151714324951,2.1226766109466553,95.71055555555556,0.82,2,4,94.81736111111113,0.6974505186080933,27.265602,66.684906,0.2017,2.649848937988281
5KPH_2_4_1_combined_id1,0.7639592289924622,1.6745284795761108,91.84055555555555,0.78,2,4,96.0715277777778,0.5346881747245789,28.415594,65.35456,0.242,2.065360599093967
5KPH_2_4_1_combined_id10,0.5430876612663269,1.9313879013061523,91.71472222222222,0.76,2,4,96.0715277777778,0.5346881747245789,28.415594,65.35456,0.205,2.481012132432726
5KPH_2_4_1_combined_id11,0.733176589012146,1.2409389019012451,92.04444444444444,0.78,2,4,96.0715277777778,0.5346881747245789,28.415594,65.35456,0.205,2.1289683447943792
5KPH_2_4_1_combined_id12,0.681879997253418,1.8255659341812134,91.33055555555556,0.78,2,4,96.0715277777778,0.5346881747245789,28.415594,65.35456,0.2384,1.997534645928277
5KPH_2_4_1_combined_id13,0.721108615398407,1.630463719367981,93.72611111111112,0.81,2,4,96.0715277777778,0.5346881747245789,28.415594,65.35456,0.2085,2.044144524468316
5KPH_2_4_1_combined_id14,0.5856954455375671,1.5014876127243042,92.93111111111112,0.79,2,4,96.0715277777778,0.5346881747245789,28.415594,65.35456,0.1986,2.163965013292101
5KPH_2_4_1_combined_id15,0.8365678191184998,1.566596508026123,88.20527777777778,0.71,2,4,96.0715277777778,0.5346881747245789,28.415594,65.35456,0.2105,1.9789695739746087
5KPH_2_4_1_combined_id16,1.2409852743148804,1.2153481245040894,93.53277777777778,0.79,2,4,96.0715277777778,0.5346881747245789,28.415594,65.35456,0.2483,1.746313942803277
5KPH_2_4_1_combined_id18,0.7370425462722778,1.6715291738510132,93.68861111111111,0.81,2,4,96.0715277777778,0.5346881747245789,28.415594,65.35456,0.223,2.3000289069281683
5KPH_2_4_1_combined_id19,0.8732866048812866,2.011242389678955,93.67027777777778,0.79,2,4,96.0715277777778,0.5346881747245789,28.415594,65.35456,0.2225,1.9107831319173176
5KPH_2_4_1_combined_id2,0.7534581422805786,1.4930524826049805,90.4075,0.74,2,4,96.0715277777778,0.5346881747245789,28.415594,65.35456,0.2277,2.4484905666775174
5KPH_2_4_1_combined_id20,0.5871400833129883,2.046915292739868,94.18861111111111,0.81,2,4,96.0715277777778,0.5346881747245789,28.415594,65.35456,0.2011,2.248314327663845
5KPH_2_4_1_combined_id21,0.6216756105422974,1.6707066297531128,94.35416666666669,0.81,2,4,96.0715277777778,0.5346881747245789,28.415594,65.35456,0.1955,2.5421875847710504
5KPH_2_4_1_combined_id22,0.7047380805015564,1.59279203414917,92.84527777777777,0.79,2,4,96.0715277777778,0.5346881747245789,28.415594,65.35456,0.2244,2.1680191887749567
5KPH_2_4_1_combined_id23,0.6174107193946838,1.9684253931045532,93.15194444444444,0.79,2,4,96.0715277777778,0.5346881747245789,28.415594,65.35456,0.1751,2.441243277655708
5KPH_2_4_1_combined_id24,0.5838615298271179,1.9369460344314575,91.08069444444445,0.73,2,4,96.0715277777778,0.5346881747245789,28.415594,65.35456,0.2179,2.414769066704644
5KPH_2_4_1_combined_id4,0.6623767614364624,1.6797945499420166,91.8223611111111,0.76,2,4,96.0715277777778,0.5346881747245789,28.415594,65.35456,0.1879,2.048963122897678
5KPH_2_4_1_combined_id5,0.7047073245048523,1.6921665668487549,93.16083333333331,0.8,2,4,96.0715277777778,0.5346881747245789,28.415594,65.35456,0.2529,1.9736540052625868
5KPH_2_4_1_combined_id6,0.9093457460403442,1.7712745666503906,89.64555555555555,0.72,2,4,96.0715277777778,0.5346881747245789,28.415594,65.35456,0.2027,2.1458337571885853
5KPH_2_4_1_combined_id7,0.7810270190238953,1.032981514930725,92.38375,0.79,2,4,96.0715277777778,0.5346881747245789,28.415594,65.35456,0.2139,2.09439468383789
5KPH_2_4_1_combined_id8,0.8230543732643127,1.0254080295562744,90.14777777777778,0.73,2,4,96.0715277777778,0.5346881747245789,28.415594,65.35456,0.2031,2.227067311604818
5KPH_2_4_1_combined_id9,1.2159450054168701,1.1114733219146729,93.7,0.8,2,4,96.0715277777778,0.5346881747245789,28.415594,65.35456,0.2352,2.004551781548394
5KPH_2_4_2_combined_id10,1.4056382179260254,1.5098098516464233,89.92722222222223,0.75,2,4,93.86347222222224,0.9902125000953674,28.157482,65.90799,0.1732,2.494254853990343
5KPH_2_4_2_combined_id11,1.1494249105453491,2.6877317428588867,91.38152777777776,0.76,2,4,93.86347222222224,0.9902125000953674,28.157482,65.90799,0.1799,2.4395393795437283
5KPH_2_4_2_combined_id12,0.8855562806129456,1.650814414024353,92.77291666666666,0.79,2,4,93.86347222222224,0.9902125000953674,28.157482,65.90799,0.2101,2.526766459147136
5KPH_2_4_2_combined_id13,0.7119438052177429,1.8017328977584839,92.74611111111112,0.76,2,4,93.86347222222224,0.9902125000953674,28.157482,65.90799,0.1878,2.464732699924045
5KPH_2_4_2_combined_id14,0.6532121896743774,2.084963321685791,94.6563888888889,0.82,2,4,93.86347222222224,0.9902125000953674,28.157482,65.90799,0.1905,2.7182803683810763
5KPH_2_4_2_combined_id15,0.6363272666931152,2.1502702236175537,93.55444444444444,0.79,2,4,93.86347222222224,0.9902125000953674,28.157482,65.90799,0.2185,2.469851599799262
5KPH_2_4_2_combined_id16,1.0262017250061035,1.4714984893798828,90.43944444444443,0.75,2,4,93.86347222222224,0.9902125000953674,28.157482,65.90799,0.2206,2.074607425265842
5KPH_2_4_2_combined_id17,0.6774158477783203,1.54012930393219,93.14194444444443,0.79,2,4,93.86347222222224,0.9902125000953674,28.157482,65.90799,0.191,2.6497802734375
5KPH_2_4_2_combined_id19,0.4991316497325897,2.094364881515503,95.34791666666666,0.81,2,4,93.86347222222224,0.9902125000953674,28.157482,65.90799,0.1897,2.8301654391818576
5KPH_2_4_2_combined_id2,0.6166971921920776,2.173799514770508,93.345,0.79,2,4,93.86347222222224,0.9902125000953674,28.157482,65.90799,0.2001,2.7123504214816623
5KPH_2_4_2_combined_id20,0.7670407295227051,1.607005000114441,93.18,0.78,2,4,93.86347222222224,0.9902125000953674,28.157482,65.90799,0.205,2.372582117716471
5KPH_2_4_2_combined_id21,2.3148586750030518,1.1984010934829712,96.61583333333334,0.83,2,4,93.86347222222224,0.9902125000953674,28.157482,65.90799,0.1982,2.170036951700846
5KPH_2_4_2_combined_id22,1.4477981328964233,1.067394495010376,87.08069444444445,0.68,2,4,93.86347222222224,0.9902125000953674,28.157482,65.90799,0.2177,2.1063944498697915
5KPH_2_4_2_combined_id23,0.9584448337554932,2.0567963123321533,94.83125,0.79,2,4,93.86347222222224,0.9902125000953674,28.157482,65.90799,0.2171,2.3125279744466147
5KPH_2_4_2_combined_id24,0.777352511882782,1.857487440109253,89.96263888888889,0.73,2,4,93.86347222222224,0.9902125000953674,28.157482,65.90799,0.228,2.245298597547743
5KPH_2_4_2_combined_id4,0.6396196484565735,1.8507537841796875,94.35541666666668,0.8,2,4,93.86347222222224,0.9902125000953674,28.157482,65.90799,0.1936,2.2468200259738498
5KPH_2_4_2_combined_id5,0.7276990413665771,1.9218504428863525,94.34486111111111,0.8,2,4,93.86347222222224,0.9902125000953674,28.157482,65.90799,0.2081,2.4730957878960504
5KPH_2_4_2_combined_id6,0.6174476742744446,1.7965185642242432,91.46638888888889,0.75,2,4,93.86347222222224,0.9902125000953674,28.157482,65.90799,0.2044,2.5246834225124783
5KPH_2_4_2_combined_id8,0.7338865399360657,1.9215167760849,94.50319444444445,0.82,2,4,93.86347222222224,0.9902125000953674,28.157482,65.90799,0.1967,2.60225338406033
5KPH_2_4_2_combined_id9,0.40324142575263977,1.900927186012268,95.8586111111111,0.82,2,4,93.86347222222224,0.9902125000953674,28.157482,65.90799,0.2067,2.61063003540039
5KPH_2_4_3_combined_id1,0.7515463829040527,1.4265472888946533,91.54125,0.76,2,4,94.475,0.7097125053405762,28.27088,65.17421,0.2045,2.0645520952012806
5KPH_2_4_3_combined_id10,0.5807779431343079,1.975820779800415,93.87236111111112,0.79,2,4,94.475,0.7097125053405762,28.27088,65.17421,0.1985,2.324187808566623
5KPH_2_4_6_combined_id3,0.5224462151527405,2.0367202758789062,91.64027777777778,0.73,2,4,93.12847222222224,0.919034481048584,27.781416,64.15294,0.2075,2.303806093004015
5KPH_2_4_6_combined_id8,0.9705751538276672,1.2191003561019897,91.02083333333331,0.75,2,4,93.12847222222224,0.919034481048584,27.781416,64.15294,0.1989,2.1085374620225696
5KPH_2_4_6_combined_id9,0.6552417874336243,1.9236303567886353,90.03055555555557,0.71,2,4,93.12847222222224,0.919034481048584,27.781416,64.15294,0.2212,2.225851058959961
5KPH_2_4_7_combined_id10,0.6225427985191345,2.000946283340454,89.59319444444446,0.74,2,4,94.49888888888889,0.753288745880127,28.369097,65.26341,0.1992,2.153455098470052
5KPH_2_4_7_combined_id11,0.9005899429321289,1.2045798301696777,89.94625,0.77,2,4,94.49888888888889,0.753288745880127,28.369097,65.26341,0.2056,1.948417027791341
5KPH_2_4_7_combined_id12,1.040506362915039,2.1469345092773438,94.3627777777778,0.79,2,4,94.49888888888889,0.753288745880127,28.369097,65.26341,0.2103,2.1488575405544705
5KPH_2_4_7_combined_id13,0.7570269703865051,1.4249950647354126,87.5788888888889,0.73,2,4,94.49888888888889,0.753288745880127,28.369097,65.26341,0.2393,2.055903328789605
5KPH_2_4_7_combined_id14,0.76535964012146,2.35530424118042,91.99902777777778,0.75,2,4,94.49888888888889,0.753288745880127,28.369097,65.26341,0.2018,1.984578874376085
5KPH_2_4_7_combined_id15,0.6737310886383057,2.1484007835388184,93.49763888888889,0.78,2,4,94.49888888888889,0.753288745880127,28.369097,65.26341,0.2182,2.312260521782769
5KPH_2_4_7_combined_id16,0.5510549545288086,1.6683971881866455,91.49708333333334,0.75,2,4,94.49888888888889,0.753288745880127,28.369097,65.26341,0.2061,2.1873630947536893
5KPH_2_4_7_combined_id17,0.8513261079788208,2.218754291534424,91.83263888888888,0.77,2,4,94.49888888888889,0.753288745880127,28.369097,65.26341,0.1898,2.0910667843288846
5KPH_2_4_7_combined_id18,1.473191261291504,1.2439026832580566,88.61805555555556,0.69,2,4,94.49888888888889,0.753288745880127,28.369097,65.26341,0.2119,2.3323758443196616
5KPH_2_4_7_combined_id19,0.8759264945983887,1.4717367887496948,92.48805555555556,0.77,2,4,94.49888888888889,0.753288745880127,28.369097,65.26341,0.2097,2.080511305067274
5KPH_2_4_7_combined_id2,0.6485148668289185,1.4222173690795898,90.20208333333332,0.72,2,4,94.49888888888889,0.753288745880127,28.369097,65.26341,0.2138,2.7389789157443576
5KPH_2_4_7_combined_id20,0.640789806842804,1.9657350778579712,88.86069444444443,0.69,2,4,94.49888888888889,0.753288745880127,28.369097,65.26341,0.2292,2.7469374338785806
5KPH_2_4_7_combined_id21,0.6167331337928772,1.9649122953414917,94.75972222222224,0.81,2,4,94.49888888888889,0.753288745880127,28.369097,65.26341,0.2288,1.8812120225694444
5KPH_2_4_7_combined_id22,0.776095986366272,1.961500644683838,94.22277777777778,0.8,2,4,94.49888888888889,0.753288745880127,28.369097,65.26341,0.1996,2.094090143839518
5KPH_2_4_7_combined_id23,0.6995547413825989,1.3242040872573853,90.55375,0.76,2,4,94.49888888888889,0.753288745880127,28.369097,65.26341,0.2113,2.486151589287652
5KPH_2_4_7_combined_id24,0.8150847554206848,2.133521318435669,93.8801388888889,0.79,2,4,94.49888888888889,0.753288745880127,28.369097,65.26341,0.2449,1.9449454413519964
5KPH_2_4_7_combined_id3,0.7421022057533264,2.2430834770202637,91.88111111111112,0.78,2,4,94.49888888888889,0.753288745880127,28.369097,65.26341,0.2143,1.998578389485677
5KPH_2_4_7_combined_id4,0.5755990743637085,2.0961802005767822,88.63722222222223,0.64,2,4,94.49888888888889,0.753288745880127,28.369097,65.26341,0.2005,2.38742913140191
5KPH_2_4_7_combined_id5,0.5472560524940491,1.9749245643615723,92.80375,0.79,2,4,94.49888888888889,0.753288745880127,28.369097,65.26341,0.2353,2.396190431382921
5KPH_2_6_0_combined_id10,0.7188578248023987,1.7635544538497925,87.62625,0.72,2,6,94.03333333333332,0.7637560963630676,27.668058,65.46486,0.1953,2.1606118943956165
5KPH_2_6_0_combined_id11,0.6103535890579224,1.7707499265670776,91.93861111111111,0.77,2,6,94.03333333333332,0.7637560963630676,27.668058,65.46486,0.19,2.2571339077419705
5KPH_2_6_0_combined_id12,0.8108216524124146,1.6245245933532715,87.545,0.72,2,6,94.03333333333332,0.7637560963630676,27.668058,65.46486,0.1989,2.258472442626953
5KPH_2_6_0_combined_id13,0.7510337233543396,2.115633249282837,95.61958333333334,0.82,2,6,94.03333333333332,0.7637560963630676,27.668058,65.46486,0.2355,2.611451254950629
5KPH_2_6_0_combined_id14,1.3090344667434692,0.8973411917686462,92.13027777777778,0.76,2,6,94.03333333333332,0.7637560963630676,27.668058,65.46486,0.2085,2.0052015516493054
5KPH_2_6_0_combined_id15,0.9266823530197144,0.937534511089325,88.12541666666668,0.71,2,6,94.03333333333332,0.7637560963630676,27.668058,65.46486,0.175,2.1777651045057507
5KPH_2_6_0_combined_id16,0.6725406646728516,1.568076729774475,89.46027777777778,0.73,2,6,94.03333333333332,0.7637560963630676,27.668058,65.46486,0.2147,2.4606836107042103
5KPH_2_6_0_combined_id17,0.6504838466644287,2.3278067111968994,94.2811111111111,0.81,2,6,94.03333333333332,0.7637560963630676,27.668058,65.46486,0.1869,2.6237500508626304
5KPH_2_6_0_combined_id19,0.9498543739318848,1.7750540971755981,94.47333333333331,0.79,2,6,94.03333333333332,0.7637560963630676,27.668058,65.46486,0.1847,2.4151539272732205
5KPH_2_6_0_combined_id2,0.5052114129066467,1.8082818984985352,94.81583333333332,0.8,2,6,94.03333333333332,0.7637560963630676,27.668058,65.46486,0.2172,2.515539381239149
5KPH_2_6_0_combined_id20,0.6383390426635742,2.2027828693389893,89.53972222222222,0.71,2,6,94.03333333333332,0.7637560963630676,27.668058,65.46486,0.2363,2.279574924045139
5KPH_2_6_0_combined_id21,0.6675385236740112,2.153630256652832,89.38083333333333,0.74,2,6,94.03333333333332,0.7637560963630676,27.668058,65.46486,0.1961,2.3086507585313587
5KPH_2_6_0_combined_id22,0.7630594968795776,0.8903825879096985,94.41055555555556,0.79,2,6,94.03333333333332,0.7637560963630676,27.668058,65.46486,0.239,2.203883700900608
5KPH_2_6_0_combined_id23,0.7620421648025513,1.3202344179153442,93.9615277777778,0.79,2,6,94.03333333333332,0.7637560963630676,27.668058,65.46486,0.2009,2.1799002753363714
5KPH_2_6_0_combined_id24,0.7129767537117004,2.0752310752868652,91.97888888888887,0.76,2,6,94.03333333333332,0.7637560963630676,27.668058,65.46486,0.1967,2.350244310167101
5KPH_2_6_0_combined_id3,1.3929282426834106,1.015778660774231,88.82680555555555,0.7,2,6,94.03333333333332,0.7637560963630676,27.668058,65.46486,0.2148,2.164404551188151
5KPH_2_6_0_combined_id4,1.3781183958053589,1.2320324182510376,92.49597222222222,0.76,2,6,94.03333333333332,0.7637560963630676,27.668058,65.46486,0.2212,2.221000247531467
5KPH_2_6_0_combined_id5,0.6292898058891296,1.0144355297088623,93.08805555555556,0.76,2,6,94.03333333333332,0.7637560963630676,27.668058,65.46486,0.2213,1.9917221069335933
5KPH_2_6_0_combined_id6,0.5741752982139587,2.138308048248291,92.4088888888889,0.77,2,6,94.03333333333332,0.7637560963630676,27.668058,65.46486,0.2331,2.566394805908203
5KPH_2_6_0_combined_id7,0.5983476638793945,2.1230146884918213,91.47222222222224,0.75,2,6,94.03333333333332,0.7637560963630676,27.668058,65.46486,0.2215,2.509862687852648
5KPH_2_6_0_combined_id8,0.7201622724533081,1.2027989625930786,88.82361111111112,0.7,2,6,94.03333333333332,0.7637560963630676,27.668058,65.46486,0.2136,2.181823942396376
5KPH_2_6_0_combined_id9,0.5953578352928162,1.26920747756958,90.47166666666666,0.74,2,6,94.03333333333332,0.7637560963630676,27.668058,65.46486,0.2218,2.329536437988281
5KPH_2_6_1_combined_id1,0.5890623927116394,2.3517873287200928,90.6138888888889,0.73,2,6,89.47222222222223,0.951676309108734,28.216969,65.18041,0.1953,2.60334226820204
5KPH_2_6_1_combined_id10,0.6009786128997803,2.2788774967193604,88.03722222222223,0.67,2,6,89.47222222222223,0.951676309108734,28.216969,65.18041,0.2091,1.829468621148004
5KPH_2_6_1_combined_id11,0.7682598233222961,1.9902515411376953,94.21055555555556,0.8,2,6,89.47222222222223,0.951676309108734,28.216969,65.18041,0.2012,2.340076022677952
5KPH_2_6_1_combined_id12,0.5459144115447998,2.0583298206329346,94.05194444444444,0.8,2,6,89.47222222222223,0.951676309108734,28.216969,65.18041,0.1877,2.37493642171224
5KPH_2_6_1_combined_id13,1.0733866691589355,2.835186004638672,92.50263888888888,0.77,2,6,89.47222222222223,0.951676309108734,28.216969,65.18041,0.2113,1.9672580295138888
5KPH_2_6_1_combined_id14,0.8401601910591125,2.2559571266174316,92.12763888888888,0.78,2,6,89.47222222222223,0.951676309108734,28.216969,65.18041,0.2128,2.370043012830946
5KPH_2_6_1_combined_id15,0.5814783573150635,2.28328537940979,92.3551388888889,0.79,2,6,89.47222222222223,0.951676309108734,28.216969,65.18041,0.2181,1.8585378858778208
5KPH_2_6_1_combined_id16,0.7818570733070374,2.3819496631622314,92.43041666666666,0.79,2,6,89.47222222222223,0.951676309108734,28.216969,65.18041,0.2645,1.7732166714138455
5KPH_2_6_1_combined_id17,0.6755008101463318,1.837607741355896,92.39041666666668,0.78,2,6,89.47222222222223,0.951676309108734,28.216969,65.18041,0.1762,2.5036222669813366
5KPH_2_6_1_combined_id18,0.6975994110107422,2.1402170658111572,93.12472222222225,0.79,2,6,89.47222222222223,0.951676309108734,28.216969,65.18041,0.2147,2.1476232740614147
5KPH_2_6_1_combined_id19,0.6289888620376587,2.0355887413024902,94.96638888888889,0.82,2,6,89.47222222222223,0.951676309108734,28.216969,65.18041,0.2193,1.8372830284966364
5KPH_2_6_1_combined_id21,0.6575319766998291,2.2718021869659424,88.72513888888888,0.7,2,6,89.47222222222223,0.951676309108734,28.216969,65.18041,0.2259,2.232301076253256
5KPH_2_6_1_combined_id22,0.6294329762458801,1.944457769393921,87.54972222222221,0.7,2,6,89.47222222222223,0.951676309108734,28.216969,65.18041,0.1919,2.048055013020833
5KPH_2_6_1_combined_id23,1.9570097923278809,1.4162031412124634,90.27111111111113,0.75,2,6,89.47222222222223,0.951676309108734,28.216969,65.18041,0.2407,1.859389411078559
5KPH_2_6_1_combined_id24,0.5622872710227966,2.015760898590088,93.50333333333332,0.79,2,6,89.47222222222223,0.951676309108734,28.216969,65.18041,0.1838,2.714848624335395
5KPH_2_6_1_combined_id3,0.5993181467056274,2.1950783729553223,94.6197222222222,0.82,2,6,89.47222222222223,0.951676309108734,28.216969,65.18041,0.2615,1.964673572116428
5KPH_2_6_1_combined_id4,0.7101457118988037,2.3901772499084473,92.41055555555556,0.76,2,6,89.47222222222223,0.951676309108734,28.216969,65.18041,0.2116,2.195452584160699
5KPH_2_6_1_combined_id6,0.7497797608375549,2.175534725189209,91.74375,0.76,2,6,89.47222222222223,0.951676309108734,28.216969,65.18041,0.2112,2.165872997707791
5KPH_2_6_1_combined_id7,0.8591265678405762,1.3264758586883545,88.6086111111111,0.7,2,6,89.47222222222223,0.951676309108734,28.216969,65.18041,0.2046,2.6435892317030163
5KPH_2_6_1_combined_id8,0.6443184614181519,1.9286794662475586,92.37347222222222,0.77,2,6,89.47222222222223,0.951676309108734,28.216969,65.18041,0.2062,2.165857950846354
5KPH_2_6_1_combined_id9,0.8271876573562622,2.03786301612854,90.86069444444443,0.75,2,6,89.47222222222223,0.951676309108734,28.216969,65.18041,0.2437,1.820580588446723
5KPH_2_6_2_combined_id1,0.8634958863258362,2.437535285949707,94.41722222222224,0.82,2,6,96.01125,0.8766960501670837,27.986626,63.639908,0.2391,1.930882771809896
5KPH_2_6_2_combined_id10,0.6763017177581787,1.5916732549667358,92.60388888888887,0.79,2,6,96.01125,0.8766960501670837,27.986626,63.639908,0.204,2.165394253200955
5KPH_2_6_2_combined_id11,0.7155399322509766,2.0552432537078857,88.47333333333333,0.72,2,6,96.01125,0.8766960501670837,27.986626,63.639908,0.1936,2.0722709231906467
5KPH_2_6_2_combined_id12,0.6122866272926331,1.9057865142822266,92.51888888888888,0.77,2,6,96.01125,0.8766960501670837,27.986626,63.639908,0.2129,2.128187603420681
5KPH_2_6_2_combined_id13,1.0312731266021729,1.1673070192337036,88.80694444444445,0.72,2,6,96.01125,0.8766960501670837,27.986626,63.639908,0.2134,1.969328986273872
5KPH_2_6_2_combined_id14,0.559945821762085,1.7405630350112915,94.14333333333332,0.8,2,6,96.01125,0.8766960501670837,27.986626,63.639908,0.2037,2.01023186577691
5KPH_2_6_2_combined_id15,1.0968068838119507,1.6668665409088135,84.99041666666668,0.66,2,6,96.01125,0.8766960501670837,27.986626,63.639908,0.2002,1.8654556274414065
5KPH_2_6_2_combined_id16,0.7884873747825623,1.8274554014205933,88.80874999999999,0.72,2,6,96.01125,0.8766960501670837,27.986626,63.639908,0.1921,2.2687640719943576
5KPH_2_6_2_combined_id17,1.2370458841323853,2.5531115531921387,90.44638888888888,0.75,2,6,96.01125,0.8766960501670837,27.986626,63.639908,0.2339,1.7675886154174805
5KPH_2_6_2_combined_id18,0.6705970168113708,1.6655923128128052,91.15444444444444,0.75,2,6,96.01125,0.8766960501670837,27.986626,63.639908,0.2016,2.0381467607286243
5KPH_2_6_2_combined_id19,1.0512006282806396,1.04661226272583,88.2473611111111,0.74,2,6,96.01125,0.8766960501670837,27.986626,63.639908,0.1971,1.7528835932413738
5KPH_2_6_2_combined_id2,0.7285704016685486,1.866503119468689,93.28875,0.78,2,6,96.01125,0.8766960501670837,27.986626,63.639908,0.2255,2.028977288140191
5KPH_2_6_2_combined_id20,1.0443599224090576,1.4726371765136719,87.16388888888889,0.68,2,6,96.01125,0.8766960501670837,27.986626,63.639908,0.2173,1.794162114461263
5KPH_2_6_2_combined_id21,1.083299994468689,0.9820529222488403,84.6888888888889,0.64,2,6,96.01125,0.8766960501670837,27.986626,63.639908,0.2048,2.185350630018446
5KPH_2_6_2_combined_id22,0.7005177140235901,1.474153757095337,90.74541666666669,0.74,2,6,96.01125,0.8766960501670837,27.986626,63.639908,0.2078,2.08401870727539
5KPH_2_6_2_combined_id23,0.7364770770072937,1.3855094909667969,89.135,0.69,2,6,96.01125,0.8766960501670837,27.986626,63.639908,0.2082,1.78651852077908
5KPH_2_6_2_combined_id24,0.5309260487556458,2.054917335510254,93.96902777777775,0.8,2,6,96.01125,0.8766960501670837,27.986626,63.639908,0.2082,1.8585101233588324
5KPH_2_6_2_combined_id3,0.6816404461860657,1.619211196899414,94.02541666666669,0.81,2,6,96.01125,0.8766960501670837,27.986626,63.639908,0.2256,1.8633210923936632
5KPH_2_6_2_combined_id4,1.0810350179672241,1.354499101638794,87.63527777777777,0.67,2,6,96.01125,0.8766960501670837,27.986626,63.639908,0.2205,1.8178477817111545
5KPH_2_6_2_combined_id5,0.5697097182273865,2.0734825134277344,90.77041666666666,0.75,2,6,96.01125,0.8766960501670837,27.986626,63.639908,0.2034,2.538198047214084
5KPH_2_6_2_combined_id6,0.7780241966247559,1.587257742881775,93.8861111111111,0.8,2,6,96.01125,0.8766960501670837,27.986626,63.639908,0.2034,2.458555221557617
5KPH_2_6_2_combined_id7,0.9177950024604797,1.9350136518478394,88.49208333333334,0.7,2,6,96.01125,0.8766960501670837,27.986626,63.639908,0.2294,1.80732176038954
5KPH_2_6_2_combined_id8,0.710128664970398,1.7365278005599976,94.87333333333336,0.8,2,6,96.01125,0.8766960501670837,27.986626,63.639908,0.1934,2.2434444427490234
5KPH_2_6_3_combined_id1,0.6135188937187195,1.987331748008728,94.53791666666666,0.8,2,6,94.12569444444443,0.8202011585235596,28.666328,65.04311,0.1957,2.943978203667535
5KPH_2_6_3_combined_id10,0.8191118240356445,1.2309635877609253,88.98972222222223,0.72,2,6,94.12569444444443,0.8202011585235596,28.666328,65.04311,0.2123,2.5752410888671875
5KPH_2_6_3_combined_id11,0.5900412201881409,1.5103321075439453,91.23583333333332,0.77,2,6,94.12569444444443,0.8202011585235596,28.666328,65.04311,0.2211,2.23966301812066
5KPH_2_6_3_combined_id12,0.7326985001564026,1.7089399099349976,94.78888888888888,0.8,2,6,94.12569444444443,0.8202011585235596,28.666328,65.04311,0.209,2.330547120836046
5KPH_2_6_3_combined_id13,0.6083762645721436,1.9646787643432617,92.725,0.78,2,6,94.12569444444443,0.8202011585235596,28.666328,65.04311,0.2073,2.2415534125434027
5KPH_2_6_3_combined_id14,0.5927407145500183,1.816010594367981,94.71791666666668,0.81,2,6,94.12569444444443,0.8202011585235596,28.666328,65.04311,0.2337,2.12028545803494
5KPH_2_6_3_combined_id15,0.6789171695709229,2.04970383644104,92.7084722222222,0.77,2,6,94.12569444444443,0.8202011585235596,28.666328,65.04311,0.2169,2.2304712931315103
5KPH_2_6_3_combined_id16,0.6988418102264404,1.6560449600219727,85.9425,0.67,2,6,94.12569444444443,0.8202011585235596,28.666328,65.04311,0.2101,2.4926461113823786
5KPH_2_6_3_combined_id17,0.7861018776893616,1.5150301456451416,91.01013888888887,0.74,2,6,94.12569444444443,0.8202011585235596,28.666328,65.04311,0.1853,2.3305066426595054
5KPH_2_6_3_combined_id18,0.677678108215332,1.3643231391906738,88.94763888888889,0.69,2,6,94.12569444444443,0.8202011585235596,28.666328,65.04311,0.1955,2.3893945482042103
5KPH_2_6_3_combined_id19,0.601543128490448,1.2424954175949097,90.4336111111111,0.76,2,6,94.12569444444443,0.8202011585235596,28.666328,65.04311,0.2115,2.042992909749349
5KPH_2_6_3_combined_id2,0.6400303840637207,1.9703208208084106,91.7851388888889,0.75,2,6,94.12569444444443,0.8202011585235596,28.666328,65.04311,0.1887,2.849016189575196
5KPH_2_6_3_combined_id20,0.5336291790008545,1.9762892723083496,90.09138888888889,0.73,2,6,94.12569444444443,0.8202011585235596,28.666328,65.04311,0.2048,2.210049099392361
5KPH_2_6_3_combined_id21,0.8041067719459534,1.3665797710418701,87.70194444444445,0.7,2,6,94.12569444444443,0.8202011585235596,28.666328,65.04311,0.1977,2.1682605743408203
5KPH_2_6_3_combined_id22,0.6334940791130066,1.8334780931472778,94.74069444444444,0.81,2,6,94.12569444444443,0.8202011585235596,28.666328,65.04311,0.2065,2.4995477464463978
5KPH_2_6_3_combined_id23,0.5317190289497375,1.7453843355178833,91.05652777777776,0.76,2,6,94.12569444444443,0.8202011585235596,28.666328,65.04311,0.2028,2.2642139858669705
5KPH_2_6_3_combined_id24,0.6997392773628235,2.210869789123535,85.18902777777778,0.61,2,6,94.12569444444443,0.8202011585235596,28.666328,65.04311,0.206,2.3546490139431424
5KPH_2_6_3_combined_id3,0.8417605757713318,1.8437557220458984,93.61375,0.8,2,6,94.12569444444443,0.8202011585235596,28.666328,65.04311,0.2419,1.8168741861979167
5KPH_2_6_3_combined_id4,0.8379891514778137,1.979588270187378,95.63166666666666,0.82,2,6,94.12569444444443,0.8202011585235596,28.666328,65.04311,0.2164,2.284845987955729
5KPH_2_6_3_combined_id5,0.6209771633148193,2.0351455211639404,93.22194444444445,0.79,2,6,94.12569444444443,0.8202011585235596,28.666328,65.04311,0.1807,2.806349860297309
5KPH_2_6_3_combined_id6,0.5842499732971191,1.880991816520691,93.67847222222224,0.78,2,6,94.12569444444443,0.8202011585235596,28.666328,65.04311,0.2223,2.2638458675808377
5KPH_2_6_3_combined_id7,0.6088280081748962,1.8357141017913818,94.2401388888889,0.81,2,6,94.12569444444443,0.8202011585235596,28.666328,65.04311,0.2266,2.356411404079861
5KPH_2_6_3_combined_id8,0.8219296932220459,1.958093523979187,94.7038888888889,0.81,2,6,94.12569444444443,0.8202011585235596,28.666328,65.04311,0.1956,2.468250274658203
5KPH_2_6_3_combined_id9,1.0269954204559326,1.6757228374481201,90.08513888888888,0.73,2,6,94.12569444444443,0.8202011585235596,28.666328,65.04311,0.212,2.518526077270508
5KPH_2_6_4_combined_id1,0.654193103313446,2.1514859199523926,92.59180555555557,0.79,2,6,93.75569444444444,0.7209728956222534,27.992249,63.84693,0.1932,2.222352769639757
5KPH_2_6_4_combined_id10,1.576638102531433,0.9527362585067749,91.61736111111112,0.76,2,6,93.75569444444444,0.7209728956222534,27.992249,63.84693,0.2224,2.304855134752062
5KPH_2_6_4_combined_id11,0.7274730801582336,1.965571403503418,91.31972222222224,0.77,2,6,93.75569444444444,0.7209728956222534,27.992249,63.84693,0.2334,2.098998599582248
5KPH_2_6_4_combined_id12,0.599190354347229,1.9525666236877441,89.09986111111112,0.7,2,6,93.75569444444444,0.7209728956222534,27.992249,63.84693,0.1925,2.5713882446289062
5KPH_2_6_4_combined_id13,0.7160183191299438,1.727593183517456,91.8722222222222,0.76,2,6,93.75569444444444,0.7209728956222534,27.992249,63.84693,0.2038,2.739365895589193
5KPH_2_6_4_combined_id14,1.4275476932525635,0.9410794973373413,93.1398611111111,0.76,2,6,93.75569444444444,0.7209728956222534,27.992249,63.84693,0.2425,2.3196756574842663
5KPH_2_6_4_combined_id15,0.7461482286453247,1.8266063928604126,90.6513888888889,0.74,2,6,93.75569444444444,0.7209728956222534,27.992249,63.84693,0.2024,1.896957609388564
5KPH_2_6_4_combined_id16,1.11445951461792,1.4948663711547852,86.30916666666667,0.67,2,6,93.75569444444444,0.7209728956222534,27.992249,63.84693,0.1849,2.431629180908203
5KPH_2_6_4_combined_id17,0.6048256754875183,1.9968799352645874,87.24805555555557,0.68,2,6,93.75569444444444,0.7209728956222534,27.992249,63.84693,0.19,1.956391016642253
5KPH_2_6_4_combined_id18,0.9697198271751404,2.5141561031341553,92.96458333333334,0.79,2,6,93.75569444444444,0.7209728956222534,27.992249,63.84693,0.2011,2.015623516506619
5KPH_2_6_4_combined_id19,0.8146218061447144,2.2511515617370605,90.86791666666666,0.72,2,6,93.75569444444444,0.7209728956222534,27.992249,63.84693,0.2233,2.2360668182373047
5KPH_2_6_4_combined_id2,0.7117605209350586,2.2215769290924072,88.27388888888888,0.7,2,6,93.75569444444444,0.7209728956222534,27.992249,63.84693,0.2184,2.639375686645508
5KPH_2_6_4_combined_id20,1.0677287578582764,1.605618953704834,85.70041666666667,0.65,2,6,93.75569444444444,0.7209728956222534,27.992249,63.84693,0.195,1.8741806877983944
5KPH_2_6_4_combined_id21,0.8782251477241516,1.705978512763977,90.22097222222222,0.73,2,6,93.75569444444444,0.7209728956222534,27.992249,63.84693,0.224,1.9123776753743489
5KPH_2_6_4_combined_id22,1.0612976551055908,1.6591461896896362,88.21374999999999,0.7,2,6,93.75569444444444,0.7209728956222534,27.992249,63.84693,0.1806,2.278458489312066
5KPH_2_6_4_combined_id23,0.88869708776474,2.239384174346924,89.365,0.7,2,6,93.75569444444444,0.7209728956222534,27.992249,63.84693,0.2141,2.0059842003716364
5KPH_2_6_4_combined_id24,0.6139902472496033,2.1257920265197754,92.8725,0.78,2,6,93.75569444444444,0.7209728956222534,27.992249,63.84693,0.1815,2.635158114963108
5KPH_2_6_4_combined_id3,0.6550081372261047,1.8725826740264893,89.48527777777777,0.71,2,6,93.75569444444444,0.7209728956222534,27.992249,63.84693,0.1868,2.057554880777994
5KPH_2_6_4_combined_id4,1.5679352283477783,1.3309072256088257,84.21249999999999,0.63,2,6,93.75569444444444,0.7209728956222534,27.992249,63.84693,0.2083,1.812337875366211
5KPH_2_6_4_combined_id5,0.6137847304344177,2.195533275604248,92.28125,0.77,2,6,93.75569444444444,0.7209728956222534,27.992249,63.84693,0.2002,2.5333754221598306
5KPH_2_6_4_combined_id6,0.6738891005516052,2.3382511138916016,89.35222222222222,0.72,2,6,93.75569444444444,0.7209728956222534,27.992249,63.84693,0.2056,2.3759242163764105
5KPH_2_6_4_combined_id7,0.9178164005279541,1.3338677883148193,88.01416666666665,0.7,2,6,93.75569444444444,0.7209728956222534,27.992249,63.84693,0.1873,1.9080259535047743
5KPH_2_6_4_combined_id8,0.8599950671195984,1.8871703147888184,92.04430555555555,0.76,2,6,93.75569444444444,0.7209728956222534,27.992249,63.84693,0.1914,2.12488153245714
5KPH_2_6_4_combined_id9,0.5741093754768372,2.00242018699646,89.2851388888889,0.72,2,6,93.75569444444444,0.7209728956222534,27.992249,63.84693,0.1877,2.4670448303222656
5KPH_2_6_5_combined_id1,0.9022871851921082,1.4897874593734741,90.21347222222222,0.73,2,6,95.3327777777778,0.8367829322814941,27.480957,64.518654,0.2249,2.4911706712510853
5KPH_2_6_5_combined_id10,1.1773380041122437,1.3445862531661987,87.59708333333333,0.7,2,6,95.3327777777778,0.8367829322814941,27.480957,64.518654,0.2388,1.7639005449083116
5KPH_2_6_5_combined_id11,1.1208370923995972,1.3448675870895386,87.5826388888889,0.69,2,6,95.3327777777778,0.8367829322814941,27.480957,64.518654,0.2226,1.9249903361002605
5KPH_2_6_5_combined_id12,0.7162616848945618,2.153724193572998,88.61069444444443,0.7,2,6,95.3327777777778,0.8367829322814941,27.480957,64.518654,0.225,2.0582008361816406
5KPH_2_6_5_combined_id13,0.7705076932907104,1.4727338552474976,90.33722222222222,0.73,2,6,95.3327777777778,0.8367829322814941,27.480957,64.518654,0.2103,2.5143453809950085
5KPH_2_6_5_combined_id14,0.9158905744552612,1.2802972793579102,84.13680555555555,0.64,2,6,95.3327777777778,0.8367829322814941,27.480957,64.518654,0.1928,2.171250237358941
5KPH_2_6_5_combined_id15,1.090927243232727,1.3801912069320679,83.60875,0.63,2,6,95.3327777777778,0.8367829322814941,27.480957,64.518654,0.1823,2.002749972873264
5KPH_2_6_5_combined_id16,0.7782374620437622,1.5907552242279053,83.58749999999999,0.64,2,6,95.3327777777778,0.8367829322814941,27.480957,64.518654,0.1841,2.0834905836317272
5KPH_2_6_5_combined_id17,0.6293094754219055,2.01094388961792,92.17652777777778,0.76,2,6,95.3327777777778,0.8367829322814941,27.480957,64.518654,0.2157,1.9280912611219616
5KPH_2_6_5_combined_id18,0.8526697158813477,1.1481614112854004,92.35138888888888,0.76,2,6,95.3327777777778,0.8367829322814941,27.480957,64.518654,0.1993,2.337474399142795
5KPH_2_6_5_combined_id19,1.0698052644729614,1.1267765760421753,91.52152777777776,0.76,2,6,95.3327777777778,0.8367829322814941,27.480957,64.518654,0.2133,1.890647464328342
5KPH_2_6_5_combined_id2,0.8452644944190979,1.285912275314331,90.38444444444444,0.73,2,6,95.3327777777778,0.8367829322814941,27.480957,64.518654,0.2564,1.9665646023220489
5KPH_2_6_5_combined_id20,0.5811418294906616,1.9309252500534058,94.77083333333331,0.8,2,6,95.3327777777778,0.8367829322814941,27.480957,64.518654,0.2424,2.156291961669922
5KPH_2_6_5_combined_id21,0.6311153769493103,1.7044787406921387,95.35611111111112,0.82,2,6,95.3327777777778,0.8367829322814941,27.480957,64.518654,0.1934,1.917724821302626
5KPH_2_6_5_combined_id22,1.4722126722335815,1.0550971031188965,89.79680555555557,0.71,2,6,95.3327777777778,0.8367829322814941,27.480957,64.518654,0.1842,1.89425786336263
5KPH_2_6_5_combined_id23,1.5936421155929565,1.175554871559143,85.38111111111112,0.67,2,6,95.3327777777778,0.8367829322814941,27.480957,64.518654,0.2414,1.825437757703993
5KPH_2_6_5_combined_id24,0.7546516060829163,1.7748920917510986,91.75569444444444,0.76,2,6,95.3327777777778,0.8367829322814941,27.480957,64.518654,0.2223,1.768464618259006
5KPH_2_6_5_combined_id3,0.9624624252319336,1.067760705947876,92.34347222222222,0.77,2,6,95.3327777777778,0.8367829322814941,27.480957,64.518654,0.222,2.064851760864258
5KPH_2_6_5_combined_id4,0.6222059726715088,2.1136603355407715,93.05097222222224,0.78,2,6,95.3327777777778,0.8367829322814941,27.480957,64.518654,0.1985,2.3897247314453125
5KPH_2_6_5_combined_id5,0.9760398864746094,1.3266575336456299,92.6975,0.77,2,6,95.3327777777778,0.8367829322814941,27.480957,64.518654,0.237,1.904390123155382
5KPH_2_6_5_combined_id6,1.2766599655151367,0.8875280618667603,86.38958333333335,0.66,2,6,95.3327777777778,0.8367829322814941,27.480957,64.518654,0.1909,2.3488057454427085
5KPH_2_6_5_combined_id8,3.025836706161499,2.551649808883667,91.21305555555556,0.76,2,6,95.3327777777778,0.8367829322814941,27.480957,64.518654,0.2383,1.766805542839898
5KPH_2_6_5_combined_id9,0.758563756942749,1.357454538345337,89.11375,0.72,2,6,95.3327777777778,0.8367829322814941,27.480957,64.518654,0.214,2.1056543986002603
5KPH_2_6_6_combined_id1,0.5854520201683044,2.049314022064209,92.23402777777775,0.77,2,6,90.22472222222224,0.9819456934928894,27.090137,66.43267,0.1974,2.257561365763346
5KPH_2_6_6_combined_id10,1.020897388458252,2.459232807159424,87.44875,0.66,2,6,90.22472222222224,0.9819456934928894,27.090137,66.43267,0.2144,2.4482905069986978
5KPH_2_6_6_combined_id11,0.589270830154419,2.0696487426757812,94.24847222222223,0.8,2,6,90.22472222222224,0.9819456934928894,27.090137,66.43267,0.1814,2.9332743750678167
5KPH_2_6_6_combined_id12,0.6575225591659546,2.0256361961364746,88.98541666666667,0.73,2,6,90.22472222222224,0.9819456934928894,27.090137,66.43267,0.2398,2.1158553229437933
5KPH_2_6_6_combined_id13,0.6173391938209534,1.7557693719863892,88.31319444444443,0.68,2,6,90.22472222222224,0.9819456934928894,27.090137,66.43267,0.1963,2.3054377237955728
5KPH_2_6_6_combined_id14,0.6247385144233704,1.6687268018722534,90.81819444444444,0.75,2,6,90.22472222222224,0.9819456934928894,27.090137,66.43267,0.2306,1.968719482421875
5KPH_2_6_6_combined_id15,0.8040618300437927,2.482386589050293,92.52944444444444,0.77,2,6,90.22472222222224,0.9819456934928894,27.090137,66.43267,0.22,2.032610151502821
5KPH_2_6_6_combined_id16,0.6223813891410828,2.063662052154541,90.72541666666666,0.72,2,6,90.22472222222224,0.9819456934928894,27.090137,66.43267,0.2118,2.4218788146972656
5KPH_2_6_6_combined_id17,1.0041090250015259,1.1048927307128906,87.04513888888889,0.68,2,6,90.22472222222224,0.9819456934928894,27.090137,66.43267,0.237,2.10872565375434
5KPH_2_6_6_combined_id18,0.9481436610221863,2.542433261871338,87.01055555555556,0.69,2,6,90.22472222222224,0.9819456934928894,27.090137,66.43267,0.1859,2.2475450303819446
5KPH_2_6_6_combined_id19,0.7017866969108582,2.0893468856811523,87.34694444444443,0.66,2,6,90.22472222222224,0.9819456934928894,27.090137,66.43267,0.1944,2.5520445505778
5KPH_2_6_6_combined_id2,0.6933414936065674,1.7943187952041626,90.40944444444445,0.74,2,6,90.22472222222224,0.9819456934928894,27.090137,66.43267,0.2066,2.0810398525661893
5KPH_2_6_6_combined_id20,0.5556067228317261,1.7617894411087036,90.97708333333333,0.77,2,6,90.22472222222224,0.9819456934928894,27.090137,66.43267,0.1951,2.242526372273763
5KPH_2_6_6_combined_id21,0.6654611825942993,2.015071392059326,92.12972222222224,0.76,2,6,90.22472222222224,0.9819456934928894,27.090137,66.43267,0.1996,2.221413082546658
5KPH_2_6_6_combined_id22,0.773731529712677,2.3890936374664307,93.60416666666669,0.78,2,6,90.22472222222224,0.9819456934928894,27.090137,66.43267,0.1863,2.476341035630968
5KPH_2_6_6_combined_id23,0.684409499168396,2.0025432109832764,89.74222222222221,0.68,2,6,90.22472222222224,0.9819456934928894,27.090137,66.43267,0.2106,2.4422594706217446
5KPH_2_6_6_combined_id24,1.971739411354065,1.1228110790252686,94.72194444444445,0.8,2,6,90.22472222222224,0.9819456934928894,27.090137,66.43267,0.2421,1.8905970255533853
5KPH_2_6_6_combined_id3,1.0812779664993286,1.5124350786209106,87.1601388888889,0.69,2,6,90.22472222222224,0.9819456934928894,27.090137,66.43267,0.2177,2.3739424811469183
5KPH_2_6_6_combined_id4,0.6072534918785095,2.2077114582061768,92.94916666666668,0.77,2,6,90.22472222222224,0.9819456934928894,27.090137,66.43267,0.2177,2.065686543782552
5KPH_2_6_6_combined_id5,0.6974674463272095,1.1148751974105835,92.49611111111112,0.78,2,6,90.22472222222224,0.9819456934928894,27.090137,66.43267,0.2228,2.051414277818468
5KPH_2_6_6_combined_id6,0.5790297985076904,1.8893101215362549,93.38555555555556,0.79,2,6,90.22472222222224,0.9819456934928894,27.090137,66.43267,0.2069,2.1912044949001737
5KPH_2_6_6_combined_id7,1.7526301145553589,1.2752999067306519,85.50597222222221,0.67,2,6,90.22472222222224,0.9819456934928894,27.090137,66.43267,0.2258,1.9319712320963545
5KPH_2_6_6_combined_id8,0.6145737767219543,1.8910280466079712,90.22763888888888,0.73,2,6,90.22472222222224,0.9819456934928894,27.090137,66.43267,0.2047,2.2124044630262585
5KPH_2_6_6_combined_id9,0.8960325121879578,1.7023792266845703,91.6536111111111,0.75,2,6,90.22472222222224,0.9819456934928894,27.090137,66.43267,0.2106,2.260445064968533
5KPH_2_6_7_combined_id1,0.7152279615402222,2.0608644485473633,93.72236111111113,0.8,2,6,93.64430555555556,0.916645050048828,28.314137,64.24586,0.2211,1.944263458251953
5KPH_2_6_7_combined_id10,0.7306933403015137,2.259730815887451,87.78722222222223,0.7,2,6,93.64430555555556,0.916645050048828,28.314137,64.24586,0.2043,2.133716583251953
5KPH_2_6_7_combined_id11,0.7815666794776917,2.066915988922119,84.76472222222222,0.65,2,6,93.64430555555556,0.916645050048828,28.314137,64.24586,0.1947,1.928869035508897
5KPH_2_6_7_combined_id12,1.3710325956344604,1.125193476676941,87.07000000000001,0.7,2,6,93.64430555555556,0.916645050048828,28.314137,64.24586,0.2096,2.365666283501519
5KPH_2_6_7_combined_id13,0.6879116892814636,2.088738441467285,89.24027777777776,0.74,2,6,93.64430555555556,0.916645050048828,28.314137,64.24586,0.229,2.051409827338325
5KPH_2_6_7_combined_id14,0.6911150813102722,1.845295786857605,96.29472222222222,0.83,2,6,93.64430555555556,0.916645050048828,28.314137,64.24586,0.2095,2.2468499077690973
5KPH_2_6_7_combined_id15,0.7214663624763489,2.0274534225463867,93.07722222222225,0.78,2,6,93.64430555555556,0.916645050048828,28.314137,64.24586,0.2371,2.0782364739312067
5KPH_2_6_7_combined_id16,0.7984727025032043,2.386496067047119,93.245,0.78,2,6,93.64430555555556,0.916645050048828,28.314137,64.24586,0.2002,2.4124166700575085
5KPH_2_6_7_combined_id17,1.8669185638427734,2.3545479774475098,88.64027777777778,0.71,2,6,93.64430555555556,0.916645050048828,28.314137,64.24586,0.1856,2.097293429904514
5KPH_2_6_7_combined_id18,0.7443523406982422,1.8658218383789062,94.10194444444444,0.8,2,6,93.64430555555556,0.916645050048828,28.314137,64.24586,0.209,2.3664033677842884
5KPH_2_6_7_combined_id19,1.3997304439544678,1.2746188640594482,87.39166666666667,0.7,2,6,93.64430555555556,0.916645050048828,28.314137,64.24586,0.2105,2.055806054009332
5KPH_2_6_7_combined_id2,0.5927503108978271,1.397133708000183,88.54583333333333,0.71,2,6,93.64430555555556,0.916645050048828,28.314137,64.24586,0.2131,2.030726750691732
5KPH_2_6_7_combined_id20,0.9889858365058899,1.1020570993423462,89.63624999999999,0.73,2,6,93.64430555555556,0.916645050048828,28.314137,64.24586,0.2364,1.9704903496636288
5KPH_2_6_7_combined_id21,0.6147089004516602,2.2007861137390137,92.81305555555556,0.78,2,6,93.64430555555556,0.916645050048828,28.314137,64.24586,0.1805,2.621914757622613
5KPH_2_6_7_combined_id22,0.797117292881012,2.391343355178833,90.67652777777778,0.73,2,6,93.64430555555556,0.916645050048828,28.314137,64.24586,0.1955,2.37008179558648
5KPH_2_6_7_combined_id24,0.597402811050415,1.6820427179336548,89.89069444444443,0.73,2,6,93.64430555555556,0.916645050048828,28.314137,64.24586,0.2128,2.4841766357421875
5KPH_2_6_7_combined_id3,0.5614983439445496,1.9502758979797363,90.95222222222225,0.74,2,6,93.64430555555556,0.916645050048828,28.314137,64.24586,0.2028,2.3252232869466147
5KPH_2_6_7_combined_id4,0.7942839860916138,1.8724842071533203,87.51430555555557,0.69,2,6,93.64430555555556,0.916645050048828,28.314137,64.24586,0.2029,2.163260565863715
5KPH_2_6_7_combined_id5,0.9359484910964966,1.3147132396697998,86.11138888888888,0.67,2,6,93.64430555555556,0.916645050048828,28.314137,64.24586,0.203,2.1927816602918835
5KPH_2_6_7_combined_id6,0.8001681566238403,2.0215163230895996,92.6763888888889,0.79,2,6,93.64430555555556,0.916645050048828,28.314137,64.24586,0.2011,2.0561468336317272
5KPH_2_6_7_combined_id7,0.7274788022041321,1.7637877464294434,91.60444444444444,0.76,2,6,93.64430555555556,0.916645050048828,28.314137,64.24586,0.2222,1.945028305053711
5KPH_2_6_7_combined_id8,0.7411006689071655,2.003180503845215,95.56125,0.82,2,6,93.64430555555556,0.916645050048828,28.314137,64.24586,0.2288,2.246371587117513
5KPH_2_6_7_combined_id9,0.5543779134750366,0.9735959768295288,88.41749999999999,0.68,2,6,93.64430555555556,0.916645050048828,28.314137,64.24586,0.2042,2.562137179904514
5KPH_2_6_8_combined_id1,0.6086906790733337,2.1030261516571045,88.49444444444445,0.72,2,6,95.1,0.6572152376174927,28.037792,64.4331,0.1797,2.459792243109809
5KPH_2_6_8_combined_id10,0.7817477583885193,1.6863490343093872,94.08819444444444,0.8,2,6,95.1,0.6572152376174927,28.037792,64.4331,0.2075,2.094943788316515
5KPH_2_6_8_combined_id11,0.6810796856880188,2.211909055709839,92.7140277777778,0.78,2,6,95.1,0.6572152376174927,28.037792,64.4331,0.1777,2.828871832953559
5KPH_2_6_8_combined_id12,0.9725627899169922,2.6639487743377686,91.20402777777775,0.77,2,6,95.1,0.6572152376174927,28.037792,64.4331,0.2158,1.9914529588487413
5KPH_2_6_8_combined_id13,0.8939658999443054,1.4511828422546387,91.86305555555556,0.76,2,6,95.1,0.6572152376174927,28.037792,64.4331,0.2016,2.4683534834120007
5KPH_2_6_8_combined_id14,1.326062798500061,3.141601800918579,87.78347222222222,0.69,2,6,95.1,0.6572152376174927,28.037792,64.4331,0.1726,2.745136260986328
5KPH_2_6_8_combined_id15,0.7861070036888123,1.3354836702346802,89.73583333333333,0.74,2,6,95.1,0.6572152376174927,28.037792,64.4331,0.2046,2.307847340901693
5KPH_2_6_8_combined_id16,0.5892154574394226,1.3488390445709229,87.55791666666667,0.67,2,6,95.1,0.6572152376174927,28.037792,64.4331,0.1715,2.475899166531033
5KPH_2_6_8_combined_id17,0.48590710759162903,1.9361690282821655,93.82986111111111,0.79,2,6,95.1,0.6572152376174927,28.037792,64.4331,0.1954,2.281518088446723
5KPH_2_6_8_combined_id18,0.6996840834617615,1.9914345741271973,89.36736111111112,0.73,2,6,95.1,0.6572152376174927,28.037792,64.4331,0.1998,2.502012888590494
5KPH_2_6_8_combined_id19,0.5748869180679321,2.130369186401367,94.7761111111111,0.82,2,6,95.1,0.6572152376174927,28.037792,64.4331,0.1681,2.702389187282986
5KPH_2_6_8_combined_id2,0.7515294551849365,1.7714571952819824,90.96416666666669,0.76,2,6,95.1,0.6572152376174927,28.037792,64.4331,0.2083,2.1271260579427085
5KPH_2_6_8_combined_id20,1.2178722620010376,2.6778013706207275,87.34402777777777,0.67,2,6,95.1,0.6572152376174927,28.037792,64.4331,0.1909,2.2564608256022134
5KPH_2_6_8_combined_id21,0.5256730914115906,2.223564624786377,94.99930555555557,0.81,2,6,95.1,0.6572152376174927,28.037792,64.4331,0.1768,2.901056925455729
5KPH_2_6_8_combined_id22,0.901788592338562,2.383904457092285,89.37402777777778,0.74,2,6,95.1,0.6572152376174927,28.037792,64.4331,0.2231,1.892102983262804
5KPH_2_6_8_combined_id23,0.46988368034362793,2.056217908859253,90.8086111111111,0.74,2,6,95.1,0.6572152376174927,28.037792,64.4331,0.18,2.5439609951443143
5KPH_2_6_8_combined_id24,0.5662025809288025,1.9898675680160522,89.185,0.7,2,6,95.1,0.6572152376174927,28.037792,64.4331,0.2032,2.319474114312066
5KPH_2_6_8_combined_id3,1.0642006397247314,2.5010337829589844,86.20652777777778,0.66,2,6,95.1,0.6572152376174927,28.037792,64.4331,0.2346,2.068796581692166
5KPH_2_6_8_combined_id4,0.6094949841499329,1.9795373678207397,91.82444444444444,0.77,2,6,95.1,0.6572152376174927,28.037792,64.4331,0.188,2.789044486151801
5KPH_2_6_8_combined_id5,0.6302956938743591,2.0385313034057617,88.40263888888889,0.73,2,6,95.1,0.6572152376174927,28.037792,64.4331,0.1917,2.361517588297526
5KPH_2_6_8_combined_id6,0.5725405812263489,2.1630699634552,93.5213888888889,0.78,2,6,95.1,0.6572152376174927,28.037792,64.4331,0.1941,2.5400594075520835
5KPH_2_6_8_combined_id7,0.669592559337616,2.2496654987335205,92.78986111111112,0.76,2,6,95.1,0.6572152376174927,28.037792,64.4331,0.1982,2.5801158481174045
5KPH_2_6_8_combined_id8,0.666892945766449,1.9035048484802246,94.0652777777778,0.8,2,6,95.1,0.6572152376174927,28.037792,64.4331,0.1893,2.392054663764106
5KPH_2_6_8_combined_id9,0.4659879803657532,1.615273118019104,90.49958333333332,0.73,2,6,95.1,0.6572152376174927,28.037792,64.4331,0.211,2.202913920084636
5KPH_2_6_9_combined_id1,0.7010512948036194,1.787413239479065,95.41791666666666,0.82,2,6,93.82722222222225,0.7361128926277161,28.183655,65.70494,0.2054,2.024199379814996
5KPH_2_6_9_combined_id10,0.6801523566246033,1.7961660623550415,91.54055555555556,0.75,2,6,93.82722222222225,0.7361128926277161,28.183655,65.70494,0.1937,2.2422186533610025
5KPH_2_6_9_combined_id11,0.5728701949119568,2.0887649059295654,91.3934722222222,0.76,2,6,93.82722222222225,0.7361128926277161,28.183655,65.70494,0.2111,1.8115645514594183
5KPH_2_6_9_combined_id12,1.2413933277130127,1.284027099609375,93.22944444444444,0.78,2,6,93.82722222222225,0.7361128926277161,28.183655,65.70494,0.2376,1.983379787868924
5KPH_2_6_9_combined_id13,1.960152506828308,1.540452003479004,84.23666666666666,0.65,2,6,93.82722222222225,0.7361128926277161,28.183655,65.70494,0.2093,1.886835310194228
5KPH_2_6_9_combined_id14,0.8727001547813416,2.087209463119507,86.25638888888889,0.66,2,6,93.82722222222225,0.7361128926277161,28.183655,65.70494,0.211,2.110294342041016
5KPH_2_6_9_combined_id15,0.6318098306655884,2.0723562240600586,92.84944444444444,0.76,2,6,93.82722222222225,0.7361128926277161,28.183655,65.70494,0.2084,2.094320297241211
5KPH_2_6_9_combined_id16,0.5702430009841919,1.7864000797271729,93.5184722222222,0.8,2,6,93.82722222222225,0.7361128926277161,28.183655,65.70494,0.2259,2.104294670952691
5KPH_2_6_9_combined_id17,0.5862640738487244,1.672061562538147,91.92902777777778,0.79,2,6,93.82722222222225,0.7361128926277161,28.183655,65.70494,0.2217,1.746779653761122
5KPH_2_6_9_combined_id18,0.6439423561096191,1.9666303396224976,95.0773611111111,0.81,2,6,93.82722222222225,0.7361128926277161,28.183655,65.70494,0.2188,2.138187620374892
5KPH_2_6_9_combined_id19,0.6161450147628784,1.806391716003418,92.9673611111111,0.78,2,6,93.82722222222225,0.7361128926277161,28.183655,65.70494,0.1876,2.169453514946832
5KPH_2_6_9_combined_id2,0.8164869546890259,1.822601556777954,93.19444444444444,0.78,2,6,93.82722222222225,0.7361128926277161,28.183655,65.70494,0.1931,2.300323062472873
5KPH_2_6_9_combined_id20,1.2498646974563599,2.370591640472412,89.36291666666666,0.73,2,6,93.82722222222225,0.7361128926277161,28.183655,65.70494,0.2261,1.76567808787028
5KPH_2_6_9_combined_id21,0.684087872505188,2.022515058517456,93.18333333333334,0.8,2,6,93.82722222222225,0.7361128926277161,28.183655,65.70494,0.2366,1.9374398125542536
5KPH_2_6_9_combined_id22,0.6212873458862305,2.213287591934204,91.6027777777778,0.75,2,6,93.82722222222225,0.7361128926277161,28.183655,65.70494,0.2248,2.677057054307726
5KPH_2_6_9_combined_id23,0.7263507843017578,1.5282198190689087,92.46402777777776,0.78,2,6,93.82722222222225,0.7361128926277161,28.183655,65.70494,0.2021,2.149295171101888
5KPH_2_6_9_combined_id24,0.6830374598503113,1.944835901260376,87.90027777777777,0.69,2,6,93.82722222222225,0.7361128926277161,28.183655,65.70494,0.1757,2.334103478325738
5KPH_2_6_9_combined_id3,0.9529380202293396,1.4600567817687988,89.02888888888889,0.72,2,6,93.82722222222225,0.7361128926277161,28.183655,65.70494,0.2065,1.715698030259874
5KPH_2_6_9_combined_id4,0.7080470323562622,1.9410227537155151,90.56708333333331,0.74,2,6,93.82722222222225,0.7361128926277161,28.183655,65.70494,0.2093,2.3389754825168185
5KPH_2_6_9_combined_id5,0.7073765397071838,1.9291162490844727,93.92638888888888,0.81,2,6,93.82722222222225,0.7361128926277161,28.183655,65.70494,0.2001,2.0001712375217013
5KPH_2_6_9_combined_id6,0.5100849270820618,2.0382564067840576,92.92138888888888,0.78,2,6,93.82722222222225,0.7361128926277161,28.183655,65.70494,0.2005,2.1836030748155384
5KPH_2_6_9_combined_id7,0.7979291677474976,1.9002430438995361,94.8913888888889,0.81,2,6,93.82722222222225,0.7361128926277161,28.183655,65.70494,0.212,1.9814453125
5KPH_2_6_9_combined_id8,0.6517705321311951,1.895456075668335,94.20680555555556,0.8,2,6,93.82722222222225,0.7361128926277161,28.183655,65.70494,0.2342,1.892667982313368
5KPH_2_6_9_combined_id9,0.7016164064407349,1.9997692108154297,91.03916666666666,0.76,2,6,93.82722222222225,0.7361128926277161,28.183655,65.70494,0.2012,1.947549184163412
5KPH_2_8_0_combined_id1,0.8323104977607727,2.426497220993042,95.39722222222224,0.82,2,8,94.51180555555555,0.7755773067474365,27.813906,63.542465,0.2198,1.881605784098308
5KPH_2_8_0_combined_id10,1.629392147064209,2.4310660362243652,89.99138888888889,0.72,2,8,94.51180555555555,0.7755773067474365,27.813906,63.542465,0.196,1.8001020219590929
5KPH_2_8_0_combined_id11,0.8621408343315125,1.3729134798049927,87.40013888888889,0.69,2,8,94.51180555555555,0.7755773067474365,27.813906,63.542465,0.2077,1.6795217725965712
5KPH_2_8_0_combined_id12,0.5989758968353271,2.032188653945923,92.13083333333331,0.75,2,8,94.51180555555555,0.7755773067474365,27.813906,63.542465,0.1978,2.503746668497721
5KPH_2_8_0_combined_id13,0.7340431809425354,1.3795737028121948,87.73875,0.7,2,8,94.51180555555555,0.7755773067474365,27.813906,63.542465,0.1984,2.382385677761502
5KPH_2_8_0_combined_id14,1.3918571472167969,1.331458568572998,94.09333333333332,0.79,2,8,94.51180555555555,0.7755773067474365,27.813906,63.542465,0.1994,2.1367176903618708
5KPH_2_8_0_combined_id15,0.5821588039398193,1.0454500913619995,91.19569444444444,0.76,2,8,94.51180555555555,0.7755773067474365,27.813906,63.542465,0.189,2.34729364183214
5KPH_2_8_0_combined_id16,0.4428365230560303,1.5004781484603882,94.86625,0.8,2,8,94.51180555555555,0.7755773067474365,27.813906,63.542465,0.1964,2.0904324849446616
5KPH_2_8_0_combined_id17,0.5547617077827454,2.2308478355407715,94.0313888888889,0.78,2,8,94.51180555555555,0.7755773067474365,27.813906,63.542465,0.2066,2.09829330444336
5KPH_2_8_0_combined_id18,0.6396262645721436,1.8986032009124756,95.43680555555557,0.83,2,8,94.51180555555555,0.7755773067474365,27.813906,63.542465,0.2071,2.3368089463975696
5KPH_2_8_0_combined_id19,0.8432722687721252,0.993805468082428,92.84194444444444,0.77,2,8,94.51180555555555,0.7755773067474365,27.813906,63.542465,0.2218,1.9177097744411893
5KPH_2_8_0_combined_id2,0.7369195222854614,2.428561210632324,91.0534722222222,0.74,2,8,94.51180555555555,0.7755773067474365,27.813906,63.542465,0.2128,2.2461666531032987
5KPH_2_8_0_combined_id20,2.367115020751953,1.5371785163879395,93.96,0.79,2,8,94.51180555555555,0.7755773067474365,27.813906,63.542465,0.2037,2.1788387298583984
5KPH_2_8_0_combined_id21,0.7729865908622742,2.3402600288391113,95.4426388888889,0.81,2,8,94.51180555555555,0.7755773067474365,27.813906,63.542465,0.2119,1.9131895701090496
5KPH_2_8_0_combined_id22,0.9197019934654236,1.8282248973846436,85.95694444444445,0.65,2,8,94.51180555555555,0.7755773067474365,27.813906,63.542465,0.2068,1.8911209106445312
5KPH_2_8_0_combined_id23,1.9439189434051514,1.127331256866455,94.115,0.79,2,8,94.51180555555555,0.7755773067474365,27.813906,63.542465,0.2064,2.213368945651584
5KPH_2_8_0_combined_id24,1.2304600477218628,1.019553303718567,90.12791666666666,0.73,2,8,94.51180555555555,0.7755773067474365,27.813906,63.542465,0.2014,1.8904783460829
5KPH_2_8_0_combined_id3,0.9523382186889648,1.6753888130187988,89.06319444444443,0.74,2,8,94.51180555555555,0.7755773067474365,27.813906,63.542465,0.1812,2.653212865193685
5KPH_2_8_0_combined_id4,0.8362553119659424,1.5605425834655762,87.82166666666666,0.71,2,8,94.51180555555555,0.7755773067474365,27.813906,63.542465,0.207,2.1780484517415366
5KPH_2_8_0_combined_id5,0.6744064688682556,2.356325626373291,93.97194444444445,0.79,2,8,94.51180555555555,0.7755773067474365,27.813906,63.542465,0.162,2.67512321472168
5KPH_2_8_0_combined_id6,1.91050124168396,2.2898898124694824,94.11736111111112,0.8,2,8,94.51180555555555,0.7755773067474365,27.813906,63.542465,0.1982,2.112207624647352
5KPH_2_8_0_combined_id7,1.3135968446731567,1.961797833442688,87.8438888888889,0.73,2,8,94.51180555555555,0.7755773067474365,27.813906,63.542465,0.1929,2.016607920328776
5KPH_2_8_0_combined_id8,0.6306945085525513,1.773915410041809,93.79097222222222,0.79,2,8,94.51180555555555,0.7755773067474365,27.813906,63.542465,0.1908,2.152122073703342
5KPH_2_8_0_combined_id9,0.6200165748596191,2.140881061553955,92.73611111111111,0.79,2,8,94.51180555555555,0.7755773067474365,27.813906,63.542465,0.1824,2.694722705417209
5KPH_2_8_1_combined_id1,0.8172457814216614,1.2357513904571533,90.49583333333334,0.75,2,8,94.05930555555555,0.6682207584381104,28.702074,64.5545,0.2139,1.997271007961697
5KPH_2_8_1_combined_id10,0.7752305269241333,1.3210434913635254,86.91166666666666,0.66,2,8,94.05930555555555,0.6682207584381104,28.702074,64.5545,0.171,2.638219409518772
5KPH_2_8_1_combined_id11,0.64070063829422,2.109266757965088,89.72972222222222,0.76,2,8,94.05930555555555,0.6682207584381104,28.702074,64.5545,0.1737,2.605826483832465
5KPH_2_8_1_combined_id12,0.47794872522354126,2.1933138370513916,88.96972222222222,0.72,2,8,94.05930555555555,0.6682207584381104,28.702074,64.5545,0.1788,3.187892489963108
5KPH_2_8_1_combined_id13,0.782918393611908,1.6521553993225098,93.48097222222222,0.79,2,8,94.05930555555555,0.6682207584381104,28.702074,64.5545,0.1961,2.2386675940619574
5KPH_2_8_1_combined_id14,0.8396816253662109,2.2794883251190186,87.18972222222222,0.71,2,8,94.05930555555555,0.6682207584381104,28.702074,64.5545,0.1987,2.08317502339681
5KPH_2_8_1_combined_id15,0.5839380621910095,1.965047836303711,90.34694444444445,0.75,2,8,94.05930555555555,0.6682207584381104,28.702074,64.5545,0.206,2.69561513264974
5KPH_2_8_1_combined_id16,0.6327879428863525,2.2788608074188232,91.13541666666669,0.75,2,8,94.05930555555555,0.6682207584381104,28.702074,64.5545,0.2088,2.27602301703559
5KPH_2_8_1_combined_id17,0.9646492600440979,1.6288583278656006,85.91333333333334,0.65,2,8,94.05930555555555,0.6682207584381104,28.702074,64.5545,0.213,1.7767217424180772
5KPH_2_8_1_combined_id18,0.9338703155517578,1.3978568315505981,85.93041666666666,0.7,2,8,94.05930555555555,0.6682207584381104,28.702074,64.5545,0.1863,2.1861353980170355
5KPH_2_8_1_combined_id19,0.9474107623100281,2.3189618587493896,91.68861111111111,0.76,2,8,94.05930555555555,0.6682207584381104,28.702074,64.5545,0.1871,2.234632280137804
5KPH_2_8_1_combined_id2,0.8523470163345337,1.8135191202163696,85.63458333333334,0.61,2,8,94.05930555555555,0.6682207584381104,28.702074,64.5545,0.1732,2.467386245727539
5KPH_2_8_1_combined_id20,1.1010366678237915,2.5055274963378906,88.04875,0.7,2,8,94.05930555555555,0.6682207584381104,28.702074,64.5545,0.1969,2.2197263505723743
5KPH_2_8_1_combined_id21,1.2403209209442139,0.9584752917289734,90.86055555555556,0.74,2,8,94.05930555555555,0.6682207584381104,28.702074,64.5545,0.2298,1.7594601313273113
5KPH_2_8_1_combined_id22,0.9316551089286804,1.3864848613739014,90.86583333333334,0.74,2,8,94.05930555555555,0.6682207584381104,28.702074,64.5545,0.1963,2.161571502685547
5KPH_2_8_1_combined_id24,0.9304522275924683,2.5795884132385254,93.6377777777778,0.81,2,8,94.05930555555555,0.6682207584381104,28.702074,64.5545,0.1925,2.1342926025390625
5KPH_2_8_1_combined_id3,0.8603326082229614,1.9742261171340942,87.06944444444446,0.68,2,8,94.05930555555555,0.6682207584381104,28.702074,64.5545,0.1918,2.182488759358724
5KPH_2_8_1_combined_id4,0.6336284279823303,2.0800397396087646,91.51541666666668,0.75,2,8,94.05930555555555,0.6682207584381104,28.702074,64.5545,0.1975,2.6878424750434027
5KPH_2_8_1_combined_id5,0.8506124019622803,2.285048484802246,86.86430555555555,0.67,2,8,94.05930555555555,0.6682207584381104,28.702074,64.5545,0.1857,1.9443944295247395
5KPH_2_8_1_combined_id6,1.0003445148468018,1.1995590925216675,89.53750000000001,0.72,2,8,94.05930555555555,0.6682207584381104,28.702074,64.5545,0.2157,1.8535122341579864
5KPH_2_8_1_combined_id7,0.7479403614997864,1.5096209049224854,95.22763888888888,0.82,2,8,94.05930555555555,0.6682207584381104,28.702074,64.5545,0.1869,2.312610626220703
5KPH_2_8_1_combined_id8,0.9000688195228577,2.461135149002075,89.84486111111111,0.73,2,8,94.05930555555555,0.6682207584381104,28.702074,64.5545,0.2061,2.180889553493924
5KPH_2_8_1_combined_id9,0.7317151427268982,2.362820625305176,91.80180555555556,0.78,2,8,94.05930555555555,0.6682207584381104,28.702074,64.5545,0.1803,2.1865514119466147
5KPH_2_8_2_combined_id1,0.6299370527267456,1.9440946578979492,94.4238888888889,0.81,2,8,92.38875,0.8074331879615784,27.755682,63.895203,0.2297,1.8244582282172308
5KPH_2_8_2_combined_id10,0.6370400190353394,1.7450002431869507,93.60597222222223,0.79,2,8,92.38875,0.8074331879615784,27.755682,63.895203,0.1908,2.294633229573568
5KPH_2_8_2_combined_id11,1.1935758590698242,2.598684310913086,90.84041666666668,0.75,2,8,92.38875,0.8074331879615784,27.755682,63.895203,0.2029,2.304273393419054
5KPH_2_8_2_combined_id12,0.6019240617752075,1.6074862480163574,89.8401388888889,0.74,2,8,92.38875,0.8074331879615784,27.755682,63.895203,0.1884,2.1490961710611978
5KPH_2_8_2_combined_id13,1.6881612539291382,2.3850226402282715,87.48847222222223,0.69,2,8,92.38875,0.8074331879615784,27.755682,63.895203,0.1853,2.300724877251519
5KPH_2_8_2_combined_id14,0.8745381832122803,1.4946812391281128,83.05472222222221,0.65,2,8,92.38875,0.8074331879615784,27.755682,63.895203,0.2321,1.9255794949001737
5KPH_2_8_2_combined_id15,1.5315663814544678,1.782392144203186,84.9426388888889,0.62,2,8,92.38875,0.8074331879615784,27.755682,63.895203,0.2006,1.9754337734646268
5KPH_2_8_2_combined_id16,0.6029300689697266,1.7982046604156494,92.60402777777776,0.77,2,8,92.38875,0.8074331879615784,27.755682,63.895203,0.1872,2.290066613091363
5KPH_2_8_2_combined_id17,0.5928118824958801,1.7135127782821655,92.20986111111112,0.76,2,8,92.38875,0.8074331879615784,27.755682,63.895203,0.1967,2.039327197604709
5KPH_2_8_2_combined_id18,0.6622529625892639,1.74989914894104,89.60347222222224,0.75,2,8,92.38875,0.8074331879615784,27.755682,63.895203,0.2197,2.113918728298611
5KPH_2_8_2_combined_id19,1.380763053894043,1.1852043867111206,89.4076388888889,0.71,2,8,92.38875,0.8074331879615784,27.755682,63.895203,0.2098,1.846351623535156
5KPH_2_8_2_combined_id2,0.9611498713493347,2.093045949935913,87.28097222222223,0.69,2,8,92.38875,0.8074331879615784,27.755682,63.895203,0.2036,2.169989267985026
5KPH_2_8_2_combined_id20,0.7409291863441467,1.9679104089736938,94.57430555555555,0.8,2,8,92.38875,0.8074331879615784,27.755682,63.895203,0.1954,2.2161504957411022
5KPH_2_8_2_combined_id21,0.8169534802436829,1.989012360572815,84.06277777777778,0.67,2,8,92.38875,0.8074331879615784,27.755682,63.895203,0.1901,1.888101789686415
5KPH_2_8_2_combined_id22,1.1136983633041382,2.134552478790283,84.62819444444443,0.67,2,8,92.38875,0.8074331879615784,27.755682,63.895203,0.1887,2.1244739956325955
5KPH_2_8_2_combined_id23,1.2735406160354614,1.525208592414856,94.12902777777778,0.78,2,8,92.38875,0.8074331879615784,27.755682,63.895203,0.1969,1.9233936733669703
5KPH_2_8_2_combined_id24,0.5711416006088257,2.034510850906372,89.5626388888889,0.7,2,8,92.38875,0.8074331879615784,27.755682,63.895203,0.1912,2.237484825981988
5KPH_2_8_2_combined_id4,0.8181507587432861,1.8708301782608032,90.08958333333334,0.75,2,8,92.38875,0.8074331879615784,27.755682,63.895203,0.2264,2.1644689771864147
5KPH_2_8_2_combined_id5,0.6133661866188049,1.8663806915283203,94.57361111111112,0.81,2,8,92.38875,0.8074331879615784,27.755682,63.895203,0.2018,2.173871782090929
5KPH_2_8_2_combined_id6,0.677252471446991,1.3370190858840942,84.61722222222221,0.67,2,8,92.38875,0.8074331879615784,27.755682,63.895203,0.2008,1.563831647237142
5KPH_2_8_2_combined_id7,0.6013485193252563,2.083569288253784,93.905,0.78,2,8,92.38875,0.8074331879615784,27.755682,63.895203,0.2034,2.0218592749701605
5KPH_2_8_2_combined_id8,0.5488626956939697,2.192542791366577,92.68138888888888,0.77,2,8,92.38875,0.8074331879615784,27.755682,63.895203,0.1987,2.155390421549479
5KPH_2_8_2_combined_id9,1.1683919429779053,1.0485239028930664,93.16944444444444,0.79,2,8,92.38875,0.8074331879615784,27.755682,63.895203,0.2066,1.9492848714192708
5KPH_2_8_3_combined_id1,0.5930260419845581,1.6312884092330933,91.08472222222224,0.75,2,8,94.21527777777776,0.8274220824241638,27.66535,63.960403,0.192,2.116458468967014
5KPH_2_8_3_combined_id10,0.7891989350318909,1.9397437572479248,95.00291666666666,0.82,2,8,94.21527777777776,0.8274220824241638,27.66535,63.960403,0.2007,2.1947178310818143
5KPH_2_8_3_combined_id11,0.6882118582725525,1.520867943763733,92.00236111111111,0.77,2,8,94.21527777777776,0.8274220824241638,27.66535,63.960403,0.2024,2.307025061713325
5KPH_2_8_3_combined_id12,1.2162070274353027,2.666346549987793,85.96652777777778,0.68,2,8,94.21527777777776,0.8274220824241638,27.66535,63.960403,0.1983,2.143805397881402
5KPH_2_8_3_combined_id13,0.7530663013458252,1.2230844497680664,87.28430555555556,0.69,2,8,94.21527777777776,0.8274220824241638,27.66535,63.960403,0.1875,2.32441160413954
5KPH_2_8_3_combined_id14,0.6061033606529236,1.0554183721542358,92.40194444444444,0.78,2,8,94.21527777777776,0.8274220824241638,27.66535,63.960403,0.2202,1.890131208631728
5KPH_2_8_3_combined_id15,0.7500168085098267,1.554612398147583,89.57569444444442,0.73,2,8,94.21527777777776,0.8274220824241638,27.66535,63.960403,0.1961,2.018189748128256
5KPH_2_8_3_combined_id16,0.5865669846534729,1.9245456457138062,92.85986111111112,0.77,2,8,94.21527777777776,0.8274220824241638,27.66535,63.960403,0.23,2.171505822075738
5KPH_2_8_3_combined_id17,1.530942678451538,1.2950854301452637,90.15680555555556,0.73,2,8,94.21527777777776,0.8274220824241638,27.66535,63.960403,0.1896,2.5219105614556208
5KPH_2_8_3_combined_id18,0.8302204608917236,1.8099477291107178,94.9486111111111,0.81,2,8,94.21527777777776,0.8274220824241638,27.66535,63.960403,0.2134,2.141662173800998
5KPH_2_8_3_combined_id19,0.7399829030036926,1.1668572425842285,93.96597222222222,0.8,2,8,94.21527777777776,0.8274220824241638,27.66535,63.960403,0.2113,2.121802012125651
5KPH_2_8_3_combined_id2,0.9659392833709717,2.181694507598877,88.49625,0.72,2,8,94.21527777777776,0.8274220824241638,27.66535,63.960403,0.2185,2.127484215630425
5KPH_2_8_3_combined_id20,0.6274441480636597,2.0096042156219482,95.39194444444443,0.8,2,8,94.21527777777776,0.8274220824241638,27.66535,63.960403,0.2138,2.0923239390055337
5KPH_2_8_3_combined_id21,0.8718649744987488,1.9187127351760864,92.95194444444444,0.8,2,8,94.21527777777776,0.8274220824241638,27.66535,63.960403,0.2391,2.034788131713867
5KPH_2_8_3_combined_id22,0.7782237529754639,1.7244693040847778,92.01819444444445,0.79,2,8,94.21527777777776,0.8274220824241638,27.66535,63.960403,0.1965,1.8898111979166667
5KPH_2_8_3_combined_id23,0.555832028388977,1.982256531715393,93.43694444444446,0.79,2,8,94.21527777777776,0.8274220824241638,27.66535,63.960403,0.1908,2.297915988498264
5KPH_2_8_3_combined_id24,0.7744690775871277,1.730932593345642,92.24930555555554,0.78,2,8,94.21527777777776,0.8274220824241638,27.66535,63.960403,0.2121,1.8749020894368489
5KPH_2_8_3_combined_id3,0.6091935634613037,1.6726641654968262,89.92500000000001,0.73,2,8,94.21527777777776,0.8274220824241638,27.66535,63.960403,0.2092,2.0931983523898654
5KPH_2_8_3_combined_id4,0.7498748898506165,1.1001648902893066,91.9325,0.77,2,8,94.21527777777776,0.8274220824241638,27.66535,63.960403,0.2194,2.2678845723470054
5KPH_2_8_3_combined_id5,0.671180248260498,1.8084595203399658,92.70125,0.78,2,8,94.21527777777776,0.8274220824241638,27.66535,63.960403,0.1903,2.3511365254720054
5KPH_2_8_3_combined_id6,0.646035373210907,1.7317018508911133,90.77638888888887,0.75,2,8,94.21527777777776,0.8274220824241638,27.66535,63.960403,0.2104,1.870917002360026
5KPH_2_8_3_combined_id7,0.694359540939331,1.9157620668411255,88.37263888888889,0.68,2,8,94.21527777777776,0.8274220824241638,27.66535,63.960403,0.1831,2.175219853719076
5KPH_2_8_3_combined_id8,1.0043398141860962,1.781729817390442,90.55319444444444,0.76,2,8,94.21527777777776,0.8274220824241638,27.66535,63.960403,0.1933,2.1497022840711804
5KPH_2_8_3_combined_id9,1.590287685394287,1.1229702234268188,88.83569444444444,0.72,2,8,94.21527777777776,0.8274220824241638,27.66535,63.960403,0.1888,1.8317591349283853
5KPH_2_8_4_combined_id1,0.6934296488761902,1.8440531492233276,84.75333333333334,0.65,2,8,94.12527777777778,0.8162831664085388,27.07898,64.24088,0.1796,2.4695197211371527
5KPH_2_8_4_combined_id10,0.5652992129325867,2.1719367504119873,92.31986111111112,0.77,2,8,94.12527777777778,0.8162831664085388,27.07898,64.24088,0.1916,2.6882188585069446
5KPH_2_8_4_combined_id11,1.105818510055542,2.7319037914276123,91.69791666666669,0.74,2,8,94.12527777777778,0.8162831664085388,27.07898,64.24088,0.1874,2.3870218065049915
5KPH_2_8_4_combined_id12,0.6666709780693054,2.037601947784424,89.23027777777777,0.76,2,8,94.12527777777778,0.8162831664085388,27.07898,64.24088,0.1835,2.291441599527994
5KPH_2_8_4_combined_id13,1.271570086479187,1.3183544874191284,92.65513888888889,0.77,2,8,94.12527777777778,0.8162831664085388,27.07898,64.24088,0.2144,2.009097205268012
5KPH_2_8_4_combined_id14,0.8265853524208069,2.1883373260498047,88.27819444444442,0.69,2,8,94.12527777777778,0.8162831664085388,27.07898,64.24088,0.1601,2.599416308932834
5KPH_2_8_4_combined_id15,1.5965989828109741,2.932533025741577,87.91680555555556,0.66,2,8,94.12527777777778,0.8162831664085388,27.07898,64.24088,0.1895,2.616744147406684
5KPH_2_8_4_combined_id16,0.60952228307724,2.0029447078704834,94.0677777777778,0.79,2,8,94.12527777777778,0.8162831664085388,27.07898,64.24088,0.2287,2.332679748535156
5KPH_2_8_4_combined_id17,0.7273923754692078,2.1856751441955566,91.30333333333334,0.75,2,8,94.12527777777778,0.8162831664085388,27.07898,64.24088,0.1726,2.4584488338894315
5KPH_2_8_4_combined_id18,0.4661273658275604,2.1448264122009277,90.11125,0.73,2,8,94.12527777777778,0.8162831664085388,27.07898,64.24088,0.1914,2.4423495398627386
5KPH_2_8_4_combined_id19,0.6180599927902222,2.003906726837158,91.80666666666669,0.75,2,8,94.12527777777778,0.8162831664085388,27.07898,64.24088,0.2033,2.588915083143446
5KPH_2_8_4_combined_id2,0.620593786239624,1.7594634294509888,89.44625000000002,0.73,2,8,94.12527777777778,0.8162831664085388,27.07898,64.24088,0.2096,1.9869613647460933
5KPH_2_8_4_combined_id21,0.8740437626838684,2.108962297439575,82.7690277777778,0.64,2,8,94.12527777777778,0.8162831664085388,27.07898,64.24088,0.1859,2.0754455990261502
5KPH_2_8_4_combined_id22,0.5936278700828552,1.9295539855957031,91.4226388888889,0.74,2,8,94.12527777777778,0.8162831664085388,27.07898,64.24088,0.1806,2.51571888393826
5KPH_2_8_4_combined_id23,0.5478665828704834,1.7674132585525513,85.75763888888889,0.63,2,8,94.12527777777778,0.8162831664085388,27.07898,64.24088,0.1827,2.689539591471354
5KPH_2_8_4_combined_id24,0.8601086139678955,2.2586147785186768,91.41722222222222,0.77,2,8,94.12527777777778,0.8162831664085388,27.07898,64.24088,0.19,2.74896600511339
5KPH_2_8_4_combined_id3,2.8569753170013428,2.738976240158081,86.18416666666667,0.67,2,8,94.12527777777778,0.8162831664085388,27.07898,64.24088,0.1757,2.3103853861490884
5KPH_2_8_4_combined_id4,0.5230319499969482,2.0646345615386963,93.60513888888887,0.79,2,8,94.12527777777778,0.8162831664085388,27.07898,64.24088,0.1858,2.4457906087239585
5KPH_2_8_4_combined_id5,0.9306589365005493,2.124835729598999,90.28361111111111,0.76,2,8,94.12527777777778,0.8162831664085388,27.07898,64.24088,0.1927,2.306857638888889
5KPH_2_8_4_combined_id6,1.1241964101791382,2.6551153659820557,83.88430555555556,0.62,2,8,94.12527777777778,0.8162831664085388,27.07898,64.24088,0.1832,2.3514751858181424
5KPH_2_8_4_combined_id7,0.6515793800354004,1.9189260005950928,90.90694444444443,0.73,2,8,94.12527777777778,0.8162831664085388,27.07898,64.24088,0.1991,2.6019925011528864
5KPH_2_8_4_combined_id8,0.9307172298431396,2.138124465942383,82.67541666666666,0.59,2,8,94.12527777777778,0.8162831664085388,27.07898,64.24088,0.1682,2.235595703125
5KPH_2_8_4_combined_id9,0.639137327671051,1.6384416818618774,88.54097222222222,0.71,2,8,94.12527777777778,0.8162831664085388,27.07898,64.24088,0.1852,2.3371476067437067
5KPH_2_8_5_combined_id1,0.9438747763633728,2.6694915294647217,90.80458333333334,0.71,2,8,95.6775,0.9968059659004213,26.90008,63.539955,0.1963,2.331068250868056
5KPH_2_8_5_combined_id10,0.762723982334137,1.9471733570098877,90.84791666666666,0.76,2,8,95.6775,0.9968059659004213,26.90008,63.539955,0.184,2.092452579074436
5KPH_2_8_5_combined_id11,0.7682003378868103,2.0543737411499023,95.31361111111111,0.82,2,8,95.6775,0.9968059659004213,26.90008,63.539955,0.2174,1.8546441396077475
5KPH_2_8_5_combined_id12,0.8247595429420471,2.326225757598877,92.30333333333334,0.76,2,8,95.6775,0.9968059659004213,26.90008,63.539955,0.2066,2.4647013346354165
5KPH_2_8_5_combined_id13,0.8767142295837402,1.394300937652588,89.79013888888888,0.74,2,8,95.6775,0.9968059659004213,26.90008,63.539955,0.2291,2.0085250006781683
5KPH_2_8_5_combined_id14,0.6448586583137512,1.1563475131988525,88.47680555555556,0.68,2,8,95.6775,0.9968059659004213,26.90008,63.539955,0.2138,2.070313771565756
5KPH_2_8_5_combined_id15,1.9668498039245605,1.5957108736038208,88.43819444444445,0.7,2,8,95.6775,0.9968059659004213,26.90008,63.539955,0.2097,1.921788957383897
5KPH_2_8_5_combined_id16,0.8802565932273865,1.223404049873352,89.7213888888889,0.73,2,8,95.6775,0.9968059659004213,26.90008,63.539955,0.2412,1.683900621202257
5KPH_2_8_5_combined_id17,0.8533415794372559,1.7272049188613892,84.87402777777778,0.65,2,8,95.6775,0.9968059659004213,26.90008,63.539955,0.1838,2.482451968722873
5KPH_2_8_5_combined_id19,0.5908606052398682,2.2880871295928955,93.4502777777778,0.77,2,8,95.6775,0.9968059659004213,26.90008,63.539955,0.1827,2.276919894748264
5KPH_2_8_5_combined_id2,0.8311007618904114,2.32893967628479,88.43597222222222,0.72,2,8,95.6775,0.9968059659004213,26.90008,63.539955,0.1983,2.288054996066623
5KPH_2_8_5_combined_id20,0.813979983329773,1.4374644756317139,85.30597222222224,0.67,2,8,95.6775,0.9968059659004213,26.90008,63.539955,0.1984,2.2240108913845487
5KPH_2_8_5_combined_id21,0.7198764681816101,2.2739598751068115,89.61777777777777,0.74,2,8,95.6775,0.9968059659004213,26.90008,63.539955,0.2065,2.1312588585747614
5KPH_2_8_5_combined_id22,0.7455834150314331,1.3671014308929443,94.02416666666666,0.79,2,8,95.6775,0.9968059659004213,26.90008,63.539955,0.1821,2.234928131103516
5KPH_2_8_5_combined_id23,0.7616008520126343,1.6320631504058838,82.90944444444443,0.62,2,8,95.6775,0.9968059659004213,26.90008,63.539955,0.1943,2.222724702623156
5KPH_2_8_5_combined_id3,0.8473924994468689,1.3915780782699585,87.46583333333332,0.71,2,8,95.6775,0.9968059659004213,26.90008,63.539955,0.2009,1.822782940334744
5KPH_2_8_5_combined_id4,1.3535879850387573,1.3569399118423462,85.97041666666667,0.68,2,8,95.6775,0.9968059659004213,26.90008,63.539955,0.2288,1.7629559834798176
5KPH_2_8_5_combined_id5,0.589378297328949,2.131150722503662,92.90666666666668,0.79,2,8,95.6775,0.9968059659004213,26.90008,63.539955,0.1673,2.34462038675944
5KPH_2_8_5_combined_id6,0.6114216446876526,2.314591407775879,91.55625,0.74,2,8,95.6775,0.9968059659004213,26.90008,63.539955,0.1834,2.6247001224093967
5KPH_2_8_5_combined_id7,0.7830784320831299,2.2496984004974365,89.77569444444444,0.73,2,8,95.6775,0.9968059659004213,26.90008,63.539955,0.2177,1.948756323920356
5KPH_2_8_5_combined_id8,1.0725347995758057,1.408915400505066,88.76430555555557,0.71,2,8,95.6775,0.9968059659004213,26.90008,63.539955,0.2035,1.9521592458089192
5KPH_2_8_5_combined_id9,0.904134213924408,1.5761051177978516,85.2351388888889,0.68,2,8,95.6775,0.9968059659004213,26.90008,63.539955,0.1978,2.1641565958658853
5KPH_2_8_6_combined_id1,0.7187800407409668,2.6008853912353516,90.61305555555556,0.75,2,8,94.95069444444444,0.7962059378623962,27.83344,64.59608,0.19,2.817448933919271
5KPH_2_8_6_combined_id10,0.7316245436668396,2.0578927993774414,91.35875,0.76,2,8,94.95069444444444,0.7962059378623962,27.83344,64.59608,0.1909,2.023981306287977
5KPH_2_8_6_combined_id11,1.0090396404266357,2.7371466159820557,90.93041666666666,0.75,2,8,94.95069444444444,0.7962059378623962,27.83344,64.59608,0.1917,2.696857452392578
5KPH_2_8_6_combined_id12,0.49349457025527954,1.607711911201477,88.30625,0.71,2,8,94.95069444444444,0.7962059378623962,27.83344,64.59608,0.1727,2.490990956624349
5KPH_2_8_6_combined_id13,0.497637540102005,1.9550060033798218,91.31805555555556,0.76,2,8,94.95069444444444,0.7962059378623962,27.83344,64.59608,0.1836,2.3930447896321616
5KPH_2_8_6_combined_id14,0.8549128174781799,1.7706353664398193,87.5375,0.71,2,8,94.95069444444444,0.7962059378623962,27.83344,64.59608,0.2041,2.0233277214898004
5KPH_2_8_6_combined_id15,0.7036479115486145,2.4475560188293457,90.14833333333334,0.75,2,8,94.95069444444444,0.7962059378623962,27.83344,64.59608,0.1914,2.1421631707085504
5KPH_2_8_6_combined_id16,0.7916196584701538,2.2402493953704834,93.12305555555557,0.8,2,8,94.95069444444444,0.7962059378623962,27.83344,64.59608,0.2037,1.8321096632215712
5KPH_2_8_6_combined_id17,0.7136147022247314,1.8009403944015503,90.495,0.75,2,8,94.95069444444444,0.7962059378623962,27.83344,64.59608,0.1779,2.41221194797092
5KPH_2_8_6_combined_id18,0.9415187239646912,1.8585803508758545,86.09263888888889,0.66,2,8,94.95069444444444,0.7962059378623962,27.83344,64.59608,0.2057,2.088218265109592
5KPH_2_8_6_combined_id19,0.9562771916389465,2.8133721351623535,92.03402777777778,0.77,2,8,94.95069444444444,0.7962059378623962,27.83344,64.59608,0.1984,1.9429471757676864
5KPH_2_8_6_combined_id2,0.5886268615722656,2.4588088989257812,92.73597222222222,0.76,2,8,94.95069444444444,0.7962059378623962,27.83344,64.59608,0.1881,1.9640996721055768
5KPH_2_8_6_combined_id20,0.498089462518692,1.3345165252685547,90.89861111111112,0.74,2,8,94.95069444444444,0.7962059378623962,27.83344,64.59608,0.2021,2.221953497992621
5KPH_2_8_6_combined_id21,0.8607187867164612,2.4998719692230225,95.89930555555556,0.82,2,8,94.95069444444444,0.7962059378623962,27.83344,64.59608,0.2223,2.190689934624566
5KPH_2_8_6_combined_id22,0.586756706237793,2.3477420806884766,92.71597222222222,0.78,2,8,94.95069444444444,0.7962059378623962,27.83344,64.59608,0.2052,2.5885617997911243
5KPH_2_8_6_combined_id23,0.8301152586936951,2.3263962268829346,89.91277777777778,0.73,2,8,94.95069444444444,0.7962059378623962,27.83344,64.59608,0.1844,2.004741668701172
5KPH_2_8_6_combined_id24,0.6614489555358887,2.3471763134002686,92.77180555555556,0.77,2,8,94.95069444444444,0.7962059378623962,27.83344,64.59608,0.1864,2.3065643310546875
5KPH_2_8_6_combined_id3,0.6487650871276855,2.007991075515747,89.41361111111111,0.71,2,8,94.95069444444444,0.7962059378623962,27.83344,64.59608,0.1758,2.443102518717448
5KPH_2_8_6_combined_id4,0.728181004524231,2.667797803878784,92.59694444444445,0.79,2,8,94.95069444444444,0.7962059378623962,27.83344,64.59608,0.187,2.297043694390191
5KPH_2_8_6_combined_id5,0.605229377746582,2.5705416202545166,86.41902777777779,0.65,2,8,94.95069444444444,0.7962059378623962,27.83344,64.59608,0.177,2.4982066684299045
5KPH_2_8_6_combined_id6,0.6413680911064148,2.3026506900787354,90.85513888888887,0.75,2,8,94.95069444444444,0.7962059378623962,27.83344,64.59608,0.1751,2.355313195122613
5KPH_2_8_6_combined_id7,0.8118665814399719,2.264101028442383,87.66888888888889,0.71,2,8,94.95069444444444,0.7962059378623962,27.83344,64.59608,0.1943,2.3133366902669272
5KPH_2_8_6_combined_id8,0.7535416483879089,2.7420494556427,90.71972222222222,0.75,2,8,94.95069444444444,0.7962059378623962,27.83344,64.59608,0.1782,2.300821728176541
5KPH_2_8_6_combined_id9,1.6697938442230225,3.296642780303955,85.74763888888889,0.65,2,8,94.95069444444444,0.7962059378623962,27.83344,64.59608,0.1846,2.264897664388021
5KPH_2_8_7_combined_id1,1.2863938808441162,1.160841941833496,87.86625,0.69,2,8,90.74402777777776,0.8075093030929565,28.068794,63.397446,0.1698,2.5616238911946616
5KPH_2_8_7_combined_id10,0.9919946193695068,1.7505995035171509,91.2363888888889,0.74,2,8,90.74402777777776,0.8075093030929565,28.068794,63.397446,0.1979,1.9539004431830511
5KPH_2_8_7_combined_id11,1.609053611755371,0.9629659652709961,93.58555555555556,0.76,2,8,90.74402777777776,0.8075093030929565,28.068794,63.397446,0.1972,2.2932637532552085
5KPH_2_8_7_combined_id12,0.674970269203186,1.9273704290390015,93.47569444444444,0.8,2,8,90.74402777777776,0.8075093030929565,28.068794,63.397446,0.2024,1.990390141805013
5KPH_2_8_7_combined_id13,0.7442344427108765,2.138155460357666,92.84722222222224,0.77,2,8,90.74402777777776,0.8075093030929565,28.068794,63.397446,0.2098,1.759980731540256
5KPH_2_8_7_combined_id14,1.8527458906173706,1.6960647106170654,82.4251388888889,0.61,2,8,90.74402777777776,0.8075093030929565,28.068794,63.397446,0.1813,2.0115267435709634
5KPH_2_8_7_combined_id15,0.8058109879493713,2.6311280727386475,88.16902777777779,0.68,2,8,90.74402777777776,0.8075093030929565,28.068794,63.397446,0.1811,2.526777055528429
5KPH_2_8_7_combined_id16,0.5006276369094849,1.917212963104248,93.77069444444444,0.79,2,8,90.74402777777776,0.8075093030929565,28.068794,63.397446,0.1794,2.685193379720052
5KPH_2_8_7_combined_id17,0.7567375898361206,2.334709405899048,88.47722222222222,0.7,2,8,90.74402777777776,0.8075093030929565,28.068794,63.397446,0.2026,2.445697784423828
5KPH_2_8_7_combined_id18,0.8235043883323669,2.166463851928711,90.35166666666666,0.75,2,8,90.74402777777776,0.8075093030929565,28.068794,63.397446,0.177,1.976094139946832
5KPH_2_8_7_combined_id19,1.4430443048477173,2.078670024871826,88.55930555555557,0.68,2,8,90.74402777777776,0.8075093030929565,28.068794,63.397446,0.1774,2.895914501614041
5KPH_2_8_7_combined_id2,1.1047892570495605,2.722282648086548,86.11833333333333,0.67,2,8,90.74402777777776,0.8075093030929565,28.068794,63.397446,0.1765,2.35518307156033
5KPH_2_8_7_combined_id20,0.9507878422737122,1.8772348165512085,89.88194444444444,0.74,2,8,90.74402777777776,0.8075093030929565,28.068794,63.397446,0.1983,2.089824464586046
5KPH_2_8_7_combined_id21,1.7054111957550049,1.4843641519546509,85.61375,0.7,2,8,90.74402777777776,0.8075093030929565,28.068794,63.397446,0.1843,2.482577006022136
5KPH_2_8_7_combined_id22,0.9183526635169983,2.1441969871520996,90.14722222222224,0.77,2,8,90.74402777777776,0.8075093030929565,28.068794,63.397446,0.1816,2.539332707722982
5KPH_2_8_7_combined_id23,0.7192394137382507,2.1147756576538086,90.34430555555556,0.75,2,8,90.74402777777776,0.8075093030929565,28.068794,63.397446,0.191,2.435328165690104
5KPH_2_8_7_combined_id24,0.9424619078636169,2.4955620765686035,87.15513888888889,0.68,2,8,90.74402777777776,0.8075093030929565,28.068794,63.397446,0.1853,2.0595696767171225
5KPH_2_8_7_combined_id3,0.664450466632843,1.9236023426055908,91.48833333333332,0.74,2,8,90.74402777777776,0.8075093030929565,28.068794,63.397446,0.1968,2.089370091756185
5KPH_2_8_7_combined_id4,0.5192939639091492,1.834157109260559,94.53291666666668,0.81,2,8,90.74402777777776,0.8075093030929565,28.068794,63.397446,0.1789,2.698779000176324
5KPH_2_8_7_combined_id5,0.8441418409347534,2.3628013134002686,84.7125,0.64,2,8,90.74402777777776,0.8075093030929565,28.068794,63.397446,0.168,2.352771335177952
5KPH_2_8_7_combined_id6,0.7436767220497131,2.3410515785217285,90.45055555555555,0.76,2,8,90.74402777777776,0.8075093030929565,28.068794,63.397446,0.2028,2.739355511135525
5KPH_2_8_7_combined_id7,1.287728190422058,2.2711093425750732,91.29930555555556,0.76,2,8,90.74402777777776,0.8075093030929565,28.068794,63.397446,0.2143,1.7525966432359483
5KPH_2_8_7_combined_id8,1.054704189300537,2.182293176651001,89.66916666666667,0.75,2,8,90.74402777777776,0.8075093030929565,28.068794,63.397446,0.1853,2.358469433254666
5KPH_2_8_7_combined_id9,0.9755775332450867,2.0662219524383545,88.87055555555555,0.71,2,8,90.74402777777776,0.8075093030929565,28.068794,63.397446,0.1982,2.480017556084527
5KPH_2_8_8_combined_id1,0.5661945939064026,2.127859354019165,92.28875,0.77,2,8,93.29569444444444,0.8646116852760315,27.195671,62.87919,0.1817,2.4101164076063366
5KPH_2_8_8_combined_id10,1.5571445226669312,1.6991245746612549,91.08513888888888,0.75,2,8,93.29569444444444,0.8646116852760315,27.195671,62.87919,0.1899,2.0008568233913846
5KPH_2_8_8_combined_id11,2.498025894165039,1.3868043422698975,88.75083333333333,0.7,2,8,93.29569444444444,0.8646116852760315,27.195671,62.87919,0.2104,2.024229261610243
5KPH_2_8_8_combined_id12,0.720045804977417,1.4513049125671387,89.51930555555555,0.71,2,8,93.29569444444444,0.8646116852760315,27.195671,62.87919,0.2012,2.2149747212727866
5KPH_2_8_8_combined_id13,2.2346243858337402,1.1311485767364502,93.17916666666666,0.77,2,8,93.29569444444444,0.8646116852760315,27.195671,62.87919,0.2025,1.8303074306911893
5KPH_2_8_8_combined_id14,1.6529192924499512,1.316497802734375,84.8861111111111,0.65,2,8,93.29569444444444,0.8646116852760315,27.195671,62.87919,0.2131,1.9590432908799915
5KPH_2_8_8_combined_id15,0.8675339818000793,2.0290560722351074,83.17319444444443,0.63,2,8,93.29569444444444,0.8646116852760315,27.195671,62.87919,0.1908,2.11209593878852
5KPH_2_8_8_combined_id16,0.7004706859588623,1.9857165813446045,86.39083333333333,0.69,2,8,93.29569444444444,0.8646116852760315,27.195671,62.87919,0.1628,2.600306828816732
5KPH_2_8_8_combined_id17,1.0142521858215332,1.8229694366455078,87.98819444444445,0.66,2,8,93.29569444444444,0.8646116852760315,27.195671,62.87919,0.1879,3.021542443169488
5KPH_2_8_8_combined_id18,1.0584098100662231,1.6539499759674072,89.44763888888889,0.72,2,8,93.29569444444444,0.8646116852760315,27.195671,62.87919,0.1937,2.3713912963867188
5KPH_2_8_8_combined_id19,0.7631548643112183,1.2555729150772095,85.82777777777778,0.64,2,8,93.29569444444444,0.8646116852760315,27.195671,62.87919,0.2097,1.809300316704644
5KPH_2_8_8_combined_id2,0.7624345421791077,1.2722747325897217,90.39666666666666,0.74,2,8,93.29569444444444,0.8646116852760315,27.195671,62.87919,0.1715,2.545575035942925
5KPH_2_8_8_combined_id20,1.1961925029754639,2.7969977855682373,94.96375,0.81,2,8,93.29569444444444,0.8646116852760315,27.195671,62.87919,0.1777,2.6524815029568143
5KPH_2_8_8_combined_id21,0.9824222326278687,1.7411408424377441,87.40791666666668,0.66,2,8,93.29569444444444,0.8646116852760315,27.195671,62.87919,0.1844,2.469293382432726
5KPH_2_8_8_combined_id22,0.9981829524040222,1.9897793531417847,88.23736111111111,0.66,2,8,93.29569444444444,0.8646116852760315,27.195671,62.87919,0.1986,2.193462795681424
5KPH_2_8_8_combined_id23,0.820678174495697,2.645050287246704,92.50972222222224,0.77,2,8,93.29569444444444,0.8646116852760315,27.195671,62.87919,0.1668,2.6328862508138022
5KPH_2_8_8_combined_id24,0.7499129176139832,2.3681483268737793,88.38819444444444,0.69,2,8,93.29569444444444,0.8646116852760315,27.195671,62.87919,0.1995,2.39775127834744
5KPH_2_8_8_combined_id3,1.22638738155365,2.6026618480682373,90.02763888888889,0.71,2,8,93.29569444444444,0.8646116852760315,27.195671,62.87919,0.1765,2.6118015713161893
5KPH_2_8_8_combined_id4,0.6575414538383484,1.553513526916504,86.32138888888888,0.67,2,8,93.29569444444444,0.8646116852760315,27.195671,62.87919,0.1928,2.143798404269748
5KPH_2_8_8_combined_id5,1.550280213356018,1.6030889749526978,88.27430555555556,0.7,2,8,93.29569444444444,0.8646116852760315,27.195671,62.87919,0.2108,2.198655446370443
5KPH_2_8_8_combined_id6,1.4442216157913208,1.2253226041793823,87.67180555555555,0.65,2,8,93.29569444444444,0.8646116852760315,27.195671,62.87919,0.2046,2.12516721089681
5KPH_2_8_8_combined_id7,1.6481143236160278,1.446425199508667,89.87777777777778,0.71,2,8,93.29569444444444,0.8646116852760315,27.195671,62.87919,0.1924,1.8745333353678384
5KPH_2_8_8_combined_id8,0.6083880662918091,1.8826937675476074,88.05263888888888,0.69,2,8,93.29569444444444,0.8646116852760315,27.195671,62.87919,0.1788,2.2624899546305337
5KPH_2_8_8_combined_id9,1.1872146129608154,1.100224256515503,88.31597222222223,0.73,2,8,93.29569444444444,0.8646116852760315,27.195671,62.87919,0.2116,1.9034512837727864
5KPH_2_8_9_combined_id1,0.7887937426567078,2.17519211769104,90.82069444444444,0.75,2,8,92.31458333333332,0.6542555093765259,27.304863,64.34377,0.2136,2.414971669514974
5KPH_2_8_9_combined_id10,0.6591565012931824,1.5391647815704346,88.9026388888889,0.69,2,8,92.31458333333332,0.6542555093765259,27.304863,64.34377,0.203,2.1515435112847223
5KPH_2_8_9_combined_id11,0.5355332493782043,2.1090729236602783,94.6747222222222,0.81,2,8,92.31458333333332,0.6542555093765259,27.304863,64.34377,0.1852,2.50491714477539
5KPH_2_8_9_combined_id12,0.7987090349197388,1.1752045154571533,91.30402777777778,0.76,2,8,92.31458333333332,0.6542555093765259,27.304863,64.34377,0.1953,1.8207571241590712
5KPH_2_8_9_combined_id13,0.8946241140365601,0.897146463394165,87.24124999999998,0.67,2,8,92.31458333333332,0.6542555093765259,27.304863,64.34377,0.1927,1.8359815809461808
5KPH_2_8_9_combined_id14,0.9518592953681946,2.386019229888916,94.47611111111112,0.8,2,8,92.31458333333332,0.6542555093765259,27.304863,64.34377,0.2294,2.188482920328776
5KPH_2_8_9_combined_id15,0.7089942693710327,2.1033005714416504,90.68555555555557,0.75,2,8,92.31458333333332,0.6542555093765259,27.304863,64.34377,0.2081,2.350653330485026
5KPH_2_8_9_combined_id16,0.9849644899368286,1.0073655843734741,88.85597222222222,0.73,2,8,92.31458333333332,0.6542555093765259,27.304863,64.34377,0.2138,1.8746096293131511
5KPH_2_8_9_combined_id17,1.9168320894241333,1.2421756982803345,87.41444444444444,0.68,2,8,92.31458333333332,0.6542555093765259,27.304863,64.34377,0.1826,2.2047947777642145
5KPH_2_8_9_combined_id18,1.0460309982299805,1.4826080799102783,89.39222222222223,0.73,2,8,92.31458333333332,0.6542555093765259,27.304863,64.34377,0.1998,1.8793964385986328
5KPH_2_8_9_combined_id19,0.7057757377624512,1.2435587644577026,87.40694444444443,0.68,2,8,92.31458333333332,0.6542555093765259,27.304863,64.34377,0.1913,1.9659330579969616
5KPH_2_8_9_combined_id2,1.5685957670211792,0.99315345287323,90.01722222222222,0.73,2,8,92.31458333333332,0.6542555093765259,27.304863,64.34377,0.1915,2.300008138020833
5KPH_2_8_9_combined_id20,0.8046176433563232,2.106339931488037,91.47597222222224,0.76,2,8,92.31458333333332,0.6542555093765259,27.304863,64.34377,0.193,2.262532552083333
5KPH_2_8_9_combined_id21,0.7106797099113464,1.8875842094421387,87.31805555555555,0.67,2,8,92.31458333333332,0.6542555093765259,27.304863,64.34377,0.2035,1.841156005859375
5KPH_2_8_9_combined_id22,0.8603091835975647,2.464787244796753,89.61680555555556,0.72,2,8,92.31458333333332,0.6542555093765259,27.304863,64.34377,0.1986,2.386169857449002
5KPH_2_8_9_combined_id23,0.5246270895004272,1.9592026472091675,92.36861111111112,0.76,2,8,92.31458333333332,0.6542555093765259,27.304863,64.34377,0.1955,2.265144771999783
5KPH_2_8_9_combined_id24,0.6194165945053101,1.4536386728286743,88.75319444444445,0.73,2,8,92.31458333333332,0.6542555093765259,27.304863,64.34377,0.1901,2.06539789835612
5KPH_2_8_9_combined_id3,1.1208397150039673,2.3896050453186035,95.31583333333332,0.81,2,8,92.31458333333332,0.6542555093765259,27.304863,64.34377,0.2356,1.929524527655708
5KPH_2_8_9_combined_id4,1.2342044115066528,1.733519434928894,85.27458333333334,0.65,2,8,92.31458333333332,0.6542555093765259,27.304863,64.34377,0.1687,2.1451360914442272
5KPH_2_8_9_combined_id5,1.2970707416534424,1.1621818542480469,89.88138888888889,0.74,2,8,92.31458333333332,0.6542555093765259,27.304863,64.34377,0.2191,1.7909815046522353
5KPH_2_8_9_combined_id6,0.6467782258987427,1.2762380838394165,90.63236111111112,0.74,2,8,92.31458333333332,0.6542555093765259,27.304863,64.34377,0.2026,1.7908433278401692
5KPH_2_8_9_combined_id7,0.7692371606826782,1.9355947971343994,92.1661111111111,0.77,2,8,92.31458333333332,0.6542555093765259,27.304863,64.34377,0.1935,2.19130367702908
5KPH_2_8_9_combined_id8,0.7136422395706177,1.0943446159362793,90.91166666666666,0.73,2,8,92.31458333333332,0.6542555093765259,27.304863,64.34377,0.1905,2.219877243041992
5KPH_2_8_9_combined_id9,0.8046718239784241,2.3698487281799316,92.68791666666668,0.78,2,8,92.31458333333332,0.6542555093765259,27.304863,64.34377,0.212,2.2873577541775174
5KPH_4_2_0_combined_id1,0.7548363208770752,3.6448354721069336,90.37694444444443,0.74,4,2,90.99,0.8742189407348633,32.367107,68.86401,0.2098,2.2675052218967013
5KPH_4_2_0_combined_id10,1.5878915786743164,1.9317636489868164,92.36291666666666,0.76,4,2,90.99,0.8742189407348633,32.367107,68.86401,0.2036,2.0419845581054688
5KPH_4_2_0_combined_id11,0.5990939140319824,3.294954776763916,94.30361111111112,0.8,4,2,90.99,0.8742189407348633,32.367107,68.86401,0.2033,2.55086178249783
5KPH_4_2_0_combined_id12,1.128814697265625,2.908903121948242,88.8438888888889,0.71,4,2,90.99,0.8742189407348633,32.367107,68.86401,0.1892,2.2617090013292103
5KPH_4_2_0_combined_id13,2.829204797744751,3.1336920261383057,86.6561111111111,0.67,4,2,90.99,0.8742189407348633,32.367107,68.86401,0.1732,2.2808655632866754
5KPH_4_2_0_combined_id14,1.5869508981704712,3.041133403778076,91.3586111111111,0.75,4,2,90.99,0.8742189407348633,32.367107,68.86401,0.2101,2.2894958919949
5KPH_4_2_0_combined_id15,0.7535781860351562,4.235893726348877,94.70305555555557,0.8,4,2,90.99,0.8742189407348633,32.367107,68.86401,0.1828,2.488185458713108
5KPH_4_2_0_combined_id16,0.8599974513053894,3.2070627212524414,92.75305555555556,0.78,4,2,90.99,0.8742189407348633,32.367107,68.86401,0.2198,2.212567435370551
5KPH_4_2_0_combined_id17,0.5425859093666077,4.071918487548828,96.32333333333332,0.83,4,2,90.99,0.8742189407348633,32.367107,68.86401,0.2377,2.3823216756184897
5KPH_4_2_0_combined_id18,0.5196422338485718,3.727191209793091,95.45194444444444,0.82,4,2,90.99,0.8742189407348633,32.367107,68.86401,0.2126,2.509455151028104
5KPH_4_2_0_combined_id19,0.5856271982192993,4.109762191772461,95.10777777777778,0.81,4,2,90.99,0.8742189407348633,32.367107,68.86401,0.1829,2.5709957546657987
5KPH_4_2_0_combined_id2,0.8054717779159546,3.500267267227173,94.40166666666669,0.8,4,2,90.99,0.8742189407348633,32.367107,68.86401,0.201,2.515708711412218
5KPH_4_2_0_combined_id20,0.4990794360637665,3.5763630867004395,89.59083333333334,0.74,4,2,90.99,0.8742189407348633,32.367107,68.86401,0.1849,2.5345857408311634
5KPH_4_2_0_combined_id21,0.7491465210914612,2.317408800125122,88.40277777777777,0.73,4,2,90.99,0.8742189407348633,32.367107,68.86401,0.2139,2.261260562472873
5KPH_4_2_0_combined_id22,0.5221359729766846,3.904797077178955,95.20180555555557,0.82,4,2,90.99,0.8742189407348633,32.367107,68.86401,0.2329,2.307234446207682
5KPH_4_2_0_combined_id23,0.7321187257766724,2.8453900814056396,89.27624999999999,0.75,4,2,90.99,0.8742189407348633,32.367107,68.86401,0.1878,2.2498368157280817
5KPH_4_2_0_combined_id24,2.258211374282837,2.0765254497528076,94.37888888888888,0.79,4,2,90.99,0.8742189407348633,32.367107,68.86401,0.2604,2.280063205295139
5KPH_4_2_0_combined_id3,0.5644749999046326,1.7747626304626465,92.33958333333334,0.78,4,2,90.99,0.8742189407348633,32.367107,68.86401,0.2036,2.326615227593316
5KPH_4_2_0_combined_id4,0.9031991362571716,1.659967064857483,93.92597222222224,0.79,4,2,90.99,0.8742189407348633,32.367107,68.86401,0.2372,2.287749396430121
5KPH_4_2_0_combined_id5,1.8536101579666138,4.225760459899902,92.80333333333334,0.72,4,2,90.99,0.8742189407348633,32.367107,68.86401,0.205,2.0966584947374134
5KPH_4_2_0_combined_id6,0.5231547355651855,3.6812000274658203,94.36125,0.81,4,2,90.99,0.8742189407348633,32.367107,68.86401,0.203,2.4194263882107205
5KPH_4_2_0_combined_id7,3.2721683979034424,2.8298394680023193,91.3625,0.77,4,2,90.99,0.8742189407348633,32.367107,68.86401,0.2168,2.3826416863335504
5KPH_4_2_0_combined_id8,0.4944021999835968,3.5126686096191406,93.68930555555556,0.81,4,2,90.99,0.8742189407348633,32.367107,68.86401,0.1975,2.290496190388997
5KPH_4_2_0_combined_id9,1.3254685401916504,2.621992588043213,87.90125,0.69,4,2,90.99,0.8742189407348633,32.367107,68.86401,0.209,1.9382538265652127
5KPH_4_2_1_combined_id1,0.7158962488174438,3.5983259677886963,93.22625,0.78,4,2,94.89708333333334,0.617419958114624,33.510128,69.949936,0.2114,2.416719224717882
5KPH_4_2_1_combined_id10,0.7928395867347717,3.3860998153686523,90.20291666666668,0.75,4,2,94.89708333333334,0.617419958114624,33.510128,69.949936,0.2092,1.8403667873806424
5KPH_4_2_1_combined_id11,0.7033993005752563,2.1407620906829834,90.69819444444444,0.73,4,2,94.89708333333334,0.617419958114624,33.510128,69.949936,0.1899,2.0841566721598306
5KPH_4_2_1_combined_id12,0.8470212817192078,3.580305576324463,92.70736111111113,0.78,4,2,94.89708333333334,0.617419958114624,33.510128,69.949936,0.2101,2.215315500895182
5KPH_4_2_1_combined_id14,0.6398594379425049,2.253812551498413,91.58513888888888,0.76,4,2,94.89708333333334,0.617419958114624,33.510128,69.949936,0.2,2.3724608951144748
5KPH_4_2_1_combined_id15,2.0467982292175293,2.012652635574341,87.95333333333332,0.71,4,2,94.89708333333334,0.617419958114624,33.510128,69.949936,0.1974,2.122345394558377
5KPH_4_2_1_combined_id16,0.8685771226882935,3.25282883644104,89.28013888888889,0.73,4,2,94.89708333333334,0.617419958114624,33.510128,69.949936,0.2303,1.5520795186360676
5KPH_4_2_1_combined_id17,1.456126093864441,2.989530563354492,91.6901388888889,0.76,4,2,94.89708333333334,0.617419958114624,33.510128,69.949936,0.2117,1.9030946095784504
5KPH_4_2_1_combined_id18,0.599576473236084,2.6162564754486084,89.25180555555555,0.71,4,2,94.89708333333334,0.617419958114624,33.510128,69.949936,0.198,2.2442323896620007
5KPH_4_2_1_combined_id19,1.7086659669876099,2.600863456726074,91.33486111111112,0.75,4,2,94.89708333333334,0.617419958114624,33.510128,69.949936,0.2113,2.1528761121961804
5KPH_4_2_1_combined_id2,0.7774844169616699,3.44862961769104,90.80194444444444,0.76,4,2,94.89708333333334,0.617419958114624,33.510128,69.949936,0.2116,1.6749847200181749
5KPH_4_2_1_combined_id20,0.9443935751914978,1.84269118309021,91.50944444444444,0.75,4,2,94.89708333333334,0.617419958114624,33.510128,69.949936,0.2087,2.286001629299588
5KPH_4_2_1_combined_id21,1.0794591903686523,3.3581511974334717,92.70458333333332,0.77,4,2,94.89708333333334,0.617419958114624,33.510128,69.949936,0.2059,2.230436537000868
5KPH_4_2_1_combined_id22,0.9756826162338257,2.9967074394226074,89.71458333333334,0.73,4,2,94.89708333333334,0.617419958114624,33.510128,69.949936,0.1951,2.2551136016845703
5KPH_4_2_1_combined_id23,0.8067349195480347,2.3431496620178223,95.85263888888888,0.82,4,2,94.89708333333334,0.617419958114624,33.510128,69.949936,0.2141,1.8780913882785373
5KPH_4_2_1_combined_id3,0.7650760412216187,3.595029830932617,92.8625,0.78,4,2,94.89708333333334,0.617419958114624,33.510128,69.949936,0.2292,1.8973808288574217
5KPH_4_2_1_combined_id4,0.5648311972618103,3.789670705795288,95.31625,0.82,4,2,94.89708333333334,0.617419958114624,33.510128,69.949936,0.2117,1.9319305419921875
5KPH_4_2_1_combined_id5,1.5746967792510986,2.554116725921631,89.09777777777778,0.72,4,2,94.89708333333334,0.617419958114624,33.510128,69.949936,0.1865,2.0304959615071616
5KPH_4_2_1_combined_id6,0.7045963406562805,1.910217523574829,91.96027777777778,0.79,4,2,94.89708333333334,0.617419958114624,33.510128,69.949936,0.1925,2.020008299085829
5KPH_4_2_1_combined_id7,0.8166408538818359,3.2284862995147705,90.32666666666664,0.76,4,2,94.89708333333334,0.617419958114624,33.510128,69.949936,0.2356,1.8944742414686413
5KPH_4_2_1_combined_id8,0.8763607740402222,3.332278251647949,88.54263888888889,0.72,4,2,94.89708333333334,0.617419958114624,33.510128,69.949936,0.2271,1.8544705708821607
5KPH_4_2_1_combined_id9,1.1422507762908936,2.8139984607696533,87.06430555555556,0.69,4,2,94.89708333333334,0.617419958114624,33.510128,69.949936,0.2247,1.930981953938802
5KPH_4_2_2_combined_id1,1.6683098077774048,2.934476613998413,88.87375,0.74,4,2,92.33569444444444,1.084567666053772,33.543896,69.396416,0.1877,2.1373943752712674
5KPH_4_2_2_combined_id10,1.1829345226287842,2.7535741329193115,94.30541666666666,0.8,4,2,92.33569444444444,1.084567666053772,33.543896,69.396416,0.2167,2.134857601589627
5KPH_4_2_2_combined_id11,2.0433950424194336,1.2909802198410034,87.37527777777778,0.68,4,2,92.33569444444444,1.084567666053772,33.543896,69.396416,0.2089,1.8002870347764757
5KPH_4_2_2_combined_id12,1.767357349395752,1.578564167022705,83.26347222222222,0.66,4,2,92.33569444444444,1.084567666053772,33.543896,69.396416,0.178,2.0563360850016275
5KPH_4_2_2_combined_id14,1.5249617099761963,2.6105287075042725,87.90124999999999,0.7,4,2,92.33569444444444,1.084567666053772,33.543896,69.396416,0.1777,2.1071946885850696
5KPH_4_2_2_combined_id15,1.55083429813385,3.400475025177002,86.11027777777778,0.67,4,2,92.33569444444444,1.084567666053772,33.543896,69.396416,0.1769,2.1663725111219616
5KPH_4_2_2_combined_id16,1.559575080871582,2.75429105758667,92.95805555555556,0.77,4,2,92.33569444444444,1.084567666053772,33.543896,69.396416,0.1841,2.112842771742079
5KPH_4_2_2_combined_id17,1.2220346927642822,2.9428861141204834,85.78958333333334,0.67,4,2,92.33569444444444,1.084567666053772,33.543896,69.396416,0.178,2.329434288872613
5KPH_4_2_2_combined_id18,1.793328881263733,2.651233673095703,87.25986111111109,0.68,4,2,92.33569444444444,1.084567666053772,33.543896,69.396416,0.1996,1.734962675306532
5KPH_4_2_2_combined_id2,0.9767730236053467,3.508702516555786,92.0461111111111,0.76,4,2,92.33569444444444,1.084567666053772,33.543896,69.396416,0.1725,2.3147184583875866
5KPH_4_2_2_combined_id20,1.1556086540222168,2.671278238296509,89.63513888888889,0.74,4,2,92.33569444444444,1.084567666053772,33.543896,69.396416,0.2324,1.7796685960557723
5KPH_4_2_2_combined_id21,2.5099852085113525,2.902385950088501,90.23430555555557,0.73,4,2,92.33569444444444,1.084567666053772,33.543896,69.396416,0.1828,1.8677891625298395
5KPH_4_2_2_combined_id22,2.114989757537842,2.9654197692871094,90.975,0.75,4,2,92.33569444444444,1.084567666053772,33.543896,69.396416,0.2113,1.8348187340630424
5KPH_4_2_2_combined_id23,2.797783136367798,3.065974473953247,83.50805555555556,0.65,4,2,92.33569444444444,1.084567666053772,33.543896,69.396416,0.1941,2.2198524475097656
5KPH_4_2_2_combined_id24,1.2075188159942627,1.5816587209701538,86.44277777777776,0.69,4,2,92.33569444444444,1.084567666053772,33.543896,69.396416,0.2219,1.901406606038412
5KPH_4_2_2_combined_id3,1.8838471174240112,2.498499631881714,95.42486111111111,0.81,4,2,92.33569444444444,1.084567666053772,33.543896,69.396416,0.2163,1.7645840115017362
5KPH_4_2_2_combined_id4,1.2870945930480957,3.297360420227051,88.55902777777777,0.69,4,2,92.33569444444444,1.084567666053772,33.543896,69.396416,0.176,2.190579308403863
5KPH_4_2_2_combined_id5,3.3373985290527344,4.713512420654297,86.25958333333332,0.68,4,2,92.33569444444444,1.084567666053772,33.543896,69.396416,0.1606,2.2747205098470054
5KPH_4_2_2_combined_id6,1.587546944618225,3.437331199645996,89.93722222222222,0.71,4,2,92.33569444444444,1.084567666053772,33.543896,69.396416,0.1956,1.93612798055013
5KPH_4_2_2_combined_id8,1.9715421199798584,3.877027988433838,88.82902777777778,0.73,4,2,92.33569444444444,1.084567666053772,33.543896,69.396416,0.1591,2.2419872283935547
5KPH_4_2_2_combined_id9,1.50967538356781,3.4913086891174316,90.46986111111111,0.75,4,2,92.33569444444444,1.084567666053772,33.543896,69.396416,0.1888,1.7299957275390625
5KPH_4_2_3_combined_id1,1.1699905395507812,2.223461627960205,88.40958333333333,0.69,4,2,93.29777777777778,0.6005767583847046,32.51139,65.88111,0.1909,2.095154232449002
5KPH_4_2_3_combined_id11,0.7037754654884338,4.075833320617676,91.25222222222222,0.75,4,2,93.29777777777778,0.6005767583847046,32.51139,65.88111,0.1923,2.3594127231174045
5KPH_4_2_3_combined_id12,0.6252689957618713,1.9991661310195923,94.66347222222224,0.79,4,2,93.29777777777778,0.6005767583847046,32.51139,65.88111,0.1764,2.2644259134928384
5KPH_4_2_3_combined_id13,2.8002378940582275,1.284540057182312,92.2713888888889,0.78,4,2,93.29777777777778,0.6005767583847046,32.51139,65.88111,0.2208,2.062446170383029
5KPH_4_2_3_combined_id14,0.7401888966560364,3.441192865371704,89.99472222222222,0.74,4,2,93.29777777777778,0.6005767583847046,32.51139,65.88111,0.2261,1.9855884975857203
5KPH_4_2_3_combined_id15,1.2506282329559326,2.389331102371216,86.72027777777777,0.69,4,2,93.29777777777778,0.6005767583847046,32.51139,65.88111,0.2151,1.9538207583957248
5KPH_4_2_3_combined_id16,0.6310930252075195,1.9157066345214844,95.36819444444444,0.82,4,2,93.29777777777778,0.6005767583847046,32.51139,65.88111,0.181,2.224346160888672
5KPH_4_2_3_combined_id17,1.7086851596832275,3.1586999893188477,87.0026388888889,0.69,4,2,93.29777777777778,0.6005767583847046,32.51139,65.88111,0.1625,2.2942623562282987
5KPH_4_2_3_combined_id18,0.787709653377533,3.9641497135162354,94.72583333333334,0.79,4,2,93.29777777777778,0.6005767583847046,32.51139,65.88111,0.1916,2.2072520785861545
5KPH_4_2_3_combined_id19,0.9240602850914001,4.225450038909912,94.90694444444443,0.81,4,2,93.29777777777778,0.6005767583847046,32.51139,65.88111,0.1874,2.270904964870877
5KPH_4_2_3_combined_id2,1.3458374738693237,1.5827488899230957,92.34722222222224,0.75,4,2,93.29777777777778,0.6005767583847046,32.51139,65.88111,0.2206,2.399974822998047
5KPH_4_2_3_combined_id20,1.4237514734268188,2.1948742866516113,91.20347222222222,0.75,4,2,93.29777777777778,0.6005767583847046,32.51139,65.88111,0.1923,1.9988297356499567
5KPH_4_2_3_combined_id21,0.8591248393058777,3.7190768718719482,90.14041666666668,0.73,4,2,93.29777777777778,0.6005767583847046,32.51139,65.88111,0.1865,2.0969634585910373
5KPH_4_2_3_combined_id22,0.7573339343070984,4.179507255554199,91.82194444444444,0.76,4,2,93.29777777777778,0.6005767583847046,32.51139,65.88111,0.1726,2.281457689073351
5KPH_4_2_3_combined_id23,0.9756116271018982,4.443600177764893,92.22861111111108,0.75,4,2,93.29777777777778,0.6005767583847046,32.51139,65.88111,0.1799,2.2167784372965493
5KPH_4_2_3_combined_id24,0.8009522557258606,3.486100196838379,92.30875,0.78,4,2,93.29777777777778,0.6005767583847046,32.51139,65.88111,0.1857,2.10063213772244
5KPH_4_2_3_combined_id3,2.0425961017608643,2.766331195831299,87.35125,0.64,4,2,93.29777777777778,0.6005767583847046,32.51139,65.88111,0.1794,2.163313547770182
5KPH_4_2_3_combined_id4,0.7494382858276367,3.637476921081543,90.39375,0.75,4,2,93.29777777777778,0.6005767583847046,32.51139,65.88111,0.1678,2.3515133327907987
5KPH_4_2_3_combined_id5,1.527301549911499,1.3126559257507324,85.86652777777778,0.65,4,2,93.29777777777778,0.6005767583847046,32.51139,65.88111,0.1755,2.188744227091471
5KPH_4_2_3_combined_id6,0.8036030530929565,1.991046667098999,90.07680555555557,0.75,4,2,93.29777777777778,0.6005767583847046,32.51139,65.88111,0.1829,2.098060607910156
5KPH_4_2_3_combined_id7,0.8732512593269348,3.9389443397521973,95.45430555555556,0.82,4,2,93.29777777777778,0.6005767583847046,32.51139,65.88111,0.2058,2.1027052137586804
5KPH_4_2_3_combined_id8,1.2729051113128662,3.0527503490448,93.07472222222222,0.79,4,2,93.29777777777778,0.6005767583847046,32.51139,65.88111,0.2054,1.8811702728271484
5KPH_4_2_3_combined_id9,0.825497567653656,3.7978429794311523,92.86611111111112,0.76,4,2,93.29777777777778,0.6005767583847046,32.51139,65.88111,0.1996,1.871808369954427
5KPH_4_2_4_combined_id1,0.6060200929641724,3.8704583644866943,90.52819444444444,0.75,4,2,90.85333333333332,1.2300667762756348,32.491886,67.42976,0.2025,1.9603315989176435
5KPH_4_2_4_combined_id10,0.99361252784729,3.266267776489258,93.06138888888889,0.78,4,2,90.85333333333332,1.2300667762756348,32.491886,67.42976,0.2064,1.806505627102322
5KPH_4_2_4_combined_id11,0.903947651386261,2.956098794937134,88.14888888888889,0.69,4,2,90.85333333333332,1.2300667762756348,32.491886,67.42976,0.1864,2.186144087049696
5KPH_4_2_4_combined_id12,0.6945603489875793,3.601830005645752,91.75708333333334,0.77,4,2,90.85333333333332,1.2300667762756348,32.491886,67.42976,0.2053,2.083336936102973
5KPH_4_2_4_combined_id13,1.3927943706512451,3.99973464012146,89.42375,0.71,4,2,90.85333333333332,1.2300667762756348,32.491886,67.42976,0.1959,1.8705465528700087
5KPH_4_2_4_combined_id14,1.4005051851272583,2.8098325729370117,89.85666666666667,0.73,4,2,90.85333333333332,1.2300667762756348,32.491886,67.42976,0.2249,1.881411658393012
5KPH_4_2_4_combined_id15,0.9630789756774902,2.3793246746063232,87.28944444444444,0.69,4,2,90.85333333333332,1.2300667762756348,32.491886,67.42976,0.2225,2.097447713216146
5KPH_4_2_4_combined_id16,0.9523991346359253,3.3870294094085693,88.41722222222222,0.73,4,2,90.85333333333332,1.2300667762756348,32.491886,67.42976,0.1884,1.960231357150608
5KPH_4_2_4_combined_id17,0.9802796840667725,3.6208393573760986,94.00472222222224,0.79,4,2,90.85333333333332,1.2300667762756348,32.491886,67.42976,0.2242,1.9176788330078125
5KPH_4_2_4_combined_id18,1.0870815515518188,2.524437665939331,84.74833333333333,0.64,4,2,90.85333333333332,1.2300667762756348,32.491886,67.42976,0.2183,1.6626272201538086
5KPH_4_2_4_combined_id19,1.0114818811416626,4.079639434814453,91.79763888888888,0.75,4,2,90.85333333333332,1.2300667762756348,32.491886,67.42976,0.2274,1.9460750155978728
5KPH_4_2_4_combined_id2,0.9559907913208008,3.1656875610351562,83.6726388888889,0.63,4,2,90.85333333333332,1.2300667762756348,32.491886,67.42976,0.1995,1.9457969665527344
5KPH_4_2_4_combined_id20,1.1499559879302979,2.8805720806121826,92.13069444444444,0.77,4,2,90.85333333333332,1.2300667762756348,32.491886,67.42976,0.2269,1.7218443552652996
5KPH_4_2_4_combined_id21,1.1432251930236816,3.0246434211730957,93.66736111111112,0.8,4,2,90.85333333333332,1.2300667762756348,32.491886,67.42976,0.2007,1.817124260796441
5KPH_4_2_4_combined_id22,1.5725045204162598,2.606865406036377,93.75805555555556,0.79,4,2,90.85333333333332,1.2300667762756348,32.491886,67.42976,0.2311,1.7919052971733942
5KPH_4_2_4_combined_id23,1.2250486612319946,3.20707106590271,87.8536111111111,0.72,4,2,90.85333333333332,1.2300667762756348,32.491886,67.42976,0.2365,1.8013956281873915
5KPH_4_2_4_combined_id24,1.660733699798584,2.5926353931427,89.60569444444445,0.73,4,2,90.85333333333332,1.2300667762756348,32.491886,67.42976,0.2067,1.5713859134250217
5KPH_4_2_4_combined_id3,0.5991151928901672,3.816688299179077,96.64736111111112,0.82,4,2,90.85333333333332,1.2300667762756348,32.491886,67.42976,0.2335,2.1365574730767145
5KPH_4_2_4_combined_id4,1.840798020362854,2.6432242393493652,90.10916666666668,0.74,4,2,90.85333333333332,1.2300667762756348,32.491886,67.42976,0.2013,2.072148217095269
5KPH_4_2_4_combined_id5,0.7239949107170105,3.822185754776001,92.90791666666668,0.8,4,2,90.85333333333332,1.2300667762756348,32.491886,67.42976,0.2241,2.2664065890842013
5KPH_4_2_4_combined_id6,0.7271251082420349,3.946146011352539,91.24444444444444,0.75,4,2,90.85333333333332,1.2300667762756348,32.491886,67.42976,0.1869,2.014952341715494
5KPH_4_2_4_combined_id7,1.4880175590515137,2.9762887954711914,86.98319444444445,0.68,4,2,90.85333333333332,1.2300667762756348,32.491886,67.42976,0.1899,1.8055470784505208
5KPH_4_2_4_combined_id8,0.8600620031356812,2.828894853591919,86.83291666666666,0.71,4,2,90.85333333333332,1.2300667762756348,32.491886,67.42976,0.2302,1.982838100857205
5KPH_4_2_4_combined_id9,0.8113656044006348,3.9312448501586914,90.24847222222223,0.71,4,2,90.85333333333332,1.2300667762756348,32.491886,67.42976,0.2157,1.6539427439371746
5KPH_4_2_5_combined_id1,0.9658324122428894,3.461782693862915,93.40263888888887,0.79,4,2,92.14444444444445,1.2864537239074707,32.324642,67.4273,0.2227,1.8554022047254768
5KPH_4_2_5_combined_id10,0.746383547782898,3.5806567668914795,93.60819444444444,0.78,4,2,92.14444444444445,1.2864537239074707,32.324642,67.4273,0.1991,1.960365931193034
5KPH_4_2_5_combined_id11,0.7341758012771606,3.5764811038970947,89.64027777777777,0.71,4,2,92.14444444444445,1.2864537239074707,32.324642,67.4273,0.2079,2.022326999240452
5KPH_4_2_5_combined_id12,0.996712863445282,3.3429644107818604,91.6925,0.75,4,2,92.14444444444445,1.2864537239074707,32.324642,67.4273,0.2128,1.679952409532335
5KPH_4_2_5_combined_id13,0.7413641810417175,3.8291378021240234,94.67402777777778,0.81,4,2,92.14444444444445,1.2864537239074707,32.324642,67.4273,0.2025,1.8659706115722656
5KPH_4_2_5_combined_id14,0.6939144730567932,3.388821840286255,91.5488888888889,0.77,4,2,92.14444444444445,1.2864537239074707,32.324642,67.4273,0.2029,1.965743170844184
5KPH_4_2_5_combined_id15,0.6667294502258301,2.7900094985961914,92.73430555555557,0.76,4,2,92.14444444444445,1.2864537239074707,32.324642,67.4273,0.1985,2.08184814453125
5KPH_4_2_5_combined_id16,0.7923247814178467,3.984586715698242,92.73638888888888,0.76,4,2,92.14444444444445,1.2864537239074707,32.324642,67.4273,0.1992,2.029990937974718
5KPH_4_2_5_combined_id17,0.7861683368682861,3.351881504058838,87.26430555555555,0.68,4,2,92.14444444444445,1.2864537239074707,32.324642,67.4273,0.2006,1.892859141031901
5KPH_4_2_5_combined_id18,0.8503943085670471,4.3690643310546875,94.18722222222222,0.79,4,2,92.14444444444445,1.2864537239074707,32.324642,67.4273,0.2245,1.9690240224202475
5KPH_4_2_5_combined_id19,0.8205965161323547,3.352243661880493,94.97444444444444,0.82,4,2,92.14444444444445,1.2864537239074707,32.324642,67.4273,0.2153,1.941353480021159
5KPH_4_2_5_combined_id2,0.7131165266036987,3.944795846939087,94.45166666666664,0.8,4,2,92.14444444444445,1.2864537239074707,32.324642,67.4273,0.1933,1.9662013583713107
5KPH_4_2_5_combined_id20,0.9034152030944824,3.7250406742095947,94.7975,0.8,4,2,92.14444444444445,1.2864537239074707,32.324642,67.4273,0.2138,1.9791361490885413
5KPH_4_2_5_combined_id21,0.7400044798851013,3.22599458694458,89.88722222222222,0.74,4,2,92.14444444444445,1.2864537239074707,32.324642,67.4273,0.2015,1.8106388515896268
5KPH_4_2_5_combined_id22,1.0078507661819458,3.3376386165618896,89.1975,0.69,4,2,92.14444444444445,1.2864537239074707,32.324642,67.4273,0.1952,1.88900269402398
5KPH_4_2_5_combined_id23,0.8948671221733093,3.0324928760528564,89.77458333333333,0.72,4,2,92.14444444444445,1.2864537239074707,32.324642,67.4273,0.2189,1.901231977674696
5KPH_4_2_5_combined_id24,0.8538239598274231,2.48547625541687,87.79013888888888,0.71,4,2,92.14444444444445,1.2864537239074707,32.324642,67.4273,0.2023,1.8199628194173176
5KPH_4_2_5_combined_id3,0.9272922277450562,1.577307105064392,90.28013888888889,0.75,4,2,92.14444444444445,1.2864537239074707,32.324642,67.4273,0.1704,2.1510832044813366
5KPH_4_2_5_combined_id4,0.7428776621818542,3.9115827083587646,91.28166666666668,0.75,4,2,92.14444444444445,1.2864537239074707,32.324642,67.4273,0.1998,1.8977139790852864
5KPH_4_2_5_combined_id5,0.986650288105011,1.8577539920806885,86.93152777777777,0.68,4,2,92.14444444444445,1.2864537239074707,32.324642,67.4273,0.212,1.950850592719184
5KPH_4_2_5_combined_id6,0.736732006072998,3.287632942199707,89.04333333333335,0.75,4,2,92.14444444444445,1.2864537239074707,32.324642,67.4273,0.2393,2.1680772569444446
5KPH_4_2_5_combined_id7,0.6247556805610657,3.5817291736602783,93.73527777777778,0.79,4,2,92.14444444444445,1.2864537239074707,32.324642,67.4273,0.2075,2.206183115641276
5KPH_4_2_5_combined_id8,0.7572739124298096,3.943847179412842,92.15902777777778,0.76,4,2,92.14444444444445,1.2864537239074707,32.324642,67.4273,0.2021,1.6943289438883464
5KPH_4_2_5_combined_id9,0.8127762079238892,3.295070171356201,92.2875,0.75,4,2,92.14444444444445,1.2864537239074707,32.324642,67.4273,0.2137,1.7218551635742188
5KPH_4_2_6_combined_id1,0.6304224133491516,3.996011734008789,92.99611111111112,0.78,4,2,93.66958333333336,1.2681719064712524,32.39703,68.221275,0.1858,2.362149132622613
5KPH_4_2_6_combined_id10,2.442023754119873,1.9629302024841309,82.61666666666667,0.63,4,2,93.66958333333336,1.2681719064712524,32.39703,68.221275,0.1958,2.0821043650309243
5KPH_4_2_6_combined_id11,0.6883038282394409,3.9237639904022217,91.49277777777776,0.78,4,2,93.66958333333336,1.2681719064712524,32.39703,68.221275,0.2034,2.187257554796007
5KPH_4_2_6_combined_id12,0.6445674300193787,3.997758388519287,92.1288888888889,0.78,4,2,93.66958333333336,1.2681719064712524,32.39703,68.221275,0.2083,1.8996338314480248
5KPH_4_2_6_combined_id13,0.8182663321495056,2.2329444885253906,91.02472222222222,0.76,4,2,93.66958333333336,1.2681719064712524,32.39703,68.221275,0.1977,2.134424845377604
5KPH_4_2_6_combined_id14,0.7008430361747742,3.5751988887786865,94.72486111111112,0.82,4,2,93.66958333333336,1.2681719064712524,32.39703,68.221275,0.1952,2.154390123155382
5KPH_4_2_6_combined_id15,1.0987054109573364,3.401401996612549,95.02666666666669,0.8,4,2,93.66958333333336,1.2681719064712524,32.39703,68.221275,0.2039,2.101632012261285
5KPH_4_2_6_combined_id16,1.6823229789733887,1.8608685731887817,78.50666666666666,0.57,4,2,93.66958333333336,1.2681719064712524,32.39703,68.221275,0.1806,2.352512147691515
5KPH_4_2_6_combined_id17,1.7633888721466064,2.3494598865509033,85.22569444444444,0.68,4,2,93.66958333333336,1.2681719064712524,32.39703,68.221275,0.1922,2.1845775180392795
5KPH_4_2_6_combined_id18,0.7896983623504639,4.294076442718506,93.32138888888888,0.79,4,2,93.66958333333336,1.2681719064712524,32.39703,68.221275,0.1768,2.2138695187038846
5KPH_4_2_6_combined_id19,0.6304722428321838,1.986340880393982,89.63444444444445,0.74,4,2,93.66958333333336,1.2681719064712524,32.39703,68.221275,0.2329,1.9789388444688585
5KPH_4_2_6_combined_id2,0.7718790769577026,3.8174831867218018,94.66486111111112,0.83,4,2,93.66958333333336,1.2681719064712524,32.39703,68.221275,0.1942,2.148531172010633
5KPH_4_2_6_combined_id20,0.6646527051925659,3.7581605911254883,93.15597222222222,0.78,4,2,93.66958333333336,1.2681719064712524,32.39703,68.221275,0.1828,1.9322405921088324
5KPH_4_2_6_combined_id21,1.097373127937317,3.6830317974090576,89.27055555555555,0.71,4,2,93.66958333333336,1.2681719064712524,32.39703,68.221275,0.2019,1.962106704711914
5KPH_4_2_6_combined_id22,0.6293642520904541,3.7347304821014404,95.09055555555555,0.81,4,2,93.66958333333336,1.2681719064712524,32.39703,68.221275,0.2168,1.9832611083984373
5KPH_4_2_6_combined_id23,1.5452580451965332,2.749760150909424,87.51430555555557,0.68,4,2,93.66958333333336,1.2681719064712524,32.39703,68.221275,0.1944,1.891100141737196
5KPH_4_2_6_combined_id24,0.6973439455032349,3.7593958377838135,89.33680555555556,0.74,4,2,93.66958333333336,1.2681719064712524,32.39703,68.221275,0.1755,2.16131337483724
5KPH_4_2_6_combined_id3,1.3265761137008667,2.2114710807800293,84.85388888888889,0.66,4,2,93.66958333333336,1.2681719064712524,32.39703,68.221275,0.2249,1.590074963039822
5KPH_4_2_6_combined_id4,1.1381655931472778,1.9651042222976685,85.75597222222223,0.68,4,2,93.66958333333336,1.2681719064712524,32.39703,68.221275,0.2317,1.5983192655775282
5KPH_4_2_6_combined_id5,0.9357569813728333,2.352529287338257,85.5038888888889,0.64,4,2,93.66958333333336,1.2681719064712524,32.39703,68.221275,0.2046,1.789929919772678
5KPH_4_2_6_combined_id6,1.272827386856079,2.476175308227539,84.13597222222224,0.66,4,2,93.66958333333336,1.2681719064712524,32.39703,68.221275,0.2072,1.853054894341363
5KPH_4_2_6_combined_id7,1.5248539447784424,3.467046022415161,86.57402777777777,0.68,4,2,93.66958333333336,1.2681719064712524,32.39703,68.221275,0.2012,1.7581590016682942
5KPH_4_2_6_combined_id8,0.6612905263900757,3.8258132934570312,93.84208333333336,0.79,4,2,93.66958333333336,1.2681719064712524,32.39703,68.221275,0.2055,2.2872191535102
5KPH_4_2_6_combined_id9,0.9275746941566467,3.2384324073791504,89.19041666666668,0.72,4,2,93.66958333333336,1.2681719064712524,32.39703,68.221275,0.1946,2.095640394422743
5KPH_4_2_7_combined_id1,0.6586052179336548,3.5790209770202637,91.14236111111111,0.76,4,2,94.6775,0.8667009472846985,31.445808,69.385574,0.1846,2.299043867323133
5KPH_4_2_7_combined_id10,0.6001752018928528,3.684293508529663,88.52000000000001,0.7,4,2,94.6775,0.8667009472846985,31.445808,69.385574,0.2066,2.145198186238607
5KPH_4_2_7_combined_id11,0.5970295667648315,3.8613381385803223,93.88902777777778,0.79,4,2,94.6775,0.8667009472846985,31.445808,69.385574,0.2014,2.337832556830512
5KPH_4_2_7_combined_id12,0.617560088634491,3.744929790496826,93.67694444444444,0.79,4,2,94.6775,0.8667009472846985,31.445808,69.385574,0.2446,2.1352017720540366
5KPH_4_2_7_combined_id13,0.4632163643836975,3.5872509479522705,92.8451388888889,0.78,4,2,94.6775,0.8667009472846985,31.445808,69.385574,0.1967,2.4068211449517145
5KPH_4_2_7_combined_id14,0.7753844857215881,3.7923800945281982,94.63194444444444,0.81,4,2,94.6775,0.8667009472846985,31.445808,69.385574,0.1953,2.045526292588976
5KPH_4_2_7_combined_id15,0.6464233994483948,3.8979530334472656,94.57958333333332,0.8,4,2,94.6775,0.8667009472846985,31.445808,69.385574,0.2521,1.9469983842637804
5KPH_4_2_7_combined_id16,0.7300505042076111,3.5711729526519775,92.22458333333331,0.76,4,2,94.6775,0.8667009472846985,31.445808,69.385574,0.2082,1.8834993574354384
5KPH_4_2_7_combined_id17,0.9744475483894348,3.2428946495056152,93.55583333333334,0.78,4,2,94.6775,0.8667009472846985,31.445808,69.385574,0.2272,1.736319859822591
5KPH_4_2_7_combined_id18,0.6855031847953796,4.137996673583984,93.77833333333332,0.81,4,2,94.6775,0.8667009472846985,31.445808,69.385574,0.2407,2.099779340955946
5KPH_4_2_7_combined_id19,0.6324834823608398,3.872321844100952,95.21722222222222,0.81,4,2,94.6775,0.8667009472846985,31.445808,69.385574,0.235,2.1615392896864147
5KPH_4_2_7_combined_id2,0.8600484132766724,4.307646751403809,91.72027777777777,0.77,4,2,94.6775,0.8667009472846985,31.445808,69.385574,0.2116,2.211151123046875
5KPH_4_2_7_combined_id20,0.6181542277336121,2.162961006164551,95.28208333333332,0.82,4,2,94.6775,0.8667009472846985,31.445808,69.385574,0.2416,2.035384919908312
5KPH_4_2_7_combined_id21,0.7829077243804932,3.676703929901123,92.26041666666669,0.77,4,2,94.6775,0.8667009472846985,31.445808,69.385574,0.1919,2.159510718451606
5KPH_4_2_7_combined_id22,0.5937400460243225,4.130136966705322,94.96972222222222,0.81,4,2,94.6775,0.8667009472846985,31.445808,69.385574,0.2299,2.1070378621419272
5KPH_4_2_7_combined_id23,0.6800464987754822,3.9612786769866943,94.88041666666666,0.8,4,2,94.6775,0.8667009472846985,31.445808,69.385574,0.2255,2.106982125176324
5KPH_4_2_7_combined_id24,0.5612228512763977,3.9916739463806152,95.01680555555556,0.81,4,2,94.6775,0.8667009472846985,31.445808,69.385574,0.1994,2.244596481323242
5KPH_4_2_7_combined_id3,0.7039599418640137,1.8796828985214233,91.88805555555555,0.75,4,2,94.6775,0.8667009472846985,31.445808,69.385574,0.2273,2.4243392944335938
5KPH_4_2_7_combined_id4,0.7573782205581665,3.583711624145508,90.5501388888889,0.73,4,2,94.6775,0.8667009472846985,31.445808,69.385574,0.2213,1.9386946360270183
5KPH_4_2_7_combined_id5,0.7358075380325317,4.194721698760986,94.15263888888887,0.79,4,2,94.6775,0.8667009472846985,31.445808,69.385574,0.191,2.7103563944498696
5KPH_4_2_7_combined_id6,0.7421861886978149,4.044517993927002,91.85763888888889,0.75,4,2,94.6775,0.8667009472846985,31.445808,69.385574,0.2021,2.27000003390842
5KPH_4_2_7_combined_id7,0.6872562766075134,4.376573085784912,94.14625,0.79,4,2,94.6775,0.8667009472846985,31.445808,69.385574,0.2101,2.298574871487088
5KPH_4_2_7_combined_id8,0.7501716017723083,1.3052445650100708,91.85930555555557,0.77,4,2,94.6775,0.8667009472846985,31.445808,69.385574,0.1957,2.013441297743056
5KPH_4_2_7_combined_id9,0.9614269137382507,3.3980631828308105,86.58847222222224,0.68,4,2,94.6775,0.8667009472846985,31.445808,69.385574,0.1898,1.9591187371148004
5KPH_4_2_8_combined_id1,1.6625336408615112,1.954936146736145,90.78569444444446,0.74,4,2,93.08902777777776,0.7782790660858154,32.5623,68.55739,0.2237,2.124328825208876
5KPH_4_2_8_combined_id10,0.8668394088745117,2.317002534866333,88.44444444444444,0.71,4,2,93.08902777777776,0.7782790660858154,32.5623,68.55739,0.2165,2.073164621988932
5KPH_4_2_8_combined_id11,0.9320093989372253,2.3436925411224365,89.92638888888888,0.72,4,2,93.08902777777776,0.7782790660858154,32.5623,68.55739,0.1932,2.191460291544596
5KPH_4_2_8_combined_id12,2.2326130867004395,2.3198773860931396,85.77680555555555,0.67,4,2,93.08902777777776,0.7782790660858154,32.5623,68.55739,0.1923,1.9433648851182723
5KPH_4_2_8_combined_id14,1.2297375202178955,2.6761505603790283,91.07097222222222,0.74,4,2,93.08902777777776,0.7782790660858154,32.5623,68.55739,0.2114,1.8803738488091364
5KPH_4_2_8_combined_id15,2.148474931716919,0.998390793800354,93.28569444444445,0.76,4,2,93.08902777777776,0.7782790660858154,32.5623,68.55739,0.2299,1.935575697157118
5KPH_4_2_8_combined_id16,2.189392328262329,1.4059829711914062,90.7840277777778,0.74,4,2,93.08902777777776,0.7782790660858154,32.5623,68.55739,0.231,1.860157012939453
5KPH_4_2_8_combined_id17,2.046342372894287,1.5398825407028198,87.30361111111112,0.72,4,2,93.08902777777776,0.7782790660858154,32.5623,68.55739,0.1907,2.193658192952474
5KPH_4_2_8_combined_id18,2.764603853225708,1.1098982095718384,89.97916666666667,0.73,4,2,93.08902777777776,0.7782790660858154,32.5623,68.55739,0.2227,1.5905317730373807
5KPH_4_2_8_combined_id19,1.0676724910736084,1.6577907800674438,89.20833333333333,0.72,4,2,93.08902777777776,0.7782790660858154,32.5623,68.55739,0.1936,2.0123697916666665
5KPH_4_2_8_combined_id2,1.3890002965927124,1.414503812789917,92.5313888888889,0.77,4,2,93.08902777777776,0.7782790660858154,32.5623,68.55739,0.2365,1.964588589138455
5KPH_4_2_8_combined_id20,2.7391891479492188,1.4253500699996948,88.94847222222224,0.71,4,2,93.08902777777776,0.7782790660858154,32.5623,68.55739,0.2376,1.2878764470418294
5KPH_4_2_8_combined_id21,2.254384994506836,1.4128869771957397,90.70458333333332,0.73,4,2,93.08902777777776,0.7782790660858154,32.5623,68.55739,0.2023,1.5632491641574435
5KPH_4_2_8_combined_id22,2.672480583190918,1.4763445854187012,87.6113888888889,0.72,4,2,93.08902777777776,0.7782790660858154,32.5623,68.55739,0.2243,1.6129202312893338
5KPH_4_2_8_combined_id23,1.7540558576583862,1.5452183485031128,93.19444444444444,0.78,4,2,93.08902777777776,0.7782790660858154,32.5623,68.55739,0.2282,2.14657825893826
5KPH_4_2_8_combined_id3,0.8878263235092163,2.2534968852996826,90.92,0.76,4,2,93.08902777777776,0.7782790660858154,32.5623,68.55739,0.2004,2.298077053493924
5KPH_4_2_8_combined_id4,1.6925013065338135,2.114642858505249,89.10847222222225,0.71,4,2,93.08902777777776,0.7782790660858154,32.5623,68.55739,0.2208,2.166540357801649
5KPH_4_2_8_combined_id5,2.2252585887908936,1.6002492904663086,85.50625,0.67,4,2,93.08902777777776,0.7782790660858154,32.5623,68.55739,0.2187,1.739001168145074
5KPH_4_2_8_combined_id6,2.522470235824585,1.8471615314483643,91.57611111111112,0.75,4,2,93.08902777777776,0.7782790660858154,32.5623,68.55739,0.187,2.067926194932726
5KPH_4_2_8_combined_id7,0.8175273537635803,1.6815053224563599,93.48597222222222,0.8,4,2,93.08902777777776,0.7782790660858154,32.5623,68.55739,0.2376,1.6375236511230469
5KPH_4_2_8_combined_id9,1.1915905475616455,1.8242807388305664,87.9211111111111,0.72,4,2,93.08902777777776,0.7782790660858154,32.5623,68.55739,0.2261,1.7774567074245875
5KPH_4_2_9_combined_id1,0.7217705845832825,3.7741997241973877,94.19097222222224,0.79,4,2,92.4815277777778,0.896657407283783,31.99989,64.67909,0.1935,2.1814554002549915
5KPH_4_2_9_combined_id10,0.7076766490936279,2.043541193008423,93.59333333333332,0.79,4,2,92.4815277777778,0.896657407283783,31.99989,64.67909,0.189,2.3369579315185547
5KPH_4_2_9_combined_id11,1.4818828105926514,2.4809374809265137,89.59680555555556,0.73,4,2,92.4815277777778,0.896657407283783,31.99989,64.67909,0.1866,2.11177486843533
5KPH_4_2_9_combined_id12,0.9695731401443481,2.505831480026245,89.22347222222223,0.7,4,2,92.4815277777778,0.896657407283783,31.99989,64.67909,0.1777,2.376653883192274
5KPH_4_2_9_combined_id13,0.710710883140564,3.8154499530792236,93.24402777777776,0.78,4,2,92.4815277777778,0.896657407283783,31.99989,64.67909,0.1844,2.314160876803928
5KPH_4_2_9_combined_id14,1.112850308418274,3.50917387008667,95.04597222222222,0.8,4,2,92.4815277777778,0.896657407283783,31.99989,64.67909,0.2132,2.2502530415852866
5KPH_4_2_9_combined_id15,0.8492422699928284,1.8589998483657837,94.12805555555556,0.8,4,2,92.4815277777778,0.896657407283783,31.99989,64.67909,0.209,2.0436668395996094
5KPH_4_2_9_combined_id16,0.6159445643424988,3.8394272327423096,94.70486111111111,0.81,4,2,92.4815277777778,0.896657407283783,31.99989,64.67909,0.2108,1.93437745836046
5KPH_4_2_9_combined_id17,0.5798571705818176,3.778371572494507,94.03333333333332,0.79,4,2,92.4815277777778,0.896657407283783,31.99989,64.67909,0.1824,2.371554480658637
5KPH_4_2_9_combined_id18,0.7145286798477173,1.4681396484375,92.71277777777776,0.77,4,2,92.4815277777778,0.896657407283783,31.99989,64.67909,0.1886,2.5389501783582897
5KPH_4_2_9_combined_id19,1.1014032363891602,1.8907604217529297,88.14291666666666,0.69,4,2,92.4815277777778,0.896657407283783,31.99989,64.67909,0.186,2.369153764512804
5KPH_4_2_9_combined_id2,1.3786835670471191,1.8629652261734009,87.29944444444445,0.68,4,2,92.4815277777778,0.896657407283783,31.99989,64.67909,0.1936,2.1226153903537326
5KPH_4_2_9_combined_id20,0.6749382019042969,3.696624755859375,93.6065277777778,0.77,4,2,92.4815277777778,0.896657407283783,31.99989,64.67909,0.1832,2.241117689344618
5KPH_4_2_9_combined_id21,1.2408437728881836,1.2396694421768188,89.85305555555556,0.73,4,2,92.4815277777778,0.896657407283783,31.99989,64.67909,0.1929,1.9782693650987413
5KPH_4_2_9_combined_id22,0.7100421190261841,3.8911705017089844,93.05513888888888,0.78,4,2,92.4815277777778,0.896657407283783,31.99989,64.67909,0.1917,2.5034620496961804
5KPH_4_2_9_combined_id23,0.6956604719161987,3.1816742420196533,93.76361111111112,0.8,4,2,92.4815277777778,0.896657407283783,31.99989,64.67909,0.1819,1.9957574208577475
5KPH_4_2_9_combined_id24,1.3723175525665283,2.2224085330963135,87.28361111111111,0.69,4,2,92.4815277777778,0.896657407283783,31.99989,64.67909,0.1962,2.1004325018988714
5KPH_4_2_9_combined_id3,1.3738871812820435,2.6889407634735107,89.7236111111111,0.73,4,2,92.4815277777778,0.896657407283783,31.99989,64.67909,0.1936,2.3477484385172525
5KPH_4_2_9_combined_id4,0.6172718405723572,3.7322871685028076,95.84013888888887,0.82,4,2,92.4815277777778,0.896657407283783,31.99989,64.67909,0.2298,1.928219477335612
5KPH_4_2_9_combined_id5,0.7232951521873474,3.808722496032715,92.37125,0.77,4,2,92.4815277777778,0.896657407283783,31.99989,64.67909,0.1922,2.3429315355088978
5KPH_4_2_9_combined_id6,0.8803661465644836,3.615485906600952,95.04638888888888,0.81,4,2,92.4815277777778,0.896657407283783,31.99989,64.67909,0.2112,2.0494683583577475
5KPH_4_2_9_combined_id7,0.8745354413986206,3.367598295211792,90.59277777777778,0.76,4,2,92.4815277777778,0.896657407283783,31.99989,64.67909,0.1986,2.373902426825629
5KPH_4_2_9_combined_id8,0.7003985047340393,3.8229970932006836,89.49888888888889,0.7,4,2,92.4815277777778,0.896657407283783,31.99989,64.67909,0.1809,2.400636461046007
5KPH_4_2_9_combined_id9,0.5705221891403198,3.7274861335754395,94.55152777777778,0.79,4,2,92.4815277777778,0.896657407283783,31.99989,64.67909,0.1862,2.104164123535156
5KPH_4_4_0_combined_id1,1.2542216777801514,2.8796160221099854,92.7934722222222,0.78,4,4,92.80763888888887,0.7468022704124451,32.507736,71.97166,0.1793,2.585886425442166
5KPH_4_4_0_combined_id10,1.3862515687942505,2.3559391498565674,88.69027777777778,0.71,4,4,92.80763888888887,0.7468022704124451,32.507736,71.97166,0.166,2.1700572967529297
5KPH_4_4_0_combined_id11,1.1681184768676758,2.6680984497070312,93.41263888888888,0.79,4,4,92.80763888888887,0.7468022704124451,32.507736,71.97166,0.1939,2.0955738491482205
5KPH_4_4_0_combined_id12,0.9559452533721924,2.855604410171509,92.19388888888888,0.77,4,4,92.80763888888887,0.7468022704124451,32.507736,71.97166,0.1898,2.6820494333903
5KPH_4_4_0_combined_id13,0.7539619207382202,3.446829080581665,92.91027777777778,0.79,4,4,92.80763888888887,0.7468022704124451,32.507736,71.97166,0.1863,2.362447314792209
5KPH_4_4_0_combined_id14,0.5977452993392944,3.6658308506011963,94.69875,0.81,4,4,92.80763888888887,0.7468022704124451,32.507736,71.97166,0.2295,2.0715874565972223
5KPH_4_4_0_combined_id15,2.0380849838256836,2.2481820583343506,90.2051388888889,0.71,4,4,92.80763888888887,0.7468022704124451,32.507736,71.97166,0.2108,1.8972131941053605
5KPH_4_4_0_combined_id16,0.9021754860877991,3.5232930183410645,93.92722222222224,0.79,4,4,92.80763888888887,0.7468022704124451,32.507736,71.97166,0.1756,2.5019429524739585
5KPH_4_4_0_combined_id17,0.7835747003555298,3.291989803314209,87.59527777777777,0.71,4,4,92.80763888888887,0.7468022704124451,32.507736,71.97166,0.2253,1.9459864298502605
5KPH_4_4_0_combined_id18,0.5586835145950317,3.7863409519195557,95.16333333333334,0.83,4,4,92.80763888888887,0.7468022704124451,32.507736,71.97166,0.1946,2.368467966715494
5KPH_4_4_0_combined_id19,2.2632675170898438,2.1292903423309326,92.98666666666664,0.79,4,4,92.80763888888887,0.7468022704124451,32.507736,71.97166,0.2213,1.9921417236328125
5KPH_4_4_0_combined_id2,1.5654375553131104,1.983527660369873,86.98180555555557,0.71,4,4,92.80763888888887,0.7468022704124451,32.507736,71.97166,0.2085,1.82875484890408
5KPH_4_4_0_combined_id20,0.9036951661109924,2.5875256061553955,91.785,0.77,4,4,92.80763888888887,0.7468022704124451,32.507736,71.97166,0.1968,2.037710613674588
5KPH_4_4_0_combined_id21,0.6363178491592407,3.590725898742676,90.49375,0.76,4,4,92.80763888888887,0.7468022704124451,32.507736,71.97166,0.197,2.4113311767578125
5KPH_4_4_0_combined_id23,0.6173251271247864,3.601670980453491,92.17680555555556,0.77,4,4,92.80763888888887,0.7468022704124451,32.507736,71.97166,0.1814,2.4505350324842663
5KPH_4_4_0_combined_id24,1.4443589448928833,2.321976900100708,89.77652777777777,0.71,4,4,92.80763888888887,0.7468022704124451,32.507736,71.97166,0.2072,1.889351526896159
5KPH_4_4_0_combined_id3,0.5676641464233398,2.5289156436920166,91.70805555555556,0.78,4,4,92.80763888888887,0.7468022704124451,32.507736,71.97166,0.2028,2.2510848575168185
5KPH_4_4_0_combined_id4,1.6020689010620117,2.1720850467681885,91.63652777777776,0.73,4,4,92.80763888888887,0.7468022704124451,32.507736,71.97166,0.189,2.258224063449436
5KPH_4_4_0_combined_id5,0.9432217478752136,3.4635744094848633,86.8748611111111,0.67,4,4,92.80763888888887,0.7468022704124451,32.507736,71.97166,0.2001,2.024034923977322
5KPH_4_4_0_combined_id6,0.7791075706481934,2.8687140941619873,91.20013888888889,0.77,4,4,92.80763888888887,0.7468022704124451,32.507736,71.97166,0.2048,2.1208521525065103
5KPH_4_4_0_combined_id8,1.9073296785354614,1.2833882570266724,91.4226388888889,0.74,4,4,92.80763888888887,0.7468022704124451,32.507736,71.97166,0.2181,1.7792782253689237
5KPH_4_4_0_combined_id9,2.7124521732330322,1.9043490886688232,94.08263888888888,0.79,4,4,92.80763888888887,0.7468022704124451,32.507736,71.97166,0.1992,2.0990473429361978
5KPH_4_4_1_combined_id1,0.6757553815841675,4.262758255004883,94.76680555555556,0.81,4,4,89.69361111111111,1.4580576419830322,32.95701,67.747536,0.2148,2.3279444376627603
5KPH_4_4_1_combined_id10,1.0533374547958374,1.8533202409744263,88.93930555555556,0.7,4,4,89.69361111111111,1.4580576419830322,32.95701,67.747536,0.1826,2.230511559380425
5KPH_4_4_1_combined_id11,0.7396675944328308,3.6329236030578613,93.07430555555555,0.79,4,4,89.69361111111111,1.4580576419830322,32.95701,67.747536,0.1779,2.1327758365207248
5KPH_4_4_1_combined_id12,0.7273507118225098,3.525272846221924,92.58833333333332,0.78,4,4,89.69361111111111,1.4580576419830322,32.95701,67.747536,0.185,2.1347393459743924
5KPH_4_4_1_combined_id13,0.7963753342628479,3.8549764156341553,90.16458333333333,0.74,4,4,89.69361111111111,1.4580576419830322,32.95701,67.747536,0.198,2.353809356689453
5KPH_4_4_1_combined_id14,1.8362317085266113,1.6055587530136108,88.34722222222223,0.69,4,4,89.69361111111111,1.4580576419830322,32.95701,67.747536,0.2039,2.0210480160183377
5KPH_4_4_1_combined_id15,0.7689576745033264,1.8872684240341187,89.5951388888889,0.73,4,4,89.69361111111111,1.4580576419830322,32.95701,67.747536,0.2047,2.201887766520182
5KPH_4_4_1_combined_id16,0.5597956776618958,3.9880595207214355,95.03458333333332,0.82,4,4,89.69361111111111,1.4580576419830322,32.95701,67.747536,0.1943,2.313528272840712
5KPH_4_4_1_combined_id17,0.6937822103500366,3.7353198528289795,90.43805555555556,0.77,4,4,89.69361111111111,1.4580576419830322,32.95701,67.747536,0.1882,2.219409942626953
5KPH_4_4_1_combined_id18,0.7705618739128113,4.292387962341309,95.22180555555556,0.82,4,4,89.69361111111111,1.4580576419830322,32.95701,67.747536,0.2098,1.9503722720676
5KPH_4_4_1_combined_id19,0.7544153928756714,3.9242444038391113,90.79847222222222,0.76,4,4,89.69361111111111,1.4580576419830322,32.95701,67.747536,0.206,2.184870402018229
5KPH_4_4_1_combined_id2,1.745726466178894,4.085559368133545,82.70263888888888,0.65,4,4,89.69361111111111,1.4580576419830322,32.95701,67.747536,0.1885,1.9999393886990016
5KPH_4_4_1_combined_id20,0.6299915909767151,4.034800052642822,94.10708333333332,0.81,4,4,89.69361111111111,1.4580576419830322,32.95701,67.747536,0.1926,2.2323794894748263
5KPH_4_4_1_combined_id21,0.9867538213729858,2.962768077850342,92.42083333333336,0.78,4,4,89.69361111111111,1.4580576419830322,32.95701,67.747536,0.174,2.281494140625
5KPH_4_4_1_combined_id22,0.7712106704711914,3.3863186836242676,93.69597222222222,0.8,4,4,89.69361111111111,1.4580576419830322,32.95701,67.747536,0.2275,1.9007108476426864
5KPH_4_4_1_combined_id23,0.6096205711364746,3.7668120861053467,91.95916666666666,0.77,4,4,89.69361111111111,1.4580576419830322,32.95701,67.747536,0.1872,2.3409635755750866
5KPH_4_4_1_combined_id24,0.8135529160499573,3.7871665954589844,87.12694444444443,0.71,4,4,89.69361111111111,1.4580576419830322,32.95701,67.747536,0.1922,2.286869684855143
5KPH_4_4_1_combined_id3,1.0994535684585571,2.86529278755188,88.60694444444444,0.72,4,4,89.69361111111111,1.4580576419830322,32.95701,67.747536,0.1931,2.220030042860243
5KPH_4_4_1_combined_id4,1.076468825340271,1.932664155960083,91.49708333333334,0.76,4,4,89.69361111111111,1.4580576419830322,32.95701,67.747536,0.192,2.0782928466796875
5KPH_4_4_1_combined_id5,0.6684073209762573,3.8731706142425537,93.71930555555554,0.79,4,4,89.69361111111111,1.4580576419830322,32.95701,67.747536,0.1642,2.436961279975044
5KPH_4_4_1_combined_id6,1.01041579246521,1.864256501197815,90.41583333333334,0.75,4,4,89.69361111111111,1.4580576419830322,32.95701,67.747536,0.1775,2.045567194620768
5KPH_4_4_1_combined_id7,0.6931946873664856,3.2623207569122314,90.76083333333332,0.74,4,4,89.69361111111111,1.4580576419830322,32.95701,67.747536,0.2011,2.1525440216064453
5KPH_4_4_1_combined_id8,0.8454017639160156,1.9478137493133545,92.3138888888889,0.76,4,4,89.69361111111111,1.4580576419830322,32.95701,67.747536,0.228,2.02688217163086
5KPH_4_4_1_combined_id9,0.8950904011726379,1.6497570276260376,94.10430555555556,0.81,4,4,89.69361111111111,1.4580576419830322,32.95701,67.747536,0.2082,2.1895425584581165
5KPH_4_4_2_combined_id1,1.4118843078613281,2.657513380050659,90.04486111111112,0.72,4,4,93.39597222222224,0.5826225280761719,33.227543,70.22529,0.2313,1.940341101752387
5KPH_4_4_2_combined_id10,0.9289510846138,2.6554160118103027,91.42152777777778,0.76,4,4,93.39597222222224,0.5826225280761719,33.227543,70.22529,0.1961,2.037548065185547
5KPH_4_4_2_combined_id11,1.3990398645401,2.883373737335205,86.36624999999998,0.7,4,4,93.39597222222224,0.5826225280761719,33.227543,70.22529,0.1935,2.4111436208089194
5KPH_4_4_2_combined_id12,1.467193603515625,1.0382604598999023,85.96833333333332,0.65,4,4,93.39597222222224,0.5826225280761719,33.227543,70.22529,0.2245,1.6754379272460938
5KPH_4_4_2_combined_id13,0.7865476012229919,2.8515963554382324,95.07569444444444,0.81,4,4,93.39597222222224,0.5826225280761719,33.227543,70.22529,0.2249,1.695956654018826
5KPH_4_4_2_combined_id14,1.2164788246154785,2.49227237701416,90.97333333333331,0.77,4,4,93.39597222222224,0.5826225280761719,33.227543,70.22529,0.1864,2.067332797580295
5KPH_4_4_2_combined_id15,0.9450846314430237,2.5018703937530518,91.25944444444444,0.76,4,4,93.39597222222224,0.5826225280761719,33.227543,70.22529,0.2284,1.5438578923543294
5KPH_4_4_2_combined_id16,1.0001158714294434,3.6708178520202637,93.885,0.78,4,4,93.39597222222224,0.5826225280761719,33.227543,70.22529,0.2152,2.106789059109158
5KPH_4_4_2_combined_id17,3.21632981300354,3.096656084060669,87.17500000000001,0.73,4,4,93.39597222222224,0.5826225280761719,33.227543,70.22529,0.1988,2.385501225789388
5KPH_4_4_2_combined_id18,1.1957895755767822,1.4915268421173096,90.6625,0.72,4,4,93.39597222222224,0.5826225280761719,33.227543,70.22529,0.2232,1.7792508867051866
5KPH_4_4_2_combined_id19,1.9857083559036255,3.3176558017730713,94.06416666666668,0.77,4,4,93.39597222222224,0.5826225280761719,33.227543,70.22529,0.2343,1.861523946126302
5KPH_4_4_2_combined_id2,1.3754123449325562,1.254381537437439,90.09583333333332,0.72,4,4,93.39597222222224,0.5826225280761719,33.227543,70.22529,0.1986,1.7970091501871746
5KPH_4_4_2_combined_id21,0.7950754165649414,3.4369444847106934,94.33930555555555,0.79,4,4,93.39597222222224,0.5826225280761719,33.227543,70.22529,0.2014,2.2412497202555337
5KPH_4_4_2_combined_id22,2.0724010467529297,1.786246657371521,85.41597222222224,0.62,4,4,93.39597222222224,0.5826225280761719,33.227543,70.22529,0.2163,1.7574883566962347
5KPH_4_4_2_combined_id23,0.6919653415679932,3.9420485496520996,94.72375,0.81,4,4,93.39597222222224,0.5826225280761719,33.227543,70.22529,0.2337,1.7881365882025824
5KPH_4_4_2_combined_id24,1.3140666484832764,2.4121317863464355,88.34083333333334,0.71,4,4,93.39597222222224,0.5826225280761719,33.227543,70.22529,0.2357,1.654930008782281
5KPH_4_4_2_combined_id3,1.3209987878799438,2.5029022693634033,88.54819444444443,0.71,4,4,93.39597222222224,0.5826225280761719,33.227543,70.22529,0.2176,1.9311703575981989
5KPH_4_4_2_combined_id4,0.8481850028038025,4.221987247467041,93.41083333333331,0.79,4,4,93.39597222222224,0.5826225280761719,33.227543,70.22529,0.2123,2.07808600531684
5KPH_4_4_2_combined_id5,1.2802023887634277,2.326314926147461,84.06347222222222,0.66,4,4,93.39597222222224,0.5826225280761719,33.227543,70.22529,0.17,2.002144283718533
5KPH_4_4_2_combined_id6,1.142782211303711,3.44779109954834,94.6823611111111,0.8,4,4,93.39597222222224,0.5826225280761719,33.227543,70.22529,0.2057,2.326235877143012
5KPH_4_4_2_combined_id7,0.8628367781639099,1.8636401891708374,94.1375,0.77,4,4,93.39597222222224,0.5826225280761719,33.227543,70.22529,0.2267,2.1299080318874783
5KPH_4_4_2_combined_id8,2.3874759674072266,1.8882958889007568,90.21902777777775,0.73,4,4,93.39597222222224,0.5826225280761719,33.227543,70.22529,0.2124,1.7754799524943037
5KPH_4_4_2_combined_id9,0.8701327443122864,2.7753660678863525,91.2236111111111,0.76,4,4,93.39597222222224,0.5826225280761719,33.227543,70.22529,0.2127,2.099555969238281
5KPH_4_4_3_combined_id1,0.781109094619751,3.806497812271118,93.28833333333334,0.79,4,4,92.67194444444443,0.9845821857452391,33.456146,68.09666,0.1951,2.0081102583143444
5KPH_4_4_3_combined_id10,0.9364871382713318,3.91344952583313,90.15791666666668,0.73,4,4,92.67194444444443,0.9845821857452391,33.456146,68.09666,0.1832,2.2365010579427085
5KPH_4_4_3_combined_id11,1.219678282737732,2.6212010383605957,89.01055555555556,0.72,4,4,92.67194444444443,0.9845821857452391,33.456146,68.09666,0.1823,2.269870334201389
5KPH_4_4_3_combined_id13,0.905035674571991,4.300912380218506,93.44,0.78,4,4,92.67194444444443,0.9845821857452391,33.456146,68.09666,0.2201,2.200187259250217
5KPH_4_4_3_combined_id14,0.8882507085800171,4.186887741088867,94.63694444444444,0.81,4,4,92.67194444444443,0.9845821857452391,33.456146,68.09666,0.22,1.9263814290364585
5KPH_4_4_3_combined_id15,0.6757749915122986,3.5680294036865234,90.38194444444444,0.75,4,4,92.67194444444443,0.9845821857452391,33.456146,68.09666,0.1876,2.105962117513021
5KPH_4_4_3_combined_id16,0.6156138181686401,3.9306857585906982,94.1825,0.79,4,4,92.67194444444443,0.9845821857452391,33.456146,68.09666,0.1886,2.1124174329969616
5KPH_4_4_3_combined_id17,1.0762385129928589,2.8637847900390625,90.42902777777778,0.76,4,4,92.67194444444443,0.9845821857452391,33.456146,68.09666,0.1858,2.0921183692084417
5KPH_4_4_3_combined_id18,2.1532704830169678,1.8382309675216675,85.26833333333335,0.64,4,4,92.67194444444443,0.9845821857452391,33.456146,68.09666,0.1978,1.920870674981012
5KPH_4_4_3_combined_id19,0.9968513250350952,2.6091127395629883,88.83888888888889,0.68,4,4,92.67194444444443,0.9845821857452391,33.456146,68.09666,0.214,1.835394753350152
5KPH_4_4_3_combined_id2,0.791338324546814,3.4768218994140625,94.875,0.79,4,4,92.67194444444443,0.9845821857452391,33.456146,68.09666,0.2137,2.0113004048665366
5KPH_4_4_3_combined_id20,0.7148421406745911,4.023412704467773,96.04652777777778,0.81,4,4,92.67194444444443,0.9845821857452391,33.456146,68.09666,0.2046,1.913544336954753
5KPH_4_4_3_combined_id21,1.0768722295761108,1.9061777591705322,89.86125,0.71,4,4,92.67194444444443,0.9845821857452391,33.456146,68.09666,0.2351,1.9272566901312933
5KPH_4_4_3_combined_id22,2.0958590507507324,1.908199429512024,90.40208333333334,0.74,4,4,92.67194444444443,0.9845821857452391,33.456146,68.09666,0.2198,1.937010023328993
5KPH_4_4_3_combined_id23,0.711744487285614,2.921996831893921,93.8827777777778,0.79,4,4,92.67194444444443,0.9845821857452391,33.456146,68.09666,0.213,1.9749607510036893
5KPH_4_4_3_combined_id24,0.765324592590332,3.1025028228759766,88.71583333333335,0.71,4,4,92.67194444444443,0.9845821857452391,33.456146,68.09666,0.197,1.920236375596788
5KPH_4_4_3_combined_id3,0.8275138735771179,4.2514238357543945,90.81097222222222,0.74,4,4,92.67194444444443,0.9845821857452391,33.456146,68.09666,0.1914,2.25075446234809
5KPH_4_4_3_combined_id4,1.002215027809143,3.673414945602417,91.72791666666666,0.77,4,4,92.67194444444443,0.9845821857452391,33.456146,68.09666,0.2087,1.730287339952257
5KPH_4_4_3_combined_id5,1.7260310649871826,1.6038907766342163,88.28680555555556,0.68,4,4,92.67194444444443,0.9845821857452391,33.456146,68.09666,0.2032,2.0371540917290583
5KPH_4_4_3_combined_id6,0.865380048751831,3.523606061935425,95.03805555555556,0.8,4,4,92.67194444444443,0.9845821857452391,33.456146,68.09666,0.2147,1.8554416232638888
5KPH_4_4_3_combined_id7,0.7151287198066711,3.9460227489471436,92.3559722222222,0.77,4,4,92.67194444444443,0.9845821857452391,33.456146,68.09666,0.2212,2.266793145073785
5KPH_4_4_3_combined_id9,0.9520552158355713,3.822402238845825,86.43902777777777,0.69,4,4,92.67194444444443,0.9845821857452391,33.456146,68.09666,0.1849,2.3328846825493708
5KPH_4_4_4_combined_id1,0.9058471918106079,3.311497449874878,90.82111111111112,0.75,4,4,91.2475,1.077377200126648,33.094078,67.055725,0.1966,1.988780551486545
5KPH_4_4_4_combined_id11,0.7939550876617432,2.2402169704437256,91.57291666666669,0.75,4,4,91.2475,1.077377200126648,33.094078,67.055725,0.2033,2.091538747151693
5KPH_4_4_4_combined_id12,2.5141091346740723,1.5051295757293701,85.23555555555555,0.66,4,4,91.2475,1.077377200126648,33.094078,67.055725,0.2063,1.698683738708496
5KPH_4_4_4_combined_id13,0.7544001936912537,3.934364080429077,94.24097222222224,0.8,4,4,91.2475,1.077377200126648,33.094078,67.055725,0.1696,2.588574515448676
5KPH_4_4_4_combined_id14,1.1006056070327759,3.652787446975708,84.25791666666666,0.65,4,4,91.2475,1.077377200126648,33.094078,67.055725,0.1946,1.8668367597791884
5KPH_4_4_4_combined_id15,0.8882887959480286,1.6776831150054932,91.85305555555556,0.77,4,4,91.2475,1.077377200126648,33.094078,67.055725,0.2071,1.760541492038303
5KPH_4_4_4_combined_id16,0.8552746772766113,1.611831784248352,88.8097222222222,0.73,4,4,91.2475,1.077377200126648,33.094078,67.055725,0.2162,1.7194137573242188
5KPH_4_4_4_combined_id18,0.9261344075202942,3.6320595741271973,94.35361111111112,0.81,4,4,91.2475,1.077377200126648,33.094078,67.055725,0.1934,1.862306382921007
5KPH_4_4_4_combined_id19,0.8214557766914368,3.1129844188690186,89.58527777777778,0.73,4,4,91.2475,1.077377200126648,33.094078,67.055725,0.1989,2.007935418023004
5KPH_4_4_4_combined_id2,0.9516364336013794,4.307751178741455,85.40263888888889,0.66,4,4,91.2475,1.077377200126648,33.094078,67.055725,0.1761,2.442501491970486
5KPH_4_4_4_combined_id20,1.3219810724258423,2.280522584915161,86.97069444444443,0.65,4,4,91.2475,1.077377200126648,33.094078,67.055725,0.1864,2.1222091250949435
5KPH_4_4_4_combined_id21,1.1734323501586914,3.7624406814575195,74.29444444444442,0.54,4,4,91.2475,1.077377200126648,33.094078,67.055725,0.1521,2.379899130927192
5KPH_4_4_4_combined_id22,0.9602383971214294,3.492565870285034,90.8972222222222,0.73,4,4,91.2475,1.077377200126648,33.094078,67.055725,0.1993,1.9286585913764105
5KPH_4_4_4_combined_id24,0.865470826625824,1.8067598342895508,93.68555555555557,0.79,4,4,91.2475,1.077377200126648,33.094078,67.055725,0.229,1.625130229526096
5KPH_4_4_4_combined_id4,0.7097209095954895,3.350799560546875,94.70486111111111,0.81,4,4,91.2475,1.077377200126648,33.094078,67.055725,0.199,2.361505296495226
5KPH_4_4_4_combined_id5,1.26145339012146,1.758384346961975,90.65333333333334,0.74,4,4,91.2475,1.077377200126648,33.094078,67.055725,0.2132,1.8354000515407989
5KPH_4_4_4_combined_id6,1.3433274030685425,3.8994243144989014,86.435,0.69,4,4,91.2475,1.077377200126648,33.094078,67.055725,0.1849,1.956658469306098
5KPH_4_4_4_combined_id7,0.8355047702789307,1.7692434787750244,92.82069444444444,0.76,4,4,91.2475,1.077377200126648,33.094078,67.055725,0.1902,2.021760728624132
5KPH_4_4_4_combined_id8,0.9782046675682068,2.1594696044921875,92.66041666666666,0.78,4,4,91.2475,1.077377200126648,33.094078,67.055725,0.1929,1.7861982981363933
5KPH_4_4_4_combined_id9,0.7096279859542847,3.562318801879883,91.62541666666668,0.76,4,4,91.2475,1.077377200126648,33.094078,67.055725,0.202,1.807885064019097
5KPH_4_4_5_combined_id1,0.848968505859375,2.5186266899108887,92.07041666666666,0.76,4,4,92.80847222222222,0.907536804676056,33.774326,70.56854,0.1917,2.068314870198568
5KPH_4_4_5_combined_id10,1.1280661821365356,2.153672933578491,84.42611111111111,0.62,4,4,92.80847222222222,0.907536804676056,33.774326,70.56854,0.1906,1.9984847174750435
5KPH_4_4_5_combined_id11,1.0333954095840454,3.139777421951294,84.64472222222223,0.65,4,4,92.80847222222222,0.907536804676056,33.774326,70.56854,0.1963,2.201874838935004
5KPH_4_4_5_combined_id12,0.7165458798408508,2.889643907546997,90.19541666666666,0.72,4,4,92.80847222222222,0.907536804676056,33.774326,70.56854,0.1798,2.4159295823838978
5KPH_4_4_5_combined_id13,1.0723216533660889,3.2896313667297363,93.96805555555557,0.8,4,4,92.80847222222222,0.907536804676056,33.774326,70.56854,0.1983,1.866071065266927
5KPH_4_4_5_combined_id14,0.8066651821136475,3.549070358276367,93.75875,0.79,4,4,92.80847222222222,0.907536804676056,33.774326,70.56854,0.1936,1.9141898685031469
5KPH_4_4_5_combined_id15,0.7399624586105347,1.8872628211975098,91.14375,0.76,4,4,92.80847222222222,0.907536804676056,33.774326,70.56854,0.2125,2.029169718424479
5KPH_4_4_5_combined_id16,1.3864967823028564,3.096567392349243,83.04777777777778,0.62,4,4,92.80847222222222,0.907536804676056,33.774326,70.56854,0.1754,2.055911170111762
5KPH_4_4_5_combined_id17,3.020911693572998,1.321115255355835,91.19972222222222,0.75,4,4,92.80847222222222,0.907536804676056,33.774326,70.56854,0.2038,1.8441621992323127
5KPH_4_4_5_combined_id18,0.6238842010498047,3.4344093799591064,90.13180555555556,0.73,4,4,92.80847222222222,0.907536804676056,33.774326,70.56854,0.1986,2.21816635131836
5KPH_4_4_5_combined_id19,0.6265385150909424,3.934967517852783,93.43069444444444,0.79,4,4,92.80847222222222,0.907536804676056,33.774326,70.56854,0.1925,2.526526133219401
5KPH_4_4_5_combined_id2,0.8795093297958374,3.6214914321899414,90.12375,0.72,4,4,92.80847222222222,0.907536804676056,33.774326,70.56854,0.189,2.072892294989692
5KPH_4_4_5_combined_id20,0.7549318671226501,3.8249785900115967,93.29666666666668,0.8,4,4,92.80847222222222,0.907536804676056,33.774326,70.56854,0.1851,2.6074659559461804
5KPH_4_4_5_combined_id21,2.3124899864196777,2.4564805030822754,89.55305555555555,0.72,4,4,92.80847222222222,0.907536804676056,33.774326,70.56854,0.193,2.2327933841281467
5KPH_4_4_5_combined_id22,1.8306914567947388,2.4903564453125,86.195,0.67,4,4,92.80847222222222,0.907536804676056,33.774326,70.56854,0.181,2.5173416137695312
5KPH_4_4_5_combined_id23,0.6899895071983337,3.9303300380706787,92.06069444444444,0.74,4,4,92.80847222222222,0.907536804676056,33.774326,70.56854,0.203,2.13093376159668
5KPH_4_4_5_combined_id24,0.8782204389572144,3.359588146209717,88.08569444444444,0.7,4,4,92.80847222222222,0.907536804676056,33.774326,70.56854,0.2046,1.956810845269097
5KPH_4_4_5_combined_id3,2.971388816833496,1.158906102180481,84.90138888888889,0.64,4,4,92.80847222222222,0.907536804676056,33.774326,70.56854,0.1825,2.048912896050348
5KPH_4_4_5_combined_id4,0.6960827708244324,3.6487202644348145,92.67291666666668,0.78,4,4,92.80847222222222,0.907536804676056,33.774326,70.56854,0.1932,2.123378541734484
5KPH_4_4_5_combined_id5,0.7162651419639587,1.7693403959274292,90.75125,0.73,4,4,92.80847222222222,0.907536804676056,33.774326,70.56854,0.203,2.063134511311849
5KPH_4_4_5_combined_id7,1.6587663888931274,3.41450834274292,89.15069444444445,0.72,4,4,92.80847222222222,0.907536804676056,33.774326,70.56854,0.1854,2.178284115261502
5KPH_4_4_5_combined_id8,2.869413137435913,1.6976816654205322,93.38513888888887,0.77,4,4,92.80847222222222,0.907536804676056,33.774326,70.56854,0.1999,2.015767839219836
5KPH_4_4_5_combined_id9,0.7656408548355103,3.786891460418701,92.23347222222225,0.74,4,4,92.80847222222222,0.907536804676056,33.774326,70.56854,0.1869,2.1830162472195096
5KPH_4_4_6_combined_id1,0.6369329690933228,3.885688304901123,95.32055555555556,0.82,4,4,89.12430555555555,1.1665183305740356,32.589752,68.7165,0.1809,2.069064458211263
5KPH_4_4_6_combined_id10,1.0397090911865234,2.304896354675293,88.7325,0.7,4,4,89.12430555555555,1.1665183305740356,32.589752,68.7165,0.1999,1.9126146104600688
5KPH_4_4_6_combined_id11,0.738492488861084,3.408924102783203,91.0623611111111,0.74,4,4,89.12430555555555,1.1665183305740356,32.589752,68.7165,0.1973,1.9069783952501085
5KPH_4_4_6_combined_id12,0.8391399383544922,1.7657861709594727,91.13763888888889,0.75,4,4,89.12430555555555,1.1665183305740356,32.589752,68.7165,0.193,1.991827646891276
5KPH_4_4_6_combined_id13,0.5319885015487671,3.9678351879119873,96.49902777777775,0.84,4,4,89.12430555555555,1.1665183305740356,32.589752,68.7165,0.186,2.559242248535156
5KPH_4_4_6_combined_id14,0.9646926522254944,2.2108376026153564,85.66722222222221,0.67,4,4,89.12430555555555,1.1665183305740356,32.589752,68.7165,0.1848,1.8007151285807292
5KPH_4_4_6_combined_id15,0.8095686435699463,3.4686477184295654,94.00555555555556,0.79,4,4,89.12430555555555,1.1665183305740356,32.589752,68.7165,0.1839,1.8742059071858723
5KPH_4_4_6_combined_id16,0.7369165420532227,3.5993549823760986,89.5,0.73,4,4,89.12430555555555,1.1665183305740356,32.589752,68.7165,0.2037,1.882091098361545
5KPH_4_4_6_combined_id17,0.7901149392127991,2.4801201820373535,90.17972222222222,0.76,4,4,89.12430555555555,1.1665183305740356,32.589752,68.7165,0.1774,2.2706722683376737
5KPH_4_4_6_combined_id18,0.6517146825790405,3.798844575881958,95.97166666666666,0.83,4,4,89.12430555555555,1.1665183305740356,32.589752,68.7165,0.1848,2.022386974758572
5KPH_4_4_6_combined_id19,0.9484565854072571,3.7969260215759277,92.59986111111112,0.77,4,4,89.12430555555555,1.1665183305740356,32.589752,68.7165,0.1892,2.2367769877115884
5KPH_4_4_6_combined_id2,0.7981770038604736,1.744828224182129,90.59319444444444,0.71,4,4,89.12430555555555,1.1665183305740356,32.589752,68.7165,0.2078,1.999225404527452
5KPH_4_4_6_combined_id20,0.8044517040252686,2.1863951683044434,86.72013888888888,0.68,4,4,89.12430555555555,1.1665183305740356,32.589752,68.7165,0.1684,2.085596720377604
5KPH_4_4_6_combined_id21,0.6288548707962036,3.62678599357605,89.89763888888888,0.69,4,4,89.12430555555555,1.1665183305740356,32.589752,68.7165,0.216,1.9864798651801208
5KPH_4_4_6_combined_id22,0.845641553401947,3.8978586196899414,89.42180555555555,0.7,4,4,89.12430555555555,1.1665183305740356,32.589752,68.7165,0.1949,1.8925929599338107
5KPH_4_4_6_combined_id23,0.8402557969093323,3.1992576122283936,91.43569444444444,0.74,4,4,89.12430555555555,1.1665183305740356,32.589752,68.7165,0.204,1.9287001291910808
5KPH_4_4_6_combined_id24,0.7965453863143921,4.045097351074219,91.04930555555556,0.76,4,4,89.12430555555555,1.1665183305740356,32.589752,68.7165,0.1684,1.933801439073351
5KPH_4_4_6_combined_id3,0.9382244944572449,2.3902487754821777,89.25861111111112,0.69,4,4,89.12430555555555,1.1665183305740356,32.589752,68.7165,0.1885,1.8845545450846355
5KPH_4_4_6_combined_id4,0.6892273426055908,3.916755437850952,96.14305555555556,0.83,4,4,89.12430555555555,1.1665183305740356,32.589752,68.7165,0.2077,2.0037574768066406
5KPH_4_4_6_combined_id5,0.8982925415039062,3.970410108566284,91.66819444444444,0.77,4,4,89.12430555555555,1.1665183305740356,32.589752,68.7165,0.1845,2.201704661051432
5KPH_4_4_6_combined_id6,1.0514585971832275,3.56994891166687,91.56916666666667,0.77,4,4,89.12430555555555,1.1665183305740356,32.589752,68.7165,0.1907,1.8890522850884333
5KPH_4_4_6_combined_id7,1.0182292461395264,3.6212379932403564,89.69680555555556,0.71,4,4,89.12430555555555,1.1665183305740356,32.589752,68.7165,0.2118,2.010347366333008
5KPH_4_4_6_combined_id8,0.7834388613700867,2.820373296737671,92.58361111111113,0.76,4,4,89.12430555555555,1.1665183305740356,32.589752,68.7165,0.1851,2.200421863132053
5KPH_4_4_6_combined_id9,0.6347002983093262,3.9183907508850098,93.04,0.78,4,4,89.12430555555555,1.1665183305740356,32.589752,68.7165,0.1735,2.0232645670572915
5KPH_4_4_7_combined_id1,2.335911989212036,1.6879223585128784,91.15069444444444,0.74,4,4,92.62972222222224,0.7483570575714111,33.38948,68.603775,0.2021,2.1412487030029297
5KPH_4_4_7_combined_id11,1.1277165412902832,2.662741184234619,87.81458333333333,0.69,4,4,92.62972222222224,0.7483570575714111,33.38948,68.603775,0.1759,2.621766832139757
5KPH_4_4_7_combined_id12,2.361048936843872,2.336705207824707,82.32694444444445,0.63,4,4,92.62972222222224,0.7483570575714111,33.38948,68.603775,0.1908,2.078094906277127
5KPH_4_4_7_combined_id13,0.5665947198867798,3.3342247009277344,90.90819444444443,0.75,4,4,92.62972222222224,0.7483570575714111,33.38948,68.603775,0.1823,2.957309510972765
5KPH_4_4_7_combined_id14,1.0139586925506592,2.8896031379699707,94.41791666666668,0.79,4,4,92.62972222222224,0.7483570575714111,33.38948,68.603775,0.185,2.39528316921658
5KPH_4_4_7_combined_id15,1.818503499031067,1.910309910774231,84.40444444444444,0.63,4,4,92.62972222222224,0.7483570575714111,33.38948,68.603775,0.1863,2.17576535542806
5KPH_4_4_7_combined_id16,1.9036650657653809,1.1081260442733765,92.64152777777775,0.77,4,4,92.62972222222224,0.7483570575714111,33.38948,68.603775,0.2221,1.712791230943468
5KPH_4_4_7_combined_id17,0.8156245946884155,1.9435251951217651,92.12194444444444,0.76,4,4,92.62972222222224,0.7483570575714111,33.38948,68.603775,0.1942,2.1235118442111545
5KPH_4_4_7_combined_id18,1.8277974128723145,2.032683849334717,90.4713888888889,0.72,4,4,92.62972222222224,0.7483570575714111,33.38948,68.603775,0.2031,2.1587551964653864
5KPH_4_4_7_combined_id19,0.9903674721717834,2.3209588527679443,88.26333333333332,0.69,4,4,92.62972222222224,0.7483570575714111,33.38948,68.603775,0.2123,2.11598269144694
5KPH_4_4_7_combined_id2,1.4305038452148438,3.6902289390563965,81.34888888888888,0.6,4,4,92.62972222222224,0.7483570575714111,33.38948,68.603775,0.193,2.0368489159478083
5KPH_4_4_7_combined_id20,2.066261053085327,1.8929256200790405,86.85875,0.69,4,4,92.62972222222224,0.7483570575714111,33.38948,68.603775,0.1836,2.243255615234375
5KPH_4_4_7_combined_id21,2.4408390522003174,2.4612300395965576,81.5751388888889,0.62,4,4,92.62972222222224,0.7483570575714111,33.38948,68.603775,0.1924,1.9345652262369792
5KPH_4_4_7_combined_id22,1.1502482891082764,1.9050761461257935,88.02930555555555,0.69,4,4,92.62972222222224,0.7483570575714111,33.38948,68.603775,0.1842,2.18479241265191
5KPH_4_4_7_combined_id23,1.3564860820770264,1.6225111484527588,84.65819444444445,0.66,4,4,92.62972222222224,0.7483570575714111,33.38948,68.603775,0.1784,2.017681545681424
5KPH_4_4_7_combined_id24,2.3179855346679688,1.412826657295227,87.68263888888889,0.69,4,4,92.62972222222224,0.7483570575714111,33.38948,68.603775,0.1827,1.9944176144070096
5KPH_4_4_7_combined_id3,0.8528649806976318,2.100255250930786,90.14611111111113,0.75,4,4,92.62972222222224,0.7483570575714111,33.38948,68.603775,0.1991,2.304847717285156
5KPH_4_4_7_combined_id4,1.478704571723938,2.2349436283111572,84.80166666666666,0.65,4,4,92.62972222222224,0.7483570575714111,33.38948,68.603775,0.2158,1.90305667453342
5KPH_4_4_7_combined_id5,0.7013584971427917,2.163156270980835,94.61694444444444,0.82,4,4,92.62972222222224,0.7483570575714111,33.38948,68.603775,0.1959,2.49776119656033
5KPH_4_4_7_combined_id6,0.6668499708175659,3.255178213119507,92.50958333333334,0.78,4,4,92.62972222222224,0.7483570575714111,33.38948,68.603775,0.1948,2.6698116726345487
5KPH_4_4_7_combined_id7,0.8775122761726379,2.74288010597229,84.46583333333334,0.65,4,4,92.62972222222224,0.7483570575714111,33.38948,68.603775,0.1795,2.0519688924153647
5KPH_4_4_7_combined_id8,0.5835897326469421,3.779339551925659,95.40875,0.81,4,4,92.62972222222224,0.7483570575714111,33.38948,68.603775,0.1882,2.603902816772461
5KPH_4_4_7_combined_id9,2.560791492462158,1.6262941360473633,85.60638888888889,0.63,4,4,92.62972222222224,0.7483570575714111,33.38948,68.603775,0.1931,2.4732863108317056
5KPH_4_4_9_combined_id1,1.085719347000122,3.0957159996032715,92.08902777777776,0.77,4,4,94.25958333333334,1.280981183052063,32.812706,69.49533,0.2214,2.254584842258029
5KPH_4_4_9_combined_id10,0.7862002849578857,2.6170756816864014,89.47805555555554,0.75,4,4,94.25958333333334,1.280981183052063,32.812706,69.49533,0.2055,2.353843265109592
5KPH_4_4_9_combined_id11,0.7158692479133606,3.9078733921051025,89.77055555555555,0.75,4,4,94.25958333333334,1.280981183052063,32.812706,69.49533,0.1823,2.5966014862060547
5KPH_4_4_9_combined_id12,0.7530935406684875,3.949113368988037,95.52361111111112,0.81,4,4,94.25958333333334,1.280981183052063,32.812706,69.49533,0.2051,2.408178541395399
5KPH_4_4_9_combined_id13,1.450720191001892,2.0395724773406982,87.6451388888889,0.7,4,4,94.25958333333334,1.280981183052063,32.812706,69.49533,0.1902,2.1850742763943143
5KPH_4_4_9_combined_id14,0.939262330532074,2.868730068206787,89.47861111111112,0.7,4,4,94.25958333333334,1.280981183052063,32.812706,69.49533,0.1998,2.286321851942274
5KPH_4_4_9_combined_id15,1.032334566116333,3.1308915615081787,94.55958333333334,0.8,4,4,94.25958333333334,1.280981183052063,32.812706,69.49533,0.2258,2.1983150906032987
5KPH_4_4_9_combined_id16,0.7241976857185364,3.976266622543335,95.45847222222224,0.81,4,4,94.25958333333334,1.280981183052063,32.812706,69.49533,0.1885,2.4376443227132163
5KPH_4_4_9_combined_id17,0.694084107875824,3.778341054916382,94.49430555555556,0.8,4,4,94.25958333333334,1.280981183052063,32.812706,69.49533,0.1894,2.5371305677625866
5KPH_4_4_9_combined_id18,1.1892374753952026,3.532919406890869,95.16625,0.82,4,4,94.25958333333334,1.280981183052063,32.812706,69.49533,0.1831,2.374811384412977
5KPH_4_4_9_combined_id2,0.6371885538101196,3.9985404014587402,94.48736111111111,0.8,4,4,94.25958333333334,1.280981183052063,32.812706,69.49533,0.2005,2.3933147854275174
5KPH_4_4_9_combined_id20,0.8999075293540955,2.1165337562561035,86.65694444444443,0.68,4,4,94.25958333333334,1.280981183052063,32.812706,69.49533,0.2165,2.034945170084636
5KPH_4_4_9_combined_id22,0.651563286781311,3.17950701713562,90.80944444444444,0.74,4,4,94.25958333333334,1.280981183052063,32.812706,69.49533,0.1932,2.454903072781033
5KPH_4_4_9_combined_id23,0.6192619800567627,3.5283472537994385,93.71944444444443,0.79,4,4,94.25958333333334,1.280981183052063,32.812706,69.49533,0.2043,2.2660501268174915
5KPH_4_4_9_combined_id24,0.5842434167861938,3.8473870754241943,95.32986111111111,0.82,4,4,94.25958333333334,1.280981183052063,32.812706,69.49533,0.1763,2.543705622355143
5KPH_4_4_9_combined_id3,0.7103148698806763,2.771787405014038,93.57944444444443,0.78,4,4,94.25958333333334,1.280981183052063,32.812706,69.49533,0.2183,2.1940820482042103
5KPH_4_4_9_combined_id4,1.6508052349090576,2.1183619499206543,82.66277777777778,0.64,4,4,94.25958333333334,1.280981183052063,32.812706,69.49533,0.1961,1.880208757188585
5KPH_4_4_9_combined_id5,0.6741476655006409,3.986337661743164,93.70486111111111,0.79,4,4,94.25958333333334,1.280981183052063,32.812706,69.49533,0.2074,2.1191643608940973
5KPH_4_4_9_combined_id6,0.6543024182319641,3.796952724456787,95.00222222222222,0.8,4,4,94.25958333333334,1.280981183052063,32.812706,69.49533,0.2043,2.460777282714844
5KPH_4_4_9_combined_id7,1.1661832332611084,3.749310255050659,93.9901388888889,0.8,4,4,94.25958333333334,1.280981183052063,32.812706,69.49533,0.185,2.4093396928575306
5KPH_4_4_9_combined_id8,1.363910436630249,2.575723886489868,83.02458333333333,0.63,4,4,94.25958333333334,1.280981183052063,32.812706,69.49533,0.1891,2.2946256001790366
5KPH_4_4_9_combined_id9,0.8298077583312988,3.7391622066497803,95.49138888888888,0.82,4,4,94.25958333333334,1.280981183052063,32.812706,69.49533,0.188,2.4245130750868054
5KPH_4_6_0_combined_id1,1.3766645193099976,1.8625500202178955,86.12083333333334,0.66,4,6,89.16597222222224,1.139251947402954,32.84183,69.67821,0.1764,2.703265296088325
5KPH_4_6_0_combined_id10,0.8392409086227417,1.7439697980880737,90.18388888888887,0.73,4,6,89.16597222222224,1.139251947402954,32.84183,69.67821,0.1677,2.2684769100613065
5KPH_4_6_0_combined_id11,1.2504669427871704,2.931454658508301,91.15152777777776,0.73,4,6,89.16597222222224,1.139251947402954,32.84183,69.67821,0.1761,2.2328512403700085
5KPH_4_6_0_combined_id12,0.8925208449363708,2.0058908462524414,94.20180555555557,0.79,4,6,89.16597222222224,1.139251947402954,32.84183,69.67821,0.1919,2.0787217881944446
5KPH_4_6_0_combined_id13,0.9878592491149902,3.653196334838867,86.61430555555555,0.67,4,6,89.16597222222224,1.139251947402954,32.84183,69.67821,0.1808,2.130671183268229
5KPH_4_6_0_combined_id16,2.4353275299072266,1.5345343351364136,85.37125,0.65,4,6,89.16597222222224,1.139251947402954,32.84183,69.67821,0.1904,2.2008190155029297
5KPH_4_6_0_combined_id17,1.7734237909317017,2.4343438148498535,87.50138888888888,0.68,4,6,89.16597222222224,1.139251947402954,32.84183,69.67821,0.2034,2.378158569335937
5KPH_4_6_0_combined_id18,2.1344127655029297,1.9178400039672852,89.02791666666667,0.7,4,6,89.16597222222224,1.139251947402954,32.84183,69.67821,0.1879,2.0362718370225696
5KPH_4_6_0_combined_id19,1.2107514142990112,4.514474391937256,85.38555555555554,0.69,4,6,89.16597222222224,1.139251947402954,32.84183,69.67821,0.1761,2.555304209391276
5KPH_4_6_0_combined_id2,0.7810832262039185,3.744025468826294,94.32305555555556,0.78,4,6,89.16597222222224,1.139251947402954,32.84183,69.67821,0.1877,2.3391901652018228
5KPH_4_6_0_combined_id20,0.7389212250709534,3.3545734882354736,91.84569444444443,0.76,4,6,89.16597222222224,1.139251947402954,32.84183,69.67821,0.2396,1.9453112284342449
5KPH_4_6_0_combined_id21,1.6286087036132812,3.209926128387451,90.09763888888888,0.71,4,6,89.16597222222224,1.139251947402954,32.84183,69.67821,0.1934,2.137735790676541
5KPH_4_6_0_combined_id22,1.3961769342422485,2.1371309757232666,86.90083333333334,0.65,4,6,89.16597222222224,1.139251947402954,32.84183,69.67821,0.1888,1.8178537156846788
5KPH_4_6_0_combined_id23,1.5725370645523071,1.9478518962860107,83.85388888888889,0.64,4,6,89.16597222222224,1.139251947402954,32.84183,69.67821,0.1828,1.965311262342665
5KPH_4_6_0_combined_id4,0.6764872670173645,3.378110408782959,90.74930555555557,0.74,4,6,89.16597222222224,1.139251947402954,32.84183,69.67821,0.1854,2.5429710812038846
5KPH_4_6_0_combined_id5,1.5530942678451538,3.4042913913726807,89.66236111111112,0.74,4,6,89.16597222222224,1.139251947402954,32.84183,69.67821,0.1813,2.0709167056613498
5KPH_4_6_0_combined_id6,0.7441074848175049,3.9701545238494873,93.8438888888889,0.8,4,6,89.16597222222224,1.139251947402954,32.84183,69.67821,0.183,2.326165517171224
5KPH_4_6_0_combined_id7,1.1612188816070557,2.6645662784576416,92.35763888888889,0.75,4,6,89.16597222222224,1.139251947402954,32.84183,69.67821,0.2292,2.052947998046875
5KPH_4_6_0_combined_id8,2.1269869804382324,1.6831852197647095,87.04097222222224,0.67,4,6,89.16597222222224,1.139251947402954,32.84183,69.67821,0.1917,2.0773565504286022
5KPH_4_6_0_combined_id9,1.9183717966079712,1.9508568048477173,86.46763888888889,0.68,4,6,89.16597222222224,1.139251947402954,32.84183,69.67821,0.2018,2.3028924730088978
5KPH_4_6_2_combined_id1,0.8802819848060608,1.78993558883667,86.41513888888888,0.67,4,6,88.62180555555557,0.8090882301330566,33.79516,69.842575,0.1651,2.588090260823568
5KPH_4_6_2_combined_id10,2.070024251937866,1.4983664751052856,87.92430555555556,0.69,4,6,88.62180555555557,0.8090882301330566,33.79516,69.842575,0.1953,1.987921396891276
5KPH_4_6_2_combined_id11,0.7584992051124573,3.3532371520996094,89.34847222222223,0.73,4,6,88.62180555555557,0.8090882301330566,33.79516,69.842575,0.1982,2.214082717895508
5KPH_4_6_2_combined_id12,1.4750871658325195,2.815608501434326,89.1776388888889,0.72,4,6,88.62180555555557,0.8090882301330566,33.79516,69.842575,0.206,2.4640426635742188
5KPH_4_6_2_combined_id13,1.046540379524231,2.2248141765594482,88.15416666666667,0.73,4,6,88.62180555555557,0.8090882301330566,33.79516,69.842575,0.1734,2.33327759636773
5KPH_4_6_2_combined_id14,1.4478323459625244,3.8705830574035645,91.35305555555556,0.7,4,6,88.62180555555557,0.8090882301330566,33.79516,69.842575,0.2142,2.2510852813720703
5KPH_4_6_2_combined_id15,2.2680652141571045,1.7007418870925903,85.61541666666666,0.66,4,6,88.62180555555557,0.8090882301330566,33.79516,69.842575,0.1941,2.3507412804497614
5KPH_4_6_2_combined_id16,2.3334743976593018,1.8678414821624756,89.19555555555556,0.71,4,6,88.62180555555557,0.8090882301330566,33.79516,69.842575,0.1697,2.696801927354601
5KPH_4_6_2_combined_id18,1.8643596172332764,2.242384195327759,85.28763888888889,0.64,4,6,88.62180555555557,0.8090882301330566,33.79516,69.842575,0.1995,2.145342085096571
5KPH_4_6_2_combined_id19,0.996082603931427,3.7720468044281006,93.85208333333333,0.8,4,6,88.62180555555557,0.8090882301330566,33.79516,69.842575,0.1927,2.3282171885172525
5KPH_4_6_2_combined_id2,1.207017183303833,3.0819993019104004,83.6926388888889,0.63,4,6,88.62180555555557,0.8090882301330566,33.79516,69.842575,0.1556,2.328141318427192
5KPH_4_6_2_combined_id20,2.3001136779785156,1.5640308856964111,86.10597222222222,0.65,4,6,88.62180555555557,0.8090882301330566,33.79516,69.842575,0.1762,2.111112806532118
5KPH_4_6_2_combined_id21,1.2176525592803955,2.3557400703430176,81.20277777777778,0.61,4,6,88.62180555555557,0.8090882301330566,33.79516,69.842575,0.153,2.85603502061632
5KPH_4_6_2_combined_id22,0.6888056397438049,2.9650797843933105,89.45347222222222,0.72,4,6,88.62180555555557,0.8090882301330566,33.79516,69.842575,0.1712,2.466987609863281
5KPH_4_6_2_combined_id23,0.6495534777641296,3.681457996368408,91.66402777777778,0.75,4,6,88.62180555555557,0.8090882301330566,33.79516,69.842575,0.1698,2.4693514506022134
5KPH_4_6_2_combined_id24,1.0432569980621338,3.804452896118164,92.11194444444445,0.78,4,6,88.62180555555557,0.8090882301330566,33.79516,69.842575,0.1785,2.2371813456217446
5KPH_4_6_2_combined_id4,0.8205476999282837,3.7948343753814697,90.06430555555556,0.73,4,6,88.62180555555557,0.8090882301330566,33.79516,69.842575,0.182,2.350825203789605
5KPH_4_6_2_combined_id5,1.3715698719024658,2.7814204692840576,85.0176388888889,0.66,4,6,88.62180555555557,0.8090882301330566,33.79516,69.842575,0.1946,2.413965437147352
5KPH_4_6_2_combined_id6,1.2319037914276123,3.1033456325531006,90.66916666666668,0.74,4,6,88.62180555555557,0.8090882301330566,33.79516,69.842575,0.1817,2.3496025933159723
5KPH_4_6_2_combined_id7,2.4566023349761963,1.3624807596206665,86.31930555555556,0.67,4,6,88.62180555555557,0.8090882301330566,33.79516,69.842575,0.2038,2.0301310221354165
5KPH_4_6_2_combined_id8,1.8277119398117065,2.7087602615356445,86.49347222222224,0.68,4,6,88.62180555555557,0.8090882301330566,33.79516,69.842575,0.1908,2.03350830078125
5KPH_4_6_2_combined_id9,0.5407341718673706,4.0456085205078125,93.83763888888888,0.8,4,6,88.62180555555557,0.8090882301330566,33.79516,69.842575,0.1668,3.0408922831217446
5KPH_4_6_3_combined_id1,0.9032778143882751,2.4719431400299072,89.43194444444445,0.71,4,6,95.00166666666664,0.9441994428634644,32.9714,70.57439,0.1945,1.7629913753933375
5KPH_4_6_3_combined_id10,1.027005672454834,4.107186317443848,88.91083333333333,0.73,4,6,95.00166666666664,0.9441994428634644,32.9714,70.57439,0.2015,1.972109900580512
5KPH_4_6_3_combined_id11,0.7717207670211792,3.331472158432007,91.73388888888888,0.74,4,6,95.00166666666664,0.9441994428634644,32.9714,70.57439,0.2213,1.96713383992513
5KPH_4_6_3_combined_id12,1.01616632938385,2.541557550430298,88.30708333333334,0.69,4,6,95.00166666666664,0.9441994428634644,32.9714,70.57439,0.1894,1.8919190300835504
5KPH_4_6_3_combined_id13,0.9120685458183289,3.4841039180755615,84.15791666666667,0.65,4,6,95.00166666666664,0.9441994428634644,32.9714,70.57439,0.1694,1.966516282823351
5KPH_4_6_3_combined_id14,0.6826741695404053,3.673368453979492,90.54097222222222,0.74,4,6,95.00166666666664,0.9441994428634644,32.9714,70.57439,0.1841,2.063207838270399
5KPH_4_6_3_combined_id15,1.461678147315979,1.9177006483078003,88.47194444444445,0.69,4,6,95.00166666666664,0.9441994428634644,32.9714,70.57439,0.2093,1.779765870836046
5KPH_4_6_3_combined_id16,1.9543348550796509,1.8681341409683228,86.5476388888889,0.67,4,6,95.00166666666664,0.9441994428634644,32.9714,70.57439,0.1718,2.325089560614692
5KPH_4_6_3_combined_id17,1.7927520275115967,2.6246347427368164,89.10111111111112,0.69,4,6,95.00166666666664,0.9441994428634644,32.9714,70.57439,0.1835,1.9304737514919703
5KPH_4_6_3_combined_id18,1.2106350660324097,3.0525519847869873,81.0338888888889,0.62,4,6,95.00166666666664,0.9441994428634644,32.9714,70.57439,0.1741,1.9593391418457031
5KPH_4_6_3_combined_id19,2.4529500007629395,1.7643033266067505,86.86694444444444,0.68,4,6,95.00166666666664,0.9441994428634644,32.9714,70.57439,0.1982,1.6695262061225042
5KPH_4_6_3_combined_id2,1.611704707145691,2.630298614501953,85.54055555555556,0.67,4,6,95.00166666666664,0.9441994428634644,32.9714,70.57439,0.2105,1.6911841498480902
5KPH_4_6_3_combined_id20,1.3460158109664917,2.1816420555114746,89.83375,0.7,4,6,95.00166666666664,0.9441994428634644,32.9714,70.57439,0.1989,2.148615943060981
5KPH_4_6_3_combined_id21,1.8784046173095703,2.1261823177337646,91.33111111111111,0.75,4,6,95.00166666666664,0.9441994428634644,32.9714,70.57439,0.1846,1.846594492594401
5KPH_4_6_3_combined_id22,1.39407217502594,3.0143167972564697,90.4175,0.76,4,6,95.00166666666664,0.9441994428634644,32.9714,70.57439,0.2182,1.6437758339775934
5KPH_4_6_3_combined_id23,1.1250783205032349,2.580373525619507,82.96347222222222,0.63,4,6,95.00166666666664,0.9441994428634644,32.9714,70.57439,0.1878,1.920327504475912
5KPH_4_6_3_combined_id24,1.3503926992416382,3.2349259853363037,91.74805555555557,0.76,4,6,95.00166666666664,0.9441994428634644,32.9714,70.57439,0.183,1.815711975097656
5KPH_4_6_3_combined_id3,0.9858051538467407,3.6349117755889893,86.93013888888888,0.64,4,6,95.00166666666664,0.9441994428634644,32.9714,70.57439,0.208,2.064446555243598
5KPH_4_6_3_combined_id4,0.6696618795394897,3.275611639022827,89.84819444444445,0.73,4,6,95.00166666666664,0.9441994428634644,32.9714,70.57439,0.1907,1.924072689480252
5KPH_4_6_3_combined_id5,0.7575197219848633,3.911726951599121,89.3436111111111,0.71,4,6,95.00166666666664,0.9441994428634644,32.9714,70.57439,0.2143,1.9804064432779949
5KPH_4_6_3_combined_id6,1.1083321571350098,2.6859893798828125,84.74319444444444,0.64,4,6,95.00166666666664,0.9441994428634644,32.9714,70.57439,0.1714,2.2848688761393228
5KPH_4_6_3_combined_id7,1.0288300514221191,3.647578001022339,89.45986111111112,0.7,4,6,95.00166666666664,0.9441994428634644,32.9714,70.57439,0.2106,1.8759413825141056
5KPH_4_6_3_combined_id8,1.533018946647644,2.223918914794922,89.78861111111111,0.72,4,6,95.00166666666664,0.9441994428634644,32.9714,70.57439,0.1819,2.181586795383029
5KPH_4_6_3_combined_id9,0.7796145081520081,2.535393476486206,90.4559722222222,0.73,4,6,95.00166666666664,0.9441994428634644,32.9714,70.57439,0.2331,1.8488636016845703
5KPH_4_6_4_combined_id1,1.1809282302856445,4.129180431365967,90.64194444444443,0.74,4,6,91.54125,0.9237762689590454,32.34218,68.47058,0.1958,2.618291007147895
5KPH_4_6_4_combined_id10,0.7750474810600281,3.8339476585388184,92.85861111111112,0.78,4,6,91.54125,0.9237762689590454,32.34218,68.47058,0.1728,2.4556982252332897
5KPH_4_6_4_combined_id11,0.8680775165557861,3.8495371341705322,91.34055555555555,0.77,4,6,91.54125,0.9237762689590454,32.34218,68.47058,0.1867,1.937372419569228
5KPH_4_6_4_combined_id12,0.7866089940071106,2.2801854610443115,90.08777777777776,0.74,4,6,91.54125,0.9237762689590454,32.34218,68.47058,0.2093,1.8788909912109373
5KPH_4_6_4_combined_id13,1.0749454498291016,2.432523012161255,94.16055555555556,0.8,4,6,91.54125,0.9237762689590454,32.34218,68.47058,0.211,1.82869127061632
5KPH_4_6_4_combined_id14,1.0743694305419922,2.119507312774658,92.60222222222222,0.76,4,6,91.54125,0.9237762689590454,32.34218,68.47058,0.1914,2.0941670735677085
5KPH_4_6_4_combined_id15,0.7920254468917847,3.5246634483337402,88.2498611111111,0.68,4,6,91.54125,0.9237762689590454,32.34218,68.47058,0.1931,2.0864164564344616
5KPH_4_6_4_combined_id16,1.6558091640472412,1.8039315938949585,87.01611111111112,0.68,4,6,91.54125,0.9237762689590454,32.34218,68.47058,0.1982,2.01728884379069
5KPH_4_6_4_combined_id17,1.044305443763733,3.5250234603881836,92.86097222222222,0.77,4,6,91.54125,0.9237762689590454,32.34218,68.47058,0.1889,2.1879874335394964
5KPH_4_6_4_combined_id18,1.117874026298523,1.9801937341690063,92.90513888888889,0.76,4,6,91.54125,0.9237762689590454,32.34218,68.47058,0.1877,2.1499239603678384
5KPH_4_6_4_combined_id19,0.7854039072990417,3.9368832111358643,94.00625,0.8,4,6,91.54125,0.9237762689590454,32.34218,68.47058,0.1843,2.302972157796224
5KPH_4_6_4_combined_id2,1.3311691284179688,2.79126238822937,88.17097222222222,0.7,4,6,91.54125,0.9237762689590454,32.34218,68.47058,0.1874,2.0509857601589627
5KPH_4_6_4_combined_id20,0.6121212244033813,4.031315326690674,94.5936111111111,0.8,4,6,91.54125,0.9237762689590454,32.34218,68.47058,0.1783,2.7766231960720487
5KPH_4_6_4_combined_id21,1.3888434171676636,2.9535093307495117,86.16541666666666,0.65,4,6,91.54125,0.9237762689590454,32.34218,68.47058,0.1949,2.197669982910156
5KPH_4_6_4_combined_id22,0.8031977415084839,1.9442994594573975,95.64763888888888,0.82,4,6,91.54125,0.9237762689590454,32.34218,68.47058,0.2097,1.9462365044487848
5KPH_4_6_4_combined_id23,0.7533404231071472,2.301231861114502,91.95305555555557,0.75,4,6,91.54125,0.9237762689590454,32.34218,68.47058,0.1812,2.201573265923394
5KPH_4_6_4_combined_id24,1.4652215242385864,3.043747901916504,84.69472222222221,0.63,4,6,91.54125,0.9237762689590454,32.34218,68.47058,0.168,2.2156651814778647
5KPH_4_6_4_combined_id3,1.1333260536193848,3.040329933166504,89.91263888888889,0.74,4,6,91.54125,0.9237762689590454,32.34218,68.47058,0.1931,2.595274395412869
5KPH_4_6_4_combined_id4,1.147884488105774,2.9854118824005127,88.01944444444445,0.73,4,6,91.54125,0.9237762689590454,32.34218,68.47058,0.1872,2.0610294342041016
5KPH_4_6_4_combined_id5,1.2885727882385254,2.1001131534576416,88.41166666666668,0.73,4,6,91.54125,0.9237762689590454,32.34218,68.47058,0.2161,1.8053898281521268
5KPH_4_6_4_combined_id6,0.9653180837631226,2.394873857498169,88.06958333333334,0.68,4,6,91.54125,0.9237762689590454,32.34218,68.47058,0.196,1.953369564480252
5KPH_4_6_4_combined_id7,1.5512949228286743,2.107828378677368,86.34486111111111,0.65,4,6,91.54125,0.9237762689590454,32.34218,68.47058,0.2058,1.8160836961534288
5KPH_4_6_4_combined_id8,0.7469369173049927,3.9701688289642334,96.16819444444444,0.83,4,6,91.54125,0.9237762689590454,32.34218,68.47058,0.1708,2.392464107937283
5KPH_4_6_4_combined_id9,0.7162201404571533,3.9059112071990967,91.35541666666666,0.77,4,6,91.54125,0.9237762689590454,32.34218,68.47058,0.1828,2.1351636250813804
5KPH_4_6_5_combined_id1,1.204276204109192,1.5420219898223877,83.2448611111111,0.66,4,6,89.50666666666666,1.2166759967803955,33.09517,71.1016,0.1806,2.2854226430257163
5KPH_4_6_5_combined_id10,1.9228992462158203,1.8023954629898071,84.40736111111111,0.66,4,6,89.50666666666666,1.2166759967803955,33.09517,71.1016,0.1761,2.218897077772352
5KPH_4_6_5_combined_id11,3.322516679763794,3.150062322616577,91.96347222222222,0.77,4,6,89.50666666666666,1.2166759967803955,33.09517,71.1016,0.1646,2.501764509412977
5KPH_4_6_5_combined_id12,0.5081369876861572,4.06172513961792,90.5625,0.76,4,6,89.50666666666666,1.2166759967803955,33.09517,71.1016,0.1494,3.2911148071289062
5KPH_4_6_5_combined_id13,0.7639700770378113,3.870598793029785,90.11944444444444,0.72,4,6,89.50666666666666,1.2166759967803955,33.09517,71.1016,0.1666,2.62802971733941
5KPH_4_6_5_combined_id14,2.223515510559082,1.5906544923782349,85.84180555555557,0.66,4,6,89.50666666666666,1.2166759967803955,33.09517,71.1016,0.1896,2.0188397301567926
5KPH_4_6_5_combined_id15,2.0574469566345215,1.8484294414520264,87.39972222222221,0.69,4,6,89.50666666666666,1.2166759967803955,33.09517,71.1016,0.1749,2.329814698961046
5KPH_4_6_5_combined_id16,1.404207468032837,1.9668645858764648,85.51152777777777,0.65,4,6,89.50666666666666,1.2166759967803955,33.09517,71.1016,0.1907,2.2314224243164062
5KPH_4_6_5_combined_id17,1.6693702936172485,1.550913691520691,89.58166666666668,0.7,4,6,89.50666666666666,1.2166759967803955,33.09517,71.1016,0.1758,2.325970755683051
5KPH_4_6_5_combined_id18,0.7766792178153992,2.6684820652008057,85.69902777777777,0.66,4,6,89.50666666666666,1.2166759967803955,33.09517,71.1016,0.1788,2.359899732801649
5KPH_4_6_5_combined_id2,1.0412371158599854,2.3401474952697754,94.62069444444444,0.8,4,6,89.50666666666666,1.2166759967803955,33.09517,71.1016,0.207,2.307380888197157
5KPH_4_6_5_combined_id20,1.9873766899108887,1.5071065425872803,86.32722222222222,0.66,4,6,89.50666666666666,1.2166759967803955,33.09517,71.1016,0.1915,2.207124922010633
5KPH_4_6_5_combined_id21,0.7151097655296326,2.863924503326416,90.80236111111113,0.73,4,6,89.50666666666666,1.2166759967803955,33.09517,71.1016,0.1872,2.2316568162706165
5KPH_4_6_5_combined_id22,0.7547869682312012,3.6993274688720703,95.35625,0.8,4,6,89.50666666666666,1.2166759967803955,33.09517,71.1016,0.176,2.6364127265082464
5KPH_4_6_5_combined_id23,1.1625112295150757,1.4421308040618896,89.43430555555557,0.73,4,6,89.50666666666666,1.2166759967803955,33.09517,71.1016,0.1671,2.5917460123697915
5KPH_4_6_5_combined_id24,1.3986079692840576,2.565262794494629,85.37180555555557,0.66,4,6,89.50666666666666,1.2166759967803955,33.09517,71.1016,0.1689,2.083456039428711
5KPH_4_6_5_combined_id4,1.0830163955688477,4.254992961883545,92.935,0.77,4,6,89.50666666666666,1.2166759967803955,33.09517,71.1016,0.1798,2.360801696777344
5KPH_4_6_5_combined_id5,3.646974563598633,1.0981947183609009,90.36152777777778,0.74,4,6,89.50666666666666,1.2166759967803955,33.09517,71.1016,0.1888,2.057709799872504
5KPH_4_6_5_combined_id6,0.9128350019454956,3.9086549282073975,94.27513888888888,0.8,4,6,89.50666666666666,1.2166759967803955,33.09517,71.1016,0.2021,2.779693179660373
5KPH_4_6_5_combined_id7,1.1389076709747314,4.227972507476807,93.34125,0.79,4,6,89.50666666666666,1.2166759967803955,33.09517,71.1016,0.1559,2.536426968044705
5KPH_4_6_5_combined_id8,1.3490490913391113,1.7195123434066772,85.71569444444444,0.67,4,6,89.50666666666666,1.2166759967803955,33.09517,71.1016,0.174,2.3463533189561634
5KPH_4_6_5_combined_id9,1.1987589597702026,1.949238657951355,86.93,0.68,4,6,89.50666666666666,1.2166759967803955,33.09517,71.1016,0.1694,2.0958254072401257
5KPH_4_6_6_combined_id1,0.7517852783203125,3.61995005607605,91.32597222222222,0.75,4,6,91.62611111111111,1.6711270809173584,32.26274,69.57843,0.2045,2.257774353027344
5KPH_4_6_6_combined_id10,0.7208057045936584,3.1863842010498047,92.36763888888888,0.75,4,6,91.62611111111111,1.6711270809173584,32.26274,69.57843,0.2065,2.202250374688042
5KPH_4_6_6_combined_id11,1.606102466583252,2.6627449989318848,83.92902777777778,0.67,4,6,91.62611111111111,1.6711270809173584,32.26274,69.57843,0.2006,2.2462599012586804
5KPH_4_6_6_combined_id12,1.0958386659622192,3.2154815196990967,88.83763888888888,0.71,4,6,91.62611111111111,1.6711270809173584,32.26274,69.57843,0.2025,2.3432123396131725
5KPH_4_6_6_combined_id13,0.7296687960624695,2.795166015625,92.71375,0.78,4,6,91.62611111111111,1.6711270809173584,32.26274,69.57843,0.1962,2.216504202948676
5KPH_4_6_6_combined_id14,0.9891956448554993,3.249458074569702,89.18861111111111,0.71,4,6,91.62611111111111,1.6711270809173584,32.26274,69.57843,0.2217,1.906488206651476
5KPH_4_6_6_combined_id15,1.1204417943954468,2.8916075229644775,87.92944444444444,0.7,4,6,91.62611111111111,1.6711270809173584,32.26274,69.57843,0.1998,2.3060133192274304
5KPH_4_6_6_combined_id16,1.7392337322235107,2.571012496948242,87.28902777777778,0.67,4,6,91.62611111111111,1.6711270809173584,32.26274,69.57843,0.2105,2.311713960435656
5KPH_4_6_6_combined_id17,1.624793291091919,2.5374338626861572,87.17097222222222,0.69,4,6,91.62611111111111,1.6711270809173584,32.26274,69.57843,0.21,1.9188279045952688
5KPH_4_6_6_combined_id18,0.741669774055481,3.665311336517334,92.1065277777778,0.77,4,6,91.62611111111111,1.6711270809173584,32.26274,69.57843,0.2121,2.1987707349989147
5KPH_4_6_6_combined_id19,0.8826410174369812,2.9902377128601074,90.12222222222222,0.73,4,6,91.62611111111111,1.6711270809173584,32.26274,69.57843,0.1986,2.137409422132704
5KPH_4_6_6_combined_id2,1.079390048980713,2.876469135284424,85.16069444444446,0.64,4,6,91.62611111111111,1.6711270809173584,32.26274,69.57843,0.174,2.3071106804741754
5KPH_4_6_6_combined_id20,1.670628309249878,2.443904399871826,86.67805555555555,0.69,4,6,91.62611111111111,1.6711270809173584,32.26274,69.57843,0.2186,2.188668145073785
5KPH_4_6_6_combined_id21,1.1324304342269897,2.388326406478882,89.69111111111111,0.71,4,6,91.62611111111111,1.6711270809173584,32.26274,69.57843,0.2051,1.8993653191460504
5KPH_4_6_6_combined_id22,1.2356356382369995,2.9112133979797363,83.26791666666666,0.63,4,6,91.62611111111111,1.6711270809173584,32.26274,69.57843,0.1882,1.8711556328667536
5KPH_4_6_6_combined_id23,1.450905203819275,2.9644558429718018,87.92263888888888,0.69,4,6,91.62611111111111,1.6711270809173584,32.26274,69.57843,0.1994,1.8608839246961808
5KPH_4_6_6_combined_id24,0.8093604445457458,2.496227264404297,93.07388888888887,0.77,4,6,91.62611111111111,1.6711270809173584,32.26274,69.57843,0.2037,2.2338473002115884
5KPH_4_6_6_combined_id3,1.680463194847107,2.0972604751586914,83.7298611111111,0.65,4,6,91.62611111111111,1.6711270809173584,32.26274,69.57843,0.189,2.1350025600857205
5KPH_4_6_6_combined_id4,1.1606351137161255,2.3129072189331055,87.43069444444444,0.71,4,6,91.62611111111111,1.6711270809173584,32.26274,69.57843,0.2178,2.2530464596218533
5KPH_4_6_6_combined_id5,0.6320230960845947,3.8481154441833496,92.475,0.79,4,6,91.62611111111111,1.6711270809173584,32.26274,69.57843,0.1885,2.5492994520399304
5KPH_4_6_6_combined_id6,0.6359028220176697,4.070125102996826,94.61,0.8,4,6,91.62611111111111,1.6711270809173584,32.26274,69.57843,0.1968,2.2927123175727
5KPH_4_6_6_combined_id7,1.4992927312850952,2.398087739944458,86.28944444444443,0.66,4,6,91.62611111111111,1.6711270809173584,32.26274,69.57843,0.1936,2.095405154758029
5KPH_4_6_6_combined_id8,1.8434494733810425,3.5069773197174072,89.19583333333334,0.73,4,6,91.62611111111111,1.6711270809173584,32.26274,69.57843,0.2149,2.14109378390842
5KPH_4_6_6_combined_id9,1.0438891649246216,3.0047874450683594,87.83611111111112,0.69,4,6,91.62611111111111,1.6711270809173584,32.26274,69.57843,0.1945,2.045793745252821
5KPH_4_6_7_combined_id1,2.330333948135376,1.864109992980957,94.58666666666666,0.79,4,6,90.50333333333332,0.8344361782073975,33.366425,70.17609,0.1923,2.0737817552354603
5KPH_4_6_7_combined_id11,0.7084764838218689,3.9950971603393555,95.43625,0.81,4,6,90.50333333333332,0.8344361782073975,33.366425,70.17609,0.2076,2.575179206000434
5KPH_4_6_7_combined_id12,0.8457764983177185,3.5971298217773438,92.12833333333332,0.75,4,6,90.50333333333332,0.8344361782073975,33.366425,70.17609,0.1696,2.644680447048611
5KPH_4_6_7_combined_id13,1.9934968948364258,1.9678813219070435,86.955,0.68,4,6,90.50333333333332,0.8344361782073975,33.366425,70.17609,0.1861,2.2022601233588324
5KPH_4_6_7_combined_id14,0.713261604309082,3.970630168914795,89.56319444444445,0.71,4,6,90.50333333333332,0.8344361782073975,33.366425,70.17609,0.1558,2.748228708902994
5KPH_4_6_7_combined_id15,2.8026328086853027,1.6964046955108643,89.67625,0.68,4,6,90.50333333333332,0.8344361782073975,33.366425,70.17609,0.1719,2.273451063368056
5KPH_4_6_7_combined_id16,1.0429182052612305,1.812915563583374,90.10527777777776,0.73,4,6,90.50333333333332,0.8344361782073975,33.366425,70.17609,0.1982,2.402088589138455
5KPH_4_6_7_combined_id17,1.2058230638504028,2.291489839553833,87.62708333333333,0.69,4,6,90.50333333333332,0.8344361782073975,33.366425,70.17609,0.1842,1.969289991590712
5KPH_4_6_7_combined_id18,0.881429135799408,3.487743616104126,88.82180555555556,0.66,4,6,90.50333333333332,0.8344361782073975,33.366425,70.17609,0.1919,2.822364171346029
5KPH_4_6_7_combined_id19,2.302251100540161,2.1940832138061523,89.24722222222223,0.71,4,6,90.50333333333332,0.8344361782073975,33.366425,70.17609,0.1863,2.144179450141059
5KPH_4_6_7_combined_id2,1.9697602987289429,1.9681020975112915,88.18555555555557,0.7,4,6,90.50333333333332,0.8344361782073975,33.366425,70.17609,0.2098,2.271592034233941
5KPH_4_6_7_combined_id20,1.1797438859939575,2.7769784927368164,87.04333333333332,0.65,4,6,90.50333333333332,0.8344361782073975,33.366425,70.17609,0.1709,2.673656463623047
5KPH_4_6_7_combined_id21,1.0927021503448486,2.195157766342163,89.6901388888889,0.71,4,6,90.50333333333332,0.8344361782073975,33.366425,70.17609,0.2106,2.3347672356499567
5KPH_4_6_7_combined_id22,0.9275866150856018,3.766798257827759,86.43569444444445,0.68,4,6,90.50333333333332,0.8344361782073975,33.366425,70.17609,0.1617,2.559297349717882
5KPH_4_6_7_combined_id24,0.7890056371688843,3.5587282180786133,89.24763888888889,0.7,4,6,90.50333333333332,0.8344361782073975,33.366425,70.17609,0.17,2.203091515435113
5KPH_4_6_7_combined_id3,2.320707082748413,1.6966795921325684,90.48027777777776,0.72,4,6,90.50333333333332,0.8344361782073975,33.366425,70.17609,0.1898,1.9393516116672087
5KPH_4_6_7_combined_id4,1.479212760925293,2.430565118789673,89.89874999999999,0.69,4,6,90.50333333333332,0.8344361782073975,33.366425,70.17609,0.1799,2.42158932156033
5KPH_4_6_7_combined_id5,1.2590454816818237,2.292050838470459,87.23208333333335,0.68,4,6,90.50333333333332,0.8344361782073975,33.366425,70.17609,0.2027,2.352294921875
5KPH_4_6_7_combined_id6,0.8962841033935547,2.310767650604248,86.56513888888888,0.65,4,6,90.50333333333332,0.8344361782073975,33.366425,70.17609,0.1843,2.4085551367865667
5KPH_4_6_7_combined_id7,1.3218387365341187,2.3442389965057373,85.07222222222224,0.65,4,6,90.50333333333332,0.8344361782073975,33.366425,70.17609,0.1759,1.995345221625434
5KPH_4_6_7_combined_id8,0.7101457118988037,2.5926640033721924,91.38416666666666,0.76,4,6,90.50333333333332,0.8344361782073975,33.366425,70.17609,0.1963,2.188616010877821
5KPH_4_6_7_combined_id9,2.1003217697143555,2.054215431213379,92.27416666666666,0.75,4,6,90.50333333333332,0.8344361782073975,33.366425,70.17609,0.198,1.6951698727077908
5KPH_4_6_8_combined_id1,1.8676865100860596,1.7813714742660522,86.79847222222223,0.7,4,6,88.46472222222224,1.399827003479004,31.78957,67.43025,0.1773,2.499066670735677
5KPH_4_6_8_combined_id10,0.8565837740898132,3.720151424407959,94.28291666666668,0.8,4,6,88.46472222222224,1.399827003479004,31.78957,67.43025,0.1995,2.465620676676432
5KPH_4_6_8_combined_id11,2.35268235206604,2.911353826522827,83.73527777777777,0.61,4,6,88.46472222222224,1.399827003479004,31.78957,67.43025,0.2018,2.130879296196832
5KPH_4_6_8_combined_id12,0.7638254761695862,4.260962963104248,89.47638888888889,0.74,4,6,88.46472222222224,1.399827003479004,31.78957,67.43025,0.2095,2.219893985324436
5KPH_4_6_8_combined_id13,1.6827194690704346,1.7578009366989136,88.12875000000001,0.69,4,6,88.46472222222224,1.399827003479004,31.78957,67.43025,0.1938,2.254175821940104
5KPH_4_6_8_combined_id14,0.7339964509010315,1.9856445789337158,90.3951388888889,0.75,4,6,88.46472222222224,1.399827003479004,31.78957,67.43025,0.2023,2.276622348361545
5KPH_4_6_8_combined_id15,1.1116737127304077,4.555954933166504,83.32555555555557,0.64,4,6,88.46472222222224,1.399827003479004,31.78957,67.43025,0.1826,2.3648478190104165
5KPH_4_6_8_combined_id16,0.7014566659927368,4.288088321685791,95.85791666666668,0.82,4,6,88.46472222222224,1.399827003479004,31.78957,67.43025,0.212,2.395557827419705
5KPH_4_6_8_combined_id17,1.8466154336929321,2.0423097610473633,85.9809722222222,0.67,4,6,88.46472222222224,1.399827003479004,31.78957,67.43025,0.1946,2.271706263224284
5KPH_4_6_8_combined_id18,0.7980504035949707,3.918170690536499,93.82097222222222,0.81,4,6,88.46472222222224,1.399827003479004,31.78957,67.43025,0.211,2.069445292154948
5KPH_4_6_8_combined_id19,0.7630143165588379,2.1311869621276855,88.65388888888889,0.7,4,6,88.46472222222224,1.399827003479004,31.78957,67.43025,0.2174,2.203644646538629
5KPH_4_6_8_combined_id2,1.296935796737671,3.196293592453003,85.74097222222223,0.65,4,6,88.46472222222224,1.399827003479004,31.78957,67.43025,0.1812,1.9254415300157333
5KPH_4_6_8_combined_id20,0.9297400116920471,2.2964651584625244,94.19458333333334,0.81,4,6,88.46472222222224,1.399827003479004,31.78957,67.43025,0.2149,1.9020245869954424
5KPH_4_6_8_combined_id21,0.778403103351593,4.112998962402344,91.72833333333334,0.77,4,6,88.46472222222224,1.399827003479004,31.78957,67.43025,0.2018,2.116013209025065
5KPH_4_6_8_combined_id22,0.639623761177063,4.034948825836182,89.23291666666667,0.71,4,6,88.46472222222224,1.399827003479004,31.78957,67.43025,0.1969,2.1584559546576605
5KPH_4_6_8_combined_id23,1.9920119047164917,2.1310813426971436,83.66625,0.64,4,6,88.46472222222224,1.399827003479004,31.78957,67.43025,0.212,1.783617655436198
5KPH_4_6_8_combined_id24,1.009281039237976,3.4801876544952393,87.98680555555555,0.68,4,6,88.46472222222224,1.399827003479004,31.78957,67.43025,0.1746,1.8172047932942708
5KPH_4_6_8_combined_id3,1.4356094598770142,2.4142887592315674,86.75819444444444,0.7,4,6,88.46472222222224,1.399827003479004,31.78957,67.43025,0.1888,2.2272116343180337
5KPH_4_6_8_combined_id4,1.0557352304458618,2.93752121925354,80.68333333333334,0.63,4,6,88.46472222222224,1.399827003479004,31.78957,67.43025,0.1786,2.3119625515407987
5KPH_4_6_8_combined_id5,0.9059618711471558,3.517080068588257,86.48972222222223,0.68,4,6,88.46472222222224,1.399827003479004,31.78957,67.43025,0.1982,2.1385536193847656
5KPH_4_6_8_combined_id6,0.6642614603042603,3.8161213397979736,92.05652777777776,0.78,4,6,88.46472222222224,1.399827003479004,31.78957,67.43025,0.1853,2.244697570800781
5KPH_4_6_8_combined_id8,0.9366123080253601,3.911078691482544,85.66222222222223,0.67,4,6,88.46472222222224,1.399827003479004,31.78957,67.43025,0.1959,2.070015801323785
5KPH_4_6_8_combined_id9,1.008647084236145,2.3675599098205566,91.86402777777776,0.73,4,6,88.46472222222224,1.399827003479004,31.78957,67.43025,0.1943,2.249516805013021
5KPH_4_6_9_combined_id1,0.7586515545845032,4.197041988372803,92.51138888888887,0.77,4,6,92.31583333333332,0.7206090092658997,33.094845,70.57765,0.1689,2.218104468451606
5KPH_4_6_9_combined_id10,0.9672882556915283,3.075087070465088,90.4686111111111,0.74,4,6,92.31583333333332,0.7206090092658997,33.094845,70.57765,0.194,2.1037669711642795
5KPH_4_6_9_combined_id11,1.385824203491211,2.9950144290924072,85.09319444444444,0.68,4,6,92.31583333333332,0.7206090092658997,33.094845,70.57765,0.189,2.4086081186930337
5KPH_4_6_9_combined_id12,2.4553942680358887,1.6201318502426147,93.12527777777778,0.77,4,6,92.31583333333332,0.7206090092658997,33.094845,70.57765,0.2106,2.190141254001193
5KPH_4_6_9_combined_id13,1.1923319101333618,1.6741998195648193,88.90541666666667,0.72,4,6,92.31583333333332,0.7206090092658997,33.094845,70.57765,0.1825,2.489195505777994
5KPH_4_6_9_combined_id14,1.0997544527053833,2.6270086765289307,88.16208333333333,0.7,4,6,92.31583333333332,0.7206090092658997,33.094845,70.57765,0.2123,2.250757005479601
5KPH_4_6_9_combined_id15,2.3479104042053223,1.662415862083435,92.69805555555556,0.76,4,6,92.31583333333332,0.7206090092658997,33.094845,70.57765,0.2031,2.2212145063612194
5KPH_4_6_9_combined_id17,0.8052235841751099,3.403837203979492,94.00819444444444,0.81,4,6,92.31583333333332,0.7206090092658997,33.094845,70.57765,0.174,2.452580346001519
5KPH_4_6_9_combined_id18,1.018847107887268,1.626611590385437,91.8234722222222,0.73,4,6,92.31583333333332,0.7206090092658997,33.094845,70.57765,0.2196,2.0554050869411893
5KPH_4_6_9_combined_id19,0.7628953456878662,2.7902345657348633,88.27305555555556,0.68,4,6,92.31583333333332,0.7206090092658997,33.094845,70.57765,0.1979,2.1447232564290366
5KPH_4_6_9_combined_id2,0.8546099066734314,2.9431416988372803,90.11736111111112,0.73,4,6,92.31583333333332,0.7206090092658997,33.094845,70.57765,0.2226,2.15871810913086
5KPH_4_6_9_combined_id20,1.2892298698425293,1.8456066846847534,86.26986111111111,0.67,4,6,92.31583333333332,0.7206090092658997,33.094845,70.57765,0.2116,1.6355352401733398
5KPH_4_6_9_combined_id21,1.1959937810897827,3.107969284057617,91.27097222222224,0.74,4,6,92.31583333333332,0.7206090092658997,33.094845,70.57765,0.1956,2.171705034044054
5KPH_4_6_9_combined_id22,1.0807143449783325,2.970072031021118,88.30597222222222,0.69,4,6,92.31583333333332,0.7206090092658997,33.094845,70.57765,0.2076,2.4345084296332464
5KPH_4_6_9_combined_id23,2.4800503253936768,1.6401100158691406,87.65041666666667,0.68,4,6,92.31583333333332,0.7206090092658997,33.094845,70.57765,0.217,2.118733723958333
5KPH_4_6_9_combined_id24,0.872751772403717,2.6932640075683594,89.13624999999999,0.72,4,6,92.31583333333332,0.7206090092658997,33.094845,70.57765,0.1921,2.4131028917100696
5KPH_4_6_9_combined_id3,0.7741087675094604,3.143632650375366,85.8263888888889,0.67,4,6,92.31583333333332,0.7206090092658997,33.094845,70.57765,0.1694,2.525133344862196
5KPH_4_6_9_combined_id4,0.9660559892654419,2.8308498859405518,89.88847222222222,0.7,4,6,92.31583333333332,0.7206090092658997,33.094845,70.57765,0.1911,2.320991092258029
5KPH_4_6_9_combined_id5,1.9433454275131226,2.4146502017974854,86.58819444444445,0.67,4,6,92.31583333333332,0.7206090092658997,33.094845,70.57765,0.1879,1.819249682956272
5KPH_4_6_9_combined_id6,1.13876211643219,2.5742082595825195,85.84652777777777,0.63,4,6,92.31583333333332,0.7206090092658997,33.094845,70.57765,0.1857,2.517872280544705
5KPH_4_6_9_combined_id7,1.1846766471862793,2.5839483737945557,86.98861111111111,0.69,4,6,92.31583333333332,0.7206090092658997,33.094845,70.57765,0.22,2.2352807786729603
5KPH_4_6_9_combined_id9,2.0525639057159424,1.7362529039382935,90.10444444444444,0.72,4,6,92.31583333333332,0.7206090092658997,33.094845,70.57765,0.2206,2.0453698900010853
5KPH_4_8_0_combined_id1,1.9412773847579956,2.4586148262023926,89.95333333333332,0.71,4,8,91.07986111111111,1.1039444208145142,33.723526,69.16437,0.1774,2.2322349548339844
5KPH_4_8_0_combined_id10,2.165276050567627,2.106267213821411,92.86708333333333,0.75,4,8,91.07986111111111,1.1039444208145142,33.723526,69.16437,0.1949,2.298710081312392
5KPH_4_8_0_combined_id11,1.5000009536743164,2.966472625732422,93.25416666666666,0.76,4,8,91.07986111111111,1.1039444208145142,33.723526,69.16437,0.1987,1.8906550937228728
5KPH_4_8_0_combined_id12,1.2744195461273193,2.464629888534546,89.66611111111112,0.69,4,8,91.07986111111111,1.1039444208145142,33.723526,69.16437,0.1669,2.0864435831705728
5KPH_4_8_0_combined_id13,2.260312795639038,1.938116192817688,87.7011111111111,0.68,4,8,91.07986111111111,1.1039444208145142,33.723526,69.16437,0.2125,2.006663852267795
5KPH_4_8_0_combined_id14,2.3990561962127686,2.410017967224121,93.3225,0.79,4,8,91.07986111111111,1.1039444208145142,33.723526,69.16437,0.1663,2.179255591498481
5KPH_4_8_0_combined_id15,0.7126518487930298,4.01580286026001,92.20722222222224,0.77,4,8,91.07986111111111,1.1039444208145142,33.723526,69.16437,0.1704,2.275652991400825
5KPH_4_8_0_combined_id16,1.0778934955596924,3.3703136444091797,92.40569444444444,0.78,4,8,91.07986111111111,1.1039444208145142,33.723526,69.16437,0.1862,2.1983405219184027
5KPH_4_8_0_combined_id17,0.6937482953071594,4.1587324142456055,90.66958333333334,0.72,4,8,91.07986111111111,1.1039444208145142,33.723526,69.16437,0.2001,1.9456375969780817
5KPH_4_8_0_combined_id18,1.1336627006530762,2.7945475578308105,85.50874999999999,0.66,4,8,91.07986111111111,1.1039444208145142,33.723526,69.16437,0.2223,1.8970408969455288
5KPH_4_8_0_combined_id19,1.13698148727417,3.1378748416900635,80.12291666666667,0.59,4,8,91.07986111111111,1.1039444208145142,33.723526,69.16437,0.1739,2.0990539126926
5KPH_4_8_0_combined_id2,1.818596363067627,1.4002324342727661,87.1561111111111,0.68,4,8,91.07986111111111,1.1039444208145142,33.723526,69.16437,0.199,2.07441880967882
5KPH_4_8_0_combined_id20,0.5423155426979065,3.9173338413238525,93.00069444444443,0.78,4,8,91.07986111111111,1.1039444208145142,33.723526,69.16437,0.1649,2.9383455912272134
5KPH_4_8_0_combined_id21,1.6089357137680054,2.2233431339263916,86.9773611111111,0.66,4,8,91.07986111111111,1.1039444208145142,33.723526,69.16437,0.2099,2.1068912082248263
5KPH_4_8_0_combined_id22,0.7976729869842529,2.5873115062713623,88.25375000000001,0.71,4,8,91.07986111111111,1.1039444208145142,33.723526,69.16437,0.1843,2.206006156073676
5KPH_4_8_0_combined_id23,1.1946743726730347,3.110801935195923,92.56486111111111,0.74,4,8,91.07986111111111,1.1039444208145142,33.723526,69.16437,0.2122,1.9612096150716145
5KPH_4_8_0_combined_id24,0.7244539260864258,3.7446248531341553,89.40736111111111,0.73,4,8,91.07986111111111,1.1039444208145142,33.723526,69.16437,0.1874,2.558895958794488
5KPH_4_8_0_combined_id3,0.6926130056381226,3.0946478843688965,94.71375,0.8,4,8,91.07986111111111,1.1039444208145142,33.723526,69.16437,0.2081,2.133209016588
5KPH_4_8_0_combined_id4,1.9745162725448608,2.3088560104370117,89.90652777777778,0.71,4,8,91.07986111111111,1.1039444208145142,33.723526,69.16437,0.2035,1.9490843878852
5KPH_4_8_0_combined_id5,0.9247012734413147,2.5952634811401367,88.85652777777779,0.72,4,8,91.07986111111111,1.1039444208145142,33.723526,69.16437,0.1758,2.532314724392361
5KPH_4_8_0_combined_id6,0.8838592171669006,3.9655895233154297,91.52666666666669,0.76,4,8,91.07986111111111,1.1039444208145142,33.723526,69.16437,0.1859,2.0470277998182507
5KPH_4_8_0_combined_id7,0.7043132781982422,4.249572277069092,93.83583333333334,0.79,4,8,91.07986111111111,1.1039444208145142,33.723526,69.16437,0.1803,2.3999506632486978
5KPH_4_8_0_combined_id8,0.5482528209686279,3.982510805130005,94.17694444444446,0.81,4,8,91.07986111111111,1.1039444208145142,33.723526,69.16437,0.1694,2.605778376261393
5KPH_4_8_0_combined_id9,1.5134384632110596,2.781468391418457,84.94055555555556,0.67,4,8,91.07986111111111,1.1039444208145142,33.723526,69.16437,0.1769,2.221864700317383
5KPH_4_8_2_combined_id1,1.012009620666504,4.152927875518799,93.32986111111111,0.76,4,8,91.22611111111112,0.7938792705535889,32.31449,70.71971,0.1845,2.431433571709527
5KPH_4_8_2_combined_id10,0.5985704064369202,3.885357618331909,94.75569444444446,0.82,4,8,91.22611111111112,0.7938792705535889,32.31449,70.71971,0.1723,2.423066245185004
5KPH_4_8_2_combined_id11,0.5732365846633911,4.017344951629639,95.40875,0.82,4,8,91.22611111111112,0.7938792705535889,32.31449,70.71971,0.1876,2.525982115003797
5KPH_4_8_2_combined_id12,0.7214635014533997,3.9734933376312256,94.46319444444444,0.79,4,8,91.22611111111112,0.7938792705535889,32.31449,70.71971,0.1893,2.3220494588216147
5KPH_4_8_2_combined_id13,0.8856776356697083,4.054025650024414,90.0176388888889,0.7,4,8,91.22611111111112,0.7938792705535889,32.31449,70.71971,0.1936,2.201095157199436
5KPH_4_8_2_combined_id14,0.7756751179695129,4.233242511749268,91.70958333333334,0.76,4,8,91.22611111111112,0.7938792705535889,32.31449,70.71971,0.1783,2.660603841145833
5KPH_4_8_2_combined_id15,0.7430679798126221,3.900265693664551,93.81069444444444,0.79,4,8,91.22611111111112,0.7938792705535889,32.31449,70.71971,0.1876,2.582520802815756
5KPH_4_8_2_combined_id16,0.7621402740478516,3.949012041091919,93.12305555555557,0.79,4,8,91.22611111111112,0.7938792705535889,32.31449,70.71971,0.165,2.449634552001953
5KPH_4_8_2_combined_id17,0.8724024891853333,3.0020291805267334,91.245,0.74,4,8,91.22611111111112,0.7938792705535889,32.31449,70.71971,0.1906,2.494035085042318
5KPH_4_8_2_combined_id18,0.8066072463989258,3.8948726654052734,92.09875,0.78,4,8,91.22611111111112,0.7938792705535889,32.31449,70.71971,0.1914,2.2983642154269748
5KPH_4_8_2_combined_id19,1.3871784210205078,2.186702251434326,87.00652777777778,0.67,4,8,91.22611111111112,0.7938792705535889,32.31449,70.71971,0.1928,2.325506422254774
5KPH_4_8_2_combined_id2,1.6349838972091675,2.147953510284424,89.77486111111111,0.72,4,8,91.22611111111112,0.7938792705535889,32.31449,70.71971,0.1964,1.96529303656684
5KPH_4_8_2_combined_id20,0.9013023376464844,4.298644542694092,86.71305555555556,0.68,4,8,91.22611111111112,0.7938792705535889,32.31449,70.71971,0.1849,2.3859939575195312
5KPH_4_8_2_combined_id21,1.0111321210861206,3.700007677078247,91.70916666666668,0.75,4,8,91.22611111111112,0.7938792705535889,32.31449,70.71971,0.1657,2.2008709377712674
5KPH_4_8_2_combined_id22,0.8042224049568176,2.267767906188965,90.09,0.69,4,8,91.22611111111112,0.7938792705535889,32.31449,70.71971,0.194,2.325318654378256
5KPH_4_8_2_combined_id23,0.8275061845779419,4.020517826080322,94.09125,0.8,4,8,91.22611111111112,0.7938792705535889,32.31449,70.71971,0.1992,2.269750383165148
5KPH_4_8_2_combined_id24,0.6854280233383179,4.061105251312256,93.63388888888888,0.8,4,8,91.22611111111112,0.7938792705535889,32.31449,70.71971,0.1792,2.558977974785699
5KPH_4_8_2_combined_id3,0.7709463834762573,4.048105239868164,91.21791666666668,0.73,4,8,91.22611111111112,0.7938792705535889,32.31449,70.71971,0.1988,2.0527333153618708
5KPH_4_8_2_combined_id4,0.8980499505996704,2.4503960609436035,88.29430555555555,0.69,4,8,91.22611111111112,0.7938792705535889,32.31449,70.71971,0.1916,2.1583162943522134
5KPH_4_8_2_combined_id5,0.9756343364715576,3.4806125164031982,90.22180555555556,0.73,4,8,91.22611111111112,0.7938792705535889,32.31449,70.71971,0.1627,2.2879212697347007
5KPH_4_8_2_combined_id6,1.101651668548584,2.0596389770507812,89.31347222222222,0.7,4,8,91.22611111111112,0.7938792705535889,32.31449,70.71971,0.1999,2.2840059068467884
5KPH_4_8_2_combined_id7,0.8138158917427063,4.04811429977417,93.99805555555557,0.78,4,8,91.22611111111112,0.7938792705535889,32.31449,70.71971,0.2033,1.889726638793945
5KPH_4_8_2_combined_id8,0.8467751145362854,3.717325448989868,91.43333333333334,0.75,4,8,91.22611111111112,0.7938792705535889,32.31449,70.71971,0.1758,2.539571762084961
5KPH_4_8_2_combined_id9,0.4955514967441559,4.040585517883301,94.61916666666669,0.8,4,8,91.22611111111112,0.7938792705535889,32.31449,70.71971,0.1846,2.5261052449544272
5KPH_4_8_3_combined_id1,0.6622130274772644,3.8169591426849365,91.32458333333334,0.74,4,8,91.7713888888889,0.8584437370300293,31.712654,71.337776,0.1981,2.3864017062717013
5KPH_4_8_3_combined_id10,0.9571426510810852,3.189502716064453,88.08930555555555,0.72,4,8,91.7713888888889,0.8584437370300293,31.712654,71.337776,0.2057,1.7839541965060763
5KPH_4_8_3_combined_id11,0.8190188407897949,3.831197738647461,92.55333333333334,0.76,4,8,91.7713888888889,0.8584437370300293,31.712654,71.337776,0.2083,2.2383104960123696
5KPH_4_8_3_combined_id12,0.8039557933807373,2.0366902351379395,94.96236111111112,0.81,4,8,91.7713888888889,0.8584437370300293,31.712654,71.337776,0.1876,2.035818099975586
5KPH_4_8_3_combined_id13,0.5245183706283569,3.27028489112854,92.46513888888887,0.77,4,8,91.7713888888889,0.8584437370300293,31.712654,71.337776,0.2001,2.2175799475775824
5KPH_4_8_3_combined_id14,1.022458553314209,3.8503072261810303,89.85777777777778,0.76,4,8,91.7713888888889,0.8584437370300293,31.712654,71.337776,0.1701,2.321364508734809
5KPH_4_8_3_combined_id15,0.9045056700706482,3.9368720054626465,93.75763888888888,0.79,4,8,91.7713888888889,0.8584437370300293,31.712654,71.337776,0.1993,2.08967653910319
5KPH_4_8_3_combined_id16,1.0730018615722656,4.284942626953125,82.61722222222221,0.64,4,8,91.7713888888889,0.8584437370300293,31.712654,71.337776,0.1961,1.949745602077908
5KPH_4_8_3_combined_id17,1.2159099578857422,3.8280715942382812,93.7065277777778,0.79,4,8,91.7713888888889,0.8584437370300293,31.712654,71.337776,0.204,2.233368343777127
5KPH_4_8_3_combined_id18,1.0289400815963745,2.5160348415374756,86.4661111111111,0.69,4,8,91.7713888888889,0.8584437370300293,31.712654,71.337776,0.1851,2.24871826171875
5KPH_4_8_3_combined_id19,1.664919376373291,2.5691821575164795,89.67847222222221,0.73,4,8,91.7713888888889,0.8584437370300293,31.712654,71.337776,0.191,1.9557007683648004
5KPH_4_8_3_combined_id2,0.9382184743881226,4.065164566040039,93.53958333333334,0.8,4,8,91.7713888888889,0.8584437370300293,31.712654,71.337776,0.1765,2.2076049380832248
5KPH_4_8_3_combined_id20,0.6151073575019836,4.100112438201904,92.39097222222222,0.76,4,8,91.7713888888889,0.8584437370300293,31.712654,71.337776,0.1911,2.214612325032552
5KPH_4_8_3_combined_id21,0.9875018000602722,4.301633358001709,91.83638888888888,0.77,4,8,91.7713888888889,0.8584437370300293,31.712654,71.337776,0.1805,2.1132358974880643
5KPH_4_8_3_combined_id22,0.7302711606025696,3.825979471206665,94.38124999999998,0.79,4,8,91.7713888888889,0.8584437370300293,31.712654,71.337776,0.1701,2.300656424628364
5KPH_4_8_3_combined_id23,0.5678027272224426,3.270036458969116,92.63430555555556,0.79,4,8,91.7713888888889,0.8584437370300293,31.712654,71.337776,0.2071,2.0223895178900824
5KPH_4_8_3_combined_id24,0.7163329124450684,4.186726093292236,90.92097222222222,0.75,4,8,91.7713888888889,0.8584437370300293,31.712654,71.337776,0.1871,2.4332252078586154
5KPH_4_8_3_combined_id3,0.8146300911903381,1.2323582172393799,89.92791666666666,0.71,4,8,91.7713888888889,0.8584437370300293,31.712654,71.337776,0.1797,2.1996453603108725
5KPH_4_8_3_combined_id4,1.0127371549606323,1.5175275802612305,87.64527777777778,0.68,4,8,91.7713888888889,0.8584437370300293,31.712654,71.337776,0.1691,2.236999935574002
5KPH_4_8_3_combined_id5,0.8493136763572693,3.4615895748138428,90.50486111111113,0.73,4,8,91.7713888888889,0.8584437370300293,31.712654,71.337776,0.172,2.120957268608941
5KPH_4_8_3_combined_id6,0.5165733695030212,4.0183024406433105,90.97041666666668,0.74,4,8,91.7713888888889,0.8584437370300293,31.712654,71.337776,0.1711,2.4853083292643228
5KPH_4_8_3_combined_id7,0.6383692622184753,4.304280757904053,91.18472222222222,0.73,4,8,91.7713888888889,0.8584437370300293,31.712654,71.337776,0.1859,2.17361831665039
5KPH_4_8_3_combined_id8,0.5551488995552063,2.647545337677002,93.22055555555556,0.78,4,8,91.7713888888889,0.8584437370300293,31.712654,71.337776,0.1757,2.3232061598036022
5KPH_4_8_3_combined_id9,0.778687059879303,3.6527535915374756,92.59541666666664,0.79,4,8,91.7713888888889,0.8584437370300293,31.712654,71.337776,0.1606,2.9085937076144748
5KPH_4_8_4_combined_id1,1.4837610721588135,4.150705814361572,86.63000000000001,0.69,4,8,88.61513888888891,1.145293354988098,32.350582,70.04634,0.168,2.2402064005533853
5KPH_4_8_4_combined_id10,1.4878251552581787,3.8382139205932617,93.25680555555556,0.78,4,8,88.61513888888891,1.145293354988098,32.350582,70.04634,0.1843,2.191376792060004
5KPH_4_8_4_combined_id11,1.509746789932251,1.7888202667236328,87.70458333333333,0.71,4,8,88.61513888888891,1.145293354988098,32.350582,70.04634,0.1873,1.9472482469346788
5KPH_4_8_4_combined_id12,1.340620994567871,2.426863193511963,92.73055555555555,0.78,4,8,88.61513888888891,1.145293354988098,32.350582,70.04634,0.1986,2.049485100640191
5KPH_4_8_4_combined_id13,0.6158360242843628,2.9791953563690186,91.45875,0.74,4,8,88.61513888888891,1.145293354988098,32.350582,70.04634,0.192,1.93586179945204
5KPH_4_8_4_combined_id14,1.1191908121109009,2.6526341438293457,83.90069444444445,0.63,4,8,88.61513888888891,1.145293354988098,32.350582,70.04634,0.1738,1.869580586751302
5KPH_4_8_4_combined_id15,0.7783997058868408,3.747673273086548,95.39333333333332,0.81,4,8,88.61513888888891,1.145293354988098,32.350582,70.04634,0.2046,2.386844211154514
5KPH_4_8_4_combined_id16,0.7363814115524292,4.060215473175049,93.84513888888888,0.8,4,8,88.61513888888891,1.145293354988098,32.350582,70.04634,0.1785,2.4749026828342013
5KPH_4_8_4_combined_id17,1.2810431718826294,4.542097091674805,94.57513888888889,0.81,4,8,88.61513888888891,1.145293354988098,32.350582,70.04634,0.1926,2.2459996541341147
5KPH_4_8_4_combined_id18,1.043031096458435,2.6235451698303223,86.74875,0.67,4,8,88.61513888888891,1.145293354988098,32.350582,70.04634,0.2043,2.114352756076389
5KPH_4_8_4_combined_id2,0.7104582786560059,3.6852633953094482,93.81319444444443,0.79,4,8,88.61513888888891,1.145293354988098,32.350582,70.04634,0.1847,2.406425264146593
5KPH_4_8_4_combined_id20,0.7760669589042664,2.8327255249023438,94.01777777777778,0.79,4,8,88.61513888888891,1.145293354988098,32.350582,70.04634,0.2094,1.8670673370361328
5KPH_4_8_4_combined_id21,1.0369518995285034,3.3773341178894043,88.24180555555556,0.7,4,8,88.61513888888891,1.145293354988098,32.350582,70.04634,0.1855,2.214777204725477
5KPH_4_8_4_combined_id22,0.7539781928062439,4.14811897277832,95.73652777777778,0.81,4,8,88.61513888888891,1.145293354988098,32.350582,70.04634,0.1979,1.950723648071289
5KPH_4_8_4_combined_id23,0.715311586856842,4.312991619110107,94.46152777777776,0.8,4,8,88.61513888888891,1.145293354988098,32.350582,70.04634,0.1867,2.3985595703125
5KPH_4_8_4_combined_id24,0.5969035029411316,3.9827563762664795,95.63,0.81,4,8,88.61513888888891,1.145293354988098,32.350582,70.04634,0.2085,1.895789040459527
5KPH_4_8_4_combined_id3,1.3277958631515503,3.7921903133392334,85.9075,0.67,4,8,88.61513888888891,1.145293354988098,32.350582,70.04634,0.1822,2.2157329983181424
5KPH_4_8_4_combined_id4,0.9024676084518433,4.093258380889893,92.00458333333331,0.75,4,8,88.61513888888891,1.145293354988098,32.350582,70.04634,0.1622,2.6773774888780384
5KPH_4_8_4_combined_id5,0.5982487797737122,3.804023027420044,94.11541666666668,0.8,4,8,88.61513888888891,1.145293354988098,32.350582,70.04634,0.1862,2.378788206312392
5KPH_4_8_4_combined_id6,1.4674586057662964,1.972381353378296,87.87027777777777,0.68,4,8,88.61513888888891,1.145293354988098,32.350582,70.04634,0.1967,1.958532545301649
5KPH_4_8_4_combined_id7,0.697734534740448,3.8107261657714844,90.64430555555556,0.73,4,8,88.61513888888891,1.145293354988098,32.350582,70.04634,0.1796,2.0905708736843533
5KPH_4_8_4_combined_id8,1.2588562965393066,4.469852447509766,94.2934722222222,0.78,4,8,88.61513888888891,1.145293354988098,32.350582,70.04634,0.1948,2.4778578016493054
5KPH_4_8_4_combined_id9,0.6600903868675232,2.174065113067627,91.88791666666668,0.75,4,8,88.61513888888891,1.145293354988098,32.350582,70.04634,0.1771,2.371697743733724
5KPH_4_8_5_combined_id1,1.2907114028930664,2.1239278316497803,85.33749999999999,0.65,4,8,92.82305555555554,1.9544806480407717,32.43945,70.69413,0.1744,2.489895714653863
5KPH_4_8_5_combined_id10,0.6334836483001709,3.8680362701416016,92.95277777777778,0.77,4,8,92.82305555555554,1.9544806480407717,32.43945,70.69413,0.1882,2.322969224717882
5KPH_4_8_5_combined_id11,0.852583646774292,2.815453052520752,89.53472222222223,0.72,4,8,92.82305555555554,1.9544806480407717,32.43945,70.69413,0.2072,2.2278315226236978
5KPH_4_8_5_combined_id12,0.8337176442146301,2.2905941009521484,89.65138888888889,0.76,4,8,92.82305555555554,1.9544806480407717,32.43945,70.69413,0.1935,2.8490973578559027
5KPH_4_8_5_combined_id13,0.6492366790771484,2.149583339691162,92.26402777777778,0.77,4,8,92.82305555555554,1.9544806480407717,32.43945,70.69413,0.165,2.654066509670681
5KPH_4_8_5_combined_id14,1.4800270795822144,2.4457154273986816,91.70486111111111,0.75,4,8,92.82305555555554,1.9544806480407717,32.43945,70.69413,0.2337,2.4257534874810114
5KPH_4_8_5_combined_id15,1.2043704986572266,2.5696895122528076,90.21569444444444,0.7,4,8,92.82305555555554,1.9544806480407717,32.43945,70.69413,0.2063,2.115142398410373
5KPH_4_8_5_combined_id16,1.405757188796997,2.936306953430176,85.51583333333332,0.69,4,8,92.82305555555554,1.9544806480407717,32.43945,70.69413,0.2159,2.251431147257487
5KPH_4_8_5_combined_id17,0.7488425970077515,3.6228835582733154,89.22250000000001,0.69,4,8,92.82305555555554,1.9544806480407717,32.43945,70.69413,0.2119,2.417737113104926
5KPH_4_8_5_combined_id18,0.8773393630981445,2.808502435684204,93.5123611111111,0.79,4,8,92.82305555555554,1.9544806480407717,32.43945,70.69413,0.2238,2.1366776360405817
5KPH_4_8_5_combined_id19,0.8276296854019165,3.4160308837890625,84.30874999999999,0.63,4,8,92.82305555555554,1.9544806480407717,32.43945,70.69413,0.1816,2.317627376980252
5KPH_4_8_5_combined_id2,0.7554630041122437,3.961092472076416,90.31930555555556,0.73,4,8,92.82305555555554,1.9544806480407717,32.43945,70.69413,0.1918,2.1509861416286893
5KPH_4_8_5_combined_id20,1.1800185441970825,2.9907915592193604,87.56722222222223,0.7,4,8,92.82305555555554,1.9544806480407717,32.43945,70.69413,0.1651,2.2493042416042752
5KPH_4_8_5_combined_id21,0.6844812035560608,3.946423292160034,94.955,0.8,4,8,92.82305555555554,1.9544806480407717,32.43945,70.69413,0.1994,2.4374843173556857
5KPH_4_8_5_combined_id22,1.0370326042175293,3.174921751022339,83.51375000000002,0.62,4,8,92.82305555555554,1.9544806480407717,32.43945,70.69413,0.1591,2.568880716959636
5KPH_4_8_5_combined_id23,1.822679877281189,2.1324124336242676,94.72611111111112,0.8,4,8,92.82305555555554,1.9544806480407717,32.43945,70.69413,0.2003,2.3515296512179904
5KPH_4_8_5_combined_id24,0.7710474133491516,2.428147315979004,89.50180555555556,0.73,4,8,92.82305555555554,1.9544806480407717,32.43945,70.69413,0.1991,2.3565567864312067
5KPH_4_8_5_combined_id3,1.0414063930511475,2.962078809738159,90.64458333333332,0.76,4,8,92.82305555555554,1.9544806480407717,32.43945,70.69413,0.2178,2.7296104431152344
5KPH_4_8_5_combined_id4,0.7350378632545471,2.5657408237457275,92.19347222222224,0.76,4,8,92.82305555555554,1.9544806480407717,32.43945,70.69413,0.2225,2.1378195020887585
5KPH_4_8_5_combined_id5,1.1452680826187134,3.718190908432007,95.24625,0.82,4,8,92.82305555555554,1.9544806480407717,32.43945,70.69413,0.1985,2.4117431640625
5KPH_4_8_5_combined_id6,1.0404897928237915,3.6530444622039795,87.01027777777777,0.69,4,8,92.82305555555554,1.9544806480407717,32.43945,70.69413,0.217,2.2961514790852866
5KPH_4_8_5_combined_id7,0.7951986193656921,3.9444079399108887,92.29930555555556,0.75,4,8,92.82305555555554,1.9544806480407717,32.43945,70.69413,0.1918,2.411860783894857
5KPH_4_8_5_combined_id8,1.2759493589401245,2.967151165008545,86.64444444444445,0.7,4,8,92.82305555555554,1.9544806480407717,32.43945,70.69413,0.2095,2.400907728407118
5KPH_4_8_5_combined_id9,0.740302562713623,3.852562427520752,93.29222222222222,0.8,4,8,92.82305555555554,1.9544806480407717,32.43945,70.69413,0.2165,2.67100461324056
5KPH_4_8_6_combined_id1,0.7683230638504028,2.0703091621398926,93.75902777777776,0.79,4,8,90.58805555555556,1.4671618938446045,33.320225,71.20774,0.1835,2.574392318725586
5KPH_4_8_6_combined_id10,0.8795084357261658,3.922502279281616,94.94875,0.81,4,8,90.58805555555556,1.4671618938446045,33.320225,71.20774,0.2052,2.0242101881239147
5KPH_4_8_6_combined_id11,1.2078776359558105,4.589337348937988,91.66125,0.76,4,8,90.58805555555556,1.4671618938446045,33.320225,71.20774,0.1962,2.5388717651367188
5KPH_4_8_6_combined_id12,0.8040511012077332,4.198236465454102,93.01,0.79,4,8,90.58805555555556,1.4671618938446045,33.320225,71.20774,0.1944,2.524090660942925
5KPH_4_8_6_combined_id13,1.248538851737976,2.145491361618042,95.29180555555556,0.8,4,8,90.58805555555556,1.4671618938446045,33.320225,71.20774,0.227,2.0739067925347223
5KPH_4_8_6_combined_id14,1.0829075574874878,2.7486581802368164,88.62375,0.71,4,8,90.58805555555556,1.4671618938446045,33.320225,71.20774,0.2002,2.0988676283094616
5KPH_4_8_6_combined_id15,0.9146369695663452,3.7737996578216553,95.5123611111111,0.82,4,8,90.58805555555556,1.4671618938446045,33.320225,71.20774,0.1915,2.2293309105767145
5KPH_4_8_6_combined_id16,0.6664834022521973,3.9140093326568604,92.03652777777778,0.75,4,8,90.58805555555556,1.4671618938446045,33.320225,71.20774,0.1986,2.280186335245768
5KPH_4_8_6_combined_id17,0.6271958351135254,2.1732914447784424,94.59416666666668,0.79,4,8,90.58805555555556,1.4671618938446045,33.320225,71.20774,0.1899,2.676510492960612
5KPH_4_8_6_combined_id18,0.8072016835212708,3.149688482284546,96.18152777777776,0.83,4,8,90.58805555555556,1.4671618938446045,33.320225,71.20774,0.2099,2.3908343844943576
5KPH_4_8_6_combined_id19,2.563527822494507,1.773494839668274,91.07402777777776,0.72,4,8,90.58805555555556,1.4671618938446045,33.320225,71.20774,0.1905,2.528834660847982
5KPH_4_8_6_combined_id2,0.5793885588645935,4.010459899902344,95.585,0.82,4,8,90.58805555555556,1.4671618938446045,33.320225,71.20774,0.2199,2.485793855455187
5KPH_4_8_6_combined_id20,0.7134377956390381,3.7826106548309326,94.72319444444445,0.81,4,8,90.58805555555556,1.4671618938446045,33.320225,71.20774,0.21,2.546387354532877
5KPH_4_8_6_combined_id21,0.8320333957672119,2.0750863552093506,89.75097222222222,0.7,4,8,90.58805555555556,1.4671618938446045,33.320225,71.20774,0.1733,2.6769017113579645
5KPH_4_8_6_combined_id22,0.872111976146698,2.7908174991607666,95.61611111111112,0.82,4,8,90.58805555555556,1.4671618938446045,33.320225,71.20774,0.2075,2.268829345703125
5KPH_4_8_6_combined_id23,0.8394479155540466,4.18419885635376,91.72430555555556,0.74,4,8,90.58805555555556,1.4671618938446045,33.320225,71.20774,0.2084,2.5547830793592663
5KPH_4_8_6_combined_id24,0.8177432417869568,3.2466864585876465,93.08680555555556,0.78,4,8,90.58805555555556,1.4671618938446045,33.320225,71.20774,0.2112,2.301994959513346
5KPH_4_8_6_combined_id3,1.6494346857070923,2.1530582904815674,88.44305555555555,0.69,4,8,90.58805555555556,1.4671618938446045,33.320225,71.20774,0.207,2.0782127380371094
5KPH_4_8_6_combined_id4,0.5947796106338501,3.8629958629608154,95.35416666666669,0.83,4,8,90.58805555555556,1.4671618938446045,33.320225,71.20774,0.1936,2.337111155192057
5KPH_4_8_6_combined_id5,0.8294050097465515,3.516054391860962,93.74958333333332,0.79,4,8,90.58805555555556,1.4671618938446045,33.320225,71.20774,0.2192,2.3728279537624783
5KPH_4_8_6_combined_id6,0.6969039440155029,4.169296741485596,95.7025,0.82,4,8,90.58805555555556,1.4671618938446045,33.320225,71.20774,0.1999,2.280831231011285
5KPH_4_8_6_combined_id7,1.128676176071167,2.8256936073303223,86.52375,0.64,4,8,90.58805555555556,1.4671618938446045,33.320225,71.20774,0.216,2.2474486033121743
5KPH_4_8_6_combined_id8,0.7546975016593933,4.0496673583984375,87.8913888888889,0.69,4,8,90.58805555555556,1.4671618938446045,33.320225,71.20774,0.175,2.679634094238281
5KPH_4_8_6_combined_id9,0.6060684323310852,3.972888708114624,93.84125,0.79,4,8,90.58805555555556,1.4671618938446045,33.320225,71.20774,0.1953,2.9003478156195746
5KPH_4_8_7_combined_id1,0.5281890034675598,4.047846794128418,93.17069444444444,0.78,4,8,88.38486111111109,1.696976900100708,31.41913,70.87946,0.1723,2.2798580593532987
5KPH_4_8_7_combined_id10,0.8125101327896118,3.935678482055664,89.79902777777778,0.77,4,8,88.38486111111109,1.696976900100708,31.41913,70.87946,0.1772,2.1759632958306208
5KPH_4_8_7_combined_id12,0.6401457786560059,3.6310250759124756,92.05083333333332,0.78,4,8,88.38486111111109,1.696976900100708,31.41913,70.87946,0.2131,2.2437737782796225
5KPH_4_8_7_combined_id13,0.8324750065803528,3.113024950027466,87.11236111111111,0.71,4,8,88.38486111111109,1.696976900100708,31.41913,70.87946,0.1952,2.634070714314779
5KPH_4_8_7_combined_id14,0.7994754314422607,3.322415351867676,93.86819444444444,0.81,4,8,88.38486111111109,1.696976900100708,31.41913,70.87946,0.2083,2.132329093085395
5KPH_4_8_7_combined_id15,0.5599720478057861,4.166440486907959,94.30430555555556,0.8,4,8,88.38486111111109,1.696976900100708,31.41913,70.87946,0.2069,2.2046919928656683
5KPH_4_8_7_combined_id16,0.8212732672691345,1.9518386125564575,89.46138888888888,0.75,4,8,88.38486111111109,1.696976900100708,31.41913,70.87946,0.2077,2.060840818617079
5KPH_4_8_7_combined_id17,1.3274271488189697,2.8653438091278076,95.98444444444446,0.83,4,8,88.38486111111109,1.696976900100708,31.41913,70.87946,0.2115,1.9343399471706813
5KPH_4_8_7_combined_id18,0.7393085956573486,4.298459529876709,94.40472222222223,0.79,4,8,88.38486111111109,1.696976900100708,31.41913,70.87946,0.2068,2.1095411512586804
5KPH_4_8_7_combined_id19,0.6820073127746582,3.7565758228302,90.37708333333332,0.74,4,8,88.38486111111109,1.696976900100708,31.41913,70.87946,0.1876,2.4399117363823786
5KPH_4_8_7_combined_id2,0.6722308993339539,3.544412851333618,93.68263888888887,0.78,4,8,88.38486111111109,1.696976900100708,31.41913,70.87946,0.1546,2.390654034084744
5KPH_4_8_7_combined_id20,0.6342284083366394,3.879939079284668,90.83125,0.76,4,8,88.38486111111109,1.696976900100708,31.41913,70.87946,0.1877,2.358550177680121
5KPH_4_8_7_combined_id22,0.6653165221214294,3.4065332412719727,93.21652777777778,0.8,4,8,88.38486111111109,1.696976900100708,31.41913,70.87946,0.1927,2.3000060187445746
5KPH_4_8_7_combined_id23,0.6525095701217651,3.96553111076355,93.0476388888889,0.8,4,8,88.38486111111109,1.696976900100708,31.41913,70.87946,0.1842,2.011131710476345
5KPH_4_8_7_combined_id24,0.962925136089325,3.9036598205566406,92.81138888888889,0.81,4,8,88.38486111111109,1.696976900100708,31.41913,70.87946,0.2128,1.9873792860243056
5KPH_4_8_7_combined_id3,0.9980416893959045,3.7048914432525635,94.48055555555555,0.81,4,8,88.38486111111109,1.696976900100708,31.41913,70.87946,0.2049,2.2203680674235025
5KPH_4_8_7_combined_id4,0.5696301460266113,3.942767381668091,93.38291666666666,0.79,4,8,88.38486111111109,1.696976900100708,31.41913,70.87946,0.2064,2.372522354125977
5KPH_4_8_7_combined_id5,1.0382487773895264,3.920767307281494,87.49499999999999,0.7,4,8,88.38486111111109,1.696976900100708,31.41913,70.87946,0.1959,1.9733106825086808
5KPH_4_8_7_combined_id6,1.9910961389541626,3.287773609161377,92.00430555555556,0.77,4,8,88.38486111111109,1.696976900100708,31.41913,70.87946,0.1916,2.192718082004123
5KPH_4_8_7_combined_id7,0.49918413162231445,3.9670162200927734,94.89902777777776,0.81,4,8,88.38486111111109,1.696976900100708,31.41913,70.87946,0.1873,2.3182108137342663
5KPH_4_8_7_combined_id8,0.7781628370285034,3.921767473220825,94.2961111111111,0.81,4,8,88.38486111111109,1.696976900100708,31.41913,70.87946,0.2015,2.1779908074273004
5KPH_4_8_7_combined_id9,0.6876246929168701,3.7078514099121094,94.15013888888888,0.8,4,8,88.38486111111109,1.696976900100708,31.41913,70.87946,0.1933,2.1988928053114147
5KPH_4_8_8_combined_id1,2.2075560092926025,1.8343039751052856,94.26208333333336,0.79,4,8,91.33597222222222,1.115950584411621,33.568592,71.45591,0.2086,2.397057639227973
5KPH_4_8_8_combined_id10,0.6737220287322998,3.904362440109253,93.26166666666668,0.77,4,8,91.33597222222222,1.115950584411621,33.568592,71.45591,0.1969,2.0699808332655163
5KPH_4_8_8_combined_id11,1.8427166938781738,2.0703821182250977,90.30083333333332,0.71,4,8,91.33597222222222,1.115950584411621,33.568592,71.45591,0.1962,2.1123856438530817
5KPH_4_8_8_combined_id12,0.5719990134239197,4.104898452758789,95.61958333333332,0.82,4,8,91.33597222222222,1.115950584411621,33.568592,71.45591,0.1916,2.208157433403863
5KPH_4_8_8_combined_id13,0.9756277203559875,3.7282934188842773,92.07333333333334,0.76,4,8,91.33597222222222,1.115950584411621,33.568592,71.45591,0.1792,2.081675211588541
5KPH_4_8_8_combined_id14,1.6577434539794922,2.360121011734009,86.45625000000001,0.67,4,8,91.33597222222222,1.115950584411621,33.568592,71.45591,0.1825,1.9944975111219616
5KPH_4_8_8_combined_id15,0.6800585985183716,3.8260135650634766,93.01555555555557,0.77,4,8,91.33597222222222,1.115950584411621,33.568592,71.45591,0.1807,1.9321221245659723
5KPH_4_8_8_combined_id16,2.064155340194702,1.7128441333770752,91.92125,0.74,4,8,91.33597222222222,1.115950584411621,33.568592,71.45591,0.2055,1.9847005208333333
5KPH_4_8_8_combined_id17,0.7129258513450623,4.162907600402832,90.91055555555556,0.73,4,8,91.33597222222222,1.115950584411621,33.568592,71.45591,0.1963,2.30120849609375
5KPH_4_8_8_combined_id18,0.7649848461151123,4.073241710662842,94.24680555555555,0.81,4,8,91.33597222222222,1.115950584411621,33.568592,71.45591,0.1966,2.0030964745415583
5KPH_4_8_8_combined_id19,0.8585925102233887,2.9200520515441895,88.94583333333334,0.74,4,8,91.33597222222222,1.115950584411621,33.568592,71.45591,0.1904,2.0226109822591147
5KPH_4_8_8_combined_id2,0.9173808693885803,3.930830478668213,94.42416666666666,0.81,4,8,91.33597222222222,1.115950584411621,33.568592,71.45591,0.2206,2.1857034895155163
5KPH_4_8_8_combined_id20,1.1319634914398193,3.785022735595703,85.14069444444445,0.64,4,8,91.33597222222222,1.115950584411621,33.568592,71.45591,0.1894,2.221813201904297
5KPH_4_8_8_combined_id21,0.9418942332267761,1.9982815980911255,94.03194444444443,0.79,4,8,91.33597222222222,1.115950584411621,33.568592,71.45591,0.1996,2.1144566006130643
5KPH_4_8_8_combined_id22,0.5767061114311218,3.71977162361145,95.57625,0.83,4,8,91.33597222222222,1.115950584411621,33.568592,71.45591,0.1893,2.1372318267822266
5KPH_4_8_8_combined_id23,0.6860026121139526,4.02331018447876,93.16625,0.77,4,8,91.33597222222222,1.115950584411621,33.568592,71.45591,0.1887,2.0605542924669056
5KPH_4_8_8_combined_id24,0.7053236365318298,1.6026712656021118,94.19513888888888,0.81,4,8,91.33597222222222,1.115950584411621,33.568592,71.45591,0.1785,2.274025387234158
5KPH_4_8_8_combined_id3,1.9700818061828613,2.4797310829162598,85.9975,0.66,4,8,91.33597222222222,1.115950584411621,33.568592,71.45591,0.1871,2.155281914605035
5KPH_4_8_8_combined_id4,0.7409313321113586,2.5278193950653076,92.11194444444445,0.77,4,8,91.33597222222222,1.115950584411621,33.568592,71.45591,0.2056,2.2634864383273654
5KPH_4_8_8_combined_id5,0.9585734605789185,2.0290799140930176,91.16125,0.72,4,8,91.33597222222222,1.115950584411621,33.568592,71.45591,0.212,1.935977935791016
5KPH_4_8_8_combined_id6,0.6771393418312073,3.8571860790252686,92.25652777777776,0.77,4,8,91.33597222222222,1.115950584411621,33.568592,71.45591,0.1898,1.866697523328993
5KPH_4_8_8_combined_id7,0.8809268474578857,3.2118968963623047,95.75805555555556,0.82,4,8,91.33597222222222,1.115950584411621,33.568592,71.45591,0.2035,2.0847475263807507
5KPH_4_8_8_combined_id9,1.0894962549209595,4.27799129486084,89.23555555555555,0.72,4,8,91.33597222222222,1.115950584411621,33.568592,71.45591,0.1983,2.111864937676324
5KPH_4_8_9_combined_id1,0.748711884021759,3.5382370948791504,91.91236111111112,0.73,4,8,88.40847222222222,0.979649782180786,33.121037,70.275444,0.2143,2.521004570855035
5KPH_4_8_9_combined_id10,0.7420122623443604,2.9302608966827393,88.6561111111111,0.72,4,8,88.40847222222222,0.979649782180786,33.121037,70.275444,0.2053,2.789793226453993
5KPH_4_8_9_combined_id11,0.731514573097229,3.42765212059021,89.68972222222222,0.72,4,8,88.40847222222222,0.979649782180786,33.121037,70.275444,0.1876,2.9396720462375217
5KPH_4_8_9_combined_id12,0.6912274956703186,3.472400426864624,95.93569444444444,0.83,4,8,88.40847222222222,0.979649782180786,33.121037,70.275444,0.1807,2.731921937730577
5KPH_4_8_9_combined_id13,0.7183459997177124,3.6347177028656006,93.98527777777778,0.79,4,8,88.40847222222222,0.979649782180786,33.121037,70.275444,0.1892,2.9736917283799915
5KPH_4_8_9_combined_id14,1.2142105102539062,4.647256851196289,87.66597222222221,0.7,4,8,88.40847222222222,0.979649782180786,33.121037,70.275444,0.2102,2.7148861355251737
5KPH_4_8_9_combined_id15,1.5791469812393188,1.7505871057510376,87.86041666666665,0.65,4,8,88.40847222222222,0.979649782180786,33.121037,70.275444,0.2206,2.8400031195746527
5KPH_4_8_9_combined_id16,0.6490693092346191,3.9148619174957275,92.5125,0.76,4,8,88.40847222222222,0.979649782180786,33.121037,70.275444,0.2087,2.879119449191623
5KPH_4_8_9_combined_id17,0.7422038316726685,4.191525936126709,95.40583333333332,0.82,4,8,88.40847222222222,0.979649782180786,33.121037,70.275444,0.2035,2.8939611646864147
5KPH_4_8_9_combined_id18,0.7809766530990601,4.1264848709106445,89.62097222222222,0.73,4,8,88.40847222222222,0.979649782180786,33.121037,70.275444,0.1901,2.937177446153429
5KPH_4_8_9_combined_id19,0.6353520750999451,2.3072867393493652,90.57638888888889,0.75,4,8,88.40847222222222,0.979649782180786,33.121037,70.275444,0.2048,2.881929185655382
5KPH_4_8_9_combined_id2,1.3287707567214966,3.744112014770508,85.9211111111111,0.63,4,8,88.40847222222222,0.979649782180786,33.121037,70.275444,0.1775,2.7495979732937283
5KPH_4_8_9_combined_id20,0.526491105556488,3.8956737518310547,93.24708333333332,0.79,4,8,88.40847222222222,0.979649782180786,33.121037,70.275444,0.208,3.0238609313964844
5KPH_4_8_9_combined_id21,0.9538930058479309,3.795109510421753,89.68722222222222,0.73,4,8,88.40847222222222,0.979649782180786,33.121037,70.275444,0.1998,2.631413777669271
5KPH_4_8_9_combined_id23,0.9006036520004272,3.3478357791900635,92.39666666666668,0.75,4,8,88.40847222222222,0.979649782180786,33.121037,70.275444,0.1908,2.895540025499132
5KPH_4_8_9_combined_id24,0.8461786508560181,3.2900850772857666,85.42833333333334,0.65,4,8,88.40847222222222,0.979649782180786,33.121037,70.275444,0.1748,2.995771196153429
5KPH_4_8_9_combined_id3,1.0380394458770752,2.867051601409912,86.37555555555555,0.67,4,8,88.40847222222222,0.979649782180786,33.121037,70.275444,0.195,2.908834033542209
5KPH_4_8_9_combined_id5,0.5800777077674866,3.943011522293091,93.6338888888889,0.8,4,8,88.40847222222222,0.979649782180786,33.121037,70.275444,0.1943,2.866238488091363
5KPH_4_8_9_combined_id6,0.7502769827842712,3.705991506576538,89.56055555555555,0.7,4,8,88.40847222222222,0.979649782180786,33.121037,70.275444,0.2007,2.703209982977973
5KPH_4_8_9_combined_id7,0.9118938446044922,4.158102512359619,90.86361111111113,0.75,4,8,88.40847222222222,0.979649782180786,33.121037,70.275444,0.2119,2.788621266682943
5KPH_4_8_9_combined_id8,0.6455644369125366,3.869220018386841,92.33263888888888,0.76,4,8,88.40847222222222,0.979649782180786,33.121037,70.275444,0.2023,2.788591596815321
5KPH_4_8_9_combined_id9,0.8608395457267761,3.6714961528778076,92.0148611111111,0.75,4,8,88.40847222222222,0.979649782180786,33.121037,70.275444,0.2004,2.943238152398004
5KPH_6_2_5_combined_id1,0.7987285256385803,3.909276247024536,93.98597222222222,0.8,6,2,89.26569444444443,2.621544599533081,36.551605,74.306145,0.1982,2.0887247721354165
5KPH_6_2_5_combined_id10,0.7242847084999084,4.737244129180908,95.11125,0.82,6,2,89.26569444444443,2.621544599533081,36.551605,74.306145,0.1874,1.9133892059326167
5KPH_6_2_5_combined_id11,0.7020502090454102,5.647543430328369,94.8488888888889,0.82,6,2,89.26569444444443,2.621544599533081,36.551605,74.306145,0.2149,2.0028131273057728
5KPH_6_2_5_combined_id12,0.7901602387428284,5.82059383392334,95.19111111111113,0.82,6,2,89.26569444444443,2.621544599533081,36.551605,74.306145,0.2067,2.4422632853190103
5KPH_6_2_5_combined_id13,0.6893678307533264,5.263879776000977,89.98541666666667,0.72,6,2,89.26569444444443,2.621544599533081,36.551605,74.306145,0.1796,2.233331044514974
5KPH_6_2_5_combined_id14,0.6946357488632202,5.128726959228516,89.31138888888889,0.72,6,2,89.26569444444443,2.621544599533081,36.551605,74.306145,0.2037,2.1502723693847656
5KPH_6_2_5_combined_id15,0.8557614684104919,5.51743745803833,87.82416666666667,0.71,6,2,89.26569444444443,2.621544599533081,36.551605,74.306145,0.2122,2.2278467814127603
5KPH_6_2_5_combined_id16,0.9705728888511658,5.728416919708252,94.88930555555557,0.82,6,2,89.26569444444443,2.621544599533081,36.551605,74.306145,0.2034,1.90636232164171
5KPH_6_2_5_combined_id17,1.104674220085144,4.913112640380859,85.63250000000001,0.65,6,2,89.26569444444443,2.621544599533081,36.551605,74.306145,0.1755,2.086242251925998
5KPH_6_2_5_combined_id18,2.2874045372009277,4.4653778076171875,84.86777777777779,0.62,6,2,89.26569444444443,2.621544599533081,36.551605,74.306145,0.1808,1.6820943620469837
5KPH_6_2_5_combined_id19,0.9681305885314941,5.691047191619873,93.31291666666668,0.8,6,2,89.26569444444443,2.621544599533081,36.551605,74.306145,0.1999,2.1903076171875
5KPH_6_2_5_combined_id2,0.9181428551673889,5.348103046417236,93.86847222222222,0.81,6,2,89.26569444444443,2.621544599533081,36.551605,74.306145,0.2013,1.9429314931233723
5KPH_6_2_5_combined_id20,0.8251633048057556,5.495560646057129,94.58638888888888,0.81,6,2,89.26569444444443,2.621544599533081,36.551605,74.306145,0.1874,1.8917306264241536
5KPH_6_2_5_combined_id21,0.770253598690033,6.33574104309082,94.29875,0.8,6,2,89.26569444444443,2.621544599533081,36.551605,74.306145,0.1879,2.625464121500651
5KPH_6_2_5_combined_id22,0.8280001282691956,5.125586986541748,91.4184722222222,0.77,6,2,89.26569444444443,2.621544599533081,36.551605,74.306145,0.2238,2.036919911702474
5KPH_6_2_5_combined_id23,0.7311893105506897,5.891345977783203,94.40958333333332,0.8,6,2,89.26569444444443,2.621544599533081,36.551605,74.306145,0.2349,2.134033203125
5KPH_6_2_5_combined_id24,0.6297967433929443,4.814536094665527,91.8377777777778,0.76,6,2,89.26569444444443,2.621544599533081,36.551605,74.306145,0.1946,1.9191006554497607
5KPH_6_2_5_combined_id3,0.8247404098510742,4.595977306365967,88.12152777777777,0.72,6,2,89.26569444444443,2.621544599533081,36.551605,74.306145,0.2037,1.8356594509548607
5KPH_6_2_5_combined_id4,0.629086434841156,5.024181842803955,91.51805555555556,0.73,6,2,89.26569444444443,2.621544599533081,36.551605,74.306145,0.2083,2.256831275092231
5KPH_6_2_5_combined_id5,0.6437128782272339,5.227741241455078,92.84180555555557,0.78,6,2,89.26569444444443,2.621544599533081,36.551605,74.306145,0.183,2.149441189236111
5KPH_6_2_5_combined_id6,0.6363484263420105,6.109527587890625,93.86097222222222,0.79,6,2,89.26569444444443,2.621544599533081,36.551605,74.306145,0.1968,2.109358469645182
5KPH_6_2_5_combined_id7,0.8383673429489136,5.322238445281982,91.3138888888889,0.78,6,2,89.26569444444443,2.621544599533081,36.551605,74.306145,0.2074,2.0766234927707248
5KPH_6_2_5_combined_id8,0.6974318027496338,5.649530410766602,95.03625,0.82,6,2,89.26569444444443,2.621544599533081,36.551605,74.306145,0.1991,2.0061073303222656
5KPH_6_2_5_combined_id9,0.7780319452285767,5.720728397369385,92.09263888888889,0.78,6,2,89.26569444444443,2.621544599533081,36.551605,74.306145,0.2012,2.3041792975531683
5KPH_6_2_8_combined_id1,0.784478485584259,5.149613380432129,88.94347222222223,0.71,6,2,90.48833333333332,0.942874789237976,37.639847,71.18866,0.1652,2.694729275173611
5KPH_6_2_8_combined_id10,1.0183364152908325,3.984135627746582,88.72986111111112,0.71,6,2,90.48833333333332,0.942874789237976,37.639847,71.18866,0.1861,2.323460896809896
5KPH_6_2_8_combined_id11,2.189096689224243,4.87199068069458,88.14430555555555,0.7,6,2,90.48833333333332,0.942874789237976,37.639847,71.18866,0.1896,2.2067633734809027
5KPH_6_2_8_combined_id12,0.8728483319282532,6.042688369750977,91.105,0.74,6,2,90.48833333333332,0.942874789237976,37.639847,71.18866,0.1956,2.1680475870768228
5KPH_6_2_8_combined_id13,4.109290599822998,1.1443217992782593,88.59916666666666,0.69,6,2,90.48833333333332,0.942874789237976,37.639847,71.18866,0.1754,2.2341382768419056
5KPH_6_2_8_combined_id14,2.0872907638549805,3.471261501312256,85.68902777777778,0.69,6,2,90.48833333333332,0.942874789237976,37.639847,71.18866,0.1755,2.586400985717773
5KPH_6_2_8_combined_id15,0.6577009558677673,4.197543621063232,89.69444444444444,0.72,6,2,90.48833333333332,0.942874789237976,37.639847,71.18866,0.1738,2.440949969821506
5KPH_6_2_8_combined_id16,0.9070396423339844,4.299398899078369,87.22652777777778,0.68,6,2,90.48833333333332,0.942874789237976,37.639847,71.18866,0.1748,2.5304287804497614
5KPH_6_2_8_combined_id17,0.6032153367996216,5.562662124633789,92.18666666666668,0.75,6,2,90.48833333333332,0.942874789237976,37.639847,71.18866,0.1768,2.7909234364827475
5KPH_6_2_8_combined_id18,1.6874914169311523,4.784908771514893,82.66347222222223,0.62,6,2,90.48833333333332,0.942874789237976,37.639847,71.18866,0.1575,2.3532901340060763
5KPH_6_2_8_combined_id19,0.8142668008804321,4.938644886016846,92.85902777777778,0.76,6,2,90.48833333333332,0.942874789237976,37.639847,71.18866,0.1712,2.619665357801649
5KPH_6_2_8_combined_id2,0.7365906238555908,4.5633440017700195,91.0773611111111,0.73,6,2,90.48833333333332,0.942874789237976,37.639847,71.18866,0.1658,2.486659155951606
5KPH_6_2_8_combined_id20,0.6172252893447876,5.505898952484131,94.47541666666667,0.81,6,2,90.48833333333332,0.942874789237976,37.639847,71.18866,0.1695,2.745783276028104
5KPH_6_2_8_combined_id21,2.8498597145080566,2.817507028579712,81.73680555555556,0.64,6,2,90.48833333333332,0.942874789237976,37.639847,71.18866,0.1937,2.485413021511502
5KPH_6_2_8_combined_id22,2.208362102508545,3.038048505783081,87.71708333333333,0.68,6,2,90.48833333333332,0.942874789237976,37.639847,71.18866,0.1678,2.572051578097873
5KPH_6_2_8_combined_id23,1.9770857095718384,4.448996067047119,87.3097222222222,0.68,6,2,90.48833333333332,0.942874789237976,37.639847,71.18866,0.1697,2.3230804867214627
5KPH_6_2_8_combined_id24,1.509413719177246,4.040896415710449,92.51972222222224,0.79,6,2,90.48833333333332,0.942874789237976,37.639847,71.18866,0.1627,2.5401208665635853
5KPH_6_2_8_combined_id3,0.7065649628639221,5.726537704467773,95.67125,0.82,6,2,90.48833333333332,0.942874789237976,37.639847,71.18866,0.1805,2.541070726182726
5KPH_6_2_8_combined_id4,2.0968096256256104,3.6072635650634766,79.45152777777778,0.61,6,2,90.48833333333332,0.942874789237976,37.639847,71.18866,0.1719,2.331589380900065
5KPH_6_2_8_combined_id5,0.8948006629943848,4.149111270904541,94.43013888888888,0.81,6,2,90.48833333333332,0.942874789237976,37.639847,71.18866,0.1679,2.4235716925727
5KPH_6_2_8_combined_id6,0.785047709941864,5.791980743408203,93.19486111111112,0.77,6,2,90.48833333333332,0.942874789237976,37.639847,71.18866,0.1734,2.722300211588541
5KPH_6_2_8_combined_id7,1.1834086179733276,4.206873416900635,91.46486111111112,0.78,6,2,90.48833333333332,0.942874789237976,37.639847,71.18866,0.1732,2.418699052598741
5KPH_6_2_8_combined_id8,0.6754897236824036,5.153083324432373,94.36319444444445,0.8,6,2,90.48833333333332,0.942874789237976,37.639847,71.18866,0.165,2.621486239963108
5KPH_6_2_8_combined_id9,2.8980729579925537,4.97873067855835,82.05694444444445,0.59,6,2,90.48833333333332,0.942874789237976,37.639847,71.18866,0.157,2.5048885345458984
5KPH_6_2_9_combined_id1,0.6418530941009521,3.62904691696167,91.21333333333332,0.73,6,2,89.2786111111111,1.2775492668151855,36.16262,73.668304,0.1689,2.5726081000434027
5KPH_6_2_9_combined_id10,1.1220011711120605,4.214699745178223,92.5090277777778,0.72,6,2,89.2786111111111,1.2775492668151855,36.16262,73.668304,0.175,2.3979449801974826
5KPH_6_2_9_combined_id11,0.8002975583076477,4.354201793670654,95.30097222222224,0.81,6,2,89.2786111111111,1.2775492668151855,36.16262,73.668304,0.2111,2.193215052286784
5KPH_6_2_9_combined_id13,1.0944757461547852,4.164762496948242,89.23736111111111,0.69,6,2,89.2786111111111,1.2775492668151855,36.16262,73.668304,0.1621,2.4114195505778
5KPH_6_2_9_combined_id14,0.6817383170127869,5.800793647766113,92.76166666666668,0.77,6,2,89.2786111111111,1.2775492668151855,36.16262,73.668304,0.1675,2.643807305230035
5KPH_6_2_9_combined_id15,0.72328120470047,5.725960731506348,93.41305555555556,0.76,6,2,89.2786111111111,1.2775492668151855,36.16262,73.668304,0.1636,2.231889936659071
5KPH_6_2_9_combined_id16,1.1041382551193237,5.879804611206055,92.62388888888889,0.78,6,2,89.2786111111111,1.2775492668151855,36.16262,73.668304,0.1514,2.5006065368652344
5KPH_6_2_9_combined_id17,0.6343881487846375,5.286783218383789,92.93694444444444,0.77,6,2,89.2786111111111,1.2775492668151855,36.16262,73.668304,0.1997,2.3249405754937067
5KPH_6_2_9_combined_id18,0.9285311102867126,5.845531940460205,91.99,0.77,6,2,89.2786111111111,1.2775492668151855,36.16262,73.668304,0.1959,2.119712405734592
5KPH_6_2_9_combined_id19,1.0247985124588013,5.034877777099609,91.58041666666668,0.75,6,2,89.2786111111111,1.2775492668151855,36.16262,73.668304,0.1768,2.1126931508382163
5KPH_6_2_9_combined_id2,0.685897707939148,5.718039035797119,94.21666666666668,0.79,6,2,89.2786111111111,1.2775492668151855,36.16262,73.668304,0.1765,2.37357415093316
5KPH_6_2_9_combined_id20,2.507192611694336,4.020055294036865,91.65736111111111,0.74,6,2,89.2786111111111,1.2775492668151855,36.16262,73.668304,0.1899,2.144128587510851
5KPH_6_2_9_combined_id21,0.7529209852218628,5.844724178314209,90.22763888888888,0.72,6,2,89.2786111111111,1.2775492668151855,36.16262,73.668304,0.1693,2.2685089111328125
5KPH_6_2_9_combined_id22,1.7585959434509277,3.7712011337280273,84.26902777777778,0.63,6,2,89.2786111111111,1.2775492668151855,36.16262,73.668304,0.1871,2.1097823248969183
5KPH_6_2_9_combined_id23,0.7625841498374939,5.768983364105225,91.79277777777776,0.76,6,2,89.2786111111111,1.2775492668151855,36.16262,73.668304,0.1705,2.298375023735894
5KPH_6_2_9_combined_id3,1.14552903175354,4.909091949462891,87.05666666666667,0.7,6,2,89.2786111111111,1.2775492668151855,36.16262,73.668304,0.1586,2.351504431830512
5KPH_6_2_9_combined_id4,0.9390233159065247,5.703060150146484,91.75930555555556,0.74,6,2,89.2786111111111,1.2775492668151855,36.16262,73.668304,0.1821,2.2823393079969616
5KPH_6_2_9_combined_id5,2.5577569007873535,3.643291473388672,89.49125,0.69,6,2,89.2786111111111,1.2775492668151855,36.16262,73.668304,0.2043,2.4376593695746527
5KPH_6_2_9_combined_id7,0.9866055250167847,3.912411689758301,92.47333333333331,0.73,6,2,89.2786111111111,1.2775492668151855,36.16262,73.668304,0.2118,2.1650911966959634
5KPH_6_2_9_combined_id8,0.9286102652549744,5.906847953796387,91.215,0.73,6,2,89.2786111111111,1.2775492668151855,36.16262,73.668304,0.1917,2.28243531121148
5KPH_6_2_9_combined_id9,1.0026967525482178,3.8573567867279053,88.99625,0.7,6,2,89.2786111111111,1.2775492668151855,36.16262,73.668304,0.1862,2.0826627943250866
5KPH_6_4_0_combined_id1,0.6918823719024658,4.816443920135498,92.88513888888887,0.78,6,4,88.20069444444444,1.2128334045410156,36.54233,75.78509,0.2038,2.570021947224935
5KPH_6_4_0_combined_id10,0.991938591003418,5.273634433746338,90.59069444444444,0.76,6,4,88.20069444444444,1.2128334045410156,36.54233,75.78509,0.1853,2.1599597930908203
5KPH_6_4_0_combined_id11,0.9740356802940369,6.347038269042969,95.17958333333334,0.81,6,4,88.20069444444444,1.2128334045410156,36.54233,75.78509,0.1998,2.138824039035373
5KPH_6_4_0_combined_id12,0.7004730105400085,5.768054485321045,93.19458333333334,0.79,6,4,88.20069444444444,1.2128334045410156,36.54233,75.78509,0.1727,2.292833964029948
5KPH_6_4_0_combined_id13,0.42008018493652344,5.1815104484558105,95.10472222222222,0.82,6,4,88.20069444444444,1.2128334045410156,36.54233,75.78509,0.1671,2.6274310217963324
5KPH_6_4_0_combined_id14,0.7076221108436584,5.56268835067749,89.42069444444445,0.73,6,4,88.20069444444444,1.2128334045410156,36.54233,75.78509,0.1712,2.7134361267089844
5KPH_6_4_0_combined_id15,0.8998656868934631,4.804449081420898,91.84027777777776,0.78,6,4,88.20069444444444,1.2128334045410156,36.54233,75.78509,0.1859,2.3534242841932507
5KPH_6_4_0_combined_id16,0.6293540596961975,5.716328144073486,92.31166666666668,0.78,6,4,88.20069444444444,1.2128334045410156,36.54233,75.78509,0.1831,1.9188285403781469
5KPH_6_4_0_combined_id17,0.973286509513855,5.915074825286865,84.42361111111111,0.62,6,4,88.20069444444444,1.2128334045410156,36.54233,75.78509,0.2085,2.1198872460259333
5KPH_6_4_0_combined_id18,3.4563283920288086,4.367380619049072,91.32986111111111,0.75,6,4,88.20069444444444,1.2128334045410156,36.54233,75.78509,0.1916,2.130448871188693
5KPH_6_4_0_combined_id19,0.6385993361473083,5.811056137084961,92.24541666666669,0.78,6,4,88.20069444444444,1.2128334045410156,36.54233,75.78509,0.2072,2.319448471069336
5KPH_6_4_0_combined_id2,0.5819344520568848,5.998300552368164,88.72319444444445,0.72,6,4,88.20069444444444,1.2128334045410156,36.54233,75.78509,0.1792,2.0457471211751304
5KPH_6_4_0_combined_id20,0.887092113494873,5.754404067993164,94.2627777777778,0.81,6,4,88.20069444444444,1.2128334045410156,36.54233,75.78509,0.1838,2.093925052218967
5KPH_6_4_0_combined_id21,0.8871732950210571,4.099006652832031,93.58555555555556,0.79,6,4,88.20069444444444,1.2128334045410156,36.54233,75.78509,0.1886,2.0954259236653647
5KPH_6_4_0_combined_id22,0.7507513761520386,5.404385089874268,93.26333333333334,0.79,6,4,88.20069444444444,1.2128334045410156,36.54233,75.78509,0.1817,2.4560546875
5KPH_6_4_0_combined_id23,1.0887080430984497,5.2272868156433105,88.79847222222223,0.71,6,4,88.20069444444444,1.2128334045410156,36.54233,75.78509,0.1956,2.1905123392740884
5KPH_6_4_0_combined_id24,0.6751830577850342,5.812520503997803,95.27722222222224,0.82,6,4,88.20069444444444,1.2128334045410156,36.54233,75.78509,0.2016,2.276465733846029
5KPH_6_4_0_combined_id3,1.453011155128479,4.862936496734619,86.09027777777777,0.7,6,4,88.20069444444444,1.2128334045410156,36.54233,75.78509,0.2217,1.7919430202907989
5KPH_6_4_0_combined_id4,2.783160448074341,3.618394613265991,87.46124999999999,0.69,6,4,88.20069444444444,1.2128334045410156,36.54233,75.78509,0.1972,2.3124402364095054
5KPH_6_4_0_combined_id5,1.0098997354507446,4.510428428649902,84.99277777777777,0.69,6,4,88.20069444444444,1.2128334045410156,36.54233,75.78509,0.1728,2.3913777669270835
5KPH_6_4_0_combined_id6,0.7524958848953247,5.966613292694092,90.92222222222222,0.75,6,4,88.20069444444444,1.2128334045410156,36.54233,75.78509,0.2015,2.305045657687717
5KPH_6_4_0_combined_id7,0.9244130849838257,5.96856164932251,93.05555555555556,0.78,6,4,88.20069444444444,1.2128334045410156,36.54233,75.78509,0.1818,2.198573854234484
5KPH_6_4_0_combined_id8,0.72330641746521,6.010596752166748,89.14972222222222,0.7,6,4,88.20069444444444,1.2128334045410156,36.54233,75.78509,0.1636,2.1348821851942272
5KPH_6_4_0_combined_id9,1.3066022396087646,4.668038845062256,82.80916666666667,0.64,6,4,88.20069444444444,1.2128334045410156,36.54233,75.78509,0.2029,1.9675712585449217
5KPH_6_4_1_combined_id1,0.6648668646812439,5.840883731842041,92.0697222222222,0.77,6,4,88.1413888888889,2.072749614715576,37.31248,74.65957,0.1815,2.5681097242567272
5KPH_6_4_1_combined_id10,1.0299228429794312,3.410534381866455,92.25958333333334,0.78,6,4,88.1413888888889,2.072749614715576,37.31248,74.65957,0.1814,2.6022716098361545
5KPH_6_4_1_combined_id11,1.6935724020004272,4.0205793380737305,88.18180555555556,0.69,6,4,88.1413888888889,2.072749614715576,37.31248,74.65957,0.1767,2.5908599429660373
5KPH_6_4_1_combined_id12,0.9691000580787659,5.972840309143066,90.0311111111111,0.74,6,4,88.1413888888889,2.072749614715576,37.31248,74.65957,0.1833,3.103450139363607
5KPH_6_4_1_combined_id13,1.6659080982208252,3.5417158603668213,87.92486111111111,0.7,6,4,88.1413888888889,2.072749614715576,37.31248,74.65957,0.1784,2.383844587537977
5KPH_6_4_1_combined_id14,0.8705170154571533,5.636232852935791,91.82708333333332,0.77,6,4,88.1413888888889,2.072749614715576,37.31248,74.65957,0.1785,2.6510531107584634
5KPH_6_4_1_combined_id15,0.6286072134971619,5.150278091430664,89.00694444444444,0.67,6,4,88.1413888888889,2.072749614715576,37.31248,74.65957,0.1813,3.019230524698893
5KPH_6_4_1_combined_id16,0.6896865963935852,3.143744945526123,92.5997222222222,0.79,6,4,88.1413888888889,2.072749614715576,37.31248,74.65957,0.183,2.603927188449436
5KPH_6_4_1_combined_id17,1.2045161724090576,4.905143737792969,87.8273611111111,0.7,6,4,88.1413888888889,2.072749614715576,37.31248,74.65957,0.179,2.577106687757704
5KPH_6_4_1_combined_id18,0.6025448441505432,5.520085334777832,94.00069444444443,0.79,6,4,88.1413888888889,2.072749614715576,37.31248,74.65957,0.1927,2.1537467108832464
5KPH_6_4_1_combined_id19,1.0158721208572388,3.5456738471984863,92.26125,0.77,6,4,88.1413888888889,2.072749614715576,37.31248,74.65957,0.1975,2.152269575330946
5KPH_6_4_1_combined_id2,0.8256372213363647,5.676358699798584,92.7372222222222,0.77,6,4,88.1413888888889,2.072749614715576,37.31248,74.65957,0.1757,2.7464544508192272
5KPH_6_4_1_combined_id20,0.6727507710456848,4.867125511169434,89.66944444444444,0.74,6,4,88.1413888888889,2.072749614715576,37.31248,74.65957,0.167,2.474010043674045
5KPH_6_4_1_combined_id21,0.7689452767372131,4.362060546875,90.01097222222221,0.73,6,4,88.1413888888889,2.072749614715576,37.31248,74.65957,0.1854,2.676481670803494
5KPH_6_4_1_combined_id22,0.8421080112457275,6.099304676055908,94.52222222222224,0.81,6,4,88.1413888888889,2.072749614715576,37.31248,74.65957,0.1852,2.57323858473036
5KPH_6_4_1_combined_id23,1.1369670629501343,5.480636119842529,90.21694444444444,0.76,6,4,88.1413888888889,2.072749614715576,37.31248,74.65957,0.1936,2.65160772535536
5KPH_6_6_8_combined_id19,1.0897340774536133,5.747866153717041,82.1675,0.62,6,6,87.92944444444444,1.7895081043243408,37.280243,76.00269,0.1741,2.432290395100912
5KPH_6_6_8_combined_id2,2.2441396713256836,3.8741934299468994,88.1613888888889,0.67,6,6,87.92944444444444,1.7895081043243408,37.280243,76.00269,0.2022,2.374792946709527
5KPH_6_6_8_combined_id20,1.4181036949157715,4.836036682128906,93.28861111111112,0.77,6,6,87.92944444444444,1.7895081043243408,37.280243,76.00269,0.2056,2.1255594889322915
5KPH_6_6_8_combined_id21,1.160317301750183,4.647552490234375,91.17277777777775,0.74,6,6,87.92944444444444,1.7895081043243408,37.280243,76.00269,0.22,1.942076153225369
5KPH_6_6_8_combined_id22,0.9349365234375,5.59068489074707,94.43444444444444,0.79,6,6,87.92944444444444,1.7895081043243408,37.280243,76.00269,0.1799,2.3294345008002386
5KPH_6_6_8_combined_id24,0.9756926894187927,4.986512184143066,90.16041666666666,0.73,6,6,87.92944444444444,1.7895081043243408,37.280243,76.00269,0.1921,2.3137514326307507
5KPH_6_6_8_combined_id3,1.3116775751113892,4.768392562866211,90.89597222222224,0.74,6,6,87.92944444444444,1.7895081043243408,37.280243,76.00269,0.1658,2.425720638699002
5KPH_6_6_8_combined_id4,1.781668782234192,3.567545175552368,89.71236111111112,0.72,6,6,87.92944444444444,1.7895081043243408,37.280243,76.00269,0.1877,2.107071134779188
5KPH_6_6_8_combined_id6,0.7457725405693054,4.1037726402282715,92.52277777777778,0.77,6,6,87.92944444444444,1.7895081043243408,37.280243,76.00269,0.1688,2.415786955091688
5KPH_6_6_8_combined_id7,2.9258804321289062,2.968240261077881,87.19625,0.67,6,6,87.92944444444444,1.7895081043243408,37.280243,76.00269,0.1589,2.388306087917752
5KPH_6_6_8_combined_id8,1.4155393838882446,4.145818710327148,86.86388888888888,0.68,6,6,87.92944444444444,1.7895081043243408,37.280243,76.00269,0.1881,2.250769509209527
5KPH_6_6_8_combined_id9,1.1893972158432007,5.02376651763916,89.37875000000001,0.68,6,6,87.92944444444444,1.7895081043243408,37.280243,76.00269,0.1849,2.2434043884277344
5KPH_8_6_4_combined_id1,0.9971029758453369,7.059614658355713,94.29027777777776,0.8,8,6,88.76944444444445,1.620134949684143,41.447235,90.385635,0.1782,2.498071882459852
5KPH_8_6_4_combined_id10,1.7051671743392944,6.521515846252441,84.78680555555555,0.68,8,6,88.76944444444445,1.620134949684143,41.447235,90.385635,0.2035,1.980796813964844
5KPH_8_6_4_combined_id11,0.8190105557441711,7.379833221435547,85.74208333333334,0.67,8,6,88.76944444444445,1.620134949684143,41.447235,90.385635,0.1636,2.756449169582791
5KPH_8_6_4_combined_id12,1.6867340803146362,6.108700752258301,82.80208333333333,0.64,8,6,88.76944444444445,1.620134949684143,41.447235,90.385635,0.1755,2.230394151475694
5KPH_8_6_4_combined_id13,0.5489914417266846,6.256850719451904,88.77680555555555,0.72,8,6,88.76944444444445,1.620134949684143,41.447235,90.385635,0.1556,2.4745246039496527
5KPH_8_6_4_combined_id14,1.6798924207687378,7.311472415924072,79.28986111111111,0.6,8,6,88.76944444444445,1.620134949684143,41.447235,90.385635,0.1935,1.890607833862305
5KPH_8_6_4_combined_id15,0.7667849063873291,7.470081329345703,86.02180555555555,0.68,8,6,88.76944444444445,1.620134949684143,41.447235,90.385635,0.1535,2.8367720709906683
5KPH_8_6_4_combined_id16,0.7264520525932312,8.098542213439941,90.57138888888888,0.75,8,6,88.76944444444445,1.620134949684143,41.447235,90.385635,0.1842,2.389878167046441
5KPH_8_6_4_combined_id17,0.6739178895950317,7.8040642738342285,92.43666666666668,0.76,8,6,88.76944444444445,1.620134949684143,41.447235,90.385635,0.1976,2.079014672173394
5KPH_8_6_4_combined_id18,0.6524046659469604,7.938632488250732,86.91833333333332,0.71,8,6,88.76944444444445,1.620134949684143,41.447235,90.385635,0.1717,2.210058636135525
