name,rmsd_start,rmsd_end,plddt,ptm,rmsd_constraint,langevin,single_state_plddt,single_state_rmsd,curvature_mean,curvature_max,U,-PLL
5KPE_2_2_0_id0,1.0196338891983032,1.3976458311080933,90.96518518518518,0.77,2,2,92.71379629629628,0.5859853625297546,20.796156,71.92844,-225.3386383056641,1.8820083053023728
5KPE_2_2_0_id1,1.1972405910491943,1.0808935165405273,90.92092592592591,0.77,2,2,92.71379629629628,0.5859853625297546,20.796156,71.92844,-221.3847503662109,1.9892147205494068
5KPE_2_2_0_id10,1.1725558042526245,1.20591139793396,89.28907407407407,0.74,2,2,92.71379629629628,0.5859853625297546,20.796156,71.92844,-227.4173889160156,1.932077478479456
5KPE_2_2_0_id11,1.3330035209655762,1.0370808839797974,88.28277777777778,0.71,2,2,92.71379629629628,0.5859853625297546,20.796156,71.92844,-226.12030029296875,1.9837317290129488
5KPE_2_2_0_id12,1.187056541442871,1.1347745656967163,91.56583333333334,0.78,2,2,92.71379629629628,0.5859853625297546,20.796156,71.92844,-227.40554809570312,1.943757798936632
5KPE_2_2_0_id13,1.5953795909881592,0.926749050617218,92.665,0.83,2,2,92.71379629629628,0.5859853625297546,20.796156,71.92844,-222.521484375,1.9780556007667824
5KPE_2_2_0_id14,1.2398298978805542,1.0343513488769531,91.10472222222222,0.78,2,2,92.71379629629628,0.5859853625297546,20.796156,71.92844,-225.547607421875,2.035844873498988
5KPE_2_2_0_id15,1.1096471548080444,1.0785292387008667,90.7524074074074,0.78,2,2,92.71379629629628,0.5859853625297546,20.796156,71.92844,-226.2094268798828,1.9130176968044703
5KPE_2_2_0_id16,1.0800081491470337,1.100785493850708,91.11824074074076,0.77,2,2,92.71379629629628,0.5859853625297546,20.796156,71.92844,-226.7469940185547,1.8975115175600408
5KPE_2_2_0_id17,1.0958142280578613,1.2666406631469727,89.24851851851852,0.77,2,2,92.71379629629628,0.5859853625297546,20.796156,71.92844,-225.36614990234372,2.0065395213939525
5KPE_2_2_0_id18,1.168683409690857,1.083463191986084,93.1398148148148,0.81,2,2,92.71379629629628,0.5859853625297546,20.796156,71.92844,-223.83648681640625,1.8668198762116608
5KPE_2_2_0_id19,1.0235646963119507,1.5592706203460693,92.6425,0.82,2,2,92.71379629629628,0.5859853625297546,20.796156,71.92844,-226.25344848632807,2.002762688530816
5KPE_2_2_0_id2,1.339786171913147,0.9096718430519104,91.12333333333336,0.77,2,2,92.71379629629628,0.5859853625297546,20.796156,71.92844,-227.1948089599609,1.9495824178059893
5KPE_2_2_0_id20,1.5374696254730225,1.1295781135559082,93.9450925925926,0.84,2,2,92.71379629629628,0.5859853625297546,20.796156,71.92844,-224.17327880859372,1.9946589999728728
5KPE_2_2_0_id21,1.0893970727920532,1.1601355075836182,91.33268518518518,0.8,2,2,92.71379629629628,0.5859853625297546,20.796156,71.92844,-223.80621337890625,1.938741613317419
5KPE_2_2_0_id22,1.1432104110717773,1.221935749053955,92.1297222222222,0.82,2,2,92.71379629629628,0.5859853625297546,20.796156,71.92844,-224.2969207763672,2.012489318847656
5KPE_2_2_0_id23,1.3113656044006348,1.0483390092849731,89.55925925925925,0.76,2,2,92.71379629629628,0.5859853625297546,20.796156,71.92844,-226.4570770263672,1.885421187789352
5KPE_2_2_0_id3,1.1206493377685547,1.0618515014648438,89.71194444444446,0.75,2,2,92.71379629629628,0.5859853625297546,20.796156,71.92844,-225.67083740234372,1.935461256239149
5KPE_2_2_0_id4,1.463517427444458,0.870211124420166,91.67722222222224,0.79,2,2,92.71379629629628,0.5859853625297546,20.796156,71.92844,-222.973388671875,1.925800888626664
5KPE_2_2_0_id5,1.1742143630981445,1.0566060543060303,88.88777777777779,0.76,2,2,92.71379629629628,0.5859853625297546,20.796156,71.92844,-225.35369873046875,1.959454854329427
5KPE_2_2_0_id6,1.2003843784332275,1.181214451789856,89.38287037037037,0.75,2,2,92.71379629629628,0.5859853625297546,20.796156,71.92844,-225.4302215576172,1.9543434425636568
5KPE_2_2_0_id7,1.3345093727111816,0.9971162676811218,91.82638888888889,0.82,2,2,92.71379629629628,0.5859853625297546,20.796156,71.92844,-226.4895782470703,1.970818978768808
5KPE_2_2_0_id8,1.0082818269729614,1.321122646331787,89.35749999999999,0.76,2,2,92.71379629629628,0.5859853625297546,20.796156,71.92844,-221.47418212890625,1.996789720323351
5KPE_2_2_0_id9,1.3197605609893799,1.1332101821899414,91.2938888888889,0.78,2,2,92.71379629629628,0.5859853625297546,20.796156,71.92844,-222.1195373535156,1.97026937979239
5KPE_2_2_1_id0,1.0331742763519287,0.9894676804542542,90.68814814814814,0.78,2,2,92.57675925925923,0.5640325546264648,20.498295,71.06506,-224.53244018554688,1.956901832863137
5KPE_2_2_1_id1,1.191292643547058,1.0369796752929688,91.67777777777776,0.79,2,2,92.57675925925923,0.5640325546264648,20.498295,71.06506,-226.65049743652344,1.9183947245279949
5KPE_2_2_1_id10,1.0125666856765747,1.1857861280441284,88.42675925925924,0.72,2,2,92.57675925925923,0.5640325546264648,20.498295,71.06506,-229.6983184814453,1.9791367142288767
5KPE_2_2_1_id11,1.1997621059417725,1.2382724285125732,90.50166666666668,0.78,2,2,92.57675925925923,0.5640325546264648,20.498295,71.06506,-229.0299530029297,1.8867239775481048
5KPE_2_2_1_id12,1.199060320854187,1.0286232233047485,88.73898148148147,0.77,2,2,92.57675925925923,0.5640325546264648,20.498295,71.06506,-228.1125030517578,1.929547910337095
5KPE_2_2_1_id13,0.9822375774383545,1.1456727981567383,91.38861111111112,0.79,2,2,92.57675925925923,0.5640325546264648,20.498295,71.06506,-230.0216064453125,1.9366928383156103
5KPE_2_2_1_id14,1.2992726564407349,1.1038341522216797,88.96944444444443,0.75,2,2,92.57675925925923,0.5640325546264648,20.498295,71.06506,-228.38372802734372,2.046718032271773
5KPE_2_2_1_id15,1.2413177490234375,1.4541645050048828,90.03648148148147,0.76,2,2,92.57675925925923,0.5640325546264648,20.498295,71.06506,-228.0400848388672,1.950690375434028
5KPE_2_2_1_id16,1.1845277547836304,1.1130188703536987,91.8221296296296,0.79,2,2,92.57675925925923,0.5640325546264648,20.498295,71.06506,-229.97711181640625,1.968260023328993
5KPE_2_2_1_id17,1.068820834159851,1.2289812564849854,89.04712962962965,0.73,2,2,92.57675925925923,0.5640325546264648,20.498295,71.06506,-228.1333923339844,1.9534900806568287
5KPE_2_2_1_id18,1.129563331604004,1.2389315366744995,90.0912962962963,0.74,2,2,92.57675925925923,0.5640325546264648,20.498295,71.06506,-227.08078002929688,1.9777054963288483
5KPE_2_2_1_id19,1.2556673288345337,1.303295373916626,92.14157407407409,0.81,2,2,92.57675925925923,0.5640325546264648,20.498295,71.06506,-226.70558166503903,1.8883082071940105
5KPE_2_2_1_id2,1.1937955617904663,1.2051656246185303,91.01157407407408,0.76,2,2,92.57675925925923,0.5640325546264648,20.498295,71.06506,-227.22396850585935,1.8788180881076388
5KPE_2_2_1_id20,1.142704725265503,0.9898509979248047,89.16175925925927,0.75,2,2,92.57675925925923,0.5640325546264648,20.498295,71.06506,-226.016357421875,1.8548640498408564
5KPE_2_2_1_id21,1.141662359237671,1.1225546598434448,87.7859259259259,0.75,2,2,92.57675925925923,0.5640325546264648,20.498295,71.06506,-228.52590942382807,1.933497534857856
5KPE_2_2_1_id22,1.2535814046859741,0.9997237920761108,89.90324074074073,0.75,2,2,92.57675925925923,0.5640325546264648,20.498295,71.06506,-224.21707153320312,1.8114112571433736
5KPE_2_2_1_id23,1.2040976285934448,1.0594046115875244,90.05388888888889,0.77,2,2,92.57675925925923,0.5640325546264648,20.498295,71.06506,-227.915283203125,1.897131460684317
5KPE_2_2_1_id3,1.5188655853271484,1.0568894147872925,92.77666666666666,0.82,2,2,92.57675925925923,0.5640325546264648,20.498295,71.06506,-226.18551635742188,1.823523344816985
5KPE_2_2_1_id4,1.192957878112793,1.261480689048767,90.47583333333334,0.77,2,2,92.57675925925923,0.5640325546264648,20.498295,71.06506,-229.05123901367188,1.920643135353371
5KPE_2_2_1_id5,1.2052948474884033,0.9889914393424988,89.47500000000001,0.75,2,2,92.57675925925923,0.5640325546264648,20.498295,71.06506,-224.60069274902344,1.924795645254629
5KPE_2_2_1_id6,1.145952820777893,0.9826247692108154,89.12972222222221,0.75,2,2,92.57675925925923,0.5640325546264648,20.498295,71.06506,-229.03366088867188,1.975937030933521
5KPE_2_2_1_id7,1.1087548732757568,1.1763341426849365,90.0363888888889,0.77,2,2,92.57675925925923,0.5640325546264648,20.498295,71.06506,-227.1461181640625,1.9089058770073783
5KPE_2_2_1_id8,1.2454185485839844,1.3538025617599487,90.985,0.78,2,2,92.57675925925923,0.5640325546264648,20.498295,71.06506,-228.13784790039065,1.8991430777090568
5KPE_2_2_1_id9,1.1498291492462158,1.0303536653518677,89.12555555555556,0.75,2,2,92.57675925925923,0.5640325546264648,20.498295,71.06506,-227.6363525390625,1.864404183846933
5KPE_2_2_2_id0,1.0821260213851929,1.2957172393798828,88.22898148148148,0.72,2,2,92.89212962962964,0.7510219216346741,20.760426,71.897865,-229.9203186035156,1.953890906439887
5KPE_2_2_2_id1,1.1757307052612305,1.3241162300109863,88.8612962962963,0.72,2,2,92.89212962962964,0.7510219216346741,20.760426,71.897865,-230.71722412109372,1.9991288361725983
5KPE_2_2_2_id10,1.1533116102218628,1.1469827890396118,91.0586111111111,0.8,2,2,92.89212962962964,0.7510219216346741,20.760426,71.897865,-229.93603515625,1.9801194932725688
5KPE_2_2_2_id11,1.1179156303405762,1.122825264930725,90.5373148148148,0.76,2,2,92.89212962962964,0.7510219216346741,20.760426,71.897865,-231.190185546875,1.954339486581308
5KPE_2_2_2_id12,1.0014148950576782,1.2719051837921143,88.13277777777778,0.74,2,2,92.89212962962964,0.7510219216346741,20.760426,71.897865,-229.8379821777344,1.8613902904369213
5KPE_2_2_2_id13,1.156365156173706,1.5320301055908203,88.41712962962964,0.71,2,2,92.89212962962964,0.7510219216346741,20.760426,71.897865,-231.00656127929688,1.95751628169307
5KPE_2_2_2_id14,1.1550902128219604,1.4544225931167603,88.56231481481481,0.72,2,2,92.89212962962964,0.7510219216346741,20.760426,71.897865,-233.0816650390625,1.937104966905382
5KPE_2_2_2_id15,1.2214683294296265,1.2358919382095337,89.59907407407407,0.75,2,2,92.89212962962964,0.7510219216346741,20.760426,71.897865,-231.09930419921875,1.926322371871383
5KPE_2_2_2_id16,0.930887758731842,1.5934454202651978,90.47092592592595,0.77,2,2,92.89212962962964,0.7510219216346741,20.760426,71.897865,-228.3939666748047,1.968988489221644
5KPE_2_2_2_id17,1.0441175699234009,1.4261763095855713,88.86925925925927,0.72,2,2,92.89212962962964,0.7510219216346741,20.760426,71.897865,-229.81748962402344,2.026620935510706
5KPE_2_2_2_id18,1.116735816001892,1.2458281517028809,89.74787037037036,0.74,2,2,92.89212962962964,0.7510219216346741,20.760426,71.897865,-230.1028289794922,1.9010060628255208
5KPE_2_2_2_id19,1.3449981212615967,1.269300103187561,90.98935185185184,0.79,2,2,92.89212962962964,0.7510219216346741,20.760426,71.897865,-225.7751922607422,1.936670939127604
5KPE_2_2_2_id2,1.179667353630066,1.1552335023880005,89.17407407407408,0.77,2,2,92.89212962962964,0.7510219216346741,20.760426,71.897865,-224.70004272460935,1.9437371713143807
5KPE_2_2_2_id20,1.4312318563461304,1.0335354804992676,91.04203703703703,0.81,2,2,92.89212962962964,0.7510219216346741,20.760426,71.897865,-228.49734497070312,1.9472962838632089
5KPE_2_2_2_id21,1.1989059448242188,1.3448615074157715,87.1901851851852,0.7,2,2,92.89212962962964,0.7510219216346741,20.760426,71.897865,-224.3206787109375,1.916115372269242
5KPE_2_2_2_id22,1.2560862302780151,1.3400378227233887,87.45342592592596,0.72,2,2,92.89212962962964,0.7510219216346741,20.760426,71.897865,-230.2220458984375,2.0258712768554688
5KPE_2_2_2_id23,1.0924525260925293,1.3579871654510498,88.26703703703704,0.71,2,2,92.89212962962964,0.7510219216346741,20.760426,71.897865,-230.6713104248047,1.898996141221788
5KPE_2_2_2_id3,1.1391112804412842,1.2692073583602905,88.31398148148148,0.7,2,2,92.89212962962964,0.7510219216346741,20.760426,71.897865,-229.0375061035156,2.00835927327474
5KPE_2_2_2_id4,1.1953116655349731,1.4487212896347046,88.58027777777778,0.71,2,2,92.89212962962964,0.7510219216346741,20.760426,71.897865,-231.44456481933597,1.90774084020544
5KPE_2_2_2_id5,1.1301283836364746,1.0546602010726929,91.6778703703704,0.78,2,2,92.89212962962964,0.7510219216346741,20.760426,71.897865,-229.9622344970703,1.9685609605577257
5KPE_2_2_2_id6,1.109169363975525,1.3763610124588013,88.82583333333335,0.73,2,2,92.89212962962964,0.7510219216346741,20.760426,71.897865,-231.45948791503903,1.9331170541268807
5KPE_2_2_2_id7,1.0674922466278076,1.3890184164047241,88.33601851851851,0.71,2,2,92.89212962962964,0.7510219216346741,20.760426,71.897865,-229.1429748535156,1.9497385378237124
5KPE_2_2_2_id8,1.2227107286453247,0.9591054320335388,91.67407407407408,0.79,2,2,92.89212962962964,0.7510219216346741,20.760426,71.897865,-231.4450225830078,1.9291760479962383
5KPE_2_2_2_id9,1.4501110315322876,1.0812468528747559,93.80351851851852,0.84,2,2,92.89212962962964,0.7510219216346741,20.760426,71.897865,-229.66485595703125,1.86684982864945
5KPE_2_2_3_id0,1.2221382856369019,0.8780807852745056,91.80759259259258,0.8,2,2,93.17296296296298,0.5701616406440735,21.133627,71.355736,-226.1156005859375,1.9314729196053964
5KPE_2_2_3_id1,1.3877291679382324,0.8690444827079773,91.9377777777778,0.82,2,2,93.17296296296298,0.5701616406440735,21.133627,71.355736,-230.30172729492188,1.7599156697591145
5KPE_2_2_3_id10,1.1704332828521729,0.9804725050926208,90.97342592592594,0.79,2,2,93.17296296296298,0.5701616406440735,21.133627,71.355736,-230.6357269287109,1.852006276448568
5KPE_2_2_3_id11,1.4730932712554932,0.8739660978317261,93.85222222222222,0.83,2,2,93.17296296296298,0.5701616406440735,21.133627,71.355736,-230.8658142089844,1.885819611725984
5KPE_2_2_3_id12,1.081795334815979,1.3061784505844116,89.67259259259257,0.75,2,2,93.17296296296298,0.5701616406440735,21.133627,71.355736,-225.72726440429688,1.7149347375940394
5KPE_2_2_3_id13,1.3358235359191895,0.8451237082481384,89.61916666666667,0.76,2,2,93.17296296296298,0.5701616406440735,21.133627,71.355736,-229.74789428710935,1.836981314199942
5KPE_2_2_3_id14,1.0491007566452026,1.0542629957199097,93.8172222222222,0.82,2,2,93.17296296296298,0.5701616406440735,21.133627,71.355736,-229.298095703125,1.84944972285518
5KPE_2_2_3_id15,1.5024842023849487,0.8405779004096985,92.48453703703706,0.83,2,2,93.17296296296298,0.5701616406440735,21.133627,71.355736,-230.09474182128903,1.8630769517686632
5KPE_2_2_3_id16,1.503639578819275,0.8559024930000305,91.68796296296296,0.81,2,2,93.17296296296298,0.5701616406440735,21.133627,71.355736,-232.97886657714844,1.7350787410029658
5KPE_2_2_3_id17,1.160815715789795,0.9705039262771606,90.55768518518518,0.79,2,2,93.17296296296298,0.5701616406440735,21.133627,71.355736,-233.4996490478516,1.9703872115523728
5KPE_2_2_3_id18,1.0323058366775513,1.3755728006362915,91.9387037037037,0.78,2,2,93.17296296296298,0.5701616406440735,21.133627,71.355736,-233.49929809570312,1.812689322012442
5KPE_2_2_3_id19,1.5923218727111816,0.763641893863678,95.22666666666665,0.86,2,2,93.17296296296298,0.5701616406440735,21.133627,71.355736,-226.6915283203125,1.91938230726454
5KPE_2_2_3_id2,1.0883442163467407,0.9678485989570618,92.66212962962965,0.81,2,2,93.17296296296298,0.5701616406440735,21.133627,71.355736,-230.877685546875,1.9515821668836808
5KPE_2_2_3_id20,1.6655226945877075,0.6786196231842041,93.09194444444444,0.83,2,2,93.17296296296298,0.5701616406440735,21.133627,71.355736,-225.24270629882807,1.8082841943811487
5KPE_2_2_3_id21,1.2317917346954346,0.8175718784332275,92.78120370370372,0.81,2,2,93.17296296296298,0.5701616406440735,21.133627,71.355736,-231.32763671875,1.8452262878417969
5KPE_2_2_3_id22,1.2192753553390503,0.9889481663703918,89.7361111111111,0.79,2,2,93.17296296296298,0.5701616406440735,21.133627,71.355736,-232.8491058349609,1.8751888981571905
5KPE_2_2_3_id23,1.3413763046264648,0.9229219555854797,91.56935185185183,0.8,2,2,93.17296296296298,0.5701616406440735,21.133627,71.355736,-231.67556762695312,1.8404645566587088
5KPE_2_2_3_id3,1.3010773658752441,1.325138807296753,89.82046296296296,0.76,2,2,93.17296296296298,0.5701616406440735,21.133627,71.355736,-228.53533935546875,1.776297533953631
5KPE_2_2_3_id4,1.1465017795562744,1.3483425378799438,90.5747222222222,0.79,2,2,93.17296296296298,0.5701616406440735,21.133627,71.355736,-228.8809509277344,1.8569067495840568
5KPE_2_2_3_id5,1.3168911933898926,0.9058474898338318,91.64712962962962,0.79,2,2,93.17296296296298,0.5701616406440735,21.133627,71.355736,-231.70541381835935,1.7974137200249567
5KPE_2_2_3_id6,1.1117289066314697,1.2246589660644531,89.01750000000001,0.72,2,2,93.17296296296298,0.5701616406440735,21.133627,71.355736,-231.7924652099609,1.81345706515842
5KPE_2_2_3_id7,1.4804704189300537,0.7304497957229614,91.53453703703704,0.79,2,2,93.17296296296298,0.5701616406440735,21.133627,71.355736,-231.5299072265625,1.7243088616265192
5KPE_2_2_3_id8,1.2377972602844238,1.0576722621917725,90.51990740740742,0.77,2,2,93.17296296296298,0.5701616406440735,21.133627,71.355736,-230.85610961914065,1.7446140713161893
5KPE_2_2_3_id9,1.2338972091674805,1.0773353576660156,90.8275,0.8,2,2,93.17296296296298,0.5701616406440735,21.133627,71.355736,-230.73204040527344,1.8203892178005645
5KPE_2_2_5_id0,1.453842282295227,1.060422658920288,91.69101851851852,0.8,2,2,94.38935185185184,0.7625590562820435,20.67701,68.1722,-223.03985595703125,1.9106369018554688
5KPE_2_2_5_id1,1.1457831859588623,1.045533537864685,88.3737962962963,0.72,2,2,94.38935185185184,0.7625590562820435,20.67701,68.1722,-224.4976806640625,1.9608935603389035
5KPE_2_2_5_id10,1.0813286304473877,1.3047343492507935,90.06203703703704,0.77,2,2,94.38935185185184,0.7625590562820435,20.67701,68.1722,-225.6663055419922,1.9690370912905093
5KPE_2_2_5_id11,1.6688284873962402,1.0174047946929932,93.19194444444445,0.82,2,2,94.38935185185184,0.7625590562820435,20.67701,68.1722,-221.15499877929688,1.915103064643012
5KPE_2_2_5_id12,1.4367027282714844,1.2498433589935303,90.89064814814816,0.79,2,2,94.38935185185184,0.7625590562820435,20.67701,68.1722,-223.59356689453125,2.007103248878761
5KPE_2_2_5_id13,1.1120498180389404,1.5371171236038208,92.3737962962963,0.8,2,2,94.38935185185184,0.7625590562820435,20.67701,68.1722,-223.3632659912109,1.9667802033600983
5KPE_2_2_5_id14,1.212205410003662,1.1406868696212769,92.7051851851852,0.81,2,2,94.38935185185184,0.7625590562820435,20.67701,68.1722,-225.5998992919922,1.8929992958351416
5KPE_2_2_5_id15,1.3996944427490234,1.1716387271881104,89.59583333333333,0.78,2,2,94.38935185185184,0.7625590562820435,20.67701,68.1722,-224.87681579589844,2.0012794777199074
5KPE_2_2_5_id16,1.1260329484939575,1.1385966539382935,93.37435185185186,0.82,2,2,94.38935185185184,0.7625590562820435,20.67701,68.1722,-225.63304138183597,1.986942149974681
5KPE_2_2_5_id17,1.0231670141220093,1.6393029689788818,89.85861111111109,0.74,2,2,94.38935185185184,0.7625590562820435,20.67701,68.1722,-225.87765502929688,1.999436272515191
5KPE_2_2_5_id18,1.060123324394226,1.558154582977295,90.82490740740742,0.79,2,2,94.38935185185184,0.7625590562820435,20.67701,68.1722,-223.8742218017578,2.049546559651693
5KPE_2_2_5_id19,1.0095750093460083,1.476802945137024,90.40361111111112,0.77,2,2,94.38935185185184,0.7625590562820435,20.67701,68.1722,-225.7852935791016,1.9572605556911893
5KPE_2_2_5_id2,0.9788217544555664,1.364270567893982,88.48296296296294,0.73,2,2,94.38935185185184,0.7625590562820435,20.67701,68.1722,-225.7353057861328,1.9879902027271408
5KPE_2_2_5_id20,1.0407963991165161,1.5055584907531738,89.52907407407407,0.75,2,2,94.38935185185184,0.7625590562820435,20.67701,68.1722,-225.518310546875,2.0362059981734664
5KPE_2_2_5_id21,1.057570219039917,1.795059084892273,89.65962962962963,0.75,2,2,94.38935185185184,0.7625590562820435,20.67701,68.1722,-221.7522125244141,2.050029472068504
5KPE_2_2_5_id22,1.0800997018814087,1.447787880897522,90.68138888888886,0.77,2,2,94.38935185185184,0.7625590562820435,20.67701,68.1722,-224.41864013671875,2.008676599573206
5KPE_2_2_5_id23,1.1926560401916504,1.2286421060562134,89.21277777777777,0.75,2,2,94.38935185185184,0.7625590562820435,20.67701,68.1722,-225.3221740722656,1.961234622531467
5KPE_2_2_5_id3,1.2810580730438232,1.1245341300964355,91.52777777777776,0.79,2,2,94.38935185185184,0.7625590562820435,20.67701,68.1722,-224.9222717285156,2.008953235767506
5KPE_2_2_5_id4,1.2184772491455078,0.9708741903305054,94.47703703703702,0.86,2,2,94.38935185185184,0.7625590562820435,20.67701,68.1722,-222.1335906982422,1.9126637776692708
5KPE_2_2_5_id5,1.47034752368927,1.091886043548584,91.00981481481485,0.77,2,2,94.38935185185184,0.7625590562820435,20.67701,68.1722,-225.02163696289065,1.9800070303457755
5KPE_2_2_5_id6,1.1159111261367798,1.6857354640960693,89.65740740740742,0.74,2,2,94.38935185185184,0.7625590562820435,20.67701,68.1722,-223.07730102539065,1.9826826872649017
5KPE_2_2_5_id7,1.4590799808502197,1.1691198348999023,90.34425925925926,0.8,2,2,94.38935185185184,0.7625590562820435,20.67701,68.1722,-222.7871856689453,1.8847308688693576
5KPE_2_2_5_id8,1.3193352222442627,1.374249815940857,94.0375925925926,0.84,2,2,94.38935185185184,0.7625590562820435,20.67701,68.1722,-221.44915771484372,1.9757156372070312
5KPE_2_2_5_id9,1.002161979675293,1.6387625932693481,90.5975925925926,0.75,2,2,94.38935185185184,0.7625590562820435,20.67701,68.1722,-224.5804748535156,1.938386705186632
5KPE_2_2_6_id0,0.9766774773597717,1.4549206495285034,91.47250000000004,0.78,2,2,94.9039814814815,0.5478578805923462,20.985851,70.200714,-229.7971954345703,1.898766976815683
5KPE_2_2_6_id1,1.041492223739624,1.2923129796981812,90.3724074074074,0.76,2,2,94.9039814814815,0.5478578805923462,20.985851,70.200714,-230.8115692138672,1.8883285522460933
5KPE_2_2_6_id10,1.0210591554641724,1.512723684310913,89.95296296296294,0.77,2,2,94.9039814814815,0.5478578805923462,20.985851,70.200714,-233.71859741210935,1.994279932092737
5KPE_2_2_6_id11,1.0827796459197998,1.1790953874588013,89.03888888888889,0.74,2,2,94.9039814814815,0.5478578805923462,20.985851,70.200714,-233.8744964599609,1.9161927964952257
5KPE_2_2_6_id12,0.9899900555610657,1.141502857208252,88.20509259259259,0.74,2,2,94.9039814814815,0.5478578805923462,20.985851,70.200714,-233.7982940673828,1.9180228621871385
5KPE_2_2_6_id13,1.0229697227478027,1.2615970373153687,89.93388888888889,0.76,2,2,94.9039814814815,0.5478578805923462,20.985851,70.200714,-233.9342193603516,1.8497495298032407
5KPE_2_2_6_id14,1.0847276449203491,1.136196494102478,89.36731481481483,0.75,2,2,94.9039814814815,0.5478578805923462,20.985851,70.200714,-231.42941284179688,1.8750832169144245
5KPE_2_2_6_id15,1.0135440826416016,1.250267744064331,91.80268518518515,0.79,2,2,94.9039814814815,0.5478578805923462,20.985851,70.200714,-232.7381896972656,1.9629670602303964
5KPE_2_2_6_id16,0.9408572912216187,1.4184621572494507,89.92092592592591,0.76,2,2,94.9039814814815,0.5478578805923462,20.985851,70.200714,-231.6826629638672,2.013782501220703
5KPE_2_2_6_id17,1.0662492513656616,1.1718670129776,90.84111111111112,0.77,2,2,94.9039814814815,0.5478578805923462,20.985851,70.200714,-233.41476440429688,1.892248930754485
5KPE_2_2_6_id18,1.0674923658370972,1.3977477550506592,89.62657407407407,0.74,2,2,94.9039814814815,0.5478578805923462,20.985851,70.200714,-233.5045166015625,1.9181970666956016
5KPE_2_2_6_id19,1.139855980873108,1.1080528497695923,88.81074074074071,0.72,2,2,94.9039814814815,0.5478578805923462,20.985851,70.200714,-232.4848480224609,1.965757016782408
5KPE_2_2_6_id2,0.9735350608825684,1.5961779356002808,89.25175925925925,0.75,2,2,94.9039814814815,0.5478578805923462,20.985851,70.200714,-233.27603149414065,1.9182889020001448
5KPE_2_2_6_id20,1.0957313776016235,1.3470690250396729,90.82351851851853,0.77,2,2,94.9039814814815,0.5478578805923462,20.985851,70.200714,-228.84739685058597,1.842997939498336
5KPE_2_2_6_id21,1.1750268936157227,1.0847607851028442,89.66351851851853,0.77,2,2,94.9039814814815,0.5478578805923462,20.985851,70.200714,-235.0050811767578,1.8688703466344765
5KPE_2_2_6_id22,1.0516811609268188,1.0982826948165894,90.83907407407406,0.79,2,2,94.9039814814815,0.5478578805923462,20.985851,70.200714,-231.68003845214844,1.987066763418692
5KPE_2_2_6_id23,1.1003206968307495,1.1278072595596313,89.88749999999999,0.76,2,2,94.9039814814815,0.5478578805923462,20.985851,70.200714,-234.199462890625,1.854191108986184
5KPE_2_2_6_id3,1.16704261302948,1.0704138278961182,87.62259259259257,0.7,2,2,94.9039814814815,0.5478578805923462,20.985851,70.200714,-229.5971527099609,1.8677040382667824
5KPE_2_2_6_id4,1.037481665611267,1.2430920600891113,90.00861111111111,0.78,2,2,94.9039814814815,0.5478578805923462,20.985851,70.200714,-231.03656005859372,1.8975872463650167
5KPE_2_2_6_id5,1.0275859832763672,1.3786991834640503,91.1461111111111,0.77,2,2,94.9039814814815,0.5478578805923462,20.985851,70.200714,-229.53746032714844,1.9376248960141784
5KPE_2_2_6_id6,0.9442455172538757,1.5006184577941895,92.39768518518515,0.79,2,2,94.9039814814815,0.5478578805923462,20.985851,70.200714,-233.5712890625,1.8878637243200231
5KPE_2_2_6_id7,1.194267749786377,1.1865719556808472,90.27055555555556,0.76,2,2,94.9039814814815,0.5478578805923462,20.985851,70.200714,-232.5185546875,1.960797627766927
5KPE_2_2_6_id8,1.0459554195404053,1.292864203453064,91.5861111111111,0.8,2,2,94.9039814814815,0.5478578805923462,20.985851,70.200714,-233.10760498046875,1.96567549528899
5KPE_2_2_6_id9,1.0482299327850342,1.2151225805282593,88.3552777777778,0.72,2,2,94.9039814814815,0.5478578805923462,20.985851,70.200714,-230.5287170410156,1.8878330654568145
5KPE_2_2_7_id0,0.9930998086929321,1.4223170280456543,90.74953703703704,0.78,2,2,89.6999074074074,0.6385607123374939,21.243507,71.84392,-226.78054809570312,1.988986262568721
5KPE_2_2_7_id1,1.171839714050293,0.9083126783370972,91.91675925925928,0.81,2,2,89.6999074074074,0.6385607123374939,21.243507,71.84392,-226.9189453125,1.9226212678132235
5KPE_2_2_7_id10,1.032089352607727,1.6685389280319214,93.57500000000002,0.83,2,2,89.6999074074074,0.6385607123374939,21.243507,71.84392,-226.7597503662109,2.033679820873119
5KPE_2_2_7_id11,1.1115100383758545,1.29375159740448,91.42722222222224,0.78,2,2,89.6999074074074,0.6385607123374939,21.243507,71.84392,-226.6419677734375,2.0302003931116173
5KPE_2_2_7_id12,1.4790467023849487,0.911490261554718,93.40981481481482,0.83,2,2,89.6999074074074,0.6385607123374939,21.243507,71.84392,-225.07228088378903,1.9493324844925493
5KPE_2_2_7_id13,1.1736942529678345,0.9651590585708618,89.69231481481482,0.77,2,2,89.6999074074074,0.6385607123374939,21.243507,71.84392,-224.82281494140625,2.0001277217158564
5KPE_2_2_7_id14,1.1690359115600586,1.5699337720870972,93.4188888888889,0.83,2,2,89.6999074074074,0.6385607123374939,21.243507,71.84392,-226.15594482421875,2.0062597769278065
5KPE_2_2_7_id15,1.0478229522705078,1.0928958654403687,89.09268518518519,0.75,2,2,89.6999074074074,0.6385607123374939,21.243507,71.84392,-226.06008911132807,2.005527072482639
5KPE_2_2_7_id16,1.0785859823226929,1.208059549331665,90.6735185185185,0.79,2,2,89.6999074074074,0.6385607123374939,21.243507,71.84392,-226.070556640625,2.019573070384838
5KPE_2_2_7_id17,0.9837919473648071,1.2385789155960083,94.95398148148148,0.85,2,2,89.6999074074074,0.6385607123374939,21.243507,71.84392,-226.94503784179688,1.9763772752549915
5KPE_2_2_7_id18,1.2290453910827637,0.8982416987419128,92.07259259259256,0.8,2,2,89.6999074074074,0.6385607123374939,21.243507,71.84392,-226.91378784179688,1.9546229044596355
5KPE_2_2_7_id19,1.129123568534851,1.1377792358398438,89.62712962962962,0.75,2,2,89.6999074074074,0.6385607123374939,21.243507,71.84392,-223.20071411132807,1.9103454307273584
5KPE_2_2_7_id2,1.0018080472946167,1.568143367767334,90.50638888888888,0.78,2,2,89.6999074074074,0.6385607123374939,21.243507,71.84392,-226.1611175537109,2.0378470244231046
5KPE_2_2_7_id20,1.0143845081329346,1.54818856716156,91.5602777777778,0.79,2,2,89.6999074074074,0.6385607123374939,21.243507,71.84392,-226.8954162597656,2.009315349437572
5KPE_2_2_7_id21,1.4415322542190552,0.7393736243247986,91.4912037037037,0.8,2,2,89.6999074074074,0.6385607123374939,21.243507,71.84392,-224.6627197265625,1.988330417209201
5KPE_2_2_7_id22,1.001320719718933,1.7350749969482422,93.69898148148148,0.84,2,2,89.6999074074074,0.6385607123374939,21.243507,71.84392,-223.60337829589844,1.9729272347909432
5KPE_2_2_7_id23,1.1099597215652466,1.1156728267669678,90.06111111111112,0.77,2,2,89.6999074074074,0.6385607123374939,21.243507,71.84392,-225.55288696289065,1.9717015866880063
5KPE_2_2_7_id3,1.3521019220352173,0.9693729877471924,89.05564814814815,0.75,2,2,89.6999074074074,0.6385607123374939,21.243507,71.84392,-224.9298553466797,2.100921348289208
5KPE_2_2_7_id4,0.9999845623970032,1.14826238155365,88.97037037037036,0.75,2,2,89.6999074074074,0.6385607123374939,21.243507,71.84392,-228.75950622558597,2.035597907172309
5KPE_2_2_7_id5,1.0133154392242432,1.4461612701416016,91.06675925925926,0.77,2,2,89.6999074074074,0.6385607123374939,21.243507,71.84392,-228.61212158203125,1.9905579178421584
5KPE_2_2_7_id6,1.008005142211914,1.3347331285476685,91.7776851851852,0.81,2,2,89.6999074074074,0.6385607123374939,21.243507,71.84392,-222.5611572265625,2.075897640652127
5KPE_2_2_7_id7,0.9776971340179443,1.4560192823410034,90.25435185185184,0.77,2,2,89.6999074074074,0.6385607123374939,21.243507,71.84392,-225.85769653320312,1.97215497052228
5KPE_2_2_7_id8,1.196946620941162,1.1990630626678467,88.72222222222223,0.75,2,2,89.6999074074074,0.6385607123374939,21.243507,71.84392,-229.1993560791016,2.028417375352648
5KPE_2_2_7_id9,1.0720429420471191,1.324480652809143,90.63101851851852,0.79,2,2,89.6999074074074,0.6385607123374939,21.243507,71.84392,-223.6578063964844,1.9968145864981195
5KPE_2_2_8_id0,1.029913067817688,1.0970872640609741,89.02203703703702,0.72,2,2,93.22398148148147,0.5698420405387878,21.046297,68.51644,-226.7850646972656,1.9801649870695888
5KPE_2_2_8_id1,1.1243373155593872,1.1508129835128784,90.4475925925926,0.77,2,2,93.22398148148147,0.5698420405387878,21.046297,68.51644,-228.564208984375,2.049584565339265
5KPE_2_2_8_id10,1.5262945890426636,1.086516261100769,86.67500000000001,0.74,2,2,93.22398148148147,0.5698420405387878,21.046297,68.51644,-226.74798583984372,2.01443283646195
5KPE_2_2_8_id11,1.1872614622116089,1.0002926588058472,90.44685185185187,0.78,2,2,93.22398148148147,0.5698420405387878,21.046297,68.51644,-226.44630432128903,2.0133381596318
5KPE_2_2_8_id12,1.4530553817749023,0.9463205933570862,92.6813888888889,0.82,2,2,93.22398148148147,0.5698420405387878,21.046297,68.51644,-224.9671630859375,1.943197179723669
5KPE_2_2_8_id13,1.0901657342910767,1.2950775623321533,91.81416666666668,0.8,2,2,93.22398148148147,0.5698420405387878,21.046297,68.51644,-228.97671508789065,1.966225235550492
5KPE_2_2_8_id14,1.0712833404541016,0.8903631567955017,91.64898148148148,0.79,2,2,93.22398148148147,0.5698420405387878,21.046297,68.51644,-227.3577423095703,1.9027800383391205
5KPE_2_2_8_id15,1.0417498350143433,1.147161841392517,92.35425925925928,0.81,2,2,93.22398148148147,0.5698420405387878,21.046297,68.51644,-225.95440673828125,1.9880399350766784
5KPE_2_2_8_id16,1.1496703624725342,1.3302295207977295,89.31851851851853,0.76,2,2,93.22398148148147,0.5698420405387878,21.046297,68.51644,-226.58969116210935,1.98777347140842
5KPE_2_2_8_id17,1.0915833711624146,1.034053921699524,88.57990740740739,0.72,2,2,93.22398148148147,0.5698420405387878,21.046297,68.51644,-227.02407836914065,1.9786220126681853
5KPE_2_2_8_id18,1.2489222288131714,0.8672318458557129,91.83472222222224,0.77,2,2,93.22398148148147,0.5698420405387878,21.046297,68.51644,-226.0319366455078,1.9418011418095344
5KPE_2_2_8_id19,0.9378641247749329,1.0268503427505493,89.58037037037037,0.76,2,2,93.22398148148147,0.5698420405387878,21.046297,68.51644,-225.1744537353516,1.97597885131836
5KPE_2_2_8_id2,1.0241985321044922,1.137465238571167,89.26157407407408,0.74,2,2,93.22398148148147,0.5698420405387878,21.046297,68.51644,-223.3206329345703,1.99557438603154
5KPE_2_2_8_id20,1.2124128341674805,1.0066264867782593,90.00537037037036,0.76,2,2,93.22398148148147,0.5698420405387878,21.046297,68.51644,-226.39920043945312,1.963964956778067
5KPE_2_2_8_id21,1.0120713710784912,1.1383777856826782,90.74583333333334,0.76,2,2,93.22398148148147,0.5698420405387878,21.046297,68.51644,-226.57054138183597,1.9856646502459487
5KPE_2_2_8_id22,1.1313542127609253,1.093235731124878,89.95361111111112,0.75,2,2,93.22398148148147,0.5698420405387878,21.046297,68.51644,-226.30555725097656,1.9361675403736256
5KPE_2_2_8_id23,1.0639355182647705,1.0531998872756958,90.4574074074074,0.76,2,2,93.22398148148147,0.5698420405387878,21.046297,68.51644,-222.03111267089844,1.879108570240162
5KPE_2_2_8_id3,1.12977933883667,1.2411901950836182,87.63342592592595,0.72,2,2,93.22398148148147,0.5698420405387878,21.046297,68.51644,-225.36302185058597,1.92983556676794
5KPE_2_2_8_id4,1.0983883142471313,1.055509090423584,91.27731481481482,0.79,2,2,93.22398148148147,0.5698420405387878,21.046297,68.51644,-223.67645263671875,1.984283729835793
5KPE_2_2_8_id5,1.2884330749511719,0.9290086627006531,88.59787037037037,0.75,2,2,93.22398148148147,0.5698420405387878,21.046297,68.51644,-225.7258453369141,1.9423342104311343
5KPE_2_2_8_id6,1.0662888288497925,0.9176587462425232,90.0574074074074,0.76,2,2,93.22398148148147,0.5698420405387878,21.046297,68.51644,-223.9842071533203,2.031860775417752
5KPE_2_2_8_id7,1.282947063446045,0.9149720072746277,91.8250925925926,0.82,2,2,93.22398148148147,0.5698420405387878,21.046297,68.51644,-224.3287811279297,1.924804404929832
5KPE_2_2_8_id8,1.00752592086792,1.1379704475402832,91.81111111111112,0.78,2,2,93.22398148148147,0.5698420405387878,21.046297,68.51644,-225.07769775390625,1.9602740252459487
5KPE_2_2_8_id9,1.3762505054473877,0.8867902159690857,90.68074074074072,0.79,2,2,93.22398148148147,0.5698420405387878,21.046297,68.51644,-222.5137939453125,2.017677872269242
5KPE_2_2_9_id0,1.4142684936523438,1.2021011114120483,92.60916666666668,0.81,2,2,94.77787037037037,0.6714420318603516,20.472088,69.20877,-226.20022583007807,1.9735915572554976
5KPE_2_2_9_id1,1.4110749959945679,1.22696852684021,90.78259259259258,0.79,2,2,94.77787037037037,0.6714420318603516,20.472088,69.20877,-227.2736358642578,1.9538630732783564
5KPE_2_2_9_id10,0.9566286206245422,1.3857500553131104,89.16407407407408,0.75,2,2,94.77787037037037,0.6714420318603516,20.472088,69.20877,-227.8594512939453,1.970818978768808
5KPE_2_2_9_id11,1.4177294969558716,1.388667106628418,92.58203703703704,0.81,2,2,94.77787037037037,0.6714420318603516,20.472088,69.20877,-225.422607421875,1.9915753117314088
5KPE_2_2_9_id12,1.1438064575195312,1.0694763660430908,89.57231481481482,0.75,2,2,94.77787037037037,0.6714420318603516,20.472088,69.20877,-226.45785522460935,1.917825910780165
5KPE_2_2_9_id13,1.034733533859253,1.360919713973999,88.26222222222222,0.74,2,2,94.77787037037037,0.6714420318603516,20.472088,69.20877,-227.17575073242188,1.8663296169704864
5KPE_2_2_9_id14,1.169975757598877,1.360684871673584,85.55796296296296,0.71,2,2,94.77787037037037,0.6714420318603516,20.472088,69.20877,-228.84127807617188,1.9322410866066264
5KPE_2_2_9_id15,1.5477607250213623,1.125014305114746,93.60731481481484,0.83,2,2,94.77787037037037,0.6714420318603516,20.472088,69.20877,-227.55368041992188,1.9280124240451388
5KPE_2_2_9_id16,1.4214905500411987,1.0233492851257324,92.04574074074075,0.8,2,2,94.77787037037037,0.6714420318603516,20.472088,69.20877,-227.11676025390625,2.006554780183015
5KPE_2_2_9_id17,1.025468111038208,1.4034420251846313,90.57601851851852,0.75,2,2,94.77787037037037,0.6714420318603516,20.472088,69.20877,-227.90049743652344,1.910554532651548
5KPE_2_2_9_id18,1.10659658908844,1.1135259866714478,89.75462962962962,0.74,2,2,94.77787037037037,0.6714420318603516,20.472088,69.20877,-229.15223693847656,1.8076643767180267
5KPE_2_2_9_id19,1.071500301361084,1.3393782377243042,91.20796296296294,0.78,2,2,94.77787037037037,0.6714420318603516,20.472088,69.20877,-225.0332946777344,1.947254463478371
5KPE_2_2_9_id2,1.1622419357299805,1.3865550756454468,89.29583333333333,0.75,2,2,94.77787037037037,0.6714420318603516,20.472088,69.20877,-225.07623291015625,2.003454985441985
5KPE_2_2_9_id20,1.0201079845428467,1.277276873588562,90.97240740740742,0.79,2,2,94.77787037037037,0.6714420318603516,20.472088,69.20877,-228.79443359375,1.9471421418366608
5KPE_2_2_9_id21,1.1050331592559814,1.3527891635894775,88.14166666666668,0.71,2,2,94.77787037037037,0.6714420318603516,20.472088,69.20877,-226.45181274414065,1.9349743878399883
5KPE_2_2_9_id22,1.0448001623153687,1.2544386386871338,89.57870370370368,0.75,2,2,94.77787037037037,0.6714420318603516,20.472088,69.20877,-226.8086853027344,1.953120055022063
5KPE_2_2_9_id23,1.4573827981948853,1.2971125841140747,91.16148148148147,0.82,2,2,94.77787037037037,0.6714420318603516,20.472088,69.20877,-228.5106201171875,1.9523906001338247
5KPE_2_2_9_id3,1.0392471551895142,1.5590287446975708,90.19212962962963,0.76,2,2,94.77787037037037,0.6714420318603516,20.472088,69.20877,-227.7883453369141,1.977654916268808
5KPE_2_2_9_id4,1.3746511936187744,1.1924426555633545,90.3237962962963,0.78,2,2,94.77787037037037,0.6714420318603516,20.472088,69.20877,-225.1591796875,1.887830946180556
5KPE_2_2_9_id5,1.0729376077651978,1.500401258468628,90.20296296296296,0.75,2,2,94.77787037037037,0.6714420318603516,20.472088,69.20877,-228.16156005859372,1.913561079237196
5KPE_2_2_9_id6,1.1049741506576538,1.321708083152771,91.56027777777776,0.79,2,2,94.77787037037037,0.6714420318603516,20.472088,69.20877,-225.10086059570312,1.9317214400679976
5KPE_2_2_9_id7,1.0965464115142822,1.3981952667236328,91.10407407407408,0.78,2,2,94.77787037037037,0.6714420318603516,20.472088,69.20877,-226.98147583007807,1.9455752902560763
5KPE_2_2_9_id8,1.5117151737213135,1.077500581741333,92.04657407407409,0.81,2,2,94.77787037037037,0.6714420318603516,20.472088,69.20877,-224.64846801757807,1.9576534695095489
5KPE_2_2_9_id9,1.0561182498931885,1.1865214109420776,88.5973148148148,0.76,2,2,94.77787037037037,0.6714420318603516,20.472088,69.20877,-227.27557373046875,1.991268864384404
5KPE_2_4_0_id0,1.126335620880127,0.9633671045303345,88.50537037037036,0.75,2,4,91.5425925925926,0.6593427062034607,20.626726,70.6633,-224.86590576171875,2.0333277384440103
5KPE_2_4_0_id1,1.2078136205673218,1.2496846914291382,88.32398148148148,0.74,2,4,91.5425925925926,0.6593427062034607,20.626726,70.6633,-223.04270935058597,2.0340002554434315
5KPE_2_4_0_id10,1.0570908784866333,1.364567756652832,89.41268518518517,0.76,2,4,91.5425925925926,0.6593427062034607,20.626726,70.6633,-225.8287048339844,2.0144254896375866
5KPE_2_4_0_id11,1.0462266206741333,1.3546292781829834,91.38037037037036,0.8,2,4,91.5425925925926,0.6593427062034607,20.626726,70.6633,-224.96864318847656,2.042768125180845
5KPE_2_4_0_id12,1.1201814413070679,1.2186264991760254,92.98185185185186,0.81,2,4,91.5425925925926,0.6593427062034607,20.626726,70.6633,-225.5432281494141,2.0576773749457464
5KPE_2_4_0_id13,1.2649601697921753,1.8707112073898315,93.35925925925925,0.85,2,4,91.5425925925926,0.6593427062034607,20.626726,70.6633,-220.52589416503903,2.0872094896104603
5KPE_2_4_0_id14,1.5654345750808716,1.012770414352417,94.67212962962964,0.85,2,4,91.5425925925926,0.6593427062034607,20.626726,70.6633,-225.06887817382807,1.936847828052662
5KPE_2_4_0_id15,1.05441415309906,1.4535390138626099,91.48324074074075,0.78,2,4,91.5425925925926,0.6593427062034607,20.626726,70.6633,-225.81246948242188,2.0001966688368054
5KPE_2_4_0_id16,1.0935595035552979,1.3822866678237915,93.77694444444444,0.84,2,4,91.5425925925926,0.6593427062034607,20.626726,70.6633,-224.43565368652344,2.1504765263310186
5KPE_2_4_0_id17,0.9385407567024231,1.8032386302947998,91.04592592592591,0.77,2,4,91.5425925925926,0.6593427062034607,20.626726,70.6633,-226.46343994140625,2.0715097498010704
5KPE_2_4_0_id18,1.0613459348678589,1.3832788467407227,87.36740740740743,0.73,2,4,91.5425925925926,0.6593427062034607,20.626726,70.6633,-224.4154510498047,2.0323388841417103
5KPE_2_4_0_id19,1.0108416080474854,1.3747135400772095,92.80731481481482,0.81,2,4,91.5425925925926,0.6593427062034607,20.626726,70.6633,-223.97003173828125,2.0430519669144243
5KPE_2_4_0_id2,1.2719248533248901,1.039087176322937,88.28037037037036,0.72,2,4,91.5425925925926,0.6593427062034607,20.626726,70.6633,-227.22982788085935,2.0304463704427085
5KPE_2_4_0_id20,1.2414515018463135,1.4250767230987549,93.02648148148148,0.82,2,4,91.5425925925926,0.6593427062034607,20.626726,70.6633,-224.5178375244141,2.0317340426974826
5KPE_2_4_0_id21,1.2423394918441772,1.5150682926177979,93.14814814814817,0.82,2,4,91.5425925925926,0.6593427062034607,20.626726,70.6633,-225.5411071777344,2.0226927863227
5KPE_2_4_0_id22,1.7422888278961182,0.9014728665351868,93.26018518518516,0.82,2,4,91.5425925925926,0.6593427062034607,20.626726,70.6633,-223.6830596923828,1.9696745695891205
5KPE_2_4_0_id23,0.9434992074966431,1.8783516883850098,91.20694444444445,0.79,2,4,91.5425925925926,0.6593427062034607,20.626726,70.6633,-224.2988128662109,2.055353941740813
5KPE_2_4_0_id3,1.0639828443527222,1.4643350839614868,89.19564814814814,0.74,2,4,91.5425925925926,0.6593427062034607,20.626726,70.6633,-226.3768310546875,2.0326076083713107
5KPE_2_4_0_id4,1.355204463005066,1.430305004119873,86.25212962962964,0.7,2,4,91.5425925925926,0.6593427062034607,20.626726,70.6633,-221.1785888671875,1.940726668746383
5KPE_2_4_0_id5,1.200695514678955,1.2832139730453491,88.85250000000002,0.76,2,4,91.5425925925926,0.6593427062034607,20.626726,70.6633,-223.72467041015625,2.035029093424479
5KPE_2_4_0_id6,1.0939100980758667,1.6115813255310059,93.69055555555552,0.81,2,4,91.5425925925926,0.6593427062034607,20.626726,70.6633,-219.8852996826172,2.0826789008246527
5KPE_2_4_0_id7,1.1189767122268677,1.3183866739273071,90.23861111111113,0.77,2,4,91.5425925925926,0.6593427062034607,20.626726,70.6633,-224.28097534179688,2.093150527388961
5KPE_2_4_0_id8,1.0625799894332886,1.4499003887176514,88.79620370370368,0.74,2,4,91.5425925925926,0.6593427062034607,20.626726,70.6633,-222.5203857421875,2.018586759214048
5KPE_2_4_0_id9,1.184922456741333,1.4194107055664062,88.9041666666667,0.78,2,4,91.5425925925926,0.6593427062034607,20.626726,70.6633,-223.59353637695312,2.0265491626880787
5KPE_2_4_1_id0,1.310314416885376,1.2125135660171509,88.96879629629628,0.72,2,4,92.15500000000002,0.5598019361495972,20.047535,70.46342,-213.0266265869141,1.985708731192129
5KPE_2_4_1_id1,1.272861361503601,1.1485322713851929,88.07935185185185,0.73,2,4,92.15500000000002,0.5598019361495972,20.047535,70.46342,-214.95816040039065,2.128271456117983
5KPE_2_4_1_id10,1.3363063335418701,1.116032361984253,91.62712962962962,0.79,2,4,92.15500000000002,0.5598019361495972,20.047535,70.46342,-213.15155029296875,2.11510580557364
5KPE_2_4_1_id11,1.0656201839447021,1.2990607023239136,88.8600925925926,0.73,2,4,92.15500000000002,0.5598019361495972,20.047535,70.46342,-214.5298309326172,2.109667318838614
5KPE_2_4_1_id12,1.8426501750946045,1.2489973306655884,88.37833333333334,0.76,2,4,92.15500000000002,0.5598019361495972,20.047535,70.46342,-217.8223876953125,2.0573625917787903
5KPE_2_4_1_id13,1.0423424243927002,1.3691339492797852,87.76814814814816,0.71,2,4,92.15500000000002,0.5598019361495972,20.047535,70.46342,-213.08909606933597,2.160273799189815
5KPE_2_4_1_id14,1.6655354499816895,1.1025221347808838,86.48370370370372,0.72,2,4,92.15500000000002,0.5598019361495972,20.047535,70.46342,-220.19741821289065,2.130461092348452
5KPE_2_4_1_id15,1.404609203338623,1.125570297241211,87.14444444444445,0.73,2,4,92.15500000000002,0.5598019361495972,20.047535,70.46342,-214.44972229003903,2.0551520453559027
5KPE_2_4_1_id16,1.4722470045089722,1.1040029525756836,89.51537037037036,0.75,2,4,92.15500000000002,0.5598019361495972,20.047535,70.46342,-217.3925018310547,2.077182063349971
5KPE_2_4_1_id17,1.4754114151000977,1.1106109619140625,87.07416666666666,0.71,2,4,92.15500000000002,0.5598019361495972,20.047535,70.46342,-216.83387756347656,2.102195457175926
5KPE_2_4_1_id18,0.9776598811149597,1.0673327445983887,89.50824074074073,0.74,2,4,92.15500000000002,0.5598019361495972,20.047535,70.46342,-217.44284057617188,2.0910253171567565
5KPE_2_4_1_id19,1.2264058589935303,1.213820457458496,87.65925925925924,0.7,2,4,92.15500000000002,0.5598019361495972,20.047535,70.46342,-217.09402465820312,2.13211511682581
5KPE_2_4_1_id2,1.331142544746399,1.0753463506698608,88.32611111111109,0.74,2,4,92.15500000000002,0.5598019361495972,20.047535,70.46342,-216.8939208984375,2.124550572148076
5KPE_2_4_1_id20,1.3050806522369385,1.2518142461776733,88.42351851851853,0.73,2,4,92.15500000000002,0.5598019361495972,20.047535,70.46342,-214.4801788330078,2.0470962524414062
5KPE_2_4_1_id21,1.292601466178894,1.2113125324249268,87.54074074074077,0.71,2,4,92.15500000000002,0.5598019361495972,20.047535,70.46342,-211.20437622070312,1.9403018244990595
5KPE_2_4_1_id22,1.1059942245483398,1.0777448415756226,87.74898148148148,0.71,2,4,92.15500000000002,0.5598019361495972,20.047535,70.46342,-216.30258178710935,2.1487028333875866
5KPE_2_4_1_id23,1.0482302904129028,1.1790871620178223,85.3425,0.65,2,4,92.15500000000002,0.5598019361495972,20.047535,70.46342,-217.65982055664065,2.1383127283166954
5KPE_2_4_1_id3,1.4546701908111572,1.0961538553237915,90.3471296296296,0.77,2,4,92.15500000000002,0.5598019361495972,20.047535,70.46342,-218.20394897460935,2.0615321971752025
5KPE_2_4_1_id4,0.9051013588905334,1.401542067527771,87.6688888888889,0.7,2,4,92.15500000000002,0.5598019361495972,20.047535,70.46342,-215.57362365722656,2.07863927770544
5KPE_2_4_1_id5,1.6606879234313965,1.0261796712875366,91.25685185185183,0.79,2,4,92.15500000000002,0.5598019361495972,20.047535,70.46342,-214.852783203125,1.9890836079915364
5KPE_2_4_1_id6,1.2391153573989868,1.5927777290344238,87.5238888888889,0.71,2,4,92.15500000000002,0.5598019361495972,20.047535,70.46342,-217.15245056152344,2.1197278058087385
5KPE_2_4_1_id7,1.3582658767700195,1.324613332748413,86.12342592592591,0.69,2,4,92.15500000000002,0.5598019361495972,20.047535,70.46342,-220.0218505859375,2.138750288221571
5KPE_2_4_1_id8,1.3278334140777588,1.2017465829849243,88.2337037037037,0.72,2,4,92.15500000000002,0.5598019361495972,20.047535,70.46342,-219.828857421875,2.2053714328342013
5KPE_2_4_1_id9,1.1183440685272217,1.3511065244674683,89.99314814814815,0.75,2,4,92.15500000000002,0.5598019361495972,20.047535,70.46342,-215.7576446533203,2.0865085743091725
5KPE_2_4_2_id0,1.1751691102981567,1.5234606266021729,88.86138888888888,0.74,2,4,93.53962962962962,0.5963259339332581,20.542744,73.10283,-222.52423095703125,2.146351143165871
5KPE_2_4_2_id1,1.237021803855896,1.0920450687408447,89.6464814814815,0.76,2,4,93.53962962962962,0.5963259339332581,20.542744,73.10283,-221.93328857421875,2.052420722113715
5KPE_2_4_2_id10,1.1727113723754883,1.2230911254882812,88.56333333333333,0.74,2,4,93.53962962962962,0.5963259339332581,20.542744,73.10283,-223.0450439453125,2.0485437181260853
5KPE_2_4_2_id11,1.5271331071853638,1.3192037343978882,91.46203703703704,0.79,2,4,93.53962962962962,0.5963259339332581,20.542744,73.10283,-217.57080078125,1.9862586127387152
5KPE_2_4_2_id12,1.3108245134353638,1.230176568031311,88.29592592592591,0.75,2,4,93.53962962962962,0.5963259339332581,20.542744,73.10283,-222.54400634765625,2.0526580810546875
5KPE_2_4_2_id13,1.2451297044754028,1.1440255641937256,89.93101851851853,0.76,2,4,93.53962962962962,0.5963259339332581,20.542744,73.10283,-220.71617126464844,2.0226044831452548
5KPE_2_4_2_id14,1.0674232244491577,1.4309933185577393,88.90194444444444,0.74,2,4,93.53962962962962,0.5963259339332581,20.542744,73.10283,-217.80667114257807,2.007696363661024
5KPE_2_4_2_id15,1.2619481086730957,1.2773278951644897,89.28296296296297,0.75,2,4,93.53962962962962,0.5963259339332581,20.542744,73.10283,-219.8362274169922,2.075880403871889
5KPE_2_4_2_id16,1.172271966934204,1.4283347129821777,91.49287037037035,0.78,2,4,93.53962962962962,0.5963259339332581,20.542744,73.10283,-221.5064849853516,2.049653512460214
5KPE_2_4_2_id17,0.9562199711799622,1.387418270111084,87.40611111111112,0.71,2,4,93.53962962962962,0.5963259339332581,20.542744,73.10283,-223.77047729492188,2.062390786630136
5KPE_2_4_2_id18,1.2824708223342896,1.4323948621749878,90.65064814814816,0.79,2,4,93.53962962962962,0.5963259339332581,20.542744,73.10283,-218.8555603027344,2.1486227247450085
5KPE_2_4_2_id19,1.1432069540023804,1.1505303382873535,89.61296296296295,0.73,2,4,93.53962962962962,0.5963259339332581,20.542744,73.10283,-223.0756378173828,2.024537545663339
5KPE_2_4_2_id2,1.2185871601104736,1.447284460067749,89.23925925925926,0.75,2,4,93.53962962962962,0.5963259339332581,20.542744,73.10283,-221.211181640625,2.023744371202257
5KPE_2_4_2_id20,1.2265902757644653,1.049986720085144,89.09379629629629,0.76,2,4,93.53962962962962,0.5963259339332581,20.542744,73.10283,-219.8011932373047,2.031677811234086
5KPE_2_4_2_id21,1.2383019924163818,1.276633381843567,90.24064814814814,0.77,2,4,93.53962962962962,0.5963259339332581,20.542744,73.10283,-221.4702911376953,2.057874043782552
5KPE_2_4_2_id22,1.2801367044448853,1.9726331233978271,90.05768518518519,0.74,2,4,93.53962962962962,0.5963259339332581,20.542744,73.10283,-222.5637359619141,2.045978404857494
5KPE_2_4_2_id23,1.2256015539169312,1.2725415229797363,88.84953703703705,0.73,2,4,93.53962962962962,0.5963259339332581,20.542744,73.10283,-221.8307037353516,2.0263277689615884
5KPE_2_4_2_id3,1.0693808794021606,1.4852944612503052,92.7801851851852,0.82,2,4,93.53962962962962,0.5963259339332581,20.542744,73.10283,-222.15142822265625,2.052882724338108
5KPE_2_4_2_id4,1.2680667638778687,1.7070544958114624,90.26092592592596,0.79,2,4,93.53962962962962,0.5963259339332581,20.542744,73.10283,-220.759521484375,2.1657967744050204
5KPE_2_4_2_id5,1.276685357093811,1.0474838018417358,90.81166666666668,0.78,2,4,93.53962962962962,0.5963259339332581,20.542744,73.10283,-222.6812438964844,1.9991339224356195
5KPE_2_4_2_id6,1.3231204748153687,1.2268868684768677,90.96296296296296,0.78,2,4,93.53962962962962,0.5963259339332581,20.542744,73.10283,-222.97329711914065,2.017343591760706
5KPE_2_4_2_id7,1.1224584579467773,1.0661860704421997,87.55444444444446,0.72,2,4,93.53962962962962,0.5963259339332581,20.542744,73.10283,-222.7228546142578,2.0619241219979747
5KPE_2_4_2_id8,1.248233675956726,1.3747438192367554,89.46694444444447,0.73,2,4,93.53962962962962,0.5963259339332581,20.542744,73.10283,-220.59901428222656,2.0536256013093173
5KPE_2_4_2_id9,1.300869345664978,1.3709304332733154,89.2075,0.75,2,4,93.53962962962962,0.5963259339332581,20.542744,73.10283,-222.78684997558597,2.0388802422417536
5KPE_2_4_3_id0,1.217576265335083,1.4312481880187988,88.86666666666669,0.73,2,4,92.56175925925923,0.5822727680206299,20.28594,71.2938,-216.8428192138672,2.0769181428132235
5KPE_2_4_3_id1,1.5285418033599854,1.155312180519104,86.93740740740742,0.73,2,4,92.56175925925923,0.5822727680206299,20.28594,71.2938,-218.10964965820312,2.077647738986545
5KPE_2_4_3_id10,1.2670700550079346,1.3430209159851074,91.38453703703702,0.81,2,4,92.56175925925923,0.5822727680206299,20.28594,71.2938,-216.1663055419922,2.098429220694083
5KPE_2_4_3_id11,1.6923503875732422,1.561063528060913,88.20796296296294,0.74,2,4,92.56175925925923,0.5822727680206299,20.28594,71.2938,-216.56668090820312,2.058013209590205
5KPE_2_4_3_id12,1.4732953310012817,1.30681574344635,87.78824074074072,0.73,2,4,92.56175925925923,0.5822727680206299,20.28594,71.2938,-220.39895629882807,2.116573757595486
5KPE_2_4_3_id13,1.6260331869125366,1.1028838157653809,88.93759259259258,0.75,2,4,92.56175925925923,0.5822727680206299,20.28594,71.2938,-216.53762817382807,2.085739418312355
5KPE_2_4_3_id14,1.3762590885162354,1.2039563655853271,89.69194444444446,0.76,2,4,92.56175925925923,0.5822727680206299,20.28594,71.2938,-217.2662506103516,2.015240280716508
5KPE_2_4_3_id15,1.3215981721878052,1.2059528827667236,87.11287037037037,0.71,2,4,92.56175925925923,0.5822727680206299,20.28594,71.2938,-218.6133575439453,2.164197992395472
5KPE_2_4_3_id16,1.2645556926727295,1.5301809310913086,89.21342592592592,0.75,2,4,92.56175925925923,0.5822727680206299,20.28594,71.2938,-219.1887359619141,2.1065476029007524
5KPE_2_4_3_id17,1.2935870885849,1.5895931720733643,89.56425925925925,0.77,2,4,92.56175925925923,0.5822727680206299,20.28594,71.2938,-217.53048706054688,2.151345429597077
5KPE_2_4_3_id18,1.6852648258209229,1.1908317804336548,89.95203703703704,0.78,2,4,92.56175925925923,0.5822727680206299,20.28594,71.2938,-214.7801971435547,2.076017450403284
5KPE_2_4_3_id19,1.3145060539245605,1.1802713871002197,86.03731481481482,0.68,2,4,92.56175925925923,0.5822727680206299,20.28594,71.2938,-219.6353759765625,2.1099072209110967
5KPE_2_4_3_id2,1.3408762216567993,1.0477224588394165,88.81398148148148,0.73,2,4,92.56175925925923,0.5822727680206299,20.28594,71.2938,-218.8590850830078,2.121972825792101
5KPE_2_4_3_id20,1.3509023189544678,1.27406907081604,90.93916666666668,0.81,2,4,92.56175925925923,0.5822727680206299,20.28594,71.2938,-219.6720733642578,2.149972845006872
5KPE_2_4_3_id21,1.379219889640808,1.3399802446365356,90.44305555555556,0.77,2,4,92.56175925925923,0.5822727680206299,20.28594,71.2938,-215.359130859375,2.188775380452474
5KPE_2_4_3_id22,1.3171114921569824,1.2153407335281372,88.48185185185186,0.73,2,4,92.56175925925923,0.5822727680206299,20.28594,71.2938,-220.48846435546875,2.191446374963831
5KPE_2_4_3_id23,1.2727768421173096,1.2367759943008423,87.47657407407408,0.73,2,4,92.56175925925923,0.5822727680206299,20.28594,71.2938,-215.5485382080078,2.099596235487196
5KPE_2_4_3_id3,1.3779778480529785,1.488093614578247,89.0149074074074,0.73,2,4,92.56175925925923,0.5822727680206299,20.28594,71.2938,-216.6851348876953,2.0535844873498985
5KPE_2_4_3_id4,1.162524938583374,1.4208251237869263,88.96361111111115,0.74,2,4,92.56175925925923,0.5822727680206299,20.28594,71.2938,-216.1267242431641,2.0967039885344327
5KPE_2_4_3_id5,1.4387831687927246,1.106988787651062,89.88203703703702,0.75,2,4,92.56175925925923,0.5822727680206299,20.28594,71.2938,-217.0689239501953,2.024550543891059
5KPE_2_4_3_id6,1.222235083580017,1.491402268409729,89.37314814814815,0.76,2,4,92.56175925925923,0.5822727680206299,20.28594,71.2938,-219.3708953857422,2.0762463322392217
5KPE_2_4_3_id7,1.324495553970337,1.144881248474121,89.01768518518519,0.74,2,4,92.56175925925923,0.5822727680206299,20.28594,71.2938,-214.2340240478516,2.102920249656395
5KPE_2_4_3_id8,1.1820247173309326,1.1719142198562622,88.71500000000003,0.73,2,4,92.56175925925923,0.5822727680206299,20.28594,71.2938,-218.4849853515625,2.039833351417824
5KPE_2_4_3_id9,1.8355563879013062,1.1579837799072266,86.55296296296295,0.75,2,4,92.56175925925923,0.5822727680206299,20.28594,71.2938,-217.9146881103516,2.091723406756366
5KPE_2_4_4_id0,1.4086050987243652,1.2448471784591675,87.58379629629628,0.71,2,4,92.9540740740741,0.597352147102356,20.261219,74.18853,-220.8236083984375,2.12311440927011
5KPE_2_4_4_id1,1.8106613159179688,1.1043695211410522,93.85379629629632,0.84,2,4,92.9540740740741,0.597352147102356,20.261219,74.18853,-216.3613739013672,2.105570192690249
5KPE_2_4_4_id10,1.232682228088379,1.1706963777542114,90.45435185185184,0.77,2,4,92.9540740740741,0.597352147102356,20.261219,74.18853,-221.424072265625,2.1991664745189525
5KPE_2_4_4_id11,1.4708744287490845,1.2155542373657227,88.46462962962963,0.74,2,4,92.9540740740741,0.597352147102356,20.261219,74.18853,-218.73849487304688,2.163218180338541
5KPE_2_4_4_id12,1.722210168838501,1.2981431484222412,90.2149074074074,0.78,2,4,92.9540740740741,0.597352147102356,20.261219,74.18853,-218.5680084228516,2.1121362756799766
5KPE_2_4_4_id13,1.5660585165023804,1.3479691743850708,92.83731481481482,0.82,2,4,92.9540740740741,0.597352147102356,20.261219,74.18853,-223.00991821289065,2.1370381955747253
5KPE_2_4_4_id14,1.5358198881149292,1.6877026557922363,91.35629629629628,0.79,2,4,92.9540740740741,0.597352147102356,20.261219,74.18853,-221.45298767089844,2.1411573621961804
5KPE_2_4_4_id15,1.2777490615844727,1.8666167259216309,93.38583333333334,0.84,2,4,92.9540740740741,0.597352147102356,20.261219,74.18853,-220.03565979003903,2.041402604844836
5KPE_2_4_4_id16,1.2901520729064941,1.7700726985931396,95.72083333333332,0.88,2,4,92.9540740740741,0.597352147102356,20.261219,74.18853,-221.8111572265625,2.102086385091146
5KPE_2_4_4_id17,1.1314001083374023,1.4884942770004272,90.0574074074074,0.77,2,4,92.9540740740741,0.597352147102356,20.261219,74.18853,-220.36021423339844,2.1350265785499856
5KPE_2_4_4_id18,1.4742034673690796,1.157684564590454,92.11407407407408,0.8,2,4,92.9540740740741,0.597352147102356,20.261219,74.18853,-221.5156097412109,2.0750985322175204
5KPE_2_4_4_id19,1.3515748977661133,1.5008643865585327,92.6689814814815,0.82,2,4,92.9540740740741,0.597352147102356,20.261219,74.18853,-221.23931884765625,2.087875366210937
5KPE_2_4_4_id2,1.1648768186569214,1.1661149263381958,89.90555555555555,0.77,2,4,92.9540740740741,0.597352147102356,20.261219,74.18853,-221.07733154296875,2.1272070142957897
5KPE_2_4_4_id20,1.111496925354004,1.444027304649353,90.61888888888888,0.77,2,4,92.9540740740741,0.597352147102356,20.261219,74.18853,-218.1216278076172,2.208580864800348
5KPE_2_4_4_id21,1.6317697763442993,1.4559550285339355,92.27712962962966,0.81,2,4,92.9540740740741,0.597352147102356,20.261219,74.18853,-218.326904296875,2.07834060103805
5KPE_2_4_4_id22,1.3115495443344116,1.178119421005249,89.46296296296295,0.74,2,4,92.9540740740741,0.597352147102356,20.261219,74.18853,-215.35330200195312,1.9494924192075376
5KPE_2_4_4_id23,1.6186681985855103,1.1734377145767212,91.6196296296296,0.8,2,4,92.9540740740741,0.597352147102356,20.261219,74.18853,-222.21958923339844,2.1449162518536604
5KPE_2_4_4_id3,1.3247544765472412,1.029484748840332,90.59703703703704,0.75,2,4,92.9540740740741,0.597352147102356,20.261219,74.18853,-219.57752990722656,2.1507593790690103
5KPE_2_4_4_id4,1.28493070602417,1.5790839195251465,88.8825925925926,0.76,2,4,92.9540740740741,0.597352147102356,20.261219,74.18853,-220.8711853027344,2.1934886508517795
5KPE_2_4_4_id5,1.355648159980774,1.2526769638061523,89.88601851851851,0.75,2,4,92.9540740740741,0.597352147102356,20.261219,74.18853,-220.68002319335935,2.0710344667787903
5KPE_2_4_4_id6,1.234055519104004,1.1639224290847778,89.28851851851852,0.75,2,4,92.9540740740741,0.597352147102356,20.261219,74.18853,-222.25161743164065,2.207461886935764
5KPE_2_4_4_id7,1.3607996702194214,1.1428217887878418,88.62944444444446,0.75,2,4,92.9540740740741,0.597352147102356,20.261219,74.18853,-221.48745727539065,2.154613071017795
5KPE_2_4_4_id8,1.332869052886963,1.2303252220153809,89.44777777777779,0.76,2,4,92.9540740740741,0.597352147102356,20.261219,74.18853,-221.6926422119141,2.108313383879485
5KPE_2_4_4_id9,1.197306513786316,1.3848576545715332,92.17675925925924,0.83,2,4,92.9540740740741,0.597352147102356,20.261219,74.18853,-218.47543334960935,2.0876152603714555
5KPE_2_4_5_id0,1.0261188745498657,1.6647499799728394,89.40537037037038,0.77,2,4,93.65333333333332,0.6384744644165039,20.829386,71.56292,-217.9987030029297,1.9701560691550928
5KPE_2_4_5_id1,1.2860538959503174,1.4774454832077026,89.51287037037038,0.76,2,4,93.65333333333332,0.6384744644165039,20.829386,71.56292,-216.15147399902344,2.06758541531033
5KPE_2_4_5_id10,1.576831579208374,1.0451425313949585,88.99277777777777,0.74,2,4,93.65333333333332,0.6384744644165039,20.829386,71.56292,-219.00596618652344,2.0291721202709057
5KPE_2_4_5_id11,1.1822431087493896,1.2222459316253662,90.69935185185186,0.77,2,4,93.65333333333332,0.6384744644165039,20.829386,71.56292,-219.2813415527344,2.029426857277199
5KPE_2_4_5_id12,1.0640075206756592,1.5503456592559814,88.49064814814814,0.73,2,4,93.65333333333332,0.6384744644165039,20.829386,71.56292,-216.94911193847656,2.0859842653627747
5KPE_2_4_5_id13,1.5750703811645508,1.1512612104415894,88.42907407407405,0.74,2,4,93.65333333333332,0.6384744644165039,20.829386,71.56292,-221.14788818359372,2.0852819372106484
5KPE_2_4_5_id14,1.258083701133728,1.1120539903640747,88.20796296296297,0.72,2,4,93.65333333333332,0.6384744644165039,20.829386,71.56292,-219.91726684570312,1.945868174235026
5KPE_2_4_5_id15,1.0396236181259155,1.5325639247894287,90.30462962962964,0.76,2,4,93.65333333333332,0.6384744644165039,20.829386,71.56292,-218.17295837402344,2.0083897908528647
5KPE_2_4_5_id16,1.0962690114974976,1.3556854724884033,88.54759259259257,0.72,2,4,93.65333333333332,0.6384744644165039,20.829386,71.56292,-218.445068359375,1.993903972484448
5KPE_2_4_5_id17,1.313533902168274,1.2213901281356812,88.23046296296297,0.72,2,4,93.65333333333332,0.6384744644165039,20.829386,71.56292,-216.6443023681641,2.084798177083333
5KPE_2_4_5_id18,1.0020390748977661,1.0582815408706665,89.15148148148148,0.75,2,4,93.65333333333332,0.6384744644165039,20.829386,71.56292,-217.9739990234375,2.0523059986255787
5KPE_2_4_5_id19,1.0491771697998047,1.8384723663330078,90.84435185185188,0.78,2,4,93.65333333333332,0.6384744644165039,20.829386,71.56292,-217.6351776123047,2.1275754857946327
5KPE_2_4_5_id2,1.460321068763733,1.1430652141571045,88.64601851851852,0.73,2,4,93.65333333333332,0.6384744644165039,20.829386,71.56292,-217.74993896484372,2.074234856499566
5KPE_2_4_5_id20,1.2392325401306152,1.2492605447769165,88.56731481481482,0.73,2,4,93.65333333333332,0.6384744644165039,20.829386,71.56292,-216.6982879638672,1.9866912276656536
5KPE_2_4_5_id21,1.4610137939453125,1.1153770685195923,88.65416666666668,0.72,2,4,93.65333333333332,0.6384744644165039,20.829386,71.56292,-217.84017944335935,2.021013754385489
5KPE_2_4_5_id22,1.3577466011047363,1.2390204668045044,91.18111111111112,0.8,2,4,93.65333333333332,0.6384744644165039,20.829386,71.56292,-218.16189575195312,2.0430970368561923
5KPE_2_4_5_id23,1.432250738143921,1.1053828001022339,88.81833333333333,0.74,2,4,93.65333333333332,0.6384744644165039,20.829386,71.56292,-218.77984619140625,1.954071327492043
5KPE_2_4_5_id3,1.8560726642608643,1.2191293239593506,88.95935185185186,0.76,2,4,93.65333333333332,0.6384744644165039,20.829386,71.56292,-216.0630340576172,2.0333906103063515
5KPE_2_4_5_id4,1.6077696084976196,1.0615925788879395,86.4487962962963,0.7,2,4,93.65333333333332,0.6384744644165039,20.829386,71.56292,-219.6317443847656,1.9719937642415364
5KPE_2_4_5_id5,1.4082982540130615,1.2224960327148438,87.52953703703706,0.69,2,4,93.65333333333332,0.6384744644165039,20.829386,71.56292,-218.85675048828125,2.1047821044921875
5KPE_2_4_5_id6,1.1007479429244995,1.077404499053955,87.845462962963,0.71,2,4,93.65333333333332,0.6384744644165039,20.829386,71.56292,-215.1893768310547,1.9748939231589988
5KPE_2_4_5_id7,1.203240156173706,1.2820208072662354,87.55555555555556,0.72,2,4,93.65333333333332,0.6384744644165039,20.829386,71.56292,-217.5225372314453,2.03570881596318
5KPE_2_4_5_id8,1.5544527769088745,1.238199234008789,87.80074074074074,0.76,2,4,93.65333333333332,0.6384744644165039,20.829386,71.56292,-220.57994079589844,2.142399681939019
5KPE_2_4_5_id9,1.4489325284957886,1.0660191774368286,90.78370370370372,0.76,2,4,93.65333333333332,0.6384744644165039,20.829386,71.56292,-218.9555511474609,2.128698560926649
5KPE_2_4_6_id0,1.0260359048843384,1.5725083351135254,90.10138888888888,0.74,2,4,92.51638888888888,0.6337130665779114,20.486292,68.78294,-219.9738922119141,2.1079062002676503
5KPE_2_4_6_id1,1.0170286893844604,1.412847638130188,90.48092592592592,0.77,2,4,92.51638888888888,0.6337130665779114,20.486292,68.78294,-218.619873046875,2.1573183978045427
5KPE_2_4_6_id10,1.555294394493103,1.2763046026229858,87.73425925925925,0.71,2,4,92.51638888888888,0.6337130665779114,20.486292,68.78294,-214.7417449951172,2.048469967312283
5KPE_2_4_6_id11,0.9265050292015076,1.6494390964508057,92.33944444444444,0.8,2,4,92.51638888888888,0.6337130665779114,20.486292,68.78294,-222.9495849609375,2.169775786223235
5KPE_2_4_6_id12,1.145595908164978,1.4137483835220337,86.96481481481482,0.72,2,4,92.51638888888888,0.6337130665779114,20.486292,68.78294,-219.3126678466797,2.194170351381655
5KPE_2_4_6_id13,1.26969313621521,1.4156792163848877,87.76824074074074,0.71,2,4,92.51638888888888,0.6337130665779114,20.486292,68.78294,-219.329345703125,2.1626301518193
5KPE_2_4_6_id14,1.011433482170105,1.7911502122879028,90.28722222222224,0.77,2,4,92.51638888888888,0.6337130665779114,20.486292,68.78294,-219.72792053222656,2.229173872205946
5KPE_2_4_6_id15,1.1833388805389404,1.3512096405029297,90.57333333333332,0.78,2,4,92.51638888888888,0.6337130665779114,20.486292,68.78294,-219.4638671875,2.207514444986979
5KPE_2_4_6_id16,1.7144935131072998,1.3528283834457397,90.58333333333331,0.78,2,4,92.51638888888888,0.6337130665779114,20.486292,68.78294,-218.00094604492188,2.1427640561704284
5KPE_2_4_6_id17,1.410286784172058,1.255887508392334,89.2697222222222,0.75,2,4,92.51638888888888,0.6337130665779114,20.486292,68.78294,-220.4713134765625,2.11866788510923
5KPE_2_4_6_id18,1.298962116241455,1.3535643815994263,88.40157407407408,0.71,2,4,92.51638888888888,0.6337130665779114,20.486292,68.78294,-222.7989654541016,2.1615176730685763
5KPE_2_4_6_id19,1.1132351160049438,1.3402360677719116,91.85250000000003,0.8,2,4,92.51638888888888,0.6337130665779114,20.486292,68.78294,-217.71923828125,2.131162572790075
5KPE_2_4_6_id2,1.350245714187622,1.3669476509094238,89.38453703703706,0.74,2,4,92.51638888888888,0.6337130665779114,20.486292,68.78294,-219.4941253662109,2.1589253743489585
5KPE_2_4_6_id20,1.1290795803070068,1.5283652544021606,87.96037037037034,0.71,2,4,92.51638888888888,0.6337130665779114,20.486292,68.78294,-220.87649536132807,2.020003142180266
5KPE_2_4_6_id21,1.4052801132202148,1.2029452323913574,90.26620370370372,0.75,2,4,92.51638888888888,0.6337130665779114,20.486292,68.78294,-213.7364501953125,2.117763943142361
5KPE_2_4_6_id22,1.2440729141235352,1.4419993162155151,90.69212962962963,0.78,2,4,92.51638888888888,0.6337130665779114,20.486292,68.78294,-216.0914001464844,2.168418884277344
5KPE_2_4_6_id23,1.0781112909317017,1.479947566986084,89.32064814814814,0.73,2,4,92.51638888888888,0.6337130665779114,20.486292,68.78294,-221.96543884277344,2.137604607476129
5KPE_2_4_6_id3,1.0049726963043213,1.8374515771865845,92.66490740740744,0.81,2,4,92.51638888888888,0.6337130665779114,20.486292,68.78294,-220.0346221923828,2.120168897840712
5KPE_2_4_6_id4,1.1358058452606201,1.9697034358978271,90.78694444444444,0.78,2,4,92.51638888888888,0.6337130665779114,20.486292,68.78294,-219.67312622070312,2.1871166935673467
5KPE_2_4_6_id5,1.2475433349609375,1.5840601921081543,88.93444444444447,0.77,2,4,92.51638888888888,0.6337130665779114,20.486292,68.78294,-220.6395721435547,2.119490870723018
5KPE_2_4_6_id6,1.4057434797286987,1.3611946105957031,87.73462962962964,0.7,2,4,92.51638888888888,0.6337130665779114,20.486292,68.78294,-219.4334259033203,2.0765151977539062
5KPE_2_4_6_id7,1.187173843383789,1.3278157711029053,88.87203703703706,0.74,2,4,92.51638888888888,0.6337130665779114,20.486292,68.78294,-220.2952880859375,2.134612048113788
5KPE_2_4_6_id8,1.1255778074264526,1.6958078145980835,89.33749999999999,0.77,2,4,92.51638888888888,0.6337130665779114,20.486292,68.78294,-217.59896850585935,2.101113637288412
5KPE_2_4_6_id9,1.2003750801086426,1.3651820421218872,85.06629629629631,0.66,2,4,92.51638888888888,0.6337130665779114,20.486292,68.78294,-221.40005493164065,2.1247838338216147
5KPE_2_4_7_id0,1.209765076637268,1.1294958591461182,88.80805555555555,0.72,2,4,87.0597222222222,0.7966205477714539,20.249235,72.36594,-222.5088806152344,2.058157179090712
5KPE_2_4_7_id1,1.5573328733444214,1.2502927780151367,93.2999074074074,0.83,2,4,87.0597222222222,0.7966205477714539,20.249235,72.36594,-220.69049072265625,1.9478450351291232
5KPE_2_4_7_id10,1.257310152053833,1.245460033416748,87.3012962962963,0.7,2,4,87.0597222222222,0.7966205477714539,20.249235,72.36594,-221.18641662597656,2.017534609194155
5KPE_2_4_7_id11,1.1020841598510742,1.6036332845687866,92.85518518518518,0.83,2,4,87.0597222222222,0.7966205477714539,20.249235,72.36594,-224.11373901367188,1.996441593876592
5KPE_2_4_7_id12,1.2487549781799316,1.333625078201294,89.68481481481483,0.72,2,4,87.0597222222222,0.7966205477714539,20.249235,72.36594,-223.73098754882807,2.029621265552662
5KPE_2_4_7_id13,1.2636902332305908,0.9711641669273376,92.77148148148147,0.81,2,4,87.0597222222222,0.7966205477714539,20.249235,72.36594,-219.76116943359372,2.0019197817201966
5KPE_2_4_7_id14,1.0776184797286987,1.71015465259552,89.91222222222224,0.74,2,4,87.0597222222222,0.7966205477714539,20.249235,72.36594,-224.88824462890625,1.9787490279586224
5KPE_2_4_7_id15,1.2972650527954102,1.0797357559204102,87.00833333333334,0.72,2,4,87.0597222222222,0.7966205477714539,20.249235,72.36594,-223.71896362304688,2.0202291983145253
5KPE_2_4_7_id16,1.1386346817016602,1.2127327919006348,90.70129629629628,0.76,2,4,87.0597222222222,0.7966205477714539,20.249235,72.36594,-223.7681884765625,2.023554201479312
5KPE_2_4_7_id17,1.0604346990585327,1.3786594867706299,88.45962962962962,0.71,2,4,87.0597222222222,0.7966205477714539,20.249235,72.36594,-225.51776123046875,1.9675203959147136
5KPE_2_4_7_id18,1.1300928592681885,0.9288877844810486,92.1524074074074,0.8,2,4,87.0597222222222,0.7966205477714539,20.249235,72.36594,-222.80667114257807,2.014758074725116
5KPE_2_4_7_id19,1.0080742835998535,1.6836636066436768,90.99601851851853,0.78,2,4,87.0597222222222,0.7966205477714539,20.249235,72.36594,-220.47146606445312,2.0727064344618054
5KPE_2_4_7_id2,1.0300298929214478,1.429611325263977,89.95120370370371,0.74,2,4,87.0597222222222,0.7966205477714539,20.249235,72.36594,-224.65480041503903,1.9457244873046875
5KPE_2_4_7_id20,1.125007152557373,1.8095827102661133,91.7026851851852,0.81,2,4,87.0597222222222,0.7966205477714539,20.249235,72.36594,-222.63754272460935,2.050772490324797
5KPE_2_4_7_id21,1.17560613155365,1.0765446424484253,91.21296296296296,0.77,2,4,87.0597222222222,0.7966205477714539,20.249235,72.36594,-221.5149078369141,1.920081244574653
5KPE_2_4_7_id22,1.2498769760131836,1.4570561647415161,89.86231481481481,0.77,2,4,87.0597222222222,0.7966205477714539,20.249235,72.36594,-222.6421813964844,1.978339866355613
5KPE_2_4_7_id23,1.2253496646881104,1.62220299243927,94.09796296296298,0.86,2,4,87.0597222222222,0.7966205477714539,20.249235,72.36594,-221.7519073486328,2.0132008305302374
5KPE_2_4_7_id3,0.9886256456375122,1.534410834312439,89.34731481481484,0.73,2,4,87.0597222222222,0.7966205477714539,20.249235,72.36594,-225.03662109375,1.994545548050492
5KPE_2_4_7_id4,1.1175117492675781,1.5596245527267456,88.16833333333334,0.72,2,4,87.0597222222222,0.7966205477714539,20.249235,72.36594,-219.95162963867188,1.982105537697121
5KPE_2_4_7_id5,1.300878882408142,1.2980198860168457,90.105,0.73,2,4,87.0597222222222,0.7966205477714539,20.249235,72.36594,-220.78097534179688,1.9234099211516205
5KPE_2_4_7_id6,1.5531715154647827,1.0113688707351685,94.29601851851852,0.83,2,4,87.0597222222222,0.7966205477714539,20.249235,72.36594,-217.5279235839844,1.96430418226454
5KPE_2_4_7_id7,1.1629531383514404,1.3541879653930664,92.6960185185185,0.81,2,4,87.0597222222222,0.7966205477714539,20.249235,72.36594,-223.10792541503903,2.016624168113426
5KPE_2_4_7_id8,1.0816789865493774,1.445812463760376,89.3539814814815,0.74,2,4,87.0597222222222,0.7966205477714539,20.249235,72.36594,-226.07708740234372,2.0241012573242188
5KPE_2_4_7_id9,1.1172022819519043,1.137737512588501,90.10287037037038,0.77,2,4,87.0597222222222,0.7966205477714539,20.249235,72.36594,-224.56239318847656,2.048136110658999
5KPE_2_4_8_id0,1.0517114400863647,1.2338489294052124,88.48870370370372,0.72,2,4,94.31787037037036,0.6520201563835144,20.842043,73.80071,-224.67242431640625,2.021803538004557
5KPE_2_4_8_id1,1.2609339952468872,1.1259037256240845,88.67444444444445,0.73,2,4,94.31787037037036,0.6520201563835144,20.842043,73.80071,-221.2831268310547,2.003472646077474
5KPE_2_4_8_id10,1.2774267196655273,1.159164309501648,91.53731481481482,0.82,2,4,94.31787037037036,0.6520201563835144,20.842043,73.80071,-224.8299102783203,2.0612581041124134
5KPE_2_4_8_id11,0.9929654598236084,1.1933621168136597,87.46564814814818,0.71,2,4,94.31787037037036,0.6520201563835144,20.842043,73.80071,-224.37545776367188,1.9833515308521408
5KPE_2_4_8_id12,1.2060706615447998,1.321846604347229,92.0924074074074,0.82,2,4,94.31787037037036,0.6520201563835144,20.842043,73.80071,-225.97915649414065,1.900613855432581
5KPE_2_4_8_id13,1.109994888305664,1.2152597904205322,87.62916666666669,0.72,2,4,94.31787037037036,0.6520201563835144,20.842043,73.80071,-222.66229248046875,2.128941853841146
5KPE_2_4_8_id14,1.1295835971832275,1.2148939371109009,91.40277777777776,0.79,2,4,94.31787037037036,0.6520201563835144,20.842043,73.80071,-224.75650024414065,1.924163818359375
5KPE_2_4_8_id15,1.2213616371154785,1.6431353092193604,93.57111111111112,0.85,2,4,94.31787037037036,0.6520201563835144,20.842043,73.80071,-223.7098693847656,2.1000739203559027
5KPE_2_4_8_id16,1.0992571115493774,1.2549638748168945,90.71740740740742,0.77,2,4,94.31787037037036,0.6520201563835144,20.842043,73.80071,-226.1106109619141,2.0487936514395253
5KPE_2_4_8_id17,1.026249885559082,1.2497366666793823,88.8875925925926,0.73,2,4,94.31787037037036,0.6520201563835144,20.842043,73.80071,-222.71026611328125,2.0437181260850696
5KPE_2_4_8_id18,1.0903328657150269,1.4869097471237183,90.61333333333332,0.79,2,4,94.31787037037036,0.6520201563835144,20.842043,73.80071,-223.6639404296875,2.150241427951389
5KPE_2_4_8_id19,1.0381330251693726,1.334779977798462,90.05620370370372,0.76,2,4,94.31787037037036,0.6520201563835144,20.842043,73.80071,-225.70233154296875,2.072723388671875
5KPE_2_4_8_id2,1.1400939226150513,1.1626406908035278,88.84750000000001,0.75,2,4,94.31787037037036,0.6520201563835144,20.842043,73.80071,-225.1611328125,2.070683373345269
5KPE_2_4_8_id20,1.0505361557006836,1.3923689126968384,91.81851851851852,0.8,2,4,94.31787037037036,0.6520201563835144,20.842043,73.80071,-222.59402465820312,2.076940607141565
5KPE_2_4_8_id21,1.0827895402908325,1.8841103315353394,91.82212962962966,0.78,2,4,94.31787037037036,0.6520201563835144,20.842043,73.80071,-224.90298461914065,2.0605268125180847
5KPE_2_4_8_id22,1.05302894115448,1.34048593044281,90.30805555555555,0.78,2,4,94.31787037037036,0.6520201563835144,20.842043,73.80071,-223.82432556152344,2.0440040870949074
5KPE_2_4_8_id23,1.0700722932815552,1.4038972854614258,91.28953703703702,0.79,2,4,94.31787037037036,0.6520201563835144,20.842043,73.80071,-224.75662231445312,2.019675925925926
5KPE_2_4_8_id3,1.055185079574585,1.2537841796875,88.8891666666667,0.74,2,4,94.31787037037036,0.6520201563835144,20.842043,73.80071,-222.31466674804688,2.016266716851129
5KPE_2_4_8_id4,1.0978703498840332,1.3165884017944336,91.8285185185185,0.81,2,4,94.31787037037036,0.6520201563835144,20.842043,73.80071,-222.7288055419922,2.0412135654025607
5KPE_2_4_8_id5,1.370958924293518,1.0820025205612183,88.64481481481481,0.74,2,4,94.31787037037036,0.6520201563835144,20.842043,73.80071,-221.75482177734372,2.0861579047309027
5KPE_2_4_8_id6,1.2366820573806763,1.1437004804611206,89.92648148148149,0.76,2,4,94.31787037037036,0.6520201563835144,20.842043,73.80071,-218.66433715820312,1.90738367151331
5KPE_2_4_8_id7,1.0571328401565552,1.5784697532653809,92.54074074074072,0.82,2,4,94.31787037037036,0.6520201563835144,20.842043,73.80071,-224.7144012451172,2.0155301977086952
5KPE_2_4_8_id8,1.036563754081726,1.2665038108825684,90.18435185185184,0.76,2,4,94.31787037037036,0.6520201563835144,20.842043,73.80071,-224.63848876953125,2.0099464699074074
5KPE_2_4_8_id9,1.2357308864593506,1.0071924924850464,89.58111111111111,0.75,2,4,94.31787037037036,0.6520201563835144,20.842043,73.80071,-224.80894470214844,2.050980320683232
5KPE_2_4_9_id0,0.9643406271934509,1.3212742805480957,87.7284259259259,0.7,2,4,90.81092592592594,0.5837787389755249,20.414982,72.49065,-222.57583618164065,2.0327074969256365
5KPE_2_4_9_id1,1.032474160194397,1.208035945892334,91.7402777777778,0.8,2,4,90.81092592592594,0.5837787389755249,20.414982,72.49065,-221.4711761474609,2.013210155345776
5KPE_2_4_9_id10,1.0530531406402588,1.3273710012435913,91.5739814814815,0.78,2,4,90.81092592592594,0.5837787389755249,20.414982,72.49065,-221.8726501464844,1.9789513481987848
5KPE_2_4_9_id11,1.3513377904891968,1.289017915725708,90.18851851851852,0.76,2,4,90.81092592592594,0.5837787389755249,20.414982,72.49065,-215.0064697265625,2.0562766746238426
5KPE_2_4_9_id12,1.0317386388778687,1.5144898891448975,91.28675925925928,0.78,2,4,90.81092592592594,0.5837787389755249,20.414982,72.49065,-221.9303436279297,1.9835384510181568
5KPE_2_4_9_id13,1.2950294017791748,1.1673914194107056,91.19879629629632,0.76,2,4,90.81092592592594,0.5837787389755249,20.414982,72.49065,-223.16259765625,1.908826333505136
5KPE_2_4_9_id14,1.060677409172058,1.2995887994766235,87.89101851851854,0.7,2,4,90.81092592592594,0.5837787389755249,20.414982,72.49065,-222.22955322265625,1.977494840268736
5KPE_2_4_9_id15,1.4389424324035645,1.2039660215377808,92.17768518518515,0.8,2,4,90.81092592592594,0.5837787389755249,20.414982,72.49065,-219.03997802734372,2.0288963317871094
5KPE_2_4_9_id16,1.0214344263076782,1.2626885175704956,89.23592592592593,0.75,2,4,90.81092592592594,0.5837787389755249,20.414982,72.49065,-222.1043243408203,2.0846030623824507
5KPE_2_4_9_id17,1.44459068775177,1.212799072265625,90.77574074074074,0.76,2,4,90.81092592592594,0.5837787389755249,20.414982,72.49065,-223.77239990234372,1.8688697814941408
5KPE_2_4_9_id18,1.1740570068359375,1.2839853763580322,89.48157407407406,0.74,2,4,90.81092592592594,0.5837787389755249,20.414982,72.49065,-223.02752685546875,1.9044989126699945
5KPE_2_4_9_id19,1.2767680883407593,1.1791046857833862,90.74388888888888,0.78,2,4,90.81092592592594,0.5837787389755249,20.414982,72.49065,-222.71534729003903,1.942227257622613
5KPE_2_4_9_id2,1.0018380880355835,1.6603065729141235,92.91435185185183,0.83,2,4,90.81092592592594,0.5837787389755249,20.414982,72.49065,-220.5573272705078,2.112213134765625
5KPE_2_4_9_id20,0.996305525302887,1.4703832864761353,88.99842592592593,0.74,2,4,90.81092592592594,0.5837787389755249,20.414982,72.49065,-223.4253387451172,2.053984182852286
5KPE_2_4_9_id21,1.0062832832336426,1.3968385457992554,91.75027777777775,0.8,2,4,90.81092592592594,0.5837787389755249,20.414982,72.49065,-223.3739318847656,2.055773417154948
5KPE_2_4_9_id22,1.0242334604263306,1.4122287034988403,91.6337962962963,0.8,2,4,90.81092592592594,0.5837787389755249,20.414982,72.49065,-223.48963928222656,2.0067244635687933
5KPE_2_4_9_id23,1.3656980991363525,1.476468801498413,89.6999074074074,0.76,2,4,90.81092592592594,0.5837787389755249,20.414982,72.49065,-217.63629150390625,2.223443773057726
5KPE_2_4_9_id3,1.0908664464950562,1.4396865367889404,90.74388888888888,0.8,2,4,90.81092592592594,0.5837787389755249,20.414982,72.49065,-218.8909149169922,1.980504353841145
5KPE_2_4_9_id4,1.2716553211212158,1.5022610425949097,90.18546296296296,0.77,2,4,90.81092592592594,0.5837787389755249,20.414982,72.49065,-218.76255798339844,2.1198628743489585
5KPE_2_4_9_id5,1.079951524734497,1.2272825241088867,89.6823148148148,0.76,2,4,90.81092592592594,0.5837787389755249,20.414982,72.49065,-222.65066528320312,2.075063352231626
5KPE_2_4_9_id6,1.078474998474121,1.1926817893981934,89.60583333333334,0.74,2,4,90.81092592592594,0.5837787389755249,20.414982,72.49065,-223.46578979492188,1.9616306446216725
5KPE_2_4_9_id7,0.8749904036521912,1.6420259475708008,90.04787037037038,0.76,2,4,90.81092592592594,0.5837787389755249,20.414982,72.49065,-223.2884063720703,2.0557208591037326
5KPE_2_4_9_id8,0.9720044136047363,1.4518613815307617,89.8726851851852,0.73,2,4,90.81092592592594,0.5837787389755249,20.414982,72.49065,-219.2337951660156,2.0731229428891784
5KPE_2_4_9_id9,1.1764428615570068,1.3340436220169067,90.80157407407408,0.77,2,4,90.81092592592594,0.5837787389755249,20.414982,72.49065,-218.44692993164065,2.085809495713976
5KPE_2_6_0_id0,1.6050606966018677,1.1458388566970825,89.78472222222224,0.75,2,6,94.03907407407412,0.6532297730445862,20.073128,73.82496,-218.6548614501953,2.100457509358724
5KPE_2_6_0_id1,1.1433223485946655,1.6860135793685913,90.12351851851852,0.77,2,6,94.03907407407412,0.6532297730445862,20.073128,73.82496,-216.25392150878903,2.025654545536748
5KPE_2_6_0_id10,1.1372679471969604,1.3019236326217651,87.50601851851852,0.72,2,6,94.03907407407412,0.6532297730445862,20.073128,73.82496,-218.03317260742188,2.023916173864294
5KPE_2_6_0_id11,1.2569055557250977,1.3667739629745483,85.82416666666667,0.7,2,6,94.03907407407412,0.6532297730445862,20.073128,73.82496,-220.0492401123047,2.1696104826750577
5KPE_2_6_0_id12,1.162825345993042,1.4919631481170654,87.74305555555556,0.72,2,6,94.03907407407412,0.6532297730445862,20.073128,73.82496,-219.41177368164065,2.155641626428675
5KPE_2_6_0_id13,1.349952220916748,1.3850317001342773,90.49546296296296,0.76,2,6,94.03907407407412,0.6532297730445862,20.073128,73.82496,-221.90272521972656,2.237902464690032
5KPE_2_6_0_id14,1.2657265663146973,1.2030256986618042,94.11638888888888,0.83,2,6,94.03907407407412,0.6532297730445862,20.073128,73.82496,-220.7392425537109,2.254301989520038
5KPE_2_6_0_id15,1.5347436666488647,1.0898187160491943,91.81194444444444,0.78,2,6,94.03907407407412,0.6532297730445862,20.073128,73.82496,-220.3951110839844,2.0999599032931857
5KPE_2_6_0_id16,1.029373049736023,1.6748660802841187,91.45629629629629,0.77,2,6,94.03907407407412,0.6532297730445862,20.073128,73.82496,-218.96209716796875,2.072810278998481
5KPE_2_6_0_id17,1.1748840808868408,1.2477818727493286,88.91166666666668,0.75,2,6,94.03907407407412,0.6532297730445862,20.073128,73.82496,-218.16140747070312,1.9637209574381511
5KPE_2_6_0_id18,1.0525729656219482,1.2441691160202026,91.41861111111108,0.79,2,6,94.03907407407412,0.6532297730445862,20.073128,73.82496,-216.8427734375,2.0634935167100696
5KPE_2_6_0_id19,1.1304869651794434,1.4658337831497192,88.73907407407407,0.75,2,6,94.03907407407412,0.6532297730445862,20.073128,73.82496,-219.18331909179688,2.09072423864294
5KPE_2_6_0_id2,1.2949033975601196,1.2288662195205688,90.42833333333334,0.75,2,6,94.03907407407412,0.6532297730445862,20.073128,73.82496,-220.9383544921875,2.250926123725044
5KPE_2_6_0_id20,1.2774076461791992,1.3846083879470825,89.11583333333331,0.75,2,6,94.03907407407412,0.6532297730445862,20.073128,73.82496,-221.57606506347656,2.2807355810094765
5KPE_2_6_0_id21,1.39447820186615,1.186080813407898,92.24203703703704,0.79,2,6,94.03907407407412,0.6532297730445862,20.073128,73.82496,-223.0323181152344,2.179329201027199
5KPE_2_6_0_id22,1.287448763847351,1.2701994180679321,93.3700925925926,0.83,2,6,94.03907407407412,0.6532297730445862,20.073128,73.82496,-221.95346069335935,2.1350989165129484
5KPE_2_6_0_id23,1.2416558265686035,1.300199031829834,87.28027777777778,0.71,2,6,94.03907407407412,0.6532297730445862,20.073128,73.82496,-217.71226501464844,2.196362530743634
5KPE_2_6_0_id3,1.0489546060562134,1.3637099266052246,88.7210185185185,0.74,2,6,94.03907407407412,0.6532297730445862,20.073128,73.82496,-221.63003540039065,2.2532385366934315
5KPE_2_6_0_id4,1.3607754707336426,1.1900192499160767,90.89314814814814,0.76,2,6,94.03907407407412,0.6532297730445862,20.073128,73.82496,-218.07318115234372,2.0830696953667536
5KPE_2_6_0_id5,1.0269795656204224,1.6334000825881958,87.80472222222222,0.72,2,6,94.03907407407412,0.6532297730445862,20.073128,73.82496,-216.85385131835935,1.972143950285735
5KPE_2_6_0_id6,1.3705486059188843,1.2695181369781494,88.83379629629633,0.74,2,6,94.03907407407412,0.6532297730445862,20.073128,73.82496,-218.8270263671875,2.019610369646991
5KPE_2_6_0_id7,1.2027719020843506,1.1740667819976807,86.1238888888889,0.71,2,6,94.03907407407412,0.6532297730445862,20.073128,73.82496,-219.76370239257807,2.176936396846065
5KPE_2_6_0_id8,1.1875265836715698,1.3105515241622925,88.10296296296298,0.72,2,6,94.03907407407412,0.6532297730445862,20.073128,73.82496,-216.5045928955078,2.072868064597801
5KPE_2_6_0_id9,1.5054526329040527,1.3312817811965942,91.01518518518516,0.78,2,6,94.03907407407412,0.6532297730445862,20.073128,73.82496,-220.47042846679688,2.122078224464699
5KPE_2_6_1_id0,1.4657349586486816,1.4215928316116333,85.54194444444441,0.7,2,6,92.16425925925928,0.649511992931366,20.4149,74.00362,-220.4563446044922,2.1458909776475696
5KPE_2_6_1_id1,1.1877541542053223,1.546007752418518,90.17842592592596,0.77,2,6,92.16425925925928,0.649511992931366,20.4149,74.00362,-220.22854614257807,2.1420036598488137
5KPE_2_6_1_id10,1.1564100980758667,1.2847216129302979,88.04990740740739,0.71,2,6,92.16425925925928,0.649511992931366,20.4149,74.00362,-221.68295288085935,2.0411625614872686
5KPE_2_6_1_id11,1.1583507061004639,1.3259446620941162,90.29185185185185,0.77,2,6,92.16425925925928,0.649511992931366,20.4149,74.00362,-224.3832855224609,2.0697223522044994
5KPE_2_6_1_id12,1.082289695739746,1.5017950534820557,88.55425925925925,0.72,2,6,92.16425925925928,0.649511992931366,20.4149,74.00362,-221.4874725341797,2.111479865180121
5KPE_2_6_1_id13,1.0256876945495605,1.5431965589523315,90.58333333333331,0.77,2,6,92.16425925925928,0.649511992931366,20.4149,74.00362,-218.3643493652344,1.9986046685112848
5KPE_2_6_1_id14,1.261909008026123,1.3439701795578003,90.46879629629628,0.78,2,6,92.16425925925928,0.649511992931366,20.4149,74.00362,-223.21554565429688,2.134595093903718
5KPE_2_6_1_id15,0.9886359572410583,1.6387279033660889,90.71814814814816,0.76,2,6,92.16425925925928,0.649511992931366,20.4149,74.00362,-221.56158447265625,2.16889727557147
5KPE_2_6_1_id16,1.3198976516723633,1.8959358930587769,88.86064814814816,0.74,2,6,92.16425925925928,0.649511992931366,20.4149,74.00362,-218.6258544921875,2.1395916408962674
5KPE_2_6_1_id17,1.5731312036514282,1.2186843156814575,88.25018518518517,0.74,2,6,92.16425925925928,0.649511992931366,20.4149,74.00362,-221.60369873046875,2.108546786838108
5KPE_2_6_1_id18,1.2859562635421753,1.701400876045227,91.01120370370371,0.78,2,6,92.16425925925928,0.649511992931366,20.4149,74.00362,-218.30276489257807,2.1249843173556857
5KPE_2_6_1_id19,1.2130111455917358,1.169501543045044,90.15694444444443,0.75,2,6,92.16425925925928,0.649511992931366,20.4149,74.00362,-224.1444396972656,2.0759160077130354
5KPE_2_6_1_id2,1.1837739944458008,1.355513572692871,86.96805555555555,0.73,2,6,92.16425925925928,0.649511992931366,20.4149,74.00362,-218.06588745117188,2.137706897876881
5KPE_2_6_1_id20,1.0786868333816528,1.4729653596878052,89.10749999999999,0.73,2,6,92.16425925925928,0.649511992931366,20.4149,74.00362,-224.4603729248047,2.1592621979890048
5KPE_2_6_1_id21,1.2073155641555786,1.3095234632492065,93.51870370370372,0.84,2,6,92.16425925925928,0.649511992931366,20.4149,74.00362,-221.9444580078125,2.157107883029514
5KPE_2_6_1_id22,1.1271108388900757,1.5839519500732422,91.34777777777778,0.78,2,6,92.16425925925928,0.649511992931366,20.4149,74.00362,-219.5609893798828,2.0472689028139466
5KPE_2_6_1_id23,1.1147202253341675,1.3979085683822632,87.5648148148148,0.72,2,6,92.16425925925928,0.649511992931366,20.4149,74.00362,-223.69903564453125,2.116654148808232
5KPE_2_6_1_id3,1.1813154220581055,1.1252121925354004,88.64657407407407,0.73,2,6,92.16425925925928,0.649511992931366,20.4149,74.00362,-220.91896057128903,2.1887328536422164
5KPE_2_6_1_id4,1.0077122449874878,1.502987027168274,90.14296296296295,0.76,2,6,92.16425925925928,0.649511992931366,20.4149,74.00362,-221.1654815673828,2.1241058067039207
5KPE_2_6_1_id5,1.02732253074646,1.5627435445785522,88.45074074074074,0.73,2,6,92.16425925925928,0.649511992931366,20.4149,74.00362,-221.7347869873047,2.1426063820167824
5KPE_2_6_1_id6,1.1123179197311401,1.4010679721832275,90.16388888888888,0.74,2,6,92.16425925925928,0.649511992931366,20.4149,74.00362,-219.9641265869141,2.016678986725984
5KPE_2_6_1_id7,1.2419662475585938,1.2067062854766846,87.46814814814816,0.73,2,6,92.16425925925928,0.649511992931366,20.4149,74.00362,-216.1841278076172,2.134471328170211
5KPE_2_6_1_id8,1.1672179698944092,1.5975133180618286,89.30138888888888,0.73,2,6,92.16425925925928,0.649511992931366,20.4149,74.00362,-222.8666229248047,2.082156711154514
5KPE_2_6_1_id9,1.3038415908813477,1.1200268268585205,91.02842592592594,0.8,2,6,92.16425925925928,0.649511992931366,20.4149,74.00362,-219.470947265625,2.150044900399667
5KPE_2_6_2_id0,1.393718957901001,1.4031373262405396,86.64879629629628,0.69,2,6,93.1987037037037,0.6080113649368286,21.106106,74.888695,-224.1906280517578,2.133497026231554
5KPE_2_6_2_id1,1.0086761713027954,1.3875116109848022,90.0250925925926,0.76,2,6,93.1987037037037,0.6080113649368286,21.106106,74.888695,-221.843017578125,2.113296226218895
5KPE_2_6_2_id10,1.381590723991394,1.310644268989563,85.49398148148148,0.68,2,6,93.1987037037037,0.6080113649368286,21.106106,74.888695,-221.4801483154297,2.14564288104022
5KPE_2_6_2_id11,1.230081558227539,1.0594319105148315,89.50259259259258,0.74,2,6,93.1987037037037,0.6080113649368286,21.106106,74.888695,-221.2226104736328,2.104172883210359
5KPE_2_6_2_id12,1.081397533416748,1.2194631099700928,86.98407407407406,0.7,2,6,93.1987037037037,0.6080113649368286,21.106106,74.888695,-219.6611328125,2.0795824969256365
5KPE_2_6_2_id13,1.3391168117523193,1.1973820924758911,90.03222222222222,0.76,2,6,93.1987037037037,0.6080113649368286,21.106106,74.888695,-219.6502685546875,2.0560459560818143
5KPE_2_6_2_id14,1.1463121175765991,1.110150933265686,90.72638888888888,0.77,2,6,93.1987037037037,0.6080113649368286,21.106106,74.888695,-223.3729553222656,2.108300950792101
5KPE_2_6_2_id15,1.3492945432662964,0.8850747346878052,89.75787037037038,0.76,2,6,93.1987037037037,0.6080113649368286,21.106106,74.888695,-219.1151428222656,2.02213626437717
5KPE_2_6_2_id16,1.3893933296203613,1.2493140697479248,91.2325925925926,0.8,2,6,93.1987037037037,0.6080113649368286,21.106106,74.888695,-223.99171447753903,2.1299626385724104
5KPE_2_6_2_id17,1.3502079248428345,1.62533700466156,91.1726851851852,0.78,2,6,93.1987037037037,0.6080113649368286,21.106106,74.888695,-222.35720825195312,2.1463456330475985
5KPE_2_6_2_id18,1.0304315090179443,1.414947509765625,92.10842592592591,0.81,2,6,93.1987037037037,0.6080113649368286,21.106106,74.888695,-221.83090209960935,2.1107239899811923
5KPE_2_6_2_id19,2.0902786254882812,1.493605136871338,92.79555555555554,0.82,2,6,93.1987037037037,0.6080113649368286,21.106106,74.888695,-220.7139129638672,2.154963175455729
5KPE_2_6_2_id2,0.9987611174583435,1.5337636470794678,90.22768518518517,0.77,2,6,93.1987037037037,0.6080113649368286,21.106106,74.888695,-221.3524169921875,2.1551671911168984
5KPE_2_6_2_id20,1.1789159774780273,1.1569713354110718,88.30222222222221,0.71,2,6,93.1987037037037,0.6080113649368286,21.106106,74.888695,-220.88861083984372,2.162172670717593
5KPE_2_6_2_id21,0.9996564984321594,1.4366953372955322,91.79527777777776,0.79,2,6,93.1987037037037,0.6080113649368286,21.106106,74.888695,-221.1322326660156,2.1435808252405235
5KPE_2_6_2_id22,1.1485493183135986,1.4410207271575928,90.39324074074077,0.78,2,6,93.1987037037037,0.6080113649368286,21.106106,74.888695,-221.2011566162109,2.2039721453631365
5KPE_2_6_2_id23,1.366520643234253,1.1696799993515015,90.25212962962964,0.75,2,6,93.1987037037037,0.6080113649368286,21.106106,74.888695,-216.75173950195312,1.948515150282118
5KPE_2_6_2_id3,1.3636553287506104,1.1658295392990112,89.48157407407409,0.75,2,6,93.1987037037037,0.6080113649368286,21.106106,74.888695,-220.11505126953125,2.116262647840712
5KPE_2_6_2_id4,1.306536316871643,1.1507673263549805,89.44657407407406,0.74,2,6,93.1987037037037,0.6080113649368286,21.106106,74.888695,-219.17091369628903,2.072761818214699
5KPE_2_6_2_id5,1.1375296115875244,1.3608561754226685,90.75648148148149,0.77,2,6,93.1987037037037,0.6080113649368286,21.106106,74.888695,-219.6639404296875,2.202948252360026
5KPE_2_6_2_id6,1.0967319011688232,1.663556694984436,92.23722222222224,0.82,2,6,93.1987037037037,0.6080113649368286,21.106106,74.888695,-221.3621368408203,2.297256187156395
5KPE_2_6_2_id7,1.5650105476379395,1.1537623405456543,92.68268518518518,0.8,2,6,93.1987037037037,0.6080113649368286,21.106106,74.888695,-222.24969482421875,2.085230792010272
5KPE_2_6_2_id8,1.3760161399841309,1.4410645961761475,89.76509259259258,0.76,2,6,93.1987037037037,0.6080113649368286,21.106106,74.888695,-220.14178466796875,2.10687255859375
5KPE_2_6_2_id9,1.1432549953460693,1.3086345195770264,88.17481481481482,0.72,2,6,93.1987037037037,0.6080113649368286,21.106106,74.888695,-221.3150329589844,2.177675600405093
5KPE_2_6_3_id0,1.9071787595748901,1.0380737781524658,91.13157407407408,0.8,2,6,93.5537962962963,0.6331837177276611,20.565151,70.961365,-223.40036010742188,1.8978226273148149
5KPE_2_6_3_id1,1.12070631980896,1.1875953674316406,90.29694444444446,0.75,2,6,93.5537962962963,0.6331837177276611,20.565151,70.961365,-226.36865234375,1.978540208604601
5KPE_2_6_3_id10,1.1342333555221558,1.12117338180542,88.232962962963,0.72,2,6,93.5537962962963,0.6331837177276611,20.565151,70.961365,-223.39898681640625,1.923142327202691
5KPE_2_6_3_id11,1.171656847000122,1.3975071907043457,88.80472222222224,0.76,2,6,93.5537962962963,0.6331837177276611,20.565151,70.961365,-222.7362060546875,1.9677953366880063
5KPE_2_6_3_id12,0.9412384033203125,1.731008768081665,90.61435185185184,0.76,2,6,93.5537962962963,0.6331837177276611,20.565151,70.961365,-223.44546508789065,1.862807379828559
5KPE_2_6_3_id13,1.3072240352630615,1.0362961292266846,89.67546296296295,0.75,2,6,93.5537962962963,0.6331837177276611,20.565151,70.961365,-228.48016357421875,1.919200473361545
5KPE_2_6_3_id14,1.3699090480804443,1.1808263063430786,90.7325925925926,0.77,2,6,93.5537962962963,0.6331837177276611,20.565151,70.961365,-225.38748168945312,1.9577755398220489
5KPE_2_6_3_id15,1.1662018299102783,1.0795737504959106,87.61462962962963,0.7,2,6,93.5537962962963,0.6331837177276611,20.565151,70.961365,-226.5563507080078,1.9851116604275167
5KPE_2_6_3_id16,1.6601999998092651,0.94671231508255,94.68944444444448,0.85,2,6,93.5537962962963,0.6331837177276611,20.565151,70.961365,-224.70806884765625,1.9774196766040943
5KPE_2_6_3_id17,1.09641695022583,1.3117990493774414,89.94425925925925,0.75,2,6,93.5537962962963,0.6331837177276611,20.565151,70.961365,-221.61204528808597,1.91300286187066
5KPE_2_6_3_id18,1.0155977010726929,1.3515352010726929,90.68083333333334,0.76,2,6,93.5537962962963,0.6331837177276611,20.565151,70.961365,-226.24163818359372,2.020848874692564
5KPE_2_6_3_id19,1.513460397720337,1.0420122146606445,90.57888888888886,0.79,2,6,93.5537962962963,0.6331837177276611,20.565151,70.961365,-226.1330718994141,1.86702643500434
5KPE_2_6_3_id2,1.1579142808914185,1.3483203649520874,89.87370370370371,0.76,2,6,93.5537962962963,0.6331837177276611,20.565151,70.961365,-227.0352478027344,1.967108267324942
5KPE_2_6_3_id20,1.313164234161377,1.428601861000061,87.27083333333333,0.73,2,6,93.5537962962963,0.6331837177276611,20.565151,70.961365,-225.00054931640625,2.001034065529152
5KPE_2_6_3_id21,1.2953635454177856,1.1969314813613892,88.48962962962963,0.72,2,6,93.5537962962963,0.6331837177276611,20.565151,70.961365,-226.32818603515625,2.024093910499855
5KPE_2_6_3_id22,1.5242708921432495,1.224650502204895,93.902962962963,0.83,2,6,93.5537962962963,0.6331837177276611,20.565151,70.961365,-226.44586181640625,1.8961355421278208
5KPE_2_6_3_id23,0.9869701862335205,1.4143582582473755,89.5237962962963,0.74,2,6,93.5537962962963,0.6331837177276611,20.565151,70.961365,-226.1571350097656,1.952538384331597
5KPE_2_6_3_id3,0.9644262790679932,1.2893439531326294,91.28898148148149,0.79,2,6,93.5537962962963,0.6331837177276611,20.565151,70.961365,-226.36334228515625,1.9704115125868056
5KPE_2_6_3_id4,1.3214151859283447,1.4262064695358276,88.97398148148147,0.77,2,6,93.5537962962963,0.6331837177276611,20.565151,70.961365,-222.7686767578125,1.9735853407118056
5KPE_2_6_3_id5,1.4944679737091064,1.0104146003723145,90.5503703703704,0.78,2,6,93.5537962962963,0.6331837177276611,20.565151,70.961365,-227.6962432861328,1.9723957203052664
5KPE_2_6_3_id6,1.1225801706314087,1.2861207723617554,88.15953703703701,0.72,2,6,93.5537962962963,0.6331837177276611,20.565151,70.961365,-226.53802490234372,2.015174724437572
5KPE_2_6_3_id7,1.521377682685852,0.953977108001709,92.13879629629628,0.8,2,6,93.5537962962963,0.6331837177276611,20.565151,70.961365,-223.786865234375,1.9200911345305267
5KPE_2_6_3_id8,1.8604131937026978,0.7453694343566895,92.86416666666666,0.82,2,6,93.5537962962963,0.6331837177276611,20.565151,70.961365,-224.4921722412109,1.92409105654116
5KPE_2_6_3_id9,1.2093583345413208,1.169435739517212,87.89999999999999,0.71,2,6,93.5537962962963,0.6331837177276611,20.565151,70.961365,-227.6198272705078,1.950659575285735
5KPE_2_6_4_id0,1.2621235847473145,1.135257601737976,89.16768518518518,0.76,2,6,90.85027777777776,0.7910700440406799,20.939934,76.682724,-220.4969482421875,2.178154980694806
5KPE_2_6_4_id1,1.082558512687683,1.4945998191833496,89.29768518518519,0.76,2,6,90.85027777777776,0.7910700440406799,20.939934,76.682724,-217.1690216064453,2.118118003562645
5KPE_2_6_4_id10,1.4879709482192993,1.3889819383621216,90.86037037037036,0.81,2,6,90.85027777777776,0.7910700440406799,20.939934,76.682724,-216.1532440185547,2.1224471198187933
5KPE_2_6_4_id11,1.1348555088043213,1.6535406112670898,89.73314814814813,0.78,2,6,90.85027777777776,0.7910700440406799,20.939934,76.682724,-215.9022521972656,2.14292229546441
5KPE_2_6_4_id12,1.4495539665222168,1.2148923873901367,87.10555555555555,0.73,2,6,90.85027777777776,0.7910700440406799,20.939934,76.682724,-212.76402282714844,2.0470148722330728
5KPE_2_6_4_id13,1.2260555028915405,1.6996982097625732,90.50824074074076,0.78,2,6,90.85027777777776,0.7910700440406799,20.939934,76.682724,-217.679931640625,2.189118279351129
5KPE_2_6_4_id14,1.6639039516448975,1.4274498224258423,89.15953703703705,0.77,2,6,90.85027777777776,0.7910700440406799,20.939934,76.682724,-219.3052520751953,2.0913798014322915
5KPE_2_6_4_id15,1.1899772882461548,1.409741997718811,89.28759259259259,0.74,2,6,90.85027777777776,0.7910700440406799,20.939934,76.682724,-215.6359405517578,2.094524383544922
5KPE_2_6_4_id16,1.3801193237304688,1.2085916996002197,88.31277777777778,0.72,2,6,90.85027777777776,0.7910700440406799,20.939934,76.682724,-218.67027282714844,2.0711565370912903
5KPE_2_6_4_id17,1.2434121370315552,1.2167776823043823,89.98157407407408,0.77,2,6,90.85027777777776,0.7910700440406799,20.939934,76.682724,-212.06837463378903,2.017052968343099
5KPE_2_6_4_id18,1.2753181457519531,1.2821707725524902,89.64675925925928,0.77,2,6,90.85027777777776,0.7910700440406799,20.939934,76.682724,-217.0099334716797,2.012726253933377
5KPE_2_6_4_id19,1.4607415199279785,1.3208216428756714,85.88916666666667,0.73,2,6,90.85027777777776,0.7910700440406799,20.939934,76.682724,-220.85128784179688,2.2509467513472945
5KPE_2_6_4_id2,1.5404844284057617,1.6426767110824585,90.70064814814816,0.79,2,6,90.85027777777776,0.7910700440406799,20.939934,76.682724,-220.5870361328125,2.198271716082538
5KPE_2_6_4_id20,1.4257049560546875,0.9677127003669739,86.12481481481483,0.7,2,6,90.85027777777776,0.7910700440406799,20.939934,76.682724,-215.28228759765625,2.0345515498408564
5KPE_2_6_4_id21,1.242842674255371,1.1263794898986816,89.03925925925925,0.72,2,6,90.85027777777776,0.7910700440406799,20.939934,76.682724,-211.52239990234372,1.9653539304380063
5KPE_2_6_4_id22,1.38191819190979,1.5072789192199707,89.45592592592592,0.75,2,6,90.85027777777776,0.7910700440406799,20.939934,76.682724,-215.63330078125,2.0384128711841725
5KPE_2_6_4_id23,1.6885391473770142,1.3766670227050781,88.1737037037037,0.76,2,6,90.85027777777776,0.7910700440406799,20.939934,76.682724,-220.86753845214844,2.174807089346426
5KPE_2_6_4_id3,1.3795219659805298,1.4362090826034546,91.37722222222222,0.79,2,6,90.85027777777776,0.7910700440406799,20.939934,76.682724,-218.55198669433597,2.098364653410735
5KPE_2_6_4_id4,0.9306899905204773,1.3696527481079102,87.47990740740741,0.72,2,6,90.85027777777776,0.7910700440406799,20.939934,76.682724,-213.47134399414065,2.062097196225767
5KPE_2_6_4_id5,1.0621658563613892,1.4351047277450562,89.6722222222222,0.76,2,6,90.85027777777776,0.7910700440406799,20.939934,76.682724,-219.00547790527344,2.151655974211516
5KPE_2_6_4_id6,1.2807387113571167,1.2360820770263672,88.07564814814816,0.75,2,6,90.85027777777776,0.7910700440406799,20.939934,76.682724,-214.43215942382807,2.187206127025463
5KPE_2_6_4_id7,1.2508571147918701,1.446040153503418,88.74796296296296,0.74,2,6,90.85027777777776,0.7910700440406799,20.939934,76.682724,-218.6820526123047,2.1662130002622253
5KPE_2_6_4_id8,1.2280217409133911,1.1539839506149292,87.7387037037037,0.73,2,6,90.85027777777776,0.7910700440406799,20.939934,76.682724,-219.8226318359375,2.1660759537308305
5KPE_2_6_4_id9,1.67441987991333,1.2829886674880981,92.04518518518516,0.8,2,6,90.85027777777776,0.7910700440406799,20.939934,76.682724,-219.3875732421875,2.018419901529948
5KPE_2_6_5_id0,1.0315102338790894,1.1823012828826904,89.84009259259258,0.75,2,6,91.71157407407408,0.6970963478088379,20.454456,75.55257,-226.89682006835935,2.1117381343135126
5KPE_2_6_5_id1,1.124733805656433,1.0470349788665771,89.36425925925926,0.75,2,6,91.71157407407408,0.6970963478088379,20.454456,75.55257,-227.2015686035156,2.102591903121383
5KPE_2_6_5_id10,1.0779393911361694,1.267952799797058,91.1435185185185,0.8,2,6,91.71157407407408,0.6970963478088379,20.454456,75.55257,-224.34620666503903,2.121911225495515
5KPE_2_6_5_id11,1.4910600185394287,1.1976542472839355,93.7212037037037,0.82,2,6,91.71157407407408,0.6970963478088379,20.454456,75.55257,-223.61599731445312,1.952598006637008
5KPE_2_6_5_id12,1.0793277025222778,1.131988763809204,90.11203703703704,0.76,2,6,91.71157407407408,0.6970963478088379,20.454456,75.55257,-226.70462036132807,2.068131199589482
5KPE_2_6_5_id13,0.9490696787834167,1.564879059791565,92.95527777777778,0.81,2,6,91.71157407407408,0.6970963478088379,20.454456,75.55257,-223.81141662597656,2.200844093605324
5KPE_2_6_5_id14,1.2070534229278564,1.2139861583709717,89.95268518518517,0.76,2,6,91.71157407407408,0.6970963478088379,20.454456,75.55257,-226.42515563964844,2.0579665855125144
5KPE_2_6_5_id15,0.9659926295280457,1.281867265701294,90.3372222222222,0.76,2,6,91.71157407407408,0.6970963478088379,20.454456,75.55257,-227.0131683349609,2.1462824786150896
5KPE_2_6_5_id16,1.1169309616088867,1.2041211128234863,90.69435185185183,0.77,2,6,91.71157407407408,0.6970963478088379,20.454456,75.55257,-226.01893615722656,2.1478068033854165
5KPE_2_6_5_id17,1.0996665954589844,1.0657469034194946,90.10398148148148,0.77,2,6,91.71157407407408,0.6970963478088379,20.454456,75.55257,-228.62835693359372,2.096896701388889
5KPE_2_6_5_id18,1.2097119092941284,1.0751731395721436,90.22138888888888,0.77,2,6,91.71157407407408,0.6970963478088379,20.454456,75.55257,-226.68716430664065,2.037236249005353
5KPE_2_6_5_id19,1.0150686502456665,1.3842453956604004,90.60675925925926,0.76,2,6,91.71157407407408,0.6970963478088379,20.454456,75.55257,-226.48057556152344,2.118701793529369
5KPE_2_6_5_id2,1.19840407371521,1.0094566345214844,89.25787037037036,0.75,2,6,91.71157407407408,0.6970963478088379,20.454456,75.55257,-226.37213134765625,2.0970696343315973
5KPE_2_6_5_id20,1.1968215703964233,1.0136905908584595,90.72527777777778,0.77,2,6,91.71157407407408,0.6970963478088379,20.454456,75.55257,-226.62745666503903,2.002683568883825
5KPE_2_6_5_id21,1.0024255514144897,1.3849681615829468,88.57314814814815,0.72,2,6,91.71157407407408,0.6970963478088379,20.454456,75.55257,-225.26795959472656,2.049683182327836
5KPE_2_6_5_id22,0.9538348913192749,1.1208547353744507,89.50907407407409,0.72,2,6,91.71157407407408,0.6970963478088379,20.454456,75.55257,-226.1147918701172,2.0765838623046875
5KPE_2_6_5_id23,0.9438849091529846,1.3491791486740112,88.21916666666668,0.73,2,6,91.71157407407408,0.6970963478088379,20.454456,75.55257,-227.1973571777344,2.0455343458387585
5KPE_2_6_5_id3,1.1604934930801392,0.9673922657966614,90.39712962962962,0.77,2,6,91.71157407407408,0.6970963478088379,20.454456,75.55257,-226.1103057861328,2.076165941026476
5KPE_2_6_5_id4,1.0048209428787231,1.2245728969573975,91.32370370370371,0.77,2,6,91.71157407407408,0.6970963478088379,20.454456,75.55257,-227.4879913330078,2.0974163479275174
5KPE_2_6_5_id5,0.9929251670837402,1.31918466091156,90.79064814814816,0.77,2,6,91.71157407407408,0.6970963478088379,20.454456,75.55257,-226.74163818359372,2.06944500958478
5KPE_2_6_5_id6,1.0302430391311646,1.2952065467834473,90.57592592592592,0.76,2,6,91.71157407407408,0.6970963478088379,20.454456,75.55257,-226.9857940673828,2.057983257152416
5KPE_2_6_5_id7,1.0235551595687866,1.326464295387268,90.85583333333332,0.76,2,6,91.71157407407408,0.6970963478088379,20.454456,75.55257,-227.44192504882807,2.1851396913881653
5KPE_2_6_5_id8,1.0371959209442139,1.0547443628311157,88.64370370370372,0.73,2,6,91.71157407407408,0.6970963478088379,20.454456,75.55257,-227.23654174804688,1.961970293963397
5KPE_2_6_5_id9,0.941933274269104,1.16184401512146,87.83175925925926,0.71,2,6,91.71157407407408,0.6970963478088379,20.454456,75.55257,-227.2408142089844,1.9812672932942708
5KPE_2_6_6_id0,1.0645520687103271,1.483065128326416,91.13722222222223,0.79,2,6,89.94546296296296,0.6541405916213989,20.535513,74.7326,-215.68028259277344,2.0740764759205006
5KPE_2_6_6_id1,1.06605064868927,1.4924665689468384,89.1785185185185,0.73,2,6,89.94546296296296,0.6541405916213989,20.535513,74.7326,-214.6210784912109,2.08329744692202
5KPE_2_6_6_id10,1.1081584692001343,1.5293017625808716,88.63574074074076,0.73,2,6,89.94546296296296,0.6541405916213989,20.535513,74.7326,-220.03070068359372,2.1324633845576533
5KPE_2_6_6_id11,1.111480712890625,1.433821201324463,89.75481481481481,0.76,2,6,89.94546296296296,0.6541405916213989,20.535513,74.7326,-218.48472595214844,2.052453217683015
5KPE_2_6_6_id12,1.153882622718811,1.2556407451629639,84.84379629629629,0.67,2,6,89.94546296296296,0.6541405916213989,20.535513,74.7326,-218.3065948486328,2.122794539840133
5KPE_2_6_6_id13,1.293724775314331,1.259141206741333,90.83074074074072,0.78,2,6,89.94546296296296,0.6541405916213989,20.535513,74.7326,-219.17022705078125,2.088736922652633
5KPE_2_6_6_id14,1.2765871286392212,1.8404242992401123,90.8561111111111,0.79,2,6,89.94546296296296,0.6541405916213989,20.535513,74.7326,-217.71847534179688,2.1187609919795283
5KPE_2_6_6_id15,1.5728541612625122,1.5263278484344482,88.66685185185186,0.74,2,6,89.94546296296296,0.6541405916213989,20.535513,74.7326,-216.55825805664065,2.123933297616464
5KPE_2_6_6_id16,1.4472644329071045,1.455657958984375,91.57620370370368,0.76,2,6,89.94546296296296,0.6541405916213989,20.535513,74.7326,-216.34429931640625,1.9990353054470489
5KPE_2_6_6_id17,1.0937156677246094,1.554783821105957,88.95277777777777,0.74,2,6,89.94546296296296,0.6541405916213989,20.535513,74.7326,-218.7769775390625,2.1706711097999856
5KPE_2_6_6_id18,1.4640073776245117,1.2375366687774658,86.65546296296296,0.72,2,6,89.94546296296296,0.6541405916213989,20.535513,74.7326,-220.64434814453125,2.1054037588614003
5KPE_2_6_6_id19,1.345832109451294,1.2782182693481445,88.92953703703704,0.74,2,6,89.94546296296296,0.6541405916213989,20.535513,74.7326,-220.57272338867188,2.090192441587095
5KPE_2_6_6_id2,1.4555259943008423,1.06364107131958,90.94324074074072,0.78,2,6,89.94546296296296,0.6541405916213989,20.535513,74.7326,-218.55674743652344,2.02645026312934
5KPE_2_6_6_id20,1.326833963394165,1.0679618120193481,89.775,0.74,2,6,89.94546296296296,0.6541405916213989,20.535513,74.7326,-219.4978790283203,2.0293071888111256
5KPE_2_6_6_id21,1.1182925701141357,1.2216739654541016,88.89416666666668,0.73,2,6,89.94546296296296,0.6541405916213989,20.535513,74.7326,-216.2755126953125,2.0633821840639466
5KPE_2_6_6_id22,1.5913852453231812,1.1879997253417969,88.71444444444442,0.73,2,6,89.94546296296296,0.6541405916213989,20.535513,74.7326,-220.33477783203125,2.064727076777705
5KPE_2_6_6_id23,1.5275769233703613,1.438105821609497,87.42527777777778,0.7,2,6,89.94546296296296,0.6541405916213989,20.535513,74.7326,-221.6574249267578,2.2316956696686923
5KPE_2_6_6_id3,1.2961500883102417,1.1176530122756958,88.00722222222223,0.71,2,6,89.94546296296296,0.6541405916213989,20.535513,74.7326,-218.83474731445312,2.021575362594039
5KPE_2_6_6_id4,1.2405766248703003,1.3521701097488403,89.2825925925926,0.75,2,6,89.94546296296296,0.6541405916213989,20.535513,74.7326,-219.96728515625,2.1508221096462674
5KPE_2_6_6_id5,1.3582680225372314,1.3472422361373901,88.36231481481482,0.72,2,6,89.94546296296296,0.6541405916213989,20.535513,74.7326,-220.7836761474609,2.0874686064543546
5KPE_2_6_6_id6,1.544558048248291,1.2683005332946777,89.32601851851851,0.73,2,6,89.94546296296296,0.6541405916213989,20.535513,74.7326,-219.10731506347656,2.050315291793258
5KPE_2_6_6_id7,1.1808041334152222,1.228293538093567,88.39916666666669,0.73,2,6,89.94546296296296,0.6541405916213989,20.535513,74.7326,-222.4885406494141,2.0451046978985823
5KPE_2_6_6_id8,1.539613962173462,1.0133198499679565,89.65675925925926,0.77,2,6,89.94546296296296,0.6541405916213989,20.535513,74.7326,-217.95872497558597,1.972656108714916
5KPE_2_6_6_id9,1.103745460510254,1.4513766765594482,88.81509259259258,0.74,2,6,89.94546296296296,0.6541405916213989,20.535513,74.7326,-219.43624877929688,2.1398237722891347
5KPE_2_6_7_id0,1.4228169918060303,1.1823159456253052,92.80361111111112,0.8,2,6,94.67425925925926,0.641792356967926,20.03351,73.22822,-221.8107452392578,2.021794354474103
5KPE_2_6_7_id1,1.4564729928970337,1.1712124347686768,92.7575925925926,0.81,2,6,94.67425925925926,0.641792356967926,20.03351,73.22822,-221.0284423828125,2.015441329390914
5KPE_2_6_7_id10,1.142703890800476,1.3742371797561646,93.37425925925923,0.84,2,6,94.67425925925926,0.641792356967926,20.03351,73.22822,-221.98182678222656,2.1455750641999423
5KPE_2_6_7_id11,1.0909501314163208,1.2010287046432495,88.87314814814816,0.73,2,6,94.67425925925926,0.641792356967926,20.03351,73.22822,-225.1216583251953,2.0709246882685908
5KPE_2_6_7_id12,1.0487669706344604,1.6944242715835571,91.51064814814816,0.82,2,6,94.67425925925926,0.641792356967926,20.03351,73.22822,-214.31222534179688,2.156653227629485
5KPE_2_6_7_id13,1.0310852527618408,1.2231510877609253,89.82685185185184,0.74,2,6,94.67425925925926,0.641792356967926,20.03351,73.22822,-222.8125915527344,2.135146247016059
5KPE_2_6_7_id14,1.7345890998840332,1.0540555715560913,89.30925925925928,0.76,2,6,94.67425925925926,0.641792356967926,20.03351,73.22822,-221.20111083984372,2.04323238796658
5KPE_2_6_7_id15,1.3803480863571167,1.2015581130981445,89.13120370370372,0.76,2,6,94.67425925925926,0.641792356967926,20.03351,73.22822,-220.81292724609372,2.152772974084925
5KPE_2_6_7_id16,1.1026512384414673,1.2407286167144775,88.65101851851853,0.75,2,6,94.67425925925926,0.641792356967926,20.03351,73.22822,-222.45291137695312,2.165027477123119
5KPE_2_6_7_id17,1.280953288078308,1.1400529146194458,90.20314814814816,0.78,2,6,94.67425925925926,0.641792356967926,20.03351,73.22822,-222.35003662109372,2.151992515281395
5KPE_2_6_7_id18,1.4636807441711426,1.136892557144165,89.48962962962963,0.74,2,6,94.67425925925926,0.641792356967926,20.03351,73.22822,-223.19039916992188,1.960105472140842
5KPE_2_6_7_id19,1.093693494796753,1.22284734249115,89.15305555555557,0.73,2,6,94.67425925925926,0.641792356967926,20.03351,73.22822,-225.37892150878903,2.122956735116464
5KPE_2_6_7_id2,1.1984421014785767,1.1548055410385132,92.28814814814815,0.82,2,6,94.67425925925926,0.641792356967926,20.03351,73.22822,-221.16087341308597,2.134537873444734
5KPE_2_6_7_id20,1.2389658689498901,1.2510448694229126,89.22648148148147,0.77,2,6,94.67425925925926,0.641792356967926,20.03351,73.22822,-218.75942993164065,2.1480719954879195
5KPE_2_6_7_id21,1.2385257482528687,1.3208309412002563,88.12722222222222,0.72,2,6,94.67425925925926,0.641792356967926,20.03351,73.22822,-220.9358062744141,2.044286374692564
5KPE_2_6_7_id22,1.39710533618927,1.2571742534637451,92.67046296296296,0.82,2,6,94.67425925925926,0.641792356967926,20.03351,73.22822,-222.71206665039065,2.0993204470034
5KPE_2_6_7_id23,1.2669556140899658,1.1465929746627808,87.5149074074074,0.71,2,6,94.67425925925926,0.641792356967926,20.03351,73.22822,-220.92355346679688,2.0373532330548323
5KPE_2_6_7_id3,1.1354621648788452,1.359802007675171,90.5350925925926,0.78,2,6,94.67425925925926,0.641792356967926,20.03351,73.22822,-223.27804565429688,2.1065408212167247
5KPE_2_6_7_id4,1.2686188220977783,1.3164366483688354,92.6375,0.8,2,6,94.67425925925926,0.641792356967926,20.03351,73.22822,-219.0417633056641,2.0687768724229603
5KPE_2_6_7_id5,1.6533312797546387,1.1434587240219116,93.3387962962963,0.8,2,6,94.67425925925926,0.641792356967926,20.03351,73.22822,-220.8983917236328,2.085957279911748
5KPE_2_6_7_id6,1.438989520072937,1.0433409214019775,87.25916666666669,0.7,2,6,94.67425925925926,0.641792356967926,20.03351,73.22822,-222.47555541992188,2.0585609718605324
5KPE_2_6_7_id7,0.9530408978462219,1.2272652387619019,93.49,0.83,2,6,94.67425925925926,0.641792356967926,20.03351,73.22822,-223.65206909179688,2.105393586335359
5KPE_2_6_7_id8,1.5206855535507202,1.2460546493530273,91.7375,0.79,2,6,94.67425925925926,0.641792356967926,20.03351,73.22822,-224.82107543945312,2.1023316559968173
5KPE_2_6_7_id9,1.2339425086975098,1.2903355360031128,88.94175925925927,0.74,2,6,94.67425925925926,0.641792356967926,20.03351,73.22822,-222.78900146484372,2.071057637532552
5KPE_2_6_8_id0,1.227006435394287,1.2317490577697754,87.54777777777775,0.73,2,6,93.28907407407408,0.7107722163200378,20.388544,75.3248,-220.8093414306641,2.235589062726056
5KPE_2_6_8_id1,0.9930241107940674,1.627435564994812,91.40712962962964,0.8,2,6,93.28907407407408,0.7107722163200378,20.388544,75.3248,-217.98724365234372,2.11021649395978
5KPE_2_6_8_id10,1.1858159303665161,1.295631766319275,89.29740740740739,0.76,2,6,93.28907407407408,0.7107722163200378,20.388544,75.3248,-219.4396514892578,2.2358505814163774
5KPE_2_6_8_id11,1.053593635559082,1.4798561334609985,88.32907407407407,0.71,2,6,93.28907407407408,0.7107722163200378,20.388544,75.3248,-215.64035034179688,2.276126720287181
5KPE_2_6_8_id12,1.1633672714233398,1.021228551864624,90.3697222222222,0.76,2,6,93.28907407407408,0.7107722163200378,20.388544,75.3248,-216.10150146484372,2.1619302255136
5KPE_2_6_8_id13,1.4022613763809204,1.1424522399902344,91.0,0.76,2,6,93.28907407407408,0.7107722163200378,20.388544,75.3248,-222.6027984619141,2.2201244212962963
5KPE_2_6_8_id14,1.1387995481491089,1.3563975095748901,88.57944444444448,0.75,2,6,93.28907407407408,0.7107722163200378,20.388544,75.3248,-218.54977416992188,2.1965450710720487
5KPE_2_6_8_id15,1.1277631521224976,1.3040622472763062,91.50583333333336,0.78,2,6,93.28907407407408,0.7107722163200378,20.388544,75.3248,-216.13742065429688,2.143741325095848
5KPE_2_6_8_id16,0.8838896751403809,1.4294002056121826,90.0726851851852,0.74,2,6,93.28907407407408,0.7107722163200378,20.388544,75.3248,-219.68605041503903,2.0190607706705728
5KPE_2_6_8_id17,1.1129685640335083,1.494566798210144,89.23694444444445,0.76,2,6,93.28907407407408,0.7107722163200378,20.388544,75.3248,-220.7008514404297,2.27033120614511
5KPE_2_6_8_id18,1.2437715530395508,1.1574417352676392,92.28296296296296,0.8,2,6,93.28907407407408,0.7107722163200378,20.388544,75.3248,-220.4261016845703,2.179721408420139
5KPE_2_6_8_id19,1.0200159549713135,1.4566243886947632,91.6802777777778,0.81,2,6,93.28907407407408,0.7107722163200378,20.388544,75.3248,-220.25604248046875,2.0598250495062933
5KPE_2_6_8_id2,1.1397634744644165,1.0149903297424316,88.50833333333334,0.73,2,6,93.28907407407408,0.7107722163200378,20.388544,75.3248,-219.73269653320312,2.301004763002749
5KPE_2_6_8_id20,1.0334500074386597,1.393760085105896,91.17314814814816,0.8,2,6,93.28907407407408,0.7107722163200378,20.388544,75.3248,-219.94976806640625,2.073642024287471
5KPE_2_6_8_id21,1.0950274467468262,1.2391022443771362,88.61925925925925,0.74,2,6,93.28907407407408,0.7107722163200378,20.388544,75.3248,-220.80218505859372,2.231210779260706
5KPE_2_6_8_id22,1.8935012817382812,1.0233566761016846,90.96212962962962,0.79,2,6,93.28907407407408,0.7107722163200378,20.388544,75.3248,-214.5779571533203,2.0416022406684027
5KPE_2_6_8_id23,0.8959507942199707,1.5975596904754639,90.29157407407408,0.76,2,6,93.28907407407408,0.7107722163200378,20.388544,75.3248,-218.51223754882807,2.11648107458044
5KPE_2_6_8_id3,1.3991224765777588,1.1110775470733643,89.23361111111113,0.75,2,6,93.28907407407408,0.7107722163200378,20.388544,75.3248,-219.20155334472656,2.22344970703125
5KPE_2_6_8_id4,1.1308270692825317,1.2434664964675903,87.62787037037036,0.71,2,6,93.28907407407408,0.7107722163200378,20.388544,75.3248,-221.15573120117188,2.322688067400897
5KPE_2_6_8_id5,1.5210312604904175,1.0997133255004883,89.76212962962964,0.77,2,6,93.28907407407408,0.7107722163200378,20.388544,75.3248,-220.49534606933597,2.198610093858507
5KPE_2_6_8_id6,1.280638337135315,1.433353066444397,91.37916666666668,0.76,2,6,93.28907407407408,0.7107722163200378,20.388544,75.3248,-221.0118560791016,2.205243004692925
5KPE_2_6_8_id7,1.0961809158325195,1.4383468627929688,86.94351851851853,0.7,2,6,93.28907407407408,0.7107722163200378,20.388544,75.3248,-220.73895263671875,2.313539575647425
5KPE_2_6_8_id8,1.2887687683105469,1.2361985445022583,87.20675925925926,0.7,2,6,93.28907407407408,0.7107722163200378,20.388544,75.3248,-223.23846435546875,2.1930256596318
5KPE_2_6_8_id9,1.154791235923767,1.0422756671905518,90.26453703703704,0.75,2,6,93.28907407407408,0.7107722163200378,20.388544,75.3248,-217.66635131835935,2.093262283890336
5KPE_2_6_9_id0,1.645908236503601,1.1708980798721313,90.63055555555556,0.8,2,6,95.2987962962963,0.5640602111816406,20.21626,73.83655,-227.54052734375,1.98529702645761
5KPE_2_6_9_id1,1.1278138160705566,1.3653067350387573,90.77675925925924,0.76,2,6,95.2987962962963,0.5640602111816406,20.21626,73.83655,-225.6770477294922,1.9540608723958333
5KPE_2_6_9_id10,1.651442527770996,1.1337367296218872,87.79074074074073,0.75,2,6,95.2987962962963,0.5640602111816406,20.21626,73.83655,-223.10372924804688,1.9673792521158853
5KPE_2_6_9_id11,1.095892071723938,1.2850701808929443,87.12296296296297,0.69,2,6,95.2987962962963,0.5640602111816406,20.21626,73.83655,-227.7720489501953,1.9781087239583333
5KPE_2_6_9_id12,1.0764039754867554,1.8375529050827026,92.56879629629633,0.83,2,6,95.2987962962963,0.5640602111816406,20.21626,73.83655,-222.2106475830078,2.0206033212167247
5KPE_2_6_9_id13,1.8324954509735107,1.1928397417068481,93.30203703703704,0.81,2,6,95.2987962962963,0.5640602111816406,20.21626,73.83655,-225.24148559570312,1.963827203821253
5KPE_2_6_9_id14,1.3634722232818604,0.946014404296875,87.04111111111109,0.69,2,6,95.2987962962963,0.5640602111816406,20.21626,73.83655,-222.26011657714844,1.90630778559932
5KPE_2_6_9_id15,1.1642158031463623,1.4585188627243042,89.9435185185185,0.76,2,6,95.2987962962963,0.5640602111816406,20.21626,73.83655,-224.03594970703125,2.148201836480035
5KPE_2_6_9_id16,1.289231300354004,0.9204950332641602,88.5674074074074,0.74,2,6,95.2987962962963,0.5640602111816406,20.21626,73.83655,-223.34054565429688,1.9663241351092304
5KPE_2_6_9_id17,1.008853793144226,1.4102872610092163,88.90296296296295,0.74,2,6,95.2987962962963,0.5640602111816406,20.21626,73.83655,-223.8219451904297,1.976856655544705
5KPE_2_6_9_id18,1.1730879545211792,1.203345537185669,87.49175925925928,0.71,2,6,95.2987962962963,0.5640602111816406,20.21626,73.83655,-225.53607177734372,1.913734436035156
5KPE_2_6_9_id19,1.2233866453170776,0.9991592168807983,92.3812962962963,0.8,2,6,95.2987962962963,0.5640602111816406,20.21626,73.83655,-226.1728515625,1.9099132396556715
5KPE_2_6_9_id2,0.9616819024085999,1.4048899412155151,89.75500000000004,0.76,2,6,95.2987962962963,0.5640602111816406,20.21626,73.83655,-226.1869659423828,2.1958191483109086
5KPE_2_6_9_id20,1.3962550163269043,0.8665381669998169,91.25935185185186,0.79,2,6,95.2987962962963,0.5640602111816406,20.21626,73.83655,-224.86656188964844,1.9423076488353588
5KPE_2_6_9_id21,1.723247766494751,1.2305299043655396,88.59962962962962,0.74,2,6,95.2987962962963,0.5640602111816406,20.21626,73.83655,-224.63162231445312,1.9548048796477144
5KPE_2_6_9_id22,1.5484038591384888,0.999924898147583,91.08527777777778,0.79,2,6,95.2987962962963,0.5640602111816406,20.21626,73.83655,-227.00677490234372,1.9418473420319733
5KPE_2_6_9_id23,1.2504982948303223,0.9032105803489685,90.69074074074076,0.76,2,6,95.2987962962963,0.5640602111816406,20.21626,73.83655,-225.17251586914065,2.0328752023202403
5KPE_2_6_9_id3,1.29598069190979,1.202993631362915,88.54166666666667,0.74,2,6,95.2987962962963,0.5640602111816406,20.21626,73.83655,-225.7450408935547,1.949755350748698
5KPE_2_6_9_id4,1.010694146156311,1.2817848920822144,89.72027777777778,0.77,2,6,95.2987962962963,0.5640602111816406,20.21626,73.83655,-226.1550445556641,2.06812173348886
5KPE_2_6_9_id5,1.0308895111083984,1.1284362077713013,91.54425925925926,0.79,2,6,95.2987962962963,0.5640602111816406,20.21626,73.83655,-226.99090576171875,1.9484450728804976
5KPE_2_6_9_id6,1.296017050743103,1.1698780059814453,91.02648148148148,0.78,2,6,95.2987962962963,0.5640602111816406,20.21626,73.83655,-227.6225128173828,1.9524479618778936
5KPE_2_6_9_id7,1.596894383430481,1.1037031412124634,90.54777777777778,0.78,2,6,95.2987962962963,0.5640602111816406,20.21626,73.83655,-224.15679931640625,1.858728196885851
5KPE_2_6_9_id8,0.9672778248786926,1.3654974699020386,88.33046296296295,0.74,2,6,95.2987962962963,0.5640602111816406,20.21626,73.83655,-227.41500854492188,1.9570733529550053
5KPE_2_6_9_id9,1.984740138053894,0.9236353039741516,94.01092592592592,0.83,2,6,95.2987962962963,0.5640602111816406,20.21626,73.83655,-225.47496032714844,1.9352270055700231
5KPE_2_8_0_id0,1.163831114768982,1.2458224296569824,90.06157407407409,0.78,2,8,90.80611111111112,0.532431960105896,20.278904,73.07307,-219.31948852539065,2.0625853361906827
5KPE_2_8_0_id1,1.4043352603912354,1.0604990720748901,87.27240740740744,0.72,2,8,90.80611111111112,0.532431960105896,20.278904,73.07307,-219.8865966796875,2.071884155273437
5KPE_2_8_0_id10,0.9143583178520203,1.202089548110962,88.91185185185184,0.72,2,8,90.80611111111112,0.532431960105896,20.278904,73.07307,-215.9217834472656,2.106494762279369
5KPE_2_8_0_id11,1.0104949474334717,1.3295503854751587,88.5012037037037,0.72,2,8,90.80611111111112,0.532431960105896,20.278904,73.07307,-220.3660430908203,2.0714747111002603
5KPE_2_8_0_id12,1.4293056726455688,1.275622010231018,88.36620370370372,0.74,2,8,90.80611111111112,0.532431960105896,20.278904,73.07307,-219.762451171875,2.0830954092520253
5KPE_2_8_0_id13,1.3141080141067505,0.9939820766448975,87.75907407407406,0.72,2,8,90.80611111111112,0.532431960105896,20.278904,73.07307,-220.70138549804688,1.8731267010724104
5KPE_2_8_0_id14,1.2427253723144531,1.2488778829574585,91.30916666666668,0.77,2,8,90.80611111111112,0.532431960105896,20.278904,73.07307,-217.6979522705078,1.9238560994466145
5KPE_2_8_0_id15,1.0119762420654297,1.2205299139022827,88.48925925925926,0.75,2,8,90.80611111111112,0.532431960105896,20.278904,73.07307,-222.36273193359372,2.043540954589844
5KPE_2_8_0_id16,1.2497082948684692,1.2148020267486572,85.91435185185185,0.69,2,8,90.80611111111112,0.532431960105896,20.278904,73.07307,-216.78103637695312,1.872352600097656
5KPE_2_8_0_id17,1.1489624977111816,1.1083030700683594,87.51416666666667,0.71,2,8,90.80611111111112,0.532431960105896,20.278904,73.07307,-218.5990295410156,2.1763184158890336
5KPE_2_8_0_id18,1.593551754951477,1.1289749145507812,84.81212962962962,0.68,2,8,90.80611111111112,0.532431960105896,20.278904,73.07307,-218.2344665527344,2.013925905580874
5KPE_2_8_0_id19,1.1342130899429321,0.9839997291564941,88.46990740740739,0.74,2,8,90.80611111111112,0.532431960105896,20.278904,73.07307,-217.5648498535156,2.016182228370949
5KPE_2_8_0_id2,1.0614148378372192,1.3066391944885254,89.17583333333332,0.73,2,8,90.80611111111112,0.532431960105896,20.278904,73.07307,-221.97303771972656,2.0256935402199074
5KPE_2_8_0_id20,1.0702770948410034,1.2603764533996582,89.46046296296296,0.76,2,8,90.80611111111112,0.532431960105896,20.278904,73.07307,-221.1399383544922,2.064288951732494
5KPE_2_8_0_id21,1.4913108348846436,1.1424922943115234,90.43018518518518,0.75,2,8,90.80611111111112,0.532431960105896,20.278904,73.07307,-217.29150390625,1.944780420373988
5KPE_2_8_0_id22,1.2919954061508179,1.239187479019165,89.71388888888889,0.75,2,8,90.80611111111112,0.532431960105896,20.278904,73.07307,-220.0599670410156,1.905319920292607
5KPE_2_8_0_id23,1.277420163154602,1.102704405784607,88.91574074074076,0.72,2,8,90.80611111111112,0.532431960105896,20.278904,73.07307,-220.89450073242188,1.9192287303783275
5KPE_2_8_0_id3,1.4402767419815063,0.9633493423461914,90.08703703703704,0.76,2,8,90.80611111111112,0.532431960105896,20.278904,73.07307,-219.0733642578125,2.085250995777272
5KPE_2_8_0_id4,1.3276898860931396,1.3600414991378784,91.22814814814814,0.77,2,8,90.80611111111112,0.532431960105896,20.278904,73.07307,-218.1844940185547,2.117264924225984
5KPE_2_8_0_id5,1.141370415687561,0.9903576374053955,88.09407407407407,0.71,2,8,90.80611111111112,0.532431960105896,20.278904,73.07307,-221.94371032714844,2.018922311288339
5KPE_2_8_0_id6,1.5058540105819702,1.2075773477554321,88.3716666666667,0.72,2,8,90.80611111111112,0.532431960105896,20.278904,73.07307,-221.36614990234372,1.9730166682490595
5KPE_2_8_0_id7,1.0817466974258423,1.2069098949432373,86.75027777777778,0.74,2,8,90.80611111111112,0.532431960105896,20.278904,73.07307,-214.43431091308597,2.0353462784378618
5KPE_2_8_0_id8,1.1127803325653076,1.173352837562561,87.04814814814814,0.69,2,8,90.80611111111112,0.532431960105896,20.278904,73.07307,-217.0372467041016,1.9305312545211224
5KPE_2_8_0_id9,1.5315228700637817,1.3524806499481201,90.12694444444443,0.77,2,8,90.80611111111112,0.532431960105896,20.278904,73.07307,-220.2270965576172,2.082949744330512
5KPE_2_8_1_id0,1.5901119709014893,1.0164763927459717,89.73092592592593,0.76,2,8,89.77796296296295,0.6932982802391052,20.434319,74.70899,-222.0051422119141,2.081517254864728
5KPE_2_8_1_id1,1.5190399885177612,0.9314185976982117,90.17046296296296,0.76,2,8,89.77796296296295,0.6932982802391052,20.434319,74.70899,-216.74984741210935,2.024698186803747
5KPE_2_8_1_id10,1.1424058675765991,1.095183253288269,91.3497222222222,0.8,2,8,89.77796296296295,0.6932982802391052,20.434319,74.70899,-221.37124633789065,2.2025703147605613
5KPE_2_8_1_id11,1.6054232120513916,0.9393617510795593,89.87648148148149,0.77,2,8,89.77796296296295,0.6932982802391052,20.434319,74.70899,-222.8622894287109,2.1370713975694446
5KPE_2_8_1_id12,1.27069091796875,1.2407633066177368,88.1342592592593,0.72,2,8,89.77796296296295,0.6932982802391052,20.434319,74.70899,-225.82994079589844,2.046840102584273
5KPE_2_8_1_id13,1.074447512626648,1.1223423480987549,91.03787037037036,0.77,2,8,89.77796296296295,0.6932982802391052,20.434319,74.70899,-221.12008666992188,2.320801911530672
5KPE_2_8_1_id14,1.2479490041732788,1.227240800857544,88.78101851851854,0.72,2,8,89.77796296296295,0.6932982802391052,20.434319,74.70899,-225.6663055419922,2.047961764865452
5KPE_2_8_1_id15,1.5127363204956055,0.9693189263343811,91.28666666666666,0.77,2,8,89.77796296296295,0.6932982802391052,20.434319,74.70899,-220.34349060058597,2.029714231137876
5KPE_2_8_1_id16,1.3416862487792969,1.1615937948226929,91.73064814814812,0.78,2,8,89.77796296296295,0.6932982802391052,20.434319,74.70899,-222.4967041015625,2.225234278926143
5KPE_2_8_1_id17,1.8591911792755127,0.9765844941139221,91.17277777777778,0.79,2,8,89.77796296296295,0.6932982802391052,20.434319,74.70899,-225.35157775878903,2.020903128164786
5KPE_2_8_1_id18,1.2967441082000732,1.1658726930618286,89.71509259259258,0.75,2,8,89.77796296296295,0.6932982802391052,20.434319,74.70899,-223.09649658203125,2.030554594816985
5KPE_2_8_1_id19,1.6460353136062622,1.304786205291748,89.16287037037036,0.76,2,8,89.77796296296295,0.6932982802391052,20.434319,74.70899,-224.24305725097656,1.99171546653465
5KPE_2_8_1_id2,1.1632699966430664,1.3508999347686768,88.77148148148146,0.72,2,8,89.77796296296295,0.6932982802391052,20.434319,74.70899,-222.3787078857422,2.0727750990125866
5KPE_2_8_1_id20,1.17779541015625,1.3289194107055664,91.59379629629628,0.82,2,8,89.77796296296295,0.6932982802391052,20.434319,74.70899,-222.33189392089844,2.176094055175781
5KPE_2_8_1_id21,1.311587929725647,1.1461491584777832,86.87824074074076,0.68,2,8,89.77796296296295,0.6932982802391052,20.434319,74.70899,-219.90159606933597,2.0379664103190103
5KPE_2_8_1_id22,1.5268535614013672,0.9139009714126587,90.42694444444444,0.83,2,8,89.77796296296295,0.6932982802391052,20.434319,74.70899,-220.48391723632807,2.1736023514359086
5KPE_2_8_1_id23,1.7321511507034302,0.9991914629936218,92.4325925925926,0.82,2,8,89.77796296296295,0.6932982802391052,20.434319,74.70899,-219.55105590820312,2.084460081877532
5KPE_2_8_1_id3,1.589859962463379,0.9965501427650452,92.77462962962964,0.81,2,8,89.77796296296295,0.6932982802391052,20.434319,74.70899,-220.4317321777344,2.227094438340929
5KPE_2_8_1_id4,1.2403476238250732,0.9964505434036255,90.4038888888889,0.78,2,8,89.77796296296295,0.6932982802391052,20.434319,74.70899,-219.9912567138672,2.176545602303964
5KPE_2_8_1_id5,1.2054429054260254,1.2407068014144897,88.95574074074074,0.74,2,8,89.77796296296295,0.6932982802391052,20.434319,74.70899,-222.42950439453125,2.1822581821017795
5KPE_2_8_1_id6,1.6425119638442993,1.1585766077041626,94.30472222222222,0.83,2,8,89.77796296296295,0.6932982802391052,20.434319,74.70899,-224.4330902099609,2.207705744990596
5KPE_2_8_1_id7,1.0314862728118896,1.2460520267486572,90.49333333333334,0.79,2,8,89.77796296296295,0.6932982802391052,20.434319,74.70899,-220.9792633056641,2.196654708297164
5KPE_2_8_1_id8,1.514161467552185,1.0906072854995728,88.72703703703702,0.73,2,8,89.77796296296295,0.6932982802391052,20.434319,74.70899,-225.58444213867188,2.0304248951099537
5KPE_2_8_1_id9,1.6581541299819946,0.9768214225769043,90.42583333333334,0.78,2,8,89.77796296296295,0.6932982802391052,20.434319,74.70899,-223.95989990234372,2.278201633029514
5KPE_2_8_2_id0,1.3387130498886108,1.1079106330871582,87.36916666666666,0.73,2,8,94.71222222222222,0.5293660759925842,19.967705,71.7622,-222.4951171875,2.149848655418113
5KPE_2_8_2_id1,1.1194547414779663,1.0881110429763794,86.63824074074074,0.69,2,8,94.71222222222222,0.5293660759925842,19.967705,71.7622,-220.6199951171875,2.006397529884621
5KPE_2_8_2_id10,1.5421184301376343,1.111306071281433,90.41657407407408,0.77,2,8,94.71222222222222,0.5293660759925842,19.967705,71.7622,-222.4479217529297,2.06064690483941
5KPE_2_8_2_id11,1.3016449213027954,0.887286365032196,86.53296296296296,0.7,2,8,94.71222222222222,0.5293660759925842,19.967705,71.7622,-222.00547790527344,2.1912453262894243
5KPE_2_8_2_id12,1.4222803115844727,1.0035712718963623,86.33796296296298,0.67,2,8,94.71222222222222,0.5293660759925842,19.967705,71.7622,-221.1024169921875,2.017840491400825
5KPE_2_8_2_id13,1.0363614559173584,1.5631195306777954,91.01777777777777,0.79,2,8,94.71222222222222,0.5293660759925842,19.967705,71.7622,-217.79290771484372,2.20535546761972
5KPE_2_8_2_id14,1.1230584383010864,1.2891795635223389,87.80916666666668,0.7,2,8,94.71222222222222,0.5293660759925842,19.967705,71.7622,-220.9626617431641,2.1870221738462097
5KPE_2_8_2_id15,1.2628545761108398,1.2426456212997437,88.47157407407407,0.75,2,8,94.71222222222222,0.5293660759925842,19.967705,71.7622,-221.6317901611328,2.173824734157986
5KPE_2_8_2_id16,1.6612904071807861,1.0501859188079834,90.14851851851854,0.78,2,8,94.71222222222222,0.5293660759925842,19.967705,71.7622,-220.7024383544922,2.084948786982784
5KPE_2_8_2_id17,1.2049078941345215,1.1915675401687622,88.75129629629629,0.75,2,8,94.71222222222222,0.5293660759925842,19.967705,71.7622,-221.8675537109375,2.07602380823206
5KPE_2_8_2_id18,1.30476713180542,1.0353459119796753,88.31425925925926,0.75,2,8,94.71222222222222,0.5293660759925842,19.967705,71.7622,-223.74253845214844,2.147980584038629
5KPE_2_8_2_id19,1.4169005155563354,1.432120442390442,89.03472222222224,0.72,2,8,94.71222222222222,0.5293660759925842,19.967705,71.7622,-223.50711059570312,2.183623419867621
5KPE_2_8_2_id2,0.9994862675666809,1.2464901208877563,88.47324074074074,0.74,2,8,94.71222222222222,0.5293660759925842,19.967705,71.7622,-220.1458740234375,2.2038000601309315
5KPE_2_8_2_id20,1.5250412225723267,1.1890332698822021,89.78925925925927,0.77,2,8,94.71222222222222,0.5293660759925842,19.967705,71.7622,-218.7144775390625,2.137699833622685
5KPE_2_8_2_id21,1.072769045829773,1.3426202535629272,87.86222222222223,0.71,2,8,94.71222222222222,0.5293660759925842,19.967705,71.7622,-223.25537109375,2.154648533573857
5KPE_2_8_2_id22,1.3417524099349976,0.9944409728050232,86.38212962962963,0.73,2,8,94.71222222222222,0.5293660759925842,19.967705,71.7622,-219.20245361328125,2.131326180917245
5KPE_2_8_2_id23,1.1926430463790894,1.1342006921768188,92.33851851851853,0.81,2,8,94.71222222222222,0.5293660759925842,19.967705,71.7622,-223.1961669921875,2.1921248259367765
5KPE_2_8_2_id3,1.0363671779632568,1.3548810482025146,87.93416666666666,0.72,2,8,94.71222222222222,0.5293660759925842,19.967705,71.7622,-219.7644500732422,2.019365381311488
5KPE_2_8_2_id4,1.1828453540802002,1.1498764753341675,91.30481481481485,0.79,2,8,94.71222222222222,0.5293660759925842,19.967705,71.7622,-221.8617248535156,2.2870585123697915
5KPE_2_8_2_id5,1.395937204360962,1.1120097637176514,89.35601851851851,0.76,2,8,94.71222222222222,0.5293660759925842,19.967705,71.7622,-220.485595703125,2.169941654911748
5KPE_2_8_2_id6,1.1503392457962036,1.3110263347625732,86.89601851851852,0.69,2,8,94.71222222222222,0.5293660759925842,19.967705,71.7622,-220.07774353027344,1.9762841683846928
5KPE_2_8_2_id7,1.231447458267212,1.1074436902999878,88.56583333333332,0.74,2,8,94.71222222222222,0.5293660759925842,19.967705,71.7622,-224.15516662597656,2.159086580629702
5KPE_2_8_2_id8,1.1233689785003662,1.491707444190979,87.73379629629632,0.7,2,8,94.71222222222222,0.5293660759925842,19.967705,71.7622,-218.6742706298828,2.172572100604022
5KPE_2_8_2_id9,1.045112133026123,1.029272437095642,84.49111111111114,0.67,2,8,94.71222222222222,0.5293660759925842,19.967705,71.7622,-220.2660217285156,2.059571442780672
5KPE_2_8_3_id0,1.3729010820388794,1.2678594589233398,87.75972222222224,0.73,2,8,91.9575925925926,0.6662067770957947,20.441076,74.39775,-218.0704803466797,2.0207282172309027
5KPE_2_8_3_id1,1.131890058517456,1.2904386520385742,89.46287037037035,0.76,2,8,91.9575925925926,0.6662067770957947,20.441076,74.39775,-214.5636749267578,2.0807007683648004
5KPE_2_8_3_id10,1.2365983724594116,1.4830408096313477,87.36055555555556,0.72,2,8,91.9575925925926,0.6662067770957947,20.441076,74.39775,-211.32766723632807,2.0559265701859086
5KPE_2_8_3_id11,1.136561632156372,1.4136797189712524,87.91796296296297,0.72,2,8,91.9575925925926,0.6662067770957947,20.441076,74.39775,-214.97201538085935,2.1011119418674045
5KPE_2_8_3_id12,1.3469237089157104,1.283151626586914,89.44342592592592,0.76,2,8,91.9575925925926,0.6662067770957947,20.441076,74.39775,-217.79185485839844,1.981144375271268
5KPE_2_8_3_id13,1.454821228981018,1.362992525100708,88.47157407407407,0.73,2,8,91.9575925925926,0.6662067770957947,20.441076,74.39775,-212.0243988037109,1.8852293226454
5KPE_2_8_3_id14,1.1928272247314453,1.3519138097763062,90.06083333333333,0.76,2,8,91.9575925925926,0.6662067770957947,20.441076,74.39775,-213.86474609375,2.0150299072265625
5KPE_2_8_3_id15,1.5624825954437256,1.4234484434127808,90.56268518518516,0.78,2,8,91.9575925925926,0.6662067770957947,20.441076,74.39775,-214.93994140625,2.069973698368779
5KPE_2_8_3_id16,1.246009349822998,1.3323867321014404,88.58018518518519,0.75,2,8,91.9575925925926,0.6662067770957947,20.441076,74.39775,-216.1211700439453,2.083595134593822
5KPE_2_8_3_id17,1.9688174724578857,1.5422927141189575,86.41851851851851,0.74,2,8,91.9575925925926,0.6662067770957947,20.441076,74.39775,-215.1871032714844,2.1896293074996382
5KPE_2_8_3_id18,1.0448359251022339,1.4585418701171875,88.19222222222221,0.73,2,8,91.9575925925926,0.6662067770957947,20.441076,74.39775,-212.2961578369141,1.9538856788917824
5KPE_2_8_3_id19,1.1722149848937988,1.4674378633499146,90.11138888888888,0.78,2,8,91.9575925925926,0.6662067770957947,20.441076,74.39775,-217.1573638916016,1.9881162290219907
5KPE_2_8_3_id2,1.001888394355774,1.8014148473739624,90.34981481481482,0.77,2,8,91.9575925925926,0.6662067770957947,20.441076,74.39775,-215.97015380859372,1.9259044505931715
5KPE_2_8_3_id20,1.0907713174819946,1.3448964357376099,88.98787037037039,0.73,2,8,91.9575925925926,0.6662067770957947,20.441076,74.39775,-218.0742950439453,1.980910407172309
5KPE_2_8_3_id21,1.7239384651184082,1.5343581438064575,92.66305555555554,0.82,2,8,91.9575925925926,0.6662067770957947,20.441076,74.39775,-218.09405517578125,2.112715827094184
5KPE_2_8_3_id22,1.6293160915374756,1.1422128677368164,90.95888888888892,0.77,2,8,91.9575925925926,0.6662067770957947,20.441076,74.39775,-216.89187622070312,2.01492761682581
5KPE_2_8_3_id23,1.1783390045166016,1.2871712446212769,86.32277777777779,0.69,2,8,91.9575925925926,0.6662067770957947,20.441076,74.39775,-212.13601684570312,1.918681957103588
5KPE_2_8_3_id3,1.4486128091812134,1.3990944623947144,93.40925925925929,0.83,2,8,91.9575925925926,0.6662067770957947,20.441076,74.39775,-215.83010864257807,2.0181910196940103
5KPE_2_8_3_id4,1.17816960811615,1.4469642639160156,89.34055555555557,0.74,2,8,91.9575925925926,0.6662067770957947,20.441076,74.39775,-216.39105224609372,1.9347909998010704
5KPE_2_8_3_id5,1.2035819292068481,1.6258352994918823,89.37259259259261,0.76,2,8,91.9575925925926,0.6662067770957947,20.441076,74.39775,-211.72315979003903,2.0922843085394964
5KPE_2_8_3_id6,1.2671864032745361,1.4323724508285522,90.53638888888888,0.76,2,8,91.9575925925926,0.6662067770957947,20.441076,74.39775,-215.72283935546875,2.064438996491609
5KPE_2_8_3_id7,1.4467556476593018,1.449828863143921,89.92046296296297,0.75,2,8,91.9575925925926,0.6662067770957947,20.441076,74.39775,-215.39712524414065,1.96542881153248
5KPE_2_8_3_id8,1.0258631706237793,1.617680549621582,88.63814814814815,0.71,2,8,91.9575925925926,0.6662067770957947,20.441076,74.39775,-213.0118865966797,1.952177400942202
5KPE_2_8_3_id9,1.1455968618392944,1.343515157699585,88.53518518518518,0.74,2,8,91.9575925925926,0.6662067770957947,20.441076,74.39775,-212.48675537109372,2.0772535536024304
5KPE_2_8_4_id0,1.0298329591751099,1.6170574426651,92.59509259259258,0.8,2,8,91.38083333333331,0.694826066493988,20.770712,76.277885,-221.09832763671875,2.0128385755750866
5KPE_2_8_4_id1,0.9039981365203857,1.6363718509674072,92.92833333333336,0.82,2,8,91.38083333333331,0.694826066493988,20.770712,76.277885,-219.02517700195312,2.018149764449508
5KPE_2_8_4_id10,1.2572792768478394,1.074527621269226,88.89611111111111,0.71,2,8,91.38083333333331,0.694826066493988,20.770712,76.277885,-219.65953063964844,1.9805888423213247
5KPE_2_8_4_id11,1.1234718561172485,1.0415568351745605,88.77611111111109,0.74,2,8,91.38083333333331,0.694826066493988,20.770712,76.277885,-219.24176025390625,2.1371225427698204
5KPE_2_8_4_id12,1.0562912225723267,1.2926390171051025,86.26055555555556,0.67,2,8,91.38083333333331,0.694826066493988,20.770712,76.277885,-220.8820953369141,2.0079252454969616
5KPE_2_8_4_id13,1.1773345470428467,1.0097358226776123,89.69574074074073,0.75,2,8,91.38083333333331,0.694826066493988,20.770712,76.277885,-221.33529663085935,2.053116975007234
5KPE_2_8_4_id14,1.0829834938049316,1.2417653799057007,86.61638888888886,0.71,2,8,91.38083333333331,0.694826066493988,20.770712,76.277885,-222.49264526367188,1.9278975592719183
5KPE_2_8_4_id15,0.9714736938476562,1.5102325677871704,89.21787037037038,0.74,2,8,91.38083333333331,0.694826066493988,20.770712,76.277885,-220.24693298339844,1.9333531415020977
5KPE_2_8_4_id16,1.1302658319473267,1.1680091619491577,87.90296296296295,0.7,2,8,91.38083333333331,0.694826066493988,20.770712,76.277885,-220.27337646484372,1.954152707700376
5KPE_2_8_4_id17,1.3570075035095215,1.1951382160186768,87.55018518518519,0.69,2,8,91.38083333333331,0.694826066493988,20.770712,76.277885,-219.4682159423828,2.006721779152199
5KPE_2_8_4_id18,0.9912365078926086,1.6146166324615479,89.21203703703702,0.72,2,8,91.38083333333331,0.694826066493988,20.770712,76.277885,-223.59698486328125,1.966570253725405
5KPE_2_8_4_id19,1.0044207572937012,1.3543614149093628,89.59675925925924,0.74,2,8,91.38083333333331,0.694826066493988,20.770712,76.277885,-221.45147705078125,2.095473960593895
5KPE_2_8_4_id2,1.1881965398788452,0.978802502155304,85.46101851851851,0.69,2,8,91.38083333333331,0.694826066493988,20.770712,76.277885,-222.5455474853516,2.019088886402272
5KPE_2_8_4_id20,1.1329805850982666,1.311286449432373,87.48583333333333,0.7,2,8,91.38083333333331,0.694826066493988,20.770712,76.277885,-219.5658416748047,1.9447419908311632
5KPE_2_8_4_id21,1.3892054557800293,1.0715285539627075,86.12935185185182,0.7,2,8,91.38083333333331,0.694826066493988,20.770712,76.277885,-222.4117126464844,2.1168332982946327
5KPE_2_8_4_id22,1.1628133058547974,1.3927392959594727,86.40425925925928,0.68,2,8,91.38083333333331,0.694826066493988,20.770712,76.277885,-222.72293090820312,2.019783302589699
5KPE_2_8_4_id23,1.464694619178772,0.9535941481590271,85.22361111111113,0.68,2,8,91.38083333333331,0.694826066493988,20.770712,76.277885,-217.7779998779297,1.899682221589265
5KPE_2_8_4_id3,1.1968976259231567,1.2505444288253784,90.12990740740742,0.75,2,8,91.38083333333331,0.694826066493988,20.770712,76.277885,-215.3924560546875,1.9802754720052085
5KPE_2_8_4_id4,1.1281416416168213,1.0402530431747437,85.37842592592594,0.67,2,8,91.38083333333331,0.694826066493988,20.770712,76.277885,-221.8247833251953,2.101777112042462
5KPE_2_8_4_id5,1.0435389280319214,1.2934702634811401,85.03666666666665,0.67,2,8,91.38083333333331,0.694826066493988,20.770712,76.277885,-222.92868041992188,1.980560302734375
5KPE_2_8_4_id6,1.3490241765975952,1.0565038919448853,87.00648148148149,0.72,2,8,91.38083333333331,0.694826066493988,20.770712,76.277885,-221.4990234375,2.008324799714265
5KPE_2_8_4_id7,1.2224291563034058,1.5672086477279663,88.20185185185184,0.71,2,8,91.38083333333331,0.694826066493988,20.770712,76.277885,-221.22918701171875,2.028345743815104
5KPE_2_8_4_id8,1.050011157989502,1.4247411489486694,89.1524074074074,0.73,2,8,91.38083333333331,0.694826066493988,20.770712,76.277885,-220.15042114257807,2.0827820389359086
5KPE_2_8_4_id9,1.1051093339920044,1.1442619562149048,88.68694444444445,0.73,2,8,91.38083333333331,0.694826066493988,20.770712,76.277885,-222.1158905029297,2.0766368442111545
5KPE_2_8_5_id0,1.1826781034469604,0.9834049940109253,89.4362962962963,0.75,2,8,90.32111111111112,0.7586331367492676,19.9959,74.97805,-220.70675659179688,2.146839000560619
5KPE_2_8_5_id1,1.1722785234451294,1.1368744373321533,87.83768518518517,0.72,2,8,90.32111111111112,0.7586331367492676,19.9959,74.97805,-212.67425537109372,2.049480579517506
5KPE_2_8_5_id10,1.4179760217666626,1.1301277875900269,92.82777777777775,0.82,2,8,90.32111111111112,0.7586331367492676,19.9959,74.97805,-220.0823516845703,2.1043661612051503
5KPE_2_8_5_id11,1.2973308563232422,1.3178738355636597,89.42287037037039,0.74,2,8,90.32111111111112,0.7586331367492676,19.9959,74.97805,-214.3557586669922,2.0893481219256365
5KPE_2_8_5_id12,1.2260334491729736,1.5658849477767944,89.48712962962962,0.76,2,8,90.32111111111112,0.7586331367492676,19.9959,74.97805,-215.77151489257807,2.1243448610659
5KPE_2_8_5_id13,0.9800949096679688,1.344407558441162,89.38768518518519,0.74,2,8,90.32111111111112,0.7586331367492676,19.9959,74.97805,-217.8753204345703,2.050756242540148
5KPE_2_8_5_id14,1.5638344287872314,1.1308828592300415,93.46092592592588,0.83,2,8,90.32111111111112,0.7586331367492676,19.9959,74.97805,-219.61631774902344,2.1343166210033275
5KPE_2_8_5_id15,1.339302897453308,1.2751530408859253,88.63453703703705,0.72,2,8,90.32111111111112,0.7586331367492676,19.9959,74.97805,-219.42832946777344,2.1019376118977866
5KPE_2_8_5_id16,1.545219898223877,1.1100780963897705,91.2873148148148,0.78,2,8,90.32111111111112,0.7586331367492676,19.9959,74.97805,-217.03973388671875,2.095990922715929
5KPE_2_8_5_id17,0.922295093536377,1.5173423290252686,91.01722222222222,0.78,2,8,90.32111111111112,0.7586331367492676,19.9959,74.97805,-219.39263916015625,2.204024420844184
5KPE_2_8_5_id18,1.0247013568878174,1.722461462020874,89.56750000000001,0.74,2,8,90.32111111111112,0.7586331367492676,19.9959,74.97805,-218.00958251953125,2.037681014449508
5KPE_2_8_5_id19,1.7885037660598755,1.312401294708252,92.1401851851852,0.82,2,8,90.32111111111112,0.7586331367492676,19.9959,74.97805,-216.51739501953125,2.0442045706289784
5KPE_2_8_5_id2,1.3216999769210815,1.1277865171432495,89.75601851851853,0.74,2,8,90.32111111111112,0.7586331367492676,19.9959,74.97805,-219.4744110107422,2.078209771050348
5KPE_2_8_5_id20,1.4836795330047607,0.9912103414535522,87.58749999999999,0.71,2,8,90.32111111111112,0.7586331367492676,19.9959,74.97805,-219.4364776611328,1.9606882731119792
5KPE_2_8_5_id21,1.8424270153045654,0.8244167566299438,91.95509259259258,0.81,2,8,90.32111111111112,0.7586331367492676,19.9959,74.97805,-219.59652709960935,2.0355467619719327
5KPE_2_8_5_id22,1.215324878692627,1.4826843738555908,92.11916666666666,0.83,2,8,90.32111111111112,0.7586331367492676,19.9959,74.97805,-216.2256622314453,2.028784575285735
5KPE_2_8_5_id23,1.794938087463379,1.0707931518554688,93.23740740740745,0.84,2,8,90.32111111111112,0.7586331367492676,19.9959,74.97805,-221.8986053466797,2.1392105950249567
5KPE_2_8_5_id3,1.791052222251892,1.058740496635437,90.70111111111112,0.77,2,8,90.32111111111112,0.7586331367492676,19.9959,74.97805,-221.1905670166016,1.9103975649233216
5KPE_2_8_5_id4,1.215301752090454,1.222557544708252,90.98601851851852,0.76,2,8,90.32111111111112,0.7586331367492676,19.9959,74.97805,-219.9362335205078,2.087903905797888
5KPE_2_8_5_id5,1.562724232673645,1.1224547624588013,92.69703703703702,0.82,2,8,90.32111111111112,0.7586331367492676,19.9959,74.97805,-220.78628540039065,2.107930218731916
5KPE_2_8_5_id6,1.8740863800048828,1.1108074188232422,91.55833333333334,0.81,2,8,90.32111111111112,0.7586331367492676,19.9959,74.97805,-222.4923095703125,2.0954423127350985
5KPE_2_8_5_id7,1.583787441253662,1.0179423093795776,89.79046296296298,0.77,2,8,90.32111111111112,0.7586331367492676,19.9959,74.97805,-221.39080810546875,1.9593796906647856
5KPE_2_8_5_id8,1.5677711963653564,0.9855033755302429,93.10722222222222,0.82,2,8,90.32111111111112,0.7586331367492676,19.9959,74.97805,-219.6416015625,2.136017410843461
5KPE_2_8_5_id9,0.9658516049385071,1.116368293762207,91.17981481481482,0.78,2,8,90.32111111111112,0.7586331367492676,19.9959,74.97805,-218.1272735595703,2.2125735812717013
5KPE_2_8_6_id0,1.3128020763397217,1.2036978006362915,87.49907407407407,0.69,2,8,86.79925925925926,0.9644361138343812,20.378292,74.88644,-219.94776916503903,1.9336553502965856
5KPE_2_8_6_id1,1.359095811843872,1.1129740476608276,89.86601851851854,0.76,2,8,86.79925925925926,0.9644361138343812,20.378292,74.88644,-220.74745178222656,2.110674681486907
5KPE_2_8_6_id10,1.369830846786499,1.22084379196167,90.16166666666663,0.76,2,8,86.79925925925926,0.9644361138343812,20.378292,74.88644,-220.42654418945312,2.000508908872251
5KPE_2_8_6_id11,1.518143653869629,1.1468764543533325,86.5151851851852,0.67,2,8,86.79925925925926,0.9644361138343812,20.378292,74.88644,-220.8043212890625,1.915320219816985
5KPE_2_8_6_id12,1.1892545223236084,1.153371810913086,88.9999074074074,0.72,2,8,86.79925925925926,0.9644361138343812,20.378292,74.88644,-222.1508026123047,2.000770568847656
5KPE_2_8_6_id13,1.02372145652771,1.6569677591323853,92.81166666666668,0.83,2,8,86.79925925925926,0.9644361138343812,20.378292,74.88644,-220.38275146484372,2.031668062563296
5KPE_2_8_6_id14,1.2884639501571655,1.15849769115448,91.13583333333334,0.77,2,8,86.79925925925926,0.9644361138343812,20.378292,74.88644,-223.78024291992188,1.9607891506618924
5KPE_2_8_6_id15,1.0809195041656494,1.099206566810608,88.88675925925925,0.75,2,8,86.79925925925926,0.9644361138343812,20.378292,74.88644,-221.12545776367188,1.982192286738643
5KPE_2_8_6_id16,1.2158018350601196,1.2624332904815674,88.77027777777778,0.73,2,8,86.79925925925926,0.9644361138343812,20.378292,74.88644,-219.51666259765625,1.922431663230613
5KPE_2_8_6_id17,1.3252394199371338,1.1818809509277344,88.94333333333336,0.73,2,8,86.79925925925926,0.9644361138343812,20.378292,74.88644,-221.54974365234372,1.909240440086082
5KPE_2_8_6_id18,1.7442376613616943,0.8725607395172119,88.15925925925927,0.72,2,8,86.79925925925926,0.9644361138343812,20.378292,74.88644,-219.91162109375,1.8922931529857487
5KPE_2_8_6_id19,1.1210618019104004,1.7436625957489014,91.13138888888888,0.8,2,8,86.79925925925926,0.9644361138343812,20.378292,74.88644,-219.1628875732422,2.0198706167715565
5KPE_2_8_6_id2,1.1833196878433228,1.358830451965332,91.78472222222224,0.79,2,8,86.79925925925926,0.9644361138343812,20.378292,74.88644,-221.05911254882807,2.0158520451298467
5KPE_2_8_6_id20,1.1218863725662231,1.2037347555160522,88.70518518518519,0.74,2,8,86.79925925925926,0.9644361138343812,20.378292,74.88644,-222.2058563232422,1.943197179723669
5KPE_2_8_6_id21,1.7026726007461548,1.4332524538040161,89.40111111111112,0.74,2,8,86.79925925925926,0.9644361138343812,20.378292,74.88644,-221.5272216796875,2.071530942563657
5KPE_2_8_6_id22,1.1510674953460693,1.2770663499832153,89.95842592592591,0.76,2,8,86.79925925925926,0.9644361138343812,20.378292,74.88644,-221.62261962890625,2.118930392795139
5KPE_2_8_6_id23,1.2474184036254883,1.2131632566452026,87.87814814814817,0.73,2,8,86.79925925925926,0.9644361138343812,20.378292,74.88644,-221.054443359375,1.9601652357313368
5KPE_2_8_6_id3,1.2838491201400757,1.2708314657211304,88.10027777777779,0.7,2,8,86.79925925925926,0.9644361138343812,20.378292,74.88644,-221.2834625244141,2.0162246138961226
5KPE_2_8_6_id4,1.2427600622177124,1.2606483697891235,91.57768518518516,0.79,2,8,86.79925925925926,0.9644361138343812,20.378292,74.88644,-218.63406372070312,1.968294355604384
5KPE_2_8_6_id5,1.2959524393081665,1.4438596963882446,89.8575925925926,0.77,2,8,86.79925925925926,0.9644361138343812,20.378292,74.88644,-220.81971740722656,2.0076471964518228
5KPE_2_8_6_id6,1.285266637802124,1.1314250230789185,87.5851851851852,0.7,2,8,86.79925925925926,0.9644361138343812,20.378292,74.88644,-219.3127593994141,1.9463461416739003
5KPE_2_8_6_id7,0.9812133312225342,1.4804773330688477,88.79277777777779,0.74,2,8,86.79925925925926,0.9644361138343812,20.378292,74.88644,-219.23670959472656,1.9793713887532551
5KPE_2_8_6_id8,1.0728503465652466,1.4355067014694214,88.7887962962963,0.73,2,8,86.79925925925926,0.9644361138343812,20.378292,74.88644,-219.78790283203125,2.013846503363715
5KPE_2_8_6_id9,1.0990811586380005,1.179426908493042,90.2278703703704,0.78,2,8,86.79925925925926,0.9644361138343812,20.378292,74.88644,-217.1824951171875,1.991295143410012
5KPE_2_8_7_id0,1.3407540321350098,1.2454426288604736,88.22657407407408,0.73,2,8,92.63620370370369,0.5804163813591003,20.272322,75.55052,-218.5023956298828,2.132063971625434
5KPE_2_8_7_id1,1.157045602798462,1.2576600313186646,89.91796296296295,0.75,2,8,92.63620370370369,0.5804163813591003,20.272322,75.55052,-216.14480590820312,2.2654715643988714
5KPE_2_8_7_id10,0.9124083518981934,1.715742588043213,92.06305555555556,0.81,2,8,92.63620370370369,0.5804163813591003,20.272322,75.55052,-213.1776428222656,2.1248500965259693
5KPE_2_8_7_id11,1.0066015720367432,1.4028669595718384,91.70592592592592,0.78,2,8,92.63620370370369,0.5804163813591003,20.272322,75.55052,-212.52169799804688,2.204959445529514
5KPE_2_8_7_id12,1.1951755285263062,1.432594656944275,88.53379629629627,0.73,2,8,92.63620370370369,0.5804163813591003,20.272322,75.55052,-216.95249938964844,2.1456327085141784
5KPE_2_8_7_id13,1.3242238759994507,1.1950647830963135,87.60398148148148,0.71,2,8,92.63620370370369,0.5804163813591003,20.272322,75.55052,-212.51202392578125,2.0668556778519243
5KPE_2_8_7_id14,1.349880576133728,1.4072078466415405,87.91462962962963,0.71,2,8,92.63620370370369,0.5804163813591003,20.272322,75.55052,-216.58963012695312,2.0549945124873408
5KPE_2_8_7_id15,1.7500149011611938,1.4660967588424683,92.06537037037036,0.81,2,8,92.63620370370369,0.5804163813591003,20.272322,75.55052,-216.8563232421875,1.959019978841145
5KPE_2_8_7_id16,1.3524101972579956,1.4770355224609375,92.05009259259258,0.79,2,8,92.63620370370369,0.5804163813591003,20.272322,75.55052,-215.5730133056641,2.066241087736907
5KPE_2_8_7_id17,1.372726559638977,1.542994737625122,91.48166666666668,0.78,2,8,92.63620370370369,0.5804163813591003,20.272322,75.55052,-218.40414428710935,2.049825597692419
5KPE_2_8_7_id18,1.2348181009292603,1.4654184579849243,91.30203703703704,0.78,2,8,92.63620370370369,0.5804163813591003,20.272322,75.55052,-214.8651580810547,2.1653959486219616
5KPE_2_8_7_id19,0.9728166460990906,1.5910300016403198,86.93851851851852,0.7,2,8,92.63620370370369,0.5804163813591003,20.272322,75.55052,-215.57498168945312,2.1718993010344327
5KPE_2_8_7_id2,1.43947172164917,1.2045189142227173,89.74731481481483,0.75,2,8,92.63620370370369,0.5804163813591003,20.272322,75.55052,-218.01803588867188,2.069171764232494
5KPE_2_8_7_id20,1.4179506301879883,1.2879196405410767,91.30814814814812,0.77,2,8,92.63620370370369,0.5804163813591003,20.272322,75.55052,-216.0263214111328,2.225704616970486
5KPE_2_8_7_id21,1.0018867254257202,1.5950595140457153,92.4346296296296,0.8,2,8,92.63620370370369,0.5804163813591003,20.272322,75.55052,-216.001708984375,2.124500133373119
5KPE_2_8_7_id22,1.2331537008285522,1.2875323295593262,91.61055555555556,0.79,2,8,92.63620370370369,0.5804163813591003,20.272322,75.55052,-216.62796020507807,2.172689084653501
5KPE_2_8_7_id23,1.177618145942688,1.2484965324401855,89.28416666666668,0.75,2,8,92.63620370370369,0.5804163813591003,20.272322,75.55052,-217.81016540527344,2.111708464445891
5KPE_2_8_7_id3,1.1771657466888428,1.4484682083129883,92.8527777777778,0.81,2,8,92.63620370370369,0.5804163813591003,20.272322,75.55052,-219.04888916015625,2.1483597932038485
5KPE_2_8_7_id4,1.2959598302841187,1.0908621549606323,88.10740740740738,0.73,2,8,92.63620370370369,0.5804163813591003,20.272322,75.55052,-216.315673828125,2.0889338740596064
5KPE_2_8_7_id5,1.3012627363204956,1.368804931640625,86.16481481481485,0.7,2,8,92.63620370370369,0.5804163813591003,20.272322,75.55052,-214.7113342285156,2.0687795568395546
5KPE_2_8_7_id6,1.0460734367370605,1.2265021800994873,89.70638888888888,0.74,2,8,92.63620370370369,0.5804163813591003,20.272322,75.55052,-212.68067932128903,1.9988657633463545
5KPE_2_8_7_id7,1.516298532485962,1.2968807220458984,89.23953703703701,0.76,2,8,92.63620370370369,0.5804163813591003,20.272322,75.55052,-220.0829620361328,2.154572380913629
5KPE_2_8_7_id8,1.0932912826538086,1.1261049509048462,90.41805555555554,0.76,2,8,92.63620370370369,0.5804163813591003,20.272322,75.55052,-218.94932556152344,2.206042536982784
5KPE_2_8_7_id9,1.082331657409668,1.3460534811019897,89.19333333333333,0.73,2,8,92.63620370370369,0.5804163813591003,20.272322,75.55052,-216.923583984375,2.1407830980088978
5KPE_2_8_8_id0,1.0765434503555298,1.8047301769256592,90.86888888888888,0.78,2,8,92.74388888888888,0.5861942768096924,20.240816,72.752365,-213.6952362060547,2.12697516547309
5KPE_2_8_8_id1,1.592707872390747,1.2729283571243286,89.02148148148147,0.75,2,8,92.74388888888888,0.5861942768096924,20.240816,72.752365,-219.513916015625,2.031260172526041
5KPE_2_8_8_id10,1.338132381439209,1.2674682140350342,87.67324074074074,0.72,2,8,92.74388888888888,0.5861942768096924,20.240816,72.752365,-215.5229949951172,1.9966998630099824
5KPE_2_8_8_id11,1.725170373916626,0.9838032722473145,91.45888888888888,0.79,2,8,92.74388888888888,0.5861942768096924,20.240816,72.752365,-221.9191436767578,2.028732864945024
5KPE_2_8_8_id12,1.1746727228164673,1.4219468832015991,90.45333333333336,0.77,2,8,92.74388888888888,0.5861942768096924,20.240816,72.752365,-216.92872619628903,2.086388481987848
5KPE_2_8_8_id13,1.3023759126663208,1.3946431875228882,88.37722222222222,0.73,2,8,92.74388888888888,0.5861942768096924,20.240816,72.752365,-220.69186401367188,2.0145125212492765
5KPE_2_8_8_id14,1.1016846895217896,1.6627254486083984,91.14740740740744,0.79,2,8,92.74388888888888,0.5861942768096924,20.240816,72.752365,-217.83404541015625,2.011120831524884
5KPE_2_8_8_id15,1.0877161026000977,1.354750394821167,88.30759259259263,0.75,2,8,92.74388888888888,0.5861942768096924,20.240816,72.752365,-217.42990112304688,2.057271745469836
5KPE_2_8_8_id16,1.5417555570602417,1.3004399538040161,89.42259259259257,0.75,2,8,92.74388888888888,0.5861942768096924,20.240816,72.752365,-218.8184967041016,2.103615937409577
5KPE_2_8_8_id17,1.1707944869995117,1.6271673440933228,91.31953703703704,0.77,2,8,92.74388888888888,0.5861942768096924,20.240816,72.752365,-215.0651397705078,2.018350530553747
5KPE_2_8_8_id18,1.46144437789917,1.1788102388381958,87.2964814814815,0.71,2,8,92.74388888888888,0.5861942768096924,20.240816,72.752365,-216.79083251953125,2.071579544632524
5KPE_2_8_8_id19,1.4163392782211304,1.5782941579818726,93.39277777777778,0.84,2,8,92.74388888888888,0.5861942768096924,20.240816,72.752365,-213.4836883544922,2.053538710982711
5KPE_2_8_8_id2,1.304445743560791,1.3341189622879028,90.1164814814815,0.75,2,8,92.74388888888888,0.5861942768096924,20.240816,72.752365,-216.0552673339844,1.9843891285083912
5KPE_2_8_8_id20,1.7430369853973389,1.474629282951355,91.1851851851852,0.79,2,8,92.74388888888888,0.5861942768096924,20.240816,72.752365,-219.91270446777344,2.014567763717086
5KPE_2_8_8_id21,1.1440218687057495,0.9882554411888123,87.35888888888887,0.72,2,8,92.74388888888888,0.5861942768096924,20.240816,72.752365,-217.82049560546875,1.974252771448206
5KPE_2_8_8_id22,1.194129467010498,1.6196070909500122,92.4362962962963,0.8,2,8,92.74388888888888,0.5861942768096924,20.240816,72.752365,-217.1660003662109,2.0116414670591003
5KPE_2_8_8_id23,1.3620051145553589,1.2913227081298828,89.10629629629628,0.73,2,8,92.74388888888888,0.5861942768096924,20.240816,72.752365,-219.72727966308597,1.981117248535156
5KPE_2_8_8_id3,1.7492828369140625,1.542898178100586,94.1023148148148,0.84,2,8,92.74388888888888,0.5861942768096924,20.240816,72.752365,-220.49703979492188,2.0191802978515625
5KPE_2_8_8_id4,1.6557636260986328,1.4122123718261719,92.65509259259258,0.81,2,8,92.74388888888888,0.5861942768096924,20.240816,72.752365,-219.777099609375,2.054925424081308
5KPE_2_8_8_id5,1.5665243864059448,0.9470370411872864,90.3824074074074,0.76,2,8,92.74388888888888,0.5861942768096924,20.240816,72.752365,-218.82254028320312,2.023251003689236
5KPE_2_8_8_id6,1.5484538078308105,1.2415344715118408,88.25055555555555,0.73,2,8,92.74388888888888,0.5861942768096924,20.240816,72.752365,-218.6712188720703,2.080951831958912
5KPE_2_8_8_id7,1.5398435592651367,1.1749905347824097,91.01574074074075,0.77,2,8,92.74388888888888,0.5861942768096924,20.240816,72.752365,-218.4269561767578,2.03170324254919
5KPE_2_8_8_id8,1.7907466888427734,1.3849852085113525,91.9911111111111,0.82,2,8,92.74388888888888,0.5861942768096924,20.240816,72.752365,-214.7872314453125,2.061261212384259
5KPE_2_8_8_id9,1.8743215799331665,1.2050447463989258,86.69092592592591,0.74,2,8,92.74388888888888,0.5861942768096924,20.240816,72.752365,-218.87863159179688,2.1273961950231484
5KPE_2_8_9_id0,1.4420578479766846,1.3306269645690918,90.67055555555557,0.78,2,8,89.41083333333333,0.6205494999885559,20.693417,74.47337,-220.8553466796875,2.0642573038736978
5KPE_2_8_9_id1,1.5891026258468628,1.1248563528060913,89.91999999999999,0.77,2,8,89.41083333333333,0.6205494999885559,20.693417,74.47337,-222.96749877929688,2.088789763274016
5KPE_2_8_9_id10,1.0898574590682983,1.257704734802246,91.62666666666664,0.79,2,8,89.41083333333333,0.6205494999885559,20.693417,74.47337,-219.30902099609372,2.1889833520959923
5KPE_2_8_9_id11,1.1247256994247437,1.3011070489883423,87.76574074074072,0.72,2,8,89.41083333333333,0.6205494999885559,20.693417,74.47337,-222.9326019287109,2.046486324734158
5KPE_2_8_9_id12,1.5331965684890747,1.1059273481369019,89.61407407407407,0.75,2,8,89.41083333333333,0.6205494999885559,20.693417,74.47337,-218.2530975341797,2.0620351720739296
5KPE_2_8_9_id13,1.2275147438049316,1.260084629058838,88.20814814814814,0.74,2,8,89.41083333333333,0.6205494999885559,20.693417,74.47337,-218.60174560546875,2.1272123831289784
5KPE_2_8_9_id14,1.344095230102539,1.3329299688339233,90.5373148148148,0.77,2,8,89.41083333333333,0.6205494999885559,20.693417,74.47337,-220.03399658203125,2.059168780291522
5KPE_2_8_9_id15,1.276164174079895,1.443105697631836,88.60037037037036,0.73,2,8,89.41083333333333,0.6205494999885559,20.693417,74.47337,-220.28546142578125,2.0523579915364585
5KPE_2_8_9_id16,1.5391454696655273,1.4495536088943481,93.09481481481482,0.83,2,8,89.41083333333333,0.6205494999885559,20.693417,74.47337,-217.0298309326172,2.024664560953776
5KPE_2_8_9_id17,1.4846458435058594,1.1543387174606323,88.6187037037037,0.73,2,8,89.41083333333333,0.6205494999885559,20.693417,74.47337,-219.2743682861328,1.9333648681640625
5KPE_2_8_9_id18,1.655543565750122,1.2198344469070435,91.26712962962962,0.79,2,8,89.41083333333333,0.6205494999885559,20.693417,74.47337,-220.0208282470703,2.0495311595775463
5KPE_2_8_9_id19,1.7235487699508667,0.8351176381111145,90.26037037037035,0.76,2,8,89.41083333333333,0.6205494999885559,20.693417,74.47337,-218.53125,2.031910225197121
5KPE_2_8_9_id2,1.5719701051712036,1.052354097366333,88.93259259259258,0.73,2,8,89.41083333333333,0.6205494999885559,20.693417,74.47337,-219.43850708007807,2.0512152777777777
5KPE_2_8_9_id20,1.2485555410385132,1.3552613258361816,90.05268518518517,0.77,2,8,89.41083333333333,0.6205494999885559,20.693417,74.47337,-221.56820678710935,2.153370044849537
5KPE_2_8_9_id21,1.1955610513687134,1.4155975580215454,90.01916666666666,0.77,2,8,89.41083333333333,0.6205494999885559,20.693417,74.47337,-221.53033447265625,2.0968319928204573
5KPE_2_8_9_id22,1.2453562021255493,1.2532936334609985,89.59694444444446,0.76,2,8,89.41083333333333,0.6205494999885559,20.693417,74.47337,-219.7164459228516,2.138477325439453
5KPE_2_8_9_id23,1.1051698923110962,1.4608805179595947,91.06287037037038,0.77,2,8,89.41083333333333,0.6205494999885559,20.693417,74.47337,-223.0409240722656,2.11839520489728
5KPE_2_8_9_id3,1.5369399785995483,1.1895371675491333,86.9526851851852,0.69,2,8,89.41083333333333,0.6205494999885559,20.693417,74.47337,-220.31451416015625,2.0229800188982927
5KPE_2_8_9_id4,1.9666661024093628,0.9883360266685486,91.22768518518522,0.79,2,8,89.41083333333333,0.6205494999885559,20.693417,74.47337,-220.3862152099609,2.080833152488426
5KPE_2_8_9_id5,1.1494369506835938,1.484687089920044,90.10453703703703,0.77,2,8,89.41083333333333,0.6205494999885559,20.693417,74.47337,-221.314208984375,2.073432639793113
5KPE_2_8_9_id6,1.0792176723480225,1.3289105892181396,90.05861111111113,0.74,2,8,89.41083333333333,0.6205494999885559,20.693417,74.47337,-222.2139129638672,1.9703870702672888
5KPE_2_8_9_id7,1.2486393451690674,1.3121099472045898,89.69425925925927,0.75,2,8,89.41083333333333,0.6205494999885559,20.693417,74.47337,-216.61929321289065,2.1385893645109952
5KPE_2_8_9_id8,1.0705463886260986,1.4282280206680298,89.55537037037037,0.76,2,8,89.41083333333333,0.6205494999885559,20.693417,74.47337,-221.67849731445312,2.1638402585630065
5KPE_2_8_9_id9,1.0960898399353027,1.621788740158081,91.85962962962964,0.79,2,8,89.41083333333333,0.6205494999885559,20.693417,74.47337,-216.7393493652344,2.021463888662833
5KPE_4_2_0_id0,1.5979961156845093,2.2716288566589355,85.59425925925926,0.71,4,2,92.37222222222223,0.6596251726150513,21.965786,74.06081,-224.4668884277344,1.9449197274667245
5KPE_4_2_0_id1,2.091630458831787,1.5930455923080444,86.55453703703706,0.69,4,2,92.37222222222223,0.6596251726150513,21.965786,74.06081,-219.510009765625,1.9529368082682288
5KPE_4_2_0_id10,1.4808131456375122,3.0653605461120605,89.44,0.77,4,2,92.37222222222223,0.6596251726150513,21.965786,74.06081,-220.46331787109372,1.9764053909866897
5KPE_4_2_0_id11,1.8012574911117554,2.1298787593841553,86.11435185185188,0.69,4,2,92.37222222222223,0.6596251726150513,21.965786,74.06081,-221.9921722412109,1.9179229736328125
5KPE_4_2_0_id12,1.6046208143234253,2.63565993309021,87.30833333333332,0.72,4,2,92.37222222222223,0.6596251726150513,21.965786,74.06081,-224.32666015625,2.071725915979456
5KPE_4_2_0_id13,1.4699441194534302,2.3623526096343994,86.44120370370368,0.71,4,2,92.37222222222223,0.6596251726150513,21.965786,74.06081,-222.5752716064453,1.8945236206054688
5KPE_4_2_0_id14,1.8232375383377075,2.005042314529419,84.96814814814815,0.69,4,2,92.37222222222223,0.6596251726150513,21.965786,74.06081,-221.4521331787109,1.9703934280960649
5KPE_4_2_0_id15,1.6207497119903564,2.625267505645752,85.62611111111111,0.7,4,2,92.37222222222223,0.6596251726150513,21.965786,74.06081,-217.80532836914065,1.9482693142361112
5KPE_4_2_0_id16,1.4854342937469482,2.5398383140563965,86.49194444444446,0.72,4,2,92.37222222222223,0.6596251726150513,21.965786,74.06081,-226.3682861328125,1.9321987010814523
5KPE_4_2_0_id17,1.9864217042922974,1.7276732921600342,84.1212037037037,0.68,4,2,92.37222222222223,0.6596251726150513,21.965786,74.06081,-224.10052490234372,1.896073659261068
5KPE_4_2_0_id18,1.7980858087539673,3.398519992828369,90.95787037037036,0.77,4,2,92.37222222222223,0.6596251726150513,21.965786,74.06081,-220.865234375,1.940481397840712
5KPE_4_2_0_id19,1.5282433032989502,2.471727132797241,84.87287037037039,0.69,4,2,92.37222222222223,0.6596251726150513,21.965786,74.06081,-223.4703521728516,1.9589370444968888
5KPE_4_2_0_id2,1.7400274276733398,2.083139657974243,85.79527777777777,0.71,4,2,92.37222222222223,0.6596251726150513,21.965786,74.06081,-225.26510620117188,1.863687585901331
5KPE_4_2_0_id20,1.3915152549743652,2.644289016723633,85.2175,0.69,4,2,92.37222222222223,0.6596251726150513,21.965786,74.06081,-226.23602294921875,1.9829960575810184
5KPE_4_2_0_id21,1.404344081878662,2.4422130584716797,86.0403703703704,0.7,4,2,92.37222222222223,0.6596251726150513,21.965786,74.06081,-224.52554321289065,1.9176083317509405
5KPE_4_2_0_id22,1.910954475402832,2.050725221633911,83.0210185185185,0.65,4,2,92.37222222222223,0.6596251726150513,21.965786,74.06081,-222.90045166015625,1.887060236047816
5KPE_4_2_0_id23,1.3461452722549438,2.6627137660980225,86.36518518518518,0.69,4,2,92.37222222222223,0.6596251726150513,21.965786,74.06081,-225.9757080078125,1.9884184378164784
5KPE_4_2_0_id3,1.5638519525527954,2.2699599266052246,87.51657407407407,0.73,4,2,92.37222222222223,0.6596251726150513,21.965786,74.06081,-223.68365478515625,1.9785888106734664
5KPE_4_2_0_id4,1.9016458988189697,2.008366107940674,85.77453703703704,0.71,4,2,92.37222222222223,0.6596251726150513,21.965786,74.06081,-225.1422576904297,2.017791182906539
5KPE_4_2_0_id5,1.5078017711639404,3.0741779804229736,87.24861111111112,0.71,4,2,92.37222222222223,0.6596251726150513,21.965786,74.06081,-225.3314208984375,1.9517382869014035
5KPE_4_2_0_id6,1.7472425699234009,2.195767641067505,86.2798148148148,0.71,4,2,92.37222222222223,0.6596251726150513,21.965786,74.06081,-224.0838165283203,1.9678791187427664
5KPE_4_2_0_id7,1.4838582277297974,2.6512439250946045,87.93240740740741,0.73,4,2,92.37222222222223,0.6596251726150513,21.965786,74.06081,-221.83697509765625,1.9268335413049769
5KPE_4_2_0_id8,1.835172176361084,2.080047369003296,85.1664814814815,0.69,4,2,92.37222222222223,0.6596251726150513,21.965786,74.06081,-225.49339294433597,1.9102630615234373
5KPE_4_2_0_id9,1.4971390962600708,1.9987449645996094,89.98796296296295,0.76,4,2,92.37222222222223,0.6596251726150513,21.965786,74.06081,-224.0864105224609,1.970399644639757
5KPE_4_2_2_id0,1.5415815114974976,2.469761610031128,87.50731481481479,0.7,4,2,92.43685185185184,0.995930790901184,23.918257,72.3335,-224.8565216064453,1.9190597534179688
5KPE_4_2_2_id1,1.4961196184158325,2.6652653217315674,86.66342592592592,0.73,4,2,92.43685185185184,0.995930790901184,23.918257,72.3335,-226.71176147460935,1.9402776647497104
5KPE_4_2_2_id10,1.435465693473816,2.6284587383270264,87.25416666666668,0.73,4,2,92.43685185185184,0.995930790901184,23.918257,72.3335,-223.9878387451172,1.9507053516529225
5KPE_4_2_2_id11,1.172844648361206,2.931375026702881,89.78962962962966,0.75,4,2,92.43685185185184,0.995930790901184,23.918257,72.3335,-226.3515472412109,1.9653828938802085
5KPE_4_2_2_id12,1.3310744762420654,2.4289450645446777,86.28796296296296,0.7,4,2,92.43685185185184,0.995930790901184,23.918257,72.3335,-224.03343200683597,1.9257247359664351
5KPE_4_2_2_id13,1.595203161239624,2.6747257709503174,88.12185185185184,0.74,4,2,92.43685185185184,0.995930790901184,23.918257,72.3335,-224.15830993652344,1.84652837117513
5KPE_4_2_2_id14,1.3276293277740479,2.5876309871673584,87.00148148148148,0.71,4,2,92.43685185185184,0.995930790901184,23.918257,72.3335,-224.60765075683597,1.8855453773781103
5KPE_4_2_2_id15,1.5044573545455933,2.470979690551758,84.65527777777778,0.7,4,2,92.43685185185184,0.995930790901184,23.918257,72.3335,-221.21224975585935,1.866154847321687
5KPE_4_2_2_id16,1.3306570053100586,3.003599166870117,89.0901851851852,0.74,4,2,92.43685185185184,0.995930790901184,23.918257,72.3335,-226.26657104492188,1.9607474715621385
5KPE_4_2_2_id17,1.703033685684204,3.1507439613342285,91.09916666666668,0.77,4,2,92.43685185185184,0.995930790901184,23.918257,72.3335,-221.52476501464844,2.052106362802011
5KPE_4_2_2_id18,1.4433202743530273,3.0451691150665283,87.47129629629629,0.71,4,2,92.43685185185184,0.995930790901184,23.918257,72.3335,-224.4599151611328,2.028790933114511
5KPE_4_2_2_id19,1.4374953508377075,3.016531467437744,88.63287037037036,0.72,4,2,92.43685185185184,0.995930790901184,23.918257,72.3335,-225.82969665527344,2.0192027621799045
5KPE_4_2_2_id2,1.6436735391616821,2.4133126735687256,88.00388888888887,0.75,4,2,92.43685185185184,0.995930790901184,23.918257,72.3335,-224.90542602539065,1.9385593555591725
5KPE_4_2_2_id20,1.5476398468017578,2.4486212730407715,85.83083333333332,0.7,4,2,92.43685185185184,0.995930790901184,23.918257,72.3335,-223.8213806152344,1.976582421196832
5KPE_4_2_2_id21,1.341460943222046,2.7626259326934814,91.88027777777778,0.81,4,2,92.43685185185184,0.995930790901184,23.918257,72.3335,-224.22848510742188,1.8983487729673032
5KPE_4_2_2_id22,1.225561261177063,2.729811668395996,86.11203703703704,0.7,4,2,92.43685185185184,0.995930790901184,23.918257,72.3335,-224.3380584716797,2.007427356861256
5KPE_4_2_2_id23,1.4765485525131226,2.845118522644043,89.13888888888889,0.75,4,2,92.43685185185184,0.995930790901184,23.918257,72.3335,-225.2778778076172,2.0195353472674333
5KPE_4_2_2_id3,1.356033205986023,2.3341574668884277,86.3823148148148,0.72,4,2,92.43685185185184,0.995930790901184,23.918257,72.3335,-222.8914031982422,1.94075831660518
5KPE_4_2_2_id4,1.4624261856079102,2.6270759105682373,88.95509259259259,0.76,4,2,92.43685185185184,0.995930790901184,23.918257,72.3335,-225.04220581054688,1.938371728967737
5KPE_4_2_2_id5,1.3289011716842651,2.8160817623138428,91.70425925925927,0.8,4,2,92.43685185185184,0.995930790901184,23.918257,72.3335,-226.06277465820312,1.942113946985316
5KPE_4_2_2_id6,1.6355223655700684,2.4898602962493896,87.61740740740741,0.72,4,2,92.43685185185184,0.995930790901184,23.918257,72.3335,-226.5957489013672,1.9934271353262445
5KPE_4_2_2_id7,1.3985897302627563,2.5667076110839844,86.56305555555556,0.72,4,2,92.43685185185184,0.995930790901184,23.918257,72.3335,-224.5057830810547,2.005470558449074
5KPE_4_2_2_id8,1.7517153024673462,2.297330141067505,87.13564814814816,0.72,4,2,92.43685185185184,0.995930790901184,23.918257,72.3335,-223.5399627685547,1.9237882826063368
5KPE_4_2_2_id9,1.3805255889892578,3.0550854206085205,89.71138888888889,0.75,4,2,92.43685185185184,0.995930790901184,23.918257,72.3335,-224.42584228515625,1.9965749669958044
5KPE_4_2_3_id0,1.144404649734497,2.7577011585235596,85.94083333333334,0.69,4,2,90.33037037037036,0.8993563055992126,22.958597,76.55664,-219.85745239257807,2.075246740270544
5KPE_4_2_3_id1,1.6549444198608398,2.8657474517822266,81.67157407407406,0.63,4,2,90.33037037037036,0.8993563055992126,22.958597,76.55664,-219.80078125,1.9279036345305267
5KPE_4_2_3_id10,1.3668361902236938,2.5960655212402344,88.90287037037035,0.74,4,2,90.33037037037036,0.8993563055992126,22.958597,76.55664,-220.1308135986328,2.00484127468533
5KPE_4_2_3_id11,1.337161660194397,2.6997435092926025,89.32981481481482,0.76,4,2,90.33037037037036,0.8993563055992126,22.958597,76.55664,-221.2227325439453,2.0217376991554543
5KPE_4_2_3_id12,1.786657691001892,1.926451563835144,78.77203703703705,0.62,4,2,90.33037037037036,0.8993563055992126,22.958597,76.55664,-220.0843963623047,1.892709802698206
5KPE_4_2_3_id13,1.7227332592010498,2.551346778869629,84.28777777777778,0.69,4,2,90.33037037037036,0.8993563055992126,22.958597,76.55664,-221.93898010253903,1.890308521412037
5KPE_4_2_3_id14,1.3973987102508545,3.0135512351989746,87.95453703703706,0.72,4,2,90.33037037037036,0.8993563055992126,22.958597,76.55664,-218.9294586181641,2.008170516402633
5KPE_4_2_3_id15,1.0400829315185547,3.190683603286743,86.63324074074073,0.67,4,2,90.33037037037036,0.8993563055992126,22.958597,76.55664,-218.2979431152344,1.929610358344184
5KPE_4_2_3_id16,1.6510807275772095,2.0831363201141357,85.05768518518518,0.7,4,2,90.33037037037036,0.8993563055992126,22.958597,76.55664,-219.5916290283203,2.0370734885886863
5KPE_4_2_3_id17,1.40498685836792,2.893616199493408,86.64842592592593,0.71,4,2,90.33037037037036,0.8993563055992126,22.958597,76.55664,-216.0581970214844,2.079294557924624
5KPE_4_2_3_id18,1.2927911281585693,2.8145699501037598,87.60925925925928,0.71,4,2,90.33037037037036,0.8993563055992126,22.958597,76.55664,-220.76904296875,1.995629487214265
5KPE_4_2_3_id19,1.7872309684753418,2.4557018280029297,87.71777777777778,0.74,4,2,90.33037037037036,0.8993563055992126,22.958597,76.55664,-219.3970947265625,1.962707802101418
5KPE_4_2_3_id2,2.4037160873413086,1.6470506191253662,81.77342592592592,0.65,4,2,90.33037037037036,0.8993563055992126,22.958597,76.55664,-221.5742645263672,1.886899594907408
5KPE_4_2_3_id20,1.3296269178390503,2.668921709060669,89.50564814814814,0.76,4,2,90.33037037037036,0.8993563055992126,22.958597,76.55664,-221.00770568847656,2.021345915617766
5KPE_4_2_3_id21,1.529282808303833,2.2639598846435547,82.21925925925926,0.63,4,2,90.33037037037036,0.8993563055992126,22.958597,76.55664,-221.17361450195312,1.997512110957393
5KPE_4_2_3_id22,1.317471981048584,2.761056661605835,89.1135185185185,0.73,4,2,90.33037037037036,0.8993563055992126,22.958597,76.55664,-216.49444580078125,2.0446866353352866
5KPE_4_2_3_id23,1.8371989727020264,2.57669997215271,83.07972222222223,0.65,4,2,90.33037037037036,0.8993563055992126,22.958597,76.55664,-221.12188720703125,1.962749339916088
5KPE_4_2_3_id3,1.4285107851028442,1.9194567203521729,82.59537037037038,0.64,4,2,90.33037037037036,0.8993563055992126,22.958597,76.55664,-218.1129302978516,1.9669915658456307
5KPE_4_2_3_id4,1.3542776107788086,3.270139694213867,86.94796296296298,0.72,4,2,90.33037037037036,0.8993563055992126,22.958597,76.55664,-220.0289306640625,2.024515646475333
5KPE_4_2_3_id5,1.3539379835128784,2.921462297439575,86.78768518518518,0.68,4,2,90.33037037037036,0.8993563055992126,22.958597,76.55664,-214.6436462402344,1.906238838478371
5KPE_4_2_3_id6,1.498681902885437,2.4178874492645264,83.22425925925924,0.68,4,2,90.33037037037036,0.8993563055992126,22.958597,76.55664,-218.3706512451172,1.998507323088469
5KPE_4_2_3_id7,2.239264488220215,1.9145598411560059,85.15981481481478,0.68,4,2,90.33037037037036,0.8993563055992126,22.958597,76.55664,-221.02642822265625,2.081573345043041
5KPE_4_2_3_id8,1.73540461063385,2.81380295753479,87.67064814814813,0.73,4,2,90.33037037037036,0.8993563055992126,22.958597,76.55664,-218.44337463378903,1.8433493155020253
5KPE_4_2_3_id9,2.482257127761841,1.750936508178711,83.97648148148149,0.67,4,2,90.33037037037036,0.8993563055992126,22.958597,76.55664,-221.56593322753903,1.9320090964988423
5KPE_4_2_4_id0,1.4420416355133057,3.1936557292938232,86.64953703703704,0.71,4,2,91.27796296296296,0.853456974029541,23.75658,73.17201,-220.8285980224609,1.908820964671948
5KPE_4_2_4_id1,1.374173641204834,2.8816986083984375,89.46314814814815,0.74,4,2,91.27796296296296,0.853456974029541,23.75658,73.17201,-222.6639404296875,2.0758227595576533
5KPE_4_2_4_id10,1.499972939491272,2.856051445007324,90.3522222222222,0.76,4,2,91.27796296296296,0.853456974029541,23.75658,73.17201,-224.90133666992188,2.0315192893699363
5KPE_4_2_4_id11,1.4329829216003418,3.4306485652923584,91.27759259259258,0.77,4,2,91.27796296296296,0.853456974029541,23.75658,73.17201,-224.8726348876953,2.006426775896991
5KPE_4_2_4_id12,1.3064072132110596,3.359400510787964,90.61629629629628,0.77,4,2,91.27796296296296,0.853456974029541,23.75658,73.17201,-223.50921630859372,2.0129165649414062
5KPE_4_2_4_id13,1.5124646425247192,3.0751326084136963,88.4435185185185,0.73,4,2,91.27796296296296,0.853456974029541,23.75658,73.17201,-223.1786956787109,2.00560223614728
5KPE_4_2_4_id14,1.6106313467025757,2.879601001739502,86.88000000000002,0.72,4,2,91.27796296296296,0.853456974029541,23.75658,73.17201,-225.02867126464844,2.02474127875434
5KPE_4_2_4_id15,1.4956650733947754,2.52363920211792,91.15231481481484,0.77,4,2,91.27796296296296,0.853456974029541,23.75658,73.17201,-224.68153381347656,2.045177318431713
5KPE_4_2_4_id16,1.3011298179626465,2.8238611221313477,84.91250000000002,0.67,4,2,91.27796296296296,0.853456974029541,23.75658,73.17201,-223.88072204589844,1.939372875072338
5KPE_4_2_4_id17,1.5800787210464478,2.238956928253174,83.25703703703704,0.67,4,2,91.27796296296296,0.853456974029541,23.75658,73.17201,-223.11312866210935,1.9357983624493635
5KPE_4_2_4_id18,1.5671815872192383,2.930105209350586,87.98574074074074,0.72,4,2,91.27796296296296,0.853456974029541,23.75658,73.17201,-224.957275390625,2.01362779405382
5KPE_4_2_4_id19,1.3794124126434326,2.715547561645508,90.73638888888892,0.77,4,2,91.27796296296296,0.853456974029541,23.75658,73.17201,-224.6739501953125,2.0289043850368924
5KPE_4_2_4_id2,1.4012541770935059,2.7465498447418213,85.58981481481479,0.68,4,2,91.27796296296296,0.853456974029541,23.75658,73.17201,-223.9521484375,1.948182706479673
5KPE_4_2_4_id20,1.2663698196411133,3.114780902862549,87.42314814814817,0.72,4,2,91.27796296296296,0.853456974029541,23.75658,73.17201,-219.3563995361328,2.0109341939290366
5KPE_4_2_4_id21,1.206092119216919,3.4447617530822754,88.10212962962963,0.71,4,2,91.27796296296296,0.853456974029541,23.75658,73.17201,-223.3516082763672,1.9790443137839988
5KPE_4_2_4_id22,1.3982908725738525,3.112973213195801,86.45722222222223,0.71,4,2,91.27796296296296,0.853456974029541,23.75658,73.17201,-224.16098022460935,1.9357345015914351
5KPE_4_2_4_id23,1.3290431499481201,2.41115140914917,85.63898148148147,0.69,4,2,91.27796296296296,0.853456974029541,23.75658,73.17201,-224.98960876464844,1.9582943386501737
5KPE_4_2_4_id3,1.2315729856491089,3.1273717880249023,85.99083333333334,0.67,4,2,91.27796296296296,0.853456974029541,23.75658,73.17201,-217.76629638671875,1.9633735374168115
5KPE_4_2_4_id4,1.4746108055114746,2.7366747856140137,84.47537037037037,0.67,4,2,91.27796296296296,0.853456974029541,23.75658,73.17201,-222.11236572265625,1.9449298999927664
5KPE_4_2_4_id5,1.3227342367172241,2.750520706176758,84.18842592592593,0.67,4,2,91.27796296296296,0.853456974029541,23.75658,73.17201,-222.7753753662109,1.971211468731916
5KPE_4_2_4_id6,1.316376805305481,2.9301605224609375,89.65712962962962,0.75,4,2,91.27796296296296,0.853456974029541,23.75658,73.17201,-222.54031372070312,2.0560586717393665
5KPE_4_2_4_id7,1.3697720766067505,2.939577102661133,87.2649074074074,0.73,4,2,91.27796296296296,0.853456974029541,23.75658,73.17201,-223.4602203369141,2.02532704671224
5KPE_4_2_4_id8,1.6142394542694092,2.930050849914551,89.88555555555556,0.76,4,2,91.27796296296296,0.853456974029541,23.75658,73.17201,-223.27923583984372,1.9824952019585504
5KPE_4_2_4_id9,1.3868279457092285,2.952802896499634,83.96324074074074,0.68,4,2,91.27796296296296,0.853456974029541,23.75658,73.17201,-220.3081512451172,1.889877460621021
5KPE_4_2_5_id0,1.4420900344848633,2.6879849433898926,85.93685185185186,0.7,4,2,91.41675925925928,0.9436451196670532,22.13892,75.878555,-220.1958923339844,1.949084811740452
5KPE_4_2_5_id1,1.807282567024231,1.790043592453003,80.26620370370371,0.61,4,2,91.41675925925928,0.9436451196670532,22.13892,75.878555,-223.7041931152344,2.0297423468695746
5KPE_4_2_5_id10,1.5193688869476318,2.8700506687164307,88.85555555555557,0.74,4,2,91.41675925925928,0.9436451196670532,22.13892,75.878555,-221.8914031982422,1.929276642975984
5KPE_4_2_5_id11,1.592950701713562,2.6552257537841797,88.71000000000002,0.73,4,2,91.41675925925928,0.9436451196670532,22.13892,75.878555,-222.66134643554688,1.9210883246527777
5KPE_4_2_5_id12,1.5751831531524658,2.4103620052337646,85.65898148148146,0.69,4,2,91.41675925925928,0.9436451196670532,22.13892,75.878555,-220.2099609375,1.91914141619647
5KPE_4_2_5_id13,1.450438141822815,2.8103902339935303,86.27583333333334,0.68,4,2,91.41675925925928,0.9436451196670532,22.13892,75.878555,-220.49278259277344,1.971348797833478
5KPE_4_2_5_id14,1.4875333309173584,2.6681928634643555,86.6924074074074,0.7,4,2,91.41675925925928,0.9436451196670532,22.13892,75.878555,-221.7435760498047,1.9507683648003475
5KPE_4_2_5_id15,1.4378986358642578,2.7020492553710938,89.83055555555556,0.76,4,2,91.41675925925928,0.9436451196670532,22.13892,75.878555,-222.9431610107422,1.9285467642324945
5KPE_4_2_5_id16,1.6898010969161987,2.2410972118377686,82.67805555555555,0.66,4,2,91.41675925925928,0.9436451196670532,22.13892,75.878555,-219.98065185546875,1.929122077094184
5KPE_4_2_5_id17,1.4087111949920654,2.646740198135376,85.79944444444445,0.68,4,2,91.41675925925928,0.9436451196670532,22.13892,75.878555,-221.5363311767578,2.070879335756655
5KPE_4_2_5_id18,1.4165974855422974,2.796600580215454,85.30074074074074,0.68,4,2,91.41675925925928,0.9436451196670532,22.13892,75.878555,-220.6213836669922,2.0286342479564525
5KPE_4_2_5_id19,1.8238451480865479,2.511470317840576,85.3648148148148,0.68,4,2,91.41675925925928,0.9436451196670532,22.13892,75.878555,-223.94662475585935,1.898123564543548
5KPE_4_2_5_id2,1.5838373899459839,2.6823880672454834,85.5339814814815,0.72,4,2,91.41675925925928,0.9436451196670532,22.13892,75.878555,-222.7585906982422,1.9215424149124711
5KPE_4_2_5_id20,1.753714680671692,2.1350131034851074,83.09009259259261,0.67,4,2,91.41675925925928,0.9436451196670532,22.13892,75.878555,-221.41929626464844,1.8669358712655528
5KPE_4_2_5_id21,1.6506825685501099,2.9629130363464355,89.14462962962962,0.73,4,2,91.41675925925928,0.9436451196670532,22.13892,75.878555,-218.2598419189453,1.8259689896195024
5KPE_4_2_5_id22,1.4903693199157715,2.8700664043426514,88.39324074074077,0.74,4,2,91.41675925925928,0.9436451196670532,22.13892,75.878555,-221.45822143554688,1.9471661603009256
5KPE_4_2_5_id23,1.8288202285766602,2.6631903648376465,87.36592592592591,0.72,4,2,91.41675925925928,0.9436451196670532,22.13892,75.878555,-220.82113647460935,1.889706788239656
5KPE_4_2_5_id3,1.294018268585205,2.8529319763183594,90.54916666666664,0.75,4,2,91.41675925925928,0.9436451196670532,22.13892,75.878555,-219.35202026367188,1.933889600965712
5KPE_4_2_5_id4,2.042400360107422,2.2007477283477783,82.98240740740742,0.68,4,2,91.41675925925928,0.9436451196670532,22.13892,75.878555,-219.5402374267578,1.9379104331687644
5KPE_4_2_5_id5,2.353381395339966,1.4531508684158325,82.97703703703702,0.69,4,2,91.41675925925928,0.9436451196670532,22.13892,75.878555,-221.83639526367188,1.9619906390154804
5KPE_4_2_5_id6,1.218642234802246,3.05277156829834,89.18462962962965,0.73,4,2,91.41675925925928,0.9436451196670532,22.13892,75.878555,-222.45787048339844,1.9331529405381944
5KPE_4_2_5_id7,1.6474320888519287,2.3356661796569824,87.65583333333332,0.7,4,2,91.41675925925928,0.9436451196670532,22.13892,75.878555,-221.9205780029297,1.8838417618363
5KPE_4_2_5_id8,1.6610227823257446,2.734961986541748,91.00129629629627,0.78,4,2,91.41675925925928,0.9436451196670532,22.13892,75.878555,-217.19195556640625,1.8939425150553384
5KPE_4_2_5_id9,2.0604422092437744,2.0575344562530518,84.96083333333333,0.69,4,2,91.41675925925928,0.9436451196670532,22.13892,75.878555,-220.14816284179688,1.9471921567563657
5KPE_4_2_6_id0,1.4324159622192383,3.0486373901367188,92.95527777777778,0.81,4,2,94.1912962962963,0.8308594226837158,22.816462,75.94201,-221.5465087890625,1.9050170050727
5KPE_4_2_6_id1,1.4165337085723877,2.881744861602783,91.20037037037038,0.78,4,2,94.1912962962963,0.8308594226837158,22.816462,75.94201,-222.42649841308597,1.983784710919416
5KPE_4_2_6_id10,1.3670498132705688,3.1297647953033447,90.93833333333332,0.77,4,2,94.1912962962963,0.8308594226837158,22.816462,75.94201,-222.69903564453125,1.9542856569643368
5KPE_4_2_6_id11,1.1529520750045776,3.1358113288879395,89.12537037037038,0.73,4,2,94.1912962962963,0.8308594226837158,22.816462,75.94201,-219.65760803222656,2.0203076115360967
5KPE_4_2_6_id12,1.4490543603897095,2.52797532081604,86.27009259259259,0.69,4,2,94.1912962962963,0.8308594226837158,22.816462,75.94201,-218.36622619628903,1.9094563236943
5KPE_4_2_6_id13,1.1799054145812988,2.863976240158081,88.01092592592592,0.72,4,2,94.1912962962963,0.8308594226837158,22.816462,75.94201,-219.20803833007807,1.946009600604022
5KPE_4_2_6_id14,1.5647152662277222,3.2663803100585938,90.95657407407408,0.79,4,2,94.1912962962963,0.8308594226837158,22.816462,75.94201,-220.33514404296875,1.957098501699942
5KPE_4_2_6_id15,1.2558879852294922,2.8786940574645996,88.10324074074072,0.7,4,2,94.1912962962963,0.8308594226837158,22.816462,75.94201,-221.1993103027344,2.043696085611979
5KPE_4_2_6_id16,1.4477951526641846,2.338041067123413,89.41888888888892,0.75,4,2,94.1912962962963,0.8308594226837158,22.816462,75.94201,-222.31100463867188,1.953973558213976
5KPE_4_2_6_id17,1.7967674732208252,2.133563756942749,90.45888888888892,0.75,4,2,94.1912962962963,0.8308594226837158,22.816462,75.94201,-220.79400634765625,1.862430431224681
5KPE_4_2_6_id18,1.6500314474105835,2.6342365741729736,85.53416666666669,0.7,4,2,94.1912962962963,0.8308594226837158,22.816462,75.94201,-222.56082153320312,1.9666759349681715
5KPE_4_2_6_id19,1.3563841581344604,2.8932249546051025,88.42675925925927,0.74,4,2,94.1912962962963,0.8308594226837158,22.816462,75.94201,-221.4861297607422,1.898204520896629
5KPE_4_2_6_id2,1.4644076824188232,2.7510485649108887,91.07546296296296,0.79,4,2,94.1912962962963,0.8308594226837158,22.816462,75.94201,-222.03700256347656,1.990129541467737
5KPE_4_2_6_id20,1.6245360374450684,3.0769901275634766,90.1722222222222,0.76,4,2,94.1912962962963,0.8308594226837158,22.816462,75.94201,-221.2254943847656,1.871049103913484
5KPE_4_2_6_id21,1.3977816104888916,2.6088531017303467,90.24509259259258,0.76,4,2,94.1912962962963,0.8308594226837158,22.816462,75.94201,-222.26158142089844,1.881019874855324
5KPE_4_2_6_id22,1.4780874252319336,3.0743229389190674,88.14935185185185,0.73,4,2,94.1912962962963,0.8308594226837158,22.816462,75.94201,-218.4193878173828,1.9866260952419703
5KPE_4_2_6_id23,1.1529057025909424,3.021430492401123,89.17092592592591,0.75,4,2,94.1912962962963,0.8308594226837158,22.816462,75.94201,-221.00930786132807,1.95612222177011
5KPE_4_2_6_id3,1.4491686820983887,2.4322023391723633,86.46546296296295,0.69,4,2,94.1912962962963,0.8308594226837158,22.816462,75.94201,-221.38755798339844,2.005462222629123
5KPE_4_2_6_id4,1.18106210231781,2.9096500873565674,88.78537037037037,0.74,4,2,94.1912962962963,0.8308594226837158,22.816462,75.94201,-219.19728088378903,1.9682292231807
5KPE_4_2_6_id5,1.468333125114441,1.9659702777862549,84.62296296296297,0.73,4,2,94.1912962962963,0.8308594226837158,22.816462,75.94201,-218.63165283203125,2.038627765796803
5KPE_4_2_6_id6,1.2255192995071411,3.078416585922241,90.10546296296296,0.75,4,2,94.1912962962963,0.8308594226837158,22.816462,75.94201,-220.9624938964844,2.034939094826027
5KPE_4_2_6_id7,1.370057225227356,2.881753444671631,91.1899074074074,0.77,4,2,94.1912962962963,0.8308594226837158,22.816462,75.94201,-223.63253784179688,1.9803904780635129
5KPE_4_2_6_id8,1.4474525451660156,2.8541600704193115,89.95555555555555,0.78,4,2,94.1912962962963,0.8308594226837158,22.816462,75.94201,-218.6790008544922,1.9380611843532989
5KPE_4_2_6_id9,1.5060112476348877,2.4178409576416016,90.09666666666664,0.76,4,2,94.1912962962963,0.8308594226837158,22.816462,75.94201,-221.1953582763672,1.996108019793475
5KPE_4_2_7_id0,1.2982178926467896,1.6858431100845337,85.71324074074076,0.67,4,2,92.38648148148148,0.7936801314353943,23.223745,73.821815,-221.62661743164065,1.9098259254738137
5KPE_4_2_7_id1,1.4837397336959839,3.048663377761841,88.75879629629628,0.72,4,2,92.38648148148148,0.7936801314353943,23.223745,73.821815,-221.568359375,1.9695719966182
5KPE_4_2_7_id10,1.6098326444625854,1.6774523258209229,88.33481481481482,0.73,4,2,92.38648148148148,0.7936801314353943,23.223745,73.821815,-220.1347503662109,2.0758128696017795
5KPE_4_2_7_id11,2.812440872192383,1.4595047235488892,88.92074074074074,0.74,4,2,92.38648148148148,0.7936801314353943,23.223745,73.821815,-219.33230590820312,1.938289783619068
5KPE_4_2_7_id12,1.265960454940796,2.3482916355133057,88.2987962962963,0.71,4,2,92.38648148148148,0.7936801314353943,23.223745,73.821815,-220.1765289306641,2.053054950855397
5KPE_4_2_7_id13,1.701184630393982,1.4004817008972168,87.66055555555558,0.72,4,2,92.38648148148148,0.7936801314353943,23.223745,73.821815,-221.97134399414065,1.9725186383282696
5KPE_4_2_7_id14,1.7682892084121704,1.5622683763504028,88.19166666666663,0.74,4,2,92.38648148148148,0.7936801314353943,23.223745,73.821815,-218.6144561767578,2.0149544609917536
5KPE_4_2_7_id15,3.46585750579834,1.2918145656585693,89.43953703703703,0.75,4,2,92.38648148148148,0.7936801314353943,23.223745,73.821815,-220.023193359375,1.9435157775878904
5KPE_4_2_7_id16,1.4175491333007812,3.046251058578491,87.20638888888887,0.72,4,2,92.38648148148148,0.7936801314353943,23.223745,73.821815,-220.7837677001953,2.0187047322591147
5KPE_4_2_7_id17,1.493712067604065,1.6649589538574219,85.56379629629629,0.7,4,2,92.38648148148148,0.7936801314353943,23.223745,73.821815,-220.3367919921875,2.0856365627712674
5KPE_4_2_7_id18,1.8015495538711548,1.6050999164581299,83.71611111111112,0.66,4,2,92.38648148148148,0.7936801314353943,23.223745,73.821815,-219.998046875,2.045088591399016
5KPE_4_2_7_id19,2.7324881553649902,1.449602484703064,86.60407407407408,0.69,4,2,92.38648148148148,0.7936801314353943,23.223745,73.821815,-221.23341369628903,1.9475131564670136
5KPE_4_2_7_id2,1.2650866508483887,1.8109325170516968,87.71324074074073,0.7,4,2,92.38648148148148,0.7936801314353943,23.223745,73.821815,-220.79893493652344,1.9956543533890336
5KPE_4_2_7_id20,1.5891356468200684,1.3010250329971313,87.08638888888889,0.7,4,2,92.38648148148148,0.7936801314353943,23.223745,73.821815,-220.1434783935547,1.96718258327908
5KPE_4_2_7_id21,3.385427713394165,1.334776759147644,89.62175925925925,0.77,4,2,92.38648148148148,0.7936801314353943,23.223745,73.821815,-219.70199584960935,1.9584568164966725
5KPE_4_2_7_id22,1.426044225692749,2.8850533962249756,86.64472222222221,0.69,4,2,92.38648148148148,0.7936801314353943,23.223745,73.821815,-219.364990234375,1.938463846842448
5KPE_4_2_7_id23,1.3906900882720947,2.4541573524475098,87.17722222222223,0.69,4,2,92.38648148148148,0.7936801314353943,23.223745,73.821815,-222.0553131103516,1.953081625479239
5KPE_4_2_7_id3,1.4208523035049438,1.371119737625122,85.87027777777777,0.69,4,2,92.38648148148148,0.7936801314353943,23.223745,73.821815,-221.5760498046875,1.95459634286386
5KPE_4_2_7_id4,2.4930577278137207,1.3513137102127075,87.94953703703703,0.74,4,2,92.38648148148148,0.7936801314353943,23.223745,73.821815,-221.45523071289065,1.9213278028700087
5KPE_4_2_7_id5,1.3886562585830688,1.464318037033081,85.44444444444443,0.67,4,2,92.38648148148148,0.7936801314353943,23.223745,73.821815,-222.51248168945312,1.9479042335792824
5KPE_4_2_7_id6,1.5854084491729736,2.9828972816467285,91.15694444444443,0.78,4,2,92.38648148148148,0.7936801314353943,23.223745,73.821815,-218.0025329589844,2.202031453450521
5KPE_4_2_7_id7,1.5367519855499268,1.45650053024292,88.00231481481481,0.71,4,2,92.38648148148148,0.7936801314353943,23.223745,73.821815,-219.47239685058597,1.9660723650896992
5KPE_4_2_7_id8,1.539559006690979,1.4325841665267944,89.85083333333334,0.76,4,2,92.38648148148148,0.7936801314353943,23.223745,73.821815,-217.4039306640625,1.890482019495081
5KPE_4_2_7_id9,3.371567726135254,1.3573782444000244,89.50083333333333,0.77,4,2,92.38648148148148,0.7936801314353943,23.223745,73.821815,-218.59088134765625,1.9578396832501448
5KPE_4_2_8_id0,1.366921067237854,3.395728826522827,88.94037037037039,0.74,4,2,89.31203703703704,0.9233736395835876,22.30026,72.42137,-224.98619079589844,2.024661876537181
5KPE_4_2_8_id1,1.373185396194458,2.8132095336914062,89.82462962962963,0.76,4,2,89.31203703703704,0.9233736395835876,22.30026,72.42137,-225.2110595703125,2.022781089500145
5KPE_4_2_8_id10,1.5062243938446045,2.7074995040893555,88.1962037037037,0.74,4,2,89.31203703703704,0.9233736395835876,22.30026,72.42137,-220.0677490234375,1.991449568006728
5KPE_4_2_8_id11,1.252608060836792,2.93432879447937,89.46518518518518,0.75,4,2,89.31203703703704,0.9233736395835876,22.30026,72.42137,-224.72723388671875,1.950547112358941
5KPE_4_2_8_id12,2.2004101276397705,1.366017460823059,85.04962962962962,0.71,4,2,89.31203703703704,0.9233736395835876,22.30026,72.42137,-225.5442657470703,1.949631019874856
5KPE_4_2_8_id13,1.5237679481506348,3.0934956073760986,91.52046296296297,0.79,4,2,89.31203703703704,0.9233736395835876,22.30026,72.42137,-224.09616088867188,2.066151089138455
5KPE_4_2_8_id14,1.6274709701538086,2.938931703567505,88.32388888888889,0.74,4,2,89.31203703703704,0.9233736395835876,22.30026,72.42137,-225.71766662597656,2.027724372016059
5KPE_4_2_8_id15,1.4402669668197632,2.8349366188049316,87.39175925925926,0.72,4,2,89.31203703703704,0.9233736395835876,22.30026,72.42137,-225.179931640625,1.9588343302408853
5KPE_4_2_8_id16,1.2535903453826904,2.686824083328247,86.12703703703703,0.71,4,2,89.31203703703704,0.9233736395835876,22.30026,72.42137,-226.26095581054688,2.070534882722077
5KPE_4_2_8_id17,1.4804649353027344,3.122760772705078,91.87416666666668,0.8,4,2,89.31203703703704,0.9233736395835876,22.30026,72.42137,-224.68743896484372,2.042109736689815
5KPE_4_2_8_id18,1.3829470872879028,2.8776378631591797,86.57953703703704,0.71,4,2,89.31203703703704,0.9233736395835876,22.30026,72.42137,-222.85748291015625,1.947529545536748
5KPE_4_2_8_id19,1.3847934007644653,2.9726991653442383,90.75435185185188,0.78,4,2,89.31203703703704,0.9233736395835876,22.30026,72.42137,-225.14239501953125,1.9052454630533853
5KPE_4_2_8_id2,1.415767788887024,3.0475962162017822,91.46657407407407,0.78,4,2,89.31203703703704,0.9233736395835876,22.30026,72.42137,-227.06976318359372,2.0137542442039207
5KPE_4_2_8_id20,2.7160274982452393,1.311724066734314,89.66527777777776,0.75,4,2,89.31203703703704,0.9233736395835876,22.30026,72.42137,-224.7543792724609,1.8583899603949647
5KPE_4_2_8_id21,1.6579546928405762,2.3917129039764404,89.30425925925927,0.75,4,2,89.31203703703704,0.9233736395835876,22.30026,72.42137,-222.28323364257807,1.98280687685366
5KPE_4_2_8_id22,1.25492262840271,2.8708086013793945,87.74203703703704,0.71,4,2,89.31203703703704,0.9233736395835876,22.30026,72.42137,-219.61875915527344,1.9778895907931853
5KPE_4_2_8_id23,1.6714730262756348,2.6663103103637695,87.71583333333331,0.73,4,2,89.31203703703704,0.9233736395835876,22.30026,72.42137,-225.65396118164065,2.039461630362052
5KPE_4_2_8_id3,1.7315447330474854,2.5480101108551025,87.73018518518519,0.71,4,2,89.31203703703704,0.9233736395835876,22.30026,72.42137,-222.1439208984375,1.9141406306514035
5KPE_4_2_8_id4,1.4347659349441528,2.7248148918151855,88.84444444444443,0.75,4,2,89.31203703703704,0.9233736395835876,22.30026,72.42137,-225.2154235839844,2.019556963885272
5KPE_4_2_8_id5,1.3836158514022827,3.0056097507476807,89.98212962962964,0.77,4,2,89.31203703703704,0.9233736395835876,22.30026,72.42137,-225.8192138671875,2.028183831108941
5KPE_4_2_8_id6,1.3005982637405396,2.607078790664673,88.28407407407406,0.72,4,2,89.31203703703704,0.9233736395835876,22.30026,72.42137,-225.09359741210935,1.989039950900608
5KPE_4_2_8_id7,1.4703218936920166,1.756278395652771,88.38537037037037,0.73,4,2,89.31203703703704,0.9233736395835876,22.30026,72.42137,-223.13365173339844,1.9551790025499127
5KPE_4_2_8_id8,1.5211390256881714,2.2388463020324707,87.22518518518518,0.71,4,2,89.31203703703704,0.9233736395835876,22.30026,72.42137,-223.96908569335935,1.9246860080295136
5KPE_4_2_8_id9,1.4227961301803589,3.053637742996216,90.5875925925926,0.76,4,2,89.31203703703704,0.9233736395835876,22.30026,72.42137,-224.7487945556641,1.9692693639684609
5KPE_4_2_9_id0,1.0828132629394531,2.5434465408325195,85.00787037037036,0.69,4,2,89.30731481481482,0.8800322413444519,22.665897,78.32758,-221.02764892578125,2.001347859700521
5KPE_4_2_9_id1,1.2944380044937134,2.7727925777435303,87.24620370370373,0.68,4,2,89.30731481481482,0.8800322413444519,22.665897,78.32758,-222.02366638183597,2.009672376844618
5KPE_4_2_9_id10,1.3981590270996094,2.0531656742095947,87.14814814814815,0.75,4,2,89.30731481481482,0.8800322413444519,22.665897,78.32758,-223.79022216796875,2.0597466362847223
5KPE_4_2_9_id11,1.4991909265518188,2.016765832901001,86.62537037037038,0.69,4,2,89.30731481481482,0.8800322413444519,22.665897,78.32758,-222.57421875,1.9652767887821905
5KPE_4_2_9_id12,1.1495596170425415,2.99084734916687,86.52462962962962,0.71,4,2,89.30731481481482,0.8800322413444519,22.665897,78.32758,-222.0410919189453,2.036548755787037
5KPE_4_2_9_id13,1.220824122428894,2.9948744773864746,89.50324074074075,0.74,4,2,89.30731481481482,0.8800322413444519,22.665897,78.32758,-221.1249847412109,2.0236488624855324
5KPE_4_2_9_id14,1.2998497486114502,3.2735390663146973,90.25527777777778,0.75,4,2,89.30731481481482,0.8800322413444519,22.665897,78.32758,-221.44427490234372,2.018701765272352
5KPE_4_2_9_id15,1.348616361618042,3.0553970336914062,83.93861111111111,0.71,4,2,89.30731481481482,0.8800322413444519,22.665897,78.32758,-222.454833984375,1.9974003544560184
5KPE_4_2_9_id16,1.2201929092407227,1.3537893295288086,93.9825,0.84,4,2,89.30731481481482,0.8800322413444519,22.665897,78.32758,-224.47702026367188,1.9506827460394964
5KPE_4_2_9_id17,1.3315496444702148,2.9911253452301025,90.58925925925924,0.76,4,2,89.30731481481482,0.8800322413444519,22.665897,78.32758,-223.39031982421875,2.051164132577401
5KPE_4_2_9_id18,1.4808827638626099,1.6098825931549072,92.1709259259259,0.8,4,2,89.30731481481482,0.8800322413444519,22.665897,78.32758,-224.12657165527344,2.0419355321813515
5KPE_4_2_9_id19,1.5298982858657837,3.3022003173828125,91.5225,0.78,4,2,89.30731481481482,0.8800322413444519,22.665897,78.32758,-224.2841339111328,2.0412065011483653
5KPE_4_2_9_id2,1.235929012298584,3.092512845993042,91.9162962962963,0.78,4,2,89.30731481481482,0.8800322413444519,22.665897,78.32758,-221.00946044921875,2.010544953522859
5KPE_4_2_9_id20,1.420354962348938,1.7259666919708252,89.95916666666666,0.74,4,2,89.30731481481482,0.8800322413444519,22.665897,78.32758,-219.4196319580078,2.068837766294126
5KPE_4_2_9_id21,1.323431372642517,1.76531982421875,93.43388888888887,0.83,4,2,89.30731481481482,0.8800322413444519,22.665897,78.32758,-222.42333984375,2.0438900700321905
5KPE_4_2_9_id22,1.4171092510223389,1.8449057340621948,89.04870370370367,0.72,4,2,89.30731481481482,0.8800322413444519,22.665897,78.32758,-223.206787109375,2.0056454693829573
5KPE_4_2_9_id23,1.382769227027893,3.0144848823547363,91.67,0.78,4,2,89.30731481481482,0.8800322413444519,22.665897,78.32758,-220.3324432373047,2.064888000488281
5KPE_4_2_9_id3,1.1795482635498047,2.5419716835021973,89.44759259259261,0.72,4,2,89.30731481481482,0.8800322413444519,22.665897,78.32758,-222.80718994140625,2.02304529260706
5KPE_4_2_9_id4,1.2827967405319214,3.452481508255005,93.56981481481482,0.83,4,2,89.30731481481482,0.8800322413444519,22.665897,78.32758,-222.7911071777344,1.941056145562066
5KPE_4_2_9_id5,1.1764484643936157,2.9448816776275635,88.5648148148148,0.72,4,2,89.30731481481482,0.8800322413444519,22.665897,78.32758,-223.85855102539065,1.9784206814236112
5KPE_4_2_9_id6,1.3727807998657227,3.319579839706421,92.1288888888889,0.79,4,2,89.30731481481482,0.8800322413444519,22.665897,78.32758,-222.13954162597656,1.9868182429560908
5KPE_4_2_9_id7,1.5891129970550537,3.307021141052246,92.91472222222222,0.83,4,2,89.30731481481482,0.8800322413444519,22.665897,78.32758,-223.11990356445312,2.0112841570818865
5KPE_4_2_9_id8,1.3798885345458984,3.1421608924865723,86.99592592592593,0.75,4,2,89.30731481481482,0.8800322413444519,22.665897,78.32758,-222.5962829589844,2.0025705408166954
5KPE_4_2_9_id9,2.8363704681396484,1.6528133153915405,87.79888888888888,0.69,4,2,89.30731481481482,0.8800322413444519,22.665897,78.32758,-221.5470123291016,1.902041682490596
5KPE_4_4_0_id0,1.5038623809814453,3.171827554702759,89.05092592592592,0.75,4,4,93.56675925925924,0.6916466355323792,22.651373,74.04665,-221.05052185058597,2.0987974096227577
5KPE_4_4_0_id1,1.597976565361023,2.8503265380859375,90.6969444444444,0.78,4,4,93.56675925925924,0.6916466355323792,22.651373,74.04665,-222.65072631835935,2.128239666974103
5KPE_4_4_0_id10,1.6627851724624634,2.116485595703125,88.11092592592593,0.74,4,4,93.56675925925924,0.6916466355323792,22.651373,74.04665,-224.0904541015625,2.086708351417824
5KPE_4_4_0_id11,1.4151158332824707,3.049673557281494,89.30555555555554,0.74,4,4,93.56675925925924,0.6916466355323792,22.651373,74.04665,-224.4893493652344,2.149255116780599
5KPE_4_4_0_id12,1.5988070964813232,3.140343427658081,92.68740740740742,0.81,4,4,93.56675925925924,0.6916466355323792,22.651373,74.04665,-223.06961059570312,2.0168513545283564
5KPE_4_4_0_id13,1.5377697944641113,2.7822093963623047,87.65962962962963,0.72,4,4,93.56675925925924,0.6916466355323792,22.651373,74.04665,-221.87066650390625,2.151952955457899
5KPE_4_4_0_id14,1.9536046981811523,1.4702014923095703,90.7497222222222,0.79,4,4,93.56675925925924,0.6916466355323792,22.651373,74.04665,-222.17059326171875,2.059142501265914
5KPE_4_4_0_id15,2.051237106323242,1.751857876777649,91.2424074074074,0.81,4,4,93.56675925925924,0.6916466355323792,22.651373,74.04665,-223.9154052734375,2.094513787163629
5KPE_4_4_0_id16,2.719104051589966,1.4880260229110718,84.38879629629633,0.66,4,4,93.56675925925924,0.6916466355323792,22.651373,74.04665,-221.03253173828125,2.03177331995081
5KPE_4_4_0_id17,1.543110966682434,2.978888988494873,88.38749999999999,0.72,4,4,93.56675925925924,0.6916466355323792,22.651373,74.04665,-223.9993133544922,2.115947158248336
5KPE_4_4_0_id18,1.4609229564666748,2.9843080043792725,87.48722222222223,0.73,4,4,93.56675925925924,0.6916466355323792,22.651373,74.04665,-219.13134765625,2.1431452433268228
5KPE_4_4_0_id19,1.614715814590454,2.69150710105896,89.68305555555554,0.75,4,4,93.56675925925924,0.6916466355323792,22.651373,74.04665,-223.23670959472656,2.1421114603678384
5KPE_4_4_0_id2,1.5795693397521973,2.575589418411255,89.8425,0.75,4,4,93.56675925925924,0.6916466355323792,22.651373,74.04665,-222.42613220214844,2.1237448233145253
5KPE_4_4_0_id20,1.8980690240859985,2.11287784576416,89.84259259259258,0.76,4,4,93.56675925925924,0.6916466355323792,22.651373,74.04665,-223.35667419433597,2.101389001916956
5KPE_4_4_0_id21,1.9276446104049683,2.925621509552002,91.13620370370371,0.8,4,4,93.56675925925924,0.6916466355323792,22.651373,74.04665,-222.29534912109372,2.02585686577691
5KPE_4_4_0_id22,1.667718768119812,1.4182660579681396,88.69055555555555,0.75,4,4,93.56675925925924,0.6916466355323792,22.651373,74.04665,-221.64620971679688,2.00209723578559
5KPE_4_4_0_id23,1.6759350299835205,2.712092399597168,88.81805555555556,0.74,4,4,93.56675925925924,0.6916466355323792,22.651373,74.04665,-221.31756591796875,2.112120169180411
5KPE_4_4_0_id3,1.6677744388580322,2.877358913421631,89.58435185185186,0.77,4,4,93.56675925925924,0.6916466355323792,22.651373,74.04665,-221.71697998046875,2.08229093198423
5KPE_4_4_0_id4,1.5132397413253784,3.1448476314544678,88.6751851851852,0.74,4,4,93.56675925925924,0.6916466355323792,22.651373,74.04665,-218.12342834472656,2.116968790690104
5KPE_4_4_0_id5,1.698588252067566,3.2149770259857178,90.96333333333337,0.8,4,4,93.56675925925924,0.6916466355323792,22.651373,74.04665,-221.7336578369141,2.0959916291413485
5KPE_4_4_0_id6,1.9991576671600342,1.3703120946884155,89.49138888888889,0.78,4,4,93.56675925925924,0.6916466355323792,22.651373,74.04665,-219.70513916015625,2.076318528917101
5KPE_4_4_0_id7,1.9121832847595215,2.2520363330841064,88.60583333333332,0.75,4,4,93.56675925925924,0.6916466355323792,22.651373,74.04665,-223.96946716308597,2.029827259205006
5KPE_4_4_0_id8,1.8403726816177368,2.1906449794769287,88.09138888888889,0.73,4,4,93.56675925925924,0.6916466355323792,22.651373,74.04665,-224.28570556640625,2.031050505461516
5KPE_4_4_0_id9,1.6599211692810059,2.5997495651245117,86.99083333333336,0.71,4,4,93.56675925925924,0.6916466355323792,22.651373,74.04665,-223.2295837402344,2.1316251401548034
5KPE_4_4_1_id0,1.7426846027374268,2.7373883724212646,86.77259259259257,0.69,4,4,91.6590740740741,0.7528417110443115,22.455484,72.637024,-223.00924682617188,2.049747749611184
5KPE_4_4_1_id1,1.4422862529754639,2.413159132003784,85.98305555555557,0.69,4,4,91.6590740740741,0.7528417110443115,22.455484,72.637024,-220.83477783203125,1.9120765968605324
5KPE_4_4_1_id10,1.4983760118484497,1.795206904411316,86.16064814814816,0.69,4,4,91.6590740740741,0.7528417110443115,22.455484,72.637024,-221.00050354003903,2.0033142654984086
5KPE_4_4_1_id11,1.664663314819336,1.6011284589767456,86.61509259259259,0.7,4,4,91.6590740740741,0.7528417110443115,22.455484,72.637024,-223.77638244628903,1.9061769556116173
5KPE_4_4_1_id12,1.4995561838150024,1.6428427696228027,85.45101851851851,0.68,4,4,91.6590740740741,0.7528417110443115,22.455484,72.637024,-222.32192993164065,2.043517925121166
5KPE_4_4_1_id13,2.040423631668091,1.714880108833313,83.96277777777779,0.67,4,4,91.6590740740741,0.7528417110443115,22.455484,72.637024,-221.781982421875,2.011552881311488
5KPE_4_4_1_id14,1.4634766578674316,2.7189159393310547,86.71064814814817,0.69,4,4,91.6590740740741,0.7528417110443115,22.455484,72.637024,-223.2691192626953,1.989668669524016
5KPE_4_4_1_id15,2.699899673461914,1.5346482992172241,88.02722222222222,0.71,4,4,91.6590740740741,0.7528417110443115,22.455484,72.637024,-224.44015502929688,1.9794382165979456
5KPE_4_4_1_id16,1.5578962564468384,2.3210339546203613,85.83703703703704,0.66,4,4,91.6590740740741,0.7528417110443115,22.455484,72.637024,-223.68698120117188,2.0300699869791665
5KPE_4_4_1_id17,1.5913935899734497,2.208922863006592,90.11203703703704,0.74,4,4,91.6590740740741,0.7528417110443115,22.455484,72.637024,-221.3939514160156,1.9461110432942708
5KPE_4_4_1_id18,1.488608717918396,2.5478672981262207,90.9574074074074,0.77,4,4,91.6590740740741,0.7528417110443115,22.455484,72.637024,-223.51622009277344,2.0014286747685186
5KPE_4_4_1_id19,1.8895035982131958,1.6097180843353271,83.0938888888889,0.67,4,4,91.6590740740741,0.7528417110443115,22.455484,72.637024,-223.251953125,2.030931684705946
5KPE_4_4_1_id2,2.6414031982421875,1.444885492324829,85.18768518518519,0.67,4,4,91.6590740740741,0.7528417110443115,22.455484,72.637024,-221.99057006835935,1.928931342230903
5KPE_4_4_1_id20,2.134018659591675,1.8239821195602417,85.52935185185187,0.67,4,4,91.6590740740741,0.7528417110443115,22.455484,72.637024,-220.511962890625,1.9611915305808736
5KPE_4_4_1_id21,1.2120323181152344,3.1281309127807617,89.72870370370369,0.74,4,4,91.6590740740741,0.7528417110443115,22.455484,72.637024,-220.0650634765625,2.0429708692762585
5KPE_4_4_1_id22,1.4424560070037842,2.876251459121704,89.40083333333332,0.74,4,4,91.6590740740741,0.7528417110443115,22.455484,72.637024,-221.29039001464844,1.9977244624385129
5KPE_4_4_1_id23,1.9550049304962158,1.5194997787475586,82.55074074074075,0.65,4,4,91.6590740740741,0.7528417110443115,22.455484,72.637024,-223.46792602539065,1.980682373046875
5KPE_4_4_1_id3,1.800458312034607,1.7486958503723145,84.89379629629629,0.67,4,4,91.6590740740741,0.7528417110443115,22.455484,72.637024,-223.1081695556641,1.9934839319299769
5KPE_4_4_1_id4,1.5236036777496338,2.198148488998413,83.65675925925927,0.66,4,4,91.6590740740741,0.7528417110443115,22.455484,72.637024,-219.9291076660156,1.9756074128327543
5KPE_4_4_1_id5,1.5791332721710205,1.7463593482971191,84.47240740740742,0.67,4,4,91.6590740740741,0.7528417110443115,22.455484,72.637024,-221.6212921142578,1.9413395634403936
5KPE_4_4_1_id6,1.849379301071167,2.2750163078308105,86.82055555555556,0.72,4,4,91.6590740740741,0.7528417110443115,22.455484,72.637024,-223.58636474609372,1.9729097154405384
5KPE_4_4_1_id7,1.421588659286499,3.4476492404937744,90.60712962962964,0.79,4,4,91.6590740740741,0.7528417110443115,22.455484,72.637024,-218.61676025390625,2.018693146882234
5KPE_4_4_1_id8,1.4036308526992798,2.883207321166992,84.96472222222222,0.66,4,4,91.6590740740741,0.7528417110443115,22.455484,72.637024,-223.50872802734372,1.983803219265408
5KPE_4_4_1_id9,1.6087268590927124,2.4382762908935547,87.62231481481483,0.7,4,4,91.6590740740741,0.7528417110443115,22.455484,72.637024,-223.2210998535156,1.9525200172706887
5KPE_4_4_2_id0,1.7657670974731445,2.662330150604248,85.52472222222222,0.68,4,4,90.98,0.6925307512283325,22.836504,71.83987,-221.69683837890625,2.0077261748137296
5KPE_4_4_2_id1,1.4812674522399902,2.136998414993286,86.66472222222222,0.71,4,4,90.98,0.6925307512283325,22.836504,71.83987,-223.025146484375,2.095091078016493
5KPE_4_4_2_id10,1.4550782442092896,2.9810256958007812,89.5987037037037,0.73,4,4,90.98,0.6925307512283325,22.836504,71.83987,-224.6497344970703,2.008140140109592
5KPE_4_4_2_id11,1.5421702861785889,3.052720546722412,88.74888888888887,0.73,4,4,90.98,0.6925307512283325,22.836504,71.83987,-224.82054138183597,2.019655015733507
5KPE_4_4_2_id12,1.187840461730957,3.0532517433166504,86.29388888888889,0.71,4,4,90.98,0.6925307512283325,22.836504,71.83987,-219.46527099609372,2.111078050401476
5KPE_4_4_2_id13,1.5021377801895142,2.7585511207580566,89.42759259259259,0.73,4,4,90.98,0.6925307512283325,22.836504,71.83987,-222.38140869140625,1.9976560804579
5KPE_4_4_2_id14,1.5510317087173462,3.1134955883026123,87.90416666666667,0.73,4,4,90.98,0.6925307512283325,22.836504,71.83987,-224.4696807861328,2.0805768613462097
5KPE_4_4_2_id15,1.175858497619629,3.4944067001342773,88.24925925925926,0.74,4,4,90.98,0.6925307512283325,22.836504,71.83987,-220.8761749267578,2.011034930193866
5KPE_4_4_2_id16,1.343794822692871,2.839404344558716,85.64240740740743,0.7,4,4,90.98,0.6925307512283325,22.836504,71.83987,-222.0044403076172,2.098125175193504
5KPE_4_4_2_id17,1.4785137176513672,3.3056154251098633,89.11546296296295,0.74,4,4,90.98,0.6925307512283325,22.836504,71.83987,-222.1376190185547,2.011805922896773
5KPE_4_4_2_id18,1.310056209564209,3.0685248374938965,89.72509259259259,0.73,4,4,90.98,0.6925307512283325,22.836504,71.83987,-223.1214141845703,2.057114777741609
5KPE_4_4_2_id19,1.2561554908752441,3.148880958557129,87.80648148148147,0.71,4,4,90.98,0.6925307512283325,22.836504,71.83987,-217.51318359375,2.1374035588017217
5KPE_4_4_2_id2,1.2906339168548584,3.077181339263916,87.78453703703703,0.73,4,4,90.98,0.6925307512283325,22.836504,71.83987,-224.1041259765625,1.996879153781467
5KPE_4_4_2_id20,1.3346935510635376,2.8597702980041504,88.35796296296296,0.72,4,4,90.98,0.6925307512283325,22.836504,71.83987,-220.965576171875,2.0338348106101707
5KPE_4_4_2_id21,1.319043755531311,3.201950788497925,88.65712962962962,0.73,4,4,90.98,0.6925307512283325,22.836504,71.83987,-221.70997619628903,2.070914939597801
5KPE_4_4_2_id22,1.570482850074768,3.04691481590271,89.4375,0.75,4,4,90.98,0.6925307512283325,22.836504,71.83987,-224.7252197265625,2.04964432892976
5KPE_4_4_2_id23,1.6233471632003784,2.7799723148345947,88.15944444444443,0.73,4,4,90.98,0.6925307512283325,22.836504,71.83987,-225.51272583007807,2.040371365017361
5KPE_4_4_2_id3,1.3157768249511719,3.358400821685791,87.63842592592592,0.71,4,4,90.98,0.6925307512283325,22.836504,71.83987,-220.55296325683597,2.026875531231916
5KPE_4_4_2_id4,1.371630311012268,3.2963223457336426,88.61388888888888,0.72,4,4,90.98,0.6925307512283325,22.836504,71.83987,-223.578369140625,2.0726728086118347
5KPE_4_4_2_id5,1.471838355064392,2.9551749229431152,89.01638888888887,0.73,4,4,90.98,0.6925307512283325,22.836504,71.83987,-224.8567352294922,1.9900018197518807
5KPE_4_4_2_id6,1.648830533027649,2.765082836151123,88.56111111111112,0.73,4,4,90.98,0.6925307512283325,22.836504,71.83987,-226.02224731445312,2.031074806495949
5KPE_4_4_2_id7,1.3644362688064575,3.2193243503570557,88.02472222222222,0.74,4,4,90.98,0.6925307512283325,22.836504,71.83987,-224.54139709472656,2.085993731463397
5KPE_4_4_2_id8,1.4120012521743774,2.6748037338256836,89.61916666666667,0.73,4,4,90.98,0.6925307512283325,22.836504,71.83987,-224.0871124267578,2.0394441110116466
5KPE_4_4_2_id9,1.163167953491211,2.9081227779388428,89.68287037037037,0.73,4,4,90.98,0.6925307512283325,22.836504,71.83987,-222.94110107421875,1.995390150282118
5KPE_4_4_4_id0,1.4899520874023438,2.411048650741577,88.8602777777778,0.75,4,4,93.84972222222224,0.5574327707290649,23.408518,72.53655,-224.8554534912109,1.94626956515842
5KPE_4_4_4_id1,2.3055360317230225,1.78750741481781,82.5100925925926,0.66,4,4,93.84972222222224,0.5574327707290649,23.408518,72.53655,-222.98257446289065,1.952698036476418
5KPE_4_4_4_id10,1.0493146181106567,3.0479159355163574,86.7147222222222,0.68,4,4,93.84972222222224,0.5574327707290649,23.408518,72.53655,-222.35043334960935,1.9566503454137727
5KPE_4_4_4_id11,1.839023232460022,2.2280173301696777,84.83981481481484,0.67,4,4,93.84972222222224,0.5574327707290649,23.408518,72.53655,-223.14085388183597,1.974231861255787
5KPE_4_4_4_id12,1.906907320022583,2.034442186355591,83.8038888888889,0.7,4,4,93.84972222222224,0.5574327707290649,23.408518,72.53655,-220.9733428955078,1.9034258524576824
5KPE_4_4_4_id13,1.4008619785308838,2.8177335262298584,87.16222222222223,0.71,4,4,93.84972222222224,0.5574327707290649,23.408518,72.53655,-222.17987060546875,2.0098642419885704
5KPE_4_4_4_id14,2.04193377494812,1.9434568881988525,86.73583333333335,0.71,4,4,93.84972222222224,0.5574327707290649,23.408518,72.53655,-219.9795684814453,1.9271713539406103
5KPE_4_4_4_id15,1.6665315628051758,2.3403806686401367,86.77175925925927,0.69,4,4,93.84972222222224,0.5574327707290649,23.408518,72.53655,-219.94805908203125,1.8923904984085649
5KPE_4_4_4_id16,1.6681100130081177,2.0938801765441895,83.19527777777778,0.67,4,4,93.84972222222224,0.5574327707290649,23.408518,72.53655,-219.97683715820312,1.9777724654586224
5KPE_4_4_4_id17,2.1636345386505127,2.230600118637085,82.60962962962964,0.66,4,4,93.84972222222224,0.5574327707290649,23.408518,72.53655,-221.8816070556641,1.952688287805628
5KPE_4_4_4_id18,2.084507465362549,1.8418326377868652,82.95592592592591,0.63,4,4,93.84972222222224,0.5574327707290649,23.408518,72.53655,-220.51141357421875,2.0457369486490884
5KPE_4_4_4_id19,1.3958803415298462,2.8056223392486572,84.77351851851849,0.68,4,4,93.84972222222224,0.5574327707290649,23.408518,72.53655,-224.03103637695312,2.0440466139051647
5KPE_4_4_4_id2,1.1706218719482422,2.9728152751922607,85.14583333333336,0.69,4,4,93.84972222222224,0.5574327707290649,23.408518,72.53655,-223.026123046875,1.9692789713541667
5KPE_4_4_4_id20,1.161260724067688,2.583109140396118,86.1399074074074,0.67,4,4,93.84972222222224,0.5574327707290649,23.408518,72.53655,-224.5920562744141,1.981612311469184
5KPE_4_4_4_id21,1.744331955909729,2.0302162170410156,84.9425,0.68,4,4,93.84972222222224,0.5574327707290649,23.408518,72.53655,-223.67962646484372,1.9229524400499127
5KPE_4_4_4_id22,1.2736459970474243,2.717182159423828,86.57787037037035,0.69,4,4,93.84972222222224,0.5574327707290649,23.408518,72.53655,-223.1469573974609,1.972393742314092
5KPE_4_4_4_id23,1.4211421012878418,2.559753179550171,84.0813888888889,0.66,4,4,93.84972222222224,0.5574327707290649,23.408518,72.53655,-221.8919982910156,1.949392389368128
5KPE_4_4_4_id3,1.7100552320480347,1.7841562032699585,89.49296296296295,0.76,4,4,93.84972222222224,0.5574327707290649,23.408518,72.53655,-224.20416259765625,1.953555919505932
5KPE_4_4_4_id4,1.1139287948608398,3.0769338607788086,87.15185185185183,0.69,4,4,93.84972222222224,0.5574327707290649,23.408518,72.53655,-223.89041137695312,2.0024165400752314
5KPE_4_4_4_id5,2.022716999053955,2.0180444717407227,80.71972222222222,0.66,4,4,93.84972222222224,0.5574327707290649,23.408518,72.53655,-216.3013916015625,1.9010478832103588
5KPE_4_4_4_id6,1.5844401121139526,2.573538303375244,85.7016666666667,0.69,4,4,93.84972222222224,0.5574327707290649,23.408518,72.53655,-222.86453247070312,1.9723825807924624
5KPE_4_4_4_id7,1.628326416015625,2.2982442378997803,88.29527777777778,0.72,4,4,93.84972222222224,0.5574327707290649,23.408518,72.53655,-223.6549530029297,1.9683744642469616
5KPE_4_4_4_id8,2.0955650806427,2.131474494934082,83.61722222222224,0.66,4,4,93.84972222222224,0.5574327707290649,23.408518,72.53655,-222.2360076904297,1.9438986601652923
5KPE_4_4_4_id9,2.2982542514801025,1.638604998588562,84.96638888888891,0.71,4,4,93.84972222222224,0.5574327707290649,23.408518,72.53655,-223.5233154296875,1.921459056712963
5KPE_4_4_5_id0,1.532983660697937,2.978025197982788,90.02351851851854,0.77,4,4,92.30592592592592,0.8338325023651123,22.652765,76.48185,-221.0709686279297,2.1050166377314814
5KPE_4_4_5_id1,1.464993953704834,2.794839382171631,84.16287037037037,0.71,4,4,92.30592592592592,0.8338325023651123,22.652765,76.48185,-219.29360961914065,2.197894061053241
5KPE_4_4_5_id10,2.84615159034729,1.4277088642120361,87.37351851851854,0.71,4,4,92.30592592592592,0.8338325023651123,22.652765,76.48185,-221.4994659423828,2.008716441966869
5KPE_4_4_5_id11,1.6747102737426758,2.4469499588012695,85.64814814814814,0.71,4,4,92.30592592592592,0.8338325023651123,22.652765,76.48185,-222.9279937744141,2.050307097258391
5KPE_4_4_5_id12,1.6941505670547485,2.0460503101348877,83.00527777777778,0.66,4,4,92.30592592592592,0.8338325023651123,22.652765,76.48185,-221.65228271484372,1.9779739379882808
5KPE_4_4_5_id13,1.4438153505325317,2.128520965576172,87.81185185185186,0.75,4,4,92.30592592592592,0.8338325023651123,22.652765,76.48185,-223.92091369628903,2.047294051558883
5KPE_4_4_5_id14,2.903562545776367,1.5878980159759521,86.15111111111109,0.71,4,4,92.30592592592592,0.8338325023651123,22.652765,76.48185,-222.96517944335935,2.068005879720052
5KPE_4_4_5_id15,1.4329952001571655,3.047584295272827,91.02398148148148,0.78,4,4,92.30592592592592,0.8338325023651123,22.652765,76.48185,-223.10581970214844,2.0527496337890625
5KPE_4_4_5_id16,1.267586588859558,1.841399073600769,90.10212962962962,0.75,4,4,92.30592592592592,0.8338325023651123,22.652765,76.48185,-222.1217041015625,2.0596211751302085
5KPE_4_4_5_id17,1.5128809213638306,2.5618999004364014,87.68027777777779,0.73,4,4,92.30592592592592,0.8338325023651123,22.652765,76.48185,-220.45574951171875,2.020891542787905
5KPE_4_4_5_id18,1.6075537204742432,2.190765142440796,81.29527777777777,0.65,4,4,92.30592592592592,0.8338325023651123,22.652765,76.48185,-221.90994262695312,2.0071238765010126
5KPE_4_4_5_id19,1.5926460027694702,2.368260383605957,85.80555555555557,0.68,4,4,92.30592592592592,0.8338325023651123,22.652765,76.48185,-222.40155029296875,2.0426969174985534
5KPE_4_4_5_id2,1.5693415403366089,2.8181467056274414,90.4676851851852,0.78,4,4,92.30592592592592,0.8338325023651123,22.652765,76.48185,-224.63137817382807,2.0429619683159723
5KPE_4_4_5_id20,1.7816312313079834,1.4179397821426392,87.0188888888889,0.72,4,4,92.30592592592592,0.8338325023651123,22.652765,76.48185,-222.2680206298828,2.021055150915075
5KPE_4_4_5_id21,1.303842306137085,2.9897449016571045,86.47518518518518,0.7,4,4,92.30592592592592,0.8338325023651123,22.652765,76.48185,-223.06028747558597,2.055486043294271
5KPE_4_4_5_id22,2.6334564685821533,1.4132122993469238,90.47398148148147,0.8,4,4,92.30592592592592,0.8338325023651123,22.652765,76.48185,-222.32481384277344,1.9798637672706887
5KPE_4_4_5_id23,2.2969253063201904,1.5890352725982666,86.17212962962964,0.72,4,4,92.30592592592592,0.8338325023651123,22.652765,76.48185,-223.07945251464844,2.020944524694372
5KPE_4_4_5_id3,1.630614161491394,2.6717116832733154,90.16740740740742,0.76,4,4,92.30592592592592,0.8338325023651123,22.652765,76.48185,-221.39279174804688,2.026683948658131
5KPE_4_4_5_id4,1.4521021842956543,3.051645517349243,90.26796296296295,0.75,4,4,92.30592592592592,0.8338325023651123,22.652765,76.48185,-218.1712646484375,2.063291055184824
5KPE_4_4_5_id5,1.615911841392517,2.4763808250427246,89.09212962962964,0.75,4,4,92.30592592592592,0.8338325023651123,22.652765,76.48185,-222.130859375,2.07426495022244
5KPE_4_4_5_id6,1.820991039276123,1.3904507160186768,88.59361111111112,0.76,4,4,92.30592592592592,0.8338325023651123,22.652765,76.48185,-223.6002655029297,2.0078051531756365
5KPE_4_4_5_id7,1.7543643712997437,2.5374791622161865,89.62546296296294,0.76,4,4,92.30592592592592,0.8338325023651123,22.652765,76.48185,-221.45355224609372,2.0553054809570312
5KPE_4_4_5_id8,1.2469720840454102,2.8159706592559814,85.23935185185185,0.68,4,4,92.30592592592592,0.8338325023651123,22.652765,76.48185,-219.33984375,2.1134701481571905
5KPE_4_4_5_id9,1.3751521110534668,2.7817420959472656,89.91296296296296,0.77,4,4,92.30592592592592,0.8338325023651123,22.652765,76.48185,-223.22276306152344,2.0841347023292824
5KPE_4_4_6_id0,1.7208229303359985,2.700075626373291,91.05518518518518,0.8,4,4,92.2837037037037,0.8217940330505371,23.190203,73.59821,-220.80343627929688,2.0503048366970487
5KPE_4_4_6_id1,1.5360393524169922,2.9009242057800293,84.89268518518519,0.69,4,4,92.2837037037037,0.8217940330505371,23.190203,73.59821,-217.39422607421875,2.0430399576822915
5KPE_4_4_6_id10,1.889814853668213,3.1067066192626953,90.95888888888892,0.75,4,4,92.2837037037037,0.8217940330505371,23.190203,73.59821,-220.3037872314453,1.96497231942636
5KPE_4_4_6_id11,1.3133649826049805,2.7819440364837646,90.16138888888892,0.75,4,4,92.2837037037037,0.8217940330505371,23.190203,73.59821,-217.5718994140625,2.060601976182726
5KPE_4_4_6_id12,1.6551930904388428,2.2579855918884277,87.99407407407408,0.75,4,4,92.2837037037037,0.8217940330505371,23.190203,73.59821,-222.27566528320312,2.020377830222801
5KPE_4_4_6_id13,1.3162602186203003,2.8483493328094482,88.97583333333333,0.71,4,4,92.2837037037037,0.8217940330505371,23.190203,73.59821,-220.4717712402344,2.0085416723180702
5KPE_4_4_6_id14,1.655958890914917,2.9181747436523438,89.86777777777779,0.78,4,4,92.2837037037037,0.8217940330505371,23.190203,73.59821,-221.18006896972656,2.0234687240035445
5KPE_4_4_6_id15,1.5674835443496704,2.541325807571411,87.1673148148148,0.72,4,4,92.2837037037037,0.8217940330505371,23.190203,73.59821,-219.0133056640625,1.9335787737811048
5KPE_4_4_6_id16,1.6429851055145264,2.553506374359131,85.85731481481481,0.68,4,4,92.2837037037037,0.8217940330505371,23.190203,73.59821,-218.52674865722656,1.9754761589898004
5KPE_4_4_6_id17,1.5637538433074951,2.4279561042785645,86.79398148148148,0.72,4,4,92.2837037037037,0.8217940330505371,23.190203,73.59821,-219.9139709472656,1.966454682526765
5KPE_4_4_6_id18,1.3333353996276855,2.852142333984375,87.94629629629628,0.72,4,4,92.2837037037037,0.8217940330505371,23.190203,73.59821,-217.60382080078125,2.002947206850405
5KPE_4_4_6_id19,1.7484090328216553,2.2276763916015625,88.03574074074074,0.71,4,4,92.2837037037037,0.8217940330505371,23.190203,73.59821,-219.93405151367188,1.958642747667101
5KPE_4_4_6_id2,1.5681099891662598,2.910062074661255,89.93611111111112,0.77,4,4,92.2837037037037,0.8217940330505371,23.190203,73.59821,-219.88372802734372,2.0069732666015625
5KPE_4_4_6_id20,1.864883303642273,3.2740800380706787,89.03055555555558,0.74,4,4,92.2837037037037,0.8217940330505371,23.190203,73.59821,-216.00665283203125,1.97876301518193
5KPE_4_4_6_id21,1.777707576751709,2.7176482677459717,86.88944444444444,0.72,4,4,92.2837037037037,0.8217940330505371,23.190203,73.59821,-219.17713928222656,1.9482407746491608
5KPE_4_4_6_id22,1.952071189880371,1.9854322671890259,87.58805555555554,0.71,4,4,92.2837037037037,0.8217940330505371,23.190203,73.59821,-220.19293212890625,1.9226760864257808
5KPE_4_4_6_id23,1.7698278427124023,2.4289615154266357,88.31009259259261,0.75,4,4,92.2837037037037,0.8217940330505371,23.190203,73.59821,-223.0234222412109,2.0058236298737704
5KPE_4_4_6_id3,1.8285101652145386,1.9322171211242676,86.73768518518519,0.7,4,4,92.2837037037037,0.8217940330505371,23.190203,73.59821,-220.30699157714844,1.9537456653736256
5KPE_4_4_6_id4,1.6053279638290405,2.6902644634246826,87.55731481481482,0.73,4,4,92.2837037037037,0.8217940330505371,23.190203,73.59821,-214.20880126953125,2.0382136592158564
5KPE_4_4_6_id5,1.8080146312713623,2.67484712600708,88.37361111111112,0.75,4,4,92.2837037037037,0.8217940330505371,23.190203,73.59821,-216.5347137451172,1.899067914044416
5KPE_4_4_6_id6,1.7153186798095703,2.7806029319763184,91.37064814814812,0.8,4,4,92.2837037037037,0.8217940330505371,23.190203,73.59821,-219.51817321777344,1.992216463442202
5KPE_4_4_6_id7,1.4071348905563354,2.456857919692993,87.57499999999999,0.7,4,4,92.2837037037037,0.8217940330505371,23.190203,73.59821,-219.103759765625,2.0418869301124856
5KPE_4_4_6_id8,1.610679268836975,2.1756772994995117,87.51453703703703,0.75,4,4,92.2837037037037,0.8217940330505371,23.190203,73.59821,-221.34097290039065,1.9621440746166088
5KPE_4_4_6_id9,1.7212263345718384,2.9122555255889893,93.6559259259259,0.84,4,4,92.2837037037037,0.8217940330505371,23.190203,73.59821,-220.6734161376953,2.025519618281612
5KPE_4_4_7_id0,1.520411491394043,2.1859774589538574,88.64462962962962,0.72,4,4,90.76925925925926,0.7929343581199646,23.49911,73.25415,-217.8458709716797,1.9068719369393807
5KPE_4_4_7_id1,1.3503482341766357,2.7641141414642334,87.27759259259257,0.7,4,4,90.76925925925926,0.7929343581199646,23.49911,73.25415,-222.09945678710935,2.0138255931712963
5KPE_4_4_7_id10,1.170131802558899,3.073760747909546,79.8464814814815,0.63,4,4,90.76925925925926,0.7929343581199646,23.49911,73.25415,-222.2196350097656,2.0031941731770835
5KPE_4_4_7_id11,1.585621953010559,2.38905668258667,86.97768518518518,0.7,4,4,90.76925925925926,0.7929343581199646,23.49911,73.25415,-222.7139892578125,2.026955074734158
5KPE_4_4_7_id12,1.3565245866775513,3.1145761013031006,85.90009259259259,0.7,4,4,90.76925925925926,0.7929343581199646,23.49911,73.25415,-221.60585021972656,2.120822482638889
5KPE_4_4_7_id13,1.474159836769104,2.793943166732788,88.41990740740741,0.72,4,4,90.76925925925926,0.7929343581199646,23.49911,73.25415,-214.60269165039065,1.9498185051812067
5KPE_4_4_7_id14,1.6288764476776123,2.5220017433166504,87.46277777777777,0.71,4,4,90.76925925925926,0.7929343581199646,23.49911,73.25415,-221.03216552734372,2.062453941062645
5KPE_4_4_7_id15,1.3474435806274414,2.692732334136963,88.73564814814816,0.71,4,4,90.76925925925926,0.7929343581199646,23.49911,73.25415,-219.375,2.103777708830657
5KPE_4_4_7_id16,2.0619606971740723,1.8680500984191895,83.02259259259257,0.67,4,4,90.76925925925926,0.7929343581199646,23.49911,73.25415,-223.0068817138672,1.976196571632668
5KPE_4_4_7_id17,1.3663562536239624,2.7542426586151123,82.36675925925927,0.66,4,4,90.76925925925926,0.7929343581199646,23.49911,73.25415,-224.30661010742188,2.058794939959491
5KPE_4_4_7_id18,1.3962243795394897,2.1143977642059326,82.14999999999999,0.66,4,4,90.76925925925926,0.7929343581199646,23.49911,73.25415,-223.45887756347656,2.0101664507830583
5KPE_4_4_7_id19,1.2415428161621094,2.5362772941589355,83.95370370370368,0.67,4,4,90.76925925925926,0.7929343581199646,23.49911,73.25415,-222.95948791503903,2.009977552625868
5KPE_4_4_7_id2,1.4500916004180908,2.8401288986206055,86.6611111111111,0.69,4,4,90.76925925925926,0.7929343581199646,23.49911,73.25415,-221.1110382080078,2.092338279441551
5KPE_4_4_7_id20,1.7332161664962769,2.1731441020965576,81.22648148148147,0.66,4,4,90.76925925925926,0.7929343581199646,23.49911,73.25415,-221.4140472412109,2.037838406032986
5KPE_4_4_7_id21,2.1381866931915283,1.6690895557403564,84.43648148148148,0.67,4,4,90.76925925925926,0.7929343581199646,23.49911,73.25415,-219.25924682617188,1.9259767885561343
5KPE_4_4_7_id22,1.4174753427505493,2.8325741291046143,83.7375925925926,0.66,4,4,90.76925925925926,0.7929343581199646,23.49911,73.25415,-216.23138427734372,2.097661053692853
5KPE_4_4_7_id23,1.2059077024459839,2.6958112716674805,87.14157407407407,0.69,4,4,90.76925925925926,0.7929343581199646,23.49911,73.25415,-222.86590576171875,1.956799825032552
5KPE_4_4_7_id3,1.9407923221588135,1.976125955581665,84.4525,0.67,4,4,90.76925925925926,0.7929343581199646,23.49911,73.25415,-221.00181579589844,2.0370799877025463
5KPE_4_4_7_id4,1.5794105529785156,2.251124143600464,89.95962962962962,0.75,4,4,90.76925925925926,0.7929343581199646,23.49911,73.25415,-222.26498413085935,2.0350579155815973
5KPE_4_4_7_id5,1.284142017364502,2.734218120574951,89.1875,0.75,4,4,90.76925925925926,0.7929343581199646,23.49911,73.25415,-223.693359375,2.051837779857494
5KPE_4_4_7_id6,1.366956114768982,2.805781364440918,84.81629629629627,0.7,4,4,90.76925925925926,0.7929343581199646,23.49911,73.25415,-221.2732086181641,2.1268717447916665
5KPE_4_4_7_id7,1.5146211385726929,2.6755664348602295,87.34962962962963,0.71,4,4,90.76925925925926,0.7929343581199646,23.49911,73.25415,-223.0221099853516,2.013166356969762
5KPE_4_4_7_id8,1.5313308238983154,2.597975969314575,89.1374074074074,0.75,4,4,90.76925925925926,0.7929343581199646,23.49911,73.25415,-222.3368377685547,2.067959255642361
5KPE_4_4_7_id9,1.4936046600341797,2.3366501331329346,86.91037037037037,0.69,4,4,90.76925925925926,0.7929343581199646,23.49911,73.25415,-219.81149291992188,2.1039512069137007
5KPE_4_4_8_id0,0.9892681837081909,3.5459651947021484,91.02453703703704,0.77,4,4,90.52138888888892,0.6596664786338806,22.61628,74.71156,-223.9386138916016,1.8807795489275896
5KPE_4_4_8_id1,2.3652548789978027,1.595367193222046,83.97685185185183,0.68,4,4,90.52138888888892,0.6596664786338806,22.61628,74.71156,-226.45553588867188,1.9292464079680267
5KPE_4_4_8_id10,1.3510465621948242,2.5399627685546875,85.6112962962963,0.69,4,4,90.52138888888892,0.6596664786338806,22.61628,74.71156,-223.16064453125,1.902769300672743
5KPE_4_4_8_id11,1.6738981008529663,2.3665292263031006,86.07435185185186,0.7,4,4,90.52138888888892,0.6596664786338806,22.61628,74.71156,-222.0849456787109,1.8816201951768663
5KPE_4_4_8_id12,1.4053223133087158,3.100080728530884,86.8273148148148,0.7,4,4,90.52138888888892,0.6596664786338806,22.61628,74.71156,-224.4167938232422,1.8663095544885704
5KPE_4_4_8_id13,2.8305816650390625,1.609621524810791,86.57750000000003,0.71,4,4,90.52138888888892,0.6596664786338806,22.61628,74.71156,-226.42041015625,1.91542152122215
5KPE_4_4_8_id14,1.741485357284546,1.8339080810546875,86.51509259259261,0.7,4,4,90.52138888888892,0.6596664786338806,22.61628,74.71156,-225.4123077392578,1.8992137202510129
5KPE_4_4_8_id15,1.2806355953216553,2.763805866241455,85.17490740740743,0.67,4,4,90.52138888888892,0.6596664786338806,22.61628,74.71156,-224.49398803710935,1.920802222357856
5KPE_4_4_8_id16,1.2998945713043213,2.7219314575195312,84.78657407407407,0.69,4,4,90.52138888888892,0.6596664786338806,22.61628,74.71156,-223.23971557617188,1.9554862976074217
5KPE_4_4_8_id17,1.8033344745635986,1.6987248659133911,87.88259259259257,0.72,4,4,90.52138888888892,0.6596664786338806,22.61628,74.71156,-224.24539184570312,1.8969805682146992
5KPE_4_4_8_id18,2.6869587898254395,1.5727903842926025,84.73425925925928,0.69,4,4,90.52138888888892,0.6596664786338806,22.61628,74.71156,-225.3267364501953,1.916167930320457
5KPE_4_4_8_id19,1.318916916847229,2.9740123748779297,85.34333333333333,0.69,4,4,90.52138888888892,0.6596664786338806,22.61628,74.71156,-225.1709442138672,1.9361628779658564
5KPE_4_4_8_id2,1.3637809753417969,2.782737970352173,86.72296296296298,0.73,4,4,90.52138888888892,0.6596664786338806,22.61628,74.71156,-220.8766632080078,1.968667489510996
5KPE_4_4_8_id20,1.662625789642334,1.562709927558899,87.11685185185185,0.69,4,4,90.52138888888892,0.6596664786338806,22.61628,74.71156,-223.03668212890625,1.8625673364709925
5KPE_4_4_8_id21,1.313980221748352,2.1738295555114746,83.53703703703705,0.68,4,4,90.52138888888892,0.6596664786338806,22.61628,74.71156,-225.33740234375,1.915476622404876
5KPE_4_4_8_id22,2.221215009689331,1.4144941568374634,84.61074074074075,0.71,4,4,90.52138888888892,0.6596664786338806,22.61628,74.71156,-220.682373046875,1.8943398087113
5KPE_4_4_8_id23,1.4100050926208496,2.707204580307007,85.73916666666666,0.67,4,4,90.52138888888892,0.6596664786338806,22.61628,74.71156,-222.97259521484372,1.9277459603768807
5KPE_4_4_8_id3,1.4801864624023438,2.736525535583496,86.35657407407405,0.69,4,4,90.52138888888892,0.6596664786338806,22.61628,74.71156,-225.25833129882807,1.8804329766167536
5KPE_4_4_8_id4,1.313615083694458,2.6263749599456787,87.38222222222223,0.73,4,4,90.52138888888892,0.6596664786338806,22.61628,74.71156,-223.7541961669922,1.88330403080693
5KPE_4_4_8_id5,2.6603195667266846,1.8009271621704102,89.56592592592595,0.74,4,4,90.52138888888892,0.6596664786338806,22.61628,74.71156,-219.90200805664065,1.8640584592466
5KPE_4_4_8_id6,1.4367684125900269,3.177863121032715,87.90296296296299,0.72,4,4,90.52138888888892,0.6596664786338806,22.61628,74.71156,-220.5980987548828,2.0420571786386
5KPE_4_4_8_id7,1.3574753999710083,3.395308017730713,91.68685185185186,0.79,4,4,90.52138888888892,0.6596664786338806,22.61628,74.71156,-224.42579650878903,1.9880590085630063
5KPE_4_4_8_id8,2.450657367706299,1.5941799879074097,83.30990740740741,0.69,4,4,90.52138888888892,0.6596664786338806,22.61628,74.71156,-225.42626953125,1.9156324598524304
5KPE_4_4_8_id9,1.3901896476745605,2.9446957111358643,85.53509259259259,0.68,4,4,90.52138888888892,0.6596664786338806,22.61628,74.71156,-218.4781646728516,1.881028069390191
5KPE_4_4_9_id0,1.7221283912658691,2.3206167221069336,86.41879629629629,0.69,4,4,90.84425925925925,0.8457044363021851,23.040243,70.987595,-219.3513336181641,1.976954989963108
5KPE_4_4_9_id1,1.3909873962402344,3.3619637489318848,87.14648148148147,0.69,4,4,90.84425925925925,0.8457044363021851,23.040243,70.987595,-223.56155395507807,2.0409955625180847
5KPE_4_4_9_id10,1.5411368608474731,2.3933446407318115,83.04305555555554,0.65,4,4,90.84425925925925,0.8457044363021851,23.040243,70.987595,-222.3675079345703,2.058753967285156
5KPE_4_4_9_id11,1.1799750328063965,3.2299723625183105,85.30953703703705,0.67,4,4,90.84425925925925,0.8457044363021851,23.040243,70.987595,-223.0340576171875,1.9746921680591725
5KPE_4_4_9_id12,1.3410450220108032,2.6683733463287354,85.45740740740744,0.68,4,4,90.84425925925925,0.8457044363021851,23.040243,70.987595,-222.8640899658203,2.020826975504557
5KPE_4_4_9_id13,1.852150797843933,2.0576961040496826,82.91268518518521,0.68,4,4,90.84425925925925,0.8457044363021851,23.040243,70.987595,-222.40573120117188,1.9439195703577112
5KPE_4_4_9_id14,1.1556717157363892,3.0229642391204834,86.10583333333334,0.68,4,4,90.84425925925925,0.8457044363021851,23.040243,70.987595,-223.10345458984372,2.056327254683883
5KPE_4_4_9_id15,1.525398850440979,2.1868350505828857,84.3299074074074,0.7,4,4,90.84425925925925,0.8457044363021851,23.040243,70.987595,-219.88262939453125,1.970832683421948
5KPE_4_4_9_id16,1.2495769262313843,2.866698741912842,86.67944444444446,0.69,4,4,90.84425925925925,0.8457044363021851,23.040243,70.987595,-222.0042724609375,2.0967927155671298
5KPE_4_4_9_id17,1.2094639539718628,2.9137439727783203,83.26212962962961,0.64,4,4,90.84425925925925,0.8457044363021851,23.040243,70.987595,-219.9427795410156,2.041333375153718
5KPE_4_4_9_id18,1.4955283403396606,2.554656982421875,82.92287037037035,0.7,4,4,90.84425925925925,0.8457044363021851,23.040243,70.987595,-222.17770385742188,2.0043731972023293
5KPE_4_4_9_id19,1.454213261604309,2.9814095497131348,85.92879629629631,0.67,4,4,90.84425925925925,0.8457044363021851,23.040243,70.987595,-223.6760711669922,2.0324666058575667
5KPE_4_4_9_id2,1.263252854347229,2.7816762924194336,87.53925925925924,0.71,4,4,90.84425925925925,0.8457044363021851,23.040243,70.987595,-224.01187133789065,1.9925836633752887
5KPE_4_4_9_id20,1.695245385169983,1.8037337064743042,85.75055555555555,0.69,4,4,90.84425925925925,0.8457044363021851,23.040243,70.987595,-224.7709808349609,2.013631184895833
5KPE_4_4_9_id21,1.3756163120269775,2.721498966217041,87.19361111111111,0.72,4,4,90.84425925925925,0.8457044363021851,23.040243,70.987595,-224.11790466308597,2.025267000551577
5KPE_4_4_9_id22,1.798742413520813,1.980624794960022,84.4727777777778,0.7,4,4,90.84425925925925,0.8457044363021851,23.040243,70.987595,-222.0227508544922,1.971172756618924
5KPE_4_4_9_id23,1.173141598701477,2.926530122756958,83.61796296296296,0.65,4,4,90.84425925925925,0.8457044363021851,23.040243,70.987595,-224.00112915039065,2.052989818431713
5KPE_4_4_9_id3,1.3548552989959717,2.600865602493286,83.59453703703704,0.67,4,4,90.84425925925925,0.8457044363021851,23.040243,70.987595,-219.013671875,2.084530300564236
5KPE_4_4_9_id4,1.2805330753326416,2.83695650100708,83.86703703703704,0.67,4,4,90.84425925925925,0.8457044363021851,23.040243,70.987595,-218.05780029296875,2.0343670315212674
5KPE_4_4_9_id5,1.600636601448059,2.3522849082946777,85.22657407407408,0.69,4,4,90.84425925925925,0.8457044363021851,23.040243,70.987595,-224.41403198242188,2.037308869538484
5KPE_4_4_9_id6,2.296581268310547,1.8167150020599365,81.06703703703703,0.64,4,4,90.84425925925925,0.8457044363021851,23.040243,70.987595,-225.7252960205078,2.0046491269712097
5KPE_4_4_9_id7,1.568074107170105,1.9471309185028076,86.49388888888886,0.7,4,4,90.84425925925925,0.8457044363021851,23.040243,70.987595,-223.1429748535156,2.0276610762984664
5KPE_4_4_9_id8,1.3884408473968506,2.8967530727386475,82.89064814814816,0.68,4,4,90.84425925925925,0.8457044363021851,23.040243,70.987595,-221.6460876464844,2.0066860340259693
5KPE_4_4_9_id9,1.774194598197937,2.1695566177368164,88.35574074074076,0.72,4,4,90.84425925925925,0.8457044363021851,23.040243,70.987595,-224.56224060058597,1.963289755362052
5KPE_4_6_0_id0,1.5322794914245605,3.2648072242736816,87.34268518518519,0.72,4,6,95.85305555555554,0.750878095626831,22.370731,74.77127,-220.1737365722656,2.195553249782986
5KPE_4_6_0_id1,1.5432865619659424,1.4772207736968994,88.65203703703706,0.72,4,6,95.85305555555554,0.750878095626831,22.370731,74.77127,-222.3587188720703,2.055373015227141
5KPE_4_6_0_id10,1.3489773273468018,3.562657356262207,91.02120370370368,0.8,4,6,95.85305555555554,0.750878095626831,22.370731,74.77127,-217.22129821777344,2.121722327338325
5KPE_4_6_0_id11,1.3180599212646484,1.675428867340088,88.02601851851851,0.73,4,6,95.85305555555554,0.750878095626831,22.370731,74.77127,-221.92532348632807,2.148187990541812
5KPE_4_6_0_id12,1.513052225112915,2.6167497634887695,81.53425925925929,0.65,4,6,95.85305555555554,0.750878095626831,22.370731,74.77127,-220.45413208007807,2.2160977964048034
5KPE_4_6_0_id13,1.4433696269989014,3.387930154800415,89.65185185185184,0.76,4,6,95.85305555555554,0.750878095626831,22.370731,74.77127,-216.38424682617188,2.208650377061632
5KPE_4_6_0_id14,1.2379945516586304,3.32645320892334,87.83740740740738,0.73,4,6,95.85305555555554,0.750878095626831,22.370731,74.77127,-215.8988494873047,2.1354556613498263
5KPE_4_6_0_id15,1.1077075004577637,2.2576494216918945,89.4252777777778,0.71,4,6,95.85305555555554,0.750878095626831,22.370731,74.77127,-221.6861114501953,2.124967645715784
5KPE_4_6_0_id16,1.4068753719329834,1.5514529943466187,87.59592592592591,0.71,4,6,95.85305555555554,0.750878095626831,22.370731,74.77127,-218.67550659179688,2.1005449648256653
5KPE_4_6_0_id17,1.568336009979248,2.186201572418213,86.62175925925925,0.69,4,6,95.85305555555554,0.750878095626831,22.370731,74.77127,-215.47488403320312,2.1398407264992043
5KPE_4_6_0_id18,3.2363970279693604,1.649068832397461,87.7887037037037,0.72,4,6,95.85305555555554,0.750878095626831,22.370731,74.77127,-219.56634521484372,2.1095715275517217
5KPE_4_6_0_id19,1.539608359336853,3.0000154972076416,87.62657407407409,0.71,4,6,95.85305555555554,0.750878095626831,22.370731,74.77127,-218.87600708007807,2.1900160047743054
5KPE_4_6_0_id2,1.350572943687439,2.827155590057373,85.1664814814815,0.66,4,6,95.85305555555554,0.750878095626831,22.370731,74.77127,-219.62747192382807,2.2145487467447915
5KPE_4_6_0_id20,1.0530765056610107,3.48036527633667,88.96444444444445,0.73,4,6,95.85305555555554,0.750878095626831,22.370731,74.77127,-221.64227294921875,2.158805423312717
5KPE_4_6_0_id21,1.59469735622406,1.4838629961013794,86.45694444444445,0.7,4,6,95.85305555555554,0.750878095626831,22.370731,74.77127,-220.35443115234372,2.11506681089048
5KPE_4_6_0_id22,1.4982372522354126,2.896120548248291,85.87203703703702,0.68,4,6,95.85305555555554,0.750878095626831,22.370731,74.77127,-221.5646514892578,2.07686925817419
5KPE_4_6_0_id23,1.3922549486160278,3.069265365600586,86.3875925925926,0.71,4,6,95.85305555555554,0.750878095626831,22.370731,74.77127,-222.73521423339844,2.1324684708206743
5KPE_4_6_0_id3,1.4026418924331665,1.9947296380996704,86.43185185185183,0.7,4,6,95.85305555555554,0.750878095626831,22.370731,74.77127,-220.61407470703125,2.148204803466797
5KPE_4_6_0_id4,1.5019731521606445,2.789034128189087,84.52564814814815,0.7,4,6,95.85305555555554,0.750878095626831,22.370731,74.77127,-220.3422698974609,2.164082138626664
5KPE_4_6_0_id5,1.5351155996322632,2.977585554122925,89.07759259259258,0.75,4,6,95.85305555555554,0.750878095626831,22.370731,74.77127,-217.901611328125,2.191387317798756
5KPE_4_6_0_id6,1.6232333183288574,2.561954975128174,88.63768518518518,0.73,4,6,95.85305555555554,0.750878095626831,22.370731,74.77127,-217.95980834960935,2.124211064091435
5KPE_4_6_0_id7,1.3683794736862183,1.5058058500289917,86.4501851851852,0.69,4,6,95.85305555555554,0.750878095626831,22.370731,74.77127,-219.80828857421875,2.087020026312934
5KPE_4_6_0_id8,1.1603610515594482,3.261643409729004,85.09324074074074,0.67,4,6,95.85305555555554,0.750878095626831,22.370731,74.77127,-223.1109771728516,2.167494879828559
5KPE_4_6_0_id9,1.2418047189712524,2.579319477081299,88.65398148148151,0.73,4,6,95.85305555555554,0.750878095626831,22.370731,74.77127,-220.05484008789065,2.13321191293222
5KPE_4_6_1_id0,1.1907802820205688,3.1404144763946533,91.42175925925928,0.77,4,6,91.9727777777778,0.6542103290557861,22.62896,75.760635,-222.10055541992188,2.1191235295048467
5KPE_4_6_1_id1,1.6991056203842163,2.6178040504455566,90.60879629629628,0.78,4,6,91.9727777777778,0.6542103290557861,22.62896,75.760635,-222.3921356201172,2.058206911440249
5KPE_4_6_1_id10,1.5475436449050903,2.6988143920898438,93.16916666666668,0.82,4,6,91.9727777777778,0.6542103290557861,22.62896,75.760635,-222.29705810546875,2.089567961516204
5KPE_4_6_1_id11,1.219093918800354,2.4941790103912354,88.97435185185185,0.74,4,6,91.9727777777778,0.6542103290557861,22.62896,75.760635,-224.76116943359372,2.0568218937626592
5KPE_4_6_1_id12,1.1972577571868896,1.8487296104431152,89.72194444444443,0.74,4,6,91.9727777777778,0.6542103290557861,22.62896,75.760635,-224.05870056152344,2.0349050451208046
5KPE_4_6_1_id13,1.4472453594207764,2.9481399059295654,87.57074074074072,0.72,4,6,91.9727777777778,0.6542103290557861,22.62896,75.760635,-220.7627716064453,2.0156782644766347
5KPE_4_6_1_id14,1.2111603021621704,3.1420414447784424,88.99814814814815,0.74,4,6,91.9727777777778,0.6542103290557861,22.62896,75.760635,-221.75819396972656,2.03366540979456
5KPE_4_6_1_id15,1.1452078819274902,3.4331588745117188,93.2175925925926,0.82,4,6,91.9727777777778,0.6542103290557861,22.62896,75.760635,-223.60499572753903,1.984389411078559
5KPE_4_6_1_id16,1.3403677940368652,2.6711819171905518,83.42777777777779,0.65,4,6,91.9727777777778,0.6542103290557861,22.62896,75.760635,-221.18289184570312,2.056590610080295
5KPE_4_6_1_id17,1.2175270318984985,2.916579246520996,90.41666666666664,0.76,4,6,91.9727777777778,0.6542103290557861,22.62896,75.760635,-222.3232421875,2.10555253205476
5KPE_4_6_1_id18,1.2595287561416626,3.0345301628112793,90.2313888888889,0.75,4,6,91.9727777777778,0.6542103290557861,22.62896,75.760635,-223.3903961181641,2.087483723958333
5KPE_4_6_1_id19,1.160427451133728,3.218477964401245,88.10249999999999,0.7,4,6,91.9727777777778,0.6542103290557861,22.62896,75.760635,-221.96685791015625,2.0988807678222656
5KPE_4_6_1_id2,1.269768238067627,3.1021056175231934,88.5387962962963,0.72,4,6,91.9727777777778,0.6542103290557861,22.62896,75.760635,-214.28854370117188,2.021983535201461
5KPE_4_6_1_id20,1.4898829460144043,1.832824945449829,88.5035185185185,0.74,4,6,91.9727777777778,0.6542103290557861,22.62896,75.760635,-224.42083740234372,2.051558317961516
5KPE_4_6_1_id21,1.3288882970809937,3.1317296028137207,91.6528703703704,0.8,4,6,91.9727777777778,0.6542103290557861,22.62896,75.760635,-216.3496551513672,2.084518997757524
5KPE_4_6_1_id22,1.307248592376709,3.308321714401245,91.63574074074076,0.79,4,6,91.9727777777778,0.6542103290557861,22.62896,75.760635,-222.15142822265625,1.9716033935546875
5KPE_4_6_1_id23,1.2964881658554077,2.9611079692840576,87.87981481481485,0.72,4,6,91.9727777777778,0.6542103290557861,22.62896,75.760635,-223.68045043945312,1.9761273419415508
5KPE_4_6_1_id3,1.1853138208389282,3.03231143951416,88.66694444444445,0.75,4,6,91.9727777777778,0.6542103290557861,22.62896,75.760635,-223.14407348632807,2.0847529658564814
5KPE_4_6_1_id4,1.3611578941345215,3.0105645656585693,91.24787037037038,0.79,4,6,91.9727777777778,0.6542103290557861,22.62896,75.760635,-222.61801147460935,2.002288253219039
5KPE_4_6_1_id5,1.3384010791778564,1.6227680444717407,88.09583333333333,0.73,4,6,91.9727777777778,0.6542103290557861,22.62896,75.760635,-220.6121368408203,2.149157771357784
5KPE_4_6_1_id6,1.243487000465393,3.022676706314087,88.51824074074074,0.73,4,6,91.9727777777778,0.6542103290557861,22.62896,75.760635,-220.77789306640625,2.150431032533999
5KPE_4_6_1_id7,1.1714136600494385,3.0904369354248047,90.50935185185187,0.78,4,6,91.9727777777778,0.6542103290557861,22.62896,75.760635,-221.86325073242188,2.0185317993164062
5KPE_4_6_1_id8,1.3629024028778076,1.610443115234375,86.78759259259259,0.71,4,6,91.9727777777778,0.6542103290557861,22.62896,75.760635,-217.2151641845703,1.959861190230758
5KPE_4_6_1_id9,1.206681728363037,2.6614229679107666,87.48333333333336,0.73,4,6,91.9727777777778,0.6542103290557861,22.62896,75.760635,-221.4834899902344,2.0367830064561634
5KPE_4_6_2_id0,1.1694395542144775,3.134387493133545,89.41305555555556,0.75,4,6,88.61518518518518,0.9483682513237,22.865034,73.50251,-214.87432861328125,2.060954906322338
5KPE_4_6_2_id1,1.3478246927261353,3.104074239730835,88.9714814814815,0.75,4,6,88.61518518518518,0.9483682513237,22.865034,73.50251,-215.59603881835935,2.109720300745081
5KPE_4_6_2_id10,1.4558244943618774,2.986117362976074,90.9937962962963,0.78,4,6,88.61518518518518,0.9483682513237,22.865034,73.50251,-218.19329833984372,2.0468136822735823
5KPE_4_6_2_id11,1.4891492128372192,2.4524261951446533,89.3324074074074,0.74,4,6,88.61518518518518,0.9483682513237,22.865034,73.50251,-217.92237854003903,2.118342364275897
5KPE_4_6_2_id12,1.3419963121414185,3.075089931488037,88.6062037037037,0.71,4,6,88.61518518518518,0.9483682513237,22.865034,73.50251,-219.7141571044922,2.049852583143446
5KPE_4_6_2_id13,1.7804163694381714,1.3304787874221802,91.07185185185185,0.78,4,6,88.61518518518518,0.9483682513237,22.865034,73.50251,-215.5855407714844,1.9693199440285007
5KPE_4_6_2_id14,1.428837537765503,2.9943299293518066,92.02175925925924,0.81,4,6,88.61518518518518,0.9483682513237,22.865034,73.50251,-215.07244873046875,2.086957295735677
5KPE_4_6_2_id15,1.3976161479949951,3.1356661319732666,89.60259259259259,0.75,4,6,88.61518518518518,0.9483682513237,22.865034,73.50251,-219.69802856445312,2.029326544867621
5KPE_4_6_2_id16,1.1142586469650269,1.6085760593414307,89.8087037037037,0.76,4,6,88.61518518518518,0.9483682513237,22.865034,73.50251,-215.8761749267578,2.098640865749783
5KPE_4_6_2_id17,1.360504388809204,2.9981255531311035,88.05722222222222,0.74,4,6,88.61518518518518,0.9483682513237,22.865034,73.50251,-220.4208526611328,2.145257455331308
5KPE_4_6_2_id18,1.2896755933761597,2.9623003005981445,87.07138888888888,0.7,4,6,88.61518518518518,0.9483682513237,22.865034,73.50251,-219.19224548339844,2.0214421307599104
5KPE_4_6_2_id19,1.4183368682861328,2.8221120834350586,88.19453703703705,0.73,4,6,88.61518518518518,0.9483682513237,22.865034,73.50251,-219.60987854003903,2.0676179108796298
5KPE_4_6_2_id2,1.4584240913391113,1.3403048515319824,89.06490740740739,0.76,4,6,88.61518518518518,0.9483682513237,22.865034,73.50251,-218.48703002929688,2.0851683440031827
5KPE_4_6_2_id20,1.5257443189620972,2.800306797027588,89.13898148148148,0.74,4,6,88.61518518518518,0.9483682513237,22.865034,73.50251,-218.62388610839844,1.989512973361545
5KPE_4_6_2_id21,1.195796251296997,2.2535154819488525,91.65962962962963,0.79,4,6,88.61518518518518,0.9483682513237,22.865034,73.50251,-216.98130798339844,2.10263909233941
5KPE_4_6_2_id22,1.7591522932052612,2.0705697536468506,87.71518518518518,0.74,4,6,88.61518518518518,0.9483682513237,22.865034,73.50251,-214.6035614013672,2.100220009132668
5KPE_4_6_2_id23,1.405261516571045,3.261432647705078,91.00175925925927,0.8,4,6,88.61518518518518,0.9483682513237,22.865034,73.50251,-216.8065643310547,2.0394855075412326
5KPE_4_6_2_id3,1.17063307762146,3.178959608078003,86.85305555555557,0.71,4,6,88.61518518518518,0.9483682513237,22.865034,73.50251,-219.33853149414065,2.124867898446542
5KPE_4_6_2_id4,1.5502145290374756,2.993356227874756,92.20740740740742,0.82,4,6,88.61518518518518,0.9483682513237,22.865034,73.50251,-219.86544799804688,2.03183435510706
5KPE_4_6_2_id5,1.296743631362915,3.1699252128601074,87.65703703703704,0.73,4,6,88.61518518518518,0.9483682513237,22.865034,73.50251,-218.9412841796875,2.107736658166956
5KPE_4_6_2_id6,1.3246324062347412,3.2242648601531982,90.3252777777778,0.76,4,6,88.61518518518518,0.9483682513237,22.865034,73.50251,-211.73703002929688,2.072137338143808
5KPE_4_6_2_id7,1.41251802444458,1.5723793506622314,91.15907407407406,0.78,4,6,88.61518518518518,0.9483682513237,22.865034,73.50251,-218.4579925537109,2.081512168601708
5KPE_4_6_2_id8,1.2022961378097534,2.996886730194092,90.17638888888888,0.77,4,6,88.61518518518518,0.9483682513237,22.865034,73.50251,-215.86805725097656,2.128449334038629
5KPE_4_6_2_id9,1.3561371564865112,3.0001251697540283,90.42601851851852,0.76,4,6,88.61518518518518,0.9483682513237,22.865034,73.50251,-220.75534057617188,2.030265242965133
5KPE_4_6_3_id0,1.7655593156814575,2.038118362426758,85.1689814814815,0.71,4,6,94.7159259259259,0.6286298632621765,21.959547,74.70813,-218.36294555664065,1.9571497881854023
5KPE_4_6_3_id1,1.1394726037979126,3.5826711654663086,90.35574074074071,0.79,4,6,94.7159259259259,0.6286298632621765,21.959547,74.70813,-220.76243591308597,2.037610937047888
5KPE_4_6_3_id10,1.0768531560897827,3.2921812534332275,91.58685185185188,0.77,4,6,94.7159259259259,0.6286298632621765,21.959547,74.70813,-223.0726776123047,2.0436327898943865
5KPE_4_6_3_id11,1.3355871438980103,1.5872266292572021,87.19981481481483,0.71,4,6,94.7159259259259,0.6286298632621765,21.959547,74.70813,-221.30345153808597,2.0069554646809897
5KPE_4_6_3_id12,1.3437366485595703,3.1188032627105713,93.01342592592592,0.82,4,6,94.7159259259259,0.6286298632621765,21.959547,74.70813,-220.1977996826172,2.114424952754268
5KPE_4_6_3_id13,1.121227502822876,3.6033754348754883,89.82990740740742,0.75,4,6,94.7159259259259,0.6286298632621765,21.959547,74.70813,-221.2678680419922,1.9982681274414065
5KPE_4_6_3_id14,1.1513499021530151,3.5591771602630615,90.32861111111112,0.76,4,6,94.7159259259259,0.6286298632621765,21.959547,74.70813,-223.142822265625,2.02014810067636
5KPE_4_6_3_id15,1.2891432046890259,2.781069040298462,88.8238888888889,0.72,4,6,94.7159259259259,0.6286298632621765,21.959547,74.70813,-219.2747344970703,1.993583114058883
5KPE_4_6_3_id16,1.0360549688339233,2.9949278831481934,92.51083333333332,0.8,4,6,94.7159259259259,0.6286298632621765,21.959547,74.70813,-221.98556518554688,2.070447003399884
5KPE_4_6_3_id17,1.347969889640808,3.4629201889038086,90.8149074074074,0.78,4,6,94.7159259259259,0.6286298632621765,21.959547,74.70813,-220.53271484375,1.993062054669416
5KPE_4_6_3_id18,1.2455776929855347,3.065572500228882,87.20231481481481,0.69,4,6,94.7159259259259,0.6286298632621765,21.959547,74.70813,-220.1604766845703,2.0230475531684027
5KPE_4_6_3_id19,1.1473227739334106,3.396916151046753,91.59388888888888,0.79,4,6,94.7159259259259,0.6286298632621765,21.959547,74.70813,-220.0455017089844,2.1040575945818865
5KPE_4_6_3_id2,1.1402720212936401,3.1214141845703125,88.35888888888891,0.7,4,6,94.7159259259259,0.6286298632621765,21.959547,74.70813,-221.5610809326172,1.9529828672055844
5KPE_4_6_3_id20,1.4005012512207031,1.5341393947601318,86.08472222222224,0.7,4,6,94.7159259259259,0.6286298632621765,21.959547,74.70813,-221.90621948242188,2.0471779152199074
5KPE_4_6_3_id21,1.4729764461517334,3.0069432258605957,86.65000000000002,0.71,4,6,94.7159259259259,0.6286298632621765,21.959547,74.70813,-218.8985748291016,2.0475179884168835
5KPE_4_6_3_id22,1.4636932611465454,3.0870444774627686,89.97157407407407,0.74,4,6,94.7159259259259,0.6286298632621765,21.959547,74.70813,-221.82192993164065,1.9588939525462965
5KPE_4_6_3_id23,1.2397942543029785,3.0772287845611572,88.3414814814815,0.74,4,6,94.7159259259259,0.6286298632621765,21.959547,74.70813,-222.21224975585935,2.111838729293258
5KPE_4_6_3_id3,1.2071880102157593,3.3303048610687256,88.90481481481481,0.73,4,6,94.7159259259259,0.6286298632621765,21.959547,74.70813,-223.1027069091797,2.025068918863932
5KPE_4_6_3_id4,1.366075873374939,3.5593202114105225,90.26935185185184,0.77,4,6,94.7159259259259,0.6286298632621765,21.959547,74.70813,-217.88629150390625,2.021155322039569
5KPE_4_6_3_id5,1.1733267307281494,3.460432291030884,88.59898148148149,0.73,4,6,94.7159259259259,0.6286298632621765,21.959547,74.70813,-221.7025604248047,2.021007255271629
5KPE_4_6_3_id6,1.2408374547958374,3.1726033687591553,89.73712962962964,0.75,4,6,94.7159259259259,0.6286298632621765,21.959547,74.70813,-217.32325744628903,1.985531842267072
5KPE_4_6_3_id7,1.2511357069015503,3.508944034576416,90.10509259259258,0.75,4,6,94.7159259259259,0.6286298632621765,21.959547,74.70813,-219.04473876953125,1.9497796517831307
5KPE_4_6_3_id8,1.0549883842468262,3.2729995250701904,90.44074074074076,0.76,4,6,94.7159259259259,0.6286298632621765,21.959547,74.70813,-219.02853393554688,2.172456529405382
5KPE_4_6_3_id9,0.9873962998390198,1.6746630668640137,86.7462037037037,0.68,4,6,94.7159259259259,0.6286298632621765,21.959547,74.70813,-221.038330078125,2.0273508142541954
5KPE_4_6_4_id0,1.3992477655410767,1.2177565097808838,93.2425925925926,0.81,4,6,94.4698148148148,0.5408238768577576,22.135323,72.250755,-224.88638305664065,1.9161115575719765
5KPE_4_6_4_id1,2.2124125957489014,2.016843318939209,89.1337962962963,0.75,4,6,94.4698148148148,0.5408238768577576,22.135323,72.250755,-225.40245056152344,2.0048658582899304
5KPE_4_6_4_id10,1.7907456159591675,1.6661550998687744,90.2525,0.77,4,6,94.4698148148148,0.5408238768577576,22.135323,72.250755,-223.8876190185547,2.057849742748119
5KPE_4_6_4_id11,1.2580976486206055,1.7011772394180298,91.3199074074074,0.77,4,6,94.4698148148148,0.5408238768577576,22.135323,72.250755,-224.28955078125,1.9644775390625
5KPE_4_6_4_id12,1.4971016645431519,1.6819618940353394,88.39833333333334,0.76,4,6,94.4698148148148,0.5408238768577576,22.135323,72.250755,-223.11788940429688,2.066649825484664
5KPE_4_6_4_id13,1.8318872451782227,2.8542139530181885,91.78824074074072,0.82,4,6,94.4698148148148,0.5408238768577576,22.135323,72.250755,-221.20355224609372,1.994334468135128
5KPE_4_6_4_id14,1.7445745468139648,1.3872116804122925,92.22148148148148,0.82,4,6,94.4698148148148,0.5408238768577576,22.135323,72.250755,-224.7110290527344,1.9509331032081887
5KPE_4_6_4_id15,1.6153286695480347,1.5922006368637085,89.24611111111113,0.74,4,6,94.4698148148148,0.5408238768577576,22.135323,72.250755,-223.85044860839844,2.064569826479312
5KPE_4_6_4_id16,1.45393967628479,1.2171217203140259,89.27277777777778,0.71,4,6,94.4698148148148,0.5408238768577576,22.135323,72.250755,-225.5963134765625,1.9376370465313943
5KPE_4_6_4_id17,1.2970478534698486,3.2424838542938232,92.23361111111107,0.79,4,6,94.4698148148148,0.5408238768577576,22.135323,72.250755,-225.81927490234372,2.034110175238715
5KPE_4_6_4_id18,1.914440393447876,2.132119655609131,90.29981481481484,0.76,4,6,94.4698148148148,0.5408238768577576,22.135323,72.250755,-223.7670135498047,1.976340682418258
5KPE_4_6_4_id19,1.2014094591140747,1.1783121824264526,87.85712962962964,0.73,4,6,94.4698148148148,0.5408238768577576,22.135323,72.250755,-225.60479736328125,2.017310954906322
5KPE_4_6_4_id2,1.5618388652801514,1.4225741624832153,87.49824074074075,0.74,4,6,94.4698148148148,0.5408238768577576,22.135323,72.250755,-222.5176544189453,1.9729563395182288
5KPE_4_6_4_id20,2.277470588684082,1.2817400693893433,88.04453703703703,0.73,4,6,94.4698148148148,0.5408238768577576,22.135323,72.250755,-216.6728973388672,1.92986085679796
5KPE_4_6_4_id21,1.3225111961364746,1.5004774332046509,88.52805555555558,0.74,4,6,94.4698148148148,0.5408238768577576,22.135323,72.250755,-220.485107421875,1.988031457971644
5KPE_4_6_4_id22,1.4351081848144531,3.1517868041992188,88.36722222222224,0.74,4,6,94.4698148148148,0.5408238768577576,22.135323,72.250755,-219.09608459472656,2.054774672896773
5KPE_4_6_4_id23,1.4355311393737793,3.171523094177246,91.80074074074076,0.78,4,6,94.4698148148148,0.5408238768577576,22.135323,72.250755,-225.5093688964844,1.943386925591363
5KPE_4_6_4_id3,1.614774465560913,1.268101453781128,90.72314814814814,0.78,4,6,94.4698148148148,0.5408238768577576,22.135323,72.250755,-222.8868103027344,1.9355015224880645
5KPE_4_6_4_id4,1.859168291091919,2.207714080810547,87.90537037037036,0.74,4,6,94.4698148148148,0.5408238768577576,22.135323,72.250755,-222.8567047119141,1.969206350821036
5KPE_4_6_4_id5,1.060327410697937,1.923166275024414,88.75666666666666,0.71,4,6,94.4698148148148,0.5408238768577576,22.135323,72.250755,-220.29574584960935,2.017383575439453
5KPE_4_6_4_id6,1.2910159826278687,2.6272287368774414,90.71583333333332,0.78,4,6,94.4698148148148,0.5408238768577576,22.135323,72.250755,-221.462646484375,2.000343605324074
5KPE_4_6_4_id7,1.8808070421218872,2.393868923187256,92.06703703703704,0.83,4,6,94.4698148148148,0.5408238768577576,22.135323,72.250755,-224.4423065185547,2.0280939737955728
5KPE_4_6_4_id8,2.0404341220855713,1.3962358236312866,90.13694444444444,0.77,4,6,94.4698148148148,0.5408238768577576,22.135323,72.250755,-225.2754821777344,1.9061016506618924
5KPE_4_6_4_id9,1.8111411333084106,1.4082682132720947,92.77546296296296,0.82,4,6,94.4698148148148,0.5408238768577576,22.135323,72.250755,-222.3665008544922,1.9944804156268088
5KPE_4_6_5_id0,1.3295294046401978,3.3892934322357178,89.1726851851852,0.74,4,6,94.5427777777778,0.575137197971344,22.576742,72.07287,-223.5475616455078,2.102789560953776
5KPE_4_6_5_id1,1.3634122610092163,2.6396374702453613,86.24472222222222,0.7,4,6,94.5427777777778,0.575137197971344,22.576742,72.07287,-222.1843719482422,2.0391421847873263
5KPE_4_6_5_id10,1.5329545736312866,1.474623203277588,89.68212962962964,0.76,4,6,94.5427777777778,0.575137197971344,22.576742,72.07287,-224.4828186035156,1.9445241292317708
5KPE_4_6_5_id11,1.3286033868789673,3.0122923851013184,91.32111111111112,0.8,4,6,94.5427777777778,0.575137197971344,22.576742,72.07287,-219.8669891357422,2.021482679578993
5KPE_4_6_5_id12,1.593030333518982,3.036306619644165,90.83194444444445,0.79,4,6,94.5427777777778,0.575137197971344,22.576742,72.07287,-224.97589111328125,1.992436161747685
5KPE_4_6_5_id13,1.6677124500274658,1.9650869369506836,90.66611111111112,0.78,4,6,94.5427777777778,0.575137197971344,22.576742,72.07287,-221.7569732666016,1.9529762268066408
5KPE_4_6_5_id14,1.472232460975647,2.802314519882202,89.49416666666666,0.72,4,6,94.5427777777778,0.575137197971344,22.576742,72.07287,-223.0352935791016,2.0004430700231484
5KPE_4_6_5_id15,1.7809741497039795,1.6294432878494263,89.22981481481482,0.75,4,6,94.5427777777778,0.575137197971344,22.576742,72.07287,-222.62692260742188,2.107811115406178
5KPE_4_6_5_id16,1.161516785621643,3.257145404815674,87.81842592592594,0.71,4,6,94.5427777777778,0.575137197971344,22.576742,72.07287,-221.6865997314453,2.1772954022442854
5KPE_4_6_5_id17,1.4311703443527222,3.2120258808135986,88.2737962962963,0.73,4,6,94.5427777777778,0.575137197971344,22.576742,72.07287,-222.55889892578125,2.119704069914641
5KPE_4_6_5_id18,1.4612969160079956,2.8247528076171875,86.88546296296296,0.73,4,6,94.5427777777778,0.575137197971344,22.576742,72.07287,-223.0637664794922,2.090285124602141
5KPE_4_6_5_id19,1.5433294773101807,2.7279438972473145,89.05240740740743,0.75,4,6,94.5427777777778,0.575137197971344,22.576742,72.07287,-223.51583862304688,2.1316095987955728
5KPE_4_6_5_id2,1.5798447132110596,1.4062259197235107,90.70685185185184,0.76,4,6,94.5427777777778,0.575137197971344,22.576742,72.07287,-223.6190185546875,2.0869448626482927
5KPE_4_6_5_id20,1.3996844291687012,1.4308750629425049,83.70972222222223,0.67,4,6,94.5427777777778,0.575137197971344,22.576742,72.07287,-222.7236328125,1.974551165545428
5KPE_4_6_5_id21,1.25212562084198,3.2744293212890625,89.37064814814815,0.74,4,6,94.5427777777778,0.575137197971344,22.576742,72.07287,-225.0431060791016,2.028497483995226
5KPE_4_6_5_id22,1.7142266035079956,3.1124820709228516,90.34435185185184,0.78,4,6,94.5427777777778,0.575137197971344,22.576742,72.07287,-222.44798278808597,2.104859952573423
5KPE_4_6_5_id23,1.3183841705322266,3.394664764404297,89.61453703703702,0.73,4,6,94.5427777777778,0.575137197971344,22.576742,72.07287,-221.65841674804688,1.9786653871889468
5KPE_4_6_5_id3,1.4715030193328857,3.2898454666137695,89.03981481481482,0.72,4,6,94.5427777777778,0.575137197971344,22.576742,72.07287,-223.5480194091797,2.133557637532552
5KPE_4_6_5_id4,1.158737301826477,3.1904828548431396,88.79981481481481,0.73,4,6,94.5427777777778,0.575137197971344,22.576742,72.07287,-222.21673583984372,1.9801904183846928
5KPE_4_6_5_id5,1.5309505462646484,1.5635225772857666,89.0973148148148,0.74,4,6,94.5427777777778,0.575137197971344,22.576742,72.07287,-224.57223510742188,1.9572527850115744
5KPE_4_6_5_id6,1.6580990552902222,2.69743013381958,89.2937037037037,0.75,4,6,94.5427777777778,0.575137197971344,22.576742,72.07287,-222.36119079589844,2.0316618460196034
5KPE_4_6_5_id7,1.5600535869598389,2.29884672164917,85.92305555555556,0.69,4,6,94.5427777777778,0.575137197971344,22.576742,72.07287,-224.7943878173828,1.9871786612051503
5KPE_4_6_5_id8,1.1697579622268677,2.7103826999664307,88.14166666666667,0.71,4,6,94.5427777777778,0.575137197971344,22.576742,72.07287,-223.57911682128903,2.035763069435402
5KPE_4_6_5_id9,1.247703194618225,3.4226253032684326,88.79333333333334,0.73,4,6,94.5427777777778,0.575137197971344,22.576742,72.07287,-218.35552978515625,2.086989084879557
5KPE_4_6_6_id0,1.1602267026901245,2.871140480041504,88.45648148148148,0.72,4,6,93.0923148148148,0.7121812105178833,22.771492,71.99209,-218.5665283203125,2.074979994032118
5KPE_4_6_6_id1,1.5873099565505981,2.8463966846466064,89.88814814814816,0.76,4,6,93.0923148148148,0.7121812105178833,22.771492,71.99209,-219.0946044921875,2.075884218569155
5KPE_4_6_6_id10,1.2154382467269897,3.0199954509735107,86.21268518518518,0.67,4,6,93.0923148148148,0.7121812105178833,22.771492,71.99209,-220.73069763183597,2.051964795147931
5KPE_4_6_6_id11,1.5725985765457153,3.1727261543273926,89.67129629629629,0.74,4,6,93.0923148148148,0.7121812105178833,22.771492,71.99209,-217.3473663330078,2.001109935619213
5KPE_4_6_6_id12,1.1154296398162842,3.417955160140991,91.7102777777778,0.8,4,6,93.0923148148148,0.7121812105178833,22.771492,71.99209,-218.09075927734372,2.120168191415292
5KPE_4_6_6_id13,1.54795503616333,3.0708768367767334,89.74842592592593,0.75,4,6,93.0923148148148,0.7121812105178833,22.771492,71.99209,-218.90737915039065,2.0800303706416376
5KPE_4_6_6_id14,1.2985326051712036,3.059433698654175,86.76888888888887,0.69,4,6,93.0923148148148,0.7121812105178833,22.771492,71.99209,-222.15701293945312,2.11038476449472
5KPE_4_6_6_id15,1.3160673379898071,3.47530460357666,93.74203703703704,0.84,4,6,93.0923148148148,0.7121812105178833,22.771492,71.99209,-217.79721069335935,2.1004185146755643
5KPE_4_6_6_id16,1.4741039276123047,3.0734903812408447,88.83305555555555,0.76,4,6,93.0923148148148,0.7121812105178833,22.771492,71.99209,-221.1254119873047,2.099636925591363
5KPE_4_6_6_id17,1.0602072477340698,3.4621338844299316,89.8725925925926,0.75,4,6,93.0923148148148,0.7121812105178833,22.771492,71.99209,-218.77325439453125,2.124712908709491
5KPE_4_6_6_id18,1.3560112714767456,3.352858543395996,88.77999999999999,0.74,4,6,93.0923148148148,0.7121812105178833,22.771492,71.99209,-218.7497711181641,2.1725846749764903
5KPE_4_6_6_id19,1.5149949789047241,3.076517105102539,90.3275,0.77,4,6,93.0923148148148,0.7121812105178833,22.771492,71.99209,-218.8975830078125,2.098621368408203
5KPE_4_6_6_id2,1.1022456884384155,3.3821773529052734,90.93009259259262,0.78,4,6,93.0923148148148,0.7121812105178833,22.771492,71.99209,-218.1197967529297,2.1025897838451244
5KPE_4_6_6_id20,1.1004596948623657,3.353889226913452,90.30101851851852,0.77,4,6,93.0923148148148,0.7121812105178833,22.771492,71.99209,-221.0165252685547,2.124798810040509
5KPE_4_6_6_id21,1.4357564449310303,3.2712879180908203,90.1546296296296,0.76,4,6,93.0923148148148,0.7121812105178833,22.771492,71.99209,-220.5596466064453,2.1299916020146124
5KPE_4_6_6_id22,1.5039992332458496,3.3125863075256348,88.47657407407408,0.74,4,6,93.0923148148148,0.7121812105178833,22.771492,71.99209,-217.13771057128903,2.190794203016493
5KPE_4_6_6_id23,1.4168287515640259,3.1784894466400146,89.86833333333331,0.78,4,6,93.0923148148148,0.7121812105178833,22.771492,71.99209,-218.653564453125,2.0374521326135704
5KPE_4_6_6_id3,1.2403219938278198,2.607297897338867,85.46898148148149,0.69,4,6,93.0923148148148,0.7121812105178833,22.771492,71.99209,-220.268798828125,2.0823725947627314
5KPE_4_6_6_id4,1.1221221685409546,3.0665369033813477,86.98564814814816,0.69,4,6,93.0923148148148,0.7121812105178833,22.771492,71.99209,-221.19590759277344,2.120009386980976
5KPE_4_6_6_id5,1.5224121809005737,3.1781535148620605,90.17157407407409,0.77,4,6,93.0923148148148,0.7121812105178833,22.771492,71.99209,-218.56222534179688,2.1414533544469765
5KPE_4_6_6_id6,1.5640207529067993,2.4902665615081787,86.97055555555555,0.68,4,6,93.0923148148148,0.7121812105178833,22.771492,71.99209,-217.2990264892578,2.1999404342086226
5KPE_4_6_6_id7,1.4631609916687012,3.5736536979675293,93.34018518518518,0.82,4,6,93.0923148148148,0.7121812105178833,22.771492,71.99209,-220.3594970703125,2.100614759657118
5KPE_4_6_6_id8,1.3709174394607544,3.2706308364868164,89.82999999999998,0.74,4,6,93.0923148148148,0.7121812105178833,22.771492,71.99209,-216.03909301757807,2.081428951687283
5KPE_4_6_6_id9,1.4540348052978516,3.070155143737793,88.16824074074074,0.71,4,6,93.0923148148148,0.7121812105178833,22.771492,71.99209,-217.6330718994141,2.0737325880262585
5KPE_4_6_7_id0,1.6031347513198853,3.0328404903411865,89.31666666666666,0.73,4,6,93.36935185185185,0.8634061217308044,22.245888,73.23328,-224.14144897460935,2.064438148781105
5KPE_4_6_7_id1,1.4631695747375488,3.3025708198547363,90.16935185185184,0.75,4,6,93.36935185185185,0.8634061217308044,22.245888,73.23328,-222.7816619873047,2.0923053600169994
5KPE_4_6_7_id10,1.6904348134994507,2.4542930126190186,87.13555555555557,0.74,4,6,93.36935185185185,0.8634061217308044,22.245888,73.23328,-221.7227478027344,2.0755509270562067
5KPE_4_6_7_id11,1.351194143295288,2.9758877754211426,86.22138888888888,0.71,4,6,93.36935185185185,0.8634061217308044,22.245888,73.23328,-221.8199157714844,2.155014885796441
5KPE_4_6_7_id12,1.5904371738433838,2.567575454711914,87.52250000000001,0.72,4,6,93.36935185185185,0.8634061217308044,22.245888,73.23328,-223.09735107421875,1.977747881854022
5KPE_4_6_7_id13,1.322428822517395,3.041971445083618,88.85898148148146,0.75,4,6,93.36935185185185,0.8634061217308044,22.245888,73.23328,-223.91737365722656,2.07859378390842
5KPE_4_6_7_id14,1.8626424074172974,2.786137104034424,91.52064814814815,0.78,4,6,93.36935185185185,0.8634061217308044,22.245888,73.23328,-223.08578491210935,2.000544795283565
5KPE_4_6_7_id15,1.6012426614761353,1.5262837409973145,87.15657407407407,0.75,4,6,93.36935185185185,0.8634061217308044,22.245888,73.23328,-220.4194183349609,2.033023410373264
5KPE_4_6_7_id16,1.5166816711425781,1.496914029121399,87.26425925925923,0.71,4,6,93.36935185185185,0.8634061217308044,22.245888,73.23328,-223.4569091796875,2.0056338840060763
5KPE_4_6_7_id17,1.453340768814087,2.7738254070281982,88.96796296296297,0.75,4,6,93.36935185185185,0.8634061217308044,22.245888,73.23328,-218.36285400390625,2.042112844961661
5KPE_4_6_7_id18,1.4011509418487549,3.2681617736816406,89.53805555555554,0.74,4,6,93.36935185185185,0.8634061217308044,22.245888,73.23328,-220.17483520507807,2.046210818820529
5KPE_4_6_7_id19,1.569597601890564,2.2819466590881348,87.44824074074076,0.75,4,6,93.36935185185185,0.8634061217308044,22.245888,73.23328,-224.50152587890625,2.062228450068721
5KPE_4_6_7_id2,1.3691293001174927,2.9683620929718018,88.10074074074075,0.72,4,6,93.36935185185185,0.8634061217308044,22.245888,73.23328,-222.2897186279297,2.0531898781105324
5KPE_4_6_7_id20,1.321588397026062,2.9212021827697754,88.83166666666666,0.74,4,6,93.36935185185185,0.8634061217308044,22.245888,73.23328,-221.72251892089844,2.076240539550781
5KPE_4_6_7_id21,1.380846381187439,2.9016499519348145,88.79666666666664,0.75,4,6,93.36935185185185,0.8634061217308044,22.245888,73.23328,-222.6448974609375,2.068368982385706
5KPE_4_6_7_id22,1.459351658821106,3.0471138954162598,89.27259259259257,0.74,4,6,93.36935185185185,0.8634061217308044,22.245888,73.23328,-224.77804565429688,2.0444056193033853
5KPE_4_6_7_id23,1.340941309928894,3.4356298446655273,89.07259259259261,0.72,4,6,93.36935185185185,0.8634061217308044,22.245888,73.23328,-220.745361328125,2.1479374920880354
5KPE_4_6_7_id3,1.5550113916397095,2.2621548175811768,88.43759259259261,0.71,4,6,93.36935185185185,0.8634061217308044,22.245888,73.23328,-223.43202209472656,2.039167050962095
5KPE_4_6_7_id4,1.400970220565796,3.228928327560425,90.3937037037037,0.76,4,6,93.36935185185185,0.8634061217308044,22.245888,73.23328,-218.9298248291016,1.992791211163556
5KPE_4_6_7_id5,1.677053451538086,2.58011794090271,87.09388888888888,0.7,4,6,93.36935185185185,0.8634061217308044,22.245888,73.23328,-222.2724456787109,2.096140261049624
5KPE_4_6_7_id6,1.5478277206420898,1.420646071434021,88.70842592592597,0.73,4,6,93.36935185185185,0.8634061217308044,22.245888,73.23328,-222.54983520507807,2.0281538786711515
5KPE_4_6_7_id7,1.5622644424438477,2.907409191131592,87.47481481481479,0.7,4,6,93.36935185185185,0.8634061217308044,22.245888,73.23328,-224.39340209960935,2.0642897994429976
5KPE_4_6_7_id8,1.7564659118652344,1.5276366472244263,87.55129629629627,0.71,4,6,93.36935185185185,0.8634061217308044,22.245888,73.23328,-222.7022705078125,1.9781025074146408
5KPE_4_6_7_id9,1.4146541357040405,2.786630630493164,87.27962962962965,0.7,4,6,93.36935185185185,0.8634061217308044,22.245888,73.23328,-222.2708282470703,2.0652803491663048
5KPE_4_6_8_id0,1.234802484512329,3.4456915855407715,89.90305555555557,0.74,4,6,95.95750000000004,0.5771233439445496,22.456354,73.32116,-218.1890411376953,2.1248335661711515
5KPE_4_6_8_id1,1.3854565620422363,2.7767317295074463,86.47157407407407,0.71,4,6,95.95750000000004,0.5771233439445496,22.456354,73.32116,-219.44956970214844,2.229275032326027
5KPE_4_6_8_id10,1.6364421844482422,2.9843766689300537,88.33185185185184,0.74,4,6,95.95750000000004,0.5771233439445496,22.456354,73.32116,-220.5963134765625,2.145599930374711
5KPE_4_6_8_id11,1.2572060823440552,3.2396912574768066,86.57305555555556,0.68,4,6,95.95750000000004,0.5771233439445496,22.456354,73.32116,-220.9565887451172,2.1922249970612704
5KPE_4_6_8_id12,1.4512454271316528,2.7352774143218994,86.83888888888887,0.71,4,6,95.95750000000004,0.5771233439445496,22.456354,73.32116,-220.0336456298828,2.104564101607711
5KPE_4_6_8_id13,1.5869288444519043,1.2702242136001587,87.05833333333332,0.73,4,6,95.95750000000004,0.5771233439445496,22.456354,73.32116,-220.60443115234372,2.083086084436488
5KPE_4_6_8_id14,1.5210411548614502,3.275618553161621,88.52055555555553,0.72,4,6,95.95750000000004,0.5771233439445496,22.456354,73.32116,-221.9698181152344,2.1802328604239003
5KPE_4_6_8_id15,1.4183439016342163,2.918761730194092,86.74638888888892,0.69,4,6,95.95750000000004,0.5771233439445496,22.456354,73.32116,-222.9770355224609,2.1098204718695746
5KPE_4_6_8_id16,1.8005478382110596,2.481576442718506,91.06712962962963,0.79,4,6,95.95750000000004,0.5771233439445496,22.456354,73.32116,-219.17901611328125,2.07303704155816
5KPE_4_6_8_id17,1.6158623695373535,3.105201005935669,86.8899074074074,0.72,4,6,95.95750000000004,0.5771233439445496,22.456354,73.32116,-218.1962890625,2.2518077426486545
5KPE_4_6_8_id18,1.4970346689224243,2.9190804958343506,87.06425925925925,0.71,4,6,95.95750000000004,0.5771233439445496,22.456354,73.32116,-222.028564453125,2.154636100486473
5KPE_4_6_8_id19,1.389293909072876,3.333951950073242,87.72425925925927,0.7,4,6,95.95750000000004,0.5771233439445496,22.456354,73.32116,-221.22235107421875,2.1745743928132235
5KPE_4_6_8_id2,1.2997175455093384,3.0830981731414795,90.1976851851852,0.75,4,6,95.95750000000004,0.5771233439445496,22.456354,73.32116,-215.36167907714844,2.025564405653212
5KPE_4_6_8_id20,3.2870333194732666,1.1633508205413818,86.76037037037038,0.7,4,6,95.95750000000004,0.5771233439445496,22.456354,73.32116,-219.49159240722656,2.0394573918095342
5KPE_4_6_8_id21,1.602171778678894,3.0538694858551025,86.48379629629632,0.71,4,6,95.95750000000004,0.5771233439445496,22.456354,73.32116,-221.34518432617188,2.1900634765625
5KPE_4_6_8_id22,1.3837077617645264,3.196716070175171,86.95694444444446,0.7,4,6,95.95750000000004,0.5771233439445496,22.456354,73.32116,-220.95639038085935,2.235817379421658
5KPE_4_6_8_id23,1.6390961408615112,2.7445192337036133,88.08157407407407,0.72,4,6,95.95750000000004,0.5771233439445496,22.456354,73.32116,-221.3723602294922,2.197002552173756
5KPE_4_6_8_id3,1.261421799659729,1.3623483180999756,87.11055555555558,0.7,4,6,95.95750000000004,0.5771233439445496,22.456354,73.32116,-217.86769104003903,2.1352820219816984
5KPE_4_6_8_id4,1.5002235174179077,2.5242486000061035,88.78166666666668,0.74,4,6,95.95750000000004,0.5771233439445496,22.456354,73.32116,-223.026611328125,2.0753096121328847
5KPE_4_6_8_id5,1.2616348266601562,3.2737410068511963,90.48027777777776,0.75,4,6,95.95750000000004,0.5771233439445496,22.456354,73.32116,-221.10134887695312,2.189501727068866
5KPE_4_6_8_id6,1.390794277191162,3.3404693603515625,90.24435185185185,0.77,4,6,95.95750000000004,0.5771233439445496,22.456354,73.32116,-219.0288848876953,2.2105639422381365
5KPE_4_6_8_id7,1.4904206991195679,3.081296920776367,87.31296296296294,0.72,4,6,95.95750000000004,0.5771233439445496,22.456354,73.32116,-221.29759216308597,2.156011934633608
5KPE_4_6_8_id8,1.4478706121444702,3.3051860332489014,88.51824074074075,0.73,4,6,95.95750000000004,0.5771233439445496,22.456354,73.32116,-219.85813903808597,2.133085604067202
5KPE_4_6_8_id9,1.3713454008102417,3.08442759513855,88.81314814814813,0.72,4,6,95.95750000000004,0.5771233439445496,22.456354,73.32116,-220.143310546875,2.116921601472077
5KPE_4_6_9_id0,1.3852512836456299,3.2467663288116455,88.15990740740742,0.73,4,6,92.3149074074074,0.592888593673706,22.361279,74.10893,-215.14442443847656,2.182608992965133
5KPE_4_6_9_id1,1.8874560594558716,2.590944766998291,88.64601851851852,0.76,4,6,92.3149074074074,0.592888593673706,22.361279,74.10893,-218.4097595214844,2.1763172856083624
5KPE_4_6_9_id10,1.6604379415512085,2.9257140159606934,89.99907407407406,0.79,4,6,92.3149074074074,0.592888593673706,22.361279,74.10893,-216.59014892578125,2.2093610410337097
5KPE_4_6_9_id11,1.8412365913391113,2.522505521774292,89.66527777777777,0.78,4,6,92.3149074074074,0.592888593673706,22.361279,74.10893,-214.1766662597656,2.18865966796875
5KPE_4_6_9_id12,2.363001585006714,1.564741611480713,90.30787037037037,0.78,4,6,92.3149074074074,0.592888593673706,22.361279,74.10893,-218.54396057128903,2.15468258327908
5KPE_4_6_9_id13,2.097581624984741,2.7845876216888428,89.30527777777776,0.76,4,6,92.3149074074074,0.592888593673706,22.361279,74.10893,-217.44239807128903,2.1780502884476274
5KPE_4_6_9_id14,1.7316656112670898,2.9857161045074463,89.45796296296297,0.78,4,6,92.3149074074074,0.592888593673706,22.361279,74.10893,-216.23455810546875,2.246134157533999
5KPE_4_6_9_id15,1.5618153810501099,2.6654000282287598,87.98629629629629,0.76,4,6,92.3149074074074,0.592888593673706,22.361279,74.10893,-218.4235992431641,2.202417161729601
5KPE_4_6_9_id16,1.5767732858657837,3.0408499240875244,85.24870370370371,0.67,4,6,92.3149074074074,0.592888593673706,22.361279,74.10893,-219.1409149169922,2.2366354200575085
5KPE_4_6_9_id17,1.662712574005127,3.007028341293335,87.86962962962961,0.72,4,6,92.3149074074074,0.592888593673706,22.361279,74.10893,-213.3451690673828,2.122430448178892
5KPE_4_6_9_id18,1.6520298719406128,3.072687864303589,88.42194444444446,0.71,4,6,92.3149074074074,0.592888593673706,22.361279,74.10893,-213.2828369140625,2.1502311141402632
5KPE_4_6_9_id19,1.6551159620285034,3.269639253616333,88.6086111111111,0.75,4,6,92.3149074074074,0.592888593673706,22.361279,74.10893,-217.1756134033203,2.251108240198206
5KPE_4_6_9_id2,1.5796141624450684,1.8261361122131348,88.23490740740739,0.73,4,6,92.3149074074074,0.592888593673706,22.361279,74.10893,-216.6224365234375,2.1577556751392506
5KPE_4_6_9_id20,1.8524234294891357,2.5226287841796875,90.21638888888886,0.78,4,6,92.3149074074074,0.592888593673706,22.361279,74.10893,-217.840576171875,2.164798595287181
5KPE_4_6_9_id21,1.9952764511108398,2.454040288925171,83.92287037037039,0.7,4,6,92.3149074074074,0.592888593673706,22.361279,74.10893,-217.59185791015625,2.1811882301613137
5KPE_4_6_9_id22,1.7532439231872559,3.0818932056427,91.0211111111111,0.81,4,6,92.3149074074074,0.592888593673706,22.361279,74.10893,-217.70721435546875,2.207310711895978
5KPE_4_6_9_id23,1.8401249647140503,1.3991973400115967,92.67342592592594,0.82,4,6,92.3149074074074,0.592888593673706,22.361279,74.10893,-217.7502899169922,2.141546461317274
5KPE_4_6_9_id3,1.8438323736190796,1.6024417877197266,87.49592592592592,0.73,4,6,92.3149074074074,0.592888593673706,22.361279,74.10893,-216.6272735595703,2.0969212849934897
5KPE_4_6_9_id4,1.5816478729248047,2.7454299926757812,90.61185185185182,0.79,4,6,92.3149074074074,0.592888593673706,22.361279,74.10893,-217.3567352294922,2.2430147241663048
5KPE_4_6_9_id5,2.3575806617736816,2.1146819591522217,84.0652777777778,0.68,4,6,92.3149074074074,0.592888593673706,22.361279,74.10893,-219.02337646484372,2.118713944046586
5KPE_4_6_9_id6,1.7397856712341309,2.0361883640289307,85.21712962962964,0.68,4,6,92.3149074074074,0.592888593673706,22.361279,74.10893,-217.112060546875,2.1557292231807
5KPE_4_6_9_id7,1.9439243078231812,2.2862508296966553,91.16111111111113,0.79,4,6,92.3149074074074,0.592888593673706,22.361279,74.10893,-213.60975646972656,2.1710103352864585
5KPE_4_6_9_id8,1.87172269821167,1.9979521036148071,86.48898148148147,0.71,4,6,92.3149074074074,0.592888593673706,22.361279,74.10893,-215.18218994140625,2.253174110695168
5KPE_4_6_9_id9,1.8229544162750244,2.4062910079956055,89.05212962962962,0.74,4,6,92.3149074074074,0.592888593673706,22.361279,74.10893,-217.1466064453125,2.1490755434389466
5KPE_4_8_0_id0,1.139839768409729,3.4066662788391113,89.6574074074074,0.73,4,8,93.135,0.5916317105293274,22.878416,69.981705,-215.2489471435547,2.151065402560764
5KPE_4_8_0_id1,1.5934016704559326,2.798463821411133,87.30564814814814,0.71,4,8,93.135,0.5916317105293274,22.878416,69.981705,-219.9529266357422,2.12136643021195
5KPE_4_8_0_id10,1.1079012155532837,3.1264450550079346,88.61333333333332,0.71,4,8,93.135,0.5916317105293274,22.878416,69.981705,-219.4865264892578,2.1777174207899304
5KPE_4_8_0_id11,1.3846871852874756,3.5772030353546143,88.4699074074074,0.71,4,8,93.135,0.5916317105293274,22.878416,69.981705,-220.06971740722656,2.1151840775101274
5KPE_4_8_0_id12,1.1683337688446045,3.3343663215637207,86.52194444444447,0.69,4,8,93.135,0.5916317105293274,22.878416,69.981705,-218.6991424560547,2.1620480572735823
5KPE_4_8_0_id13,1.2291501760482788,3.2824769020080566,89.78009259259261,0.75,4,8,93.135,0.5916317105293274,22.878416,69.981705,-214.7200164794922,2.113598011158131
5KPE_4_8_0_id14,1.3913264274597168,2.8730201721191406,87.69685185185187,0.7,4,8,93.135,0.5916317105293274,22.878416,69.981705,-216.93893432617188,2.161127867522063
5KPE_4_8_0_id15,1.4884793758392334,2.948714017868042,89.26055555555556,0.73,4,8,93.135,0.5916317105293274,22.878416,69.981705,-216.33279418945312,2.063745145444517
5KPE_4_8_0_id16,1.5449378490447998,2.798781156539917,84.66999999999999,0.68,4,8,93.135,0.5916317105293274,22.878416,69.981705,-217.30828857421875,2.2004582440411604
5KPE_4_8_0_id17,1.2025452852249146,3.6415817737579346,91.18601851851852,0.78,4,8,93.135,0.5916317105293274,22.878416,69.981705,-215.76333618164065,2.105165269639757
5KPE_4_8_0_id18,1.0951082706451416,3.5329337120056152,90.25148148148148,0.76,4,8,93.135,0.5916317105293274,22.878416,69.981705,-216.313232421875,2.1640728138111256
5KPE_4_8_0_id19,1.416473150253296,3.3010454177856445,82.70824074074073,0.63,4,8,93.135,0.5916317105293274,22.878416,69.981705,-218.07542419433597,2.172427707248264
5KPE_4_8_0_id2,1.7836995124816895,2.9041788578033447,87.01777777777777,0.72,4,8,93.135,0.5916317105293274,22.878416,69.981705,-219.76698303222656,2.174684595178675
5KPE_4_8_0_id20,1.3783893585205078,3.056481122970581,85.70361111111112,0.67,4,8,93.135,0.5916317105293274,22.878416,69.981705,-220.53289794921875,2.0382648044162326
5KPE_4_8_0_id21,1.211364984512329,2.909998893737793,90.04379629629628,0.73,4,8,93.135,0.5916317105293274,22.878416,69.981705,-216.7279052734375,2.1069974546079284
5KPE_4_8_0_id22,1.3853297233581543,3.0682365894317627,88.51916666666668,0.74,4,8,93.135,0.5916317105293274,22.878416,69.981705,-217.92706298828125,2.10738033718533
5KPE_4_8_0_id23,1.6417969465255737,2.8163483142852783,86.76583333333332,0.7,4,8,93.135,0.5916317105293274,22.878416,69.981705,-218.46034240722656,2.091825979727286
5KPE_4_8_0_id3,1.320061445236206,3.152446985244751,87.22833333333335,0.69,4,8,93.135,0.5916317105293274,22.878416,69.981705,-220.19622802734372,2.11123205114294
5KPE_4_8_0_id4,1.0264129638671875,3.3748934268951416,90.30092592592592,0.74,4,8,93.135,0.5916317105293274,22.878416,69.981705,-217.94049072265625,2.1684160585756653
5KPE_4_8_0_id5,1.1692111492156982,3.4161219596862793,90.20648148148148,0.74,4,8,93.135,0.5916317105293274,22.878416,69.981705,-213.69422912597656,2.103167639838325
5KPE_4_8_0_id6,1.8114086389541626,2.923072338104248,85.44833333333334,0.69,4,8,93.135,0.5916317105293274,22.878416,69.981705,-221.05963134765625,2.102564635100188
5KPE_4_8_0_id7,1.5004404783248901,3.015620231628418,86.39203703703704,0.66,4,8,93.135,0.5916317105293274,22.878416,69.981705,-219.5218963623047,2.132105792010272
5KPE_4_8_0_id8,1.5004866123199463,2.7076544761657715,89.49027777777776,0.73,4,8,93.135,0.5916317105293274,22.878416,69.981705,-218.52398681640625,2.046769036187066
5KPE_4_8_0_id9,1.7486557960510254,2.4378535747528076,85.89194444444446,0.66,4,8,93.135,0.5916317105293274,22.878416,69.981705,-217.09371948242188,2.05657704671224
5KPE_4_8_1_id0,1.2205816507339478,2.6232669353485107,89.58425925925928,0.75,4,8,88.99231481481482,0.830422580242157,22.66142,69.50115,-220.3746490478516,2.03891443323206
5KPE_4_8_1_id1,1.539105772972107,2.861243963241577,88.39037037037036,0.72,4,8,88.99231481481482,0.830422580242157,22.66142,69.50115,-220.5822296142578,2.040707340946904
5KPE_4_8_1_id10,1.4810711145401,2.5001518726348877,87.33314814814814,0.7,4,8,88.99231481481482,0.830422580242157,22.66142,69.50115,-218.97488403320312,2.036997477213541
5KPE_4_8_1_id11,1.463181972503662,3.269155740737915,88.48675925925924,0.73,4,8,88.99231481481482,0.830422580242157,22.66142,69.50115,-216.716552734375,2.148213845712167
5KPE_4_8_1_id12,1.374101161956787,3.2565743923187256,90.64296296296295,0.78,4,8,88.99231481481482,0.830422580242157,22.66142,69.50115,-219.38177490234372,2.1029784591109664
5KPE_4_8_1_id13,1.4925981760025024,1.920749306678772,86.61916666666667,0.7,4,8,88.99231481481482,0.830422580242157,22.66142,69.50115,-220.18167114257807,2.0161481786657265
5KPE_4_8_1_id14,1.3815152645111084,3.082494020462036,90.41351851851852,0.76,4,8,88.99231481481482,0.830422580242157,22.66142,69.50115,-215.2993927001953,2.0435847529658564
5KPE_4_8_1_id15,1.4322808980941772,1.818559169769287,88.61055555555556,0.73,4,8,88.99231481481482,0.830422580242157,22.66142,69.50115,-215.8134307861328,2.1152561329029225
5KPE_4_8_1_id16,1.3745137453079224,3.0845582485198975,85.41981481481481,0.73,4,8,88.99231481481482,0.830422580242157,22.66142,69.50115,-216.50997924804688,2.078984578450521
5KPE_4_8_1_id17,1.2969249486923218,3.1503331661224365,88.37009259259257,0.75,4,8,88.99231481481482,0.830422580242157,22.66142,69.50115,-217.833984375,2.106614006890191
5KPE_4_8_1_id18,1.102412462234497,3.3197243213653564,89.63175925925925,0.75,4,8,88.99231481481482,0.830422580242157,22.66142,69.50115,-219.84231567382807,2.101286005090784
5KPE_4_8_1_id19,1.8494654893875122,1.7581570148468018,85.80925925925925,0.71,4,8,88.99231481481482,0.830422580242157,22.66142,69.50115,-217.60791015625,2.160968639232494
5KPE_4_8_1_id2,1.6874662637710571,2.8953089714050293,89.60907407407409,0.76,4,8,88.99231481481482,0.830422580242157,22.66142,69.50115,-218.9782257080078,2.1152688485604747
5KPE_4_8_1_id20,1.803575038909912,1.800766944885254,85.26962962962962,0.69,4,8,88.99231481481482,0.830422580242157,22.66142,69.50115,-217.50050354003903,2.0523089656123408
5KPE_4_8_1_id21,1.4401520490646362,3.2356619834899902,88.63787037037036,0.74,4,8,88.99231481481482,0.830422580242157,22.66142,69.50115,-218.6765289306641,2.0774062827781394
5KPE_4_8_1_id22,1.8456780910491943,1.3144075870513916,86.70342592592594,0.71,4,8,88.99231481481482,0.830422580242157,22.66142,69.50115,-216.69509887695312,1.9723988285771124
5KPE_4_8_1_id23,1.6240631341934204,2.3836681842803955,87.63314814814814,0.73,4,8,88.99231481481482,0.830422580242157,22.66142,69.50115,-219.3542022705078,1.993580147072121
5KPE_4_8_1_id3,1.5573683977127075,2.9009933471679688,85.75046296296296,0.71,4,8,88.99231481481482,0.830422580242157,22.66142,69.50115,-218.15496826171875,1.9927927652994792
5KPE_4_8_1_id4,1.290077805519104,3.0544512271881104,88.38490740740741,0.72,4,8,88.99231481481482,0.830422580242157,22.66142,69.50115,-218.86111450195312,1.9871095727991173
5KPE_4_8_1_id5,1.5116393566131592,2.5221517086029053,86.57814814814816,0.7,4,8,88.99231481481482,0.830422580242157,22.66142,69.50115,-217.1018218994141,2.0914673981843173
5KPE_4_8_1_id6,1.2854108810424805,3.0190680027008057,87.32212962962961,0.7,4,8,88.99231481481482,0.830422580242157,22.66142,69.50115,-216.3637237548828,2.020965576171875
5KPE_4_8_1_id7,1.621637225151062,2.5334572792053223,87.02555555555556,0.73,4,8,88.99231481481482,0.830422580242157,22.66142,69.50115,-217.44039916992188,2.0973434448242188
5KPE_4_8_1_id8,1.5196083784103394,2.96770977973938,90.75555555555556,0.78,4,8,88.99231481481482,0.830422580242157,22.66142,69.50115,-217.08840942382807,2.04527254457827
5KPE_4_8_1_id9,1.5692182779312134,3.2020769119262695,90.28574074074076,0.75,4,8,88.99231481481482,0.830422580242157,22.66142,69.50115,-216.5848388671875,2.026478378861039
5KPE_4_8_2_id0,1.207180380821228,3.559457540512085,91.25101851851852,0.76,4,8,94.3887037037037,0.6800380945205688,22.50979,67.934044,-221.24594116210935,2.0168485288266784
5KPE_4_8_2_id1,1.6025134325027466,3.2158846855163574,88.3000925925926,0.74,4,8,94.3887037037037,0.6800380945205688,22.50979,67.934044,-221.78533935546875,2.0387446085611978
5KPE_4_8_2_id10,1.4476381540298462,3.2080917358398438,86.91888888888889,0.69,4,8,94.3887037037037,0.6800380945205688,22.50979,67.934044,-220.6524810791016,2.000309979474103
5KPE_4_8_2_id11,1.508746862411499,3.0775704383850098,87.92685185185185,0.74,4,8,94.3887037037037,0.6800380945205688,22.50979,67.934044,-218.85513305664065,2.01271735297309
5KPE_4_8_2_id12,1.3146909475326538,2.914001703262329,88.86027777777778,0.74,4,8,94.3887037037037,0.6800380945205688,22.50979,67.934044,-212.39329528808597,2.063661222104673
5KPE_4_8_2_id13,1.3214499950408936,3.6390066146850586,88.88888888888889,0.73,4,8,94.3887037037037,0.6800380945205688,22.50979,67.934044,-217.88999938964844,1.988706235532408
5KPE_4_8_2_id14,1.2633635997772217,3.5216262340545654,89.22240740740739,0.73,4,8,94.3887037037037,0.6800380945205688,22.50979,67.934044,-221.16604614257807,2.07137934366862
5KPE_4_8_2_id15,1.5341908931732178,3.4301652908325195,90.96314814814812,0.79,4,8,94.3887037037037,0.6800380945205688,22.50979,67.934044,-219.16134643554688,2.099709687409577
5KPE_4_8_2_id16,1.6617813110351562,2.7568790912628174,88.1823148148148,0.72,4,8,94.3887037037037,0.6800380945205688,22.50979,67.934044,-218.77215576171875,1.9890985842104312
5KPE_4_8_2_id17,1.5243803262710571,3.329024314880371,88.88842592592593,0.74,4,8,94.3887037037037,0.6800380945205688,22.50979,67.934044,-221.36083984375,1.9889791983145253
5KPE_4_8_2_id18,1.3543894290924072,3.3805062770843506,93.2049074074074,0.81,4,8,94.3887037037037,0.6800380945205688,22.50979,67.934044,-219.7869415283203,2.003157297770182
5KPE_4_8_2_id19,1.2462358474731445,3.116537570953369,87.66259259259259,0.69,4,8,94.3887037037037,0.6800380945205688,22.50979,67.934044,-219.02777099609372,2.0582815099645546
5KPE_4_8_2_id2,1.5822861194610596,3.258164644241333,88.77296296296296,0.71,4,8,94.3887037037037,0.6800380945205688,22.50979,67.934044,-217.96763610839844,2.055426703559028
5KPE_4_8_2_id20,1.0597186088562012,3.350318431854248,90.58564814814817,0.75,4,8,94.3887037037037,0.6800380945205688,22.50979,67.934044,-213.692138671875,2.0170436435275607
5KPE_4_8_2_id21,1.2549920082092285,3.1014602184295654,86.62601851851852,0.7,4,8,94.3887037037037,0.6800380945205688,22.50979,67.934044,-219.1115875244141,2.054463280571832
5KPE_4_8_2_id22,1.6224431991577148,3.419300079345703,90.769537037037,0.79,4,8,94.3887037037037,0.6800380945205688,22.50979,67.934044,-221.03219604492188,2.0552019189905235
5KPE_4_8_2_id23,1.5818322896957397,3.179701089859009,88.22537037037037,0.73,4,8,94.3887037037037,0.6800380945205688,22.50979,67.934044,-222.73171997070312,2.0607644540292247
5KPE_4_8_2_id3,1.3600599765777588,3.21891450881958,90.94518518518518,0.78,4,8,94.3887037037037,0.6800380945205688,22.50979,67.934044,-220.4677734375,2.06160142686632
5KPE_4_8_2_id4,1.5203635692596436,3.3763644695281982,87.49250000000002,0.7,4,8,94.3887037037037,0.6800380945205688,22.50979,67.934044,-220.2127990722656,2.0445449263961226
5KPE_4_8_2_id5,1.291359782218933,2.6704108715057373,88.28962962962963,0.72,4,8,94.3887037037037,0.6800380945205688,22.50979,67.934044,-214.3721618652344,2.0009047896773726
5KPE_4_8_2_id6,1.2461777925491333,3.1929545402526855,91.98851851851852,0.78,4,8,94.3887037037037,0.6800380945205688,22.50979,67.934044,-220.07769775390625,2.048571268717448
5KPE_4_8_2_id7,1.5812827348709106,3.3637523651123047,89.54805555555555,0.74,4,8,94.3887037037037,0.6800380945205688,22.50979,67.934044,-221.51063537597656,2.024391739456742
5KPE_4_8_2_id8,1.3843237161636353,3.1781973838806152,87.56037037037038,0.69,4,8,94.3887037037037,0.6800380945205688,22.50979,67.934044,-216.5397491455078,1.977765401204427
5KPE_4_8_2_id9,1.3237687349319458,3.499530553817749,90.40277777777776,0.76,4,8,94.3887037037037,0.6800380945205688,22.50979,67.934044,-220.3581695556641,2.029422336154514
5KPE_4_8_3_id0,1.4392842054367065,3.2887470722198486,91.79148148148148,0.8,4,8,94.20583333333336,0.6068174242973328,21.964962,68.838264,-216.14910888671875,2.1345572295012296
5KPE_4_8_3_id1,1.4750797748565674,3.216841220855713,92.08666666666666,0.79,4,8,94.20583333333336,0.6068174242973328,21.964962,68.838264,-221.4698181152344,2.07584465874566
5KPE_4_8_3_id10,1.5403165817260742,1.3987981081008911,93.2173148148148,0.83,4,8,94.20583333333336,0.6068174242973328,21.964962,68.838264,-219.97164916992188,2.016424814860026
5KPE_4_8_3_id11,1.4642664194107056,2.5282649993896484,88.37333333333329,0.72,4,8,94.20583333333336,0.6068174242973328,21.964962,68.838264,-217.43052673339844,2.0072479248046875
5KPE_4_8_3_id12,1.674112319946289,1.2483688592910767,90.1175925925926,0.77,4,8,94.20583333333336,0.6068174242973328,21.964962,68.838264,-218.64273071289065,2.011267626727069
5KPE_4_8_3_id13,1.4157716035842896,1.405867576599121,88.56907407407407,0.72,4,8,94.20583333333336,0.6068174242973328,21.964962,68.838264,-218.58262634277344,2.064832051595052
5KPE_4_8_3_id14,1.533368468284607,1.4904581308364868,86.77648148148147,0.74,4,8,94.20583333333336,0.6068174242973328,21.964962,68.838264,-221.6691436767578,2.0126205726906106
5KPE_4_8_3_id15,1.4773814678192139,3.162320852279663,91.84240740740742,0.81,4,8,94.20583333333336,0.6068174242973328,21.964962,68.838264,-217.59719848632807,2.0455349109790943
5KPE_4_8_3_id16,1.1617218255996704,3.31742525100708,87.74685185185184,0.71,4,8,94.20583333333336,0.6068174242973328,21.964962,68.838264,-218.6320953369141,2.121252271864149
5KPE_4_8_3_id17,1.3904598951339722,1.4540655612945557,87.7038888888889,0.73,4,8,94.20583333333336,0.6068174242973328,21.964962,68.838264,-220.1904296875,2.095611430980541
5KPE_4_8_3_id18,1.359531283378601,2.878040313720703,90.1011111111111,0.75,4,8,94.20583333333336,0.6068174242973328,21.964962,68.838264,-219.86990356445312,2.078693248607494
5KPE_4_8_3_id19,1.3834929466247559,3.2709643840789795,89.14481481481481,0.77,4,8,94.20583333333336,0.6068174242973328,21.964962,68.838264,-217.04525756835935,2.171916820384838
5KPE_4_8_3_id2,1.5033438205718994,2.892685651779175,92.09916666666666,0.8,4,8,94.20583333333336,0.6068174242973328,21.964962,68.838264,-220.720703125,2.07208901864511
5KPE_4_8_3_id20,1.1846704483032227,3.1012210845947266,86.6863888888889,0.68,4,8,94.20583333333336,0.6068174242973328,21.964962,68.838264,-219.98019409179688,2.1166822645399304
5KPE_4_8_3_id21,1.3501728773117065,2.120936393737793,89.82129629629628,0.76,4,8,94.20583333333336,0.6068174242973328,21.964962,68.838264,-222.34735107421875,2.0381972701461226
5KPE_4_8_3_id22,1.4601740837097168,2.3422703742980957,89.42527777777777,0.76,4,8,94.20583333333336,0.6068174242973328,21.964962,68.838264,-220.4079742431641,2.0724401120786315
5KPE_4_8_3_id23,1.2193992137908936,3.0974972248077393,85.74583333333334,0.68,4,8,94.20583333333336,0.6068174242973328,21.964962,68.838264,-217.81390380859372,2.0855324356644243
5KPE_4_8_3_id3,1.3185306787490845,3.139531373977661,90.78546296296297,0.78,4,8,94.20583333333336,0.6068174242973328,21.964962,68.838264,-219.4359130859375,2.0858530115198204
5KPE_4_8_3_id4,1.5934488773345947,2.763934850692749,90.61824074074076,0.77,4,8,94.20583333333336,0.6068174242973328,21.964962,68.838264,-220.22244262695312,2.118378250687211
5KPE_4_8_3_id5,1.4122579097747803,3.1095328330993652,90.18990740740745,0.77,4,8,94.20583333333336,0.6068174242973328,21.964962,68.838264,-216.55377197265625,2.117810567220052
5KPE_4_8_3_id6,1.5470154285430908,2.94919490814209,92.07324074074076,0.8,4,8,94.20583333333336,0.6068174242973328,21.964962,68.838264,-218.97296142578125,2.051623732955368
5KPE_4_8_3_id7,1.3760384321212769,2.573134183883667,89.80175925925926,0.75,4,8,94.20583333333336,0.6068174242973328,21.964962,68.838264,-221.5223388671875,2.0499520478425204
5KPE_4_8_3_id8,1.3729596138000488,3.384416341781616,92.97537037037038,0.82,4,8,94.20583333333336,0.6068174242973328,21.964962,68.838264,-220.1974334716797,2.099258140281395
5KPE_4_8_3_id9,1.5353469848632812,2.9985764026641846,92.89296296296295,0.82,4,8,94.20583333333336,0.6068174242973328,21.964962,68.838264,-221.09747314453125,2.095002774839048
5KPE_4_8_4_id0,1.4791760444641113,3.031752347946167,89.5328703703704,0.73,4,8,94.4301851851852,0.5496018528938293,22.076084,73.191795,-214.26747131347656,2.0447796009205006
5KPE_4_8_4_id1,1.4818421602249146,3.080894708633423,90.10388888888887,0.75,4,8,94.4301851851852,0.5496018528938293,22.076084,73.191795,-211.6405029296875,2.0318212155942565
5KPE_4_8_4_id10,1.4392927885055542,1.5473041534423828,89.60351851851853,0.73,4,8,94.4301851851852,0.5496018528938293,22.076084,73.191795,-217.72085571289065,2.1573713797110097
5KPE_4_8_4_id11,1.3883200883865356,3.4614527225494385,90.83083333333336,0.76,4,8,94.4301851851852,0.5496018528938293,22.076084,73.191795,-218.3694000244141,2.04001702202691
5KPE_4_8_4_id12,1.4960582256317139,3.5046982765197754,92.84601851851852,0.8,4,8,94.4301851851852,0.5496018528938293,22.076084,73.191795,-217.4853363037109,2.1531819944028503
5KPE_4_8_4_id13,1.5745283365249634,1.613354206085205,90.13925925925923,0.76,4,8,94.4301851851852,0.5496018528938293,22.076084,73.191795,-214.4676055908203,2.104836075394242
5KPE_4_8_4_id14,1.440944790840149,2.29575252532959,86.66935185185184,0.71,4,8,94.4301851851852,0.5496018528938293,22.076084,73.191795,-213.77658081054688,2.0277986879701966
5KPE_4_8_4_id15,1.5938056707382202,2.3668837547302246,89.07712962962965,0.75,4,8,94.4301851851852,0.5496018528938293,22.076084,73.191795,-214.0532684326172,2.0738313462999134
5KPE_4_8_4_id16,1.3193283081054688,2.831794261932373,88.6175925925926,0.71,4,8,94.4301851851852,0.5496018528938293,22.076084,73.191795,-216.9664764404297,2.1040129484953702
5KPE_4_8_4_id17,1.3184630870819092,1.5467814207077026,90.27037037037036,0.76,4,8,94.4301851851852,0.5496018528938293,22.076084,73.191795,-217.51171875,2.071013839156539
5KPE_4_8_4_id18,1.387497067451477,3.208909273147583,90.7325925925926,0.75,4,8,94.4301851851852,0.5496018528938293,22.076084,73.191795,-216.39784240722656,2.059249312789352
5KPE_4_8_4_id19,1.4740550518035889,3.5889222621917725,91.08398148148147,0.78,4,8,94.4301851851852,0.5496018528938293,22.076084,73.191795,-212.25650024414065,2.0778120535391347
5KPE_4_8_4_id2,1.3608981370925903,1.736453652381897,90.40462962962962,0.75,4,8,94.4301851851852,0.5496018528938293,22.076084,73.191795,-218.43359375,2.083237965901693
5KPE_4_8_4_id20,1.3326482772827148,1.4606059789657593,88.61509259259262,0.75,4,8,94.4301851851852,0.5496018528938293,22.076084,73.191795,-218.4194183349609,2.092289959942853
5KPE_4_8_4_id21,1.4005019664764404,3.0050110816955566,90.37703703703704,0.77,4,8,94.4301851851852,0.5496018528938293,22.076084,73.191795,-215.04302978515625,2.170945909288194
5KPE_4_8_4_id22,1.412516474723816,3.4137961864471436,90.34462962962962,0.76,4,8,94.4301851851852,0.5496018528938293,22.076084,73.191795,-217.7312164306641,2.096015647605613
5KPE_4_8_4_id23,1.4887983798980713,2.7676305770874023,90.12879629629629,0.76,4,8,94.4301851851852,0.5496018528938293,22.076084,73.191795,-218.49545288085935,2.0448339956778065
5KPE_4_8_4_id3,1.4889925718307495,3.05533504486084,91.56870370370372,0.79,4,8,94.4301851851852,0.5496018528938293,22.076084,73.191795,-216.58224487304688,2.084641068070024
5KPE_4_8_4_id4,1.2201858758926392,2.829711675643921,89.07296296296298,0.72,4,8,94.4301851851852,0.5496018528938293,22.076084,73.191795,-214.6663818359375,2.038679899992766
5KPE_4_8_4_id5,1.4902981519699097,3.125049114227295,92.45796296296297,0.81,4,8,94.4301851851852,0.5496018528938293,22.076084,73.191795,-216.85494995117188,2.1487593474211515
5KPE_4_8_4_id6,1.2539511919021606,3.0411767959594727,89.80324074074075,0.73,4,8,94.4301851851852,0.5496018528938293,22.076084,73.191795,-215.90982055664065,2.03830408166956
5KPE_4_8_4_id7,1.3870383501052856,2.905879020690918,92.73092592592592,0.81,4,8,94.4301851851852,0.5496018528938293,22.076084,73.191795,-217.10772705078125,2.153731028238932
5KPE_4_8_4_id8,1.5731534957885742,2.639345407485962,89.77768518518516,0.75,4,8,94.4301851851852,0.5496018528938293,22.076084,73.191795,-212.6442108154297,2.0297504001193576
5KPE_4_8_4_id9,1.3955334424972534,3.1765427589416504,88.24629629629632,0.72,4,8,94.4301851851852,0.5496018528938293,22.076084,73.191795,-216.6786651611328,2.104554918077257
5KPE_4_8_5_id0,1.3366066217422485,2.058243751525879,82.62018518518519,0.64,4,8,94.4876851851852,0.7765448689460754,21.812077,72.30835,-216.9771728515625,2.1936412387424045
5KPE_4_8_5_id1,1.2103385925292969,3.256474733352661,91.6044444444444,0.78,4,8,94.4876851851852,0.7765448689460754,21.812077,72.30835,-216.0614471435547,2.125066969129774
5KPE_4_8_5_id10,1.521259069442749,1.5413804054260254,86.37277777777776,0.68,4,8,94.4876851851852,0.7765448689460754,21.812077,72.30835,-218.37054443359372,2.123716707582827
5KPE_4_8_5_id11,1.530225396156311,2.98150372505188,87.74796296296297,0.75,4,8,94.4876851851852,0.7765448689460754,21.812077,72.30835,-215.9388427734375,2.1489028930664062
5KPE_4_8_5_id12,2.3111114501953125,1.3969557285308838,88.9437037037037,0.74,4,8,94.4876851851852,0.7765448689460754,21.812077,72.30835,-215.6592254638672,2.1321248654966003
5KPE_4_8_5_id13,1.6406456232070923,1.788496971130371,87.9749074074074,0.72,4,8,94.4876851851852,0.7765448689460754,21.812077,72.30835,-220.10198974609372,2.1395339965820312
5KPE_4_8_5_id14,1.875160813331604,1.7187203168869019,88.82694444444445,0.75,4,8,94.4876851851852,0.7765448689460754,21.812077,72.30835,-216.5773162841797,2.03019036187066
5KPE_4_8_5_id15,1.8878117799758911,1.590360164642334,87.24185185185186,0.72,4,8,94.4876851851852,0.7765448689460754,21.812077,72.30835,-219.1422271728516,2.0812708536783853
5KPE_4_8_5_id16,1.2277742624282837,3.1738781929016113,91.64499999999998,0.79,4,8,94.4876851851852,0.7765448689460754,21.812077,72.30835,-219.4169006347656,2.087876213921441
5KPE_4_8_5_id17,1.5322117805480957,3.0376670360565186,85.16046296296298,0.72,4,8,94.4876851851852,0.7765448689460754,21.812077,72.30835,-211.94235229492188,2.097731131094473
5KPE_4_8_5_id18,1.1004302501678467,3.4011178016662598,94.44509259259256,0.85,4,8,94.4876851851852,0.7765448689460754,21.812077,72.30835,-219.39352416992188,2.07065921359592
5KPE_4_8_5_id19,1.4170390367507935,3.00496244430542,89.17175925925929,0.76,4,8,94.4876851851852,0.7765448689460754,21.812077,72.30835,-221.9544219970703,2.100388138382524
5KPE_4_8_5_id2,1.1599798202514648,3.228503465652466,88.37805555555555,0.72,4,8,94.4876851851852,0.7765448689460754,21.812077,72.30835,-216.22921752929688,2.1105349505389177
5KPE_4_8_5_id20,2.168048620223999,1.875369906425476,88.90527777777777,0.73,4,8,94.4876851851852,0.7765448689460754,21.812077,72.30835,-219.67987060546875,2.1177698771158853
5KPE_4_8_5_id21,1.1632167100906372,2.3695387840270996,85.87250000000002,0.67,4,8,94.4876851851852,0.7765448689460754,21.812077,72.30835,-218.69371032714844,2.20032388192636
5KPE_4_8_5_id22,1.6734527349472046,1.4283955097198486,87.72342592592592,0.71,4,8,94.4876851851852,0.7765448689460754,21.812077,72.30835,-220.7357482910156,2.092878977457682
5KPE_4_8_5_id23,1.6359963417053223,1.6602880954742432,88.25833333333333,0.78,4,8,94.4876851851852,0.7765448689460754,21.812077,72.30835,-214.90280151367188,2.0861457542136863
5KPE_4_8_5_id3,1.8145326375961304,1.8767571449279785,84.52796296296297,0.67,4,8,94.4876851851852,0.7765448689460754,21.812077,72.30835,-214.00157165527344,2.0992474026150174
5KPE_4_8_5_id4,1.3134366273880005,3.317822217941284,86.22453703703702,0.67,4,8,94.4876851851852,0.7765448689460754,21.812077,72.30835,-212.1328125,2.060139973958333
5KPE_4_8_5_id5,1.9308148622512817,1.4116967916488647,87.94018518518521,0.72,4,8,94.4876851851852,0.7765448689460754,21.812077,72.30835,-218.43505859375,2.156231915509259
5KPE_4_8_5_id6,1.6170023679733276,1.670026421546936,86.83898148148148,0.7,4,8,94.4876851851852,0.7765448689460754,21.812077,72.30835,-218.8635711669922,2.0900080645525896
5KPE_4_8_5_id7,3.384547710418701,1.6383811235427856,86.92287037037035,0.71,4,8,94.4876851851852,0.7765448689460754,21.812077,72.30835,-219.88653564453125,2.09805679321289
5KPE_4_8_5_id8,1.654566764831543,1.6863919496536255,86.03444444444443,0.69,4,8,94.4876851851852,0.7765448689460754,21.812077,72.30835,-220.62786865234372,2.124280293782552
5KPE_4_8_5_id9,3.4189045429229736,1.4887996912002563,88.17703703703704,0.72,4,8,94.4876851851852,0.7765448689460754,21.812077,72.30835,-220.5313720703125,2.1474535906756365
5KPE_4_8_6_id0,1.289648175239563,2.3437068462371826,88.97018518518519,0.75,4,8,92.63796296296296,0.6496697664260864,22.55059,69.817184,-219.25228881835935,2.0468837596752025
5KPE_4_8_6_id1,1.2723499536514282,3.6502294540405273,91.48861111111113,0.79,4,8,92.63796296296296,0.6496697664260864,22.55059,69.817184,-223.6043243408203,2.0335489908854165
5KPE_4_8_6_id10,1.2776074409484863,3.60189151763916,90.145,0.76,4,8,92.63796296296296,0.6496697664260864,22.55059,69.817184,-221.47329711914065,2.110579596625434
5KPE_4_8_6_id11,1.4511793851852417,2.936020851135254,87.4612037037037,0.72,4,8,92.63796296296296,0.6496697664260864,22.55059,69.817184,-222.58370971679688,2.0660184224446616
5KPE_4_8_6_id12,1.3230425119400024,3.479360580444336,87.87305555555557,0.72,4,8,92.63796296296296,0.6496697664260864,22.55059,69.817184,-222.91807556152344,2.068263583713108
5KPE_4_8_6_id13,1.1424040794372559,3.041287422180176,90.64583333333331,0.77,4,8,92.63796296296296,0.6496697664260864,22.55059,69.817184,-222.6297912597656,2.018352367259838
5KPE_4_8_6_id14,1.3798407316207886,3.495197296142578,88.75787037037038,0.74,4,8,92.63796296296296,0.6496697664260864,22.55059,69.817184,-217.88455200195312,2.086702700014468
5KPE_4_8_6_id15,1.1964000463485718,3.5077874660491943,88.92666666666665,0.74,4,8,92.63796296296296,0.6496697664260864,22.55059,69.817184,-221.4931640625,2.00982016104239
5KPE_4_8_6_id16,1.175476312637329,3.1038618087768555,89.31953703703702,0.73,4,8,92.63796296296296,0.6496697664260864,22.55059,69.817184,-221.9654083251953,1.978946261935764
5KPE_4_8_6_id17,1.3186284303665161,3.5006861686706543,93.48092592592592,0.82,4,8,92.63796296296296,0.6496697664260864,22.55059,69.817184,-223.5326232910156,2.0899102952745228
5KPE_4_8_6_id18,1.927087426185608,3.1134462356567383,86.50222222222224,0.69,4,8,92.63796296296296,0.6496697664260864,22.55059,69.817184,-220.17669677734372,2.0588932743778936
5KPE_4_8_6_id19,1.1878094673156738,3.629378318786621,90.13953703703704,0.76,4,8,92.63796296296296,0.6496697664260864,22.55059,69.817184,-224.61170959472656,2.025578816731771
5KPE_4_8_6_id2,1.2107064723968506,3.5777649879455566,92.69203703703708,0.81,4,8,92.63796296296296,0.6496697664260864,22.55059,69.817184,-222.68409729003903,2.103462501808449
5KPE_4_8_6_id20,1.265097737312317,3.5618762969970703,90.72324074074076,0.77,4,8,92.63796296296296,0.6496697664260864,22.55059,69.817184,-223.80014038085935,2.018122778998481
5KPE_4_8_6_id21,1.2689673900604248,3.641706943511963,89.80305555555555,0.75,4,8,92.63796296296296,0.6496697664260864,22.55059,69.817184,-218.64422607421875,2.075023368552879
5KPE_4_8_6_id22,1.2188560962677002,3.7816038131713867,91.03379629629627,0.79,4,8,92.63796296296296,0.6496697664260864,22.55059,69.817184,-222.1122589111328,2.136315239800348
5KPE_4_8_6_id23,1.8485227823257446,2.507002592086792,93.625,0.82,4,8,92.63796296296296,0.6496697664260864,22.55059,69.817184,-218.20184326171875,1.9693838048864287
5KPE_4_8_6_id3,1.282086968421936,3.4410336017608643,86.75805555555554,0.67,4,8,92.63796296296296,0.6496697664260864,22.55059,69.817184,-222.2454833984375,2.1428125169542103
5KPE_4_8_6_id4,1.2153335809707642,2.9423301219940186,92.21111111111114,0.78,4,8,92.63796296296296,0.6496697664260864,22.55059,69.817184,-224.05714416503903,2.0168928923430265
5KPE_4_8_6_id5,1.171395182609558,3.00126051902771,90.03472222222223,0.74,4,8,92.63796296296296,0.6496697664260864,22.55059,69.817184,-223.8796539306641,1.99525804872866
5KPE_4_8_6_id6,1.5116544961929321,2.8863685131073,88.31833333333333,0.75,4,8,92.63796296296296,0.6496697664260864,22.55059,69.817184,-220.678466796875,2.137395222981771
5KPE_4_8_6_id7,1.2696164846420288,3.6834895610809326,91.50444444444445,0.78,4,8,92.63796296296296,0.6496697664260864,22.55059,69.817184,-222.4906463623047,2.0991956922743054
5KPE_4_8_6_id8,1.174591064453125,3.566646099090576,90.38675925925926,0.75,4,8,92.63796296296296,0.6496697664260864,22.55059,69.817184,-223.43600463867188,1.985972934299045
5KPE_4_8_6_id9,1.2831217050552368,3.703108549118042,91.44685185185186,0.8,4,8,92.63796296296296,0.6496697664260864,22.55059,69.817184,-223.9862518310547,2.0859942966037326
5KPE_4_8_7_id0,1.6003073453903198,2.982006549835205,90.8321296296296,0.78,4,8,91.87185185185182,0.7325578927993774,22.223001,71.09239,-219.52984619140625,2.2663664641203702
5KPE_4_8_7_id1,1.741218090057373,2.7977840900421143,91.57592592592592,0.81,4,8,91.87185185185182,0.7325578927993774,22.223001,71.09239,-216.20257568359372,2.075313991970486
5KPE_4_8_7_id10,1.3017914295196533,3.157121419906616,87.48287037037036,0.72,4,8,91.87185185185182,0.7325578927993774,22.223001,71.09239,-219.20530700683597,2.229768541124132
5KPE_4_8_7_id11,1.435859203338623,2.7795372009277344,87.97305555555556,0.73,4,8,91.87185185185182,0.7325578927993774,22.223001,71.09239,-215.00559997558597,2.253216920075593
5KPE_4_8_7_id12,1.5323946475982666,3.1017847061157227,87.75518518518518,0.72,4,8,91.87185185185182,0.7325578927993774,22.223001,71.09239,-217.75387573242188,2.191300568757234
5KPE_4_8_7_id13,1.531065821647644,2.919781446456909,88.30870370370373,0.75,4,8,91.87185185185182,0.7325578927993774,22.223001,71.09239,-217.29544067382807,2.239683363172743
5KPE_4_8_7_id14,1.3823293447494507,3.2480902671813965,90.72648148148149,0.78,4,8,91.87185185185182,0.7325578927993774,22.223001,71.09239,-215.9197998046875,2.220167513246889
5KPE_4_8_7_id15,1.5987833738327026,2.7506587505340576,88.19222222222221,0.73,4,8,91.87185185185182,0.7325578927993774,22.223001,71.09239,-217.96725463867188,2.104646612096716
5KPE_4_8_7_id16,1.3704726696014404,2.8568408489227295,85.5873148148148,0.7,4,8,91.87185185185182,0.7325578927993774,22.223001,71.09239,-220.5536193847656,2.144852814850984
5KPE_4_8_7_id17,2.021538019180298,2.3031978607177734,90.43018518518518,0.75,4,8,91.87185185185182,0.7325578927993774,22.223001,71.09239,-218.6293487548828,2.15793694390191
5KPE_4_8_7_id18,1.4969592094421387,2.581158399581909,86.26129629629631,0.69,4,8,91.87185185185182,0.7325578927993774,22.223001,71.09239,-218.82763671875,2.1371355409975403
5KPE_4_8_7_id19,1.825939655303955,2.6589648723602295,92.95379629629626,0.82,4,8,91.87185185185182,0.7325578927993774,22.223001,71.09239,-217.44451904296875,2.1424262435347945
5KPE_4_8_7_id2,1.9421820640563965,2.450058937072754,91.4148148148148,0.78,4,8,91.87185185185182,0.7325578927993774,22.223001,71.09239,-216.39703369140625,2.110275974980107
5KPE_4_8_7_id20,1.6282991170883179,2.8147172927856445,90.56175925925926,0.77,4,8,91.87185185185182,0.7325578927993774,22.223001,71.09239,-219.0394287109375,2.113710474084925
5KPE_4_8_7_id21,1.5445904731750488,2.267291784286499,89.1108333333333,0.74,4,8,91.87185185185182,0.7325578927993774,22.223001,71.09239,-220.5097503662109,2.078261481391059
5KPE_4_8_7_id22,1.9048573970794678,2.6824703216552734,89.82601851851852,0.77,4,8,91.87185185185182,0.7325578927993774,22.223001,71.09239,-216.6376953125,2.1835420396592884
5KPE_4_8_7_id23,1.6151962280273438,2.895570993423462,93.4476851851852,0.83,4,8,91.87185185185182,0.7325578927993774,22.223001,71.09239,-218.6964111328125,2.074266221788194
5KPE_4_8_7_id3,1.7551311254501343,2.557553291320801,92.090462962963,0.81,4,8,91.87185185185182,0.7325578927993774,22.223001,71.09239,-220.02703857421875,2.0884535047743054
5KPE_4_8_7_id4,1.2801976203918457,3.0059733390808105,86.57287037037038,0.7,4,8,91.87185185185182,0.7325578927993774,22.223001,71.09239,-220.0928192138672,2.1312151308412903
5KPE_4_8_7_id5,1.4304163455963135,2.699985980987549,89.91175925925924,0.77,4,8,91.87185185185182,0.7325578927993774,22.223001,71.09239,-218.84698486328125,2.172085090919777
5KPE_4_8_7_id6,1.7152081727981567,2.044635772705078,91.95055555555555,0.79,4,8,91.87185185185182,0.7325578927993774,22.223001,71.09239,-217.91021728515625,2.06580889666522
5KPE_4_8_7_id7,1.5416796207427979,3.1598920822143555,89.22981481481482,0.74,4,8,91.87185185185182,0.7325578927993774,22.223001,71.09239,-219.1275329589844,2.0962886103877314
5KPE_4_8_7_id8,1.9760938882827759,2.4057600498199463,87.76944444444443,0.72,4,8,91.87185185185182,0.7325578927993774,22.223001,71.09239,-217.9028778076172,2.1216813546639903
5KPE_4_8_7_id9,1.644134521484375,2.947394371032715,89.62907407407407,0.74,4,8,91.87185185185182,0.7325578927993774,22.223001,71.09239,-218.3421936035156,2.083975615324797
5KPE_4_8_8_id0,1.0633342266082764,3.429321765899658,91.58592592592592,0.78,4,8,90.2612962962963,0.6554511189460754,22.412935,69.64983,-214.42376708984372,2.007099858036748
5KPE_4_8_8_id1,1.2545851469039917,2.865833044052124,88.94916666666667,0.73,4,8,90.2612962962963,0.6554511189460754,22.412935,69.64983,-221.70237731933597,2.090363396538629
5KPE_4_8_8_id10,1.362351417541504,2.9954674243927,89.88166666666667,0.75,4,8,90.2612962962963,0.6554511189460754,22.412935,69.64983,-217.04446411132807,2.028071085611979
5KPE_4_8_8_id11,1.4877334833145142,1.175315022468567,86.48527777777775,0.72,4,8,90.2612962962963,0.6554511189460754,22.412935,69.64983,-221.0618133544922,2.0623917756257235
5KPE_4_8_8_id12,1.3670819997787476,2.758549928665161,88.76407407407407,0.74,4,8,90.2612962962963,0.6554511189460754,22.412935,69.64983,-212.5211944580078,2.024337203414352
5KPE_4_8_8_id13,1.2305865287780762,3.5423972606658936,89.56796296296297,0.75,4,8,90.2612962962963,0.6554511189460754,22.412935,69.64983,-216.5484161376953,2.13478116635923
5KPE_4_8_8_id14,1.3261886835098267,2.5232131481170654,90.95944444444446,0.76,4,8,90.2612962962963,0.6554511189460754,22.412935,69.64983,-221.78204345703125,2.0457300256799766
5KPE_4_8_8_id15,1.1094441413879395,3.450775384902954,91.7173148148148,0.78,4,8,90.2612962962963,0.6554511189460754,22.412935,69.64983,-222.1044006347656,2.0355387087221497
5KPE_4_8_8_id16,1.3556569814682007,3.140803098678589,90.31333333333332,0.76,4,8,90.2612962962963,0.6554511189460754,22.412935,69.64983,-218.0741271972656,2.04018712926794
5KPE_4_8_8_id17,1.1217201948165894,2.321068286895752,90.45814814814815,0.74,4,8,90.2612962962963,0.6554511189460754,22.412935,69.64983,-223.59893798828125,2.040531017162181
5KPE_4_8_8_id18,1.3258877992630005,3.0446341037750244,88.8225,0.72,4,8,90.2612962962963,0.6554511189460754,22.412935,69.64983,-220.5801696777344,2.087069758662471
5KPE_4_8_8_id19,1.3805941343307495,0.9875626564025879,88.7875,0.74,4,8,90.2612962962963,0.6554511189460754,22.412935,69.64983,-218.59214782714844,2.0449621412489147
5KPE_4_8_8_id2,1.2930757999420166,2.445974111557007,91.12972222222224,0.78,4,8,90.2612962962963,0.6554511189460754,22.412935,69.64983,-219.5845947265625,1.9997835512514468
5KPE_4_8_8_id20,1.5198194980621338,3.4618403911590576,92.96185185185186,0.81,4,8,90.2612962962963,0.6554511189460754,22.412935,69.64983,-217.08795166015625,2.0706319455747253
5KPE_4_8_8_id21,1.1979109048843384,2.1204540729522705,86.90370370370371,0.69,4,8,90.2612962962963,0.6554511189460754,22.412935,69.64983,-221.3202362060547,2.105441623263889
5KPE_4_8_8_id22,1.2307441234588623,2.867215633392334,88.83796296296295,0.72,4,8,90.2612962962963,0.6554511189460754,22.412935,69.64983,-220.1988525390625,2.039185418023004
5KPE_4_8_8_id23,1.1918498277664185,3.326380491256714,90.27611111111112,0.74,4,8,90.2612962962963,0.6554511189460754,22.412935,69.64983,-222.00442504882807,2.0419336954752603
5KPE_4_8_8_id3,1.4025368690490723,2.5841798782348633,89.79870370370371,0.76,4,8,90.2612962962963,0.6554511189460754,22.412935,69.64983,-217.9693756103516,2.057996679235388
5KPE_4_8_8_id4,1.351315975189209,3.1965551376342773,92.3599074074074,0.82,4,8,90.2612962962963,0.6554511189460754,22.412935,69.64983,-216.25189208984372,2.0633584481698497
5KPE_4_8_8_id5,1.340531826019287,3.363474130630493,87.99416666666666,0.71,4,8,90.2612962962963,0.6554511189460754,22.412935,69.64983,-221.509521484375,2.1294196799949363
5KPE_4_8_8_id6,1.80539071559906,1.2111212015151978,92.16694444444448,0.8,4,8,90.2612962962963,0.6554511189460754,22.412935,69.64983,-223.21424865722656,2.0270970662434897
5KPE_4_8_8_id7,1.331836462020874,3.049374580383301,89.67296296296297,0.75,4,8,90.2612962962963,0.6554511189460754,22.412935,69.64983,-221.6260223388672,2.1580277902108653
5KPE_4_8_8_id8,1.0156424045562744,3.4024600982666016,90.26953703703704,0.75,4,8,90.2612962962963,0.6554511189460754,22.412935,69.64983,-217.34832763671875,1.9921470924660007
5KPE_4_8_8_id9,1.2004468441009521,3.2411890029907227,90.47898148148148,0.74,4,8,90.2612962962963,0.6554511189460754,22.412935,69.64983,-221.49105834960935,2.0345980326334634
5KPE_4_8_9_id0,1.6930063962936401,2.5989158153533936,87.63148148148146,0.7,4,8,90.41287037037038,0.760506808757782,21.616053,70.109,-222.12200927734372,2.1125345583315247
5KPE_4_8_9_id1,1.2672241926193237,3.4887096881866455,88.94342592592592,0.73,4,8,90.41287037037038,0.760506808757782,21.616053,70.109,-223.7501678466797,2.100155300564236
5KPE_4_8_9_id10,2.3693010807037354,1.76930570602417,82.2502777777778,0.65,4,8,90.41287037037038,0.760506808757782,21.616053,70.109,-219.41636657714844,2.1213450961642795
5KPE_4_8_9_id11,1.724067211151123,1.4935444593429565,88.8336111111111,0.75,4,8,90.41287037037038,0.760506808757782,21.616053,70.109,-220.26663208007807,2.013701544867621
5KPE_4_8_9_id12,1.9817625284194946,1.8795524835586548,87.12175925925925,0.7,4,8,90.41287037037038,0.760506808757782,21.616053,70.109,-223.0475311279297,2.047357347276476
5KPE_4_8_9_id13,1.921159029006958,1.4051710367202759,86.34203703703704,0.7,4,8,90.41287037037038,0.760506808757782,21.616053,70.109,-221.21331787109372,2.077416737874349
5KPE_4_8_9_id14,1.6101130247116089,2.9569602012634277,89.11657407407408,0.75,4,8,90.41287037037038,0.760506808757782,21.616053,70.109,-221.01161193847656,2.169373123734086
5KPE_4_8_9_id15,1.2719122171401978,1.6446528434753418,88.55944444444442,0.73,4,8,90.41287037037038,0.760506808757782,21.616053,70.109,-220.79129028320312,2.0520112779405384
5KPE_4_8_9_id16,1.3748029470443726,1.8060052394866943,88.25814814814814,0.74,4,8,90.41287037037038,0.760506808757782,21.616053,70.109,-221.60137939453125,2.0217117027000144
5KPE_4_8_9_id17,2.463045358657837,1.762568473815918,82.62601851851852,0.64,4,8,90.41287037037038,0.760506808757782,21.616053,70.109,-222.34051513671875,2.080553549307364
5KPE_4_8_9_id18,1.3802430629730225,1.5480101108551025,86.83240740740742,0.7,4,8,90.41287037037038,0.760506808757782,21.616053,70.109,-218.80332946777344,2.000341627332899
5KPE_4_8_9_id19,1.4724714756011963,1.6132222414016724,87.24907407407406,0.69,4,8,90.41287037037038,0.760506808757782,21.616053,70.109,-223.58338928222656,2.023235038474754
5KPE_4_8_9_id2,1.4573904275894165,2.6346981525421143,88.48537037037038,0.73,4,8,90.41287037037038,0.760506808757782,21.616053,70.109,-221.43202209472656,2.05621083577474
5KPE_4_8_9_id20,1.4512760639190674,3.0012080669403076,86.38101851851853,0.69,4,8,90.41287037037038,0.760506808757782,21.616053,70.109,-222.43479919433597,2.0063849555121527
5KPE_4_8_9_id21,1.651347279548645,2.92608642578125,88.80888888888889,0.74,4,8,90.41287037037038,0.760506808757782,21.616053,70.109,-223.78875732421875,2.0600058944137007
5KPE_4_8_9_id22,1.3025004863739014,1.9101542234420776,83.30675925925925,0.66,4,8,90.41287037037038,0.760506808757782,21.616053,70.109,-221.89280700683597,2.1429350111219616
5KPE_4_8_9_id23,0.9933199286460876,1.954951286315918,87.82870370370368,0.7,4,8,90.41287037037038,0.760506808757782,21.616053,70.109,-223.1459045410156,2.056662948043258
5KPE_4_8_9_id3,1.7523813247680664,1.4305065870285034,85.705,0.7,4,8,90.41287037037038,0.760506808757782,21.616053,70.109,-223.07540893554688,1.997184188277633
5KPE_4_8_9_id4,1.537011981010437,3.360013723373413,88.50064814814814,0.73,4,8,90.41287037037038,0.760506808757782,21.616053,70.109,-217.482421875,2.088825367115162
5KPE_4_8_9_id5,1.6147193908691406,1.925518274307251,85.54268518518518,0.66,4,8,90.41287037037038,0.760506808757782,21.616053,70.109,-221.25238037109372,2.0384272822627314
5KPE_4_8_9_id6,3.465315818786621,1.534055233001709,87.28361111111111,0.71,4,8,90.41287037037038,0.760506808757782,21.616053,70.109,-217.91099548339844,2.100767064977575
5KPE_4_8_9_id7,1.4096952676773071,1.639679193496704,87.21064814814817,0.7,4,8,90.41287037037038,0.760506808757782,21.616053,70.109,-223.3611297607422,2.0610974629720054
5KPE_4_8_9_id8,1.5738848447799683,3.0431885719299316,87.02657407407408,0.7,4,8,90.41287037037038,0.760506808757782,21.616053,70.109,-223.15603637695312,2.0370380260326244
5KPE_4_8_9_id9,1.4283608198165894,2.819359064102173,87.10657407407409,0.7,4,8,90.41287037037038,0.760506808757782,21.616053,70.109,-217.59402465820312,2.0168660481770835
5KPE_6_2_0_id0,1.9306052923202515,3.151508092880249,85.70972222222223,0.7,6,2,89.00583333333334,0.8631563186645508,24.961357,74.4342,-214.0202789306641,2.12464028817636
5KPE_6_2_0_id1,4.28801965713501,3.9209060668945312,85.66092592592592,0.68,6,2,89.00583333333334,0.8631563186645508,24.961357,74.4342,-209.6786193847656,2.1588852493851274
5KPE_6_2_0_id10,3.82426381111145,3.2917640209198,79.93842592592594,0.62,6,2,89.00583333333334,0.8631563186645508,24.961357,74.4342,-209.67794799804688,2.081659387659144
5KPE_6_2_0_id11,1.1113355159759521,3.185169219970703,86.76055555555556,0.7,6,2,89.00583333333334,0.8631563186645508,24.961357,74.4342,-211.2765045166016,2.1369029857494213
5KPE_6_2_0_id12,3.7721710205078125,2.982619047164917,81.87472222222223,0.64,6,2,89.00583333333334,0.8631563186645508,24.961357,74.4342,-211.6692352294922,2.1503293072735823
5KPE_6_2_0_id13,1.5886902809143066,3.5054523944854736,80.14675925925928,0.59,6,2,89.00583333333334,0.8631563186645508,24.961357,74.4342,-209.8845977783203,2.0969441731770835
5KPE_6_2_0_id14,2.3812198638916016,2.5763943195343018,90.75509259259258,0.8,6,2,89.00583333333334,0.8631563186645508,24.961357,74.4342,-212.09381103515625,2.0973522044994213
5KPE_6_2_0_id15,4.193121910095215,1.9551812410354614,83.97166666666668,0.65,6,2,89.00583333333334,0.8631563186645508,24.961357,74.4342,-213.8432159423828,2.079938394052011
5KPE_6_2_0_id16,4.174234867095947,2.9252941608428955,75.73435185185186,0.62,6,2,89.00583333333334,0.8631563186645508,24.961357,74.4342,-209.59434509277344,2.0100439566153065
5KPE_6_2_0_id17,3.8984220027923584,2.549938917160034,71.80703703703703,0.57,6,2,89.00583333333334,0.8631563186645508,24.961357,74.4342,-213.62542724609372,2.135037174931279
5KPE_6_2_0_id18,3.422975540161133,3.7292048931121826,83.20555555555555,0.65,6,2,89.00583333333334,0.8631563186645508,24.961357,74.4342,-214.0222625732422,2.12946856463397
5KPE_6_2_0_id19,4.086627960205078,4.178515434265137,84.50083333333333,0.7,6,2,89.00583333333334,0.8631563186645508,24.961357,74.4342,-209.5059509277344,2.0437548602068865
5KPE_6_2_0_id2,1.428464412689209,3.676795721054077,83.04638888888887,0.66,6,2,89.00583333333334,0.8631563186645508,24.961357,74.4342,-212.61761474609372,2.115950831660518
5KPE_6_2_0_id20,4.56361198425293,2.447812080383301,78.07101851851854,0.64,6,2,89.00583333333334,0.8631563186645508,24.961357,74.4342,-208.06092834472656,1.969932273582176
5KPE_6_2_0_id21,4.757867813110352,3.717546224594116,79.55009259259259,0.68,6,2,89.00583333333334,0.8631563186645508,24.961357,74.4342,-207.88037109375,2.1166859379521124
5KPE_6_2_0_id22,2.2542974948883057,2.9508955478668213,82.56111111111113,0.68,6,2,89.00583333333334,0.8631563186645508,24.961357,74.4342,-209.3990936279297,2.1035130818684897
5KPE_6_2_0_id23,2.2515175342559814,2.620229721069336,83.4586111111111,0.72,6,2,89.00583333333334,0.8631563186645508,24.961357,74.4342,-209.3314971923828,2.047027022750289
5KPE_6_2_0_id3,2.288961887359619,3.7956607341766357,81.68305555555554,0.62,6,2,89.00583333333334,0.8631563186645508,24.961357,74.4342,-212.49957275390625,2.1311653984917536
5KPE_6_2_0_id4,3.674182891845703,3.0427558422088623,72.41694444444444,0.58,6,2,89.00583333333334,0.8631563186645508,24.961357,74.4342,-214.2294921875,2.10515057599103
5KPE_6_2_0_id5,3.760713577270508,2.4173362255096436,85.0237962962963,0.67,6,2,89.00583333333334,0.8631563186645508,24.961357,74.4342,-213.66493225097656,2.0224284419307
5KPE_6_2_0_id6,3.333209276199341,2.747767686843872,78.29666666666668,0.62,6,2,89.00583333333334,0.8631563186645508,24.961357,74.4342,-211.35592651367188,2.0849713925962097
5KPE_6_2_0_id7,1.7092225551605225,3.686763286590576,80.8772222222222,0.6,6,2,89.00583333333334,0.8631563186645508,24.961357,74.4342,-213.85842895507807,2.056322592276114
5KPE_6_2_0_id8,4.160179615020752,3.7257745265960693,85.06527777777781,0.7,6,2,89.00583333333334,0.8631563186645508,24.961357,74.4342,-212.0000457763672,2.0920162907353155
5KPE_6_2_0_id9,4.074309825897217,3.423403024673462,74.6700925925926,0.59,6,2,89.00583333333334,0.8631563186645508,24.961357,74.4342,-212.48239135742188,2.099246554904514
5KPE_6_4_6_id0,1.4618277549743652,3.0193862915039062,89.66287037037037,0.75,6,4,95.22222222222224,0.7741103768348694,24.844563,75.6661,-213.4373321533203,2.1492349130136
5KPE_6_4_6_id1,2.9894888401031494,3.7391445636749268,86.89092592592591,0.69,6,4,95.22222222222224,0.7741103768348694,24.844563,75.6661,-209.4238739013672,2.049599965413412
5KPE_6_4_6_id10,1.1352523565292358,4.819568157196045,90.53953703703702,0.77,6,4,95.22222222222224,0.7741103768348694,24.844563,75.6661,-211.5246734619141,2.102848759403935
5KPE_6_4_6_id11,1.0132211446762085,5.274062156677246,89.14740740740741,0.75,6,4,95.22222222222224,0.7741103768348694,24.844563,75.6661,-215.56253051757807,2.1892677589699074
5KPE_6_4_6_id12,1.0933222770690918,5.144356727600098,88.64787037037037,0.69,6,4,95.22222222222224,0.7741103768348694,24.844563,75.6661,-214.29983520507807,2.074082268608941
5KPE_6_4_6_id13,1.2081862688064575,4.432783603668213,87.27120370370369,0.71,6,4,95.22222222222224,0.7741103768348694,24.844563,75.6661,-214.45623779296875,2.1467579029224537
5KPE_6_4_6_id14,1.4943395853042603,3.8486785888671875,85.63759259259258,0.67,6,4,95.22222222222224,0.7741103768348694,24.844563,75.6661,-209.99490356445312,2.0175094604492188
5KPE_6_4_6_id15,1.1598317623138428,4.384269714355469,88.33370370370369,0.75,6,4,95.22222222222224,0.7741103768348694,24.844563,75.6661,-214.23123168945312,2.174541190818504
5KPE_6_4_6_id16,1.3712222576141357,4.196448802947998,86.83935185185184,0.67,6,4,95.22222222222224,0.7741103768348694,24.844563,75.6661,-214.40318298339844,2.1115544637044272
5KPE_6_4_6_id17,1.2560510635375977,4.796937465667725,90.26055555555556,0.76,6,4,95.22222222222224,0.7741103768348694,24.844563,75.6661,-211.0126800537109,2.164137239809389
5KPE_6_4_6_id18,1.2375720739364624,4.777058124542236,87.88666666666667,0.71,6,4,95.22222222222224,0.7741103768348694,24.844563,75.6661,-208.9833984375,2.096109319616247
5KPE_6_4_6_id19,2.9260334968566895,2.972121238708496,81.62324074074074,0.63,6,4,95.22222222222224,0.7741103768348694,24.844563,75.6661,-210.21917724609372,2.069597456190321
5KPE_6_4_6_id2,1.2812896966934204,4.558694362640381,87.6961111111111,0.71,6,4,95.22222222222224,0.7741103768348694,24.844563,75.6661,-213.98670959472656,2.1397180910463685
5KPE_6_4_6_id20,1.6758102178573608,3.645766258239746,84.91907407407408,0.68,6,4,95.22222222222224,0.7741103768348694,24.844563,75.6661,-210.63113403320312,2.0933165373625577
5KPE_6_4_6_id21,1.1956188678741455,3.214808225631714,84.51685185185185,0.64,6,4,95.22222222222224,0.7741103768348694,24.844563,75.6661,-213.48475646972656,2.135284423828125
5KPE_6_4_6_id22,1.2075831890106201,4.0165019035339355,87.33546296296298,0.75,6,4,95.22222222222224,0.7741103768348694,24.844563,75.6661,-213.66049194335935,2.1162500734682435
5KPE_6_4_6_id23,1.2795147895812988,5.293232440948486,85.93333333333332,0.67,6,4,95.22222222222224,0.7741103768348694,24.844563,75.6661,-210.7323455810547,2.214538432933666
5KPE_6_4_6_id3,1.1825041770935059,5.458394527435303,90.97342592592594,0.79,6,4,95.22222222222224,0.7741103768348694,24.844563,75.6661,-214.9514923095703,2.1976220872667103
5KPE_6_4_6_id4,1.4186781644821167,4.5040059089660645,87.60638888888887,0.69,6,4,95.22222222222224,0.7741103768348694,24.844563,75.6661,-211.74624633789065,2.165602224844473
5KPE_6_4_6_id5,1.0427985191345215,5.340810298919678,89.53027777777777,0.75,6,4,95.22222222222224,0.7741103768348694,24.844563,75.6661,-213.02713012695312,2.1404345477068865
5KPE_6_4_6_id6,3.9710865020751953,3.4769198894500732,73.66138888888888,0.6,6,4,95.22222222222224,0.7741103768348694,24.844563,75.6661,-213.26144409179688,2.087352752685547
5KPE_6_4_6_id7,1.1217385530471802,5.411501407623291,91.99194444444446,0.81,6,4,95.22222222222224,0.7741103768348694,24.844563,75.6661,-213.10308837890625,2.169381035698785
5KPE_6_4_6_id8,1.4194843769073486,3.6474645137786865,80.45092592592593,0.61,6,4,95.22222222222224,0.7741103768348694,24.844563,75.6661,-213.84544372558597,2.0741509331597223
5KPE_6_4_6_id9,1.283685564994812,4.39565372467041,88.72083333333332,0.72,6,4,95.22222222222224,0.7741103768348694,24.844563,75.6661,-213.0220642089844,2.1598339787235967
5KPE_6_4_7_id0,3.070204973220825,4.175669193267822,80.21638888888889,0.7,6,4,92.92462962962964,0.9810678362846376,24.553955,75.79543,-215.35086059570312,2.0144901982060186
5KPE_6_4_7_id1,1.8552988767623901,4.08629846572876,91.00379629629629,0.78,6,4,92.92462962962964,0.9810678362846376,24.553955,75.79543,-215.41012573242188,2.1674287584092884
5KPE_6_4_7_id10,1.4782427549362183,4.083823204040527,88.4475925925926,0.73,6,4,92.92462962962964,0.9810678362846376,24.553955,75.79543,-213.3018798828125,2.0855046025028936
5KPE_6_4_7_id11,1.736747145652771,4.609999179840088,88.29305555555557,0.71,6,4,92.92462962962964,0.9810678362846376,24.553955,75.79543,-207.528076171875,2.082789950900608
5KPE_6_4_7_id12,1.2672516107559204,3.990682601928711,84.91796296296299,0.67,6,4,92.92462962962964,0.9810678362846376,24.553955,75.79543,-210.97824096679688,2.109013734040437
5KPE_6_4_7_id13,4.151796340942383,3.4350364208221436,87.00601851851852,0.73,6,4,92.92462962962964,0.9810678362846376,24.553955,75.79543,-214.11573791503903,2.10490389223452
5KPE_6_4_7_id14,1.6376358270645142,5.451257228851318,89.80175925925927,0.74,6,4,92.92462962962964,0.9810678362846376,24.553955,75.79543,-214.2758636474609,2.1204325358072915
5KPE_6_4_7_id15,3.923426866531372,3.4018948078155518,77.33277777777778,0.62,6,4,92.92462962962964,0.9810678362846376,24.553955,75.79543,-210.93409729003903,2.063076725712529
5KPE_6_4_7_id16,1.6236802339553833,3.6068358421325684,79.39194444444448,0.65,6,4,92.92462962962964,0.9810678362846376,24.553955,75.79543,-211.3521270751953,2.082783451786748
5KPE_6_4_7_id17,1.3832504749298096,4.9608235359191895,85.28435185185184,0.69,6,4,92.92462962962964,0.9810678362846376,24.553955,75.79543,-213.11898803710935,2.210610707600912
5KPE_6_4_7_id18,1.4046664237976074,3.2497315406799316,88.49120370370372,0.71,6,4,92.92462962962964,0.9810678362846376,24.553955,75.79543,-212.7033843994141,2.1272761027018228
5KPE_6_4_7_id19,1.7011802196502686,4.502879619598389,88.2826851851852,0.72,6,4,92.92462962962964,0.9810678362846376,24.553955,75.79543,-211.94879150390625,2.1511203624584057
5KPE_6_4_7_id2,1.7280359268188477,4.072714328765869,87.28694444444446,0.72,6,4,92.92462962962964,0.9810678362846376,24.553955,75.79543,-214.3316650390625,2.0169915093315973
5KPE_6_4_7_id20,1.6585065126419067,5.034311294555664,88.43759259259261,0.73,6,4,92.92462962962964,0.9810678362846376,24.553955,75.79543,-216.34829711914065,2.0442653232150607
5KPE_6_4_7_id21,1.4161916971206665,3.9690935611724854,88.98046296296296,0.73,6,4,92.92462962962964,0.9810678362846376,24.553955,75.79543,-214.18405151367188,2.1552790889033564
5KPE_6_4_7_id22,1.969618320465088,3.9000589847564697,92.72925925925924,0.81,6,4,92.92462962962964,0.9810678362846376,24.553955,75.79543,-214.0616455078125,2.11813552291305
5KPE_6_4_7_id23,1.365828275680542,3.5460703372955322,86.52861111111112,0.73,6,4,92.92462962962964,0.9810678362846376,24.553955,75.79543,-212.2113494873047,2.056236267089844
5KPE_6_4_7_id3,1.4318132400512695,3.9591455459594727,90.84842592592594,0.81,6,4,92.92462962962964,0.9810678362846376,24.553955,75.79543,-211.32595825195312,2.1538766931604454
5KPE_6_4_7_id4,1.3760555982589722,4.212812900543213,85.46166666666667,0.67,6,4,92.92462962962964,0.9810678362846376,24.553955,75.79543,-212.84776306152344,2.1501120108145253
5KPE_6_4_7_id5,1.6050609350204468,4.156343460083008,85.41749999999999,0.7,6,4,92.92462962962964,0.9810678362846376,24.553955,75.79543,-213.4696350097656,2.1100006103515625
5KPE_6_4_7_id6,1.4339442253112793,5.254983425140381,89.69194444444445,0.75,6,4,92.92462962962964,0.9810678362846376,24.553955,75.79543,-216.1210784912109,2.037169986300998
5KPE_6_4_7_id7,1.3628798723220825,5.3776116371154785,87.14685185185184,0.68,6,4,92.92462962962964,0.9810678362846376,24.553955,75.79543,-214.93646240234372,2.1963109616880065
5KPE_6_4_7_id8,1.353461503982544,4.111984729766846,84.57759259259258,0.65,6,4,92.92462962962964,0.9810678362846376,24.553955,75.79543,-213.9844970703125,2.159311223913122
5KPE_6_4_7_id9,2.8218908309936523,3.930288553237915,80.62675925925925,0.67,6,4,92.92462962962964,0.9810678362846376,24.553955,75.79543,-212.48947143554688,2.1078574569137007
5KPE_6_6_2_id0,1.3463314771652222,4.574008464813232,89.70796296296297,0.73,6,6,93.25962962962966,0.9567010402679444,24.218372,74.23906,-214.03390502929688,2.0984906797055847
5KPE_6_6_2_id1,1.562432050704956,3.1756272315979004,76.28157407407407,0.6,6,6,93.25962962962966,0.9567010402679444,24.218372,74.23906,-213.87884521484372,2.2315954985441984
5KPE_6_6_2_id10,1.125915288925171,4.541559219360352,89.21194444444444,0.73,6,6,93.25962962962966,0.9567010402679444,24.218372,74.23906,-213.322265625,2.173880683051215
5KPE_6_6_2_id11,2.5864038467407227,3.4410910606384277,84.07296296296296,0.67,6,6,93.25962962962966,0.9567010402679444,24.218372,74.23906,-214.42335510253903,2.103294089988426
5KPE_6_6_2_id12,1.3958890438079834,4.189761161804199,87.09722222222223,0.66,6,6,93.25962962962966,0.9567010402679444,24.218372,74.23906,-216.955322265625,2.135387138084129
5KPE_6_6_2_id13,2.9868085384368896,3.2854483127593994,78.10888888888891,0.57,6,6,93.25962962962966,0.9567010402679444,24.218372,74.23906,-215.91436767578125,2.0792212309660734
5KPE_6_6_2_id14,1.1604169607162476,3.665071964263916,88.675,0.73,6,6,93.25962962962966,0.9567010402679444,24.218372,74.23906,-211.3466796875,2.2457733154296875
5KPE_6_6_2_id15,3.2217965126037598,3.13094162940979,75.94972222222222,0.62,6,6,93.25962962962966,0.9567010402679444,24.218372,74.23906,-214.85110473632807,2.0674767670808016
5KPE_6_6_2_id16,1.1409261226654053,4.687337398529053,87.19138888888887,0.69,6,6,93.25962962962966,0.9567010402679444,24.218372,74.23906,-211.30520629882807,2.089419894748264
5KPE_6_6_2_id17,1.2489923238754272,4.78754186630249,87.89175925925926,0.7,6,6,93.25962962962966,0.9567010402679444,24.218372,74.23906,-212.8552703857422,2.1079319141529225
5KPE_6_6_2_id18,1.1254947185516357,4.474940776824951,92.01148148148148,0.8,6,6,93.25962962962966,0.9567010402679444,24.218372,74.23906,-215.7448883056641,2.0900031195746527
5KPE_6_6_2_id19,1.3004428148269653,3.3667917251586914,89.31453703703704,0.72,6,6,93.25962962962966,0.9567010402679444,24.218372,74.23906,-215.2392578125,2.1003991586190685
5KPE_6_6_2_id2,2.6003594398498535,3.660414218902588,87.52842592592594,0.7,6,6,93.25962962962966,0.9567010402679444,24.218372,74.23906,-217.3130798339844,2.058469984266493
5KPE_6_6_2_id20,2.368908166885376,3.45849347114563,76.42981481481482,0.6,6,6,93.25962962962966,0.9567010402679444,24.218372,74.23906,-212.5586853027344,2.044995767098886
5KPE_6_6_2_id21,3.0401668548583984,3.3951010704040527,82.82731481481484,0.68,6,6,93.25962962962966,0.9567010402679444,24.218372,74.23906,-211.1909637451172,2.0575245044849537
5KPE_6_6_2_id22,1.3656818866729736,5.142738342285156,92.28083333333336,0.8,6,6,93.25962962962966,0.9567010402679444,24.218372,74.23906,-214.27931213378903,2.081119537353516
5KPE_6_6_2_id23,1.083852767944336,4.365824222564697,88.78564814814814,0.74,6,6,93.25962962962966,0.9567010402679444,24.218372,74.23906,-212.4698181152344,2.1867398862485534
5KPE_6_6_2_id3,4.107192516326904,3.58181095123291,77.2100925925926,0.63,6,6,93.25962962962966,0.9567010402679444,24.218372,74.23906,-215.5476837158203,2.132402773256655
5KPE_6_6_2_id4,1.0914071798324585,4.7142558097839355,90.95185185185184,0.78,6,6,93.25962962962966,0.9567010402679444,24.218372,74.23906,-215.21563720703125,2.2324338842321327
5KPE_6_6_2_id5,3.7360994815826416,3.5619304180145264,80.89962962962963,0.64,6,6,93.25962962962966,0.9567010402679444,24.218372,74.23906,-213.8405303955078,2.117405926739728
5KPE_6_6_2_id6,2.4812960624694824,4.116209030151367,86.63435185185186,0.69,6,6,93.25962962962966,0.9567010402679444,24.218372,74.23906,-214.1886444091797,2.130021271882234
5KPE_6_6_2_id7,1.5498138666152954,4.0494704246521,82.23925925925924,0.62,6,6,93.25962962962966,0.9567010402679444,24.218372,74.23906,-214.0035552978516,2.149906723587601
5KPE_6_6_2_id8,1.1939337253570557,3.758446216583252,86.79435185185184,0.67,6,6,93.25962962962966,0.9567010402679444,24.218372,74.23906,-211.39231872558597,2.084824879964193
5KPE_6_6_2_id9,2.6339004039764404,4.200858116149902,88.23583333333329,0.7,6,6,93.25962962962966,0.9567010402679444,24.218372,74.23906,-213.80520629882807,2.136484781901041
5KPE_6_6_8_id0,3.1424434185028076,3.0447309017181396,80.28675925925926,0.62,6,6,94.0626851851852,0.8294026851654053,25.380083,75.60933,-213.44839477539065,1.920301649305556
5KPE_6_6_8_id1,2.9152350425720215,3.330751419067383,84.54490740740741,0.66,6,6,94.0626851851852,0.8294026851654053,25.380083,75.60933,-213.9166717529297,1.9348740754304108
5KPE_6_6_8_id10,2.6937828063964844,2.9476778507232666,75.8012962962963,0.58,6,6,94.0626851851852,0.8294026851654053,25.380083,75.60933,-215.09060668945312,2.0714405201099537
5KPE_6_6_8_id11,1.2528830766677856,4.951941967010498,89.53185185185184,0.75,6,6,94.0626851851852,0.8294026851654053,25.380083,75.60933,-211.88807678222656,2.2244576348198786
5KPE_6_6_8_id12,1.5467824935913086,4.2261857986450195,89.42222222222223,0.74,6,6,94.0626851851852,0.8294026851654053,25.380083,75.60933,-211.7707061767578,2.1039971245659723
5KPE_6_6_8_id13,1.1982020139694214,4.179492473602295,85.51703703703704,0.67,6,6,94.0626851851852,0.8294026851654053,25.380083,75.60933,-211.07101440429688,2.2223177309389466
5KPE_6_6_8_id14,3.1185708045959473,3.083401918411255,80.65916666666669,0.61,6,6,94.0626851851852,0.8294026851654053,25.380083,75.60933,-213.44412231445312,1.9388227109555844
5KPE_6_6_8_id15,3.0114238262176514,3.4269447326660156,87.0725,0.7,6,6,94.0626851851852,0.8294026851654053,25.380083,75.60933,-213.80284118652344,1.9723425971137152
5KPE_6_6_8_id16,1.5404548645019531,3.304624557495117,79.7100925925926,0.61,6,6,94.0626851851852,0.8294026851654053,25.380083,75.60933,-214.14584350585935,2.172954418041088
5KPE_6_6_8_id17,2.9124739170074463,3.212571620941162,81.71814814814816,0.61,6,6,94.0626851851852,0.8294026851654053,25.380083,75.60933,-214.51019287109372,1.9816072252061632
5KPE_6_6_8_id18,2.514984369277954,3.3215978145599365,80.53055555555554,0.62,6,6,94.0626851851852,0.8294026851654053,25.380083,75.60933,-210.65426635742188,2.03885806048358
5KPE_6_6_8_id19,2.0854597091674805,3.4653797149658203,84.42194444444446,0.67,6,6,94.0626851851852,0.8294026851654053,25.380083,75.60933,-210.12168884277344,2.111188535337095
5KPE_6_6_8_id2,1.3614041805267334,3.496920108795166,85.40250000000002,0.66,6,6,94.0626851851852,0.8294026851654053,25.380083,75.60933,-211.24652099609372,2.1545381899233216
5KPE_6_6_8_id20,1.3314313888549805,3.65543794631958,84.55425925925927,0.66,6,6,94.0626851851852,0.8294026851654053,25.380083,75.60933,-211.01296997070312,2.0788480970594616
5KPE_6_6_8_id21,3.1159043312072754,2.6727864742279053,79.62962962962965,0.61,6,6,94.0626851851852,0.8294026851654053,25.380083,75.60933,-212.22503662109372,1.9634975857204864
5KPE_6_6_8_id22,3.4005162715911865,2.7557125091552734,81.82703703703702,0.61,6,6,94.0626851851852,0.8294026851654053,25.380083,75.60933,-215.8876800537109,2.003971947564019
5KPE_6_6_8_id23,1.5928157567977905,4.693244934082031,80.89888888888889,0.68,6,6,94.0626851851852,0.8294026851654053,25.380083,75.60933,-211.35484313964844,2.0277312949851707
5KPE_6_6_8_id3,1.2377299070358276,3.838496685028076,87.39194444444446,0.71,6,6,94.0626851851852,0.8294026851654053,25.380083,75.60933,-212.61289978027344,2.1144820319281683
5KPE_6_6_8_id4,3.1175858974456787,2.673813581466675,77.92435185185187,0.6,6,6,94.0626851851852,0.8294026851654053,25.380083,75.60933,-214.580810546875,2.055887292932581
5KPE_6_6_8_id5,2.928008556365967,3.3187649250030518,83.3687962962963,0.65,6,6,94.0626851851852,0.8294026851654053,25.380083,75.60933,-211.7680511474609,1.944734926576968
5KPE_6_6_8_id6,2.804757595062256,3.231679916381836,76.74018518518518,0.59,6,6,94.0626851851852,0.8294026851654053,25.380083,75.60933,-214.35708618164065,1.987694210476345
5KPE_6_6_8_id7,1.4562586545944214,5.081489562988281,90.09444444444443,0.79,6,6,94.0626851851852,0.8294026851654053,25.380083,75.60933,-210.95297241210935,2.1621136135525174
5KPE_6_6_8_id8,2.059479236602783,3.4020771980285645,76.35111111111111,0.6,6,6,94.0626851851852,0.8294026851654053,25.380083,75.60933,-211.8665771484375,1.994024771231192
5KPE_6_6_8_id9,1.212516188621521,4.085396766662598,88.90481481481481,0.74,6,6,94.0626851851852,0.8294026851654053,25.380083,75.60933,-213.95162963867188,2.184533860948351
5KPE_6_8_5_id0,3.742837429046631,3.614825487136841,73.8412037037037,0.58,6,8,91.38583333333334,0.9903163909912108,26.335575,79.894455,-210.42877197265625,2.114570193820529
5KPE_6_8_5_id1,4.236178398132324,2.6313958168029785,85.55287037037039,0.69,6,8,91.38583333333334,0.9903163909912108,26.335575,79.894455,-211.343017578125,1.8683943571867767
5KPE_6_8_5_id10,4.475526332855225,2.146616220474243,87.30055555555558,0.73,6,8,91.38583333333334,0.9903163909912108,26.335575,79.894455,-210.89295959472656,1.9462164419668693
5KPE_6_8_5_id11,3.6890642642974854,3.238544464111328,86.63833333333334,0.72,6,8,91.38583333333334,0.9903163909912108,26.335575,79.894455,-212.5801544189453,2.0920308430989585
5KPE_6_8_5_id12,3.424438238143921,2.401400089263916,85.42157407407409,0.68,6,8,91.38583333333334,0.9903163909912108,26.335575,79.894455,-212.9701385498047,2.0131433275010853
5KPE_6_8_5_id13,4.282970428466797,2.2952957153320312,83.85768518518519,0.67,6,8,91.38583333333334,0.9903163909912108,26.335575,79.894455,-215.0448303222656,1.9207212660047743
5KPE_6_8_5_id14,4.030620574951172,2.4599974155426025,82.78694444444444,0.68,6,8,91.38583333333334,0.9903163909912108,26.335575,79.894455,-208.13604736328125,1.998520038746021
5KPE_6_8_5_id15,4.400871753692627,2.2633395195007324,82.29407407407408,0.64,6,8,91.38583333333334,0.9903163909912108,26.335575,79.894455,-215.97276306152344,1.881261613633897
5KPE_6_8_5_id16,4.3234429359436035,2.311984062194824,82.3725925925926,0.63,6,8,91.38583333333334,0.9903163909912108,26.335575,79.894455,-213.25823974609372,1.991750363950376
5KPE_6_8_5_id17,4.629153251647949,2.629509210586548,86.54148148148145,0.74,6,8,91.38583333333334,0.9903163909912108,26.335575,79.894455,-212.7936248779297,1.9678275496871385
5KPE_6_8_5_id18,4.703909873962402,2.272451162338257,84.49009259259259,0.7,6,8,91.38583333333334,0.9903163909912108,26.335575,79.894455,-211.2264404296875,1.9363683064778645
5KPE_6_8_5_id19,2.300764560699463,3.029895305633545,83.72101851851855,0.69,6,8,91.38583333333334,0.9903163909912108,26.335575,79.894455,-213.64239501953125,2.0629679361979165
5KPE_6_8_5_id2,4.518433570861816,2.347323417663574,83.01842592592594,0.67,6,8,91.38583333333334,0.9903163909912108,26.335575,79.894455,-215.09765625,1.91910637749566
5KPE_6_8_5_id20,4.166229248046875,2.001394510269165,83.04314814814815,0.67,6,8,91.38583333333334,0.9903163909912108,26.335575,79.894455,-211.72825622558597,1.8727391560872395
5KPE_6_8_5_id21,3.7739572525024414,2.6635570526123047,81.18287037037035,0.63,6,8,91.38583333333334,0.9903163909912108,26.335575,79.894455,-208.2647399902344,2.0915305526168257
5KPE_6_8_5_id22,4.044733047485352,2.3274130821228027,80.82611111111112,0.64,6,8,91.38583333333334,0.9903163909912108,26.335575,79.894455,-210.25653076171875,1.9969892148618344
5KPE_6_8_5_id23,1.5451383590698242,3.5410211086273193,86.23138888888889,0.71,6,8,91.38583333333334,0.9903163909912108,26.335575,79.894455,-214.9832763671875,2.021850162082248
5KPE_6_8_5_id3,1.765299677848816,4.588769912719727,88.3976851851852,0.75,6,8,91.38583333333334,0.9903163909912108,26.335575,79.894455,-209.53253173828125,2.142568235044126
5KPE_6_8_5_id4,4.015196800231934,2.545966148376465,81.12574074074075,0.62,6,8,91.38583333333334,0.9903163909912108,26.335575,79.894455,-213.85595703125,1.9928865785951968
5KPE_6_8_5_id5,4.407851696014404,2.093731641769409,84.21805555555555,0.66,6,8,91.38583333333334,0.9903163909912108,26.335575,79.894455,-211.17376708984372,1.870091473614728
5KPE_6_8_5_id6,3.492279291152954,2.744662046432495,81.09981481481482,0.62,6,8,91.38583333333334,0.9903163909912108,26.335575,79.894455,-212.05044555664065,1.9865134910300928
5KPE_6_8_5_id7,2.99272084236145,3.5894358158111572,86.84805555555556,0.72,6,8,91.38583333333334,0.9903163909912108,26.335575,79.894455,-212.85855102539065,2.060477645308883
5KPE_6_8_5_id8,3.381296396255493,2.751570224761963,79.96712962962964,0.64,6,8,91.38583333333334,0.9903163909912108,26.335575,79.894455,-212.20590209960935,2.1760475723831743
5KPE_6_8_5_id9,3.8833131790161133,2.6802597045898438,83.63194444444446,0.65,6,8,91.38583333333334,0.9903163909912108,26.335575,79.894455,-209.6221466064453,2.0623681810167103
5KPE_8_2_7_id0,1.3016512393951416,5.109564304351807,89.00166666666665,0.77,8,2,93.7127777777778,1.1900089979171753,23.910002,75.75694,-200.38868713378903,2.232275503653068
5KPE_8_2_7_id1,1.4080787897109985,7.36366081237793,89.09712962962965,0.76,8,2,93.7127777777778,1.1900089979171753,23.910002,75.75694,-205.28372192382807,2.0858922887731484
5KPE_8_2_7_id10,1.1045401096343994,4.286624431610107,90.25074074074074,0.79,8,2,93.7127777777778,1.1900089979171753,23.910002,75.75694,-204.99978637695312,2.251318613688151
5KPE_8_2_7_id11,4.782962322235107,4.157186985015869,78.18314814814815,0.66,8,2,93.7127777777778,1.1900089979171753,23.910002,75.75694,-201.25845336914065,2.173428146927445
5KPE_8_2_7_id12,1.1370946168899536,5.9081807136535645,90.22916666666669,0.8,8,2,93.7127777777778,1.1900089979171753,23.910002,75.75694,-207.16758728027344,2.3193608036747686
5KPE_8_2_7_id13,1.2053806781768799,7.437051773071289,87.91574074074073,0.73,8,2,93.7127777777778,1.1900089979171753,23.910002,75.75694,-206.33323669433597,2.363557321053964
5KPE_8_2_7_id14,1.3137489557266235,3.948045015335083,85.8272222222222,0.7,8,2,93.7127777777778,1.1900089979171753,23.910002,75.75694,-202.5976104736328,2.291756523980035
5KPE_8_2_7_id15,1.2206751108169556,5.232732772827148,87.12037037037037,0.72,8,2,93.7127777777778,1.1900089979171753,23.910002,75.75694,-201.20611572265625,2.3420462431731046
5KPE_8_2_7_id16,5.118611812591553,4.008758544921875,75.5600925925926,0.59,8,2,93.7127777777778,1.1900089979171753,23.910002,75.75694,-207.05618286132807,2.274627120406539
5KPE_8_2_7_id17,4.504026412963867,3.578486442565918,79.5423148148148,0.66,8,2,93.7127777777778,1.1900089979171753,23.910002,75.75694,-206.6435089111328,2.1088310524269387
5KPE_8_2_7_id18,4.390460014343262,4.216095447540283,71.10703703703705,0.59,8,2,93.7127777777778,1.1900089979171753,23.910002,75.75694,-203.5138092041016,2.220330697518808
5KPE_8_2_7_id19,2.4372220039367676,3.952955961227417,72.57953703703704,0.61,8,2,93.7127777777778,1.1900089979171753,23.910002,75.75694,-206.02175903320312,2.174019425003617
5KPE_8_2_7_id2,7.47808837890625,11.509875297546387,69.94250000000001,0.55,8,2,93.7127777777778,1.1900089979171753,23.910002,75.75694,-205.93870544433597,2.274705674913194
5KPE_8_2_7_id20,3.803678512573242,3.899289131164551,72.80592592592592,0.6,8,2,93.7127777777778,1.1900089979171753,23.910002,75.75694,-205.79965209960935,2.197818332248264
5KPE_8_2_7_id21,1.9634885787963867,3.206007957458496,79.99009259259257,0.66,8,2,93.7127777777778,1.1900089979171753,23.910002,75.75694,-206.68516540527344,2.2177406593605324
5KPE_8_2_7_id22,1.4913560152053833,3.882758617401123,90.0752777777778,0.8,8,2,93.7127777777778,1.1900089979171753,23.910002,75.75694,-205.90631103515625,2.2647106029369213
5KPE_8_2_7_id23,1.151802659034729,7.410068035125732,87.56777777777778,0.72,8,2,93.7127777777778,1.1900089979171753,23.910002,75.75694,-206.0815277099609,2.183557298448351
5KPE_8_2_7_id3,1.0246002674102783,3.853120803833008,90.88833333333336,0.78,8,2,93.7127777777778,1.1900089979171753,23.910002,75.75694,-206.01600646972656,2.3016606083622686
5KPE_8_2_7_id4,2.2312495708465576,4.622514247894287,79.8412962962963,0.61,8,2,93.7127777777778,1.1900089979171753,23.910002,75.75694,-200.95022583007807,2.3416536119249134
5KPE_8_2_7_id5,1.3537992238998413,4.57818603515625,84.43444444444445,0.71,8,2,93.7127777777778,1.1900089979171753,23.910002,75.75694,-202.86903381347656,2.342563346580223
5KPE_8_2_7_id6,1.592481017112732,7.404089450836182,88.23027777777777,0.76,8,2,93.7127777777778,1.1900089979171753,23.910002,75.75694,-201.7157745361328,2.314541710747613
5KPE_8_2_7_id7,1.1855796575546265,4.634940147399902,86.09898148148149,0.67,8,2,93.7127777777778,1.1900089979171753,23.910002,75.75694,-204.50485229492188,2.205593815556279
5KPE_8_2_7_id8,7.31672477722168,12.478734970092773,69.73583333333333,0.56,8,2,93.7127777777778,1.1900089979171753,23.910002,75.75694,-205.24200439453125,2.233719719780816
5KPE_8_2_7_id9,4.096372127532959,4.029433727264404,72.8237962962963,0.62,8,2,93.7127777777778,1.1900089979171753,23.910002,75.75694,-204.78863525390625,2.3157645331488714
5KPH_2_2_0_id0,0.983923077583313,2.5422120094299316,95.1536111111111,0.81,2,2,95.86194444444445,0.4724860489368438,27.212889,64.483696,-150.14456176757812,2.060070037841797
5KPH_2_2_0_id1,0.7699249982833862,1.8597280979156494,93.38111111111112,0.79,2,2,95.86194444444445,0.4724860489368438,27.212889,64.483696,-153.2943115234375,2.099694569905599
5KPH_2_2_0_id10,1.0572876930236816,0.9732744693756104,89.25958333333334,0.71,2,2,95.86194444444445,0.4724860489368438,27.212889,64.483696,-150.9078369140625,1.810384750366211
5KPH_2_2_0_id11,2.1536097526550293,0.9852050542831421,94.84527777777778,0.81,2,2,95.86194444444445,0.4724860489368438,27.212889,64.483696,-152.4276123046875,2.0640379587809243
5KPH_2_2_0_id12,0.6718063950538635,1.6413995027542114,95.41736111111112,0.82,2,2,95.86194444444445,0.4724860489368438,27.212889,64.483696,-151.2727813720703,2.0841170416937933
5KPH_2_2_0_id13,0.8764135837554932,1.1721030473709106,95.17027777777778,0.8,2,2,95.86194444444445,0.4724860489368438,27.212889,64.483696,-149.58609008789062,2.162785636054145
5KPH_2_2_0_id14,0.8625131845474243,1.8423045873641968,95.22194444444445,0.82,2,2,95.86194444444445,0.4724860489368438,27.212889,64.483696,-153.9778289794922,2.101509306165907
5KPH_2_2_0_id15,0.767215371131897,0.9308497905731201,94.05944444444444,0.78,2,2,95.86194444444445,0.4724860489368438,27.212889,64.483696,-154.2115020751953,1.942961798773872
5KPH_2_2_0_id16,0.8591667413711548,1.1779237985610962,91.94819444444444,0.75,2,2,95.86194444444445,0.4724860489368438,27.212889,64.483696,-150.8866424560547,1.7954635620117188
5KPH_2_2_0_id17,0.9427409172058105,0.8422293066978455,91.73347222222225,0.75,2,2,95.86194444444445,0.4724860489368438,27.212889,64.483696,-152.9989013671875,1.9250221252441408
5KPH_2_2_0_id18,1.375402569770813,0.8868148922920227,91.58027777777778,0.78,2,2,95.86194444444445,0.4724860489368438,27.212889,64.483696,-150.22129821777344,2.078414493136936
5KPH_2_2_0_id19,0.8857122659683228,2.104262351989746,95.72569444444444,0.82,2,2,95.86194444444445,0.4724860489368438,27.212889,64.483696,-154.28097534179688,2.0532633463541665
5KPH_2_2_0_id20,1.7851372957229614,0.8125547170639038,90.66444444444444,0.73,2,2,95.86194444444445,0.4724860489368438,27.212889,64.483696,-152.62716674804688,1.992696762084961
5KPH_2_2_0_id21,0.8008951544761658,2.0365216732025146,95.4998611111111,0.82,2,2,95.86194444444445,0.4724860489368438,27.212889,64.483696,-152.67193603515625,2.1553798251681857
5KPH_2_2_0_id22,0.7923058867454529,1.4806145429611206,94.56097222222222,0.81,2,2,95.86194444444445,0.4724860489368438,27.212889,64.483696,-154.083251953125,1.821533203125
5KPH_2_2_0_id23,1.7123634815216064,0.9345812797546387,92.86583333333334,0.78,2,2,95.86194444444445,0.4724860489368438,27.212889,64.483696,-151.6161346435547,2.001534356011285
5KPH_2_2_0_id3,2.193291425704956,1.0680359601974487,91.21416666666669,0.76,2,2,95.86194444444445,0.4724860489368438,27.212889,64.483696,-152.09231567382812,1.9431067572699647
5KPH_2_2_0_id4,0.7376332879066467,0.7990067601203918,94.93708333333332,0.81,2,2,95.86194444444445,0.4724860489368438,27.212889,64.483696,-152.9569091796875,1.976893742879232
5KPH_2_2_0_id5,0.8540157079696655,2.1525728702545166,96.21152777777776,0.83,2,2,95.86194444444445,0.4724860489368438,27.212889,64.483696,-151.4167938232422,2.124517652723524
5KPH_2_2_0_id6,0.851912796497345,2.137281894683838,95.32805555555557,0.82,2,2,95.86194444444445,0.4724860489368438,27.212889,64.483696,-153.41934204101562,2.0795720418294272
5KPH_2_2_0_id7,2.224978446960449,1.4259037971496582,94.62944444444445,0.81,2,2,95.86194444444445,0.4724860489368438,27.212889,64.483696,-152.99839782714844,1.9845426347520616
5KPH_2_2_0_id9,1.697986364364624,0.6782519221305847,93.30888888888887,0.78,2,2,95.86194444444445,0.4724860489368438,27.212889,64.483696,-149.88589477539062,1.9987239837646484
5KPH_2_2_1_id0,0.8032673001289368,1.962138056755066,95.84069444444444,0.83,2,2,95.44291666666666,0.4715303182601928,27.561415,64.601364,-149.98013305664062,2.0359685685899525
5KPH_2_2_1_id1,2.2394795417785645,0.8527631163597107,95.18652777777778,0.81,2,2,95.44291666666666,0.4715303182601928,27.561415,64.601364,-147.44920349121094,2.178729163275825
5KPH_2_2_1_id10,0.8297545313835144,0.9475224614143372,93.1873611111111,0.78,2,2,95.44291666666666,0.4715303182601928,27.561415,64.601364,-147.79441833496094,1.898408677842882
5KPH_2_2_1_id11,0.9365467429161072,2.2576003074645996,95.6047222222222,0.82,2,2,95.44291666666666,0.4715303182601928,27.561415,64.601364,-150.22216796875,2.020124011569553
5KPH_2_2_1_id12,0.8530514240264893,1.7248225212097168,93.53569444444445,0.79,2,2,95.44291666666666,0.4715303182601928,27.561415,64.601364,-150.36375427246094,2.070908440483941
5KPH_2_2_1_id13,1.7601089477539062,0.73671954870224,93.22180555555556,0.78,2,2,95.44291666666666,0.4715303182601928,27.561415,64.601364,-149.8367156982422,1.8000399271647136
5KPH_2_2_1_id14,0.8865305185317993,0.7528387904167175,94.73652777777778,0.8,2,2,95.44291666666666,0.4715303182601928,27.561415,64.601364,-150.7720947265625,1.834144804212782
5KPH_2_2_1_id15,2.1749610900878906,0.8357836008071899,95.14444444444445,0.81,2,2,95.44291666666666,0.4715303182601928,27.561415,64.601364,-148.58509826660156,1.958327187432184
5KPH_2_2_1_id16,0.7496223449707031,0.7581885457038879,94.50888888888888,0.8,2,2,95.44291666666666,0.4715303182601928,27.561415,64.601364,-148.2091522216797,1.862908469306098
5KPH_2_2_1_id17,2.065690517425537,0.7092686891555786,95.17430555555556,0.81,2,2,95.44291666666666,0.4715303182601928,27.561415,64.601364,-146.96656799316406,1.975192175971137
5KPH_2_2_1_id18,0.8697162866592407,1.3366422653198242,92.71583333333336,0.78,2,2,95.44291666666666,0.4715303182601928,27.561415,64.601364,-150.4432830810547,2.104280259874132
5KPH_2_2_1_id19,2.1852781772613525,0.75017911195755,94.62597222222222,0.81,2,2,95.44291666666666,0.4715303182601928,27.561415,64.601364,-149.28036499023438,1.88107426961263
5KPH_2_2_1_id2,0.8102686405181885,0.7949873805046082,93.2501388888889,0.79,2,2,95.44291666666666,0.4715303182601928,27.561415,64.601364,-147.6291961669922,1.9239845275878904
5KPH_2_2_1_id20,0.9077592492103577,0.7378472685813904,91.95791666666666,0.76,2,2,95.44291666666666,0.4715303182601928,27.561415,64.601364,-149.07827758789062,1.8502506679958768
5KPH_2_2_1_id21,1.0978654623031616,0.9613005518913269,93.18416666666668,0.78,2,2,95.44291666666666,0.4715303182601928,27.561415,64.601364,-149.0857391357422,1.93209711710612
5KPH_2_2_1_id22,0.8662118911743164,0.9642059206962585,92.17444444444445,0.76,2,2,95.44291666666666,0.4715303182601928,27.561415,64.601364,-148.45765686035156,1.9115178849962025
5KPH_2_2_1_id23,0.7964818477630615,2.1742162704467773,95.60416666666669,0.82,2,2,95.44291666666666,0.4715303182601928,27.561415,64.601364,-149.40635681152344,2.045437706841363
5KPH_2_2_1_id3,0.8660362958908081,0.6964175701141357,94.12833333333332,0.79,2,2,95.44291666666666,0.4715303182601928,27.561415,64.601364,-146.61720275878906,2.131850348578559
5KPH_2_2_1_id4,0.9306973814964294,0.8637769222259521,91.20083333333332,0.75,2,2,95.44291666666666,0.4715303182601928,27.561415,64.601364,-150.9517059326172,1.8513829973008893
5KPH_2_2_1_id5,0.7695121765136719,1.6519731283187866,93.7023611111111,0.8,2,2,95.44291666666666,0.4715303182601928,27.561415,64.601364,-150.29391479492188,1.9446334838867188
5KPH_2_2_1_id6,2.1028668880462646,0.7428236603736877,94.04152777777776,0.8,2,2,95.44291666666666,0.4715303182601928,27.561415,64.601364,-146.8023223876953,1.917969597710504
5KPH_2_2_1_id7,1.1403781175613403,0.6184232831001282,94.12944444444445,0.79,2,2,95.44291666666666,0.4715303182601928,27.561415,64.601364,-148.66197204589844,2.172694312201606
5KPH_2_2_1_id8,0.9841630458831787,0.833742082118988,94.96305555555556,0.8,2,2,95.44291666666666,0.4715303182601928,27.561415,64.601364,-149.10934448242188,1.826393551296658
5KPH_2_2_1_id9,0.8439804315567017,1.0303621292114258,92.25458333333331,0.78,2,2,95.44291666666666,0.4715303182601928,27.561415,64.601364,-148.33592224121094,2.067111545138889
5KPH_2_2_2_id0,0.7637962102890015,1.0401514768600464,91.91,0.75,2,2,94.40861111111111,0.4829236567020416,29.908415,65.63445,-151.7230987548828,1.95320298936632
5KPH_2_2_2_id1,1.6715985536575317,0.7355625629425049,93.90513888888889,0.8,2,2,94.40861111111111,0.4829236567020416,29.908415,65.63445,-150.69522094726562,1.932936562432184
5KPH_2_2_2_id10,2.0182478427886963,0.8867385387420654,93.40555555555557,0.79,2,2,94.40861111111111,0.4829236567020416,29.908415,65.63445,-147.7419891357422,1.9271318647596567
5KPH_2_2_2_id11,0.7752283215522766,0.8879647850990295,92.81152777777778,0.77,2,2,94.40861111111111,0.4829236567020416,29.908415,65.63445,-151.80459594726562,2.03098381890191
5KPH_2_2_2_id13,1.3405463695526123,0.9882227182388306,93.56694444444445,0.78,2,2,94.40861111111111,0.4829236567020416,29.908415,65.63445,-151.4249725341797,1.8415669335259333
5KPH_2_2_2_id14,0.8331566452980042,0.7725904583930969,92.50666666666666,0.77,2,2,94.40861111111111,0.4829236567020416,29.908415,65.63445,-150.65390014648438,1.9775513543023004
5KPH_2_2_2_id15,1.564876914024353,0.8534514307975769,90.67708333333331,0.74,2,2,94.40861111111111,0.4829236567020416,29.908415,65.63445,-150.50775146484375,2.042263242933485
5KPH_2_2_2_id16,0.747461199760437,1.113977313041687,94.4688888888889,0.8,2,2,94.40861111111111,0.4829236567020416,29.908415,65.63445,-151.47914123535156,1.910086949666341
5KPH_2_2_2_id17,1.8746365308761597,0.8165326714515686,92.0001388888889,0.76,2,2,94.40861111111111,0.4829236567020416,29.908415,65.63445,-149.98240661621094,2.0608624352349176
5KPH_2_2_2_id18,1.2916330099105835,0.9339545369148254,89.76736111111111,0.73,2,2,94.40861111111111,0.4829236567020416,29.908415,65.63445,-150.4718780517578,2.073006100124783
5KPH_2_2_2_id19,0.998721182346344,0.9101660847663879,90.28291666666664,0.73,2,2,94.40861111111111,0.4829236567020416,29.908415,65.63445,-151.50637817382812,1.9856639438205288
5KPH_2_2_2_id2,1.0497474670410156,0.7987609505653381,94.04444444444444,0.8,2,2,94.40861111111111,0.4829236567020416,29.908415,65.63445,-149.48052978515625,1.997344758775499
5KPH_2_2_2_id20,1.7127145528793335,0.8682209253311157,92.35875,0.78,2,2,94.40861111111111,0.4829236567020416,29.908415,65.63445,-151.72865295410156,2.014298756917318
5KPH_2_2_2_id21,1.793877363204956,0.685768723487854,93.5573611111111,0.79,2,2,94.40861111111111,0.4829236567020416,29.908415,65.63445,-150.78329467773438,2.0860799153645835
5KPH_2_2_2_id22,1.6339606046676636,0.8393773436546326,92.4498611111111,0.79,2,2,94.40861111111111,0.4829236567020416,29.908415,65.63445,-152.47793579101562,1.9834865993923607
5KPH_2_2_2_id23,1.7887402772903442,0.7545412182807922,92.78555555555556,0.77,2,2,94.40861111111111,0.4829236567020416,29.908415,65.63445,-151.43617248535156,2.017250484890408
5KPH_2_2_2_id3,1.5965732336044312,0.7883928418159485,92.5773611111111,0.77,2,2,94.40861111111111,0.4829236567020416,29.908415,65.63445,-149.1990966796875,2.088533189561632
5KPH_2_2_2_id4,0.7209341526031494,1.761921763420105,93.48944444444444,0.8,2,2,94.40861111111111,0.4829236567020416,29.908415,65.63445,-151.6144256591797,1.9247996012369792
5KPH_2_2_2_id5,1.8259416818618774,0.7005798816680908,93.94388888888888,0.8,2,2,94.40861111111111,0.4829236567020416,29.908415,65.63445,-149.5095977783203,2.1101871066623263
5KPH_2_2_2_id6,1.2070870399475098,0.7583217024803162,93.18402777777776,0.77,2,2,94.40861111111111,0.4829236567020416,29.908415,65.63445,-149.4147491455078,2.1442591349283853
5KPH_2_2_2_id7,1.759331226348877,0.942033052444458,90.11069444444443,0.71,2,2,94.40861111111111,0.4829236567020416,29.908415,65.63445,-149.1602325439453,2.0032246907552085
5KPH_2_2_2_id8,0.731415331363678,1.1495463848114014,93.985,0.8,2,2,94.40861111111111,0.4829236567020416,29.908415,65.63445,-151.98068237304688,1.9314185248480904
5KPH_2_2_2_id9,1.7475953102111816,0.7679224610328674,94.0573611111111,0.8,2,2,94.40861111111111,0.4829236567020416,29.908415,65.63445,-150.01976013183594,2.148604922824436
5KPH_2_2_3_id0,0.7593570351600647,0.7105914950370789,92.95152777777778,0.78,2,2,94.70097222222222,0.6565586924552917,29.341858,65.7509,-153.45408630371094,2.011684841579861
5KPH_2_2_3_id1,1.4646281003952026,0.9648444056510925,92.38541666666669,0.78,2,2,94.70097222222222,0.6565586924552917,29.341858,65.7509,-148.9510955810547,2.1583949195014105
5KPH_2_2_3_id10,0.7695214748382568,0.9897803664207458,94.02013888888888,0.79,2,2,94.70097222222222,0.6565586924552917,29.341858,65.7509,-152.036865234375,2.0667711893717446
5KPH_2_2_3_id11,0.7853170037269592,2.103130578994751,93.36236111111111,0.8,2,2,94.70097222222222,0.6565586924552917,29.341858,65.7509,-150.01670837402344,2.0033257802327475
5KPH_2_2_3_id12,0.8171819448471069,1.3587257862091064,92.25402777777778,0.76,2,2,94.70097222222222,0.6565586924552917,29.341858,65.7509,-152.0581512451172,2.015387217203776
5KPH_2_2_3_id13,1.9365719556808472,0.8622533082962036,93.58902777777776,0.79,2,2,94.70097222222222,0.6565586924552917,29.341858,65.7509,-152.3907012939453,2.081151326497396
5KPH_2_2_3_id14,2.0397160053253174,0.7407702803611755,93.62027777777776,0.78,2,2,94.70097222222222,0.6565586924552917,29.341858,65.7509,-151.8490447998047,2.041725794474284
5KPH_2_2_3_id15,0.94193434715271,2.5073256492614746,94.97125,0.81,2,2,94.70097222222222,0.6565586924552917,29.341858,65.7509,-152.93585205078125,1.98236083984375
5KPH_2_2_3_id16,0.9611208438873291,0.8348764181137085,91.85986111111112,0.76,2,2,94.70097222222222,0.6565586924552917,29.341858,65.7509,-152.26414489746094,1.930569542778863
5KPH_2_2_3_id17,2.0362184047698975,0.7892496585845947,92.24097222222224,0.77,2,2,94.70097222222222,0.6565586924552917,29.341858,65.7509,-151.8618927001953,2.0064434475368924
5KPH_2_2_3_id18,0.9289749264717102,0.8312752842903137,90.67180555555557,0.75,2,2,94.70097222222222,0.6565586924552917,29.341858,65.7509,-147.11329650878906,1.999097188313802
5KPH_2_2_3_id19,0.9204084873199463,0.5754554271697998,93.84527777777777,0.79,2,2,94.70097222222222,0.6565586924552917,29.341858,65.7509,-150.83370971679688,2.018927256266276
5KPH_2_2_3_id2,0.7532522678375244,0.7182456851005554,93.56013888888889,0.78,2,2,94.70097222222222,0.6565586924552917,29.341858,65.7509,-150.68359375,2.047513961791992
5KPH_2_2_3_id20,0.6428892016410828,2.0861172676086426,94.04708333333332,0.81,2,2,94.70097222222222,0.6565586924552917,29.341858,65.7509,-151.32485961914062,1.9106614854600688
5KPH_2_2_3_id21,0.7568891048431396,0.9763271808624268,94.77208333333334,0.8,2,2,94.70097222222222,0.6565586924552917,29.341858,65.7509,-151.5127410888672,2.0084811316596136
5KPH_2_2_3_id22,0.8941998481750488,2.6463630199432373,96.95472222222222,0.84,2,2,94.70097222222222,0.6565586924552917,29.341858,65.7509,-149.3679962158203,2.1563133663601346
5KPH_2_2_3_id23,0.7175367474555969,0.739457368850708,93.35250000000002,0.77,2,2,94.70097222222222,0.6565586924552917,29.341858,65.7509,-151.61155700683594,2.1199847327338324
5KPH_2_2_3_id3,0.8097735047340393,0.7779860496520996,95.34013888888887,0.81,2,2,94.70097222222222,0.6565586924552917,29.341858,65.7509,-152.17666625976562,1.981725480821397
5KPH_2_2_3_id4,1.560412049293518,0.9944846630096436,91.19611111111112,0.75,2,2,94.70097222222222,0.6565586924552917,29.341858,65.7509,-150.99314880371094,1.9825293223063152
5KPH_2_2_3_id5,0.7794685363769531,2.2686586380004883,95.56166666666668,0.82,2,2,94.70097222222222,0.6565586924552917,29.341858,65.7509,-152.37322998046875,1.96159913804796
5KPH_2_2_3_id6,0.7927693724632263,2.2513344287872314,95.35388888888887,0.81,2,2,94.70097222222222,0.6565586924552917,29.341858,65.7509,-151.7736358642578,1.9589920043945312
5KPH_2_2_3_id7,0.7855492234230042,2.203211784362793,93.4426388888889,0.79,2,2,94.70097222222222,0.6565586924552917,29.341858,65.7509,-147.84947204589844,2.005568822224935
5KPH_2_2_3_id8,1.2884684801101685,0.7540474534034729,93.73986111111113,0.79,2,2,94.70097222222222,0.6565586924552917,29.341858,65.7509,-150.2057342529297,1.9470897250705288
5KPH_2_2_3_id9,0.8030292391777039,1.3665494918823242,93.45069444444444,0.78,2,2,94.70097222222222,0.6565586924552917,29.341858,65.7509,-151.79852294921875,1.98738267686632
5KPH_2_2_4_id0,1.5217673778533936,0.8258047699928284,93.36180555555556,0.8,2,2,94.94055555555556,0.6120202541351318,27.743456,66.47516,-150.8468475341797,1.863519456651476
5KPH_2_2_4_id1,1.6944129467010498,0.9208245277404785,91.09875,0.75,2,2,94.94055555555556,0.6120202541351318,27.743456,66.47516,-151.5590057373047,1.878302256266276
5KPH_2_2_4_id10,0.9260831475257874,0.7065932154655457,92.62277777777778,0.77,2,2,94.94055555555556,0.6120202541351318,27.743456,66.47516,-150.77664184570312,1.9426326751708984
5KPH_2_2_4_id11,1.951733946800232,0.6529242396354675,91.73819444444445,0.77,2,2,94.94055555555556,0.6120202541351318,27.743456,66.47516,-152.34803771972656,1.919832441541884
5KPH_2_2_4_id12,0.8713473081588745,2.1670727729797363,93.0075,0.79,2,2,94.94055555555556,0.6120202541351318,27.743456,66.47516,-151.57003784179688,1.7599474589029949
5KPH_2_2_4_id13,0.794234573841095,1.3509786128997803,94.02625,0.81,2,2,94.94055555555556,0.6120202541351318,27.743456,66.47516,-151.15399169921875,2.0332760281032987
5KPH_2_2_4_id14,2.302790641784668,0.781045138835907,94.66222222222224,0.81,2,2,94.94055555555556,0.6120202541351318,27.743456,66.47516,-152.3006591796875,1.8689102596706813
5KPH_2_2_4_id15,0.8161396384239197,0.9018622040748596,92.9125,0.76,2,2,94.94055555555556,0.6120202541351318,27.743456,66.47516,-151.25274658203125,1.9588481055365667
5KPH_2_2_4_id16,1.883382797241211,0.7212453484535217,93.77402777777776,0.79,2,2,94.94055555555556,0.6120202541351318,27.743456,66.47516,-152.07887268066406,1.89253913031684
5KPH_2_2_4_id17,1.9669106006622314,0.6824982166290283,94.45541666666666,0.81,2,2,94.94055555555556,0.6120202541351318,27.743456,66.47516,-151.7194366455078,1.9979466332329645
5KPH_2_2_4_id18,2.2823710441589355,0.8566720485687256,95.08805555555556,0.81,2,2,94.94055555555556,0.6120202541351318,27.743456,66.47516,-152.8466033935547,1.8829975128173828
5KPH_2_2_4_id19,2.2993013858795166,0.811491847038269,94.86402777777778,0.81,2,2,94.94055555555556,0.6120202541351318,27.743456,66.47516,-152.0969696044922,2.008149252997504
5KPH_2_2_4_id2,0.8934705257415771,0.6458204984664917,91.99833333333332,0.76,2,2,94.94055555555556,0.6120202541351318,27.743456,66.47516,-152.3336181640625,1.9304061465793183
5KPH_2_2_4_id20,2.2176525592803955,0.873631477355957,94.09138888888889,0.8,2,2,94.94055555555556,0.6120202541351318,27.743456,66.47516,-152.190185546875,2.010922114054362
5KPH_2_2_4_id21,2.0292255878448486,0.722202479839325,93.54430555555555,0.79,2,2,94.94055555555556,0.6120202541351318,27.743456,66.47516,-152.41928100585938,2.0464994642469616
5KPH_2_2_4_id22,1.2759613990783691,0.874483585357666,90.81402777777777,0.74,2,2,94.94055555555556,0.6120202541351318,27.743456,66.47516,-150.71995544433594,1.944699181450738
5KPH_2_2_4_id23,1.9959690570831299,0.6696063876152039,93.57361111111112,0.78,2,2,94.94055555555556,0.6120202541351318,27.743456,66.47516,-150.82540893554688,1.810686747233073
5KPH_2_2_4_id3,1.9047490358352661,0.7543690204620361,94.54958333333332,0.8,2,2,94.94055555555556,0.6120202541351318,27.743456,66.47516,-151.59417724609375,1.7564381493462458
5KPH_2_2_4_id4,0.8471457362174988,2.1016478538513184,95.42805555555556,0.82,2,2,94.94055555555556,0.6120202541351318,27.743456,66.47516,-150.73345947265625,2.023550033569336
5KPH_2_2_4_id5,2.178250551223755,0.8795300126075745,93.5026388888889,0.79,2,2,94.94055555555556,0.6120202541351318,27.743456,66.47516,-152.38352966308594,2.010508007473416
5KPH_2_2_4_id6,1.7832539081573486,0.739523708820343,93.76986111111113,0.79,2,2,94.94055555555556,0.6120202541351318,27.743456,66.47516,-150.85362243652344,2.110114203559028
5KPH_2_2_4_id7,0.8323333859443665,2.103867530822754,93.28319444444443,0.79,2,2,94.94055555555556,0.6120202541351318,27.743456,66.47516,-149.9765625,2.0693887074788413
5KPH_2_2_4_id8,0.7775958776473999,0.6446549296379089,92.95833333333331,0.77,2,2,94.94055555555556,0.6120202541351318,27.743456,66.47516,-151.08148193359375,1.8964074452718096
5KPH_2_2_4_id9,1.8465943336486816,0.688873827457428,94.21194444444444,0.8,2,2,94.94055555555556,0.6120202541351318,27.743456,66.47516,-152.0911407470703,1.782978057861328
5KPH_2_2_5_id0,0.7496246099472046,1.2721834182739258,94.9247222222222,0.81,2,2,95.79027777777776,0.6174848079681396,29.067644,66.2739,-150.21792602539062,2.4163775973849826
5KPH_2_2_5_id1,0.8973323106765747,1.2948276996612549,93.26625,0.79,2,2,95.79027777777776,0.6174848079681396,29.067644,66.2739,-150.75840759277344,2.131405724419488
5KPH_2_2_5_id10,0.6631053686141968,1.1348987817764282,91.72291666666666,0.75,2,2,95.79027777777776,0.6174848079681396,29.067644,66.2739,-151.31190490722656,2.04499265882704
5KPH_2_2_5_id11,0.7644991278648376,1.6610808372497559,90.77069444444446,0.74,2,2,95.79027777777776,0.6174848079681396,29.067644,66.2739,-151.714111328125,2.393885930379232
5KPH_2_2_5_id12,0.7688198089599609,1.0005956888198853,93.27055555555556,0.79,2,2,95.79027777777776,0.6174848079681396,29.067644,66.2739,-151.8926239013672,2.1173133850097656
5KPH_2_2_5_id13,1.0709989070892334,1.0364210605621338,90.05555555555556,0.73,2,2,95.79027777777776,0.6174848079681396,29.067644,66.2739,-151.05435180664062,2.0134268866644964
5KPH_2_2_5_id14,0.8094894886016846,1.8698947429656982,94.72180555555556,0.81,2,2,95.79027777777776,0.6174848079681396,29.067644,66.2739,-152.967529296875,2.3057161966959634
5KPH_2_2_5_id15,1.3621160984039307,0.75948566198349,93.65277777777776,0.77,2,2,95.79027777777776,0.6174848079681396,29.067644,66.2739,-152.7165069580078,2.2400394015842013
5KPH_2_2_5_id16,0.7908375263214111,1.0138800144195557,92.62416666666668,0.77,2,2,95.79027777777776,0.6174848079681396,29.067644,66.2739,-150.4056396484375,2.0600668589274087
5KPH_2_2_5_id17,0.9806362390518188,1.273673176765442,91.11125,0.74,2,2,95.79027777777776,0.6174848079681396,29.067644,66.2739,-152.00767517089844,2.05303700764974
5KPH_2_2_5_id18,0.8519396781921387,1.2120206356048584,92.6186111111111,0.77,2,2,95.79027777777776,0.6174848079681396,29.067644,66.2739,-151.25955200195312,2.373724195692274
5KPH_2_2_5_id19,0.7730795741081238,1.144370675086975,94.3438888888889,0.8,2,2,95.79027777777776,0.6174848079681396,29.067644,66.2739,-151.03277587890625,2.1360681321885853
5KPH_2_2_5_id2,0.694545567035675,1.666936993598938,95.33069444444445,0.82,2,2,95.79027777777776,0.6174848079681396,29.067644,66.2739,-153.016845703125,2.3135719299316406
5KPH_2_2_5_id20,1.6247150897979736,0.9559547901153564,93.35152777777778,0.79,2,2,95.79027777777776,0.6174848079681396,29.067644,66.2739,-152.75730895996094,2.104644351535373
5KPH_2_2_5_id21,0.797767162322998,1.1374953985214233,95.32111111111112,0.81,2,2,95.79027777777776,0.6174848079681396,29.067644,66.2739,-153.16213989257812,2.111430062188042
5KPH_2_2_5_id22,1.2308839559555054,1.0079807043075562,95.21833333333332,0.81,2,2,95.79027777777776,0.6174848079681396,29.067644,66.2739,-152.69668579101562,2.1078932020399304
5KPH_2_2_5_id23,0.5846815705299377,1.1096043586730957,92.86277777777778,0.78,2,2,95.79027777777776,0.6174848079681396,29.067644,66.2739,-150.10093688964844,2.2851659986707897
5KPH_2_2_5_id3,0.6715112328529358,1.7568570375442505,94.00847222222222,0.81,2,2,95.79027777777776,0.6174848079681396,29.067644,66.2739,-151.78390502929688,2.0651107364230685
5KPH_2_2_5_id4,0.6890279054641724,1.852060317993164,94.74513888888887,0.81,2,2,95.79027777777776,0.6174848079681396,29.067644,66.2739,-153.11495971679688,2.023717244466146
5KPH_2_2_5_id5,0.6925123929977417,0.9808602333068848,92.05111111111113,0.75,2,2,95.79027777777776,0.6174848079681396,29.067644,66.2739,-151.03213500976562,2.1672416263156467
5KPH_2_2_5_id7,1.9944865703582764,0.9914858937263489,93.20486111111111,0.78,2,2,95.79027777777776,0.6174848079681396,29.067644,66.2739,-151.11962890625,2.094773186577691
5KPH_2_2_5_id8,0.738365113735199,1.5625791549682617,93.13680555555555,0.78,2,2,95.79027777777776,0.6174848079681396,29.067644,66.2739,-150.0069122314453,2.5473524729410806
5KPH_2_2_5_id9,1.8219786882400513,1.1645442247390747,91.54944444444445,0.75,2,2,95.79027777777776,0.6174848079681396,29.067644,66.2739,-150.35003662109375,2.16250122918023
5KPH_2_2_6_id0,0.9443562030792236,2.3070151805877686,93.56375,0.8,2,2,94.94083333333332,0.7055841088294983,28.5148,65.0516,-150.77752685546875,2.1096922556559243
5KPH_2_2_6_id1,0.8303279280662537,2.4207425117492676,95.18847222222222,0.82,2,2,94.94083333333332,0.7055841088294983,28.5148,65.0516,-151.54383850097656,1.943221833970812
5KPH_2_2_6_id10,0.7432913184165955,1.6318098306655884,94.18986111111111,0.81,2,2,94.94083333333332,0.7055841088294983,28.5148,65.0516,-151.18203735351562,2.212104797363281
5KPH_2_2_6_id11,3.600583791732788,2.807650327682495,88.08375,0.68,2,2,94.94083333333332,0.7055841088294983,28.5148,65.0516,-151.40333557128906,1.938280953301324
5KPH_2_2_6_id12,1.9968841075897217,0.785873532295227,94.09125,0.8,2,2,94.94083333333332,0.7055841088294983,28.5148,65.0516,-149.76248168945312,1.959061516655816
5KPH_2_2_6_id13,0.9203565120697021,0.8677493333816528,90.44541666666667,0.74,2,2,94.94083333333332,0.7055841088294983,28.5148,65.0516,-150.58822631835938,2.0057996114095054
5KPH_2_2_6_id14,0.660549521446228,1.0373719930648804,95.65222222222222,0.82,2,2,94.94083333333332,0.7055841088294983,28.5148,65.0516,-151.15835571289062,2.14838621351454
5KPH_2_2_6_id15,0.9196122288703918,1.093024492263794,94.4036111111111,0.8,2,2,94.94083333333332,0.7055841088294983,28.5148,65.0516,-151.9371795654297,1.965089586046007
5KPH_2_2_6_id16,2.3221435546875,1.1535440683364868,91.01722222222222,0.75,2,2,94.94083333333332,0.7055841088294983,28.5148,65.0516,-150.12611389160156,1.9294312795003248
5KPH_2_2_6_id17,0.9699414372444153,1.1178938150405884,92.14722222222224,0.74,2,2,94.94083333333332,0.7055841088294983,28.5148,65.0516,-149.76307678222656,1.928310182359484
5KPH_2_2_6_id18,0.8678186535835266,2.27197003364563,94.23319444444444,0.81,2,2,94.94083333333332,0.7055841088294983,28.5148,65.0516,-151.16043090820312,2.140611012776693
5KPH_2_2_6_id19,1.7891308069229126,0.7799441814422607,95.2025,0.81,2,2,94.94083333333332,0.7055841088294983,28.5148,65.0516,-150.80630493164062,1.9686205122205944
5KPH_2_2_6_id2,2.067420721054077,1.003226637840271,90.59527777777778,0.74,2,2,94.94083333333332,0.7055841088294983,28.5148,65.0516,-151.3470458984375,2.03829108344184
5KPH_2_2_6_id20,0.797353982925415,1.2479764223098755,93.50277777777778,0.79,2,2,94.94083333333332,0.7055841088294983,28.5148,65.0516,-152.16514587402344,1.957654317220052
5KPH_2_2_6_id21,0.7955809831619263,2.479400634765625,94.84472222222222,0.81,2,2,94.94083333333332,0.7055841088294983,28.5148,65.0516,-150.04884338378906,2.229770024617513
5KPH_2_2_6_id22,0.8142120838165283,2.1248297691345215,94.29430555555555,0.8,2,2,94.94083333333332,0.7055841088294983,28.5148,65.0516,-148.71641540527344,1.895398457845052
5KPH_2_2_6_id23,0.9102795124053955,2.4772210121154785,95.3313888888889,0.82,2,2,94.94083333333332,0.7055841088294983,28.5148,65.0516,-151.32174682617188,2.084186553955078
5KPH_2_2_6_id3,0.7957958579063416,1.703245997428894,94.22819444444444,0.81,2,2,94.94083333333332,0.7055841088294983,28.5148,65.0516,-149.4159393310547,2.1534322102864585
5KPH_2_2_6_id4,0.8283201456069946,2.378290891647339,95.76527777777778,0.83,2,2,94.94083333333332,0.7055841088294983,28.5148,65.0516,-150.0819091796875,2.197945064968533
5KPH_2_2_6_id5,0.9670081734657288,1.470793604850769,93.0001388888889,0.77,2,2,94.94083333333332,0.7055841088294983,28.5148,65.0516,-151.27069091796875,2.0806706746419272
5KPH_2_2_6_id6,0.9255638718605042,2.2463085651397705,93.94513888888888,0.81,2,2,94.94083333333332,0.7055841088294983,28.5148,65.0516,-151.92701721191406,2.1154730055067272
5KPH_2_2_6_id7,0.889599084854126,2.4170022010803223,94.7675,0.81,2,2,94.94083333333332,0.7055841088294983,28.5148,65.0516,-151.2858123779297,2.133185068766276
5KPH_2_2_6_id8,0.8856903910636902,2.2991840839385986,93.79291666666668,0.78,2,2,94.94083333333332,0.7055841088294983,28.5148,65.0516,-151.01654052734375,1.91658698187934
5KPH_2_2_6_id9,1.8309849500656128,0.7711262702941895,95.19319444444444,0.82,2,2,94.94083333333332,0.7055841088294983,28.5148,65.0516,-149.91049194335938,1.8833859761555989
5KPH_2_2_7_id0,0.8455173373222351,2.3386898040771484,95.79388888888889,0.83,2,2,95.26416666666668,0.5629390478134155,26.249056,63.93125,-152.25332641601562,2.0089166429307728
5KPH_2_2_7_id1,2.174318313598633,0.6784581542015076,94.8801388888889,0.8,2,2,95.26416666666668,0.5629390478134155,26.249056,63.93125,-153.25233459472656,1.7721608479817708
5KPH_2_2_7_id10,0.784947395324707,0.6527316570281982,90.94902777777776,0.74,2,2,95.26416666666668,0.5629390478134155,26.249056,63.93125,-153.89138793945312,1.873143090142144
5KPH_2_2_7_id11,2.190075397491455,0.6922009587287903,90.90694444444443,0.75,2,2,95.26416666666668,0.5629390478134155,26.249056,63.93125,-153.15213012695312,1.9196145799424915
5KPH_2_2_7_id12,1.7129735946655273,0.6781595349311829,91.78777777777778,0.76,2,2,95.26416666666668,0.5629390478134155,26.249056,63.93125,-151.8824005126953,1.8391802046034071
5KPH_2_2_7_id13,0.7494984269142151,0.7985664010047913,91.39791666666666,0.75,2,2,95.26416666666668,0.5629390478134155,26.249056,63.93125,-152.5264434814453,1.7646047804090712
5KPH_2_2_7_id14,1.6579370498657227,0.7085889577865601,94.73347222222225,0.8,2,2,95.26416666666668,0.5629390478134155,26.249056,63.93125,-152.52105712890625,1.870683034261068
5KPH_2_2_7_id15,0.793086051940918,1.4401800632476807,93.71555555555555,0.78,2,2,95.26416666666668,0.5629390478134155,26.249056,63.93125,-151.05697631835938,1.928974151611328
5KPH_2_2_7_id16,1.5281776189804077,0.6739173531532288,91.33208333333332,0.74,2,2,95.26416666666668,0.5629390478134155,26.249056,63.93125,-150.53358459472656,1.8164407942030163
5KPH_2_2_7_id17,0.8681696057319641,0.8239874243736267,95.02180555555556,0.82,2,2,95.26416666666668,0.5629390478134155,26.249056,63.93125,-150.2037353515625,1.8416213989257808
5KPH_2_2_7_id18,0.91276615858078,0.6216627359390259,92.70902777777778,0.77,2,2,95.26416666666668,0.5629390478134155,26.249056,63.93125,-151.59046936035156,1.8787398868136933
5KPH_2_2_7_id19,0.820900022983551,1.8543485403060913,95.06708333333331,0.82,2,2,95.26416666666668,0.5629390478134155,26.249056,63.93125,-150.8753204345703,1.920580546061198
5KPH_2_2_7_id2,0.9641887545585632,0.7313860058784485,95.17597222222224,0.81,2,2,95.26416666666668,0.5629390478134155,26.249056,63.93125,-150.6795654296875,1.8171431223551435
5KPH_2_2_7_id20,0.697502613067627,1.9859380722045898,96.08611111111112,0.83,2,2,95.26416666666668,0.5629390478134155,26.249056,63.93125,-153.37306213378906,2.038649876912435
5KPH_2_2_7_id21,0.8159623146057129,1.397834300994873,91.37666666666664,0.74,2,2,95.26416666666668,0.5629390478134155,26.249056,63.93125,-151.3369140625,1.9313382042778864
5KPH_2_2_7_id22,1.003753423690796,2.4129090309143066,94.9775,0.81,2,2,95.26416666666668,0.5629390478134155,26.249056,63.93125,-153.77317810058594,1.8711891174316408
5KPH_2_2_7_id23,1.9830387830734253,0.8324499726295471,91.58527777777778,0.75,2,2,95.26416666666668,0.5629390478134155,26.249056,63.93125,-151.57102966308594,1.922788831922743
5KPH_2_2_7_id3,0.9452519416809082,1.3908182382583618,94.05888888888887,0.79,2,2,95.26416666666668,0.5629390478134155,26.249056,63.93125,-152.3522186279297,1.8471018473307288
5KPH_2_2_7_id4,1.0012930631637573,0.6855944395065308,93.2461111111111,0.79,2,2,95.26416666666668,0.5629390478134155,26.249056,63.93125,-152.76744079589844,1.8439593844943576
5KPH_2_2_7_id5,1.7703354358673096,0.6001237630844116,92.32083333333334,0.77,2,2,95.26416666666668,0.5629390478134155,26.249056,63.93125,-153.31881713867188,1.9544588724772136
5KPH_2_2_7_id6,0.8947802186012268,2.1168482303619385,93.43555555555557,0.78,2,2,95.26416666666668,0.5629390478134155,26.249056,63.93125,-151.97393798828125,1.823454115125868
5KPH_2_2_7_id7,0.8662257790565491,1.1421176195144653,93.83361111111113,0.79,2,2,95.26416666666668,0.5629390478134155,26.249056,63.93125,-152.99191284179688,1.8768560621473525
5KPH_2_2_7_id8,0.8333249688148499,0.888283908367157,94.09347222222222,0.79,2,2,95.26416666666668,0.5629390478134155,26.249056,63.93125,-151.0535888671875,1.7952660454644098
5KPH_2_2_7_id9,2.2459726333618164,0.6463133096694946,94.72472222222224,0.8,2,2,95.26416666666668,0.5629390478134155,26.249056,63.93125,-152.00921630859375,1.93490473429362
5KPH_2_2_8_id0,0.6717157363891602,0.7204941511154175,92.33125,0.78,2,2,94.51486111111112,0.6734621524810791,28.248516,64.75931,-153.71902465820312,2.0707605150010853
5KPH_2_2_8_id1,0.8863616585731506,0.6669705510139465,94.2590277777778,0.8,2,2,94.51486111111112,0.6734621524810791,28.248516,64.75931,-150.4265594482422,2.0772467719184027
5KPH_2_2_8_id10,0.7380679249763489,1.420858383178711,92.31277777777778,0.76,2,2,94.51486111111112,0.6734621524810791,28.248516,64.75931,-149.47195434570312,2.3489782545301647
5KPH_2_2_8_id11,0.9226678013801575,2.065052032470703,93.1575,0.78,2,2,94.51486111111112,0.6734621524810791,28.248516,64.75931,-150.88319396972656,2.1958796183268228
5KPH_2_2_8_id12,0.738278329372406,1.021925926208496,93.19125,0.79,2,2,94.51486111111112,0.6734621524810791,28.248516,64.75931,-153.30368041992188,2.125509050157336
5KPH_2_2_8_id13,0.7633039355278015,2.309847116470337,95.33625,0.82,2,2,94.51486111111112,0.6734621524810791,28.248516,64.75931,-153.69276428222656,2.2107840643988714
5KPH_2_2_8_id14,1.4204896688461304,0.7671661972999573,91.79083333333332,0.77,2,2,94.51486111111112,0.6734621524810791,28.248516,64.75931,-153.18345642089844,2.163706461588541
5KPH_2_2_8_id15,1.3363423347473145,0.7917953133583069,92.80527777777776,0.78,2,2,94.51486111111112,0.6734621524810791,28.248516,64.75931,-149.68246459960938,2.229601330227322
5KPH_2_2_8_id16,0.7978547215461731,2.1307711601257324,93.935,0.8,2,2,94.51486111111112,0.6734621524810791,28.248516,64.75931,-150.3864288330078,2.1078823937310114
5KPH_2_2_8_id17,0.7133030295372009,0.9250817894935608,95.31402777777778,0.82,2,2,94.51486111111112,0.6734621524810791,28.248516,64.75931,-153.2425079345703,2.250623491075304
5KPH_2_2_8_id18,0.6533229351043701,1.4057103395462036,92.59652777777778,0.78,2,2,94.51486111111112,0.6734621524810791,28.248516,64.75931,-152.1697998046875,2.142509036593967
5KPH_2_2_8_id19,1.989961862564087,0.8920190930366516,92.32555555555555,0.78,2,2,94.51486111111112,0.6734621524810791,28.248516,64.75931,-153.4553985595703,2.1850492689344616
5KPH_2_2_8_id2,2.0615394115448,0.6642953753471375,93.25875,0.78,2,2,94.51486111111112,0.6734621524810791,28.248516,64.75931,-154.9974365234375,2.0925916035970054
5KPH_2_2_8_id20,0.9130933880805969,2.3926637172698975,95.30819444444444,0.81,2,2,94.51486111111112,0.6734621524810791,28.248516,64.75931,-150.5545654296875,2.3041116926405163
5KPH_2_2_8_id21,0.8707671165466309,2.2825591564178467,95.46069444444444,0.82,2,2,94.51486111111112,0.6734621524810791,28.248516,64.75931,-153.0220947265625,2.2270164489746094
5KPH_2_2_8_id22,0.754099428653717,0.914618968963623,92.37138888888887,0.75,2,2,94.51486111111112,0.6734621524810791,28.248516,64.75931,-154.54119873046875,2.0131763882107205
5KPH_2_2_8_id23,2.0525028705596924,0.7991488575935364,94.94625000000002,0.81,2,2,94.51486111111112,0.6734621524810791,28.248516,64.75931,-151.40750122070312,2.2434925503200955
5KPH_2_2_8_id3,0.6322457194328308,1.4849885702133179,94.38916666666668,0.8,2,2,94.51486111111112,0.6734621524810791,28.248516,64.75931,-154.44261169433594,2.126720004611545
5KPH_2_2_8_id4,0.73415607213974,1.8919602632522583,94.62458333333332,0.81,2,2,94.51486111111112,0.6734621524810791,28.248516,64.75931,-151.721923828125,2.0587344699435763
5KPH_2_2_8_id5,0.7841295003890991,0.8920634984970093,93.7713888888889,0.79,2,2,94.51486111111112,0.6734621524810791,28.248516,64.75931,-153.15420532226562,2.2099210951063366
5KPH_2_2_8_id6,0.660118579864502,2.0743234157562256,94.48861111111113,0.81,2,2,94.51486111111112,0.6734621524810791,28.248516,64.75931,-154.29739379882812,2.1492027706570096
5KPH_2_2_8_id7,1.6744296550750732,0.7177726626396179,94.74763888888889,0.79,2,2,94.51486111111112,0.6734621524810791,28.248516,64.75931,-149.8948516845703,2.342920091417101
5KPH_2_2_8_id8,1.9961588382720947,1.2372974157333374,90.5163888888889,0.76,2,2,94.51486111111112,0.6734621524810791,28.248516,64.75931,-152.48464965820312,2.103812747531467
5KPH_2_2_8_id9,2.2416341304779053,1.0895047187805176,91.87722222222222,0.77,2,2,94.51486111111112,0.6734621524810791,28.248516,64.75931,-153.01974487304688,2.0520303514268665
5KPH_2_2_9_id0,0.8717406392097473,0.8025968670845032,92.44166666666666,0.76,2,2,95.96875,0.7722070813179016,27.945183,67.43445,-151.79244995117188,1.7780723571777344
5KPH_2_2_9_id1,0.7870645523071289,1.5215089321136475,92.11541666666668,0.77,2,2,95.96875,0.7722070813179016,27.945183,67.43445,-151.46493530273438,1.919451395670573
5KPH_2_2_9_id10,2.0015475749969482,0.7933579683303833,95.39930555555556,0.81,2,2,95.96875,0.7722070813179016,27.945183,67.43445,-150.94677734375,1.870394812689887
5KPH_2_2_9_id11,0.8275495767593384,2.480560302734375,96.21875,0.83,2,2,95.96875,0.7722070813179016,27.945183,67.43445,-149.4822998046875,2.0979908837212458
5KPH_2_2_9_id12,1.3173785209655762,0.6664248108863831,91.85791666666664,0.75,2,2,95.96875,0.7722070813179016,27.945183,67.43445,-150.98617553710938,1.9544186062282989
5KPH_2_2_9_id13,2.2478315830230713,0.8372400999069214,94.3015277777778,0.8,2,2,95.96875,0.7722070813179016,27.945183,67.43445,-150.66795349121094,1.9955804612901475
5KPH_2_2_9_id14,2.287248373031616,0.7628515958786011,92.04458333333332,0.77,2,2,95.96875,0.7722070813179016,27.945183,67.43445,-151.18927001953125,1.9673745897081163
5KPH_2_2_9_id15,1.5803797245025635,0.8232892751693726,90.91222222222224,0.74,2,2,95.96875,0.7722070813179016,27.945183,67.43445,-150.94847106933594,1.9417654673258464
5KPH_2_2_9_id16,0.7550996541976929,1.1230965852737427,96.15180555555555,0.82,2,2,95.96875,0.7722070813179016,27.945183,67.43445,-152.98501586914062,2.041375478108724
5KPH_2_2_9_id17,0.7234042882919312,1.9168670177459717,94.08791666666669,0.8,2,2,95.96875,0.7722070813179016,27.945183,67.43445,-151.7798614501953,2.10611809624566
5KPH_2_2_9_id18,2.0570459365844727,0.6891906261444092,94.67277777777775,0.81,2,2,95.96875,0.7722070813179016,27.945183,67.43445,-152.11676025390625,1.9647541046142576
5KPH_2_2_9_id19,1.9714851379394531,0.9925083518028259,91.88291666666666,0.77,2,2,95.96875,0.7722070813179016,27.945183,67.43445,-149.00479125976562,1.9167262183295355
5KPH_2_2_9_id2,0.8034274578094482,1.8824423551559448,93.42333333333332,0.79,2,2,95.96875,0.7722070813179016,27.945183,67.43445,-151.8488311767578,2.0312317742241754
5KPH_2_2_9_id20,2.1792330741882324,0.7836074829101562,93.85125,0.8,2,2,95.96875,0.7722070813179016,27.945183,67.43445,-152.52357482910156,2.026215023464627
5KPH_2_2_9_id21,1.8649659156799316,0.7051593661308289,95.48694444444445,0.82,2,2,95.96875,0.7722070813179016,27.945183,67.43445,-149.59915161132812,1.9488071865505645
5KPH_2_2_9_id22,0.7988128066062927,2.2600057125091553,95.92361111111111,0.83,2,2,95.96875,0.7722070813179016,27.945183,67.43445,-150.1866912841797,2.304755952623156
5KPH_2_2_9_id23,1.0175585746765137,0.6838839054107666,91.39930555555556,0.75,2,2,95.96875,0.7722070813179016,27.945183,67.43445,-151.11618041992188,1.935645209418403
5KPH_2_2_9_id3,0.9190521240234375,0.6564474701881409,94.30458333333334,0.8,2,2,95.96875,0.7722070813179016,27.945183,67.43445,-148.95321655273438,1.9973988003200955
5KPH_2_2_9_id4,0.9467892050743103,1.2656545639038086,94.0877777777778,0.79,2,2,95.96875,0.7722070813179016,27.945183,67.43445,-152.88275146484375,1.9575174119737413
5KPH_2_2_9_id5,0.7924461960792542,1.92803156375885,93.78763888888888,0.8,2,2,95.96875,0.7722070813179016,27.945183,67.43445,-150.128662109375,2.2239805857340493
5KPH_2_2_9_id6,0.9490754008293152,0.9580304026603699,94.59722222222224,0.8,2,2,95.96875,0.7722070813179016,27.945183,67.43445,-153.15133666992188,1.9680813683403864
5KPH_2_2_9_id7,0.8587736487388611,1.9798685312271118,94.42333333333336,0.81,2,2,95.96875,0.7722070813179016,27.945183,67.43445,-152.5527801513672,2.030706617567274
5KPH_2_2_9_id8,2.177884817123413,0.7580142021179199,94.41180555555556,0.8,2,2,95.96875,0.7722070813179016,27.945183,67.43445,-152.3004913330078,2.054937574598524
5KPH_2_2_9_id9,0.8407242894172668,2.208956241607666,95.36708333333334,0.82,2,2,95.96875,0.7722070813179016,27.945183,67.43445,-149.00674438476562,2.269444783528646
5KPH_2_4_0_id0,0.821487545967102,1.278918743133545,93.87416666666668,0.79,2,4,96.07763888888888,0.5670257210731506,27.265602,66.684906,-150.0021514892578,1.8035854763454864
5KPH_2_4_0_id1,0.8263721466064453,2.383805274963379,95.51958333333332,0.82,2,4,96.07763888888888,0.5670257210731506,27.265602,66.684906,-153.14605712890625,2.045600467258029
5KPH_2_4_0_id10,0.906231701374054,0.7144027948379517,92.9925,0.78,2,4,96.07763888888888,0.5670257210731506,27.265602,66.684906,-151.93875122070312,1.905302259657118
5KPH_2_4_0_id11,0.7320676445960999,1.3305754661560059,94.31972222222224,0.8,2,4,96.07763888888888,0.5670257210731506,27.265602,66.684906,-151.69598388671875,2.029884762234158
5KPH_2_4_0_id12,0.9114465117454529,2.388113260269165,94.69680555555556,0.81,2,4,96.07763888888888,0.5670257210731506,27.265602,66.684906,-153.31565856933594,2.1189202202690973
5KPH_2_4_0_id13,0.6668018102645874,2.1877150535583496,95.0626388888889,0.82,2,4,96.07763888888888,0.5670257210731506,27.265602,66.684906,-150.77871704101562,2.1519735124376087
5KPH_2_4_0_id14,0.7401255965232849,2.231760263442993,95.39708333333334,0.82,2,4,96.07763888888888,0.5670257210731506,27.265602,66.684906,-150.83673095703125,1.9103677537706163
5KPH_2_4_0_id15,0.7747906446456909,1.9800342321395874,95.27777777777776,0.82,2,4,96.07763888888888,0.5670257210731506,27.265602,66.684906,-150.91976928710938,2.2182337443033853
5KPH_2_4_0_id16,0.7194615006446838,0.9799125790596008,93.01805555555556,0.78,2,4,96.07763888888888,0.5670257210731506,27.265602,66.684906,-152.90509033203125,1.8607968224419489
5KPH_2_4_0_id17,0.6918225884437561,0.877083957195282,92.07027777777778,0.75,2,4,96.07763888888888,0.5670257210731506,27.265602,66.684906,-151.01478576660156,1.899466832478841
5KPH_2_4_0_id18,1.8544381856918335,0.7193843722343445,91.60902777777775,0.76,2,4,96.07763888888888,0.5670257210731506,27.265602,66.684906,-153.080810546875,1.9018783569335933
5KPH_2_4_0_id19,2.08925461769104,0.8055210709571838,95.73944444444444,0.82,2,4,96.07763888888888,0.5670257210731506,27.265602,66.684906,-150.33956909179688,1.961566925048828
5KPH_2_4_0_id2,1.9319331645965576,0.6801069974899292,94.51305555555555,0.79,2,4,96.07763888888888,0.5670257210731506,27.265602,66.684906,-150.65757751464844,2.061327404446072
5KPH_2_4_0_id20,1.8734005689620972,0.7371373772621155,94.54888888888888,0.8,2,4,96.07763888888888,0.5670257210731506,27.265602,66.684906,-148.58090209960938,1.8863673739963107
5KPH_2_4_0_id21,0.7811834812164307,0.8897314667701721,93.31694444444445,0.78,2,4,96.07763888888888,0.5670257210731506,27.265602,66.684906,-150.60365295410156,2.0684411790635853
5KPH_2_4_0_id22,2.0584802627563477,0.8113324046134949,94.70930555555556,0.8,2,4,96.07763888888888,0.5670257210731506,27.265602,66.684906,-152.1377410888672,2.0266041225857205
5KPH_2_4_0_id23,0.871461808681488,0.7847518920898438,92.95291666666668,0.76,2,4,96.07763888888888,0.5670257210731506,27.265602,66.684906,-152.38101196289062,2.0434595743815103
5KPH_2_4_0_id3,1.6992123126983643,0.8697930574417114,91.44680555555556,0.77,2,4,96.07763888888888,0.5670257210731506,27.265602,66.684906,-151.7915496826172,2.0740473005506725
5KPH_2_4_0_id4,0.8591810464859009,2.1253232955932617,93.21,0.8,2,4,96.07763888888888,0.5670257210731506,27.265602,66.684906,-152.7889404296875,2.1645365820990667
5KPH_2_4_0_id5,0.9601935744285583,2.5071396827697754,93.47430555555556,0.78,2,4,96.07763888888888,0.5670257210731506,27.265602,66.684906,-153.38851928710938,1.9053743150499127
5KPH_2_4_0_id6,0.8893536925315857,1.9621309041976929,94.60458333333332,0.81,2,4,96.07763888888888,0.5670257210731506,27.265602,66.684906,-155.26519775390625,2.0556428697374134
5KPH_2_4_0_id7,1.0507283210754395,0.8114002346992493,91.42777777777778,0.75,2,4,96.07763888888888,0.5670257210731506,27.265602,66.684906,-150.90188598632812,1.9180702633327908
5KPH_2_4_0_id8,0.8055536150932312,2.1878809928894043,95.10388888888887,0.81,2,4,96.07763888888888,0.5670257210731506,27.265602,66.684906,-152.14662170410156,1.89041625128852
5KPH_2_4_0_id9,0.7793717980384827,0.8711792230606079,94.14972222222222,0.8,2,4,96.07763888888888,0.5670257210731506,27.265602,66.684906,-152.1678924560547,2.032167222764757
5KPH_2_4_1_id0,0.6585785746574402,2.298417568206787,95.68375,0.82,2,4,95.87930555555556,0.5887185335159302,28.415594,65.35456,-150.10903930664062,2.3294665018717446
5KPH_2_4_1_id1,0.7293816208839417,0.5518531799316406,94.8775,0.81,2,4,95.87930555555556,0.5887185335159302,28.415594,65.35456,-145.9764404296875,2.312228308783637
5KPH_2_4_1_id10,0.9107849597930908,2.4592432975769043,95.1952777777778,0.81,2,4,95.87930555555556,0.5887185335159302,28.415594,65.35456,-146.419189453125,2.2961995866563587
5KPH_2_4_1_id11,1.815726637840271,0.81118243932724,91.48194444444444,0.75,2,4,95.87930555555556,0.5887185335159302,28.415594,65.35456,-149.55145263671875,1.8369062211778429
5KPH_2_4_1_id12,1.5912615060806274,0.616521954536438,93.79736111111112,0.8,2,4,95.87930555555556,0.5887185335159302,28.415594,65.35456,-149.43017578125,1.8968302408854167
5KPH_2_4_1_id13,0.6408040523529053,1.975723385810852,94.21402777777776,0.8,2,4,95.87930555555556,0.5887185335159302,28.415594,65.35456,-151.32818603515625,2.1144977145724826
5KPH_2_4_1_id14,0.6667296290397644,1.515419840812683,91.28208333333332,0.75,2,4,95.87930555555556,0.5887185335159302,28.415594,65.35456,-149.22621154785156,2.0570992363823786
5KPH_2_4_1_id15,0.7916359305381775,0.814837634563446,93.71527777777776,0.78,2,4,95.87930555555556,0.5887185335159302,28.415594,65.35456,-149.09780883789062,2.1173731486002603
5KPH_2_4_1_id16,0.77025306224823,1.027784824371338,92.82097222222222,0.78,2,4,95.87930555555556,0.5887185335159302,28.415594,65.35456,-148.1337127685547,2.1766891479492188
5KPH_2_4_1_id17,0.5691222548484802,2.0223844051361084,93.19805555555556,0.78,2,4,95.87930555555556,0.5887185335159302,28.415594,65.35456,-151.6795196533203,2.076594246758355
5KPH_2_4_1_id18,0.8088144659996033,0.7392441034317017,91.67444444444445,0.75,2,4,95.87930555555556,0.5887185335159302,28.415594,65.35456,-149.50587463378906,1.8218917846679688
5KPH_2_4_1_id19,0.7002595663070679,1.0105433464050293,94.54513888888889,0.8,2,4,95.87930555555556,0.5887185335159302,28.415594,65.35456,-150.70314025878906,2.168768141004774
5KPH_2_4_1_id2,0.7180801033973694,0.8040914535522461,92.35527777777776,0.74,2,4,95.87930555555556,0.5887185335159302,28.415594,65.35456,-149.42282104492188,2.089840359157986
5KPH_2_4_1_id20,0.6285240054130554,2.0885629653930664,95.05125,0.82,2,4,95.87930555555556,0.5887185335159302,28.415594,65.35456,-148.6475067138672,2.1894397735595703
5KPH_2_4_1_id21,0.7368239760398865,0.7729743719100952,94.765,0.8,2,4,95.87930555555556,0.5887185335159302,28.415594,65.35456,-150.81536865234375,1.910795211791992
5KPH_2_4_1_id22,0.9782578945159912,0.9922563433647156,92.61652777777778,0.78,2,4,95.87930555555556,0.5887185335159302,28.415594,65.35456,-151.20358276367188,1.737953397962782
5KPH_2_4_1_id23,0.637997567653656,2.153728485107422,94.47666666666666,0.81,2,4,95.87930555555556,0.5887185335159302,28.415594,65.35456,-149.89012145996094,2.165540483262804
5KPH_2_4_1_id3,1.2771711349487305,0.6627255082130432,94.02958333333332,0.79,2,4,95.87930555555556,0.5887185335159302,28.415594,65.35456,-150.48849487304688,1.814485337999132
5KPH_2_4_1_id4,0.4095858335494995,1.9798587560653687,95.72472222222224,0.82,2,4,95.87930555555556,0.5887185335159302,28.415594,65.35456,-150.67169189453125,2.09578620062934
5KPH_2_4_1_id5,0.7315654158592224,0.7561851739883423,90.68013888888888,0.71,2,4,95.87930555555556,0.5887185335159302,28.415594,65.35456,-149.51651000976562,1.841084374321832
5KPH_2_4_1_id6,0.4738469421863556,1.9107692241668701,95.1776388888889,0.82,2,4,95.87930555555556,0.5887185335159302,28.415594,65.35456,-149.03778076171875,2.129595650566949
5KPH_2_4_1_id7,0.5740983486175537,2.0032453536987305,95.2451388888889,0.82,2,4,95.87930555555556,0.5887185335159302,28.415594,65.35456,-150.48641967773438,2.1820415920681424
5KPH_2_4_1_id8,1.9943312406539917,0.5929926633834839,94.56361111111111,0.81,2,4,95.87930555555556,0.5887185335159302,28.415594,65.35456,-149.5706329345703,1.7413819630940754
5KPH_2_4_1_id9,2.1658122539520264,0.9384251832962036,91.50152777777777,0.75,2,4,95.87930555555556,0.5887185335159302,28.415594,65.35456,-147.32676696777344,2.2136132982042103
5KPH_2_4_2_id0,1.5848257541656494,0.9469649195671082,91.30208333333331,0.75,2,4,92.7372222222222,0.568327009677887,28.157482,65.90799,-151.58441162109375,2.2273038228352866
5KPH_2_4_2_id1,0.6627793312072754,0.869525671005249,92.74069444444444,0.79,2,4,92.7372222222222,0.568327009677887,28.157482,65.90799,-152.4163818359375,2.2608761257595487
5KPH_2_4_2_id10,1.8987070322036743,0.837806761264801,90.95486111111111,0.75,2,4,92.7372222222222,0.568327009677887,28.157482,65.90799,-152.5472412109375,2.212659623887804
5KPH_2_4_2_id11,0.9408829212188721,2.6430985927581787,96.63597222222224,0.83,2,4,92.7372222222222,0.568327009677887,28.157482,65.90799,-152.54029846191406,2.1665992736816406
5KPH_2_4_2_id12,0.7766516804695129,2.3923401832580566,95.39444444444445,0.82,2,4,92.7372222222222,0.568327009677887,28.157482,65.90799,-152.72509765625,2.099732716878256
5KPH_2_4_2_id13,0.7410416603088379,1.066206693649292,94.40777777777777,0.78,2,4,92.7372222222222,0.568327009677887,28.157482,65.90799,-153.3017120361328,2.2316201527913413
5KPH_2_4_2_id14,0.7219619154930115,2.250210762023926,94.27847222222222,0.81,2,4,92.7372222222222,0.568327009677887,28.157482,65.90799,-151.84951782226562,2.1609488593207464
5KPH_2_4_2_id15,0.7087576985359192,2.2356507778167725,96.05055555555556,0.83,2,4,92.7372222222222,0.568327009677887,28.157482,65.90799,-152.79769897460938,2.1399788326687283
5KPH_2_4_2_id16,2.3668670654296875,1.0004812479019165,93.96569444444444,0.8,2,4,92.7372222222222,0.568327009677887,28.157482,65.90799,-151.43392944335938,2.22483147515191
5KPH_2_4_2_id17,0.7415573596954346,0.8676113486289978,93.51263888888889,0.78,2,4,92.7372222222222,0.568327009677887,28.157482,65.90799,-149.49330139160156,2.2921746571858725
5KPH_2_4_2_id18,0.7069432735443115,2.321697235107422,94.35472222222224,0.81,2,4,92.7372222222222,0.568327009677887,28.157482,65.90799,-151.86026000976562,2.256232367621528
5KPH_2_4_2_id19,1.8496160507202148,0.8596180081367493,94.1286111111111,0.8,2,4,92.7372222222222,0.568327009677887,28.157482,65.90799,-153.355224609375,2.2186063130696616
5KPH_2_4_2_id2,0.7180307507514954,0.8505724668502808,93.83694444444444,0.81,2,4,92.7372222222222,0.568327009677887,28.157482,65.90799,-151.25550842285156,2.1085313161214194
5KPH_2_4_2_id20,2.385371685028076,1.064168930053711,93.52652777777776,0.79,2,4,92.7372222222222,0.568327009677887,28.157482,65.90799,-151.11965942382812,2.1649873521592884
5KPH_2_4_2_id21,1.3577088117599487,0.8228179812431335,92.40041666666669,0.77,2,4,92.7372222222222,0.568327009677887,28.157482,65.90799,-151.34564208984375,2.152015686035156
5KPH_2_4_2_id22,0.8376778960227966,2.2532060146331787,94.43791666666668,0.81,2,4,92.7372222222222,0.568327009677887,28.157482,65.90799,-153.06137084960938,2.1438785129123263
5KPH_2_4_2_id23,0.7575154304504395,2.3890745639801025,96.15430555555557,0.83,2,4,92.7372222222222,0.568327009677887,28.157482,65.90799,-152.4798583984375,2.0703177981906467
5KPH_2_4_2_id3,0.8604803681373596,2.4713547229766846,95.80819444444444,0.83,2,4,92.7372222222222,0.568327009677887,28.157482,65.90799,-153.4001922607422,2.308987299601237
5KPH_2_4_2_id4,0.6688874363899231,1.6157811880111694,94.14277777777778,0.79,2,4,92.7372222222222,0.568327009677887,28.157482,65.90799,-150.59445190429688,2.247197045220269
5KPH_2_4_2_id5,0.6228621006011963,2.09782075881958,95.39430555555556,0.82,2,4,92.7372222222222,0.568327009677887,28.157482,65.90799,-152.5428924560547,2.1802586449517145
5KPH_2_4_2_id6,0.6886529326438904,2.0688726902008057,95.1222222222222,0.8,2,4,92.7372222222222,0.568327009677887,28.157482,65.90799,-150.5478973388672,2.2594697740342884
5KPH_2_4_2_id7,1.6541677713394165,0.8751480579376221,94.33819444444444,0.8,2,4,92.7372222222222,0.568327009677887,28.157482,65.90799,-149.94337463378906,2.047679053412544
5KPH_2_4_2_id8,0.7821445465087891,2.4772937297821045,96.02458333333333,0.82,2,4,92.7372222222222,0.568327009677887,28.157482,65.90799,-153.1178741455078,2.2932116190592446
5KPH_2_4_2_id9,2.020435333251953,0.8758852481842041,95.00055555555556,0.81,2,4,92.7372222222222,0.568327009677887,28.157482,65.90799,-152.58802795410156,2.159772449069553
5KPH_2_4_3_id0,0.9655169248580933,0.8561807870864868,92.99055555555556,0.77,2,4,96.31486111111111,0.5485759973526001,28.27088,65.17421,-153.32162475585938,2.0270317925347223
5KPH_2_4_3_id1,0.6964550018310547,1.8238377571105957,95.45791666666668,0.82,2,4,96.31486111111111,0.5485759973526001,28.27088,65.17421,-153.80828857421875,1.9154930114746087
5KPH_2_4_3_id10,0.7306637167930603,1.0753185749053955,93.89541666666666,0.78,2,4,96.31486111111111,0.5485759973526001,28.27088,65.17421,-153.864990234375,1.9202242957221136
5KPH_2_4_3_id11,1.5348490476608276,0.6645614504814148,94.12041666666669,0.79,2,4,96.31486111111111,0.5485759973526001,28.27088,65.17421,-152.34902954101562,2.0195034874810114
5KPH_2_4_3_id12,0.9215388298034668,0.9455747604370117,91.08222222222224,0.74,2,4,96.31486111111111,0.5485759973526001,28.27088,65.17421,-150.50547790527344,2.2126371595594616
5KPH_2_4_3_id13,1.4701462984085083,0.9142284989356995,92.30652777777776,0.76,2,4,96.31486111111111,0.5485759973526001,28.27088,65.17421,-155.01943969726562,1.890430026584201
5KPH_2_4_3_id14,1.53619384765625,1.0486348867416382,91.49361111111112,0.75,2,4,96.31486111111111,0.5485759973526001,28.27088,65.17421,-153.7469482421875,1.917071024576823
5KPH_2_4_3_id16,1.3302515745162964,0.8981554508209229,93.0275,0.76,2,4,96.31486111111111,0.5485759973526001,28.27088,65.17421,-153.93194580078125,1.954535166422526
5KPH_2_4_3_id17,0.7470372915267944,1.5998716354370117,94.11458333333331,0.8,2,4,96.31486111111111,0.5485759973526001,28.27088,65.17421,-150.33213806152344,2.2339269849989147
5KPH_2_4_3_id18,0.6805753707885742,1.4432051181793213,93.39527777777778,0.78,2,4,96.31486111111111,0.5485759973526001,28.27088,65.17421,-151.4561309814453,2.101976182725694
5KPH_2_4_3_id19,0.8401864767074585,0.8412442803382874,92.21125,0.75,2,4,96.31486111111111,0.5485759973526001,28.27088,65.17421,-152.05426025390625,1.950138092041016
5KPH_2_4_3_id2,0.6429992914199829,0.7944230437278748,92.61583333333334,0.75,2,4,96.31486111111111,0.5485759973526001,28.27088,65.17421,-150.68435668945312,2.0022977193196616
5KPH_2_4_3_id20,1.6539303064346313,0.7330643534660339,95.01444444444444,0.8,2,4,96.31486111111111,0.5485759973526001,28.27088,65.17421,-153.40866088867188,1.996856689453125
5KPH_2_4_3_id21,0.9323920607566833,0.6767013072967529,93.77111111111113,0.78,2,4,96.31486111111111,0.5485759973526001,28.27088,65.17421,-151.28433227539062,2.0880743662516275
5KPH_2_4_3_id22,0.9393388032913208,1.2438732385635376,90.54041666666666,0.73,2,4,96.31486111111111,0.5485759973526001,28.27088,65.17421,-151.93408203125,1.9956012301974824
5KPH_2_4_3_id23,1.699150562286377,0.711233913898468,94.42416666666664,0.79,2,4,96.31486111111111,0.5485759973526001,28.27088,65.17421,-153.16954040527344,1.916817135281033
5KPH_2_4_3_id3,2.0452561378479004,0.8646301031112671,95.03902777777778,0.81,2,4,96.31486111111111,0.5485759973526001,28.27088,65.17421,-151.4368133544922,2.141544342041016
5KPH_2_4_3_id4,0.6292129755020142,1.953613519668579,92.9673611111111,0.77,2,4,96.31486111111111,0.5485759973526001,28.27088,65.17421,-151.0366973876953,2.097662607828776
5KPH_2_4_3_id5,1.572346568107605,0.6519832611083984,94.93638888888889,0.8,2,4,96.31486111111111,0.5485759973526001,28.27088,65.17421,-154.46864318847656,1.9062423706054688
5KPH_2_4_3_id6,1.9506351947784424,0.9111514687538147,92.85958333333332,0.78,2,4,96.31486111111111,0.5485759973526001,28.27088,65.17421,-152.81683349609375,2.0818536546495228
5KPH_2_4_3_id7,1.5228766202926636,1.0224637985229492,91.80708333333334,0.76,2,4,96.31486111111111,0.5485759973526001,28.27088,65.17421,-152.98800659179688,2.0767877366807728
5KPH_2_4_3_id8,0.7858622074127197,0.8065584301948547,93.0826388888889,0.78,2,4,96.31486111111111,0.5485759973526001,28.27088,65.17421,-153.17678833007812,2.001534356011285
5KPH_2_4_3_id9,1.0625100135803223,0.6192542314529419,93.58208333333332,0.79,2,4,96.31486111111111,0.5485759973526001,28.27088,65.17421,-153.6543731689453,1.9795087178548176
5KPH_2_4_4_id0,0.8491860628128052,1.0119407176971436,91.26638888888888,0.72,2,4,96.12166666666668,0.5574576258659363,28.08697,64.83621,-152.2497100830078,1.8387565612792969
5KPH_2_4_4_id1,0.8574699759483337,2.337289810180664,95.86208333333332,0.83,2,4,96.12166666666668,0.5574576258659363,28.08697,64.83621,-151.73081970214844,1.9312917921278208
5KPH_2_4_4_id10,0.8113958835601807,0.866702675819397,94.03833333333334,0.79,2,4,96.12166666666668,0.5574576258659363,28.08697,64.83621,-151.96749877929688,1.842625512017144
5KPH_2_4_4_id11,0.7898205518722534,2.2236814498901367,95.41930555555555,0.81,2,4,96.12166666666668,0.5574576258659363,28.08697,64.83621,-150.36114501953125,1.9051365322536893
5KPH_2_4_4_id13,1.2390152215957642,0.8156562447547913,93.42041666666668,0.78,2,4,96.12166666666668,0.5574576258659363,28.08697,64.83621,-150.1713104248047,1.872905943128797
5KPH_2_4_4_id14,0.9448204040527344,1.0022820234298706,93.09305555555557,0.76,2,4,96.12166666666668,0.5574576258659363,28.08697,64.83621,-153.52528381347656,1.881859249538845
5KPH_2_4_4_id15,1.8360508680343628,0.9115320444107056,93.50097222222222,0.77,2,4,96.12166666666668,0.5574576258659363,28.08697,64.83621,-151.8624267578125,1.7589942084418402
5KPH_2_4_4_id16,0.7666486501693726,0.9044826030731201,92.54069444444444,0.76,2,4,96.12166666666668,0.5574576258659363,28.08697,64.83621,-153.02279663085938,1.7457841237386067
5KPH_2_4_4_id17,0.7335008978843689,0.7717757225036621,94.03986111111112,0.77,2,4,96.12166666666668,0.5574576258659363,28.08697,64.83621,-152.7393341064453,1.6710258060031469
5KPH_2_4_4_id18,0.7773289680480957,0.9703027606010437,94.07319444444444,0.78,2,4,96.12166666666668,0.5574576258659363,28.08697,64.83621,-152.34640502929688,1.8205916086832683
5KPH_2_4_4_id19,0.7601985335350037,2.400164842605591,94.51597222222222,0.81,2,4,96.12166666666668,0.5574576258659363,28.08697,64.83621,-150.67845153808594,1.9276917775472004
5KPH_2_4_4_id2,0.9401547312736511,1.1392936706542969,90.92958333333334,0.74,2,4,96.12166666666668,0.5574576258659363,28.08697,64.83621,-151.753173828125,1.8304998609754768
5KPH_2_4_4_id20,0.9715430736541748,0.9681799411773682,91.93222222222224,0.76,2,4,96.12166666666668,0.5574576258659363,28.08697,64.83621,-151.68997192382812,1.891444524129232
5KPH_2_4_4_id21,0.8094309568405151,0.7961052656173706,93.14972222222224,0.77,2,4,96.12166666666668,0.5574576258659363,28.08697,64.83621,-153.0596466064453,1.7684931225246854
5KPH_2_4_4_id22,1.4972202777862549,1.2631722688674927,92.46513888888887,0.76,2,4,96.12166666666668,0.5574576258659363,28.08697,64.83621,-153.1483612060547,1.757304933336046
5KPH_2_4_4_id23,0.7803018689155579,1.5076180696487427,91.08,0.74,2,4,96.12166666666668,0.5574576258659363,28.08697,64.83621,-153.0101318359375,1.8544044494628904
5KPH_2_4_4_id3,0.8150189518928528,0.8172662854194641,94.07333333333334,0.78,2,4,96.12166666666668,0.5574576258659363,28.08697,64.83621,-153.29617309570312,1.8280569712320964
5KPH_2_4_4_id4,0.9849979877471924,0.9236618280410767,92.95055555555555,0.78,2,4,96.12166666666668,0.5574576258659363,28.08697,64.83621,-150.87918090820312,1.9049886067708333
5KPH_2_4_4_id5,0.9316661357879639,2.257272481918335,94.09513888888888,0.8,2,4,96.12166666666668,0.5574576258659363,28.08697,64.83621,-150.349853515625,1.8681666056315105
5KPH_2_4_4_id6,0.7540578246116638,0.764050304889679,92.29805555555556,0.77,2,4,96.12166666666668,0.5574576258659363,28.08697,64.83621,-150.5997772216797,1.7978746626112196
5KPH_2_4_4_id7,1.761008620262146,0.8410990238189697,93.1325,0.77,2,4,96.12166666666668,0.5574576258659363,28.08697,64.83621,-151.22950744628906,1.7897495693630645
5KPH_2_4_4_id8,0.8991928100585938,2.296247720718384,95.08763888888888,0.81,2,4,96.12166666666668,0.5574576258659363,28.08697,64.83621,-153.86997985839844,1.8106710645887587
5KPH_2_4_4_id9,0.6988615393638611,0.7154278755187988,94.21152777777776,0.79,2,4,96.12166666666668,0.5574576258659363,28.08697,64.83621,-152.2609100341797,1.812011930677626
5KPH_2_4_5_id0,0.7803391218185425,1.4288010597229004,93.95555555555556,0.8,2,4,95.39333333333332,0.6948578357696533,28.558838,64.26259,-149.35289001464844,2.567769792344836
5KPH_2_4_5_id1,0.8720777034759521,1.4934308528900146,94.89291666666666,0.81,2,4,95.39333333333332,0.6948578357696533,28.558838,64.26259,-152.023193359375,2.292320039537218
5KPH_2_4_5_id10,0.6835910677909851,1.472987174987793,93.66388888888888,0.79,2,4,95.39333333333332,0.6948578357696533,28.558838,64.26259,-154.11959838867188,2.1718807220458984
5KPH_2_4_5_id11,0.6307350397109985,1.6891577243804932,94.34763888888888,0.8,2,4,95.39333333333332,0.6948578357696533,28.558838,64.26259,-151.33355712890625,2.0131363338894315
5KPH_2_4_5_id12,0.6451688408851624,1.8618807792663574,95.50444444444445,0.82,2,4,95.39333333333332,0.6948578357696533,28.558838,64.26259,-152.08718872070312,2.09729364183214
5KPH_2_4_5_id13,0.7924122214317322,1.4575653076171875,94.68083333333334,0.81,2,4,95.39333333333332,0.6948578357696533,28.558838,64.26259,-152.3245849609375,2.234257592095269
5KPH_2_4_5_id14,0.6807665824890137,1.7349040508270264,95.51402777777776,0.81,2,4,95.39333333333332,0.6948578357696533,28.558838,64.26259,-150.89500427246094,2.076214684380425
5KPH_2_4_5_id15,0.8876321315765381,1.896275520324707,94.50819444444444,0.8,2,4,95.39333333333332,0.6948578357696533,28.558838,64.26259,-152.13648986816406,2.318487803141276
5KPH_2_4_5_id16,0.7954976558685303,2.1475956439971924,94.69194444444445,0.81,2,4,95.39333333333332,0.6948578357696533,28.558838,64.26259,-152.40391540527344,2.250355190700955
5KPH_2_4_5_id17,0.8190131783485413,1.2240163087844849,91.55388888888888,0.75,2,4,95.39333333333332,0.6948578357696533,28.558838,64.26259,-150.99282836914062,2.4233907063802085
5KPH_2_4_5_id18,0.7537752985954285,1.4709802865982056,95.65125,0.82,2,4,95.39333333333332,0.6948578357696533,28.558838,64.26259,-151.50576782226562,2.1441502041286893
5KPH_2_4_5_id19,0.6239520311355591,2.020887613296509,95.42055555555557,0.82,2,4,95.39333333333332,0.6948578357696533,28.558838,64.26259,-150.7456512451172,2.1402467091878257
5KPH_2_4_5_id2,0.6654871702194214,1.4675480127334595,94.99166666666666,0.81,2,4,95.39333333333332,0.6948578357696533,28.558838,64.26259,-151.54624938964844,2.226099650065104
5KPH_2_4_5_id20,0.7354496717453003,0.9871451258659363,92.82125,0.77,2,4,95.39333333333332,0.6948578357696533,28.558838,64.26259,-151.70196533203125,1.99429808722602
5KPH_2_4_5_id21,0.9156033396720886,1.0725327730178833,94.6222222222222,0.8,2,4,95.39333333333332,0.6948578357696533,28.558838,64.26259,-154.59945678710938,2.0260548061794705
5KPH_2_4_5_id23,0.6127041578292847,1.1645755767822266,92.47916666666669,0.78,2,4,95.39333333333332,0.6948578357696533,28.558838,64.26259,-151.5064239501953,2.337031470404731
5KPH_2_4_5_id3,0.7213761210441589,1.6089613437652588,94.06652777777778,0.8,2,4,95.39333333333332,0.6948578357696533,28.558838,64.26259,-152.3082275390625,1.9888801574707031
5KPH_2_4_5_id4,0.6988221406936646,2.165473699569702,96.94791666666669,0.85,2,4,95.39333333333332,0.6948578357696533,28.558838,64.26259,-148.35411071777344,2.437709596421984
5KPH_2_4_5_id5,0.6848403811454773,1.014735460281372,95.0051388888889,0.81,2,4,95.39333333333332,0.6948578357696533,28.558838,64.26259,-150.41015625,2.13148922390408
5KPH_2_4_5_id6,1.2751235961914062,1.0027542114257812,95.08736111111112,0.79,2,4,95.39333333333332,0.6948578357696533,28.558838,64.26259,-151.2017059326172,2.038439008924696
5KPH_2_4_5_id7,0.6850175261497498,1.7307432889938354,94.86041666666668,0.82,2,4,95.39333333333332,0.6948578357696533,28.558838,64.26259,-154.7203826904297,2.204244401719836
5KPH_2_4_5_id8,0.8577803373336792,1.599615216255188,94.95736111111113,0.81,2,4,95.39333333333332,0.6948578357696533,28.558838,64.26259,-152.00059509277344,2.1970382266574435
5KPH_2_4_5_id9,0.8467555642127991,1.7879743576049805,94.64708333333334,0.81,2,4,95.39333333333332,0.6948578357696533,28.558838,64.26259,-150.38108825683594,2.022616704305013
5KPH_2_4_6_id0,0.8661215305328369,0.8689361214637756,92.99430555555556,0.76,2,4,96.4909722222222,0.6550288200378418,27.781416,64.15294,-151.82546997070312,1.7754142549302845
5KPH_2_4_6_id1,0.6744621396064758,0.9669947624206543,90.90152777777776,0.74,2,4,96.4909722222222,0.6550288200378418,27.781416,64.15294,-153.3006591796875,1.92659420437283
5KPH_2_4_6_id10,0.6557053327560425,1.946687936782837,95.08875,0.82,2,4,96.4909722222222,0.6550288200378418,27.781416,64.15294,-152.03375244140625,2.0465162065294056
5KPH_2_4_6_id11,0.8705596923828125,2.251664638519287,95.56097222222223,0.83,2,4,96.4909722222222,0.6550288200378418,27.781416,64.15294,-153.5329132080078,1.981191635131836
5KPH_2_4_6_id12,0.8255585432052612,0.7252405285835266,94.44597222222222,0.79,2,4,96.4909722222222,0.6550288200378418,27.781416,64.15294,-152.78211975097656,1.7661821577284071
5KPH_2_4_6_id13,0.6113953590393066,1.8538960218429565,95.64805555555556,0.82,2,4,96.4909722222222,0.6550288200378418,27.781416,64.15294,-151.19528198242188,1.789274427625868
5KPH_2_4_6_id14,0.8028817772865295,1.744697093963623,95.23597222222222,0.82,2,4,96.4909722222222,0.6550288200378418,27.781416,64.15294,-153.7722930908203,1.9608946906195743
5KPH_2_4_6_id15,0.7372474670410156,1.6549521684646606,94.27708333333334,0.8,2,4,96.4909722222222,0.6550288200378418,27.781416,64.15294,-153.74244689941406,1.7314796447753906
5KPH_2_4_6_id16,0.6972395777702332,1.9724712371826172,95.02888888888889,0.82,2,4,96.4909722222222,0.6550288200378418,27.781416,64.15294,-153.16168212890625,1.9884474012586808
5KPH_2_4_6_id17,0.8623272180557251,2.2046711444854736,94.18513888888889,0.8,2,4,96.4909722222222,0.6550288200378418,27.781416,64.15294,-151.55404663085938,1.962212668524848
5KPH_2_4_6_id18,0.6487712264060974,1.7493648529052734,95.62055555555555,0.82,2,4,96.4909722222222,0.6550288200378418,27.781416,64.15294,-152.96328735351562,2.0899391174316406
5KPH_2_4_6_id19,0.7501446008682251,1.7540735006332397,95.02208333333334,0.82,2,4,96.4909722222222,0.6550288200378418,27.781416,64.15294,-153.231201171875,1.899183485243056
5KPH_2_4_6_id2,0.6780953407287598,1.4441314935684204,93.98305555555557,0.79,2,4,96.4909722222222,0.6550288200378418,27.781416,64.15294,-152.59925842285156,1.90320544772678
5KPH_2_4_6_id20,0.8735433220863342,0.722396731376648,91.46180555555556,0.76,2,4,96.4909722222222,0.6550288200378418,27.781416,64.15294,-152.9372100830078,1.890927208794488
5KPH_2_4_6_id21,0.7592710852622986,0.8748932480812073,93.70625,0.79,2,4,96.4909722222222,0.6550288200378418,27.781416,64.15294,-152.76449584960938,1.8750298817952475
5KPH_2_4_6_id22,2.0716590881347656,0.9776026606559753,90.63361111111112,0.75,2,4,96.4909722222222,0.6550288200378418,27.781416,64.15294,-153.48489379882812,1.8581201765272355
5KPH_2_4_6_id23,0.8373897075653076,1.3654030561447144,94.91791666666666,0.81,2,4,96.4909722222222,0.6550288200378418,27.781416,64.15294,-152.3605499267578,1.7959122127956817
5KPH_2_4_6_id3,0.8873265981674194,2.346332550048828,94.54083333333332,0.81,2,4,96.4909722222222,0.6550288200378418,27.781416,64.15294,-153.22178649902344,1.890462027655708
5KPH_2_4_6_id4,0.7119666934013367,0.648560106754303,95.77166666666666,0.82,2,4,96.4909722222222,0.6550288200378418,27.781416,64.15294,-152.52084350585938,1.8860975901285808
5KPH_2_4_6_id5,0.8467712998390198,0.9302106499671936,94.45083333333334,0.8,2,4,96.4909722222222,0.6550288200378418,27.781416,64.15294,-153.49180603027344,1.8406935797797308
5KPH_2_4_6_id6,2.221374273300171,1.1599719524383545,91.85472222222222,0.76,2,4,96.4909722222222,0.6550288200378418,27.781416,64.15294,-151.5126190185547,1.8282123141818576
5KPH_2_4_6_id7,0.9607528448104858,2.643641948699951,94.53222222222222,0.8,2,4,96.4909722222222,0.6550288200378418,27.781416,64.15294,-151.46368408203125,1.8391009436713324
5KPH_2_4_6_id8,0.7262791991233826,2.2421071529388428,95.18375,0.81,2,4,96.4909722222222,0.6550288200378418,27.781416,64.15294,-152.58399963378906,1.7492887708875868
5KPH_2_4_6_id9,2.1134915351867676,0.9882054328918457,94.7461111111111,0.8,2,4,96.4909722222222,0.6550288200378418,27.781416,64.15294,-151.9677734375,1.9405189090304904
5KPH_2_4_7_id0,0.7329493165016174,1.9340155124664307,95.06263888888888,0.81,2,4,95.40944444444445,0.6039559245109558,28.369097,65.26341,-149.62042236328125,2.090050803290473
5KPH_2_4_7_id1,0.8998076319694519,2.339289426803589,95.19458333333334,0.81,2,4,95.40944444444445,0.6039559245109558,28.369097,65.26341,-148.26947021484375,2.1208388010660806
5KPH_2_4_7_id10,0.9072589874267578,1.7517905235290527,93.67791666666666,0.79,2,4,95.40944444444445,0.6039559245109558,28.369097,65.26341,-149.9136962890625,1.989325205485026
5KPH_2_4_7_id11,0.8571655750274658,2.2871756553649902,95.24375,0.81,2,4,95.40944444444445,0.6039559245109558,28.369097,65.26341,-150.5181884765625,1.971167670355903
5KPH_2_4_7_id12,2.049752712249756,0.8797008395195007,91.02430555555556,0.75,2,4,95.40944444444445,0.6039559245109558,28.369097,65.26341,-149.57452392578125,2.0228150685628257
5KPH_2_4_7_id13,0.8501917719841003,2.0805561542510986,90.87430555555557,0.74,2,4,95.40944444444445,0.6039559245109558,28.369097,65.26341,-148.75277709960938,1.9148072136773004
5KPH_2_4_7_id14,1.1136233806610107,1.0649375915527344,91.23041666666668,0.76,2,4,95.40944444444445,0.6039559245109558,28.369097,65.26341,-150.61573791503906,1.9307501051161025
5KPH_2_4_7_id15,0.7108709812164307,1.2932660579681396,93.81,0.78,2,4,95.40944444444445,0.6039559245109558,28.369097,65.26341,-150.82464599609375,1.89486567179362
5KPH_2_4_7_id16,2.0668985843658447,0.8509109616279602,94.29638888888888,0.78,2,4,95.40944444444445,0.6039559245109558,28.369097,65.26341,-148.08795166015625,1.98492431640625
5KPH_2_4_7_id17,0.8768165111541748,1.1363468170166016,93.23138888888889,0.79,2,4,95.40944444444445,0.6039559245109558,28.369097,65.26341,-150.78565979003906,1.91225814819336
5KPH_2_4_7_id18,0.8404299020767212,1.5769219398498535,93.77388888888888,0.8,2,4,95.40944444444445,0.6039559245109558,28.369097,65.26341,-150.2440185546875,2.046950658162435
5KPH_2_4_7_id19,0.6276953220367432,2.2895119190216064,95.7097222222222,0.82,2,4,95.40944444444445,0.6039559245109558,28.369097,65.26341,-148.2647705078125,2.100155724419488
5KPH_2_4_7_id2,0.8928270936012268,2.4217636585235596,93.96041666666667,0.79,2,4,95.40944444444445,0.6039559245109558,28.369097,65.26341,-151.0448760986328,1.9600563049316408
5KPH_2_4_7_id20,0.8307424187660217,1.362297773361206,93.73347222222222,0.79,2,4,95.40944444444445,0.6039559245109558,28.369097,65.26341,-151.90728759765625,1.9374675750732424
5KPH_2_4_7_id21,0.8592222929000854,1.1209616661071777,93.28375,0.77,2,4,95.40944444444445,0.6039559245109558,28.369097,65.26341,-151.04498291015625,1.937638388739692
5KPH_2_4_7_id22,0.9346385598182678,1.1312322616577148,91.65416666666664,0.75,2,4,95.40944444444445,0.6039559245109558,28.369097,65.26341,-149.9490203857422,1.92342652214898
5KPH_2_4_7_id23,0.8750719428062439,2.26556396484375,95.73819444444445,0.83,2,4,95.40944444444445,0.6039559245109558,28.369097,65.26341,-151.64022827148438,2.0812403361002603
5KPH_2_4_7_id3,0.9062221050262451,1.6478216648101807,93.43458333333336,0.78,2,4,95.40944444444445,0.6039559245109558,28.369097,65.26341,-149.97921752929688,1.9161559210883248
5KPH_2_4_7_id4,0.895199716091156,1.9477810859680176,95.0638888888889,0.8,2,4,95.40944444444445,0.6039559245109558,28.369097,65.26341,-149.51087951660156,2.0290095011393228
5KPH_2_4_7_id5,1.4006015062332153,0.9451156258583069,91.29208333333334,0.74,2,4,95.40944444444445,0.6039559245109558,28.369097,65.26341,-149.35093688964844,1.9063034057617188
5KPH_2_4_7_id6,1.0581198930740356,1.085103988647461,93.5597222222222,0.78,2,4,95.40944444444445,0.6039559245109558,28.369097,65.26341,-148.0563507080078,1.9510044521755645
5KPH_2_4_7_id7,0.8622845411300659,0.9947530031204224,93.06833333333331,0.77,2,4,95.40944444444445,0.6039559245109558,28.369097,65.26341,-148.29183959960938,2.066227595011393
5KPH_2_4_7_id8,0.8454943299293518,0.963326632976532,94.46875,0.79,2,4,95.40944444444445,0.6039559245109558,28.369097,65.26341,-150.271728515625,1.9703502655029297
5KPH_2_4_7_id9,0.9809432029724121,2.4192185401916504,94.82458333333334,0.8,2,4,95.40944444444445,0.6039559245109558,28.369097,65.26341,-149.0868377685547,1.985719468858507
5KPH_2_4_8_id0,1.516680121421814,0.8026320338249207,93.2286111111111,0.78,2,4,95.99277777777776,0.4603932201862335,28.520851,65.094986,-151.56219482421875,1.94322141011556
5KPH_2_4_8_id10,0.9108155369758606,1.1111676692962646,92.09694444444445,0.75,2,4,95.99277777777776,0.4603932201862335,28.520851,65.094986,-152.0961456298828,1.8680191040039065
5KPH_2_4_8_id11,0.6856773495674133,1.0290130376815796,92.8325,0.77,2,4,95.99277777777776,0.4603932201862335,28.520851,65.094986,-152.21047973632812,1.8933033413357203
5KPH_2_4_8_id12,0.8964828252792358,0.8683508634567261,93.27638888888887,0.78,2,4,95.99277777777776,0.4603932201862335,28.520851,65.094986,-149.8519287109375,2.0105713738335504
5KPH_2_4_8_id13,1.847002625465393,1.2056721448898315,93.93722222222222,0.78,2,4,95.99277777777776,0.4603932201862335,28.520851,65.094986,-152.001953125,1.8874037000868056
5KPH_2_4_8_id14,0.7229072451591492,2.4574127197265625,95.35305555555556,0.82,2,4,95.99277777777776,0.4603932201862335,28.520851,65.094986,-150.73880004882812,2.0575684441460504
5KPH_2_4_8_id15,0.7276627421379089,0.8128172755241394,93.83069444444445,0.8,2,4,95.99277777777776,0.4603932201862335,28.520851,65.094986,-151.2418212890625,2.1603575812445746
5KPH_2_4_8_id16,1.6900665760040283,0.8643310070037842,93.37569444444443,0.79,2,4,95.99277777777776,0.4603932201862335,28.520851,65.094986,-150.409423828125,2.070221371120877
5KPH_2_4_8_id17,0.8111295700073242,0.9786050915718079,91.89597222222224,0.75,2,4,95.99277777777776,0.4603932201862335,28.520851,65.094986,-151.4322052001953,1.9475055270724824
5KPH_2_4_8_id18,1.288446307182312,1.0026932954788208,95.17930555555556,0.81,2,4,95.99277777777776,0.4603932201862335,28.520851,65.094986,-151.51348876953125,1.8783170912000868
5KPH_2_4_8_id19,0.7662822008132935,0.9240247011184692,94.18902777777777,0.78,2,4,95.99277777777776,0.4603932201862335,28.520851,65.094986,-150.43521118164062,1.923340267605252
5KPH_2_4_8_id2,0.7485203742980957,2.364778995513916,95.8934722222222,0.82,2,4,95.99277777777776,0.4603932201862335,28.520851,65.094986,-152.8642578125,1.9347847832573783
5KPH_2_4_8_id20,1.9265813827514648,0.9027345776557922,93.90708333333332,0.8,2,4,95.99277777777776,0.4603932201862335,28.520851,65.094986,-151.64132690429688,1.9054605695936413
5KPH_2_4_8_id21,0.6528370976448059,0.8907668590545654,93.73486111111112,0.78,2,4,95.99277777777776,0.4603932201862335,28.520851,65.094986,-151.98809814453125,1.7968466016981337
5KPH_2_4_8_id22,2.553234815597534,1.341011643409729,92.31083333333332,0.78,2,4,95.99277777777776,0.4603932201862335,28.520851,65.094986,-153.9846954345703,2.021509806315104
5KPH_2_4_8_id23,1.618102788925171,1.0633909702301025,93.03930555555556,0.76,2,4,95.99277777777776,0.4603932201862335,28.520851,65.094986,-151.64891052246094,1.9810627831353085
5KPH_2_4_8_id3,1.6776697635650635,0.9354307055473328,93.90944444444445,0.79,2,4,95.99277777777776,0.4603932201862335,28.520851,65.094986,-153.25741577148438,1.980984369913737
5KPH_2_4_8_id4,1.4080054759979248,0.9538795948028564,92.95222222222222,0.78,2,4,95.99277777777776,0.4603932201862335,28.520851,65.094986,-151.87994384765625,1.8231387668185763
5KPH_2_4_8_id5,1.3827482461929321,1.1451083421707153,93.55152777777776,0.78,2,4,95.99277777777776,0.4603932201862335,28.520851,65.094986,-151.29933166503906,1.960600747002496
5KPH_2_4_8_id6,1.7632441520690918,0.8554760813713074,92.72930555555556,0.78,2,4,95.99277777777776,0.4603932201862335,28.520851,65.094986,-154.63087463378906,1.996067894829644
5KPH_2_4_8_id7,2.026487350463867,1.1446013450622559,91.99763888888889,0.76,2,4,95.99277777777776,0.4603932201862335,28.520851,65.094986,-151.6053466796875,2.020155588785807
5KPH_2_4_8_id8,0.8863598704338074,2.44931697845459,94.46291666666669,0.8,2,4,95.99277777777776,0.4603932201862335,28.520851,65.094986,-150.77587890625,1.995756361219618
5KPH_2_4_8_id9,1.5151532888412476,1.01259183883667,89.38597222222222,0.69,2,4,95.99277777777776,0.4603932201862335,28.520851,65.094986,-150.4497528076172,1.921781963772244
5KPH_2_4_9_id0,2.1901309490203857,0.7975337505340576,94.24638888888887,0.8,2,4,95.35125,0.4501165151596069,29.08473,62.208557,-154.69065856933594,1.7580956353081598
5KPH_2_4_9_id1,1.6391834020614624,0.9270188808441162,92.02347222222222,0.76,2,4,95.35125,0.4501165151596069,29.08473,62.208557,-152.36709594726562,1.9680864546034071
5KPH_2_4_9_id10,0.9459904432296753,1.5532292127609253,94.05819444444444,0.8,2,4,95.35125,0.4501165151596069,29.08473,62.208557,-152.34976196289062,1.904929690890842
5KPH_2_4_9_id11,0.9586280584335327,0.9798368811607361,91.34805555555556,0.74,2,4,95.35125,0.4501165151596069,29.08473,62.208557,-150.98033142089844,2.0582127041286893
5KPH_2_4_9_id12,0.7518777251243591,2.0278143882751465,93.53888888888888,0.8,2,4,95.35125,0.4501165151596069,29.08473,62.208557,-151.23695373535156,1.886047151353624
5KPH_2_4_9_id13,0.7116345167160034,0.8720734715461731,93.74569444444444,0.79,2,4,95.35125,0.4501165151596069,29.08473,62.208557,-151.55691528320312,1.978340784708659
5KPH_2_4_9_id14,0.9301451444625854,1.3207508325576782,94.83055555555556,0.8,2,4,95.35125,0.4501165151596069,29.08473,62.208557,-153.63839721679688,1.928555170694987
5KPH_2_4_9_id15,1.719368577003479,0.8719682097434998,93.78625,0.79,2,4,95.35125,0.4501165151596069,29.08473,62.208557,-152.76756286621094,1.9496868981255424
5KPH_2_4_9_id16,0.8354870676994324,0.8859658241271973,91.33527777777778,0.75,2,4,95.35125,0.4501165151596069,29.08473,62.208557,-152.0273895263672,2.033432006835937
5KPH_2_4_9_id17,1.0115528106689453,0.8720324039459229,91.83180555555556,0.75,2,4,95.35125,0.4501165151596069,29.08473,62.208557,-151.56053161621094,1.9171808030870223
5KPH_2_4_9_id18,1.7511792182922363,0.7701103091239929,91.64166666666668,0.76,2,4,95.35125,0.4501165151596069,29.08473,62.208557,-154.48277282714844,1.84691407945421
5KPH_2_4_9_id19,2.0083906650543213,0.7682453393936157,92.20013888888889,0.76,2,4,95.35125,0.4501165151596069,29.08473,62.208557,-152.05311584472656,1.89339107937283
5KPH_2_4_9_id2,0.9397884607315063,0.8671600818634033,94.51777777777778,0.81,2,4,95.35125,0.4501165151596069,29.08473,62.208557,-153.10401916503906,1.981754726833768
5KPH_2_4_9_id20,0.7386342287063599,1.288230538368225,94.17805555555556,0.8,2,4,95.35125,0.4501165151596069,29.08473,62.208557,-152.69692993164062,1.8670255872938368
5KPH_2_4_9_id21,1.9761571884155273,0.792443573474884,93.62166666666668,0.79,2,4,95.35125,0.4501165151596069,29.08473,62.208557,-154.02154541015625,2.0067032708062067
5KPH_2_4_9_id22,0.703214168548584,0.8625892996788025,91.83055555555558,0.75,2,4,95.35125,0.4501165151596069,29.08473,62.208557,-152.67820739746094,1.9582739935980904
5KPH_2_4_9_id23,0.9192116856575012,0.7563010454177856,93.35416666666669,0.78,2,4,95.35125,0.4501165151596069,29.08473,62.208557,-153.38946533203125,1.8925327724880645
5KPH_2_4_9_id3,1.680959701538086,0.7221140265464783,94.69083333333334,0.8,2,4,95.35125,0.4501165151596069,29.08473,62.208557,-153.09542846679688,1.8749737209743924
5KPH_2_4_9_id4,0.7121936678886414,0.801986813545227,93.52541666666669,0.78,2,4,95.35125,0.4501165151596069,29.08473,62.208557,-154.18832397460938,1.9407632615831163
5KPH_2_4_9_id5,1.5210107564926147,0.986518919467926,94.59847222222224,0.8,2,4,95.35125,0.4501165151596069,29.08473,62.208557,-152.29443359375,1.9117200639512804
5KPH_2_4_9_id6,0.7701266407966614,0.8394090533256531,94.91486111111112,0.8,2,4,95.35125,0.4501165151596069,29.08473,62.208557,-152.3714599609375,1.97898801167806
5KPH_2_4_9_id7,0.7614794373512268,2.0802688598632812,93.6065277777778,0.8,2,4,95.35125,0.4501165151596069,29.08473,62.208557,-153.56785583496094,1.947050518459744
5KPH_2_4_9_id9,0.7182148098945618,1.2672944068908691,93.2065277777778,0.79,2,4,95.35125,0.4501165151596069,29.08473,62.208557,-153.12185668945312,1.893116209242079
5KPH_2_6_0_id0,1.7884933948516846,1.0306100845336914,91.49055555555556,0.74,2,6,95.17,0.605067253112793,27.668058,65.46486,-149.97442626953125,1.965269300672743
5KPH_2_6_0_id1,0.8160436153411865,1.9714075326919556,94.70486111111111,0.8,2,6,95.17,0.605067253112793,27.668058,65.46486,-152.16554260253906,1.8805200788709853
5KPH_2_6_0_id10,0.826326847076416,0.6926363110542297,94.31541666666666,0.81,2,6,95.17,0.605067253112793,27.668058,65.46486,-147.6887664794922,1.9793116251627605
5KPH_2_6_0_id11,0.7458695769309998,1.2208197116851807,92.58833333333332,0.77,2,6,95.17,0.605067253112793,27.668058,65.46486,-149.7213134765625,2.076763576931424
5KPH_2_6_0_id12,0.869423508644104,1.1796979904174805,91.45611111111111,0.74,2,6,95.17,0.605067253112793,27.668058,65.46486,-150.73037719726562,1.8058304256863065
5KPH_2_6_0_id13,0.841586172580719,1.0139491558074951,93.04055555555556,0.79,2,6,95.17,0.605067253112793,27.668058,65.46486,-151.2796173095703,1.8106235928005645
5KPH_2_6_0_id14,0.7563108801841736,1.6981277465820312,93.68291666666669,0.79,2,6,95.17,0.605067253112793,27.668058,65.46486,-149.26583862304688,2.002134958902994
5KPH_2_6_0_id15,0.8606840372085571,2.4570846557617188,95.9402777777778,0.82,2,6,95.17,0.605067253112793,27.668058,65.46486,-148.8631591796875,1.94198481241862
5KPH_2_6_0_id16,0.8112860918045044,0.8268124461174011,92.23388888888888,0.77,2,6,95.17,0.605067253112793,27.668058,65.46486,-151.87820434570312,1.9465001424153645
5KPH_2_6_0_id17,0.9483052492141724,1.4331845045089722,93.13291666666666,0.78,2,6,95.17,0.605067253112793,27.668058,65.46486,-151.38870239257812,1.89486206902398
5KPH_2_6_0_id18,0.7852312326431274,1.2228764295578003,91.31541666666666,0.75,2,6,95.17,0.605067253112793,27.668058,65.46486,-149.54820251464844,1.958489523993598
5KPH_2_6_0_id19,0.9530836343765259,2.615659236907959,95.33708333333334,0.81,2,6,95.17,0.605067253112793,27.668058,65.46486,-151.79690551757812,1.919176737467448
5KPH_2_6_0_id2,0.913273811340332,0.8447611927986145,94.35333333333334,0.79,2,6,95.17,0.605067253112793,27.668058,65.46486,-151.9704132080078,1.951453314887153
5KPH_2_6_0_id20,0.890473484992981,0.935467004776001,92.49583333333334,0.75,2,6,95.17,0.605067253112793,27.668058,65.46486,-150.8621063232422,1.9749266306559248
5KPH_2_6_0_id21,0.8532842397689819,2.230940341949463,94.9975,0.81,2,6,95.17,0.605067253112793,27.668058,65.46486,-151.9674530029297,1.9287882910834413
5KPH_2_6_0_id22,0.8966925144195557,2.203094959259033,94.25083333333332,0.8,2,6,95.17,0.605067253112793,27.668058,65.46486,-149.92697143554688,1.9870758056640625
5KPH_2_6_0_id23,0.8307309150695801,0.7476598620414734,94.56541666666666,0.8,2,6,95.17,0.605067253112793,27.668058,65.46486,-149.7677459716797,2.000425974527994
5KPH_2_6_0_id3,1.8947125673294067,0.9698540568351746,91.74152777777778,0.76,2,6,95.17,0.605067253112793,27.668058,65.46486,-150.20359802246094,1.9420994652642145
5KPH_2_6_0_id4,0.8335955739021301,0.9889383912086487,91.91763888888887,0.75,2,6,95.17,0.605067253112793,27.668058,65.46486,-150.89906311035156,1.943261888292101
5KPH_2_6_0_id5,0.6993847489356995,1.7814580202102661,94.73013888888887,0.8,2,6,95.17,0.605067253112793,27.668058,65.46486,-150.13980102539062,2.135231653849284
5KPH_2_6_0_id6,0.6455569863319397,1.0104191303253174,92.18041666666666,0.78,2,6,95.17,0.605067253112793,27.668058,65.46486,-150.83995056152344,2.0063463846842446
5KPH_2_6_0_id7,1.7373292446136475,0.8112542033195496,95.1875,0.81,2,6,95.17,0.605067253112793,27.668058,65.46486,-149.62704467773438,2.1415498521592884
5KPH_2_6_0_id8,0.9313256740570068,0.7074625492095947,94.72263888888888,0.81,2,6,95.17,0.605067253112793,27.668058,65.46486,-149.34112548828125,1.9848206837972004
5KPH_2_6_0_id9,0.9983602166175842,0.9726638793945312,89.63986111111112,0.73,2,6,95.17,0.605067253112793,27.668058,65.46486,-150.47921752929688,1.9405161539713545
5KPH_2_6_1_id0,2.244412899017334,0.8603840470314026,95.85069444444444,0.82,2,6,96.46,0.6850571036338806,28.216969,65.18041,-151.4823760986328,2.023464626736111
5KPH_2_6_1_id1,0.7941890954971313,2.1780219078063965,95.85527777777776,0.83,2,6,96.46,0.6850571036338806,28.216969,65.18041,-152.59286499023438,2.1094322204589844
5KPH_2_6_1_id10,0.8462182283401489,0.8220344185829163,93.64625,0.78,2,6,96.46,0.6850571036338806,28.216969,65.18041,-152.8670654296875,1.9470176696777344
5KPH_2_6_1_id11,1.9444143772125244,0.5933315753936768,93.97041666666668,0.79,2,6,96.46,0.6850571036338806,28.216969,65.18041,-151.25364685058594,2.155215793185764
5KPH_2_6_1_id12,0.7546700835227966,1.0918861627578735,91.97361111111113,0.75,2,6,96.46,0.6850571036338806,28.216969,65.18041,-153.898193359375,1.9748395284016929
5KPH_2_6_1_id13,2.0981650352478027,0.8930769562721252,92.78486111111113,0.77,2,6,96.46,0.6850571036338806,28.216969,65.18041,-153.95748901367188,2.1557108561197915
5KPH_2_6_1_id14,2.2461047172546387,1.1448628902435303,93.50194444444443,0.79,2,6,96.46,0.6850571036338806,28.216969,65.18041,-153.72181701660156,1.978256013658312
5KPH_2_6_1_id15,2.2918615341186523,1.0025149583816528,93.94069444444445,0.8,2,6,96.46,0.6850571036338806,28.216969,65.18041,-152.6011962890625,2.0043072170681424
5KPH_2_6_1_id16,0.8555819392204285,1.6015900373458862,94.17458333333332,0.81,2,6,96.46,0.6850571036338806,28.216969,65.18041,-152.4062957763672,2.259444342719184
5KPH_2_6_1_id17,2.14788556098938,0.9693678617477417,94.12625,0.79,2,6,96.46,0.6850571036338806,28.216969,65.18041,-152.47801208496094,2.074529012044271
5KPH_2_6_1_id18,0.7903384566307068,2.232274293899536,95.93277777777776,0.83,2,6,96.46,0.6850571036338806,28.216969,65.18041,-152.53115844726562,2.149861653645833
5KPH_2_6_1_id19,2.286060333251953,0.9487354755401611,91.50333333333332,0.76,2,6,96.46,0.6850571036338806,28.216969,65.18041,-153.82345581054688,2.0203819274902344
5KPH_2_6_1_id2,0.7008568048477173,2.0000948905944824,95.17055555555557,0.82,2,6,96.46,0.6850571036338806,28.216969,65.18041,-153.97923278808594,2.0933028327094183
5KPH_2_6_1_id20,2.0028083324432373,0.7633812427520752,94.9326388888889,0.8,2,6,96.46,0.6850571036338806,28.216969,65.18041,-152.57888793945312,1.9778262244330511
5KPH_2_6_1_id21,1.982110857963562,0.6107150912284851,94.42805555555556,0.8,2,6,96.46,0.6850571036338806,28.216969,65.18041,-149.86080932617188,2.047377268473307
5KPH_2_6_1_id22,0.7657120227813721,1.7462685108184814,95.03972222222222,0.81,2,6,96.46,0.6850571036338806,28.216969,65.18041,-152.26882934570312,2.00099605984158
5KPH_2_6_1_id23,2.3166072368621826,0.8548554182052612,93.68777777777778,0.79,2,6,96.46,0.6850571036338806,28.216969,65.18041,-153.24696350097656,2.027796851264106
5KPH_2_6_1_id3,0.8859158158302307,0.9003122448921204,92.80722222222224,0.78,2,6,96.46,0.6850571036338806,28.216969,65.18041,-152.4870147705078,2.01472896999783
5KPH_2_6_1_id4,2.067852020263672,1.0131202936172485,91.46,0.75,2,6,96.46,0.6850571036338806,28.216969,65.18041,-152.84115600585938,2.085411071777344
5KPH_2_6_1_id5,0.8586062788963318,1.8160003423690796,93.71847222222222,0.81,2,6,96.46,0.6850571036338806,28.216969,65.18041,-151.57965087890625,2.119157155354818
5KPH_2_6_1_id6,1.3765344619750977,0.8725640773773193,90.0176388888889,0.73,2,6,96.46,0.6850571036338806,28.216969,65.18041,-152.70530700683594,1.954615275065104
5KPH_2_6_1_id7,0.63881516456604,0.8566654920578003,95.23375,0.81,2,6,96.46,0.6850571036338806,28.216969,65.18041,-150.50306701660156,1.998795403374566
5KPH_2_6_1_id8,0.630291759967804,1.978001356124878,96.17277777777778,0.83,2,6,96.46,0.6850571036338806,28.216969,65.18041,-151.63941955566406,2.200568305121528
5KPH_2_6_1_id9,0.9082774519920349,0.7798362374305725,93.26583333333332,0.78,2,6,96.46,0.6850571036338806,28.216969,65.18041,-153.0360870361328,2.04886245727539
5KPH_2_6_2_id0,0.6452033519744873,1.0966655015945435,95.92291666666668,0.82,2,6,94.1686111111111,0.7743643522262573,27.986626,63.639908,-150.3613739013672,2.085098478529188
5KPH_2_6_2_id1,0.7979499697685242,1.4942766427993774,91.9525,0.76,2,6,94.1686111111111,0.7743643522262573,27.986626,63.639908,-151.59463500976562,2.013075510660807
5KPH_2_6_2_id10,1.0784157514572144,0.9767141938209534,91.88583333333332,0.76,2,6,94.1686111111111,0.7743643522262573,27.986626,63.639908,-151.7506866455078,1.8385319179958768
5KPH_2_6_2_id11,0.8907567858695984,2.1451845169067383,94.25722222222224,0.8,2,6,94.1686111111111,0.7743643522262573,27.986626,63.639908,-153.8880615234375,1.8383394877115888
5KPH_2_6_2_id12,0.9212701916694641,2.6453428268432617,95.36083333333336,0.81,2,6,94.1686111111111,0.7743643522262573,27.986626,63.639908,-151.4312744140625,1.8496680789523647
5KPH_2_6_2_id13,0.8702270984649658,1.0179979801177979,92.19361111111112,0.76,2,6,94.1686111111111,0.7743643522262573,27.986626,63.639908,-153.56797790527344,1.8513111538357203
5KPH_2_6_2_id14,2.017540216445923,0.9109885692596436,93.29097222222222,0.78,2,6,94.1686111111111,0.7743643522262573,27.986626,63.639908,-153.1957244873047,1.8254508972167969
5KPH_2_6_2_id15,2.148024320602417,1.013107419013977,94.18625,0.79,2,6,94.1686111111111,0.7743643522262573,27.986626,63.639908,-151.79067993164062,1.8022121853298607
5KPH_2_6_2_id16,1.0145543813705444,1.1824551820755005,95.05236111111113,0.81,2,6,94.1686111111111,0.7743643522262573,27.986626,63.639908,-150.3435821533203,1.910562727186415
5KPH_2_6_2_id17,0.9337987899780273,0.8528224229812622,92.76527777777778,0.79,2,6,94.1686111111111,0.7743643522262573,27.986626,63.639908,-151.42874145507812,1.9195825788709853
5KPH_2_6_2_id18,2.2793362140655518,1.310945749282837,94.02347222222222,0.8,2,6,94.1686111111111,0.7743643522262573,27.986626,63.639908,-150.60482788085938,1.969141642252604
5KPH_2_6_2_id19,0.7550831437110901,1.3040393590927124,91.91069444444445,0.77,2,6,94.1686111111111,0.7743643522262573,27.986626,63.639908,-152.0050811767578,1.9808843400743272
5KPH_2_6_2_id2,2.2358062267303467,0.9053298234939575,93.54458333333334,0.79,2,6,94.1686111111111,0.7743643522262573,27.986626,63.639908,-153.45437622070312,1.8617481655544703
5KPH_2_6_2_id20,0.8747750520706177,0.766556441783905,94.61305555555556,0.81,2,6,94.1686111111111,0.7743643522262573,27.986626,63.639908,-150.40760803222656,1.939665900336372
5KPH_2_6_2_id21,0.9053194522857666,0.7722757458686829,94.22611111111112,0.78,2,6,94.1686111111111,0.7743643522262573,27.986626,63.639908,-153.50225830078125,1.8940777248806424
5KPH_2_6_2_id22,0.7155801057815552,1.6569114923477173,94.92888888888888,0.81,2,6,94.1686111111111,0.7743643522262573,27.986626,63.639908,-151.8162384033203,2.122078365749783
5KPH_2_6_2_id23,1.9714765548706055,0.9538130164146423,94.00069444444443,0.79,2,6,94.1686111111111,0.7743643522262573,27.986626,63.639908,-152.0797119140625,1.972325642903645
5KPH_2_6_2_id3,0.8117148280143738,0.9691334366798401,92.69625,0.75,2,6,94.1686111111111,0.7743643522262573,27.986626,63.639908,-152.23001098632812,1.8723133934868708
5KPH_2_6_2_id4,0.8499693274497986,1.8381484746932983,93.19486111111112,0.78,2,6,94.1686111111111,0.7743643522262573,27.986626,63.639908,-150.8237762451172,2.1252767774793835
5KPH_2_6_2_id5,1.1557984352111816,1.096251368522644,90.45083333333334,0.73,2,6,94.1686111111111,0.7743643522262573,27.986626,63.639908,-153.37461853027344,1.8876586490207248
5KPH_2_6_2_id6,0.89630526304245,1.0054192543029785,93.13875,0.78,2,6,94.1686111111111,0.7743643522262573,27.986626,63.639908,-152.24929809570312,1.891969468858507
5KPH_2_6_2_id7,2.350463628768921,0.946108877658844,95.66097222222224,0.82,2,6,94.1686111111111,0.7743643522262573,27.986626,63.639908,-150.61358642578125,1.981246100531684
5KPH_2_6_2_id8,0.9520948529243469,0.8637749552726746,94.41194444444444,0.8,2,6,94.1686111111111,0.7743643522262573,27.986626,63.639908,-153.51565551757812,1.917358822292752
5KPH_2_6_2_id9,1.574421763420105,0.9929201006889343,93.04805555555556,0.78,2,6,94.1686111111111,0.7743643522262573,27.986626,63.639908,-151.3346405029297,1.834464391072591
5KPH_2_6_3_id0,2.2586662769317627,0.8821980357170105,94.04069444444444,0.8,2,6,95.69638888888888,0.5807149410247803,28.666328,65.04311,-155.1044921875,2.0337195926242404
5KPH_2_6_3_id1,0.7768086791038513,0.889270007610321,95.50430555555556,0.81,2,6,95.69638888888888,0.5807149410247803,28.666328,65.04311,-155.3459930419922,1.9042748345269096
5KPH_2_6_3_id10,1.7478605508804321,0.7855896353721619,92.75277777777777,0.77,2,6,95.69638888888888,0.5807149410247803,28.666328,65.04311,-154.48721313476562,2.041685316297743
5KPH_2_6_3_id11,1.8562783002853394,0.8588754534721375,92.97138888888888,0.77,2,6,95.69638888888888,0.5807149410247803,28.666328,65.04311,-155.33946228027344,2.140143500434028
5KPH_2_6_3_id12,0.6646597981452942,1.9970598220825195,92.33902777777776,0.77,2,6,95.69638888888888,0.5807149410247803,28.666328,65.04311,-151.4397430419922,1.9658546447753904
5KPH_2_6_3_id13,2.0905113220214844,1.3458062410354614,94.39638888888892,0.79,2,6,95.69638888888888,0.5807149410247803,28.666328,65.04311,-154.6665802001953,2.0328795115153
5KPH_2_6_3_id14,0.6351271867752075,2.3462915420532227,95.19277777777776,0.81,2,6,95.69638888888888,0.5807149410247803,28.666328,65.04311,-154.6940155029297,2.002038319905599
5KPH_2_6_3_id15,1.686195731163025,0.6417028307914734,93.68736111111112,0.79,2,6,95.69638888888888,0.5807149410247803,28.666328,65.04311,-155.49600219726562,1.923119439019097
5KPH_2_6_3_id16,1.5511271953582764,0.5872173309326172,92.77597222222224,0.77,2,6,95.69638888888888,0.5807149410247803,28.666328,65.04311,-154.15231323242188,1.9852511088053384
5KPH_2_6_3_id18,1.7734073400497437,0.6251611709594727,94.93097222222222,0.8,2,6,95.69638888888888,0.5807149410247803,28.666328,65.04311,-156.46678161621094,1.9756704966227208
5KPH_2_6_3_id19,0.6651870012283325,2.2625601291656494,93.88069444444444,0.78,2,6,95.69638888888888,0.5807149410247803,28.666328,65.04311,-154.980712890625,1.974855211046007
5KPH_2_6_3_id2,0.7983922362327576,0.6325606107711792,93.75805555555556,0.78,2,6,95.69638888888888,0.5807149410247803,28.666328,65.04311,-154.03134155273438,1.9602843390570743
5KPH_2_6_3_id20,2.0806591510772705,0.6923561692237854,95.88111111111112,0.81,2,6,95.69638888888888,0.5807149410247803,28.666328,65.04311,-154.98190307617188,1.9760665893554688
5KPH_2_6_3_id21,0.6690425872802734,2.308521032333374,93.41152777777776,0.78,2,6,95.69638888888888,0.5807149410247803,28.666328,65.04311,-153.3224639892578,1.9627465142144096
5KPH_2_6_3_id22,0.5894843339920044,1.1228647232055664,95.05361111111112,0.81,2,6,95.69638888888888,0.5807149410247803,28.666328,65.04311,-155.10458374023438,1.9659673902723525
5KPH_2_6_3_id23,1.43128502368927,0.7523960471153259,93.42416666666666,0.78,2,6,95.69638888888888,0.5807149410247803,28.666328,65.04311,-153.84445190429688,1.9840081532796223
5KPH_2_6_3_id3,1.8689274787902832,0.8339481949806213,93.3873611111111,0.77,2,6,95.69638888888888,0.5807149410247803,28.666328,65.04311,-154.97158813476562,2.045670403374566
5KPH_2_6_3_id4,1.7748090028762817,0.752286434173584,90.73944444444444,0.75,2,6,95.69638888888888,0.5807149410247803,28.666328,65.04311,-153.87518310546875,1.9854827457004125
5KPH_2_6_3_id5,0.7891063094139099,0.7016932368278503,94.02166666666666,0.78,2,6,95.69638888888888,0.5807149410247803,28.666328,65.04311,-153.10250854492188,2.104235331217448
5KPH_2_6_3_id6,1.6955498456954956,0.7502358555793762,93.09444444444443,0.78,2,6,95.69638888888888,0.5807149410247803,28.666328,65.04311,-152.83567810058594,1.91054195827908
5KPH_2_6_3_id7,1.6605559587478638,0.5903337597846985,94.41916666666668,0.8,2,6,95.69638888888888,0.5807149410247803,28.666328,65.04311,-155.48419189453125,2.005751291910807
5KPH_2_6_3_id8,0.7919470071792603,0.5816003084182739,94.52111111111113,0.79,2,6,95.69638888888888,0.5807149410247803,28.666328,65.04311,-155.7417449951172,1.959122551812066
5KPH_2_6_3_id9,0.6604137420654297,2.1460633277893066,96.63944444444444,0.83,2,6,95.69638888888888,0.5807149410247803,28.666328,65.04311,-154.08010864257812,2.1199684143066406
5KPH_2_6_4_id0,0.7423940896987915,0.8471893668174744,94.41083333333331,0.8,2,6,96.01416666666668,0.6187889575958252,27.992249,63.84693,-151.2712860107422,2.0670189327663846
5KPH_2_6_4_id1,0.9019623398780823,2.2404236793518066,95.32680555555557,0.81,2,6,96.01416666666668,0.6187889575958252,27.992249,63.84693,-154.2648468017578,2.172196282280816
5KPH_2_6_4_id10,0.929789662361145,2.4400694370269775,92.96625,0.78,2,6,96.01416666666668,0.6187889575958252,27.992249,63.84693,-152.4950714111328,2.1364960140652127
5KPH_2_6_4_id11,0.864192545413971,1.288362979888916,90.34666666666666,0.73,2,6,96.01416666666668,0.6187889575958252,27.992249,63.84693,-152.99046325683594,1.986411624484592
5KPH_2_6_4_id12,0.8354672193527222,1.9590320587158203,94.7065277777778,0.79,2,6,96.01416666666668,0.6187889575958252,27.992249,63.84693,-150.88742065429688,2.065203772650825
5KPH_2_6_4_id13,0.9652058482170105,2.2495646476745605,94.31986111111112,0.79,2,6,96.01416666666668,0.6187889575958252,27.992249,63.84693,-151.65293884277344,2.0072023603651257
5KPH_2_6_4_id14,0.851482093334198,0.7091864347457886,93.0325,0.76,2,6,96.01416666666668,0.6187889575958252,27.992249,63.84693,-151.94114685058594,2.004209730360243
5KPH_2_6_4_id15,0.8435205817222595,1.0286427736282349,92.42958333333334,0.76,2,6,96.01416666666668,0.6187889575958252,27.992249,63.84693,-152.68380737304688,2.070406172010633
5KPH_2_6_4_id16,1.758766531944275,1.216640591621399,93.26111111111112,0.76,2,6,96.01416666666668,0.6187889575958252,27.992249,63.84693,-153.3648223876953,1.9849459330240888
5KPH_2_6_4_id17,0.7526416182518005,2.0626308917999268,95.5338888888889,0.83,2,6,96.01416666666668,0.6187889575958252,27.992249,63.84693,-152.40684509277344,2.137944539388021
5KPH_2_6_4_id18,0.9543859362602234,1.4366511106491089,92.55152777777778,0.78,2,6,96.01416666666668,0.6187889575958252,27.992249,63.84693,-151.0608367919922,2.2476509941948786
5KPH_2_6_4_id19,0.9596837759017944,1.0579545497894287,90.63375,0.72,2,6,96.01416666666668,0.6187889575958252,27.992249,63.84693,-152.82821655273438,2.054839875963
5KPH_2_6_4_id2,2.1080875396728516,0.9352202415466309,90.47680555555556,0.75,2,6,96.01416666666668,0.6187889575958252,27.992249,63.84693,-152.56268310546875,1.9777037302653
5KPH_2_6_4_id20,1.942669153213501,0.7530621886253357,93.62541666666668,0.78,2,6,96.01416666666668,0.6187889575958252,27.992249,63.84693,-151.80979919433594,2.041334999932184
5KPH_2_6_4_id21,1.8518098592758179,0.8629153966903687,92.01875,0.77,2,6,96.01416666666668,0.6187889575958252,27.992249,63.84693,-152.0128936767578,1.9474800957573783
5KPH_2_6_4_id22,1.497312068939209,0.8537203073501587,94.0611111111111,0.79,2,6,96.01416666666668,0.6187889575958252,27.992249,63.84693,-152.4571990966797,1.9722152286105683
5KPH_2_6_4_id23,0.9506404399871826,2.170884132385254,93.09347222222222,0.79,2,6,96.01416666666668,0.6187889575958252,27.992249,63.84693,-151.88548278808594,1.9343704647488065
5KPH_2_6_4_id3,0.7697535157203674,1.1423379182815552,92.08638888888888,0.77,2,6,96.01416666666668,0.6187889575958252,27.992249,63.84693,-152.26187133789062,1.9657196468777127
5KPH_2_6_4_id4,1.0292032957077026,0.8018088340759277,90.94138888888888,0.75,2,6,96.01416666666668,0.6187889575958252,27.992249,63.84693,-151.60183715820312,1.9694709777832031
5KPH_2_6_4_id5,0.9240819215774536,0.96240234375,89.56708333333333,0.71,2,6,96.01416666666668,0.6187889575958252,27.992249,63.84693,-153.46934509277344,2.00259886847602
5KPH_2_6_4_id6,0.6795684695243835,1.389981746673584,96.00194444444443,0.82,2,6,96.01416666666668,0.6187889575958252,27.992249,63.84693,-152.24949645996094,2.166324191623264
5KPH_2_6_4_id7,0.7797527313232422,2.2330098152160645,95.41513888888888,0.82,2,6,96.01416666666668,0.6187889575958252,27.992249,63.84693,-151.56948852539062,2.097659640842014
5KPH_2_6_4_id8,1.9854711294174194,1.1172807216644287,90.96375,0.76,2,6,96.01416666666668,0.6187889575958252,27.992249,63.84693,-151.6599578857422,1.9964650472005208
5KPH_2_6_4_id9,2.154533624649048,1.1524887084960938,93.24555555555555,0.76,2,6,96.01416666666668,0.6187889575958252,27.992249,63.84693,-151.6265869140625,2.144154018825955
5KPH_2_6_5_id0,2.1728127002716064,1.077392339706421,91.14194444444443,0.75,2,6,95.32763888888888,0.5483707189559937,27.480957,64.518654,-151.34310913085938,1.9553472730848525
5KPH_2_6_5_id1,1.974751353263855,1.2688980102539062,93.87152777777776,0.8,2,6,95.32763888888888,0.5483707189559937,27.480957,64.518654,-153.01077270507812,1.9596898820665147
5KPH_2_6_5_id10,2.017732620239258,0.7966105937957764,93.35041666666666,0.78,2,6,95.32763888888888,0.5483707189559937,27.480957,64.518654,-152.681884765625,1.9199051327175565
5KPH_2_6_5_id11,2.1706111431121826,1.0967016220092773,89.51319444444445,0.74,2,6,95.32763888888888,0.5483707189559937,27.480957,64.518654,-152.3440399169922,1.936674329969618
5KPH_2_6_5_id12,2.044743776321411,0.7200735807418823,94.54305555555555,0.8,2,6,95.32763888888888,0.5483707189559937,27.480957,64.518654,-150.74957275390625,1.9860343933105469
5KPH_2_6_5_id13,2.178684949874878,1.013915777206421,91.31888888888888,0.75,2,6,95.32763888888888,0.5483707189559937,27.480957,64.518654,-152.7821044921875,1.9618362850613065
5KPH_2_6_5_id15,1.7097769975662231,1.1279155015945435,92.88138888888888,0.76,2,6,95.32763888888888,0.5483707189559937,27.480957,64.518654,-150.9278106689453,2.0073235829671225
5KPH_2_6_5_id16,1.8313363790512085,0.6778764724731445,93.85486111111112,0.79,2,6,95.32763888888888,0.5483707189559937,27.480957,64.518654,-151.9852752685547,2.0296353234185114
5KPH_2_6_5_id17,0.8862288594245911,1.0112385749816895,90.91888888888889,0.73,2,6,95.32763888888888,0.5483707189559937,27.480957,64.518654,-151.05224609375,1.890246921115452
5KPH_2_6_5_id18,1.8441046476364136,0.8705715537071228,94.37222222222222,0.8,2,6,95.32763888888888,0.5483707189559937,27.480957,64.518654,-151.62449645996094,1.947828716701932
5KPH_2_6_5_id19,2.244114637374878,1.1432945728302002,91.08027777777778,0.75,2,6,95.32763888888888,0.5483707189559937,27.480957,64.518654,-154.489501953125,1.954850302802192
5KPH_2_6_5_id2,0.8283731937408447,0.7880144119262695,92.01944444444445,0.76,2,6,95.32763888888888,0.5483707189559937,27.480957,64.518654,-151.76092529296875,2.04714118109809
5KPH_2_6_5_id20,0.7550886869430542,0.8547335863113403,91.83416666666668,0.75,2,6,95.32763888888888,0.5483707189559937,27.480957,64.518654,-152.42872619628906,1.916544172498915
5KPH_2_6_5_id21,0.8527441024780273,1.3518508672714233,93.21291666666669,0.79,2,6,95.32763888888888,0.5483707189559937,27.480957,64.518654,-150.91973876953125,2.04534912109375
5KPH_2_6_5_id22,1.6886529922485352,0.9234314560890198,90.09666666666666,0.73,2,6,95.32763888888888,0.5483707189559937,27.480957,64.518654,-152.46090698242188,1.938399844699436
5KPH_2_6_5_id23,2.254699230194092,0.9243381023406982,93.87138888888887,0.79,2,6,95.32763888888888,0.5483707189559937,27.480957,64.518654,-151.68418884277344,2.0392172071668835
5KPH_2_6_5_id3,1.9296585321426392,1.1346889734268188,91.26375,0.75,2,6,95.32763888888888,0.5483707189559937,27.480957,64.518654,-154.28646850585938,1.945216708713108
5KPH_2_6_5_id4,0.8777199983596802,2.522951126098633,92.43208333333332,0.76,2,6,95.32763888888888,0.5483707189559937,27.480957,64.518654,-151.62628173828125,1.9985398186577688
5KPH_2_6_5_id5,1.8165736198425293,0.9838619828224182,92.33277777777776,0.76,2,6,95.32763888888888,0.5483707189559937,27.480957,64.518654,-150.11019897460938,1.8905616336398647
5KPH_2_6_5_id6,2.214866876602173,1.0141023397445679,90.57652777777778,0.75,2,6,95.32763888888888,0.5483707189559937,27.480957,64.518654,-151.38375854492188,2.0281274583604603
5KPH_2_6_5_id7,2.1376590728759766,1.156696081161499,93.52861111111112,0.77,2,6,95.32763888888888,0.5483707189559937,27.480957,64.518654,-150.3543243408203,1.9131537543402777
5KPH_2_6_5_id8,1.462065577507019,0.9152897000312805,90.50208333333332,0.74,2,6,95.32763888888888,0.5483707189559937,27.480957,64.518654,-152.37063598632812,1.9401257832845047
5KPH_2_6_5_id9,0.8993856906890869,1.1322658061981201,93.8626388888889,0.79,2,6,95.32763888888888,0.5483707189559937,27.480957,64.518654,-151.6981964111328,1.993986341688368
5KPH_2_6_6_id0,1.8178247213363647,0.43745094537734985,95.96375,0.82,2,6,95.89625,0.5098337531089783,27.090137,66.43267,-153.46743774414062,1.9864752027723525
5KPH_2_6_6_id1,0.8017732501029968,0.9399785995483398,93.31375,0.79,2,6,95.89625,0.5098337531089783,27.090137,66.43267,-152.485107421875,1.869079801771376
5KPH_2_6_6_id10,0.8376984596252441,0.7726686596870422,91.85222222222222,0.75,2,6,95.89625,0.5098337531089783,27.090137,66.43267,-151.90745544433594,1.9967664082845047
5KPH_2_6_6_id12,1.7465687990188599,0.784214973449707,91.52333333333333,0.74,2,6,95.89625,0.5098337531089783,27.090137,66.43267,-152.59127807617188,1.8844504886203344
5KPH_2_6_6_id13,2.159905433654785,0.8690988421440125,92.88930555555557,0.77,2,6,95.89625,0.5098337531089783,27.090137,66.43267,-152.2220458984375,1.920704311794705
5KPH_2_6_6_id14,0.8539324402809143,1.585705041885376,94.65680555555556,0.8,2,6,95.89625,0.5098337531089783,27.090137,66.43267,-153.24240112304688,2.033885108100044
5KPH_2_6_6_id15,0.7427147030830383,2.026482343673706,95.58236111111113,0.83,2,6,95.89625,0.5098337531089783,27.090137,66.43267,-151.52867126464844,2.010403527153863
5KPH_2_6_6_id16,0.8061525821685791,0.888695240020752,92.99277777777776,0.78,2,6,95.89625,0.5098337531089783,27.090137,66.43267,-151.5471649169922,1.982521480984158
5KPH_2_6_6_id17,0.7005993723869324,1.0913866758346558,95.0075,0.79,2,6,95.89625,0.5098337531089783,27.090137,66.43267,-152.899169921875,1.9479230244954424
5KPH_2_6_6_id18,1.8868438005447388,0.7400455474853516,92.27861111111112,0.77,2,6,95.89625,0.5098337531089783,27.090137,66.43267,-152.12156677246094,1.8547645144992404
5KPH_2_6_6_id19,0.8256980776786804,0.5958924293518066,94.7475,0.79,2,6,95.89625,0.5098337531089783,27.090137,66.43267,-154.43515014648438,1.9641488393147783
5KPH_2_6_6_id2,0.8015575408935547,2.0507099628448486,94.03930555555556,0.8,2,6,95.89625,0.5098337531089783,27.090137,66.43267,-153.06842041015625,2.115303039550781
5KPH_2_6_6_id21,0.7616021633148193,2.304751396179199,92.90291666666668,0.78,2,6,95.89625,0.5098337531089783,27.090137,66.43267,-150.6560821533203,1.935604731241862
5KPH_2_6_6_id22,0.8544426560401917,0.8441154956817627,92.39736111111112,0.78,2,6,95.89625,0.5098337531089783,27.090137,66.43267,-151.83815002441406,1.9245435926649304
5KPH_2_6_6_id23,1.9451830387115479,0.7389946579933167,94.13569444444444,0.79,2,6,95.89625,0.5098337531089783,27.090137,66.43267,-151.84947204589844,1.9056735568576388
5KPH_2_6_6_id3,0.9593607783317566,2.3549540042877197,94.03402777777778,0.8,2,6,95.89625,0.5098337531089783,27.090137,66.43267,-152.01693725585938,2.017457962036133
5KPH_2_6_6_id4,0.696631669998169,0.8408938050270081,93.75069444444443,0.78,2,6,95.89625,0.5098337531089783,27.090137,66.43267,-152.8751983642578,1.82288572523329
5KPH_2_6_6_id5,0.850098729133606,0.8520695567131042,93.14458333333332,0.77,2,6,95.89625,0.5098337531089783,27.090137,66.43267,-151.30003356933594,2.0427029927571616
5KPH_2_6_6_id6,2.3979225158691406,0.9908318519592285,94.59819444444446,0.8,2,6,95.89625,0.5098337531089783,27.090137,66.43267,-153.81309509277344,1.90730963812934
5KPH_2_6_6_id7,0.7419179677963257,0.8993532061576843,92.98944444444444,0.78,2,6,95.89625,0.5098337531089783,27.090137,66.43267,-151.10060119628906,2.014503902859158
5KPH_2_6_6_id8,2.120993137359619,0.6663296818733215,94.33319444444444,0.81,2,6,95.89625,0.5098337531089783,27.090137,66.43267,-153.71646118164062,1.9953219095865888
5KPH_2_6_6_id9,1.6707878112792969,0.6218103170394897,95.00638888888888,0.8,2,6,95.89625,0.5098337531089783,27.090137,66.43267,-153.60568237304688,1.8139699300130208
5KPH_2_6_7_id0,1.7619678974151611,0.6601684093475342,93.23958333333331,0.79,2,6,94.89958333333334,0.406010240316391,28.314137,64.24586,-152.7012176513672,1.925072140163845
5KPH_2_6_7_id1,1.9740643501281738,0.7582322359085083,93.78930555555556,0.79,2,6,94.89958333333334,0.406010240316391,28.314137,64.24586,-153.50682067871094,1.821677737765842
5KPH_2_6_7_id10,2.1568734645843506,0.9838334321975708,91.41638888888887,0.74,2,6,94.89958333333334,0.406010240316391,28.314137,64.24586,-153.51344299316406,1.843869103325738
5KPH_2_6_7_id11,1.6524615287780762,0.6790204048156738,93.64833333333334,0.78,2,6,94.89958333333334,0.406010240316391,28.314137,64.24586,-154.00363159179688,1.8351368374294703
5KPH_2_6_7_id12,0.829616129398346,0.854658842086792,92.2351388888889,0.75,2,6,94.89958333333334,0.406010240316391,28.314137,64.24586,-153.22567749023438,1.8887973361545136
5KPH_2_6_7_id13,0.9513025283813477,0.8585488796234131,93.83444444444444,0.78,2,6,94.89958333333334,0.406010240316391,28.314137,64.24586,-153.43405151367188,1.9817771911621087
5KPH_2_6_7_id14,1.4742546081542969,0.7700702548027039,91.24986111111112,0.75,2,6,94.89958333333334,0.406010240316391,28.314137,64.24586,-154.38681030273438,1.869774288601345
5KPH_2_6_7_id15,2.012092351913452,0.883097767829895,93.67,0.8,2,6,94.89958333333334,0.406010240316391,28.314137,64.24586,-153.2825927734375,1.993114259507921
5KPH_2_6_7_id16,0.980801522731781,0.7299180626869202,93.59597222222222,0.79,2,6,94.89958333333334,0.406010240316391,28.314137,64.24586,-151.4464874267578,2.0028894212510853
5KPH_2_6_7_id17,0.9405245184898376,2.4699723720550537,95.50305555555556,0.81,2,6,94.89958333333334,0.406010240316391,28.314137,64.24586,-155.71385192871094,1.945203993055556
5KPH_2_6_7_id18,2.1393849849700928,0.8610976338386536,92.37194444444444,0.76,2,6,94.89958333333334,0.406010240316391,28.314137,64.24586,-154.98916625976562,1.8651881747775607
5KPH_2_6_7_id19,1.0025856494903564,0.7245513796806335,95.15625,0.81,2,6,94.89958333333334,0.406010240316391,28.314137,64.24586,-153.3345489501953,1.947121090359158
5KPH_2_6_7_id2,1.0655699968338013,0.7210503816604614,94.2,0.79,2,6,94.89958333333334,0.406010240316391,28.314137,64.24586,-153.56703186035156,1.9409974416097004
5KPH_2_6_7_id20,0.6779135465621948,0.7199264168739319,92.01194444444444,0.76,2,6,94.89958333333334,0.406010240316391,28.314137,64.24586,-152.47914123535156,1.909776899549696
5KPH_2_6_7_id21,1.598327398300171,0.632354199886322,93.915,0.79,2,6,94.89958333333334,0.406010240316391,28.314137,64.24586,-155.18902587890625,1.892703162299262
5KPH_2_6_7_id22,0.7461825609207153,1.0781831741333008,94.25861111111112,0.8,2,6,94.89958333333334,0.406010240316391,28.314137,64.24586,-155.6306610107422,1.941757414076064
5KPH_2_6_7_id23,0.7826120853424072,0.9342823624610901,93.68208333333332,0.8,2,6,94.89958333333334,0.406010240316391,28.314137,64.24586,-153.537109375,1.8227594163682723
5KPH_2_6_7_id3,1.8729569911956787,0.8241974711418152,93.4361111111111,0.79,2,6,94.89958333333334,0.406010240316391,28.314137,64.24586,-154.02194213867188,1.896167755126953
5KPH_2_6_7_id4,1.7158499956130981,0.8049246668815613,94.46444444444444,0.79,2,6,94.89958333333334,0.406010240316391,28.314137,64.24586,-151.6731719970703,1.9613126118977864
5KPH_2_6_7_id5,1.8065181970596313,0.8259291648864746,91.71236111111112,0.76,2,6,94.89958333333334,0.406010240316391,28.314137,64.24586,-150.80242919921875,2.037464353773329
5KPH_2_6_7_id6,2.0407938957214355,0.8950668573379517,90.76555555555557,0.75,2,6,94.89958333333334,0.406010240316391,28.314137,64.24586,-153.6405487060547,1.8882361518012152
5KPH_2_6_7_id7,0.7887192368507385,0.8354078531265259,92.56694444444445,0.78,2,6,94.89958333333334,0.406010240316391,28.314137,64.24586,-152.08660888671875,1.9570371839735243
5KPH_2_6_7_id8,0.826209306716919,0.8304469585418701,93.20680555555556,0.76,2,6,94.89958333333334,0.406010240316391,28.314137,64.24586,-152.74842834472656,1.9421405792236328
5KPH_2_6_7_id9,2.00724458694458,0.8980393409729004,91.43291666666669,0.75,2,6,94.89958333333334,0.406010240316391,28.314137,64.24586,-153.0379180908203,1.9639530181884768
5KPH_2_6_8_id0,1.733837604522705,0.6674479246139526,95.3998611111111,0.8,2,6,96.47208333333332,0.5426095128059387,28.037792,64.4331,-149.88778686523438,1.901117112901476
5KPH_2_6_8_id1,1.5713144540786743,0.9152439832687378,94.58180555555556,0.79,2,6,96.47208333333332,0.5426095128059387,28.037792,64.4331,-150.78512573242188,1.842832777235243
5KPH_2_6_8_id10,0.6467261910438538,2.053887128829956,94.74291666666666,0.81,2,6,96.47208333333332,0.5426095128059387,28.037792,64.4331,-149.64773559570312,2.023627811008029
5KPH_2_6_8_id11,2.2130188941955566,1.1518845558166504,93.99763888888889,0.8,2,6,96.47208333333332,0.5426095128059387,28.037792,64.4331,-149.6654052734375,2.0578545464409723
5KPH_2_6_8_id12,0.8006559014320374,1.2999234199523926,94.28847222222224,0.79,2,6,96.47208333333332,0.5426095128059387,28.037792,64.4331,-149.68218994140625,1.9011768764919703
5KPH_2_6_8_id13,1.7727748155593872,0.596630334854126,95.94347222222224,0.82,2,6,96.47208333333332,0.5426095128059387,28.037792,64.4331,-150.2852783203125,1.993315166897244
5KPH_2_6_8_id14,0.9433282613754272,1.4275686740875244,91.85319444444444,0.75,2,6,96.47208333333332,0.5426095128059387,28.037792,64.4331,-149.2364501953125,1.862876468234592
5KPH_2_6_8_id15,0.9516820907592773,0.99348384141922,95.20375,0.8,2,6,96.47208333333332,0.5426095128059387,28.037792,64.4331,-147.7632598876953,1.8551648457845047
5KPH_2_6_8_id16,1.9166648387908936,1.2858761548995972,93.79944444444445,0.79,2,6,96.47208333333332,0.5426095128059387,28.037792,64.4331,-149.55055236816406,1.9656626383463545
5KPH_2_6_8_id17,0.9336172938346863,1.266789197921753,91.50319444444445,0.75,2,6,96.47208333333332,0.5426095128059387,28.037792,64.4331,-149.87045288085938,2.015232933892144
5KPH_2_6_8_id18,0.6990131139755249,0.8210234045982361,93.71652777777778,0.78,2,6,96.47208333333332,0.5426095128059387,28.037792,64.4331,-151.17337036132812,1.8368100060356989
5KPH_2_6_8_id19,0.8029026389122009,1.0919625759124756,93.38013888888888,0.78,2,6,96.47208333333332,0.5426095128059387,28.037792,64.4331,-150.80364990234375,1.9468313852945964
5KPH_2_6_8_id2,2.5278074741363525,1.4447225332260132,91.29291666666668,0.76,2,6,96.47208333333332,0.5426095128059387,28.037792,64.4331,-150.0875701904297,1.870660781860352
5KPH_2_6_8_id20,0.7714232802391052,1.0015772581100464,93.49680555555555,0.78,2,6,96.47208333333332,0.5426095128059387,28.037792,64.4331,-150.7100372314453,1.9340731302897136
5KPH_2_6_8_id21,1.40419602394104,0.9371254444122314,94.52041666666666,0.78,2,6,96.47208333333332,0.5426095128059387,28.037792,64.4331,-150.15072631835938,1.866356743706597
5KPH_2_6_8_id22,2.7397005558013916,1.7463892698287964,90.90555555555557,0.74,2,6,96.47208333333332,0.5426095128059387,28.037792,64.4331,-150.52700805664062,1.9050430721706813
5KPH_2_6_8_id23,0.8493135571479797,1.1538336277008057,92.13208333333334,0.76,2,6,96.47208333333332,0.5426095128059387,28.037792,64.4331,-151.55116271972656,1.8972015380859373
5KPH_2_6_8_id3,2.266810655593872,1.0845102071762085,94.38236111111112,0.79,2,6,96.47208333333332,0.5426095128059387,28.037792,64.4331,-147.65725708007812,2.112958272298177
5KPH_2_6_8_id4,0.7329150438308716,1.9291315078735352,94.52791666666668,0.81,2,6,96.47208333333332,0.5426095128059387,28.037792,64.4331,-149.9488525390625,2.060670640733507
5KPH_2_6_8_id5,0.7397902011871338,1.239916205406189,92.99375,0.78,2,6,96.47208333333332,0.5426095128059387,28.037792,64.4331,-150.24105834960938,1.8912798563639324
5KPH_2_6_8_id6,0.7055513858795166,0.8836326003074646,93.03208333333332,0.76,2,6,96.47208333333332,0.5426095128059387,28.037792,64.4331,-151.06240844726562,1.8471474117702908
5KPH_2_6_8_id7,1.1127197742462158,0.7779679298400879,93.4376388888889,0.78,2,6,96.47208333333332,0.5426095128059387,28.037792,64.4331,-151.2694091796875,1.852768156263564
5KPH_2_6_8_id8,1.0802370309829712,1.0260703563690186,88.86277777777778,0.7,2,6,96.47208333333332,0.5426095128059387,28.037792,64.4331,-150.81248474121094,1.8796437581380208
5KPH_2_6_8_id9,1.855938196182251,0.9451334476470947,94.965,0.81,2,6,96.47208333333332,0.5426095128059387,28.037792,64.4331,-149.74591064453125,2.0966993967692056
5KPH_2_6_9_id0,1.9645063877105713,0.7931379675865173,93.5886111111111,0.78,2,6,94.56138888888889,0.6614145040512085,28.183655,65.70494,-155.06150817871094,1.817899703979492
5KPH_2_6_9_id1,0.7140765190124512,2.006495952606201,94.8438888888889,0.82,2,6,94.56138888888889,0.6614145040512085,28.183655,65.70494,-154.54161071777344,1.991919411553277
5KPH_2_6_9_id10,2.2859392166137695,1.0161159038543701,95.27805555555555,0.81,2,6,94.56138888888889,0.6614145040512085,28.183655,65.70494,-155.6405487060547,1.877593994140625
5KPH_2_6_9_id11,0.9691301584243774,0.9355165362358093,93.89861111111112,0.79,2,6,94.56138888888889,0.6614145040512085,28.183655,65.70494,-153.78878784179688,1.765376091003418
5KPH_2_6_9_id12,1.5302246809005737,1.0048333406448364,94.25569444444444,0.8,2,6,94.56138888888889,0.6614145040512085,28.183655,65.70494,-153.92221069335938,1.8812467787000868
5KPH_2_6_9_id13,2.282634735107422,0.8764333128929138,95.6690277777778,0.82,2,6,94.56138888888889,0.6614145040512085,28.183655,65.70494,-156.1595001220703,1.8568286895751955
5KPH_2_6_9_id14,1.846199870109558,0.7671678066253662,93.65305555555555,0.79,2,6,94.56138888888889,0.6614145040512085,28.183655,65.70494,-153.94705200195312,1.8130518595377605
5KPH_2_6_9_id15,2.3693528175354004,1.219725251197815,94.77277777777778,0.81,2,6,94.56138888888889,0.6614145040512085,28.183655,65.70494,-153.70529174804688,1.9043888515896268
5KPH_2_6_9_id16,2.194894552230835,0.8747170567512512,95.85277777777776,0.82,2,6,94.56138888888889,0.6614145040512085,28.183655,65.70494,-154.2597198486328,1.9441769917805989
5KPH_2_6_9_id17,0.6661524772644043,1.8952975273132324,94.94180555555556,0.81,2,6,94.56138888888889,0.6614145040512085,28.183655,65.70494,-153.60635375976562,2.019881354437934
5KPH_2_6_9_id18,2.2505927085876465,0.8860772848129272,95.25347222222224,0.81,2,6,94.56138888888889,0.6614145040512085,28.183655,65.70494,-152.58042907714844,2.0108990139431424
5KPH_2_6_9_id19,2.1335577964782715,0.863785982131958,94.7063888888889,0.79,2,6,94.56138888888889,0.6614145040512085,28.183655,65.70494,-153.81776428222656,1.8673019409179688
5KPH_2_6_9_id2,2.2179691791534424,0.9020914435386658,94.88666666666668,0.81,2,6,94.56138888888889,0.6614145040512085,28.183655,65.70494,-154.34292602539062,1.906539069281684
5KPH_2_6_9_id20,0.7395083904266357,0.9999707341194153,92.1222222222222,0.76,2,6,94.56138888888889,0.6614145040512085,28.183655,65.70494,-154.6235809326172,1.9024564954969616
5KPH_2_6_9_id21,0.9041216969490051,2.283643960952759,94.78569444444445,0.8,2,6,94.56138888888889,0.6614145040512085,28.183655,65.70494,-153.72659301757812,1.906312730577257
5KPH_2_6_9_id22,0.6656686663627625,1.9801054000854492,93.63680555555555,0.79,2,6,94.56138888888889,0.6614145040512085,28.183655,65.70494,-152.0289306640625,2.1038146548801
5KPH_2_6_9_id23,0.8001707196235657,1.1946035623550415,95.78930555555556,0.82,2,6,94.56138888888889,0.6614145040512085,28.183655,65.70494,-155.12330627441406,1.8126854366726344
5KPH_2_6_9_id3,0.8075408935546875,0.8617516160011292,93.76916666666666,0.78,2,6,94.56138888888889,0.6614145040512085,28.183655,65.70494,-154.6858367919922,1.7638360129462347
5KPH_2_6_9_id4,2.0329787731170654,0.6330834031105042,94.40444444444444,0.8,2,6,94.56138888888889,0.6614145040512085,28.183655,65.70494,-155.07518005371094,1.819906022813585
5KPH_2_6_9_id5,0.6598809957504272,0.8340346813201904,94.705,0.8,2,6,94.56138888888889,0.6614145040512085,28.183655,65.70494,-154.43800354003906,1.81968625386556
5KPH_2_6_9_id6,0.766372799873352,1.1158987283706665,93.22625,0.77,2,6,94.56138888888889,0.6614145040512085,28.183655,65.70494,-155.66903686523438,1.7982699076334636
5KPH_2_6_9_id7,0.755772590637207,0.7462666630744934,93.00819444444444,0.76,2,6,94.56138888888889,0.6614145040512085,28.183655,65.70494,-154.30404663085938,1.8327793545193145
5KPH_2_6_9_id8,0.7817959785461426,0.7624914050102234,94.68263888888887,0.8,2,6,94.56138888888889,0.6614145040512085,28.183655,65.70494,-154.80007934570312,1.9143151177300348
5KPH_2_6_9_id9,2.4921185970306396,0.9760185480117798,95.1125,0.81,2,6,94.56138888888889,0.6614145040512085,28.183655,65.70494,-156.7189178466797,1.8908091651068792
5KPH_2_8_0_id0,0.7956293821334839,2.166424036026001,94.8751388888889,0.81,2,8,95.81041666666664,0.6134266257286072,27.813906,63.542465,-151.2305908203125,2.0677261352539062
5KPH_2_8_0_id1,0.8273298740386963,1.1313499212265015,92.45430555555556,0.76,2,8,95.81041666666664,0.6134266257286072,27.813906,63.542465,-151.74188232421875,1.879358079698351
5KPH_2_8_0_id10,0.8397006392478943,0.9287230968475342,94.44375,0.8,2,8,95.81041666666664,0.6134266257286072,27.813906,63.542465,-151.9247283935547,1.8963603973388672
5KPH_2_8_0_id11,1.6385648250579834,0.7952325344085693,92.94055555555556,0.77,2,8,95.81041666666664,0.6134266257286072,27.813906,63.542465,-148.62091064453125,1.9917261335584853
5KPH_2_8_0_id12,0.7635053992271423,0.9925998449325562,92.83944444444444,0.76,2,8,95.81041666666664,0.6134266257286072,27.813906,63.542465,-152.1918487548828,1.8228878445095489
5KPH_2_8_0_id13,0.8347485661506653,1.3308359384536743,94.12458333333332,0.79,2,8,95.81041666666664,0.6134266257286072,27.813906,63.542465,-151.3673095703125,1.96802732679579
5KPH_2_8_0_id14,1.026597261428833,0.7944257259368896,92.2213888888889,0.77,2,8,95.81041666666664,0.6134266257286072,27.813906,63.542465,-151.7203826904297,2.003079308403863
5KPH_2_8_0_id15,0.9290858507156372,0.9082103371620178,92.79583333333332,0.77,2,8,95.81041666666664,0.6134266257286072,27.813906,63.542465,-152.03533935546875,1.837779574924045
5KPH_2_8_0_id16,1.813653588294983,1.0282940864562988,93.53680555555556,0.78,2,8,95.81041666666664,0.6134266257286072,27.813906,63.542465,-152.29420471191406,1.8570774926079645
5KPH_2_8_0_id17,0.872435450553894,0.6907162666320801,93.27833333333334,0.79,2,8,95.81041666666664,0.6134266257286072,27.813906,63.542465,-151.58154296875,1.9532303280300565
5KPH_2_8_0_id18,2.2807443141937256,1.1432334184646606,90.89972222222222,0.75,2,8,95.81041666666664,0.6134266257286072,27.813906,63.542465,-153.4833221435547,1.7903046078152127
5KPH_2_8_0_id19,1.2498081922531128,0.933305561542511,90.8225,0.74,2,8,95.81041666666664,0.6134266257286072,27.813906,63.542465,-149.01266479492188,1.9279068840874567
5KPH_2_8_0_id2,0.8486756682395935,2.3619680404663086,95.46555555555555,0.82,2,8,95.81041666666664,0.6134266257286072,27.813906,63.542465,-149.74549865722656,2.035313288370768
5KPH_2_8_0_id20,1.352272629737854,0.7143371105194092,94.64041666666668,0.8,2,8,95.81041666666664,0.6134266257286072,27.813906,63.542465,-149.18075561523438,1.9828179677327475
5KPH_2_8_0_id21,0.7826918959617615,1.0169490575790405,93.31861111111112,0.78,2,8,95.81041666666664,0.6134266257286072,27.813906,63.542465,-152.0513153076172,1.8434594472249348
5KPH_2_8_0_id22,0.818552553653717,1.1658436059951782,93.59458333333332,0.77,2,8,95.81041666666664,0.6134266257286072,27.813906,63.542465,-151.69491577148438,1.962985144721137
5KPH_2_8_0_id23,1.004922866821289,0.846804678440094,93.32208333333332,0.79,2,8,95.81041666666664,0.6134266257286072,27.813906,63.542465,-152.68923950195312,1.7503237194485135
5KPH_2_8_0_id3,0.7867819666862488,0.93971186876297,93.70486111111111,0.77,2,8,95.81041666666664,0.6134266257286072,27.813906,63.542465,-152.61032104492188,1.8498208787706163
5KPH_2_8_0_id4,0.9214656352996826,2.1763501167297363,93.25569444444444,0.78,2,8,95.81041666666664,0.6134266257286072,27.813906,63.542465,-152.72998046875,1.8160052829318576
5KPH_2_8_0_id5,0.9907633662223816,2.578284740447998,95.91833333333334,0.83,2,8,95.81041666666664,0.6134266257286072,27.813906,63.542465,-149.87313842773438,2.1157815721299915
5KPH_2_8_0_id6,0.9091401100158691,1.174074411392212,94.39166666666668,0.8,2,8,95.81041666666664,0.6134266257286072,27.813906,63.542465,-154.57733154296875,1.8471327887641056
5KPH_2_8_0_id7,1.0488064289093018,0.9187544584274292,90.92416666666668,0.74,2,8,95.81041666666664,0.6134266257286072,27.813906,63.542465,-152.3931427001953,2.0293407440185547
5KPH_2_8_0_id8,0.8347497582435608,2.060307741165161,94.62416666666668,0.8,2,8,95.81041666666664,0.6134266257286072,27.813906,63.542465,-151.19174194335938,1.9093716939290364
5KPH_2_8_0_id9,1.0731810331344604,2.3081672191619873,93.6434722222222,0.8,2,8,95.81041666666664,0.6134266257286072,27.813906,63.542465,-152.32904052734375,1.823102315266927
5KPH_2_8_1_id0,1.0425859689712524,2.4093339443206787,94.57402777777776,0.81,2,8,96.26555555555557,0.6025243997573853,28.702074,64.5545,-147.58030700683594,2.3269081115722656
5KPH_2_8_1_id1,2.4821150302886963,1.7134909629821777,94.58319444444444,0.81,2,8,96.26555555555557,0.6025243997573853,28.702074,64.5545,-151.405517578125,2.0412635803222656
5KPH_2_8_1_id10,0.851254940032959,1.5937501192092896,94.49361111111112,0.8,2,8,96.26555555555557,0.6025243997573853,28.702074,64.5545,-150.6576690673828,2.245239893595377
5KPH_2_8_1_id11,0.8399492502212524,1.2688477039337158,92.70986111111112,0.79,2,8,96.26555555555557,0.6025243997573853,28.702074,64.5545,-151.00558471679688,2.2630852593315973
5KPH_2_8_1_id12,1.0659476518630981,2.3621652126312256,92.86777777777776,0.77,2,8,96.26555555555557,0.6025243997573853,28.702074,64.5545,-149.46939086914062,2.1706665886773004
5KPH_2_8_1_id13,0.850073516368866,0.937190592288971,94.58902777777776,0.79,2,8,96.26555555555557,0.6025243997573853,28.702074,64.5545,-151.77381896972656,1.9125315348307288
5KPH_2_8_1_id14,1.2911100387573242,0.5211562514305115,94.99930555555557,0.8,2,8,96.26555555555557,0.6025243997573853,28.702074,64.5545,-149.54811096191406,2.101267920600044
5KPH_2_8_1_id15,0.7849400639533997,0.8033501505851746,92.83791666666669,0.77,2,8,96.26555555555557,0.6025243997573853,28.702074,64.5545,-151.273193359375,2.0184605916341147
5KPH_2_8_1_id16,0.795881986618042,1.9538538455963135,96.16194444444444,0.83,2,8,96.26555555555557,0.6025243997573853,28.702074,64.5545,-150.95680236816406,2.305400848388672
5KPH_2_8_1_id17,0.9849947094917297,2.241647243499756,94.37152777777776,0.8,2,8,96.26555555555557,0.6025243997573853,28.702074,64.5545,-151.44216918945312,2.038260565863715
5KPH_2_8_1_id18,2.384523630142212,1.032713532447815,94.4176388888889,0.8,2,8,96.26555555555557,0.6025243997573853,28.702074,64.5545,-148.56716918945312,1.9953706529405384
5KPH_2_8_1_id19,0.8563220500946045,1.5121392011642456,92.33125,0.77,2,8,96.26555555555557,0.6025243997573853,28.702074,64.5545,-150.4742431640625,2.138114717271593
5KPH_2_8_1_id2,0.7448833584785461,0.8580752611160278,94.44555555555556,0.81,2,8,96.26555555555557,0.6025243997573853,28.702074,64.5545,-152.0174560546875,2.0316908094618054
5KPH_2_8_1_id20,0.7961986660957336,0.7668209671974182,94.7323611111111,0.8,2,8,96.26555555555557,0.6025243997573853,28.702074,64.5545,-150.27076721191406,2.0199000040690103
5KPH_2_8_1_id21,0.8830351233482361,1.9316341876983643,92.48861111111113,0.76,2,8,96.26555555555557,0.6025243997573853,28.702074,64.5545,-150.08566284179688,2.1717046101888022
5KPH_2_8_1_id22,0.7256683707237244,2.1507344245910645,95.48166666666668,0.81,2,8,96.26555555555557,0.6025243997573853,28.702074,64.5545,-148.27352905273438,2.167300330268012
5KPH_2_8_1_id23,0.8441900014877319,1.7220265865325928,94.45986111111112,0.8,2,8,96.26555555555557,0.6025243997573853,28.702074,64.5545,-150.48394775390625,2.036211437649197
5KPH_2_8_1_id3,0.7776925563812256,1.2843098640441895,93.39027777777778,0.77,2,8,96.26555555555557,0.6025243997573853,28.702074,64.5545,-150.72085571289062,2.03293948703342
5KPH_2_8_1_id4,0.7465364336967468,1.2834049463272095,91.76236111111112,0.76,2,8,96.26555555555557,0.6025243997573853,28.702074,64.5545,-148.44146728515625,2.103038575914171
5KPH_2_8_1_id5,2.103351593017578,0.9751524329185486,91.14458333333332,0.74,2,8,96.26555555555557,0.6025243997573853,28.702074,64.5545,-151.4337921142578,1.9522853427463107
5KPH_2_8_1_id6,0.8177669644355774,2.3649909496307373,94.98319444444444,0.82,2,8,96.26555555555557,0.6025243997573853,28.702074,64.5545,-149.8892822265625,2.2540181477864585
5KPH_2_8_1_id7,0.9000362157821655,0.8757333755493164,91.56069444444444,0.75,2,8,96.26555555555557,0.6025243997573853,28.702074,64.5545,-148.8209228515625,1.7924622429741754
5KPH_2_8_1_id8,0.8063340187072754,0.8309112787246704,93.67944444444444,0.77,2,8,96.26555555555557,0.6025243997573853,28.702074,64.5545,-148.57699584960938,2.129845513237848
5KPH_2_8_1_id9,1.3817428350448608,1.0552661418914795,91.12125,0.75,2,8,96.26555555555557,0.6025243997573853,28.702074,64.5545,-149.98077392578125,2.023498959011502
5KPH_2_8_2_id0,0.7512018084526062,2.006840229034424,94.87708333333332,0.81,2,8,93.52819444444444,0.7098019123077393,27.755682,63.895203,-149.05892944335938,2.1299771202935114
5KPH_2_8_2_id1,1.7342509031295776,0.9825013279914856,91.20222222222225,0.75,2,8,93.52819444444444,0.7098019123077393,27.755682,63.895203,-145.82366943359375,1.992997487386068
5KPH_2_8_2_id10,0.6981385350227356,0.7974209189414978,93.65625,0.77,2,8,93.52819444444444,0.7098019123077393,27.755682,63.895203,-149.3721466064453,1.9127095540364585
5KPH_2_8_2_id11,0.7800177335739136,1.5574449300765991,93.63722222222222,0.8,2,8,93.52819444444444,0.7098019123077393,27.755682,63.895203,-151.06399536132812,1.909497578938802
5KPH_2_8_2_id12,1.6817412376403809,0.8140655755996704,91.50902777777776,0.76,2,8,93.52819444444444,0.7098019123077393,27.755682,63.895203,-147.101318359375,1.9714016384548607
5KPH_2_8_2_id13,0.6102664470672607,0.7837148904800415,94.26541666666668,0.79,2,8,93.52819444444444,0.7098019123077393,27.755682,63.895203,-150.44883728027344,1.934611638387044
5KPH_2_8_2_id14,0.7482197880744934,1.3284214735031128,94.49430555555554,0.81,2,8,93.52819444444444,0.7098019123077393,27.755682,63.895203,-146.74305725097656,2.1514470842149525
5KPH_2_8_2_id15,1.8977689743041992,0.8937537670135498,91.35319444444444,0.74,2,8,93.52819444444444,0.7098019123077393,27.755682,63.895203,-148.93161010742188,1.8543207380506728
5KPH_2_8_2_id16,0.7286759614944458,1.950059413909912,95.27541666666669,0.82,2,8,93.52819444444444,0.7098019123077393,27.755682,63.895203,-148.46640014648438,1.866128921508789
5KPH_2_8_2_id17,0.7453566193580627,0.8425090909004211,94.62402777777778,0.81,2,8,93.52819444444444,0.7098019123077393,27.755682,63.895203,-148.70565795898438,1.9764942593044703
5KPH_2_8_2_id18,1.9225655794143677,0.8130500316619873,94.47361111111113,0.78,2,8,93.52819444444444,0.7098019123077393,27.755682,63.895203,-150.82345581054688,1.811236063639323
5KPH_2_8_2_id19,0.6926077604293823,1.1540629863739014,94.00708333333334,0.78,2,8,93.52819444444444,0.7098019123077393,27.755682,63.895203,-150.22036743164062,1.9386533101399737
5KPH_2_8_2_id2,0.6509455442428589,1.805831789970398,94.92833333333334,0.82,2,8,93.52819444444444,0.7098019123077393,27.755682,63.895203,-151.32980346679688,1.856964747111003
5KPH_2_8_2_id20,1.0234718322753906,0.7814692854881287,93.88875,0.77,2,8,93.52819444444444,0.7098019123077393,27.755682,63.895203,-148.68675231933594,1.7748599582248263
5KPH_2_8_2_id21,0.9522790312767029,0.7697834968566895,93.74763888888889,0.77,2,8,93.52819444444444,0.7098019123077393,27.755682,63.895203,-148.60604858398438,1.9035216437445743
5KPH_2_8_2_id22,1.5266543626785278,0.9201440811157227,92.84958333333331,0.78,2,8,93.52819444444444,0.7098019123077393,27.755682,63.895203,-148.33302307128906,1.9973405202229817
5KPH_2_8_2_id23,1.045440673828125,0.9632236957550049,93.6825,0.78,2,8,93.52819444444444,0.7098019123077393,27.755682,63.895203,-148.12464904785156,1.9651099310980904
5KPH_2_8_2_id3,0.809760570526123,1.7411937713623047,93.64458333333332,0.79,2,8,93.52819444444444,0.7098019123077393,27.755682,63.895203,-151.1317901611328,1.9786648220486112
5KPH_2_8_2_id4,0.7150818705558777,0.7900669574737549,92.95472222222222,0.76,2,8,93.52819444444444,0.7098019123077393,27.755682,63.895203,-150.15933227539062,1.8751568264431424
5KPH_2_8_2_id5,2.0400335788726807,0.9377217888832092,94.02472222222222,0.77,2,8,93.52819444444444,0.7098019123077393,27.755682,63.895203,-148.02857971191406,1.9834024641248915
5KPH_2_8_2_id6,0.8801614046096802,0.8284391164779663,92.6322222222222,0.76,2,8,93.52819444444444,0.7098019123077393,27.755682,63.895203,-149.05755615234375,1.889590793185764
5KPH_2_8_2_id7,0.730410099029541,1.0140491724014282,92.58583333333333,0.77,2,8,93.52819444444444,0.7098019123077393,27.755682,63.895203,-149.86962890625,1.9703848097059464
5KPH_2_8_2_id8,0.6162551641464233,0.7710041999816895,94.03027777777778,0.79,2,8,93.52819444444444,0.7098019123077393,27.755682,63.895203,-149.60540771484375,1.89272583855523
5KPH_2_8_2_id9,0.7790859937667847,1.948591709136963,95.36444444444444,0.83,2,8,93.52819444444444,0.7098019123077393,27.755682,63.895203,-148.87457275390625,1.997821807861328
5KPH_2_8_3_id0,0.9774408936500549,1.1072571277618408,93.2401388888889,0.77,2,8,93.02805555555555,0.6488792896270752,27.66535,63.960403,-154.00216674804688,1.8706847296820743
5KPH_2_8_3_id1,0.7127788066864014,1.035628318786621,94.32013888888888,0.8,2,8,93.02805555555555,0.6488792896270752,27.66535,63.960403,-155.5428924560547,1.7643091413709853
5KPH_2_8_3_id10,0.861522376537323,0.883651852607727,94.56611111111113,0.8,2,8,93.02805555555555,0.6488792896270752,27.66535,63.960403,-154.14268493652344,1.874130460951064
5KPH_2_8_3_id11,0.952241837978363,1.251680612564087,92.50458333333331,0.77,2,8,93.02805555555555,0.6488792896270752,27.66535,63.960403,-153.57888793945312,1.9001488155788848
5KPH_2_8_3_id12,0.8614142537117004,1.5626126527786255,93.44083333333332,0.78,2,8,93.02805555555555,0.6488792896270752,27.66535,63.960403,-152.88449096679688,1.87850824991862
5KPH_2_8_3_id13,0.8607190251350403,2.105628490447998,95.17930555555556,0.82,2,8,93.02805555555555,0.6488792896270752,27.66535,63.960403,-151.60816955566406,1.960906982421875
5KPH_2_8_3_id14,0.8809530735015869,0.9892947673797607,93.04513888888889,0.77,2,8,93.02805555555555,0.6488792896270752,27.66535,63.960403,-151.9861602783203,1.81338119506836
5KPH_2_8_3_id15,0.7858022451400757,0.7529343962669373,91.85958333333332,0.77,2,8,93.02805555555555,0.6488792896270752,27.66535,63.960403,-151.3249053955078,1.8606198628743489
5KPH_2_8_3_id16,2.357997417449951,0.928253710269928,94.86666666666667,0.81,2,8,93.02805555555555,0.6488792896270752,27.66535,63.960403,-153.9456329345703,1.8720097011990016
5KPH_2_8_3_id17,0.6671651005744934,1.8638020753860474,94.29513888888889,0.81,2,8,93.02805555555555,0.6488792896270752,27.66535,63.960403,-151.88377380371094,1.9235248565673828
5KPH_2_8_3_id18,0.7630623579025269,0.8461229205131531,93.52833333333336,0.78,2,8,93.02805555555555,0.6488792896270752,27.66535,63.960403,-150.53564453125,1.978911293877496
5KPH_2_8_3_id19,0.7263846397399902,0.7023265957832336,92.58138888888888,0.77,2,8,93.02805555555555,0.6488792896270752,27.66535,63.960403,-153.3865966796875,1.855600780910916
5KPH_2_8_3_id2,0.6207123398780823,1.0551174879074097,94.59375,0.8,2,8,93.02805555555555,0.6488792896270752,27.66535,63.960403,-151.9816131591797,1.993053224351671
5KPH_2_8_3_id20,0.8388537168502808,0.9524067640304565,91.53291666666668,0.73,2,8,93.02805555555555,0.6488792896270752,27.66535,63.960403,-152.2503204345703,1.9726422627766929
5KPH_2_8_3_id21,1.4092258214950562,0.835563600063324,94.01777777777778,0.8,2,8,93.02805555555555,0.6488792896270752,27.66535,63.960403,-151.23367309570312,1.9105998145209413
5KPH_2_8_3_id22,0.7895247936248779,0.9225976467132568,94.11486111111113,0.78,2,8,93.02805555555555,0.6488792896270752,27.66535,63.960403,-153.04904174804688,1.9247686598036025
5KPH_2_8_3_id23,1.9188637733459473,0.9397276639938354,90.6961111111111,0.74,2,8,93.02805555555555,0.6488792896270752,27.66535,63.960403,-149.461181640625,1.8886873457166884
5KPH_2_8_3_id3,0.7810049653053284,1.3558106422424316,94.5001388888889,0.78,2,8,93.02805555555555,0.6488792896270752,27.66535,63.960403,-152.22235107421875,1.939624150594076
5KPH_2_8_3_id4,0.889164388179779,2.295212507247925,94.4798611111111,0.8,2,8,93.02805555555555,0.6488792896270752,27.66535,63.960403,-151.8174285888672,1.885790295071072
5KPH_2_8_3_id5,0.7634853720664978,2.306507110595703,94.34333333333332,0.79,2,8,93.02805555555555,0.6488792896270752,27.66535,63.960403,-150.856201171875,1.9598503112792969
5KPH_2_8_3_id6,1.50723397731781,0.5548974275588989,92.67527777777778,0.77,2,8,93.02805555555555,0.6488792896270752,27.66535,63.960403,-151.53225708007812,1.772676255967882
5KPH_2_8_3_id7,0.9009681940078735,1.598024845123291,91.22375,0.76,2,8,93.02805555555555,0.6488792896270752,27.66535,63.960403,-151.8056640625,2.0131318834092884
5KPH_2_8_3_id8,2.3190603256225586,1.0899392366409302,91.9125,0.76,2,8,93.02805555555555,0.6488792896270752,27.66535,63.960403,-151.28152465820312,1.8157838185628248
5KPH_2_8_3_id9,2.092205286026001,0.9001662731170654,92.95680555555556,0.77,2,8,93.02805555555555,0.6488792896270752,27.66535,63.960403,-151.41085815429688,2.053872426350912
5KPH_2_8_4_id0,0.7344152331352234,1.407227873802185,93.57763888888888,0.79,2,8,95.99444444444444,0.6906513571739197,27.07898,64.24088,-155.35202026367188,1.9161559210883248
5KPH_2_8_4_id1,0.8447903394699097,1.8974624872207642,94.09083333333334,0.79,2,8,95.99444444444444,0.6906513571739197,27.07898,64.24088,-154.15859985351562,1.9230931599934893
5KPH_2_8_4_id10,0.8852083086967468,1.6059471368789673,92.76041666666669,0.77,2,8,95.99444444444444,0.6906513571739197,27.07898,64.24088,-154.84686279296875,1.807909435696072
5KPH_2_8_4_id12,0.7845912575721741,1.71930992603302,94.59347222222222,0.8,2,8,95.99444444444444,0.6906513571739197,27.07898,64.24088,-155.665283203125,1.994946797688802
5KPH_2_8_4_id13,0.7543838620185852,1.5909714698791504,93.75388888888888,0.79,2,8,95.99444444444444,0.6906513571739197,27.07898,64.24088,-154.52059936523438,1.9575778113471136
5KPH_2_8_4_id14,0.7996506690979004,1.3141664266586304,94.05166666666666,0.8,2,8,95.99444444444444,0.6906513571739197,27.07898,64.24088,-152.2943878173828,1.927477518717448
5KPH_2_8_4_id15,0.8597997426986694,0.9197632670402527,95.30875,0.79,2,8,95.99444444444444,0.6906513571739197,27.07898,64.24088,-153.8621826171875,1.8374820285373263
5KPH_2_8_4_id16,0.9273011088371277,2.191528558731079,94.90277777777776,0.81,2,8,95.99444444444444,0.6906513571739197,27.07898,64.24088,-151.99876403808594,1.9013055165608723
5KPH_2_8_4_id17,0.8233535885810852,2.136117458343506,95.59097222222222,0.82,2,8,95.99444444444444,0.6906513571739197,27.07898,64.24088,-154.52328491210938,1.942865159776476
5KPH_2_8_4_id18,0.7637166380882263,1.643812656402588,94.70861111111113,0.81,2,8,95.99444444444444,0.6906513571739197,27.07898,64.24088,-153.58993530273438,2.036969290839301
5KPH_2_8_4_id19,0.7537829875946045,1.3529354333877563,94.08527777777778,0.8,2,8,95.99444444444444,0.6906513571739197,27.07898,64.24088,-154.46177673339844,2.04978519015842
5KPH_2_8_4_id2,0.9110459685325623,2.162062168121338,95.55361111111112,0.82,2,8,95.99444444444444,0.6906513571739197,27.07898,64.24088,-156.05322265625,1.8371687995062933
5KPH_2_8_4_id20,0.8721773028373718,2.215954303741455,94.75319444444445,0.81,2,8,95.99444444444444,0.6906513571739197,27.07898,64.24088,-152.61727905273438,1.8656048244900167
5KPH_2_8_4_id21,0.8001360297203064,1.7256544828414917,94.22625,0.8,2,8,95.99444444444444,0.6906513571739197,27.07898,64.24088,-155.2803497314453,1.9825301700168183
5KPH_2_8_4_id22,0.8474909663200378,2.082188129425049,95.04680555555557,0.81,2,8,95.99444444444444,0.6906513571739197,27.07898,64.24088,-155.27481079101562,1.7914850446912978
5KPH_2_8_4_id23,0.7047025561332703,1.684914231300354,95.0065277777778,0.81,2,8,95.99444444444444,0.6906513571739197,27.07898,64.24088,-154.03932189941406,2.1027859581841364
5KPH_2_8_4_id3,0.9856111407279968,1.9449224472045898,94.5325,0.8,2,8,95.99444444444444,0.6906513571739197,27.07898,64.24088,-152.49595642089844,2.0825765397813587
5KPH_2_8_4_id4,0.7741307020187378,1.7669157981872559,94.13708333333334,0.8,2,8,95.99444444444444,0.6906513571739197,27.07898,64.24088,-156.1988067626953,1.9116793738471136
5KPH_2_8_4_id5,0.8278003334999084,1.4798434972763062,95.79736111111112,0.82,2,8,95.99444444444444,0.6906513571739197,27.07898,64.24088,-156.01072692871094,1.8546002705891929
5KPH_2_8_4_id6,0.9197267293930054,1.9649786949157715,95.03916666666666,0.8,2,8,95.99444444444444,0.6906513571739197,27.07898,64.24088,-151.678466796875,1.956642362806532
5KPH_2_8_4_id7,0.7785277962684631,1.764968991279602,95.6576388888889,0.82,2,8,95.99444444444444,0.6906513571739197,27.07898,64.24088,-155.4230194091797,2.050755818684896
5KPH_2_8_4_id8,0.7634924650192261,1.351847767829895,95.21694444444444,0.81,2,8,95.99444444444444,0.6906513571739197,27.07898,64.24088,-152.96298217773438,1.904444800482856
5KPH_2_8_4_id9,0.8919646143913269,1.2919726371765137,94.1151388888889,0.8,2,8,95.99444444444444,0.6906513571739197,27.07898,64.24088,-153.2791290283203,2.0566062927246094
5KPH_2_8_5_id0,0.7804111242294312,1.1705678701400757,92.2315277777778,0.76,2,8,95.32013888888888,0.5849745273590088,26.90008,63.539955,-150.93798828125,1.7492879231770833
5KPH_2_8_5_id1,0.8885445594787598,1.0533783435821533,91.57055555555556,0.75,2,8,95.32013888888888,0.5849745273590088,26.90008,63.539955,-148.883544921875,1.7955214182535808
5KPH_2_8_5_id10,0.8834179043769836,2.3723304271698,94.8197222222222,0.81,2,8,95.32013888888888,0.5849745273590088,26.90008,63.539955,-151.5949249267578,1.9087793562147355
5KPH_2_8_5_id11,0.9070141315460205,1.2005430459976196,93.99208333333334,0.79,2,8,95.32013888888888,0.5849745273590088,26.90008,63.539955,-150.4093475341797,1.8762478298611112
5KPH_2_8_5_id12,2.0775206089019775,1.183793306350708,92.03083333333332,0.76,2,8,95.32013888888888,0.5849745273590088,26.90008,63.539955,-149.20501708984375,1.8914879692925348
5KPH_2_8_5_id13,0.8128418326377869,2.0806655883789062,94.57138888888888,0.81,2,8,95.32013888888888,0.5849745273590088,26.90008,63.539955,-151.466064453125,1.979895273844401
5KPH_2_8_5_id14,0.9386287331581116,1.9165825843811035,94.40569444444444,0.81,2,8,95.32013888888888,0.5849745273590088,26.90008,63.539955,-151.12008666992188,1.991841210259332
5KPH_2_8_5_id15,1.0916051864624023,1.3110954761505127,90.68902777777777,0.75,2,8,95.32013888888888,0.5849745273590088,26.90008,63.539955,-151.4217071533203,1.8187997606065536
5KPH_2_8_5_id16,1.943535327911377,1.2514070272445679,90.99041666666666,0.75,2,8,95.32013888888888,0.5849745273590088,26.90008,63.539955,-148.19589233398438,1.8116436004638672
5KPH_2_8_5_id17,0.9659606218338013,1.1450319290161133,91.51416666666664,0.76,2,8,95.32013888888888,0.5849745273590088,26.90008,63.539955,-149.80523681640625,1.781627231174045
5KPH_2_8_5_id18,0.8806982636451721,1.2170488834381104,90.03472222222223,0.73,2,8,95.32013888888888,0.5849745273590088,26.90008,63.539955,-148.7649383544922,1.819846683078342
5KPH_2_8_5_id19,1.7880979776382446,1.0567883253097534,92.85319444444444,0.77,2,8,95.32013888888888,0.5849745273590088,26.90008,63.539955,-149.39468383789062,1.9690089755588107
5KPH_2_8_5_id2,0.7362282872200012,1.7296886444091797,94.09833333333331,0.8,2,8,95.32013888888888,0.5849745273590088,26.90008,63.539955,-150.4093475341797,1.968118667602539
5KPH_2_8_5_id20,0.8657686710357666,1.9608386754989624,95.35583333333336,0.82,2,8,95.32013888888888,0.5849745273590088,26.90008,63.539955,-150.548828125,2.0053073035346136
5KPH_2_8_5_id21,0.8854997158050537,1.8828599452972412,94.56847222222224,0.81,2,8,95.32013888888888,0.5849745273590088,26.90008,63.539955,-148.80377197265625,1.979457219441732
5KPH_2_8_5_id22,0.8639514446258545,1.5923445224761963,91.20013888888889,0.75,2,8,95.32013888888888,0.5849745273590088,26.90008,63.539955,-148.4766845703125,1.9541556040445964
5KPH_2_8_5_id23,0.8145053386688232,1.9782671928405762,94.0261111111111,0.8,2,8,95.32013888888888,0.5849745273590088,26.90008,63.539955,-151.77633666992188,1.9690592024061413
5KPH_2_8_5_id3,0.8660032153129578,2.041654109954834,94.13736111111112,0.81,2,8,95.32013888888888,0.5849745273590088,26.90008,63.539955,-148.94091796875,2.0468739403618708
5KPH_2_8_5_id4,0.878181517124176,1.0241904258728027,91.74819444444444,0.75,2,8,95.32013888888888,0.5849745273590088,26.90008,63.539955,-148.53131103515625,1.8877811431884768
5KPH_2_8_5_id5,0.8085110187530518,1.068989872932434,94.33166666666664,0.8,2,8,95.32013888888888,0.5849745273590088,26.90008,63.539955,-152.3466033935547,1.812494701809353
5KPH_2_8_5_id6,0.8334153294563293,1.5635578632354736,92.88916666666668,0.77,2,8,95.32013888888888,0.5849745273590088,26.90008,63.539955,-150.8831329345703,1.738687515258789
5KPH_2_8_5_id7,0.9632601141929626,1.274993658065796,90.8825,0.74,2,8,95.32013888888888,0.5849745273590088,26.90008,63.539955,-149.73703002929688,1.872965070936415
5KPH_2_8_5_id8,0.8812273740768433,2.1096932888031006,95.14611111111113,0.81,2,8,95.32013888888888,0.5849745273590088,26.90008,63.539955,-149.51681518554688,2.0787378946940103
5KPH_2_8_5_id9,2.0769875049591064,1.1953905820846558,92.09541666666668,0.76,2,8,95.32013888888888,0.5849745273590088,26.90008,63.539955,-151.52328491210938,1.7972742716471355
5KPH_2_8_6_id0,1.0555140972137451,1.7473347187042236,93.80875,0.78,2,8,93.33583333333334,0.5940830111503601,27.83344,64.59608,-152.57611083984375,1.85385004679362
5KPH_2_8_6_id1,1.0874335765838623,1.7043886184692383,93.4426388888889,0.78,2,8,93.33583333333334,0.5940830111503601,27.83344,64.59608,-154.3514404296875,1.8498399522569444
5KPH_2_8_6_id10,1.0564507246017456,0.8609719276428223,92.77319444444444,0.75,2,8,93.33583333333334,0.5940830111503601,27.83344,64.59608,-154.26724243164062,1.7932058970133464
5KPH_2_8_6_id11,0.9879458546638489,1.450026273727417,94.18138888888888,0.79,2,8,93.33583333333334,0.5940830111503601,27.83344,64.59608,-151.0273895263672,1.924742168850369
5KPH_2_8_6_id12,0.9866049885749817,0.7258938550949097,92.8138888888889,0.77,2,8,93.33583333333334,0.5940830111503601,27.83344,64.59608,-150.85008239746094,1.8670247395833333
5KPH_2_8_6_id13,1.0361403226852417,1.7235157489776611,93.57944444444443,0.79,2,8,93.33583333333334,0.5940830111503601,27.83344,64.59608,-151.464111328125,1.897162331475152
5KPH_2_8_6_id14,0.8855457901954651,1.6000444889068604,93.97291666666666,0.79,2,8,93.33583333333334,0.5940830111503601,27.83344,64.59608,-153.72665405273438,1.8798806932237413
5KPH_2_8_6_id15,0.9656110405921936,2.3449010848999023,94.23513888888888,0.79,2,8,93.33583333333334,0.5940830111503601,27.83344,64.59608,-154.8337860107422,1.8745655483669703
5KPH_2_8_6_id16,1.0258846282958984,0.9742056727409363,94.07875,0.78,2,8,93.33583333333334,0.5940830111503601,27.83344,64.59608,-153.9849395751953,1.8749207390679248
5KPH_2_8_6_id17,1.0108925104141235,1.077154278755188,93.66569444444444,0.78,2,8,93.33583333333334,0.5940830111503601,27.83344,64.59608,-153.10829162597656,1.8836318122016056
5KPH_2_8_6_id18,1.0125025510787964,0.9748978018760681,91.54791666666668,0.75,2,8,93.33583333333334,0.5940830111503601,27.83344,64.59608,-154.7164306640625,1.8113746643066408
5KPH_2_8_6_id19,1.0786590576171875,2.222416877746582,93.9502777777778,0.79,2,8,93.33583333333334,0.5940830111503601,27.83344,64.59608,-153.8131866455078,1.8807525634765625
5KPH_2_8_6_id2,1.8541194200515747,0.9164259433746338,92.37125,0.77,2,8,93.33583333333334,0.5940830111503601,27.83344,64.59608,-150.96987915039062,1.8688502841525607
5KPH_2_8_6_id20,0.916259229183197,1.5492535829544067,92.53541666666666,0.76,2,8,93.33583333333334,0.5940830111503601,27.83344,64.59608,-153.7133026123047,1.8768039279513888
5KPH_2_8_6_id21,0.9631601572036743,1.1318963766098022,94.61680555555556,0.81,2,8,93.33583333333334,0.5940830111503601,27.83344,64.59608,-153.68490600585938,1.9068016476101344
5KPH_2_8_6_id22,1.0147958993911743,1.0082417726516724,93.51930555555556,0.78,2,8,93.33583333333334,0.5940830111503601,27.83344,64.59608,-153.4993896484375,1.8702225155300565
5KPH_2_8_6_id23,0.9822208881378174,0.9323847889900208,92.79347222222222,0.78,2,8,93.33583333333334,0.5940830111503601,27.83344,64.59608,-153.19712829589844,1.895014021131728
5KPH_2_8_6_id3,1.1031641960144043,0.9225217700004578,93.125,0.78,2,8,93.33583333333334,0.5940830111503601,27.83344,64.59608,-154.80999755859375,1.818290286593967
5KPH_2_8_6_id4,0.7043428421020508,2.026120901107788,93.06902777777778,0.78,2,8,93.33583333333334,0.5940830111503601,27.83344,64.59608,-150.42245483398438,2.112354278564453
5KPH_2_8_6_id5,1.0642340183258057,0.906326413154602,92.85930555555557,0.77,2,8,93.33583333333334,0.5940830111503601,27.83344,64.59608,-150.90170288085938,1.826403299967448
5KPH_2_8_6_id6,0.9369632005691528,1.6239163875579834,93.83569444444444,0.78,2,8,93.33583333333334,0.5940830111503601,27.83344,64.59608,-151.85400390625,1.831570519341363
5KPH_2_8_6_id7,0.9093866944313049,0.970218300819397,93.40625,0.78,2,8,93.33583333333334,0.5940830111503601,27.83344,64.59608,-152.84423828125,1.974628660413954
5KPH_2_8_6_id8,1.8634703159332275,0.8024716973304749,91.67333333333336,0.76,2,8,93.33583333333334,0.5940830111503601,27.83344,64.59608,-153.1262969970703,1.825930913289388
5KPH_2_8_6_id9,1.1141340732574463,1.1277806758880615,92.49875000000002,0.78,2,8,93.33583333333334,0.5940830111503601,27.83344,64.59608,-151.64251708984375,1.91492674085829
5KPH_2_8_7_id0,2.183084726333618,1.0845625400543213,91.15375,0.75,2,8,94.09125,0.6078482270240784,28.068794,63.397446,-152.0100860595703,1.93528323703342
5KPH_2_8_7_id1,1.820206642150879,0.7712950706481934,93.3573611111111,0.78,2,8,94.09125,0.6078482270240784,28.068794,63.397446,-148.5978546142578,1.8992655012342663
5KPH_2_8_7_id10,0.8299779891967773,0.8906641602516174,93.06402777777777,0.77,2,8,94.09125,0.6078482270240784,28.068794,63.397446,-149.41127014160156,1.980000813802084
5KPH_2_8_7_id11,0.9919989109039307,1.1689846515655518,94.2975,0.8,2,8,94.09125,0.6078482270240784,28.068794,63.397446,-153.9082794189453,1.872198952568902
5KPH_2_8_7_id12,0.8918649554252625,2.0378003120422363,95.5363888888889,0.83,2,8,94.09125,0.6078482270240784,28.068794,63.397446,-149.22308349609375,2.026343027750651
5KPH_2_8_7_id13,0.5998287200927734,0.8019421696662903,93.90847222222224,0.78,2,8,94.09125,0.6078482270240784,28.068794,63.397446,-151.2222900390625,1.9303805033365888
5KPH_2_8_7_id14,0.7298485636711121,0.9019846320152283,93.30402777777778,0.77,2,8,94.09125,0.6078482270240784,28.068794,63.397446,-149.8660888671875,1.842266082763672
5KPH_2_8_7_id15,0.734691321849823,1.003294825553894,92.2825,0.76,2,8,94.09125,0.6078482270240784,28.068794,63.397446,-149.35269165039062,1.912583245171441
5KPH_2_8_7_id16,2.0476198196411133,1.2148886919021606,92.24583333333334,0.77,2,8,94.09125,0.6078482270240784,28.068794,63.397446,-151.32101440429688,1.875462849934896
5KPH_2_8_7_id17,1.935492992401123,1.0587313175201416,90.94638888888888,0.75,2,8,94.09125,0.6078482270240784,28.068794,63.397446,-147.96368408203125,2.025671852959527
5KPH_2_8_7_id18,0.734282374382019,1.9876974821090698,94.09541666666668,0.8,2,8,94.09125,0.6078482270240784,28.068794,63.397446,-151.15725708007812,1.8094605339898004
5KPH_2_8_7_id19,1.0346505641937256,1.3242100477218628,93.09222222222223,0.77,2,8,94.09125,0.6078482270240784,28.068794,63.397446,-148.82864379882812,1.8200386895073783
5KPH_2_8_7_id2,2.1298751831054688,1.2729084491729736,90.355,0.74,2,8,94.09125,0.6078482270240784,28.068794,63.397446,-151.01307678222656,1.940714094373915
5KPH_2_8_7_id20,1.0698882341384888,1.1120519638061523,93.7011111111111,0.79,2,8,94.09125,0.6078482270240784,28.068794,63.397446,-149.30233764648438,1.9684715270996087
5KPH_2_8_7_id21,0.8594802618026733,2.1603212356567383,94.1248611111111,0.8,2,8,94.09125,0.6078482270240784,28.068794,63.397446,-149.83853149414062,2.097531424628364
5KPH_2_8_7_id22,0.839476466178894,2.1309592723846436,94.67333333333336,0.8,2,8,94.09125,0.6078482270240784,28.068794,63.397446,-149.64971923828125,1.9911842346191408
5KPH_2_8_7_id23,0.8799468278884888,0.9598850607872009,94.01625,0.79,2,8,94.09125,0.6078482270240784,28.068794,63.397446,-150.33831787109375,1.998715294731988
5KPH_2_8_7_id4,0.7920055985450745,0.9735487103462219,92.58555555555556,0.76,2,8,94.09125,0.6078482270240784,28.068794,63.397446,-149.30226135253906,1.9636989169650607
5KPH_2_8_7_id5,0.7161313891410828,1.7927987575531006,95.0476388888889,0.82,2,8,94.09125,0.6078482270240784,28.068794,63.397446,-150.47532653808594,2.0906929439968533
5KPH_2_8_7_id6,0.828522801399231,2.029491424560547,94.38597222222222,0.8,2,8,94.09125,0.6078482270240784,28.068794,63.397446,-152.58901977539062,1.8865733676486545
5KPH_2_8_7_id7,0.9415780901908875,1.7867745161056519,92.66472222222222,0.77,2,8,94.09125,0.6078482270240784,28.068794,63.397446,-149.25149536132812,1.924041959974501
5KPH_2_8_7_id8,0.9496987462043762,1.2223256826400757,92.69458333333334,0.76,2,8,94.09125,0.6078482270240784,28.068794,63.397446,-149.4637451171875,1.894120534261068
5KPH_2_8_7_id9,1.9725009202957153,0.925309956073761,95.52277777777778,0.82,2,8,94.09125,0.6078482270240784,28.068794,63.397446,-148.35220336914062,2.0027868482801647
5KPH_2_8_8_id0,0.9172369837760925,2.2585551738739014,94.97305555555556,0.82,2,8,94.5951388888889,0.7780401110649109,27.195671,62.87919,-151.86978149414062,2.00255987379286
5KPH_2_8_8_id1,1.6654139757156372,1.0710171461105347,91.54736111111112,0.75,2,8,94.5951388888889,0.7780401110649109,27.195671,62.87919,-147.00390625,1.9513698154025607
5KPH_2_8_8_id10,0.8054866194725037,1.5440549850463867,94.24972222222222,0.81,2,8,94.5951388888889,0.7780401110649109,27.195671,62.87919,-151.99581909179688,1.9614927503797743
5KPH_2_8_8_id11,0.8625144362449646,2.143199920654297,95.43875,0.81,2,8,94.5951388888889,0.7780401110649109,27.195671,62.87919,-150.73776245117188,1.913909912109375
5KPH_2_8_8_id12,0.771193265914917,1.96416175365448,93.30666666666669,0.8,2,8,94.5951388888889,0.7780401110649109,27.195671,62.87919,-150.04678344726562,2.102119021945529
5KPH_2_8_8_id13,0.7419461607933044,1.8014650344848633,95.95222222222222,0.83,2,8,94.5951388888889,0.7780401110649109,27.195671,62.87919,-152.1090850830078,1.9179638756646047
5KPH_2_8_8_id14,0.7896665334701538,1.6098254919052124,94.69611111111112,0.81,2,8,94.5951388888889,0.7780401110649109,27.195671,62.87919,-153.85687255859375,1.9236812591552728
5KPH_2_8_8_id15,0.9062961935997009,2.3042304515838623,95.70986111111112,0.82,2,8,94.5951388888889,0.7780401110649109,27.195671,62.87919,-151.18838500976562,1.9568744235568576
5KPH_2_8_8_id16,0.6711699962615967,1.3114476203918457,93.68805555555556,0.79,2,8,94.5951388888889,0.7780401110649109,27.195671,62.87919,-152.61695861816406,1.846819559733073
5KPH_2_8_8_id17,1.5576608180999756,0.5421943068504333,94.14152777777775,0.78,2,8,94.5951388888889,0.7780401110649109,27.195671,62.87919,-151.65939331054688,1.722249984741211
5KPH_2_8_8_id18,0.8488914966583252,1.7701656818389893,95.6861111111111,0.83,2,8,94.5951388888889,0.7780401110649109,27.195671,62.87919,-150.0669403076172,1.859204398261176
5KPH_2_8_8_id19,0.8696370124816895,1.5213505029678345,94.58111111111111,0.81,2,8,94.5951388888889,0.7780401110649109,27.195671,62.87919,-151.32919311523438,1.840625762939453
5KPH_2_8_8_id2,0.8496279716491699,1.8247525691986084,96.02666666666669,0.82,2,8,94.5951388888889,0.7780401110649109,27.195671,62.87919,-151.92703247070312,1.8184873792860243
5KPH_2_8_8_id20,0.7814559936523438,1.9174484014511108,94.83041666666666,0.81,2,8,94.5951388888889,0.7780401110649109,27.195671,62.87919,-149.57266235351562,2.0147569444444446
5KPH_2_8_8_id21,0.8258705139160156,1.954136848449707,94.3990277777778,0.81,2,8,94.5951388888889,0.7780401110649109,27.195671,62.87919,-151.78285217285156,1.970651414659288
5KPH_2_8_8_id22,0.7653728127479553,1.6917823553085327,93.87736111111111,0.8,2,8,94.5951388888889,0.7780401110649109,27.195671,62.87919,-152.52706909179688,2.014000786675348
5KPH_2_8_8_id23,0.8225032091140747,2.047739028930664,94.72208333333332,0.82,2,8,94.5951388888889,0.7780401110649109,27.195671,62.87919,-153.24449157714844,2.051024966769748
5KPH_2_8_8_id3,0.8006072640419006,1.4500902891159058,93.97611111111112,0.79,2,8,94.5951388888889,0.7780401110649109,27.195671,62.87919,-151.28907775878906,1.8641378614637587
5KPH_2_8_8_id4,0.7801228165626526,1.8175837993621826,95.22625,0.81,2,8,94.5951388888889,0.7780401110649109,27.195671,62.87919,-152.48350524902344,1.937416712443034
5KPH_2_8_8_id5,0.7463601231575012,1.8040242195129395,95.30416666666666,0.82,2,8,94.5951388888889,0.7780401110649109,27.195671,62.87919,-151.5078125,1.7917183770073786
5KPH_2_8_8_id6,0.7585183382034302,2.038273572921753,94.70069444444444,0.8,2,8,94.5951388888889,0.7780401110649109,27.195671,62.87919,-152.84677124023438,1.9110980563693576
5KPH_2_8_8_id7,0.990355908870697,1.532711386680603,94.44888888888887,0.8,2,8,94.5951388888889,0.7780401110649109,27.195671,62.87919,-152.3856201171875,1.8858506944444444
5KPH_2_8_8_id8,0.8790515065193176,2.1820595264434814,94.67888888888888,0.8,2,8,94.5951388888889,0.7780401110649109,27.195671,62.87919,-153.11962890625,1.855126486884223
5KPH_2_8_8_id9,0.8723558783531189,1.9478912353515625,91.40180555555555,0.75,2,8,94.5951388888889,0.7780401110649109,27.195671,62.87919,-153.41494750976562,1.9671579996744792
5KPH_2_8_9_id0,0.773305356502533,0.805928647518158,91.96944444444443,0.76,2,8,95.5898611111111,0.6108673810958862,27.304863,64.34377,-148.50103759765625,1.8498806423611112
5KPH_2_8_9_id10,1.301881194114685,1.0480097532272339,89.49069444444444,0.73,2,8,95.5898611111111,0.6108673810958862,27.304863,64.34377,-151.265625,1.9028612772623696
5KPH_2_8_9_id11,0.7855799198150635,0.9029803276062012,92.80013888888888,0.78,2,8,95.5898611111111,0.6108673810958862,27.304863,64.34377,-150.29116821289062,1.800681644015842
5KPH_2_8_9_id12,2.0932199954986572,1.002261757850647,91.97583333333334,0.77,2,8,95.5898611111111,0.6108673810958862,27.304863,64.34377,-149.94122314453125,1.7841072082519531
5KPH_2_8_9_id13,0.8000062108039856,2.235089063644409,93.35722222222222,0.79,2,8,95.5898611111111,0.6108673810958862,27.304863,64.34377,-151.32513427734375,1.9824256896972656
5KPH_2_8_9_id14,0.9400003552436829,1.0480207204818726,94.54166666666669,0.8,2,8,95.5898611111111,0.6108673810958862,27.304863,64.34377,-147.87112426757812,1.8743146260579424
5KPH_2_8_9_id15,2.179046630859375,1.03507661819458,91.34527777777778,0.76,2,8,95.5898611111111,0.6108673810958862,27.304863,64.34377,-147.24685668945312,1.833353254530165
5KPH_2_8_9_id16,1.943635106086731,0.9112243056297302,90.69305555555556,0.74,2,8,95.5898611111111,0.6108673810958862,27.304863,64.34377,-149.64483642578125,1.912681579589844
5KPH_2_8_9_id17,1.8929264545440674,0.9213780760765076,91.44416666666666,0.75,2,8,95.5898611111111,0.6108673810958862,27.304863,64.34377,-149.8041534423828,1.8106070624457464
5KPH_2_8_9_id18,1.8803043365478516,1.0663630962371826,90.49583333333334,0.75,2,8,95.5898611111111,0.6108673810958862,27.304863,64.34377,-149.55718994140625,1.7753844790988498
5KPH_2_8_9_id19,0.8916782140731812,1.0997545719146729,92.36972222222224,0.76,2,8,95.5898611111111,0.6108673810958862,27.304863,64.34377,-150.89505004882812,1.81020736694336
5KPH_2_8_9_id2,0.8705415725708008,2.452238082885742,92.79513888888889,0.78,2,8,95.5898611111111,0.6108673810958862,27.304863,64.34377,-150.6876220703125,1.9394132826063368
5KPH_2_8_9_id21,2.158599615097046,1.121177077293396,91.35236111111112,0.75,2,8,95.5898611111111,0.6108673810958862,27.304863,64.34377,-149.90773010253906,1.909280988905165
5KPH_2_8_9_id22,0.904474139213562,2.556147575378418,93.21194444444444,0.78,2,8,95.5898611111111,0.6108673810958862,27.304863,64.34377,-150.4632110595703,2.038150363498264
5KPH_2_8_9_id23,0.9628534317016602,1.331709623336792,92.60638888888889,0.78,2,8,95.5898611111111,0.6108673810958862,27.304863,64.34377,-148.38671875,1.9186265733506944
5KPH_2_8_9_id3,1.9788199663162231,1.0400784015655518,92.84986111111112,0.78,2,8,95.5898611111111,0.6108673810958862,27.304863,64.34377,-150.00900268554688,1.7873687744140625
5KPH_2_8_9_id4,0.9945160746574402,0.9456972479820251,92.55194444444444,0.77,2,8,95.5898611111111,0.6108673810958862,27.304863,64.34377,-149.0869140625,1.8263501061333551
5KPH_2_8_9_id5,0.7715443968772888,2.180677652359009,95.23652777777778,0.82,2,8,95.5898611111111,0.6108673810958862,27.304863,64.34377,-149.55604553222656,2.0810699462890625
5KPH_2_8_9_id6,2.1056792736053467,1.0182610750198364,90.28986111111112,0.74,2,8,95.5898611111111,0.6108673810958862,27.304863,64.34377,-152.6094207763672,1.8719507853190105
5KPH_2_8_9_id7,0.7763699889183044,1.7876163721084595,95.48527777777775,0.81,2,8,95.5898611111111,0.6108673810958862,27.304863,64.34377,-148.81036376953125,1.8490965101454
5KPH_2_8_9_id8,1.6886488199234009,1.1060446500778198,91.20305555555554,0.75,2,8,95.5898611111111,0.6108673810958862,27.304863,64.34377,-150.25669860839844,1.9070608350965712
5KPH_2_8_9_id9,1.0683064460754395,0.8815364837646484,91.0311111111111,0.75,2,8,95.5898611111111,0.6108673810958862,27.304863,64.34377,-149.8029022216797,1.867837270100912
5KPH_4_2_0_id0,0.8697109818458557,4.276677131652832,94.0488888888889,0.81,4,2,89.83805555555556,0.8471478223800659,32.367107,68.86401,-147.9881591796875,2.012729432847765
5KPH_4_2_0_id1,0.9667784571647644,4.327085971832275,95.11319444444445,0.82,4,2,89.83805555555556,0.8471478223800659,32.367107,68.86401,-150.74961853027344,2.10934681362576
5KPH_4_2_0_id10,0.7745476365089417,1.8798065185546875,95.29625,0.82,4,2,89.83805555555556,0.8471478223800659,32.367107,68.86401,-148.40731811523438,2.0598716735839844
5KPH_4_2_0_id11,0.7373627424240112,3.647303342819214,94.46583333333334,0.79,4,2,89.83805555555556,0.8471478223800659,32.367107,68.86401,-149.4879608154297,2.1271451314290366
5KPH_4_2_0_id12,0.9228001832962036,2.4517905712127686,94.37041666666669,0.81,4,2,89.83805555555556,0.8471478223800659,32.367107,68.86401,-148.15390014648438,2.0561175876193576
5KPH_4_2_0_id13,1.0116782188415527,4.42387580871582,96.20791666666668,0.83,4,2,89.83805555555556,0.8471478223800659,32.367107,68.86401,-150.05960083007812,2.214997185601129
5KPH_4_2_0_id14,0.9066254496574402,1.7225115299224854,95.72722222222222,0.82,4,2,89.83805555555556,0.8471478223800659,32.367107,68.86401,-152.83685302734375,2.033768971761068
5KPH_4_2_0_id15,0.908333957195282,4.096655368804932,94.18902777777778,0.8,4,2,89.83805555555556,0.8471478223800659,32.367107,68.86401,-149.8514862060547,2.112646314832899
5KPH_4_2_0_id16,0.8724712133407593,4.246811389923096,95.37138888888887,0.83,4,2,89.83805555555556,0.8471478223800659,32.367107,68.86401,-149.29428100585938,1.971822526719835
5KPH_4_2_0_id17,0.7736233472824097,2.3092141151428223,93.61166666666664,0.79,4,2,89.83805555555556,0.8471478223800659,32.367107,68.86401,-147.95684814453125,2.085270775689019
5KPH_4_2_0_id18,0.9787276387214661,1.6569621562957764,96.67902777777778,0.84,4,2,89.83805555555556,0.8471478223800659,32.367107,68.86401,-151.0209197998047,2.089860280354818
5KPH_4_2_0_id19,0.8729681372642517,4.263097763061523,96.16027777777778,0.83,4,2,89.83805555555556,0.8471478223800659,32.367107,68.86401,-150.7039337158203,1.9853712717692056
5KPH_4_2_0_id2,0.9401488900184631,4.340572357177734,97.21694444444444,0.84,4,2,89.83805555555556,0.8471478223800659,32.367107,68.86401,-150.0918426513672,2.0657780965169272
5KPH_4_2_0_id20,0.8874134421348572,1.9343315362930298,93.31847222222224,0.79,4,2,89.83805555555556,0.8471478223800659,32.367107,68.86401,-150.507080078125,2.1032659742567272
5KPH_4_2_0_id21,0.8290078043937683,3.3805625438690186,94.77777777777776,0.81,4,2,89.83805555555556,0.8471478223800659,32.367107,68.86401,-149.00192260742188,2.1219965616861978
5KPH_4_2_0_id22,0.9364120364189148,1.8922510147094727,96.36916666666669,0.83,4,2,89.83805555555556,0.8471478223800659,32.367107,68.86401,-149.42364501953125,2.2493368784586587
5KPH_4_2_0_id23,0.9317753911018372,2.2470834255218506,94.91208333333331,0.82,4,2,89.83805555555556,0.8471478223800659,32.367107,68.86401,-151.0447998046875,1.9812643263075087
5KPH_4_2_0_id3,0.8850998282432556,1.5705486536026,96.835,0.84,4,2,89.83805555555556,0.8471478223800659,32.367107,68.86401,-151.51458740234375,2.1067526075575085
5KPH_4_2_0_id4,1.3194568157196045,2.927647829055786,89.5025,0.71,4,2,89.83805555555556,0.8471478223800659,32.367107,68.86401,-149.73721313476562,2.1154566870795355
5KPH_4_2_0_id5,0.7779693603515625,4.232631206512451,95.6211111111111,0.83,4,2,89.83805555555556,0.8471478223800659,32.367107,68.86401,-150.32933044433594,2.08207024468316
5KPH_4_2_0_id6,0.8441455960273743,4.252786636352539,95.19152777777778,0.81,4,2,89.83805555555556,0.8471478223800659,32.367107,68.86401,-148.10272216796875,2.0222515530056424
5KPH_4_2_0_id7,0.9133769869804382,3.9026103019714355,94.3486111111111,0.81,4,2,89.83805555555556,0.8471478223800659,32.367107,68.86401,-150.50706481933594,2.0260645548502603
5KPH_4_2_0_id8,0.8397547602653503,4.286506175994873,96.26902777777778,0.83,4,2,89.83805555555556,0.8471478223800659,32.367107,68.86401,-150.65994262695312,2.1108296712239585
5KPH_4_2_0_id9,0.7530365586280823,1.6496378183364868,96.77180555555556,0.84,4,2,89.83805555555556,0.8471478223800659,32.367107,68.86401,-150.77951049804688,2.0816898345947266
5KPH_4_2_1_id0,0.8819626569747925,4.14473819732666,94.23597222222222,0.8,4,2,93.7025,0.6699576377868652,33.510128,69.949936,-145.21170043945312,1.9220445421006944
5KPH_4_2_1_id1,0.7475962042808533,4.381622314453125,95.77694444444444,0.82,4,2,93.7025,0.6699576377868652,33.510128,69.949936,-145.63677978515625,1.8508438534206813
5KPH_4_2_1_id10,0.6999430060386658,3.585684299468994,95.0925,0.8,4,2,93.7025,0.6699576377868652,33.510128,69.949936,-145.51242065429688,1.8895479838053384
5KPH_4_2_1_id11,0.8597790002822876,4.314782619476318,95.82791666666668,0.83,4,2,93.7025,0.6699576377868652,33.510128,69.949936,-145.83372497558594,1.869749281141493
5KPH_4_2_1_id12,0.7010301351547241,4.407093524932861,95.9502777777778,0.82,4,2,93.7025,0.6699576377868652,33.510128,69.949936,-147.16322326660156,1.826693640814887
5KPH_4_2_1_id13,0.6445352435112,4.157811164855957,95.11666666666666,0.82,4,2,93.7025,0.6699576377868652,33.510128,69.949936,-147.53173828125,1.9333915710449217
5KPH_4_2_1_id14,0.7795642018318176,4.2233171463012695,95.72430555555556,0.84,4,2,93.7025,0.6699576377868652,33.510128,69.949936,-147.37745666503906,1.8037119971381288
5KPH_4_2_1_id15,0.7989808320999146,4.244970321655273,94.30638888888888,0.8,4,2,93.7025,0.6699576377868652,33.510128,69.949936,-147.53842163085938,1.9318368699815536
5KPH_4_2_1_id16,0.7041263580322266,4.114716529846191,94.40555555555557,0.8,4,2,93.7025,0.6699576377868652,33.510128,69.949936,-146.84664916992188,1.963208304511176
5KPH_4_2_1_id17,0.6974369287490845,4.219092845916748,95.09583333333332,0.81,4,2,93.7025,0.6699576377868652,33.510128,69.949936,-146.20281982421875,1.8815559811062283
5KPH_4_2_1_id18,0.6190735697746277,4.251279354095459,95.06,0.82,4,2,93.7025,0.6699576377868652,33.510128,69.949936,-146.52206420898438,1.9480421278211808
5KPH_4_2_1_id19,0.6810692548751831,4.422592639923096,96.03027777777778,0.82,4,2,93.7025,0.6699576377868652,33.510128,69.949936,-147.10543823242188,1.842132568359375
5KPH_4_2_1_id2,0.7796643972396851,4.406485080718994,95.69458333333334,0.81,4,2,93.7025,0.6699576377868652,33.510128,69.949936,-147.2209014892578,1.8320155673556853
5KPH_4_2_1_id20,0.7397968769073486,4.185891628265381,95.96180555555556,0.82,4,2,93.7025,0.6699576377868652,33.510128,69.949936,-146.68267822265625,1.9528579711914065
5KPH_4_2_1_id21,0.7733065485954285,4.141356468200684,95.14236111111111,0.81,4,2,93.7025,0.6699576377868652,33.510128,69.949936,-147.22373962402344,1.8187425401475688
5KPH_4_2_1_id22,0.6369581818580627,4.173713684082031,95.91444444444444,0.83,4,2,93.7025,0.6699576377868652,33.510128,69.949936,-147.25038146972656,1.9073706732855904
5KPH_4_2_1_id23,0.7289283275604248,4.218658447265625,95.24819444444444,0.82,4,2,93.7025,0.6699576377868652,33.510128,69.949936,-145.91842651367188,1.8796043395996087
5KPH_4_2_1_id3,0.7069197297096252,4.181410789489746,95.6377777777778,0.83,4,2,93.7025,0.6699576377868652,33.510128,69.949936,-146.6005401611328,1.9382731119791667
5KPH_4_2_1_id4,0.6916162371635437,4.23760461807251,95.0886111111111,0.81,4,2,93.7025,0.6699576377868652,33.510128,69.949936,-146.86065673828125,1.999743143717448
5KPH_4_2_1_id5,0.650253415107727,4.267707347869873,95.99736111111112,0.82,4,2,93.7025,0.6699576377868652,33.510128,69.949936,-147.39540100097656,1.818172878689236
5KPH_4_2_1_id6,0.6522729396820068,4.163538932800293,94.80388888888888,0.8,4,2,93.7025,0.6699576377868652,33.510128,69.949936,-148.54052734375,1.914828406439887
5KPH_4_2_1_id7,0.6419898271560669,4.166335105895996,95.34444444444443,0.81,4,2,93.7025,0.6699576377868652,33.510128,69.949936,-145.36349487304688,1.9492225646972656
5KPH_4_2_1_id8,0.6243393421173096,4.1968674659729,96.06055555555557,0.83,4,2,93.7025,0.6699576377868652,33.510128,69.949936,-146.42684936523438,1.815630382961697
5KPH_4_2_1_id9,0.6845839023590088,4.049471378326416,95.6140277777778,0.82,4,2,93.7025,0.6699576377868652,33.510128,69.949936,-146.69671630859375,1.969347635904948
5KPH_4_2_2_id0,1.0737799406051636,3.6323482990264893,92.94152777777778,0.77,4,2,93.75875,0.9204211235046388,33.543896,69.396416,-147.2749481201172,1.9929112328423395
5KPH_4_2_2_id1,1.0118821859359741,3.312309741973877,94.23375,0.79,4,2,93.75875,0.9204211235046388,33.543896,69.396416,-143.25828552246094,2.017237345377604
5KPH_4_2_2_id10,0.9960278868675232,3.7766435146331787,93.87069444444444,0.81,4,2,93.75875,0.9204211235046388,33.543896,69.396416,-144.02108764648438,1.9091673956977
5KPH_4_2_2_id11,0.849846601486206,2.9723470211029053,94.05111111111113,0.79,4,2,93.75875,0.9204211235046388,33.543896,69.396416,-147.07144165039062,1.9455992380778
5KPH_4_2_2_id12,1.031996250152588,3.417879581451416,92.12208333333334,0.76,4,2,93.75875,0.9204211235046388,33.543896,69.396416,-144.06695556640625,1.9622347089979384
5KPH_4_2_2_id13,1.0982249975204468,4.055013656616211,94.89805555555556,0.81,4,2,93.75875,0.9204211235046388,33.543896,69.396416,-144.07821655273438,1.9962276882595489
5KPH_4_2_2_id14,1.0241754055023193,3.572948455810547,94.80138888888888,0.81,4,2,93.75875,0.9204211235046388,33.543896,69.396416,-146.03538513183594,1.9339820014105904
5KPH_4_2_2_id15,0.926422655582428,3.218844175338745,90.69111111111113,0.75,4,2,93.75875,0.9204211235046388,33.543896,69.396416,-146.1654052734375,1.9027218288845489
5KPH_4_2_2_id16,0.8154932260513306,2.023770570755005,91.22055555555556,0.75,4,2,93.75875,0.9204211235046388,33.543896,69.396416,-144.86940002441406,1.991026136610243
5KPH_4_2_2_id17,1.0246638059616089,2.6342458724975586,86.99277777777777,0.69,4,2,93.75875,0.9204211235046388,33.543896,69.396416,-147.18115234375,1.883758544921875
5KPH_4_2_2_id18,1.0283652544021606,3.652951717376709,93.17708333333331,0.79,4,2,93.75875,0.9204211235046388,33.543896,69.396416,-146.86805725097656,1.8532151116265192
5KPH_4_2_2_id19,1.4759626388549805,1.5626088380813599,92.22763888888888,0.77,4,2,93.75875,0.9204211235046388,33.543896,69.396416,-145.21841430664062,1.9656308492024737
5KPH_4_2_2_id2,1.2178919315338135,4.076352119445801,94.25069444444443,0.81,4,2,93.75875,0.9204211235046388,33.543896,69.396416,-147.08563232421875,1.8892453511555989
5KPH_4_2_2_id20,1.1499606370925903,2.742036819458008,90.81097222222223,0.75,4,2,93.75875,0.9204211235046388,33.543896,69.396416,-143.93695068359375,1.820410834418403
5KPH_4_2_2_id21,1.1942474842071533,3.9606337547302246,94.53458333333334,0.81,4,2,93.75875,0.9204211235046388,33.543896,69.396416,-146.72006225585938,1.954558478461372
5KPH_4_2_2_id22,1.2649998664855957,2.4517736434936523,90.27791666666668,0.72,4,2,93.75875,0.9204211235046388,33.543896,69.396416,-146.51339721679688,1.817518446180556
5KPH_4_2_2_id23,1.6849215030670166,2.3539576530456543,92.85458333333334,0.76,4,2,93.75875,0.9204211235046388,33.543896,69.396416,-146.234130859375,1.92324087354872
5KPH_4_2_2_id3,0.9688913822174072,3.5704874992370605,89.64888888888888,0.74,4,2,93.75875,0.9204211235046388,33.543896,69.396416,-145.94728088378906,1.9168137444390192
5KPH_4_2_2_id4,1.0496686697006226,2.731982707977295,88.96041666666666,0.74,4,2,93.75875,0.9204211235046388,33.543896,69.396416,-146.69908142089844,2.0259971618652344
5KPH_4_2_2_id5,0.8907994031906128,1.864656925201416,89.25069444444445,0.71,4,2,93.75875,0.9204211235046388,33.543896,69.396416,-146.15945434570312,1.7912640041775174
5KPH_4_2_2_id6,1.030339241027832,3.4616591930389404,95.05208333333331,0.81,4,2,93.75875,0.9204211235046388,33.543896,69.396416,-146.32354736328125,1.9559205373128248
5KPH_4_2_2_id7,1.0443018674850464,3.998352527618408,94.32666666666668,0.82,4,2,93.75875,0.9204211235046388,33.543896,69.396416,-147.61825561523438,1.8959609137641056
5KPH_4_2_2_id8,0.9681816697120667,1.8160600662231445,93.22666666666666,0.78,4,2,93.75875,0.9204211235046388,33.543896,69.396416,-146.9862823486328,1.9634340074327257
5KPH_4_2_2_id9,1.0322388410568237,2.1624972820281982,87.4336111111111,0.7,4,2,93.75875,0.9204211235046388,33.543896,69.396416,-146.5413360595703,2.041485256618924
5KPH_4_2_3_id0,1.66558837890625,1.4047393798828125,91.7975,0.77,4,2,95.24555555555555,0.5479992628097534,32.51139,65.88111,-154.69287109375,1.8282636006673176
5KPH_4_2_3_id1,0.9091007113456726,3.245018243789673,93.7975,0.8,4,2,95.24555555555555,0.5479992628097534,32.51139,65.88111,-153.30731201171875,1.8058706919352208
5KPH_4_2_3_id10,0.7260467410087585,1.97615647315979,95.36736111111112,0.81,4,2,95.24555555555555,0.5479992628097534,32.51139,65.88111,-153.45986938476562,1.8184310065375435
5KPH_4_2_3_id11,1.0930418968200684,1.4158227443695068,93.45263888888888,0.79,4,2,95.24555555555555,0.5479992628097534,32.51139,65.88111,-154.22776794433594,1.7900089687771268
5KPH_4_2_3_id12,0.9546122550964355,4.299678802490234,96.09194444444444,0.82,4,2,95.24555555555555,0.5479992628097534,32.51139,65.88111,-154.97096252441406,1.735627810160319
5KPH_4_2_3_id13,0.8536246418952942,1.4750646352767944,94.35694444444444,0.8,4,2,95.24555555555555,0.5479992628097534,32.51139,65.88111,-153.03721618652344,1.885669920179579
5KPH_4_2_3_id14,0.9514690637588501,4.289089679718018,96.46625,0.83,4,2,95.24555555555555,0.5479992628097534,32.51139,65.88111,-154.3743896484375,1.790453381008572
5KPH_4_2_3_id15,0.8442085385322571,1.9857525825500488,93.4625,0.79,4,2,95.24555555555555,0.5479992628097534,32.51139,65.88111,-154.72996520996094,1.7894100613064237
5KPH_4_2_3_id16,1.731400489807129,1.7531421184539795,91.67930555555556,0.75,4,2,95.24555555555555,0.5479992628097534,32.51139,65.88111,-153.36099243164062,1.7178109486897786
5KPH_4_2_3_id17,1.0983136892318726,1.614213228225708,91.99930555555557,0.76,4,2,95.24555555555555,0.5479992628097534,32.51139,65.88111,-156.22251892089844,1.80195066663954
5KPH_4_2_3_id18,0.8363377451896667,1.6980856657028198,95.90652777777778,0.83,4,2,95.24555555555555,0.5479992628097534,32.51139,65.88111,-152.7041473388672,1.8492724100748696
5KPH_4_2_3_id19,0.872660756111145,1.6062612533569336,91.09527777777777,0.76,4,2,95.24555555555555,0.5479992628097534,32.51139,65.88111,-153.38424682617188,1.8132067786322696
5KPH_4_2_3_id2,1.0570895671844482,1.5250577926635742,91.35333333333334,0.76,4,2,95.24555555555555,0.5479992628097534,32.51139,65.88111,-152.48284912109375,1.813275655110677
5KPH_4_2_3_id20,0.9620869159698486,1.5298199653625488,90.80513888888888,0.73,4,2,95.24555555555555,0.5479992628097534,32.51139,65.88111,-153.94384765625,1.8915562099880645
5KPH_4_2_3_id21,0.9714594483375549,4.286262035369873,95.9347222222222,0.83,4,2,95.24555555555555,0.5479992628097534,32.51139,65.88111,-153.89816284179688,1.8327242533365888
5KPH_4_2_3_id22,1.785802960395813,1.638924479484558,90.68513888888889,0.76,4,2,95.24555555555555,0.5479992628097534,32.51139,65.88111,-155.8078155517578,1.8299706776936848
5KPH_4_2_3_id23,0.8800062537193298,2.0134308338165283,93.55625,0.79,4,2,95.24555555555555,0.5479992628097534,32.51139,65.88111,-155.64109802246094,1.7896207173665364
5KPH_4_2_3_id3,1.1610361337661743,1.7132071256637573,90.60680555555555,0.75,4,2,95.24555555555555,0.5479992628097534,32.51139,65.88111,-154.37847900390625,1.7872437371148004
5KPH_4_2_3_id4,0.8678069710731506,1.6036603450775146,93.70833333333331,0.78,4,2,95.24555555555555,0.5479992628097534,32.51139,65.88111,-153.23350524902344,1.8294987148708768
5KPH_4_2_3_id5,0.8573350310325623,1.4678078889846802,94.07819444444443,0.8,4,2,95.24555555555555,0.5479992628097534,32.51139,65.88111,-153.87010192871094,1.8628527323404949
5KPH_4_2_3_id6,0.8436786532402039,1.5278172492980957,95.00458333333331,0.81,4,2,95.24555555555555,0.5479992628097534,32.51139,65.88111,-152.29794311523438,1.805456161499024
5KPH_4_2_3_id7,2.183300733566284,1.5111095905303955,89.96833333333333,0.77,4,2,95.24555555555555,0.5479992628097534,32.51139,65.88111,-154.9798583984375,1.8001761966281469
5KPH_4_2_3_id8,0.8907860517501831,1.6668685674667358,92.58444444444444,0.76,4,2,95.24555555555555,0.5479992628097534,32.51139,65.88111,-152.401611328125,1.7258753246731229
5KPH_4_2_3_id9,1.0009185075759888,2.5180630683898926,88.4401388888889,0.72,4,2,95.24555555555555,0.5479992628097534,32.51139,65.88111,-153.9572296142578,1.761349042256673
5KPH_4_2_4_id0,0.8118708729743958,3.9291226863861084,94.56152777777775,0.8,4,2,94.14125,0.5929038524627686,32.491886,67.42976,-142.7364959716797,1.900735855102539
5KPH_4_2_4_id1,0.6608064770698547,3.8887176513671875,95.0734722222222,0.82,4,2,94.14125,0.5929038524627686,32.491886,67.42976,-146.29837036132812,1.968027114868164
5KPH_4_2_4_id10,0.719424307346344,4.088522911071777,94.67333333333332,0.79,4,2,94.14125,0.5929038524627686,32.491886,67.42976,-145.70611572265625,1.887510723537869
5KPH_4_2_4_id11,0.7903529405593872,4.084541320800781,94.385,0.8,4,2,94.14125,0.5929038524627686,32.491886,67.42976,-149.2819061279297,1.8398450215657551
5KPH_4_2_4_id12,0.6961097717285156,3.949639320373535,94.59305555555557,0.8,4,2,94.14125,0.5929038524627686,32.491886,67.42976,-148.9561767578125,1.8837009006076388
5KPH_4_2_4_id13,0.6443629860877991,3.989377737045288,94.55888888888887,0.8,4,2,94.14125,0.5929038524627686,32.491886,67.42976,-149.9372100830078,1.880440182156033
5KPH_4_2_4_id14,0.7575349807739258,3.8780903816223145,93.76416666666668,0.78,4,2,94.14125,0.5929038524627686,32.491886,67.42976,-145.9537811279297,1.9123174879286025
5KPH_4_2_4_id15,0.6749457120895386,3.8711326122283936,95.14638888888892,0.8,4,2,94.14125,0.5929038524627686,32.491886,67.42976,-147.5211181640625,1.883092668321397
5KPH_4_2_4_id16,0.6880039572715759,3.9190781116485596,96.38125,0.83,4,2,94.14125,0.5929038524627686,32.491886,67.42976,-148.00027465820312,1.8247797224256728
5KPH_4_2_4_id17,0.704986035823822,4.037298679351807,94.20041666666668,0.8,4,2,94.14125,0.5929038524627686,32.491886,67.42976,-147.6093292236328,1.8816085391574435
5KPH_4_2_4_id18,0.696453869342804,3.8086910247802734,94.54430555555555,0.8,4,2,94.14125,0.5929038524627686,32.491886,67.42976,-145.65234375,1.978149837917752
5KPH_4_2_4_id19,0.9003949761390686,3.6170029640197754,93.90708333333332,0.78,4,2,94.14125,0.5929038524627686,32.491886,67.42976,-144.3399200439453,1.858539581298828
5KPH_4_2_4_id2,0.8989582657814026,4.1565022468566895,95.68583333333332,0.82,4,2,94.14125,0.5929038524627686,32.491886,67.42976,-144.78793334960938,1.806812498304579
5KPH_4_2_4_id20,0.7359418869018555,3.932875394821167,95.41583333333332,0.81,4,2,94.14125,0.5929038524627686,32.491886,67.42976,-148.4646759033203,1.9755846659342449
5KPH_4_2_4_id21,1.9981482028961182,2.0458261966705322,93.8388888888889,0.79,4,2,94.14125,0.5929038524627686,32.491886,67.42976,-146.54501342773438,1.737787988450792
5KPH_4_2_4_id22,0.6456280946731567,3.7621099948883057,93.25986111111108,0.78,4,2,94.14125,0.5929038524627686,32.491886,67.42976,-145.44866943359375,1.7555322647094729
5KPH_4_2_4_id23,0.7878575921058655,3.9261574745178223,95.5951388888889,0.82,4,2,94.14125,0.5929038524627686,32.491886,67.42976,-147.73255920410156,1.9926622178819444
5KPH_4_2_4_id3,0.7972992062568665,4.060724258422852,94.9876388888889,0.81,4,2,94.14125,0.5929038524627686,32.491886,67.42976,-148.50379943847656,1.865633222791884
5KPH_4_2_4_id4,0.6254685521125793,3.909709930419922,95.91180555555556,0.82,4,2,94.14125,0.5929038524627686,32.491886,67.42976,-148.01065063476562,1.858216815524631
5KPH_4_2_4_id5,0.7172524333000183,3.982858180999756,95.04833333333332,0.81,4,2,94.14125,0.5929038524627686,32.491886,67.42976,-150.1190948486328,1.81189939710829
5KPH_4_2_4_id6,0.8078613877296448,3.9543511867523193,93.92361111111111,0.79,4,2,94.14125,0.5929038524627686,32.491886,67.42976,-149.46165466308594,1.7760268317328558
5KPH_4_2_4_id7,0.7321107983589172,4.030117034912109,95.69861111111112,0.82,4,2,94.14125,0.5929038524627686,32.491886,67.42976,-149.1308135986328,1.8414391411675348
5KPH_4_2_4_id8,0.5290525555610657,3.9407145977020264,95.64763888888888,0.82,4,2,94.14125,0.5929038524627686,32.491886,67.42976,-149.81951904296875,1.8966526455349395
5KPH_4_2_4_id9,0.7151073813438416,3.860518217086792,95.15708333333332,0.81,4,2,94.14125,0.5929038524627686,32.491886,67.42976,-148.9154815673828,1.889417224460178
5KPH_4_2_5_id0,1.7947802543640137,2.3544366359710693,91.4851388888889,0.78,4,2,90.9897222222222,0.6203007698059082,32.324642,67.4273,-144.30551147460938,1.8856567806667752
5KPH_4_2_5_id1,0.6294058561325073,4.003998756408691,95.03944444444444,0.81,4,2,90.9897222222222,0.6203007698059082,32.324642,67.4273,-145.57772827148438,1.9845947689480248
5KPH_4_2_5_id10,0.6456259489059448,3.438474655151367,94.11277777777778,0.79,4,2,90.9897222222222,0.6203007698059082,32.324642,67.4273,-145.21380615234375,1.9240714179144964
5KPH_4_2_5_id11,0.7262773513793945,4.14442777633667,94.41763888888887,0.8,4,2,90.9897222222222,0.6203007698059082,32.324642,67.4273,-141.2350616455078,1.9547398885091145
5KPH_4_2_5_id12,0.950777530670166,2.546071767807007,95.77680555555555,0.83,4,2,90.9897222222222,0.6203007698059082,32.324642,67.4273,-143.76075744628906,1.9974742465549045
5KPH_4_2_5_id13,0.687096893787384,4.035985469818115,95.4425,0.81,4,2,90.9897222222222,0.6203007698059082,32.324642,67.4273,-143.4613037109375,1.934602949354384
5KPH_4_2_5_id14,0.7858794331550598,4.083321571350098,94.84833333333334,0.81,4,2,90.9897222222222,0.6203007698059082,32.324642,67.4273,-144.55221557617188,1.9412956237792969
5KPH_4_2_5_id15,0.7635375261306763,3.9929590225219727,95.17166666666668,0.82,4,2,90.9897222222222,0.6203007698059082,32.324642,67.4273,-142.50286865234375,1.85118039449056
5KPH_4_2_5_id16,0.6202840209007263,4.070351600646973,95.26583333333332,0.82,4,2,90.9897222222222,0.6203007698059082,32.324642,67.4273,-144.9082794189453,1.9161092970106337
5KPH_4_2_5_id17,0.6485714316368103,4.010680198669434,95.50708333333336,0.82,4,2,90.9897222222222,0.6203007698059082,32.324642,67.4273,-143.57989501953125,1.8899703555636933
5KPH_4_2_5_id18,0.5980790853500366,4.168517112731934,95.46875,0.83,4,2,90.9897222222222,0.6203007698059082,32.324642,67.4273,-141.85897827148438,1.951561821831597
5KPH_4_2_5_id19,0.7594878673553467,3.4187772274017334,92.43222222222224,0.78,4,2,90.9897222222222,0.6203007698059082,32.324642,67.4273,-144.86412048339844,1.8434808519151475
5KPH_4_2_5_id2,0.8212905526161194,4.300109386444092,94.815,0.81,4,2,90.9897222222222,0.6203007698059082,32.324642,67.4273,-143.711181640625,2.036504957411024
5KPH_4_2_5_id20,0.6325471997261047,4.0370259284973145,95.95694444444445,0.82,4,2,90.9897222222222,0.6203007698059082,32.324642,67.4273,-143.22059631347656,1.961812337239584
5KPH_4_2_5_id21,0.7586263418197632,3.611747980117798,94.2575,0.8,4,2,90.9897222222222,0.6203007698059082,32.324642,67.4273,-145.73936462402344,1.918524424235026
5KPH_4_2_5_id22,0.7771610021591187,4.344275951385498,96.47,0.83,4,2,90.9897222222222,0.6203007698059082,32.324642,67.4273,-143.60531616210938,1.951409657796224
5KPH_4_2_5_id23,0.6601211428642273,4.051016807556152,95.27694444444444,0.81,4,2,90.9897222222222,0.6203007698059082,32.324642,67.4273,-145.3190155029297,2.023218366834852
5KPH_4_2_5_id3,0.613454282283783,4.091248512268066,95.37791666666668,0.82,4,2,90.9897222222222,0.6203007698059082,32.324642,67.4273,-144.9418487548828,1.9578639136420355
5KPH_4_2_5_id4,0.7519578337669373,3.7354209423065186,94.82180555555556,0.81,4,2,90.9897222222222,0.6203007698059082,32.324642,67.4273,-144.76699829101562,1.9898541768391929
5KPH_4_2_5_id5,0.6448450684547424,4.150278091430664,95.39569444444444,0.82,4,2,90.9897222222222,0.6203007698059082,32.324642,67.4273,-144.4510040283203,1.937838448418512
5KPH_4_2_5_id6,0.7823333740234375,4.303121089935303,95.75847222222222,0.82,4,2,90.9897222222222,0.6203007698059082,32.324642,67.4273,-143.4612274169922,2.0137382083468967
5KPH_4_2_5_id7,0.616934597492218,3.9762964248657227,95.24902777777778,0.83,4,2,90.9897222222222,0.6203007698059082,32.324642,67.4273,-144.90333557128906,1.9590399000379768
5KPH_4_2_5_id8,0.7672427892684937,3.143470287322998,91.79055555555556,0.76,4,2,90.9897222222222,0.6203007698059082,32.324642,67.4273,-143.21926879882812,2.026002671983507
5KPH_4_2_5_id9,0.6736206412315369,3.8577146530151367,94.47125,0.81,4,2,90.9897222222222,0.6203007698059082,32.324642,67.4273,-143.9529266357422,1.9453915490044489
5KPH_4_2_6_id0,0.7594835162162781,3.9610185623168945,95.5677777777778,0.82,4,2,90.85277777777776,0.9275019764900208,32.39703,68.221275,-143.61538696289062,1.901404062906901
5KPH_4_2_6_id1,0.6849479675292969,3.935532569885254,93.71916666666668,0.79,4,2,90.85277777777776,0.9275019764900208,32.39703,68.221275,-145.0146484375,1.854241689046224
5KPH_4_2_6_id10,0.8011258244514465,4.248514175415039,94.70680555555556,0.8,4,2,90.85277777777776,0.9275019764900208,32.39703,68.221275,-143.39450073242188,1.898094601101345
5KPH_4_2_6_id11,0.7214887142181396,4.197666168212891,94.86458333333331,0.81,4,2,90.85277777777776,0.9275019764900208,32.39703,68.221275,-145.03009033203125,1.9046236673990888
5KPH_4_2_6_id12,0.7136284112930298,4.082381248474121,95.5976388888889,0.82,4,2,90.85277777777776,0.9275019764900208,32.39703,68.221275,-143.95169067382812,1.8903558519151475
5KPH_4_2_6_id13,0.623315691947937,4.054157733917236,95.73569444444443,0.82,4,2,90.85277777777776,0.9275019764900208,32.39703,68.221275,-142.62425231933594,1.9986292521158853
5KPH_4_2_6_id14,0.9723498821258545,2.5614633560180664,94.64097222222222,0.8,4,2,90.85277777777776,0.9275019764900208,32.39703,68.221275,-141.66986083984375,2.008430904812283
5KPH_4_2_6_id15,0.6599342226982117,3.9657559394836426,94.28180555555556,0.8,4,2,90.85277777777776,0.9275019764900208,32.39703,68.221275,-145.06944274902344,1.985484653049045
5KPH_4_2_6_id16,0.8360753059387207,4.265604019165039,95.95222222222222,0.83,4,2,90.85277777777776,0.9275019764900208,32.39703,68.221275,-141.70590209960938,1.9678698645697696
5KPH_4_2_6_id17,0.8452973961830139,3.6599364280700684,95.52763888888887,0.82,4,2,90.85277777777776,0.9275019764900208,32.39703,68.221275,-142.03872680664062,1.92218992445204
5KPH_4_2_6_id18,0.8008918762207031,4.048158168792725,95.60569444444444,0.82,4,2,90.85277777777776,0.9275019764900208,32.39703,68.221275,-144.03887939453125,2.003098381890191
5KPH_4_2_6_id19,0.6941447854042053,4.033484935760498,94.94,0.81,4,2,90.85277777777776,0.9275019764900208,32.39703,68.221275,-143.3343505859375,1.920824898613824
5KPH_4_2_6_id2,0.6251899003982544,4.135212421417236,95.5525,0.82,4,2,90.85277777777776,0.9275019764900208,32.39703,68.221275,-142.6513671875,1.8812556796603728
5KPH_4_2_6_id20,1.0930261611938477,4.505004405975342,94.85666666666668,0.81,4,2,90.85277777777776,0.9275019764900208,32.39703,68.221275,-141.17591857910156,1.839220682779948
5KPH_4_2_6_id21,0.6971004605293274,4.1514363288879395,95.04902777777778,0.82,4,2,90.85277777777776,0.9275019764900208,32.39703,68.221275,-142.8426971435547,1.8527194129096136
5KPH_4_2_6_id22,0.8450114130973816,2.7750492095947266,93.30208333333331,0.78,4,2,90.85277777777776,0.9275019764900208,32.39703,68.221275,-143.489501953125,1.8307308620876737
5KPH_4_2_6_id23,0.785977840423584,2.7433407306671143,91.01625,0.76,4,2,90.85277777777776,0.9275019764900208,32.39703,68.221275,-144.82566833496094,1.8533333672417536
5KPH_4_2_6_id3,0.658822774887085,4.093411922454834,94.9134722222222,0.81,4,2,90.85277777777776,0.9275019764900208,32.39703,68.221275,-141.53688049316406,1.7795658111572266
5KPH_4_2_6_id4,0.7588300704956055,4.159792423248291,93.67666666666668,0.79,4,2,90.85277777777776,0.9275019764900208,32.39703,68.221275,-144.88336181640625,1.8522745768229167
5KPH_4_2_6_id5,0.7326076626777649,1.9237101078033447,96.0422222222222,0.83,4,2,90.85277777777776,0.9275019764900208,32.39703,68.221275,-143.99314880371094,1.8845945994059248
5KPH_4_2_6_id6,0.8489289283752441,4.288651466369629,95.98444444444443,0.83,4,2,90.85277777777776,0.9275019764900208,32.39703,68.221275,-144.50331115722656,1.8824178907606337
5KPH_4_2_6_id7,0.7306510210037231,4.171681880950928,95.74055555555556,0.81,4,2,90.85277777777776,0.9275019764900208,32.39703,68.221275,-143.40853881835938,1.9413252936469183
5KPH_4_2_6_id8,0.80586838722229,4.325870513916016,95.04291666666668,0.8,4,2,90.85277777777776,0.9275019764900208,32.39703,68.221275,-142.51553344726562,1.8863304985894096
5KPH_4_2_6_id9,0.6551061868667603,4.219969749450684,95.24444444444444,0.82,4,2,90.85277777777776,0.9275019764900208,32.39703,68.221275,-144.55577087402344,1.909248140123156
5KPH_4_2_7_id0,0.8703593611717224,3.873504638671875,94.05930555555555,0.8,4,2,95.68930555555556,0.7932628989219666,31.445808,69.385574,-151.64764404296875,1.9913921356201167
5KPH_4_2_7_id1,0.638232409954071,4.23646354675293,95.33208333333332,0.82,4,2,95.68930555555556,0.7932628989219666,31.445808,69.385574,-149.9665069580078,2.045115576850044
5KPH_4_2_7_id10,1.6707534790039062,2.2131054401397705,90.41777777777776,0.74,4,2,95.68930555555556,0.7932628989219666,31.445808,69.385574,-148.32809448242188,2.191038343641493
5KPH_4_2_7_id11,0.8918735980987549,0.9543927311897278,92.4686111111111,0.78,4,2,95.68930555555556,0.7932628989219666,31.445808,69.385574,-149.40516662597656,2.071830537584093
5KPH_4_2_7_id12,0.6958398818969727,4.20485258102417,94.97958333333334,0.81,4,2,95.68930555555556,0.7932628989219666,31.445808,69.385574,-149.30453491210938,2.0876087612575955
5KPH_4_2_7_id13,0.7512760162353516,4.172947406768799,95.98083333333332,0.82,4,2,95.68930555555556,0.7932628989219666,31.445808,69.385574,-149.7579345703125,1.99501821729872
5KPH_4_2_7_id14,0.7268021702766418,3.7057597637176514,94.8534722222222,0.8,4,2,95.68930555555556,0.7932628989219666,31.445808,69.385574,-148.85484313964844,2.149963802761502
5KPH_4_2_7_id15,0.7233485579490662,1.2451573610305786,95.86458333333331,0.81,4,2,95.68930555555556,0.7932628989219666,31.445808,69.385574,-148.6937713623047,1.9425900777180989
5KPH_4_2_7_id16,1.0482810735702515,1.7098097801208496,92.98430555555557,0.75,4,2,95.68930555555556,0.7932628989219666,31.445808,69.385574,-149.503662109375,2.1333096822102866
5KPH_4_2_7_id17,0.6022520065307617,4.033303737640381,95.00625,0.81,4,2,95.68930555555556,0.7932628989219666,31.445808,69.385574,-149.9388885498047,2.024060567220052
5KPH_4_2_7_id18,0.8808038234710693,3.895040273666382,94.19541666666666,0.8,4,2,95.68930555555556,0.7932628989219666,31.445808,69.385574,-150.60415649414062,1.991700914171007
5KPH_4_2_7_id19,0.7192999720573425,1.5241798162460327,93.59277777777778,0.78,4,2,95.68930555555556,0.7932628989219666,31.445808,69.385574,-149.51870727539062,2.0761375427246094
5KPH_4_2_7_id2,0.8027063012123108,4.181263446807861,95.73625,0.82,4,2,95.68930555555556,0.7932628989219666,31.445808,69.385574,-151.5648956298828,2.0652845170762806
5KPH_4_2_7_id20,0.9197605848312378,4.184053897857666,93.39430555555556,0.79,4,2,95.68930555555556,0.7932628989219666,31.445808,69.385574,-150.05027770996094,2.0550380282931857
5KPH_4_2_7_id21,0.5959975123405457,4.073553085327148,94.77944444444444,0.8,4,2,95.68930555555556,0.7932628989219666,31.445808,69.385574,-148.1577911376953,2.004640155368381
5KPH_4_2_7_id22,0.8644304871559143,4.08358907699585,91.1738888888889,0.75,4,2,95.68930555555556,0.7932628989219666,31.445808,69.385574,-150.0366668701172,1.966225941975912
5KPH_4_2_7_id23,0.7606810927391052,4.316716194152832,95.93180555555556,0.82,4,2,95.68930555555556,0.7932628989219666,31.445808,69.385574,-150.4472198486328,2.031144460042318
5KPH_4_2_7_id3,0.8493726849555969,1.522587537765503,96.8097222222222,0.84,4,2,95.68930555555556,0.7932628989219666,31.445808,69.385574,-150.02386474609375,2.145830366346571
5KPH_4_2_7_id4,0.8313003182411194,3.8166027069091797,92.34555555555556,0.77,4,2,95.68930555555556,0.7932628989219666,31.445808,69.385574,-150.7349395751953,2.0464598337809243
5KPH_4_2_7_id5,0.8637501001358032,4.463888168334961,95.71263888888888,0.81,4,2,95.68930555555556,0.7932628989219666,31.445808,69.385574,-149.06166076660156,2.1084187825520835
5KPH_4_2_7_id6,0.8491798043251038,4.309727668762207,95.27069444444444,0.81,4,2,95.68930555555556,0.7932628989219666,31.445808,69.385574,-149.6444549560547,2.0537134806315103
5KPH_4_2_7_id7,0.8817933797836304,4.341556549072266,94.76194444444444,0.82,4,2,95.68930555555556,0.7932628989219666,31.445808,69.385574,-151.65284729003906,2.0582368638780384
5KPH_4_2_7_id8,0.7365501523017883,2.0777339935302734,95.16041666666666,0.81,4,2,95.68930555555556,0.7932628989219666,31.445808,69.385574,-149.73297119140625,2.1028253767225475
5KPH_4_2_7_id9,0.7509748339653015,1.8457963466644287,95.48680555555558,0.82,4,2,95.68930555555556,0.7932628989219666,31.445808,69.385574,-150.97386169433594,2.102791044447157
5KPH_4_2_8_id1,0.8128645420074463,2.949786424636841,93.62152777777776,0.8,4,2,92.60027777777776,0.6087368130683899,32.5623,68.55739,-141.52944946289062,2.336704889933268
5KPH_4_2_8_id10,0.5309364199638367,3.89638352394104,94.55763888888887,0.8,4,2,92.60027777777776,0.6087368130683899,32.5623,68.55739,-141.96180725097656,2.2032542758517795
5KPH_4_2_8_id11,0.629511833190918,3.7530710697174072,93.49680555555555,0.8,4,2,92.60027777777776,0.6087368130683899,32.5623,68.55739,-140.71688842773438,2.2232163747151694
5KPH_4_2_8_id12,0.6731053590774536,4.032713413238525,93.02625,0.77,4,2,92.60027777777776,0.6087368130683899,32.5623,68.55739,-141.1943817138672,2.102245330810547
5KPH_4_2_8_id13,0.7091334462165833,3.5228047370910645,93.4673611111111,0.78,4,2,92.60027777777776,0.6087368130683899,32.5623,68.55739,-140.44454956054688,2.3657133314344616
5KPH_4_2_8_id14,0.6090274453163147,3.916930675506592,93.495,0.79,4,2,92.60027777777776,0.6087368130683899,32.5623,68.55739,-141.65335083007812,2.089109632703993
5KPH_4_2_8_id15,0.6082628965377808,3.6580700874328613,94.81111111111112,0.81,4,2,92.60027777777776,0.6087368130683899,32.5623,68.55739,-140.91363525390625,2.1441177792019315
5KPH_4_2_8_id16,0.5478283762931824,3.561401844024658,95.28777777777778,0.82,4,2,92.60027777777776,0.6087368130683899,32.5623,68.55739,-141.9528045654297,2.153780195448133
5KPH_4_2_8_id17,0.6427469849586487,4.108860015869141,95.57666666666664,0.82,4,2,92.60027777777776,0.6087368130683899,32.5623,68.55739,-141.9760284423828,2.211083094278971
5KPH_4_2_8_id18,0.6390949487686157,4.0565314292907715,92.82013888888888,0.78,4,2,92.60027777777776,0.6087368130683899,32.5623,68.55739,-143.57211303710938,2.243988460964627
5KPH_4_2_8_id19,0.5873302221298218,3.8507437705993652,94.06097222222223,0.79,4,2,92.60027777777776,0.6087368130683899,32.5623,68.55739,-142.855224609375,2.103301154242621
5KPH_4_2_8_id2,0.8917086720466614,3.4772181510925293,94.13722222222223,0.79,4,2,92.60027777777776,0.6087368130683899,32.5623,68.55739,-138.78536987304688,2.323268042670356
5KPH_4_2_8_id20,0.5642762780189514,3.970233917236328,94.75777777777778,0.8,4,2,92.60027777777776,0.6087368130683899,32.5623,68.55739,-141.37745666503906,2.119548797607422
5KPH_4_2_8_id21,0.8019463419914246,3.692805290222168,93.20944444444444,0.79,4,2,92.60027777777776,0.6087368130683899,32.5623,68.55739,-142.04632568359375,2.199245664808485
5KPH_4_2_8_id22,0.8232965469360352,3.5102202892303467,94.35027777777778,0.81,4,2,92.60027777777776,0.6087368130683899,32.5623,68.55739,-140.97268676757812,2.395179748535156
5KPH_4_2_8_id23,1.6548861265182495,2.225013256072998,92.39111111111112,0.77,4,2,92.60027777777776,0.6087368130683899,32.5623,68.55739,-138.94866943359375,2.163970947265625
5KPH_4_2_8_id3,0.9299280643463135,2.4835221767425537,89.26041666666667,0.71,4,2,92.60027777777776,0.6087368130683899,32.5623,68.55739,-142.87271118164062,2.0899259779188366
5KPH_4_2_8_id4,0.6893410086631775,2.70068097114563,93.61041666666668,0.8,4,2,92.60027777777776,0.6087368130683899,32.5623,68.55739,-139.33580017089844,2.1918097601996527
5KPH_4_2_8_id5,0.6078712344169617,4.00140380859375,94.0275,0.79,4,2,92.60027777777776,0.6087368130683899,32.5623,68.55739,-140.9950408935547,2.146591398451063
5KPH_4_2_8_id6,0.6989480257034302,3.5441722869873047,93.80319444444444,0.78,4,2,92.60027777777776,0.6087368130683899,32.5623,68.55739,-139.33335876464844,2.035253524780273
5KPH_4_2_8_id7,0.5297925472259521,3.932227611541748,95.21847222222222,0.81,4,2,92.60027777777776,0.6087368130683899,32.5623,68.55739,-139.60736083984375,2.2057842678493924
5KPH_4_2_8_id8,0.6369416117668152,3.8160293102264404,92.89916666666666,0.78,4,2,92.60027777777776,0.6087368130683899,32.5623,68.55739,-142.934326171875,2.077291488647461
5KPH_4_2_8_id9,0.5103377103805542,3.9328291416168213,94.4098611111111,0.81,4,2,92.60027777777776,0.6087368130683899,32.5623,68.55739,-143.17535400390625,2.3388273451063366
5KPH_4_2_9_id0,0.7223959565162659,4.081038475036621,94.6690277777778,0.82,4,2,91.39486111111113,0.5760906338691711,31.99989,64.67909,-138.7144317626953,2.23041746351454
5KPH_4_2_9_id1,0.6989722847938538,3.829885482788086,94.7398611111111,0.81,4,2,91.39486111111113,0.5760906338691711,31.99989,64.67909,-139.52435302734375,2.100158903333876
5KPH_4_2_9_id10,0.8872713446617126,4.067013263702393,93.07652777777778,0.77,4,2,91.39486111111113,0.5760906338691711,31.99989,64.67909,-141.0227508544922,1.957410176595052
5KPH_4_2_9_id11,0.5256802439689636,3.993441581726074,94.81069444444444,0.81,4,2,91.39486111111113,0.5760906338691711,31.99989,64.67909,-142.65281677246094,2.223038567437066
5KPH_4_2_9_id12,0.7538589835166931,4.221818923950195,95.93541666666668,0.82,4,2,91.39486111111113,0.5760906338691711,31.99989,64.67909,-141.87506103515625,2.1635409461127386
5KPH_4_2_9_id13,0.7325201630592346,3.9723219871520996,94.08694444444444,0.81,4,2,91.39486111111113,0.5760906338691711,31.99989,64.67909,-141.6387176513672,2.046815872192383
5KPH_4_2_9_id14,0.7076061964035034,4.03293514251709,95.19208333333331,0.81,4,2,91.39486111111113,0.5760906338691711,31.99989,64.67909,-142.27308654785156,2.140086703830295
5KPH_4_2_9_id15,0.6101946830749512,4.050840377807617,93.19930555555555,0.79,4,2,91.39486111111113,0.5760906338691711,31.99989,64.67909,-141.90196228027344,2.1834504869249134
5KPH_4_2_9_id16,0.6361285448074341,3.5866684913635254,93.74583333333334,0.8,4,2,91.39486111111113,0.5760906338691711,31.99989,64.67909,-143.50440979003906,2.153834872775608
5KPH_4_2_9_id17,0.5341951847076416,3.8848438262939453,95.05055555555558,0.82,4,2,91.39486111111113,0.5760906338691711,31.99989,64.67909,-143.31044006347656,2.165191226535373
5KPH_4_2_9_id18,0.7948551774024963,4.074090957641602,94.67097222222225,0.8,4,2,91.39486111111113,0.5760906338691711,31.99989,64.67909,-141.35043334960938,2.101002163357205
5KPH_4_2_9_id19,1.0069618225097656,1.7244356870651245,94.42097222222225,0.79,4,2,91.39486111111113,0.5760906338691711,31.99989,64.67909,-139.26931762695312,2.1848470899793835
5KPH_4_2_9_id2,0.5739954113960266,4.007853031158447,94.43694444444444,0.8,4,2,91.39486111111113,0.5760906338691711,31.99989,64.67909,-143.47625732421875,2.1781332227918835
5KPH_4_2_9_id20,0.687299370765686,3.865255355834961,94.87152777777776,0.81,4,2,91.39486111111113,0.5760906338691711,31.99989,64.67909,-139.53402709960938,2.0026988983154297
5KPH_4_2_9_id21,1.6003673076629639,2.0374269485473633,90.22333333333331,0.72,4,2,91.39486111111113,0.5760906338691711,31.99989,64.67909,-139.8770751953125,1.970369550916884
5KPH_4_2_9_id22,0.8455755710601807,2.098182201385498,93.25875,0.78,4,2,91.39486111111113,0.5760906338691711,31.99989,64.67909,-140.34059143066406,2.081016540527344
5KPH_4_2_9_id23,0.8256981372833252,3.0452187061309814,92.97236111111113,0.77,4,2,91.39486111111113,0.5760906338691711,31.99989,64.67909,-140.3186798095703,2.110446294148763
5KPH_4_2_9_id3,0.7516827583312988,3.807131767272949,91.12027777777776,0.75,4,2,91.39486111111113,0.5760906338691711,31.99989,64.67909,-141.98638916015625,2.140629026624892
5KPH_4_2_9_id4,0.7801917791366577,4.088497638702393,94.18583333333336,0.8,4,2,91.39486111111113,0.5760906338691711,31.99989,64.67909,-143.1153564453125,2.0680003696017795
5KPH_4_2_9_id5,0.6747720837593079,4.022431373596191,95.5675,0.82,4,2,91.39486111111113,0.5760906338691711,31.99989,64.67909,-139.57168579101562,2.27359390258789
5KPH_4_2_9_id6,0.7277951836585999,3.801424741744995,93.7,0.8,4,2,91.39486111111113,0.5760906338691711,31.99989,64.67909,-139.80848693847656,2.231308619181315
5KPH_4_2_9_id7,0.7264178991317749,3.8058853149414062,93.07138888888888,0.78,4,2,91.39486111111113,0.5760906338691711,31.99989,64.67909,-142.9803466796875,2.1329968770345054
5KPH_4_2_9_id8,0.604869544506073,3.611241340637207,93.59722222222224,0.79,4,2,91.39486111111113,0.5760906338691711,31.99989,64.67909,-141.50418090820312,2.051144493950738
5KPH_4_2_9_id9,0.6624926924705505,4.179202556610107,96.5052777777778,0.83,4,2,91.39486111111113,0.5760906338691711,31.99989,64.67909,-140.5228729248047,2.108342488606771
5KPH_4_4_0_id0,0.625124990940094,4.173598289489746,95.5825,0.82,4,4,94.87861111111113,0.6222501397132874,32.507736,71.97166,-149.29180908203125,2.079998864067925
5KPH_4_4_0_id1,0.5670958161354065,4.1350908279418945,96.2011111111111,0.83,4,4,94.87861111111113,0.6222501397132874,32.507736,71.97166,-148.61111450195312,1.9829572041829424
5KPH_4_4_0_id10,0.8390426635742188,2.9811041355133057,94.09847222222224,0.79,4,4,94.87861111111113,0.6222501397132874,32.507736,71.97166,-148.62881469726562,2.1314642164442272
5KPH_4_4_0_id11,0.6176391839981079,4.183823585510254,95.07166666666666,0.82,4,4,94.87861111111113,0.6222501397132874,32.507736,71.97166,-150.42681884765625,2.060113271077474
5KPH_4_4_0_id12,0.6527804136276245,4.197324275970459,95.09930555555556,0.81,4,4,94.87861111111113,0.6222501397132874,32.507736,71.97166,-147.95834350585938,1.9943213992648647
5KPH_4_4_0_id13,0.552279531955719,4.003864765167236,94.74833333333332,0.81,4,4,94.87861111111113,0.6222501397132874,32.507736,71.97166,-150.02667236328125,1.960877100626628
5KPH_4_4_0_id14,0.5235967636108398,4.091907501220703,94.11638888888888,0.81,4,4,94.87861111111113,0.6222501397132874,32.507736,71.97166,-148.30528259277344,2.1280460357666016
5KPH_4_4_0_id15,0.5696930885314941,4.067295074462891,95.75027777777778,0.82,4,4,94.87861111111113,0.6222501397132874,32.507736,71.97166,-150.28787231445312,1.9319945441352
5KPH_4_4_0_id16,0.4570680856704712,4.002315998077393,94.7377777777778,0.81,4,4,94.87861111111113,0.6222501397132874,32.507736,71.97166,-149.39886474609375,1.923073238796658
5KPH_4_4_0_id17,0.8599714040756226,2.7103593349456787,96.00972222222222,0.81,4,4,94.87861111111113,0.6222501397132874,32.507736,71.97166,-147.0174560546875,2.19889873928494
5KPH_4_4_0_id18,0.5153506398200989,3.9852428436279297,94.66611111111112,0.82,4,4,94.87861111111113,0.6222501397132874,32.507736,71.97166,-149.38043212890625,1.974795447455512
5KPH_4_4_0_id19,0.6740574240684509,3.9443728923797607,96.18527777777778,0.83,4,4,94.87861111111113,0.6222501397132874,32.507736,71.97166,-149.14324951171875,2.080122629801432
5KPH_4_4_0_id2,0.5464491248130798,4.053094863891602,94.33236111111113,0.81,4,4,94.87861111111113,0.6222501397132874,32.507736,71.97166,-148.7886505126953,1.9739212459988065
5KPH_4_4_0_id20,0.7546094059944153,4.280138969421387,95.1776388888889,0.82,4,4,94.87861111111113,0.6222501397132874,32.507736,71.97166,-148.29116821289062,2.105865478515625
5KPH_4_4_0_id21,0.5117881298065186,4.057347774505615,93.89125,0.8,4,4,94.87861111111113,0.6222501397132874,32.507736,71.97166,-149.9933624267578,1.9751578436957464
5KPH_4_4_0_id22,0.5873308777809143,3.8776466846466064,95.18916666666664,0.82,4,4,94.87861111111113,0.6222501397132874,32.507736,71.97166,-150.18394470214844,2.018203947279188
5KPH_4_4_0_id23,0.7603739500045776,1.7654767036437988,95.18680555555557,0.82,4,4,94.87861111111113,0.6222501397132874,32.507736,71.97166,-146.76593017578125,2.1451148986816406
5KPH_4_4_0_id3,0.7579325437545776,4.174009323120117,95.20916666666668,0.82,4,4,94.87861111111113,0.6222501397132874,32.507736,71.97166,-148.97122192382812,2.078059302435981
5KPH_4_4_0_id4,0.5393438339233398,3.8683693408966064,94.6763888888889,0.8,4,4,94.87861111111113,0.6222501397132874,32.507736,71.97166,-150.1846923828125,2.024971856011285
5KPH_4_4_0_id5,0.6319400668144226,4.10181188583374,94.93152777777776,0.81,4,4,94.87861111111113,0.6222501397132874,32.507736,71.97166,-144.8459930419922,2.254652659098307
5KPH_4_4_0_id6,0.5387102961540222,4.093845844268799,94.16430555555556,0.81,4,4,94.87861111111113,0.6222501397132874,32.507736,71.97166,-148.11058044433594,2.0381732516818576
5KPH_4_4_0_id7,2.197293519973755,2.1305267810821533,94.08027777777778,0.81,4,4,94.87861111111113,0.6222501397132874,32.507736,71.97166,-145.9211883544922,2.042283376057943
5KPH_4_4_0_id8,0.5428535342216492,4.123101711273193,95.00569444444444,0.81,4,4,94.87861111111113,0.6222501397132874,32.507736,71.97166,-147.0529327392578,2.0583360460069446
5KPH_4_4_0_id9,0.5311774611473083,4.140510559082031,93.95319444444443,0.8,4,4,94.87861111111113,0.6222501397132874,32.507736,71.97166,-149.23265075683594,1.9434117211235893
5KPH_4_4_1_id0,0.7798701524734497,4.156736850738525,96.4975,0.83,4,4,94.5825,0.8421797752380371,32.95701,67.747536,-152.8038330078125,1.9905136956108944
5KPH_4_4_1_id1,0.8346531987190247,4.161888599395752,95.74638888888887,0.82,4,4,94.5825,0.8421797752380371,32.95701,67.747536,-151.4334716796875,1.9139923519558373
5KPH_4_4_1_id10,0.7537522912025452,4.13417387008667,96.03125,0.83,4,4,94.5825,0.8421797752380371,32.95701,67.747536,-149.9767303466797,2.048163943820529
5KPH_4_4_1_id11,0.7536460757255554,4.086236953735352,95.42347222222222,0.82,4,4,94.5825,0.8421797752380371,32.95701,67.747536,-151.598388671875,1.960635715060764
5KPH_4_4_1_id12,0.8174604773521423,4.285067558288574,96.16486111111112,0.82,4,4,94.5825,0.8421797752380371,32.95701,67.747536,-149.88575744628906,1.984478844536676
5KPH_4_4_1_id13,0.7602255940437317,4.186354160308838,96.70291666666664,0.84,4,4,94.5825,0.8421797752380371,32.95701,67.747536,-150.7545623779297,2.031744639078776
5KPH_4_4_1_id14,0.718170702457428,4.095765113830566,96.5072222222222,0.83,4,4,94.5825,0.8421797752380371,32.95701,67.747536,-153.0194854736328,1.9533237881130645
5KPH_4_4_1_id15,0.8494336605072021,4.209376335144043,96.77,0.84,4,4,94.5825,0.8421797752380371,32.95701,67.747536,-150.24554443359375,2.0454889933268228
5KPH_4_4_1_id16,0.8182440400123596,4.2659783363342285,96.48180555555555,0.82,4,4,94.5825,0.8421797752380371,32.95701,67.747536,-149.94363403320312,2.056596120198568
5KPH_4_4_1_id17,0.8840795755386353,4.274977207183838,96.70625,0.84,4,4,94.5825,0.8421797752380371,32.95701,67.747536,-149.93109130859375,2.0555311838785806
5KPH_4_4_1_id18,0.7800816893577576,4.114212989807129,95.80944444444444,0.82,4,4,94.5825,0.8421797752380371,32.95701,67.747536,-151.062744140625,2.051084730360243
5KPH_4_4_1_id19,2.828143835067749,1.049623966217041,93.13972222222222,0.78,4,4,94.5825,0.8421797752380371,32.95701,67.747536,-149.8253173828125,2.0143534342447915
5KPH_4_4_1_id2,0.7705326676368713,4.288739204406738,96.42972222222222,0.82,4,4,94.5825,0.8421797752380371,32.95701,67.747536,-151.4872283935547,1.989085727267795
5KPH_4_4_1_id20,0.7503970861434937,4.059765338897705,94.5225,0.81,4,4,94.5825,0.8421797752380371,32.95701,67.747536,-151.67262268066406,1.945632086859809
5KPH_4_4_1_id21,0.8725423812866211,1.364184021949768,92.07180555555556,0.75,4,4,94.5825,0.8421797752380371,32.95701,67.747536,-150.55226135253906,1.872621324327257
5KPH_4_4_1_id22,0.7592516541481018,1.158348560333252,94.27333333333334,0.8,4,4,94.5825,0.8421797752380371,32.95701,67.747536,-151.3881378173828,1.87642584906684
5KPH_4_4_1_id23,0.8796407580375671,4.260194301605225,96.36458333333331,0.83,4,4,94.5825,0.8421797752380371,32.95701,67.747536,-150.67823791503906,2.012243906656901
5KPH_4_4_1_id3,0.6827155351638794,2.0928382873535156,94.37583333333332,0.78,4,4,94.5825,0.8421797752380371,32.95701,67.747536,-148.8516082763672,2.025739457872179
5KPH_4_4_1_id4,0.8958145380020142,4.422166347503662,97.02916666666668,0.84,4,4,94.5825,0.8421797752380371,32.95701,67.747536,-151.606201171875,2.055475870768229
5KPH_4_4_1_id5,0.7317739129066467,2.0336687564849854,96.61097222222222,0.82,4,4,94.5825,0.8421797752380371,32.95701,67.747536,-152.44308471679688,1.9428176879882808
5KPH_4_4_1_id6,0.7344479560852051,4.0908966064453125,95.9061111111111,0.83,4,4,94.5825,0.8421797752380371,32.95701,67.747536,-153.3932647705078,1.9665868547227647
5KPH_4_4_1_id7,0.8227134943008423,4.194818496704102,95.22111111111111,0.82,4,4,94.5825,0.8421797752380371,32.95701,67.747536,-151.3897705078125,1.974552578396268
5KPH_4_4_1_id8,1.0545039176940918,1.2357945442199707,93.37013888888887,0.78,4,4,94.5825,0.8421797752380371,32.95701,67.747536,-148.60813903808594,1.872966978285048
5KPH_4_4_1_id9,0.842871904373169,4.257606506347656,96.92777777777776,0.84,4,4,94.5825,0.8421797752380371,32.95701,67.747536,-150.60821533203125,1.9995780520968969
5KPH_4_4_2_id0,0.6873677372932434,4.001965045928955,94.70944444444444,0.8,4,4,95.00541666666668,0.9804434776306152,33.227543,70.22529,-143.81175231933594,1.9655147128634984
5KPH_4_4_2_id1,0.6869823336601257,3.9962546825408936,94.9523611111111,0.8,4,4,95.00541666666668,0.9804434776306152,33.227543,70.22529,-144.00112915039062,1.875546349419488
5KPH_4_4_2_id10,0.7393405437469482,4.056437969207764,95.88513888888887,0.82,4,4,95.00541666666668,0.9804434776306152,33.227543,70.22529,-144.31138610839844,1.898924297756619
5KPH_4_4_2_id11,0.7622008919715881,3.604828119277954,95.15819444444443,0.81,4,4,95.00541666666668,0.9804434776306152,33.227543,70.22529,-144.7130584716797,1.768720626831055
5KPH_4_4_2_id12,0.8419792056083679,2.3269238471984863,91.48569444444443,0.72,4,4,95.00541666666668,0.9804434776306152,33.227543,70.22529,-143.03204345703125,1.8223228454589844
5KPH_4_4_2_id13,0.6682053804397583,3.851776123046875,94.58777777777776,0.8,4,4,95.00541666666668,0.9804434776306152,33.227543,70.22529,-144.53759765625,1.8270534939236112
5KPH_4_4_2_id14,0.6574366688728333,3.8557121753692627,93.82555555555555,0.79,4,4,95.00541666666668,0.9804434776306152,33.227543,70.22529,-142.4985809326172,1.8139290279812283
5KPH_4_4_2_id15,0.7366535067558289,3.974138021469116,94.61138888888888,0.8,4,4,95.00541666666668,0.9804434776306152,33.227543,70.22529,-144.79013061523438,1.9426776038275824
5KPH_4_4_2_id16,0.6543684005737305,3.842897653579712,95.38902777777778,0.82,4,4,95.00541666666668,0.9804434776306152,33.227543,70.22529,-143.05149841308594,1.805879169040256
5KPH_4_4_2_id17,0.7371910810470581,2.4519569873809814,93.48041666666668,0.77,4,4,95.00541666666668,0.9804434776306152,33.227543,70.22529,-143.21640014648438,1.7821689181857638
5KPH_4_4_2_id18,2.0359277725219727,1.9391933679580688,91.63652777777776,0.76,4,4,95.00541666666668,0.9804434776306152,33.227543,70.22529,-143.27645874023438,1.908331765068902
5KPH_4_4_2_id19,0.7762960195541382,4.031021595001221,95.48083333333334,0.81,4,4,95.00541666666668,0.9804434776306152,33.227543,70.22529,-147.12619018554688,1.8338661193847656
5KPH_4_4_2_id2,0.7804363369941711,3.8973569869995117,94.83875,0.8,4,4,95.00541666666668,0.9804434776306152,33.227543,70.22529,-145.82937622070312,1.7259943220350478
5KPH_4_4_2_id20,0.7400476932525635,3.8784947395324707,94.76708333333332,0.8,4,4,95.00541666666668,0.9804434776306152,33.227543,70.22529,-142.1996612548828,1.745520379808214
5KPH_4_4_2_id21,0.7856610417366028,1.3248474597930908,92.83916666666669,0.76,4,4,95.00541666666668,0.9804434776306152,33.227543,70.22529,-143.15728759765625,1.8089332580566408
5KPH_4_4_2_id22,0.8237418532371521,3.9721121788024902,95.37694444444443,0.82,4,4,95.00541666666668,0.9804434776306152,33.227543,70.22529,-144.42837524414062,1.9303546481662328
5KPH_4_4_2_id23,0.6568536758422852,3.772494077682495,94.66611111111112,0.81,4,4,95.00541666666668,0.9804434776306152,33.227543,70.22529,-146.7344207763672,1.8952371809217663
5KPH_4_4_2_id3,0.8208996057510376,2.975696563720703,91.48055555555555,0.72,4,4,95.00541666666668,0.9804434776306152,33.227543,70.22529,-143.89305114746094,1.8651053110758464
5KPH_4_4_2_id4,0.8825153112411499,4.109715938568115,95.16722222222222,0.81,4,4,95.00541666666668,0.9804434776306152,33.227543,70.22529,-146.5799102783203,1.838958952162001
5KPH_4_4_2_id5,0.6786887049674988,3.835920810699463,95.19277777777778,0.81,4,4,95.00541666666668,0.9804434776306152,33.227543,70.22529,-143.76315307617188,1.7332286834716797
5KPH_4_4_2_id6,0.7929056286811829,4.081390380859375,95.43958333333332,0.81,4,4,95.00541666666668,0.9804434776306152,33.227543,70.22529,-145.058349609375,1.8182813856336808
5KPH_4_4_2_id7,0.8454012870788574,3.9835591316223145,91.30319444444444,0.73,4,4,95.00541666666668,0.9804434776306152,33.227543,70.22529,-142.32472229003906,1.889511956108941
5KPH_4_4_2_id8,0.5451246500015259,3.8371529579162598,94.7961111111111,0.81,4,4,95.00541666666668,0.9804434776306152,33.227543,70.22529,-144.66903686523438,1.8768689897325304
5KPH_4_4_2_id9,0.7469739317893982,3.868514060974121,94.72791666666666,0.81,4,4,95.00541666666668,0.9804434776306152,33.227543,70.22529,-144.469970703125,1.763967514038086
5KPH_4_4_3_id0,0.8165591955184937,3.9503936767578125,95.05333333333334,0.82,4,4,92.96638888888889,0.5465803146362305,33.456146,68.09666,-148.02806091308594,1.8522792392306853
5KPH_4_4_3_id1,0.6894432902336121,3.9353911876678467,95.88611111111112,0.83,4,4,92.96638888888889,0.5465803146362305,33.456146,68.09666,-149.3555145263672,1.9122149149576824
5KPH_4_4_3_id10,0.765187680721283,3.7792575359344482,94.43583333333332,0.81,4,4,92.96638888888889,0.5465803146362305,33.456146,68.09666,-148.3464813232422,1.829051759507921
5KPH_4_4_3_id11,0.745097815990448,3.9210312366485596,95.05041666666666,0.81,4,4,92.96638888888889,0.5465803146362305,33.456146,68.09666,-149.47091674804688,1.811659071180556
5KPH_4_4_3_id12,0.7016013860702515,3.9103095531463623,95.88041666666668,0.82,4,4,92.96638888888889,0.5465803146362305,33.456146,68.09666,-148.43594360351562,1.837561713324653
5KPH_4_4_3_id13,0.5793570876121521,3.78922176361084,95.49777777777778,0.83,4,4,92.96638888888889,0.5465803146362305,33.456146,68.09666,-147.1905059814453,1.9542143079969616
5KPH_4_4_3_id14,0.7274298071861267,3.7979304790496826,95.3813888888889,0.82,4,4,92.96638888888889,0.5465803146362305,33.456146,68.09666,-149.6670684814453,1.8115081787109373
5KPH_4_4_3_id15,0.6829468607902527,3.865813732147217,95.60208333333334,0.82,4,4,92.96638888888889,0.5465803146362305,33.456146,68.09666,-148.2792205810547,1.8675787183973525
5KPH_4_4_3_id16,0.6801267862319946,3.8167192935943604,95.6198611111111,0.82,4,4,92.96638888888889,0.5465803146362305,33.456146,68.09666,-147.43067932128906,1.908162858751085
5KPH_4_4_3_id17,0.6405551433563232,3.9125144481658936,95.31666666666666,0.81,4,4,92.96638888888889,0.5465803146362305,33.456146,68.09666,-149.0961456298828,1.8212528228759768
5KPH_4_4_3_id18,0.6035867929458618,3.765883445739746,94.71083333333334,0.81,4,4,92.96638888888889,0.5465803146362305,33.456146,68.09666,-145.0529022216797,1.913937250773112
5KPH_4_4_3_id19,0.654990553855896,3.8524131774902344,92.73486111111112,0.78,4,4,92.96638888888889,0.5465803146362305,33.456146,68.09666,-148.4462127685547,1.9220831129286025
5KPH_4_4_3_id2,0.7123830318450928,3.9557573795318604,94.13527777777776,0.8,4,4,92.96638888888889,0.5465803146362305,33.456146,68.09666,-149.62557983398438,1.8827203114827475
5KPH_4_4_3_id20,0.59965980052948,3.8651483058929443,95.59458333333332,0.83,4,4,92.96638888888889,0.5465803146362305,33.456146,68.09666,-146.4442596435547,2.0033726162380643
5KPH_4_4_3_id21,0.8383697867393494,3.8897030353546143,95.59652777777778,0.82,4,4,92.96638888888889,0.5465803146362305,33.456146,68.09666,-149.134765625,1.746386422051324
5KPH_4_4_3_id22,0.7869052886962891,4.017868995666504,95.95125,0.82,4,4,92.96638888888889,0.5465803146362305,33.456146,68.09666,-148.00372314453125,1.8591274685329864
5KPH_4_4_3_id23,0.9725219011306763,1.9873981475830078,92.8323611111111,0.77,4,4,92.96638888888889,0.5465803146362305,33.456146,68.09666,-146.4197235107422,1.824476030137804
5KPH_4_4_3_id3,0.6382169723510742,3.911428689956665,93.95861111111113,0.8,4,4,92.96638888888889,0.5465803146362305,33.456146,68.09666,-149.74447631835938,1.87057728237576
5KPH_4_4_3_id4,0.6100342869758606,3.8988285064697266,95.05513888888888,0.82,4,4,92.96638888888889,0.5465803146362305,33.456146,68.09666,-147.5515594482422,1.956347783406576
5KPH_4_4_3_id5,0.8365805745124817,4.070336818695068,96.16375,0.83,4,4,92.96638888888889,0.5465803146362305,33.456146,68.09666,-148.4508514404297,1.7853435940212674
5KPH_4_4_3_id6,0.801356315612793,3.768880844116211,94.69805555555556,0.81,4,4,92.96638888888889,0.5465803146362305,33.456146,68.09666,-146.85330200195312,1.9089639451768663
5KPH_4_4_3_id7,0.6550458073616028,3.864185094833374,95.69138888888888,0.82,4,4,92.96638888888889,0.5465803146362305,33.456146,68.09666,-148.14950561523438,1.923887464735243
5KPH_4_4_3_id8,0.9110575318336487,4.138934135437012,94.43458333333334,0.82,4,4,92.96638888888889,0.5465803146362305,33.456146,68.09666,-147.14149475097656,1.913971583048503
5KPH_4_4_3_id9,0.7262295484542847,3.844202756881714,94.73208333333336,0.81,4,4,92.96638888888889,0.5465803146362305,33.456146,68.09666,-146.14427185058594,2.01777458190918
5KPH_4_4_4_id0,0.7438986301422119,4.144729137420654,96.47763888888888,0.83,4,4,97.37166666666668,0.585494339466095,33.094078,67.055725,-147.85377502441406,2.0001966688368054
5KPH_4_4_4_id1,1.0121922492980957,4.814005374908447,97.13208333333333,0.84,4,4,97.37166666666668,0.585494339466095,33.094078,67.055725,-148.33743286132812,1.835726843939887
5KPH_4_4_4_id10,0.9043325185775757,4.671841621398926,96.97430555555556,0.84,4,4,97.37166666666668,0.585494339466095,33.094078,67.055725,-148.465576171875,1.9001363118489585
5KPH_4_4_4_id11,0.9215549230575562,2.742412567138672,94.97944444444444,0.81,4,4,97.37166666666668,0.585494339466095,33.094078,67.055725,-148.56396484375,1.8024995591905384
5KPH_4_4_4_id12,0.7044944763183594,4.12822151184082,95.53944444444444,0.82,4,4,97.37166666666668,0.585494339466095,33.094078,67.055725,-146.7943115234375,1.736151589287652
5KPH_4_4_4_id13,0.9499301314353943,2.1995065212249756,97.36861111111112,0.84,4,4,97.37166666666668,0.585494339466095,33.094078,67.055725,-148.9738311767578,2.00285275777181
5KPH_4_4_4_id14,0.8514520525932312,4.526637077331543,96.1661111111111,0.83,4,4,97.37166666666668,0.585494339466095,33.094078,67.055725,-149.15252685546875,1.8054385715060763
5KPH_4_4_4_id15,0.8723440766334534,4.545494079589844,95.64777777777778,0.82,4,4,97.37166666666668,0.585494339466095,33.094078,67.055725,-149.59536743164062,1.98602294921875
5KPH_4_4_4_id16,0.9148304462432861,4.637878894805908,97.04069444444444,0.84,4,4,97.37166666666668,0.585494339466095,33.094078,67.055725,-148.89382934570312,1.8416781955295136
5KPH_4_4_4_id17,0.7770979404449463,4.133070945739746,94.94916666666666,0.81,4,4,97.37166666666668,0.585494339466095,33.094078,67.055725,-147.51910400390625,1.80980470445421
5KPH_4_4_4_id18,0.9389440417289734,4.6412200927734375,96.89777777777778,0.84,4,4,97.37166666666668,0.585494339466095,33.094078,67.055725,-146.92616271972656,1.9628382788764105
5KPH_4_4_4_id19,0.6916731595993042,3.8411638736724854,93.11694444444444,0.78,4,4,97.37166666666668,0.585494339466095,33.094078,67.055725,-149.13453674316406,1.7127197053697374
5KPH_4_4_4_id2,0.8907979726791382,4.651419639587402,97.25069444444443,0.85,4,4,97.37166666666668,0.585494339466095,33.094078,67.055725,-148.83331298828125,1.8585289849175348
5KPH_4_4_4_id20,0.8579259514808655,4.575286865234375,96.58847222222224,0.83,4,4,97.37166666666668,0.585494339466095,33.094078,67.055725,-149.80868530273438,1.8111758761935763
5KPH_4_4_4_id21,0.8161815404891968,4.122774600982666,95.64708333333334,0.82,4,4,97.37166666666668,0.585494339466095,33.094078,67.055725,-147.014404296875,2.00678465101454
5KPH_4_4_4_id22,0.608302116394043,4.219550609588623,96.04319444444444,0.83,4,4,97.37166666666668,0.585494339466095,33.094078,67.055725,-148.56390380859375,1.8207899729410808
5KPH_4_4_4_id23,0.9315856695175171,4.626952648162842,96.99958333333332,0.83,4,4,97.37166666666668,0.585494339466095,33.094078,67.055725,-149.49688720703125,1.8486607869466145
5KPH_4_4_4_id3,0.9292356371879578,4.693601131439209,97.24069444444444,0.84,4,4,97.37166666666668,0.585494339466095,33.094078,67.055725,-148.11087036132812,1.9021343655056424
5KPH_4_4_4_id4,0.8176454901695251,4.447353839874268,96.29263888888887,0.83,4,4,97.37166666666668,0.585494339466095,33.094078,67.055725,-149.84054565429688,1.8981590270996087
5KPH_4_4_4_id5,0.97587651014328,2.6865038871765137,95.21972222222222,0.81,4,4,97.37166666666668,0.585494339466095,33.094078,67.055725,-149.57923889160156,1.756962776184082
5KPH_4_4_4_id6,0.8316092491149902,4.361977577209473,96.09319444444444,0.83,4,4,97.37166666666668,0.585494339466095,33.094078,67.055725,-146.15548706054688,1.953472137451172
5KPH_4_4_4_id7,0.961966335773468,4.691547870635986,97.21777777777778,0.84,4,4,97.37166666666668,0.585494339466095,33.094078,67.055725,-149.83413696289062,1.956925498114692
5KPH_4_4_4_id8,0.8833498954772949,4.399930477142334,95.24291666666666,0.82,4,4,97.37166666666668,0.585494339466095,33.094078,67.055725,-148.72146606445312,1.80696275499132
5KPH_4_4_4_id9,1.0038093328475952,4.789756774902344,97.1263888888889,0.85,4,4,97.37166666666668,0.585494339466095,33.094078,67.055725,-148.92079162597656,1.8881878323025167
5KPH_4_4_5_id0,1.8917220830917358,2.0013372898101807,93.07430555555555,0.8,4,4,93.77958333333332,0.6070631742477417,33.774326,70.56854,-147.63043212890625,2.022635353936089
5KPH_4_4_5_id1,1.9383113384246826,2.009190797805786,92.79125,0.78,4,4,93.77958333333332,0.6070631742477417,33.774326,70.56854,-146.6400604248047,1.844435797797309
5KPH_4_4_5_id10,1.834033727645874,2.2168076038360596,93.88277777777778,0.8,4,4,93.77958333333332,0.6070631742477417,33.774326,70.56854,-145.17645263671875,1.922973208957248
5KPH_4_4_5_id11,0.6748400926589966,2.275557279586792,95.5859722222222,0.8,4,4,93.77958333333332,0.6070631742477417,33.774326,70.56854,-142.98062133789062,1.907601038614909
5KPH_4_4_5_id12,1.87373948097229,2.001960515975952,93.91486111111112,0.8,4,4,93.77958333333332,0.6070631742477417,33.774326,70.56854,-148.4426727294922,1.8862525092230904
5KPH_4_4_5_id13,1.036739706993103,2.276339530944824,92.94027777777778,0.78,4,4,93.77958333333332,0.6070631742477417,33.774326,70.56854,-145.48744201660156,1.9447123209635413
5KPH_4_4_5_id14,1.9240590333938599,1.779325008392334,92.79430555555555,0.78,4,4,93.77958333333332,0.6070631742477417,33.774326,70.56854,-145.07388305664062,1.8807970682779949
5KPH_4_4_5_id15,0.7189601063728333,3.855330467224121,93.91208333333331,0.79,4,4,93.77958333333332,0.6070631742477417,33.774326,70.56854,-145.81747436523438,1.7138409084743924
5KPH_4_4_5_id16,0.8733844757080078,3.5708560943603516,92.79805555555556,0.76,4,4,93.77958333333332,0.6070631742477417,33.774326,70.56854,-146.1835174560547,1.6928746965196395
5KPH_4_4_5_id17,0.6088230609893799,1.4925031661987305,94.52722222222222,0.78,4,4,93.77958333333332,0.6070631742477417,33.774326,70.56854,-146.8382110595703,1.802559322781033
5KPH_4_4_5_id18,1.717380404472351,1.858346700668335,89.4401388888889,0.72,4,4,93.77958333333332,0.6070631742477417,33.774326,70.56854,-146.9820556640625,1.8313848707411025
5KPH_4_4_5_id2,0.6362993717193604,1.2643333673477173,94.66791666666668,0.79,4,4,93.77958333333332,0.6070631742477417,33.774326,70.56854,-146.51829528808594,1.7777743869357638
5KPH_4_4_5_id20,1.8765559196472168,1.648984670639038,88.0375,0.72,4,4,93.77958333333332,0.6070631742477417,33.774326,70.56854,-145.7392578125,1.862060758802626
5KPH_4_4_5_id21,2.259835958480835,1.5542017221450806,92.72236111111113,0.77,4,4,93.77958333333332,0.6070631742477417,33.774326,70.56854,-146.63609313964844,1.7418347464667423
5KPH_4_4_5_id22,0.8895814418792725,1.8323628902435303,92.73041666666668,0.78,4,4,93.77958333333332,0.6070631742477417,33.774326,70.56854,-143.1951904296875,1.944379170735677
5KPH_4_4_5_id3,1.8025366067886353,1.9990832805633545,89.70458333333333,0.74,4,4,93.77958333333332,0.6070631742477417,33.774326,70.56854,-145.1171112060547,1.929459677802192
5KPH_4_4_5_id4,1.930656909942627,1.9096250534057617,92.22499999999998,0.77,4,4,93.77958333333332,0.6070631742477417,33.774326,70.56854,-148.09140014648438,1.8640772501627605
5KPH_4_4_5_id5,0.8334378600120544,1.5075767040252686,93.01986111111113,0.78,4,4,93.77958333333332,0.6070631742477417,33.774326,70.56854,-147.309814453125,1.8216220008002384
5KPH_4_4_5_id6,0.5997222661972046,2.429110050201416,95.83444444444444,0.82,4,4,93.77958333333332,0.6070631742477417,33.774326,70.56854,-143.58651733398438,1.7920347849527996
5KPH_4_4_5_id7,0.7131104469299316,3.6288440227508545,93.71277777777776,0.78,4,4,93.77958333333332,0.6070631742477417,33.774326,70.56854,-145.25335693359375,1.7459153069390192
5KPH_4_4_5_id8,0.8867208957672119,1.8387067317962646,93.2997222222222,0.76,4,4,93.77958333333332,0.6070631742477417,33.774326,70.56854,-145.56851196289062,1.8994352552625868
5KPH_4_4_5_id9,0.6291269659996033,4.108018398284912,96.21527777777776,0.83,4,4,93.77958333333332,0.6070631742477417,33.774326,70.56854,-146.27239990234375,1.771640247768826
5KPH_4_4_6_id0,0.6696294546127319,4.1940693855285645,95.6251388888889,0.82,4,4,94.66597222222224,0.6868184804916382,32.589752,68.7165,-146.92857360839844,1.980481253729926
5KPH_4_4_6_id1,0.7481956481933594,4.171853065490723,94.75888888888888,0.81,4,4,94.66597222222224,0.6868184804916382,32.589752,68.7165,-147.83261108398438,1.874145719740126
5KPH_4_4_6_id10,0.9910801649093628,4.299528121948242,94.66097222222224,0.8,4,4,94.66597222222224,0.6868184804916382,32.589752,68.7165,-144.8314208984375,2.0380130343967013
5KPH_4_4_6_id11,0.8822333812713623,4.458883285522461,96.37597222222222,0.83,4,4,94.66597222222224,0.6868184804916382,32.589752,68.7165,-148.52822875976562,1.9960895114474824
5KPH_4_4_6_id12,0.6991344094276428,4.143031120300293,94.75569444444444,0.81,4,4,94.66597222222224,0.6868184804916382,32.589752,68.7165,-148.53097534179688,1.7999161614312067
5KPH_4_4_6_id13,0.6569594740867615,3.933567762374878,95.51569444444446,0.82,4,4,94.66597222222224,0.6868184804916382,32.589752,68.7165,-146.12770080566406,1.959456549750434
5KPH_4_4_6_id14,0.7106673717498779,4.142939567565918,96.00375,0.83,4,4,94.66597222222224,0.6868184804916382,32.589752,68.7165,-149.18569946289062,2.039025200737848
5KPH_4_4_6_id15,0.7845542430877686,4.33701753616333,96.28583333333331,0.83,4,4,94.66597222222224,0.6868184804916382,32.589752,68.7165,-150.30126953125,1.932580100165473
5KPH_4_4_6_id16,0.7336791753768921,4.266360282897949,96.0525,0.83,4,4,94.66597222222224,0.6868184804916382,32.589752,68.7165,-145.90745544433594,2.0939638349745007
5KPH_4_4_6_id17,0.8305771946907043,4.325288772583008,96.58847222222222,0.84,4,4,94.66597222222224,0.6868184804916382,32.589752,68.7165,-145.38206481933594,2.2199569278293185
5KPH_4_4_6_id18,0.7688272595405579,4.287693977355957,96.66208333333331,0.83,4,4,94.66597222222224,0.6868184804916382,32.589752,68.7165,-144.96974182128906,2.124769846598307
5KPH_4_4_6_id19,0.7968082427978516,4.406723499298096,96.41375,0.83,4,4,94.66597222222224,0.6868184804916382,32.589752,68.7165,-146.32383728027344,2.0442174275716147
5KPH_4_4_6_id2,0.8595378994941711,4.416869163513184,96.59708333333332,0.83,4,4,94.66597222222224,0.6868184804916382,32.589752,68.7165,-149.2941131591797,2.018601735432943
5KPH_4_4_6_id20,0.785050630569458,1.9939197301864624,95.17736111111113,0.81,4,4,94.66597222222224,0.6868184804916382,32.589752,68.7165,-147.79086303710938,2.05636469523112
5KPH_4_4_6_id21,0.7558451294898987,3.873913049697876,93.17958333333334,0.79,4,4,94.66597222222224,0.6868184804916382,32.589752,68.7165,-148.430908203125,1.839314142862956
5KPH_4_4_6_id22,0.8126190900802612,2.272279977798462,92.96694444444444,0.75,4,4,94.66597222222224,0.6868184804916382,32.589752,68.7165,-148.2255096435547,1.871608310275608
5KPH_4_4_6_id23,0.8776881694793701,4.385409355163574,96.43194444444444,0.83,4,4,94.66597222222224,0.6868184804916382,32.589752,68.7165,-148.80783081054688,1.9368417527940536
5KPH_4_4_6_id3,0.6375424265861511,4.026628494262695,96.40527777777778,0.83,4,4,94.66597222222224,0.6868184804916382,32.589752,68.7165,-147.6105194091797,1.912588119506836
5KPH_4_4_6_id4,0.5845625400543213,3.880469560623169,95.03722222222224,0.81,4,4,94.66597222222224,0.6868184804916382,32.589752,68.7165,-146.76576232910156,1.856368170844184
5KPH_4_4_6_id5,0.7243419885635376,1.8723868131637573,93.6684722222222,0.78,4,4,94.66597222222224,0.6868184804916382,32.589752,68.7165,-147.12890625,1.9215337965223525
5KPH_4_4_6_id6,1.9894987344741821,1.96658194065094,92.64583333333331,0.77,4,4,94.66597222222224,0.6868184804916382,32.589752,68.7165,-144.81732177734375,2.057637744479709
5KPH_4_4_6_id7,0.9359408020973206,2.2705881595611572,91.56527777777777,0.72,4,4,94.66597222222224,0.6868184804916382,32.589752,68.7165,-147.35157775878906,1.8309224446614585
5KPH_4_4_6_id8,0.6920057535171509,4.034038066864014,94.66930555555555,0.8,4,4,94.66597222222224,0.6868184804916382,32.589752,68.7165,-148.63934326171875,1.7688543531629777
5KPH_4_4_6_id9,0.606361985206604,3.9529130458831787,93.84666666666668,0.81,4,4,94.66597222222224,0.6868184804916382,32.589752,68.7165,-148.2714080810547,1.8020369211832683
5KPH_4_4_7_id0,1.9925028085708618,1.8032444715499878,92.0111111111111,0.76,4,4,93.93944444444443,0.7899553179740906,33.38948,68.603775,-148.46351623535156,1.942331102159288
5KPH_4_4_7_id1,0.8070336580276489,2.062228202819824,93.58305555555556,0.77,4,4,93.93944444444443,0.7899553179740906,33.38948,68.603775,-148.9988250732422,1.84773063659668
5KPH_4_4_7_id10,0.8680862188339233,4.0901079177856445,95.46125,0.81,4,4,93.93944444444443,0.7899553179740906,33.38948,68.603775,-148.36709594726562,1.891368442111545
5KPH_4_4_7_id11,0.7522523999214172,3.717763662338257,95.55541666666666,0.81,4,4,93.93944444444443,0.7899553179740906,33.38948,68.603775,-148.14755249023438,1.8940185970730248
5KPH_4_4_7_id12,0.8664812445640564,1.6175525188446045,94.29833333333332,0.8,4,4,93.93944444444443,0.7899553179740906,33.38948,68.603775,-149.2052001953125,1.949925316704644
5KPH_4_4_7_id13,0.8009622693061829,2.013190507888794,93.74277777777776,0.77,4,4,93.93944444444443,0.7899553179740906,33.38948,68.603775,-148.18118286132812,1.8661189609103728
5KPH_4_4_7_id14,0.9640510678291321,1.8795291185379028,95.30763888888887,0.81,4,4,93.93944444444443,0.7899553179740906,33.38948,68.603775,-146.5446014404297,1.9515012105305989
5KPH_4_4_7_id15,0.8901708722114563,4.114102363586426,95.63958333333332,0.81,4,4,93.93944444444443,0.7899553179740906,33.38948,68.603775,-145.00393676757812,1.966422610812717
5KPH_4_4_7_id16,0.9247333407402039,4.313008785247803,95.17833333333334,0.81,4,4,93.93944444444443,0.7899553179740906,33.38948,68.603775,-146.29421997070312,2.0675921969943576
5KPH_4_4_7_id17,1.767192006111145,2.094374418258667,93.25347222222224,0.78,4,4,93.93944444444443,0.7899553179740906,33.38948,68.603775,-146.30093383789062,1.9730078379313152
5KPH_4_4_7_id18,0.7286314368247986,3.8763372898101807,94.95777777777778,0.81,4,4,93.93944444444443,0.7899553179740906,33.38948,68.603775,-141.05076599121094,1.807872348361545
5KPH_4_4_7_id19,0.8926173448562622,2.356126070022583,90.3886111111111,0.74,4,4,93.93944444444443,0.7899553179740906,33.38948,68.603775,-146.4423828125,1.9435181087917752
5KPH_4_4_7_id2,0.7280095219612122,2.3040618896484375,95.5626388888889,0.81,4,4,93.93944444444443,0.7899553179740906,33.38948,68.603775,-146.3007049560547,1.7861243353949652
5KPH_4_4_7_id20,0.8965409398078918,2.20996356010437,95.25527777777776,0.81,4,4,93.93944444444443,0.7899553179740906,33.38948,68.603775,-147.44894409179688,1.86239857143826
5KPH_4_4_7_id21,0.8178291320800781,1.82924485206604,91.09986111111112,0.75,4,4,93.93944444444443,0.7899553179740906,33.38948,68.603775,-145.0594482421875,1.9360762702094183
5KPH_4_4_7_id22,0.8874450325965881,2.5171868801116943,95.61916666666669,0.81,4,4,93.93944444444443,0.7899553179740906,33.38948,68.603775,-147.5379638671875,1.908125983344184
5KPH_4_4_7_id23,0.7155656218528748,2.9137637615203857,94.43569444444444,0.78,4,4,93.93944444444443,0.7899553179740906,33.38948,68.603775,-142.4462432861328,1.8791016472710504
5KPH_4_4_7_id3,2.0997366905212402,1.8088008165359497,90.69666666666666,0.75,4,4,93.93944444444443,0.7899553179740906,33.38948,68.603775,-148.0696563720703,1.8900875515407989
5KPH_4_4_7_id4,2.492217779159546,1.5740597248077393,91.10694444444444,0.76,4,4,93.93944444444443,0.7899553179740906,33.38948,68.603775,-146.80970764160156,1.7894490559895833
5KPH_4_4_7_id5,0.9205365180969238,1.9519044160842896,93.33055555555556,0.76,4,4,93.93944444444443,0.7899553179740906,33.38948,68.603775,-146.06150817871094,1.843513912624783
5KPH_4_4_7_id6,0.9836775660514832,1.7914577722549438,93.73583333333332,0.78,4,4,93.93944444444443,0.7899553179740906,33.38948,68.603775,-147.15185546875,1.8653195699055989
5KPH_4_4_7_id7,0.9693262577056885,1.9260549545288086,95.06944444444444,0.8,4,4,93.93944444444443,0.7899553179740906,33.38948,68.603775,-146.6394500732422,1.880255381266276
5KPH_4_4_7_id8,0.799929141998291,3.955425977706909,95.61208333333332,0.82,4,4,93.93944444444443,0.7899553179740906,33.38948,68.603775,-147.64349365234375,1.9590384165445964
5KPH_4_4_7_id9,2.2154667377471924,1.7095805406570435,93.80333333333334,0.79,4,4,93.93944444444443,0.7899553179740906,33.38948,68.603775,-145.31881713867188,1.900138219197591
5KPH_4_4_9_id0,1.0256808996200562,2.13041353225708,95.82347222222222,0.82,4,4,93.24625,0.8029084801673889,32.812706,69.49533,-147.05767822265625,1.845630221896701
5KPH_4_4_9_id1,0.6733555793762207,3.8675196170806885,94.18194444444444,0.77,4,4,93.24625,0.8029084801673889,32.812706,69.49533,-144.2997589111328,1.903359731038412
5KPH_4_4_9_id10,0.894007682800293,2.0747597217559814,90.34,0.73,4,4,93.24625,0.8029084801673889,32.812706,69.49533,-145.03355407714844,1.8027979532877605
5KPH_4_4_9_id11,0.9785698652267456,4.038819789886475,95.36263888888888,0.81,4,4,93.24625,0.8029084801673889,32.812706,69.49533,-147.02072143554688,1.898374769422743
5KPH_4_4_9_id12,0.79018634557724,4.1805219650268555,95.75625,0.82,4,4,93.24625,0.8029084801673889,32.812706,69.49533,-143.6934356689453,1.818222893608941
5KPH_4_4_9_id13,0.7640137672424316,4.055240631103516,96.46625,0.83,4,4,93.24625,0.8029084801673889,32.812706,69.49533,-144.50152587890625,1.942554050021701
5KPH_4_4_9_id14,0.9145679473876953,4.087321758270264,95.15388888888889,0.81,4,4,93.24625,0.8029084801673889,32.812706,69.49533,-143.63597106933594,1.9301295810275607
5KPH_4_4_9_id15,0.8324909806251526,4.3665547370910645,95.20930555555556,0.81,4,4,93.24625,0.8029084801673889,32.812706,69.49533,-141.9475860595703,1.94082260131836
5KPH_4_4_9_id16,0.7201775908470154,3.975144624710083,94.98041666666668,0.81,4,4,93.24625,0.8029084801673889,32.812706,69.49533,-143.55764770507812,1.8942409091525607
5KPH_4_4_9_id17,1.0138673782348633,4.534313201904297,97.08263888888888,0.84,4,4,93.24625,0.8029084801673889,32.812706,69.49533,-143.99008178710938,1.9028731452094183
5KPH_4_4_9_id18,0.9340522885322571,2.411176919937134,91.43986111111111,0.73,4,4,93.24625,0.8029084801673889,32.812706,69.49533,-141.8709259033203,1.874757342868381
5KPH_4_4_9_id19,1.0762687921524048,4.273356914520264,93.17361111111111,0.78,4,4,93.24625,0.8029084801673889,32.812706,69.49533,-146.0945281982422,1.9147173563639324
5KPH_4_4_9_id2,0.7830784320831299,3.9504644870758057,93.42930555555556,0.77,4,4,93.24625,0.8029084801673889,32.812706,69.49533,-143.05023193359375,1.838520050048828
5KPH_4_4_9_id20,1.8111354112625122,2.2220394611358643,91.37444444444444,0.77,4,4,93.24625,0.8029084801673889,32.812706,69.49533,-145.26878356933594,1.8752174377441408
5KPH_4_4_9_id21,0.9453936815261841,3.9081239700317383,94.6876388888889,0.8,4,4,93.24625,0.8029084801673889,32.812706,69.49533,-142.04672241210938,1.785254584418403
5KPH_4_4_9_id22,1.721047043800354,2.297154188156128,93.0525,0.79,4,4,93.24625,0.8029084801673889,32.812706,69.49533,-146.42523193359375,1.942994859483507
5KPH_4_4_9_id3,1.0521382093429565,2.064706325531006,94.97763888888888,0.8,4,4,93.24625,0.8029084801673889,32.812706,69.49533,-143.71722412109375,1.9673620859781904
5KPH_4_4_9_id4,0.6786796450614929,4.216501235961914,95.94125,0.82,4,4,93.24625,0.8029084801673889,32.812706,69.49533,-145.2609405517578,1.8915134006076388
5KPH_4_4_9_id5,0.6627446413040161,3.881877899169922,94.99125,0.81,4,4,93.24625,0.8029084801673889,32.812706,69.49533,-144.373779296875,1.8659500545925565
5KPH_4_4_9_id6,0.6765587329864502,3.6295204162597656,94.16458333333334,0.79,4,4,93.24625,0.8029084801673889,32.812706,69.49533,-143.55760192871094,1.7959760030110676
5KPH_4_4_9_id7,1.0166627168655396,2.097403049468994,94.65569444444446,0.78,4,4,93.24625,0.8029084801673889,32.812706,69.49533,-143.82432556152344,1.8401588863796656
5KPH_4_4_9_id8,1.065895915031433,2.77824068069458,91.20194444444444,0.76,4,4,93.24625,0.8029084801673889,32.812706,69.49533,-142.84906005859375,1.9971851772732203
5KPH_4_4_9_id9,0.9841794967651367,2.282771110534668,94.24958333333332,0.79,4,4,93.24625,0.8029084801673889,32.812706,69.49533,-146.13772583007812,1.979801177978516
5KPH_4_6_0_id0,0.7197739481925964,4.150041580200195,96.00819444444444,0.83,4,6,93.5148611111111,0.591726541519165,32.84183,69.67821,-145.9102325439453,1.8909240298801
5KPH_4_6_0_id1,0.6839626431465149,4.283801078796387,94.68666666666668,0.81,4,6,93.5148611111111,0.591726541519165,32.84183,69.67821,-145.32150268554688,1.8358904520670567
5KPH_4_6_0_id10,0.7704489231109619,3.957159996032715,95.54472222222222,0.82,4,6,93.5148611111111,0.591726541519165,32.84183,69.67821,-144.4910888671875,1.932128482394748
5KPH_4_6_0_id11,0.6883036494255066,4.209299564361572,95.7663888888889,0.82,4,6,93.5148611111111,0.591726541519165,32.84183,69.67821,-144.16555786132812,1.814296510484484
5KPH_4_6_0_id12,1.0927585363388062,4.720524787902832,95.71083333333334,0.81,4,6,93.5148611111111,0.591726541519165,32.84183,69.67821,-142.84869384765625,2.119401295979818
5KPH_4_6_0_id13,0.7492874264717102,4.055375576019287,95.83819444444444,0.83,4,6,93.5148611111111,0.591726541519165,32.84183,69.67821,-145.1683349609375,1.895531124538845
5KPH_4_6_0_id14,0.8774118423461914,4.045028209686279,94.3375,0.81,4,6,93.5148611111111,0.591726541519165,32.84183,69.67821,-142.515625,1.9186664157443576
5KPH_4_6_0_id15,0.7441840171813965,4.156883716583252,95.60680555555555,0.82,4,6,93.5148611111111,0.591726541519165,32.84183,69.67821,-144.14862060546875,1.8424610561794703
5KPH_4_6_0_id16,0.870632529258728,4.440340518951416,96.04541666666668,0.82,4,6,93.5148611111111,0.591726541519165,32.84183,69.67821,-143.9466552734375,1.9972601996527777
5KPH_4_6_0_id17,0.8853829503059387,4.2950615882873535,96.06958333333334,0.83,4,6,93.5148611111111,0.591726541519165,32.84183,69.67821,-145.97207641601562,1.854225582546658
5KPH_4_6_0_id18,0.9316648244857788,2.4052886962890625,93.56041666666664,0.79,4,6,93.5148611111111,0.591726541519165,32.84183,69.67821,-145.9823455810547,1.847246593899197
5KPH_4_6_0_id19,0.7239924073219299,4.197750568389893,95.01388888888889,0.82,4,6,93.5148611111111,0.591726541519165,32.84183,69.67821,-144.58840942382812,1.9082662794325087
5KPH_4_6_0_id2,0.9394345879554749,4.517347812652588,97.14666666666668,0.84,4,6,93.5148611111111,0.591726541519165,32.84183,69.67821,-144.79139709472656,1.919076919555664
5KPH_4_6_0_id20,0.6179158687591553,4.097731590270996,94.69236111111113,0.82,4,6,93.5148611111111,0.591726541519165,32.84183,69.67821,-140.18145751953125,2.1918313768174915
5KPH_4_6_0_id21,0.9146881103515625,4.435722827911377,95.44930555555555,0.82,4,6,93.5148611111111,0.591726541519165,32.84183,69.67821,-146.51536560058594,1.892139858669705
5KPH_4_6_0_id22,0.9421135187149048,4.571957588195801,95.33555555555556,0.81,4,6,93.5148611111111,0.591726541519165,32.84183,69.67821,-144.61962890625,1.941244125366211
5KPH_4_6_0_id23,0.671514630317688,4.127015590667725,94.61180555555556,0.8,4,6,93.5148611111111,0.591726541519165,32.84183,69.67821,-143.79702758789062,1.820955064561632
5KPH_4_6_0_id3,1.0044416189193726,4.500733375549316,96.53208333333332,0.83,4,6,93.5148611111111,0.591726541519165,32.84183,69.67821,-145.0438690185547,1.9416525099012587
5KPH_4_6_0_id4,0.6181749701499939,4.163768768310547,94.25916666666666,0.8,4,6,93.5148611111111,0.591726541519165,32.84183,69.67821,-144.7165985107422,1.876475863986545
5KPH_4_6_0_id5,0.6778932213783264,3.9982080459594727,96.78902777777778,0.84,4,6,93.5148611111111,0.591726541519165,32.84183,69.67821,-143.44900512695312,1.905902862548828
5KPH_4_6_0_id6,0.6095638275146484,3.7003531455993652,92.89569444444444,0.78,4,6,93.5148611111111,0.591726541519165,32.84183,69.67821,-143.73391723632812,1.844567404852973
5KPH_4_6_0_id7,1.8072113990783691,2.263542413711548,93.53055555555557,0.79,4,6,93.5148611111111,0.591726541519165,32.84183,69.67821,-141.54745483398438,2.086979760064019
5KPH_4_6_0_id8,0.8882588148117065,1.7916327714920044,93.7861111111111,0.79,4,6,93.5148611111111,0.591726541519165,32.84183,69.67821,-145.5874481201172,1.9363880157470703
5KPH_4_6_0_id9,0.7507417798042297,3.9722001552581787,94.6175,0.8,4,6,93.5148611111111,0.591726541519165,32.84183,69.67821,-142.71664428710938,1.8808937072753904
5KPH_4_6_2_id0,0.6519314646720886,3.8441920280456543,94.70944444444444,0.81,4,6,90.17541666666664,0.7702733874320984,33.79516,69.842575,-144.1907196044922,1.92062505086263
5KPH_4_6_2_id1,0.8296165466308594,4.140091419219971,96.21111111111112,0.83,4,6,90.17541666666664,0.7702733874320984,33.79516,69.842575,-147.8237762451172,1.9350753360324435
5KPH_4_6_2_id10,1.0030542612075806,2.1226978302001953,94.84166666666668,0.8,4,6,90.17541666666664,0.7702733874320984,33.79516,69.842575,-146.3495635986328,2.0144068400065103
5KPH_4_6_2_id11,0.7264495491981506,3.8729355335235596,96.49305555555556,0.84,4,6,90.17541666666664,0.7702733874320984,33.79516,69.842575,-144.31918334960938,1.937834633721245
5KPH_4_6_2_id12,0.9863153100013733,4.352520942687988,94.79875,0.81,4,6,90.17541666666664,0.7702733874320984,33.79516,69.842575,-143.60203552246094,2.176524056328668
5KPH_4_6_2_id13,0.7733468413352966,4.12436056137085,95.435,0.81,4,6,90.17541666666664,0.7702733874320984,33.79516,69.842575,-146.564453125,2.012901306152344
5KPH_4_6_2_id14,0.858828067779541,1.756793737411499,96.67069444444444,0.84,4,6,90.17541666666664,0.7702733874320984,33.79516,69.842575,-146.18959045410156,1.9352628919813368
5KPH_4_6_2_id15,0.6245447397232056,3.9775731563568115,94.4334722222222,0.81,4,6,90.17541666666664,0.7702733874320984,33.79516,69.842575,-144.0029754638672,2.038970099555121
5KPH_4_6_2_id16,0.6583393812179565,4.090989112854004,95.97736111111112,0.82,4,6,90.17541666666664,0.7702733874320984,33.79516,69.842575,-142.15469360351562,1.9232633378770616
5KPH_4_6_2_id17,0.782768726348877,2.835977077484131,95.12930555555556,0.8,4,6,90.17541666666664,0.7702733874320984,33.79516,69.842575,-141.9432830810547,2.1822713216145835
5KPH_4_6_2_id18,0.8237359523773193,4.066804885864258,95.22916666666669,0.81,4,6,90.17541666666664,0.7702733874320984,33.79516,69.842575,-145.51260375976562,1.9331236945258248
5KPH_4_6_2_id19,0.7022732496261597,4.0563435554504395,95.71736111111112,0.83,4,6,90.17541666666664,0.7702733874320984,33.79516,69.842575,-143.42869567871094,2.148484547932943
5KPH_4_6_2_id2,0.7771832942962646,3.8716518878936768,94.96541666666668,0.81,4,6,90.17541666666664,0.7702733874320984,33.79516,69.842575,-146.33938598632812,1.9407738579644096
5KPH_4_6_2_id20,1.1353180408477783,1.9654308557510376,88.125,0.72,4,6,90.17541666666664,0.7702733874320984,33.79516,69.842575,-140.8821258544922,1.9759320153130424
5KPH_4_6_2_id21,0.9905152320861816,4.423038005828857,96.01902777777778,0.83,4,6,90.17541666666664,0.7702733874320984,33.79516,69.842575,-145.22164916992188,2.0481031205919056
5KPH_4_6_2_id22,0.7070143222808838,3.9921257495880127,96.64180555555556,0.84,4,6,90.17541666666664,0.7702733874320984,33.79516,69.842575,-146.33230590820312,1.9947806464301208
5KPH_4_6_2_id23,0.6088916063308716,3.80375075340271,93.53097222222222,0.78,4,6,90.17541666666664,0.7702733874320984,33.79516,69.842575,-142.55364990234375,1.8896959092881944
5KPH_4_6_2_id3,0.7188310027122498,4.15087890625,95.5051388888889,0.83,4,6,90.17541666666664,0.7702733874320984,33.79516,69.842575,-140.27296447753906,2.052342732747396
5KPH_4_6_2_id4,0.6905983090400696,3.7783257961273193,95.83458333333334,0.82,4,6,90.17541666666664,0.7702733874320984,33.79516,69.842575,-146.088623046875,1.95279057820638
5KPH_4_6_2_id5,0.8963813185691833,3.6711180210113525,95.07791666666668,0.81,4,6,90.17541666666664,0.7702733874320984,33.79516,69.842575,-142.98855590820312,2.108098347981771
5KPH_4_6_2_id6,0.6512579917907715,3.8762733936309814,95.04555555555557,0.8,4,6,90.17541666666664,0.7702733874320984,33.79516,69.842575,-143.9979705810547,1.990613725450304
5KPH_4_6_2_id7,0.6337433457374573,3.9948678016662598,95.34222222222223,0.82,4,6,90.17541666666664,0.7702733874320984,33.79516,69.842575,-143.31466674804688,1.9593391418457031
5KPH_4_6_2_id8,0.6682374477386475,3.994349956512451,95.53916666666666,0.82,4,6,90.17541666666664,0.7702733874320984,33.79516,69.842575,-144.97637939453125,1.9533157348632808
5KPH_4_6_2_id9,0.854037880897522,3.74977970123291,95.37069444444444,0.82,4,6,90.17541666666664,0.7702733874320984,33.79516,69.842575,-143.83807373046875,2.048411475287544
5KPH_4_6_3_id0,0.7124346494674683,4.019324779510498,95.43666666666668,0.82,4,6,91.2147222222222,0.906125009059906,32.9714,70.57439,-147.3988800048828,1.8718109130859373
5KPH_4_6_3_id1,0.7533363103866577,2.6214284896850586,95.11236111111111,0.82,4,6,91.2147222222222,0.906125009059906,32.9714,70.57439,-146.30506896972656,1.887767367892795
5KPH_4_6_3_id10,0.5950502753257751,4.202542781829834,95.20402777777778,0.82,4,6,91.2147222222222,0.906125009059906,32.9714,70.57439,-144.98623657226562,1.8692749871148004
5KPH_4_6_3_id11,0.653178334236145,4.194549083709717,96.02541666666669,0.82,4,6,91.2147222222222,0.906125009059906,32.9714,70.57439,-143.602294921875,1.9270634121365016
5KPH_4_6_3_id12,0.7746531963348389,4.497007846832275,96.4275,0.83,4,6,91.2147222222222,0.906125009059906,32.9714,70.57439,-144.44369506835938,1.8919656541612413
5KPH_4_6_3_id13,0.8935064673423767,4.479473114013672,94.31444444444443,0.8,4,6,91.2147222222222,0.906125009059906,32.9714,70.57439,-145.40945434570312,1.869608137342665
5KPH_4_6_3_id14,0.8880502581596375,3.9910221099853516,95.1325,0.81,4,6,91.2147222222222,0.906125009059906,32.9714,70.57439,-145.06781005859375,1.8539967007107203
5KPH_4_6_3_id15,0.6669359803199768,3.9922027587890625,96.02180555555556,0.83,4,6,91.2147222222222,0.906125009059906,32.9714,70.57439,-144.14559936523438,1.868323432074653
5KPH_4_6_3_id16,0.8275763392448425,4.313753128051758,95.05111111111113,0.81,4,6,91.2147222222222,0.906125009059906,32.9714,70.57439,-146.4475555419922,1.805954827202691
5KPH_4_6_3_id17,0.6740854978561401,3.993229389190674,96.24625,0.83,4,6,91.2147222222222,0.906125009059906,32.9714,70.57439,-146.0509033203125,1.9159702724880645
5KPH_4_6_3_id18,1.0008577108383179,1.9933832883834839,96.29513888888889,0.82,4,6,91.2147222222222,0.906125009059906,32.9714,70.57439,-145.04721069335938,1.9404161241319444
5KPH_4_6_3_id19,0.682679295539856,3.8880317211151123,94.73333333333332,0.81,4,6,91.2147222222222,0.906125009059906,32.9714,70.57439,-144.53155517578125,1.82879638671875
5KPH_4_6_3_id2,0.9023228883743286,4.180417060852051,94.35152777777778,0.79,4,6,91.2147222222222,0.906125009059906,32.9714,70.57439,-145.80914306640625,1.843863805135091
5KPH_4_6_3_id20,0.6798145771026611,4.1436309814453125,95.83236111111113,0.83,4,6,91.2147222222222,0.906125009059906,32.9714,70.57439,-147.98556518554688,1.8340312110053167
5KPH_4_6_3_id21,0.8760524392127991,4.35940408706665,96.03291666666668,0.83,4,6,91.2147222222222,0.906125009059906,32.9714,70.57439,-146.28468322753906,1.9815008375379768
5KPH_4_6_3_id22,0.8401281833648682,4.339389801025391,95.72361111111113,0.82,4,6,91.2147222222222,0.906125009059906,32.9714,70.57439,-146.36744689941406,2.04074329800076
5KPH_4_6_3_id23,0.7687510848045349,3.6547393798828125,90.45180555555557,0.75,4,6,91.2147222222222,0.906125009059906,32.9714,70.57439,-145.05352783203125,1.809050665961372
5KPH_4_6_3_id3,1.056142807006836,2.168674945831299,95.8126388888889,0.82,4,6,91.2147222222222,0.906125009059906,32.9714,70.57439,-146.95936584472656,1.954621844821506
5KPH_4_6_3_id4,0.9627470970153809,4.577083110809326,96.55597222222222,0.83,4,6,91.2147222222222,0.906125009059906,32.9714,70.57439,-148.41842651367188,1.8992358313666449
5KPH_4_6_3_id5,0.6877310276031494,4.047971725463867,94.21638888888889,0.79,4,6,91.2147222222222,0.906125009059906,32.9714,70.57439,-143.67303466796875,1.8885769314236112
5KPH_4_6_3_id6,0.8906335234642029,2.595796823501587,95.96944444444443,0.83,4,6,91.2147222222222,0.906125009059906,32.9714,70.57439,-146.07566833496094,1.9299371507432723
5KPH_4_6_3_id7,0.6789407134056091,4.229241847991943,95.79527777777778,0.83,4,6,91.2147222222222,0.906125009059906,32.9714,70.57439,-145.6065673828125,1.892011006673177
5KPH_4_6_3_id8,0.6922447681427002,4.060074329376221,94.63125,0.8,4,6,91.2147222222222,0.906125009059906,32.9714,70.57439,-143.95156860351562,2.049843258327908
5KPH_4_6_3_id9,0.6750524044036865,3.8860864639282227,94.67319444444443,0.81,4,6,91.2147222222222,0.906125009059906,32.9714,70.57439,-146.43392944335938,1.8169954087999127
5KPH_4_6_4_id0,0.8227401971817017,4.5366597175598145,96.71208333333334,0.83,4,6,90.61069444444443,0.7128545045852661,32.34218,68.47058,-146.783935546875,1.960914823744032
5KPH_4_6_4_id1,0.8476598858833313,4.559454441070557,96.84472222222222,0.83,4,6,90.61069444444443,0.7128545045852661,32.34218,68.47058,-149.85067749023438,1.869253158569336
5KPH_4_6_4_id10,0.7856208086013794,4.380563259124756,95.64416666666666,0.82,4,6,90.61069444444443,0.7128545045852661,32.34218,68.47058,-148.33407592773438,1.873106214735243
5KPH_4_6_4_id11,0.7554334402084351,4.455482482910156,96.56902777777776,0.83,4,6,90.61069444444443,0.7128545045852661,32.34218,68.47058,-148.4423828125,1.890992906358507
5KPH_4_6_4_id12,0.7957482933998108,4.4662275314331055,95.33958333333334,0.81,4,6,90.61069444444443,0.7128545045852661,32.34218,68.47058,-148.59866333007812,1.86133533053928
5KPH_4_6_4_id13,0.8456493020057678,2.202664375305176,94.29625,0.8,4,6,90.61069444444443,0.7128545045852661,32.34218,68.47058,-146.93466186523438,1.872677485148112
5KPH_4_6_4_id14,0.8317399024963379,4.506631851196289,96.37569444444443,0.83,4,6,90.61069444444443,0.7128545045852661,32.34218,68.47058,-146.8892364501953,1.86499383714464
5KPH_4_6_4_id15,0.7421553134918213,4.132381439208984,96.35527777777776,0.83,4,6,90.61069444444443,0.7128545045852661,32.34218,68.47058,-145.99021911621094,1.9322098626030817
5KPH_4_6_4_id16,0.8755874037742615,4.55571174621582,96.3097222222222,0.83,4,6,90.61069444444443,0.7128545045852661,32.34218,68.47058,-144.90939331054688,2.0367579989963107
5KPH_4_6_4_id17,0.8278648853302002,4.320237159729004,95.54388888888889,0.82,4,6,90.61069444444443,0.7128545045852661,32.34218,68.47058,-147.88148498535156,1.865587870279948
5KPH_4_6_4_id18,0.8071956634521484,4.441706657409668,96.42694444444444,0.83,4,6,90.61069444444443,0.7128545045852661,32.34218,68.47058,-147.1754913330078,1.8536097208658853
5KPH_4_6_4_id19,0.8765608668327332,4.500535011291504,96.83680555555556,0.84,4,6,90.61069444444443,0.7128545045852661,32.34218,68.47058,-144.84487915039062,1.981686486138238
5KPH_4_6_4_id2,0.8574796319007874,4.41766881942749,95.30777777777776,0.82,4,6,90.61069444444443,0.7128545045852661,32.34218,68.47058,-149.96939086914062,1.8313755459255645
5KPH_4_6_4_id20,0.5830652713775635,4.10312032699585,95.19555555555556,0.81,4,6,90.61069444444443,0.7128545045852661,32.34218,68.47058,-144.69110107421875,1.991570790608724
5KPH_4_6_4_id21,0.7267842888832092,4.392246246337891,95.1797222222222,0.8,4,6,90.61069444444443,0.7128545045852661,32.34218,68.47058,-146.5316925048828,1.808996836344401
5KPH_4_6_4_id22,0.7574752569198608,4.382995128631592,96.3309722222222,0.83,4,6,90.61069444444443,0.7128545045852661,32.34218,68.47058,-147.12596130371094,1.894558800591363
5KPH_4_6_4_id23,0.8714112043380737,4.370001316070557,95.80791666666669,0.82,4,6,90.61069444444443,0.7128545045852661,32.34218,68.47058,-146.583740234375,1.9562825096978085
5KPH_4_6_4_id3,0.8803557753562927,4.623856067657471,96.56347222222222,0.83,4,6,90.61069444444443,0.7128545045852661,32.34218,68.47058,-149.00277709960938,1.837960984971788
5KPH_4_6_4_id4,0.5867918133735657,3.6222054958343506,93.60166666666667,0.79,4,6,90.61069444444443,0.7128545045852661,32.34218,68.47058,-143.7841033935547,1.8343692355685763
5KPH_4_6_4_id5,0.8129792809486389,4.448280334472656,95.82694444444444,0.82,4,6,90.61069444444443,0.7128545045852661,32.34218,68.47058,-147.41883850097656,1.8617613050672743
5KPH_4_6_4_id6,1.7027281522750854,2.202472448348999,90.69805555555556,0.75,4,6,90.61069444444443,0.7128545045852661,32.34218,68.47058,-146.22413635253906,1.857769012451172
5KPH_4_6_4_id7,0.8029657006263733,4.1512861251831055,96.05930555555555,0.83,4,6,90.61069444444443,0.7128545045852661,32.34218,68.47058,-148.7964324951172,1.878123813205295
5KPH_4_6_4_id8,0.8879995942115784,4.476104736328125,96.5975,0.83,4,6,90.61069444444443,0.7128545045852661,32.34218,68.47058,-147.20828247070312,1.859673606024848
5KPH_4_6_4_id9,0.8381414413452148,2.5113422870635986,92.6075,0.76,4,6,90.61069444444443,0.7128545045852661,32.34218,68.47058,-147.81802368164062,1.9361773596869567
5KPH_4_6_5_id0,0.8384116888046265,4.115542411804199,95.10680555555555,0.82,4,6,93.75638888888888,0.698773205280304,33.09517,71.1016,-144.1815948486328,1.926968468560113
5KPH_4_6_5_id1,0.6985337138175964,3.898914098739624,95.67027777777778,0.82,4,6,93.75638888888888,0.698773205280304,33.09517,71.1016,-145.20516967773438,1.861649831136068
5KPH_4_6_5_id10,0.8248209357261658,4.213188171386719,95.83458333333334,0.82,4,6,93.75638888888888,0.698773205280304,33.09517,71.1016,-146.61285400390625,1.9595536126030817
5KPH_4_6_5_id11,0.8335464596748352,4.335474967956543,95.49263888888888,0.82,4,6,93.75638888888888,0.698773205280304,33.09517,71.1016,-144.50558471679688,1.9760829077826605
5KPH_4_6_5_id12,0.999913215637207,4.591414928436279,96.22291666666666,0.82,4,6,93.75638888888888,0.698773205280304,33.09517,71.1016,-144.59515380859375,2.078282038370768
5KPH_4_6_5_id13,0.9445566534996033,2.142155170440674,94.14625,0.78,4,6,93.75638888888888,0.698773205280304,33.09517,71.1016,-144.62460327148438,1.9951994154188368
5KPH_4_6_5_id14,0.8990354537963867,4.327959060668945,96.62013888888887,0.83,4,6,93.75638888888888,0.698773205280304,33.09517,71.1016,-146.05563354492188,1.9077294667561848
5KPH_4_6_5_id15,0.8312868475914001,3.8832926750183105,95.28083333333332,0.82,4,6,93.75638888888888,0.698773205280304,33.09517,71.1016,-143.73931884765625,2.033598158094618
5KPH_4_6_5_id16,0.9019285440444946,4.47994327545166,96.50888888888888,0.83,4,6,93.75638888888888,0.698773205280304,33.09517,71.1016,-146.79931640625,1.9208513895670567
5KPH_4_6_5_id17,0.9595024585723877,4.521693229675293,96.42819444444444,0.83,4,6,93.75638888888888,0.698773205280304,33.09517,71.1016,-143.7233123779297,2.094981935289171
5KPH_4_6_5_id18,0.7956782579421997,2.0197062492370605,93.98083333333332,0.79,4,6,93.75638888888888,0.698773205280304,33.09517,71.1016,-144.34136962890625,1.879253811306424
5KPH_4_6_5_id19,0.9137923717498779,4.355320930480957,95.8438888888889,0.83,4,6,93.75638888888888,0.698773205280304,33.09517,71.1016,-142.4951629638672,1.9181802537706163
5KPH_4_6_5_id2,1.0768626928329468,4.442944049835205,95.35416666666669,0.82,4,6,93.75638888888888,0.698773205280304,33.09517,71.1016,-145.2617645263672,1.920436435275608
5KPH_4_6_5_id20,0.8192146420478821,4.305844783782959,96.25,0.83,4,6,93.75638888888888,0.698773205280304,33.09517,71.1016,-142.8080596923828,1.943351109822591
5KPH_4_6_5_id21,0.8846408724784851,4.425922870635986,96.77819444444444,0.84,4,6,93.75638888888888,0.698773205280304,33.09517,71.1016,-143.73928833007812,1.9927535586886933
5KPH_4_6_5_id22,0.9582712650299072,4.3613152503967285,94.93930555555556,0.81,4,6,93.75638888888888,0.698773205280304,33.09517,71.1016,-144.36492919921875,1.9873718685574
5KPH_4_6_5_id23,0.726463258266449,4.333622455596924,96.56430555555556,0.83,4,6,93.75638888888888,0.698773205280304,33.09517,71.1016,-143.6968536376953,2.0375921461317272
5KPH_4_6_5_id3,0.8530631065368652,3.995753049850464,95.09805555555558,0.82,4,6,93.75638888888888,0.698773205280304,33.09517,71.1016,-145.64710998535156,1.838312149047852
5KPH_4_6_5_id4,0.6975460648536682,2.604370355606079,94.7225,0.78,4,6,93.75638888888888,0.698773205280304,33.09517,71.1016,-144.3847198486328,2.0644647810194225
5KPH_4_6_5_id5,0.8324825763702393,4.2097954750061035,94.81722222222224,0.82,4,6,93.75638888888888,0.698773205280304,33.09517,71.1016,-143.9176483154297,1.810943603515625
5KPH_4_6_5_id6,0.8456867933273315,2.8132734298706055,95.97944444444444,0.82,4,6,93.75638888888888,0.698773205280304,33.09517,71.1016,-145.96189880371094,2.0850694444444446
5KPH_4_6_5_id7,0.7690495848655701,3.804831027984619,92.81041666666664,0.78,4,6,93.75638888888888,0.698773205280304,33.09517,71.1016,-144.37033081054688,1.7033731672498915
5KPH_4_6_5_id8,0.7450267672538757,3.763228416442871,95.05666666666669,0.81,4,6,93.75638888888888,0.698773205280304,33.09517,71.1016,-143.89532470703125,1.8655662536621087
5KPH_4_6_5_id9,0.800583004951477,4.201543807983398,96.27388888888888,0.84,4,6,93.75638888888888,0.698773205280304,33.09517,71.1016,-144.56317138671875,1.962874518500434
5KPH_4_6_6_id0,0.6728689670562744,4.332019329071045,92.53236111111111,0.77,4,6,94.79263888888887,0.5399631261825562,32.26274,69.57843,-145.76547241210938,1.9279418521457248
5KPH_4_6_6_id1,0.7530158758163452,4.453140735626221,95.80805555555554,0.82,4,6,94.79263888888887,0.5399631261825562,32.26274,69.57843,-146.41195678710938,1.8980153401692708
5KPH_4_6_6_id10,0.8829437494277954,4.344025611877441,95.19444444444444,0.82,4,6,94.79263888888887,0.5399631261825562,32.26274,69.57843,-147.51260375976562,1.8848631117079
5KPH_4_6_6_id11,0.8665770888328552,4.676209449768066,97.11305555555556,0.84,4,6,94.79263888888887,0.5399631261825562,32.26274,69.57843,-145.56948852539062,2.0022106170654297
5KPH_4_6_6_id12,1.0010992288589478,2.4641995429992676,96.545,0.83,4,6,94.79263888888887,0.5399631261825562,32.26274,69.57843,-147.09945678710938,1.9245221879747176
5KPH_4_6_6_id13,0.6785474419593811,4.203643321990967,95.31708333333331,0.81,4,6,94.79263888888887,0.5399631261825562,32.26274,69.57843,-145.75416564941406,1.8483905792236328
5KPH_4_6_6_id14,0.7939682602882385,4.473820209503174,95.96277777777776,0.83,4,6,94.79263888888887,0.5399631261825562,32.26274,69.57843,-147.30230712890625,1.9106021457248263
5KPH_4_6_6_id15,0.9173157215118408,4.3716325759887695,95.90041666666669,0.82,4,6,94.79263888888887,0.5399631261825562,32.26274,69.57843,-148.48812866210938,1.8880399068196607
5KPH_4_6_6_id16,0.9070544242858887,2.202244281768799,94.5511111111111,0.79,4,6,94.79263888888887,0.5399631261825562,32.26274,69.57843,-147.82980346679688,1.881239573160808
5KPH_4_6_6_id17,0.9755954146385193,4.690550804138184,97.06125,0.84,4,6,94.79263888888887,0.5399631261825562,32.26274,69.57843,-146.36004638671875,1.933513429429796
5KPH_4_6_6_id18,0.9649512767791748,4.535768508911133,96.12527777777778,0.82,4,6,94.79263888888887,0.5399631261825562,32.26274,69.57843,-146.0628662109375,2.0034843020968967
5KPH_4_6_6_id19,0.907813310623169,4.271564960479736,95.62708333333332,0.82,4,6,94.79263888888887,0.5399631261825562,32.26274,69.57843,-147.29750061035156,1.871727413601345
5KPH_4_6_6_id2,0.6383053660392761,4.076417446136475,95.08805555555556,0.81,4,6,94.79263888888887,0.5399631261825562,32.26274,69.57843,-145.26597595214844,1.862213134765625
5KPH_4_6_6_id20,0.8265910148620605,4.180302619934082,95.49597222222222,0.82,4,6,94.79263888888887,0.5399631261825562,32.26274,69.57843,-145.4500732421875,1.8186971876356337
5KPH_4_6_6_id21,0.7802883982658386,4.223966598510742,94.45458333333332,0.81,4,6,94.79263888888887,0.5399631261825562,32.26274,69.57843,-147.49850463867188,1.876638624403212
5KPH_4_6_6_id22,0.8987199664115906,4.345757007598877,96.03444444444445,0.83,4,6,94.79263888888887,0.5399631261825562,32.26274,69.57843,-147.56822204589844,1.8970517052544489
5KPH_4_6_6_id23,0.7027311325073242,4.082207202911377,95.23625,0.81,4,6,94.79263888888887,0.5399631261825562,32.26274,69.57843,-147.50765991210938,1.7856326633029511
5KPH_4_6_6_id3,0.7070768475532532,4.246744632720947,95.09277777777778,0.81,4,6,94.79263888888887,0.5399631261825562,32.26274,69.57843,-144.65359497070312,1.980887095133464
5KPH_4_6_6_id4,0.9336946606636047,4.500016212463379,94.23902777777778,0.8,4,6,94.79263888888887,0.5399631261825562,32.26274,69.57843,-147.6160125732422,2.042391459147136
5KPH_4_6_6_id5,0.8669124245643616,2.37644624710083,94.43583333333332,0.81,4,6,94.79263888888887,0.5399631261825562,32.26274,69.57843,-146.87857055664062,1.9751536051432288
5KPH_4_6_6_id6,0.9271243214607239,4.370967388153076,95.0701388888889,0.82,4,6,94.79263888888887,0.5399631261825562,32.26274,69.57843,-144.13470458984375,1.969432406955295
5KPH_4_6_6_id7,0.8367267847061157,4.217271327972412,94.82861111111112,0.81,4,6,94.79263888888887,0.5399631261825562,32.26274,69.57843,-145.97903442382812,1.9714321560329864
5KPH_4_6_6_id8,0.9801872968673706,3.898129463195801,95.96513888888887,0.8,4,6,94.79263888888887,0.5399631261825562,32.26274,69.57843,-145.0048828125,1.8871515062120223
5KPH_4_6_6_id9,0.7688261270523071,3.901503324508667,95.63305555555556,0.83,4,6,94.79263888888887,0.5399631261825562,32.26274,69.57843,-146.44924926757812,1.8901407453748915
5KPH_4_6_7_id0,0.8490350842475891,3.618952751159668,91.46208333333334,0.76,4,6,93.42305555555556,0.7644648551940918,33.366425,70.17609,-147.77215576171875,1.803281995985243
5KPH_4_6_7_id1,0.7615737915039062,4.159596920013428,95.18083333333334,0.82,4,6,93.42305555555556,0.7644648551940918,33.366425,70.17609,-149.38504028320312,1.9089652167426208
5KPH_4_6_7_id10,0.8874098062515259,4.429496765136719,96.03013888888889,0.82,4,6,93.42305555555556,0.7644648551940918,33.366425,70.17609,-147.8202362060547,1.9168158637152777
5KPH_4_6_7_id11,1.117401123046875,2.9628753662109375,94.05430555555556,0.79,4,6,93.42305555555556,0.7644648551940918,33.366425,70.17609,-148.76614379882812,1.8231288062201605
5KPH_4_6_7_id12,0.9248000383377075,4.610808372497559,96.65013888888888,0.83,4,6,93.42305555555556,0.7644648551940918,33.366425,70.17609,-148.2030029296875,1.843305587768555
5KPH_4_6_7_id13,0.7014195919036865,4.482416152954102,93.57263888888887,0.78,4,6,93.42305555555556,0.7644648551940918,33.366425,70.17609,-146.31784057617188,1.932823181152344
5KPH_4_6_7_id14,0.6595507860183716,4.091394424438477,94.9998611111111,0.8,4,6,93.42305555555556,0.7644648551940918,33.366425,70.17609,-147.82762145996094,1.9136600494384768
5KPH_4_6_7_id15,2.0330352783203125,2.0869014263153076,91.18791666666668,0.75,4,6,93.42305555555556,0.7644648551940918,33.366425,70.17609,-147.98348999023438,2.0371566348605685
5KPH_4_6_7_id16,0.9305256605148315,4.48507833480835,95.05402777777778,0.82,4,6,93.42305555555556,0.7644648551940918,33.366425,70.17609,-147.5255584716797,1.9297510782877605
5KPH_4_6_7_id17,0.9305500984191895,3.475095510482788,96.39416666666668,0.82,4,6,93.42305555555556,0.7644648551940918,33.366425,70.17609,-145.46725463867188,1.975632561577691
5KPH_4_6_7_id18,0.7593089938163757,4.209587097167969,93.70388888888888,0.78,4,6,93.42305555555556,0.7644648551940918,33.366425,70.17609,-144.19296264648438,2.0108500586615667
5KPH_4_6_7_id19,0.7316308617591858,2.9965221881866455,90.79875,0.72,4,6,93.42305555555556,0.7644648551940918,33.366425,70.17609,-146.383544921875,1.9525076548258464
5KPH_4_6_7_id2,0.7999228835105896,3.6630868911743164,91.64305555555556,0.76,4,6,93.42305555555556,0.7644648551940918,33.366425,70.17609,-144.9864501953125,1.854718314276801
5KPH_4_6_7_id20,0.9073681831359863,4.441943168640137,93.83333333333331,0.79,4,6,93.42305555555556,0.7644648551940918,33.366425,70.17609,-145.97994995117188,1.874114778306749
5KPH_4_6_7_id21,0.6417638659477234,3.7055039405822754,92.5773611111111,0.77,4,6,93.42305555555556,0.7644648551940918,33.366425,70.17609,-146.77593994140625,1.914343092176649
5KPH_4_6_7_id22,0.7331876158714294,4.323818206787109,95.20527777777778,0.81,4,6,93.42305555555556,0.7644648551940918,33.366425,70.17609,-148.56436157226562,1.935313966539171
5KPH_4_6_7_id23,0.9930385947227478,4.481564521789551,94.30916666666668,0.81,4,6,93.42305555555556,0.7644648551940918,33.366425,70.17609,-148.5661163330078,1.8443887498643663
5KPH_4_6_7_id3,0.9849003553390503,2.641535997390747,94.01680555555556,0.8,4,6,93.42305555555556,0.7644648551940918,33.366425,70.17609,-146.20370483398438,1.9875335693359373
5KPH_4_6_7_id4,0.8765795230865479,1.8898779153823853,94.9675,0.82,4,6,93.42305555555556,0.7644648551940918,33.366425,70.17609,-147.15206909179688,2.028315650092231
5KPH_4_6_7_id5,0.721433162689209,2.434502363204956,92.63319444444444,0.75,4,6,93.42305555555556,0.7644648551940918,33.366425,70.17609,-149.0713348388672,1.807019975450304
5KPH_4_6_7_id6,0.9056082367897034,4.634558200836182,96.22944444444444,0.83,4,6,93.42305555555556,0.7644648551940918,33.366425,70.17609,-148.9481201171875,1.890497419569228
5KPH_4_6_7_id7,0.9709852933883667,3.3689050674438477,95.21763888888889,0.81,4,6,93.42305555555556,0.7644648551940918,33.366425,70.17609,-146.469970703125,2.034773508707682
5KPH_4_6_7_id8,0.9319424033164978,2.7617175579071045,92.73888888888888,0.77,4,6,93.42305555555556,0.7644648551940918,33.366425,70.17609,-146.33505249023438,1.8274177975124783
5KPH_4_6_7_id9,0.9168794751167297,4.4305620193481445,94.84333333333332,0.81,4,6,93.42305555555556,0.7644648551940918,33.366425,70.17609,-147.7007598876953,1.9820745256212025
5KPH_4_6_8_id0,0.8226621747016907,3.378394365310669,94.85194444444444,0.81,4,6,90.76375,0.7531397342681885,31.78957,67.43025,-147.29747009277344,1.8576776716444228
5KPH_4_6_8_id1,0.9859262704849243,4.596826076507568,96.36791666666667,0.83,4,6,90.76375,0.7531397342681885,31.78957,67.43025,-147.54078674316406,1.9361678229437933
5KPH_4_6_8_id10,0.8995702862739563,4.2695488929748535,95.31166666666668,0.82,4,6,90.76375,0.7531397342681885,31.78957,67.43025,-145.84109497070312,1.851382573445638
5KPH_4_6_8_id11,0.9146223068237305,4.335762977600098,95.5,0.83,4,6,90.76375,0.7531397342681885,31.78957,67.43025,-145.61878967285156,1.9805416531032989
5KPH_4_6_8_id12,0.6902987360954285,3.807065486907959,94.07041666666666,0.8,4,6,90.76375,0.7531397342681885,31.78957,67.43025,-143.29815673828125,1.83103879292806
5KPH_4_6_8_id13,0.92799311876297,3.457486867904663,91.84208333333332,0.75,4,6,90.76375,0.7531397342681885,31.78957,67.43025,-142.4423828125,1.7798071967230902
5KPH_4_6_8_id14,1.0756398439407349,2.2929301261901855,94.78027777777778,0.82,4,6,90.76375,0.7531397342681885,31.78957,67.43025,-146.42449951171875,1.882351769341363
5KPH_4_6_8_id15,1.7615699768066406,2.3415980339050293,91.84986111111112,0.76,4,6,90.76375,0.7531397342681885,31.78957,67.43025,-144.46885681152344,1.8126695421006944
5KPH_4_6_8_id16,0.968197226524353,2.159945011138916,92.94375,0.76,4,6,90.76375,0.7531397342681885,31.78957,67.43025,-144.33450317382812,1.8470632765028208
5KPH_4_6_8_id17,2.0773162841796875,1.9882123470306396,91.00305555555556,0.75,4,6,90.76375,0.7531397342681885,31.78957,67.43025,-146.6562042236328,1.8278225792778864
5KPH_4_6_8_id18,0.8798139095306396,4.2553510665893555,95.715,0.82,4,6,90.76375,0.7531397342681885,31.78957,67.43025,-146.45449829101562,1.863403108384874
5KPH_4_6_8_id19,0.6887256503105164,4.419311046600342,95.75847222222222,0.81,4,6,90.76375,0.7531397342681885,31.78957,67.43025,-143.92340087890625,1.800233417087131
5KPH_4_6_8_id2,0.9480616450309753,2.230577230453491,93.98652777777778,0.8,4,6,90.76375,0.7531397342681885,31.78957,67.43025,-146.32699584960938,1.8319680955674915
5KPH_4_6_8_id20,0.9858229160308838,4.502294063568115,95.83666666666666,0.83,4,6,90.76375,0.7531397342681885,31.78957,67.43025,-146.96214294433594,1.8643179999457464
5KPH_4_6_8_id21,1.027872085571289,2.1008284091949463,94.89,0.81,4,6,90.76375,0.7531397342681885,31.78957,67.43025,-145.84982299804688,1.9297339121500647
5KPH_4_6_8_id22,0.7600067257881165,4.176756381988525,96.23736111111111,0.83,4,6,90.76375,0.7531397342681885,31.78957,67.43025,-145.00863647460938,1.917743682861328
5KPH_4_6_8_id23,0.8431518077850342,2.08469557762146,94.63430555555556,0.81,4,6,90.76375,0.7531397342681885,31.78957,67.43025,-146.3631134033203,1.922319836086697
5KPH_4_6_8_id3,0.864596962928772,1.560484766960144,95.63361111111112,0.83,4,6,90.76375,0.7531397342681885,31.78957,67.43025,-146.4287872314453,2.015526241726345
5KPH_4_6_8_id4,1.972390055656433,2.1128342151641846,91.08680555555556,0.74,4,6,90.76375,0.7531397342681885,31.78957,67.43025,-146.59475708007812,1.870477464463976
5KPH_4_6_8_id5,0.6203332543373108,3.838355779647827,95.56361111111111,0.82,4,6,90.76375,0.7531397342681885,31.78957,67.43025,-145.22744750976562,1.831088383992513
5KPH_4_6_8_id6,1.0199167728424072,2.462205648422241,89.09652777777777,0.71,4,6,90.76375,0.7531397342681885,31.78957,67.43025,-144.15672302246094,1.7241151597764757
5KPH_4_6_8_id7,0.8515006899833679,1.81447434425354,91.83125,0.75,4,6,90.76375,0.7531397342681885,31.78957,67.43025,-146.3234100341797,1.9604223039415147
5KPH_4_6_8_id8,0.6786441802978516,3.9648256301879883,94.89180555555556,0.82,4,6,90.76375,0.7531397342681885,31.78957,67.43025,-144.74542236328125,1.7305074267917209
5KPH_4_6_8_id9,0.956760585308075,1.858947992324829,94.14041666666668,0.79,4,6,90.76375,0.7531397342681885,31.78957,67.43025,-147.3140869140625,1.8492715623643663
5KPH_4_6_9_id0,0.8475242853164673,1.632482647895813,93.8622222222222,0.78,4,6,92.04666666666668,0.9984837174415588,33.094845,70.57765,-143.1151123046875,1.9541166093614368
5KPH_4_6_9_id1,0.7473970651626587,3.9191675186157227,94.15416666666668,0.79,4,6,92.04666666666668,0.9984837174415588,33.094845,70.57765,-144.36572265625,2.0808321634928384
5KPH_4_6_9_id10,0.7505850791931152,1.9423918724060059,95.79680555555557,0.83,4,6,92.04666666666668,0.9984837174415588,33.094845,70.57765,-145.15745544433594,1.9893519083658853
5KPH_4_6_9_id11,0.7112823128700256,3.8275418281555176,95.60305555555556,0.82,4,6,92.04666666666668,0.9984837174415588,33.094845,70.57765,-142.8332061767578,2.0360641479492188
5KPH_4_6_9_id12,0.8890947699546814,3.9344751834869385,94.96527777777776,0.8,4,6,92.04666666666668,0.9984837174415588,33.094845,70.57765,-141.6429901123047,2.0684517754448786
5KPH_4_6_9_id13,0.7003494501113892,3.799473285675049,95.32958333333332,0.82,4,6,92.04666666666668,0.9984837174415588,33.094845,70.57765,-142.63804626464844,1.940839131673177
5KPH_4_6_9_id14,0.6858787536621094,3.7690720558166504,94.375,0.8,4,6,92.04666666666668,0.9984837174415588,33.094845,70.57765,-141.89474487304688,1.981767018636068
5KPH_4_6_9_id15,0.7634071707725525,3.5464260578155518,92.08125,0.76,4,6,92.04666666666668,0.9984837174415588,33.094845,70.57765,-140.482177734375,1.949267069498698
5KPH_4_6_9_id16,0.6147744059562683,3.9469337463378906,95.01097222222222,0.82,4,6,92.04666666666668,0.9984837174415588,33.094845,70.57765,-141.80242919921875,2.0246134863959417
5KPH_4_6_9_id17,0.7313588261604309,3.705188512802124,95.11861111111112,0.8,4,6,92.04666666666668,0.9984837174415588,33.094845,70.57765,-141.56393432617188,2.114050123426649
5KPH_4_6_9_id18,0.7107256650924683,3.6959848403930664,94.35638888888889,0.81,4,6,92.04666666666668,0.9984837174415588,33.094845,70.57765,-141.9934539794922,2.0139957004123263
5KPH_4_6_9_id19,1.0117011070251465,1.5299044847488403,94.495,0.8,4,6,92.04666666666668,0.9984837174415588,33.094845,70.57765,-143.96624755859375,2.077377107408312
5KPH_4_6_9_id2,0.6740844249725342,1.7801676988601685,94.38236111111112,0.78,4,6,92.04666666666668,0.9984837174415588,33.094845,70.57765,-144.26820373535156,2.001142289903429
5KPH_4_6_9_id20,0.6563940644264221,3.8516016006469727,93.56138888888889,0.77,4,6,92.04666666666668,0.9984837174415588,33.094845,70.57765,-138.88006591796875,2.050271564059788
5KPH_4_6_9_id21,0.6597838401794434,3.7590842247009277,95.5261111111111,0.82,4,6,92.04666666666668,0.9984837174415588,33.094845,70.57765,-142.071044921875,2.1357328626844616
5KPH_4_6_9_id22,0.7215203642845154,2.974349021911621,92.03916666666666,0.77,4,6,92.04666666666668,0.9984837174415588,33.094845,70.57765,-142.78973388671875,1.9541422526041667
5KPH_4_6_9_id23,0.7166037559509277,3.8699259757995605,95.5576388888889,0.82,4,6,92.04666666666668,0.9984837174415588,33.094845,70.57765,-145.01486206054688,1.9766279856363933
5KPH_4_6_9_id3,0.7044686079025269,4.173891544342041,95.0488888888889,0.81,4,6,92.04666666666668,0.9984837174415588,33.094845,70.57765,-140.30870056152344,2.148332807752821
5KPH_4_6_9_id4,0.7735955119132996,3.705583333969116,92.43902777777777,0.76,4,6,92.04666666666668,0.9984837174415588,33.094845,70.57765,-143.1214599609375,1.986578835381402
5KPH_4_6_9_id5,0.6120237708091736,3.7737417221069336,94.80458333333334,0.82,4,6,92.04666666666668,0.9984837174415588,33.094845,70.57765,-140.73460388183594,2.159093221028646
5KPH_4_6_9_id6,0.7100160717964172,3.852933406829834,94.80013888888888,0.8,4,6,92.04666666666668,0.9984837174415588,33.094845,70.57765,-141.4796600341797,1.939393785264757
5KPH_4_6_9_id7,0.6288982629776001,3.9155800342559814,94.77958333333332,0.8,4,6,92.04666666666668,0.9984837174415588,33.094845,70.57765,-142.2131805419922,1.9088363647460933
5KPH_4_6_9_id8,0.710786759853363,3.9549567699432373,95.07569444444444,0.81,4,6,92.04666666666668,0.9984837174415588,33.094845,70.57765,-144.40509033203125,2.038417180379232
5KPH_4_6_9_id9,0.6316347122192383,3.8944485187530518,95.36333333333332,0.81,4,6,92.04666666666668,0.9984837174415588,33.094845,70.57765,-143.4246063232422,1.962865193684896
5KPH_4_8_0_id0,0.7088974118232727,4.4079694747924805,95.78194444444443,0.83,4,8,94.25180555555556,0.6593825221061707,33.723526,69.16437,-146.75186157226562,1.8522398206922743
5KPH_4_8_0_id1,0.8160229921340942,4.5007243156433105,96.39597222222224,0.83,4,8,94.25180555555556,0.6593825221061707,33.723526,69.16437,-148.78750610351562,1.9374758402506511
5KPH_4_8_0_id10,0.8768936395645142,4.41761589050293,95.3175,0.82,4,8,94.25180555555556,0.6593825221061707,33.723526,69.16437,-149.39468383789062,1.9137827555338545
5KPH_4_8_0_id11,0.8497135639190674,4.453461647033691,94.7188888888889,0.82,4,8,94.25180555555556,0.6593825221061707,33.723526,69.16437,-150.6849365234375,1.8350565168592663
5KPH_4_8_0_id12,0.8157514333724976,2.4075372219085693,96.41680555555556,0.83,4,8,94.25180555555556,0.6593825221061707,33.723526,69.16437,-150.10926818847656,1.872031529744466
5KPH_4_8_0_id13,0.6571289300918579,4.023561000823975,94.70305555555557,0.81,4,8,94.25180555555556,0.6593825221061707,33.723526,69.16437,-148.02304077148438,1.826942867702908
5KPH_4_8_0_id14,0.8600669503211975,4.602055549621582,96.58194444444445,0.83,4,8,94.25180555555556,0.6593825221061707,33.723526,69.16437,-149.7480926513672,1.835020277235243
5KPH_4_8_0_id15,0.8706833124160767,4.483092784881592,96.1563888888889,0.82,4,8,94.25180555555556,0.6593825221061707,33.723526,69.16437,-150.20938110351562,1.93225818210178
5KPH_4_8_0_id16,0.9463184475898743,4.431892395019531,95.55361111111112,0.81,4,8,94.25180555555556,0.6593825221061707,33.723526,69.16437,-149.71151733398438,1.846162796020508
5KPH_4_8_0_id17,0.8641585111618042,4.566868305206299,96.83694444444444,0.84,4,8,94.25180555555556,0.6593825221061707,33.723526,69.16437,-150.53350830078125,1.8762181599934893
5KPH_4_8_0_id18,0.6373245120048523,4.033978462219238,94.75958333333334,0.81,4,8,94.25180555555556,0.6593825221061707,33.723526,69.16437,-147.83026123046875,1.836273193359375
5KPH_4_8_0_id19,0.8215101361274719,2.327014923095703,94.63708333333334,0.79,4,8,94.25180555555556,0.6593825221061707,33.723526,69.16437,-150.82183837890625,1.8293961418999567
5KPH_4_8_0_id2,0.7946666479110718,4.283917427062988,95.61861111111112,0.82,4,8,94.25180555555556,0.6593825221061707,33.723526,69.16437,-150.44195556640625,1.8189718458387587
5KPH_4_8_0_id20,0.8125576972961426,4.4860334396362305,96.44625,0.83,4,8,94.25180555555556,0.6593825221061707,33.723526,69.16437,-150.70965576171875,1.8751780192057288
5KPH_4_8_0_id21,0.8697366714477539,4.604764461517334,96.16541666666666,0.82,4,8,94.25180555555556,0.6593825221061707,33.723526,69.16437,-149.4520721435547,1.8728872934977208
5KPH_4_8_0_id22,0.8056751489639282,4.443984508514404,96.13180555555556,0.83,4,8,94.25180555555556,0.6593825221061707,33.723526,69.16437,-148.53872680664062,1.877838134765625
5KPH_4_8_0_id23,0.7040413618087769,4.443694591522217,95.67430555555556,0.82,4,8,94.25180555555556,0.6593825221061707,33.723526,69.16437,-146.70497131347656,1.9020364549424915
5KPH_4_8_0_id3,0.814784586429596,4.476042747497559,95.94555555555556,0.82,4,8,94.25180555555556,0.6593825221061707,33.723526,69.16437,-150.46908569335938,1.9450730217827688
5KPH_4_8_0_id4,0.9809711575508118,4.329700469970703,94.39055555555557,0.79,4,8,94.25180555555556,0.6593825221061707,33.723526,69.16437,-147.71739196777344,1.9724807739257808
5KPH_4_8_0_id5,0.8766322731971741,4.600027084350586,96.74305555555556,0.83,4,8,94.25180555555556,0.6593825221061707,33.723526,69.16437,-151.5291748046875,1.8392969767252605
5KPH_4_8_0_id6,0.7886043787002563,4.456758499145508,95.97097222222222,0.83,4,8,94.25180555555556,0.6593825221061707,33.723526,69.16437,-146.65567016601562,1.9820081922743056
5KPH_4_8_0_id7,1.9607555866241455,2.321143865585327,90.675,0.76,4,8,94.25180555555556,0.6593825221061707,33.723526,69.16437,-148.62875366210938,1.870757844712999
5KPH_4_8_0_id8,0.9453572630882263,4.6250200271606445,95.56486111111111,0.81,4,8,94.25180555555556,0.6593825221061707,33.723526,69.16437,-151.49478149414062,1.8721614413791232
5KPH_4_8_0_id9,0.7972904443740845,4.024885177612305,93.19791666666669,0.77,4,8,94.25180555555556,0.6593825221061707,33.723526,69.16437,-147.74024963378906,1.7907335493299696
5KPH_4_8_2_id0,0.9060414433479309,4.460278034210205,94.91305555555556,0.81,4,8,92.09277777777778,0.6488852500915527,32.31449,70.71971,-148.20677185058594,1.800980461968316
5KPH_4_8_2_id1,0.7987566590309143,4.565490245819092,96.28930555555556,0.82,4,8,92.09277777777778,0.6488852500915527,32.31449,70.71971,-146.74490356445312,1.9545697106255424
5KPH_4_8_2_id10,0.902658224105835,4.606797695159912,96.45777777777778,0.82,4,8,92.09277777777778,0.6488852500915527,32.31449,70.71971,-145.92379760742188,1.9422931671142576
5KPH_4_8_2_id11,0.8728405833244324,4.512008190155029,95.90902777777778,0.82,4,8,92.09277777777778,0.6488852500915527,32.31449,70.71971,-147.76377868652344,1.8000657823350694
5KPH_4_8_2_id12,0.8722361922264099,4.609591007232666,96.93375,0.84,4,8,92.09277777777778,0.6488852500915527,32.31449,70.71971,-147.19561767578125,1.914722018771701
5KPH_4_8_2_id13,0.7326597571372986,4.402898788452148,96.51097222222222,0.83,4,8,92.09277777777778,0.6488852500915527,32.31449,70.71971,-149.0439453125,1.9269625345865888
5KPH_4_8_2_id14,0.8387206196784973,4.561477184295654,95.85819444444444,0.83,4,8,92.09277777777778,0.6488852500915527,32.31449,70.71971,-147.6297607421875,1.8623862796359592
5KPH_4_8_2_id15,1.1033252477645874,4.755820274353027,96.5084722222222,0.83,4,8,92.09277777777778,0.6488852500915527,32.31449,70.71971,-148.62542724609375,1.8336842854817708
5KPH_4_8_2_id16,0.9863934516906738,2.154047966003418,91.39291666666666,0.75,4,8,92.09277777777778,0.6488852500915527,32.31449,70.71971,-144.59332275390625,1.9403110080295136
5KPH_4_8_2_id17,0.6872430443763733,4.423553466796875,95.81888888888888,0.82,4,8,92.09277777777778,0.6488852500915527,32.31449,70.71971,-147.3572998046875,1.9521268208821607
5KPH_4_8_2_id18,0.8085134625434875,4.562410831451416,95.46236111111112,0.81,4,8,92.09277777777778,0.6488852500915527,32.31449,70.71971,-147.0952911376953,1.939170413547092
5KPH_4_8_2_id19,0.9116492867469788,4.551593780517578,96.09361111111112,0.82,4,8,92.09277777777778,0.6488852500915527,32.31449,70.71971,-147.0691680908203,1.861566331651476
5KPH_4_8_2_id2,0.9009636640548706,4.4622626304626465,95.17875,0.81,4,8,92.09277777777778,0.6488852500915527,32.31449,70.71971,-149.4795379638672,1.8846456739637587
5KPH_4_8_2_id20,0.8048785328865051,3.745957612991333,93.83430555555556,0.77,4,8,92.09277777777778,0.6488852500915527,32.31449,70.71971,-148.431640625,1.816900889078776
5KPH_4_8_2_id21,0.8236867189407349,4.499967098236084,96.11722222222222,0.83,4,8,92.09277777777778,0.6488852500915527,32.31449,70.71971,-147.97967529296875,1.9951841566297743
5KPH_4_8_2_id22,0.9065009951591492,4.6292877197265625,96.4275,0.82,4,8,92.09277777777778,0.6488852500915527,32.31449,70.71971,-149.2987518310547,1.835604985555013
5KPH_4_8_2_id23,0.8407894968986511,4.547430992126465,96.77027777777776,0.83,4,8,92.09277777777778,0.6488852500915527,32.31449,70.71971,-148.3160858154297,1.8168169657389324
5KPH_4_8_2_id3,0.8804923892021179,4.535979747772217,95.6398611111111,0.82,4,8,92.09277777777778,0.6488852500915527,32.31449,70.71971,-148.9312286376953,1.7495706346299913
5KPH_4_8_2_id4,0.8509184718132019,4.5938215255737305,96.67166666666668,0.83,4,8,92.09277777777778,0.6488852500915527,32.31449,70.71971,-146.62460327148438,1.812633090549045
5KPH_4_8_2_id5,0.9834390878677368,4.8026628494262695,96.42361111111111,0.82,4,8,92.09277777777778,0.6488852500915527,32.31449,70.71971,-148.43792724609375,1.908339606391059
5KPH_4_8_2_id6,0.8568481802940369,4.634748935699463,96.87277777777778,0.84,4,8,92.09277777777778,0.6488852500915527,32.31449,70.71971,-148.62554931640625,1.9277517530653208
5KPH_4_8_2_id7,0.9129212498664856,4.670229434967041,96.08375,0.82,4,8,92.09277777777778,0.6488852500915527,32.31449,70.71971,-148.77908325195312,1.8965712653266056
5KPH_4_8_2_id8,0.9826260805130005,4.770924091339111,96.34083333333334,0.82,4,8,92.09277777777778,0.6488852500915527,32.31449,70.71971,-145.6533660888672,1.9075946807861328
5KPH_4_8_2_id9,0.8100025057792664,4.613792419433594,97.04861111111111,0.84,4,8,92.09277777777778,0.6488852500915527,32.31449,70.71971,-147.66790771484375,1.8819077809651688
5KPH_4_8_3_id0,0.6364316344261169,4.007080554962158,95.16208333333331,0.82,4,8,94.90861111111111,0.5534296035766602,31.712654,71.337776,-145.03237915039062,1.868782467312283
5KPH_4_8_3_id1,0.7398271560668945,3.834815740585327,91.91736111111112,0.76,4,8,94.90861111111111,0.5534296035766602,31.712654,71.337776,-141.78504943847656,2.090449227227105
5KPH_4_8_3_id10,0.7983474135398865,4.418783187866211,94.74194444444444,0.81,4,8,94.90861111111111,0.5534296035766602,31.712654,71.337776,-142.8571319580078,2.1243485344780817
5KPH_4_8_3_id11,0.7685348987579346,2.0082037448883057,94.98930555555556,0.8,4,8,94.90861111111111,0.5534296035766602,31.712654,71.337776,-144.8619384765625,2.11409166124132
5KPH_4_8_3_id12,0.5442578792572021,4.0766801834106445,94.10472222222224,0.8,4,8,94.90861111111111,0.5534296035766602,31.712654,71.337776,-144.39678955078125,2.155075920952691
5KPH_4_8_3_id13,0.8367973566055298,4.442714214324951,93.61611111111112,0.8,4,8,94.90861111111111,0.5534296035766602,31.712654,71.337776,-143.6206817626953,2.0672149658203125
5KPH_4_8_3_id14,0.7723486423492432,3.1542601585388184,91.42180555555554,0.75,4,8,94.90861111111111,0.5534296035766602,31.712654,71.337776,-144.8896026611328,1.765054808722602
5KPH_4_8_3_id15,0.7097612023353577,3.524980068206787,93.03527777777778,0.79,4,8,94.90861111111111,0.5534296035766602,31.712654,71.337776,-141.59059143066406,2.091174655490452
5KPH_4_8_3_id16,0.7596325278282166,4.071730613708496,94.78819444444444,0.8,4,8,94.90861111111111,0.5534296035766602,31.712654,71.337776,-144.9772186279297,1.942039913601345
5KPH_4_8_3_id17,0.7406776547431946,4.256776809692383,94.79986111111111,0.81,4,8,94.90861111111111,0.5534296035766602,31.712654,71.337776,-144.1237335205078,2.004096349080404
5KPH_4_8_3_id18,0.6161823868751526,4.147833347320557,94.38402777777776,0.8,4,8,94.90861111111111,0.5534296035766602,31.712654,71.337776,-146.30975341796875,1.862190882364909
5KPH_4_8_3_id19,0.7086568474769592,4.132600784301758,93.80916666666668,0.79,4,8,94.90861111111111,0.5534296035766602,31.712654,71.337776,-145.2784881591797,1.8938590155707464
5KPH_4_8_8_id13,0.8155695796012878,4.487436294555664,94.43402777777776,0.8,4,8,92.35597222222222,0.6122915148735046,33.568592,71.45591,-141.37364196777344,1.8570499420166016
5KPH_4_8_8_id14,0.8884062767028809,4.458475589752197,95.72958333333334,0.83,4,8,92.35597222222222,0.6122915148735046,33.568592,71.45591,-147.33912658691406,1.923487345377604
5KPH_4_8_8_id15,0.9591831564903259,4.725410461425781,96.93875,0.84,4,8,92.35597222222222,0.6122915148735046,33.568592,71.45591,-146.45913696289062,1.8471844991048176
5KPH_4_8_8_id16,0.717275857925415,1.8994582891464233,93.88902777777776,0.78,4,8,92.35597222222222,0.6122915148735046,33.568592,71.45591,-143.5545654296875,1.9572406344943576
5KPH_4_8_8_id17,0.7762058973312378,2.596142053604126,94.88430555555556,0.81,4,8,92.35597222222222,0.6122915148735046,33.568592,71.45591,-146.60032653808594,1.8947800530327688
5KPH_4_8_8_id18,0.9417403936386108,4.590497970581055,96.25486111111113,0.83,4,8,92.35597222222222,0.6122915148735046,33.568592,71.45591,-145.86102294921875,1.8773172166612413
5KPH_4_8_8_id19,0.7184244394302368,4.096232891082764,92.92486111111111,0.77,4,8,92.35597222222222,0.6122915148735046,33.568592,71.45591,-145.0299072265625,1.7850341796875
5KPH_4_8_8_id2,0.6818533539772034,3.8981268405914307,94.25277777777778,0.8,4,8,92.35597222222222,0.6122915148735046,33.568592,71.45591,-145.61077880859375,1.724476072523329
5KPH_4_8_8_id20,1.4803122282028198,2.214243173599243,90.25861111111112,0.73,4,8,92.35597222222222,0.6122915148735046,33.568592,71.45591,-144.7119903564453,1.8797651926676435
5KPH_4_8_8_id21,0.9560948610305786,4.626585006713867,95.77194444444444,0.82,4,8,92.35597222222222,0.6122915148735046,33.568592,71.45591,-145.63539123535156,1.921629375881619
5KPH_4_8_8_id22,0.7436482310295105,3.8699584007263184,92.59986111111112,0.77,4,8,92.35597222222222,0.6122915148735046,33.568592,71.45591,-146.18226623535156,1.813333723280165
5KPH_4_8_8_id23,1.086059331893921,4.8013529777526855,96.31291666666668,0.83,4,8,92.35597222222222,0.6122915148735046,33.568592,71.45591,-145.2699737548828,1.91150622897678
5KPH_4_8_8_id3,0.8668111562728882,3.424830675125122,93.68055555555556,0.8,4,8,92.35597222222222,0.6122915148735046,33.568592,71.45591,-145.20152282714844,1.9050407409667969
5KPH_4_8_8_id4,0.7121016383171082,4.241818904876709,93.69361111111112,0.77,4,8,92.35597222222222,0.6122915148735046,33.568592,71.45591,-143.20262145996094,1.871197594536676
5KPH_4_8_8_id5,0.9095671772956848,4.561573505401611,95.87625,0.82,4,8,92.35597222222222,0.6122915148735046,33.568592,71.45591,-145.4346466064453,1.953094270494249
5KPH_4_8_8_id6,0.7929418683052063,4.183528423309326,96.22319444444445,0.83,4,8,92.35597222222222,0.6122915148735046,33.568592,71.45591,-140.89544677734375,2.0783394707573786
5KPH_4_8_8_id7,0.9566776752471924,4.5728840827941895,96.5313888888889,0.83,4,8,92.35597222222222,0.6122915148735046,33.568592,71.45591,-143.1396942138672,1.942260318332248
5KPH_4_8_8_id8,0.7374395132064819,4.100811958312988,95.35083333333334,0.81,4,8,92.35597222222222,0.6122915148735046,33.568592,71.45591,-146.07591247558594,1.875112109714084
5KPH_4_8_8_id9,0.9410266280174255,1.917720079421997,94.48597222222222,0.79,4,8,92.35597222222222,0.6122915148735046,33.568592,71.45591,-147.23062133789062,1.871942943996853
5KPH_4_8_9_id0,0.907842218875885,2.329364538192749,96.48402777777775,0.83,4,8,90.3309722222222,0.5080936551094055,33.121037,70.275444,-143.1505889892578,1.9957105848524304
5KPH_4_8_9_id1,1.0624996423721313,4.768130779266357,97.05041666666666,0.84,4,8,90.3309722222222,0.5080936551094055,33.121037,70.275444,-140.75083923339844,2.0904329087999134
5KPH_4_8_9_id10,0.8147643208503723,4.341328144073486,96.07541666666668,0.83,4,8,90.3309722222222,0.5080936551094055,33.121037,70.275444,-142.44430541992188,1.9393526713053384
5KPH_4_8_9_id11,0.9554831385612488,4.6525373458862305,96.73861111111113,0.83,4,8,90.3309722222222,0.5080936551094055,33.121037,70.275444,-141.81114196777344,1.9633318583170567
5KPH_4_8_9_id12,0.7582438588142395,4.090432167053223,93.90791666666668,0.78,4,8,90.3309722222222,0.5080936551094055,33.121037,70.275444,-140.03302001953125,1.7883099450005426
5KPH_4_8_9_id13,0.8594650626182556,3.7513773441314697,92.78013888888889,0.76,4,8,90.3309722222222,0.5080936551094055,33.121037,70.275444,-140.6458740234375,1.803352991739909
5KPH_4_8_9_id14,0.9179439544677734,2.337275743484497,97.1434722222222,0.84,4,8,90.3309722222222,0.5080936551094055,33.121037,70.275444,-145.0171661376953,1.9979430304633248
5KPH_4_8_9_id15,0.7700664401054382,4.412418365478516,95.9876388888889,0.83,4,8,90.3309722222222,0.5080936551094055,33.121037,70.275444,-141.99612426757812,1.9507825639512804
5KPH_4_8_9_id16,0.9481984972953796,4.5601582527160645,96.39736111111112,0.83,4,8,90.3309722222222,0.5080936551094055,33.121037,70.275444,-141.1863250732422,1.9702525668674045
5KPH_4_8_9_id17,0.8824838995933533,2.2777678966522217,94.72041666666668,0.8,4,8,90.3309722222222,0.5080936551094055,33.121037,70.275444,-141.0179443359375,2.004531012641059
5KPH_4_8_9_id18,0.9200434684753418,4.555016994476318,95.69083333333332,0.81,4,8,90.3309722222222,0.5080936551094055,33.121037,70.275444,-140.74058532714844,1.902597427368164
5KPH_4_8_9_id19,0.867138683795929,4.352044582366943,95.91222222222224,0.82,4,8,90.3309722222222,0.5080936551094055,33.121037,70.275444,-141.83511352539062,1.874056074354384
5KPH_4_8_9_id2,0.7930178642272949,4.097525119781494,94.88680555555555,0.81,4,8,90.3309722222222,0.5080936551094055,33.121037,70.275444,-140.87155151367188,1.8719357384575737
5KPH_4_8_9_id21,0.9542825222015381,4.568101406097412,97.00388888888888,0.84,4,8,90.3309722222222,0.5080936551094055,33.121037,70.275444,-143.88865661621094,1.965709474351671
5KPH_4_8_9_id22,0.8309776186943054,4.208352088928223,93.86458333333331,0.79,4,8,90.3309722222222,0.5080936551094055,33.121037,70.275444,-142.56455993652344,1.831825256347656
5KPH_4_8_9_id23,0.8236786723136902,4.26553201675415,95.1198611111111,0.81,4,8,90.3309722222222,0.5080936551094055,33.121037,70.275444,-144.6398468017578,1.839761945936415
5KPH_4_8_9_id3,0.9271196126937866,4.635615348815918,97.38,0.84,4,8,90.3309722222222,0.5080936551094055,33.121037,70.275444,-143.72006225585938,1.9585592481825087
5KPH_4_8_9_id4,0.9975726008415222,4.695398807525635,96.075,0.82,4,8,90.3309722222222,0.5080936551094055,33.121037,70.275444,-143.0360565185547,1.987038294474284
5KPH_4_8_9_id5,0.7411898970603943,3.62045955657959,93.40694444444443,0.78,4,8,90.3309722222222,0.5080936551094055,33.121037,70.275444,-141.36807250976562,1.9063038296169703
5KPH_4_8_9_id6,0.81256103515625,4.443435192108154,95.85277777777776,0.83,4,8,90.3309722222222,0.5080936551094055,33.121037,70.275444,-140.93003845214844,1.834284252590604
5KPH_4_8_9_id7,0.8303049206733704,4.474604606628418,96.34,0.83,4,8,90.3309722222222,0.5080936551094055,33.121037,70.275444,-143.7700653076172,1.961612065633138
5KPH_4_8_9_id8,0.6190088391304016,3.5477797985076904,94.81652777777778,0.81,4,8,90.3309722222222,0.5080936551094055,33.121037,70.275444,-143.15640258789062,1.8398217095269096
5KPH_4_8_9_id9,0.8706062436103821,4.431358337402344,95.68083333333333,0.82,4,8,90.3309722222222,0.5080936551094055,33.121037,70.275444,-143.51467895507812,1.8997060987684464
5KPH_6_2_5_id0,0.8476044535636902,3.8689324855804443,91.14166666666668,0.73,6,2,92.7713888888889,0.8022125959396362,36.551605,74.306145,-141.02914428710938,1.8118722703721788
5KPH_6_2_5_id1,0.8623654246330261,5.667306900024414,94.26291666666668,0.8,6,2,92.7713888888889,0.8022125959396362,36.551605,74.306145,-140.68116760253906,1.761563195122613
5KPH_6_2_5_id10,0.8983683586120605,4.602824687957764,90.3126388888889,0.71,6,2,92.7713888888889,0.8022125959396362,36.551605,74.306145,-139.93533325195312,1.8066861894395616
5KPH_6_2_5_id11,0.8915567994117737,3.6498067378997803,90.775,0.74,6,2,92.7713888888889,0.8022125959396362,36.551605,74.306145,-140.3294677734375,1.8496843973795567
5KPH_6_2_5_id12,0.8594982028007507,5.798918724060059,94.0261111111111,0.79,6,2,92.7713888888889,0.8022125959396362,36.551605,74.306145,-142.50071716308594,1.8001361423068576
5KPH_6_2_5_id13,0.6737690567970276,5.998082160949707,95.41194444444444,0.81,6,2,92.7713888888889,0.8022125959396362,36.551605,74.306145,-138.16436767578125,1.8232371012369792
5KPH_6_2_5_id14,0.7708882689476013,3.7807300090789795,92.33,0.76,6,2,92.7713888888889,0.8022125959396362,36.551605,74.306145,-142.23985290527344,1.8779129452175565
5KPH_6_2_5_id15,0.766333281993866,5.9559197425842285,94.81083333333332,0.8,6,2,92.7713888888889,0.8022125959396362,36.551605,74.306145,-141.93701171875,1.8038482666015625
5KPH_6_2_5_id16,2.1704466342926025,3.2721328735351562,87.68083333333334,0.68,6,2,92.7713888888889,0.8022125959396362,36.551605,74.306145,-141.44009399414062,1.7867007785373263
5KPH_6_2_5_id17,0.7522932291030884,4.04434871673584,93.00027777777775,0.75,6,2,92.7713888888889,0.8022125959396362,36.551605,74.306145,-142.98931884765625,1.7754849327935114
5KPH_6_2_5_id18,0.7905131578445435,2.622732639312744,93.37263888888889,0.77,6,2,92.7713888888889,0.8022125959396362,36.551605,74.306145,-142.64956665039062,1.790374120076497
5KPH_6_2_5_id19,0.9129671454429626,6.129055023193359,94.54916666666666,0.8,6,2,92.7713888888889,0.8022125959396362,36.551605,74.306145,-139.35546875,1.7854109870062933
5KPH_6_2_5_id2,0.6466386318206787,5.851726531982422,94.79777777777775,0.81,6,2,92.7713888888889,0.8022125959396362,36.551605,74.306145,-140.109619140625,1.8936746385362413
5KPH_6_2_5_id20,0.8069217205047607,6.072694778442383,95.71430555555555,0.82,6,2,92.7713888888889,0.8022125959396362,36.551605,74.306145,-142.3571014404297,1.861673567030165
5KPH_6_2_5_id21,2.313173770904541,3.553123712539673,89.89208333333333,0.74,6,2,92.7713888888889,0.8022125959396362,36.551605,74.306145,-139.9327850341797,1.9138372209337025
5KPH_6_2_5_id22,0.9988779425621033,4.360926628112793,95.32833333333332,0.81,6,2,92.7713888888889,0.8022125959396362,36.551605,74.306145,-136.8402557373047,1.852522956000434
5KPH_6_2_5_id23,0.8489904403686523,5.907853603363037,94.88402777777776,0.8,6,2,92.7713888888889,0.8022125959396362,36.551605,74.306145,-141.8575897216797,1.8180469936794703
5KPH_6_2_5_id3,0.7986985445022583,5.6571173667907715,94.36388888888888,0.79,6,2,92.7713888888889,0.8022125959396362,36.551605,74.306145,-143.49972534179688,1.843587663438585
5KPH_6_2_5_id4,0.7453845143318176,4.266409397125244,89.18805555555556,0.69,6,2,92.7713888888889,0.8022125959396362,36.551605,74.306145,-140.067138671875,1.924998813205295
5KPH_6_2_5_id5,0.8427516222000122,3.467215061187744,93.58291666666666,0.77,6,2,92.7713888888889,0.8022125959396362,36.551605,74.306145,-141.90821838378906,1.8184534708658853
5KPH_6_2_5_id6,0.8669719696044922,3.9101057052612305,92.0075,0.75,6,2,92.7713888888889,0.8022125959396362,36.551605,74.306145,-141.79505920410156,1.750058386060927
5KPH_6_2_5_id7,0.8344180583953857,3.9392271041870117,91.89444444444445,0.75,6,2,92.7713888888889,0.8022125959396362,36.551605,74.306145,-142.01724243164062,1.7917402055528429
5KPH_6_2_5_id8,0.9229238033294678,3.716339588165283,92.89069444444443,0.77,6,2,92.7713888888889,0.8022125959396362,36.551605,74.306145,-141.2845916748047,1.7852696312798395
5KPH_6_2_5_id9,0.871695876121521,4.895904064178467,91.80055555555556,0.74,6,2,92.7713888888889,0.8022125959396362,36.551605,74.306145,-140.54116821289062,1.8007486131456163
5KPH_6_2_8_id0,0.8914083242416382,2.6666512489318848,91.19166666666666,0.75,6,2,88.33208333333333,0.964285373687744,37.639847,71.18866,-138.1116943359375,1.9034962124294703
5KPH_6_2_8_id1,2.1329123973846436,3.8050477504730225,91.22027777777778,0.75,6,2,88.33208333333333,0.964285373687744,37.639847,71.18866,-139.74493408203125,1.814337412516276
5KPH_6_2_8_id10,1.2796016931533813,3.97037410736084,94.77541666666669,0.82,6,2,88.33208333333333,0.964285373687744,37.639847,71.18866,-139.31471252441406,2.086043039957682
5KPH_6_2_8_id11,2.0020811557769775,3.8105735778808594,93.52833333333332,0.76,6,2,88.33208333333333,0.964285373687744,37.639847,71.18866,-139.77272033691406,1.957841873168945
5KPH_6_2_8_id12,0.8334153294563293,3.7268290519714355,90.97291666666666,0.72,6,2,88.33208333333333,0.964285373687744,37.639847,71.18866,-138.99993896484375,2.029988394843208
5KPH_6_2_8_id13,1.4068706035614014,3.694801092147827,90.51625,0.73,6,2,88.33208333333333,0.964285373687744,37.639847,71.18866,-138.90005493164062,1.8859515719943576
5KPH_6_2_8_id14,1.1696054935455322,4.458454132080078,93.15555555555557,0.78,6,2,88.33208333333333,0.964285373687744,37.639847,71.18866,-139.24014282226562,1.9616610209147136
5KPH_6_2_8_id15,1.2452648878097534,4.491103649139404,95.04708333333332,0.8,6,2,88.33208333333333,0.964285373687744,37.639847,71.18866,-136.69894409179688,2.015399932861328
5KPH_6_2_8_id16,1.1116472482681274,4.315786361694336,90.11791666666666,0.71,6,2,88.33208333333333,0.964285373687744,37.639847,71.18866,-139.55303955078125,2.080067104763455
5KPH_6_2_8_id17,1.0275752544403076,5.73447322845459,93.57847222222222,0.79,6,2,88.33208333333333,0.964285373687744,37.639847,71.18866,-138.02313232421875,2.0611184438069663
5KPH_6_2_8_id18,2.0133392810821533,3.9776811599731445,88.58666666666666,0.69,6,2,88.33208333333333,0.964285373687744,37.639847,71.18866,-138.11163330078125,1.9606136745876737
5KPH_6_2_8_id19,1.5331358909606934,4.239288806915283,89.49166666666666,0.7,6,2,88.33208333333333,0.964285373687744,37.639847,71.18866,-138.6953887939453,1.9749158223470047
5KPH_6_2_8_id2,1.6598188877105713,3.488036870956421,88.94236111111111,0.71,6,2,88.33208333333333,0.964285373687744,37.639847,71.18866,-139.3000946044922,1.8468505011664496
5KPH_6_2_8_id20,1.4702755212783813,3.477768898010254,92.31805555555556,0.76,6,2,88.33208333333333,0.964285373687744,37.639847,71.18866,-139.1344757080078,1.9784073299831813
5KPH_6_2_8_id21,0.7098238468170166,3.263763666152954,94.61680555555556,0.79,6,2,88.33208333333333,0.964285373687744,37.639847,71.18866,-139.6231689453125,2.0624023013644748
5KPH_6_2_8_id22,0.9675325751304626,6.262009143829346,95.21097222222222,0.81,6,2,88.33208333333333,0.964285373687744,37.639847,71.18866,-138.8353729248047,1.9939017825656469
5KPH_6_2_8_id23,0.6713066101074219,6.057561874389648,94.59416666666664,0.8,6,2,88.33208333333333,0.964285373687744,37.639847,71.18866,-138.14166259765625,2.0799999237060547
5KPH_6_2_8_id3,1.112724781036377,5.9796905517578125,95.86305555555556,0.83,6,2,88.33208333333333,0.964285373687744,37.639847,71.18866,-139.31393432617188,2.1398101382785373
5KPH_6_2_8_id4,0.8674145936965942,3.7736990451812744,93.95305555555557,0.78,6,2,88.33208333333333,0.964285373687744,37.639847,71.18866,-139.39584350585938,1.9044958750406904
5KPH_6_2_8_id5,0.8886328339576721,6.366220951080322,94.30347222222224,0.8,6,2,88.33208333333333,0.964285373687744,37.639847,71.18866,-140.25881958007812,1.9741054111056853
5KPH_6_2_8_id6,0.5981253981590271,3.4335010051727295,92.57041666666666,0.76,6,2,88.33208333333333,0.964285373687744,37.639847,71.18866,-137.426513671875,1.897271262274848
5KPH_6_2_8_id7,1.0636069774627686,6.204938888549805,93.94972222222222,0.79,6,2,88.33208333333333,0.964285373687744,37.639847,71.18866,-139.33258056640625,1.988787121242947
5KPH_6_2_8_id8,2.1705355644226074,3.6252005100250244,91.52138888888892,0.75,6,2,88.33208333333333,0.964285373687744,37.639847,71.18866,-139.66250610351562,1.800939771864149
5KPH_6_2_8_id9,1.922003984451294,4.128391742706299,92.76791666666666,0.78,6,2,88.33208333333333,0.964285373687744,37.639847,71.18866,-138.3133087158203,1.9386155870225688
5KPH_6_2_9_id0,0.719468891620636,5.987919330596924,95.08180555555556,0.82,6,2,91.2063888888889,0.6496339440345764,36.16262,73.668304,-143.11279296875,1.9564196268717449
5KPH_6_2_9_id1,0.6861327886581421,5.7827630043029785,93.18527777777778,0.79,6,2,91.2063888888889,0.6496339440345764,36.16262,73.668304,-143.36611938476562,1.985616472032335
5KPH_6_2_9_id10,0.6565089225769043,5.885722637176514,94.8822222222222,0.81,6,2,91.2063888888889,0.6496339440345764,36.16262,73.668304,-142.13954162597656,1.91435792711046
5KPH_6_2_9_id11,0.7880409955978394,5.1177778244018555,94.62875,0.81,6,2,91.2063888888889,0.6496339440345764,36.16262,73.668304,-143.072021484375,1.9099799262152777
5KPH_6_2_9_id12,0.660858154296875,5.771627902984619,96.0688888888889,0.83,6,2,91.2063888888889,0.6496339440345764,36.16262,73.668304,-140.17123413085938,2.030267079671224
5KPH_6_2_9_id13,0.828612744808197,5.660491943359375,94.395,0.8,6,2,91.2063888888889,0.6496339440345764,36.16262,73.668304,-144.29364013671875,1.7633561028374567
5KPH_6_2_9_id14,0.6006664633750916,5.986896991729736,96.09319444444444,0.83,6,2,91.2063888888889,0.6496339440345764,36.16262,73.668304,-143.30763244628906,1.878766165839301
5KPH_6_2_9_id15,0.6495325565338135,5.999920845031738,96.52694444444444,0.83,6,2,91.2063888888889,0.6496339440345764,36.16262,73.668304,-143.34616088867188,2.02986314561632
5KPH_6_2_9_id16,0.686248779296875,5.64471435546875,94.5626388888889,0.81,6,2,91.2063888888889,0.6496339440345764,36.16262,73.668304,-143.77752685546875,1.76658206515842
5KPH_6_2_9_id17,0.856957197189331,5.803167819976807,89.60527777777777,0.72,6,2,91.2063888888889,0.6496339440345764,36.16262,73.668304,-142.74826049804688,1.865600162082248
5KPH_6_2_9_id18,0.8282362222671509,6.01271390914917,96.02402777777776,0.83,6,2,91.2063888888889,0.6496339440345764,36.16262,73.668304,-143.29409790039062,1.8517602284749348
5KPH_6_2_9_id19,0.6499258279800415,5.880343437194824,94.72125,0.81,6,2,91.2063888888889,0.6496339440345764,36.16262,73.668304,-141.09608459472656,1.9908989800347223
5KPH_6_2_9_id2,0.7795497179031372,5.559426307678223,94.70444444444443,0.81,6,2,91.2063888888889,0.6496339440345764,36.16262,73.668304,-142.6703338623047,1.856493420071072
5KPH_6_2_9_id20,0.8397208452224731,4.405830383300781,92.79958333333332,0.78,6,2,91.2063888888889,0.6496339440345764,36.16262,73.668304,-138.99105834960938,1.757812288072374
5KPH_6_2_9_id21,0.6923469305038452,5.880865573883057,94.63097222222224,0.81,6,2,91.2063888888889,0.6496339440345764,36.16262,73.668304,-142.799072265625,1.8804605272081163
5KPH_6_2_9_id22,0.8308918476104736,5.846689701080322,95.205,0.81,6,2,91.2063888888889,0.6496339440345764,36.16262,73.668304,-142.51007080078125,1.808571285671658
5KPH_6_2_9_id23,0.7483539581298828,5.6030778884887695,95.13694444444442,0.82,6,2,91.2063888888889,0.6496339440345764,36.16262,73.668304,-143.55072021484375,1.868130577935113
5KPH_6_2_9_id3,0.7580255270004272,6.065702438354492,96.15569444444446,0.83,6,2,91.2063888888889,0.6496339440345764,36.16262,73.668304,-140.9939422607422,1.958285437689887
5KPH_6_2_9_id4,0.6490647792816162,5.774361610412598,95.73874999999998,0.82,6,2,91.2063888888889,0.6496339440345764,36.16262,73.668304,-141.9453582763672,1.8909823099772136
5KPH_6_2_9_id5,0.6725175976753235,5.882615089416504,94.41305555555556,0.81,6,2,91.2063888888889,0.6496339440345764,36.16262,73.668304,-141.38406372070312,1.9273156060112848
5KPH_6_2_9_id6,0.7341684103012085,5.4380974769592285,94.83958333333334,0.81,6,2,91.2063888888889,0.6496339440345764,36.16262,73.668304,-143.35684204101562,1.923908869425456
5KPH_6_2_9_id7,0.7665900588035583,5.47056770324707,93.67222222222222,0.79,6,2,91.2063888888889,0.6496339440345764,36.16262,73.668304,-142.00143432617188,1.780548095703125
5KPH_6_2_9_id8,0.6780455708503723,5.797330856323242,95.93430555555555,0.83,6,2,91.2063888888889,0.6496339440345764,36.16262,73.668304,-142.34693908691406,1.9203455183241105
5KPH_6_2_9_id9,0.5605053305625916,5.949563503265381,95.86319444444445,0.82,6,2,91.2063888888889,0.6496339440345764,36.16262,73.668304,-142.04185485839844,1.923103756374783
5KPH_6_4_0_id0,0.47370731830596924,6.072671890258789,95.77125,0.82,6,4,95.16847222222222,0.7460151314735413,36.54233,75.78509,-145.099365234375,2.015925089518229
5KPH_6_4_0_id1,0.564846396446228,6.0217742919921875,94.69916666666668,0.81,6,4,95.16847222222222,0.7460151314735413,36.54233,75.78509,-143.86700439453125,2.048857794867621
5KPH_6_4_0_id10,0.7197725772857666,4.147746562957764,94.39625,0.8,6,4,95.16847222222222,0.7460151314735413,36.54233,75.78509,-143.47557067871094,2.084405899047852
5KPH_6_4_0_id11,0.602026641368866,5.997874736785889,93.59847222222224,0.78,6,4,95.16847222222222,0.7460151314735413,36.54233,75.78509,-144.45037841796875,2.0332378811306424
5KPH_6_4_0_id12,0.589776337146759,6.167208671569824,95.11319444444445,0.81,6,4,95.16847222222222,0.7460151314735413,36.54233,75.78509,-145.8896026611328,2.043824301825629
5KPH_6_4_0_id13,0.6585813164710999,6.176701068878174,94.94555555555556,0.81,6,4,95.16847222222222,0.7460151314735413,36.54233,75.78509,-143.410888671875,2.0634966956244574
5KPH_6_4_0_id14,0.6281813979148865,6.123528480529785,94.05791666666669,0.79,6,4,95.16847222222222,0.7460151314735413,36.54233,75.78509,-145.11746215820312,2.0266204410129123
5KPH_6_4_0_id15,0.5653785467147827,6.203953742980957,96.14597222222224,0.82,6,4,95.16847222222222,0.7460151314735413,36.54233,75.78509,-143.7832489013672,2.086551242404514
5KPH_6_4_0_id16,0.5288901329040527,6.12172269821167,95.50125,0.81,6,4,95.16847222222222,0.7460151314735413,36.54233,75.78509,-144.71730041503906,2.083502875434028
5KPH_6_4_0_id17,0.5285909175872803,6.028370380401611,94.77277777777778,0.81,6,4,95.16847222222222,0.7460151314735413,36.54233,75.78509,-144.29241943359375,2.069787131415473
5KPH_6_4_0_id18,0.485496461391449,6.005220890045166,94.70263888888888,0.8,6,4,95.16847222222222,0.7460151314735413,36.54233,75.78509,-145.5496826171875,1.994204627143012
5KPH_6_4_0_id19,0.5850335955619812,6.10197639465332,95.8123611111111,0.82,6,4,95.16847222222222,0.7460151314735413,36.54233,75.78509,-145.28402709960938,2.1088405185275607
5KPH_6_4_0_id2,0.5065557956695557,6.048311710357666,95.51180555555555,0.81,6,4,95.16847222222222,0.7460151314735413,36.54233,75.78509,-144.71160888671875,2.048746532864041
5KPH_6_4_0_id20,0.586629331111908,3.9867324829101562,92.4238888888889,0.73,6,4,95.16847222222222,0.7460151314735413,36.54233,75.78509,-143.14418029785156,1.9881324768066408
5KPH_6_4_0_id21,0.5205309391021729,6.056078910827637,95.79652777777778,0.82,6,4,95.16847222222222,0.7460151314735413,36.54233,75.78509,-144.06565856933594,2.050896750556098
5KPH_6_4_0_id22,0.5898980498313904,6.08939266204834,95.8001388888889,0.82,6,4,95.16847222222222,0.7460151314735413,36.54233,75.78509,-145.15377807617188,2.013708326551649
5KPH_6_4_0_id23,0.4798031747341156,6.052224636077881,94.94083333333332,0.81,6,4,95.16847222222222,0.7460151314735413,36.54233,75.78509,-144.674560546875,2.075159072875977
5KPH_6_4_0_id3,0.497226744890213,6.079261779785156,96.23305555555557,0.82,6,4,95.16847222222222,0.7460151314735413,36.54233,75.78509,-144.14515686035156,1.979951010810004
5KPH_6_4_0_id4,0.4879814386367798,6.131096839904785,96.2684722222222,0.83,6,4,95.16847222222222,0.7460151314735413,36.54233,75.78509,-143.98110961914062,2.048059463500977
5KPH_6_4_0_id5,0.4546036422252655,5.8765645027160645,94.12652777777777,0.8,6,4,95.16847222222222,0.7460151314735413,36.54233,75.78509,-142.87428283691406,2.019109090169271
5KPH_6_4_0_id6,0.573840856552124,6.047489643096924,94.24125,0.8,6,4,95.16847222222222,0.7460151314735413,36.54233,75.78509,-144.8421173095703,2.013888465033637
5KPH_6_4_0_id7,0.5906254649162292,6.082317352294922,95.3877777777778,0.81,6,4,95.16847222222222,0.7460151314735413,36.54233,75.78509,-145.8356170654297,1.994789123535156
5KPH_6_4_0_id8,0.5262278914451599,6.092892169952393,94.9173611111111,0.81,6,4,95.16847222222222,0.7460151314735413,36.54233,75.78509,-144.90087890625,2.0047704908582897
5KPH_6_4_0_id9,0.549170970916748,6.075021266937256,95.27361111111112,0.8,6,4,95.16847222222222,0.7460151314735413,36.54233,75.78509,-143.82345581054688,2.046264224582248
5KPH_6_4_1_id0,0.6270765066146851,5.670897960662842,93.95902777777778,0.77,6,4,90.5684722222222,0.8328031301498413,37.31248,74.65957,-138.66665649414062,2.158698187934028
5KPH_6_4_1_id1,1.6119070053100586,4.202765464782715,86.89305555555556,0.66,6,4,90.5684722222222,0.8328031301498413,37.31248,74.65957,-139.51290893554688,2.049578772650825
5KPH_6_4_1_id10,0.8911508321762085,6.067346096038818,94.82194444444444,0.81,6,4,90.5684722222222,0.8328031301498413,37.31248,74.65957,-142.6431884765625,2.166845533582899
5KPH_6_4_1_id11,0.7023735642433167,5.81174373626709,94.37013888888887,0.8,6,4,90.5684722222222,0.8328031301498413,37.31248,74.65957,-140.19610595703125,2.1274712880452475
5KPH_6_4_1_id12,0.8126305341720581,5.365800857543945,91.3073611111111,0.74,6,4,90.5684722222222,0.8328031301498413,37.31248,74.65957,-141.944580078125,2.050971984863281
5KPH_6_4_1_id13,0.5594481825828552,6.0947184562683105,95.75944444444444,0.81,6,4,90.5684722222222,0.8328031301498413,37.31248,74.65957,-140.15765380859375,2.083391401502821
5KPH_6_4_1_id14,2.055562973022461,3.882875442504883,93.9975,0.8,6,4,90.5684722222222,0.8328031301498413,37.31248,74.65957,-140.1370391845703,2.154542922973633
5KPH_6_4_1_id15,0.7678888440132141,4.263380527496338,91.41958333333334,0.73,6,4,90.5684722222222,0.8328031301498413,37.31248,74.65957,-139.9023895263672,2.2105734083387585
5KPH_6_4_1_id16,0.6039707064628601,6.015347480773926,95.89208333333336,0.81,6,4,90.5684722222222,0.8328031301498413,37.31248,74.65957,-141.3722686767578,2.136761559380425
5KPH_6_4_1_id17,0.7492178082466125,5.550595760345459,93.64944444444444,0.78,6,4,90.5684722222222,0.8328031301498413,37.31248,74.65957,-141.55714416503906,2.15706041124132
5KPH_6_4_1_id18,0.7525250315666199,5.695349216461182,94.05388888888888,0.79,6,4,90.5684722222222,0.8328031301498413,37.31248,74.65957,-141.66525268554688,2.070746103922526
5KPH_6_4_1_id19,0.6998531222343445,5.68315315246582,94.02527777777776,0.79,6,4,90.5684722222222,0.8328031301498413,37.31248,74.65957,-139.81698608398438,1.960568110148112
5KPH_6_4_1_id2,0.7553450465202332,5.4274492263793945,90.45319444444443,0.71,6,4,90.5684722222222,0.8328031301498413,37.31248,74.65957,-140.3345489501953,2.040672090318468
5KPH_6_4_1_id20,0.8264868855476379,4.561636924743652,91.18666666666668,0.74,6,4,90.5684722222222,0.8328031301498413,37.31248,74.65957,-138.91860961914062,1.9766483306884768
5KPH_6_4_1_id21,0.9523020386695862,4.293433666229248,92.52486111111112,0.77,6,4,90.5684722222222,0.8328031301498413,37.31248,74.65957,-140.78475952148438,2.098688337537977
5KPH_6_4_1_id22,0.4715648293495178,5.020355224609375,93.27541666666669,0.78,6,4,90.5684722222222,0.8328031301498413,37.31248,74.65957,-141.82864379882812,2.026085535685221
5KPH_6_4_1_id23,0.9389209747314453,5.753420829772949,90.77791666666668,0.72,6,4,90.5684722222222,0.8328031301498413,37.31248,74.65957,-140.2171630859375,2.0775523715549045
5KPH_6_4_1_id3,0.7279947400093079,5.7936787605285645,92.45611111111111,0.75,6,4,90.5684722222222,0.8328031301498413,37.31248,74.65957,-141.816650390625,2.023254818386502
5KPH_6_4_1_id4,0.7545923590660095,4.431187629699707,90.69638888888888,0.71,6,4,90.5684722222222,0.8328031301498413,37.31248,74.65957,-142.04055786132812,2.0681468115912542
5KPH_6_4_1_id5,0.6272068619728088,5.680020809173584,92.80555555555556,0.76,6,4,90.5684722222222,0.8328031301498413,37.31248,74.65957,-142.1046600341797,2.065830866495768
5KPH_6_4_1_id6,0.6058580279350281,4.94765567779541,91.02611111111112,0.73,6,4,90.5684722222222,0.8328031301498413,37.31248,74.65957,-140.43167114257812,2.125292248196072
5KPH_6_4_1_id7,0.8541908264160156,3.9728951454162598,89.42680555555555,0.71,6,4,90.5684722222222,0.8328031301498413,37.31248,74.65957,-139.68031311035156,2.133424546983507
5KPH_6_4_1_id8,0.7339335680007935,4.567921161651611,91.6348611111111,0.72,6,4,90.5684722222222,0.8328031301498413,37.31248,74.65957,-142.13577270507812,2.007390340169271
5KPH_6_4_1_id9,0.7390162944793701,4.585927486419678,93.24625,0.79,6,4,90.5684722222222,0.8328031301498413,37.31248,74.65957,-140.20375061035156,2.014652464124892
5KPH_6_4_4_id0,0.7516375184059143,5.717491626739502,95.3025,0.81,6,4,93.83625,0.5706783533096313,37.997528,76.66404,-139.99908447265625,1.9895521799723308
5KPH_6_4_4_id1,0.8561174869537354,6.115046977996826,95.25694444444444,0.81,6,4,93.83625,0.5706783533096313,37.997528,76.66404,-142.342529296875,1.894232432047526
5KPH_6_4_4_id10,0.6798478960990906,5.7394938468933105,95.0497222222222,0.81,6,4,93.83625,0.5706783533096313,37.997528,76.66404,-141.51229858398438,2.029759301079644
5KPH_6_4_4_id11,0.9086074233055115,6.107540130615234,96.6025,0.83,6,4,93.83625,0.5706783533096313,37.997528,76.66404,-141.8832244873047,2.0655396779378257
5KPH_6_4_4_id12,0.7285782694816589,5.6498942375183105,94.64472222222224,0.79,6,4,93.83625,0.5706783533096313,37.997528,76.66404,-142.45001220703125,2.127168867323133
5KPH_6_4_4_id13,0.7203626036643982,5.78296422958374,94.01125,0.79,6,4,93.83625,0.5706783533096313,37.997528,76.66404,-139.51144409179688,2.005671183268229
5KPH_6_4_4_id14,0.7182568907737732,5.861539840698242,96.51013888888887,0.84,6,4,93.83625,0.5706783533096313,37.997528,76.66404,-142.55467224121094,2.086742189195421
5KPH_6_4_4_id15,0.7188569903373718,5.971013069152832,96.60833333333332,0.83,6,4,93.83625,0.5706783533096313,37.997528,76.66404,-140.75192260742188,2.104024887084961
5KPH_6_4_4_id16,0.6341094374656677,5.757057189941406,95.43638888888889,0.82,6,4,93.83625,0.5706783533096313,37.997528,76.66404,-139.00473022460938,2.126516554090712
5KPH_6_4_4_id17,0.6855603456497192,5.810464382171631,95.22527777777776,0.81,6,4,93.83625,0.5706783533096313,37.997528,76.66404,-142.44290161132812,2.0283300611707897
5KPH_6_4_4_id18,0.7080879807472229,5.689242362976074,94.38388888888888,0.8,6,4,93.83625,0.5706783533096313,37.997528,76.66404,-141.97642517089844,1.9710867140028208
5KPH_6_4_4_id19,0.781628429889679,5.590934753417969,96.11472222222224,0.81,6,4,93.83625,0.5706783533096313,37.997528,76.66404,-140.9913787841797,1.95652347140842
5KPH_6_4_4_id2,0.6734224557876587,5.934463024139404,95.96972222222222,0.82,6,4,93.83625,0.5706783533096313,37.997528,76.66404,-142.2083740234375,2.082575692070855
5KPH_6_4_4_id20,0.811225175857544,6.0447468757629395,95.85125,0.8,6,4,93.83625,0.5706783533096313,37.997528,76.66404,-140.9423828125,2.063779830932617
5KPH_6_4_4_id21,0.8126574158668518,6.0466227531433105,96.13458333333332,0.81,6,4,93.83625,0.5706783533096313,37.997528,76.66404,-142.6263427734375,1.9879171583387587
5KPH_6_4_4_id22,0.8180597424507141,4.259686470031738,96.47555555555556,0.82,6,4,93.83625,0.5706783533096313,37.997528,76.66404,-141.2898406982422,2.016380733913845
5KPH_6_4_4_id23,0.7558073997497559,5.63657283782959,94.8047222222222,0.81,6,4,93.83625,0.5706783533096313,37.997528,76.66404,-142.6004638671875,2.1444134182400174
5KPH_6_4_4_id3,0.7448845505714417,5.680303573608398,94.77972222222223,0.81,6,4,93.83625,0.5706783533096313,37.997528,76.66404,-141.61199951171875,2.090765635172526
5KPH_6_4_4_id4,0.7030168771743774,5.488341808319092,95.76513888888888,0.81,6,4,93.83625,0.5706783533096313,37.997528,76.66404,-141.36497497558594,1.95590337117513
5KPH_6_4_4_id5,0.6734780669212341,5.69012975692749,94.94652777777776,0.81,6,4,93.83625,0.5706783533096313,37.997528,76.66404,-142.37905883789062,2.012539121839735
5KPH_6_4_4_id6,0.892021656036377,6.009366512298584,95.94444444444444,0.82,6,4,93.83625,0.5706783533096313,37.997528,76.66404,-141.34193420410156,2.031128777398004
5KPH_6_4_4_id7,0.773516058921814,6.131026744842529,95.44402777777778,0.81,6,4,93.83625,0.5706783533096313,37.997528,76.66404,-142.5493927001953,1.9823339250352647
5KPH_6_4_4_id8,0.7101593613624573,5.631816864013672,94.53041666666668,0.8,6,4,93.83625,0.5706783533096313,37.997528,76.66404,-141.2183380126953,1.9921773274739585
5KPH_6_4_4_id9,0.6143712997436523,5.842074871063232,95.56819444444444,0.82,6,4,93.83625,0.5706783533096313,37.997528,76.66404,-142.210693359375,2.0236002604166665
5KPH_6_6_8_id0,0.6069781184196472,6.04133939743042,95.80722222222222,0.82,6,6,90.275,0.815863311290741,37.280243,76.00269,-140.32196044921875,1.967285580105252
5KPH_6_6_8_id1,0.5464043617248535,5.9820404052734375,95.61416666666666,0.82,6,6,90.275,0.815863311290741,37.280243,76.00269,-142.96795654296875,2.0702730814615884
5KPH_6_6_8_id10,0.7099836468696594,5.5642242431640625,92.72763888888888,0.76,6,6,90.275,0.815863311290741,37.280243,76.00269,-140.30445861816406,1.95051023695204
5KPH_6_6_8_id11,0.7520989775657654,5.586363792419434,94.01611111111112,0.8,6,6,90.275,0.815863311290741,37.280243,76.00269,-141.4083251953125,1.9177964528401688
5KPH_6_6_8_id12,0.5472026467323303,5.872866630554199,95.27875,0.82,6,6,90.275,0.815863311290741,37.280243,76.00269,-142.5576629638672,2.007209142049154
5KPH_6_6_8_id13,0.7547605037689209,5.944092750549316,93.0461111111111,0.77,6,6,90.275,0.815863311290741,37.280243,76.00269,-138.89434814453125,1.9366056654188368
5KPH_6_6_8_id14,0.7744278907775879,5.248246669769287,94.98791666666666,0.81,6,6,90.275,0.815863311290741,37.280243,76.00269,-140.9465789794922,1.8474532233344183
5KPH_6_6_8_id15,0.6879957318305969,6.09385871887207,95.19083333333334,0.82,6,6,90.275,0.815863311290741,37.280243,76.00269,-140.7052459716797,2.0606778462727866
5KPH_6_6_8_id16,0.6337667107582092,6.027711391448975,95.54333333333336,0.82,6,6,90.275,0.815863311290741,37.280243,76.00269,-141.71160888671875,2.0614727867974176
5KPH_6_6_8_id17,0.5590345859527588,5.951667785644531,94.68541666666664,0.81,6,6,90.275,0.815863311290741,37.280243,76.00269,-143.67776489257812,2.0368626912434897
5KPH_6_6_8_id18,0.6003381609916687,5.925724029541016,94.89847222222222,0.81,6,6,90.275,0.815863311290741,37.280243,76.00269,-141.6943817138672,1.9480378892686632
5KPH_6_6_8_id19,0.5612238049507141,5.972757339477539,95.59166666666668,0.82,6,6,90.275,0.815863311290741,37.280243,76.00269,-142.6301727294922,2.06626468234592
5KPH_6_6_8_id2,0.5801319479942322,5.685000419616699,93.12833333333332,0.79,6,6,90.275,0.815863311290741,37.280243,76.00269,-140.96795654296875,2.012332068549262
5KPH_6_6_8_id20,0.6191126704216003,5.820505619049072,94.09347222222222,0.79,6,6,90.275,0.815863311290741,37.280243,76.00269,-140.61996459960938,1.98992919921875
5KPH_6_6_8_id21,0.5959768295288086,5.967958927154541,94.80430555555556,0.81,6,6,90.275,0.815863311290741,37.280243,76.00269,-140.31588745117188,2.07609134250217
5KPH_6_6_8_id22,0.673360288143158,5.9647674560546875,95.07916666666668,0.81,6,6,90.275,0.815863311290741,37.280243,76.00269,-140.90750122070312,2.0530319213867188
5KPH_6_6_8_id23,0.666555643081665,6.1128926277160645,94.71708333333332,0.8,6,6,90.275,0.815863311290741,37.280243,76.00269,-140.4040985107422,2.0831991831461587
5KPH_6_6_8_id3,0.5981957912445068,6.086953639984131,95.72736111111112,0.82,6,6,90.275,0.815863311290741,37.280243,76.00269,-142.2283477783203,1.960262722439236
5KPH_6_6_8_id4,0.5737259984016418,6.059669017791748,95.98597222222222,0.82,6,6,90.275,0.815863311290741,37.280243,76.00269,-142.18475341796875,1.91573969523112
5KPH_6_6_8_id5,0.6287042498588562,6.014553070068359,96.235,0.83,6,6,90.275,0.815863311290741,37.280243,76.00269,-141.82400512695312,2.139460457695855
5KPH_6_6_8_id6,0.5763225555419922,6.088940620422363,96.3059722222222,0.83,6,6,90.275,0.815863311290741,37.280243,76.00269,-142.1617889404297,2.058550092909071
5KPH_6_6_8_id7,0.8383539319038391,5.7194366455078125,92.24736111111112,0.78,6,6,90.275,0.815863311290741,37.280243,76.00269,-137.51629638671875,1.9674856397840712
5KPH_6_6_8_id8,0.6304284930229187,6.146431922912598,96.16166666666666,0.83,6,6,90.275,0.815863311290741,37.280243,76.00269,-142.28228759765625,1.9941122266981337
5KPH_6_6_8_id9,0.612398087978363,5.895818710327148,93.94291666666668,0.79,6,6,90.275,0.815863311290741,37.280243,76.00269,-138.55276489257812,2.0727110968695746
5KPH_8_6_4_id0,0.4881547689437866,7.447025775909424,93.99055555555556,0.79,8,6,92.17777777777776,0.8055733442306519,41.447235,90.385635,-139.3590545654297,1.96406004163954
5KPH_8_6_4_id1,0.6943122148513794,7.361650466918945,94.1588888888889,0.8,8,6,92.17777777777776,0.8055733442306519,41.447235,90.385635,-140.33534240722656,1.9988757239447696
5KPH_8_6_4_id10,0.9069470763206482,6.673137664794922,90.4426388888889,0.71,8,6,92.17777777777776,0.8055733442306519,41.447235,90.385635,-139.27249145507812,2.034742143419054
5KPH_8_6_4_id11,0.6783552765846252,7.5095343589782715,94.61708333333334,0.79,8,6,92.17777777777776,0.8055733442306519,41.447235,90.385635,-141.31802368164062,1.9257647196451824
5KPH_8_6_4_id12,1.780638575553894,5.157893657684326,88.01263888888889,0.66,8,6,92.17777777777776,0.8055733442306519,41.447235,90.385635,-139.6755828857422,1.8753488328721788
5KPH_8_6_4_id13,0.8526804447174072,7.811432361602783,94.74,0.79,8,6,92.17777777777776,0.8055733442306519,41.447235,90.385635,-140.68284606933594,1.997055901421441
5KPH_8_6_4_id14,0.7714350819587708,7.539333343505859,94.455,0.79,8,6,92.17777777777776,0.8055733442306519,41.447235,90.385635,-139.83570861816406,2.1838222079806857
5KPH_8_6_4_id15,0.5841808319091797,7.301843166351318,93.13152777777776,0.77,8,6,92.17777777777776,0.8055733442306519,41.447235,90.385635,-140.97923278808594,2.0064239501953125
5KPH_8_6_4_id16,0.6288490295410156,7.242455959320068,90.37625,0.72,8,6,92.17777777777776,0.8055733442306519,41.447235,90.385635,-139.6856689453125,1.9929885864257808
5KPH_8_6_4_id17,1.117548942565918,6.363166332244873,87.39472222222223,0.65,8,6,92.17777777777776,0.8055733442306519,41.447235,90.385635,-140.5531768798828,2.026161193847656
5KPH_8_6_4_id18,0.6913419365882874,6.856750011444092,94.99472222222224,0.8,8,6,92.17777777777776,0.8055733442306519,41.447235,90.385635,-139.64913940429688,2.0146685706244574
5KPH_8_6_4_id19,0.8799091577529907,7.126382827758789,89.03944444444444,0.7,8,6,92.17777777777776,0.8055733442306519,41.447235,90.385635,-140.94256591796875,1.898572709825304
5KPH_8_6_4_id2,0.7940484285354614,7.677145004272461,94.89625,0.81,8,6,92.17777777777776,0.8055733442306519,41.447235,90.385635,-140.0489044189453,2.0194129943847656
5KPH_8_6_4_id20,1.3369786739349365,6.768622875213623,90.37319444444444,0.7,8,6,92.17777777777776,0.8055733442306519,41.447235,90.385635,-140.39065551757812,1.9287728203667536
5KPH_8_6_4_id21,0.8154575824737549,6.82810115814209,90.04944444444443,0.73,8,6,92.17777777777776,0.8055733442306519,41.447235,90.385635,-141.0931396484375,1.859554714626736
5KPH_8_6_4_id22,0.647283673286438,7.302941799163818,93.61291666666664,0.78,8,6,92.17777777777776,0.8055733442306519,41.447235,90.385635,-140.4530792236328,2.013731638590494
5KPH_8_6_4_id23,0.6459726095199585,7.435467720031738,93.82125,0.79,8,6,92.17777777777776,0.8055733442306519,41.447235,90.385635,-141.263671875,2.039648056030273
5KPH_8_6_4_id3,0.7598406076431274,5.589213848114014,92.33,0.76,8,6,92.17777777777776,0.8055733442306519,41.447235,90.385635,-141.96463012695312,1.9649607340494792
5KPH_8_6_4_id4,1.783264398574829,3.9590516090393066,84.39638888888891,0.61,8,6,92.17777777777776,0.8055733442306519,41.447235,90.385635,-140.6171875,1.7920496198866105
5KPH_8_6_4_id5,0.7437706589698792,6.778117656707764,92.19416666666667,0.76,8,6,92.17777777777776,0.8055733442306519,41.447235,90.385635,-140.77330017089844,2.028547075059679
5KPH_8_6_4_id6,0.7285671830177307,7.528134346008301,92.92208333333332,0.76,8,6,92.17777777777776,0.8055733442306519,41.447235,90.385635,-139.54139709472656,2.0370506710476346
5KPH_8_6_4_id7,0.6706775426864624,7.463140487670898,92.23305555555557,0.75,8,6,92.17777777777776,0.8055733442306519,41.447235,90.385635,-140.54388427734375,2.010254330105252
5KPH_8_6_4_id8,1.0979151725769043,6.235900402069092,88.61569444444444,0.71,8,6,92.17777777777776,0.8055733442306519,41.447235,90.385635,-138.20811462402344,1.857647789849176
5KPH_8_6_4_id9,1.0830994844436646,7.025430679321289,92.30833333333334,0.73,8,6,92.17777777777776,0.8055733442306519,41.447235,90.385635,-139.7445526123047,2.004341549343533
5KPH_8_8_0_id0,0.8712974786758423,8.12601375579834,92.90138888888887,0.78,8,8,91.66083333333331,0.6021072268486023,43.978207,99.94482,-141.74362182617188,1.9061355590820312
5KPH_8_8_0_id1,0.8590282797813416,5.474531173706055,89.2525,0.69,8,8,91.66083333333331,0.6021072268486023,43.978207,99.94482,-141.91537475585938,1.775296105278863
5KPH_8_8_0_id10,2.4402642250061035,3.047649621963501,88.7,0.69,8,8,91.66083333333331,0.6021072268486023,43.978207,99.94482,-144.06674194335938,1.8042820824517145
5KPH_8_8_0_id11,0.9211738109588623,5.732954502105713,96.79125,0.83,8,8,91.66083333333331,0.6021072268486023,43.978207,99.94482,-144.8657989501953,1.8680890401204424
5KPH_8_8_0_id12,0.848271906375885,6.044092178344727,93.79652777777778,0.78,8,8,91.66083333333331,0.6021072268486023,43.978207,99.94482,-143.56092834472656,1.9116397433810763
5KPH_8_8_0_id13,1.0124261379241943,5.603780269622803,93.6222222222222,0.79,8,8,91.66083333333331,0.6021072268486023,43.978207,99.94482,-142.5460205078125,1.9523887634277344
5KPH_8_8_0_id14,1.008737564086914,5.8057990074157715,91.83375,0.75,8,8,91.66083333333331,0.6021072268486023,43.978207,99.94482,-142.2301025390625,1.9407039218478728
5KPH_8_8_0_id15,0.7760379314422607,5.023045539855957,92.65972222222224,0.74,8,8,91.66083333333331,0.6021072268486023,43.978207,99.94482,-144.76129150390625,1.8181758456759984
5KPH_8_8_0_id16,1.8261308670043945,4.835504055023193,84.74333333333334,0.61,8,8,91.66083333333331,0.6021072268486023,43.978207,99.94482,-144.94189453125,1.7285164727105036
5KPH_8_8_0_id17,0.9948716759681702,7.519110202789307,92.37097222222222,0.77,8,8,91.66083333333331,0.6021072268486023,43.978207,99.94482,-143.22618103027344,1.908390045166016
5KPH_8_8_0_id18,0.6638099551200867,7.688394546508789,94.1065277777778,0.79,8,8,91.66083333333331,0.6021072268486023,43.978207,99.94482,-142.4300079345703,1.782569037543403
5KPH_8_8_0_id19,0.9711493849754333,8.174474716186523,92.69402777777778,0.76,8,8,91.66083333333331,0.6021072268486023,43.978207,99.94482,-142.62493896484375,1.927167892456055
5KPH_8_8_0_id2,0.8726789951324463,7.958070755004883,94.47736111111112,0.8,8,8,91.66083333333331,0.6021072268486023,43.978207,99.94482,-143.25485229492188,1.9303018781873915
5KPH_8_8_0_id20,1.0196287631988525,4.7202043533325195,87.88333333333334,0.7,8,8,91.66083333333331,0.6021072268486023,43.978207,99.94482,-141.9210662841797,1.8679317898220489
5KPH_8_8_0_id21,0.7608407735824585,5.762099742889404,91.65930555555556,0.73,8,8,91.66083333333331,0.6021072268486023,43.978207,99.94482,-143.07772827148438,1.911619398328993
5KPH_8_8_0_id22,0.801050066947937,6.037229061126709,94.24166666666666,0.78,8,8,91.66083333333331,0.6021072268486023,43.978207,99.94482,-144.033935546875,1.9293700324164496
5KPH_8_8_0_id23,1.0106850862503052,8.396869659423828,96.84458333333332,0.84,8,8,91.66083333333331,0.6021072268486023,43.978207,99.94482,-143.68618774414062,1.9315753512912328
5KPH_8_8_0_id3,0.892084002494812,8.108545303344727,94.71333333333332,0.8,8,8,91.66083333333331,0.6021072268486023,43.978207,99.94482,-144.35086059570312,1.8548961215549045
5KPH_8_8_0_id4,2.0994296073913574,5.626215934753418,90.08972222222222,0.75,8,8,91.66083333333331,0.6021072268486023,43.978207,99.94482,-144.4741668701172,1.844830830891927
5KPH_8_8_0_id5,1.0438200235366821,6.293574333190918,94.1175,0.79,8,8,91.66083333333331,0.6021072268486023,43.978207,99.94482,-142.54098510742188,1.858306672837999
5KPH_8_8_0_id6,0.7898542881011963,7.431842803955078,94.6975,0.81,8,8,91.66083333333331,0.6021072268486023,43.978207,99.94482,-140.59844970703125,1.9046510060628248
5KPH_8_8_0_id7,2.141247510910034,2.94488787651062,86.0051388888889,0.61,8,8,91.66083333333331,0.6021072268486023,43.978207,99.94482,-142.44903564453125,1.831244786580404
5KPH_8_8_0_id8,1.8014638423919678,5.773256301879883,89.86638888888889,0.73,8,8,91.66083333333331,0.6021072268486023,43.978207,99.94482,-145.80520629882812,1.8477897644042969
5KPH_8_8_0_id9,0.8097091317176819,3.4968149662017822,92.4765277777778,0.77,8,8,91.66083333333331,0.6021072268486023,43.978207,99.94482,-144.85549926757812,1.910008748372396
5KPH_8_8_5_id0,0.6924554705619812,8.135762214660645,93.91055555555556,0.78,8,8,90.56111111111112,0.6656556725502014,44.083244,101.12967,-136.9185791015625,2.184723748101129
5KPH_8_8_5_id1,0.7074427604675293,7.1467084884643555,91.7813888888889,0.76,8,8,90.56111111111112,0.6656556725502014,44.083244,101.12967,-140.70387268066406,1.8413831922743056
5KPH_8_8_5_id10,1.032443881034851,7.759212493896484,90.45861111111113,0.71,8,8,90.56111111111112,0.6656556725502014,44.083244,101.12967,-140.70652770996094,1.8661062452528208
5KPH_8_8_5_id11,0.6153298616409302,6.043815612792969,91.52430555555556,0.76,8,8,90.56111111111112,0.6656556725502014,44.083244,101.12967,-137.60540771484375,1.886349572075738
5KPH_8_8_5_id12,0.9737774133682251,8.315239906311035,95.67722222222224,0.8,8,8,90.56111111111112,0.6656556725502014,44.083244,101.12967,-138.18136596679688,1.92998292711046
5KPH_8_8_5_id13,3.2205796241760254,1.4005870819091797,86.2459722222222,0.64,8,8,90.56111111111112,0.6656556725502014,44.083244,101.12967,-141.5353240966797,1.693767441643609
5KPH_8_8_5_id14,2.2606418132781982,2.2860543727874756,85.3301388888889,0.61,8,8,90.56111111111112,0.6656556725502014,44.083244,101.12967,-140.70896911621094,1.742102199130588
5KPH_8_8_5_id15,1.3533159494400024,7.534390449523926,88.3698611111111,0.7,8,8,90.56111111111112,0.6656556725502014,44.083244,101.12967,-138.65625,1.6645743052164714
5KPH_8_8_5_id16,0.815837562084198,5.849747180938721,92.78819444444444,0.76,8,8,90.56111111111112,0.6656556725502014,44.083244,101.12967,-138.57566833496094,1.9700164794921875
5KPH_8_8_5_id17,1.51170814037323,7.292771816253662,93.65444444444444,0.79,8,8,90.56111111111112,0.6656556725502014,44.083244,101.12967,-139.6221923828125,1.763604482014974
5KPH_8_8_5_id18,1.0389677286148071,4.651963710784912,91.3651388888889,0.75,8,8,90.56111111111112,0.6656556725502014,44.083244,101.12967,-138.2915496826172,1.822223663330078
5KPH_8_8_5_id19,0.5848085880279541,2.575307607650757,89.50819444444444,0.72,8,8,90.56111111111112,0.6656556725502014,44.083244,101.12967,-139.34779357910156,1.6843637890285916
5KPH_8_8_5_id2,0.653537392616272,7.8089399337768555,91.8613888888889,0.77,8,8,90.56111111111112,0.6656556725502014,44.083244,101.12967,-140.71771240234375,1.8279395633273647
5KPH_8_8_5_id20,0.6515764594078064,7.492981433868408,93.97777777777776,0.79,8,8,90.56111111111112,0.6656556725502014,44.083244,101.12967,-141.29397583007812,1.8568200005425348
5KPH_8_8_5_id21,1.011857271194458,7.691910266876221,92.53541666666666,0.77,8,8,90.56111111111112,0.6656556725502014,44.083244,101.12967,-137.02923583984375,1.90096558464898
5KPH_8_8_5_id22,1.8456271886825562,2.347910165786743,92.8138888888889,0.77,8,8,90.56111111111112,0.6656556725502014,44.083244,101.12967,-138.416259765625,1.9523071712917752
5KPH_8_8_5_id23,0.8630920648574829,5.792723655700684,91.63111111111112,0.75,8,8,90.56111111111112,0.6656556725502014,44.083244,101.12967,-140.71466064453125,1.974169413248698
5KPH_8_8_5_id3,0.6627215147018433,7.743098735809326,90.03291666666667,0.73,8,8,90.56111111111112,0.6656556725502014,44.083244,101.12967,-140.5153350830078,1.8563868204752605
5KPH_8_8_5_id4,0.8403326272964478,7.269431114196777,93.62347222222222,0.78,8,8,90.56111111111112,0.6656556725502014,44.083244,101.12967,-138.40821838378906,1.83479118347168
5KPH_8_8_5_id5,0.8058910965919495,7.731530666351318,92.56194444444444,0.77,8,8,90.56111111111112,0.6656556725502014,44.083244,101.12967,-140.74977111816406,1.858682844373915
5KPH_8_8_5_id6,1.0323307514190674,7.30467414855957,91.18,0.74,8,8,90.56111111111112,0.6656556725502014,44.083244,101.12967,-139.28744506835938,1.7097027036878798
5KPH_8_8_5_id7,0.6059864163398743,5.872045993804932,93.7475,0.78,8,8,90.56111111111112,0.6656556725502014,44.083244,101.12967,-138.80149841308594,1.829734166463216
5KPH_8_8_5_id8,1.1709538698196411,1.756090521812439,83.19694444444445,0.61,8,8,90.56111111111112,0.6656556725502014,44.083244,101.12967,-139.64013671875,1.755674574110243
5KPH_8_8_5_id9,0.7809669375419617,5.908087730407715,91.26722222222222,0.75,8,8,90.56111111111112,0.6656556725502014,44.083244,101.12967,-138.30615234375,1.9517716301812067
5KPH_8_8_9_id0,1.8101726770401,3.275082588195801,91.68138888888888,0.76,8,8,89.40694444444445,0.9552789330482484,43.39029,100.44456,-137.65525817871094,1.9140523274739585
5KPH_8_8_9_id1,0.71100914478302,7.909339904785156,94.58513888888888,0.81,8,8,89.40694444444445,0.9552789330482484,43.39029,100.44456,-135.6579132080078,2.1068977779812283
5KPH_8_8_9_id10,0.9850265383720398,4.594958782196045,95.64138888888888,0.82,8,8,89.40694444444445,0.9552789330482484,43.39029,100.44456,-137.2929229736328,2.0580728318956165
5KPH_8_8_9_id11,1.600266456604004,7.290876865386963,93.07888888888888,0.77,8,8,89.40694444444445,0.9552789330482484,43.39029,100.44456,-137.8627471923828,2.1481312645806208
5KPH_8_8_9_id12,1.3035200834274292,4.643832206726074,95.31402777777777,0.82,8,8,89.40694444444445,0.9552789330482484,43.39029,100.44456,-138.06893920898438,1.876300811767578
5KPH_8_8_9_id13,1.2468534708023071,2.2391860485076904,89.25625,0.74,8,8,89.40694444444445,0.9552789330482484,43.39029,100.44456,-137.57408142089844,2.009063296847873
5KPH_8_8_9_id14,0.9111813902854919,4.344901084899902,93.35319444444444,0.8,8,8,89.40694444444445,0.9552789330482484,43.39029,100.44456,-137.39413452148438,2.131660885281033
5KPH_8_8_9_id15,1.4650870561599731,3.464714765548706,93.88027777777778,0.78,8,8,89.40694444444445,0.9552789330482484,43.39029,100.44456,-138.37989807128906,2.1080260806613498
5KPH_8_8_9_id16,0.8477630615234375,4.453453540802002,94.52902777777778,0.8,8,8,89.40694444444445,0.9552789330482484,43.39029,100.44456,-137.55245971679688,2.066471947564019
5KPH_8_8_9_id17,1.3052610158920288,2.2456674575805664,89.86222222222221,0.75,8,8,89.40694444444445,0.9552789330482484,43.39029,100.44456,-136.4110565185547,2.0253168741861978
5KPH_8_8_9_id18,0.7372658848762512,5.156517028808594,95.02916666666668,0.82,8,8,89.40694444444445,0.9552789330482484,43.39029,100.44456,-136.35975646972656,2.2131139967176647
5KPH_8_8_9_id19,0.6709104776382446,7.8981122970581055,94.86166666666668,0.81,8,8,89.40694444444445,0.9552789330482484,43.39029,100.44456,-137.83261108398438,2.140323638916016
5KPH_8_8_9_id2,1.1264071464538574,3.3039486408233643,92.07097222222222,0.78,8,8,89.40694444444445,0.9552789330482484,43.39029,100.44456,-137.2008514404297,2.2598949008517795
5KPH_8_8_9_id20,0.819780707359314,4.385557651519775,90.69875,0.73,8,8,89.40694444444445,0.9552789330482484,43.39029,100.44456,-137.65638732910156,2.078664355807834
5KPH_8_8_9_id21,1.2150205373764038,2.814772605895996,89.34833333333333,0.73,8,8,89.40694444444445,0.9552789330482484,43.39029,100.44456,-136.6866912841797,2.087522718641493
5KPH_8_8_9_id22,0.7438640594482422,7.474699974060059,92.32944444444443,0.78,8,8,89.40694444444445,0.9552789330482484,43.39029,100.44456,-136.12594604492188,2.15901862250434
5KPH_8_8_9_id23,0.7854533195495605,7.709604263305664,94.7884722222222,0.8,8,8,89.40694444444445,0.9552789330482484,43.39029,100.44456,-137.53561401367188,2.26218499077691
5KPH_8_8_9_id3,1.377963662147522,3.992743968963623,89.2798611111111,0.73,8,8,89.40694444444445,0.9552789330482484,43.39029,100.44456,-138.88323974609375,2.190728929307726
5KPH_8_8_9_id4,1.4257867336273193,7.282625675201416,94.78902777777778,0.81,8,8,89.40694444444445,0.9552789330482484,43.39029,100.44456,-136.21241760253906,1.893423080444336
5KPH_8_8_9_id5,0.7768105268478394,5.111028671264648,92.74291666666666,0.78,8,8,89.40694444444445,0.9552789330482484,43.39029,100.44456,-136.30210876464844,2.1313514709472656
5KPH_8_8_9_id6,1.3235234022140503,7.47444486618042,91.81347222222222,0.77,8,8,89.40694444444445,0.9552789330482484,43.39029,100.44456,-135.1134796142578,2.052789688110352
5KPH_8_8_9_id7,1.2704381942749023,7.238894462585449,91.4011111111111,0.75,8,8,89.40694444444445,0.9552789330482484,43.39029,100.44456,-135.56732177734375,2.1722119649251304
5KPH_8_8_9_id8,0.939531147480011,7.6756086349487305,92.02680555555555,0.78,8,8,89.40694444444445,0.9552789330482484,43.39029,100.44456,-136.05990600585938,2.1471964518229165
5KPH_8_8_9_id9,0.5725135803222656,7.902482986450195,94.86916666666669,0.8,8,8,89.40694444444445,0.9552789330482484,43.39029,100.44456,-137.9013671875,2.2979647318522134
