name,rmsd_start,rmsd_end,plddt,ptm,rmsd_constraint,langevin,single_state_plddt,single_state_rmsd,curvature_mean,curvature_max,U,-PLL
5KPE_2_2_0_id0,1.1435869932174683,1.0511395931243896,89.00666666666667,0.75,2,2,92.71379629629628,0.5859853625297546,20.796156,71.92844,-226.4517364501953,2.546699523925781
5KPE_2_2_0_id1,1.150541067123413,1.1888446807861328,91.23907407407404,0.78,2,2,92.71379629629628,0.5859853625297546,20.796156,71.92844,-226.11328125,2.549955579969618
5KPE_2_2_0_id10,1.1023927927017212,1.266674280166626,87.50129629629629,0.71,2,2,92.71379629629628,0.5859853625297546,20.796156,71.92844,-226.76368713378903,2.67549811469184
5KPE_2_2_0_id11,1.1997967958450317,1.3479351997375488,89.90287037037035,0.76,2,2,92.71379629629628,0.5859853625297546,20.796156,71.92844,-226.96926879882807,2.5559135719581887
5KPE_2_2_0_id12,1.1944276094436646,1.300335168838501,88.66194444444444,0.73,2,2,92.71379629629628,0.5859853625297546,20.796156,71.92844,-224.6067047119141,2.8298746744791665
5KPE_2_2_0_id13,1.6185933351516724,0.9217913746833801,94.90685185185184,0.86,2,2,92.71379629629628,0.5859853625297546,20.796156,71.92844,-222.71771240234372,2.725082397460937
5KPE_2_2_0_id14,1.0431571006774902,1.2718479633331299,88.78750000000001,0.73,2,2,92.71379629629628,0.5859853625297546,20.796156,71.92844,-225.13722229003903,2.5578573721426503
5KPE_2_2_0_id15,1.2085459232330322,1.0892058610916138,90.19712962962964,0.77,2,2,92.71379629629628,0.5859853625297546,20.796156,71.92844,-226.01255798339844,2.5700525354456016
5KPE_2_2_0_id16,0.9931736588478088,1.1666181087493896,91.37435185185186,0.79,2,2,92.71379629629628,0.5859853625297546,20.796156,71.92844,-225.80563354492188,2.66973622639974
5KPE_2_2_0_id17,1.2041233777999878,1.4687063694000244,87.57462962962963,0.7,2,2,92.71379629629628,0.5859853625297546,20.796156,71.92844,-225.5726623535156,2.331635510479962
5KPE_2_2_0_id18,1.2356101274490356,0.895963191986084,91.28657407407408,0.78,2,2,92.71379629629628,0.5859853625297546,20.796156,71.92844,-225.20236206054688,2.7173213252314814
5KPE_2_2_0_id19,1.3747913837432861,1.0023220777511597,92.5125,0.81,2,2,92.71379629629628,0.5859853625297546,20.796156,71.92844,-225.0458984375,2.428759539568866
5KPE_2_2_0_id2,1.217229962348938,1.475590705871582,88.9989814814815,0.72,2,2,92.71379629629628,0.5859853625297546,20.796156,71.92844,-222.64556884765625,2.46747476083261
5KPE_2_2_0_id20,0.9859676957130432,1.2414343357086182,88.87212962962965,0.73,2,2,92.71379629629628,0.5859853625297546,20.796156,71.92844,-226.7736053466797,2.569977371780961
5KPE_2_2_0_id21,1.3118764162063599,1.1913771629333496,88.87481481481481,0.78,2,2,92.71379629629628,0.5859853625297546,20.796156,71.92844,-219.06228637695312,2.624441076208044
5KPE_2_2_0_id22,1.1755551099777222,0.9900906085968018,91.39157407407409,0.79,2,2,92.71379629629628,0.5859853625297546,20.796156,71.92844,-224.9423370361328,2.5241247106481484
5KPE_2_2_0_id23,1.5081698894500732,0.9397940039634705,93.42972222222224,0.83,2,2,92.71379629629628,0.5859853625297546,20.796156,71.92844,-224.7724609375,2.5022413465711804
5KPE_2_2_0_id3,1.4041804075241089,0.9043279886245728,92.36175925925929,0.81,2,2,92.71379629629628,0.5859853625297546,20.796156,71.92844,-225.98291015625,2.4616156684027777
5KPE_2_2_0_id4,1.076316475868225,1.3905062675476074,90.94231481481484,0.76,2,2,92.71379629629628,0.5859853625297546,20.796156,71.92844,-226.65440368652344,2.572651615849248
5KPE_2_2_0_id5,1.1013199090957642,1.2454063892364502,89.36962962962961,0.74,2,2,92.71379629629628,0.5859853625297546,20.796156,71.92844,-227.3218231201172,2.655154758029514
5KPE_2_2_0_id6,1.043883204460144,1.2171317338943481,88.2285185185185,0.71,2,2,92.71379629629628,0.5859853625297546,20.796156,71.92844,-223.57717895507807,2.450540613245081
5KPE_2_2_0_id7,1.2263346910476685,1.6419371366500854,88.97648148148149,0.75,2,2,92.71379629629628,0.5859853625297546,20.796156,71.92844,-223.78509521484372,2.586784080222801
5KPE_2_2_0_id8,1.122436761856079,1.7312076091766357,89.00564814814817,0.75,2,2,92.71379629629628,0.5859853625297546,20.796156,71.92844,-223.47726440429688,2.735746878164786
5KPE_2_2_0_id9,1.0497972965240479,1.3456900119781494,88.46953703703704,0.73,2,2,92.71379629629628,0.5859853625297546,20.796156,71.92844,-221.01998901367188,2.5450592041015625
5KPE_2_2_1_id0,1.2793834209442139,0.9602201581001282,89.62240740740741,0.76,2,2,92.57675925925923,0.5640325546264648,20.498295,71.06506,-227.06118774414065,2.583114624023437
5KPE_2_2_1_id1,1.5338146686553955,0.8909848928451538,92.99555555555554,0.83,2,2,92.57675925925923,0.5640325546264648,20.498295,71.06506,-229.1463928222656,2.6214000560619213
5KPE_2_2_1_id10,1.0827629566192627,1.2998583316802979,90.32555555555555,0.77,2,2,92.57675925925923,0.5640325546264648,20.498295,71.06506,-226.5740509033203,2.5691740247938366
5KPE_2_2_1_id11,1.1611651182174683,1.0294818878173828,88.25648148148147,0.73,2,2,92.57675925925923,0.5640325546264648,20.498295,71.06506,-228.31576538085935,2.460066901312934
5KPE_2_2_1_id12,1.2277014255523682,0.9030621647834778,92.0125,0.78,2,2,92.57675925925923,0.5640325546264648,20.498295,71.06506,-225.0899658203125,2.3932726824725115
5KPE_2_2_1_id13,1.1147563457489014,1.0296499729156494,89.23657407407408,0.75,2,2,92.57675925925923,0.5640325546264648,20.498295,71.06506,-229.0727081298828,2.4211595323350696
5KPE_2_2_1_id14,1.2013580799102783,0.8421437740325928,90.10416666666664,0.77,2,2,92.57675925925923,0.5640325546264648,20.498295,71.06506,-229.2510681152344,2.5033029626916954
5KPE_2_2_1_id15,1.1926745176315308,1.1745507717132568,89.65407407407407,0.76,2,2,92.57675925925923,0.5640325546264648,20.498295,71.06506,-228.8991241455078,2.4558992739076966
5KPE_2_2_1_id16,1.2011182308197021,1.0089011192321777,88.64731481481479,0.74,2,2,92.57675925925923,0.5640325546264648,20.498295,71.06506,-227.1785430908203,2.417570891203704
5KPE_2_2_1_id17,1.2471882104873657,1.2736622095108032,88.76768518518519,0.74,2,2,92.57675925925923,0.5640325546264648,20.498295,71.06506,-230.0426177978516,2.570184213143808
5KPE_2_2_1_id18,1.4212374687194824,1.1662802696228027,94.2925,0.84,2,2,92.57675925925923,0.5640325546264648,20.498295,71.06506,-228.8430633544922,2.6817152235243054
5KPE_2_2_1_id19,1.1667853593826294,1.0182504653930664,91.98064814814812,0.81,2,2,92.57675925925923,0.5640325546264648,20.498295,71.06506,-228.6846160888672,2.307310457582827
5KPE_2_2_1_id2,0.9803401231765747,1.3595616817474365,88.77138888888891,0.73,2,2,92.57675925925923,0.5640325546264648,20.498295,71.06506,-229.86474609375,2.6659413090458624
5KPE_2_2_1_id20,1.135022759437561,1.2678838968276978,90.01694444444445,0.77,2,2,92.57675925925923,0.5640325546264648,20.498295,71.06506,-227.66409301757807,2.554382889359086
5KPE_2_2_1_id21,1.0633245706558228,1.2765147686004639,89.88944444444444,0.74,2,2,92.57675925925923,0.5640325546264648,20.498295,71.06506,-229.16281127929688,2.4589674207899304
5KPE_2_2_1_id22,0.9552844166755676,1.4051098823547363,88.21046296296296,0.73,2,2,92.57675925925923,0.5640325546264648,20.498295,71.06506,-227.5502166748047,2.575826291684751
5KPE_2_2_1_id23,1.194055438041687,1.0947177410125732,89.08259259259258,0.76,2,2,92.57675925925923,0.5640325546264648,20.498295,71.06506,-229.0415954589844,2.6525310940212674
5KPE_2_2_1_id3,1.1890827417373657,1.0277727842330933,90.03944444444443,0.76,2,2,92.57675925925923,0.5640325546264648,20.498295,71.06506,-229.0662078857422,2.5633397985387734
5KPE_2_2_1_id4,1.1069670915603638,1.2603635787963867,89.98990740740743,0.76,2,2,92.57675925925923,0.5640325546264648,20.498295,71.06506,-228.422119140625,2.623220090512876
5KPE_2_2_1_id5,1.146003246307373,1.2448844909667969,87.6539814814815,0.71,2,2,92.57675925925923,0.5640325546264648,20.498295,71.06506,-226.1352386474609,2.5255101521809897
5KPE_2_2_1_id6,1.0588226318359375,1.0993049144744873,89.23518518518519,0.75,2,2,92.57675925925923,0.5640325546264648,20.498295,71.06506,-231.746337890625,2.6794840494791665
5KPE_2_2_1_id7,1.4288009405136108,0.968092679977417,89.67842592592594,0.77,2,2,92.57675925925923,0.5640325546264648,20.498295,71.06506,-228.95822143554688,2.517591405797888
5KPE_2_2_1_id8,1.0608638525009155,1.4508384466171265,90.5862962962963,0.78,2,2,92.57675925925923,0.5640325546264648,20.498295,71.06506,-228.31448364257807,2.5923860337999134
5KPE_2_2_1_id9,1.1178470849990845,1.2487303018569946,89.97916666666669,0.75,2,2,92.57675925925923,0.5640325546264648,20.498295,71.06506,-226.8771514892578,2.348888538501881
5KPE_2_2_2_id0,1.0797810554504395,1.3312829732894897,89.40453703703703,0.72,2,2,92.89212962962964,0.7510219216346741,20.760426,71.897865,-230.03976440429688,2.527136626066985
5KPE_2_2_2_id1,1.1403591632843018,1.329778790473938,89.26138888888889,0.72,2,2,92.89212962962964,0.7510219216346741,20.760426,71.897865,-232.518310546875,2.5978020562065973
5KPE_2_2_2_id10,1.1374485492706299,1.1224428415298462,88.13277777777778,0.73,2,2,92.89212962962964,0.7510219216346741,20.760426,71.897865,-230.7252655029297,2.870197437427662
5KPE_2_2_2_id11,1.1924835443496704,1.0788229703903198,88.70194444444445,0.74,2,2,92.89212962962964,0.7510219216346741,20.760426,71.897865,-229.76449584960935,2.884722674334491
5KPE_2_2_2_id12,1.0723069906234741,1.3919579982757568,89.1338888888889,0.72,2,2,92.89212962962964,0.7510219216346741,20.760426,71.897865,-228.85101318359372,2.519825122974537
5KPE_2_2_2_id13,1.1651488542556763,0.8933135867118835,90.86444444444444,0.81,2,2,92.89212962962964,0.7510219216346741,20.760426,71.897865,-230.45730590820312,2.911464832447193
5KPE_2_2_2_id14,1.1009140014648438,1.2278884649276733,87.97277777777775,0.71,2,2,92.89212962962964,0.7510219216346741,20.760426,71.897865,-230.37921142578125,2.6933130334924766
5KPE_2_2_2_id15,1.1277742385864258,1.2909435033798218,87.32175925925928,0.69,2,2,92.89212962962964,0.7510219216346741,20.760426,71.897865,-229.60415649414065,2.5600758305302374
5KPE_2_2_2_id16,1.0785198211669922,1.278530240058899,89.00333333333332,0.74,2,2,92.89212962962964,0.7510219216346741,20.760426,71.897865,-231.72384643554688,2.536084210431134
5KPE_2_2_2_id17,1.2155864238739014,1.2798141241073608,90.39509259259256,0.76,2,2,92.89212962962964,0.7510219216346741,20.760426,71.897865,-230.20623779296875,2.96331532796224
5KPE_2_2_2_id18,1.117624282836914,1.0226941108703613,90.5525925925926,0.74,2,2,92.89212962962964,0.7510219216346741,20.760426,71.897865,-232.0232391357422,2.5948316786024304
5KPE_2_2_2_id19,1.2523820400238037,1.1030232906341553,89.72416666666668,0.73,2,2,92.89212962962964,0.7510219216346741,20.760426,71.897865,-231.6826629638672,2.643096076117621
5KPE_2_2_2_id2,1.1053715944290161,1.0796090364456177,88.94851851851851,0.73,2,2,92.89212962962964,0.7510219216346741,20.760426,71.897865,-230.44656372070312,2.7074545401114003
5KPE_2_2_2_id20,1.1599112749099731,1.686508297920227,88.25305555555553,0.72,2,2,92.89212962962964,0.7510219216346741,20.760426,71.897865,-227.53941345214844,2.62363123010706
5KPE_2_2_2_id21,1.2127219438552856,1.431409239768982,88.01768518518519,0.7,2,2,92.89212962962964,0.7510219216346741,20.760426,71.897865,-224.7950897216797,2.5730407149703414
5KPE_2_2_2_id22,1.2653474807739258,1.0959848165512085,91.19324074074076,0.79,2,2,92.89212962962964,0.7510219216346741,20.760426,71.897865,-230.20957946777344,2.85495842827691
5KPE_2_2_2_id23,1.2819806337356567,1.7360906600952148,87.82453703703703,0.68,2,2,92.89212962962964,0.7510219216346741,20.760426,71.897865,-229.83819580078125,2.5646254928023726
5KPE_2_2_2_id3,1.0827265977859497,1.4177730083465576,88.97324074074074,0.72,2,2,92.89212962962964,0.7510219216346741,20.760426,71.897865,-231.69561767578125,2.6683067039207176
5KPE_2_2_2_id4,1.2421401739120483,1.4659749269485474,87.55175925925923,0.72,2,2,92.89212962962964,0.7510219216346741,20.760426,71.897865,-232.2534027099609,2.649978355125145
5KPE_2_2_2_id5,1.0559301376342773,1.1915236711502075,88.91796296296296,0.75,2,2,92.89212962962964,0.7510219216346741,20.760426,71.897865,-232.4142608642578,2.6703776606807
5KPE_2_2_2_id6,1.251173734664917,0.945033848285675,90.62305555555557,0.8,2,2,92.89212962962964,0.7510219216346741,20.760426,71.897865,-229.496337890625,2.6387614497432
5KPE_2_2_2_id7,1.1069753170013428,1.3735722303390503,89.21685185185186,0.74,2,2,92.89212962962964,0.7510219216346741,20.760426,71.897865,-231.88803100585935,2.6493134675202548
5KPE_2_2_2_id8,1.0837610960006714,1.2459336519241333,89.67675925925926,0.75,2,2,92.89212962962964,0.7510219216346741,20.760426,71.897865,-231.54278564453125,2.827002066153068
5KPE_2_2_2_id9,1.5047457218170166,1.0144206285476685,91.27675925925924,0.82,2,2,92.89212962962964,0.7510219216346741,20.760426,71.897865,-226.63497924804688,2.6685172186957464
5KPE_2_2_3_id0,1.2159830331802368,0.995695948600769,89.89601851851852,0.75,2,2,93.17296296296298,0.5701616406440735,21.133627,71.355736,-233.6595458984375,2.3691397772894964
5KPE_2_2_3_id1,1.1362322568893433,0.9490401148796082,92.05296296296297,0.8,2,2,93.17296296296298,0.5701616406440735,21.133627,71.355736,-228.3080139160156,2.585674992314092
5KPE_2_2_3_id10,1.4772417545318604,0.8977180123329163,92.1563888888889,0.81,2,2,93.17296296296298,0.5701616406440735,21.133627,71.355736,-232.78744506835935,2.3361727396647134
5KPE_2_2_3_id11,1.143627643585205,0.8858090043067932,91.88407407407404,0.8,2,2,93.17296296296298,0.5701616406440735,21.133627,71.355736,-231.16336059570312,2.2350680033365884
5KPE_2_2_3_id12,1.1682770252227783,1.2640681266784668,90.29055555555551,0.74,2,2,93.17296296296298,0.5701616406440735,21.133627,71.355736,-230.45904541015625,2.5649984854239003
5KPE_2_2_3_id13,1.1424705982208252,0.9669110178947449,92.32129629629632,0.83,2,2,93.17296296296298,0.5701616406440735,21.133627,71.355736,-230.46096801757807,2.610963892053675
5KPE_2_2_3_id14,1.1147522926330566,1.2603166103363037,90.8512037037037,0.76,2,2,93.17296296296298,0.5701616406440735,21.133627,71.355736,-229.31846618652344,2.628151222511574
5KPE_2_2_3_id15,1.296462893486023,0.8480920195579529,90.12157407407408,0.76,2,2,93.17296296296298,0.5701616406440735,21.133627,71.355736,-230.78341674804688,2.351349865948712
5KPE_2_2_3_id16,1.0847584009170532,1.0187718868255615,90.37990740740736,0.79,2,2,93.17296296296298,0.5701616406440735,21.133627,71.355736,-232.4087829589844,2.5385168570059315
5KPE_2_2_3_id17,1.5547689199447632,0.8414344191551208,94.10574074074074,0.85,2,2,93.17296296296298,0.5701616406440735,21.133627,71.355736,-230.98089599609372,2.509717022931134
5KPE_2_2_3_id18,1.1084368228912354,0.9985100626945496,89.5777777777778,0.75,2,2,93.17296296296298,0.5701616406440735,21.133627,71.355736,-230.12564086914065,2.465940122251157
5KPE_2_2_3_id19,1.2003830671310425,0.8522093296051025,91.89120370370372,0.78,2,2,93.17296296296298,0.5701616406440735,21.133627,71.355736,-231.3396759033203,2.479007297092014
5KPE_2_2_3_id2,1.4065263271331787,1.0487713813781738,90.31379629629627,0.79,2,2,93.17296296296298,0.5701616406440735,21.133627,71.355736,-232.5651092529297,2.732339929651331
5KPE_2_2_3_id20,1.1199811697006226,0.9495644569396973,90.1912037037037,0.78,2,2,93.17296296296298,0.5701616406440735,21.133627,71.355736,-227.15963745117188,2.9102071126302085
5KPE_2_2_3_id21,1.4740971326828003,0.771163821220398,93.00055555555556,0.81,2,2,93.17296296296298,0.5701616406440735,21.133627,71.355736,-231.04522705078125,2.4671910603841147
5KPE_2_2_3_id22,1.1792610883712769,1.0871269702911377,87.43314814814815,0.72,2,2,93.17296296296298,0.5701616406440735,21.133627,71.355736,-232.24478149414065,2.544669257269965
5KPE_2_2_3_id23,1.0487598180770874,0.9865458607673645,90.73101851851852,0.77,2,2,93.17296296296298,0.5701616406440735,21.133627,71.355736,-231.08111572265625,2.442667078088831
5KPE_2_2_3_id3,1.2836620807647705,0.8305925130844116,92.04370370370371,0.8,2,2,93.17296296296298,0.5701616406440735,21.133627,71.355736,-230.97817993164065,2.47259521484375
5KPE_2_2_3_id4,1.2608236074447632,0.851582944393158,90.67657407407408,0.79,2,2,93.17296296296298,0.5701616406440735,21.133627,71.355736,-229.91905212402344,2.583809746636285
5KPE_2_2_3_id5,1.3669947385787964,0.8271309733390808,92.33212962962963,0.79,2,2,93.17296296296298,0.5701616406440735,21.133627,71.355736,-227.9139404296875,2.7530760588469327
5KPE_2_2_3_id6,1.3126004934310913,0.674917459487915,92.84657407407408,0.81,2,2,93.17296296296298,0.5701616406440735,21.133627,71.355736,-231.8728790283203,2.613838478370949
5KPE_2_2_3_id7,1.1866244077682495,1.2319380044937134,92.15064814814816,0.81,2,2,93.17296296296298,0.5701616406440735,21.133627,71.355736,-228.94918823242188,2.36750171802662
5KPE_2_2_3_id8,1.2408957481384277,0.8904691934585571,91.47805555555551,0.8,2,2,93.17296296296298,0.5701616406440735,21.133627,71.355736,-230.2139129638672,2.537520797164352
5KPE_2_2_3_id9,1.1928281784057617,0.9763107299804688,92.52444444444446,0.82,2,2,93.17296296296298,0.5701616406440735,21.133627,71.355736,-230.52752685546875,2.6807768079969616
5KPE_2_2_5_id0,1.044346809387207,1.404657006263733,90.7114814814815,0.78,2,2,94.38935185185184,0.7625590562820435,20.67701,68.1722,-224.64784240722656,2.5492319177698204
5KPE_2_2_5_id1,1.1365718841552734,1.1758496761322021,90.57953703703704,0.77,2,2,94.38935185185184,0.7625590562820435,20.67701,68.1722,-222.987548828125,2.353668778030961
5KPE_2_2_5_id10,1.4942498207092285,1.152961254119873,94.13824074074076,0.84,2,2,94.38935185185184,0.7625590562820435,20.67701,68.1722,-225.5562744140625,2.395204897280093
5KPE_2_2_5_id11,1.1044420003890991,1.4100029468536377,90.6850925925926,0.78,2,2,94.38935185185184,0.7625590562820435,20.67701,68.1722,-221.5222625732422,2.534812644675926
5KPE_2_2_5_id12,1.0466386079788208,1.558366060256958,88.89287037037037,0.72,2,2,94.38935185185184,0.7625590562820435,20.67701,68.1722,-225.44728088378903,2.446402938277633
5KPE_2_2_5_id13,1.0207066535949707,1.2277120351791382,89.44981481481481,0.76,2,2,94.38935185185184,0.7625590562820435,20.67701,68.1722,-224.29977416992188,2.450439453125
5KPE_2_2_5_id14,1.0160901546478271,1.6378458738327026,89.97379629629631,0.75,2,2,94.38935185185184,0.7625590562820435,20.67701,68.1722,-224.15164184570312,2.6596589265046298
5KPE_2_2_5_id15,1.1493418216705322,1.0770119428634644,92.4775,0.81,2,2,94.38935185185184,0.7625590562820435,20.67701,68.1722,-224.85797119140625,2.4170300519024885
5KPE_2_2_5_id16,1.254379391670227,1.1609876155853271,91.35185185185186,0.8,2,2,94.38935185185184,0.7625590562820435,20.67701,68.1722,-225.59783935546875,2.5025397406684027
5KPE_2_2_5_id17,1.4022706747055054,1.0696418285369873,91.54629629629628,0.79,2,2,94.38935185185184,0.7625590562820435,20.67701,68.1722,-223.33596801757807,2.6226091738100403
5KPE_2_2_5_id18,1.008703589439392,1.6462751626968384,90.32574074074071,0.79,2,2,94.38935185185184,0.7625590562820435,20.67701,68.1722,-220.33367919921875,2.3688940825285734
5KPE_2_2_5_id19,1.424363136291504,1.0027902126312256,93.08879629629628,0.82,2,2,94.38935185185184,0.7625590562820435,20.67701,68.1722,-224.02745056152344,2.415769788953993
5KPE_2_2_5_id2,1.3461241722106934,0.9416444301605225,90.3036111111111,0.77,2,2,94.38935185185184,0.7625590562820435,20.67701,68.1722,-225.57876586914065,2.3221672905815973
5KPE_2_2_5_id20,1.1310428380966187,1.4564428329467773,89.9388888888889,0.75,2,2,94.38935185185184,0.7625590562820435,20.67701,68.1722,-225.6130828857422,2.441113507306134
5KPE_2_2_5_id21,1.1071407794952393,1.0947333574295044,89.34379629629629,0.75,2,2,94.38935185185184,0.7625590562820435,20.67701,68.1722,-224.785400390625,2.598158659758391
5KPE_2_2_5_id22,1.134353756904602,1.2241644859313965,89.20194444444445,0.74,2,2,94.38935185185184,0.7625590562820435,20.67701,68.1722,-226.4541473388672,2.350463302047164
5KPE_2_2_5_id23,1.0644012689590454,1.1856656074523926,92.47981481481484,0.81,2,2,94.38935185185184,0.7625590562820435,20.67701,68.1722,-226.02859497070312,2.5306554723668984
5KPE_2_2_5_id3,0.9850490689277649,1.3209013938903809,92.4550925925926,0.81,2,2,94.38935185185184,0.7625590562820435,20.67701,68.1722,-224.9604034423828,2.463029084382234
5KPE_2_2_5_id4,1.5278306007385254,1.1497550010681152,89.92324074074077,0.77,2,2,94.38935185185184,0.7625590562820435,20.67701,68.1722,-223.89974975585935,2.3100163495099104
5KPE_2_2_5_id5,1.418062686920166,0.9895473122596741,89.34009259259261,0.75,2,2,94.38935185185184,0.7625590562820435,20.67701,68.1722,-223.22901916503903,2.405442979600694
5KPE_2_2_5_id6,1.3815100193023682,0.9972965121269226,91.12601851851852,0.79,2,2,94.38935185185184,0.7625590562820435,20.67701,68.1722,-224.35345458984372,2.399571736653646
5KPE_2_2_5_id7,1.3189877271652222,1.191201090812683,92.09620370370372,0.79,2,2,94.38935185185184,0.7625590562820435,20.67701,68.1722,-223.79104614257807,2.500153153030961
5KPE_2_2_5_id8,1.1717619895935059,1.3392059803009033,91.08046296296295,0.79,2,2,94.38935185185184,0.7625590562820435,20.67701,68.1722,-225.0957794189453,2.657727276837384
5KPE_2_2_5_id9,1.4236074686050415,1.193567156791687,93.2839814814815,0.82,2,2,94.38935185185184,0.7625590562820435,20.67701,68.1722,-223.307373046875,2.2604606063277632
5KPE_2_2_6_id0,1.0503873825073242,1.1721771955490112,89.90416666666667,0.76,2,2,94.9039814814815,0.5478578805923462,20.985851,70.200714,-234.4985198974609,2.3578638147424766
5KPE_2_2_6_id1,1.0257896184921265,1.3004544973373413,91.18648148148148,0.78,2,2,94.9039814814815,0.5478578805923462,20.985851,70.200714,-233.31285095214844,2.46486974645544
5KPE_2_2_6_id10,0.9809393286705017,1.4074076414108276,90.66055555555558,0.77,2,2,94.9039814814815,0.5478578805923462,20.985851,70.200714,-233.12892150878903,2.463489673755787
5KPE_2_2_6_id11,1.0034512281417847,1.4168164730072021,92.25092592592593,0.8,2,2,94.9039814814815,0.5478578805923462,20.985851,70.200714,-231.8269805908203,2.3866729736328125
5KPE_2_2_6_id12,0.9545912742614746,1.4721461534500122,91.20842592592597,0.77,2,2,94.9039814814815,0.5478578805923462,20.985851,70.200714,-234.4735107421875,2.6097640991210938
5KPE_2_2_6_id13,1.0240962505340576,1.4265176057815552,87.11546296296294,0.72,2,2,94.9039814814815,0.5478578805923462,20.985851,70.200714,-229.6177978515625,2.5232826515480324
5KPE_2_2_6_id14,0.983299195766449,1.332518219947815,90.40277777777776,0.77,2,2,94.9039814814815,0.5478578805923462,20.985851,70.200714,-232.9459686279297,2.4831218013057
5KPE_2_2_6_id15,1.0222700834274292,1.0696943998336792,90.00120370370371,0.77,2,2,94.9039814814815,0.5478578805923462,20.985851,70.200714,-230.39801025390625,2.618454262062355
5KPE_2_2_6_id16,1.0890791416168213,1.2662420272827148,90.75333333333334,0.78,2,2,94.9039814814815,0.5478578805923462,20.985851,70.200714,-230.1939849853516,2.4576828568070024
5KPE_2_2_6_id17,1.1127843856811523,1.1859599351882935,89.32583333333334,0.76,2,2,94.9039814814815,0.5478578805923462,20.985851,70.200714,-230.12063598632807,2.326443424931279
5KPE_2_2_6_id18,1.0419304370880127,1.1876267194747925,89.92259259259262,0.76,2,2,94.9039814814815,0.5478578805923462,20.985851,70.200714,-233.3156890869141,2.63376956515842
5KPE_2_2_6_id19,1.0823454856872559,1.2008111476898193,90.13564814814816,0.75,2,2,94.9039814814815,0.5478578805923462,20.985851,70.200714,-231.36700439453125,2.4625792326750577
5KPE_2_2_6_id2,1.0574309825897217,1.183435082435608,89.15342592592593,0.76,2,2,94.9039814814815,0.5478578805923462,20.985851,70.200714,-232.65757751464844,2.4164547390407987
5KPE_2_2_6_id20,1.3031237125396729,0.9228335022926331,92.5813888888889,0.81,2,2,94.9039814814815,0.5478578805923462,20.985851,70.200714,-232.17559814453125,2.4983204029224537
5KPE_2_2_6_id21,1.0644060373306274,1.1297250986099243,90.58361111111113,0.75,2,2,94.9039814814815,0.5478578805923462,20.985851,70.200714,-234.7144317626953,2.56360513192636
5KPE_2_2_6_id22,1.074090600013733,1.352285385131836,90.43666666666668,0.76,2,2,94.9039814814815,0.5478578805923462,20.985851,70.200714,-232.3665313720703,2.400112293384693
5KPE_2_2_6_id23,1.155112862586975,1.1451045274734497,89.82027777777779,0.76,2,2,94.9039814814815,0.5478578805923462,20.985851,70.200714,-232.5069274902344,2.370363729971426
5KPE_2_2_6_id3,1.0017677545547485,1.224249243736267,89.62157407407406,0.75,2,2,94.9039814814815,0.5478578805923462,20.985851,70.200714,-233.89141845703125,2.5232676753291376
5KPE_2_2_6_id4,1.1136735677719116,1.0429295301437378,90.6761111111111,0.78,2,2,94.9039814814815,0.5478578805923462,20.985851,70.200714,-234.2532501220703,2.518543102123119
5KPE_2_2_6_id5,1.3742005825042725,0.8473125696182251,92.2874074074074,0.8,2,2,94.9039814814815,0.5478578805923462,20.985851,70.200714,-230.84909057617188,2.549802992078993
5KPE_2_2_6_id6,1.2398427724838257,1.0115182399749756,89.62018518518518,0.76,2,2,94.9039814814815,0.5478578805923462,20.985851,70.200714,-232.1387634277344,2.52326343677662
5KPE_2_2_6_id7,1.021619439125061,1.175345778465271,91.0877777777778,0.79,2,2,94.9039814814815,0.5478578805923462,20.985851,70.200714,-232.0961151123047,2.6230762622974537
5KPE_2_2_6_id8,1.0130318403244019,1.2464537620544434,91.3883333333333,0.79,2,2,94.9039814814815,0.5478578805923462,20.985851,70.200714,-232.75634765625,2.4511961760344327
5KPE_2_2_6_id9,1.0726672410964966,1.108857274055481,90.7199074074074,0.77,2,2,94.9039814814815,0.5478578805923462,20.985851,70.200714,-232.5488739013672,2.4634032072844327
5KPE_2_2_7_id0,1.0594531297683716,1.1578119993209839,89.76583333333335,0.77,2,2,89.6999074074074,0.6385607123374939,21.243507,71.84392,-227.93576049804688,2.34430581552011
5KPE_2_2_7_id1,1.2120641469955444,1.0554741621017456,90.86175925925924,0.79,2,2,89.6999074074074,0.6385607123374939,21.243507,71.84392,-226.4187774658203,2.415162545663339
5KPE_2_2_7_id10,1.1187725067138672,0.9854170680046082,90.2248148148148,0.77,2,2,89.6999074074074,0.6385607123374939,21.243507,71.84392,-227.9228363037109,2.6370177092375577
5KPE_2_2_7_id11,1.0525400638580322,1.3319765329360962,89.51388888888889,0.73,2,2,89.6999074074074,0.6385607123374939,21.243507,71.84392,-223.8714599609375,2.454449688946759
5KPE_2_2_7_id12,1.111385703086853,1.1365492343902588,88.98009259259258,0.76,2,2,89.6999074074074,0.6385607123374939,21.243507,71.84392,-228.3814697265625,2.499320701316551
5KPE_2_2_7_id13,1.2268099784851074,1.2783088684082031,92.29703703703704,0.82,2,2,89.6999074074074,0.6385607123374939,21.243507,71.84392,-227.75421142578125,2.519056532118056
5KPE_2_2_7_id14,1.131313443183899,1.10582435131073,91.79666666666668,0.79,2,2,89.6999074074074,0.6385607123374939,21.243507,71.84392,-222.8057861328125,2.502219871238426
5KPE_2_2_7_id15,1.0564179420471191,1.2992682456970215,91.37953703703704,0.8,2,2,89.6999074074074,0.6385607123374939,21.243507,71.84392,-226.0390625,2.7007338912398726
5KPE_2_2_7_id16,1.1283310651779175,1.2140939235687256,92.74157407407404,0.82,2,2,89.6999074074074,0.6385607123374939,21.243507,71.84392,-224.53602600097656,2.3576682761863426
5KPE_2_2_7_id17,1.0634353160858154,1.1540659666061401,91.37546296296296,0.79,2,2,89.6999074074074,0.6385607123374939,21.243507,71.84392,-227.2966766357422,2.484506960268374
5KPE_2_2_7_id18,1.1187005043029785,1.091795802116394,91.64759259259256,0.79,2,2,89.6999074074074,0.6385607123374939,21.243507,71.84392,-228.64878845214844,2.6578487820095487
5KPE_2_2_7_id19,0.9890514016151428,1.4397364854812622,91.01509259259257,0.78,2,2,89.6999074074074,0.6385607123374939,21.243507,71.84392,-226.7220764160156,2.579987985116464
5KPE_2_2_7_id2,1.0704628229141235,1.3263241052627563,89.92416666666666,0.79,2,2,89.6999074074074,0.6385607123374939,21.243507,71.84392,-226.20225524902344,2.538520812988281
5KPE_2_2_7_id20,1.1854066848754883,0.9124974608421326,91.49731481481484,0.79,2,2,89.6999074074074,0.6385607123374939,21.243507,71.84392,-224.6522979736328,2.4118474324544272
5KPE_2_2_7_id21,1.133309245109558,1.239904761314392,89.8311111111111,0.76,2,2,89.6999074074074,0.6385607123374939,21.243507,71.84392,-225.5568084716797,2.535920884874132
5KPE_2_2_7_id22,1.0427258014678955,1.251001000404358,90.34481481481482,0.78,2,2,89.6999074074074,0.6385607123374939,21.243507,71.84392,-227.5838928222656,2.3509962293836804
5KPE_2_2_7_id23,1.2073333263397217,0.8440951108932495,89.83249999999998,0.76,2,2,89.6999074074074,0.6385607123374939,21.243507,71.84392,-226.95480346679688,2.701785899974681
5KPE_2_2_7_id3,0.9741111397743225,1.337002158164978,88.84453703703704,0.74,2,2,89.6999074074074,0.6385607123374939,21.243507,71.84392,-227.90872192382807,2.5805898595739296
5KPE_2_2_7_id4,1.0612502098083496,1.443250298500061,93.11518518518515,0.83,2,2,89.6999074074074,0.6385607123374939,21.243507,71.84392,-226.4902801513672,2.6160436559606484
5KPE_2_2_7_id5,0.9961553812026978,1.3937307596206665,91.84425925925926,0.81,2,2,89.6999074074074,0.6385607123374939,21.243507,71.84392,-224.1830596923828,2.397783632631655
5KPE_2_2_7_id6,1.2147935628890991,1.1898460388183594,91.84629629629627,0.8,2,2,89.6999074074074,0.6385607123374939,21.243507,71.84392,-227.5985565185547,2.6419169108072915
5KPE_2_2_7_id7,1.0607274770736694,1.1514618396759033,88.8677777777778,0.75,2,2,89.6999074074074,0.6385607123374939,21.243507,71.84392,-226.9596099853516,2.3881039089626737
5KPE_2_2_7_id8,1.0182198286056519,1.1567631959915161,90.89416666666668,0.78,2,2,89.6999074074074,0.6385607123374939,21.243507,71.84392,-227.5440368652344,2.597881175853588
5KPE_2_2_7_id9,1.0350724458694458,1.1216139793395996,90.04592592592591,0.78,2,2,89.6999074074074,0.6385607123374939,21.243507,71.84392,-227.0404815673828,2.5577098705150463
5KPE_2_2_8_id0,1.0998997688293457,0.9719106554985046,90.72083333333332,0.76,2,2,93.22398148148147,0.5698420405387878,21.046297,68.51644,-227.77838134765625,2.540536951135706
5KPE_2_2_8_id1,1.0443534851074219,0.9117354154586792,90.73962962962962,0.77,2,2,93.22398148148147,0.5698420405387878,21.046297,68.51644,-224.94757080078125,2.468619735152633
5KPE_2_2_8_id10,1.19294273853302,0.8708850145339966,90.44416666666666,0.79,2,2,93.22398148148147,0.5698420405387878,21.046297,68.51644,-224.29965209960935,2.47380291974103
5KPE_2_2_8_id11,1.1298233270645142,1.1495563983917236,88.10249999999999,0.73,2,2,93.22398148148147,0.5698420405387878,21.046297,68.51644,-227.1544342041016,2.637909500687211
5KPE_2_2_8_id12,1.2738572359085083,0.8936073184013367,89.66990740740742,0.77,2,2,93.22398148148147,0.5698420405387878,21.046297,68.51644,-227.2533721923828,2.6712380868417247
5KPE_2_2_8_id13,1.0300278663635254,1.0885069370269775,89.63361111111111,0.75,2,2,93.22398148148147,0.5698420405387878,21.046297,68.51644,-227.09344482421875,2.53118642171224
5KPE_2_2_8_id14,1.03249990940094,1.2015100717544556,90.01444444444445,0.75,2,2,93.22398148148147,0.5698420405387878,21.046297,68.51644,-223.9493103027344,2.352404559100116
5KPE_2_2_8_id15,1.2645107507705688,0.9888657331466675,90.72175925925924,0.78,2,2,93.22398148148147,0.5698420405387878,21.046297,68.51644,-225.4030303955078,2.400708233868634
5KPE_2_2_8_id16,1.0648950338363647,1.2485485076904297,88.22787037037035,0.73,2,2,93.22398148148147,0.5698420405387878,21.046297,68.51644,-227.21969604492188,2.4357582374855324
5KPE_2_2_8_id17,1.0589245557785034,1.046200156211853,87.87518518518519,0.71,2,2,93.22398148148147,0.5698420405387878,21.046297,68.51644,-226.57052612304688,2.538479275173611
5KPE_2_2_8_id18,1.1315886974334717,0.9830831289291382,90.16,0.77,2,2,93.22398148148147,0.5698420405387878,21.046297,68.51644,-226.74822998046875,2.635753207736545
5KPE_2_2_8_id19,1.3847147226333618,1.0169028043746948,90.65361111111112,0.78,2,2,93.22398148148147,0.5698420405387878,21.046297,68.51644,-225.86245727539065,2.638287579571759
5KPE_2_2_8_id2,1.429803729057312,0.7681030631065369,90.41046296296297,0.78,2,2,93.22398148148147,0.5698420405387878,21.046297,68.51644,-220.7301788330078,2.493060076678241
5KPE_2_2_8_id20,1.034841537475586,1.4583969116210938,88.70777777777778,0.74,2,2,93.22398148148147,0.5698420405387878,21.046297,68.51644,-226.8251037597656,2.58144943802445
5KPE_2_2_8_id21,1.150855541229248,1.0324740409851074,88.89212962962964,0.75,2,2,93.22398148148147,0.5698420405387878,21.046297,68.51644,-227.26974487304688,2.4874838369864003
5KPE_2_2_8_id22,1.176347255706787,0.8909673094749451,90.99148148148146,0.78,2,2,93.22398148148147,0.5698420405387878,21.046297,68.51644,-226.0715789794922,2.8521655047381365
5KPE_2_2_8_id23,1.023551106452942,1.3042317628860474,90.25444444444446,0.73,2,2,93.22398148148147,0.5698420405387878,21.046297,68.51644,-226.6829376220703,2.603815714518229
5KPE_2_2_8_id3,1.1376527547836304,0.8671252131462097,90.55824074074071,0.77,2,2,93.22398148148147,0.5698420405387878,21.046297,68.51644,-227.60775756835935,2.47578599717882
5KPE_2_2_8_id4,1.1152944564819336,1.1560297012329102,87.61416666666665,0.73,2,2,93.22398148148147,0.5698420405387878,21.046297,68.51644,-225.8851318359375,2.353732638888889
5KPE_2_2_8_id5,1.2694751024246216,1.2298405170440674,89.52842592592594,0.78,2,2,93.22398148148147,0.5698420405387878,21.046297,68.51644,-223.4206085205078,2.357082225658276
5KPE_2_2_8_id6,1.1720901727676392,1.1485176086425781,90.78157407407409,0.78,2,2,93.22398148148147,0.5698420405387878,21.046297,68.51644,-225.62399291992188,2.695342452437789
5KPE_2_2_8_id7,1.1678789854049683,1.080674171447754,87.89750000000001,0.73,2,2,93.22398148148147,0.5698420405387878,21.046297,68.51644,-226.73388671875,2.549060962818287
5KPE_2_2_8_id8,1.0207170248031616,1.4833879470825195,92.98324074074075,0.82,2,2,93.22398148148147,0.5698420405387878,21.046297,68.51644,-225.82171630859372,2.5587534021448204
5KPE_2_2_8_id9,1.0883874893188477,1.0461288690567017,88.90842592592593,0.75,2,2,93.22398148148147,0.5698420405387878,21.046297,68.51644,-226.26116943359372,2.285520341661241
5KPE_2_2_9_id0,0.9635538458824158,1.7306902408599854,93.20037037037036,0.83,2,2,94.77787037037037,0.6714420318603516,20.472088,69.20877,-227.39317321777344,2.492653175636574
5KPE_2_2_9_id1,1.371174693107605,1.2217398881912231,91.62157407407406,0.8,2,2,94.77787037037037,0.6714420318603516,20.472088,69.20877,-227.8902740478516,2.648617779767072
5KPE_2_2_9_id10,1.0128039121627808,1.4116884469985962,90.14916666666667,0.73,2,2,94.77787037037037,0.6714420318603516,20.472088,69.20877,-229.86557006835935,2.509998462818287
5KPE_2_2_9_id11,1.1104141473770142,1.499354600906372,91.1688888888889,0.78,2,2,94.77787037037037,0.6714420318603516,20.472088,69.20877,-229.9730224609375,2.772394816080729
5KPE_2_2_9_id12,1.234907865524292,1.4362866878509521,90.69574074074072,0.77,2,2,94.77787037037037,0.6714420318603516,20.472088,69.20877,-220.8412628173828,2.610625655562789
5KPE_2_2_9_id13,1.0441474914550781,1.1988450288772583,91.08574074074072,0.77,2,2,94.77787037037037,0.6714420318603516,20.472088,69.20877,-227.0356292724609,2.4802788628472223
5KPE_2_2_9_id14,1.0924941301345825,1.353853464126587,89.97018518518519,0.75,2,2,94.77787037037037,0.6714420318603516,20.472088,69.20877,-228.68490600585935,2.628328676576968
5KPE_2_2_9_id15,1.0106350183486938,1.6479876041412354,91.2721296296296,0.78,2,2,94.77787037037037,0.6714420318603516,20.472088,69.20877,-228.62738037109372,2.719202959979022
5KPE_2_2_9_id16,0.9885686635971069,1.3859728574752808,87.09944444444444,0.71,2,2,94.77787037037037,0.6714420318603516,20.472088,69.20877,-229.1473693847656,2.635126749674479
5KPE_2_2_9_id17,1.0412455797195435,1.3106271028518677,90.67870370370368,0.77,2,2,94.77787037037037,0.6714420318603516,20.472088,69.20877,-227.5177764892578,2.4144349274811923
5KPE_2_2_9_id18,1.3195682764053345,1.4941190481185913,91.1298148148148,0.77,2,2,94.77787037037037,0.6714420318603516,20.472088,69.20877,-226.34182739257807,2.530214380334925
5KPE_2_2_9_id19,1.111465334892273,1.2205942869186401,91.70064814814812,0.8,2,2,94.77787037037037,0.6714420318603516,20.472088,69.20877,-229.0792694091797,2.72310045030382
5KPE_2_2_9_id2,1.2469693422317505,1.199963092803955,89.64916666666667,0.78,2,2,94.77787037037037,0.6714420318603516,20.472088,69.20877,-228.20944213867188,2.8211051093207464
5KPE_2_2_9_id20,1.0056188106536865,1.3597497940063477,89.36972222222221,0.74,2,2,94.77787037037037,0.6714420318603516,20.472088,69.20877,-228.3414306640625,2.7180071230287903
5KPE_2_2_9_id21,1.1184625625610352,1.1971019506454468,92.5950925925926,0.82,2,2,94.77787037037037,0.6714420318603516,20.472088,69.20877,-228.5963287353516,2.614330150462963
5KPE_2_2_9_id22,1.3814935684204102,1.2404029369354248,90.4012037037037,0.78,2,2,94.77787037037037,0.6714420318603516,20.472088,69.20877,-228.30807495117188,2.802812929506655
5KPE_2_2_9_id23,0.971764326095581,1.673750400543213,89.82740740740739,0.73,2,2,94.77787037037037,0.6714420318603516,20.472088,69.20877,-228.41204833984372,2.377921210394965
5KPE_2_2_9_id3,1.0141234397888184,1.3438165187835693,89.47166666666665,0.75,2,2,94.77787037037037,0.6714420318603516,20.472088,69.20877,-228.13206481933597,2.519318474663629
5KPE_2_2_9_id4,1.3985369205474854,1.195745825767517,90.98287037037038,0.79,2,2,94.77787037037037,0.6714420318603516,20.472088,69.20877,-223.4077606201172,2.3934148152669272
5KPE_2_2_9_id5,1.1020156145095825,1.3526568412780762,87.27759259259257,0.73,2,2,94.77787037037037,0.6714420318603516,20.472088,69.20877,-229.3441619873047,2.6061135751229747
5KPE_2_2_9_id6,1.0192309617996216,1.8017327785491943,91.82416666666668,0.78,2,2,94.77787037037037,0.6714420318603516,20.472088,69.20877,-227.8924865722656,2.469163117585359
5KPE_2_2_9_id7,1.35345458984375,1.0557026863098145,89.56203703703706,0.76,2,2,94.77787037037037,0.6714420318603516,20.472088,69.20877,-226.54849243164065,2.50223626030816
5KPE_2_2_9_id8,0.982169508934021,1.2312901020050049,89.22537037037036,0.74,2,2,94.77787037037037,0.6714420318603516,20.472088,69.20877,-227.0287170410156,2.5948893229166665
5KPE_2_2_9_id9,1.412550449371338,1.121780276298523,92.64564814814815,0.82,2,2,94.77787037037037,0.6714420318603516,20.472088,69.20877,-227.5385284423828,2.522751702202691
5KPE_2_4_0_id0,1.2022674083709717,1.09097158908844,88.72296296296297,0.76,2,4,91.5425925925926,0.6593427062034607,20.626726,70.6633,-223.32394409179688,2.778999046043113
5KPE_2_4_0_id1,1.1138684749603271,1.1494203805923462,88.16314814814814,0.73,2,4,91.5425925925926,0.6593427062034607,20.626726,70.6633,-224.20542907714844,2.4428888956705728
5KPE_2_4_0_id10,1.0390965938568115,1.36912202835083,89.97481481481482,0.75,2,4,91.5425925925926,0.6593427062034607,20.626726,70.6633,-227.69357299804688,2.5076223302770546
5KPE_2_4_0_id11,1.0002763271331787,1.8454746007919312,91.29462962962964,0.78,2,4,91.5425925925926,0.6593427062034607,20.626726,70.6633,-222.08416748046875,2.582631711606626
5KPE_2_4_0_id12,1.2292120456695557,1.0010910034179688,88.78750000000001,0.76,2,4,91.5425925925926,0.6593427062034607,20.626726,70.6633,-225.6024475097656,2.7016624168113426
5KPE_2_4_0_id13,1.0432597398757935,1.4201054573059082,92.32657407407407,0.79,2,4,91.5425925925926,0.6593427062034607,20.626726,70.6633,-216.52456665039065,2.631017896864149
5KPE_2_4_0_id14,1.1800812482833862,1.317037582397461,91.58435185185184,0.79,2,4,91.5425925925926,0.6593427062034607,20.626726,70.6633,-222.7660369873047,2.5944456877531827
5KPE_2_4_0_id15,1.1000397205352783,1.310739278793335,88.34564814814816,0.73,2,4,91.5425925925926,0.6593427062034607,20.626726,70.6633,-221.89903259277344,2.648244787145544
5KPE_2_4_0_id16,1.150132656097412,1.775247573852539,91.82944444444446,0.81,2,4,91.5425925925926,0.6593427062034607,20.626726,70.6633,-224.1076202392578,2.5755671748408564
5KPE_2_4_0_id17,0.9968357086181641,1.4336416721343994,90.83194444444445,0.76,2,4,91.5425925925926,0.6593427062034607,20.626726,70.6633,-223.6329040527344,2.5213329173900463
5KPE_2_4_0_id18,1.1089226007461548,1.245980978012085,91.90907407407408,0.81,2,4,91.5425925925926,0.6593427062034607,20.626726,70.6633,-220.4159393310547,2.372881854021991
5KPE_2_4_0_id19,1.122597336769104,1.7519108057022095,89.66370370370372,0.78,2,4,91.5425925925926,0.6593427062034607,20.626726,70.6633,-225.1717834472656,2.580798396357784
5KPE_2_4_0_id2,1.3144432306289673,1.210211157798767,93.12194444444444,0.83,2,4,91.5425925925926,0.6593427062034607,20.626726,70.6633,-223.70635986328125,2.5472705982349537
5KPE_2_4_0_id20,1.0021954774856567,1.5252392292022705,89.73444444444443,0.74,2,4,91.5425925925926,0.6593427062034607,20.626726,70.6633,-222.72116088867188,2.5638498376916954
5KPE_2_4_0_id21,1.295638084411621,1.7087525129318237,89.22092592592593,0.76,2,4,91.5425925925926,0.6593427062034607,20.626726,70.6633,-220.01646423339844,2.4535310533311634
5KPE_2_4_0_id22,1.009838342666626,1.6014089584350586,88.68027777777776,0.7,2,4,91.5425925925926,0.6593427062034607,20.626726,70.6633,-221.60580444335935,2.584826151529948
5KPE_2_4_0_id23,1.074934959411621,1.314548373222351,93.82675925925928,0.85,2,4,91.5425925925926,0.6593427062034607,20.626726,70.6633,-225.6995849609375,2.57692633734809
5KPE_2_4_0_id3,1.130061388015747,1.6845347881317139,89.76907407407407,0.76,2,4,91.5425925925926,0.6593427062034607,20.626726,70.6633,-223.31655883789065,2.5697657267252603
5KPE_2_4_0_id4,1.0814181566238403,1.2537139654159546,89.41805555555555,0.73,2,4,91.5425925925926,0.6593427062034607,20.626726,70.6633,-225.82061767578125,2.56402333577474
5KPE_2_4_0_id5,1.1682652235031128,1.180375337600708,89.45824074074072,0.74,2,4,91.5425925925926,0.6593427062034607,20.626726,70.6633,-225.07241821289065,2.6221528229890048
5KPE_2_4_0_id6,1.0870702266693115,1.321365237236023,89.40194444444444,0.75,2,4,91.5425925925926,0.6593427062034607,20.626726,70.6633,-219.30540466308597,2.627122101960359
5KPE_2_4_0_id7,1.1267625093460083,1.1305478811264038,91.42175925925925,0.79,2,4,91.5425925925926,0.6593427062034607,20.626726,70.6633,-224.86865234375,2.5642087018048323
5KPE_2_4_0_id8,1.0998568534851074,1.2671213150024414,89.90546296296296,0.75,2,4,91.5425925925926,0.6593427062034607,20.626726,70.6633,-226.60354614257807,2.5568372938368054
5KPE_2_4_0_id9,1.016988754272461,1.5181188583374023,91.36398148148146,0.79,2,4,91.5425925925926,0.6593427062034607,20.626726,70.6633,-225.4328765869141,2.504323888708044
5KPE_2_4_1_id0,0.9069794416427612,1.5335805416107178,93.72203703703704,0.83,2,4,92.15500000000002,0.5598019361495972,20.047535,70.46342,-217.3046875,2.7617212931315103
5KPE_2_4_1_id1,1.371047019958496,1.0357637405395508,89.03768518518518,0.75,2,4,92.15500000000002,0.5598019361495972,20.047535,70.46342,-218.4459228515625,2.4029117160373263
5KPE_2_4_1_id10,1.1355435848236084,1.0918973684310913,88.02824074074076,0.73,2,4,92.15500000000002,0.5598019361495972,20.047535,70.46342,-216.6305084228516,2.6521247581199363
5KPE_2_4_1_id11,1.235548734664917,1.392709732055664,89.31666666666666,0.75,2,4,92.15500000000002,0.5598019361495972,20.047535,70.46342,-218.0325164794922,2.52644122088397
5KPE_2_4_1_id12,1.3553158044815063,1.3257209062576294,89.32351851851854,0.76,2,4,92.15500000000002,0.5598019361495972,20.047535,70.46342,-218.550537109375,2.342601776123047
5KPE_2_4_1_id13,1.3326035737991333,1.3499253988265991,90.1074074074074,0.76,2,4,92.15500000000002,0.5598019361495972,20.047535,70.46342,-217.34092712402344,2.4363524825484664
5KPE_2_4_1_id14,1.3021953105926514,1.3043748140335083,86.49944444444445,0.68,2,4,92.15500000000002,0.5598019361495972,20.047535,70.46342,-216.9769592285156,2.522832234700521
5KPE_2_4_1_id15,1.0911322832107544,1.3949147462844849,90.19342592592594,0.77,2,4,92.15500000000002,0.5598019361495972,20.047535,70.46342,-216.41102600097656,2.6708385326244213
5KPE_2_4_1_id16,1.3593772649765015,1.340356707572937,87.34916666666666,0.72,2,4,92.15500000000002,0.5598019361495972,20.047535,70.46342,-214.5848693847656,2.7305611504448786
5KPE_2_4_1_id17,1.254720687866211,1.297877550125122,90.18083333333334,0.76,2,4,92.15500000000002,0.5598019361495972,20.047535,70.46342,-211.409423828125,2.480826766402633
5KPE_2_4_1_id18,1.2959768772125244,1.2992234230041504,86.48444444444442,0.72,2,4,92.15500000000002,0.5598019361495972,20.047535,70.46342,-218.63853454589844,2.51749109338831
5KPE_2_4_1_id19,1.7589815855026245,0.8859847187995911,93.13018518518516,0.82,2,4,92.15500000000002,0.5598019361495972,20.047535,70.46342,-213.4652099609375,2.4873764603226274
5KPE_2_4_1_id2,1.3018691539764404,1.0588383674621582,88.59768518518516,0.73,2,4,92.15500000000002,0.5598019361495972,20.047535,70.46342,-215.84347534179688,2.3643805892379195
5KPE_2_4_1_id20,1.2157965898513794,1.202793836593628,89.21564814814816,0.76,2,4,92.15500000000002,0.5598019361495972,20.047535,70.46342,-215.76063537597656,2.3678320425528065
5KPE_2_4_1_id21,1.3002668619155884,1.111338496208191,88.4850925925926,0.72,2,4,92.15500000000002,0.5598019361495972,20.047535,70.46342,-215.5548858642578,2.515420984338831
5KPE_2_4_1_id22,0.976264238357544,1.5167444944381714,88.28203703703703,0.71,2,4,92.15500000000002,0.5598019361495972,20.047535,70.46342,-216.18045043945312,2.509870458532262
5KPE_2_4_1_id23,0.8068919777870178,1.5576661825180054,88.25981481481482,0.72,2,4,92.15500000000002,0.5598019361495972,20.047535,70.46342,-215.14126586914065,2.486808494285301
5KPE_2_4_1_id3,1.0950268507003784,1.3538715839385986,88.17814814814817,0.72,2,4,92.15500000000002,0.5598019361495972,20.047535,70.46342,-216.0467529296875,2.343854692247179
5KPE_2_4_1_id4,1.2255367040634155,1.3722987174987793,87.62342592592593,0.71,2,4,92.15500000000002,0.5598019361495972,20.047535,70.46342,-219.4355926513672,2.4445408008716725
5KPE_2_4_1_id5,1.673494815826416,0.9876347184181213,89.05398148148149,0.78,2,4,92.15500000000002,0.5598019361495972,20.047535,70.46342,-218.85202026367188,2.42866685655382
5KPE_2_4_1_id6,0.888894259929657,1.756466031074524,92.76388888888889,0.82,2,4,92.15500000000002,0.5598019361495972,20.047535,70.46342,-217.5290679931641,2.3998424388744213
5KPE_2_4_1_id7,1.1640316247940063,1.2442046403884888,88.37870370370372,0.72,2,4,92.15500000000002,0.5598019361495972,20.047535,70.46342,-218.23899841308597,2.5959721317997686
5KPE_2_4_1_id8,1.1170063018798828,1.5098953247070312,92.26055555555556,0.82,2,4,92.15500000000002,0.5598019361495972,20.047535,70.46342,-217.86410522460935,2.4612675419560186
5KPE_2_4_1_id9,1.3172571659088135,1.3469481468200684,88.09685185185187,0.73,2,4,92.15500000000002,0.5598019361495972,20.047535,70.46342,-218.5823974609375,2.277068809226708
5KPE_2_4_2_id0,1.387036681175232,0.993685245513916,93.70324074074072,0.85,2,4,93.53962962962962,0.5963259339332581,20.542744,73.10283,-219.1466217041016,2.5965163619429976
5KPE_2_4_2_id1,1.555317759513855,1.217295527458191,89.53120370370371,0.76,2,4,93.53962962962962,0.5963259339332581,20.542744,73.10283,-217.5997772216797,2.739252443666812
5KPE_2_4_2_id10,1.7656755447387695,0.968652606010437,90.47240740740745,0.78,2,4,93.53962962962962,0.5963259339332581,20.542744,73.10283,-221.79733276367188,2.7263237282081887
5KPE_2_4_2_id11,1.1824290752410889,1.2843605279922485,90.0488888888889,0.75,2,4,93.53962962962962,0.5963259339332581,20.542744,73.10283,-221.64056396484372,2.611009385850694
5KPE_2_4_2_id12,1.0680793523788452,1.4863470792770386,89.89009259259258,0.78,2,4,93.53962962962962,0.5963259339332581,20.542744,73.10283,-220.3702087402344,2.774696915237992
5KPE_2_4_2_id13,1.299826741218567,1.2941246032714844,92.01666666666668,0.78,2,4,93.53962962962962,0.5963259339332581,20.542744,73.10283,-218.72772216796875,2.8733763518156827
5KPE_2_4_2_id14,1.088380217552185,1.1921395063400269,90.34027777777776,0.77,2,4,93.53962962962962,0.5963259339332581,20.542744,73.10283,-221.07345581054688,2.9780680338541665
5KPE_2_4_2_id15,1.4295437335968018,1.1985812187194824,90.6,0.79,2,4,93.53962962962962,0.5963259339332581,20.542744,73.10283,-221.8451995849609,2.5936821831597223
5KPE_2_4_2_id16,1.7113444805145264,0.925030529499054,91.2023148148148,0.8,2,4,93.53962962962962,0.5963259339332581,20.542744,73.10283,-221.1317901611328,2.857728746202257
5KPE_2_4_2_id17,1.2267541885375977,1.0434170961380005,90.41194444444446,0.78,2,4,93.53962962962962,0.5963259339332581,20.542744,73.10283,-222.4324188232422,2.5918556495949074
5KPE_2_4_2_id18,1.099448800086975,1.5412671566009521,93.06148148148148,0.82,2,4,93.53962962962962,0.5963259339332581,20.542744,73.10283,-220.1962890625,2.508302476671007
5KPE_2_4_2_id19,1.083482027053833,1.7687485218048096,91.69842592592592,0.8,2,4,93.53962962962962,0.5963259339332581,20.542744,73.10283,-220.7441253662109,2.830513565628617
5KPE_2_4_2_id2,1.110032320022583,1.2472468614578247,88.40037037037035,0.73,2,4,93.53962962962962,0.5963259339332581,20.542744,73.10283,-221.8530731201172,2.6814722131799766
5KPE_2_4_2_id20,1.1594634056091309,1.2106435298919678,88.90351851851852,0.73,2,4,93.53962962962962,0.5963259339332581,20.542744,73.10283,-219.57525634765625,2.829340616861979
5KPE_2_4_2_id21,1.1791328191757202,1.5594218969345093,88.49,0.72,2,4,93.53962962962962,0.5963259339332581,20.542744,73.10283,-220.6982269287109,2.52951501916956
5KPE_2_4_2_id22,1.259342908859253,1.135459303855896,90.82657407407406,0.78,2,4,93.53962962962962,0.5963259339332581,20.542744,73.10283,-221.8223876953125,2.514762595847801
5KPE_2_4_2_id23,1.0667457580566406,1.1928519010543823,88.37398148148147,0.72,2,4,93.53962962962962,0.5963259339332581,20.542744,73.10283,-219.41192626953125,2.390569898817274
5KPE_2_4_2_id3,1.405918002128601,1.2342638969421387,91.80444444444444,0.81,2,4,93.53962962962962,0.5963259339332581,20.542744,73.10283,-222.8659820556641,2.5903438991970487
5KPE_2_4_2_id4,1.1756970882415771,1.8081073760986328,90.35120370370367,0.79,2,4,93.53962962962962,0.5963259339332581,20.542744,73.10283,-220.14352416992188,2.6901818734628185
5KPE_2_4_2_id5,1.4657593965530396,0.9460135698318481,91.84629629629627,0.81,2,4,93.53962962962962,0.5963259339332581,20.542744,73.10283,-219.6063690185547,2.734266493055556
5KPE_2_4_2_id6,1.111989140510559,1.2288453578948975,90.80592592592592,0.78,2,4,93.53962962962962,0.5963259339332581,20.542744,73.10283,-220.72708129882807,2.60561031765408
5KPE_2_4_2_id7,1.645465612411499,0.848526656627655,90.96203703703704,0.78,2,4,93.53962962962962,0.5963259339332581,20.542744,73.10283,-222.04417419433597,2.637672706886574
5KPE_2_4_2_id8,1.0765531063079834,1.8049545288085938,89.25731481481482,0.73,2,4,93.53962962962962,0.5963259339332581,20.542744,73.10283,-221.61257934570312,2.7101429126880787
5KPE_2_4_2_id9,1.2326290607452393,1.164609670639038,88.07046296296295,0.73,2,4,93.53962962962962,0.5963259339332581,20.542744,73.10283,-222.29563903808597,2.675656919126157
5KPE_2_4_3_id0,0.9807811379432678,1.682809829711914,91.0324074074074,0.79,2,4,92.56175925925923,0.5822727680206299,20.28594,71.2938,-217.83984375,2.498079935709636
5KPE_2_4_3_id1,1.5780692100524902,1.2306941747665405,90.08620370370372,0.79,2,4,92.56175925925923,0.5822727680206299,20.28594,71.2938,-219.9307098388672,2.507157219780816
5KPE_2_4_3_id10,1.4533189535140991,1.2419548034667969,88.98481481481483,0.74,2,4,92.56175925925923,0.5822727680206299,20.28594,71.2938,-218.19338989257807,2.4529605441623263
5KPE_2_4_3_id11,1.1039268970489502,1.1129509210586548,93.5562037037037,0.84,2,4,92.56175925925923,0.5822727680206299,20.28594,71.2938,-215.3822784423828,2.445744832356771
5KPE_2_4_3_id12,1.3038290739059448,1.3036599159240723,88.47314814814816,0.72,2,4,92.56175925925923,0.5822727680206299,20.28594,71.2938,-215.94595336914065,2.688073334870515
5KPE_2_4_3_id13,1.2751500606536865,1.3078168630599976,90.97777777777776,0.79,2,4,92.56175925925923,0.5822727680206299,20.28594,71.2938,-219.7299652099609,2.488107751916956
5KPE_2_4_3_id14,1.1240955591201782,1.4941074848175049,88.39398148148149,0.76,2,4,92.56175925925923,0.5822727680206299,20.28594,71.2938,-220.11160278320312,2.7996204517505787
5KPE_2_4_3_id15,1.120882511138916,1.487199306488037,89.12833333333332,0.76,2,4,92.56175925925923,0.5822727680206299,20.28594,71.2938,-214.5414886474609,2.7031837745949074
5KPE_2_4_3_id16,1.7507160902023315,1.218639612197876,86.96712962962965,0.73,2,4,92.56175925925923,0.5822727680206299,20.28594,71.2938,-219.19094848632807,2.4914720323350696
5KPE_2_4_3_id17,1.3179010152816772,1.2852892875671387,88.15462962962964,0.73,2,4,92.56175925925923,0.5822727680206299,20.28594,71.2938,-215.71896362304688,2.5196295844184027
5KPE_2_4_3_id18,1.3008400201797485,1.0484166145324707,88.77944444444445,0.76,2,4,92.56175925925923,0.5822727680206299,20.28594,71.2938,-220.16824340820312,2.682629620587384
5KPE_2_4_3_id19,1.3479257822036743,1.1314548254013062,86.43824074074072,0.67,2,4,92.56175925925923,0.5822727680206299,20.28594,71.2938,-217.59292602539065,2.729279977303964
5KPE_2_4_3_id2,1.2660908699035645,1.4745547771453857,90.21092592592592,0.79,2,4,92.56175925925923,0.5822727680206299,20.28594,71.2938,-211.8457489013672,2.729094893844039
5KPE_2_4_3_id20,1.3088281154632568,1.1607418060302734,87.22555555555554,0.72,2,4,92.56175925925923,0.5822727680206299,20.28594,71.2938,-218.81761169433597,2.523041336624711
5KPE_2_4_3_id21,1.513628363609314,1.488727331161499,87.81287037037036,0.71,2,4,92.56175925925923,0.5822727680206299,20.28594,71.2938,-219.91189575195312,2.3038253784179688
5KPE_2_4_3_id22,1.444115400314331,1.1137056350708008,87.6863888888889,0.73,2,4,92.56175925925923,0.5822727680206299,20.28594,71.2938,-218.0735321044922,2.530914871780961
5KPE_2_4_3_id23,1.1985970735549927,1.2320250272750854,91.50055555555554,0.81,2,4,92.56175925925923,0.5822727680206299,20.28594,71.2938,-219.0141143798828,2.480891474971065
5KPE_2_4_3_id3,1.0618302822113037,1.4938079118728638,87.97990740740742,0.72,2,4,92.56175925925923,0.5822727680206299,20.28594,71.2938,-216.75732421875,2.5717024626555265
5KPE_2_4_3_id4,1.4581599235534668,1.0343890190124512,89.94712962962964,0.77,2,4,92.56175925925923,0.5822727680206299,20.28594,71.2938,-220.43467712402344,2.7803016945167824
5KPE_2_4_3_id5,1.2341010570526123,1.3415544033050537,90.8546296296296,0.8,2,4,92.56175925925923,0.5822727680206299,20.28594,71.2938,-217.64224243164065,2.59748218677662
5KPE_2_4_3_id6,1.3828155994415283,1.3040682077407837,88.00157407407407,0.72,2,4,92.56175925925923,0.5822727680206299,20.28594,71.2938,-215.28543090820312,2.469365437825521
5KPE_2_4_3_id7,1.2986758947372437,1.311285138130188,86.03666666666668,0.69,2,4,92.56175925925923,0.5822727680206299,20.28594,71.2938,-220.2197113037109,2.719795509620949
5KPE_2_4_3_id8,1.283511996269226,1.2501637935638428,87.29083333333335,0.71,2,4,92.56175925925923,0.5822727680206299,20.28594,71.2938,-219.51193237304688,2.7165044148763022
5KPE_2_4_3_id9,1.157643437385559,1.5112128257751465,92.26796296296298,0.8,2,4,92.56175925925923,0.5822727680206299,20.28594,71.2938,-218.65252685546875,2.499140704119647
5KPE_2_4_4_id0,1.0595182180404663,1.3510286808013916,89.52166666666665,0.73,2,4,92.9540740740741,0.597352147102356,20.261219,74.18853,-220.66094970703125,2.5743207578305847
5KPE_2_4_4_id1,1.2622684240341187,1.9004616737365723,94.3386111111111,0.86,2,4,92.9540740740741,0.597352147102356,20.261219,74.18853,-221.0187225341797,2.502055980541088
5KPE_2_4_4_id10,1.1422665119171143,1.2613097429275513,88.50407407407408,0.74,2,4,92.9540740740741,0.597352147102356,20.261219,74.18853,-218.73001098632807,2.645159120912905
5KPE_2_4_4_id11,1.0471506118774414,1.4379994869232178,88.71314814814815,0.73,2,4,92.9540740740741,0.597352147102356,20.261219,74.18853,-214.8746337890625,2.6413229483145253
5KPE_2_4_4_id12,1.423345923423767,1.561415433883667,90.99824074074074,0.77,2,4,92.9540740740741,0.597352147102356,20.261219,74.18853,-220.50587463378903,2.6397826583297164
5KPE_2_4_4_id13,1.2327368259429932,1.8355032205581665,92.72361111111113,0.84,2,4,92.9540740740741,0.597352147102356,20.261219,74.18853,-222.54373168945312,2.591570818865741
5KPE_2_4_4_id14,1.3149585723876953,1.2672837972640991,90.31064814814816,0.77,2,4,92.9540740740741,0.597352147102356,20.261219,74.18853,-223.600830078125,2.582174230504919
5KPE_2_4_4_id15,1.1192924976348877,1.5617060661315918,91.72333333333331,0.83,2,4,92.9540740740741,0.597352147102356,20.261219,74.18853,-219.5673828125,2.633892765751592
5KPE_2_4_4_id16,1.3605878353118896,1.1576770544052124,88.94277777777776,0.75,2,4,92.9540740740741,0.597352147102356,20.261219,74.18853,-218.16004943847656,2.41143798828125
5KPE_2_4_4_id17,1.173282504081726,1.5316916704177856,91.91620370370372,0.83,2,4,92.9540740740741,0.597352147102356,20.261219,74.18853,-220.0327606201172,2.65794344301577
5KPE_2_4_4_id18,1.2730156183242798,1.4304288625717163,90.45712962962963,0.78,2,4,92.9540740740741,0.597352147102356,20.261219,74.18853,-221.9647216796875,2.6740165993019387
5KPE_2_4_4_id19,1.2540006637573242,1.070145606994629,84.9262962962963,0.68,2,4,92.9540740740741,0.597352147102356,20.261219,74.18853,-223.3985748291016,2.5165433530454284
5KPE_2_4_4_id2,1.268235445022583,1.9017326831817627,95.48351851851852,0.87,2,4,92.9540740740741,0.597352147102356,20.261219,74.18853,-222.34271240234372,2.592894094961661
5KPE_2_4_4_id20,1.2192597389221191,1.2811241149902344,89.60675925925926,0.75,2,4,92.9540740740741,0.597352147102356,20.261219,74.18853,-221.37884521484372,2.7574423330801503
5KPE_2_4_4_id21,1.2523856163024902,1.1791415214538574,89.87185185185187,0.75,2,4,92.9540740740741,0.597352147102356,20.261219,74.18853,-220.96600341796875,2.712474681712963
5KPE_2_4_4_id22,1.4656466245651245,1.414844036102295,92.24000000000002,0.81,2,4,92.9540740740741,0.597352147102356,20.261219,74.18853,-222.0933837890625,2.7349350540726274
5KPE_2_4_4_id23,1.4699639081954956,1.449310302734375,92.3537962962963,0.81,2,4,92.9540740740741,0.597352147102356,20.261219,74.18853,-223.2322998046875,2.6271144725658275
5KPE_2_4_4_id3,1.8407703638076782,1.1375921964645386,91.6603703703704,0.8,2,4,92.9540740740741,0.597352147102356,20.261219,74.18853,-222.93167114257807,2.6588547318070024
5KPE_2_4_4_id4,1.269607424736023,1.5194852352142334,93.00981481481485,0.83,2,4,92.9540740740741,0.597352147102356,20.261219,74.18853,-220.93267822265625,2.54631268536603
5KPE_2_4_4_id5,1.3128368854522705,1.2152007818222046,88.83712962962963,0.74,2,4,92.9540740740741,0.597352147102356,20.261219,74.18853,-221.58729553222656,2.5261032669632524
5KPE_2_4_4_id6,1.182028889656067,1.3394966125488281,87.80175925925926,0.73,2,4,92.9540740740741,0.597352147102356,20.261219,74.18853,-221.8206787109375,2.590655291521991
5KPE_2_4_4_id7,1.099657654762268,1.0496853590011597,87.69759259259257,0.71,2,4,92.9540740740741,0.597352147102356,20.261219,74.18853,-219.95623779296875,2.657541345666956
5KPE_2_4_4_id8,1.1464245319366455,1.4238299131393433,87.13981481481481,0.73,2,4,92.9540740740741,0.597352147102356,20.261219,74.18853,-219.69647216796875,2.6413472493489585
5KPE_2_4_4_id9,1.6547104120254517,1.1251622438430786,89.8136111111111,0.77,2,4,92.9540740740741,0.597352147102356,20.261219,74.18853,-222.0800323486328,2.64224045364945
5KPE_2_4_5_id0,0.9722713232040405,1.567033290863037,90.8248148148148,0.77,2,4,93.65333333333332,0.6384744644165039,20.829386,71.56292,-217.11952209472656,2.616199069552952
5KPE_2_4_5_id1,1.4815831184387207,0.9224339127540588,85.90481481481483,0.7,2,4,93.65333333333332,0.6384744644165039,20.829386,71.56292,-219.7777099609375,2.4362685592086226
5KPE_2_4_5_id10,0.987754762172699,1.491260051727295,89.87685185185184,0.78,2,4,93.65333333333332,0.6384744644165039,20.829386,71.56292,-212.4675445556641,2.5999134205005787
5KPE_2_4_5_id11,1.6839526891708374,0.9765486121177673,90.1523148148148,0.76,2,4,93.65333333333332,0.6384744644165039,20.829386,71.56292,-217.9158935546875,2.751119543004919
5KPE_2_4_5_id12,1.4896689653396606,1.0674962997436523,88.52722222222222,0.75,2,4,93.65333333333332,0.6384744644165039,20.829386,71.56292,-218.2191162109375,2.6171386153609664
5KPE_2_4_5_id13,1.1937065124511719,1.2573164701461792,89.24657407407406,0.75,2,4,93.65333333333332,0.6384744644165039,20.829386,71.56292,-218.67019653320312,2.51141357421875
5KPE_2_4_5_id14,0.9777393937110901,1.679170846939087,89.58546296296298,0.76,2,4,93.65333333333332,0.6384744644165039,20.829386,71.56292,-218.17626953125,2.637641624168113
5KPE_2_4_5_id15,1.3109898567199707,1.2716717720031738,89.4987037037037,0.73,2,4,93.65333333333332,0.6384744644165039,20.829386,71.56292,-219.4122772216797,2.399057741518374
5KPE_2_4_5_id16,1.491032361984253,1.2002553939819336,84.45500000000001,0.67,2,4,93.65333333333332,0.6384744644165039,20.829386,71.56292,-217.22396850585935,2.42012702094184
5KPE_2_4_5_id17,1.6674169301986694,0.8427881598472595,89.69194444444445,0.77,2,4,93.65333333333332,0.6384744644165039,20.829386,71.56292,-216.8922882080078,2.538527594672309
5KPE_2_4_5_id18,1.498400092124939,1.3137422800064087,86.81138888888889,0.71,2,4,93.65333333333332,0.6384744644165039,20.829386,71.56292,-217.52005004882807,2.4476886325412326
5KPE_2_4_5_id19,1.1380351781845093,1.3129698038101196,92.04546296296296,0.81,2,4,93.65333333333332,0.6384744644165039,20.829386,71.56292,-219.5286865234375,2.571142691153068
5KPE_2_4_5_id2,1.1896692514419556,1.4417333602905273,87.08314814814814,0.69,2,4,93.65333333333332,0.6384744644165039,20.829386,71.56292,-219.03903198242188,2.5431445086443865
5KPE_2_4_5_id20,1.1671251058578491,1.0350192785263062,88.20129629629629,0.73,2,4,93.65333333333332,0.6384744644165039,20.829386,71.56292,-219.93228149414065,2.2935963383427374
5KPE_2_4_5_id21,1.6154335737228394,0.9559053182601929,92.18648148148148,0.8,2,4,93.65333333333332,0.6384744644165039,20.829386,71.56292,-220.10574340820312,2.590754756221065
5KPE_2_4_5_id22,0.9777153730392456,1.281613826751709,88.25629629629628,0.74,2,4,93.65333333333332,0.6384744644165039,20.829386,71.56292,-216.40745544433597,2.6390276308412903
5KPE_2_4_5_id23,1.3625471591949463,1.0784393548965454,86.03509259259259,0.71,2,4,93.65333333333332,0.6384744644165039,20.829386,71.56292,-219.27130126953125,2.516813772696036
5KPE_2_4_5_id3,1.0482839345932007,1.145504117012024,89.20259259259258,0.74,2,4,93.65333333333332,0.6384744644165039,20.829386,71.56292,-218.1852569580078,2.4812873557761863
5KPE_2_4_5_id4,1.5549975633621216,0.9130196571350098,87.87759259259258,0.73,2,4,93.65333333333332,0.6384744644165039,20.829386,71.56292,-221.0828094482422,2.716165613245081
5KPE_2_4_5_id5,1.497790813446045,1.168217658996582,90.27083333333336,0.77,2,4,93.65333333333332,0.6384744644165039,20.829386,71.56292,-215.71853637695312,2.288781907823351
5KPE_2_4_5_id6,1.1911687850952148,1.0258760452270508,87.30777777777777,0.69,2,4,93.65333333333332,0.6384744644165039,20.829386,71.56292,-214.44900512695312,2.45155108416522
5KPE_2_4_5_id7,1.3530914783477783,1.252746820449829,86.27972222222222,0.73,2,4,93.65333333333332,0.6384744644165039,20.829386,71.56292,-219.79502868652344,2.4352329395435475
5KPE_2_4_5_id8,1.0889430046081543,1.2846226692199707,88.5766666666667,0.71,2,4,93.65333333333332,0.6384744644165039,20.829386,71.56292,-218.79966735839844,2.395437169958044
5KPE_2_4_5_id9,1.235588550567627,1.0593664646148682,88.09120370370368,0.74,2,4,93.65333333333332,0.6384744644165039,20.829386,71.56292,-217.30545043945312,2.352816263834636
5KPE_2_4_6_id0,1.3353626728057861,1.1305757761001587,88.7687037037037,0.77,2,4,92.51638888888888,0.6337130665779114,20.486292,68.78294,-217.34869384765625,2.580263208459925
5KPE_2_4_6_id1,1.0251097679138184,1.8094960451126099,91.42527777777778,0.78,2,4,92.51638888888888,0.6337130665779114,20.486292,68.78294,-220.0709991455078,2.643104835792824
5KPE_2_4_6_id10,1.279233694076538,1.1556494235992432,87.59388888888888,0.73,2,4,92.51638888888888,0.6337130665779114,20.486292,68.78294,-222.1600646972656,2.453995881257234
5KPE_2_4_6_id11,1.3476758003234863,1.0784448385238647,90.1352777777778,0.77,2,4,92.51638888888888,0.6337130665779114,20.486292,68.78294,-222.02603149414065,2.5422165482132524
5KPE_2_4_6_id12,1.5653138160705566,0.9946742653846741,89.35509259259258,0.76,2,4,92.51638888888888,0.6337130665779114,20.486292,68.78294,-220.78224182128903,2.5262634842484086
5KPE_2_4_6_id13,1.015013337135315,1.8205729722976685,89.5637037037037,0.76,2,4,92.51638888888888,0.6337130665779114,20.486292,68.78294,-221.1324462890625,2.475577460394965
5KPE_2_4_6_id14,1.1723588705062866,1.4313745498657227,88.67129629629632,0.72,2,4,92.51638888888888,0.6337130665779114,20.486292,68.78294,-215.55953979492188,2.5424426043475115
5KPE_2_4_6_id15,1.3156468868255615,1.2732573747634888,87.48259259259258,0.72,2,4,92.51638888888888,0.6337130665779114,20.486292,68.78294,-220.2409820556641,2.5191723858868635
5KPE_2_4_6_id16,1.0068436861038208,1.895965337753296,90.73916666666663,0.78,2,4,92.51638888888888,0.6337130665779114,20.486292,68.78294,-219.8959808349609,2.552480344419126
5KPE_2_4_6_id17,1.216639518737793,1.287055492401123,87.3125,0.73,2,4,92.51638888888888,0.6337130665779114,20.486292,68.78294,-220.0251617431641,2.3824358339662903
5KPE_2_4_6_id18,1.1746827363967896,1.3282078504562378,91.9537962962963,0.79,2,4,92.51638888888888,0.6337130665779114,20.486292,68.78294,-221.67291259765625,2.3350147671169705
5KPE_2_4_6_id19,1.5536085367202759,1.0886880159378052,87.90824074074072,0.74,2,4,92.51638888888888,0.6337130665779114,20.486292,68.78294,-218.3662872314453,2.824428699634693
5KPE_2_4_6_id2,1.1227705478668213,1.4749847650527954,90.27842592592592,0.77,2,4,92.51638888888888,0.6337130665779114,20.486292,68.78294,-219.25787353515625,2.4589612042462385
5KPE_2_4_6_id20,1.1586805582046509,1.3100717067718506,90.13740740740742,0.76,2,4,92.51638888888888,0.6337130665779114,20.486292,68.78294,-217.68386840820312,2.424559981734664
5KPE_2_4_6_id21,0.9879207015037537,1.735648274421692,91.06657407407408,0.76,2,4,92.51638888888888,0.6337130665779114,20.486292,68.78294,-219.93344116210935,2.497202555338541
5KPE_2_4_6_id22,1.2338370084762573,1.1280958652496338,91.65046296296298,0.78,2,4,92.51638888888888,0.6337130665779114,20.486292,68.78294,-218.3642578125,2.5753312287507235
5KPE_2_4_6_id23,1.0722635984420776,1.86587393283844,88.26101851851853,0.73,2,4,92.51638888888888,0.6337130665779114,20.486292,68.78294,-221.74046325683597,2.687939679181134
5KPE_2_4_6_id3,1.0907940864562988,1.4185985326766968,89.4825,0.75,2,4,92.51638888888888,0.6337130665779114,20.486292,68.78294,-219.7799530029297,2.4416178950557
5KPE_2_4_6_id4,1.2981973886489868,1.245957374572754,87.73888888888888,0.72,2,4,92.51638888888888,0.6337130665779114,20.486292,68.78294,-221.84075927734372,2.4308573404947915
5KPE_2_4_6_id5,1.286404013633728,1.6840717792510986,92.9299074074074,0.83,2,4,92.51638888888888,0.6337130665779114,20.486292,68.78294,-221.29624938964844,2.3206679732711226
5KPE_2_4_6_id6,1.1445822715759277,1.3474105596542358,88.96453703703702,0.76,2,4,92.51638888888888,0.6337130665779114,20.486292,68.78294,-217.75035095214844,2.8553071198640048
5KPE_2_4_6_id7,1.3262510299682617,1.1163963079452515,86.22861111111112,0.71,2,4,92.51638888888888,0.6337130665779114,20.486292,68.78294,-219.9307556152344,2.551521583839699
5KPE_2_4_6_id8,1.2577074766159058,1.2554490566253662,88.77935185185186,0.73,2,4,92.51638888888888,0.6337130665779114,20.486292,68.78294,-220.2451019287109,2.70942207618996
5KPE_2_4_6_id9,1.0728102922439575,1.3528766632080078,89.37546296296296,0.75,2,4,92.51638888888888,0.6337130665779114,20.486292,68.78294,-219.85662841796875,2.706749810112848
5KPE_2_4_7_id0,1.0485973358154297,1.4998443126678467,88.57046296296296,0.71,2,4,87.0597222222222,0.7966205477714539,20.249235,72.36594,-224.3323211669922,2.492796438711661
5KPE_2_4_7_id1,1.1906750202178955,1.2168707847595215,91.53888888888888,0.79,2,4,87.0597222222222,0.7966205477714539,20.249235,72.36594,-222.11944580078125,2.462283664279514
5KPE_2_4_7_id10,0.9526399970054626,1.6838942766189575,89.92657407407405,0.75,2,4,87.0597222222222,0.7966205477714539,20.249235,72.36594,-226.14581298828125,2.471861380117911
5KPE_2_4_7_id11,1.0573958158493042,1.5604791641235352,88.8864814814815,0.75,2,4,87.0597222222222,0.7966205477714539,20.249235,72.36594,-222.5642242431641,2.5417390046296298
5KPE_2_4_7_id23,1.137074589729309,1.704481601715088,91.27861111111112,0.76,2,4,87.0597222222222,0.7966205477714539,20.249235,72.36594,-225.1639404296875,2.651568660029658
5KPE_2_4_7_id3,1.1114490032196045,1.4016354084014893,90.10129629629628,0.78,2,4,87.0597222222222,0.7966205477714539,20.249235,72.36594,-222.7353057861328,2.734330071343316
5KPE_2_4_7_id4,1.1409058570861816,1.2891377210617065,89.61842592592593,0.75,2,4,87.0597222222222,0.7966205477714539,20.249235,72.36594,-221.183837890625,2.5459490175600403
5KPE_2_4_7_id5,1.1916096210479736,1.7353931665420532,94.16564814814814,0.85,2,4,87.0597222222222,0.7966205477714539,20.249235,72.36594,-223.86013793945312,2.7160856458875866
5KPE_2_4_7_id6,1.1852089166641235,1.3286694288253784,91.5775,0.78,2,4,87.0597222222222,0.7966205477714539,20.249235,72.36594,-223.6876373291016,2.304521772596571
5KPE_2_4_7_id7,1.0765151977539062,1.4772855043411255,91.59462962962964,0.81,2,4,87.0597222222222,0.7966205477714539,20.249235,72.36594,-223.43798828125,2.611416286892361
5KPE_2_4_7_id8,1.229236364364624,1.3057591915130615,91.72833333333332,0.8,2,4,87.0597222222222,0.7966205477714539,20.249235,72.36594,-224.61802673339844,2.4073644567418984
5KPE_2_4_7_id9,1.2251135110855103,1.1867306232452393,87.80222222222221,0.71,2,4,87.0597222222222,0.7966205477714539,20.249235,72.36594,-224.41717529296875,2.5734009919343173
5KPE_2_4_8_id0,0.9769018888473511,1.3871450424194336,89.77861111111112,0.74,2,4,94.31787037037036,0.6520201563835144,20.842043,73.80071,-223.52926635742188,2.55483161078559
5KPE_2_4_8_id1,1.3240123987197876,1.246001958847046,88.79666666666668,0.74,2,4,94.31787037037036,0.6520201563835144,20.842043,73.80071,-220.46571350097656,2.347483740912544
5KPE_2_6_3_id10,1.4701021909713745,1.3325815200805664,88.33749999999999,0.73,2,6,93.5537962962963,0.6331837177276611,20.565151,70.961365,-225.9082794189453,3.014739990234375
5KPE_2_6_3_id11,1.0020935535430908,1.4886521100997925,90.55509259259262,0.76,2,6,93.5537962962963,0.6331837177276611,20.565151,70.961365,-219.7067108154297,3.1810579653139466
5KPE_2_6_3_id12,1.3717296123504639,1.249000906944275,91.3900925925926,0.76,2,6,93.5537962962963,0.6331837177276611,20.565151,70.961365,-227.6794891357422,3.16541827166522
5KPE_2_6_3_id13,1.285514235496521,1.1676355600357056,90.7937037037037,0.76,2,6,93.5537962962963,0.6331837177276611,20.565151,70.961365,-225.2992248535156,2.84953534161603
5KPE_2_6_3_id14,1.3814451694488525,1.3976573944091797,87.3975925925926,0.72,2,6,93.5537962962963,0.6331837177276611,20.565151,70.961365,-227.10980224609372,2.944683216236256
5KPE_2_6_3_id15,1.8494911193847656,0.9291820526123047,93.03138888888888,0.82,2,6,93.5537962962963,0.6331837177276611,20.565151,70.961365,-217.5716094970703,2.953331841362848
5KPE_2_6_3_id16,1.3289003372192383,1.0020859241485596,88.88925925925926,0.72,2,6,93.5537962962963,0.6331837177276611,20.565151,70.961365,-225.52767944335935,2.8855658637152777
5KPE_2_6_3_id17,1.3841760158538818,1.153235912322998,90.28398148148148,0.75,2,6,93.5537962962963,0.6331837177276611,20.565151,70.961365,-226.02279663085935,2.8562328197337963
5KPE_2_6_3_id18,1.0017991065979004,1.2140259742736816,88.93138888888888,0.72,2,6,93.5537962962963,0.6331837177276611,20.565151,70.961365,-223.6649932861328,2.80558748598452
5KPE_2_6_3_id19,1.1480517387390137,1.3991914987564087,87.51222222222222,0.7,2,6,93.5537962962963,0.6331837177276611,20.565151,70.961365,-224.65040588378903,2.9594833939163774
5KPE_2_6_6_id0,1.593847632408142,1.251113772392273,87.25833333333334,0.72,2,6,89.94546296296296,0.6541405916213989,20.535513,74.7326,-215.91287231445312,2.8478800455729165
5KPE_2_6_6_id1,1.6118979454040527,1.2159245014190674,91.46648148148144,0.8,2,6,89.94546296296296,0.6541405916213989,20.535513,74.7326,-216.64309692382807,2.688663058810764
5KPE_2_6_6_id10,1.4598802328109741,1.1178544759750366,86.0284259259259,0.69,2,6,89.94546296296296,0.6541405916213989,20.535513,74.7326,-221.73880004882807,2.74568854437934
5KPE_2_6_6_id11,1.245819330215454,1.1746009588241577,88.15703703703706,0.74,2,6,89.94546296296296,0.6541405916213989,20.535513,74.7326,-220.82586669921875,2.777379353841146
5KPE_2_6_6_id12,1.2939343452453613,1.1241127252578735,88.76342592592593,0.75,2,6,89.94546296296296,0.6541405916213989,20.535513,74.7326,-220.1951141357422,2.8227900752314814
5KPE_2_6_6_id13,1.3658653497695923,1.2078195810317993,90.38888888888889,0.78,2,6,89.94546296296296,0.6541405916213989,20.535513,74.7326,-218.20635986328125,2.9274317423502603
5KPE_2_6_6_id14,1.211735486984253,1.2198269367218018,89.11148148148148,0.75,2,6,89.94546296296296,0.6541405916213989,20.535513,74.7326,-221.19989013671875,2.6938713921440973
5KPE_2_6_6_id15,1.2434827089309692,1.2805557250976562,89.39212962962964,0.74,2,6,89.94546296296296,0.6541405916213989,20.535513,74.7326,-219.13201904296875,2.7641576131184897
5KPE_2_6_6_id16,1.5321505069732666,1.147666096687317,87.10546296296296,0.71,2,6,89.94546296296296,0.6541405916213989,20.535513,74.7326,-218.50738525390625,2.6713830453378185
5KPE_2_6_6_id17,1.4258251190185547,1.15683913230896,89.59287037037039,0.75,2,6,89.94546296296296,0.6541405916213989,20.535513,74.7326,-221.0879669189453,2.776386119701244
5KPE_2_6_6_id18,1.6001639366149902,1.5811247825622559,89.06870370370372,0.77,2,6,89.94546296296296,0.6541405916213989,20.535513,74.7326,-220.3972625732422,2.758625171802662
5KPE_2_6_6_id19,1.076201319694519,1.5346087217330933,90.37250000000004,0.77,2,6,89.94546296296296,0.6541405916213989,20.535513,74.7326,-216.0968017578125,2.6239491215458624
5KPE_2_6_6_id2,1.2570922374725342,1.5822997093200684,89.54083333333335,0.75,2,6,89.94546296296296,0.6541405916213989,20.535513,74.7326,-215.55267333984372,2.731748510290075
5KPE_2_6_6_id20,1.5262300968170166,1.1618125438690186,87.53490740740742,0.73,2,6,89.94546296296296,0.6541405916213989,20.535513,74.7326,-221.4905242919922,2.829500551576968
5KPE_2_6_6_id21,1.4319329261779785,1.6663542985916138,92.27620370370371,0.82,2,6,89.94546296296296,0.6541405916213989,20.535513,74.7326,-215.9247131347656,2.64156652379919
5KPE_2_6_6_id22,1.4062577486038208,1.3278788328170776,85.62101851851854,0.67,2,6,89.94546296296296,0.6541405916213989,20.535513,74.7326,-217.88088989257807,2.5766754150390625
5KPE_2_6_6_id23,1.4373536109924316,1.3190840482711792,88.25888888888888,0.72,2,6,89.94546296296296,0.6541405916213989,20.535513,74.7326,-215.5767364501953,2.9147350169994213
5KPE_2_6_6_id3,1.1472809314727783,1.467745065689087,91.10120370370372,0.79,2,6,89.94546296296296,0.6541405916213989,20.535513,74.7326,-219.3081970214844,2.881618923611111
5KPE_2_6_6_id4,1.5280702114105225,1.4515610933303833,87.03203703703703,0.71,2,6,89.94546296296296,0.6541405916213989,20.535513,74.7326,-217.138916015625,2.9166813603153936
5KPE_2_6_6_id5,1.4596190452575684,1.3914382457733154,86.34296296296296,0.72,2,6,89.94546296296296,0.6541405916213989,20.535513,74.7326,-219.8733673095703,2.89743889702691
5KPE_2_6_6_id6,0.8553773760795593,2.0109238624572754,89.42018518518518,0.75,2,6,89.94546296296296,0.6541405916213989,20.535513,74.7326,-219.1278839111328,2.638667353877315
5KPE_2_6_6_id7,1.1957377195358276,1.4210762977600098,90.685,0.78,2,6,89.94546296296296,0.6541405916213989,20.535513,74.7326,-216.7243804931641,2.5976166901765048
5KPE_2_6_6_id8,1.4774110317230225,1.2886770963668823,87.56027777777776,0.72,2,6,89.94546296296296,0.6541405916213989,20.535513,74.7326,-216.33404541015625,2.7957353945131653
5KPE_2_6_6_id9,1.258156418800354,1.2475959062576294,90.93675925925926,0.76,2,6,89.94546296296296,0.6541405916213989,20.535513,74.7326,-219.8217010498047,2.921508223922164
5KPE_2_6_7_id0,1.181702733039856,1.497872233390808,90.7636111111111,0.79,2,6,94.67425925925926,0.641792356967926,20.03351,73.22822,-220.33218383789065,2.9868698120117188
5KPE_2_6_7_id1,1.7084603309631348,1.0981637239456177,90.95259259259258,0.81,2,6,94.67425925925926,0.641792356967926,20.03351,73.22822,-222.38075256347656,3.042731391059028
5KPE_2_6_7_id10,1.2705357074737549,0.9843421578407288,92.48740740740742,0.81,2,6,94.67425925925926,0.641792356967926,20.03351,73.22822,-223.7767791748047,2.996797349717882
5KPE_2_6_7_id11,1.6189004182815552,1.2421865463256836,91.26546296296294,0.79,2,6,94.67425925925926,0.641792356967926,20.03351,73.22822,-222.53787231445312,3.022751984772859
5KPE_2_6_7_id12,1.0397305488586426,1.3785496950149536,91.42324074074072,0.79,2,6,94.67425925925926,0.641792356967926,20.03351,73.22822,-223.2464904785156,2.952461807816117
5KPE_2_6_7_id13,1.2882823944091797,1.140336036682129,91.3123148148148,0.79,2,6,94.67425925925926,0.641792356967926,20.03351,73.22822,-223.23764038085935,2.850602326569734
5KPE_2_6_7_id14,1.8215497732162476,1.6303956508636475,92.34333333333332,0.83,2,6,94.67425925925926,0.641792356967926,20.03351,73.22822,-220.08303833007807,2.9710458826135704
5KPE_2_6_7_id15,1.2540725469589233,1.1681885719299316,88.53453703703703,0.71,2,6,94.67425925925926,0.641792356967926,20.03351,73.22822,-222.4276428222656,2.8737289993851274
5KPE_2_6_7_id16,1.1894285678863525,1.6021082401275635,91.46638888888889,0.81,2,6,94.67425925925926,0.641792356967926,20.03351,73.22822,-223.26043701171875,2.964614585593895
5KPE_2_6_7_id17,1.33372962474823,1.2352958917617798,88.57851851851852,0.74,2,6,94.67425925925926,0.641792356967926,20.03351,73.22822,-219.2063140869141,2.9553570217556424
5KPE_2_6_7_id18,1.5699363946914673,1.2003062963485718,91.87870370370368,0.79,2,6,94.67425925925926,0.641792356967926,20.03351,73.22822,-216.27500915527344,3.2101852982132524
5KPE_2_6_7_id19,1.654154658317566,0.9506425857543945,91.73138888888889,0.77,2,6,94.67425925925926,0.641792356967926,20.03351,73.22822,-223.5256805419922,3.0048890290436923
5KPE_2_6_7_id2,1.0055378675460815,1.4758622646331787,88.62981481481482,0.72,2,6,94.67425925925926,0.641792356967926,20.03351,73.22822,-220.6916046142578,3.0120425754123263
5KPE_2_6_7_id20,1.1025601625442505,1.3175373077392578,88.3238888888889,0.73,2,6,94.67425925925926,0.641792356967926,20.03351,73.22822,-220.9439849853516,3.087917186595776
5KPE_2_6_7_id21,1.8367754220962524,1.0411194562911987,90.72712962962964,0.78,2,6,94.67425925925926,0.641792356967926,20.03351,73.22822,-223.6463623046875,3.0530093157732927
5KPE_2_6_7_id22,1.4891834259033203,1.1547505855560303,93.8325925925926,0.84,2,6,94.67425925925926,0.641792356967926,20.03351,73.22822,-219.87173461914065,2.9432929710105613
5KPE_2_6_7_id23,1.4820786714553833,1.1802706718444824,90.75166666666668,0.77,2,6,94.67425925925926,0.641792356967926,20.03351,73.22822,-223.39605712890625,2.9943519874855324
5KPE_2_6_7_id3,1.623761773109436,1.185057520866394,90.67703703703702,0.77,2,6,94.67425925925926,0.641792356967926,20.03351,73.22822,-224.2705993652344,2.914066173412181
5KPE_2_6_7_id4,1.4085451364517212,1.0898021459579468,90.75722222222224,0.77,2,6,94.67425925925926,0.641792356967926,20.03351,73.22822,-218.03294372558597,3.144606696234809
5KPE_2_6_7_id5,1.1595503091812134,1.4564656019210815,88.59731481481482,0.75,2,6,94.67425925925926,0.641792356967926,20.03351,73.22822,-223.57943725585935,2.994000187626592
5KPE_2_6_7_id6,1.5207436084747314,1.3319811820983887,89.16472222222221,0.75,2,6,94.67425925925926,0.641792356967926,20.03351,73.22822,-217.57177734375,2.982658103660301
5KPE_2_6_7_id7,1.0434576272964478,1.4767210483551025,88.71268518518518,0.74,2,6,94.67425925925926,0.641792356967926,20.03351,73.22822,-221.1774139404297,3.038410328052662
5KPE_2_6_7_id8,1.2797813415527344,1.1998023986816406,90.26083333333334,0.78,2,6,94.67425925925926,0.641792356967926,20.03351,73.22822,-221.09243774414065,3.034055356626157
5KPE_2_6_7_id9,1.2494240999221802,1.0566529035568237,91.15712962962964,0.81,2,6,94.67425925925926,0.641792356967926,20.03351,73.22822,-223.0888214111328,2.9430327238859952
5KPE_2_6_8_id0,1.1912431716918945,1.143141746520996,87.43555555555555,0.71,2,6,93.28907407407408,0.7107722163200378,20.388544,75.3248,-219.53228759765625,2.9439273410373263
5KPE_2_6_8_id1,1.0128566026687622,1.4733798503875732,89.33064814814816,0.76,2,6,93.28907407407408,0.7107722163200378,20.388544,75.3248,-220.7398834228516,2.88099444354022
5KPE_2_6_8_id10,1.795150876045227,1.0746040344238281,93.95657407407408,0.83,2,6,93.28907407407408,0.7107722163200378,20.388544,75.3248,-217.09136962890625,3.149303012424045
5KPE_2_6_8_id11,1.1318384408950806,1.1491854190826416,89.86333333333333,0.77,2,6,93.28907407407408,0.7107722163200378,20.388544,75.3248,-218.56527709960935,3.040687843605324
5KPE_2_6_8_id12,1.4658076763153076,0.9369392991065979,89.84722222222223,0.75,2,6,93.28907407407408,0.7107722163200378,20.388544,75.3248,-221.00477600097656,3.037390532316985
5KPE_2_6_8_id13,1.142295241355896,1.3941097259521484,86.87712962962964,0.69,2,6,93.28907407407408,0.7107722163200378,20.388544,75.3248,-213.92776489257807,2.982225206163194
5KPE_2_6_8_id14,1.4110565185546875,1.1175267696380615,90.77027777777776,0.76,2,6,93.28907407407408,0.7107722163200378,20.388544,75.3248,-220.11231994628903,2.943092911331742
5KPE_2_6_8_id15,1.0274624824523926,1.0562629699707031,91.20694444444445,0.77,2,6,93.28907407407408,0.7107722163200378,20.388544,75.3248,-220.96554565429688,2.9790674845377603
5KPE_2_6_8_id16,1.2467344999313354,1.0103040933609009,89.1337037037037,0.75,2,6,93.28907407407408,0.7107722163200378,20.388544,75.3248,-219.97540283203125,3.022644608109086
5KPE_2_6_8_id17,1.484273076057434,0.965552031993866,88.51333333333332,0.73,2,6,93.28907407407408,0.7107722163200378,20.388544,75.3248,-220.1708831787109,3.03322516547309
5KPE_2_6_8_id18,1.141396403312683,1.237805724143982,88.91166666666669,0.74,2,6,93.28907407407408,0.7107722163200378,20.388544,75.3248,-221.4531707763672,2.8860140200014466
5KPE_2_6_8_id19,1.0899466276168823,1.717538833618164,88.07537037037038,0.7,2,6,93.28907407407408,0.7107722163200378,20.388544,75.3248,-221.2158203125,2.920921043113426
5KPE_2_6_8_id2,0.9860188364982605,2.0929486751556396,93.72981481481484,0.84,2,6,93.28907407407408,0.7107722163200378,20.388544,75.3248,-218.59190368652344,3.0023487232349537
5KPE_2_6_8_id20,0.9022563099861145,1.4527463912963867,87.59518518518517,0.7,2,6,93.28907407407408,0.7107722163200378,20.388544,75.3248,-216.51419067382807,2.96418536150897
5KPE_2_6_8_id21,1.2802369594573975,1.2174477577209473,89.28638888888891,0.74,2,6,93.28907407407408,0.7107722163200378,20.388544,75.3248,-218.72154235839844,2.96239584463614
5KPE_2_6_8_id22,1.2861878871917725,1.0060956478118896,87.92268518518519,0.73,2,6,93.28907407407408,0.7107722163200378,20.388544,75.3248,-217.2418670654297,3.0683314005533853
5KPE_2_6_8_id23,1.3044270277023315,1.1784651279449463,89.97712962962963,0.78,2,6,93.28907407407408,0.7107722163200378,20.388544,75.3248,-215.60791015625,2.966222974989149
5KPE_2_6_8_id3,1.9091275930404663,0.8310429453849792,92.9624074074074,0.82,2,6,93.28907407407408,0.7107722163200378,20.388544,75.3248,-214.79774475097656,3.115511576334636
5KPE_2_6_8_id4,1.242013931274414,1.002396821975708,88.8698148148148,0.74,2,6,93.28907407407408,0.7107722163200378,20.388544,75.3248,-208.84622192382807,2.766416761610243
5KPE_2_6_8_id5,1.0656170845031738,1.3366440534591675,89.8137037037037,0.75,2,6,93.28907407407408,0.7107722163200378,20.388544,75.3248,-208.53778076171875,2.938667579933449
5KPE_2_6_8_id6,1.2056177854537964,1.210854411125183,88.46833333333333,0.73,2,6,93.28907407407408,0.7107722163200378,20.388544,75.3248,-221.3823699951172,2.950621993453414
5KPE_2_6_8_id7,1.0287978649139404,1.3865025043487549,88.7139814814815,0.75,2,6,93.28907407407408,0.7107722163200378,20.388544,75.3248,-218.59429931640625,2.989606504087095
5KPE_2_6_8_id8,1.2958879470825195,1.1970434188842773,86.90620370370371,0.71,2,6,93.28907407407408,0.7107722163200378,20.388544,75.3248,-221.41586303710935,2.743872183340568
5KPE_2_6_8_id9,1.0072671175003052,1.2832069396972656,92.74574074074074,0.81,2,6,93.28907407407408,0.7107722163200378,20.388544,75.3248,-221.14788818359372,2.837192111545139
5KPE_2_6_9_id0,1.3437212705612183,1.104272484779358,88.0826851851852,0.76,2,6,95.2987962962963,0.5640602111816406,20.21626,73.83655,-225.99966430664065,2.889903880931713
5KPE_2_6_9_id1,1.5500258207321167,0.9511979818344116,91.2372222222222,0.79,2,6,95.2987962962963,0.5640602111816406,20.21626,73.83655,-225.68560791015625,2.902236090766059
5KPE_2_6_9_id10,1.6939717531204224,1.183687448501587,87.41037037037034,0.74,2,6,95.2987962962963,0.5640602111816406,20.21626,73.83655,-226.8023681640625,3.208710281937211
5KPE_2_6_9_id11,0.9494163990020752,1.2449151277542114,88.06907407407408,0.71,2,6,95.2987962962963,0.5640602111816406,20.21626,73.83655,-225.95361328125,3.078601413302952
5KPE_2_6_9_id12,1.5458787679672241,0.887224555015564,91.11148148148148,0.77,2,6,95.2987962962963,0.5640602111816406,20.21626,73.83655,-225.96913146972656,3.039311161747685
5KPE_2_6_9_id13,1.2131139039993286,1.0307704210281372,91.16750000000002,0.79,2,6,95.2987962962963,0.5640602111816406,20.21626,73.83655,-222.3711700439453,2.8980481183087385
5KPE_2_6_9_id14,1.4994585514068604,0.9704951643943787,91.1789814814815,0.76,2,6,95.2987962962963,0.5640602111816406,20.21626,73.83655,-224.1826629638672,2.838147198712384
5KPE_2_6_9_id15,1.2004584074020386,0.9379733204841614,89.88277777777778,0.76,2,6,95.2987962962963,0.5640602111816406,20.21626,73.83655,-224.6840362548828,3.051662868923611
5KPE_2_6_9_id16,0.9063939452171326,1.6456161737442017,91.27333333333334,0.79,2,6,95.2987962962963,0.5640602111816406,20.21626,73.83655,-228.3477478027344,2.9599264639395253
5KPE_2_6_9_id17,1.03499436378479,1.2400975227355957,88.79361111111112,0.75,2,6,95.2987962962963,0.5640602111816406,20.21626,73.83655,-224.03530883789065,3.07157474093967
5KPE_2_6_9_id18,1.564104676246643,1.067020058631897,91.21574074074076,0.78,2,6,95.2987962962963,0.5640602111816406,20.21626,73.83655,-227.0426483154297,3.1026633933738426
5KPE_2_6_9_id19,1.6652734279632568,0.9691897034645081,93.64629629629628,0.82,2,6,95.2987962962963,0.5640602111816406,20.21626,73.83655,-225.3890380859375,2.978045428240741
5KPE_2_6_9_id2,1.6803042888641357,0.8762821555137634,90.79574074074074,0.79,2,6,95.2987962962963,0.5640602111816406,20.21626,73.83655,-221.43753051757807,3.072527284975405
5KPE_2_6_9_id20,1.216322898864746,1.1737936735153198,88.92731481481484,0.74,2,6,95.2987962962963,0.5640602111816406,20.21626,73.83655,-225.7187957763672,2.7488069887514466
5KPE_2_6_9_id21,1.2185673713684082,1.1473705768585205,88.57935185185185,0.74,2,6,95.2987962962963,0.5640602111816406,20.21626,73.83655,-224.06407165527344,3.013249150028935
5KPE_2_6_9_id22,1.4646992683410645,1.1181249618530273,91.62888888888892,0.78,2,6,95.2987962962963,0.5640602111816406,20.21626,73.83655,-224.40940856933597,2.990633646647136
5KPE_2_6_9_id23,1.257624864578247,1.0578128099441528,90.60675925925923,0.77,2,6,95.2987962962963,0.5640602111816406,20.21626,73.83655,-226.83067321777344,3.149614687319155
5KPE_2_6_9_id3,1.6097619533538818,1.1034237146377563,90.48,0.76,2,6,95.2987962962963,0.5640602111816406,20.21626,73.83655,-225.28128051757807,3.1189055266203702
5KPE_2_6_9_id4,1.6895668506622314,0.9961322546005249,92.94388888888888,0.81,2,6,95.2987962962963,0.5640602111816406,20.21626,73.83655,-226.22169494628903,3.0789557562934027
5KPE_2_6_9_id5,0.9871083498001099,1.3327053785324097,87.6850925925926,0.7,2,6,95.2987962962963,0.5640602111816406,20.21626,73.83655,-226.73171997070312,3.0462643658673323
5KPE_2_6_9_id6,1.1896710395812988,1.0311403274536133,87.59592592592591,0.73,2,6,95.2987962962963,0.5640602111816406,20.21626,73.83655,-222.46905517578125,2.935771800853588
5KPE_2_6_9_id7,1.8024160861968994,0.9557669758796692,93.54351851851854,0.83,2,6,95.2987962962963,0.5640602111816406,20.21626,73.83655,-226.62689208984372,3.190016569914641
5KPE_2_6_9_id8,1.1104698181152344,1.0920222997665405,89.27685185185186,0.74,2,6,95.2987962962963,0.5640602111816406,20.21626,73.83655,-225.6913299560547,2.911757292570891
5KPE_2_6_9_id9,1.4703974723815918,1.0500589609146118,88.76490740740739,0.76,2,6,95.2987962962963,0.5640602111816406,20.21626,73.83655,-226.37501525878903,2.823343347620081
5KPE_2_8_0_id0,1.5992799997329712,1.109437108039856,85.37157407407409,0.7,2,8,90.80611111111112,0.532431960105896,20.278904,73.07307,-220.93951416015625,2.9146770901150174
5KPE_2_8_0_id1,1.289391279220581,1.1110785007476807,88.33046296296295,0.72,2,8,90.80611111111112,0.532431960105896,20.278904,73.07307,-221.74652099609372,3.001646253797743
5KPE_2_8_0_id10,1.3929316997528076,1.076723337173462,89.15407407407409,0.75,2,8,90.80611111111112,0.532431960105896,20.278904,73.07307,-220.2135772705078,2.8292160034179688
5KPE_2_8_0_id11,1.5985634326934814,1.0229017734527588,88.53398148148148,0.75,2,8,90.80611111111112,0.532431960105896,20.278904,73.07307,-217.66412353515625,2.748290450484664
5KPE_2_8_0_id12,1.5018876791000366,1.592624545097351,92.77694444444444,0.77,2,8,90.80611111111112,0.532431960105896,20.278904,73.07307,-220.72251892089844,3.079636185257524
5KPE_2_8_0_id13,1.2390708923339844,1.0107249021530151,85.72759259259257,0.7,2,8,90.80611111111112,0.532431960105896,20.278904,73.07307,-217.09732055664065,3.0742724383318865
5KPE_2_8_0_id14,1.1919304132461548,1.1912786960601807,86.76435185185186,0.69,2,8,90.80611111111112,0.532431960105896,20.278904,73.07307,-220.3824462890625,3.048344647442853
5KPE_2_8_0_id15,1.3624968528747559,1.1133981943130493,87.32148148148147,0.74,2,8,90.80611111111112,0.532431960105896,20.278904,73.07307,-221.5930328369141,2.968123259367766
5KPE_2_8_0_id16,1.009316325187683,1.1369272470474243,88.86518518518521,0.74,2,8,90.80611111111112,0.532431960105896,20.278904,73.07307,-222.9413909912109,3.0390613697193287
5KPE_2_8_0_id17,1.368287444114685,1.2544571161270142,87.05583333333334,0.72,2,8,90.80611111111112,0.532431960105896,20.278904,73.07307,-219.5702667236328,2.91182765254268
5KPE_2_8_0_id18,1.3931658267974854,1.02886164188385,88.05435185185186,0.75,2,8,90.80611111111112,0.532431960105896,20.278904,73.07307,-218.04714965820312,2.7760179307725696
5KPE_2_8_0_id19,0.9228914380073547,1.396409511566162,90.00601851851852,0.75,2,8,90.80611111111112,0.532431960105896,20.278904,73.07307,-217.3816375732422,2.9896811026114003
5KPE_2_8_0_id2,1.5929933786392212,1.2393213510513306,89.1964814814815,0.73,2,8,90.80611111111112,0.532431960105896,20.278904,73.07307,-221.5367126464844,2.8806559244791665
5KPE_2_8_0_id20,1.1813220977783203,1.1077089309692383,87.4098148148148,0.71,2,8,90.80611111111112,0.532431960105896,20.278904,73.07307,-221.7984313964844,3.130971555356626
5KPE_2_8_0_id21,1.4252703189849854,1.2474174499511719,86.62194444444445,0.72,2,8,90.80611111111112,0.532431960105896,20.278904,73.07307,-217.92410278320312,3.06679450141059
5KPE_2_8_0_id22,1.4414738416671753,1.0742849111557007,88.15935185185187,0.72,2,8,90.80611111111112,0.532431960105896,20.278904,73.07307,-219.11697387695312,3.0245915165653936
5KPE_2_8_0_id23,0.990106463432312,1.0743461847305298,87.95435185185185,0.73,2,8,90.80611111111112,0.532431960105896,20.278904,73.07307,-221.6484222412109,2.9769535771122686
5KPE_2_8_0_id3,1.3909565210342407,1.0374659299850464,87.6977777777778,0.71,2,8,90.80611111111112,0.532431960105896,20.278904,73.07307,-221.937744140625,2.9496143482349537
5KPE_2_8_0_id4,1.056959629058838,0.988478422164917,90.4876851851852,0.77,2,8,90.80611111111112,0.532431960105896,20.278904,73.07307,-220.0934295654297,3.125214188187211
5KPE_2_8_0_id5,0.9174134135246277,1.2376824617385864,88.90444444444444,0.76,2,8,90.80611111111112,0.532431960105896,20.278904,73.07307,-220.23919677734372,3.044312653718172
5KPE_2_8_0_id6,1.0590027570724487,1.5905903577804565,88.39342592592591,0.75,2,8,90.80611111111112,0.532431960105896,20.278904,73.07307,-218.68682861328125,2.911094382957176
5KPE_2_8_0_id7,1.4637565612792969,1.2330243587493896,85.48398148148146,0.68,2,8,90.80611111111112,0.532431960105896,20.278904,73.07307,-221.1390380859375,3.0401978669343173
5KPE_2_8_0_id8,1.2496585845947266,1.2971901893615723,89.87583333333332,0.76,2,8,90.80611111111112,0.532431960105896,20.278904,73.07307,-217.20681762695312,2.7363835087528936
5KPE_2_8_0_id9,1.0816986560821533,1.1474089622497559,86.49194444444447,0.73,2,8,90.80611111111112,0.532431960105896,20.278904,73.07307,-220.7539978027344,2.711091783311632
5KPE_2_8_1_id0,1.2531170845031738,0.8998181819915771,91.04425925925923,0.78,2,8,89.77796296296295,0.6932982802391052,20.434319,74.70899,-219.64334106445312,2.9381586710611978
5KPE_2_8_1_id1,1.2033792734146118,1.0486528873443604,88.19583333333333,0.72,2,8,89.77796296296295,0.6932982802391052,20.434319,74.70899,-223.707275390625,2.995314421477141
5KPE_2_8_1_id10,1.3608663082122803,1.1170382499694824,89.1986111111111,0.76,2,8,89.77796296296295,0.6932982802391052,20.434319,74.70899,-221.2417449951172,3.069305419921875
5KPE_2_8_1_id11,1.5143216848373413,1.1756960153579712,91.6637962962963,0.79,2,8,89.77796296296295,0.6932982802391052,20.434319,74.70899,-219.57020568847656,3.160754733615452
5KPE_2_8_1_id12,1.13909912109375,1.5625971555709839,92.10259259259256,0.82,2,8,89.77796296296295,0.6932982802391052,20.434319,74.70899,-220.4005889892578,3.036162482367621
5KPE_2_8_1_id13,1.190179705619812,1.1330989599227905,92.89824074074072,0.81,2,8,89.77796296296295,0.6932982802391052,20.434319,74.70899,-221.23825073242188,3.140321519639757
5KPE_2_8_1_id14,1.4810235500335693,0.9870915412902832,89.6138888888889,0.76,2,8,89.77796296296295,0.6932982802391052,20.434319,74.70899,-223.56423950195312,3.087226585105613
5KPE_2_8_1_id15,1.4456768035888672,1.0287115573883057,89.38564814814815,0.73,2,8,89.77796296296295,0.6932982802391052,20.434319,74.70899,-217.4285125732422,3.244489599157262
5KPE_2_8_1_id16,1.647049903869629,1.1186473369598389,90.97870370370369,0.79,2,8,89.77796296296295,0.6932982802391052,20.434319,74.70899,-222.41587829589844,3.086574413158276
5KPE_2_8_1_id17,1.7532497644424438,0.9172511696815491,94.51509259259258,0.83,2,8,89.77796296296295,0.6932982802391052,20.434319,74.70899,-219.20037841796875,2.990727177372685
5KPE_2_8_1_id18,1.4519922733306885,1.0781430006027222,90.72305555555558,0.77,2,8,89.77796296296295,0.6932982802391052,20.434319,74.70899,-223.65621948242188,3.0534696225766784
5KPE_2_8_1_id19,1.2259303331375122,1.1663180589675903,89.1689814814815,0.73,2,8,89.77796296296295,0.6932982802391052,20.434319,74.70899,-220.9244384765625,3.170795299388744
5KPE_2_8_1_id2,1.7100154161453247,1.0710886716842651,91.55018518518516,0.79,2,8,89.77796296296295,0.6932982802391052,20.434319,74.70899,-222.60081481933597,3.1727772465458624
5KPE_2_8_1_id20,1.2783915996551514,1.1394188404083252,90.1158333333333,0.79,2,8,89.77796296296295,0.6932982802391052,20.434319,74.70899,-224.20005798339844,3.2648213704427085
5KPE_2_8_1_id21,1.456204891204834,0.9547162055969238,89.69787037037037,0.77,2,8,89.77796296296295,0.6932982802391052,20.434319,74.70899,-223.0015106201172,3.086000230577257
5KPE_2_8_1_id22,1.4041599035263062,1.0131958723068237,87.28814814814815,0.73,2,8,89.77796296296295,0.6932982802391052,20.434319,74.70899,-223.2799835205078,2.996015195493345
5KPE_2_8_1_id23,1.71937894821167,0.9927467703819275,92.32953703703704,0.79,2,8,89.77796296296295,0.6932982802391052,20.434319,74.70899,-224.0402069091797,2.92571767171224
5KPE_2_8_1_id3,1.8350318670272827,0.9426413774490356,90.50333333333334,0.77,2,8,89.77796296296295,0.6932982802391052,20.434319,74.70899,-222.3419189453125,3.103632043909144
5KPE_2_8_1_id4,1.3896101713180542,1.168952226638794,90.86935185185185,0.78,2,8,89.77796296296295,0.6932982802391052,20.434319,74.70899,-217.97833251953125,2.93118738245081
5KPE_2_8_1_id5,1.2665818929672241,1.0418049097061157,90.0136111111111,0.76,2,8,89.77796296296295,0.6932982802391052,20.434319,74.70899,-224.61888122558597,3.046266061288339
5KPE_2_8_1_id6,1.1163411140441895,1.263915777206421,93.61916666666669,0.84,2,8,89.77796296296295,0.6932982802391052,20.434319,74.70899,-219.9025115966797,3.04844891583478
5KPE_2_8_1_id7,1.5548211336135864,1.0281713008880615,93.89148148148148,0.82,2,8,89.77796296296295,0.6932982802391052,20.434319,74.70899,-224.13912963867188,3.173403139467593
5KPE_2_8_1_id8,1.2089130878448486,1.1439857482910156,88.14037037037039,0.71,2,8,89.77796296296295,0.6932982802391052,20.434319,74.70899,-220.35650634765625,3.2928297254774304
5KPE_2_8_1_id9,1.1224040985107422,1.6414583921432495,93.39509259259258,0.83,2,8,89.77796296296295,0.6932982802391052,20.434319,74.70899,-222.51893615722656,3.058093318232784
5KPE_2_8_2_id0,1.2531580924987793,1.18946373462677,89.08435185185186,0.75,2,8,94.71222222222222,0.5293660759925842,19.967705,71.7622,-219.28038024902344,2.773569177698206
5KPE_2_8_2_id1,1.6163983345031738,1.4675166606903076,90.58481481481483,0.78,2,8,94.71222222222222,0.5293660759925842,19.967705,71.7622,-217.7819976806641,2.832234983091001
5KPE_2_8_2_id10,1.3712211847305298,1.0776361227035522,91.50444444444445,0.78,2,8,94.71222222222222,0.5293660759925842,19.967705,71.7622,-223.790283203125,2.667939927842882
5KPE_2_8_2_id11,1.1479661464691162,1.1876256465911865,89.7524074074074,0.76,2,8,94.71222222222222,0.5293660759925842,19.967705,71.7622,-220.8896484375,2.7482257419162326
5KPE_2_8_2_id12,1.7703758478164673,1.1028640270233154,85.75972222222224,0.71,2,8,94.71222222222222,0.5293660759925842,19.967705,71.7622,-218.1089324951172,2.89363917598018
5KPE_2_8_2_id13,1.4879765510559082,0.9498323798179626,89.30314814814814,0.74,2,8,94.71222222222222,0.5293660759925842,19.967705,71.7622,-220.5431365966797,2.763750994646991
5KPE_2_8_2_id14,1.4021843671798706,1.3231717348098755,88.96203703703704,0.75,2,8,94.71222222222222,0.5293660759925842,19.967705,71.7622,-214.63331604003903,2.756933706778068
5KPE_2_8_2_id15,1.083124041557312,0.9171618223190308,84.70037037037038,0.67,2,8,94.71222222222222,0.5293660759925842,19.967705,71.7622,-222.0205535888672,2.8904266357421875
5KPE_2_8_2_id16,1.0631552934646606,1.091768503189087,90.43768518518516,0.76,2,8,94.71222222222222,0.5293660759925842,19.967705,71.7622,-224.3446350097656,2.7742066559968173
5KPE_2_8_2_id17,0.9815065860748291,1.621445655822754,90.95416666666668,0.79,2,8,94.71222222222222,0.5293660759925842,19.967705,71.7622,-221.96202087402344,2.8089124891493054
5KPE_2_8_2_id18,1.4532794952392578,0.9388935565948486,89.34250000000002,0.77,2,8,94.71222222222222,0.5293660759925842,19.967705,71.7622,-218.4350433349609,2.7900122183340565
5KPE_2_8_2_id19,1.1507071256637573,1.0945312976837158,90.4340740740741,0.77,2,8,94.71222222222222,0.5293660759925842,19.967705,71.7622,-221.8102264404297,2.9125357733832464
5KPE_2_8_2_id2,1.1600319147109985,1.1471636295318604,90.07527777777776,0.78,2,8,94.71222222222222,0.5293660759925842,19.967705,71.7622,-221.08230590820312,2.7823415685583046
5KPE_2_8_2_id20,1.5477312803268433,1.1340440511703491,91.5513888888889,0.78,2,8,94.71222222222222,0.5293660759925842,19.967705,71.7622,-216.99105834960935,2.6888179072627314
5KPE_2_8_2_id21,1.1791152954101562,1.170087218284607,87.85509259259261,0.71,2,8,94.71222222222222,0.5293660759925842,19.967705,71.7622,-220.2489318847656,2.69980310510706
5KPE_2_8_2_id22,1.03756582736969,1.634350299835205,90.95416666666668,0.79,2,8,94.71222222222222,0.5293660759925842,19.967705,71.7622,-220.0558013916016,2.848213195800781
5KPE_2_8_2_id23,1.312530517578125,1.1243184804916382,90.84277777777775,0.76,2,8,94.71222222222222,0.5293660759925842,19.967705,71.7622,-220.14926147460935,2.5574973777488426
5KPE_2_8_2_id3,1.2015444040298462,1.1381527185440063,84.68620370370371,0.69,2,8,94.71222222222222,0.5293660759925842,19.967705,71.7622,-219.59158325195312,2.7155919958043984
5KPE_2_8_2_id4,1.237753987312317,1.4228578805923462,88.48833333333333,0.73,2,8,94.71222222222222,0.5293660759925842,19.967705,71.7622,-221.3963165283203,2.7788789537217884
5KPE_2_8_2_id5,1.1727800369262695,1.173334002494812,90.21148148148148,0.76,2,8,94.71222222222222,0.5293660759925842,19.967705,71.7622,-222.55587768554688,2.80357586895978
5KPE_2_8_2_id6,1.9739243984222412,1.2205842733383179,89.96240740740741,0.77,2,8,94.71222222222222,0.5293660759925842,19.967705,71.7622,-222.9310302734375,2.800795378508391
5KPE_2_8_2_id7,1.1530312299728394,1.1402976512908936,87.72601851851852,0.71,2,8,94.71222222222222,0.5293660759925842,19.967705,71.7622,-222.86471557617188,2.5712237887912326
5KPE_2_8_2_id8,1.210446834564209,1.2600157260894775,86.05425925925925,0.71,2,8,94.71222222222222,0.5293660759925842,19.967705,71.7622,-219.86631774902344,2.9222728587962963
5KPE_2_8_2_id9,1.22771418094635,1.4109965562820435,91.3099074074074,0.8,2,8,94.71222222222222,0.5293660759925842,19.967705,71.7622,-223.1286773681641,2.677071182816117
5KPE_2_8_3_id0,1.1640760898590088,1.5862500667572021,91.5374074074074,0.79,2,8,91.9575925925926,0.6662067770957947,20.441076,74.39775,-213.1980438232422,2.772857100875289
5KPE_2_8_3_id1,1.2328845262527466,1.4708572626113892,87.44935185185184,0.7,2,8,91.9575925925926,0.6662067770957947,20.441076,74.39775,-209.468505859375,2.737287168149595
5KPE_2_8_3_id10,1.1108217239379883,1.2163320779800415,89.44712962962964,0.74,2,8,91.9575925925926,0.6662067770957947,20.441076,74.39775,-214.0394287109375,2.999999434859664
5KPE_2_8_3_id11,1.5277178287506104,1.2144243717193604,88.70425925925927,0.73,2,8,91.9575925925926,0.6662067770957947,20.441076,74.39775,-216.7764892578125,2.852897361472801
5KPE_2_8_3_id12,1.4408150911331177,1.388779878616333,88.90879629629632,0.73,2,8,91.9575925925926,0.6662067770957947,20.441076,74.39775,-213.5360107421875,2.899829723216869
5KPE_2_8_3_id13,1.28314208984375,1.3780920505523682,90.06787037037039,0.76,2,8,91.9575925925926,0.6662067770957947,20.441076,74.39775,-214.39535522460935,2.667884826660156
5KPE_2_8_3_id14,1.619287371635437,1.223769187927246,87.55157407407407,0.71,2,8,91.9575925925926,0.6662067770957947,20.441076,74.39775,-215.5816650390625,2.8655355947989003
5KPE_2_8_3_id15,1.340516448020935,1.437615156173706,91.00537037037036,0.78,2,8,91.9575925925926,0.6662067770957947,20.441076,74.39775,-215.74392700195312,2.789821483470776
5KPE_2_8_3_id16,1.1765270233154297,1.2671383619308472,90.98379629629632,0.79,2,8,91.9575925925926,0.6662067770957947,20.441076,74.39775,-218.09686279296875,2.947307445384838
5KPE_2_8_3_id17,1.141716718673706,1.3483787775039673,89.92814814814813,0.75,2,8,91.9575925925926,0.6662067770957947,20.441076,74.39775,-213.2823028564453,2.8329535590277777
5KPE_2_8_3_id18,1.290947675704956,1.4555821418762207,90.44111111111113,0.75,2,8,91.9575925925926,0.6662067770957947,20.441076,74.39775,-214.8356170654297,3.029339825665509
5KPE_2_8_3_id19,1.290956735610962,1.3168967962265015,89.16916666666665,0.74,2,8,91.9575925925926,0.6662067770957947,20.441076,74.39775,-213.43096923828125,2.836593062789352
5KPE_2_8_3_id2,1.68834388256073,1.3441596031188965,94.02583333333337,0.83,2,8,91.9575925925926,0.6662067770957947,20.441076,74.39775,-213.5711669921875,2.9788840964988426
5KPE_2_8_3_id20,1.0965356826782227,1.4388662576675415,89.85629629629629,0.79,2,8,91.9575925925926,0.6662067770957947,20.441076,74.39775,-216.1000518798828,2.615589283130787
5KPE_2_8_3_id21,1.1436047554016113,1.4668662548065186,89.37601851851852,0.77,2,8,91.9575925925926,0.6662067770957947,20.441076,74.39775,-215.10287475585935,2.8450130886501737
5KPE_2_8_3_id22,1.859826922416687,1.4634912014007568,91.21305555555556,0.8,2,8,91.9575925925926,0.6662067770957947,20.441076,74.39775,-214.8982086181641,3.189210114655672
5KPE_2_8_3_id23,1.0746254920959473,1.5028281211853027,90.1652777777778,0.79,2,8,91.9575925925926,0.6662067770957947,20.441076,74.39775,-212.990234375,2.750945479781539
5KPE_2_8_3_id3,1.7146672010421753,1.29923415184021,92.82074074074072,0.82,2,8,91.9575925925926,0.6662067770957947,20.441076,74.39775,-214.30288696289065,2.8334958111798323
5KPE_2_8_3_id4,1.6429554224014282,1.2634738683700562,87.9710185185185,0.73,2,8,91.9575925925926,0.6662067770957947,20.441076,74.39775,-217.11045837402344,2.976289537217882
5KPE_2_8_3_id5,0.9709815382957458,1.6075626611709595,90.31925925925928,0.77,2,8,91.9575925925926,0.6662067770957947,20.441076,74.39775,-212.4741058349609,3.0344611273871527
5KPE_2_8_3_id6,1.399003267288208,1.2840031385421753,89.5137037037037,0.75,2,8,91.9575925925926,0.6662067770957947,20.441076,74.39775,-212.2935791015625,2.8547852127640336
5KPE_2_8_3_id7,1.0453205108642578,1.620528221130371,87.71925925925927,0.71,2,8,91.9575925925926,0.6662067770957947,20.441076,74.39775,-213.27923583984372,2.8324610392252603
5KPE_2_8_3_id8,1.0376116037368774,1.5073145627975464,88.93398148148147,0.74,2,8,91.9575925925926,0.6662067770957947,20.441076,74.39775,-213.42642211914065,3.0018400969328702
5KPE_2_8_3_id9,1.1618601083755493,1.3245364427566528,87.27935185185187,0.72,2,8,91.9575925925926,0.6662067770957947,20.441076,74.39775,-215.18576049804688,2.887044835973669
5KPE_2_8_4_id0,1.4588747024536133,1.0391789674758911,91.37444444444444,0.77,2,8,91.38083333333331,0.694826066493988,20.770712,76.277885,-224.17172241210935,3.112431278935185
5KPE_2_8_4_id1,1.46291184425354,1.1505929231643677,87.63212962962963,0.72,2,8,91.38083333333331,0.694826066493988,20.770712,76.277885,-221.7042694091797,2.69890453197338
5KPE_2_8_4_id10,1.1214784383773804,1.3036175966262817,89.56916666666666,0.76,2,8,91.38083333333331,0.694826066493988,20.770712,76.277885,-222.26467895507807,3.021610966435185
5KPE_2_8_4_id11,1.1954030990600586,1.0736215114593506,89.12342592592593,0.73,2,8,91.38083333333331,0.694826066493988,20.770712,76.277885,-223.1878204345703,2.965571650752315
5KPE_2_8_4_id12,1.3307093381881714,1.0418134927749634,87.53740740740739,0.7,2,8,91.38083333333331,0.694826066493988,20.770712,76.277885,-223.28271484375,2.699120698151765
5KPE_2_8_4_id13,1.0867735147476196,1.1150861978530884,86.98444444444443,0.7,2,8,91.38083333333331,0.694826066493988,20.770712,76.277885,-222.731689453125,2.860686690719039
5KPE_2_8_4_id14,1.3144450187683105,1.064064383506775,86.6427777777778,0.69,2,8,91.38083333333331,0.694826066493988,20.770712,76.277885,-222.4581298828125,2.79251946343316
5KPE_2_8_4_id15,1.3032317161560059,1.3190743923187256,88.05037037037037,0.74,2,8,91.38083333333331,0.694826066493988,20.770712,76.277885,-222.0186462402344,2.767959312156395
5KPE_2_8_4_id16,1.1301199197769165,1.6106544733047485,89.69592592592595,0.76,2,8,91.38083333333331,0.694826066493988,20.770712,76.277885,-223.03607177734372,2.822472466362848
5KPE_2_8_4_id17,1.102124571800232,1.1209768056869507,86.68185185185185,0.7,2,8,91.38083333333331,0.694826066493988,20.770712,76.277885,-221.0145263671875,2.943360505280672
5KPE_2_8_4_id18,1.0559748411178589,1.6806888580322266,89.79435185185184,0.79,2,8,91.38083333333331,0.694826066493988,20.770712,76.277885,-222.6553955078125,3.0953620628074363
5KPE_2_8_4_id19,1.5260565280914307,1.3069617748260498,91.50342592592594,0.79,2,8,91.38083333333331,0.694826066493988,20.770712,76.277885,-218.84815979003903,2.9094080041956016
5KPE_2_8_4_id2,1.2800438404083252,1.126899242401123,85.14361111111113,0.67,2,8,91.38083333333331,0.694826066493988,20.770712,76.277885,-220.5193634033203,2.975605717411748
5KPE_2_8_4_id20,1.1766494512557983,1.2653522491455078,88.36722222222224,0.73,2,8,91.38083333333331,0.694826066493988,20.770712,76.277885,-222.81008911132807,2.835916024667245
5KPE_2_8_4_id21,0.9042272567749023,1.541450023651123,90.8350925925926,0.76,2,8,91.38083333333331,0.694826066493988,20.770712,76.277885,-221.5505828857422,3.0164461489076966
5KPE_2_8_4_id22,0.8525832891464233,1.413880467414856,88.02749999999999,0.7,2,8,91.38083333333331,0.694826066493988,20.770712,76.277885,-221.48590087890625,3.0136371188693576
5KPE_2_8_4_id23,1.0391701459884644,1.353903889656067,87.46453703703703,0.7,2,8,91.38083333333331,0.694826066493988,20.770712,76.277885,-223.00076293945312,2.9133803756148726
5KPE_2_8_4_id3,1.3055710792541504,1.0789533853530884,88.53814814814815,0.73,2,8,91.38083333333331,0.694826066493988,20.770712,76.277885,-219.96615600585935,2.867869906955295
5KPE_2_8_4_id4,1.1737202405929565,1.062422275543213,88.19388888888888,0.73,2,8,91.38083333333331,0.694826066493988,20.770712,76.277885,-223.53977966308597,2.7340164184570312
5KPE_2_8_4_id5,1.52300226688385,1.1074928045272827,89.00592592592592,0.75,2,8,91.38083333333331,0.694826066493988,20.770712,76.277885,-220.4283447265625,3.1027696397569446
5KPE_2_8_4_id6,1.1528691053390503,1.220970869064331,89.29009259259261,0.75,2,8,91.38083333333331,0.694826066493988,20.770712,76.277885,-222.162841796875,2.95185880307798
5KPE_2_8_4_id7,1.3819319009780884,1.0919708013534546,88.43601851851852,0.71,2,8,91.38083333333331,0.694826066493988,20.770712,76.277885,-222.05133056640625,2.876931367097077
5KPE_2_8_4_id8,0.847392201423645,1.47042715549469,90.2587037037037,0.76,2,8,91.38083333333331,0.694826066493988,20.770712,76.277885,-221.58773803710935,2.8587646484375
5KPE_2_8_4_id9,1.5021981000900269,0.9499396085739136,91.24203703703706,0.78,2,8,91.38083333333331,0.694826066493988,20.770712,76.277885,-222.89157104492188,2.9241403650354454
5KPE_2_8_5_id0,1.3591485023498535,0.9997319579124451,84.33398148148147,0.68,2,8,90.32111111111112,0.7586331367492676,19.9959,74.97805,-218.8165740966797,3.167834529170284
5KPE_2_8_5_id1,1.705612301826477,1.2490167617797852,90.7766666666667,0.81,2,8,90.32111111111112,0.7586331367492676,19.9959,74.97805,-221.3422393798828,3.086112693504051
5KPE_2_8_5_id10,1.3157422542572021,1.0005067586898804,90.07027777777778,0.77,2,8,90.32111111111112,0.7586331367492676,19.9959,74.97805,-220.54519653320312,3.182743778935185
5KPE_2_8_5_id11,1.1732434034347534,1.1747140884399414,90.33953703703706,0.78,2,8,90.32111111111112,0.7586331367492676,19.9959,74.97805,-221.1539459228516,3.0923868815104165
5KPE_2_8_5_id12,1.5546205043792725,1.2259271144866943,89.87972222222226,0.76,2,8,90.32111111111112,0.7586331367492676,19.9959,74.97805,-219.85006713867188,2.9692555180302374
5KPE_2_8_5_id13,1.0489790439605713,1.741624355316162,93.08694444444446,0.82,2,8,90.32111111111112,0.7586331367492676,19.9959,74.97805,-216.94549560546875,3.146429273817274
5KPE_2_8_5_id14,1.0155514478683472,1.2144052982330322,90.6477777777778,0.77,2,8,90.32111111111112,0.7586331367492676,19.9959,74.97805,-219.02230834960935,2.951427318431713
5KPE_2_8_5_id15,1.0129128694534302,1.590510368347168,90.3037037037037,0.75,2,8,90.32111111111112,0.7586331367492676,19.9959,74.97805,-213.69332885742188,3.005684746636285
5KPE_2_8_5_id16,1.1592813730239868,1.3633252382278442,87.93768518518519,0.71,2,8,90.32111111111112,0.7586331367492676,19.9959,74.97805,-214.3876953125,3.494996247468172
5KPE_2_8_5_id17,1.1526603698730469,1.2157671451568604,92.71796296296296,0.83,2,8,90.32111111111112,0.7586331367492676,19.9959,74.97805,-221.4547576904297,3.2579238326461226
5KPE_2_8_5_id18,1.3225502967834473,0.9666794538497925,85.6162037037037,0.69,2,8,90.32111111111112,0.7586331367492676,19.9959,74.97805,-221.771240234375,3.126797146267361
5KPE_2_8_5_id19,1.6605044603347778,1.1072230339050293,92.17481481481482,0.81,2,8,90.32111111111112,0.7586331367492676,19.9959,74.97805,-220.69985961914065,3.235587226019965
5KPE_2_8_5_id2,1.485346794128418,1.0389484167099,92.24268518518518,0.81,2,8,90.32111111111112,0.7586331367492676,19.9959,74.97805,-219.40737915039065,3.014368975604022
5KPE_2_8_5_id20,1.4160971641540527,1.083432912826538,88.55583333333333,0.73,2,8,90.32111111111112,0.7586331367492676,19.9959,74.97805,-222.2668914794922,2.9935421413845487
5KPE_2_8_5_id21,1.3867981433868408,1.1021459102630615,88.13101851851852,0.73,2,8,90.32111111111112,0.7586331367492676,19.9959,74.97805,-219.40863037109372,3.009372004756221
5KPE_2_8_5_id22,0.9383525252342224,1.5371547937393188,91.3712962962963,0.8,2,8,90.32111111111112,0.7586331367492676,19.9959,74.97805,-221.10992431640625,3.117874993218316
5KPE_2_8_5_id23,1.803109884262085,1.0397026538848877,90.53305555555552,0.77,2,8,90.32111111111112,0.7586331367492676,19.9959,74.97805,-220.1900329589844,3.11984450728805
5KPE_2_8_5_id3,1.6052489280700684,1.064459204673767,90.8737037037037,0.8,2,8,90.32111111111112,0.7586331367492676,19.9959,74.97805,-221.6537933349609,3.1368815104166665
5KPE_2_8_5_id4,0.8935604095458984,1.2496685981750488,90.5399074074074,0.77,2,8,90.32111111111112,0.7586331367492676,19.9959,74.97805,-218.8983917236328,3.382837931315104
5KPE_2_8_5_id5,1.6133967638015747,0.8327412009239197,91.43203703703703,0.8,2,8,90.32111111111112,0.7586331367492676,19.9959,74.97805,-219.4693603515625,3.037829363787616
5KPE_2_8_5_id6,1.5255258083343506,0.9117906093597412,87.93064814814814,0.71,2,8,90.32111111111112,0.7586331367492676,19.9959,74.97805,-220.6147308349609,3.045600608543113
5KPE_2_8_5_id7,1.3957102298736572,1.3322157859802246,91.13416666666666,0.79,2,8,90.32111111111112,0.7586331367492676,19.9959,74.97805,-221.4117431640625,3.1124502111364296
5KPE_2_8_5_id8,1.477197527885437,1.0359818935394287,88.51768518518514,0.73,2,8,90.32111111111112,0.7586331367492676,19.9959,74.97805,-215.89712524414065,3.4016316731770835
5KPE_2_8_5_id9,1.2158432006835938,1.3215221166610718,88.42916666666666,0.76,2,8,90.32111111111112,0.7586331367492676,19.9959,74.97805,-221.73907470703125,3.247694792570891
5KPE_2_8_6_id0,1.0889474153518677,1.4790825843811035,92.78037037037038,0.82,2,8,86.79925925925926,0.9644361138343812,20.378292,74.88644,-219.32220458984372,3.157177960431134
5KPE_2_8_6_id1,1.1692085266113281,1.6497424840927124,90.52777777777776,0.78,2,8,86.79925925925926,0.9644361138343812,20.378292,74.88644,-217.1422576904297,3.0330833152488426
5KPE_2_8_6_id10,0.970281183719635,1.6612523794174194,92.63444444444448,0.81,2,8,86.79925925925926,0.9644361138343812,20.378292,74.88644,-217.1953125,2.9443981029369213
5KPE_2_8_6_id11,1.3885517120361328,1.0395740270614624,88.89935185185185,0.76,2,8,86.79925925925926,0.9644361138343812,20.378292,74.88644,-220.38449096679688,2.8787547923900463
5KPE_2_8_6_id12,1.3669712543487549,0.8535138368606567,87.25314814814816,0.72,2,8,86.79925925925926,0.9644361138343812,20.378292,74.88644,-219.35952758789065,3.0516894305193865
5KPE_2_8_6_id13,1.2031257152557373,1.085127830505371,89.49796296296299,0.73,2,8,86.79925925925926,0.9644361138343812,20.378292,74.88644,-221.9860076904297,2.799663967556424
5KPE_2_8_6_id14,1.1255089044570923,1.2161614894866943,86.8714814814815,0.73,2,8,86.79925925925926,0.9644361138343812,20.378292,74.88644,-222.51239013671875,3.051169783980758
5KPE_2_8_6_id15,1.5219004154205322,1.196159839630127,89.42472222222223,0.76,2,8,86.79925925925926,0.9644361138343812,20.378292,74.88644,-219.95452880859372,2.949541162561488
5KPE_2_8_6_id16,1.017227292060852,1.4738287925720215,89.77583333333332,0.76,2,8,86.79925925925926,0.9644361138343812,20.378292,74.88644,-220.23426818847656,2.992283856427228
5KPE_2_8_6_id17,1.395262360572815,1.2047220468521118,88.76805555555558,0.73,2,8,86.79925925925926,0.9644361138343812,20.378292,74.88644,-221.03250122070312,3.063561333550348
5KPE_2_8_6_id18,1.4021897315979004,1.1167439222335815,87.29175925925927,0.71,2,8,86.79925925925926,0.9644361138343812,20.378292,74.88644,-220.14697265625,3.0957669858579284
5KPE_2_8_6_id19,0.9358795881271362,1.7827576398849487,89.09907407407408,0.74,2,8,86.79925925925926,0.9644361138343812,20.378292,74.88644,-219.9126739501953,3.1324180320457176
5KPE_2_8_6_id2,1.347649335861206,1.2604089975357056,90.70675925925924,0.77,2,8,86.79925925925926,0.9644361138343812,20.378292,74.88644,-217.02279663085935,2.7760371455439814
5KPE_2_8_6_id20,1.314421534538269,1.2544949054718018,91.19305555555556,0.78,2,8,86.79925925925926,0.9644361138343812,20.378292,74.88644,-218.27630615234372,2.9268697102864585
5KPE_2_8_6_id21,1.2873283624649048,1.214083194732666,89.42305555555558,0.77,2,8,86.79925925925926,0.9644361138343812,20.378292,74.88644,-220.73941040039065,2.999505784776476
5KPE_2_8_6_id22,1.1506158113479614,1.3075166940689087,88.0840740740741,0.73,2,8,86.79925925925926,0.9644361138343812,20.378292,74.88644,-219.86007690429688,2.9077074969256365
5KPE_2_8_6_id23,1.2000406980514526,1.2908101081848145,90.66148148148147,0.79,2,8,86.79925925925926,0.9644361138343812,20.378292,74.88644,-219.7960205078125,2.918190285011574
5KPE_2_8_6_id3,1.1033897399902344,1.323082447052002,86.1824074074074,0.69,2,8,86.79925925925926,0.9644361138343812,20.378292,74.88644,-218.1553497314453,2.9800742820457176
5KPE_2_8_6_id4,1.1255407333374023,1.1238445043563843,87.30583333333334,0.7,2,8,86.79925925925926,0.9644361138343812,20.378292,74.88644,-220.69448852539065,2.9688878942418984
5KPE_2_8_6_id5,1.4596611261367798,0.9727966785430908,87.32009259259259,0.71,2,8,86.79925925925926,0.9644361138343812,20.378292,74.88644,-222.1268310546875,2.953846119068287
5KPE_2_8_6_id6,1.0936650037765503,1.2158937454223633,89.98370370370372,0.76,2,8,86.79925925925926,0.9644361138343812,20.378292,74.88644,-218.0069580078125,3.024524547435619
5KPE_2_8_6_id7,0.9586480259895325,1.7608234882354736,89.39787037037037,0.75,2,8,86.79925925925926,0.9644361138343812,20.378292,74.88644,-218.57872009277344,3.160629272460937
5KPE_2_8_6_id8,0.9958413243293762,1.245724081993103,86.56425925925926,0.7,2,8,86.79925925925926,0.9644361138343812,20.378292,74.88644,-220.62403869628903,2.97216146963614
5KPE_2_8_6_id9,1.0927531719207764,1.520628809928894,87.08722222222221,0.71,2,8,86.79925925925926,0.9644361138343812,20.378292,74.88644,-220.5081787109375,3.1451088234230324
5KPE_2_8_7_id0,1.2877029180526733,1.23288893699646,86.82314814814815,0.69,2,8,92.63620370370369,0.5804163813591003,20.272322,75.55052,-218.0570526123047,3.04154290093316
5KPE_2_8_7_id1,1.140463948249817,1.2881159782409668,90.33509259259256,0.77,2,8,92.63620370370369,0.5804163813591003,20.272322,75.55052,-218.07797241210935,3.0066471806278936
5KPE_2_8_7_id10,1.2511401176452637,1.3801233768463135,85.63314814814815,0.69,2,8,92.63620370370369,0.5804163813591003,20.272322,75.55052,-217.2851104736328,3.116087454336661
5KPE_2_8_7_id11,1.4375932216644287,1.1573299169540405,89.37370370370371,0.77,2,8,92.63620370370369,0.5804163813591003,20.272322,75.55052,-217.0352020263672,3.079314902976708
5KPE_2_8_7_id12,0.8443871140480042,1.6788060665130615,91.72740740740744,0.8,2,8,92.63620370370369,0.5804163813591003,20.272322,75.55052,-219.0438232421875,2.84806795473452
5KPE_2_8_7_id13,1.0785857439041138,1.3712962865829468,90.63,0.76,2,8,92.63620370370369,0.5804163813591003,20.272322,75.55052,-215.9342498779297,2.961037812409577
5KPE_2_8_7_id14,1.0068260431289673,1.384584665298462,90.06611111111111,0.75,2,8,92.63620370370369,0.5804163813591003,20.272322,75.55052,-216.8989105224609,3.0851203070746527
5KPE_2_8_7_id15,1.183883547782898,1.3663268089294434,87.5022222222222,0.72,2,8,92.63620370370369,0.5804163813591003,20.272322,75.55052,-217.8735809326172,2.9802918610749423
5KPE_2_8_7_id16,1.6476759910583496,1.1931244134902954,88.16305555555557,0.71,2,8,92.63620370370369,0.5804163813591003,20.272322,75.55052,-210.8612060546875,2.975830078125
5KPE_2_8_7_id17,1.2685213088989258,1.15787935256958,88.86861111111112,0.75,2,8,92.63620370370369,0.5804163813591003,20.272322,75.55052,-218.46401977539065,2.710240681966146
5KPE_2_8_7_id18,1.5006686449050903,1.2496330738067627,91.65064814814816,0.79,2,8,92.63620370370369,0.5804163813591003,20.272322,75.55052,-219.8285675048828,2.8444445574725115
5KPE_2_8_7_id19,1.089824914932251,1.3513705730438232,90.1750925925926,0.75,2,8,92.63620370370369,0.5804163813591003,20.272322,75.55052,-217.20584106445312,3.1363997282805265
5KPE_2_8_7_id2,1.1871901750564575,1.161557912826538,90.1961111111111,0.76,2,8,92.63620370370369,0.5804163813591003,20.272322,75.55052,-218.3646697998047,3.085896809895833
5KPE_2_8_7_id20,1.2077670097351074,1.3992551565170288,88.99546296296297,0.73,2,8,92.63620370370369,0.5804163813591003,20.272322,75.55052,-214.56884765625,3.164685567220052
5KPE_2_8_7_id21,1.250514268875122,1.2175099849700928,88.79981481481482,0.76,2,8,92.63620370370369,0.5804163813591003,20.272322,75.55052,-218.54617309570312,3.0644559507016784
5KPE_2_8_7_id22,0.9923731684684753,1.6271893978118896,89.63916666666667,0.76,2,8,92.63620370370369,0.5804163813591003,20.272322,75.55052,-214.7292938232422,2.90022447374132
5KPE_2_8_7_id23,1.136824369430542,1.3255817890167236,92.08583333333335,0.79,2,8,92.63620370370369,0.5804163813591003,20.272322,75.55052,-218.19293212890625,2.759561609338831
5KPE_2_8_7_id3,1.4998341798782349,1.3517825603485107,89.28037037037038,0.75,2,8,92.63620370370369,0.5804163813591003,20.272322,75.55052,-218.1935577392578,2.886623806423611
5KPE_2_8_7_id4,1.6418752670288086,1.3302034139633179,90.67824074074076,0.79,2,8,92.63620370370369,0.5804163813591003,20.272322,75.55052,-218.1636505126953,2.8377578170211226
5KPE_2_8_7_id5,1.4362596273422241,1.1920573711395264,87.72898148148148,0.73,2,8,92.63620370370369,0.5804163813591003,20.272322,75.55052,-219.62969970703125,2.896276685926649
5KPE_2_8_7_id6,1.7090498208999634,1.4108617305755615,91.46833333333332,0.8,2,8,92.63620370370369,0.5804163813591003,20.272322,75.55052,-213.03521728515625,2.8956756591796875
5KPE_2_8_7_id7,1.5844817161560059,0.9872260093688965,88.13000000000001,0.73,2,8,92.63620370370369,0.5804163813591003,20.272322,75.55052,-217.8033447265625,3.07255780255353
5KPE_2_8_7_id8,0.9524454474449158,1.590037226676941,87.29231481481483,0.69,2,8,92.63620370370369,0.5804163813591003,20.272322,75.55052,-215.99159240722656,3.003868950737848
5KPE_2_8_7_id9,1.8727113008499146,1.1137888431549072,93.34018518518518,0.82,2,8,92.63620370370369,0.5804163813591003,20.272322,75.55052,-216.8065185546875,3.089026274504485
5KPE_2_8_8_id0,1.4301550388336182,1.1430552005767822,88.62879629629631,0.75,2,8,92.74388888888888,0.5861942768096924,20.240816,72.752365,-217.6827087402344,3.034222638165509
5KPE_2_8_8_id1,1.2232462167739868,1.3495689630508423,88.93046296296296,0.74,2,8,92.74388888888888,0.5861942768096924,20.240816,72.752365,-218.15164184570312,2.7506781684027777
5KPE_2_8_8_id10,1.6260408163070679,1.0750205516815186,89.34972222222221,0.74,2,8,92.74388888888888,0.5861942768096924,20.240816,72.752365,-220.7239990234375,2.8499662611219616
5KPE_2_8_8_id11,1.1228623390197754,1.137296199798584,88.83435185185186,0.74,2,8,92.74388888888888,0.5861942768096924,20.240816,72.752365,-215.07107543945312,3.0907926206235534
5KPE_2_8_8_id12,1.6938343048095703,0.9858875274658203,86.53175925925923,0.73,2,8,92.74388888888888,0.5861942768096924,20.240816,72.752365,-218.5098114013672,2.8036131682219327
5KPE_2_8_8_id13,1.2976608276367188,1.0321263074874878,86.82638888888889,0.7,2,8,92.74388888888888,0.5861942768096924,20.240816,72.752365,-214.9623260498047,3.001167579933449
5KPE_2_8_8_id14,1.352644681930542,1.0131901502609253,87.47305555555558,0.74,2,8,92.74388888888888,0.5861942768096924,20.240816,72.752365,-221.55943298339844,2.872171472620081
5KPE_2_8_8_id15,1.4739396572113037,1.1389206647872925,88.16851851851851,0.74,2,8,92.74388888888888,0.5861942768096924,20.240816,72.752365,-221.0233612060547,2.811626293041088
5KPE_2_8_8_id16,1.1871179342269897,1.4026683568954468,87.57787037037036,0.72,2,8,92.74388888888888,0.5861942768096924,20.240816,72.752365,-215.33013916015625,2.8571497599283853
5KPE_2_8_8_id17,1.7698557376861572,0.9186893701553345,86.97583333333334,0.71,2,8,92.74388888888888,0.5861942768096924,20.240816,72.752365,-217.2144775390625,3.095819543909144
5KPE_2_8_8_id18,1.3332915306091309,1.508568286895752,88.23675925925929,0.71,2,8,92.74388888888888,0.5861942768096924,20.240816,72.752365,-215.0821228027344,2.987007988823785
5KPE_2_8_8_id19,1.4285123348236084,1.2210265398025513,90.46611111111112,0.77,2,8,92.74388888888888,0.5861942768096924,20.240816,72.752365,-213.35379028320312,2.9391982467086226
5KPE_2_8_8_id2,1.2680665254592896,1.3155139684677124,89.45083333333334,0.74,2,8,92.74388888888888,0.5861942768096924,20.240816,72.752365,-218.58639526367188,2.9251638341833046
5KPE_2_8_8_id20,1.7474414110183716,1.0640935897827148,85.22851851851853,0.69,2,8,92.74388888888888,0.5861942768096924,20.240816,72.752365,-219.10975646972656,2.872984426992911
5KPE_2_8_8_id21,1.4126434326171875,1.3585690259933472,90.97953703703703,0.79,2,8,92.74388888888888,0.5861942768096924,20.240816,72.752365,-217.1590881347656,2.9702334933810763
5KPE_2_8_8_id22,1.280800700187683,1.4119051694869995,90.52629629629632,0.79,2,8,92.74388888888888,0.5861942768096924,20.240816,72.752365,-218.18167114257807,2.795288651077836
5KPE_2_8_8_id23,1.2385143041610718,1.2716803550720215,87.31092592592591,0.72,2,8,92.74388888888888,0.5861942768096924,20.240816,72.752365,-213.29185485839844,2.707385592990452
5KPE_2_8_8_id3,1.2539786100387573,1.2718980312347412,88.64453703703704,0.73,2,8,92.74388888888888,0.5861942768096924,20.240816,72.752365,-217.95816040039065,2.5886320891203702
5KPE_2_8_8_id4,1.561631202697754,1.2614225149154663,90.43,0.77,2,8,92.74388888888888,0.5861942768096924,20.240816,72.752365,-220.53732299804688,2.794677734375
5KPE_2_8_8_id5,1.2163045406341553,1.433049201965332,89.34416666666668,0.77,2,8,92.74388888888888,0.5861942768096924,20.240816,72.752365,-218.3194580078125,2.855829309534144
5KPE_2_8_8_id6,1.3668334484100342,1.3359920978546143,88.72009259259258,0.73,2,8,92.74388888888888,0.5861942768096924,20.240816,72.752365,-218.90313720703125,2.856433444552952
5KPE_2_8_8_id7,0.9998205900192261,1.718584418296814,89.99694444444445,0.77,2,8,92.74388888888888,0.5861942768096924,20.240816,72.752365,-216.56027221679688,2.9162668298791954
5KPE_2_8_8_id8,1.2589524984359741,1.3756022453308105,90.41555555555554,0.77,2,8,92.74388888888888,0.5861942768096924,20.240816,72.752365,-217.34649658203125,2.996316980432581
5KPE_2_8_8_id9,1.3059720993041992,1.0472002029418945,90.26074074074074,0.8,2,8,92.74388888888888,0.5861942768096924,20.240816,72.752365,-221.4659423828125,3.018291332103588
5KPE_2_8_9_id0,1.411453127861023,1.2379919290542603,89.20009259259261,0.75,2,8,89.41083333333333,0.6205494999885559,20.693417,74.47337,-220.8920135498047,2.6907376889829284
5KPE_2_8_9_id1,1.2472498416900635,1.1482211351394653,88.98898148148147,0.75,2,8,89.41083333333333,0.6205494999885559,20.693417,74.47337,-222.6937561035156,2.801157633463541
5KPE_2_8_9_id10,1.4057908058166504,1.2416958808898926,88.3375925925926,0.74,2,8,89.41083333333333,0.6205494999885559,20.693417,74.47337,-219.25796508789065,2.764915183738426
5KPE_2_8_9_id11,1.2014267444610596,1.1049058437347412,89.90851851851852,0.75,2,8,89.41083333333333,0.6205494999885559,20.693417,74.47337,-220.74737548828125,2.799518726490162
5KPE_2_8_9_id12,1.3425922393798828,1.1917576789855957,87.7350925925926,0.69,2,8,89.41083333333333,0.6205494999885559,20.693417,74.47337,-220.82708740234372,2.764462506329572
5KPE_2_8_9_id13,0.9013070464134216,1.663459300994873,90.52898148148152,0.76,2,8,89.41083333333333,0.6205494999885559,20.693417,74.47337,-216.4210968017578,2.802953084309896
5KPE_2_8_9_id14,1.5910108089447021,1.0392647981643677,89.70657407407408,0.77,2,8,89.41083333333333,0.6205494999885559,20.693417,74.47337,-220.1871795654297,2.90984457510489
5KPE_2_8_9_id15,1.5499423742294312,1.0645453929901123,91.22305555555556,0.8,2,8,89.41083333333333,0.6205494999885559,20.693417,74.47337,-219.5894470214844,2.783150566948785
5KPE_2_8_9_id16,1.0510332584381104,1.3920284509658813,90.81888888888888,0.77,2,8,89.41083333333333,0.6205494999885559,20.693417,74.47337,-217.1846923828125,2.610695450394242
5KPE_2_8_9_id17,1.0744167566299438,1.3542155027389526,89.84574074074074,0.76,2,8,89.41083333333333,0.6205494999885559,20.693417,74.47337,-218.35760498046875,2.710796214916088
5KPE_2_8_9_id18,1.6319694519042969,1.489557147026062,91.6862037037037,0.8,2,8,89.41083333333333,0.6205494999885559,20.693417,74.47337,-219.8291015625,2.862530178493924
5KPE_2_8_9_id19,1.1121437549591064,1.4294583797454834,91.68712962962962,0.81,2,8,89.41083333333333,0.6205494999885559,20.693417,74.47337,-222.24026489257807,2.571036727340133
5KPE_2_8_9_id2,1.0857629776000977,1.6211600303649902,90.6278703703704,0.77,2,8,89.41083333333333,0.6205494999885559,20.693417,74.47337,-219.2517852783203,2.634368331344039
5KPE_2_8_9_id20,1.189534306526184,1.6982085704803467,91.0177777777778,0.79,2,8,89.41083333333333,0.6205494999885559,20.693417,74.47337,-216.96539306640625,2.886581703468605
5KPE_2_8_9_id21,1.1866196393966675,1.5616543292999268,93.02750000000002,0.82,2,8,89.41083333333333,0.6205494999885559,20.693417,74.47337,-221.0047912597656,2.931622257939092
5KPE_2_8_9_id22,1.3845824003219604,1.0003681182861328,89.91453703703702,0.75,2,8,89.41083333333333,0.6205494999885559,20.693417,74.47337,-219.7732391357422,2.7456399423104747
5KPE_2_8_9_id23,1.7778891324996948,0.9723163843154907,91.3551851851852,0.78,2,8,89.41083333333333,0.6205494999885559,20.693417,74.47337,-221.84329223632807,2.638778686523437
5KPE_2_8_9_id3,1.2247214317321777,1.288206934928894,89.60759259259258,0.75,2,8,89.41083333333333,0.6205494999885559,20.693417,74.47337,-222.7882232666016,2.910893758138021
5KPE_2_8_9_id4,1.3781962394714355,0.9451218247413635,89.31833333333333,0.78,2,8,89.41083333333333,0.6205494999885559,20.693417,74.47337,-219.76171875,2.804725646972656
5KPE_2_8_9_id5,1.1862019300460815,1.1968085765838623,89.93601851851852,0.76,2,8,89.41083333333333,0.6205494999885559,20.693417,74.47337,-220.30474853515625,2.700190508807147
5KPE_2_8_9_id6,1.4094886779785156,1.0790287256240845,88.57518518518518,0.74,2,8,89.41083333333333,0.6205494999885559,20.693417,74.47337,-221.1262359619141,3.1720716688368054
5KPE_2_8_9_id7,1.4185857772827148,1.1911916732788086,87.88305555555559,0.73,2,8,89.41083333333333,0.6205494999885559,20.693417,74.47337,-218.8501892089844,2.9061186048719616
5KPE_2_8_9_id8,1.0138312578201294,1.6631089448928833,90.60509259259258,0.77,2,8,89.41083333333333,0.6205494999885559,20.693417,74.47337,-218.2480316162109,2.755800035264757
5KPE_2_8_9_id9,1.393422245979309,1.1260162591934204,88.90324074074073,0.75,2,8,89.41083333333333,0.6205494999885559,20.693417,74.47337,-220.55950927734372,2.777592976888021
5KPE_4_2_0_id0,1.9768840074539185,2.014064073562622,87.38509259259257,0.72,4,2,92.37222222222223,0.6596251726150513,21.965786,74.06081,-224.7009735107422,2.7604810926649304
5KPE_4_2_0_id1,2.125002384185791,1.7287033796310425,85.26703703703703,0.67,4,2,92.37222222222223,0.6596251726150513,21.965786,74.06081,-222.049072265625,2.948407208478009
5KPE_4_2_0_id10,1.513387680053711,2.4340386390686035,86.55407407407408,0.7,4,2,92.37222222222223,0.6596251726150513,21.965786,74.06081,-222.58811950683597,2.820692274305556
5KPE_4_2_0_id11,1.3785403966903687,2.866640090942383,86.98185185185186,0.7,4,2,92.37222222222223,0.6596251726150513,21.965786,74.06081,-222.09886169433597,2.6625374688042536
5KPE_4_2_0_id12,1.6451774835586548,2.496105909347534,85.98425925925928,0.69,4,2,92.37222222222223,0.6596251726150513,21.965786,74.06081,-222.44241333007807,2.884043093080874
5KPE_4_2_0_id13,1.6049634218215942,2.0262813568115234,85.95370370370368,0.7,4,2,92.37222222222223,0.6596251726150513,21.965786,74.06081,-225.73626708984372,2.78697430645978
5KPE_4_2_0_id14,1.6188923120498657,1.907668948173523,84.06101851851854,0.67,4,2,92.37222222222223,0.6596251726150513,21.965786,74.06081,-223.2254943847656,2.5640202275028936
5KPE_4_2_0_id15,1.2287367582321167,2.6702311038970947,87.15712962962961,0.7,4,2,92.37222222222223,0.6596251726150513,21.965786,74.06081,-220.11871337890625,2.756625705295139
5KPE_4_2_0_id16,1.5235615968704224,2.2858474254608154,85.96657407407405,0.72,4,2,92.37222222222223,0.6596251726150513,21.965786,74.06081,-225.00669860839844,2.74717684145327
5KPE_4_2_0_id17,1.5120198726654053,2.502474784851074,87.77185185185184,0.72,4,2,92.37222222222223,0.6596251726150513,21.965786,74.06081,-219.6149444580078,2.6229341295030384
5KPE_4_2_0_id18,1.434768795967102,2.5109424591064453,86.98166666666665,0.72,4,2,92.37222222222223,0.6596251726150513,21.965786,74.06081,-225.82542419433597,2.7449713812934027
5KPE_4_2_0_id19,2.236124038696289,1.7007036209106445,85.08620370370372,0.68,4,2,92.37222222222223,0.6596251726150513,21.965786,74.06081,-225.28794860839844,2.587557192201968
5KPE_4_2_0_id2,1.7437620162963867,2.1799752712249756,87.05305555555557,0.72,4,2,92.37222222222223,0.6596251726150513,21.965786,74.06081,-221.5890350341797,2.797766508879485
5KPE_4_2_0_id20,1.8493953943252563,2.532768726348877,87.05287037037036,0.71,4,2,92.37222222222223,0.6596251726150513,21.965786,74.06081,-223.42431640625,2.558993586787471
5KPE_4_2_0_id21,2.1304397583007812,1.5691046714782715,86.27722222222222,0.69,4,2,92.37222222222223,0.6596251726150513,21.965786,74.06081,-222.1751251220703,2.728557727955006
5KPE_4_2_0_id22,2.0298571586608887,2.0415453910827637,84.76138888888889,0.67,4,2,92.37222222222223,0.6596251726150513,21.965786,74.06081,-222.83596801757807,2.687401948151765
5KPE_4_2_0_id23,1.4486255645751953,2.179697036743164,84.43324074074073,0.69,4,2,92.37222222222223,0.6596251726150513,21.965786,74.06081,-223.6686248779297,2.629302130805121
5KPE_4_2_0_id3,1.4258301258087158,2.4497106075286865,88.04638888888887,0.71,4,2,92.37222222222223,0.6596251726150513,21.965786,74.06081,-225.7090301513672,2.9020397044994213
5KPE_4_2_0_id4,1.4291986227035522,2.4923269748687744,88.62407407407409,0.73,4,2,92.37222222222223,0.6596251726150513,21.965786,74.06081,-223.85340881347656,2.495035242151331
5KPE_4_2_0_id5,1.3904398679733276,2.287755012512207,85.49666666666668,0.7,4,2,92.37222222222223,0.6596251726150513,21.965786,74.06081,-224.9407501220703,2.636861730504919
5KPE_4_2_0_id6,1.8483607769012451,1.3114427328109741,86.44685185185186,0.74,4,2,92.37222222222223,0.6596251726150513,21.965786,74.06081,-222.8702392578125,2.6075512921368635
5KPE_4_2_0_id7,1.5172861814498901,2.50510835647583,88.46351851851851,0.75,4,2,92.37222222222223,0.6596251726150513,21.965786,74.06081,-221.40362548828125,2.65266446714048
5KPE_4_2_0_id8,1.5154980421066284,2.0264880657196045,85.43768518518517,0.68,4,2,92.37222222222223,0.6596251726150513,21.965786,74.06081,-225.2754364013672,2.730373806423611
5KPE_4_2_0_id9,1.5788437128067017,2.356501817703247,88.44435185185185,0.73,4,2,92.37222222222223,0.6596251726150513,21.965786,74.06081,-225.6434631347656,2.8710994014033564
5KPE_4_2_2_id0,1.4768003225326538,2.6460235118865967,89.13046296296297,0.72,4,2,92.43685185185184,0.995930790901184,23.918257,72.3335,-224.99859619140625,3.0038220440899885
5KPE_4_2_2_id1,1.5265889167785645,2.5413780212402344,88.52657407407406,0.73,4,2,92.43685185185184,0.995930790901184,23.918257,72.3335,-226.3260955810547,3.0403374565972223
5KPE_4_2_2_id10,1.5619348287582397,2.6426923274993896,88.53361111111114,0.75,4,2,92.43685185185184,0.995930790901184,23.918257,72.3335,-226.2549591064453,2.960641931604456
5KPE_4_2_2_id11,1.2535130977630615,3.117852210998535,89.15037037037038,0.74,4,2,92.43685185185184,0.995930790901184,23.918257,72.3335,-223.15396118164065,2.9945893464265048
5KPE_4_2_2_id12,1.4137574434280396,2.8462865352630615,89.45148148148147,0.76,4,2,92.43685185185184,0.995930790901184,23.918257,72.3335,-224.40806579589844,2.8964380334924766
5KPE_4_2_2_id13,1.5805879831314087,2.535297393798828,87.99592592592592,0.74,4,2,92.43685185185184,0.995930790901184,23.918257,72.3335,-226.1796875,2.838769135651765
5KPE_4_2_2_id14,1.5533164739608765,2.4070959091186523,87.6087037037037,0.74,4,2,92.43685185185184,0.995930790901184,23.918257,72.3335,-223.3526153564453,2.8447387130172164
5KPE_4_2_2_id15,1.6227744817733765,2.225785493850708,87.6516666666667,0.74,4,2,92.43685185185184,0.995930790901184,23.918257,72.3335,-222.94921875,2.8994197139033564
5KPE_4_2_2_id16,1.5174978971481323,2.9921603202819824,89.98564814814817,0.75,4,2,92.43685185185184,0.995930790901184,23.918257,72.3335,-222.68460083007807,2.6488314028139466
5KPE_4_2_2_id17,1.4092113971710205,2.824226140975952,90.73083333333332,0.77,4,2,92.43685185185184,0.995930790901184,23.918257,72.3335,-223.51498413085935,2.7465012161820024
5KPE_4_2_2_id18,1.4576478004455566,2.8913910388946533,90.6988888888889,0.8,4,2,92.43685185185184,0.995930790901184,23.918257,72.3335,-226.4508056640625,2.663581000434028
5KPE_4_2_2_id19,1.48128342628479,2.6550068855285645,92.11287037037036,0.81,4,2,92.43685185185184,0.995930790901184,23.918257,72.3335,-224.18934631347656,3.0384736237702548
5KPE_4_2_2_id2,1.5615779161453247,2.7991180419921875,85.24527777777777,0.71,4,2,92.43685185185184,0.995930790901184,23.918257,72.3335,-225.6393280029297,2.7008723506221064
5KPE_4_2_2_id20,1.276031494140625,2.7694146633148193,92.3749074074074,0.8,4,2,92.43685185185184,0.995930790901184,23.918257,72.3335,-226.59608459472656,2.753406665943287
5KPE_4_2_2_id21,1.5215644836425781,2.7809295654296875,90.98203703703705,0.8,4,2,92.43685185185184,0.995930790901184,23.918257,72.3335,-224.6433868408203,2.6261384752061634
5KPE_4_2_2_id22,1.2462997436523438,2.956977367401123,89.92305555555555,0.75,4,2,92.43685185185184,0.995930790901184,23.918257,72.3335,-223.8005828857422,2.822132251880787
5KPE_4_2_2_id23,1.5817975997924805,2.6323130130767822,87.21305555555556,0.72,4,2,92.43685185185184,0.995930790901184,23.918257,72.3335,-221.72055053710935,2.822215610080295
5KPE_4_2_2_id3,1.2356528043746948,2.8170886039733887,86.62481481481481,0.72,4,2,92.43685185185184,0.995930790901184,23.918257,72.3335,-225.09136962890625,2.83955552842882
5KPE_4_2_2_id4,1.2956427335739136,2.9932689666748047,90.33157407407408,0.77,4,2,92.43685185185184,0.995930790901184,23.918257,72.3335,-225.389892578125,3.0677512839988426
5KPE_4_2_2_id5,1.345380425453186,2.9744603633880615,90.89175925925927,0.78,4,2,92.43685185185184,0.995930790901184,23.918257,72.3335,-226.5947723388672,3.061639856409144
5KPE_4_2_2_id6,1.4476513862609863,2.836773157119751,90.19583333333333,0.76,4,2,92.43685185185184,0.995930790901184,23.918257,72.3335,-224.76400756835935,2.519775390625
5KPE_4_2_2_id7,1.410243034362793,3.060936212539673,88.18564814814815,0.73,4,2,92.43685185185184,0.995930790901184,23.918257,72.3335,-225.09371948242188,2.781636838559751
5KPE_4_2_2_id8,1.6940141916275024,2.974250316619873,90.7499074074074,0.78,4,2,92.43685185185184,0.995930790901184,23.918257,72.3335,-223.91107177734372,2.834281073676215
5KPE_4_2_2_id9,1.386138677597046,2.7271368503570557,89.36583333333334,0.77,4,2,92.43685185185184,0.995930790901184,23.918257,72.3335,-226.44207763671875,2.564684832537616
5KPE_4_2_3_id0,1.333403468132019,2.9730658531188965,90.33444444444449,0.77,4,2,90.33037037037036,0.8993563055992126,22.958597,76.55664,-220.6299743652344,2.6182584409360534
5KPE_4_2_3_id1,2.5005791187286377,1.6020047664642334,83.69537037037036,0.68,4,2,90.33037037037036,0.8993563055992126,22.958597,76.55664,-220.04974365234372,2.953020449037905
5KPE_4_2_3_id10,1.4304604530334473,2.356348991394043,85.93231481481483,0.67,4,2,90.33037037037036,0.8993563055992126,22.958597,76.55664,-220.8702850341797,2.686171355070891
5KPE_4_2_3_id11,2.4502689838409424,1.5645843744277954,80.35611111111112,0.62,4,2,90.33037037037036,0.8993563055992126,22.958597,76.55664,-220.31549072265625,3.033905029296875
5KPE_4_2_3_id12,1.3188023567199707,3.22402024269104,84.91342592592594,0.68,4,2,90.33037037037036,0.8993563055992126,22.958597,76.55664,-221.3177490234375,2.904326827437789
5KPE_4_2_3_id13,1.1246427297592163,3.1548402309417725,89.4347222222222,0.76,4,2,90.33037037037036,0.8993563055992126,22.958597,76.55664,-222.64183044433597,2.5612210874204284
5KPE_4_2_3_id14,1.3466787338256836,3.051954507827759,87.54546296296296,0.73,4,2,90.33037037037036,0.8993563055992126,22.958597,76.55664,-220.42745971679688,2.8236479582609952
5KPE_4_2_3_id15,1.5455275774002075,2.5196032524108887,84.41416666666665,0.7,4,2,90.33037037037036,0.8993563055992126,22.958597,76.55664,-220.35894775390625,2.7751428109628185
5KPE_4_2_3_id16,1.7820075750350952,2.257859706878662,82.80916666666666,0.65,4,2,90.33037037037036,0.8993563055992126,22.958597,76.55664,-219.99221801757807,2.565755773473669
5KPE_4_2_3_id17,1.4470772743225098,2.6924800872802734,88.68055555555556,0.72,4,2,90.33037037037036,0.8993563055992126,22.958597,76.55664,-221.34103393554688,2.6683748033311634
5KPE_4_2_3_id18,1.209163784980774,2.9212944507598877,86.31462962962962,0.69,4,2,90.33037037037036,0.8993563055992126,22.958597,76.55664,-219.6211700439453,3.011752375849971
5KPE_4_2_3_id19,1.5853890180587769,2.604726791381836,83.35425925925927,0.65,4,2,90.33037037037036,0.8993563055992126,22.958597,76.55664,-220.15310668945312,2.648362336335359
5KPE_4_2_3_id2,2.585545778274536,1.7325644493103027,84.23148148148148,0.69,4,2,90.33037037037036,0.8993563055992126,22.958597,76.55664,-219.07009887695312,2.7669799239547164
5KPE_4_2_3_id20,1.473024606704712,2.793659210205078,84.55148148148147,0.64,4,2,90.33037037037036,0.8993563055992126,22.958597,76.55664,-218.66917419433597,2.86368645562066
5KPE_4_2_3_id21,1.3099734783172607,2.786956787109375,88.93462962962965,0.72,4,2,90.33037037037036,0.8993563055992126,22.958597,76.55664,-219.0203399658203,3.0984773989076966
5KPE_4_2_3_id22,1.337262749671936,2.5904204845428467,87.32212962962961,0.7,4,2,90.33037037037036,0.8993563055992126,22.958597,76.55664,-220.2968292236328,3.2721325909649885
5KPE_4_2_3_id23,1.669036626815796,3.4755280017852783,85.92018518518518,0.68,4,2,90.33037037037036,0.8993563055992126,22.958597,76.55664,-220.6460876464844,2.5417568065502025
5KPE_4_2_3_id3,1.218423843383789,3.324404716491699,91.9686111111111,0.78,4,2,90.33037037037036,0.8993563055992126,22.958597,76.55664,-217.0424041748047,2.7300042046440973
5KPE_4_2_3_id4,1.0386195182800293,3.1331093311309814,88.15268518518518,0.68,4,2,90.33037037037036,0.8993563055992126,22.958597,76.55664,-219.20034790039065,3.303775363498264
5KPE_4_2_3_id5,1.4521235227584839,2.75107479095459,84.99916666666667,0.65,4,2,90.33037037037036,0.8993563055992126,22.958597,76.55664,-221.2245178222656,2.7462915491174766
5KPE_4_2_3_id6,1.1954240798950195,2.4479119777679443,87.55861111111113,0.71,4,2,90.33037037037036,0.8993563055992126,22.958597,76.55664,-215.3797912597656,2.783449243616175
5KPE_4_2_3_id7,1.917515516281128,2.2718348503112793,85.31083333333333,0.7,4,2,90.33037037037036,0.8993563055992126,22.958597,76.55664,-221.2447509765625,2.643699928566261
5KPE_4_2_3_id8,1.3876864910125732,2.5312201976776123,82.88962962962962,0.63,4,2,90.33037037037036,0.8993563055992126,22.958597,76.55664,-221.9276123046875,2.6998042353877314
5KPE_4_2_3_id9,1.4459781646728516,2.2876687049865723,85.01564814814813,0.68,4,2,90.33037037037036,0.8993563055992126,22.958597,76.55664,-221.7620391845703,2.904725816514757
5KPE_4_2_4_id0,1.8448930978775024,1.9770792722702026,80.07842592592594,0.64,4,2,91.27796296296296,0.853456974029541,23.75658,73.17201,-225.236572265625,2.961055049189815
5KPE_4_2_4_id1,1.5113478899002075,3.158116102218628,86.14509259259259,0.72,4,2,91.27796296296296,0.853456974029541,23.75658,73.17201,-221.5564422607422,2.501421327944155
5KPE_4_2_4_id10,1.8571420907974243,1.746695637702942,88.73583333333333,0.73,4,2,91.27796296296296,0.853456974029541,23.75658,73.17201,-223.5835876464844,2.6676788330078125
5KPE_4_2_4_id11,1.460646152496338,2.358751058578491,85.96249999999999,0.7,4,2,91.27796296296296,0.853456974029541,23.75658,73.17201,-222.29153442382807,2.662842362015336
5KPE_4_2_4_id12,1.4205167293548584,2.8988962173461914,88.97212962962966,0.74,4,2,91.27796296296296,0.853456974029541,23.75658,73.17201,-225.5558624267578,2.811284383138021
5KPE_4_2_4_id13,1.3475233316421509,2.692538022994995,84.2914814814815,0.68,4,2,91.27796296296296,0.853456974029541,23.75658,73.17201,-224.4686584472656,2.699611522533276
5KPE_4_2_4_id14,1.421850562095642,2.822754144668579,85.46388888888889,0.68,4,2,91.27796296296296,0.853456974029541,23.75658,73.17201,-222.9605712890625,3.00788653338397
5KPE_4_2_4_id15,1.4178364276885986,2.9845454692840576,87.20018518518516,0.71,4,2,91.27796296296296,0.853456974029541,23.75658,73.17201,-225.30674743652344,2.9488587556061923
5KPE_4_2_4_id16,1.3262462615966797,3.019434690475464,90.50925925925924,0.78,4,2,91.27796296296296,0.853456974029541,23.75658,73.17201,-224.07644653320312,2.7412612349898726
5KPE_4_2_4_id17,1.4525705575942993,2.70686936378479,82.78407407407407,0.66,4,2,91.27796296296296,0.853456974029541,23.75658,73.17201,-224.2651214599609,2.6457016556351274
5KPE_4_2_4_id18,1.3637253046035767,3.1589787006378174,88.5288888888889,0.73,4,2,91.27796296296296,0.853456974029541,23.75658,73.17201,-224.13575744628903,2.7001235396773726
5KPE_4_2_4_id19,1.5178890228271484,3.006037473678589,89.19111111111111,0.74,4,2,91.27796296296296,0.853456974029541,23.75658,73.17201,-223.30880737304688,2.7628722014250577
5KPE_4_2_4_id2,1.8427259922027588,1.6491703987121582,84.86472222222223,0.71,4,2,91.27796296296296,0.853456974029541,23.75658,73.17201,-223.5351409912109,2.9822786119249134
5KPE_4_2_4_id20,1.3014339208602905,3.1432876586914062,88.66462962962963,0.73,4,2,91.27796296296296,0.853456974029541,23.75658,73.17201,-225.08274841308597,2.965662638346354
5KPE_4_2_4_id21,1.42141592502594,2.9351227283477783,88.80564814814817,0.73,4,2,91.27796296296296,0.853456974029541,23.75658,73.17201,-224.1407623291016,2.788446497034144
5KPE_4_2_4_id22,1.4886847734451294,2.947087287902832,90.5890740740741,0.75,4,2,91.27796296296296,0.853456974029541,23.75658,73.17201,-223.8194274902344,3.0141047724971064
5KPE_4_2_4_id23,1.66098952293396,3.0778145790100098,91.43638888888889,0.8,4,2,91.27796296296296,0.853456974029541,23.75658,73.17201,-221.2511138916016,2.97332763671875
5KPE_4_2_4_id3,1.1766208410263062,3.3839006423950195,90.61175925925929,0.74,4,2,91.27796296296296,0.853456974029541,23.75658,73.17201,-220.74496459960935,2.7722354465060763
5KPE_4_2_4_id4,1.1237901449203491,3.132098436355591,84.86037037037039,0.67,4,2,91.27796296296296,0.853456974029541,23.75658,73.17201,-224.65774536132807,2.89214437979239
5KPE_4_2_4_id5,1.390867829322815,2.8849759101867676,84.39407407407407,0.66,4,2,91.27796296296296,0.853456974029541,23.75658,73.17201,-225.4728240966797,2.7240637320059315
5KPE_4_2_4_id6,1.375080943107605,2.9992117881774902,90.3822222222222,0.77,4,2,91.27796296296296,0.853456974029541,23.75658,73.17201,-224.89251708984372,2.573085926197193
5KPE_4_2_4_id7,1.437678575515747,3.448237180709839,90.58129629629629,0.77,4,2,91.27796296296296,0.853456974029541,23.75658,73.17201,-223.26513671875,2.834746749312789
5KPE_4_2_4_id8,1.7319741249084473,1.678189754486084,91.38907407407406,0.79,4,2,91.27796296296296,0.853456974029541,23.75658,73.17201,-222.27291870117188,2.788133409288194
5KPE_4_2_4_id9,1.4850183725357056,2.1675302982330322,85.02490740740741,0.69,4,2,91.27796296296296,0.853456974029541,23.75658,73.17201,-224.3717498779297,2.877352961787471
5KPE_4_2_5_id0,1.7745379209518433,2.880199432373047,85.01814814814814,0.67,4,2,91.41675925925928,0.9436451196670532,22.13892,75.878555,-222.67877197265625,2.6931109958224826
5KPE_4_2_5_id1,1.6457717418670654,2.79213285446167,86.35074074074075,0.67,4,2,91.41675925925928,0.9436451196670532,22.13892,75.878555,-221.03033447265625,2.9014180501302085
5KPE_4_2_5_id10,1.6586757898330688,3.0482420921325684,89.37444444444446,0.77,4,2,91.41675925925928,0.9436451196670532,22.13892,75.878555,-223.8064422607422,2.78300702130353
5KPE_4_2_5_id11,1.4444628953933716,2.718078136444092,87.95027777777777,0.75,4,2,91.41675925925928,0.9436451196670532,22.13892,75.878555,-220.0044860839844,2.7059829146773726
5KPE_4_2_5_id12,1.6064202785491943,2.9428517818450928,89.06166666666667,0.75,4,2,91.41675925925928,0.9436451196670532,22.13892,75.878555,-222.17898559570312,2.705514978479456
5KPE_4_2_5_id13,1.5622836351394653,2.657278537750244,91.42861111111114,0.8,4,2,91.41675925925928,0.9436451196670532,22.13892,75.878555,-220.420166015625,2.5402134082935475
5KPE_4_2_5_id14,1.6826188564300537,1.5232936143875122,87.33796296296296,0.7,4,2,91.41675925925928,0.9436451196670532,22.13892,75.878555,-222.3538360595703,2.800117492675781
5KPE_4_2_5_id15,1.7581815719604492,3.0850067138671875,87.14555555555555,0.72,4,2,91.41675925925928,0.9436451196670532,22.13892,75.878555,-221.44161987304688,2.5683876320167824
5KPE_4_2_5_id16,1.484071135520935,2.883251905441284,91.6602777777778,0.79,4,2,91.41675925925928,0.9436451196670532,22.13892,75.878555,-218.8707427978516,2.6581686514395253
5KPE_4_2_5_id17,1.453736424446106,2.7880513668060303,92.27916666666668,0.81,4,2,91.41675925925928,0.9436451196670532,22.13892,75.878555,-221.11900329589844,2.6427236486364296
5KPE_4_2_5_id18,1.299228310585022,3.064249038696289,88.34851851851853,0.72,4,2,91.41675925925928,0.9436451196670532,22.13892,75.878555,-223.4385986328125,2.7211103086118347
5KPE_4_2_5_id19,1.5907104015350342,2.5691897869110107,88.17314814814814,0.73,4,2,91.41675925925928,0.9436451196670532,22.13892,75.878555,-222.93231201171875,2.7169245967158564
5KPE_4_2_5_id2,1.3929080963134766,2.6910126209259033,91.13814814814812,0.78,4,2,91.41675925925928,0.9436451196670532,22.13892,75.878555,-223.690185546875,2.832023338035301
5KPE_4_2_5_id20,1.5120433568954468,2.611633062362671,89.56268518518519,0.75,4,2,91.41675925925928,0.9436451196670532,22.13892,75.878555,-220.65821838378903,2.574694880732784
5KPE_4_2_5_id21,1.5313773155212402,2.6934871673583984,89.03000000000002,0.73,4,2,91.41675925925928,0.9436451196670532,22.13892,75.878555,-223.10174560546875,2.65599936026114
5KPE_4_2_5_id22,1.3417205810546875,3.1366536617279053,87.45138888888887,0.7,4,2,91.41675925925928,0.9436451196670532,22.13892,75.878555,-222.87158203125,2.825039333767361
5KPE_4_2_5_id23,1.434492588043213,2.9175162315368652,88.10564814814816,0.71,4,2,91.41675925925928,0.9436451196670532,22.13892,75.878555,-223.3780517578125,2.724529407642506
5KPE_4_2_5_id3,2.0615363121032715,1.3574029207229614,85.12731481481481,0.68,4,2,91.41675925925928,0.9436451196670532,22.13892,75.878555,-222.40480041503903,2.8209522388599537
5KPE_4_2_5_id4,1.6666580438613892,3.5196948051452637,88.81888888888888,0.75,4,2,91.41675925925928,0.9436451196670532,22.13892,75.878555,-220.01736450195312,2.6939657705801503
5KPE_4_2_5_id5,1.5000427961349487,2.833682060241699,86.2385185185185,0.68,4,2,91.41675925925928,0.9436451196670532,22.13892,75.878555,-220.957275390625,2.6215317337601274
5KPE_4_2_5_id6,1.6488960981369019,2.822415828704834,87.6476851851852,0.74,4,2,91.41675925925928,0.9436451196670532,22.13892,75.878555,-221.89845275878903,2.7025454485857927
5KPE_4_2_5_id7,1.7762778997421265,2.815798282623291,86.48231481481481,0.69,4,2,91.41675925925928,0.9436451196670532,22.13892,75.878555,-220.1099853515625,2.5765598438404225
5KPE_4_2_5_id8,1.7740556001663208,3.111340284347534,88.46157407407408,0.71,4,2,91.41675925925928,0.9436451196670532,22.13892,75.878555,-223.3462829589844,2.658985561794705
5KPE_4_2_5_id9,1.7653083801269531,1.555248737335205,85.85314814814816,0.7,4,2,91.41675925925928,0.9436451196670532,22.13892,75.878555,-222.4404754638672,2.72123040093316
5KPE_4_2_6_id0,1.4215984344482422,2.605759859085083,89.06666666666663,0.74,4,2,94.1912962962963,0.8308594226837158,22.816462,75.94201,-222.80645751953125,2.888659441912616
5KPE_4_2_6_id1,1.4396647214889526,2.5794150829315186,87.68925925925929,0.73,4,2,94.1912962962963,0.8308594226837158,22.816462,75.94201,-219.38253784179688,2.99159014666522
5KPE_4_2_6_id10,1.4174609184265137,2.5297136306762695,87.20749999999998,0.72,4,2,94.1912962962963,0.8308594226837158,22.816462,75.94201,-223.755859375,2.6900239167390048
5KPE_4_2_6_id11,1.4564244747161865,2.5209176540374756,84.9587037037037,0.71,4,2,94.1912962962963,0.8308594226837158,22.816462,75.94201,-216.06256103515625,3.006855152271412
5KPE_4_2_6_id12,1.5486583709716797,2.835853099822998,87.93731481481484,0.73,4,2,94.1912962962963,0.8308594226837158,22.816462,75.94201,-220.65234375,2.925335919415509
5KPE_4_2_6_id13,1.5664646625518799,2.174811840057373,89.96527777777777,0.75,4,2,94.1912962962963,0.8308594226837158,22.816462,75.94201,-222.14566040039065,3.0918991654007524
5KPE_4_2_6_id14,1.4661630392074585,2.850539207458496,91.28666666666663,0.75,4,2,94.1912962962963,0.8308594226837158,22.816462,75.94201,-218.4335479736328,2.632677996600116
5KPE_4_2_6_id15,1.251668930053711,2.775442600250244,90.92574074074074,0.77,4,2,94.1912962962963,0.8308594226837158,22.816462,75.94201,-217.45733642578125,2.792048701533565
5KPE_4_2_6_id16,1.5802204608917236,2.998539686203003,90.28518518518518,0.78,4,2,94.1912962962963,0.8308594226837158,22.816462,75.94201,-220.6537933349609,2.835030167191117
5KPE_4_2_6_id17,1.3471510410308838,2.896399736404419,89.10342592592593,0.76,4,2,94.1912962962963,0.8308594226837158,22.816462,75.94201,-219.12522888183597,2.882136309588397
5KPE_4_2_6_id18,1.4459588527679443,3.0873045921325684,87.97833333333334,0.71,4,2,94.1912962962963,0.8308594226837158,22.816462,75.94201,-222.77017211914065,3.010750382034867
5KPE_4_2_6_id19,1.4751399755477905,2.7505788803100586,87.10185185185183,0.72,4,2,94.1912962962963,0.8308594226837158,22.816462,75.94201,-223.46209716796875,2.805772004304109
5KPE_4_2_6_id2,1.3293486833572388,2.8116142749786377,90.4288888888889,0.75,4,2,94.1912962962963,0.8308594226837158,22.816462,75.94201,-219.0115203857422,2.616102147985388
5KPE_4_2_6_id20,1.3816243410110474,2.75538969039917,91.45851851851847,0.78,4,2,94.1912962962963,0.8308594226837158,22.816462,75.94201,-222.1189727783203,2.739075272171586
5KPE_4_2_6_id21,1.5729076862335205,2.673907995223999,89.08111111111111,0.73,4,2,94.1912962962963,0.8308594226837158,22.816462,75.94201,-221.96380615234372,2.5852912620261863
5KPE_4_2_6_id22,1.5745861530303955,2.3226969242095947,85.22879629629632,0.69,4,2,94.1912962962963,0.8308594226837158,22.816462,75.94201,-221.1312561035156,2.967283460828993
5KPE_4_2_6_id23,1.3321119546890259,2.8512306213378906,90.20120370370373,0.75,4,2,94.1912962962963,0.8308594226837158,22.816462,75.94201,-222.8751220703125,2.7083251387984664
5KPE_4_2_6_id3,1.2357828617095947,3.1224489212036133,92.47944444444444,0.79,4,2,94.1912962962963,0.8308594226837158,22.816462,75.94201,-219.6552276611328,2.917692961516204
5KPE_4_2_6_id4,1.3201793432235718,2.5983707904815674,90.27425925925924,0.75,4,2,94.1912962962963,0.8308594226837158,22.816462,75.94201,-222.79739379882807,2.8249342176649304
5KPE_4_2_6_id5,1.1820303201675415,3.250913619995117,91.41092592592594,0.77,4,2,94.1912962962963,0.8308594226837158,22.816462,75.94201,-223.28170776367188,2.9282438490125866
5KPE_4_2_6_id6,1.4666697978973389,2.575136661529541,90.44731481481482,0.77,4,2,94.1912962962963,0.8308594226837158,22.816462,75.94201,-220.83067321777344,2.913616039134838
5KPE_4_2_6_id7,1.2883049249649048,2.579460382461548,84.69185185185182,0.7,4,2,94.1912962962963,0.8308594226837158,22.816462,75.94201,-218.2455291748047,2.943191245750145
5KPE_4_2_6_id8,1.2523093223571777,2.7683513164520264,87.22129629629629,0.7,4,2,94.1912962962963,0.8308594226837158,22.816462,75.94201,-219.89537048339844,2.64522467719184
5KPE_4_2_6_id9,1.3134772777557373,2.326737403869629,83.61601851851853,0.66,4,2,94.1912962962963,0.8308594226837158,22.816462,75.94201,-221.8496551513672,2.925162986472801
5KPE_4_2_7_id0,1.457872748374939,1.5478556156158447,88.1323148148148,0.73,4,2,92.38648148148148,0.7936801314353943,23.223745,73.821815,-221.2518310546875,2.688333864565249
5KPE_4_2_7_id1,2.452970266342163,1.252659797668457,87.64111111111113,0.74,4,2,92.38648148148148,0.7936801314353943,23.223745,73.821815,-223.0100555419922,2.6629729094328702
5KPE_4_2_7_id10,3.1840507984161377,1.4058178663253784,88.58342592592592,0.74,4,2,92.38648148148148,0.7936801314353943,23.223745,73.821815,-221.09266662597656,2.779160676179109
5KPE_4_2_7_id11,1.736048936843872,2.55195689201355,85.3899074074074,0.68,4,2,92.38648148148148,0.7936801314353943,23.223745,73.821815,-217.69189453125,2.7534575285734952
5KPE_4_2_7_id12,1.2029949426651,1.2013031244277954,88.76314814814815,0.75,4,2,92.38648148148148,0.7936801314353943,23.223745,73.821815,-212.86729431152344,2.698953134042245
5KPE_4_2_7_id13,1.5887588262557983,1.8379454612731934,86.53157407407407,0.71,4,2,92.38648148148148,0.7936801314353943,23.223745,73.821815,-219.5709991455078,2.678363941333912
5KPE_4_2_7_id14,1.4121893644332886,1.5040879249572754,86.75249999999998,0.71,4,2,92.38648148148148,0.7936801314353943,23.223745,73.821815,-222.84417724609372,2.854909543637876
5KPE_4_2_7_id15,1.4911168813705444,1.1862655878067017,87.26157407407408,0.72,4,2,92.38648148148148,0.7936801314353943,23.223745,73.821815,-220.6286773681641,2.8131513242368347
5KPE_4_2_7_id16,1.212808609008789,3.130315065383911,86.7324074074074,0.7,4,2,92.38648148148148,0.7936801314353943,23.223745,73.821815,-219.68524169921875,2.852789984809028
5KPE_4_2_7_id17,1.2752399444580078,3.133463144302368,85.64351851851852,0.67,4,2,92.38648148148148,0.7936801314353943,23.223745,73.821815,-220.59979248046875,2.685686464662905
5KPE_4_2_7_id18,3.5469586849212646,1.1882556676864624,89.48333333333332,0.76,4,2,92.38648148148148,0.7936801314353943,23.223745,73.821815,-219.7265472412109,2.8439489293981484
5KPE_4_2_7_id19,1.3411104679107666,1.6447991132736206,85.63074074074076,0.69,4,2,92.38648148148148,0.7936801314353943,23.223745,73.821815,-222.0822906494141,2.9182600798430265
5KPE_4_2_7_id2,3.166266441345215,1.5711768865585327,91.29935185185184,0.8,4,2,92.38648148148148,0.7936801314353943,23.223745,73.821815,-220.0511932373047,2.9762852986653647
5KPE_4_2_7_id20,2.021181583404541,1.9029884338378906,83.0501851851852,0.65,4,2,92.38648148148148,0.7936801314353943,23.223745,73.821815,-217.8529815673828,2.791414048936632
5KPE_4_2_7_id21,1.6494182348251343,1.7425856590270996,86.43888888888888,0.69,4,2,92.38648148148148,0.7936801314353943,23.223745,73.821815,-220.54537963867188,2.8937855473271124
5KPE_4_2_7_id22,1.3874424695968628,3.1334941387176514,88.12101851851854,0.71,4,2,92.38648148148148,0.7936801314353943,23.223745,73.821815,-220.27122497558597,3.024428191008391
5KPE_4_2_7_id23,1.2315243482589722,2.716120719909668,84.0659259259259,0.66,4,2,92.38648148148148,0.7936801314353943,23.223745,73.821815,-218.4075927734375,2.66616369176794
5KPE_4_2_7_id3,1.2983170747756958,1.7218255996704102,83.92055555555555,0.67,4,2,92.38648148148148,0.7936801314353943,23.223745,73.821815,-220.03887939453125,2.943456013997396
5KPE_4_2_7_id4,2.0048749446868896,1.622610330581665,84.79666666666668,0.69,4,2,92.38648148148148,0.7936801314353943,23.223745,73.821815,-222.1644287109375,2.843131171332465
5KPE_4_2_7_id5,1.3116936683654785,3.4088497161865234,88.02916666666664,0.72,4,2,92.38648148148148,0.7936801314353943,23.223745,73.821815,-221.01466369628903,2.693815725821036
5KPE_4_2_7_id6,1.5467689037322998,2.1461262702941895,84.57,0.67,4,2,92.38648148148148,0.7936801314353943,23.223745,73.821815,-218.2423248291016,2.741294578269676
5KPE_4_2_7_id7,1.2899261713027954,3.1830861568450928,86.22083333333332,0.69,4,2,92.38648148148148,0.7936801314353943,23.223745,73.821815,-221.6890869140625,2.7236966733579284
5KPE_4_2_7_id8,1.6182607412338257,1.4460304975509644,86.26194444444445,0.68,4,2,92.38648148148148,0.7936801314353943,23.223745,73.821815,-218.431396484375,2.915846930609809
5KPE_4_2_7_id9,1.7747836112976074,1.8219420909881592,85.04111111111112,0.68,4,2,92.38648148148148,0.7936801314353943,23.223745,73.821815,-221.5024871826172,3.11968089916088
5KPE_4_2_8_id0,1.4725408554077148,3.2482802867889404,90.64722222222224,0.78,4,2,89.31203703703704,0.9233736395835876,22.30026,72.42137,-224.9547119140625,2.68887781213831
5KPE_4_2_8_id1,1.1131105422973633,3.344345808029175,89.05361111111112,0.73,4,2,89.31203703703704,0.9233736395835876,22.30026,72.42137,-225.8477020263672,2.793884842484086
5KPE_4_2_8_id10,1.4426270723342896,2.976151466369629,89.56648148148149,0.75,4,2,89.31203703703704,0.9233736395835876,22.30026,72.42137,-223.13705444335935,2.5418698346173323
5KPE_4_2_8_id11,1.5753531455993652,2.860678195953369,88.66268518518518,0.72,4,2,89.31203703703704,0.9233736395835876,22.30026,72.42137,-224.25387573242188,2.805980258517795
5KPE_4_2_8_id12,1.4049315452575684,2.7004520893096924,87.89629629629631,0.73,4,2,89.31203703703704,0.9233736395835876,22.30026,72.42137,-224.4029693603516,2.8144373010706016
5KPE_4_2_8_id13,1.6414717435836792,2.943155288696289,91.47064814814814,0.8,4,2,89.31203703703704,0.9233736395835876,22.30026,72.42137,-225.79214477539065,2.751741197374132
5KPE_4_2_8_id14,1.3936063051223755,3.0280873775482178,87.27462962962963,0.72,4,2,89.31203703703704,0.9233736395835876,22.30026,72.42137,-225.44461059570312,2.8124251189055265
5KPE_4_2_8_id15,1.2654507160186768,2.740889072418213,87.08148148148146,0.71,4,2,89.31203703703704,0.9233736395835876,22.30026,72.42137,-226.59796142578125,2.5675006442599826
5KPE_4_2_8_id16,1.1401610374450684,3.0721890926361084,87.77166666666665,0.71,4,2,89.31203703703704,0.9233736395835876,22.30026,72.42137,-223.71311950683597,2.8250336823640048
5KPE_4_2_8_id17,1.5976768732070923,2.6143805980682373,86.65388888888891,0.71,4,2,89.31203703703704,0.9233736395835876,22.30026,72.42137,-226.2099609375,2.7638411345305265
5KPE_4_2_8_id18,1.3562843799591064,3.0169382095336914,89.91777777777779,0.76,4,2,89.31203703703704,0.9233736395835876,22.30026,72.42137,-224.6694793701172,2.974885728624132
5KPE_4_2_8_id19,1.6831423044204712,1.902086853981018,89.29037037037038,0.75,4,2,89.31203703703704,0.9233736395835876,22.30026,72.42137,-222.8246917724609,2.768554122359664
5KPE_4_2_8_id2,1.5529438257217407,3.163644790649414,89.30416666666669,0.77,4,2,89.31203703703704,0.9233736395835876,22.30026,72.42137,-227.19029235839844,2.351761005542897
5KPE_4_2_8_id20,1.5778104066848755,2.8636844158172607,87.43657407407409,0.7,4,2,89.31203703703704,0.9233736395835876,22.30026,72.42137,-222.34841918945312,2.630978054470486
5KPE_4_2_8_id21,1.4459800720214844,2.0711984634399414,90.51175925925928,0.77,4,2,89.31203703703704,0.9233736395835876,22.30026,72.42137,-223.04660034179688,2.6623868589048034
5KPE_4_2_8_id22,1.4187607765197754,3.0125231742858887,90.6151851851852,0.79,4,2,89.31203703703704,0.9233736395835876,22.30026,72.42137,-226.8925323486328,2.8114307544849537
5KPE_4_2_8_id23,1.416184663772583,2.966648817062378,87.56537037037039,0.73,4,2,89.31203703703704,0.9233736395835876,22.30026,72.42137,-226.0165252685547,2.96358150906033
5KPE_4_2_8_id3,1.4251980781555176,3.158689498901367,89.38472222222224,0.74,4,2,89.31203703703704,0.9233736395835876,22.30026,72.42137,-224.856689453125,2.692518163610388
5KPE_4_2_8_id4,1.329330325126648,2.681199073791504,86.4587037037037,0.7,4,2,89.31203703703704,0.9233736395835876,22.30026,72.42137,-225.62356567382807,2.798732333713108
5KPE_4_2_8_id5,1.4245171546936035,3.169020891189575,90.48166666666668,0.77,4,2,89.31203703703704,0.9233736395835876,22.30026,72.42137,-225.8819732666016,2.8009711371527777
5KPE_4_2_8_id6,1.249075174331665,2.762331247329712,87.30064814814816,0.71,4,2,89.31203703703704,0.9233736395835876,22.30026,72.42137,-223.65554809570312,2.704425105342158
5KPE_4_2_8_id7,1.3137567043304443,3.0732016563415527,88.93879629629633,0.73,4,2,89.31203703703704,0.9233736395835876,22.30026,72.42137,-225.74740600585935,2.918314333315249
5KPE_4_2_8_id8,1.4749994277954102,3.0225636959075928,86.79796296296297,0.7,4,2,89.31203703703704,0.9233736395835876,22.30026,72.42137,-223.2338104248047,2.8496438485604747
5KPE_4_2_8_id9,1.3784435987472534,2.9230144023895264,90.0512962962963,0.77,4,2,89.31203703703704,0.9233736395835876,22.30026,72.42137,-226.12417602539065,2.77015459979022
5KPE_4_2_9_id0,1.3807998895645142,3.2301628589630127,91.21111111111112,0.77,4,2,89.30731481481482,0.8800322413444519,22.665897,78.32758,-222.9789276123047,2.7733176902488426
5KPE_4_2_9_id1,1.5352165699005127,2.8165531158447266,92.65435185185186,0.82,4,2,89.30731481481482,0.8800322413444519,22.665897,78.32758,-222.61203002929688,2.688821015534577
5KPE_4_2_9_id10,1.400520920753479,2.4443395137786865,91.04666666666664,0.76,4,2,89.30731481481482,0.8800322413444519,22.665897,78.32758,-222.12339782714844,2.978286178023726
5KPE_4_2_9_id11,1.3208343982696533,2.8762290477752686,89.40472222222223,0.75,4,2,89.30731481481482,0.8800322413444519,22.665897,78.32758,-220.95181274414065,2.7896886754918984
5KPE_4_2_9_id12,1.1691187620162964,3.2428619861602783,89.63222222222223,0.76,4,2,89.30731481481482,0.8800322413444519,22.665897,78.32758,-219.7181701660156,2.682160836678964
5KPE_4_2_9_id13,1.5470170974731445,2.939678430557251,91.5024074074074,0.78,4,2,89.30731481481482,0.8800322413444519,22.665897,78.32758,-223.9273376464844,2.7186321682400174
5KPE_4_2_9_id14,1.291084885597229,1.6911052465438843,89.05740740740745,0.74,4,2,89.30731481481482,0.8800322413444519,22.665897,78.32758,-224.5128936767578,2.9964783279984086
5KPE_4_2_9_id15,1.250450611114502,1.7888742685317993,86.35175925925925,0.67,4,2,89.30731481481482,0.8800322413444519,22.665897,78.32758,-222.5073699951172,2.987068741409867
5KPE_4_2_9_id16,1.4877185821533203,3.195366144180298,92.92379629629627,0.81,4,2,89.30731481481482,0.8800322413444519,22.665897,78.32758,-222.6756896972656,2.711842007107205
5KPE_4_2_9_id17,1.5871639251708984,2.0264861583709717,87.0188888888889,0.71,4,2,89.30731481481482,0.8800322413444519,22.665897,78.32758,-223.6014709472656,2.9838378341109664
5KPE_4_2_9_id18,2.8186440467834473,1.8185383081436157,89.61157407407408,0.74,4,2,89.30731481481482,0.8800322413444519,22.665897,78.32758,-222.4727935791016,2.8585792824074074
5KPE_4_2_9_id19,1.4532076120376587,2.1878252029418945,83.83574074074075,0.66,4,2,89.30731481481482,0.8800322413444519,22.665897,78.32758,-224.142333984375,2.99880783646195
5KPE_4_2_9_id2,1.2928069829940796,3.0227713584899902,90.35370370370372,0.75,4,2,89.30731481481482,0.8800322413444519,22.665897,78.32758,-222.39797973632807,2.8859501591435186
5KPE_4_2_9_id20,2.435699701309204,1.6550500392913818,88.51435185185186,0.74,4,2,89.30731481481482,0.8800322413444519,22.665897,78.32758,-221.36541748046875,2.9591810438368054
5KPE_4_2_9_id21,1.4403910636901855,2.68340802192688,92.11675925925928,0.8,4,2,89.30731481481482,0.8800322413444519,22.665897,78.32758,-222.6993560791016,2.7636679190176503
5KPE_4_2_9_id22,1.423133134841919,2.545475721359253,83.87351851851852,0.67,4,2,89.30731481481482,0.8800322413444519,22.665897,78.32758,-223.78054809570312,2.664558975784867
5KPE_4_2_9_id23,1.44582200050354,3.313197612762451,92.5773148148148,0.83,4,2,89.30731481481482,0.8800322413444519,22.665897,78.32758,-223.7081756591797,2.9980559172453702
5KPE_4_2_9_id3,1.3903205394744873,1.7780793905258179,91.45083333333334,0.78,4,2,89.30731481481482,0.8800322413444519,22.665897,78.32758,-224.5041961669922,2.625213057906539
5KPE_4_2_9_id4,1.422467827796936,3.2828023433685303,89.93416666666666,0.77,4,2,89.30731481481482,0.8800322413444519,22.665897,78.32758,-222.38937377929688,2.8238389756944446
5KPE_4_2_9_id5,1.3346447944641113,2.9380431175231934,88.1211111111111,0.72,4,2,89.30731481481482,0.8800322413444519,22.665897,78.32758,-223.15234375,2.6302026819299766
5KPE_4_2_9_id6,1.3735533952713013,3.0106263160705566,91.36564814814814,0.78,4,2,89.30731481481482,0.8800322413444519,22.665897,78.32758,-223.94509887695312,2.8040847778320312
5KPE_4_2_9_id7,1.3812108039855957,3.2268996238708496,93.37129629629628,0.81,4,2,89.30731481481482,0.8800322413444519,22.665897,78.32758,-223.74208068847656,2.665590074327257
5KPE_4_2_9_id8,1.5398002862930298,2.935614824295044,89.72722222222222,0.77,4,2,89.30731481481482,0.8800322413444519,22.665897,78.32758,-219.1594390869141,2.8238358674225985
5KPE_4_2_9_id9,2.9820547103881836,1.5629500150680542,90.71416666666669,0.78,4,2,89.30731481481482,0.8800322413444519,22.665897,78.32758,-222.11016845703125,2.753069842303241
5KPE_4_4_0_id0,2.007840156555176,1.6341859102249146,87.1689814814815,0.73,4,4,93.56675925925924,0.6916466355323792,22.651373,74.04665,-223.29437255859372,2.8327467176649304
5KPE_4_4_0_id1,1.8382837772369385,2.7327566146850586,89.99212962962962,0.76,4,4,93.56675925925924,0.6916466355323792,22.651373,74.04665,-222.7476348876953,2.894556681315104
5KPE_4_4_0_id10,1.3536453247070312,1.8473104238510132,89.42953703703705,0.73,4,4,93.56675925925924,0.6916466355323792,22.651373,74.04665,-223.1595916748047,2.8454804597077548
5KPE_4_4_0_id11,2.049363374710083,2.8163392543792725,89.65444444444445,0.77,4,4,93.56675925925924,0.6916466355323792,22.651373,74.04665,-222.64825439453125,2.6685765584309897
5KPE_4_4_0_id12,1.4079996347427368,3.108227252960205,91.10907407407406,0.76,4,4,93.56675925925924,0.6916466355323792,22.651373,74.04665,-223.39837646484372,2.9260796440972223
5KPE_4_4_0_id13,1.6019068956375122,2.402662515640259,89.31935185185185,0.76,4,4,93.56675925925924,0.6916466355323792,22.651373,74.04665,-223.67501831054688,2.926511693883825
5KPE_4_4_0_id14,1.6346986293792725,2.8914949893951416,89.71805555555555,0.75,4,4,93.56675925925924,0.6916466355323792,22.651373,74.04665,-220.55859375,2.984096668384693
5KPE_4_4_0_id15,1.592808485031128,2.798916816711426,86.74064814814814,0.72,4,4,93.56675925925924,0.6916466355323792,22.651373,74.04665,-218.754638671875,2.976724977846499
5KPE_4_4_0_id16,1.610182762145996,1.433979868888855,89.62546296296296,0.77,4,4,93.56675925925924,0.6916466355323792,22.651373,74.04665,-221.2889404296875,2.556844640661169
5KPE_4_4_0_id17,1.5999386310577393,3.3850371837615967,90.2646296296296,0.77,4,4,93.56675925925924,0.6916466355323792,22.651373,74.04665,-222.16807556152344,2.807803401240596
5KPE_4_4_0_id18,1.4033561944961548,3.155003309249878,89.11185185185184,0.74,4,4,93.56675925925924,0.6916466355323792,22.651373,74.04665,-222.085205078125,2.854013513635706
5KPE_4_4_0_id19,1.673598289489746,3.070115804672241,86.32611111111112,0.7,4,4,93.56675925925924,0.6916466355323792,22.651373,74.04665,-220.99447631835935,2.718744913736979
5KPE_4_4_0_id2,1.566317081451416,2.5276293754577637,89.20703703703703,0.75,4,4,93.56675925925924,0.6916466355323792,22.651373,74.04665,-217.91000366210935,3.0189282452618635
5KPE_4_4_0_id20,1.728485107421875,3.220991611480713,91.53694444444446,0.8,4,4,93.56675925925924,0.6916466355323792,22.651373,74.04665,-222.40594482421875,2.8832524617513022
5KPE_4_4_0_id21,1.7841721773147583,2.7867379188537598,88.01240740740741,0.73,4,4,93.56675925925924,0.6916466355323792,22.651373,74.04665,-219.1873321533203,3.0364721792715565
5KPE_4_4_0_id22,1.4313384294509888,2.7363595962524414,86.82935185185187,0.7,4,4,93.56675925925924,0.6916466355323792,22.651373,74.04665,-221.3614654541016,2.684690687391493
5KPE_4_4_0_id23,1.6485642194747925,2.21376895904541,87.38259259259257,0.73,4,4,93.56675925925924,0.6916466355323792,22.651373,74.04665,-221.6717071533203,2.866447166160301
5KPE_4_4_0_id3,2.031351089477539,1.7346487045288086,84.84083333333332,0.68,4,4,93.56675925925924,0.6916466355323792,22.651373,74.04665,-221.40701293945312,3.0399771796332464
5KPE_4_4_0_id4,1.8915698528289795,2.9533684253692627,90.34842592592594,0.78,4,4,93.56675925925924,0.6916466355323792,22.651373,74.04665,-224.0077972412109,2.875404640480324
5KPE_4_4_0_id5,2.2931365966796875,2.162824869155884,84.13953703703702,0.7,4,4,93.56675925925924,0.6916466355323792,22.651373,74.04665,-219.1075897216797,2.866436993634259
5KPE_4_4_0_id6,1.600309133529663,2.3906986713409424,87.74999999999999,0.71,4,4,93.56675925925924,0.6916466355323792,22.651373,74.04665,-219.03858947753903,2.8382497716833046
5KPE_4_4_0_id7,2.100867748260498,2.1297168731689453,86.97546296296296,0.73,4,4,93.56675925925924,0.6916466355323792,22.651373,74.04665,-222.33969116210935,2.757904617874711
5KPE_4_4_0_id8,1.6346570253372192,2.6262264251708984,88.49972222222222,0.73,4,4,93.56675925925924,0.6916466355323792,22.651373,74.04665,-223.6170654296875,2.632145916974103
5KPE_4_4_0_id9,1.5892753601074219,2.5552918910980225,89.44268518518518,0.76,4,4,93.56675925925924,0.6916466355323792,22.651373,74.04665,-222.4757537841797,2.898059986255787
5KPE_4_4_1_id0,1.5663038492202759,2.8947107791900635,90.1472222222222,0.75,4,4,91.6590740740741,0.7528417110443115,22.455484,72.637024,-223.4385681152344,2.7701907687717013
5KPE_4_4_1_id1,1.519852876663208,2.1853926181793213,87.68277777777777,0.71,4,4,91.6590740740741,0.7528417110443115,22.455484,72.637024,-223.8526153564453,2.376115021882234
5KPE_4_4_1_id10,1.4683585166931152,2.7882444858551025,86.5464814814815,0.7,4,4,91.6590740740741,0.7528417110443115,22.455484,72.637024,-220.29617309570312,2.9978343822337963
5KPE_4_4_1_id11,2.0578222274780273,1.895842432975769,84.9163888888889,0.66,4,4,91.6590740740741,0.7528417110443115,22.455484,72.637024,-223.45318603515625,2.5551684344256365
5KPE_4_4_1_id12,2.171759605407715,1.4449193477630615,88.62518518518519,0.73,4,4,91.6590740740741,0.7528417110443115,22.455484,72.637024,-221.36036682128903,2.727263839156539
5KPE_4_4_1_id13,2.2028610706329346,1.7468373775482178,83.2100925925926,0.67,4,4,91.6590740740741,0.7528417110443115,22.455484,72.637024,-222.20706176757807,2.635962309660735
5KPE_4_4_1_id14,2.076441764831543,1.7856099605560303,84.41944444444447,0.66,4,4,91.6590740740741,0.7528417110443115,22.455484,72.637024,-224.0908050537109,2.861501623083044
5KPE_4_4_1_id15,2.513294219970703,2.088167667388916,84.31888888888888,0.65,4,4,91.6590740740741,0.7528417110443115,22.455484,72.637024,-218.62759399414065,2.646254928023726
5KPE_4_4_1_id16,3.4278948307037354,1.4131213426589966,89.59185185185186,0.75,4,4,91.6590740740741,0.7528417110443115,22.455484,72.637024,-223.7884826660156,2.8066335607458046
5KPE_4_4_1_id17,2.6011195182800293,1.459746241569519,86.64666666666666,0.69,4,4,91.6590740740741,0.7528417110443115,22.455484,72.637024,-224.09674072265625,2.75631261754919
5KPE_4_4_1_id18,1.9397566318511963,1.385301113128662,90.91287037037036,0.79,4,4,91.6590740740741,0.7528417110443115,22.455484,72.637024,-221.332275390625,2.87623370135272
5KPE_4_4_1_id19,1.224989414215088,3.1881000995635986,87.19657407407406,0.69,4,4,91.6590740740741,0.7528417110443115,22.455484,72.637024,-222.29067993164065,2.841902556242766
5KPE_4_4_1_id2,1.5844964981079102,1.5737818479537964,84.18574074074074,0.68,4,4,91.6590740740741,0.7528417110443115,22.455484,72.637024,-220.82666015625,2.898316842538339
5KPE_4_4_1_id20,1.5495586395263672,1.9096109867095947,88.63537037037037,0.73,4,4,91.6590740740741,0.7528417110443115,22.455484,72.637024,-219.5248870849609,2.62884521484375
5KPE_4_4_1_id21,2.1506638526916504,1.7867553234100342,84.74157407407408,0.63,4,4,91.6590740740741,0.7528417110443115,22.455484,72.637024,-218.6878967285156,2.786359433774595
5KPE_4_4_1_id22,1.5540916919708252,2.1833930015563965,87.0112037037037,0.7,4,4,91.6590740740741,0.7528417110443115,22.455484,72.637024,-223.9653167724609,2.5743176495587385
5KPE_4_4_1_id23,2.223054885864258,1.7002437114715576,84.06092592592593,0.65,4,4,91.6590740740741,0.7528417110443115,22.455484,72.637024,-223.38067626953125,2.906255933973524
5KPE_4_4_1_id3,1.6715679168701172,2.8835017681121826,88.73324074074073,0.72,4,4,91.6590740740741,0.7528417110443115,22.455484,72.637024,-222.06231689453125,2.6932796902126737
5KPE_4_4_1_id4,2.3039662837982178,1.7726467847824097,84.1649074074074,0.66,4,4,91.6590740740741,0.7528417110443115,22.455484,72.637024,-223.35264587402344,2.888419539840133
5KPE_4_4_1_id5,2.6601786613464355,1.4848504066467285,84.34277777777777,0.66,4,4,91.6590740740741,0.7528417110443115,22.455484,72.637024,-223.67941284179688,2.56873208505136
5KPE_4_4_1_id6,2.2045340538024902,1.3027654886245728,88.62555555555556,0.71,4,4,91.6590740740741,0.7528417110443115,22.455484,72.637024,-224.5303649902344,3.004131740993924
5KPE_4_4_1_id7,2.073754072189331,1.7299249172210693,83.04944444444446,0.65,4,4,91.6590740740741,0.7528417110443115,22.455484,72.637024,-222.4175262451172,2.526643258553964
5KPE_4_4_1_id8,1.8967912197113037,2.686025619506836,87.81768518518517,0.71,4,4,91.6590740740741,0.7528417110443115,22.455484,72.637024,-222.39437866210935,2.575185705114294
5KPE_4_4_1_id9,1.5470187664031982,1.7955089807510376,84.20342592592591,0.67,4,4,91.6590740740741,0.7528417110443115,22.455484,72.637024,-225.00228881835935,2.682104605215568
5KPE_4_4_2_id0,1.6887810230255127,2.7522358894348145,89.88787037037038,0.77,4,4,90.98,0.6925307512283325,22.836504,71.83987,-220.77403259277344,2.9414520263671875
5KPE_4_4_2_id1,1.211978554725647,3.0965564250946045,88.40129629629627,0.71,4,4,90.98,0.6925307512283325,22.836504,71.83987,-219.93019104003903,2.7209995411060475
5KPE_4_4_2_id10,1.1847634315490723,3.414041757583618,89.39833333333333,0.74,4,4,90.98,0.6925307512283325,22.836504,71.83987,-221.1011199951172,2.9153962311921298
5KPE_4_4_2_id11,1.3660740852355957,3.3587443828582764,89.4950925925926,0.73,4,4,90.98,0.6925307512283325,22.836504,71.83987,-222.04124450683597,2.736924065483941
5KPE_4_4_2_id12,1.6262367963790894,2.8784260749816895,87.97472222222223,0.72,4,4,90.98,0.6925307512283325,22.836504,71.83987,-222.17135620117188,2.805222122757524
5KPE_4_4_2_id13,1.0053812265396118,3.191948652267456,89.56212962962964,0.75,4,4,90.98,0.6925307512283325,22.836504,71.83987,-222.50271606445312,2.996063797562211
5KPE_4_4_2_id14,1.5124949216842651,2.9211649894714355,88.46231481481482,0.73,4,4,90.98,0.6925307512283325,22.836504,71.83987,-226.0167999267578,3.022621719925492
5KPE_4_4_2_id15,1.069468379020691,3.124185800552368,87.75083333333332,0.72,4,4,90.98,0.6925307512283325,22.836504,71.83987,-221.90020751953125,2.8492298832646124
5KPE_4_4_2_id16,1.6468826532363892,2.7586722373962402,87.76185185185186,0.72,4,4,90.98,0.6925307512283325,22.836504,71.83987,-222.2250061035156,2.784427218967014
5KPE_4_4_2_id17,1.3407697677612305,3.0172293186187744,88.09574074074074,0.71,4,4,90.98,0.6925307512283325,22.836504,71.83987,-219.70953369140625,2.732956497757524
5KPE_4_4_2_id18,1.667387843132019,2.82926607131958,88.0398148148148,0.72,4,4,90.98,0.6925307512283325,22.836504,71.83987,-223.84326171875,2.903469509548611
5KPE_4_4_2_id19,1.4870738983154297,2.665504217147827,85.84750000000001,0.71,4,4,90.98,0.6925307512283325,22.836504,71.83987,-218.1069793701172,3.06591796875
5KPE_4_4_2_id2,1.6853138208389282,2.992513418197632,87.93564814814816,0.72,4,4,90.98,0.6925307512283325,22.836504,71.83987,-222.0577545166016,2.9330921879521124
5KPE_4_4_2_id20,1.2181893587112427,3.008923053741455,87.46564814814816,0.69,4,4,90.98,0.6925307512283325,22.836504,71.83987,-222.9671936035156,2.8151191428855613
5KPE_4_4_2_id21,1.4192770719528198,2.8249661922454834,87.98435185185184,0.72,4,4,90.98,0.6925307512283325,22.836504,71.83987,-225.34994506835935,3.0110208016854747
5KPE_4_4_2_id22,1.5472536087036133,2.5343611240386963,87.82212962962961,0.7,4,4,90.98,0.6925307512283325,22.836504,71.83987,-224.17510986328125,2.780922501175492
5KPE_4_4_2_id23,1.1262743473052979,3.005784511566162,88.58648148148147,0.7,4,4,90.98,0.6925307512283325,22.836504,71.83987,-222.70196533203125,2.953823796025029
5KPE_4_4_2_id3,1.1024540662765503,3.1543309688568115,86.80833333333332,0.7,4,4,90.98,0.6925307512283325,22.836504,71.83987,-224.67996215820312,2.788805926287616
5KPE_4_4_2_id4,1.576141357421875,3.061444044113159,88.91574074074073,0.73,4,4,90.98,0.6925307512283325,22.836504,71.83987,-225.31610107421875,2.8878580729166665
5KPE_4_4_2_id5,1.2334333658218384,2.88081955909729,87.86592592592594,0.72,4,4,90.98,0.6925307512283325,22.836504,71.83987,-222.46206665039065,2.923370361328125
5KPE_4_4_2_id6,1.495663046836853,3.052903175354004,88.75787037037037,0.73,4,4,90.98,0.6925307512283325,22.836504,71.83987,-223.5390625,2.895382351345486
5KPE_4_4_2_id7,1.3668992519378662,3.4302730560302734,89.35416666666664,0.72,4,4,90.98,0.6925307512283325,22.836504,71.83987,-223.26046752929688,2.97426266140408
5KPE_4_4_2_id8,1.6020874977111816,2.957514762878418,88.66111111111113,0.74,4,4,90.98,0.6925307512283325,22.836504,71.83987,-225.3013153076172,2.913274129231771
5KPE_4_4_2_id9,1.6029738187789917,2.7813851833343506,87.24092592592595,0.71,4,4,90.98,0.6925307512283325,22.836504,71.83987,-222.88592529296875,2.6975493254484952
5KPE_4_4_4_id0,1.7905371189117432,2.1314432621002197,87.3887962962963,0.72,4,4,93.84972222222224,0.5574327707290649,23.408518,72.53655,-223.0970916748047,2.684065642180266
5KPE_4_4_4_id1,1.6748641729354858,2.513273000717163,87.51861111111111,0.72,4,4,93.84972222222224,0.5574327707290649,23.408518,72.53655,-224.10873413085935,2.715961597583912
5KPE_4_4_4_id10,1.3414875268936157,2.8705694675445557,84.8189814814815,0.66,4,4,93.84972222222224,0.5574327707290649,23.408518,72.53655,-222.6817626953125,2.951261732313368
5KPE_4_4_4_id11,1.5498366355895996,2.3584115505218506,82.0875,0.64,4,4,93.84972222222224,0.5574327707290649,23.408518,72.53655,-222.52114868164065,2.6551632351345487
5KPE_4_4_4_id12,1.835915207862854,1.9169293642044067,85.5801851851852,0.69,4,4,93.84972222222224,0.5574327707290649,23.408518,72.53655,-222.45135498046875,2.548556575068721
5KPE_4_4_4_id13,1.55868661403656,2.5595693588256836,87.04546296296294,0.71,4,4,93.84972222222224,0.5574327707290649,23.408518,72.53655,-222.7369384765625,2.6185201009114585
5KPE_4_4_4_id14,1.3633157014846802,2.579969644546509,86.94175925925927,0.7,4,4,93.84972222222224,0.5574327707290649,23.408518,72.53655,-221.72314453125,2.7072474161783853
5KPE_4_4_4_id15,1.1750638484954834,2.8408799171447754,89.49833333333332,0.75,4,4,93.84972222222224,0.5574327707290649,23.408518,72.53655,-221.36520385742188,2.659112718370226
5KPE_4_4_4_id16,1.9099550247192383,2.074385166168213,86.51342592592593,0.71,4,4,93.84972222222224,0.5574327707290649,23.408518,72.53655,-216.1920928955078,2.673545554832176
5KPE_4_4_4_id17,1.382318139076233,2.630526065826416,85.8749074074074,0.68,4,4,93.84972222222224,0.5574327707290649,23.408518,72.53655,-222.5261383056641,2.6759349681712963
5KPE_4_4_4_id18,1.684805154800415,2.3736770153045654,84.95064814814815,0.67,4,4,93.84972222222224,0.5574327707290649,23.408518,72.53655,-222.044189453125,2.711420129846644
5KPE_4_4_4_id19,1.2712509632110596,2.7797458171844482,88.26129629629631,0.73,4,4,93.84972222222224,0.5574327707290649,23.408518,72.53655,-222.6827087402344,2.660285101996528
5KPE_4_4_4_id2,1.3458009958267212,2.956533670425415,81.52537037037037,0.64,4,4,93.84972222222224,0.5574327707290649,23.408518,72.53655,-221.9173583984375,2.5099379928023726
5KPE_4_4_4_id20,1.3919826745986938,2.8814878463745117,85.72009259259261,0.69,4,4,93.84972222222224,0.5574327707290649,23.408518,72.53655,-223.06494140625,2.704524287471065
5KPE_4_4_4_id21,1.917159914970398,2.295046806335449,83.48111111111112,0.67,4,4,93.84972222222224,0.5574327707290649,23.408518,72.53655,-222.8585205078125,2.650002656159577
5KPE_4_4_4_id22,1.3528692722320557,2.412470579147339,81.30527777777777,0.63,4,4,93.84972222222224,0.5574327707290649,23.408518,72.53655,-218.77154541015625,2.766111020688657
5KPE_4_4_4_id23,2.081981897354126,2.21376895904541,83.9162962962963,0.67,4,4,93.84972222222224,0.5574327707290649,23.408518,72.53655,-219.71890258789065,2.751084504304109
5KPE_4_4_4_id3,2.072448492050171,2.2069449424743652,84.04759259259261,0.67,4,4,93.84972222222224,0.5574327707290649,23.408518,72.53655,-223.14573669433597,2.795648080331308
5KPE_4_4_4_id4,1.2009851932525635,3.0176424980163574,84.14425925925926,0.66,4,4,93.84972222222224,0.5574327707290649,23.408518,72.53655,-223.8059234619141,2.885973612467448
5KPE_4_4_4_id5,1.2951010465621948,2.53836989402771,85.28546296296294,0.68,4,4,93.84972222222224,0.5574327707290649,23.408518,72.53655,-223.4790954589844,2.83893472177011
5KPE_4_4_4_id6,1.6328246593475342,2.1984825134277344,83.65925925925929,0.66,4,4,93.84972222222224,0.5574327707290649,23.408518,72.53655,-223.6831970214844,2.7635791919849537
5KPE_4_4_4_id7,1.6235517263412476,2.5301191806793213,85.5483333333333,0.7,4,4,93.84972222222224,0.5574327707290649,23.408518,72.53655,-222.92672729492188,2.7083649811921298
5KPE_4_4_4_id8,1.6826831102371216,2.2555665969848633,88.34574074074074,0.71,4,4,93.84972222222224,0.5574327707290649,23.408518,72.53655,-223.83290100097656,2.6455586751302085
5KPE_4_4_4_id9,1.7170681953430176,2.297311544418335,85.470462962963,0.71,4,4,93.84972222222224,0.5574327707290649,23.408518,72.53655,-220.63088989257807,2.7826405277958624
5KPE_4_4_5_id0,1.8422430753707886,2.0452494621276855,83.73805555555553,0.66,4,4,92.30592592592592,0.8338325023651123,22.652765,76.48185,-215.9288024902344,2.798209578902633
5KPE_4_4_5_id1,1.2899144887924194,2.3149943351745605,88.39750000000001,0.72,4,4,92.30592592592592,0.8338325023651123,22.652765,76.48185,-223.0985565185547,2.846896701388889
5KPE_4_4_5_id10,1.8493608236312866,1.6523268222808838,87.24249999999999,0.75,4,4,92.30592592592592,0.8338325023651123,22.652765,76.48185,-219.96180725097656,2.764616224500868
5KPE_4_4_5_id11,1.4979273080825806,2.3911988735198975,85.57962962962964,0.69,4,4,92.30592592592592,0.8338325023651123,22.652765,76.48185,-214.7451934814453,2.884913126627604
5KPE_4_4_5_id12,2.1249821186065674,1.8826532363891602,85.4972222222222,0.69,4,4,92.30592592592592,0.8338325023651123,22.652765,76.48185,-221.99246215820312,2.8658695927372686
5KPE_4_4_5_id13,1.819077730178833,2.1772024631500244,85.96351851851854,0.71,4,4,92.30592592592592,0.8338325023651123,22.652765,76.48185,-224.081298828125,2.715258563006366
5KPE_4_4_5_id14,1.7744005918502808,1.3617656230926514,90.09009259259258,0.76,4,4,92.30592592592592,0.8338325023651123,22.652765,76.48185,-222.60736083984372,2.6697599622938366
5KPE_4_4_5_id15,1.7748830318450928,1.5107250213623047,86.2312037037037,0.68,4,4,92.30592592592592,0.8338325023651123,22.652765,76.48185,-219.65414428710935,2.9069284509729454
5KPE_4_4_5_id16,1.79645574092865,1.4786181449890137,92.29388888888889,0.82,4,4,92.30592592592592,0.8338325023651123,22.652765,76.48185,-219.66629028320312,2.6660464251482927
5KPE_4_4_5_id17,1.5838429927825928,3.5737695693969727,92.3861111111111,0.8,4,4,92.30592592592592,0.8338325023651123,22.652765,76.48185,-220.1986389160156,2.898549962926794
5KPE_4_4_5_id18,1.557585597038269,2.6251986026763916,85.90666666666668,0.69,4,4,92.30592592592592,0.8338325023651123,22.652765,76.48185,-221.6898498535156,2.843028880931713
5KPE_4_4_5_id19,1.5887861251831055,1.8412070274353027,84.92444444444443,0.68,4,4,92.30592592592592,0.8338325023651123,22.652765,76.48185,-222.6706695556641,2.485690646701389
5KPE_4_4_5_id2,1.3183637857437134,1.9775034189224243,83.75212962962962,0.68,4,4,92.30592592592592,0.8338325023651123,22.652765,76.48185,-221.84747314453125,2.294850949887876
5KPE_4_4_5_id20,1.112248420715332,2.989949941635132,88.23944444444444,0.74,4,4,92.30592592592592,0.8338325023651123,22.652765,76.48185,-223.9447021484375,2.852602358217593
5KPE_4_4_5_id21,1.6908390522003174,1.725928783416748,84.66925925925928,0.69,4,4,92.30592592592592,0.8338325023651123,22.652765,76.48185,-222.2672576904297,2.794805738661024
5KPE_4_4_5_id22,1.3824818134307861,2.0626401901245117,87.79611111111109,0.73,4,4,92.30592592592592,0.8338325023651123,22.652765,76.48185,-223.66458129882807,2.659976535373264
5KPE_4_4_5_id23,1.0813120603561401,2.815258502960205,86.40490740740739,0.67,4,4,92.30592592592592,0.8338325023651123,22.652765,76.48185,-220.83203125,2.868775261773004
5KPE_4_4_5_id3,1.5909806489944458,2.570962905883789,85.02657407407408,0.7,4,4,92.30592592592592,0.8338325023651123,22.652765,76.48185,-222.989501953125,2.864382991084346
5KPE_4_4_5_id4,1.7767704725265503,2.536992311477661,81.55574074074075,0.67,4,4,92.30592592592592,0.8338325023651123,22.652765,76.48185,-219.7740173339844,2.7961465341073497
5KPE_4_4_5_id5,1.3530980348587036,1.9604942798614502,85.60574074074074,0.69,4,4,92.30592592592592,0.8338325023651123,22.652765,76.48185,-223.07659912109372,2.8574244181315103
5KPE_4_4_5_id6,1.559145212173462,2.7246663570404053,87.98722222222221,0.73,4,4,92.30592592592592,0.8338325023651123,22.652765,76.48185,-222.15174865722656,2.931683575665509
5KPE_4_4_5_id7,1.6312414407730103,2.777345657348633,89.63861111111112,0.75,4,4,92.30592592592592,0.8338325023651123,22.652765,76.48185,-220.6533660888672,2.559775741012008
5KPE_4_4_5_id8,1.6762299537658691,2.730175018310547,87.62666666666667,0.73,4,4,92.30592592592592,0.8338325023651123,22.652765,76.48185,-221.6238250732422,2.576362892433449
5KPE_4_4_5_id9,1.6043298244476318,2.5356943607330322,91.00907407407408,0.79,4,4,92.30592592592592,0.8338325023651123,22.652765,76.48185,-223.83059692382807,2.815200240523726
5KPE_4_4_6_id0,1.6668020486831665,2.570463180541992,89.31194444444444,0.76,4,4,92.2837037037037,0.8217940330505371,23.190203,73.59821,-220.9838714599609,3.051855581778068
5KPE_4_4_6_id1,1.4463832378387451,2.379591703414917,87.02074074074073,0.69,4,4,92.2837037037037,0.8217940330505371,23.190203,73.59821,-219.2799072265625,2.8100789388020835
5KPE_4_4_6_id10,1.7139122486114502,2.729670286178589,91.41814814814816,0.8,4,4,92.2837037037037,0.8217940330505371,23.190203,73.59821,-220.27903747558597,2.879687273943866
5KPE_4_4_6_id11,1.9646598100662231,2.348480463027954,88.60240740740744,0.76,4,4,92.2837037037037,0.8217940330505371,23.190203,73.59821,-217.8165740966797,2.626529269748264
5KPE_4_4_6_id12,1.9106483459472656,2.311645030975342,87.4586111111111,0.73,4,4,92.2837037037037,0.8217940330505371,23.190203,73.59821,-221.40997314453125,2.904094554759838
5KPE_4_4_6_id13,1.8185666799545288,2.945805549621582,87.57759259259258,0.73,4,4,92.2837037037037,0.8217940330505371,23.190203,73.59821,-219.64398193359372,2.8802422417534723
5KPE_4_4_6_id14,1.5587525367736816,2.9977753162384033,89.97833333333334,0.77,4,4,92.2837037037037,0.8217940330505371,23.190203,73.59821,-219.53543090820312,3.088177998860677
5KPE_4_4_6_id15,1.9460837841033936,2.0547876358032227,88.6137037037037,0.75,4,4,92.2837037037037,0.8217940330505371,23.190203,73.59821,-217.3046722412109,2.8821688051576966
5KPE_4_4_6_id16,1.826222538948059,2.618340253829956,88.15981481481482,0.74,4,4,92.2837037037037,0.8217940330505371,23.190203,73.59821,-220.12550354003903,2.6598951551649304
5KPE_4_4_6_id17,1.6622413396835327,2.7518186569213867,90.19212962962963,0.8,4,4,92.2837037037037,0.8217940330505371,23.190203,73.59821,-219.9554443359375,2.6712618227358216
5KPE_4_4_6_id18,1.6832624673843384,2.7866718769073486,90.8087037037037,0.8,4,4,92.2837037037037,0.8217940330505371,23.190203,73.59821,-219.5488128662109,2.840034202293113
5KPE_4_4_6_id19,1.8496280908584595,2.4576542377471924,88.83064814814814,0.74,4,4,92.2837037037037,0.8217940330505371,23.190203,73.59821,-219.47650146484372,2.6400768138744213
5KPE_4_4_6_id2,1.6723847389221191,2.3987858295440674,88.26546296296296,0.74,4,4,92.2837037037037,0.8217940330505371,23.190203,73.59821,-217.65533447265625,3.0187310112847223
5KPE_4_4_6_id20,1.39395010471344,2.8287289142608643,85.89712962962962,0.69,4,4,92.2837037037037,0.8217940330505371,23.190203,73.59821,-220.84652709960935,2.911589445891204
5KPE_4_4_6_id21,1.708041787147522,2.5396814346313477,90.00435185185185,0.78,4,4,92.2837037037037,0.8217940330505371,23.190203,73.59821,-217.3634796142578,2.606955916793258
5KPE_4_4_6_id22,1.742016315460205,2.423637866973877,87.20990740740741,0.73,4,4,92.2837037037037,0.8217940330505371,23.190203,73.59821,-219.14686584472656,2.7200902303059897
5KPE_4_4_6_id23,1.608391523361206,1.708619475364685,88.27833333333332,0.74,4,4,92.2837037037037,0.8217940330505371,23.190203,73.59821,-216.71746826171875,2.765541641800492
5KPE_4_4_6_id3,1.8829337358474731,2.2419815063476562,87.44685185185186,0.74,4,4,92.2837037037037,0.8217940330505371,23.190203,73.59821,-219.1790313720703,2.737880848072193
5KPE_4_4_6_id4,1.6747874021530151,2.3995895385742188,89.46509259259257,0.75,4,4,92.2837037037037,0.8217940330505371,23.190203,73.59821,-219.8861083984375,2.801693951642072
5KPE_4_4_6_id5,1.5283031463623047,2.0404202938079834,89.22907407407408,0.75,4,4,92.2837037037037,0.8217940330505371,23.190203,73.59821,-219.127197265625,2.7934864185474537
5KPE_4_4_6_id6,2.0092132091522217,2.337719202041626,86.62898148148146,0.72,4,4,92.2837037037037,0.8217940330505371,23.190203,73.59821,-218.50445556640625,2.7108151471173323
5KPE_4_4_6_id7,1.497626543045044,2.5036892890930176,88.7274074074074,0.74,4,4,92.2837037037037,0.8217940330505371,23.190203,73.59821,-214.08074951171875,3.067374335394965
5KPE_4_4_6_id8,1.8045964241027832,2.760206699371338,89.83148148148148,0.74,4,4,92.2837037037037,0.8217940330505371,23.190203,73.59821,-219.553955078125,3.0402501424153647
5KPE_4_4_6_id9,1.9561505317687988,2.415815830230713,90.69851851851853,0.79,4,4,92.2837037037037,0.8217940330505371,23.190203,73.59821,-219.9890289306641,2.797815958658854
5KPE_4_4_7_id0,1.1870932579040527,2.847705125808716,85.53055555555557,0.67,4,4,90.76925925925926,0.7929343581199646,23.49911,73.25415,-224.54583740234372,2.566671300817419
5KPE_4_4_7_id1,1.358368158340454,2.823489189147949,84.22574074074073,0.67,4,4,90.76925925925926,0.7929343581199646,23.49911,73.25415,-221.39697265625,2.717171563042535
5KPE_4_4_7_id10,1.3883635997772217,2.4019603729248047,82.91537037037034,0.63,4,4,90.76925925925926,0.7929343581199646,23.49911,73.25415,-220.74197387695312,2.678123191550926
5KPE_4_4_7_id11,1.4241441488265991,2.9964611530303955,87.56879629629628,0.72,4,4,90.76925925925926,0.7929343581199646,23.49911,73.25415,-218.54258728027344,2.6718778257016784
5KPE_4_4_7_id12,1.2127920389175415,2.94248628616333,85.51046296296298,0.69,4,4,90.76925925925926,0.7929343581199646,23.49911,73.25415,-224.6341857910156,2.758166842990452
5KPE_4_4_7_id13,1.1919125318527222,2.9843900203704834,85.38657407407408,0.67,4,4,90.76925925925926,0.7929343581199646,23.49911,73.25415,-221.32516479492188,2.767694543909144
5KPE_4_4_7_id14,1.3479087352752686,2.433380365371704,86.47916666666667,0.69,4,4,90.76925925925926,0.7929343581199646,23.49911,73.25415,-220.8466644287109,2.588295265480324
5KPE_4_4_7_id15,1.419012188911438,2.477386236190796,82.8965740740741,0.64,4,4,90.76925925925926,0.7929343581199646,23.49911,73.25415,-220.0170745849609,2.566470675998264
5KPE_4_4_7_id16,1.2758530378341675,3.0076377391815186,85.0713888888889,0.68,4,4,90.76925925925926,0.7929343581199646,23.49911,73.25415,-222.07418823242188,2.805844059696904
5KPE_4_4_7_id17,1.2580360174179077,2.455414056777954,86.91222222222223,0.72,4,4,90.76925925925926,0.7929343581199646,23.49911,73.25415,-217.86273193359372,2.7585477475766784
5KPE_4_4_7_id18,1.8560237884521484,1.8306019306182861,85.67092592592593,0.71,4,4,90.76925925925926,0.7929343581199646,23.49911,73.25415,-222.8922119140625,2.746923658582899
5KPE_4_4_7_id19,1.99171781539917,1.9042373895645142,88.19407407407408,0.71,4,4,90.76925925925926,0.7929343581199646,23.49911,73.25415,-222.71109008789065,2.7491667005750866
5KPE_4_4_7_id2,1.4072498083114624,2.8397912979125977,86.39916666666666,0.7,4,4,90.76925925925926,0.7929343581199646,23.49911,73.25415,-221.70556640625,2.760843347620081
5KPE_4_4_7_id20,1.0335713624954224,3.042477607727051,85.95675925925926,0.68,4,4,90.76925925925926,0.7929343581199646,23.49911,73.25415,-220.5351409912109,2.6043014526367188
5KPE_4_4_7_id21,1.4497959613800049,2.112572431564331,83.41305555555556,0.65,4,4,90.76925925925926,0.7929343581199646,23.49911,73.25415,-222.7828826904297,2.5611295346860534
5KPE_4_4_7_id22,1.4120583534240723,3.324370861053467,93.10601851851852,0.83,4,4,90.76925925925926,0.7929343581199646,23.49911,73.25415,-220.7727813720703,2.537431787561488
5KPE_4_4_7_id23,1.4094611406326294,2.3323845863342285,84.5548148148148,0.68,4,4,90.76925925925926,0.7929343581199646,23.49911,73.25415,-223.18121337890625,2.6246606332284435
5KPE_4_4_7_id3,1.4600616693496704,2.94686222076416,83.08666666666667,0.67,4,4,90.76925925925926,0.7929343581199646,23.49911,73.25415,-220.18251037597656,2.582283867730035
5KPE_4_4_7_id4,1.5682945251464844,1.6566510200500488,85.56166666666667,0.69,4,4,90.76925925925926,0.7929343581199646,23.49911,73.25415,-220.8029327392578,2.726136666757089
5KPE_4_4_7_id5,1.5036768913269043,2.5533339977264404,85.68388888888892,0.7,4,4,90.76925925925926,0.7929343581199646,23.49911,73.25415,-220.78482055664065,2.686352765118634
5KPE_4_4_7_id6,1.2149033546447754,3.0380613803863525,86.61296296296297,0.71,4,4,90.76925925925926,0.7929343581199646,23.49911,73.25415,-221.5673828125,2.5359644006799766
5KPE_4_4_7_id7,1.7607154846191406,2.4160842895507812,83.55435185185186,0.69,4,4,90.76925925925926,0.7929343581199646,23.49911,73.25415,-220.41302490234372,2.660558064778646
5KPE_4_4_7_id8,2.278884172439575,1.7924546003341675,84.5221296296296,0.66,4,4,90.76925925925926,0.7929343581199646,23.49911,73.25415,-221.9610290527344,2.659001103153935
5KPE_4_4_7_id9,1.1856685876846313,3.050030469894409,83.30009259259258,0.66,4,4,90.76925925925926,0.7929343581199646,23.49911,73.25415,-222.715087890625,2.5970512672706887
5KPE_4_4_8_id0,1.2120110988616943,2.707564115524292,84.8152777777778,0.66,4,4,90.52138888888892,0.6596664786338806,22.61628,74.71156,-224.16818237304688,2.542137428566261
5KPE_4_4_8_id1,1.3749107122421265,2.260380744934082,82.06222222222219,0.67,4,4,90.52138888888892,0.6596664786338806,22.61628,74.71156,-224.91380310058597,2.7568783230251737
5KPE_4_4_8_id10,1.2810249328613281,2.8189830780029297,85.8573148148148,0.67,4,4,90.52138888888892,0.6596664786338806,22.61628,74.71156,-222.9955902099609,2.830644678186488
5KPE_4_4_8_id11,1.448397159576416,3.0161261558532715,86.97166666666665,0.68,4,4,90.52138888888892,0.6596664786338806,22.61628,74.71156,-224.0102996826172,2.66848557083695
5KPE_4_4_8_id12,1.8135416507720947,1.799477219581604,85.64537037037036,0.69,4,4,90.52138888888892,0.6596664786338806,22.61628,74.71156,-223.3331451416016,2.822509200484664
5KPE_4_4_8_id13,1.4694260358810425,2.5242559909820557,84.8687962962963,0.7,4,4,90.52138888888892,0.6596664786338806,22.61628,74.71156,-225.83370971679688,2.753114205819589
5KPE_4_4_8_id14,1.407733678817749,2.6242330074310303,85.97,0.71,4,4,90.52138888888892,0.6596664786338806,22.61628,74.71156,-224.81576538085935,2.709338152850116
5KPE_4_4_8_id15,1.559233546257019,1.8635698556900024,86.90750000000001,0.7,4,4,90.52138888888892,0.6596664786338806,22.61628,74.71156,-223.900390625,2.750064425998264
5KPE_4_4_8_id16,2.0753016471862793,1.7993099689483643,86.22351851851853,0.72,4,4,90.52138888888892,0.6596664786338806,22.61628,74.71156,-222.9771728515625,2.6802102548104747
5KPE_4_4_8_id17,3.1580662727355957,1.4027255773544312,88.24907407407406,0.74,4,4,90.52138888888892,0.6596664786338806,22.61628,74.71156,-225.2586669921875,2.607309412073206
5KPE_4_4_8_id18,1.3332421779632568,2.4233243465423584,84.07194444444445,0.65,4,4,90.52138888888892,0.6596664786338806,22.61628,74.71156,-225.61216735839844,2.840144122088397
5KPE_4_4_8_id19,1.4006410837173462,2.863196611404419,84.85722222222222,0.7,4,4,90.52138888888892,0.6596664786338806,22.61628,74.71156,-224.52474975585935,2.6004972104673034
5KPE_4_4_8_id2,1.2014554738998413,2.7062571048736572,83.7663888888889,0.66,4,4,90.52138888888892,0.6596664786338806,22.61628,74.71156,-225.10989379882807,2.614394859031395
5KPE_4_4_8_id20,1.4284067153930664,2.733935594558716,84.80583333333334,0.66,4,4,90.52138888888892,0.6596664786338806,22.61628,74.71156,-225.9053497314453,2.6665332935474537
5KPE_4_4_8_id21,0.9385475516319275,3.401991844177246,86.80685185185186,0.69,4,4,90.52138888888892,0.6596664786338806,22.61628,74.71156,-223.10264587402344,2.751421327944155
5KPE_4_4_8_id22,1.7186349630355835,1.9248961210250854,86.63018518518521,0.7,4,4,90.52138888888892,0.6596664786338806,22.61628,74.71156,-224.38694763183597,2.7068634033203125
5KPE_4_4_8_id23,1.2963186502456665,2.4999780654907227,85.88203703703704,0.71,4,4,90.52138888888892,0.6596664786338806,22.61628,74.71156,-224.80430603027344,2.767783836082176
5KPE_4_4_8_id3,1.1884305477142334,2.701129198074341,85.99083333333334,0.69,4,4,90.52138888888892,0.6596664786338806,22.61628,74.71156,-223.63861083984372,2.634672376844618
5KPE_4_4_8_id4,1.1502264738082886,2.626085042953491,85.96175925925927,0.7,4,4,90.52138888888892,0.6596664786338806,22.61628,74.71156,-224.57260131835935,2.7031303688331887
5KPE_4_4_8_id5,1.3775558471679688,2.8835389614105225,86.25129629629629,0.69,4,4,90.52138888888892,0.6596664786338806,22.61628,74.71156,-224.92770385742188,2.766619646990741
5KPE_4_4_8_id6,1.983560562133789,1.5953528881072998,84.10379629629631,0.66,4,4,90.52138888888892,0.6596664786338806,22.61628,74.71156,-222.9454040527344,2.862471403899016
5KPE_4_4_8_id7,1.523714303970337,2.746840238571167,86.64851851851851,0.73,4,4,90.52138888888892,0.6596664786338806,22.61628,74.71156,-220.8706512451172,2.738660176595052
5KPE_4_4_8_id8,1.5907119512557983,1.3948798179626465,86.77666666666667,0.7,4,4,90.52138888888892,0.6596664786338806,22.61628,74.71156,-221.38845825195312,2.8518139874493635
5KPE_4_4_8_id9,1.4425969123840332,2.7432432174682617,90.05870370370369,0.74,4,4,90.52138888888892,0.6596664786338806,22.61628,74.71156,-222.2499847412109,2.848230997721354
5KPE_4_4_9_id0,1.0448395013809204,3.4607555866241455,89.69481481481483,0.73,4,4,90.84425925925925,0.8457044363021851,23.040243,70.987595,-221.88856506347656,2.553064134385851
5KPE_4_4_9_id1,1.4609241485595703,3.050962448120117,82.92351851851853,0.66,4,4,90.84425925925925,0.8457044363021851,23.040243,70.987595,-222.1418609619141,2.6431777388961226
5KPE_4_4_9_id10,1.2645952701568604,2.9147536754608154,85.89314814814816,0.69,4,4,90.84425925925925,0.8457044363021851,23.040243,70.987595,-225.0730133056641,2.744704352484809
5KPE_4_4_9_id11,1.4022033214569092,2.7806036472320557,83.24314814814814,0.65,4,4,90.84425925925925,0.8457044363021851,23.040243,70.987595,-222.4131317138672,2.8170883743851274
5KPE_4_4_9_id12,1.4692646265029907,2.794267416000366,87.5462037037037,0.72,4,4,90.84425925925925,0.8457044363021851,23.040243,70.987595,-222.6466522216797,2.972347965946904
5KPE_4_4_9_id13,1.656628966331482,2.217883825302124,87.14925925925927,0.72,4,4,90.84425925925925,0.8457044363021851,23.040243,70.987595,-224.0827178955078,2.830355326334636
5KPE_4_4_9_id14,1.2672119140625,2.7613489627838135,82.44648148148147,0.68,4,4,90.84425925925925,0.8457044363021851,23.040243,70.987595,-221.1121368408203,2.851015161584925
5KPE_4_4_9_id15,1.336524486541748,3.002384662628174,82.88314814814815,0.68,4,4,90.84425925925925,0.8457044363021851,23.040243,70.987595,-223.08566284179688,2.775782549822772
5KPE_4_4_9_id16,1.2709054946899414,3.0371952056884766,88.31694444444446,0.71,4,4,90.84425925925925,0.8457044363021851,23.040243,70.987595,-223.0581970214844,2.8170273392288774
5KPE_4_4_9_id17,1.322096586227417,2.454190492630005,83.68870370370371,0.67,4,4,90.84425925925925,0.8457044363021851,23.040243,70.987595,-222.6390686035156,2.716492264359086
5KPE_4_4_9_id18,1.6323195695877075,1.83004891872406,83.42703703703704,0.7,4,4,90.84425925925925,0.8457044363021851,23.040243,70.987595,-224.58157348632807,2.72416913067853
5KPE_4_4_9_id19,1.3371257781982422,3.1308987140655518,85.85287037037038,0.7,4,4,90.84425925925925,0.8457044363021851,23.040243,70.987595,-223.2194061279297,3.066795631691261
5KPE_4_4_9_id2,1.5718051195144653,2.437551498413086,85.0134259259259,0.7,4,4,90.84425925925925,0.8457044363021851,23.040243,70.987595,-224.04864501953125,2.8062947591145835
5KPE_4_4_9_id20,1.1466491222381592,2.9215290546417236,84.54314814814815,0.66,4,4,90.84425925925925,0.8457044363021851,23.040243,70.987595,-224.4178009033203,2.826630203812211
5KPE_4_4_9_id21,1.160418152809143,3.1777658462524414,86.45861111111111,0.69,4,4,90.84425925925925,0.8457044363021851,23.040243,70.987595,-225.003173828125,2.6590073196976274
5KPE_4_4_9_id22,2.1680688858032227,1.7060165405273438,83.39472222222223,0.68,4,4,90.84425925925925,0.8457044363021851,23.040243,70.987595,-224.79124450683597,2.702997843424479
5KPE_4_4_9_id23,1.4128012657165527,3.3003110885620117,88.30425925925925,0.69,4,4,90.84425925925925,0.8457044363021851,23.040243,70.987595,-221.14227294921875,2.782702975802952
5KPE_4_4_9_id3,1.4712049961090088,2.543957471847534,85.46037037037034,0.69,4,4,90.84425925925925,0.8457044363021851,23.040243,70.987595,-224.3209228515625,2.618090594256366
5KPE_4_4_9_id4,1.6595689058303833,2.7931361198425293,85.0199074074074,0.68,4,4,90.84425925925925,0.8457044363021851,23.040243,70.987595,-220.70394897460935,2.841346740722656
5KPE_4_4_9_id5,1.947980523109436,1.8873555660247803,81.43759259259262,0.66,4,4,90.84425925925925,0.8457044363021851,23.040243,70.987595,-224.05918884277344,2.664339701334636
5KPE_4_4_9_id6,1.4629582166671753,2.7016501426696777,82.21055555555557,0.64,4,4,90.84425925925925,0.8457044363021851,23.040243,70.987595,-223.0460968017578,2.7956867924443
5KPE_4_4_9_id7,1.6412311792373657,2.1306440830230713,83.68555555555557,0.71,4,4,90.84425925925925,0.8457044363021851,23.040243,70.987595,-221.81732177734372,2.539308053475839
5KPE_4_4_9_id8,1.5564926862716675,1.8210490942001343,83.8538888888889,0.67,4,4,90.84425925925925,0.8457044363021851,23.040243,70.987595,-222.8738250732422,2.832028141728154
5KPE_4_4_9_id9,1.6317026615142822,2.3375184535980225,85.97407407407407,0.7,4,4,90.84425925925925,0.8457044363021851,23.040243,70.987595,-224.27471923828125,3.02751781322338
5KPE_4_6_0_id0,1.3547743558883667,1.6342188119888306,85.64138888888891,0.72,4,6,95.85305555555554,0.750878095626831,22.370731,74.77127,-219.9031982421875,2.71623851634838
5KPE_4_6_0_id1,1.4971963167190552,3.0200464725494385,89.63444444444445,0.76,4,6,95.85305555555554,0.750878095626831,22.370731,74.77127,-217.62779235839844,2.856690865975839
5KPE_4_6_0_id10,2.0577337741851807,1.4293012619018555,84.52657407407408,0.69,4,6,95.85305555555554,0.750878095626831,22.370731,74.77127,-221.31283569335935,2.8660916928891784
5KPE_4_6_0_id11,1.2232959270477295,1.7571009397506714,85.04657407407409,0.67,4,6,95.85305555555554,0.750878095626831,22.370731,74.77127,-221.84002685546875,2.5752182006835938
5KPE_4_6_0_id12,1.4254461526870728,2.7252423763275146,85.36203703703706,0.69,4,6,95.85305555555554,0.750878095626831,22.370731,74.77127,-218.55859375,2.9348169962565103
5KPE_4_6_0_id13,1.1055198907852173,3.300650119781494,86.12712962962962,0.69,4,6,95.85305555555554,0.750878095626831,22.370731,74.77127,-221.19168090820312,2.804793463812934
5KPE_4_6_0_id14,1.0711270570755005,3.435197591781616,87.49981481481481,0.71,4,6,95.85305555555554,0.750878095626831,22.370731,74.77127,-220.81993103027344,2.827037387424045
5KPE_4_6_0_id15,1.3747867345809937,2.032020092010498,85.95888888888891,0.68,4,6,95.85305555555554,0.750878095626831,22.370731,74.77127,-215.0878448486328,2.857381184895833
5KPE_4_6_0_id16,1.927902340888977,2.5489373207092285,85.10416666666664,0.68,4,6,95.85305555555554,0.750878095626831,22.370731,74.77127,-218.48858642578125,2.8253541169343173
5KPE_4_6_0_id17,3.3262507915496826,1.4740674495697021,88.09055555555557,0.73,4,6,95.85305555555554,0.750878095626831,22.370731,74.77127,-219.18121337890625,2.6574413158275463
5KPE_4_6_0_id18,1.180083990097046,1.9509105682373047,84.52462962962964,0.67,4,6,95.85305555555554,0.750878095626831,22.370731,74.77127,-221.8211975097656,2.7374536019784435
5KPE_4_6_0_id19,1.1878920793533325,3.2916676998138428,86.79768518518519,0.71,4,6,95.85305555555554,0.750878095626831,22.370731,74.77127,-220.0546722412109,2.6893073187934027
5KPE_4_6_0_id2,1.51693594455719,2.585900068283081,87.4136111111111,0.71,4,6,95.85305555555554,0.750878095626831,22.370731,74.77127,-222.0888519287109,2.745473791051794
5KPE_4_6_0_id20,1.261305332183838,2.484865427017212,83.97925925925925,0.67,4,6,95.85305555555554,0.750878095626831,22.370731,74.77127,-222.3829345703125,2.7758842750831887
5KPE_4_6_0_id21,1.5203969478607178,1.7288401126861572,86.43388888888889,0.69,4,6,95.85305555555554,0.750878095626831,22.370731,74.77127,-222.1810607910156,2.792015358253761
5KPE_4_6_0_id22,1.554999589920044,1.6510423421859741,86.12212962962961,0.69,4,6,95.85305555555554,0.750878095626831,22.370731,74.77127,-220.4408721923828,2.897635848433883
5KPE_4_6_0_id23,1.1922993659973145,3.013352632522583,86.59537037037038,0.68,4,6,95.85305555555554,0.750878095626831,22.370731,74.77127,-221.42190551757807,2.695409986707899
5KPE_4_6_0_id3,1.2618242502212524,3.105374813079834,85.5813888888889,0.69,4,6,95.85305555555554,0.750878095626831,22.370731,74.77127,-218.57179260253903,2.7767441361038774
5KPE_4_6_0_id4,1.3515424728393555,2.9398975372314453,86.74509259259258,0.69,4,6,95.85305555555554,0.750878095626831,22.370731,74.77127,-220.3787384033203,2.663837291576244
5KPE_4_6_0_id5,1.134279489517212,1.762405514717102,86.60416666666667,0.7,4,6,95.85305555555554,0.750878095626831,22.370731,74.77127,-218.10107421875,2.5874192979600696
5KPE_4_6_0_id6,1.2971254587173462,3.423107147216797,86.87462962962964,0.71,4,6,95.85305555555554,0.750878095626831,22.370731,74.77127,-218.5076446533203,2.7596622043185763
5KPE_4_6_0_id7,1.3665539026260376,2.905027151107788,86.2146296296296,0.69,4,6,95.85305555555554,0.750878095626831,22.370731,74.77127,-221.2499847412109,2.799902456778068
5KPE_4_6_0_id8,1.1824404001235962,3.6420984268188477,88.57759259259257,0.75,4,6,95.85305555555554,0.750878095626831,22.370731,74.77127,-217.4978179931641,2.8809585571289062
5KPE_4_6_0_id9,1.563462495803833,2.0200722217559814,86.25305555555555,0.7,4,6,95.85305555555554,0.750878095626831,22.370731,74.77127,-223.1072998046875,2.711855287905093
5KPE_4_6_1_id0,1.1977368593215942,2.9743447303771973,89.3972222222222,0.75,4,6,91.9727777777778,0.6542103290557861,22.62896,75.760635,-222.9889678955078,3.092858208550348
5KPE_4_6_1_id1,1.2455891370773315,2.8731791973114014,89.76768518518519,0.77,4,6,91.9727777777778,0.6542103290557861,22.62896,75.760635,-223.1193084716797,2.7372942324037903
5KPE_4_6_1_id10,1.3369752168655396,3.0464580059051514,89.9923148148148,0.78,4,6,91.9727777777778,0.6542103290557861,22.62896,75.760635,-221.62249755859372,2.930753919813368
5KPE_4_6_1_id11,1.256209135055542,2.460350751876831,88.72148148148148,0.75,4,6,91.9727777777778,0.6542103290557861,22.62896,75.760635,-223.82232666015625,2.8369982684100115
5KPE_4_6_1_id12,1.2908785343170166,3.2741472721099854,91.3775925925926,0.79,4,6,91.9727777777778,0.6542103290557861,22.62896,75.760635,-223.5319366455078,2.584852430555556
5KPE_4_6_1_id13,1.251460075378418,3.2628955841064453,88.76259259259258,0.75,4,6,91.9727777777778,0.6542103290557861,22.62896,75.760635,-221.69357299804688,3.0576643767180265
5KPE_4_6_1_id14,1.2855545282363892,2.569925308227539,90.00175925925925,0.77,4,6,91.9727777777778,0.6542103290557861,22.62896,75.760635,-221.39627075195312,3.034427218967014
5KPE_4_6_1_id15,1.2090914249420166,1.9690510034561157,88.88333333333333,0.74,4,6,91.9727777777778,0.6542103290557861,22.62896,75.760635,-220.5399932861328,2.7296103018301503
5KPE_4_6_1_id16,1.2891680002212524,3.0270771980285645,89.80925925925928,0.76,4,6,91.9727777777778,0.6542103290557861,22.62896,75.760635,-222.6011962890625,2.806486906828704
5KPE_4_6_1_id17,1.2338135242462158,2.8628976345062256,89.38814814814816,0.75,4,6,91.9727777777778,0.6542103290557861,22.62896,75.760635,-221.3511962890625,2.8787562052408853
5KPE_4_6_1_id18,1.1635253429412842,3.2847211360931396,88.7037962962963,0.73,4,6,91.9727777777778,0.6542103290557861,22.62896,75.760635,-223.5375823974609,2.781580607096354
5KPE_4_6_1_id19,1.4355244636535645,3.3101282119750977,91.39675925925928,0.8,4,6,91.9727777777778,0.6542103290557861,22.62896,75.760635,-220.432861328125,2.791486386899595
5KPE_4_6_1_id2,1.2230795621871948,3.342848539352417,89.41925925925926,0.76,4,6,91.9727777777778,0.6542103290557861,22.62896,75.760635,-222.36447143554688,2.720048127350984
5KPE_4_6_1_id20,1.0762078762054443,2.494669198989868,85.13712962962961,0.66,4,6,91.9727777777778,0.6542103290557861,22.62896,75.760635,-217.33688354492188,2.831708272298177
5KPE_4_6_1_id21,1.3826963901519775,2.0684149265289307,88.3211111111111,0.74,4,6,91.9727777777778,0.6542103290557861,22.62896,75.760635,-221.14691162109372,2.723045066550926
5KPE_4_6_1_id22,1.2093673944473267,3.065857172012329,90.30425925925928,0.77,4,6,91.9727777777778,0.6542103290557861,22.62896,75.760635,-221.67745971679688,2.780822188765914
5KPE_4_6_1_id23,1.3141990900039673,3.0174601078033447,88.77712962962961,0.75,4,6,91.9727777777778,0.6542103290557861,22.62896,75.760635,-219.6911163330078,2.834461636013455
5KPE_4_6_1_id3,1.174355149269104,3.0911917686462402,89.69083333333334,0.76,4,6,91.9727777777778,0.6542103290557861,22.62896,75.760635,-224.81581115722656,2.8838108204029225
5KPE_4_6_9_id23,2.5032801628112793,1.7256799936294556,92.44916666666668,0.81,4,6,92.3149074074074,0.592888593673706,22.361279,74.10893,-216.9373321533203,2.974584791395399
5KPE_4_6_9_id3,1.6381438970565796,2.6562774181365967,88.1613888888889,0.76,4,6,92.3149074074074,0.592888593673706,22.361279,74.10893,-217.3157501220703,2.8583300555193865
5KPE_4_6_9_id4,1.7189851999282837,2.8199374675750732,88.55407407407408,0.75,4,6,92.3149074074074,0.592888593673706,22.361279,74.10893,-217.27560424804688,2.706806324146412
5KPE_4_6_9_id5,1.9912937879562378,1.5512560606002808,86.5060185185185,0.72,4,6,92.3149074074074,0.592888593673706,22.361279,74.10893,-219.1419677734375,2.697734691478588
5KPE_4_6_9_id6,1.9393491744995117,2.956921339035034,91.15342592592592,0.79,4,6,92.3149074074074,0.592888593673706,22.361279,74.10893,-215.23001098632807,2.8601916277850115
5KPE_4_6_9_id7,1.6840355396270752,2.649056911468506,87.62805555555558,0.76,4,6,92.3149074074074,0.592888593673706,22.361279,74.10893,-217.7121734619141,2.837878474482784
5KPE_4_6_9_id8,1.7171005010604858,2.7595114707946777,87.88027777777778,0.74,4,6,92.3149074074074,0.592888593673706,22.361279,74.10893,-217.52349853515625,2.995343243634259
5KPE_4_6_9_id9,2.182528495788574,1.4861725568771362,87.67277777777778,0.75,4,6,92.3149074074074,0.592888593673706,22.361279,74.10893,-218.63967895507807,2.784076549388744
5KPE_4_8_0_id0,1.373831868171692,2.9577083587646484,87.40407407407407,0.69,4,8,93.135,0.5916317105293274,22.878416,69.981705,-218.8817138671875,2.99172775833695
5KPE_4_8_0_id1,1.5181952714920044,3.2129101753234863,87.4275,0.71,4,8,93.135,0.5916317105293274,22.878416,69.981705,-219.8328857421875,2.911372432002315
5KPE_4_8_0_id10,1.438000202178955,2.854144334793091,85.19324074074076,0.67,4,8,93.135,0.5916317105293274,22.878416,69.981705,-218.7121124267578,3.154414424189815
5KPE_4_8_0_id11,1.7582802772521973,3.143244504928589,88.56703703703705,0.75,4,8,93.135,0.5916317105293274,22.878416,69.981705,-219.0179748535156,3.048354537398726
5KPE_4_8_0_id12,1.4394848346710205,1.7271493673324585,88.40148148148147,0.72,4,8,93.135,0.5916317105293274,22.878416,69.981705,-213.9192047119141,3.246082447193287
5KPE_4_8_0_id13,1.9146416187286377,2.9960334300994873,88.7038888888889,0.77,4,8,93.135,0.5916317105293274,22.878416,69.981705,-215.75823974609372,2.907603793674045
5KPE_4_8_0_id14,1.6663140058517456,3.628284454345703,89.20064814814815,0.76,4,8,93.135,0.5916317105293274,22.878416,69.981705,-215.26589965820312,3.1377877129448786
5KPE_4_8_0_id15,1.359827995300293,3.405961513519287,89.09777777777778,0.75,4,8,93.135,0.5916317105293274,22.878416,69.981705,-217.48794555664065,2.8008089418764466
5KPE_4_8_0_id16,1.8975032567977905,2.9115700721740723,90.1100925925926,0.78,4,8,93.135,0.5916317105293274,22.878416,69.981705,-218.5963287353516,3.170893068666812
5KPE_4_8_0_id17,1.7116155624389648,3.0176570415496826,87.90175925925926,0.73,4,8,93.135,0.5916317105293274,22.878416,69.981705,-219.53466796875,3.005766126844618
5KPE_4_8_0_id18,1.079214096069336,3.2393791675567627,87.97574074074075,0.71,4,8,93.135,0.5916317105293274,22.878416,69.981705,-214.83102416992188,3.162605568214699
5KPE_4_8_0_id19,1.2127476930618286,3.6330885887145996,93.33,0.81,4,8,93.135,0.5916317105293274,22.878416,69.981705,-217.53819274902344,3.124120076497396
5KPE_4_8_0_id2,1.4235801696777344,3.438796281814575,88.5824074074074,0.73,4,8,93.135,0.5916317105293274,22.878416,69.981705,-217.056396484375,2.909306844075521
5KPE_4_8_0_id20,1.7313693761825562,3.2237708568573,85.56157407407409,0.73,4,8,93.135,0.5916317105293274,22.878416,69.981705,-216.144287109375,2.8387182730215565
5KPE_4_8_0_id21,1.203007698059082,3.5114150047302246,90.01388888888887,0.76,4,8,93.135,0.5916317105293274,22.878416,69.981705,-216.77899169921875,2.909671359592014
5KPE_4_8_0_id22,1.3749498128890991,3.217449903488159,89.07888888888887,0.73,4,8,93.135,0.5916317105293274,22.878416,69.981705,-219.142578125,3.1527636492693865
5KPE_4_8_0_id23,1.570406198501587,3.337280750274658,85.36398148148146,0.69,4,8,93.135,0.5916317105293274,22.878416,69.981705,-215.87594604492188,3.091013025354456
5KPE_4_8_0_id3,1.5074632167816162,2.943854570388794,89.08861111111109,0.75,4,8,93.135,0.5916317105293274,22.878416,69.981705,-218.46536254882807,2.939358181423611
5KPE_4_8_0_id4,1.4014618396759033,3.067796468734741,85.39712962962962,0.7,4,8,93.135,0.5916317105293274,22.878416,69.981705,-219.87298583984372,2.880384374547888
5KPE_4_8_0_id5,1.3547841310501099,3.3187859058380127,86.71861111111112,0.69,4,8,93.135,0.5916317105293274,22.878416,69.981705,-218.44207763671875,3.1958126491970487
5KPE_4_8_0_id6,1.1955246925354004,2.811394214630127,82.66064814814816,0.65,4,8,93.135,0.5916317105293274,22.878416,69.981705,-214.1390380859375,2.8001364248770253
5KPE_4_8_0_id7,1.3939651250839233,3.053922176361084,86.50083333333333,0.69,4,8,93.135,0.5916317105293274,22.878416,69.981705,-221.26206970214844,2.713330304181134
5KPE_4_8_0_id8,1.816038727760315,2.3442554473876953,85.98101851851851,0.68,4,8,93.135,0.5916317105293274,22.878416,69.981705,-219.9542694091797,2.815359327528212
5KPE_4_8_0_id9,1.2182806730270386,3.14622163772583,85.70620370370368,0.67,4,8,93.135,0.5916317105293274,22.878416,69.981705,-218.71676635742188,2.9867994520399304
5KPE_4_8_1_id0,1.392878770828247,1.4304691553115845,91.68944444444443,0.78,4,8,88.99231481481482,0.830422580242157,22.66142,69.50115,-217.04347229003903,2.565934357819734
5KPE_4_8_1_id1,1.500488042831421,3.1967203617095947,91.54407407407408,0.79,4,8,88.99231481481482,0.830422580242157,22.66142,69.50115,-215.787353515625,2.851556848596644
5KPE_4_8_1_id10,1.3123958110809326,3.3250012397766113,88.1136111111111,0.73,4,8,88.99231481481482,0.830422580242157,22.66142,69.50115,-217.9593505859375,3.001723112883391
5KPE_4_8_1_id11,1.6740607023239136,2.740354061126709,89.72148148148152,0.76,4,8,88.99231481481482,0.830422580242157,22.66142,69.50115,-219.5396423339844,2.8059073554144964
5KPE_4_8_1_id12,1.1710201501846313,3.1104700565338135,90.2210185185185,0.75,4,8,88.99231481481482,0.830422580242157,22.66142,69.50115,-217.83984375,2.867025022153501
5KPE_4_8_1_id13,1.2557563781738281,3.166719913482666,88.06842592592594,0.7,4,8,88.99231481481482,0.830422580242157,22.66142,69.50115,-216.22439575195312,2.612121016890914
5KPE_4_8_1_id14,1.0804686546325684,3.0572917461395264,86.94037037037036,0.7,4,8,88.99231481481482,0.830422580242157,22.66142,69.50115,-219.64892578125,2.768201757360388
5KPE_4_8_1_id15,1.4047242403030396,2.6698832511901855,85.54240740740741,0.69,4,8,88.99231481481482,0.830422580242157,22.66142,69.50115,-219.999755859375,2.752086498119213
5KPE_4_8_1_id16,1.547215223312378,2.2522904872894287,88.60138888888888,0.74,4,8,88.99231481481482,0.830422580242157,22.66142,69.50115,-218.7105712890625,3.025729426631221
5KPE_4_8_1_id17,1.2539664506912231,3.401549816131592,89.80638888888888,0.73,4,8,88.99231481481482,0.830422580242157,22.66142,69.50115,-220.76866149902344,2.824321605541088
5KPE_4_8_1_id18,1.6862629652023315,1.677899956703186,94.29870370370368,0.84,4,8,88.99231481481482,0.830422580242157,22.66142,69.50115,-216.6709442138672,2.813828644929109
5KPE_4_8_1_id19,1.260643720626831,1.6202023029327393,87.75777777777778,0.72,4,8,88.99231481481482,0.830422580242157,22.66142,69.50115,-219.36785888671875,2.9744460494429976
5KPE_4_8_1_id2,1.6033555269241333,3.0534114837646484,90.28296296296294,0.77,4,8,88.99231481481482,0.830422580242157,22.66142,69.50115,-219.14007568359372,2.7790742097077548
5KPE_4_8_1_id20,1.7918726205825806,3.2945501804351807,90.45592592592595,0.76,4,8,88.99231481481482,0.830422580242157,22.66142,69.50115,-219.80148315429688,2.781160707826968
5KPE_4_8_1_id21,1.3550957441329956,3.3840394020080566,88.85777777777777,0.72,4,8,88.99231481481482,0.830422580242157,22.66142,69.50115,-218.11911010742188,2.744892261646412
5KPE_4_8_1_id22,1.4661071300506592,2.390599012374878,92.0902777777778,0.79,4,8,88.99231481481482,0.830422580242157,22.66142,69.50115,-216.53512573242188,2.915590074327257
5KPE_4_8_1_id23,1.2221266031265259,3.076382637023926,88.55564814814815,0.71,4,8,88.99231481481482,0.830422580242157,22.66142,69.50115,-220.83892822265625,2.8184390597873263
5KPE_4_8_1_id3,1.423319935798645,3.1897382736206055,89.56398148148146,0.75,4,8,88.99231481481482,0.830422580242157,22.66142,69.50115,-217.7643585205078,2.92836026792173
5KPE_4_8_1_id4,2.48702335357666,1.1279374361038208,86.1111111111111,0.7,4,8,88.99231481481482,0.830422580242157,22.66142,69.50115,-220.6508026123047,2.9332993118851274
5KPE_4_8_1_id5,1.275350570678711,2.8473751544952393,86.16981481481483,0.69,4,8,88.99231481481482,0.830422580242157,22.66142,69.50115,-219.6370849609375,2.675471553096065
5KPE_4_8_1_id6,1.3565071821212769,2.625314235687256,86.06490740740743,0.69,4,8,88.99231481481482,0.830422580242157,22.66142,69.50115,-220.2269287109375,2.629371925636574
5KPE_4_8_1_id7,1.4951480627059937,2.987396240234375,88.97416666666668,0.75,4,8,88.99231481481482,0.830422580242157,22.66142,69.50115,-217.21038818359372,2.817983274106626
5KPE_4_8_1_id8,1.3962602615356445,2.8250906467437744,89.28388888888887,0.76,4,8,88.99231481481482,0.830422580242157,22.66142,69.50115,-213.2796936035156,2.716028849283854
5KPE_4_8_1_id9,1.6581825017929077,3.0027735233306885,89.0116666666667,0.75,4,8,88.99231481481482,0.830422580242157,22.66142,69.50115,-220.4801483154297,2.7313139173719616
5KPE_4_8_2_id0,1.8316807746887207,2.796800374984741,87.39916666666667,0.73,4,8,94.3887037037037,0.6800380945205688,22.50979,67.934044,-219.02171325683597,2.99577557599103
5KPE_4_8_2_id1,1.2933845520019531,3.1442201137542725,85.1126851851852,0.67,4,8,94.3887037037037,0.6800380945205688,22.50979,67.934044,-220.9344787597656,2.8130185162579573
5KPE_4_8_2_id10,1.2667230367660522,2.9487881660461426,87.90148148148148,0.69,4,8,94.3887037037037,0.6800380945205688,22.50979,67.934044,-221.91973876953125,2.8862553349247686
5KPE_4_8_2_id11,1.3064873218536377,3.4366469383239746,87.0699074074074,0.68,4,8,94.3887037037037,0.6800380945205688,22.50979,67.934044,-220.0954742431641,2.9747178819444446
5KPE_4_8_2_id12,1.2924261093139648,3.4819986820220947,87.39888888888889,0.71,4,8,94.3887037037037,0.6800380945205688,22.50979,67.934044,-219.92770385742188,2.842855100278501
5KPE_4_8_2_id13,1.611244559288025,3.1165215969085693,87.33490740740743,0.71,4,8,94.3887037037037,0.6800380945205688,22.50979,67.934044,-217.4701385498047,2.757736771195024
5KPE_4_8_2_id14,1.2735462188720703,3.3210606575012207,87.92268518518522,0.7,4,8,94.3887037037037,0.6800380945205688,22.50979,67.934044,-217.32286071777344,2.6997669361255787
5KPE_4_8_2_id15,1.130788803100586,2.993870973587036,90.56722222222224,0.74,4,8,94.3887037037037,0.6800380945205688,22.50979,67.934044,-218.7640838623047,2.734279491283276
5KPE_4_8_2_id16,1.5894687175750732,3.1039161682128906,92.207962962963,0.81,4,8,94.3887037037037,0.6800380945205688,22.50979,67.934044,-218.0050201416016,3.2319677847403065
5KPE_4_8_2_id17,1.2368277311325073,3.2817728519439697,87.80592592592593,0.7,4,8,94.3887037037037,0.6800380945205688,22.50979,67.934044,-219.9501800537109,3.04267911557798
5KPE_4_8_2_id18,1.7340747117996216,2.697636604309082,87.2902777777778,0.69,4,8,94.3887037037037,0.6800380945205688,22.50979,67.934044,-218.4642791748047,3.034610324435764
5KPE_4_8_2_id19,1.6553775072097778,3.3018999099731445,90.49583333333334,0.75,4,8,94.3887037037037,0.6800380945205688,22.50979,67.934044,-217.87989807128903,3.402700353551794
5KPE_4_8_2_id2,1.2021139860153198,3.2271053791046143,89.37731481481484,0.73,4,8,94.3887037037037,0.6800380945205688,22.50979,67.934044,-216.8822021484375,2.654082686812789
5KPE_4_8_2_id20,1.455518364906311,3.536144971847534,89.8800925925926,0.77,4,8,94.3887037037037,0.6800380945205688,22.50979,67.934044,-216.82574462890625,2.9650811089409723
5KPE_4_8_2_id21,1.3992867469787598,3.703988552093506,90.9951851851852,0.77,4,8,94.3887037037037,0.6800380945205688,22.50979,67.934044,-220.98458862304688,3.210968865288629
5KPE_4_8_2_id22,1.6086082458496094,3.2434921264648438,89.84981481481483,0.76,4,8,94.3887037037037,0.6800380945205688,22.50979,67.934044,-221.1808013916016,2.9091664067021124
5KPE_4_8_2_id23,1.6898339986801147,3.245145320892334,90.86435185185188,0.78,4,8,94.3887037037037,0.6800380945205688,22.50979,67.934044,-220.521728515625,3.074595981174045
5KPE_4_8_2_id3,1.6494481563568115,3.2337028980255127,90.36518518518518,0.76,4,8,94.3887037037037,0.6800380945205688,22.50979,67.934044,-220.9901428222656,3.115017643681279
5KPE_4_8_2_id4,1.39764404296875,3.4301204681396484,89.29462962962963,0.74,4,8,94.3887037037037,0.6800380945205688,22.50979,67.934044,-217.59283447265625,2.880418000397859
5KPE_4_8_2_id5,1.7259711027145386,1.9730829000473022,87.2038888888889,0.71,4,8,94.3887037037037,0.6800380945205688,22.50979,67.934044,-218.3533935546875,2.81278567843967
5KPE_4_8_2_id6,1.3753266334533691,3.0409889221191406,87.33074074074075,0.7,4,8,94.3887037037037,0.6800380945205688,22.50979,67.934044,-219.44158935546875,3.133723506221065
5KPE_4_8_2_id7,1.5129450559616089,3.1403040885925293,89.25157407407406,0.74,4,8,94.3887037037037,0.6800380945205688,22.50979,67.934044,-222.41030883789065,2.8455703170211226
5KPE_4_8_2_id8,1.5008080005645752,3.5915729999542236,89.07490740740742,0.76,4,8,94.3887037037037,0.6800380945205688,22.50979,67.934044,-219.04917907714844,2.5538369637948497
5KPE_4_8_2_id9,1.5529299974441528,3.307101249694824,88.95574074074077,0.74,4,8,94.3887037037037,0.6800380945205688,22.50979,67.934044,-221.5747985839844,2.791635583948206
5KPE_4_8_3_id0,1.3484374284744263,3.080447196960449,85.67435185185187,0.72,4,8,94.20583333333336,0.6068174242973328,21.964962,68.838264,-214.9688873291016,2.9460172299985534
5KPE_4_8_3_id1,1.538636565208435,2.34297251701355,85.01953703703705,0.71,4,8,94.20583333333336,0.6068174242973328,21.964962,68.838264,-217.0664978027344,2.9513216371889466
5KPE_4_8_3_id10,1.1952385902404785,2.828493356704712,84.90481481481481,0.68,4,8,94.20583333333336,0.6068174242973328,21.964962,68.838264,-216.12603759765625,2.767136185257524
5KPE_4_8_3_id11,1.5078239440917969,3.1651079654693604,92.20435185185188,0.81,4,8,94.20583333333336,0.6068174242973328,21.964962,68.838264,-218.8311462402344,2.9611742938006365
5KPE_4_8_3_id12,1.1930475234985352,2.5836009979248047,85.7073148148148,0.69,4,8,94.20583333333336,0.6068174242973328,21.964962,68.838264,-220.90093994140625,2.7357686360677085
5KPE_4_8_3_id13,1.4280610084533691,2.9945902824401855,87.9464814814815,0.74,4,8,94.20583333333336,0.6068174242973328,21.964962,68.838264,-217.6383056640625,3.0770885326244213
5KPE_4_8_3_id14,1.4502232074737549,2.5035200119018555,86.21972222222222,0.71,4,8,94.20583333333336,0.6068174242973328,21.964962,68.838264,-220.80307006835935,2.953487820095486
5KPE_4_8_3_id15,1.5116583108901978,3.0857346057891846,92.03064814814816,0.79,4,8,94.20583333333336,0.6068174242973328,21.964962,68.838264,-219.02703857421875,2.75048178213614
5KPE_4_8_3_id16,1.392637848854065,3.198046922683716,85.16351851851849,0.67,4,8,94.20583333333336,0.6068174242973328,21.964962,68.838264,-217.19371032714844,2.948629308629919
5KPE_4_8_3_id17,1.167976975440979,2.411701202392578,88.38175925925925,0.74,4,8,94.20583333333336,0.6068174242973328,21.964962,68.838264,-219.07516479492188,2.866853502061632
5KPE_4_8_3_id18,1.39719557762146,2.9061505794525146,89.62925925925923,0.75,4,8,94.20583333333336,0.6068174242973328,21.964962,68.838264,-218.1911163330078,2.738397668909144
5KPE_4_8_3_id19,1.216489553451538,2.9312734603881836,90.1712037037037,0.78,4,8,94.20583333333336,0.6068174242973328,21.964962,68.838264,-219.5474548339844,3.108027140299479
5KPE_4_8_3_id2,1.3334232568740845,2.9794504642486572,89.70564814814813,0.77,4,8,94.20583333333336,0.6068174242973328,21.964962,68.838264,-219.08917236328125,2.9267086452907987
5KPE_4_8_3_id20,1.5743718147277832,2.8820419311523438,87.91148148148149,0.73,4,8,94.20583333333336,0.6068174242973328,21.964962,68.838264,-219.32666015625,2.993816234447338
5KPE_4_8_3_id21,1.6330715417861938,2.231372117996216,81.51166666666667,0.67,4,8,94.20583333333336,0.6068174242973328,21.964962,68.838264,-218.2132568359375,3.0840021769205728
5KPE_4_8_3_id22,1.54181706905365,1.2420085668563843,90.05083333333333,0.77,4,8,94.20583333333336,0.6068174242973328,21.964962,68.838264,-221.4238739013672,2.9804902253327548
5KPE_4_8_3_id23,1.2703055143356323,3.1660056114196777,91.52185185185186,0.78,4,8,94.20583333333336,0.6068174242973328,21.964962,68.838264,-218.6549072265625,3.0375343605324074
5KPE_4_8_3_id3,1.4606341123580933,3.270503520965576,89.95787037037036,0.77,4,8,94.20583333333336,0.6068174242973328,21.964962,68.838264,-215.3396453857422,3.0198160807291665
5KPE_4_8_3_id4,1.8107250928878784,1.4554623365402222,91.5273148148148,0.79,4,8,94.20583333333336,0.6068174242973328,21.964962,68.838264,-219.9720764160156,2.8376781322337963
5KPE_4_8_3_id5,1.5380595922470093,2.6780588626861572,86.85472222222222,0.73,4,8,94.20583333333336,0.6068174242973328,21.964962,68.838264,-220.59567260742188,2.719612404152199
5KPE_4_8_3_id6,1.507548451423645,2.894070863723755,89.67518518518519,0.77,4,8,94.20583333333336,0.6068174242973328,21.964962,68.838264,-218.6617584228516,3.028943097149884
5KPE_4_8_3_id7,1.31786048412323,3.090003252029419,88.11425925925927,0.73,4,8,94.20583333333336,0.6068174242973328,21.964962,68.838264,-215.69137573242188,2.819427490234375
5KPE_4_8_3_id8,1.5990982055664062,2.4838011264801025,86.5426851851852,0.72,4,8,94.20583333333336,0.6068174242973328,21.964962,68.838264,-219.96424865722656,2.8685345119900174
5KPE_4_8_3_id9,2.927706480026245,1.4721792936325073,87.00574074074072,0.72,4,8,94.20583333333336,0.6068174242973328,21.964962,68.838264,-219.7041778564453,2.918060867874711
5KPE_4_8_4_id0,1.1985127925872803,3.1975176334381104,89.15388888888889,0.72,4,8,94.4301851851852,0.5496018528938293,22.076084,73.191795,-210.7390594482422,2.934754830819589
5KPE_4_8_4_id1,1.3586643934249878,1.4942646026611328,88.25999999999998,0.73,4,8,94.4301851851852,0.5496018528938293,22.076084,73.191795,-218.74513244628903,2.880208615903501
5KPE_4_8_4_id10,1.3390083312988281,2.6798386573791504,89.25435185185182,0.76,4,8,94.4301851851852,0.5496018528938293,22.076084,73.191795,-218.2937774658203,2.7271496808087385
5KPE_4_8_4_id11,1.439933180809021,2.982678174972534,90.40962962962963,0.73,4,8,94.4301851851852,0.5496018528938293,22.076084,73.191795,-216.19183349609372,2.875929655852141
5KPE_4_8_4_id12,1.4517109394073486,1.1761062145233154,87.91694444444441,0.71,4,8,94.4301851851852,0.5496018528938293,22.076084,73.191795,-219.65695190429688,2.6580768161349826
5KPE_4_8_4_id13,1.7438677549362183,2.5703988075256348,94.67277777777778,0.85,4,8,94.4301851851852,0.5496018528938293,22.076084,73.191795,-214.2568817138672,2.720970436378761
5KPE_4_8_4_id14,1.3246763944625854,1.4945231676101685,91.35925925925925,0.78,4,8,94.4301851851852,0.5496018528938293,22.076084,73.191795,-218.46311950683597,2.760603728117766
5KPE_4_8_4_id15,1.527700424194336,2.9577691555023193,89.77638888888889,0.75,4,8,94.4301851851852,0.5496018528938293,22.076084,73.191795,-216.53616333007807,3.028981809262876
5KPE_4_8_4_id16,1.7873910665512085,1.618407130241394,88.34074074074073,0.74,4,8,94.4301851851852,0.5496018528938293,22.076084,73.191795,-216.3874969482422,2.972759105541088
5KPE_4_8_4_id17,1.163740873336792,3.2069859504699707,87.91555555555557,0.7,4,8,94.4301851851852,0.5496018528938293,22.076084,73.191795,-215.4170837402344,3.1507093641493054
5KPE_4_8_4_id18,1.5400358438491821,1.6219751834869385,92.30787037037037,0.81,4,8,94.4301851851852,0.5496018528938293,22.076084,73.191795,-217.6977081298828,2.79288567437066
5KPE_4_8_4_id19,1.2260847091674805,3.085347890853882,89.15675925925926,0.74,4,8,94.4301851851852,0.5496018528938293,22.076084,73.191795,-213.89486694335935,2.974424291540075
5KPE_4_8_4_id2,2.7018990516662598,1.3980039358139038,88.8412962962963,0.74,4,8,94.4301851851852,0.5496018528938293,22.076084,73.191795,-216.47938537597656,2.6417470861364296
5KPE_4_8_4_id20,1.446403980255127,2.96744966506958,89.0476851851852,0.74,4,8,94.4301851851852,0.5496018528938293,22.076084,73.191795,-216.84788513183597,2.828720940483941
5KPE_4_8_4_id21,1.517390489578247,1.9534740447998047,89.95685185185185,0.75,4,8,94.4301851851852,0.5496018528938293,22.076084,73.191795,-215.2379608154297,2.609444512261285
5KPE_4_8_4_id22,1.3974418640136719,3.1203830242156982,89.93759259259258,0.76,4,8,94.4301851851852,0.5496018528938293,22.076084,73.191795,-217.73350524902344,2.716977154767072
5KPE_4_8_4_id23,1.1451796293258667,3.0270872116088867,88.48555555555556,0.72,4,8,94.4301851851852,0.5496018528938293,22.076084,73.191795,-217.6451416015625,2.8127613774052374
5KPE_4_8_4_id3,1.2235766649246216,2.9318695068359375,90.1324074074074,0.74,4,8,94.4301851851852,0.5496018528938293,22.076084,73.191795,-217.8538818359375,2.669726336443866
5KPE_4_8_4_id4,1.2536284923553467,2.961385488510132,88.71324074074073,0.74,4,8,94.4301851851852,0.5496018528938293,22.076084,73.191795,-216.723876953125,2.7304520783600985
5KPE_4_8_4_id5,1.6787524223327637,2.4097445011138916,87.36027777777778,0.71,4,8,94.4301851851852,0.5496018528938293,22.076084,73.191795,-217.79368591308597,2.760920489275897
5KPE_4_8_4_id6,1.4278520345687866,1.3912550210952759,90.66314814814815,0.76,4,8,94.4301851851852,0.5496018528938293,22.076084,73.191795,-215.09243774414065,2.68913890697338
5KPE_4_8_4_id7,1.0532780885696411,3.597477674484253,90.53037037037038,0.75,4,8,94.4301851851852,0.5496018528938293,22.076084,73.191795,-215.80259704589844,2.92902515552662
5KPE_4_8_4_id8,1.2994890213012695,2.018986940383911,89.52194444444446,0.77,4,8,94.4301851851852,0.5496018528938293,22.076084,73.191795,-216.2438507080078,2.901206687644676
5KPE_4_8_4_id9,1.420954942703247,1.890321135520935,89.04083333333334,0.74,4,8,94.4301851851852,0.5496018528938293,22.076084,73.191795,-217.1384429931641,2.965333161530672
5KPE_4_8_5_id0,1.1375534534454346,3.3243064880371094,85.82925925925926,0.66,4,8,94.4876851851852,0.7765448689460754,21.812077,72.30835,-218.34298706054688,2.9134207831488714
5KPE_4_8_5_id1,2.189793109893799,1.5645488500595093,92.13842592592592,0.81,4,8,94.4876851851852,0.7765448689460754,21.812077,72.30835,-218.5064392089844,3.070152000144676
5KPE_4_8_5_id10,1.3342198133468628,2.414024591445923,87.68499999999997,0.74,4,8,94.4876851851852,0.7765448689460754,21.812077,72.30835,-217.5897979736328,2.865614149305556
5KPE_4_8_5_id11,1.0918927192687988,2.939049005508423,88.26148148148148,0.71,4,8,94.4876851851852,0.7765448689460754,21.812077,72.30835,-219.47735595703125,3.250751354076244
5KPE_4_8_5_id12,1.6591094732284546,1.4738616943359375,88.86314814814816,0.74,4,8,94.4876851851852,0.7765448689460754,21.812077,72.30835,-220.59803771972656,3.1420276783130787
5KPE_4_8_5_id13,1.3987339735031128,2.750122547149658,86.88879629629629,0.68,4,8,94.4876851851852,0.7765448689460754,21.812077,72.30835,-218.2579345703125,3.313489278157552
5KPE_4_8_5_id14,2.252868413925171,1.4466819763183594,88.0450925925926,0.71,4,8,94.4876851851852,0.7765448689460754,21.812077,72.30835,-217.47882080078125,2.810316015172888
5KPE_4_8_5_id15,1.4969463348388672,2.8903322219848633,91.92287037037038,0.79,4,8,94.4876851851852,0.7765448689460754,21.812077,72.30835,-219.22525024414065,3.1619946515118635
5KPE_4_8_5_id16,1.7702438831329346,1.5223796367645264,87.2350925925926,0.71,4,8,94.4876851851852,0.7765448689460754,21.812077,72.30835,-215.68218994140625,2.9973794442636
5KPE_4_8_5_id17,1.4402700662612915,3.315229654312134,86.19537037037038,0.71,4,8,94.4876851851852,0.7765448689460754,21.812077,72.30835,-214.01458740234372,2.856699625651041
5KPE_4_8_5_id18,1.4487509727478027,1.3385294675827026,88.91546296296295,0.73,4,8,94.4876851851852,0.7765448689460754,21.812077,72.30835,-220.03323364257807,2.9225938585069446
5KPE_4_8_5_id19,2.565417766571045,1.26544988155365,87.43453703703705,0.7,4,8,94.4876851851852,0.7765448689460754,21.812077,72.30835,-220.6367034912109,3.306332340946904
5KPE_4_8_5_id2,1.7963664531707764,2.087162494659424,86.54870370370371,0.71,4,8,94.4876851851852,0.7765448689460754,21.812077,72.30835,-216.36959838867188,2.960081312391493
5KPE_4_8_5_id20,1.6571561098098755,2.8182930946350098,85.58925925925925,0.7,4,8,94.4876851851852,0.7765448689460754,21.812077,72.30835,-218.98306274414065,3.0941396642614296
5KPE_4_8_5_id21,1.3675813674926758,1.5743681192398071,86.11203703703704,0.68,4,8,94.4876851851852,0.7765448689460754,21.812077,72.30835,-219.76695251464844,3.105133621780961
5KPE_4_8_5_id22,1.4920467138290405,1.4419137239456177,87.55027777777777,0.7,4,8,94.4876851851852,0.7765448689460754,21.812077,72.30835,-214.19625854492188,3.3020364266854747
5KPE_4_8_5_id23,1.4057344198226929,2.85891056060791,88.94046296296295,0.74,4,8,94.4876851851852,0.7765448689460754,21.812077,72.30835,-219.7670440673828,2.9023850052445024
5KPE_4_8_5_id3,1.0323262214660645,2.1335179805755615,88.34888888888891,0.71,4,8,94.4876851851852,0.7765448689460754,21.812077,72.30835,-214.6874084472656,3.1009583649811923
5KPE_4_8_5_id4,1.5923540592193604,1.6436703205108643,87.44074074074075,0.7,4,8,94.4876851851852,0.7765448689460754,21.812077,72.30835,-214.1602478027344,3.1559459544994213
5KPE_4_8_5_id5,1.1075438261032104,3.4836630821228027,91.54064814814816,0.79,4,8,94.4876851851852,0.7765448689460754,21.812077,72.30835,-219.31472778320312,2.9998417607060186
5KPE_4_8_5_id6,1.5126162767410278,3.148869037628174,88.19990740740741,0.74,4,8,94.4876851851852,0.7765448689460754,21.812077,72.30835,-218.17288208007807,3.153491832591869
5KPE_4_8_5_id7,1.2687042951583862,2.885345220565796,89.66657407407408,0.74,4,8,94.4876851851852,0.7765448689460754,21.812077,72.30835,-220.25314331054688,3.050088953088831
5KPE_4_8_5_id8,2.5398154258728027,1.4988718032836914,86.41092592592592,0.71,4,8,94.4876851851852,0.7765448689460754,21.812077,72.30835,-217.9016876220703,2.9652031792534723
5KPE_4_8_5_id9,1.5550698041915894,1.759293794631958,87.61675925925925,0.73,4,8,94.4876851851852,0.7765448689460754,21.812077,72.30835,-219.08023071289065,2.893729881004051
5KPE_4_8_6_id0,1.394101619720459,3.1305136680603027,89.70537037037037,0.73,4,8,92.63796296296296,0.6496697664260864,22.55059,69.817184,-223.4859313964844,2.973894472475405
5KPE_4_8_6_id1,1.29622220993042,3.611832618713379,91.60074074074072,0.79,4,8,92.63796296296296,0.6496697664260864,22.55059,69.817184,-220.24783325195312,3.208539044415509
5KPE_4_8_6_id10,1.2136074304580688,3.372450351715088,89.76685185185187,0.76,4,8,92.63796296296296,0.6496697664260864,22.55059,69.817184,-220.43475341796875,2.951360066731771
5KPE_4_8_6_id11,1.310839056968689,2.8556337356567383,90.39185185185184,0.75,4,8,92.63796296296296,0.6496697664260864,22.55059,69.817184,-215.31619262695312,2.8745139793113426
5KPE_4_8_6_id12,1.098979115486145,3.4355897903442383,89.4999074074074,0.74,4,8,92.63796296296296,0.6496697664260864,22.55059,69.817184,-220.86654663085935,3.013589929651331
5KPE_4_8_6_id13,1.2450332641601562,3.622795820236206,90.22648148148149,0.75,4,8,92.63796296296296,0.6496697664260864,22.55059,69.817184,-220.2665100097656,3.0539833351417824
5KPE_4_8_6_id14,1.1554409265518188,3.7782301902770996,89.92842592592591,0.76,4,8,92.63796296296296,0.6496697664260864,22.55059,69.817184,-221.8435821533203,3.07648609302662
5KPE_4_8_6_id15,1.5884864330291748,3.1550052165985107,88.95564814814813,0.74,4,8,92.63796296296296,0.6496697664260864,22.55059,69.817184,-223.04864501953125,2.8514511673538774
5KPE_4_8_6_id16,1.384569525718689,3.4308321475982666,88.57453703703705,0.75,4,8,92.63796296296296,0.6496697664260864,22.55059,69.817184,-221.90000915527344,3.119488751446759
5KPE_4_8_6_id17,1.409714937210083,3.548912525177002,91.64694444444446,0.79,4,8,92.63796296296296,0.6496697664260864,22.55059,69.817184,-223.72271728515625,2.935804296422888
5KPE_4_8_6_id18,1.1566171646118164,3.6758615970611572,91.32555555555555,0.77,4,8,92.63796296296296,0.6496697664260864,22.55059,69.817184,-218.5804443359375,2.79680492259838
5KPE_4_8_6_id19,1.263718843460083,3.3058507442474365,89.44388888888888,0.74,4,8,92.63796296296296,0.6496697664260864,22.55059,69.817184,-222.7569274902344,3.0849925853587963
5KPE_4_8_6_id2,1.325684905052185,3.0211713314056396,89.88574074074074,0.77,4,8,92.63796296296296,0.6496697664260864,22.55059,69.817184,-223.63995361328125,2.713636610243056
5KPE_4_8_6_id20,1.4292174577713013,3.157806634902954,90.32694444444442,0.78,4,8,92.63796296296296,0.6496697664260864,22.55059,69.817184,-219.03204345703125,2.897096421983507
5KPE_4_8_6_id21,1.1488755941390991,3.745572805404663,90.2500925925926,0.76,4,8,92.63796296296296,0.6496697664260864,22.55059,69.817184,-223.75784301757807,2.92515790020978
5KPE_4_8_6_id22,1.3809765577316284,3.6856143474578857,92.48592592592593,0.81,4,8,92.63796296296296,0.6496697664260864,22.55059,69.817184,-222.6602478027344,2.9555330629701966
5KPE_4_8_6_id23,3.3622100353240967,1.6355046033859253,84.19398148148149,0.66,4,8,92.63796296296296,0.6496697664260864,22.55059,69.817184,-215.30728149414065,3.0971575136537903
5KPE_4_8_6_id3,1.3017367124557495,3.5410678386688232,89.54203703703703,0.74,4,8,92.63796296296296,0.6496697664260864,22.55059,69.817184,-223.8379669189453,2.9120765968605324
5KPE_4_8_6_id4,1.3166978359222412,3.69154691696167,90.98361111111107,0.77,4,8,92.63796296296296,0.6496697664260864,22.55059,69.817184,-221.68606567382807,2.86322925708912
5KPE_4_8_6_id5,1.2765672206878662,3.1918091773986816,88.77657407407408,0.73,4,8,92.63796296296296,0.6496697664260864,22.55059,69.817184,-223.4931640625,2.97004473650897
5KPE_4_8_6_id6,1.317696452140808,3.6224279403686523,90.76324074074076,0.77,4,8,92.63796296296296,0.6496697664260864,22.55059,69.817184,-222.2460479736328,2.970177827058015
5KPE_4_8_6_id7,1.2249329090118408,3.641056776046753,90.94388888888888,0.78,4,8,92.63796296296296,0.6496697664260864,22.55059,69.817184,-223.60401916503903,2.735398469147859
5KPE_4_8_6_id8,1.2019271850585938,3.659895896911621,89.9112962962963,0.74,4,8,92.63796296296296,0.6496697664260864,22.55059,69.817184,-223.22792053222656,2.9256114253291376
5KPE_4_8_6_id9,1.4208121299743652,3.131354570388794,90.99194444444446,0.77,4,8,92.63796296296296,0.6496697664260864,22.55059,69.817184,-221.50364685058597,2.9956303349247686
5KPE_4_8_7_id0,2.066589117050171,1.6413543224334717,87.7513888888889,0.72,4,8,91.87185185185182,0.7325578927993774,22.223001,71.09239,-219.90203857421875,3.0307379828559027
5KPE_4_8_7_id1,1.7410194873809814,2.616321086883545,89.06527777777777,0.75,4,8,91.87185185185182,0.7325578927993774,22.223001,71.09239,-219.6097412109375,3.114402488425926
5KPE_4_8_7_id10,1.5849465131759644,2.3348872661590576,91.00564814814814,0.78,4,8,91.87185185185182,0.7325578927993774,22.223001,71.09239,-218.9521942138672,3.1216458921079284
5KPE_4_8_7_id11,1.5985902547836304,2.7802693843841553,89.92851851851853,0.77,4,8,91.87185185185182,0.7325578927993774,22.223001,71.09239,-220.5107421875,3.237844396520544
5KPE_4_8_7_id12,1.64026939868927,2.6388378143310547,89.08527777777778,0.76,4,8,91.87185185185182,0.7325578927993774,22.223001,71.09239,-211.96868896484372,2.732175473813657
5KPE_4_8_7_id13,2.0653393268585205,2.0349442958831787,88.59296296296297,0.76,4,8,91.87185185185182,0.7325578927993774,22.223001,71.09239,-218.22901916503903,3.373941492151331
5KPE_4_8_7_id14,2.057245969772339,2.3031885623931885,89.80759259259258,0.76,4,8,91.87185185185182,0.7325578927993774,22.223001,71.09239,-218.74136352539065,3.261566162109375
5KPE_4_8_7_id15,1.356954574584961,2.6432344913482666,86.61990740740741,0.71,4,8,91.87185185185182,0.7325578927993774,22.223001,71.09239,-219.15489196777344,3.109803941514757
5KPE_4_8_7_id16,1.4300613403320312,2.9999632835388184,87.89,0.7,4,8,91.87185185185182,0.7325578927993774,22.223001,71.09239,-218.1415557861328,2.9185697767469616
5KPE_4_8_7_id17,2.0261192321777344,2.616640090942383,90.94944444444444,0.79,4,8,91.87185185185182,0.7325578927993774,22.223001,71.09239,-220.5733795166016,3.375533492476852
5KPE_4_8_7_id18,1.7122045755386353,2.6150989532470703,93.0359259259259,0.81,4,8,91.87185185185182,0.7325578927993774,22.223001,71.09239,-221.5929107666016,3.0626263088650174
5KPE_4_8_7_id19,1.4449491500854492,3.0879969596862793,85.85546296296295,0.68,4,8,91.87185185185182,0.7325578927993774,22.223001,71.09239,-215.86300659179688,3.009234675654658
5KPE_4_8_7_id2,1.55020010471344,3.027554750442505,89.70972222222224,0.76,4,8,91.87185185185182,0.7325578927993774,22.223001,71.09239,-217.8892822265625,3.1738399929470487
5KPE_4_8_7_id20,1.7095998525619507,2.729933500289917,91.89564814814813,0.81,4,8,91.87185185185182,0.7325578927993774,22.223001,71.09239,-218.28387451171875,2.910154837149161
5KPE_4_8_7_id21,1.7201118469238281,2.797971725463867,92.30314814814815,0.81,4,8,91.87185185185182,0.7325578927993774,22.223001,71.09239,-217.63812255859372,3.1706181278935186
5KPE_4_8_7_id22,1.2162134647369385,3.2122952938079834,87.45564814814816,0.69,4,8,91.87185185185182,0.7325578927993774,22.223001,71.09239,-218.39422607421875,3.324311998155382
5KPE_4_8_7_id23,1.9748190641403198,2.3288662433624268,94.50148148148148,0.84,4,8,91.87185185185182,0.7325578927993774,22.223001,71.09239,-219.78147888183597,3.2166965625904225
5KPE_4_8_7_id3,1.3895878791809082,2.9879889488220215,89.62907407407408,0.77,4,8,91.87185185185182,0.7325578927993774,22.223001,71.09239,-220.87649536132807,3.099680017541956
5KPE_4_8_7_id4,1.983292818069458,1.6426674127578735,91.01407407407407,0.78,4,8,91.87185185185182,0.7325578927993774,22.223001,71.09239,-221.53668212890625,3.2300759774667247
5KPE_4_8_7_id5,2.005331039428711,2.6538894176483154,88.25148148148146,0.73,4,8,91.87185185185182,0.7325578927993774,22.223001,71.09239,-218.91534423828125,3.084817391854745
5KPE_4_8_7_id6,1.8906564712524414,2.0378057956695557,88.22592592592592,0.73,4,8,91.87185185185182,0.7325578927993774,22.223001,71.09239,-221.79611206054688,2.983148080331308
5KPE_4_8_7_id7,1.6687018871307373,2.830192804336548,90.86157407407408,0.79,4,8,91.87185185185182,0.7325578927993774,22.223001,71.09239,-217.68276977539065,3.25674890588831
5KPE_4_8_7_id8,1.8328994512557983,2.640666961669922,87.24277777777779,0.72,4,8,91.87185185185182,0.7325578927993774,22.223001,71.09239,-217.2858123779297,3.0833446361400463
5KPE_4_8_7_id9,1.5013377666473389,2.6431996822357178,90.4625,0.78,4,8,91.87185185185182,0.7325578927993774,22.223001,71.09239,-220.09576416015625,3.2696801644784435
5KPE_4_8_8_id0,1.3979088068008423,2.7256834506988525,89.91185185185185,0.76,4,8,90.2612962962963,0.6554511189460754,22.412935,69.64983,-218.76068115234372,2.8894068400065103
5KPE_4_8_8_id1,1.2054921388626099,2.663607358932495,92.62842592592592,0.8,4,8,90.2612962962963,0.6554511189460754,22.412935,69.64983,-223.48216247558597,2.876958211263021
5KPE_4_8_8_id10,1.3756428956985474,3.062021255493164,91.47666666666666,0.77,4,8,90.2612962962963,0.6554511189460754,22.412935,69.64983,-220.1744384765625,2.8043735645435475
5KPE_4_8_8_id11,1.438725471496582,3.014131546020508,90.42796296296297,0.75,4,8,90.2612962962963,0.6554511189460754,22.412935,69.64983,-221.40707397460935,3.027308428729022
5KPE_4_8_8_id12,1.2169455289840698,2.6766703128814697,90.07564814814812,0.73,4,8,90.2612962962963,0.6554511189460754,22.412935,69.64983,-221.58714294433597,2.5337117513020835
5KPE_4_8_8_id13,1.189093828201294,2.9957664012908936,92.04157407407408,0.77,4,8,90.2612962962963,0.6554511189460754,22.412935,69.64983,-220.0801239013672,2.6790358931929976
5KPE_4_8_8_id14,1.2147053480148315,2.9762918949127197,89.94296296296297,0.74,4,8,90.2612962962963,0.6554511189460754,22.412935,69.64983,-223.8704376220703,2.877662941261574
5KPE_4_8_8_id15,1.1983165740966797,2.355013608932495,89.18101851851851,0.72,4,8,90.2612962962963,0.6554511189460754,22.412935,69.64983,-223.2510986328125,2.805794609917535
5KPE_4_8_8_id16,1.222859263420105,3.0584771633148193,90.9922222222222,0.75,4,8,90.2612962962963,0.6554511189460754,22.412935,69.64983,-221.5111541748047,2.922800134729456
5KPE_4_8_8_id17,1.1152701377868652,2.9515750408172607,88.99759259259257,0.72,4,8,90.2612962962963,0.6554511189460754,22.412935,69.64983,-220.7252197265625,2.960836057309751
5KPE_4_8_8_id18,1.1643825769424438,2.522805690765381,90.5887037037037,0.76,4,8,90.2612962962963,0.6554511189460754,22.412935,69.64983,-219.6844482421875,2.584853560836226
5KPE_4_8_8_id19,1.1425875425338745,2.9322948455810547,90.10842592592591,0.75,4,8,90.2612962962963,0.6554511189460754,22.412935,69.64983,-223.49468994140625,2.877474466959636
5KPE_4_8_8_id2,1.331450343132019,1.6555685997009277,86.83388888888888,0.72,4,8,90.2612962962963,0.6554511189460754,22.412935,69.64983,-221.9731292724609,2.988352175112124
5KPE_4_8_8_id20,1.1500728130340576,3.1848268508911133,89.47592592592592,0.72,4,8,90.2612962962963,0.6554511189460754,22.412935,69.64983,-221.0025634765625,2.754868683991609
5KPE_4_8_8_id21,1.368406891822815,2.692775249481201,88.04268518518519,0.73,4,8,90.2612962962963,0.6554511189460754,22.412935,69.64983,-219.22222900390625,2.6835089789496527
5KPE_4_8_8_id22,1.4568792581558228,3.0686464309692383,91.38546296296296,0.78,4,8,90.2612962962963,0.6554511189460754,22.412935,69.64983,-221.6213836669922,2.867415534125434
5KPE_4_8_8_id23,1.5941706895828247,2.8944623470306396,88.54907407407407,0.73,4,8,90.2612962962963,0.6554511189460754,22.412935,69.64983,-219.0104522705078,2.7894089310257524
5KPE_4_8_8_id3,1.1573679447174072,2.9599387645721436,89.78425925925923,0.74,4,8,90.2612962962963,0.6554511189460754,22.412935,69.64983,-221.77659606933597,3.01992600052445
5KPE_4_8_8_id4,1.1412997245788574,3.0485215187072754,90.0748148148148,0.76,4,8,90.2612962962963,0.6554511189460754,22.412935,69.64983,-223.6500396728516,2.979053356029369
5KPE_4_8_8_id5,1.3085613250732422,2.41218900680542,89.50962962962961,0.75,4,8,90.2612962962963,0.6554511189460754,22.412935,69.64983,-221.32388305664065,3.0818148012514466
5KPE_4_8_8_id6,1.1286499500274658,3.4153800010681152,90.37925925925926,0.75,4,8,90.2612962962963,0.6554511189460754,22.412935,69.64983,-216.6523895263672,2.691109551323785
5KPE_4_8_8_id7,1.4211933612823486,2.4666929244995117,90.2462037037037,0.78,4,8,90.2612962962963,0.6554511189460754,22.412935,69.64983,-217.64588928222656,2.6316344649703414
5KPE_4_8_8_id8,1.6047554016113281,2.3774306774139404,88.65518518518518,0.74,4,8,90.2612962962963,0.6554511189460754,22.412935,69.64983,-216.6712188720703,2.826488353587963
5KPE_4_8_8_id9,1.2122881412506104,2.3014538288116455,88.7074074074074,0.72,4,8,90.2612962962963,0.6554511189460754,22.412935,69.64983,-221.18539428710935,2.956612481011285
5KPE_4_8_9_id0,1.7572616338729858,1.5125750303268433,86.66416666666666,0.69,4,8,90.41287037037038,0.760506808757782,21.616053,70.109,-225.2392578125,2.7731391059027777
5KPE_4_8_9_id1,1.2872793674468994,1.5940548181533813,88.06611111111111,0.72,4,8,90.41287037037038,0.760506808757782,21.616053,70.109,-223.64697265625,2.790007414641204
5KPE_4_8_9_id10,1.5145680904388428,2.728731393814087,85.65990740740743,0.68,4,8,90.41287037037038,0.760506808757782,21.616053,70.109,-220.64208984375,3.0277509336118347
5KPE_4_8_9_id11,1.441590428352356,3.196406841278076,89.62981481481482,0.76,4,8,90.41287037037038,0.760506808757782,21.616053,70.109,-219.85519409179688,2.8069319548430265
5KPE_4_8_9_id12,1.6180648803710938,2.7129831314086914,86.21287037037038,0.69,4,8,90.41287037037038,0.760506808757782,21.616053,70.109,-225.22232055664065,2.6169343171296298
5KPE_4_8_9_id13,1.1498396396636963,1.6487009525299072,87.46527777777776,0.71,4,8,90.41287037037038,0.760506808757782,21.616053,70.109,-222.47064208984372,2.8239067925347223
5KPE_4_8_9_id14,1.5546538829803467,1.5751208066940308,88.84870370370369,0.71,4,8,90.41287037037038,0.760506808757782,21.616053,70.109,-224.09274291992188,2.598303618254485
5KPE_4_8_9_id15,1.3554608821868896,1.6887004375457764,88.84499999999997,0.74,4,8,90.41287037037038,0.760506808757782,21.616053,70.109,-223.13807678222656,2.572521068431713
5KPE_4_8_9_id16,1.7184877395629883,1.7245556116104126,86.11148148148148,0.7,4,8,90.41287037037038,0.760506808757782,21.616053,70.109,-222.05784606933597,2.6769606978804976
5KPE_4_8_9_id17,1.4951741695404053,1.5713366270065308,85.09407407407407,0.69,4,8,90.41287037037038,0.760506808757782,21.616053,70.109,-222.62599182128903,2.6405232747395835
5KPE_4_8_9_id18,1.4405486583709717,2.8451223373413086,88.3062962962963,0.73,4,8,90.41287037037038,0.760506808757782,21.616053,70.109,-222.30349731445312,2.9090008205837674
5KPE_4_8_9_id19,1.3885352611541748,3.3830301761627197,87.82768518518517,0.72,4,8,90.41287037037038,0.760506808757782,21.616053,70.109,-217.84426879882807,2.719850045663339
5KPE_4_8_9_id2,1.4383920431137085,1.7929426431655884,85.71916666666668,0.7,4,8,90.41287037037038,0.760506808757782,21.616053,70.109,-223.17503356933597,2.893414532696759
5KPE_4_8_9_id20,1.8499027490615845,2.5066425800323486,87.60879629629628,0.7,4,8,90.41287037037038,0.760506808757782,21.616053,70.109,-220.2547912597656,2.730423821343316
5KPE_4_8_9_id21,1.348383903503418,1.948198914527893,85.77935185185189,0.66,4,8,90.41287037037038,0.760506808757782,21.616053,70.109,-224.74383544921875,2.842465153446904
5KPE_4_8_9_id22,1.8803972005844116,1.4036235809326172,87.83370370370369,0.72,4,8,90.41287037037038,0.760506808757782,21.616053,70.109,-222.4341735839844,3.0666941890010126
5KPE_4_8_9_id23,1.4418271780014038,1.560394048690796,88.83462962962965,0.72,4,8,90.41287037037038,0.760506808757782,21.616053,70.109,-219.5532073974609,2.672040020978009
5KPE_4_8_9_id3,1.2056344747543335,3.5664684772491455,89.14555555555556,0.74,4,8,90.41287037037038,0.760506808757782,21.616053,70.109,-223.11520385742188,2.808349891945168
5KPE_4_8_9_id4,1.6560909748077393,1.5046188831329346,87.60009259259259,0.72,4,8,90.41287037037038,0.760506808757782,21.616053,70.109,-222.77980041503903,2.7953454476815685
5KPE_4_8_9_id5,1.111558437347412,1.793056607246399,86.17148148148146,0.68,4,8,90.41287037037038,0.760506808757782,21.616053,70.109,-223.48809814453125,2.6842654192889177
5KPE_4_8_9_id6,1.2085715532302856,1.6619240045547485,86.2137037037037,0.7,4,8,90.41287037037038,0.760506808757782,21.616053,70.109,-219.84075927734372,2.7645741215458624
5KPE_4_8_9_id7,1.4500887393951416,2.6458609104156494,87.17370370370371,0.71,4,8,90.41287037037038,0.760506808757782,21.616053,70.109,-221.91036987304688,2.752751668294271
5KPE_4_8_9_id8,1.1020605564117432,2.4684085845947266,87.25361111111113,0.7,4,8,90.41287037037038,0.760506808757782,21.616053,70.109,-224.2889862060547,2.8901005497685186
5KPE_4_8_9_id9,1.428006649017334,1.6957687139511108,89.17120370370372,0.73,4,8,90.41287037037038,0.760506808757782,21.616053,70.109,-219.65542602539065,2.811427928783276
5KPE_6_2_0_id0,4.512820243835449,3.42207932472229,74.95712962962963,0.61,6,2,89.00583333333334,0.8631563186645508,24.961357,74.4342,-209.26077270507807,2.7012131302445024
5KPE_6_2_0_id1,1.6451510190963745,4.219707012176514,87.72388888888888,0.73,6,2,89.00583333333334,0.8631563186645508,24.961357,74.4342,-208.7391662597656,3.0671680591724537
5KPE_6_2_0_id10,1.8654972314834595,4.021233081817627,89.26953703703704,0.77,6,2,89.00583333333334,0.8631563186645508,24.961357,74.4342,-213.6582794189453,2.8948898315429688
5KPE_6_2_0_id11,4.228041648864746,2.1106982231140137,80.48527777777778,0.62,6,2,89.00583333333334,0.8631563186645508,24.961357,74.4342,-204.7459259033203,2.991445470739294
5KPE_6_2_0_id12,4.709845066070557,4.078083515167236,85.6037962962963,0.69,6,2,89.00583333333334,0.8631563186645508,24.961357,74.4342,-213.07620239257807,2.826892994068287
5KPE_6_2_0_id13,4.675525188446045,4.196638584136963,81.87212962962965,0.66,6,2,89.00583333333334,0.8631563186645508,24.961357,74.4342,-211.107666015625,2.836763170030382
5KPE_6_2_0_id14,3.7968075275421143,3.665541410446167,81.43462962962964,0.66,6,2,89.00583333333334,0.8631563186645508,24.961357,74.4342,-211.5661163330078,3.0012048791956016
5KPE_6_2_0_id15,4.013632297515869,2.3156588077545166,88.00444444444445,0.7,6,2,89.00583333333334,0.8631563186645508,24.961357,74.4342,-214.26612854003903,2.7900348239474826
5KPE_6_2_0_id16,3.8807804584503174,2.3774478435516357,77.06138888888889,0.6,6,2,89.00583333333334,0.8631563186645508,24.961357,74.4342,-212.026123046875,2.871491043655961
5KPE_6_2_0_id17,2.0833466053009033,3.496743679046631,81.5533333333333,0.62,6,2,89.00583333333334,0.8631563186645508,24.961357,74.4342,-211.34239196777344,2.921913712112992
5KPE_6_2_0_id18,4.580140590667725,3.570218324661255,79.95212962962965,0.62,6,2,89.00583333333334,0.8631563186645508,24.961357,74.4342,-210.8827209472656,2.803367049605758
5KPE_6_2_0_id19,1.3723623752593994,3.5061869621276855,85.57972222222222,0.65,6,2,89.00583333333334,0.8631563186645508,24.961357,74.4342,-211.577880859375,2.834081013997396
5KPE_6_2_0_id2,2.320117235183716,3.6652724742889404,84.02444444444444,0.64,6,2,89.00583333333334,0.8631563186645508,24.961357,74.4342,-213.09864807128903,3.041901199905961
5KPE_6_2_0_id20,1.9740713834762573,3.8867952823638916,79.59592592592591,0.62,6,2,89.00583333333334,0.8631563186645508,24.961357,74.4342,-213.26956176757807,2.8172409622757524
5KPE_6_2_0_id21,3.9013679027557373,3.9590952396392822,79.97907407407408,0.65,6,2,89.00583333333334,0.8631563186645508,24.961357,74.4342,-210.04806518554688,2.7571258544921875
5KPE_6_2_0_id22,1.120456576347351,4.464069843292236,90.87333333333332,0.76,6,2,89.00583333333334,0.8631563186645508,24.961357,74.4342,-212.40756225585935,2.9612494574652777
5KPE_6_2_0_id23,3.744990587234497,3.5848946571350098,84.14203703703704,0.67,6,2,89.00583333333334,0.8631563186645508,24.961357,74.4342,-209.48231506347656,2.846379315411603
5KPE_6_2_0_id3,3.5303542613983154,2.1285784244537354,84.12129629629632,0.66,6,2,89.00583333333334,0.8631563186645508,24.961357,74.4342,-212.14678955078125,2.963977955005787
5KPE_6_2_0_id4,3.997084856033325,2.3406362533569336,84.01462962962962,0.71,6,2,89.00583333333334,0.8631563186645508,24.961357,74.4342,-210.4107208251953,3.268356888382524
5KPE_6_2_0_id5,1.946632981300354,3.2247426509857178,85.12444444444446,0.67,6,2,89.00583333333334,0.8631563186645508,24.961357,74.4342,-212.87417602539065,3.0011624936704284
5KPE_6_2_0_id6,2.8427176475524902,2.6688809394836426,77.35611111111112,0.58,6,2,89.00583333333334,0.8631563186645508,24.961357,74.4342,-209.87435913085935,2.7237944426359952
5KPE_6_2_0_id7,4.747523784637451,2.863936424255371,80.72972222222222,0.66,6,2,89.00583333333334,0.8631563186645508,24.961357,74.4342,-207.48178100585935,2.738403602882668
5KPE_6_2_0_id8,4.644994735717773,3.045254707336426,78.81250000000001,0.64,6,2,89.00583333333334,0.8631563186645508,24.961357,74.4342,-211.1739044189453,3.063625194408276
5KPE_6_2_0_id9,2.487191677093506,3.504987955093384,84.59064814814816,0.63,6,2,89.00583333333334,0.8631563186645508,24.961357,74.4342,-213.31190490722656,2.9404500325520835
5KPE_6_4_6_id0,1.156705617904663,3.524502754211426,87.96657407407407,0.73,6,4,95.22222222222224,0.7741103768348694,24.844563,75.6661,-214.1766357421875,2.7122090657552085
5KPE_6_4_6_id1,3.005417823791504,3.9396445751190186,85.25175925925926,0.7,6,4,95.22222222222224,0.7741103768348694,24.844563,75.6661,-212.37603759765625,2.718083416974103
5KPE_6_4_6_id10,1.060391902923584,4.306879997253418,89.05435185185186,0.73,6,4,95.22222222222224,0.7741103768348694,24.844563,75.6661,-211.8148956298828,2.39173663104022
5KPE_6_4_6_id11,1.5078752040863037,3.28208327293396,84.16870370370371,0.64,6,4,95.22222222222224,0.7741103768348694,24.844563,75.6661,-210.3880615234375,2.921023616084346
5KPE_6_4_6_id12,1.1408122777938843,4.2053351402282715,88.27194444444443,0.74,6,4,95.22222222222224,0.7741103768348694,24.844563,75.6661,-212.83514404296875,2.8822993525752314
5KPE_6_4_6_id13,1.355217695236206,4.836182594299316,89.59379629629629,0.77,6,4,95.22222222222224,0.7741103768348694,24.844563,75.6661,-212.0674743652344,2.7279335304542824
5KPE_6_4_6_id14,1.4084124565124512,4.8357014656066895,89.48999999999998,0.74,6,4,95.22222222222224,0.7741103768348694,24.844563,75.6661,-207.24920654296875,2.6722211484555847
5KPE_6_4_6_id15,3.000406503677368,3.9810359477996826,75.0575925925926,0.59,6,4,95.22222222222224,0.7741103768348694,24.844563,75.6661,-212.64913940429688,2.800636574074074
5KPE_6_4_6_id16,1.6186838150024414,3.6789028644561768,84.71453703703703,0.66,6,4,95.22222222222224,0.7741103768348694,24.844563,75.6661,-212.9207763671875,2.930969803421586
5KPE_6_4_6_id17,3.360501527786255,3.252810001373291,84.97907407407408,0.68,6,4,95.22222222222224,0.7741103768348694,24.844563,75.6661,-213.41067504882807,2.646862171314381
5KPE_6_4_6_id18,1.2356500625610352,3.319690465927124,87.85518518518519,0.72,6,4,95.22222222222224,0.7741103768348694,24.844563,75.6661,-213.68978881835935,3.016498706958912
5KPE_6_4_6_id19,1.2419248819351196,4.466907501220703,90.8711111111111,0.77,6,4,95.22222222222224,0.7741103768348694,24.844563,75.6661,-213.04876708984372,2.7727344654224537
5KPE_6_4_6_id2,1.7886073589324951,4.322112560272217,77.08592592592592,0.63,6,4,95.22222222222224,0.7741103768348694,24.844563,75.6661,-210.1383819580078,2.749012417263455
5KPE_6_4_6_id20,1.2476470470428467,5.367769718170166,90.81,0.78,6,4,95.22222222222224,0.7741103768348694,24.844563,75.6661,-214.0904541015625,2.918225323712384
5KPE_6_4_6_id21,1.7684457302093506,4.093009948730469,88.44342592592592,0.72,6,4,95.22222222222224,0.7741103768348694,24.844563,75.6661,-212.04913330078125,2.899672331633391
5KPE_6_4_6_id22,1.770742654800415,3.8376948833465576,80.69962962962961,0.58,6,4,95.22222222222224,0.7741103768348694,24.844563,75.6661,-213.4795837402344,2.743727507414641
5KPE_6_4_6_id23,4.110286712646484,2.462432861328125,82.45712962962962,0.64,6,4,95.22222222222224,0.7741103768348694,24.844563,75.6661,-213.04006958007807,2.696531790274161
5KPE_6_4_6_id3,1.6542280912399292,4.336274147033691,85.54574074074074,0.73,6,4,95.22222222222224,0.7741103768348694,24.844563,75.6661,-211.1328887939453,2.844487508138021
5KPE_6_4_6_id4,3.0378799438476562,3.843419075012207,77.75768518518517,0.62,6,4,95.22222222222224,0.7741103768348694,24.844563,75.6661,-212.71095275878903,2.7298821343315973
5KPE_6_4_6_id5,1.1240077018737793,3.571007013320923,87.52870370370367,0.71,6,4,95.22222222222224,0.7741103768348694,24.844563,75.6661,-212.27960205078125,3.003096403899016
5KPE_6_4_6_id6,1.1930774450302124,3.9175314903259277,90.18657407407406,0.76,6,4,95.22222222222224,0.7741103768348694,24.844563,75.6661,-208.367919921875,2.7627814964011863
5KPE_6_4_6_id7,1.136391043663025,4.609580039978027,88.82351851851854,0.72,6,4,95.22222222222224,0.7741103768348694,24.844563,75.6661,-213.65951538085935,2.8419469197591147
5KPE_6_4_6_id8,1.2846746444702148,3.5749151706695557,87.39759259259257,0.7,6,4,95.22222222222224,0.7741103768348694,24.844563,75.6661,-213.48545837402344,2.7854365596064814
5KPE_6_4_6_id9,1.463006615638733,4.171661853790283,86.04333333333335,0.71,6,4,95.22222222222224,0.7741103768348694,24.844563,75.6661,-213.84719848632807,3.094321922019676
5KPE_6_4_7_id0,1.571250557899475,3.6697003841400146,83.09555555555556,0.63,6,4,92.92462962962964,0.9810678362846376,24.553955,75.79543,-213.70654296875,2.8313140869140625
5KPE_6_4_7_id1,1.5400195121765137,3.1986732482910156,83.43092592592593,0.65,6,4,92.92462962962964,0.9810678362846376,24.553955,75.79543,-213.07305908203125,2.8207015991210938
5KPE_6_4_7_id10,1.8053420782089233,4.259202480316162,90.3271296296296,0.77,6,4,92.92462962962964,0.9810678362846376,24.553955,75.79543,-212.9920196533203,2.7698550754123263
5KPE_6_4_7_id11,2.364454746246338,3.5021350383758545,85.32851851851852,0.71,6,4,92.92462962962964,0.9810678362846376,24.553955,75.79543,-214.07701110839844,3.0154175934968173
5KPE_6_4_7_id12,4.164919853210449,4.200835227966309,86.48731481481481,0.73,6,4,92.92462962962964,0.9810678362846376,24.553955,75.79543,-211.03973388671875,2.9193021986219616
5KPE_6_4_7_id13,1.631406307220459,3.7718563079833984,87.49111111111112,0.72,6,4,92.92462962962964,0.9810678362846376,24.553955,75.79543,-212.30697631835935,3.136601765950521
5KPE_6_4_7_id14,1.6865137815475464,3.3662989139556885,87.10694444444445,0.71,6,4,92.92462962962964,0.9810678362846376,24.553955,75.79543,-214.6998748779297,2.965563738787616
5KPE_6_4_7_id15,1.5867425203323364,3.6209843158721924,89.7075,0.73,6,4,92.92462962962964,0.9810678362846376,24.553955,75.79543,-213.625732421875,3.033955326786748
5KPE_6_4_7_id16,1.586943507194519,4.428041934967041,80.49407407407406,0.62,6,4,92.92462962962964,0.9810678362846376,24.553955,75.79543,-211.19488525390625,2.834246600115741
5KPE_6_4_7_id17,1.3443585634231567,3.822686195373535,88.92370370370371,0.72,6,4,92.92462962962964,0.9810678362846376,24.553955,75.79543,-214.08790588378903,2.754505016185619
5KPE_6_4_7_id18,5.038021087646484,4.277559280395508,88.11648148148149,0.74,6,4,92.92462962962964,0.9810678362846376,24.553955,75.79543,-210.44134521484372,3.1561833134403936
5KPE_6_4_7_id19,1.5151000022888184,3.4160549640655518,87.57925925925926,0.68,6,4,92.92462962962964,0.9810678362846376,24.553955,75.79543,-213.8531951904297,2.931213944046586
5KPE_6_4_7_id2,1.8402340412139893,3.524895191192627,83.31305555555555,0.64,6,4,92.92462962962964,0.9810678362846376,24.553955,75.79543,-215.5661163330078,3.2208150227864585
5KPE_6_4_7_id20,4.483374118804932,3.2146193981170654,79.49925925925926,0.7,6,4,92.92462962962964,0.9810678362846376,24.553955,75.79543,-210.29049682617188,2.8716470223886
5KPE_6_4_7_id21,1.9867305755615234,3.7546796798706055,80.63092592592594,0.68,6,4,92.92462962962964,0.9810678362846376,24.553955,75.79543,-211.9936370849609,3.198180587203414
5KPE_6_4_7_id22,1.5108445882797241,4.334347724914551,82.60305555555557,0.61,6,4,92.92462962962964,0.9810678362846376,24.553955,75.79543,-210.12664794921875,2.891415631329572
5KPE_6_4_7_id23,1.8723012208938599,3.00453519821167,79.70750000000001,0.66,6,4,92.92462962962964,0.9810678362846376,24.553955,75.79543,-213.66357421875,2.929737232349537
5KPE_6_4_7_id3,1.5149097442626953,4.6691107749938965,89.90249999999999,0.76,6,4,92.92462962962964,0.9810678362846376,24.553955,75.79543,-213.43206787109372,3.033249749077691
5KPE_6_4_7_id4,1.417240858078003,4.271001815795898,84.85824074074073,0.64,6,4,92.92462962962964,0.9810678362846376,24.553955,75.79543,-216.491943359375,2.9768391361943
5KPE_6_4_7_id5,3.7595624923706055,3.1207375526428223,83.1110185185185,0.63,6,4,92.92462962962964,0.9810678362846376,24.553955,75.79543,-212.2836761474609,2.655808060257524
5KPE_6_4_7_id6,1.7091225385665894,3.8895649909973145,85.51518518518517,0.68,6,4,92.92462962962964,0.9810678362846376,24.553955,75.79543,-214.5460968017578,2.7296930948893228
5KPE_6_4_7_id7,1.498274564743042,4.550457000732422,85.4187037037037,0.63,6,4,92.92462962962964,0.9810678362846376,24.553955,75.79543,-215.11697387695312,2.851103888617621
5KPE_6_4_7_id8,1.3701529502868652,3.8094475269317627,85.98342592592591,0.68,6,4,92.92462962962964,0.9810678362846376,24.553955,75.79543,-212.6688690185547,3.05574713812934
5KPE_6_4_7_id9,1.5336109399795532,5.509461402893066,93.77361111111112,0.82,6,4,92.92462962962964,0.9810678362846376,24.553955,75.79543,-214.15499877929688,2.9489163999204284
5KPE_6_6_2_id0,1.1536073684692383,4.844701290130615,88.66314814814815,0.73,6,6,93.25962962962966,0.9567010402679444,24.218372,74.23906,-216.27642822265625,2.9192493580005787
5KPE_6_6_2_id1,1.175605058670044,4.4129204750061035,90.53888888888888,0.75,6,6,93.25962962962966,0.9567010402679444,24.218372,74.23906,-216.755615234375,2.852153636791088
5KPE_6_6_2_id10,1.4723390340805054,3.9487531185150146,85.42444444444445,0.68,6,6,93.25962962962966,0.9567010402679444,24.218372,74.23906,-213.78892517089844,2.811367741337529
5KPE_6_6_2_id11,8.508550643920898,7.608956336975098,75.55944444444445,0.62,6,6,93.25962962962966,0.9567010402679444,24.218372,74.23906,-207.16848754882807,2.7450538917824074
5KPE_6_6_2_id12,1.0559569597244263,4.0799665451049805,89.8048148148148,0.76,6,6,93.25962962962966,0.9567010402679444,24.218372,74.23906,-214.08029174804688,2.821148059986256
5KPE_6_6_2_id13,3.5947189331054688,3.937039375305176,86.04120370370372,0.63,6,6,93.25962962962966,0.9567010402679444,24.218372,74.23906,-215.11685180664065,2.888261865686488
5KPE_6_6_2_id14,1.4280297756195068,3.845736265182495,86.76592592592594,0.67,6,6,93.25962962962966,0.9567010402679444,24.218372,74.23906,-215.13987731933597,2.7362563521773726
5KPE_6_6_2_id15,1.1873643398284912,4.196820259094238,90.86546296296297,0.77,6,6,93.25962962962966,0.9567010402679444,24.218372,74.23906,-215.87657165527344,2.825017010724103
5KPE_6_6_2_id16,1.3010540008544922,4.243886470794678,85.78268518518519,0.66,6,6,93.25962962962966,0.9567010402679444,24.218372,74.23906,-213.5912170410156,2.80570305718316
5KPE_6_6_2_id17,5.442470550537109,4.796335697174072,76.40305555555554,0.62,6,6,93.25962962962966,0.9567010402679444,24.218372,74.23906,-213.8495330810547,2.77707106978805
5KPE_6_6_2_id18,3.512814521789551,3.2763986587524414,76.10935185185184,0.63,6,6,93.25962962962966,0.9567010402679444,24.218372,74.23906,-214.5621795654297,2.750794869882089
5KPE_6_6_2_id19,1.0557928085327148,4.505180835723877,90.89425925925926,0.79,6,6,93.25962962962966,0.9567010402679444,24.218372,74.23906,-213.3536071777344,3.0824771457248263
5KPE_6_6_2_id2,1.2864145040512085,4.004276752471924,92.11314814814814,0.79,6,6,93.25962962962966,0.9567010402679444,24.218372,74.23906,-214.8875274658203,2.6083913732458046
5KPE_6_6_2_id20,1.0434139966964722,4.216860771179199,89.32620370370368,0.76,6,6,93.25962962962966,0.9567010402679444,24.218372,74.23906,-214.99786376953125,2.74031886348018
5KPE_6_6_2_id21,3.1431987285614014,3.2173869609832764,79.53064814814816,0.61,6,6,93.25962962962966,0.9567010402679444,24.218372,74.23906,-212.3355255126953,2.852429707845052
5KPE_6_6_2_id22,1.1761165857315063,5.29050350189209,90.29851851851852,0.75,6,6,93.25962962962966,0.9567010402679444,24.218372,74.23906,-216.45819091796875,2.81730228000217
5KPE_6_6_2_id23,2.9432530403137207,3.341378688812256,82.95249999999999,0.65,6,6,93.25962962962966,0.9567010402679444,24.218372,74.23906,-216.3192443847656,3.110188802083333
5KPE_6_6_2_id3,1.5065333843231201,3.3436663150787354,84.48657407407407,0.6,6,6,93.25962962962966,0.9567010402679444,24.218372,74.23906,-215.8138732910156,3.0043103253399885
5KPE_6_6_2_id4,1.18831205368042,3.3699419498443604,91.79388888888889,0.79,6,6,93.25962962962966,0.9567010402679444,24.218372,74.23906,-215.39828491210935,2.9487982855902777
5KPE_6_6_2_id5,1.5880050659179688,4.023588180541992,86.45009259259258,0.69,6,6,93.25962962962966,0.9567010402679444,24.218372,74.23906,-215.15289306640625,2.75712811505353
5KPE_6_6_2_id6,2.6044416427612305,3.635911464691162,84.90555555555555,0.67,6,6,93.25962962962966,0.9567010402679444,24.218372,74.23906,-216.35418701171875,2.9023861355251737
5KPE_6_6_2_id7,8.983356475830078,8.427284240722656,71.35222222222221,0.58,6,6,93.25962962962966,0.9567010402679444,24.218372,74.23906,-214.9873046875,2.974723250777633
5KPE_6_6_2_id8,1.288844108581543,4.762396812438965,88.2863888888889,0.72,6,6,93.25962962962966,0.9567010402679444,24.218372,74.23906,-216.0395050048828,2.8544017650462963
5KPE_6_6_2_id9,1.546806812286377,2.708592653274536,87.30916666666664,0.68,6,6,93.25962962962966,0.9567010402679444,24.218372,74.23906,-215.35452270507807,2.67457608823423
5KPE_6_6_8_id0,1.6599712371826172,4.119332313537598,83.57074074074072,0.64,6,6,94.0626851851852,0.8294026851654053,25.380083,75.60933,-212.4459228515625,2.8220288311993635
5KPE_6_6_8_id1,1.410021424293518,4.076381206512451,86.95527777777778,0.71,6,6,94.0626851851852,0.8294026851654053,25.380083,75.60933,-212.701171875,3.03068768536603
5KPE_6_6_8_id10,2.48305344581604,3.269134998321533,79.15722222222222,0.6,6,6,94.0626851851852,0.8294026851654053,25.380083,75.60933,-212.88421630859372,2.613672892252604
5KPE_6_6_8_id11,3.2881484031677246,2.6002278327941895,73.64092592592593,0.55,6,6,94.0626851851852,0.8294026851654053,25.380083,75.60933,-214.3278350830078,2.89021979437934
5KPE_6_6_8_id12,3.3030035495758057,2.8421852588653564,82.79527777777777,0.63,6,6,94.0626851851852,0.8294026851654053,25.380083,75.60933,-214.0026092529297,2.4593172426576966
5KPE_6_6_8_id13,1.3250796794891357,3.5745153427124023,85.50842592592592,0.66,6,6,94.0626851851852,0.8294026851654053,25.380083,75.60933,-212.9442596435547,2.904663368507668
5KPE_6_6_8_id14,3.447178840637207,2.749666929244995,81.13537037037037,0.65,6,6,94.0626851851852,0.8294026851654053,25.380083,75.60933,-211.09927368164065,3.030884919343172
5KPE_6_6_8_id15,2.5850002765655518,3.29776930809021,79.13037037037036,0.62,6,6,94.0626851851852,0.8294026851654053,25.380083,75.60933,-209.94775390625,2.726660269278068
5KPE_6_6_8_id16,3.365894079208374,2.8549718856811523,82.36222222222223,0.62,6,6,94.0626851851852,0.8294026851654053,25.380083,75.60933,-212.62075805664065,2.607556378399884
5KPE_6_6_8_id17,1.0625544786453247,4.294107437133789,85.83537037037038,0.68,6,6,94.0626851851852,0.8294026851654053,25.380083,75.60933,-213.2105255126953,2.544467502170139
5KPE_6_6_8_id18,2.5199809074401855,2.6468522548675537,76.06481481481481,0.58,6,6,94.0626851851852,0.8294026851654053,25.380083,75.60933,-214.1166076660156,2.759258976689092
5KPE_6_6_8_id19,3.065274238586426,2.809595823287964,83.3685185185185,0.64,6,6,94.0626851851852,0.8294026851654053,25.380083,75.60933,-214.50949096679688,2.7670728895399304
5KPE_6_6_8_id2,1.9858757257461548,3.9285778999328613,75.00185185185184,0.59,6,6,94.0626851851852,0.8294026851654053,25.380083,75.60933,-211.22413635253903,2.5610122680664062
5KPE_6_6_8_id20,2.021089792251587,2.9162442684173584,75.7849074074074,0.58,6,6,94.0626851851852,0.8294026851654053,25.380083,75.60933,-208.2828826904297,2.746229383680556
5KPE_6_6_8_id21,3.095585823059082,2.2747209072113037,75.69537037037037,0.59,6,6,94.0626851851852,0.8294026851654053,25.380083,75.60933,-213.1801300048828,2.615041662145544
5KPE_6_6_8_id22,1.0394946336746216,4.4626874923706055,89.05351851851853,0.76,6,6,94.0626851851852,0.8294026851654053,25.380083,75.60933,-215.64154052734372,2.714918631094473
5KPE_6_6_8_id23,3.137432813644409,2.8589584827423096,75.20157407407407,0.59,6,6,94.0626851851852,0.8294026851654053,25.380083,75.60933,-211.4354248046875,2.637836597583912
5KPE_6_6_8_id3,3.064917802810669,2.919877529144287,81.13768518518519,0.59,6,6,94.0626851851852,0.8294026851654053,25.380083,75.60933,-214.2254943847656,2.5613284640842013
5KPE_6_6_8_id4,1.7344563007354736,3.9018640518188477,81.95175925925925,0.61,6,6,94.0626851851852,0.8294026851654053,25.380083,75.60933,-211.3203125,2.7990490948712385
5KPE_6_6_8_id5,3.7889838218688965,2.3870415687561035,79.78435185185188,0.63,6,6,94.0626851851852,0.8294026851654053,25.380083,75.60933,-214.20237731933597,2.725648668077257
5KPE_6_6_8_id6,3.080965280532837,2.712834119796753,75.35851851851852,0.59,6,6,94.0626851851852,0.8294026851654053,25.380083,75.60933,-216.09280395507807,2.7238119619864003
5KPE_6_6_8_id7,1.4687834978103638,2.241713285446167,83.37777777777777,0.63,6,6,94.0626851851852,0.8294026851654053,25.380083,75.60933,-214.80990600585935,2.652531376591435
5KPE_6_6_8_id8,2.6818623542785645,2.5714669227600098,72.85972222222222,0.57,6,6,94.0626851851852,0.8294026851654053,25.380083,75.60933,-208.9671173095703,2.867676346390336
5KPE_6_6_8_id9,1.3874976634979248,4.159045696258545,89.4585185185185,0.76,6,6,94.0626851851852,0.8294026851654053,25.380083,75.60933,-210.30291748046875,2.74678209092882
5KPE_6_8_5_id0,3.858531951904297,2.6089935302734375,82.34231481481483,0.66,6,8,91.38583333333334,0.9903163909912108,26.335575,79.894455,-211.89300537109372,2.521818938078704
5KPE_6_8_5_id1,3.719620943069458,2.404567003250122,89.6012037037037,0.76,6,8,91.38583333333334,0.9903163909912108,26.335575,79.894455,-212.7011260986328,2.7434460675274885
5KPE_6_8_5_id10,4.333212852478027,2.0733301639556885,82.76287037037036,0.66,6,8,91.38583333333334,0.9903163909912108,26.335575,79.894455,-212.89459228515625,2.989377904821325
5KPE_6_8_5_id11,4.2032999992370605,2.502544641494751,87.51722222222222,0.74,6,8,91.38583333333334,0.9903163909912108,26.335575,79.894455,-214.15821838378903,2.5267333984375
5KPE_6_8_5_id12,3.1861963272094727,2.998342990875244,77.97351851851853,0.58,6,8,91.38583333333334,0.9903163909912108,26.335575,79.894455,-211.7997283935547,2.8971484148943865
5KPE_6_8_5_id13,3.149024248123169,3.0381083488464355,76.89129629629628,0.61,6,8,91.38583333333334,0.9903163909912108,26.335575,79.894455,-211.2665557861328,2.582538746021412
5KPE_6_8_5_id14,4.175277233123779,2.448293447494507,82.67972222222222,0.65,6,8,91.38583333333334,0.9903163909912108,26.335575,79.894455,-214.7749786376953,3.049619604040075
5KPE_6_8_5_id15,4.645148754119873,2.4258735179901123,85.01435185185184,0.69,6,8,91.38583333333334,0.9903163909912108,26.335575,79.894455,-214.69122314453125,2.906177662037037
5KPE_6_8_5_id16,4.538641452789307,2.3781704902648926,86.5361111111111,0.74,6,8,91.38583333333334,0.9903163909912108,26.335575,79.894455,-214.5038299560547,2.759738215693721
5KPE_6_8_5_id17,4.8187432289123535,2.5232954025268555,82.00296296296295,0.65,6,8,91.38583333333334,0.9903163909912108,26.335575,79.894455,-213.9156646728516,2.73020906801577
5KPE_6_8_5_id18,4.5456390380859375,2.6302168369293213,88.13481481481482,0.74,6,8,91.38583333333334,0.9903163909912108,26.335575,79.894455,-212.80465698242188,2.68727789984809
5KPE_6_8_5_id19,3.072477102279663,2.612147808074951,76.30953703703702,0.59,6,8,91.38583333333334,0.9903163909912108,26.335575,79.894455,-213.834716796875,2.7329025268554688
5KPE_6_8_5_id2,4.6118998527526855,2.177055835723877,82.14925925925925,0.65,6,8,91.38583333333334,0.9903163909912108,26.335575,79.894455,-215.6664581298828,2.973707976164641
5KPE_6_8_5_id20,4.150152683258057,2.308077335357666,82.51296296296296,0.64,6,8,91.38583333333334,0.9903163909912108,26.335575,79.894455,-212.0198211669922,2.6716749403211804
5KPE_6_8_5_id21,3.772286891937256,2.793339252471924,79.91351851851852,0.65,6,8,91.38583333333334,0.9903163909912108,26.335575,79.894455,-211.75173950195312,2.670275935420284
5KPE_6_8_5_id22,4.667208671569824,2.5172441005706787,85.68444444444445,0.7,6,8,91.38583333333334,0.9903163909912108,26.335575,79.894455,-213.83834838867188,2.7682743778935186
5KPE_6_8_5_id23,4.622531890869141,1.8318146467208862,82.6299074074074,0.64,6,8,91.38583333333334,0.9903163909912108,26.335575,79.894455,-215.1251220703125,2.6832651208948204
5KPE_6_8_5_id3,4.518546104431152,2.724094867706299,83.10537037037037,0.66,6,8,91.38583333333334,0.9903163909912108,26.335575,79.894455,-214.0536651611328,2.703543768988715
5KPE_6_8_5_id4,4.66348934173584,2.342719078063965,84.90574074074075,0.71,6,8,91.38583333333334,0.9903163909912108,26.335575,79.894455,-211.35089111328125,2.6086996572989003
5KPE_6_8_5_id5,3.8359739780426025,2.454993486404419,79.17407407407407,0.62,6,8,91.38583333333334,0.9903163909912108,26.335575,79.894455,-210.6278381347656,2.9176534016927085
5KPE_6_8_5_id6,4.781612873077393,2.35866379737854,85.83148148148149,0.7,6,8,91.38583333333334,0.9903163909912108,26.335575,79.894455,-211.1816253662109,2.6610695167824074
5KPE_6_8_5_id7,3.706328868865967,2.498687505722046,86.0733333333333,0.69,6,8,91.38583333333334,0.9903163909912108,26.335575,79.894455,-212.8463287353516,2.6436694109881365
5KPE_6_8_5_id8,4.524462699890137,2.3224871158599854,83.73370370370368,0.67,6,8,91.38583333333334,0.9903163909912108,26.335575,79.894455,-211.6695709228516,2.7706451416015625
5KPE_6_8_5_id9,3.611419439315796,2.7558329105377197,83.07851851851852,0.64,6,8,91.38583333333334,0.9903163909912108,26.335575,79.894455,-212.7855224609375,2.8897072120949074
5KPE_8_2_7_id0,1.310151219367981,3.5864040851593018,90.02833333333332,0.78,8,2,93.7127777777778,1.1900089979171753,23.910002,75.75694,-204.67747497558597,2.9657211303710938
5KPE_8_2_7_id1,5.2281646728515625,3.2780537605285645,77.0152777777778,0.63,8,2,93.7127777777778,1.1900089979171753,23.910002,75.75694,-205.3114776611328,3.0228548403139466
5KPE_8_2_7_id10,4.550809860229492,3.5175089836120605,72.91342592592592,0.59,8,2,93.7127777777778,1.1900089979171753,23.910002,75.75694,-205.76739501953125,3.0200257477936923
5KPE_8_2_7_id11,4.712257385253906,4.293881893157959,79.79925925925924,0.62,8,2,93.7127777777778,1.1900089979171753,23.910002,75.75694,-204.20265197753903,2.9669031213831016
5KPE_8_2_7_id12,1.2828013896942139,4.831685543060303,91.28324074074074,0.8,8,2,93.7127777777778,1.1900089979171753,23.910002,75.75694,-200.1212310791016,3.116736235441985
5KPE_8_2_7_id13,1.2060227394104004,6.584087371826172,88.64888888888888,0.76,8,2,93.7127777777778,1.1900089979171753,23.910002,75.75694,-203.6977996826172,2.9754471955475985
5KPE_8_2_7_id14,1.0879896879196167,4.766458034515381,92.92157407407406,0.83,8,2,93.7127777777778,1.1900089979171753,23.910002,75.75694,-196.5603179931641,3.065530847620081
5KPE_8_2_7_id15,3.259385824203491,4.167300701141357,72.70222222222222,0.58,8,2,93.7127777777778,1.1900089979171753,23.910002,75.75694,-202.9605712890625,3.08672191478588
5KPE_8_2_7_id16,4.843119144439697,3.3759663105010986,75.78481481481482,0.61,8,2,93.7127777777778,1.1900089979171753,23.910002,75.75694,-202.1179656982422,3.209660847981771
5KPE_8_2_7_id17,1.4257516860961914,4.794468402862549,84.56175925925926,0.68,8,2,93.7127777777778,1.1900089979171753,23.910002,75.75694,-201.6684112548828,3.0733665183738426
5KPE_8_2_7_id18,1.7446359395980835,7.8725810050964355,87.00481481481484,0.72,8,2,93.7127777777778,1.1900089979171753,23.910002,75.75694,-206.78176879882807,2.8723266036422164
5KPE_8_2_7_id19,1.0217351913452148,4.702686786651611,91.69435185185183,0.79,8,2,93.7127777777778,1.1900089979171753,23.910002,75.75694,-204.0736389160156,2.9482724225079573
5KPE_8_2_7_id2,1.3790944814682007,4.057226657867432,91.69814814814816,0.81,8,2,93.7127777777778,1.1900089979171753,23.910002,75.75694,-205.4150238037109,2.9906175401475696
5KPE_8_2_7_id20,2.312126636505127,7.39300537109375,81.97981481481482,0.69,8,2,93.7127777777778,1.1900089979171753,23.910002,75.75694,-206.95733642578125,3.070361102068866
5KPE_8_2_7_id21,1.23488450050354,7.04355525970459,86.57120370370373,0.69,8,2,93.7127777777778,1.1900089979171753,23.910002,75.75694,-204.8016815185547,3.0084217212818287
5KPE_8_2_7_id22,1.0690147876739502,5.369858741760254,86.30759259259258,0.69,8,2,93.7127777777778,1.1900089979171753,23.910002,75.75694,-206.6983795166016,3.204133492928964
5KPE_8_2_7_id23,1.2504754066467285,4.333554744720459,82.01074074074073,0.64,8,2,93.7127777777778,1.1900089979171753,23.910002,75.75694,-205.53924560546875,3.1163937603985823
5KPE_8_2_7_id3,1.5164579153060913,5.077076435089111,86.63500000000002,0.74,8,2,93.7127777777778,1.1900089979171753,23.910002,75.75694,-204.0435791015625,2.958995395236545
5KPE_8_2_7_id4,5.5296406745910645,5.899510860443115,73.11925925925927,0.58,8,2,93.7127777777778,1.1900089979171753,23.910002,75.75694,-207.44024658203125,3.1437276204427085
5KPE_8_2_7_id5,4.565968036651611,3.5713908672332764,78.1837962962963,0.64,8,2,93.7127777777778,1.1900089979171753,23.910002,75.75694,-203.9708709716797,3.1081650345413774
5KPE_8_2_7_id6,3.310795545578003,4.5994181632995605,79.09916666666669,0.58,8,2,93.7127777777778,1.1900089979171753,23.910002,75.75694,-202.36944580078125,2.946772540057147
5KPE_8_2_7_id7,1.0963143110275269,7.244973182678223,91.09388888888888,0.8,8,2,93.7127777777778,1.1900089979171753,23.910002,75.75694,-205.81475830078125,3.054195827907986
5KPE_8_2_7_id8,2.164900302886963,4.28452205657959,87.71333333333335,0.74,8,2,93.7127777777778,1.1900089979171753,23.910002,75.75694,-202.03245544433597,2.9999576144748263
5KPE_8_2_7_id9,1.5874682664871216,7.604508399963379,87.72083333333333,0.7,8,2,93.7127777777778,1.1900089979171753,23.910002,75.75694,-204.57432556152344,2.9842837298357927
5KPH_2_2_0_id0,0.8116890788078308,0.7371992468833923,94.91013888888888,0.8,2,2,95.86194444444445,0.4724860489368438,27.212889,64.483696,-153.79367065429688,2.0490553114149304
5KPH_2_2_0_id1,0.7480348348617554,1.443813443183899,91.495,0.75,2,2,95.86194444444445,0.4724860489368438,27.212889,64.483696,-146.6196746826172,2.186048931545681
5KPH_2_2_0_id10,0.8972568511962891,0.8885814547538757,94.26625,0.79,2,2,95.86194444444445,0.4724860489368438,27.212889,64.483696,-152.71742248535156,2.09651862250434
5KPH_2_2_0_id11,0.8416781425476074,0.9413626790046692,92.83513888888888,0.76,2,2,95.86194444444445,0.4724860489368438,27.212889,64.483696,-153.0301971435547,1.928589714898004
5KPH_2_2_0_id12,0.8737486004829407,0.6862648725509644,94.82847222222225,0.8,2,2,95.86194444444445,0.4724860489368438,27.212889,64.483696,-151.73297119140625,2.096857494778104
5KPH_2_2_0_id13,1.7382711172103882,0.7623968124389648,92.39611111111113,0.76,2,2,95.86194444444445,0.4724860489368438,27.212889,64.483696,-151.8068389892578,2.063545015123156
5KPH_2_2_0_id14,0.7758285999298096,2.074228286743164,95.60944444444446,0.82,2,2,95.86194444444445,0.4724860489368438,27.212889,64.483696,-151.8629913330078,2.190684000651041
5KPH_2_2_0_id15,2.271568775177002,0.8970373272895813,93.53708333333331,0.78,2,2,95.86194444444445,0.4724860489368438,27.212889,64.483696,-147.68240356445312,2.2098331451416016
5KPH_2_2_0_id16,0.9954870939254761,1.0419864654541016,91.71972222222222,0.73,2,2,95.86194444444445,0.4724860489368438,27.212889,64.483696,-152.60806274414062,2.092211193508572
5KPH_2_2_0_id17,0.6899507641792297,1.0511168241500854,94.51138888888887,0.81,2,2,95.86194444444445,0.4724860489368438,27.212889,64.483696,-151.73916625976562,2.1928736368815103
5KPH_2_2_0_id18,0.8038871884346008,0.753701388835907,94.38958333333332,0.79,2,2,95.86194444444445,0.4724860489368438,27.212889,64.483696,-154.118408203125,2.1960071987575955
5KPH_2_2_0_id19,2.217967987060547,0.792969286441803,93.42611111111113,0.78,2,2,95.86194444444445,0.4724860489368438,27.212889,64.483696,-152.35638427734375,1.954201168484158
5KPH_2_2_0_id2,0.767451822757721,0.6505987048149109,93.0813888888889,0.79,2,2,95.86194444444445,0.4724860489368438,27.212889,64.483696,-151.7662353515625,2.0726860894097223
5KPH_2_2_0_id20,1.603742003440857,0.8085023760795593,91.48833333333332,0.75,2,2,95.86194444444445,0.4724860489368438,27.212889,64.483696,-153.75698852539062,2.0242750379774304
5KPH_2_2_0_id22,0.9340950846672058,0.8942745327949524,93.60583333333336,0.77,2,2,95.86194444444445,0.4724860489368438,27.212889,64.483696,-150.52536010742188,2.236644744873047
5KPH_2_2_0_id23,1.720706820487976,0.6388101577758789,95.03611111111113,0.81,2,2,95.86194444444445,0.4724860489368438,27.212889,64.483696,-152.24688720703125,2.0513907538519964
5KPH_2_2_0_id3,0.8191350102424622,2.176229238510132,95.49819444444444,0.82,2,2,95.86194444444445,0.4724860489368438,27.212889,64.483696,-152.41217041015625,2.086263020833333
5KPH_2_2_0_id4,0.7034192085266113,0.9498671293258667,93.02652777777776,0.77,2,2,95.86194444444445,0.4724860489368438,27.212889,64.483696,-151.7574462890625,2.216037326388889
5KPH_2_2_0_id5,1.8547260761260986,0.7634305953979492,91.03013888888889,0.75,2,2,95.86194444444445,0.4724860489368438,27.212889,64.483696,-153.7229766845703,2.1591758728027344
5KPH_2_2_0_id7,0.9063958525657654,0.8601059913635254,94.86791666666666,0.8,2,2,95.86194444444445,0.4724860489368438,27.212889,64.483696,-151.70982360839844,1.9941387176513672
5KPH_2_2_0_id8,0.7940916419029236,1.7610020637512207,95.49569444444444,0.82,2,2,95.86194444444445,0.4724860489368438,27.212889,64.483696,-152.664306640625,2.147192001342773
5KPH_2_2_0_id9,0.6386339068412781,0.6779672503471375,94.68027777777776,0.8,2,2,95.86194444444445,0.4724860489368438,27.212889,64.483696,-149.8836669921875,2.1513769361707897
5KPH_2_2_1_id0,0.9354076385498047,1.512500524520874,93.09333333333332,0.79,2,2,95.44291666666666,0.4715303182601928,27.561415,64.601364,-150.23594665527344,2.1634705861409507
5KPH_2_2_1_id1,0.7267491221427917,1.8013681173324585,95.69430555555556,0.82,2,2,95.44291666666666,0.4715303182601928,27.561415,64.601364,-148.32969665527344,2.2582452562120228
5KPH_2_2_1_id10,0.8919805288314819,1.413668155670166,92.7722222222222,0.78,2,2,95.44291666666666,0.4715303182601928,27.561415,64.601364,-149.36270141601562,2.063968234592014
5KPH_2_2_1_id11,1.8281947374343872,0.6671496033668518,92.74138888888888,0.78,2,2,95.44291666666666,0.4715303182601928,27.561415,64.601364,-148.93865966796875,2.089222166273329
5KPH_2_2_1_id12,1.0353764295578003,2.3977162837982178,95.49472222222224,0.83,2,2,95.44291666666666,0.4715303182601928,27.561415,64.601364,-151.4672088623047,2.2452799479166665
5KPH_2_2_1_id13,0.7907719612121582,2.2242789268493652,93.14375,0.79,2,2,95.44291666666666,0.4715303182601928,27.561415,64.601364,-148.8335723876953,2.368736055162218
5KPH_2_2_1_id14,1.06928551197052,0.8496233820915222,91.27416666666666,0.77,2,2,95.44291666666666,0.4715303182601928,27.561415,64.601364,-149.19482421875,2.1751001146104603
5KPH_2_2_1_id15,0.7549076080322266,0.7026690244674683,95.23986111111113,0.81,2,2,95.44291666666666,0.4715303182601928,27.561415,64.601364,-147.5013885498047,2.059265560574002
5KPH_2_2_1_id16,0.886911928653717,1.7007335424423218,93.42902777777778,0.79,2,2,95.44291666666666,0.4715303182601928,27.561415,64.601364,-146.9393768310547,2.116663614908854
5KPH_2_2_1_id17,1.0827561616897583,0.6630961894989014,94.62666666666668,0.8,2,2,95.44291666666666,0.4715303182601928,27.561415,64.601364,-148.8564910888672,2.2165487077501087
5KPH_2_2_1_id18,0.8522225618362427,0.7936135530471802,94.99847222222223,0.81,2,2,95.44291666666666,0.4715303182601928,27.561415,64.601364,-148.6533966064453,2.523709191216363
5KPH_2_2_1_id19,0.7047002911567688,1.3989933729171753,92.62916666666666,0.77,2,2,95.44291666666666,0.4715303182601928,27.561415,64.601364,-148.87989807128906,2.272779252794054
5KPH_2_2_1_id2,0.7699970602989197,1.7016479969024658,92.86680555555556,0.79,2,2,95.44291666666666,0.4715303182601928,27.561415,64.601364,-148.1136474609375,2.4758292304144964
5KPH_2_2_1_id20,0.9476231932640076,0.7651530504226685,92.15930555555556,0.76,2,2,95.44291666666666,0.4715303182601928,27.561415,64.601364,-149.57777404785156,1.970237096150716
5KPH_2_2_1_id21,1.7935694456100464,0.8020318746566772,90.3663888888889,0.74,2,2,95.44291666666666,0.4715303182601928,27.561415,64.601364,-149.80613708496094,1.9667896694607203
5KPH_2_2_1_id22,0.8271540403366089,0.7022473216056824,94.38930555555557,0.8,2,2,95.44291666666666,0.4715303182601928,27.561415,64.601364,-150.22723388671875,1.965773688422309
5KPH_2_2_1_id23,1.5490691661834717,0.8399443626403809,94.825,0.81,2,2,95.44291666666666,0.4715303182601928,27.561415,64.601364,-145.33554077148438,2.256770239935981
5KPH_2_2_1_id3,0.7978664040565491,1.8059039115905762,95.37875,0.82,2,2,95.44291666666666,0.4715303182601928,27.561415,64.601364,-149.3654022216797,2.177008734809028
5KPH_2_2_1_id4,2.3192524909973145,0.8656849265098572,94.91583333333332,0.8,2,2,95.44291666666666,0.4715303182601928,27.561415,64.601364,-150.22972106933594,2.1268236372205944
5KPH_2_2_1_id5,1.4354339838027954,1.009592056274414,90.93722222222222,0.76,2,2,95.44291666666666,0.4715303182601928,27.561415,64.601364,-148.416748046875,2.309073766072592
5KPH_2_2_1_id6,0.947851836681366,0.9344339370727539,94.43347222222222,0.81,2,2,95.44291666666666,0.4715303182601928,27.561415,64.601364,-148.99998474121094,2.340031517876519
5KPH_2_2_1_id7,0.8732154369354248,1.0558383464813232,92.72208333333332,0.78,2,2,95.44291666666666,0.4715303182601928,27.561415,64.601364,-148.6107635498047,2.0350112915039062
5KPH_2_2_1_id8,0.9139643311500549,0.8684423565864563,91.12652777777777,0.74,2,2,95.44291666666666,0.4715303182601928,27.561415,64.601364,-148.1418914794922,1.946732415093316
5KPH_2_2_1_id9,0.9034465551376343,0.7719042301177979,93.54916666666668,0.78,2,2,95.44291666666666,0.4715303182601928,27.561415,64.601364,-149.5954132080078,2.078280766805013
5KPH_2_2_2_id0,2.1931986808776855,1.0872528553009033,91.7976388888889,0.76,2,2,94.40861111111111,0.4829236567020416,29.908415,65.63445,-149.5728759765625,2.3077803717719183
5KPH_2_2_2_id1,0.7903978228569031,1.109548807144165,91.52638888888887,0.75,2,2,94.40861111111111,0.4829236567020416,29.908415,65.63445,-150.01312255859375,2.2563319736056857
5KPH_2_2_2_id10,1.0149245262145996,2.4000730514526367,93.60763888888889,0.79,2,2,94.40861111111111,0.4829236567020416,29.908415,65.63445,-150.8917999267578,2.4529762268066406
5KPH_2_2_2_id11,1.2737786769866943,1.0460611581802368,91.3261111111111,0.75,2,2,94.40861111111111,0.4829236567020416,29.908415,65.63445,-149.40957641601562,2.354333665635851
5KPH_2_2_2_id12,0.881787896156311,0.8867912292480469,91.05944444444444,0.75,2,2,94.40861111111111,0.4829236567020416,29.908415,65.63445,-153.1744384765625,2.452553219265408
5KPH_2_2_2_id13,0.7542199492454529,1.5107694864273071,94.68694444444446,0.81,2,2,94.40861111111111,0.4829236567020416,29.908415,65.63445,-150.11834716796875,2.095877541436089
5KPH_2_2_2_id14,1.1931811571121216,1.0749796628952026,90.28930555555556,0.73,2,2,94.40861111111111,0.4829236567020416,29.908415,65.63445,-150.96063232421875,2.2528264787462025
5KPH_2_2_2_id15,0.8150505423545837,0.8017249703407288,91.02180555555556,0.75,2,2,94.40861111111111,0.4829236567020416,29.908415,65.63445,-150.5538787841797,2.4986809624565973
5KPH_2_2_2_id16,1.6304433345794678,0.9331257343292236,92.96097222222222,0.79,2,2,94.40861111111111,0.4829236567020416,29.908415,65.63445,-149.49880981445312,2.2286351521809897
5KPH_2_2_2_id17,1.0396718978881836,0.9293130040168762,93.46902777777778,0.79,2,2,94.40861111111111,0.4829236567020416,29.908415,65.63445,-152.56954956054688,2.200110329522027
5KPH_2_2_2_id18,1.0958833694458008,0.8539697527885437,92.25777777777778,0.76,2,2,94.40861111111111,0.4829236567020416,29.908415,65.63445,-150.2774658203125,2.287464353773329
5KPH_2_2_2_id19,2.10853910446167,0.9223808646202087,92.42000000000002,0.77,2,2,94.40861111111111,0.4829236567020416,29.908415,65.63445,-152.6693115234375,2.348170810275608
5KPH_2_2_2_id2,1.0470528602600098,1.0132893323898315,91.65013888888888,0.75,2,2,94.40861111111111,0.4829236567020416,29.908415,65.63445,-150.71844482421875,2.629958258734809
5KPH_2_2_2_id20,1.8083471059799194,0.8408442735671997,93.60041666666666,0.78,2,2,94.40861111111111,0.4829236567020416,29.908415,65.63445,-149.2123260498047,2.350922690497504
5KPH_2_2_2_id21,2.1957578659057617,0.8202487230300903,94.14111111111112,0.8,2,2,94.40861111111111,0.4829236567020416,29.908415,65.63445,-150.334716796875,2.2593939039442272
5KPH_2_2_2_id22,1.985822319984436,0.8422945737838745,93.33152777777777,0.79,2,2,94.40861111111111,0.4829236567020416,29.908415,65.63445,-150.2053985595703,2.379002253214518
5KPH_2_2_2_id23,0.8158271312713623,2.091618776321411,95.06347222222225,0.8,2,2,94.40861111111111,0.4829236567020416,29.908415,65.63445,-149.60101318359375,2.267717573377821
5KPH_2_2_2_id3,1.7041645050048828,0.829464852809906,93.30055555555556,0.78,2,2,94.40861111111111,0.4829236567020416,29.908415,65.63445,-149.5850067138672,2.375173144870334
5KPH_2_2_2_id4,1.6535533666610718,0.702307403087616,93.53652777777776,0.79,2,2,94.40861111111111,0.4829236567020416,29.908415,65.63445,-150.7165985107422,2.3028687371148004
5KPH_2_2_2_id5,1.487880825996399,1.0936309099197388,91.2765277777778,0.75,2,2,94.40861111111111,0.4829236567020416,29.908415,65.63445,-149.98272705078125,2.2403780619303384
5KPH_2_2_2_id6,1.8294258117675781,0.8632730841636658,92.64930555555556,0.77,2,2,94.40861111111111,0.4829236567020416,29.908415,65.63445,-149.4248504638672,2.3238177829318576
5KPH_2_2_2_id7,1.4781007766723633,0.8443750739097595,91.8398611111111,0.75,2,2,94.40861111111111,0.4829236567020416,29.908415,65.63445,-147.40025329589844,2.2429902818467884
5KPH_2_2_2_id8,0.9572470784187317,0.8820146322250366,90.00902777777777,0.73,2,2,94.40861111111111,0.4829236567020416,29.908415,65.63445,-150.36611938476562,2.457969241672092
5KPH_2_2_2_id9,0.6867095828056335,0.6556087136268616,93.58958333333334,0.78,2,2,94.40861111111111,0.4829236567020416,29.908415,65.63445,-149.49203491210938,2.2952457004123263
5KPH_2_2_3_id0,0.6574703454971313,1.7485729455947876,94.09430555555554,0.79,2,2,94.70097222222222,0.6565586924552917,29.341858,65.7509,-151.89476013183594,2.471796671549479
5KPH_2_2_3_id1,1.5134835243225098,0.6819076538085938,92.42611111111113,0.77,2,2,94.70097222222222,0.6565586924552917,29.341858,65.7509,-152.38864135742188,2.517724355061849
5KPH_2_2_3_id10,0.7987560629844666,0.8604429364204407,93.34986111111112,0.78,2,2,94.70097222222222,0.6565586924552917,29.341858,65.7509,-149.77090454101562,2.514684041341146
5KPH_2_2_3_id11,0.8714858889579773,2.455321788787842,95.5515277777778,0.82,2,2,94.70097222222222,0.6565586924552917,29.341858,65.7509,-150.80670166015625,2.18746100531684
5KPH_2_2_3_id12,1.6612915992736816,0.7768096327781677,90.84055555555555,0.74,2,2,94.70097222222222,0.6565586924552917,29.341858,65.7509,-153.01123046875,2.217464870876736
5KPH_2_2_3_id13,2.161073684692383,0.6902806162834167,92.55472222222222,0.78,2,2,94.70097222222222,0.6565586924552917,29.341858,65.7509,-151.53826904296875,2.558152516682943
5KPH_2_2_3_id14,0.7472102642059326,0.8022915720939636,92.75402777777776,0.77,2,2,94.70097222222222,0.6565586924552917,29.341858,65.7509,-151.60528564453125,2.355115254720052
5KPH_2_2_3_id15,0.7492507696151733,0.9282213449478149,93.80736111111112,0.78,2,2,94.70097222222222,0.6565586924552917,29.341858,65.7509,-151.3718719482422,2.167748133341471
5KPH_2_2_3_id16,1.1740052700042725,0.9178124666213989,92.97555555555556,0.78,2,2,94.70097222222222,0.6565586924552917,29.341858,65.7509,-150.6152801513672,2.3293897840711804
5KPH_2_2_3_id17,0.723553478717804,1.070816993713379,94.98319444444444,0.81,2,2,94.70097222222222,0.6565586924552917,29.341858,65.7509,-150.53704833984375,2.349542405870226
5KPH_2_2_3_id18,0.7692621946334839,0.8014296889305115,93.72180555555556,0.8,2,2,94.70097222222222,0.6565586924552917,29.341858,65.7509,-151.49209594726562,2.388124254014757
5KPH_2_2_3_id19,0.8160215616226196,1.108278751373291,93.28388888888888,0.78,2,2,94.70097222222222,0.6565586924552917,29.341858,65.7509,-148.55325317382812,2.5749537150065103
5KPH_2_2_3_id2,0.8073304891586304,1.876326560974121,94.60402777777776,0.81,2,2,94.70097222222222,0.6565586924552917,29.341858,65.7509,-150.38790893554688,2.3118082682291665
5KPH_2_2_3_id20,2.007120370864868,0.8342269062995911,94.04833333333332,0.79,2,2,94.70097222222222,0.6565586924552917,29.341858,65.7509,-151.12109375,2.339717017279731
5KPH_2_2_3_id21,0.7126235365867615,0.7792927622795105,93.82902777777778,0.78,2,2,94.70097222222222,0.6565586924552917,29.341858,65.7509,-153.71148681640625,2.3955826229519315
5KPH_2_2_3_id22,1.7424603700637817,0.823904275894165,91.87722222222222,0.77,2,2,94.70097222222222,0.6565586924552917,29.341858,65.7509,-148.55111694335938,2.293297661675348
5KPH_2_2_3_id23,0.8329938054084778,0.8807905912399292,92.6398611111111,0.77,2,2,94.70097222222222,0.6565586924552917,29.341858,65.7509,-150.01971435546875,2.389182620578342
5KPH_2_2_3_id3,0.8406775593757629,2.413358211517334,94.47041666666668,0.81,2,2,94.70097222222222,0.6565586924552917,29.341858,65.7509,-153.68942260742188,2.273168351915148
5KPH_2_2_3_id4,0.7728908061981201,2.017385244369507,94.54388888888889,0.8,2,2,94.70097222222222,0.6565586924552917,29.341858,65.7509,-151.34666442871094,2.18353631761339
5KPH_2_2_3_id5,2.188173532485962,0.8910353779792786,95.27777777777776,0.82,2,2,94.70097222222222,0.6565586924552917,29.341858,65.7509,-152.48202514648438,2.468278249104818
5KPH_2_2_3_id6,0.7981278300285339,0.7243900299072266,94.88763888888889,0.81,2,2,94.70097222222222,0.6565586924552917,29.341858,65.7509,-151.34048461914062,2.349398718939887
5KPH_2_2_3_id7,0.8371000289916992,1.220841884613037,95.36847222222222,0.82,2,2,94.70097222222222,0.6565586924552917,29.341858,65.7509,-150.3838348388672,2.2315241495768228
5KPH_2_2_3_id8,0.8369401097297668,0.729971170425415,92.75694444444444,0.77,2,2,94.70097222222222,0.6565586924552917,29.341858,65.7509,-151.48646545410156,2.0149639977349176
5KPH_2_2_3_id9,0.8371202349662781,0.8349385857582092,92.77361111111112,0.77,2,2,94.70097222222222,0.6565586924552917,29.341858,65.7509,-150.66566467285156,2.4641221364339194
5KPH_2_2_4_id0,2.1074230670928955,0.8117193579673767,93.92055555555554,0.8,2,2,94.94055555555556,0.6120202541351318,27.743456,66.47516,-152.87574768066406,2.057562510172526
5KPH_2_2_4_id1,2.220060348510742,0.6608502864837646,93.18125,0.79,2,2,94.94055555555556,0.6120202541351318,27.743456,66.47516,-152.79122924804688,2.0472304026285806
5KPH_2_2_4_id10,0.844901978969574,0.6567773222923279,90.63652777777776,0.72,2,2,94.94055555555556,0.6120202541351318,27.743456,66.47516,-150.5301513671875,2.4219896528455944
5KPH_2_2_4_id11,0.9468234777450562,0.9441733956336975,91.84527777777777,0.76,2,2,94.94055555555556,0.6120202541351318,27.743456,66.47516,-151.32862854003906,2.219448937310113
5KPH_2_2_4_id12,1.015355110168457,0.808802604675293,94.49583333333334,0.79,2,2,94.94055555555556,0.6120202541351318,27.743456,66.47516,-152.94351196289062,2.5476676093207464
5KPH_2_2_4_id13,1.724073052406311,0.7727909684181213,91.57291666666669,0.77,2,2,94.94055555555556,0.6120202541351318,27.743456,66.47516,-145.88818359375,2.1910442776150174
5KPH_2_2_4_id14,0.9905864000320435,0.7285975217819214,93.78569444444445,0.79,2,2,94.94055555555556,0.6120202541351318,27.743456,66.47516,-151.40640258789062,2.0296817355685763
5KPH_2_2_4_id15,2.3184707164764404,0.7713927626609802,93.65777777777778,0.8,2,2,94.94055555555556,0.6120202541351318,27.743456,66.47516,-153.0361328125,2.129466798570421
5KPH_2_2_4_id16,1.7147274017333984,1.1333062648773193,88.60000000000001,0.71,2,2,94.94055555555556,0.6120202541351318,27.743456,66.47516,-150.89804077148438,2.168940226236979
5KPH_2_2_4_id17,1.8421831130981445,0.8326361775398254,93.07597222222222,0.78,2,2,94.94055555555556,0.6120202541351318,27.743456,66.47516,-150.95352172851562,2.0560796525743275
5KPH_2_2_4_id18,1.015944242477417,0.5964773893356323,94.59597222222222,0.81,2,2,94.94055555555556,0.6120202541351318,27.743456,66.47516,-153.48289489746094,2.042136934068468
5KPH_2_2_4_id19,1.7647863626480103,0.6520217061042786,93.22694444444444,0.79,2,2,94.94055555555556,0.6120202541351318,27.743456,66.47516,-150.73695373535156,2.4690575069851346
5KPH_2_2_4_id2,2.0309841632843018,0.8273372054100037,90.915,0.75,2,2,94.94055555555556,0.6120202541351318,27.743456,66.47516,-152.05372619628906,2.175919426812066
5KPH_2_2_4_id20,1.8834338188171387,0.7051008939743042,94.28541666666666,0.8,2,2,94.94055555555556,0.6120202541351318,27.743456,66.47516,-152.13949584960938,1.9999974568684893
5KPH_2_2_4_id21,1.8321609497070312,0.6455234885215759,91.97527777777778,0.76,2,2,94.94055555555556,0.6120202541351318,27.743456,66.47516,-151.1751251220703,2.431948767768012
5KPH_2_2_4_id22,0.9860333204269409,0.7954819202423096,94.51680555555556,0.8,2,2,94.94055555555556,0.6120202541351318,27.743456,66.47516,-152.4872283935547,2.200198279486762
5KPH_2_2_4_id23,1.425508737564087,0.7778655290603638,91.34569444444443,0.77,2,2,94.94055555555556,0.6120202541351318,27.743456,66.47516,-150.85296630859375,2.1475482516818576
5KPH_2_2_4_id3,0.8569774627685547,0.731769323348999,93.12013888888887,0.77,2,2,94.94055555555556,0.6120202541351318,27.743456,66.47516,-151.75730895996094,2.076562033759223
5KPH_2_2_4_id4,1.8994539976119995,0.5478406548500061,93.20680555555556,0.79,2,2,94.94055555555556,0.6120202541351318,27.743456,66.47516,-150.37741088867188,2.0690443250868054
5KPH_2_2_4_id5,2.332606792449951,0.7364600300788879,92.42666666666668,0.78,2,2,94.94055555555556,0.6120202541351318,27.743456,66.47516,-152.29295349121094,2.1051813761393228
5KPH_2_2_4_id6,1.0817906856536865,0.7760816812515259,93.25541666666666,0.79,2,2,94.94055555555556,0.6120202541351318,27.743456,66.47516,-149.99159240722656,2.027532789442274
5KPH_2_2_4_id7,1.966875672340393,0.6281626224517822,92.30111111111113,0.78,2,2,94.94055555555556,0.6120202541351318,27.743456,66.47516,-152.50927734375,1.979376898871528
5KPH_2_2_4_id8,1.3885315656661987,0.7089126110076904,94.17916666666666,0.8,2,2,94.94055555555556,0.6120202541351318,27.743456,66.47516,-150.52798461914062,1.9696871439615888
5KPH_2_2_4_id9,2.0616488456726074,0.6538316607475281,94.41666666666669,0.79,2,2,94.94055555555556,0.6120202541351318,27.743456,66.47516,-150.67344665527344,2.1795052422417536
5KPH_2_2_5_id0,0.8354012966156006,2.013348340988159,95.16541666666666,0.82,2,2,95.79027777777776,0.6174848079681396,29.067644,66.2739,-150.12338256835938,2.358990775214301
5KPH_2_2_5_id1,1.283311367034912,0.9285503029823303,89.87736111111111,0.72,2,2,95.79027777777776,0.6174848079681396,29.067644,66.2739,-151.54025268554688,2.280232535468208
5KPH_2_2_5_id10,0.7562867999076843,1.8788213729858398,93.74277777777776,0.8,2,2,95.79027777777776,0.6174848079681396,29.067644,66.2739,-150.7822723388672,2.045750300089518
5KPH_2_2_5_id11,0.643751859664917,1.8042203187942505,94.90444444444444,0.81,2,2,95.79027777777776,0.6174848079681396,29.067644,66.2739,-151.39425659179688,2.040912628173828
5KPH_2_2_5_id12,0.7260549664497375,1.1870366334915161,89.74583333333334,0.73,2,2,95.79027777777776,0.6174848079681396,29.067644,66.2739,-152.4337615966797,2.311319775051541
5KPH_2_2_5_id13,0.769944429397583,0.6160827875137329,94.90416666666668,0.79,2,2,95.79027777777776,0.6174848079681396,29.067644,66.2739,-152.9161834716797,2.2863538530137806
5KPH_2_2_5_id14,0.7403868436813354,1.5652130842208862,94.76652777777775,0.81,2,2,95.79027777777776,0.6174848079681396,29.067644,66.2739,-149.97706604003906,2.1094894409179688
5KPH_2_2_5_id15,0.7294913530349731,0.7921581268310547,90.53180555555556,0.74,2,2,95.79027777777776,0.6174848079681396,29.067644,66.2739,-151.70668029785156,2.37538825141059
5KPH_2_2_5_id16,0.9445713758468628,1.0940784215927124,88.72902777777779,0.72,2,2,95.79027777777776,0.6174848079681396,29.067644,66.2739,-150.959228515625,2.388036515977648
5KPH_2_2_5_id17,2.0498650074005127,1.1069400310516357,92.31430555555556,0.77,2,2,95.79027777777776,0.6174848079681396,29.067644,66.2739,-152.5206298828125,2.243006812201606
5KPH_2_2_5_id18,0.7391343116760254,1.2675150632858276,90.24694444444444,0.74,2,2,95.79027777777776,0.6174848079681396,29.067644,66.2739,-151.2069091796875,2.152549743652344
5KPH_2_2_5_id19,1.4228352308273315,0.8465104103088379,94.05569444444444,0.79,2,2,95.79027777777776,0.6174848079681396,29.067644,66.2739,-152.77537536621094,2.319403966267904
5KPH_2_2_5_id2,0.6455239057540894,1.95072603225708,94.45611111111111,0.8,2,2,95.79027777777776,0.6174848079681396,29.067644,66.2739,-151.3848876953125,2.0467130872938366
5KPH_2_2_5_id20,1.811368703842163,0.8907700777053833,94.46527777777776,0.81,2,2,95.79027777777776,0.6174848079681396,29.067644,66.2739,-151.05555725097656,2.24186282687717
5KPH_2_2_5_id21,1.1754670143127441,0.9944393634796143,92.22861111111112,0.77,2,2,95.79027777777776,0.6174848079681396,29.067644,66.2739,-152.73878479003906,2.407157686021593
5KPH_2_2_5_id22,0.7465767860412598,1.2588852643966675,92.40166666666669,0.77,2,2,95.79027777777776,0.6174848079681396,29.067644,66.2739,-150.80043029785156,2.4327545166015625
5KPH_2_2_5_id23,1.8216520547866821,1.3132487535476685,91.6275,0.75,2,2,95.79027777777776,0.6174848079681396,29.067644,66.2739,-151.69061279296875,2.233045154147678
5KPH_2_2_5_id3,0.8335075378417969,1.3082880973815918,91.6575,0.77,2,2,95.79027777777776,0.6174848079681396,29.067644,66.2739,-151.9679412841797,1.9711218939887152
5KPH_2_2_5_id4,0.6418290138244629,1.1982113122940063,95.0525,0.81,2,2,95.79027777777776,0.6174848079681396,29.067644,66.2739,-151.85812377929688,2.193016476101345
5KPH_2_2_5_id5,0.6214691996574402,1.514918327331543,94.7975,0.81,2,2,95.79027777777776,0.6174848079681396,29.067644,66.2739,-151.0509490966797,2.4564331902398004
5KPH_2_2_5_id6,1.7267520427703857,1.1863030195236206,92.22236111111113,0.76,2,2,95.79027777777776,0.6174848079681396,29.067644,66.2739,-151.76785278320312,2.220587836371528
5KPH_2_2_5_id7,1.2970678806304932,0.9026045203208923,94.55847222222222,0.8,2,2,95.79027777777776,0.6174848079681396,29.067644,66.2739,-152.72760009765625,2.2647243075900607
5KPH_2_2_5_id8,0.7468831539154053,1.9622279405593872,94.85638888888889,0.82,2,2,95.79027777777776,0.6174848079681396,29.067644,66.2739,-151.33367919921875,2.14789793226454
5KPH_2_2_5_id9,1.3184105157852173,0.9179245829582214,90.40805555555556,0.72,2,2,95.79027777777776,0.6174848079681396,29.067644,66.2739,-150.7669219970703,2.256503634982639
5KPH_2_2_6_id0,0.7162390351295471,0.9186787605285645,94.01513888888888,0.79,2,2,94.94083333333332,0.7055841088294983,28.5148,65.0516,-152.12750244140625,2.069526036580404
5KPH_2_2_6_id1,0.7899518013000488,1.7075189352035522,94.04555555555557,0.8,2,2,94.94083333333332,0.7055841088294983,28.5148,65.0516,-148.9479217529297,2.1485873328314886
5KPH_2_2_6_id10,0.8877671360969543,0.8915757536888123,89.10986111111112,0.71,2,2,94.94083333333332,0.7055841088294983,28.5148,65.0516,-150.14166259765625,1.9589936998155384
5KPH_2_2_6_id11,0.6056110858917236,1.9138579368591309,94.68777777777778,0.82,2,2,94.94083333333332,0.7055841088294983,28.5148,65.0516,-146.90940856933594,2.3161597781711154
5KPH_2_2_6_id12,0.8595452308654785,2.387464761734009,95.10138888888888,0.82,2,2,94.94083333333332,0.7055841088294983,28.5148,65.0516,-151.29876708984375,2.0533239576551647
5KPH_2_2_6_id13,0.9325398802757263,2.524216890335083,95.31375,0.82,2,2,94.94083333333332,0.7055841088294983,28.5148,65.0516,-150.92698669433594,2.224331325954861
5KPH_2_2_6_id14,2.140904426574707,0.8830015063285828,94.15083333333334,0.8,2,2,94.94083333333332,0.7055841088294983,28.5148,65.0516,-150.6077880859375,2.3018692864312067
5KPH_2_2_6_id15,0.8005902171134949,2.110485553741455,94.14291666666666,0.81,2,2,94.94083333333332,0.7055841088294983,28.5148,65.0516,-151.51687622070312,2.4148186577690973
5KPH_2_2_6_id16,0.7330238223075867,1.1129093170166016,91.92347222222224,0.77,2,2,94.94083333333332,0.7055841088294983,28.5148,65.0516,-149.9104461669922,2.393064286973741
5KPH_2_2_6_id17,1.0285472869873047,2.260937452316284,94.10291666666666,0.8,2,2,94.94083333333332,0.7055841088294983,28.5148,65.0516,-147.8648681640625,2.3167135450575085
5KPH_2_2_6_id18,1.8261884450912476,0.9489673972129822,92.47638888888888,0.78,2,2,94.94083333333332,0.7055841088294983,28.5148,65.0516,-151.2827911376953,2.282859378390842
5KPH_2_2_6_id19,0.8393390774726868,2.173712730407715,95.38388888888888,0.81,2,2,94.94083333333332,0.7055841088294983,28.5148,65.0516,-150.6215057373047,2.2430443233913846
5KPH_2_2_6_id2,1.8238332271575928,0.8645808100700378,91.02180555555556,0.73,2,2,94.94083333333332,0.7055841088294983,28.5148,65.0516,-149.21487426757812,2.0427203708224826
5KPH_2_2_6_id20,0.8298628330230713,2.296311855316162,95.23708333333332,0.82,2,2,94.94083333333332,0.7055841088294983,28.5148,65.0516,-152.0508575439453,1.9524667527940536
5KPH_2_2_6_id21,1.4443870782852173,1.094358205795288,91.08458333333334,0.75,2,2,94.94083333333332,0.7055841088294983,28.5148,65.0516,-151.74400329589844,1.9140362209743924
5KPH_2_2_6_id22,0.8559265732765198,2.281158685684204,95.16444444444444,0.82,2,2,94.94083333333332,0.7055841088294983,28.5148,65.0516,-149.64291381835938,2.1609429253472223
5KPH_2_2_6_id23,0.710086464881897,2.163477897644043,95.10875,0.81,2,2,94.94083333333332,0.7055841088294983,28.5148,65.0516,-149.31207275390625,2.1321754455566406
5KPH_2_2_6_id3,1.057837963104248,1.1720126867294312,90.115,0.74,2,2,94.94083333333332,0.7055841088294983,28.5148,65.0516,-151.024169921875,2.1697180006239147
5KPH_2_2_6_id4,0.8505803942680359,2.262495279312134,95.275,0.83,2,2,94.94083333333332,0.7055841088294983,28.5148,65.0516,-152.01622009277344,2.1143875122070312
5KPH_2_2_6_id5,0.9378465414047241,1.897194743156433,93.41180555555556,0.78,2,2,94.94083333333332,0.7055841088294983,28.5148,65.0516,-149.97976684570312,2.1474230024549694
5KPH_2_2_6_id6,0.941879391670227,1.4596916437149048,93.06986111111112,0.79,2,2,94.94083333333332,0.7055841088294983,28.5148,65.0516,-148.1018829345703,2.103167427910699
5KPH_2_2_6_id7,1.5045881271362305,1.0801312923431396,91.19027777777778,0.75,2,2,94.94083333333332,0.7055841088294983,28.5148,65.0516,-151.35098266601562,2.327701568603516
5KPH_2_2_6_id8,0.8293816447257996,2.2988784313201904,93.23083333333336,0.79,2,2,94.94083333333332,0.7055841088294983,28.5148,65.0516,-152.2306671142578,2.2482897440592446
5KPH_2_2_6_id9,1.768014907836914,0.9571362733840942,92.15138888888887,0.77,2,2,94.94083333333332,0.7055841088294983,28.5148,65.0516,-149.77557373046875,2.100063112046984
5KPH_2_2_7_id0,0.6959620714187622,0.9273778200149536,93.07416666666668,0.77,2,2,95.26416666666668,0.5629390478134155,26.249056,63.93125,-151.0018310546875,2.278754764133029
5KPH_2_2_7_id1,2.230236768722534,0.7854426503181458,93.87833333333332,0.79,2,2,95.26416666666668,0.5629390478134155,26.249056,63.93125,-151.36305236816406,2.119151857164171
5KPH_2_2_7_id10,0.9686368703842163,1.3842008113861084,93.15375,0.77,2,2,95.26416666666668,0.5629390478134155,26.249056,63.93125,-152.5697784423828,2.174921883477105
5KPH_2_2_7_id11,0.5665695667266846,1.4530298709869385,95.39027777777778,0.82,2,2,95.26416666666668,0.5629390478134155,26.249056,63.93125,-152.55966186523438,2.0533048841688366
5KPH_2_2_7_id12,0.711608350276947,2.3001108169555664,96.00611111111112,0.83,2,2,95.26416666666668,0.5629390478134155,26.249056,63.93125,-152.7763214111328,2.1515396965874567
5KPH_2_2_7_id13,0.8586788773536682,0.6233346462249756,89.98708333333333,0.73,2,2,95.26416666666668,0.5629390478134155,26.249056,63.93125,-151.34930419921875,2.1822713216145835
5KPH_2_2_7_id14,1.7071163654327393,0.7416713833808899,93.6448611111111,0.79,2,2,95.26416666666668,0.5629390478134155,26.249056,63.93125,-152.37966918945312,2.234729766845703
5KPH_2_2_7_id15,2.2717485427856445,0.8076969385147095,95.17430555555556,0.81,2,2,95.26416666666668,0.5629390478134155,26.249056,63.93125,-152.27005004882812,2.416574902004666
5KPH_2_2_7_id16,0.7112594842910767,2.0450751781463623,95.73125,0.83,2,2,95.26416666666668,0.5629390478134155,26.249056,63.93125,-152.7119903564453,2.156768798828125
5KPH_2_2_7_id17,0.8227909207344055,0.6369928121566772,94.12736111111111,0.8,2,2,95.26416666666668,0.5629390478134155,26.249056,63.93125,-152.35006713867188,2.276782353719076
5KPH_2_2_7_id18,0.9614192247390747,0.6342900991439819,92.89,0.78,2,2,95.26416666666668,0.5629390478134155,26.249056,63.93125,-150.89923095703125,1.9621315002441408
5KPH_2_2_7_id19,0.8336970806121826,0.921089768409729,92.58972222222222,0.77,2,2,95.26416666666668,0.5629390478134155,26.249056,63.93125,-152.50196838378906,2.194197760687934
5KPH_2_2_7_id2,1.9346383810043335,0.6422668099403381,92.42611111111113,0.77,2,2,95.26416666666668,0.5629390478134155,26.249056,63.93125,-151.63967895507812,2.411148283216688
5KPH_2_2_7_id20,0.8368354439735413,0.6490709781646729,94.46083333333334,0.8,2,2,95.26416666666668,0.5629390478134155,26.249056,63.93125,-152.8075714111328,2.1310878329806857
5KPH_2_2_7_id21,0.9374703168869019,2.3569905757904053,94.68708333333332,0.8,2,2,95.26416666666668,0.5629390478134155,26.249056,63.93125,-148.8144073486328,2.237865024142795
5KPH_2_2_7_id22,0.9501393437385559,2.469740867614746,93.58402777777776,0.79,2,2,95.26416666666668,0.5629390478134155,26.249056,63.93125,-152.52391052246094,2.193485895792643
5KPH_2_2_7_id23,2.0173592567443848,0.7045007944107056,93.37680555555556,0.78,2,2,95.26416666666668,0.5629390478134155,26.249056,63.93125,-153.01077270507812,2.3631449805365667
5KPH_2_2_7_id3,0.849144697189331,0.6955940127372742,93.81416666666668,0.78,2,2,95.26416666666668,0.5629390478134155,26.249056,63.93125,-150.6992645263672,2.12686538696289
5KPH_2_2_7_id4,1.011574625968933,1.504525899887085,94.1347222222222,0.8,2,2,95.26416666666668,0.5629390478134155,26.249056,63.93125,-154.19004821777344,2.0318675571017795
5KPH_2_2_7_id5,0.8017248511314392,2.113572120666504,95.61527777777778,0.83,2,2,95.26416666666668,0.5629390478134155,26.249056,63.93125,-152.3879852294922,2.2355285220676
5KPH_2_2_7_id6,0.7194997072219849,1.9008479118347168,95.6101388888889,0.82,2,2,95.26416666666668,0.5629390478134155,26.249056,63.93125,-152.7919921875,2.312073177761502
5KPH_2_2_7_id7,0.6754741668701172,1.688420057296753,94.91180555555556,0.81,2,2,95.26416666666668,0.5629390478134155,26.249056,63.93125,-150.9702606201172,2.2630907694498696
5KPH_2_2_7_id8,0.8428736329078674,1.434738039970398,91.48666666666664,0.75,2,2,95.26416666666668,0.5629390478134155,26.249056,63.93125,-151.83580017089844,2.1131375630696616
5KPH_2_2_7_id9,0.9473667740821838,0.754946231842041,94.75361111111113,0.82,2,2,95.26416666666668,0.5629390478134155,26.249056,63.93125,-151.46072387695312,2.3278806474473743
5KPH_2_2_8_id0,0.897190511226654,0.9779404401779175,91.40180555555555,0.77,2,2,94.51486111111112,0.6734621524810791,28.248516,64.75931,-151.1046905517578,2.330975850423177
5KPH_2_2_8_id1,0.7432748079299927,2.3195557594299316,95.83944444444444,0.82,2,2,94.51486111111112,0.6734621524810791,28.248516,64.75931,-153.60243225097656,2.1408973269992404
5KPH_2_2_8_id10,0.7051010131835938,2.0781972408294678,95.10680555555555,0.83,2,2,94.51486111111112,0.6734621524810791,28.248516,64.75931,-152.24258422851562,2.389283074273004
5KPH_2_2_8_id11,2.1331241130828857,0.7796053290367126,91.385,0.76,2,2,94.51486111111112,0.6734621524810791,28.248516,64.75931,-151.5102996826172,2.288355085584852
5KPH_2_2_8_id12,0.7876487970352173,1.124143123626709,94.26069444444444,0.8,2,2,94.51486111111112,0.6734621524810791,28.248516,64.75931,-153.20570373535156,2.238216824001736
5KPH_2_2_8_id13,0.7861791253089905,0.9881422519683838,96.1172222222222,0.83,2,2,94.51486111111112,0.6734621524810791,28.248516,64.75931,-154.1194305419922,2.152202818128797
5KPH_2_2_8_id14,0.687518298625946,0.8544774651527405,90.95777777777778,0.75,2,2,94.51486111111112,0.6734621524810791,28.248516,64.75931,-152.3236083984375,2.32467524210612
5KPH_2_2_8_id15,0.7283231616020203,0.8452507853507996,92.26263888888889,0.76,2,2,94.51486111111112,0.6734621524810791,28.248516,64.75931,-152.85569763183594,2.330947028266059
5KPH_2_2_8_id16,2.040407180786133,0.7987073659896851,93.51430555555557,0.79,2,2,94.51486111111112,0.6734621524810791,28.248516,64.75931,-152.56399536132812,2.203367021348741
5KPH_2_2_8_id17,0.8724439144134521,0.7739014625549316,92.79208333333332,0.77,2,2,94.51486111111112,0.6734621524810791,28.248516,64.75931,-154.25128173828125,2.3239347669813366
5KPH_2_2_8_id18,0.8133123517036438,0.9562118053436279,94.08347222222224,0.78,2,2,94.51486111111112,0.6734621524810791,28.248516,64.75931,-153.99325561523438,2.22293938530816
5KPH_2_2_8_id19,0.7768056988716125,0.668403148651123,92.09375,0.76,2,2,94.51486111111112,0.6734621524810791,28.248516,64.75931,-152.61209106445312,2.297430250379774
5KPH_2_2_8_id2,0.6036468148231506,1.1435961723327637,95.88763888888889,0.82,2,2,94.51486111111112,0.6734621524810791,28.248516,64.75931,-154.18923950195312,2.33290523952908
5KPH_2_2_8_id20,2.0747828483581543,0.7668887972831726,92.11402777777776,0.76,2,2,94.51486111111112,0.6734621524810791,28.248516,64.75931,-155.42379760742188,2.224145677354601
5KPH_2_2_8_id21,0.7849008440971375,2.0887160301208496,95.72513888888888,0.82,2,2,94.51486111111112,0.6734621524810791,28.248516,64.75931,-151.24598693847656,2.343680487738715
5KPH_2_2_8_id23,1.8776777982711792,0.8419484496116638,91.79208333333334,0.76,2,2,94.51486111111112,0.6734621524810791,28.248516,64.75931,-154.76856994628906,2.127471499972873
5KPH_2_2_8_id3,0.923577606678009,0.731014609336853,93.08833333333334,0.78,2,2,94.51486111111112,0.6734621524810791,28.248516,64.75931,-153.03826904296875,2.251082102457682
5KPH_2_2_8_id4,0.7335270643234253,0.8266337513923645,93.00319444444445,0.78,2,2,94.51486111111112,0.6734621524810791,28.248516,64.75931,-154.51358032226562,2.1241298251681857
5KPH_2_2_8_id5,0.6845725178718567,1.816990613937378,93.59041666666668,0.78,2,2,94.51486111111112,0.6734621524810791,28.248516,64.75931,-153.69989013671875,2.3368843926323786
5KPH_2_2_8_id6,0.8397729992866516,0.743130087852478,94.72138888888888,0.8,2,2,94.51486111111112,0.6734621524810791,28.248516,64.75931,-151.27963256835938,2.4859903123643665
5KPH_2_2_8_id7,0.7108156085014343,0.8862390518188477,90.17236111111112,0.72,2,2,94.51486111111112,0.6734621524810791,28.248516,64.75931,-150.41326904296875,2.2762023078070746
5KPH_2_2_8_id8,0.7809756994247437,2.0716552734375,96.17,0.83,2,2,94.51486111111112,0.6734621524810791,28.248516,64.75931,-154.3586883544922,2.517588297526041
5KPH_2_2_8_id9,0.7948116064071655,0.8204817175865173,92.13597222222222,0.76,2,2,94.51486111111112,0.6734621524810791,28.248516,64.75931,-153.60830688476562,2.215822219848633
5KPH_2_2_9_id0,0.8646095991134644,2.2819619178771973,93.79583333333332,0.8,2,2,95.96875,0.7722070813179016,27.945183,67.43445,-151.71832275390625,2.426394568549262
5KPH_2_2_9_id1,0.6522558927536011,1.279678225517273,95.50930555555556,0.82,2,2,95.96875,0.7722070813179016,27.945183,67.43445,-153.19473266601562,2.2702547709147134
5KPH_2_2_9_id10,0.8604669570922852,2.192875385284424,94.5,0.81,2,2,95.96875,0.7722070813179016,27.945183,67.43445,-153.63377380371094,2.1124483744303384
5KPH_2_2_9_id11,0.9951605796813965,1.15720534324646,90.99375,0.73,2,2,95.96875,0.7722070813179016,27.945183,67.43445,-148.9724884033203,2.1249817742241754
5KPH_2_2_9_id12,1.5864626169204712,0.9037849307060242,89.79541666666665,0.72,2,2,95.96875,0.7722070813179016,27.945183,67.43445,-150.0823211669922,2.131808810763889
5KPH_2_2_9_id13,1.8717173337936401,0.8053544759750366,93.73541666666668,0.79,2,2,95.96875,0.7722070813179016,27.945183,67.43445,-148.29605102539062,2.4227347903781467
5KPH_2_2_9_id14,0.7701879143714905,0.6430390477180481,93.85152777777778,0.79,2,2,95.96875,0.7722070813179016,27.945183,67.43445,-151.5020751953125,2.2814615037706165
5KPH_2_2_9_id15,1.336970567703247,0.8117442727088928,93.86958333333332,0.79,2,2,95.96875,0.7722070813179016,27.945183,67.43445,-151.91064453125,2.2644148932562933
5KPH_2_2_9_id16,0.708823561668396,0.7678812742233276,94.47319444444445,0.8,2,2,95.96875,0.7722070813179016,27.945183,67.43445,-152.40980529785156,2.250830120510525
5KPH_2_2_9_id17,0.8520084023475647,2.0882511138916016,94.86277777777778,0.82,2,2,95.96875,0.7722070813179016,27.945183,67.43445,-152.3367919921875,2.133735444810656
5KPH_2_2_9_id18,2.1222503185272217,0.885199248790741,93.00111111111111,0.78,2,2,95.96875,0.7722070813179016,27.945183,67.43445,-151.47930908203125,2.303484386867947
5KPH_2_2_9_id19,0.959770917892456,2.395103931427002,94.81277777777778,0.81,2,2,95.96875,0.7722070813179016,27.945183,67.43445,-151.1904754638672,2.1714170244005
5KPH_2_2_9_id2,0.7788072228431702,1.9321166276931763,93.81,0.8,2,2,95.96875,0.7722070813179016,27.945183,67.43445,-152.97836303710938,2.336964077419705
5KPH_2_2_9_id20,0.7216379046440125,1.9253909587860107,94.2811111111111,0.81,2,2,95.96875,0.7722070813179016,27.945183,67.43445,-150.90811157226562,2.2139990064832897
5KPH_2_2_9_id21,0.8027421236038208,2.2306737899780273,96.24208333333334,0.83,2,2,95.96875,0.7722070813179016,27.945183,67.43445,-151.1781463623047,2.367823706732856
5KPH_2_2_9_id22,0.7634096741676331,1.623023271560669,94.50402777777778,0.81,2,2,95.96875,0.7722070813179016,27.945183,67.43445,-152.83697509765625,2.1685447692871094
5KPH_2_2_9_id23,0.8719247579574585,1.0176187753677368,91.70875,0.74,2,2,95.96875,0.7722070813179016,27.945183,67.43445,-151.81686401367188,2.2997027503119574
5KPH_2_2_9_id3,0.9590104222297668,0.8155039548873901,94.56166666666668,0.81,2,2,95.96875,0.7722070813179016,27.945183,67.43445,-152.29379272460938,2.477748235066732
5KPH_2_2_9_id4,0.8149006962776184,1.8999005556106567,94.53819444444444,0.79,2,2,95.96875,0.7722070813179016,27.945183,67.43445,-149.60446166992188,2.2866395314534507
5KPH_2_2_9_id5,1.9411354064941406,0.709644079208374,93.6927777777778,0.79,2,2,95.96875,0.7722070813179016,27.945183,67.43445,-152.2230224609375,2.260322146945529
5KPH_2_2_9_id6,0.8465204834938049,0.7947608232498169,93.6113888888889,0.78,2,2,95.96875,0.7722070813179016,27.945183,67.43445,-151.77560424804688,2.4334390428331165
5KPH_2_2_9_id7,2.01979660987854,0.7086336016654968,95.415,0.81,2,2,95.96875,0.7722070813179016,27.945183,67.43445,-152.39425659179688,2.4358312818739147
5KPH_2_2_9_id8,0.8763687014579773,1.8493856191635132,94.51416666666668,0.82,2,2,95.96875,0.7722070813179016,27.945183,67.43445,-153.1236114501953,2.198884752061632
5KPH_2_2_9_id9,1.0145636796951294,1.058791160583496,91.87875,0.75,2,2,95.96875,0.7722070813179016,27.945183,67.43445,-147.40716552734375,2.101321326361762
5KPH_2_4_0_id0,0.7273183465003967,0.8739345073699951,92.6211111111111,0.76,2,4,96.07763888888888,0.5670257210731506,27.265602,66.684906,-150.2042236328125,2.1264796786838107
5KPH_2_4_0_id1,0.8522778153419495,2.008528232574463,93.87013888888887,0.8,2,4,96.07763888888888,0.5670257210731506,27.265602,66.684906,-153.4091796875,2.2963375515407987
5KPH_2_4_0_id10,0.762487530708313,2.1240615844726562,94.93069444444444,0.82,2,4,96.07763888888888,0.5670257210731506,27.265602,66.684906,-147.31307983398438,2.1723274654812283
5KPH_2_4_0_id11,0.8232663869857788,1.0788955688476562,92.96875,0.78,2,4,96.07763888888888,0.5670257210731506,27.265602,66.684906,-152.1889190673828,1.98038207160102
5KPH_2_4_0_id12,0.9142024517059326,2.504559278488159,94.43263888888887,0.8,2,4,96.07763888888888,0.5670257210731506,27.265602,66.684906,-153.30337524414062,2.277610566880968
5KPH_2_4_0_id13,1.0797816514968872,0.9243454337120056,90.17013888888889,0.73,2,4,96.07763888888888,0.5670257210731506,27.265602,66.684906,-153.81646728515625,2.031794230143229
5KPH_2_4_0_id14,0.8088410496711731,2.1134138107299805,95.4475,0.82,2,4,96.07763888888888,0.5670257210731506,27.265602,66.684906,-151.11087036132812,2.264290279812283
5KPH_2_4_0_id15,0.877663791179657,0.8593762516975403,91.55791666666669,0.74,2,4,96.07763888888888,0.5670257210731506,27.265602,66.684906,-152.58355712890625,2.1680509779188366
5KPH_2_4_0_id16,0.8265392184257507,0.9200233221054077,91.40916666666666,0.74,2,4,96.07763888888888,0.5670257210731506,27.265602,66.684906,-152.75018310546875,2.1958433787028
5KPH_2_4_0_id17,1.8372955322265625,0.8716521859169006,94.82597222222222,0.81,2,4,96.07763888888888,0.5670257210731506,27.265602,66.684906,-152.2562255859375,2.1387736002604165
5KPH_2_4_0_id18,2.077816963195801,0.8292837142944336,92.3951388888889,0.77,2,4,96.07763888888888,0.5670257210731506,27.265602,66.684906,-150.89154052734375,2.12362183464898
5KPH_2_4_0_id19,0.7916508913040161,1.677813172340393,91.19847222222222,0.76,2,4,96.07763888888888,0.5670257210731506,27.265602,66.684906,-151.37806701660156,2.1739584604899087
5KPH_2_4_0_id2,1.7435545921325684,0.8057016730308533,93.67833333333334,0.8,2,4,96.07763888888888,0.5670257210731506,27.265602,66.684906,-149.849853515625,2.1596891615125866
5KPH_2_4_0_id20,2.1446902751922607,0.779158890247345,94.45166666666664,0.81,2,4,96.07763888888888,0.5670257210731506,27.265602,66.684906,-149.43435668945312,2.237839592827691
5KPH_2_4_0_id21,0.9469435214996338,0.785773515701294,93.09083333333334,0.79,2,4,96.07763888888888,0.5670257210731506,27.265602,66.684906,-150.0713653564453,2.1632548438178167
5KPH_2_4_0_id22,1.0095994472503662,1.013131856918335,91.86583333333334,0.77,2,4,96.07763888888888,0.5670257210731506,27.265602,66.684906,-149.92152404785156,2.169794718424479
5KPH_2_4_0_id23,0.868277370929718,1.5203453302383423,93.82375,0.81,2,4,96.07763888888888,0.5670257210731506,27.265602,66.684906,-153.13357543945312,2.2934659322102866
5KPH_2_4_0_id3,2.0476927757263184,1.0006868839263916,91.79694444444443,0.75,2,4,96.07763888888888,0.5670257210731506,27.265602,66.684906,-152.35414123535156,2.018113454182943
5KPH_2_4_0_id4,0.859042763710022,2.3592922687530518,94.69777777777776,0.81,2,4,96.07763888888888,0.5670257210731506,27.265602,66.684906,-150.07614135742188,2.25408681233724
5KPH_2_4_0_id5,2.0236165523529053,0.790540337562561,94.2775,0.8,2,4,96.07763888888888,0.5670257210731506,27.265602,66.684906,-150.9799346923828,2.2903241051567926
5KPH_2_4_0_id6,0.9555553793907166,0.9371436834335327,92.1475,0.76,2,4,96.07763888888888,0.5670257210731506,27.265602,66.684906,-150.5757293701172,2.073352813720703
5KPH_2_4_0_id7,0.8088022470474243,0.8085874915122986,93.00916666666666,0.78,2,4,96.07763888888888,0.5670257210731506,27.265602,66.684906,-152.42469787597656,2.288770463731554
5KPH_2_4_0_id8,0.5911200046539307,2.098254919052124,95.41527777777776,0.83,2,4,96.07763888888888,0.5670257210731506,27.265602,66.684906,-152.217041015625,2.328665839301215
5KPH_2_4_0_id9,0.878127932548523,2.3491263389587402,95.4075,0.82,2,4,96.07763888888888,0.5670257210731506,27.265602,66.684906,-154.21871948242188,2.421834945678711
5KPH_2_4_1_id0,0.9020870923995972,1.2130496501922607,91.95583333333332,0.74,2,4,95.87930555555556,0.5887185335159302,28.415594,65.35456,-147.12750244140625,1.870634926689996
5KPH_2_4_1_id1,0.6298328638076782,2.1594676971435547,95.60069444444444,0.83,2,4,95.87930555555556,0.5887185335159302,28.415594,65.35456,-148.94992065429688,1.9088304307725688
5KPH_2_4_1_id10,0.5325031280517578,2.057901382446289,94.57375,0.81,2,4,95.87930555555556,0.5887185335159302,28.415594,65.35456,-150.747314453125,2.178955925835504
5KPH_2_4_1_id11,0.6574897170066833,0.9991077780723572,93.62555555555556,0.8,2,4,95.87930555555556,0.5887185335159302,28.415594,65.35456,-150.5903778076172,2.1301901075575085
5KPH_2_4_1_id12,2.0966598987579346,0.6795753240585327,94.05041666666666,0.8,2,4,95.87930555555556,0.5887185335159302,28.415594,65.35456,-148.37351989746094,2.2241999308268228
5KPH_2_4_1_id13,0.7723143696784973,0.8262963891029358,93.24430555555556,0.78,2,4,95.87930555555556,0.5887185335159302,28.415594,65.35456,-152.370361328125,1.8224288092719183
5KPH_2_4_1_id14,0.6298734545707703,2.1959190368652344,95.31402777777777,0.81,2,4,95.87930555555556,0.5887185335159302,28.415594,65.35456,-148.06361389160156,2.042870839436849
5KPH_2_4_1_id15,0.5939862132072449,2.0128982067108154,94.27013888888888,0.8,2,4,95.87930555555556,0.5887185335159302,28.415594,65.35456,-151.1374969482422,2.025610393948025
5KPH_2_4_1_id16,0.8355191349983215,2.3769030570983887,94.83361111111113,0.81,2,4,95.87930555555556,0.5887185335159302,28.415594,65.35456,-149.6456756591797,2.193531036376953
5KPH_2_4_1_id17,0.9133139848709106,1.04472815990448,95.3438888888889,0.8,2,4,95.87930555555556,0.5887185335159302,28.415594,65.35456,-150.314453125,2.1749468909369574
5KPH_2_4_1_id18,0.6632857322692871,1.0826067924499512,94.11694444444444,0.79,2,4,95.87930555555556,0.5887185335159302,28.415594,65.35456,-150.61065673828125,2.2133386400010853
5KPH_2_4_1_id19,0.7198982238769531,1.8731279373168945,92.94402777777776,0.78,2,4,95.87930555555556,0.5887185335159302,28.415594,65.35456,-147.689453125,2.0392574734157987
5KPH_2_4_1_id2,0.7863829135894775,2.102717161178589,91.66111111111113,0.76,2,4,95.87930555555556,0.5887185335159302,28.415594,65.35456,-147.43234252929688,2.0283164978027344
5KPH_2_4_1_id20,1.692100167274475,0.7605242729187012,94.82236111111112,0.8,2,4,95.87930555555556,0.5887185335159302,28.415594,65.35456,-150.2104034423828,2.1294617123074
5KPH_2_4_1_id21,0.7419313192367554,2.409362554550171,96.25277777777778,0.83,2,4,95.87930555555556,0.5887185335159302,28.415594,65.35456,-148.8258819580078,2.07831785413954
5KPH_2_4_1_id22,1.869638204574585,0.8296570777893066,93.38652777777776,0.79,2,4,95.87930555555556,0.5887185335159302,28.415594,65.35456,-149.63661193847656,2.4472423129611545
5KPH_2_4_1_id23,0.5223200917243958,2.0358779430389404,94.15458333333332,0.8,2,4,95.87930555555556,0.5887185335159302,28.415594,65.35456,-148.54872131347656,2.012086020575629
5KPH_2_4_1_id3,0.6014718413352966,1.992521047592163,93.08805555555556,0.79,2,4,95.87930555555556,0.5887185335159302,28.415594,65.35456,-150.0616912841797,1.879915449354384
5KPH_2_4_1_id4,0.719768762588501,1.3255627155303955,95.64,0.83,2,4,95.87930555555556,0.5887185335159302,28.415594,65.35456,-151.00442504882812,2.336928049723307
5KPH_2_4_1_id5,0.6755384802818298,2.2623817920684814,95.06597222222224,0.82,2,4,95.87930555555556,0.5887185335159302,28.415594,65.35456,-149.13067626953125,2.058094448513455
5KPH_2_4_1_id6,0.5939359664916992,1.8467729091644287,95.38916666666668,0.82,2,4,95.87930555555556,0.5887185335159302,28.415594,65.35456,-147.96771240234375,2.00656615363227
5KPH_2_4_1_id7,1.838684320449829,0.6358068585395813,93.71569444444444,0.79,2,4,95.87930555555556,0.5887185335159302,28.415594,65.35456,-146.081298828125,2.0062698788113065
5KPH_2_4_1_id8,0.5622020363807678,1.8232508897781372,97.12402777777778,0.84,2,4,95.87930555555556,0.5887185335159302,28.415594,65.35456,-149.6947479248047,1.850335439046224
5KPH_2_4_1_id9,0.6537419557571411,2.025801420211792,94.3325,0.81,2,4,95.87930555555556,0.5887185335159302,28.415594,65.35456,-150.66561889648438,2.3191134134928384
5KPH_2_4_2_id0,1.8621786832809448,0.9323696494102478,95.00555555555556,0.81,2,4,92.7372222222222,0.568327009677887,28.157482,65.90799,-150.600341796875,2.218971676296658
5KPH_2_4_2_id1,1.8679718971252441,0.8492622375488281,94.5425,0.8,2,4,92.7372222222222,0.568327009677887,28.157482,65.90799,-153.20748901367188,2.0388887193467884
5KPH_2_4_2_id10,0.8526762127876282,2.5389726161956787,95.2075,0.81,2,4,92.7372222222222,0.568327009677887,28.157482,65.90799,-151.96945190429688,2.529621336195204
5KPH_2_4_2_id11,0.6003293395042419,1.5289217233657837,95.74416666666669,0.82,2,4,92.7372222222222,0.568327009677887,28.157482,65.90799,-153.04025268554688,2.4779491424560547
5KPH_2_4_2_id12,2.0384178161621094,0.9565188884735107,93.84694444444445,0.79,2,4,92.7372222222222,0.568327009677887,28.157482,65.90799,-152.47982788085938,2.404974619547526
5KPH_2_4_2_id13,0.7980768084526062,0.9756066203117371,93.82208333333332,0.79,2,4,92.7372222222222,0.568327009677887,28.157482,65.90799,-152.28765869140625,2.187799241807726
5KPH_2_4_2_id14,0.7115351557731628,2.1508114337921143,94.87,0.81,2,4,92.7372222222222,0.568327009677887,28.157482,65.90799,-151.6661376953125,2.059342278374566
5KPH_2_4_2_id15,0.8427489399909973,2.46596097946167,96.00777777777778,0.82,2,4,92.7372222222222,0.568327009677887,28.157482,65.90799,-153.47618103027344,2.1310941908094616
5KPH_2_4_2_id16,0.8331778049468994,2.391810417175293,95.74152777777778,0.81,2,4,92.7372222222222,0.568327009677887,28.157482,65.90799,-151.38320922851562,2.108337826199002
5KPH_2_4_2_id17,0.7576492428779602,0.9033591151237488,95.93902777777777,0.82,2,4,92.7372222222222,0.568327009677887,28.157482,65.90799,-149.76930236816406,2.252651638454861
5KPH_2_4_2_id18,0.7378541231155396,2.3333377838134766,94.67416666666668,0.82,2,4,92.7372222222222,0.568327009677887,28.157482,65.90799,-151.33877563476562,2.192909664577908
5KPH_2_4_2_id19,0.7977853417396545,2.0693719387054443,93.27222222222224,0.78,2,4,92.7372222222222,0.568327009677887,28.157482,65.90799,-150.82997131347656,2.1626964145236545
5KPH_2_4_2_id2,2.2356841564178467,0.85064297914505,93.73916666666666,0.79,2,4,92.7372222222222,0.568327009677887,28.157482,65.90799,-147.8616485595703,2.155054304334852
5KPH_2_4_2_id20,2.234168767929077,0.9940189719200134,95.08236111111113,0.8,2,4,92.7372222222222,0.568327009677887,28.157482,65.90799,-151.20156860351562,2.0799838172064886
5KPH_2_4_2_id21,0.7058736681938171,1.6772966384887695,94.71166666666666,0.81,2,4,92.7372222222222,0.568327009677887,28.157482,65.90799,-153.43072509765625,2.160416920979818
5KPH_2_4_2_id22,0.8632643818855286,2.4096944332122803,94.94541666666667,0.81,2,4,92.7372222222222,0.568327009677887,28.157482,65.90799,-152.02377319335938,2.426354302300348
5KPH_2_4_2_id23,0.6567431092262268,1.8612453937530518,96.28333333333332,0.83,2,4,92.7372222222222,0.568327009677887,28.157482,65.90799,-151.34764099121094,2.290717018975152
5KPH_2_4_2_id3,0.8633279204368591,0.884174644947052,95.17569444444445,0.8,2,4,92.7372222222222,0.568327009677887,28.157482,65.90799,-152.7552947998047,2.133069356282552
5KPH_2_4_2_id4,0.8773064017295837,2.5529487133026123,96.93138888888888,0.83,2,4,92.7372222222222,0.568327009677887,28.157482,65.90799,-152.53688049316406,2.315739313761393
5KPH_2_4_2_id5,0.6592739820480347,2.158841609954834,95.0626388888889,0.82,2,4,92.7372222222222,0.568327009677887,28.157482,65.90799,-150.38360595703125,2.129895528157552
5KPH_2_4_2_id6,0.8948123455047607,0.7222037315368652,91.39125,0.75,2,4,92.7372222222222,0.568327009677887,28.157482,65.90799,-153.0874786376953,2.2589098612467446
5KPH_2_4_2_id7,1.7107961177825928,0.6992441415786743,95.0284722222222,0.81,2,4,92.7372222222222,0.568327009677887,28.157482,65.90799,-149.876220703125,2.305707295735677
5KPH_2_4_2_id8,1.7525122165679932,0.6613171100616455,94.00847222222222,0.79,2,4,92.7372222222222,0.568327009677887,28.157482,65.90799,-149.96484375,2.204692840576172
5KPH_2_4_2_id9,0.7191573977470398,0.8291345834732056,89.41263888888889,0.71,2,4,92.7372222222222,0.568327009677887,28.157482,65.90799,-153.034423828125,2.210600958930121
5KPH_2_4_3_id0,0.6070733070373535,1.4260903596878052,94.48819444444445,0.8,2,4,96.31486111111111,0.5485759973526001,28.27088,65.17421,-153.1543731689453,2.010999467637804
5KPH_2_4_3_id1,0.7706320285797119,0.8771535158157349,93.26819444444445,0.78,2,4,96.31486111111111,0.5485759973526001,28.27088,65.17421,-153.0045623779297,2.343566470675998
5KPH_2_4_3_id10,1.4905065298080444,0.8971180319786072,94.51236111111112,0.79,2,4,96.31486111111111,0.5485759973526001,28.27088,65.17421,-151.64834594726562,2.47385745578342
5KPH_2_4_3_id11,0.6513072848320007,0.6153832674026489,92.41694444444444,0.75,2,4,96.31486111111111,0.5485759973526001,28.27088,65.17421,-153.45254516601562,1.994385189480252
5KPH_2_4_3_id12,1.6370453834533691,0.8341425657272339,93.43847222222222,0.78,2,4,96.31486111111111,0.5485759973526001,28.27088,65.17421,-155.22003173828125,2.378599802652994
5KPH_2_4_3_id13,0.7245267033576965,1.6074566841125488,95.77208333333334,0.83,2,4,96.31486111111111,0.5485759973526001,28.27088,65.17421,-151.85797119140625,2.2960402170817056
5KPH_2_4_3_id14,1.54579496383667,0.7125967144966125,93.6451388888889,0.79,2,4,96.31486111111111,0.5485759973526001,28.27088,65.17421,-152.60877990722656,2.2995435926649304
5KPH_2_4_3_id15,2.021623373031616,0.9591475129127502,93.74722222222222,0.79,2,4,96.31486111111111,0.5485759973526001,28.27088,65.17421,-152.39649963378906,2.16890123155382
5KPH_2_4_3_id16,1.6697235107421875,0.5631964802742004,94.1776388888889,0.79,2,4,96.31486111111111,0.5485759973526001,28.27088,65.17421,-150.66969299316406,2.1046407487657337
5KPH_2_4_3_id17,0.7984288930892944,2.231330156326294,92.96472222222222,0.79,2,4,96.31486111111111,0.5485759973526001,28.27088,65.17421,-152.8785858154297,2.2554694281684027
5KPH_2_4_3_id18,0.7987121343612671,0.8943771123886108,92.5963888888889,0.76,2,4,96.31486111111111,0.5485759973526001,28.27088,65.17421,-152.9306640625,2.356680976019965
5KPH_2_4_3_id19,2.1089539527893066,0.9450058937072754,91.62333333333332,0.76,2,4,96.31486111111111,0.5485759973526001,28.27088,65.17421,-151.0904998779297,2.324334886338976
5KPH_2_4_3_id2,1.545381784439087,0.7315322756767273,93.87305555555557,0.8,2,4,96.31486111111111,0.5485759973526001,28.27088,65.17421,-152.968505859375,2.244093577067057
5KPH_2_4_3_id20,0.7037967443466187,0.6599316000938416,93.28111111111112,0.77,2,4,96.31486111111111,0.5485759973526001,28.27088,65.17421,-151.7957763671875,2.3369017706977
5KPH_2_4_3_id21,0.7626307010650635,0.8036339282989502,93.98305555555557,0.79,2,4,96.31486111111111,0.5485759973526001,28.27088,65.17421,-152.31675720214844,2.288728713989258
5KPH_2_4_3_id22,1.4601160287857056,0.791947603225708,92.48666666666666,0.77,2,4,96.31486111111111,0.5485759973526001,28.27088,65.17421,-153.5378875732422,2.118019739786784
5KPH_2_4_3_id23,1.8917585611343384,0.81965172290802,92.46041666666666,0.77,2,4,96.31486111111111,0.5485759973526001,28.27088,65.17421,-150.85598754882812,2.310138914320204
5KPH_2_4_3_id3,1.33182954788208,0.6038553714752197,94.515,0.79,2,4,96.31486111111111,0.5485759973526001,28.27088,65.17421,-152.5655059814453,2.1376785702175565
5KPH_2_4_3_id4,1.3729634284973145,0.6914571523666382,93.47611111111112,0.77,2,4,96.31486111111111,0.5485759973526001,28.27088,65.17421,-153.69036865234375,2.382073508368598
5KPH_2_4_3_id5,0.8098955750465393,0.9239494204521179,91.84166666666668,0.76,2,4,96.31486111111111,0.5485759973526001,28.27088,65.17421,-152.92393493652344,2.5275675455729165
5KPH_2_4_3_id6,1.9253818988800049,0.725871205329895,94.3651388888889,0.79,2,4,96.31486111111111,0.5485759973526001,28.27088,65.17421,-152.41758728027344,2.4074986775716147
5KPH_2_4_3_id7,0.6683807969093323,1.1319351196289062,91.7375,0.77,2,4,96.31486111111111,0.5485759973526001,28.27088,65.17421,-151.64663696289062,2.357683393690321
5KPH_2_4_3_id8,0.9189449548721313,1.3688544034957886,93.64611111111113,0.79,2,4,96.31486111111111,0.5485759973526001,28.27088,65.17421,-152.5904083251953,2.3832009633382163
5KPH_2_4_3_id9,1.3801368474960327,0.8413103222846985,92.27305555555556,0.76,2,4,96.31486111111111,0.5485759973526001,28.27088,65.17421,-153.99319458007812,2.4664794074164496
5KPH_2_4_4_id0,0.8919617533683777,2.4303488731384277,94.67902777777778,0.81,2,4,96.12166666666668,0.5574576258659363,28.08697,64.83621,-150.7406005859375,2.183619181315104
5KPH_2_4_4_id1,0.8114532828330994,0.9328811168670654,94.16958333333334,0.8,2,4,96.12166666666668,0.5574576258659363,28.08697,64.83621,-151.69825744628906,2.027108086480035
5KPH_2_4_4_id10,0.8062198162078857,2.005175828933716,95.8934722222222,0.83,2,4,96.12166666666668,0.5574576258659363,28.08697,64.83621,-150.0474395751953,1.89646848042806
5KPH_2_4_4_id11,0.7205591797828674,1.874068021774292,94.46083333333334,0.81,2,4,96.12166666666668,0.5574576258659363,28.08697,64.83621,-150.8413848876953,2.249663458930121
5KPH_2_4_4_id12,0.8378578424453735,2.293846368789673,94.86027777777775,0.81,2,4,96.12166666666668,0.5574576258659363,28.08697,64.83621,-153.50350952148438,2.01841057671441
5KPH_2_4_4_id13,0.8855964541435242,1.094555139541626,92.82861111111112,0.75,2,4,96.12166666666668,0.5574576258659363,28.08697,64.83621,-151.82659912109375,2.2055481804741754
5KPH_2_4_4_id14,1.5308243036270142,0.9701065421104431,90.89680555555556,0.75,2,4,96.12166666666668,0.5574576258659363,28.08697,64.83621,-153.0922088623047,2.2350775400797525
5KPH_2_4_4_id15,0.8980613350868225,1.9340673685073853,94.97583333333334,0.8,2,4,96.12166666666668,0.5574576258659363,28.08697,64.83621,-153.63412475585938,2.060916476779514
5KPH_2_4_4_id16,0.849915623664856,1.9751383066177368,94.75208333333332,0.81,2,4,96.12166666666668,0.5574576258659363,28.08697,64.83621,-151.27162170410156,2.236737145317925
5KPH_2_4_4_id17,0.9721653461456299,0.9740447402000427,93.05222222222224,0.77,2,4,96.12166666666668,0.5574576258659363,28.08697,64.83621,-152.71224975585938,2.027725431654188
5KPH_2_4_4_id18,0.8208233118057251,2.332878828048706,94.54722222222222,0.82,2,4,96.12166666666668,0.5574576258659363,28.08697,64.83621,-152.35826110839844,2.086774614122179
5KPH_2_4_4_id19,1.9751720428466797,0.673822820186615,94.59444444444443,0.8,2,4,96.12166666666668,0.5574576258659363,28.08697,64.83621,-152.37088012695312,2.254674275716146
5KPH_2_4_4_id2,0.8607165813446045,0.8722838163375854,93.09277777777778,0.77,2,4,96.12166666666668,0.5574576258659363,28.08697,64.83621,-151.9958953857422,2.144415749443902
5KPH_2_4_4_id20,1.0012855529785156,2.4372637271881104,93.7076388888889,0.79,2,4,96.12166666666668,0.5574576258659363,28.08697,64.83621,-151.1959686279297,2.0960076649983725
5KPH_2_4_4_id21,0.8217577934265137,2.4169108867645264,95.30708333333332,0.82,2,4,96.12166666666668,0.5574576258659363,28.08697,64.83621,-151.4495086669922,2.122818840874566
5KPH_2_4_4_id22,0.8786292672157288,2.1076905727386475,94.1386111111111,0.8,2,4,96.12166666666668,0.5574576258659363,28.08697,64.83621,-153.50534057617188,2.1810323927137585
5KPH_2_4_4_id23,0.7889935970306396,1.7423399686813354,91.62152777777776,0.75,2,4,96.12166666666668,0.5574576258659363,28.08697,64.83621,-148.62960815429688,2.0581251780192056
5KPH_2_4_4_id3,0.8086360692977905,0.9375774264335632,94.04319444444444,0.78,2,4,96.12166666666668,0.5574576258659363,28.08697,64.83621,-152.23211669921875,2.471520317925348
5KPH_2_4_4_id4,0.8800501227378845,2.3614203929901123,94.24902777777778,0.79,2,4,96.12166666666668,0.5574576258659363,28.08697,64.83621,-149.72434997558594,2.2910533481174045
5KPH_2_4_4_id5,0.7302042245864868,0.7872642278671265,93.69055555555556,0.77,2,4,96.12166666666668,0.5574576258659363,28.08697,64.83621,-153.3188018798828,1.906179640028212
5KPH_2_4_4_id6,0.8317591547966003,0.8571032881736755,95.47888888888887,0.82,2,4,96.12166666666668,0.5574576258659363,28.08697,64.83621,-151.4582061767578,2.0864923265245228
5KPH_2_4_4_id7,0.7273216247558594,1.9498231410980225,94.82069444444444,0.82,2,4,96.12166666666668,0.5574576258659363,28.08697,64.83621,-149.1387481689453,2.523996353149414
5KPH_2_4_4_id8,0.9132049679756165,0.8865216970443726,93.28944444444444,0.78,2,4,96.12166666666668,0.5574576258659363,28.08697,64.83621,-151.4581756591797,1.8539356655544703
5KPH_2_4_4_id9,2.221876382827759,1.099660873413086,90.81875,0.75,2,4,96.12166666666668,0.5574576258659363,28.08697,64.83621,-153.5161590576172,1.889672173394097
5KPH_2_4_5_id0,0.9253649115562439,1.9168049097061157,94.0013888888889,0.8,2,4,95.39333333333332,0.6948578357696533,28.558838,64.26259,-153.35086059570312,2.211333804660373
5KPH_2_4_5_id1,0.70585697889328,1.7249583005905151,95.11041666666668,0.82,2,4,95.39333333333332,0.6948578357696533,28.558838,64.26259,-152.52467346191406,2.3095183902316623
5KPH_2_4_5_id10,0.77961665391922,1.9729005098342896,95.74138888888888,0.82,2,4,95.39333333333332,0.6948578357696533,28.558838,64.26259,-150.89501953125,2.320696936713325
5KPH_2_4_5_id11,0.7254968881607056,1.965197205543518,95.67875,0.82,2,4,95.39333333333332,0.6948578357696533,28.558838,64.26259,-149.68228149414062,2.046837700737848
5KPH_2_4_5_id12,0.86665940284729,1.327217936515808,96.17736111111113,0.83,2,4,95.39333333333332,0.6948578357696533,28.558838,64.26259,-152.27288818359375,2.191083696153429
5KPH_2_4_5_id13,0.5510346293449402,1.7432490587234497,93.02652777777776,0.79,2,4,95.39333333333332,0.6948578357696533,28.558838,64.26259,-152.26971435546875,2.255046844482422
5KPH_2_4_5_id14,0.8916141986846924,2.1492748260498047,93.66944444444444,0.8,2,4,95.39333333333332,0.6948578357696533,28.558838,64.26259,-152.17340087890625,2.4048483106825085
5KPH_2_4_5_id15,0.6123626828193665,1.4654557704925537,93.43875,0.77,2,4,95.39333333333332,0.6948578357696533,28.558838,64.26259,-150.56365966796875,1.970706303914388
5KPH_2_4_5_id16,0.6692374348640442,1.7257506847381592,95.40472222222223,0.82,2,4,95.39333333333332,0.6948578357696533,28.558838,64.26259,-152.89071655273438,2.4342269897460938
5KPH_2_4_5_id17,0.7537192702293396,1.3266667127609253,93.90902777777778,0.79,2,4,95.39333333333332,0.6948578357696533,28.558838,64.26259,-151.86248779296875,2.331054263644748
5KPH_2_4_5_id18,0.6290951371192932,1.481058955192566,93.65458333333332,0.79,2,4,95.39333333333332,0.6948578357696533,28.558838,64.26259,-153.85394287109375,2.208705690171984
5KPH_2_4_5_id19,0.6999031901359558,1.9575273990631104,93.8627777777778,0.79,2,4,95.39333333333332,0.6948578357696533,28.558838,64.26259,-151.40921020507812,2.2147708468967013
5KPH_2_4_5_id2,0.7245010137557983,1.006587266921997,92.58777777777776,0.76,2,4,95.39333333333332,0.6948578357696533,28.558838,64.26259,-152.0560760498047,2.246371587117513
5KPH_2_4_5_id20,0.5143285989761353,1.6800113916397095,94.30291666666666,0.81,2,4,95.39333333333332,0.6948578357696533,28.558838,64.26259,-150.93272399902344,2.187390857272678
5KPH_2_4_5_id21,0.7753608226776123,0.9161122441291809,91.14763888888888,0.76,2,4,95.39333333333332,0.6948578357696533,28.558838,64.26259,-150.6275634765625,2.100524478488498
5KPH_2_4_5_id22,0.6933081746101379,1.7027744054794312,95.04069444444444,0.82,2,4,95.39333333333332,0.6948578357696533,28.558838,64.26259,-151.20774841308594,2.160172356499566
5KPH_2_4_5_id23,0.8056739568710327,1.3496419191360474,94.82388888888887,0.81,2,4,95.39333333333332,0.6948578357696533,28.558838,64.26259,-151.6082000732422,2.261576546563042
5KPH_2_4_5_id3,0.6598398089408875,0.9455620050430298,93.45083333333332,0.79,2,4,95.39333333333332,0.6948578357696533,28.558838,64.26259,-152.67068481445312,2.5141207377115884
5KPH_2_4_5_id4,0.5971406102180481,1.849610447883606,95.90819444444443,0.83,2,4,95.39333333333332,0.6948578357696533,28.558838,64.26259,-149.78665161132812,2.1179686652289496
5KPH_2_4_5_id5,0.6315921545028687,1.6031622886657715,94.915,0.82,2,4,95.39333333333332,0.6948578357696533,28.558838,64.26259,-152.64675903320312,2.3540946112738714
5KPH_2_4_5_id6,0.6533252596855164,1.8329111337661743,95.85875,0.82,2,4,95.39333333333332,0.6948578357696533,28.558838,64.26259,-151.3405303955078,1.9706162346733944
5KPH_2_4_5_id7,0.815517783164978,2.2989330291748047,93.62986111111113,0.8,2,4,95.39333333333332,0.6948578357696533,28.558838,64.26259,-150.23756408691406,2.2605113983154297
5KPH_2_4_5_id8,0.6925665140151978,1.3175454139709473,93.50472222222224,0.79,2,4,95.39333333333332,0.6948578357696533,28.558838,64.26259,-151.61480712890625,2.2151181962755
5KPH_2_4_5_id9,0.6603861451148987,1.6962708234786987,96.43430555555555,0.83,2,4,95.39333333333332,0.6948578357696533,28.558838,64.26259,-150.5535888671875,2.284837510850694
5KPH_2_4_6_id0,1.5666530132293701,1.0742158889770508,90.96847222222222,0.74,2,4,96.4909722222222,0.6550288200378418,27.781416,64.15294,-150.5895538330078,2.3345294528537326
5KPH_2_4_6_id1,0.7613326907157898,1.9219599962234497,93.20680555555556,0.79,2,4,96.4909722222222,0.6550288200378418,27.781416,64.15294,-151.372802734375,2.2725660536024304
5KPH_2_4_6_id10,0.9691477417945862,0.9818231463432312,93.89444444444445,0.78,2,4,96.4909722222222,0.6550288200378418,27.781416,64.15294,-151.99549865722656,2.2761637369791665
5KPH_2_4_6_id11,0.8377568125724792,1.1434367895126343,91.66833333333334,0.76,2,4,96.4909722222222,0.6550288200378418,27.781416,64.15294,-151.07470703125,2.707256740993924
5KPH_2_4_6_id12,1.67140531539917,0.7370924353599548,93.8913888888889,0.78,2,4,96.4909722222222,0.6550288200378418,27.781416,64.15294,-152.3933563232422,1.94868278503418
5KPH_2_4_6_id13,0.7045397758483887,0.739430844783783,95.96375,0.82,2,4,96.4909722222222,0.6550288200378418,27.781416,64.15294,-152.70321655273438,2.416760550604926
5KPH_2_4_6_id14,0.680849015712738,1.0537437200546265,92.82652777777778,0.77,2,4,96.4909722222222,0.6550288200378418,27.781416,64.15294,-152.77651977539062,2.267954296535916
5KPH_2_4_6_id15,0.8782110810279846,0.8144408464431763,92.82125,0.76,2,4,96.4909722222222,0.6550288200378418,27.781416,64.15294,-152.0244140625,2.373207516140408
5KPH_2_4_6_id16,1.7168513536453247,1.2616798877716064,92.55361111111112,0.78,2,4,96.4909722222222,0.6550288200378418,27.781416,64.15294,-151.51724243164062,2.348276562160916
5KPH_2_4_6_id17,0.9306327700614929,2.5327601432800293,95.89666666666666,0.82,2,4,96.4909722222222,0.6550288200378418,27.781416,64.15294,-153.443115234375,2.2840985192192926
5KPH_2_4_6_id18,0.7494711875915527,1.6336089372634888,93.86736111111112,0.8,2,4,96.4909722222222,0.6550288200378418,27.781416,64.15294,-150.1328125,2.467675526936849
5KPH_2_4_6_id19,0.9357554912567139,1.4197109937667847,91.25847222222222,0.77,2,4,96.4909722222222,0.6550288200378418,27.781416,64.15294,-151.90756225585938,2.2643053266737194
5KPH_2_4_6_id2,0.7941400408744812,1.1869179010391235,93.76111111111112,0.79,2,4,96.4909722222222,0.6550288200378418,27.781416,64.15294,-152.489990234375,2.541466606987848
5KPH_2_4_6_id20,0.7110685706138611,1.839332103729248,93.97111111111111,0.8,2,4,96.4909722222222,0.6550288200378418,27.781416,64.15294,-150.7439727783203,2.3670327928331165
5KPH_2_4_6_id21,1.9097834825515747,1.2027606964111328,94.2059722222222,0.79,2,4,96.4909722222222,0.6550288200378418,27.781416,64.15294,-151.85678100585938,2.2942937215169272
5KPH_2_4_6_id22,0.9002310633659363,2.409132242202759,96.25888888888888,0.83,2,4,96.4909722222222,0.6550288200378418,27.781416,64.15294,-151.8720245361328,2.447309282090929
5KPH_2_4_6_id23,1.942394733428955,0.9563630223274231,92.58527777777778,0.77,2,4,96.4909722222222,0.6550288200378418,27.781416,64.15294,-152.00772094726562,2.35099834865994
5KPH_2_4_6_id3,0.8247939944267273,1.353714108467102,95.44180555555556,0.81,2,4,96.4909722222222,0.6550288200378418,27.781416,64.15294,-151.32101440429688,2.0118225945366754
5KPH_2_4_6_id4,0.6981323957443237,1.744150161743164,94.94277777777778,0.8,2,4,96.4909722222222,0.6550288200378418,27.781416,64.15294,-151.75564575195312,2.501000510321723
5KPH_2_4_6_id5,0.8757334351539612,1.4903994798660278,92.74680555555555,0.78,2,4,96.4909722222222,0.6550288200378418,27.781416,64.15294,-153.1536865234375,2.4573037889268665
5KPH_2_4_6_id6,0.7944440841674805,2.177783489227295,94.09069444444444,0.81,2,4,96.4909722222222,0.6550288200378418,27.781416,64.15294,-151.23313903808594,2.367240481906467
5KPH_2_4_6_id7,0.8972139954566956,1.555943489074707,93.59944444444444,0.79,2,4,96.4909722222222,0.6550288200378418,27.781416,64.15294,-150.70672607421875,2.4023009406195746
5KPH_2_4_6_id8,0.6643841862678528,1.979231834411621,94.95319444444443,0.81,2,4,96.4909722222222,0.6550288200378418,27.781416,64.15294,-152.67953491210938,2.384627448187934
5KPH_2_4_6_id9,0.667521595954895,0.9162440299987793,92.60583333333334,0.78,2,4,96.4909722222222,0.6550288200378418,27.781416,64.15294,-152.30908203125,2.621673160129123
5KPH_2_4_7_id0,0.7943008542060852,1.1243640184402466,91.70472222222222,0.75,2,4,95.40944444444445,0.6039559245109558,28.369097,65.26341,-151.64663696289062,2.183773464626736
5KPH_2_4_7_id1,0.7225696444511414,1.1651246547698975,93.42402777777778,0.78,2,4,95.40944444444445,0.6039559245109558,28.369097,65.26341,-150.1966552734375,2.2474710676405163
5KPH_2_4_7_id10,0.9166845679283142,0.8404475450515747,92.62652777777778,0.78,2,4,95.40944444444445,0.6039559245109558,28.369097,65.26341,-147.04119873046875,2.154089185926649
5KPH_2_4_7_id11,1.9539765119552612,1.0330123901367188,92.83708333333334,0.77,2,4,95.40944444444445,0.6039559245109558,28.369097,65.26341,-147.5019073486328,2.3016760084364147
5KPH_2_4_7_id12,0.9022876620292664,2.060469627380371,93.37388888888889,0.79,2,4,95.40944444444445,0.6039559245109558,28.369097,65.26341,-148.65501403808594,2.1792017618815103
5KPH_2_4_7_id13,0.8872106075286865,2.578172445297241,95.06388888888888,0.81,2,4,95.40944444444445,0.6039559245109558,28.369097,65.26341,-151.70278930664062,2.2028770446777344
5KPH_2_4_7_id14,0.8185928463935852,0.9385573267936707,93.40777777777777,0.79,2,4,95.40944444444445,0.6039559245109558,28.369097,65.26341,-148.6099090576172,2.3184297349717884
5KPH_2_4_7_id15,0.8889462947845459,1.414267897605896,94.72763888888888,0.8,2,4,95.40944444444445,0.6039559245109558,28.369097,65.26341,-148.949951171875,2.4576244354248047
5KPH_2_4_7_id16,0.8045521378517151,2.2354490756988525,94.2675,0.79,2,4,95.40944444444445,0.6039559245109558,28.369097,65.26341,-149.93011474609375,2.3136208852132163
5KPH_2_4_7_id17,0.7737067937850952,2.3631110191345215,93.46833333333332,0.79,2,4,95.40944444444445,0.6039559245109558,28.369097,65.26341,-149.5354461669922,2.1064910888671875
5KPH_2_4_7_id18,0.9474806785583496,1.0142101049423218,92.62333333333332,0.78,2,4,95.40944444444445,0.6039559245109558,28.369097,65.26341,-149.2355194091797,2.273910734388563
5KPH_2_4_7_id19,0.9917005300521851,1.0080815553665161,90.99263888888888,0.74,2,4,95.40944444444445,0.6039559245109558,28.369097,65.26341,-151.03076171875,2.266404045952691
5KPH_2_4_7_id2,0.8340049386024475,2.4315764904022217,95.06291666666668,0.82,2,4,95.40944444444445,0.6039559245109558,28.369097,65.26341,-151.85275268554688,2.3706783718532987
5KPH_2_4_7_id20,1.006152868270874,1.6126893758773804,90.00958333333332,0.7,2,4,95.40944444444445,0.6039559245109558,28.369097,65.26341,-147.90069580078125,2.216276380750868
5KPH_2_4_7_id21,2.2891926765441895,1.2208836078643799,90.48444444444443,0.75,2,4,95.40944444444445,0.6039559245109558,28.369097,65.26341,-149.6046600341797,2.36283450656467
5KPH_2_4_7_id22,0.7879877686500549,1.1610994338989258,93.48986111111113,0.79,2,4,95.40944444444445,0.6039559245109558,28.369097,65.26341,-148.14749145507812,2.231551276312934
5KPH_2_4_7_id23,0.7403603196144104,1.8086943626403809,92.70333333333332,0.78,2,4,95.40944444444445,0.6039559245109558,28.369097,65.26341,-149.90008544921875,2.139319101969401
5KPH_2_4_7_id3,0.7901071310043335,0.7935318350791931,93.46013888888888,0.79,2,4,95.40944444444445,0.6039559245109558,28.369097,65.26341,-148.01007080078125,2.2203634050157337
5KPH_2_4_7_id4,1.0138050317764282,1.1094261407852173,94.34527777777777,0.8,2,4,95.40944444444445,0.6039559245109558,28.369097,65.26341,-149.41561889648438,2.3354905446370444
5KPH_2_4_7_id5,0.918422281742096,1.4720498323440552,93.95819444444444,0.79,2,4,95.40944444444445,0.6039559245109558,28.369097,65.26341,-150.2130889892578,2.1621632046169705
5KPH_2_4_7_id6,2.2217721939086914,1.0146070718765259,91.70708333333332,0.76,2,4,95.40944444444445,0.6039559245109558,28.369097,65.26341,-151.6270751953125,2.0800902048746743
5KPH_2_4_7_id7,0.7762151956558228,1.8942900896072388,94.51777777777778,0.8,2,4,95.40944444444445,0.6039559245109558,28.369097,65.26341,-149.4069061279297,1.9819437662760413
5KPH_2_4_7_id8,0.831770122051239,1.229295015335083,94.12069444444444,0.78,2,4,95.40944444444445,0.6039559245109558,28.369097,65.26341,-151.74822998046875,2.3003194597032337
5KPH_2_4_7_id9,0.8737500905990601,2.4624948501586914,94.52027777777778,0.81,2,4,95.40944444444445,0.6039559245109558,28.369097,65.26341,-149.59181213378906,2.279721154106988
5KPH_2_4_8_id0,0.8691372871398926,1.1003280878067017,93.20333333333332,0.78,2,4,95.99277777777776,0.4603932201862335,28.520851,65.094986,-152.31080627441406,1.920930438571506
5KPH_2_4_8_id1,1.6176694631576538,1.032638669013977,94.13388888888888,0.79,2,4,95.99277777777776,0.4603932201862335,28.520851,65.094986,-150.6208953857422,2.1497701009114585
5KPH_2_4_8_id10,1.8675262928009033,0.8463199138641357,93.28222222222222,0.79,2,4,95.99277777777776,0.4603932201862335,28.520851,65.094986,-152.66900634765625,2.1488573286268444
5KPH_2_4_8_id11,0.914875328540802,0.8695734143257141,92.3202777777778,0.75,2,4,95.99277777777776,0.4603932201862335,28.520851,65.094986,-153.2894287109375,2.0028917524549694
5KPH_2_4_8_id12,2.0828590393066406,0.8217816948890686,92.79958333333332,0.77,2,4,95.99277777777776,0.4603932201862335,28.520851,65.094986,-151.0537872314453,2.0326544443766275
5KPH_2_4_8_id13,0.6537551879882812,0.7806728482246399,95.83569444444444,0.81,2,4,95.99277777777776,0.4603932201862335,28.520851,65.094986,-154.2115478515625,2.0657242668999567
5KPH_2_4_8_id14,0.7645862102508545,0.8243911266326904,94.94111111111113,0.81,2,4,95.99277777777776,0.4603932201862335,28.520851,65.094986,-151.6637725830078,2.1584832933213978
5KPH_2_4_8_id15,0.7512163519859314,0.7842468619346619,94.00736111111112,0.79,2,4,95.99277777777776,0.4603932201862335,28.520851,65.094986,-153.1939697265625,2.2149480183919272
5KPH_2_4_8_id16,1.6018794775009155,0.7970171570777893,93.51722222222222,0.78,2,4,95.99277777777776,0.4603932201862335,28.520851,65.094986,-152.77320861816406,2.111221525404188
5KPH_2_4_8_id17,0.7709367275238037,0.8223887085914612,94.38972222222222,0.79,2,4,95.99277777777776,0.4603932201862335,28.520851,65.094986,-150.93215942382812,2.015899234347873
5KPH_2_4_8_id18,0.7539423108100891,1.0744082927703857,93.02333333333334,0.77,2,4,95.99277777777776,0.4603932201862335,28.520851,65.094986,-152.10992431640625,2.1469548543294272
5KPH_2_4_8_id19,0.8341940641403198,0.7904638648033142,95.23791666666666,0.79,2,4,95.99277777777776,0.4603932201862335,28.520851,65.094986,-152.37716674804688,2.403928544786241
5KPH_2_4_8_id2,1.4018051624298096,0.8509469032287598,90.89694444444444,0.74,2,4,95.99277777777776,0.4603932201862335,28.520851,65.094986,-152.40060424804688,2.086859385172526
5KPH_2_4_8_id20,0.727308988571167,2.5368003845214844,94.92611111111113,0.8,2,4,95.99277777777776,0.4603932201862335,28.520851,65.094986,-152.24476623535156,2.089228947957357
5KPH_2_4_8_id21,0.8737090229988098,1.0602240562438965,94.58388888888892,0.8,2,4,95.99277777777776,0.4603932201862335,28.520851,65.094986,-152.37185668945312,2.153386010064019
5KPH_2_4_8_id22,1.8882110118865967,0.9883192777633667,90.61166666666664,0.74,2,4,95.99277777777776,0.4603932201862335,28.520851,65.094986,-151.68113708496094,2.0980987548828125
5KPH_2_4_8_id23,0.8356195688247681,0.9963287711143494,93.40444444444444,0.78,2,4,95.99277777777776,0.4603932201862335,28.520851,65.094986,-151.24942016601562,2.05963495042589
5KPH_2_4_8_id3,0.6699371933937073,0.952713131904602,93.30875,0.78,2,4,95.99277777777776,0.4603932201862335,28.520851,65.094986,-151.12725830078125,2.1874381171332464
5KPH_2_4_8_id4,1.6596418619155884,1.15218985080719,91.92513888888888,0.77,2,4,95.99277777777776,0.4603932201862335,28.520851,65.094986,-154.367919921875,2.156670252482096
5KPH_2_4_8_id5,1.80659818649292,0.844231903553009,92.12236111111112,0.76,2,4,95.99277777777776,0.4603932201862335,28.520851,65.094986,-151.7802734375,1.971260494656033
5KPH_2_4_8_id6,2.183466911315918,1.0045018196105957,93.14083333333332,0.77,2,4,95.99277777777776,0.4603932201862335,28.520851,65.094986,-153.02151489257812,1.9226866828070743
5KPH_2_4_8_id7,0.8625091314315796,1.2169444561004639,91.44958333333336,0.75,2,4,95.99277777777776,0.4603932201862335,28.520851,65.094986,-150.4332733154297,1.964025073581272
5KPH_2_4_8_id8,0.6939892768859863,2.478816032409668,94.16805555555555,0.81,2,4,95.99277777777776,0.4603932201862335,28.520851,65.094986,-152.7021026611328,2.06559329562717
5KPH_2_4_8_id9,0.6240445375442505,0.8159911036491394,94.3423611111111,0.8,2,4,95.99277777777776,0.4603932201862335,28.520851,65.094986,-153.89410400390625,2.129404703776041
5KPH_2_4_9_id0,1.966371774673462,0.8147904872894287,93.33222222222224,0.78,2,4,95.35125,0.4501165151596069,29.08473,62.208557,-153.92941284179688,2.390716552734375
5KPH_2_4_9_id1,0.9022733569145203,2.1841392517089844,94.06736111111113,0.79,2,4,95.35125,0.4501165151596069,29.08473,62.208557,-153.69781494140625,1.9973358578152127
5KPH_2_4_9_id10,0.682301938533783,1.4673020839691162,94.12583333333332,0.79,2,4,95.35125,0.4501165151596069,29.08473,62.208557,-152.1221466064453,2.059756384955512
5KPH_2_4_9_id11,1.9678627252578735,0.7741031050682068,92.15875,0.76,2,4,95.35125,0.4501165151596069,29.08473,62.208557,-154.52745056152344,2.187304390801324
5KPH_2_4_9_id12,1.813594102859497,0.828398585319519,92.81222222222222,0.76,2,4,95.35125,0.4501165151596069,29.08473,62.208557,-151.299072265625,2.129596710205078
5KPH_2_4_9_id13,0.6787276268005371,0.9002582430839539,92.84722222222224,0.77,2,4,95.35125,0.4501165151596069,29.08473,62.208557,-152.0648193359375,2.1575838724772134
5KPH_2_4_9_id14,0.9243080019950867,0.6376795768737793,95.46958333333332,0.82,2,4,95.35125,0.4501165151596069,29.08473,62.208557,-151.81683349609375,2.0123123592800565
5KPH_2_4_9_id15,0.8214899301528931,0.7646026611328125,93.91069444444446,0.8,2,4,95.35125,0.4501165151596069,29.08473,62.208557,-154.08132934570312,2.270528581407336
5KPH_2_4_9_id16,1.5835182666778564,0.8131402730941772,90.81736111111113,0.75,2,4,95.35125,0.4501165151596069,29.08473,62.208557,-150.84361267089844,2.267305586073133
5KPH_2_4_9_id17,0.7949651479721069,1.2092231512069702,93.85416666666669,0.79,2,4,95.35125,0.4501165151596069,29.08473,62.208557,-153.64747619628906,2.1714358859592013
5KPH_2_4_9_id18,0.6982408165931702,0.9970101118087769,93.51513888888888,0.77,2,4,95.35125,0.4501165151596069,29.08473,62.208557,-153.02798461914062,2.180858400132921
5KPH_2_4_9_id19,0.7974664568901062,1.1036441326141357,92.94555555555556,0.78,2,4,95.35125,0.4501165151596069,29.08473,62.208557,-152.07333374023438,1.8074393802218969
5KPH_2_4_9_id2,0.8921060562133789,0.9034241437911987,93.49305555555556,0.79,2,4,95.35125,0.4501165151596069,29.08473,62.208557,-152.4403533935547,2.38173336452908
5KPH_2_4_9_id20,0.8712769150733948,1.075830340385437,92.74694444444444,0.77,2,4,95.35125,0.4501165151596069,29.08473,62.208557,-151.52093505859375,2.064662085639106
5KPH_2_4_9_id21,0.7522889971733093,1.6426770687103271,95.35694444444444,0.81,2,4,95.35125,0.4501165151596069,29.08473,62.208557,-153.83160400390625,2.1866677602132163
5KPH_2_4_9_id22,1.7855437994003296,0.6796802282333374,93.8536111111111,0.8,2,4,95.35125,0.4501165151596069,29.08473,62.208557,-154.37559509277344,2.2386572096082897
5KPH_2_4_9_id23,0.8196192383766174,0.8960301876068115,93.96638888888889,0.77,2,4,95.35125,0.4501165151596069,29.08473,62.208557,-152.74636840820312,2.08893797132704
5KPH_2_4_9_id3,1.814937949180603,0.8152556419372559,91.97513888888888,0.76,2,4,95.35125,0.4501165151596069,29.08473,62.208557,-152.235107421875,2.1821151309543185
5KPH_2_4_9_id4,1.45064377784729,0.9996424317359924,93.64486111111113,0.79,2,4,95.35125,0.4501165151596069,29.08473,62.208557,-153.44863891601562,2.1185086568196616
5KPH_2_4_9_id5,0.7191554307937622,2.11826491355896,94.72083333333332,0.8,2,4,95.35125,0.4501165151596069,29.08473,62.208557,-154.070556640625,2.247438006930881
5KPH_2_4_9_id6,0.7068096399307251,0.7411448359489441,93.91055555555556,0.79,2,4,95.35125,0.4501165151596069,29.08473,62.208557,-152.460205078125,2.050392574734158
5KPH_2_4_9_id7,1.7537944316864014,0.7036064267158508,93.80875,0.79,2,4,95.35125,0.4501165151596069,29.08473,62.208557,-153.99728393554688,2.5576328701443143
5KPH_2_4_9_id8,1.7597558498382568,0.9052858352661133,94.50611111111112,0.8,2,4,95.35125,0.4501165151596069,29.08473,62.208557,-153.31878662109375,2.2346984015570746
5KPH_2_4_9_id9,0.8873639106750488,0.8796350955963135,94.02819444444444,0.78,2,4,95.35125,0.4501165151596069,29.08473,62.208557,-154.77011108398438,2.002721998426649
5KPH_2_6_0_id0,0.9311542510986328,1.0501443147659302,93.70375,0.78,2,6,95.17,0.605067253112793,27.668058,65.46486,-151.78033447265625,2.42015012105306
5KPH_2_6_0_id1,1.1699360609054565,1.0899922847747803,91.3288888888889,0.75,2,6,95.17,0.605067253112793,27.668058,65.46486,-151.08206176757812,2.192884657118056
5KPH_2_6_0_id10,1.0912528038024902,1.067265272140503,93.38625,0.76,2,6,95.17,0.605067253112793,27.668058,65.46486,-150.3794403076172,2.1910760667588978
5KPH_2_6_0_id11,2.019850730895996,1.0954886674880981,89.94805555555556,0.73,2,6,95.17,0.605067253112793,27.668058,65.46486,-149.30873107910156,2.244748857286241
5KPH_2_6_0_id12,1.7980356216430664,0.8662826418876648,93.27694444444444,0.79,2,6,95.17,0.605067253112793,27.668058,65.46486,-149.0727996826172,2.1027632819281683
5KPH_2_6_0_id13,1.0536855459213257,1.0789202451705933,93.5684722222222,0.78,2,6,95.17,0.605067253112793,27.668058,65.46486,-148.34585571289062,2.1749322679307728
5KPH_2_6_0_id14,0.8838134407997131,0.9813268184661865,92.34319444444444,0.77,2,6,95.17,0.605067253112793,27.668058,65.46486,-151.7728271484375,2.308144887288412
5KPH_2_6_0_id15,0.8500041365623474,0.8949499726295471,95.37388888888889,0.81,2,6,95.17,0.605067253112793,27.668058,65.46486,-149.95761108398438,2.1280025906032987
5KPH_2_6_0_id16,0.7423388361930847,0.8085253238677979,93.43486111111112,0.77,2,6,95.17,0.605067253112793,27.668058,65.46486,-149.65216064453125,2.156353420681424
5KPH_2_6_0_id17,1.4428343772888184,0.9057132601737976,91.45875,0.75,2,6,95.17,0.605067253112793,27.668058,65.46486,-148.86402893066406,2.2533156077067056
5KPH_2_6_0_id18,0.7860867977142334,1.023078441619873,90.80722222222222,0.73,2,6,95.17,0.605067253112793,27.668058,65.46486,-149.4190673828125,1.9953070746527777
5KPH_2_6_0_id19,1.7107250690460205,0.9499430656433105,93.33291666666668,0.76,2,6,95.17,0.605067253112793,27.668058,65.46486,-150.40264892578125,2.334785249498156
5KPH_2_6_0_id2,0.8849336504936218,2.195530652999878,94.74236111111112,0.8,2,6,95.17,0.605067253112793,27.668058,65.46486,-150.76321411132812,2.379235373602973
5KPH_2_6_0_id20,0.6930689215660095,0.9927657246589661,94.33875,0.79,2,6,95.17,0.605067253112793,27.668058,65.46486,-148.33981323242188,2.3969518873426647
5KPH_2_6_0_id21,0.9120716452598572,0.9361051917076111,94.35027777777778,0.81,2,6,95.17,0.605067253112793,27.668058,65.46486,-148.81263732910156,2.1092698838975696
5KPH_2_6_0_id22,1.8929588794708252,0.9746289253234863,91.64680555555556,0.77,2,6,95.17,0.605067253112793,27.668058,65.46486,-149.82315063476562,2.1476368374294705
5KPH_2_6_0_id23,0.9318844676017761,0.9320945143699646,93.95458333333336,0.79,2,6,95.17,0.605067253112793,27.668058,65.46486,-149.38429260253906,2.2627616458468967
5KPH_2_6_0_id3,0.8689736723899841,1.065989375114441,91.95125,0.75,2,6,95.17,0.605067253112793,27.668058,65.46486,-149.50509643554688,2.165339152018229
5KPH_2_6_0_id4,2.178879499435425,0.966396152973175,91.57847222222222,0.75,2,6,95.17,0.605067253112793,27.668058,65.46486,-148.7013397216797,2.380804273817274
5KPH_2_6_0_id5,0.8837786912918091,2.3747849464416504,95.49708333333336,0.82,2,6,95.17,0.605067253112793,27.668058,65.46486,-150.89785766601562,2.3257113562689886
5KPH_2_6_0_id6,0.9260472655296326,2.242333173751831,92.21222222222224,0.76,2,6,95.17,0.605067253112793,27.668058,65.46486,-152.0299530029297,2.2407639821370444
5KPH_2_6_0_id7,0.8545228838920593,1.16372811794281,94.45472222222222,0.79,2,6,95.17,0.605067253112793,27.668058,65.46486,-149.70501708984375,2.2168341742621527
5KPH_2_6_0_id8,0.9413272738456726,0.9906440377235413,92.98708333333332,0.79,2,6,95.17,0.605067253112793,27.668058,65.46486,-150.64768981933594,2.081128862169054
5KPH_2_6_0_id9,1.9528738260269165,0.9211095571517944,94.29583333333332,0.79,2,6,95.17,0.605067253112793,27.668058,65.46486,-151.79443359375,2.2000829908582897
5KPH_2_6_1_id0,0.9084025621414185,2.6221020221710205,95.89541666666668,0.82,2,6,96.46,0.6850571036338806,28.216969,65.18041,-150.84652709960938,2.210748036702474
5KPH_2_6_1_id1,2.154153347015381,0.7874147891998291,94.70375,0.8,2,6,96.46,0.6850571036338806,28.216969,65.18041,-153.48699951171875,2.1641663445366754
5KPH_2_6_1_id10,2.358140230178833,1.0302371978759766,94.14180555555556,0.79,2,6,96.46,0.6850571036338806,28.216969,65.18041,-152.5391845703125,2.1364589267306857
5KPH_2_6_1_id11,2.2005674839019775,0.8481124043464661,94.37277777777778,0.8,2,6,96.46,0.6850571036338806,28.216969,65.18041,-155.1608123779297,2.065278795030382
5KPH_2_6_1_id12,0.6601682305335999,1.1865404844284058,94.29583333333332,0.8,2,6,96.46,0.6850571036338806,28.216969,65.18041,-151.2010498046875,2.218259599473741
5KPH_2_6_1_id13,2.2631657123565674,1.1239911317825317,94.5476388888889,0.8,2,6,96.46,0.6850571036338806,28.216969,65.18041,-154.1364288330078,2.1737878587510853
5KPH_2_6_1_id14,2.0920450687408447,1.157910943031311,91.42277777777778,0.75,2,6,96.46,0.6850571036338806,28.216969,65.18041,-152.80078125,2.08859125773112
5KPH_2_6_1_id15,1.8782845735549927,0.7694441080093384,93.22152777777777,0.77,2,6,96.46,0.6850571036338806,28.216969,65.18041,-149.9730224609375,1.975458357069228
5KPH_2_6_1_id16,0.648080587387085,0.5838097333908081,93.73972222222224,0.78,2,6,96.46,0.6850571036338806,28.216969,65.18041,-151.6527099609375,2.371220906575521
5KPH_2_6_1_id17,2.0320703983306885,0.6755201816558838,94.27194444444444,0.79,2,6,96.46,0.6850571036338806,28.216969,65.18041,-151.40138244628906,2.0775587293836804
5KPH_2_6_1_id18,0.8089858889579773,1.7125203609466553,93.95652777777778,0.8,2,6,96.46,0.6850571036338806,28.216969,65.18041,-152.5335693359375,2.054103427463108
5KPH_2_6_1_id19,2.0708866119384766,0.9028666019439697,93.62888888888888,0.79,2,6,96.46,0.6850571036338806,28.216969,65.18041,-152.90724182128906,1.7901988559299045
5KPH_2_6_1_id2,1.5618611574172974,0.79340660572052,93.18069444444444,0.78,2,6,96.46,0.6850571036338806,28.216969,65.18041,-153.28225708007812,2.177112579345703
5KPH_2_6_1_id20,2.138378381729126,0.878277063369751,92.66763888888887,0.77,2,6,96.46,0.6850571036338806,28.216969,65.18041,-151.5111083984375,2.141049279106988
5KPH_2_6_1_id21,2.077737808227539,0.7543938755989075,94.23027777777776,0.79,2,6,96.46,0.6850571036338806,28.216969,65.18041,-152.16566467285156,2.215808868408203
5KPH_2_6_1_id22,0.8992816805839539,1.4139180183410645,92.48083333333334,0.79,2,6,96.46,0.6850571036338806,28.216969,65.18041,-153.0369873046875,2.1192910936143665
5KPH_2_6_1_id23,2.333858013153076,0.8194772005081177,95.58944444444444,0.82,2,6,96.46,0.6850571036338806,28.216969,65.18041,-152.3307647705078,2.393115997314453
5KPH_2_6_1_id3,1.759031891822815,0.6476804614067078,95.12777777777778,0.81,2,6,96.46,0.6850571036338806,28.216969,65.18041,-153.1936798095703,2.215287738376193
5KPH_2_6_1_id4,1.9416332244873047,1.0480015277862549,93.81861111111112,0.8,2,6,96.46,0.6850571036338806,28.216969,65.18041,-151.4498291015625,2.177202436659071
5KPH_2_6_1_id5,2.030397891998291,0.6506818532943726,93.72152777777778,0.79,2,6,96.46,0.6850571036338806,28.216969,65.18041,-151.92431640625,2.0388081868489585
5KPH_2_6_1_id6,2.3875644207000732,0.9505637288093567,94.58777777777776,0.8,2,6,96.46,0.6850571036338806,28.216969,65.18041,-154.48291015625,2.030355029635959
5KPH_2_6_1_id7,2.119852304458618,0.6513621211051941,94.60263888888888,0.8,2,6,96.46,0.6850571036338806,28.216969,65.18041,-154.3621826171875,2.485427220662435
5KPH_2_6_1_id8,1.0502437353134155,2.600831985473633,95.64041666666668,0.82,2,6,96.46,0.6850571036338806,28.216969,65.18041,-153.3388214111328,1.920378155178494
5KPH_2_6_1_id9,2.345745801925659,1.0733883380889893,94.06291666666668,0.8,2,6,96.46,0.6850571036338806,28.216969,65.18041,-152.7645721435547,2.1130104064941406
5KPH_2_6_2_id0,1.0124753713607788,0.9376381635665894,93.29486111111112,0.78,2,6,94.1686111111111,0.7743643522262573,27.986626,63.639908,-149.1960906982422,2.237097634209527
5KPH_2_6_2_id1,2.1298491954803467,0.8943727016448975,93.00166666666668,0.78,2,6,94.1686111111111,0.7743643522262573,27.986626,63.639908,-151.6070098876953,2.1878134409586587
5KPH_2_6_2_id10,0.9484087228775024,0.8101191520690918,92.6834722222222,0.77,2,6,94.1686111111111,0.7743643522262573,27.986626,63.639908,-153.7154083251953,2.146723853217231
5KPH_2_6_2_id11,1.876957654953003,0.8752647638320923,93.0363888888889,0.76,2,6,94.1686111111111,0.7743643522262573,27.986626,63.639908,-151.3374481201172,2.189355638292101
5KPH_2_6_2_id12,0.8171824812889099,2.0090413093566895,94.99333333333334,0.82,2,6,94.1686111111111,0.7743643522262573,27.986626,63.639908,-153.525390625,2.2346685197618275
5KPH_2_6_2_id13,0.8977145552635193,1.6295509338378906,91.78041666666668,0.76,2,6,94.1686111111111,0.7743643522262573,27.986626,63.639908,-153.29827880859375,2.2119723425971136
5KPH_2_6_2_id14,0.6580478549003601,1.0660245418548584,95.16375,0.8,2,6,94.1686111111111,0.7743643522262573,27.986626,63.639908,-153.21629333496094,2.1738628811306424
5KPH_2_6_2_id15,0.7430405020713806,0.9818488359451294,91.46666666666668,0.75,2,6,94.1686111111111,0.7743643522262573,27.986626,63.639908,-154.02218627929688,2.4167382982042103
5KPH_2_6_2_id16,0.9797717332839966,0.9606654047966003,91.16541666666666,0.75,2,6,94.1686111111111,0.7743643522262573,27.986626,63.639908,-151.21707153320312,2.3965462578667536
5KPH_2_6_2_id17,0.7205998301506042,0.9851687550544739,92.08347222222224,0.75,2,6,94.1686111111111,0.7743643522262573,27.986626,63.639908,-153.46185302734375,2.1697764926486545
5KPH_2_6_2_id18,0.7422714829444885,2.130449056625366,95.47819444444444,0.82,2,6,94.1686111111111,0.7743643522262573,27.986626,63.639908,-151.69313049316406,2.201589160495334
5KPH_2_6_2_id19,0.8076825737953186,0.9723218679428101,93.20041666666668,0.78,2,6,94.1686111111111,0.7743643522262573,27.986626,63.639908,-154.01499938964844,2.1046290927463107
5KPH_2_6_2_id2,0.5998649597167969,1.1068191528320312,90.96375,0.73,2,6,94.1686111111111,0.7743643522262573,27.986626,63.639908,-150.67263793945312,2.227177513970269
5KPH_2_6_2_id20,0.6717455387115479,0.9631487131118774,93.80388888888888,0.78,2,6,94.1686111111111,0.7743643522262573,27.986626,63.639908,-153.71124267578125,2.48708004421658
5KPH_2_6_2_id21,2.153292655944824,1.0009944438934326,90.92180555555557,0.76,2,6,94.1686111111111,0.7743643522262573,27.986626,63.639908,-152.2138671875,2.4740208519829645
5KPH_2_6_2_id22,0.7382522821426392,0.8975672125816345,92.57999999999998,0.76,2,6,94.1686111111111,0.7743643522262573,27.986626,63.639908,-151.7914276123047,2.126074684990777
5KPH_2_6_2_id23,0.9361796975135803,0.9105169177055359,91.30125,0.75,2,6,94.1686111111111,0.7743643522262573,27.986626,63.639908,-154.15835571289062,2.2647283342149525
5KPH_2_6_2_id3,0.9465938210487366,1.2670059204101562,95.08847222222224,0.81,2,6,94.1686111111111,0.7743643522262573,27.986626,63.639908,-153.64796447753906,2.113905164930556
5KPH_2_6_2_id4,0.7197446227073669,0.9448176622390747,93.32069444444444,0.77,2,6,94.1686111111111,0.7743643522262573,27.986626,63.639908,-153.40481567382812,2.1701925065782337
5KPH_2_6_2_id5,1.487878441810608,0.8448151350021362,93.33125,0.79,2,6,94.1686111111111,0.7743643522262573,27.986626,63.639908,-152.81971740722656,2.4866326649983725
5KPH_2_6_2_id6,2.2751269340515137,0.9154754877090454,93.10347222222224,0.78,2,6,94.1686111111111,0.7743643522262573,27.986626,63.639908,-152.30369567871094,2.453100204467773
5KPH_2_6_2_id7,0.7478170990943909,1.9790794849395752,93.54944444444445,0.79,2,6,94.1686111111111,0.7743643522262573,27.986626,63.639908,-151.06927490234375,2.2757956186930337
5KPH_2_6_2_id8,0.8267821669578552,0.9677242040634155,92.79055555555556,0.77,2,6,94.1686111111111,0.7743643522262573,27.986626,63.639908,-150.9947052001953,2.1354493035210504
5KPH_2_6_2_id9,2.143963575363159,0.9704932570457458,94.10527777777776,0.8,2,6,94.1686111111111,0.7743643522262573,27.986626,63.639908,-151.69418334960938,1.9120642344156904
5KPH_2_6_3_id0,1.7995678186416626,0.654347836971283,94.72027777777778,0.8,2,6,95.69638888888888,0.5807149410247803,28.666328,65.04311,-154.6433868408203,2.194480684068468
5KPH_2_6_3_id1,0.6632516980171204,0.7833202481269836,94.51902777777778,0.79,2,6,95.69638888888888,0.5807149410247803,28.666328,65.04311,-155.34487915039062,2.189231448703342
5KPH_2_6_3_id10,1.7727783918380737,0.7765782475471497,93.77819444444444,0.8,2,6,95.69638888888888,0.5807149410247803,28.666328,65.04311,-150.83311462402344,2.113677554660373
5KPH_2_6_3_id11,0.8612343072891235,0.9636721014976501,94.29236111111112,0.78,2,6,95.69638888888888,0.5807149410247803,28.666328,65.04311,-154.77011108398438,2.7099217308892145
5KPH_2_6_3_id12,1.9768084287643433,0.8028925061225891,93.18027777777776,0.78,2,6,95.69638888888888,0.5807149410247803,28.666328,65.04311,-156.6149139404297,2.463534461127387
5KPH_2_6_3_id13,0.826029896736145,2.522524356842041,95.22680555555556,0.81,2,6,95.69638888888888,0.5807149410247803,28.666328,65.04311,-154.65574645996094,2.1030873192681208
5KPH_2_6_3_id14,1.8357473611831665,0.6347815990447998,94.40430555555557,0.79,2,6,95.69638888888888,0.5807149410247803,28.666328,65.04311,-155.9357147216797,2.1795743306477866
5KPH_2_6_3_id15,0.6269367933273315,0.5302508473396301,93.90041666666669,0.79,2,6,95.69638888888888,0.5807149410247803,28.666328,65.04311,-155.66175842285156,2.5818665822347007
5KPH_2_6_3_id16,0.7127631306648254,0.6734421253204346,91.79666666666668,0.75,2,6,95.69638888888888,0.5807149410247803,28.666328,65.04311,-153.57907104492188,2.3356840345594616
5KPH_2_6_3_id18,0.9299673438072205,2.6581647396087646,96.5365277777778,0.83,2,6,95.69638888888888,0.5807149410247803,28.666328,65.04311,-154.650390625,2.493508868747288
5KPH_2_6_3_id19,0.6847488880157471,2.343223810195923,94.56041666666668,0.79,2,6,95.69638888888888,0.5807149410247803,28.666328,65.04311,-154.0348358154297,2.265148162841797
5KPH_2_6_3_id2,1.8441195487976074,0.9598564505577087,94.15013888888888,0.8,2,6,95.69638888888888,0.5807149410247803,28.666328,65.04311,-155.0468292236328,2.1241611904568143
5KPH_2_6_3_id20,0.7453254461288452,2.327186346054077,94.93222222222224,0.8,2,6,95.69638888888888,0.5807149410247803,28.666328,65.04311,-153.53074645996094,2.184785842895508
5KPH_2_6_3_id21,0.5501863956451416,2.157301187515259,95.08041666666666,0.81,2,6,95.69638888888888,0.5807149410247803,28.666328,65.04311,-154.84144592285156,2.1361531151665583
5KPH_2_6_3_id22,0.5994691252708435,0.47368648648262024,93.38444444444444,0.78,2,6,95.69638888888888,0.5807149410247803,28.666328,65.04311,-155.30569458007812,2.372505611843533
5KPH_2_6_3_id23,0.7318824529647827,0.743082582950592,94.8184722222222,0.8,2,6,95.69638888888888,0.5807149410247803,28.666328,65.04311,-155.0781707763672,2.6618580288357205
5KPH_2_6_3_id3,0.6060304641723633,1.2986183166503906,94.38069444444444,0.8,2,6,95.69638888888888,0.5807149410247803,28.666328,65.04311,-156.3125457763672,2.5138058132595487
5KPH_2_6_3_id4,0.7544189691543579,0.9605271816253662,95.26013888888887,0.81,2,6,95.69638888888888,0.5807149410247803,28.666328,65.04311,-153.6963348388672,2.038646274142795
5KPH_2_6_3_id5,0.6607346534729004,1.023997187614441,95.13236111111112,0.8,2,6,95.69638888888888,0.5807149410247803,28.666328,65.04311,-150.54188537597656,2.660346984863281
5KPH_2_6_3_id6,0.6155006289482117,0.6940330266952515,94.70347222222222,0.79,2,6,95.69638888888888,0.5807149410247803,28.666328,65.04311,-153.61685180664062,2.124407662285699
5KPH_2_6_3_id7,0.6877010464668274,0.722807765007019,94.10069444444444,0.78,2,6,95.69638888888888,0.5807149410247803,28.666328,65.04311,-154.23724365234375,2.490534040662977
5KPH_2_6_3_id8,0.7192960381507874,0.8249845504760742,94.14736111111112,0.78,2,6,95.69638888888888,0.5807149410247803,28.666328,65.04311,-154.74267578125,2.278999328613281
5KPH_2_6_3_id9,1.7921603918075562,0.6389452219009399,94.31375,0.79,2,6,95.69638888888888,0.5807149410247803,28.666328,65.04311,-156.4724884033203,2.1001372867160373
5KPH_2_6_4_id0,0.8855623006820679,2.2447824478149414,91.58375,0.76,2,6,96.01416666666668,0.6187889575958252,27.992249,63.84693,-151.0504608154297,2.2225538889567056
5KPH_2_6_4_id1,0.6960498094558716,0.750605046749115,95.29833333333332,0.81,2,6,96.01416666666668,0.6187889575958252,27.992249,63.84693,-153.67494201660156,2.007945590549045
5KPH_2_6_4_id10,0.7441754937171936,2.4535205364227295,94.8536111111111,0.8,2,6,96.01416666666668,0.6187889575958252,27.992249,63.84693,-154.2095489501953,2.142026901245117
5KPH_2_6_4_id11,2.008524179458618,0.7175595164299011,92.86305555555556,0.79,2,6,96.01416666666668,0.6187889575958252,27.992249,63.84693,-152.73622131347656,2.0738362206353083
5KPH_2_6_4_id12,0.8650918006896973,1.047687292098999,93.71583333333332,0.78,2,6,96.01416666666668,0.6187889575958252,27.992249,63.84693,-154.10284423828125,2.34062237209744
5KPH_2_6_4_id13,1.9442886114120483,0.7543764710426331,96.025,0.82,2,6,96.01416666666668,0.6187889575958252,27.992249,63.84693,-151.5812225341797,2.346469031439887
5KPH_2_6_4_id14,0.7914305329322815,2.123886823654175,91.06763888888888,0.74,2,6,96.01416666666668,0.6187889575958252,27.992249,63.84693,-152.6607666015625,2.1504213545057507
5KPH_2_6_4_id15,0.8443189859390259,0.8519783616065979,92.86347222222224,0.76,2,6,96.01416666666668,0.6187889575958252,27.992249,63.84693,-154.4896240234375,2.196041954888238
5KPH_2_6_4_id16,2.0495071411132812,0.7764075398445129,92.5390277777778,0.77,2,6,96.01416666666668,0.6187889575958252,27.992249,63.84693,-153.98287963867188,2.063135359022352
5KPH_2_6_4_id17,0.8513185977935791,0.8404601812362671,93.90777777777777,0.79,2,6,96.01416666666668,0.6187889575958252,27.992249,63.84693,-152.37283325195312,2.060611300998264
5KPH_2_6_4_id18,1.6209436655044556,0.8433244824409485,92.21986111111111,0.76,2,6,96.01416666666668,0.6187889575958252,27.992249,63.84693,-152.4158935546875,2.162220001220703
5KPH_2_6_4_id19,1.0365123748779297,0.779684841632843,92.67333333333336,0.77,2,6,96.01416666666668,0.6187889575958252,27.992249,63.84693,-153.05108642578125,2.3034405178493924
5KPH_2_6_4_id2,0.8565367460250854,1.3028980493545532,93.10944444444443,0.77,2,6,96.01416666666668,0.6187889575958252,27.992249,63.84693,-153.2229766845703,2.0916309356689453
5KPH_2_6_4_id20,0.6708416938781738,1.1924700736999512,92.73819444444445,0.75,2,6,96.01416666666668,0.6187889575958252,27.992249,63.84693,-153.4097137451172,2.172122107611762
5KPH_2_6_4_id21,0.9009444117546082,0.8702462911605835,91.19444444444444,0.73,2,6,96.01416666666668,0.6187889575958252,27.992249,63.84693,-152.63291931152344,2.161879645453559
5KPH_2_6_4_id22,0.9170819520950317,0.7820500135421753,93.03569444444446,0.78,2,6,96.01416666666668,0.6187889575958252,27.992249,63.84693,-153.27256774902344,2.4431114196777344
5KPH_2_6_4_id23,1.7937453985214233,0.9591344594955444,90.86569444444444,0.75,2,6,96.01416666666668,0.6187889575958252,27.992249,63.84693,-153.1431427001953,2.265168931749132
5KPH_2_6_4_id3,0.9204474687576294,1.136522889137268,91.65833333333332,0.76,2,6,96.01416666666668,0.6187889575958252,27.992249,63.84693,-152.8491668701172,2.0889074537489147
5KPH_2_6_4_id4,0.8155039548873901,1.2603349685668945,92.11194444444445,0.75,2,6,96.01416666666668,0.6187889575958252,27.992249,63.84693,-151.09075927734375,2.0084385342068143
5KPH_2_6_4_id5,0.8963268399238586,1.269166350364685,92.92041666666664,0.77,2,6,96.01416666666668,0.6187889575958252,27.992249,63.84693,-153.8304443359375,2.2615106370713978
5KPH_2_6_4_id6,0.6467078924179077,0.8967933058738708,93.1876388888889,0.78,2,6,96.01416666666668,0.6187889575958252,27.992249,63.84693,-153.6604766845703,2.398135715060764
5KPH_2_6_4_id7,0.8350139856338501,2.216526508331299,95.7975,0.83,2,6,96.01416666666668,0.6187889575958252,27.992249,63.84693,-151.65219116210938,2.056858910454644
5KPH_2_6_4_id8,1.059941053390503,0.7181974649429321,94.33125,0.8,2,6,96.01416666666668,0.6187889575958252,27.992249,63.84693,-152.08670043945312,2.1965276930067272
5KPH_2_6_4_id9,1.8118107318878174,0.5259106159210205,93.76013888888887,0.79,2,6,96.01416666666668,0.6187889575958252,27.992249,63.84693,-151.856689453125,2.2525418599446616
5KPH_2_6_5_id0,0.7114824056625366,2.133242607116699,95.33319444444446,0.83,2,6,95.32763888888888,0.5483707189559937,27.480957,64.518654,-145.5400390625,2.403851403130425
5KPH_2_6_5_id1,0.7652470469474792,0.8486531376838684,92.94083333333332,0.78,2,6,95.32763888888888,0.5483707189559937,27.480957,64.518654,-150.47222900390625,2.197292539808485
5KPH_2_6_5_id10,2.4675745964050293,1.0230178833007812,94.66916666666668,0.8,2,6,95.32763888888888,0.5483707189559937,27.480957,64.518654,-152.04165649414062,2.36871083577474
5KPH_2_6_5_id11,2.0709803104400635,0.9193956255912781,91.25083333333332,0.74,2,6,95.32763888888888,0.5483707189559937,27.480957,64.518654,-151.3057861328125,2.2591417100694446
5KPH_2_6_5_id12,1.8986165523529053,0.7285018563270569,94.80111111111113,0.8,2,6,95.32763888888888,0.5483707189559937,27.480957,64.518654,-150.08404541015625,2.541870964898004
5KPH_2_6_5_id13,0.6807450652122498,1.0915158987045288,91.38138888888888,0.71,2,6,95.32763888888888,0.5483707189559937,27.480957,64.518654,-151.30081176757812,2.170095655653212
5KPH_2_6_5_id14,1.4764827489852905,0.9005839228630066,91.13402777777776,0.74,2,6,95.32763888888888,0.5483707189559937,27.480957,64.518654,-153.36000061035156,2.4791666666666665
5KPH_2_6_5_id15,1.7659025192260742,0.9369308948516846,92.27388888888888,0.77,2,6,95.32763888888888,0.5483707189559937,27.480957,64.518654,-151.8852081298828,2.2787289089626737
5KPH_2_6_5_id16,0.8536782264709473,1.0235118865966797,93.52458333333334,0.79,2,6,95.32763888888888,0.5483707189559937,27.480957,64.518654,-151.34962463378906,2.28145514594184
5KPH_2_6_5_id17,1.017445683479309,0.9066848754882812,93.36527777777776,0.77,2,6,95.32763888888888,0.5483707189559937,27.480957,64.518654,-150.4536590576172,2.5868598090277777
5KPH_2_6_5_id18,2.25583553314209,0.8023185133934021,95.33805555555556,0.82,2,6,95.32763888888888,0.5483707189559937,27.480957,64.518654,-152.345458984375,2.3720870547824435
5KPH_2_6_5_id19,2.080784559249878,0.9219909906387329,92.805,0.78,2,6,95.32763888888888,0.5483707189559937,27.480957,64.518654,-153.2056121826172,2.175697750515408
5KPH_2_6_5_id2,2.345669746398926,0.9371297955513,95.2627777777778,0.8,2,6,95.32763888888888,0.5483707189559937,27.480957,64.518654,-146.6884307861328,2.542697058783637
5KPH_2_6_5_id20,0.8818233609199524,1.0413789749145508,92.79527777777778,0.76,2,6,95.32763888888888,0.5483707189559937,27.480957,64.518654,-151.20120239257812,2.3722466362847223
5KPH_2_6_5_id21,0.6963332891464233,1.9270347356796265,93.53125,0.79,2,6,95.32763888888888,0.5483707189559937,27.480957,64.518654,-150.9637451171875,2.44462161593967
5KPH_2_6_5_id22,0.8408300280570984,0.9922441244125366,95.01583333333332,0.79,2,6,95.32763888888888,0.5483707189559937,27.480957,64.518654,-152.08705139160156,2.58693355984158
5KPH_2_6_5_id23,1.9255365133285522,0.9337853789329529,93.12486111111112,0.77,2,6,95.32763888888888,0.5483707189559937,27.480957,64.518654,-149.060302734375,2.785619947645399
5KPH_2_6_5_id3,0.8942840695381165,0.8990527391433716,93.53833333333334,0.79,2,6,95.32763888888888,0.5483707189559937,27.480957,64.518654,-148.29812622070312,2.247258292304145
5KPH_2_6_5_id4,0.6721130013465881,1.0726732015609741,91.16263888888888,0.75,2,6,95.32763888888888,0.5483707189559937,27.480957,64.518654,-152.39773559570312,2.215205510457357
5KPH_2_6_5_id5,0.66675865650177,0.8047747611999512,93.1125,0.78,2,6,95.32763888888888,0.5483707189559937,27.480957,64.518654,-152.68344116210938,2.109166463216146
5KPH_2_6_5_id6,0.9386431574821472,0.9930139780044556,91.91944444444444,0.75,2,6,95.32763888888888,0.5483707189559937,27.480957,64.518654,-148.78762817382812,2.243586222330729
5KPH_2_6_5_id7,0.7528882622718811,2.204484462738037,94.35597222222222,0.79,2,6,95.32763888888888,0.5483707189559937,27.480957,64.518654,-152.11962890625,2.4774848090277777
5KPH_2_6_5_id8,2.058323860168457,1.1167656183242798,91.75125,0.77,2,6,95.32763888888888,0.5483707189559937,27.480957,64.518654,-151.59507751464844,2.463962131076389
5KPH_2_6_5_id9,1.9395811557769775,0.7504626512527466,94.38375,0.8,2,6,95.32763888888888,0.5483707189559937,27.480957,64.518654,-152.76255798339844,2.19040150112576
5KPH_2_6_6_id0,0.7714653015136719,0.9566237926483154,93.49458333333332,0.78,2,6,95.89625,0.5098337531089783,27.090137,66.43267,-154.12461853027344,2.4918835957845054
5KPH_2_6_6_id1,1.7425228357315063,0.7253885269165039,91.98652777777778,0.76,2,6,95.89625,0.5098337531089783,27.090137,66.43267,-151.42581176757812,2.3649800618489585
5KPH_2_6_6_id10,0.8104085326194763,0.9755487442016602,93.10361111111108,0.78,2,6,95.89625,0.5098337531089783,27.090137,66.43267,-154.61495971679688,2.374688890245226
5KPH_2_6_6_id11,1.6696479320526123,0.6256143450737,93.33027777777778,0.78,2,6,95.89625,0.5098337531089783,27.090137,66.43267,-152.00831604003906,2.028105841742621
5KPH_2_6_6_id2,0.8297827839851379,0.9724307060241699,91.55513888888888,0.75,2,6,95.89625,0.5098337531089783,27.090137,66.43267,-152.0142822265625,2.438745710584852
5KPH_2_6_6_id20,0.7707229852676392,2.240277051925659,96.16138888888888,0.81,2,6,95.89625,0.5098337531089783,27.090137,66.43267,-152.74285888671875,2.411809073554145
5KPH_2_6_6_id21,2.1670989990234375,0.8156449794769287,92.75777777777778,0.77,2,6,95.89625,0.5098337531089783,27.090137,66.43267,-153.09722900390625,2.222253587510851
5KPH_2_6_6_id22,1.6860239505767822,0.5742108821868896,93.70444444444443,0.78,2,6,95.89625,0.5098337531089783,27.090137,66.43267,-150.4665069580078,2.525146908230252
5KPH_2_6_6_id23,0.7556459307670593,0.7009127140045166,93.45055555555555,0.78,2,6,95.89625,0.5098337531089783,27.090137,66.43267,-154.0386199951172,2.3659176296657987
5KPH_2_6_6_id3,0.8677268624305725,0.7743090987205505,93.94527777777778,0.78,2,6,95.89625,0.5098337531089783,27.090137,66.43267,-154.00692749023438,2.235563490125868
5KPH_2_6_6_id4,0.7483536005020142,1.7520530223846436,95.1926388888889,0.81,2,6,95.89625,0.5098337531089783,27.090137,66.43267,-149.4620819091797,2.3369066450330944
5KPH_2_6_6_id5,0.8202547430992126,0.6198734045028687,93.32402777777776,0.77,2,6,95.89625,0.5098337531089783,27.090137,66.43267,-153.18824768066406,2.2571402655707464
5KPH_2_6_6_id6,0.8804212212562561,2.460449457168579,95.82875,0.82,2,6,95.89625,0.5098337531089783,27.090137,66.43267,-153.53758239746094,2.3127547370062933
5KPH_2_6_6_id7,1.4698089361190796,0.6799555420875549,95.07222222222222,0.8,2,6,95.89625,0.5098337531089783,27.090137,66.43267,-154.93978881835938,2.493871900770399
5KPH_2_6_6_id8,1.8001219034194946,0.7018497586250305,93.65708333333332,0.79,2,6,95.89625,0.5098337531089783,27.090137,66.43267,-149.08908081054688,2.1824103461371527
5KPH_2_6_6_id9,0.8099076747894287,2.3048501014709473,95.37597222222222,0.8,2,6,95.89625,0.5098337531089783,27.090137,66.43267,-151.37298583984375,2.2753473917643228
5KPH_2_6_7_id0,1.9641971588134766,0.8113556504249573,93.05972222222222,0.78,2,6,94.89958333333334,0.406010240316391,28.314137,64.24586,-154.33914184570312,2.12349361843533
5KPH_2_6_7_id1,1.8619743585586548,0.6556934714317322,95.48805555555556,0.81,2,6,94.89958333333334,0.406010240316391,28.314137,64.24586,-152.65875244140625,2.213746812608507
5KPH_2_6_7_id10,1.5102893114089966,0.9461491107940674,91.5623611111111,0.75,2,6,94.89958333333334,0.406010240316391,28.314137,64.24586,-153.59909057617188,2.1644579569498696
5KPH_2_6_7_id11,0.6413993835449219,2.105597734451294,91.54736111111112,0.76,2,6,94.89958333333334,0.406010240316391,28.314137,64.24586,-153.10604858398438,2.4121017456054688
5KPH_2_6_7_id12,0.6849586963653564,1.2483954429626465,92.48027777777776,0.77,2,6,94.89958333333334,0.406010240316391,28.314137,64.24586,-154.19403076171875,2.306791305541992
5KPH_2_6_7_id13,1.9838899374008179,0.9586855173110962,90.48416666666668,0.74,2,6,94.89958333333334,0.406010240316391,28.314137,64.24586,-155.06576538085938,2.3198244306776257
5KPH_2_6_7_id14,0.8233619928359985,1.3831617832183838,94.62819444444445,0.79,2,6,94.89958333333334,0.406010240316391,28.314137,64.24586,-153.70321655273438,2.277855979071723
5KPH_2_6_7_id15,1.829949140548706,0.9581557512283325,91.19069444444445,0.75,2,6,94.89958333333334,0.406010240316391,28.314137,64.24586,-152.4478759765625,2.237861633300781
5KPH_2_6_7_id16,0.7617741227149963,0.8120441436767578,90.83569444444444,0.74,2,6,94.89958333333334,0.406010240316391,28.314137,64.24586,-152.13441467285156,2.4600482516818576
5KPH_2_6_7_id17,1.200852870941162,0.7916890382766724,91.5098611111111,0.76,2,6,94.89958333333334,0.406010240316391,28.314137,64.24586,-155.56698608398438,2.450627644856771
5KPH_2_6_7_id18,0.7601367831230164,0.8367825746536255,93.18972222222222,0.76,2,6,94.89958333333334,0.406010240316391,28.314137,64.24586,-152.28460693359375,2.1546859741210938
5KPH_2_8_2_id2,0.6417977809906006,0.8058198690414429,95.31333333333332,0.81,2,8,93.52819444444444,0.7098019123077393,27.755682,63.895203,-149.46841430664062,2.1908162434895835
5KPH_2_8_2_id20,1.4500929117202759,1.0961993932724,91.31333333333332,0.76,2,8,93.52819444444444,0.7098019123077393,27.755682,63.895203,-149.94700622558594,2.810143788655599
5KPH_2_8_2_id21,2.1065309047698975,1.1201660633087158,90.96388888888887,0.76,2,8,93.52819444444444,0.7098019123077393,27.755682,63.895203,-149.9984130859375,2.3632865481906467
5KPH_2_8_2_id22,0.8121158480644226,1.2436678409576416,93.50375,0.76,2,8,93.52819444444444,0.7098019123077393,27.755682,63.895203,-150.119140625,2.542998419867621
5KPH_2_8_2_id23,1.6354447603225708,0.7213963866233826,94.22583333333334,0.79,2,8,93.52819444444444,0.7098019123077393,27.755682,63.895203,-148.33094787597656,2.197679307725694
5KPH_2_8_2_id3,1.0198956727981567,1.0318602323532104,95.67541666666668,0.82,2,8,93.52819444444444,0.7098019123077393,27.755682,63.895203,-149.23329162597656,2.4159681532118054
5KPH_2_8_2_id4,1.6384538412094116,1.006892204284668,92.03736111111112,0.75,2,8,93.52819444444444,0.7098019123077393,27.755682,63.895203,-147.7035675048828,2.825378841824002
5KPH_2_8_2_id5,1.5798568725585938,0.8871284127235413,92.88652777777776,0.75,2,8,93.52819444444444,0.7098019123077393,27.755682,63.895203,-147.1299591064453,2.663671493530273
5KPH_2_8_2_id6,1.6033155918121338,0.6207704544067383,94.33833333333334,0.79,2,8,93.52819444444444,0.7098019123077393,27.755682,63.895203,-148.74420166015625,2.768461227416992
5KPH_2_8_2_id7,1.6785486936569214,0.6885548830032349,95.97652777777778,0.81,2,8,93.52819444444444,0.7098019123077393,27.755682,63.895203,-150.0117950439453,2.634577009412977
5KPH_2_8_2_id8,1.7268009185791016,0.7178494334220886,95.2997222222222,0.8,2,8,93.52819444444444,0.7098019123077393,27.755682,63.895203,-147.5332794189453,2.266471438937717
5KPH_2_8_2_id9,1.5394004583358765,0.7754128575325012,94.00166666666668,0.8,2,8,93.52819444444444,0.7098019123077393,27.755682,63.895203,-146.4515380859375,2.776174757215712
5KPH_2_8_3_id0,0.6998313069343567,1.0045989751815796,93.55777777777776,0.76,2,8,93.02805555555555,0.6488792896270752,27.66535,63.960403,-149.10292053222656,2.3232989841037326
5KPH_2_8_3_id1,0.6495413184165955,1.0374258756637573,91.07125000000002,0.75,2,8,93.02805555555555,0.6488792896270752,27.66535,63.960403,-152.4118194580078,2.250822279188368
5KPH_2_8_3_id10,1.8363866806030273,0.8804052472114563,94.30194444444444,0.79,2,8,93.02805555555555,0.6488792896270752,27.66535,63.960403,-150.92276000976562,2.111810472276476
5KPH_2_8_3_id11,1.6082370281219482,0.899677038192749,92.61555555555556,0.77,2,8,93.02805555555555,0.6488792896270752,27.66535,63.960403,-153.08349609375,2.361620373196072
5KPH_2_8_3_id12,0.7631695866584778,0.7665743231773376,92.85819444444444,0.76,2,8,93.02805555555555,0.6488792896270752,27.66535,63.960403,-153.20578002929688,2.1808208889431424
5KPH_2_8_3_id13,1.2240099906921387,0.9296275973320007,94.70819444444444,0.8,2,8,93.02805555555555,0.6488792896270752,27.66535,63.960403,-151.58224487304688,2.053007125854492
5KPH_2_8_3_id14,2.060981512069702,1.1237657070159912,92.35388888888887,0.77,2,8,93.02805555555555,0.6488792896270752,27.66535,63.960403,-152.66749572753906,2.5022981431749134
5KPH_2_8_3_id15,0.8976895213127136,0.9383233189582825,93.26555555555557,0.78,2,8,93.02805555555555,0.6488792896270752,27.66535,63.960403,-152.78102111816406,2.5160257551405163
5KPH_2_8_3_id16,0.865500271320343,2.0920639038085938,90.55972222222222,0.74,2,8,93.02805555555555,0.6488792896270752,27.66535,63.960403,-144.3981170654297,2.172740936279297
5KPH_2_8_3_id17,0.8574049472808838,1.1922494173049927,93.68847222222222,0.78,2,8,93.02805555555555,0.6488792896270752,27.66535,63.960403,-151.21954345703125,1.997312757703993
5KPH_2_8_3_id18,0.8107365369796753,0.759078323841095,94.3601388888889,0.79,2,8,93.02805555555555,0.6488792896270752,27.66535,63.960403,-148.31967163085938,2.343645307752821
5KPH_2_8_3_id2,0.8801984190940857,2.2324023246765137,95.63888888888889,0.8,2,8,93.02805555555555,0.6488792896270752,27.66535,63.960403,-152.138671875,2.496072769165039
5KPH_2_8_3_id20,0.6668527722358704,0.8511638045310974,92.02180555555556,0.76,2,8,93.02805555555555,0.6488792896270752,27.66535,63.960403,-150.74095153808594,1.98687744140625
5KPH_2_8_3_id21,0.7952163219451904,0.9725106954574585,93.27444444444444,0.78,2,8,93.02805555555555,0.6488792896270752,27.66535,63.960403,-149.81533813476562,2.1798157162136502
5KPH_2_8_3_id22,0.7993043065071106,0.957831859588623,91.93597222222223,0.76,2,8,93.02805555555555,0.6488792896270752,27.66535,63.960403,-150.69454956054688,2.667715072631836
5KPH_2_8_3_id3,1.5343672037124634,0.9172365069389343,92.84277777777775,0.77,2,8,93.02805555555555,0.6488792896270752,27.66535,63.960403,-152.26422119140625,2.0316984388563366
5KPH_2_8_3_id4,2.0650012493133545,0.9523076415061951,93.08694444444444,0.78,2,8,93.02805555555555,0.6488792896270752,27.66535,63.960403,-151.49632263183594,2.408075968424479
5KPH_2_8_3_id5,1.8283954858779907,0.611076831817627,94.31888888888888,0.8,2,8,93.02805555555555,0.6488792896270752,27.66535,63.960403,-152.22335815429688,2.373846901787652
5KPH_2_8_3_id6,2.1192357540130615,0.7993258237838745,93.84513888888888,0.8,2,8,93.02805555555555,0.6488792896270752,27.66535,63.960403,-151.3772735595703,2.5186754862467446
5KPH_2_8_3_id7,0.8700363039970398,2.301067590713501,94.03152777777778,0.8,2,8,93.02805555555555,0.6488792896270752,27.66535,63.960403,-152.83041381835938,2.1630015903049045
5KPH_2_8_3_id8,2.0256614685058594,0.8911140561103821,90.36708333333334,0.72,2,8,93.02805555555555,0.6488792896270752,27.66535,63.960403,-151.3397216796875,2.14756351047092
5KPH_2_8_3_id9,1.957118272781372,0.7097403407096863,95.17666666666668,0.81,2,8,93.02805555555555,0.6488792896270752,27.66535,63.960403,-152.2440185546875,2.3028846316867404
5KPH_2_8_4_id0,0.8459814786911011,0.9570159316062927,92.65722222222222,0.77,2,8,95.99444444444444,0.6906513571739197,27.07898,64.24088,-153.01010131835938,2.2259358300103083
5KPH_2_8_4_id1,0.7195988893508911,1.7298600673675537,94.19458333333334,0.8,2,8,95.99444444444444,0.6906513571739197,27.07898,64.24088,-152.85154724121094,2.395185258653429
5KPH_2_8_4_id10,0.7917791604995728,1.572067141532898,93.4361111111111,0.79,2,8,95.99444444444444,0.6906513571739197,27.07898,64.24088,-153.59657287597656,2.494980494181315
5KPH_2_8_4_id11,0.8269909024238586,1.7833062410354614,94.26513888888888,0.8,2,8,95.99444444444444,0.6906513571739197,27.07898,64.24088,-156.47998046875,2.3102169036865234
5KPH_2_8_4_id12,0.7615653872489929,1.839417576789856,94.27,0.8,2,8,95.99444444444444,0.6906513571739197,27.07898,64.24088,-154.7622528076172,2.386768341064453
5KPH_2_8_4_id13,0.8062060475349426,1.4848893880844116,93.40972222222224,0.79,2,8,95.99444444444444,0.6906513571739197,27.07898,64.24088,-155.52256774902344,2.5284347534179688
5KPH_2_8_4_id14,0.7901078462600708,1.5253937244415283,95.75375,0.82,2,8,95.99444444444444,0.6906513571739197,27.07898,64.24088,-149.33648681640625,2.611239539252387
5KPH_2_8_4_id15,0.7992283701896667,1.482731580734253,94.31611111111113,0.79,2,8,95.99444444444444,0.6906513571739197,27.07898,64.24088,-153.7593231201172,2.4368824428982205
5KPH_2_8_4_id16,0.883769154548645,1.3899303674697876,94.05652777777776,0.78,2,8,95.99444444444444,0.6906513571739197,27.07898,64.24088,-153.5032958984375,2.5693384806315103
5KPH_2_8_4_id17,0.8664199709892273,1.8184764385223389,95.50888888888888,0.82,2,8,95.99444444444444,0.6906513571739197,27.07898,64.24088,-154.54940795898438,2.3059717814127603
5KPH_2_8_4_id18,0.7750468850135803,1.7540565729141235,93.82430555555555,0.79,2,8,95.99444444444444,0.6906513571739197,27.07898,64.24088,-155.49256896972656,2.6904351976182728
5KPH_2_8_4_id19,0.7723485827445984,1.6551967859268188,94.21375,0.8,2,8,95.99444444444444,0.6906513571739197,27.07898,64.24088,-153.88706970214844,2.5531007978651257
5KPH_2_8_4_id2,0.8280959129333496,1.5385913848876953,92.22444444444444,0.77,2,8,95.99444444444444,0.6906513571739197,27.07898,64.24088,-152.38099670410156,2.4932799869113498
5KPH_2_8_4_id20,0.7808151841163635,2.021013021469116,95.385,0.83,2,8,95.99444444444444,0.6906513571739197,27.07898,64.24088,-154.5142364501953,2.4864012400309243
5KPH_2_8_4_id21,0.8598843812942505,2.2537734508514404,93.70430555555556,0.79,2,8,95.99444444444444,0.6906513571739197,27.07898,64.24088,-155.71353149414062,2.3212928771972656
5KPH_2_8_4_id22,0.7219964265823364,1.6836552619934082,94.15,0.81,2,8,95.99444444444444,0.6906513571739197,27.07898,64.24088,-154.16969299316406,2.5128343370225696
5KPH_2_8_4_id23,0.7677299380302429,1.6485097408294678,93.83319444444444,0.79,2,8,95.99444444444444,0.6906513571739197,27.07898,64.24088,-154.07322692871094,2.360124799940321
5KPH_2_8_4_id3,0.8621068596839905,1.5746992826461792,93.99347222222224,0.8,2,8,95.99444444444444,0.6906513571739197,27.07898,64.24088,-153.52410888671875,2.5976554022894964
5KPH_2_8_4_id4,0.7208700180053711,1.9169613122940063,93.91722222222222,0.79,2,8,95.99444444444444,0.6906513571739197,27.07898,64.24088,-153.45675659179688,2.3714747958713107
5KPH_2_8_4_id5,0.7584197521209717,1.9381985664367676,94.25791666666667,0.8,2,8,95.99444444444444,0.6906513571739197,27.07898,64.24088,-154.06991577148438,2.590302997165256
5KPH_2_8_4_id6,0.713192880153656,1.4520500898361206,93.99041666666666,0.8,2,8,95.99444444444444,0.6906513571739197,27.07898,64.24088,-152.12307739257812,2.4404385884602866
5KPH_2_8_4_id7,0.8696519732475281,2.0054330825805664,94.92916666666666,0.8,2,8,95.99444444444444,0.6906513571739197,27.07898,64.24088,-155.17881774902344,2.4941808912489147
5KPH_2_8_4_id8,0.7485000491142273,1.7005858421325684,95.27263888888888,0.82,2,8,95.99444444444444,0.6906513571739197,27.07898,64.24088,-154.90647888183594,2.5549248589409723
5KPH_2_8_4_id9,0.7273931503295898,1.8098064661026,95.96486111111112,0.83,2,8,95.99444444444444,0.6906513571739197,27.07898,64.24088,-154.36575317382812,2.445091671413845
5KPH_2_8_5_id0,0.877854585647583,2.3289906978607178,94.49166666666667,0.8,2,8,95.32013888888888,0.5849745273590088,26.90008,63.539955,-150.65977478027344,2.4845504760742188
5KPH_2_8_5_id1,0.8726851344108582,2.435724973678589,94.76625,0.81,2,8,95.32013888888888,0.5849745273590088,26.90008,63.539955,-149.22479248046875,2.549624972873264
5KPH_2_8_5_id10,2.0392906665802,1.138109803199768,93.48097222222222,0.79,2,8,95.32013888888888,0.5849745273590088,26.90008,63.539955,-148.8396759033203,2.272849824693468
5KPH_2_8_5_id11,1.096791386604309,2.5733301639556885,93.80125,0.79,2,8,95.32013888888888,0.5849745273590088,26.90008,63.539955,-150.90403747558594,2.484144846598307
5KPH_2_8_5_id12,0.7137044668197632,1.1097129583358765,93.13736111111112,0.77,2,8,95.32013888888888,0.5849745273590088,26.90008,63.539955,-151.05319213867188,2.236670176188151
5KPH_2_8_5_id13,1.8439996242523193,1.1784192323684692,93.56013888888889,0.78,2,8,95.32013888888888,0.5849745273590088,26.90008,63.539955,-151.65460205078125,2.482697380913629
5KPH_2_8_5_id14,0.8632206320762634,2.36179780960083,94.20833333333331,0.79,2,8,95.32013888888888,0.5849745273590088,26.90008,63.539955,-152.34385681152344,2.3992945353190103
5KPH_2_8_5_id15,0.9013461470603943,1.9826992750167847,93.4815277777778,0.79,2,8,95.32013888888888,0.5849745273590088,26.90008,63.539955,-149.70643615722656,2.452193790011936
5KPH_2_8_5_id16,0.7452477812767029,1.2244206666946411,91.08416666666668,0.74,2,8,95.32013888888888,0.5849745273590088,26.90008,63.539955,-150.73129272460938,2.305975596110026
5KPH_2_8_5_id17,0.9307903051376343,2.391658306121826,93.53902777777778,0.78,2,8,95.32013888888888,0.5849745273590088,26.90008,63.539955,-151.22767639160156,2.3296067979600696
5KPH_2_8_5_id18,0.9943260550498962,2.4086320400238037,94.42708333333331,0.8,2,8,95.32013888888888,0.5849745273590088,26.90008,63.539955,-149.4913330078125,2.483448028564453
5KPH_2_8_5_id19,1.8767632246017456,0.9121230840682983,93.57694444444444,0.78,2,8,95.32013888888888,0.5849745273590088,26.90008,63.539955,-147.4394989013672,2.329151153564453
5KPH_2_8_5_id2,0.9977819919586182,2.4645192623138428,93.5090277777778,0.79,2,8,95.32013888888888,0.5849745273590088,26.90008,63.539955,-149.57923889160156,2.2562158372667103
5KPH_2_8_5_id20,0.7305229306221008,1.1438090801239014,94.29166666666669,0.81,2,8,95.32013888888888,0.5849745273590088,26.90008,63.539955,-148.5583038330078,2.46355840894911
5KPH_2_8_5_id21,1.023956060409546,2.4249281883239746,94.86291666666666,0.8,2,8,95.32013888888888,0.5849745273590088,26.90008,63.539955,-149.39817810058594,2.307586669921875
5KPH_2_8_5_id22,0.8187676072120667,0.9721692800521851,94.31597222222224,0.79,2,8,95.32013888888888,0.5849745273590088,26.90008,63.539955,-150.86878967285156,2.702275594075521
5KPH_2_8_5_id23,0.7772102952003479,1.0905855894088745,93.08208333333332,0.78,2,8,95.32013888888888,0.5849745273590088,26.90008,63.539955,-151.04574584960938,2.353340360853407
5KPH_2_8_5_id3,1.0270419120788574,2.425159215927124,92.04347222222222,0.75,2,8,95.32013888888888,0.5849745273590088,26.90008,63.539955,-149.375732421875,2.639386706882053
5KPH_2_8_5_id4,0.7938767075538635,1.2294284105300903,88.44583333333333,0.69,2,8,95.32013888888888,0.5849745273590088,26.90008,63.539955,-147.92977905273438,2.6992634667290583
5KPH_2_8_5_id5,0.8107479214668274,0.9267091751098633,93.44986111111112,0.77,2,8,95.32013888888888,0.5849745273590088,26.90008,63.539955,-151.54425048828125,2.5095748901367188
5KPH_2_8_5_id6,0.6868097186088562,1.174991488456726,93.95541666666664,0.8,2,8,95.32013888888888,0.5849745273590088,26.90008,63.539955,-149.862060546875,2.62166002061632
5KPH_2_8_5_id7,0.8279088735580444,2.457131862640381,94.49805555555557,0.8,2,8,95.32013888888888,0.5849745273590088,26.90008,63.539955,-149.98373413085938,2.474390241834852
5KPH_2_8_5_id8,0.981164813041687,1.119887113571167,94.64611111111113,0.77,2,8,95.32013888888888,0.5849745273590088,26.90008,63.539955,-150.26019287109375,2.305054558648004
5KPH_2_8_5_id9,1.903253197669983,1.0426256656646729,91.37625,0.75,2,8,95.32013888888888,0.5849745273590088,26.90008,63.539955,-150.8245849609375,2.453189002143012
5KPH_2_8_6_id0,1.0072647333145142,0.8865339159965515,94.03722222222224,0.8,2,8,93.33583333333334,0.5940830111503601,27.83344,64.59608,-153.8297119140625,2.285274929470486
5KPH_2_8_6_id1,0.7607846856117249,2.524016857147217,93.82569444444444,0.8,2,8,93.33583333333334,0.5940830111503601,27.83344,64.59608,-152.63018798828125,2.252257876925998
5KPH_2_8_6_id10,1.0044052600860596,2.343919515609741,94.84902777777776,0.81,2,8,93.33583333333334,0.5940830111503601,27.83344,64.59608,-154.52362060546875,2.594152026706272
5KPH_2_8_6_id11,0.8574577569961548,1.3845529556274414,93.82069444444444,0.78,2,8,93.33583333333334,0.5940830111503601,27.83344,64.59608,-153.23089599609375,2.182835472954644
5KPH_2_8_6_id12,0.9935250878334045,2.289374589920044,94.75430555555556,0.81,2,8,93.33583333333334,0.5940830111503601,27.83344,64.59608,-153.74880981445312,2.118087980482313
5KPH_2_8_6_id13,1.0282490253448486,0.833524227142334,95.16541666666666,0.81,2,8,93.33583333333334,0.5940830111503601,27.83344,64.59608,-153.7548065185547,2.2187186347113714
5KPH_2_8_6_id14,0.9039531350135803,2.536311388015747,92.8234722222222,0.78,2,8,93.33583333333334,0.5940830111503601,27.83344,64.59608,-152.4443359375,2.1937713623046875
5KPH_2_8_6_id15,0.9095805287361145,0.8570299744606018,90.28986111111112,0.72,2,8,93.33583333333334,0.5940830111503601,27.83344,64.59608,-150.40675354003906,2.2526372273763022
5KPH_2_8_6_id16,1.7135804891586304,0.9557538032531738,90.86972222222222,0.74,2,8,93.33583333333334,0.5940830111503601,27.83344,64.59608,-153.9300994873047,2.0203526814778647
5KPH_2_8_6_id17,0.9573929309844971,0.8723325133323669,94.68652777777778,0.8,2,8,93.33583333333334,0.5940830111503601,27.83344,64.59608,-153.43240356445312,2.2827224731445312
5KPH_2_8_6_id18,1.0127071142196655,1.0775526762008667,92.27833333333334,0.77,2,8,93.33583333333334,0.5940830111503601,27.83344,64.59608,-151.44097900390625,2.2601826985677085
5KPH_2_8_6_id19,1.0761282444000244,0.8563836216926575,94.75652777777776,0.8,2,8,93.33583333333334,0.5940830111503601,27.83344,64.59608,-153.02371215820312,2.302449332343208
5KPH_2_8_6_id2,1.3102564811706543,0.9105899930000305,89.86944444444445,0.74,2,8,93.33583333333334,0.5940830111503601,27.83344,64.59608,-146.77947998046875,2.2005831400553384
5KPH_2_8_6_id20,1.0047130584716797,0.9288297295570374,91.78875,0.77,2,8,93.33583333333334,0.5940830111503601,27.83344,64.59608,-154.00485229492188,2.2091471354166665
5KPH_2_8_6_id21,0.8139005899429321,1.1658111810684204,94.2173611111111,0.8,2,8,93.33583333333334,0.5940830111503601,27.83344,64.59608,-151.3251495361328,2.1703965928819446
5KPH_2_8_6_id22,0.811610221862793,0.9440146088600159,94.07833333333332,0.79,2,8,93.33583333333334,0.5940830111503601,27.83344,64.59608,-153.6299591064453,2.1886880662706165
5KPH_2_8_6_id23,0.9999023675918579,2.5253407955169678,93.77055555555556,0.79,2,8,93.33583333333334,0.5940830111503601,27.83344,64.59608,-151.91563415527344,2.214630974663629
5KPH_2_8_6_id3,1.0667296648025513,1.1467132568359375,92.23347222222222,0.76,2,8,93.33583333333334,0.5940830111503601,27.83344,64.59608,-154.52943420410156,2.230501810709636
5KPH_2_8_6_id4,1.072189211845398,0.8331496715545654,94.76944444444445,0.8,2,8,93.33583333333334,0.5940830111503601,27.83344,64.59608,-152.80418395996094,2.295301861233181
5KPH_2_8_6_id5,0.9531868696212769,0.9345126152038574,93.35222222222222,0.79,2,8,93.33583333333334,0.5940830111503601,27.83344,64.59608,-153.33872985839844,2.201208326551649
5KPH_2_8_6_id6,1.0499180555343628,1.076488971710205,92.82666666666668,0.77,2,8,93.33583333333334,0.5940830111503601,27.83344,64.59608,-153.93545532226562,2.274453269110785
5KPH_2_8_6_id7,0.9283210039138794,1.129410982131958,93.54944444444445,0.79,2,8,93.33583333333334,0.5940830111503601,27.83344,64.59608,-154.6964569091797,2.287746853298611
5KPH_2_8_6_id8,0.8192695379257202,1.0735890865325928,94.98555555555556,0.81,2,8,93.33583333333334,0.5940830111503601,27.83344,64.59608,-152.4060516357422,2.0468961927625866
5KPH_2_8_6_id9,1.6767572164535522,0.9903640151023865,91.79944444444445,0.76,2,8,93.33583333333334,0.5940830111503601,27.83344,64.59608,-151.79100036621094,2.266523996988932
5KPH_2_8_7_id0,1.9775363206863403,1.0912816524505615,91.92819444444444,0.77,2,8,94.09125,0.6078482270240784,28.068794,63.397446,-149.69699096679688,2.19889873928494
5KPH_2_8_7_id1,0.8865227103233337,0.9613476395606995,91.10555555555555,0.72,2,8,94.09125,0.6078482270240784,28.068794,63.397446,-150.23109436035156,2.3980950249565973
5KPH_2_8_7_id10,0.8102225065231323,1.1903948783874512,94.3751388888889,0.79,2,8,94.09125,0.6078482270240784,28.068794,63.397446,-149.8363037109375,2.1133028666178384
5KPH_2_8_7_id11,0.6030672192573547,1.1519984006881714,93.85361111111108,0.78,2,8,94.09125,0.6078482270240784,28.068794,63.397446,-150.1038055419922,2.1765064663357205
5KPH_2_8_7_id12,1.9163856506347656,0.9132457375526428,93.47875,0.79,2,8,94.09125,0.6078482270240784,28.068794,63.397446,-151.66343688964844,2.220160378350152
5KPH_2_8_7_id13,1.5136290788650513,1.0127990245819092,93.825,0.78,2,8,94.09125,0.6078482270240784,28.068794,63.397446,-149.56781005859375,2.2896109686957464
5KPH_2_8_7_id14,0.8290843367576599,2.060605764389038,95.18083333333334,0.82,2,8,94.09125,0.6078482270240784,28.068794,63.397446,-148.6616973876953,2.046630859375
5KPH_2_8_7_id15,0.734619677066803,0.9021716713905334,94.66402777777778,0.81,2,8,94.09125,0.6078482270240784,28.068794,63.397446,-152.66505432128906,2.057672924465604
5KPH_2_8_7_id16,1.0534414052963257,0.8772971034049988,95.6298611111111,0.82,2,8,94.09125,0.6078482270240784,28.068794,63.397446,-149.5181884765625,2.305491977267795
5KPH_2_8_7_id17,0.9069918394088745,1.4350136518478394,93.22277777777776,0.77,2,8,94.09125,0.6078482270240784,28.068794,63.397446,-150.99998474121094,2.288521236843533
5KPH_2_8_7_id18,0.9381250143051147,1.1088060140609741,92.73916666666668,0.77,2,8,94.09125,0.6078482270240784,28.068794,63.397446,-151.8425750732422,2.424836900499132
5KPH_2_8_7_id19,0.9445756077766418,0.8484556674957275,93.91694444444444,0.78,2,8,94.09125,0.6078482270240784,28.068794,63.397446,-149.64425659179688,2.353126949734158
5KPH_2_8_7_id2,1.9307959079742432,1.0927337408065796,92.21305555555556,0.76,2,8,94.09125,0.6078482270240784,28.068794,63.397446,-150.30010986328125,2.0485331217447915
5KPH_2_8_7_id20,2.06333327293396,0.9617668986320496,93.6561111111111,0.78,2,8,94.09125,0.6078482270240784,28.068794,63.397446,-150.30987548828125,2.231503380669488
5KPH_2_8_7_id21,0.7391478419303894,1.8881536722183228,95.02458333333334,0.82,2,8,94.09125,0.6078482270240784,28.068794,63.397446,-150.3660888671875,2.183834923638238
5KPH_2_8_7_id22,0.7916788458824158,1.789745569229126,92.95611111111111,0.79,2,8,94.09125,0.6078482270240784,28.068794,63.397446,-152.85720825195312,2.309767829047309
5KPH_2_8_7_id23,0.8687701225280762,1.2576117515563965,93.26652777777778,0.77,2,8,94.09125,0.6078482270240784,28.068794,63.397446,-150.84608459472656,2.166367848714193
5KPH_2_8_7_id3,1.9717305898666382,1.0739456415176392,92.55472222222222,0.77,2,8,94.09125,0.6078482270240784,28.068794,63.397446,-153.53884887695312,2.7341100904676647
5KPH_2_8_7_id4,0.8641939759254456,0.9866640567779541,91.21972222222222,0.75,2,8,94.09125,0.6078482270240784,28.068794,63.397446,-149.44439697265625,2.215454949273004
5KPH_2_8_7_id5,0.9145368933677673,2.134883165359497,95.04027777777776,0.8,2,8,94.09125,0.6078482270240784,28.068794,63.397446,-151.76998901367188,2.27639389038086
5KPH_2_8_7_id6,0.8739327192306519,2.038001537322998,95.57027777777778,0.81,2,8,94.09125,0.6078482270240784,28.068794,63.397446,-151.89776611328125,2.342816670735677
5KPH_2_8_7_id7,0.834898054599762,2.0037872791290283,95.00638888888888,0.81,2,8,94.09125,0.6078482270240784,28.068794,63.397446,-149.03311157226562,2.3887125651041665
5KPH_2_8_7_id8,0.9159753322601318,0.9536553621292114,92.05,0.76,2,8,94.09125,0.6078482270240784,28.068794,63.397446,-149.85409545898438,2.444652557373047
5KPH_2_8_7_id9,0.8199371099472046,1.1968973875045776,92.89791666666666,0.78,2,8,94.09125,0.6078482270240784,28.068794,63.397446,-150.5064239501953,2.202898025512696
5KPH_2_8_8_id0,0.7391597032546997,1.902851939201355,94.62388888888889,0.82,2,8,94.5951388888889,0.7780401110649109,27.195671,62.87919,-148.7662353515625,2.183889600965712
5KPH_2_8_8_id1,0.803324818611145,2.0045554637908936,93.99041666666668,0.8,2,8,94.5951388888889,0.7780401110649109,27.195671,62.87919,-152.49725341796875,2.2615377638075085
5KPH_2_8_8_id10,0.8306984901428223,1.886069893836975,94.83638888888888,0.82,2,8,94.5951388888889,0.7780401110649109,27.195671,62.87919,-152.93710327148438,2.330584632025825
5KPH_2_8_8_id11,0.6709660887718201,1.8932321071624756,93.36972222222222,0.79,2,8,94.5951388888889,0.7780401110649109,27.195671,62.87919,-147.5483856201172,2.175242529975044
5KPH_2_8_8_id12,0.8791319131851196,1.553760051727295,92.92236111111112,0.8,2,8,94.5951388888889,0.7780401110649109,27.195671,62.87919,-151.44207763671875,2.2760738796657987
5KPH_2_8_8_id13,0.5153843760490417,1.1918553113937378,92.53083333333332,0.77,2,8,94.5951388888889,0.7780401110649109,27.195671,62.87919,-147.81532287597656,2.1211174858940973
5KPH_2_8_8_id14,0.8948866128921509,2.156446933746338,95.44166666666666,0.82,2,8,94.5951388888889,0.7780401110649109,27.195671,62.87919,-151.90289306640625,2.207230885823568
5KPH_2_8_8_id15,0.7346776723861694,1.7196040153503418,94.33208333333332,0.81,2,8,94.5951388888889,0.7780401110649109,27.195671,62.87919,-152.66615295410156,2.419215520222982
5KPH_2_8_8_id16,0.8143950700759888,1.849534511566162,94.30430555555556,0.79,2,8,94.5951388888889,0.7780401110649109,27.195671,62.87919,-152.90499877929688,2.2164794074164496
5KPH_2_8_8_id17,0.7865485548973083,1.6872317790985107,93.42375,0.79,2,8,94.5951388888889,0.7780401110649109,27.195671,62.87919,-152.6380615234375,2.2208209567599826
5KPH_2_8_8_id18,0.8065059781074524,2.0496554374694824,94.58513888888888,0.79,2,8,94.5951388888889,0.7780401110649109,27.195671,62.87919,-152.58242797851562,2.4174796210394964
5KPH_2_8_8_id19,0.8776147961616516,1.6756622791290283,94.04194444444444,0.79,2,8,94.5951388888889,0.7780401110649109,27.195671,62.87919,-152.23971557617188,2.4609788258870444
5KPH_2_8_8_id2,0.897668719291687,1.2715129852294922,93.49805555555557,0.8,2,8,94.5951388888889,0.7780401110649109,27.195671,62.87919,-151.47512817382812,2.252770317925348
5KPH_2_8_8_id20,0.6970807909965515,1.836300253868103,95.19402777777776,0.82,2,8,94.5951388888889,0.7780401110649109,27.195671,62.87919,-148.80331420898438,2.442469278971354
5KPH_2_8_8_id21,0.7863274216651917,1.796939730644226,94.62125,0.8,2,8,94.5951388888889,0.7780401110649109,27.195671,62.87919,-152.29270935058594,2.389414469401041
5KPH_2_8_8_id22,0.7343602776527405,1.5870765447616577,94.67319444444443,0.81,2,8,94.5951388888889,0.7780401110649109,27.195671,62.87919,-155.08766174316406,2.297485775417752
5KPH_2_8_8_id23,0.7722312808036804,1.8375738859176636,95.37944444444445,0.82,2,8,94.5951388888889,0.7780401110649109,27.195671,62.87919,-152.78997802734375,2.105132208930121
5KPH_2_8_8_id3,0.8065222501754761,2.0693960189819336,93.70486111111111,0.79,2,8,94.5951388888889,0.7780401110649109,27.195671,62.87919,-152.982421875,2.238171683417426
5KPH_2_8_8_id4,0.833411693572998,2.0631086826324463,95.18277777777776,0.82,2,8,94.5951388888889,0.7780401110649109,27.195671,62.87919,-151.4045867919922,2.2466303507486978
5KPH_2_8_8_id5,0.8568521738052368,2.0981783866882324,94.75041666666668,0.81,2,8,94.5951388888889,0.7780401110649109,27.195671,62.87919,-152.48953247070312,2.262202156914605
5KPH_2_8_8_id6,0.7928390502929688,2.2840538024902344,95.17611111111113,0.82,2,8,94.5951388888889,0.7780401110649109,27.195671,62.87919,-152.68728637695312,2.172430250379774
5KPH_2_8_8_id7,0.8449121117591858,2.130542755126953,93.83736111111112,0.79,2,8,94.5951388888889,0.7780401110649109,27.195671,62.87919,-150.55091857910156,2.5291837056477866
5KPH_2_8_8_id8,0.840031087398529,0.8496361970901489,94.81930555555556,0.79,2,8,94.5951388888889,0.7780401110649109,27.195671,62.87919,-151.3515625,2.2698353661431208
5KPH_2_8_8_id9,0.7605514526367188,1.7761784791946411,93.14875,0.79,2,8,94.5951388888889,0.7780401110649109,27.195671,62.87919,-153.38748168945312,2.057502958509657
5KPH_2_8_9_id0,0.9884275794029236,0.776454746723175,92.0275,0.74,2,8,95.5898611111111,0.6108673810958862,27.304863,64.34377,-148.45596313476562,2.197726355658637
5KPH_2_8_9_id1,1.4549893140792847,0.9082422256469727,90.29291666666668,0.74,2,8,95.5898611111111,0.6108673810958862,27.304863,64.34377,-150.12628173828125,2.2148755391438804
5KPH_2_8_9_id10,1.2789591550827026,1.0732744932174683,92.70819444444444,0.76,2,8,95.5898611111111,0.6108673810958862,27.304863,64.34377,-146.08465576171875,2.327198452419705
5KPH_2_8_9_id11,0.7995367646217346,2.191047430038452,93.53763888888888,0.78,2,8,95.5898611111111,0.6108673810958862,27.304863,64.34377,-148.99928283691406,2.188139173719618
5KPH_2_8_9_id12,0.8661282062530518,0.835655927658081,92.67208333333332,0.75,2,8,95.5898611111111,0.6108673810958862,27.304863,64.34377,-149.5955047607422,2.168401082356771
5KPH_2_8_9_id13,0.8258959054946899,1.006738305091858,92.07416666666668,0.75,2,8,95.5898611111111,0.6108673810958862,27.304863,64.34377,-148.50587463378906,2.4944669935438366
5KPH_2_8_9_id14,1.164475440979004,1.0492743253707886,92.51569444444443,0.78,2,8,95.5898611111111,0.6108673810958862,27.304863,64.34377,-149.40440368652344,2.2171728346082897
5KPH_2_8_9_id15,0.9440991878509521,2.471593141555786,91.60333333333334,0.76,2,8,95.5898611111111,0.6108673810958862,27.304863,64.34377,-145.92356872558594,2.163317574395074
5KPH_2_8_9_id16,0.8260727524757385,0.9618725776672363,92.62722222222222,0.77,2,8,95.5898611111111,0.6108673810958862,27.304863,64.34377,-150.50970458984375,2.179761462741428
5KPH_2_8_9_id17,2.0160670280456543,0.8991670608520508,93.18222222222222,0.79,2,8,95.5898611111111,0.6108673810958862,27.304863,64.34377,-150.67935180664062,2.395027584499783
5KPH_2_8_9_id18,0.8529550433158875,2.2624270915985107,93.18305555555555,0.79,2,8,95.5898611111111,0.6108673810958862,27.304863,64.34377,-150.2516632080078,2.345527225070529
5KPH_2_8_9_id19,0.8514220714569092,2.2422730922698975,91.93194444444444,0.76,2,8,95.5898611111111,0.6108673810958862,27.304863,64.34377,-147.9631805419922,2.011780209011502
5KPH_2_8_9_id2,0.8405719995498657,2.2228643894195557,95.0761111111111,0.81,2,8,95.5898611111111,0.6108673810958862,27.304863,64.34377,-151.7010498046875,2.4723487430148654
5KPH_2_8_9_id20,0.800205647945404,1.601427435874939,92.07708333333332,0.77,2,8,95.5898611111111,0.6108673810958862,27.304863,64.34377,-147.1446990966797,2.321974648369684
5KPH_2_8_9_id21,1.0984323024749756,2.5984549522399902,94.07375,0.81,2,8,95.5898611111111,0.6108673810958862,27.304863,64.34377,-147.974365234375,2.5038782755533853
5KPH_2_8_9_id23,0.9011149406433105,0.9474459886550903,93.85666666666668,0.79,2,8,95.5898611111111,0.6108673810958862,27.304863,64.34377,-146.70770263671875,2.3517333136664496
5KPH_2_8_9_id3,0.9380210041999817,1.5873503684997559,92.56097222222222,0.76,2,8,95.5898611111111,0.6108673810958862,27.304863,64.34377,-149.70538330078125,2.234676996866862
5KPH_2_8_9_id4,1.950750470161438,0.7249005436897278,92.76819444444445,0.78,2,8,95.5898611111111,0.6108673810958862,27.304863,64.34377,-150.14381408691406,2.320894241333008
5KPH_2_8_9_id5,1.902303695678711,1.0267457962036133,93.01194444444444,0.78,2,8,95.5898611111111,0.6108673810958862,27.304863,64.34377,-149.0101776123047,2.261108822292752
5KPH_2_8_9_id6,2.2282662391662598,1.232909917831421,92.37277777777778,0.77,2,8,95.5898611111111,0.6108673810958862,27.304863,64.34377,-148.70518493652344,2.100796169704861
5KPH_2_8_9_id7,1.4621880054473877,0.9881928563117981,90.725,0.75,2,8,95.5898611111111,0.6108673810958862,27.304863,64.34377,-148.5421142578125,2.2079361809624567
5KPH_2_8_9_id8,1.2991883754730225,0.7821725606918335,92.87430555555557,0.75,2,8,95.5898611111111,0.6108673810958862,27.304863,64.34377,-150.97508239746094,2.278480529785156
5KPH_2_8_9_id9,0.80428546667099,1.0342029333114624,92.49847222222222,0.76,2,8,95.5898611111111,0.6108673810958862,27.304863,64.34377,-148.95156860351562,2.2620824178059897
5KPH_4_2_0_id0,1.0977107286453247,1.4211313724517822,96.94916666666668,0.84,4,2,89.83805555555556,0.8471478223800659,32.367107,68.86401,-150.9445343017578,2.25754631890191
5KPH_4_2_0_id1,0.8511030077934265,4.300565719604492,96.32388888888887,0.83,4,2,89.83805555555556,0.8471478223800659,32.367107,68.86401,-150.11827087402344,1.888072755601671
5KPH_4_2_0_id10,0.9039496183395386,1.3567055463790894,96.09569444444443,0.82,4,2,89.83805555555556,0.8471478223800659,32.367107,68.86401,-149.98812866210938,1.8902464972602
5KPH_4_2_0_id11,0.8850526809692383,3.494056463241577,93.26472222222222,0.78,4,2,89.83805555555556,0.8471478223800659,32.367107,68.86401,-150.41552734375,2.21833250257704
5KPH_4_2_0_id12,0.898821234703064,2.070598602294922,96.06888888888888,0.83,4,2,89.83805555555556,0.8471478223800659,32.367107,68.86401,-150.92689514160156,2.0136070251464844
5KPH_4_2_0_id13,0.9810412526130676,1.691583275794983,96.28347222222224,0.82,4,2,89.83805555555556,0.8471478223800659,32.367107,68.86401,-150.60366821289062,2.1846870846218533
5KPH_4_2_0_id14,0.8382418751716614,1.6678792238235474,94.275,0.8,4,2,89.83805555555556,0.8471478223800659,32.367107,68.86401,-150.16009521484375,2.0753919813368054
5KPH_4_2_0_id15,0.8989137411117554,1.5823434591293335,96.14805555555556,0.83,4,2,89.83805555555556,0.8471478223800659,32.367107,68.86401,-151.59817504882812,2.036778344048394
5KPH_4_2_0_id16,0.8373265266418457,4.378786087036133,96.90236111111112,0.84,4,2,89.83805555555556,0.8471478223800659,32.367107,68.86401,-149.32034301757812,2.0320358276367188
5KPH_4_2_0_id17,1.0073527097702026,4.458541393280029,97.04569444444444,0.84,4,2,89.83805555555556,0.8471478223800659,32.367107,68.86401,-150.05516052246094,2.168273501925998
5KPH_4_2_0_id18,0.9608694314956665,4.285642623901367,96.59347222222225,0.83,4,2,89.83805555555556,0.8471478223800659,32.367107,68.86401,-149.96664428710938,2.3216141594780817
5KPH_4_2_0_id19,0.8155748844146729,2.486865520477295,92.74333333333334,0.8,4,2,89.83805555555556,0.8471478223800659,32.367107,68.86401,-149.10842895507812,2.029735565185547
5KPH_4_2_0_id2,0.8895872235298157,1.8209322690963745,96.82805555555554,0.84,4,2,89.83805555555556,0.8471478223800659,32.367107,68.86401,-150.39398193359375,2.1657994588216147
5KPH_4_2_0_id20,1.8903001546859741,2.0083038806915283,90.86208333333332,0.72,4,2,89.83805555555556,0.8471478223800659,32.367107,68.86401,-148.2130584716797,2.2172571818033853
5KPH_4_2_0_id21,0.8014708161354065,4.131505012512207,96.01416666666668,0.84,4,2,89.83805555555556,0.8471478223800659,32.367107,68.86401,-150.60858154296875,1.9667477077907989
5KPH_4_2_0_id22,0.9519218802452087,1.5821504592895508,97.24611111111112,0.84,4,2,89.83805555555556,0.8471478223800659,32.367107,68.86401,-150.02272033691406,2.2631687588161893
5KPH_4_2_0_id23,0.9181081056594849,4.378651142120361,95.11972222222224,0.82,4,2,89.83805555555556,0.8471478223800659,32.367107,68.86401,-149.6470947265625,2.001672532823351
5KPH_4_2_0_id3,0.7468440532684326,1.5290592908859253,95.28097222222222,0.82,4,2,89.83805555555556,0.8471478223800659,32.367107,68.86401,-149.7032470703125,2.1324452294243708
5KPH_4_2_0_id4,0.8108011484146118,4.2269721031188965,96.89944444444444,0.84,4,2,89.83805555555556,0.8471478223800659,32.367107,68.86401,-148.3726348876953,2.4328384399414062
5KPH_4_2_0_id5,0.9326249957084656,1.7730839252471924,96.57791666666668,0.83,4,2,89.83805555555556,0.8471478223800659,32.367107,68.86401,-147.59588623046875,2.215710745917426
5KPH_4_2_0_id6,0.7602936029434204,1.6081210374832153,96.08680555555556,0.82,4,2,89.83805555555556,0.8471478223800659,32.367107,68.86401,-149.77394104003906,1.986719767252604
5KPH_4_2_0_id7,0.832797110080719,2.033416509628296,95.74916666666668,0.83,4,2,89.83805555555556,0.8471478223800659,32.367107,68.86401,-149.7813720703125,1.9038077460394964
5KPH_4_2_0_id8,0.7810539603233337,1.9994633197784424,95.79666666666668,0.82,4,2,89.83805555555556,0.8471478223800659,32.367107,68.86401,-150.05258178710938,2.0895440843370228
5KPH_4_2_0_id9,0.8933470249176025,4.26501989364624,95.18083333333334,0.82,4,2,89.83805555555556,0.8471478223800659,32.367107,68.86401,-150.0471649169922,2.0791363186306424
5KPH_4_2_1_id0,0.766928493976593,4.4331583976745605,95.78125,0.8,4,2,93.7025,0.6699576377868652,33.510128,69.949936,-146.16793823242188,2.233399709065756
5KPH_4_2_1_id1,0.5996121764183044,4.26353645324707,96.02055555555556,0.83,4,2,93.7025,0.6699576377868652,33.510128,69.949936,-145.0213165283203,2.328534868028429
5KPH_4_2_1_id10,0.6859315633773804,4.3551225662231445,96.4063888888889,0.83,4,2,93.7025,0.6699576377868652,33.510128,69.949936,-145.98501586914062,2.228062311808268
5KPH_4_2_1_id11,0.708895742893219,4.334542751312256,95.08125,0.8,4,2,93.7025,0.6699576377868652,33.510128,69.949936,-148.4321746826172,1.975929472181532
5KPH_4_2_1_id12,0.6063305735588074,4.27464485168457,96.23736111111111,0.83,4,2,93.7025,0.6699576377868652,33.510128,69.949936,-147.36219787597656,2.1914265950520835
5KPH_4_2_1_id13,0.7997163534164429,4.3432111740112305,95.1701388888889,0.81,4,2,93.7025,0.6699576377868652,33.510128,69.949936,-147.95697021484375,2.156386693318685
5KPH_4_2_1_id14,0.6887133717536926,4.299604892730713,96.25291666666666,0.83,4,2,93.7025,0.6699576377868652,33.510128,69.949936,-146.2025146484375,2.287827809651693
5KPH_4_2_1_id15,0.8235019445419312,4.299725532531738,94.62958333333331,0.8,4,2,93.7025,0.6699576377868652,33.510128,69.949936,-147.35888671875,2.1415943569607205
5KPH_4_2_1_id16,0.8151135444641113,4.23823881149292,94.44875,0.8,4,2,93.7025,0.6699576377868652,33.510128,69.949936,-146.7325897216797,2.235210842556424
5KPH_4_2_1_id17,0.732623815536499,4.208662986755371,95.3926388888889,0.81,4,2,93.7025,0.6699576377868652,33.510128,69.949936,-146.7364501953125,2.401845932006836
5KPH_4_2_1_id18,0.719066321849823,4.187644004821777,93.32416666666668,0.78,4,2,93.7025,0.6699576377868652,33.510128,69.949936,-146.82077026367188,2.140780554877387
5KPH_4_2_1_id19,0.6626244187355042,4.136421203613281,94.86652777777778,0.8,4,2,93.7025,0.6699576377868652,33.510128,69.949936,-147.1097869873047,2.2586513095431857
5KPH_4_2_1_id2,0.608767032623291,4.209006309509277,96.04819444444443,0.82,4,2,93.7025,0.6699576377868652,33.510128,69.949936,-147.22158813476562,2.373157501220703
5KPH_4_2_1_id20,0.8068715929985046,4.204794883728027,94.91555555555556,0.8,4,2,93.7025,0.6699576377868652,33.510128,69.949936,-145.33274841308594,2.233634524875217
5KPH_4_2_1_id21,0.8237274885177612,4.24419641494751,96.34111111111112,0.83,4,2,93.7025,0.6699576377868652,33.510128,69.949936,-147.67100524902344,2.1652999454074435
5KPH_4_2_1_id22,0.6965400576591492,4.378133296966553,95.48583333333332,0.82,4,2,93.7025,0.6699576377868652,33.510128,69.949936,-147.12539672851562,2.05717510647244
5KPH_4_2_1_id23,0.6060810089111328,4.2150678634643555,95.23319444444444,0.81,4,2,93.7025,0.6699576377868652,33.510128,69.949936,-145.05264282226562,2.221228917439779
5KPH_4_2_1_id3,0.7077389359474182,4.24946928024292,95.43777777777778,0.82,4,2,93.7025,0.6699576377868652,33.510128,69.949936,-148.19485473632812,2.244823031955295
5KPH_4_2_1_id4,0.7968214154243469,4.266585350036621,94.21791666666668,0.8,4,2,93.7025,0.6699576377868652,33.510128,69.949936,-146.63197326660156,2.062265819973416
5KPH_4_2_1_id5,0.6914910078048706,4.405147552490234,96.6073611111111,0.83,4,2,93.7025,0.6699576377868652,33.510128,69.949936,-145.22531127929688,2.1788482666015625
5KPH_4_2_1_id6,0.7154328227043152,4.227715015411377,95.6561111111111,0.81,4,2,93.7025,0.6699576377868652,33.510128,69.949936,-145.87550354003906,2.0243623521592884
5KPH_4_2_1_id7,0.7429165244102478,4.370408535003662,95.27875,0.81,4,2,93.7025,0.6699576377868652,33.510128,69.949936,-142.2592010498047,2.4909235636393228
5KPH_4_2_1_id8,0.7069571018218994,4.228602886199951,95.22680555555556,0.81,4,2,93.7025,0.6699576377868652,33.510128,69.949936,-146.8533935546875,2.2613851759168835
5KPH_4_2_1_id9,0.8436429500579834,3.8874943256378174,93.90555555555557,0.79,4,2,93.7025,0.6699576377868652,33.510128,69.949936,-140.34715270996094,2.041894700792101
5KPH_4_2_2_id0,1.0260189771652222,3.8498361110687256,93.85583333333334,0.8,4,2,93.75875,0.9204211235046388,33.543896,69.396416,-146.1143341064453,1.9721533457438152
5KPH_4_2_2_id1,0.9258027672767639,2.3994643688201904,86.52236111111112,0.69,4,2,93.75875,0.9204211235046388,33.543896,69.396416,-147.17605590820312,2.6451216803656683
5KPH_4_2_2_id10,0.7405356764793396,3.657504081726074,95.20416666666668,0.82,4,2,93.75875,0.9204211235046388,33.543896,69.396416,-142.6144561767578,2.4446288214789496
5KPH_4_2_2_id11,1.3873729705810547,1.997945785522461,92.51208333333332,0.77,4,2,93.75875,0.9204211235046388,33.543896,69.396416,-145.47775268554688,2.356631384955512
5KPH_4_2_2_id12,0.8806126713752747,2.1356163024902344,93.72263888888888,0.79,4,2,93.75875,0.9204211235046388,33.543896,69.396416,-146.4320831298828,2.425934261745877
5KPH_4_2_2_id13,1.2883695363998413,3.097644805908203,91.43861111111111,0.75,4,2,93.75875,0.9204211235046388,33.543896,69.396416,-145.82925415039062,2.641405953301324
5KPH_4_2_2_id14,0.8141597509384155,1.7048943042755127,96.36513888888892,0.83,4,2,93.75875,0.9204211235046388,33.543896,69.396416,-143.70059204101562,2.2528711954752603
5KPH_4_2_2_id15,0.9632425904273987,3.0302693843841553,93.5127777777778,0.79,4,2,93.75875,0.9204211235046388,33.543896,69.396416,-145.4864959716797,2.338768429226345
5KPH_4_2_2_id16,1.677011489868164,2.2481114864349365,92.5475,0.77,4,2,93.75875,0.9204211235046388,33.543896,69.396416,-146.20303344726562,2.40863037109375
5KPH_4_2_2_id17,0.8748821020126343,2.4661779403686523,89.33819444444444,0.72,4,2,93.75875,0.9204211235046388,33.543896,69.396416,-145.92852783203125,2.515700658162435
5KPH_4_2_2_id18,0.8630935549736023,2.5050876140594482,88.64069444444445,0.71,4,2,93.75875,0.9204211235046388,33.543896,69.396416,-146.74346923828125,2.320482042100694
5KPH_4_2_2_id19,0.9592059254646301,3.5269625186920166,94.29291666666668,0.81,4,2,93.75875,0.9204211235046388,33.543896,69.396416,-146.3671417236328,2.801581700642904
5KPH_4_2_2_id2,1.0838370323181152,2.773782253265381,94.05916666666668,0.8,4,2,93.75875,0.9204211235046388,33.543896,69.396416,-147.2406005859375,2.244931115044488
5KPH_4_2_2_id20,1.0427346229553223,2.3349015712738037,85.61402777777776,0.67,4,2,93.75875,0.9204211235046388,33.543896,69.396416,-147.15762329101562,2.405799865722656
5KPH_4_2_2_id21,0.9636856317520142,3.461895227432251,93.19444444444444,0.79,4,2,93.75875,0.9204211235046388,33.543896,69.396416,-146.759033203125,2.1310079362657337
5KPH_4_2_2_id22,1.0419248342514038,3.290445327758789,93.97583333333334,0.79,4,2,93.75875,0.9204211235046388,33.543896,69.396416,-146.2939453125,2.453315099080404
5KPH_4_2_2_id23,1.4319725036621094,1.8800104856491089,92.51861111111111,0.78,4,2,93.75875,0.9204211235046388,33.543896,69.396416,-145.9892120361328,2.5852491590711804
5KPH_4_2_2_id3,1.5809916257858276,1.8797215223312378,91.5525,0.75,4,2,93.75875,0.9204211235046388,33.543896,69.396416,-145.62429809570312,2.399910820855035
5KPH_4_2_2_id4,1.0722557306289673,3.817646026611328,93.7961111111111,0.8,4,2,93.75875,0.9204211235046388,33.543896,69.396416,-143.75320434570312,2.4200547536214194
5KPH_4_2_2_id5,0.9844985008239746,2.782130002975464,88.0040277777778,0.7,4,2,93.75875,0.9204211235046388,33.543896,69.396416,-144.58236694335938,2.564941830105252
5KPH_4_2_2_id6,1.1260203123092651,1.8750278949737549,94.4022222222222,0.8,4,2,93.75875,0.9204211235046388,33.543896,69.396416,-144.85443115234375,2.4008655548095703
5KPH_4_2_2_id7,1.0286535024642944,2.938361883163452,88.5886111111111,0.7,4,2,93.75875,0.9204211235046388,33.543896,69.396416,-146.63766479492188,2.400538762410482
5KPH_4_2_2_id8,0.9658748507499695,3.157834529876709,94.3125,0.79,4,2,93.75875,0.9204211235046388,33.543896,69.396416,-146.06671142578125,2.406144248114692
5KPH_4_2_2_id9,1.046323299407959,2.3297722339630127,88.08930555555555,0.7,4,2,93.75875,0.9204211235046388,33.543896,69.396416,-145.0411376953125,2.3939721849229603
5KPH_4_2_3_id0,0.9325762391090393,1.4112712144851685,94.05319444444444,0.79,4,2,95.24555555555555,0.5479992628097534,32.51139,65.88111,-153.9039306640625,2.2114079793294272
5KPH_4_2_3_id1,0.8929210305213928,1.7259893417358398,94.9525,0.81,4,2,95.24555555555555,0.5479992628097534,32.51139,65.88111,-156.26841735839844,2.0173651377360025
5KPH_4_2_3_id10,0.8184722065925598,1.8899166584014893,90.51708333333336,0.73,4,2,95.24555555555555,0.5479992628097534,32.51139,65.88111,-154.96961975097656,2.1534216139051647
5KPH_4_2_3_id11,0.821790337562561,1.9861869812011719,94.7025,0.81,4,2,95.24555555555555,0.5479992628097534,32.51139,65.88111,-153.62408447265625,2.0524893866644964
5KPH_4_2_3_id12,0.9964229464530945,1.747867226600647,92.15680555555554,0.76,4,2,95.24555555555555,0.5479992628097534,32.51139,65.88111,-152.25204467773438,2.2544642554389105
5KPH_4_2_3_id13,2.1324872970581055,1.960020661354065,90.30111111111113,0.74,4,2,95.24555555555555,0.5479992628097534,32.51139,65.88111,-154.77828979492188,2.210783216688368
5KPH_4_2_3_id14,0.938338577747345,1.7262861728668213,93.0538888888889,0.76,4,2,95.24555555555555,0.5479992628097534,32.51139,65.88111,-155.64825439453125,2.3765436808268228
5KPH_4_2_3_id15,1.6779189109802246,1.9900612831115723,88.79888888888888,0.75,4,2,95.24555555555555,0.5479992628097534,32.51139,65.88111,-153.65576171875,2.2751952277289496
5KPH_4_2_3_id16,2.4130284786224365,1.4299906492233276,89.55152777777776,0.75,4,2,95.24555555555555,0.5479992628097534,32.51139,65.88111,-152.7533721923828,2.0771857367621527
5KPH_4_2_3_id17,1.1662440299987793,1.8043599128723145,90.68763888888888,0.73,4,2,95.24555555555555,0.5479992628097534,32.51139,65.88111,-153.66395568847656,2.3304725223117404
5KPH_4_2_3_id18,0.8298642039299011,1.86497962474823,93.1677777777778,0.76,4,2,95.24555555555555,0.5479992628097534,32.51139,65.88111,-154.4544219970703,2.2263175116644964
5KPH_4_2_3_id19,1.3602858781814575,2.1337802410125732,90.10222222222222,0.73,4,2,95.24555555555555,0.5479992628097534,32.51139,65.88111,-153.8748016357422,2.1303397284613714
5KPH_4_2_3_id2,0.926069974899292,1.5723992586135864,93.52402777777776,0.79,4,2,95.24555555555555,0.5479992628097534,32.51139,65.88111,-153.5325164794922,2.137216991848416
5KPH_4_2_3_id20,0.6774386763572693,2.662149667739868,90.66083333333331,0.75,4,2,95.24555555555555,0.5479992628097534,32.51139,65.88111,-155.02362060546875,2.2518494923909507
5KPH_4_2_3_id21,0.8703352212905884,2.556209087371826,93.12652777777778,0.78,4,2,95.24555555555555,0.5479992628097534,32.51139,65.88111,-152.93824768066406,2.1677511003282337
5KPH_4_2_3_id22,0.8890281319618225,1.7929182052612305,94.12819444444445,0.78,4,2,95.24555555555555,0.5479992628097534,32.51139,65.88111,-153.5668182373047,1.9869490729437933
5KPH_4_2_3_id23,0.8797149062156677,1.5874656438827515,93.45611111111111,0.8,4,2,95.24555555555555,0.5479992628097534,32.51139,65.88111,-155.32020568847656,2.1170277065700955
5KPH_4_2_3_id3,2.1484222412109375,1.5108916759490967,90.5175,0.76,4,2,95.24555555555555,0.5479992628097534,32.51139,65.88111,-153.7644500732422,2.0524283515082464
5KPH_4_2_3_id4,0.910871684551239,1.6192302703857422,92.53486111111113,0.77,4,2,95.24555555555555,0.5479992628097534,32.51139,65.88111,-152.78720092773438,2.154436323377821
5KPH_4_2_3_id5,0.8481600284576416,4.131399154663086,95.51583333333332,0.83,4,2,95.24555555555555,0.5479992628097534,32.51139,65.88111,-153.978759765625,2.3686197068956165
5KPH_4_2_3_id6,1.005057692527771,1.5593243837356567,92.36125,0.76,4,2,95.24555555555555,0.5479992628097534,32.51139,65.88111,-154.54489135742188,2.201058281792535
5KPH_4_2_3_id7,1.636846661567688,1.6495530605316162,91.81541666666666,0.76,4,2,95.24555555555555,0.5479992628097534,32.51139,65.88111,-154.83871459960938,2.331528981526693
5KPH_4_2_3_id8,2.00146746635437,1.57407546043396,89.6726388888889,0.75,4,2,95.24555555555555,0.5479992628097534,32.51139,65.88111,-153.4481658935547,2.306191550360785
5KPH_4_2_3_id9,0.9255743026733398,1.4707094430923462,93.6525,0.78,4,2,95.24555555555555,0.5479992628097534,32.51139,65.88111,-152.5179901123047,2.144023683336046
5KPH_4_2_4_id0,0.7367795705795288,3.95818829536438,96.0813888888889,0.83,4,2,94.14125,0.5929038524627686,32.491886,67.42976,-148.19747924804688,2.2773077223036022
5KPH_4_2_4_id1,0.7172014117240906,3.8513569831848145,94.82305555555556,0.81,4,2,94.14125,0.5929038524627686,32.491886,67.42976,-148.7402801513672,2.499689102172852
5KPH_4_2_4_id10,0.741614043712616,3.902724504470825,95.39069444444443,0.81,4,2,94.14125,0.5929038524627686,32.491886,67.42976,-147.47616577148438,2.3407660590277777
5KPH_4_2_4_id11,0.7839686274528503,3.937514066696167,94.49569444444444,0.8,4,2,94.14125,0.5929038524627686,32.491886,67.42976,-147.91273498535156,2.316131591796875
5KPH_4_2_4_id12,0.7072701454162598,3.8545031547546387,94.73583333333332,0.81,4,2,94.14125,0.5929038524627686,32.491886,67.42976,-147.2012481689453,2.149400075276693
5KPH_4_2_4_id13,0.7406821250915527,3.881283760070801,95.45388888888888,0.82,4,2,94.14125,0.5929038524627686,32.491886,67.42976,-149.88958740234375,2.171534220377604
5KPH_4_2_4_id14,0.9244793653488159,3.895737648010254,93.7698611111111,0.79,4,2,94.14125,0.5929038524627686,32.491886,67.42976,-146.78219604492188,2.433048248291016
5KPH_4_2_4_id15,0.6012201309204102,4.021907806396484,95.3313888888889,0.81,4,2,94.14125,0.5929038524627686,32.491886,67.42976,-147.27545166015625,2.235231399536133
5KPH_4_2_4_id16,0.7142012715339661,4.112002372741699,95.50666666666666,0.81,4,2,94.14125,0.5929038524627686,32.491886,67.42976,-146.66021728515625,2.120702531602648
5KPH_4_2_4_id17,0.6692960858345032,4.016660690307617,95.09513888888888,0.82,4,2,94.14125,0.5929038524627686,32.491886,67.42976,-145.1220703125,2.51052008734809
5KPH_4_2_4_id18,0.6082373857498169,3.963581085205078,95.21958333333332,0.81,4,2,94.14125,0.5929038524627686,32.491886,67.42976,-147.9362030029297,2.2648273044162326
5KPH_4_2_4_id19,0.7521535754203796,3.0012717247009277,95.76291666666668,0.82,4,2,94.14125,0.5929038524627686,32.491886,67.42976,-146.15234375,2.350102318657769
5KPH_4_2_4_id2,0.642266571521759,4.073354721069336,95.92638888888888,0.83,4,2,94.14125,0.5929038524627686,32.491886,67.42976,-148.34934997558594,2.285609351264106
5KPH_4_2_4_id20,0.8375383615493774,4.088295936584473,95.16166666666668,0.81,4,2,94.14125,0.5929038524627686,32.491886,67.42976,-149.79969787597656,2.377058664957682
5KPH_4_2_4_id21,0.8370554447174072,3.9764750003814697,95.14986111111112,0.81,4,2,94.14125,0.5929038524627686,32.491886,67.42976,-146.40975952148438,2.2448016272650824
5KPH_4_2_4_id22,0.7340335249900818,1.8121697902679443,93.28902777777778,0.76,4,2,94.14125,0.5929038524627686,32.491886,67.42976,-143.58091735839844,2.242194281684028
5KPH_4_2_4_id23,0.660223662853241,3.961535692214966,94.9325,0.8,4,2,94.14125,0.5929038524627686,32.491886,67.42976,-147.82997131347656,2.019667307535807
5KPH_4_2_4_id3,0.9010294675827026,4.18080997467041,94.73680555555556,0.8,4,2,94.14125,0.5929038524627686,32.491886,67.42976,-144.51414489746094,2.2257177564832897
5KPH_4_2_4_id4,0.8715568780899048,4.127590656280518,94.76972222222224,0.8,4,2,94.14125,0.5929038524627686,32.491886,67.42976,-147.20706176757812,2.2495265536838107
5KPH_4_2_4_id5,0.7291519641876221,3.9967825412750244,95.78583333333331,0.82,4,2,94.14125,0.5929038524627686,32.491886,67.42976,-148.67396545410156,2.246021694607205
5KPH_4_2_4_id6,0.7846264839172363,3.984779119491577,95.30083333333334,0.81,4,2,94.14125,0.5929038524627686,32.491886,67.42976,-148.91909790039062,2.2319793701171875
5KPH_4_2_4_id7,0.6724921464920044,3.9931132793426514,95.05972222222222,0.81,4,2,94.14125,0.5929038524627686,32.491886,67.42976,-148.2086181640625,2.4246003892686634
5KPH_4_2_4_id8,0.7118788361549377,3.9996917247772217,95.43930555555556,0.82,4,2,94.14125,0.5929038524627686,32.491886,67.42976,-148.9805908203125,2.297797520955404
5KPH_4_2_4_id9,0.6872539520263672,3.995999336242676,95.18152777777776,0.81,4,2,94.14125,0.5929038524627686,32.491886,67.42976,-147.78042602539062,2.225205315483941
5KPH_4_2_5_id0,0.6781941056251526,3.3738930225372314,93.62472222222222,0.79,4,2,90.9897222222222,0.6203007698059082,32.324642,67.4273,-143.1264190673828,2.0174505445692272
5KPH_4_2_5_id1,0.8695841431617737,4.463574409484863,94.78375,0.81,4,2,90.9897222222222,0.6203007698059082,32.324642,67.4273,-143.92880249023438,2.1670138041178384
5KPH_4_2_5_id10,0.7513895034790039,4.1709370613098145,95.29847222222222,0.81,4,2,90.9897222222222,0.6203007698059082,32.324642,67.4273,-146.0214385986328,1.9488088819715712
5KPH_4_2_5_id11,0.6484880447387695,4.095627307891846,95.84152777777778,0.82,4,2,90.9897222222222,0.6203007698059082,32.324642,67.4273,-145.07630920410156,2.3856993781195746
5KPH_4_2_5_id12,0.6861670017242432,3.7864532470703125,92.91416666666666,0.78,4,2,90.9897222222222,0.6203007698059082,32.324642,67.4273,-145.2600860595703,1.9111860063340929
5KPH_4_2_5_id13,0.6914475560188293,4.125847339630127,95.06027777777778,0.81,4,2,90.9897222222222,0.6203007698059082,32.324642,67.4273,-145.47796630859375,2.076000213623047
5KPH_4_2_5_id14,0.9258919358253479,3.0046892166137695,90.50763888888888,0.75,4,2,90.9897222222222,0.6203007698059082,32.324642,67.4273,-142.84239196777344,2.159183078342014
5KPH_4_2_5_id15,0.7172309160232544,4.1467204093933105,94.75930555555556,0.81,4,2,90.9897222222222,0.6203007698059082,32.324642,67.4273,-144.57431030273438,2.0919263627794056
5KPH_4_2_5_id16,0.5818865895271301,4.135456085205078,94.97,0.82,4,2,90.9897222222222,0.6203007698059082,32.324642,67.4273,-143.75563049316406,2.2097254859076605
5KPH_4_2_5_id17,0.6330782175064087,4.16865348815918,95.44888888888887,0.82,4,2,90.9897222222222,0.6203007698059082,32.324642,67.4273,-144.40293884277344,2.230943891737196
5KPH_4_2_5_id18,0.6458113193511963,4.1051859855651855,94.6613888888889,0.81,4,2,90.9897222222222,0.6203007698059082,32.324642,67.4273,-144.20570373535156,2.106790966457791
5KPH_4_2_5_id19,0.71525639295578,4.183280944824219,95.75055555555556,0.82,4,2,90.9897222222222,0.6203007698059082,32.324642,67.4273,-145.04315185546875,2.113367716471354
5KPH_4_2_5_id2,0.7036115527153015,4.013068199157715,94.37388888888889,0.81,4,2,90.9897222222222,0.6203007698059082,32.324642,67.4273,-145.3056640625,2.1595535278320312
5KPH_4_2_5_id20,0.5974111557006836,4.073028564453125,95.30388888888888,0.82,4,2,90.9897222222222,0.6203007698059082,32.324642,67.4273,-145.47198486328125,2.0370987786187067
5KPH_4_2_5_id21,0.6462783813476562,3.9902145862579346,95.9076388888889,0.82,4,2,90.9897222222222,0.6203007698059082,32.324642,67.4273,-144.15695190429688,2.1430155436197915
5KPH_4_2_5_id22,0.7539969682693481,4.111674785614014,93.42125,0.78,4,2,90.9897222222222,0.6203007698059082,32.324642,67.4273,-145.80699157714844,2.17740970187717
5KPH_4_2_5_id23,0.6930354237556458,4.054538249969482,95.00958333333334,0.81,4,2,90.9897222222222,0.6203007698059082,32.324642,67.4273,-145.15936279296875,2.198882208930121
5KPH_4_2_5_id3,0.7860467433929443,3.933255672454834,95.10083333333334,0.82,4,2,90.9897222222222,0.6203007698059082,32.324642,67.4273,-143.4956512451172,2.1027037302653
5KPH_4_2_5_id4,0.7133654952049255,4.131441116333008,94.02222222222224,0.8,4,2,90.9897222222222,0.6203007698059082,32.324642,67.4273,-143.343505859375,2.09201282925076
5KPH_4_2_5_id5,0.748917818069458,3.8446149826049805,94.53861111111112,0.81,4,2,90.9897222222222,0.6203007698059082,32.324642,67.4273,-144.86570739746094,2.150964736938477
5KPH_4_2_5_id6,0.757293701171875,4.1776933670043945,94.58430555555556,0.8,4,2,90.9897222222222,0.6203007698059082,32.324642,67.4273,-146.97628784179688,2.3944498697916665
5KPH_4_2_5_id7,0.6663718223571777,4.254766464233398,96.025,0.83,4,2,90.9897222222222,0.6203007698059082,32.324642,67.4273,-142.1854248046875,1.964246961805556
5KPH_4_2_5_id8,0.7812822461128235,4.122570037841797,93.3748611111111,0.78,4,2,90.9897222222222,0.6203007698059082,32.324642,67.4273,-144.1713104248047,1.977246602376302
5KPH_4_2_5_id9,0.7752454280853271,4.263857364654541,95.38458333333334,0.81,4,2,90.9897222222222,0.6203007698059082,32.324642,67.4273,-145.26651000976562,2.028489854600694
5KPH_4_2_6_id0,0.7164794206619263,4.159309387207031,95.27166666666666,0.82,4,2,90.85277777777776,0.9275019764900208,32.39703,68.221275,-144.228271484375,2.2362378438313804
5KPH_4_2_6_id1,0.8221274018287659,4.158485412597656,94.71097222222222,0.81,4,2,90.85277777777776,0.9275019764900208,32.39703,68.221275,-142.17929077148438,2.437808142768012
5KPH_4_2_6_id10,0.7597942352294922,3.6110966205596924,91.42875,0.73,4,2,90.85277777777776,0.9275019764900208,32.39703,68.221275,-138.699462890625,2.2444898817274304
5KPH_4_2_6_id11,1.0624538660049438,3.869358777999878,94.61763888888888,0.8,4,2,90.85277777777776,0.9275019764900208,32.39703,68.221275,-142.90481567382812,2.38876215616862
5KPH_4_2_6_id12,0.693274199962616,3.278357744216919,95.18666666666668,0.81,4,2,90.85277777777776,0.9275019764900208,32.39703,68.221275,-142.14788818359375,2.2340980105929904
5KPH_4_2_6_id13,0.6703789830207825,4.116269111633301,95.75652777777776,0.82,4,2,90.85277777777776,0.9275019764900208,32.39703,68.221275,-142.92567443847656,2.305873023139106
5KPH_4_2_6_id14,0.8783004283905029,4.250254154205322,96.08666666666666,0.83,4,2,90.85277777777776,0.9275019764900208,32.39703,68.221275,-143.44529724121094,2.1766734653049045
5KPH_4_2_6_id15,0.76771080493927,4.1070733070373535,96.19208333333331,0.83,4,2,90.85277777777776,0.9275019764900208,32.39703,68.221275,-144.68499755859375,2.090329064263238
5KPH_4_2_6_id16,0.7751956582069397,3.935412883758545,95.17486111111111,0.81,4,2,90.85277777777776,0.9275019764900208,32.39703,68.221275,-144.26364135742188,2.208835177951389
5KPH_4_2_6_id17,0.9010396599769592,4.259055137634277,94.17125,0.79,4,2,90.85277777777776,0.9275019764900208,32.39703,68.221275,-143.27377319335938,2.307074864705404
5KPH_4_2_6_id18,0.8976029753684998,1.8421342372894287,90.74055555555556,0.73,4,2,90.85277777777776,0.9275019764900208,32.39703,68.221275,-142.5703125,2.253653632269965
5KPH_4_2_6_id19,1.0834852457046509,2.1969597339630127,89.58875,0.71,4,2,90.85277777777776,0.9275019764900208,32.39703,68.221275,-142.37013244628906,2.021171145968967
5KPH_4_2_6_id2,0.7284889817237854,4.2560882568359375,95.7925,0.82,4,2,90.85277777777776,0.9275019764900208,32.39703,68.221275,-143.47344970703125,2.188752704196506
5KPH_4_2_6_id20,0.7763240933418274,4.065391540527344,96.09097222222222,0.83,4,2,90.85277777777776,0.9275019764900208,32.39703,68.221275,-143.58160400390625,2.199191199408637
5KPH_4_2_6_id21,2.1000618934631348,2.1760427951812744,93.29319444444444,0.78,4,2,90.85277777777776,0.9275019764900208,32.39703,68.221275,-142.143310546875,2.281279669867621
5KPH_4_2_6_id22,0.7049127817153931,1.6687849760055542,93.60930555555557,0.77,4,2,90.85277777777776,0.9275019764900208,32.39703,68.221275,-142.25990295410156,2.3030963473849826
5KPH_4_2_6_id23,1.040360689163208,3.9562883377075195,93.97097222222222,0.8,4,2,90.85277777777776,0.9275019764900208,32.39703,68.221275,-142.2997589111328,2.131451076931424
5KPH_4_2_6_id3,0.925709068775177,3.653862476348877,94.15305555555555,0.8,4,2,90.85277777777776,0.9275019764900208,32.39703,68.221275,-142.4208526611328,2.102367401123047
5KPH_4_2_6_id4,0.7510119676589966,3.9921395778656006,96.44986111111112,0.83,4,2,90.85277777777776,0.9275019764900208,32.39703,68.221275,-140.6501922607422,2.1846745808919272
5KPH_4_2_6_id5,0.6974437236785889,4.175766944885254,94.41916666666668,0.8,4,2,90.85277777777776,0.9275019764900208,32.39703,68.221275,-143.39425659179688,2.215829849243164
5KPH_4_2_6_id6,0.749693751335144,4.026600360870361,94.95972222222224,0.81,4,2,90.85277777777776,0.9275019764900208,32.39703,68.221275,-144.3848114013672,2.224037594265408
5KPH_4_2_6_id7,0.7901592254638672,4.361092567443848,96.24194444444444,0.83,4,2,90.85277777777776,0.9275019764900208,32.39703,68.221275,-143.26087951660156,2.132208506266276
5KPH_4_2_6_id8,0.7764971852302551,4.021978378295898,93.82138888888888,0.8,4,2,90.85277777777776,0.9275019764900208,32.39703,68.221275,-136.20565795898438,2.13655514187283
5KPH_4_2_6_id9,0.9188694357872009,2.422877311706543,95.03055555555557,0.82,4,2,90.85277777777776,0.9275019764900208,32.39703,68.221275,-138.84243774414062,2.0979656643337674
5KPH_4_2_7_id0,0.7405510544776917,1.187664270401001,95.18694444444444,0.82,4,2,95.68930555555556,0.7932628989219666,31.445808,69.385574,-150.85989379882812,2.1011536916097007
5KPH_4_2_7_id1,1.5938724279403687,2.0358355045318604,89.47763888888888,0.73,4,2,95.68930555555556,0.7932628989219666,31.445808,69.385574,-150.24237060546875,2.049833509657118
5KPH_4_2_7_id10,0.8580390214920044,3.9509754180908203,92.77375,0.78,4,2,95.68930555555556,0.7932628989219666,31.445808,69.385574,-152.25257873535156,2.176067140367296
5KPH_4_2_7_id11,0.8542117476463318,4.033503532409668,93.32805555555557,0.79,4,2,95.68930555555556,0.7932628989219666,31.445808,69.385574,-149.35568237304688,2.274753358629015
5KPH_4_2_7_id12,0.7981473803520203,4.173102855682373,95.49236111111112,0.82,4,2,95.68930555555556,0.7932628989219666,31.445808,69.385574,-150.3992462158203,2.157027986314562
5KPH_4_2_7_id13,0.8971511721611023,4.219508171081543,93.37625,0.78,4,2,95.68930555555556,0.7932628989219666,31.445808,69.385574,-148.71652221679688,2.2298770480685763
5KPH_4_2_7_id14,0.8755295276641846,4.423028469085693,94.90458333333332,0.81,4,2,95.68930555555556,0.7932628989219666,31.445808,69.385574,-149.74969482421875,1.9972394307454424
5KPH_4_2_7_id15,0.7594314813613892,2.3705620765686035,95.25861111111112,0.81,4,2,95.68930555555556,0.7932628989219666,31.445808,69.385574,-150.14398193359375,2.304653803507487
5KPH_4_2_7_id16,0.7749665975570679,2.320702314376831,92.37305555555557,0.78,4,2,95.68930555555556,0.7932628989219666,31.445808,69.385574,-149.89414978027344,2.15389166937934
5KPH_4_2_7_id17,0.9141615033149719,4.519755840301514,96.85041666666666,0.84,4,2,95.68930555555556,0.7932628989219666,31.445808,69.385574,-149.78936767578125,2.0930968390570746
5KPH_4_2_7_id18,0.6293074488639832,4.074376106262207,96.29125,0.83,4,2,95.68930555555556,0.7932628989219666,31.445808,69.385574,-148.78829956054688,1.934532165527344
5KPH_4_2_7_id19,0.8798340559005737,4.2829060554504395,94.70763888888888,0.82,4,2,95.68930555555556,0.7932628989219666,31.445808,69.385574,-150.461181640625,1.9374525282118056
5KPH_4_2_7_id2,0.5016133189201355,4.022876739501953,93.32833333333332,0.79,4,2,95.68930555555556,0.7932628989219666,31.445808,69.385574,-147.79530334472656,2.291685104370117
5KPH_4_2_7_id20,0.6882473826408386,3.9923200607299805,96.28888888888888,0.83,4,2,95.68930555555556,0.7932628989219666,31.445808,69.385574,-150.37554931640625,1.90561040242513
5KPH_4_2_7_id21,0.795154869556427,4.247300624847412,95.81638888888888,0.82,4,2,95.68930555555556,0.7932628989219666,31.445808,69.385574,-149.14813232421875,2.075035942925348
5KPH_4_2_7_id22,2.395474672317505,1.4697388410568237,93.43375,0.79,4,2,95.68930555555556,0.7932628989219666,31.445808,69.385574,-148.99203491210938,2.194291008843316
5KPH_4_2_7_id23,0.7722645998001099,4.100333213806152,95.32638888888889,0.82,4,2,95.68930555555556,0.7932628989219666,31.445808,69.385574,-150.7710418701172,2.378593020968967
5KPH_4_2_7_id3,0.9239407181739807,2.380324363708496,92.8525,0.77,4,2,95.68930555555556,0.7932628989219666,31.445808,69.385574,-150.2034149169922,2.2820951673719616
5KPH_4_2_7_id4,0.8323026895523071,4.019839763641357,93.17569444444445,0.78,4,2,95.68930555555556,0.7932628989219666,31.445808,69.385574,-151.77720642089844,2.0627517700195312
5KPH_4_2_7_id5,1.9850465059280396,1.7756119966506958,92.20708333333332,0.76,4,2,95.68930555555556,0.7932628989219666,31.445808,69.385574,-147.94366455078125,2.3106195661756725
5KPH_4_2_7_id6,0.6804397702217102,4.202388763427734,96.46666666666668,0.83,4,2,95.68930555555556,0.7932628989219666,31.445808,69.385574,-151.5550537109375,2.067262013753256
5KPH_4_2_7_id7,0.878920316696167,4.325817584991455,95.78430555555556,0.82,4,2,95.68930555555556,0.7932628989219666,31.445808,69.385574,-150.00936889648438,2.113861507839627
5KPH_4_2_7_id8,2.576939344406128,0.9691258668899536,92.41375,0.78,4,2,95.68930555555556,0.7932628989219666,31.445808,69.385574,-147.8631591796875,2.121248245239258
5KPH_4_2_7_id9,1.7749568223953247,1.771504521369934,93.23083333333334,0.77,4,2,95.68930555555556,0.7932628989219666,31.445808,69.385574,-150.3777313232422,2.099693086412218
5KPH_4_2_8_id0,0.5527163743972778,4.064729690551758,94.65791666666668,0.81,4,2,92.60027777777776,0.6087368130683899,32.5623,68.55739,-143.20623779296875,2.698597378200955
5KPH_4_2_8_id1,0.861453115940094,3.608957529067993,91.35388888888887,0.75,4,2,92.60027777777776,0.6087368130683899,32.5623,68.55739,-140.47027587890625,1.982659445868598
5KPH_4_2_8_id10,0.7149932980537415,1.4800403118133545,94.71527777777776,0.81,4,2,92.60027777777776,0.6087368130683899,32.5623,68.55739,-140.52923583984375,2.0863715277777777
5KPH_4_2_8_id11,0.662276566028595,3.6575491428375244,95.05597222222222,0.81,4,2,92.60027777777776,0.6087368130683899,32.5623,68.55739,-140.01222229003906,2.1922662523057728
5KPH_4_2_8_id12,0.5290616154670715,3.7916650772094727,93.84555555555556,0.79,4,2,92.60027777777776,0.6087368130683899,32.5623,68.55739,-143.4008026123047,2.169869316948785
5KPH_4_2_8_id13,0.8279608488082886,3.6859865188598633,95.19402777777778,0.8,4,2,92.60027777777776,0.6087368130683899,32.5623,68.55739,-139.84561157226562,2.2064942253960504
5KPH_4_2_8_id14,0.6038826107978821,4.011336803436279,95.76430555555557,0.83,4,2,92.60027777777776,0.6087368130683899,32.5623,68.55739,-141.889892578125,2.3639038933648004
5KPH_4_2_8_id15,0.6569076776504517,3.80322527885437,93.13625,0.78,4,2,92.60027777777776,0.6087368130683899,32.5623,68.55739,-144.2489776611328,2.4073689778645835
5KPH_4_2_8_id16,0.8427588939666748,4.240488529205322,94.62597222222222,0.81,4,2,92.60027777777776,0.6087368130683899,32.5623,68.55739,-139.3907012939453,2.095405578613281
5KPH_4_2_8_id17,0.9368358850479126,3.760714054107666,94.94916666666668,0.81,4,2,92.60027777777776,0.6087368130683899,32.5623,68.55739,-141.20498657226562,2.356970469156901
5KPH_4_2_8_id18,0.6301712393760681,3.7522261142730713,94.0248611111111,0.8,4,2,92.60027777777776,0.6087368130683899,32.5623,68.55739,-140.10171508789062,2.254192140367296
5KPH_4_2_8_id19,0.5592239499092102,3.959641218185425,93.98791666666666,0.79,4,2,92.60027777777776,0.6087368130683899,32.5623,68.55739,-141.47396850585938,2.128631591796875
5KPH_4_2_8_id2,0.5411966443061829,4.003494739532471,93.73402777777778,0.79,4,2,92.60027777777776,0.6087368130683899,32.5623,68.55739,-142.3101806640625,2.2231212192111545
5KPH_4_2_8_id20,0.6953050494194031,2.261383295059204,89.30819444444445,0.72,4,2,92.60027777777776,0.6087368130683899,32.5623,68.55739,-142.17446899414062,2.213708877563477
5KPH_4_2_8_id21,1.0237663984298706,3.675542116165161,92.02055555555556,0.77,4,2,92.60027777777776,0.6087368130683899,32.5623,68.55739,-143.04444885253906,2.3461411794026694
5KPH_4_2_8_id22,0.7378373742103577,4.157141208648682,94.94569444444444,0.8,4,2,92.60027777777776,0.6087368130683899,32.5623,68.55739,-141.70980834960938,2.066162109375
5KPH_4_2_8_id23,0.6051465272903442,3.8143770694732666,95.04097222222222,0.81,4,2,92.60027777777776,0.6087368130683899,32.5623,68.55739,-141.65371704101562,2.324019538031684
5KPH_4_2_8_id3,0.7499054074287415,3.108039140701294,94.12902777777778,0.8,4,2,92.60027777777776,0.6087368130683899,32.5623,68.55739,-140.94198608398438,2.410230212741428
5KPH_4_2_8_id4,0.6737659573554993,2.8106250762939453,91.8,0.77,4,2,92.60027777777776,0.6087368130683899,32.5623,68.55739,-140.4033660888672,2.1319527096218533
5KPH_4_2_8_id5,0.7384777665138245,4.165785789489746,95.21083333333334,0.81,4,2,92.60027777777776,0.6087368130683899,32.5623,68.55739,-142.86061096191406,2.1166299184163413
5KPH_4_2_8_id6,0.6597080230712891,3.962303400039673,91.45055555555555,0.76,4,2,92.60027777777776,0.6087368130683899,32.5623,68.55739,-141.11630249023438,2.214946534898546
5KPH_4_2_8_id7,0.6057780981063843,4.002771377563477,95.0575,0.82,4,2,92.60027777777776,0.6087368130683899,32.5623,68.55739,-141.21263122558594,2.3023355272081165
5KPH_4_2_8_id8,0.5826166272163391,4.0026068687438965,94.60069444444444,0.8,4,2,92.60027777777776,0.6087368130683899,32.5623,68.55739,-142.77113342285156,2.2249698638916016
5KPH_4_2_8_id9,1.1552709341049194,3.0547850131988525,89.94847222222222,0.73,4,2,92.60027777777776,0.6087368130683899,32.5623,68.55739,-141.61038208007812,2.1349658966064453
5KPH_4_2_9_id0,0.6162860989570618,3.755781650543213,93.00166666666668,0.79,4,2,91.39486111111113,0.5760906338691711,31.99989,64.67909,-141.73052978515625,2.64019521077474
5KPH_4_2_9_id1,0.8551881313323975,3.526416301727295,92.13513888888887,0.77,4,2,91.39486111111113,0.5760906338691711,31.99989,64.67909,-141.77708435058594,2.4014369116889105
5KPH_4_2_9_id10,0.802345871925354,3.8252553939819336,92.32902777777775,0.78,4,2,91.39486111111113,0.5760906338691711,31.99989,64.67909,-142.42933654785156,2.351719750298394
5KPH_4_2_9_id11,0.6516227126121521,4.102303504943848,94.46680555555557,0.8,4,2,91.39486111111113,0.5760906338691711,31.99989,64.67909,-139.2398223876953,2.463599522908529
5KPH_4_2_9_id12,0.7043289542198181,4.084072113037109,95.1202777777778,0.81,4,2,91.39486111111113,0.5760906338691711,31.99989,64.67909,-136.11221313476562,2.2629623413085938
5KPH_4_2_9_id13,2.077247381210327,2.1113572120666504,93.83305555555556,0.8,4,2,91.39486111111113,0.5760906338691711,31.99989,64.67909,-141.6409912109375,2.552185482449002
5KPH_4_2_9_id14,0.6516557335853577,4.018657207489014,95.75597222222224,0.83,4,2,91.39486111111113,0.5760906338691711,31.99989,64.67909,-139.3538818359375,2.3552203708224826
5KPH_4_2_9_id15,0.6929263472557068,4.1670989990234375,94.05638888888888,0.8,4,2,91.39486111111113,0.5760906338691711,31.99989,64.67909,-142.56492614746094,2.294669893052843
5KPH_4_2_9_id16,0.8380836248397827,3.2926366329193115,92.45527777777778,0.77,4,2,91.39486111111113,0.5760906338691711,31.99989,64.67909,-139.60560607910156,2.463575151231554
5KPH_4_2_9_id17,0.7045875787734985,3.8459410667419434,94.43152777777776,0.81,4,2,91.39486111111113,0.5760906338691711,31.99989,64.67909,-141.96751403808594,1.9600690205891929
5KPH_4_2_9_id18,0.8028887510299683,2.1592211723327637,90.16541666666666,0.72,4,2,91.39486111111113,0.5760906338691711,31.99989,64.67909,-142.94378662109375,2.3915282355414496
5KPH_4_2_9_id19,0.8759558200836182,3.9287960529327393,91.8965277777778,0.77,4,2,91.39486111111113,0.5760906338691711,31.99989,64.67909,-139.78765869140625,2.2283619774712458
5KPH_4_2_9_id2,0.7524194717407227,4.021559715270996,95.38458333333334,0.81,4,2,91.39486111111113,0.5760906338691711,31.99989,64.67909,-141.98745727539062,2.4688298967149525
5KPH_4_2_9_id20,0.7831764221191406,4.104656219482422,93.67763888888892,0.79,4,2,91.39486111111113,0.5760906338691711,31.99989,64.67909,-142.86915588378906,2.471296098497179
5KPH_4_2_9_id21,0.6005899906158447,3.884450912475586,94.4775,0.8,4,2,91.39486111111113,0.5760906338691711,31.99989,64.67909,-141.23651123046875,2.4247750176323786
5KPH_4_2_9_id22,0.7747027277946472,1.737151026725769,92.26194444444444,0.77,4,2,91.39486111111113,0.5760906338691711,31.99989,64.67909,-140.26370239257812,2.546933068169488
5KPH_4_2_9_id23,0.5718664526939392,3.9323971271514893,95.89097222222222,0.82,4,2,91.39486111111113,0.5760906338691711,31.99989,64.67909,-140.48741149902344,2.6005208757188587
5KPH_4_2_9_id3,0.5497928857803345,3.939725160598755,94.1576388888889,0.8,4,2,91.39486111111113,0.5760906338691711,31.99989,64.67909,-139.4292755126953,2.448820326063368
5KPH_4_2_9_id4,0.7208378911018372,3.901453971862793,92.38083333333331,0.77,4,2,91.39486111111113,0.5760906338691711,31.99989,64.67909,-138.50257873535156,2.459162394205729
5KPH_4_2_9_id5,0.7361686825752258,3.8649680614471436,94.18319444444444,0.8,4,2,91.39486111111113,0.5760906338691711,31.99989,64.67909,-140.3459930419922,2.2297666337755
5KPH_4_2_9_id6,0.6215627193450928,3.8984386920928955,94.58680555555556,0.81,4,2,91.39486111111113,0.5760906338691711,31.99989,64.67909,-135.9569091796875,2.5908389621310763
5KPH_4_2_9_id7,0.7558833360671997,4.142523765563965,94.46097222222222,0.81,4,2,91.39486111111113,0.5760906338691711,31.99989,64.67909,-140.34576416015625,2.286307228936089
5KPH_4_2_9_id8,0.7515830397605896,4.111058712005615,96.0175,0.83,4,2,91.39486111111113,0.5760906338691711,31.99989,64.67909,-138.2213592529297,2.482153362698025
5KPH_4_2_9_id9,0.6439192891120911,3.873840808868408,94.33277777777778,0.8,4,2,91.39486111111113,0.5760906338691711,31.99989,64.67909,-142.53262329101562,2.3490532769097223
5KPH_4_4_0_id0,0.5554602146148682,2.9036288261413574,94.08416666666666,0.79,4,4,94.87861111111113,0.6222501397132874,32.507736,71.97166,-147.11683654785156,2.43960189819336
5KPH_4_4_0_id1,0.5913920998573303,4.165155410766602,94.57375,0.8,4,4,94.87861111111113,0.6222501397132874,32.507736,71.97166,-148.1162567138672,2.316397984822592
5KPH_4_4_0_id10,0.565995454788208,3.942258596420288,95.1523611111111,0.82,4,4,94.87861111111113,0.6222501397132874,32.507736,71.97166,-148.24720764160156,2.423279020521376
5KPH_4_4_0_id11,0.6556121706962585,4.124790191650391,95.39361111111111,0.82,4,4,94.87861111111113,0.6222501397132874,32.507736,71.97166,-150.29824829101562,2.2222807142469616
5KPH_4_4_0_id12,0.8063993453979492,4.39690637588501,96.07361111111112,0.83,4,4,94.87861111111113,0.6222501397132874,32.507736,71.97166,-148.96487426757812,2.2351260715060763
5KPH_4_4_0_id13,0.7779092788696289,1.5996689796447754,95.06833333333331,0.82,4,4,94.87861111111113,0.6222501397132874,32.507736,71.97166,-146.33505249023438,2.460748884412977
5KPH_4_4_0_id14,0.5710738897323608,4.038625240325928,95.47791666666666,0.82,4,4,94.87861111111113,0.6222501397132874,32.507736,71.97166,-148.95059204101562,2.2918792300754123
5KPH_4_4_0_id15,0.5260027050971985,4.050452709197998,95.3151388888889,0.81,4,4,94.87861111111113,0.6222501397132874,32.507736,71.97166,-148.97909545898438,2.177957110934788
5KPH_4_4_0_id16,0.6346481442451477,2.4095404148101807,90.5325,0.73,4,4,94.87861111111113,0.6222501397132874,32.507736,71.97166,-147.54269409179688,2.196758482191297
5KPH_4_4_0_id17,0.4228251278400421,3.825488567352295,95.1673611111111,0.82,4,4,94.87861111111113,0.6222501397132874,32.507736,71.97166,-149.17333984375,2.4909301333957248
5KPH_4_4_0_id18,0.58512282371521,3.981412410736084,93.72916666666669,0.8,4,4,94.87861111111113,0.6222501397132874,32.507736,71.97166,-148.28753662109375,2.3489723205566406
5KPH_4_4_0_id19,0.5157996416091919,3.996504068374634,94.42888888888888,0.81,4,4,94.87861111111113,0.6222501397132874,32.507736,71.97166,-148.4733428955078,2.249266094631619
5KPH_4_4_0_id2,0.7840366959571838,1.6460342407226562,96.21430555555554,0.83,4,4,94.87861111111113,0.6222501397132874,32.507736,71.97166,-147.27239990234375,2.497804005940756
5KPH_4_4_0_id20,0.7681132555007935,2.5511157512664795,95.73375,0.82,4,4,94.87861111111113,0.6222501397132874,32.507736,71.97166,-147.84036254882812,2.3135477701822915
5KPH_4_4_0_id21,0.46452903747558594,3.917872905731201,94.27194444444444,0.81,4,4,94.87861111111113,0.6222501397132874,32.507736,71.97166,-150.63995361328125,2.133840772840712
5KPH_4_4_0_id22,0.5066535472869873,3.7210850715637207,95.36069444444443,0.81,4,4,94.87861111111113,0.6222501397132874,32.507736,71.97166,-147.03567504882812,2.0835673014322915
5KPH_4_4_0_id23,0.5345272421836853,4.062486171722412,94.66416666666667,0.81,4,4,94.87861111111113,0.6222501397132874,32.507736,71.97166,-149.49549865722656,2.472784678141276
5KPH_4_4_0_id3,0.8147854804992676,4.42671012878418,95.73208333333332,0.81,4,4,94.87861111111113,0.6222501397132874,32.507736,71.97166,-149.33447265625,2.1558005015055337
5KPH_4_4_0_id4,0.6280772089958191,4.190007209777832,93.61097222222222,0.8,4,4,94.87861111111113,0.6222501397132874,32.507736,71.97166,-148.6180419921875,2.0922504001193576
5KPH_4_4_0_id5,0.5639382600784302,4.134140968322754,94.48875,0.8,4,4,94.87861111111113,0.6222501397132874,32.507736,71.97166,-150.17832946777344,2.5711746215820312
5KPH_4_4_0_id6,0.46141383051872253,3.954190969467163,93.55930555555555,0.8,4,4,94.87861111111113,0.6222501397132874,32.507736,71.97166,-148.06138610839844,2.2862222459581165
5KPH_4_4_0_id7,0.7993978261947632,4.322995185852051,95.74333333333334,0.82,4,4,94.87861111111113,0.6222501397132874,32.507736,71.97166,-148.13433837890625,2.307078467475044
5KPH_4_4_0_id8,0.5968679189682007,4.095290184020996,94.44458333333334,0.8,4,4,94.87861111111113,0.6222501397132874,32.507736,71.97166,-149.79840087890625,2.0055554707845054
5KPH_4_4_0_id9,0.58952397108078,3.9753305912017822,95.30305555555556,0.82,4,4,94.87861111111113,0.6222501397132874,32.507736,71.97166,-145.77593994140625,2.215440114339193
5KPH_4_4_1_id0,0.8307256102561951,4.157902717590332,95.29638888888888,0.82,4,4,94.5825,0.8421797752380371,32.95701,67.747536,-150.6629180908203,1.9389930301242404
5KPH_4_4_1_id1,0.7760187387466431,4.180156230926514,95.33930555555555,0.82,4,4,94.5825,0.8421797752380371,32.95701,67.747536,-150.53756713867188,1.8752996656629768
5KPH_4_4_1_id10,0.8522846698760986,4.084074974060059,95.36166666666666,0.82,4,4,94.5825,0.8421797752380371,32.95701,67.747536,-152.4866485595703,1.8642016516791449
5KPH_4_4_1_id11,0.8400145173072815,4.177109241485596,95.79263888888887,0.83,4,4,94.5825,0.8421797752380371,32.95701,67.747536,-151.30929565429688,1.8917783101399737
5KPH_4_4_1_id12,0.8124232888221741,4.264259338378906,96.18569444444444,0.83,4,4,94.5825,0.8421797752380371,32.95701,67.747536,-150.41441345214844,1.9196122487386067
5KPH_4_4_1_id13,0.8334000110626221,4.216131687164307,97.0740277777778,0.84,4,4,94.5825,0.8421797752380371,32.95701,67.747536,-150.08128356933594,1.8821305168999567
5KPH_4_4_1_id14,0.7295396327972412,4.159334182739258,96.52958333333336,0.83,4,4,94.5825,0.8421797752380371,32.95701,67.747536,-152.45864868164062,2.0326624976264105
5KPH_4_4_1_id15,0.7816556096076965,1.1967759132385254,95.52583333333332,0.81,4,4,94.5825,0.8421797752380371,32.95701,67.747536,-150.3130340576172,2.006230248345269
5KPH_4_4_1_id16,0.8652207851409912,4.329804420471191,96.91916666666668,0.84,4,4,94.5825,0.8421797752380371,32.95701,67.747536,-145.8247528076172,1.951231214735243
5KPH_4_4_1_id17,0.8395531177520752,1.46199631690979,96.65458333333332,0.84,4,4,94.5825,0.8421797752380371,32.95701,67.747536,-150.5750274658203,1.9526413811577688
5KPH_4_4_1_id18,0.7825788259506226,4.128825664520264,95.72833333333332,0.82,4,4,94.5825,0.8421797752380371,32.95701,67.747536,-151.31129455566406,2.032540215386285
5KPH_4_4_1_id19,0.7386840581893921,4.166059494018555,96.53208333333332,0.83,4,4,94.5825,0.8421797752380371,32.95701,67.747536,-150.47096252441406,1.9570577409532333
5KPH_4_4_1_id2,0.7643378376960754,4.141637802124023,96.29930555555556,0.83,4,4,94.5825,0.8421797752380371,32.95701,67.747536,-151.2602996826172,1.996360354953342
5KPH_4_4_1_id20,0.7524896264076233,4.112089157104492,96.01208333333334,0.83,4,4,94.5825,0.8421797752380371,32.95701,67.747536,-150.06353759765625,1.9033919440375435
5KPH_4_4_1_id21,0.9010818004608154,4.300627708435059,96.21319444444444,0.83,4,4,94.5825,0.8421797752380371,32.95701,67.747536,-152.1577606201172,1.9891526963975688
5KPH_4_4_1_id22,0.7640154957771301,3.2520270347595215,95.84958333333331,0.81,4,4,94.5825,0.8421797752380371,32.95701,67.747536,-152.47842407226562,2.0886001586914062
5KPH_4_4_1_id23,0.9319168329238892,1.535622239112854,95.69166666666666,0.82,4,4,94.5825,0.8421797752380371,32.95701,67.747536,-150.84085083007812,2.056793000963
5KPH_4_4_1_id3,0.8469432592391968,4.376866817474365,96.7125,0.83,4,4,94.5825,0.8421797752380371,32.95701,67.747536,-150.11968994140625,2.0007281833224826
5KPH_4_4_1_id4,0.7954738736152649,4.065028667449951,94.51319444444444,0.81,4,4,94.5825,0.8421797752380371,32.95701,67.747536,-148.7938690185547,2.127859115600586
5KPH_4_4_1_id5,0.813307523727417,4.196934223175049,95.935,0.83,4,4,94.5825,0.8421797752380371,32.95701,67.747536,-151.09046936035156,1.9438001844618056
5KPH_4_4_1_id6,0.8354593515396118,4.221055030822754,96.0984722222222,0.82,4,4,94.5825,0.8421797752380371,32.95701,67.747536,-149.78819274902344,2.0786204867892795
5KPH_4_4_1_id7,0.666516900062561,3.0510551929473877,96.59569444444443,0.82,4,4,94.5825,0.8421797752380371,32.95701,67.747536,-147.36680603027344,1.993769115871853
5KPH_4_4_1_id8,0.7643728256225586,4.194777488708496,96.52472222222222,0.82,4,4,94.5825,0.8421797752380371,32.95701,67.747536,-151.0717010498047,2.16904788547092
5KPH_4_4_1_id9,2.831739664077759,2.2357192039489746,95.63930555555557,0.82,4,4,94.5825,0.8421797752380371,32.95701,67.747536,-150.09365844726562,1.8918331993950737
5KPH_4_4_2_id0,0.5887011885643005,3.8332982063293457,95.74444444444444,0.82,4,4,95.00541666666668,0.9804434776306152,33.227543,70.22529,-142.59596252441406,2.1766302320692272
5KPH_4_4_2_id1,0.7856810092926025,3.917750358581543,94.75930555555556,0.81,4,4,95.00541666666668,0.9804434776306152,33.227543,70.22529,-145.08331298828125,2.2051249610053167
5KPH_4_4_2_id10,0.7170016765594482,3.9668262004852295,95.66652777777776,0.82,4,4,95.00541666666668,0.9804434776306152,33.227543,70.22529,-144.1961669921875,2.1910474565294056
5KPH_4_4_2_id11,0.6482794880867004,3.983952045440674,95.89291666666666,0.82,4,4,95.00541666666668,0.9804434776306152,33.227543,70.22529,-143.18234252929688,2.3261811998155384
5KPH_4_4_2_id12,0.8311113119125366,3.5188987255096436,92.35666666666668,0.75,4,4,95.00541666666668,0.9804434776306152,33.227543,70.22529,-140.9400634765625,2.301873524983724
5KPH_4_4_2_id13,0.7364544868469238,3.9353392124176025,94.6561111111111,0.8,4,4,95.00541666666668,0.9804434776306152,33.227543,70.22529,-145.1905975341797,2.280946519639757
5KPH_4_4_2_id14,0.7922361493110657,4.011781215667725,95.51180555555555,0.81,4,4,95.00541666666668,0.9804434776306152,33.227543,70.22529,-146.06427001953125,2.4268586900499134
5KPH_4_4_2_id15,1.000636100769043,2.0486514568328857,96.14125,0.82,4,4,95.00541666666668,0.9804434776306152,33.227543,70.22529,-145.36349487304688,2.2215673658582897
5KPH_4_4_2_id16,0.6428323984146118,3.9936578273773193,95.5390277777778,0.82,4,4,95.00541666666668,0.9804434776306152,33.227543,70.22529,-143.71163940429688,2.242835362752279
5KPH_4_4_2_id17,0.7714092135429382,4.067532062530518,95.81930555555556,0.81,4,4,95.00541666666668,0.9804434776306152,33.227543,70.22529,-144.0988006591797,2.290461646185981
5KPH_4_4_2_id18,2.007509469985962,2.162092447280884,93.2286111111111,0.78,4,4,95.00541666666668,0.9804434776306152,33.227543,70.22529,-138.23770141601562,2.277340359157986
5KPH_4_4_2_id19,0.6145053505897522,3.7935843467712402,94.94708333333332,0.82,4,4,95.00541666666668,0.9804434776306152,33.227543,70.22529,-144.29342651367188,2.204359690348307
5KPH_4_4_2_id2,0.7274128198623657,2.1970393657684326,91.82555555555555,0.73,4,4,95.00541666666668,0.9804434776306152,33.227543,70.22529,-142.99559020996094,2.385665681627062
5KPH_4_4_2_id20,0.7320173978805542,4.037578582763672,95.4472222222222,0.81,4,4,95.00541666666668,0.9804434776306152,33.227543,70.22529,-147.4674072265625,2.078836441040039
5KPH_4_4_2_id21,0.7491661310195923,3.6919665336608887,95.33041666666666,0.81,4,4,95.00541666666668,0.9804434776306152,33.227543,70.22529,-145.40049743652344,2.488581763373481
5KPH_4_4_2_id22,0.742270827293396,3.929414987564087,94.75097222222222,0.8,4,4,95.00541666666668,0.9804434776306152,33.227543,70.22529,-144.3610076904297,2.075486077202691
5KPH_4_4_2_id23,0.6422386169433594,3.851883888244629,95.38597222222222,0.83,4,4,95.00541666666668,0.9804434776306152,33.227543,70.22529,-144.41104125976562,2.36603758070204
5KPH_4_4_2_id3,0.6981300115585327,3.9182279109954834,95.2138888888889,0.81,4,4,95.00541666666668,0.9804434776306152,33.227543,70.22529,-145.33111572265625,2.2609486050075955
5KPH_4_4_2_id4,0.7872489094734192,3.9489824771881104,95.58236111111113,0.81,4,4,95.00541666666668,0.9804434776306152,33.227543,70.22529,-145.3950653076172,2.388849046495226
5KPH_4_4_2_id5,0.7958300709724426,3.862487554550171,95.39569444444444,0.81,4,4,95.00541666666668,0.9804434776306152,33.227543,70.22529,-146.8563995361328,2.539788987901476
5KPH_4_4_2_id6,0.8382483124732971,4.092364311218262,95.17527777777777,0.81,4,4,95.00541666666668,0.9804434776306152,33.227543,70.22529,-141.0008544921875,2.2840521070692272
5KPH_4_4_2_id7,1.017441749572754,4.558223724365234,95.7473611111111,0.81,4,4,95.00541666666668,0.9804434776306152,33.227543,70.22529,-144.83450317382812,2.101451873779297
5KPH_4_4_2_id8,0.7363760471343994,4.002951145172119,95.53055555555557,0.81,4,4,95.00541666666668,0.9804434776306152,33.227543,70.22529,-142.11441040039062,2.091903898451063
5KPH_4_4_2_id9,0.8972128033638,2.0189590454101562,93.8613888888889,0.79,4,4,95.00541666666668,0.9804434776306152,33.227543,70.22529,-145.15101623535156,2.2869059244791665
5KPH_4_4_3_id0,0.6243305206298828,3.8953094482421875,95.48486111111112,0.83,4,4,92.96638888888889,0.5465803146362305,33.456146,68.09666,-148.22645568847656,1.9628690083821607
5KPH_4_4_3_id1,0.7034502029418945,3.97409987449646,95.82055555555556,0.83,4,4,92.96638888888889,0.5465803146362305,33.456146,68.09666,-147.1894989013672,2.0563543107774525
5KPH_4_4_3_id10,0.7689305543899536,2.184969425201416,94.89958333333334,0.81,4,4,92.96638888888889,0.5465803146362305,33.456146,68.09666,-148.15245056152344,2.248726314968533
5KPH_4_4_3_id11,0.6490204930305481,4.010722637176514,95.50097222222225,0.82,4,4,92.96638888888889,0.5465803146362305,33.456146,68.09666,-148.9036407470703,1.6730980343288846
5KPH_4_4_3_id12,0.6908701658248901,3.8853070735931396,96.06930555555556,0.82,4,4,92.96638888888889,0.5465803146362305,33.456146,68.09666,-147.3326416015625,2.0467906528049045
5KPH_4_4_3_id13,0.8075607419013977,3.975565195083618,96.02888888888889,0.83,4,4,92.96638888888889,0.5465803146362305,33.456146,68.09666,-146.74229431152344,1.9689899020724824
5KPH_4_4_3_id14,0.7979819178581238,3.989748477935791,94.05069444444445,0.81,4,4,92.96638888888889,0.5465803146362305,33.456146,68.09666,-147.1287384033203,2.0047531127929688
5KPH_4_4_3_id15,0.6123828291893005,3.799919605255127,95.06861111111112,0.81,4,4,92.96638888888889,0.5465803146362305,33.456146,68.09666,-148.96737670898438,1.9807480706108944
5KPH_4_4_3_id16,0.6499043107032776,3.759265899658203,93.92986111111112,0.8,4,4,92.96638888888889,0.5465803146362305,33.456146,68.09666,-149.1756591796875,1.994854397243924
5KPH_4_4_3_id17,0.7332863211631775,3.778184652328491,95.01416666666668,0.82,4,4,92.96638888888889,0.5465803146362305,33.456146,68.09666,-145.4273223876953,2.104558096991645
5KPH_4_4_3_id18,0.909426748752594,2.722501277923584,95.65722222222222,0.82,4,4,92.96638888888889,0.5465803146362305,33.456146,68.09666,-145.5394744873047,1.8803526560465496
5KPH_4_4_3_id19,0.6636704206466675,3.8434858322143555,95.4615277777778,0.81,4,4,92.96638888888889,0.5465803146362305,33.456146,68.09666,-147.7100372314453,2.1103168063693576
5KPH_4_4_3_id2,0.7690504193305969,3.7169554233551025,94.51555555555554,0.81,4,4,92.96638888888889,0.5465803146362305,33.456146,68.09666,-148.44459533691406,1.759416580200195
5KPH_4_4_3_id20,0.6995341777801514,3.947197675704956,95.36652777777778,0.82,4,4,92.96638888888889,0.5465803146362305,33.456146,68.09666,-146.9125213623047,1.897936079237196
5KPH_4_4_3_id21,0.7366325259208679,3.8546302318573,95.29013888888888,0.82,4,4,92.96638888888889,0.5465803146362305,33.456146,68.09666,-147.9971923828125,1.8667110866970489
5KPH_4_4_3_id22,0.7853378653526306,3.916692018508911,95.83583333333334,0.82,4,4,92.96638888888889,0.5465803146362305,33.456146,68.09666,-146.62435913085938,2.065429263644748
5KPH_4_4_3_id23,0.6101191639900208,3.858875274658203,95.49125,0.82,4,4,92.96638888888889,0.5465803146362305,33.456146,68.09666,-145.9191436767578,2.032359017266168
5KPH_4_4_3_id3,0.6403298377990723,3.934412717819214,95.15541666666668,0.81,4,4,92.96638888888889,0.5465803146362305,33.456146,68.09666,-144.52122497558594,1.8880962795681424
5KPH_4_4_3_id4,0.7838209271430969,2.346243381500244,94.97027777777778,0.81,4,4,92.96638888888889,0.5465803146362305,33.456146,68.09666,-147.938232421875,2.19785393608941
5KPH_4_4_3_id5,0.5587981343269348,3.875870704650879,96.38333333333334,0.83,4,4,92.96638888888889,0.5465803146362305,33.456146,68.09666,-146.3018035888672,1.9554951985677085
5KPH_4_4_3_id6,0.6096048951148987,3.813507556915283,95.58527777777778,0.82,4,4,92.96638888888889,0.5465803146362305,33.456146,68.09666,-148.32107543945312,1.86612425910102
5KPH_4_4_3_id7,0.6782141923904419,3.8900644779205322,96.24236111111112,0.83,4,4,92.96638888888889,0.5465803146362305,33.456146,68.09666,-149.06190490722656,1.8601858350965712
5KPH_4_4_3_id8,0.7029943466186523,3.7240607738494873,95.695,0.82,4,4,92.96638888888889,0.5465803146362305,33.456146,68.09666,-148.12384033203125,1.949005126953125
5KPH_4_4_3_id9,0.8113031983375549,4.129761695861816,96.36263888888888,0.84,4,4,92.96638888888889,0.5465803146362305,33.456146,68.09666,-147.44625854492188,2.0060318840874567
5KPH_4_4_4_id0,0.9643309116363525,4.47105073928833,96.33569444444444,0.83,4,4,97.37166666666668,0.585494339466095,33.094078,67.055725,-147.87977600097656,2.283496220906576
5KPH_4_4_4_id1,0.936530590057373,4.7136335372924805,96.12708333333332,0.83,4,4,97.37166666666668,0.585494339466095,33.094078,67.055725,-149.11465454101562,2.2111905415852866
5KPH_4_4_4_id10,0.7231142520904541,4.1007537841796875,93.29819444444443,0.78,4,4,97.37166666666668,0.585494339466095,33.094078,67.055725,-148.84811401367188,2.0799713134765625
5KPH_4_4_4_id11,0.7800980806350708,4.490834712982178,96.4413888888889,0.83,4,4,97.37166666666668,0.585494339466095,33.094078,67.055725,-148.34915161132812,2.18302959865994
5KPH_4_4_4_id12,0.7944474220275879,1.9993175268173218,93.8301388888889,0.79,4,4,97.37166666666668,0.585494339466095,33.094078,67.055725,-148.3907012939453,2.3394364251030817
5KPH_4_4_4_id13,0.9203381538391113,4.689303874969482,96.51819444444445,0.84,4,4,97.37166666666668,0.585494339466095,33.094078,67.055725,-147.9620361328125,2.316774368286133
5KPH_4_4_4_id14,0.8694400787353516,4.528263568878174,96.10333333333334,0.83,4,4,97.37166666666668,0.585494339466095,33.094078,67.055725,-146.48439025878906,2.2377726236979165
5KPH_4_4_4_id15,0.8924921154975891,4.389663219451904,95.70652777777778,0.83,4,4,97.37166666666668,0.585494339466095,33.094078,67.055725,-147.02337646484375,2.089050716824002
5KPH_4_4_4_id16,0.5332026481628418,4.225069999694824,95.70486111111111,0.81,4,4,97.37166666666668,0.585494339466095,33.094078,67.055725,-146.24429321289062,2.159442901611328
5KPH_4_4_4_id17,0.5809728503227234,4.212643146514893,94.73916666666668,0.81,4,4,97.37166666666668,0.585494339466095,33.094078,67.055725,-147.9032440185547,2.1284976535373263
5KPH_4_4_4_id18,0.8716710805892944,3.896216630935669,95.3736111111111,0.82,4,4,97.37166666666668,0.585494339466095,33.094078,67.055725,-148.67726135253906,2.288450664944119
5KPH_4_4_4_id19,0.7888929843902588,3.387014865875244,92.34430555555556,0.77,4,4,97.37166666666668,0.585494339466095,33.094078,67.055725,-149.04022216796875,1.835084491305881
5KPH_4_4_4_id2,0.7981233596801758,3.826570987701416,94.89527777777776,0.81,4,4,97.37166666666668,0.585494339466095,33.094078,67.055725,-147.61276245117188,2.228525585598416
5KPH_4_4_4_id20,0.946518063545227,4.634833812713623,96.60027777777778,0.83,4,4,97.37166666666668,0.585494339466095,33.094078,67.055725,-150.7895050048828,2.134703106350369
5KPH_4_4_4_id21,0.9006830453872681,4.354655742645264,95.1901388888889,0.82,4,4,97.37166666666668,0.585494339466095,33.094078,67.055725,-148.99600219726562,2.125332726372613
5KPH_4_4_4_id22,0.9432170391082764,4.631709098815918,96.74333333333334,0.84,4,4,97.37166666666668,0.585494339466095,33.094078,67.055725,-149.12525939941406,2.1600668165418835
5KPH_4_4_4_id23,0.5860269069671631,4.119768142700195,95.09625,0.82,4,4,97.37166666666668,0.585494339466095,33.094078,67.055725,-146.8427276611328,2.1235408782958984
5KPH_4_4_4_id3,0.8591744303703308,4.540831089019775,96.61916666666669,0.84,4,4,97.37166666666668,0.585494339466095,33.094078,67.055725,-149.54534912109375,2.033480750189887
5KPH_4_4_4_id4,0.885475754737854,4.613729000091553,96.10875,0.83,4,4,97.37166666666668,0.585494339466095,33.094078,67.055725,-149.99237060546875,1.8775045606825087
5KPH_4_4_4_id5,0.7693504095077515,4.4800238609313965,91.92652777777776,0.76,4,4,97.37166666666668,0.585494339466095,33.094078,67.055725,-148.0821533203125,1.9571586185031469
5KPH_4_4_4_id6,0.8629571199417114,4.522467136383057,95.99833333333332,0.82,4,4,97.37166666666668,0.585494339466095,33.094078,67.055725,-147.6812744140625,2.1887450748019748
5KPH_4_4_4_id7,0.9325748085975647,4.638685703277588,96.56597222222224,0.83,4,4,97.37166666666668,0.585494339466095,33.094078,67.055725,-148.610107421875,2.169393115573459
5KPH_4_4_4_id8,0.7266888618469238,4.536712646484375,92.41819444444444,0.74,4,4,97.37166666666668,0.585494339466095,33.094078,67.055725,-148.13430786132812,2.402105543348524
5KPH_4_4_4_id9,0.671884298324585,4.092632293701172,95.91069444444445,0.83,4,4,97.37166666666668,0.585494339466095,33.094078,67.055725,-147.94618225097656,2.1341031392415366
5KPH_4_4_5_id0,0.9243769645690918,1.9072375297546387,94.4447222222222,0.8,4,4,93.77958333333332,0.6070631742477417,33.774326,70.56854,-147.0896453857422,2.322847366333008
5KPH_4_4_5_id1,1.0757910013198853,1.7023353576660156,96.74861111111112,0.83,4,4,93.77958333333332,0.6070631742477417,33.774326,70.56854,-145.79397583007812,2.6055484347873263
5KPH_4_4_5_id10,1.9781785011291504,1.6592899560928345,91.72986111111112,0.77,4,4,93.77958333333332,0.6070631742477417,33.774326,70.56854,-148.221923828125,2.21108627319336
5KPH_4_4_5_id11,0.6738027930259705,1.5589745044708252,92.08069444444445,0.75,4,4,93.77958333333332,0.6070631742477417,33.774326,70.56854,-147.75587463378906,2.477221382988824
5KPH_4_4_5_id12,0.6329434514045715,1.6238420009613037,93.98888888888888,0.77,4,4,93.77958333333332,0.6070631742477417,33.774326,70.56854,-146.02371215820312,2.0099771287706165
5KPH_4_4_5_id13,0.7758389711380005,1.872522234916687,96.63847222222222,0.82,4,4,93.77958333333332,0.6070631742477417,33.774326,70.56854,-147.35423278808594,1.978936301337348
5KPH_4_4_5_id14,2.138187885284424,1.8448938131332397,92.23291666666664,0.77,4,4,93.77958333333332,0.6070631742477417,33.774326,70.56854,-144.96282958984375,2.2443230946858725
5KPH_4_4_5_id15,0.7201348543167114,4.112899303436279,95.95291666666668,0.82,4,4,93.77958333333332,0.6070631742477417,33.774326,70.56854,-146.3441162109375,2.4203279283311634
5KPH_4_4_5_id16,1.026322364807129,1.8924709558486938,93.51777777777778,0.78,4,4,93.77958333333332,0.6070631742477417,33.774326,70.56854,-148.13980102539062,2.17008548312717
5KPH_4_4_5_id17,1.9493775367736816,1.7110857963562012,92.95097222222222,0.79,4,4,93.77958333333332,0.6070631742477417,33.774326,70.56854,-147.60743713378906,2.1417333814832897
5KPH_4_4_5_id18,0.6405589580535889,2.167341470718384,93.94333333333331,0.78,4,4,93.77958333333332,0.6070631742477417,33.774326,70.56854,-143.76315307617188,2.517037285698785
5KPH_4_4_5_id19,1.9163016080856323,1.7686182260513306,91.01694444444443,0.75,4,4,93.77958333333332,0.6070631742477417,33.774326,70.56854,-147.54119873046875,2.256001366509332
5KPH_4_4_5_id2,1.85002601146698,1.9120937585830688,92.1775,0.78,4,4,93.77958333333332,0.6070631742477417,33.774326,70.56854,-148.71823120117188,2.2329923841688366
5KPH_4_4_5_id20,0.8199150562286377,3.7770094871520996,92.21694444444444,0.76,4,4,93.77958333333332,0.6070631742477417,33.774326,70.56854,-145.43243408203125,2.469006856282552
5KPH_4_4_5_id21,1.0558125972747803,1.8031636476516724,94.35777777777778,0.81,4,4,93.77958333333332,0.6070631742477417,33.774326,70.56854,-147.55361938476562,2.143121931287977
5KPH_4_4_5_id22,1.7693933248519897,2.111752510070801,91.7448611111111,0.76,4,4,93.77958333333332,0.6070631742477417,33.774326,70.56854,-148.5186767578125,2.2528097364637585
5KPH_4_4_5_id23,0.9749398231506348,1.8038429021835327,94.0626388888889,0.79,4,4,93.77958333333332,0.6070631742477417,33.774326,70.56854,-145.6883544921875,2.254286448160807
5KPH_4_4_5_id3,1.9456353187561035,2.011326789855957,94.09569444444443,0.81,4,4,93.77958333333332,0.6070631742477417,33.774326,70.56854,-147.48370361328125,2.268153296576606
5KPH_4_4_5_id4,1.0302014350891113,1.7440448999404907,93.83694444444444,0.8,4,4,93.77958333333332,0.6070631742477417,33.774326,70.56854,-148.2497100830078,2.561518775092231
5KPH_4_4_5_id5,0.6391503810882568,1.8912982940673828,94.54402777777776,0.79,4,4,93.77958333333332,0.6070631742477417,33.774326,70.56854,-147.59609985351562,2.5456364949544272
5KPH_4_4_5_id6,0.5810333490371704,3.9898879528045654,96.50861111111112,0.82,4,4,93.77958333333332,0.6070631742477417,33.774326,70.56854,-144.49476623535156,2.5097342597113714
5KPH_4_4_5_id7,2.019423007965088,1.8916796445846558,94.51347222222222,0.8,4,4,93.77958333333332,0.6070631742477417,33.774326,70.56854,-145.4928436279297,2.156396653917101
5KPH_4_4_5_id8,1.884438395500183,1.817264437675476,92.52263888888888,0.78,4,4,93.77958333333332,0.6070631742477417,33.774326,70.56854,-145.52220153808594,2.384809282090929
5KPH_4_4_5_id9,1.9815939664840698,1.690035104751587,90.9036111111111,0.75,4,4,93.77958333333332,0.6070631742477417,33.774326,70.56854,-146.8043212890625,2.3023560841878257
5KPH_4_4_6_id0,0.7827519774436951,4.280086517333984,95.9348611111111,0.83,4,4,94.66597222222224,0.6868184804916382,32.589752,68.7165,-148.75466918945312,1.964703453911676
5KPH_4_4_6_id1,0.7220977544784546,4.2426557540893555,96.07583333333334,0.83,4,4,94.66597222222224,0.6868184804916382,32.589752,68.7165,-148.42550659179688,2.15480719672309
5KPH_4_4_6_id10,0.8738334774971008,4.3626389503479,95.40694444444443,0.82,4,4,94.66597222222224,0.6868184804916382,32.589752,68.7165,-148.35888671875,2.279078801472982
5KPH_4_4_6_id11,0.7323669791221619,1.9883304834365845,93.87805555555556,0.78,4,4,94.66597222222224,0.6868184804916382,32.589752,68.7165,-148.47662353515625,2.105587429470486
5KPH_4_4_6_id12,0.8818947672843933,4.4266462326049805,94.87625,0.81,4,4,94.66597222222224,0.6868184804916382,32.589752,68.7165,-149.41583251953125,2.318534003363715
5KPH_4_4_6_id13,0.7770258784294128,4.403518199920654,96.24444444444444,0.82,4,4,94.66597222222224,0.6868184804916382,32.589752,68.7165,-147.85214233398438,2.105141745673285
5KPH_4_4_6_id14,0.7994925379753113,4.23069429397583,94.50666666666667,0.81,4,4,94.66597222222224,0.6868184804916382,32.589752,68.7165,-147.21990966796875,2.0083643595377603
5KPH_4_4_6_id15,0.8010311722755432,4.325595378875732,96.04388888888889,0.83,4,4,94.66597222222224,0.6868184804916382,32.589752,68.7165,-147.05007934570312,2.1393475002712674
5KPH_4_4_6_id16,0.8417044878005981,4.449565410614014,96.44361111111112,0.83,4,4,94.66597222222224,0.6868184804916382,32.589752,68.7165,-147.9596710205078,2.222583770751953
5KPH_4_4_6_id17,0.7994911670684814,4.3457465171813965,96.39486111111113,0.83,4,4,94.66597222222224,0.6868184804916382,32.589752,68.7165,-149.3424072265625,2.0871541765001087
5KPH_4_4_6_id18,0.7784047722816467,4.362166881561279,96.24833333333332,0.83,4,4,94.66597222222224,0.6868184804916382,32.589752,68.7165,-148.25503540039062,2.255679236518012
5KPH_4_4_6_id19,0.7819254994392395,4.2085862159729,95.54597222222225,0.81,4,4,94.66597222222224,0.6868184804916382,32.589752,68.7165,-149.17587280273438,2.1220628950330944
5KPH_4_4_6_id2,0.8324851393699646,2.1087324619293213,93.43847222222222,0.79,4,4,94.66597222222224,0.6868184804916382,32.589752,68.7165,-148.09385681152344,2.123339547051324
5KPH_4_4_6_id20,0.6797608137130737,4.001654148101807,94.48555555555556,0.8,4,4,94.66597222222224,0.6868184804916382,32.589752,68.7165,-147.32699584960938,2.2010805341932507
5KPH_4_4_6_id21,0.7735295295715332,4.105254173278809,95.90027777777776,0.83,4,4,94.66597222222224,0.6868184804916382,32.589752,68.7165,-147.51780700683594,2.143095016479492
5KPH_4_4_6_id22,0.7279483079910278,4.250521659851074,95.78597222222224,0.82,4,4,94.66597222222224,0.6868184804916382,32.589752,68.7165,-148.0078125,2.2467269897460938
5KPH_4_4_6_id23,0.6449515223503113,4.274639129638672,95.16055555555556,0.82,4,4,94.66597222222224,0.6868184804916382,32.589752,68.7165,-147.50662231445312,2.0308625962999134
5KPH_4_4_6_id3,0.5718086957931519,4.038294792175293,94.54166666666669,0.82,4,4,94.66597222222224,0.6868184804916382,32.589752,68.7165,-148.1184844970703,2.308701409233941
5KPH_4_4_6_id4,0.7725675106048584,4.3321146965026855,95.97486111111112,0.83,4,4,94.66597222222224,0.6868184804916382,32.589752,68.7165,-146.25344848632812,2.1207788255479603
5KPH_4_4_6_id5,0.7854830026626587,4.157205581665039,95.17263888888893,0.81,4,4,94.66597222222224,0.6868184804916382,32.589752,68.7165,-149.63949584960938,2.2181388007269964
5KPH_4_4_6_id6,0.7981650233268738,2.7625768184661865,93.88152777777778,0.79,4,4,94.66597222222224,0.6868184804916382,32.589752,68.7165,-143.71624755859375,2.3246568044026694
5KPH_4_4_6_id7,0.8827846050262451,4.509228229522705,96.90152777777776,0.83,4,4,94.66597222222224,0.6868184804916382,32.589752,68.7165,-148.41091918945312,2.1249910990397134
5KPH_4_4_6_id8,0.819175124168396,3.92244553565979,94.07166666666666,0.79,4,4,94.66597222222224,0.6868184804916382,32.589752,68.7165,-149.0369873046875,1.866922378540039
5KPH_4_4_6_id9,0.8105286955833435,4.379855632781982,96.36472222222224,0.83,4,4,94.66597222222224,0.6868184804916382,32.589752,68.7165,-148.33795166015625,1.961656782362196
5KPH_4_4_7_id0,0.7238028645515442,2.705977201461792,94.8561111111111,0.8,4,4,93.93944444444443,0.7899553179740906,33.38948,68.603775,-147.685302734375,2.093591054280599
5KPH_4_4_7_id1,0.7916713953018188,4.100666046142578,94.78027777777778,0.8,4,4,93.93944444444443,0.7899553179740906,33.38948,68.603775,-147.42672729492188,2.1253653632269964
5KPH_4_4_7_id10,0.9333715438842773,1.659397840499878,92.87388888888889,0.77,4,4,93.93944444444443,0.7899553179740906,33.38948,68.603775,-147.62493896484375,1.9069254133436413
5KPH_4_4_7_id11,0.7924233675003052,2.75396728515625,95.42138888888888,0.8,4,4,93.93944444444443,0.7899553179740906,33.38948,68.603775,-148.6174774169922,2.051648669772678
5KPH_4_4_7_id12,0.871847927570343,1.5163010358810425,95.81444444444443,0.82,4,4,93.93944444444443,0.7899553179740906,33.38948,68.603775,-148.88352966308594,2.1489340464274087
5KPH_4_4_7_id13,0.7520437836647034,3.849147319793701,95.02,0.8,4,4,93.93944444444443,0.7899553179740906,33.38948,68.603775,-147.68836975097656,2.1404791937934027
5KPH_4_4_7_id14,0.7289275527000427,3.677849531173706,95.12958333333331,0.8,4,4,93.93944444444443,0.7899553179740906,33.38948,68.603775,-147.58297729492188,2.483899858262804
5KPH_4_4_7_id15,0.894910454750061,4.066757678985596,95.23277777777778,0.81,4,4,93.93944444444443,0.7899553179740906,33.38948,68.603775,-148.009765625,2.363767411973741
5KPH_4_4_7_id16,0.9504192471504211,4.389043807983398,95.84291666666668,0.82,4,4,93.93944444444443,0.7899553179740906,33.38948,68.603775,-146.5703887939453,1.9636995527479384
5KPH_4_4_7_id17,0.7890046238899231,4.158329486846924,95.07666666666668,0.8,4,4,93.93944444444443,0.7899553179740906,33.38948,68.603775,-146.12168884277344,2.511956532796224
5KPH_4_4_7_id18,1.7058826684951782,1.8609461784362793,93.88972222222222,0.79,4,4,93.93944444444443,0.7899553179740906,33.38948,68.603775,-145.83273315429688,1.933005862765842
5KPH_4_4_7_id19,0.8019019961357117,3.655499219894409,94.99055555555556,0.8,4,4,93.93944444444443,0.7899553179740906,33.38948,68.603775,-147.69400024414062,2.3235100640190973
5KPH_4_4_7_id2,0.7839292883872986,2.9390382766723633,94.485,0.8,4,4,93.93944444444443,0.7899553179740906,33.38948,68.603775,-147.02902221679688,2.3968997531467013
5KPH_4_4_7_id20,0.8821865916252136,1.601093053817749,94.98736111111111,0.8,4,4,93.93944444444443,0.7899553179740906,33.38948,68.603775,-147.77296447753906,2.2137506273057728
5KPH_4_4_7_id21,0.6649270057678223,3.870091676712036,94.47027777777778,0.81,4,4,93.93944444444443,0.7899553179740906,33.38948,68.603775,-145.79612731933594,2.119883219401041
5KPH_4_4_7_id22,0.7898388504981995,3.241990089416504,94.52958333333332,0.8,4,4,93.93944444444443,0.7899553179740906,33.38948,68.603775,-147.70179748535156,2.352453867594401
5KPH_4_4_7_id23,0.840082049369812,1.5993562936782837,94.96013888888888,0.8,4,4,93.93944444444443,0.7899553179740906,33.38948,68.603775,-147.7103271484375,2.369418674045139
5KPH_4_4_7_id3,0.7439607977867126,4.162104606628418,95.8913888888889,0.82,4,4,93.93944444444443,0.7899553179740906,33.38948,68.603775,-146.27645874023438,2.272581312391493
5KPH_4_4_7_id4,0.9978728294372559,1.6083275079727173,95.58236111111113,0.82,4,4,93.93944444444443,0.7899553179740906,33.38948,68.603775,-148.79922485351562,1.8646965026855469
5KPH_4_4_7_id5,0.8390836119651794,4.15162992477417,94.86125,0.79,4,4,93.93944444444443,0.7899553179740906,33.38948,68.603775,-147.40805053710938,2.302522447374132
5KPH_4_4_7_id6,0.890546441078186,1.6211031675338745,94.86097222222224,0.8,4,4,93.93944444444443,0.7899553179740906,33.38948,68.603775,-148.6323699951172,2.307570563422309
5KPH_4_4_7_id7,0.9212479591369629,4.092358589172363,95.75541666666666,0.81,4,4,93.93944444444443,0.7899553179740906,33.38948,68.603775,-146.03549194335938,2.1119405958387585
5KPH_4_4_7_id8,0.7865170240402222,4.020624160766602,95.75041666666664,0.81,4,4,93.93944444444443,0.7899553179740906,33.38948,68.603775,-147.364990234375,1.950137668185764
5KPH_4_4_7_id9,0.9120303988456726,1.6455483436584473,93.49736111111112,0.78,4,4,93.93944444444443,0.7899553179740906,33.38948,68.603775,-146.4064483642578,2.4477331373426647
5KPH_4_4_9_id0,0.8645431399345398,3.987518072128296,94.2625,0.8,4,4,93.24625,0.8029084801673889,32.812706,69.49533,-140.74252319335938,2.091403537326389
5KPH_4_4_9_id1,1.0152084827423096,4.268863201141357,95.69583333333334,0.81,4,4,93.24625,0.8029084801673889,32.812706,69.49533,-143.86642456054688,2.311544206407336
5KPH_4_4_9_id10,1.0426193475723267,2.315673589706421,90.74944444444444,0.75,4,4,93.24625,0.8029084801673889,32.812706,69.49533,-145.55990600585938,2.263649410671658
5KPH_4_4_9_id11,0.6718879342079163,3.9971578121185303,94.96402777777776,0.81,4,4,93.24625,0.8029084801673889,32.812706,69.49533,-143.64707946777344,2.536566416422526
5KPH_4_4_9_id12,0.6777065992355347,4.110718727111816,94.9525,0.81,4,4,93.24625,0.8029084801673889,32.812706,69.49533,-143.1997528076172,2.117906994289822
5KPH_4_4_9_id13,0.8982518315315247,4.1937384605407715,96.57291666666669,0.83,4,4,93.24625,0.8029084801673889,32.812706,69.49533,-143.54379272460938,2.346221923828125
5KPH_4_4_9_id14,1.1177502870559692,2.6810927391052246,96.00041666666668,0.82,4,4,93.24625,0.8029084801673889,32.812706,69.49533,-144.9088134765625,2.209657457139757
5KPH_4_4_9_id15,0.9892495274543762,2.057469367980957,91.52083333333331,0.75,4,4,93.24625,0.8029084801673889,32.812706,69.49533,-144.93209838867188,2.21882692972819
5KPH_4_4_9_id16,1.06244695186615,3.877919912338257,94.29958333333332,0.79,4,4,93.24625,0.8029084801673889,32.812706,69.49533,-144.38951110839844,2.162080976698133
5KPH_4_4_9_id17,0.9384134411811829,2.2568163871765137,92.43958333333336,0.76,4,4,93.24625,0.8029084801673889,32.812706,69.49533,-145.81837463378906,2.2402144538031683
5KPH_4_4_9_id18,1.0513893365859985,4.305193901062012,95.87680555555556,0.83,4,4,93.24625,0.8029084801673889,32.812706,69.49533,-144.64248657226562,2.2143501705593533
5KPH_4_4_9_id19,1.0301462411880493,4.392838478088379,95.51722222222222,0.81,4,4,93.24625,0.8029084801673889,32.812706,69.49533,-145.0747833251953,2.131588406032986
5KPH_4_4_9_id2,0.8009382486343384,3.9781980514526367,96.14736111111112,0.82,4,4,93.24625,0.8029084801673889,32.812706,69.49533,-142.33197021484375,2.171875
5KPH_4_4_9_id20,0.8461995124816895,3.7479593753814697,94.0497222222222,0.79,4,4,93.24625,0.8029084801673889,32.812706,69.49533,-138.91989135742188,2.193127950032552
5KPH_4_4_9_id21,0.7383931875228882,3.8730716705322266,93.97944444444444,0.79,4,4,93.24625,0.8029084801673889,32.812706,69.49533,-143.29367065429688,2.4868706597222223
5KPH_4_4_9_id22,0.9618452787399292,1.8673911094665527,90.95736111111113,0.76,4,4,93.24625,0.8029084801673889,32.812706,69.49533,-145.14971923828125,2.418120914035373
5KPH_4_4_9_id23,1.7444502115249634,2.382636785507202,92.29069444444444,0.77,4,4,93.24625,0.8029084801673889,32.812706,69.49533,-143.899658203125,2.216973622639974
5KPH_4_4_9_id3,1.0210833549499512,4.447846412658691,96.10972222222222,0.83,4,4,93.24625,0.8029084801673889,32.812706,69.49533,-144.50189208984375,1.9546513027615016
5KPH_4_4_9_id4,1.0446584224700928,4.529943466186523,93.73569444444443,0.78,4,4,93.24625,0.8029084801673889,32.812706,69.49533,-142.7988739013672,2.392427444458008
5KPH_4_4_9_id5,0.8702292442321777,3.9157321453094482,95.64833333333334,0.81,4,4,93.24625,0.8029084801673889,32.812706,69.49533,-143.00025939941406,2.3037287394205728
5KPH_4_4_9_id6,0.9827661514282227,4.298780918121338,96.62680555555556,0.84,4,4,93.24625,0.8029084801673889,32.812706,69.49533,-145.00244140625,2.254698011610243
5KPH_4_4_9_id7,1.0519698858261108,4.3286333084106445,94.75861111111112,0.8,4,4,93.24625,0.8029084801673889,32.812706,69.49533,-139.19203186035156,2.3184534708658853
5KPH_4_4_9_id8,0.9473941326141357,3.876190185546875,91.43930555555556,0.73,4,4,93.24625,0.8029084801673889,32.812706,69.49533,-145.8715057373047,2.22745598687066
5KPH_4_4_9_id9,0.9987902045249939,2.6827802658081055,96.49305555555556,0.83,4,4,93.24625,0.8029084801673889,32.812706,69.49533,-146.39572143554688,2.524296442667643
5KPH_4_6_0_id0,0.6843880414962769,4.029914855957031,95.56875,0.82,4,6,93.5148611111111,0.591726541519165,32.84183,69.67821,-144.26698303222656,2.2759872012668185
5KPH_4_6_0_id1,0.9037227034568787,4.3660054206848145,96.39680555555556,0.83,4,6,93.5148611111111,0.591726541519165,32.84183,69.67821,-145.02015686035156,2.330651601155599
5KPH_4_6_0_id10,0.6438325047492981,4.209658145904541,95.21180555555556,0.81,4,6,93.5148611111111,0.591726541519165,32.84183,69.67821,-143.46617126464844,1.9777876536051435
5KPH_4_6_0_id11,0.7148475646972656,4.0527262687683105,94.88416666666666,0.81,4,6,93.5148611111111,0.591726541519165,32.84183,69.67821,-145.32968139648438,2.4223043653700085
5KPH_4_6_0_id12,0.92872554063797,4.505574703216553,96.74902777777778,0.84,4,6,93.5148611111111,0.591726541519165,32.84183,69.67821,-144.3034210205078,2.1856568654378257
5KPH_4_6_0_id13,0.7052503228187561,3.881542921066284,94.94777777777776,0.8,4,6,93.5148611111111,0.591726541519165,32.84183,69.67821,-140.94589233398438,2.360096401638455
5KPH_4_6_0_id14,0.8555286526679993,2.3399460315704346,90.57944444444443,0.73,4,6,93.5148611111111,0.591726541519165,32.84183,69.67821,-144.32229614257812,2.130773120456272
5KPH_4_6_0_id15,0.7927178144454956,4.373459339141846,95.83958333333334,0.83,4,6,93.5148611111111,0.591726541519165,32.84183,69.67821,-143.6027374267578,2.072633743286133
5KPH_4_6_0_id16,1.0490634441375732,2.318298101425171,92.88680555555555,0.77,4,6,93.5148611111111,0.591726541519165,32.84183,69.67821,-145.82098388671875,2.1148639255099826
5KPH_4_6_0_id17,0.7697505950927734,4.196852684020996,94.4001388888889,0.81,4,6,93.5148611111111,0.591726541519165,32.84183,69.67821,-143.9401092529297,2.3811090257432728
5KPH_4_6_0_id18,0.8166190981864929,4.1186699867248535,94.06833333333331,0.81,4,6,93.5148611111111,0.591726541519165,32.84183,69.67821,-143.5804901123047,2.124101850721571
5KPH_4_6_0_id19,0.8656588792800903,4.221726417541504,94.31222222222222,0.8,4,6,93.5148611111111,0.591726541519165,32.84183,69.67821,-143.874755859375,2.1746175554063587
5KPH_4_6_6_id20,0.8422266244888306,4.268985271453857,94.94319444444444,0.81,4,6,94.79263888888887,0.5399631261825562,32.26274,69.57843,-147.13600158691406,2.0722844865587025
5KPH_4_6_6_id21,0.8495588302612305,4.370373249053955,95.32958333333332,0.82,4,6,94.79263888888887,0.5399631261825562,32.26274,69.57843,-146.8515625,1.9963342878553605
5KPH_4_6_6_id22,0.7385059595108032,2.8586974143981934,94.64361111111111,0.8,4,6,94.79263888888887,0.5399631261825562,32.26274,69.57843,-146.3784942626953,2.1122044457329645
5KPH_4_6_6_id23,1.002258062362671,4.61634635925293,96.43222222222222,0.83,4,6,94.79263888888887,0.5399631261825562,32.26274,69.57843,-147.7645721435547,2.149258083767361
5KPH_4_6_6_id3,0.6045891046524048,3.7428176403045654,92.30875,0.79,4,6,94.79263888888887,0.5399631261825562,32.26274,69.57843,-141.78146362304688,2.314819759792752
5KPH_4_6_6_id4,0.7530637979507446,4.4506025314331055,96.66625000000002,0.84,4,6,94.79263888888887,0.5399631261825562,32.26274,69.57843,-144.56764221191406,1.794183095296224
5KPH_4_6_6_id5,1.572209119796753,2.124760627746582,91.33916666666669,0.76,4,6,94.79263888888887,0.5399631261825562,32.26274,69.57843,-143.91744995117188,2.221646202935113
5KPH_4_6_6_id6,0.7500038743019104,4.0215864181518555,95.02041666666668,0.81,4,6,94.79263888888887,0.5399631261825562,32.26274,69.57843,-147.46141052246094,1.9209285312228728
5KPH_4_6_6_id7,0.8505463600158691,2.2632594108581543,92.31986111111112,0.76,4,6,94.79263888888887,0.5399631261825562,32.26274,69.57843,-145.0865478515625,2.1034437815348306
5KPH_4_6_6_id8,0.948721170425415,4.404436111450195,94.77305555555556,0.81,4,6,94.79263888888887,0.5399631261825562,32.26274,69.57843,-147.02613830566406,2.160559336344401
5KPH_4_6_6_id9,0.8493103384971619,4.394608020782471,95.95930555555556,0.82,4,6,94.79263888888887,0.5399631261825562,32.26274,69.57843,-147.39315795898438,2.023273468017578
5KPH_4_6_7_id0,1.0885629653930664,4.815547943115234,95.47472222222224,0.82,4,6,93.42305555555556,0.7644648551940918,33.366425,70.17609,-149.80392456054688,2.2108385297987194
5KPH_4_6_7_id1,1.7475671768188477,1.9736663103103638,90.13819444444444,0.71,4,6,93.42305555555556,0.7644648551940918,33.366425,70.17609,-148.91836547851562,1.958160400390625
5KPH_4_6_7_id10,0.9287675023078918,2.5741209983825684,94.39944444444444,0.8,4,6,93.42305555555556,0.7644648551940918,33.366425,70.17609,-150.68524169921875,1.9124476114908853
5KPH_4_6_7_id11,0.7011525630950928,4.451971054077148,94.27930555555557,0.79,4,6,93.42305555555556,0.7644648551940918,33.366425,70.17609,-147.66839599609375,2.041366577148437
5KPH_4_6_7_id12,0.9120303392410278,4.538052558898926,95.29305555555555,0.82,4,6,93.42305555555556,0.7644648551940918,33.366425,70.17609,-149.39151000976562,1.90824466281467
5KPH_4_6_7_id13,0.8429170250892639,4.324163436889648,94.54,0.81,4,6,93.42305555555556,0.7644648551940918,33.366425,70.17609,-148.2014617919922,2.033405303955078
5KPH_4_6_7_id14,0.7778253555297852,4.034043312072754,95.41472222222222,0.82,4,6,93.42305555555556,0.7644648551940918,33.366425,70.17609,-145.925537109375,1.9755787319607203
5KPH_4_6_7_id15,1.8265533447265625,2.2945501804351807,92.30347222222224,0.76,4,6,93.42305555555556,0.7644648551940918,33.366425,70.17609,-149.2332305908203,2.031131956312392
5KPH_4_6_7_id16,0.6446378827095032,4.1837897300720215,95.0423611111111,0.8,4,6,93.42305555555556,0.7644648551940918,33.366425,70.17609,-144.92831420898438,1.974076165093316
5KPH_4_6_7_id17,0.752535879611969,4.392576694488525,94.46305555555556,0.79,4,6,93.42305555555556,0.7644648551940918,33.366425,70.17609,-148.62001037597656,2.243554221259223
5KPH_4_6_7_id18,0.6692063808441162,3.99072003364563,92.44930555555555,0.77,4,6,93.42305555555556,0.7644648551940918,33.366425,70.17609,-145.06472778320312,2.034726036919488
5KPH_4_6_7_id19,0.6494138240814209,4.099590301513672,93.58722222222224,0.79,4,6,93.42305555555556,0.7644648551940918,33.366425,70.17609,-144.68325805664062,1.9520450168185763
5KPH_4_6_7_id2,1.0135154724121094,2.6272940635681152,95.47444444444444,0.82,4,6,93.42305555555556,0.7644648551940918,33.366425,70.17609,-150.06185913085938,2.2225170135498047
5KPH_4_6_7_id20,0.920979380607605,4.487410545349121,94.87583333333332,0.81,4,6,93.42305555555556,0.7644648551940918,33.366425,70.17609,-148.86428833007812,2.069674809773763
5KPH_4_6_7_id21,0.716837465763092,4.178556442260742,94.20736111111113,0.79,4,6,93.42305555555556,0.7644648551940918,33.366425,70.17609,-148.87477111816406,2.04544554816352
5KPH_4_6_7_id22,0.8124070763587952,4.508986473083496,94.57305555555556,0.79,4,6,93.42305555555556,0.7644648551940918,33.366425,70.17609,-147.06182861328125,1.9940800136990016
5KPH_4_6_7_id23,0.7697653770446777,3.67492938041687,91.42541666666664,0.75,4,6,93.42305555555556,0.7644648551940918,33.366425,70.17609,-146.10208129882812,2.1384819878472223
5KPH_4_6_7_id3,1.003052830696106,3.2719204425811768,94.49194444444444,0.8,4,6,93.42305555555556,0.7644648551940918,33.366425,70.17609,-146.90545654296875,2.1761271158854165
5KPH_4_6_7_id4,0.6973514556884766,4.185870170593262,95.93555555555557,0.83,4,6,93.42305555555556,0.7644648551940918,33.366425,70.17609,-147.18789672851562,2.1543045043945312
5KPH_4_6_7_id5,0.7187139987945557,2.7804112434387207,93.57916666666668,0.79,4,6,93.42305555555556,0.7644648551940918,33.366425,70.17609,-145.5588836669922,2.1723730299207897
5KPH_4_6_7_id6,0.7935487627983093,4.032257080078125,95.89055555555557,0.82,4,6,93.42305555555556,0.7644648551940918,33.366425,70.17609,-149.41796875,2.113313462999132
5KPH_4_6_7_id7,0.765439510345459,4.114989280700684,95.11486111111113,0.8,4,6,93.42305555555556,0.7644648551940918,33.366425,70.17609,-145.55429077148438,1.89762200249566
5KPH_4_6_7_id8,0.9086133241653442,4.388274669647217,94.7863888888889,0.81,4,6,93.42305555555556,0.7644648551940918,33.366425,70.17609,-149.66162109375,1.9084686703152127
5KPH_4_6_7_id9,0.7259505391120911,4.359070301055908,95.22277777777778,0.81,4,6,93.42305555555556,0.7644648551940918,33.366425,70.17609,-143.15682983398438,1.972450468275282
5KPH_4_6_8_id0,1.000727891921997,4.558303356170654,96.93180555555556,0.84,4,6,90.76375,0.7531397342681885,31.78957,67.43025,-145.85450744628906,2.1782129075792103
5KPH_4_6_8_id1,0.9720302820205688,2.033428907394409,95.7498611111111,0.82,4,6,90.76375,0.7531397342681885,31.78957,67.43025,-145.75010681152344,2.1048204633924694
5KPH_4_6_8_id10,0.9581531882286072,2.3636393547058105,91.63291666666666,0.75,4,6,90.76375,0.7531397342681885,31.78957,67.43025,-143.60702514648438,2.199573516845703
5KPH_4_6_8_id11,0.8152404427528381,4.1755499839782715,95.2663888888889,0.82,4,6,90.76375,0.7531397342681885,31.78957,67.43025,-145.64874267578125,2.249652014838325
5KPH_4_6_8_id12,0.7494433522224426,3.929250955581665,96.45013888888889,0.83,4,6,90.76375,0.7531397342681885,31.78957,67.43025,-141.71189880371094,2.189988454182943
5KPH_4_6_8_id13,0.9090222716331482,2.1275060176849365,93.25763888888888,0.79,4,6,90.76375,0.7531397342681885,31.78957,67.43025,-145.84373474121094,2.097370147705078
5KPH_4_6_8_id14,0.8182421326637268,3.761922597885132,95.98944444444444,0.83,4,6,90.76375,0.7531397342681885,31.78957,67.43025,-146.37008666992188,1.994764963785808
5KPH_4_6_8_id15,0.7544482350349426,4.339414596557617,95.2988888888889,0.8,4,6,90.76375,0.7531397342681885,31.78957,67.43025,-143.4011688232422,2.112242380777994
5KPH_4_6_8_id16,0.9342947602272034,1.6695038080215454,94.00347222222224,0.81,4,6,90.76375,0.7531397342681885,31.78957,67.43025,-147.31158447265625,2.181104448106554
5KPH_4_6_8_id17,0.7943379282951355,4.013241291046143,95.61805555555556,0.82,4,6,90.76375,0.7531397342681885,31.78957,67.43025,-146.4125213623047,2.1290982564290366
5KPH_4_6_8_id18,0.9138710498809814,4.285457611083984,95.2251388888889,0.82,4,6,90.76375,0.7531397342681885,31.78957,67.43025,-145.89999389648438,2.0545520782470703
5KPH_4_6_8_id19,0.9054845571517944,2.404599666595459,94.87541666666668,0.79,4,6,90.76375,0.7531397342681885,31.78957,67.43025,-145.05877685546875,2.148828294542101
5KPH_4_6_8_id2,0.8161069750785828,4.385302543640137,95.6590277777778,0.83,4,6,90.76375,0.7531397342681885,31.78957,67.43025,-145.16102600097656,2.327356974283854
5KPH_4_6_8_id20,0.9612653851509094,2.238147497177124,95.51083333333334,0.83,4,6,90.76375,0.7531397342681885,31.78957,67.43025,-146.38587951660156,2.371172799004449
5KPH_4_6_8_id21,0.8200987577438354,1.505561351776123,96.20263888888888,0.83,4,6,90.76375,0.7531397342681885,31.78957,67.43025,-147.25559997558594,2.0364841885036893
5KPH_4_6_8_id22,0.9566345810890198,2.087467908859253,91.53708333333331,0.76,4,6,90.76375,0.7531397342681885,31.78957,67.43025,-146.1829071044922,2.1860343085394964
5KPH_4_6_8_id23,1.1450473070144653,3.0254738330841064,95.2125,0.81,4,6,90.76375,0.7531397342681885,31.78957,67.43025,-142.03802490234375,2.2779498630099826
5KPH_4_6_8_id3,1.0581724643707275,2.9479358196258545,88.3326388888889,0.7,4,6,90.76375,0.7531397342681885,31.78957,67.43025,-143.41563415527344,2.033661312527127
5KPH_4_6_8_id4,0.8582398891448975,1.9731273651123047,96.15555555555557,0.83,4,6,90.76375,0.7531397342681885,31.78957,67.43025,-146.59622192382812,1.9350937737358944
5KPH_4_6_8_id5,0.8447809815406799,2.6058661937713623,95.70930555555556,0.82,4,6,90.76375,0.7531397342681885,31.78957,67.43025,-146.94615173339844,2.2400860256618924
5KPH_4_6_8_id6,0.8182653188705444,4.373021125793457,95.17208333333336,0.82,4,6,90.76375,0.7531397342681885,31.78957,67.43025,-144.70155334472656,2.222439024183485
5KPH_4_6_8_id7,0.8165478706359863,2.9993155002593994,94.24472222222222,0.8,4,6,90.76375,0.7531397342681885,31.78957,67.43025,-145.4280242919922,1.8411971198187933
5KPH_4_6_8_id8,0.7616589069366455,4.2407355308532715,94.65513888888889,0.81,4,6,90.76375,0.7531397342681885,31.78957,67.43025,-147.82974243164062,2.077965418497721
5KPH_4_6_8_id9,2.1235947608947754,1.831960678100586,92.61555555555556,0.76,4,6,90.76375,0.7531397342681885,31.78957,67.43025,-144.69728088378906,2.1508445739746094
5KPH_4_6_9_id0,0.6900744438171387,1.9292237758636475,94.3325,0.81,4,6,92.04666666666668,0.9984837174415588,33.094845,70.57765,-141.19923400878906,1.8300225999620223
5KPH_4_6_9_id1,0.7194262146949768,1.56269371509552,93.17097222222225,0.78,4,6,92.04666666666668,0.9984837174415588,33.094845,70.57765,-144.28787231445312,2.0775494045681424
5KPH_4_6_9_id10,0.7563915252685547,3.626626491546631,93.36305555555556,0.78,4,6,92.04666666666668,0.9984837174415588,33.094845,70.57765,-142.21627807617188,2.1090011596679688
5KPH_4_6_9_id11,0.7079236507415771,1.2800127267837524,94.17194444444443,0.79,4,6,92.04666666666668,0.9984837174415588,33.094845,70.57765,-143.78184509277344,1.8247237735324435
5KPH_4_6_9_id12,0.6906867623329163,3.8485867977142334,93.31958333333334,0.78,4,6,92.04666666666668,0.9984837174415588,33.094845,70.57765,-143.96896362304688,2.0379430982801647
5KPH_4_6_9_id13,0.7056615948677063,3.885733127593994,95.28819444444444,0.81,4,6,92.04666666666668,0.9984837174415588,33.094845,70.57765,-145.10797119140625,2.221516927083333
5KPH_4_6_9_id14,0.7767807245254517,3.8476755619049072,95.48166666666668,0.82,4,6,92.04666666666668,0.9984837174415588,33.094845,70.57765,-144.3008270263672,1.8927892049153645
5KPH_4_6_9_id15,0.6686159372329712,3.986776113510132,94.33361111111113,0.8,4,6,92.04666666666668,0.9984837174415588,33.094845,70.57765,-143.00296020507812,1.9466446770562067
5KPH_4_6_9_id16,0.6817284822463989,3.7604377269744873,94.69208333333331,0.81,4,6,92.04666666666668,0.9984837174415588,33.094845,70.57765,-142.73538208007812,1.9408461252848308
5KPH_4_6_9_id17,0.7338165640830994,4.002025127410889,95.43861111111111,0.81,4,6,92.04666666666668,0.9984837174415588,33.094845,70.57765,-144.5390167236328,1.9882678985595703
5KPH_4_6_9_id18,0.7420431971549988,3.968153476715088,94.97472222222224,0.82,4,6,92.04666666666668,0.9984837174415588,33.094845,70.57765,-143.41168212890625,1.6681232452392578
5KPH_4_6_9_id19,2.3592655658721924,1.6784234046936035,95.28055555555557,0.8,4,6,92.04666666666668,0.9984837174415588,33.094845,70.57765,-145.010498046875,1.97999021742079
5KPH_4_6_9_id2,0.734994649887085,3.9650774002075195,95.03125,0.82,4,6,92.04666666666668,0.9984837174415588,33.094845,70.57765,-144.01107788085938,2.178852081298828
5KPH_4_6_9_id20,1.9796124696731567,1.670871615409851,94.30027777777778,0.79,4,6,92.04666666666668,0.9984837174415588,33.094845,70.57765,-143.54083251953125,1.9665292104085288
5KPH_4_6_9_id21,0.7450436949729919,3.654315710067749,94.20611111111111,0.8,4,6,92.04666666666668,0.9984837174415588,33.094845,70.57765,-143.5777587890625,2.024827745225694
5KPH_4_6_9_id22,0.697698712348938,3.899709939956665,94.51513888888888,0.79,4,6,92.04666666666668,0.9984837174415588,33.094845,70.57765,-145.28277587890625,2.395636240641276
5KPH_4_6_9_id23,0.678765058517456,3.871276378631592,95.04027777777776,0.8,4,6,92.04666666666668,0.9984837174415588,33.094845,70.57765,-144.17123413085938,2.441658867730035
5KPH_4_6_9_id3,0.7383880019187927,3.971120595932007,95.32902777777778,0.82,4,6,92.04666666666668,0.9984837174415588,33.094845,70.57765,-143.8985595703125,1.8157715267605248
5KPH_4_6_9_id4,0.8314472436904907,3.8266420364379883,94.03097222222225,0.79,4,6,92.04666666666668,0.9984837174415588,33.094845,70.57765,-143.5858612060547,2.124952952067057
5KPH_4_6_9_id5,0.7003231048583984,3.913975954055786,95.3073611111111,0.81,4,6,92.04666666666668,0.9984837174415588,33.094845,70.57765,-143.554443359375,1.896391338772244
5KPH_4_6_9_id6,0.7335672378540039,3.804530382156372,95.18527777777778,0.81,4,6,92.04666666666668,0.9984837174415588,33.094845,70.57765,-144.79986572265625,2.058102289835612
5KPH_4_6_9_id7,0.9458664059638977,1.870049238204956,91.65277777777776,0.74,4,6,92.04666666666668,0.9984837174415588,33.094845,70.57765,-143.70091247558594,2.0398436652289496
5KPH_4_6_9_id8,0.7422372698783875,3.8533122539520264,95.41416666666666,0.8,4,6,92.04666666666668,0.9984837174415588,33.094845,70.57765,-143.7127227783203,2.183058632744684
5KPH_4_6_9_id9,0.8720901608467102,2.278027296066284,90.57277777777776,0.72,4,6,92.04666666666668,0.9984837174415588,33.094845,70.57765,-141.3626251220703,2.0791473388671875
5KPH_4_8_0_id0,0.9449081420898438,4.384032249450684,95.085,0.81,4,8,94.25180555555556,0.6593825221061707,33.723526,69.16437,-149.6359100341797,2.1919595930311413
5KPH_4_8_0_id10,0.9961331486701965,4.4246506690979,95.3377777777778,0.8,4,8,94.25180555555556,0.6593825221061707,33.723526,69.16437,-150.9084930419922,2.198477851019965
5KPH_4_8_0_id11,0.8526154160499573,4.373218059539795,94.99875,0.81,4,8,94.25180555555556,0.6593825221061707,33.723526,69.16437,-149.63307189941406,2.317044152153863
5KPH_4_8_0_id12,1.041359782218933,4.208051681518555,95.70222222222222,0.82,4,8,94.25180555555556,0.6593825221061707,33.723526,69.16437,-147.58306884765625,2.1773584153917103
5KPH_4_8_0_id13,0.8507522344589233,4.681495666503906,96.42986111111112,0.83,4,8,94.25180555555556,0.6593825221061707,33.723526,69.16437,-149.88714599609375,2.156530592176649
5KPH_4_8_0_id14,0.8328369855880737,4.4702582359313965,95.80694444444444,0.82,4,8,94.25180555555556,0.6593825221061707,33.723526,69.16437,-148.80625915527344,2.341846889919705
5KPH_4_8_0_id15,0.9178526997566223,4.702642440795898,96.53888888888888,0.83,4,8,94.25180555555556,0.6593825221061707,33.723526,69.16437,-147.10690307617188,2.233209821912977
5KPH_4_8_0_id16,0.7648542523384094,4.503063201904297,95.94666666666666,0.83,4,8,94.25180555555556,0.6593825221061707,33.723526,69.16437,-150.19137573242188,2.155706617567274
5KPH_4_8_0_id17,0.8974868655204773,2.493936061859131,94.84472222222222,0.79,4,8,94.25180555555556,0.6593825221061707,33.723526,69.16437,-151.24349975585938,2.248930189344618
5KPH_4_8_0_id18,0.9894871711730957,4.3705267906188965,94.61458333333331,0.81,4,8,94.25180555555556,0.6593825221061707,33.723526,69.16437,-149.17176818847656,2.027044508192274
5KPH_4_8_0_id19,0.8909465074539185,4.511977672576904,95.53902777777778,0.81,4,8,94.25180555555556,0.6593825221061707,33.723526,69.16437,-150.76870727539062,2.1943662431505
5KPH_4_8_0_id2,0.7812098860740662,4.491572380065918,96.84805555555556,0.84,4,8,94.25180555555556,0.6593825221061707,33.723526,69.16437,-149.68284606933594,2.3380764855278864
5KPH_4_8_0_id20,0.8071423172950745,4.455030918121338,96.44388888888888,0.83,4,8,94.25180555555556,0.6593825221061707,33.723526,69.16437,-149.4361572265625,2.5188971625434027
5KPH_4_8_0_id21,0.8190653324127197,4.358367919921875,95.8223611111111,0.83,4,8,94.25180555555556,0.6593825221061707,33.723526,69.16437,-151.01190185546875,2.314296934339735
5KPH_4_8_0_id22,0.7669167518615723,4.445171356201172,95.4523611111111,0.82,4,8,94.25180555555556,0.6593825221061707,33.723526,69.16437,-150.3750762939453,2.192224290635851
5KPH_4_8_0_id23,0.9116044044494629,4.610108375549316,95.46416666666669,0.81,4,8,94.25180555555556,0.6593825221061707,33.723526,69.16437,-149.65042114257812,2.286056306627062
5KPH_4_8_0_id3,0.8433089852333069,2.2021291255950928,94.63166666666666,0.79,4,8,94.25180555555556,0.6593825221061707,33.723526,69.16437,-149.7557830810547,2.285292731391059
5KPH_4_8_0_id4,0.8442649245262146,4.518655300140381,95.49652777777776,0.81,4,8,94.25180555555556,0.6593825221061707,33.723526,69.16437,-150.18609619140625,2.343408372667101
5KPH_4_8_0_id5,0.7410088181495667,4.515129566192627,96.03208333333332,0.83,4,8,94.25180555555556,0.6593825221061707,33.723526,69.16437,-147.051025390625,2.1226412455240884
5KPH_4_8_0_id6,0.8497397303581238,4.424218654632568,95.87555555555556,0.82,4,8,94.25180555555556,0.6593825221061707,33.723526,69.16437,-148.73257446289062,2.1915933820936413
5KPH_4_8_0_id7,0.8416218757629395,4.550611972808838,94.7238888888889,0.8,4,8,94.25180555555556,0.6593825221061707,33.723526,69.16437,-148.537109375,2.179733912150065
5KPH_4_8_0_id8,0.8518760800361633,4.57591438293457,96.74680555555555,0.83,4,8,94.25180555555556,0.6593825221061707,33.723526,69.16437,-151.61947631835938,2.1468012068006725
5KPH_4_8_0_id9,0.9834275841712952,4.767766952514648,96.7425,0.84,4,8,94.25180555555556,0.6593825221061707,33.723526,69.16437,-149.744873046875,2.161499871148004
5KPH_4_8_2_id0,0.9237186312675476,4.42609977722168,95.9277777777778,0.82,4,8,92.09277777777778,0.6488852500915527,32.31449,70.71971,-149.56060791015625,2.0456727345784507
5KPH_4_8_2_id1,0.9811192750930786,4.5454301834106445,95.39319444444445,0.81,4,8,92.09277777777778,0.6488852500915527,32.31449,70.71971,-147.70330810546875,2.1330869462755
5KPH_4_8_2_id10,0.9095673561096191,4.60821533203125,94.67194444444443,0.8,4,8,92.09277777777778,0.6488852500915527,32.31449,70.71971,-146.18402099609375,2.1715615590413413
5KPH_4_8_2_id11,0.8468062281608582,4.596263408660889,96.8451388888889,0.84,4,8,92.09277777777778,0.6488852500915527,32.31449,70.71971,-144.26629638671875,1.9559152391221788
5KPH_4_8_2_id12,0.8413767218589783,4.496678352355957,96.23902777777778,0.82,4,8,92.09277777777778,0.6488852500915527,32.31449,70.71971,-146.81365966796875,2.0315110948350696
5KPH_4_8_2_id13,0.7084247469902039,4.288077354431152,96.73097222222222,0.83,4,8,92.09277777777778,0.6488852500915527,32.31449,70.71971,-147.2821044921875,2.168264600965712
5KPH_4_8_2_id14,0.8936691284179688,4.3814239501953125,96.50583333333331,0.83,4,8,92.09277777777778,0.6488852500915527,32.31449,70.71971,-148.75660705566406,2.179296493530273
5KPH_4_8_2_id15,0.9104291200637817,4.457945346832275,96.27791666666668,0.82,4,8,92.09277777777778,0.6488852500915527,32.31449,70.71971,-147.72254943847656,2.222268634372288
5KPH_4_8_2_id16,0.940906286239624,4.6149139404296875,96.69819444444444,0.83,4,8,92.09277777777778,0.6488852500915527,32.31449,70.71971,-146.23187255859375,2.290405697292752
5KPH_4_8_2_id17,0.9439469575881958,4.528307914733887,95.37777777777777,0.81,4,8,92.09277777777778,0.6488852500915527,32.31449,70.71971,-147.95584106445312,2.1289575364854603
5KPH_4_8_2_id18,0.7937813401222229,4.479848384857178,95.63875,0.82,4,8,92.09277777777778,0.6488852500915527,32.31449,70.71971,-147.2309112548828,2.125864028930664
5KPH_4_8_2_id19,0.8257378339767456,4.578859329223633,96.32819444444443,0.83,4,8,92.09277777777778,0.6488852500915527,32.31449,70.71971,-147.5799102783203,2.136416541205512
5KPH_4_8_2_id2,0.8294812440872192,4.591299533843994,96.54902777777778,0.83,4,8,92.09277777777778,0.6488852500915527,32.31449,70.71971,-146.86285400390625,2.259337107340494
5KPH_4_8_2_id20,0.9368175268173218,4.547854900360107,95.15125,0.81,4,8,92.09277777777778,0.6488852500915527,32.31449,70.71971,-148.77272033691406,2.1690695020887585
5KPH_4_8_2_id21,0.77494215965271,4.555627346038818,96.10236111111112,0.82,4,8,92.09277777777778,0.6488852500915527,32.31449,70.71971,-148.5585479736328,2.334278318617079
5KPH_4_8_2_id22,0.828163743019104,4.392828464508057,94.70458333333332,0.79,4,8,92.09277777777778,0.6488852500915527,32.31449,70.71971,-146.083984375,2.253104103936089
5KPH_4_8_2_id23,1.010838508605957,4.7753987312316895,95.93430555555555,0.82,4,8,92.09277777777778,0.6488852500915527,32.31449,70.71971,-149.17030334472656,2.1209740108913846
5KPH_4_8_2_id3,0.9068992137908936,4.383661270141602,94.62999999999998,0.81,4,8,92.09277777777778,0.6488852500915527,32.31449,70.71971,-147.83041381835938,2.104409323798285
5KPH_4_8_2_id4,0.7387306690216064,4.52146053314209,96.28652777777778,0.83,4,8,92.09277777777778,0.6488852500915527,32.31449,70.71971,-146.29185485839844,2.179209603203668
5KPH_4_8_2_id5,0.9228430986404419,4.610389232635498,95.70333333333332,0.81,4,8,92.09277777777778,0.6488852500915527,32.31449,70.71971,-148.9973907470703,2.255507787068685
5KPH_4_8_2_id6,0.9433753490447998,4.5678300857543945,95.70388888888888,0.82,4,8,92.09277777777778,0.6488852500915527,32.31449,70.71971,-146.40150451660156,2.10554673936632
5KPH_4_8_2_id7,0.8970125317573547,4.538410186767578,95.8775,0.82,4,8,92.09277777777778,0.6488852500915527,32.31449,70.71971,-147.8383026123047,2.116121927897136
5KPH_4_8_2_id8,0.9521505832672119,4.661632537841797,95.90361111111112,0.81,4,8,92.09277777777778,0.6488852500915527,32.31449,70.71971,-148.3599853515625,2.38100348578559
5KPH_4_8_2_id9,0.9405831098556519,4.622787952423096,96.19180555555556,0.82,4,8,92.09277777777778,0.6488852500915527,32.31449,70.71971,-147.43814086914062,2.2942013210720487
5KPH_4_8_3_id0,0.9602128863334656,2.395174503326416,95.37208333333334,0.81,4,8,94.90861111111111,0.5534296035766602,31.712654,71.337776,-144.48316955566406,2.10204717848036
5KPH_4_8_3_id1,0.5330963134765625,3.1879312992095947,96.1576388888889,0.83,4,8,94.90861111111111,0.5534296035766602,31.712654,71.337776,-144.38612365722656,2.0390196906195746
5KPH_4_8_3_id10,0.5413370728492737,4.045902252197266,94.12444444444444,0.78,4,8,94.90861111111111,0.5534296035766602,31.712654,71.337776,-144.1197509765625,2.261860741509332
5KPH_4_8_3_id11,0.6521926522254944,4.106095790863037,93.24777777777776,0.78,4,8,94.90861111111111,0.5534296035766602,31.712654,71.337776,-143.15505981445312,2.303677029079861
5KPH_4_8_3_id12,0.6727602481842041,4.148078918457031,93.9190277777778,0.79,4,8,94.90861111111111,0.5534296035766602,31.712654,71.337776,-145.3302764892578,2.218922085232205
5KPH_4_8_3_id13,0.6254003643989563,3.9027962684631348,94.04680555555557,0.8,4,8,94.90861111111111,0.5534296035766602,31.712654,71.337776,-143.7181396484375,2.042083740234375
5KPH_4_8_3_id14,0.7691351771354675,4.011329650878906,91.68277777777776,0.76,4,8,94.90861111111111,0.5534296035766602,31.712654,71.337776,-143.94483947753906,2.110629187689887
5KPH_4_8_3_id15,0.6819236874580383,4.1696672439575195,94.38125,0.8,4,8,94.90861111111111,0.5534296035766602,31.712654,71.337776,-144.714111328125,2.185582478841146
5KPH_4_8_3_id16,1.095429539680481,2.3966009616851807,89.26847222222221,0.69,4,8,94.90861111111111,0.5534296035766602,31.712654,71.337776,-144.6936492919922,2.2655431959364147
5KPH_4_8_3_id17,0.6817511916160583,4.237447261810303,94.64152777777775,0.81,4,8,94.90861111111111,0.5534296035766602,31.712654,71.337776,-142.34671020507812,2.124685499403212
5KPH_4_8_3_id18,0.6682009696960449,4.140292644500732,94.83875,0.8,4,8,94.90861111111111,0.5534296035766602,31.712654,71.337776,-143.84719848632812,2.077869203355577
5KPH_4_8_3_id19,0.6518703699111938,3.7750308513641357,94.94333333333331,0.81,4,8,94.90861111111111,0.5534296035766602,31.712654,71.337776,-142.3554229736328,2.053492863972982
5KPH_4_8_3_id2,0.6968637704849243,3.9469451904296875,93.99777777777778,0.79,4,8,94.90861111111111,0.5534296035766602,31.712654,71.337776,-143.82687377929688,2.22981686062283
5KPH_4_8_3_id20,0.7163364887237549,3.9973363876342773,94.88916666666668,0.8,4,8,94.90861111111111,0.5534296035766602,31.712654,71.337776,-144.3414764404297,2.083784739176432
5KPH_4_8_3_id21,0.7253377437591553,1.953277349472046,91.81583333333334,0.74,4,8,94.90861111111111,0.5534296035766602,31.712654,71.337776,-143.6099090576172,2.074996100531684
5KPH_4_8_3_id22,0.6503104567527771,4.231135368347168,94.3275,0.8,4,8,94.90861111111111,0.5534296035766602,31.712654,71.337776,-144.717529296875,2.2774645487467446
5KPH_4_8_3_id23,0.6635820865631104,4.013100624084473,92.43013888888888,0.77,4,8,94.90861111111111,0.5534296035766602,31.712654,71.337776,-143.68727111816406,2.383586883544922
5KPH_4_8_3_id3,0.607015073299408,4.225230693817139,94.37097222222224,0.8,4,8,94.90861111111111,0.5534296035766602,31.712654,71.337776,-144.9724884033203,2.0248646206325955
5KPH_4_8_3_id4,0.6511736512184143,4.194896221160889,93.67916666666666,0.79,4,8,94.90861111111111,0.5534296035766602,31.712654,71.337776,-144.70408630371094,2.374293009440104
5KPH_4_8_3_id5,1.109831690788269,4.513391971588135,95.1065277777778,0.81,4,8,94.90861111111111,0.5534296035766602,31.712654,71.337776,-143.47344970703125,2.134669409857856
5KPH_4_8_3_id6,0.6776480674743652,3.978144884109497,92.59680555555556,0.77,4,8,94.90861111111111,0.5534296035766602,31.712654,71.337776,-144.61248779296875,2.046902550591363
5KPH_4_8_3_id7,0.6771485805511475,4.053979396820068,94.46652777777778,0.81,4,8,94.90861111111111,0.5534296035766602,31.712654,71.337776,-143.26673889160156,2.0823343065049915
5KPH_4_8_3_id8,0.8664906024932861,3.753984212875366,89.14944444444444,0.72,4,8,94.90861111111111,0.5534296035766602,31.712654,71.337776,-144.5162353515625,2.2488581339518228
5KPH_4_8_3_id9,0.7352551221847534,4.148436069488525,94.09708333333332,0.79,4,8,94.90861111111111,0.5534296035766602,31.712654,71.337776,-143.6793212890625,2.025358412000868
5KPH_4_8_4_id0,0.868965208530426,4.322483062744141,94.96111111111112,0.8,4,8,92.63805555555555,0.5941203832626343,32.350582,70.04634,-150.02325439453125,2.177727381388346
5KPH_4_8_4_id1,0.7008196711540222,3.8551337718963623,95.49027777777778,0.81,4,8,92.63805555555555,0.5941203832626343,32.350582,70.04634,-147.12448120117188,1.998888227674696
5KPH_4_8_4_id10,0.8716440796852112,4.3644585609436035,95.14805555555556,0.81,4,8,92.63805555555555,0.5941203832626343,32.350582,70.04634,-151.48568725585938,2.0950241088867188
5KPH_4_8_4_id11,0.9391043186187744,4.356527328491211,94.8261111111111,0.81,4,8,92.63805555555555,0.5941203832626343,32.350582,70.04634,-150.43313598632812,2.2137652503119574
5KPH_4_8_4_id12,0.8564687371253967,4.358184337615967,95.9601388888889,0.82,4,8,92.63805555555555,0.5941203832626343,32.350582,70.04634,-150.11248779296875,1.9941431681315105
5KPH_4_8_4_id14,0.7965261936187744,4.292102336883545,95.21027777777778,0.81,4,8,92.63805555555555,0.5941203832626343,32.350582,70.04634,-151.83245849609375,2.150047938028971
5KPH_4_8_4_id15,0.7713450789451599,4.2706146240234375,95.70958333333334,0.82,4,8,92.63805555555555,0.5941203832626343,32.350582,70.04634,-147.060546875,2.226840125189887
5KPH_4_8_4_id16,0.7460454702377319,4.25071382522583,96.00777777777778,0.82,4,8,92.63805555555555,0.5941203832626343,32.350582,70.04634,-148.41110229492188,2.004833221435547
5KPH_4_8_4_id17,0.634381115436554,3.912747383117676,95.66430555555556,0.82,4,8,92.63805555555555,0.5941203832626343,32.350582,70.04634,-148.2810821533203,2.10983149210612
5KPH_4_8_4_id18,1.0456451177597046,4.399822235107422,94.97166666666666,0.81,4,8,92.63805555555555,0.5941203832626343,32.350582,70.04634,-149.581298828125,2.2549146016438804
5KPH_4_8_4_id19,0.8663434982299805,4.232306957244873,95.20972222222224,0.8,4,8,92.63805555555555,0.5941203832626343,32.350582,70.04634,-150.98550415039062,2.105344772338867
5KPH_4_8_4_id2,0.9714977145195007,4.386559009552002,94.89888888888888,0.81,4,8,92.63805555555555,0.5941203832626343,32.350582,70.04634,-150.7475128173828,2.1319272783067493
5KPH_4_8_4_id20,0.9405956864356995,4.398924827575684,96.05236111111113,0.82,4,8,92.63805555555555,0.5941203832626343,32.350582,70.04634,-150.1018829345703,2.390586429172092
5KPH_4_8_4_id21,0.6794824600219727,3.5516209602355957,95.37666666666668,0.81,4,8,92.63805555555555,0.5941203832626343,32.350582,70.04634,-150.96774291992188,2.0772243075900607
5KPH_4_8_4_id22,1.0182547569274902,4.443133354187012,95.04875,0.8,4,8,92.63805555555555,0.5941203832626343,32.350582,70.04634,-150.33157348632812,2.2438598208957248
5KPH_4_8_4_id23,0.5959557294845581,3.7516345977783203,94.68208333333334,0.81,4,8,92.63805555555555,0.5941203832626343,32.350582,70.04634,-146.48233032226562,1.888639873928494
5KPH_4_8_4_id3,0.9271340370178223,4.3436994552612305,94.50458333333331,0.81,4,8,92.63805555555555,0.5941203832626343,32.350582,70.04634,-150.67819213867188,2.100487391153971
5KPH_4_8_4_id4,0.9179970622062683,4.4179301261901855,96.83138888888888,0.83,4,8,92.63805555555555,0.5941203832626343,32.350582,70.04634,-150.13548278808594,2.0910150739881725
5KPH_4_8_4_id5,0.7821824550628662,4.297210693359375,95.32763888888888,0.81,4,8,92.63805555555555,0.5941203832626343,32.350582,70.04634,-149.9015350341797,2.1650962829589844
5KPH_4_8_4_id6,0.7297884225845337,4.131049156188965,95.41513888888888,0.81,4,8,92.63805555555555,0.5941203832626343,32.350582,70.04634,-148.5045166015625,2.0995786454942493
5KPH_4_8_4_id7,0.8912234902381897,2.8006064891815186,96.99444444444444,0.83,4,8,92.63805555555555,0.5941203832626343,32.350582,70.04634,-145.3231201171875,2.1328099568684897
5KPH_4_8_4_id8,0.9493298530578613,4.296875,94.88944444444444,0.8,4,8,92.63805555555555,0.5941203832626343,32.350582,70.04634,-150.0197296142578,2.084185070461697
5KPH_4_8_4_id9,0.9277547001838684,4.245492458343506,94.03972222222222,0.77,4,8,92.63805555555555,0.5941203832626343,32.350582,70.04634,-148.3203125,2.158818138970269
5KPH_4_8_5_id0,0.6843790411949158,2.228086233139038,94.15097222222222,0.78,4,8,94.30305555555556,0.673549234867096,32.43945,70.69413,-144.50128173828125,2.224458482530382
5KPH_4_8_5_id1,0.8885133862495422,4.394046306610107,96.26902777777778,0.83,4,8,94.30305555555556,0.673549234867096,32.43945,70.69413,-146.39947509765625,2.1047096252441406
5KPH_4_8_5_id10,1.0203453302383423,2.127898931503296,96.30597222222224,0.83,4,8,94.30305555555556,0.673549234867096,32.43945,70.69413,-145.22073364257812,2.10148662990994
5KPH_4_8_5_id11,0.9376010894775391,4.441112995147705,95.76680555555556,0.82,4,8,94.30305555555556,0.673549234867096,32.43945,70.69413,-145.59072875976562,2.3136732313368054
5KPH_4_8_5_id12,0.9864681959152222,4.594903469085693,96.56291666666668,0.83,4,8,94.30305555555556,0.673549234867096,32.43945,70.69413,-143.30088806152344,2.5280401441786022
5KPH_4_8_5_id13,0.9721184372901917,2.1833078861236572,94.095,0.8,4,8,94.30305555555556,0.673549234867096,32.43945,70.69413,-140.0106964111328,1.938702689276801
5KPH_4_8_5_id14,0.7456210255622864,3.878246307373047,94.34194444444444,0.79,4,8,94.30305555555556,0.673549234867096,32.43945,70.69413,-142.7042694091797,2.373530493842231
5KPH_4_8_5_id15,0.8240600824356079,3.994783639907837,96.15722222222222,0.83,4,8,94.30305555555556,0.673549234867096,32.43945,70.69413,-145.65676879882812,2.0770812564426
5KPH_4_8_5_id16,0.9390332698822021,4.25098991394043,95.51708333333332,0.82,4,8,94.30305555555556,0.673549234867096,32.43945,70.69413,-146.9573974609375,2.209823608398437
5KPH_4_8_5_id17,0.8401449918746948,4.439656734466553,96.48319444444444,0.83,4,8,94.30305555555556,0.673549234867096,32.43945,70.69413,-144.20298767089844,2.126338111029731
5KPH_4_8_5_id18,0.9184752702713013,3.1852452754974365,95.03777777777776,0.81,4,8,94.30305555555556,0.673549234867096,32.43945,70.69413,-144.65049743652344,2.131272210015191
5KPH_4_8_5_id19,0.7952699661254883,4.455323219299316,96.74027777777776,0.83,4,8,94.30305555555556,0.673549234867096,32.43945,70.69413,-144.4289093017578,2.2509818606906467
5KPH_4_8_5_id2,0.6888158321380615,3.3387413024902344,93.04930555555556,0.78,4,8,94.30305555555556,0.673549234867096,32.43945,70.69413,-143.40341186523438,2.033458709716797
5KPH_4_8_5_id20,0.8754357099533081,4.369377613067627,95.3,0.82,4,8,94.30305555555556,0.673549234867096,32.43945,70.69413,-146.74826049804688,1.8870900472005208
5KPH_4_8_5_id21,0.9581995010375977,4.627868175506592,96.55875,0.83,4,8,94.30305555555556,0.673549234867096,32.43945,70.69413,-143.97006225585938,2.085825602213541
5KPH_4_8_5_id22,0.9131807684898376,4.418582916259766,96.20875,0.83,4,8,94.30305555555556,0.673549234867096,32.43945,70.69413,-144.59957885742188,1.9515597025553384
5KPH_4_8_5_id23,0.8816798329353333,4.3456525802612305,95.2840277777778,0.81,4,8,94.30305555555556,0.673549234867096,32.43945,70.69413,-145.97137451171875,2.2275473276774087
5KPH_4_8_5_id3,0.9857972264289856,4.635554790496826,96.7315277777778,0.83,4,8,94.30305555555556,0.673549234867096,32.43945,70.69413,-146.51451110839844,1.898845884535048
5KPH_4_8_5_id4,0.7419215440750122,2.8639960289001465,91.45972222222224,0.75,4,8,94.30305555555556,0.673549234867096,32.43945,70.69413,-140.27316284179688,2.237749311659071
5KPH_4_8_5_id5,0.7598578929901123,4.041551113128662,94.6177777777778,0.8,4,8,94.30305555555556,0.673549234867096,32.43945,70.69413,-145.6653289794922,2.0136320326063366
5KPH_4_8_5_id6,0.9094178080558777,2.536742925643921,95.04208333333334,0.81,4,8,94.30305555555556,0.673549234867096,32.43945,70.69413,-142.6746368408203,2.112592485215929
5KPH_4_8_5_id7,1.0013939142227173,4.594866752624512,96.69930555555555,0.83,4,8,94.30305555555556,0.673549234867096,32.43945,70.69413,-144.63766479492188,1.9969929589165585
5KPH_4_8_5_id8,1.7972872257232666,2.1342434883117676,93.61666666666666,0.78,4,8,94.30305555555556,0.673549234867096,32.43945,70.69413,-143.13706970214844,2.192759195963541
5KPH_4_8_5_id9,0.8752315044403076,4.269495964050293,95.7684722222222,0.82,4,8,94.30305555555556,0.673549234867096,32.43945,70.69413,-146.26922607421875,2.093419392903646
5KPH_4_8_6_id0,0.8086332678794861,4.427563667297363,95.78027777777778,0.82,4,8,92.39555555555556,0.720827043056488,33.320225,71.20774,-144.9777374267578,2.1258436838785806
5KPH_4_8_6_id1,1.9419001340866089,1.984889268875122,90.98291666666668,0.75,4,8,92.39555555555556,0.720827043056488,33.320225,71.20774,-148.09487915039062,2.105677286783854
5KPH_4_8_6_id10,0.7699072957038879,4.410902500152588,96.76347222222222,0.84,4,8,92.39555555555556,0.720827043056488,33.320225,71.20774,-146.9123077392578,2.1566255357530384
5KPH_4_8_6_id11,1.8611396551132202,2.1766116619110107,92.24027777777776,0.77,4,8,92.39555555555556,0.720827043056488,33.320225,71.20774,-148.41903686523438,2.312841627332899
5KPH_4_8_6_id12,0.7776175141334534,4.130550384521484,95.22597222222224,0.81,4,8,92.39555555555556,0.720827043056488,33.320225,71.20774,-146.6693878173828,2.0888924068874783
5KPH_4_8_6_id13,0.6731151342391968,4.223979949951172,96.71555555555555,0.84,4,8,92.39555555555556,0.720827043056488,33.320225,71.20774,-147.9979248046875,2.3437877231174045
5KPH_4_8_6_id14,0.9783840775489807,4.488790512084961,94.51777777777778,0.79,4,8,92.39555555555556,0.720827043056488,33.320225,71.20774,-148.40432739257812,2.331326378716363
5KPH_4_8_6_id15,0.7728018760681152,3.0197529792785645,94.23083333333334,0.8,4,8,92.39555555555556,0.720827043056488,33.320225,71.20774,-148.74392700195312,2.197979397243924
5KPH_4_8_6_id16,1.0627379417419434,2.1511194705963135,97.43152777777776,0.85,4,8,92.39555555555556,0.720827043056488,33.320225,71.20774,-145.12034606933594,2.1169141133626304
5KPH_4_8_6_id17,0.8695314526557922,4.391226291656494,94.95166666666668,0.82,4,8,92.39555555555556,0.720827043056488,33.320225,71.20774,-149.08859252929688,2.10166252983941
5KPH_4_8_6_id18,0.8113522529602051,4.270425796508789,95.43472222222223,0.82,4,8,92.39555555555556,0.720827043056488,33.320225,71.20774,-150.00440979003906,2.182977464463976
5KPH_4_8_6_id19,0.866919994354248,2.2619287967681885,95.16625,0.82,4,8,92.39555555555556,0.720827043056488,33.320225,71.20774,-149.5175323486328,2.2816138797336154
5KPH_4_8_6_id2,0.5697322487831116,4.166213512420654,94.26708333333336,0.8,4,8,92.39555555555556,0.720827043056488,33.320225,71.20774,-146.87802124023438,2.112188551161024
5KPH_4_8_6_id20,0.8292400240898132,4.222151756286621,94.1047222222222,0.8,4,8,92.39555555555556,0.720827043056488,33.320225,71.20774,-143.9972686767578,2.2838673061794705
5KPH_4_8_6_id21,0.8945825695991516,4.30137300491333,94.54902777777778,0.81,4,8,92.39555555555556,0.720827043056488,33.320225,71.20774,-150.1312713623047,2.2282952202690973
5KPH_4_8_6_id22,0.9152836799621582,1.8776721954345703,94.6426388888889,0.81,4,8,92.39555555555556,0.720827043056488,33.320225,71.20774,-147.63876342773438,2.231364991929796
5KPH_4_8_6_id23,1.0437160730361938,4.668123245239258,95.45527777777778,0.82,4,8,92.39555555555556,0.720827043056488,33.320225,71.20774,-147.1781005859375,2.1830457051595054
5KPH_4_8_6_id3,0.7099252343177795,3.866854190826416,95.74375,0.82,4,8,92.39555555555556,0.720827043056488,33.320225,71.20774,-143.63233947753906,1.924608866373698
5KPH_4_8_6_id4,0.9599740505218506,2.2198498249053955,96.96847222222225,0.84,4,8,92.39555555555556,0.720827043056488,33.320225,71.20774,-147.6502685546875,2.2118163638644748
5KPH_4_8_6_id5,0.96738201379776,2.364851713180542,96.54722222222222,0.83,4,8,92.39555555555556,0.720827043056488,33.320225,71.20774,-147.89678955078125,2.2363688151041665
5KPH_4_8_6_id6,0.8171280026435852,4.550888538360596,95.67944444444444,0.82,4,8,92.39555555555556,0.720827043056488,33.320225,71.20774,-145.13742065429688,2.0742823282877603
5KPH_4_8_6_id7,0.9881525635719299,4.734254837036133,97.02722222222222,0.84,4,8,92.39555555555556,0.720827043056488,33.320225,71.20774,-148.55734252929688,2.3637688954671225
5KPH_4_8_6_id8,0.9576496481895447,2.644150495529175,94.3736111111111,0.8,4,8,92.39555555555556,0.720827043056488,33.320225,71.20774,-146.765380859375,2.114036983913845
5KPH_4_8_6_id9,1.5053426027297974,2.4299349784851074,89.11708333333334,0.74,4,8,92.39555555555556,0.720827043056488,33.320225,71.20774,-146.92408752441406,2.3388294643825955
5KPH_4_8_7_id0,0.9466364979743958,4.433634281158447,94.08666666666666,0.79,4,8,92.36236111111111,0.6687294840812683,31.41913,70.87946,-143.73394775390625,2.154814826117621
5KPH_4_8_7_id1,0.9019339680671692,3.2870781421661377,90.81888888888888,0.74,4,8,92.36236111111111,0.6687294840812683,31.41913,70.87946,-145.7074432373047,2.1562364366319446
5KPH_4_8_7_id10,1.076956033706665,3.406446933746338,91.32388888888887,0.76,4,8,92.36236111111111,0.6687294840812683,31.41913,70.87946,-146.06932067871094,2.208729002210829
5KPH_4_8_7_id11,0.8775349855422974,4.378413200378418,95.1913888888889,0.81,4,8,92.36236111111111,0.6687294840812683,31.41913,70.87946,-146.61607360839844,2.3694417741563587
5KPH_4_8_7_id12,0.5910638570785522,4.065774917602539,94.66152777777778,0.81,4,8,92.36236111111111,0.6687294840812683,31.41913,70.87946,-146.36866760253906,2.249986012776693
5KPH_4_8_7_id13,0.6574054956436157,4.053969383239746,94.5886111111111,0.81,4,8,92.36236111111111,0.6687294840812683,31.41913,70.87946,-147.54156494140625,2.1095377604166665
5KPH_4_8_7_id14,0.9105197787284851,3.0399675369262695,90.71958333333332,0.73,4,8,92.36236111111111,0.6687294840812683,31.41913,70.87946,-145.29867553710938,2.285122553507487
5KPH_4_8_7_id15,0.7369745969772339,3.9419753551483154,94.75236111111111,0.8,4,8,92.36236111111111,0.6687294840812683,31.41913,70.87946,-146.51565551757812,1.983143064710829
5KPH_4_8_7_id16,0.5510695576667786,4.0337138175964355,95.48930555555556,0.83,4,8,92.36236111111111,0.6687294840812683,31.41913,70.87946,-144.786865234375,2.1263910929361978
5KPH_4_8_7_id17,0.8120474815368652,4.359596252441406,94.86902777777776,0.82,4,8,92.36236111111111,0.6687294840812683,31.41913,70.87946,-145.2253875732422,1.99581061469184
5KPH_4_8_7_id18,0.8276358246803284,2.4750871658325195,94.67777777777778,0.81,4,8,92.36236111111111,0.6687294840812683,31.41913,70.87946,-145.63270568847656,2.060917960272895
5KPH_4_8_7_id19,0.6864053606987,2.8436427116394043,93.4811111111111,0.79,4,8,92.36236111111111,0.6687294840812683,31.41913,70.87946,-145.17454528808594,2.345002068413629
5KPH_4_8_7_id2,0.9064891934394836,2.1378490924835205,91.23736111111111,0.74,4,8,92.36236111111111,0.6687294840812683,31.41913,70.87946,-143.59396362304688,2.1514390309651694
5KPH_4_8_7_id20,0.8385095000267029,4.128337383270264,94.13583333333332,0.8,4,8,92.36236111111111,0.6687294840812683,31.41913,70.87946,-145.13584899902344,2.3668802049424915
5KPH_4_8_7_id21,0.5730422735214233,3.9895577430725098,92.9323611111111,0.79,4,8,92.36236111111111,0.6687294840812683,31.41913,70.87946,-147.77638244628906,2.346340603298611
5KPH_4_8_7_id22,0.5962780117988586,4.270661354064941,95.15472222222223,0.82,4,8,92.36236111111111,0.6687294840812683,31.41913,70.87946,-144.8021697998047,2.2163844638400607
5KPH_4_8_7_id23,1.1750544309616089,2.677859306335449,89.60680555555557,0.71,4,8,92.36236111111111,0.6687294840812683,31.41913,70.87946,-144.7599639892578,2.059124840630425
5KPH_4_8_7_id3,0.6792764067649841,4.158752918243408,93.47972222222224,0.79,4,8,92.36236111111111,0.6687294840812683,31.41913,70.87946,-143.2856903076172,2.203957027859158
5KPH_4_8_7_id4,2.0389530658721924,2.253776788711548,93.96277777777776,0.8,4,8,92.36236111111111,0.6687294840812683,31.41913,70.87946,-140.97991943359375,2.3439413706461587
5KPH_4_8_7_id5,0.7216125130653381,3.4650862216949463,92.43541666666664,0.77,4,8,92.36236111111111,0.6687294840812683,31.41913,70.87946,-145.03756713867188,2.135171042548285
5KPH_4_8_7_id6,0.8451505303382874,1.8014627695083618,95.23736111111111,0.81,4,8,92.36236111111111,0.6687294840812683,31.41913,70.87946,-146.58567810058594,2.173731909857856
5KPH_4_8_7_id7,0.6485752463340759,4.112556457519531,94.80319444444444,0.81,4,8,92.36236111111111,0.6687294840812683,31.41913,70.87946,-144.28350830078125,2.2333151499430337
5KPH_4_8_7_id8,1.475496768951416,2.352921724319458,94.81361111111111,0.79,4,8,92.36236111111111,0.6687294840812683,31.41913,70.87946,-146.21755981445312,2.040203942192925
5KPH_4_8_7_id9,0.8401700258255005,2.222224235534668,95.68263888888887,0.82,4,8,92.36236111111111,0.6687294840812683,31.41913,70.87946,-144.6594696044922,2.0016642676459417
5KPH_4_8_8_id0,0.8714368343353271,2.1434032917022705,94.45902777777778,0.81,4,8,92.35597222222222,0.6122915148735046,33.568592,71.45591,-146.04605102539062,2.3162629869249134
5KPH_4_8_8_id1,0.8956207633018494,3.4729413986206055,95.36027777777778,0.82,4,8,92.35597222222222,0.6122915148735046,33.568592,71.45591,-145.98806762695312,2.090495851304796
5KPH_4_8_8_id10,0.6671174168586731,3.9580862522125244,93.15680555555556,0.77,4,8,92.35597222222222,0.6122915148735046,33.568592,71.45591,-145.5950927734375,2.093899408976237
5KPH_4_8_8_id11,0.8687973022460938,3.214682102203369,90.46833333333332,0.72,4,8,92.35597222222222,0.6122915148735046,33.568592,71.45591,-144.71017456054688,2.1742716895209417
5KPH_4_8_8_id12,1.0586012601852417,4.695167064666748,96.4186111111111,0.83,4,8,92.35597222222222,0.6122915148735046,33.568592,71.45591,-146.035888671875,2.248704274495443
5KPH_4_8_8_id13,0.7617800831794739,4.186209201812744,93.93194444444444,0.78,4,8,92.35597222222222,0.6122915148735046,33.568592,71.45591,-144.57327270507812,2.192615932888455
5KPH_4_8_8_id14,0.9184951186180115,4.605960369110107,96.75666666666666,0.84,4,8,92.35597222222222,0.6122915148735046,33.568592,71.45591,-145.90159606933594,2.149894078572592
5KPH_4_8_8_id15,0.9222788214683533,4.521450519561768,96.09652777777778,0.82,4,8,92.35597222222222,0.6122915148735046,33.568592,71.45591,-146.00335693359375,2.0922949049207897
5KPH_4_8_8_id16,0.919701099395752,4.065310478210449,94.96083333333334,0.81,4,8,92.35597222222222,0.6122915148735046,33.568592,71.45591,-143.14219665527344,2.0779255761040583
5KPH_4_8_8_id17,0.9284021854400635,3.3615167140960693,96.69541666666666,0.83,4,8,92.35597222222222,0.6122915148735046,33.568592,71.45591,-145.20692443847656,1.7322523328993056
5KPH_4_8_8_id18,0.7398462891578674,4.18126916885376,95.25166666666668,0.82,4,8,92.35597222222222,0.6122915148735046,33.568592,71.45591,-142.77919006347656,2.0624622768825955
5KPH_4_8_8_id19,0.8321216702461243,4.223180770874023,95.05513888888888,0.81,4,8,92.35597222222222,0.6122915148735046,33.568592,71.45591,-143.1910858154297,2.1013912624782987
5KPH_4_8_8_id2,0.9715229868888855,4.591497421264648,96.16166666666666,0.82,4,8,92.35597222222222,0.6122915148735046,33.568592,71.45591,-147.12184143066406,1.944076326158312
5KPH_4_8_8_id20,0.7140991687774658,4.10505485534668,95.46208333333334,0.81,4,8,92.35597222222222,0.6122915148735046,33.568592,71.45591,-145.1177978515625,2.06343142191569
5KPH_4_8_8_id21,0.7547555565834045,3.245325803756714,91.2059722222222,0.74,4,8,92.35597222222222,0.6122915148735046,33.568592,71.45591,-144.09713745117188,2.027340783013238
5KPH_4_8_8_id22,0.7821791768074036,3.3272464275360107,94.01444444444444,0.79,4,8,92.35597222222222,0.6122915148735046,33.568592,71.45591,-145.52584838867188,2.245176315307617
5KPH_4_8_8_id23,0.7208493947982788,4.092602252960205,95.06138888888889,0.81,4,8,92.35597222222222,0.6122915148735046,33.568592,71.45591,-145.7510986328125,1.9334051344129768
5KPH_4_8_8_id3,1.0419697761535645,4.764692783355713,96.72486111111112,0.83,4,8,92.35597222222222,0.6122915148735046,33.568592,71.45591,-146.40367126464844,2.02333492702908
5KPH_4_8_8_id4,0.9364219903945923,4.56325101852417,95.54958333333332,0.82,4,8,92.35597222222222,0.6122915148735046,33.568592,71.45591,-145.39781188964844,1.978834576076932
5KPH_4_8_8_id5,1.8654375076293945,2.444220542907715,91.71166666666666,0.77,4,8,92.35597222222222,0.6122915148735046,33.568592,71.45591,-141.10037231445312,2.3427181243896484
5KPH_4_8_8_id6,0.6624377369880676,4.082663059234619,94.75097222222225,0.8,4,8,92.35597222222222,0.6122915148735046,33.568592,71.45591,-144.79550170898438,2.1228345235188804
5KPH_4_8_8_id7,0.699850857257843,3.9627294540405273,94.67555555555556,0.8,4,8,92.35597222222222,0.6122915148735046,33.568592,71.45591,-143.23475646972656,1.962779786851671
5KPH_4_8_8_id8,0.9567488431930542,2.537968635559082,94.63,0.79,4,8,92.35597222222222,0.6122915148735046,33.568592,71.45591,-144.80441284179688,2.2921250661214194
5KPH_4_8_8_id9,0.6952767372131348,4.174530506134033,95.5665277777778,0.82,4,8,92.35597222222222,0.6122915148735046,33.568592,71.45591,-145.8740997314453,1.9481349521213107
5KPH_4_8_9_id0,0.8589147329330444,4.388586044311523,96.09833333333331,0.82,4,8,90.3309722222222,0.5080936551094055,33.121037,70.275444,-139.77935791015625,2.3335058424207897
5KPH_4_8_9_id1,0.6954159736633301,4.147732257843018,94.06027777777778,0.79,4,8,90.3309722222222,0.5080936551094055,33.121037,70.275444,-142.6870574951172,2.032722896999783
5KPH_4_8_9_id10,1.001044750213623,4.678804874420166,96.1975,0.82,4,8,90.3309722222222,0.5080936551094055,33.121037,70.275444,-144.11207580566406,2.264382044474284
5KPH_4_8_9_id11,0.9292048215866089,4.499823570251465,96.31861111111112,0.83,4,8,90.3309722222222,0.5080936551094055,33.121037,70.275444,-142.40731811523438,2.0612585279676647
5KPH_4_8_9_id12,0.9620459675788879,4.521975994110107,96.10625,0.82,4,8,90.3309722222222,0.5080936551094055,33.121037,70.275444,-143.08734130859375,2.1323339674207897
5KPH_4_8_9_id13,1.3893895149230957,2.159349203109741,88.91847222222222,0.71,4,8,90.3309722222222,0.5080936551094055,33.121037,70.275444,-142.68475341796875,2.2309472825792103
5KPH_4_8_9_id14,0.9276525378227234,4.50248908996582,95.11763888888888,0.82,4,8,90.3309722222222,0.5080936551094055,33.121037,70.275444,-142.7456817626953,2.0994635687934027
5KPH_4_8_9_id15,0.9154855608940125,4.5110344886779785,96.71652777777778,0.83,4,8,90.3309722222222,0.5080936551094055,33.121037,70.275444,-140.72311401367188,2.214348898993598
5KPH_4_8_9_id16,0.7967028617858887,4.373743057250977,96.16166666666668,0.83,4,8,90.3309722222222,0.5080936551094055,33.121037,70.275444,-138.57102966308594,2.185144424438477
5KPH_4_8_9_id17,0.8695841431617737,4.514390468597412,96.92013888888889,0.83,4,8,90.3309722222222,0.5080936551094055,33.121037,70.275444,-141.76882934570312,2.242329491509332
5KPH_4_8_9_id18,0.8559451103210449,4.516700267791748,96.55638888888888,0.83,4,8,90.3309722222222,0.5080936551094055,33.121037,70.275444,-143.14657592773438,2.2586390177408853
5KPH_4_8_9_id19,0.9947152137756348,4.722951412200928,96.31666666666666,0.82,4,8,90.3309722222222,0.5080936551094055,33.121037,70.275444,-142.9446258544922,2.1030565897623696
5KPH_4_8_9_id2,0.849227249622345,4.324587821960449,95.35388888888887,0.81,4,8,90.3309722222222,0.5080936551094055,33.121037,70.275444,-142.41064453125,2.406462139553494
5KPH_4_8_9_id20,0.890886664390564,4.506890773773193,96.33791666666669,0.83,4,8,90.3309722222222,0.5080936551094055,33.121037,70.275444,-142.9451141357422,2.25321536593967
5KPH_4_8_9_id21,0.8286749720573425,4.493168830871582,96.0573611111111,0.82,4,8,90.3309722222222,0.5080936551094055,33.121037,70.275444,-141.2101287841797,2.1480736202663846
5KPH_4_8_9_id22,0.8282583355903625,4.101848602294922,93.66888888888889,0.78,4,8,90.3309722222222,0.5080936551094055,33.121037,70.275444,-143.20559692382812,2.192341062757704
5KPH_4_8_9_id23,0.9925390481948853,4.711514949798584,96.18541666666668,0.83,4,8,90.3309722222222,0.5080936551094055,33.121037,70.275444,-143.07077026367188,2.2682471805148654
5KPH_4_8_9_id3,0.8316963315010071,4.327276229858398,94.89166666666668,0.81,4,8,90.3309722222222,0.5080936551094055,33.121037,70.275444,-145.11021423339844,2.092333263821072
5KPH_4_8_9_id4,0.9530864953994751,2.485914945602417,95.7376388888889,0.82,4,8,90.3309722222222,0.5080936551094055,33.121037,70.275444,-141.80833435058594,2.0383836958143444
5KPH_4_8_9_id5,0.7645192742347717,3.9924404621124268,93.77347222222222,0.79,4,8,90.3309722222222,0.5080936551094055,33.121037,70.275444,-143.82376098632812,2.3836152818467884
5KPH_4_8_9_id6,0.8855012655258179,4.533980369567871,97.20180555555557,0.84,4,8,90.3309722222222,0.5080936551094055,33.121037,70.275444,-141.5860595703125,2.1066326565212674
5KPH_4_8_9_id7,0.7450423836708069,4.23956823348999,95.20611111111111,0.8,4,8,90.3309722222222,0.5080936551094055,33.121037,70.275444,-140.8738250732422,2.2641720241970487
5KPH_4_8_9_id8,0.7031675577163696,4.204418659210205,95.54236111111112,0.82,4,8,90.3309722222222,0.5080936551094055,33.121037,70.275444,-143.03802490234375,2.072447035047743
5KPH_4_8_9_id9,0.9236013293266296,4.615744113922119,96.64305555555556,0.84,4,8,90.3309722222222,0.5080936551094055,33.121037,70.275444,-144.48670959472656,2.2090617285834417
5KPH_6_2_5_id0,0.8022609949111938,3.437312364578247,92.53347222222222,0.74,6,2,92.7713888888889,0.8022125959396362,36.551605,74.306145,-143.30003356933594,2.403011745876736
5KPH_6_2_5_id1,2.2622687816619873,3.4352712631225586,90.345,0.74,6,2,92.7713888888889,0.8022125959396362,36.551605,74.306145,-141.1113739013672,2.043732537163629
5KPH_6_2_5_id10,1.0826650857925415,3.62479567527771,95.57902777777778,0.8,6,2,92.7713888888889,0.8022125959396362,36.551605,74.306145,-142.5052947998047,2.08650016784668
5KPH_6_2_5_id11,0.8457319736480713,3.8724966049194336,94.77388888888888,0.8,6,2,92.7713888888889,0.8022125959396362,36.551605,74.306145,-139.24732971191406,2.013110478719076
5KPH_6_2_5_id12,0.8515311479568481,3.3442564010620117,92.35944444444443,0.75,6,2,92.7713888888889,0.8022125959396362,36.551605,74.306145,-142.4420166015625,1.9909309811062283
5KPH_6_2_5_id13,2.4621024131774902,3.4998202323913574,90.41277777777778,0.76,6,2,92.7713888888889,0.8022125959396362,36.551605,74.306145,-142.65367126464844,1.941586388481988
5KPH_6_2_5_id14,1.8794406652450562,3.6544606685638428,86.48611111111111,0.66,6,2,92.7713888888889,0.8022125959396362,36.551605,74.306145,-139.32704162597656,1.8707877265082464
5KPH_6_2_5_id15,0.6727639436721802,5.89305305480957,94.79694444444443,0.8,6,2,92.7713888888889,0.8022125959396362,36.551605,74.306145,-138.687255859375,2.0762290954589844
5KPH_6_2_5_id16,0.75155109167099,5.885207176208496,93.45055555555555,0.77,6,2,92.7713888888889,0.8022125959396362,36.551605,74.306145,-141.98434448242188,2.200933668348524
5KPH_6_2_5_id17,0.7232462167739868,5.682722568511963,93.60013888888888,0.77,6,2,92.7713888888889,0.8022125959396362,36.551605,74.306145,-143.07228088378906,2.1307993994818792
5KPH_6_2_5_id18,0.8911226987838745,3.529405117034912,93.11291666666664,0.78,6,2,92.7713888888889,0.8022125959396362,36.551605,74.306145,-141.1103057861328,2.312344233194987
5KPH_6_2_5_id19,0.933566689491272,5.467853546142578,93.38263888888888,0.78,6,2,92.7713888888889,0.8022125959396362,36.551605,74.306145,-141.76943969726562,2.176577674018012
5KPH_6_2_5_id2,0.8254583477973938,5.930918216705322,94.08875,0.8,6,2,92.7713888888889,0.8022125959396362,36.551605,74.306145,-142.2313232421875,2.245776070488824
5KPH_6_2_5_id20,0.7724180221557617,3.9907257556915283,94.01708333333336,0.79,6,2,92.7713888888889,0.8022125959396362,36.551605,74.306145,-142.67434692382812,2.264050801595052
5KPH_6_2_5_id21,0.7589128017425537,3.1896779537200928,93.35083333333334,0.76,6,2,92.7713888888889,0.8022125959396362,36.551605,74.306145,-142.09767150878906,2.122230529785156
5KPH_6_2_5_id22,0.7732011675834656,5.645256519317627,92.5976388888889,0.78,6,2,92.7713888888889,0.8022125959396362,36.551605,74.306145,-138.02110290527344,2.3576829698350696
5KPH_6_2_5_id23,1.5955158472061157,3.533397674560547,86.87527777777778,0.67,6,2,92.7713888888889,0.8022125959396362,36.551605,74.306145,-140.8370819091797,2.0393920474582248
5KPH_6_2_5_id3,0.8135582804679871,3.9054946899414062,92.28222222222222,0.75,6,2,92.7713888888889,0.8022125959396362,36.551605,74.306145,-141.83880615234375,1.9818780687120223
5KPH_6_2_5_id4,0.7858448624610901,3.4808473587036133,94.62277777777778,0.8,6,2,92.7713888888889,0.8022125959396362,36.551605,74.306145,-142.18023681640625,2.284617953830295
5KPH_6_2_5_id5,1.485864520072937,3.7928946018218994,87.22583333333334,0.68,6,2,92.7713888888889,0.8022125959396362,36.551605,74.306145,-139.90660095214844,2.1734945509168835
5KPH_6_2_5_id6,0.8248489499092102,6.091242790222168,94.51708333333332,0.8,6,2,92.7713888888889,0.8022125959396362,36.551605,74.306145,-137.87783813476562,1.9142987993028429
5KPH_6_2_5_id7,0.7490805983543396,3.8720879554748535,94.62,0.8,6,2,92.7713888888889,0.8022125959396362,36.551605,74.306145,-142.75103759765625,2.009267807006836
5KPH_6_2_5_id8,0.753338634967804,4.848232269287109,91.71222222222224,0.72,6,2,92.7713888888889,0.8022125959396362,36.551605,74.306145,-140.10804748535156,2.056492699517144
5KPH_6_2_5_id9,0.7855799794197083,3.2140610218048096,91.11888888888888,0.72,6,2,92.7713888888889,0.8022125959396362,36.551605,74.306145,-141.00137329101562,2.2378082275390625
5KPH_6_2_8_id0,0.6719027757644653,6.038069248199463,94.50791666666666,0.79,6,2,88.33208333333333,0.964285373687744,37.639847,71.18866,-135.70297241210938,2.283349355061849
5KPH_6_2_8_id1,1.787514567375183,4.040684700012207,90.27069444444444,0.75,6,2,88.33208333333333,0.964285373687744,37.639847,71.18866,-138.9204864501953,2.285957548353407
5KPH_6_2_8_id10,0.9323270320892334,6.25970458984375,92.29,0.75,6,2,88.33208333333333,0.964285373687744,37.639847,71.18866,-138.9802703857422,2.4199341668023004
5KPH_6_2_8_id11,0.9749865531921387,4.380851745605469,91.16666666666669,0.73,6,2,88.33208333333333,0.964285373687744,37.639847,71.18866,-136.92539978027344,2.2702424791124134
5KPH_6_2_8_id12,2.3039824962615967,3.3226547241210938,93.39291666666666,0.78,6,2,88.33208333333333,0.964285373687744,37.639847,71.18866,-138.304443359375,2.305323282877604
5KPH_6_2_8_id13,1.9293491840362549,3.699141263961792,90.07194444444445,0.71,6,2,88.33208333333333,0.964285373687744,37.639847,71.18866,-139.20169067382812,2.3723392486572266
5KPH_6_2_8_id14,1.8144773244857788,4.1230316162109375,91.59944444444444,0.76,6,2,88.33208333333333,0.964285373687744,37.639847,71.18866,-140.84315490722656,2.284277598063151
5KPH_6_2_8_id15,1.64198637008667,4.390585422515869,93.92680555555556,0.8,6,2,88.33208333333333,0.964285373687744,37.639847,71.18866,-139.7761993408203,2.219760470920139
5KPH_6_2_8_id16,1.419954776763916,4.13724946975708,89.06402777777778,0.7,6,2,88.33208333333333,0.964285373687744,37.639847,71.18866,-138.99070739746094,2.385620541042752
5KPH_6_2_8_id17,0.877042829990387,5.280751705169678,91.21777777777778,0.76,6,2,88.33208333333333,0.964285373687744,37.639847,71.18866,-136.61114501953125,2.711341857910156
5KPH_6_2_8_id18,0.7282423377037048,4.858555793762207,93.53319444444443,0.79,6,2,88.33208333333333,0.964285373687744,37.639847,71.18866,-138.1254425048828,2.227298100789388
5KPH_6_2_8_id19,0.7591883540153503,4.560853958129883,95.61361111111113,0.79,6,2,88.33208333333333,0.964285373687744,37.639847,71.18866,-138.59054565429688,2.544073740641276
5KPH_6_2_8_id2,1.9615118503570557,3.835615873336792,93.12916666666666,0.78,6,2,88.33208333333333,0.964285373687744,37.639847,71.18866,-139.6821746826172,2.351305643717448
5KPH_6_2_8_id20,0.7400574684143066,4.908006191253662,91.78708333333331,0.75,6,2,88.33208333333333,0.964285373687744,37.639847,71.18866,-137.98150634765625,2.5996860928005643
5KPH_6_2_8_id21,2.175419569015503,3.643460750579834,93.5925,0.78,6,2,88.33208333333333,0.964285373687744,37.639847,71.18866,-137.77978515625,2.331671608818902
5KPH_6_2_8_id22,1.701358437538147,4.257916450500488,94.54652777777778,0.8,6,2,88.33208333333333,0.964285373687744,37.639847,71.18866,-138.75180053710938,2.4936112297905817
5KPH_6_2_8_id23,0.7778171896934509,5.8443779945373535,93.38430555555556,0.78,6,2,88.33208333333333,0.964285373687744,37.639847,71.18866,-138.85568237304688,2.443657981024848
5KPH_6_2_8_id3,1.3619980812072754,4.011936187744141,92.76458333333332,0.77,6,2,88.33208333333333,0.964285373687744,37.639847,71.18866,-138.93899536132812,2.3857413397894964
5KPH_6_2_8_id4,0.7078725695610046,5.702115058898926,91.66375,0.72,6,2,88.33208333333333,0.964285373687744,37.639847,71.18866,-137.5126953125,2.3985506693522134
5KPH_6_2_8_id5,0.8751393556594849,3.7877817153930664,89.42430555555556,0.72,6,2,88.33208333333333,0.964285373687744,37.639847,71.18866,-137.4298095703125,2.302966011895074
5KPH_6_2_8_id6,2.108083486557007,3.89788556098938,91.86666666666666,0.77,6,2,88.33208333333333,0.964285373687744,37.639847,71.18866,-137.8511505126953,2.2835650973849826
5KPH_6_2_8_id7,0.9710001349449158,5.147642612457275,92.82305555555556,0.74,6,2,88.33208333333333,0.964285373687744,37.639847,71.18866,-140.40341186523438,2.383574591742621
5KPH_6_2_8_id8,0.7339176535606384,4.178818225860596,92.76944444444445,0.77,6,2,88.33208333333333,0.964285373687744,37.639847,71.18866,-137.6266632080078,2.2690391540527344
5KPH_6_2_8_id9,2.1130151748657227,3.5569005012512207,91.11680555555556,0.75,6,2,88.33208333333333,0.964285373687744,37.639847,71.18866,-137.59661865234375,2.200408511691623
5KPH_6_2_9_id0,0.7403507828712463,5.830937385559082,93.61402777777776,0.8,6,2,91.2063888888889,0.6496339440345764,36.16262,73.668304,-144.86776733398438,2.117639329698351
5KPH_6_2_9_id1,0.8155303597450256,6.146921157836914,95.17847222222224,0.81,6,2,91.2063888888889,0.6496339440345764,36.16262,73.668304,-138.31549072265625,1.8789219326443145
5KPH_6_2_9_id10,0.7785296440124512,5.659848213195801,95.16527777777776,0.82,6,2,91.2063888888889,0.6496339440345764,36.16262,73.668304,-143.18017578125,1.7794185214572482
5KPH_6_2_9_id11,0.7192748188972473,5.574070453643799,94.3125,0.8,6,2,91.2063888888889,0.6496339440345764,36.16262,73.668304,-143.4818572998047,1.89333724975586
5KPH_6_2_9_id12,0.6941964626312256,5.74701452255249,94.7226388888889,0.81,6,2,91.2063888888889,0.6496339440345764,36.16262,73.668304,-140.20468139648438,2.0150313907199435
5KPH_6_2_9_id13,0.7798526883125305,5.760707855224609,96.37319444444444,0.83,6,2,91.2063888888889,0.6496339440345764,36.16262,73.668304,-143.04946899414062,1.8823750813802085
5KPH_6_2_9_id14,0.6905366778373718,6.004179000854492,95.74111111111112,0.82,6,2,91.2063888888889,0.6496339440345764,36.16262,73.668304,-141.49468994140625,1.8648312886555989
5KPH_6_2_9_id15,0.5783478617668152,5.852221965789795,94.88263888888888,0.81,6,2,91.2063888888889,0.6496339440345764,36.16262,73.668304,-143.552978515625,1.877740012274848
5KPH_6_2_9_id16,0.8136700391769409,6.1302618980407715,95.9486111111111,0.83,6,2,91.2063888888889,0.6496339440345764,36.16262,73.668304,-143.6015167236328,2.032983144124349
5KPH_6_2_9_id17,0.7051975131034851,5.871848106384277,96.42277777777778,0.83,6,2,91.2063888888889,0.6496339440345764,36.16262,73.668304,-143.65892028808594,1.9539438883463545
5KPH_6_2_9_id18,0.6998904347419739,5.9657063484191895,95.89513888888888,0.83,6,2,91.2063888888889,0.6496339440345764,36.16262,73.668304,-144.30706787109375,2.186783684624566
5KPH_6_2_9_id19,0.9324480891227722,6.2222394943237305,96.85611111111112,0.84,6,2,91.2063888888889,0.6496339440345764,36.16262,73.668304,-143.9217987060547,1.829959021674262
5KPH_6_2_9_id2,0.8153094053268433,5.706884860992432,94.14666666666666,0.8,6,2,91.2063888888889,0.6496339440345764,36.16262,73.668304,-141.67942810058594,2.3754795922173395
5KPH_6_2_9_id20,0.7894139885902405,6.029261112213135,95.8188888888889,0.83,6,2,91.2063888888889,0.6496339440345764,36.16262,73.668304,-141.7129669189453,1.873194376627604
5KPH_6_2_9_id21,0.8056031465530396,6.145174026489258,96.30277777777776,0.84,6,2,91.2063888888889,0.6496339440345764,36.16262,73.668304,-140.8530731201172,1.9820209079318576
5KPH_6_2_9_id22,0.7055366039276123,6.024888038635254,95.44694444444444,0.82,6,2,91.2063888888889,0.6496339440345764,36.16262,73.668304,-139.9918975830078,1.8709339565700955
5KPH_6_2_9_id23,0.6410239934921265,5.8661065101623535,95.99041666666666,0.82,6,2,91.2063888888889,0.6496339440345764,36.16262,73.668304,-142.839111328125,1.8856285942925348
5KPH_6_2_9_id3,0.6207566857337952,5.64823579788208,95.16041666666666,0.82,6,2,91.2063888888889,0.6496339440345764,36.16262,73.668304,-143.50009155273438,1.836563958062066
5KPH_6_2_9_id4,0.7253075242042542,5.8152031898498535,95.29138888888887,0.82,6,2,91.2063888888889,0.6496339440345764,36.16262,73.668304,-143.12892150878906,2.0915260314941406
5KPH_6_2_9_id5,0.6583684086799622,5.709042549133301,94.23305555555557,0.8,6,2,91.2063888888889,0.6496339440345764,36.16262,73.668304,-142.54849243164062,1.9724947611490888
5KPH_6_2_9_id6,0.6444523334503174,5.968284606933594,96.67944444444444,0.84,6,2,91.2063888888889,0.6496339440345764,36.16262,73.668304,-140.64210510253906,2.031007554796007
5KPH_6_2_9_id7,0.7732972502708435,5.6087188720703125,93.89888888888888,0.8,6,2,91.2063888888889,0.6496339440345764,36.16262,73.668304,-143.1525115966797,1.8615519205729167
5KPH_6_2_9_id8,0.7802891135215759,5.962170600891113,94.52819444444444,0.8,6,2,91.2063888888889,0.6496339440345764,36.16262,73.668304,-140.11837768554688,1.8018841213650167
5KPH_6_2_9_id9,0.7704013586044312,5.389268398284912,93.215,0.79,6,2,91.2063888888889,0.6496339440345764,36.16262,73.668304,-141.83375549316406,1.735309812757704
5KPH_6_4_0_id0,0.6604189872741699,5.726031303405762,94.90083333333332,0.81,6,4,95.16847222222222,0.7460151314735413,36.54233,75.78509,-143.05609130859375,2.3877141740587025
5KPH_6_4_0_id1,0.5805267691612244,6.12313985824585,95.97069444444443,0.82,6,4,95.16847222222222,0.7460151314735413,36.54233,75.78509,-144.14505004882812,2.110709296332465
5KPH_6_4_0_id10,0.5440220832824707,6.027625560760498,95.22319444444445,0.81,6,4,95.16847222222222,0.7460151314735413,36.54233,75.78509,-142.62948608398438,2.2667677137586804
5KPH_6_4_0_id11,0.5554651021957397,5.849822044372559,93.67374999999998,0.78,6,4,95.16847222222222,0.7460151314735413,36.54233,75.78509,-145.21572875976562,2.42981317308214
5KPH_6_4_0_id12,0.4693736135959625,5.887343406677246,95.14708333333334,0.81,6,4,95.16847222222222,0.7460151314735413,36.54233,75.78509,-145.68873596191406,2.1691896650526257
5KPH_6_4_0_id13,0.6843116879463196,6.095241546630859,95.81805555555556,0.81,6,4,95.16847222222222,0.7460151314735413,36.54233,75.78509,-144.1346893310547,2.1952237023247614
5KPH_6_4_0_id14,0.5710263848304749,6.139529228210449,94.62208333333334,0.8,6,4,95.16847222222222,0.7460151314735413,36.54233,75.78509,-146.06747436523438,2.0842310587565103
5KPH_6_4_0_id15,0.6726878881454468,6.09679651260376,94.08833333333334,0.79,6,4,95.16847222222222,0.7460151314735413,36.54233,75.78509,-143.95016479492188,2.0283256106906467
5KPH_6_4_0_id16,0.5575385093688965,6.002130031585693,94.63972222222225,0.8,6,4,95.16847222222222,0.7460151314735413,36.54233,75.78509,-145.3917999267578,2.502308315700955
5KPH_6_4_0_id17,0.546509861946106,6.107987403869629,95.51430555555557,0.81,6,4,95.16847222222222,0.7460151314735413,36.54233,75.78509,-144.2971649169922,2.286119884914822
5KPH_6_4_0_id18,0.5088291764259338,6.11262845993042,94.76041666666669,0.81,6,4,95.16847222222222,0.7460151314735413,36.54233,75.78509,-145.07730102539062,1.8966734144422743
5KPH_6_4_0_id19,0.5845367908477783,6.0711989402771,95.69819444444444,0.82,6,4,95.16847222222222,0.7460151314735413,36.54233,75.78509,-144.82717895507812,2.041968239678277
5KPH_6_4_0_id2,0.5811905264854431,6.095941066741943,93.82666666666668,0.8,6,4,95.16847222222222,0.7460151314735413,36.54233,75.78509,-143.82766723632812,2.120338863796658
5KPH_6_4_0_id20,0.5568674802780151,5.5114521980285645,94.86027777777775,0.79,6,4,95.16847222222222,0.7460151314735413,36.54233,75.78509,-142.90440368652344,2.521044201321072
5KPH_6_4_0_id21,0.4955054819583893,6.058958530426025,95.09555555555556,0.81,6,4,95.16847222222222,0.7460151314735413,36.54233,75.78509,-141.81005859375,2.2209366692437067
5KPH_6_4_0_id22,0.5145989656448364,6.116992473602295,95.115,0.81,6,4,95.16847222222222,0.7460151314735413,36.54233,75.78509,-145.38006591796875,2.308892567952474
5KPH_6_4_0_id23,0.523762583732605,5.909456253051758,94.31472222222222,0.8,6,4,95.16847222222222,0.7460151314735413,36.54233,75.78509,-144.8037109375,2.2061663733588324
5KPH_6_4_0_id3,0.5583557486534119,6.059938430786133,95.8288888888889,0.82,6,4,95.16847222222222,0.7460151314735413,36.54233,75.78509,-144.7694091796875,2.520127190483941
5KPH_6_4_0_id4,0.5727898478507996,5.8046875,94.49972222222222,0.8,6,4,95.16847222222222,0.7460151314735413,36.54233,75.78509,-141.17385864257812,2.396517435709636
5KPH_6_4_0_id5,0.503016471862793,4.485367774963379,95.61625,0.82,6,4,95.16847222222222,0.7460151314735413,36.54233,75.78509,-144.76327514648438,2.114977094862196
5KPH_6_4_0_id6,0.4845539629459381,6.0355963706970215,96.22,0.83,6,4,95.16847222222222,0.7460151314735413,36.54233,75.78509,-144.400146484375,2.465929667154948
5KPH_6_4_0_id7,0.6655306816101074,5.430225849151611,94.72638888888888,0.8,6,4,95.16847222222222,0.7460151314735413,36.54233,75.78509,-144.63531494140625,2.2878790961371527
5KPH_6_4_0_id8,0.6252882480621338,5.887846946716309,94.1888888888889,0.8,6,4,95.16847222222222,0.7460151314735413,36.54233,75.78509,-143.40240478515625,2.1838018629286022
5KPH_6_4_0_id9,0.630369246006012,6.084417343139648,95.16055555555556,0.81,6,4,95.16847222222222,0.7460151314735413,36.54233,75.78509,-143.69473266601562,2.315296596950955
5KPH_6_4_1_id0,0.7660862803459167,5.600241184234619,94.4998611111111,0.8,6,4,90.5684722222222,0.8328031301498413,37.31248,74.65957,-140.52883911132812,2.241442574395074
5KPH_6_4_1_id1,0.707030177116394,3.9413340091705322,91.03347222222222,0.73,6,4,90.5684722222222,0.8328031301498413,37.31248,74.65957,-140.45115661621094,1.897841135660808
5KPH_6_4_1_id10,0.6043115854263306,5.164243698120117,91.64944444444444,0.74,6,4,90.5684722222222,0.8328031301498413,37.31248,74.65957,-140.93942260742188,2.1948428683810763
5KPH_6_4_1_id11,0.6072092652320862,5.606015205383301,92.9411111111111,0.77,6,4,90.5684722222222,0.8328031301498413,37.31248,74.65957,-143.2136993408203,2.6468611823187933
5KPH_6_4_1_id12,0.6468290686607361,5.376860618591309,92.3273611111111,0.75,6,4,90.5684722222222,0.8328031301498413,37.31248,74.65957,-140.95523071289062,2.4762017991807728
5KPH_6_4_1_id13,0.5906458497047424,5.667254447937012,95.11541666666666,0.8,6,4,90.5684722222222,0.8328031301498413,37.31248,74.65957,-141.71868896484375,2.1979878743489585
5KPH_6_4_1_id14,0.5208249688148499,5.67669677734375,93.94527777777778,0.79,6,4,90.5684722222222,0.8328031301498413,37.31248,74.65957,-140.28353881835938,2.450344297620985
5KPH_6_4_1_id15,0.6299821734428406,5.608588218688965,90.8247222222222,0.75,6,4,90.5684722222222,0.8328031301498413,37.31248,74.65957,-140.32418823242188,2.2434874640570746
5KPH_6_4_1_id16,0.7768596410751343,5.085711479187012,94.73625,0.81,6,4,90.5684722222222,0.8328031301498413,37.31248,74.65957,-143.0909881591797,2.248539182874892
5KPH_6_4_1_id17,0.8285542726516724,4.019659519195557,91.87694444444443,0.75,6,4,90.5684722222222,0.8328031301498413,37.31248,74.65957,-141.50450134277344,2.387179692586263
5KPH_6_4_1_id18,0.6308433413505554,5.540818691253662,93.73597222222222,0.79,6,4,90.5684722222222,0.8328031301498413,37.31248,74.65957,-140.6224822998047,2.474237230088976
5KPH_6_4_1_id19,0.7849891185760498,5.579044818878174,90.93527777777778,0.74,6,4,90.5684722222222,0.8328031301498413,37.31248,74.65957,-141.60755920410156,2.509523391723633
5KPH_6_4_1_id2,0.9299649596214294,6.294164657592773,96.57319444444444,0.83,6,4,90.5684722222222,0.8328031301498413,37.31248,74.65957,-140.03509521484375,2.3333954281277127
5KPH_6_4_1_id20,0.8134269118309021,4.485116481781006,93.66625,0.77,6,4,90.5684722222222,0.8328031301498413,37.31248,74.65957,-141.42869567871094,2.1486354404025607
5KPH_6_4_1_id21,0.8123588562011719,5.424609661102295,91.20125,0.73,6,4,90.5684722222222,0.8328031301498413,37.31248,74.65957,-142.25181579589844,2.363515430026584
5KPH_6_4_1_id22,0.8372520804405212,5.740602970123291,91.93402777777776,0.76,6,4,90.5684722222222,0.8328031301498413,37.31248,74.65957,-139.40646362304688,2.3547155592176647
5KPH_6_4_1_id23,0.6722197532653809,3.728790283203125,89.82263888888889,0.71,6,4,90.5684722222222,0.8328031301498413,37.31248,74.65957,-141.06411743164062,1.931282467312283
5KPH_6_4_1_id3,0.7123974561691284,3.580010175704956,91.4497222222222,0.74,6,4,90.5684722222222,0.8328031301498413,37.31248,74.65957,-141.79144287109375,2.272696601019965
5KPH_6_4_1_id4,0.6136869192123413,5.542118549346924,90.99763888888889,0.73,6,4,90.5684722222222,0.8328031301498413,37.31248,74.65957,-141.915283203125,2.5953314039442272
5KPH_6_4_1_id5,0.6141688227653503,5.597225189208984,94.8273611111111,0.81,6,4,90.5684722222222,0.8328031301498413,37.31248,74.65957,-141.41693115234375,2.262082841661241
5KPH_6_4_1_id6,0.5695246458053589,5.624423027038574,92.71291666666669,0.78,6,4,90.5684722222222,0.8328031301498413,37.31248,74.65957,-140.6752471923828,1.8906847635904949
5KPH_6_4_1_id7,0.6513238549232483,5.998349666595459,93.16583333333332,0.78,6,4,90.5684722222222,0.8328031301498413,37.31248,74.65957,-141.45555114746094,2.4763465457492404
5KPH_6_4_1_id8,0.8351696133613586,4.419008731842041,95.87402777777778,0.83,6,4,90.5684722222222,0.8328031301498413,37.31248,74.65957,-139.82876586914062,2.602168189154731
5KPH_6_4_1_id9,0.5272448062896729,5.88492488861084,94.89972222222224,0.81,6,4,90.5684722222222,0.8328031301498413,37.31248,74.65957,-140.62570190429688,2.165873421563042
5KPH_6_4_4_id0,0.8613488078117371,5.9743218421936035,95.40166666666669,0.81,6,4,93.83625,0.5706783533096313,37.997528,76.66404,-140.3798828125,2.238472832573785
5KPH_6_4_4_id1,1.3665977716445923,4.588281154632568,90.63791666666668,0.74,6,4,93.83625,0.5706783533096313,37.997528,76.66404,-142.82901000976562,2.251398298475477
5KPH_6_4_4_id10,0.6696279048919678,5.893009662628174,95.45125,0.82,6,4,93.83625,0.5706783533096313,37.997528,76.66404,-142.6392059326172,2.281627231174045
5KPH_6_4_4_id11,0.7076793313026428,5.780229568481445,94.9252777777778,0.8,6,4,93.83625,0.5706783533096313,37.997528,76.66404,-140.3831024169922,2.3248733944363065
5KPH_6_4_4_id12,0.6882408857345581,5.628379821777344,95.03458333333332,0.8,6,4,93.83625,0.5706783533096313,37.997528,76.66404,-141.66929626464844,2.40690655178494
5KPH_6_4_4_id13,0.6634794473648071,5.65028190612793,95.5338888888889,0.82,6,4,93.83625,0.5706783533096313,37.997528,76.66404,-141.75250244140625,2.4334004720052085
5KPH_6_4_4_id14,0.6318038105964661,5.725368022918701,95.1848611111111,0.8,6,4,93.83625,0.5706783533096313,37.997528,76.66404,-141.05816650390625,2.281297895643446
5KPH_6_4_4_id15,0.7032518982887268,5.357719898223877,95.24138888888888,0.8,6,4,93.83625,0.5706783533096313,37.997528,76.66404,-141.97732543945312,2.347735299004449
5KPH_6_4_4_id16,0.8624140024185181,5.637651443481445,95.31805555555556,0.8,6,4,93.83625,0.5706783533096313,37.997528,76.66404,-141.58987426757812,2.378751966688368
5KPH_6_4_4_id17,0.6555123925209045,5.422091484069824,94.73416666666668,0.81,6,4,93.83625,0.5706783533096313,37.997528,76.66404,-137.34552001953125,2.467298719618056
5KPH_6_4_4_id18,0.5878715515136719,5.646510601043701,94.50625,0.8,6,4,93.83625,0.5706783533096313,37.997528,76.66404,-140.95985412597656,2.2753514183892145
5KPH_6_4_4_id19,0.7336638569831848,5.979328155517578,95.92625,0.82,6,4,93.83625,0.5706783533096313,37.997528,76.66404,-141.85458374023438,2.2937291463216147
5KPH_6_4_4_id2,0.6736668348312378,5.539952754974365,94.97361111111113,0.81,6,4,93.83625,0.5706783533096313,37.997528,76.66404,-140.78662109375,2.261714087592231
5KPH_6_4_4_id20,0.6495701670646667,5.862521648406982,96.01833333333332,0.82,6,4,93.83625,0.5706783533096313,37.997528,76.66404,-141.1291046142578,2.349741617838541
5KPH_6_4_4_id21,0.8132503628730774,5.904087066650391,95.55388888888888,0.81,6,4,93.83625,0.5706783533096313,37.997528,76.66404,-137.9991912841797,2.0135341220431857
5KPH_6_4_4_id22,0.5797622203826904,5.67355489730835,95.4401388888889,0.82,6,4,93.83625,0.5706783533096313,37.997528,76.66404,-142.97113037109375,2.47421137491862
5KPH_6_4_4_id23,0.7863695025444031,5.870563983917236,96.69708333333334,0.83,6,4,93.83625,0.5706783533096313,37.997528,76.66404,-139.95286560058594,2.4475500318739147
5KPH_6_4_4_id3,0.6735317707061768,5.516349792480469,94.21319444444444,0.8,6,4,93.83625,0.5706783533096313,37.997528,76.66404,-141.53675842285156,2.364375220404731
5KPH_6_4_4_id4,0.7326043248176575,5.880467891693115,94.22305555555556,0.8,6,4,93.83625,0.5706783533096313,37.997528,76.66404,-142.4600830078125,2.125007841322157
5KPH_6_4_4_id5,0.7303975820541382,5.732593059539795,94.99902777777778,0.8,6,4,93.83625,0.5706783533096313,37.997528,76.66404,-141.0499267578125,2.4261658986409507
5KPH_6_4_4_id6,0.8118161559104919,5.9250898361206055,94.9715277777778,0.79,6,4,93.83625,0.5706783533096313,37.997528,76.66404,-140.9560546875,2.386228349473741
5KPH_6_4_4_id7,0.857863187789917,6.0923919677734375,95.99861111111112,0.81,6,4,93.83625,0.5706783533096313,37.997528,76.66404,-142.1627197265625,2.4037543402777777
5KPH_6_4_4_id8,0.7813620567321777,5.604532718658447,94.0598611111111,0.8,6,4,93.83625,0.5706783533096313,37.997528,76.66404,-141.09825134277344,2.221410115559896
5KPH_6_4_4_id9,0.6864697933197021,5.528001308441162,95.47986111111112,0.82,6,4,93.83625,0.5706783533096313,37.997528,76.66404,-141.83547973632812,2.2808522118462458
5KPH_6_6_8_id0,0.604342520236969,6.046042442321777,95.26097222222224,0.8,6,6,90.275,0.815863311290741,37.280243,76.00269,-140.43067932128906,2.101084391276041
5KPH_6_6_8_id1,0.5852771401405334,5.913319110870361,94.26027777777776,0.8,6,6,90.275,0.815863311290741,37.280243,76.00269,-137.3345489501953,2.26000616285536
5KPH_6_6_8_id10,0.6541905999183655,5.955041885375977,94.94791666666669,0.8,6,6,90.275,0.815863311290741,37.280243,76.00269,-140.81654357910156,2.232918633355035
5KPH_6_6_8_id11,0.6504604816436768,5.935131549835205,94.67583333333332,0.81,6,6,90.275,0.815863311290741,37.280243,76.00269,-141.1563720703125,2.059148152669271
5KPH_6_6_8_id12,0.593023955821991,6.041954040527344,95.34486111111111,0.81,6,6,90.275,0.815863311290741,37.280243,76.00269,-140.35992431640625,1.9353559282090929
5KPH_6_6_8_id13,0.5978524088859558,5.84749698638916,93.82444444444444,0.79,6,6,90.275,0.815863311290741,37.280243,76.00269,-139.58261108398438,2.157551023695204
5KPH_6_6_8_id14,0.5708101987838745,5.83740234375,95.16958333333334,0.82,6,6,90.275,0.815863311290741,37.280243,76.00269,-142.16180419921875,2.150573942396376
5KPH_6_6_8_id15,0.5595943927764893,5.8509626388549805,94.42083333333332,0.81,6,6,90.275,0.815863311290741,37.280243,76.00269,-143.25587463378906,2.2518238491482205
5KPH_6_6_8_id16,0.6155450940132141,6.01409387588501,95.01263888888889,0.81,6,6,90.275,0.815863311290741,37.280243,76.00269,-141.1136474609375,2.1544418334960938
5KPH_6_6_8_id17,0.5837231874465942,6.080549716949463,95.89333333333332,0.82,6,6,90.275,0.815863311290741,37.280243,76.00269,-139.85769653320312,2.1085688273111978
5KPH_6_6_8_id18,0.6214691400527954,6.062009811401367,95.35597222222222,0.81,6,6,90.275,0.815863311290741,37.280243,76.00269,-141.95159912109375,2.252852969699436
5KPH_6_6_8_id19,0.5969841480255127,6.168084144592285,96.42916666666666,0.83,6,6,90.275,0.815863311290741,37.280243,76.00269,-142.7148895263672,2.234729766845703
5KPH_6_6_8_id2,0.608719527721405,5.922014236450195,95.7002777777778,0.82,6,6,90.275,0.815863311290741,37.280243,76.00269,-141.40716552734375,1.9501389397515192
5KPH_6_6_8_id20,0.6534545421600342,5.945767879486084,95.73958333333331,0.82,6,6,90.275,0.815863311290741,37.280243,76.00269,-142.21949768066406,2.462523990207248
5KPH_6_6_8_id21,0.5346989035606384,5.966835975646973,95.56416666666668,0.82,6,6,90.275,0.815863311290741,37.280243,76.00269,-139.1521453857422,2.177087783813477
5KPH_6_6_8_id22,0.6340492963790894,6.016236305236816,95.83208333333332,0.82,6,6,90.275,0.815863311290741,37.280243,76.00269,-141.0455780029297,2.192259046766493
5KPH_6_6_8_id23,0.6174175143241882,5.995687007904053,96.1225,0.83,6,6,90.275,0.815863311290741,37.280243,76.00269,-141.31300354003906,2.3320490519205728
5KPH_6_6_8_id3,0.5661311745643616,5.96028995513916,94.84541666666668,0.81,6,6,90.275,0.815863311290741,37.280243,76.00269,-137.39291381835938,1.939759996202257
5KPH_6_6_8_id4,0.5880354642868042,6.154078483581543,96.83694444444444,0.84,6,6,90.275,0.815863311290741,37.280243,76.00269,-140.76202392578125,2.364268832736545
5KPH_6_6_8_id5,0.5646892189979553,3.4430127143859863,94.28388888888888,0.8,6,6,90.275,0.815863311290741,37.280243,76.00269,-135.641845703125,2.2552657657199435
5KPH_6_6_8_id6,0.605487048625946,5.880481719970703,93.08513888888888,0.78,6,6,90.275,0.815863311290741,37.280243,76.00269,-140.2826690673828,2.16263198852539
5KPH_6_6_8_id7,0.5588395595550537,5.941956996917725,94.9425,0.81,6,6,90.275,0.815863311290741,37.280243,76.00269,-142.41107177734375,2.2196578979492188
5KPH_6_6_8_id8,0.7800527811050415,5.635793209075928,93.12319444444444,0.78,6,6,90.275,0.815863311290741,37.280243,76.00269,-141.1090087890625,2.0167973836263022
5KPH_6_6_8_id9,0.5972690582275391,6.000627040863037,95.54916666666666,0.82,6,6,90.275,0.815863311290741,37.280243,76.00269,-142.7263946533203,1.9954569074842663
5KPH_8_6_4_id0,0.6773626208305359,4.944154262542725,88.75555555555555,0.72,8,6,92.17777777777776,0.8055733442306519,41.447235,90.385635,-138.27879333496094,2.3011080423990884
5KPH_8_6_4_id1,0.7425220012664795,7.396685600280762,92.45652777777778,0.77,8,6,92.17777777777776,0.8055733442306519,41.447235,90.385635,-140.21055603027344,2.395948198106554
5KPH_8_6_4_id10,0.5632447600364685,7.601418495178223,94.72847222222222,0.8,8,6,92.17777777777776,0.8055733442306519,41.447235,90.385635,-141.23170471191406,2.377418941921658
5KPH_8_6_4_id11,1.4327740669250488,6.845242500305176,94.51097222222222,0.78,8,6,92.17777777777776,0.8055733442306519,41.447235,90.385635,-141.1813201904297,2.45071792602539
5KPH_8_6_4_id12,0.7108948826789856,7.477875709533691,88.88555555555556,0.71,8,6,92.17777777777776,0.8055733442306519,41.447235,90.385635,-140.62721252441406,2.164665010240343
5KPH_8_6_4_id13,0.7179052829742432,6.732458591461182,94.61611111111112,0.79,8,6,92.17777777777776,0.8055733442306519,41.447235,90.385635,-141.79974365234375,2.604792277018229
5KPH_8_6_4_id14,0.7172242403030396,7.2686614990234375,94.06736111111113,0.79,8,6,92.17777777777776,0.8055733442306519,41.447235,90.385635,-137.20516967773438,2.331364525689019
5KPH_8_6_4_id15,1.2873353958129883,8.365326881408691,96.41694444444444,0.84,8,6,92.17777777777776,0.8055733442306519,41.447235,90.385635,-136.49269104003906,2.406097835964627
5KPH_8_6_4_id16,1.5932210683822632,5.531957626342773,87.01555555555554,0.64,8,6,92.17777777777776,0.8055733442306519,41.447235,90.385635,-140.10777282714844,2.2474803924560547
5KPH_8_6_4_id17,1.345524787902832,6.982934474945068,93.78180555555556,0.77,8,6,92.17777777777776,0.8055733442306519,41.447235,90.385635,-141.232177734375,2.6618985070122614
5KPH_8_6_4_id18,1.4187976121902466,6.968008995056152,93.83,0.77,8,6,92.17777777777776,0.8055733442306519,41.447235,90.385635,-141.79437255859375,2.1397628784179688
5KPH_8_6_4_id19,0.7194689512252808,7.270627498626709,90.30416666666666,0.72,8,6,92.17777777777776,0.8055733442306519,41.447235,90.385635,-141.46238708496094,2.368664847479926
5KPH_8_6_4_id2,0.7279740571975708,6.062811374664307,93.85680555555555,0.78,8,6,92.17777777777776,0.8055733442306519,41.447235,90.385635,-139.27423095703125,2.316299650404188
5KPH_8_6_4_id20,0.8092821836471558,6.505262851715088,91.00736111111112,0.74,8,6,92.17777777777776,0.8055733442306519,41.447235,90.385635,-141.84234619140625,2.117042965359158
5KPH_8_6_4_id21,0.6355060935020447,6.481942653656006,91.66708333333334,0.74,8,6,92.17777777777776,0.8055733442306519,41.447235,90.385635,-140.9336700439453,2.8182584974500866
5KPH_8_6_4_id22,0.5730007886886597,7.689931869506836,93.15527777777778,0.77,8,6,92.17777777777776,0.8055733442306519,41.447235,90.385635,-138.59519958496094,2.298443264431424
5KPH_8_6_4_id23,0.744579553604126,7.472812652587891,90.29736111111112,0.73,8,6,92.17777777777776,0.8055733442306519,41.447235,90.385635,-141.70529174804688,2.357436286078559
5KPH_8_6_4_id3,0.7989951372146606,7.617343425750732,92.02041666666666,0.75,8,6,92.17777777777776,0.8055733442306519,41.447235,90.385635,-140.31304931640625,2.5415132310655384
5KPH_8_6_4_id4,0.7344920039176941,7.326221942901611,90.76805555555556,0.74,8,6,92.17777777777776,0.8055733442306519,41.447235,90.385635,-140.84864807128906,2.1067301432291665
5KPH_8_6_4_id5,0.7032448053359985,7.53570556640625,92.67152777777775,0.77,8,6,92.17777777777776,0.8055733442306519,41.447235,90.385635,-141.3120574951172,2.2546670701768665
5KPH_8_6_4_id6,0.7690134048461914,7.771505832672119,91.7826388888889,0.75,8,6,92.17777777777776,0.8055733442306519,41.447235,90.385635,-140.61956787109375,2.290640936957465
5KPH_8_6_4_id7,0.7575578689575195,6.835468292236328,88.53166666666667,0.68,8,6,92.17777777777776,0.8055733442306519,41.447235,90.385635,-140.25367736816406,2.7127772437201605
5KPH_8_6_4_id8,0.8652975559234619,5.6798858642578125,89.5340277777778,0.67,8,6,92.17777777777776,0.8055733442306519,41.447235,90.385635,-140.42611694335938,2.5452196333143444
5KPH_8_6_4_id9,0.7088123559951782,7.5586371421813965,95.58805555555556,0.81,8,6,92.17777777777776,0.8055733442306519,41.447235,90.385635,-138.35757446289062,2.3394461737738714
5KPH_8_8_0_id0,1.0375847816467285,6.457413673400879,92.68527777777778,0.77,8,8,91.66083333333331,0.6021072268486023,43.978207,99.94482,-142.81161499023438,2.237935807969836
5KPH_8_8_0_id1,0.9553372859954834,7.315097332000732,91.22069444444443,0.73,8,8,91.66083333333331,0.6021072268486023,43.978207,99.94482,-143.96249389648438,2.3087793986002603
5KPH_8_8_0_id10,0.8848795890808105,5.635529518127441,95.84597222222222,0.81,8,8,91.66083333333331,0.6021072268486023,43.978207,99.94482,-144.49081420898438,2.118697272406684
5KPH_8_8_0_id11,0.801708996295929,8.159502029418945,94.82430555555555,0.81,8,8,91.66083333333331,0.6021072268486023,43.978207,99.94482,-142.45433044433594,2.340312957763672
5KPH_8_8_0_id12,0.9655250906944275,8.338297843933105,96.90625,0.83,8,8,91.66083333333331,0.6021072268486023,43.978207,99.94482,-141.7939910888672,2.404671563042535
5KPH_8_8_0_id13,0.868424654006958,5.763692855834961,90.55777777777776,0.74,8,8,91.66083333333331,0.6021072268486023,43.978207,99.94482,-144.4745635986328,2.363940556844076
5KPH_8_8_0_id14,1.0065817832946777,8.10794734954834,92.50222222222222,0.78,8,8,91.66083333333331,0.6021072268486023,43.978207,99.94482,-143.94020080566406,2.299327850341797
5KPH_8_8_0_id15,0.9950540661811829,2.3073737621307373,83.30888888888889,0.63,8,8,91.66083333333331,0.6021072268486023,43.978207,99.94482,-141.2120819091797,2.2900488111707897
5KPH_8_8_0_id16,2.23545503616333,5.649770259857178,90.49055555555556,0.73,8,8,91.66083333333331,0.6021072268486023,43.978207,99.94482,-144.44654846191406,2.305051591661241
5KPH_8_8_0_id17,0.9359003901481628,5.3974785804748535,94.8926388888889,0.78,8,8,91.66083333333331,0.6021072268486023,43.978207,99.94482,-144.1326446533203,2.423412111070421
5KPH_8_8_0_id18,0.8829668164253235,7.421173572540283,92.01777777777778,0.76,8,8,91.66083333333331,0.6021072268486023,43.978207,99.94482,-141.81907653808594,2.205255296495226
5KPH_8_8_0_id19,0.8919005990028381,5.686778545379639,91.82263888888887,0.76,8,8,91.66083333333331,0.6021072268486023,43.978207,99.94482,-142.88461303710938,2.2975215911865234
5KPH_8_8_0_id2,0.8107858896255493,5.735547065734863,91.18375,0.74,8,8,91.66083333333331,0.6021072268486023,43.978207,99.94482,-142.4072723388672,2.346399307250977
5KPH_8_8_0_id20,1.1679189205169678,8.254091262817383,93.73597222222222,0.78,8,8,91.66083333333331,0.6021072268486023,43.978207,99.94482,-137.35189819335938,2.217549853854709
5KPH_8_8_0_id21,1.0731092691421509,8.04683780670166,92.21625,0.76,8,8,91.66083333333331,0.6021072268486023,43.978207,99.94482,-142.4823760986328,2.371949725680881
5KPH_8_8_0_id22,1.563001275062561,5.720568656921387,87.03652777777778,0.68,8,8,91.66083333333331,0.6021072268486023,43.978207,99.94482,-142.46380615234375,2.163035498725044
5KPH_8_8_0_id23,0.8752447962760925,5.503513813018799,89.76569444444445,0.69,8,8,91.66083333333331,0.6021072268486023,43.978207,99.94482,-144.27609252929688,2.4290038214789496
5KPH_8_8_0_id3,0.9139413237571716,8.274009704589844,95.00097222222222,0.8,8,8,91.66083333333331,0.6021072268486023,43.978207,99.94482,-141.5433349609375,2.499055650499132
5KPH_8_8_0_id4,0.9319844841957092,8.257436752319336,96.28694444444444,0.81,8,8,91.66083333333331,0.6021072268486023,43.978207,99.94482,-142.44149780273438,2.2667422824435763
5KPH_8_8_0_id5,0.8971790075302124,5.215579986572266,91.92222222222222,0.76,8,8,91.66083333333331,0.6021072268486023,43.978207,99.94482,-141.84727478027344,2.4293030632866754
5KPH_8_8_0_id6,0.8514331579208374,6.011048316955566,93.53166666666668,0.76,8,8,91.66083333333331,0.6021072268486023,43.978207,99.94482,-142.37460327148438,2.28593381245931
5KPH_8_8_0_id7,2.4876279830932617,5.429660320281982,86.54180555555556,0.68,8,8,91.66083333333331,0.6021072268486023,43.978207,99.94482,-142.4193115234375,2.361316680908203
5KPH_8_8_0_id8,0.9285033345222473,5.405171871185303,90.67597222222224,0.72,8,8,91.66083333333331,0.6021072268486023,43.978207,99.94482,-143.43536376953125,2.345989015367296
5KPH_8_8_0_id9,0.7311387062072754,6.591162204742432,95.01430555555557,0.81,8,8,91.66083333333331,0.6021072268486023,43.978207,99.94482,-145.01412963867188,2.44362301296658
5KPH_8_8_5_id0,1.4286271333694458,1.8382047414779663,82.38597222222222,0.62,8,8,90.56111111111112,0.6656556725502014,44.083244,101.12967,-139.816650390625,2.498265584309896
5KPH_8_8_5_id1,0.7321600317955017,7.919090270996094,92.23555555555556,0.78,8,8,90.56111111111112,0.6656556725502014,44.083244,101.12967,-138.80255126953125,2.4805289374457464
5KPH_8_8_5_id10,1.2003519535064697,5.998764514923096,91.10708333333334,0.73,8,8,90.56111111111112,0.6656556725502014,44.083244,101.12967,-140.52943420410156,2.33126703898112
5KPH_8_8_5_id11,2.685234546661377,3.202321767807007,85.35430555555554,0.65,8,8,90.56111111111112,0.6656556725502014,44.083244,101.12967,-140.22140502929688,2.366547690497504
5KPH_8_8_5_id12,0.6828844547271729,7.4753594398498535,90.78541666666666,0.76,8,8,90.56111111111112,0.6656556725502014,44.083244,101.12967,-139.61898803710938,2.674506717258029
5KPH_8_8_5_id13,2.573335647583008,1.3994395732879639,85.86611111111112,0.61,8,8,90.56111111111112,0.6656556725502014,44.083244,101.12967,-140.56973266601562,2.465653313530816
5KPH_8_8_5_id14,2.058926820755005,3.4718387126922607,84.98277777777778,0.62,8,8,90.56111111111112,0.6656556725502014,44.083244,101.12967,-139.4375,2.421015421549479
5KPH_8_8_5_id15,1.0711723566055298,7.840679168701172,91.98791666666666,0.76,8,8,90.56111111111112,0.6656556725502014,44.083244,101.12967,-139.7196502685547,2.388644960191515
5KPH_8_8_5_id16,0.6460869908332825,7.929760932922363,95.84125,0.82,8,8,90.56111111111112,0.6656556725502014,44.083244,101.12967,-137.4282989501953,2.457420772976345
5KPH_8_8_5_id17,1.0184797048568726,7.800140380859375,91.69986111111112,0.75,8,8,90.56111111111112,0.6656556725502014,44.083244,101.12967,-136.18116760253906,2.5120633443196616
5KPH_8_8_5_id18,0.7900005578994751,5.70598030090332,94.23472222222222,0.8,8,8,90.56111111111112,0.6656556725502014,44.083244,101.12967,-134.83660888671875,2.38029056125217
5KPH_8_8_5_id19,2.5254404544830322,1.3400108814239502,82.39569444444444,0.61,8,8,90.56111111111112,0.6656556725502014,44.083244,101.12967,-139.62680053710938,2.4646873474121094
5KPH_8_8_5_id2,1.1162761449813843,4.58979606628418,90.2813888888889,0.74,8,8,90.56111111111112,0.6656556725502014,44.083244,101.12967,-138.20606994628906,2.3537474738227
5KPH_8_8_5_id20,2.1791882514953613,2.9352071285247803,84.77972222222222,0.61,8,8,90.56111111111112,0.6656556725502014,44.083244,101.12967,-139.94644165039062,2.3466368781195746
5KPH_8_8_5_id21,0.9890708327293396,7.014271259307861,92.0809722222222,0.75,8,8,90.56111111111112,0.6656556725502014,44.083244,101.12967,-139.11508178710938,2.604355706108941
5KPH_8_8_5_id22,1.6973580121994019,1.405837059020996,88.75430555555555,0.7,8,8,90.56111111111112,0.6656556725502014,44.083244,101.12967,-136.5632781982422,2.4564615885416665
5KPH_8_8_5_id23,1.1258690357208252,2.7514355182647705,85.16583333333332,0.64,8,8,90.56111111111112,0.6656556725502014,44.083244,101.12967,-138.4256134033203,2.420551511976454
5KPH_8_8_5_id3,0.6773348450660706,5.527178764343262,92.69402777777778,0.74,8,8,90.56111111111112,0.6656556725502014,44.083244,101.12967,-140.8497314453125,2.3904357486301
5KPH_8_8_5_id4,0.8744835257530212,4.5358567237854,87.59083333333335,0.69,8,8,90.56111111111112,0.6656556725502014,44.083244,101.12967,-139.03367614746094,2.4094996982150607
5KPH_8_8_5_id5,2.4546425342559814,3.119101047515869,90.33652777777776,0.72,8,8,90.56111111111112,0.6656556725502014,44.083244,101.12967,-140.15113830566406,2.3068487379286022
5KPH_8_8_5_id6,0.9946815371513367,5.982114315032959,84.78236111111111,0.66,8,8,90.56111111111112,0.6656556725502014,44.083244,101.12967,-138.46627807617188,2.470363828870985
5KPH_8_8_5_id7,2.59643816947937,5.670167446136475,88.98652777777778,0.74,8,8,90.56111111111112,0.6656556725502014,44.083244,101.12967,-136.65699768066406,2.394721561008029
5KPH_8_8_5_id8,0.8585463166236877,8.21959114074707,93.55222222222224,0.77,8,8,90.56111111111112,0.6656556725502014,44.083244,101.12967,-137.75088500976562,2.553275214301215
5KPH_8_8_5_id9,2.3715105056762695,1.6064047813415527,84.78027777777778,0.62,8,8,90.56111111111112,0.6656556725502014,44.083244,101.12967,-138.84423828125,2.394200219048394
5KPH_8_8_9_id0,6.257466793060303,3.4665157794952393,81.21986111111111,0.58,8,8,89.40694444444445,0.9552789330482484,43.39029,100.44456,-135.47250366210938,2.535912195841471
5KPH_8_8_9_id1,0.7296115756034851,7.785216331481934,94.6159722222222,0.8,8,8,89.40694444444445,0.9552789330482484,43.39029,100.44456,-135.66177368164062,2.6553018358018665
5KPH_8_8_9_id10,1.3570538759231567,4.909113883972168,93.6101388888889,0.8,8,8,89.40694444444445,0.9552789330482484,43.39029,100.44456,-138.0659942626953,2.467233657836914
5KPH_8_8_9_id11,0.6976813077926636,4.702394485473633,95.03833333333334,0.8,8,8,89.40694444444445,0.9552789330482484,43.39029,100.44456,-138.79168701171875,2.623603396945529
5KPH_8_8_9_id12,1.4409736394882202,4.683784008026123,93.27097222222224,0.77,8,8,89.40694444444445,0.9552789330482484,43.39029,100.44456,-137.20730590820312,2.799798753526476
5KPH_8_8_9_id13,0.7116745114326477,8.075846672058105,94.85083333333334,0.81,8,8,89.40694444444445,0.9552789330482484,43.39029,100.44456,-138.78326416015625,2.8374235365125866
5KPH_8_8_9_id14,0.7696540951728821,5.451289653778076,93.67152777777778,0.78,8,8,89.40694444444445,0.9552789330482484,43.39029,100.44456,-139.18893432617188,2.893736521402994
5KPH_8_8_9_id15,0.9980078339576721,5.362386703491211,95.22861111111112,0.81,8,8,89.40694444444445,0.9552789330482484,43.39029,100.44456,-136.82887268066406,2.5706630282931857
5KPH_8_8_9_id16,1.1969040632247925,5.557090759277344,92.14375,0.75,8,8,89.40694444444445,0.9552789330482484,43.39029,100.44456,-135.2018280029297,2.5299744076199
5KPH_8_8_9_id17,1.3930257558822632,7.187491416931152,90.7575,0.77,8,8,89.40694444444445,0.9552789330482484,43.39029,100.44456,-136.11509704589844,2.608412848578559
5KPH_8_8_9_id18,0.6470890045166016,7.090830326080322,93.24375,0.79,8,8,89.40694444444445,0.9552789330482484,43.39029,100.44456,-137.60650634765625,2.5964315202501087
5KPH_8_8_9_id19,0.8521363139152527,5.839337348937988,94.96,0.81,8,8,89.40694444444445,0.9552789330482484,43.39029,100.44456,-137.83544921875,2.677095201280382
5KPH_8_8_9_id2,0.7427477240562439,5.683833599090576,94.89513888888888,0.8,8,8,89.40694444444445,0.9552789330482484,43.39029,100.44456,-138.90696716308594,2.764543957180447
5KPH_8_8_9_id20,1.678576111793518,2.6942741870880127,89.76180555555555,0.75,8,8,89.40694444444445,0.9552789330482484,43.39029,100.44456,-136.4515380859375,2.71559206644694
5KPH_8_8_9_id21,1.2081470489501953,5.1292805671691895,92.25027777777778,0.78,8,8,89.40694444444445,0.9552789330482484,43.39029,100.44456,-132.67431640625,2.796208275689019
5KPH_8_8_9_id22,0.786064088344574,5.5523223876953125,95.3872222222222,0.82,8,8,89.40694444444445,0.9552789330482484,43.39029,100.44456,-137.29449462890625,2.8217396206325955
5KPH_8_8_9_id23,0.8966443538665771,7.524326801300049,91.51958333333334,0.77,8,8,89.40694444444445,0.9552789330482484,43.39029,100.44456,-132.891357421875,2.75311024983724
5KPH_8_8_9_id3,0.7361512780189514,8.032740592956543,93.6840277777778,0.81,8,8,89.40694444444445,0.9552789330482484,43.39029,100.44456,-136.45118713378906,2.833245595296224
5KPH_8_8_9_id4,0.8657758831977844,8.24412727355957,94.21541666666668,0.81,8,8,89.40694444444445,0.9552789330482484,43.39029,100.44456,-137.14508056640625,2.857178158230252
5KPH_8_8_9_id5,1.256346583366394,7.422718524932861,95.7023611111111,0.82,8,8,89.40694444444445,0.9552789330482484,43.39029,100.44456,-133.40859985351562,2.4259893629286022
5KPH_8_8_9_id6,0.676243245601654,8.133939743041992,95.62097222222222,0.83,8,8,89.40694444444445,0.9552789330482484,43.39029,100.44456,-136.9814453125,2.984800550672743
5KPH_8_8_9_id7,1.7448136806488037,2.814558506011963,89.01361111111112,0.72,8,8,89.40694444444445,0.9552789330482484,43.39029,100.44456,-137.79566955566406,2.806772867838541
5KPH_8_8_9_id8,0.8476845622062683,8.198080062866211,95.97930555555554,0.83,8,8,89.40694444444445,0.9552789330482484,43.39029,100.44456,-137.77903747558594,2.461037105984158
5KPH_8_8_9_id9,0.7234277129173279,5.684597492218018,95.92805555555556,0.82,8,8,89.40694444444445,0.9552789330482484,43.39029,100.44456,-136.023681640625,2.722816467285156
