name,rmsd_start,rmsd_end,plddt,ptm,rmsd_constraint,langevin,single_state_plddt,single_state_rmsd,curvature_mean,curvature_max,score,-PLL
5KPE_2_2_0_combined_id1,1.2330657243728638,1.2859296798706055,93.23157407407405,0.82,2,2,86.15009259259259,1.0889322757720947,20.796156,71.92844,0.2222,2.220382125289352
5KPE_2_2_0_combined_id10,1.1020296812057495,1.4326512813568115,90.03500000000001,0.73,2,2,86.15009259259259,1.0889322757720947,20.796156,71.92844,0.2273,2.385852389865452
5KPE_2_2_0_combined_id11,1.4273778200149536,1.3370822668075562,92.58685185185185,0.83,2,2,86.15009259259259,1.0889322757720947,20.796156,71.92844,0.2384,2.173250551576968
5KPE_2_2_0_combined_id12,1.4847055673599243,1.2770870923995972,94.06953703703704,0.84,2,2,86.15009259259259,1.0889322757720947,20.796156,71.92844,0.2298,2.16213791458695
5KPE_2_2_0_combined_id13,1.722909927368164,1.3039084672927856,86.83842592592592,0.72,2,2,86.15009259259259,1.0889322757720947,20.796156,71.92844,0.2165,2.074285719129774
5KPE_2_2_0_combined_id14,1.3750158548355103,1.437508225440979,89.18981481481484,0.74,2,2,86.15009259259259,1.0889322757720947,20.796156,71.92844,0.2231,2.0493456522623696
5KPE_2_2_0_combined_id15,1.5002641677856445,1.556044101715088,90.1850925925926,0.79,2,2,86.15009259259259,1.0889322757720947,20.796156,71.92844,0.2165,2.1788256609881365
5KPE_2_2_0_combined_id16,1.2970752716064453,1.263051152229309,89.39629629629627,0.74,2,2,86.15009259259259,1.0889322757720947,20.796156,71.92844,0.2044,2.252590462013527
5KPE_2_2_0_combined_id17,1.24852454662323,1.4256224632263184,90.87342592592591,0.78,2,2,86.15009259259259,1.0889322757720947,20.796156,71.92844,0.2207,2.135689346878617
5KPE_2_2_0_combined_id18,1.344488263130188,1.264554500579834,88.3561111111111,0.74,2,2,86.15009259259259,1.0889322757720947,20.796156,71.92844,0.2129,2.214365076135706
5KPE_2_2_0_combined_id19,1.4762609004974365,1.1638060808181763,90.85462962962964,0.76,2,2,86.15009259259259,1.0889322757720947,20.796156,71.92844,0.2144,2.049119172272859
5KPE_2_2_0_combined_id2,11.18354320526123,10.885396003723145,84.16805555555555,0.7,2,2,86.15009259259259,1.0889322757720947,20.796156,71.92844,0.2119,2.2514543886537903
5KPE_2_2_0_combined_id20,1.816015601158142,1.5205000638961792,93.98111111111108,0.84,2,2,86.15009259259259,1.0889322757720947,20.796156,71.92844,0.2346,1.987343258327908
5KPE_2_2_0_combined_id22,1.3798887729644775,1.2451908588409424,89.34296296296296,0.76,2,2,86.15009259259259,1.0889322757720947,20.796156,71.92844,0.2073,2.219790705928096
5KPE_2_2_0_combined_id23,1.2973747253417969,1.2206002473831177,91.6201851851852,0.77,2,2,86.15009259259259,1.0889322757720947,20.796156,71.92844,0.2,2.3890674732349537
5KPE_2_2_0_combined_id24,1.1144853830337524,1.3843711614608765,90.43138888888888,0.77,2,2,86.15009259259259,1.0889322757720947,20.796156,71.92844,0.199,2.845941614221644
5KPE_2_2_0_combined_id3,1.5884922742843628,1.1380741596221924,86.85731481481481,0.72,2,2,86.15009259259259,1.0889322757720947,20.796156,71.92844,0.2112,2.1826064498336226
5KPE_2_2_0_combined_id4,1.2501987218856812,1.4558652639389038,89.4100925925926,0.75,2,2,86.15009259259259,1.0889322757720947,20.796156,71.92844,0.2045,2.418448554144965
5KPE_2_2_0_combined_id5,1.2013264894485474,1.3018648624420166,90.65185185185184,0.75,2,2,86.15009259259259,1.0889322757720947,20.796156,71.92844,0.2146,2.04918783682364
5KPE_2_2_0_combined_id6,1.3453654050827026,1.2346080541610718,90.3211111111111,0.78,2,2,86.15009259259259,1.0889322757720947,20.796156,71.92844,0.2109,2.1354693660029658
5KPE_2_2_0_combined_id7,1.4166656732559204,1.2638328075408936,89.26509259259261,0.74,2,2,86.15009259259259,1.0889322757720947,20.796156,71.92844,0.2087,2.334558275010851
5KPE_2_2_0_combined_id8,1.3597702980041504,1.2213412523269653,92.07166666666664,0.8,2,2,86.15009259259259,1.0889322757720947,20.796156,71.92844,0.2278,2.050727702953197
5KPE_2_2_0_combined_id9,1.3904516696929932,1.2749435901641846,89.8453703703704,0.76,2,2,86.15009259259259,1.0889322757720947,20.796156,71.92844,0.2062,2.465101453993056
5KPE_2_2_1_combined_id1,1.570791482925415,1.0564264059066772,89.53009259259261,0.75,2,2,88.91898148148148,0.6073800921440125,20.498295,71.06506,0.2294,1.771669175889757
5KPE_2_2_1_combined_id10,1.6720401048660278,1.2556934356689453,91.72777777777776,0.8,2,2,88.91898148148148,0.6073800921440125,20.498295,71.06506,0.2221,2.0511042277018228
5KPE_2_2_1_combined_id11,1.859139084815979,1.5561625957489014,82.03499999999998,0.66,2,2,88.91898148148148,0.6073800921440125,20.498295,71.06506,0.2167,1.812499858714916
5KPE_2_2_1_combined_id12,1.3255752325057983,1.1877779960632324,92.50657407407408,0.81,2,2,88.91898148148148,0.6073800921440125,20.498295,71.06506,0.2035,2.0491618403682
5KPE_2_2_1_combined_id13,1.1426868438720703,1.2098658084869385,92.72407407407408,0.8,2,2,88.91898148148148,0.6073800921440125,20.498295,71.06506,0.2179,1.9417235762984664
5KPE_2_2_1_combined_id14,1.3907279968261719,0.953166663646698,88.95666666666666,0.73,2,2,88.91898148148148,0.6073800921440125,20.498295,71.06506,0.2205,1.9540289419668693
5KPE_2_2_1_combined_id15,1.8693419694900513,1.4890044927597046,85.2597222222222,0.71,2,2,88.91898148148148,0.6073800921440125,20.498295,71.06506,0.2333,1.72182775426794
5KPE_2_2_1_combined_id16,1.3562171459197998,1.3375253677368164,88.50768518518518,0.74,2,2,88.91898148148148,0.6073800921440125,20.498295,71.06506,0.2171,1.8081659387659144
5KPE_2_2_1_combined_id17,1.3089808225631714,1.383575677871704,86.19157407407404,0.71,2,2,88.91898148148148,0.6073800921440125,20.498295,71.06506,0.2271,2.326130054615162
5KPE_2_2_1_combined_id18,1.1777825355529785,1.355507493019104,88.70851851851855,0.74,2,2,88.91898148148148,0.6073800921440125,20.498295,71.06506,0.2221,1.846888506854022
5KPE_2_2_1_combined_id19,1.1677207946777344,1.438701868057251,91.39518518518518,0.8,2,2,88.91898148148148,0.6073800921440125,20.498295,71.06506,0.2164,2.2395268192997686
5KPE_2_2_1_combined_id2,1.3677425384521484,1.2047154903411865,91.30185185185184,0.78,2,2,88.91898148148148,0.6073800921440125,20.498295,71.06506,0.1978,2.1363632767288774
5KPE_2_2_1_combined_id20,1.3222441673278809,1.2378023862838745,92.29787037037038,0.8,2,2,88.91898148148148,0.6073800921440125,20.498295,71.06506,0.2282,1.7293148747196905
5KPE_2_2_1_combined_id21,1.203896403312683,1.516466498374939,92.04388888888889,0.8,2,2,88.91898148148148,0.6073800921440125,20.498295,71.06506,0.2184,1.914831373426649
5KPE_2_2_1_combined_id22,1.4420957565307617,1.1478551626205444,90.94648148148148,0.78,2,2,88.91898148148148,0.6073800921440125,20.498295,71.06506,0.2136,2.151587450945819
5KPE_2_2_1_combined_id23,1.2343858480453491,1.1194114685058594,88.54129629629631,0.72,2,2,88.91898148148148,0.6073800921440125,20.498295,71.06506,0.1977,2.3197593688964844
5KPE_2_2_1_combined_id24,2.7762532234191895,2.4718551635742188,81.06379629629627,0.7,2,2,88.91898148148148,0.6073800921440125,20.498295,71.06506,0.2319,1.869409066659433
5KPE_2_2_1_combined_id3,1.36548912525177,1.019753098487854,91.19296296296298,0.79,2,2,88.91898148148148,0.6073800921440125,20.498295,71.06506,0.2098,2.070618664776837
5KPE_2_2_1_combined_id4,1.6078948974609375,0.8704383969306946,85.35435185185186,0.71,2,2,88.91898148148148,0.6073800921440125,20.498295,71.06506,0.2213,1.8048420658818
5KPE_2_2_1_combined_id5,1.2907308340072632,1.5054221153259277,87.78675925925927,0.74,2,2,88.91898148148148,0.6073800921440125,20.498295,71.06506,0.2168,2.088924831814236
5KPE_2_2_1_combined_id6,1.190565824508667,1.3085237741470337,92.1102777777778,0.8,2,2,88.91898148148148,0.6073800921440125,20.498295,71.06506,0.2093,2.018261944806134
5KPE_2_2_1_combined_id7,1.4464991092681885,1.3738096952438354,90.23694444444445,0.74,2,2,88.91898148148148,0.6073800921440125,20.498295,71.06506,0.1994,2.042057743778935
5KPE_2_2_1_combined_id8,1.30864417552948,1.3632341623306274,92.89157407407409,0.8,2,2,88.91898148148148,0.6073800921440125,20.498295,71.06506,0.2094,1.8614561292860243
5KPE_2_2_1_combined_id9,1.1974143981933594,1.271401047706604,92.11629629629633,0.8,2,2,88.91898148148148,0.6073800921440125,20.498295,71.06506,0.2259,1.939428258825232
5KPE_2_2_2_combined_id1,1.3255385160446167,1.1656858921051025,86.23925925925926,0.71,2,2,92.23935185185184,0.7247961759567261,20.760426,71.897865,0.2085,2.10060147885923
5KPE_2_2_2_combined_id10,1.3591352701187134,0.9513329267501831,87.90259259259257,0.69,2,2,92.23935185185184,0.7247961759567261,20.760426,71.897865,0.2212,1.9252121536820024
5KPE_2_2_2_combined_id11,1.269501805305481,1.4690415859222412,92.3488888888889,0.81,2,2,92.23935185185184,0.7247961759567261,20.760426,71.897865,0.2139,2.2908316718207464
5KPE_2_2_2_combined_id12,1.1800929307937622,1.120318055152893,88.77833333333335,0.76,2,2,92.23935185185184,0.7247961759567261,20.760426,71.897865,0.2105,2.118699250397859
5KPE_2_2_2_combined_id13,1.2833832502365112,1.2510230541229248,91.93657407407407,0.81,2,2,92.23935185185184,0.7247961759567261,20.760426,71.897865,0.2248,2.1500797978153936
5KPE_2_2_2_combined_id14,1.1354714632034302,1.5874186754226685,92.22537037037036,0.81,2,2,92.23935185185184,0.7247961759567261,20.760426,71.897865,0.2127,2.3704359266493054
5KPE_2_2_2_combined_id15,1.227406620979309,1.386015772819519,89.90564814814815,0.76,2,2,92.23935185185184,0.7247961759567261,20.760426,71.897865,0.2091,2.283519744873047
5KPE_2_2_2_combined_id16,1.0352857112884521,1.428072452545166,93.37675925925926,0.85,2,2,92.23935185185184,0.7247961759567261,20.760426,71.897865,0.2174,2.359334875036169
5KPE_2_2_2_combined_id17,1.3408112525939941,1.098507285118103,87.96342592592593,0.7,2,2,92.23935185185184,0.7247961759567261,20.760426,71.897865,0.2276,2.029949329517506
5KPE_2_2_2_combined_id18,1.0220566987991333,1.436073899269104,90.68342592592596,0.79,2,2,92.23935185185184,0.7247961759567261,20.760426,71.897865,0.21,2.3183896100079573
5KPE_2_2_2_combined_id19,1.3831504583358765,1.2962024211883545,84.21138888888889,0.64,2,2,92.23935185185184,0.7247961759567261,20.760426,71.897865,0.2069,2.221682795771846
5KPE_2_2_2_combined_id2,1.3068019151687622,1.0985289812088013,90.35074074074072,0.74,2,2,92.23935185185184,0.7247961759567261,20.760426,71.897865,0.2299,2.2060664141619646
5KPE_2_2_2_combined_id20,1.487510323524475,1.1663836240768433,83.48370370370368,0.68,2,2,92.23935185185184,0.7247961759567261,20.760426,71.897865,0.1986,2.0576409233940973
5KPE_2_2_2_combined_id21,1.2635107040405273,1.3790459632873535,91.4096296296296,0.77,2,2,92.23935185185184,0.7247961759567261,20.760426,71.897865,0.2291,2.116798683449074
5KPE_2_2_2_combined_id22,1.5487935543060303,0.95186448097229,92.04638888888891,0.8,2,2,92.23935185185184,0.7247961759567261,20.760426,71.897865,0.2153,1.828071735523365
5KPE_2_2_2_combined_id23,1.303632378578186,1.1342813968658447,87.87305555555557,0.75,2,2,92.23935185185184,0.7247961759567261,20.760426,71.897865,0.2143,1.982826232910156
5KPE_2_2_2_combined_id24,1.3172409534454346,1.6887640953063965,89.75407407407408,0.75,2,2,92.23935185185184,0.7247961759567261,20.760426,71.897865,0.1967,2.270514735469112
5KPE_2_2_2_combined_id3,1.0936344861984253,1.242047905921936,91.89842592592592,0.79,2,2,92.23935185185184,0.7247961759567261,20.760426,71.897865,0.2156,2.0177020320185908
5KPE_2_2_2_combined_id4,1.3931667804718018,1.6199227571487427,88.8436111111111,0.74,2,2,92.23935185185184,0.7247961759567261,20.760426,71.897865,0.2199,2.11216057671441
5KPE_2_2_2_combined_id5,1.1654032468795776,1.3703982830047607,87.56435185185185,0.72,2,2,92.23935185185184,0.7247961759567261,20.760426,71.897865,0.2195,2.1334650958025896
5KPE_2_2_2_combined_id6,1.2003735303878784,1.2385441064834595,90.20222222222222,0.78,2,2,92.23935185185184,0.7247961759567261,20.760426,71.897865,0.228,2.04059742115162
5KPE_2_2_2_combined_id7,1.3675178289413452,1.1010884046554565,89.80833333333331,0.76,2,2,92.23935185185184,0.7247961759567261,20.760426,71.897865,0.2073,1.999675468162254
5KPE_2_2_2_combined_id8,1.0932388305664062,1.5102159976959229,88.5950925925926,0.75,2,2,92.23935185185184,0.7247961759567261,20.760426,71.897865,0.2167,1.813375826235171
5KPE_2_2_2_combined_id9,1.2211216688156128,1.4170955419540405,89.13981481481481,0.74,2,2,92.23935185185184,0.7247961759567261,20.760426,71.897865,0.2203,2.180135373716001
5KPE_2_2_3_combined_id1,1.4838335514068604,1.4382312297821045,88.54398148148147,0.75,2,2,90.62250000000002,0.909903883934021,21.133627,71.355736,0.2173,2.0799937778049045
5KPE_2_2_3_combined_id10,1.5191706418991089,1.50760817527771,89.45768518518516,0.77,2,2,90.62250000000002,0.909903883934021,21.133627,71.355736,0.224,2.2579720108597368
5KPE_2_2_3_combined_id11,1.3754429817199707,1.059383749961853,91.91370370370372,0.79,2,2,90.62250000000002,0.909903883934021,21.133627,71.355736,0.2272,1.9825928299515336
5KPE_2_2_3_combined_id12,1.1729867458343506,1.399071216583252,89.94194444444446,0.77,2,2,90.62250000000002,0.909903883934021,21.133627,71.355736,0.2247,2.1057554174352577
5KPE_2_2_3_combined_id13,1.191862940788269,1.3865790367126465,89.31944444444444,0.77,2,2,90.62250000000002,0.909903883934021,21.133627,71.355736,0.2125,2.398753978587963
5KPE_2_2_3_combined_id14,1.3602299690246582,1.1404062509536743,91.46287037037035,0.8,2,2,90.62250000000002,0.909903883934021,21.133627,71.355736,0.2582,1.9051296092845773
5KPE_2_2_3_combined_id15,1.1518174409866333,1.5176645517349243,94.09222222222222,0.84,2,2,90.62250000000002,0.909903883934021,21.133627,71.355736,0.2168,2.182453014232494
5KPE_2_2_3_combined_id16,1.7412774562835693,1.1281707286834717,84.95666666666666,0.71,2,2,90.62250000000002,0.909903883934021,21.133627,71.355736,0.2074,1.999499003092448
5KPE_2_2_3_combined_id17,1.1852658987045288,1.1279122829437256,90.9999074074074,0.78,2,2,90.62250000000002,0.909903883934021,21.133627,71.355736,0.2372,1.989604949951172
5KPE_2_2_3_combined_id18,1.5764731168746948,1.1283352375030518,91.17342592592593,0.78,2,2,90.62250000000002,0.909903883934021,21.133627,71.355736,0.2456,1.9919861687554248
5KPE_2_2_3_combined_id19,1.1579567193984985,1.3317307233810425,92.44111111111113,0.83,2,2,90.62250000000002,0.909903883934021,21.133627,71.355736,0.2205,2.5125890661168984
5KPE_2_2_3_combined_id2,1.142500638961792,1.56846284866333,93.30305555555556,0.82,2,2,90.62250000000002,0.909903883934021,21.133627,71.355736,0.2325,2.087428622775608
5KPE_2_2_3_combined_id20,1.7698372602462769,1.2305911779403687,89.1723148148148,0.76,2,2,90.62250000000002,0.909903883934021,21.133627,71.355736,0.2427,1.9185386940285007
5KPE_2_2_3_combined_id21,1.4672741889953613,1.306113839149475,92.12935185185188,0.8,2,2,90.62250000000002,0.909903883934021,21.133627,71.355736,0.2096,2.202665540907118
5KPE_2_2_3_combined_id22,1.5040000677108765,1.0477073192596436,86.70250000000003,0.71,2,2,90.62250000000002,0.909903883934021,21.133627,71.355736,0.2357,1.8254934240270544
5KPE_2_2_3_combined_id23,1.8216453790664673,0.9670681357383728,91.11935185185185,0.79,2,2,90.62250000000002,0.909903883934021,21.133627,71.355736,0.2273,2.0253454137731484
5KPE_2_2_3_combined_id24,11.574010848999023,11.271203994750977,84.22212962962963,0.66,2,2,90.62250000000002,0.909903883934021,21.133627,71.355736,0.2326,2.1720343695746527
5KPE_2_2_3_combined_id3,11.199748039245605,10.89074420928955,85.60601851851852,0.65,2,2,90.62250000000002,0.909903883934021,21.133627,71.355736,0.2546,1.9297972785102
5KPE_2_2_3_combined_id4,1.4323134422302246,1.251237154006958,88.94564814814815,0.76,2,2,90.62250000000002,0.909903883934021,21.133627,71.355736,0.224,2.122802593089916
5KPE_2_2_3_combined_id5,1.5207080841064453,1.0483230352401733,90.3698148148148,0.77,2,2,90.62250000000002,0.909903883934021,21.133627,71.355736,0.2331,2.063542118778935
5KPE_2_2_3_combined_id6,1.3470994234085083,1.1481612920761108,91.60777777777778,0.78,2,2,90.62250000000002,0.909903883934021,21.133627,71.355736,0.2131,2.1021315963179976
5KPE_2_2_3_combined_id7,1.414687156677246,1.2303509712219238,89.10064814814814,0.73,2,2,90.62250000000002,0.909903883934021,21.133627,71.355736,0.2366,2.1083772447374134
5KPE_2_2_3_combined_id8,1.6834723949432373,2.1464879512786865,90.64157407407409,0.76,2,2,90.62250000000002,0.909903883934021,21.133627,71.355736,0.2314,1.9995066324869792
5KPE_2_2_3_combined_id9,1.381429672241211,1.0700781345367432,90.20407407407409,0.77,2,2,90.62250000000002,0.909903883934021,21.133627,71.355736,0.2277,1.9572900842737269
5KPE_2_2_5_combined_id1,1.6151357889175415,1.3004595041275024,93.33814814814814,0.82,2,2,92.53296296296296,0.8385143280029297,20.67701,68.1722,0.2125,2.1626664620858653
5KPE_2_2_5_combined_id10,1.2436294555664062,1.5433059930801392,91.8409259259259,0.78,2,2,92.53296296296296,0.8385143280029297,20.67701,68.1722,0.2112,2.1799279672128185
5KPE_2_2_5_combined_id11,1.2080254554748535,1.719173789024353,92.67138888888891,0.81,2,2,92.53296296296296,0.8385143280029297,20.67701,68.1722,0.2197,2.5730231956199363
5KPE_2_2_5_combined_id12,0.9575786590576172,1.6748414039611816,92.29379629629628,0.81,2,2,92.53296296296296,0.8385143280029297,20.67701,68.1722,0.2151,2.6532654938874423
5KPE_2_2_5_combined_id13,1.1001428365707397,1.5355583429336548,90.0436111111111,0.75,2,2,92.53296296296296,0.8385143280029297,20.67701,68.1722,0.2014,2.362805543122468
5KPE_2_2_5_combined_id14,1.525089144706726,1.3095462322235107,88.95490740740742,0.76,2,2,92.53296296296296,0.8385143280029297,20.67701,68.1722,0.2235,2.2313704314055265
5KPE_2_2_5_combined_id15,0.9124128222465515,1.6517342329025269,91.33564814814817,0.78,2,2,92.53296296296296,0.8385143280029297,20.67701,68.1722,0.2213,2.417038811577691
5KPE_2_2_5_combined_id16,1.003736972808838,1.67666757106781,89.4350925925926,0.74,2,2,92.53296296296296,0.8385143280029297,20.67701,68.1722,0.1992,2.395454689308449
5KPE_2_2_5_combined_id17,1.345314383506775,1.2070437669754028,90.9521296296296,0.78,2,2,92.53296296296296,0.8385143280029297,20.67701,68.1722,0.2125,2.441166630497685
5KPE_2_2_5_combined_id18,1.525455117225647,1.3495575189590454,91.95981481481482,0.79,2,2,92.53296296296296,0.8385143280029297,20.67701,68.1722,0.2109,2.0663380093044705
5KPE_2_2_5_combined_id19,10.908466339111328,11.092290878295898,74.11037037037038,0.57,2,2,92.53296296296296,0.8385143280029297,20.67701,68.1722,0.2252,2.097243414984809
5KPE_2_2_5_combined_id2,1.4245219230651855,1.1619887351989746,88.07824074074072,0.72,2,2,92.53296296296296,0.8385143280029297,20.67701,68.1722,0.2239,1.9554759837962965
5KPE_2_2_5_combined_id20,1.2804263830184937,1.3666236400604248,90.57111111111114,0.76,2,2,92.53296296296296,0.8385143280029297,20.67701,68.1722,0.2245,2.032702128092448
5KPE_2_2_5_combined_id21,1.2737135887145996,1.381333589553833,92.35055555555554,0.78,2,2,92.53296296296296,0.8385143280029297,20.67701,68.1722,0.2261,2.028574625651041
5KPE_2_2_5_combined_id22,1.3129476308822632,1.4338128566741943,90.92222222222225,0.77,2,2,92.53296296296296,0.8385143280029297,20.67701,68.1722,0.2279,2.1828188013147423
5KPE_2_2_5_combined_id23,1.308736801147461,1.4386305809020996,90.70037037037036,0.79,2,2,92.53296296296296,0.8385143280029297,20.67701,68.1722,0.2319,2.1349272551359952
5KPE_2_2_5_combined_id24,1.371453046798706,1.477750301361084,94.19435185185186,0.84,2,2,92.53296296296296,0.8385143280029297,20.67701,68.1722,0.2244,2.2855182223849826
5KPE_2_2_5_combined_id3,1.378987193107605,1.439540147781372,90.88842592592592,0.79,2,2,92.53296296296296,0.8385143280029297,20.67701,68.1722,0.2153,2.290034541377315
5KPE_2_2_5_combined_id4,1.4188436269760132,1.4255675077438354,94.1525,0.83,2,2,92.53296296296296,0.8385143280029297,20.67701,68.1722,0.2049,2.193628099229601
5KPE_2_2_5_combined_id5,1.5408711433410645,1.5015913248062134,91.21398148148148,0.79,2,2,92.53296296296296,0.8385143280029297,20.67701,68.1722,0.2004,2.253684432418258
5KPE_2_2_5_combined_id6,1.357253909111023,1.3315327167510986,90.97666666666665,0.78,2,2,92.53296296296296,0.8385143280029297,20.67701,68.1722,0.2025,2.4759962293836804
5KPE_2_2_5_combined_id7,9.399372100830078,9.557459831237793,81.76814814814816,0.71,2,2,92.53296296296296,0.8385143280029297,20.67701,68.1722,0.2286,2.2048192907262734
5KPE_2_2_5_combined_id8,1.3426655530929565,1.3645111322402954,89.42990740740741,0.76,2,2,92.53296296296296,0.8385143280029297,20.67701,68.1722,0.2269,2.2069180806477866
5KPE_2_2_5_combined_id9,1.3019312620162964,1.434276819229126,91.06074074074073,0.79,2,2,92.53296296296296,0.8385143280029297,20.67701,68.1722,0.2214,2.172772442853009
5KPE_2_2_6_combined_id1,1.689489483833313,1.3252320289611816,93.7072222222222,0.82,2,2,93.75148148148148,0.8996102213859558,20.985851,70.200714,0.2234,2.168248211895978
5KPE_2_2_6_combined_id10,1.5747343301773071,1.1378886699676514,90.66453703703704,0.78,2,2,93.75148148148148,0.8996102213859558,20.985851,70.200714,0.2215,2.5601153903537326
5KPE_2_2_6_combined_id11,1.626587986946106,1.188903570175171,87.13907407407407,0.73,2,2,93.75148148148148,0.8996102213859558,20.985851,70.200714,0.2118,2.2869340402108653
5KPE_2_2_6_combined_id12,1.561224102973938,1.2399418354034424,88.80083333333333,0.73,2,2,93.75148148148148,0.8996102213859558,20.985851,70.200714,0.2211,2.5378389711733216
5KPE_2_2_6_combined_id13,1.4644107818603516,1.3987655639648438,85.8239814814815,0.72,2,2,93.75148148148148,0.8996102213859558,20.985851,70.200714,0.1974,2.121723457618996
5KPE_2_2_6_combined_id14,1.4981849193572998,1.39876127243042,90.91981481481484,0.78,2,2,93.75148148148148,0.8996102213859558,20.985851,70.200714,0.2112,2.202892444751881
5KPE_2_2_6_combined_id15,1.315435767173767,1.1549649238586426,89.10685185185186,0.75,2,2,93.75148148148148,0.8996102213859558,20.985851,70.200714,0.2144,2.223769576461226
5KPE_2_2_6_combined_id16,1.6716221570968628,1.2497491836547852,93.5112037037037,0.83,2,2,93.75148148148148,0.8996102213859558,20.985851,70.200714,0.2228,2.3912378946940103
5KPE_2_2_6_combined_id17,1.2773622274398804,1.4205143451690674,86.8863888888889,0.7,2,2,93.75148148148148,0.8996102213859558,20.985851,70.200714,0.2068,2.558344240541812
5KPE_2_2_6_combined_id18,1.382832407951355,1.1691887378692627,92.185462962963,0.79,2,2,93.75148148148148,0.8996102213859558,20.985851,70.200714,0.2078,2.509920473451968
5KPE_2_2_6_combined_id19,1.361167550086975,1.4741860628128052,91.0023148148148,0.82,2,2,93.75148148148148,0.8996102213859558,20.985851,70.200714,0.232,2.207599639892578
5KPE_2_2_6_combined_id2,1.4968516826629639,1.1438912153244019,88.16527777777776,0.74,2,2,93.75148148148148,0.8996102213859558,20.985851,70.200714,0.2067,2.4268244990596064
5KPE_2_2_6_combined_id20,2.439969301223755,2.001594066619873,75.10888888888888,0.62,2,2,93.75148148148148,0.8996102213859558,20.985851,70.200714,0.2118,2.129409083613643
5KPE_2_2_6_combined_id21,1.416731357574463,1.2562843561172485,90.39046296296294,0.76,2,2,93.75148148148148,0.8996102213859558,20.985851,70.200714,0.2119,2.5411051997432
5KPE_2_2_6_combined_id22,1.2890536785125732,1.3146157264709473,91.25333333333336,0.79,2,2,93.75148148148148,0.8996102213859558,20.985851,70.200714,0.2142,2.249640570746528
5KPE_2_2_6_combined_id23,1.6341865062713623,1.422035813331604,92.01370370370374,0.8,2,2,93.75148148148148,0.8996102213859558,20.985851,70.200714,0.2291,2.254149825484664
5KPE_2_2_6_combined_id24,1.3159797191619873,0.9123442769050598,87.3273148148148,0.72,2,2,93.75148148148148,0.8996102213859558,20.985851,70.200714,0.2021,2.3555740073875144
5KPE_2_2_6_combined_id3,1.686828851699829,1.5857813358306885,84.9822222222222,0.72,2,2,93.75148148148148,0.8996102213859558,20.985851,70.200714,0.2077,2.2347574587221497
5KPE_2_2_6_combined_id4,1.4002543687820435,1.167951226234436,89.11814814814815,0.77,2,2,93.75148148148148,0.8996102213859558,20.985851,70.200714,0.2031,2.2522382382993347
5KPE_2_2_6_combined_id5,1.6894148588180542,1.220699667930603,90.91870370370371,0.78,2,2,93.75148148148148,0.8996102213859558,20.985851,70.200714,0.2045,2.074704770688657
5KPE_2_2_6_combined_id6,1.6437448263168335,1.1859610080718994,88.42120370370372,0.77,2,2,93.75148148148148,0.8996102213859558,20.985851,70.200714,0.2059,2.5088876794885704
5KPE_2_2_6_combined_id7,1.5621528625488281,1.393134355545044,86.06481481481481,0.66,2,2,93.75148148148148,0.8996102213859558,20.985851,70.200714,0.2106,2.351024203830295
5KPE_2_2_6_combined_id8,1.4948809146881104,1.3312815427780151,92.3485185185185,0.8,2,2,93.75148148148148,0.8996102213859558,20.985851,70.200714,0.2224,2.384839093243634
5KPE_2_2_6_combined_id9,1.4419351816177368,1.1720126867294312,88.97796296296293,0.73,2,2,93.75148148148148,0.8996102213859558,20.985851,70.200714,0.2063,2.253551200584129
5KPE_2_2_7_combined_id1,1.4212995767593384,1.5622867345809937,91.00953703703703,0.79,2,2,87.78296296296296,0.7020296454429626,21.243507,71.84392,0.2264,2.450182879412616
5KPE_2_2_7_combined_id10,1.0292867422103882,1.4548206329345703,92.83916666666666,0.82,2,2,87.78296296296296,0.7020296454429626,21.243507,71.84392,0.2189,2.83053786666305
5KPE_2_2_7_combined_id11,1.3801372051239014,1.2011054754257202,87.60907407407409,0.7,2,2,87.78296296296296,0.7020296454429626,21.243507,71.84392,0.2366,2.1801264727557146
5KPE_2_2_7_combined_id12,1.6157028675079346,1.4423613548278809,90.75638888888888,0.79,2,2,87.78296296296296,0.7020296454429626,21.243507,71.84392,0.2342,2.160343452736184
5KPE_2_2_7_combined_id13,1.6663328409194946,1.0599762201309204,89.96148148148147,0.77,2,2,87.78296296296296,0.7020296454429626,21.243507,71.84392,0.2155,2.144774825484664
5KPE_2_2_7_combined_id14,1.4450105428695679,1.742648959159851,90.31648148148147,0.77,2,2,87.78296296296296,0.7020296454429626,21.243507,71.84392,0.2143,2.4908289026331016
5KPE_2_2_7_combined_id15,1.186286449432373,1.1732507944107056,87.62379629629629,0.73,2,2,87.78296296296296,0.7020296454429626,21.243507,71.84392,0.2076,2.5773835358796298
5KPE_2_2_7_combined_id16,1.3655425310134888,0.9320752620697021,91.50583333333331,0.77,2,2,87.78296296296296,0.7020296454429626,21.243507,71.84392,0.2363,2.4120570995189525
5KPE_2_2_7_combined_id17,1.3173789978027344,1.7295801639556885,89.52555555555554,0.77,2,2,87.78296296296296,0.7020296454429626,21.243507,71.84392,0.2367,2.0703921847873263
5KPE_2_2_7_combined_id18,1.4915131330490112,0.8948318958282471,86.50074074074075,0.73,2,2,87.78296296296296,0.7020296454429626,21.243507,71.84392,0.2232,2.068810639558015
5KPE_2_2_7_combined_id19,1.1764159202575684,1.3059353828430176,87.52935185185184,0.7,2,2,87.78296296296296,0.7020296454429626,21.243507,71.84392,0.2,2.765266701027199
5KPE_2_2_7_combined_id2,1.2979902029037476,1.437425971031189,94.27925925925928,0.84,2,2,87.78296296296296,0.7020296454429626,21.243507,71.84392,0.2238,2.2346408985279225
5KPE_2_2_7_combined_id20,1.1953463554382324,1.4858782291412354,92.27768518518518,0.8,2,2,87.78296296296296,0.7020296454429626,21.243507,71.84392,0.22,2.077220492892795
5KPE_2_2_7_combined_id21,1.5192795991897583,1.4068288803100586,82.70953703703702,0.69,2,2,87.78296296296296,0.7020296454429626,21.243507,71.84392,0.2348,2.3124721668384693
5KPE_2_2_7_combined_id22,1.4015812873840332,1.5126945972442627,88.27240740740741,0.75,2,2,87.78296296296296,0.7020296454429626,21.243507,71.84392,0.2258,2.3226389001916954
5KPE_2_2_7_combined_id23,1.2168742418289185,1.2616219520568848,91.48277777777776,0.8,2,2,87.78296296296296,0.7020296454429626,21.243507,71.84392,0.2197,2.407269513165509
5KPE_2_2_7_combined_id24,1.2159520387649536,1.3207101821899414,89.58999999999999,0.75,2,2,87.78296296296296,0.7020296454429626,21.243507,71.84392,0.2139,2.2656052200882524
5KPE_2_2_7_combined_id3,1.1911488771438599,1.3917590379714966,87.28787037037038,0.69,2,2,87.78296296296296,0.7020296454429626,21.243507,71.84392,0.242,2.258134064850984
5KPE_2_2_7_combined_id4,1.4570088386535645,1.5137624740600586,89.37824074074072,0.79,2,2,87.78296296296296,0.7020296454429626,21.243507,71.84392,0.2145,2.415393688060619
5KPE_2_2_7_combined_id5,1.1708139181137085,1.7234076261520386,90.96388888888887,0.79,2,2,87.78296296296296,0.7020296454429626,21.243507,71.84392,0.2059,2.4936890778718173
5KPE_2_2_7_combined_id6,2.063089609146118,2.6433069705963135,89.35388888888889,0.74,2,2,87.78296296296296,0.7020296454429626,21.243507,71.84392,0.2181,2.2391673900462963
5KPE_2_2_7_combined_id7,1.446077823638916,1.2473981380462646,90.6549074074074,0.76,2,2,87.78296296296296,0.7020296454429626,21.243507,71.84392,0.2328,2.4233794035734952
5KPE_2_2_7_combined_id8,1.3371915817260742,1.493781566619873,88.4312037037037,0.73,2,2,87.78296296296296,0.7020296454429626,21.243507,71.84392,0.2221,2.3821213333695024
5KPE_2_2_7_combined_id9,1.3510223627090454,1.484796404838562,87.11787037037037,0.72,2,2,87.78296296296296,0.7020296454429626,21.243507,71.84392,0.21,2.724629154911748
5KPE_2_2_8_combined_id1,1.1273605823516846,0.9739409685134888,91.25555555555556,0.77,2,2,89.0903703703704,0.8381054997444153,21.046297,68.51644,0.225,2.0980485986780235
5KPE_2_2_8_combined_id10,1.331695318222046,1.2217875719070435,83.92037037037038,0.68,2,2,89.0903703703704,0.8381054997444153,21.046297,68.51644,0.2051,2.0910366199634693
5KPE_2_2_8_combined_id11,1.6074174642562866,1.9323725700378418,87.2538888888889,0.73,2,2,89.0903703703704,0.8381054997444153,21.046297,68.51644,0.2258,2.084185847529658
5KPE_2_2_8_combined_id12,1.9192570447921753,1.0512604713439941,91.56194444444444,0.79,2,2,89.0903703703704,0.8381054997444153,21.046297,68.51644,0.235,1.878432238543475
5KPE_2_2_8_combined_id13,1.0530674457550049,1.2761589288711548,90.08870370370371,0.77,2,2,89.0903703703704,0.8381054997444153,21.046297,68.51644,0.2274,2.156044288917824
5KPE_2_2_8_combined_id14,1.710167407989502,1.2277954816818237,80.8897222222222,0.63,2,2,89.0903703703704,0.8381054997444153,21.046297,68.51644,0.2266,1.9903071368182148
5KPE_2_2_8_combined_id15,1.4910887479782104,1.2315300703048706,87.56268518518517,0.74,2,2,89.0903703703704,0.8381054997444153,21.046297,68.51644,0.2111,2.22541187427662
5KPE_2_2_8_combined_id16,1.472505807876587,1.2085357904434204,87.20231481481481,0.71,2,2,89.0903703703704,0.8381054997444153,21.046297,68.51644,0.232,2.03526532208478
5KPE_2_2_8_combined_id17,1.176609992980957,1.2927707433700562,90.51824074074077,0.78,2,2,89.0903703703704,0.8381054997444153,21.046297,68.51644,0.221,2.208523503056279
5KPE_2_2_8_combined_id18,1.5996586084365845,1.1279627084732056,88.47212962962963,0.78,2,2,89.0903703703704,0.8381054997444153,21.046297,68.51644,0.2169,2.4378396493417247
5KPE_2_2_8_combined_id19,1.4939837455749512,1.0634983777999878,88.90916666666665,0.75,2,2,89.0903703703704,0.8381054997444153,21.046297,68.51644,0.2427,2.08248124299226
5KPE_2_2_8_combined_id2,1.441983938217163,1.1310621500015259,88.18481481481483,0.73,2,2,89.0903703703704,0.8381054997444153,21.046297,68.51644,0.2241,2.3888541327582464
5KPE_2_2_8_combined_id20,1.7784191370010376,0.9760488867759705,85.58249999999998,0.72,2,2,89.0903703703704,0.8381054997444153,21.046297,68.51644,0.223,2.3382966783311634
5KPE_2_2_8_combined_id21,1.749346375465393,1.4101319313049316,88.60462962962963,0.75,2,2,89.0903703703704,0.8381054997444153,21.046297,68.51644,0.2378,2.0963893466525607
5KPE_2_2_8_combined_id22,1.7246381044387817,1.2065728902816772,88.4625,0.77,2,2,89.0903703703704,0.8381054997444153,21.046297,68.51644,0.1984,2.152730023419416
5KPE_2_2_8_combined_id23,1.4599299430847168,1.166475534439087,91.78620370370368,0.79,2,2,89.0903703703704,0.8381054997444153,21.046297,68.51644,0.2141,2.1447806181731046
5KPE_2_2_8_combined_id24,1.420933723449707,1.2013275623321533,89.02083333333333,0.77,2,2,89.0903703703704,0.8381054997444153,21.046297,68.51644,0.2109,2.397487499095776
5KPE_2_2_8_combined_id3,1.7006442546844482,1.7689392566680908,85.45101851851852,0.67,2,2,89.0903703703704,0.8381054997444153,21.046297,68.51644,0.2057,2.4204672354239003
5KPE_2_2_8_combined_id4,1.729410171508789,1.0599623918533325,83.92657407407407,0.71,2,2,89.0903703703704,0.8381054997444153,21.046297,68.51644,0.2115,2.0130708482530384
5KPE_2_2_8_combined_id5,1.4903478622436523,1.2276283502578735,85.28972222222222,0.72,2,2,89.0903703703704,0.8381054997444153,21.046297,68.51644,0.2275,2.1111922087492765
5KPE_2_2_8_combined_id6,1.3942983150482178,2.017085313796997,89.20212962962962,0.75,2,2,89.0903703703704,0.8381054997444153,21.046297,68.51644,0.2101,2.28014486807364
5KPE_2_2_8_combined_id7,1.3274766206741333,1.3672643899917603,89.80138888888888,0.77,2,2,89.0903703703704,0.8381054997444153,21.046297,68.51644,0.2166,1.9975851553457755
5KPE_2_2_8_combined_id8,1.302361011505127,1.353389859199524,88.07990740740742,0.73,2,2,89.0903703703704,0.8381054997444153,21.046297,68.51644,0.2337,2.243229618778935
5KPE_2_2_8_combined_id9,1.6356961727142334,1.1589674949645996,86.64425925925929,0.71,2,2,89.0903703703704,0.8381054997444153,21.046297,68.51644,0.2196,2.170270142731843
5KPE_2_2_9_combined_id1,1.5531398057937622,1.5432441234588623,92.45074074074076,0.83,2,2,90.62657407407409,0.8550860285758972,20.472088,69.20877,0.2173,2.569895143862124
5KPE_2_2_9_combined_id10,1.2341041564941406,1.5097438097000122,94.81203703703704,0.83,2,2,90.62657407407409,0.8550860285758972,20.472088,69.20877,0.2282,2.109550617359303
5KPE_2_2_9_combined_id11,1.2154072523117065,1.6743751764297485,86.08046296296295,0.7,2,2,90.62657407407409,0.8550860285758972,20.472088,69.20877,0.2126,2.207681020100912
5KPE_2_2_9_combined_id12,1.0528682470321655,1.196118950843811,88.94175925925927,0.73,2,2,90.62657407407409,0.8550860285758972,20.472088,69.20877,0.2077,2.4440686261212385
5KPE_2_2_9_combined_id13,1.1669121980667114,1.3121780157089233,88.425,0.73,2,2,90.62657407407409,0.8550860285758972,20.472088,69.20877,0.2005,2.275231255425348
5KPE_2_2_9_combined_id14,1.3451240062713623,1.3379679918289185,90.34731481481482,0.77,2,2,90.62657407407409,0.8550860285758972,20.472088,69.20877,0.1987,2.566239533600984
5KPE_2_2_9_combined_id15,1.5461232662200928,1.5174269676208496,88.16018518518521,0.74,2,2,90.62657407407409,0.8550860285758972,20.472088,69.20877,0.2035,2.229570459436488
5KPE_2_2_9_combined_id16,1.1873703002929688,1.3422306776046753,88.89074074074072,0.74,2,2,90.62657407407409,0.8550860285758972,20.472088,69.20877,0.2109,2.1753401579680265
5KPE_2_2_9_combined_id17,1.1509393453598022,1.3576549291610718,89.8962037037037,0.71,2,2,90.62657407407409,0.8550860285758972,20.472088,69.20877,0.2286,2.536368193449797
5KPE_2_2_9_combined_id18,1.5258636474609375,1.6027684211730957,89.01268518518519,0.75,2,2,90.62657407407409,0.8550860285758972,20.472088,69.20877,0.2139,2.3018486588089555
5KPE_2_2_9_combined_id19,1.3438993692398071,1.349280595779419,90.52305555555556,0.81,2,2,90.62657407407409,0.8550860285758972,20.472088,69.20877,0.2221,2.237306100350839
5KPE_2_2_9_combined_id2,1.1317983865737915,1.705199122428894,86.6975925925926,0.72,2,2,90.62657407407409,0.8550860285758972,20.472088,69.20877,0.22,1.973747112132885
5KPE_2_2_9_combined_id20,11.479647636413574,11.015007972717285,79.27555555555554,0.6,2,2,90.62657407407409,0.8550860285758972,20.472088,69.20877,0.2168,2.220778288664641
5KPE_2_2_9_combined_id21,1.1705873012542725,1.5868713855743408,90.40777777777778,0.78,2,2,90.62657407407409,0.8550860285758972,20.472088,69.20877,0.2243,2.118704054090712
5KPE_2_2_9_combined_id22,1.1111397743225098,1.6982008218765259,90.1363888888889,0.76,2,2,90.62657407407409,0.8550860285758972,20.472088,69.20877,0.2164,2.211304841218172
5KPE_2_2_9_combined_id23,1.3391594886779785,1.6141232252120972,89.42722222222221,0.76,2,2,90.62657407407409,0.8550860285758972,20.472088,69.20877,0.1881,2.493127045808015
5KPE_2_2_9_combined_id24,1.3100519180297852,1.1888856887817383,86.38361111111111,0.7,2,2,90.62657407407409,0.8550860285758972,20.472088,69.20877,0.203,2.1736662122938366
5KPE_2_2_9_combined_id3,1.5983715057373047,1.3335466384887695,91.10351851851853,0.78,2,2,90.62657407407409,0.8550860285758972,20.472088,69.20877,0.2126,2.1099520082826966
5KPE_2_2_9_combined_id4,2.0075571537017822,1.6501655578613281,79.74296296296295,0.6,2,2,90.62657407407409,0.8550860285758972,20.472088,69.20877,0.2095,2.2580744425455728
5KPE_2_2_9_combined_id5,11.236083984375,10.926005363464355,81.04537037037036,0.6,2,2,90.62657407407409,0.8550860285758972,20.472088,69.20877,0.2179,2.2657621878164784
5KPE_2_2_9_combined_id6,1.0333439111709595,1.4176768064498901,89.62018518518518,0.76,2,2,90.62657407407409,0.8550860285758972,20.472088,69.20877,0.1954,2.3098202458134405
5KPE_2_2_9_combined_id7,11.00139331817627,11.007364273071289,81.89074074074072,0.68,2,2,90.62657407407409,0.8550860285758972,20.472088,69.20877,0.2349,2.15426833541305
5KPE_2_2_9_combined_id8,1.4389474391937256,1.317275881767273,92.50083333333332,0.8,2,2,90.62657407407409,0.8550860285758972,20.472088,69.20877,0.2132,2.064734141031901
5KPE_2_2_9_combined_id9,1.408410906791687,1.679870367050171,88.53166666666668,0.74,2,2,90.62657407407409,0.8550860285758972,20.472088,69.20877,0.2057,2.389777289496528
5KPE_2_4_0_combined_id1,1.0600885152816772,1.5200659036636353,88.95398148148148,0.73,2,4,89.2187037037037,0.7731134295463562,20.626726,70.6633,0.2034,2.2772974084924766
5KPE_2_4_0_combined_id10,1.2043828964233398,1.5768083333969116,86.7046296296296,0.69,2,4,89.2187037037037,0.7731134295463562,20.626726,70.6633,0.2164,2.18893955371998
5KPE_2_4_0_combined_id11,1.5348089933395386,1.9426206350326538,80.19074074074075,0.65,2,4,89.2187037037037,0.7731134295463562,20.626726,70.6633,0.2247,2.0808626810709634
5KPE_2_4_0_combined_id12,1.3276216983795166,1.4372071027755737,91.62861111111113,0.78,2,4,89.2187037037037,0.7731134295463562,20.626726,70.6633,0.2167,2.1911209954155817
5KPE_2_4_0_combined_id13,1.5070611238479614,1.5409599542617798,87.49564814814818,0.74,2,4,89.2187037037037,0.7731134295463562,20.626726,70.6633,0.2278,2.1679643701623985
5KPE_2_4_0_combined_id14,1.3494117259979248,1.4346988201141357,91.16824074074071,0.8,2,4,89.2187037037037,0.7731134295463562,20.626726,70.6633,0.2327,2.1772672865125866
5KPE_2_4_0_combined_id15,1.737631916999817,1.2883234024047852,88.55351851851853,0.76,2,4,89.2187037037037,0.7731134295463562,20.626726,70.6633,0.2072,2.030631736472801
5KPE_2_4_0_combined_id16,1.4521058797836304,2.1495206356048584,91.9225925925926,0.83,2,4,89.2187037037037,0.7731134295463562,20.626726,70.6633,0.2147,2.485978585702401
5KPE_2_4_0_combined_id17,0.9675292372703552,1.566888689994812,85.26916666666668,0.67,2,4,89.2187037037037,0.7731134295463562,20.626726,70.6633,0.2129,2.2465718587239585
5KPE_2_4_0_combined_id18,1.1324180364608765,1.5312016010284424,87.4626851851852,0.73,2,4,89.2187037037037,0.7731134295463562,20.626726,70.6633,0.2228,1.9893448441116897
5KPE_2_4_0_combined_id19,1.2007745504379272,1.7871226072311401,92.17425925925929,0.79,2,4,89.2187037037037,0.7731134295463562,20.626726,70.6633,0.2121,2.33706212926794
5KPE_2_4_0_combined_id2,1.3237698078155518,2.0842201709747314,89.07787037037033,0.73,2,4,89.2187037037037,0.7731134295463562,20.626726,70.6633,0.2169,2.2584463048864296
5KPE_2_4_0_combined_id20,1.205273985862732,1.2709037065505981,89.37416666666667,0.75,2,4,89.2187037037037,0.7731134295463562,20.626726,70.6633,0.2166,2.2200834486219616
5KPE_2_4_0_combined_id22,1.2405387163162231,1.4385416507720947,89.19546296296295,0.78,2,4,89.2187037037037,0.7731134295463562,20.626726,70.6633,0.2111,2.155928435149016
5KPE_2_4_0_combined_id23,1.890809416770935,1.2616629600524902,82.66925925925926,0.7,2,4,89.2187037037037,0.7731134295463562,20.626726,70.6633,0.2105,2.036821718569155
5KPE_2_4_0_combined_id24,1.5705111026763916,1.7564022541046143,85.49018518518517,0.66,2,4,89.2187037037037,0.7731134295463562,20.626726,70.6633,0.2241,2.067181622540509
5KPE_2_4_0_combined_id3,1.1333445310592651,1.667778730392456,89.56064814814815,0.76,2,4,89.2187037037037,0.7731134295463562,20.626726,70.6633,0.2114,2.3925272623697915
5KPE_2_4_0_combined_id4,1.5542148351669312,1.4814913272857666,88.97333333333334,0.79,2,4,89.2187037037037,0.7731134295463562,20.626726,70.6633,0.2013,2.255168632224754
5KPE_2_4_0_combined_id5,1.3724151849746704,1.5144805908203125,88.11657407407405,0.73,2,4,89.2187037037037,0.7731134295463562,20.626726,70.6633,0.2084,2.086454885977286
5KPE_2_4_0_combined_id6,1.4848220348358154,1.2067945003509521,81.55,0.65,2,4,89.2187037037037,0.7731134295463562,20.626726,70.6633,0.1971,2.129746331108941
5KPE_2_4_0_combined_id7,1.2909334897994995,1.9053367376327515,88.98509259259262,0.73,2,4,89.2187037037037,0.7731134295463562,20.626726,70.6633,0.228,2.2613742969654225
5KPE_2_4_0_combined_id8,1.5843713283538818,1.3093185424804688,86.12962962962963,0.73,2,4,89.2187037037037,0.7731134295463562,20.626726,70.6633,0.1919,2.2610366256148726
5KPE_2_4_0_combined_id9,10.694196701049805,10.330500602722168,81.76092592592592,0.64,2,4,89.2187037037037,0.7731134295463562,20.626726,70.6633,0.2199,1.984482659233941
5KPE_2_4_1_combined_id1,1.1053869724273682,1.8625041246414185,89.54740740740742,0.74,2,4,87.99240740740743,0.9228609800338744,20.047535,70.46342,0.1932,2.497123435691551
5KPE_2_4_1_combined_id10,8.025014877319336,9.065070152282715,77.15055555555556,0.62,2,4,87.99240740740743,0.9228609800338744,20.047535,70.46342,0.2058,2.335139521846065
5KPE_2_4_1_combined_id11,1.2435446977615356,2.0696280002593994,91.49685185185184,0.8,2,4,87.99240740740743,0.9228609800338744,20.047535,70.46342,0.2233,2.2451129489474826
5KPE_2_4_1_combined_id12,1.2653783559799194,1.7007983922958374,88.28953703703702,0.76,2,4,87.99240740740743,0.9228609800338744,20.047535,70.46342,0.2278,2.280287566008391
5KPE_2_4_1_combined_id13,1.2917428016662598,2.0124435424804688,92.06675925925926,0.83,2,4,87.99240740740743,0.9228609800338744,20.047535,70.46342,0.2018,2.33848147922092
5KPE_2_4_1_combined_id14,1.2979681491851807,1.7364031076431274,90.3812962962963,0.8,2,4,87.99240740740743,0.9228609800338744,20.047535,70.46342,0.2163,2.5522918701171875
5KPE_2_4_1_combined_id15,1.184798240661621,1.601710557937622,87.17166666666665,0.72,2,4,87.99240740740743,0.9228609800338744,20.047535,70.46342,0.2164,2.257627699110243
5KPE_2_4_1_combined_id16,10.895513534545898,10.897192001342773,84.64287037037037,0.73,2,4,87.99240740740743,0.9228609800338744,20.047535,70.46342,0.2368,2.0730018615722656
5KPE_2_4_1_combined_id17,1.1940735578536987,1.873566746711731,88.83481481481482,0.76,2,4,87.99240740740743,0.9228609800338744,20.047535,70.46342,0.2291,2.118450023509838
5KPE_2_4_1_combined_id18,1.458402395248413,1.2932919263839722,91.26453703703702,0.78,2,4,87.99240740740743,0.9228609800338744,20.047535,70.46342,0.2002,2.393433182327836
5KPE_2_4_1_combined_id19,1.2576887607574463,1.8640844821929932,88.59527777777777,0.76,2,4,87.99240740740743,0.9228609800338744,20.047535,70.46342,0.226,2.2036955091688366
5KPE_2_4_1_combined_id2,1.357984185218811,1.6403909921646118,91.17231481481484,0.78,2,4,87.99240740740743,0.9228609800338744,20.047535,70.46342,0.2064,2.326558148419416
5KPE_2_4_1_combined_id20,11.27714729309082,11.10253620147705,88.43657407407409,0.76,2,4,87.99240740740743,0.9228609800338744,20.047535,70.46342,0.2294,2.225661383734809
5KPE_2_4_1_combined_id21,1.438531517982483,1.4422619342803955,90.31277777777775,0.77,2,4,87.99240740740743,0.9228609800338744,20.047535,70.46342,0.2185,2.469398781105324
5KPE_2_4_1_combined_id22,1.4539474248886108,1.514448642730713,87.20768518518517,0.72,2,4,87.99240740740743,0.9228609800338744,20.047535,70.46342,0.2135,2.2959663956253618
5KPE_2_4_1_combined_id23,11.675559997558594,11.379616737365723,79.75018518518519,0.56,2,4,87.99240740740743,0.9228609800338744,20.047535,70.46342,0.2032,2.317630343967014
5KPE_2_4_1_combined_id24,1.1781790256500244,1.4242267608642578,89.01787037037037,0.71,2,4,87.99240740740743,0.9228609800338744,20.047535,70.46342,0.2079,2.509017944335937
5KPE_2_4_1_combined_id3,8.021780014038086,8.202240943908691,81.0925,0.68,2,4,87.99240740740743,0.9228609800338744,20.047535,70.46342,0.2232,2.196974860297309
5KPE_2_4_1_combined_id4,1.662843942642212,1.5752981901168823,87.11157407407408,0.72,2,4,87.99240740740743,0.9228609800338744,20.047535,70.46342,0.2077,2.521237973813657
5KPE_2_4_1_combined_id5,1.3031290769577026,1.484207272529602,89.26694444444443,0.76,2,4,87.99240740740743,0.9228609800338744,20.047535,70.46342,0.2163,2.4006565235279225
5KPE_2_4_1_combined_id6,1.2674784660339355,1.7625409364700317,92.62814814814816,0.82,2,4,87.99240740740743,0.9228609800338744,20.047535,70.46342,0.1967,2.545662773980035
5KPE_2_4_1_combined_id7,1.325853943824768,1.5339064598083496,88.75583333333333,0.75,2,4,87.99240740740743,0.9228609800338744,20.047535,70.46342,0.2177,2.287104006166812
5KPE_2_4_1_combined_id8,1.366602897644043,1.7169609069824219,91.12259259259255,0.78,2,4,87.99240740740743,0.9228609800338744,20.047535,70.46342,0.2204,2.3121551231101707
5KPE_2_4_1_combined_id9,1.154752254486084,1.4209753274917603,90.98962962962962,0.79,2,4,87.99240740740743,0.9228609800338744,20.047535,70.46342,0.2031,2.623540242513021
5KPE_2_4_2_combined_id1,1.1060839891433716,1.596511721611023,90.74583333333332,0.81,2,4,92.45472222222224,0.7858667373657227,20.542744,73.10283,0.2009,2.2960035536024304
5KPE_2_4_2_combined_id10,1.216007947921753,1.8021620512008667,89.67064814814815,0.81,2,4,92.45472222222224,0.7858667373657227,20.542744,73.10283,0.199,2.4558503892686634
5KPE_2_4_2_combined_id11,1.262966513633728,1.8150817155838013,94.10712962962964,0.85,2,4,92.45472222222224,0.7858667373657227,20.542744,73.10283,0.2,2.487142492223669
5KPE_2_4_2_combined_id12,1.2009636163711548,2.105400323867798,93.31268518518516,0.81,2,4,92.45472222222224,0.7858667373657227,20.542744,73.10283,0.2056,2.4481938680013022
5KPE_2_4_2_combined_id13,1.1640294790267944,1.6577978134155273,89.4463888888889,0.74,2,4,92.45472222222224,0.7858667373657227,20.542744,73.10283,0.2202,2.2454151577419705
5KPE_2_4_2_combined_id14,1.1992712020874023,1.6116937398910522,90.25685185185183,0.8,2,4,92.45472222222224,0.7858667373657227,20.542744,73.10283,0.2,2.498446146647136
5KPE_2_4_2_combined_id15,1.0168637037277222,1.6037437915802002,92.2200925925926,0.83,2,4,92.45472222222224,0.7858667373657227,20.542744,73.10283,0.1999,2.2284422980414496
5KPE_2_4_2_combined_id16,1.2968206405639648,1.8612948656082153,92.5537962962963,0.81,2,4,92.45472222222224,0.7858667373657227,20.542744,73.10283,0.2002,2.139636852123119
5KPE_2_4_2_combined_id17,1.3113397359848022,1.5851753950119019,94.3177777777778,0.83,2,4,92.45472222222224,0.7858667373657227,20.542744,73.10283,0.2007,2.270979987250434
5KPE_2_4_2_combined_id18,1.1041454076766968,1.1347692012786865,90.1426851851852,0.78,2,4,92.45472222222224,0.7858667373657227,20.542744,73.10283,0.2084,2.554573624222367
5KPE_2_4_2_combined_id19,1.1847774982452393,1.4949710369110107,90.72407407407408,0.81,2,4,92.45472222222224,0.7858667373657227,20.542744,73.10283,0.2054,2.411491111472801
5KPE_2_4_2_combined_id2,1.1417163610458374,1.5371729135513306,93.5950925925926,0.82,2,4,92.45472222222224,0.7858667373657227,20.542744,73.10283,0.2159,2.3219847502531827
5KPE_2_4_2_combined_id20,1.1266145706176758,1.5312323570251465,92.46685185185186,0.82,2,4,92.45472222222224,0.7858667373657227,20.542744,73.10283,0.2209,2.0939093695746527
5KPE_2_4_2_combined_id21,1.2811436653137207,1.7950105667114258,89.82537037037036,0.77,2,4,92.45472222222224,0.7858667373657227,20.542744,73.10283,0.2249,2.3163364551685475
5KPE_2_4_2_combined_id22,1.3406785726547241,1.7563891410827637,92.5551851851852,0.79,2,4,92.45472222222224,0.7858667373657227,20.542744,73.10283,0.2094,2.160021746600116
5KPE_2_4_2_combined_id23,1.2581214904785156,1.3050332069396973,93.1097222222222,0.85,2,4,92.45472222222224,0.7858667373657227,20.542744,73.10283,0.2079,2.514855561433015
5KPE_2_4_2_combined_id24,1.187428593635559,1.541444182395935,93.2887962962963,0.82,2,4,92.45472222222224,0.7858667373657227,20.542744,73.10283,0.2117,2.659436261212384
5KPE_2_4_2_combined_id3,1.1145726442337036,1.757057547569275,91.94333333333334,0.82,2,4,92.45472222222224,0.7858667373657227,20.542744,73.10283,0.2075,2.4827332673249423
5KPE_2_4_2_combined_id4,11.128778457641602,11.003570556640625,78.31083333333333,0.6,2,4,92.45472222222224,0.7858667373657227,20.542744,73.10283,0.2096,2.2650793570059315
5KPE_2_4_2_combined_id5,10.185220718383789,9.803543090820312,74.56824074074073,0.55,2,4,92.45472222222224,0.7858667373657227,20.542744,73.10283,0.2141,2.184222186053241
5KPE_2_4_2_combined_id6,10.991547584533691,10.627114295959473,85.23574074074077,0.64,2,4,92.45472222222224,0.7858667373657227,20.542744,73.10283,0.2282,2.1210955867060908
5KPE_2_4_2_combined_id7,1.305984377861023,1.431090235710144,87.1575,0.72,2,4,92.45472222222224,0.7858667373657227,20.542744,73.10283,0.2103,2.285220675998264
5KPE_2_4_2_combined_id8,1.0880348682403564,1.6841427087783813,92.05037037037036,0.8,2,4,92.45472222222224,0.7858667373657227,20.542744,73.10283,0.2137,2.352034674750434
5KPE_2_4_2_combined_id9,1.1871943473815918,1.8662840127944946,88.97129629629632,0.76,2,4,92.45472222222224,0.7858667373657227,20.542744,73.10283,0.2232,2.1663602193196616
5KPE_2_4_3_combined_id1,1.8398452997207642,1.6210472583770752,93.2061111111111,0.83,2,4,88.78694444444444,0.932142436504364,20.28594,71.2938,0.2288,2.1764725579155817
5KPE_2_4_3_combined_id10,1.4132328033447266,1.4761241674423218,90.74703703703702,0.79,2,4,88.78694444444444,0.932142436504364,20.28594,71.2938,0.2239,2.2997038099500866
5KPE_2_4_3_combined_id11,0.9743224382400513,1.8780980110168457,92.28601851851852,0.8,2,4,88.78694444444444,0.932142436504364,20.28594,71.2938,0.2139,2.49395497639974
5KPE_2_4_3_combined_id12,1.4321792125701904,1.6568959951400757,89.03990740740743,0.75,2,4,88.78694444444444,0.932142436504364,20.28594,71.2938,0.2411,2.150224897596571
5KPE_2_4_3_combined_id13,1.405927062034607,1.9224390983581543,91.96759259259258,0.81,2,4,88.78694444444444,0.932142436504364,20.28594,71.2938,0.221,2.252217186821832
5KPE_2_4_3_combined_id14,1.6797974109649658,1.9406383037567139,85.52175925925927,0.73,2,4,88.78694444444444,0.932142436504364,20.28594,71.2938,0.2253,2.3565405386465565
5KPE_2_4_3_combined_id15,1.14322030544281,1.7618411779403687,90.54592592592591,0.76,2,4,88.78694444444444,0.932142436504364,20.28594,71.2938,0.2142,2.5194953635886863
5KPE_2_4_3_combined_id16,1.8413010835647583,1.6471917629241943,88.12083333333334,0.75,2,4,88.78694444444444,0.932142436504364,20.28594,71.2938,0.2166,2.1253890991210938
5KPE_2_4_3_combined_id17,1.2462571859359741,1.6880412101745605,89.4285185185185,0.75,2,4,88.78694444444444,0.932142436504364,20.28594,71.2938,0.2268,2.1620955290617765
5KPE_2_4_3_combined_id18,1.2479355335235596,1.7411317825317383,92.22851851851853,0.79,2,4,88.78694444444444,0.932142436504364,20.28594,71.2938,0.2108,2.176221070466218
5KPE_2_4_3_combined_id19,1.3203150033950806,1.4786763191223145,89.24740740740742,0.77,2,4,88.78694444444444,0.932142436504364,20.28594,71.2938,0.2399,2.200153492115162
5KPE_2_4_3_combined_id2,1.1740577220916748,1.6186798810958862,89.08796296296296,0.74,2,4,88.78694444444444,0.932142436504364,20.28594,71.2938,0.219,2.162339104546441
5KPE_2_4_3_combined_id20,1.3840054273605347,1.6716665029525757,86.46657407407409,0.69,2,4,88.78694444444444,0.932142436504364,20.28594,71.2938,0.2228,2.1466745447229454
5KPE_2_4_3_combined_id21,1.242165207862854,1.1426833868026733,90.65287037037037,0.78,2,4,88.78694444444444,0.932142436504364,20.28594,71.2938,0.2175,2.359865259241175
5KPE_2_4_3_combined_id22,1.3158451318740845,1.6426022052764893,89.55675925925925,0.76,2,4,88.78694444444444,0.932142436504364,20.28594,71.2938,0.2292,2.106897989908854
5KPE_2_4_3_combined_id23,1.939940094947815,1.8123717308044434,87.2538888888889,0.74,2,4,88.78694444444444,0.932142436504364,20.28594,71.2938,0.2133,2.1513700132016784
5KPE_2_4_3_combined_id24,1.102112889289856,1.8364073038101196,92.11333333333332,0.78,2,4,88.78694444444444,0.932142436504364,20.28594,71.2938,0.2147,2.385658546730324
5KPE_2_4_3_combined_id3,10.836849212646484,10.964506149291992,71.84398148148146,0.56,2,4,88.78694444444444,0.932142436504364,20.28594,71.2938,0.2206,2.214302062988281
5KPE_2_4_3_combined_id4,1.3275114297866821,1.482221007347107,90.26129629629632,0.76,2,4,88.78694444444444,0.932142436504364,20.28594,71.2938,0.2153,2.400105794270833
5KPE_2_4_3_combined_id5,1.4219305515289307,1.2895219326019287,91.1898148148148,0.79,2,4,88.78694444444444,0.932142436504364,20.28594,71.2938,0.2138,2.241450557002315
5KPE_2_4_3_combined_id6,1.285180926322937,1.5792332887649536,88.63787037037036,0.76,2,4,88.78694444444444,0.932142436504364,20.28594,71.2938,0.1984,2.36048917417173
5KPE_2_4_3_combined_id7,1.2943556308746338,1.6568896770477295,88.93453703703705,0.76,2,4,88.78694444444444,0.932142436504364,20.28594,71.2938,0.2244,2.276556368227358
5KPE_2_4_3_combined_id8,1.2510582208633423,1.6880415678024292,89.15592592592591,0.73,2,4,88.78694444444444,0.932142436504364,20.28594,71.2938,0.2184,2.22023038510923
5KPE_2_4_3_combined_id9,9.931861877441406,9.820293426513672,86.3675,0.75,2,4,88.78694444444444,0.932142436504364,20.28594,71.2938,0.2223,2.2350825557002314
5KPE_2_4_4_combined_id1,1.2761996984481812,1.6455950736999512,88.74351851851851,0.71,2,4,93.8888888888889,0.6608914732933044,20.261219,74.18853,0.2039,2.468427022298177
5KPE_2_4_4_combined_id10,1.0878384113311768,1.7062760591506958,93.36435185185188,0.85,2,4,93.8888888888889,0.6608914732933044,20.261219,74.18853,0.2253,2.4538616604275174
5KPE_2_4_4_combined_id11,1.0923047065734863,1.3109205961227417,85.95444444444445,0.7,2,4,93.8888888888889,0.6608914732933044,20.261219,74.18853,0.2067,2.2802186188874423
5KPE_2_4_4_combined_id12,1.0959010124206543,1.6590479612350464,87.75777777777778,0.74,2,4,93.8888888888889,0.6608914732933044,20.261219,74.18853,0.1971,2.384952121310764
5KPE_2_4_4_combined_id13,1.1334278583526611,1.669801950454712,92.0425,0.8,2,4,93.8888888888889,0.6608914732933044,20.261219,74.18853,0.2004,2.544578269675926
5KPE_2_4_4_combined_id14,1.0780730247497559,1.6831542253494263,90.6597222222222,0.81,2,4,93.8888888888889,0.6608914732933044,20.261219,74.18853,0.2131,2.518010457356771
5KPE_2_4_4_combined_id15,1.1008999347686768,1.5830565690994263,87.48425925925928,0.76,2,4,93.8888888888889,0.6608914732933044,20.261219,74.18853,0.2173,2.451534695095486
5KPE_2_4_4_combined_id16,1.227020025253296,1.783386468887329,91.4612962962963,0.79,2,4,93.8888888888889,0.6608914732933044,20.261219,74.18853,0.2259,2.160719694914641
5KPE_2_4_4_combined_id17,1.055804967880249,1.7032663822174072,93.02833333333332,0.84,2,4,93.8888888888889,0.6608914732933044,20.261219,74.18853,0.2137,2.2313469780815973
5KPE_2_4_4_combined_id18,1.4636759757995605,1.4221831560134888,86.88157407407408,0.74,2,4,93.8888888888889,0.6608914732933044,20.261219,74.18853,0.2012,2.1817415025499134
5KPE_2_4_4_combined_id19,0.9917084574699402,1.7345564365386963,90.31129629629628,0.78,2,4,93.8888888888889,0.6608914732933044,20.261219,74.18853,0.2222,2.5882319697627314
5KPE_2_4_4_combined_id2,1.1801873445510864,1.7808963060379028,93.35666666666668,0.82,2,4,93.8888888888889,0.6608914732933044,20.261219,74.18853,0.2089,2.3701388041178384
5KPE_2_4_4_combined_id20,1.1406909227371216,1.9132455587387085,91.84398148148148,0.82,2,4,93.8888888888889,0.6608914732933044,20.261219,74.18853,0.2146,2.456363254123264
5KPE_2_4_4_combined_id21,1.331027865409851,1.317840814590454,89.26194444444445,0.75,2,4,93.8888888888889,0.6608914732933044,20.261219,74.18853,0.2204,2.248719674569589
5KPE_2_4_4_combined_id22,1.5725511312484741,1.1266963481903076,88.6773148148148,0.75,2,4,93.8888888888889,0.6608914732933044,20.261219,74.18853,0.2232,2.4429324114764177
5KPE_2_4_4_combined_id23,1.2203688621520996,1.415913462638855,91.06537037037036,0.79,2,4,93.8888888888889,0.6608914732933044,20.261219,74.18853,0.211,2.559576246473524
5KPE_2_4_4_combined_id24,1.51944100856781,1.5770378112792969,88.1325,0.73,2,4,93.8888888888889,0.6608914732933044,20.261219,74.18853,0.2161,2.172344914189092
5KPE_2_4_4_combined_id3,1.2156758308410645,1.6294137239456177,86.60472222222224,0.71,2,4,93.8888888888889,0.6608914732933044,20.261219,74.18853,0.2129,2.201341417100694
5KPE_2_4_4_combined_id4,1.1075557470321655,1.489088773727417,88.76092592592592,0.75,2,4,93.8888888888889,0.6608914732933044,20.261219,74.18853,0.2054,2.3897247314453125
5KPE_2_4_4_combined_id5,1.100325107574463,1.423890471458435,90.90027777777776,0.78,2,4,93.8888888888889,0.6608914732933044,20.261219,74.18853,0.2175,2.558168199327257
5KPE_2_4_4_combined_id6,1.0836191177368164,1.7318915128707886,93.12666666666668,0.81,2,4,93.8888888888889,0.6608914732933044,20.261219,74.18853,0.2237,2.5116616708261
5KPE_2_4_4_combined_id7,1.2816683053970337,1.7073490619659424,94.05509259259256,0.84,2,4,93.8888888888889,0.6608914732933044,20.261219,74.18853,0.2254,2.360220732512297
5KPE_2_4_4_combined_id8,1.1848725080490112,1.7034846544265747,91.45935185185186,0.81,2,4,93.8888888888889,0.6608914732933044,20.261219,74.18853,0.2185,2.239602548104745
5KPE_2_4_4_combined_id9,1.3736305236816406,1.5216201543807983,91.13824074074076,0.81,2,4,93.8888888888889,0.6608914732933044,20.261219,74.18853,0.2188,2.5519465693721064
5KPE_2_4_5_combined_id1,1.568591594696045,1.301396369934082,88.56296296296296,0.73,2,4,92.44444444444444,0.6355217099189758,20.829386,71.56292,0.214,2.419464959038629
5KPE_2_4_5_combined_id10,1.27895188331604,1.5526703596115112,93.93240740740738,0.83,2,4,92.44444444444444,0.6355217099189758,20.829386,71.56292,0.2143,2.5213227448640048
5KPE_2_4_5_combined_id11,1.4056384563446045,1.5704149007797241,91.59351851851852,0.79,2,4,92.44444444444444,0.6355217099189758,20.829386,71.56292,0.2259,2.198017826786748
5KPE_2_4_5_combined_id12,1.291049838066101,1.647383213043213,86.09648148148148,0.73,2,4,92.44444444444444,0.6355217099189758,20.829386,71.56292,0.2006,2.4887367531105324
5KPE_2_4_5_combined_id13,11.5858154296875,11.485486030578613,72.46851851851854,0.56,2,4,92.44444444444444,0.6355217099189758,20.829386,71.56292,0.2225,2.211571163601345
5KPE_2_4_5_combined_id14,10.838733673095703,10.482144355773926,79.08814814814815,0.58,2,4,92.44444444444444,0.6355217099189758,20.829386,71.56292,0.2365,2.423982125741464
5KPE_2_4_5_combined_id15,1.3331255912780762,1.2603511810302734,92.04037037037038,0.8,2,4,92.44444444444444,0.6355217099189758,20.829386,71.56292,0.2093,2.619231612594039
5KPE_2_4_5_combined_id16,1.6042789220809937,1.6394978761672974,90.25314814814811,0.78,2,4,92.44444444444444,0.6355217099189758,20.829386,71.56292,0.207,2.4291989361798323
5KPE_2_4_5_combined_id17,1.1978572607040405,1.6867185831069946,90.73425925925928,0.78,2,4,92.44444444444444,0.6355217099189758,20.829386,71.56292,0.2105,2.3853087248625577
5KPE_2_4_5_combined_id18,1.2298020124435425,1.6184055805206299,89.32435185185186,0.77,2,4,92.44444444444444,0.6355217099189758,20.829386,71.56292,0.2044,2.420508208098235
5KPE_2_4_5_combined_id19,1.2198586463928223,1.7701654434204102,94.03435185185184,0.84,2,4,92.44444444444444,0.6355217099189758,20.829386,71.56292,0.2004,2.5395479555483216
5KPE_2_4_5_combined_id2,11.025107383728027,10.788604736328125,78.24666666666664,0.59,2,4,92.44444444444444,0.6355217099189758,20.829386,71.56292,0.2102,2.134617699517144
5KPE_2_4_5_combined_id20,1.368198037147522,1.3186728954315186,90.2199074074074,0.76,2,4,92.44444444444444,0.6355217099189758,20.829386,71.56292,0.2014,2.403424298321759
5KPE_2_4_5_combined_id21,1.1895179748535156,1.526204228401184,93.32287037037035,0.82,2,4,92.44444444444444,0.6355217099189758,20.829386,71.56292,0.2156,2.560214289912471
5KPE_2_4_5_combined_id22,1.2825732231140137,1.8249801397323608,93.99814814814816,0.84,2,4,92.44444444444444,0.6355217099189758,20.829386,71.56292,0.2141,2.423180474175348
5KPE_2_4_5_combined_id23,11.066740989685059,10.867371559143066,83.56277777777778,0.69,2,4,92.44444444444444,0.6355217099189758,20.829386,71.56292,0.2138,2.360699123806424
5KPE_2_4_5_combined_id24,1.3751084804534912,1.2139207124710083,91.3387037037037,0.79,2,4,92.44444444444444,0.6355217099189758,20.829386,71.56292,0.2183,2.2875645955403647
5KPE_2_4_5_combined_id3,10.808916091918945,10.552958488464355,82.09768518518518,0.71,2,4,92.44444444444444,0.6355217099189758,20.829386,71.56292,0.2076,2.435427912959346
5KPE_2_4_5_combined_id4,1.4043117761611938,0.9883362054824829,87.18324074074071,0.71,2,4,92.44444444444444,0.6355217099189758,20.829386,71.56292,0.2148,2.318714424415871
5KPE_2_4_5_combined_id5,1.149510383605957,1.8268955945968628,93.24361111111112,0.81,2,4,92.44444444444444,0.6355217099189758,20.829386,71.56292,0.2254,2.45457684552228
5KPE_2_4_5_combined_id6,1.1122848987579346,1.6111927032470703,88.70027777777779,0.75,2,4,92.44444444444444,0.6355217099189758,20.829386,71.56292,0.2058,2.455906903302228
5KPE_2_4_5_combined_id7,1.0616644620895386,1.639665961265564,83.94712962962961,0.67,2,4,92.44444444444444,0.6355217099189758,20.829386,71.56292,0.189,2.3761381926359952
5KPE_2_4_5_combined_id8,6.0037031173706055,6.352723598480225,83.20981481481482,0.68,2,4,92.44444444444444,0.6355217099189758,20.829386,71.56292,0.2148,2.2685921280472368
5KPE_2_4_5_combined_id9,1.230568528175354,1.4018924236297607,94.58564814814817,0.84,2,4,92.44444444444444,0.6355217099189758,20.829386,71.56292,0.205,2.570595070167824
5KPE_2_4_6_combined_id1,1.4337704181671143,1.4037671089172363,86.12194444444445,0.71,2,4,91.50296296296295,0.8075770735740662,20.486292,68.78294,0.2004,2.3399581909179688
5KPE_2_4_6_combined_id10,1.2965161800384521,1.4244152307510376,91.90435185185184,0.78,2,4,91.50296296296295,0.8075770735740662,20.486292,68.78294,0.2094,2.1903618706597223
5KPE_2_4_6_combined_id11,1.289474606513977,1.6247202157974243,92.5027777777778,0.79,2,4,91.50296296296295,0.8075770735740662,20.486292,68.78294,0.2216,2.402425412778501
5KPE_2_4_6_combined_id12,1.100467324256897,1.5176399946212769,90.25944444444444,0.77,2,4,91.50296296296295,0.8075770735740662,20.486292,68.78294,0.2088,2.3773651123046875
5KPE_2_4_6_combined_id13,1.369727373123169,1.7034448385238647,94.82555555555555,0.84,2,4,91.50296296296295,0.8075770735740662,20.486292,68.78294,0.2168,2.577233491120515
5KPE_2_4_6_combined_id14,1.4093929529190063,1.5756975412368774,93.71537037037037,0.83,2,4,91.50296296296295,0.8075770735740662,20.486292,68.78294,0.2172,2.4281164098668984
5KPE_2_4_6_combined_id15,1.328468680381775,1.4919168949127197,94.08194444444445,0.83,2,4,91.50296296296295,0.8075770735740662,20.486292,68.78294,0.207,2.329028094256366
5KPE_2_4_6_combined_id16,1.1211508512496948,1.8382880687713623,86.18268518518519,0.68,2,4,91.50296296296295,0.8075770735740662,20.486292,68.78294,0.1955,2.44207763671875
5KPE_2_4_6_combined_id17,1.2746795415878296,1.6195688247680664,91.45370370370372,0.79,2,4,91.50296296296295,0.8075770735740662,20.486292,68.78294,0.2097,2.356553254304109
5KPE_2_4_6_combined_id18,1.2136025428771973,1.6471002101898193,91.68638888888889,0.78,2,4,91.50296296296295,0.8075770735740662,20.486292,68.78294,0.2164,2.372560571741175
5KPE_2_4_6_combined_id2,1.1718833446502686,1.5278688669204712,87.74018518518521,0.78,2,4,91.50296296296295,0.8075770735740662,20.486292,68.78294,0.2114,2.188783151132089
5KPE_2_4_6_combined_id20,1.3504056930541992,1.692987084388733,89.7850925925926,0.74,2,4,91.50296296296295,0.8075770735740662,20.486292,68.78294,0.1885,2.4679008766456887
5KPE_2_4_6_combined_id21,1.1107245683670044,1.9320424795150757,89.38796296296296,0.76,2,4,91.50296296296295,0.8075770735740662,20.486292,68.78294,0.1994,2.649522004304109
5KPE_2_4_6_combined_id22,1.1881024837493896,1.7889865636825562,94.99027777777776,0.85,2,4,91.50296296296295,0.8075770735740662,20.486292,68.78294,0.1959,2.5466218171296298
5KPE_2_4_6_combined_id23,1.4893251657485962,1.3609837293624878,88.59222222222222,0.81,2,4,91.50296296296295,0.8075770735740662,20.486292,68.78294,0.2102,2.2632952089662903
5KPE_2_4_6_combined_id24,1.3839432001113892,1.2212258577346802,89.05092592592591,0.76,2,4,91.50296296296295,0.8075770735740662,20.486292,68.78294,0.1966,2.1502547087492765
5KPE_2_4_6_combined_id3,1.3173881769180298,1.7964282035827637,92.32342592592592,0.8,2,4,91.50296296296295,0.8075770735740662,20.486292,68.78294,0.223,2.37963217276114
5KPE_2_4_6_combined_id4,1.225572109222412,1.622933030128479,89.71407407407408,0.74,2,4,91.50296296296295,0.8075770735740662,20.486292,68.78294,0.2014,2.2916635583948204
5KPE_2_4_6_combined_id5,1.2969224452972412,1.5660548210144043,91.3112037037037,0.8,2,4,91.50296296296295,0.8075770735740662,20.486292,68.78294,0.2,2.574917263454861
5KPE_2_4_6_combined_id6,1.2217944860458374,1.481679081916809,89.66490740740743,0.76,2,4,91.50296296296295,0.8075770735740662,20.486292,68.78294,0.2069,2.561772099247685
5KPE_2_4_6_combined_id8,1.8844168186187744,1.8543081283569336,92.04166666666669,0.81,2,4,91.50296296296295,0.8075770735740662,20.486292,68.78294,0.2032,2.784076831958912
5KPE_2_4_6_combined_id9,1.3234699964523315,1.6222745180130005,93.15666666666664,0.84,2,4,91.50296296296295,0.8075770735740662,20.486292,68.78294,0.1987,2.4456894486038774
5KPE_2_4_7_combined_id1,1.598416805267334,1.318772315979004,86.89925925925928,0.75,2,4,88.5575925925926,0.881048321723938,20.249235,72.36594,0.2094,2.1930419074164496
5KPE_2_4_7_combined_id10,1.5101516246795654,1.196817398071289,88.22055555555556,0.73,2,4,88.5575925925926,0.881048321723938,20.249235,72.36594,0.2068,2.226206179018374
5KPE_2_4_7_combined_id11,1.2963660955429077,1.2204999923706055,89.30898148148147,0.77,2,4,88.5575925925926,0.881048321723938,20.249235,72.36594,0.2021,2.164613511827257
5KPE_2_4_7_combined_id13,1.5833431482315063,1.156708002090454,92.6901851851852,0.83,2,4,88.5575925925926,0.881048321723938,20.249235,72.36594,0.2329,2.2207356205693
5KPE_2_4_7_combined_id14,2.093557357788086,2.156979560852051,83.56722222222223,0.67,2,4,88.5575925925926,0.881048321723938,20.249235,72.36594,0.207,2.1353896812156394
5KPE_2_4_7_combined_id15,1.1346759796142578,1.3509469032287598,87.4187962962963,0.71,2,4,88.5575925925926,0.881048321723938,20.249235,72.36594,0.1889,2.271743209273726
5KPE_2_4_7_combined_id16,11.22492504119873,10.693876266479492,84.97712962962963,0.72,2,4,88.5575925925926,0.881048321723938,20.249235,72.36594,0.2159,2.10166507297092
5KPE_2_4_7_combined_id17,1.0703144073486328,1.5214132070541382,89.65675925925926,0.75,2,4,88.5575925925926,0.881048321723938,20.249235,72.36594,0.2023,2.6411251491970487
5KPE_2_4_7_combined_id18,1.538493275642395,1.6335976123809814,87.09685185185184,0.74,2,4,88.5575925925926,0.881048321723938,20.249235,72.36594,0.1969,2.300283361364294
5KPE_2_4_7_combined_id2,1.8013616800308228,1.4316718578338623,87.16046296296297,0.73,2,4,88.5575925925926,0.881048321723938,20.249235,72.36594,0.2125,2.127808747468172
5KPE_2_4_7_combined_id20,1.2366430759429932,1.365059733390808,90.91851851851852,0.8,2,4,88.5575925925926,0.881048321723938,20.249235,72.36594,0.204,2.40483319317853
5KPE_2_4_7_combined_id21,2.447482109069824,2.3090083599090576,90.90166666666666,0.81,2,4,88.5575925925926,0.881048321723938,20.249235,72.36594,0.2021,2.358955242015697
5KPE_2_4_7_combined_id23,1.2186979055404663,1.615536093711853,91.00527777777776,0.78,2,4,88.5575925925926,0.881048321723938,20.249235,72.36594,0.2052,2.489368014865452
5KPE_2_4_7_combined_id24,1.3510278463363647,1.36546790599823,90.6426851851852,0.78,2,4,88.5575925925926,0.881048321723938,20.249235,72.36594,0.2227,2.432507832845052
5KPE_2_4_7_combined_id3,2.4148848056793213,2.1243934631347656,89.1249074074074,0.79,2,4,88.5575925925926,0.881048321723938,20.249235,72.36594,0.2047,1.9833930686668115
5KPE_2_4_7_combined_id4,1.3714569807052612,1.5487431287765503,90.08564814814817,0.81,2,4,88.5575925925926,0.881048321723938,20.249235,72.36594,0.2265,2.3123739737051503
5KPE_2_4_7_combined_id5,1.2799876928329468,1.3473892211914062,86.69777777777779,0.71,2,4,88.5575925925926,0.881048321723938,20.249235,72.36594,0.2067,2.1913209138093173
5KPE_2_4_7_combined_id6,1.7339752912521362,1.081924319267273,88.68351851851851,0.77,2,4,88.5575925925926,0.881048321723938,20.249235,72.36594,0.2203,2.2922337849934897
5KPE_2_4_7_combined_id7,1.3095247745513916,1.171465516090393,91.57037037037034,0.78,2,4,88.5575925925926,0.881048321723938,20.249235,72.36594,0.2181,2.5146473072193287
5KPE_2_4_7_combined_id8,1.2908915281295776,2.021754264831543,90.73231481481484,0.78,2,4,88.5575925925926,0.881048321723938,20.249235,72.36594,0.2061,2.8171559086552374
5KPE_2_4_7_combined_id9,1.78879714012146,1.2619086503982544,88.85361111111109,0.77,2,4,88.5575925925926,0.881048321723938,20.249235,72.36594,0.2056,2.2746830692997686
5KPE_2_4_8_combined_id1,1.342584252357483,1.5183141231536865,91.43064814814817,0.8,2,4,93.1924074074074,0.7743734121322632,20.842043,73.80071,0.2163,2.035911842628761
5KPE_2_4_8_combined_id10,1.312401294708252,1.4209914207458496,89.81601851851853,0.77,2,4,93.1924074074074,0.7743734121322632,20.842043,73.80071,0.2198,2.0152429651331016
5KPE_2_4_8_combined_id11,1.2713221311569214,1.2104066610336304,91.70268518518516,0.81,2,4,93.1924074074074,0.7743734121322632,20.842043,73.80071,0.2218,1.9846406159577543
5KPE_2_4_8_combined_id12,1.4791635274887085,1.1659531593322754,93.54351851851852,0.82,2,4,93.1924074074074,0.7743734121322632,20.842043,73.80071,0.2276,2.0506559301305702
5KPE_2_4_8_combined_id13,1.166325330734253,1.4784507751464844,90.7448148148148,0.79,2,4,93.1924074074074,0.7743734121322632,20.842043,73.80071,0.2478,2.059162705032914
5KPE_2_4_8_combined_id14,1.2711384296417236,1.3665454387664795,87.52101851851852,0.72,2,4,93.1924074074074,0.7743734121322632,20.842043,73.80071,0.2048,2.042074132848669
5KPE_2_4_8_combined_id15,1.5236878395080566,1.3498610258102417,90.1634259259259,0.8,2,4,93.1924074074074,0.7743734121322632,20.842043,73.80071,0.2065,2.158392164442274
5KPE_2_4_8_combined_id16,1.1576042175292969,1.4730669260025024,92.2415740740741,0.81,2,4,93.1924074074074,0.7743734121322632,20.842043,73.80071,0.205,2.376108240198206
5KPE_2_4_8_combined_id17,1.2273585796356201,1.5691183805465698,91.4278703703704,0.79,2,4,93.1924074074074,0.7743734121322632,20.842043,73.80071,0.2311,2.079803466796875
5KPE_2_4_8_combined_id18,1.1105116605758667,1.5099042654037476,91.01898148148148,0.76,2,4,93.1924074074074,0.7743734121322632,20.842043,73.80071,0.215,2.232759687635633
5KPE_2_4_8_combined_id19,1.870862603187561,1.332395315170288,87.1086111111111,0.76,2,4,93.1924074074074,0.7743734121322632,20.842043,73.80071,0.2253,1.9561215153446905
5KPE_2_4_8_combined_id2,1.4971708059310913,1.2202494144439697,91.12148148148148,0.79,2,4,93.1924074074074,0.7743734121322632,20.842043,73.80071,0.2222,1.9555313675491897
5KPE_2_4_8_combined_id20,1.4048645496368408,1.2503600120544434,91.56546296296298,0.8,2,4,93.1924074074074,0.7743734121322632,20.842043,73.80071,0.2335,1.8936612164532696
5KPE_2_4_8_combined_id22,1.4573835134506226,1.4710451364517212,91.74870370370373,0.77,2,4,93.1924074074074,0.7743734121322632,20.842043,73.80071,0.2091,1.8221263179072624
5KPE_2_4_8_combined_id23,1.1842095851898193,1.326271891593933,89.73740740740742,0.75,2,4,93.1924074074074,0.7743734121322632,20.842043,73.80071,0.2065,2.155003441704644
5KPE_2_4_8_combined_id24,1.2040748596191406,1.7068102359771729,90.63601851851853,0.79,2,4,93.1924074074074,0.7743734121322632,20.842043,73.80071,0.2279,2.120054880777994
5KPE_2_4_8_combined_id3,1.397670865058899,1.5345358848571777,89.94851851851854,0.79,2,4,93.1924074074074,0.7743734121322632,20.842043,73.80071,0.2305,2.0512398613823786
5KPE_2_4_8_combined_id4,1.4063321352005005,1.1700928211212158,89.79287037037038,0.76,2,4,93.1924074074074,0.7743734121322632,20.842043,73.80071,0.2112,2.1957682856807
5KPE_2_4_8_combined_id5,1.2848775386810303,1.3586033582687378,86.90212962962961,0.75,2,4,93.1924074074074,0.7743734121322632,20.842043,73.80071,0.2423,1.9703448260271992
5KPE_2_4_8_combined_id6,1.201043963432312,1.4424484968185425,89.16851851851851,0.76,2,4,93.1924074074074,0.7743734121322632,20.842043,73.80071,0.2151,2.24460290979456
5KPE_2_4_8_combined_id7,1.1955814361572266,1.52948796749115,89.81537037037039,0.75,2,4,93.1924074074074,0.7743734121322632,20.842043,73.80071,0.2014,1.9663378397623696
5KPE_2_4_8_combined_id8,1.34835946559906,1.5002996921539307,90.68824074074074,0.79,2,4,93.1924074074074,0.7743734121322632,20.842043,73.80071,0.2121,2.314907356544777
5KPE_2_4_8_combined_id9,1.4805645942687988,1.3669073581695557,88.07916666666667,0.76,2,4,93.1924074074074,0.7743734121322632,20.842043,73.80071,0.232,1.953744817663122
5KPE_2_4_9_combined_id1,1.6548885107040405,1.8323522806167603,82.59814814814816,0.72,2,4,89.6449074074074,0.8496029376983643,20.414982,72.49065,0.205,2.226149382414641
5KPE_2_4_9_combined_id10,1.5343735218048096,1.4987488985061646,87.89046296296296,0.73,2,4,89.6449074074074,0.8496029376983643,20.414982,72.49065,0.2239,2.183907402886285
5KPE_2_4_9_combined_id11,1.291582703590393,1.2536622285842896,89.62722222222222,0.75,2,4,89.6449074074074,0.8496029376983643,20.414982,72.49065,0.2049,2.1200199833622686
5KPE_2_4_9_combined_id12,1.4746954441070557,1.1222050189971924,90.2525925925926,0.77,2,4,89.6449074074074,0.8496029376983643,20.414982,72.49065,0.2242,2.035727889449508
5KPE_2_4_9_combined_id13,1.4177632331848145,1.415205717086792,90.445,0.78,2,4,89.6449074074074,0.8496029376983643,20.414982,72.49065,0.2204,2.171638630054616
5KPE_2_4_9_combined_id14,1.3093910217285156,1.2131401300430298,92.36777777777776,0.8,2,4,89.6449074074074,0.8496029376983643,20.414982,72.49065,0.2108,2.304814232720269
5KPE_2_4_9_combined_id15,10.331886291503906,10.980551719665527,79.75574074074075,0.63,2,4,89.6449074074074,0.8496029376983643,20.414982,72.49065,0.1885,2.2275529084382235
5KPE_2_4_9_combined_id16,1.3340896368026733,1.3220949172973633,90.0511111111111,0.75,2,4,89.6449074074074,0.8496029376983643,20.414982,72.49065,0.2075,2.1564194008156106
5KPE_2_4_9_combined_id17,1.5801583528518677,1.3053065538406372,89.10712962962964,0.76,2,4,89.6449074074074,0.8496029376983643,20.414982,72.49065,0.1985,2.14509102150246
5KPE_2_4_9_combined_id18,6.4334025382995605,6.6721296310424805,74.09537037037038,0.6,2,4,89.6449074074074,0.8496029376983643,20.414982,72.49065,0.219,2.1137627495659723
5KPE_2_4_9_combined_id19,1.3131749629974365,1.7375664710998535,91.69824074074076,0.81,2,4,89.6449074074074,0.8496029376983643,20.414982,72.49065,0.2253,1.9513606318721064
5KPE_2_4_9_combined_id2,5.6895318031311035,5.820408344268799,74.74981481481483,0.58,2,4,89.6449074074074,0.8496029376983643,20.414982,72.49065,0.2203,2.040853005868417
5KPE_2_4_9_combined_id20,1.336129069328308,1.3005427122116089,92.83666666666667,0.82,2,4,89.6449074074074,0.8496029376983643,20.414982,72.49065,0.2329,2.205889949092158
5KPE_2_4_9_combined_id21,8.765027046203613,8.758405685424805,74.15185185185186,0.58,2,4,89.6449074074074,0.8496029376983643,20.414982,72.49065,0.2121,2.222367887143736
5KPE_2_4_9_combined_id22,3.1797780990600586,3.182840585708618,83.42351851851852,0.72,2,4,89.6449074074074,0.8496029376983643,20.414982,72.49065,0.2066,2.1195551554361978
5KPE_2_4_9_combined_id23,1.1939829587936401,1.3734455108642578,93.55129629629631,0.85,2,4,89.6449074074074,0.8496029376983643,20.414982,72.49065,0.2207,2.207529703776041
5KPE_2_4_9_combined_id24,2.469893217086792,2.216994285583496,87.31638888888891,0.77,2,4,89.6449074074074,0.8496029376983643,20.414982,72.49065,0.2107,2.238934693513093
5KPE_2_4_9_combined_id3,1.67668879032135,1.3704737424850464,87.33305555555555,0.76,2,4,89.6449074074074,0.8496029376983643,20.414982,72.49065,0.2063,2.148251710114656
5KPE_2_4_9_combined_id4,1.498803973197937,1.15406334400177,90.59324074074075,0.77,2,4,89.6449074074074,0.8496029376983643,20.414982,72.49065,0.2049,2.2444551255967884
5KPE_2_4_9_combined_id5,1.2272653579711914,1.5918586254119873,92.58583333333335,0.85,2,4,89.6449074074074,0.8496029376983643,20.414982,72.49065,0.2043,2.3523936801486545
5KPE_2_4_9_combined_id6,1.287484884262085,1.6002532243728638,84.23444444444446,0.65,2,4,89.6449074074074,0.8496029376983643,20.414982,72.49065,0.2057,2.431031403718172
5KPE_2_4_9_combined_id7,1.3981066942214966,1.2609771490097046,87.29314814814816,0.72,2,4,89.6449074074074,0.8496029376983643,20.414982,72.49065,0.2088,2.187938548900463
5KPE_2_4_9_combined_id8,1.5385092496871948,1.2841105461120605,88.92277777777778,0.78,2,4,89.6449074074074,0.8496029376983643,20.414982,72.49065,0.1927,2.2408789175528065
5KPE_2_4_9_combined_id9,1.0975736379623413,1.5757884979248047,87.56324074074074,0.74,2,4,89.6449074074074,0.8496029376983643,20.414982,72.49065,0.2155,2.027681562635633
5KPE_2_6_0_combined_id1,1.1889277696609497,1.955356240272522,94.3912962962963,0.84,2,6,91.73064814814816,0.7915447354316711,20.073128,73.82496,0.2131,2.0982098049587674
5KPE_2_6_0_combined_id10,1.2869703769683838,1.5373307466506958,89.61509259259262,0.78,2,6,91.73064814814816,0.7915447354316711,20.073128,73.82496,0.1988,2.2499292161729603
5KPE_2_6_0_combined_id11,1.4653103351593018,1.6222543716430664,91.44101851851848,0.81,2,6,91.73064814814816,0.7915447354316711,20.073128,73.82496,0.2061,2.249107502124928
5KPE_2_6_0_combined_id12,1.1409919261932373,2.0074450969696045,90.8214814814815,0.78,2,6,91.73064814814816,0.7915447354316711,20.073128,73.82496,0.2081,2.212569484004268
5KPE_2_6_0_combined_id13,1.2194424867630005,1.8239105939865112,89.46925925925926,0.77,2,6,91.73064814814816,0.7915447354316711,20.073128,73.82496,0.1945,2.3475446347837097
5KPE_2_6_0_combined_id14,1.2843631505966187,1.3885918855667114,86.06685185185185,0.7,2,6,91.73064814814816,0.7915447354316711,20.073128,73.82496,0.1935,2.446560329861111
5KPE_2_6_0_combined_id15,1.319563627243042,1.6649984121322632,90.24185185185188,0.78,2,6,91.73064814814816,0.7915447354316711,20.073128,73.82496,0.2132,2.4972240306712963
5KPE_2_6_0_combined_id16,1.2007122039794922,2.206087827682495,94.70361111111112,0.84,2,6,91.73064814814816,0.7915447354316711,20.073128,73.82496,0.2134,2.4140653257016784
5KPE_2_6_0_combined_id17,1.6794580221176147,1.3722151517868042,90.5802777777778,0.79,2,6,91.73064814814816,0.7915447354316711,20.073128,73.82496,0.2041,2.0236579047309027
5KPE_2_6_0_combined_id19,1.1633167266845703,1.9305710792541504,88.76712962962965,0.74,2,6,91.73064814814816,0.7915447354316711,20.073128,73.82496,0.2191,2.3327478479456016
5KPE_2_6_0_combined_id2,1.2896867990493774,1.9640491008758545,85.09351851851852,0.7,2,6,91.73064814814816,0.7915447354316711,20.073128,73.82496,0.1948,2.187845583315249
5KPE_2_6_0_combined_id20,1.3374204635620117,1.762513279914856,86.02916666666668,0.71,2,6,91.73064814814816,0.7915447354316711,20.073128,73.82496,0.203,2.3366564997920283
5KPE_2_6_0_combined_id21,1.6909362077713013,1.7292739152908325,82.35759259259258,0.68,2,6,91.73064814814816,0.7915447354316711,20.073128,73.82496,0.2421,2.2884125886140048
5KPE_2_6_0_combined_id22,1.1259067058563232,1.6785038709640503,89.96092592592592,0.78,2,6,91.73064814814816,0.7915447354316711,20.073128,73.82496,0.2094,2.058900338632089
5KPE_2_6_0_combined_id23,1.4641900062561035,1.4595664739608765,88.74935185185184,0.71,2,6,91.73064814814816,0.7915447354316711,20.073128,73.82496,0.2231,1.971898961950232
5KPE_2_6_0_combined_id24,1.4728572368621826,1.623704195022583,89.00694444444444,0.75,2,6,91.73064814814816,0.7915447354316711,20.073128,73.82496,0.2048,2.2334493001302085
5KPE_2_6_0_combined_id3,0.9402076601982117,1.9517202377319336,88.4886111111111,0.71,2,6,91.73064814814816,0.7915447354316711,20.073128,73.82496,0.1944,2.46033364755136
5KPE_2_6_0_combined_id4,1.4238102436065674,1.596848726272583,90.29694444444443,0.78,2,6,91.73064814814816,0.7915447354316711,20.073128,73.82496,0.2231,2.2737435234917536
5KPE_2_6_0_combined_id5,1.3346339464187622,1.8821333646774292,86.40564814814815,0.7,2,6,91.73064814814816,0.7915447354316711,20.073128,73.82496,0.2038,2.0665000632957176
5KPE_2_6_0_combined_id6,1.453909993171692,1.6625940799713135,92.14287037037036,0.83,2,6,91.73064814814816,0.7915447354316711,20.073128,73.82496,0.2163,2.1908436527958624
5KPE_2_6_0_combined_id7,1.2967092990875244,1.8290438652038574,89.72444444444446,0.79,2,6,91.73064814814816,0.7915447354316711,20.073128,73.82496,0.2148,2.1014155635127314
5KPE_2_6_0_combined_id8,1.2607945203781128,1.593651294708252,90.19583333333334,0.76,2,6,91.73064814814816,0.7915447354316711,20.073128,73.82496,0.2215,1.9253921508789065
5KPE_2_6_0_combined_id9,1.778084635734558,1.2955214977264404,87.9799074074074,0.74,2,6,91.73064814814816,0.7915447354316711,20.073128,73.82496,0.2002,1.8854949386031536
5KPE_2_6_1_combined_id1,1.2604776620864868,1.7578781843185425,90.57185185185187,0.79,2,6,90.077962962963,1.013880729675293,20.4149,74.00362,0.2224,2.1849262096263744
5KPE_2_6_1_combined_id10,1.0213813781738281,1.894325852394104,91.05990740740742,0.8,2,6,90.077962962963,1.013880729675293,20.4149,74.00362,0.2145,2.382311503092448
5KPE_2_6_1_combined_id11,10.672002792358398,9.775142669677734,81.62148148148145,0.65,2,6,90.077962962963,1.013880729675293,20.4149,74.00362,0.2206,2.19344315705476
5KPE_2_6_1_combined_id12,1.2031383514404297,1.7573732137680054,89.76212962962963,0.77,2,6,90.077962962963,1.013880729675293,20.4149,74.00362,0.2106,2.305809727421513
5KPE_2_6_1_combined_id13,1.2004591226577759,1.311845302581787,89.8653703703704,0.76,2,6,90.077962962963,1.013880729675293,20.4149,74.00362,0.2105,2.33470125551577
5KPE_2_6_1_combined_id14,1.0996315479278564,1.918745756149292,89.14592592592592,0.75,2,6,90.077962962963,1.013880729675293,20.4149,74.00362,0.2108,2.299321351227937
5KPE_2_6_1_combined_id15,1.1447176933288574,2.0661978721618652,93.3162037037037,0.85,2,6,90.077962962963,1.013880729675293,20.4149,74.00362,0.236,2.3131095038519964
5KPE_2_6_1_combined_id16,0.9668564200401306,1.6700639724731445,89.61351851851853,0.75,2,6,90.077962962963,1.013880729675293,20.4149,74.00362,0.2304,2.3266559176974826
5KPE_2_6_1_combined_id17,1.3654628992080688,1.816884160041809,85.2662962962963,0.72,2,6,90.077962962963,1.013880729675293,20.4149,74.00362,0.2055,2.5792004620587385
5KPE_2_6_1_combined_id18,1.127916693687439,2.0585708618164062,90.63879629629626,0.77,2,6,90.077962962963,1.013880729675293,20.4149,74.00362,0.2325,2.170540421097367
5KPE_2_6_1_combined_id19,1.0030596256256104,1.916975975036621,93.39814814814817,0.84,2,6,90.077962962963,1.013880729675293,20.4149,74.00362,0.204,2.2567867702907987
5KPE_2_6_1_combined_id2,1.0384939908981323,1.7964359521865845,92.0998148148148,0.81,2,6,90.077962962963,1.013880729675293,20.4149,74.00362,0.2117,2.5512692486798323
5KPE_2_6_1_combined_id20,1.3208669424057007,1.929546594619751,87.31037037037036,0.72,2,6,90.077962962963,1.013880729675293,20.4149,74.00362,0.2125,2.360258596914786
5KPE_2_6_1_combined_id21,1.1247732639312744,1.8921940326690674,95.6449074074074,0.87,2,6,90.077962962963,1.013880729675293,20.4149,74.00362,0.2019,2.31955478809498
5KPE_2_6_1_combined_id22,1.0704461336135864,1.447601556777954,89.3336111111111,0.75,2,6,90.077962962963,1.013880729675293,20.4149,74.00362,0.2275,1.9558769508644387
5KPE_2_6_1_combined_id23,1.1399290561676025,1.9265644550323486,94.77777777777774,0.85,2,6,90.077962962963,1.013880729675293,20.4149,74.00362,0.2367,2.3201692369249134
5KPE_2_6_1_combined_id24,1.1611292362213135,1.8301726579666138,93.04111111111108,0.83,2,6,90.077962962963,1.013880729675293,20.4149,74.00362,0.2297,2.2692639386212385
5KPE_2_6_1_combined_id3,1.0827383995056152,1.9516960382461548,88.545,0.76,2,6,90.077962962963,1.013880729675293,20.4149,74.00362,0.2106,2.4948080557364003
5KPE_2_6_1_combined_id4,1.1469175815582275,1.8207978010177612,92.7789814814815,0.8,2,6,90.077962962963,1.013880729675293,20.4149,74.00362,0.2192,2.289013050220631
5KPE_2_6_1_combined_id5,1.2233651876449585,1.8354510068893433,92.57037037037038,0.82,2,6,90.077962962963,1.013880729675293,20.4149,74.00362,0.2262,2.6718150951244213
5KPE_2_6_1_combined_id6,1.1256393194198608,1.7648478746414185,94.1637037037037,0.84,2,6,90.077962962963,1.013880729675293,20.4149,74.00362,0.2246,2.13058669478805
5KPE_2_6_1_combined_id7,1.1137200593948364,1.8756974935531616,89.12092592592592,0.76,2,6,90.077962962963,1.013880729675293,20.4149,74.00362,0.2143,2.5191836886935763
5KPE_2_6_1_combined_id8,1.033992886543274,1.5303646326065063,89.97861111111112,0.79,2,6,90.077962962963,1.013880729675293,20.4149,74.00362,0.2064,2.2033462524414062
5KPE_2_6_1_combined_id9,1.304574966430664,1.458074927330017,83.24074074074076,0.7,2,6,90.077962962963,1.013880729675293,20.4149,74.00362,0.2033,2.404969957139757
5KPE_2_6_2_combined_id1,1.6013118028640747,1.7402619123458862,88.0982407407407,0.77,2,6,87.84740740740743,1.026914119720459,21.106106,74.888695,0.2061,2.3624309963650174
5KPE_2_6_2_combined_id10,1.1302632093429565,1.672142505645752,92.24305555555556,0.79,2,6,87.84740740740743,1.026914119720459,21.106106,74.888695,0.2029,2.4254692925347223
5KPE_2_6_2_combined_id11,1.1434762477874756,1.5992934703826904,84.87249999999997,0.68,2,6,87.84740740740743,1.026914119720459,21.106106,74.888695,0.1866,2.487521418818721
5KPE_2_6_2_combined_id12,1.2708321809768677,1.7131190299987793,88.73379629629629,0.76,2,6,87.84740740740743,1.026914119720459,21.106106,74.888695,0.2012,2.440087495026765
5KPE_2_6_2_combined_id13,1.0503406524658203,1.6830897331237793,92.30805555555554,0.78,2,6,87.84740740740743,1.026914119720459,21.106106,74.888695,0.2018,2.3293386388708046
5KPE_2_6_2_combined_id14,0.9752137064933777,1.7223478555679321,92.31453703703704,0.79,2,6,87.84740740740743,1.026914119720459,21.106106,74.888695,0.1947,2.4404833758318865
5KPE_2_6_2_combined_id15,2.1207094192504883,1.7560789585113525,84.12444444444445,0.73,2,6,87.84740740740743,1.026914119720459,21.106106,74.888695,0.2161,2.054710812038845
5KPE_2_6_2_combined_id16,1.2192769050598145,1.351440668106079,89.5697222222222,0.77,2,6,87.84740740740743,1.026914119720459,21.106106,74.888695,0.1947,2.50298168041088
5KPE_2_6_2_combined_id17,1.0963616371154785,1.790084719657898,88.90879629629627,0.75,2,6,87.84740740740743,1.026914119720459,21.106106,74.888695,0.1883,2.5872910111038774
5KPE_2_6_2_combined_id18,1.0099235773086548,1.7827068567276,92.75240740740745,0.79,2,6,87.84740740740743,1.026914119720459,21.106106,74.888695,0.2063,2.5667280974211515
5KPE_2_6_2_combined_id19,1.1479493379592896,1.8960421085357666,85.5977777777778,0.73,2,6,87.84740740740743,1.026914119720459,21.106106,74.888695,0.1994,2.4309573703342013
5KPE_2_6_2_combined_id2,1.8579286336898804,1.9524202346801758,85.21592592592593,0.7,2,6,87.84740740740743,1.026914119720459,21.106106,74.888695,0.1923,2.401709097403068
5KPE_2_6_2_combined_id20,1.0864462852478027,1.6710392236709595,93.13805555555555,0.83,2,6,87.84740740740743,1.026914119720459,21.106106,74.888695,0.1937,2.419354756673177
5KPE_2_6_2_combined_id21,1.2929718494415283,1.5411475896835327,95.09472222222225,0.85,2,6,87.84740740740743,1.026914119720459,21.106106,74.888695,0.2102,2.3382301330566406
5KPE_2_6_2_combined_id22,1.1976559162139893,1.5780771970748901,87.84981481481482,0.72,2,6,87.84740740740743,1.026914119720459,21.106106,74.888695,0.1966,2.40492926703559
5KPE_2_6_2_combined_id23,1.3093500137329102,1.954742670059204,84.2287962962963,0.67,2,6,87.84740740740743,1.026914119720459,21.106106,74.888695,0.2098,1.873760364673756
5KPE_2_6_2_combined_id24,0.9739407300949097,1.7786130905151367,88.30425925925927,0.71,2,6,87.84740740740743,1.026914119720459,21.106106,74.888695,0.1865,2.7185796101888022
5KPE_2_6_2_combined_id4,1.188802719116211,1.6096261739730835,90.7637962962963,0.78,2,6,87.84740740740743,1.026914119720459,21.106106,74.888695,0.2054,2.29772299307364
5KPE_2_6_2_combined_id5,1.2755653858184814,1.53638756275177,86.82666666666665,0.73,2,6,87.84740740740743,1.026914119720459,21.106106,74.888695,0.2087,2.7181034794560186
5KPE_2_6_2_combined_id6,1.4116675853729248,1.4988048076629639,84.43083333333334,0.72,2,6,87.84740740740743,1.026914119720459,21.106106,74.888695,0.2023,2.379100658275463
5KPE_2_6_2_combined_id7,1.4999276399612427,1.2112520933151245,87.37425925925928,0.71,2,6,87.84740740740743,1.026914119720459,21.106106,74.888695,0.1903,2.3153819331416376
5KPE_2_6_2_combined_id8,0.970108151435852,1.9444265365600586,93.3349074074074,0.79,2,6,87.84740740740743,1.026914119720459,21.106106,74.888695,0.1999,2.5408220644350403
5KPE_2_6_2_combined_id9,1.295138955116272,1.7117929458618164,92.3025,0.81,2,6,87.84740740740743,1.026914119720459,21.106106,74.888695,0.1902,2.361419395164208
5KPE_2_6_3_combined_id1,1.1945644617080688,1.801225185394287,88.88259259259259,0.74,2,6,91.47277777777778,0.7294094562530518,20.565151,70.961365,0.2041,2.3030228791413485
5KPE_2_6_3_combined_id10,1.3972350358963013,1.4379185438156128,87.63481481481479,0.77,2,6,91.47277777777778,0.7294094562530518,20.565151,70.961365,0.2078,2.091002852828414
5KPE_2_6_3_combined_id11,1.194283127784729,1.8216737508773804,90.31500000000004,0.79,2,6,91.47277777777778,0.7294094562530518,20.565151,70.961365,0.2047,2.3087967766655817
5KPE_2_6_3_combined_id12,1.0159549713134766,2.0709946155548096,92.22944444444444,0.81,2,6,91.47277777777778,0.7294094562530518,20.565151,70.961365,0.2202,2.5312172218605324
5KPE_2_6_3_combined_id13,1.3432950973510742,1.485740065574646,90.61620370370372,0.77,2,6,91.47277777777778,0.7294094562530518,20.565151,70.961365,0.2123,2.4210936934859664
5KPE_2_6_3_combined_id14,1.6220760345458984,1.3589030504226685,90.16574074074072,0.79,2,6,91.47277777777778,0.7294094562530518,20.565151,70.961365,0.2015,2.2949310585304543
5KPE_2_6_3_combined_id15,1.2540619373321533,1.3141889572143555,87.89481481481481,0.72,2,6,91.47277777777778,0.7294094562530518,20.565151,70.961365,0.1983,2.297886883770978
5KPE_2_6_3_combined_id17,0.9075263738632202,2.0020084381103516,92.04166666666669,0.8,2,6,91.47277777777778,0.7294094562530518,20.565151,70.961365,0.2073,2.523322211371528
5KPE_2_6_3_combined_id19,1.0031731128692627,2.0093348026275635,90.18157407407408,0.74,2,6,91.47277777777778,0.7294094562530518,20.565151,70.961365,0.197,2.5306789256908275
5KPE_2_6_3_combined_id2,1.1771353483200073,1.5688464641571045,84.71194444444444,0.68,2,6,91.47277777777778,0.7294094562530518,20.565151,70.961365,0.1876,2.3674600389268665
5KPE_2_6_3_combined_id20,1.0463131666183472,1.7332994937896729,89.75657407407407,0.77,2,6,91.47277777777778,0.7294094562530518,20.565151,70.961365,0.1982,2.3304846021864147
5KPE_2_6_3_combined_id21,1.3413496017456055,1.8452014923095703,90.94287037037036,0.78,2,6,91.47277777777778,0.7294094562530518,20.565151,70.961365,0.2218,2.192737720630787
5KPE_2_6_3_combined_id22,1.640858769416809,1.2808681726455688,90.43037037037035,0.79,2,6,91.47277777777778,0.7294094562530518,20.565151,70.961365,0.1928,2.3329426800763167
5KPE_2_6_3_combined_id23,1.3385324478149414,1.5936237573623657,82.25129629629629,0.67,2,6,91.47277777777778,0.7294094562530518,20.565151,70.961365,0.2028,2.219232629846644
5KPE_2_6_3_combined_id24,9.075154304504395,8.775259971618652,78.03703703703704,0.59,2,6,91.47277777777778,0.7294094562530518,20.565151,70.961365,0.221,2.264598422580295
5KPE_2_6_3_combined_id3,1.4652068614959717,1.795365810394287,87.55435185185185,0.74,2,6,91.47277777777778,0.7294094562530518,20.565151,70.961365,0.2076,2.2851524353027344
5KPE_2_6_3_combined_id4,1.3698303699493408,1.2695294618606567,86.0614814814815,0.7,2,6,91.47277777777778,0.7294094562530518,20.565151,70.961365,0.192,2.645912735550492
5KPE_2_6_3_combined_id5,1.7754298448562622,1.9461371898651123,83.42620370370369,0.67,2,6,91.47277777777778,0.7294094562530518,20.565151,70.961365,0.2076,2.1543122750741466
5KPE_2_6_3_combined_id6,1.4081059694290161,1.4581413269042969,89.22314814814814,0.74,2,6,91.47277777777778,0.7294094562530518,20.565151,70.961365,0.1975,2.301083317509404
5KPE_2_6_3_combined_id7,1.2445068359375,1.7968189716339111,90.0035185185185,0.76,2,6,91.47277777777778,0.7294094562530518,20.565151,70.961365,0.1967,2.460057859067564
5KPE_2_6_3_combined_id8,1.2218396663665771,1.704255223274231,87.56611111111113,0.74,2,6,91.47277777777778,0.7294094562530518,20.565151,70.961365,0.2127,2.4197172941984952
5KPE_2_6_3_combined_id9,1.2872134447097778,1.3943228721618652,88.32861111111109,0.76,2,6,91.47277777777778,0.7294094562530518,20.565151,70.961365,0.1957,2.3054187915943287
5KPE_2_6_4_combined_id1,1.1234322786331177,1.6499392986297607,90.67592592592592,0.76,2,6,85.8949074074074,1.349872589111328,20.939934,76.682724,0.1945,2.555683277271412
5KPE_2_6_4_combined_id10,1.4318513870239258,1.6199774742126465,90.02185185185186,0.8,2,6,85.8949074074074,1.349872589111328,20.939934,76.682724,0.2218,2.5300846806278936
5KPE_2_6_4_combined_id11,1.091840147972107,1.8533152341842651,94.25037037037036,0.85,2,6,85.8949074074074,1.349872589111328,20.939934,76.682724,0.1971,2.7295520923755787
5KPE_2_6_4_combined_id12,1.0053901672363281,1.8474276065826416,88.10009259259259,0.74,2,6,85.8949074074074,1.349872589111328,20.939934,76.682724,0.2027,2.5859112209743924
5KPE_2_6_4_combined_id13,1.0386189222335815,1.6720696687698364,91.4789814814815,0.81,2,6,85.8949074074074,1.349872589111328,20.939934,76.682724,0.1871,2.4374386822735823
5KPE_2_6_4_combined_id14,1.4834996461868286,1.5143595933914185,89.18166666666666,0.8,2,6,85.8949074074074,1.349872589111328,20.939934,76.682724,0.2025,2.3844369958948204
5KPE_2_6_4_combined_id16,1.0008816719055176,1.9365519285202026,90.42287037037038,0.77,2,6,85.8949074074074,1.349872589111328,20.939934,76.682724,0.2035,2.292345258924696
5KPE_2_6_4_combined_id17,2.1066110134124756,1.6081581115722656,85.6812962962963,0.72,2,6,85.8949074074074,1.349872589111328,20.939934,76.682724,0.2284,2.221783108181424
5KPE_2_6_4_combined_id18,1.211337924003601,1.390604853630066,93.5064814814815,0.82,2,6,85.8949074074074,1.349872589111328,20.939934,76.682724,0.2105,2.578855726453993
5KPE_2_6_4_combined_id19,1.3200247287750244,1.356982707977295,92.26416666666668,0.83,2,6,85.8949074074074,1.349872589111328,20.939934,76.682724,0.226,2.406340139883536
5KPE_2_6_4_combined_id2,1.131998896598816,1.7672520875930786,93.57694444444444,0.82,2,6,85.8949074074074,1.349872589111328,20.939934,76.682724,0.206,2.5318236174406827
5KPE_2_6_4_combined_id20,1.2544559240341187,1.817487120628357,89.3160185185185,0.79,2,6,85.8949074074074,1.349872589111328,20.939934,76.682724,0.1923,2.358884458188657
5KPE_2_6_4_combined_id21,11.143677711486816,11.07677173614502,76.94898148148148,0.61,2,6,85.8949074074074,1.349872589111328,20.939934,76.682724,0.2156,2.333664505570024
5KPE_2_6_4_combined_id22,8.261401176452637,9.103906631469727,77.6023148148148,0.63,2,6,85.8949074074074,1.349872589111328,20.939934,76.682724,0.214,2.187544646086516
5KPE_2_6_4_combined_id23,1.0405926704406738,1.8105100393295288,90.47398148148147,0.8,2,6,85.8949074074074,1.349872589111328,20.939934,76.682724,0.2227,2.4577323065863714
5KPE_2_6_4_combined_id24,0.9864731431007385,1.8201708793640137,85.6324074074074,0.68,2,6,85.8949074074074,1.349872589111328,20.939934,76.682724,0.2087,2.621569598162616
5KPE_2_6_4_combined_id3,1.1424459218978882,1.5417159795761108,89.3064814814815,0.76,2,6,85.8949074074074,1.349872589111328,20.939934,76.682724,0.2031,2.6547749837239585
5KPE_2_6_4_combined_id4,1.0112192630767822,1.6436922550201416,90.19740740740738,0.78,2,6,85.8949074074074,1.349872589111328,20.939934,76.682724,0.2034,2.3903446903935186
5KPE_2_6_4_combined_id5,1.3264186382293701,1.3681896924972534,90.70555555555556,0.8,2,6,85.8949074074074,1.349872589111328,20.939934,76.682724,0.1931,2.4587040653935186
5KPE_2_6_4_combined_id6,1.2245597839355469,1.6564046144485474,90.3438888888889,0.76,2,6,85.8949074074074,1.349872589111328,20.939934,76.682724,0.2145,2.351820769133391
5KPE_2_6_4_combined_id7,1.1799284219741821,1.7770293951034546,89.28444444444442,0.74,2,6,85.8949074074074,1.349872589111328,20.939934,76.682724,0.1984,2.335668351915148
5KPE_2_6_4_combined_id8,1.2135515213012695,1.6242945194244385,87.7061111111111,0.72,2,6,85.8949074074074,1.349872589111328,20.939934,76.682724,0.2042,2.287049328839337
5KPE_2_6_4_combined_id9,1.1389636993408203,1.6685826778411865,94.41064814814816,0.83,2,6,85.8949074074074,1.349872589111328,20.939934,76.682724,0.2137,2.4891719111689814
5KPE_2_6_5_combined_id1,1.1436456441879272,1.7471295595169067,87.07370370370373,0.74,2,6,88.15990740740742,0.9859988689422609,20.454456,75.55257,0.2001,2.335948944091797
5KPE_2_6_5_combined_id10,1.1526317596435547,1.856529712677002,89.98462962962965,0.77,2,6,88.15990740740742,0.9859988689422609,20.454456,75.55257,0.1907,2.7920294867621527
5KPE_2_6_5_combined_id11,1.2388778924942017,1.5909749269485474,86.96962962962962,0.76,2,6,88.15990740740742,0.9859988689422609,20.454456,75.55257,0.2015,2.1927767153139466
5KPE_2_6_5_combined_id12,1.4128004312515259,1.7174139022827148,92.03805555555556,0.79,2,6,88.15990740740742,0.9859988689422609,20.454456,75.55257,0.2088,2.6944441618742765
5KPE_2_6_5_combined_id13,1.3928123712539673,1.683310866355896,92.7777777777778,0.79,2,6,88.15990740740742,0.9859988689422609,20.454456,75.55257,0.205,2.4796071935583046
5KPE_2_6_5_combined_id14,1.0804877281188965,1.715515375137329,88.36444444444447,0.73,2,6,88.15990740740742,0.9859988689422609,20.454456,75.55257,0.1868,2.8092481825086804
5KPE_2_6_5_combined_id15,1.925295114517212,2.2648727893829346,72.96731481481481,0.64,2,6,88.15990740740742,0.9859988689422609,20.454456,75.55257,0.1953,2.366994363290292
5KPE_2_6_5_combined_id16,11.40994644165039,11.293036460876465,85.75472222222221,0.67,2,6,88.15990740740742,0.9859988689422609,20.454456,75.55257,0.2049,2.1343075787579573
5KPE_2_6_5_combined_id17,1.41759192943573,1.4241223335266113,91.55879629629632,0.78,2,6,88.15990740740742,0.9859988689422609,20.454456,75.55257,0.1889,2.449507536711516
5KPE_2_6_5_combined_id18,1.6679052114486694,1.3897230625152588,89.79185185185186,0.77,2,6,88.15990740740742,0.9859988689422609,20.454456,75.55257,0.2025,2.1549555460611978
5KPE_2_6_5_combined_id19,1.0943201780319214,1.7046127319335938,91.22944444444444,0.81,2,6,88.15990740740742,0.9859988689422609,20.454456,75.55257,0.1907,2.488989653410735
5KPE_2_6_5_combined_id2,1.5268563032150269,1.4705052375793457,77.09601851851852,0.59,2,6,88.15990740740742,0.9859988689422609,20.454456,75.55257,0.1911,2.2558781659161604
5KPE_2_6_5_combined_id20,1.31035315990448,1.592319130897522,89.5362962962963,0.75,2,6,88.15990740740742,0.9859988689422609,20.454456,75.55257,0.2038,2.597457038031684
5KPE_2_6_5_combined_id21,1.0466073751449585,1.8770405054092407,89.99499999999999,0.75,2,6,88.15990740740742,0.9859988689422609,20.454456,75.55257,0.1864,2.534170080114294
5KPE_2_6_5_combined_id22,1.0007976293563843,1.9837905168533325,89.97527777777778,0.76,2,6,88.15990740740742,0.9859988689422609,20.454456,75.55257,0.1867,2.820785805031105
5KPE_2_6_5_combined_id23,1.6804003715515137,1.1700756549835205,90.29546296296296,0.76,2,6,88.15990740740742,0.9859988689422609,20.454456,75.55257,0.203,2.214955789071542
5KPE_2_6_5_combined_id24,1.1503630876541138,1.6415467262268066,88.63787037037036,0.78,2,6,88.15990740740742,0.9859988689422609,20.454456,75.55257,0.1962,2.3871092619719327
5KPE_2_6_5_combined_id3,1.4083417654037476,1.3990037441253662,86.92083333333336,0.74,2,6,88.15990740740742,0.9859988689422609,20.454456,75.55257,0.2056,2.3813759132667824
5KPE_2_6_5_combined_id4,1.1991573572158813,1.6782976388931274,92.11370370370372,0.81,2,6,88.15990740740742,0.9859988689422609,20.454456,75.55257,0.198,2.3928471317997686
5KPE_2_6_5_combined_id5,1.241166591644287,1.4096416234970093,92.68166666666666,0.81,2,6,88.15990740740742,0.9859988689422609,20.454456,75.55257,0.1989,2.37157553213614
5KPE_2_6_5_combined_id6,1.7297483682632446,1.8482317924499512,86.6149074074074,0.73,2,6,88.15990740740742,0.9859988689422609,20.454456,75.55257,0.2124,2.342739246509693
5KPE_2_6_5_combined_id7,1.0958218574523926,1.8031669855117798,93.5561111111111,0.83,2,6,88.15990740740742,0.9859988689422609,20.454456,75.55257,0.198,2.8464697378653065
5KPE_2_6_5_combined_id8,1.2125307321548462,1.687011957168579,86.47009259259258,0.69,2,6,88.15990740740742,0.9859988689422609,20.454456,75.55257,0.2079,2.0857860423900463
5KPE_2_6_5_combined_id9,1.1725115776062012,2.0003457069396973,91.43324074074071,0.77,2,6,88.15990740740742,0.9859988689422609,20.454456,75.55257,0.208,2.58829187463831
5KPE_2_6_6_combined_id1,1.028952717781067,1.8305386304855347,93.33611111111112,0.8,2,6,90.79064814814818,0.8177164793014526,20.535513,74.7326,0.2177,2.7038336859809027
5KPE_2_6_6_combined_id10,1.2531583309173584,1.5693501234054565,91.7749074074074,0.81,2,6,90.79064814814818,0.8177164793014526,20.535513,74.7326,0.1995,2.661410013834636
5KPE_2_6_6_combined_id11,0.9226084351539612,2.1154327392578125,89.74611111111109,0.73,2,6,90.79064814814818,0.8177164793014526,20.535513,74.7326,0.2042,2.5976415563512734
5KPE_2_6_6_combined_id12,1.3797496557235718,1.8850458860397339,89.63194444444443,0.77,2,6,90.79064814814818,0.8177164793014526,20.535513,74.7326,0.2099,2.171939567283348
5KPE_2_6_6_combined_id13,1.2593995332717896,1.7303632497787476,88.44194444444446,0.75,2,6,90.79064814814818,0.8177164793014526,20.535513,74.7326,0.2254,2.1032853303132235
5KPE_2_6_6_combined_id14,0.9809306859970093,1.9508514404296875,92.9951851851852,0.83,2,6,90.79064814814818,0.8177164793014526,20.535513,74.7326,0.1914,2.454682809335214
5KPE_2_6_6_combined_id15,1.448465347290039,1.8715307712554932,89.91000000000001,0.77,2,6,90.79064814814818,0.8177164793014526,20.535513,74.7326,0.2049,2.1819004482693143
5KPE_2_6_6_combined_id16,1.527838945388794,1.4626213312149048,91.90879629629627,0.79,2,6,90.79064814814818,0.8177164793014526,20.535513,74.7326,0.212,2.2594477335611978
5KPE_2_6_6_combined_id17,1.1526387929916382,1.8263866901397705,92.57601851851852,0.81,2,6,90.79064814814818,0.8177164793014526,20.535513,74.7326,0.2126,2.443419845015914
5KPE_2_6_6_combined_id18,1.387230396270752,1.5597999095916748,90.20435185185184,0.76,2,6,90.79064814814818,0.8177164793014526,20.535513,74.7326,0.2139,2.18385993109809
5KPE_2_6_6_combined_id19,1.036702036857605,1.9924874305725098,89.87907407407408,0.75,2,6,90.79064814814818,0.8177164793014526,20.535513,74.7326,0.1929,2.4972011424877025
5KPE_2_6_6_combined_id2,1.7839133739471436,1.731825351715088,89.13685185185186,0.78,2,6,90.79064814814818,0.8177164793014526,20.535513,74.7326,0.2152,2.031893129701968
5KPE_2_6_6_combined_id20,1.2463359832763672,1.6571011543273926,87.52805555555558,0.74,2,6,90.79064814814818,0.8177164793014526,20.535513,74.7326,0.2023,2.423384489836516
5KPE_2_6_6_combined_id21,1.380296230316162,1.5839118957519531,94.86842592592592,0.84,2,6,90.79064814814818,0.8177164793014526,20.535513,74.7326,0.2201,2.17339833577474
5KPE_2_6_6_combined_id22,1.5205978155136108,1.4955509901046753,90.68453703703702,0.77,2,6,90.79064814814818,0.8177164793014526,20.535513,74.7326,0.2154,2.403811984592014
5KPE_2_6_6_combined_id23,1.073026418685913,2.004176616668701,91.8912962962963,0.79,2,6,90.79064814814818,0.8177164793014526,20.535513,74.7326,0.206,2.5690943400065103
5KPE_2_6_6_combined_id24,1.2563812732696533,1.5328428745269775,89.97925925925925,0.74,2,6,90.79064814814818,0.8177164793014526,20.535513,74.7326,0.2079,2.2017560888219765
5KPE_2_6_6_combined_id3,1.290810227394104,1.7924596071243286,91.66379629629633,0.79,2,6,90.79064814814818,0.8177164793014526,20.535513,74.7326,0.2214,2.2492568404586226
5KPE_2_6_6_combined_id4,1.3649476766586304,1.9628912210464478,93.32601851851852,0.84,2,6,90.79064814814818,0.8177164793014526,20.535513,74.7326,0.2127,2.6008744416413485
5KPE_2_6_6_combined_id5,1.180655837059021,1.907881736755371,89.37472222222222,0.77,2,6,90.79064814814818,0.8177164793014526,20.535513,74.7326,0.2026,1.9718673140914351
5KPE_2_6_6_combined_id6,1.2044435739517212,1.819516897201538,87.88592592592593,0.74,2,6,90.79064814814818,0.8177164793014526,20.535513,74.7326,0.2319,2.220572577582465
5KPE_2_6_6_combined_id7,1.0326217412948608,1.995132565498352,88.69842592592592,0.74,2,6,90.79064814814818,0.8177164793014526,20.535513,74.7326,0.1946,2.555965847439236
5KPE_2_6_6_combined_id8,1.3498461246490479,1.947141170501709,92.2765740740741,0.81,2,6,90.79064814814818,0.8177164793014526,20.535513,74.7326,0.2127,2.245261722140842
5KPE_2_6_6_combined_id9,1.3119717836380005,1.7499676942825317,92.24805555555558,0.8,2,6,90.79064814814818,0.8177164793014526,20.535513,74.7326,0.2178,2.092799151385272
5KPE_2_6_7_combined_id1,0.952811062335968,1.8735783100128174,93.60527777777776,0.83,2,6,92.78249999999998,0.937480092048645,20.03351,73.22822,0.2016,2.534748218677662
5KPE_2_6_7_combined_id10,1.6372084617614746,1.133298397064209,87.84898148148147,0.72,2,6,92.78249999999998,0.937480092048645,20.03351,73.22822,0.2067,2.1022656758626304
5KPE_2_6_7_combined_id11,1.1803621053695679,1.5453989505767822,90.63842592592592,0.78,2,6,92.78249999999998,0.937480092048645,20.03351,73.22822,0.1976,2.3346314606843173
5KPE_2_6_7_combined_id12,1.264506459236145,1.5008732080459595,91.99620370370371,0.8,2,6,92.78249999999998,0.937480092048645,20.03351,73.22822,0.2205,2.2745655201099537
5KPE_2_6_7_combined_id13,1.510910987854004,1.8444658517837524,90.3886111111111,0.75,2,6,92.78249999999998,0.937480092048645,20.03351,73.22822,0.2135,2.3812905770761
5KPE_2_6_7_combined_id14,1.3578053712844849,1.5945707559585571,87.72861111111114,0.75,2,6,92.78249999999998,0.937480092048645,20.03351,73.22822,0.202,2.2629962497287326
5KPE_2_6_7_combined_id15,1.3402961492538452,1.4206739664077759,89.55444444444447,0.74,2,6,92.78249999999998,0.937480092048645,20.03351,73.22822,0.2024,2.012213671648944
5KPE_2_6_7_combined_id16,1.619853138923645,1.831116795539856,90.30787037037038,0.74,2,6,92.78249999999998,0.937480092048645,20.03351,73.22822,0.2012,2.1589313083224826
5KPE_2_6_7_combined_id17,1.5640915632247925,1.7947996854782104,89.21814814814816,0.75,2,6,92.78249999999998,0.937480092048645,20.03351,73.22822,0.1942,2.289933381257234
5KPE_2_6_7_combined_id18,1.321996808052063,1.181030511856079,92.2123148148148,0.79,2,6,92.78249999999998,0.937480092048645,20.03351,73.22822,0.2091,2.2860805370189525
5KPE_2_6_7_combined_id19,11.348437309265137,11.095037460327148,80.81490740740743,0.63,2,6,92.78249999999998,0.937480092048645,20.03351,73.22822,0.2312,2.192860073513455
5KPE_2_6_7_combined_id2,1.1761693954467773,1.5158956050872803,92.6587037037037,0.81,2,6,92.78249999999998,0.937480092048645,20.03351,73.22822,0.2049,2.4518220689561634
5KPE_2_6_7_combined_id20,1.48508882522583,1.5886660814285278,87.73444444444442,0.7,2,6,92.78249999999998,0.937480092048645,20.03351,73.22822,0.2112,2.225929542824074
5KPE_2_6_7_combined_id21,1.380638599395752,1.4341959953308105,93.6697222222222,0.84,2,6,92.78249999999998,0.937480092048645,20.03351,73.22822,0.2014,2.2152424565068
5KPE_2_6_7_combined_id22,1.1909726858139038,1.3311753273010254,92.2476851851852,0.81,2,6,92.78249999999998,0.937480092048645,20.03351,73.22822,0.21,2.2699668319137007
5KPE_2_6_7_combined_id23,1.3095885515213013,1.2923743724822998,92.42861111111112,0.82,2,6,92.78249999999998,0.937480092048645,20.03351,73.22822,0.2333,2.1561044763635704
5KPE_2_6_7_combined_id24,0.9463292360305786,1.919128656387329,90.74111111111112,0.76,2,6,92.78249999999998,0.937480092048645,20.03351,73.22822,0.2081,2.439209266945168
5KPE_2_6_7_combined_id3,1.185897946357727,1.7926586866378784,93.50981481481485,0.84,2,6,92.78249999999998,0.937480092048645,20.03351,73.22822,0.2226,2.203351903844762
5KPE_2_6_7_combined_id4,1.2585453987121582,1.3067688941955566,89.06407407407406,0.76,2,6,92.78249999999998,0.937480092048645,20.03351,73.22822,0.1985,2.311933164243345
5KPE_2_6_7_combined_id5,1.3201806545257568,1.3058558702468872,89.18694444444445,0.76,2,6,92.78249999999998,0.937480092048645,20.03351,73.22822,0.199,2.2544196799949363
5KPE_2_6_7_combined_id6,0.9782124161720276,1.866856575012207,90.01953703703704,0.75,2,6,92.78249999999998,0.937480092048645,20.03351,73.22822,0.2089,2.29045726634838
5KPE_2_6_7_combined_id7,1.3592602014541626,1.3161873817443848,88.73601851851853,0.73,2,6,92.78249999999998,0.937480092048645,20.03351,73.22822,0.1991,2.294396435772931
5KPE_2_6_7_combined_id8,1.3551175594329834,1.5625888109207153,91.51824074074072,0.77,2,6,92.78249999999998,0.937480092048645,20.03351,73.22822,0.2032,2.2439839398419417
5KPE_2_6_7_combined_id9,1.2249763011932373,1.6780986785888672,93.7675925925926,0.83,2,6,92.78249999999998,0.937480092048645,20.03351,73.22822,0.2151,2.369395644576461
5KPE_2_6_8_combined_id1,1.9230679273605347,1.3624216318130493,92.75712962962965,0.81,2,6,92.12722222222222,0.8723201155662537,20.388544,75.3248,0.2106,2.621727272316261
5KPE_2_6_8_combined_id10,1.6724885702133179,0.9886705875396729,88.20768518518518,0.74,2,6,92.12722222222222,0.8723201155662537,20.388544,75.3248,0.2089,2.4496448658130787
5KPE_2_6_8_combined_id11,0.9249532222747803,1.8100788593292236,92.1549074074074,0.81,2,6,92.12722222222222,0.8723201155662537,20.388544,75.3248,0.2152,2.661935876916956
5KPE_2_6_8_combined_id12,1.226373314857483,1.2932310104370117,89.59657407407406,0.76,2,6,92.12722222222222,0.8723201155662537,20.388544,75.3248,0.2168,2.2897539492006653
5KPE_2_6_8_combined_id13,1.3495162725448608,1.3407138586044312,90.28166666666668,0.77,2,6,92.12722222222222,0.8723201155662537,20.388544,75.3248,0.2264,2.299102076777705
5KPE_2_6_8_combined_id14,1.596042275428772,0.9455063343048096,89.51703703703704,0.76,2,6,92.12722222222222,0.8723201155662537,20.388544,75.3248,0.2081,2.315354099980107
5KPE_2_6_8_combined_id15,1.7636096477508545,1.2054626941680908,91.06175925925923,0.78,2,6,92.12722222222222,0.8723201155662537,20.388544,75.3248,0.2093,2.27944748489945
5KPE_2_6_8_combined_id16,1.4404187202453613,1.4480149745941162,91.10888888888888,0.78,2,6,92.12722222222222,0.8723201155662537,20.388544,75.3248,0.2175,2.2973047892252603
5KPE_2_6_8_combined_id17,1.3748294115066528,1.5454281568527222,90.86564814814814,0.81,2,6,92.12722222222222,0.8723201155662537,20.388544,75.3248,0.2101,2.2789368806061923
5KPE_2_6_8_combined_id18,1.3333269357681274,1.6306382417678833,91.19398148148149,0.77,2,6,92.12722222222222,0.8723201155662537,20.388544,75.3248,0.2314,2.3521525065104165
5KPE_2_6_8_combined_id19,1.3265446424484253,1.691798210144043,89.37675925925926,0.8,2,6,92.12722222222222,0.8723201155662537,20.388544,75.3248,0.2177,2.3593160841200085
5KPE_2_6_8_combined_id2,1.0402979850769043,1.8183482885360718,94.72583333333334,0.86,2,6,92.12722222222222,0.8723201155662537,20.388544,75.3248,0.2123,2.196910999439381
5KPE_2_6_8_combined_id20,1.5966137647628784,1.5042303800582886,90.30490740740744,0.78,2,6,92.12722222222222,0.8723201155662537,20.388544,75.3248,0.2109,2.354493882921007
5KPE_2_6_8_combined_id21,1.4805587530136108,1.4599791765213013,89.34490740740742,0.75,2,6,92.12722222222222,0.8723201155662537,20.388544,75.3248,0.1933,2.2147249292444298
5KPE_2_6_8_combined_id22,1.1458261013031006,1.82423996925354,90.9675925925926,0.78,2,6,92.12722222222222,0.8723201155662537,20.388544,75.3248,0.2167,2.321032064932364
5KPE_2_6_8_combined_id23,1.7849141359329224,1.1973613500595093,89.2236111111111,0.76,2,6,92.12722222222222,0.8723201155662537,20.388544,75.3248,0.2045,2.228984974048756
5KPE_2_6_8_combined_id24,1.1538175344467163,1.6890121698379517,93.47453703703704,0.83,2,6,92.12722222222222,0.8723201155662537,20.388544,75.3248,0.2113,2.4207404807761863
5KPE_2_6_8_combined_id3,1.7898451089859009,1.4756395816802979,84.32749999999999,0.73,2,6,92.12722222222222,0.8723201155662537,20.388544,75.3248,0.216,2.331434461805556
5KPE_2_6_8_combined_id4,3.966313362121582,4.344513893127441,79.32648148148148,0.6,2,6,92.12722222222222,0.8723201155662537,20.388544,75.3248,0.2141,2.4418744687680847
5KPE_2_6_8_combined_id5,1.5705186128616333,1.4652327299118042,86.12898148148149,0.69,2,6,92.12722222222222,0.8723201155662537,20.388544,75.3248,0.2107,2.4942217226381653
5KPE_2_6_8_combined_id6,2.0741591453552246,1.8693139553070068,79.23055555555555,0.6,2,6,92.12722222222222,0.8723201155662537,20.388544,75.3248,0.1944,2.53645098650897
5KPE_2_6_8_combined_id7,1.3492391109466553,1.33481764793396,86.03231481481482,0.73,2,6,92.12722222222222,0.8723201155662537,20.388544,75.3248,0.2128,2.650423403139468
5KPE_2_6_8_combined_id8,1.348341941833496,1.5195368528366089,91.96925925925925,0.8,2,6,92.12722222222222,0.8723201155662537,20.388544,75.3248,0.2047,2.3485016999421298
5KPE_2_6_8_combined_id9,1.1742637157440186,1.7299413681030273,87.42981481481482,0.75,2,6,92.12722222222222,0.8723201155662537,20.388544,75.3248,0.1998,2.655098526566117
5KPE_2_6_9_combined_id1,1.23027765750885,1.9726163148880005,87.95657407407406,0.73,2,6,91.65175925925926,0.8131116032600403,20.21626,73.83655,0.1999,2.234018961588541
5KPE_2_6_9_combined_id10,1.2563376426696777,1.7165857553482056,85.9512037037037,0.7,2,6,91.65175925925926,0.8131116032600403,20.21626,73.83655,0.1971,2.300959834346065
5KPE_2_6_9_combined_id11,6.143308639526367,6.275306224822998,81.90324074074073,0.71,2,6,91.65175925925926,0.8131116032600403,20.21626,73.83655,0.2031,2.0527185510706016
5KPE_2_6_9_combined_id12,1.2968829870224,1.5881098508834839,88.91555555555554,0.75,2,6,91.65175925925926,0.8131116032600403,20.21626,73.83655,0.1945,2.2681811297381365
5KPE_2_6_9_combined_id13,1.5133081674575806,1.451174020767212,80.53953703703704,0.66,2,6,91.65175925925926,0.8131116032600403,20.21626,73.83655,0.2127,2.291409245243779
5KPE_2_6_9_combined_id14,10.15767765045166,9.89420223236084,75.22083333333335,0.6,2,6,91.65175925925926,0.8131116032600403,20.21626,73.83655,0.2192,2.2122821101435908
5KPE_2_6_9_combined_id15,1.0728744268417358,1.725562334060669,88.84592592592593,0.71,2,6,91.65175925925926,0.8131116032600403,20.21626,73.83655,0.2002,2.3526286372432
5KPE_2_6_9_combined_id16,1.2605221271514893,1.5002822875976562,90.15787037037038,0.75,2,6,91.65175925925926,0.8131116032600403,20.21626,73.83655,0.1993,2.253015306260851
5KPE_2_6_9_combined_id17,1.0549352169036865,1.638780117034912,91.32203703703702,0.8,2,6,91.65175925925926,0.8131116032600403,20.21626,73.83655,0.2014,2.491673787434896
5KPE_2_6_9_combined_id18,1.1903775930404663,1.601391315460205,91.12972222222224,0.77,2,6,91.65175925925926,0.8131116032600403,20.21626,73.83655,0.2172,2.2557527047616466
5KPE_2_6_9_combined_id19,1.3636233806610107,1.504425287246704,88.24222222222222,0.75,2,6,91.65175925925926,0.8131116032600403,20.21626,73.83655,0.1916,2.343152081524884
5KPE_2_6_9_combined_id2,1.3858529329299927,1.4276854991912842,90.6475,0.77,2,6,91.65175925925926,0.8131116032600403,20.21626,73.83655,0.2088,2.2532985828540943
5KPE_2_6_9_combined_id20,1.2194743156433105,1.6969832181930542,87.85555555555555,0.72,2,6,91.65175925925926,0.8131116032600403,20.21626,73.83655,0.21,2.340363113968461
5KPE_2_6_9_combined_id21,1.694003701210022,1.7010992765426636,88.27944444444445,0.72,2,6,91.65175925925926,0.8131116032600403,20.21626,73.83655,0.2053,2.172714233398437
5KPE_2_6_9_combined_id22,1.265514612197876,1.653799057006836,89.42935185185186,0.77,2,6,91.65175925925926,0.8131116032600403,20.21626,73.83655,0.1966,2.3524449666341147
5KPE_2_6_9_combined_id23,1.4817389249801636,1.4972641468048096,90.90435185185186,0.77,2,6,91.65175925925926,0.8131116032600403,20.21626,73.83655,0.2151,2.370509960033276
5KPE_2_6_9_combined_id24,5.251776695251465,5.7658586502075195,88.86157407407407,0.68,2,6,91.65175925925926,0.8131116032600403,20.21626,73.83655,0.2137,2.257102401168258
5KPE_2_6_9_combined_id3,1.4038883447647095,1.7222545146942139,89.81796296296295,0.79,2,6,91.65175925925926,0.8131116032600403,20.21626,73.83655,0.2008,2.296096943042897
5KPE_2_6_9_combined_id4,1.1446844339370728,1.5007905960083008,91.76879629629629,0.8,2,6,91.65175925925926,0.8131116032600403,20.21626,73.83655,0.203,2.3499923988624856
5KPE_2_6_9_combined_id5,11.176289558410645,10.722270965576172,84.78435185185184,0.64,2,6,91.65175925925926,0.8131116032600403,20.21626,73.83655,0.2178,2.1811611034252025
5KPE_2_6_9_combined_id6,1.1332306861877441,1.7266381978988647,86.905,0.74,2,6,91.65175925925926,0.8131116032600403,20.21626,73.83655,0.1895,2.2581004390010126
5KPE_2_6_9_combined_id7,1.320847749710083,1.7177790403366089,94.22657407407404,0.83,2,6,91.65175925925926,0.8131116032600403,20.21626,73.83655,0.2144,2.529130158600984
5KPE_2_6_9_combined_id8,1.0339603424072266,1.6446542739868164,89.40351851851852,0.73,2,6,91.65175925925926,0.8131116032600403,20.21626,73.83655,0.2017,2.2389294659649885
5KPE_2_6_9_combined_id9,1.3140522241592407,1.7350834608078003,92.20898148148152,0.82,2,6,91.65175925925926,0.8131116032600403,20.21626,73.83655,0.1998,2.5622292977792247
5KPE_2_8_0_combined_id1,10.898177146911621,10.184887886047363,78.68703703703703,0.63,2,8,91.5162962962963,0.7398216724395752,20.278904,73.07307,0.2027,2.4292178683810763
5KPE_2_8_0_combined_id10,1.40349280834198,1.8615827560424805,92.6514814814815,0.81,2,8,91.5162962962963,0.7398216724395752,20.278904,73.07307,0.2215,2.3803077980324074
5KPE_2_8_0_combined_id11,1.3969472646713257,1.662690281867981,91.915,0.8,2,8,91.5162962962963,0.7398216724395752,20.278904,73.07307,0.1785,2.3787367078993054
5KPE_2_8_0_combined_id12,1.3203665018081665,1.8772404193878174,93.58555555555556,0.83,2,8,91.5162962962963,0.7398216724395752,20.278904,73.07307,0.2113,2.3226982399269387
5KPE_2_8_0_combined_id13,6.124725818634033,6.3900980949401855,76.48583333333335,0.56,2,8,91.5162962962963,0.7398216724395752,20.278904,73.07307,0.1961,2.4070118091724537
5KPE_2_8_0_combined_id14,1.2850438356399536,1.902071475982666,92.6126851851852,0.84,2,8,91.5162962962963,0.7398216724395752,20.278904,73.07307,0.1959,2.278089735243056
5KPE_2_8_0_combined_id15,1.3562709093093872,1.3110060691833496,90.46416666666666,0.77,2,8,91.5162962962963,0.7398216724395752,20.278904,73.07307,0.2104,2.09337079083478
5KPE_2_8_0_combined_id16,1.5611687898635864,1.7108111381530762,87.42166666666668,0.73,2,8,91.5162962962963,0.7398216724395752,20.278904,73.07307,0.2004,2.239458437319155
5KPE_2_8_0_combined_id17,1.0585166215896606,1.918731451034546,90.5252777777778,0.75,2,8,91.5162962962963,0.7398216724395752,20.278904,73.07307,0.1894,2.347045474582248
5KPE_2_8_0_combined_id18,1.4220821857452393,1.488198161125183,88.65194444444444,0.77,2,8,91.5162962962963,0.7398216724395752,20.278904,73.07307,0.2203,2.316478446677879
5KPE_2_8_0_combined_id19,1.892831802368164,0.9585922360420227,92.4125,0.79,2,8,91.5162962962963,0.7398216724395752,20.278904,73.07307,0.2295,2.1350705182110823
5KPE_2_8_0_combined_id2,1.2761496305465698,1.9304054975509644,91.85333333333334,0.82,2,8,91.5162962962963,0.7398216724395752,20.278904,73.07307,0.1904,2.36929123489945
5KPE_2_8_0_combined_id20,1.0629560947418213,1.8943947553634644,93.46814814814816,0.81,2,8,91.5162962962963,0.7398216724395752,20.278904,73.07307,0.2247,2.436498006184896
5KPE_2_8_0_combined_id21,1.4463807344436646,1.3955237865447998,82.15361111111109,0.67,2,8,91.5162962962963,0.7398216724395752,20.278904,73.07307,0.1972,2.159354739718967
5KPE_2_8_0_combined_id22,1.5526171922683716,1.487687587738037,89.76648148148148,0.75,2,8,91.5162962962963,0.7398216724395752,20.278904,73.07307,0.2243,2.112361201533565
5KPE_2_8_0_combined_id23,0.9863804578781128,1.7096518278121948,89.48055555555555,0.75,2,8,91.5162962962963,0.7398216724395752,20.278904,73.07307,0.1825,2.639893708405672
5KPE_2_8_0_combined_id24,1.179741382598877,1.7955753803253174,93.86611111111108,0.83,2,8,91.5162962962963,0.7398216724395752,20.278904,73.07307,0.1972,2.373387937192564
5KPE_2_8_0_combined_id3,1.3569422960281372,1.5463577508926392,93.10777777777778,0.81,2,8,91.5162962962963,0.7398216724395752,20.278904,73.07307,0.2161,2.443476924189815
5KPE_2_8_0_combined_id4,1.4035184383392334,1.2376574277877808,88.31268518518519,0.74,2,8,91.5162962962963,0.7398216724395752,20.278904,73.07307,0.196,2.325055157696759
5KPE_2_8_0_combined_id5,1.5816559791564941,1.8580130338668823,90.65305555555555,0.79,2,8,91.5162962962963,0.7398216724395752,20.278904,73.07307,0.1944,2.373239587854456
5KPE_2_8_0_combined_id6,1.2611758708953857,1.6411501169204712,91.37694444444443,0.8,2,8,91.5162962962963,0.7398216724395752,20.278904,73.07307,0.2258,2.204816747594762
5KPE_2_8_0_combined_id7,1.2780369520187378,1.7100491523742676,90.8887037037037,0.78,2,8,91.5162962962963,0.7398216724395752,20.278904,73.07307,0.1943,2.510235821759259
5KPE_2_8_0_combined_id8,1.2345770597457886,1.894133448600769,92.11925925925924,0.8,2,8,91.5162962962963,0.7398216724395752,20.278904,73.07307,0.2066,2.462431448477286
5KPE_2_8_0_combined_id9,1.191117763519287,1.4262253046035767,88.73138888888887,0.74,2,8,91.5162962962963,0.7398216724395752,20.278904,73.07307,0.1962,2.4235461199725115
5KPE_2_8_1_combined_id1,1.3890451192855835,1.3962830305099487,88.24842592592593,0.74,2,8,88.48657407407407,0.8260194659233093,20.434319,74.70899,0.1936,2.6556501035337097
5KPE_2_8_1_combined_id11,1.3266558647155762,1.801357388496399,86.11212962962964,0.69,2,8,88.48657407407407,0.8260194659233093,20.434319,74.70899,0.182,2.742826673719618
5KPE_2_8_1_combined_id12,11.548957824707031,11.603055000305176,78.03185185185185,0.67,2,8,88.48657407407407,0.8260194659233093,20.434319,74.70899,0.2073,2.655382792154948
5KPE_2_8_1_combined_id13,1.8164736032485962,1.89619779586792,92.14,0.81,2,8,88.48657407407407,0.8260194659233093,20.434319,74.70899,0.2015,2.726470099555121
5KPE_2_8_1_combined_id14,1.3871662616729736,1.7100226879119873,92.9612037037037,0.83,2,8,88.48657407407407,0.8260194659233093,20.434319,74.70899,0.2184,2.783038951732494
5KPE_2_8_1_combined_id15,1.4404371976852417,1.6185119152069092,88.94953703703703,0.76,2,8,88.48657407407407,0.8260194659233093,20.434319,74.70899,0.1797,2.4421765362774885
5KPE_2_8_1_combined_id16,1.7517740726470947,1.7434035539627075,91.22898148148144,0.82,2,8,88.48657407407407,0.8260194659233093,20.434319,74.70899,0.2013,2.47395352964048
5KPE_2_8_1_combined_id17,1.445229172706604,1.6723947525024414,93.35722222222222,0.81,2,8,88.48657407407407,0.8260194659233093,20.434319,74.70899,0.1924,2.5591136791087963
5KPE_2_8_1_combined_id18,5.744873046875,5.697211742401123,86.76259259259261,0.71,2,8,88.48657407407407,0.8260194659233093,20.434319,74.70899,0.2151,2.373548437047888
5KPE_2_8_1_combined_id19,1.6121188402175903,1.5110681056976318,86.89074074074075,0.72,2,8,88.48657407407407,0.8260194659233093,20.434319,74.70899,0.2053,2.1957742196542247
5KPE_2_8_1_combined_id2,1.3956083059310913,1.676335334777832,94.30666666666669,0.83,2,8,88.48657407407407,0.8260194659233093,20.434319,74.70899,0.218,2.3257273921260126
5KPE_2_8_1_combined_id20,1.4367201328277588,1.5947967767715454,89.15787037037036,0.79,2,8,88.48657407407407,0.8260194659233093,20.434319,74.70899,0.176,2.6762548376012734
5KPE_2_8_1_combined_id21,1.6039177179336548,1.8075898885726929,89.49074074074076,0.79,2,8,88.48657407407407,0.8260194659233093,20.434319,74.70899,0.1936,2.615565264666522
5KPE_2_8_1_combined_id22,1.2074098587036133,1.9739229679107666,90.92435185185184,0.76,2,8,88.48657407407407,0.8260194659233093,20.434319,74.70899,0.2059,2.609633834273726
5KPE_2_8_1_combined_id23,1.7993829250335693,1.1086615324020386,88.87611111111113,0.76,2,8,88.48657407407407,0.8260194659233093,20.434319,74.70899,0.2025,2.286235244185836
5KPE_2_8_1_combined_id3,1.4350038766860962,1.6340153217315674,88.14351851851853,0.78,2,8,88.48657407407407,0.8260194659233093,20.434319,74.70899,0.2023,2.41572599057798
5KPE_2_8_1_combined_id4,1.2955844402313232,1.8425716161727905,87.10194444444444,0.75,2,8,88.48657407407407,0.8260194659233093,20.434319,74.70899,0.202,2.6170032642505787
5KPE_2_8_1_combined_id5,1.4797711372375488,1.2821799516677856,89.00361111111113,0.74,2,8,88.48657407407407,0.8260194659233093,20.434319,74.70899,0.2022,2.376009623209636
5KPE_2_8_1_combined_id6,1.4766091108322144,1.4191876649856567,86.01453703703704,0.75,2,8,88.48657407407407,0.8260194659233093,20.434319,74.70899,0.2148,2.5581145109953702
5KPE_2_8_1_combined_id7,1.6894910335540771,1.1537861824035645,91.76518518518516,0.8,2,8,88.48657407407407,0.8260194659233093,20.434319,74.70899,0.2053,2.282308507848669
5KPE_2_8_1_combined_id8,1.510023593902588,1.6080046892166138,88.47416666666668,0.74,2,8,88.48657407407407,0.8260194659233093,20.434319,74.70899,0.1907,2.391982749656395
5KPE_2_8_1_combined_id9,11.91199779510498,11.911883354187012,81.3149074074074,0.65,2,8,88.48657407407407,0.8260194659233093,20.434319,74.70899,0.2126,2.5586090087890625
5KPE_2_8_2_combined_id1,1.7593885660171509,1.4532889127731323,82.75990740740741,0.65,2,8,83.16842592592594,1.2829700708389282,19.967705,71.7622,0.1863,2.52733075177228
5KPE_2_8_2_combined_id10,8.749175071716309,8.652008056640625,70.26611111111112,0.55,2,8,83.16842592592594,1.2829700708389282,19.967705,71.7622,0.1922,2.3535985593442565
5KPE_2_8_2_combined_id11,2.000129222869873,1.0045448541641235,87.35407407407408,0.7,2,8,83.16842592592594,1.2829700708389282,19.967705,71.7622,0.1944,2.432000619393808
5KPE_2_8_2_combined_id12,1.4688160419464111,1.72633957862854,95.59212962962962,0.86,2,8,83.16842592592594,1.2829700708389282,19.967705,71.7622,0.1962,2.429213347258391
5KPE_2_8_2_combined_id13,1.7164254188537598,1.2124757766723633,89.77472222222224,0.77,2,8,83.16842592592594,1.2829700708389282,19.967705,71.7622,0.2182,2.07526609632704
5KPE_2_8_2_combined_id14,2.2659740447998047,1.6980196237564087,81.00500000000002,0.62,2,8,83.16842592592594,1.2829700708389282,19.967705,71.7622,0.2066,2.501937018500434
5KPE_2_8_2_combined_id15,1.2452194690704346,1.6398788690567017,90.99944444444444,0.81,2,8,83.16842592592594,1.2829700708389282,19.967705,71.7622,0.1964,2.7189045658818
5KPE_2_8_2_combined_id16,1.4481385946273804,1.5381799936294556,88.27203703703702,0.74,2,8,83.16842592592594,1.2829700708389282,19.967705,71.7622,0.1922,2.346746656629774
5KPE_2_8_2_combined_id17,1.6502201557159424,1.304977297782898,91.25027777777778,0.79,2,8,83.16842592592594,1.2829700708389282,19.967705,71.7622,0.2096,2.4638050220630787
5KPE_2_8_2_combined_id18,1.3638218641281128,1.6953011751174927,90.1888888888889,0.78,2,8,83.16842592592594,1.2829700708389282,19.967705,71.7622,0.1922,2.392367892795139
5KPE_2_8_2_combined_id19,9.055522918701172,8.813739776611328,76.00296296296295,0.6,2,8,83.16842592592594,1.2829700708389282,19.967705,71.7622,0.2103,2.34333829526548
5KPE_2_8_2_combined_id2,1.5966228246688843,1.6712192296981812,84.90250000000002,0.7,2,8,83.16842592592594,1.2829700708389282,19.967705,71.7622,0.1989,2.5956652605975115
5KPE_2_8_2_combined_id20,1.4737520217895508,1.1765528917312622,86.30101851851852,0.71,2,8,83.16842592592594,1.2829700708389282,19.967705,71.7622,0.2073,2.4121116355613426
5KPE_2_8_2_combined_id21,6.14460563659668,6.005312919616699,74.01111111111109,0.58,2,8,83.16842592592594,1.2829700708389282,19.967705,71.7622,0.2011,2.5013150815610534
5KPE_2_8_2_combined_id22,1.5425623655319214,1.5725486278533936,90.2821296296296,0.79,2,8,83.16842592592594,1.2829700708389282,19.967705,71.7622,0.1787,2.2397944132486978
5KPE_2_8_2_combined_id23,1.4101897478103638,1.3785393238067627,83.49481481481482,0.68,2,8,83.16842592592594,1.2829700708389282,19.967705,71.7622,0.1842,2.3303903650354454
5KPE_2_8_2_combined_id24,1.6291474103927612,1.1031705141067505,90.39962962962964,0.8,2,8,83.16842592592594,1.2829700708389282,19.967705,71.7622,0.1998,2.2726789403844765
5KPE_2_8_2_combined_id3,1.3430815935134888,1.3125603199005127,89.24509259259257,0.76,2,8,83.16842592592594,1.2829700708389282,19.967705,71.7622,0.2042,2.396150094491464
5KPE_2_8_2_combined_id4,1.3800392150878906,1.2111250162124634,91.77842592592592,0.81,2,8,83.16842592592594,1.2829700708389282,19.967705,71.7622,0.2049,2.124669110333478
5KPE_2_8_2_combined_id5,1.7313145399093628,1.2039997577667236,85.35722222222222,0.69,2,8,83.16842592592594,1.2829700708389282,19.967705,71.7622,0.1883,2.1730728149414062
5KPE_2_8_2_combined_id6,1.4179069995880127,1.6619640588760376,95.8011111111111,0.85,2,8,83.16842592592594,1.2829700708389282,19.967705,71.7622,0.2247,2.415737858525029
5KPE_2_8_2_combined_id7,1.5202833414077759,1.5586155652999878,88.11722222222222,0.77,2,8,83.16842592592594,1.2829700708389282,19.967705,71.7622,0.2123,2.4963339346426503
5KPE_2_8_2_combined_id8,1.5118844509124756,1.1161794662475586,89.25361111111108,0.78,2,8,83.16842592592594,1.2829700708389282,19.967705,71.7622,0.2125,2.15733309145327
5KPE_2_8_2_combined_id9,3.138256072998047,3.310788154602051,72.99027777777779,0.57,2,8,83.16842592592594,1.2829700708389282,19.967705,71.7622,0.194,2.466353239836516
5KPE_2_8_3_combined_id1,1.1386293172836304,2.339784622192383,89.81055555555558,0.76,2,8,92.35898148148148,0.707577109336853,20.441076,74.39775,0.1873,2.9491300229673034
5KPE_2_8_3_combined_id10,1.4792156219482422,1.293838381767273,87.27805555555554,0.75,2,8,92.35898148148148,0.707577109336853,20.441076,74.39775,0.1958,2.171438429090712
5KPE_2_8_3_combined_id11,2.5807676315307617,1.7834841012954712,79.62861111111111,0.63,2,8,92.35898148148148,0.707577109336853,20.441076,74.39775,0.1951,2.1203145627622253
5KPE_2_8_3_combined_id13,1.2383748292922974,1.4536175727844238,89.89444444444445,0.76,2,8,92.35898148148148,0.707577109336853,20.441076,74.39775,0.2059,2.552281697591146
5KPE_2_8_3_combined_id14,5.261087894439697,4.568331241607666,70.3299074074074,0.56,2,8,92.35898148148148,0.707577109336853,20.441076,74.39775,0.2033,2.72224595811632
5KPE_2_8_3_combined_id15,1.3934723138809204,1.995068907737732,89.2462962962963,0.79,2,8,92.35898148148148,0.707577109336853,20.441076,74.39775,0.1919,2.6189021357783564
5KPE_2_8_3_combined_id16,1.7942266464233398,1.779821515083313,87.52416666666666,0.76,2,8,92.35898148148148,0.707577109336853,20.441076,74.39775,0.1985,2.4025788483796298
5KPE_2_8_3_combined_id17,11.234665870666504,11.286430358886719,83.67231481481484,0.68,2,8,92.35898148148148,0.707577109336853,20.441076,74.39775,0.1883,2.9309760199652777
5KPE_2_8_3_combined_id18,1.7700536251068115,1.1892735958099365,86.99750000000002,0.76,2,8,92.35898148148148,0.707577109336853,20.441076,74.39775,0.1919,2.1719026918764466
5KPE_2_8_3_combined_id19,2.5689198970794678,2.5066990852355957,69.10111111111111,0.54,2,8,92.35898148148148,0.707577109336853,20.441076,74.39775,0.192,2.1250426680953414
5KPE_2_8_3_combined_id2,5.014876365661621,4.065621852874756,70.47749999999999,0.56,2,8,92.35898148148148,0.707577109336853,20.441076,74.39775,0.197,3.022984822591146
5KPE_2_8_3_combined_id20,2.7554404735565186,1.681216835975647,87.31712962962963,0.73,2,8,92.35898148148148,0.707577109336853,20.441076,74.39775,0.1824,2.081496909812645
5KPE_2_8_3_combined_id21,1.6972990036010742,1.531727910041809,94.2300925925926,0.83,2,8,92.35898148148148,0.707577109336853,20.441076,74.39775,0.2036,2.2669046190049915
5KPE_2_8_3_combined_id22,2.180406332015991,1.4556593894958496,89.17527777777778,0.71,2,8,92.35898148148148,0.707577109336853,20.441076,74.39775,0.1885,2.40831219708478
5KPE_2_8_3_combined_id23,1.2197386026382446,1.4709157943725586,89.60472222222222,0.76,2,8,92.35898148148148,0.707577109336853,20.441076,74.39775,0.1898,2.450454146773726
5KPE_2_8_3_combined_id24,2.097280502319336,1.4056780338287354,87.91425925925925,0.74,2,8,92.35898148148148,0.707577109336853,20.441076,74.39775,0.1838,2.3839074594003185
5KPE_2_8_3_combined_id3,1.954171061515808,2.2524824142456055,83.87944444444445,0.68,2,8,92.35898148148148,0.707577109336853,20.441076,74.39775,0.192,2.4829573454680265
5KPE_2_8_3_combined_id4,1.5468398332595825,1.46299147605896,87.98018518518518,0.78,2,8,92.35898148148148,0.707577109336853,20.441076,74.39775,0.1804,2.5495842827690973
5KPE_2_8_3_combined_id5,1.7042022943496704,1.9981592893600464,80.87481481481481,0.63,2,8,92.35898148148148,0.707577109336853,20.441076,74.39775,0.1936,2.413917824074074
5KPE_2_8_3_combined_id6,1.635340690612793,1.1830610036849976,85.88740740740741,0.7,2,8,92.35898148148148,0.707577109336853,20.441076,74.39775,0.1867,2.3537504408094616
5KPE_2_8_3_combined_id7,1.489767074584961,1.0369843244552612,86.87453703703704,0.73,2,8,92.35898148148148,0.707577109336853,20.441076,74.39775,0.1936,2.568138405128761
5KPE_2_8_3_combined_id8,1.3216243982315063,1.3651118278503418,87.95685185185185,0.76,2,8,92.35898148148148,0.707577109336853,20.441076,74.39775,0.178,2.6766159622757524
5KPE_2_8_3_combined_id9,1.3589247465133667,2.0700812339782715,88.44083333333332,0.76,2,8,92.35898148148148,0.707577109336853,20.441076,74.39775,0.1723,2.5339635213216147
5KPE_2_8_4_combined_id1,1.551660180091858,1.8028817176818848,86.5362962962963,0.72,2,8,92.5625925925926,0.9887349009513856,20.770712,76.277885,0.1979,1.999230844003183
5KPE_2_8_4_combined_id10,1.2537084817886353,1.8706129789352417,90.65675925925926,0.77,2,8,92.5625925925926,0.9887349009513856,20.770712,76.277885,0.2063,2.166492038302952
5KPE_2_8_4_combined_id11,1.4138538837432861,1.5517491102218628,90.37657407407409,0.77,2,8,92.5625925925926,0.9887349009513856,20.770712,76.277885,0.1881,2.242683975784867
5KPE_2_8_4_combined_id12,1.350250244140625,1.731829285621643,92.40351851851854,0.8,2,8,92.5625925925926,0.9887349009513856,20.770712,76.277885,0.1959,2.2914742363823786
5KPE_2_8_4_combined_id13,1.3688832521438599,1.9370671510696411,90.70499999999998,0.79,2,8,92.5625925925926,0.9887349009513856,20.770712,76.277885,0.1903,2.473254168475116
5KPE_2_8_4_combined_id14,1.1591010093688965,1.8363730907440186,93.79314814814816,0.8,2,8,92.5625925925926,0.9887349009513856,20.770712,76.277885,0.2026,2.4438552856445312
5KPE_2_8_4_combined_id15,1.2842570543289185,1.7889682054519653,93.22166666666664,0.82,2,8,92.5625925925926,0.9887349009513856,20.770712,76.277885,0.1858,2.172132703993056
5KPE_2_8_4_combined_id16,1.3397122621536255,1.9385943412780762,92.50259259259258,0.82,2,8,92.5625925925926,0.9887349009513856,20.770712,76.277885,0.2088,2.3896117033781827
5KPE_2_8_4_combined_id17,1.3304669857025146,1.668855905532837,88.66314814814814,0.76,2,8,92.5625925925926,0.9887349009513856,20.770712,76.277885,0.2221,2.165521268491392
5KPE_2_8_4_combined_id18,1.1765252351760864,1.8066352605819702,87.79953703703704,0.71,2,8,92.5625925925926,0.9887349009513856,20.770712,76.277885,0.1981,2.466540301287616
5KPE_2_8_4_combined_id19,1.1848475933074951,1.9573187828063965,92.94629629629628,0.8,2,8,92.5625925925926,0.9887349009513856,20.770712,76.277885,0.2156,2.384003250687211
5KPE_2_8_4_combined_id2,1.3311020135879517,1.9177101850509644,92.12935185185188,0.81,2,8,92.5625925925926,0.9887349009513856,20.770712,76.277885,0.2145,2.344229521574797
5KPE_2_8_4_combined_id20,1.3732305765151978,1.9528214931488037,94.5925,0.84,2,8,92.5625925925926,0.9887349009513856,20.770712,76.277885,0.2051,2.395488880298756
5KPE_2_8_4_combined_id21,1.2677900791168213,1.8772222995758057,93.86777777777776,0.83,2,8,92.5625925925926,0.9887349009513856,20.770712,76.277885,0.2192,2.23248036702474
5KPE_2_8_4_combined_id22,1.078424334526062,1.776344656944275,91.08046296296295,0.76,2,8,92.5625925925926,0.9887349009513856,20.770712,76.277885,0.218,2.4770841245298034
5KPE_2_8_4_combined_id23,11.125643730163574,10.729231834411621,82.34342592592594,0.61,2,8,92.5625925925926,0.9887349009513856,20.770712,76.277885,0.2022,2.2188147085684315
5KPE_2_8_4_combined_id24,1.358168363571167,1.4585604667663574,92.39666666666666,0.8,2,8,92.5625925925926,0.9887349009513856,20.770712,76.277885,0.2157,2.1646558973524304
5KPE_2_8_4_combined_id3,1.4388080835342407,1.6265058517456055,91.63314814814814,0.78,2,8,92.5625925925926,0.9887349009513856,20.770712,76.277885,0.1914,2.284527813946759
5KPE_2_8_4_combined_id4,1.4091376066207886,1.6675018072128296,93.16694444444444,0.82,2,8,92.5625925925926,0.9887349009513856,20.770712,76.277885,0.2154,2.342005694354022
5KPE_2_8_4_combined_id6,10.73373031616211,10.217345237731934,88.36583333333336,0.77,2,8,92.5625925925926,0.9887349009513856,20.770712,76.277885,0.2006,2.43704675745081
5KPE_2_8_4_combined_id7,1.4970699548721313,1.6785786151885986,93.74731481481484,0.82,2,8,92.5625925925926,0.9887349009513856,20.770712,76.277885,0.1956,2.259987301296658
5KPE_2_8_4_combined_id8,1.2489928007125854,1.5661195516586304,90.06009259259261,0.78,2,8,92.5625925925926,0.9887349009513856,20.770712,76.277885,0.2082,2.4078507600007235
5KPE_2_8_4_combined_id9,1.6552361249923706,1.7083189487457275,84.96046296296296,0.75,2,8,92.5625925925926,0.9887349009513856,20.770712,76.277885,0.2076,2.1759474012586804
5KPE_2_8_5_combined_id1,1.861777901649475,1.34073007106781,89.52268518518518,0.75,2,8,94.71009259259256,0.7433346509933472,19.9959,74.97805,0.2017,1.9138282493308736
5KPE_2_8_5_combined_id10,1.1456116437911987,1.9211339950561523,96.62055555555555,0.87,2,8,94.71009259259256,0.7433346509933472,19.9959,74.97805,0.2107,2.401640432852286
5KPE_2_8_5_combined_id11,1.5319797992706299,1.7946441173553467,90.99407407407408,0.79,2,8,94.71009259259256,0.7433346509933472,19.9959,74.97805,0.191,2.301364192256221
5KPE_2_8_5_combined_id12,1.0856231451034546,1.9140405654907227,93.29194444444444,0.83,2,8,94.71009259259256,0.7433346509933472,19.9959,74.97805,0.2005,2.6303482055664062
5KPE_2_8_5_combined_id13,1.8342612981796265,1.718799352645874,90.8103703703704,0.78,2,8,94.71009259259256,0.7433346509933472,19.9959,74.97805,0.1973,2.13082038031684
5KPE_2_8_5_combined_id14,1.3410542011260986,1.9627735614776611,87.25296296296298,0.75,2,8,94.71009259259256,0.7433346509933472,19.9959,74.97805,0.1883,2.1351069697627314
5KPE_2_8_5_combined_id15,1.4194040298461914,1.579062581062317,86.95101851851852,0.72,2,8,94.71009259259256,0.7433346509933472,19.9959,74.97805,0.1881,2.182114777741609
5KPE_2_8_5_combined_id16,1.5776355266571045,1.6918718814849854,91.58675925925924,0.79,2,8,94.71009259259256,0.7433346509933472,19.9959,74.97805,0.1949,2.117813958062066
5KPE_2_8_5_combined_id17,1.4377083778381348,1.7145670652389526,93.5776851851852,0.82,2,8,94.71009259259256,0.7433346509933472,19.9959,74.97805,0.2127,2.094021267361111
5KPE_2_8_5_combined_id18,1.5219635963439941,1.200208067893982,89.9109259259259,0.75,2,8,94.71009259259256,0.7433346509933472,19.9959,74.97805,0.2166,2.1999634636773004
5KPE_2_8_5_combined_id19,2.0082144737243652,1.1491045951843262,94.30212962962965,0.83,2,8,94.71009259259256,0.7433346509933472,19.9959,74.97805,0.2058,2.4188831470630787
5KPE_2_8_5_combined_id2,1.4576117992401123,1.4939548969268799,92.21222222222222,0.81,2,8,94.71009259259256,0.7433346509933472,19.9959,74.97805,0.1988,2.404470373083044
5KPE_2_8_5_combined_id20,1.496982216835022,1.681872010231018,89.62333333333335,0.76,2,8,94.71009259259256,0.7433346509933472,19.9959,74.97805,0.2076,2.224426128246166
5KPE_2_8_5_combined_id21,1.8239507675170898,1.760844349861145,90.69472222222224,0.78,2,8,94.71009259259256,0.7433346509933472,19.9959,74.97805,0.172,2.5117085774739585
5KPE_2_8_5_combined_id22,1.0796493291854858,1.753829836845398,91.48212962962964,0.8,2,8,94.71009259259256,0.7433346509933472,19.9959,74.97805,0.2055,2.4565797028718173
5KPE_2_8_5_combined_id23,1.5977182388305664,1.6935633420944214,86.92138888888887,0.76,2,8,94.71009259259256,0.7433346509933472,19.9959,74.97805,0.1879,2.337549845377604
5KPE_2_8_5_combined_id24,1.5017009973526,1.2830132246017456,86.84675925925927,0.71,2,8,94.71009259259256,0.7433346509933472,19.9959,74.97805,0.1956,2.2659838641131365
5KPE_2_8_5_combined_id3,1.3956727981567383,1.6777337789535522,87.32796296296296,0.74,2,8,94.71009259259256,0.7433346509933472,19.9959,74.97805,0.2007,2.345281812879774
5KPE_2_8_5_combined_id4,1.6325550079345703,1.368572473526001,88.31444444444445,0.74,2,8,94.71009259259256,0.7433346509933472,19.9959,74.97805,0.2007,2.482235378689236
5KPE_2_8_5_combined_id5,1.3293681144714355,2.034308671951294,92.58472222222224,0.84,2,8,94.71009259259256,0.7433346509933472,19.9959,74.97805,0.1918,2.501799971969039
5KPE_2_8_5_combined_id6,1.6186319589614868,1.5505521297454834,91.6800925925926,0.8,2,8,94.71009259259256,0.7433346509933472,19.9959,74.97805,0.2059,2.0563234399866173
5KPE_2_8_5_combined_id7,1.5723265409469604,1.5441240072250366,85.68935185185184,0.71,2,8,94.71009259259256,0.7433346509933472,19.9959,74.97805,0.1883,2.069286205150463
5KPE_2_8_5_combined_id8,1.3600513935089111,1.7843055725097656,88.74851851851851,0.75,2,8,94.71009259259256,0.7433346509933472,19.9959,74.97805,0.198,2.353136698404948
5KPE_2_8_5_combined_id9,1.5899938344955444,1.7120553255081177,83.4123148148148,0.67,2,8,94.71009259259256,0.7433346509933472,19.9959,74.97805,0.2088,2.196216441966869
5KPE_2_8_6_combined_id1,1.5257234573364258,1.9155057668685913,91.7374074074074,0.83,2,8,89.47833333333334,1.048519492149353,20.378292,74.88644,0.2056,2.359716627332899
5KPE_2_8_6_combined_id10,1.3075709342956543,1.7505569458007812,88.07537037037036,0.78,2,8,89.47833333333334,1.048519492149353,20.378292,74.88644,0.204,2.286864245379413
5KPE_2_8_6_combined_id11,1.089751958847046,2.0937390327453613,88.06675925925927,0.76,2,8,89.47833333333334,1.048519492149353,20.378292,74.88644,0.2169,2.538042986834491
5KPE_2_8_6_combined_id12,11.092649459838867,10.854626655578613,77.66435185185186,0.59,2,8,89.47833333333334,1.048519492149353,20.378292,74.88644,0.2088,2.5282485396773726
5KPE_2_8_6_combined_id13,1.297991156578064,1.8803458213806152,81.08583333333333,0.67,2,8,89.47833333333334,1.048519492149353,20.378292,74.88644,0.1906,2.1109675654658564
5KPE_2_8_6_combined_id14,1.118709921836853,2.01076340675354,92.20083333333334,0.8,2,8,89.47833333333334,1.048519492149353,20.378292,74.88644,0.2026,2.5797144571940103
5KPE_2_8_6_combined_id15,5.837854385375977,5.902527809143066,68.71972222222223,0.56,2,8,89.47833333333334,1.048519492149353,20.378292,74.88644,0.1977,2.3960294370298034
5KPE_2_8_6_combined_id16,1.2163350582122803,2.476977825164795,65.1824074074074,0.44,2,8,89.47833333333334,1.048519492149353,20.378292,74.88644,0.1982,2.136915983977141
5KPE_2_8_6_combined_id17,1.3125929832458496,1.9349931478500366,83.40324074074076,0.66,2,8,89.47833333333334,1.048519492149353,20.378292,74.88644,0.1896,2.451089929651331
5KPE_2_8_6_combined_id18,1.9553487300872803,1.25041925907135,92.52675925925924,0.83,2,8,89.47833333333334,1.048519492149353,20.378292,74.88644,0.2055,2.4598094798900463
5KPE_2_8_6_combined_id19,1.350058674812317,1.810189962387085,81.67175925925928,0.65,2,8,89.47833333333334,1.048519492149353,20.378292,74.88644,0.1822,2.616660789207176
5KPE_2_8_6_combined_id2,1.4385523796081543,1.2943475246429443,88.78814814814815,0.72,2,8,89.47833333333334,1.048519492149353,20.378292,74.88644,0.2165,2.2919177302607783
5KPE_2_8_6_combined_id20,1.7508983612060547,1.2559438943862915,84.16851851851852,0.69,2,8,89.47833333333334,1.048519492149353,20.378292,74.88644,0.2049,2.17325676812066
5KPE_2_8_6_combined_id21,1.2226344347000122,1.5273377895355225,93.03333333333336,0.81,2,8,89.47833333333334,1.048519492149353,20.378292,74.88644,0.2072,2.458431950321904
5KPE_2_8_6_combined_id22,1.6963918209075928,1.2734079360961914,84.1024074074074,0.67,2,8,89.47833333333334,1.048519492149353,20.378292,74.88644,0.1874,2.168880886501736
5KPE_2_8_6_combined_id23,1.9250999689102173,1.5035594701766968,87.80675925925927,0.77,2,8,89.47833333333334,1.048519492149353,20.378292,74.88644,0.197,2.3826876039858216
5KPE_2_8_6_combined_id24,1.7706842422485352,1.531402349472046,84.23666666666666,0.65,2,8,89.47833333333334,1.048519492149353,20.378292,74.88644,0.1952,2.2295393767180265
5KPE_2_8_6_combined_id3,1.4575787782669067,1.452721357345581,82.12388888888889,0.72,2,8,89.47833333333334,1.048519492149353,20.378292,74.88644,0.2043,2.37696612322772
5KPE_2_8_6_combined_id4,1.586157202720642,1.2634316682815552,88.06055555555555,0.77,2,8,89.47833333333334,1.048519492149353,20.378292,74.88644,0.2142,2.12256509286386
5KPE_2_8_6_combined_id5,16.28794288635254,16.78019142150879,83.01916666666666,0.59,2,8,89.47833333333334,1.048519492149353,20.378292,74.88644,0.2157,2.372958430537471
5KPE_2_8_6_combined_id6,1.291504144668579,1.7960450649261475,85.8512962962963,0.7,2,8,89.47833333333334,1.048519492149353,20.378292,74.88644,0.1906,2.4103936089409723
5KPE_2_8_6_combined_id7,1.4370158910751343,1.8355942964553833,78.7674074074074,0.65,2,8,89.47833333333334,1.048519492149353,20.378292,74.88644,0.189,2.3250054253472223
5KPE_2_8_6_combined_id8,1.504984974861145,1.2809244394302368,87.47574074074075,0.74,2,8,89.47833333333334,1.048519492149353,20.378292,74.88644,0.1946,2.4345022130895546
5KPE_2_8_6_combined_id9,1.7117732763290405,1.359545350074768,82.46462962962966,0.71,2,8,89.47833333333334,1.048519492149353,20.378292,74.88644,0.2238,2.308672021936488
5KPE_2_8_7_combined_id1,10.829780578613281,11.067278861999512,89.63055555555555,0.71,2,8,95.86722222222222,0.7635213136672974,20.272322,75.55052,0.2189,2.1091625072337963
5KPE_2_8_7_combined_id10,1.2700438499450684,1.8689733743667603,90.70638888888892,0.81,2,8,95.86722222222222,0.7635213136672974,20.272322,75.55052,0.2223,2.16239251030816
5KPE_2_8_7_combined_id11,1.1911033391952515,1.5836381912231445,89.62388888888887,0.78,2,8,95.86722222222222,0.7635213136672974,20.272322,75.55052,0.2085,2.275147473370587
5KPE_2_8_7_combined_id12,1.3184030055999756,2.2078793048858643,89.88287037037036,0.78,2,8,95.86722222222222,0.7635213136672974,20.272322,75.55052,0.1983,2.428919474283854
5KPE_2_8_7_combined_id13,1.3020235300064087,1.6394543647766113,83.96537037037035,0.7,2,8,95.86722222222222,0.7635213136672974,20.272322,75.55052,0.2125,2.098098896167897
5KPE_2_8_7_combined_id14,1.4865386486053467,1.5096768140792847,87.3909259259259,0.73,2,8,95.86722222222222,0.7635213136672974,20.272322,75.55052,0.206,2.177885267469618
5KPE_2_8_7_combined_id15,1.0792627334594727,2.1656484603881836,87.01648148148149,0.73,2,8,95.86722222222222,0.7635213136672974,20.272322,75.55052,0.1841,2.354709201388889
5KPE_2_8_7_combined_id16,1.8416993618011475,1.3222393989562988,79.93157407407406,0.64,2,8,95.86722222222222,0.7635213136672974,20.272322,75.55052,0.2112,2.3110973216869213
5KPE_2_8_7_combined_id17,1.2912148237228394,1.576011300086975,87.50203703703701,0.72,2,8,95.86722222222222,0.7635213136672974,20.272322,75.55052,0.1851,2.2644205446596497
5KPE_2_8_7_combined_id18,10.515968322753906,10.785987854003906,80.50962962962961,0.61,2,8,95.86722222222222,0.7635213136672974,20.272322,75.55052,0.2118,2.1629891572175204
5KPE_2_8_7_combined_id19,1.1479854583740234,1.9523892402648926,92.32824074074075,0.82,2,8,95.86722222222222,0.7635213136672974,20.272322,75.55052,0.2081,2.5157753273292824
5KPE_2_8_7_combined_id2,1.35415780544281,1.2738735675811768,91.1687962962963,0.79,2,8,95.86722222222222,0.7635213136672974,20.272322,75.55052,0.2017,2.2461381135163485
5KPE_2_8_7_combined_id20,1.6869618892669678,1.5338181257247925,92.04203703703703,0.83,2,8,95.86722222222222,0.7635213136672974,20.272322,75.55052,0.2357,2.071011013454861
5KPE_2_8_7_combined_id21,1.6143393516540527,1.8919986486434937,87.54101851851853,0.73,2,8,95.86722222222222,0.7635213136672974,20.272322,75.55052,0.1914,2.0774885106969765
5KPE_2_8_7_combined_id22,1.3031818866729736,1.72096586227417,86.70537037037037,0.72,2,8,95.86722222222222,0.7635213136672974,20.272322,75.55052,0.1865,2.287528709129051
5KPE_2_8_7_combined_id23,1.6924136877059937,1.8664411306381226,92.71268518518518,0.81,2,8,95.86722222222222,0.7635213136672974,20.272322,75.55052,0.2083,2.182056568287037
5KPE_2_8_7_combined_id24,1.5878115892410278,1.0787116289138794,88.95240740740743,0.74,2,8,95.86722222222222,0.7635213136672974,20.272322,75.55052,0.2045,2.244527604844836
5KPE_2_8_7_combined_id3,1.5000237226486206,1.65338134765625,86.53462962962965,0.72,2,8,95.86722222222222,0.7635213136672974,20.272322,75.55052,0.1917,2.06846844708478
5KPE_2_8_7_combined_id4,1.1169171333312988,2.070678234100342,88.96981481481485,0.75,2,8,95.86722222222222,0.7635213136672974,20.272322,75.55052,0.2028,2.2547600357620805
5KPE_2_8_7_combined_id5,1.329866886138916,1.9983044862747192,86.53629629629629,0.74,2,8,95.86722222222222,0.7635213136672974,20.272322,75.55052,0.2,2.238037957085504
5KPE_2_8_7_combined_id6,1.3861956596374512,1.3441822528839111,89.89879629629628,0.78,2,8,95.86722222222222,0.7635213136672974,20.272322,75.55052,0.1931,2.232986167625145
5KPE_2_8_7_combined_id7,1.8395389318466187,1.1037122011184692,89.91898148148147,0.74,2,8,95.86722222222222,0.7635213136672974,20.272322,75.55052,0.1893,2.170604705810547
5KPE_2_8_7_combined_id8,1.2950273752212524,2.0632269382476807,92.46898148148148,0.81,2,8,95.86722222222222,0.7635213136672974,20.272322,75.55052,0.1969,2.113625137894242
5KPE_2_8_7_combined_id9,1.2001953125,2.03190541267395,91.54805555555558,0.8,2,8,95.86722222222222,0.7635213136672974,20.272322,75.55052,0.203,2.177184634738498
5KPE_2_8_8_combined_id1,1.5596129894256592,2.4040191173553467,85.17574074074075,0.76,2,8,87.42814814814814,0.8288607597351074,20.240816,72.752365,0.2071,2.3327612700285734
5KPE_2_8_8_combined_id10,1.345801591873169,1.2948055267333984,87.77981481481483,0.74,2,8,87.42814814814814,0.8288607597351074,20.240816,72.752365,0.1934,2.510178177445024
5KPE_2_8_8_combined_id11,1.3854615688323975,2.007537364959717,86.26555555555558,0.71,2,8,87.42814814814814,0.8288607597351074,20.240816,72.752365,0.1893,2.3540300439905235
5KPE_2_8_8_combined_id12,1.8913220167160034,2.174553394317627,83.6038888888889,0.65,2,8,87.42814814814814,0.8288607597351074,20.240816,72.752365,0.2102,2.165890446415654
5KPE_2_8_8_combined_id13,1.5509549379348755,1.0077674388885498,93.4074074074074,0.83,2,8,87.42814814814814,0.8288607597351074,20.240816,72.752365,0.2085,2.1681317929868347
5KPE_2_8_8_combined_id14,1.162658929824829,2.080132007598877,88.16805555555555,0.72,2,8,87.42814814814814,0.8288607597351074,20.240816,72.752365,0.2135,2.434314869068287
5KPE_2_8_8_combined_id15,1.6324890851974487,1.1391165256500244,86.00574074074075,0.74,2,8,87.42814814814814,0.8288607597351074,20.240816,72.752365,0.1999,2.199174103913484
5KPE_2_8_8_combined_id16,1.7078145742416382,1.347299575805664,89.49833333333333,0.77,2,8,87.42814814814814,0.8288607597351074,20.240816,72.752365,0.2099,2.217330508761936
5KPE_2_8_8_combined_id17,2.0027918815612793,0.9913907647132874,91.68601851851852,0.79,2,8,87.42814814814814,0.8288607597351074,20.240816,72.752365,0.2213,2.102547539605035
5KPE_2_8_8_combined_id18,1.5160841941833496,1.8832288980484009,90.43842592592593,0.78,2,8,87.42814814814814,0.8288607597351074,20.240816,72.752365,0.2041,2.385296009205006
5KPE_2_8_8_combined_id19,1.224739670753479,1.8199886083602905,92.37305555555557,0.8,2,8,87.42814814814814,0.8288607597351074,20.240816,72.752365,0.2139,2.840865523726852
5KPE_2_8_8_combined_id2,1.4981098175048828,1.697543978691101,87.37638888888888,0.73,2,8,87.42814814814814,0.8288607597351074,20.240816,72.752365,0.2097,2.404663933648004
5KPE_2_8_8_combined_id20,1.1808083057403564,1.8396772146224976,87.62518518518519,0.73,2,8,87.42814814814814,0.8288607597351074,20.240816,72.752365,0.206,2.256287327519169
5KPE_2_8_8_combined_id21,1.1720327138900757,1.7274987697601318,90.08185185185184,0.76,2,8,87.42814814814814,0.8288607597351074,20.240816,72.752365,0.2165,2.3880072699652777
5KPE_2_8_8_combined_id22,1.2737764120101929,1.4391124248504639,89.61824074074073,0.78,2,8,87.42814814814814,0.8288607597351074,20.240816,72.752365,0.2145,2.202200995551215
5KPE_2_8_8_combined_id23,1.845231533050537,1.7940667867660522,84.22657407407405,0.65,2,8,87.42814814814814,0.8288607597351074,20.240816,72.752365,0.197,2.4924632884837963
5KPE_2_8_8_combined_id24,1.522891879081726,1.4850894212722778,89.66796296296296,0.75,2,8,87.42814814814814,0.8288607597351074,20.240816,72.752365,0.2153,2.264553776493779
5KPE_2_8_8_combined_id3,1.3694177865982056,2.0908613204956055,90.52148148148147,0.77,2,8,87.42814814814814,0.8288607597351074,20.240816,72.752365,0.2309,2.2020837289315685
5KPE_2_8_8_combined_id4,1.489072322845459,1.964138150215149,91.51324074074071,0.79,2,8,87.42814814814814,0.8288607597351074,20.240816,72.752365,0.2171,2.2108562610767506
5KPE_2_8_8_combined_id5,1.6033422946929932,1.3399819135665894,82.93861111111111,0.69,2,8,87.42814814814814,0.8288607597351074,20.240816,72.752365,0.226,2.144310421413845
5KPE_2_8_8_combined_id6,1.6807142496109009,1.0945695638656616,85.4541666666667,0.67,2,8,87.42814814814814,0.8288607597351074,20.240816,72.752365,0.1846,2.096141956470631
5KPE_2_8_8_combined_id7,2.278531789779663,1.2272237539291382,86.71879629629629,0.75,2,8,87.42814814814814,0.8288607597351074,20.240816,72.752365,0.2004,2.25745278817636
5KPE_2_8_8_combined_id8,1.4767625331878662,1.7157992124557495,87.82129629629627,0.73,2,8,87.42814814814814,0.8288607597351074,20.240816,72.752365,0.2015,2.016888795075593
5KPE_2_8_8_combined_id9,12.952285766601562,12.406750679016113,78.86833333333334,0.61,2,8,87.42814814814814,0.8288607597351074,20.240816,72.752365,0.2076,2.2146233452690973
5KPE_2_8_9_combined_id1,1.6006942987442017,1.810595154762268,88.38953703703704,0.76,2,8,90.8955555555556,0.7419528961181641,20.693417,74.47337,0.1983,2.042067209879557
5KPE_2_8_9_combined_id10,1.36676824092865,1.382796049118042,93.39805555555556,0.83,2,8,90.8955555555556,0.7419528961181641,20.693417,74.47337,0.1867,2.023410373263889
5KPE_2_8_9_combined_id11,0.9664915800094604,2.125383138656616,91.87962962962962,0.79,2,8,90.8955555555556,0.7419528961181641,20.693417,74.47337,0.1847,2.6463866057219327
5KPE_2_8_9_combined_id12,1.7503175735473633,0.997279703617096,90.91416666666667,0.78,2,8,90.8955555555556,0.7419528961181641,20.693417,74.47337,0.2097,1.852007548014323
5KPE_2_8_9_combined_id13,1.5935519933700562,1.231061339378357,88.70564814814816,0.79,2,8,90.8955555555556,0.7419528961181641,20.693417,74.47337,0.23,1.9858809577094183
5KPE_2_8_9_combined_id14,1.3605639934539795,1.7422211170196533,86.72361111111111,0.72,2,8,90.8955555555556,0.7419528961181641,20.693417,74.47337,0.2214,2.034078103524667
5KPE_2_8_9_combined_id16,1.428647518157959,1.1646449565887451,93.12944444444446,0.82,2,8,90.8955555555556,0.7419528961181641,20.693417,74.47337,0.2125,2.014303136754919
5KPE_2_8_9_combined_id17,1.3384729623794556,1.6377692222595215,95.59231481481484,0.86,2,8,90.8955555555556,0.7419528961181641,20.693417,74.47337,0.2154,2.2652065135814525
5KPE_2_8_9_combined_id18,1.6724773645401,0.9114372134208679,91.97564814814815,0.82,2,8,90.8955555555556,0.7419528961181641,20.693417,74.47337,0.2031,1.946123758951823
5KPE_2_8_9_combined_id19,1.2389562129974365,1.736601710319519,90.5122222222222,0.78,2,8,90.8955555555556,0.7419528961181641,20.693417,74.47337,0.2085,2.107557508680556
5KPE_2_8_9_combined_id2,1.5540587902069092,2.2108774185180664,85.56277777777777,0.76,2,8,90.8955555555556,0.7419528961181641,20.693417,74.47337,0.2106,2.2748822812680847
5KPE_2_8_9_combined_id20,1.5427236557006836,1.7137831449508667,90.28685185185186,0.81,2,8,90.8955555555556,0.7419528961181641,20.693417,74.47337,0.2094,1.9861920674641929
5KPE_2_8_9_combined_id21,2.132002592086792,0.7818160057067871,93.63601851851853,0.83,2,8,90.8955555555556,0.7419528961181641,20.693417,74.47337,0.2019,1.7482573897750289
5KPE_2_8_9_combined_id22,1.6163839101791382,1.0627387762069702,91.81907407407408,0.81,2,8,90.8955555555556,0.7419528961181641,20.693417,74.47337,0.21,2.0281396088776766
5KPE_2_8_9_combined_id23,1.4113184213638306,1.2162388563156128,93.33259259259258,0.8,2,8,90.8955555555556,0.7419528961181641,20.693417,74.47337,0.2022,2.0627653333875866
5KPE_2_8_9_combined_id24,1.2498905658721924,1.1531572341918945,84.81472222222224,0.75,2,8,90.8955555555556,0.7419528961181641,20.693417,74.47337,0.1906,1.9436625727900751
5KPE_2_8_9_combined_id3,1.229559302330017,1.768717885017395,91.74925925925926,0.8,2,8,90.8955555555556,0.7419528961181641,20.693417,74.47337,0.2082,2.075003729926215
5KPE_2_8_9_combined_id4,1.4208558797836304,1.6313978433609009,89.69898148148148,0.79,2,8,90.8955555555556,0.7419528961181641,20.693417,74.47337,0.2177,2.1836205941659435
5KPE_2_8_9_combined_id5,1.6550233364105225,1.812150239944458,91.57018518518518,0.82,2,8,90.8955555555556,0.7419528961181641,20.693417,74.47337,0.2022,1.9945797390407989
5KPE_2_8_9_combined_id6,1.2455171346664429,1.9280076026916504,92.8975,0.83,2,8,90.8955555555556,0.7419528961181641,20.693417,74.47337,0.2117,2.141838215015553
5KPE_2_8_9_combined_id7,1.4567339420318604,1.3095054626464844,90.71675925925926,0.77,2,8,90.8955555555556,0.7419528961181641,20.693417,74.47337,0.1917,2.016178413673684
5KPE_2_8_9_combined_id9,0.9827509522438049,2.066802978515625,87.20944444444443,0.77,2,8,90.8955555555556,0.7419528961181641,20.693417,74.47337,0.2022,2.174516748498988
5KPE_4_2_0_combined_id1,1.9398999214172363,2.995440721511841,75.40712962962962,0.6,4,2,80.22583333333333,1.6562962532043457,21.965786,74.06081,0.1904,2.331346299913194
5KPE_4_2_0_combined_id10,1.2631717920303345,3.1701552867889404,84.83703703703705,0.66,4,2,80.22583333333333,1.6562962532043457,21.965786,74.06081,0.2094,2.116493225097656
5KPE_4_2_0_combined_id11,3.2418253421783447,3.711211919784546,72.52333333333333,0.57,4,2,80.22583333333333,1.6562962532043457,21.965786,74.06081,0.1904,2.370082996509693
5KPE_4_2_0_combined_id12,1.6910120248794556,3.10719895362854,78.05305555555555,0.65,4,2,80.22583333333333,1.6562962532043457,21.965786,74.06081,0.2011,2.16924398916739
5KPE_4_2_0_combined_id13,2.0824007987976074,2.253124713897705,82.32990740740739,0.68,4,2,80.22583333333333,1.6562962532043457,21.965786,74.06081,0.1949,2.1943478054470487
5KPE_4_2_0_combined_id14,10.862401962280273,11.379121780395508,84.02324074074075,0.7,4,2,80.22583333333333,1.6562962532043457,21.965786,74.06081,0.19,2.034490797254774
5KPE_4_2_0_combined_id15,1.511955976486206,2.9169936180114746,84.60592592592593,0.71,4,2,80.22583333333333,1.6562962532043457,21.965786,74.06081,0.1994,2.268430921766493
5KPE_4_2_0_combined_id16,1.6904209852218628,2.8949155807495117,78.3673148148148,0.62,4,2,80.22583333333333,1.6562962532043457,21.965786,74.06081,0.2074,2.260620258472584
5KPE_4_2_0_combined_id17,1.492921233177185,3.324578285217285,83.47805555555554,0.72,4,2,80.22583333333333,1.6562962532043457,21.965786,74.06081,0.1923,2.3293430187084057
5KPE_4_2_0_combined_id18,1.7500563859939575,2.822000741958618,75.8075,0.61,4,2,80.22583333333333,1.6562962532043457,21.965786,74.06081,0.2064,2.011347452799479
5KPE_4_2_0_combined_id19,1.5864988565444946,3.3898544311523438,88.98574074074074,0.78,4,2,80.22583333333333,1.6562962532043457,21.965786,74.06081,0.197,2.6614326194480613
5KPE_4_2_0_combined_id2,1.413568139076233,3.2504160404205322,92.5775925925926,0.81,4,2,80.22583333333333,1.6562962532043457,21.965786,74.06081,0.1935,2.327949382640697
5KPE_4_2_0_combined_id20,1.8482861518859863,3.2211906909942627,82.15481481481481,0.71,4,2,80.22583333333333,1.6562962532043457,21.965786,74.06081,0.1996,2.183391571044922
5KPE_4_2_0_combined_id21,1.8151273727416992,3.1040151119232178,84.8291666666667,0.75,4,2,80.22583333333333,1.6562962532043457,21.965786,74.06081,0.2016,2.23531256781684
5KPE_4_2_0_combined_id22,1.313047170639038,3.0809950828552246,86.71851851851852,0.73,4,2,80.22583333333333,1.6562962532043457,21.965786,74.06081,0.2062,2.5061207524052374
5KPE_4_2_0_combined_id23,1.868553876876831,3.1477556228637695,74.48277777777777,0.6,4,2,80.22583333333333,1.6562962532043457,21.965786,74.06081,0.2086,2.2570232815212674
5KPE_4_2_0_combined_id24,1.6442381143569946,3.347630023956299,86.22629629629631,0.7,4,2,80.22583333333333,1.6562962532043457,21.965786,74.06081,0.1925,2.242888415301288
5KPE_4_2_0_combined_id3,1.9924169778823853,3.0252468585968018,85.6337037037037,0.72,4,2,80.22583333333333,1.6562962532043457,21.965786,74.06081,0.1925,2.2505391438802085
5KPE_4_2_0_combined_id5,1.7404147386550903,3.3210484981536865,77.57212962962964,0.63,4,2,80.22583333333333,1.6562962532043457,21.965786,74.06081,0.1918,2.1728471826623985
5KPE_4_2_0_combined_id6,1.4982218742370605,3.136495590209961,79.90462962962964,0.66,4,2,80.22583333333333,1.6562962532043457,21.965786,74.06081,0.1979,2.3354325471100985
5KPE_4_2_0_combined_id7,2.295938730239868,2.8553459644317627,86.60722222222222,0.75,4,2,80.22583333333333,1.6562962532043457,21.965786,74.06081,0.2061,2.1339085896809897
5KPE_4_2_0_combined_id8,2.1801517009735107,3.136767625808716,89.70796296296295,0.78,4,2,80.22583333333333,1.6562962532043457,21.965786,74.06081,0.2023,2.493717900028935
5KPE_4_2_0_combined_id9,1.6256598234176636,3.1769893169403076,83.52453703703702,0.68,4,2,80.22583333333333,1.6562962532043457,21.965786,74.06081,0.1851,2.357404355649595
5KPE_4_2_2_combined_id1,9.480356216430664,9.838641166687012,79.50083333333333,0.61,4,2,77.74407407407406,2.1681668758392334,23.918257,72.3335,0.1985,2.121206212926794
5KPE_4_2_2_combined_id10,6.546479225158691,6.931999683380127,76.96851851851852,0.6,4,2,77.74407407407406,2.1681668758392334,23.918257,72.3335,0.1888,2.017955356174045
5KPE_4_2_2_combined_id11,1.641824722290039,2.901959180831909,85.72175925925924,0.71,4,2,77.74407407407406,2.1681668758392334,23.918257,72.3335,0.184,2.3592477021393954
5KPE_4_2_2_combined_id12,1.8334652185440063,3.2900238037109375,76.39268518518519,0.61,4,2,77.74407407407406,2.1681668758392334,23.918257,72.3335,0.1966,2.2960247463650174
5KPE_4_2_2_combined_id13,9.627575874328613,10.064892768859863,79.94509259259259,0.69,4,2,77.74407407407406,2.1681668758392334,23.918257,72.3335,0.1975,2.076841283727575
5KPE_4_2_2_combined_id14,8.630593299865723,8.383197784423828,75.27842592592594,0.63,4,2,77.74407407407406,2.1681668758392334,23.918257,72.3335,0.1942,2.204178562870732
5KPE_4_2_2_combined_id15,2.1897809505462646,2.515916347503662,72.98296296296296,0.59,4,2,77.74407407407406,2.1681668758392334,23.918257,72.3335,0.1962,2.1433752554434315
5KPE_4_2_2_combined_id16,1.30653715133667,3.342649221420288,87.21935185185185,0.71,4,2,77.74407407407406,2.1681668758392334,23.918257,72.3335,0.1874,2.4043271100079573
5KPE_4_2_2_combined_id17,1.902368426322937,3.469407796859741,73.90925925925926,0.66,4,2,77.74407407407406,2.1681668758392334,23.918257,72.3335,0.2107,2.2016157927336515
5KPE_4_2_2_combined_id18,3.852076768875122,2.68131422996521,76.43972222222224,0.62,4,2,77.74407407407406,2.1681668758392334,23.918257,72.3335,0.1848,2.225677914089627
5KPE_4_2_2_combined_id19,1.3598623275756836,3.5462186336517334,78.80064814814814,0.66,4,2,77.74407407407406,2.1681668758392334,23.918257,72.3335,0.1968,2.168959723578559
5KPE_4_2_2_combined_id2,2.455148458480835,3.0787806510925293,76.31277777777777,0.61,4,2,77.74407407407406,2.1681668758392334,23.918257,72.3335,0.1843,2.011937035454644
5KPE_4_2_2_combined_id20,2.88565993309021,3.213007688522339,85.81907407407408,0.71,4,2,77.74407407407406,2.1681668758392334,23.918257,72.3335,0.2141,2.209724991409867
5KPE_4_2_2_combined_id21,9.844009399414062,9.445704460144043,72.17268518518519,0.54,4,2,77.74407407407406,2.1681668758392334,23.918257,72.3335,0.2018,2.21544110333478
5KPE_4_2_2_combined_id22,1.5658087730407715,3.092921018600464,88.03416666666665,0.78,4,2,77.74407407407406,2.1681668758392334,23.918257,72.3335,0.2029,2.561303880479601
5KPE_4_2_2_combined_id23,9.425849914550781,9.501362800598145,90.1836111111111,0.8,4,2,77.74407407407406,2.1681668758392334,23.918257,72.3335,0.1968,2.1959561948423034
5KPE_4_2_2_combined_id24,6.745204448699951,6.69342565536499,68.38268518518518,0.54,4,2,77.74407407407406,2.1681668758392334,23.918257,72.3335,0.1995,2.1564915974934897
5KPE_4_2_2_combined_id3,2.2614028453826904,2.9889559745788574,77.78388888888891,0.6,4,2,77.74407407407406,2.1681668758392334,23.918257,72.3335,0.1979,2.401667277018229
5KPE_4_2_2_combined_id4,1.6671547889709473,2.9974148273468018,87.31083333333335,0.73,4,2,77.74407407407406,2.1681668758392334,23.918257,72.3335,0.1823,2.420986316822193
5KPE_4_2_2_combined_id5,9.27043342590332,9.314809799194336,65.25111111111111,0.51,4,2,77.74407407407406,2.1681668758392334,23.918257,72.3335,0.2007,2.1356415925202548
5KPE_4_2_2_combined_id6,1.9321593046188354,3.2186691761016846,78.67296296296298,0.64,4,2,77.74407407407406,2.1681668758392334,23.918257,72.3335,0.1873,2.3551644219292536
5KPE_4_2_2_combined_id7,8.062914848327637,8.501625061035156,76.04351851851852,0.59,4,2,77.74407407407406,2.1681668758392334,23.918257,72.3335,0.2011,2.0996021694607205
5KPE_4_2_2_combined_id8,2.7897226810455322,3.472043991088867,70.97898148148148,0.59,4,2,77.74407407407406,2.1681668758392334,23.918257,72.3335,0.1935,2.2292902911150896
5KPE_4_2_2_combined_id9,2.746978998184204,3.549250841140747,72.9449074074074,0.63,4,2,77.74407407407406,2.1681668758392334,23.918257,72.3335,0.1973,2.0308029739945024
5KPE_4_2_3_combined_id1,2.3634774684906006,3.5353291034698486,68.63185185185186,0.52,4,2,81.84518518518517,1.73748517036438,22.958597,76.55664,0.1877,2.3174494990596064
5KPE_4_2_3_combined_id11,11.702170372009277,11.301912307739258,84.49657407407409,0.61,4,2,81.84518518518517,1.73748517036438,22.958597,76.55664,0.2002,2.4136010629159435
5KPE_4_2_3_combined_id14,1.956925392150879,3.0467851161956787,79.0124074074074,0.63,4,2,81.84518518518517,1.73748517036438,22.958597,76.55664,0.2052,2.357635356761791
5KPE_4_2_3_combined_id15,9.11469841003418,9.702913284301758,77.26814814814816,0.63,4,2,81.84518518518517,1.73748517036438,22.958597,76.55664,0.2166,2.1983915258336952
5KPE_4_2_3_combined_id17,9.778741836547852,9.639076232910156,76.65435185185186,0.57,4,2,81.84518518518517,1.73748517036438,22.958597,76.55664,0.1939,2.4771180329499423
5KPE_4_2_3_combined_id18,1.7710150480270386,3.470022201538086,80.71490740740744,0.64,4,2,81.84518518518517,1.73748517036438,22.958597,76.55664,0.1938,2.331176333957248
5KPE_4_2_3_combined_id19,1.1993567943572998,3.1691226959228516,90.15879629629632,0.77,4,2,81.84518518518517,1.73748517036438,22.958597,76.55664,0.2121,2.250030941433377
5KPE_4_2_3_combined_id2,2.1249961853027344,3.67744517326355,72.5714814814815,0.59,4,2,81.84518518518517,1.73748517036438,22.958597,76.55664,0.2072,2.114707381637008
5KPE_4_2_3_combined_id20,1.9911390542984009,3.602189540863037,82.92138888888888,0.73,4,2,81.84518518518517,1.73748517036438,22.958597,76.55664,0.1921,2.419926961263021
5KPE_4_2_3_combined_id22,2.096560478210449,3.39298677444458,79.77324074074073,0.66,4,2,81.84518518518517,1.73748517036438,22.958597,76.55664,0.2099,2.2614532753273293
5KPE_4_2_3_combined_id23,1.5466058254241943,3.2808382511138916,76.00416666666666,0.63,4,2,81.84518518518517,1.73748517036438,22.958597,76.55664,0.1937,2.249159636320891
5KPE_4_2_3_combined_id3,1.5040854215621948,3.5533502101898193,87.52166666666666,0.77,4,2,81.84518518518517,1.73748517036438,22.958597,76.55664,0.2028,2.4939179597077548
5KPE_4_2_3_combined_id4,2.06278133392334,2.849897623062134,81.9074074074074,0.67,4,2,81.84518518518517,1.73748517036438,22.958597,76.55664,0.2172,2.3424829553674766
5KPE_4_2_3_combined_id5,1.892539143562317,2.7660717964172363,87.77175925925924,0.75,4,2,81.84518518518517,1.73748517036438,22.958597,76.55664,0.1887,2.621218928584346
5KPE_4_2_3_combined_id6,2.131148338317871,3.027191638946533,86.55120370370372,0.74,4,2,81.84518518518517,1.73748517036438,22.958597,76.55664,0.2009,2.276445459436488
5KPE_4_2_3_combined_id8,1.7847853899002075,3.544034481048584,81.18018518518517,0.67,4,2,81.84518518518517,1.73748517036438,22.958597,76.55664,0.1735,2.392353199146412
5KPE_4_2_3_combined_id9,1.90850830078125,3.112027168273926,83.2562037037037,0.63,4,2,81.84518518518517,1.73748517036438,22.958597,76.55664,0.2089,1.996068318684896
5KPE_4_2_4_combined_id1,3.224181890487671,4.360340595245361,74.66342592592594,0.56,4,2,90.15879629629627,2.149773120880127,23.75658,73.17201,0.2185,2.453750327781395
5KPE_4_2_4_combined_id10,1.517066240310669,2.8364150524139404,81.72740740740743,0.66,4,2,90.15879629629627,2.149773120880127,23.75658,73.17201,0.1896,2.615486992730035
5KPE_4_2_4_combined_id11,1.597070574760437,2.9722657203674316,84.56722222222218,0.67,4,2,90.15879629629627,2.149773120880127,23.75658,73.17201,0.1892,2.3691308763292103
5KPE_4_2_4_combined_id12,1.2882583141326904,3.3587591648101807,87.62407407407409,0.71,4,2,90.15879629629627,2.149773120880127,23.75658,73.17201,0.2007,2.443964075159144
5KPE_4_2_4_combined_id13,1.2361472845077515,3.3876256942749023,84.63953703703703,0.7,4,2,90.15879629629627,2.149773120880127,23.75658,73.17201,0.1964,2.711761474609375
5KPE_4_2_4_combined_id14,2.3799312114715576,3.5548152923583984,85.95324074074075,0.75,4,2,90.15879629629627,2.149773120880127,23.75658,73.17201,0.1976,2.404823585792824
5KPE_4_2_4_combined_id16,10.77206039428711,11.016273498535156,76.72361111111111,0.61,4,2,90.15879629629627,2.149773120880127,23.75658,73.17201,0.2156,2.3260938856336804
5KPE_4_2_4_combined_id17,11.740467071533203,10.759720802307129,72.16379629629628,0.51,4,2,90.15879629629627,2.149773120880127,23.75658,73.17201,0.2123,2.30637119434498
5KPE_4_2_4_combined_id18,1.016359806060791,3.0497803688049316,87.96287037037037,0.76,4,2,90.15879629629627,2.149773120880127,23.75658,73.17201,0.2092,2.559417159469039
5KPE_4_2_4_combined_id19,2.189013957977295,2.87284779548645,82.92305555555555,0.7,4,2,90.15879629629627,2.149773120880127,23.75658,73.17201,0.2051,2.61533044885706
5KPE_4_2_4_combined_id2,1.6949872970581055,3.362471342086792,86.15,0.72,4,2,90.15879629629627,2.149773120880127,23.75658,73.17201,0.2103,2.4439434475368924
5KPE_4_2_4_combined_id20,1.4037384986877441,3.3489115238189697,85.93842592592593,0.7,4,2,90.15879629629627,2.149773120880127,23.75658,73.17201,0.1894,2.492528279622396
5KPE_4_2_4_combined_id23,8.990483283996582,9.527259826660156,76.32694444444444,0.59,4,2,90.15879629629627,2.149773120880127,23.75658,73.17201,0.2017,2.465194702148437
5KPE_4_2_4_combined_id24,1.7767635583877563,3.0129096508026123,91.80814814814816,0.8,4,2,90.15879629629627,2.149773120880127,23.75658,73.17201,0.2059,2.2855278297706887
5KPE_4_2_4_combined_id3,10.61231517791748,11.710713386535645,73.39824074074076,0.59,4,2,90.15879629629627,2.149773120880127,23.75658,73.17201,0.2133,2.2227235016999423
5KPE_4_2_4_combined_id5,1.8406943082809448,3.378603219985962,94.95962962962962,0.83,4,2,90.15879629629627,2.149773120880127,23.75658,73.17201,0.2031,2.870468139648437
5KPE_4_2_4_combined_id6,1.3848272562026978,3.4301414489746094,87.84287037037038,0.74,4,2,90.15879629629627,2.149773120880127,23.75658,73.17201,0.1968,2.4351769906503185
5KPE_4_2_4_combined_id7,1.5883747339248657,3.150552988052368,89.12222222222223,0.77,4,2,90.15879629629627,2.149773120880127,23.75658,73.17201,0.1994,2.3133012277108653
5KPE_4_2_4_combined_id8,1.753227949142456,3.153475046157837,69.00750000000001,0.59,4,2,90.15879629629627,2.149773120880127,23.75658,73.17201,0.2111,2.4168675740559897
5KPE_4_2_4_combined_id9,1.7752759456634521,2.851376533508301,86.6864814814815,0.73,4,2,90.15879629629627,2.149773120880127,23.75658,73.17201,0.2074,2.710025080928096
5KPE_4_2_5_combined_id1,1.6008176803588867,1.809941291809082,80.64175925925926,0.64,4,2,84.50120370370371,1.475726842880249,22.13892,75.878555,0.1947,2.398235179759838
5KPE_4_2_5_combined_id10,1.979910135269165,3.3097424507141113,81.34546296296297,0.71,4,2,84.50120370370371,1.475726842880249,22.13892,75.878555,0.2099,2.3534777605975115
5KPE_4_2_5_combined_id12,2.0947277545928955,2.492246389389038,79.09203703703703,0.67,4,2,84.50120370370371,1.475726842880249,22.13892,75.878555,0.2097,2.1588369298864296
5KPE_4_2_5_combined_id13,6.796802997589111,7.708752155303955,67.63,0.57,4,2,84.50120370370371,1.475726842880249,22.13892,75.878555,0.2021,2.2030854401765048
5KPE_4_2_5_combined_id14,2.092902898788452,3.131829023361206,68.70694444444445,0.57,4,2,84.50120370370371,1.475726842880249,22.13892,75.878555,0.2158,2.397030865704572
5KPE_4_2_5_combined_id15,1.847764492034912,2.6825578212738037,79.01703703703706,0.67,4,2,84.50120370370371,1.475726842880249,22.13892,75.878555,0.1892,2.424905847620081
5KPE_4_2_5_combined_id16,1.9578453302383423,3.1408281326293945,82.32388888888887,0.71,4,2,84.50120370370371,1.475726842880249,22.13892,75.878555,0.1952,2.325036790635851
5KPE_4_2_5_combined_id17,3.1854875087738037,4.321567058563232,78.04666666666665,0.61,4,2,84.50120370370371,1.475726842880249,22.13892,75.878555,0.2073,2.32374601010923
5KPE_4_2_5_combined_id18,9.832759857177734,10.002778053283691,70.61574074074073,0.57,4,2,84.50120370370371,1.475726842880249,22.13892,75.878555,0.1991,2.2148960254810475
5KPE_4_2_5_combined_id2,3.22983980178833,3.842270851135254,61.64953703703705,0.47,4,2,84.50120370370371,1.475726842880249,22.13892,75.878555,0.221,2.15485664650246
5KPE_4_2_5_combined_id20,1.9653104543685913,2.431442975997925,85.79712962962964,0.73,4,2,84.50120370370371,1.475726842880249,22.13892,75.878555,0.1988,2.29805020932798
5KPE_4_2_5_combined_id21,2.115635633468628,2.788215398788452,78.97000000000001,0.68,4,2,84.50120370370371,1.475726842880249,22.13892,75.878555,0.2054,2.2442943431712963
5KPE_4_2_5_combined_id22,11.542265892028809,10.743006706237793,74.64305555555556,0.54,4,2,84.50120370370371,1.475726842880249,22.13892,75.878555,0.2188,2.236623975965712
5KPE_4_2_5_combined_id24,2.6806294918060303,3.2237815856933594,79.8225925925926,0.72,4,2,84.50120370370371,1.475726842880249,22.13892,75.878555,0.2043,2.114249052824797
5KPE_4_2_5_combined_id3,1.62818443775177,3.3876519203186035,85.1659259259259,0.72,4,2,84.50120370370371,1.475726842880249,22.13892,75.878555,0.2039,2.3346385249385126
5KPE_4_2_5_combined_id4,1.8956127166748047,3.0288174152374268,79.28611111111111,0.69,4,2,84.50120370370371,1.475726842880249,22.13892,75.878555,0.1986,2.322184103506583
5KPE_4_2_5_combined_id5,1.9635725021362305,3.324320077896118,85.48944444444443,0.75,4,2,84.50120370370371,1.475726842880249,22.13892,75.878555,0.22,2.058415165653935
5KPE_4_2_5_combined_id6,1.8867034912109375,2.8908019065856934,86.72407407407408,0.73,4,2,84.50120370370371,1.475726842880249,22.13892,75.878555,0.2121,2.1902917932581016
5KPE_4_2_5_combined_id7,1.5776554346084595,2.9305596351623535,80.65805555555556,0.7,4,2,84.50120370370371,1.475726842880249,22.13892,75.878555,0.2203,2.292362071849681
5KPE_4_2_5_combined_id9,1.8418612480163574,3.049675941467285,82.58731481481482,0.72,4,2,84.50120370370371,1.475726842880249,22.13892,75.878555,0.2098,2.2061793009440103
5KPE_4_2_6_combined_id1,2.256373882293701,3.937833070755005,79.48074074074073,0.62,4,2,84.35388888888889,0.9748175144195556,22.816462,75.94201,0.1912,2.3027595237449363
5KPE_4_2_6_combined_id10,1.832831859588623,2.4781417846679688,82.54481481481481,0.72,4,2,84.35388888888889,0.9748175144195556,22.816462,75.94201,0.2116,2.094043872974537
5KPE_4_2_6_combined_id11,10.188521385192871,10.744539260864258,68.19777777777777,0.52,4,2,84.35388888888889,0.9748175144195556,22.816462,75.94201,0.1982,2.362080609356916
5KPE_4_2_6_combined_id12,1.6068965196609497,2.7991862297058105,85.61694444444441,0.74,4,2,84.35388888888889,0.9748175144195556,22.816462,75.94201,0.2142,2.289783336498119
5KPE_4_2_6_combined_id13,10.526350975036621,10.139385223388672,86.92129629629629,0.7,4,2,84.35388888888889,0.9748175144195556,22.816462,75.94201,0.2081,2.151992091426143
5KPE_4_2_6_combined_id14,1.232552409172058,3.2572145462036133,83.94453703703702,0.69,4,2,84.35388888888889,0.9748175144195556,22.816462,75.94201,0.2041,2.429224932635272
5KPE_4_2_6_combined_id15,1.6154136657714844,2.9249825477600098,84.30731481481483,0.73,4,2,84.35388888888889,0.9748175144195556,22.816462,75.94201,0.201,2.2607385140878185
5KPE_4_2_6_combined_id16,2.677854061126709,4.506832122802734,73.07851851851851,0.6,4,2,84.35388888888889,0.9748175144195556,22.816462,75.94201,0.2102,2.3454531916865595
5KPE_4_2_6_combined_id17,1.5281450748443604,3.1291470527648926,80.85083333333331,0.65,4,2,84.35388888888889,0.9748175144195556,22.816462,75.94201,0.2094,2.148091351544416
5KPE_4_2_6_combined_id18,1.7830408811569214,3.5044753551483154,88.20185185185183,0.77,4,2,84.35388888888889,0.9748175144195556,22.816462,75.94201,0.2058,2.445576420536748
5KPE_4_2_6_combined_id19,6.685873985290527,7.2866997718811035,71.94342592592592,0.65,4,2,84.35388888888889,0.9748175144195556,22.816462,75.94201,0.2114,2.2441575792100696
5KPE_4_2_6_combined_id2,2.4620766639709473,3.920435905456543,89.33805555555556,0.78,4,2,84.35388888888889,0.9748175144195556,22.816462,75.94201,0.2081,2.238512957537616
5KPE_4_2_6_combined_id20,9.475881576538086,9.59193229675293,66.26268518518519,0.53,4,2,84.35388888888889,0.9748175144195556,22.816462,75.94201,0.1997,2.587968049225984
5KPE_4_2_6_combined_id21,1.7923239469528198,3.1661462783813477,82.35009259259259,0.67,4,2,84.35388888888889,0.9748175144195556,22.816462,75.94201,0.2069,2.0327631632486978
5KPE_4_2_6_combined_id22,1.8776161670684814,3.0608808994293213,84.39212962962964,0.75,4,2,84.35388888888889,0.9748175144195556,22.816462,75.94201,0.2227,2.3251975730613426
5KPE_4_2_6_combined_id23,2.161576271057129,3.482858657836914,82.46407407407408,0.68,4,2,84.35388888888889,0.9748175144195556,22.816462,75.94201,0.2108,2.1638112951208046
5KPE_4_2_6_combined_id24,2.2573325634002686,3.759850263595581,75.69083333333334,0.57,4,2,84.35388888888889,0.9748175144195556,22.816462,75.94201,0.2134,2.354410524721499
5KPE_4_2_6_combined_id3,2.4739010334014893,3.67490553855896,83.75333333333334,0.73,4,2,84.35388888888889,0.9748175144195556,22.816462,75.94201,0.2109,2.305547926161024
5KPE_4_2_6_combined_id4,1.5383597612380981,3.2301063537597656,84.30972222222223,0.73,4,2,84.35388888888889,0.9748175144195556,22.816462,75.94201,0.2097,2.4166604501229747
5KPE_4_2_6_combined_id5,2.264737129211426,3.5474393367767334,90.52796296296296,0.8,4,2,84.35388888888889,0.9748175144195556,22.816462,75.94201,0.2307,2.5414242214626737
5KPE_4_2_6_combined_id6,2.2649288177490234,2.896014928817749,84.81944444444444,0.72,4,2,84.35388888888889,0.9748175144195556,22.816462,75.94201,0.2237,2.280665362322772
5KPE_4_2_6_combined_id7,2.02803111076355,3.7000558376312256,86.72037037037036,0.75,4,2,84.35388888888889,0.9748175144195556,22.816462,75.94201,0.2013,2.5958774707935475
5KPE_4_2_6_combined_id8,2.2352981567382812,3.6313042640686035,88.13583333333332,0.78,4,2,84.35388888888889,0.9748175144195556,22.816462,75.94201,0.215,2.526011149088541
5KPE_4_2_6_combined_id9,1.4990794658660889,3.1864264011383057,79.91564814814818,0.61,4,2,84.35388888888889,0.9748175144195556,22.816462,75.94201,0.2049,2.1282506872106484
5KPE_4_2_7_combined_id1,1.7217087745666504,2.650017738342285,77.15888888888888,0.61,4,2,89.97935185185186,0.9743708372116088,23.223745,73.821815,0.2072,2.24228357385706
5KPE_4_2_7_combined_id10,1.6825745105743408,2.9175450801849365,91.58416666666665,0.82,4,2,89.97935185185186,0.9743708372116088,23.223745,73.821815,0.2195,2.2149522569444446
5KPE_4_2_7_combined_id11,1.381420612335205,3.1782209873199463,88.41490740740743,0.73,4,2,89.97935185185186,0.9743708372116088,23.223745,73.821815,0.1998,2.3321074026602284
5KPE_4_2_7_combined_id13,1.5135010480880737,2.672523260116577,90.04675925925928,0.81,4,2,89.97935185185186,0.9743708372116088,23.223745,73.821815,0.2128,2.3271093015317565
5KPE_4_2_7_combined_id14,1.5802758932113647,2.925093650817871,81.58805555555554,0.67,4,2,89.97935185185186,0.9743708372116088,23.223745,73.821815,0.2024,2.1594000922309027
5KPE_4_2_7_combined_id15,3.6617982387542725,4.968783378601074,83.42259259259261,0.68,4,2,89.97935185185186,0.9743708372116088,23.223745,73.821815,0.2055,2.254011931242766
5KPE_4_2_7_combined_id16,2.315011501312256,3.679687261581421,76.99601851851851,0.62,4,2,89.97935185185186,0.9743708372116088,23.223745,73.821815,0.2087,2.2066227948224104
5KPE_4_2_7_combined_id17,1.3723342418670654,3.147213935852051,86.16731481481482,0.74,4,2,89.97935185185186,0.9743708372116088,23.223745,73.821815,0.2116,2.5353325737847223
5KPE_4_2_7_combined_id18,10.461467742919922,10.5204439163208,81.1585185185185,0.69,4,2,89.97935185185186,0.9743708372116088,23.223745,73.821815,0.2258,2.313863259774667
5KPE_4_2_7_combined_id19,1.866723656654358,3.193481922149658,82.50768518518518,0.68,4,2,89.97935185185186,0.9743708372116088,23.223745,73.821815,0.2002,2.163645143862124
5KPE_4_2_7_combined_id2,1.7369500398635864,2.5466697216033936,77.31027777777778,0.6,4,2,89.97935185185186,0.9743708372116088,23.223745,73.821815,0.1903,2.2598970201280384
5KPE_4_2_7_combined_id20,1.8583340644836426,3.461392879486084,88.16342592592592,0.75,4,2,89.97935185185186,0.9743708372116088,23.223745,73.821815,0.2153,2.451563517252604
5KPE_4_2_7_combined_id22,2.620633840560913,2.4051969051361084,85.07481481481481,0.69,4,2,89.97935185185186,0.9743708372116088,23.223745,73.821815,0.1988,2.094680927417897
5KPE_4_2_7_combined_id23,2.2467873096466064,3.1414053440093994,76.70046296296296,0.64,4,2,89.97935185185186,0.9743708372116088,23.223745,73.821815,0.1966,2.215488151267723
5KPE_4_2_7_combined_id3,11.015888214111328,11.411884307861328,71.97777777777777,0.51,4,2,89.97935185185186,0.9743708372116088,23.223745,73.821815,0.2069,2.433928878219039
5KPE_4_2_7_combined_id4,10.112109184265137,10.521530151367188,75.51055555555556,0.61,4,2,89.97935185185186,0.9743708372116088,23.223745,73.821815,0.2211,2.2476798163519964
5KPE_4_2_7_combined_id5,10.078495979309082,10.346774101257324,77.22703703703704,0.61,4,2,89.97935185185186,0.9743708372116088,23.223745,73.821815,0.192,2.4546277081524885
5KPE_4_2_7_combined_id7,1.7427347898483276,3.0210471153259277,74.90592592592593,0.62,4,2,89.97935185185186,0.9743708372116088,23.223745,73.821815,0.2058,2.228233054832176
5KPE_4_2_7_combined_id8,2.6942360401153564,2.5342159271240234,82.7237962962963,0.69,4,2,89.97935185185186,0.9743708372116088,23.223745,73.821815,0.2093,2.01356534604673
5KPE_4_2_8_combined_id1,1.2459195852279663,2.7399418354034424,84.73925925925927,0.73,4,2,88.56018518518519,1.0371569395065308,22.30026,72.42137,0.2043,2.38093990749783
5KPE_4_2_8_combined_id10,1.4600802659988403,3.388084650039673,82.83592592592595,0.67,4,2,88.56018518518519,1.0371569395065308,22.30026,72.42137,0.2034,2.309481161612052
5KPE_4_2_8_combined_id11,2.78904128074646,3.368760347366333,81.20425925925926,0.65,4,2,88.56018518518519,1.0371569395065308,22.30026,72.42137,0.1894,2.094722041377315
5KPE_4_2_8_combined_id12,2.2640764713287354,2.762005567550659,89.02592592592592,0.76,4,2,88.56018518518519,1.0371569395065308,22.30026,72.42137,0.196,2.492785418475116
5KPE_4_2_8_combined_id14,1.825740933418274,3.339975357055664,84.17629629629627,0.7,4,2,88.56018518518519,1.0371569395065308,22.30026,72.42137,0.215,2.489609894929109
5KPE_4_2_8_combined_id15,1.522419810295105,2.9962315559387207,89.18166666666669,0.79,4,2,88.56018518518519,1.0371569395065308,22.30026,72.42137,0.203,2.5821301495587385
5KPE_4_2_8_combined_id16,2.466218948364258,3.1892740726470947,86.20259259259258,0.74,4,2,88.56018518518519,1.0371569395065308,22.30026,72.42137,0.2094,2.282970004611545
5KPE_4_2_8_combined_id17,1.4678363800048828,3.046637535095215,80.68203703703703,0.64,4,2,88.56018518518519,1.0371569395065308,22.30026,72.42137,0.2161,2.132383841055411
5KPE_4_2_8_combined_id18,5.710743427276611,5.908167362213135,72.09185185185186,0.59,4,2,88.56018518518519,1.0371569395065308,22.30026,72.42137,0.2126,2.372736612955729
5KPE_4_2_8_combined_id19,3.4358103275299072,3.4250876903533936,75.44666666666667,0.59,4,2,88.56018518518519,1.0371569395065308,22.30026,72.42137,0.2069,1.9998512268066408
5KPE_4_2_8_combined_id2,2.0110907554626465,3.3702917098999023,85.96611111111112,0.73,4,2,88.56018518518519,1.0371569395065308,22.30026,72.42137,0.1939,2.2950707894784435
5KPE_4_2_8_combined_id20,1.9727362394332886,2.688976526260376,83.66620370370369,0.72,4,2,88.56018518518519,1.0371569395065308,22.30026,72.42137,0.2129,2.3619760583948204
5KPE_4_2_8_combined_id21,2.79534912109375,1.8726955652236938,80.45712962962962,0.64,4,2,88.56018518518519,1.0371569395065308,22.30026,72.42137,0.2031,2.130384657118056
5KPE_4_2_8_combined_id22,2.6645820140838623,2.8833041191101074,82.85500000000002,0.63,4,2,88.56018518518519,1.0371569395065308,22.30026,72.42137,0.205,2.278892658374928
5KPE_4_2_8_combined_id23,2.0139265060424805,3.4189491271972656,72.82796296296296,0.58,4,2,88.56018518518519,1.0371569395065308,22.30026,72.42137,0.2117,2.1668983742042824
5KPE_4_2_8_combined_id24,2.0530285835266113,2.8697638511657715,84.04814814814812,0.71,4,2,88.56018518518519,1.0371569395065308,22.30026,72.42137,0.2008,2.2055521364565247
5KPE_4_2_8_combined_id3,2.0189402103424072,2.915381669998169,90.1124074074074,0.79,4,2,88.56018518518519,1.0371569395065308,22.30026,72.42137,0.2095,2.481353759765625
5KPE_4_2_8_combined_id4,2.1339964866638184,2.810976266860962,79.82027777777778,0.62,4,2,88.56018518518519,1.0371569395065308,22.30026,72.42137,0.2016,2.0888500920048467
5KPE_4_2_8_combined_id5,1.177841305732727,3.418156862258911,90.13657407407408,0.78,4,2,88.56018518518519,1.0371569395065308,22.30026,72.42137,0.1897,2.5613521999782987
5KPE_4_2_8_combined_id7,1.729307770729065,3.0800788402557373,85.49814814814816,0.74,4,2,88.56018518518519,1.0371569395065308,22.30026,72.42137,0.1991,2.368353808367694
5KPE_4_2_8_combined_id8,2.3785338401794434,2.8729336261749268,87.50962962962961,0.75,4,2,88.56018518518519,1.0371569395065308,22.30026,72.42137,0.2016,2.267210501211661
5KPE_4_2_8_combined_id9,11.630834579467773,10.889524459838867,76.24231481481483,0.63,4,2,88.56018518518519,1.0371569395065308,22.30026,72.42137,0.2078,1.9719464337384256
5KPE_4_2_9_combined_id1,2.2870113849639893,2.8044471740722656,82.81333333333338,0.68,4,2,85.01777777777777,1.7563958168029783,22.665897,78.32758,0.1917,2.1013971964518228
5KPE_4_2_9_combined_id11,9.813103675842285,10.543550491333008,75.81592592592592,0.61,4,2,85.01777777777777,1.7563958168029783,22.665897,78.32758,0.2028,2.1385741057219327
5KPE_4_2_9_combined_id12,1.8764594793319702,3.7227859497070312,70.12685185185185,0.56,4,2,85.01777777777777,1.7563958168029783,22.665897,78.32758,0.1938,2.058803840919777
5KPE_4_2_9_combined_id13,2.1014978885650635,3.447356939315796,72.68416666666668,0.63,4,2,85.01777777777777,1.7563958168029783,22.665897,78.32758,0.1951,2.3151488127531827
5KPE_4_2_9_combined_id14,11.65036678314209,11.189218521118164,74.99231481481482,0.57,4,2,85.01777777777777,1.7563958168029783,22.665897,78.32758,0.2023,2.1560461256239147
5KPE_4_2_9_combined_id15,2.522683620452881,3.381972551345825,74.25861111111111,0.59,4,2,85.01777777777777,1.7563958168029783,22.665897,78.32758,0.191,2.11159896850586
5KPE_4_2_9_combined_id16,10.01962661743164,10.3775053024292,75.07592592592592,0.62,4,2,85.01777777777777,1.7563958168029783,22.665897,78.32758,0.2082,2.177165419967086
5KPE_4_2_9_combined_id18,10.003852844238281,10.930686950683594,76.44574074074073,0.54,4,2,85.01777777777777,1.7563958168029783,22.665897,78.32758,0.1986,2.257842452437789
5KPE_4_2_9_combined_id19,1.6005690097808838,3.6234278678894043,85.5662037037037,0.72,4,2,85.01777777777777,1.7563958168029783,22.665897,78.32758,0.1981,2.4137304800528065
5KPE_4_2_9_combined_id2,1.3297865390777588,3.389693260192871,78.0775,0.66,4,2,85.01777777777777,1.7563958168029783,22.665897,78.32758,0.198,2.17046214916088
5KPE_4_2_9_combined_id20,2.9419076442718506,2.6539011001586914,74.93962962962962,0.62,4,2,85.01777777777777,1.7563958168029783,22.665897,78.32758,0.1941,2.130615799515336
5KPE_4_2_9_combined_id21,9.58067512512207,9.989758491516113,76.9651851851852,0.66,4,2,85.01777777777777,1.7563958168029783,22.665897,78.32758,0.1973,2.133679425274884
5KPE_4_2_9_combined_id22,9.778457641601562,9.841032028198242,74.2587962962963,0.59,4,2,85.01777777777777,1.7563958168029783,22.665897,78.32758,0.1822,2.3279102466724537
5KPE_4_2_9_combined_id23,6.449611663818359,6.434178829193115,77.29888888888888,0.65,4,2,85.01777777777777,1.7563958168029783,22.665897,78.32758,0.2075,2.1148124977394387
5KPE_4_2_9_combined_id24,1.035887598991394,3.6177992820739746,85.03314814814813,0.74,4,2,85.01777777777777,1.7563958168029783,22.665897,78.32758,0.19,2.749723646375868
5KPE_4_2_9_combined_id3,1.5977332592010498,3.0634708404541016,77.73518518518516,0.66,4,2,85.01777777777777,1.7563958168029783,22.665897,78.32758,0.1948,2.0649330704300493
5KPE_4_2_9_combined_id4,1.3577840328216553,3.2352986335754395,78.5198148148148,0.64,4,2,85.01777777777777,1.7563958168029783,22.665897,78.32758,0.1901,2.0990657099971064
5KPE_4_2_9_combined_id5,1.6230963468551636,3.274343490600586,81.69240740740743,0.69,4,2,85.01777777777777,1.7563958168029783,22.665897,78.32758,0.2166,2.086880012794777
5KPE_4_2_9_combined_id6,10.13284683227539,10.1503324508667,74.53657407407407,0.61,4,2,85.01777777777777,1.7563958168029783,22.665897,78.32758,0.2042,2.134117126464844
5KPE_4_2_9_combined_id9,2.738327741622925,4.495047569274902,87.48611111111111,0.77,4,2,85.01777777777777,1.7563958168029783,22.665897,78.32758,0.194,2.320120917426215
5KPE_4_4_0_combined_id10,1.0838911533355713,3.2753658294677734,88.68083333333333,0.78,4,4,76.01268518518519,2.5447144508361816,22.651373,74.04665,0.1771,2.944243819625289
5KPE_4_4_0_combined_id11,1.1911683082580566,3.3071866035461426,75.37620370370371,0.62,4,4,76.01268518518519,2.5447144508361816,22.651373,74.04665,0.1959,2.705809134024161
5KPE_4_4_0_combined_id13,1.3415464162826538,3.215117931365967,90.20777777777778,0.77,4,4,76.01268518518519,2.5447144508361816,22.651373,74.04665,0.1966,2.958110668041088
5KPE_4_4_0_combined_id14,1.3177127838134766,3.2612671852111816,87.94314814814815,0.71,4,4,76.01268518518519,2.5447144508361816,22.651373,74.04665,0.1993,2.9647324173538774
5KPE_4_4_0_combined_id15,1.6070725917816162,2.924344301223755,89.82879629629628,0.78,4,4,76.01268518518519,2.5447144508361816,22.651373,74.04665,0.208,2.4073022913049766
5KPE_4_4_0_combined_id16,10.845274925231934,10.359817504882812,82.89083333333332,0.72,4,4,76.01268518518519,2.5447144508361816,22.651373,74.04665,0.207,2.224063873291016
5KPE_4_4_0_combined_id17,1.122219204902649,3.461604118347168,87.85222222222222,0.72,4,4,76.01268518518519,2.5447144508361816,22.651373,74.04665,0.1906,3.0849001849139177
5KPE_4_4_0_combined_id18,10.468984603881836,10.655500411987305,74.84527777777778,0.56,4,4,76.01268518518519,2.5447144508361816,22.651373,74.04665,0.2078,2.434721204969618
5KPE_4_4_0_combined_id19,0.8236823678016663,3.615661859512329,89.08990740740741,0.77,4,4,76.01268518518519,2.5447144508361816,22.651373,74.04665,0.1826,3.30934171323423
5KPE_4_4_0_combined_id2,0.7932553887367249,3.1256930828094482,88.48583333333333,0.75,4,4,76.01268518518519,2.5447144508361816,22.651373,74.04665,0.1749,3.604186446578414
5KPE_4_4_0_combined_id20,1.971269130706787,3.3605480194091797,80.5025,0.66,4,4,76.01268518518519,2.5447144508361816,22.651373,74.04665,0.2111,2.2980085302282265
5KPE_4_4_0_combined_id21,1.3805768489837646,3.223092555999756,86.64046296296296,0.73,4,4,76.01268518518519,2.5447144508361816,22.651373,74.04665,0.1893,2.5780710290979454
5KPE_4_4_0_combined_id22,1.1976666450500488,3.3942818641662598,84.08953703703706,0.72,4,4,76.01268518518519,2.5447144508361816,22.651373,74.04665,0.1831,3.0626183969003185
5KPE_4_4_0_combined_id23,1.7937850952148438,3.312542200088501,86.07666666666665,0.74,4,4,76.01268518518519,2.5447144508361816,22.651373,74.04665,0.1923,2.4635834870515048
5KPE_4_4_0_combined_id24,1.7505462169647217,3.118302583694458,83.17444444444445,0.69,4,4,76.01268518518519,2.5447144508361816,22.651373,74.04665,0.19,2.60076904296875
5KPE_4_4_0_combined_id3,2.7332992553710938,2.880178451538086,74.12518518518517,0.55,4,4,76.01268518518519,2.5447144508361816,22.651373,74.04665,0.209,2.51715992115162
5KPE_4_4_0_combined_id4,1.2302970886230469,3.4165117740631104,94.7801851851852,0.84,4,4,76.01268518518519,2.5447144508361816,22.651373,74.04665,0.1971,2.859005398220486
5KPE_4_4_0_combined_id5,1.6547248363494873,3.058176040649414,89.9335185185185,0.78,4,4,76.01268518518519,2.5447144508361816,22.651373,74.04665,0.2046,2.4600338406032987
5KPE_4_4_0_combined_id6,1.1525049209594727,3.4301769733428955,91.46777777777778,0.83,4,4,76.01268518518519,2.5447144508361816,22.651373,74.04665,0.1804,2.743570398401331
5KPE_4_4_0_combined_id7,1.7405203580856323,3.060601234436035,80.15601851851852,0.65,4,4,76.01268518518519,2.5447144508361816,22.651373,74.04665,0.1868,2.8339578134042247
5KPE_4_4_0_combined_id8,1.854386329650879,3.2140438556671143,75.85814814814815,0.66,4,4,76.01268518518519,2.5447144508361816,22.651373,74.04665,0.1878,2.8406843962492765
5KPE_4_4_0_combined_id9,0.9605554938316345,3.183948040008545,93.61768518518518,0.82,4,4,76.01268518518519,2.5447144508361816,22.651373,74.04665,0.1856,3.497139259620949
5KPE_4_4_1_combined_id1,6.141293048858643,7.936387538909912,64.47222222222223,0.55,4,4,91.79787037037038,0.9121091961860656,22.455484,72.637024,0.1934,2.3410881890190973
5KPE_4_4_1_combined_id10,1.638715386390686,3.3705952167510986,81.20861111111111,0.66,4,4,91.79787037037038,0.9121091961860656,22.455484,72.637024,0.2029,2.19586181640625
5KPE_4_4_1_combined_id12,1.3060332536697388,3.4485795497894287,88.8401851851852,0.77,4,4,91.79787037037038,0.9121091961860656,22.455484,72.637024,0.1834,2.5204535590277777
5KPE_4_4_1_combined_id13,1.5337671041488647,3.4694032669067383,89.35212962962962,0.78,4,4,91.79787037037038,0.9121091961860656,22.455484,72.637024,0.1791,2.92218921802662
5KPE_4_4_1_combined_id14,1.5617200136184692,3.1878466606140137,87.38453703703702,0.75,4,4,91.79787037037038,0.9121091961860656,22.455484,72.637024,0.1929,2.364072022614656
5KPE_4_4_1_combined_id15,2.4971752166748047,2.6467504501342773,80.1339814814815,0.69,4,4,91.79787037037038,0.9121091961860656,22.455484,72.637024,0.204,1.9716744599518952
5KPE_4_4_1_combined_id16,1.6260316371917725,2.9531548023223877,89.9189814814815,0.79,4,4,91.79787037037038,0.9121091961860656,22.455484,72.637024,0.1903,2.321454648618345
5KPE_4_4_1_combined_id17,1.7894744873046875,3.106766939163208,90.9537962962963,0.79,4,4,91.79787037037038,0.9121091961860656,22.455484,72.637024,0.2029,2.086987954598886
5KPE_4_4_1_combined_id18,1.5789750814437866,3.4107725620269775,88.63083333333333,0.77,4,4,91.79787037037038,0.9121091961860656,22.455484,72.637024,0.1939,2.2540822912145546
5KPE_4_4_1_combined_id19,1.7424300909042358,3.5252537727355957,93.54222222222224,0.81,4,4,91.79787037037038,0.9121091961860656,22.455484,72.637024,0.2039,2.3954535590277777
5KPE_4_4_1_combined_id2,1.4937084913253784,2.972992420196533,86.26074074074076,0.75,4,4,91.79787037037038,0.9121091961860656,22.455484,72.637024,0.1924,2.331012019404658
5KPE_4_4_1_combined_id20,1.7894104719161987,3.153905153274536,89.12953703703704,0.73,4,4,91.79787037037038,0.9121091961860656,22.455484,72.637024,0.2042,2.307779382776331
5KPE_4_4_1_combined_id21,1.5615986585617065,3.530691385269165,84.57537037037035,0.7,4,4,91.79787037037038,0.9121091961860656,22.455484,72.637024,0.1914,2.306520956533926
5KPE_4_4_1_combined_id22,2.105060338973999,2.5443859100341797,91.12351851851852,0.8,4,4,91.79787037037038,0.9121091961860656,22.455484,72.637024,0.2113,2.013620447229456
5KPE_4_4_1_combined_id23,1.9665582180023193,3.436218738555908,87.87768518518521,0.76,4,4,91.79787037037038,0.9121091961860656,22.455484,72.637024,0.2029,2.1834319785789207
5KPE_4_4_1_combined_id24,1.667984127998352,2.9785115718841553,84.5289814814815,0.75,4,4,91.79787037037038,0.9121091961860656,22.455484,72.637024,0.1968,2.1358668009440103
5KPE_4_4_1_combined_id3,2.32991361618042,3.090395450592041,83.30666666666666,0.71,4,4,91.79787037037038,0.9121091961860656,22.455484,72.637024,0.1952,2.1239505343967013
5KPE_4_4_1_combined_id4,1.9134693145751953,3.1887760162353516,89.38777777777779,0.79,4,4,91.79787037037038,0.9121091961860656,22.455484,72.637024,0.2036,1.9687522605613423
5KPE_4_4_1_combined_id5,1.34469735622406,3.4665303230285645,91.04333333333334,0.79,4,4,91.79787037037038,0.9121091961860656,22.455484,72.637024,0.211,2.6962037263093173
5KPE_4_4_1_combined_id6,3.305377244949341,3.1772217750549316,69.26990740740742,0.54,4,4,91.79787037037038,0.9121091961860656,22.455484,72.637024,0.2178,1.878443400065104
5KPE_4_4_1_combined_id7,1.7040841579437256,3.465855121612549,85.36027777777778,0.73,4,4,91.79787037037038,0.9121091961860656,22.455484,72.637024,0.1885,2.2305261117440685
5KPE_4_4_1_combined_id8,9.57367992401123,9.965282440185547,78.44092592592591,0.59,4,4,91.79787037037038,0.9121091961860656,22.455484,72.637024,0.2043,1.970992335566768
5KPE_4_4_1_combined_id9,1.8765795230865479,3.634352445602417,87.33555555555557,0.76,4,4,91.79787037037038,0.9121091961860656,22.455484,72.637024,0.1854,2.497855292426215
5KPE_4_4_2_combined_id1,0.9632040858268738,3.439096689224243,87.86157407407407,0.72,4,4,84.48796296296297,1.7137913703918457,22.836504,71.83987,0.1999,2.7660963270399304
5KPE_4_4_2_combined_id10,1.6283650398254395,3.3968002796173096,90.1737962962963,0.79,4,4,84.48796296296297,1.7137913703918457,22.836504,71.83987,0.1992,2.45942857530382
5KPE_4_4_2_combined_id14,1.922692060470581,2.444730758666992,85.65546296296296,0.71,4,4,84.48796296296297,1.7137913703918457,22.836504,71.83987,0.1976,2.6029942830403647
5KPE_4_4_2_combined_id15,1.9887043237686157,2.969827651977539,75.91555555555557,0.62,4,4,84.48796296296297,1.7137913703918457,22.836504,71.83987,0.1971,2.542035138165509
5KPE_4_4_2_combined_id16,2.7022509574890137,3.377821922302246,86.1425925925926,0.76,4,4,84.48796296296297,1.7137913703918457,22.836504,71.83987,0.2058,2.4809728551793984
5KPE_4_4_2_combined_id18,1.2576243877410889,3.487638473510742,86.72518518518518,0.72,4,4,84.48796296296297,1.7137913703918457,22.836504,71.83987,0.1914,3.197092126916956
5KPE_4_4_2_combined_id19,2.2947311401367188,3.194002151489258,88.66574074074076,0.77,4,4,84.48796296296297,1.7137913703918457,22.836504,71.83987,0.192,2.816316392686632
5KPE_4_4_2_combined_id2,1.5878345966339111,2.858910083770752,88.3822222222222,0.75,4,4,84.48796296296297,1.7137913703918457,22.836504,71.83987,0.2064,2.779021651656539
5KPE_4_4_2_combined_id20,8.046562194824219,7.957517623901367,75.86074074074075,0.66,4,4,84.48796296296297,1.7137913703918457,22.836504,71.83987,0.2068,2.3880482426396124
5KPE_4_4_2_combined_id21,1.8753231763839722,3.353489637374878,78.22666666666666,0.69,4,4,84.48796296296297,1.7137913703918457,22.836504,71.83987,0.2146,2.4186683937355324
5KPE_4_4_2_combined_id22,1.504255771636963,3.3667795658111572,85.895,0.75,4,4,84.48796296296297,1.7137913703918457,22.836504,71.83987,0.1984,2.753578186035156
5KPE_4_4_2_combined_id23,1.3038586378097534,3.1998519897460938,90.02027777777778,0.78,4,4,84.48796296296297,1.7137913703918457,22.836504,71.83987,0.2034,2.3569522433810763
5KPE_4_4_2_combined_id3,1.363938331604004,3.236964464187622,89.83777777777776,0.76,4,4,84.48796296296297,1.7137913703918457,22.836504,71.83987,0.1881,3.099483913845486
5KPE_4_4_2_combined_id4,2.499608039855957,2.8428239822387695,81.25935185185186,0.66,4,4,84.48796296296297,1.7137913703918457,22.836504,71.83987,0.2292,2.2999209651240595
5KPE_4_4_2_combined_id5,11.34786319732666,11.420975685119629,74.79453703703705,0.56,4,4,84.48796296296297,1.7137913703918457,22.836504,71.83987,0.2132,2.639091209129051
5KPE_4_4_2_combined_id6,1.7247804403305054,2.190997362136841,84.74166666666666,0.73,4,4,84.48796296296297,1.7137913703918457,22.836504,71.83987,0.2081,2.314191465024595
5KPE_4_4_2_combined_id7,1.4812023639678955,2.927901268005371,87.51185185185184,0.71,4,4,84.48796296296297,1.7137913703918457,22.836504,71.83987,0.2013,2.6534384268301503
5KPE_4_4_2_combined_id8,9.827133178710938,10.303645133972168,74.79768518518519,0.58,4,4,84.48796296296297,1.7137913703918457,22.836504,71.83987,0.2211,2.507319697627315
5KPE_4_4_2_combined_id9,11.55471420288086,10.7009859085083,74.44777777777777,0.55,4,4,84.48796296296297,1.7137913703918457,22.836504,71.83987,0.2085,2.473491527416088
5KPE_4_4_4_combined_id1,1.7565451860427856,2.909766674041748,81.31398148148148,0.68,4,4,89.52657407407406,0.7386477589607239,23.408518,72.53655,0.2107,2.1919997886375144
5KPE_4_4_4_combined_id10,1.8394559621810913,3.090085506439209,80.6686111111111,0.69,4,4,89.52657407407406,0.7386477589607239,23.408518,72.53655,0.2055,2.302498287624783
5KPE_4_4_4_combined_id11,2.080339193344116,2.928419351577759,87.19916666666668,0.73,4,4,89.52657407407406,0.7386477589607239,23.408518,72.53655,0.1956,2.3844920970775463
5KPE_4_4_4_combined_id12,1.55158269405365,3.337374687194824,80.09379629629629,0.67,4,4,89.52657407407406,0.7386477589607239,23.408518,72.53655,0.1974,2.4773228963216147
5KPE_4_4_4_combined_id13,2.2618510723114014,2.569695234298706,85.4762962962963,0.69,4,4,89.52657407407406,0.7386477589607239,23.408518,72.53655,0.2158,2.1212955050998263
5KPE_4_4_4_combined_id14,2.4817864894866943,3.8117222785949707,61.001018518518514,0.51,4,4,89.52657407407406,0.7386477589607239,23.408518,72.53655,0.2244,2.1411049454300493
5KPE_4_4_4_combined_id15,1.8926277160644531,2.9098634719848633,89.84462962962962,0.77,4,4,89.52657407407406,0.7386477589607239,23.408518,72.53655,0.1932,2.328717973497179
5KPE_4_4_4_combined_id16,1.4057860374450684,3.2290446758270264,86.82148148148147,0.75,4,4,89.52657407407406,0.7386477589607239,23.408518,72.53655,0.2074,2.281609287968388
5KPE_4_4_4_combined_id17,1.8796614408493042,3.1311094760894775,88.18416666666666,0.76,4,4,89.52657407407406,0.7386477589607239,23.408518,72.53655,0.1969,2.25881110297309
5KPE_4_4_4_combined_id18,3.1098995208740234,3.78169322013855,81.00324074074076,0.72,4,4,89.52657407407406,0.7386477589607239,23.408518,72.53655,0.1902,2.2812817891438804
5KPE_4_4_4_combined_id19,2.094580888748169,3.106348752975464,90.38101851851852,0.77,4,4,89.52657407407406,0.7386477589607239,23.408518,72.53655,0.2135,2.315988893862124
5KPE_4_4_4_combined_id2,10.320699691772461,10.943441390991211,71.06694444444445,0.57,4,4,89.52657407407406,0.7386477589607239,23.408518,72.53655,0.1907,2.930610656738281
5KPE_4_4_4_combined_id20,10.725565910339355,11.054631233215332,84.93657407407409,0.71,4,4,89.52657407407406,0.7386477589607239,23.408518,72.53655,0.2111,2.334715384024161
5KPE_4_4_4_combined_id21,1.502608060836792,3.1517817974090576,85.16324074074075,0.7,4,4,89.52657407407406,0.7386477589607239,23.408518,72.53655,0.211,2.3330165721752025
5KPE_4_4_4_combined_id22,2.5099358558654785,2.7097883224487305,80.9824074074074,0.7,4,4,89.52657407407406,0.7386477589607239,23.408518,72.53655,0.2145,2.287999471028646
5KPE_4_4_4_combined_id23,1.8491936922073364,3.4091849327087402,77.68462962962964,0.65,4,4,89.52657407407406,0.7386477589607239,23.408518,72.53655,0.1979,2.542040789568866
5KPE_4_4_4_combined_id24,1.4962750673294067,3.0762643814086914,89.8898148148148,0.76,4,4,89.52657407407406,0.7386477589607239,23.408518,72.53655,0.1872,3.117667304144965
5KPE_4_4_4_combined_id3,1.649733066558838,2.9539108276367188,88.90499999999999,0.78,4,4,89.52657407407406,0.7386477589607239,23.408518,72.53655,0.1984,2.2163653903537326
5KPE_4_4_4_combined_id4,1.9009164571762085,3.0155506134033203,85.81074074074074,0.69,4,4,89.52657407407406,0.7386477589607239,23.408518,72.53655,0.2012,2.380037660951968
5KPE_4_4_4_combined_id5,2.5530197620391846,3.197986125946045,81.96175925925924,0.7,4,4,89.52657407407406,0.7386477589607239,23.408518,72.53655,0.1997,2.192457976164641
5KPE_4_4_4_combined_id6,1.4082980155944824,3.096259355545044,91.26861111111111,0.82,4,4,89.52657407407406,0.7386477589607239,23.408518,72.53655,0.1964,2.9512066311306424
5KPE_4_4_4_combined_id7,2.027449131011963,3.079603910446167,86.8637962962963,0.73,4,4,89.52657407407406,0.7386477589607239,23.408518,72.53655,0.2032,2.253887600368924
5KPE_4_4_4_combined_id8,1.932641863822937,3.078242778778076,90.95138888888889,0.81,4,4,89.52657407407406,0.7386477589607239,23.408518,72.53655,0.2084,2.2110799153645835
5KPE_4_4_4_combined_id9,1.8264470100402832,3.020489454269409,91.04055555555554,0.79,4,4,89.52657407407406,0.7386477589607239,23.408518,72.53655,0.2067,2.4959869384765625
5KPE_4_4_5_combined_id1,7.910272598266602,8.0887451171875,77.11472222222221,0.62,4,4,85.0413888888889,0.8392903208732605,22.652765,76.48185,0.22,2.411060474537037
5KPE_4_4_5_combined_id11,2.923433780670166,3.2605459690093994,73.60518518518518,0.58,4,4,85.0413888888889,0.8392903208732605,22.652765,76.48185,0.2126,2.298008954083478
5KPE_4_4_5_combined_id12,1.807296633720398,3.349957227706909,87.41129629629631,0.74,4,4,85.0413888888889,0.8392903208732605,22.652765,76.48185,0.2059,2.779433638961226
5KPE_4_4_5_combined_id13,1.3190768957138062,3.5462348461151123,85.59333333333335,0.69,4,4,85.0413888888889,0.8392903208732605,22.652765,76.48185,0.2035,2.71663581000434
5KPE_4_4_5_combined_id14,1.3164350986480713,2.591953992843628,86.14944444444444,0.72,4,4,85.0413888888889,0.8392903208732605,22.652765,76.48185,0.1859,2.7806218465169272
5KPE_4_4_5_combined_id15,2.1393377780914307,3.4328651428222656,75.83981481481482,0.59,4,4,85.0413888888889,0.8392903208732605,22.652765,76.48185,0.1981,2.4692453455041954
5KPE_4_4_5_combined_id17,2.130540609359741,3.7899677753448486,87.22037037037036,0.76,4,4,85.0413888888889,0.8392903208732605,22.652765,76.48185,0.1881,2.691680060492621
5KPE_4_4_5_combined_id18,1.6814969778060913,3.389986991882324,89.00268518518517,0.77,4,4,85.0413888888889,0.8392903208732605,22.652765,76.48185,0.199,2.5756468596281827
5KPE_4_4_5_combined_id19,2.580400228500366,3.05788516998291,76.53194444444445,0.62,4,4,85.0413888888889,0.8392903208732605,22.652765,76.48185,0.2116,2.377999199761285
5KPE_4_4_5_combined_id2,2.632084369659424,3.276035785675049,69.85027777777778,0.57,4,4,85.0413888888889,0.8392903208732605,22.652765,76.48185,0.2007,2.2910854198314525
5KPE_4_4_5_combined_id20,1.3123716115951538,2.984248399734497,88.31407407407407,0.75,4,4,85.0413888888889,0.8392903208732605,22.652765,76.48185,0.1907,3.089034469039352
5KPE_4_4_5_combined_id21,5.386106014251709,5.91187858581543,78.58009259259259,0.6,4,4,85.0413888888889,0.8392903208732605,22.652765,76.48185,0.1973,2.547896208586516
5KPE_4_4_5_combined_id22,1.441964864730835,3.1455321311950684,86.0637037037037,0.73,4,4,85.0413888888889,0.8392903208732605,22.652765,76.48185,0.1838,2.774347093370226
5KPE_4_4_5_combined_id23,1.3103100061416626,3.1826488971710205,83.94481481481482,0.67,4,4,85.0413888888889,0.8392903208732605,22.652765,76.48185,0.1852,2.773607042100694
5KPE_4_4_5_combined_id24,10.605209350585938,10.446537017822266,71.63074074074073,0.55,4,4,85.0413888888889,0.8392903208732605,22.652765,76.48185,0.2014,2.518198083948206
5KPE_4_4_5_combined_id3,10.858489036560059,11.463827133178711,66.02527777777776,0.51,4,4,85.0413888888889,0.8392903208732605,22.652765,76.48185,0.2019,2.2015698750813804
5KPE_4_4_5_combined_id4,2.248641014099121,3.1587812900543213,77.63305555555554,0.61,4,4,85.0413888888889,0.8392903208732605,22.652765,76.48185,0.199,2.3507957458496094
5KPE_4_4_5_combined_id5,2.250926971435547,3.462578058242798,74.98722222222221,0.6,4,4,85.0413888888889,0.8392903208732605,22.652765,76.48185,0.2096,2.13444561428494
5KPE_4_4_5_combined_id6,1.9896553754806519,3.956251859664917,88.36296296296295,0.78,4,4,85.0413888888889,0.8392903208732605,22.652765,76.48185,0.1956,2.955957200792101
5KPE_4_4_5_combined_id7,1.4594507217407227,3.4103033542633057,77.41055555555556,0.64,4,4,85.0413888888889,0.8392903208732605,22.652765,76.48185,0.1879,2.973878931116175
5KPE_4_4_5_combined_id8,1.1695367097854614,3.6252481937408447,85.59472222222222,0.71,4,4,85.0413888888889,0.8392903208732605,22.652765,76.48185,0.177,3.2453364619502314
5KPE_4_4_5_combined_id9,10.661510467529297,9.269513130187988,80.8564814814815,0.7,4,4,85.0413888888889,0.8392903208732605,22.652765,76.48185,0.1838,3.5426370126229747
5KPE_4_4_6_combined_id1,1.653671145439148,2.9132635593414307,84.79907407407407,0.71,4,4,93.17759259259256,0.8261247277259827,23.190203,73.59821,0.2065,2.4256964789496527
5KPE_4_4_6_combined_id10,1.7142516374588013,3.061624765396118,84.82138888888892,0.73,4,4,93.17759259259256,0.8261247277259827,23.190203,73.59821,0.1996,2.4030394377531827
5KPE_4_4_6_combined_id11,1.775591254234314,2.7856292724609375,85.45342592592594,0.72,4,4,93.17759259259256,0.8261247277259827,23.190203,73.59821,0.1934,2.367155145715784
5KPE_4_4_6_combined_id12,1.0438178777694702,3.173797607421875,90.15777777777777,0.79,4,4,93.17759259259256,0.8261247277259827,23.190203,73.59821,0.1897,2.784621344672309
5KPE_4_4_6_combined_id13,1.691070556640625,3.1417629718780518,89.61092592592594,0.79,4,4,93.17759259259256,0.8261247277259827,23.190203,73.59821,0.1696,3.1280834056712963
5KPE_4_4_6_combined_id14,1.06709623336792,3.3373799324035645,90.7201851851852,0.79,4,4,93.17759259259256,0.8261247277259827,23.190203,73.59821,0.1967,2.7223262080439814
5KPE_4_4_6_combined_id15,1.300110101699829,3.1856541633605957,87.96916666666665,0.73,4,4,93.17759259259256,0.8261247277259827,23.190203,73.59821,0.1884,2.580194261338976
5KPE_4_4_6_combined_id16,1.3977161645889282,3.1014394760131836,82.67333333333335,0.66,4,4,93.17759259259256,0.8261247277259827,23.190203,73.59821,0.1784,2.458972507052952
5KPE_4_4_6_combined_id18,1.599462628364563,2.8230857849121094,83.28759259259259,0.7,4,4,93.17759259259256,0.8261247277259827,23.190203,73.59821,0.2019,2.379972952383536
5KPE_4_4_6_combined_id19,1.118485450744629,3.2135822772979736,86.6226851851852,0.7,4,4,93.17759259259256,0.8261247277259827,23.190203,73.59821,0.1852,2.6882442898220487
5KPE_4_4_6_combined_id2,1.8279443979263306,3.541767120361328,79.48944444444443,0.6,4,4,93.17759259259256,0.8261247277259827,23.190203,73.59821,0.1995,2.3512403700086804
5KPE_4_4_6_combined_id20,1.38932466506958,3.353971481323242,83.07944444444445,0.74,4,4,93.17759259259256,0.8261247277259827,23.190203,73.59821,0.1892,2.5700180618851274
5KPE_4_4_6_combined_id21,1.430922031402588,3.1751279830932617,92.36361111111113,0.82,4,4,93.17759259259256,0.8261247277259827,23.190203,73.59821,0.1888,2.7573318481445312
5KPE_4_4_6_combined_id23,1.1143401861190796,3.4715096950531006,91.71842592592591,0.82,4,4,93.17759259259256,0.8261247277259827,23.190203,73.59821,0.2016,3.016849093967014
5KPE_4_4_6_combined_id24,3.7396888732910156,2.617661952972412,82.83527777777779,0.66,4,4,93.17759259259256,0.8261247277259827,23.190203,73.59821,0.2078,2.2602502328378185
5KPE_4_4_6_combined_id3,1.288711428642273,3.2537429332733154,84.82833333333332,0.68,4,4,93.17759259259256,0.8261247277259827,23.190203,73.59821,0.1865,2.644616021050348
5KPE_4_4_6_combined_id4,1.8162680864334106,3.1452465057373047,86.6399074074074,0.77,4,4,93.17759259259256,0.8261247277259827,23.190203,73.59821,0.2079,2.464035881890191
5KPE_4_4_6_combined_id5,1.6989386081695557,2.890890121459961,81.29842592592593,0.7,4,4,93.17759259259256,0.8261247277259827,23.190203,73.59821,0.2038,2.4237583301685475
5KPE_4_4_6_combined_id7,1.6321076154708862,3.523404836654663,90.71138888888888,0.78,4,4,93.17759259259256,0.8261247277259827,23.190203,73.59821,0.1893,2.8433026914243347
5KPE_4_4_6_combined_id8,1.2154191732406616,3.193286418914795,90.90805555555556,0.82,4,4,93.17759259259256,0.8261247277259827,23.190203,73.59821,0.1886,2.92746423791956
5KPE_4_4_6_combined_id9,1.2070937156677246,3.367049217224121,91.9647222222222,0.79,4,4,93.17759259259256,0.8261247277259827,23.190203,73.59821,0.2074,2.616297403971354
5KPE_4_4_7_combined_id1,2.1675455570220947,3.2874274253845215,86.18916666666667,0.74,4,4,93.82101851851851,0.7953495383262634,23.49911,73.25415,0.1786,2.4501684683340565
5KPE_4_4_7_combined_id10,1.5903749465942383,3.1800129413604736,91.61018518518516,0.8,4,4,93.82101851851851,0.7953495383262634,23.49911,73.25415,0.204,2.391668531629774
5KPE_4_4_7_combined_id11,2.1905970573425293,2.5663139820098877,87.58027777777777,0.76,4,4,93.82101851851851,0.7953495383262634,23.49911,73.25415,0.198,2.209364855730976
5KPE_4_4_7_combined_id12,3.1952812671661377,3.709887981414795,67.58768518518518,0.56,4,4,93.82101851851851,0.7953495383262634,23.49911,73.25415,0.1961,2.3088726467556424
5KPE_4_4_7_combined_id13,1.8753854036331177,3.355402946472168,77.4898148148148,0.61,4,4,93.82101851851851,0.7953495383262634,23.49911,73.25415,0.1886,2.672005547417535
5KPE_4_4_7_combined_id14,1.693207025527954,2.5658133029937744,87.61009259259261,0.75,4,4,93.82101851851851,0.7953495383262634,23.49911,73.25415,0.2085,2.3161739773220487
5KPE_4_4_7_combined_id15,1.7587682008743286,3.0764834880828857,88.7710185185185,0.76,4,4,93.82101851851851,0.7953495383262634,23.49911,73.25415,0.1796,2.351777112042462
5KPE_4_4_7_combined_id16,1.7519752979278564,2.8383073806762695,85.71675925925926,0.73,4,4,93.82101851851851,0.7953495383262634,23.49911,73.25415,0.2056,2.4080479939778647
5KPE_4_4_7_combined_id17,2.566253900527954,3.2536683082580566,75.44981481481483,0.68,4,4,93.82101851851851,0.7953495383262634,23.49911,73.25415,0.2051,2.5941602918836804
5KPE_4_4_7_combined_id18,1.7834129333496094,2.9496679306030273,85.48555555555555,0.74,4,4,93.82101851851851,0.7953495383262634,23.49911,73.25415,0.1941,2.758005495424624
5KPE_4_4_7_combined_id19,1.7097299098968506,3.3812978267669678,83.21157407407408,0.71,4,4,93.82101851851851,0.7953495383262634,23.49911,73.25415,0.1962,2.803240740740741
5KPE_4_4_7_combined_id2,1.6071557998657227,3.1965091228485107,85.96898148148149,0.73,4,4,93.82101851851851,0.7953495383262634,23.49911,73.25415,0.2172,2.1997372662579573
5KPE_4_4_7_combined_id20,1.7134225368499756,3.581045150756836,92.4627777777778,0.8,4,4,93.82101851851851,0.7953495383262634,23.49911,73.25415,0.2007,2.5576211434823497
5KPE_4_4_7_combined_id21,1.4759395122528076,3.1377675533294678,91.5353703703704,0.8,4,4,93.82101851851851,0.7953495383262634,23.49911,73.25415,0.2041,2.2334076210304543
5KPE_4_4_7_combined_id22,1.3538835048675537,3.433133840560913,89.72685185185185,0.79,4,4,93.82101851851851,0.7953495383262634,23.49911,73.25415,0.1845,2.695491084346065
5KPE_4_4_7_combined_id23,1.1365914344787598,3.3313519954681396,86.87555555555555,0.73,4,4,93.82101851851851,0.7953495383262634,23.49911,73.25415,0.1791,2.7028862282081887
5KPE_4_4_7_combined_id24,1.9926071166992188,3.221632719039917,92.02129629629628,0.8,4,4,93.82101851851851,0.7953495383262634,23.49911,73.25415,0.2086,2.2295190316659435
5KPE_4_4_7_combined_id3,1.6068027019500732,3.3562610149383545,86.68537037037038,0.75,4,4,93.82101851851851,0.7953495383262634,23.49911,73.25415,0.1841,2.3611988491482205
5KPE_4_4_7_combined_id4,1.9551726579666138,3.1458733081817627,81.33444444444446,0.68,4,4,93.82101851851851,0.7953495383262634,23.49911,73.25415,0.1889,2.286206280743634
5KPE_4_4_7_combined_id5,1.8818892240524292,3.081960916519165,87.70861111111108,0.76,4,4,93.82101851851851,0.7953495383262634,23.49911,73.25415,0.1847,2.2282211868851274
5KPE_4_4_7_combined_id6,1.885597586631775,3.1405482292175293,87.49194444444444,0.74,4,4,93.82101851851851,0.7953495383262634,23.49911,73.25415,0.1949,2.33743554574472
5KPE_4_4_7_combined_id7,1.477041244506836,3.0292632579803467,89.36324074074074,0.78,4,4,93.82101851851851,0.7953495383262634,23.49911,73.25415,0.1706,2.84824456108941
5KPE_4_4_7_combined_id8,1.916161298751831,3.2505786418914795,85.29074074074073,0.73,4,4,93.82101851851851,0.7953495383262634,23.49911,73.25415,0.1824,2.3588419313784
5KPE_4_4_7_combined_id9,1.741957187652588,2.953964948654175,83.11370370370372,0.7,4,4,93.82101851851851,0.7953495383262634,23.49911,73.25415,0.1864,2.4641486273871527
5KPE_4_4_8_combined_id10,4.074726104736328,3.787999391555786,71.21685185185186,0.52,4,4,90.44675925925924,0.9639307260513306,22.61628,74.71156,0.2194,2.2664061652289496
5KPE_4_4_8_combined_id11,1.8074443340301514,3.563481092453003,89.25777777777778,0.81,4,4,90.44675925925924,0.9639307260513306,22.61628,74.71156,0.2197,2.220703972710504
5KPE_4_4_8_combined_id12,1.47354257106781,3.4317572116851807,92.37629629629627,0.83,4,4,90.44675925925924,0.9639307260513306,22.61628,74.71156,0.2086,2.7687555948893228
5KPE_4_4_8_combined_id15,1.6373010873794556,3.144779682159424,90.19583333333333,0.78,4,4,90.44675925925924,0.9639307260513306,22.61628,74.71156,0.2132,2.5601252803096064
5KPE_4_4_8_combined_id16,1.7093665599822998,3.451512575149536,89.25037037037039,0.76,4,4,90.44675925925924,0.9639307260513306,22.61628,74.71156,0.1947,2.292840463143808
5KPE_4_4_8_combined_id17,1.7974709272384644,2.9206366539001465,87.0486111111111,0.73,4,4,90.44675925925924,0.9639307260513306,22.61628,74.71156,0.214,2.110972934299045
5KPE_4_4_8_combined_id18,1.9504826068878174,3.2702810764312744,85.53962962962962,0.72,4,4,90.44675925925924,0.9639307260513306,22.61628,74.71156,0.201,2.329636467827691
5KPE_4_4_8_combined_id19,1.8085108995437622,3.2895822525024414,85.05527777777777,0.71,4,4,90.44675925925924,0.9639307260513306,22.61628,74.71156,0.2037,2.368093419958044
5KPE_4_4_8_combined_id20,1.8762127161026,3.2409896850585938,84.34953703703705,0.74,4,4,90.44675925925924,0.9639307260513306,22.61628,74.71156,0.2136,2.2300492745858653
5KPE_4_4_8_combined_id21,1.5624818801879883,3.203857898712158,83.16935185185186,0.68,4,4,90.44675925925924,0.9639307260513306,22.61628,74.71156,0.2112,2.100103590223524
5KPE_4_4_8_combined_id22,10.77637767791748,11.017010688781738,72.93351851851853,0.49,4,4,90.44675925925924,0.9639307260513306,22.61628,74.71156,0.229,2.31651532208478
5KPE_4_4_8_combined_id23,1.5014013051986694,3.1983258724212646,90.50694444444444,0.8,4,4,90.44675925925924,0.9639307260513306,22.61628,74.71156,0.2004,2.559690122251157
5KPE_4_4_8_combined_id24,2.6456127166748047,4.463399887084961,68.67611111111111,0.52,4,4,90.44675925925924,0.9639307260513306,22.61628,74.71156,0.2055,2.075495684588397
5KPE_4_4_8_combined_id3,1.772987961769104,3.0900862216949463,90.13027777777778,0.77,4,4,90.44675925925924,0.9639307260513306,22.61628,74.71156,0.1943,2.373528939706308
5KPE_4_4_8_combined_id4,1.4390276670455933,3.284597158432007,89.52148148148147,0.75,4,4,90.44675925925924,0.9639307260513306,22.61628,74.71156,0.2137,2.6228117766203702
5KPE_4_4_8_combined_id6,1.41677987575531,3.0782358646392822,87.6888888888889,0.74,4,4,90.44675925925924,0.9639307260513306,22.61628,74.71156,0.212,2.510267469618056
5KPE_4_4_8_combined_id7,3.1053218841552734,4.120227813720703,74.53574074074075,0.64,4,4,90.44675925925924,0.9639307260513306,22.61628,74.71156,0.1979,2.236371216950593
5KPE_4_4_8_combined_id8,1.8489034175872803,3.547492027282715,79.67194444444446,0.65,4,4,90.44675925925924,0.9639307260513306,22.61628,74.71156,0.2079,2.14091067843967
5KPE_4_4_8_combined_id9,1.7265836000442505,3.3067660331726074,82.3825925925926,0.67,4,4,90.44675925925924,0.9639307260513306,22.61628,74.71156,0.2174,2.295489134611907
5KPE_4_4_9_combined_id1,1.1924026012420654,3.1280462741851807,88.68592592592591,0.75,4,4,87.97675925925927,1.181043267250061,23.040243,70.987595,0.1875,2.641963252314815
5KPE_4_4_9_combined_id10,1.53365957736969,3.1079437732696533,91.18703703703704,0.79,4,4,87.97675925925927,1.181043267250061,23.040243,70.987595,0.1992,2.703920717592593
5KPE_4_4_9_combined_id11,1.755715250968933,2.8608574867248535,85.26462962962962,0.74,4,4,87.97675925925927,1.181043267250061,23.040243,70.987595,0.1981,2.319214149757668
5KPE_4_4_9_combined_id12,1.7348530292510986,2.828071117401123,86.51842592592594,0.75,4,4,87.97675925925927,1.181043267250061,23.040243,70.987595,0.213,2.490337795681424
5KPE_4_4_9_combined_id13,1.3051155805587769,3.218400239944458,87.73509259259261,0.76,4,4,87.97675925925927,1.181043267250061,23.040243,70.987595,0.2108,2.8772345648871527
5KPE_4_4_9_combined_id15,1.2154655456542969,3.405268669128418,89.91916666666665,0.77,4,4,87.97675925925927,1.181043267250061,23.040243,70.987595,0.1888,2.8921051025390625
5KPE_4_4_9_combined_id16,1.7353774309158325,2.9856228828430176,81.64018518518517,0.67,4,4,87.97675925925927,1.181043267250061,23.040243,70.987595,0.1947,2.2252431798864296
5KPE_4_4_9_combined_id17,1.2161743640899658,3.336181879043579,86.59194444444445,0.74,4,4,87.97675925925927,1.181043267250061,23.040243,70.987595,0.2048,2.9473269427264177
5KPE_4_4_9_combined_id18,1.621457815170288,3.3388211727142334,84.89824074074076,0.7,4,4,87.97675925925927,1.181043267250061,23.040243,70.987595,0.1989,2.675426624439381
5KPE_4_4_9_combined_id19,0.9248449802398682,3.321408987045288,84.72805555555554,0.7,4,4,87.97675925925927,1.181043267250061,23.040243,70.987595,0.187,2.9502501311125577
5KPE_4_4_9_combined_id2,1.2083895206451416,3.5360395908355713,88.01212962962964,0.73,4,4,87.97675925925927,1.181043267250061,23.040243,70.987595,0.1882,3.129889594184028
5KPE_4_4_9_combined_id20,2.248027801513672,3.0559065341949463,81.61407407407407,0.68,4,4,87.97675925925927,1.181043267250061,23.040243,70.987595,0.2217,2.132974977846499
5KPE_4_4_9_combined_id21,1.929855227470398,3.041752576828003,80.89601851851852,0.69,4,4,87.97675925925927,1.181043267250061,23.040243,70.987595,0.1977,2.37762451171875
5KPE_4_4_9_combined_id22,1.8087760210037231,3.189042329788208,78.04296296296296,0.67,4,4,87.97675925925927,1.181043267250061,23.040243,70.987595,0.2014,2.5269684968171298
5KPE_4_4_9_combined_id23,1.1260888576507568,3.4614946842193604,89.96305555555556,0.77,4,4,87.97675925925927,1.181043267250061,23.040243,70.987595,0.1853,3.0714314778645835
5KPE_4_4_9_combined_id24,1.3612982034683228,2.917257070541382,88.56537037037039,0.74,4,4,87.97675925925927,1.181043267250061,23.040243,70.987595,0.1892,2.7612553349247686
5KPE_4_4_9_combined_id3,1.633824348449707,2.6492514610290527,85.17990740740741,0.7,4,4,87.97675925925927,1.181043267250061,23.040243,70.987595,0.202,2.0567785192418984
5KPE_4_4_9_combined_id4,1.6716805696487427,3.2158093452453613,90.22351851851852,0.8,4,4,87.97675925925927,1.181043267250061,23.040243,70.987595,0.2035,2.893828780562789
5KPE_4_4_9_combined_id5,2.1043167114257812,3.292915105819702,86.77740740740741,0.73,4,4,87.97675925925927,1.181043267250061,23.040243,70.987595,0.2016,2.328237604211878
5KPE_4_4_9_combined_id6,1.594473958015442,2.739112615585327,86.54750000000001,0.74,4,4,87.97675925925927,1.181043267250061,23.040243,70.987595,0.2017,2.2388903299967446
5KPE_4_4_9_combined_id7,1.5605480670928955,3.2172722816467285,90.45305555555557,0.81,4,4,87.97675925925927,1.181043267250061,23.040243,70.987595,0.2135,2.7228735464590565
5KPE_4_4_9_combined_id8,1.3442538976669312,3.1907618045806885,88.61564814814814,0.79,4,4,87.97675925925927,1.181043267250061,23.040243,70.987595,0.1952,2.966827957718461
5KPE_4_4_9_combined_id9,1.8522756099700928,2.9505815505981445,80.75500000000001,0.67,4,4,87.97675925925927,1.181043267250061,23.040243,70.987595,0.2038,2.547359890407986
5KPE_4_6_0_combined_id1,1.9172580242156982,2.976332187652588,85.38583333333335,0.7,4,6,90.36009259259257,0.9779082536697388,22.370731,74.77127,0.1923,2.3948646827980324
5KPE_4_6_0_combined_id10,1.6575126647949219,3.4171104431152344,79.80907407407405,0.61,4,6,90.36009259259257,0.9779082536697388,22.370731,74.77127,0.193,2.672596119068287
5KPE_4_6_0_combined_id11,1.724375605583191,2.977189779281616,84.91046296296297,0.71,4,6,90.36009259259257,0.9779082536697388,22.370731,74.77127,0.1975,2.552906177662037
5KPE_4_6_0_combined_id12,1.5477310419082642,3.543978452682495,88.85546296296297,0.76,4,6,90.36009259259257,0.9779082536697388,22.370731,74.77127,0.1946,2.500978257921007
5KPE_4_6_0_combined_id13,1.4093033075332642,3.225158929824829,86.86861111111112,0.73,4,6,90.36009259259257,0.9779082536697388,22.370731,74.77127,0.1812,2.794252466272425
5KPE_4_6_0_combined_id14,1.7420920133590698,3.4647326469421387,88.18592592592593,0.74,4,6,90.36009259259257,0.9779082536697388,22.370731,74.77127,0.2002,2.436587863498264
5KPE_4_6_0_combined_id15,1.9159995317459106,3.4413411617279053,89.9737962962963,0.76,4,6,90.36009259259257,0.9779082536697388,22.370731,74.77127,0.185,2.006275600857205
5KPE_4_6_0_combined_id16,1.631792664527893,3.6294877529144287,82.48907407407408,0.63,4,6,90.36009259259257,0.9779082536697388,22.370731,74.77127,0.1859,2.5123333401150174
5KPE_4_6_0_combined_id17,1.9335671663284302,3.409278392791748,86.50351851851853,0.74,4,6,90.36009259259257,0.9779082536697388,22.370731,74.77127,0.1978,2.4959349455656827
5KPE_4_6_0_combined_id18,1.4136731624603271,3.413804769515991,89.96694444444444,0.79,4,6,90.36009259259257,0.9779082536697388,22.370731,74.77127,0.1869,2.625762374312789
5KPE_4_6_0_combined_id19,1.6848902702331543,3.4053289890289307,91.91842592592592,0.79,4,6,90.36009259259257,0.9779082536697388,22.370731,74.77127,0.1923,2.489063121654369
5KPE_4_6_0_combined_id2,1.5379711389541626,3.3384296894073486,92.65592592592591,0.83,4,6,90.36009259259257,0.9779082536697388,22.370731,74.77127,0.1797,3.021616617838541
5KPE_4_6_0_combined_id20,1.7138371467590332,3.6765031814575195,86.43351851851851,0.73,4,6,90.36009259259257,0.9779082536697388,22.370731,74.77127,0.1736,2.58350909197772
5KPE_4_6_0_combined_id21,1.4007329940795898,2.693969964981079,90.55861111111112,0.78,4,6,90.36009259259257,0.9779082536697388,22.370731,74.77127,0.1876,2.599879229510272
5KPE_4_6_0_combined_id22,1.075124740600586,3.2604098320007324,85.9825,0.71,4,6,90.36009259259257,0.9779082536697388,22.370731,74.77127,0.1736,2.700749715169271
5KPE_4_6_0_combined_id23,1.534452199935913,3.182891607284546,87.31055555555557,0.73,4,6,90.36009259259257,0.9779082536697388,22.370731,74.77127,0.1832,2.7192224573206016
5KPE_4_6_0_combined_id24,1.1417691707611084,3.486494541168213,85.37333333333335,0.71,4,6,90.36009259259257,0.9779082536697388,22.370731,74.77127,0.1722,3.123400370279948
5KPE_4_6_0_combined_id3,1.3485298156738281,3.398620843887329,86.35416666666664,0.73,4,6,90.36009259259257,0.9779082536697388,22.370731,74.77127,0.1747,2.914457533094618
5KPE_4_6_0_combined_id4,1.4131672382354736,3.252943992614746,86.91314814814817,0.72,4,6,90.36009259259257,0.9779082536697388,22.370731,74.77127,0.1796,3.0323328088831016
5KPE_4_6_0_combined_id5,1.441329836845398,3.0120890140533447,73.04398148148147,0.61,4,6,90.36009259259257,0.9779082536697388,22.370731,74.77127,0.192,2.465218155472367
5KPE_4_6_0_combined_id6,1.229081153869629,3.619763135910034,91.19750000000002,0.79,4,6,90.36009259259257,0.9779082536697388,22.370731,74.77127,0.1709,2.798428005642361
5KPE_4_6_0_combined_id7,1.7433834075927734,3.4865846633911133,91.42101851851852,0.8,4,6,90.36009259259257,0.9779082536697388,22.370731,74.77127,0.1957,2.68086920844184
5KPE_4_6_0_combined_id8,1.377179741859436,3.3024139404296875,85.95509259259258,0.72,4,6,90.36009259259257,0.9779082536697388,22.370731,74.77127,0.179,2.7566686559606484
5KPE_4_6_0_combined_id9,1.689379334449768,3.455451250076294,88.83666666666667,0.76,4,6,90.36009259259257,0.9779082536697388,22.370731,74.77127,0.1835,2.5057768645109952
5KPE_4_6_1_combined_id1,11.114809036254883,10.933136940002441,77.79583333333336,0.6,4,6,91.70759259259258,1.293871283531189,22.62896,75.760635,0.1888,2.344400335241247
5KPE_4_6_1_combined_id10,11.774691581726074,11.08297061920166,78.15925925925927,0.62,4,6,91.70759259259258,1.293871283531189,22.62896,75.760635,0.2007,2.612774601689092
5KPE_4_6_1_combined_id11,1.6981827020645142,3.1525604724884033,91.35629629629628,0.8,4,6,91.70759259259258,1.293871283531189,22.62896,75.760635,0.1867,2.7651810822663485
5KPE_4_6_1_combined_id12,1.5807193517684937,3.330033779144287,83.99074074074075,0.69,4,6,91.70759259259258,1.293871283531189,22.62896,75.760635,0.1836,2.3872143780743635
5KPE_4_6_1_combined_id13,1.9789961576461792,2.207671642303467,79.28074074074075,0.63,4,6,91.70759259259258,1.293871283531189,22.62896,75.760635,0.1922,2.456134937427662
5KPE_4_6_1_combined_id14,1.320043683052063,3.5411124229431152,89.50518518518518,0.8,4,6,91.70759259259258,1.293871283531189,22.62896,75.760635,0.1923,2.867380212854456
5KPE_4_6_1_combined_id15,1.3215818405151367,2.5917162895202637,86.68870370370368,0.75,4,6,91.70759259259258,1.293871283531189,22.62896,75.760635,0.2005,2.416241681134259
5KPE_4_6_1_combined_id16,1.2160987854003906,3.289520740509033,89.99592592592596,0.77,4,6,91.70759259259258,1.293871283531189,22.62896,75.760635,0.1779,2.847078959147136
5KPE_4_6_1_combined_id17,1.2796112298965454,3.481328010559082,88.07194444444443,0.73,4,6,91.70759259259258,1.293871283531189,22.62896,75.760635,0.1844,2.716450726544416
5KPE_4_6_1_combined_id18,2.2158548831939697,3.2244772911071777,80.43824074074074,0.68,4,6,91.70759259259258,1.293871283531189,22.62896,75.760635,0.1847,2.729275173611111
5KPE_4_6_1_combined_id19,1.3115270137786865,3.6419577598571777,89.01851851851852,0.74,4,6,91.70759259259258,1.293871283531189,22.62896,75.760635,0.1905,2.710749590838397
5KPE_4_6_1_combined_id2,1.6257505416870117,3.5264227390289307,81.0475,0.72,4,6,91.70759259259258,1.293871283531189,22.62896,75.760635,0.2024,2.519704748083044
5KPE_4_6_1_combined_id23,2.571737051010132,4.481386661529541,71.5262037037037,0.63,4,6,91.70759259259258,1.293871283531189,22.62896,75.760635,0.2049,2.42625398989077
5KPE_4_6_1_combined_id24,1.4515882730484009,3.6558496952056885,86.69231481481482,0.7,4,6,91.70759259259258,1.293871283531189,22.62896,75.760635,0.2019,2.6487788447627314
5KPE_4_6_1_combined_id3,1.4090282917022705,3.31868839263916,82.29351851851852,0.68,4,6,91.70759259259258,1.293871283531189,22.62896,75.760635,0.1814,2.4442565352828414
5KPE_4_6_1_combined_id4,1.1181594133377075,3.5755062103271484,84.36805555555556,0.73,4,6,91.70759259259258,1.293871283531189,22.62896,75.760635,0.1771,2.6121523821795427
5KPE_4_6_1_combined_id5,1.7530661821365356,3.536099433898926,88.04148148148148,0.77,4,6,91.70759259259258,1.293871283531189,22.62896,75.760635,0.1873,2.596557052047164
5KPE_4_6_1_combined_id6,1.470538854598999,3.3992857933044434,79.82009259259257,0.64,4,6,91.70759259259258,1.293871283531189,22.62896,75.760635,0.1801,3.0162183973524304
5KPE_4_6_1_combined_id7,10.259441375732422,10.560837745666504,77.43324074074074,0.61,4,6,91.70759259259258,1.293871283531189,22.62896,75.760635,0.1991,2.3108349552860967
5KPE_4_6_1_combined_id8,1.4167729616165161,3.771199941635132,83.27055555555556,0.68,4,6,91.70759259259258,1.293871283531189,22.62896,75.760635,0.1843,2.449321888111256
5KPE_4_6_1_combined_id9,1.562569499015808,4.051910400390625,93.9227777777778,0.83,4,6,91.70759259259258,1.293871283531189,22.62896,75.760635,0.1748,3.1236544008608216
5KPE_4_6_2_combined_id1,1.4754210710525513,3.4072518348693848,88.27324074074075,0.74,4,6,76.27592592592593,2.511333703994751,22.865034,73.50251,0.1861,2.4585333930121527
5KPE_4_6_2_combined_id10,10.851526260375977,10.471094131469727,72.2475,0.5,4,6,76.27592592592593,2.511333703994751,22.865034,73.50251,0.1976,2.5541489212601274
5KPE_4_6_2_combined_id11,13.61011028289795,12.915026664733887,87.42527777777777,0.67,4,6,76.27592592592593,2.511333703994751,22.865034,73.50251,0.2029,1.897289134837963
5KPE_4_6_2_combined_id12,1.6502623558044434,3.5536255836486816,90.27157407407404,0.79,4,6,76.27592592592593,2.511333703994751,22.865034,73.50251,0.1801,3.2180853949652777
5KPE_4_6_2_combined_id13,1.5962644815444946,3.0211853981018066,85.32166666666669,0.69,4,6,76.27592592592593,2.511333703994751,22.865034,73.50251,0.1924,2.5378875732421875
5KPE_4_6_2_combined_id14,1.7217222452163696,3.1347789764404297,93.6325,0.82,4,6,76.27592592592593,2.511333703994751,22.865034,73.50251,0.1993,2.6220674867983216
5KPE_4_6_2_combined_id15,1.9195460081100464,2.9981350898742676,86.75824074074075,0.73,4,6,76.27592592592593,2.511333703994751,22.865034,73.50251,0.1913,2.4059510407624423
5KPE_4_6_2_combined_id16,1.6259517669677734,3.333296537399292,81.44583333333331,0.7,4,6,76.27592592592593,2.511333703994751,22.865034,73.50251,0.1883,2.604937518084491
5KPE_4_6_2_combined_id17,1.5868442058563232,3.003095865249634,88.19527777777776,0.77,4,6,76.27592592592593,2.511333703994751,22.865034,73.50251,0.1875,2.6045639603226274
5KPE_4_6_2_combined_id18,1.5497608184814453,3.076012134552002,86.94064814814813,0.73,4,6,76.27592592592593,2.511333703994751,22.865034,73.50251,0.1892,2.8164949770326966
5KPE_4_6_2_combined_id19,11.33884334564209,11.049079895019531,71.65981481481482,0.54,4,6,76.27592592592593,2.511333703994751,22.865034,73.50251,0.2026,2.387086373788339
5KPE_4_6_2_combined_id2,2.637968063354492,3.652531623840332,75.0977777777778,0.59,4,6,76.27592592592593,2.511333703994751,22.865034,73.50251,0.1928,2.501277217158565
5KPE_4_6_2_combined_id20,11.162205696105957,10.674683570861816,78.5625,0.54,4,6,76.27592592592593,2.511333703994751,22.865034,73.50251,0.2065,2.5275647198712385
5KPE_4_6_2_combined_id23,1.1802853345870972,3.392102003097534,87.67101851851852,0.71,4,6,76.27592592592593,2.511333703994751,22.865034,73.50251,0.1821,3.0171466403537326
5KPE_4_6_2_combined_id3,2.788609743118286,3.213536262512207,80.67398148148149,0.66,4,6,76.27592592592593,2.511333703994751,22.865034,73.50251,0.1901,2.193193082456236
5KPE_4_6_2_combined_id4,1.0150688886642456,3.4410946369171143,89.09268518518519,0.76,4,6,76.27592592592593,2.511333703994751,22.865034,73.50251,0.1768,3.184308087384259
5KPE_4_6_2_combined_id5,12.110849380493164,11.611552238464355,74.9875,0.5,4,6,76.27592592592593,2.511333703994751,22.865034,73.50251,0.2003,2.247120044849537
5KPE_4_6_2_combined_id6,1.0288329124450684,3.636366367340088,88.44009259259258,0.73,4,6,76.27592592592593,2.511333703994751,22.865034,73.50251,0.1733,3.172522368254485
5KPE_4_6_2_combined_id7,1.4817118644714355,2.873112678527832,79.25064814814814,0.65,4,6,76.27592592592593,2.511333703994751,22.865034,73.50251,0.197,2.2431974057798034
5KPE_4_6_2_combined_id8,1.7533366680145264,3.9919581413269043,90.58555555555556,0.77,4,6,76.27592592592593,2.511333703994751,22.865034,73.50251,0.19,3.0872859248408564
5KPE_4_6_2_combined_id9,2.0039687156677246,3.1986522674560547,84.79305555555554,0.75,4,6,76.27592592592593,2.511333703994751,22.865034,73.50251,0.199,2.407119185836226
5KPE_4_6_3_combined_id1,2.2102246284484863,2.336008071899414,78.88361111111111,0.64,4,6,91.13601851851853,0.9346662163734436,21.959547,74.70813,0.1783,2.747936107494213
5KPE_4_6_3_combined_id10,1.6710197925567627,3.6438305377960205,86.08101851851852,0.7,4,6,91.13601851851853,0.9346662163734436,21.959547,74.70813,0.1959,2.681381225585937
5KPE_4_6_3_combined_id11,1.2888965606689453,3.4903953075408936,91.48537037037038,0.81,4,6,91.13601851851853,0.9346662163734436,21.959547,74.70813,0.1744,3.009021900318287
5KPE_4_6_3_combined_id12,1.2832672595977783,3.260558605194092,89.89305555555555,0.79,4,6,91.13601851851853,0.9346662163734436,21.959547,74.70813,0.1776,3.117131551106771
5KPE_4_6_3_combined_id13,1.4832179546356201,3.8317556381225586,87.16564814814814,0.74,4,6,91.13601851851853,0.9346662163734436,21.959547,74.70813,0.1877,3.1541140521014177
5KPE_4_6_3_combined_id14,1.7149395942687988,3.7242095470428467,84.15240740740741,0.69,4,6,91.13601851851853,0.9346662163734436,21.959547,74.70813,0.1829,3.0899550826461226
5KPE_4_6_3_combined_id15,2.173496961593628,3.958160161972046,83.65583333333335,0.74,4,6,91.13601851851853,0.9346662163734436,21.959547,74.70813,0.1699,3.157316419813368
5KPE_4_6_3_combined_id16,1.6706204414367676,3.005519151687622,88.1087037037037,0.76,4,6,91.13601851851853,0.9346662163734436,21.959547,74.70813,0.2017,2.697800530327691
5KPE_4_6_3_combined_id17,1.123224139213562,3.6485507488250732,85.43240740740741,0.72,4,6,91.13601851851853,0.9346662163734436,21.959547,74.70813,0.1746,3.164982548466435
5KPE_4_6_3_combined_id18,1.2837398052215576,3.7797067165374756,86.43907407407407,0.69,4,6,91.13601851851853,0.9346662163734436,21.959547,74.70813,0.1778,3.0350463302047164
5KPE_4_6_3_combined_id19,1.2079708576202393,3.181029796600342,82.48759259259258,0.65,4,6,91.13601851851853,0.9346662163734436,21.959547,74.70813,0.1742,3.0303192138671875
5KPE_4_6_3_combined_id2,9.548904418945312,10.234074592590332,84.58259259259259,0.69,4,6,91.13601851851853,0.9346662163734436,21.959547,74.70813,0.1813,3.2816809195059315
5KPE_4_6_3_combined_id20,15.833066940307617,13.647064208984375,88.47203703703703,0.64,4,6,91.13601851851853,0.9346662163734436,21.959547,74.70813,0.1934,2.60782312463831
5KPE_4_6_3_combined_id21,1.7164593935012817,2.952946424484253,84.30638888888889,0.72,4,6,91.13601851851853,0.9346662163734436,21.959547,74.70813,0.2006,2.6733163904260704
5KPE_4_6_3_combined_id22,1.643015742301941,2.425236940383911,89.4737962962963,0.77,4,6,91.13601851851853,0.9346662163734436,21.959547,74.70813,0.183,2.9895872893156827
5KPE_4_6_3_combined_id23,9.98667049407959,10.4937744140625,81.67814814814817,0.71,4,6,91.13601851851853,0.9346662163734436,21.959547,74.70813,0.194,2.730990939670139
5KPE_4_6_3_combined_id24,10.938512802124023,10.886849403381348,68.09555555555556,0.45,4,6,91.13601851851853,0.9346662163734436,21.959547,74.70813,0.2021,2.5246098836263022
5KPE_4_6_3_combined_id3,1.4358638525009155,3.4841840267181396,86.54037037037038,0.73,4,6,91.13601851851853,0.9346662163734436,21.959547,74.70813,0.1876,2.8354359379521124
5KPE_4_6_3_combined_id4,11.749678611755371,10.450536727905273,71.69925925925928,0.53,4,6,91.13601851851853,0.9346662163734436,21.959547,74.70813,0.1838,2.5957568133318865
5KPE_4_6_3_combined_id5,3.022495985031128,4.139115810394287,74.76157407407408,0.62,4,6,91.13601851851853,0.9346662163734436,21.959547,74.70813,0.1945,2.606179696542245
5KPE_4_6_3_combined_id6,6.047194480895996,5.397315502166748,85.55296296296298,0.74,4,6,91.13601851851853,0.9346662163734436,21.959547,74.70813,0.1815,2.6523833098234952
5KPE_4_6_3_combined_id7,1.9353958368301392,3.051896572113037,74.4524074074074,0.63,4,6,91.13601851851853,0.9346662163734436,21.959547,74.70813,0.19,2.6282162136501737
5KPE_4_6_3_combined_id8,1.2910609245300293,3.449397563934326,85.6153703703704,0.71,4,6,91.13601851851853,0.9346662163734436,21.959547,74.70813,0.1752,3.0752320466218173
5KPE_4_6_3_combined_id9,1.2442078590393066,3.7859795093536377,91.62370370370373,0.79,4,6,91.13601851851853,0.9346662163734436,21.959547,74.70813,0.1892,3.371921115451389
5KPE_4_6_4_combined_id1,1.4597094058990479,3.265998125076294,84.62694444444445,0.68,4,6,80.08000000000001,10.998947143554688,22.135323,72.250755,0.1825,2.942207053855613
5KPE_4_6_4_combined_id10,1.080894112586975,3.7355566024780273,85.04592592592593,0.68,4,6,80.08000000000001,10.998947143554688,22.135323,72.250755,0.1786,3.1707209834346064
5KPE_4_6_4_combined_id11,4.085974216461182,4.215870380401611,75.20296296296296,0.57,4,6,80.08000000000001,10.998947143554688,22.135323,72.250755,0.2212,2.313922882080078
5KPE_4_6_4_combined_id12,1.0942960977554321,3.7441623210906982,88.99638888888887,0.72,4,6,80.08000000000001,10.998947143554688,22.135323,72.250755,0.1893,3.040557861328125
5KPE_4_6_4_combined_id13,1.551239252090454,3.171952724456787,88.43296296296297,0.75,4,6,80.08000000000001,10.998947143554688,22.135323,72.250755,0.1949,2.344338452374493
5KPE_4_6_4_combined_id15,1.7348157167434692,3.4047183990478516,92.89342592592594,0.83,4,6,80.08000000000001,10.998947143554688,22.135323,72.250755,0.1903,2.9185333251953125
5KPE_4_6_4_combined_id16,1.8307989835739136,3.656787157058716,70.51675925925926,0.57,4,6,80.08000000000001,10.998947143554688,22.135323,72.250755,0.2039,2.4140413072374134
5KPE_4_6_4_combined_id17,1.4364643096923828,3.4685864448547363,87.58694444444444,0.76,4,6,80.08000000000001,10.998947143554688,22.135323,72.250755,0.1913,2.756071867766204
5KPE_4_6_4_combined_id18,1.514729619026184,3.7309513092041016,88.71212962962964,0.75,4,6,80.08000000000001,10.998947143554688,22.135323,72.250755,0.1907,3.0433561537000866
5KPE_4_6_4_combined_id2,10.591479301452637,11.070910453796387,74.66953703703705,0.56,4,6,80.08000000000001,10.998947143554688,22.135323,72.250755,0.1975,2.1108416804560908
5KPE_4_6_4_combined_id20,11.7894926071167,11.56386947631836,83.36490740740739,0.59,4,6,80.08000000000001,10.998947143554688,22.135323,72.250755,0.203,2.273390310781973
5KPE_4_6_4_combined_id21,11.280353546142578,11.258419036865234,78.89805555555556,0.6,4,6,80.08000000000001,10.998947143554688,22.135323,72.250755,0.2098,2.2260011743616173
5KPE_4_6_4_combined_id23,1.3766837120056152,3.520954132080078,92.19111111111113,0.8,4,6,80.08000000000001,10.998947143554688,22.135323,72.250755,0.2062,2.607166148998119
5KPE_4_6_4_combined_id24,1.5781878232955933,3.175734519958496,92.25481481481482,0.8,4,6,80.08000000000001,10.998947143554688,22.135323,72.250755,0.215,2.642287360297309
5KPE_4_6_4_combined_id4,10.080179214477539,9.903488159179688,75.5112962962963,0.56,4,6,80.08000000000001,10.998947143554688,22.135323,72.250755,0.2058,2.276678438539858
5KPE_4_6_4_combined_id5,2.038172960281372,3.9253289699554443,88.36861111111111,0.75,4,6,80.08000000000001,10.998947143554688,22.135323,72.250755,0.1971,2.6811430189344616
5KPE_4_6_4_combined_id6,1.909348726272583,3.4161930084228516,82.21685185185186,0.68,4,6,80.08000000000001,10.998947143554688,22.135323,72.250755,0.1936,2.4777103000217013
5KPE_4_6_4_combined_id7,1.5789790153503418,3.3066179752349854,84.58342592592592,0.73,4,6,80.08000000000001,10.998947143554688,22.135323,72.250755,0.2065,2.182359059651693
5KPE_4_6_4_combined_id8,11.39639663696289,10.565123558044434,78.88129629629628,0.62,4,6,80.08000000000001,10.998947143554688,22.135323,72.250755,0.2012,2.5723676328305847
5KPE_4_6_4_combined_id9,3.2061760425567627,4.696068286895752,81.29444444444444,0.69,4,6,80.08000000000001,10.998947143554688,22.135323,72.250755,0.193,2.7134851526331016
5KPE_4_6_5_combined_id1,2.591273784637451,3.3531289100646973,83.51620370370372,0.7,4,6,90.8350925925926,1.0142570734024048,22.576742,72.07287,0.2107,2.523569177698206
5KPE_4_6_5_combined_id10,1.5373789072036743,3.2167763710021973,89.93990740740739,0.79,4,6,90.8350925925926,1.0142570734024048,22.576742,72.07287,0.214,2.612566347475405
5KPE_4_6_5_combined_id11,1.443657636642456,3.4494471549987793,87.09611111111111,0.75,4,6,90.8350925925926,1.0142570734024048,22.576742,72.07287,0.1769,2.885152463559751
5KPE_4_6_5_combined_id12,1.1277797222137451,3.8068385124206543,81.4412037037037,0.7,4,6,90.8350925925926,1.0142570734024048,22.576742,72.07287,0.1783,2.975879810474537
5KPE_4_6_5_combined_id14,2.1128721237182617,3.5451204776763916,88.30935185185184,0.76,4,6,90.8350925925926,1.0142570734024048,22.576742,72.07287,0.195,2.45234454119647
5KPE_4_6_5_combined_id15,1.5330865383148193,3.4867475032806396,86.09583333333333,0.75,4,6,90.8350925925926,1.0142570734024048,22.576742,72.07287,0.1849,2.6096459847909435
5KPE_4_6_5_combined_id16,1.2927607297897339,3.6864511966705322,88.89518518518517,0.77,4,6,90.8350925925926,1.0142570734024048,22.576742,72.07287,0.1915,2.7603146588360823
5KPE_4_6_5_combined_id17,1.4417392015457153,3.315127372741699,90.25212962962964,0.79,4,6,90.8350925925926,1.0142570734024048,22.576742,72.07287,0.1897,2.793212890625
5KPE_4_6_5_combined_id18,1.2850604057312012,3.5617716312408447,89.50462962962965,0.77,4,6,90.8350925925926,1.0142570734024048,22.576742,72.07287,0.1971,2.651605111581308
5KPE_4_6_5_combined_id19,11.42226505279541,11.639520645141602,85.30166666666665,0.68,4,6,90.8350925925926,1.0142570734024048,22.576742,72.07287,0.1988,2.8803061026114003
5KPE_4_6_5_combined_id20,1.6929317712783813,3.518826961517334,88.82722222222222,0.78,4,6,90.8350925925926,1.0142570734024048,22.576742,72.07287,0.202,2.30752365677445
5KPE_4_6_5_combined_id21,1.4344903230667114,3.6418962478637695,91.64842592592596,0.8,4,6,90.8350925925926,1.0142570734024048,22.576742,72.07287,0.2021,2.533090662073206
5KPE_4_6_5_combined_id22,1.726832628250122,3.5624372959136963,94.08185185185184,0.85,4,6,90.8350925925926,1.0142570734024048,22.576742,72.07287,0.2046,2.851333053023726
5KPE_4_6_5_combined_id23,1.6041219234466553,3.570927381515503,94.71055555555556,0.85,4,6,90.8350925925926,1.0142570734024048,22.576742,72.07287,0.1863,2.682265387641059
5KPE_4_6_5_combined_id24,2.0498311519622803,3.380131483078003,84.79638888888888,0.75,4,6,90.8350925925926,1.0142570734024048,22.576742,72.07287,0.1876,2.4297253644024885
5KPE_4_6_5_combined_id3,1.4510271549224854,3.6082444190979004,87.1465740740741,0.73,4,6,90.8350925925926,1.0142570734024048,22.576742,72.07287,0.1922,2.9788725111219616
5KPE_4_6_5_combined_id4,1.3023746013641357,3.4348483085632324,93.53027777777775,0.83,4,6,90.8350925925926,1.0142570734024048,22.576742,72.07287,0.176,2.931209988064236
5KPE_4_6_5_combined_id5,1.4523614645004272,3.4391586780548096,90.22083333333332,0.79,4,6,90.8350925925926,1.0142570734024048,22.576742,72.07287,0.1928,2.739136872468172
5KPE_4_6_5_combined_id6,1.3525729179382324,3.4763450622558594,92.18,0.8,4,6,90.8350925925926,1.0142570734024048,22.576742,72.07287,0.1943,2.722611321343316
5KPE_4_6_5_combined_id7,2.364562511444092,3.506643295288086,86.03555555555556,0.74,4,6,90.8350925925926,1.0142570734024048,22.576742,72.07287,0.1934,2.681281195746528
5KPE_4_6_5_combined_id8,1.5580112934112549,3.7838549613952637,90.27851851851852,0.8,4,6,90.8350925925926,1.0142570734024048,22.576742,72.07287,0.1982,2.5774544609917536
5KPE_4_6_5_combined_id9,1.814415693283081,3.273775100708008,82.6437962962963,0.71,4,6,90.8350925925926,1.0142570734024048,22.576742,72.07287,0.1886,2.675167507595486
5KPE_4_6_6_combined_id1,1.3223345279693604,3.4711899757385254,84.01194444444444,0.72,4,6,82.12861111111111,2.320918083190918,22.771492,71.99209,0.2062,2.95663000036169
5KPE_4_6_6_combined_id10,1.4296119213104248,3.5484275817871094,84.59203703703703,0.77,4,6,82.12861111111111,2.320918083190918,22.771492,71.99209,0.1839,3.0884461579499423
5KPE_4_6_6_combined_id11,10.379329681396484,10.651589393615723,80.45092592592592,0.64,4,6,82.12861111111111,2.320918083190918,22.771492,71.99209,0.2003,2.4363445705837674
5KPE_4_6_6_combined_id12,11.234827041625977,10.362977027893066,71.84962962962962,0.53,4,6,82.12861111111111,2.320918083190918,22.771492,71.99209,0.207,2.6317325168185763
5KPE_4_6_6_combined_id14,1.1856200695037842,3.3120176792144775,87.6012037037037,0.72,4,6,82.12861111111111,2.320918083190918,22.771492,71.99209,0.1916,3.137901023582176
5KPE_4_6_6_combined_id15,1.534437656402588,3.5499370098114014,89.24638888888889,0.75,4,6,82.12861111111111,2.320918083190918,22.771492,71.99209,0.1779,3.2685784233940973
5KPE_4_6_6_combined_id16,1.281613826751709,3.2822933197021484,85.01814814814814,0.74,4,6,82.12861111111111,2.320918083190918,22.771492,71.99209,0.205,2.807816682038484
5KPE_4_6_6_combined_id18,1.6335474252700806,3.5439629554748535,91.64962962962962,0.8,4,6,82.12861111111111,2.320918083190918,22.771492,71.99209,0.1989,2.765748200593172
5KPE_4_6_6_combined_id19,1.3783602714538574,3.5990073680877686,87.62787037037036,0.76,4,6,82.12861111111111,2.320918083190918,22.771492,71.99209,0.1999,2.593636124222367
5KPE_4_6_6_combined_id2,1.2978191375732422,3.1047370433807373,85.08962962962966,0.72,4,6,82.12861111111111,2.320918083190918,22.771492,71.99209,0.2006,2.500983344184028
5KPE_4_6_6_combined_id20,1.382875919342041,3.1103897094726562,84.72351851851852,0.74,4,6,82.12861111111111,2.320918083190918,22.771492,71.99209,0.1851,2.7958916558159723
5KPE_4_6_6_combined_id21,8.243419647216797,8.832368850708008,70.92574074074074,0.58,4,6,82.12861111111111,2.320918083190918,22.771492,71.99209,0.1921,2.6070760091145835
5KPE_4_6_6_combined_id22,1.0862176418304443,3.170973062515259,85.80083333333334,0.7,4,6,82.12861111111111,2.320918083190918,22.771492,71.99209,0.1902,3.0542085435655384
5KPE_4_6_6_combined_id23,1.1121426820755005,3.3889963626861572,91.28407407407408,0.79,4,6,82.12861111111111,2.320918083190918,22.771492,71.99209,0.1882,3.2548181039315685
5KPE_4_6_6_combined_id24,1.946039080619812,2.8695812225341797,86.8274074074074,0.7,4,6,82.12861111111111,2.320918083190918,22.771492,71.99209,0.1937,2.6259488706235534
5KPE_4_6_6_combined_id3,2.986771821975708,2.948117971420288,70.79388888888889,0.54,4,6,82.12861111111111,2.320918083190918,22.771492,71.99209,0.1816,2.903214631257234
5KPE_4_6_6_combined_id5,1.7671256065368652,3.119367837905884,87.32703703703704,0.75,4,6,82.12861111111111,2.320918083190918,22.771492,71.99209,0.208,2.630854853877315
5KPE_4_6_6_combined_id6,2.048842430114746,2.989795684814453,77.10851851851851,0.63,4,6,82.12861111111111,2.320918083190918,22.771492,71.99209,0.2128,2.353994440149378
5KPE_4_6_6_combined_id7,1.4037607908248901,3.199902296066284,93.14833333333333,0.84,4,6,82.12861111111111,2.320918083190918,22.771492,71.99209,0.1874,2.772453025535301
5KPE_4_6_6_combined_id8,1.692816972732544,3.1000969409942627,85.66546296296295,0.73,4,6,82.12861111111111,2.320918083190918,22.771492,71.99209,0.19,2.711712872540509
5KPE_4_6_6_combined_id9,1.138518214225769,3.4916889667510986,91.56703703703704,0.8,4,6,82.12861111111111,2.320918083190918,22.771492,71.99209,0.1793,3.113941616482205
5KPE_4_6_7_combined_id1,1.7783688306808472,3.3615541458129883,85.68175925925927,0.77,4,6,86.54833333333333,1.1169204711914062,22.245888,73.23328,0.2131,2.647946958188657
5KPE_4_6_7_combined_id10,1.905256986618042,3.232400894165039,89.80509259259259,0.78,4,6,86.54833333333333,1.1169204711914062,22.245888,73.23328,0.1858,2.2657674153645835
5KPE_4_6_7_combined_id11,1.7007805109024048,3.4022676944732666,73.53055555555555,0.61,4,6,86.54833333333333,1.1169204711914062,22.245888,73.23328,0.2003,1.878449899178964
5KPE_4_6_7_combined_id12,1.678795337677002,3.626159191131592,91.25546296296297,0.78,4,6,86.54833333333333,1.1169204711914062,22.245888,73.23328,0.1958,2.5290459526909723
5KPE_4_6_7_combined_id13,1.3870295286178589,3.507160186767578,88.1863888888889,0.72,4,6,86.54833333333333,1.1169204711914062,22.245888,73.23328,0.1724,2.4762708875868054
5KPE_4_6_7_combined_id14,1.8723652362823486,3.5448131561279297,85.6035185185185,0.71,4,6,86.54833333333333,1.1169204711914062,22.245888,73.23328,0.1868,2.271414156313296
5KPE_4_6_7_combined_id15,1.2395721673965454,3.5777816772460938,86.2825925925926,0.74,4,6,86.54833333333333,1.1169204711914062,22.245888,73.23328,0.1847,2.6592689796730324
5KPE_4_6_7_combined_id16,1.9146326780319214,3.461317777633667,88.18685185185186,0.75,4,6,86.54833333333333,1.1169204711914062,22.245888,73.23328,0.1938,2.4558916445131653
5KPE_4_6_7_combined_id17,1.321854591369629,3.1183974742889404,85.11907407407408,0.69,4,6,86.54833333333333,1.1169204711914062,22.245888,73.23328,0.1804,2.1118604871961804
5KPE_4_6_7_combined_id18,1.3486953973770142,3.3049025535583496,87.72481481481482,0.73,4,6,86.54833333333333,1.1169204711914062,22.245888,73.23328,0.1797,2.512543289749711
5KPE_4_6_7_combined_id19,1.4790135622024536,3.4157471656799316,91.8096296296296,0.79,4,6,86.54833333333333,1.1169204711914062,22.245888,73.23328,0.2025,2.463637175383391
5KPE_4_6_7_combined_id20,1.6880203485488892,3.291687488555908,87.91620370370369,0.76,4,6,86.54833333333333,1.1169204711914062,22.245888,73.23328,0.1901,2.476724977846499
5KPE_4_6_7_combined_id21,1.4343558549880981,3.315546989440918,89.25675925925928,0.79,4,6,86.54833333333333,1.1169204711914062,22.245888,73.23328,0.1995,2.303772537796586
5KPE_4_6_7_combined_id22,1.546886920928955,3.49630069732666,88.02953703703703,0.77,4,6,86.54833333333333,1.1169204711914062,22.245888,73.23328,0.1839,2.5979176274052374
5KPE_4_6_7_combined_id23,1.505674958229065,3.2941243648529053,88.76731481481478,0.77,4,6,86.54833333333333,1.1169204711914062,22.245888,73.23328,0.1882,2.364842732747396
5KPE_4_6_7_combined_id24,5.082428455352783,6.8524956703186035,69.3737037037037,0.61,4,6,86.54833333333333,1.1169204711914062,22.245888,73.23328,0.1864,2.444249471028646
5KPE_4_6_7_combined_id3,1.9950826168060303,3.6083104610443115,67.33944444444445,0.59,4,6,86.54833333333333,1.1169204711914062,22.245888,73.23328,0.199,2.4467959933810763
5KPE_4_6_7_combined_id4,1.4442741870880127,3.609152317047119,89.30166666666668,0.79,4,6,86.54833333333333,1.1169204711914062,22.245888,73.23328,0.1821,2.8234984786422164
5KPE_4_6_7_combined_id5,1.3547061681747437,3.3807849884033203,86.87166666666668,0.72,4,6,86.54833333333333,1.1169204711914062,22.245888,73.23328,0.1857,2.519818906430845
5KPE_4_6_7_combined_id6,1.7429969310760498,3.4468770027160645,91.34564814814814,0.79,4,6,86.54833333333333,1.1169204711914062,22.245888,73.23328,0.1972,2.524693806966146
5KPE_4_6_7_combined_id7,1.600334644317627,3.2306127548217773,87.71907407407406,0.76,4,6,86.54833333333333,1.1169204711914062,22.245888,73.23328,0.192,2.165070569073712
5KPE_4_6_7_combined_id8,1.6601766347885132,3.6245150566101074,86.94342592592592,0.73,4,6,86.54833333333333,1.1169204711914062,22.245888,73.23328,0.2075,2.162142153139468
5KPE_4_6_7_combined_id9,1.6450715065002441,3.486510753631592,89.54972222222223,0.74,4,6,86.54833333333333,1.1169204711914062,22.245888,73.23328,0.2013,2.638897931134259
5KPE_4_6_8_combined_id1,1.1092405319213867,3.0554099082946777,87.44027777777775,0.75,4,6,88.03916666666666,1.1185544729232788,22.456354,73.32116,0.1626,3.0681177775065103
5KPE_4_6_8_combined_id10,10.887750625610352,10.461807250976562,78.5011111111111,0.51,4,6,88.03916666666666,1.1185544729232788,22.456354,73.32116,0.1976,2.5480547304506653
5KPE_4_6_8_combined_id11,1.8001450300216675,3.2362892627716064,86.13009259259259,0.76,4,6,88.03916666666666,1.1185544729232788,22.456354,73.32116,0.1887,2.523401896158854
5KPE_4_6_8_combined_id12,1.7325756549835205,2.418811082839966,73.31777777777778,0.58,4,6,88.03916666666666,1.1185544729232788,22.456354,73.32116,0.1875,2.6289138793945312
5KPE_4_6_8_combined_id13,2.0244336128234863,3.321051836013794,76.33407407407407,0.66,4,6,88.03916666666666,1.1185544729232788,22.456354,73.32116,0.1849,2.7165934244791665
5KPE_4_6_8_combined_id15,1.6971570253372192,3.0326361656188965,85.53768518518517,0.71,4,6,88.03916666666666,1.1185544729232788,22.456354,73.32116,0.1815,2.6668099297417536
5KPE_4_6_8_combined_id16,1.5759892463684082,3.2778244018554688,91.93388888888887,0.83,4,6,88.03916666666666,1.1185544729232788,22.456354,73.32116,0.1845,2.773996706362124
5KPE_4_6_8_combined_id17,1.5741705894470215,3.302804946899414,89.58824074074073,0.77,4,6,88.03916666666666,1.1185544729232788,22.456354,73.32116,0.1907,3.070153412995515
5KPE_4_6_8_combined_id18,1.9549877643585205,3.6024413108825684,81.9222222222222,0.68,4,6,88.03916666666666,1.1185544729232788,22.456354,73.32116,0.1689,2.987683614095052
5KPE_4_6_8_combined_id19,1.6765936613082886,3.264882802963257,91.17157407407406,0.82,4,6,88.03916666666666,1.1185544729232788,22.456354,73.32116,0.1813,2.461301732946325
5KPE_4_6_8_combined_id2,1.6883147954940796,3.6207926273345947,88.20824074074073,0.8,4,6,88.03916666666666,1.1185544729232788,22.456354,73.32116,0.192,2.9172015719943576
5KPE_4_6_8_combined_id20,1.6691538095474243,3.0908961296081543,92.96648148148148,0.82,4,6,88.03916666666666,1.1185544729232788,22.456354,73.32116,0.1842,2.8589514273184315
5KPE_4_6_8_combined_id21,1.4977483749389648,3.427839994430542,89.29574074074074,0.74,4,6,88.03916666666666,1.1185544729232788,22.456354,73.32116,0.1849,2.617770724826389
5KPE_4_6_8_combined_id22,1.8135287761688232,3.165844440460205,78.17851851851849,0.64,4,6,88.03916666666666,1.1185544729232788,22.456354,73.32116,0.1826,2.518890380859375
5KPE_4_6_8_combined_id23,1.5489859580993652,3.46718692779541,89.07953703703704,0.78,4,6,88.03916666666666,1.1185544729232788,22.456354,73.32116,0.1972,2.789056848596644
5KPE_4_6_8_combined_id24,2.4365880489349365,4.010751724243164,61.457777777777785,0.46,4,6,88.03916666666666,1.1185544729232788,22.456354,73.32116,0.1805,2.540193345811632
5KPE_4_6_8_combined_id3,1.3948955535888672,3.5285329818725586,88.74037037037039,0.75,4,6,88.03916666666666,1.1185544729232788,22.456354,73.32116,0.1903,3.11115801775897
5KPE_4_6_8_combined_id4,1.4174089431762695,3.7518539428710938,90.21277777777776,0.77,4,6,88.03916666666666,1.1185544729232788,22.456354,73.32116,0.1881,3.088056211118345
5KPE_4_6_8_combined_id5,1.8594192266464233,3.6381890773773193,88.11685185185186,0.75,4,6,88.03916666666666,1.1185544729232788,22.456354,73.32116,0.1851,3.2126617431640625
5KPE_4_6_8_combined_id6,1.5360157489776611,3.079592704772949,80.45898148148147,0.67,4,6,88.03916666666666,1.1185544729232788,22.456354,73.32116,0.1777,2.647227817111545
5KPE_4_6_8_combined_id7,1.7970225811004639,1.9954993724822998,87.9126851851852,0.75,4,6,88.03916666666666,1.1185544729232788,22.456354,73.32116,0.1814,2.400683367693866
5KPE_4_6_8_combined_id8,1.842061996459961,2.767273426055908,81.53064814814815,0.65,4,6,88.03916666666666,1.1185544729232788,22.456354,73.32116,0.1948,2.392855891474971
5KPE_4_6_8_combined_id9,1.8633506298065186,3.43984317779541,85.16787037037038,0.7,4,6,88.03916666666666,1.1185544729232788,22.456354,73.32116,0.1758,2.6369106151439525
5KPE_4_6_9_combined_id1,1.4078376293182373,3.6578240394592285,91.00592592592592,0.81,4,6,81.14805555555556,2.6184654235839844,22.361279,74.10893,0.197,2.560193097149884
5KPE_4_6_9_combined_id10,5.574728012084961,6.171802997589111,83.58962962962963,0.66,4,6,81.14805555555556,2.6184654235839844,22.361279,74.10893,0.2116,2.236771760163484
5KPE_4_6_9_combined_id12,1.5480884313583374,3.4655511379241943,94.78805555555556,0.85,4,6,81.14805555555556,2.6184654235839844,22.361279,74.10893,0.2027,2.5040271900318287
5KPE_4_6_9_combined_id14,11.597895622253418,10.655007362365723,77.73694444444445,0.6,4,6,81.14805555555556,2.6184654235839844,22.361279,74.10893,0.1888,2.530861183449074
5KPE_4_6_9_combined_id15,1.6467554569244385,3.325357437133789,89.52527777777777,0.78,4,6,81.14805555555556,2.6184654235839844,22.361279,74.10893,0.2252,2.3818675853587963
5KPE_4_6_9_combined_id16,1.6997615098953247,3.5146665573120117,83.44888888888885,0.67,4,6,81.14805555555556,2.6184654235839844,22.361279,74.10893,0.2034,2.4284334535951966
5KPE_4_6_9_combined_id17,1.6402366161346436,3.615450143814087,94.6200925925926,0.85,4,6,81.14805555555556,2.6184654235839844,22.361279,74.10893,0.2116,2.591982241030093
5KPE_4_6_9_combined_id18,1.7134897708892822,3.5518033504486084,74.63824074074074,0.6,4,6,81.14805555555556,2.6184654235839844,22.361279,74.10893,0.1957,2.459535386827257
5KPE_4_6_9_combined_id19,11.357905387878418,10.9148530960083,81.76425925925925,0.55,4,6,81.14805555555556,2.6184654235839844,22.361279,74.10893,0.218,2.2514001351815685
5KPE_4_6_9_combined_id2,1.49253511428833,3.3555727005004883,88.08175925925924,0.76,4,6,81.14805555555556,2.6184654235839844,22.361279,74.10893,0.2005,2.4615532203956887
5KPE_4_6_9_combined_id20,1.4730907678604126,3.5274336338043213,85.96333333333331,0.77,4,6,81.14805555555556,2.6184654235839844,22.361279,74.10893,0.2089,2.6200346770109952
5KPE_4_6_9_combined_id21,11.720931053161621,10.668014526367188,87.06305555555555,0.71,4,6,81.14805555555556,2.6184654235839844,22.361279,74.10893,0.1905,2.5682878847475403
5KPE_4_6_9_combined_id22,1.672673225402832,3.29683518409729,91.48907407407408,0.83,4,6,81.14805555555556,2.6184654235839844,22.361279,74.10893,0.1925,2.65851875587746
5KPE_4_6_9_combined_id24,1.4547982215881348,3.4485745429992676,90.82287037037035,0.8,4,6,81.14805555555556,2.6184654235839844,22.361279,74.10893,0.1855,2.7432595712167247
5KPE_4_6_9_combined_id3,1.365006446838379,3.368954658508301,93.51907407407408,0.84,4,6,81.14805555555556,2.6184654235839844,22.361279,74.10893,0.203,2.5123624448423034
5KPE_4_6_9_combined_id5,1.6041440963745117,3.534571409225464,92.45935185185186,0.83,4,6,81.14805555555556,2.6184654235839844,22.361279,74.10893,0.2043,2.53786779333044
5KPE_4_6_9_combined_id6,1.2926790714263916,3.5884037017822266,91.31398148148148,0.82,4,6,81.14805555555556,2.6184654235839844,22.361279,74.10893,0.1962,2.7707253915292247
5KPE_4_6_9_combined_id7,5.441877365112305,5.5675482749938965,78.82666666666667,0.6,4,6,81.14805555555556,2.6184654235839844,22.361279,74.10893,0.2152,2.1932202091923467
5KPE_4_6_9_combined_id8,1.8272327184677124,3.39255690574646,90.63425925925924,0.77,4,6,81.14805555555556,2.6184654235839844,22.361279,74.10893,0.2107,2.184648443151404
5KPE_4_6_9_combined_id9,1.5220857858657837,3.563563585281372,89.7499074074074,0.8,4,6,81.14805555555556,2.6184654235839844,22.361279,74.10893,0.1887,2.700235437463831
5KPE_4_8_0_combined_id1,11.973767280578613,11.335254669189453,78.71916666666668,0.56,4,8,73.48777777777777,3.23147201538086,22.878416,69.981705,0.2057,2.465377242476852
5KPE_4_8_0_combined_id10,1.6448678970336914,3.3216066360473633,86.64055555555558,0.76,4,8,73.48777777777777,3.23147201538086,22.878416,69.981705,0.1952,2.61802249484592
5KPE_4_8_0_combined_id11,1.5094362497329712,3.358083963394165,85.45324074074072,0.71,4,8,73.48777777777777,3.23147201538086,22.878416,69.981705,0.1795,2.842715793185764
5KPE_4_8_0_combined_id12,1.4934659004211426,3.3555428981781006,89.26379629629633,0.78,4,8,73.48777777777777,3.23147201538086,22.878416,69.981705,0.1957,2.812176739728009
5KPE_4_8_0_combined_id13,1.950684666633606,3.4074618816375732,83.71564814814816,0.71,4,8,73.48777777777777,3.23147201538086,22.878416,69.981705,0.184,2.6157495004159435
5KPE_4_8_0_combined_id14,1.4028968811035156,3.990450143814087,85.3237037037037,0.72,4,8,73.48777777777777,3.23147201538086,22.878416,69.981705,0.1973,3.065600359881366
5KPE_4_8_0_combined_id16,10.938078880310059,11.235251426696777,68.94574074074075,0.49,4,8,73.48777777777777,3.23147201538086,22.878416,69.981705,0.1874,2.526808279531973
5KPE_4_8_0_combined_id17,10.930501937866211,11.909221649169922,67.94666666666666,0.56,4,8,73.48777777777777,3.23147201538086,22.878416,69.981705,0.194,2.386680320457176
5KPE_4_8_0_combined_id18,2.8142499923706055,2.1641018390655518,73.44388888888889,0.61,4,8,73.48777777777777,3.23147201538086,22.878416,69.981705,0.1759,2.6515398378725403
5KPE_4_8_0_combined_id19,1.3730838298797607,3.2073726654052734,91.43351851851853,0.8,4,8,73.48777777777777,3.23147201538086,22.878416,69.981705,0.1789,2.675051936396846
5KPE_4_8_0_combined_id2,1.3765242099761963,3.7051022052764893,84.07027777777778,0.69,4,8,73.48777777777777,3.23147201538086,22.878416,69.981705,0.1851,3.172467832212095
5KPE_4_8_0_combined_id22,1.5765912532806396,3.4112966060638428,87.45314814814816,0.77,4,8,73.48777777777777,3.23147201538086,22.878416,69.981705,0.1934,2.641491925274884
5KPE_4_8_0_combined_id23,2.0126991271972656,3.873635768890381,65.25027777777778,0.57,4,8,73.48777777777777,3.23147201538086,22.878416,69.981705,0.1788,3.0130253544560186
5KPE_4_8_0_combined_id3,1.6769951581954956,3.5861504077911377,79.12046296296295,0.66,4,8,73.48777777777777,3.23147201538086,22.878416,69.981705,0.2037,2.738906295211226
5KPE_4_8_0_combined_id4,1.2383232116699219,3.717329263687134,88.1902777777778,0.76,4,8,73.48777777777777,3.23147201538086,22.878416,69.981705,0.1855,3.122820818865741
5KPE_4_8_0_combined_id5,11.709094047546387,12.266694068908691,73.89324074074075,0.49,4,8,73.48777777777777,3.23147201538086,22.878416,69.981705,0.1981,2.598895885326244
5KPE_4_8_0_combined_id6,1.4684990644454956,3.4784960746765137,84.0100925925926,0.72,4,8,73.48777777777777,3.23147201538086,22.878416,69.981705,0.1879,2.723849826388889
5KPE_4_8_0_combined_id7,1.379653811454773,3.6551671028137207,87.2012037037037,0.73,4,8,73.48777777777777,3.23147201538086,22.878416,69.981705,0.1767,3.0358007925528065
5KPE_4_8_0_combined_id8,1.596457600593567,3.3333280086517334,86.9973148148148,0.73,4,8,73.48777777777777,3.23147201538086,22.878416,69.981705,0.1765,2.5731274640118635
5KPE_4_8_1_combined_id1,7.104097366333008,7.062374114990234,67.8,0.58,4,8,79.74666666666668,1.5577353239059448,22.66142,69.50115,0.1937,2.921057524504485
5KPE_4_8_1_combined_id10,11.72031021118164,11.244044303894043,75.70361111111112,0.62,4,8,79.74666666666668,1.5577353239059448,22.66142,69.50115,0.2088,2.8294282136140048
5KPE_4_8_1_combined_id11,2.5883407592773438,3.517423629760742,71.60648148148148,0.63,4,8,79.74666666666668,1.5577353239059448,22.66142,69.50115,0.1864,3.20489247639974
5KPE_4_8_1_combined_id12,2.143911361694336,3.1980178356170654,91.91638888888887,0.81,4,8,79.74666666666668,1.5577353239059448,22.66142,69.50115,0.1859,2.607725355360243
5KPE_4_8_1_combined_id13,5.9591827392578125,5.8305535316467285,72.80416666666666,0.52,4,8,79.74666666666668,1.5577353239059448,22.66142,69.50115,0.1904,3.0755685876916954
5KPE_4_8_1_combined_id14,1.883885145187378,3.563887119293213,74.64638888888888,0.63,4,8,79.74666666666668,1.5577353239059448,22.66142,69.50115,0.1934,2.435453626844618
5KPE_4_8_1_combined_id15,2.6138575077056885,2.9537553787231445,81.48250000000002,0.68,4,8,79.74666666666668,1.5577353239059448,22.66142,69.50115,0.174,2.5165221602828414
5KPE_4_8_1_combined_id16,1.2081797122955322,3.618332862854004,87.5865740740741,0.76,4,8,79.74666666666668,1.5577353239059448,22.66142,69.50115,0.1725,3.5158810085720487
5KPE_4_8_1_combined_id17,2.0923385620117188,3.478178024291992,79.72527777777776,0.66,4,8,79.74666666666668,1.5577353239059448,22.66142,69.50115,0.1958,2.412195841471354
5KPE_4_8_1_combined_id18,2.8848166465759277,3.221942901611328,58.75435185185184,0.45,4,8,79.74666666666668,1.5577353239059448,22.66142,69.50115,0.1761,3.022444548430266
5KPE_4_8_1_combined_id19,1.5694547891616821,3.5002706050872803,87.06277777777778,0.74,4,8,79.74666666666668,1.5577353239059448,22.66142,69.50115,0.1971,3.10776208948206
5KPE_4_8_1_combined_id2,1.786329746246338,3.1394381523132324,85.03157407407406,0.75,4,8,79.74666666666668,1.5577353239059448,22.66142,69.50115,0.1853,2.492095382125289
5KPE_4_8_1_combined_id20,3.6639440059661865,2.9174273014068604,72.8414814814815,0.61,4,8,79.74666666666668,1.5577353239059448,22.66142,69.50115,0.1923,3.1393763224283853
5KPE_4_8_1_combined_id21,11.642641067504883,11.49758529663086,69.41212962962965,0.55,4,8,79.74666666666668,1.5577353239059448,22.66142,69.50115,0.1781,2.824942412199797
5KPE_4_8_1_combined_id22,3.204618453979492,3.5855836868286133,70.87518518518517,0.57,4,8,79.74666666666668,1.5577353239059448,22.66142,69.50115,0.1678,3.3891677856445312
5KPE_4_8_1_combined_id23,1.7582653760910034,3.458142042160034,77.03796296296295,0.67,4,8,79.74666666666668,1.5577353239059448,22.66142,69.50115,0.1676,2.955245123969184
5KPE_4_8_1_combined_id24,3.165083885192871,3.2731454372406006,78.41416666666666,0.7,4,8,79.74666666666668,1.5577353239059448,22.66142,69.50115,0.1911,2.279507107204861
5KPE_4_8_1_combined_id3,1.5638689994812012,3.397096872329712,86.53925925925925,0.77,4,8,79.74666666666668,1.5577353239059448,22.66142,69.50115,0.1713,2.7705646091037326
5KPE_4_8_1_combined_id4,2.509605646133423,3.7851364612579346,81.19083333333334,0.68,4,8,79.74666666666668,1.5577353239059448,22.66142,69.50115,0.1731,3.2799035531503185
5KPE_4_8_1_combined_id5,2.0120742321014404,3.558289051055908,84.98546296296297,0.74,4,8,79.74666666666668,1.5577353239059448,22.66142,69.50115,0.1854,2.9962700737847223
5KPE_4_8_1_combined_id6,2.0597620010375977,3.2778067588806152,84.76287037037036,0.73,4,8,79.74666666666668,1.5577353239059448,22.66142,69.50115,0.1771,2.618549488208912
5KPE_4_8_1_combined_id7,1.7357114553451538,3.524205446243286,89.31824074074073,0.77,4,8,79.74666666666668,1.5577353239059448,22.66142,69.50115,0.186,2.91896735297309
5KPE_4_8_1_combined_id8,1.4578157663345337,2.803065299987793,77.80675925925925,0.65,4,8,79.74666666666668,1.5577353239059448,22.66142,69.50115,0.1849,2.682025768138744
5KPE_4_8_1_combined_id9,1.6919679641723633,3.3561432361602783,85.96018518518518,0.71,4,8,79.74666666666668,1.5577353239059448,22.66142,69.50115,0.1697,3.2510302508318865
5KPE_4_8_2_combined_id1,1.8166887760162354,3.289869785308838,86.23472222222223,0.76,4,8,85.54324074074074,1.7727636098861694,22.50979,67.934044,0.1967,2.5221054642288774
5KPE_4_8_2_combined_id10,2.0333750247955322,3.285036087036133,85.11805555555556,0.76,4,8,85.54324074074074,1.7727636098861694,22.50979,67.934044,0.1862,2.8744294908311634
5KPE_4_8_2_combined_id11,1.9774363040924072,3.2428996562957764,71.66953703703703,0.57,4,8,85.54324074074074,1.7727636098861694,22.50979,67.934044,0.188,2.5555318196614585
5KPE_4_8_2_combined_id12,8.683867454528809,8.508010864257812,68.0876851851852,0.63,4,8,85.54324074074074,1.7727636098861694,22.50979,67.934044,0.1907,2.591065583405672
5KPE_4_8_2_combined_id13,1.51857328414917,3.32667875289917,82.82351851851854,0.69,4,8,85.54324074074074,1.7727636098861694,22.50979,67.934044,0.1858,3.0123494466145835
5KPE_4_8_2_combined_id14,1.4477204084396362,3.2658371925354004,88.08935185185186,0.77,4,8,85.54324074074074,1.7727636098861694,22.50979,67.934044,0.1721,3.197112754539208
5KPE_4_8_2_combined_id16,1.2638031244277954,3.6513736248016357,88.68388888888889,0.77,4,8,85.54324074074074,1.7727636098861694,22.50979,67.934044,0.177,3.2393731011284723
5KPE_4_8_2_combined_id17,2.0385501384735107,3.4240269660949707,65.96111111111111,0.51,4,8,85.54324074074074,1.7727636098861694,22.50979,67.934044,0.1727,2.351088347258391
5KPE_4_8_2_combined_id18,1.0983386039733887,3.6230928897857666,81.91898148148147,0.69,4,8,85.54324074074074,1.7727636098861694,22.50979,67.934044,0.1773,3.235429834436488
5KPE_4_8_2_combined_id19,2.3160088062286377,3.5945851802825928,70.40592592592593,0.57,4,8,85.54324074074074,1.7727636098861694,22.50979,67.934044,0.1763,2.9471794410988137
5KPE_4_8_2_combined_id2,2.0794198513031006,3.072895050048828,88.35712962962964,0.78,4,8,85.54324074074074,1.7727636098861694,22.50979,67.934044,0.1934,2.4494586520724826
5KPE_4_8_2_combined_id20,1.8894679546356201,3.6271753311157227,88.71898148148146,0.78,4,8,85.54324074074074,1.7727636098861694,22.50979,67.934044,0.1836,2.7464591132269964
5KPE_4_8_2_combined_id21,3.1048355102539062,4.049853324890137,76.32675925925925,0.63,4,8,85.54324074074074,1.7727636098861694,22.50979,67.934044,0.1803,2.29181233158818
5KPE_4_8_2_combined_id22,2.2891924381256104,2.1250572204589844,87.15129629629631,0.75,4,8,85.54324074074074,1.7727636098861694,22.50979,67.934044,0.1941,2.353586691397208
5KPE_4_8_2_combined_id23,2.1862194538116455,3.2936930656433105,84.19037037037036,0.75,4,8,85.54324074074074,1.7727636098861694,22.50979,67.934044,0.1655,2.6815275969328702
5KPE_4_8_2_combined_id24,1.5319551229476929,3.4642493724823,92.76574074074075,0.82,4,8,85.54324074074074,1.7727636098861694,22.50979,67.934044,0.1885,2.8805180302372686
5KPE_4_8_2_combined_id3,1.6002014875411987,3.2163219451904297,79.92046296296294,0.68,4,8,85.54324074074074,1.7727636098861694,22.50979,67.934044,0.1835,2.561401932327836
5KPE_4_8_2_combined_id5,1.221498966217041,3.7607016563415527,91.80314814814813,0.8,4,8,85.54324074074074,1.7727636098861694,22.50979,67.934044,0.1852,3.5452790436921298
5KPE_4_8_2_combined_id7,2.273918390274048,3.4781744480133057,69.58685185185185,0.55,4,8,85.54324074074074,1.7727636098861694,22.50979,67.934044,0.199,2.282918294270833
5KPE_4_8_2_combined_id8,1.9858320951461792,2.4508023262023926,78.14194444444445,0.62,4,8,85.54324074074074,1.7727636098861694,22.50979,67.934044,0.1793,2.223747959843388
5KPE_4_8_2_combined_id9,1.7798012495040894,3.53934383392334,83.87990740740743,0.71,4,8,85.54324074074074,1.7727636098861694,22.50979,67.934044,0.1841,2.708789966724537
5KPE_4_8_3_combined_id1,1.5323927402496338,3.636249303817749,84.4726851851852,0.71,4,8,85.20388888888887,1.681365966796875,21.964962,68.838264,0.187,3.0892941510235823
5KPE_4_8_3_combined_id10,1.8461419343948364,3.9434473514556885,83.25046296296296,0.69,4,8,85.20388888888887,1.681365966796875,21.964962,68.838264,0.1712,3.1894293891059027
5KPE_4_8_3_combined_id11,1.7154724597930908,3.1907265186309814,77.32444444444445,0.66,4,8,85.20388888888887,1.681365966796875,21.964962,68.838264,0.1677,2.5913498489945024
5KPE_4_8_3_combined_id12,9.693039894104004,10.220661163330078,78.05675925925925,0.64,4,8,85.20388888888887,1.681365966796875,21.964962,68.838264,0.1753,3.205869886610243
5KPE_4_8_3_combined_id13,1.6891875267028809,3.631850481033325,91.38157407407408,0.78,4,8,85.20388888888887,1.681365966796875,21.964962,68.838264,0.1995,3.07316815411603
5KPE_4_8_3_combined_id14,1.8335814476013184,3.8432037830352783,73.48407407407407,0.63,4,8,85.20388888888887,1.681365966796875,21.964962,68.838264,0.1808,2.7989784523292824
5KPE_4_8_3_combined_id15,1.5428563356399536,3.1882340908050537,91.86888888888888,0.79,4,8,85.20388888888887,1.681365966796875,21.964962,68.838264,0.1907,2.7604777018229165
5KPE_4_8_3_combined_id16,3.3209028244018555,4.126555442810059,74.62425925925926,0.55,4,8,85.20388888888887,1.681365966796875,21.964962,68.838264,0.1924,3.0028163768627025
5KPE_4_8_3_combined_id17,1.189561128616333,3.006833553314209,91.37157407407406,0.78,4,8,85.20388888888887,1.681365966796875,21.964962,68.838264,0.1817,2.750425550672743
5KPE_4_8_3_combined_id18,1.5403788089752197,3.241595506668091,86.15888888888888,0.71,4,8,85.20388888888887,1.681365966796875,21.964962,68.838264,0.1834,2.56869054723669
5KPE_4_8_3_combined_id19,1.7342420816421509,3.450502634048462,84.9837037037037,0.69,4,8,85.20388888888887,1.681365966796875,21.964962,68.838264,0.1882,2.642987851743345
5KPE_4_8_3_combined_id2,16.004318237304688,13.923876762390137,88.41092592592592,0.55,4,8,85.20388888888887,1.681365966796875,21.964962,68.838264,0.1973,2.3891708939163774
5KPE_4_8_3_combined_id20,1.6193618774414062,3.385648727416992,77.50472222222223,0.65,4,8,85.20388888888887,1.681365966796875,21.964962,68.838264,0.19,2.83115471733941
5KPE_4_8_3_combined_id21,1.9527777433395386,1.872870683670044,85.91138888888885,0.68,4,8,85.20388888888887,1.681365966796875,21.964962,68.838264,0.1796,2.790412055121528
5KPE_4_8_3_combined_id23,10.820704460144043,10.77243423461914,82.34796296296294,0.68,4,8,85.20388888888887,1.681365966796875,21.964962,68.838264,0.1897,3.273406417281539
5KPE_4_8_3_combined_id24,5.930168151855469,6.076394557952881,74.19101851851849,0.57,4,8,85.20388888888887,1.681365966796875,21.964962,68.838264,0.1885,2.535988136574074
5KPE_4_8_3_combined_id3,9.541926383972168,10.238093376159668,75.15870370370371,0.63,4,8,85.20388888888887,1.681365966796875,21.964962,68.838264,0.1832,2.717131438078704
5KPE_4_8_3_combined_id4,1.617113471031189,3.391108274459839,84.88111111111111,0.68,4,8,85.20388888888887,1.681365966796875,21.964962,68.838264,0.1806,2.976191202799479
5KPE_4_8_3_combined_id5,2.176267623901367,3.765617609024048,77.84546296296297,0.63,4,8,85.20388888888887,1.681365966796875,21.964962,68.838264,0.18,2.6605196352358216
5KPE_4_8_3_combined_id6,1.4518766403198242,3.5746166706085205,89.62240740740741,0.78,4,8,85.20388888888887,1.681365966796875,21.964962,68.838264,0.1701,2.9597846137152777
5KPE_4_8_3_combined_id7,1.9656184911727905,3.3365650177001953,85.55777777777779,0.69,4,8,85.20388888888887,1.681365966796875,21.964962,68.838264,0.1856,2.752802813494647
5KPE_4_8_3_combined_id8,10.529850959777832,11.42202377319336,70.94574074074075,0.59,4,8,85.20388888888887,1.681365966796875,21.964962,68.838264,0.1778,2.725146258318866
5KPE_4_8_3_combined_id9,9.613986015319824,10.342447280883789,78.23685185185184,0.62,4,8,85.20388888888887,1.681365966796875,21.964962,68.838264,0.1674,2.599559642650463
5KPE_4_8_4_combined_id1,1.5623739957809448,3.320312261581421,83.06287037037039,0.73,4,8,80.53342592592591,2.012233018875122,22.076084,73.191795,0.1874,2.5384063720703125
5KPE_4_8_4_combined_id10,9.577247619628906,10.147322654724121,76.35851851851851,0.63,4,8,80.53342592592591,2.012233018875122,22.076084,73.191795,0.1991,2.9021549931278936
5KPE_4_8_4_combined_id11,1.1722259521484375,3.5919742584228516,85.74638888888892,0.7,4,8,80.53342592592591,2.012233018875122,22.076084,73.191795,0.1801,3.0920133237485534
5KPE_4_8_4_combined_id12,1.666621446609497,2.986236095428467,84.38537037037038,0.72,4,8,80.53342592592591,2.012233018875122,22.076084,73.191795,0.1939,2.542774341724537
5KPE_4_8_4_combined_id13,9.554570198059082,10.568547248840332,73.07555555555557,0.59,4,8,80.53342592592591,2.012233018875122,22.076084,73.191795,0.1941,2.552445588288484
5KPE_4_8_4_combined_id14,4.147528648376465,5.214577674865723,78.7300925925926,0.67,4,8,80.53342592592591,2.012233018875122,22.076084,73.191795,0.2007,2.450460363317419
5KPE_4_8_4_combined_id15,1.4428842067718506,3.423051357269287,81.56787037037039,0.67,4,8,80.53342592592591,2.012233018875122,22.076084,73.191795,0.1649,3.231928507486979
5KPE_4_8_4_combined_id16,1.270559310913086,3.5366599559783936,86.73712962962964,0.76,4,8,80.53342592592591,2.012233018875122,22.076084,73.191795,0.1755,3.333220870406539
5KPE_4_8_4_combined_id17,2.405817747116089,2.402564287185669,81.89962962962963,0.65,4,8,80.53342592592591,2.012233018875122,22.076084,73.191795,0.1829,2.8655129891854747
5KPE_4_8_4_combined_id18,1.496497631072998,3.742694616317749,83.68351851851851,0.66,4,8,80.53342592592591,2.012233018875122,22.076084,73.191795,0.1822,3.1101608276367188
5KPE_4_8_4_combined_id19,1.990310788154602,2.774548292160034,85.11518518518518,0.74,4,8,80.53342592592591,2.012233018875122,22.076084,73.191795,0.1846,2.3901338930483216
5KPE_4_8_4_combined_id2,1.6392372846603394,3.424562454223633,83.02472222222222,0.7,4,8,80.53342592592591,2.012233018875122,22.076084,73.191795,0.1736,2.905956409595631
5KPE_4_8_4_combined_id20,8.096208572387695,10.233473777770996,78.61990740740741,0.63,4,8,80.53342592592591,2.012233018875122,22.076084,73.191795,0.1754,3.19204514114945
5KPE_4_8_4_combined_id21,1.6050223112106323,3.2807931900024414,83.82324074074074,0.73,4,8,80.53342592592591,2.012233018875122,22.076084,73.191795,0.1881,2.7874038131148726
5KPE_4_8_4_combined_id22,2.5181028842926025,3.7309560775756836,75.36231481481482,0.6,4,8,80.53342592592591,2.012233018875122,22.076084,73.191795,0.1779,2.845226429126881
5KPE_4_8_4_combined_id23,9.68059253692627,10.082087516784668,78.43648148148148,0.66,4,8,80.53342592592591,2.012233018875122,22.076084,73.191795,0.1773,2.920758282696759
5KPE_4_8_4_combined_id24,2.518979787826538,2.4046287536621094,80.73231481481483,0.66,4,8,80.53342592592591,2.012233018875122,22.076084,73.191795,0.1921,2.6297005547417536
5KPE_4_8_4_combined_id3,10.391470909118652,10.255331993103027,75.8937962962963,0.63,4,8,80.53342592592591,2.012233018875122,22.076084,73.191795,0.1812,2.556530140064381
5KPE_4_8_4_combined_id4,1.51493239402771,3.3547439575195312,85.69490740740741,0.69,4,8,80.53342592592591,2.012233018875122,22.076084,73.191795,0.173,3.107956497757524
5KPE_4_8_4_combined_id5,4.041256427764893,4.82680082321167,80.06157407407407,0.7,4,8,80.53342592592591,2.012233018875122,22.076084,73.191795,0.1878,2.853451764142072
5KPE_4_8_4_combined_id6,10.541339874267578,10.914918899536133,70.33583333333333,0.55,4,8,80.53342592592591,2.012233018875122,22.076084,73.191795,0.2009,2.5935270521375866
5KPE_4_8_4_combined_id7,1.3604285717010498,3.470309257507324,83.44601851851851,0.62,4,8,80.53342592592591,2.012233018875122,22.076084,73.191795,0.1687,2.696888393825955
5KPE_4_8_4_combined_id8,10.053604125976562,10.306495666503906,79.86500000000002,0.67,4,8,80.53342592592591,2.012233018875122,22.076084,73.191795,0.1944,3.2090716891818576
5KPE_4_8_4_combined_id9,9.75680160522461,10.328368186950684,77.82009259259259,0.58,4,8,80.53342592592591,2.012233018875122,22.076084,73.191795,0.1911,2.750058209454572
5KPE_4_8_5_combined_id1,1.9944900274276733,3.392213821411133,87.3809259259259,0.72,4,8,88.4825925925926,8.240274429321289,21.812077,72.30835,0.2004,2.341079146773726
5KPE_4_8_5_combined_id10,2.3726840019226074,3.617284059524536,89.79694444444443,0.81,4,8,88.4825925925926,8.240274429321289,21.812077,72.30835,0.201,2.4165318806966147
5KPE_4_8_5_combined_id11,2.670681953430176,2.9310286045074463,78.85425925925927,0.64,4,8,88.4825925925926,8.240274429321289,21.812077,72.30835,0.1697,2.542822378653068
5KPE_4_8_5_combined_id12,2.6561505794525146,3.631068229675293,77.65675925925925,0.68,4,8,88.4825925925926,8.240274429321289,21.812077,72.30835,0.1823,2.327602810329861
5KPE_4_8_5_combined_id13,2.701826572418213,2.978922128677368,81.24314814814815,0.73,4,8,88.4825925925926,8.240274429321289,21.812077,72.30835,0.187,2.4879526208948204
5KPE_4_8_5_combined_id14,2.426729917526245,3.534278392791748,83.24249999999999,0.68,4,8,88.4825925925926,8.240274429321289,21.812077,72.30835,0.1708,2.4537378946940103
5KPE_4_8_5_combined_id15,1.7620002031326294,3.492023468017578,81.81185185185183,0.7,4,8,88.4825925925926,8.240274429321289,21.812077,72.30835,0.1717,3.199494821053964
5KPE_4_8_5_combined_id16,2.16919207572937,3.376446485519409,79.11814814814815,0.64,4,8,88.4825925925926,8.240274429321289,21.812077,72.30835,0.1807,2.4342628761574074
5KPE_4_8_5_combined_id17,1.415136456489563,3.121520519256592,89.8413888888889,0.77,4,8,88.4825925925926,8.240274429321289,21.812077,72.30835,0.1887,3.144630714699074
5KPE_4_8_5_combined_id18,9.159679412841797,9.588826179504395,71.57324074074073,0.58,4,8,88.4825925925926,8.240274429321289,21.812077,72.30835,0.1906,2.467042145905672
5KPE_4_8_5_combined_id19,1.930567979812622,3.7355711460113525,81.14703703703701,0.67,4,8,88.4825925925926,8.240274429321289,21.812077,72.30835,0.1867,2.6865076135706016
5KPE_4_8_5_combined_id2,9.856389999389648,9.99741268157959,77.86194444444445,0.61,4,8,88.4825925925926,8.240274429321289,21.812077,72.30835,0.1942,2.312436280427156
5KPE_4_8_5_combined_id21,10.76557445526123,11.477910995483398,79.44361111111111,0.55,4,8,88.4825925925926,8.240274429321289,21.812077,72.30835,0.2177,2.47598068802445
5KPE_4_8_5_combined_id22,2.4082586765289307,2.8035898208618164,81.41046296296294,0.68,4,8,88.4825925925926,8.240274429321289,21.812077,72.30835,0.1933,2.321157384801794
5KPE_4_8_5_combined_id23,2.7580416202545166,4.1708221435546875,81.9563888888889,0.69,4,8,88.4825925925926,8.240274429321289,21.812077,72.30835,0.1987,2.186170366075304
5KPE_4_8_5_combined_id24,15.1112060546875,12.978779792785645,82.5075925925926,0.58,4,8,88.4825925925926,8.240274429321289,21.812077,72.30835,0.1997,2.0612818400065103
5KPE_4_8_5_combined_id3,1.7322885990142822,3.3188540935516357,88.61759259259259,0.75,4,8,88.4825925925926,8.240274429321289,21.812077,72.30835,0.1835,2.838309393988715
5KPE_4_8_5_combined_id4,9.323047637939453,10.372997283935547,71.97564814814815,0.57,4,8,88.4825925925926,8.240274429321289,21.812077,72.30835,0.17,2.517268428096065
5KPE_4_8_5_combined_id5,2.3382761478424072,3.605181932449341,77.20925925925927,0.65,4,8,88.4825925925926,8.240274429321289,21.812077,72.30835,0.1905,2.418950398763021
5KPE_4_8_5_combined_id6,2.748373031616211,3.0208327770233154,76.25870370370373,0.64,4,8,88.4825925925926,8.240274429321289,21.812077,72.30835,0.1774,2.411145528157552
5KPE_4_8_5_combined_id7,1.8858978748321533,2.892958164215088,74.74898148148148,0.59,4,8,88.4825925925926,8.240274429321289,21.812077,72.30835,0.1858,1.9744793927228008
5KPE_4_8_5_combined_id8,9.540586471557617,10.033967971801758,75.18333333333334,0.62,4,8,88.4825925925926,8.240274429321289,21.812077,72.30835,0.1858,2.593001471625434
5KPE_4_8_5_combined_id9,2.0423920154571533,3.490795135498047,78.18879629629627,0.64,4,8,88.4825925925926,8.240274429321289,21.812077,72.30835,0.1749,3.032066062644676
5KPE_4_8_6_combined_id10,8.41015338897705,9.402273178100586,72.9449074074074,0.51,4,8,81.12416666666668,3.3253161907196045,22.55059,69.817184,0.1795,2.828761913158276
5KPE_4_8_6_combined_id12,9.774045944213867,10.187646865844727,68.11092592592593,0.51,4,8,81.12416666666668,3.3253161907196045,22.55059,69.817184,0.1922,2.448300114384404
5KPE_4_8_6_combined_id13,10.053546905517578,11.86385726928711,71.5051851851852,0.57,4,8,81.12416666666668,3.3253161907196045,22.55059,69.817184,0.2047,2.6288384331597223
5KPE_4_8_6_combined_id15,1.536882758140564,3.3482604026794434,75.09518518518519,0.61,4,8,81.12416666666668,3.3253161907196045,22.55059,69.817184,0.1859,2.618486757631655
5KPE_4_8_6_combined_id16,2.813605308532715,3.807793378829956,67.8262962962963,0.57,4,8,81.12416666666668,3.3253161907196045,22.55059,69.817184,0.1958,1.996545014558015
5KPE_4_8_6_combined_id17,9.272727966308594,9.987728118896484,72.49527777777779,0.54,4,8,81.12416666666668,3.3253161907196045,22.55059,69.817184,0.1994,2.311527958622685
5KPE_4_8_6_combined_id18,1.9237644672393799,3.316049575805664,79.07537037037038,0.66,4,8,81.12416666666668,3.3253161907196045,22.55059,69.817184,0.1799,2.517148053204572
5KPE_4_8_6_combined_id19,2.1316542625427246,3.539363145828247,74.32425925925925,0.56,4,8,81.12416666666668,3.3253161907196045,22.55059,69.817184,0.1867,2.291440045392072
5KPE_4_8_6_combined_id20,2.02970290184021,2.7577881813049316,78.15583333333333,0.6,4,8,81.12416666666668,3.3253161907196045,22.55059,69.817184,0.1868,2.311694109881366
5KPE_4_8_6_combined_id21,1.4124387502670288,3.31186580657959,78.40342592592594,0.69,4,8,81.12416666666668,3.3253161907196045,22.55059,69.817184,0.1874,2.425159030490452
5KPE_4_8_6_combined_id22,1.1899222135543823,3.4934206008911133,84.1986111111111,0.69,4,8,81.12416666666668,3.3253161907196045,22.55059,69.817184,0.1986,3.061138576931424
5KPE_4_8_6_combined_id23,10.956811904907227,11.505263328552246,87.70944444444443,0.73,4,8,81.12416666666668,3.3253161907196045,22.55059,69.817184,0.1929,3.054634094238281
5KPE_4_8_6_combined_id24,2.111781120300293,3.198068618774414,77.26583333333332,0.66,4,8,81.12416666666668,3.3253161907196045,22.55059,69.817184,0.1783,2.411997194643374
5KPE_4_8_6_combined_id4,10.066144943237305,10.499604225158691,84.01185185185184,0.7,4,8,81.12416666666668,3.3253161907196045,22.55059,69.817184,0.1883,2.9036918922706887
5KPE_4_8_6_combined_id5,10.476146697998047,11.72205924987793,72.8012962962963,0.58,4,8,81.12416666666668,3.3253161907196045,22.55059,69.817184,0.1922,2.3439417238588685
5KPE_4_8_6_combined_id6,1.4369938373565674,3.5940322875976562,81.09175925925923,0.67,4,8,81.12416666666668,3.3253161907196045,22.55059,69.817184,0.2057,2.898521140769676
5KPE_4_8_6_combined_id7,1.9382741451263428,2.7721288204193115,80.79583333333333,0.65,4,8,81.12416666666668,3.3253161907196045,22.55059,69.817184,0.1932,2.611482125741464
5KPE_4_8_6_combined_id8,1.818526268005371,3.1236257553100586,77.79268518518519,0.65,4,8,81.12416666666668,3.3253161907196045,22.55059,69.817184,0.1781,2.3487246478045427
5KPE_4_8_6_combined_id9,10.975985527038574,12.959345817565918,74.90444444444444,0.51,4,8,81.12416666666668,3.3253161907196045,22.55059,69.817184,0.1967,2.2869611669469765
5KPE_4_8_7_combined_id1,10.798283576965332,11.217440605163574,77.2837037037037,0.61,4,8,82.31472222222222,10.615376472473145,22.223001,71.09239,0.1827,2.97768063015408
5KPE_4_8_7_combined_id10,2.0348105430603027,2.923090934753418,63.86768518518517,0.48,4,8,82.31472222222222,10.615376472473145,22.223001,71.09239,0.1814,2.662210535120081
5KPE_4_8_7_combined_id11,4.9694132804870605,6.594424247741699,73.85111111111111,0.46,4,8,82.31472222222222,10.615376472473145,22.223001,71.09239,0.1815,3.0344407823350696
5KPE_4_8_7_combined_id12,10.077526092529297,10.326042175292969,77.29009259259259,0.65,4,8,82.31472222222222,10.615376472473145,22.223001,71.09239,0.1864,2.7819595336914062
5KPE_4_8_7_combined_id13,8.286581993103027,10.131172180175781,74.6962962962963,0.58,4,8,82.31472222222222,10.615376472473145,22.223001,71.09239,0.1872,2.920989707664208
5KPE_4_8_7_combined_id14,8.008464813232422,9.277728080749512,65.68851851851852,0.55,4,8,82.31472222222222,10.615376472473145,22.223001,71.09239,0.1827,2.983218440303096
5KPE_4_8_7_combined_id15,11.401168823242188,11.83111572265625,78.26083333333332,0.63,4,8,82.31472222222222,10.615376472473145,22.223001,71.09239,0.1925,2.70855712890625
5KPE_4_8_7_combined_id16,1.8591969013214111,2.7591733932495117,81.73546296296297,0.72,4,8,82.31472222222222,10.615376472473145,22.223001,71.09239,0.191,2.683640091507524
5KPE_4_8_7_combined_id17,1.8181663751602173,3.135852336883545,81.80962962962961,0.67,4,8,82.31472222222222,10.615376472473145,22.223001,71.09239,0.1823,2.668669241446036
5KPE_4_8_7_combined_id19,10.703264236450195,11.338600158691406,79.70722222222223,0.67,4,8,82.31472222222222,10.615376472473145,22.223001,71.09239,0.1995,2.76333166051794
5KPE_4_8_7_combined_id2,10.278714179992676,10.399922370910645,78.96546296296297,0.58,4,8,82.31472222222222,10.615376472473145,22.223001,71.09239,0.2021,2.728982430917245
5KPE_4_8_7_combined_id21,2.6338491439819336,3.3426454067230225,65.97564814814815,0.52,4,8,82.31472222222222,10.615376472473145,22.223001,71.09239,0.188,2.543893884729456
5KPE_4_8_7_combined_id22,2.1334738731384277,2.8897018432617188,79.69685185185186,0.66,4,8,82.31472222222222,10.615376472473145,22.223001,71.09239,0.1821,2.81747888635706
5KPE_4_8_7_combined_id23,2.0165936946868896,2.9242148399353027,79.77907407407407,0.64,4,8,82.31472222222222,10.615376472473145,22.223001,71.09239,0.1936,2.3648222464102284
5KPE_4_8_7_combined_id24,2.5180089473724365,2.042112112045288,78.93592592592593,0.65,4,8,82.31472222222222,10.615376472473145,22.223001,71.09239,0.1801,2.787996927897136
5KPE_4_8_7_combined_id4,1.9087039232254028,3.767169237136841,72.73333333333333,0.65,4,8,82.31472222222222,10.615376472473145,22.223001,71.09239,0.1994,2.404056407787181
5KPE_4_8_7_combined_id5,8.109891891479492,7.898951053619385,67.17175925925928,0.54,4,8,82.31472222222222,10.615376472473145,22.223001,71.09239,0.1888,2.566018281159577
5KPE_4_8_7_combined_id7,1.445511817932129,3.6311137676239014,89.30685185185187,0.76,4,8,82.31472222222222,10.615376472473145,22.223001,71.09239,0.179,3.268763224283854
5KPE_4_8_8_combined_id1,1.6480661630630493,3.8005857467651367,77.3287962962963,0.67,4,8,89.31805555555555,0.999938666820526,22.412935,69.64983,0.2053,2.300859521936488
5KPE_4_8_8_combined_id10,1.7430628538131714,2.508074998855591,81.87851851851849,0.69,4,8,89.31805555555555,0.999938666820526,22.412935,69.64983,0.1875,2.40506829155816
5KPE_4_8_8_combined_id11,7.609079837799072,7.5801005363464355,62.64018518518518,0.5,4,8,89.31805555555555,0.999938666820526,22.412935,69.64983,0.2064,2.230016920301649
5KPE_4_8_8_combined_id12,1.9758753776550293,3.6872572898864746,82.32175925925925,0.69,4,8,89.31805555555555,0.999938666820526,22.412935,69.64983,0.2007,2.070829603407118
5KPE_4_8_8_combined_id13,8.214627265930176,9.926435470581055,79.74120370370373,0.69,4,8,89.31805555555555,0.999938666820526,22.412935,69.64983,0.1827,2.3493244029857494
5KPE_4_8_8_combined_id14,9.869492530822754,10.221478462219238,75.07453703703703,0.61,4,8,89.31805555555555,0.999938666820526,22.412935,69.64983,0.2017,2.389142636899595
5KPE_4_8_8_combined_id15,1.9796175956726074,2.9163577556610107,78.21620370370371,0.63,4,8,89.31805555555555,0.999938666820526,22.412935,69.64983,0.2045,2.325808065908926
5KPE_4_8_8_combined_id16,1.4699654579162598,2.2845611572265625,79.97046296296294,0.65,4,8,89.31805555555555,0.999938666820526,22.412935,69.64983,0.186,2.309039363154658
5KPE_4_8_8_combined_id17,7.6529622077941895,7.631345272064209,79.98657407407407,0.69,4,8,89.31805555555555,0.999938666820526,22.412935,69.64983,0.1849,2.3795236658166954
5KPE_4_8_8_combined_id18,7.719132423400879,9.71619987487793,66.51083333333334,0.53,4,8,89.31805555555555,0.999938666820526,22.412935,69.64983,0.1913,2.2148879722312644
5KPE_4_8_8_combined_id19,8.746950149536133,10.713879585266113,78.2124074074074,0.62,4,8,89.31805555555555,0.999938666820526,22.412935,69.64983,0.2052,2.2374510588469327
5KPE_4_8_8_combined_id2,3.494999885559082,4.6579437255859375,82.60305555555557,0.7,4,8,89.31805555555555,0.999938666820526,22.412935,69.64983,0.1886,2.231102413601345
5KPE_4_8_8_combined_id20,2.147592067718506,1.6326509714126587,75.81185185185186,0.62,4,8,89.31805555555555,0.999938666820526,22.412935,69.64983,0.1974,2.32672119140625
5KPE_4_8_8_combined_id21,1.4806545972824097,3.3513219356536865,85.05953703703706,0.73,4,8,89.31805555555555,0.999938666820526,22.412935,69.64983,0.1891,2.2638737713849104
5KPE_4_8_8_combined_id22,2.2547550201416016,2.787625312805176,84.52749999999999,0.73,4,8,89.31805555555555,0.999938666820526,22.412935,69.64983,0.1969,2.090521494547526
5KPE_4_8_8_combined_id23,8.110346794128418,9.716572761535645,87.56935185185185,0.79,4,8,89.31805555555555,0.999938666820526,22.412935,69.64983,0.2077,2.299123410825376
5KPE_4_8_8_combined_id24,1.6984156370162964,3.3145053386688232,88.68111111111112,0.79,4,8,89.31805555555555,0.999938666820526,22.412935,69.64983,0.1905,2.296065860324436
5KPE_4_8_8_combined_id3,1.8588542938232422,2.8012447357177734,83.5649074074074,0.73,4,8,89.31805555555555,0.999938666820526,22.412935,69.64983,0.202,2.368106559470848
5KPE_4_8_8_combined_id4,10.791104316711426,12.990730285644531,68.44675925925925,0.51,4,8,89.31805555555555,0.999938666820526,22.412935,69.64983,0.2078,2.150753868950738
5KPE_4_8_8_combined_id5,7.857656478881836,7.0103373527526855,70.93444444444445,0.53,4,8,89.31805555555555,0.999938666820526,22.412935,69.64983,0.1921,2.383164582429109
5KPE_4_8_8_combined_id6,1.3209861516952515,3.5627048015594482,86.01546296296299,0.71,4,8,89.31805555555555,0.999938666820526,22.412935,69.64983,0.1872,2.683704234935619
5KPE_4_8_8_combined_id7,1.504387378692627,3.154897928237915,85.2022222222222,0.74,4,8,89.31805555555555,0.999938666820526,22.412935,69.64983,0.1944,2.5010576601381653
5KPE_4_8_8_combined_id8,2.0393283367156982,3.9958906173706055,72.40222222222222,0.63,4,8,89.31805555555555,0.999938666820526,22.412935,69.64983,0.2024,2.239393163610388
5KPE_4_8_8_combined_id9,1.7212529182434082,2.0186049938201904,81.96574074074073,0.66,4,8,89.31805555555555,0.999938666820526,22.412935,69.64983,0.209,2.0409879331235534
5KPE_4_8_9_combined_id1,12.474325180053711,12.943990707397461,85.15324074074077,0.64,4,8,83.94555555555554,2.4084644317626958,21.616053,70.109,0.2044,2.6500481499565973
5KPE_4_8_9_combined_id10,1.7284241914749146,2.9956305027008057,81.3711111111111,0.66,4,8,83.94555555555554,2.4084644317626958,21.616053,70.109,0.1815,3.085042882848669
5KPE_4_8_9_combined_id12,11.333005905151367,11.967737197875977,75.21666666666665,0.51,4,8,83.94555555555554,2.4084644317626958,21.616053,70.109,0.188,2.391641687463831
5KPE_4_8_9_combined_id13,4.489108085632324,4.345273971557617,62.33583333333335,0.53,4,8,83.94555555555554,2.4084644317626958,21.616053,70.109,0.178,2.7389834368670427
5KPE_4_8_9_combined_id14,3.4399895668029785,3.8039469718933105,78.03870370370372,0.56,4,8,83.94555555555554,2.4084644317626958,21.616053,70.109,0.2035,2.454822681568287
5KPE_4_8_9_combined_id16,3.394033670425415,4.2829766273498535,78.81962962962963,0.56,4,8,83.94555555555554,2.4084644317626958,21.616053,70.109,0.204,2.362813031231916
5KPE_4_8_9_combined_id17,1.9548003673553467,4.195920944213867,77.31453703703703,0.66,4,8,83.94555555555554,2.4084644317626958,21.616053,70.109,0.1957,2.4868005823206016
5KPE_4_8_9_combined_id18,2.1248128414154053,4.232954502105713,84.0200925925926,0.72,4,8,83.94555555555554,2.4084644317626958,21.616053,70.109,0.18,3.09969640661169
5KPE_4_8_9_combined_id19,1.2226163148880005,3.960759162902832,82.80509259259262,0.67,4,8,83.94555555555554,2.4084644317626958,21.616053,70.109,0.177,3.231677302607784
5KPE_4_8_9_combined_id2,1.8550695180892944,3.3603122234344482,90.83064814814814,0.8,4,8,83.94555555555554,2.4084644317626958,21.616053,70.109,0.1927,2.42665778266059
5KPE_4_8_9_combined_id20,2.23050856590271,3.590122938156128,80.71212962962963,0.67,4,8,83.94555555555554,2.4084644317626958,21.616053,70.109,0.1829,2.476470382125289
5KPE_4_8_9_combined_id21,1.4608689546585083,3.619828939437866,86.8488888888889,0.73,4,8,83.94555555555554,2.4084644317626958,21.616053,70.109,0.1842,2.786694561993634
5KPE_4_8_9_combined_id22,1.39411461353302,3.606842279434204,76.88148148148149,0.62,4,8,83.94555555555554,2.4084644317626958,21.616053,70.109,0.1867,2.895792078088831
5KPE_4_8_9_combined_id23,9.8773775100708,10.269859313964844,72.99407407407408,0.6,4,8,83.94555555555554,2.4084644317626958,21.616053,70.109,0.1802,2.4755206637912326
5KPE_4_8_9_combined_id24,11.66635513305664,14.019574165344238,67.31787037037037,0.49,4,8,83.94555555555554,2.4084644317626958,21.616053,70.109,0.209,2.569593358922888
5KPE_4_8_9_combined_id3,10.75887393951416,11.617076873779297,75.77842592592593,0.59,4,8,83.94555555555554,2.4084644317626958,21.616053,70.109,0.1988,2.3316623546459057
5KPE_4_8_9_combined_id4,2.0842466354370117,3.5290651321411133,78.67916666666669,0.61,4,8,83.94555555555554,2.4084644317626958,21.616053,70.109,0.1967,2.403684262876157
5KPE_4_8_9_combined_id5,9.333067893981934,9.203924179077148,75.08027777777777,0.61,4,8,83.94555555555554,2.4084644317626958,21.616053,70.109,0.1871,3.063664189091435
5KPE_4_8_9_combined_id6,1.9386157989501953,3.945765495300293,85.01907407407407,0.72,4,8,83.94555555555554,2.4084644317626958,21.616053,70.109,0.1952,2.7623912669994213
5KPE_4_8_9_combined_id7,3.6600303649902344,3.009857177734375,75.41499999999999,0.62,4,8,83.94555555555554,2.4084644317626958,21.616053,70.109,0.1818,2.534114131221065
5KPE_4_8_9_combined_id8,1.126880407333374,3.7980353832244873,86.20712962962965,0.7,4,8,83.94555555555554,2.4084644317626958,21.616053,70.109,0.1636,3.1818771362304688
5KPE_4_8_9_combined_id9,2.3712587356567383,3.2243587970733643,79.09638888888891,0.65,4,8,83.94555555555554,2.4084644317626958,21.616053,70.109,0.1786,2.7633483321578414
5KPE_6_2_0_combined_id1,11.644803047180176,10.746175765991211,73.47416666666668,0.5,6,2,86.20481481481481,2.218486785888672,24.961357,74.4342,0.1719,2.661248948838976
5KPE_6_2_0_combined_id10,11.596463203430176,10.076830863952637,73.65092592592593,0.51,6,2,86.20481481481481,2.218486785888672,24.961357,74.4342,0.1684,3.0057265670211226
5KPE_6_2_0_combined_id11,10.617547035217285,10.873420715332031,86.69907407407408,0.58,6,2,86.20481481481481,2.218486785888672,24.961357,74.4342,0.1772,2.248980486834491
5KPE_6_2_0_combined_id12,9.811447143554688,10.473655700683594,72.34120370370371,0.58,6,2,86.20481481481481,2.218486785888672,24.961357,74.4342,0.187,2.565162941261574
5KPE_6_2_0_combined_id13,6.105221748352051,4.984687328338623,66.31907407407408,0.51,6,2,86.20481481481481,2.218486785888672,24.961357,74.4342,0.1838,2.8077875773111978
5KPE_6_2_0_combined_id14,9.055655479431152,9.865273475646973,52.28962962962964,0.38,6,2,86.20481481481481,2.218486785888672,24.961357,74.4342,0.1755,2.8964224921332464
5KPE_6_2_0_combined_id15,11.333048820495605,10.169979095458984,74.18314814814815,0.55,6,2,86.20481481481481,2.218486785888672,24.961357,74.4342,0.1742,3.0608212506329573
5KPE_6_2_0_combined_id16,9.086398124694824,9.680577278137207,62.324814814814815,0.5,6,2,86.20481481481481,2.218486785888672,24.961357,74.4342,0.166,3.116972181532118
5KPE_6_2_0_combined_id17,10.469910621643066,9.289508819580078,61.49222222222223,0.49,6,2,86.20481481481481,2.218486785888672,24.961357,74.4342,0.1714,3.0909610324435763
5KPE_6_2_0_combined_id18,10.768309593200684,10.659394264221191,75.11277777777778,0.58,6,2,86.20481481481481,2.218486785888672,24.961357,74.4342,0.1723,2.3086330272533275
5KPE_6_2_0_combined_id19,10.806306838989258,9.682077407836914,74.48824074074075,0.51,6,2,86.20481481481481,2.218486785888672,24.961357,74.4342,0.1814,2.453812775788484
5KPE_6_2_0_combined_id2,3.0134763717651367,3.134446859359741,69.3712962962963,0.56,6,2,86.20481481481481,2.218486785888672,24.961357,74.4342,0.1779,2.895994398328993
5KPE_6_2_0_combined_id20,1.6645411252975464,3.556023120880127,74.24027777777778,0.6,6,2,86.20481481481481,2.218486785888672,24.961357,74.4342,0.1676,2.930172672978154
5KPE_6_2_0_combined_id21,10.20136547088623,9.308123588562012,72.33398148148147,0.57,6,2,86.20481481481481,2.218486785888672,24.961357,74.4342,0.1769,2.6314208419234664
5KPE_6_2_0_combined_id22,10.990433692932129,11.442611694335938,63.063796296296296,0.5,6,2,86.20481481481481,2.218486785888672,24.961357,74.4342,0.1784,2.4198546233000577
5KPE_6_2_0_combined_id23,9.487422943115234,10.602313041687012,81.86185185185185,0.61,6,2,86.20481481481481,2.218486785888672,24.961357,74.4342,0.1779,2.4381436948423034
5KPE_6_2_0_combined_id24,4.713135719299316,3.224923610687256,70.82648148148148,0.6,6,2,86.20481481481481,2.218486785888672,24.961357,74.4342,0.1733,2.518139026783131
5KPE_6_2_0_combined_id3,1.0931320190429688,5.738224506378174,84.20703703703704,0.72,6,2,86.20481481481481,2.218486785888672,24.961357,74.4342,0.1673,3.237711023401331
5KPE_6_2_0_combined_id4,7.711947441101074,8.014739990234375,72.79574074074074,0.6,6,2,86.20481481481481,2.218486785888672,24.961357,74.4342,0.1777,3.047274836787471
5KPE_6_2_0_combined_id5,10.996847152709961,11.100602149963379,76.92064814814815,0.52,6,2,86.20481481481481,2.218486785888672,24.961357,74.4342,0.1819,2.1367115444607205
5KPE_6_2_0_combined_id6,10.45439338684082,12.574426651000977,78.6275,0.64,6,2,86.20481481481481,2.218486785888672,24.961357,74.4342,0.1898,2.8663101196289062
5KPE_6_2_0_combined_id7,10.205106735229492,9.89540958404541,78.77981481481481,0.59,6,2,86.20481481481481,2.218486785888672,24.961357,74.4342,0.1825,2.4842939023618347
5KPE_6_2_0_combined_id8,3.893148899078369,3.8003385066986084,68.94333333333333,0.47,6,2,86.20481481481481,2.218486785888672,24.961357,74.4342,0.1771,2.749728732638889
5KPE_6_2_0_combined_id9,9.057658195495605,8.787586212158203,69.7225925925926,0.54,6,2,86.20481481481481,2.218486785888672,24.961357,74.4342,0.174,2.604023968731916
5KPE_6_4_6_combined_id1,3.8857040405273438,4.175378322601318,66.70129629629629,0.51,6,4,83.40157407407408,2.225978136062622,24.844563,75.6661,0.1685,2.5726422910337097
5KPE_6_4_6_combined_id10,7.202439308166504,6.942488193511963,68.73944444444444,0.52,6,4,83.40157407407408,2.225978136062622,24.844563,75.6661,0.1892,3.0017180266203702
5KPE_6_4_6_combined_id11,8.484498977661133,7.115388870239258,66.66175925925926,0.53,6,4,83.40157407407408,2.225978136062622,24.844563,75.6661,0.1777,3.041271351001881
5KPE_6_4_6_combined_id12,7.831532955169678,4.798871040344238,69.4339814814815,0.57,6,4,83.40157407407408,2.225978136062622,24.844563,75.6661,0.1737,2.793258101851852
5KPE_6_4_6_combined_id13,8.1543550491333,8.40412425994873,81.48416666666665,0.61,6,4,83.40157407407408,2.225978136062622,24.844563,75.6661,0.1726,2.5059803150318287
5KPE_6_4_6_combined_id14,1.217809796333313,4.956199645996094,80.37453703703704,0.64,6,4,83.40157407407408,2.225978136062622,24.844563,75.6661,0.1616,3.0903023613823786
5KPE_6_4_6_combined_id15,9.346141815185547,9.718622207641602,66.82824074074074,0.51,6,4,83.40157407407408,2.225978136062622,24.844563,75.6661,0.1626,2.588739465784144
5KPE_6_4_6_combined_id16,4.354092597961426,3.9903595447540283,75.9525,0.67,6,4,83.40157407407408,2.225978136062622,24.844563,75.6661,0.1574,2.7329559326171875
5KPE_6_4_6_combined_id17,1.1854110956192017,5.356029987335205,71.45462962962964,0.56,6,4,83.40157407407408,2.225978136062622,24.844563,75.6661,0.1587,2.8053402370876737
5KPE_6_4_6_combined_id18,5.059384346008301,4.340988636016846,70.28898148148149,0.59,6,4,83.40157407407408,2.225978136062622,24.844563,75.6661,0.1709,2.7889621875904225
5KPE_6_4_6_combined_id19,1.591978907585144,5.137408256530762,75.31907407407408,0.58,6,4,83.40157407407408,2.225978136062622,24.844563,75.6661,0.1689,2.67612146448206
5KPE_6_4_6_combined_id2,1.492123007774353,4.98795223236084,73.80055555555556,0.58,6,4,83.40157407407408,2.225978136062622,24.844563,75.6661,0.1722,2.8917388916015625
5KPE_6_4_6_combined_id20,3.1557281017303467,4.318351745605469,85.46518518518518,0.71,6,4,83.40157407407408,2.225978136062622,24.844563,75.6661,0.1695,2.5308925487377025
5KPE_6_4_6_combined_id21,8.294465065002441,7.416299343109131,76.05342592592594,0.64,6,4,83.40157407407408,2.225978136062622,24.844563,75.6661,0.1791,2.66164313422309
5KPE_6_4_6_combined_id22,4.1966962814331055,5.581218719482422,85.45453703703704,0.73,6,4,83.40157407407408,2.225978136062622,24.844563,75.6661,0.1754,2.959907814308449
5KPE_6_4_6_combined_id23,2.694958209991455,4.086602687835693,80.69175925925926,0.69,6,4,83.40157407407408,2.225978136062622,24.844563,75.6661,0.1628,2.7980883563006365
5KPE_6_4_6_combined_id24,1.1411375999450684,5.588011264801025,86.045,0.73,6,4,83.40157407407408,2.225978136062622,24.844563,75.6661,0.161,3.279921920211226
5KPE_6_4_6_combined_id3,3.0048203468322754,4.674825191497803,78.39092592592594,0.7,6,4,83.40157407407408,2.225978136062622,24.844563,75.6661,0.1782,2.921237239131221
5KPE_6_4_6_combined_id4,9.468968391418457,10.457260131835938,77.73351851851851,0.57,6,4,83.40157407407408,2.225978136062622,24.844563,75.6661,0.1627,2.617219430428964
5KPE_6_4_6_combined_id5,5.246365070343018,2.992478370666504,69.71861111111112,0.57,6,4,83.40157407407408,2.225978136062622,24.844563,75.6661,0.1781,2.5676066080729165
5KPE_6_4_6_combined_id6,1.2837473154067993,3.8529422283172607,73.21111111111111,0.56,6,4,83.40157407407408,2.225978136062622,24.844563,75.6661,0.1685,2.651666429307726
5KPE_6_4_6_combined_id7,7.9981160163879395,8.472914695739746,65.44879629629631,0.51,6,4,83.40157407407408,2.225978136062622,24.844563,75.6661,0.1697,2.811691849320024
5KPE_6_4_6_combined_id8,4.157541751861572,4.979776859283447,66.9861111111111,0.5,6,4,83.40157407407408,2.225978136062622,24.844563,75.6661,0.1635,2.6010541562680847
5KPE_6_4_6_combined_id9,6.789730548858643,8.21391773223877,66.26268518518519,0.52,6,4,83.40157407407408,2.225978136062622,24.844563,75.6661,0.1655,2.830056649667245
5KPE_6_4_7_combined_id1,1.0152714252471924,5.5204291343688965,89.85249999999999,0.76,6,4,77.65972222222223,2.7653727531433105,24.553955,75.79543,0.1658,3.0505105477792247
5KPE_6_4_7_combined_id10,1.0608125925064087,5.42415189743042,85.07342592592593,0.69,6,4,77.65972222222223,2.7653727531433105,24.553955,75.79543,0.175,2.771768923158999
5KPE_6_4_7_combined_id11,1.251654863357544,5.108366966247559,88.36305555555556,0.74,6,4,77.65972222222223,2.7653727531433105,24.553955,75.79543,0.1788,3.03335119176794
5KPE_6_4_7_combined_id13,1.3230218887329102,3.8200690746307373,88.09388888888888,0.74,6,4,77.65972222222223,2.7653727531433105,24.553955,75.79543,0.1757,3.1034328319408275
5KPE_6_4_7_combined_id14,3.1406471729278564,4.6366448402404785,71.75361111111111,0.53,6,4,77.65972222222223,2.7653727531433105,24.553955,75.79543,0.1744,2.8922791657624423
5KPE_6_4_7_combined_id15,0.8890109062194824,4.122767448425293,86.69407407407408,0.72,6,4,77.65972222222223,2.7653727531433105,24.553955,75.79543,0.1711,3.036908750180845
5KPE_6_4_7_combined_id16,11.162857055664062,10.573829650878906,79.95759259259258,0.57,6,4,77.65972222222223,2.7653727531433105,24.553955,75.79543,0.1904,2.4769968103479454
5KPE_6_4_7_combined_id17,1.0976040363311768,5.784693241119385,91.44314814814813,0.79,6,4,77.65972222222223,2.7653727531433105,24.553955,75.79543,0.1778,3.235796893084491
5KPE_6_4_7_combined_id18,1.0821516513824463,4.725045204162598,92.00407407407408,0.78,6,4,77.65972222222223,2.7653727531433105,24.553955,75.79543,0.1923,2.6554231996889466
5KPE_6_4_7_combined_id19,11.048725128173828,13.799696922302246,71.56870370370372,0.56,6,4,77.65972222222223,2.7653727531433105,24.553955,75.79543,0.1936,2.260312256989656
5KPE_6_4_7_combined_id2,10.175472259521484,10.123092651367188,71.28805555555556,0.57,6,4,77.65972222222223,2.7653727531433105,24.553955,75.79543,0.1776,2.778098777488426
5KPE_6_4_7_combined_id20,5.009503364562988,5.586742877960205,67.79314814814815,0.56,6,4,77.65972222222223,2.7653727531433105,24.553955,75.79543,0.1856,2.738520869502315
5KPE_6_4_7_combined_id21,10.061222076416016,7.6537628173828125,71.88768518518518,0.59,6,4,77.65972222222223,2.7653727531433105,24.553955,75.79543,0.1722,2.7794729162145546
5KPE_6_4_7_combined_id23,1.4019042253494263,4.111970901489258,85.09268518518519,0.7,6,4,77.65972222222223,2.7653727531433105,24.553955,75.79543,0.1618,2.662887008101852
5KPE_6_4_7_combined_id24,3.333167791366577,4.003409385681152,83.01944444444445,0.69,6,4,77.65972222222223,2.7653727531433105,24.553955,75.79543,0.1838,2.5461643360279225
5KPE_6_4_7_combined_id3,1.002359390258789,5.638637542724609,81.3398148148148,0.64,6,4,77.65972222222223,2.7653727531433105,24.553955,75.79543,0.1841,2.6569976806640625
5KPE_6_4_7_combined_id5,4.394342422485352,4.835263252258301,77.79842592592593,0.55,6,4,77.65972222222223,2.7653727531433105,24.553955,75.79543,0.1931,2.527535332573785
5KPE_6_4_7_combined_id6,8.161022186279297,10.064699172973633,70.37296296296296,0.52,6,4,77.65972222222223,2.7653727531433105,24.553955,75.79543,0.1884,2.604301170066551
5KPE_6_4_7_combined_id7,5.296802997589111,4.801975250244141,81.94907407407408,0.65,6,4,77.65972222222223,2.7653727531433105,24.553955,75.79543,0.1689,2.9092285721390336
5KPE_6_4_7_combined_id8,5.261767864227295,4.803770065307617,73.2062037037037,0.58,6,4,77.65972222222223,2.7653727531433105,24.553955,75.79543,0.1877,2.510969091344762
5KPE_6_4_7_combined_id9,1.3163092136383057,5.04346227645874,89.15796296296296,0.77,6,4,77.65972222222223,2.7653727531433105,24.553955,75.79543,0.1657,3.299257631655093
5KPE_6_6_2_combined_id1,3.622479200363159,3.280792236328125,74.46518518518518,0.61,6,6,84.31805555555555,1.8998271226882932,24.218372,74.23906,0.176,2.727687411838108
5KPE_6_6_2_combined_id10,10.905122756958008,11.380511283874512,73.8237037037037,0.57,6,6,84.31805555555555,1.8998271226882932,24.218372,74.23906,0.1749,2.674731219256366
5KPE_6_6_2_combined_id11,3.5269272327423096,3.257750988006592,72.60620370370371,0.62,6,6,84.31805555555555,1.8998271226882932,24.218372,74.23906,0.1773,2.3048376860441984
5KPE_6_6_2_combined_id12,3.91180157661438,3.6283674240112305,82.19074074074075,0.68,6,6,84.31805555555555,1.8998271226882932,24.218372,74.23906,0.1704,2.933391429759838
5KPE_6_6_2_combined_id13,4.991744518280029,3.4392240047454834,68.16842592592593,0.56,6,6,84.31805555555555,1.8998271226882932,24.218372,74.23906,0.1893,2.0388210437915943
5KPE_6_6_2_combined_id14,2.275052309036255,4.728988170623779,80.49083333333331,0.71,6,6,84.31805555555555,1.8998271226882932,24.218372,74.23906,0.1693,2.796561347113715
5KPE_6_6_2_combined_id15,3.5043911933898926,3.66770076751709,69.38,0.59,6,6,84.31805555555555,1.8998271226882932,24.218372,74.23906,0.1792,2.375557510941117
5KPE_6_6_2_combined_id16,2.455974578857422,3.973775625228882,71.3825,0.6,6,6,84.31805555555555,1.8998271226882932,24.218372,74.23906,0.1688,2.4206110636393228
5KPE_6_6_2_combined_id17,2.883985757827759,4.017899990081787,75.28740740740741,0.61,6,6,84.31805555555555,1.8998271226882932,24.218372,74.23906,0.1815,2.637195163302952
5KPE_6_6_2_combined_id18,9.835556983947754,8.239142417907715,69.35981481481481,0.54,6,6,84.31805555555555,1.8998271226882932,24.218372,74.23906,0.1913,2.2392246105052807
5KPE_6_6_2_combined_id19,5.469480037689209,5.47238302230835,65.3775,0.51,6,6,84.31805555555555,1.8998271226882932,24.218372,74.23906,0.1711,2.6671204743561923
5KPE_6_6_2_combined_id2,3.2758803367614746,4.11995792388916,60.61462962962964,0.51,6,6,84.31805555555555,1.8998271226882932,24.218372,74.23906,0.1678,2.699370490180121
5KPE_6_6_2_combined_id20,12.737251281738281,15.43216323852539,81.73962962962963,0.68,6,6,84.31805555555555,1.8998271226882932,24.218372,74.23906,0.179,2.094836199725116
5KPE_6_6_2_combined_id21,7.115352630615234,6.439051151275635,70.00907407407408,0.52,6,6,84.31805555555555,1.8998271226882932,24.218372,74.23906,0.1832,2.760780617042824
5KPE_6_6_2_combined_id22,3.0414185523986816,3.833867073059082,73.25648148148149,0.64,6,6,84.31805555555555,1.8998271226882932,24.218372,74.23906,0.1924,2.6768281724717884
5KPE_6_6_2_combined_id23,3.931713342666626,3.738729476928711,70.23212962962964,0.62,6,6,84.31805555555555,1.8998271226882932,24.218372,74.23906,0.1756,2.7043454205548323
5KPE_6_6_2_combined_id24,4.136063098907471,3.028451919555664,69.22675925925925,0.56,6,6,84.31805555555555,1.8998271226882932,24.218372,74.23906,0.1859,2.514765986689815
5KPE_6_6_2_combined_id3,4.86210823059082,4.76816463470459,69.19009259259259,0.54,6,6,84.31805555555555,1.8998271226882932,24.218372,74.23906,0.1745,2.6434023821795427
5KPE_6_6_2_combined_id4,9.795507431030273,9.760000228881836,69.98379629629629,0.63,6,6,84.31805555555555,1.8998271226882932,24.218372,74.23906,0.1662,2.734206305609809
5KPE_6_6_2_combined_id5,9.608376502990723,9.013026237487793,69.08527777777776,0.54,6,6,84.31805555555555,1.8998271226882932,24.218372,74.23906,0.1686,2.3069604944299766
5KPE_6_6_2_combined_id6,3.6903235912323,2.8641445636749268,69.82018518518518,0.61,6,6,84.31805555555555,1.8998271226882932,24.218372,74.23906,0.184,2.493969952618634
5KPE_6_6_2_combined_id7,3.604471206665039,4.138113975524902,65.9825925925926,0.53,6,6,84.31805555555555,1.8998271226882932,24.218372,74.23906,0.1692,2.7601151642975985
5KPE_6_6_2_combined_id8,11.014925956726074,13.953190803527832,74.58842592592593,0.61,6,6,84.31805555555555,1.8998271226882932,24.218372,74.23906,0.1749,2.3913116455078125
5KPE_6_6_2_combined_id9,2.970240592956543,4.3397064208984375,74.52648148148148,0.6,6,6,84.31805555555555,1.8998271226882932,24.218372,74.23906,0.1806,2.5355662593135126
5KPE_6_6_8_combined_id1,1.4279745817184448,5.189774513244629,86.24101851851853,0.73,6,6,74.22138888888888,2.9668080806732178,25.380083,75.60933,0.1667,3.15245932119864
5KPE_6_6_8_combined_id10,9.749789237976074,10.425182342529297,77.97287037037037,0.57,6,6,74.22138888888888,2.9668080806732178,25.380083,75.60933,0.1823,2.570237901475694
5KPE_6_6_8_combined_id11,3.8723630905151367,3.2022790908813477,69.80990740740741,0.52,6,6,74.22138888888888,2.9668080806732178,25.380083,75.60933,0.1973,1.998843157732928
5KPE_6_6_8_combined_id12,2.434569835662842,3.7186245918273926,65.26953703703704,0.56,6,6,74.22138888888888,2.9668080806732178,25.380083,75.60933,0.183,2.7404553448712385
5KPE_6_6_8_combined_id13,1.5462168455123901,4.574121952056885,84.21805555555557,0.68,6,6,74.22138888888888,2.9668080806732178,25.380083,75.60933,0.1884,2.665065624095776
5KPE_6_6_8_combined_id14,5.001195907592773,3.8983609676361084,63.52046296296297,0.54,6,6,74.22138888888888,2.9668080806732178,25.380083,75.60933,0.1926,2.430755615234375
5KPE_6_6_8_combined_id15,3.4453556537628174,3.4756600856781006,68.71768518518519,0.55,6,6,74.22138888888888,2.9668080806732178,25.380083,75.60933,0.1845,2.584009806315104
5KPE_6_6_8_combined_id16,5.67263650894165,4.971758842468262,69.97055555555556,0.54,6,6,74.22138888888888,2.9668080806732178,25.380083,75.60933,0.1946,2.1499349806043835
5KPE_6_6_8_combined_id17,5.060966968536377,4.7616448402404785,80.4653703703704,0.71,6,6,74.22138888888888,2.9668080806732178,25.380083,75.60933,0.1797,2.742795873571325
5KPE_6_6_8_combined_id18,3.8419349193573,3.7083933353424072,73.0437037037037,0.57,6,6,74.22138888888888,2.9668080806732178,25.380083,75.60933,0.2009,2.500770851417824
5KPE_6_6_8_combined_id19,2.981335163116455,3.888488292694092,74.56574074074072,0.57,6,6,74.22138888888888,2.9668080806732178,25.380083,75.60933,0.1926,2.31908529776114
5KPE_6_6_8_combined_id2,3.6353394985198975,3.8458755016326904,63.65898148148148,0.47,6,6,74.22138888888888,2.9668080806732178,25.380083,75.60933,0.1814,2.5130722611038774
5KPE_6_6_8_combined_id20,3.3033058643341064,3.4856152534484863,81.05805555555555,0.69,6,6,74.22138888888888,2.9668080806732178,25.380083,75.60933,0.1856,2.386614199037905
5KPE_6_6_8_combined_id21,9.880501747131348,12.078095436096191,68.42898148148149,0.51,6,6,74.22138888888888,2.9668080806732178,25.380083,75.60933,0.1878,2.311107494212963
5KPE_6_6_8_combined_id22,9.094850540161133,9.796697616577148,69.03833333333334,0.56,6,6,74.22138888888888,2.9668080806732178,25.380083,75.60933,0.1946,2.202717392532914
5KPE_6_6_8_combined_id23,4.05897855758667,2.9680614471435547,76.20518518518519,0.65,6,6,74.22138888888888,2.9668080806732178,25.380083,75.60933,0.1976,2.4724369755497686
5KPE_6_6_8_combined_id24,8.753448486328125,7.582361698150635,65.08907407407406,0.52,6,6,74.22138888888888,2.9668080806732178,25.380083,75.60933,0.1732,2.5643782439055265
5KPE_6_6_8_combined_id4,4.726494312286377,4.9829936027526855,72.11888888888889,0.61,6,6,74.22138888888888,2.9668080806732178,25.380083,75.60933,0.1836,2.4600098221390336
5KPE_6_6_8_combined_id5,4.596273899078369,3.240316867828369,74.71064814814814,0.62,6,6,74.22138888888888,2.9668080806732178,25.380083,75.60933,0.1905,2.1432902018229165
5KPE_6_6_8_combined_id6,3.8323071002960205,3.351484537124634,70.14472222222223,0.54,6,6,74.22138888888888,2.9668080806732178,25.380083,75.60933,0.1904,2.223374684651693
5KPE_6_6_8_combined_id7,3.4748504161834717,4.033127307891846,67.44611111111111,0.56,6,6,74.22138888888888,2.9668080806732178,25.380083,75.60933,0.1902,2.387859203197338
5KPE_6_6_8_combined_id9,1.313177466392517,4.775510311126709,87.83962962962963,0.73,6,6,74.22138888888888,2.9668080806732178,25.380083,75.60933,0.1872,2.3667821530942565
5KPE_6_8_5_combined_id1,9.10936164855957,8.836804389953613,78.62472222222223,0.63,6,8,82.24046296296295,1.7433351278305054,26.335575,79.894455,0.1797,2.596776326497396
5KPE_6_8_5_combined_id10,8.647611618041992,9.836546897888184,72.12305555555555,0.61,6,8,82.24046296296295,1.7433351278305054,26.335575,79.894455,0.1664,2.714967233163339
5KPE_6_8_5_combined_id11,9.245244026184082,8.791105270385742,76.66555555555557,0.61,6,8,82.24046296296295,1.7433351278305054,26.335575,79.894455,0.178,2.59840816921658
5KPE_6_8_5_combined_id12,9.756548881530762,9.666055679321289,72.90138888888889,0.62,6,8,82.24046296296295,1.7433351278305054,26.335575,79.894455,0.171,2.6524409541377314
5KPE_6_8_5_combined_id13,4.797117233276367,6.191707134246826,63.5999074074074,0.51,6,8,82.24046296296295,1.7433351278305054,26.335575,79.894455,0.1623,2.8341541996708624
5KPE_6_8_5_combined_id14,9.138859748840332,9.730436325073242,63.41953703703704,0.52,6,8,82.24046296296295,1.7433351278305054,26.335575,79.894455,0.1725,2.6785074869791665
5KPE_6_8_5_combined_id15,3.789144515991211,3.855794906616211,72.73750000000001,0.59,6,8,82.24046296296295,1.7433351278305054,26.335575,79.894455,0.1637,2.993731463396991
5KPE_6_8_5_combined_id16,5.099826335906982,4.432767868041992,66.48777777777778,0.56,6,8,82.24046296296295,1.7433351278305054,26.335575,79.894455,0.1788,2.41768561469184
5KPE_6_8_5_combined_id17,5.299044609069824,5.31776237487793,70.97175925925927,0.6,6,8,82.24046296296295,1.7433351278305054,26.335575,79.894455,0.1788,2.293543921576606
5KPE_6_8_5_combined_id18,10.262313842773438,9.326153755187988,83.11240740740739,0.69,6,8,82.24046296296295,1.7433351278305054,26.335575,79.894455,0.168,2.8940986350730613
5KPE_6_8_5_combined_id19,5.849208831787109,6.52286434173584,64.87944444444445,0.54,6,8,82.24046296296295,1.7433351278305054,26.335575,79.894455,0.1873,2.3235705340350115
5KPE_6_8_5_combined_id2,11.19646167755127,10.71744441986084,78.3987962962963,0.6,6,8,82.24046296296295,1.7433351278305054,26.335575,79.894455,0.1716,2.6835965757016784
5KPE_6_8_5_combined_id20,8.657142639160156,7.680173873901367,70.01305555555555,0.57,6,8,82.24046296296295,1.7433351278305054,26.335575,79.894455,0.1634,2.742963437680845
5KPE_6_8_5_combined_id23,5.709502696990967,4.039748668670654,73.95814814814815,0.61,6,8,82.24046296296295,1.7433351278305054,26.335575,79.894455,0.1723,2.6007792154947915
5KPE_6_8_5_combined_id24,7.856619834899902,6.816684246063232,62.81527777777778,0.53,6,8,82.24046296296295,1.7433351278305054,26.335575,79.894455,0.1614,3.108681007667824
5KPE_6_8_5_combined_id3,8.104520797729492,7.713747501373291,66.02351851851853,0.52,6,8,82.24046296296295,1.7433351278305054,26.335575,79.894455,0.1555,2.937091968677662
5KPE_6_8_5_combined_id4,7.096963405609131,7.286567211151123,73.0262962962963,0.64,6,8,82.24046296296295,1.7433351278305054,26.335575,79.894455,0.1717,2.7445311369719327
5KPE_6_8_5_combined_id6,4.011450290679932,3.980477809906006,69.26416666666667,0.55,6,8,82.24046296296295,1.7433351278305054,26.335575,79.894455,0.1836,2.4675973962854454
5KPE_6_8_5_combined_id8,5.640556812286377,5.608983516693115,79.29407407407408,0.61,6,8,82.24046296296295,1.7433351278305054,26.335575,79.894455,0.1822,2.792184900354456
5KPE_6_8_5_combined_id9,4.535414218902588,4.464009761810303,74.71962962962964,0.62,6,8,82.24046296296295,1.7433351278305054,26.335575,79.894455,0.1859,2.311626575611256
5KPE_8_2_7_combined_id10,2.5122594833374023,6.26843786239624,74.3399074074074,0.63,8,2,75.67037037037038,3.1035704612731934,23.910002,75.75694,0.179,2.3835782651548034
5KPE_8_2_7_combined_id11,3.2358908653259277,6.383040904998779,77.09212962962965,0.53,8,2,75.67037037037038,3.1035704612731934,23.910002,75.75694,0.1774,2.80597828052662
5KPE_8_2_7_combined_id12,2.9506752490997314,7.207643032073975,64.67648148148149,0.52,8,2,75.67037037037038,3.1035704612731934,23.910002,75.75694,0.1734,2.123681668882017
5KPE_8_2_7_combined_id13,7.8167405128479,11.10825252532959,68.07703703703703,0.5,8,2,75.67037037037038,3.1035704612731934,23.910002,75.75694,0.1772,2.448905097113715
5KPE_8_2_7_combined_id14,11.312621116638184,13.151566505432129,75.46000000000001,0.63,8,2,75.67037037037038,3.1035704612731934,23.910002,75.75694,0.1861,2.234735842104312
5KPE_8_2_7_combined_id15,3.1451849937438965,5.5691423416137695,75.05583333333333,0.6,8,2,75.67037037037038,3.1035704612731934,23.910002,75.75694,0.1789,2.2003103185583046
5KPE_8_2_7_combined_id16,7.804481506347656,10.357017517089844,66.82629629629629,0.55,8,2,75.67037037037038,3.1035704612731934,23.910002,75.75694,0.189,3.106722513834636
5KPE_8_2_7_combined_id17,3.7214620113372803,5.651843547821045,81.17379629629632,0.64,8,2,75.67037037037038,3.1035704612731934,23.910002,75.75694,0.1748,2.710822211371528
5KPE_8_2_7_combined_id18,8.624042510986328,13.490652084350586,62.87388888888888,0.53,8,2,75.67037037037038,3.1035704612731934,23.910002,75.75694,0.1796,2.6003901163736978
5KPE_8_2_7_combined_id19,9.668315887451172,11.250186920166016,73.35092592592592,0.64,8,2,75.67037037037038,3.1035704612731934,23.910002,75.75694,0.175,2.656323468243634
5KPE_8_2_7_combined_id2,8.323297500610352,11.131572723388672,63.1287037037037,0.49,8,2,75.67037037037038,3.1035704612731934,23.910002,75.75694,0.1917,2.67391261348018
5KPE_8_2_7_combined_id20,8.12446117401123,5.616812705993652,73.87398148148148,0.59,8,2,75.67037037037038,3.1035704612731934,23.910002,75.75694,0.1822,2.1025707103587963
5KPE_8_2_7_combined_id21,12.275389671325684,11.912644386291504,72.73620370370371,0.55,8,2,75.67037037037038,3.1035704612731934,23.910002,75.75694,0.1894,1.9112774884259256
5KPE_8_2_7_combined_id22,9.934718132019043,13.543999671936035,81.48518518518519,0.71,8,2,75.67037037037038,3.1035704612731934,23.910002,75.75694,0.1944,3.03273688422309
5KPE_8_2_7_combined_id23,8.328215599060059,7.593808174133301,66.63250000000001,0.51,8,2,75.67037037037038,3.1035704612731934,23.910002,75.75694,0.1864,2.350139617919922
5KPE_8_2_7_combined_id24,9.847631454467773,10.781477928161621,74.89675925925926,0.6,8,2,75.67037037037038,3.1035704612731934,23.910002,75.75694,0.17,2.9977354826750577
5KPE_8_2_7_combined_id3,11.519695281982422,9.889138221740723,71.78222222222223,0.54,8,2,75.67037037037038,3.1035704612731934,23.910002,75.75694,0.1958,2.427782977068866
5KPE_8_2_7_combined_id4,4.05054235458374,5.546919822692871,70.39018518518519,0.6,8,2,75.67037037037038,3.1035704612731934,23.910002,75.75694,0.1791,2.210984124077691
5KPE_8_2_7_combined_id5,8.281780242919922,11.077482223510742,75.40027777777779,0.67,8,2,75.67037037037038,3.1035704612731934,23.910002,75.75694,0.1812,2.5356886121961804
5KPE_8_2_7_combined_id6,9.746428489685059,11.314590454101562,74.78666666666666,0.62,8,2,75.67037037037038,3.1035704612731934,23.910002,75.75694,0.179,2.4553618254484952
5KPE_8_2_7_combined_id7,6.853633403778076,9.833965301513672,67.60675925925926,0.57,8,2,75.67037037037038,3.1035704612731934,23.910002,75.75694,0.176,3.103963216145833
5KPE_8_2_7_combined_id8,3.07846736907959,6.281137466430664,75.85675925925926,0.63,8,2,75.67037037037038,3.1035704612731934,23.910002,75.75694,0.1783,2.309790434660735
5KPE_8_2_7_combined_id9,9.951545715332031,11.081255912780762,70.5550925925926,0.51,8,2,75.67037037037038,3.1035704612731934,23.910002,75.75694,0.1937,2.149421974464699
5KPH_2_2_0_combined_id11,0.6654639840126038,1.7392293214797974,92.97930555555556,0.79,2,2,94.59541666666664,0.8066512942314148,27.212889,64.483696,0.287,1.864546881781684
5KPH_2_2_0_combined_id12,0.6013800501823425,1.6344660520553589,93.40180555555555,0.79,2,2,94.59541666666664,0.8066512942314148,27.212889,64.483696,0.2506,2.126811769273546
5KPH_2_2_0_combined_id13,0.8643920421600342,1.3235129117965698,93.14263888888888,0.8,2,2,94.59541666666664,0.8066512942314148,27.212889,64.483696,0.251,1.8029123942057288
5KPH_2_2_0_combined_id14,0.7431718707084656,1.4434912204742432,91.30958333333334,0.78,2,2,94.59541666666664,0.8066512942314148,27.212889,64.483696,0.2337,1.982574462890625
5KPH_2_2_0_combined_id15,0.5080113410949707,1.9103989601135254,91.2223611111111,0.74,2,2,94.59541666666664,0.8066512942314148,27.212889,64.483696,0.2184,2.468109130859375
5KPH_2_2_0_combined_id16,0.7560017704963684,1.3560163974761963,92.76819444444445,0.78,2,2,94.59541666666664,0.8066512942314148,27.212889,64.483696,0.2366,2.041717105441623
5KPH_2_2_0_combined_id17,0.6637864112854004,1.7521830797195435,91.12347222222222,0.73,2,2,94.59541666666664,0.8066512942314148,27.212889,64.483696,0.2527,2.271603054470486
5KPH_2_2_0_combined_id19,0.6221160292625427,1.6690678596496582,93.09458333333332,0.77,2,2,94.59541666666664,0.8066512942314148,27.212889,64.483696,0.24,2.366736094156901
5KPH_2_2_0_combined_id21,0.6609546542167664,1.4125655889511108,94.40777777777778,0.8,2,2,94.59541666666664,0.8066512942314148,27.212889,64.483696,0.2696,2.0215316348605685
5KPH_2_2_0_combined_id22,0.648447573184967,1.7779628038406372,95.05541666666666,0.81,2,2,94.59541666666664,0.8066512942314148,27.212889,64.483696,0.2528,2.3631189134385853
5KPH_2_2_0_combined_id23,1.1968438625335693,0.8988191485404968,94.3177777777778,0.8,2,2,94.59541666666664,0.8066512942314148,27.212889,64.483696,0.2591,1.9049722883436413
5KPH_2_2_0_combined_id24,0.5202159881591797,1.7325316667556763,92.25944444444444,0.78,2,2,94.59541666666664,0.8066512942314148,27.212889,64.483696,0.245,1.9674000210232203
5KPH_2_2_0_combined_id3,0.5458082556724548,1.9593039751052856,91.78555555555556,0.75,2,2,94.59541666666664,0.8066512942314148,27.212889,64.483696,0.2203,2.305488374498156
5KPH_2_2_0_combined_id5,0.6110316514968872,2.098348617553711,90.0273611111111,0.73,2,2,94.59541666666664,0.8066512942314148,27.212889,64.483696,0.2307,2.5394490559895835
5KPH_2_2_1_combined_id1,1.474186658859253,0.8019669651985168,94.1601388888889,0.79,2,2,95.49388888888888,0.5244590640068054,27.561415,64.601364,0.2316,2.1006618075900607
5KPH_2_2_1_combined_id10,1.6808022260665894,0.741887092590332,95.63805555555555,0.83,2,2,95.49388888888888,0.5244590640068054,27.561415,64.601364,0.2206,2.37131839328342
5KPH_2_2_1_combined_id11,1.4002768993377686,0.8596937656402588,92.30791666666669,0.78,2,2,95.49388888888888,0.5244590640068054,27.561415,64.601364,0.2234,2.2363772922092013
5KPH_2_2_1_combined_id12,0.6069086194038391,1.5788547992706299,92.3175,0.77,2,2,95.49388888888888,0.5244590640068054,27.561415,64.601364,0.2209,2.392792171902127
5KPH_2_2_1_combined_id13,1.755210518836975,0.8064910173416138,94.41444444444444,0.78,2,2,95.49388888888888,0.5244590640068054,27.561415,64.601364,0.2173,2.1953741709391275
5KPH_2_2_1_combined_id14,1.7914716005325317,0.7822021245956421,96.38388888888888,0.81,2,2,95.49388888888888,0.5244590640068054,27.561415,64.601364,0.2265,2.2320423126220703
5KPH_2_2_1_combined_id15,0.6729825735092163,2.2208645343780518,95.8775,0.83,2,2,95.49388888888888,0.5244590640068054,27.561415,64.601364,0.2446,2.427231046888563
5KPH_2_2_1_combined_id16,0.7265138626098633,1.8619216680526733,88.42569444444445,0.7,2,2,95.49388888888888,0.5244590640068054,27.561415,64.601364,0.2281,2.287914276123047
5KPH_2_2_1_combined_id17,1.689919352531433,0.7352941036224365,95.12208333333336,0.79,2,2,95.49388888888888,0.5244590640068054,27.561415,64.601364,0.2187,2.1828655666775174
5KPH_2_2_1_combined_id18,1.4752905368804932,0.8398276567459106,93.10805555555557,0.77,2,2,95.49388888888888,0.5244590640068054,27.561415,64.601364,0.2166,1.952705807156033
5KPH_2_2_1_combined_id19,0.7816778421401978,2.2565207481384277,88.3425,0.7,2,2,95.49388888888888,0.5244590640068054,27.561415,64.601364,0.2167,2.3214109208848743
5KPH_2_2_1_combined_id2,0.656833827495575,2.0288329124450684,87.62569444444445,0.72,2,2,95.49388888888888,0.5244590640068054,27.561415,64.601364,0.211,2.2366068098280163
5KPH_2_2_1_combined_id20,1.96536386013031,0.8855606317520142,95.54736111111112,0.81,2,2,95.49388888888888,0.5244590640068054,27.561415,64.601364,0.2258,2.2066033681233725
5KPH_2_2_1_combined_id21,0.6248909831047058,2.0321362018585205,94.51263888888889,0.8,2,2,95.49388888888888,0.5244590640068054,27.561415,64.601364,0.2092,2.752298355102539
5KPH_2_2_1_combined_id22,0.7023906111717224,1.5664377212524414,94.14458333333332,0.8,2,2,95.49388888888888,0.5244590640068054,27.561415,64.601364,0.2187,2.1819360521104603
5KPH_2_2_1_combined_id23,0.9599990844726562,0.9609349370002747,89.41555555555556,0.73,2,2,95.49388888888888,0.5244590640068054,27.561415,64.601364,0.2354,1.9470142788357203
5KPH_2_2_1_combined_id24,0.9602001905441284,2.5236966609954834,93.27777777777776,0.79,2,2,95.49388888888888,0.5244590640068054,27.561415,64.601364,0.2511,1.955217997233073
5KPH_2_2_1_combined_id3,1.5075385570526123,1.2768993377685547,90.65680555555556,0.73,2,2,95.49388888888888,0.5244590640068054,27.561415,64.601364,0.2194,2.3071912129720054
5KPH_2_2_1_combined_id4,0.5797291398048401,2.048985481262207,91.12458333333332,0.76,2,2,95.49388888888888,0.5244590640068054,27.561415,64.601364,0.2251,2.1087674034966364
5KPH_2_2_1_combined_id5,2.076312303543091,0.8650534152984619,93.36291666666666,0.76,2,2,95.49388888888888,0.5244590640068054,27.561415,64.601364,0.2107,2.5891681247287326
5KPH_2_2_1_combined_id6,1.5443029403686523,0.8452442288398743,93.03555555555556,0.78,2,2,95.49388888888888,0.5244590640068054,27.561415,64.601364,0.2292,1.964202033148872
5KPH_2_2_1_combined_id8,0.6997314691543579,2.095996379852295,96.2461111111111,0.82,2,2,95.49388888888888,0.5244590640068054,27.561415,64.601364,0.2272,2.324655956692166
5KPH_2_2_1_combined_id9,2.077538251876831,0.8631094694137573,96.43777777777778,0.83,2,2,95.49388888888888,0.5244590640068054,27.561415,64.601364,0.2416,2.0153302086724176
5KPH_2_2_2_combined_id1,1.168340802192688,1.116737723350525,89.91486111111111,0.74,2,2,90.29833333333336,0.7319926023483276,29.908415,65.63445,0.2446,1.9543211195204
5KPH_2_2_2_combined_id10,1.0452194213867188,1.2949118614196777,87.18194444444444,0.71,2,2,90.29833333333336,0.7319926023483276,29.908415,65.63445,0.2276,2.014363394843208
5KPH_2_2_2_combined_id11,1.2463241815567017,0.8233500719070435,94.6765277777778,0.81,2,2,90.29833333333336,0.7319926023483276,29.908415,65.63445,0.2398,1.9844754536946607
5KPH_2_2_2_combined_id12,0.9203699827194214,1.2377665042877197,90.52347222222222,0.75,2,2,90.29833333333336,0.7319926023483276,29.908415,65.63445,0.2383,2.038287056816949
5KPH_2_2_2_combined_id13,1.352446436882019,1.1361294984817505,90.55638888888888,0.74,2,2,90.29833333333336,0.7319926023483276,29.908415,65.63445,0.2315,1.975537618001302
5KPH_2_2_2_combined_id14,1.333074927330017,0.7807552218437195,91.51041666666669,0.74,2,2,90.29833333333336,0.7319926023483276,29.908415,65.63445,0.2411,1.7618657218085394
5KPH_2_2_2_combined_id15,0.5355148911476135,1.7010488510131836,94.38888888888889,0.79,2,2,90.29833333333336,0.7319926023483276,29.908415,65.63445,0.2099,2.192612542046441
5KPH_2_2_2_combined_id16,0.6200972199440002,1.6865547895431519,95.06888888888888,0.81,2,2,90.29833333333336,0.7319926023483276,29.908415,65.63445,0.2224,2.290621863471137
5KPH_2_2_2_combined_id17,0.6412219405174255,1.8064299821853638,92.77319444444444,0.76,2,2,90.29833333333336,0.7319926023483276,29.908415,65.63445,0.2165,2.278266482883029
5KPH_2_2_2_combined_id18,0.8244528770446777,0.8794472217559814,90.91111111111113,0.74,2,2,90.29833333333336,0.7319926023483276,29.908415,65.63445,0.2256,2.067838880750868
5KPH_2_2_2_combined_id19,0.6188609600067139,1.6876931190490723,95.00597222222224,0.81,2,2,90.29833333333336,0.7319926023483276,29.908415,65.63445,0.2382,2.42683219909668
5KPH_2_2_2_combined_id2,0.5823376774787903,1.197733759880066,93.23666666666666,0.76,2,2,90.29833333333336,0.7319926023483276,29.908415,65.63445,0.2462,2.067050721910265
5KPH_2_2_2_combined_id20,0.7397254705429077,1.500005841255188,94.31708333333331,0.81,2,2,90.29833333333336,0.7319926023483276,29.908415,65.63445,0.2,2.224180221557617
5KPH_2_2_2_combined_id21,0.813892126083374,1.3983525037765503,93.6661111111111,0.79,2,2,90.29833333333336,0.7319926023483276,29.908415,65.63445,0.2351,1.9776477813720703
5KPH_2_2_2_combined_id22,0.8612513542175293,1.3083404302597046,91.6665277777778,0.75,2,2,90.29833333333336,0.7319926023483276,29.908415,65.63445,0.2293,2.114844004313151
5KPH_2_2_2_combined_id23,0.6136850714683533,1.7437312602996826,92.14861111111112,0.77,2,2,90.29833333333336,0.7319926023483276,29.908415,65.63445,0.2362,2.3916536966959634
5KPH_2_2_2_combined_id24,0.8309377431869507,1.188352346420288,92.95666666666664,0.79,2,2,90.29833333333336,0.7319926023483276,29.908415,65.63445,0.2382,1.862060970730252
5KPH_2_2_2_combined_id3,0.890213668346405,1.14664888381958,91.35875,0.76,2,2,90.29833333333336,0.7319926023483276,29.908415,65.63445,0.2269,1.970343271891276
5KPH_2_2_2_combined_id4,0.6673587560653687,1.4146145582199097,92.885,0.78,2,2,90.29833333333336,0.7319926023483276,29.908415,65.63445,0.242,2.027459462483724
5KPH_2_2_2_combined_id5,0.8031294345855713,1.1591039896011353,90.81347222222222,0.75,2,2,90.29833333333336,0.7319926023483276,29.908415,65.63445,0.2377,1.8222300211588545
5KPH_2_2_2_combined_id6,0.6990857124328613,1.563859462738037,88.9261111111111,0.67,2,2,90.29833333333336,0.7319926023483276,29.908415,65.63445,0.2281,2.360987769232856
5KPH_2_2_2_combined_id8,0.8047794699668884,1.6879633665084839,93.3126388888889,0.79,2,2,90.29833333333336,0.7319926023483276,29.908415,65.63445,0.2386,2.1417422824435763
5KPH_2_2_2_combined_id9,0.7224370837211609,1.9834662675857544,90.62972222222224,0.73,2,2,90.29833333333336,0.7319926023483276,29.908415,65.63445,0.2103,2.2946722242567272
5KPH_2_2_3_combined_id1,1.32477605342865,0.8997730612754822,90.51888888888888,0.76,2,2,95.39375,0.613007128238678,29.341858,65.7509,0.2449,1.9768110911051435
5KPH_2_2_3_combined_id10,0.5702528357505798,1.9154354333877563,96.09194444444444,0.82,2,2,95.39375,0.613007128238678,29.341858,65.7509,0.2427,2.36614990234375
5KPH_2_2_3_combined_id11,0.5530534386634827,0.7242767810821533,93.79097222222222,0.78,2,2,95.39375,0.613007128238678,29.341858,65.7509,0.2399,2.3013860914442272
5KPH_2_2_3_combined_id12,0.6247796416282654,0.8671731948852539,90.3886111111111,0.73,2,2,95.39375,0.613007128238678,29.341858,65.7509,0.2407,2.0917481316460504
5KPH_2_2_3_combined_id13,0.617898166179657,1.8585100173950195,95.68930555555556,0.83,2,2,95.39375,0.613007128238678,29.341858,65.7509,0.25,2.213351991441515
5KPH_2_2_3_combined_id14,0.6301192045211792,1.8944119215011597,95.78319444444443,0.81,2,2,95.39375,0.613007128238678,29.341858,65.7509,0.233,2.071406046549479
5KPH_2_2_3_combined_id15,0.6065828800201416,2.118856906890869,93.89458333333332,0.79,2,2,95.39375,0.613007128238678,29.341858,65.7509,0.2602,2.2140655517578125
5KPH_2_2_3_combined_id16,0.9494849443435669,1.0318241119384766,91.23875,0.76,2,2,95.39375,0.613007128238678,29.341858,65.7509,0.2391,2.1282003190782337
5KPH_2_2_3_combined_id17,0.6558957695960999,1.8420863151550293,95.5875,0.82,2,2,95.39375,0.613007128238678,29.341858,65.7509,0.2549,1.8791974385579424
5KPH_2_2_3_combined_id18,1.5615752935409546,0.686397910118103,91.08361111111113,0.76,2,2,95.39375,0.613007128238678,29.341858,65.7509,0.2465,1.8216141594780817
5KPH_2_2_3_combined_id19,0.6316577792167664,1.8468888998031616,95.77819444444444,0.83,2,2,95.39375,0.613007128238678,29.341858,65.7509,0.24,2.1739205254448786
5KPH_2_2_3_combined_id2,0.6552649140357971,1.291182518005371,92.42152777777778,0.74,2,2,95.39375,0.613007128238678,29.341858,65.7509,0.2373,2.5308522118462458
5KPH_2_2_3_combined_id20,0.7801167368888855,0.8506572842597961,90.46652777777778,0.73,2,2,95.39375,0.613007128238678,29.341858,65.7509,0.2392,1.8583138783772783
5KPH_2_2_3_combined_id21,0.9720119833946228,1.1431244611740112,94.97944444444444,0.82,2,2,95.39375,0.613007128238678,29.341858,65.7509,0.2596,1.933015611436632
5KPH_2_2_3_combined_id22,0.6312004923820496,2.0153369903564453,95.87430555555557,0.83,2,2,95.39375,0.613007128238678,29.341858,65.7509,0.2514,2.220099555121528
5KPH_2_2_3_combined_id23,0.8336514830589294,0.6986281871795654,90.12152777777776,0.73,2,2,95.39375,0.613007128238678,29.341858,65.7509,0.2315,2.222716013590494
5KPH_2_2_3_combined_id3,0.46575579047203064,2.052907705307007,96.65680555555554,0.82,2,2,95.39375,0.613007128238678,29.341858,65.7509,0.222,2.467806922064887
5KPH_2_2_3_combined_id4,0.7125937342643738,1.8567039966583252,91.24888888888889,0.73,2,2,95.39375,0.613007128238678,29.341858,65.7509,0.2276,2.336313247680664
5KPH_2_2_3_combined_id5,0.6545442938804626,1.3186781406402588,91.26513888888888,0.74,2,2,95.39375,0.613007128238678,29.341858,65.7509,0.2298,2.198191748725044
5KPH_2_2_3_combined_id6,0.6663585901260376,1.5579270124435425,91.30111111111113,0.76,2,2,95.39375,0.613007128238678,29.341858,65.7509,0.2413,2.416561550564236
5KPH_2_2_3_combined_id8,0.7209137678146362,0.8909156322479248,94.20847222222224,0.8,2,2,95.39375,0.613007128238678,29.341858,65.7509,0.2748,1.8828345404730904
5KPH_2_2_4_combined_id1,0.9103311896324158,1.452832818031311,94.19097222222224,0.79,2,2,93.60791666666668,0.791495680809021,27.743456,66.47516,0.2393,2.2628451453314886
5KPH_2_2_4_combined_id10,1.0959291458129883,0.8726829886436462,89.74777777777778,0.72,2,2,93.60791666666668,0.791495680809021,27.743456,66.47516,0.2392,2.026401095920139
5KPH_2_2_4_combined_id11,0.9197691082954407,1.6727683544158936,88.665,0.72,2,2,93.60791666666668,0.791495680809021,27.743456,66.47516,0.2345,1.897297541300456
5KPH_2_2_4_combined_id12,1.1073217391967773,0.9498628973960876,92.69805555555556,0.77,2,2,93.60791666666668,0.791495680809021,27.743456,66.47516,0.249,1.9248570336235893
5KPH_2_2_4_combined_id13,0.9151721596717834,1.8100696802139282,95.0340277777778,0.82,2,2,93.60791666666668,0.791495680809021,27.743456,66.47516,0.2507,2.0750596788194446
5KPH_2_2_4_combined_id15,1.0649114847183228,1.2695688009262085,89.74125,0.71,2,2,93.60791666666668,0.791495680809021,27.743456,66.47516,0.2308,1.964361826578776
5KPH_2_2_4_combined_id16,0.8563647270202637,1.8069636821746826,92.44069444444445,0.76,2,2,93.60791666666668,0.791495680809021,27.743456,66.47516,0.2359,2.212351904975044
5KPH_2_2_4_combined_id17,0.9622077941894531,0.822014570236206,95.18111111111112,0.81,2,2,93.60791666666668,0.791495680809021,27.743456,66.47516,0.2386,2.101913452148437
5KPH_2_2_4_combined_id18,0.6341068148612976,1.9499273300170898,94.86791666666666,0.81,2,2,93.60791666666668,0.791495680809021,27.743456,66.47516,0.2475,2.2135743035210504
5KPH_2_2_4_combined_id19,0.8260701298713684,1.0549565553665161,94.35819444444444,0.79,2,2,93.60791666666668,0.791495680809021,27.743456,66.47516,0.2614,2.124277750651041
5KPH_2_2_4_combined_id2,0.8311026096343994,1.8556647300720215,94.70541666666666,0.82,2,2,93.60791666666668,0.791495680809021,27.743456,66.47516,0.2395,1.8460167778862848
5KPH_2_2_4_combined_id20,0.7394259572029114,1.3505399227142334,90.76305555555555,0.75,2,2,93.60791666666668,0.791495680809021,27.743456,66.47516,0.2205,2.203307681613498
5KPH_2_2_4_combined_id21,2.012310743331909,0.8796578049659729,92.89625,0.77,2,2,93.60791666666668,0.791495680809021,27.743456,66.47516,0.2366,2.2916647593180337
5KPH_2_2_4_combined_id22,0.7641489505767822,1.9198954105377197,93.68569444444444,0.77,2,2,93.60791666666668,0.791495680809021,27.743456,66.47516,0.227,2.231381310356988
5KPH_2_2_4_combined_id24,0.7613864541053772,1.1585805416107178,94.46611111111112,0.81,2,2,93.60791666666668,0.791495680809021,27.743456,66.47516,0.2543,2.261590321858724
5KPH_2_2_4_combined_id3,0.9175029397010803,1.9275537729263306,94.59680555555556,0.81,2,2,93.60791666666668,0.791495680809021,27.743456,66.47516,0.2481,2.0230916341145835
5KPH_2_2_4_combined_id4,1.6904938220977783,0.9044147729873657,89.58152777777778,0.74,2,2,93.60791666666668,0.791495680809021,27.743456,66.47516,0.2617,1.9479348924424915
5KPH_2_2_4_combined_id5,1.285090684890747,1.2651292085647583,94.96819444444444,0.8,2,2,93.60791666666668,0.791495680809021,27.743456,66.47516,0.2363,1.886019812689887
5KPH_2_2_4_combined_id6,1.0904169082641602,1.5127753019332886,90.29777777777775,0.7,2,2,93.60791666666668,0.791495680809021,27.743456,66.47516,0.2313,2.123425801595052
5KPH_2_2_4_combined_id7,0.9487342834472656,1.1625051498413086,94.11972222222222,0.81,2,2,93.60791666666668,0.791495680809021,27.743456,66.47516,0.2525,1.788522720336914
5KPH_2_2_4_combined_id8,0.936016321182251,1.5611776113510132,92.72111111111111,0.75,2,2,93.60791666666668,0.791495680809021,27.743456,66.47516,0.2224,2.6514409383138022
5KPH_2_2_4_combined_id9,0.78130042552948,1.6432384252548218,93.26569444444443,0.77,2,2,93.60791666666668,0.791495680809021,27.743456,66.47516,0.2339,2.0723063151041665
5KPH_2_2_5_combined_id1,0.8289229273796082,1.5962332487106323,89.15416666666665,0.73,2,2,92.95833333333331,0.8411358594894409,29.067644,66.2739,0.2558,2.051979488796658
5KPH_2_2_5_combined_id10,0.9193541407585144,1.51771080493927,91.24611111111112,0.76,2,2,92.95833333333331,0.8411358594894409,29.067644,66.2739,0.2591,2.006907569037544
5KPH_2_2_5_combined_id11,1.0436773300170898,1.2299879789352417,92.53291666666668,0.77,2,2,92.95833333333331,0.8411358594894409,29.067644,66.2739,0.2556,1.8225084940592449
5KPH_2_2_5_combined_id12,1.0750023126602173,1.6991554498672485,93.43027777777776,0.8,2,2,92.95833333333331,0.8411358594894409,29.067644,66.2739,0.241,1.7130386564466689
5KPH_2_2_5_combined_id13,1.3565773963928223,0.9887945055961609,87.63513888888889,0.69,2,2,92.95833333333331,0.8411358594894409,29.067644,66.2739,0.2324,1.8547401428222656
5KPH_2_2_5_combined_id14,1.6020071506500244,1.2631268501281738,93.24916666666668,0.76,2,2,92.95833333333331,0.8411358594894409,29.067644,66.2739,0.2572,1.8266395992702908
5KPH_2_2_5_combined_id15,1.123982548713684,1.1147421598434448,92.42333333333336,0.76,2,2,92.95833333333331,0.8411358594894409,29.067644,66.2739,0.2342,1.8431481255425348
5KPH_2_2_5_combined_id16,1.1712117195129395,1.4149672985076904,90.27361111111112,0.75,2,2,92.95833333333331,0.8411358594894409,29.067644,66.2739,0.258,1.8284715016682944
5KPH_2_2_5_combined_id17,1.3174108266830444,1.3247019052505493,90.96402777777776,0.74,2,2,92.95833333333331,0.8411358594894409,29.067644,66.2739,0.219,1.785128699408637
5KPH_2_2_5_combined_id18,0.7998254895210266,1.9096735715866089,92.61166666666666,0.79,2,2,92.95833333333331,0.8411358594894409,29.067644,66.2739,0.2497,1.788323720296224
5KPH_2_2_5_combined_id19,1.916359305381775,1.2821983098983765,93.05652777777776,0.78,2,2,92.95833333333331,0.8411358594894409,29.067644,66.2739,0.2711,1.697973463270399
5KPH_2_2_5_combined_id2,1.173514485359192,1.079177975654602,89.14902777777777,0.73,2,2,92.95833333333331,0.8411358594894409,29.067644,66.2739,0.249,1.8701659308539496
5KPH_2_2_5_combined_id20,1.4541174173355103,1.258284091949463,90.99777777777778,0.74,2,2,92.95833333333331,0.8411358594894409,29.067644,66.2739,0.2591,1.8450851440429688
5KPH_2_2_5_combined_id21,2.057008743286133,1.6088221073150635,90.25708333333334,0.73,2,2,92.95833333333331,0.8411358594894409,29.067644,66.2739,0.2452,1.9095552232530384
5KPH_2_2_5_combined_id22,1.5007147789001465,1.2780976295471191,91.45666666666668,0.75,2,2,92.95833333333331,0.8411358594894409,29.067644,66.2739,0.246,1.701611836751302
5KPH_2_2_5_combined_id23,1.3474136590957642,1.4168637990951538,95.32652777777778,0.81,2,2,92.95833333333331,0.8411358594894409,29.067644,66.2739,0.2523,1.878369861178928
5KPH_2_2_5_combined_id24,1.4309229850769043,1.0705305337905884,93.20541666666668,0.77,2,2,92.95833333333331,0.8411358594894409,29.067644,66.2739,0.261,1.844570795694987
5KPH_2_2_5_combined_id3,0.7870935201644897,2.253870725631714,90.28861111111112,0.75,2,2,92.95833333333331,0.8411358594894409,29.067644,66.2739,0.2453,1.919537438286676
5KPH_2_2_5_combined_id4,0.8731399178504944,1.3707685470581055,91.25166666666668,0.76,2,2,92.95833333333331,0.8411358594894409,29.067644,66.2739,0.2519,1.7398760053846571
5KPH_2_2_5_combined_id5,2.113551616668701,1.1158570051193237,88.68388888888889,0.71,2,2,92.95833333333331,0.8411358594894409,29.067644,66.2739,0.2497,1.812262641059028
5KPH_2_2_5_combined_id6,1.295201063156128,1.3929319381713867,89.59722222222223,0.73,2,2,92.95833333333331,0.8411358594894409,29.067644,66.2739,0.2661,1.8597819010416667
5KPH_2_2_5_combined_id7,0.819176197052002,1.5516036748886108,92.78847222222224,0.79,2,2,92.95833333333331,0.8411358594894409,29.067644,66.2739,0.243,1.8206448025173607
5KPH_2_2_5_combined_id8,1.447062611579895,1.1251187324523926,89.28055555555557,0.71,2,2,92.95833333333331,0.8411358594894409,29.067644,66.2739,0.2437,1.866859859890408
5KPH_2_2_5_combined_id9,1.132901906967163,1.1097702980041504,92.62986111111113,0.79,2,2,92.95833333333331,0.8411358594894409,29.067644,66.2739,0.2535,2.0628607008192272
5KPH_2_2_6_combined_id1,1.1204954385757446,0.8890513181686401,93.50375,0.77,2,2,92.0748611111111,0.7897576689720154,28.5148,65.0516,0.2239,1.7788441975911458
5KPH_2_2_6_combined_id10,1.0982524156570435,1.3727059364318848,91.92722222222224,0.77,2,2,92.0748611111111,0.7897576689720154,28.5148,65.0516,0.2418,1.9317092895507808
5KPH_2_2_6_combined_id11,0.7633321285247803,1.5521504878997803,95.6251388888889,0.81,2,2,92.0748611111111,0.7897576689720154,28.5148,65.0516,0.213,2.264726850721571
5KPH_2_2_6_combined_id12,1.868223786354065,1.5490684509277344,86.09222222222223,0.68,2,2,92.0748611111111,0.7897576689720154,28.5148,65.0516,0.2348,1.8428209092881944
5KPH_2_2_6_combined_id13,1.1949254274368286,1.3504220247268677,89.13138888888889,0.72,2,2,92.0748611111111,0.7897576689720154,28.5148,65.0516,0.2119,1.850402620103624
5KPH_2_2_6_combined_id14,0.8104022741317749,1.5378985404968262,94.2076388888889,0.8,2,2,92.0748611111111,0.7897576689720154,28.5148,65.0516,0.2148,2.243208991156684
5KPH_2_2_6_combined_id16,1.2358518838882446,1.408545970916748,87.60583333333335,0.68,2,2,92.0748611111111,0.7897576689720154,28.5148,65.0516,0.2431,1.997051662868924
5KPH_2_2_6_combined_id17,1.5409090518951416,1.123093843460083,93.59291666666668,0.77,2,2,92.0748611111111,0.7897576689720154,28.5148,65.0516,0.2128,1.7276437547471788
5KPH_2_2_6_combined_id18,0.9076581597328186,1.5736302137374878,95.01694444444443,0.82,2,2,92.0748611111111,0.7897576689720154,28.5148,65.0516,0.2287,2.028609381781684
5KPH_2_2_6_combined_id19,0.6599059700965881,1.419630765914917,94.48777777777778,0.8,2,2,92.0748611111111,0.7897576689720154,28.5148,65.0516,0.2285,2.155771891276041
5KPH_2_2_6_combined_id2,2.147998332977295,1.811112642288208,89.60152777777778,0.7,2,2,92.0748611111111,0.7897576689720154,28.5148,65.0516,0.2447,1.831003824869792
5KPH_2_2_6_combined_id20,0.7145585417747498,1.497076392173767,95.19222222222224,0.81,2,2,92.0748611111111,0.7897576689720154,28.5148,65.0516,0.225,2.2161687215169272
5KPH_2_2_6_combined_id21,1.0054187774658203,1.4535647630691528,88.26055555555556,0.68,2,2,92.0748611111111,0.7897576689720154,28.5148,65.0516,0.2344,2.01496336195204
5KPH_2_2_6_combined_id22,1.0935219526290894,1.3467416763305664,92.81833333333331,0.79,2,2,92.0748611111111,0.7897576689720154,28.5148,65.0516,0.2399,1.7028685675726996
5KPH_2_2_6_combined_id23,0.97258061170578,1.679419755935669,85.57694444444445,0.69,2,2,92.0748611111111,0.7897576689720154,28.5148,65.0516,0.2333,1.8177786933051208
5KPH_2_2_6_combined_id24,1.016854166984558,1.4692015647888184,95.4872222222222,0.81,2,2,92.0748611111111,0.7897576689720154,28.5148,65.0516,0.2458,1.720746676127116
5KPH_2_2_6_combined_id3,0.6158196330070496,1.9427719116210938,95.36111111111111,0.81,2,2,92.0748611111111,0.7897576689720154,28.5148,65.0516,0.2095,2.4255462222629123
5KPH_2_2_6_combined_id4,1.1955293416976929,1.1996947526931763,90.17472222222224,0.73,2,2,92.0748611111111,0.7897576689720154,28.5148,65.0516,0.251,1.7454939948187933
5KPH_2_2_6_combined_id5,1.4476208686828613,1.1643050909042358,90.1277777777778,0.72,2,2,92.0748611111111,0.7897576689720154,28.5148,65.0516,0.2273,1.899099985758464
5KPH_2_2_6_combined_id6,1.134102702140808,1.308809757232666,92.5875,0.79,2,2,92.0748611111111,0.7897576689720154,28.5148,65.0516,0.2218,2.0185459984673395
5KPH_2_2_6_combined_id7,0.602499783039093,1.4986149072647095,95.10944444444443,0.81,2,2,92.0748611111111,0.7897576689720154,28.5148,65.0516,0.2141,2.191311306423611
5KPH_2_2_6_combined_id8,0.9917906522750854,1.3979005813598633,94.64458333333334,0.82,2,2,92.0748611111111,0.7897576689720154,28.5148,65.0516,0.236,1.8623869154188368
5KPH_2_2_6_combined_id9,1.0898338556289673,1.3645823001861572,95.21527777777776,0.81,2,2,92.0748611111111,0.7897576689720154,28.5148,65.0516,0.2409,1.9753430684407551
5KPH_2_2_7_combined_id10,0.6198185682296753,1.4313385486602783,93.23333333333332,0.8,2,2,91.98541666666668,0.6304056644439697,26.249056,63.93125,0.2533,2.0458573235405817
5KPH_2_2_7_combined_id11,0.605887234210968,1.5291556119918823,93.09138888888889,0.8,2,2,91.98541666666668,0.6304056644439697,26.249056,63.93125,0.251,1.7268846299913194
5KPH_2_2_7_combined_id12,0.7842850089073181,1.389212965965271,93.7097222222222,0.79,2,2,91.98541666666668,0.6304056644439697,26.249056,63.93125,0.2455,2.285315831502279
5KPH_2_2_7_combined_id14,0.44767868518829346,1.7672046422958374,95.56361111111111,0.83,2,2,91.98541666666668,0.6304056644439697,26.249056,63.93125,0.2384,2.111824883355035
5KPH_2_2_7_combined_id15,0.8410342335700989,1.531805396080017,94.30638888888888,0.81,2,2,91.98541666666668,0.6304056644439697,26.249056,63.93125,0.28,1.8421847025553384
5KPH_2_2_7_combined_id16,0.7914335131645203,1.1920204162597656,95.3463888888889,0.82,2,2,91.98541666666668,0.6304056644439697,26.249056,63.93125,0.2499,1.8056070539686413
5KPH_2_2_7_combined_id17,0.6223851442337036,1.7476357221603394,95.13166666666666,0.81,2,2,91.98541666666668,0.6304056644439697,26.249056,63.93125,0.261,2.0115250481499567
5KPH_2_2_7_combined_id19,0.6489759683609009,1.9176229238510132,95.36125,0.82,2,2,91.98541666666668,0.6304056644439697,26.249056,63.93125,0.2637,2.101910061306424
5KPH_2_2_7_combined_id2,0.7318965196609497,1.6194487810134888,94.16180555555556,0.81,2,2,91.98541666666668,0.6304056644439697,26.249056,63.93125,0.2507,1.9075241088867188
5KPH_2_2_7_combined_id20,0.619136393070221,1.5859007835388184,95.39597222222224,0.83,2,2,91.98541666666668,0.6304056644439697,26.249056,63.93125,0.2607,1.8281974792480469
5KPH_2_2_7_combined_id21,0.8274904489517212,1.266663908958435,91.24958333333332,0.75,2,2,91.98541666666668,0.6304056644439697,26.249056,63.93125,0.246,1.949756834242079
5KPH_2_2_7_combined_id22,1.5037771463394165,0.7066972255706787,95.6876388888889,0.8,2,2,91.98541666666668,0.6304056644439697,26.249056,63.93125,0.2303,2.014953189425998
5KPH_2_2_7_combined_id23,0.8273558616638184,1.3853614330291748,96.23347222222222,0.83,2,2,91.98541666666668,0.6304056644439697,26.249056,63.93125,0.2282,1.8312397003173828
5KPH_2_2_7_combined_id24,0.4996812045574188,1.5278644561767578,95.20611111111111,0.82,2,2,91.98541666666668,0.6304056644439697,26.249056,63.93125,0.25,2.111206478542752
5KPH_2_2_7_combined_id3,0.6021665930747986,0.9962980151176453,93.71652777777778,0.8,2,2,91.98541666666668,0.6304056644439697,26.249056,63.93125,0.2539,2.039598676893446
5KPH_2_2_7_combined_id4,0.6432464122772217,1.206923007965088,92.88,0.8,2,2,91.98541666666668,0.6304056644439697,26.249056,63.93125,0.2733,1.864693323771159
5KPH_2_2_7_combined_id5,0.8234740495681763,2.1299734115600586,95.79333333333334,0.82,2,2,91.98541666666668,0.6304056644439697,26.249056,63.93125,0.2675,1.971256679958768
5KPH_2_2_7_combined_id6,0.6203094720840454,1.417351245880127,96.1263888888889,0.83,2,2,91.98541666666668,0.6304056644439697,26.249056,63.93125,0.2629,1.9638036092122395
5KPH_2_2_7_combined_id7,0.5802243947982788,1.7068049907684326,95.18097222222222,0.82,2,2,91.98541666666668,0.6304056644439697,26.249056,63.93125,0.2599,1.912469651963976
5KPH_2_2_7_combined_id8,0.533832848072052,1.536716341972351,94.28972222222222,0.81,2,2,91.98541666666668,0.6304056644439697,26.249056,63.93125,0.2422,2.056279288397895
5KPH_2_2_7_combined_id9,0.8286795616149902,1.507599949836731,96.00861111111112,0.83,2,2,91.98541666666668,0.6304056644439697,26.249056,63.93125,0.2236,1.833773930867513
5KPH_2_2_8_combined_id1,1.1632790565490723,1.538029670715332,94.31125,0.79,2,2,94.85875,0.6884329915046692,28.248516,64.75931,0.2339,2.1062647501627603
5KPH_2_2_8_combined_id10,0.966500461101532,0.956579864025116,92.5201388888889,0.77,2,2,94.85875,0.6884329915046692,28.248516,64.75931,0.2532,1.9670630560980904
5KPH_2_2_8_combined_id11,1.0306962728500366,0.6963188052177429,92.62652777777777,0.76,2,2,94.85875,0.6884329915046692,28.248516,64.75931,0.2306,2.1550203959147134
5KPH_2_2_8_combined_id12,0.7216103672981262,1.6614439487457275,91.60527777777776,0.77,2,2,94.85875,0.6884329915046692,28.248516,64.75931,0.2449,1.8779756757948127
5KPH_2_2_8_combined_id14,0.7427477836608887,1.2568206787109375,92.72527777777776,0.78,2,2,94.85875,0.6884329915046692,28.248516,64.75931,0.2133,2.105117585923937
5KPH_2_2_8_combined_id15,1.1368579864501953,0.931435763835907,88.69430555555556,0.69,2,2,94.85875,0.6884329915046692,28.248516,64.75931,0.2325,2.086449305216471
5KPH_2_2_8_combined_id16,0.7742562890052795,1.0742381811141968,88.52805555555557,0.72,2,2,94.85875,0.6884329915046692,28.248516,64.75931,0.246,2.0408030615912542
5KPH_2_2_8_combined_id17,0.5935652852058411,1.7580134868621826,92.16805555555555,0.76,2,2,94.85875,0.6884329915046692,28.248516,64.75931,0.2349,2.111840989854601
5KPH_2_2_8_combined_id18,0.7450734972953796,1.279168963432312,89.78,0.75,2,2,94.85875,0.6884329915046692,28.248516,64.75931,0.2512,2.0120972527398004
5KPH_2_2_8_combined_id19,0.6739080548286438,2.2790346145629883,92.66833333333336,0.78,2,2,94.85875,0.6884329915046692,28.248516,64.75931,0.2275,1.9457882775200737
5KPH_2_2_8_combined_id2,1.2716751098632812,1.023368000984192,89.09819444444445,0.74,2,2,94.85875,0.6884329915046692,28.248516,64.75931,0.246,1.818617926703559
5KPH_2_2_8_combined_id20,1.1437039375305176,1.1293323040008545,88.58125000000001,0.7,2,2,94.85875,0.6884329915046692,28.248516,64.75931,0.2217,2.0816819932725696
5KPH_2_2_8_combined_id21,0.9459439516067505,1.7682946920394897,91.03375,0.73,2,2,94.85875,0.6884329915046692,28.248516,64.75931,0.2181,2.032432556152344
5KPH_2_2_8_combined_id22,0.6530231237411499,1.3086977005004883,92.59569444444443,0.76,2,2,94.85875,0.6884329915046692,28.248516,64.75931,0.2308,1.9410743713378904
5KPH_2_2_8_combined_id3,0.7429975271224976,1.0248496532440186,90.08305555555556,0.75,2,2,94.85875,0.6884329915046692,28.248516,64.75931,0.242,1.510957294040256
5KPH_2_2_8_combined_id5,1.639007568359375,0.8533153533935547,92.54666666666668,0.77,2,2,94.85875,0.6884329915046692,28.248516,64.75931,0.2262,2.201875474717882
5KPH_2_2_8_combined_id6,1.079423427581787,0.8499632477760315,87.8763888888889,0.72,2,2,94.85875,0.6884329915046692,28.248516,64.75931,0.2398,1.9226192898220489
5KPH_2_2_8_combined_id7,0.8796712160110474,0.9039204120635986,91.00555555555556,0.78,2,2,94.85875,0.6884329915046692,28.248516,64.75931,0.2522,1.7414705488416884
5KPH_2_2_8_combined_id8,0.7144911885261536,1.4093286991119385,92.21194444444444,0.75,2,2,94.85875,0.6884329915046692,28.248516,64.75931,0.2318,2.047479417588976
5KPH_2_2_8_combined_id9,0.9732043147087097,1.3781036138534546,92.59347222222222,0.78,2,2,94.85875,0.6884329915046692,28.248516,64.75931,0.2381,1.874941931830512
5KPH_2_2_9_combined_id1,0.6236053109169006,2.113586187362671,94.06416666666668,0.79,2,2,92.4061111111111,0.6101163625717163,27.945183,67.43445,0.2253,2.284407721625434
5KPH_2_2_9_combined_id10,1.1422311067581177,1.3187434673309326,92.6101388888889,0.79,2,2,92.4061111111111,0.6101163625717163,27.945183,67.43445,0.2499,2.0989212459988065
5KPH_2_2_9_combined_id12,2.0380139350891113,0.8289586901664734,95.96555555555555,0.83,2,2,92.4061111111111,0.6101163625717163,27.945183,67.43445,0.2262,2.026089562310113
5KPH_2_2_9_combined_id13,1.8557262420654297,0.9111783504486084,95.10375,0.8,2,2,92.4061111111111,0.6101163625717163,27.945183,67.43445,0.2345,1.9794779883490667
5KPH_2_2_9_combined_id14,0.9277143478393555,1.386825442314148,93.62847222222224,0.79,2,2,92.4061111111111,0.6101163625717163,27.945183,67.43445,0.214,2.294306861029731
5KPH_2_2_9_combined_id15,0.5782307982444763,1.2164078950881958,92.0798611111111,0.78,2,2,92.4061111111111,0.6101163625717163,27.945183,67.43445,0.2076,2.1375145382351346
5KPH_2_2_9_combined_id16,0.6921613812446594,1.560735821723938,92.91,0.77,2,2,92.4061111111111,0.6101163625717163,27.945183,67.43445,0.2507,2.4704591963026257
5KPH_2_2_9_combined_id17,0.6388922929763794,1.9830994606018066,94.3788888888889,0.8,2,2,92.4061111111111,0.6101163625717163,27.945183,67.43445,0.2205,2.490772459242079
5KPH_2_2_9_combined_id18,0.5970912575721741,1.8014707565307617,93.68319444444444,0.79,2,2,92.4061111111111,0.6101163625717163,27.945183,67.43445,0.2515,2.430353376600477
5KPH_2_2_9_combined_id19,0.7116408944129944,1.9073541164398193,93.47472222222224,0.79,2,2,92.4061111111111,0.6101163625717163,27.945183,67.43445,0.2419,2.327209684583876
5KPH_2_2_9_combined_id2,0.6743533611297607,1.4840463399887085,94.74138888888888,0.81,2,2,92.4061111111111,0.6101163625717163,27.945183,67.43445,0.229,2.2648398081461587
5KPH_2_2_9_combined_id20,0.7782915830612183,1.9022778272628784,92.0752777777778,0.77,2,2,92.4061111111111,0.6101163625717163,27.945183,67.43445,0.2392,2.2683107588026257
5KPH_2_2_9_combined_id21,1.3522775173187256,0.6711456775665283,94.7063888888889,0.8,2,2,92.4061111111111,0.6101163625717163,27.945183,67.43445,0.242,2.076789008246528
5KPH_2_2_9_combined_id22,0.8093554973602295,1.6846306324005127,89.41944444444445,0.7,2,2,92.4061111111111,0.6101163625717163,27.945183,67.43445,0.2331,2.219167921278212
5KPH_2_2_9_combined_id23,2.7855610847473145,2.6827147006988525,84.4523611111111,0.63,2,2,92.4061111111111,0.6101163625717163,27.945183,67.43445,0.2112,2.464992947048611
5KPH_2_2_9_combined_id24,1.0331276655197144,2.156006097793579,92.10902777777778,0.78,2,2,92.4061111111111,0.6101163625717163,27.945183,67.43445,0.2471,2.1464496188693576
5KPH_2_2_9_combined_id3,0.48751142621040344,1.3110178709030151,90.03416666666666,0.7,2,2,92.4061111111111,0.6101163625717163,27.945183,67.43445,0.2192,2.566157235039605
5KPH_2_2_9_combined_id4,1.0375076532363892,1.9185421466827393,93.36888888888888,0.79,2,2,92.4061111111111,0.6101163625717163,27.945183,67.43445,0.2367,2.0587084028455944
5KPH_2_2_9_combined_id5,0.795880138874054,1.303357720375061,88.98430555555555,0.69,2,2,92.4061111111111,0.6101163625717163,27.945183,67.43445,0.2304,2.3155157301161022
5KPH_2_2_9_combined_id6,0.7268974184989929,1.8561828136444092,93.33111111111111,0.79,2,2,92.4061111111111,0.6101163625717163,27.945183,67.43445,0.2324,2.3640064663357205
5KPH_2_2_9_combined_id7,0.7556517124176025,1.2052234411239624,91.07583333333334,0.73,2,2,92.4061111111111,0.6101163625717163,27.945183,67.43445,0.2337,2.736139933268229
5KPH_2_2_9_combined_id8,0.5989284515380859,1.8900328874588013,93.27569444444444,0.78,2,2,92.4061111111111,0.6101163625717163,27.945183,67.43445,0.2265,2.3122456868489585
5KPH_2_2_9_combined_id9,0.603783905506134,2.1553852558135986,92.41513888888888,0.76,2,2,92.4061111111111,0.6101163625717163,27.945183,67.43445,0.2262,2.384123060438368
5KPH_2_4_0_combined_id1,0.5897247791290283,1.570217490196228,94.06583333333332,0.81,2,4,94.81736111111113,0.6974505186080933,27.265602,66.684906,0.2423,1.816969765557184
5KPH_2_4_0_combined_id10,0.9021482467651367,2.386294364929199,90.00902777777777,0.71,2,4,94.81736111111113,0.6974505186080933,27.265602,66.684906,0.2381,2.423456827799479
5KPH_2_4_0_combined_id11,0.6989059448242188,2.156618356704712,93.68,0.78,2,4,94.81736111111113,0.6974505186080933,27.265602,66.684906,0.2593,2.198507308959961
5KPH_2_4_0_combined_id12,0.9661442041397095,1.2174527645111084,88.88388888888889,0.7,2,4,94.81736111111113,0.6974505186080933,27.265602,66.684906,0.2593,1.9886097378200955
5KPH_2_4_0_combined_id13,0.9190487861633301,1.4566774368286133,90.61402777777778,0.77,2,4,94.81736111111113,0.6974505186080933,27.265602,66.684906,0.2895,1.5964216656155057
5KPH_2_4_0_combined_id14,0.5677459836006165,1.8900011777877808,90.22708333333334,0.73,2,4,94.81736111111113,0.6974505186080933,27.265602,66.684906,0.2332,2.195736779106988
5KPH_2_4_0_combined_id15,0.6554630994796753,1.0661591291427612,94.60013888888888,0.8,2,4,94.81736111111113,0.6974505186080933,27.265602,66.684906,0.2593,1.7508459091186523
5KPH_2_4_0_combined_id16,0.6548956036567688,1.30879807472229,90.79777777777778,0.76,2,4,94.81736111111113,0.6974505186080933,27.265602,66.684906,0.249,2.050911373562283
5KPH_2_4_0_combined_id17,0.7587539553642273,1.5588101148605347,90.84944444444444,0.76,2,4,94.81736111111113,0.6974505186080933,27.265602,66.684906,0.2507,1.7568676206800673
5KPH_2_4_0_combined_id19,0.6262960433959961,2.1836533546447754,94.10541666666668,0.8,2,4,94.81736111111113,0.6974505186080933,27.265602,66.684906,0.2508,1.7889349195692277
5KPH_2_4_0_combined_id2,0.6143537759780884,2.139373779296875,93.80333333333334,0.78,2,4,94.81736111111113,0.6974505186080933,27.265602,66.684906,0.2495,2.220023049248589
5KPH_2_4_0_combined_id20,0.5209411382675171,1.8317269086837769,94.32555555555555,0.81,2,4,94.81736111111113,0.6974505186080933,27.265602,66.684906,0.2575,2.2042778862847223
5KPH_2_4_0_combined_id21,0.6093876361846924,2.1578729152679443,93.15013888888888,0.76,2,4,94.81736111111113,0.6974505186080933,27.265602,66.684906,0.2354,2.388482411702474
5KPH_2_4_0_combined_id22,0.5838747620582581,1.914678692817688,91.33680555555556,0.76,2,4,94.81736111111113,0.6974505186080933,27.265602,66.684906,0.2486,2.12923092312283
5KPH_2_4_0_combined_id23,0.6891445517539978,1.9840582609176636,88.27416666666666,0.64,2,4,94.81736111111113,0.6974505186080933,27.265602,66.684906,0.2318,2.412084367540148
5KPH_2_4_0_combined_id24,0.5731183886528015,1.98173987865448,92.29513888888889,0.76,2,4,94.81736111111113,0.6974505186080933,27.265602,66.684906,0.2693,2.284114201863607
5KPH_2_4_0_combined_id3,0.4908452332019806,2.0145480632781982,94.1802777777778,0.8,2,4,94.81736111111113,0.6974505186080933,27.265602,66.684906,0.2501,2.251129998101129
5KPH_2_4_0_combined_id4,0.6940588355064392,2.3728408813476562,90.97930555555556,0.72,2,4,94.81736111111113,0.6974505186080933,27.265602,66.684906,0.2336,2.279911888970269
5KPH_2_4_0_combined_id5,0.44626766443252563,2.1004087924957275,96.0475,0.83,2,4,94.81736111111113,0.6974505186080933,27.265602,66.684906,0.2556,2.139336903889974
5KPH_2_4_0_combined_id6,0.5802324414253235,1.8394811153411865,92.0875,0.77,2,4,94.81736111111113,0.6974505186080933,27.265602,66.684906,0.2512,2.2746889326307507
5KPH_2_4_0_combined_id7,0.7471738457679749,2.259211540222168,91.75555555555556,0.76,2,4,94.81736111111113,0.6974505186080933,27.265602,66.684906,0.2299,2.05925030178494
5KPH_2_4_0_combined_id8,0.6694076657295227,2.079960584640503,93.70263888888888,0.8,2,4,94.81736111111113,0.6974505186080933,27.265602,66.684906,0.2604,1.9058096143934464
5KPH_2_4_1_combined_id10,0.509787917137146,1.711421251296997,93.22791666666669,0.8,2,4,96.0715277777778,0.5346881747245789,28.415594,65.35456,0.2665,1.84923341539171
5KPH_2_4_1_combined_id11,1.0116163492202759,1.3275902271270752,92.4626388888889,0.78,2,4,96.0715277777778,0.5346881747245789,28.415594,65.35456,0.2598,2.183908886379666
5KPH_2_4_1_combined_id12,0.7282351851463318,1.4981863498687744,94.87666666666668,0.82,2,4,96.0715277777778,0.5346881747245789,28.415594,65.35456,0.2463,1.880094740125868
5KPH_2_4_1_combined_id13,0.6536189317703247,1.4352726936340332,91.55222222222224,0.76,2,4,96.0715277777778,0.5346881747245789,28.415594,65.35456,0.251,2.125508838229709
5KPH_2_4_1_combined_id14,1.0704814195632935,1.3350483179092407,90.48138888888889,0.75,2,4,96.0715277777778,0.5346881747245789,28.415594,65.35456,0.2425,1.830129835340712
5KPH_2_4_1_combined_id16,0.6953945159912109,2.1626365184783936,91.4323611111111,0.75,2,4,96.0715277777778,0.5346881747245789,28.415594,65.35456,0.2464,2.426505830552843
5KPH_2_4_1_combined_id17,0.6721166372299194,1.7039954662322998,91.45805555555556,0.77,2,4,96.0715277777778,0.5346881747245789,28.415594,65.35456,0.2387,1.917385949028863
5KPH_2_4_1_combined_id2,0.8713552951812744,1.2059823274612427,93.77444444444444,0.8,2,4,96.0715277777778,0.5346881747245789,28.415594,65.35456,0.2476,1.9762437608506944
5KPH_2_4_1_combined_id20,0.9021782875061035,1.2147305011749268,92.90236111111112,0.79,2,4,96.0715277777778,0.5346881747245789,28.415594,65.35456,0.2706,2.0149983300103083
5KPH_2_4_1_combined_id21,0.8212815523147583,1.1041449308395386,92.47944444444444,0.78,2,4,96.0715277777778,0.5346881747245789,28.415594,65.35456,0.2666,1.8389884101019964
5KPH_2_4_1_combined_id22,1.1252843141555786,1.4264585971832275,94.21416666666669,0.8,2,4,96.0715277777778,0.5346881747245789,28.415594,65.35456,0.2361,2.250173780653212
5KPH_2_4_1_combined_id23,0.7162669897079468,1.5372501611709595,91.61847222222224,0.77,2,4,96.0715277777778,0.5346881747245789,28.415594,65.35456,0.2531,1.8226083119710288
5KPH_2_4_1_combined_id24,0.9725202322006226,1.635118842124939,90.74166666666666,0.75,2,4,96.0715277777778,0.5346881747245789,28.415594,65.35456,0.2474,1.8790467580159504
5KPH_2_4_1_combined_id3,0.7162355780601501,1.3260889053344727,91.19791666666669,0.77,2,4,96.0715277777778,0.5346881747245789,28.415594,65.35456,0.248,1.9675797356499567
5KPH_2_4_1_combined_id4,1.1349526643753052,1.1146392822265625,93.1398611111111,0.78,2,4,96.0715277777778,0.5346881747245789,28.415594,65.35456,0.2596,1.956057654486762
5KPH_2_4_1_combined_id5,0.6641355752944946,1.7945737838745117,92.07388888888887,0.76,2,4,96.0715277777778,0.5346881747245789,28.415594,65.35456,0.255,2.0529617733425565
5KPH_2_4_1_combined_id9,0.664487361907959,1.699308156967163,94.24291666666666,0.81,2,4,96.0715277777778,0.5346881747245789,28.415594,65.35456,0.2538,1.9086956448025167
5KPH_2_4_2_combined_id1,0.7454000115394592,1.6338311433792114,95.57805555555557,0.82,2,4,93.86347222222224,0.9902125000953674,28.157482,65.90799,0.2315,2.113430235120985
5KPH_2_4_2_combined_id10,0.8023697733879089,1.579675555229187,93.54541666666668,0.78,2,4,93.86347222222224,0.9902125000953674,28.157482,65.90799,0.2423,2.219336191813151
5KPH_2_4_2_combined_id12,0.932523787021637,1.899507761001587,94.02722222222222,0.81,2,4,93.86347222222224,0.9902125000953674,28.157482,65.90799,0.2258,1.9416457282172308
5KPH_2_4_2_combined_id13,0.8942862153053284,2.0564844608306885,92.65555555555557,0.77,2,4,93.86347222222224,0.9902125000953674,28.157482,65.90799,0.2255,2.2787806193033853
5KPH_2_4_2_combined_id14,0.8863970637321472,1.1608538627624512,94.4011111111111,0.79,2,4,93.86347222222224,0.9902125000953674,28.157482,65.90799,0.2392,1.871747546725803
5KPH_2_4_2_combined_id15,0.6306481957435608,1.9321471452713013,91.38930555555557,0.74,2,4,93.86347222222224,0.9902125000953674,28.157482,65.90799,0.238,2.2813563876681857
5KPH_2_4_2_combined_id17,1.1888606548309326,1.1524184942245483,91.12944444444445,0.74,2,4,93.86347222222224,0.9902125000953674,28.157482,65.90799,0.2271,2.0289811028374567
5KPH_2_4_2_combined_id18,0.7499447464942932,1.8784245252609253,94.71875,0.81,2,4,93.86347222222224,0.9902125000953674,28.157482,65.90799,0.2187,2.199927012125651
5KPH_2_4_2_combined_id19,1.6543141603469849,0.8798439502716064,90.04291666666667,0.73,2,4,93.86347222222224,0.9902125000953674,28.157482,65.90799,0.2119,2.295825958251953
5KPH_2_4_2_combined_id20,0.8083398938179016,1.7034090757369995,92.68833333333332,0.77,2,4,93.86347222222224,0.9902125000953674,28.157482,65.90799,0.2298,2.088775634765625
5KPH_2_4_2_combined_id21,0.7438098788261414,1.7645032405853271,94.46194444444444,0.81,2,4,93.86347222222224,0.9902125000953674,28.157482,65.90799,0.2311,2.3824306064181857
5KPH_2_4_2_combined_id22,0.6731160879135132,2.1676974296569824,93.88652777777776,0.79,2,4,93.86347222222224,0.9902125000953674,28.157482,65.90799,0.211,2.2484637366400824
5KPH_2_4_2_combined_id23,1.1991764307022095,1.3072460889816284,88.19236111111111,0.67,2,4,93.86347222222224,0.9902125000953674,28.157482,65.90799,0.2416,2.11445426940918
5KPH_2_4_2_combined_id24,1.9221477508544922,1.30109441280365,88.50486111111111,0.71,2,4,93.86347222222224,0.9902125000953674,28.157482,65.90799,0.2211,2.168175591362848
5KPH_2_4_2_combined_id3,0.7383589744567871,2.02323055267334,93.38083333333331,0.78,2,4,93.86347222222224,0.9902125000953674,28.157482,65.90799,0.2317,2.311103396945529
5KPH_2_4_2_combined_id4,0.6372186541557312,1.7155429124832153,95.1511111111111,0.82,2,4,93.86347222222224,0.9902125000953674,28.157482,65.90799,0.233,2.369172626071506
5KPH_2_4_2_combined_id5,0.6642255783081055,1.662295937538147,93.48375,0.78,2,4,93.86347222222224,0.9902125000953674,28.157482,65.90799,0.2348,2.592867109510633
5KPH_2_4_2_combined_id6,1.5647155046463013,1.1271132230758667,90.81652777777778,0.75,2,4,93.86347222222224,0.9902125000953674,28.157482,65.90799,0.2239,2.103732638888889
5KPH_2_4_2_combined_id8,0.6784638166427612,1.8221641778945923,92.54236111111112,0.76,2,4,93.86347222222224,0.9902125000953674,28.157482,65.90799,0.2393,2.1946792602539062
5KPH_2_4_2_combined_id9,1.104429841041565,1.3099339008331299,87.12819444444445,0.67,2,4,93.86347222222224,0.9902125000953674,28.157482,65.90799,0.2151,1.9548592037624783
5KPH_2_4_3_combined_id1,0.6456934213638306,1.847043752670288,92.8325,0.79,2,4,94.475,0.7097125053405762,28.27088,65.17421,0.2169,2.132597181532118
5KPH_2_4_3_combined_id10,0.6104411482810974,1.7674081325531006,93.15847222222224,0.79,2,4,94.475,0.7097125053405762,28.27088,65.17421,0.2404,2.0305798848470054
5KPH_2_4_3_combined_id11,0.7441138625144958,1.3007655143737793,93.21444444444444,0.79,2,4,94.475,0.7097125053405762,28.27088,65.17421,0.2423,2.15201653374566
5KPH_2_4_3_combined_id12,0.6029515266418457,1.7775226831436157,94.27416666666666,0.8,2,4,94.475,0.7097125053405762,28.27088,65.17421,0.227,2.0842261844211154
5KPH_2_4_3_combined_id13,0.8400224447250366,1.5117205381393433,88.78722222222223,0.74,2,4,94.475,0.7097125053405762,28.27088,65.17421,0.2489,2.1024612850613065
5KPH_2_4_3_combined_id14,0.45783257484436035,2.039376974105835,95.31388888888888,0.82,2,4,94.475,0.7097125053405762,28.27088,65.17421,0.2357,2.221189286973741
5KPH_2_4_3_combined_id15,0.652046799659729,1.693238615989685,94.0898611111111,0.8,2,4,94.475,0.7097125053405762,28.27088,65.17421,0.2323,2.0056980980767145
5KPH_2_4_3_combined_id16,0.5099297165870667,1.9274822473526,93.98069444444444,0.81,2,4,94.475,0.7097125053405762,28.27088,65.17421,0.248,2.2353954315185547
5KPH_2_4_3_combined_id17,0.7069137096405029,2.0675296783447266,95.6625,0.82,2,4,94.475,0.7097125053405762,28.27088,65.17421,0.2426,2.106276618109809
5KPH_2_4_3_combined_id18,0.4675517678260803,1.9305518865585327,93.30319444444444,0.79,2,4,94.475,0.7097125053405762,28.27088,65.17421,0.2298,2.169318305121528
5KPH_2_4_3_combined_id19,0.708305835723877,1.6677029132843018,92.63916666666668,0.78,2,4,94.475,0.7097125053405762,28.27088,65.17421,0.2599,2.263093736436632
5KPH_2_4_3_combined_id2,0.6673147678375244,1.0690488815307617,89.2498611111111,0.74,2,4,94.475,0.7097125053405762,28.27088,65.17421,0.2529,2.0981260935465493
5KPH_2_4_3_combined_id20,0.5975866913795471,1.4545323848724365,94.15305555555555,0.8,2,4,94.475,0.7097125053405762,28.27088,65.17421,0.2367,2.116356319851345
5KPH_2_4_3_combined_id21,0.6978745460510254,1.8954051733016968,93.83416666666666,0.8,2,4,94.475,0.7097125053405762,28.27088,65.17421,0.2443,2.0393767886691623
5KPH_2_4_3_combined_id22,0.6600764989852905,1.5502251386642456,93.13763888888889,0.79,2,4,94.475,0.7097125053405762,28.27088,65.17421,0.2385,1.927196078830295
5KPH_2_4_3_combined_id23,0.8028130531311035,1.5281461477279663,92.58763888888888,0.79,2,4,94.475,0.7097125053405762,28.27088,65.17421,0.2269,1.8796975877549915
5KPH_2_4_3_combined_id24,0.6290159225463867,1.9431164264678955,92.53013888888889,0.77,2,4,94.475,0.7097125053405762,28.27088,65.17421,0.2544,2.5187886555989585
5KPH_2_4_3_combined_id3,0.8136478662490845,1.2038578987121582,92.86180555555556,0.78,2,4,94.475,0.7097125053405762,28.27088,65.17421,0.2328,2.1412171257866754
5KPH_2_4_3_combined_id4,0.6496034264564514,1.9176512956619263,92.89152777777778,0.76,2,4,94.475,0.7097125053405762,28.27088,65.17421,0.2125,2.208548651801215
5KPH_2_4_3_combined_id5,0.8131082653999329,2.4485957622528076,89.67027777777778,0.72,2,4,94.475,0.7097125053405762,28.27088,65.17421,0.2305,2.15603150261773
5KPH_2_4_3_combined_id6,0.592220664024353,1.84486722946167,94.49375,0.81,2,4,94.475,0.7097125053405762,28.27088,65.17421,0.2444,1.965171390109592
5KPH_2_4_3_combined_id7,0.7768493890762329,1.6654961109161377,94.53763888888888,0.81,2,4,94.475,0.7097125053405762,28.27088,65.17421,0.2342,1.938816918267144
5KPH_2_4_3_combined_id8,0.6610196828842163,2.0105795860290527,96.13875,0.82,2,4,94.475,0.7097125053405762,28.27088,65.17421,0.2538,2.321994357638889
5KPH_2_4_3_combined_id9,0.8303108811378479,1.214864730834961,92.4211111111111,0.78,2,4,94.475,0.7097125053405762,28.27088,65.17421,0.2291,2.1417872111002603
5KPH_2_4_4_combined_id1,0.536802351474762,2.0942749977111816,94.39027777777778,0.8,2,4,93.53208333333332,0.7293546199798584,28.08697,64.83621,0.2302,2.282579633924696
5KPH_2_4_4_combined_id10,0.4309675097465515,1.8359442949295044,95.57638888888889,0.82,2,4,93.53208333333332,0.7293546199798584,28.08697,64.83621,0.2591,2.243455674913194
5KPH_2_4_4_combined_id11,0.5665979385375977,2.2646944522857666,95.49694444444444,0.82,2,4,93.53208333333332,0.7293546199798584,28.08697,64.83621,0.2474,2.0588450961642795
5KPH_2_4_4_combined_id12,0.6680769920349121,2.2275948524475098,94.66638888888887,0.82,2,4,93.53208333333332,0.7293546199798584,28.08697,64.83621,0.2378,2.1436598036024304
5KPH_2_4_4_combined_id13,0.5566772818565369,2.0796895027160645,94.95791666666668,0.81,2,4,93.53208333333332,0.7293546199798584,28.08697,64.83621,0.2546,2.076216803656684
5KPH_2_4_4_combined_id14,0.6930623650550842,1.5525833368301392,91.53194444444443,0.77,2,4,93.53208333333332,0.7293546199798584,28.08697,64.83621,0.2223,1.988036685519748
5KPH_2_4_4_combined_id15,0.6019021272659302,1.86040461063385,90.50319444444445,0.75,2,4,93.53208333333332,0.7293546199798584,28.08697,64.83621,0.2326,2.523553636338976
5KPH_2_4_4_combined_id16,1.577512264251709,1.0925318002700806,88.38055555555555,0.71,2,4,93.53208333333332,0.7293546199798584,28.08697,64.83621,0.2506,2.157342274983724
5KPH_2_4_4_combined_id17,0.5257959365844727,2.1185495853424072,93.97791666666666,0.79,2,4,93.53208333333332,0.7293546199798584,28.08697,64.83621,0.235,2.558644824557834
5KPH_2_4_4_combined_id18,0.5369072556495667,2.161687135696411,92.48666666666666,0.78,2,4,93.53208333333332,0.7293546199798584,28.08697,64.83621,0.254,2.283997005886502
5KPH_2_4_4_combined_id19,0.571756899356842,1.0530327558517456,93.04736111111112,0.78,2,4,93.53208333333332,0.7293546199798584,28.08697,64.83621,0.2484,2.08597649468316
5KPH_2_4_4_combined_id2,0.796878457069397,1.6456927061080933,91.86611111111112,0.76,2,4,93.53208333333332,0.7293546199798584,28.08697,64.83621,0.2405,2.15041626824273
5KPH_2_4_4_combined_id20,0.5829259157180786,1.9770355224609375,95.69722222222222,0.83,2,4,93.53208333333332,0.7293546199798584,28.08697,64.83621,0.2394,2.1730577680799694
5KPH_2_4_4_combined_id21,0.6279884576797485,1.8548277616500854,95.73597222222222,0.83,2,4,93.53208333333332,0.7293546199798584,28.08697,64.83621,0.2577,1.9603118896484373
5KPH_2_4_4_combined_id22,0.6884139180183411,2.0663816928863525,92.63222222222224,0.77,2,4,93.53208333333332,0.7293546199798584,28.08697,64.83621,0.2492,2.124243206448025
5KPH_2_4_4_combined_id23,0.5678244233131409,1.3774386644363403,95.46513888888887,0.82,2,4,93.53208333333332,0.7293546199798584,28.08697,64.83621,0.2598,2.243987613254123
5KPH_2_4_4_combined_id24,0.5070890188217163,1.9626015424728394,94.38694444444444,0.8,2,4,93.53208333333332,0.7293546199798584,28.08697,64.83621,0.2543,2.10385619269477
5KPH_2_4_4_combined_id3,0.5213677883148193,2.0174965858459473,96.19375,0.83,2,4,93.53208333333332,0.7293546199798584,28.08697,64.83621,0.2494,2.2145173814561634
5KPH_2_4_4_combined_id4,0.6088659167289734,2.174265146255493,94.15958333333332,0.8,2,4,93.53208333333332,0.7293546199798584,28.08697,64.83621,0.2433,1.9051462809244792
5KPH_2_4_4_combined_id5,0.5275714993476868,2.086808681488037,95.86625,0.83,2,4,93.53208333333332,0.7293546199798584,28.08697,64.83621,0.2643,1.961934831407335
5KPH_2_4_4_combined_id6,0.5227171182632446,2.0863282680511475,94.13513888888887,0.8,2,4,93.53208333333332,0.7293546199798584,28.08697,64.83621,0.2472,2.345107184516059
5KPH_2_4_4_combined_id7,0.6566388010978699,2.354278564453125,93.91319444444444,0.8,2,4,93.53208333333332,0.7293546199798584,28.08697,64.83621,0.2587,2.056468115912544
5KPH_2_4_4_combined_id8,0.7387746572494507,2.3437728881835938,94.51194444444444,0.81,2,4,93.53208333333332,0.7293546199798584,28.08697,64.83621,0.2429,1.9119381374782989
5KPH_2_4_4_combined_id9,0.5058618783950806,1.764922857284546,95.0286111111111,0.82,2,4,93.53208333333332,0.7293546199798584,28.08697,64.83621,0.2553,1.9882871839735243
5KPH_2_4_5_combined_id1,0.7043609619140625,1.886207938194275,91.65527777777778,0.75,2,4,94.13333333333334,0.9009652137756348,28.558838,64.26259,0.2293,2.1775025261773004
5KPH_2_4_5_combined_id10,1.1867456436157227,1.542806625366211,95.88875,0.82,2,4,94.13333333333334,0.9009652137756348,28.558838,64.26259,0.2144,2.112765630086263
5KPH_2_4_5_combined_id12,0.5896396636962891,2.2236242294311523,95.57513888888889,0.82,2,4,94.13333333333334,0.9009652137756348,28.558838,64.26259,0.2257,2.560959710015191
5KPH_2_4_5_combined_id13,0.5938615202903748,2.099844455718994,93.09125,0.78,2,4,94.13333333333334,0.9009652137756348,28.558838,64.26259,0.2335,2.5912267896864147
5KPH_2_4_5_combined_id14,0.6481231451034546,1.718733549118042,90.83833333333332,0.75,2,4,94.13333333333334,0.9009652137756348,28.558838,64.26259,0.2277,2.0866078270806208
5KPH_2_4_5_combined_id15,0.7234483361244202,1.6309887170791626,90.80319444444444,0.75,2,4,94.13333333333334,0.9009652137756348,28.558838,64.26259,0.2323,2.151102489895291
5KPH_2_4_5_combined_id16,1.320508599281311,1.4334781169891357,96.52708333333334,0.84,2,4,94.13333333333334,0.9009652137756348,28.558838,64.26259,0.2389,2.065598805745443
5KPH_2_4_5_combined_id17,0.5050910115242004,1.3903522491455078,93.9925,0.81,2,4,94.13333333333334,0.9009652137756348,28.558838,64.26259,0.2469,2.091717614067925
5KPH_2_4_5_combined_id18,0.6069231629371643,1.989752173423767,93.10333333333334,0.78,2,4,94.13333333333334,0.9009652137756348,28.558838,64.26259,0.2121,2.4773046705457897
5KPH_2_4_5_combined_id19,0.9496036171913147,1.5027261972427368,91.7038888888889,0.77,2,4,94.13333333333334,0.9009652137756348,28.558838,64.26259,0.2162,2.2664822472466364
5KPH_2_4_5_combined_id2,0.6891627311706543,2.1354496479034424,94.66791666666668,0.8,2,4,94.13333333333334,0.9009652137756348,28.558838,64.26259,0.2285,2.152806176079644
5KPH_2_4_5_combined_id20,0.7471851110458374,1.7229530811309814,91.455,0.76,2,4,94.13333333333334,0.9009652137756348,28.558838,64.26259,0.2407,2.153064727783203
5KPH_2_4_5_combined_id21,0.6960288882255554,2.104404926300049,92.20486111111111,0.77,2,4,94.13333333333334,0.9009652137756348,28.558838,64.26259,0.2219,2.1506504482693143
5KPH_2_4_5_combined_id22,1.0662885904312134,1.7355918884277344,92.06625,0.77,2,4,94.13333333333334,0.9009652137756348,28.558838,64.26259,0.2267,1.9869645436604817
5KPH_2_4_5_combined_id23,0.6415063738822937,2.1118040084838867,95.31416666666668,0.81,2,4,94.13333333333334,0.9009652137756348,28.558838,64.26259,0.2353,2.2339708540174694
5KPH_2_4_5_combined_id24,0.688507616519928,1.9229235649108887,91.83694444444444,0.74,2,4,94.13333333333334,0.9009652137756348,28.558838,64.26259,0.2301,2.351772732204861
5KPH_2_4_5_combined_id3,1.313634991645813,1.9646154642105103,92.17972222222222,0.78,2,4,94.13333333333334,0.9009652137756348,28.558838,64.26259,0.2542,2.006603029039171
5KPH_2_4_5_combined_id4,0.6463225483894348,2.009045124053955,92.02680555555555,0.76,2,4,94.13333333333334,0.9009652137756348,28.558838,64.26259,0.2315,2.210424423217773
5KPH_2_4_5_combined_id6,0.5266637802124023,2.2339696884155273,93.78486111111113,0.79,2,4,94.13333333333334,0.9009652137756348,28.558838,64.26259,0.2175,2.3277208540174694
5KPH_2_4_5_combined_id7,0.6977779269218445,1.6836609840393066,89.27555555555556,0.71,2,4,94.13333333333334,0.9009652137756348,28.558838,64.26259,0.2344,2.036863115098741
5KPH_2_4_5_combined_id9,0.42918646335601807,2.0959665775299072,94.88930555555557,0.81,2,4,94.13333333333334,0.9009652137756348,28.558838,64.26259,0.2121,2.4276724921332464
5KPH_2_4_6_combined_id1,0.6972396969795227,1.5631946325302124,93.62180555555555,0.77,2,4,93.12847222222224,0.919034481048584,27.781416,64.15294,0.2255,2.417727788289388
5KPH_2_4_6_combined_id10,0.812969446182251,1.1988093852996826,90.67416666666668,0.72,2,4,93.12847222222224,0.919034481048584,27.781416,64.15294,0.2529,1.7068365944756403
5KPH_2_4_6_combined_id11,1.3255457878112793,1.0899184942245483,88.34402777777778,0.67,2,4,93.12847222222224,0.919034481048584,27.781416,64.15294,0.2386,1.7645040088229709
5KPH_2_4_6_combined_id12,0.5035920143127441,1.9361742734909058,94.84847222222224,0.8,2,4,93.12847222222224,0.919034481048584,27.781416,64.15294,0.2311,2.423181321885851
5KPH_2_4_6_combined_id13,0.5144495368003845,2.1202988624572754,93.63458333333332,0.78,2,4,93.12847222222224,0.919034481048584,27.781416,64.15294,0.2194,2.706617143419054
5KPH_2_4_6_combined_id14,0.7170939445495605,1.7957388162612915,88.97527777777776,0.69,2,4,93.12847222222224,0.919034481048584,27.781416,64.15294,0.2564,1.873950322469076
5KPH_2_4_6_combined_id15,0.8997746109962463,1.3004717826843262,88.88388888888888,0.72,2,4,93.12847222222224,0.919034481048584,27.781416,64.15294,0.2512,1.855303446451823
5KPH_2_4_6_combined_id16,0.649688720703125,1.5481680631637573,93.64569444444444,0.79,2,4,93.12847222222224,0.919034481048584,27.781416,64.15294,0.2264,2.1894361707899304
5KPH_2_4_6_combined_id17,0.9252102375030518,2.261829137802124,86.5663888888889,0.63,2,4,93.12847222222224,0.919034481048584,27.781416,64.15294,0.2461,2.5520540873209634
5KPH_2_4_6_combined_id18,0.9040753245353699,1.1620631217956543,90.45972222222224,0.72,2,4,93.12847222222224,0.919034481048584,27.781416,64.15294,0.2575,2.0254279242621527
5KPH_2_4_6_combined_id19,0.929888904094696,2.334657669067383,95.27916666666668,0.8,2,4,93.12847222222224,0.919034481048584,27.781416,64.15294,0.2489,1.9378672705756288
5KPH_2_4_6_combined_id2,0.9132476449012756,1.760216236114502,92.23527777777775,0.78,2,4,93.12847222222224,0.919034481048584,27.781416,64.15294,0.2562,1.796645270453559
5KPH_2_4_6_combined_id20,0.7689017653465271,1.7657793760299683,87.77402777777777,0.69,2,4,93.12847222222224,0.919034481048584,27.781416,64.15294,0.2402,2.0540826585557728
5KPH_2_4_6_combined_id22,1.542644739151001,1.2643712759017944,88.83166666666666,0.72,2,4,93.12847222222224,0.919034481048584,27.781416,64.15294,0.244,1.9581807454427085
5KPH_2_4_6_combined_id23,1.1341103315353394,1.1996229887008667,94.14319444444445,0.8,2,4,93.12847222222224,0.919034481048584,27.781416,64.15294,0.2611,1.7316705915662978
5KPH_2_4_6_combined_id24,0.9891477823257446,1.7181662321090698,91.4376388888889,0.75,2,4,93.12847222222224,0.919034481048584,27.781416,64.15294,0.2582,1.6543888515896268
5KPH_2_4_6_combined_id3,0.6037046313285828,1.99699068069458,92.51138888888887,0.76,2,4,93.12847222222224,0.919034481048584,27.781416,64.15294,0.2321,2.5549865298801
5KPH_2_4_6_combined_id4,0.6432462930679321,1.623578429222107,91.7311111111111,0.77,2,4,93.12847222222224,0.919034481048584,27.781416,64.15294,0.2406,2.2666714986165366
5KPH_2_4_6_combined_id5,0.8239936828613281,2.228013277053833,90.96555555555555,0.71,2,4,93.12847222222224,0.919034481048584,27.781416,64.15294,0.2443,1.7929295433892145
5KPH_2_4_6_combined_id6,0.42680448293685913,1.935532808303833,91.69388888888888,0.75,2,4,93.12847222222224,0.919034481048584,27.781416,64.15294,0.214,2.2281010945638022
5KPH_2_4_6_combined_id7,0.9275355935096741,1.2558307647705078,89.79902777777778,0.73,2,4,93.12847222222224,0.919034481048584,27.781416,64.15294,0.2378,2.09318584865994
5KPH_2_4_7_combined_id1,0.5647243857383728,1.5287601947784424,93.16361111111112,0.78,2,4,94.49888888888889,0.753288745880127,28.369097,65.26341,0.2663,1.951307084825304
5KPH_2_4_7_combined_id11,0.5043472051620483,2.0346789360046387,94.85583333333334,0.8,2,4,94.49888888888889,0.753288745880127,28.369097,65.26341,0.2233,2.487420399983724
5KPH_2_4_7_combined_id12,1.1226166486740112,0.999663770198822,93.68680555555557,0.76,2,4,94.49888888888889,0.753288745880127,28.369097,65.26341,0.2587,1.96364974975586
5KPH_2_4_7_combined_id13,0.5618409514427185,1.8880892992019653,89.26930555555556,0.72,2,4,94.49888888888889,0.753288745880127,28.369097,65.26341,0.2444,2.217559390597873
5KPH_2_4_7_combined_id14,0.7818219661712646,1.699720025062561,90.355,0.73,2,4,94.49888888888889,0.753288745880127,28.369097,65.26341,0.2675,1.6375468571980794
5KPH_2_4_7_combined_id15,0.8815727233886719,1.7452316284179688,90.53375,0.73,2,4,94.49888888888889,0.753288745880127,28.369097,65.26341,0.2385,2.0757444169786243
5KPH_2_4_7_combined_id16,0.6992762684822083,1.3854440450668335,89.7622222222222,0.72,2,4,94.49888888888889,0.753288745880127,28.369097,65.26341,0.2559,2.004706276787652
5KPH_2_4_7_combined_id17,0.6365933418273926,2.039644479751587,94.92722222222224,0.81,2,4,94.49888888888889,0.753288745880127,28.369097,65.26341,0.2419,1.9803682963053384
5KPH_2_4_7_combined_id18,0.6877956390380859,1.3426593542099,88.79527777777778,0.73,2,4,94.49888888888889,0.753288745880127,28.369097,65.26341,0.2395,2.1319603390163846
5KPH_2_4_7_combined_id19,0.7044506072998047,2.0703327655792236,91.69013888888888,0.76,2,4,94.49888888888889,0.753288745880127,28.369097,65.26341,0.26,1.4636606640285916
5KPH_2_4_7_combined_id2,0.7819558382034302,1.9910966157913208,92.09527777777777,0.75,2,4,94.49888888888889,0.753288745880127,28.369097,65.26341,0.2363,2.1625467936197915
5KPH_2_4_7_combined_id20,0.8352759480476379,1.8101530075073242,88.81208333333333,0.74,2,4,94.49888888888889,0.753288745880127,28.369097,65.26341,0.2639,1.567913055419922
5KPH_2_4_7_combined_id21,0.7776411771774292,1.9368829727172852,90.25555555555556,0.74,2,4,94.49888888888889,0.753288745880127,28.369097,65.26341,0.2262,2.1815787421332464
5KPH_2_4_7_combined_id22,5.724374294281006,5.569085121154785,73.5923611111111,0.52,2,4,94.49888888888889,0.753288745880127,28.369097,65.26341,0.2424,2.660234875149197
5KPH_2_4_7_combined_id23,1.0101350545883179,1.728956699371338,90.12,0.72,2,4,94.49888888888889,0.753288745880127,28.369097,65.26341,0.2549,1.8509786393907333
5KPH_2_4_7_combined_id24,0.8489835262298584,2.521230936050415,88.93305555555555,0.72,2,4,94.49888888888889,0.753288745880127,28.369097,65.26341,0.245,1.933702892727322
5KPH_2_4_7_combined_id3,0.5567014217376709,1.8833576440811157,93.15777777777777,0.79,2,4,94.49888888888889,0.753288745880127,28.369097,65.26341,0.2375,2.133125729031033
5KPH_2_4_7_combined_id4,0.7827960252761841,1.5957967042922974,90.82597222222222,0.77,2,4,94.49888888888889,0.753288745880127,28.369097,65.26341,0.265,1.8175235324435763
5KPH_2_4_7_combined_id5,0.5959084033966064,1.6970107555389404,90.46319444444444,0.76,2,4,94.49888888888889,0.753288745880127,28.369097,65.26341,0.2586,2.222784678141276
5KPH_2_4_7_combined_id6,0.7084463238716125,1.9484997987747192,92.1588888888889,0.77,2,4,94.49888888888889,0.753288745880127,28.369097,65.26341,0.2553,1.9768625895182288
5KPH_2_4_7_combined_id8,0.7993802428245544,2.2882556915283203,94.70527777777778,0.81,2,4,94.49888888888889,0.753288745880127,28.369097,65.26341,0.264,1.7594464619954426
5KPH_2_4_7_combined_id9,1.133915901184082,1.2913291454315186,88.15875,0.7,2,4,94.49888888888889,0.753288745880127,28.369097,65.26341,0.2328,1.928204006618924
5KPH_2_4_8_combined_id10,0.5298526287078857,1.627497911453247,91.45333333333332,0.76,2,4,95.84694444444445,0.6355141401290894,28.520851,65.094986,0.2238,2.095337337917752
5KPH_2_4_8_combined_id11,0.500526487827301,1.4650843143463135,92.24055555555556,0.76,2,4,95.84694444444445,0.6355141401290894,28.520851,65.094986,0.2562,2.1294417911105685
5KPH_2_4_8_combined_id12,1.9433614015579224,1.415036916732788,88.22916666666667,0.69,2,4,95.84694444444445,0.6355141401290894,28.520851,65.094986,0.2712,1.4365921020507812
5KPH_2_4_8_combined_id14,0.7691914439201355,1.433608055114746,92.9475,0.8,2,4,95.84694444444445,0.6355141401290894,28.520851,65.094986,0.2478,1.8136978149414065
5KPH_2_4_8_combined_id15,0.6714248657226562,1.9700109958648682,95.3161111111111,0.81,2,4,95.84694444444445,0.6355141401290894,28.520851,65.094986,0.2482,1.9737798902723525
5KPH_2_4_8_combined_id16,0.5760997533798218,1.5577001571655273,90.99388888888888,0.77,2,4,95.84694444444445,0.6355141401290894,28.520851,65.094986,0.2563,1.7965032789442277
5KPH_2_4_8_combined_id17,0.7362048625946045,1.2300114631652832,91.30069444444445,0.76,2,4,95.84694444444445,0.6355141401290894,28.520851,65.094986,0.2589,1.750975079006619
5KPH_2_4_8_combined_id18,0.7136827111244202,1.1934276819229126,89.26861111111111,0.71,2,4,95.84694444444445,0.6355141401290894,28.520851,65.094986,0.2616,1.8455181121826167
5KPH_2_4_8_combined_id19,0.7348840236663818,1.8847332000732422,94.84972222222224,0.81,2,4,95.84694444444445,0.6355141401290894,28.520851,65.094986,0.2721,1.659521844651964
5KPH_2_4_8_combined_id20,0.7373231649398804,1.8313509225845337,92.33402777777778,0.76,2,4,95.84694444444445,0.6355141401290894,28.520851,65.094986,0.2347,2.0169754028320312
5KPH_2_4_8_combined_id21,1.095935344696045,1.0104498863220215,92.51902777777778,0.76,2,4,95.84694444444445,0.6355141401290894,28.520851,65.094986,0.2504,1.7872549692789714
5KPH_2_4_8_combined_id22,0.5878352522850037,1.828792691230774,88.03569444444445,0.71,2,4,95.84694444444445,0.6355141401290894,28.520851,65.094986,0.2419,1.9000723097059464
5KPH_2_4_8_combined_id23,0.5664390325546265,1.9050369262695312,94.4775,0.81,2,4,95.84694444444445,0.6355141401290894,28.520851,65.094986,0.2697,1.9648206498887804
5KPH_2_4_8_combined_id24,0.5335657000541687,2.1043107509613037,92.67097222222222,0.77,2,4,95.84694444444445,0.6355141401290894,28.520851,65.094986,0.2496,2.302713818020291
5KPH_2_4_8_combined_id3,0.5056957602500916,1.8564711809158325,92.73666666666666,0.78,2,4,95.84694444444445,0.6355141401290894,28.520851,65.094986,0.2429,1.865067799886068
5KPH_2_4_8_combined_id4,0.6320130228996277,1.0021007061004639,89.83875,0.72,2,4,95.84694444444445,0.6355141401290894,28.520851,65.094986,0.2598,2.1666878594292536
5KPH_2_4_8_combined_id5,0.8174067139625549,1.4082341194152832,93.1301388888889,0.79,2,4,95.84694444444445,0.6355141401290894,28.520851,65.094986,0.2664,1.7942148844401042
5KPH_2_4_8_combined_id6,0.7223221063613892,1.8796557188034058,93.94305555555556,0.79,2,4,95.84694444444445,0.6355141401290894,28.520851,65.094986,0.2512,2.105332056681315
5KPH_2_4_8_combined_id7,0.8031274676322937,1.3590565919876099,90.73958333333331,0.76,2,4,95.84694444444445,0.6355141401290894,28.520851,65.094986,0.2658,1.5706435309516058
5KPH_2_4_8_combined_id8,0.765842080116272,1.5619555711746216,91.89249999999998,0.75,2,4,95.84694444444445,0.6355141401290894,28.520851,65.094986,0.2601,1.7546453475952148
5KPH_2_4_8_combined_id9,0.7591480016708374,1.8672008514404297,95.4575,0.81,2,4,95.84694444444445,0.6355141401290894,28.520851,65.094986,0.2386,1.984656016031901
5KPH_2_4_9_combined_id1,1.4404454231262207,1.2655218839645386,95.4861111111111,0.8,2,4,95.34902777777778,0.7361556887626648,29.08473,62.208557,0.2314,2.04744021097819
5KPH_2_4_9_combined_id10,0.5653336644172668,2.250455141067505,95.56652777777776,0.82,2,4,95.34902777777778,0.7361556887626648,29.08473,62.208557,0.226,2.4956203036838107
5KPH_2_4_9_combined_id11,0.680364191532135,2.213129997253418,94.43111111111112,0.81,2,4,95.34902777777778,0.7361556887626648,29.08473,62.208557,0.2132,2.367037879096137
5KPH_2_4_9_combined_id12,1.0683215856552124,1.7383216619491577,95.53666666666668,0.82,2,4,95.34902777777778,0.7361556887626648,29.08473,62.208557,0.2451,2.0472640991210938
5KPH_2_4_9_combined_id13,0.746057391166687,1.679559350013733,93.64402777777778,0.8,2,4,95.34902777777778,0.7361556887626648,29.08473,62.208557,0.2583,2.186571968926324
5KPH_2_4_9_combined_id14,0.5734260678291321,2.2667465209960938,93.68402777777776,0.79,2,4,95.34902777777778,0.7361556887626648,29.08473,62.208557,0.2304,2.4810492197672525
5KPH_2_4_9_combined_id15,0.7125725150108337,1.8331576585769653,93.02847222222222,0.79,2,4,95.34902777777778,0.7361556887626648,29.08473,62.208557,0.2467,2.3707478841145835
5KPH_2_4_9_combined_id16,0.5364425778388977,2.1718626022338867,94.39055555555554,0.8,2,4,95.34902777777778,0.7361556887626648,29.08473,62.208557,0.2296,2.5578405592176647
5KPH_2_4_9_combined_id17,0.5831576585769653,2.1722047328948975,96.07375,0.83,2,4,95.34902777777778,0.7361556887626648,29.08473,62.208557,0.2291,2.2157079908582897
5KPH_2_4_9_combined_id2,0.6727316975593567,2.1147968769073486,94.36861111111112,0.8,2,4,95.34902777777778,0.7361556887626648,29.08473,62.208557,0.2302,2.29343138800727
5KPH_2_4_9_combined_id20,1.5203629732131958,1.1804651021957397,87.71694444444445,0.71,2,4,95.34902777777778,0.7361556887626648,29.08473,62.208557,0.2601,2.166730456882053
5KPH_2_4_9_combined_id21,0.5596244931221008,1.9676320552825928,94.50666666666666,0.81,2,4,95.34902777777778,0.7361556887626648,29.08473,62.208557,0.2372,2.4533678690592446
5KPH_2_4_9_combined_id22,0.9888623952865601,2.3000130653381348,86.5013888888889,0.71,2,4,95.34902777777778,0.7361556887626648,29.08473,62.208557,0.27,2.1983763376871743
5KPH_2_4_9_combined_id23,0.8846709728240967,1.423424482345581,91.73291666666668,0.77,2,4,95.34902777777778,0.7361556887626648,29.08473,62.208557,0.2334,2.1846292283799915
5KPH_2_4_9_combined_id24,1.0880074501037598,1.4169572591781616,90.4775,0.76,2,4,95.34902777777778,0.7361556887626648,29.08473,62.208557,0.2518,2.187771691216363
5KPH_2_4_9_combined_id3,0.7869356274604797,2.4366657733917236,96.26875,0.83,2,4,95.34902777777778,0.7361556887626648,29.08473,62.208557,0.2499,2.376883400811089
5KPH_2_4_9_combined_id7,0.7401126027107239,1.3685263395309448,91.01597222222222,0.75,2,4,95.34902777777778,0.7361556887626648,29.08473,62.208557,0.2544,2.0303276909722223
5KPH_2_4_9_combined_id8,0.6529259085655212,1.5677063465118408,91.55444444444444,0.78,2,4,95.34902777777778,0.7361556887626648,29.08473,62.208557,0.2429,2.6232869890001087
5KPH_2_4_9_combined_id9,0.7993463277816772,1.455498456954956,90.9638888888889,0.73,2,4,95.34902777777778,0.7361556887626648,29.08473,62.208557,0.2325,2.0360808902316623
5KPH_2_6_0_combined_id1,0.5566801428794861,1.633705973625183,94.73319444444444,0.81,2,6,94.03333333333332,0.7637560963630676,27.668058,65.46486,0.2516,1.98384263780382
5KPH_2_6_0_combined_id10,0.6536230444908142,1.8078290224075317,91.44305555555556,0.74,2,6,94.03333333333332,0.7637560963630676,27.668058,65.46486,0.2218,1.8319138420952688
5KPH_2_6_0_combined_id11,0.6518710851669312,1.1125895977020264,91.5748611111111,0.75,2,6,94.03333333333332,0.7637560963630676,27.668058,65.46486,0.2331,2.1873380872938366
5KPH_2_6_0_combined_id12,0.5513654351234436,2.1054224967956543,95.99944444444444,0.82,2,6,94.03333333333332,0.7637560963630676,27.668058,65.46486,0.2504,2.165207756890191
5KPH_2_6_0_combined_id13,0.8468393683433533,1.2692770957946777,85.36180555555556,0.68,2,6,94.03333333333332,0.7637560963630676,27.668058,65.46486,0.2048,2.313934750027127
5KPH_2_6_0_combined_id14,0.6879345178604126,1.220665454864502,92.30930555555555,0.76,2,6,94.03333333333332,0.7637560963630676,27.668058,65.46486,0.2312,1.9896776411268449
5KPH_2_6_0_combined_id15,0.7214002013206482,1.9059224128723145,92.51319444444442,0.79,2,6,94.03333333333332,0.7637560963630676,27.668058,65.46486,0.2594,1.7435571882459853
5KPH_2_6_0_combined_id16,0.8523112535476685,1.2753733396530151,90.79166666666669,0.74,2,6,94.03333333333332,0.7637560963630676,27.668058,65.46486,0.2239,1.8776448567708333
5KPH_2_6_0_combined_id17,0.5311392545700073,1.776268482208252,95.03375,0.81,2,6,94.03333333333332,0.7637560963630676,27.668058,65.46486,0.2506,2.0967962476942272
5KPH_2_6_0_combined_id18,2.2805702686309814,1.1907507181167603,90.39,0.74,2,6,94.03333333333332,0.7637560963630676,27.668058,65.46486,0.2619,1.8670641581217449
5KPH_2_6_0_combined_id19,0.7056142091751099,2.013780117034912,92.14597222222224,0.77,2,6,94.03333333333332,0.7637560963630676,27.668058,65.46486,0.2384,2.272528330485026
5KPH_2_6_0_combined_id2,1.155977725982666,1.2987135648727417,89.78958333333334,0.72,2,6,94.03333333333332,0.7637560963630676,27.668058,65.46486,0.2457,1.889973746405708
5KPH_2_6_0_combined_id20,1.6037229299545288,1.6518999338150024,83.60791666666665,0.67,2,6,94.03333333333332,0.7637560963630676,27.668058,65.46486,0.2489,1.7605841954549153
5KPH_2_6_0_combined_id21,0.5581744909286499,1.7556874752044678,92.08625,0.77,2,6,94.03333333333332,0.7637560963630676,27.668058,65.46486,0.2343,2.067468007405599
5KPH_2_6_0_combined_id22,0.6733998656272888,2.261410713195801,91.58875,0.77,2,6,94.03333333333332,0.7637560963630676,27.668058,65.46486,0.2377,2.257537841796875
5KPH_2_6_0_combined_id23,0.8628383874893188,2.073817491531372,89.17611111111111,0.69,2,6,94.03333333333332,0.7637560963630676,27.668058,65.46486,0.2421,2.1494130028618708
5KPH_2_6_0_combined_id24,0.7665344476699829,1.3229089975357056,90.47027777777778,0.74,2,6,94.03333333333332,0.7637560963630676,27.668058,65.46486,0.2438,1.9318224589029949
5KPH_2_6_0_combined_id3,0.6908642053604126,1.2891595363616943,88.76055555555556,0.69,2,6,94.03333333333332,0.7637560963630676,27.668058,65.46486,0.2505,2.0433775583903
5KPH_2_6_0_combined_id4,0.5176550149917603,2.104731559753418,91.9575,0.77,2,6,94.03333333333332,0.7637560963630676,27.668058,65.46486,0.2374,2.076147291395399
5KPH_2_6_0_combined_id5,0.6471995115280151,2.1994946002960205,91.74833333333332,0.76,2,6,94.03333333333332,0.7637560963630676,27.668058,65.46486,0.2668,2.511754353841146
5KPH_2_6_0_combined_id6,1.3161827325820923,1.0192105770111084,89.77930555555555,0.72,2,6,94.03333333333332,0.7637560963630676,27.668058,65.46486,0.2713,1.6765631569756403
5KPH_2_6_0_combined_id7,0.7221735715866089,0.92545485496521,90.00527777777778,0.73,2,6,94.03333333333332,0.7637560963630676,27.668058,65.46486,0.2714,2.070696089002821
5KPH_2_6_0_combined_id8,0.7865779995918274,1.9682071208953857,91.59736111111113,0.77,2,6,94.03333333333332,0.7637560963630676,27.668058,65.46486,0.23,2.242104848225912
5KPH_2_6_0_combined_id9,0.685027003288269,1.4512497186660767,88.36847222222222,0.69,2,6,94.03333333333332,0.7637560963630676,27.668058,65.46486,0.2397,2.0496728685167103
5KPH_2_6_1_combined_id10,0.7461562156677246,2.3842713832855225,92.47041666666668,0.77,2,6,89.47222222222223,0.951676309108734,28.216969,65.18041,0.2381,1.591925197177463
5KPH_2_6_1_combined_id12,0.671455442905426,2.303278923034668,91.45999999999998,0.76,2,6,89.47222222222223,0.951676309108734,28.216969,65.18041,0.221,2.150783750745985
5KPH_2_6_1_combined_id13,0.5595016479492188,1.9811917543411255,92.73416666666668,0.78,2,6,89.47222222222223,0.951676309108734,28.216969,65.18041,0.2272,2.018263710869684
5KPH_2_6_1_combined_id14,0.9557497501373291,2.5466597080230713,92.55541666666666,0.77,2,6,89.47222222222223,0.951676309108734,28.216969,65.18041,0.2435,1.963785383436415
5KPH_2_6_1_combined_id15,0.8267478942871094,2.511655569076538,92.53291666666668,0.77,2,6,89.47222222222223,0.951676309108734,28.216969,65.18041,0.2319,1.6550551520453558
5KPH_2_6_1_combined_id16,0.7469907999038696,2.4275152683258057,93.32652777777778,0.79,2,6,89.47222222222223,0.951676309108734,28.216969,65.18041,0.2586,1.5095206366644964
5KPH_2_6_1_combined_id17,0.8262039422988892,1.9399936199188232,94.4172222222222,0.8,2,6,89.47222222222223,0.951676309108734,28.216969,65.18041,0.2578,2.023088667127821
5KPH_2_6_1_combined_id18,1.0386807918548584,2.558368444442749,95.04847222222222,0.81,2,6,89.47222222222223,0.951676309108734,28.216969,65.18041,0.2642,1.7471003002590604
5KPH_2_6_1_combined_id19,0.6344678997993469,2.1393845081329346,90.78236111111111,0.75,2,6,89.47222222222223,0.951676309108734,28.216969,65.18041,0.2331,1.8091477288140192
5KPH_2_6_1_combined_id2,0.696226179599762,2.240687608718872,94.01208333333334,0.8,2,6,89.47222222222223,0.951676309108734,28.216969,65.18041,0.2195,1.987870534261068
5KPH_2_6_1_combined_id20,0.5986258387565613,1.986830711364746,92.12555555555556,0.77,2,6,89.47222222222223,0.951676309108734,28.216969,65.18041,0.2308,1.7452345954047308
5KPH_2_6_1_combined_id21,0.86715167760849,2.4596292972564697,94.3698611111111,0.81,2,6,89.47222222222223,0.951676309108734,28.216969,65.18041,0.2583,1.4345021777682834
5KPH_2_6_1_combined_id22,0.8766537308692932,1.4191460609436035,87.16319444444444,0.68,2,6,89.47222222222223,0.951676309108734,28.216969,65.18041,0.2264,2.1776231129964194
5KPH_2_6_1_combined_id23,0.8743981719017029,2.4565927982330322,92.35430555555556,0.79,2,6,89.47222222222223,0.951676309108734,28.216969,65.18041,0.2458,1.4754777484469943
5KPH_2_6_1_combined_id24,0.8234192728996277,2.47269606590271,93.8886111111111,0.8,2,6,89.47222222222223,0.951676309108734,28.216969,65.18041,0.2529,1.5091530481974285
5KPH_2_6_1_combined_id3,1.0203931331634521,2.6287295818328857,94.95777777777778,0.81,2,6,89.47222222222223,0.951676309108734,28.216969,65.18041,0.2492,1.8399700588650167
5KPH_2_6_1_combined_id4,0.7295525074005127,2.1851184368133545,89.36791666666666,0.73,2,6,89.47222222222223,0.951676309108734,28.216969,65.18041,0.2247,1.9881685045030384
5KPH_2_6_1_combined_id5,0.8905223608016968,2.4648783206939697,87.8401388888889,0.68,2,6,89.47222222222223,0.951676309108734,28.216969,65.18041,0.2525,2.447909037272136
5KPH_2_6_1_combined_id6,0.8359794616699219,2.4575600624084473,95.10402777777776,0.82,2,6,89.47222222222223,0.951676309108734,28.216969,65.18041,0.2422,1.6875078413221571
5KPH_2_6_1_combined_id7,0.6923491954803467,1.749607801437378,90.61861111111112,0.73,2,6,89.47222222222223,0.951676309108734,28.216969,65.18041,0.2347,2.019574907090929
5KPH_2_6_1_combined_id8,1.5693466663360596,1.82374107837677,89.67666666666666,0.7,2,6,89.47222222222223,0.951676309108734,28.216969,65.18041,0.2396,1.8981539408365888
5KPH_2_6_1_combined_id9,0.608527660369873,1.8860788345336914,92.71763888888889,0.79,2,6,89.47222222222223,0.951676309108734,28.216969,65.18041,0.258,1.7892394595675998
5KPH_2_6_2_combined_id1,1.3195463418960571,1.0191608667373657,89.6536111111111,0.72,2,6,96.01125,0.8766960501670837,27.986626,63.639908,0.2258,2.140260272555881
5KPH_2_6_2_combined_id10,0.7790887355804443,1.5105490684509277,94.16291666666667,0.81,2,6,96.01125,0.8766960501670837,27.986626,63.639908,0.2485,1.7728650834825304
5KPH_2_6_2_combined_id11,1.4360525608062744,1.1659239530563354,87.27694444444444,0.69,2,6,96.01125,0.8766960501670837,27.986626,63.639908,0.2339,1.8384683397081163
5KPH_2_6_2_combined_id12,0.6992589235305786,2.083911895751953,94.10819444444444,0.81,2,6,96.01125,0.8766960501670837,27.986626,63.639908,0.2403,1.9408548143174915
5KPH_2_6_2_combined_id13,2.2447855472564697,1.08638334274292,90.79861111111111,0.76,2,6,96.01125,0.8766960501670837,27.986626,63.639908,0.2554,1.6963168250189886
5KPH_2_6_2_combined_id14,0.7411378026008606,2.1191086769104004,95.06305555555554,0.81,2,6,96.01125,0.8766960501670837,27.986626,63.639908,0.2389,1.723039627075195
5KPH_2_6_2_combined_id15,0.8204563856124878,1.4834858179092407,93.50305555555556,0.81,2,6,96.01125,0.8766960501670837,27.986626,63.639908,0.2291,1.7341513103908963
5KPH_2_6_2_combined_id16,1.3510485887527466,1.051271915435791,87.28736111111112,0.7,2,6,96.01125,0.8766960501670837,27.986626,63.639908,0.2576,1.5792227851019964
5KPH_2_6_2_combined_id17,0.6801708340644836,1.5550155639648438,92.64986111111112,0.79,2,6,96.01125,0.8766960501670837,27.986626,63.639908,0.2348,1.5389098061455622
5KPH_2_6_2_combined_id18,0.8514804840087891,0.9417028427124023,85.8465277777778,0.66,2,6,96.01125,0.8766960501670837,27.986626,63.639908,0.2154,1.916492038302952
5KPH_2_6_2_combined_id19,1.4718035459518433,1.033552646636963,92.23138888888889,0.76,2,6,96.01125,0.8766960501670837,27.986626,63.639908,0.2355,1.6304757859971788
5KPH_2_6_2_combined_id2,1.2982257604599,1.2604081630706787,89.93458333333332,0.76,2,6,96.01125,0.8766960501670837,27.986626,63.639908,0.259,1.747246848212348
5KPH_2_6_2_combined_id20,0.9860440492630005,1.738287329673767,93.01555555555554,0.78,2,6,96.01125,0.8766960501670837,27.986626,63.639908,0.2608,1.3775997161865234
5KPH_2_6_2_combined_id21,1.3672198057174683,0.986265242099762,88.97333333333333,0.74,2,6,96.01125,0.8766960501670837,27.986626,63.639908,0.2458,1.888046476576064
5KPH_2_6_2_combined_id22,2.4216957092285156,1.219799518585205,88.24541666666667,0.71,2,6,96.01125,0.8766960501670837,27.986626,63.639908,0.2623,1.6640759574042423
5KPH_2_6_2_combined_id23,1.640625238418579,1.1279176473617554,91.18416666666668,0.76,2,6,96.01125,0.8766960501670837,27.986626,63.639908,0.2621,1.5129383934868708
5KPH_2_6_2_combined_id3,2.002276659011841,1.5149589776992798,95.0675,0.8,2,6,96.01125,0.8766960501670837,27.986626,63.639908,0.2487,1.557922151353624
5KPH_2_6_2_combined_id4,1.1528379917144775,1.036218285560608,85.65736111111111,0.69,2,6,96.01125,0.8766960501670837,27.986626,63.639908,0.2383,1.7580225202772353
5KPH_2_6_2_combined_id5,0.6746787428855896,2.1610846519470215,94.38625,0.8,2,6,96.01125,0.8766960501670837,27.986626,63.639908,0.275,1.821878645155165
5KPH_2_6_2_combined_id6,1.0661017894744873,1.1591517925262451,93.05166666666666,0.76,2,6,96.01125,0.8766960501670837,27.986626,63.639908,0.2572,1.8790308634440105
5KPH_2_6_2_combined_id7,2.1909875869750977,1.1317548751831055,92.68111111111112,0.77,2,6,96.01125,0.8766960501670837,27.986626,63.639908,0.2537,1.628868950737847
5KPH_2_6_2_combined_id8,0.6306749582290649,1.9837778806686401,93.65791666666668,0.79,2,6,96.01125,0.8766960501670837,27.986626,63.639908,0.2603,2.019005881415473
5KPH_2_6_2_combined_id9,0.5391489863395691,1.424048900604248,94.08055555555556,0.8,2,6,96.01125,0.8766960501670837,27.986626,63.639908,0.2456,1.9989878336588545
5KPH_2_6_3_combined_id1,0.5586671233177185,2.117532968521118,93.60333333333332,0.77,2,6,94.12569444444443,0.8202011585235596,28.666328,65.04311,0.2287,2.654139200846354
5KPH_2_6_3_combined_id10,0.8107142448425293,1.4009113311767578,91.75486111111113,0.77,2,6,94.12569444444443,0.8202011585235596,28.666328,65.04311,0.2555,1.959582858615452
5KPH_2_6_3_combined_id11,0.7463387250900269,1.5760912895202637,90.43541666666664,0.73,2,6,94.12569444444443,0.8202011585235596,28.666328,65.04311,0.2437,2.30402946472168
5KPH_2_6_3_combined_id12,0.5062913298606873,1.6408435106277466,90.50569444444444,0.75,2,6,94.12569444444443,0.8202011585235596,28.666328,65.04311,0.2465,2.065276463826497
5KPH_2_6_3_combined_id13,0.6286856532096863,1.9127531051635742,91.38652777777776,0.75,2,6,94.12569444444443,0.8202011585235596,28.666328,65.04311,0.2322,2.234969245062934
5KPH_2_6_3_combined_id14,0.8614295721054077,1.788650631904602,92.28430555555556,0.76,2,6,94.12569444444443,0.8202011585235596,28.666328,65.04311,0.2291,2.204124026828342
5KPH_2_6_3_combined_id15,0.6114611625671387,1.7389849424362183,89.56972222222221,0.72,2,6,94.12569444444443,0.8202011585235596,28.666328,65.04311,0.2311,2.3061311509874134
5KPH_2_6_3_combined_id16,0.8537266850471497,1.509673833847046,86.37027777777777,0.69,2,6,94.12569444444443,0.8202011585235596,28.666328,65.04311,0.2634,2.035203297932943
5KPH_2_6_3_combined_id17,1.1800915002822876,0.9043565988540649,91.81055555555557,0.78,2,6,94.12569444444443,0.8202011585235596,28.666328,65.04311,0.2532,1.892672644721137
5KPH_2_6_3_combined_id18,0.7038149237632751,1.046618103981018,93.06722222222224,0.79,2,6,94.12569444444443,0.8202011585235596,28.666328,65.04311,0.2481,2.081414964463976
5KPH_2_6_3_combined_id19,0.6370204091072083,1.4726431369781494,92.685,0.79,2,6,94.12569444444443,0.8202011585235596,28.666328,65.04311,0.2198,2.0674057006835938
5KPH_2_6_3_combined_id2,0.8917362093925476,1.496719241142273,89.90388888888889,0.73,2,6,94.12569444444443,0.8202011585235596,28.666328,65.04311,0.2609,1.7611440022786458
5KPH_2_6_3_combined_id20,0.6687440872192383,1.7023247480392456,90.23791666666666,0.7,2,6,94.12569444444443,0.8202011585235596,28.666328,65.04311,0.2431,2.4650802612304688
5KPH_2_6_3_combined_id21,0.6297414898872375,1.7490564584732056,94.55166666666666,0.81,2,6,94.12569444444443,0.8202011585235596,28.666328,65.04311,0.2405,2.4673873053656683
5KPH_2_6_3_combined_id22,0.8007544875144958,1.5219528675079346,89.41624999999999,0.71,2,6,94.12569444444443,0.8202011585235596,28.666328,65.04311,0.242,2.166746351453993
5KPH_2_6_3_combined_id23,0.7362690567970276,1.5561952590942383,90.8825,0.75,2,6,94.12569444444443,0.8202011585235596,28.666328,65.04311,0.263,1.8522847493489585
5KPH_2_6_3_combined_id24,0.8857628107070923,1.4198052883148193,92.38972222222222,0.77,2,6,94.12569444444443,0.8202011585235596,28.666328,65.04311,0.2663,1.656123373243544
5KPH_2_6_3_combined_id3,0.6871084570884705,1.9101155996322632,92.58805555555556,0.79,2,6,94.12569444444443,0.8202011585235596,28.666328,65.04311,0.2643,1.7373523712158203
5KPH_2_6_3_combined_id4,0.7147467136383057,1.5773428678512573,92.56555555555556,0.76,2,6,94.12569444444443,0.8202011585235596,28.666328,65.04311,0.2561,1.933668560451932
5KPH_2_6_3_combined_id5,0.6261091828346252,1.9250117540359497,95.74875,0.83,2,6,94.12569444444443,0.8202011585235596,28.666328,65.04311,0.2567,2.133257124159071
5KPH_2_6_3_combined_id6,0.90330970287323,1.7229748964309692,93.21625,0.79,2,6,94.12569444444443,0.8202011585235596,28.666328,65.04311,0.2638,1.952303992377387
5KPH_2_6_3_combined_id7,0.892484188079834,1.3665858507156372,88.57652777777778,0.72,2,6,94.12569444444443,0.8202011585235596,28.666328,65.04311,0.2373,2.211888207329644
5KPH_2_6_3_combined_id8,0.7053937911987305,1.4756234884262085,90.25944444444444,0.76,2,6,94.12569444444443,0.8202011585235596,28.666328,65.04311,0.2589,1.895209630330404
5KPH_2_6_3_combined_id9,0.4788108170032501,1.7670528888702393,92.74194444444444,0.77,2,6,94.12569444444443,0.8202011585235596,28.666328,65.04311,0.2364,2.2148946126302085
5KPH_2_6_4_combined_id1,0.7575637102127075,1.9143766164779663,88.56569444444445,0.7,2,6,93.75569444444444,0.7209728956222534,27.992249,63.84693,0.2125,2.02719603644477
5KPH_2_6_4_combined_id10,0.549543559551239,1.2000732421875,90.87402777777778,0.75,2,6,93.75569444444444,0.7209728956222534,27.992249,63.84693,0.2439,2.3025724622938366
5KPH_2_6_4_combined_id11,0.8016839623451233,1.8122726678848267,87.75625,0.71,2,6,93.75569444444444,0.7209728956222534,27.992249,63.84693,0.2319,1.8333026038275824
5KPH_2_6_4_combined_id12,0.7550641894340515,2.058516502380371,88.68472222222222,0.71,2,6,93.75569444444444,0.7209728956222534,27.992249,63.84693,0.2316,1.825793796115452
5KPH_2_6_4_combined_id13,0.8062534928321838,2.315697193145752,89.01083333333332,0.72,2,6,93.75569444444444,0.7209728956222534,27.992249,63.84693,0.2286,2.1899840037028
5KPH_2_6_4_combined_id14,1.3277093172073364,1.1993656158447266,88.18902777777777,0.69,2,6,93.75569444444444,0.7209728956222534,27.992249,63.84693,0.2369,1.8482627868652344
5KPH_2_6_4_combined_id15,0.8185087442398071,2.329927921295166,92.62041666666669,0.77,2,6,93.75569444444444,0.7209728956222534,27.992249,63.84693,0.2375,1.847933875189887
5KPH_2_6_4_combined_id16,1.5571448802947998,1.2498090267181396,88.3002777777778,0.7,2,6,93.75569444444444,0.7209728956222534,27.992249,63.84693,0.2603,1.7704864078097873
5KPH_2_6_4_combined_id17,0.7466834783554077,2.155025005340576,87.93347222222222,0.67,2,6,93.75569444444444,0.7209728956222534,27.992249,63.84693,0.2372,2.141395780775282
5KPH_2_6_4_combined_id18,0.8339531421661377,2.2636656761169434,87.36305555555556,0.67,2,6,93.75569444444444,0.7209728956222534,27.992249,63.84693,0.2249,1.862110349867079
5KPH_2_6_4_combined_id19,0.8757491111755371,1.599167823791504,88.32027777777778,0.68,2,6,93.75569444444444,0.7209728956222534,27.992249,63.84693,0.2262,1.8034172058105469
5KPH_2_6_4_combined_id2,0.728305995464325,2.1245431900024414,92.32791666666668,0.76,2,6,93.75569444444444,0.7209728956222534,27.992249,63.84693,0.2444,2.098989062839084
5KPH_2_6_4_combined_id20,0.7789577841758728,2.188911199569702,89.64194444444445,0.72,2,6,93.75569444444444,0.7209728956222534,27.992249,63.84693,0.2438,1.9977378845214844
5KPH_2_6_4_combined_id21,0.7014330625534058,1.3895201683044434,89.15277777777777,0.74,2,6,93.75569444444444,0.7209728956222534,27.992249,63.84693,0.2369,1.9864752027723525
5KPH_2_6_4_combined_id22,0.6703053116798401,2.2466588020324707,89.3975,0.7,2,6,93.75569444444444,0.7209728956222534,27.992249,63.84693,0.2261,2.21975220574273
5KPH_2_6_4_combined_id24,0.852432906627655,2.39263653755188,92.27555555555556,0.76,2,6,93.75569444444444,0.7209728956222534,27.992249,63.84693,0.2302,1.875039418538412
5KPH_2_6_4_combined_id4,0.5456092953681946,1.6217803955078125,89.03055555555554,0.73,2,6,93.75569444444444,0.7209728956222534,27.992249,63.84693,0.2401,2.142907248602973
5KPH_2_6_4_combined_id5,0.5886670351028442,2.122600793838501,90.10375,0.74,2,6,93.75569444444444,0.7209728956222534,27.992249,63.84693,0.2193,2.2865662044949
5KPH_2_6_4_combined_id6,0.8157934546470642,1.1910934448242188,90.30513888888888,0.74,2,6,93.75569444444444,0.7209728956222534,27.992249,63.84693,0.2557,1.9088484446207683
5KPH_2_6_4_combined_id7,0.8761299252510071,1.8475114107131958,90.46722222222223,0.74,2,6,93.75569444444444,0.7209728956222534,27.992249,63.84693,0.2524,1.610829777187771
5KPH_2_6_4_combined_id8,0.8089323043823242,1.6237108707427979,84.35055555555556,0.64,2,6,93.75569444444444,0.7209728956222534,27.992249,63.84693,0.2292,2.151768578423394
5KPH_2_6_4_combined_id9,0.7118709087371826,2.1089773178100586,93.69333333333331,0.8,2,6,93.75569444444444,0.7209728956222534,27.992249,63.84693,0.2592,1.861209021674262
5KPH_2_6_5_combined_id1,1.3524471521377563,1.7127282619476318,89.51680555555555,0.72,2,6,95.3327777777778,0.8367829322814941,27.480957,64.518654,0.2347,2.057861328125
5KPH_2_6_5_combined_id10,0.8590632081031799,1.3577626943588257,90.17333333333332,0.73,2,6,95.3327777777778,0.8367829322814941,27.480957,64.518654,0.263,1.6424354977077908
5KPH_2_6_5_combined_id11,1.067082405090332,2.037700653076172,90.01319444444444,0.73,2,6,95.3327777777778,0.8367829322814941,27.480957,64.518654,0.2329,2.061983320448133
5KPH_2_6_5_combined_id13,1.9425863027572632,0.992152214050293,90.97986111111112,0.74,2,6,95.3327777777778,0.8367829322814941,27.480957,64.518654,0.2603,1.3296948538886175
5KPH_2_6_5_combined_id14,0.6671137809753418,1.6744111776351929,91.26125,0.73,2,6,95.3327777777778,0.8367829322814941,27.480957,64.518654,0.2374,2.116329616970486
5KPH_2_6_5_combined_id15,0.8917404413223267,1.2716745138168335,92.94888888888887,0.77,2,6,95.3327777777778,0.8367829322814941,27.480957,64.518654,0.2476,1.576623704698351
5KPH_2_6_5_combined_id16,0.8163475394248962,1.450416922569275,91.595,0.76,2,6,95.3327777777778,0.8367829322814941,27.480957,64.518654,0.2365,2.08818096584744
5KPH_2_6_5_combined_id17,0.9447005987167358,1.6094938516616821,93.68875,0.78,2,6,95.3327777777778,0.8367829322814941,27.480957,64.518654,0.25,2.036659664577908
5KPH_2_6_5_combined_id18,0.7456804513931274,1.8784539699554443,90.34319444444444,0.72,2,6,95.3327777777778,0.8367829322814941,27.480957,64.518654,0.2416,1.8900814056396484
5KPH_2_6_5_combined_id19,1.437089204788208,1.207340121269226,89.34361111111112,0.7,2,6,95.3327777777778,0.8367829322814941,27.480957,64.518654,0.2698,1.5004567040337458
5KPH_2_6_5_combined_id2,1.0294690132141113,1.9130743741989136,87.18583333333332,0.67,2,6,95.3327777777778,0.8367829322814941,27.480957,64.518654,0.2335,2.120346917046441
5KPH_2_6_5_combined_id20,0.7612029314041138,1.4721403121948242,89.56444444444443,0.74,2,6,95.3327777777778,0.8367829322814941,27.480957,64.518654,0.251,1.864209704928928
5KPH_2_6_5_combined_id21,0.8653693795204163,1.7486066818237305,88.35055555555556,0.68,2,6,95.3327777777778,0.8367829322814941,27.480957,64.518654,0.2227,1.8723055521647136
5KPH_2_6_5_combined_id22,0.7548337578773499,2.206084728240967,90.46486111111112,0.73,2,6,95.3327777777778,0.8367829322814941,27.480957,64.518654,0.2552,2.206907484266493
5KPH_2_6_5_combined_id23,0.8013677000999451,1.2044321298599243,88.87124999999999,0.72,2,6,95.3327777777778,0.8367829322814941,27.480957,64.518654,0.2605,1.7340238359239366
5KPH_2_6_5_combined_id24,0.5263404250144958,1.8929100036621094,92.48916666666668,0.78,2,6,95.3327777777778,0.8367829322814941,27.480957,64.518654,0.235,1.880923800998264
5KPH_2_6_5_combined_id3,0.7316585183143616,1.7278193235397339,94.31138888888889,0.79,2,6,95.3327777777778,0.8367829322814941,27.480957,64.518654,0.2554,1.7063831753200955
5KPH_2_6_5_combined_id4,0.6621018052101135,1.2965246438980103,87.55249999999998,0.72,2,6,95.3327777777778,0.8367829322814941,27.480957,64.518654,0.266,1.5627051459418402
5KPH_2_6_5_combined_id5,0.7736789584159851,2.310577392578125,91.32597222222222,0.75,2,6,95.3327777777778,0.8367829322814941,27.480957,64.518654,0.253,2.112185584174262
5KPH_2_6_5_combined_id6,0.6897357106208801,1.6138384342193604,91.89666666666666,0.76,2,6,95.3327777777778,0.8367829322814941,27.480957,64.518654,0.2292,2.1701151529947915
5KPH_2_6_5_combined_id7,0.921623706817627,1.3592523336410522,90.87625,0.74,2,6,95.3327777777778,0.8367829322814941,27.480957,64.518654,0.2238,1.9240086873372395
5KPH_2_6_5_combined_id8,1.0978708267211914,1.3718338012695312,87.3073611111111,0.69,2,6,95.3327777777778,0.8367829322814941,27.480957,64.518654,0.2446,1.6279799143473308
5KPH_2_6_5_combined_id9,1.0583504438400269,1.5567779541015625,87.78097222222222,0.7,2,6,95.3327777777778,0.8367829322814941,27.480957,64.518654,0.2426,1.7032078637017145
5KPH_2_6_6_combined_id1,0.6816702485084534,1.5638974905014038,87.16638888888889,0.66,2,6,90.22472222222224,0.9819456934928894,27.090137,66.43267,0.2303,2.020861519707574
5KPH_2_6_6_combined_id10,1.243345856666565,1.2547831535339355,91.84708333333332,0.76,2,6,90.22472222222224,0.9819456934928894,27.090137,66.43267,0.2628,1.9751315646701388
5KPH_2_6_6_combined_id11,0.6185632348060608,2.234929323196411,89.91277777777778,0.7,2,6,90.22472222222224,0.9819456934928894,27.090137,66.43267,0.2349,2.136965857611762
5KPH_2_6_6_combined_id12,0.7484403252601624,2.163264274597168,95.00125,0.8,2,6,90.22472222222224,0.9819456934928894,27.090137,66.43267,0.2432,2.101471794976129
5KPH_2_6_6_combined_id13,0.7485402822494507,1.5561445951461792,92.85222222222222,0.78,2,6,90.22472222222224,0.9819456934928894,27.090137,66.43267,0.2768,2.09359614054362
5KPH_2_6_6_combined_id14,5.632806777954102,5.731827259063721,68.98138888888889,0.46,2,6,90.22472222222224,0.9819456934928894,27.090137,66.43267,0.2473,2.21997430589464
5KPH_2_6_6_combined_id15,0.5419586896896362,1.9286221265792847,91.1013888888889,0.74,2,6,90.22472222222224,0.9819456934928894,27.090137,66.43267,0.2308,1.802096684773763
5KPH_2_6_6_combined_id16,0.6071464419364929,1.8629300594329834,92.02847222222222,0.76,2,6,90.22472222222224,0.9819456934928894,27.090137,66.43267,0.2355,1.868245866563585
5KPH_2_6_6_combined_id17,0.803602397441864,1.1711246967315674,88.51569444444443,0.73,2,6,90.22472222222224,0.9819456934928894,27.090137,66.43267,0.2663,1.8783124287923176
5KPH_2_6_6_combined_id19,1.1094094514846802,1.7204179763793945,87.48486111111112,0.7,2,6,90.22472222222224,0.9819456934928894,27.090137,66.43267,0.2363,1.9338027106391056
5KPH_2_6_6_combined_id2,0.5707448124885559,1.7108545303344727,94.3515277777778,0.81,2,6,90.22472222222224,0.9819456934928894,27.090137,66.43267,0.2704,1.9460500081380208
5KPH_2_6_6_combined_id20,0.9067887663841248,1.89478600025177,92.51958333333332,0.78,2,6,90.22472222222224,0.9819456934928894,27.090137,66.43267,0.2361,2.0076219770643444
5KPH_2_6_6_combined_id21,0.6675883531570435,2.1512627601623535,92.85041666666667,0.77,2,6,90.22472222222224,0.9819456934928894,27.090137,66.43267,0.2455,1.9293327331542969
5KPH_2_6_6_combined_id22,0.7043920159339905,2.0857346057891846,94.68111111111112,0.8,2,6,90.22472222222224,0.9819456934928894,27.090137,66.43267,0.2514,1.960076649983724
5KPH_2_6_6_combined_id23,0.9755436778068542,1.2349356412887573,85.09222222222222,0.66,2,6,90.22472222222224,0.9819456934928894,27.090137,66.43267,0.2315,2.0107447306315103
5KPH_2_6_6_combined_id24,0.9161195755004883,1.2868732213974,87.5988888888889,0.69,2,6,90.22472222222224,0.9819456934928894,27.090137,66.43267,0.2545,2.0576328701443143
5KPH_2_6_6_combined_id3,0.6206685900688171,1.9153571128845215,93.8438888888889,0.8,2,6,90.22472222222224,0.9819456934928894,27.090137,66.43267,0.263,1.952064514160156
5KPH_2_6_6_combined_id4,0.4704795479774475,2.0715062618255615,92.37055555555555,0.77,2,6,90.22472222222224,0.9819456934928894,27.090137,66.43267,0.2346,2.8954255845811634
5KPH_2_6_6_combined_id5,0.5532891154289246,1.8213903903961182,94.39361111111111,0.81,2,6,90.22472222222224,0.9819456934928894,27.090137,66.43267,0.245,2.314643224080404
5KPH_2_6_6_combined_id6,0.6581006050109863,1.6438990831375122,92.02236111111112,0.77,2,6,90.22472222222224,0.9819456934928894,27.090137,66.43267,0.2462,1.8970332675509984
5KPH_2_6_6_combined_id7,0.5843023061752319,1.8041983842849731,91.07861111111112,0.75,2,6,90.22472222222224,0.9819456934928894,27.090137,66.43267,0.2461,2.2566663953993054
5KPH_2_6_6_combined_id8,0.761746883392334,1.8555479049682617,91.77041666666668,0.75,2,6,90.22472222222224,0.9819456934928894,27.090137,66.43267,0.2692,1.943286471896701
5KPH_2_6_6_combined_id9,0.7012010216712952,1.5068659782409668,88.58208333333333,0.73,2,6,90.22472222222224,0.9819456934928894,27.090137,66.43267,0.2579,1.9646932813856337
5KPH_2_6_7_combined_id1,1.2426345348358154,0.9848361015319824,89.76,0.73,2,6,93.64430555555556,0.916645050048828,28.314137,64.24586,0.2586,1.8861931694878475
5KPH_2_6_7_combined_id10,0.8494559526443481,1.806638240814209,84.86291666666666,0.69,2,6,93.64430555555556,0.916645050048828,28.314137,64.24586,0.2325,1.9052202436659071
5KPH_2_6_7_combined_id11,0.48253393173217773,1.8952938318252563,90.41763888888887,0.74,2,6,93.64430555555556,0.916645050048828,28.314137,64.24586,0.2177,2.0077968173556857
5KPH_2_6_7_combined_id12,0.4485064446926117,1.8504310846328735,92.28486111111113,0.77,2,6,93.64430555555556,0.916645050048828,28.314137,64.24586,0.2505,2.214938905504015
5KPH_2_6_7_combined_id13,0.552087128162384,1.9250855445861816,90.80402777777778,0.74,2,6,93.64430555555556,0.916645050048828,28.314137,64.24586,0.233,1.977334976196289
5KPH_2_6_7_combined_id14,0.5914769172668457,2.085862636566162,93.64569444444444,0.8,2,6,93.64430555555556,0.916645050048828,28.314137,64.24586,0.2552,2.295909457736545
5KPH_2_6_7_combined_id15,0.6201032400131226,1.9421823024749756,92.1484722222222,0.76,2,6,93.64430555555556,0.916645050048828,28.314137,64.24586,0.2193,1.6538482242160373
5KPH_2_6_7_combined_id16,1.0752607583999634,1.0553619861602783,87.29291666666667,0.71,2,6,93.64430555555556,0.916645050048828,28.314137,64.24586,0.24,2.1928749084472656
5KPH_2_6_7_combined_id17,0.7825128436088562,2.015265941619873,87.69736111111109,0.69,2,6,93.64430555555556,0.916645050048828,28.314137,64.24586,0.2198,1.8642099168565536
5KPH_2_6_7_combined_id18,0.6377002596855164,1.828364372253418,90.90513888888889,0.75,2,6,93.64430555555556,0.916645050048828,28.314137,64.24586,0.2467,2.264610290527344
5KPH_2_6_7_combined_id19,0.7256721258163452,2.128584861755371,94.4025,0.8,2,6,93.64430555555556,0.916645050048828,28.314137,64.24586,0.239,2.044609705607096
5KPH_2_6_7_combined_id2,0.8753494024276733,1.3738105297088623,89.71166666666667,0.71,2,6,93.64430555555556,0.916645050048828,28.314137,64.24586,0.2327,2.102745903862848
5KPH_2_6_7_combined_id20,0.6550173163414001,2.109473466873169,92.95902777777778,0.79,2,6,93.64430555555556,0.916645050048828,28.314137,64.24586,0.2424,1.902569664849176
5KPH_2_6_7_combined_id21,0.9512481689453125,2.2112858295440674,86.85111111111111,0.71,2,6,93.64430555555556,0.916645050048828,28.314137,64.24586,0.2611,1.9095834096272783
5KPH_2_6_7_combined_id22,0.5714625716209412,2.0450899600982666,93.24888888888889,0.79,2,6,93.64430555555556,0.916645050048828,28.314137,64.24586,0.231,2.1847722795274525
5KPH_2_6_7_combined_id23,0.7938728928565979,1.2782353162765503,91.26902777777778,0.76,2,6,93.64430555555556,0.916645050048828,28.314137,64.24586,0.2413,1.8952721489800348
5KPH_2_6_7_combined_id24,1.5357409715652466,1.0411359071731567,90.48583333333332,0.74,2,6,93.64430555555556,0.916645050048828,28.314137,64.24586,0.2601,1.892158932156033
5KPH_2_6_7_combined_id3,0.6245959401130676,1.5759246349334717,93.68069444444444,0.79,2,6,93.64430555555556,0.916645050048828,28.314137,64.24586,0.2615,2.0674146016438804
5KPH_2_6_7_combined_id4,0.6679037809371948,1.7266578674316406,93.1,0.79,2,6,93.64430555555556,0.916645050048828,28.314137,64.24586,0.2368,1.9162686665852864
5KPH_2_6_7_combined_id5,0.7117106318473816,2.17480206489563,91.0025,0.75,2,6,93.64430555555556,0.916645050048828,28.314137,64.24586,0.2417,1.625012503729926
5KPH_2_6_7_combined_id6,0.8318689465522766,1.1184033155441284,91.70833333333331,0.77,2,6,93.64430555555556,0.916645050048828,28.314137,64.24586,0.2694,1.965118408203125
5KPH_2_6_7_combined_id7,0.6817622780799866,2.0984954833984375,93.07625,0.79,2,6,93.64430555555556,0.916645050048828,28.314137,64.24586,0.2421,1.825312084621853
5KPH_2_6_7_combined_id8,1.013146162033081,1.8190046548843384,87.77027777777778,0.72,2,6,93.64430555555556,0.916645050048828,28.314137,64.24586,0.2471,2.070572111341688
5KPH_2_6_7_combined_id9,1.3727457523345947,1.1841099262237549,91.48888888888888,0.74,2,6,93.64430555555556,0.916645050048828,28.314137,64.24586,0.263,2.04389762878418
5KPH_2_6_8_combined_id1,0.5604733824729919,2.106510877609253,92.84138888888889,0.77,2,6,95.1,0.6572152376174927,28.037792,64.4331,0.2324,2.3295970492892795
5KPH_2_6_8_combined_id10,0.598505437374115,1.8185763359069824,90.58,0.74,2,6,95.1,0.6572152376174927,28.037792,64.4331,0.2492,2.1978331671820746
5KPH_2_6_8_combined_id11,0.5744407176971436,1.924813151359558,90.95361111111112,0.74,2,6,95.1,0.6572152376174927,28.037792,64.4331,0.2172,1.9949489169650607
5KPH_2_6_8_combined_id12,1.4703103303909302,1.4989782571792603,91.26138888888887,0.75,2,6,95.1,0.6572152376174927,28.037792,64.4331,0.2433,2.055667453342014
5KPH_2_6_8_combined_id13,0.8322551250457764,1.7124265432357788,86.53361111111111,0.69,2,6,95.1,0.6572152376174927,28.037792,64.4331,0.2447,1.931246863471137
5KPH_2_6_8_combined_id14,1.1304192543029785,1.9124642610549927,87.79236111111112,0.71,2,6,95.1,0.6572152376174927,28.037792,64.4331,0.2181,1.9805569118923607
5KPH_2_6_8_combined_id15,0.8088300228118896,1.7653329372406006,87.55958333333332,0.7,2,6,95.1,0.6572152376174927,28.037792,64.4331,0.2503,1.7130713992648654
5KPH_2_6_8_combined_id16,1.233400583267212,1.637638807296753,90.5376388888889,0.73,2,6,95.1,0.6572152376174927,28.037792,64.4331,0.2408,1.5491761101616754
5KPH_2_6_8_combined_id17,0.9442228674888611,1.3810899257659912,88.00069444444445,0.72,2,6,95.1,0.6572152376174927,28.037792,64.4331,0.2282,1.6025496588812933
5KPH_2_6_8_combined_id18,0.9209757447242737,1.5251938104629517,89.22666666666666,0.71,2,6,95.1,0.6572152376174927,28.037792,64.4331,0.232,2.1850416395399304
5KPH_2_6_8_combined_id19,2.1188931465148926,1.4545682668685913,95.88916666666664,0.79,2,6,95.1,0.6572152376174927,28.037792,64.4331,0.2413,1.988802168104384
5KPH_2_6_8_combined_id20,0.5978400111198425,1.5198994874954224,91.50638888888888,0.76,2,6,95.1,0.6572152376174927,28.037792,64.4331,0.2194,1.8810547722710504
5KPH_2_6_8_combined_id21,0.6073563098907471,2.2136991024017334,92.69930555555555,0.78,2,6,95.1,0.6572152376174927,28.037792,64.4331,0.2158,2.3000890943739147
5KPH_2_6_8_combined_id22,0.7647228240966797,2.260056734085083,88.44763888888889,0.72,2,6,95.1,0.6572152376174927,28.037792,64.4331,0.2317,2.20100826687283
5KPH_2_6_8_combined_id23,0.6862388253211975,1.9197522401809692,87.16694444444445,0.7,2,6,95.1,0.6572152376174927,28.037792,64.4331,0.2534,1.808428446451823
5KPH_2_6_8_combined_id24,1.7994072437286377,1.3980377912521362,89.31958333333334,0.74,2,6,95.1,0.6572152376174927,28.037792,64.4331,0.2489,1.789085176255968
5KPH_2_6_8_combined_id3,0.864429235458374,2.3366751670837402,89.0136111111111,0.72,2,6,95.1,0.6572152376174927,28.037792,64.4331,0.2247,1.9381925794813368
5KPH_2_6_8_combined_id4,0.6983413100242615,1.8576030731201172,91.24569444444444,0.77,2,6,95.1,0.6572152376174927,28.037792,64.4331,0.2343,1.9377610948350688
5KPH_2_6_8_combined_id5,1.0778496265411377,2.670499086380005,90.63180555555556,0.76,2,6,95.1,0.6572152376174927,28.037792,64.4331,0.2288,1.6383319430881076
5KPH_2_6_8_combined_id6,0.9422212243080139,2.107039451599121,86.81472222222222,0.7,2,6,95.1,0.6572152376174927,28.037792,64.4331,0.2443,1.8162064022488065
5KPH_2_6_8_combined_id7,0.7570315599441528,2.3438894748687744,94.68138888888888,0.8,2,6,95.1,0.6572152376174927,28.037792,64.4331,0.2451,1.720884535047743
5KPH_2_6_8_combined_id9,0.7413418292999268,2.313828229904175,89.73722222222221,0.74,2,6,95.1,0.6572152376174927,28.037792,64.4331,0.231,1.9807779524061413
5KPH_2_6_9_combined_id1,1.3407256603240967,1.9529304504394531,88.21041666666666,0.68,2,6,93.82722222222225,0.7361128926277161,28.183655,65.70494,0.2399,1.807313707139757
5KPH_2_6_9_combined_id10,0.6146887540817261,2.0690834522247314,95.24083333333334,0.83,2,6,93.82722222222225,0.7361128926277161,28.183655,65.70494,0.2346,1.8914566040039065
5KPH_2_6_9_combined_id11,0.8696386814117432,1.5524755716323853,92.61569444444444,0.78,2,6,93.82722222222225,0.7361128926277161,28.183655,65.70494,0.2442,1.6647600597805448
5KPH_2_6_9_combined_id12,0.7226568460464478,1.8220990896224976,93.13694444444444,0.79,2,6,93.82722222222225,0.7361128926277161,28.183655,65.70494,0.2449,1.9442982143825955
5KPH_2_6_9_combined_id13,0.7895920872688293,1.8979413509368896,93.50680555555556,0.81,2,6,93.82722222222225,0.7361128926277161,28.183655,65.70494,0.2558,1.6453143225775824
5KPH_2_6_9_combined_id14,0.9181163907051086,2.049452304840088,90.47736111111112,0.76,2,6,93.82722222222225,0.7361128926277161,28.183655,65.70494,0.2297,1.6893121931287978
5KPH_2_6_9_combined_id15,0.9042645692825317,2.0867838859558105,91.26027777777776,0.76,2,6,93.82722222222225,0.7361128926277161,28.183655,65.70494,0.2447,2.233824200100369
5KPH_2_6_9_combined_id16,0.8239816427230835,1.8446160554885864,91.01944444444445,0.76,2,6,93.82722222222225,0.7361128926277161,28.183655,65.70494,0.2336,1.742372088962131
5KPH_2_6_9_combined_id17,0.6549074053764343,1.9927443265914917,93.37916666666666,0.8,2,6,93.82722222222225,0.7361128926277161,28.183655,65.70494,0.2476,1.6112327575683594
5KPH_2_6_9_combined_id18,1.1480557918548584,1.211713433265686,88.8575,0.72,2,6,93.82722222222225,0.7361128926277161,28.183655,65.70494,0.2557,1.4383296966552734
5KPH_2_6_9_combined_id19,0.5658555030822754,1.8529784679412842,94.43527777777778,0.82,2,6,93.82722222222225,0.7361128926277161,28.183655,65.70494,0.245,1.698447969224718
5KPH_2_6_9_combined_id2,0.772508978843689,2.287471294403076,92.78555555555556,0.78,2,6,93.82722222222225,0.7361128926277161,28.183655,65.70494,0.2139,1.66540707482232
5KPH_2_6_9_combined_id20,1.0288819074630737,1.4139797687530518,90.09430555555556,0.73,2,6,93.82722222222225,0.7361128926277161,28.183655,65.70494,0.234,1.915791829427084
5KPH_2_6_9_combined_id21,1.0597959756851196,2.1922531127929688,92.05222222222224,0.78,2,6,93.82722222222225,0.7361128926277161,28.183655,65.70494,0.2248,1.8856239318847656
5KPH_2_6_9_combined_id22,0.8407771587371826,2.2124645709991455,90.58305555555556,0.75,2,6,93.82722222222225,0.7361128926277161,28.183655,65.70494,0.2132,1.9672177632649737
5KPH_2_6_9_combined_id23,0.675065815448761,2.3071064949035645,90.2884722222222,0.73,2,6,93.82722222222225,0.7361128926277161,28.183655,65.70494,0.2177,2.117341995239258
5KPH_2_6_9_combined_id24,0.6804224252700806,2.188668727874756,90.32416666666668,0.71,2,6,93.82722222222225,0.7361128926277161,28.183655,65.70494,0.2278,1.82820298936632
5KPH_2_6_9_combined_id3,1.0138579607009888,1.7436965703964233,92.31791666666666,0.8,2,6,93.82722222222225,0.7361128926277161,28.183655,65.70494,0.2404,1.5170710881551106
5KPH_2_6_9_combined_id4,0.7126206159591675,1.7307605743408203,93.41402777777778,0.8,2,6,93.82722222222225,0.7361128926277161,28.183655,65.70494,0.2479,1.5035631391737196
5KPH_2_6_9_combined_id5,0.5779500007629395,1.8563488721847534,94.13486111111112,0.8,2,6,93.82722222222225,0.7361128926277161,28.183655,65.70494,0.2309,1.8703121609157989
5KPH_2_6_9_combined_id6,0.736068844795227,2.039062976837158,90.85027777777776,0.74,2,6,93.82722222222225,0.7361128926277161,28.183655,65.70494,0.2338,1.90023930867513
5KPH_2_6_9_combined_id7,1.190244197845459,1.383756160736084,94.59111111111112,0.83,2,6,93.82722222222225,0.7361128926277161,28.183655,65.70494,0.2401,1.6432940165201824
5KPH_2_6_9_combined_id8,0.6181158423423767,1.631872534751892,93.74944444444444,0.8,2,6,93.82722222222225,0.7361128926277161,28.183655,65.70494,0.2593,1.5933588875664606
5KPH_2_6_9_combined_id9,0.5385249853134155,1.8297497034072876,91.67875,0.78,2,6,93.82722222222225,0.7361128926277161,28.183655,65.70494,0.2145,1.7120139863755968
5KPH_2_8_0_combined_id1,0.5313592553138733,1.975403070449829,94.21763888888889,0.81,2,8,94.51180555555555,0.7755773067474365,27.813906,63.542465,0.2167,2.157426198323568
5KPH_2_8_0_combined_id10,0.8763659000396729,1.323205590248108,87.38458333333332,0.71,2,8,94.51180555555555,0.7755773067474365,27.813906,63.542465,0.249,1.7802899678548176
5KPH_2_8_0_combined_id11,0.7111807465553284,2.165867567062378,90.4888888888889,0.74,2,8,94.51180555555555,0.7755773067474365,27.813906,63.542465,0.2354,2.226821687486437
5KPH_2_8_0_combined_id12,0.6538599133491516,1.8323315382003784,95.01958333333332,0.8,2,8,94.51180555555555,0.7755773067474365,27.813906,63.542465,0.2379,1.794096204969618
5KPH_2_8_0_combined_id13,0.73470139503479,1.7595566511154175,90.4786111111111,0.73,2,8,94.51180555555555,0.7755773067474365,27.813906,63.542465,0.2408,2.2159654829237194
5KPH_2_8_0_combined_id14,0.8672582507133484,1.4012340307235718,92.65152777777776,0.76,2,8,94.51180555555555,0.7755773067474365,27.813906,63.542465,0.2302,1.7670509550306532
5KPH_2_8_0_combined_id15,0.7099199891090393,1.7592167854309082,92.0127777777778,0.78,2,8,94.51180555555555,0.7755773067474365,27.813906,63.542465,0.241,1.836901134914822
5KPH_2_8_0_combined_id16,0.8556256294250488,2.3012351989746094,84.66680555555556,0.63,2,8,94.51180555555555,0.7755773067474365,27.813906,63.542465,0.2004,1.870941162109375
5KPH_2_8_0_combined_id17,0.6062891483306885,2.134218215942383,95.31013888888889,0.82,2,8,94.51180555555555,0.7755773067474365,27.813906,63.542465,0.225,1.823184543185764
5KPH_2_8_0_combined_id18,1.812204360961914,1.1111303567886353,95.22222222222224,0.81,2,8,94.51180555555555,0.7755773067474365,27.813906,63.542465,0.2273,1.8722877502441408
5KPH_2_8_0_combined_id19,0.5031885504722595,1.9539761543273926,90.2448611111111,0.73,2,8,94.51180555555555,0.7755773067474365,27.813906,63.542465,0.2345,2.288371827867296
5KPH_2_8_0_combined_id2,1.4013521671295166,1.219589352607727,92.47347222222224,0.75,2,8,94.51180555555555,0.7755773067474365,27.813906,63.542465,0.2519,1.6908175150553386
5KPH_2_8_0_combined_id20,0.8400068879127502,2.1930832862854004,91.85527777777776,0.77,2,8,94.51180555555555,0.7755773067474365,27.813906,63.542465,0.227,1.945592244466145
5KPH_2_8_0_combined_id21,0.7140976786613464,1.8903300762176514,92.60111111111112,0.79,2,8,94.51180555555555,0.7755773067474365,27.813906,63.542465,0.2359,1.7265167236328125
5KPH_2_8_0_combined_id22,1.9262295961380005,1.1086997985839844,94.84444444444443,0.8,2,8,94.51180555555555,0.7755773067474365,27.813906,63.542465,0.2229,1.927768071492513
5KPH_2_8_0_combined_id23,1.4494301080703735,1.0151069164276123,93.24694444444444,0.78,2,8,94.51180555555555,0.7755773067474365,27.813906,63.542465,0.2493,1.6960720486111112
5KPH_2_8_0_combined_id24,0.8802082538604736,2.4622559547424316,90.55097222222224,0.75,2,8,94.51180555555555,0.7755773067474365,27.813906,63.542465,0.2335,1.8959011501736112
5KPH_2_8_0_combined_id3,0.6518455147743225,1.477274775505066,92.60597222222222,0.78,2,8,94.51180555555555,0.7755773067474365,27.813906,63.542465,0.2387,2.027003818088108
5KPH_2_8_0_combined_id4,0.5396262407302856,1.429321050643921,95.09805555555556,0.82,2,8,94.51180555555555,0.7755773067474365,27.813906,63.542465,0.2363,1.7896359761555989
5KPH_2_8_0_combined_id5,0.8608668446540833,2.3930184841156006,93.35333333333334,0.78,2,8,94.51180555555555,0.7755773067474365,27.813906,63.542465,0.2398,1.7019351323445635
5KPH_2_8_0_combined_id6,0.8430303931236267,1.7343776226043701,92.87125,0.79,2,8,94.51180555555555,0.7755773067474365,27.813906,63.542465,0.2261,2.0138327280680337
5KPH_2_8_0_combined_id7,0.7737288475036621,2.138991594314575,91.51416666666668,0.75,2,8,94.51180555555555,0.7755773067474365,27.813906,63.542465,0.2149,2.162115308973524
5KPH_2_8_0_combined_id8,0.8252668380737305,2.1108570098876953,94.0176388888889,0.81,2,8,94.51180555555555,0.7755773067474365,27.813906,63.542465,0.2482,1.9266368018256288
5KPH_2_8_0_combined_id9,0.6405876278877258,1.5196125507354736,91.26208333333334,0.75,2,8,94.51180555555555,0.7755773067474365,27.813906,63.542465,0.2458,2.0702726576063366
5KPH_2_8_1_combined_id1,0.6826926469802856,2.230726480484009,93.07777777777778,0.78,2,8,94.05930555555555,0.6682207584381104,28.702074,64.5545,0.221,1.8113221062554248
5KPH_2_8_1_combined_id10,0.8961413502693176,2.0719430446624756,91.47722222222222,0.76,2,8,94.05930555555555,0.6682207584381104,28.702074,64.5545,0.2339,1.9017092386881511
5KPH_2_8_1_combined_id11,0.8979929089546204,2.441267967224121,87.98583333333333,0.68,2,8,94.05930555555555,0.6682207584381104,28.702074,64.5545,0.2159,2.4279132419162326
5KPH_2_8_1_combined_id12,0.8636996746063232,2.326995372772217,91.57416666666668,0.76,2,8,94.05930555555555,0.6682207584381104,28.702074,64.5545,0.2318,2.031912909613715
5KPH_2_8_1_combined_id13,0.8640127182006836,1.985470175743103,92.25888888888888,0.78,2,8,94.05930555555555,0.6682207584381104,28.702074,64.5545,0.2261,1.8402976989746087
5KPH_2_8_1_combined_id14,0.7879499793052673,2.2341246604919434,90.41194444444444,0.76,2,8,94.05930555555555,0.6682207584381104,28.702074,64.5545,0.2412,1.7093953026665585
5KPH_2_8_1_combined_id15,0.868698000907898,1.4321362972259521,91.70736111111113,0.74,2,8,94.05930555555555,0.6682207584381104,28.702074,64.5545,0.2218,1.679544554816352
5KPH_2_8_1_combined_id16,1.0145009756088257,1.466043472290039,91.97625,0.77,2,8,94.05930555555555,0.6682207584381104,28.702074,64.5545,0.2295,1.5944867663913302
5KPH_2_8_1_combined_id17,0.9403141140937805,2.112534284591675,89.9475,0.73,2,8,94.05930555555555,0.6682207584381104,28.702074,64.5545,0.258,1.4171503914727106
5KPH_2_8_1_combined_id18,0.7245340347290039,1.998948097229004,90.23347222222222,0.74,2,8,94.05930555555555,0.6682207584381104,28.702074,64.5545,0.2283,1.889163123236762
5KPH_2_8_1_combined_id19,0.962387204170227,1.9499740600585938,94.24416666666669,0.81,2,8,94.05930555555555,0.6682207584381104,28.702074,64.5545,0.2334,1.6590406629774306
5KPH_2_8_1_combined_id2,0.7718133330345154,2.1787195205688477,92.00930555555556,0.77,2,8,94.05930555555555,0.6682207584381104,28.702074,64.5545,0.2167,2.12467998928494
5KPH_2_8_1_combined_id20,0.9317671656608582,1.839492678642273,90.4886111111111,0.74,2,8,94.05930555555555,0.6682207584381104,28.702074,64.5545,0.2186,1.5347088707817926
5KPH_2_8_1_combined_id21,0.876792848110199,2.412942409515381,88.48819444444445,0.71,2,8,94.05930555555555,0.6682207584381104,28.702074,64.5545,0.2086,2.301233291625977
5KPH_2_8_1_combined_id22,0.7071401476860046,2.0858004093170166,88.92194444444443,0.73,2,8,94.05930555555555,0.6682207584381104,28.702074,64.5545,0.2137,2.2126252916124134
5KPH_2_8_1_combined_id23,0.7540264129638672,1.977016568183899,91.67861111111112,0.78,2,8,94.05930555555555,0.6682207584381104,28.702074,64.5545,0.2456,1.8485003577338324
5KPH_2_8_1_combined_id24,1.0426914691925049,2.7435927391052246,95.21708333333332,0.82,2,8,94.05930555555555,0.6682207584381104,28.702074,64.5545,0.2284,1.969203313191732
5KPH_2_8_1_combined_id3,1.1729209423065186,2.757486581802368,86.58083333333333,0.64,2,8,94.05930555555555,0.6682207584381104,28.702074,64.5545,0.2269,1.9100015428331163
5KPH_2_8_1_combined_id4,1.139162302017212,1.6182812452316284,87.4563888888889,0.7,2,8,94.05930555555555,0.6682207584381104,28.702074,64.5545,0.2386,1.8600317637125647
5KPH_2_8_1_combined_id5,0.9481309056282043,1.7920736074447632,89.83666666666666,0.73,2,8,94.05930555555555,0.6682207584381104,28.702074,64.5545,0.2247,1.814547856648763
5KPH_2_8_1_combined_id6,0.6728025674819946,1.9747779369354248,89.62944444444445,0.74,2,8,94.05930555555555,0.6682207584381104,28.702074,64.5545,0.2087,1.9693819681803384
5KPH_2_8_1_combined_id7,0.7653934955596924,2.2343733310699463,89.25472222222221,0.71,2,8,94.05930555555555,0.6682207584381104,28.702074,64.5545,0.2315,2.158818562825521
5KPH_2_8_1_combined_id8,0.8519996404647827,2.554069995880127,87.04513888888889,0.65,2,8,94.05930555555555,0.6682207584381104,28.702074,64.5545,0.2163,1.859420352511936
5KPH_2_8_1_combined_id9,0.7043960690498352,2.062467098236084,87.81222222222222,0.7,2,8,94.05930555555555,0.6682207584381104,28.702074,64.5545,0.2083,2.039523654513889
5KPH_2_8_2_combined_id1,1.115798830986023,1.6873054504394531,83.03722222222223,0.64,2,8,92.38875,0.8074331879615784,27.755682,63.895203,0.2386,1.7581379148695204
5KPH_2_8_2_combined_id10,0.9576348662376404,1.8319765329360962,85.14680555555556,0.69,2,8,92.38875,0.8074331879615784,27.755682,63.895203,0.2325,1.940466139051649
5KPH_2_8_2_combined_id11,0.8955824971199036,2.1028504371643066,86.72194444444443,0.65,2,8,92.38875,0.8074331879615784,27.755682,63.895203,0.2298,1.7287146250406902
5KPH_2_8_2_combined_id12,1.1014796495437622,1.4082554578781128,89.15277777777777,0.74,2,8,92.38875,0.8074331879615784,27.755682,63.895203,0.2233,1.939085218641493
5KPH_2_8_2_combined_id13,0.8967039585113525,2.3303074836730957,86.24930555555557,0.7,2,8,92.38875,0.8074331879615784,27.755682,63.895203,0.2427,1.916629155476888
5KPH_2_8_2_combined_id14,0.9811035990715027,2.2268545627593994,89.33624999999999,0.71,2,8,92.38875,0.8074331879615784,27.755682,63.895203,0.2448,1.4919259813096788
5KPH_2_8_2_combined_id15,0.812853991985321,1.523439884185791,87.53333333333333,0.7,2,8,92.38875,0.8074331879615784,27.755682,63.895203,0.2403,1.735295295715332
5KPH_2_8_2_combined_id16,1.1802366971969604,2.3531720638275146,89.72180555555556,0.73,2,8,92.38875,0.8074331879615784,27.755682,63.895203,0.2445,1.897960238986545
5KPH_2_8_2_combined_id17,1.2405023574829102,1.1603871583938599,90.28083333333332,0.73,2,8,92.38875,0.8074331879615784,27.755682,63.895203,0.2496,1.9596048990885413
5KPH_2_8_2_combined_id18,1.7803611755371094,1.529555320739746,89.55513888888889,0.7,2,8,92.38875,0.8074331879615784,27.755682,63.895203,0.2728,1.5503546396891277
5KPH_2_8_2_combined_id19,0.8345784544944763,1.726075530052185,86.85944444444445,0.7,2,8,92.38875,0.8074331879615784,27.755682,63.895203,0.2581,1.682244724697537
5KPH_2_8_2_combined_id2,1.1529128551483154,2.368759870529175,90.37736111111111,0.74,2,8,92.38875,0.8074331879615784,27.755682,63.895203,0.2535,1.6373191409640842
5KPH_2_8_2_combined_id20,2.0384585857391357,1.6745988130569458,87.48263888888889,0.7,2,8,92.38875,0.8074331879615784,27.755682,63.895203,0.248,1.681244532267253
5KPH_2_8_2_combined_id21,1.2944830656051636,1.1859214305877686,86.64083333333333,0.68,2,8,92.38875,0.8074331879615784,27.755682,63.895203,0.2442,1.6704960929022894
5KPH_2_8_2_combined_id22,0.9558845162391663,1.6951899528503418,87.95749999999998,0.69,2,8,92.38875,0.8074331879615784,27.755682,63.895203,0.2518,1.5544355180528429
5KPH_2_8_2_combined_id23,1.252402424812317,1.3975598812103271,86.6248611111111,0.69,2,8,92.38875,0.8074331879615784,27.755682,63.895203,0.2645,1.6371063656277127
5KPH_2_8_2_combined_id24,0.9020545482635498,1.3467328548431396,86.33847222222222,0.66,2,8,92.38875,0.8074331879615784,27.755682,63.895203,0.2484,1.6115857230292423
5KPH_2_8_2_combined_id3,0.9019407629966736,1.4023514986038208,85.76152777777777,0.67,2,8,92.38875,0.8074331879615784,27.755682,63.895203,0.2525,1.713976754082574
5KPH_2_8_2_combined_id4,1.214403510093689,2.3924949169158936,89.08208333333333,0.72,2,8,92.38875,0.8074331879615784,27.755682,63.895203,0.23,1.5537675221761067
5KPH_2_8_2_combined_id5,1.0220972299575806,1.5865846872329712,86.90083333333334,0.72,2,8,92.38875,0.8074331879615784,27.755682,63.895203,0.2526,1.778383043077257
5KPH_2_8_2_combined_id6,0.964066743850708,1.732978105545044,90.02222222222221,0.73,2,8,92.38875,0.8074331879615784,27.755682,63.895203,0.2254,1.8535298241509333
5KPH_2_8_2_combined_id7,1.0496299266815186,1.8265478610992432,85.5,0.66,2,8,92.38875,0.8074331879615784,27.755682,63.895203,0.2515,1.6694468392266169
5KPH_2_8_2_combined_id8,1.825507402420044,1.6910191774368286,90.09666666666666,0.74,2,8,92.38875,0.8074331879615784,27.755682,63.895203,0.2231,1.7908348507351346
5KPH_2_8_2_combined_id9,1.1953717470169067,0.9513654708862305,92.9376388888889,0.78,2,8,92.38875,0.8074331879615784,27.755682,63.895203,0.2489,1.5657225714789496
5KPH_2_8_3_combined_id1,0.6944357752799988,1.9305442571640015,85.49194444444444,0.67,2,8,94.21527777777776,0.8274220824241638,27.66535,63.960403,0.2215,1.8518093956841364
5KPH_2_8_3_combined_id10,0.6242194771766663,1.8210090398788452,93.22569444444446,0.8,2,8,94.21527777777776,0.8274220824241638,27.66535,63.960403,0.2155,1.927450180053711
5KPH_2_8_3_combined_id11,0.8638128042221069,1.5642786026000977,92.22805555555556,0.79,2,8,94.21527777777776,0.8274220824241638,27.66535,63.960403,0.2305,1.7456402248806424
5KPH_2_8_3_combined_id12,0.9056466817855835,1.664796233177185,90.40305555555555,0.75,2,8,94.21527777777776,0.8274220824241638,27.66535,63.960403,0.2321,1.812776353624132
5KPH_2_8_3_combined_id13,0.8536556959152222,1.815680742263794,92.75027777777778,0.8,2,8,94.21527777777776,0.8274220824241638,27.66535,63.960403,0.2552,2.01875474717882
5KPH_2_8_3_combined_id14,0.9333266019821167,1.7391999959945679,91.09444444444443,0.76,2,8,94.21527777777776,0.8274220824241638,27.66535,63.960403,0.2432,1.777419514126248
5KPH_2_8_3_combined_id15,0.7921448945999146,1.7039117813110352,96.25680555555556,0.83,2,8,94.21527777777776,0.8274220824241638,27.66535,63.960403,0.2392,2.016018761528863
5KPH_2_8_3_combined_id16,0.6342765688896179,1.8574129343032837,94.2277777777778,0.8,2,8,94.21527777777776,0.8274220824241638,27.66535,63.960403,0.2343,1.96830071343316
5KPH_2_8_3_combined_id17,0.8350145816802979,1.7183752059936523,93.21805555555557,0.78,2,8,94.21527777777776,0.8274220824241638,27.66535,63.960403,0.2325,2.0520807902018228
5KPH_2_8_3_combined_id18,0.6594570875167847,1.7223856449127197,95.50305555555556,0.83,2,8,94.21527777777776,0.8274220824241638,27.66535,63.960403,0.2377,2.036596086290148
5KPH_2_8_3_combined_id19,1.151458978652954,1.161968469619751,91.46819444444444,0.76,2,8,94.21527777777776,0.8274220824241638,27.66535,63.960403,0.2401,2.041174570719401
5KPH_2_8_3_combined_id2,0.8696380257606506,1.7895963191986084,92.25819444444444,0.77,2,8,94.21527777777776,0.8274220824241638,27.66535,63.960403,0.2214,1.9595591227213545
5KPH_2_8_3_combined_id20,0.6906440258026123,1.53446626663208,92.05694444444444,0.77,2,8,94.21527777777776,0.8274220824241638,27.66535,63.960403,0.2142,2.0317344665527344
5KPH_2_8_3_combined_id21,0.9062705039978027,1.6100263595581055,93.75152777777778,0.78,2,8,94.21527777777776,0.8274220824241638,27.66535,63.960403,0.2388,1.7574344211154511
5KPH_2_8_3_combined_id22,0.9751998782157898,1.7908353805541992,91.95972222222224,0.72,2,8,94.21527777777776,0.8274220824241638,27.66535,63.960403,0.2402,1.8895386589898004
5KPH_2_8_3_combined_id23,1.2476530075073242,1.6432119607925415,94.6065277777778,0.8,2,8,94.21527777777776,0.8274220824241638,27.66535,63.960403,0.2434,1.71888181898329
5KPH_2_8_3_combined_id24,0.852411150932312,1.4982606172561646,84.99444444444444,0.67,2,8,94.21527777777776,0.8274220824241638,27.66535,63.960403,0.2282,1.9897100660536025
5KPH_2_8_3_combined_id3,1.0030654668807983,1.8890867233276367,89.01944444444445,0.73,2,8,94.21527777777776,0.8274220824241638,27.66535,63.960403,0.2143,1.8035007052951388
5KPH_2_8_3_combined_id4,0.5408821105957031,1.859328269958496,92.1873611111111,0.79,2,8,94.21527777777776,0.8274220824241638,27.66535,63.960403,0.2479,1.946639166937934
5KPH_2_8_3_combined_id5,0.7357712388038635,2.012706995010376,91.83555555555556,0.74,2,8,94.21527777777776,0.8274220824241638,27.66535,63.960403,0.2403,1.7881529066297743
5KPH_2_8_3_combined_id6,0.796038031578064,1.5932598114013672,91.37194444444444,0.78,2,8,94.21527777777776,0.8274220824241638,27.66535,63.960403,0.2689,1.840489705403645
5KPH_2_8_3_combined_id7,0.7192715406417847,1.7847442626953125,89.04083333333334,0.71,2,8,94.21527777777776,0.8274220824241638,27.66535,63.960403,0.2315,1.862464904785156
5KPH_2_8_3_combined_id8,0.6240057945251465,1.8083117008209229,93.605,0.79,2,8,94.21527777777776,0.8274220824241638,27.66535,63.960403,0.2207,1.939970440334744
5KPH_2_8_3_combined_id9,0.6402204036712646,1.32184898853302,89.79986111111113,0.76,2,8,94.21527777777776,0.8274220824241638,27.66535,63.960403,0.2292,2.0965008205837674
5KPH_2_8_4_combined_id10,1.259082555770874,2.592151403427124,92.90194444444444,0.76,2,8,94.12527777777778,0.8162831664085388,27.07898,64.24088,0.2129,2.187745412190756
5KPH_2_8_4_combined_id11,0.985397458076477,2.11081600189209,93.03791666666666,0.8,2,8,94.12527777777778,0.8162831664085388,27.07898,64.24088,0.2142,1.8939728207058373
5KPH_2_8_4_combined_id12,0.9630021452903748,2.339747428894043,84.27916666666667,0.66,2,8,94.12527777777778,0.8162831664085388,27.07898,64.24088,0.2054,2.1791178385416665
5KPH_2_8_4_combined_id13,0.8174338936805725,1.9350091218948364,91.82472222222222,0.77,2,8,94.12527777777778,0.8162831664085388,27.07898,64.24088,0.2051,2.144695281982422
5KPH_2_8_4_combined_id14,0.8414149880409241,1.442075252532959,89.91624999999999,0.71,2,8,94.12527777777778,0.8162831664085388,27.07898,64.24088,0.2395,2.163280063205295
5KPH_2_8_4_combined_id15,1.1704753637313843,2.815951347351074,88.44541666666666,0.73,2,8,94.12527777777778,0.8162831664085388,27.07898,64.24088,0.1938,2.190209494696723
5KPH_2_8_4_combined_id16,1.7094112634658813,1.4657763242721558,85.56694444444446,0.67,2,8,94.12527777777778,0.8162831664085388,27.07898,64.24088,0.2266,1.772603988647461
5KPH_2_8_4_combined_id17,1.1263149976730347,1.9110026359558105,86.17541666666666,0.67,2,8,94.12527777777778,0.8162831664085388,27.07898,64.24088,0.2129,2.017102559407552
5KPH_2_8_4_combined_id18,1.163291096687317,1.3323533535003662,88.63819444444444,0.69,2,8,94.12527777777778,0.8162831664085388,27.07898,64.24088,0.2054,2.0270669725206165
5KPH_2_8_4_combined_id19,0.9427503347396851,1.7030068635940552,89.51430555555555,0.74,2,8,94.12527777777778,0.8162831664085388,27.07898,64.24088,0.2267,1.5403486887613933
5KPH_2_8_4_combined_id2,0.708491861820221,1.7018407583236694,91.47805555555556,0.76,2,8,94.12527777777778,0.8162831664085388,27.07898,64.24088,0.2187,1.68095948961046
5KPH_2_8_4_combined_id20,0.7456170320510864,2.071859836578369,92.32152777777776,0.75,2,8,94.12527777777778,0.8162831664085388,27.07898,64.24088,0.2323,1.8222482469346788
5KPH_2_8_4_combined_id21,0.7658255100250244,1.6017621755599976,89.07388888888889,0.71,2,8,94.12527777777778,0.8162831664085388,27.07898,64.24088,0.2434,1.4919665654500325
5KPH_2_8_4_combined_id22,0.7825809121131897,1.7334063053131104,87.7826388888889,0.68,2,8,94.12527777777778,0.8162831664085388,27.07898,64.24088,0.2033,2.304036458333333
5KPH_2_8_4_combined_id23,1.079866647720337,2.4303557872772217,92.48527777777778,0.75,2,8,94.12527777777778,0.8162831664085388,27.07898,64.24088,0.2309,1.82405259874132
5KPH_2_8_4_combined_id24,1.0203229188919067,2.4807283878326416,92.3052777777778,0.79,2,8,94.12527777777778,0.8162831664085388,27.07898,64.24088,0.2237,2.0712612999810114
5KPH_2_8_4_combined_id3,0.9382230639457703,1.975797414779663,90.53666666666666,0.74,2,8,94.12527777777778,0.8162831664085388,27.07898,64.24088,0.2272,1.7872272067599826
5KPH_2_8_4_combined_id4,0.9593554139137268,2.148740291595459,90.33777777777776,0.75,2,8,94.12527777777778,0.8162831664085388,27.07898,64.24088,0.2116,2.245875040690104
5KPH_2_8_4_combined_id5,0.7071394324302673,1.6869856119155884,86.91847222222222,0.68,2,8,94.12527777777778,0.8162831664085388,27.07898,64.24088,0.2335,1.739306131998698
5KPH_2_8_4_combined_id6,0.8618960976600647,1.505064606666565,91.36777777777776,0.75,2,8,94.12527777777778,0.8162831664085388,27.07898,64.24088,0.2255,1.7304600609673395
5KPH_2_8_4_combined_id7,0.7390723824501038,2.1114094257354736,91.45527777777778,0.75,2,8,94.12527777777778,0.8162831664085388,27.07898,64.24088,0.2428,2.042817857530382
5KPH_2_8_4_combined_id8,1.043925166130066,2.046058416366577,87.66708333333334,0.68,2,8,94.12527777777778,0.8162831664085388,27.07898,64.24088,0.2296,2.113650427924262
5KPH_2_8_4_combined_id9,0.8445465564727783,1.1418181657791138,89.25583333333333,0.7,2,8,94.12527777777778,0.8162831664085388,27.07898,64.24088,0.2233,1.6230670081244574
5KPH_2_8_5_combined_id1,0.8694072365760803,1.4638720750808716,89.53611111111111,0.72,2,8,95.6775,0.9968059659004213,26.90008,63.539955,0.2258,1.811180750528972
5KPH_2_8_5_combined_id10,0.924787700176239,2.1083343029022217,92.69055555555556,0.78,2,8,95.6775,0.9968059659004213,26.90008,63.539955,0.2369,1.7033231523301866
5KPH_2_8_5_combined_id11,1.6063127517700195,0.9515275955200195,92.47763888888888,0.76,2,8,95.6775,0.9968059659004213,26.90008,63.539955,0.2648,1.4669166141086154
5KPH_2_8_5_combined_id13,1.1644402742385864,1.1797981262207031,89.52652777777777,0.73,2,8,95.6775,0.9968059659004213,26.90008,63.539955,0.2826,1.3594693077935114
5KPH_2_8_5_combined_id14,0.9546527862548828,2.5689499378204346,91.12361111111112,0.75,2,8,95.6775,0.9968059659004213,26.90008,63.539955,0.2249,2.028697543674045
5KPH_2_8_5_combined_id15,0.8338025212287903,2.144476890563965,95.8751388888889,0.82,2,8,95.6775,0.9968059659004213,26.90008,63.539955,0.224,1.79025141398112
5KPH_2_8_5_combined_id16,0.9772082567214966,1.36262845993042,91.26958333333332,0.75,2,8,95.6775,0.9968059659004213,26.90008,63.539955,0.2242,1.7002067565917969
5KPH_2_8_5_combined_id17,0.6711288094520569,1.888668417930603,94.49694444444442,0.8,2,8,95.6775,0.9968059659004213,26.90008,63.539955,0.2545,1.7392929924858942
5KPH_2_8_5_combined_id18,0.7260737419128418,1.792879581451416,93.80958333333334,0.79,2,8,95.6775,0.9968059659004213,26.90008,63.539955,0.2176,1.781415303548177
5KPH_2_8_5_combined_id19,1.1424750089645386,1.0957672595977783,92.1186111111111,0.74,2,8,95.6775,0.9968059659004213,26.90008,63.539955,0.2553,1.546012454562717
5KPH_2_8_5_combined_id20,1.0895171165466309,1.164046049118042,95.12722222222222,0.79,2,8,95.6775,0.9968059659004213,26.90008,63.539955,0.2402,1.7232210371229384
5KPH_2_8_5_combined_id21,0.9378259181976318,1.1993390321731567,88.19055555555555,0.72,2,8,95.6775,0.9968059659004213,26.90008,63.539955,0.2235,1.6101232104831271
5KPH_2_8_5_combined_id22,0.6925371289253235,1.355743646621704,86.82902777777778,0.67,2,8,95.6775,0.9968059659004213,26.90008,63.539955,0.2389,1.87283812628852
5KPH_2_8_5_combined_id23,0.7634190917015076,2.188335418701172,92.13069444444446,0.77,2,8,95.6775,0.9968059659004213,26.90008,63.539955,0.2118,1.8885142008463545
5KPH_2_8_5_combined_id24,0.6943017244338989,2.2491118907928467,88.96166666666666,0.67,2,8,95.6775,0.9968059659004213,26.90008,63.539955,0.2266,2.060945087009006
5KPH_2_8_5_combined_id3,1.000195860862732,2.1897239685058594,96.19166666666666,0.82,2,8,95.6775,0.9968059659004213,26.90008,63.539955,0.2619,1.46962398952908
5KPH_2_8_5_combined_id4,0.7399920225143433,1.4090609550476074,94.37166666666668,0.79,2,8,95.6775,0.9968059659004213,26.90008,63.539955,0.2325,1.686441633436415
5KPH_2_8_5_combined_id5,1.045369029045105,1.122444987297058,90.48944444444444,0.73,2,8,95.6775,0.9968059659004213,26.90008,63.539955,0.2295,1.735002517700195
5KPH_2_8_5_combined_id6,0.826259434223175,2.509638547897339,91.88527777777776,0.75,2,8,95.6775,0.9968059659004213,26.90008,63.539955,0.2323,2.1020329793294272
5KPH_2_8_5_combined_id7,1.2176202535629272,1.2684111595153809,88.93625,0.67,2,8,95.6775,0.9968059659004213,26.90008,63.539955,0.2192,1.9128379821777344
5KPH_2_8_5_combined_id8,0.9995852708816528,1.7331324815750122,88.94291666666666,0.68,2,8,95.6775,0.9968059659004213,26.90008,63.539955,0.2178,2.405220455593533
5KPH_2_8_5_combined_id9,1.048000454902649,1.3533324003219604,90.00263888888888,0.71,2,8,95.6775,0.9968059659004213,26.90008,63.539955,0.2313,2.0000877380371094
5KPH_2_8_6_combined_id1,0.7428033947944641,2.6380417346954346,91.17680555555556,0.74,2,8,94.95069444444444,0.7962059378623962,27.83344,64.59608,0.2276,2.0715306599934897
5KPH_2_8_6_combined_id10,0.5403215289115906,2.380744218826294,93.20486111111111,0.79,2,8,94.95069444444444,0.7962059378623962,27.83344,64.59608,0.2084,2.4953180948893228
5KPH_2_8_6_combined_id11,0.49316203594207764,2.270932674407959,90.72069444444443,0.74,2,8,94.95069444444444,0.7962059378623962,27.83344,64.59608,0.2269,2.57627444797092
5KPH_2_8_6_combined_id12,1.0023232698440552,2.7154130935668945,91.80125,0.75,2,8,94.95069444444444,0.7962059378623962,27.83344,64.59608,0.224,1.9977965884738496
5KPH_2_8_6_combined_id13,0.813707709312439,2.39465594291687,94.58222222222224,0.8,2,8,94.95069444444444,0.7962059378623962,27.83344,64.59608,0.2436,1.7634811401367188
5KPH_2_8_6_combined_id14,0.6818439364433289,2.577634572982788,94.1440277777778,0.8,2,8,94.95069444444444,0.7962059378623962,27.83344,64.59608,0.2396,1.877823723687066
5KPH_2_8_6_combined_id15,0.7575309872627258,1.7855030298233032,93.02513888888888,0.79,2,8,94.95069444444444,0.7962059378623962,27.83344,64.59608,0.2368,2.045660654703776
5KPH_2_8_6_combined_id16,0.632822573184967,2.2617273330688477,92.76972222222224,0.79,2,8,94.95069444444444,0.7962059378623962,27.83344,64.59608,0.2298,1.839744144015842
5KPH_2_8_6_combined_id17,0.8093557357788086,1.6571881771087646,89.68416666666667,0.72,2,8,94.95069444444444,0.7962059378623962,27.83344,64.59608,0.2205,2.036200417412652
5KPH_2_8_6_combined_id18,0.9426220059394836,1.9046810865402222,88.6926388888889,0.71,2,8,94.95069444444444,0.7962059378623962,27.83344,64.59608,0.2275,2.05528195699056
5KPH_2_8_6_combined_id19,0.8087879419326782,2.2824013233184814,93.86444444444446,0.8,2,8,94.95069444444444,0.7962059378623962,27.83344,64.59608,0.2414,1.888639662000868
5KPH_2_8_6_combined_id2,0.6331478953361511,2.287168264389038,94.63833333333334,0.81,2,8,94.95069444444444,0.7962059378623962,27.83344,64.59608,0.1996,2.160768296983507
5KPH_2_8_6_combined_id20,0.843679666519165,2.016007900238037,88.42847222222221,0.71,2,8,94.95069444444444,0.7962059378623962,27.83344,64.59608,0.2104,1.9715234968397355
5KPH_2_8_6_combined_id21,0.6760003566741943,2.313610553741455,91.48277777777778,0.76,2,8,94.95069444444444,0.7962059378623962,27.83344,64.59608,0.2014,1.99321534898546
5KPH_2_8_6_combined_id22,0.9353014826774597,2.0539722442626953,89.31777777777778,0.73,2,8,94.95069444444444,0.7962059378623962,27.83344,64.59608,0.215,1.9344107309977208
5KPH_2_8_6_combined_id23,0.6953228712081909,2.1499133110046387,92.37902777777778,0.78,2,8,94.95069444444444,0.7962059378623962,27.83344,64.59608,0.2209,1.8104684617784288
5KPH_2_8_6_combined_id24,0.8095636963844299,2.245551109313965,88.82194444444445,0.68,2,8,94.95069444444444,0.7962059378623962,27.83344,64.59608,0.2128,2.24032825893826
5KPH_2_8_6_combined_id3,0.8255575299263,2.2516932487487793,86.07041666666666,0.68,2,8,94.95069444444444,0.7962059378623962,27.83344,64.59608,0.2092,1.9334129757351344
5KPH_2_8_6_combined_id4,0.8750638365745544,1.722383975982666,89.34833333333333,0.72,2,8,94.95069444444444,0.7962059378623962,27.83344,64.59608,0.2367,2.0401734246148004
5KPH_2_8_6_combined_id5,0.9713160395622253,2.3461248874664307,88.09305555555557,0.7,2,8,94.95069444444444,0.7962059378623962,27.83344,64.59608,0.2112,1.8226983812120223
5KPH_2_8_6_combined_id7,0.6099790930747986,1.6070983409881592,91.22833333333334,0.74,2,8,94.95069444444444,0.7962059378623962,27.83344,64.59608,0.2267,2.2061712476942272
5KPH_2_8_6_combined_id8,0.804174542427063,2.455504894256592,91.81541666666664,0.77,2,8,94.95069444444444,0.7962059378623962,27.83344,64.59608,0.2161,1.8713836669921875
5KPH_2_8_6_combined_id9,0.6716720461845398,2.460944652557373,92.71958333333332,0.79,2,8,94.95069444444444,0.7962059378623962,27.83344,64.59608,0.2258,1.949242485894097
5KPH_2_8_7_combined_id1,0.8675339221954346,1.6178290843963623,91.19,0.73,2,8,90.74402777777776,0.8075093030929565,28.068794,63.397446,0.2342,1.9487970140245223
5KPH_2_8_7_combined_id10,0.9317927360534668,1.2315348386764526,91.85986111111112,0.75,2,8,90.74402777777776,0.8075093030929565,28.068794,63.397446,0.2325,1.8398785061306424
5KPH_2_8_7_combined_id11,0.9496869444847107,2.3054895401000977,90.06027777777777,0.75,2,8,90.74402777777776,0.8075093030929565,28.068794,63.397446,0.2479,1.551496399773492
5KPH_2_8_7_combined_id12,0.6137358546257019,2.099008083343506,92.25888888888888,0.76,2,8,90.74402777777776,0.8075093030929565,28.068794,63.397446,0.2388,1.797090318467882
5KPH_2_8_7_combined_id13,1.520071029663086,1.1878918409347534,92.25361111111113,0.76,2,8,90.74402777777776,0.8075093030929565,28.068794,63.397446,0.2386,1.8525286780463324
5KPH_2_8_7_combined_id14,1.0920480489730835,1.5938026905059814,83.2936111111111,0.65,2,8,90.74402777777776,0.8075093030929565,28.068794,63.397446,0.2131,2.3169778188069663
5KPH_2_8_7_combined_id15,0.8378855586051941,1.2869954109191895,87.16624999999999,0.69,2,8,90.74402777777776,0.8075093030929565,28.068794,63.397446,0.2322,1.636366950141059
5KPH_2_8_7_combined_id16,1.057716965675354,1.4663161039352417,91.33305555555556,0.75,2,8,90.74402777777776,0.8075093030929565,28.068794,63.397446,0.2173,1.8472376929389105
5KPH_2_8_7_combined_id17,0.8664512634277344,2.2616188526153564,87.11208333333333,0.66,2,8,90.74402777777776,0.8075093030929565,28.068794,63.397446,0.2105,2.032617357042101
5KPH_2_8_7_combined_id18,0.9291602373123169,1.4749329090118408,87.5861111111111,0.71,2,8,90.74402777777776,0.8075093030929565,28.068794,63.397446,0.2169,2.0773870680067272
5KPH_2_8_7_combined_id19,0.7674773335456848,2.221803665161133,89.17638888888888,0.72,2,8,90.74402777777776,0.8075093030929565,28.068794,63.397446,0.218,1.8803028530544703
5KPH_2_8_7_combined_id2,2.0283138751983643,0.857918918132782,94.34958333333331,0.8,2,8,90.74402777777776,0.8075093030929565,28.068794,63.397446,0.2343,1.7067882749769423
5KPH_2_8_7_combined_id20,0.6149033904075623,1.9315242767333984,91.77583333333332,0.77,2,8,90.74402777777776,0.8075093030929565,28.068794,63.397446,0.2466,1.6999407874213324
5KPH_2_8_7_combined_id21,1.160683274269104,2.6609203815460205,91.31055555555554,0.75,2,8,90.74402777777776,0.8075093030929565,28.068794,63.397446,0.2155,2.312173207600912
5KPH_2_8_7_combined_id22,0.8877551555633545,1.3284437656402588,85.82402777777777,0.66,2,8,90.74402777777776,0.8075093030929565,28.068794,63.397446,0.2187,2.272811041937934
5KPH_2_8_7_combined_id23,0.9625051617622375,2.2301127910614014,89.97875,0.72,2,8,90.74402777777776,0.8075093030929565,28.068794,63.397446,0.2284,1.804663552178277
5KPH_2_8_7_combined_id24,1.149818778038025,2.844867467880249,88.11152777777778,0.69,2,8,90.74402777777776,0.8075093030929565,28.068794,63.397446,0.2154,1.7534217834472656
5KPH_2_8_7_combined_id3,0.6769761443138123,2.1979455947875977,85.88055555555555,0.63,2,8,90.74402777777776,0.8075093030929565,28.068794,63.397446,0.2056,1.88844723171658
5KPH_2_8_7_combined_id4,0.8391575813293457,2.1790754795074463,92.90152777777776,0.79,2,8,90.74402777777776,0.8075093030929565,28.068794,63.397446,0.2424,1.8321584065755208
5KPH_2_8_7_combined_id5,0.8543359637260437,1.548379898071289,92.09722222222224,0.75,2,8,90.74402777777776,0.8075093030929565,28.068794,63.397446,0.2261,1.8326835632324217
5KPH_2_8_7_combined_id6,0.5752628445625305,1.9707105159759521,88.8775,0.72,2,8,90.74402777777776,0.8075093030929565,28.068794,63.397446,0.2151,2.1307784186469183
5KPH_2_8_7_combined_id7,0.6512313485145569,1.4417473077774048,88.46847222222223,0.7,2,8,90.74402777777776,0.8075093030929565,28.068794,63.397446,0.2032,1.9737798902723525
5KPH_2_8_7_combined_id8,0.6853545904159546,2.116269826889038,88.22930555555556,0.7,2,8,90.74402777777776,0.8075093030929565,28.068794,63.397446,0.2236,2.310257169935438
5KPH_2_8_7_combined_id9,0.7074764370918274,1.5754691362380981,91.0123611111111,0.77,2,8,90.74402777777776,0.8075093030929565,28.068794,63.397446,0.2481,1.666156980726454
5KPH_2_8_8_combined_id1,1.6534212827682495,1.4224436283111572,88.80749999999999,0.68,2,8,93.29569444444444,0.8646116852760315,27.195671,62.87919,0.2278,1.8410318162706163
5KPH_2_8_8_combined_id10,1.1634663343429565,1.317512035369873,87.43805555555554,0.66,2,8,93.29569444444444,0.8646116852760315,27.195671,62.87919,0.2122,1.8983467949761288
5KPH_2_8_8_combined_id11,0.582634449005127,1.9919146299362183,86.59430555555556,0.66,2,8,93.29569444444444,0.8646116852760315,27.195671,62.87919,0.2143,2.275365829467773
5KPH_2_8_8_combined_id12,1.6726046800613403,0.9866561889648438,93.09166666666668,0.74,2,8,93.29569444444444,0.8646116852760315,27.195671,62.87919,0.23,1.797936333550347
5KPH_2_8_8_combined_id13,2.1486310958862305,1.3169745206832886,94.81333333333332,0.78,2,8,93.29569444444444,0.8646116852760315,27.195671,62.87919,0.2321,1.8821404774983723
5KPH_2_8_8_combined_id14,1.5156623125076294,1.2017401456832886,92.76652777777775,0.76,2,8,93.29569444444444,0.8646116852760315,27.195671,62.87919,0.2137,1.7955854203965929
5KPH_2_8_8_combined_id15,2.023693799972534,1.205938458442688,93.43513888888889,0.79,2,8,93.29569444444444,0.8646116852760315,27.195671,62.87919,0.2311,1.6275755564371746
5KPH_2_8_8_combined_id16,2.0707013607025146,1.2998104095458984,93.86611111111112,0.79,2,8,93.29569444444444,0.8646116852760315,27.195671,62.87919,0.2402,1.676362567477756
5KPH_2_8_8_combined_id17,1.0750113725662231,1.5400080680847168,88.86138888888888,0.7,2,8,93.29569444444444,0.8646116852760315,27.195671,62.87919,0.2466,1.7227529949612088
5KPH_2_8_8_combined_id18,1.1362107992172241,1.0885815620422363,90.6361111111111,0.73,2,8,93.29569444444444,0.8646116852760315,27.195671,62.87919,0.2177,1.8164100646972656
5KPH_2_8_8_combined_id19,0.8660945892333984,1.5370901823043823,86.79055555555556,0.66,2,8,93.29569444444444,0.8646116852760315,27.195671,62.87919,0.2174,1.941078186035156
5KPH_2_8_8_combined_id2,1.3747565746307373,1.3796801567077637,91.6875,0.74,2,8,93.29569444444444,0.8646116852760315,27.195671,62.87919,0.232,1.667278289794922
5KPH_2_8_8_combined_id20,1.8991843461990356,1.191200613975525,89.56638888888888,0.69,2,8,93.29569444444444,0.8646116852760315,27.195671,62.87919,0.225,1.95369635687934
5KPH_2_8_8_combined_id21,1.2636096477508545,1.1584385633468628,87.74722222222222,0.66,2,8,93.29569444444444,0.8646116852760315,27.195671,62.87919,0.2204,2.309107886420356
5KPH_2_8_8_combined_id22,1.8552206754684448,1.3502771854400635,93.32263888888887,0.77,2,8,93.29569444444444,0.8646116852760315,27.195671,62.87919,0.2263,1.7905587090386286
5KPH_2_8_8_combined_id23,1.3804163932800293,1.2897905111312866,87.87597222222222,0.69,2,8,93.29569444444444,0.8646116852760315,27.195671,62.87919,0.2356,1.7569551467895508
5KPH_2_8_8_combined_id24,0.7322120070457458,1.3043098449707031,88.25111111111111,0.69,2,8,93.29569444444444,0.8646116852760315,27.195671,62.87919,0.2326,1.8899067772759333
5KPH_2_8_8_combined_id3,0.7178232669830322,2.3042550086975098,89.25402777777776,0.7,2,8,93.29569444444444,0.8646116852760315,27.195671,62.87919,0.2382,1.9272454579671223
5KPH_2_8_8_combined_id4,1.266972541809082,1.3040143251419067,89.82263888888889,0.74,2,8,93.29569444444444,0.8646116852760315,27.195671,62.87919,0.2383,1.7288726170857749
5KPH_2_8_8_combined_id5,1.1608468294143677,1.2415679693222046,91.31277777777778,0.73,2,8,93.29569444444444,0.8646116852760315,27.195671,62.87919,0.2206,1.727037853664822
5KPH_2_8_8_combined_id6,1.2859187126159668,1.0800228118896484,88.49875,0.69,2,8,93.29569444444444,0.8646116852760315,27.195671,62.87919,0.2167,1.7765216827392578
5KPH_2_8_8_combined_id7,1.7956860065460205,1.1056764125823975,92.66194444444444,0.76,2,8,93.29569444444444,0.8646116852760315,27.195671,62.87919,0.2302,1.741638395521376
5KPH_2_8_8_combined_id8,0.9343026280403137,1.3985780477523804,89.30611111111111,0.69,2,8,93.29569444444444,0.8646116852760315,27.195671,62.87919,0.2241,2.1750899420844183
5KPH_2_8_8_combined_id9,1.7717905044555664,1.3639333248138428,91.13819444444444,0.72,2,8,93.29569444444444,0.8646116852760315,27.195671,62.87919,0.2271,1.928490532769097
5KPH_2_8_9_combined_id1,0.7913546562194824,1.2357171773910522,86.19513888888888,0.66,2,8,92.31458333333332,0.6542555093765259,27.304863,64.34377,0.2143,2.043015374077691
5KPH_2_8_9_combined_id10,1.2250421047210693,1.1455010175704956,84.76069444444445,0.64,2,8,92.31458333333332,0.6542555093765259,27.304863,64.34377,0.2148,2.018710666232639
5KPH_2_8_9_combined_id11,0.728093147277832,1.8725148439407349,91.38388888888888,0.74,2,8,92.31458333333332,0.6542555093765259,27.304863,64.34377,0.2194,1.9902958340115016
5KPH_2_8_9_combined_id12,2.349649667739868,1.2002302408218384,86.78305555555556,0.67,2,8,92.31458333333332,0.6542555093765259,27.304863,64.34377,0.2412,1.58940675523546
5KPH_2_8_9_combined_id13,1.372437834739685,1.508162498474121,85.85875,0.63,2,8,92.31458333333332,0.6542555093765259,27.304863,64.34377,0.2127,1.9510648515489368
5KPH_2_8_9_combined_id14,0.6655084490776062,2.103044033050537,92.23791666666664,0.77,2,8,92.31458333333332,0.6542555093765259,27.304863,64.34377,0.2182,2.4130079481336804
5KPH_2_8_9_combined_id15,0.8280709385871887,1.9049252271652222,92.46083333333334,0.78,2,8,92.31458333333332,0.6542555093765259,27.304863,64.34377,0.2421,1.84797117445204
5KPH_2_8_9_combined_id16,0.723725438117981,1.9075994491577148,93.28791666666666,0.79,2,8,92.31458333333332,0.6542555093765259,27.304863,64.34377,0.2526,1.917886734008789
5KPH_2_8_9_combined_id17,0.6919726133346558,1.3746894598007202,86.56930555555556,0.69,2,8,92.31458333333332,0.6542555093765259,27.304863,64.34377,0.2595,2.01507928636339
5KPH_2_8_9_combined_id18,1.0112149715423584,1.0584264993667603,85.65388888888889,0.65,2,8,92.31458333333332,0.6542555093765259,27.304863,64.34377,0.2192,1.8249064551459413
5KPH_2_8_9_combined_id19,0.7542586326599121,1.91874361038208,85.97583333333334,0.68,2,8,92.31458333333332,0.6542555093765259,27.304863,64.34377,0.215,2.097916709052192
5KPH_2_8_9_combined_id2,0.7056393623352051,2.0860908031463623,92.04027777777776,0.78,2,8,92.31458333333332,0.6542555093765259,27.304863,64.34377,0.2069,2.173981560601129
5KPH_2_8_9_combined_id20,0.897914707660675,0.8277788758277893,89.77902777777778,0.74,2,8,92.31458333333332,0.6542555093765259,27.304863,64.34377,0.2406,1.648297627766927
5KPH_2_8_9_combined_id21,1.15253484249115,1.4585700035095215,91.2023611111111,0.75,2,8,92.31458333333332,0.6542555093765259,27.304863,64.34377,0.2267,1.8958490159776475
5KPH_2_8_9_combined_id22,0.6845106482505798,1.7517504692077637,91.71583333333334,0.75,2,8,92.31458333333332,0.6542555093765259,27.304863,64.34377,0.2323,1.653230243259006
5KPH_2_8_9_combined_id23,0.7745182514190674,1.6406656503677368,89.71013888888889,0.74,2,8,92.31458333333332,0.6542555093765259,27.304863,64.34377,0.2289,1.794483608669705
5KPH_2_8_9_combined_id24,0.7032456398010254,1.7314568758010864,92.16277777777776,0.75,2,8,92.31458333333332,0.6542555093765259,27.304863,64.34377,0.1981,1.9542821248372395
5KPH_2_8_9_combined_id3,0.9973270893096924,0.9839860200881958,89.99777777777778,0.74,2,8,92.31458333333332,0.6542555093765259,27.304863,64.34377,0.2408,1.761749903361003
5KPH_2_8_9_combined_id4,1.4263615608215332,1.2382478713989258,86.55555555555556,0.66,2,8,92.31458333333332,0.6542555093765259,27.304863,64.34377,0.2412,2.149499893188477
5KPH_2_8_9_combined_id5,0.80100017786026,1.2268925905227661,90.23097222222223,0.75,2,8,92.31458333333332,0.6542555093765259,27.304863,64.34377,0.2201,1.7835063934326172
5KPH_2_8_9_combined_id6,1.635257363319397,0.9633661508560181,89.91194444444446,0.73,2,8,92.31458333333332,0.6542555093765259,27.304863,64.34377,0.2423,2.15585199991862
5KPH_2_8_9_combined_id7,0.7365076541900635,1.129275918006897,91.39972222222222,0.75,2,8,92.31458333333332,0.6542555093765259,27.304863,64.34377,0.2477,2.1295369466145835
5KPH_2_8_9_combined_id8,0.6751202344894409,1.8013960123062134,90.9775,0.74,2,8,92.31458333333332,0.6542555093765259,27.304863,64.34377,0.2365,2.012178632948133
5KPH_2_8_9_combined_id9,0.5898149013519287,1.6093709468841553,91.77138888888888,0.77,2,8,92.31458333333332,0.6542555093765259,27.304863,64.34377,0.2198,2.038091871473524
5KPH_4_2_0_combined_id1,0.6473261713981628,1.9940617084503174,94.35222222222222,0.8,4,2,90.99,0.8742189407348633,32.367107,68.86401,0.2618,2.11061520046658
5KPH_4_2_0_combined_id10,0.5367224812507629,3.224226236343384,94.20402777777778,0.81,4,2,90.99,0.8742189407348633,32.367107,68.86401,0.2545,2.16558837890625
5KPH_4_2_0_combined_id11,0.9080142974853516,3.182644844055176,89.73888888888888,0.73,4,2,90.99,0.8742189407348633,32.367107,68.86401,0.2381,2.132227155897352
5KPH_4_2_0_combined_id12,1.22128164768219,2.2139878273010254,92.31027777777776,0.77,4,2,90.99,0.8742189407348633,32.367107,68.86401,0.2539,1.9708938598632808
5KPH_4_2_0_combined_id13,0.587638258934021,3.930542230606079,96.15041666666669,0.83,4,2,90.99,0.8742189407348633,32.367107,68.86401,0.2602,2.308372285630968
5KPH_4_2_0_combined_id14,1.0494763851165771,2.9343836307525635,92.01333333333334,0.76,4,2,90.99,0.8742189407348633,32.367107,68.86401,0.2493,2.046867158677843
5KPH_4_2_0_combined_id15,1.9481652975082397,1.666134238243103,89.91694444444444,0.73,4,2,90.99,0.8742189407348633,32.367107,68.86401,0.2395,1.9837767283121743
5KPH_4_2_0_combined_id16,1.141735553741455,1.7063838243484497,91.33944444444444,0.74,4,2,90.99,0.8742189407348633,32.367107,68.86401,0.2576,1.9132942623562283
5KPH_4_2_0_combined_id17,0.6030966639518738,3.9494965076446533,95.82916666666668,0.83,4,2,90.99,0.8742189407348633,32.367107,68.86401,0.25,2.1437780592176647
5KPH_4_2_0_combined_id18,0.5019620060920715,3.926048994064331,95.17333333333332,0.82,4,2,90.99,0.8742189407348633,32.367107,68.86401,0.2352,2.198186238606771
5KPH_4_2_0_combined_id19,1.6049138307571411,1.6357518434524536,89.3123611111111,0.72,4,2,90.99,0.8742189407348633,32.367107,68.86401,0.2595,1.9289995829264324
5KPH_4_2_0_combined_id2,0.7500224709510803,2.4238154888153076,90.6588888888889,0.75,4,2,90.99,0.8742189407348633,32.367107,68.86401,0.2397,2.032525380452474
5KPH_4_2_0_combined_id20,0.9330377578735352,2.7110791206359863,89.78930555555556,0.74,4,2,90.99,0.8742189407348633,32.367107,68.86401,0.2409,2.1208203633626304
5KPH_4_2_0_combined_id21,0.6847261786460876,3.865964651107788,94.69819444444444,0.81,4,2,90.99,0.8742189407348633,32.367107,68.86401,0.2255,2.052790747748481
5KPH_4_2_0_combined_id22,1.152490258216858,2.1734516620635986,89.98083333333332,0.73,4,2,90.99,0.8742189407348633,32.367107,68.86401,0.2424,1.9344181484646268
5KPH_4_2_0_combined_id23,0.4367768466472626,4.05446195602417,94.46152777777776,0.79,4,2,90.99,0.8742189407348633,32.367107,68.86401,0.2237,2.3461261325412326
5KPH_4_2_0_combined_id24,1.3850570917129517,1.8793002367019653,86.10930555555557,0.69,4,2,90.99,0.8742189407348633,32.367107,68.86401,0.2469,2.18524530198839
5KPH_4_2_0_combined_id3,1.0296454429626465,3.2460789680480957,90.4765277777778,0.75,4,2,90.99,0.8742189407348633,32.367107,68.86401,0.2543,2.275032255384657
5KPH_4_2_0_combined_id4,0.5468059778213501,3.8118982315063477,95.4688888888889,0.82,4,2,90.99,0.8742189407348633,32.367107,68.86401,0.2341,2.184636221991645
5KPH_4_2_0_combined_id5,0.5264732837677002,3.967486619949341,95.26333333333334,0.81,4,2,90.99,0.8742189407348633,32.367107,68.86401,0.2455,2.297545115152994
5KPH_4_2_0_combined_id6,0.47294846177101135,2.80800461769104,96.2059722222222,0.82,4,2,90.99,0.8742189407348633,32.367107,68.86401,0.2366,2.3397314283582897
5KPH_4_2_0_combined_id7,1.5830779075622559,1.6021419763565063,89.4775,0.7,4,2,90.99,0.8742189407348633,32.367107,68.86401,0.2534,1.7699466281467011
5KPH_4_2_0_combined_id8,0.4489062428474426,4.082837104797363,96.5865277777778,0.83,4,2,90.99,0.8742189407348633,32.367107,68.86401,0.2411,2.2675232357449
5KPH_4_2_0_combined_id9,2.0555667877197266,1.3692076206207275,93.37069444444444,0.77,4,2,90.99,0.8742189407348633,32.367107,68.86401,0.2088,2.2443040211995444
5KPH_4_2_1_combined_id1,0.8886595964431763,3.7928948402404785,94.2501388888889,0.79,4,2,94.89708333333334,0.617419958114624,33.510128,69.949936,0.2365,1.801706314086914
5KPH_4_2_1_combined_id10,0.8353027105331421,2.8660879135131836,93.09027777777776,0.78,4,2,94.89708333333334,0.617419958114624,33.510128,69.949936,0.2363,2.0615005493164062
5KPH_4_2_1_combined_id11,0.8650459051132202,4.031293869018555,89.16888888888889,0.72,4,2,94.89708333333334,0.617419958114624,33.510128,69.949936,0.2157,2.195217768351237
5KPH_4_2_1_combined_id12,0.7534154653549194,3.728938341140747,91.59916666666668,0.75,4,2,94.89708333333334,0.617419958114624,33.510128,69.949936,0.2349,1.5757503509521484
5KPH_4_2_1_combined_id13,0.9691563248634338,3.202214241027832,91.29472222222222,0.76,4,2,94.89708333333334,0.617419958114624,33.510128,69.949936,0.2458,2.0562029944525824
5KPH_4_2_1_combined_id14,2.977565050125122,1.0813740491867065,90.8775,0.74,4,2,94.89708333333334,0.617419958114624,33.510128,69.949936,0.2572,1.6627926296657989
5KPH_4_2_1_combined_id15,1.7457444667816162,3.060290575027466,91.55611111111112,0.77,4,2,94.89708333333334,0.617419958114624,33.510128,69.949936,0.2371,1.8463893466525607
5KPH_4_2_1_combined_id16,0.6608953475952148,3.6680734157562256,93.42986111111112,0.79,4,2,94.89708333333334,0.617419958114624,33.510128,69.949936,0.2246,1.8554403516981337
5KPH_4_2_1_combined_id17,0.727957010269165,4.007213592529297,93.36152777777778,0.78,4,2,94.89708333333334,0.617419958114624,33.510128,69.949936,0.248,1.7548595004611545
5KPH_4_2_1_combined_id18,0.759818434715271,1.522441029548645,91.85097222222224,0.71,4,2,94.89708333333334,0.617419958114624,33.510128,69.949936,0.2352,2.0021974775526257
5KPH_4_2_1_combined_id19,0.7334727644920349,3.2917983531951904,90.87722222222222,0.76,4,2,94.89708333333334,0.617419958114624,33.510128,69.949936,0.2216,2.0389777289496527
5KPH_4_2_1_combined_id2,0.7321299314498901,3.6163196563720703,93.78041666666668,0.8,4,2,94.89708333333334,0.617419958114624,33.510128,69.949936,0.25,1.785322189331055
5KPH_4_2_1_combined_id20,0.5790097117424011,1.1194462776184082,90.84180555555557,0.72,4,2,94.89708333333334,0.617419958114624,33.510128,69.949936,0.2368,1.9266755845811632
5KPH_4_2_1_combined_id21,1.337141752243042,2.5668530464172363,89.55208333333333,0.73,4,2,94.89708333333334,0.617419958114624,33.510128,69.949936,0.2442,1.6206260257297092
5KPH_4_2_1_combined_id22,0.7866721153259277,3.713742733001709,93.19680555555556,0.78,4,2,94.89708333333334,0.617419958114624,33.510128,69.949936,0.2406,1.855131149291992
5KPH_4_2_1_combined_id23,0.5967536568641663,3.5732028484344482,93.09277777777778,0.78,4,2,94.89708333333334,0.617419958114624,33.510128,69.949936,0.2428,1.9216857486301
5KPH_4_2_1_combined_id24,1.2087112665176392,2.906792163848877,88.95902777777778,0.74,4,2,94.89708333333334,0.617419958114624,33.510128,69.949936,0.2445,1.885897742377387
5KPH_4_2_1_combined_id3,1.2528815269470215,2.2444393634796143,89.17555555555556,0.73,4,2,94.89708333333334,0.617419958114624,33.510128,69.949936,0.2387,1.6385009553697374
5KPH_4_2_1_combined_id4,0.7641066312789917,3.3733537197113037,94.25430555555556,0.79,4,2,94.89708333333334,0.617419958114624,33.510128,69.949936,0.2276,1.8707360161675348
5KPH_4_2_1_combined_id5,0.7117405533790588,3.437796115875244,91.84444444444443,0.75,4,2,94.89708333333334,0.617419958114624,33.510128,69.949936,0.246,1.6464468638102214
5KPH_4_2_1_combined_id6,0.7879690527915955,2.9773974418640137,91.19541666666667,0.71,4,2,94.89708333333334,0.617419958114624,33.510128,69.949936,0.2309,2.056572596232096
5KPH_4_2_1_combined_id7,0.8019951581954956,3.2924444675445557,91.72263888888888,0.76,4,2,94.89708333333334,0.617419958114624,33.510128,69.949936,0.2493,1.7428330315483942
5KPH_4_2_1_combined_id8,0.8234773278236389,3.557523488998413,93.58388888888892,0.81,4,2,94.89708333333334,0.617419958114624,33.510128,69.949936,0.219,2.181333753797743
5KPH_4_2_1_combined_id9,1.201393961906433,2.517484664916992,88.60319444444445,0.71,4,2,94.89708333333334,0.617419958114624,33.510128,69.949936,0.2496,1.6682186126708984
5KPH_4_2_2_combined_id1,1.2059519290924072,1.907275915145874,87.37652777777777,0.69,4,2,92.33569444444444,1.084567666053772,33.543896,69.396416,0.239,1.6291992399427626
5KPH_4_2_2_combined_id10,1.4114035367965698,2.901732921600342,89.36791666666666,0.7,4,2,92.33569444444444,1.084567666053772,33.543896,69.396416,0.2382,1.7290913263956706
5KPH_4_2_2_combined_id11,1.6848195791244507,3.2819724082946777,88.65680555555556,0.72,4,2,92.33569444444444,1.084567666053772,33.543896,69.396416,0.2203,2.024411095513238
5KPH_4_2_2_combined_id12,1.7741062641143799,2.830596923828125,94.44041666666666,0.79,4,2,92.33569444444444,1.084567666053772,33.543896,69.396416,0.2498,1.71425289577908
5KPH_4_2_2_combined_id13,1.1703884601593018,1.8780438899993896,86.00652777777776,0.66,4,2,92.33569444444444,1.084567666053772,33.543896,69.396416,0.2171,1.872553295559353
5KPH_4_2_2_combined_id17,2.070791721343994,1.6717742681503296,86.17027777777778,0.67,4,2,92.33569444444444,1.084567666053772,33.543896,69.396416,0.224,1.5721023347642686
5KPH_4_2_2_combined_id18,1.269183874130249,3.0621230602264404,89.74944444444444,0.74,4,2,92.33569444444444,1.084567666053772,33.543896,69.396416,0.2588,2.0023335350884333
5KPH_4_2_2_combined_id19,2.3921258449554443,3.7222061157226562,89.63736111111112,0.74,4,2,92.33569444444444,1.084567666053772,33.543896,69.396416,0.2499,1.7622250450981989
5KPH_4_2_2_combined_id2,0.8060771822929382,3.5393331050872803,91.76736111111111,0.76,4,2,92.33569444444444,1.084567666053772,33.543896,69.396416,0.2205,2.101252661810981
5KPH_4_2_2_combined_id20,1.6820844411849976,2.3338570594787598,87.79805555555555,0.71,4,2,92.33569444444444,1.084567666053772,33.543896,69.396416,0.227,1.7875353495279949
5KPH_4_2_2_combined_id21,0.959870457649231,2.5326342582702637,89.445,0.73,4,2,92.33569444444444,1.084567666053772,33.543896,69.396416,0.2373,2.0062764485677085
5KPH_4_2_2_combined_id23,1.3825757503509521,2.498030424118042,85.1126388888889,0.64,4,2,92.33569444444444,1.084567666053772,33.543896,69.396416,0.2265,1.5047501458062067
5KPH_4_2_2_combined_id24,1.297319769859314,3.344825029373169,90.88583333333334,0.75,4,2,92.33569444444444,1.084567666053772,33.543896,69.396416,0.2369,1.8588074578179248
5KPH_4_2_2_combined_id3,1.1724517345428467,3.0596814155578613,89.35499999999999,0.72,4,2,92.33569444444444,1.084567666053772,33.543896,69.396416,0.2565,1.7793625725640192
5KPH_4_2_2_combined_id4,2.5688090324401855,3.787677049636841,92.5676388888889,0.75,4,2,92.33569444444444,1.084567666053772,33.543896,69.396416,0.2579,1.757781982421875
5KPH_4_2_2_combined_id5,2.5730831623077393,2.0503509044647217,87.91680555555556,0.71,4,2,92.33569444444444,1.084567666053772,33.543896,69.396416,0.2259,1.833795971340604
5KPH_4_2_2_combined_id7,1.5725188255310059,2.3737633228302,90.12472222222222,0.75,4,2,92.33569444444444,1.084567666053772,33.543896,69.396416,0.2273,1.807792239718967
5KPH_4_2_2_combined_id9,1.1448193788528442,2.9936749935150146,89.26958333333333,0.73,4,2,92.33569444444444,1.084567666053772,33.543896,69.396416,0.2471,2.239800771077474
5KPH_4_2_3_combined_id1,0.9291957020759583,1.4129970073699951,93.93555555555557,0.8,4,2,93.29777777777778,0.6005767583847046,32.51139,65.88111,0.2311,2.1632902357313366
5KPH_4_2_3_combined_id10,1.0809115171432495,2.5616979598999023,90.68097222222222,0.74,4,2,93.29777777777778,0.6005767583847046,32.51139,65.88111,0.2408,1.8183585272894964
5KPH_4_2_3_combined_id11,2.6422455310821533,1.4257392883300781,93.63527777777776,0.77,4,2,93.29777777777778,0.6005767583847046,32.51139,65.88111,0.2248,1.9594684176974824
5KPH_4_2_3_combined_id12,1.5021681785583496,1.815771460533142,90.06777777777778,0.71,4,2,93.29777777777778,0.6005767583847046,32.51139,65.88111,0.24,1.7156426111857097
5KPH_4_2_3_combined_id13,1.0916754007339478,3.2913050651550293,94.19708333333334,0.8,4,2,93.29777777777778,0.6005767583847046,32.51139,65.88111,0.2417,1.8750826517740888
5KPH_4_2_3_combined_id14,1.7332956790924072,1.6330451965332031,88.83361111111111,0.71,4,2,93.29777777777778,0.6005767583847046,32.51139,65.88111,0.2305,2.055873658921984
5KPH_4_2_3_combined_id15,0.8494023084640503,1.8043841123580933,95.17222222222222,0.81,4,2,93.29777777777778,0.6005767583847046,32.51139,65.88111,0.2411,2.05696784125434
5KPH_4_2_3_combined_id16,2.4467642307281494,2.0561013221740723,90.38569444444444,0.75,4,2,93.29777777777778,0.6005767583847046,32.51139,65.88111,0.2199,2.0010753207736545
5KPH_4_2_3_combined_id17,0.7318975925445557,1.7732943296432495,94.52222222222224,0.81,4,2,93.29777777777778,0.6005767583847046,32.51139,65.88111,0.253,2.024280548095703
5KPH_4_2_3_combined_id18,0.79938805103302,1.6973375082015991,94.22833333333334,0.79,4,2,93.29777777777778,0.6005767583847046,32.51139,65.88111,0.2534,1.9648715125189888
5KPH_4_2_3_combined_id19,0.9665833711624146,1.7223904132843018,96.19486111111112,0.83,4,2,93.29777777777778,0.6005767583847046,32.51139,65.88111,0.2368,1.9337342580159504
5KPH_4_2_3_combined_id2,0.7933753132820129,1.68692147731781,89.69069444444445,0.7,4,2,93.29777777777778,0.6005767583847046,32.51139,65.88111,0.2318,2.0541343688964844
5KPH_4_2_3_combined_id20,1.8306639194488525,1.731560230255127,90.16541666666666,0.72,4,2,93.29777777777778,0.6005767583847046,32.51139,65.88111,0.229,1.9930475023057723
5KPH_4_2_3_combined_id21,2.1417806148529053,1.059329628944397,90.29375,0.72,4,2,93.29777777777778,0.6005767583847046,32.51139,65.88111,0.2095,2.046200222439236
5KPH_4_2_3_combined_id22,1.0893243551254272,3.3113250732421875,87.39597222222223,0.66,4,2,93.29777777777778,0.6005767583847046,32.51139,65.88111,0.2241,1.900265799628364
5KPH_4_2_3_combined_id23,0.8192606568336487,2.8462393283843994,87.76027777777777,0.71,4,2,93.29777777777778,0.6005767583847046,32.51139,65.88111,0.2096,2.028438991970486
5KPH_4_2_3_combined_id24,0.6638753414154053,0.9301380515098572,93.88069444444444,0.79,4,2,93.29777777777778,0.6005767583847046,32.51139,65.88111,0.217,1.6405476464165585
5KPH_4_2_3_combined_id3,2.965538501739502,1.2748197317123413,92.66666666666669,0.78,4,2,93.29777777777778,0.6005767583847046,32.51139,65.88111,0.2165,1.9962090386284723
5KPH_4_2_3_combined_id4,1.1861296892166138,1.5162391662597656,88.44944444444445,0.69,4,2,93.29777777777778,0.6005767583847046,32.51139,65.88111,0.2124,2.1094517178005643
5KPH_4_2_3_combined_id5,0.6299164891242981,3.9069626331329346,92.54805555555556,0.78,4,2,93.29777777777778,0.6005767583847046,32.51139,65.88111,0.2429,1.944842020670573
5KPH_4_2_3_combined_id6,0.9644383788108826,4.26532506942749,93.17305555555556,0.77,4,2,93.29777777777778,0.6005767583847046,32.51139,65.88111,0.2142,2.1434610154893665
5KPH_4_2_3_combined_id7,1.6734050512313843,1.797600269317627,92.11652777777778,0.75,4,2,93.29777777777778,0.6005767583847046,32.51139,65.88111,0.2349,2.0394083658854165
5KPH_4_2_3_combined_id8,0.650242269039154,1.600298285484314,95.17208333333332,0.8,4,2,93.29777777777778,0.6005767583847046,32.51139,65.88111,0.2428,1.7561620076497395
5KPH_4_2_3_combined_id9,0.7541980743408203,1.533621072769165,96.07069444444444,0.82,4,2,93.29777777777778,0.6005767583847046,32.51139,65.88111,0.2233,1.851724836561415
5KPH_4_2_4_combined_id1,0.8648130297660828,3.4608101844787598,91.98972222222224,0.74,4,2,90.85333333333332,1.2300667762756348,32.491886,67.42976,0.2359,1.9484905666775167
5KPH_4_2_4_combined_id10,0.844585120677948,2.9298453330993652,88.3001388888889,0.71,4,2,90.85333333333332,1.2300667762756348,32.491886,67.42976,0.2624,1.7381676567925348
5KPH_4_2_4_combined_id11,0.9625537395477295,3.872570514678955,91.27277777777778,0.75,4,2,90.85333333333332,1.2300667762756348,32.491886,67.42976,0.2151,1.674468994140625
5KPH_4_2_4_combined_id12,0.9131194353103638,3.181886672973633,90.56347222222222,0.74,4,2,90.85333333333332,1.2300667762756348,32.491886,67.42976,0.232,1.801456875271268
5KPH_4_2_4_combined_id13,1.2409008741378784,2.745668888092041,90.44291666666666,0.74,4,2,90.85333333333332,1.2300667762756348,32.491886,67.42976,0.2527,1.500780529446072
5KPH_4_2_4_combined_id14,0.6982680559158325,2.870234251022339,90.83944444444444,0.75,4,2,90.85333333333332,1.2300667762756348,32.491886,67.42976,0.2597,1.9064873589409723
5KPH_4_2_4_combined_id15,1.2789381742477417,2.507483959197998,93.5025,0.8,4,2,90.85333333333332,1.2300667762756348,32.491886,67.42976,0.2562,1.6785549587673612
5KPH_4_2_4_combined_id16,1.0910049676895142,3.7473087310791016,95.19902777777776,0.8,4,2,90.85333333333332,1.2300667762756348,32.491886,67.42976,0.231,1.857858445909288
5KPH_4_2_4_combined_id17,0.6102983355522156,3.971729040145874,95.88916666666668,0.81,4,2,90.85333333333332,1.2300667762756348,32.491886,67.42976,0.2354,1.9629135131835933
5KPH_4_2_4_combined_id18,0.8323207497596741,3.304182767868042,94.11486111111113,0.78,4,2,90.85333333333332,1.2300667762756348,32.491886,67.42976,0.2577,1.856625450981988
5KPH_4_2_4_combined_id19,2.3578171730041504,1.5027892589569092,92.27722222222222,0.76,4,2,90.85333333333332,1.2300667762756348,32.491886,67.42976,0.242,1.7554406060112848
5KPH_4_2_4_combined_id2,0.7386608719825745,3.3663365840911865,91.43791666666668,0.73,4,2,90.85333333333332,1.2300667762756348,32.491886,67.42976,0.2227,1.9972881740993924
5KPH_4_2_4_combined_id20,1.4839586019515991,2.790688991546631,92.8627777777778,0.78,4,2,90.85333333333332,1.2300667762756348,32.491886,67.42976,0.2677,1.6415290832519531
5KPH_4_2_4_combined_id21,1.4323406219482422,2.491140127182007,89.44861111111112,0.73,4,2,90.85333333333332,1.2300667762756348,32.491886,67.42976,0.2211,1.8268928527832031
5KPH_4_2_4_combined_id22,1.0694901943206787,2.539243221282959,89.69805555555556,0.74,4,2,90.85333333333332,1.2300667762756348,32.491886,67.42976,0.2719,1.696774164835612
5KPH_4_2_4_combined_id24,0.8398451805114746,2.732621669769287,88.13208333333334,0.67,4,2,90.85333333333332,1.2300667762756348,32.491886,67.42976,0.2475,1.8890372382269964
5KPH_4_2_4_combined_id3,0.9525772929191589,3.807051658630371,95.48222222222222,0.81,4,2,90.85333333333332,1.2300667762756348,32.491886,67.42976,0.2499,1.7174031999376085
5KPH_4_2_4_combined_id4,0.6137688159942627,3.146768808364868,92.67597222222224,0.77,4,2,90.85333333333332,1.2300667762756348,32.491886,67.42976,0.2244,2.234949747721354
5KPH_4_2_4_combined_id6,1.3552039861679077,2.7548205852508545,89.9113888888889,0.73,4,2,90.85333333333332,1.2300667762756348,32.491886,67.42976,0.2783,1.5894954469468858
5KPH_4_2_4_combined_id7,0.7594312429428101,4.031070232391357,95.8288888888889,0.82,4,2,90.85333333333332,1.2300667762756348,32.491886,67.42976,0.2623,1.8222346835666232
5KPH_4_2_4_combined_id8,1.0224641561508179,2.0223138332366943,95.22069444444443,0.79,4,2,90.85333333333332,1.2300667762756348,32.491886,67.42976,0.2514,2.0481355455186634
5KPH_4_2_4_combined_id9,0.583197832107544,4.036580562591553,94.83763888888888,0.81,4,2,90.85333333333332,1.2300667762756348,32.491886,67.42976,0.2244,1.9739197625054248
5KPH_4_2_5_combined_id1,1.1031064987182617,2.7761216163635254,89.69041666666666,0.73,4,2,92.14444444444445,1.2864537239074707,32.324642,67.4273,0.2369,1.7267716725667317
5KPH_4_2_5_combined_id10,0.6437433362007141,3.2396554946899414,93.145,0.78,4,2,92.14444444444445,1.2864537239074707,32.324642,67.4273,0.2438,1.803987291124132
5KPH_4_2_5_combined_id11,1.0257363319396973,3.2176733016967773,87.99416666666667,0.69,4,2,92.14444444444445,1.2864537239074707,32.324642,67.4273,0.2363,1.6840029822455511
5KPH_4_2_5_combined_id12,0.7822553515434265,3.6111810207366943,95.25861111111112,0.82,4,2,92.14444444444445,1.2864537239074707,32.324642,67.4273,0.2453,1.6333454979790585
5KPH_4_2_5_combined_id13,1.1682274341583252,3.2674405574798584,87.49597222222222,0.7,4,2,92.14444444444445,1.2864537239074707,32.324642,67.4273,0.2393,1.9132616255018449
5KPH_4_2_5_combined_id15,0.6725021004676819,2.9156100749969482,90.55388888888888,0.76,4,2,92.14444444444445,1.2864537239074707,32.324642,67.4273,0.2451,1.9193289015028208
5KPH_4_2_5_combined_id16,0.6773021817207336,3.6992039680480957,94.68180555555556,0.8,4,2,92.14444444444445,1.2864537239074707,32.324642,67.4273,0.2506,1.807920667860243
5KPH_4_2_5_combined_id17,0.7379767894744873,3.608830213546753,94.63763888888889,0.8,4,2,92.14444444444445,1.2864537239074707,32.324642,67.4273,0.2313,1.6546056535508895
5KPH_4_2_5_combined_id18,0.7332682013511658,3.7104620933532715,94.27819444444444,0.78,4,2,92.14444444444445,1.2864537239074707,32.324642,67.4273,0.2556,1.9243696000840929
5KPH_4_2_5_combined_id19,0.8345282673835754,4.139307022094727,93.66305555555556,0.79,4,2,92.14444444444445,1.2864537239074707,32.324642,67.4273,0.2165,1.7474695841471355
5KPH_4_2_5_combined_id2,0.782072126865387,1.8688791990280151,95.23708333333332,0.8,4,2,92.14444444444445,1.2864537239074707,32.324642,67.4273,0.2609,1.695726712544759
5KPH_4_2_5_combined_id20,0.9325786232948303,3.2082812786102295,92.18986111111111,0.77,4,2,92.14444444444445,1.2864537239074707,32.324642,67.4273,0.2212,2.0366889105902777
5KPH_4_2_5_combined_id21,0.7390105128288269,3.6455700397491455,93.3575,0.79,4,2,92.14444444444445,1.2864537239074707,32.324642,67.4273,0.23,1.5274696350097656
5KPH_4_2_5_combined_id22,1.3746037483215332,2.2967989444732666,86.1236111111111,0.67,4,2,92.14444444444445,1.2864537239074707,32.324642,67.4273,0.2593,1.7342876858181424
5KPH_4_2_5_combined_id23,0.5477577447891235,3.8110527992248535,94.26805555555556,0.8,4,2,92.14444444444445,1.2864537239074707,32.324642,67.4273,0.2499,2.155980004204644
5KPH_4_2_5_combined_id24,0.7853381633758545,3.259780168533325,91.88388888888888,0.76,4,2,92.14444444444445,1.2864537239074707,32.324642,67.4273,0.2158,1.6669885847303605
5KPH_4_2_5_combined_id3,0.8860873579978943,2.694279432296753,88.97805555555556,0.7,4,2,92.14444444444445,1.2864537239074707,32.324642,67.4273,0.2614,1.8491253323025167
5KPH_4_2_5_combined_id4,0.7433907389640808,3.6982624530792236,95.09055555555555,0.81,4,2,92.14444444444445,1.2864537239074707,32.324642,67.4273,0.2401,1.5807289547390408
5KPH_4_2_5_combined_id5,0.6911394000053406,3.783320188522339,94.74958333333332,0.81,4,2,92.14444444444445,1.2864537239074707,32.324642,67.4273,0.2318,2.1749680836995444
5KPH_4_2_5_combined_id6,0.9076678156852722,3.1269683837890625,88.86208333333333,0.72,4,2,92.14444444444445,1.2864537239074707,32.324642,67.4273,0.2556,1.820570627848308
5KPH_4_2_5_combined_id7,0.7291816473007202,3.899611473083496,95.1290277777778,0.82,4,2,92.14444444444445,1.2864537239074707,32.324642,67.4273,0.2283,1.8840630849202475
5KPH_4_2_5_combined_id8,0.8132665157318115,3.5579259395599365,90.74680555555555,0.75,4,2,92.14444444444445,1.2864537239074707,32.324642,67.4273,0.2331,1.6943622165256076
5KPH_4_2_5_combined_id9,0.6051506400108337,3.7348291873931885,94.76902777777778,0.81,4,2,92.14444444444445,1.2864537239074707,32.324642,67.4273,0.256,1.902197943793403
5KPH_4_2_6_combined_id1,0.6289640069007874,3.961939573287964,91.11347222222224,0.76,4,2,93.66958333333336,1.2681719064712524,32.39703,68.221275,0.2332,2.1356095208062067
5KPH_4_2_6_combined_id10,0.9522628784179688,1.6943928003311157,90.05708333333332,0.74,4,2,93.66958333333336,1.2681719064712524,32.39703,68.221275,0.2323,1.89296383327908
5KPH_4_2_6_combined_id11,0.6350418925285339,3.8510830402374268,92.83958333333334,0.78,4,2,93.66958333333336,1.2681719064712524,32.39703,68.221275,0.25,1.6907577514648438
5KPH_4_2_6_combined_id12,0.621613621711731,4.1570048332214355,95.62055555555554,0.81,4,2,93.66958333333336,1.2681719064712524,32.39703,68.221275,0.2179,2.110602060953776
5KPH_4_2_6_combined_id13,0.9595857262611389,4.234467029571533,95.90652777777778,0.82,4,2,93.66958333333336,1.2681719064712524,32.39703,68.221275,0.2352,2.017330593532986
5KPH_4_2_6_combined_id14,1.2317413091659546,3.1077094078063965,92.4063888888889,0.77,4,2,93.66958333333336,1.2681719064712524,32.39703,68.221275,0.2462,1.662406497531467
5KPH_4_2_6_combined_id15,1.4749349355697632,2.874429702758789,91.4961111111111,0.71,4,2,93.66958333333336,1.2681719064712524,32.39703,68.221275,0.2423,1.8305905659993489
5KPH_4_2_6_combined_id16,0.8152942657470703,3.316131353378296,94.50291666666664,0.78,4,2,93.66958333333336,1.2681719064712524,32.39703,68.221275,0.2662,1.7650447421603732
5KPH_4_2_6_combined_id17,1.2023231983184814,3.0723538398742676,88.11319444444445,0.71,4,2,93.66958333333336,1.2681719064712524,32.39703,68.221275,0.2527,1.9128375583224824
5KPH_4_2_6_combined_id18,0.6099256873130798,3.561232566833496,95.4715277777778,0.81,4,2,93.66958333333336,1.2681719064712524,32.39703,68.221275,0.2451,1.8704382578531904
5KPH_4_2_6_combined_id19,0.5523198843002319,1.743192195892334,91.58791666666669,0.75,4,2,93.66958333333336,1.2681719064712524,32.39703,68.221275,0.2378,1.7282370461357963
5KPH_4_2_6_combined_id2,1.768774151802063,2.61125111579895,91.81833333333331,0.77,4,2,93.66958333333336,1.2681719064712524,32.39703,68.221275,0.2431,1.993898179796007
5KPH_4_2_6_combined_id20,0.700768768787384,1.164500117301941,92.59833333333331,0.77,4,2,93.66958333333336,1.2681719064712524,32.39703,68.221275,0.248,1.823780483669705
5KPH_4_2_6_combined_id21,0.8562164306640625,3.2747366428375244,92.86375,0.77,4,2,93.66958333333336,1.2681719064712524,32.39703,68.221275,0.2429,1.827400843302409
5KPH_4_2_6_combined_id22,0.8549527525901794,3.5599887371063232,92.10513888888887,0.77,4,2,93.66958333333336,1.2681719064712524,32.39703,68.221275,0.2372,1.9350149366590712
5KPH_4_2_6_combined_id23,0.5405074954032898,3.7412877082824707,94.37055555555555,0.8,4,2,93.66958333333336,1.2681719064712524,32.39703,68.221275,0.232,1.840320799085829
5KPH_4_2_6_combined_id24,1.8951594829559326,2.1103527545928955,86.20083333333334,0.68,4,2,93.66958333333336,1.2681719064712524,32.39703,68.221275,0.2368,1.7241452534993489
5KPH_4_2_6_combined_id3,0.868559718132019,3.177919387817383,90.07347222222224,0.75,4,2,93.66958333333336,1.2681719064712524,32.39703,68.221275,0.2384,1.7248627344767251
5KPH_4_2_6_combined_id4,1.4063608646392822,2.895942449569702,91.50555555555556,0.74,4,2,93.66958333333336,1.2681719064712524,32.39703,68.221275,0.2744,1.8306749131944444
5KPH_4_2_6_combined_id5,0.7916246056556702,3.1415271759033203,90.55638888888888,0.75,4,2,93.66958333333336,1.2681719064712524,32.39703,68.221275,0.2479,1.6511481602986653
5KPH_4_2_6_combined_id6,0.9529581069946289,2.91341233253479,92.61736111111112,0.77,4,2,93.66958333333336,1.2681719064712524,32.39703,68.221275,0.2379,1.6318297915988498
5KPH_4_2_6_combined_id7,0.7651534676551819,3.9300191402435303,94.93402777777776,0.81,4,2,93.66958333333336,1.2681719064712524,32.39703,68.221275,0.2461,1.706128544277615
5KPH_4_2_7_combined_id1,0.6011418700218201,3.676136016845703,94.89208333333332,0.81,4,2,94.6775,0.8667009472846985,31.445808,69.385574,0.2427,2.1090655856662326
5KPH_4_2_7_combined_id10,0.5957074165344238,1.634233832359314,89.93666666666667,0.75,4,2,94.6775,0.8667009472846985,31.445808,69.385574,0.2511,2.0159424675835504
5KPH_4_2_7_combined_id11,0.6361410021781921,3.81524920463562,93.72819444444444,0.79,4,2,94.6775,0.8667009472846985,31.445808,69.385574,0.2446,1.9146459367540147
5KPH_4_2_7_combined_id12,0.6329110264778137,3.923290967941284,94.71666666666668,0.8,4,2,94.6775,0.8667009472846985,31.445808,69.385574,0.2544,1.9925643073187933
5KPH_4_2_7_combined_id13,0.5953247547149658,3.959158182144165,92.09666666666668,0.76,4,2,94.6775,0.8667009472846985,31.445808,69.385574,0.231,2.246318817138672
5KPH_4_2_7_combined_id14,0.5984546542167664,2.198007106781006,95.57652777777778,0.8,4,2,94.6775,0.8667009472846985,31.445808,69.385574,0.2521,2.150038825141059
5KPH_4_2_7_combined_id15,0.6363035440444946,1.8869796991348267,95.66791666666668,0.81,4,2,94.6775,0.8667009472846985,31.445808,69.385574,0.2788,1.867940690782335
5KPH_4_2_7_combined_id16,0.9198833107948303,4.310964107513428,95.37291666666668,0.81,4,2,94.6775,0.8667009472846985,31.445808,69.385574,0.257,1.908039093017578
5KPH_4_2_7_combined_id17,0.6631841659545898,1.8019607067108154,90.93388888888887,0.71,4,2,94.6775,0.8667009472846985,31.445808,69.385574,0.2359,2.1755890316433377
5KPH_4_2_7_combined_id19,0.5991418361663818,3.817669630050659,93.73208333333332,0.79,4,2,94.6775,0.8667009472846985,31.445808,69.385574,0.2091,2.378919813368056
5KPH_4_2_7_combined_id2,0.6827035546302795,4.008581638336182,94.37444444444444,0.81,4,2,94.6775,0.8667009472846985,31.445808,69.385574,0.2392,2.0518690745035806
5KPH_4_2_7_combined_id21,0.5921191573143005,4.01134729385376,93.91666666666669,0.8,4,2,94.6775,0.8667009472846985,31.445808,69.385574,0.2257,2.539744906955295
5KPH_4_2_7_combined_id22,0.6118996739387512,2.048327684402466,95.0788888888889,0.82,4,2,94.6775,0.8667009472846985,31.445808,69.385574,0.2848,1.7934163411458333
5KPH_4_2_7_combined_id23,0.7037819027900696,4.069161415100098,94.69388888888888,0.82,4,2,94.6775,0.8667009472846985,31.445808,69.385574,0.2557,1.8925584157307944
5KPH_4_2_7_combined_id24,0.6741988062858582,4.047325134277344,91.50555555555556,0.73,4,2,94.6775,0.8667009472846985,31.445808,69.385574,0.2321,2.149743821885851
5KPH_4_2_7_combined_id3,0.5862588286399841,3.9045283794403076,95.68541666666668,0.82,4,2,94.6775,0.8667009472846985,31.445808,69.385574,0.242,2.0551946428087025
5KPH_4_2_7_combined_id4,0.8180545568466187,2.152292251586914,92.31138888888889,0.76,4,2,94.6775,0.8667009472846985,31.445808,69.385574,0.2521,2.022861056857639
5KPH_4_2_7_combined_id5,0.7437260746955872,2.8197154998779297,92.7813888888889,0.78,4,2,94.6775,0.8667009472846985,31.445808,69.385574,0.2787,1.7945935991075304
5KPH_4_2_7_combined_id6,0.6689949631690979,2.925734043121338,91.7773611111111,0.76,4,2,94.6775,0.8667009472846985,31.445808,69.385574,0.257,1.982241736518012
5KPH_4_2_7_combined_id7,0.7046875953674316,3.385392904281616,95.58027777777778,0.82,4,2,94.6775,0.8667009472846985,31.445808,69.385574,0.281,1.812416076660156
5KPH_4_2_7_combined_id8,0.643384575843811,1.7805657386779785,92.23875,0.77,4,2,94.6775,0.8667009472846985,31.445808,69.385574,0.2343,2.1299624972873263
5KPH_4_2_7_combined_id9,2.973109006881714,2.160510301589966,90.62652777777777,0.77,4,2,94.6775,0.8667009472846985,31.445808,69.385574,0.2486,1.952803717719184
5KPH_4_2_8_combined_id1,1.8450944423675537,1.6238131523132324,91.20180555555557,0.76,4,2,93.08902777777776,0.7782790660858154,32.5623,68.55739,0.2578,1.898784637451172
5KPH_4_2_8_combined_id10,2.9351208209991455,1.3728469610214233,92.97347222222224,0.77,4,2,93.08902777777776,0.7782790660858154,32.5623,68.55739,0.2606,1.5279343922932942
5KPH_4_2_8_combined_id11,1.613668441772461,1.8275606632232666,88.76055555555556,0.73,4,2,93.08902777777776,0.7782790660858154,32.5623,68.55739,0.2373,1.4947534137301974
5KPH_4_2_8_combined_id12,2.198214054107666,1.3155790567398071,90.12472222222225,0.71,4,2,93.08902777777776,0.7782790660858154,32.5623,68.55739,0.28,1.5340340932210286
5KPH_4_2_8_combined_id13,1.7488502264022827,1.9234139919281006,90.00041666666667,0.73,4,2,93.08902777777776,0.7782790660858154,32.5623,68.55739,0.247,1.5565770467122395
5KPH_4_2_8_combined_id14,0.7781342267990112,1.341892123222351,94.14430555555556,0.81,4,2,93.08902777777776,0.7782790660858154,32.5623,68.55739,0.2273,2.144456227620443
5KPH_4_2_8_combined_id15,3.1764698028564453,1.0511670112609863,91.55375,0.74,4,2,93.08902777777776,0.7782790660858154,32.5623,68.55739,0.2461,1.4850531684027777
5KPH_4_2_8_combined_id16,2.688995599746704,1.3723573684692383,89.35708333333332,0.73,4,2,93.08902777777776,0.7782790660858154,32.5623,68.55739,0.2421,1.4603596793280706
5KPH_4_2_8_combined_id17,1.0327560901641846,2.493835210800171,89.83222222222223,0.74,4,2,93.08902777777776,0.7782790660858154,32.5623,68.55739,0.2569,1.624805556403266
5KPH_4_2_8_combined_id18,1.471879243850708,2.0557363033294678,87.73111111111112,0.72,4,2,93.08902777777776,0.7782790660858154,32.5623,68.55739,0.2424,1.760687404208713
5KPH_4_2_8_combined_id19,1.3493815660476685,2.057079315185547,89.80180555555555,0.74,4,2,93.08902777777776,0.7782790660858154,32.5623,68.55739,0.255,1.6335009468926325
5KPH_4_2_8_combined_id2,2.6001358032226562,1.3074110746383667,90.5573611111111,0.72,4,2,93.08902777777776,0.7782790660858154,32.5623,68.55739,0.2542,1.5157875484890408
5KPH_4_2_8_combined_id20,2.275520086288452,1.7053884267807007,87.80722222222224,0.69,4,2,93.08902777777776,0.7782790660858154,32.5623,68.55739,0.2459,1.6922920015123155
5KPH_4_2_8_combined_id21,0.5428118705749512,4.003871917724609,93.68625,0.79,4,2,93.08902777777776,0.7782790660858154,32.5623,68.55739,0.2471,2.2188004387749567
5KPH_4_2_8_combined_id22,2.391505479812622,1.731479287147522,88.61111111111111,0.68,4,2,93.08902777777776,0.7782790660858154,32.5623,68.55739,0.2432,1.4893324110243056
5KPH_4_2_8_combined_id23,2.081922769546509,1.9175655841827393,89.59930555555556,0.71,4,2,93.08902777777776,0.7782790660858154,32.5623,68.55739,0.2603,1.61007997724745
5KPH_4_2_8_combined_id24,1.6560251712799072,1.8799082040786743,89.39152777777778,0.71,4,2,93.08902777777776,0.7782790660858154,32.5623,68.55739,0.2595,1.968299018012153
5KPH_4_2_8_combined_id3,2.2709693908691406,1.5503582954406738,89.66402777777779,0.72,4,2,93.08902777777776,0.7782790660858154,32.5623,68.55739,0.2538,1.4927650027804904
5KPH_4_2_8_combined_id4,2.9398863315582275,1.1469738483428955,89.93597222222223,0.74,4,2,93.08902777777776,0.7782790660858154,32.5623,68.55739,0.2337,1.5026221805148654
5KPH_4_2_8_combined_id6,0.7855097651481628,3.588650941848755,94.79625,0.81,4,2,93.08902777777776,0.7782790660858154,32.5623,68.55739,0.2347,1.9891255696614585
5KPH_4_2_8_combined_id7,2.277228832244873,1.440922737121582,89.17444444444443,0.72,4,2,93.08902777777776,0.7782790660858154,32.5623,68.55739,0.2372,1.4160038630167644
5KPH_4_2_8_combined_id8,3.2127468585968018,1.2270793914794922,94.53041666666668,0.79,4,2,93.08902777777776,0.7782790660858154,32.5623,68.55739,0.2531,1.9172291225857203
5KPH_4_2_8_combined_id9,2.636569023132324,1.5619958639144897,91.74819444444444,0.74,4,2,93.08902777777776,0.7782790660858154,32.5623,68.55739,0.2405,1.4434447818332248
5KPH_4_2_9_combined_id1,0.4576457440853119,3.946918487548828,94.5936111111111,0.8,4,2,92.4815277777778,0.896657407283783,31.99989,64.67909,0.1954,2.277388254801432
5KPH_4_2_9_combined_id10,0.5910536646842957,2.586872100830078,94.8252777777778,0.8,4,2,92.4815277777778,0.896657407283783,31.99989,64.67909,0.2438,2.229878319634332
5KPH_4_2_9_combined_id11,1.236976981163025,2.886995553970337,95.61361111111113,0.8,4,2,92.4815277777778,0.896657407283783,31.99989,64.67909,0.2293,2.2508756849500866
5KPH_4_2_9_combined_id12,0.729841947555542,3.696772336959839,92.24458333333332,0.75,4,2,92.4815277777778,0.896657407283783,31.99989,64.67909,0.2255,1.9736048380533853
5KPH_4_2_9_combined_id13,0.757840633392334,3.596107244491577,89.91708333333334,0.73,4,2,92.4815277777778,0.896657407283783,31.99989,64.67909,0.2018,2.367991977267795
5KPH_4_2_9_combined_id14,0.7746184468269348,3.6892964839935303,91.2475,0.75,4,2,92.4815277777778,0.896657407283783,31.99989,64.67909,0.2218,2.060695012410482
5KPH_4_2_9_combined_id15,0.4345291256904602,3.9955410957336426,96.16666666666669,0.83,4,2,92.4815277777778,0.896657407283783,31.99989,64.67909,0.2313,1.9449704488118489
5KPH_4_2_9_combined_id16,0.6051081418991089,3.7300267219543457,93.04833333333332,0.77,4,2,92.4815277777778,0.896657407283783,31.99989,64.67909,0.2352,2.1498014662000866
5KPH_4_2_9_combined_id17,1.3749967813491821,2.036638021469116,87.07541666666667,0.69,4,2,92.4815277777778,0.896657407283783,31.99989,64.67909,0.2307,1.7013522254096136
5KPH_4_2_9_combined_id18,1.1455737352371216,2.410853385925293,94.32555555555554,0.79,4,2,92.4815277777778,0.896657407283783,31.99989,64.67909,0.2185,1.827878528171116
5KPH_4_2_9_combined_id19,0.5744006633758545,3.741929292678833,93.13625,0.77,4,2,92.4815277777778,0.896657407283783,31.99989,64.67909,0.2221,2.3231192694769964
5KPH_4_2_9_combined_id2,0.8767539262771606,3.1586310863494873,89.77374999999999,0.71,4,2,92.4815277777778,0.896657407283783,31.99989,64.67909,0.1953,2.3063538869222007
5KPH_4_2_9_combined_id20,0.6638891696929932,2.494450807571411,91.38902777777778,0.75,4,2,92.4815277777778,0.896657407283783,31.99989,64.67909,0.2244,1.910432391696506
5KPH_4_2_9_combined_id21,0.5415047407150269,3.2823829650878906,93.4075,0.77,4,2,92.4815277777778,0.896657407283783,31.99989,64.67909,0.2265,2.340412139892578
5KPH_4_2_9_combined_id22,0.7037314772605896,3.6377499103546143,92.31194444444444,0.77,4,2,92.4815277777778,0.896657407283783,31.99989,64.67909,0.2091,2.052995681762696
5KPH_4_2_9_combined_id23,0.9406057596206665,3.260502815246582,92.46625,0.77,4,2,92.4815277777778,0.896657407283783,31.99989,64.67909,0.2079,1.9967102474636504
5KPH_4_2_9_combined_id24,1.190483808517456,1.6213475465774536,90.49166666666667,0.75,4,2,92.4815277777778,0.896657407283783,31.99989,64.67909,0.212,2.2517577277289496
5KPH_4_2_9_combined_id3,0.7175021767616272,3.5084023475646973,95.01666666666668,0.81,4,2,92.4815277777778,0.896657407283783,31.99989,64.67909,0.2295,2.084474139743381
5KPH_4_2_9_combined_id4,1.013252854347229,1.2013107538223267,95.47,0.81,4,2,92.4815277777778,0.896657407283783,31.99989,64.67909,0.2122,1.6942996978759766
5KPH_4_2_9_combined_id5,0.7140840888023376,2.3338537216186523,90.95180555555557,0.74,4,2,92.4815277777778,0.896657407283783,31.99989,64.67909,0.2229,2.1863619486490884
5KPH_4_2_9_combined_id6,0.6137306094169617,2.5266263484954834,90.56333333333332,0.73,4,2,92.4815277777778,0.896657407283783,31.99989,64.67909,0.2118,2.068025377061632
5KPH_4_2_9_combined_id7,0.6764496564865112,3.7194788455963135,91.28125,0.73,4,2,92.4815277777778,0.896657407283783,31.99989,64.67909,0.219,2.198823928833008
5KPH_4_2_9_combined_id8,1.7747596502304077,2.5675740242004395,93.47402777777776,0.79,4,2,92.4815277777778,0.896657407283783,31.99989,64.67909,0.2239,2.01639641655816
5KPH_4_2_9_combined_id9,0.5375449657440186,3.9339663982391357,94.76513888888888,0.81,4,2,92.4815277777778,0.896657407283783,31.99989,64.67909,0.2318,2.1948231591118708
5KPH_4_4_0_combined_id10,0.6471116542816162,3.4854986667633057,94.77833333333334,0.82,4,4,92.80763888888887,0.7468022704124451,32.507736,71.97166,0.2182,2.2342022789849176
5KPH_4_4_0_combined_id12,1.871478796005249,3.5539278984069824,91.45486111111111,0.76,4,4,92.80763888888887,0.7468022704124451,32.507736,71.97166,0.2155,1.9314484066433373
5KPH_4_4_0_combined_id13,1.1195999383926392,2.223909854888916,93.71083333333334,0.8,4,4,92.80763888888887,0.7468022704124451,32.507736,71.97166,0.2495,2.065909915500217
5KPH_4_4_0_combined_id14,1.1629762649536133,1.520647644996643,94.20819444444444,0.79,4,4,92.80763888888887,0.7468022704124451,32.507736,71.97166,0.2521,1.963617536756728
5KPH_4_4_0_combined_id15,1.6689509153366089,2.416950225830078,93.60777777777776,0.78,4,4,92.80763888888887,0.7468022704124451,32.507736,71.97166,0.2249,2.0168755849202475
5KPH_4_4_0_combined_id16,0.6145752668380737,2.376457452774048,91.83125,0.77,4,4,92.80763888888887,0.7468022704124451,32.507736,71.97166,0.2332,2.04446029663086
5KPH_4_4_0_combined_id17,0.9049692749977112,4.233062267303467,92.29375,0.76,4,4,92.80763888888887,0.7468022704124451,32.507736,71.97166,0.2143,2.061541663275825
5KPH_4_4_0_combined_id20,0.7350441217422485,3.724470376968384,92.2472222222222,0.76,4,4,92.80763888888887,0.7468022704124451,32.507736,71.97166,0.2114,1.9485685560438368
5KPH_4_4_0_combined_id22,0.8009633421897888,1.934729814529419,88.05722222222224,0.68,4,4,92.80763888888887,0.7468022704124451,32.507736,71.97166,0.2071,2.141837861802843
5KPH_4_4_0_combined_id23,0.6983345746994019,3.4594266414642334,91.86027777777775,0.77,4,4,92.80763888888887,0.7468022704124451,32.507736,71.97166,0.2081,1.9980913798014324
5KPH_4_4_0_combined_id24,0.9181539416313171,2.78409743309021,93.675,0.79,4,4,92.80763888888887,0.7468022704124451,32.507736,71.97166,0.2271,2.020594278971354
5KPH_4_4_0_combined_id3,0.6288765668869019,3.3128669261932373,95.84097222222222,0.82,4,4,92.80763888888887,0.7468022704124451,32.507736,71.97166,0.2222,1.9589945475260413
5KPH_4_4_0_combined_id4,0.6162642240524292,3.4464011192321777,92.4523611111111,0.77,4,4,92.80763888888887,0.7468022704124451,32.507736,71.97166,0.2088,2.308773676554362
5KPH_4_4_0_combined_id8,1.4923794269561768,2.0770602226257324,91.24680555555555,0.75,4,4,92.80763888888887,0.7468022704124451,32.507736,71.97166,0.215,1.965322918362088
5KPH_4_4_0_combined_id9,0.6961818337440491,1.8179901838302612,92.84222222222222,0.76,4,4,92.80763888888887,0.7468022704124451,32.507736,71.97166,0.2062,2.3200931549072266
5KPH_4_4_1_combined_id1,0.9064822196960449,4.074604034423828,86.80208333333333,0.7,4,4,89.69361111111111,1.4580576419830322,32.95701,67.747536,0.2239,2.0666171179877386
5KPH_4_4_1_combined_id10,0.9968932271003723,4.362627983093262,83.26986111111111,0.65,4,4,89.69361111111111,1.4580576419830322,32.95701,67.747536,0.2385,1.6207016838921442
5KPH_4_4_1_combined_id11,0.6816732287406921,3.6474993228912354,90.74263888888888,0.75,4,4,89.69361111111111,1.4580576419830322,32.95701,67.747536,0.2153,1.986328548855252
5KPH_4_4_1_combined_id12,1.240921139717102,2.070526123046875,85.695,0.69,4,4,89.69361111111111,1.4580576419830322,32.95701,67.747536,0.2299,1.7930664486355252
5KPH_4_4_1_combined_id13,2.15252685546875,1.1810166835784912,89.32611111111112,0.73,4,4,89.69361111111111,1.4580576419830322,32.95701,67.747536,0.235,1.7145422829522028
5KPH_4_4_1_combined_id14,0.6818534135818481,4.018906116485596,88.45472222222222,0.72,4,4,89.69361111111111,1.4580576419830322,32.95701,67.747536,0.205,2.320898267957899
5KPH_4_4_1_combined_id15,0.657930850982666,4.024462699890137,93.17958333333333,0.78,4,4,89.69361111111111,1.4580576419830322,32.95701,67.747536,0.2281,2.189324061075846
5KPH_4_4_1_combined_id16,1.9440537691116333,4.682509899139404,85.29555555555555,0.65,4,4,89.69361111111111,1.4580576419830322,32.95701,67.747536,0.2087,2.0611864725748696
5KPH_4_4_1_combined_id17,2.1639609336853027,1.5733264684677124,89.69333333333333,0.72,4,4,89.69361111111111,1.4580576419830322,32.95701,67.747536,0.2231,1.7832274966769748
5KPH_4_4_1_combined_id18,1.048291802406311,1.7063798904418945,91.49277777777776,0.76,4,4,89.69361111111111,1.4580576419830322,32.95701,67.747536,0.2209,1.8805902269151475
5KPH_4_4_1_combined_id19,1.054396152496338,2.246934652328491,90.82875,0.75,4,4,89.69361111111111,1.4580576419830322,32.95701,67.747536,0.2255,1.946076922946506
5KPH_4_4_1_combined_id2,0.6786242127418518,3.726728677749634,89.66027777777776,0.73,4,4,89.69361111111111,1.4580576419830322,32.95701,67.747536,0.2321,2.187111324734158
5KPH_4_4_1_combined_id20,0.8261030316352844,1.4011636972427368,89.96208333333334,0.75,4,4,89.69361111111111,1.4580576419830322,32.95701,67.747536,0.2329,1.815187242296007
5KPH_4_4_1_combined_id21,0.6774106621742249,4.09342622756958,91.13138888888888,0.75,4,4,89.69361111111111,1.4580576419830322,32.95701,67.747536,0.2304,1.9634984334309893
5KPH_4_4_1_combined_id22,2.2563788890838623,2.1878089904785156,81.81416666666665,0.62,4,4,89.69361111111111,1.4580576419830322,32.95701,67.747536,0.2373,1.584079424540202
5KPH_4_4_1_combined_id23,1.3255738019943237,1.6160138845443726,90.27972222222223,0.74,4,4,89.69361111111111,1.4580576419830322,32.95701,67.747536,0.234,1.84480709499783
5KPH_4_4_1_combined_id24,0.9068824648857117,1.9989638328552246,86.33444444444444,0.72,4,4,89.69361111111111,1.4580576419830322,32.95701,67.747536,0.2186,2.0645154317220054
5KPH_4_4_1_combined_id3,0.6821566224098206,3.681419849395752,90.35097222222224,0.75,4,4,89.69361111111111,1.4580576419830322,32.95701,67.747536,0.228,2.1058252122667103
5KPH_4_4_1_combined_id4,0.678311288356781,4.0237531661987305,91.72402777777778,0.77,4,4,89.69361111111111,1.4580576419830322,32.95701,67.747536,0.2232,2.10342025756836
5KPH_4_4_1_combined_id5,1.7951767444610596,1.87418794631958,89.17694444444446,0.7,4,4,89.69361111111111,1.4580576419830322,32.95701,67.747536,0.2335,1.7780306074354384
5KPH_4_4_1_combined_id6,0.5927801728248596,4.092418193817139,94.005,0.8,4,4,89.69361111111111,1.4580576419830322,32.95701,67.747536,0.239,1.936128616333008
5KPH_4_4_1_combined_id7,1.7755494117736816,2.0513317584991455,86.05930555555555,0.67,4,4,89.69361111111111,1.4580576419830322,32.95701,67.747536,0.2265,1.9991571638319228
5KPH_4_4_1_combined_id8,0.715544581413269,3.8281257152557373,86.35624999999999,0.69,4,4,89.69361111111111,1.4580576419830322,32.95701,67.747536,0.2085,2.017439524332682
5KPH_4_4_1_combined_id9,0.6632062196731567,3.7222232818603516,95.265,0.81,4,4,89.69361111111111,1.4580576419830322,32.95701,67.747536,0.2237,2.172101762559679
5KPH_4_4_2_combined_id1,0.7327406406402588,3.3552753925323486,94.19166666666666,0.8,4,4,93.39597222222224,0.5826225280761719,33.227543,70.22529,0.2424,1.6712908214992948
5KPH_4_4_2_combined_id11,0.6409076452255249,1.9822654724121094,94.06194444444444,0.8,4,4,93.39597222222224,0.5826225280761719,33.227543,70.22529,0.2547,1.8783399793836808
5KPH_4_4_2_combined_id12,0.5334829688072205,3.926464080810547,94.40083333333334,0.81,4,4,93.39597222222224,0.5826225280761719,33.227543,70.22529,0.2442,1.894969516330295
5KPH_4_4_2_combined_id13,0.6343262791633606,3.696082830429077,93.3201388888889,0.79,4,4,93.39597222222224,0.5826225280761719,33.227543,70.22529,0.2249,1.9551285637749567
5KPH_4_4_2_combined_id14,0.8189089894294739,2.3125813007354736,90.50527777777776,0.75,4,4,93.39597222222224,0.5826225280761719,33.227543,70.22529,0.2648,1.5322710673014324
5KPH_4_4_2_combined_id15,0.7581825256347656,3.617872476577759,95.39347222222224,0.81,4,4,93.39597222222224,0.5826225280761719,33.227543,70.22529,0.2442,1.778486251831055
5KPH_4_4_2_combined_id16,0.8475721478462219,1.6225955486297607,95.55041666666666,0.83,4,4,93.39597222222224,0.5826225280761719,33.227543,70.22529,0.2673,1.560513390435113
5KPH_4_4_2_combined_id18,2.0475668907165527,1.2991127967834473,89.22472222222223,0.68,4,4,93.39597222222224,0.5826225280761719,33.227543,70.22529,0.2429,1.849969228108724
5KPH_4_4_2_combined_id19,0.7515937089920044,3.8088762760162354,92.4688888888889,0.76,4,4,93.39597222222224,0.5826225280761719,33.227543,70.22529,0.2558,2.0521187252468533
5KPH_4_4_2_combined_id2,0.9498895406723022,3.6215760707855225,96.97027777777778,0.84,4,4,93.39597222222224,0.5826225280761719,33.227543,70.22529,0.2539,1.4461560779147675
5KPH_4_4_2_combined_id20,0.9675605893135071,1.3443723917007446,94.90027777777776,0.81,4,4,93.39597222222224,0.5826225280761719,33.227543,70.22529,0.2842,1.733246061537001
5KPH_4_4_2_combined_id22,0.6137734651565552,1.644714593887329,94.19222222222224,0.8,4,4,93.39597222222224,0.5826225280761719,33.227543,70.22529,0.2452,1.7226376003689237
5KPH_4_4_2_combined_id23,1.1170580387115479,1.3702831268310547,93.1986111111111,0.78,4,4,93.39597222222224,0.5826225280761719,33.227543,70.22529,0.2545,1.735307799445258
5KPH_4_4_2_combined_id3,0.8596346378326416,3.3251421451568604,92.33486111111112,0.77,4,4,93.39597222222224,0.5826225280761719,33.227543,70.22529,0.2633,1.7687064276801214
5KPH_4_4_2_combined_id4,0.7757487893104553,3.346651792526245,95.57291666666669,0.82,4,4,93.39597222222224,0.5826225280761719,33.227543,70.22529,0.2504,1.9768753051757808
5KPH_4_4_2_combined_id6,0.6866417527198792,3.747933864593506,94.17666666666668,0.81,4,4,93.39597222222224,0.5826225280761719,33.227543,70.22529,0.2457,1.707297854953342
5KPH_4_4_2_combined_id7,0.7369904518127441,1.6944265365600586,88.3326388888889,0.71,4,4,93.39597222222224,0.5826225280761719,33.227543,70.22529,0.2464,1.4610074361165364
5KPH_4_4_2_combined_id8,0.8111275434494019,2.7441980838775635,93.33041666666668,0.8,4,4,93.39597222222224,0.5826225280761719,33.227543,70.22529,0.2629,1.6050197813245983
5KPH_4_4_2_combined_id9,0.7532676458358765,3.5016002655029297,94.3273611111111,0.78,4,4,93.39597222222224,0.5826225280761719,33.227543,70.22529,0.2454,1.69649166531033
5KPH_4_4_3_combined_id11,0.7961844801902771,2.430691719055176,88.99972222222223,0.7,4,4,92.67194444444443,0.9845821857452391,33.456146,68.09666,0.2334,2.019429948594836
5KPH_4_4_3_combined_id12,1.6711935997009277,2.2294223308563232,88.76305555555557,0.68,4,4,92.67194444444443,0.9845821857452391,33.456146,68.09666,0.2257,1.7436127132839627
5KPH_4_4_3_combined_id13,0.7513616681098938,2.5911495685577393,92.10097222222224,0.75,4,4,92.67194444444443,0.9845821857452391,33.456146,68.09666,0.2244,2.008660634358724
5KPH_4_4_3_combined_id14,0.7394707202911377,2.8461616039276123,92.81930555555556,0.76,4,4,92.67194444444443,0.9845821857452391,33.456146,68.09666,0.2274,1.9457537333170567
5KPH_4_4_3_combined_id15,1.0502395629882812,2.4760162830352783,87.96194444444444,0.69,4,4,92.67194444444443,0.9845821857452391,33.456146,68.09666,0.2648,1.7716019948323567
5KPH_4_4_3_combined_id16,0.7170845866203308,3.783569574356079,89.67347222222222,0.72,4,4,92.67194444444443,0.9845821857452391,33.456146,68.09666,0.2506,1.829551060994466
5KPH_4_4_3_combined_id18,0.8475796580314636,2.9594674110412598,92.4026388888889,0.77,4,4,92.67194444444443,0.9845821857452391,33.456146,68.09666,0.2442,1.572905858357747
5KPH_4_4_3_combined_id19,0.8225017786026001,3.2850053310394287,90.34541666666668,0.74,4,4,92.67194444444443,0.9845821857452391,33.456146,68.09666,0.2498,1.7229682074652777
5KPH_4_4_3_combined_id2,0.889428436756134,3.632004737854004,87.33125000000001,0.69,4,4,92.67194444444443,0.9845821857452391,33.456146,68.09666,0.2307,1.7381636301676433
5KPH_4_4_3_combined_id20,0.8671494126319885,3.988456964492798,94.94708333333334,0.81,4,4,92.67194444444443,0.9845821857452391,33.456146,68.09666,0.2456,1.817985110812717
5KPH_4_4_3_combined_id21,0.7573534846305847,3.976814031600952,95.33777777777776,0.82,4,4,92.67194444444443,0.9845821857452391,33.456146,68.09666,0.2443,1.762237548828125
5KPH_4_4_3_combined_id22,0.7397745847702026,3.857926845550537,94.23986111111113,0.8,4,4,92.67194444444443,0.9845821857452391,33.456146,68.09666,0.2383,1.7508327696058483
5KPH_4_4_3_combined_id23,0.7974302768707275,3.5418407917022705,92.58625,0.77,4,4,92.67194444444443,0.9845821857452391,33.456146,68.09666,0.2678,1.787896474202474
5KPH_4_4_3_combined_id24,0.7025728821754456,3.96256160736084,94.75583333333331,0.8,4,4,92.67194444444443,0.9845821857452391,33.456146,68.09666,0.2326,1.9915334913465712
5KPH_4_4_3_combined_id4,0.9462385177612305,3.051859140396118,90.88583333333332,0.73,4,4,92.67194444444443,0.9845821857452391,33.456146,68.09666,0.2383,1.670605977376302
5KPH_4_4_3_combined_id5,0.7157360315322876,2.48931884765625,92.06625,0.77,4,4,92.67194444444443,0.9845821857452391,33.456146,68.09666,0.2587,2.0412881639268665
5KPH_4_4_3_combined_id6,2.083425760269165,1.6741585731506348,87.68402777777777,0.69,4,4,92.67194444444443,0.9845821857452391,33.456146,68.09666,0.2716,1.6042086283365886
5KPH_4_4_3_combined_id8,1.2178999185562134,3.6087570190429688,82.68416666666667,0.61,4,4,92.67194444444443,0.9845821857452391,33.456146,68.09666,0.232,1.813306384616428
5KPH_4_4_3_combined_id9,0.765643835067749,2.2560954093933105,91.15388888888889,0.74,4,4,92.67194444444443,0.9845821857452391,33.456146,68.09666,0.2432,2.0153410169813366
5KPH_4_4_4_combined_id1,0.7836540341377258,1.3429495096206665,94.10194444444444,0.8,4,4,91.2475,1.077377200126648,33.094078,67.055725,0.2392,1.6478008694118924
5KPH_4_4_4_combined_id10,1.1033726930618286,3.5765633583068848,87.49527777777779,0.68,4,4,91.2475,1.077377200126648,33.094078,67.055725,0.2288,1.696512222290039
5KPH_4_4_4_combined_id12,0.9593193531036377,1.986801028251648,85.19333333333333,0.68,4,4,91.2475,1.077377200126648,33.094078,67.055725,0.2324,1.92099232143826
5KPH_4_4_4_combined_id14,1.5965502262115479,1.680649757385254,86.97597222222223,0.69,4,4,91.2475,1.077377200126648,33.094078,67.055725,0.2264,1.89566887749566
5KPH_4_4_4_combined_id15,1.184088945388794,3.048379421234131,87.42458333333333,0.7,4,4,91.2475,1.077377200126648,33.094078,67.055725,0.2278,1.5008553398980036
5KPH_4_4_4_combined_id18,0.7240628004074097,2.7185637950897217,93.30138888888888,0.79,4,4,91.2475,1.077377200126648,33.094078,67.055725,0.2376,1.62722290886773
5KPH_4_4_4_combined_id19,1.4115856885910034,2.003164768218994,85.26124999999999,0.67,4,4,91.2475,1.077377200126648,33.094078,67.055725,0.231,1.632701449924045
5KPH_4_4_4_combined_id2,0.8320602178573608,2.618701934814453,89.88708333333334,0.72,4,4,91.2475,1.077377200126648,33.094078,67.055725,0.2266,1.6116377512613933
5KPH_4_4_4_combined_id21,0.6993338465690613,2.569467782974243,90.44166666666666,0.74,4,4,91.2475,1.077377200126648,33.094078,67.055725,0.25,1.8947374555799696
5KPH_4_4_4_combined_id3,0.7037646174430847,2.0063555240631104,95.47111111111111,0.82,4,4,91.2475,1.077377200126648,33.094078,67.055725,0.2242,1.6368179321289062
5KPH_4_4_4_combined_id4,0.7343713045120239,1.9788442850112915,93.16888888888889,0.79,4,4,91.2475,1.077377200126648,33.094078,67.055725,0.2437,1.939491695827908
5KPH_4_4_4_combined_id5,1.0543179512023926,1.8370121717453003,89.00986111111109,0.73,4,4,91.2475,1.077377200126648,33.094078,67.055725,0.2265,1.6860599517822266
5KPH_4_4_4_combined_id7,0.9089736342430115,1.7008905410766602,94.15972222222224,0.8,4,4,91.2475,1.077377200126648,33.094078,67.055725,0.2445,1.8001874287923176
5KPH_4_4_5_combined_id1,0.8458980321884155,2.71492338180542,91.31138888888889,0.74,4,4,92.80847222222222,0.907536804676056,33.774326,70.56854,0.2116,1.9819454616970489
5KPH_4_4_5_combined_id10,0.705613374710083,2.7848877906799316,90.03305555555556,0.7,4,4,92.80847222222222,0.907536804676056,33.774326,70.56854,0.2109,1.868180168999566
5KPH_4_4_5_combined_id11,0.7386682033538818,3.587411642074585,87.82944444444443,0.7,4,4,92.80847222222222,0.907536804676056,33.774326,70.56854,0.2224,1.961295445760091
5KPH_4_4_5_combined_id12,1.776356816291809,1.8031272888183594,86.12180555555557,0.68,4,4,92.80847222222222,0.907536804676056,33.774326,70.56854,0.2341,1.672951062520345
5KPH_4_4_5_combined_id13,0.9919453859329224,2.9461517333984375,85.67291666666665,0.65,4,4,92.80847222222222,0.907536804676056,33.774326,70.56854,0.2127,1.9846678839789496
5KPH_4_4_5_combined_id14,1.0591800212860107,3.2457096576690674,91.26555555555557,0.75,4,4,92.80847222222222,0.907536804676056,33.774326,70.56854,0.2172,1.8522271050347223
5KPH_4_4_5_combined_id16,1.1194347143173218,2.7942450046539307,87.35236111111111,0.7,4,4,92.80847222222222,0.907536804676056,33.774326,70.56854,0.2287,2.07024892171224
5KPH_4_4_5_combined_id17,0.8847495913505554,2.2969937324523926,91.89541666666666,0.74,4,4,92.80847222222222,0.907536804676056,33.774326,70.56854,0.2192,2.0113078223334417
5KPH_4_4_5_combined_id18,3.015242338180542,2.041133403778076,91.30666666666669,0.76,4,4,92.80847222222222,0.907536804676056,33.774326,70.56854,0.2351,1.8407791985405817
5KPH_4_4_5_combined_id19,2.6189489364624023,2.978496551513672,74.53902777777778,0.55,4,4,92.80847222222222,0.907536804676056,33.774326,70.56854,0.2336,1.795938491821289
5KPH_4_4_5_combined_id2,0.5832173824310303,3.9078786373138428,94.75027777777778,0.81,4,4,92.80847222222222,0.907536804676056,33.774326,70.56854,0.2285,2.4717400868733725
5KPH_4_4_5_combined_id20,1.0099329948425293,1.4063303470611572,88.24638888888889,0.68,4,4,92.80847222222222,0.907536804676056,33.774326,70.56854,0.2223,1.86519283718533
5KPH_4_4_5_combined_id21,0.9116168022155762,1.5027060508728027,90.05361111111112,0.75,4,4,92.80847222222222,0.907536804676056,33.774326,70.56854,0.2395,1.660516103108724
5KPH_4_4_5_combined_id22,0.7508724927902222,1.6464920043945312,91.05708333333334,0.75,4,4,92.80847222222222,0.907536804676056,33.774326,70.56854,0.2336,1.984870062934028
5KPH_4_4_5_combined_id23,1.1703062057495117,2.308319330215454,89.19277777777778,0.72,4,4,92.80847222222222,0.907536804676056,33.774326,70.56854,0.2209,1.7201101515028212
5KPH_4_4_5_combined_id24,1.9292443990707397,1.8770651817321777,87.7863888888889,0.68,4,4,92.80847222222222,0.907536804676056,33.774326,70.56854,0.2384,1.798839145236545
5KPH_4_4_5_combined_id3,1.0134938955307007,3.021911859512329,87.48027777777777,0.7,4,4,92.80847222222222,0.907536804676056,33.774326,70.56854,0.2205,1.7070851855807834
5KPH_4_4_5_combined_id4,1.194437026977539,3.124089241027832,89.36763888888888,0.73,4,4,92.80847222222222,0.907536804676056,33.774326,70.56854,0.2348,1.8380175696478949
5KPH_4_4_5_combined_id5,0.7910997271537781,3.0819191932678223,93.84833333333331,0.81,4,4,92.80847222222222,0.907536804676056,33.774326,70.56854,0.244,1.671647071838379
5KPH_4_4_5_combined_id6,2.2480220794677734,1.7053828239440918,86.38972222222222,0.69,4,4,92.80847222222222,0.907536804676056,33.774326,70.56854,0.2284,1.66921509636773
5KPH_4_4_5_combined_id7,0.95461106300354,1.6478887796401978,88.79527777777778,0.71,4,4,92.80847222222222,0.907536804676056,33.774326,70.56854,0.2169,1.7973276774088542
5KPH_4_4_5_combined_id8,2.2734785079956055,1.8434479236602783,82.21583333333334,0.64,4,4,92.80847222222222,0.907536804676056,33.774326,70.56854,0.2148,1.7913583119710286
5KPH_4_4_5_combined_id9,0.695942223072052,2.077899217605591,89.84819444444445,0.72,4,4,92.80847222222222,0.907536804676056,33.774326,70.56854,0.2155,1.8821661207411025
5KPH_4_4_6_combined_id1,0.704672634601593,3.1799731254577637,93.80708333333334,0.8,4,4,89.12430555555555,1.1665183305740356,32.589752,68.7165,0.2186,1.9868380228678384
5KPH_4_4_6_combined_id10,1.4842873811721802,1.8731026649475098,87.23291666666667,0.7,4,4,89.12430555555555,1.1665183305740356,32.589752,68.7165,0.2421,1.789144304063585
5KPH_4_4_6_combined_id11,0.6007817387580872,3.9283063411712646,96.22430555555556,0.83,4,4,89.12430555555555,1.1665183305740356,32.589752,68.7165,0.2247,1.9210938347710504
5KPH_4_4_6_combined_id12,1.0348730087280273,3.9186134338378906,94.60902777777778,0.81,4,4,89.12430555555555,1.1665183305740356,32.589752,68.7165,0.2063,1.6468584272596571
5KPH_4_4_6_combined_id13,1.4723912477493286,2.124863386154175,86.38902777777778,0.67,4,4,89.12430555555555,1.1665183305740356,32.589752,68.7165,0.2357,1.8907712300618489
5KPH_4_4_6_combined_id14,0.6924051642417908,4.002989292144775,91.66458333333334,0.76,4,4,89.12430555555555,1.1665183305740356,32.589752,68.7165,0.2224,1.921759287516276
5KPH_4_4_6_combined_id15,0.8855546712875366,3.670640468597412,91.30902777777776,0.74,4,4,89.12430555555555,1.1665183305740356,32.589752,68.7165,0.2194,1.725108676486545
5KPH_4_4_6_combined_id16,0.687968909740448,3.9105818271636963,95.94125,0.81,4,4,89.12430555555555,1.1665183305740356,32.589752,68.7165,0.2281,2.038367165459527
5KPH_4_4_6_combined_id17,0.7164228558540344,3.9157021045684814,90.78736111111112,0.75,4,4,89.12430555555555,1.1665183305740356,32.589752,68.7165,0.2177,1.8490859137641056
5KPH_4_4_6_combined_id18,0.8364152908325195,2.5824928283691406,89.44541666666666,0.7,4,4,89.12430555555555,1.1665183305740356,32.589752,68.7165,0.2352,1.6565319697062175
5KPH_4_4_6_combined_id19,0.560687780380249,3.918455123901367,94.53125,0.81,4,4,89.12430555555555,1.1665183305740356,32.589752,68.7165,0.221,1.8355513678656683
5KPH_4_4_6_combined_id2,1.0820441246032715,1.959229588508606,88.96180555555556,0.7,4,4,89.12430555555555,1.1665183305740356,32.589752,68.7165,0.2204,1.9080045488145616
5KPH_4_4_6_combined_id20,0.6900159120559692,3.602538585662842,94.72513888888888,0.8,4,4,89.12430555555555,1.1665183305740356,32.589752,68.7165,0.2134,1.873825920952691
5KPH_4_4_6_combined_id21,2.439267635345459,1.6487998962402344,84.85152777777778,0.63,4,4,89.12430555555555,1.1665183305740356,32.589752,68.7165,0.2358,1.9115787082248263
5KPH_4_4_6_combined_id22,0.6164299845695496,3.732477903366089,90.9648611111111,0.71,4,4,89.12430555555555,1.1665183305740356,32.589752,68.7165,0.2074,2.0707227918836804
5KPH_4_4_6_combined_id23,0.6640996336936951,4.035433292388916,92.22888888888887,0.78,4,4,89.12430555555555,1.1665183305740356,32.589752,68.7165,0.2219,1.7830179002549913
5KPH_4_4_6_combined_id24,0.6417176127433777,3.85298752784729,95.51,0.83,4,4,89.12430555555555,1.1665183305740356,32.589752,68.7165,0.2108,1.6920996771918402
5KPH_4_4_6_combined_id3,0.8921186923980713,2.382459878921509,92.64722222222224,0.78,4,4,89.12430555555555,1.1665183305740356,32.589752,68.7165,0.2261,1.6490177578396268
5KPH_4_4_6_combined_id4,0.6507225036621094,3.8895645141601562,94.50791666666666,0.81,4,4,89.12430555555555,1.1665183305740356,32.589752,68.7165,0.2164,1.8148203955756288
5KPH_4_4_6_combined_id5,0.6415148377418518,3.8837311267852783,95.5551388888889,0.82,4,4,89.12430555555555,1.1665183305740356,32.589752,68.7165,0.2303,1.7709999084472656
5KPH_4_4_6_combined_id6,0.7121250033378601,3.592454195022583,90.82569444444442,0.73,4,4,89.12430555555555,1.1665183305740356,32.589752,68.7165,0.2265,1.6890923182169597
5KPH_4_4_6_combined_id7,0.7716028094291687,3.748885154724121,96.10638888888889,0.82,4,4,89.12430555555555,1.1665183305740356,32.589752,68.7165,0.2165,2.037231869167752
5KPH_4_4_6_combined_id8,0.8183383345603943,3.8420798778533936,89.53555555555555,0.69,4,4,89.12430555555555,1.1665183305740356,32.589752,68.7165,0.2322,1.693645265367296
5KPH_4_4_6_combined_id9,0.747340977191925,3.813088893890381,92.2215277777778,0.77,4,4,89.12430555555555,1.1665183305740356,32.589752,68.7165,0.2068,1.7345416810777452
5KPH_4_4_7_combined_id1,10.235401153564453,11.15848445892334,80.55972222222222,0.52,4,4,92.62972222222224,0.7483570575714111,33.38948,68.603775,0.2355,2.1194771660698786
5KPH_4_4_7_combined_id10,1.2017863988876343,3.099489212036133,86.38972222222222,0.67,4,4,92.62972222222224,0.7483570575714111,33.38948,68.603775,0.2243,1.817717658148872
5KPH_4_4_7_combined_id11,1.127540946006775,3.1396100521087646,87.16902777777779,0.68,4,4,92.62972222222224,0.7483570575714111,33.38948,68.603775,0.2094,1.911426544189453
5KPH_4_4_7_combined_id12,0.7997317910194397,2.4675824642181396,90.33916666666669,0.74,4,4,92.62972222222224,0.7483570575714111,33.38948,68.603775,0.2182,1.892914454142253
5KPH_4_4_7_combined_id13,1.5241074562072754,2.4412267208099365,86.04138888888889,0.67,4,4,92.62972222222224,0.7483570575714111,33.38948,68.603775,0.2157,2.090628517998589
5KPH_4_4_7_combined_id14,1.7708796262741089,1.9002206325531006,87.46013888888888,0.67,4,4,92.62972222222224,0.7483570575714111,33.38948,68.603775,0.2199,1.9063680436876085
5KPH_4_4_7_combined_id15,1.7586743831634521,2.1648216247558594,88.53291666666668,0.68,4,4,92.62972222222224,0.7483570575714111,33.38948,68.603775,0.2146,2.1694829728868275
5KPH_4_4_7_combined_id17,1.4233027696609497,1.4538075923919678,87.92819444444444,0.69,4,4,92.62972222222224,0.7483570575714111,33.38948,68.603775,0.2173,1.956459469265408
5KPH_4_4_7_combined_id18,1.5845000743865967,1.733005166053772,86.76861111111111,0.69,4,4,92.62972222222224,0.7483570575714111,33.38948,68.603775,0.1993,1.859513388739692
5KPH_4_4_7_combined_id2,0.8431477546691895,3.5936667919158936,92.865,0.77,4,4,92.62972222222224,0.7483570575714111,33.38948,68.603775,0.2111,2.1911703745524087
5KPH_4_4_7_combined_id20,2.5728986263275146,1.636820673942566,90.40125,0.73,4,4,92.62972222222224,0.7483570575714111,33.38948,68.603775,0.2217,1.9977857801649304
5KPH_4_4_7_combined_id21,1.5821183919906616,1.1324821710586548,90.55541666666666,0.74,4,4,92.62972222222224,0.7483570575714111,33.38948,68.603775,0.2144,1.841293546888564
5KPH_4_4_7_combined_id22,0.8842292428016663,3.1271395683288574,85.03722222222223,0.66,4,4,92.62972222222224,0.7483570575714111,33.38948,68.603775,0.2041,2.0390281677246094
5KPH_4_4_7_combined_id23,1.8528485298156738,1.4995323419570923,88.51722222222222,0.73,4,4,92.62972222222224,0.7483570575714111,33.38948,68.603775,0.2358,1.879208034939236
5KPH_4_4_7_combined_id24,1.186766266822815,3.064894914627075,90.30875,0.74,4,4,92.62972222222224,0.7483570575714111,33.38948,68.603775,0.2157,1.723708258734809
5KPH_4_4_7_combined_id3,0.7924053072929382,3.061368227005005,90.41152777777778,0.74,4,4,92.62972222222224,0.7483570575714111,33.38948,68.603775,0.2204,1.8394154442681208
5KPH_4_4_7_combined_id4,1.8051358461380005,2.577671766281128,90.92138888888888,0.75,4,4,92.62972222222224,0.7483570575714111,33.38948,68.603775,0.2222,1.8633289337158203
5KPH_4_4_7_combined_id5,1.1529769897460938,1.4081069231033325,87.02513888888888,0.67,4,4,92.62972222222224,0.7483570575714111,33.38948,68.603775,0.2019,1.95802730984158
5KPH_4_4_7_combined_id6,2.7812771797180176,1.363595962524414,90.11902777777776,0.74,4,4,92.62972222222224,0.7483570575714111,33.38948,68.603775,0.2031,2.087646908230252
5KPH_4_4_7_combined_id7,0.7790520191192627,2.4144046306610107,90.1073611111111,0.69,4,4,92.62972222222224,0.7483570575714111,33.38948,68.603775,0.209,2.2536523607042103
5KPH_4_4_7_combined_id8,2.3083107471466064,1.6187947988510132,83.4801388888889,0.63,4,4,92.62972222222224,0.7483570575714111,33.38948,68.603775,0.2164,1.893510182698568
5KPH_4_4_7_combined_id9,1.1793125867843628,1.9698443412780762,86.86583333333334,0.66,4,4,92.62972222222224,0.7483570575714111,33.38948,68.603775,0.2189,2.0434305402967663
5KPH_4_4_9_combined_id1,0.5763530731201172,3.5302274227142334,94.24055555555556,0.8,4,4,94.25958333333334,1.280981183052063,32.812706,69.49533,0.2448,2.303504943847656
5KPH_4_4_9_combined_id10,0.5465177297592163,3.731651782989502,93.55097222222224,0.78,4,4,94.25958333333334,1.280981183052063,32.812706,69.49533,0.2284,1.8754204644097223
5KPH_4_4_9_combined_id11,0.8221564292907715,3.139437437057495,91.17833333333334,0.75,4,4,94.25958333333334,1.280981183052063,32.812706,69.49533,0.232,1.9847566816541884
5KPH_4_4_9_combined_id12,0.7050944566726685,3.0924065113067627,92.74097222222224,0.77,4,4,94.25958333333334,1.280981183052063,32.812706,69.49533,0.2322,2.4734971788194446
5KPH_4_4_9_combined_id13,0.7785712480545044,3.6672627925872803,90.69805555555556,0.73,4,4,94.25958333333334,1.280981183052063,32.812706,69.49533,0.2318,2.2706866794162326
5KPH_4_4_9_combined_id14,0.575141191482544,4.039482593536377,95.88097222222224,0.82,4,4,94.25958333333334,1.280981183052063,32.812706,69.49533,0.2438,2.4471783108181424
5KPH_4_4_9_combined_id15,0.764201283454895,3.821096181869507,92.76097222222222,0.78,4,4,94.25958333333334,1.280981183052063,32.812706,69.49533,0.213,2.5120377010769315
5KPH_4_4_9_combined_id17,0.7380084991455078,2.3110616207122803,93.54847222222222,0.79,4,4,94.25958333333334,1.280981183052063,32.812706,69.49533,0.2536,1.9699753655327688
5KPH_4_4_9_combined_id18,0.8874855041503906,3.5762250423431396,94.98791666666664,0.81,4,4,94.25958333333334,1.280981183052063,32.812706,69.49533,0.2459,2.082686106363932
5KPH_4_4_9_combined_id19,0.6765801906585693,3.898620128631592,94.85375,0.81,4,4,94.25958333333334,1.280981183052063,32.812706,69.49533,0.227,2.3291424645317926
5KPH_4_4_9_combined_id2,1.121530294418335,3.1966869831085205,93.81402777777778,0.8,4,4,94.25958333333334,1.280981183052063,32.812706,69.49533,0.2531,1.9271522098117404
5KPH_4_4_9_combined_id21,0.6417548656463623,3.8018882274627686,94.15847222222222,0.79,4,4,94.25958333333334,1.280981183052063,32.812706,69.49533,0.2266,2.484535217285156
5KPH_4_4_9_combined_id22,0.7816736102104187,3.677708148956299,95.1175,0.79,4,4,94.25958333333334,1.280981183052063,32.812706,69.49533,0.2347,2.224602381388346
5KPH_4_4_9_combined_id24,0.7826870083808899,3.5453410148620605,95.52541666666669,0.81,4,4,94.25958333333334,1.280981183052063,32.812706,69.49533,0.241,2.157317691379123
5KPH_4_4_9_combined_id4,0.5717690587043762,3.909419536590576,95.13569444444444,0.82,4,4,94.25958333333334,1.280981183052063,32.812706,69.49533,0.2364,2.1846724616156683
5KPH_4_4_9_combined_id5,0.6019133925437927,3.975735664367676,93.7501388888889,0.78,4,4,94.25958333333334,1.280981183052063,32.812706,69.49533,0.2401,2.5273526509602866
5KPH_4_4_9_combined_id6,0.656949520111084,2.7061564922332764,94.305,0.8,4,4,94.25958333333334,1.280981183052063,32.812706,69.49533,0.2369,2.2321946885850696
5KPH_4_4_9_combined_id7,0.719201385974884,3.803797483444214,94.0313888888889,0.8,4,4,94.25958333333334,1.280981183052063,32.812706,69.49533,0.2283,2.018018298678928
5KPH_4_4_9_combined_id8,0.7949822545051575,3.4791290760040283,88.90847222222222,0.71,4,4,94.25958333333334,1.280981183052063,32.812706,69.49533,0.226,2.341344197591146
5KPH_4_6_0_combined_id1,1.0808062553405762,3.536513566970825,92.70444444444443,0.77,4,6,89.16597222222224,1.139251947402954,32.84183,69.67821,0.2335,1.6507018407185872
5KPH_4_6_0_combined_id10,1.1399394273757935,2.176065444946289,85.36708333333334,0.66,4,6,89.16597222222224,1.139251947402954,32.84183,69.67821,0.2458,2.0240760379367404
5KPH_4_6_0_combined_id12,0.6509642004966736,3.8878462314605713,96.39194444444443,0.84,4,6,89.16597222222224,1.139251947402954,32.84183,69.67821,0.2277,2.023497051662869
5KPH_4_6_0_combined_id13,1.3055930137634277,3.499786138534546,93.22097222222222,0.78,4,6,89.16597222222224,1.139251947402954,32.84183,69.67821,0.2251,2.0191175672743054
5KPH_4_6_0_combined_id14,0.8777706623077393,3.6029856204986572,92.94180555555556,0.77,4,6,89.16597222222224,1.139251947402954,32.84183,69.67821,0.1991,1.933048672146268
5KPH_4_6_0_combined_id15,1.285446286201477,2.967090606689453,86.34666666666665,0.68,4,6,89.16597222222224,1.139251947402954,32.84183,69.67821,0.1989,2.2215504116482205
5KPH_4_6_0_combined_id16,0.9179247617721558,2.729698896408081,90.13430555555556,0.73,4,6,89.16597222222224,1.139251947402954,32.84183,69.67821,0.2234,1.787030537923177
5KPH_4_6_0_combined_id17,1.5419106483459473,3.2144148349761963,90.73875,0.72,4,6,89.16597222222224,1.139251947402954,32.84183,69.67821,0.2103,1.929488288031684
5KPH_4_6_0_combined_id18,0.9266079068183899,2.1942615509033203,89.24291666666666,0.72,4,6,89.16597222222224,1.139251947402954,32.84183,69.67821,0.219,1.9464569091796875
5KPH_4_6_0_combined_id19,0.9274176359176636,1.8162986040115356,90.62958333333331,0.74,4,6,89.16597222222224,1.139251947402954,32.84183,69.67821,0.2238,1.873167249891493
5KPH_4_6_0_combined_id2,1.7877634763717651,2.377244710922241,88.9075,0.71,4,6,89.16597222222224,1.139251947402954,32.84183,69.67821,0.2228,1.911385006374783
5KPH_4_6_0_combined_id20,0.8071684837341309,2.686187744140625,91.21902777777775,0.76,4,6,89.16597222222224,1.139251947402954,32.84183,69.67821,0.2247,1.940594991048177
5KPH_4_6_0_combined_id21,1.366330862045288,3.5893120765686035,96.065,0.81,4,6,89.16597222222224,1.139251947402954,32.84183,69.67821,0.2281,1.7655279371473525
5KPH_4_6_0_combined_id22,0.9000695943832397,2.7680866718292236,92.88833333333336,0.75,4,6,89.16597222222224,1.139251947402954,32.84183,69.67821,0.237,2.053775151570638
5KPH_4_6_0_combined_id23,0.9724787473678589,2.360224962234497,91.20874999999998,0.73,4,6,89.16597222222224,1.139251947402954,32.84183,69.67821,0.2279,2.0283802880181208
5KPH_4_6_0_combined_id24,2.4785099029541016,1.498167634010315,86.97819444444445,0.68,4,6,89.16597222222224,1.139251947402954,32.84183,69.67821,0.235,1.952090793185764
5KPH_4_6_0_combined_id3,0.8384189009666443,3.586238145828247,94.34458333333332,0.8,4,6,89.16597222222224,1.139251947402954,32.84183,69.67821,0.2219,1.964882108900282
5KPH_4_6_0_combined_id4,1.0015473365783691,3.425093650817871,95.52861111111112,0.8,4,6,89.16597222222224,1.139251947402954,32.84183,69.67821,0.2175,2.23113759358724
5KPH_4_6_0_combined_id5,0.8080430030822754,3.7359745502471924,93.43986111111111,0.79,4,6,89.16597222222224,1.139251947402954,32.84183,69.67821,0.2316,2.031232621934679
5KPH_4_6_0_combined_id6,0.7537997364997864,3.606830596923828,95.27625,0.81,4,6,89.16597222222224,1.139251947402954,32.84183,69.67821,0.2227,1.895264519585504
5KPH_4_6_0_combined_id7,0.8936164379119873,3.4973511695861816,95.5573611111111,0.8,4,6,89.16597222222224,1.139251947402954,32.84183,69.67821,0.2311,1.851255628797743
5KPH_4_6_0_combined_id8,0.7410855293273926,3.7652337551116943,94.85819444444444,0.81,4,6,89.16597222222224,1.139251947402954,32.84183,69.67821,0.2388,2.0988118913438587
5KPH_4_6_0_combined_id9,0.8935262560844421,2.5745415687561035,90.78986111111112,0.73,4,6,89.16597222222224,1.139251947402954,32.84183,69.67821,0.2012,2.267241583930121
5KPH_4_6_2_combined_id1,1.106074333190918,2.636601209640503,85.7761111111111,0.66,4,6,88.62180555555557,0.8090882301330566,33.79516,69.842575,0.2263,2.1278843349880643
5KPH_4_6_2_combined_id10,0.940194308757782,2.7812626361846924,92.81611111111113,0.76,4,6,88.62180555555557,0.8090882301330566,33.79516,69.842575,0.2218,2.1901787651909723
5KPH_4_6_2_combined_id11,1.4645881652832031,2.5072619915008545,85.68222222222222,0.66,4,6,88.62180555555557,0.8090882301330566,33.79516,69.842575,0.2256,2.072272618611654
5KPH_4_6_2_combined_id12,1.5257377624511719,2.2604994773864746,85.6251388888889,0.68,4,6,88.62180555555557,0.8090882301330566,33.79516,69.842575,0.2204,2.220950444539388
5KPH_4_6_2_combined_id13,1.5733635425567627,2.7290101051330566,87.7038888888889,0.67,4,6,88.62180555555557,0.8090882301330566,33.79516,69.842575,0.2075,2.151131100124783
5KPH_4_6_2_combined_id14,2.008958578109741,2.0190796852111816,85.01388888888889,0.66,4,6,88.62180555555557,0.8090882301330566,33.79516,69.842575,0.2246,2.1145172119140625
5KPH_4_6_2_combined_id15,1.4817615747451782,1.9684746265411377,93.27736111111112,0.77,4,6,88.62180555555557,0.8090882301330566,33.79516,69.842575,0.2175,2.2797876993815103
5KPH_4_6_2_combined_id16,2.2185757160186768,1.8113021850585938,88.87319444444444,0.69,4,6,88.62180555555557,0.8090882301330566,33.79516,69.842575,0.2178,2.0019232432047525
5KPH_4_6_2_combined_id17,1.0290286540985107,3.1501412391662598,89.21763888888889,0.71,4,6,88.62180555555557,0.8090882301330566,33.79516,69.842575,0.2171,2.091921912299262
5KPH_4_6_2_combined_id18,0.8256875872612,3.2577641010284424,93.71027777777778,0.79,4,6,88.62180555555557,0.8090882301330566,33.79516,69.842575,0.2396,2.103892220391168
5KPH_4_6_2_combined_id19,2.019735336303711,1.662062168121338,87.27319444444444,0.67,4,6,88.62180555555557,0.8090882301330566,33.79516,69.842575,0.2139,1.89021470811632
5KPH_4_6_2_combined_id2,2.058333158493042,1.5217334032058716,85.34902777777776,0.69,4,6,88.62180555555557,0.8090882301330566,33.79516,69.842575,0.2343,1.991861555311415
5KPH_4_6_2_combined_id20,0.7470564246177673,4.224782466888428,92.72722222222222,0.79,4,6,88.62180555555557,0.8090882301330566,33.79516,69.842575,0.2097,2.3887257046169705
5KPH_4_6_2_combined_id21,2.3488991260528564,1.7885491847991943,92.7961111111111,0.76,4,6,88.62180555555557,0.8090882301330566,33.79516,69.842575,0.2142,2.057398902045356
5KPH_4_6_2_combined_id22,0.7012094855308533,3.997205972671509,93.51055555555556,0.78,4,6,88.62180555555557,0.8090882301330566,33.79516,69.842575,0.2081,2.3672538333468967
5KPH_4_6_2_combined_id24,1.0328117609024048,3.3107028007507324,91.14791666666666,0.76,4,6,88.62180555555557,0.8090882301330566,33.79516,69.842575,0.2002,2.254658593071832
5KPH_4_6_2_combined_id4,1.8516082763671875,1.921549916267395,85.87791666666666,0.67,4,6,88.62180555555557,0.8090882301330566,33.79516,69.842575,0.2169,1.8417235480414496
5KPH_4_6_2_combined_id6,1.3566627502441406,3.0857350826263428,85.95958333333334,0.65,4,6,88.62180555555557,0.8090882301330566,33.79516,69.842575,0.2151,1.9320746527777777
5KPH_4_6_2_combined_id7,1.1321982145309448,2.7311623096466064,89.13638888888889,0.73,4,6,88.62180555555557,0.8090882301330566,33.79516,69.842575,0.234,2.2375411987304688
5KPH_4_6_2_combined_id8,1.14740788936615,2.73476505279541,91.2886111111111,0.74,4,6,88.62180555555557,0.8090882301330566,33.79516,69.842575,0.1987,2.064010408189562
5KPH_4_6_2_combined_id9,1.0254379510879517,2.5895092487335205,87.04666666666668,0.66,4,6,88.62180555555557,0.8090882301330566,33.79516,69.842575,0.2021,2.126739501953125
5KPH_4_6_3_combined_id1,1.4778982400894165,2.226886749267578,86.12777777777778,0.67,4,6,95.00166666666664,0.9441994428634644,32.9714,70.57439,0.2315,1.84468756781684
5KPH_4_6_3_combined_id10,1.134712815284729,2.477595567703247,86.48680555555556,0.66,4,6,95.00166666666664,0.9441994428634644,32.9714,70.57439,0.2173,1.600812806023492
5KPH_4_6_3_combined_id11,1.1064295768737793,2.7117061614990234,87.04402777777779,0.69,4,6,95.00166666666664,0.9441994428634644,32.9714,70.57439,0.2215,1.5934925079345703
5KPH_4_6_3_combined_id12,1.330378770828247,1.4810007810592651,91.71430555555555,0.75,4,6,95.00166666666664,0.9441994428634644,32.9714,70.57439,0.2396,1.7194124857584636
5KPH_4_6_3_combined_id13,0.8671478629112244,3.385359048843384,90.62666666666668,0.75,4,6,95.00166666666664,0.9441994428634644,32.9714,70.57439,0.2282,1.5380630493164062
5KPH_4_6_3_combined_id14,1.1207342147827148,3.5506832599639893,93.23430555555557,0.77,4,6,95.00166666666664,0.9441994428634644,32.9714,70.57439,0.2262,1.7352282206217449
5KPH_4_6_3_combined_id15,1.1337722539901733,3.0148189067840576,88.37833333333333,0.7,4,6,95.00166666666664,0.9441994428634644,32.9714,70.57439,0.2366,1.6556447347005208
5KPH_4_6_3_combined_id16,0.6560510396957397,3.8520259857177734,91.6690277777778,0.77,4,6,95.00166666666664,0.9441994428634644,32.9714,70.57439,0.211,2.0923841264512806
5KPH_4_6_3_combined_id17,0.7102162837982178,2.5511951446533203,87.75361111111111,0.67,4,6,95.00166666666664,0.9441994428634644,32.9714,70.57439,0.2048,1.84084701538086
5KPH_4_6_3_combined_id18,1.3375391960144043,2.6595449447631836,91.00680555555556,0.75,4,6,95.00166666666664,0.9441994428634644,32.9714,70.57439,0.2437,1.7169740464952257
5KPH_4_6_3_combined_id19,1.6427525281906128,2.2644174098968506,87.16472222222222,0.66,4,6,95.00166666666664,0.9441994428634644,32.9714,70.57439,0.2047,1.820709228515625
5KPH_4_6_3_combined_id2,1.3580694198608398,2.7667741775512695,86.30388888888889,0.67,4,6,95.00166666666664,0.9441994428634644,32.9714,70.57439,0.2209,1.7884515126546223
5KPH_4_6_3_combined_id20,1.1851838827133179,2.7092456817626953,84.24347222222224,0.63,4,6,95.00166666666664,0.9441994428634644,32.9714,70.57439,0.205,1.633625136481391
5KPH_4_6_3_combined_id21,1.2040538787841797,2.195931911468506,85.48680555555555,0.64,4,6,95.00166666666664,0.9441994428634644,32.9714,70.57439,0.2148,1.8786549038357203
5KPH_4_6_3_combined_id22,1.057876467704773,3.77597975730896,91.72430555555556,0.75,4,6,95.00166666666664,0.9441994428634644,32.9714,70.57439,0.2285,1.5746480094061956
5KPH_4_6_3_combined_id23,0.9694706201553345,4.28808069229126,91.4625,0.75,4,6,95.00166666666664,0.9441994428634644,32.9714,70.57439,0.2278,1.9525487687852647
5KPH_4_6_3_combined_id24,1.3138258457183838,2.3879058361053467,92.30708333333332,0.77,4,6,95.00166666666664,0.9441994428634644,32.9714,70.57439,0.2456,1.707071304321289
5KPH_4_6_3_combined_id3,0.6629540324211121,4.134510517120361,93.02388888888888,0.77,4,6,95.00166666666664,0.9441994428634644,32.9714,70.57439,0.2173,2.124015384250217
5KPH_4_6_3_combined_id4,1.0660409927368164,3.7171518802642822,87.82013888888888,0.68,4,6,95.00166666666664,0.9441994428634644,32.9714,70.57439,0.2262,1.5755475362141926
5KPH_4_6_3_combined_id5,1.9475023746490479,1.7987862825393677,91.20319444444443,0.74,4,6,95.00166666666664,0.9441994428634644,32.9714,70.57439,0.231,1.7114217546251085
5KPH_4_6_3_combined_id6,0.9082485437393188,2.4917118549346924,89.23486111111112,0.67,4,6,95.00166666666664,0.9441994428634644,32.9714,70.57439,0.229,1.874376720852322
5KPH_4_6_3_combined_id7,0.6495028734207153,3.8973944187164307,95.7627777777778,0.81,4,6,95.00166666666664,0.9441994428634644,32.9714,70.57439,0.2234,1.949928495619032
5KPH_4_6_3_combined_id8,0.8549615144729614,2.6561951637268066,86.55847222222222,0.67,4,6,95.00166666666664,0.9441994428634644,32.9714,70.57439,0.226,1.719103177388509
5KPH_4_6_3_combined_id9,1.4900285005569458,2.3453705310821533,88.04291666666667,0.71,4,6,95.00166666666664,0.9441994428634644,32.9714,70.57439,0.2435,1.835906982421875
5KPH_4_6_4_combined_id10,0.905867874622345,3.9479479789733887,93.49527777777776,0.8,4,6,91.54125,0.9237762689590454,32.34218,68.47058,0.2355,1.9075440300835504
5KPH_4_6_4_combined_id11,0.8534976243972778,2.8760454654693604,92.07958333333332,0.77,4,6,91.54125,0.9237762689590454,32.34218,68.47058,0.2221,1.77182494269477
5KPH_4_6_4_combined_id12,0.7237841486930847,2.65604567527771,93.43083333333334,0.79,4,6,91.54125,0.9237762689590454,32.34218,68.47058,0.2277,1.9493624369303384
5KPH_4_6_4_combined_id13,1.8841322660446167,2.2376341819763184,86.4851388888889,0.69,4,6,91.54125,0.9237762689590454,32.34218,68.47058,0.2294,1.7865647210015192
5KPH_4_6_4_combined_id14,1.3147251605987549,3.2254531383514404,91.16458333333334,0.74,4,6,91.54125,0.9237762689590454,32.34218,68.47058,0.2102,2.201157251993815
5KPH_4_6_4_combined_id15,0.7445981502532959,3.856802463531494,93.40027777777776,0.78,4,6,91.54125,0.9237762689590454,32.34218,68.47058,0.2069,2.0070122612847223
5KPH_4_6_4_combined_id16,1.4540488719940186,2.634166717529297,87.4401388888889,0.66,4,6,91.54125,0.9237762689590454,32.34218,68.47058,0.2284,1.897995842827691
5KPH_4_6_4_combined_id17,1.025380253791809,2.9880104064941406,93.78208333333332,0.78,4,6,91.54125,0.9237762689590454,32.34218,68.47058,0.2186,1.7432967291937933
5KPH_4_6_4_combined_id18,1.0361377000808716,2.5353028774261475,94.76805555555556,0.8,4,6,91.54125,0.9237762689590454,32.34218,68.47058,0.2405,1.7402735816107855
5KPH_4_6_4_combined_id19,0.9290316700935364,3.9659829139709473,93.04361111111112,0.78,4,6,91.54125,0.9237762689590454,32.34218,68.47058,0.2278,2.0866400400797525
5KPH_4_6_4_combined_id2,0.948285698890686,3.7451975345611572,93.49777777777778,0.78,4,6,91.54125,0.9237762689590454,32.34218,68.47058,0.2292,2.189755121866862
5KPH_4_6_4_combined_id20,0.9931803345680237,3.8451945781707764,94.61597222222224,0.79,4,6,91.54125,0.9237762689590454,32.34218,68.47058,0.2277,1.9242674509684248
5KPH_4_6_4_combined_id21,0.8963472843170166,3.2480058670043945,90.02319444444444,0.71,4,6,91.54125,0.9237762689590454,32.34218,68.47058,0.2111,2.1911839379204645
5KPH_4_6_4_combined_id22,1.4829436540603638,2.448512315750122,83.95597222222221,0.66,4,6,91.54125,0.9237762689590454,32.34218,68.47058,0.2333,1.8766555786132808
5KPH_4_6_4_combined_id23,0.9710782170295715,3.287687301635742,92.63152777777776,0.76,4,6,91.54125,0.9237762689590454,32.34218,68.47058,0.2321,1.9999883439805768
5KPH_4_6_4_combined_id24,1.4130102396011353,2.771158456802368,87.24097222222223,0.68,4,6,91.54125,0.9237762689590454,32.34218,68.47058,0.2129,1.877381854587131
5KPH_4_6_4_combined_id4,0.784776508808136,3.3441457748413086,87.85833333333332,0.72,4,6,91.54125,0.9237762689590454,32.34218,68.47058,0.2186,2.329239103529188
5KPH_4_6_4_combined_id5,1.258508563041687,3.2275311946868896,89.34083333333334,0.7,4,6,91.54125,0.9237762689590454,32.34218,68.47058,0.2096,2.14523188273112
5KPH_4_6_4_combined_id6,0.9732294678688049,3.5356686115264893,92.96194444444444,0.78,4,6,91.54125,0.9237762689590454,32.34218,68.47058,0.2163,1.8080855475531683
5KPH_4_6_4_combined_id7,1.2030880451202393,2.3826510906219482,83.49888888888889,0.64,4,6,91.54125,0.9237762689590454,32.34218,68.47058,0.2296,2.112029393513997
5KPH_4_6_4_combined_id8,1.299494743347168,2.4168519973754883,88.9948611111111,0.69,4,6,91.54125,0.9237762689590454,32.34218,68.47058,0.2408,2.0504637824164496
5KPH_4_6_4_combined_id9,0.7611677646636963,4.047528266906738,92.93680555555557,0.79,4,6,91.54125,0.9237762689590454,32.34218,68.47058,0.232,2.031691233317057
5KPH_4_6_5_combined_id1,0.9534037113189697,3.884925365447998,94.2372222222222,0.8,4,6,89.50666666666666,1.2166759967803955,33.09517,71.1016,0.2111,2.418111589219836
5KPH_4_6_5_combined_id10,1.9672775268554688,1.5034633874893188,90.03680555555555,0.73,4,6,89.50666666666666,1.2166759967803955,33.09517,71.1016,0.2114,1.965734481811524
5KPH_4_6_5_combined_id11,0.7349035143852234,3.674459457397461,93.44236111111113,0.78,4,6,89.50666666666666,1.2166759967803955,33.09517,71.1016,0.2177,2.2919623057047525
5KPH_4_6_5_combined_id12,1.059535026550293,2.538870096206665,87.28569444444445,0.69,4,6,89.50666666666666,1.2166759967803955,33.09517,71.1016,0.2081,2.0814156002468533
5KPH_4_6_5_combined_id13,0.6705613136291504,3.6788880825042725,90.76097222222224,0.72,4,6,89.50666666666666,1.2166759967803955,33.09517,71.1016,0.2132,2.4875250922309027
5KPH_4_6_5_combined_id14,1.1883608102798462,3.045606851577759,88.30805555555555,0.68,4,6,89.50666666666666,1.2166759967803955,33.09517,71.1016,0.1952,2.202937232123481
5KPH_4_6_5_combined_id15,1.288224697113037,1.9181795120239258,89.55861111111112,0.7,4,6,89.50666666666666,1.2166759967803955,33.09517,71.1016,0.2086,1.8972354465060763
5KPH_4_6_5_combined_id16,0.9351028800010681,3.216172218322754,92.205,0.76,4,6,89.50666666666666,1.2166759967803955,33.09517,71.1016,0.2074,2.140802171495226
5KPH_4_6_5_combined_id17,1.6970447301864624,2.223454236984253,88.93722222222222,0.72,4,6,89.50666666666666,1.2166759967803955,33.09517,71.1016,0.2303,2.307765112982856
5KPH_4_6_5_combined_id18,1.2490812540054321,2.2425873279571533,86.83430555555555,0.67,4,6,89.50666666666666,1.2166759967803955,33.09517,71.1016,0.1894,2.103196885850694
5KPH_4_6_5_combined_id19,1.203351378440857,2.635565996170044,84.88875,0.64,4,6,89.50666666666666,1.2166759967803955,33.09517,71.1016,0.2023,1.9918331570095489
5KPH_4_6_5_combined_id2,0.9345981478691101,3.2562711238861084,89.80513888888889,0.72,4,6,89.50666666666666,1.2166759967803955,33.09517,71.1016,0.2355,2.237158033582899
5KPH_4_6_5_combined_id20,0.9855284690856934,3.516636848449707,86.4402777777778,0.65,4,6,89.50666666666666,1.2166759967803955,33.09517,71.1016,0.1988,2.25821304321289
5KPH_4_6_5_combined_id21,0.7703190445899963,3.667205572128296,93.78333333333336,0.78,4,6,89.50666666666666,1.2166759967803955,33.09517,71.1016,0.2212,2.2489132351345487
5KPH_4_6_5_combined_id23,1.5342618227005005,2.7130677700042725,85.94125000000001,0.66,4,6,89.50666666666666,1.2166759967803955,33.09517,71.1016,0.2096,2.1866429646809897
5KPH_4_6_5_combined_id24,1.4233289957046509,2.1185426712036133,87.29777777777777,0.69,4,6,89.50666666666666,1.2166759967803955,33.09517,71.1016,0.2154,2.077575259738498
5KPH_4_6_5_combined_id3,1.83800208568573,2.150054931640625,84.81,0.61,4,6,89.50666666666666,1.2166759967803955,33.09517,71.1016,0.1902,1.971883561876085
5KPH_4_6_5_combined_id4,1.02167809009552,2.2325870990753174,86.34777777777778,0.67,4,6,89.50666666666666,1.2166759967803955,33.09517,71.1016,0.2279,1.9849749671088324
5KPH_4_6_5_combined_id7,2.502558946609497,1.3454182147979736,87.70833333333333,0.68,4,6,89.50666666666666,1.2166759967803955,33.09517,71.1016,0.2321,1.79928461710612
5KPH_4_6_5_combined_id8,0.8685631155967712,3.738527774810791,92.86777777777776,0.76,4,6,89.50666666666666,1.2166759967803955,33.09517,71.1016,0.1882,2.5222125583224826
5KPH_4_6_5_combined_id9,1.1669560670852661,2.1185622215270996,88.07555555555557,0.67,4,6,89.50666666666666,1.2166759967803955,33.09517,71.1016,0.2,2.175026363796658
5KPH_4_6_6_combined_id1,1.0877747535705566,2.723515510559082,88.31652777777778,0.72,4,6,91.62611111111111,1.6711270809173584,32.26274,69.57843,0.2352,2.066004859076606
5KPH_4_6_6_combined_id10,0.7615302801132202,3.924424648284912,95.58430555555556,0.81,4,6,91.62611111111111,1.6711270809173584,32.26274,69.57843,0.2154,2.0176798502604165
5KPH_4_6_6_combined_id11,0.7779743075370789,3.507211685180664,95.30236111111113,0.81,4,6,91.62611111111111,1.6711270809173584,32.26274,69.57843,0.2259,1.9908074273003475
5KPH_4_6_6_combined_id12,0.9190448522567749,2.935422897338867,91.77444444444444,0.77,4,6,91.62611111111111,1.6711270809173584,32.26274,69.57843,0.2189,2.0134478674994574
5KPH_4_6_6_combined_id13,0.8357564806938171,3.440439224243164,89.90597222222223,0.69,4,6,91.62611111111111,1.6711270809173584,32.26274,69.57843,0.2297,2.185539033677843
5KPH_4_6_6_combined_id14,1.3195217847824097,2.8064723014831543,89.0261111111111,0.73,4,6,91.62611111111111,1.6711270809173584,32.26274,69.57843,0.2505,1.894823498196072
5KPH_4_6_6_combined_id15,1.4184315204620361,2.3657712936401367,88.235,0.7,4,6,91.62611111111111,1.6711270809173584,32.26274,69.57843,0.2444,2.067284690009223
5KPH_4_6_6_combined_id16,1.0601551532745361,3.051518201828003,86.75986111111112,0.66,4,6,91.62611111111111,1.6711270809173584,32.26274,69.57843,0.2253,2.1101116604275174
5KPH_4_6_6_combined_id17,0.7368806600570679,4.026533603668213,94.40388888888889,0.8,4,6,91.62611111111111,1.6711270809173584,32.26274,69.57843,0.2115,2.0191048516167536
5KPH_4_6_6_combined_id18,0.8355909585952759,2.760957717895508,90.93236111111112,0.75,4,6,91.62611111111111,1.6711270809173584,32.26274,69.57843,0.2275,1.9150140550401475
5KPH_4_6_6_combined_id19,1.3491257429122925,2.319349765777588,87.6263888888889,0.7,4,6,91.62611111111111,1.6711270809173584,32.26274,69.57843,0.229,1.8884184095594616
5KPH_4_6_6_combined_id2,1.1522318124771118,3.1914479732513428,94.14486111111113,0.8,4,6,91.62611111111111,1.6711270809173584,32.26274,69.57843,0.2289,2.180227279663086
5KPH_4_6_6_combined_id20,0.8995136022567749,2.4497339725494385,88.80527777777777,0.69,4,6,91.62611111111111,1.6711270809173584,32.26274,69.57843,0.2169,2.1190804375542536
5KPH_4_6_6_combined_id21,1.0930973291397095,4.1342034339904785,90.35944444444443,0.73,4,6,91.62611111111111,1.6711270809173584,32.26274,69.57843,0.2152,2.214281506008572
5KPH_4_6_6_combined_id22,0.8781616687774658,2.1083126068115234,90.2690277777778,0.71,4,6,91.62611111111111,1.6711270809173584,32.26274,69.57843,0.2346,2.020321528116862
5KPH_4_6_6_combined_id23,1.0676017999649048,4.446286201477051,87.20930555555555,0.67,4,6,91.62611111111111,1.6711270809173584,32.26274,69.57843,0.2288,2.1388541327582464
5KPH_4_6_6_combined_id24,1.4255139827728271,2.409240961074829,85.26277777777779,0.66,4,6,91.62611111111111,1.6711270809173584,32.26274,69.57843,0.2023,2.04645750257704
5KPH_4_6_6_combined_id3,0.9435616731643677,2.3392398357391357,91.41833333333334,0.74,4,6,91.62611111111111,1.6711270809173584,32.26274,69.57843,0.223,1.9449242485894096
5KPH_4_6_6_combined_id4,0.8844547271728516,3.0740745067596436,88.29083333333334,0.7,4,6,91.62611111111111,1.6711270809173584,32.26274,69.57843,0.2265,2.328181372748481
5KPH_4_6_6_combined_id5,0.7665536403656006,3.838447093963623,93.22388888888888,0.78,4,6,91.62611111111111,1.6711270809173584,32.26274,69.57843,0.2467,2.287708282470703
5KPH_4_6_6_combined_id6,0.6635880470275879,3.9912450313568115,94.15319444444444,0.8,4,6,91.62611111111111,1.6711270809173584,32.26274,69.57843,0.2256,2.2355143229166665
5KPH_4_6_6_combined_id7,1.0922588109970093,3.094653606414795,92.78236111111111,0.76,4,6,91.62611111111111,1.6711270809173584,32.26274,69.57843,0.2177,1.9133228725857203
5KPH_4_6_6_combined_id8,0.7973858714103699,3.7843589782714844,91.06611111111113,0.76,4,6,91.62611111111111,1.6711270809173584,32.26274,69.57843,0.2208,2.219520568847656
5KPH_4_6_6_combined_id9,1.06648850440979,3.13020658493042,87.78805555555556,0.7,4,6,91.62611111111111,1.6711270809173584,32.26274,69.57843,0.2271,2.139569600423177
5KPH_4_6_7_combined_id1,1.3483942747116089,2.5515239238739014,86.9948611111111,0.68,4,6,90.50333333333332,0.8344361782073975,33.366425,70.17609,0.2226,1.693295690748427
5KPH_4_6_7_combined_id10,1.9550271034240723,1.7861809730529785,89.66555555555556,0.7,4,6,90.50333333333332,0.8344361782073975,33.366425,70.17609,0.2418,1.818590588039822
5KPH_4_6_7_combined_id11,1.1120152473449707,2.3741135597229004,86.23861111111111,0.71,4,6,90.50333333333332,0.8344361782073975,33.366425,70.17609,0.233,1.9852248297797308
5KPH_4_6_7_combined_id12,0.8261803388595581,2.34672212600708,89.35041666666666,0.72,4,6,90.50333333333332,0.8344361782073975,33.366425,70.17609,0.1943,2.234992133246528
5KPH_4_6_7_combined_id13,0.937429666519165,4.009270191192627,89.79597222222222,0.71,4,6,90.50333333333332,0.8344361782073975,33.366425,70.17609,0.2006,2.236951616075304
5KPH_4_6_7_combined_id14,1.2200090885162354,2.2960376739501953,87.30041666666666,0.67,4,6,90.50333333333332,0.8344361782073975,33.366425,70.17609,0.2194,2.186441845364041
5KPH_4_6_7_combined_id15,2.6050002574920654,1.6677007675170898,92.97625,0.76,4,6,90.50333333333332,0.8344361782073975,33.366425,70.17609,0.2106,2.2500152587890625
5KPH_4_6_7_combined_id16,1.845360279083252,1.9301003217697144,86.94916666666667,0.66,4,6,90.50333333333332,0.8344361782073975,33.366425,70.17609,0.2183,2.1614401075575085
5KPH_4_6_7_combined_id17,2.1460013389587402,1.7621630430221558,93.66486111111112,0.77,4,6,90.50333333333332,0.8344361782073975,33.366425,70.17609,0.2233,1.8416964213053384
5KPH_4_6_7_combined_id18,1.3271970748901367,2.803485870361328,81.1711111111111,0.59,4,6,90.50333333333332,0.8344361782073975,33.366425,70.17609,0.1947,1.8316980997721355
5KPH_4_6_7_combined_id19,2.3539578914642334,1.8039988279342651,86.78291666666667,0.63,4,6,90.50333333333332,0.8344361782073975,33.366425,70.17609,0.213,1.9628062778049045
5KPH_4_6_7_combined_id2,1.010291576385498,1.6893470287322998,86.90055555555556,0.68,4,6,90.50333333333332,0.8344361782073975,33.366425,70.17609,0.2138,1.7185530132717557
5KPH_4_6_7_combined_id20,2.020796775817871,2.1326069831848145,87.11180555555555,0.68,4,6,90.50333333333332,0.8344361782073975,33.366425,70.17609,0.226,2.063473171657986
5KPH_4_6_7_combined_id21,1.7552835941314697,2.2220041751861572,88.72166666666666,0.7,4,6,90.50333333333332,0.8344361782073975,33.366425,70.17609,0.2255,1.865748511420356
5KPH_4_6_7_combined_id22,1.5634982585906982,2.0783557891845703,88.6725,0.71,4,6,90.50333333333332,0.8344361782073975,33.366425,70.17609,0.2147,1.9653633965386288
5KPH_4_6_7_combined_id23,1.3718804121017456,2.237746238708496,90.08875,0.72,4,6,90.50333333333332,0.8344361782073975,33.366425,70.17609,0.2205,1.8861880832248263
5KPH_4_6_7_combined_id24,1.1689971685409546,2.314826250076294,89.4563888888889,0.71,4,6,90.50333333333332,0.8344361782073975,33.366425,70.17609,0.1991,2.056250890096029
5KPH_4_6_7_combined_id3,0.8337903022766113,2.593731641769409,89.53069444444445,0.74,4,6,90.50333333333332,0.8344361782073975,33.366425,70.17609,0.2241,2.3650775485568576
5KPH_4_6_7_combined_id4,1.574393391609192,2.1917552947998047,87.07000000000001,0.68,4,6,90.50333333333332,0.8344361782073975,33.366425,70.17609,0.2026,1.929497824774848
5KPH_4_6_7_combined_id6,1.1846909523010254,3.4969279766082764,85.80333333333334,0.67,4,6,90.50333333333332,0.8344361782073975,33.366425,70.17609,0.2077,1.9829254150390625
5KPH_4_6_7_combined_id7,2.1138691902160645,2.2406320571899414,87.735,0.69,4,6,90.50333333333332,0.8344361782073975,33.366425,70.17609,0.2141,2.038221995035807
5KPH_4_6_7_combined_id8,1.2737629413604736,1.7675926685333252,90.57486111111112,0.73,4,6,90.50333333333332,0.8344361782073975,33.366425,70.17609,0.2232,1.87836668226454
5KPH_4_6_7_combined_id9,1.7357763051986694,2.351982355117798,91.5861111111111,0.73,4,6,90.50333333333332,0.8344361782073975,33.366425,70.17609,0.2254,1.889662000868056
5KPH_4_6_8_combined_id1,0.8379210233688354,3.572197198867798,91.04597222222222,0.76,4,6,88.46472222222224,1.399827003479004,31.78957,67.43025,0.2101,2.021888097127279
5KPH_4_6_8_combined_id10,0.7828532457351685,4.247434139251709,95.635,0.81,4,6,88.46472222222224,1.399827003479004,31.78957,67.43025,0.2453,1.7480529149373372
5KPH_4_6_8_combined_id11,1.9708642959594727,1.8314567804336548,86.62583333333333,0.66,4,6,88.46472222222224,1.399827003479004,31.78957,67.43025,0.2189,1.814687305026584
5KPH_4_6_8_combined_id12,0.8285670876502991,2.0430943965911865,85.87666666666665,0.68,4,6,88.46472222222224,1.399827003479004,31.78957,67.43025,0.2297,1.7724976009792752
5KPH_4_6_8_combined_id13,0.8669378757476807,2.8633482456207275,92.81041666666664,0.78,4,6,88.46472222222224,1.399827003479004,31.78957,67.43025,0.2156,1.670487403869629
5KPH_4_6_8_combined_id14,1.1631947755813599,3.3886070251464844,92.38805555555555,0.76,4,6,88.46472222222224,1.399827003479004,31.78957,67.43025,0.2181,2.0479003058539496
5KPH_4_6_8_combined_id15,1.171769618988037,1.2245129346847534,92.82875,0.76,4,6,88.46472222222224,1.399827003479004,31.78957,67.43025,0.2507,1.9840253194173176
5KPH_4_6_8_combined_id16,0.7801140546798706,1.5385533571243286,90.32055555555556,0.76,4,6,88.46472222222224,1.399827003479004,31.78957,67.43025,0.2278,1.9534195793999567
5KPH_4_6_8_combined_id17,1.2909150123596191,2.0512681007385254,88.19055555555555,0.7,4,6,88.46472222222224,1.399827003479004,31.78957,67.43025,0.2202,2.05647701687283
5KPH_4_6_8_combined_id18,1.0160648822784424,2.910292148590088,87.94986111111112,0.7,4,6,88.46472222222224,1.399827003479004,31.78957,67.43025,0.2253,2.085563235812717
5KPH_4_6_8_combined_id19,1.103205680847168,2.6044883728027344,93.78333333333336,0.79,4,6,88.46472222222224,1.399827003479004,31.78957,67.43025,0.2302,1.704156239827474
5KPH_4_6_8_combined_id2,0.7666181325912476,4.202540397644043,91.61180555555556,0.72,4,6,88.46472222222224,1.399827003479004,31.78957,67.43025,0.2324,2.0493007236056857
5KPH_4_6_8_combined_id20,0.7300832867622375,4.056301593780518,94.11916666666669,0.81,4,6,88.46472222222224,1.399827003479004,31.78957,67.43025,0.2316,1.7175988091362848
5KPH_4_6_8_combined_id21,0.9533851146697998,2.4675099849700928,91.1151388888889,0.77,4,6,88.46472222222224,1.399827003479004,31.78957,67.43025,0.2339,1.913981755574544
5KPH_4_6_8_combined_id22,1.0578707456588745,1.1475001573562622,92.89222222222222,0.78,4,6,88.46472222222224,1.399827003479004,31.78957,67.43025,0.2218,1.9298006693522136
5KPH_4_6_8_combined_id23,0.6169283986091614,4.030524253845215,95.50319444444445,0.81,4,6,88.46472222222224,1.399827003479004,31.78957,67.43025,0.2455,2.179387198554145
5KPH_4_6_8_combined_id24,1.1024978160858154,2.4270334243774414,89.03819444444444,0.72,4,6,88.46472222222224,1.399827003479004,31.78957,67.43025,0.217,1.9016831715901688
5KPH_4_6_8_combined_id3,1.1433802843093872,1.5188782215118408,86.54124999999999,0.68,4,6,88.46472222222224,1.399827003479004,31.78957,67.43025,0.2325,1.8560748630099824
5KPH_4_6_8_combined_id4,1.4203439950942993,1.797942042350769,87.92375,0.7,4,6,88.46472222222224,1.399827003479004,31.78957,67.43025,0.2208,1.9258664449055989
5KPH_4_6_8_combined_id5,1.2938097715377808,2.5092618465423584,85.2826388888889,0.66,4,6,88.46472222222224,1.399827003479004,31.78957,67.43025,0.2212,1.891441345214844
5KPH_4_6_8_combined_id6,2.4788858890533447,1.9202439785003662,86.57958333333333,0.69,4,6,88.46472222222224,1.399827003479004,31.78957,67.43025,0.2152,1.881604512532552
5KPH_4_6_8_combined_id7,0.8631922006607056,3.627809524536133,93.15625,0.8,4,6,88.46472222222224,1.399827003479004,31.78957,67.43025,0.2277,1.8480989668104384
5KPH_4_6_8_combined_id8,1.0588432550430298,2.73831844329834,87.5001388888889,0.69,4,6,88.46472222222224,1.399827003479004,31.78957,67.43025,0.2069,1.847078535291884
5KPH_4_6_9_combined_id1,1.2109861373901367,2.398610830307007,88.46125,0.72,4,6,92.31583333333332,0.7206090092658997,33.094845,70.57765,0.2352,2.072895261976454
5KPH_4_6_9_combined_id10,2.167418956756592,1.9728845357894897,89.85652777777779,0.72,4,6,92.31583333333332,0.7206090092658997,33.094845,70.57765,0.2353,2.0859603881835938
5KPH_4_6_9_combined_id11,1.2946356534957886,2.0424909591674805,86.90347222222222,0.67,4,6,92.31583333333332,0.7206090092658997,33.094845,70.57765,0.2442,1.9696481492784288
5KPH_4_6_9_combined_id12,1.5605552196502686,2.0086007118225098,87.9090277777778,0.69,4,6,92.31583333333332,0.7206090092658997,33.094845,70.57765,0.2375,2.007684071858724
5KPH_4_6_9_combined_id13,1.011616587638855,2.5061724185943604,86.72041666666668,0.7,4,6,92.31583333333332,0.7206090092658997,33.094845,70.57765,0.2374,2.102378845214844
5KPH_4_6_9_combined_id14,0.8691822290420532,3.9882946014404297,88.19416666666666,0.74,4,6,92.31583333333332,0.7206090092658997,33.094845,70.57765,0.1974,2.185031467013889
5KPH_4_6_9_combined_id15,1.555143117904663,2.297661542892456,89.7325,0.7,4,6,92.31583333333332,0.7206090092658997,33.094845,70.57765,0.2306,2.0102636549207897
5KPH_4_6_9_combined_id16,2.1421635150909424,3.5563883781433105,85.93680555555557,0.65,4,6,92.31583333333332,0.7206090092658997,33.094845,70.57765,0.2036,2.2081476847330728
5KPH_4_6_9_combined_id17,1.2014964818954468,2.848271608352661,95.62958333333331,0.81,4,6,92.31583333333332,0.7206090092658997,33.094845,70.57765,0.2032,2.13017315334744
5KPH_4_6_9_combined_id18,1.349811315536499,2.9176836013793945,92.20138888888889,0.76,4,6,92.31583333333332,0.7206090092658997,33.094845,70.57765,0.2515,2.012599521213108
5KPH_4_6_9_combined_id19,1.2699965238571167,2.7372822761535645,87.92166666666668,0.71,4,6,92.31583333333332,0.7206090092658997,33.094845,70.57765,0.2361,2.053206125895182
5KPH_4_6_9_combined_id2,2.1605005264282227,1.868363857269287,93.1438888888889,0.77,4,6,92.31583333333332,0.7206090092658997,33.094845,70.57765,0.2448,2.1495759752061634
5KPH_4_6_9_combined_id20,1.92764413356781,1.8202251195907593,87.6325,0.69,4,6,92.31583333333332,0.7206090092658997,33.094845,70.57765,0.2386,2.0690735710991754
5KPH_4_6_9_combined_id21,1.4218350648880005,1.633797287940979,86.66305555555556,0.7,4,6,92.31583333333332,0.7206090092658997,33.094845,70.57765,0.2257,2.066581514146593
5KPH_4_6_9_combined_id22,1.1139622926712036,2.3452401161193848,86.89347222222221,0.66,4,6,92.31583333333332,0.7206090092658997,33.094845,70.57765,0.2217,2.160725911458333
5KPH_4_6_9_combined_id23,0.7825606465339661,2.7223093509674072,93.68972222222222,0.8,4,6,92.31583333333332,0.7206090092658997,33.094845,70.57765,0.2264,1.7225702073838975
5KPH_4_6_9_combined_id24,1.965781569480896,1.8064892292022705,86.87472222222222,0.7,4,6,92.31583333333332,0.7206090092658997,33.094845,70.57765,0.2296,2.226154327392578
5KPH_4_6_9_combined_id3,2.068527936935425,1.5128843784332275,87.9211111111111,0.7,4,6,92.31583333333332,0.7206090092658997,33.094845,70.57765,0.2394,1.9484488169352208
5KPH_4_6_9_combined_id4,0.971858024597168,4.030195713043213,87.47555555555556,0.7,4,6,92.31583333333332,0.7206090092658997,33.094845,70.57765,0.2179,2.2075731489393444
5KPH_4_6_9_combined_id5,1.1141114234924316,1.7711211442947388,88.48083333333334,0.71,4,6,92.31583333333332,0.7206090092658997,33.094845,70.57765,0.2325,2.000804901123047
5KPH_4_6_9_combined_id6,0.6802583932876587,3.8093013763427734,92.48527777777775,0.79,4,6,92.31583333333332,0.7206090092658997,33.094845,70.57765,0.216,2.203784942626953
5KPH_4_6_9_combined_id7,0.700623631477356,3.6373343467712402,93.39041666666668,0.8,4,6,92.31583333333332,0.7206090092658997,33.094845,70.57765,0.2443,2.080030017428928
5KPH_4_6_9_combined_id8,2.3309595584869385,1.8017759323120117,89.65777777777778,0.72,4,6,92.31583333333332,0.7206090092658997,33.094845,70.57765,0.2269,2.116321351793077
5KPH_4_6_9_combined_id9,1.8677470684051514,2.561915636062622,89.7388888888889,0.73,4,6,92.31583333333332,0.7206090092658997,33.094845,70.57765,0.2164,2.1394610934787326
5KPH_4_8_0_combined_id1,0.9687464237213135,2.361027717590332,91.56541666666666,0.71,4,8,91.07986111111111,1.1039444208145142,33.723526,69.16437,0.2345,1.973241170247396
5KPH_4_8_0_combined_id10,1.2204854488372803,2.3015360832214355,85.38277777777779,0.66,4,8,91.07986111111111,1.1039444208145142,33.723526,69.16437,0.2413,1.8889692094590929
5KPH_4_8_0_combined_id11,1.0531976222991943,2.6218442916870117,90.96222222222222,0.73,4,8,91.07986111111111,1.1039444208145142,33.723526,69.16437,0.22,2.031905916002062
5KPH_4_8_0_combined_id12,1.1744849681854248,2.5818774700164795,87.10541666666667,0.68,4,8,91.07986111111111,1.1039444208145142,33.723526,69.16437,0.2323,2.0204094780815973
5KPH_4_8_0_combined_id13,0.7976456880569458,1.9786860942840576,91.25333333333332,0.71,4,8,91.07986111111111,1.1039444208145142,33.723526,69.16437,0.217,2.016865624321832
5KPH_4_8_0_combined_id14,0.8933394551277161,2.139272451400757,87.22402777777778,0.68,4,8,91.07986111111111,1.1039444208145142,33.723526,69.16437,0.2375,1.810061560736762
5KPH_4_8_0_combined_id15,2.029142379760742,2.3837809562683105,90.17180555555557,0.73,4,8,91.07986111111111,1.1039444208145142,33.723526,69.16437,0.2184,2.0325084262424045
5KPH_4_8_0_combined_id16,0.8532998561859131,2.4401957988739014,87.53513888888888,0.68,4,8,91.07986111111111,1.1039444208145142,33.723526,69.16437,0.2372,1.8771926032172308
5KPH_4_8_0_combined_id17,2.113002300262451,2.311882257461548,91.56625,0.71,4,8,91.07986111111111,1.1039444208145142,33.723526,69.16437,0.2021,2.2338373396131725
5KPH_4_8_0_combined_id18,0.8754684925079346,2.255936622619629,90.5840277777778,0.73,4,8,91.07986111111111,1.1039444208145142,33.723526,69.16437,0.2152,1.97129758199056
5KPH_4_8_0_combined_id19,0.7710873484611511,3.6192002296447754,90.22180555555556,0.72,4,8,91.07986111111111,1.1039444208145142,33.723526,69.16437,0.2185,1.916481653849284
5KPH_4_8_0_combined_id2,1.6601645946502686,2.5871217250823975,88.005,0.68,4,8,91.07986111111111,1.1039444208145142,33.723526,69.16437,0.2328,1.970752927992079
5KPH_4_8_0_combined_id20,1.550371527671814,2.5798850059509277,91.67944444444444,0.73,4,8,91.07986111111111,1.1039444208145142,33.723526,69.16437,0.1989,2.0322227478027344
5KPH_4_8_0_combined_id21,1.2791492938995361,2.6774446964263916,90.96402777777776,0.72,4,8,91.07986111111111,1.1039444208145142,33.723526,69.16437,0.226,1.964041392008464
5KPH_4_8_0_combined_id22,1.8861230611801147,2.1725363731384277,87.67791666666666,0.67,4,8,91.07986111111111,1.1039444208145142,33.723526,69.16437,0.2107,1.767708248562283
5KPH_4_8_0_combined_id23,1.7010648250579834,1.5875879526138306,86.3775,0.65,4,8,91.07986111111111,1.1039444208145142,33.723526,69.16437,0.2289,1.904564963446723
5KPH_4_8_0_combined_id24,1.1041170358657837,2.6195242404937744,87.18694444444445,0.66,4,8,91.07986111111111,1.1039444208145142,33.723526,69.16437,0.2203,2.0317626529269748
5KPH_4_8_0_combined_id3,1.7611323595046997,2.631274461746216,88.90027777777777,0.7,4,8,91.07986111111111,1.1039444208145142,33.723526,69.16437,0.2296,1.7974717881944444
5KPH_4_8_0_combined_id4,1.9443851709365845,2.2051079273223877,88.23388888888888,0.67,4,8,91.07986111111111,1.1039444208145142,33.723526,69.16437,0.2389,1.9139429728190105
5KPH_4_8_0_combined_id5,1.0168287754058838,2.5661606788635254,88.32138888888888,0.71,4,8,91.07986111111111,1.1039444208145142,33.723526,69.16437,0.2395,1.912043041653104
5KPH_4_8_0_combined_id6,0.8175056576728821,2.6328489780426025,88.49555555555555,0.69,4,8,91.07986111111111,1.1039444208145142,33.723526,69.16437,0.2045,2.172592163085937
5KPH_4_8_0_combined_id7,1.6758431196212769,2.5985262393951416,90.65291666666668,0.72,4,8,91.07986111111111,1.1039444208145142,33.723526,69.16437,0.2105,1.8002870347764757
5KPH_4_8_0_combined_id8,1.3911125659942627,2.4255826473236084,89.12625,0.68,4,8,91.07986111111111,1.1039444208145142,33.723526,69.16437,0.2381,1.9984537760416667
5KPH_4_8_0_combined_id9,1.4972083568572998,2.477433681488037,88.7475,0.7,4,8,91.07986111111111,1.1039444208145142,33.723526,69.16437,0.2254,1.799414740668403
5KPH_4_8_2_combined_id1,1.2383145093917847,1.7719029188156128,92.51875,0.76,4,8,91.22611111111112,0.7938792705535889,32.31449,70.71971,0.2162,2.0722312927246094
5KPH_4_8_2_combined_id10,0.6969897150993347,4.012235164642334,91.24097222222224,0.73,4,8,91.22611111111112,0.7938792705535889,32.31449,70.71971,0.2352,2.3774346245659723
5KPH_4_8_2_combined_id11,0.8211488127708435,1.9013028144836426,91.88611111111112,0.75,4,8,91.22611111111112,0.7938792705535889,32.31449,70.71971,0.2295,1.86598629421658
5KPH_4_8_2_combined_id12,0.7853305339813232,4.11020565032959,93.39777777777778,0.77,4,8,91.22611111111112,0.7938792705535889,32.31449,70.71971,0.2335,2.010254965888129
5KPH_4_8_2_combined_id13,0.7148681879043579,3.5907795429229736,90.2813888888889,0.75,4,8,91.22611111111112,0.7938792705535889,32.31449,70.71971,0.2125,2.4721849229600696
5KPH_4_8_2_combined_id14,0.8086144924163818,2.076476812362671,93.6775,0.79,4,8,91.22611111111112,0.7938792705535889,32.31449,70.71971,0.2177,2.226687537299262
5KPH_4_8_2_combined_id15,0.9872000217437744,3.971766471862793,91.25111111111111,0.74,4,8,91.22611111111112,0.7938792705535889,32.31449,70.71971,0.21,1.9053480360243056
5KPH_4_8_2_combined_id16,0.9487892985343933,3.3869495391845703,90.37555555555556,0.71,4,8,91.22611111111112,0.7938792705535889,32.31449,70.71971,0.224,2.10090086195204
5KPH_4_8_2_combined_id17,0.7188788652420044,4.137943267822266,92.69722222222222,0.76,4,8,91.22611111111112,0.7938792705535889,32.31449,70.71971,0.2306,1.9448303646511504
5KPH_4_8_2_combined_id18,0.7564589977264404,3.9233622550964355,94.05430555555556,0.79,4,8,91.22611111111112,0.7938792705535889,32.31449,70.71971,0.227,1.8592135111490888
5KPH_4_8_2_combined_id19,0.6882315278053284,3.400982141494751,91.15819444444443,0.77,4,8,91.22611111111112,0.7938792705535889,32.31449,70.71971,0.2198,1.9586200714111328
5KPH_4_8_2_combined_id2,0.6429857015609741,3.98917293548584,92.96986111111111,0.78,4,8,91.22611111111112,0.7938792705535889,32.31449,70.71971,0.2193,2.175124062432184
5KPH_4_8_2_combined_id20,0.8230525851249695,3.715481758117676,95.82805555555557,0.82,4,8,91.22611111111112,0.7938792705535889,32.31449,70.71971,0.2375,1.9728455013699
5KPH_4_8_2_combined_id21,0.830718994140625,3.8827548027038574,94.77375,0.8,4,8,91.22611111111112,0.7938792705535889,32.31449,70.71971,0.2077,2.003727806939019
5KPH_4_8_2_combined_id22,0.7104478478431702,3.5595343112945557,93.22972222222222,0.78,4,8,91.22611111111112,0.7938792705535889,32.31449,70.71971,0.2055,1.9696676466200087
5KPH_4_8_2_combined_id23,1.1742796897888184,2.171116590499878,88.79819444444443,0.68,4,8,91.22611111111112,0.7938792705535889,32.31449,70.71971,0.2298,1.9856380886501737
5KPH_4_8_2_combined_id24,0.8242383599281311,3.799715280532837,94.04416666666668,0.78,4,8,91.22611111111112,0.7938792705535889,32.31449,70.71971,0.2196,1.904994328816732
5KPH_4_8_2_combined_id3,0.7453406453132629,4.082883358001709,92.16652777777776,0.75,4,8,91.22611111111112,0.7938792705535889,32.31449,70.71971,0.2396,2.0593024359809027
5KPH_4_8_2_combined_id4,1.6470938920974731,2.1363325119018555,87.85819444444445,0.69,4,8,91.22611111111112,0.7938792705535889,32.31449,70.71971,0.2186,1.8907879723442929
5KPH_4_8_2_combined_id5,0.723987340927124,4.0671916007995605,93.75430555555556,0.77,4,8,91.22611111111112,0.7938792705535889,32.31449,70.71971,0.221,1.97105958726671
5KPH_4_8_2_combined_id6,0.7368921041488647,4.059781074523926,94.81722222222224,0.8,4,8,91.22611111111112,0.7938792705535889,32.31449,70.71971,0.2202,1.938809288872613
5KPH_4_8_2_combined_id7,0.7241383194923401,3.5161173343658447,89.32305555555556,0.72,4,8,91.22611111111112,0.7938792705535889,32.31449,70.71971,0.2099,2.1049474080403647
5KPH_4_8_2_combined_id8,0.7774277329444885,3.8831355571746826,93.655,0.75,4,8,91.22611111111112,0.7938792705535889,32.31449,70.71971,0.2245,2.058662838406033
5KPH_4_8_2_combined_id9,0.8643513321876526,3.3917880058288574,92.0513888888889,0.76,4,8,91.22611111111112,0.7938792705535889,32.31449,70.71971,0.2209,2.2059512668185763
5KPH_4_8_3_combined_id1,0.9756604433059692,2.3490943908691406,88.41152777777776,0.73,4,8,91.7713888888889,0.8584437370300293,31.712654,71.337776,0.2141,1.8463444179958768
5KPH_4_8_3_combined_id10,0.7914466857910156,3.4455559253692627,89.47319444444445,0.7,4,8,91.7713888888889,0.8584437370300293,31.712654,71.337776,0.2106,2.081764645046658
5KPH_4_8_3_combined_id11,1.0078990459442139,2.041200637817383,87.97097222222222,0.69,4,8,91.7713888888889,0.8584437370300293,31.712654,71.337776,0.2299,1.6288738250732422
5KPH_4_8_3_combined_id12,0.5687369108200073,4.103694915771484,92.60458333333332,0.75,4,8,91.7713888888889,0.8584437370300293,31.712654,71.337776,0.2097,2.1872119903564453
5KPH_4_8_3_combined_id13,0.9172523021697998,3.9625327587127686,90.40083333333334,0.75,4,8,91.7713888888889,0.8584437370300293,31.712654,71.337776,0.2261,2.069883346557617
5KPH_4_8_3_combined_id14,0.7959218621253967,4.1805419921875,91.10361111111108,0.74,4,8,91.7713888888889,0.8584437370300293,31.712654,71.337776,0.2029,1.8847194247775607
5KPH_4_8_3_combined_id16,0.8259742259979248,3.121720790863037,91.4948611111111,0.75,4,8,91.7713888888889,0.8584437370300293,31.712654,71.337776,0.2119,1.6453765233357749
5KPH_4_8_3_combined_id17,0.7961620688438416,3.067006826400757,90.11347222222224,0.7,4,8,91.7713888888889,0.8584437370300293,31.712654,71.337776,0.2142,2.0785870022243924
5KPH_4_8_3_combined_id18,0.7395640015602112,3.9936575889587402,92.15861111111111,0.74,4,8,91.7713888888889,0.8584437370300293,31.712654,71.337776,0.2127,2.0914957258436413
5KPH_4_8_3_combined_id19,0.5767269134521484,4.061717510223389,95.025,0.82,4,8,91.7713888888889,0.8584437370300293,31.712654,71.337776,0.2211,2.121360354953342
5KPH_4_8_3_combined_id2,0.7792850732803345,4.108059406280518,89.82763888888888,0.73,4,8,91.7713888888889,0.8584437370300293,31.712654,71.337776,0.2101,2.110448201497396
5KPH_4_8_3_combined_id20,1.3379558324813843,2.562601327896118,87.34166666666667,0.69,4,8,91.7713888888889,0.8584437370300293,31.712654,71.337776,0.2184,1.9783011542426208
5KPH_4_8_3_combined_id21,0.8402706384658813,4.361026287078857,90.42736111111113,0.73,4,8,91.7713888888889,0.8584437370300293,31.712654,71.337776,0.2023,1.8758572472466364
5KPH_4_8_3_combined_id23,1.2025222778320312,2.7478556632995605,89.03388888888888,0.72,4,8,91.7713888888889,0.8584437370300293,31.712654,71.337776,0.2251,1.77033445570204
5KPH_4_8_3_combined_id24,0.5891320109367371,3.6722092628479004,94.27430555555556,0.79,4,8,91.7713888888889,0.8584437370300293,31.712654,71.337776,0.2325,1.852633582221137
5KPH_4_8_3_combined_id3,1.337492823600769,2.9595468044281006,89.42277777777778,0.73,4,8,91.7713888888889,0.8584437370300293,31.712654,71.337776,0.2067,2.043731265597873
5KPH_4_8_3_combined_id5,0.9582544565200806,4.418891429901123,93.60680555555555,0.79,4,8,91.7713888888889,0.8584437370300293,31.712654,71.337776,0.2087,2.2971267700195312
5KPH_4_8_3_combined_id6,1.0389221906661987,3.1981518268585205,86.93291666666667,0.68,4,8,91.7713888888889,0.8584437370300293,31.712654,71.337776,0.2326,1.5775985717773438
5KPH_4_8_3_combined_id7,0.6624170541763306,3.617594003677368,93.65180555555555,0.79,4,8,91.7713888888889,0.8584437370300293,31.712654,71.337776,0.2175,1.85370847913954
5KPH_4_8_3_combined_id8,0.9501892328262329,4.24240255355835,89.99791666666665,0.71,4,8,91.7713888888889,0.8584437370300293,31.712654,71.337776,0.2314,1.997036827935113
5KPH_4_8_3_combined_id9,1.4346168041229248,3.018127918243408,88.78083333333332,0.7,4,8,91.7713888888889,0.8584437370300293,31.712654,71.337776,0.2152,2.0436685350206165
5KPH_4_8_4_combined_id1,2.447550058364868,1.8343855142593384,91.54444444444444,0.74,4,8,88.61513888888891,1.145293354988098,32.350582,70.04634,0.2416,1.944938023885091
5KPH_4_8_4_combined_id10,2.081993818283081,1.6639379262924194,87.52152777777776,0.68,4,8,88.61513888888891,1.145293354988098,32.350582,70.04634,0.2332,1.5398865805731878
5KPH_4_8_4_combined_id11,0.8276745080947876,2.6341633796691895,93.36208333333332,0.78,4,8,88.61513888888891,1.145293354988098,32.350582,70.04634,0.2261,1.8783145480685763
5KPH_4_8_4_combined_id12,1.6972711086273193,2.074962615966797,89.79347222222222,0.7,4,8,88.61513888888891,1.145293354988098,32.350582,70.04634,0.2257,1.7954135470920138
5KPH_4_8_4_combined_id13,3.4455926418304443,2.6306023597717285,92.31625,0.76,4,8,88.61513888888891,1.145293354988098,32.350582,70.04634,0.2301,1.881941901312934
5KPH_4_8_4_combined_id14,1.7056785821914673,1.653478741645813,87.26527777777778,0.67,4,8,88.61513888888891,1.145293354988098,32.350582,70.04634,0.2182,1.9634613460964627
5KPH_4_8_4_combined_id15,2.1167938709259033,1.9436103105545044,89.53194444444443,0.7,4,8,88.61513888888891,1.145293354988098,32.350582,70.04634,0.2138,1.8022632598876955
5KPH_4_8_4_combined_id16,0.9773953557014465,2.365764856338501,89.04222222222224,0.69,4,8,88.61513888888891,1.145293354988098,32.350582,70.04634,0.2187,2.0043652852376304
5KPH_4_8_4_combined_id17,0.7417653799057007,3.7066917419433594,93.83680555555556,0.79,4,8,88.61513888888891,1.145293354988098,32.350582,70.04634,0.2212,1.8127011193169489
5KPH_4_8_4_combined_id18,1.6414424180984497,3.196092367172241,89.73111111111112,0.72,4,8,88.61513888888891,1.145293354988098,32.350582,70.04634,0.2213,2.0164566040039062
5KPH_4_8_4_combined_id19,0.6693882346153259,3.740297794342041,93.26722222222222,0.76,4,8,88.61513888888891,1.145293354988098,32.350582,70.04634,0.2296,1.9951036241319444
5KPH_4_8_4_combined_id2,1.1272363662719727,2.6938910484313965,93.11097222222222,0.74,4,8,88.61513888888891,1.145293354988098,32.350582,70.04634,0.2156,2.132557339138455
5KPH_4_8_4_combined_id20,0.6930193305015564,4.029995441436768,94.82791666666668,0.8,4,8,88.61513888888891,1.145293354988098,32.350582,70.04634,0.2181,1.9287588331434464
5KPH_4_8_4_combined_id21,0.7212588787078857,3.1716182231903076,91.94805555555554,0.75,4,8,88.61513888888891,1.145293354988098,32.350582,70.04634,0.2318,1.6478072272406683
5KPH_4_8_4_combined_id22,2.5968315601348877,2.2015926837921143,90.46472222222224,0.73,4,8,88.61513888888891,1.145293354988098,32.350582,70.04634,0.1872,1.962634616427952
5KPH_4_8_4_combined_id23,1.276108741760254,2.6895344257354736,89.01277777777779,0.66,4,8,88.61513888888891,1.145293354988098,32.350582,70.04634,0.2139,1.879170311821832
5KPH_4_8_4_combined_id24,1.4668973684310913,1.65201997756958,87.65833333333333,0.69,4,8,88.61513888888891,1.145293354988098,32.350582,70.04634,0.2381,1.6665977901882596
5KPH_4_8_4_combined_id3,2.0033295154571533,1.736432671546936,89.14208333333333,0.69,4,8,88.61513888888891,1.145293354988098,32.350582,70.04634,0.2131,2.0252422756618924
5KPH_4_8_4_combined_id4,0.847796618938446,3.064638614654541,89.82194444444445,0.71,4,8,88.61513888888891,1.145293354988098,32.350582,70.04634,0.2019,1.9809112548828125
5KPH_4_8_4_combined_id5,2.155852794647217,2.6728765964508057,87.3465277777778,0.67,4,8,88.61513888888891,1.145293354988098,32.350582,70.04634,0.216,1.761307716369629
5KPH_4_8_4_combined_id6,0.7840936183929443,2.739163637161255,94.10861111111112,0.78,4,8,88.61513888888891,1.145293354988098,32.350582,70.04634,0.2331,2.349873436821832
5KPH_4_8_4_combined_id7,1.5280450582504272,2.165825843811035,90.54902777777778,0.72,4,8,88.61513888888891,1.145293354988098,32.350582,70.04634,0.2326,2.009487999810113
5KPH_4_8_4_combined_id8,0.6542491912841797,2.0627055168151855,93.36125,0.78,4,8,88.61513888888891,1.145293354988098,32.350582,70.04634,0.2218,1.9498842027452257
5KPH_4_8_4_combined_id9,0.6653020977973938,3.957437515258789,94.63166666666666,0.79,4,8,88.61513888888891,1.145293354988098,32.350582,70.04634,0.2268,1.8618715074327257
5KPH_4_8_5_combined_id1,0.8856105208396912,4.006176948547363,96.95472222222222,0.83,4,8,92.82305555555554,1.9544806480407717,32.43945,70.69413,0.2429,2.4061821831597223
5KPH_4_8_5_combined_id10,1.2140634059906006,2.3063061237335205,90.78416666666666,0.74,4,8,92.82305555555554,1.9544806480407717,32.43945,70.69413,0.2302,2.137358771430121
5KPH_4_8_5_combined_id11,1.6978912353515625,2.425217628479004,94.86027777777775,0.79,4,8,92.82305555555554,1.9544806480407717,32.43945,70.69413,0.2449,1.8650879330105248
5KPH_4_8_5_combined_id12,0.7603667974472046,3.452599287033081,90.17236111111112,0.71,4,8,92.82305555555554,1.9544806480407717,32.43945,70.69413,0.2429,2.3514891730414496
5KPH_4_8_5_combined_id13,1.211085557937622,3.297593116760254,91.30180555555556,0.75,4,8,92.82305555555554,1.9544806480407717,32.43945,70.69413,0.228,2.194186528523763
5KPH_4_8_5_combined_id14,0.9787510633468628,3.8767614364624023,89.20930555555555,0.73,4,8,92.82305555555554,1.9544806480407717,32.43945,70.69413,0.2149,2.5170809427897134
5KPH_4_8_5_combined_id15,1.274322509765625,2.8901469707489014,90.02888888888889,0.68,4,8,92.82305555555554,1.9544806480407717,32.43945,70.69413,0.2263,2.2685663435194225
5KPH_4_8_5_combined_id16,0.8226087689399719,3.909897804260254,89.16513888888888,0.68,4,8,92.82305555555554,1.9544806480407717,32.43945,70.69413,0.2102,2.3588744269477
5KPH_4_8_5_combined_id17,1.685407042503357,2.3539633750915527,94.85638888888889,0.79,4,8,92.82305555555554,1.9544806480407717,32.43945,70.69413,0.2282,2.1442563798692493
5KPH_4_8_5_combined_id18,1.5473852157592773,2.362429141998291,91.40125,0.75,4,8,92.82305555555554,1.9544806480407717,32.43945,70.69413,0.2325,2.0417026943630643
5KPH_4_8_5_combined_id19,0.6571425795555115,3.7480859756469727,94.05986111111112,0.81,4,8,92.82305555555554,1.9544806480407717,32.43945,70.69413,0.2315,2.3975130716959634
5KPH_4_8_5_combined_id2,1.1092647314071655,3.25128436088562,93.23902777777778,0.79,4,8,92.82305555555554,1.9544806480407717,32.43945,70.69413,0.2298,2.205458111233181
5KPH_4_8_5_combined_id20,0.9470562934875488,3.232816457748413,91.49111111111112,0.75,4,8,92.82305555555554,1.9544806480407717,32.43945,70.69413,0.2049,2.1389071146647134
5KPH_4_8_5_combined_id21,1.2932347059249878,2.8765830993652344,91.95208333333332,0.75,4,8,92.82305555555554,1.9544806480407717,32.43945,70.69413,0.2383,2.4261915418836804
5KPH_4_8_5_combined_id22,1.1326724290847778,2.576199531555176,90.22194444444445,0.74,4,8,92.82305555555554,1.9544806480407717,32.43945,70.69413,0.2287,1.8748287624782989
5KPH_4_8_5_combined_id23,1.9975923299789429,2.2203307151794434,90.00625,0.72,4,8,92.82305555555554,1.9544806480407717,32.43945,70.69413,0.2296,2.252388000488281
5KPH_4_8_5_combined_id24,0.8294222950935364,2.389219284057617,92.2663888888889,0.76,4,8,92.82305555555554,1.9544806480407717,32.43945,70.69413,0.2371,2.137340545654297
5KPH_4_8_5_combined_id3,1.433508038520813,3.0363733768463135,88.41027777777776,0.72,4,8,92.82305555555554,1.9544806480407717,32.43945,70.69413,0.2176,2.0149141947428384
5KPH_4_8_5_combined_id4,1.3351426124572754,2.6874873638153076,88.4473611111111,0.7,4,8,92.82305555555554,1.9544806480407717,32.43945,70.69413,0.212,1.894572999742296
5KPH_4_8_5_combined_id5,1.5953855514526367,1.9461733102798462,94.39,0.78,4,8,92.82305555555554,1.9544806480407717,32.43945,70.69413,0.2395,2.1293123033311634
5KPH_4_8_5_combined_id6,1.0137428045272827,2.4714128971099854,94.73375,0.8,4,8,92.82305555555554,1.9544806480407717,32.43945,70.69413,0.2307,2.347924550374349
5KPH_4_8_5_combined_id7,0.8197973370552063,2.884999990463257,95.37402777777775,0.79,4,8,92.82305555555554,1.9544806480407717,32.43945,70.69413,0.2155,2.1040738423665366
5KPH_4_8_5_combined_id8,0.8152796030044556,2.486617088317871,91.2526388888889,0.75,4,8,92.82305555555554,1.9544806480407717,32.43945,70.69413,0.221,2.0254927741156683
5KPH_4_8_5_combined_id9,1.1599570512771606,2.7162859439849854,87.83958333333334,0.71,4,8,92.82305555555554,1.9544806480407717,32.43945,70.69413,0.2202,2.413238525390625
5KPH_4_8_6_combined_id1,0.8661618232727051,2.3312506675720215,93.75208333333336,0.79,4,8,90.58805555555556,1.4671618938446045,33.320225,71.20774,0.2367,2.145508448282877
5KPH_4_8_6_combined_id10,0.6608803272247314,3.3253448009490967,93.97902777777776,0.78,4,8,90.58805555555556,1.4671618938446045,33.320225,71.20774,0.2632,2.3447259267171225
5KPH_4_8_6_combined_id11,0.6890095472335815,3.740892171859741,92.17013888888889,0.77,4,8,90.58805555555556,1.4671618938446045,33.320225,71.20774,0.2275,2.328400082058377
5KPH_4_8_6_combined_id12,1.041947603225708,2.220505714416504,91.23472222222225,0.74,4,8,90.58805555555556,1.4671618938446045,33.320225,71.20774,0.2425,2.103451622856988
5KPH_4_8_6_combined_id13,0.9000187516212463,3.085860013961792,94.06763888888888,0.8,4,8,90.58805555555556,1.4671618938446045,33.320225,71.20774,0.2319,1.923352347479926
5KPH_4_8_6_combined_id14,0.7812884449958801,4.008540630340576,93.08041666666664,0.77,4,8,90.58805555555556,1.4671618938446045,33.320225,71.20774,0.2289,2.1883468627929688
5KPH_4_8_6_combined_id15,0.8874974846839905,3.769296884536743,95.87708333333332,0.83,4,8,90.58805555555556,1.4671618938446045,33.320225,71.20774,0.2459,2.168634414672852
5KPH_4_8_6_combined_id16,0.777381956577301,3.4574315547943115,94.74027777777778,0.8,4,8,90.58805555555556,1.4671618938446045,33.320225,71.20774,0.2362,2.4381571875678167
5KPH_4_8_6_combined_id17,0.8482499122619629,4.050701141357422,95.925,0.82,4,8,90.58805555555556,1.4671618938446045,33.320225,71.20774,0.2459,2.1529399024115667
5KPH_4_8_6_combined_id18,0.7040497660636902,3.921159505844116,95.15013888888888,0.81,4,8,90.58805555555556,1.4671618938446045,33.320225,71.20774,0.238,2.4480885399712458
5KPH_4_8_6_combined_id19,0.8757819533348083,4.1943440437316895,96.0025,0.82,4,8,90.58805555555556,1.4671618938446045,33.320225,71.20774,0.2601,2.1868693033854165
5KPH_4_8_6_combined_id2,0.7466973066329956,3.950230360031128,95.54444444444444,0.81,4,8,90.58805555555556,1.4671618938446045,33.320225,71.20774,0.2654,2.267335044013129
5KPH_4_8_6_combined_id20,1.221977710723877,3.038419008255005,89.3136111111111,0.68,4,8,90.58805555555556,1.4671618938446045,33.320225,71.20774,0.2184,2.28542243109809
5KPH_4_8_6_combined_id21,0.8420848846435547,2.89900279045105,90.51583333333332,0.75,4,8,90.58805555555556,1.4671618938446045,33.320225,71.20774,0.2393,2.1973319583468967
5KPH_4_8_6_combined_id22,0.7158986926078796,4.220149040222168,95.91305555555556,0.82,4,8,90.58805555555556,1.4671618938446045,33.320225,71.20774,0.2413,2.1491563585069446
5KPH_4_8_6_combined_id23,2.080704927444458,2.1460089683532715,93.52416666666666,0.77,4,8,90.58805555555556,1.4671618938446045,33.320225,71.20774,0.2434,2.287705315483941
5KPH_4_8_6_combined_id24,0.9510847330093384,3.601844072341919,89.57527777777779,0.69,4,8,90.58805555555556,1.4671618938446045,33.320225,71.20774,0.2358,2.459740108913845
5KPH_4_8_6_combined_id3,0.9379079341888428,3.2315316200256348,94.78361111111111,0.8,4,8,90.58805555555556,1.4671618938446045,33.320225,71.20774,0.2232,2.025275124443902
5KPH_4_8_6_combined_id4,1.621646761894226,2.781028985977173,89.55083333333333,0.72,4,8,90.58805555555556,1.4671618938446045,33.320225,71.20774,0.2536,2.263572480943468
5KPH_4_8_6_combined_id5,0.6957074403762817,4.104504585266113,93.76,0.78,4,8,90.58805555555556,1.4671618938446045,33.320225,71.20774,0.2435,2.2345606486002603
5KPH_4_8_6_combined_id6,0.7416062355041504,3.8916118144989014,92.94805555555556,0.76,4,8,90.58805555555556,1.4671618938446045,33.320225,71.20774,0.2181,2.0836009979248047
5KPH_4_8_6_combined_id7,0.7490497827529907,3.859809398651123,93.67166666666668,0.79,4,8,90.58805555555556,1.4671618938446045,33.320225,71.20774,0.2219,2.2095870971679688
5KPH_4_8_6_combined_id8,0.8266645073890686,2.1875391006469727,93.88236111111112,0.8,4,8,90.58805555555556,1.4671618938446045,33.320225,71.20774,0.2286,2.2652575174967446
5KPH_4_8_6_combined_id9,0.8130377531051636,3.6292998790740967,96.06722222222224,0.83,4,8,90.58805555555556,1.4671618938446045,33.320225,71.20774,0.2483,2.100703557332357
5KPH_4_8_7_combined_id1,0.769105076789856,3.850477695465088,93.38833333333334,0.8,4,8,88.38486111111109,1.696976900100708,31.41913,70.87946,0.2403,2.116654713948568
5KPH_4_8_7_combined_id10,0.9893796443939209,3.5989928245544434,92.98319444444444,0.8,4,8,88.38486111111109,1.696976900100708,31.41913,70.87946,0.2295,2.1210369533962674
5KPH_4_8_7_combined_id11,1.007653832435608,3.5782880783081055,90.95083333333334,0.76,4,8,88.38486111111109,1.696976900100708,31.41913,70.87946,0.2391,2.2210841708713107
5KPH_4_8_7_combined_id12,0.8772494792938232,3.8069655895233154,92.29777777777775,0.78,4,8,88.38486111111109,1.696976900100708,31.41913,70.87946,0.2299,1.970449447631836
5KPH_4_8_7_combined_id13,0.7054203152656555,3.627068281173706,94.26541666666668,0.81,4,8,88.38486111111109,1.696976900100708,31.41913,70.87946,0.2365,1.939057879977756
5KPH_4_8_7_combined_id14,0.958835244178772,3.6765780448913574,93.71125,0.81,4,8,88.38486111111109,1.696976900100708,31.41913,70.87946,0.2353,1.9620208740234373
5KPH_4_8_7_combined_id15,0.6346789598464966,3.48173451423645,93.67861111111112,0.8,4,8,88.38486111111109,1.696976900100708,31.41913,70.87946,0.2191,2.1953527662489147
5KPH_4_8_7_combined_id16,0.5989739298820496,3.1793391704559326,92.9872222222222,0.79,4,8,88.38486111111109,1.696976900100708,31.41913,70.87946,0.2355,2.101225958930121
5KPH_4_8_7_combined_id17,0.7300294637680054,3.8773605823516846,89.64458333333333,0.75,4,8,88.38486111111109,1.696976900100708,31.41913,70.87946,0.2219,2.0288384755452475
5KPH_4_8_7_combined_id18,0.8024489879608154,3.8218698501586914,94.15166666666669,0.82,4,8,88.38486111111109,1.696976900100708,31.41913,70.87946,0.2436,1.846757253011068
5KPH_4_8_7_combined_id2,0.8595303297042847,3.614011287689209,95.1675,0.81,4,8,88.38486111111109,1.696976900100708,31.41913,70.87946,0.2509,2.082035912407769
5KPH_4_8_7_combined_id20,0.9510526657104492,3.6756603717803955,95.1325,0.82,4,8,88.38486111111109,1.696976900100708,31.41913,70.87946,0.2275,1.987998538547092
5KPH_4_8_7_combined_id21,0.6401048898696899,3.639016628265381,91.69597222222222,0.78,4,8,88.38486111111109,1.696976900100708,31.41913,70.87946,0.2424,2.140906016031901
5KPH_4_8_7_combined_id22,1.5318307876586914,2.179880380630493,84.3477777777778,0.64,4,8,88.38486111111109,1.696976900100708,31.41913,70.87946,0.2434,1.8826527065700955
5KPH_4_8_7_combined_id23,0.5376009941101074,4.091958045959473,94.86402777777778,0.82,4,8,88.38486111111109,1.696976900100708,31.41913,70.87946,0.2352,1.986952039930556
5KPH_4_8_7_combined_id24,0.6962271928787231,3.7528374195098877,94.54069444444444,0.81,4,8,88.38486111111109,1.696976900100708,31.41913,70.87946,0.2231,1.9937672085232203
5KPH_4_8_7_combined_id3,0.7684754729270935,4.019568920135498,95.20986111111112,0.82,4,8,88.38486111111109,1.696976900100708,31.41913,70.87946,0.2365,2.027891370985243
5KPH_4_8_7_combined_id4,0.6433860659599304,3.9421229362487793,92.86652777777778,0.79,4,8,88.38486111111109,1.696976900100708,31.41913,70.87946,0.2174,2.2075396643744574
5KPH_4_8_7_combined_id5,0.7285600900650024,3.643023729324341,90.45180555555557,0.76,4,8,88.38486111111109,1.696976900100708,31.41913,70.87946,0.2199,1.966861724853516
5KPH_4_8_7_combined_id6,0.48068001866340637,4.0295023918151855,94.60986111111112,0.81,4,8,88.38486111111109,1.696976900100708,31.41913,70.87946,0.2398,2.148309495713976
5KPH_4_8_7_combined_id7,0.913746178150177,3.6108555793762207,92.87791666666666,0.78,4,8,88.38486111111109,1.696976900100708,31.41913,70.87946,0.2446,2.077447255452474
5KPH_4_8_7_combined_id8,1.030042052268982,3.799063205718994,90.44513888888888,0.78,4,8,88.38486111111109,1.696976900100708,31.41913,70.87946,0.2212,2.005866156684028
5KPH_4_8_7_combined_id9,0.6506317257881165,4.147572040557861,95.23527777777778,0.82,4,8,88.38486111111109,1.696976900100708,31.41913,70.87946,0.2268,1.8760530683729384
5KPH_4_8_8_combined_id1,1.6951019763946533,2.2493772506713867,90.79583333333332,0.74,4,8,91.33597222222222,1.115950584411621,33.568592,71.45591,0.2336,1.994815826416016
5KPH_4_8_8_combined_id10,0.6755669713020325,4.163235187530518,93.28569444444445,0.78,4,8,91.33597222222222,1.115950584411621,33.568592,71.45591,0.2138,2.103816350301107
5KPH_4_8_8_combined_id11,1.1949092149734497,2.7098941802978516,87.88027777777779,0.7,4,8,91.33597222222222,1.115950584411621,33.568592,71.45591,0.2385,1.8757654825846355
5KPH_4_8_8_combined_id12,0.9031074047088623,4.171191692352295,89.64694444444444,0.72,4,8,91.33597222222222,1.115950584411621,33.568592,71.45591,0.2151,1.9434789021809893
5KPH_4_8_8_combined_id13,0.6718303561210632,2.5506603717803955,91.51472222222222,0.73,4,8,91.33597222222222,1.115950584411621,33.568592,71.45591,0.2301,1.88479232788086
5KPH_4_8_8_combined_id14,0.6957353949546814,3.6987602710723877,93.00125,0.79,4,8,91.33597222222222,1.115950584411621,33.568592,71.45591,0.23,2.181124793158637
5KPH_4_8_8_combined_id15,0.6981121301651001,3.940826177597046,92.35527777777776,0.76,4,8,91.33597222222222,1.115950584411621,33.568592,71.45591,0.2333,1.859514660305447
5KPH_4_8_8_combined_id16,0.6277296543121338,4.07136344909668,91.92708333333331,0.76,4,8,91.33597222222222,1.115950584411621,33.568592,71.45591,0.2419,1.9862643347846136
5KPH_4_8_8_combined_id17,0.855442464351654,3.646216630935669,95.6548611111111,0.82,4,8,91.33597222222222,1.115950584411621,33.568592,71.45591,0.2158,2.0165911780463324
5KPH_4_8_8_combined_id18,0.6411972045898438,3.0525147914886475,94.34430555555556,0.8,4,8,91.33597222222222,1.115950584411621,33.568592,71.45591,0.2298,1.9431495666503904
5KPH_4_8_8_combined_id19,1.0953670740127563,2.375297784805298,89.99583333333334,0.75,4,8,91.33597222222222,1.115950584411621,33.568592,71.45591,0.2358,1.8626160091824
5KPH_4_8_8_combined_id2,0.9384065270423889,4.025035858154297,92.06597222222224,0.75,4,8,91.33597222222222,1.115950584411621,33.568592,71.45591,0.2078,1.965037875705295
5KPH_4_8_8_combined_id20,0.7544741034507751,4.0585198402404785,93.84444444444443,0.79,4,8,91.33597222222222,1.115950584411621,33.568592,71.45591,0.24,1.9303160773383248
5KPH_4_8_8_combined_id21,0.8119087815284729,2.6631317138671875,95.2565277777778,0.8,4,8,91.33597222222222,1.115950584411621,33.568592,71.45591,0.2153,1.8695619371202257
5KPH_4_8_8_combined_id22,0.742901086807251,3.596602439880371,94.39805555555556,0.81,4,8,91.33597222222222,1.115950584411621,33.568592,71.45591,0.2273,1.901045905219184
5KPH_4_8_8_combined_id23,0.7039019465446472,2.531350612640381,91.79430555555555,0.76,4,8,91.33597222222222,1.115950584411621,33.568592,71.45591,0.2154,2.057505289713541
5KPH_4_8_8_combined_id24,0.9612762928009033,2.356034278869629,86.85444444444445,0.68,4,8,91.33597222222222,1.115950584411621,33.568592,71.45591,0.2205,1.947445339626736
5KPH_4_8_8_combined_id3,0.7661929726600647,4.250396728515625,93.23069444444444,0.77,4,8,91.33597222222222,1.115950584411621,33.568592,71.45591,0.2377,1.904321458604601
5KPH_4_8_8_combined_id4,0.7201476693153381,2.945561408996582,89.50791666666666,0.76,4,8,91.33597222222222,1.115950584411621,33.568592,71.45591,0.213,1.9563424852159288
5KPH_4_8_8_combined_id5,1.0056209564208984,2.655075788497925,86.16180555555555,0.68,4,8,91.33597222222222,1.115950584411621,33.568592,71.45591,0.2383,1.877804862128364
5KPH_4_8_8_combined_id6,0.7425026893615723,3.8378753662109375,95.9263888888889,0.82,4,8,91.33597222222222,1.115950584411621,33.568592,71.45591,0.2141,1.98221672905816
5KPH_4_8_8_combined_id7,0.6986193060874939,3.4024295806884766,94.47291666666666,0.8,4,8,91.33597222222222,1.115950584411621,33.568592,71.45591,0.2361,1.867008209228516
5KPH_4_8_8_combined_id8,1.013067603111267,2.5445728302001953,90.90958333333332,0.74,4,8,91.33597222222222,1.115950584411621,33.568592,71.45591,0.234,1.8815869225396047
5KPH_4_8_8_combined_id9,0.7252062559127808,3.5872325897216797,92.5127777777778,0.79,4,8,91.33597222222222,1.115950584411621,33.568592,71.45591,0.2356,1.8970911237928605
5KPH_4_8_9_combined_id1,0.9359461069107056,3.7551991939544678,93.59666666666666,0.78,4,8,88.40847222222222,0.979649782180786,33.121037,70.275444,0.2413,2.5898929172092013
5KPH_4_8_9_combined_id10,0.6857975125312805,3.3758339881896973,90.05291666666666,0.73,4,8,88.40847222222222,0.979649782180786,33.121037,70.275444,0.2451,2.840708202785916
5KPH_4_8_9_combined_id11,0.626685380935669,2.872668504714966,91.22222222222224,0.73,4,8,88.40847222222222,0.979649782180786,33.121037,70.275444,0.213,2.913587782118056
5KPH_4_8_9_combined_id12,0.9693183898925781,1.9002383947372437,90.11694444444444,0.71,4,8,88.40847222222222,0.979649782180786,33.121037,70.275444,0.2483,2.791928185356988
5KPH_4_8_9_combined_id13,0.7475356459617615,3.6608476638793945,91.915,0.75,4,8,88.40847222222222,0.979649782180786,33.121037,70.275444,0.2526,2.691424475775825
5KPH_4_8_9_combined_id15,1.4068255424499512,2.413466453552246,85.39708333333334,0.69,4,8,88.40847222222222,0.979649782180786,33.121037,70.275444,0.2468,2.500000635782877
5KPH_4_8_9_combined_id16,0.6316235661506653,3.901048183441162,94.00083333333332,0.81,4,8,88.40847222222222,0.979649782180786,33.121037,70.275444,0.2455,2.801514943440756
5KPH_4_8_9_combined_id17,0.668325662612915,2.9386000633239746,91.27736111111112,0.76,4,8,88.40847222222222,0.979649782180786,33.121037,70.275444,0.2496,2.7884813944498696
5KPH_4_8_9_combined_id18,0.7642002105712891,3.4711928367614746,90.54361111111112,0.75,4,8,88.40847222222222,0.979649782180786,33.121037,70.275444,0.2362,2.6914210849338107
5KPH_4_8_9_combined_id2,0.6787758469581604,4.066135883331299,95.61763888888888,0.82,4,8,88.40847222222222,0.979649782180786,33.121037,70.275444,0.2456,2.920234892103407
5KPH_4_8_9_combined_id20,0.6805902719497681,3.8276443481445312,94.28805555555556,0.81,4,8,88.40847222222222,0.979649782180786,33.121037,70.275444,0.2397,2.7904139624701605
5KPH_4_8_9_combined_id21,0.7955132722854614,3.8928236961364746,94.28916666666666,0.8,4,8,88.40847222222222,0.979649782180786,33.121037,70.275444,0.2326,2.548902299669054
5KPH_4_8_9_combined_id22,0.6894960999488831,3.5947070121765137,88.75791666666666,0.72,4,8,88.40847222222222,0.979649782180786,33.121037,70.275444,0.222,2.696331024169922
5KPH_4_8_9_combined_id23,0.7779971957206726,3.733046293258667,89.19999999999999,0.72,4,8,88.40847222222222,0.979649782180786,33.121037,70.275444,0.231,2.59286371866862
5KPH_4_8_9_combined_id24,0.6514635682106018,2.719574213027954,92.49402777777776,0.75,4,8,88.40847222222222,0.979649782180786,33.121037,70.275444,0.2219,2.726437038845486
5KPH_4_8_9_combined_id3,1.4126276969909668,2.000910997390747,89.76055555555556,0.71,4,8,88.40847222222222,0.979649782180786,33.121037,70.275444,0.2364,2.6752406226264105
5KPH_4_8_9_combined_id4,0.8281029462814331,4.316830158233643,95.91875,0.81,4,8,88.40847222222222,0.979649782180786,33.121037,70.275444,0.24,2.6931436326768665
5KPH_4_8_9_combined_id5,0.753782331943512,4.042228698730469,94.84611111111111,0.81,4,8,88.40847222222222,0.979649782180786,33.121037,70.275444,0.2387,2.934966617160373
5KPH_4_8_9_combined_id6,0.6633898615837097,3.758103370666504,93.49083333333334,0.8,4,8,88.40847222222222,0.979649782180786,33.121037,70.275444,0.2493,2.7973425123426647
5KPH_4_8_9_combined_id7,0.7607109546661377,4.270477294921875,92.30819444444444,0.77,4,8,88.40847222222222,0.979649782180786,33.121037,70.275444,0.2363,2.749567667643229
5KPH_4_8_9_combined_id8,0.6659383177757263,3.640090227127075,90.24930555555557,0.74,4,8,88.40847222222222,0.979649782180786,33.121037,70.275444,0.2126,2.8288375006781683
5KPH_4_8_9_combined_id9,0.7700235843658447,3.7648799419403076,94.58027777777778,0.81,4,8,88.40847222222222,0.979649782180786,33.121037,70.275444,0.2507,2.811844719780816
5KPH_6_2_5_combined_id1,0.6578449606895447,5.0267438888549805,94.19638888888888,0.8,6,2,89.26569444444443,2.621544599533081,36.551605,74.306145,0.2435,1.845564948187934
5KPH_6_2_5_combined_id10,0.7938387393951416,5.651805877685547,95.5176388888889,0.82,6,2,89.26569444444443,2.621544599533081,36.551605,74.306145,0.2449,1.9651150173611112
5KPH_6_2_5_combined_id11,0.5969533324241638,5.818578243255615,94.66222222222224,0.8,6,2,89.26569444444443,2.621544599533081,36.551605,74.306145,0.2313,1.8443980746799045
5KPH_6_2_5_combined_id12,0.7883012890815735,4.520007133483887,91.54944444444445,0.76,6,2,89.26569444444443,2.621544599533081,36.551605,74.306145,0.2194,2.0571089850531683
5KPH_6_2_5_combined_id13,0.6637023687362671,5.699393272399902,95.74777777777778,0.82,6,2,89.26569444444443,2.621544599533081,36.551605,74.306145,0.2392,2.061667972140842
5KPH_6_2_5_combined_id14,0.6981922388076782,5.827979564666748,95.72027777777777,0.82,6,2,89.26569444444443,2.621544599533081,36.551605,74.306145,0.223,1.8017874823676208
5KPH_6_2_5_combined_id15,0.7390576004981995,5.64584493637085,95.95486111111111,0.82,6,2,89.26569444444443,2.621544599533081,36.551605,74.306145,0.2524,1.9572385152180989
5KPH_6_2_5_combined_id16,0.7850618362426758,5.318671226501465,93.62027777777776,0.79,6,2,89.26569444444443,2.621544599533081,36.551605,74.306145,0.2505,1.8202376895480683
5KPH_6_2_5_combined_id17,0.6934700608253479,5.4003496170043945,93.11027777777778,0.77,6,2,89.26569444444443,2.621544599533081,36.551605,74.306145,0.2434,2.0048334333631725
5KPH_6_2_5_combined_id18,0.7657858729362488,4.7285661697387695,93.37569444444443,0.78,6,2,89.26569444444443,2.621544599533081,36.551605,74.306145,0.2473,1.8937064276801208
5KPH_6_2_5_combined_id19,0.6495424509048462,5.800126075744629,95.40194444444444,0.81,6,2,89.26569444444443,2.621544599533081,36.551605,74.306145,0.2393,1.988859388563368
5KPH_6_2_5_combined_id2,0.7620337009429932,5.478862762451172,94.8438888888889,0.81,6,2,89.26569444444443,2.621544599533081,36.551605,74.306145,0.2429,1.7732289632161458
5KPH_6_2_5_combined_id20,0.643600344657898,5.8464765548706055,95.15972222222224,0.81,6,2,89.26569444444443,2.621544599533081,36.551605,74.306145,0.2413,1.963292863633897
5KPH_6_2_5_combined_id21,0.6674184203147888,4.093083381652832,95.93791666666668,0.82,6,2,89.26569444444443,2.621544599533081,36.551605,74.306145,0.2348,2.056656731499566
5KPH_6_2_5_combined_id22,0.9114857912063599,5.32939338684082,94.22097222222222,0.8,6,2,89.26569444444443,2.621544599533081,36.551605,74.306145,0.2416,1.839125315348308
5KPH_6_2_5_combined_id23,0.6486436724662781,5.535305976867676,94.25930555555556,0.79,6,2,89.26569444444443,2.621544599533081,36.551605,74.306145,0.2292,1.869672351413303
5KPH_6_2_5_combined_id24,0.622238039970398,5.847288608551025,94.96138888888888,0.81,6,2,89.26569444444443,2.621544599533081,36.551605,74.306145,0.2247,1.8657809363471136
5KPH_6_2_5_combined_id3,0.8322101831436157,5.2197113037109375,94.11152777777778,0.81,6,2,89.26569444444443,2.621544599533081,36.551605,74.306145,0.2438,1.846825069851345
5KPH_6_2_5_combined_id4,0.7181458473205566,5.404354095458984,94.31416666666668,0.8,6,2,89.26569444444443,2.621544599533081,36.551605,74.306145,0.2406,1.85135735405816
5KPH_6_2_5_combined_id5,0.6427650451660156,5.878406524658203,95.96333333333332,0.83,6,2,89.26569444444443,2.621544599533081,36.551605,74.306145,0.2512,1.914894315931532
5KPH_6_2_5_combined_id6,0.6986864805221558,5.879919528961182,96.97597222222224,0.84,6,2,89.26569444444443,2.621544599533081,36.551605,74.306145,0.2279,2.0863880581325955
5KPH_6_2_5_combined_id7,0.5598755478858948,6.014956951141357,96.36083333333336,0.82,6,2,89.26569444444443,2.621544599533081,36.551605,74.306145,0.2207,2.009783850775825
5KPH_6_2_5_combined_id8,0.6885647773742676,5.843493461608887,95.24569444444444,0.81,6,2,89.26569444444443,2.621544599533081,36.551605,74.306145,0.2116,2.167181226942274
5KPH_6_2_5_combined_id9,0.6539359092712402,5.675563812255859,94.30166666666666,0.8,6,2,89.26569444444443,2.621544599533081,36.551605,74.306145,0.2491,2.012502670288086
5KPH_6_2_8_combined_id1,2.3837876319885254,3.8608622550964355,87.18861111111111,0.69,6,2,90.48833333333332,0.942874789237976,37.639847,71.18866,0.179,2.0597330729166665
5KPH_6_2_8_combined_id10,0.6580730080604553,4.981738567352295,93.2988888888889,0.77,6,2,90.48833333333332,0.942874789237976,37.639847,71.18866,0.1944,2.1575779385036893
5KPH_6_2_8_combined_id11,2.282292366027832,4.2743096351623535,85.29555555555555,0.69,6,2,90.48833333333332,0.942874789237976,37.639847,71.18866,0.2228,2.221885681152344
5KPH_6_2_8_combined_id12,0.7196664214134216,4.724812030792236,96.37,0.82,6,2,90.48833333333332,0.942874789237976,37.639847,71.18866,0.2062,2.387658860948351
5KPH_6_2_8_combined_id13,1.442567229270935,4.117249488830566,84.58500000000001,0.66,6,2,90.48833333333332,0.942874789237976,37.639847,71.18866,0.2236,2.1982218424479165
5KPH_6_2_8_combined_id14,1.4537802934646606,4.812023639678955,88.45583333333333,0.71,6,2,90.48833333333332,0.942874789237976,37.639847,71.18866,0.2167,2.2134371863471136
5KPH_6_2_8_combined_id15,0.6105930209159851,5.252796649932861,95.13638888888887,0.8,6,2,90.48833333333332,0.942874789237976,37.639847,71.18866,0.1976,2.337614271375868
5KPH_6_2_8_combined_id16,0.5245373845100403,6.021399021148682,95.02375,0.8,6,2,90.48833333333332,0.942874789237976,37.639847,71.18866,0.2039,2.401465098063151
5KPH_6_2_8_combined_id17,2.0841898918151855,4.077417850494385,87.91375,0.68,6,2,90.48833333333332,0.942874789237976,37.639847,71.18866,0.2038,2.325709448920356
5KPH_6_2_8_combined_id18,1.0274304151535034,6.249650478363037,95.57458333333332,0.8,6,2,90.48833333333332,0.942874789237976,37.639847,71.18866,0.2185,2.1192139519585504
5KPH_6_2_8_combined_id19,0.6213107109069824,5.90159273147583,94.03666666666666,0.8,6,2,90.48833333333332,0.942874789237976,37.639847,71.18866,0.2004,2.421678755018446
5KPH_6_2_8_combined_id2,0.6028148531913757,5.689332962036133,93.17569444444445,0.77,6,2,90.48833333333332,0.942874789237976,37.639847,71.18866,0.1931,2.4872623019748263
5KPH_6_2_8_combined_id20,2.7746522426605225,3.221757650375366,89.72041666666667,0.74,6,2,90.48833333333332,0.942874789237976,37.639847,71.18866,0.205,1.9426731533474395
5KPH_6_2_8_combined_id21,2.609452724456787,3.2124109268188477,87.28972222222222,0.64,6,2,90.48833333333332,0.942874789237976,37.639847,71.18866,0.2088,2.107642067803277
5KPH_6_2_8_combined_id22,0.76753169298172,6.231185436248779,96.5075,0.82,6,2,90.48833333333332,0.942874789237976,37.639847,71.18866,0.2173,2.5153314802381725
5KPH_6_2_8_combined_id23,1.1752831935882568,4.096905708312988,91.77569444444444,0.76,6,2,90.48833333333332,0.942874789237976,37.639847,71.18866,0.2178,2.217463599310981
5KPH_6_2_8_combined_id24,2.1298696994781494,4.967382431030273,92.07069444444444,0.73,6,2,90.48833333333332,0.942874789237976,37.639847,71.18866,0.1977,2.30844963921441
5KPH_6_2_8_combined_id3,0.8573700785636902,3.7242047786712646,93.44458333333334,0.8,6,2,90.48833333333332,0.942874789237976,37.639847,71.18866,0.2111,2.0678749084472656
5KPH_6_2_8_combined_id4,0.7235009074211121,5.892805576324463,94.92722222222224,0.81,6,2,90.48833333333332,0.942874789237976,37.639847,71.18866,0.2091,2.5170245700412326
5KPH_6_2_8_combined_id5,0.7475069761276245,5.544295787811279,95.62416666666668,0.82,6,2,90.48833333333332,0.942874789237976,37.639847,71.18866,0.2133,2.264311684502496
5KPH_6_2_8_combined_id6,1.3993819952011108,4.544771194458008,86.15555555555557,0.68,6,2,90.48833333333332,0.942874789237976,37.639847,71.18866,0.2199,2.133363723754883
5KPH_6_2_8_combined_id7,1.4967197179794312,3.476309061050415,87.37902777777776,0.69,6,2,90.48833333333332,0.942874789237976,37.639847,71.18866,0.2001,2.5840059916178384
5KPH_6_2_8_combined_id8,0.7198750972747803,4.389369010925293,95.29958333333332,0.82,6,2,90.48833333333332,0.942874789237976,37.639847,71.18866,0.2134,2.2856373257107205
5KPH_6_2_8_combined_id9,1.1583430767059326,3.3292996883392334,83.12902777777778,0.65,6,2,90.48833333333332,0.942874789237976,37.639847,71.18866,0.2204,2.1532855563693576
5KPH_6_2_9_combined_id1,0.5819991230964661,6.004643440246582,94.02041666666668,0.79,6,2,89.2786111111111,1.2775492668151855,36.16262,73.668304,0.2246,2.255835427178277
5KPH_6_2_9_combined_id11,0.897370457649231,6.13607120513916,95.30208333333331,0.81,6,2,89.2786111111111,1.2775492668151855,36.16262,73.668304,0.2323,2.1630261739095054
5KPH_6_2_9_combined_id12,0.8044695258140564,4.403902530670166,89.89611111111111,0.72,6,2,89.2786111111111,1.2775492668151855,36.16262,73.668304,0.2202,1.9288773006863065
5KPH_6_2_9_combined_id13,0.643877387046814,5.82449197769165,92.54958333333332,0.77,6,2,89.2786111111111,1.2775492668151855,36.16262,73.668304,0.2103,2.2736002604166665
5KPH_6_2_9_combined_id14,0.8969539999961853,5.599721431732178,93.97458333333331,0.79,6,2,89.2786111111111,1.2775492668151855,36.16262,73.668304,0.2144,1.89659669664171
5KPH_6_2_9_combined_id15,0.7310174703598022,4.996166229248047,91.83875,0.75,6,2,89.2786111111111,1.2775492668151855,36.16262,73.668304,0.2037,1.858868492974176
5KPH_6_2_9_combined_id16,0.9246319532394409,4.751831531524658,85.43541666666665,0.67,6,2,89.2786111111111,1.2775492668151855,36.16262,73.668304,0.2164,2.055026796129015
5KPH_6_2_9_combined_id17,0.6565089821815491,5.197678565979004,92.56597222222224,0.76,6,2,89.2786111111111,1.2775492668151855,36.16262,73.668304,0.2254,2.296796162923177
5KPH_6_2_9_combined_id18,0.6703398823738098,5.712688446044922,92.93694444444444,0.78,6,2,89.2786111111111,1.2775492668151855,36.16262,73.668304,0.2204,2.3918995327419705
5KPH_6_2_9_combined_id19,0.6451156735420227,5.761640548706055,95.0122222222222,0.81,6,2,89.2786111111111,1.2775492668151855,36.16262,73.668304,0.2041,2.24660873413086
5KPH_6_2_9_combined_id2,0.7788121700286865,4.1333327293396,91.55180555555556,0.75,6,2,89.2786111111111,1.2775492668151855,36.16262,73.668304,0.2207,2.083138359917535
5KPH_6_2_9_combined_id20,0.7822800278663635,4.807666778564453,92.57583333333334,0.77,6,2,89.2786111111111,1.2775492668151855,36.16262,73.668304,0.2269,2.0928819444444446
5KPH_6_2_9_combined_id21,1.4790841341018677,4.036762714385986,86.24666666666667,0.65,6,2,89.2786111111111,1.2775492668151855,36.16262,73.668304,0.2335,2.272886912027994
5KPH_6_2_9_combined_id22,0.703656792640686,5.862649917602539,92.15986111111113,0.76,6,2,89.2786111111111,1.2775492668151855,36.16262,73.668304,0.194,2.1887118021647134
5KPH_6_2_9_combined_id23,0.8486930727958679,3.942412853240967,90.24430555555556,0.72,6,2,89.2786111111111,1.2775492668151855,36.16262,73.668304,0.2296,2.136762407090929
5KPH_6_2_9_combined_id24,0.7949845790863037,5.764896392822266,91.7298611111111,0.76,6,2,89.2786111111111,1.2775492668151855,36.16262,73.668304,0.2272,2.333971659342448
5KPH_6_2_9_combined_id3,0.8297883868217468,6.1356000900268555,93.56305555555556,0.79,6,2,89.2786111111111,1.2775492668151855,36.16262,73.668304,0.2105,2.498306062486437
5KPH_6_2_9_combined_id4,0.8001046776771545,3.6944167613983154,90.38347222222222,0.72,6,2,89.2786111111111,1.2775492668151855,36.16262,73.668304,0.2077,2.050564024183485
5KPH_6_2_9_combined_id5,0.7841702699661255,5.7790303230285645,92.32722222222222,0.76,6,2,89.2786111111111,1.2775492668151855,36.16262,73.668304,0.195,2.1661985185411243
5KPH_6_2_9_combined_id6,0.9247007966041565,5.640700340270996,92.42777777777776,0.75,6,2,89.2786111111111,1.2775492668151855,36.16262,73.668304,0.2043,2.1262359619140625
5KPH_6_2_9_combined_id7,0.6204783916473389,5.843906402587891,91.19680555555556,0.75,6,2,89.2786111111111,1.2775492668151855,36.16262,73.668304,0.2169,2.2149649726019964
5KPH_6_2_9_combined_id8,0.8248205184936523,5.844873428344727,91.28347222222222,0.76,6,2,89.2786111111111,1.2775492668151855,36.16262,73.668304,0.2111,2.149595472547743
5KPH_6_2_9_combined_id9,0.6772626638412476,5.315814018249512,90.7526388888889,0.75,6,2,89.2786111111111,1.2775492668151855,36.16262,73.668304,0.2073,1.9559705522325304
5KPH_6_4_0_combined_id1,1.099745750427246,6.042594909667969,90.76222222222222,0.74,6,4,88.20069444444444,1.2128334045410156,36.54233,75.78509,0.2156,1.7770457797580297
5KPH_6_4_0_combined_id10,1.2582899332046509,4.249313831329346,91.35652777777776,0.75,6,4,88.20069444444444,1.2128334045410156,36.54233,75.78509,0.2189,1.8330249786376955
5KPH_6_4_0_combined_id11,1.84165358543396,4.036895275115967,84.4438888888889,0.63,6,4,88.20069444444444,1.2128334045410156,36.54233,75.78509,0.2316,1.9450895521375868
5KPH_6_4_0_combined_id12,2.422614097595215,4.32450008392334,82.76249999999999,0.62,6,4,88.20069444444444,1.2128334045410156,36.54233,75.78509,0.238,1.7429524527655706
5KPH_6_4_0_combined_id13,0.7794318795204163,3.402097702026367,92.4922222222222,0.78,6,4,88.20069444444444,1.2128334045410156,36.54233,75.78509,0.2199,1.923131306966145
5KPH_6_4_0_combined_id14,0.8782970309257507,5.424983024597168,88.39888888888889,0.69,6,4,88.20069444444444,1.2128334045410156,36.54233,75.78509,0.2146,2.0696014828152127
5KPH_6_4_0_combined_id15,1.031387448310852,5.538308143615723,88.92347222222222,0.73,6,4,88.20069444444444,1.2128334045410156,36.54233,75.78509,0.2342,1.988200929429796
5KPH_6_4_0_combined_id16,0.7331978678703308,5.854814529418945,92.09402777777775,0.76,6,4,88.20069444444444,1.2128334045410156,36.54233,75.78509,0.2125,1.783558315700955
5KPH_6_4_0_combined_id17,0.881516695022583,4.729247570037842,89.58361111111111,0.72,6,4,88.20069444444444,1.2128334045410156,36.54233,75.78509,0.209,2.033576329549154
5KPH_6_4_0_combined_id18,0.9240875840187073,5.730976104736328,90.56902777777776,0.76,6,4,88.20069444444444,1.2128334045410156,36.54233,75.78509,0.236,1.6672899458143446
5KPH_6_4_0_combined_id19,0.8456207513809204,5.65629768371582,90.59125,0.75,6,4,88.20069444444444,1.2128334045410156,36.54233,75.78509,0.2379,1.8818641238742404
5KPH_6_4_0_combined_id2,1.0746049880981445,4.463559150695801,90.56944444444444,0.76,6,4,88.20069444444444,1.2128334045410156,36.54233,75.78509,0.2251,1.80577638414171
5KPH_6_4_0_combined_id20,0.8084679841995239,5.6186981201171875,89.08777777777777,0.72,6,4,88.20069444444444,1.2128334045410156,36.54233,75.78509,0.225,1.926380581325955
5KPH_6_4_0_combined_id21,0.7650774121284485,3.5863325595855713,94.41888888888889,0.81,6,4,88.20069444444444,1.2128334045410156,36.54233,75.78509,0.2329,1.874503665500217
5KPH_6_4_0_combined_id22,0.5988567471504211,5.917439937591553,92.21402777777776,0.77,6,4,88.20069444444444,1.2128334045410156,36.54233,75.78509,0.2188,1.8675869835747607
5KPH_6_4_0_combined_id23,0.815205454826355,5.107750415802002,91.03652777777776,0.74,6,4,88.20069444444444,1.2128334045410156,36.54233,75.78509,0.2058,1.9686080084906683
5KPH_6_4_0_combined_id24,0.8438757658004761,5.259708404541016,90.99347222222224,0.77,6,4,88.20069444444444,1.2128334045410156,36.54233,75.78509,0.2576,1.889086405436198
5KPH_6_4_0_combined_id3,1.5083125829696655,4.009739875793457,86.61527777777776,0.68,6,4,88.20069444444444,1.2128334045410156,36.54233,75.78509,0.2351,1.763764911227756
5KPH_6_4_0_combined_id4,1.10527503490448,3.483114004135132,88.99694444444442,0.68,6,4,88.20069444444444,1.2128334045410156,36.54233,75.78509,0.257,1.855801264444987
5KPH_6_4_0_combined_id5,0.890182614326477,5.5427656173706055,92.9811111111111,0.78,6,4,88.20069444444444,1.2128334045410156,36.54233,75.78509,0.2272,1.938046349419488
5KPH_6_4_0_combined_id6,0.9824103713035583,4.156459808349609,86.35111111111112,0.67,6,4,88.20069444444444,1.2128334045410156,36.54233,75.78509,0.2201,1.862444559733073
5KPH_6_4_0_combined_id7,0.7712897062301636,5.991086483001709,92.13722222222222,0.76,6,4,88.20069444444444,1.2128334045410156,36.54233,75.78509,0.2065,2.066924201117621
5KPH_6_4_0_combined_id8,1.1885782480239868,4.535123348236084,91.12208333333332,0.76,6,4,88.20069444444444,1.2128334045410156,36.54233,75.78509,0.2395,1.7811592949761286
5KPH_6_4_0_combined_id9,1.108283281326294,4.370987892150879,89.28736111111111,0.74,6,4,88.20069444444444,1.2128334045410156,36.54233,75.78509,0.2598,1.770598729451497
5KPH_6_4_1_combined_id1,2.5647366046905518,3.4639663696289062,90.04361111111112,0.72,6,4,88.1413888888889,2.072749614715576,37.31248,74.65957,0.2095,2.291467030843099
5KPH_6_4_1_combined_id12,0.561366856098175,5.860383987426758,96.15805555555556,0.82,6,4,88.1413888888889,2.072749614715576,37.31248,74.65957,0.2275,2.460318671332465
5KPH_6_4_1_combined_id13,0.6927947402000427,5.5080766677856445,94.04180555555556,0.8,6,4,88.1413888888889,2.072749614715576,37.31248,74.65957,0.2337,2.4309444427490234
5KPH_6_4_1_combined_id14,0.7512924075126648,5.860982894897461,92.17222222222222,0.78,6,4,88.1413888888889,2.072749614715576,37.31248,74.65957,0.2248,2.2246536678738065
5KPH_6_4_1_combined_id15,0.8043451309204102,4.337124347686768,91.30277777777778,0.76,6,4,88.1413888888889,2.072749614715576,37.31248,74.65957,0.2213,2.255922105577257
5KPH_6_4_1_combined_id16,0.6495152711868286,5.844967842102051,95.43555555555557,0.82,6,4,88.1413888888889,2.072749614715576,37.31248,74.65957,0.2358,2.422872331407336
5KPH_6_4_1_combined_id17,0.715421199798584,4.563459873199463,91.84666666666666,0.77,6,4,88.1413888888889,2.072749614715576,37.31248,74.65957,0.2156,2.1037218305799694
5KPH_6_4_1_combined_id18,0.660661518573761,5.526962757110596,92.22069444444443,0.78,6,4,88.1413888888889,2.072749614715576,37.31248,74.65957,0.2288,2.402632819281684
5KPH_6_4_1_combined_id2,0.7755870223045349,4.705832481384277,94.12097222222222,0.81,6,4,88.1413888888889,2.072749614715576,37.31248,74.65957,0.2321,2.1887304517957897
5KPH_6_4_1_combined_id20,0.6360204815864563,5.726780414581299,94.73569444444443,0.81,6,4,88.1413888888889,2.072749614715576,37.31248,74.65957,0.2247,2.1800223456488714
5KPH_6_4_1_combined_id21,0.628869354724884,5.7517852783203125,94.64736111111112,0.81,6,4,88.1413888888889,2.072749614715576,37.31248,74.65957,0.2159,2.281491173638238
5KPH_6_4_1_combined_id22,0.740628719329834,5.43447208404541,93.31833333333331,0.8,6,4,88.1413888888889,2.072749614715576,37.31248,74.65957,0.2288,2.2695465087890625
5KPH_6_4_1_combined_id23,0.663384199142456,6.192267894744873,96.12152777777776,0.81,6,4,88.1413888888889,2.072749614715576,37.31248,74.65957,0.2187,2.5642286936442056
5KPH_6_4_1_combined_id24,0.7452565431594849,5.732849597930908,94.13041666666666,0.8,6,4,88.1413888888889,2.072749614715576,37.31248,74.65957,0.2382,2.3512001037597656
5KPH_6_4_1_combined_id3,0.8100675344467163,4.406762599945068,92.0676388888889,0.78,6,4,88.1413888888889,2.072749614715576,37.31248,74.65957,0.2227,2.281334771050348
5KPH_6_4_1_combined_id4,0.7885980010032654,3.9804558753967285,91.63458333333334,0.76,6,4,88.1413888888889,2.072749614715576,37.31248,74.65957,0.2111,2.241813447740343
5KPH_6_4_1_combined_id5,0.789861261844635,4.430794715881348,90.08180555555556,0.74,6,4,88.1413888888889,2.072749614715576,37.31248,74.65957,0.2022,2.177153693305121
5KPH_6_4_1_combined_id6,1.0721553564071655,4.944187641143799,91.53666666666666,0.76,6,4,88.1413888888889,2.072749614715576,37.31248,74.65957,0.2077,2.140114042494032
5KPH_6_4_1_combined_id7,0.9721562266349792,5.17698335647583,93.00736111111112,0.79,6,4,88.1413888888889,2.072749614715576,37.31248,74.65957,0.2324,2.252123302883572
5KPH_6_4_1_combined_id8,0.7467792630195618,5.505445957183838,93.58194444444445,0.8,6,4,88.1413888888889,2.072749614715576,37.31248,74.65957,0.2358,2.2707756890190973
5KPH_6_4_1_combined_id9,0.6531946659088135,4.768919944763184,90.90972222222224,0.77,6,4,88.1413888888889,2.072749614715576,37.31248,74.65957,0.2303,2.6094383663601346
5KPH_6_4_4_combined_id1,0.9274323582649231,4.839991569519043,89.94333333333333,0.73,6,4,89.44902777777777,1.62459135055542,37.997528,76.66404,0.2329,1.9313553704155817
5KPH_6_4_4_combined_id10,0.9187283515930176,5.504934787750244,92.87458333333332,0.78,6,4,89.44902777777777,1.62459135055542,37.997528,76.66404,0.22,2.257190916273329
5KPH_6_4_4_combined_id11,0.9307594299316406,4.4084367752075195,89.05069444444445,0.72,6,4,89.44902777777777,1.62459135055542,37.997528,76.66404,0.2139,1.9762005276150167
5KPH_6_4_4_combined_id12,0.6781049966812134,4.592402458190918,94.65958333333332,0.79,6,4,89.44902777777777,1.62459135055542,37.997528,76.66404,0.1994,2.4002969529893665
5KPH_6_4_4_combined_id13,3.302975654602051,6.2873029708862305,83.59486111111111,0.63,6,4,89.44902777777777,1.62459135055542,37.997528,76.66404,0.2147,1.957803090413412
5KPH_6_4_4_combined_id14,2.248016834259033,5.126974582672119,84.94875,0.62,6,4,89.44902777777777,1.62459135055542,37.997528,76.66404,0.2109,1.9234606424967449
5KPH_6_4_4_combined_id15,0.630287230014801,5.8693695068359375,93.60958333333332,0.79,6,4,89.44902777777777,1.62459135055542,37.997528,76.66404,0.2093,2.057928297254774
5KPH_6_4_4_combined_id16,2.760650157928467,3.9035654067993164,91.4948611111111,0.7,6,4,89.44902777777777,1.62459135055542,37.997528,76.66404,0.2334,2.0069459279378257
5KPH_6_4_4_combined_id17,0.7318365573883057,5.7812886238098145,95.46402777777776,0.81,6,4,89.44902777777777,1.62459135055542,37.997528,76.66404,0.2177,1.9405788845486112
5KPH_6_4_4_combined_id18,2.0014522075653076,3.355588436126709,85.28791666666666,0.64,6,4,89.44902777777777,1.62459135055542,37.997528,76.66404,0.2125,2.2691247728135853
5KPH_6_4_4_combined_id19,0.9102823734283447,5.016391277313232,84.99263888888888,0.68,6,4,89.44902777777777,1.62459135055542,37.997528,76.66404,0.2141,1.990899191962348
5KPH_6_4_4_combined_id2,1.571983814239502,3.587155818939209,86.13069444444444,0.66,6,4,89.44902777777777,1.62459135055542,37.997528,76.66404,0.2352,1.889906141493056
5KPH_6_4_4_combined_id20,0.9009414315223694,5.437360763549805,92.26875,0.77,6,4,89.44902777777777,1.62459135055542,37.997528,76.66404,0.2257,1.8348924848768449
5KPH_6_4_4_combined_id21,1.5695407390594482,4.347317218780518,87.11611111111112,0.68,6,4,89.44902777777777,1.62459135055542,37.997528,76.66404,0.2253,2.1076986524793835
5KPH_6_4_4_combined_id24,1.0144121646881104,5.286949634552002,87.18833333333333,0.66,6,4,89.44902777777777,1.62459135055542,37.997528,76.66404,0.217,2.0915044148763022
5KPH_6_4_4_combined_id4,1.7011783123016357,4.117312908172607,87.05458333333334,0.68,6,4,89.44902777777777,1.62459135055542,37.997528,76.66404,0.2331,2.099017249213325
5KPH_6_4_4_combined_id5,2.251107931137085,3.534874677658081,86.92750000000001,0.68,6,4,89.44902777777777,1.62459135055542,37.997528,76.66404,0.2104,2.122331619262696
5KPH_6_4_4_combined_id6,0.7229653596878052,5.641617298126221,93.18333333333334,0.78,6,4,89.44902777777777,1.62459135055542,37.997528,76.66404,0.2233,2.2242376539442272
5KPH_6_4_4_combined_id7,2.316641330718994,4.076468467712402,87.70569444444445,0.63,6,4,89.44902777777777,1.62459135055542,37.997528,76.66404,0.2194,1.8274040222167969
5KPH_6_4_4_combined_id8,1.9356766939163208,3.9153223037719727,81.90958333333334,0.6,6,4,89.44902777777777,1.62459135055542,37.997528,76.66404,0.2195,1.8031607733832464
5KPH_6_4_4_combined_id9,1.6554843187332153,3.8369486331939697,83.4825,0.62,6,4,89.44902777777777,1.62459135055542,37.997528,76.66404,0.2381,1.8262189229329424
5KPH_6_6_8_combined_id1,1.0066487789154053,5.280324459075928,90.40513888888889,0.71,6,6,87.92944444444444,1.7895081043243408,37.280243,76.00269,0.2346,1.7678812874688044
5KPH_6_6_8_combined_id10,0.9186683297157288,4.070633888244629,90.40180555555555,0.71,6,6,87.92944444444444,1.7895081043243408,37.280243,76.00269,0.2182,2.117550955878364
5KPH_6_6_8_combined_id12,0.7976545095443726,5.865865707397461,93.11902777777776,0.79,6,6,87.92944444444444,1.7895081043243408,37.280243,76.00269,0.214,1.9979688856336808
5KPH_6_6_8_combined_id13,0.8032712340354919,4.8091583251953125,92.09736111111113,0.76,6,6,87.92944444444444,1.7895081043243408,37.280243,76.00269,0.2314,1.9822962019178605
5KPH_6_6_8_combined_id14,1.2919909954071045,4.903487205505371,87.94111111111111,0.7,6,6,87.92944444444444,1.7895081043243408,37.280243,76.00269,0.2023,2.2960777282714844
5KPH_6_6_8_combined_id19,0.7277368307113647,5.968991279602051,95.94319444444446,0.83,6,6,87.92944444444444,1.7895081043243408,37.280243,76.00269,0.231,1.906168195936415
5KPH_6_6_8_combined_id20,1.1757667064666748,4.460583686828613,89.93833333333333,0.75,6,6,87.92944444444444,1.7895081043243408,37.280243,76.00269,0.2198,1.999210357666016
5KPH_6_6_8_combined_id21,1.0255732536315918,3.4854445457458496,92.05416666666666,0.75,6,6,87.92944444444444,1.7895081043243408,37.280243,76.00269,0.2112,1.898058361477322
5KPH_6_6_8_combined_id22,1.265241026878357,3.8250677585601807,86.21597222222222,0.64,6,6,87.92944444444444,1.7895081043243408,37.280243,76.00269,0.2176,2.086927625868056
5KPH_6_6_8_combined_id23,0.7295792698860168,5.779168605804443,92.29125,0.75,6,6,87.92944444444444,1.7895081043243408,37.280243,76.00269,0.2188,1.909202151828342
5KPH_6_6_8_combined_id24,0.9189645051956177,5.2085723876953125,90.0752777777778,0.7,6,6,87.92944444444444,1.7895081043243408,37.280243,76.00269,0.2146,2.146532270643446
5KPH_6_6_8_combined_id3,0.6818645000457764,5.25515604019165,91.96638888888889,0.77,6,6,87.92944444444444,1.7895081043243408,37.280243,76.00269,0.2184,1.7968436347113714
5KPH_6_6_8_combined_id4,1.0916624069213867,5.835297584533691,92.5623611111111,0.74,6,6,87.92944444444444,1.7895081043243408,37.280243,76.00269,0.2202,2.019300672743056
5KPH_6_6_8_combined_id5,1.417971134185791,4.613353252410889,85.64166666666668,0.65,6,6,87.92944444444444,1.7895081043243408,37.280243,76.00269,0.2342,1.8728169335259333
5KPH_6_6_8_combined_id8,0.7628068923950195,5.763881683349609,93.26930555555556,0.8,6,6,87.92944444444444,1.7895081043243408,37.280243,76.00269,0.2134,1.954712337917752
5KPH_6_6_8_combined_id9,1.6639012098312378,4.290004253387451,88.97027777777778,0.69,6,6,87.92944444444444,1.7895081043243408,37.280243,76.00269,0.2052,2.083808475070529
5KPH_8_6_4_combined_id1,0.6930367946624756,7.914787292480469,93.12972222222224,0.77,8,6,88.76944444444445,1.620134949684143,41.447235,90.385635,0.2009,2.2509837680392795
5KPH_8_6_4_combined_id10,0.6685001850128174,7.067472457885742,90.2134722222222,0.74,8,6,88.76944444444445,1.620134949684143,41.447235,90.385635,0.1863,2.1850518120659723
5KPH_8_6_4_combined_id11,1.249573826789856,6.618347644805908,88.36847222222222,0.71,8,6,88.76944444444445,1.620134949684143,41.447235,90.385635,0.1982,1.9788873460557723
5KPH_8_6_4_combined_id12,1.355212926864624,6.9448018074035645,92.12722222222222,0.76,8,6,88.76944444444445,1.620134949684143,41.447235,90.385635,0.1857,2.3723220825195312
5KPH_8_6_4_combined_id13,0.6838353872299194,7.367216110229492,88.64166666666667,0.72,8,6,88.76944444444445,1.620134949684143,41.447235,90.385635,0.2166,2.100728564792209
5KPH_8_6_4_combined_id14,0.812508225440979,6.871439456939697,88.21694444444444,0.7,8,6,88.76944444444445,1.620134949684143,41.447235,90.385635,0.2309,1.9723985460069444
5KPH_8_6_4_combined_id15,0.6320597529411316,7.577509880065918,94.20652777777778,0.8,8,6,88.76944444444445,1.620134949684143,41.447235,90.385635,0.1869,2.237368901570638
5KPH_8_6_4_combined_id16,0.8900502920150757,6.429409503936768,91.86847222222224,0.76,8,6,88.76944444444445,1.620134949684143,41.447235,90.385635,0.2272,2.2545208401150174
5KPH_8_6_4_combined_id17,0.76914381980896,6.831324577331543,87.10125000000001,0.7,8,6,88.76944444444445,1.620134949684143,41.447235,90.385635,0.1824,2.201147715250651
5KPH_8_6_4_combined_id18,1.7720754146575928,6.241128444671631,91.23,0.7,8,6,88.76944444444445,1.620134949684143,41.447235,90.385635,0.2267,2.0176433987087674
5KPH_8_6_4_combined_id19,0.7633698582649231,6.470224857330322,91.59375,0.75,8,6,88.76944444444445,1.620134949684143,41.447235,90.385635,0.2146,1.88741938273112
5KPH_8_6_4_combined_id2,0.5506726503372192,6.467556953430176,90.34666666666666,0.75,8,6,88.76944444444445,1.620134949684143,41.447235,90.385635,0.2194,2.014269087049696
5KPH_8_6_4_combined_id20,1.0007667541503906,6.698392868041992,78.78958333333334,0.62,8,6,88.76944444444445,1.620134949684143,41.447235,90.385635,0.1999,2.139734056260851
5KPH_8_6_4_combined_id21,0.9036548137664795,7.234568119049072,93.22291666666666,0.78,8,6,88.76944444444445,1.620134949684143,41.447235,90.385635,0.2104,2.090442445543077
5KPH_8_6_4_combined_id22,1.667218804359436,5.277486324310303,81.61666666666667,0.58,8,6,88.76944444444445,1.620134949684143,41.447235,90.385635,0.2045,1.8451033698187933
5KPH_8_6_4_combined_id23,1.3523424863815308,6.650002479553223,89.21027777777778,0.71,8,6,88.76944444444445,1.620134949684143,41.447235,90.385635,0.234,1.915821499294705
5KPH_8_6_4_combined_id24,0.8608211278915405,5.988164901733398,88.69402777777778,0.67,8,6,88.76944444444445,1.620134949684143,41.447235,90.385635,0.2201,1.7666587829589844
5KPH_8_6_4_combined_id3,1.4208524227142334,6.12691593170166,89.63722222222222,0.67,8,6,88.76944444444445,1.620134949684143,41.447235,90.385635,0.2195,1.9683015611436632
5KPH_8_6_4_combined_id4,1.113297939300537,6.723936080932617,85.49847222222223,0.68,8,6,88.76944444444445,1.620134949684143,41.447235,90.385635,0.2218,1.9088980356852208
5KPH_8_6_4_combined_id5,0.7595502734184265,6.7542948722839355,86.51416666666665,0.7,8,6,88.76944444444445,1.620134949684143,41.447235,90.385635,0.2226,1.9159100850423176
5KPH_8_6_4_combined_id6,1.477577805519104,5.986622333526611,87.85513888888889,0.69,8,6,88.76944444444445,1.620134949684143,41.447235,90.385635,0.2143,1.952879163953993
5KPH_8_6_4_combined_id7,2.961935043334961,5.275023937225342,86.09069444444445,0.68,8,6,88.76944444444445,1.620134949684143,41.447235,90.385635,0.206,1.897741529676649
5KPH_8_6_4_combined_id8,0.9950647354125977,6.176931858062744,86.08319444444444,0.68,8,6,88.76944444444445,1.620134949684143,41.447235,90.385635,0.2315,1.930432637532552
5KPH_8_6_4_combined_id9,1.9875156879425049,5.670459270477295,91.04069444444444,0.73,8,6,88.76944444444445,1.620134949684143,41.447235,90.385635,0.2199,1.8460684882269964
5KPH_8_8_0_combined_id1,0.7276660799980164,5.281886100769043,91.26708333333332,0.73,8,8,89.59430555555555,0.9726128578186036,43.978207,99.94482,0.2177,1.9702173868815105
5KPH_8_8_0_combined_id10,0.9077008366584778,7.291055679321289,93.81444444444443,0.8,8,8,89.59430555555555,0.9726128578186036,43.978207,99.94482,0.2148,2.139776865641276
5KPH_8_8_0_combined_id11,1.1484168767929077,5.533702373504639,94.28,0.79,8,8,89.59430555555555,0.9726128578186036,43.978207,99.94482,0.2137,2.002173105875651
5KPH_8_8_0_combined_id12,0.8321053385734558,6.292332172393799,89.91583333333334,0.72,8,8,89.59430555555555,0.9726128578186036,43.978207,99.94482,0.2193,2.0511726803249783
5KPH_8_8_0_combined_id13,0.6267625093460083,7.876638889312744,92.66555555555556,0.75,8,8,89.59430555555555,0.9726128578186036,43.978207,99.94482,0.1923,2.5274552239312067
5KPH_8_8_0_combined_id14,0.9178167581558228,8.169890403747559,93.8972222222222,0.8,8,8,89.59430555555555,0.9726128578186036,43.978207,99.94482,0.2034,1.9835684034559464
5KPH_8_8_0_combined_id15,1.4811010360717773,6.279864311218262,87.34722222222223,0.71,8,8,89.59430555555555,0.9726128578186036,43.978207,99.94482,0.2011,2.1767381032307944
5KPH_8_8_0_combined_id16,2.7534048557281494,5.714926719665527,87.91722222222222,0.67,8,8,89.59430555555555,0.9726128578186036,43.978207,99.94482,0.2046,1.7988917032877605
5KPH_8_8_0_combined_id17,2.370274066925049,3.8227806091308594,92.86027777777775,0.77,8,8,89.59430555555555,0.9726128578186036,43.978207,99.94482,0.2162,1.9398591783311632
5KPH_8_8_0_combined_id18,1.0586673021316528,5.514021396636963,94.64055555555554,0.8,8,8,89.59430555555555,0.9726128578186036,43.978207,99.94482,0.214,1.9970209333631728
5KPH_8_8_0_combined_id19,1.3554013967514038,4.950564861297607,87.23763888888888,0.69,8,8,89.59430555555555,0.9726128578186036,43.978207,99.94482,0.2008,1.9685128529866536
5KPH_8_8_0_combined_id2,2.355729341506958,4.567016124725342,87.57444444444444,0.71,8,8,89.59430555555555,0.9726128578186036,43.978207,99.94482,0.2173,1.918153338962131
5KPH_8_8_0_combined_id20,0.7818053364753723,5.69445276260376,94.02166666666666,0.8,8,8,89.59430555555555,0.9726128578186036,43.978207,99.94482,0.2033,1.8746234046088324
5KPH_8_8_0_combined_id21,1.0424613952636719,6.081960201263428,92.71013888888888,0.78,8,8,89.59430555555555,0.9726128578186036,43.978207,99.94482,0.2168,1.934840308295356
5KPH_8_8_0_combined_id22,2.27233624458313,4.973338603973389,81.65041666666667,0.63,8,8,89.59430555555555,0.9726128578186036,43.978207,99.94482,0.2141,1.9145787556966145
5KPH_8_8_0_combined_id23,1.2398649454116821,6.910798072814941,95.8511111111111,0.82,8,8,89.59430555555555,0.9726128578186036,43.978207,99.94482,0.2129,1.8967198265923395
5KPH_8_8_0_combined_id24,0.8141080141067505,7.251214981079102,88.96680555555555,0.71,8,8,89.59430555555555,0.9726128578186036,43.978207,99.94482,0.2158,2.124850379096137
5KPH_8_8_0_combined_id3,0.9012346267700195,1.7380894422531128,89.24458333333332,0.73,8,8,89.59430555555555,0.9726128578186036,43.978207,99.94482,0.2185,1.8759784698486328
5KPH_8_8_0_combined_id4,2.6993751525878906,3.988905906677246,83.24458333333334,0.64,8,8,89.59430555555555,0.9726128578186036,43.978207,99.94482,0.1951,2.178253597683377
5KPH_8_8_0_combined_id5,3.537468910217285,4.3674702644348145,86.90444444444444,0.69,8,8,89.59430555555555,0.9726128578186036,43.978207,99.94482,0.203,1.857826444837782
5KPH_8_8_0_combined_id6,0.9284812808036804,8.16947078704834,94.25291666666664,0.79,8,8,89.59430555555555,0.9726128578186036,43.978207,99.94482,0.1937,2.3164251115587025
5KPH_8_8_0_combined_id7,0.8193645477294922,5.26139497756958,86.64013888888888,0.65,8,8,89.59430555555555,0.9726128578186036,43.978207,99.94482,0.2128,1.8712344699435763
5KPH_8_8_0_combined_id8,0.818587601184845,8.057027816772461,92.65083333333334,0.75,8,8,89.59430555555555,0.9726128578186036,43.978207,99.94482,0.2069,1.927491929796007
5KPH_8_8_0_combined_id9,1.161973237991333,6.989331245422363,91.37847222222224,0.77,8,8,89.59430555555555,0.9726128578186036,43.978207,99.94482,0.2145,2.135609096950955
5KPH_8_8_5_combined_id1,1.638635516166687,4.5774431228637695,84.90680555555555,0.66,8,8,91.33791666666669,1.1866049766540527,44.083244,101.12967,0.2365,1.9255267249213324
5KPH_8_8_5_combined_id10,0.9698695540428162,6.438440799713135,90.19277777777776,0.75,8,8,91.33791666666669,1.1866049766540527,44.083244,101.12967,0.2182,2.125203450520833
5KPH_8_8_5_combined_id11,2.168689489364624,4.751783847808838,86.40041666666667,0.68,8,8,91.33791666666669,1.1866049766540527,44.083244,101.12967,0.2331,1.9163903130425348
5KPH_8_8_5_combined_id12,0.8039461970329285,4.273162841796875,84.29847222222222,0.65,8,8,91.33791666666669,1.1866049766540527,44.083244,101.12967,0.2272,2.0047098795572915
5KPH_8_8_5_combined_id13,2.3929295539855957,2.248824119567871,87.57,0.72,8,8,91.33791666666669,1.1866049766540527,44.083244,101.12967,0.2151,1.6507977379692926
5KPH_8_8_5_combined_id14,0.6807730197906494,4.894603729248047,88.64472222222223,0.69,8,8,91.33791666666669,1.1866049766540527,44.083244,101.12967,0.2149,1.8958117167154949
5KPH_8_8_5_combined_id15,2.058189630508423,5.585122585296631,80.73097222222223,0.59,8,8,91.33791666666669,1.1866049766540527,44.083244,101.12967,0.2295,1.8872095743815105
5KPH_8_8_5_combined_id16,3.682612419128418,3.9713985919952393,88.69819444444445,0.69,8,8,91.33791666666669,1.1866049766540527,44.083244,101.12967,0.2282,1.7222987280951605
5KPH_8_8_5_combined_id17,1.77786123752594,6.260091781616211,89.35125,0.71,8,8,91.33791666666669,1.1866049766540527,44.083244,101.12967,0.2279,1.972682529025608
5KPH_8_8_5_combined_id18,2.05557918548584,4.015193462371826,83.97472222222223,0.61,8,8,91.33791666666669,1.1866049766540527,44.083244,101.12967,0.1979,1.7295712365044489
5KPH_8_8_5_combined_id19,1.0781872272491455,4.734960079193115,84.29694444444445,0.67,8,8,91.33791666666669,1.1866049766540527,44.083244,101.12967,0.2234,1.98678461710612
5KPH_8_8_5_combined_id2,4.070778846740723,2.661548376083374,88.42166666666668,0.66,8,8,91.33791666666669,1.1866049766540527,44.083244,101.12967,0.2156,1.6428586112128365
5KPH_8_8_5_combined_id20,2.8339309692382812,5.45989465713501,84.96638888888889,0.66,8,8,91.33791666666669,1.1866049766540527,44.083244,101.12967,0.2347,2.2199728224012585
5KPH_8_8_5_combined_id21,1.4406172037124634,5.199178695678711,86.02694444444445,0.66,8,8,91.33791666666669,1.1866049766540527,44.083244,101.12967,0.2289,2.026503880818685
5KPH_8_8_5_combined_id22,3.165104389190674,4.094877243041992,90.11208333333332,0.73,8,8,91.33791666666669,1.1866049766540527,44.083244,101.12967,0.241,1.6429229312472873
5KPH_8_8_5_combined_id23,0.8419128656387329,7.324838638305664,87.19430555555556,0.71,8,8,91.33791666666669,1.1866049766540527,44.083244,101.12967,0.2132,1.9862437778049045
5KPH_8_8_5_combined_id24,0.9332801699638367,5.074445724487305,94.9388888888889,0.79,8,8,91.33791666666669,1.1866049766540527,44.083244,101.12967,0.2207,1.8102086385091145
5KPH_8_8_5_combined_id3,3.731117010116577,3.901801586151123,84.79972222222221,0.67,8,8,91.33791666666669,1.1866049766540527,44.083244,101.12967,0.2233,1.853336334228516
5KPH_8_8_5_combined_id4,1.2025970220565796,6.109659194946289,86.90027777777777,0.7,8,8,91.33791666666669,1.1866049766540527,44.083244,101.12967,0.2311,1.9256095886230469
5KPH_8_8_5_combined_id5,2.388498544692993,4.274373531341553,91.18541666666668,0.74,8,8,91.33791666666669,1.1866049766540527,44.083244,101.12967,0.2307,1.675566037495931
5KPH_8_8_5_combined_id6,1.5785495042800903,5.5055317878723145,91.0223611111111,0.71,8,8,91.33791666666669,1.1866049766540527,44.083244,101.12967,0.2229,1.8176920149061413
5KPH_8_8_5_combined_id7,1.6354314088821411,4.239073276519775,87.17125,0.71,8,8,91.33791666666669,1.1866049766540527,44.083244,101.12967,0.2423,1.82979498969184
5KPH_8_8_5_combined_id8,3.0008955001831055,5.527276992797852,86.84138888888889,0.69,8,8,91.33791666666669,1.1866049766540527,44.083244,101.12967,0.2303,1.8530315823025167
5KPH_8_8_5_combined_id9,2.431655168533325,4.391013145446777,87.11527777777776,0.73,8,8,91.33791666666669,1.1866049766540527,44.083244,101.12967,0.2176,1.8566101921929248
5KPH_8_8_9_combined_id1,1.1194727420806885,7.9881720542907715,90.91486111111112,0.75,8,8,89.53763888888888,1.6223500967025757,43.39029,100.44456,0.1782,2.135248819986979
5KPH_8_8_9_combined_id11,1.281416416168213,7.430384159088135,90.25208333333332,0.69,8,8,89.53763888888888,1.6223500967025757,43.39029,100.44456,0.1937,1.82040638393826
5KPH_8_8_9_combined_id12,0.9969603419303894,6.440712928771973,87.46069444444444,0.71,8,8,89.53763888888888,1.6223500967025757,43.39029,100.44456,0.2151,2.164908938937717
5KPH_8_8_9_combined_id13,1.28262197971344,6.647302627563477,88.05749999999999,0.68,8,8,89.53763888888888,1.6223500967025757,43.39029,100.44456,0.2048,1.9415342542860243
5KPH_8_8_9_combined_id15,1.2121833562850952,6.4044671058654785,91.37319444444444,0.77,8,8,89.53763888888888,1.6223500967025757,43.39029,100.44456,0.1937,2.219471401638455
5KPH_8_8_9_combined_id16,2.0327341556549072,6.317877769470215,82.35583333333334,0.63,8,8,89.53763888888888,1.6223500967025757,43.39029,100.44456,0.1974,2.110360039605035
5KPH_8_8_9_combined_id17,1.7771090269088745,3.703233003616333,83.07069444444444,0.59,8,8,89.53763888888888,1.6223500967025757,43.39029,100.44456,0.1782,2.068862279256185
5KPH_8_8_9_combined_id18,1.2570818662643433,7.206670761108398,89.99888888888889,0.74,8,8,89.53763888888888,1.6223500967025757,43.39029,100.44456,0.1981,2.058386060926649
5KPH_8_8_9_combined_id19,1.4913185834884644,7.525299072265625,93.46263888888888,0.78,8,8,89.53763888888888,1.6223500967025757,43.39029,100.44456,0.1874,2.130909389919705
5KPH_8_8_9_combined_id2,0.7983750700950623,7.56575870513916,95.2226388888889,0.79,8,8,89.53763888888888,1.6223500967025757,43.39029,100.44456,0.1954,2.157185660468208
5KPH_8_8_9_combined_id20,1.9773675203323364,6.110871315002441,82.52513888888888,0.63,8,8,89.53763888888888,1.6223500967025757,43.39029,100.44456,0.2013,1.9874481625027127
5KPH_8_8_9_combined_id21,1.8580727577209473,5.636828899383545,81.06777777777778,0.61,8,8,89.53763888888888,1.6223500967025757,43.39029,100.44456,0.1963,1.7786805894639757
5KPH_8_8_9_combined_id22,0.9368242621421814,4.71809196472168,91.4877777777778,0.74,8,8,89.53763888888888,1.6223500967025757,43.39029,100.44456,0.1972,2.0884649488661022
5KPH_8_8_9_combined_id23,2.6804749965667725,6.112545013427734,84.04347222222222,0.61,8,8,89.53763888888888,1.6223500967025757,43.39029,100.44456,0.1921,1.8863699171278208
5KPH_8_8_9_combined_id24,1.2632827758789062,3.8637607097625732,87.50402777777776,0.66,8,8,89.53763888888888,1.6223500967025757,43.39029,100.44456,0.206,1.9101454416910808
5KPH_8_8_9_combined_id3,1.8949406147003174,6.420197010040283,82.64652777777776,0.62,8,8,89.53763888888888,1.6223500967025757,43.39029,100.44456,0.2004,2.0888849894205728
5KPH_8_8_9_combined_id4,0.9669513702392578,6.404671669006348,92.39208333333332,0.77,8,8,89.53763888888888,1.6223500967025757,43.39029,100.44456,0.2099,2.1835657755533853
5KPH_8_8_9_combined_id5,1.7696409225463867,6.0898613929748535,78.22861111111109,0.61,8,8,89.53763888888888,1.6223500967025757,43.39029,100.44456,0.1839,1.9878111945258248
5KPH_8_8_9_combined_id6,1.0913357734680176,8.02245044708252,92.74430555555556,0.76,8,8,89.53763888888888,1.6223500967025757,43.39029,100.44456,0.2127,2.074290381537544
5KPH_8_8_9_combined_id7,0.8887231945991516,5.81580924987793,89.90083333333332,0.7,8,8,89.53763888888888,1.6223500967025757,43.39029,100.44456,0.1965,2.0293778313530817
5KPH_8_8_9_combined_id8,1.3818585872650146,6.6349196434021,84.05722222222222,0.65,8,8,89.53763888888888,1.6223500967025757,43.39029,100.44456,0.1855,2.351600011189779
5KPH_8_8_9_combined_id9,1.366485595703125,6.221122741699219,86.47944444444445,0.67,8,8,89.53763888888888,1.6223500967025757,43.39029,100.44456,0.1934,1.968110826280382
