name,rmsd_start,rmsd_end,plddt,ptm,rmsd_constraint,langevin,single_state_plddt,single_state_rmsd,curvature_mean,curvature_max,score,-PLL
5KPE_2_2_0_0_combined_id1,0.9306784272193909,1.5609135627746582,91.15981481481482,0.79,2,2,92.71379629629628,0.5859853625297546,20.796156,71.92844,0.2266,2.1300701565212674
5KPE_2_2_0_0_combined_id10,1.1321349143981934,1.1866284608840942,92.24472222222222,0.79,2,2,92.71379629629628,0.5859853625297546,20.796156,71.92844,0.2183,2.0778025874385126
5KPE_2_2_0_0_combined_id11,1.1099923849105835,1.1749659776687622,91.67731481481484,0.82,2,2,92.71379629629628,0.5859853625297546,20.796156,71.92844,0.2253,2.074729354293258
5KPE_2_2_0_0_combined_id12,1.2261072397232056,0.8995717167854309,86.79935185185185,0.72,2,2,92.71379629629628,0.5859853625297546,20.796156,71.92844,0.2054,2.0358443083586515
5KPE_2_2_0_0_combined_id13,1.0911192893981934,1.5748622417449951,94.35814814814816,0.85,2,2,92.71379629629628,0.5859853625297546,20.796156,71.92844,0.2031,2.087163006817853
5KPE_2_2_0_0_combined_id14,1.090083122253418,1.2626131772994995,90.03944444444443,0.77,2,2,92.71379629629628,0.5859853625297546,20.796156,71.92844,0.2043,2.0935887937192565
5KPE_2_2_0_0_combined_id15,1.1907376050949097,1.2408536672592163,93.96935185185184,0.84,2,2,92.71379629629628,0.5859853625297546,20.796156,71.92844,0.2132,2.046608395046658
5KPE_2_2_0_0_combined_id16,1.0834287405014038,1.26438570022583,89.0346296296296,0.76,2,2,92.71379629629628,0.5859853625297546,20.796156,71.92844,0.2178,2.0469754536946616
5KPE_2_2_0_0_combined_id17,1.3676344156265259,1.1671135425567627,88.53879629629631,0.74,2,2,92.71379629629628,0.5859853625297546,20.796156,71.92844,0.2193,2.0615002667462385
5KPE_2_2_0_0_combined_id18,2.3048858642578125,2.271214723587036,92.9089814814815,0.82,2,2,92.71379629629628,0.5859853625297546,20.796156,71.92844,0.1986,2.0532639114945024
5KPE_2_2_0_0_combined_id19,1.564149022102356,1.0690168142318726,90.23166666666668,0.79,2,2,92.71379629629628,0.5859853625297546,20.796156,71.92844,0.2164,1.8516944602683736
5KPE_2_2_0_0_combined_id2,1.2513878345489502,1.020843267440796,89.35768518518519,0.75,2,2,92.71379629629628,0.5859853625297546,20.796156,71.92844,0.21,2.005513650399667
5KPE_2_2_0_0_combined_id20,1.1528316736221313,1.0070910453796387,86.53287037037036,0.73,2,2,92.71379629629628,0.5859853625297546,20.796156,71.92844,0.2122,2.0128360324435763
5KPE_2_2_0_0_combined_id21,1.2922351360321045,0.9192874431610107,87.69685185185183,0.72,2,2,92.71379629629628,0.5859853625297546,20.796156,71.92844,0.2213,1.9781036376953125
5KPE_2_2_0_0_combined_id22,1.1712554693222046,1.5193744897842407,91.98203703703705,0.78,2,2,92.71379629629628,0.5859853625297546,20.796156,71.92844,0.216,2.113178818314164
5KPE_2_2_0_0_combined_id23,1.4226614236831665,1.14992094039917,87.19444444444446,0.7,2,2,92.71379629629628,0.5859853625297546,20.796156,71.92844,0.2082,2.0492368627477577
5KPE_2_2_0_0_combined_id24,1.0177046060562134,1.3718432188034058,91.38435185185185,0.81,2,2,92.71379629629628,0.5859853625297546,20.796156,71.92844,0.2149,2.054389671043113
5KPE_2_2_0_0_combined_id3,1.767440676689148,0.941006600856781,91.14166666666668,0.8,2,2,92.71379629629628,0.5859853625297546,20.796156,71.92844,0.1981,1.914484942400897
5KPE_2_2_0_0_combined_id4,1.3773918151855469,0.9450310468673706,89.8027777777778,0.76,2,2,92.71379629629628,0.5859853625297546,20.796156,71.92844,0.2357,2.0166967886465565
5KPE_2_2_0_0_combined_id5,1.4467099905014038,0.9754030108451843,87.94574074074077,0.74,2,2,92.71379629629628,0.5859853625297546,20.796156,71.92844,0.2064,2.0476257889359086
5KPE_2_2_0_0_combined_id6,1.366832971572876,1.1873278617858887,90.18212962962964,0.79,2,2,92.71379629629628,0.5859853625297546,20.796156,71.92844,0.229,2.1894688076443143
5KPE_2_2_0_0_combined_id7,1.3748130798339844,1.186029076576233,83.37481481481483,0.68,2,2,92.71379629629628,0.5859853625297546,20.796156,71.92844,0.2006,1.9881707650643807
5KPE_2_2_0_0_combined_id8,1.0591812133789062,1.3394899368286133,87.94037037037039,0.72,2,2,92.71379629629628,0.5859853625297546,20.796156,71.92844,0.215,2.092819779007524
5KPE_2_2_0_0_combined_id9,1.336944341659546,1.1993281841278076,91.0328703703704,0.8,2,2,92.71379629629628,0.5859853625297546,20.796156,71.92844,0.2259,2.0260128445095487
5KPE_2_2_1_0_combined_id1,2.238719940185547,1.8596878051757812,72.98296296296296,0.58,2,2,92.57675925925923,0.5640325546264648,20.498295,71.06506,0.215,1.9847040529604312
5KPE_2_2_1_0_combined_id10,1.2744985818862915,1.1115034818649292,87.73814814814814,0.74,2,2,92.57675925925923,0.5640325546264648,20.498295,71.06506,0.2193,2.165053191008391
5KPE_2_2_1_0_combined_id11,1.0892013311386108,1.252742052078247,92.72648148148146,0.81,2,2,92.57675925925923,0.5640325546264648,20.498295,71.06506,0.2463,1.928850668447989
5KPE_2_2_1_0_combined_id12,1.0346589088439941,1.0400667190551758,92.40583333333332,0.81,2,2,92.57675925925923,0.5640325546264648,20.498295,71.06506,0.233,1.941698710123698
5KPE_2_2_1_0_combined_id13,1.2421215772628784,1.4258737564086914,92.3937037037037,0.8,2,2,92.57675925925923,0.5640325546264648,20.498295,71.06506,0.2292,1.9719252409758392
5KPE_2_2_1_0_combined_id14,1.1864678859710693,1.0798392295837402,90.74703703703706,0.76,2,2,92.57675925925923,0.5640325546264648,20.498295,71.06506,0.2258,1.8463527538158275
5KPE_2_2_1_0_combined_id15,1.3565210103988647,1.308013916015625,87.48055555555557,0.71,2,2,92.57675925925923,0.5640325546264648,20.498295,71.06506,0.2133,1.9671637923629195
5KPE_2_2_1_0_combined_id16,1.6207313537597656,1.6080009937286377,83.8151851851852,0.69,2,2,92.57675925925923,0.5640325546264648,20.498295,71.06506,0.215,2.015683209454572
5KPE_2_2_1_0_combined_id17,1.3522828817367554,1.0774825811386108,93.02916666666664,0.82,2,2,92.57675925925923,0.5640325546264648,20.498295,71.06506,0.2346,2.05760164614077
5KPE_2_2_1_0_combined_id18,1.084627628326416,1.2158377170562744,93.5712037037037,0.84,2,2,92.57675925925923,0.5640325546264648,20.498295,71.06506,0.2141,1.896009374547888
5KPE_2_2_1_0_combined_id19,2.057170867919922,2.0617330074310303,76.26898148148149,0.61,2,2,92.57675925925923,0.5640325546264648,20.498295,71.06506,0.2154,1.857319019458912
5KPE_2_2_1_0_combined_id2,1.4372624158859253,0.9337242841720581,91.8837962962963,0.81,2,2,92.57675925925923,0.5640325546264648,20.498295,71.06506,0.2242,1.847105379457827
5KPE_2_2_1_0_combined_id20,1.237116813659668,0.9006361961364746,89.00592592592592,0.73,2,2,92.57675925925923,0.5640325546264648,20.498295,71.06506,0.2033,1.8938977276837383
5KPE_2_2_1_0_combined_id21,1.340323805809021,1.0032341480255127,93.9261111111111,0.84,2,2,92.57675925925923,0.5640325546264648,20.498295,71.06506,0.2235,1.95692867702908
5KPE_2_2_1_0_combined_id22,1.2898192405700684,1.1257833242416382,92.78416666666668,0.83,2,2,92.57675925925923,0.5640325546264648,20.498295,71.06506,0.2414,1.98813643278899
5KPE_2_2_1_0_combined_id23,1.1333619356155396,1.1395657062530518,89.90777777777778,0.75,2,2,92.57675925925923,0.5640325546264648,20.498295,71.06506,0.2528,1.883736645733869
5KPE_2_2_1_0_combined_id24,1.4190257787704468,1.241478681564331,93.60750000000002,0.81,2,2,92.57675925925923,0.5640325546264648,20.498295,71.06506,0.2256,1.9635967678493924
5KPE_2_2_1_0_combined_id3,1.5136271715164185,0.963482677936554,91.50037037037038,0.81,2,2,92.57675925925923,0.5640325546264648,20.498295,71.06506,0.2164,2.0755974098488137
5KPE_2_2_1_0_combined_id4,1.2795556783676147,1.0714911222457886,91.11768518518518,0.81,2,2,92.57675925925923,0.5640325546264648,20.498295,71.06506,0.2336,2.051038671422888
5KPE_2_2_1_0_combined_id5,1.195495843887329,1.073919415473938,89.042037037037,0.78,2,2,92.57675925925923,0.5640325546264648,20.498295,71.06506,0.2478,1.903129012496383
5KPE_2_2_1_0_combined_id6,1.3292913436889648,0.9679785370826721,92.35796296296296,0.81,2,2,92.57675925925923,0.5640325546264648,20.498295,71.06506,0.2368,1.9773505881980613
5KPE_2_2_1_0_combined_id7,1.2367539405822754,1.040679931640625,94.23537037037032,0.83,2,2,92.57675925925923,0.5640325546264648,20.498295,71.06506,0.241,1.94291913067853
5KPE_2_2_1_0_combined_id8,1.319824457168579,1.0477924346923828,92.72435185185184,0.81,2,2,92.57675925925923,0.5640325546264648,20.498295,71.06506,0.2301,1.8140518753616897
5KPE_2_2_1_0_combined_id9,1.4191581010818481,1.0695009231567383,92.09018518518518,0.8,2,2,92.57675925925923,0.5640325546264648,20.498295,71.06506,0.2116,1.9613350762261288
5KPE_2_2_2_0_combined_id1,1.4465479850769043,1.361402988433838,94.0837037037037,0.82,2,2,92.89212962962964,0.7510219216346741,20.760426,71.897865,0.2207,2.0116168834544994
5KPE_2_2_2_0_combined_id10,1.2671217918395996,1.1047372817993164,91.85055555555554,0.8,2,2,92.89212962962964,0.7510219216346741,20.760426,71.897865,0.2146,2.071162188494647
5KPE_2_2_2_0_combined_id11,1.32332181930542,1.1581194400787354,92.32416666666666,0.8,2,2,92.89212962962964,0.7510219216346741,20.760426,71.897865,0.2066,2.0123963532624423
5KPE_2_2_2_0_combined_id12,1.87294602394104,1.511398196220398,82.63222222222221,0.67,2,2,92.89212962962964,0.7510219216346741,20.760426,71.897865,0.2118,1.9800439057526764
5KPE_2_2_2_0_combined_id13,2.2543575763702393,1.6594419479370117,91.15592592592591,0.82,2,2,92.89212962962964,0.7510219216346741,20.760426,71.897865,0.2093,2.0078404744466147
5KPE_2_2_2_0_combined_id14,1.211850881576538,1.1687183380126953,90.8023148148148,0.77,2,2,92.89212962962964,0.7510219216346741,20.760426,71.897865,0.2034,2.006512959798177
5KPE_2_2_2_0_combined_id15,1.634870171546936,0.891595184803009,89.60759259259261,0.77,2,2,92.89212962962964,0.7510219216346741,20.760426,71.897865,0.2224,2.0246906986943
5KPE_2_2_2_0_combined_id16,1.3083373308181763,1.1303722858428955,89.40166666666666,0.75,2,2,92.89212962962964,0.7510219216346741,20.760426,71.897865,0.2077,2.059529622395833
5KPE_2_2_2_0_combined_id17,1.3236266374588013,1.376705288887024,90.75814814814814,0.78,2,2,92.89212962962964,0.7510219216346741,20.760426,71.897865,0.2291,2.186676873101129
5KPE_2_2_2_0_combined_id18,1.2069460153579712,1.1351979970932007,94.2233333333333,0.85,2,2,92.89212962962964,0.7510219216346741,20.760426,71.897865,0.2103,2.0079721521448204
5KPE_2_2_2_0_combined_id19,1.3019200563430786,1.1823999881744385,92.00055555555554,0.79,2,2,92.89212962962964,0.7510219216346741,20.760426,71.897865,0.2405,2.110123387089482
5KPE_2_2_2_0_combined_id2,1.2154831886291504,1.4151413440704346,90.5675,0.78,2,2,92.89212962962964,0.7510219216346741,20.760426,71.897865,0.1977,2.0183872646755643
5KPE_2_2_2_0_combined_id20,1.3267303705215454,1.0941495895385742,87.97185185185187,0.74,2,2,92.89212962962964,0.7510219216346741,20.760426,71.897865,0.2433,1.8990085743091725
5KPE_2_2_2_0_combined_id21,0.9417145252227783,1.3686206340789795,91.52907407407407,0.78,2,2,92.89212962962964,0.7510219216346741,20.760426,71.897865,0.2096,2.040507987693504
5KPE_2_2_2_0_combined_id22,1.1928585767745972,1.418990135192871,93.47064814814814,0.83,2,2,92.89212962962964,0.7510219216346741,20.760426,71.897865,0.2349,1.986688401963976
5KPE_2_2_2_0_combined_id23,1.3540914058685303,1.3530584573745728,93.62055555555555,0.83,2,2,92.89212962962964,0.7510219216346741,20.760426,71.897865,0.2381,1.9901818169487848
5KPE_2_2_2_0_combined_id24,1.4065903425216675,1.105304479598999,93.58490740740736,0.81,2,2,92.89212962962964,0.7510219216346741,20.760426,71.897865,0.2363,1.9704728303132235
5KPE_2_2_2_0_combined_id3,1.1784425973892212,1.1292028427124023,91.00583333333334,0.8,2,2,92.89212962962964,0.7510219216346741,20.760426,71.897865,0.2229,2.095430020932798
5KPE_2_2_2_0_combined_id4,1.4524770975112915,1.10364830493927,92.37916666666666,0.78,2,2,92.89212962962964,0.7510219216346741,20.760426,71.897865,0.2262,1.8859259993941693
5KPE_2_2_2_0_combined_id5,1.13510000705719,1.1794475317001343,91.4548148148148,0.82,2,2,92.89212962962964,0.7510219216346741,20.760426,71.897865,0.1849,2.118267200611256
5KPE_2_2_2_0_combined_id6,1.3855595588684082,1.154605507850647,93.03027777777778,0.83,2,2,92.89212962962964,0.7510219216346741,20.760426,71.897865,0.2091,2.009891227439598
5KPE_2_2_2_0_combined_id7,1.6177808046340942,0.8718917965888977,89.51287037037036,0.77,2,2,92.89212962962964,0.7510219216346741,20.760426,71.897865,0.1947,1.9698688365795
5KPE_2_2_2_0_combined_id8,1.8122856616973877,0.8552796840667725,90.38370370370367,0.77,2,2,92.89212962962964,0.7510219216346741,20.760426,71.897865,0.2251,1.96030440153899
5KPE_2_2_2_0_combined_id9,8.99544620513916,9.112659454345703,70.66018518518518,0.6,2,2,92.89212962962964,0.7510219216346741,20.760426,71.897865,0.2068,2.156134004946108
5KPE_2_2_3_0_combined_id1,1.08640456199646,1.2182401418685913,90.54694444444443,0.75,2,2,93.17296296296298,0.5701616406440735,21.133627,71.355736,0.2143,1.992647948088469
5KPE_2_2_3_0_combined_id10,1.263608455657959,1.130640983581543,91.46388888888887,0.79,2,2,93.17296296296298,0.5701616406440735,21.133627,71.355736,0.2277,2.0817057291666665
5KPE_2_2_3_0_combined_id11,1.487054705619812,1.2008050680160522,93.82629629629628,0.83,2,2,93.17296296296298,0.5701616406440735,21.133627,71.355736,0.2344,2.034787778501157
5KPE_2_2_3_0_combined_id12,1.3480228185653687,1.1513938903808594,94.207037037037,0.83,2,2,93.17296296296298,0.5701616406440735,21.133627,71.355736,0.2362,2.057279798719618
5KPE_2_2_3_0_combined_id13,1.4126230478286743,0.9377468824386597,91.11398148148147,0.78,2,2,93.17296296296298,0.5701616406440735,21.133627,71.355736,0.2227,2.1257865340621382
5KPE_2_2_3_0_combined_id14,1.6823543310165405,0.891723096370697,91.92499999999998,0.82,2,2,93.17296296296298,0.5701616406440735,21.133627,71.355736,0.2043,2.027895044397425
5KPE_2_2_3_0_combined_id15,1.3246920108795166,0.9706978797912598,92.13361111111112,0.8,2,2,93.17296296296298,0.5701616406440735,21.133627,71.355736,0.2239,1.976261421486184
5KPE_2_2_3_0_combined_id16,1.1863548755645752,1.0301839113235474,91.34314814814816,0.78,2,2,93.17296296296298,0.5701616406440735,21.133627,71.355736,0.2402,2.1063790497956454
5KPE_2_2_3_0_combined_id17,1.0766899585723877,1.3102784156799316,88.69842592592593,0.73,2,2,93.17296296296298,0.5701616406440735,21.133627,71.355736,0.2145,2.033630936234086
5KPE_2_2_3_0_combined_id18,1.4950228929519653,1.2309794425964355,94.29787037037036,0.83,2,2,93.17296296296298,0.5701616406440735,21.133627,71.355736,0.2324,2.0898332949037903
5KPE_2_2_3_0_combined_id19,1.8510586023330688,0.8981651067733765,93.5700925925926,0.83,2,2,93.17296296296298,0.5701616406440735,21.133627,71.355736,0.2415,1.9682764123987269
5KPE_2_2_3_0_combined_id2,1.2157553434371948,1.1507898569107056,89.69583333333333,0.74,2,2,93.17296296296298,0.5701616406440735,21.133627,71.355736,0.2332,1.9857655277958624
5KPE_2_2_3_0_combined_id20,1.3967372179031372,0.8379344940185547,92.0237037037037,0.8,2,2,93.17296296296298,0.5701616406440735,21.133627,71.355736,0.2051,2.089913262261285
5KPE_2_2_3_0_combined_id21,10.499751091003418,11.143402099609375,75.235,0.61,2,2,93.17296296296298,0.5701616406440735,21.133627,71.355736,0.2255,1.869278801812066
5KPE_2_2_3_0_combined_id22,1.192138671875,0.9626164436340332,89.93990740740739,0.79,2,2,93.17296296296298,0.5701616406440735,21.133627,71.355736,0.2153,2.034041510687934
5KPE_2_2_3_0_combined_id23,1.3312653303146362,0.9757213592529297,92.14453703703704,0.81,2,2,93.17296296296298,0.5701616406440735,21.133627,71.355736,0.2209,2.02034166124132
5KPE_2_2_3_0_combined_id24,1.3381930589675903,1.135904312133789,90.76481481481484,0.79,2,2,93.17296296296298,0.5701616406440735,21.133627,71.355736,0.2499,2.0682980572735823
5KPE_2_2_3_0_combined_id3,1.3538098335266113,1.065077543258667,92.09203703703704,0.79,2,2,93.17296296296298,0.5701616406440735,21.133627,71.355736,0.2387,2.0245253951461226
5KPE_2_2_3_0_combined_id4,1.3874963521957397,1.0302369594573975,89.74388888888889,0.76,2,2,93.17296296296298,0.5701616406440735,21.133627,71.355736,0.2202,2.00959297462746
5KPE_2_2_3_0_combined_id5,1.350131869316101,1.196301817893982,91.8074074074074,0.82,2,2,93.17296296296298,0.5701616406440735,21.133627,71.355736,0.2295,2.03914048936632
5KPE_2_2_3_0_combined_id6,1.3712729215621948,1.2490592002868652,92.23796296296298,0.8,2,2,93.17296296296298,0.5701616406440735,21.133627,71.355736,0.2455,1.994063624629268
5KPE_2_2_3_0_combined_id7,1.5678596496582031,1.0197137594223022,94.27407407407408,0.83,2,2,93.17296296296298,0.5701616406440735,21.133627,71.355736,0.233,2.03247720223886
5KPE_2_2_3_0_combined_id8,1.401137113571167,0.9734453558921814,93.49287037037038,0.82,2,2,93.17296296296298,0.5701616406440735,21.133627,71.355736,0.2483,2.0843599107530384
5KPE_2_2_3_0_combined_id9,1.3699359893798828,1.0981523990631104,93.84935185185186,0.83,2,2,93.17296296296298,0.5701616406440735,21.133627,71.355736,0.2235,2.035779882360388
5KPE_2_2_5_0_combined_id1,1.367052435874939,1.2429988384246826,89.96416666666664,0.76,2,2,94.38935185185184,0.7625590562820435,20.67701,68.1722,0.2258,2.0466814394350403
5KPE_2_2_5_0_combined_id10,1.353894591331482,1.2389951944351196,90.48268518518518,0.81,2,2,94.38935185185184,0.7625590562820435,20.67701,68.1722,0.2163,2.0076977765118635
5KPE_2_2_5_0_combined_id11,1.5003825426101685,1.0276448726654053,86.62333333333332,0.71,2,2,94.38935185185184,0.7625590562820435,20.67701,68.1722,0.2195,1.9347546895345047
5KPE_2_2_5_0_combined_id12,1.1497105360031128,1.6980684995651245,93.86805555555556,0.83,2,2,94.38935185185184,0.7625590562820435,20.67701,68.1722,0.2183,2.192299171730324
5KPE_2_2_5_0_combined_id14,1.0760269165039062,1.116512656211853,88.72472222222221,0.72,2,2,94.38935185185184,0.7625590562820435,20.67701,68.1722,0.2147,2.150568926775897
5KPE_2_2_5_0_combined_id15,1.5904585123062134,1.2230433225631714,88.41027777777775,0.75,2,2,94.38935185185184,0.7625590562820435,20.67701,68.1722,0.2035,2.068491617838541
5KPE_2_2_5_0_combined_id16,1.517259120941162,0.9981268048286438,88.30833333333332,0.72,2,2,94.38935185185184,0.7625590562820435,20.67701,68.1722,0.2211,1.8794832582826968
5KPE_2_2_5_0_combined_id17,1.0816606283187866,1.6259238719940186,88.2475,0.73,2,2,94.38935185185184,0.7625590562820435,20.67701,68.1722,0.1933,2.129418549714265
5KPE_2_2_5_0_combined_id18,1.4799778461456299,1.3974922895431519,90.2427777777778,0.75,2,2,94.38935185185184,0.7625590562820435,20.67701,68.1722,0.2266,1.9320795977557148
5KPE_2_2_5_0_combined_id19,1.1922752857208252,1.1604607105255127,91.54666666666664,0.8,2,2,94.38935185185184,0.7625590562820435,20.67701,68.1722,0.2046,2.0625021192762585
5KPE_2_2_5_0_combined_id2,1.1860911846160889,1.3797110319137573,87.31814814814815,0.71,2,2,94.38935185185184,0.7625590562820435,20.67701,68.1722,0.2141,2.037954401086878
5KPE_2_2_5_0_combined_id21,2.142578601837158,1.8891687393188477,79.7112962962963,0.67,2,2,94.38935185185184,0.7625590562820435,20.67701,68.1722,0.2211,2.134477968569155
5KPE_2_2_5_0_combined_id22,1.3343079090118408,1.0963181257247925,89.22259259259256,0.74,2,2,94.38935185185184,0.7625590562820435,20.67701,68.1722,0.2089,1.9795427675600408
5KPE_2_2_5_0_combined_id23,1.3289299011230469,1.099825143814087,91.14907407407408,0.78,2,2,94.38935185185184,0.7625590562820435,20.67701,68.1722,0.2051,2.0418414363154658
5KPE_2_2_5_0_combined_id24,10.788202285766602,11.749229431152344,77.7274074074074,0.64,2,2,94.38935185185184,0.7625590562820435,20.67701,68.1722,0.2105,2.077916463216146
5KPE_2_2_5_0_combined_id3,7.234184265136719,7.901777267456055,64.94481481481482,0.52,2,2,94.38935185185184,0.7625590562820435,20.67701,68.1722,0.2057,2.0825698287398726
5KPE_2_2_5_0_combined_id4,1.370103359222412,1.1799097061157227,91.1548148148148,0.79,2,2,94.38935185185184,0.7625590562820435,20.67701,68.1722,0.2067,2.1083876998336226
5KPE_2_2_5_0_combined_id5,1.492754340171814,1.273263931274414,91.6637962962963,0.8,2,2,94.38935185185184,0.7625590562820435,20.67701,68.1722,0.2091,2.0327925505461515
5KPE_2_2_5_0_combined_id6,2.025247097015381,1.1470800638198853,90.53703703703704,0.79,2,2,94.38935185185184,0.7625590562820435,20.67701,68.1722,0.1756,2.084140071162471
5KPE_2_2_5_0_combined_id7,1.2950352430343628,1.2646844387054443,93.32675925925923,0.83,2,2,94.38935185185184,0.7625590562820435,20.67701,68.1722,0.2152,2.206003542299624
5KPE_2_2_5_0_combined_id8,2.7287442684173584,1.6280484199523926,73.90592592592593,0.61,2,2,94.38935185185184,0.7625590562820435,20.67701,68.1722,0.2361,2.1652507075557
5KPE_2_2_5_0_combined_id9,1.7101764678955078,1.0141874551773071,92.37703703703704,0.8,2,2,94.38935185185184,0.7625590562820435,20.67701,68.1722,0.2205,1.9265027929235388
5KPE_2_2_6_0_combined_id1,1.4997650384902954,1.2521144151687622,91.04870370370372,0.8,2,2,94.9039814814815,0.5478578805923462,20.985851,70.200714,0.2271,2.0289298163519964
5KPE_2_2_6_0_combined_id10,1.0850169658660889,1.3703062534332275,91.8539814814815,0.79,2,2,94.9039814814815,0.5478578805923462,20.985851,70.200714,0.2307,1.8856537430374711
5KPE_2_2_6_0_combined_id11,1.3447132110595703,1.7587227821350098,88.35435185185186,0.72,2,2,94.9039814814815,0.5478578805923462,20.985851,70.200714,0.2131,1.87972895304362
5KPE_2_2_6_0_combined_id12,1.173725962638855,0.9127713441848755,89.18074074074073,0.74,2,2,94.9039814814815,0.5478578805923462,20.985851,70.200714,0.2215,2.004501625343605
5KPE_2_2_6_0_combined_id13,1.5026957988739014,1.2295949459075928,87.64444444444445,0.75,2,2,94.9039814814815,0.5478578805923462,20.985851,70.200714,0.2119,2.039653636791088
5KPE_2_2_6_0_combined_id14,1.3434501886367798,1.1672992706298828,94.2375,0.81,2,2,94.9039814814815,0.5478578805923462,20.985851,70.200714,0.2421,2.0171744735152632
5KPE_2_2_6_0_combined_id15,1.4154118299484253,1.4410024881362915,90.47194444444442,0.76,2,2,94.9039814814815,0.5478578805923462,20.985851,70.200714,0.2178,1.8407851325141056
5KPE_2_2_6_0_combined_id16,1.2743810415267944,1.3314993381500244,87.07907407407409,0.8,2,2,94.9039814814815,0.5478578805923462,20.985851,70.200714,0.233,2.242553569652416
5KPE_2_2_6_0_combined_id17,1.2963569164276123,1.1763925552368164,95.06314814814814,0.85,2,2,94.9039814814815,0.5478578805923462,20.985851,70.200714,0.2377,2.012038336859809
5KPE_2_2_6_0_combined_id18,1.4005098342895508,1.0747472047805786,90.45675925925926,0.77,2,2,94.9039814814815,0.5478578805923462,20.985851,70.200714,0.2122,1.8662143283420136
5KPE_2_2_6_0_combined_id19,1.1529791355133057,1.1755398511886597,89.63620370370373,0.77,2,2,94.9039814814815,0.5478578805923462,20.985851,70.200714,0.1937,2.0240804884168835
5KPE_2_2_6_0_combined_id2,1.2836599349975586,1.2724554538726807,88.06814814814813,0.72,2,2,94.9039814814815,0.5478578805923462,20.985851,70.200714,0.2038,1.8481247513382524
5KPE_2_2_6_0_combined_id20,1.3659502267837524,1.0130455493927002,90.7385185185185,0.78,2,2,94.9039814814815,0.5478578805923462,20.985851,70.200714,0.2184,1.9742514998824507
5KPE_2_2_6_0_combined_id21,1.1348443031311035,1.4516679048538208,92.46055555555556,0.79,2,2,94.9039814814815,0.5478578805923462,20.985851,70.200714,0.2173,1.8812149895562067
5KPE_2_2_6_0_combined_id22,1.0678131580352783,1.3205584287643433,93.5737037037037,0.82,2,2,94.9039814814815,0.5478578805923462,20.985851,70.200714,0.2304,2.010572927969473
5KPE_2_2_6_0_combined_id23,1.2604749202728271,1.2920148372650146,91.32990740740742,0.81,2,2,94.9039814814815,0.5478578805923462,20.985851,70.200714,0.2135,2.08556478994864
5KPE_2_2_6_0_combined_id24,1.2422881126403809,1.29463791847229,89.0687962962963,0.75,2,2,94.9039814814815,0.5478578805923462,20.985851,70.200714,0.2163,2.0734700803403503
5KPE_2_2_6_0_combined_id3,1.2936867475509644,1.2238516807556152,92.68425925925928,0.83,2,2,94.9039814814815,0.5478578805923462,20.985851,70.200714,0.2253,1.98063631410952
5KPE_2_2_6_0_combined_id4,11.351021766662598,11.384271621704102,80.07611111111109,0.64,2,2,94.9039814814815,0.5478578805923462,20.985851,70.200714,0.2113,2.060991216588904
5KPE_2_2_6_0_combined_id5,1.2576292753219604,1.5904451608657837,91.30953703703705,0.8,2,2,94.9039814814815,0.5478578805923462,20.985851,70.200714,0.2383,1.926561991373698
5KPE_2_2_6_0_combined_id6,1.4236198663711548,1.0127536058425903,93.7225925925926,0.84,2,2,94.9039814814815,0.5478578805923462,20.985851,70.200714,0.2259,2.126928682680483
5KPE_2_2_6_0_combined_id7,1.463736653327942,1.091381311416626,92.90620370370372,0.83,2,2,94.9039814814815,0.5478578805923462,20.985851,70.200714,0.2089,1.924799883807147
5KPE_2_2_6_0_combined_id8,1.1994208097457886,1.278801441192627,89.93055555555556,0.78,2,2,94.9039814814815,0.5478578805923462,20.985851,70.200714,0.2356,1.954206113462095
5KPE_2_2_6_0_combined_id9,1.2413533926010132,1.251549243927002,86.8042592592593,0.74,2,2,94.9039814814815,0.5478578805923462,20.985851,70.200714,0.213,1.9303805033365888
5KPE_2_2_7_0_combined_id1,9.262907028198242,9.594833374023438,76.62361111111112,0.59,2,2,89.6999074074074,0.6385607123374939,21.243507,71.84392,0.2244,1.831957499186198
5KPE_2_2_7_0_combined_id10,1.3039216995239258,0.8319461345672607,86.67944444444441,0.72,2,2,89.6999074074074,0.6385607123374939,21.243507,71.84392,0.2042,1.9771395082826968
5KPE_2_2_7_0_combined_id11,1.2582539319992065,1.479129433631897,87.21722222222223,0.73,2,2,89.6999074074074,0.6385607123374939,21.243507,71.84392,0.2185,2.04508943910952
5KPE_2_2_7_0_combined_id12,1.4184893369674683,0.9535670280456543,89.98351851851852,0.76,2,2,89.6999074074074,0.6385607123374939,21.243507,71.84392,0.2038,2.0380291408962674
5KPE_2_2_7_0_combined_id13,8.133195877075195,8.766839027404785,78.68333333333332,0.65,2,2,89.6999074074074,0.6385607123374939,21.243507,71.84392,0.2025,2.1342610959653503
5KPE_2_2_7_0_combined_id14,1.120205044746399,1.4542959928512573,89.37824074074072,0.74,2,2,89.6999074074074,0.6385607123374939,21.243507,71.84392,0.21,2.0625382882577403
5KPE_2_2_7_0_combined_id15,10.907214164733887,11.490705490112305,78.76657407407407,0.55,2,2,89.6999074074074,0.6385607123374939,21.243507,71.84392,0.2129,2.161286813241464
5KPE_2_2_7_0_combined_id16,1.0618656873703003,1.357311487197876,87.31861111111111,0.72,2,2,89.6999074074074,0.6385607123374939,21.243507,71.84392,0.2037,1.968911630135996
5KPE_2_2_7_0_combined_id17,1.5612379312515259,1.5496805906295776,74.03722222222223,0.57,2,2,89.6999074074074,0.6385607123374939,21.243507,71.84392,0.2267,2.054024166531033
5KPE_2_2_7_0_combined_id18,1.727874517440796,0.7831017971038818,87.32055555555554,0.74,2,2,89.6999074074074,0.6385607123374939,21.243507,71.84392,0.2065,1.966078864203559
5KPE_2_2_7_0_combined_id19,1.5075109004974365,0.8471993207931519,91.54685185185188,0.78,2,2,89.6999074074074,0.6385607123374939,21.243507,71.84392,0.2366,2.0969680503562644
5KPE_2_2_7_0_combined_id2,1.5098012685775757,1.0739212036132812,87.8225,0.71,2,2,89.6999074074074,0.6385607123374939,21.243507,71.84392,0.2038,2.093011644151476
5KPE_2_2_7_0_combined_id20,1.0126361846923828,1.4581637382507324,90.8886111111111,0.76,2,2,89.6999074074074,0.6385607123374939,21.243507,71.84392,0.2164,2.02816066035518
5KPE_2_2_7_0_combined_id21,1.0622940063476562,1.022012710571289,89.77759259259257,0.75,2,2,89.6999074074074,0.6385607123374939,21.243507,71.84392,0.1996,2.0655973928946034
5KPE_2_2_7_0_combined_id22,1.346808910369873,2.0172340869903564,89.97972222222222,0.77,2,2,89.6999074074074,0.6385607123374939,21.243507,71.84392,0.1832,2.218274858262804
5KPE_2_2_7_0_combined_id23,1.5172173976898193,1.0738903284072876,84.77898148148148,0.72,2,2,89.6999074074074,0.6385607123374939,21.243507,71.84392,0.2169,2.1078098438404225
5KPE_2_2_7_0_combined_id24,1.6430552005767822,0.9214296340942383,85.88666666666666,0.7,2,2,89.6999074074074,0.6385607123374939,21.243507,71.84392,0.2191,1.991134219699436
5KPE_2_2_7_0_combined_id3,1.591992735862732,1.0519939661026,88.15416666666667,0.75,2,2,89.6999074074074,0.6385607123374939,21.243507,71.84392,0.1975,2.074607566550926
5KPE_2_2_7_0_combined_id4,1.1620525121688843,1.2180262804031372,88.66046296296294,0.7,2,2,89.6999074074074,0.6385607123374939,21.243507,71.84392,0.2219,1.8348719278971355
5KPE_2_2_7_0_combined_id5,1.5132966041564941,0.9676644802093506,80.08472222222224,0.67,2,2,89.6999074074074,0.6385607123374939,21.243507,71.84392,0.1912,2.086757801197193
5KPE_2_2_7_0_combined_id6,1.3343743085861206,1.070643663406372,88.28324074074074,0.77,2,2,89.6999074074074,0.6385607123374939,21.243507,71.84392,0.2239,2.034672772442853
5KPE_2_2_7_0_combined_id7,0.9578140377998352,1.3340457677841187,87.13490740740741,0.7,2,2,89.6999074074074,0.6385607123374939,21.243507,71.84392,0.1943,2.1442009254738137
5KPE_2_2_7_0_combined_id8,8.149374008178711,9.150212287902832,80.61370370370372,0.63,2,2,89.6999074074074,0.6385607123374939,21.243507,71.84392,0.2244,2.058542322229456
5KPE_2_2_7_0_combined_id9,1.3560396432876587,0.9936076998710632,87.17240740740739,0.75,2,2,89.6999074074074,0.6385607123374939,21.243507,71.84392,0.227,2.1535501833315247
5KPE_2_2_8_0_combined_id1,1.4882216453552246,1.2604464292526245,90.89083333333332,0.79,2,2,93.22398148148147,0.5698420405387878,21.046297,68.51644,0.2143,1.9844001487449363
5KPE_2_2_8_0_combined_id10,1.2613917589187622,1.2631938457489014,89.60601851851851,0.77,2,2,93.22398148148147,0.5698420405387878,21.046297,68.51644,0.2212,1.975612075240524
5KPE_2_2_8_0_combined_id11,1.0918673276901245,1.5086842775344849,86.12490740740742,0.71,2,2,93.22398148148147,0.5698420405387878,21.046297,68.51644,0.2353,2.182073805067274
5KPE_2_2_8_0_combined_id12,1.2037274837493896,1.2462245225906372,91.79629629629628,0.81,2,2,93.22398148148147,0.5698420405387878,21.046297,68.51644,0.213,2.160731704146773
5KPE_2_2_8_0_combined_id13,6.7431559562683105,7.408008575439453,82.93129629629631,0.71,2,2,93.22398148148147,0.5698420405387878,21.046297,68.51644,0.2162,2.128155319779008
5KPE_2_2_8_0_combined_id14,1.3489760160446167,1.0578789710998535,93.54777777777774,0.86,2,2,93.22398148148147,0.5698420405387878,21.046297,68.51644,0.245,2.0525182088216147
5KPE_2_2_8_0_combined_id15,1.216076135635376,1.196240782737732,90.61111111111111,0.79,2,2,93.22398148148147,0.5698420405387878,21.046297,68.51644,0.2162,1.9467216774269387
5KPE_2_2_8_0_combined_id16,5.682950496673584,5.90089225769043,69.10055555555554,0.6,2,2,93.22398148148147,0.5698420405387878,21.046297,68.51644,0.2243,2.149035135904948
5KPE_2_2_8_0_combined_id17,1.3090014457702637,1.2990306615829468,91.64166666666668,0.81,2,2,93.22398148148147,0.5698420405387878,21.046297,68.51644,0.2238,2.1728411074037903
5KPE_2_2_8_0_combined_id18,1.262179970741272,1.2203460931777954,93.32703703703704,0.84,2,2,93.22398148148147,0.5698420405387878,21.046297,68.51644,0.2058,2.150820979365596
5KPE_2_2_8_0_combined_id19,1.410719871520996,1.2204062938690186,89.88666666666667,0.8,2,2,93.22398148148147,0.5698420405387878,21.046297,68.51644,0.2101,2.085372359664352
5KPE_2_2_8_0_combined_id2,0.9816081523895264,1.389600396156311,87.91814814814813,0.72,2,2,93.22398148148147,0.5698420405387878,21.046297,68.51644,0.205,2.0671724390100548
5KPE_2_2_8_0_combined_id20,1.1660479307174683,1.0531656742095947,89.9085185185185,0.77,2,2,93.22398148148147,0.5698420405387878,21.046297,68.51644,0.2172,2.040220755117911
5KPE_2_2_8_0_combined_id21,1.1215242147445679,1.260626196861267,93.17824074074078,0.81,2,2,93.22398148148147,0.5698420405387878,21.046297,68.51644,0.2188,2.1225676359953702
5KPE_2_2_8_0_combined_id22,1.3366765975952148,1.0851339101791382,90.8971296296296,0.8,2,2,93.22398148148147,0.5698420405387878,21.046297,68.51644,0.2258,2.115944332546658
5KPE_2_2_8_0_combined_id23,1.3640936613082886,1.1302156448364258,91.48185185185184,0.82,2,2,93.22398148148147,0.5698420405387878,21.046297,68.51644,0.2048,2.0510892514829284
5KPE_2_2_8_0_combined_id24,1.2064800262451172,1.2320157289505005,93.1051851851852,0.82,2,2,93.22398148148147,0.5698420405387878,21.046297,68.51644,0.2199,1.979021566885489
5KPE_2_2_8_0_combined_id3,1.2695730924606323,1.5971952676773071,92.74370370370372,0.82,2,2,93.22398148148147,0.5698420405387878,21.046297,68.51644,0.2098,2.1402069374367043
5KPE_2_2_8_0_combined_id4,1.3125377893447876,1.345183253288269,91.66342592592594,0.82,2,2,93.22398148148147,0.5698420405387878,21.046297,68.51644,0.1969,2.1106623896846064
5KPE_2_2_8_0_combined_id5,1.0751317739486694,1.1639949083328247,91.42972222222222,0.8,2,2,93.22398148148147,0.5698420405387878,21.046297,68.51644,0.2357,2.09804845739294
5KPE_2_2_8_0_combined_id6,10.691910743713379,11.241324424743652,74.52944444444444,0.57,2,2,93.22398148148147,0.5698420405387878,21.046297,68.51644,0.2411,2.110322457772714
5KPE_2_2_8_0_combined_id7,1.3272150754928589,1.3617098331451416,92.45935185185188,0.81,2,2,93.22398148148147,0.5698420405387878,21.046297,68.51644,0.2327,2.065682305230035
5KPE_2_2_8_0_combined_id8,1.3939496278762817,1.127244234085083,93.83833333333332,0.84,2,2,93.22398148148147,0.5698420405387878,21.046297,68.51644,0.2226,2.080763498942057
5KPE_2_2_8_0_combined_id9,1.2689875364303589,1.1096088886260986,92.42416666666666,0.81,2,2,93.22398148148147,0.5698420405387878,21.046297,68.51644,0.2224,2.086223461009838
5KPE_2_2_9_0_combined_id1,1.0036946535110474,1.6505146026611328,90.20324074074072,0.75,2,2,94.77787037037037,0.6714420318603516,20.472088,69.20877,0.2106,1.895410043221933
5KPE_2_2_9_0_combined_id10,1.3525036573410034,1.3531004190444946,94.60111111111112,0.84,2,2,94.77787037037037,0.6714420318603516,20.472088,69.20877,0.2261,2.091954407868562
5KPE_2_2_9_0_combined_id11,1.2754342555999756,1.4934536218643188,88.92435185185185,0.74,2,2,94.77787037037037,0.6714420318603516,20.472088,69.20877,0.2101,2.050818266691985
5KPE_2_2_9_0_combined_id12,1.10711669921875,1.5176037549972534,92.78166666666668,0.81,2,2,94.77787037037037,0.6714420318603516,20.472088,69.20877,0.2221,2.1431903132685908
5KPE_2_2_9_0_combined_id14,1.0329045057296753,1.5544285774230957,88.84111111111109,0.74,2,2,94.77787037037037,0.6714420318603516,20.472088,69.20877,0.1996,2.201868975604022
5KPE_2_2_9_0_combined_id15,1.1697654724121094,1.6316040754318237,86.2248148148148,0.68,2,2,94.77787037037037,0.6714420318603516,20.472088,69.20877,0.2112,1.90970300745081
5KPE_2_2_9_0_combined_id16,1.3539159297943115,1.7371059656143188,90.14592592592597,0.77,2,2,94.77787037037037,0.6714420318603516,20.472088,69.20877,0.2132,2.027455930356626
5KPE_2_2_9_0_combined_id17,1.1382681131362915,1.1752580404281616,89.68703703703703,0.76,2,2,94.77787037037037,0.6714420318603516,20.472088,69.20877,0.2134,2.0150544908311634
5KPE_2_2_9_0_combined_id18,1.4159321784973145,1.4723944664001465,87.13175925925925,0.72,2,2,94.77787037037037,0.6714420318603516,20.472088,69.20877,0.2132,2.0058446813512734
5KPE_2_2_9_0_combined_id19,7.033247947692871,7.861118793487549,70.2688888888889,0.56,2,2,94.77787037037037,0.6714420318603516,20.472088,69.20877,0.2037,2.134256857412833
5KPE_2_2_9_0_combined_id2,1.0788657665252686,1.5398354530334473,91.9282407407407,0.78,2,2,94.77787037037037,0.6714420318603516,20.472088,69.20877,0.2108,2.090899432146991
5KPE_2_2_9_0_combined_id20,1.3224375247955322,1.2906389236450195,91.30712962962964,0.79,2,2,94.77787037037037,0.6714420318603516,20.472088,69.20877,0.2146,1.941269768608941
5KPE_2_2_9_0_combined_id21,1.3728176355361938,1.3349387645721436,91.35379629629632,0.8,2,2,94.77787037037037,0.6714420318603516,20.472088,69.20877,0.2053,1.9679304052282265
5KPE_2_2_9_0_combined_id22,1.2868894338607788,1.3459811210632324,90.95472222222222,0.79,2,2,94.77787037037037,0.6714420318603516,20.472088,69.20877,0.2237,2.1269299542462385
5KPE_2_2_9_0_combined_id23,1.4249731302261353,1.266060709953308,93.25638888888888,0.82,2,2,94.77787037037037,0.6714420318603516,20.472088,69.20877,0.1984,2.017433025218822
5KPE_2_2_9_0_combined_id24,0.9934462308883667,1.4337759017944336,90.2064814814815,0.76,2,2,94.77787037037037,0.6714420318603516,20.472088,69.20877,0.2029,1.9645081979257089
5KPE_2_2_9_0_combined_id3,1.4221662282943726,1.2004287242889404,92.33648148148148,0.81,2,2,94.77787037037037,0.6714420318603516,20.472088,69.20877,0.2136,2.086612701416016
5KPE_2_2_9_0_combined_id4,0.8950656652450562,1.629564642906189,89.30648148148148,0.74,2,2,94.77787037037037,0.6714420318603516,20.472088,69.20877,0.2085,2.003328252721716
5KPE_2_2_9_0_combined_id5,1.167474389076233,1.5029245615005493,91.4050925925926,0.76,2,2,94.77787037037037,0.6714420318603516,20.472088,69.20877,0.2103,1.974512736002604
5KPE_2_2_9_0_combined_id6,1.0435725450515747,1.2532907724380493,91.46055555555552,0.82,2,2,94.77787037037037,0.6714420318603516,20.472088,69.20877,0.2016,2.0196940104166665
5KPE_2_2_9_0_combined_id7,1.379483699798584,1.2882318496704102,87.74620370370373,0.71,2,2,94.77787037037037,0.6714420318603516,20.472088,69.20877,0.2146,1.8875390511971928
5KPE_2_2_9_0_combined_id8,10.822600364685059,11.470221519470215,77.08796296296296,0.62,2,2,94.77787037037037,0.6714420318603516,20.472088,69.20877,0.2003,1.9132600007233795
5KPE_2_2_9_0_combined_id9,1.083946704864502,1.5688596963882446,88.8225,0.73,2,2,94.77787037037037,0.6714420318603516,20.472088,69.20877,0.1849,2.241934882269965
5KPE_2_4_0_0_combined_id1,1.0891633033752441,1.2222144603729248,88.39666666666666,0.71,2,4,91.5425925925926,0.6593427062034607,20.626726,70.6633,0.2039,2.188513579191985
5KPE_2_4_0_0_combined_id10,2.1211557388305664,1.8884811401367188,77.23657407407408,0.68,2,4,91.5425925925926,0.6593427062034607,20.626726,70.6633,0.2228,2.106523725721571
5KPE_2_4_0_0_combined_id11,1.701536774635315,0.9659518599510193,88.94398148148149,0.75,2,4,91.5425925925926,0.6593427062034607,20.626726,70.6633,0.2291,1.982319019458912
5KPE_2_4_0_0_combined_id12,1.6953943967819214,1.233211636543274,80.00916666666664,0.67,2,4,91.5425925925926,0.6593427062034607,20.626726,70.6633,0.1953,2.038271020959925
5KPE_2_4_0_0_combined_id13,1.489941120147705,1.7971034049987793,83.94666666666666,0.67,2,4,91.5425925925926,0.6593427062034607,20.626726,70.6633,0.2044,2.2671675505461515
5KPE_2_4_0_0_combined_id14,1.1153113842010498,1.168943166732788,89.5428703703704,0.74,2,4,91.5425925925926,0.6593427062034607,20.626726,70.6633,0.206,2.103854709201389
5KPE_2_4_0_0_combined_id15,1.4622372388839722,1.2420636415481567,88.17416666666666,0.72,2,4,91.5425925925926,0.6593427062034607,20.626726,70.6633,0.2111,2.019365663881655
5KPE_2_4_0_0_combined_id16,1.0973732471466064,1.5625916719436646,93.91287037037036,0.81,2,4,91.5425925925926,0.6593427062034607,20.626726,70.6633,0.2006,2.074489169650608
5KPE_2_4_0_0_combined_id17,1.0788034200668335,1.37102210521698,88.5635185185185,0.74,2,4,91.5425925925926,0.6593427062034607,20.626726,70.6633,0.2044,2.1546707153320312
5KPE_2_4_0_0_combined_id18,2.0160326957702637,1.453381061553955,89.26907407407406,0.77,2,4,91.5425925925926,0.6593427062034607,20.626726,70.6633,0.1934,2.1269519947193287
5KPE_2_4_0_0_combined_id19,0.7252152562141418,1.5201473236083984,90.69666666666664,0.77,2,4,91.5425925925926,0.6593427062034607,20.626726,70.6633,0.2017,2.1831450285734952
5KPE_2_4_0_0_combined_id2,1.1142500638961792,1.2812325954437256,87.78194444444446,0.73,2,4,91.5425925925926,0.6593427062034607,20.626726,70.6633,0.1978,2.078858269585504
5KPE_2_4_0_0_combined_id20,1.1259809732437134,1.5313225984573364,93.76833333333332,0.83,2,4,91.5425925925926,0.6593427062034607,20.626726,70.6633,0.2274,2.152754889594184
5KPE_2_4_0_0_combined_id21,1.1729987859725952,1.3375297784805298,87.10925925925925,0.71,2,4,91.5425925925926,0.6593427062034607,20.626726,70.6633,0.2154,2.201468856246383
5KPE_2_4_0_0_combined_id22,1.519395351409912,1.4860602617263794,90.15333333333336,0.78,2,4,91.5425925925926,0.6593427062034607,20.626726,70.6633,0.2099,2.1014907271773726
5KPE_2_4_0_0_combined_id23,1.0257207155227661,1.329017996788025,90.71314814814816,0.78,2,4,91.5425925925926,0.6593427062034607,20.626726,70.6633,0.2088,2.0429235387731484
5KPE_2_4_0_0_combined_id24,5.173252105712891,5.435196399688721,80.57657407407406,0.65,2,4,91.5425925925926,0.6593427062034607,20.626726,70.6633,0.2297,2.127747571026837
5KPE_2_4_0_0_combined_id3,1.5765652656555176,1.3994534015655518,84.91675925925928,0.71,2,4,91.5425925925926,0.6593427062034607,20.626726,70.6633,0.2002,2.2520924320927374
5KPE_2_4_0_0_combined_id4,7.302018642425537,8.314186096191406,71.81287037037038,0.59,2,4,91.5425925925926,0.6593427062034607,20.626726,70.6633,0.2068,2.0824385748969183
5KPE_2_4_0_0_combined_id5,1.218340277671814,1.5895309448242188,83.93268518518518,0.7,2,4,91.5425925925926,0.6593427062034607,20.626726,70.6633,0.1973,2.137588218406395
5KPE_2_4_0_0_combined_id6,1.1685211658477783,1.4843506813049316,91.43583333333336,0.8,2,4,91.5425925925926,0.6593427062034607,20.626726,70.6633,0.217,2.116713912398726
5KPE_2_4_0_0_combined_id7,1.487502932548523,1.286077857017517,86.47361111111111,0.73,2,4,91.5425925925926,0.6593427062034607,20.626726,70.6633,0.2037,2.0451558430989585
5KPE_2_4_0_0_combined_id8,1.2350754737854004,1.197172999382019,89.24833333333333,0.75,2,4,91.5425925925926,0.6593427062034607,20.626726,70.6633,0.1882,2.264697039568866
5KPE_2_4_0_0_combined_id9,1.4707276821136475,1.0007990598678589,90.94787037037038,0.76,2,4,91.5425925925926,0.6593427062034607,20.626726,70.6633,0.209,2.1246525799786604
5KPE_2_4_1_0_combined_id1,1.180922508239746,1.3758119344711304,91.7761111111111,0.8,2,4,92.15500000000002,0.5598019361495972,20.047535,70.46342,0.2053,2.1218432673701533
5KPE_2_4_1_0_combined_id10,1.1188948154449463,1.5427348613739014,92.06333333333336,0.8,2,4,92.15500000000002,0.5598019361495972,20.047535,70.46342,0.2297,2.047164493136936
5KPE_2_4_1_0_combined_id11,1.4844791889190674,0.89572674036026,88.57046296296295,0.74,2,4,92.15500000000002,0.5598019361495972,20.047535,70.46342,0.2353,2.01375495062934
5KPE_2_4_1_0_combined_id12,1.08298659324646,1.5869762897491455,91.97277777777778,0.8,2,4,92.15500000000002,0.5598019361495972,20.047535,70.46342,0.2041,2.132553383156105
5KPE_2_4_1_0_combined_id13,1.1708394289016724,1.496524691581726,92.40518518518516,0.8,2,4,92.15500000000002,0.5598019361495972,20.047535,70.46342,0.2113,2.1253200107150607
5KPE_2_4_1_0_combined_id14,1.290412425994873,1.1511647701263428,91.67583333333332,0.79,2,4,92.15500000000002,0.5598019361495972,20.047535,70.46342,0.1969,2.0687056647406683
5KPE_2_4_1_0_combined_id15,0.986595094203949,1.5325359106063843,92.0510185185185,0.82,2,4,92.15500000000002,0.5598019361495972,20.047535,70.46342,0.2131,2.0570187038845487
5KPE_2_4_1_0_combined_id17,0.7250550389289856,1.7703685760498047,90.47305555555556,0.79,2,4,92.15500000000002,0.5598019361495972,20.047535,70.46342,0.1937,2.205394321017795
5KPE_2_4_1_0_combined_id18,1.1311488151550293,1.353555679321289,87.30064814814814,0.72,2,4,92.15500000000002,0.5598019361495972,20.047535,70.46342,0.2079,1.975862291124132
5KPE_2_4_1_0_combined_id19,1.46437668800354,1.2397972345352173,86.28703703703702,0.73,2,4,92.15500000000002,0.5598019361495972,20.047535,70.46342,0.1972,2.2399318836353443
5KPE_2_4_1_0_combined_id2,1.2002708911895752,1.4794808626174927,90.6487962962963,0.8,2,4,92.15500000000002,0.5598019361495972,20.047535,70.46342,0.2077,2.149275461832682
5KPE_2_4_1_0_combined_id20,1.2703149318695068,1.3861135244369507,91.92648148148147,0.79,2,4,92.15500000000002,0.5598019361495972,20.047535,70.46342,0.224,2.1047193739149304
5KPE_2_4_1_0_combined_id21,2.2711520195007324,2.2731730937957764,86.69694444444445,0.71,2,4,92.15500000000002,0.5598019361495972,20.047535,70.46342,0.2052,1.994963045473452
5KPE_2_4_1_0_combined_id22,1.1023746728897095,1.4411102533340454,87.89814814814814,0.73,2,4,92.15500000000002,0.5598019361495972,20.047535,70.46342,0.1894,2.1147675690827548
5KPE_2_4_1_0_combined_id23,7.937454700469971,9.031479835510254,76.76287037037038,0.64,2,4,92.15500000000002,0.5598019361495972,20.047535,70.46342,0.2123,2.0789526480215565
5KPE_2_4_1_0_combined_id24,1.133156180381775,1.4483983516693115,91.28935185185183,0.78,2,4,92.15500000000002,0.5598019361495972,20.047535,70.46342,0.2032,2.0917577390317565
5KPE_2_4_1_0_combined_id3,1.0716294050216675,1.4972796440124512,88.35703703703703,0.77,2,4,92.15500000000002,0.5598019361495972,20.047535,70.46342,0.2165,2.322064576325593
5KPE_2_4_1_0_combined_id4,1.7565934658050537,1.6899619102478027,86.82212962962964,0.77,2,4,92.15500000000002,0.5598019361495972,20.047535,70.46342,0.2075,2.2795997902199074
5KPE_2_4_1_0_combined_id5,1.297007441520691,1.01437509059906,84.29194444444444,0.68,2,4,92.15500000000002,0.5598019361495972,20.047535,70.46342,0.2049,2.010771292227286
5KPE_2_4_1_0_combined_id6,1.0366803407669067,1.390945315361023,88.74416666666667,0.75,2,4,92.15500000000002,0.5598019361495972,20.047535,70.46342,0.1942,1.9882919876663767
5KPE_2_4_1_0_combined_id7,7.839432239532471,8.853497505187988,60.25537037037037,0.5,2,4,92.15500000000002,0.5598019361495972,20.047535,70.46342,0.1966,2.2614819561993635
5KPE_2_4_1_0_combined_id8,1.287667155265808,1.4219390153884888,92.5862037037037,0.81,2,4,92.15500000000002,0.5598019361495972,20.047535,70.46342,0.229,2.0373396696867765
5KPE_2_4_1_0_combined_id9,1.021539330482483,1.7179814577102661,90.49657407407408,0.76,2,4,92.15500000000002,0.5598019361495972,20.047535,70.46342,0.1974,2.1110028867368347
5KPE_2_4_2_0_combined_id1,1.573460578918457,1.2475473880767822,84.62083333333332,0.69,2,4,93.53962962962962,0.5963259339332581,20.542744,73.10283,0.174,2.212159898546007
5KPE_2_4_2_0_combined_id10,1.357014536857605,1.262991189956665,86.14407407407408,0.71,2,4,93.53962962962962,0.5963259339332581,20.542744,73.10283,0.1865,2.1083162095811634
5KPE_2_4_2_0_combined_id11,1.7019178867340088,1.7770341634750366,85.68361111111113,0.72,2,4,93.53962962962962,0.5963259339332581,20.542744,73.10283,0.205,2.0483005664966725
5KPE_2_4_2_0_combined_id12,1.0828977823257446,1.5134449005126953,88.81333333333333,0.74,2,4,93.53962962962962,0.5963259339332581,20.542744,73.10283,0.1924,2.12801346955476
5KPE_2_4_2_0_combined_id13,1.429794192314148,1.5371531248092651,89.80583333333334,0.79,2,4,93.53962962962962,0.5963259339332581,20.542744,73.10283,0.1988,2.3913003427011
5KPE_2_4_2_0_combined_id14,1.8207945823669434,1.1816092729568481,93.40074074074074,0.8,2,4,93.53962962962962,0.5963259339332581,20.542744,73.10283,0.2274,2.0614457307038485
5KPE_2_4_2_0_combined_id15,1.1119283437728882,1.4110394716262817,87.54657407407406,0.74,2,4,93.53962962962962,0.5963259339332581,20.542744,73.10283,0.2096,2.223192003038194
5KPE_2_4_2_0_combined_id16,1.0420923233032227,1.4288039207458496,90.13388888888888,0.75,2,4,93.53962962962962,0.5963259339332581,20.542744,73.10283,0.1925,2.2480506896972656
5KPE_2_4_2_0_combined_id17,10.637721061706543,10.89290714263916,79.70500000000001,0.62,2,4,93.53962962962962,0.5963259339332581,20.542744,73.10283,0.2123,2.1033830995912903
5KPE_2_4_2_0_combined_id18,0.9868813753128052,1.48212730884552,91.38462962962966,0.8,2,4,93.53962962962962,0.5963259339332581,20.542744,73.10283,0.2082,2.170045075593172
5KPE_2_4_2_0_combined_id19,8.47021484375,8.48867416381836,73.99944444444446,0.62,2,4,93.53962962962962,0.5963259339332581,20.542744,73.10283,0.2041,2.0430365668402777
5KPE_2_4_2_0_combined_id2,1.1071783304214478,1.789950966835022,93.04370370370371,0.8,2,4,93.53962962962962,0.5963259339332581,20.542744,73.10283,0.1941,2.3431567439326533
5KPE_2_4_2_0_combined_id20,1.2891274690628052,1.4953519105911255,90.1748148148148,0.77,2,4,93.53962962962962,0.5963259339332581,20.542744,73.10283,0.214,2.163588488543476
5KPE_2_4_2_0_combined_id21,10.5429048538208,11.146336555480957,73.77148148148149,0.54,2,4,93.53962962962962,0.5963259339332581,20.542744,73.10283,0.2067,2.121479740849248
5KPE_2_4_2_0_combined_id22,0.9596086144447327,1.1727125644683838,92.44851851851853,0.79,2,4,93.53962962962962,0.5963259339332581,20.542744,73.10283,0.2082,2.123496444137008
5KPE_2_4_2_0_combined_id23,1.1880481243133545,1.4299477338790894,86.55314814814814,0.7,2,4,93.53962962962962,0.5963259339332581,20.542744,73.10283,0.2187,2.089234528718172
5KPE_2_4_2_0_combined_id24,1.2973312139511108,1.096947193145752,86.29314814814816,0.71,2,4,93.53962962962962,0.5963259339332581,20.542744,73.10283,0.2008,2.0622167234067565
5KPE_2_4_2_0_combined_id3,1.368853211402893,1.1486395597457886,86.34833333333334,0.7,2,4,93.53962962962962,0.5963259339332581,20.542744,73.10283,0.205,2.0792306970666954
5KPE_2_4_2_0_combined_id4,1.6651049852371216,1.0571026802062988,89.03046296296296,0.74,2,4,93.53962962962962,0.5963259339332581,20.542744,73.10283,0.1968,1.989297796178747
5KPE_2_4_2_0_combined_id5,1.0163220167160034,1.8153191804885864,87.03833333333333,0.69,2,4,93.53962962962962,0.5963259339332581,20.542744,73.10283,0.211,2.04756842719184
5KPE_2_4_2_0_combined_id6,1.0095512866973877,1.6422064304351807,90.8901851851852,0.77,2,4,93.53962962962962,0.5963259339332581,20.542744,73.10283,0.2006,2.062787656430845
5KPE_2_4_2_0_combined_id7,1.2086033821105957,1.5598372220993042,84.29287037037037,0.7,2,4,93.53962962962962,0.5963259339332581,20.542744,73.10283,0.1918,2.060026380750868
5KPE_2_4_2_0_combined_id8,1.0893769264221191,1.6050282716751099,88.56203703703703,0.75,2,4,93.53962962962962,0.5963259339332581,20.542744,73.10283,0.2017,2.092431103741681
5KPE_2_4_2_0_combined_id9,1.391728162765503,0.8579791784286499,87.95592592592594,0.74,2,4,93.53962962962962,0.5963259339332581,20.542744,73.10283,0.2036,1.9281887478298607
5KPE_2_4_3_0_combined_id1,8.06412410736084,8.362638473510742,74.06472222222223,0.67,2,4,92.56175925925923,0.5822727680206299,20.28594,71.2938,0.1883,2.0407381410951966
5KPE_2_4_3_0_combined_id10,8.728377342224121,9.298766136169434,78.05027777777778,0.64,2,4,92.56175925925923,0.5822727680206299,20.28594,71.2938,0.1941,2.088270823160807
5KPE_2_4_3_0_combined_id11,1.4734340906143188,1.182669758796692,92.1801851851852,0.79,2,4,92.56175925925923,0.5822727680206299,20.28594,71.2938,0.2007,2.146553604691117
5KPE_2_4_3_0_combined_id12,1.447358250617981,1.4404430389404297,89.48564814814816,0.76,2,4,92.56175925925923,0.5822727680206299,20.28594,71.2938,0.1742,2.06358309145327
5KPE_2_4_3_0_combined_id13,1.4910521507263184,1.8606247901916504,92.3672222222222,0.8,2,4,92.56175925925923,0.5822727680206299,20.28594,71.2938,0.214,2.090863828305845
5KPE_2_4_3_0_combined_id14,1.6660346984863281,1.5605343580245972,88.9425,0.75,2,4,92.56175925925923,0.5822727680206299,20.28594,71.2938,0.2022,2.1116403650354454
5KPE_2_4_3_0_combined_id15,1.4199738502502441,1.0980576276779175,91.89416666666668,0.77,2,4,92.56175925925923,0.5822727680206299,20.28594,71.2938,0.1897,2.265695642541956
5KPE_2_4_3_0_combined_id16,1.1998356580734253,1.6221604347229004,88.65925925925927,0.77,2,4,92.56175925925923,0.5822727680206299,20.28594,71.2938,0.1968,2.153552302607784
5KPE_2_4_3_0_combined_id17,1.0040342807769775,1.3066043853759766,90.33111111111111,0.77,2,4,92.56175925925923,0.5822727680206299,20.28594,71.2938,0.2004,2.2446130823206016
5KPE_2_4_3_0_combined_id18,1.3471097946166992,1.6030497550964355,83.97861111111114,0.72,2,4,92.56175925925923,0.5822727680206299,20.28594,71.2938,0.1982,2.0747109872323497
5KPE_2_4_3_0_combined_id19,1.6340689659118652,1.5767216682434082,86.05611111111111,0.71,2,4,92.56175925925923,0.5822727680206299,20.28594,71.2938,0.1828,2.0156046549479165
5KPE_2_4_3_0_combined_id2,1.0267707109451294,1.6182200908660889,93.6802777777778,0.83,2,4,92.56175925925923,0.5822727680206299,20.28594,71.2938,0.2081,2.187753606725622
5KPE_2_4_3_0_combined_id20,1.3004480600357056,1.8980259895324707,91.22249999999998,0.79,2,4,92.56175925925923,0.5822727680206299,20.28594,71.2938,0.2089,2.165725425437645
5KPE_2_4_3_0_combined_id21,1.1590492725372314,1.5007117986679077,90.06990740740741,0.75,2,4,92.56175925925923,0.5822727680206299,20.28594,71.2938,0.2063,2.1593829967357494
5KPE_2_4_3_0_combined_id22,1.5296086072921753,1.3610533475875854,84.36138888888888,0.68,2,4,92.56175925925923,0.5822727680206299,20.28594,71.2938,0.2217,2.158628958242911
5KPE_2_4_3_0_combined_id23,1.1867575645446777,1.0640010833740234,89.56148148148148,0.74,2,4,92.56175925925923,0.5822727680206299,20.28594,71.2938,0.2065,2.1402739065664784
5KPE_2_4_3_0_combined_id24,1.0597317218780518,1.3244432210922241,87.18296296296295,0.72,2,4,92.56175925925923,0.5822727680206299,20.28594,71.2938,0.2109,2.17039715802228
5KPE_2_4_3_0_combined_id3,1.081515908241272,1.5052714347839355,93.8389814814815,0.85,2,4,92.56175925925923,0.5822727680206299,20.28594,71.2938,0.2056,2.092845775462963
5KPE_2_4_3_0_combined_id4,1.2453984022140503,1.4929578304290771,87.4137037037037,0.75,2,4,92.56175925925923,0.5822727680206299,20.28594,71.2938,0.2011,2.031396512632017
5KPE_2_4_3_0_combined_id5,1.1286808252334595,1.4577713012695312,89.3097222222222,0.77,2,4,92.56175925925923,0.5822727680206299,20.28594,71.2938,0.1965,2.2531921951859086
5KPE_2_4_3_0_combined_id6,8.225963592529297,9.295343399047852,72.22,0.58,2,4,92.56175925925923,0.5822727680206299,20.28594,71.2938,0.193,2.1019634670681424
5KPE_2_4_3_0_combined_id7,9.297428131103516,9.540977478027344,73.50981481481482,0.6,2,4,92.56175925925923,0.5822727680206299,20.28594,71.2938,0.2154,2.139263576931424
5KPE_2_4_3_0_combined_id8,1.7865409851074219,2.731834888458252,84.81277777777775,0.64,2,4,92.56175925925923,0.5822727680206299,20.28594,71.2938,0.2022,2.2758421721281827
5KPE_2_4_3_0_combined_id9,1.1569280624389648,1.7546874284744263,89.28546296296297,0.74,2,4,92.56175925925923,0.5822727680206299,20.28594,71.2938,0.1941,2.171214492232711
5KPE_2_4_4_0_combined_id1,1.1815260648727417,1.4656931161880493,88.26916666666668,0.72,2,4,92.9540740740741,0.597352147102356,20.261219,74.18853,0.2036,1.99458482530382
5KPE_2_4_4_0_combined_id10,1.4577765464782715,1.5664875507354736,86.74518518518518,0.7,2,4,92.9540740740741,0.597352147102356,20.261219,74.18853,0.2132,2.188323409469039
5KPE_2_4_4_0_combined_id11,7.755774021148682,8.912259101867676,71.53944444444447,0.62,2,4,92.9540740740741,0.597352147102356,20.261219,74.18853,0.2004,2.0802824232313366
5KPE_2_4_4_0_combined_id12,2.955259323120117,3.586524248123169,82.7912962962963,0.62,2,4,92.9540740740741,0.597352147102356,20.261219,74.18853,0.2228,2.122039512351708
5KPE_2_4_4_0_combined_id13,1.3368356227874756,1.457106351852417,84.1663888888889,0.69,2,4,92.9540740740741,0.597352147102356,20.261219,74.18853,0.2306,2.1497313887984664
5KPE_2_4_4_0_combined_id14,1.234773874282837,1.2109339237213135,88.25555555555555,0.74,2,4,92.9540740740741,0.597352147102356,20.261219,74.18853,0.2048,2.1267496744791665
5KPE_2_4_4_0_combined_id15,1.1864348649978638,1.6042051315307617,86.79462962962963,0.71,2,4,92.9540740740741,0.597352147102356,20.261219,74.18853,0.2102,2.098967375578704
5KPE_2_4_4_0_combined_id16,1.3462117910385132,1.9604567289352417,74.96277777777779,0.63,2,4,92.9540740740741,0.597352147102356,20.261219,74.18853,0.2084,2.0967768916377314
5KPE_2_4_4_0_combined_id17,1.2339234352111816,1.1397422552108765,87.34324074074075,0.71,2,4,92.9540740740741,0.597352147102356,20.261219,74.18853,0.2193,2.1429206000434027
5KPE_2_4_4_0_combined_id18,1.48971688747406,1.1746243238449097,86.8162037037037,0.7,2,4,92.9540740740741,0.597352147102356,20.261219,74.18853,0.2177,2.0753341957374856
5KPE_2_4_4_0_combined_id19,1.3235223293304443,1.1470180749893188,89.93861111111111,0.75,2,4,92.9540740740741,0.597352147102356,20.261219,74.18853,0.2265,2.1264001351815685
5KPE_2_4_4_0_combined_id2,1.162592887878418,1.4855142831802368,87.23500000000001,0.71,2,4,92.9540740740741,0.597352147102356,20.261219,74.18853,0.2061,2.187608365659361
5KPE_2_4_4_0_combined_id20,8.138298034667969,9.042902946472168,70.94833333333334,0.56,2,4,92.9540740740741,0.597352147102356,20.261219,74.18853,0.2157,2.151866630271629
5KPE_2_4_4_0_combined_id21,1.157717227935791,1.3677419424057007,89.9998148148148,0.75,2,4,92.9540740740741,0.597352147102356,20.261219,74.18853,0.2098,2.100448890968605
5KPE_2_4_4_0_combined_id22,1.0606201887130737,1.7587285041809082,89.21490740740741,0.77,2,4,92.9540740740741,0.597352147102356,20.261219,74.18853,0.2081,2.224885446053964
5KPE_2_4_4_0_combined_id23,1.1417187452316284,1.1809682846069336,89.19222222222221,0.76,2,4,92.9540740740741,0.597352147102356,20.261219,74.18853,0.19,2.145730901647497
5KPE_2_4_4_0_combined_id24,7.74366569519043,8.817429542541504,72.93129629629631,0.57,2,4,92.9540740740741,0.597352147102356,20.261219,74.18853,0.2067,2.238388344093605
5KPE_2_4_4_0_combined_id3,2.082982063293457,2.309074878692627,88.09750000000001,0.75,2,4,92.9540740740741,0.597352147102356,20.261219,74.18853,0.2208,2.353801868580006
5KPE_2_4_4_0_combined_id4,1.1571831703186035,1.6240931749343872,91.2425,0.8,2,4,92.9540740740741,0.597352147102356,20.261219,74.18853,0.2106,2.138069435402199
5KPE_2_4_4_0_combined_id5,1.3557897806167603,1.6540799140930176,93.61046296296296,0.82,2,4,92.9540740740741,0.597352147102356,20.261219,74.18853,0.2055,2.1169905485930265
5KPE_2_4_4_0_combined_id6,7.385775566101074,8.236135482788086,68.66453703703704,0.55,2,4,92.9540740740741,0.597352147102356,20.261219,74.18853,0.2277,2.2069083319769964
5KPE_2_4_4_0_combined_id7,1.5057495832443237,1.1831949949264526,89.04287037037038,0.75,2,4,92.9540740740741,0.597352147102356,20.261219,74.18853,0.195,2.311812224211516
5KPE_2_4_4_0_combined_id8,1.6593546867370605,1.2886089086532593,80.66074074074075,0.65,2,4,92.9540740740741,0.597352147102356,20.261219,74.18853,0.1866,2.0931065877278647
5KPE_2_4_4_0_combined_id9,9.471176147460938,9.970081329345703,79.09685185185187,0.66,2,4,92.9540740740741,0.597352147102356,20.261219,74.18853,0.2042,1.9545654014304832
5KPE_2_4_5_0_combined_id1,1.180493712425232,1.388208031654358,89.64009259259257,0.75,2,4,93.65333333333332,0.6384744644165039,20.829386,71.56292,0.198,2.031291820384838
5KPE_2_4_5_0_combined_id10,1.2324482202529907,1.2165695428848267,90.16925925925923,0.77,2,4,93.65333333333332,0.6384744644165039,20.829386,71.56292,0.1978,2.252589755588108
5KPE_2_4_5_0_combined_id11,1.142948031425476,1.6281776428222656,92.2538888888889,0.8,2,4,93.65333333333332,0.6384744644165039,20.829386,71.56292,0.2013,2.1789399606210216
5KPE_2_4_5_0_combined_id12,1.1292400360107422,1.1265246868133545,92.13277777777776,0.8,2,4,93.65333333333332,0.6384744644165039,20.829386,71.56292,0.2226,2.288333045111762
5KPE_2_4_5_0_combined_id13,1.2614344358444214,1.2674607038497925,92.00157407407409,0.77,2,4,93.65333333333332,0.6384744644165039,20.829386,71.56292,0.2308,2.1392729017469616
5KPE_2_4_5_0_combined_id14,1.5398614406585693,1.3826876878738403,84.44175925925927,0.71,2,4,93.65333333333332,0.6384744644165039,20.829386,71.56292,0.1991,2.268754323323568
5KPE_2_4_5_0_combined_id15,1.1357438564300537,1.435051441192627,93.41018518518518,0.83,2,4,93.65333333333332,0.6384744644165039,20.829386,71.56292,0.2084,2.202346095332393
5KPE_2_4_5_0_combined_id16,1.2831387519836426,1.508147954940796,95.31157407407407,0.85,2,4,93.65333333333332,0.6384744644165039,20.829386,71.56292,0.2314,2.228121015760633
5KPE_2_4_5_0_combined_id17,1.5953562259674072,1.3408926725387573,89.69870370370373,0.77,2,4,93.65333333333332,0.6384744644165039,20.829386,71.56292,0.2039,2.3028702912507235
5KPE_2_4_5_0_combined_id18,1.278065800666809,1.4722126722335815,92.6461111111111,0.81,2,4,93.65333333333332,0.6384744644165039,20.829386,71.56292,0.193,2.191414444534867
5KPE_2_4_5_0_combined_id19,1.169051170349121,1.4216160774230957,88.26416666666665,0.73,2,4,93.65333333333332,0.6384744644165039,20.829386,71.56292,0.1846,2.180220286051432
5KPE_2_4_5_0_combined_id2,1.1417410373687744,1.5456838607788086,91.32703703703704,0.81,2,4,93.65333333333332,0.6384744644165039,20.829386,71.56292,0.1955,2.297693040635851
5KPE_2_4_5_0_combined_id20,1.214408278465271,1.3025779724121094,93.54435185185186,0.83,2,4,93.65333333333332,0.6384744644165039,20.829386,71.56292,0.1989,2.3143481501826533
5KPE_2_4_5_0_combined_id21,1.2650376558303833,1.3540687561035156,92.87537037037036,0.82,2,4,93.65333333333332,0.6384744644165039,20.829386,71.56292,0.1891,2.168399104365596
5KPE_2_4_5_0_combined_id22,1.557863712310791,1.032244086265564,91.5586111111111,0.79,2,4,93.65333333333332,0.6384744644165039,20.829386,71.56292,0.2084,2.288672411883319
5KPE_2_4_5_0_combined_id23,1.507771372795105,1.3819799423217773,90.71620370370368,0.76,2,4,93.65333333333332,0.6384744644165039,20.829386,71.56292,0.2127,2.177468476472077
5KPE_2_4_5_0_combined_id24,8.487371444702148,9.396742820739746,78.10222222222221,0.61,2,4,93.65333333333332,0.6384744644165039,20.829386,71.56292,0.1848,2.291622585720486
5KPE_2_4_5_0_combined_id3,1.3464356660842896,1.636325478553772,92.77027777777778,0.8,2,4,93.65333333333332,0.6384744644165039,20.829386,71.56292,0.2052,2.1188111481843173
5KPE_2_4_5_0_combined_id4,1.6251232624053955,1.033595085144043,86.88370370370367,0.69,2,4,93.65333333333332,0.6384744644165039,20.829386,71.56292,0.191,1.896349871600116
5KPE_2_4_5_0_combined_id5,1.2238788604736328,1.266370177268982,90.14796296296298,0.76,2,4,93.65333333333332,0.6384744644165039,20.829386,71.56292,0.1864,2.3067509686505354
5KPE_2_4_5_0_combined_id6,1.665197491645813,1.702767252922058,89.88203703703704,0.81,2,4,93.65333333333332,0.6384744644165039,20.829386,71.56292,0.2061,2.1298353407118054
5KPE_2_4_5_0_combined_id7,1.1219128370285034,1.6883800029754639,94.8339814814815,0.85,2,4,93.65333333333332,0.6384744644165039,20.829386,71.56292,0.1963,2.177977526629413
5KPE_2_4_5_0_combined_id8,1.6912600994110107,1.0948543548583984,85.41425925925925,0.72,2,4,93.65333333333332,0.6384744644165039,20.829386,71.56292,0.1925,2.176862646032262
5KPE_2_4_5_0_combined_id9,1.3400566577911377,1.4440110921859741,87.22657407407405,0.76,2,4,93.65333333333332,0.6384744644165039,20.829386,71.56292,0.2001,2.1566650955765336
5KPE_2_4_6_0_combined_id1,1.2059496641159058,1.2206318378448486,90.83787037037035,0.76,2,4,92.51638888888888,0.6337130665779114,20.486292,68.78294,0.2266,2.094843263979312
5KPE_2_4_6_0_combined_id10,0.9659792184829712,1.3984651565551758,91.56953703703704,0.78,2,4,92.51638888888888,0.6337130665779114,20.486292,68.78294,0.2098,2.1493688512731484
5KPE_2_4_6_0_combined_id11,0.9341925978660583,1.3449894189834595,89.75305555555558,0.76,2,4,92.51638888888888,0.6337130665779114,20.486292,68.78294,0.2102,2.1357464260525174
5KPE_2_4_6_0_combined_id12,1.209333896636963,1.5110220909118652,88.02898148148148,0.73,2,4,92.51638888888888,0.6337130665779114,20.486292,68.78294,0.2179,1.9866539284035007
5KPE_2_4_6_0_combined_id14,1.3244552612304688,1.4302204847335815,85.33842592592592,0.66,2,4,92.51638888888888,0.6337130665779114,20.486292,68.78294,0.2009,2.028932359483507
5KPE_2_4_6_0_combined_id15,1.1176115274429321,1.3209443092346191,86.75722222222223,0.71,2,4,92.51638888888888,0.6337130665779114,20.486292,68.78294,0.217,2.1497435393156827
5KPE_2_4_6_0_combined_id16,1.0378986597061157,1.4303463697433472,92.37222222222223,0.8,2,4,92.51638888888888,0.6337130665779114,20.486292,68.78294,0.2124,2.084336033573857
5KPE_2_4_6_0_combined_id17,7.376552581787109,7.458425998687744,83.99898148148148,0.69,2,4,92.51638888888888,0.6337130665779114,20.486292,68.78294,0.2203,2.144765500669126
5KPE_2_4_6_0_combined_id18,1.0502116680145264,1.3460605144500732,89.03935185185186,0.74,2,4,92.51638888888888,0.6337130665779114,20.486292,68.78294,0.2145,2.071403220847801
5KPE_2_4_6_0_combined_id19,1.8976130485534668,2.064962863922119,64.85620370370371,0.56,2,4,92.51638888888888,0.6337130665779114,20.486292,68.78294,0.1867,2.1469458120840565
5KPE_2_4_6_0_combined_id2,1.238245964050293,1.1472241878509521,86.26824074074075,0.72,2,4,92.51638888888888,0.6337130665779114,20.486292,68.78294,0.2048,2.2045984621401185
5KPE_2_4_6_0_combined_id20,1.0092867612838745,1.540662407875061,88.9524074074074,0.75,2,4,92.51638888888888,0.6337130665779114,20.486292,68.78294,0.1937,2.0833091735839844
5KPE_2_4_6_0_combined_id21,1.662805438041687,1.0477323532104492,91.95046296296296,0.79,2,4,92.51638888888888,0.6337130665779114,20.486292,68.78294,0.2093,2.065048500343605
5KPE_2_4_6_0_combined_id22,1.0062479972839355,1.519274115562439,94.01453703703704,0.84,2,4,92.51638888888888,0.6337130665779114,20.486292,68.78294,0.2204,2.1507544340910734
5KPE_2_4_6_0_combined_id23,1.091825246810913,1.4290367364883423,88.10666666666665,0.74,2,4,92.51638888888888,0.6337130665779114,20.486292,68.78294,0.1825,2.144509492097077
5KPE_2_4_6_0_combined_id24,1.5076649188995361,1.4677908420562744,87.57962962962964,0.74,2,4,92.51638888888888,0.6337130665779114,20.486292,68.78294,0.1838,2.0822279188368054
5KPE_2_4_6_0_combined_id3,1.237714409828186,1.5613373517990112,84.05037037037036,0.67,2,4,92.51638888888888,0.6337130665779114,20.486292,68.78294,0.2145,2.0991044221100985
5KPE_2_4_6_0_combined_id4,1.3579226732254028,1.797857403755188,87.27055555555553,0.74,2,4,92.51638888888888,0.6337130665779114,20.486292,68.78294,0.2062,2.180177476671007
5KPE_2_4_6_0_combined_id5,1.1499916315078735,1.6279449462890625,90.80462962962964,0.76,2,4,92.51638888888888,0.6337130665779114,20.486292,68.78294,0.1872,2.1686135751229747
5KPE_2_4_6_0_combined_id6,1.0975953340530396,1.538590431213379,89.84324074074077,0.79,2,4,92.51638888888888,0.6337130665779114,20.486292,68.78294,0.2119,2.2857338234230324
5KPE_2_4_6_0_combined_id7,1.4235260486602783,1.7313594818115234,93.9826851851852,0.82,2,4,92.51638888888888,0.6337130665779114,20.486292,68.78294,0.2106,2.1864971584743924
5KPE_2_4_6_0_combined_id8,1.3949165344238281,1.5316520929336548,89.20509259259259,0.77,2,4,92.51638888888888,0.6337130665779114,20.486292,68.78294,0.2086,2.15154379385489
5KPE_2_4_6_0_combined_id9,1.3406671285629272,1.224001407623291,88.65972222222224,0.73,2,4,92.51638888888888,0.6337130665779114,20.486292,68.78294,0.1985,2.219550945140697
5KPE_2_4_7_0_combined_id1,1.4285861253738403,1.2000813484191895,93.31749999999998,0.81,2,4,87.0597222222222,0.7966205477714539,20.249235,72.36594,0.2166,2.1508006343135126
5KPE_2_4_7_0_combined_id10,1.454895257949829,1.5614196062088013,92.8123148148148,0.8,2,4,87.0597222222222,0.7966205477714539,20.249235,72.36594,0.2358,2.13182293927228
5KPE_2_4_7_0_combined_id11,3.2755184173583984,3.763190507888794,89.9298148148148,0.7,2,4,87.0597222222222,0.7966205477714539,20.249235,72.36594,0.1986,2.191394382052952
5KPE_2_4_7_0_combined_id13,1.3246206045150757,1.446736216545105,90.91490740740738,0.78,2,4,87.0597222222222,0.7966205477714539,20.249235,72.36594,0.2216,2.116170812536169
5KPE_2_4_7_0_combined_id14,1.090790867805481,1.515791654586792,89.98490740740742,0.77,2,4,87.0597222222222,0.7966205477714539,20.249235,72.36594,0.1994,2.164569996021412
5KPE_2_4_7_0_combined_id15,1.4183669090270996,1.3465795516967773,89.32814814814816,0.79,2,4,87.0597222222222,0.7966205477714539,20.249235,72.36594,0.2225,2.285445460566768
5KPE_2_4_7_0_combined_id16,7.458437919616699,7.341893196105957,71.56851851851852,0.61,2,4,87.0597222222222,0.7966205477714539,20.249235,72.36594,0.2017,2.164075356942636
5KPE_2_4_7_0_combined_id17,1.4061126708984375,1.0317703485488892,88.13925925925923,0.72,2,4,87.0597222222222,0.7966205477714539,20.249235,72.36594,0.1914,2.1009829485857927
5KPE_2_4_7_0_combined_id18,1.2660212516784668,1.2809852361679077,91.54157407407408,0.81,2,4,87.0597222222222,0.7966205477714539,20.249235,72.36594,0.222,2.1163768061885126
5KPE_2_4_7_0_combined_id19,1.0934661626815796,1.430770754814148,89.30694444444445,0.73,2,4,87.0597222222222,0.7966205477714539,20.249235,72.36594,0.2008,2.0216474179868347
5KPE_2_4_7_0_combined_id2,1.8047492504119873,1.395302653312683,86.5836111111111,0.72,2,4,87.0597222222222,0.7966205477714539,20.249235,72.36594,0.2263,2.209358074046947
5KPE_2_4_7_0_combined_id20,1.4154733419418335,1.250046730041504,88.2799074074074,0.74,2,4,87.0597222222222,0.7966205477714539,20.249235,72.36594,0.2288,2.19013496681496
5KPE_2_4_7_0_combined_id21,1.1454495191574097,1.5213063955307007,96.15166666666669,0.86,2,4,87.0597222222222,0.7966205477714539,20.249235,72.36594,0.2155,2.121210875334563
5KPE_2_4_7_0_combined_id22,1.196744680404663,1.5735782384872437,92.0288888888889,0.79,2,4,87.0597222222222,0.7966205477714539,20.249235,72.36594,0.2224,2.1547506826895253
5KPE_2_4_7_0_combined_id23,2.975106954574585,3.226369857788086,78.9875925925926,0.6,2,4,87.0597222222222,0.7966205477714539,20.249235,72.36594,0.1931,2.061330442075376
5KPE_2_4_7_0_combined_id24,1.9482570886611938,1.1283882856369019,92.45925925925924,0.79,2,4,87.0597222222222,0.7966205477714539,20.249235,72.36594,0.2005,2.119813565854673
5KPE_2_4_7_0_combined_id3,1.1694424152374268,1.3691767454147339,93.38444444444444,0.82,2,4,87.0597222222222,0.7966205477714539,20.249235,72.36594,0.2047,2.27241939968533
5KPE_2_4_7_0_combined_id4,1.2413662672042847,1.313507318496704,90.83518518518518,0.79,2,4,87.0597222222222,0.7966205477714539,20.249235,72.36594,0.1983,2.183969427038122
5KPE_2_4_7_0_combined_id5,1.2322790622711182,1.3466724157333374,93.23481481481478,0.83,2,4,87.0597222222222,0.7966205477714539,20.249235,72.36594,0.2147,2.18854409677011
5KPE_2_4_7_0_combined_id6,1.4542654752731323,1.6234402656555176,91.8022222222222,0.78,2,4,87.0597222222222,0.7966205477714539,20.249235,72.36594,0.2028,2.058001341643157
5KPE_2_4_7_0_combined_id7,1.5039948225021362,1.70888090133667,86.9388888888889,0.67,2,4,87.0597222222222,0.7966205477714539,20.249235,72.36594,0.236,2.0484517415364585
5KPE_2_4_7_0_combined_id8,1.3126920461654663,1.0029106140136719,92.76342592592592,0.82,2,4,87.0597222222222,0.7966205477714539,20.249235,72.36594,0.193,2.268157393844039
5KPE_2_4_7_0_combined_id9,1.4487197399139404,1.0948859453201294,87.43777777777778,0.69,2,4,87.0597222222222,0.7966205477714539,20.249235,72.36594,0.2231,2.2111203228985823
5KPE_2_4_8_0_combined_id1,1.248399019241333,1.2563070058822632,93.8846296296296,0.84,2,4,94.31787037037036,0.6520201563835144,20.842043,73.80071,0.2255,2.017335962366175
5KPE_2_4_8_0_combined_id10,1.3795905113220215,1.5118458271026611,88.11546296296295,0.72,2,4,94.31787037037036,0.6520201563835144,20.842043,73.80071,0.2046,2.028314095956308
5KPE_2_4_8_0_combined_id11,11.27270221710205,11.077715873718262,88.02398148148151,0.7,2,4,94.31787037037036,0.6520201563835144,20.842043,73.80071,0.2435,1.963720251012732
5KPE_2_4_8_0_combined_id12,1.3388680219650269,1.4191163778305054,92.44046296296294,0.79,2,4,94.31787037037036,0.6520201563835144,20.842043,73.80071,0.2396,2.0483039573386863
5KPE_2_4_8_0_combined_id13,1.269302487373352,1.2951951026916504,95.17407407407408,0.86,2,4,94.31787037037036,0.6520201563835144,20.842043,73.80071,0.2379,1.98828774911386
5KPE_2_4_8_0_combined_id14,1.5121091604232788,1.2343165874481201,88.89120370370368,0.74,2,4,94.31787037037036,0.6520201563835144,20.842043,73.80071,0.2148,1.8962521023220489
5KPE_2_4_8_0_combined_id15,1.3063308000564575,1.198775291442871,90.33814814814814,0.77,2,4,94.31787037037036,0.6520201563835144,20.842043,73.80071,0.2192,1.8779959502043548
5KPE_2_4_8_0_combined_id16,3.6232080459594727,2.876051187515259,66.00500000000001,0.51,2,4,94.31787037037036,0.6520201563835144,20.842043,73.80071,0.1925,1.999443336769387
5KPE_2_4_8_0_combined_id17,1.1203845739364624,1.3841595649719238,92.25592592592594,0.83,2,4,94.31787037037036,0.6520201563835144,20.842043,73.80071,0.2044,2.0762012622974537
5KPE_2_4_8_0_combined_id18,1.0687106847763062,1.3157784938812256,89.68259259259258,0.75,2,4,94.31787037037036,0.6520201563835144,20.842043,73.80071,0.2242,1.9789712693956163
5KPE_2_4_8_0_combined_id19,1.3060086965560913,1.6585532426834106,90.135,0.77,2,4,94.31787037037036,0.6520201563835144,20.842043,73.80071,0.2024,2.1625544230143228
5KPE_2_4_8_0_combined_id2,1.5725054740905762,1.217150092124939,90.49296296296298,0.79,2,4,94.31787037037036,0.6520201563835144,20.842043,73.80071,0.2237,1.993092007107205
5KPE_2_4_8_0_combined_id20,1.293980598449707,1.0526659488677979,92.60074074074076,0.79,2,4,94.31787037037036,0.6520201563835144,20.842043,73.80071,0.2149,1.9515746787742327
5KPE_2_4_8_0_combined_id21,1.2586090564727783,1.1395717859268188,88.38888888888889,0.74,2,4,94.31787037037036,0.6520201563835144,20.842043,73.80071,0.203,1.9632483588324647
5KPE_2_4_8_0_combined_id22,1.201278567314148,1.273966908454895,91.38648148148148,0.81,2,4,94.31787037037036,0.6520201563835144,20.842043,73.80071,0.2,1.9842071533203125
5KPE_2_4_8_0_combined_id23,1.1433520317077637,1.2611480951309204,89.5024074074074,0.75,2,4,94.31787037037036,0.6520201563835144,20.842043,73.80071,0.2146,1.926871829562717
5KPE_2_4_8_0_combined_id24,1.2059409618377686,1.5007381439208984,88.69787037037038,0.75,2,4,94.31787037037036,0.6520201563835144,20.842043,73.80071,0.2002,2.274311630814164
5KPE_2_4_8_0_combined_id3,1.3042010068893433,1.2612833976745605,89.44277777777779,0.77,2,4,94.31787037037036,0.6520201563835144,20.842043,73.80071,0.2054,1.9345677693684893
5KPE_2_4_8_0_combined_id4,1.517109751701355,0.9812436103820801,82.07361111111112,0.65,2,4,94.31787037037036,0.6520201563835144,20.842043,73.80071,0.2301,1.93736168190285
5KPE_2_4_8_0_combined_id5,1.1859678030014038,1.2519322633743286,90.15037037037035,0.78,2,4,94.31787037037036,0.6520201563835144,20.842043,73.80071,0.2159,2.090617992259838
5KPE_2_4_8_0_combined_id6,1.52190101146698,1.3533908128738403,86.68064814814815,0.71,2,4,94.31787037037036,0.6520201563835144,20.842043,73.80071,0.2117,1.9510712800202543
5KPE_2_4_8_0_combined_id7,1.1407400369644165,1.1897785663604736,90.79453703703705,0.79,2,4,94.31787037037036,0.6520201563835144,20.842043,73.80071,0.2103,2.0869318644205728
5KPE_2_4_8_0_combined_id8,1.5497742891311646,1.3077671527862549,87.30592592592595,0.73,2,4,94.31787037037036,0.6520201563835144,20.842043,73.80071,0.2138,1.9773647167064523
5KPE_2_4_8_0_combined_id9,1.222365379333496,1.1856021881103516,91.74138888888886,0.8,2,4,94.31787037037036,0.6520201563835144,20.842043,73.80071,0.2338,1.9406704372829864
5KPE_2_4_9_0_combined_id1,0.9892094731330872,1.4853259325027466,92.24037037037036,0.77,2,4,90.81092592592594,0.5837787389755249,20.414982,72.49065,0.2113,2.025388647008825
5KPE_2_4_9_0_combined_id10,1.3525835275650024,1.078439712524414,87.32694444444445,0.73,2,4,90.81092592592594,0.5837787389755249,20.414982,72.49065,0.2044,2.039993003562645
5KPE_2_4_9_0_combined_id11,7.818148612976074,8.568958282470703,63.458611111111104,0.54,2,4,90.81092592592594,0.5837787389755249,20.414982,72.49065,0.2152,2.1289356372974537
5KPE_2_6_4_0_combined_id19,1.045997142791748,1.4528350830078125,89.96675925925928,0.77,2,6,90.85027777777776,0.7910700440406799,20.939934,76.682724,0.1945,2.2445410269278065
5KPE_2_6_4_0_combined_id2,8.540094375610352,9.615389823913574,79.42638888888888,0.66,2,6,90.85027777777776,0.7910700440406799,20.939934,76.682724,0.19,2.072726355658637
5KPE_2_6_4_0_combined_id20,1.9180506467819214,0.7964654564857483,85.82953703703704,0.72,2,6,90.85027777777776,0.7910700440406799,20.939934,76.682724,0.1844,2.023552929913556
5KPE_2_6_4_0_combined_id21,1.211045742034912,1.4688138961791992,88.0986111111111,0.72,2,6,90.85027777777776,0.7910700440406799,20.939934,76.682724,0.2093,2.186896571406612
5KPE_2_6_4_0_combined_id22,1.1931344270706177,1.349292516708374,86.08666666666667,0.67,2,6,90.85027777777776,0.7910700440406799,20.939934,76.682724,0.1892,2.165590639467593
5KPE_2_6_4_0_combined_id23,1.2057521343231201,1.4510422945022583,81.87240740740741,0.68,2,6,90.85027777777776,0.7910700440406799,20.939934,76.682724,0.1909,2.183310897262008
5KPE_2_6_4_0_combined_id24,1.111180305480957,1.661124587059021,91.225,0.79,2,6,90.85027777777776,0.7910700440406799,20.939934,76.682724,0.2005,2.140862782796224
5KPE_2_6_4_0_combined_id3,1.2073339223861694,1.9063308238983154,85.01314814814815,0.69,2,6,90.85027777777776,0.7910700440406799,20.939934,76.682724,0.1971,2.0130976924189814
5KPE_2_6_4_0_combined_id4,1.7402855157852173,1.90862238407135,82.70175925925926,0.65,2,6,90.85027777777776,0.7910700440406799,20.939934,76.682724,0.1777,2.126699376989294
5KPE_2_6_4_0_combined_id5,1.395675778388977,1.29440438747406,89.33833333333332,0.77,2,6,90.85027777777776,0.7910700440406799,20.939934,76.682724,0.2164,1.9634973031503185
5KPE_2_6_4_0_combined_id6,2.0501201152801514,2.894148111343384,65.66472222222221,0.53,2,6,90.85027777777776,0.7910700440406799,20.939934,76.682724,0.2061,2.0487278125904225
5KPE_2_6_4_0_combined_id7,1.7761688232421875,0.8791506290435791,86.05805555555555,0.68,2,6,90.85027777777776,0.7910700440406799,20.939934,76.682724,0.1988,2.000070642541956
5KPE_2_6_4_0_combined_id8,1.2865642309188843,1.7601954936981201,92.56472222222224,0.81,2,6,90.85027777777776,0.7910700440406799,20.939934,76.682724,0.2101,2.1119507683648004
5KPE_2_6_4_0_combined_id9,0.9665730595588684,1.7173056602478027,92.77722222222222,0.82,2,6,90.85027777777776,0.7910700440406799,20.939934,76.682724,0.1937,2.210035112169054
5KPE_2_6_5_0_combined_id1,1.0322340726852417,1.287380337715149,89.60333333333334,0.75,2,6,91.71157407407408,0.6970963478088379,20.454456,75.55257,0.2318,2.044100160951968
5KPE_2_6_5_0_combined_id10,1.3395347595214844,1.2416610717773438,87.52222222222223,0.71,2,6,91.71157407407408,0.6970963478088379,20.454456,75.55257,0.2088,2.183100523772063
5KPE_2_6_5_0_combined_id11,0.9462257623672485,1.6618179082870483,92.22425925925926,0.78,2,6,91.71157407407408,0.6970963478088379,20.454456,75.55257,0.2324,1.938953540943287
5KPE_2_6_5_0_combined_id12,1.1162523031234741,1.3784716129302979,86.39296296296295,0.69,2,6,91.71157407407408,0.6970963478088379,20.454456,75.55257,0.2169,1.9779394644278068
5KPE_2_6_5_0_combined_id13,1.3850653171539307,1.1594641208648682,85.28018518518518,0.69,2,6,91.71157407407408,0.6970963478088379,20.454456,75.55257,0.2099,1.9257781417281536
5KPE_2_6_5_0_combined_id14,0.9313086867332458,1.3836569786071777,91.37861111111108,0.76,2,6,91.71157407407408,0.6970963478088379,20.454456,75.55257,0.2254,1.9772918136031536
5KPE_2_6_5_0_combined_id15,1.0791974067687988,1.279441475868225,92.41620370370369,0.8,2,6,91.71157407407408,0.6970963478088379,20.454456,75.55257,0.2396,2.093967013888889
5KPE_2_6_5_0_combined_id16,1.2507972717285156,1.0044187307357788,84.14740740740743,0.68,2,6,91.71157407407408,0.6970963478088379,20.454456,75.55257,0.2064,1.8622495863172743
5KPE_2_6_5_0_combined_id17,1.1857168674468994,1.1943188905715942,88.10620370370373,0.7,2,6,91.71157407407408,0.6970963478088379,20.454456,75.55257,0.2393,1.9058028327094183
5KPE_2_6_5_0_combined_id18,1.3222095966339111,1.3500163555145264,85.63879629629629,0.68,2,6,91.71157407407408,0.6970963478088379,20.454456,75.55257,0.2092,2.039774294252749
5KPE_2_6_5_0_combined_id19,1.004945993423462,1.4924416542053223,88.66731481481482,0.75,2,6,91.71157407407408,0.6970963478088379,20.454456,75.55257,0.2331,2.009648499665437
5KPE_2_6_5_0_combined_id20,1.201873540878296,1.7465465068817139,85.66768518518518,0.68,2,6,91.71157407407408,0.6970963478088379,20.454456,75.55257,0.1978,2.1994654337565103
5KPE_2_6_5_0_combined_id21,1.0257558822631836,1.3968398571014404,93.90925925925924,0.81,2,6,91.71157407407408,0.6970963478088379,20.454456,75.55257,0.2475,2.041425069173177
5KPE_2_6_5_0_combined_id22,1.1185977458953857,1.6581064462661743,91.94962962962964,0.79,2,6,91.71157407407408,0.6970963478088379,20.454456,75.55257,0.2421,2.177379184299045
5KPE_2_6_5_0_combined_id23,0.9623688459396362,1.6685795783996582,90.3802777777778,0.75,2,6,91.71157407407408,0.6970963478088379,20.454456,75.55257,0.221,2.035636619285301
5KPE_2_6_5_0_combined_id24,1.1133071184158325,1.3256064653396606,88.34648148148145,0.72,2,6,91.71157407407408,0.6970963478088379,20.454456,75.55257,0.2202,1.8441759745279949
5KPE_2_6_5_0_combined_id3,0.8418896198272705,1.5561065673828125,92.55879629629628,0.81,2,6,91.71157407407408,0.6970963478088379,20.454456,75.55257,0.2093,2.109113340024595
5KPE_2_6_5_0_combined_id4,1.038091778755188,1.458520531654358,89.75527777777776,0.77,2,6,91.71157407407408,0.6970963478088379,20.454456,75.55257,0.2218,1.94709551775897
5KPE_2_6_5_0_combined_id5,1.178260326385498,1.4072685241699219,92.98388888888888,0.8,2,6,91.71157407407408,0.6970963478088379,20.454456,75.55257,0.2069,1.9492984347873263
5KPE_2_6_5_0_combined_id6,1.035935878753662,1.5672849416732788,89.93305555555554,0.77,2,6,91.71157407407408,0.6970963478088379,20.454456,75.55257,0.2218,2.145062905770761
5KPE_2_6_5_0_combined_id7,1.0315191745758057,1.5188703536987305,91.61361111111113,0.78,2,6,91.71157407407408,0.6970963478088379,20.454456,75.55257,0.234,1.9804063019929108
5KPE_2_6_5_0_combined_id8,1.4891774654388428,1.031105875968933,91.365,0.78,2,6,91.71157407407408,0.6970963478088379,20.454456,75.55257,0.2437,1.979884112322772
5KPE_2_6_5_0_combined_id9,1.03502357006073,1.5782002210617065,93.9472222222222,0.83,2,6,91.71157407407408,0.6970963478088379,20.454456,75.55257,0.2277,2.143985041865596
5KPE_2_6_6_0_combined_id1,10.68309211730957,10.900229454040527,74.73842592592592,0.61,2,6,89.94546296296296,0.6541405916213989,20.535513,74.7326,0.2135,1.9490041379575376
5KPE_2_6_6_0_combined_id10,1.4721357822418213,1.4129831790924072,92.76592592592591,0.83,2,6,89.94546296296296,0.6541405916213989,20.535513,74.7326,0.2007,2.172182153772425
5KPE_2_6_6_0_combined_id11,1.3948915004730225,1.2020082473754883,91.76898148148148,0.79,2,6,89.94546296296296,0.6541405916213989,20.535513,74.7326,0.2134,2.201195893464265
5KPE_2_6_6_0_combined_id12,1.2098890542984009,1.2318912744522095,88.54462962962964,0.77,2,6,89.94546296296296,0.6541405916213989,20.535513,74.7326,0.1984,2.3111630192509405
5KPE_2_6_6_0_combined_id13,1.2193254232406616,1.5273116827011108,89.97694444444444,0.76,2,6,89.94546296296296,0.6541405916213989,20.535513,74.7326,0.1946,2.1846292283799915
5KPE_2_6_6_0_combined_id14,7.597224712371826,8.740222930908203,69.0611111111111,0.58,2,6,89.94546296296296,0.6541405916213989,20.535513,74.7326,0.2103,2.029104162145544
5KPE_2_6_6_0_combined_id15,10.57909870147705,11.497061729431152,71.09416666666667,0.63,2,6,89.94546296296296,0.6541405916213989,20.535513,74.7326,0.2075,1.952993322301794
5KPE_2_6_6_0_combined_id16,10.59766960144043,11.507120132446289,69.27027777777779,0.56,2,6,89.94546296296296,0.6541405916213989,20.535513,74.7326,0.2029,2.046509354202836
5KPE_2_6_6_0_combined_id17,1.4646399021148682,1.747377872467041,86.73638888888888,0.71,2,6,89.94546296296296,0.6541405916213989,20.535513,74.7326,0.2023,2.203993903266059
5KPE_2_6_6_0_combined_id18,1.340794324874878,1.3838893175125122,92.2788888888889,0.79,2,6,89.94546296296296,0.6541405916213989,20.535513,74.7326,0.1949,2.16878820348669
5KPE_2_6_6_0_combined_id19,1.3988531827926636,1.358593463897705,88.29351851851852,0.74,2,6,89.94546296296296,0.6541405916213989,20.535513,74.7326,0.2179,2.137005700005425
5KPE_2_6_6_0_combined_id2,1.2334139347076416,1.6328727006912231,91.9152777777778,0.8,2,6,89.94546296296296,0.6541405916213989,20.535513,74.7326,0.2166,2.110775276466652
5KPE_2_6_6_0_combined_id20,4.1199517250061035,3.6208715438842773,81.2501851851852,0.68,2,6,89.94546296296296,0.6541405916213989,20.535513,74.7326,0.2258,2.1875678168402777
5KPE_2_6_6_0_combined_id21,1.566815972328186,1.6686303615570068,92.44277777777778,0.82,2,6,89.94546296296296,0.6541405916213989,20.535513,74.7326,0.1977,2.059770513463904
5KPE_2_6_6_0_combined_id22,1.2120405435562134,1.5992035865783691,83.04675925925925,0.68,2,6,89.94546296296296,0.6541405916213989,20.535513,74.7326,0.1874,2.2732019777651185
5KPE_2_6_6_0_combined_id23,1.481004238128662,1.4501240253448486,90.06694444444446,0.76,2,6,89.94546296296296,0.6541405916213989,20.535513,74.7326,0.2083,2.083296599211516
5KPE_2_6_6_0_combined_id24,1.2871967554092407,1.588040828704834,90.7347222222222,0.77,2,6,89.94546296296296,0.6541405916213989,20.535513,74.7326,0.2112,2.125429506655093
5KPE_2_6_6_0_combined_id3,11.55870246887207,11.61600112915039,78.23166666666665,0.67,2,6,89.94546296296296,0.6541405916213989,20.535513,74.7326,0.2203,2.1074244181315103
5KPE_2_6_6_0_combined_id4,1.4106124639511108,1.5001252889633179,85.6414814814815,0.72,2,6,89.94546296296296,0.6541405916213989,20.535513,74.7326,0.2122,2.076794659649884
5KPE_2_6_6_0_combined_id5,8.463616371154785,8.485454559326172,68.32657407407407,0.56,2,6,89.94546296296296,0.6541405916213989,20.535513,74.7326,0.209,2.1150115684226707
5KPE_2_6_6_0_combined_id6,1.1146572828292847,1.7655587196350098,92.63861111111112,0.81,2,6,89.94546296296296,0.6541405916213989,20.535513,74.7326,0.2147,2.2672754923502603
5KPE_2_6_6_0_combined_id7,1.9181761741638184,1.0082894563674927,87.1100925925926,0.73,2,6,89.94546296296296,0.6541405916213989,20.535513,74.7326,0.197,2.1223678588867188
5KPE_2_6_6_0_combined_id8,1.2272963523864746,1.5690765380859375,91.19416666666666,0.78,2,6,89.94546296296296,0.6541405916213989,20.535513,74.7326,0.2062,2.287212795681424
5KPE_2_6_6_0_combined_id9,1.6263439655303955,1.5288246870040894,83.91935185185184,0.7,2,6,89.94546296296296,0.6541405916213989,20.535513,74.7326,0.2008,2.211162990993924
5KPE_2_6_7_0_combined_id1,1.222270131111145,1.287092685699463,87.26314814814815,0.73,2,6,94.67425925925926,0.641792356967926,20.03351,73.22822,0.2041,1.964969493724681
5KPE_2_6_7_0_combined_id10,1.4061294794082642,1.1700741052627563,91.20925925925928,0.74,2,6,94.67425925925926,0.641792356967926,20.03351,73.22822,0.2381,2.009252760145399
5KPE_2_6_7_0_combined_id11,1.6346408128738403,1.4670711755752563,85.5537962962963,0.69,2,6,94.67425925925926,0.641792356967926,20.03351,73.22822,0.1892,2.1229592782479747
5KPE_2_6_7_0_combined_id12,1.4441109895706177,0.9175958633422852,88.45018518518518,0.73,2,6,94.67425925925926,0.641792356967926,20.03351,73.22822,0.2131,1.9576699998643663
5KPE_2_6_7_0_combined_id13,1.307093620300293,1.3302273750305176,84.85046296296296,0.69,2,6,94.67425925925926,0.641792356967926,20.03351,73.22822,0.1873,2.1268112747757524
5KPE_2_6_7_0_combined_id14,1.236140489578247,1.2831038236618042,93.3449074074074,0.8,2,6,94.67425925925926,0.641792356967926,20.03351,73.22822,0.2204,2.1179837827329284
5KPE_2_6_7_0_combined_id15,1.233643889427185,1.2197372913360596,92.3487037037037,0.79,2,6,94.67425925925926,0.641792356967926,20.03351,73.22822,0.2194,2.227928302906178
5KPE_2_6_7_0_combined_id16,1.7963306903839111,1.7276222705841064,71.79212962962963,0.62,2,6,94.67425925925926,0.641792356967926,20.03351,73.22822,0.224,2.120656896520544
5KPE_2_6_7_0_combined_id17,1.3794982433319092,1.68436598777771,86.33787037037037,0.7,2,6,94.67425925925926,0.641792356967926,20.03351,73.22822,0.2224,2.226610395643446
5KPE_2_6_7_0_combined_id18,6.693780899047852,6.6860527992248535,81.12638888888888,0.7,2,6,94.67425925925926,0.641792356967926,20.03351,73.22822,0.1994,2.3530390704119646
5KPE_2_6_7_0_combined_id2,1.320762276649475,1.117449164390564,92.71824074074075,0.77,2,6,94.67425925925926,0.641792356967926,20.03351,73.22822,0.2132,2.158962956181279
5KPE_2_6_7_0_combined_id20,1.3574730157852173,1.2101496458053589,87.00870370370367,0.7,2,6,94.67425925925926,0.641792356967926,20.03351,73.22822,0.2013,2.12779207582827
5KPE_2_6_7_0_combined_id21,7.039093017578125,7.603870391845703,84.90611111111112,0.73,2,6,94.67425925925926,0.641792356967926,20.03351,73.22822,0.2335,2.1589984187373408
5KPE_2_6_7_0_combined_id22,1.3959364891052246,1.4217255115509033,85.41231481481483,0.72,2,6,94.67425925925926,0.641792356967926,20.03351,73.22822,0.1994,2.132802610044126
5KPE_2_6_7_0_combined_id23,1.8229913711547852,0.9150501489639282,88.74240740740741,0.75,2,6,94.67425925925926,0.641792356967926,20.03351,73.22822,0.202,2.0070506908275463
5KPE_2_6_7_0_combined_id24,1.3660964965820312,1.416060209274292,88.39287037037037,0.77,2,6,94.67425925925926,0.641792356967926,20.03351,73.22822,0.2188,2.088392187047888
5KPE_2_6_7_0_combined_id3,9.971050262451172,10.323951721191406,79.37787037037039,0.64,2,6,94.67425925925926,0.641792356967926,20.03351,73.22822,0.2055,2.1365347968207464
5KPE_2_6_7_0_combined_id4,1.2539482116699219,1.5697790384292603,88.47064814814813,0.75,2,6,94.67425925925926,0.641792356967926,20.03351,73.22822,0.2271,2.150381865324797
5KPE_2_6_7_0_combined_id5,10.630109786987305,11.496402740478516,79.05277777777776,0.67,2,6,94.67425925925926,0.641792356967926,20.03351,73.22822,0.2291,2.0692517315899885
5KPE_2_6_7_0_combined_id6,12.082442283630371,12.406049728393555,85.95564814814816,0.65,2,6,94.67425925925926,0.641792356967926,20.03351,73.22822,0.2183,2.1708532262731484
5KPE_2_6_7_0_combined_id7,1.4446098804473877,1.2141928672790527,90.46972222222225,0.77,2,6,94.67425925925926,0.641792356967926,20.03351,73.22822,0.2084,2.0430245576081454
5KPE_2_6_7_0_combined_id8,1.3746964931488037,1.4420721530914307,90.75555555555556,0.76,2,6,94.67425925925926,0.641792356967926,20.03351,73.22822,0.2141,2.0586310492621527
5KPE_2_6_7_0_combined_id9,1.5915124416351318,0.9568082690238953,88.33675925925927,0.76,2,6,94.67425925925926,0.641792356967926,20.03351,73.22822,0.2111,2.019129859076606
5KPE_2_6_8_0_combined_id1,1.2900066375732422,1.708211898803711,89.69527777777778,0.78,2,6,93.28907407407408,0.7107722163200378,20.388544,75.3248,0.1907,1.96680012455693
5KPE_2_6_8_0_combined_id10,1.2096710205078125,1.6052876710891724,89.11342592592591,0.76,2,6,93.28907407407408,0.7107722163200378,20.388544,75.3248,0.2008,2.223647223578559
5KPE_2_6_8_0_combined_id11,1.211531162261963,1.6799285411834717,84.90675925925926,0.72,2,6,93.28907407407408,0.7107722163200378,20.388544,75.3248,0.1753,2.196531225133825
5KPE_2_6_8_0_combined_id12,1.0349043607711792,1.4610788822174072,88.75277777777775,0.75,2,6,93.28907407407408,0.7107722163200378,20.388544,75.3248,0.1837,2.173752537480107
5KPE_2_6_8_0_combined_id13,1.3779418468475342,1.5426030158996582,85.85509259259261,0.66,2,6,93.28907407407408,0.7107722163200378,20.388544,75.3248,0.2134,1.9291386074490016
5KPE_2_6_8_0_combined_id14,1.1530301570892334,1.460570216178894,90.3137962962963,0.78,2,6,93.28907407407408,0.7107722163200378,20.388544,75.3248,0.1915,2.2217490584762007
5KPE_2_6_8_0_combined_id16,1.0126993656158447,1.3899672031402588,90.51861111111111,0.81,2,6,93.28907407407408,0.7107722163200378,20.388544,75.3248,0.205,2.16384689896195
5KPE_2_6_8_0_combined_id17,1.5164752006530762,1.3129761219024658,88.11537037037036,0.72,2,6,93.28907407407408,0.7107722163200378,20.388544,75.3248,0.1896,1.9486177232530384
5KPE_2_6_8_0_combined_id18,1.5451074838638306,0.9965386390686035,92.90935185185184,0.83,2,6,93.28907407407408,0.7107722163200378,20.388544,75.3248,0.2124,2.169736791540075
5KPE_2_6_8_0_combined_id19,1.5414564609527588,1.0209983587265015,89.05935185185184,0.74,2,6,93.28907407407408,0.7107722163200378,20.388544,75.3248,0.195,2.184242954960576
5KPE_2_6_8_0_combined_id2,10.977365493774414,10.756491661071777,81.98111111111112,0.68,2,6,93.28907407407408,0.7107722163200378,20.388544,75.3248,0.1927,2.1775251317907265
5KPE_2_6_8_0_combined_id20,1.1972218751907349,1.7165926694869995,93.01907407407408,0.82,2,6,93.28907407407408,0.7107722163200378,20.388544,75.3248,0.2122,2.2888864587854454
5KPE_2_6_8_0_combined_id21,1.1877062320709229,1.301770806312561,92.0537037037037,0.79,2,6,93.28907407407408,0.7107722163200378,20.388544,75.3248,0.2152,2.1029644718876592
5KPE_2_6_8_0_combined_id22,11.501181602478027,10.883980751037598,83.68564814814816,0.71,2,6,93.28907407407408,0.7107722163200378,20.388544,75.3248,0.2147,2.179120381673177
5KPE_2_6_8_0_combined_id23,1.6235313415527344,1.154754400253296,94.37851851851852,0.84,2,6,93.28907407407408,0.7107722163200378,20.388544,75.3248,0.1997,2.0018643979673034
5KPE_2_6_8_0_combined_id24,1.4226235151290894,1.211586833000183,92.46435185185186,0.79,2,6,93.28907407407408,0.7107722163200378,20.388544,75.3248,0.2027,2.1927406876175493
5KPE_2_6_8_0_combined_id3,1.180015206336975,1.4560023546218872,86.9210185185185,0.72,2,6,93.28907407407408,0.7107722163200378,20.388544,75.3248,0.195,2.231392754448785
5KPE_2_6_8_0_combined_id4,1.83306086063385,0.9538130164146423,92.36935185185185,0.8,2,6,93.28907407407408,0.7107722163200378,20.388544,75.3248,0.1946,2.1920978404857494
5KPE_2_6_8_0_combined_id5,1.1377772092819214,1.4412785768508911,93.04462962962964,0.8,2,6,93.28907407407408,0.7107722163200378,20.388544,75.3248,0.209,2.128174958405672
5KPE_2_6_8_0_combined_id6,1.3006548881530762,1.2081462144851685,93.03916666666665,0.8,2,6,93.28907407407408,0.7107722163200378,20.388544,75.3248,0.2255,2.1320283677842884
5KPE_2_6_8_0_combined_id7,1.2860853672027588,1.8476897478103638,88.3037962962963,0.77,2,6,93.28907407407408,0.7107722163200378,20.388544,75.3248,0.193,2.302179972330729
5KPE_2_6_8_0_combined_id8,1.3114567995071411,1.4910680055618286,90.74453703703703,0.78,2,6,93.28907407407408,0.7107722163200378,20.388544,75.3248,0.2055,2.0578253004286022
5KPE_2_6_8_0_combined_id9,1.4164299964904785,1.0448495149612427,89.69166666666666,0.74,2,6,93.28907407407408,0.7107722163200378,20.388544,75.3248,0.2052,2.0399562694408275
5KPE_2_6_9_0_combined_id10,9.31774616241455,9.673251152038574,67.30916666666668,0.53,2,6,95.2987962962963,0.5640602111816406,20.21626,73.83655,0.2009,1.9558063083224824
5KPE_2_6_9_0_combined_id11,0.9714145660400391,1.3978068828582764,91.00629629629628,0.76,2,6,95.2987962962963,0.5640602111816406,20.21626,73.83655,0.232,2.082785994918258
5KPE_2_6_9_0_combined_id12,1.486466884613037,1.2180110216140747,90.54342592592592,0.77,2,6,95.2987962962963,0.5640602111816406,20.21626,73.83655,0.2122,1.912719302707248
5KPE_2_6_9_0_combined_id13,1.3847029209136963,1.4909396171569824,91.15166666666666,0.81,2,6,95.2987962962963,0.5640602111816406,20.21626,73.83655,0.2269,2.0823447616012007
5KPE_2_6_9_0_combined_id14,1.45199716091156,1.1785722970962524,84.27842592592596,0.7,2,6,95.2987962962963,0.5640602111816406,20.21626,73.83655,0.209,2.1014056735568576
5KPE_2_6_9_0_combined_id15,1.0360161066055298,1.1972953081130981,92.57305555555556,0.79,2,6,95.2987962962963,0.5640602111816406,20.21626,73.83655,0.2306,2.0836012098524304
5KPE_2_6_9_0_combined_id16,1.2293612957000732,1.2100353240966797,89.08944444444444,0.74,2,6,95.2987962962963,0.5640602111816406,20.21626,73.83655,0.2029,2.09505773473669
5KPE_2_6_9_0_combined_id17,1.3925455808639526,1.114851713180542,92.87648148148148,0.8,2,6,95.2987962962963,0.5640602111816406,20.21626,73.83655,0.2108,1.991710521556713
5KPE_2_6_9_0_combined_id18,1.3359966278076172,1.3982504606246948,92.41203703703704,0.8,2,6,95.2987962962963,0.5640602111816406,20.21626,73.83655,0.2385,2.025019610369647
5KPE_2_6_9_0_combined_id19,1.6330264806747437,1.3506649732589722,92.67537037037036,0.81,2,6,95.2987962962963,0.5640602111816406,20.21626,73.83655,0.2069,2.0156166641800493
5KPE_2_6_9_0_combined_id2,1.7278956174850464,1.356649398803711,91.11333333333332,0.81,2,6,95.2987962962963,0.5640602111816406,20.21626,73.83655,0.2128,1.9008238050672743
5KPE_2_6_9_0_combined_id20,1.2131685018539429,1.3651111125946045,92.4337962962963,0.81,2,6,95.2987962962963,0.5640602111816406,20.21626,73.83655,0.2133,1.9924096001519096
5KPE_2_6_9_0_combined_id21,5.302793025970459,4.563293933868408,76.3864814814815,0.56,2,6,95.2987962962963,0.5640602111816406,20.21626,73.83655,0.2107,2.0800456294307
5KPE_2_6_9_0_combined_id22,1.3001763820648193,1.2122822999954224,93.3652777777778,0.82,2,6,95.2987962962963,0.5640602111816406,20.21626,73.83655,0.2249,2.0754804257993347
5KPE_2_6_9_0_combined_id23,7.537693500518799,8.202129364013672,62.31935185185185,0.51,2,6,95.2987962962963,0.5640602111816406,20.21626,73.83655,0.2186,2.234787269874855
5KPE_2_6_9_0_combined_id24,1.2325206995010376,1.2382771968841553,90.91324074074076,0.78,2,6,95.2987962962963,0.5640602111816406,20.21626,73.83655,0.2135,1.874831305609809
5KPE_2_6_9_0_combined_id3,1.1830835342407227,0.9585058689117432,89.3226851851852,0.76,2,6,95.2987962962963,0.5640602111816406,20.21626,73.83655,0.2258,1.998848385281033
5KPE_2_6_9_0_combined_id4,1.3112279176712036,1.2009103298187256,90.96694444444444,0.78,2,6,95.2987962962963,0.5640602111816406,20.21626,73.83655,0.2294,1.9842520819769964
5KPE_2_6_9_0_combined_id5,1.047094464302063,1.4534533023834229,93.08462962962965,0.83,2,6,95.2987962962963,0.5640602111816406,20.21626,73.83655,0.2402,2.0249995478877314
5KPE_2_6_9_0_combined_id6,1.4325066804885864,1.2116554975509644,93.1251851851852,0.81,2,6,95.2987962962963,0.5640602111816406,20.21626,73.83655,0.238,2.0541727984393083
5KPE_2_6_9_0_combined_id7,1.3057396411895752,1.1725685596466064,90.00296296296295,0.76,2,6,95.2987962962963,0.5640602111816406,20.21626,73.83655,0.2344,2.094480726453993
5KPE_2_6_9_0_combined_id8,1.2802072763442993,1.018301010131836,89.85703703703703,0.75,2,6,95.2987962962963,0.5640602111816406,20.21626,73.83655,0.2265,1.9914028026439523
5KPE_2_6_9_0_combined_id9,1.3621999025344849,1.3341890573501587,92.38592592592596,0.79,2,6,95.2987962962963,0.5640602111816406,20.21626,73.83655,0.2217,2.0697908754701966
5KPE_2_8_0_0_combined_id1,1.312502384185791,1.763060212135315,89.48824074074072,0.75,2,8,90.80611111111112,0.532431960105896,20.278904,73.07307,0.2042,2.0218854833532265
5KPE_2_8_0_0_combined_id10,1.1905144453048706,2.0870325565338135,94.4478703703704,0.84,2,8,90.80611111111112,0.532431960105896,20.278904,73.07307,0.2153,2.1911132247359664
5KPE_2_8_0_0_combined_id11,1.6691046953201294,1.4207909107208252,90.32305555555556,0.78,2,8,90.80611111111112,0.532431960105896,20.278904,73.07307,0.1958,2.1396831936306424
5KPE_2_8_0_0_combined_id13,1.3580341339111328,1.4438527822494507,92.1373148148148,0.78,2,8,90.80611111111112,0.532431960105896,20.278904,73.07307,0.2057,2.1702418857150607
5KPE_2_8_0_0_combined_id14,1.2623035907745361,1.5664877891540527,91.45083333333334,0.77,2,8,90.80611111111112,0.532431960105896,20.278904,73.07307,0.2123,2.2008193687156394
5KPE_2_8_0_0_combined_id15,1.3026213645935059,1.464477300643921,84.58277777777776,0.64,2,8,90.80611111111112,0.532431960105896,20.278904,73.07307,0.1943,2.2126040988498263
5KPE_2_8_0_0_combined_id16,1.2977041006088257,1.4881062507629395,84.21314814814815,0.72,2,8,90.80611111111112,0.532431960105896,20.278904,73.07307,0.2015,2.1126530965169272
5KPE_2_8_0_0_combined_id17,10.172968864440918,10.563217163085938,78.53499999999998,0.67,2,8,90.80611111111112,0.532431960105896,20.278904,73.07307,0.2064,2.151105527524595
5KPE_2_8_0_0_combined_id18,1.1632481813430786,1.8823639154434204,91.5499074074074,0.79,2,8,90.80611111111112,0.532431960105896,20.278904,73.07307,0.1982,2.388075651945891
5KPE_2_8_0_0_combined_id19,9.604188919067383,9.829339027404785,78.60675925925928,0.61,2,8,90.80611111111112,0.532431960105896,20.278904,73.07307,0.2392,2.0378392537434897
5KPE_2_8_0_0_combined_id2,9.649758338928223,9.504838943481445,77.45407407407409,0.62,2,8,90.80611111111112,0.532431960105896,20.278904,73.07307,0.2158,2.230282960114656
5KPE_2_8_0_0_combined_id20,1.0078355073928833,1.7928783893585205,93.97787037037035,0.82,2,8,90.80611111111112,0.532431960105896,20.278904,73.07307,0.2034,2.193987811053241
5KPE_2_8_0_0_combined_id21,1.643700122833252,1.0563139915466309,86.18148148148148,0.7,2,8,90.80611111111112,0.532431960105896,20.278904,73.07307,0.2019,2.074876573350694
5KPE_2_8_0_0_combined_id22,1.1623703241348267,1.6485340595245361,95.81861111111112,0.86,2,8,90.80611111111112,0.532431960105896,20.278904,73.07307,0.2194,2.1686508743851274
5KPE_2_8_0_0_combined_id23,1.3953872919082642,1.4686158895492554,91.16537037037035,0.76,2,8,90.80611111111112,0.532431960105896,20.278904,73.07307,0.2053,2.084942005298756
5KPE_2_8_0_0_combined_id24,1.2208746671676636,1.2200678586959839,83.69231481481482,0.63,2,8,90.80611111111112,0.532431960105896,20.278904,73.07307,0.2038,2.0721613566080728
5KPE_2_8_0_0_combined_id3,1.5057413578033447,1.3083915710449219,81.9187037037037,0.65,2,8,90.80611111111112,0.532431960105896,20.278904,73.07307,0.1982,2.0306744045681424
5KPE_2_8_0_0_combined_id4,9.577569007873535,10.272705078125,72.43444444444445,0.56,2,8,90.80611111111112,0.532431960105896,20.278904,73.07307,0.2109,2.201548117178458
5KPE_2_8_0_0_combined_id5,4.773801803588867,4.7115559577941895,77.26083333333334,0.57,2,8,90.80611111111112,0.532431960105896,20.278904,73.07307,0.2206,2.1949185971860534
5KPE_2_8_0_0_combined_id6,1.3368713855743408,1.4933669567108154,87.5012962962963,0.71,2,8,90.80611111111112,0.532431960105896,20.278904,73.07307,0.2043,2.352238972981771
5KPE_2_8_0_0_combined_id7,1.7944587469100952,1.0233819484710693,88.00435185185188,0.75,2,8,90.80611111111112,0.532431960105896,20.278904,73.07307,0.2019,2.264125965259693
5KPE_2_8_0_0_combined_id8,1.6787596940994263,1.1790693998336792,80.6336111111111,0.64,2,8,90.80611111111112,0.532431960105896,20.278904,73.07307,0.1941,2.149931307192202
5KPE_2_8_0_0_combined_id9,1.248517394065857,1.348747730255127,88.76268518518516,0.73,2,8,90.80611111111112,0.532431960105896,20.278904,73.07307,0.221,2.088659357141565
5KPE_2_8_1_0_combined_id1,10.88837718963623,10.975003242492676,81.37620370370371,0.62,2,8,89.77796296296295,0.6932982802391052,20.434319,74.70899,0.204,2.142579396565756
5KPE_2_8_1_0_combined_id10,1.387353777885437,1.1824705600738525,88.01453703703703,0.75,2,8,89.77796296296295,0.6932982802391052,20.434319,74.70899,0.1938,2.0723868476019964
5KPE_2_8_1_0_combined_id11,1.2626076936721802,1.2955586910247803,90.77685185185186,0.76,2,8,89.77796296296295,0.6932982802391052,20.434319,74.70899,0.2215,2.0671604297779225
5KPE_2_8_1_0_combined_id12,1.4265741109848022,1.0350792407989502,90.58703703703702,0.77,2,8,89.77796296296295,0.6932982802391052,20.434319,74.70899,0.2123,2.0719231499565973
5KPE_2_8_1_0_combined_id13,10.315627098083496,10.940495491027832,77.95527777777778,0.66,2,8,89.77796296296295,0.6932982802391052,20.434319,74.70899,0.2219,1.9887799863462088
5KPE_2_8_1_0_combined_id14,1.2509557008743286,1.4854421615600586,91.38148148148149,0.81,2,8,89.77796296296295,0.6932982802391052,20.434319,74.70899,0.218,2.1821667706524885
5KPE_2_8_1_0_combined_id15,10.565878868103027,11.100130081176758,74.61,0.57,2,8,89.77796296296295,0.6932982802391052,20.434319,74.70899,0.2089,2.082338686342593
5KPE_2_8_1_0_combined_id16,1.055193543434143,1.5045499801635742,92.9900925925926,0.83,2,8,89.77796296296295,0.6932982802391052,20.434319,74.70899,0.1996,2.1251528704607927
5KPE_2_8_1_0_combined_id17,1.3994039297103882,1.1253641843795776,91.03379629629627,0.78,2,8,89.77796296296295,0.6932982802391052,20.434319,74.70899,0.2074,2.0316973085756653
5KPE_2_8_1_0_combined_id18,10.608794212341309,11.230749130249023,77.00203703703703,0.65,2,8,89.77796296296295,0.6932982802391052,20.434319,74.70899,0.2226,2.062699635823568
5KPE_2_8_1_0_combined_id19,1.1636594533920288,1.4445589780807495,94.47861111111112,0.83,2,8,89.77796296296295,0.6932982802391052,20.434319,74.70899,0.1921,2.1956103289568865
5KPE_2_8_1_0_combined_id2,10.908623695373535,11.289668083190918,69.54703703703704,0.57,2,8,89.77796296296295,0.6932982802391052,20.434319,74.70899,0.2041,2.0797014589662903
5KPE_2_8_1_0_combined_id20,1.0068050622940063,1.1582528352737427,92.09824074074076,0.82,2,8,89.77796296296295,0.6932982802391052,20.434319,74.70899,0.2162,2.022971541793258
5KPE_2_8_1_0_combined_id21,1.231997013092041,1.336008906364441,89.52462962962962,0.75,2,8,89.77796296296295,0.6932982802391052,20.434319,74.70899,0.2055,2.075264400906033
5KPE_2_8_1_0_combined_id22,1.1304222345352173,1.413734793663025,92.22175925925929,0.82,2,8,89.77796296296295,0.6932982802391052,20.434319,74.70899,0.1968,2.034918184633608
5KPE_2_8_1_0_combined_id23,1.1238471269607544,1.190946102142334,94.52388888888888,0.83,2,8,89.77796296296295,0.6932982802391052,20.434319,74.70899,0.2257,2.211176836932147
5KPE_2_8_1_0_combined_id24,1.4942755699157715,1.1210674047470093,85.97212962962965,0.69,2,8,89.77796296296295,0.6932982802391052,20.434319,74.70899,0.2228,1.9222383852358216
5KPE_2_8_1_0_combined_id3,1.6781251430511475,1.075429081916809,89.09157407407409,0.76,2,8,89.77796296296295,0.6932982802391052,20.434319,74.70899,0.1978,1.9772870099103008
5KPE_2_8_1_0_combined_id4,1.4257657527923584,1.1331636905670166,88.79425925925926,0.73,2,8,89.77796296296295,0.6932982802391052,20.434319,74.70899,0.2195,2.146466855649595
5KPE_2_8_1_0_combined_id5,1.1937333345413208,1.3580033779144287,93.3437037037037,0.8,2,8,89.77796296296295,0.6932982802391052,20.434319,74.70899,0.2285,2.161132247359664
5KPE_2_8_1_0_combined_id6,1.3666541576385498,1.3088393211364746,92.8872222222222,0.81,2,8,89.77796296296295,0.6932982802391052,20.434319,74.70899,0.214,2.107195395010489
5KPE_2_8_1_0_combined_id7,10.440366744995117,11.224686622619629,80.68101851851851,0.67,2,8,89.77796296296295,0.6932982802391052,20.434319,74.70899,0.2075,1.8956399140534577
5KPE_2_8_1_0_combined_id8,1.4423593282699585,1.0149171352386475,86.55500000000002,0.7,2,8,89.77796296296295,0.6932982802391052,20.434319,74.70899,0.2007,1.9222437540690105
5KPE_2_8_1_0_combined_id9,1.2457599639892578,1.5701885223388672,88.95712962962963,0.75,2,8,89.77796296296295,0.6932982802391052,20.434319,74.70899,0.2058,2.0691776982060186
5KPE_2_8_2_0_combined_id1,1.515627145767212,1.2966063022613525,81.95240740740743,0.65,2,8,94.71222222222222,0.5293660759925842,19.967705,71.7622,0.2042,2.046006379304109
5KPE_2_8_2_0_combined_id10,1.6184278726577759,1.2715469598770142,88.74814814814815,0.75,2,8,94.71222222222222,0.5293660759925842,19.967705,71.7622,0.2106,2.13210607458044
5KPE_2_8_2_0_combined_id11,7.255713939666748,8.245573997497559,67.73583333333335,0.58,2,8,94.71222222222222,0.5293660759925842,19.967705,71.7622,0.2011,2.1796530264395253
5KPE_2_8_2_0_combined_id12,1.1643365621566772,1.3464171886444092,94.0998148148148,0.81,2,8,94.71222222222222,0.5293660759925842,19.967705,71.7622,0.2021,2.204947860152633
5KPE_2_8_2_0_combined_id13,1.3203614950180054,1.5268747806549072,89.27231481481483,0.74,2,8,94.71222222222222,0.5293660759925842,19.967705,71.7622,0.1987,2.2046771579318576
5KPE_2_8_2_0_combined_id14,9.717223167419434,9.879312515258789,83.34814814814814,0.68,2,8,94.71222222222222,0.5293660759925842,19.967705,71.7622,0.2265,2.2947958487051503
5KPE_2_8_2_0_combined_id15,1.392530918121338,1.4148046970367432,90.37314814814816,0.77,2,8,94.71222222222222,0.5293660759925842,19.967705,71.7622,0.2311,2.191193474663629
5KPE_2_8_2_0_combined_id16,1.2664813995361328,1.0662801265716553,93.0074074074074,0.81,2,8,94.71222222222222,0.5293660759925842,19.967705,71.7622,0.2208,2.2120771054868347
5KPE_2_8_2_0_combined_id17,9.624778747558594,9.373489379882812,69.42398148148149,0.54,2,8,94.71222222222222,0.5293660759925842,19.967705,71.7622,0.2014,2.233115726047092
5KPE_2_8_2_0_combined_id18,1.1438463926315308,1.6248581409454346,89.94972222222222,0.76,2,8,94.71222222222222,0.5293660759925842,19.967705,71.7622,0.1991,2.240106653284144
5KPE_2_8_2_0_combined_id19,1.446267008781433,1.0624146461486816,91.42453703703704,0.81,2,8,94.71222222222222,0.5293660759925842,19.967705,71.7622,0.1955,2.116371154785156
5KPE_2_8_2_0_combined_id2,11.773101806640625,12.15088176727295,81.86222222222221,0.52,2,8,94.71222222222222,0.5293660759925842,19.967705,71.7622,0.2159,2.27195711489077
5KPE_2_8_2_0_combined_id20,1.9374886751174927,1.9226373434066772,83.42472222222221,0.66,2,8,94.71222222222222,0.5293660759925842,19.967705,71.7622,0.1939,2.22493150499132
5KPE_2_8_2_0_combined_id21,1.1433244943618774,1.4945212602615356,91.11685185185183,0.76,2,8,94.71222222222222,0.5293660759925842,19.967705,71.7622,0.194,2.235230905038339
5KPE_2_8_2_0_combined_id22,1.6958547830581665,1.5068511962890625,86.40166666666667,0.71,2,8,94.71222222222222,0.5293660759925842,19.967705,71.7622,0.2027,2.122028209544994
5KPE_2_8_2_0_combined_id23,1.3149487972259521,1.6334856748580933,91.53944444444444,0.79,2,8,94.71222222222222,0.5293660759925842,19.967705,71.7622,0.2014,2.1983830487286604
5KPE_2_8_2_0_combined_id24,1.749350666999817,1.3223820924758911,92.7321296296296,0.82,2,8,94.71222222222222,0.5293660759925842,19.967705,71.7622,0.2053,2.152798405400029
5KPE_2_8_2_0_combined_id3,10.7765531539917,11.4121675491333,84.15759259259258,0.71,2,8,94.71222222222222,0.5293660759925842,19.967705,71.7622,0.2104,2.265356275770399
5KPE_2_8_2_0_combined_id4,1.8383498191833496,0.7938305735588074,89.13805555555555,0.74,2,8,94.71222222222222,0.5293660759925842,19.967705,71.7622,0.1935,1.962293836805556
5KPE_2_8_2_0_combined_id5,1.2460606098175049,1.174996256828308,89.08657407407408,0.76,2,8,94.71222222222222,0.5293660759925842,19.967705,71.7622,0.1928,2.2248081631130643
5KPE_2_8_2_0_combined_id6,1.877245306968689,1.3426316976547241,90.18722222222225,0.75,2,8,94.71222222222222,0.5293660759925842,19.967705,71.7622,0.194,2.171747843424479
5KPE_2_8_2_0_combined_id7,1.3086282014846802,1.3268249034881592,90.71101851851851,0.79,2,8,94.71222222222222,0.5293660759925842,19.967705,71.7622,0.2057,2.3349438420048467
5KPE_2_8_2_0_combined_id8,1.4129892587661743,1.4157097339630127,92.3189814814815,0.76,2,8,94.71222222222222,0.5293660759925842,19.967705,71.7622,0.2094,2.148108447039569
5KPE_2_8_2_0_combined_id9,1.3628997802734375,1.2811030149459839,88.53888888888888,0.73,2,8,94.71222222222222,0.5293660759925842,19.967705,71.7622,0.2055,2.2440903275101274
5KPE_2_8_3_0_combined_id1,1.5701338052749634,1.5041615962982178,91.67037037037036,0.8,2,8,91.9575925925926,0.6662067770957947,20.441076,74.39775,0.1972,2.170755739565249
5KPE_2_8_3_0_combined_id10,9.457287788391113,9.93188190460205,80.86527777777779,0.61,2,8,91.9575925925926,0.6662067770957947,20.441076,74.39775,0.2087,2.1625436853479454
5KPE_2_8_3_0_combined_id11,1.4984798431396484,1.722136378288269,82.53481481481482,0.62,2,8,91.9575925925926,0.6662067770957947,20.441076,74.39775,0.1904,2.0270378677933305
5KPE_2_8_3_0_combined_id12,1.2924869060516357,1.5290380716323853,93.38064814814815,0.8,2,8,91.9575925925926,0.6662067770957947,20.441076,74.39775,0.2055,2.2463100574634693
5KPE_2_8_3_0_combined_id13,1.4903072118759155,1.6495707035064697,89.8750925925926,0.78,2,8,91.9575925925926,0.6662067770957947,20.441076,74.39775,0.1949,2.0947836416739003
5KPE_2_8_3_0_combined_id14,10.599166870117188,11.131827354431152,77.77444444444446,0.63,2,8,91.9575925925926,0.6662067770957947,20.441076,74.39775,0.198,2.2293466638635704
5KPE_2_8_3_0_combined_id15,1.1900423765182495,1.8007951974868774,90.9784259259259,0.77,2,8,91.9575925925926,0.6662067770957947,20.441076,74.39775,0.1987,2.2398033142089844
5KPE_2_8_3_0_combined_id16,6.83281946182251,6.570826530456543,73.46453703703705,0.62,2,8,91.9575925925926,0.6662067770957947,20.441076,74.39775,0.1867,2.247822655571832
5KPE_2_8_3_0_combined_id17,1.3197917938232422,1.0389095544815063,85.89953703703704,0.69,2,8,91.9575925925926,0.6662067770957947,20.441076,74.39775,0.1807,2.100555137351708
5KPE_2_8_3_0_combined_id18,1.076542854309082,1.8620463609695435,93.04166666666664,0.83,2,8,91.9575925925926,0.6662067770957947,20.441076,74.39775,0.1757,2.2004391705548323
5KPE_2_8_3_0_combined_id19,1.2012782096862793,1.7047935724258423,91.62,0.8,2,8,91.9575925925926,0.6662067770957947,20.441076,74.39775,0.1939,2.26162267614294
5KPE_2_8_3_0_combined_id2,1.2407071590423584,1.2219122648239136,89.47583333333333,0.75,2,8,91.9575925925926,0.6662067770957947,20.441076,74.39775,0.1881,2.094951770923756
5KPE_2_8_3_0_combined_id20,1.2435837984085083,1.5038191080093384,88.25925925925924,0.72,2,8,91.9575925925926,0.6662067770957947,20.441076,74.39775,0.1852,2.235632013391565
5KPE_2_8_3_0_combined_id21,1.18044114112854,1.4970142841339111,91.73592592592594,0.79,2,8,91.9575925925926,0.6662067770957947,20.441076,74.39775,0.1909,2.229539235432943
5KPE_2_8_3_0_combined_id22,2.972078800201416,1.6230283975601196,70.30499999999999,0.55,2,8,91.9575925925926,0.6662067770957947,20.441076,74.39775,0.1899,2.2363059432418257
5KPE_2_8_3_0_combined_id23,1.364755392074585,1.5088950395584106,90.72898148148148,0.74,2,8,91.9575925925926,0.6662067770957947,20.441076,74.39775,0.2141,2.0887829815899885
5KPE_2_8_3_0_combined_id24,1.3812999725341797,1.5160144567489624,87.73351851851851,0.72,2,8,91.9575925925926,0.6662067770957947,20.441076,74.39775,0.2165,2.0782415601942272
5KPE_2_8_3_0_combined_id3,1.5929324626922607,1.6301525831222534,90.78481481481482,0.78,2,8,91.9575925925926,0.6662067770957947,20.441076,74.39775,0.1966,2.183222170229312
5KPE_2_8_3_0_combined_id4,7.413751125335693,8.5845947265625,65.19037037037036,0.54,2,8,91.9575925925926,0.6662067770957947,20.441076,74.39775,0.1933,2.173263832374855
5KPE_2_8_3_0_combined_id5,2.0711169242858887,2.112819194793701,78.9649074074074,0.66,2,8,91.9575925925926,0.6662067770957947,20.441076,74.39775,0.2222,2.3673636824996382
5KPE_2_8_3_0_combined_id6,1.3508352041244507,1.4973554611206055,90.23842592592592,0.76,2,8,91.9575925925926,0.6662067770957947,20.441076,74.39775,0.1886,2.235838148328993
5KPE_2_8_3_0_combined_id7,1.4761974811553955,2.081472158432007,85.69777777777777,0.74,2,8,91.9575925925926,0.6662067770957947,20.441076,74.39775,0.2022,2.2516096609610097
5KPE_2_8_3_0_combined_id8,1.4185410737991333,1.6716252565383911,87.39537037037036,0.71,2,8,91.9575925925926,0.6662067770957947,20.441076,74.39775,0.2221,2.086673595287181
5KPE_2_8_3_0_combined_id9,1.4599194526672363,1.471592903137207,85.19490740740741,0.68,2,8,91.9575925925926,0.6662067770957947,20.441076,74.39775,0.1851,2.0400547451443143
5KPE_2_8_4_0_combined_id1,1.2475227117538452,1.503758192062378,87.27055555555555,0.75,2,8,91.38083333333331,0.694826066493988,20.770712,76.277885,0.222,2.03627438015408
5KPE_2_8_4_0_combined_id10,9.839778900146484,9.850172996520996,73.10361111111112,0.59,2,8,91.38083333333331,0.694826066493988,20.770712,76.277885,0.2065,2.013622142650463
5KPE_2_8_4_0_combined_id11,1.4645850658416748,1.7258708477020264,88.17342592592593,0.76,2,8,91.38083333333331,0.694826066493988,20.770712,76.277885,0.212,2.142147911919488
5KPE_2_8_4_0_combined_id12,1.7132216691970825,1.0085705518722534,82.19583333333333,0.68,2,8,91.38083333333331,0.694826066493988,20.770712,76.277885,0.2003,1.9714960168909144
5KPE_2_8_4_0_combined_id13,9.402631759643555,9.636807441711426,76.08749999999999,0.62,2,8,91.38083333333331,0.694826066493988,20.770712,76.277885,0.2188,2.0868458218044705
5KPE_2_8_4_0_combined_id14,10.864724159240723,11.713505744934082,70.82685185185186,0.54,2,8,91.38083333333331,0.694826066493988,20.770712,76.277885,0.2062,2.013479303430628
5KPE_2_8_4_0_combined_id15,9.763105392456055,9.945531845092773,72.29055555555554,0.59,2,8,91.38083333333331,0.694826066493988,20.770712,76.277885,0.2282,2.035408867730035
5KPE_2_8_4_0_combined_id16,1.5073400735855103,1.573446273803711,80.74398148148148,0.64,2,8,91.38083333333331,0.694826066493988,20.770712,76.277885,0.1922,2.0039022940176503
5KPE_2_8_4_0_combined_id17,1.305036187171936,1.2663662433624268,92.85814814814816,0.82,2,8,91.38083333333331,0.694826066493988,20.770712,76.277885,0.2065,2.1830346849229603
5KPE_2_8_4_0_combined_id18,1.2380547523498535,1.5239386558532715,92.8923148148148,0.81,2,8,91.38083333333331,0.694826066493988,20.770712,76.277885,0.2304,2.147465882477937
5KPE_2_8_4_0_combined_id19,9.752321243286133,9.684663772583008,71.375,0.59,2,8,91.38083333333331,0.694826066493988,20.770712,76.277885,0.2077,2.068252280906395
5KPE_2_8_4_0_combined_id2,1.2556264400482178,1.440394401550293,90.2760185185185,0.76,2,8,91.38083333333331,0.694826066493988,20.770712,76.277885,0.2155,2.0789727105034723
5KPE_2_8_4_0_combined_id20,1.1316009759902954,1.536481499671936,90.74074074074076,0.77,2,8,91.38083333333331,0.694826066493988,20.770712,76.277885,0.2322,2.2217542860243054
5KPE_2_8_4_0_combined_id21,1.283262014389038,1.4074338674545288,91.98564814814814,0.79,2,8,91.38083333333331,0.694826066493988,20.770712,76.277885,0.2249,2.1751056247287326
5KPE_2_8_4_0_combined_id22,10.58746337890625,11.413867950439453,86.55768518518518,0.73,2,8,91.38083333333331,0.694826066493988,20.770712,76.277885,0.2169,2.075742227059824
5KPE_2_8_4_0_combined_id23,1.2993372678756714,1.3289612531661987,93.41925925925923,0.81,2,8,91.38083333333331,0.694826066493988,20.770712,76.277885,0.2151,2.067577503345631
5KPE_2_8_4_0_combined_id24,1.235648512840271,1.3402923345565796,89.74046296296295,0.77,2,8,91.38083333333331,0.694826066493988,20.770712,76.277885,0.1965,2.2124315897623696
5KPE_2_8_4_0_combined_id3,9.494481086730957,9.577740669250488,77.61962962962963,0.68,2,8,91.38083333333331,0.694826066493988,20.770712,76.277885,0.2154,2.1268783851906106
5KPE_2_8_4_0_combined_id4,1.3141504526138306,1.6098777055740356,86.68120370370369,0.75,2,8,91.38083333333331,0.694826066493988,20.770712,76.277885,0.222,2.1690706323694298
5KPE_2_8_4_0_combined_id5,1.1057534217834473,1.5209789276123047,84.97129629629629,0.71,2,8,91.38083333333331,0.694826066493988,20.770712,76.277885,0.1998,2.114122885244864
5KPE_2_8_4_0_combined_id6,9.604369163513184,9.825898170471191,73.42175925925925,0.59,2,8,91.38083333333331,0.694826066493988,20.770712,76.277885,0.1936,1.997970863624856
5KPE_2_8_4_0_combined_id7,1.1901626586914062,1.6694391965866089,89.64500000000004,0.74,2,8,91.38083333333331,0.694826066493988,20.770712,76.277885,0.2041,2.046401694968895
5KPE_2_8_4_0_combined_id8,1.2920283079147339,1.8086966276168823,90.22148148148148,0.79,2,8,91.38083333333331,0.694826066493988,20.770712,76.277885,0.2375,2.236463334825304
5KPE_2_8_4_0_combined_id9,4.785464763641357,4.626501560211182,74.34537037037038,0.46,2,8,91.38083333333331,0.694826066493988,20.770712,76.277885,0.2087,2.0521081995081016
5KPE_2_8_5_0_combined_id1,10.815396308898926,11.146007537841797,80.42074074074077,0.67,2,8,90.32111111111112,0.7586331367492676,19.9959,74.97805,0.2061,2.007992214626736
5KPE_2_8_5_0_combined_id10,1.7832974195480347,0.9810889959335327,84.9375,0.72,2,8,90.32111111111112,0.7586331367492676,19.9959,74.97805,0.2041,1.995418689869068
5KPE_2_8_5_0_combined_id11,7.742753028869629,7.693215847015381,71.83129629629629,0.57,2,8,90.32111111111112,0.7586331367492676,19.9959,74.97805,0.2178,2.152224081533926
5KPE_2_8_5_0_combined_id12,1.6148027181625366,1.2280884981155396,89.1626851851852,0.76,2,8,90.32111111111112,0.7586331367492676,19.9959,74.97805,0.2092,2.0838840625904225
5KPE_2_8_5_0_combined_id13,1.1364164352416992,1.6455940008163452,89.48509259259261,0.73,2,8,90.32111111111112,0.7586331367492676,19.9959,74.97805,0.2235,2.2871712578667536
5KPE_2_8_5_0_combined_id14,11.157264709472656,10.795405387878418,83.39046296296296,0.62,2,8,90.32111111111112,0.7586331367492676,19.9959,74.97805,0.2466,2.018702330412688
5KPE_2_8_5_0_combined_id15,10.99657917022705,11.500642776489258,77.34898148148149,0.62,2,8,90.32111111111112,0.7586331367492676,19.9959,74.97805,0.22,2.0671895345052085
5KPE_2_8_5_0_combined_id17,1.0571038722991943,1.107344388961792,90.85249999999998,0.76,2,8,90.32111111111112,0.7586331367492676,19.9959,74.97805,0.214,2.1367578859682435
5KPE_2_8_5_0_combined_id18,1.2451726198196411,1.3520342111587524,89.9159259259259,0.75,2,8,90.32111111111112,0.7586331367492676,19.9959,74.97805,0.2014,1.9321573045518663
5KPE_2_8_5_0_combined_id19,10.47802734375,10.983660697937012,75.28444444444443,0.61,2,8,90.32111111111112,0.7586331367492676,19.9959,74.97805,0.2185,2.150250187626592
5KPE_2_8_5_0_combined_id2,12.250692367553711,12.168183326721191,77.2836111111111,0.56,2,8,90.32111111111112,0.7586331367492676,19.9959,74.97805,0.2191,2.0508540118182146
5KPE_2_8_5_0_combined_id20,1.7509064674377441,1.1888176202774048,87.70175925925925,0.74,2,8,90.32111111111112,0.7586331367492676,19.9959,74.97805,0.1992,1.9651766176576968
5KPE_2_8_5_0_combined_id21,10.664151191711426,11.466524124145508,75.66999999999999,0.62,2,8,90.32111111111112,0.7586331367492676,19.9959,74.97805,0.2066,2.2165808501066984
5KPE_2_8_5_0_combined_id22,11.672069549560547,12.09669303894043,84.3873148148148,0.68,2,8,90.32111111111112,0.7586331367492676,19.9959,74.97805,0.226,2.1131193372938366
5KPE_2_8_5_0_combined_id23,10.742203712463379,10.887426376342773,78.07425925925925,0.6,2,8,90.32111111111112,0.7586331367492676,19.9959,74.97805,0.22,2.0829715022334345
5KPE_2_8_5_0_combined_id24,1.016440749168396,1.2132006883621216,87.63222222222224,0.69,2,8,90.32111111111112,0.7586331367492676,19.9959,74.97805,0.1912,2.1672541300455728
5KPE_2_8_5_0_combined_id3,1.2555904388427734,1.1085671186447144,86.68101851851853,0.7,2,8,90.32111111111112,0.7586331367492676,19.9959,74.97805,0.1878,2.08257802327474
5KPE_2_8_5_0_combined_id4,1.0450520515441895,1.1359738111495972,90.50824074074072,0.77,2,8,90.32111111111112,0.7586331367492676,19.9959,74.97805,0.2163,2.099624351218895
5KPE_2_8_5_0_combined_id5,1.1111180782318115,1.931182861328125,87.7526851851852,0.73,2,8,90.32111111111112,0.7586331367492676,19.9959,74.97805,0.2036,2.2066672996238426
5KPE_2_8_5_0_combined_id6,11.754974365234375,11.824313163757324,85.91694444444447,0.68,2,8,90.32111111111112,0.7586331367492676,19.9959,74.97805,0.2212,2.066267790617766
5KPE_2_8_5_0_combined_id7,6.255367279052734,7.4342145919799805,70.53064814814816,0.59,2,8,90.32111111111112,0.7586331367492676,19.9959,74.97805,0.1904,1.9539560388635704
5KPE_2_8_5_0_combined_id8,1.9448875188827515,0.827447235584259,84.94907407407408,0.69,2,8,90.32111111111112,0.7586331367492676,19.9959,74.97805,0.2023,1.847558198151765
5KPE_2_8_5_0_combined_id9,2.093867301940918,0.9516646265983582,90.4085185185185,0.76,2,8,90.32111111111112,0.7586331367492676,19.9959,74.97805,0.2111,2.0683822631835938
5KPE_2_8_6_0_combined_id1,1.7441270351409912,1.1852864027023315,88.30435185185182,0.74,2,8,86.79925925925926,0.9644361138343812,20.378292,74.88644,0.2182,2.134764636004413
5KPE_2_8_6_0_combined_id10,10.706352233886719,11.511747360229492,76.63296296296295,0.63,2,8,86.79925925925926,0.9644361138343812,20.378292,74.88644,0.2023,2.035709663673684
5KPE_2_8_6_0_combined_id11,11.276712417602539,11.315411567687988,78.64212962962964,0.62,2,8,86.79925925925926,0.9644361138343812,20.378292,74.88644,0.2126,2.173074227792245
5KPE_2_8_6_0_combined_id12,11.282437324523926,12.301949501037598,79.58722222222222,0.64,2,8,86.79925925925926,0.9644361138343812,20.378292,74.88644,0.1978,1.9729923672146268
5KPE_2_8_6_0_combined_id13,1.3148757219314575,1.8454231023788452,80.6711111111111,0.64,2,8,86.79925925925926,0.9644361138343812,20.378292,74.88644,0.1951,2.172493828667535
5KPE_2_8_6_0_combined_id14,1.8426249027252197,2.028564214706421,73.2348148148148,0.56,2,8,86.79925925925926,0.9644361138343812,20.378292,74.88644,0.1917,2.146884070502387
5KPE_2_8_6_0_combined_id15,10.798768997192383,11.211810111999512,73.2398148148148,0.59,2,8,86.79925925925926,0.9644361138343812,20.378292,74.88644,0.2065,2.0775957460756653
5KPE_2_8_6_0_combined_id16,1.2815864086151123,1.8729556798934937,91.61342592592594,0.81,2,8,86.79925925925926,0.9644361138343812,20.378292,74.88644,0.208,2.149526525426794
5KPE_2_8_6_0_combined_id17,1.8391083478927612,1.5757619142532349,85.2887962962963,0.74,2,8,86.79925925925926,0.9644361138343812,20.378292,74.88644,0.2114,2.025549570719401
5KPE_2_8_6_0_combined_id18,10.82540512084961,11.433263778686523,78.48185185185184,0.6,2,8,86.79925925925926,0.9644361138343812,20.378292,74.88644,0.2253,2.105855447274667
5KPE_2_8_6_0_combined_id19,10.853330612182617,11.066302299499512,81.35268518518518,0.67,2,8,86.79925925925926,0.9644361138343812,20.378292,74.88644,0.2089,1.9933160852502887
5KPE_2_8_6_0_combined_id2,8.3797607421875,9.462976455688477,71.61083333333333,0.57,2,8,86.79925925925926,0.9644361138343812,20.378292,74.88644,0.1944,2.115551983868634
5KPE_2_8_6_0_combined_id20,9.531005859375,9.482222557067871,82.42518518518517,0.67,2,8,86.79925925925926,0.9644361138343812,20.378292,74.88644,0.2051,2.279870209870515
5KPE_2_8_6_0_combined_id21,10.889944076538086,11.228690147399902,77.91564814814816,0.66,2,8,86.79925925925926,0.9644361138343812,20.378292,74.88644,0.2089,2.1358814945927374
5KPE_2_8_6_0_combined_id22,9.650670051574707,9.666901588439941,75.53314814814814,0.57,2,8,86.79925925925926,0.9644361138343812,20.378292,74.88644,0.2238,2.070592244466146
5KPE_2_8_6_0_combined_id23,10.733211517333984,10.319297790527344,79.86592592592594,0.61,2,8,86.79925925925926,0.9644361138343812,20.378292,74.88644,0.191,2.095849355061849
5KPE_2_8_6_0_combined_id24,1.3312379121780396,1.6144424676895142,90.89277777777777,0.81,2,8,86.79925925925926,0.9644361138343812,20.378292,74.88644,0.2107,2.094714129412616
5KPE_2_8_6_0_combined_id3,11.8433198928833,12.0103759765625,80.87685185185184,0.61,2,8,86.79925925925926,0.9644361138343812,20.378292,74.88644,0.2123,2.135984491418909
5KPE_2_8_6_0_combined_id4,1.0856986045837402,1.5837535858154297,92.6787037037037,0.82,2,8,86.79925925925926,0.9644361138343812,20.378292,74.88644,0.2042,2.2446697376392506
5KPE_2_8_6_0_combined_id5,11.322030067443848,11.667555809020996,74.06342592592593,0.54,2,8,86.79925925925926,0.9644361138343812,20.378292,74.88644,0.1914,2.1378876014992043
5KPE_2_8_6_0_combined_id6,10.728360176086426,11.249246597290039,89.04046296296298,0.78,2,8,86.79925925925926,0.9644361138343812,20.378292,74.88644,0.1932,2.266551547580295
5KPE_2_8_6_0_combined_id7,1.106613039970398,1.785229206085205,87.93314814814812,0.71,2,8,86.79925925925926,0.9644361138343812,20.378292,74.88644,0.1966,2.1085977907534
5KPE_2_8_6_0_combined_id8,1.1917072534561157,1.659827709197998,92.95675925925924,0.83,2,8,86.79925925925926,0.9644361138343812,20.378292,74.88644,0.1875,1.9783257378472223
5KPE_2_8_6_0_combined_id9,1.1689449548721313,1.8719018697738647,88.96370370370371,0.77,2,8,86.79925925925926,0.9644361138343812,20.378292,74.88644,0.207,1.989532188132957
5KPE_2_8_7_0_combined_id1,1.5781023502349854,2.099163293838501,69.31324074074075,0.57,2,8,92.63620370370369,0.5804163813591003,20.272322,75.55052,0.1914,1.9212428905345773
5KPE_2_8_7_0_combined_id10,9.782938957214355,9.034698486328125,70.86166666666665,0.46,2,8,92.63620370370369,0.5804163813591003,20.272322,75.55052,0.1798,2.1872743677209923
5KPE_2_8_7_0_combined_id12,1.4118990898132324,1.572509765625,87.23138888888894,0.72,2,8,92.63620370370369,0.5804163813591003,20.272322,75.55052,0.2007,2.153224521213108
5KPE_2_8_7_0_combined_id13,1.094709038734436,1.7166575193405151,92.2847222222222,0.79,2,8,92.63620370370369,0.5804163813591003,20.272322,75.55052,0.196,2.1645148948386863
5KPE_2_8_7_0_combined_id14,1.320290207862854,1.4141255617141724,90.8299074074074,0.76,2,8,92.63620370370369,0.5804163813591003,20.272322,75.55052,0.2111,2.2841195000542536
5KPE_2_8_7_0_combined_id15,1.6567020416259766,2.018555164337158,87.1538888888889,0.71,2,8,92.63620370370369,0.5804163813591003,20.272322,75.55052,0.1903,2.224035474989149
5KPE_2_8_7_0_combined_id17,1.3675613403320312,1.771041750907898,85.55009259259258,0.7,2,8,92.63620370370369,0.5804163813591003,20.272322,75.55052,0.1903,2.1329482749656394
5KPE_2_8_7_0_combined_id19,2.1385200023651123,1.503106951713562,88.09648148148148,0.78,2,8,92.63620370370369,0.5804163813591003,20.272322,75.55052,0.2063,2.159853052209925
5KPE_2_8_7_0_combined_id2,0.9144073724746704,1.9588040113449097,91.64064814814812,0.8,2,8,92.63620370370369,0.5804163813591003,20.272322,75.55052,0.206,2.21404125072338
5KPE_2_8_7_0_combined_id20,1.283186435699463,1.5399829149246216,89.41638888888889,0.77,2,8,92.63620370370369,0.5804163813591003,20.272322,75.55052,0.1932,2.174299028184679
5KPE_2_8_7_0_combined_id21,1.5708903074264526,1.1895751953125,86.04296296296297,0.7,2,8,92.63620370370369,0.5804163813591003,20.272322,75.55052,0.2113,1.855689154730903
5KPE_2_8_7_0_combined_id22,1.5205059051513672,1.8965351581573486,82.3313888888889,0.71,2,8,92.63620370370369,0.5804163813591003,20.272322,75.55052,0.1907,2.1523804841218173
5KPE_2_8_7_0_combined_id23,1.1778271198272705,1.402360200881958,86.35537037037037,0.71,2,8,92.63620370370369,0.5804163813591003,20.272322,75.55052,0.1997,2.030231617115162
5KPE_2_8_7_0_combined_id24,8.196782112121582,9.296113014221191,70.24287037037037,0.59,2,8,92.63620370370369,0.5804163813591003,20.272322,75.55052,0.198,2.0765722769278065
5KPE_2_8_7_0_combined_id3,1.140895128250122,1.7318733930587769,86.95370370370368,0.71,2,8,92.63620370370369,0.5804163813591003,20.272322,75.55052,0.2028,2.03428875958478
5KPE_2_8_7_0_combined_id4,1.4069393873214722,1.5471456050872803,87.23101851851851,0.74,2,8,92.63620370370369,0.5804163813591003,20.272322,75.55052,0.186,2.200175673873336
5KPE_2_8_7_0_combined_id5,1.2584728002548218,1.3734055757522583,88.74287037037037,0.73,2,8,92.63620370370369,0.5804163813591003,20.272322,75.55052,0.1926,2.188735679343895
5KPE_2_8_7_0_combined_id6,1.3215868473052979,1.9228887557983398,88.25222222222222,0.75,2,8,92.63620370370369,0.5804163813591003,20.272322,75.55052,0.1917,2.077251858181424
5KPE_2_8_7_0_combined_id7,9.197637557983398,9.530593872070312,78.02416666666667,0.67,2,8,92.63620370370369,0.5804163813591003,20.272322,75.55052,0.2098,2.1743257310655384
5KPE_2_8_7_0_combined_id8,1.2512333393096924,1.7874174118041992,91.72879629629632,0.79,2,8,92.63620370370369,0.5804163813591003,20.272322,75.55052,0.2067,2.282817699291088
5KPE_2_8_7_0_combined_id9,2.1126224994659424,0.8204066753387451,85.49712962962965,0.66,2,8,92.63620370370369,0.5804163813591003,20.272322,75.55052,0.1893,2.149812486436632
5KPE_2_8_8_0_combined_id1,1.7656302452087402,1.2987860441207886,88.4016666666667,0.75,2,8,92.74388888888888,0.5861942768096924,20.240816,72.752365,0.1949,2.1424917998137296
5KPE_2_8_8_0_combined_id10,1.4710804224014282,1.4322822093963623,87.18157407407406,0.72,2,8,92.74388888888888,0.5861942768096924,20.240816,72.752365,0.1908,2.0367649219654225
5KPE_2_8_8_0_combined_id11,2.2065930366516113,2.190552234649658,72.62935185185187,0.58,2,8,92.74388888888888,0.5861942768096924,20.240816,72.752365,0.2072,2.1668915925202548
5KPE_2_8_8_0_combined_id12,9.856405258178711,10.035305976867676,74.59157407407407,0.63,2,8,92.74388888888888,0.5861942768096924,20.240816,72.752365,0.2167,2.1366119384765625
5KPE_2_8_8_0_combined_id13,1.0082340240478516,1.8230911493301392,91.94333333333334,0.8,2,8,92.74388888888888,0.5861942768096924,20.240816,72.752365,0.1965,2.3157361348470054
5KPE_2_8_8_0_combined_id14,9.870589256286621,10.423113822937012,73.85203703703704,0.61,2,8,92.74388888888888,0.5861942768096924,20.240816,72.752365,0.1972,2.1389377735279225
5KPE_2_8_8_0_combined_id15,1.264897108078003,1.4056159257888794,87.61851851851851,0.75,2,8,92.74388888888888,0.5861942768096924,20.240816,72.752365,0.1953,2.21311272515191
5KPE_2_8_8_0_combined_id16,10.718963623046875,11.415661811828613,73.12092592592593,0.56,2,8,92.74388888888888,0.5861942768096924,20.240816,72.752365,0.1771,2.2537222968207464
5KPE_2_8_8_0_combined_id17,0.9341903924942017,1.835408091545105,95.10277777777776,0.86,2,8,92.74388888888888,0.5861942768096924,20.240816,72.752365,0.1931,2.2449237682201244
5KPE_2_8_8_0_combined_id18,6.537695407867432,7.163125038146973,66.53833333333334,0.57,2,8,92.74388888888888,0.5861942768096924,20.240816,72.752365,0.2069,2.062861265959563
5KPE_2_8_8_0_combined_id19,1.6889010667800903,1.6356613636016846,80.55601851851851,0.65,2,8,92.74388888888888,0.5861942768096924,20.240816,72.752365,0.2156,2.1314801816587097
5KPE_2_8_8_0_combined_id2,9.6359224319458,9.997635841369629,82.61351851851852,0.71,2,8,92.74388888888888,0.5861942768096924,20.240816,72.752365,0.195,2.1214318452058016
5KPE_2_8_8_0_combined_id20,9.568307876586914,9.983251571655273,72.75268518518519,0.61,2,8,92.74388888888888,0.5861942768096924,20.240816,72.752365,0.2049,2.1898248460557728
5KPE_2_8_8_0_combined_id21,1.048726201057434,1.8326759338378906,92.77398148148148,0.81,2,8,92.74388888888888,0.5861942768096924,20.240816,72.752365,0.2283,2.2382279855233653
5KPE_2_8_8_0_combined_id22,1.2437701225280762,1.9429980516433716,92.90055555555556,0.79,2,8,92.74388888888888,0.5861942768096924,20.240816,72.752365,0.1913,2.228218643753617
5KPE_2_8_8_0_combined_id23,1.2872951030731201,1.571029543876648,88.4861111111111,0.74,2,8,92.74388888888888,0.5861942768096924,20.240816,72.752365,0.2125,1.9722629123263888
5KPE_2_8_8_0_combined_id24,7.292937755584717,8.110208511352539,77.25907407407406,0.68,2,8,92.74388888888888,0.5861942768096924,20.240816,72.752365,0.1944,2.1017386824996382
5KPE_2_8_8_0_combined_id3,1.1509456634521484,1.7974696159362793,86.57675925925925,0.71,2,8,92.74388888888888,0.5861942768096924,20.240816,72.752365,0.1998,2.17327230947989
5KPE_2_8_8_0_combined_id4,1.9898346662521362,1.5525673627853394,77.80027777777778,0.66,2,8,92.74388888888888,0.5861942768096924,20.240816,72.752365,0.1882,2.118062902379919
5KPE_2_8_8_0_combined_id5,1.2668821811676025,1.6114132404327393,89.3875925925926,0.76,2,8,92.74388888888888,0.5861942768096924,20.240816,72.752365,0.1841,2.061465934470848
5KPE_2_8_8_0_combined_id6,1.0689184665679932,1.5682190656661987,85.37342592592593,0.72,2,8,92.74388888888888,0.5861942768096924,20.240816,72.752365,0.1881,2.220067200837312
5KPE_2_8_8_0_combined_id7,1.0931013822555542,1.91957688331604,88.87944444444446,0.75,2,8,92.74388888888888,0.5861942768096924,20.240816,72.752365,0.1993,2.3064021357783564
5KPE_2_8_8_0_combined_id8,1.6577101945877075,1.5262296199798584,86.5662962962963,0.72,2,8,92.74388888888888,0.5861942768096924,20.240816,72.752365,0.2036,2.201618335865162
5KPE_2_8_8_0_combined_id9,1.2274489402770996,1.8372251987457275,90.905,0.79,2,8,92.74388888888888,0.5861942768096924,20.240816,72.752365,0.1935,2.267524719238281
5KPE_2_8_9_0_combined_id1,1.3905693292617798,1.438620924949646,88.43287037037038,0.75,2,8,89.41083333333333,0.6205494999885559,20.693417,74.47337,0.188,2.162382620352286
5KPE_2_8_9_0_combined_id10,11.3577299118042,11.045886993408203,77.49740740740741,0.61,2,8,89.41083333333333,0.6205494999885559,20.693417,74.47337,0.1965,2.219456707989728
5KPE_2_8_9_0_combined_id11,11.463423728942871,11.541423797607422,85.15259259259258,0.68,2,8,89.41083333333333,0.6205494999885559,20.693417,74.47337,0.1979,1.996320088704427
5KPE_2_8_9_0_combined_id12,1.2695547342300415,1.2188031673431396,86.77342592592592,0.74,2,8,89.41083333333333,0.6205494999885559,20.693417,74.47337,0.2094,2.1228887769911022
5KPE_2_8_9_0_combined_id13,1.2896044254302979,1.36614990234375,90.20925925925928,0.76,2,8,89.41083333333333,0.6205494999885559,20.693417,74.47337,0.2102,2.0689875284830728
5KPE_2_8_9_0_combined_id14,1.5811411142349243,2.0114119052886963,82.7638888888889,0.7,2,8,89.41083333333333,0.6205494999885559,20.693417,74.47337,0.2048,2.022286309136285
5KPE_2_8_9_0_combined_id15,10.277628898620605,10.676800727844238,65.41027777777778,0.54,2,8,89.41083333333333,0.6205494999885559,20.693417,74.47337,0.2147,2.145772722032336
5KPE_2_8_9_0_combined_id16,1.1201821565628052,1.49386727809906,90.43074074074076,0.78,2,8,89.41083333333333,0.6205494999885559,20.693417,74.47337,0.2075,2.160478662561488
5KPE_2_8_9_0_combined_id17,10.73403263092041,10.732342720031738,86.22944444444445,0.69,2,8,89.41083333333333,0.6205494999885559,20.693417,74.47337,0.2171,2.1334830390082464
5KPE_2_8_9_0_combined_id18,1.5982574224472046,1.540166974067688,87.87722222222222,0.73,2,8,89.41083333333333,0.6205494999885559,20.693417,74.47337,0.2016,2.195964813232422
5KPE_2_8_9_0_combined_id19,1.3536406755447388,1.4351485967636108,86.41333333333333,0.72,2,8,89.41083333333333,0.6205494999885559,20.693417,74.47337,0.1995,1.9922304506655093
5KPE_2_8_9_0_combined_id2,10.365422248840332,11.279708862304688,81.3136111111111,0.72,2,8,89.41083333333333,0.6205494999885559,20.693417,74.47337,0.2091,2.17280098243996
5KPE_2_8_9_0_combined_id20,9.794344902038574,9.889056205749512,81.79009259259259,0.66,2,8,89.41083333333333,0.6205494999885559,20.693417,74.47337,0.213,2.2009061177571616
5KPE_2_8_9_0_combined_id21,1.142699956893921,1.2911560535430908,91.55666666666666,0.81,2,8,89.41083333333333,0.6205494999885559,20.693417,74.47337,0.1976,2.127168443467882
5KPE_2_8_9_0_combined_id22,1.951063871383667,1.209926962852478,83.38592592592592,0.69,2,8,89.41083333333333,0.6205494999885559,20.693417,74.47337,0.193,2.103875901963976
5KPE_2_8_9_0_combined_id23,1.7956961393356323,1.2818349599838257,83.65601851851854,0.73,2,8,89.41083333333333,0.6205494999885559,20.693417,74.47337,0.205,2.1555729618778936
5KPE_2_8_9_0_combined_id24,1.5438921451568604,1.2311804294586182,90.13361111111112,0.76,2,8,89.41083333333333,0.6205494999885559,20.693417,74.47337,0.216,2.083027592411748
5KPE_2_8_9_0_combined_id3,3.5550801753997803,3.4251742362976074,85.61722222222221,0.7,2,8,89.41083333333333,0.6205494999885559,20.693417,74.47337,0.1996,1.9744914019549336
5KPE_2_8_9_0_combined_id4,2.2519731521606445,2.3514270782470703,72.02685185185184,0.61,2,8,89.41083333333333,0.6205494999885559,20.693417,74.47337,0.1938,2.1856587727864585
5KPE_2_8_9_0_combined_id5,2.2313973903656006,2.497223138809204,74.46787037037036,0.62,2,8,89.41083333333333,0.6205494999885559,20.693417,74.47337,0.1862,2.247624573884187
5KPE_2_8_9_0_combined_id6,10.671915054321289,10.951955795288086,72.7800925925926,0.57,2,8,89.41083333333333,0.6205494999885559,20.693417,74.47337,0.2056,2.074293913664641
5KPE_2_8_9_0_combined_id7,3.065061092376709,2.97287917137146,70.17129629629629,0.59,2,8,89.41083333333333,0.6205494999885559,20.693417,74.47337,0.2004,2.056464866355613
5KPE_2_8_9_0_combined_id8,1.9396430253982544,1.9056611061096191,85.01842592592592,0.73,2,8,89.41083333333333,0.6205494999885559,20.693417,74.47337,0.2011,1.9625843189380787
5KPE_2_8_9_0_combined_id9,1.9406133890151978,1.0626791715621948,90.14444444444446,0.75,2,8,89.41083333333333,0.6205494999885559,20.693417,74.47337,0.2156,1.9329274495442708
5KPE_4_2_0_0_combined_id1,1.3535478115081787,2.8208560943603516,94.14481481481482,0.83,4,2,92.37222222222223,0.6596251726150513,21.965786,74.06081,0.1968,2.135978133590133
5KPE_4_2_0_0_combined_id10,2.1924326419830322,1.7818830013275146,86.66999999999999,0.68,4,2,92.37222222222223,0.6596251726150513,21.965786,74.06081,0.1843,2.015656506573712
5KPE_4_2_0_0_combined_id11,1.5634745359420776,3.5478146076202393,81.19648148148147,0.61,4,2,92.37222222222223,0.6596251726150513,21.965786,74.06081,0.1873,2.134358723958333
5KPE_4_2_0_0_combined_id12,1.797951340675354,2.207548141479492,85.12601851851853,0.71,4,2,92.37222222222223,0.6596251726150513,21.965786,74.06081,0.1944,2.0424502337420427
5KPE_4_2_0_0_combined_id13,1.9531177282333374,2.839168071746826,84.20879629629628,0.69,4,2,92.37222222222223,0.6596251726150513,21.965786,74.06081,0.1804,2.1469366285536022
5KPE_4_2_0_0_combined_id14,1.2963755130767822,2.10577654838562,87.0209259259259,0.7,4,2,92.37222222222223,0.6596251726150513,21.965786,74.06081,0.206,2.1744456821017795
5KPE_4_2_0_0_combined_id15,1.5144177675247192,2.859431266784668,85.40611111111112,0.69,4,2,92.37222222222223,0.6596251726150513,21.965786,74.06081,0.2038,2.15522935655382
5KPE_4_2_0_0_combined_id16,1.3233873844146729,3.2144720554351807,87.04592592592591,0.73,4,2,92.37222222222223,0.6596251726150513,21.965786,74.06081,0.198,2.1861634431061923
5KPE_4_2_0_0_combined_id17,1.432456135749817,2.351712226867676,91.8362037037037,0.81,4,2,92.37222222222223,0.6596251726150513,21.965786,74.06081,0.2089,2.176614266854745
5KPE_4_2_0_0_combined_id18,0.9316001534461975,3.24955415725708,86.2998148148148,0.69,4,2,92.37222222222223,0.6596251726150513,21.965786,74.06081,0.2102,2.0907828719527632
5KPE_4_2_0_0_combined_id19,1.205790400505066,2.4725801944732666,87.53472222222223,0.73,4,2,92.37222222222223,0.6596251726150513,21.965786,74.06081,0.208,2.134953534161603
5KPE_4_2_0_0_combined_id2,1.5531938076019287,2.9053242206573486,86.80296296296295,0.72,4,2,92.37222222222223,0.6596251726150513,21.965786,74.06081,0.2196,2.230983592845776
5KPE_4_2_0_0_combined_id20,2.074326276779175,2.927664041519165,86.60157407407408,0.73,4,2,92.37222222222223,0.6596251726150513,21.965786,74.06081,0.1862,2.08243645562066
5KPE_4_2_0_0_combined_id21,1.8682574033737183,2.492035150527954,89.35564814814815,0.75,4,2,92.37222222222223,0.6596251726150513,21.965786,74.06081,0.2044,2.128773159450955
5KPE_4_2_0_0_combined_id22,1.4353563785552979,2.789984941482544,89.00148148148146,0.75,4,2,92.37222222222223,0.6596251726150513,21.965786,74.06081,0.1969,2.012850160951968
5KPE_4_2_0_0_combined_id23,9.70713996887207,10.26077938079834,81.18731481481481,0.68,4,2,92.37222222222223,0.6596251726150513,21.965786,74.06081,0.2036,2.215944078233507
5KPE_4_2_0_0_combined_id24,1.1123456954956055,3.046077013015747,89.68999999999998,0.76,4,2,92.37222222222223,0.6596251726150513,21.965786,74.06081,0.2048,2.157941747594762
5KPE_4_2_0_0_combined_id3,1.4505895376205444,2.6282503604888916,88.7187037037037,0.74,4,2,92.37222222222223,0.6596251726150513,21.965786,74.06081,0.197,2.105937816478588
5KPE_4_2_0_0_combined_id4,1.1622167825698853,3.1106157302856445,87.6250925925926,0.72,4,2,92.37222222222223,0.6596251726150513,21.965786,74.06081,0.2187,2.1313066835756653
5KPE_4_2_0_0_combined_id5,2.1413843631744385,2.5130443572998047,77.86277777777778,0.62,4,2,92.37222222222223,0.6596251726150513,21.965786,74.06081,0.1712,2.0854212443033853
5KPE_4_2_0_0_combined_id6,1.583361268043518,2.5300276279449463,82.91944444444444,0.7,4,2,92.37222222222223,0.6596251726150513,21.965786,74.06081,0.1947,2.230208644160518
5KPE_4_2_0_0_combined_id7,1.4173858165740967,3.0239779949188232,90.00490740740742,0.77,4,2,92.37222222222223,0.6596251726150513,21.965786,74.06081,0.2027,2.0696853355125144
5KPE_4_2_0_0_combined_id8,1.6014797687530518,3.425812005996704,89.44435185185185,0.78,4,2,92.37222222222223,0.6596251726150513,21.965786,74.06081,0.195,2.121236871790003
5KPE_4_2_0_0_combined_id9,1.7657335996627808,3.019505262374878,85.41333333333333,0.7,4,2,92.37222222222223,0.6596251726150513,21.965786,74.06081,0.212,2.3209841692889177
5KPE_4_2_2_0_combined_id1,3.324347734451294,3.062392234802246,75.2800925925926,0.61,4,2,92.43685185185184,0.995930790901184,23.918257,72.3335,0.1968,2.109315377694589
5KPE_4_2_2_0_combined_id10,1.5753122568130493,3.0517961978912354,90.4964814814815,0.76,4,2,92.43685185185184,0.995930790901184,23.918257,72.3335,0.2052,2.060543342872902
5KPE_4_2_2_0_combined_id11,10.903244972229004,11.69802474975586,86.13444444444443,0.67,4,2,92.43685185185184,0.995930790901184,23.918257,72.3335,0.2306,2.102890721073857
5KPE_4_2_2_0_combined_id12,1.6046615839004517,2.536686420440674,90.54824074074074,0.79,4,2,92.43685185185184,0.995930790901184,23.918257,72.3335,0.2248,2.052976820203993
5KPE_4_2_2_0_combined_id13,2.9604415893554688,3.755186080932617,76.96055555555557,0.61,4,2,92.43685185185184,0.995930790901184,23.918257,72.3335,0.2022,2.105594493724681
5KPE_4_2_2_0_combined_id14,9.18561840057373,10.097678184509277,78.61462962962962,0.64,4,2,92.43685185185184,0.995930790901184,23.918257,72.3335,0.2047,2.0824322170681424
5KPE_4_2_2_0_combined_id15,3.703794240951538,4.512437343597412,79.48027777777776,0.64,4,2,92.43685185185184,0.995930790901184,23.918257,72.3335,0.1993,2.0398210596155235
5KPE_4_2_2_0_combined_id16,1.7149670124053955,3.3163094520568848,91.26805555555558,0.79,4,2,92.43685185185184,0.995930790901184,23.918257,72.3335,0.1757,2.3128399319118924
5KPE_4_2_2_0_combined_id17,2.7243812084198,4.036359786987305,87.92750000000002,0.77,4,2,92.43685185185184,0.995930790901184,23.918257,72.3335,0.2145,2.100145551893446
5KPE_4_2_2_0_combined_id18,1.804310917854309,2.5341272354125977,86.75370370370368,0.72,4,2,92.43685185185184,0.995930790901184,23.918257,72.3335,0.2132,2.0852223149052374
5KPE_4_2_2_0_combined_id19,1.6600302457809448,2.974503517150879,89.89564814814814,0.77,4,2,92.43685185185184,0.995930790901184,23.918257,72.3335,0.2103,2.215840940122251
5KPE_4_2_2_0_combined_id2,1.4673373699188232,2.7813329696655273,89.00935185185183,0.73,4,2,92.43685185185184,0.995930790901184,23.918257,72.3335,0.2087,2.060007165979456
5KPE_4_2_2_0_combined_id20,1.7497060298919678,3.3542449474334717,88.89527777777776,0.78,4,2,92.43685185185184,0.995930790901184,23.918257,72.3335,0.2333,2.084904423466435
5KPE_4_2_2_0_combined_id21,2.3985769748687744,3.8260860443115234,80.25657407407407,0.62,4,2,92.43685185185184,0.995930790901184,23.918257,72.3335,0.1931,2.074976885760272
5KPE_4_2_2_0_combined_id23,1.4220521450042725,3.210148811340332,85.12351851851852,0.67,4,2,92.43685185185184,0.995930790901184,23.918257,72.3335,0.1961,2.133541813603154
5KPE_4_2_2_0_combined_id24,9.839926719665527,11.228405952453613,74.57333333333334,0.59,4,2,92.43685185185184,0.995930790901184,23.918257,72.3335,0.1875,1.9845946983054832
5KPE_4_2_2_0_combined_id3,1.2587876319885254,3.468336343765259,89.84157407407407,0.76,4,2,92.43685185185184,0.995930790901184,23.918257,72.3335,0.1835,2.142009593822338
5KPE_4_2_2_0_combined_id4,1.5014314651489258,2.9498918056488037,91.9972222222222,0.82,4,2,92.43685185185184,0.995930790901184,23.918257,72.3335,0.2082,2.125917505334925
5KPE_4_2_2_0_combined_id5,1.3256396055221558,3.344796895980835,92.5448148148148,0.81,4,2,92.43685185185184,0.995930790901184,23.918257,72.3335,0.2184,2.1323763529459634
5KPE_4_2_2_0_combined_id6,1.6265087127685547,2.9843125343322754,87.35546296296295,0.72,4,2,92.43685185185184,0.995930790901184,23.918257,72.3335,0.197,2.005461092348452
5KPE_4_2_2_0_combined_id7,9.71609115600586,10.526285171508789,76.28944444444444,0.65,4,2,92.43685185185184,0.995930790901184,23.918257,72.3335,0.2128,2.141877916124132
5KPE_4_2_2_0_combined_id8,11.087881088256836,11.404497146606445,85.5103703703704,0.71,4,2,92.43685185185184,0.995930790901184,23.918257,72.3335,0.2356,1.9811472009729456
5KPE_4_2_2_0_combined_id9,6.1537861824035645,6.475928783416748,70.50481481481481,0.59,4,2,92.43685185185184,0.995930790901184,23.918257,72.3335,0.1915,2.3144014146592884
5KPE_4_2_3_0_combined_id1,2.851790189743042,3.4551799297332764,87.74981481481481,0.75,4,2,90.33037037037036,0.8993563055992126,22.958597,76.55664,0.2058,2.231193259910301
5KPE_4_2_3_0_combined_id10,1.5180028676986694,3.3397293090820312,88.88472222222221,0.77,4,2,90.33037037037036,0.8993563055992126,22.958597,76.55664,0.2164,2.2259286951135704
5KPE_4_2_3_0_combined_id11,2.860657215118408,2.933452606201172,77.11592592592594,0.62,4,2,90.33037037037036,0.8993563055992126,22.958597,76.55664,0.2248,1.8229833532262727
5KPE_4_2_3_0_combined_id12,1.2292594909667969,2.9705519676208496,89.93472222222223,0.76,4,2,90.33037037037036,0.8993563055992126,22.958597,76.55664,0.2188,2.0265914069281683
5KPE_4_2_3_0_combined_id13,1.332746148109436,3.1222362518310547,83.85851851851851,0.67,4,2,90.33037037037036,0.8993563055992126,22.958597,76.55664,0.2327,2.045781312165437
5KPE_4_2_3_0_combined_id14,2.1899588108062744,2.809157133102417,81.70814814814814,0.7,4,2,90.33037037037036,0.8993563055992126,22.958597,76.55664,0.2231,2.083993982385706
5KPE_4_2_3_0_combined_id15,10.045960426330566,12.142230033874512,77.94648148148147,0.67,4,2,90.33037037037036,0.8993563055992126,22.958597,76.55664,0.2119,2.004972811098452
5KPE_4_2_3_0_combined_id16,2.4657609462738037,2.217493772506714,69.40305555555557,0.58,4,2,90.33037037037036,0.8993563055992126,22.958597,76.55664,0.2231,2.176924387613932
5KPE_4_2_3_0_combined_id17,1.8616278171539307,2.6001832485198975,81.13314814814814,0.67,4,2,90.33037037037036,0.8993563055992126,22.958597,76.55664,0.2163,2.174145875153718
5KPE_4_2_3_0_combined_id18,7.120185852050781,8.978768348693848,73.08092592592594,0.63,4,2,90.33037037037036,0.8993563055992126,22.958597,76.55664,0.2212,2.182860339129413
5KPE_4_2_3_0_combined_id19,5.784456729888916,7.835199356079102,70.12453703703703,0.57,4,2,90.33037037037036,0.8993563055992126,22.958597,76.55664,0.2179,2.001073484067564
5KPE_4_2_3_0_combined_id20,1.6337755918502808,2.6570489406585693,88.16638888888889,0.74,4,2,90.33037037037036,0.8993563055992126,22.958597,76.55664,0.2211,2.1724618982385704
5KPE_4_2_3_0_combined_id21,0.9339181780815125,3.2067253589630127,89.40481481481483,0.75,4,2,90.33037037037036,0.8993563055992126,22.958597,76.55664,0.21,2.1182358353226274
5KPE_4_2_3_0_combined_id22,8.672127723693848,9.160228729248047,72.81027777777778,0.61,4,2,90.33037037037036,0.8993563055992126,22.958597,76.55664,0.2208,2.1474927266438804
5KPE_4_2_3_0_combined_id23,9.972440719604492,10.388411521911621,75.5374074074074,0.59,4,2,90.33037037037036,0.8993563055992126,22.958597,76.55664,0.2205,2.145212950529876
5KPE_4_2_3_0_combined_id24,2.661512613296509,3.53177809715271,78.44675925925925,0.6,4,2,90.33037037037036,0.8993563055992126,22.958597,76.55664,0.2193,2.001359445077401
5KPE_4_2_3_0_combined_id3,9.439571380615234,10.295029640197754,81.96037037037038,0.69,4,2,90.33037037037036,0.8993563055992126,22.958597,76.55664,0.1947,2.05955081515842
5KPE_4_2_3_0_combined_id4,1.0918465852737427,3.1477088928222656,90.6196296296296,0.78,4,2,90.33037037037036,0.8993563055992126,22.958597,76.55664,0.2275,1.9562274791576244
5KPE_4_2_3_0_combined_id5,1.7688939571380615,3.6286489963531494,83.98814814814816,0.67,4,2,90.33037037037036,0.8993563055992126,22.958597,76.55664,0.2131,2.1964854487666376
5KPE_4_2_3_0_combined_id6,7.88922643661499,8.833878517150879,78.77203703703702,0.61,4,2,90.33037037037036,0.8993563055992126,22.958597,76.55664,0.2105,2.18772464328342
5KPE_4_2_3_0_combined_id7,1.6804237365722656,2.6520047187805176,82.08416666666666,0.62,4,2,90.33037037037036,0.8993563055992126,22.958597,76.55664,0.2216,2.077628524215133
5KPE_4_2_3_0_combined_id8,7.790651321411133,8.812165260314941,84.0375,0.67,4,2,90.33037037037036,0.8993563055992126,22.958597,76.55664,0.2148,2.0418333830656827
5KPE_4_2_3_0_combined_id9,2.067411184310913,2.882727861404419,74.63574074074074,0.58,4,2,90.33037037037036,0.8993563055992126,22.958597,76.55664,0.2,1.9648146452727144
5KPE_4_2_4_0_combined_id1,1.218155026435852,3.239495277404785,88.41138888888888,0.69,4,2,91.27796296296296,0.853456974029541,23.75658,73.17201,0.2029,2.161121368408203
5KPE_4_2_4_0_combined_id10,1.512363076210022,3.2526278495788574,85.11361111111111,0.72,4,2,91.27796296296296,0.853456974029541,23.75658,73.17201,0.1985,2.0938958062065973
5KPE_4_2_4_0_combined_id11,8.130308151245117,8.915450096130371,71.91898148148148,0.57,4,2,91.27796296296296,0.853456974029541,23.75658,73.17201,0.203,2.132290310329861
5KPE_4_2_4_0_combined_id12,1.2830126285552979,3.1532580852508545,88.64277777777778,0.76,4,2,91.27796296296296,0.853456974029541,23.75658,73.17201,0.1911,2.2334943700719765
5KPE_4_2_4_0_combined_id13,1.7667955160140991,3.163855791091919,86.99777777777778,0.73,4,2,91.27796296296296,0.853456974029541,23.75658,73.17201,0.1855,2.225569831000434
5KPE_4_2_4_0_combined_id14,2.0127172470092773,3.270669460296631,87.11981481481482,0.72,4,2,91.27796296296296,0.853456974029541,23.75658,73.17201,0.2017,2.064765930175781
5KPE_4_2_4_0_combined_id15,7.508873462677002,7.863883018493652,81.74962962962962,0.66,4,2,91.27796296296296,0.853456974029541,23.75658,73.17201,0.213,2.3915235731336804
5KPE_4_2_4_0_combined_id16,1.6046030521392822,3.3907511234283447,79.6187037037037,0.68,4,2,91.27796296296296,0.853456974029541,23.75658,73.17201,0.2065,2.131628813566985
5KPE_4_2_4_0_combined_id17,1.5748628377914429,2.247382164001465,83.51648148148149,0.67,4,2,91.27796296296296,0.853456974029541,23.75658,73.17201,0.1905,2.2352513913755065
5KPE_4_2_4_0_combined_id18,1.426845669746399,3.28944993019104,79.46564814814816,0.62,4,2,91.27796296296296,0.853456974029541,23.75658,73.17201,0.1918,2.2095043041087963
5KPE_4_2_4_0_combined_id19,3.0490124225616455,4.523867130279541,67.18416666666666,0.54,4,2,91.27796296296296,0.853456974029541,23.75658,73.17201,0.1798,2.2539030004430702
5KPE_4_2_4_0_combined_id2,1.8135318756103516,2.5772175788879395,86.47675925925927,0.71,4,2,91.27796296296296,0.853456974029541,23.75658,73.17201,0.1879,2.2073191890010126
5KPE_4_2_4_0_combined_id20,1.156043529510498,2.61246395111084,91.62953703703704,0.78,4,2,91.27796296296296,0.853456974029541,23.75658,73.17201,0.2112,2.204270256890191
5KPE_4_2_4_0_combined_id21,1.3454139232635498,2.9022467136383057,88.87175925925924,0.72,4,2,91.27796296296296,0.853456974029541,23.75658,73.17201,0.2089,2.252478422941985
5KPE_4_2_4_0_combined_id22,1.3416662216186523,3.239776134490967,86.05944444444445,0.74,4,2,91.27796296296296,0.853456974029541,23.75658,73.17201,0.2137,2.226512767650463
5KPE_4_2_4_0_combined_id23,3.55788516998291,3.51115083694458,68.9737037037037,0.58,4,2,91.27796296296296,0.853456974029541,23.75658,73.17201,0.2088,2.211950655336733
5KPE_4_2_4_0_combined_id24,8.188992500305176,8.862495422363281,73.18240740740741,0.59,4,2,91.27796296296296,0.853456974029541,23.75658,73.17201,0.2037,2.1033898812753185
5KPE_4_2_4_0_combined_id3,1.5028753280639648,2.689122438430786,86.38518518518516,0.73,4,2,91.27796296296296,0.853456974029541,23.75658,73.17201,0.2111,2.172053443060981
5KPE_4_2_4_0_combined_id4,1.5082228183746338,3.2445061206817627,85.37814814814816,0.76,4,2,91.27796296296296,0.853456974029541,23.75658,73.17201,0.2034,2.034407439055266
5KPE_4_2_4_0_combined_id5,2.3508715629577637,2.7448995113372803,83.68222222222222,0.7,4,2,91.27796296296296,0.853456974029541,23.75658,73.17201,0.1785,2.0323315373173467
5KPE_4_2_4_0_combined_id6,1.0915013551712036,3.599564790725708,88.65564814814813,0.73,4,2,91.27796296296296,0.853456974029541,23.75658,73.17201,0.2107,2.290042170771846
5KPE_4_2_4_0_combined_id7,2.173205614089966,2.289278745651245,87.63648148148147,0.73,4,2,91.27796296296296,0.853456974029541,23.75658,73.17201,0.2,2.0696439389829284
5KPE_4_2_4_0_combined_id8,9.469762802124023,10.667206764221191,70.71046296296296,0.61,4,2,91.27796296296296,0.853456974029541,23.75658,73.17201,0.1769,2.075985661259404
5KPE_4_2_4_0_combined_id9,11.461908340454102,10.978866577148438,73.02296296296296,0.55,4,2,91.27796296296296,0.853456974029541,23.75658,73.17201,0.1938,2.260434186017072
5KPE_4_2_5_0_combined_id1,1.5982849597930908,2.840679407119751,80.40537037037036,0.66,4,2,91.41675925925928,0.9436451196670532,22.13892,75.878555,0.2152,2.169672648111979
5KPE_4_2_5_0_combined_id10,8.54304313659668,10.679304122924805,73.53027777777778,0.62,4,2,91.41675925925928,0.9436451196670532,22.13892,75.878555,0.2255,2.185091513174552
5KPE_4_2_5_0_combined_id11,1.4846484661102295,2.6684141159057617,78.39629629629628,0.64,4,2,91.41675925925928,0.9436451196670532,22.13892,75.878555,0.208,2.117197672526041
5KPE_4_2_5_0_combined_id12,1.7782988548278809,3.184140920639038,82.00481481481482,0.68,4,2,91.41675925925928,0.9436451196670532,22.13892,75.878555,0.1894,2.1938064010054976
5KPE_4_2_5_0_combined_id13,1.7512636184692383,2.8127193450927734,86.89537037037036,0.72,4,2,91.41675925925928,0.9436451196670532,22.13892,75.878555,0.1836,2.2670824969256365
5KPE_4_2_5_0_combined_id14,1.4022352695465088,2.7715792655944824,78.37990740740742,0.63,4,2,91.41675925925928,0.9436451196670532,22.13892,75.878555,0.2262,2.186756275318287
5KPE_4_2_5_0_combined_id15,1.4090845584869385,3.2579257488250732,87.91120370370366,0.72,4,2,91.41675925925928,0.9436451196670532,22.13892,75.878555,0.1986,2.174564220287181
5KPE_4_2_5_0_combined_id16,1.5476325750350952,2.5765531063079834,83.76925925925927,0.66,4,2,91.41675925925928,0.9436451196670532,22.13892,75.878555,0.2211,2.160154413293909
5KPE_4_2_5_0_combined_id17,5.113943099975586,5.575352668762207,70.20620370370371,0.6,4,2,91.41675925925928,0.9436451196670532,22.13892,75.878555,0.2161,2.159027664749711
5KPE_4_2_5_0_combined_id18,1.6049216985702515,2.366403818130493,85.32555555555554,0.71,4,2,91.41675925925928,0.9436451196670532,22.13892,75.878555,0.1983,2.1174248589409723
5KPE_4_2_5_0_combined_id19,1.4740607738494873,3.3311212062835693,87.10083333333333,0.72,4,2,91.41675925925928,0.9436451196670532,22.13892,75.878555,0.2199,2.1645735281485097
5KPE_4_2_5_0_combined_id2,1.9318058490753174,1.593788981437683,78.96888888888887,0.66,4,2,91.41675925925928,0.9436451196670532,22.13892,75.878555,0.2057,2.106568513093172
5KPE_4_2_5_0_combined_id20,1.7587517499923706,1.6952338218688965,89.62009259259258,0.73,4,2,91.41675925925928,0.9436451196670532,22.13892,75.878555,0.2212,2.0464343318232783
5KPE_4_2_5_0_combined_id21,1.3514217138290405,2.9838950634002686,86.52703703703706,0.69,4,2,91.41675925925928,0.9436451196670532,22.13892,75.878555,0.2159,2.281138949924045
5KPE_4_2_5_0_combined_id22,9.650378227233887,11.098984718322754,69.9787962962963,0.55,4,2,91.41675925925928,0.9436451196670532,22.13892,75.878555,0.2064,2.3244558263708046
5KPE_4_2_5_0_combined_id23,1.491628646850586,2.932943344116211,83.89148148148148,0.69,4,2,91.41675925925928,0.9436451196670532,22.13892,75.878555,0.1981,2.10554532651548
5KPE_4_2_5_0_combined_id24,1.230897307395935,3.1233880519866943,88.3575925925926,0.74,4,2,91.41675925925928,0.9436451196670532,22.13892,75.878555,0.2094,2.1766025401927807
5KPE_4_2_5_0_combined_id3,9.190589904785156,9.815794944763184,75.80287037037037,0.65,4,2,91.41675925925928,0.9436451196670532,22.13892,75.878555,0.22,2.1072619402850115
5KPE_4_2_5_0_combined_id4,1.5530211925506592,2.870563268661499,87.12898148148146,0.73,4,2,91.41675925925928,0.9436451196670532,22.13892,75.878555,0.1927,2.155652364095052
5KPE_4_2_5_0_combined_id6,1.5630422830581665,3.0170538425445557,87.63851851851852,0.74,4,2,91.41675925925928,0.9436451196670532,22.13892,75.878555,0.2057,2.1908782676414207
5KPE_4_2_5_0_combined_id7,9.863970756530762,10.282456398010254,80.00157407407406,0.68,4,2,91.41675925925928,0.9436451196670532,22.13892,75.878555,0.2034,2.189119974772136
5KPE_4_2_5_0_combined_id8,1.9144866466522217,2.4981377124786377,88.00333333333332,0.77,4,2,91.41675925925928,0.9436451196670532,22.13892,75.878555,0.194,2.014154787416812
5KPE_4_2_5_0_combined_id9,11.162912368774414,13.297882080078125,79.82185185185187,0.67,4,2,91.41675925925928,0.9436451196670532,22.13892,75.878555,0.1968,2.3517179135923034
5KPE_4_2_6_0_combined_id1,1.5928359031677246,2.5199971199035645,85.58824074074074,0.71,4,2,94.1912962962963,0.8308594226837158,22.816462,75.94201,0.2088,2.083306630452474
5KPE_4_2_6_0_combined_id10,4.910288333892822,5.7818827629089355,88.25453703703704,0.73,4,2,94.1912962962963,0.8308594226837158,22.816462,75.94201,0.2117,2.1915144743742765
5KPE_4_2_6_0_combined_id11,1.2702175378799438,3.5764174461364746,79.36925925925925,0.63,4,2,94.1912962962963,0.8308594226837158,22.816462,75.94201,0.1962,2.004298174822772
5KPE_4_2_6_0_combined_id12,1.5302823781967163,2.7202155590057373,87.24018518518518,0.73,4,2,94.1912962962963,0.8308594226837158,22.816462,75.94201,0.202,1.927584754096137
5KPE_4_2_6_0_combined_id13,1.195229411125183,3.160031795501709,84.24296296296298,0.69,4,2,94.1912962962963,0.8308594226837158,22.816462,75.94201,0.2016,2.1814182422779225
5KPE_4_2_6_0_combined_id14,1.6109683513641357,2.595271110534668,85.31379629629629,0.67,4,2,94.1912962962963,0.8308594226837158,22.816462,75.94201,0.2055,1.976886890552662
5KPE_4_2_6_0_combined_id15,1.3009086847305298,3.5010628700256348,93.06361111111111,0.79,4,2,94.1912962962963,0.8308594226837158,22.816462,75.94201,0.2211,2.238193088107639
5KPE_4_2_6_0_combined_id16,1.1178237199783325,2.951904773712158,87.33666666666669,0.71,4,2,94.1912962962963,0.8308594226837158,22.816462,75.94201,0.209,2.045411427815756
5KPE_4_2_6_0_combined_id17,1.4204996824264526,2.9048643112182617,88.08083333333333,0.73,4,2,94.1912962962963,0.8308594226837158,22.816462,75.94201,0.2118,2.0349259553132235
5KPE_4_2_6_0_combined_id18,1.942710518836975,2.811474084854126,90.3696296296296,0.81,4,2,94.1912962962963,0.8308594226837158,22.816462,75.94201,0.2223,2.109289522524233
5KPE_4_2_6_0_combined_id19,1.2828476428985596,3.0497372150421143,84.48416666666668,0.67,4,2,94.1912962962963,0.8308594226837158,22.816462,75.94201,0.1887,2.152020772298177
5KPE_4_2_6_0_combined_id2,2.8933746814727783,3.18753719329834,84.26240740740742,0.75,4,2,94.1912962962963,0.8308594226837158,22.816462,75.94201,0.2118,2.1271548800998263
5KPE_4_2_6_0_combined_id20,1.8205205202102661,2.661597728729248,88.65592592592593,0.75,4,2,94.1912962962963,0.8308594226837158,22.816462,75.94201,0.1974,2.0092640629521124
5KPE_4_2_6_0_combined_id21,1.3104526996612549,3.3828980922698975,89.32620370370371,0.76,4,2,94.1912962962963,0.8308594226837158,22.816462,75.94201,0.1955,2.204055927417897
5KPE_4_2_6_0_combined_id22,1.62240731716156,3.0119922161102295,89.70018518518519,0.78,4,2,94.1912962962963,0.8308594226837158,22.816462,75.94201,0.2058,2.0937471742983216
5KPE_4_2_6_0_combined_id23,1.4594792127609253,2.9988365173339844,91.40824074074072,0.78,4,2,94.1912962962963,0.8308594226837158,22.816462,75.94201,0.2076,2.1444360238534435
5KPE_4_2_6_0_combined_id24,1.0826777219772339,3.0508954524993896,85.75907407407406,0.69,4,2,94.1912962962963,0.8308594226837158,22.816462,75.94201,0.1926,2.1465397587528936
5KPE_4_2_6_0_combined_id3,1.4985491037368774,2.9181408882141113,83.09583333333332,0.71,4,2,94.1912962962963,0.8308594226837158,22.816462,75.94201,0.1892,2.0710279676649304
5KPE_4_2_6_0_combined_id4,1.2413277626037598,3.300448179244995,88.15935185185187,0.71,4,2,94.1912962962963,0.8308594226837158,22.816462,75.94201,0.1972,2.147852579752604
5KPE_4_2_6_0_combined_id5,1.732161045074463,3.257469654083252,82.03222222222223,0.69,4,2,94.1912962962963,0.8308594226837158,22.816462,75.94201,0.2058,2.0860527886284723
5KPE_4_2_6_0_combined_id6,1.8052098751068115,3.0226476192474365,85.43435185185187,0.75,4,2,94.1912962962963,0.8308594226837158,22.816462,75.94201,0.1991,2.017302336516204
5KPE_4_2_6_0_combined_id8,1.5509395599365234,3.0653529167175293,86.51972222222221,0.75,4,2,94.1912962962963,0.8308594226837158,22.816462,75.94201,0.2068,1.9915993301956745
5KPE_4_2_6_0_combined_id9,1.4619441032409668,3.074687957763672,85.85324074074073,0.7,4,2,94.1912962962963,0.8308594226837158,22.816462,75.94201,0.2027,1.8945912961606624
5KPE_4_2_7_0_combined_id1,1.8040869235992432,3.0727438926696777,80.95129629629629,0.67,4,2,92.38648148148148,0.7936801314353943,23.223745,73.821815,0.1934,2.1751782452618635
5KPE_4_2_7_0_combined_id10,1.6925554275512695,3.4868979454040527,93.03175925925926,0.84,4,2,92.38648148148148,0.7936801314353943,23.223745,73.821815,0.2215,2.1572306597674333
5KPE_4_2_7_0_combined_id11,1.658998966217041,2.785679340362549,85.3875925925926,0.69,4,2,92.38648148148148,0.7936801314353943,23.223745,73.821815,0.2044,2.0780017994068287
5KPE_4_2_7_0_combined_id13,1.9342598915100098,3.2052173614501953,81.00231481481481,0.69,4,2,92.38648148148148,0.7936801314353943,23.223745,73.821815,0.1988,2.0438404789677374
5KPE_4_2_7_0_combined_id14,1.7498033046722412,3.589522123336792,80.15194444444444,0.69,4,2,92.38648148148148,0.7936801314353943,23.223745,73.821815,0.2187,2.096137717918113
5KPE_4_2_7_0_combined_id15,2.6287026405334473,2.8290364742279053,79.75046296296296,0.66,4,2,92.38648148148148,0.7936801314353943,23.223745,73.821815,0.2092,2.093835053620515
5KPE_4_2_7_0_combined_id16,1.9017091989517212,2.992560625076294,85.13074074074075,0.72,4,2,92.38648148148148,0.7936801314353943,23.223745,73.821815,0.2124,2.07808996129919
5KPE_4_2_7_0_combined_id17,1.201427936553955,3.340069055557251,90.765462962963,0.78,4,2,92.38648148148148,0.7936801314353943,23.223745,73.821815,0.2304,2.1459658587420427
5KPE_4_2_7_0_combined_id18,1.070137619972229,3.5192267894744873,87.73944444444443,0.75,4,2,92.38648148148148,0.7936801314353943,23.223745,73.821815,0.1953,2.225108676486545
5KPE_4_2_7_0_combined_id19,1.2653837203979492,3.415696382522583,84.3712037037037,0.68,4,2,92.38648148148148,0.7936801314353943,23.223745,73.821815,0.2014,2.31843595151548
5KPE_4_2_7_0_combined_id2,1.9417272806167603,3.894278049468994,81.75712962962965,0.69,4,2,92.38648148148148,0.7936801314353943,23.223745,73.821815,0.2157,2.0462318702980324
5KPE_4_2_7_0_combined_id21,1.6343717575073242,3.4488697052001953,83.46388888888887,0.65,4,2,92.38648148148148,0.7936801314353943,23.223745,73.821815,0.2034,2.109452848081236
5KPE_4_2_7_0_combined_id23,9.750175476074219,10.032723426818848,76.31907407407407,0.57,4,2,92.38648148148148,0.7936801314353943,23.223745,73.821815,0.2157,2.094334920247396
5KPE_4_2_7_0_combined_id24,1.5515323877334595,2.6496989727020264,89.27379629629628,0.78,4,2,92.38648148148148,0.7936801314353943,23.223745,73.821815,0.2004,2.055263943142361
5KPE_4_2_7_0_combined_id3,2.1534910202026367,2.843052864074707,82.6836111111111,0.66,4,2,92.38648148148148,0.7936801314353943,23.223745,73.821815,0.1954,1.8336848506221064
5KPE_4_2_7_0_combined_id4,2.6883962154388428,3.9255194664001465,80.21685185185186,0.66,4,2,92.38648148148148,0.7936801314353943,23.223745,73.821815,0.1822,2.139422522650825
5KPE_4_2_7_0_combined_id5,3.5120673179626465,3.3700926303863525,66.65953703703704,0.54,4,2,92.38648148148148,0.7936801314353943,23.223745,73.821815,0.2026,2.123730836091218
5KPE_4_2_7_0_combined_id6,9.92421817779541,10.422536849975586,68.90166666666667,0.57,4,2,92.38648148148148,0.7936801314353943,23.223745,73.821815,0.2407,2.103726139775029
5KPE_4_2_7_0_combined_id7,2.2761478424072266,2.762010097503662,84.07898148148149,0.7,4,2,92.38648148148148,0.7936801314353943,23.223745,73.821815,0.1998,2.118919089988426
5KPE_4_2_7_0_combined_id8,1.6874241828918457,3.4259707927703857,87.50148148148148,0.76,4,2,92.38648148148148,0.7936801314353943,23.223745,73.821815,0.1999,2.156841701931424
5KPE_4_2_7_0_combined_id9,1.1929742097854614,3.2339468002319336,85.17722222222223,0.71,4,2,92.38648148148148,0.7936801314353943,23.223745,73.821815,0.2298,2.137226952446832
5KPE_4_2_8_0_combined_id1,1.428819179534912,3.5834739208221436,87.40796296296296,0.75,4,2,89.31203703703704,0.9233736395835876,22.30026,72.42137,0.2028,2.198105988679109
5KPE_4_2_8_0_combined_id10,1.8226951360702515,3.39599609375,91.58944444444444,0.81,4,2,89.31203703703704,0.9233736395835876,22.30026,72.42137,0.2081,2.1880772908528647
5KPE_4_2_8_0_combined_id11,1.2677171230316162,3.273956537246704,84.06287037037038,0.68,4,2,89.31203703703704,0.9233736395835876,22.30026,72.42137,0.2125,2.245931554723669
5KPE_4_2_8_0_combined_id12,1.4136202335357666,3.3709962368011475,89.66657407407409,0.79,4,2,89.31203703703704,0.9233736395835876,22.30026,72.42137,0.204,2.220052224618417
5KPE_4_2_8_0_combined_id13,1.7990487813949585,3.398085355758667,88.70916666666666,0.77,4,2,89.31203703703704,0.9233736395835876,22.30026,72.42137,0.2195,2.200709166350188
5KPE_4_2_8_0_combined_id14,2.468276262283325,2.042027235031128,80.51287037037036,0.64,4,2,89.31203703703704,0.9233736395835876,22.30026,72.42137,0.1926,2.08638424343533
5KPE_4_2_8_0_combined_id15,9.502796173095703,10.456328392028809,81.51083333333334,0.67,4,2,89.31203703703704,0.9233736395835876,22.30026,72.42137,0.1933,1.9825268498173467
5KPE_4_2_8_0_combined_id16,1.2788090705871582,3.2646915912628174,86.63527777777774,0.74,4,2,89.31203703703704,0.9233736395835876,22.30026,72.42137,0.1843,2.165498239022714
5KPE_4_2_8_0_combined_id17,1.6445119380950928,3.5407943725585938,83.7022222222222,0.68,4,2,89.31203703703704,0.9233736395835876,22.30026,72.42137,0.2102,2.1025670369466147
5KPE_4_2_8_0_combined_id18,2.021833658218384,2.985351800918579,81.28240740740742,0.62,4,2,89.31203703703704,0.9233736395835876,22.30026,72.42137,0.2173,2.160370296902127
5KPE_4_2_8_0_combined_id19,2.968369722366333,2.844172477722168,67.9773148148148,0.54,4,2,89.31203703703704,0.9233736395835876,22.30026,72.42137,0.2013,2.182057981137876
5KPE_4_2_8_0_combined_id2,10.727677345275879,12.346185684204102,64.73074074074076,0.5,4,2,89.31203703703704,0.9233736395835876,22.30026,72.42137,0.1899,2.185130931712963
5KPE_4_2_8_0_combined_id20,9.698653221130371,10.492385864257812,77.8413888888889,0.67,4,2,89.31203703703704,0.9233736395835876,22.30026,72.42137,0.188,2.2179508915653936
5KPE_4_2_8_0_combined_id21,1.4470425844192505,3.308286666870117,91.34259259259258,0.79,4,2,89.31203703703704,0.9233736395835876,22.30026,72.42137,0.2222,2.1654730902777777
5KPE_4_2_8_0_combined_id22,1.920827031135559,3.71317458152771,86.22444444444444,0.76,4,2,89.31203703703704,0.9233736395835876,22.30026,72.42137,0.214,2.1769140738028065
5KPE_4_2_8_0_combined_id23,2.067791700363159,3.940487861633301,84.77037037037036,0.74,4,2,89.31203703703704,0.9233736395835876,22.30026,72.42137,0.2113,2.1814501727068865
5KPE_4_2_8_0_combined_id24,1.5722730159759521,3.1616790294647217,84.69453703703704,0.7,4,2,89.31203703703704,0.9233736395835876,22.30026,72.42137,0.199,2.1678890652126737
5KPE_4_2_8_0_combined_id3,1.5123153924942017,2.930330753326416,89.50092592592591,0.76,4,2,89.31203703703704,0.9233736395835876,22.30026,72.42137,0.2057,2.188036742033782
5KPE_4_2_8_0_combined_id4,7.4334869384765625,7.714130401611328,71.88472222222221,0.59,4,2,89.31203703703704,0.9233736395835876,22.30026,72.42137,0.2168,2.2456950434932
5KPE_4_2_8_0_combined_id5,1.535278558731079,3.3303062915802,85.94074074074072,0.74,4,2,89.31203703703704,0.9233736395835876,22.30026,72.42137,0.2114,2.1060107195818865
5KPE_4_2_8_0_combined_id6,1.6383488178253174,3.138536214828491,89.98740740740742,0.75,4,2,89.31203703703704,0.9233736395835876,22.30026,72.42137,0.2267,2.0913619995117188
5KPE_4_2_8_0_combined_id7,1.5187925100326538,2.8762624263763428,80.71685185185186,0.68,4,2,89.31203703703704,0.9233736395835876,22.30026,72.42137,0.2167,2.1837946573893228
5KPE_4_2_8_0_combined_id8,1.4732359647750854,3.084594488143921,87.98648148148148,0.72,4,2,89.31203703703704,0.9233736395835876,22.30026,72.42137,0.2001,2.1537927698206016
5KPE_4_2_9_0_combined_id10,8.640159606933594,9.258097648620605,75.24898148148148,0.64,4,2,89.30731481481482,0.8800322413444519,22.665897,78.32758,0.192,2.196180131700304
5KPE_4_2_9_0_combined_id12,1.5989131927490234,2.6334846019744873,92.49333333333333,0.82,4,2,89.30731481481482,0.8800322413444519,22.665897,78.32758,0.2016,2.15229316993996
5KPE_4_2_9_0_combined_id13,1.4930628538131714,2.8588685989379883,85.08703703703705,0.71,4,2,89.30731481481482,0.8800322413444519,22.665897,78.32758,0.2023,2.0891556916413485
5KPE_4_2_9_0_combined_id14,1.405861496925354,2.5797922611236572,86.76500000000003,0.73,4,2,89.30731481481482,0.8800322413444519,22.665897,78.32758,0.2281,2.257614700882524
5KPE_4_2_9_0_combined_id16,1.4750237464904785,2.795305013656616,87.82981481481482,0.76,4,2,89.30731481481482,0.8800322413444519,22.665897,78.32758,0.209,2.2514271206325955
5KPE_4_2_9_0_combined_id17,9.636029243469238,9.937568664550781,88.54222222222222,0.78,4,2,89.30731481481482,0.8800322413444519,22.665897,78.32758,0.1933,2.1803371288158275
5KPE_4_2_9_0_combined_id19,1.4802064895629883,3.199620485305786,92.14092592592591,0.83,4,2,89.30731481481482,0.8800322413444519,22.665897,78.32758,0.218,2.1230330290617765
5KPE_4_2_9_0_combined_id2,2.5095417499542236,3.8250153064727783,78.06592592592591,0.64,4,2,89.30731481481482,0.8800322413444519,22.665897,78.32758,0.2172,2.0994980423538774
5KPE_4_2_9_0_combined_id20,1.4681892395019531,3.2596311569213867,90.4612962962963,0.77,4,2,89.30731481481482,0.8800322413444519,22.665897,78.32758,0.2122,2.1558812459309897
5KPE_4_2_9_0_combined_id21,1.637697458267212,3.2069389820098877,86.16509259259259,0.74,4,2,89.30731481481482,0.8800322413444519,22.665897,78.32758,0.2009,2.2473227889449507
5KPE_4_2_9_0_combined_id22,1.344793438911438,2.949864149093628,82.97962962962963,0.73,4,2,89.30731481481482,0.8800322413444519,22.665897,78.32758,0.2283,2.20030438458478
5KPE_4_2_9_0_combined_id23,9.306663513183594,9.976936340332031,83.31166666666665,0.69,4,2,89.30731481481482,0.8800322413444519,22.665897,78.32758,0.2146,2.0308349044234664
5KPE_4_2_9_0_combined_id24,1.5036190748214722,3.356994152069092,92.07305555555553,0.81,4,2,89.30731481481482,0.8800322413444519,22.665897,78.32758,0.2194,2.277674639666522
5KPE_4_2_9_0_combined_id3,2.842817783355713,3.039274215698242,85.4962962962963,0.76,4,2,89.30731481481482,0.8800322413444519,22.665897,78.32758,0.2026,2.139429728190104
5KPE_4_2_9_0_combined_id4,1.874880075454712,2.430096387863159,82.71287037037038,0.71,4,2,89.30731481481482,0.8800322413444519,22.665897,78.32758,0.2036,2.2389808937355324
5KPE_4_2_9_0_combined_id5,9.601784706115723,10.295394897460938,75.64537037037037,0.59,4,2,89.30731481481482,0.8800322413444519,22.665897,78.32758,0.2095,2.1361071268717446
5KPE_4_2_9_0_combined_id6,3.7703280448913574,4.60707950592041,76.05657407407408,0.64,4,2,89.30731481481482,0.8800322413444519,22.665897,78.32758,0.2083,2.1492272836190685
5KPE_4_2_9_0_combined_id8,10.160018920898438,12.024870872497559,81.50703703703704,0.73,4,2,89.30731481481482,0.8800322413444519,22.665897,78.32758,0.223,2.197961595323351
5KPE_4_2_9_0_combined_id9,9.474482536315918,10.413818359375,84.87185185185184,0.76,4,2,89.30731481481482,0.8800322413444519,22.665897,78.32758,0.2026,2.1337930184823497
5KPE_4_4_0_0_combined_id1,1.3361502885818481,3.283954381942749,86.74814814814815,0.7,4,4,93.56675925925924,0.6916466355323792,22.651373,74.04665,0.2062,2.220597019901982
5KPE_4_4_0_0_combined_id10,8.098406791687012,8.864782333374023,73.3613888888889,0.56,4,4,93.56675925925924,0.6916466355323792,22.651373,74.04665,0.2142,2.1622180232295283
5KPE_4_4_0_0_combined_id11,3.734253168106079,4.990408420562744,69.27453703703704,0.53,4,4,93.56675925925924,0.6916466355323792,22.651373,74.04665,0.2085,2.3319582056116173
5KPE_4_4_0_0_combined_id12,1.5904977321624756,3.4790029525756836,88.98342592592593,0.75,4,4,93.56675925925924,0.6916466355323792,22.651373,74.04665,0.19,2.324296315511068
5KPE_4_4_0_0_combined_id13,1.864070177078247,3.2676022052764893,83.7450925925926,0.75,4,4,93.56675925925924,0.6916466355323792,22.651373,74.04665,0.205,2.211072851110388
5KPE_4_4_0_0_combined_id14,1.0046155452728271,3.1897382736206055,88.18379629629628,0.73,4,4,93.56675925925924,0.6916466355323792,22.651373,74.04665,0.1991,2.209127496790003
5KPE_4_4_0_0_combined_id15,1.6691914796829224,3.6190738677978516,86.88981481481481,0.74,4,4,93.56675925925924,0.6916466355323792,22.651373,74.04665,0.2136,2.169931482385706
5KPE_4_4_0_0_combined_id16,1.7349830865859985,3.222750425338745,93.26657407407409,0.83,4,4,93.56675925925924,0.6916466355323792,22.651373,74.04665,0.2229,2.1415303548177085
5KPE_4_4_0_0_combined_id17,10.321741104125977,12.226755142211914,80.64972222222222,0.71,4,4,93.56675925925924,0.6916466355323792,22.651373,74.04665,0.2058,2.311188591851129
5KPE_4_4_0_0_combined_id19,1.26058828830719,3.0766026973724365,88.39194444444446,0.75,4,4,93.56675925925924,0.6916466355323792,22.651373,74.04665,0.2133,2.1915144743742765
5KPE_4_4_0_0_combined_id2,1.870189905166626,2.9005167484283447,86.1550925925926,0.76,4,4,93.56675925925924,0.6916466355323792,22.651373,74.04665,0.1805,2.2878827695493347
5KPE_4_4_0_0_combined_id20,1.8159254789352417,2.789700984954834,90.74907407407406,0.81,4,4,93.56675925925924,0.6916466355323792,22.651373,74.04665,0.1792,2.222875807020399
5KPE_4_4_0_0_combined_id21,3.485600233078003,2.3502068519592285,81.74592592592592,0.7,4,4,93.56675925925924,0.6916466355323792,22.651373,74.04665,0.1855,2.064586215549045
5KPE_4_4_0_0_combined_id22,1.0649865865707397,3.2008917331695557,89.25166666666665,0.76,4,4,93.56675925925924,0.6916466355323792,22.651373,74.04665,0.2038,2.538373028790509
5KPE_4_4_0_0_combined_id23,1.8439311981201172,3.320859909057617,83.59305555555557,0.71,4,4,93.56675925925924,0.6916466355323792,22.651373,74.04665,0.202,2.1166504753960504
5KPE_4_4_0_0_combined_id24,0.8860476016998291,3.5008580684661865,91.23925925925926,0.77,4,4,93.56675925925924,0.6916466355323792,22.651373,74.04665,0.2038,2.32378896077474
5KPE_4_4_0_0_combined_id3,1.2614394426345825,3.263676881790161,88.13935185185186,0.72,4,4,93.56675925925924,0.6916466355323792,22.651373,74.04665,0.1933,2.319224887424045
5KPE_4_4_0_0_combined_id5,9.08379077911377,9.30514144897461,71.94500000000001,0.62,4,4,93.56675925925924,0.6916466355323792,22.651373,74.04665,0.2279,2.16277171947338
5KPE_4_4_0_0_combined_id6,1.6197516918182373,3.3510892391204834,92.81972222222224,0.84,4,4,93.56675925925924,0.6916466355323792,22.651373,74.04665,0.2113,2.1494581434461804
5KPE_4_4_0_0_combined_id7,1.8416919708251953,2.7626800537109375,77.97361111111111,0.64,4,4,93.56675925925924,0.6916466355323792,22.651373,74.04665,0.2027,2.1496381406430847
5KPE_4_4_0_0_combined_id8,1.9426555633544922,2.949298143386841,89.77425925925927,0.77,4,4,93.56675925925924,0.6916466355323792,22.651373,74.04665,0.1944,2.1333219740125866
5KPE_4_4_0_0_combined_id9,1.8980658054351807,3.084653377532959,93.05222222222224,0.82,4,4,93.56675925925924,0.6916466355323792,22.651373,74.04665,0.1902,2.080703170211226
5KPE_4_4_1_0_combined_id1,1.26549232006073,3.2346389293670654,88.36500000000002,0.75,4,4,91.6590740740741,0.7528417110443115,22.455484,72.637024,0.2125,2.2308618051034435
5KPE_4_4_1_0_combined_id10,1.7277501821517944,3.2474911212921143,89.10083333333333,0.75,4,4,91.6590740740741,0.7528417110443115,22.455484,72.637024,0.189,2.024926503499349
5KPE_4_4_1_0_combined_id11,8.114112854003906,10.276219367980957,72.49657407407409,0.56,4,4,91.6590740740741,0.7528417110443115,22.455484,72.637024,0.2095,2.1094705087167247
5KPE_4_4_1_0_combined_id12,1.2547413110733032,2.8277602195739746,89.45722222222221,0.78,4,4,91.6590740740741,0.7528417110443115,22.455484,72.637024,0.2095,1.9994082980685763
5KPE_4_4_1_0_combined_id13,1.529708981513977,3.09116268157959,90.55888888888887,0.78,4,4,91.6590740740741,0.7528417110443115,22.455484,72.637024,0.2187,2.0284011275679976
5KPE_4_4_1_0_combined_id14,1.0492496490478516,2.678037643432617,86.95277777777777,0.74,4,4,91.6590740740741,0.7528417110443115,22.455484,72.637024,0.2148,2.171551739728009
5KPE_4_4_1_0_combined_id15,2.3444888591766357,2.6130552291870117,79.85944444444446,0.67,4,4,91.6590740740741,0.7528417110443115,22.455484,72.637024,0.1952,2.057411193847656
5KPE_4_4_1_0_combined_id16,1.5636836290359497,3.834035873413086,89.6912962962963,0.79,4,4,91.6590740740741,0.7528417110443115,22.455484,72.637024,0.1992,2.0748333401150174
5KPE_4_4_1_0_combined_id17,6.855100631713867,7.708999156951904,73.75462962962962,0.59,4,4,91.6590740740741,0.7528417110443115,22.455484,72.637024,0.1934,1.964683250144676
5KPE_4_4_1_0_combined_id18,1.693865418434143,3.05793833732605,83.81629629629631,0.71,4,4,91.6590740740741,0.7528417110443115,22.455484,72.637024,0.2162,2.093019556116175
5KPE_4_4_1_0_combined_id19,1.0824750661849976,3.321241855621338,87.81435185185184,0.71,4,4,91.6590740740741,0.7528417110443115,22.455484,72.637024,0.2321,2.036341349283854
5KPE_4_4_1_0_combined_id2,1.216968297958374,3.4317727088928223,90.84685185185188,0.78,4,4,91.6590740740741,0.7528417110443115,22.455484,72.637024,0.2368,2.119203355577257
5KPE_4_4_1_0_combined_id20,1.8347249031066895,4.101885795593262,73.19814814814814,0.66,4,4,91.6590740740741,0.7528417110443115,22.455484,72.637024,0.1861,2.10545575177228
5KPE_4_4_1_0_combined_id21,1.428737759590149,3.0801100730895996,81.70481481481482,0.66,4,4,91.6590740740741,0.7528417110443115,22.455484,72.637024,0.2185,2.123664997242116
5KPE_4_4_1_0_combined_id22,1.0883169174194336,3.074857473373413,86.45092592592592,0.72,4,4,91.6590740740741,0.7528417110443115,22.455484,72.637024,0.2327,2.1591163917824074
5KPE_4_4_1_0_combined_id23,1.3697806596755981,3.358750104904175,79.90185185185184,0.67,4,4,91.6590740740741,0.7528417110443115,22.455484,72.637024,0.2037,2.275998716001157
5KPE_4_4_1_0_combined_id24,9.284618377685547,10.00351333618164,72.06731481481482,0.61,4,4,91.6590740740741,0.7528417110443115,22.455484,72.637024,0.225,2.146998935275608
5KPE_4_4_1_0_combined_id3,1.4401416778564453,2.790229320526123,89.06851851851852,0.78,4,4,91.6590740740741,0.7528417110443115,22.455484,72.637024,0.225,2.0345365736219616
5KPE_4_4_1_0_combined_id4,1.0230168104171753,3.270679235458374,90.95657407407406,0.76,4,4,91.6590740740741,0.7528417110443115,22.455484,72.637024,0.1985,2.0845523410373263
5KPE_4_4_1_0_combined_id5,1.1152410507202148,2.8327832221984863,89.93750000000003,0.78,4,4,91.6590740740741,0.7528417110443115,22.455484,72.637024,0.2059,2.2035771122685186
5KPE_4_4_1_0_combined_id6,1.8809571266174316,2.1174683570861816,82.15194444444442,0.64,4,4,91.6590740740741,0.7528417110443115,22.455484,72.637024,0.1997,2.0681174949363426
5KPE_4_4_1_0_combined_id7,0.9692233204841614,3.503753185272217,91.55999999999996,0.81,4,4,91.6590740740741,0.7528417110443115,22.455484,72.637024,0.2011,2.279006675437645
5KPE_4_4_1_0_combined_id8,1.2183125019073486,3.478736162185669,80.87666666666667,0.59,4,4,91.6590740740741,0.7528417110443115,22.455484,72.637024,0.1988,2.080650329589844
5KPE_4_4_1_0_combined_id9,1.5849158763885498,3.0479843616485596,86.31314814814816,0.69,4,4,91.6590740740741,0.7528417110443115,22.455484,72.637024,0.2007,1.9402861418547448
5KPE_4_4_2_0_combined_id1,1.3929979801177979,3.1313741207122803,92.0476851851852,0.83,4,4,90.98,0.6925307512283325,22.836504,71.83987,0.2098,2.220736750849971
5KPE_4_4_2_0_combined_id10,1.9874457120895386,3.204179286956787,88.47953703703705,0.75,4,4,90.98,0.6925307512283325,22.836504,71.83987,0.1883,2.1182549088089555
5KPE_4_4_2_0_combined_id11,1.490704894065857,3.2112739086151123,86.35953703703701,0.74,4,4,90.98,0.6925307512283325,22.836504,71.83987,0.1925,2.282264992042824
5KPE_4_4_2_0_combined_id12,9.383871078491211,9.990803718566895,73.89361111111111,0.59,4,4,90.98,0.6925307512283325,22.836504,71.83987,0.1772,2.0747768260814525
5KPE_4_4_2_0_combined_id13,1.2032971382141113,3.0894408226013184,84.1249074074074,0.71,4,4,90.98,0.6925307512283325,22.836504,71.83987,0.2124,2.148127237955729
5KPE_4_4_2_0_combined_id14,1.3839161396026611,3.4084911346435547,90.66268518518518,0.79,4,4,90.98,0.6925307512283325,22.836504,71.83987,0.1947,2.087651570638021
5KPE_4_4_2_0_combined_id15,1.139845371246338,3.351370096206665,85.65675925925927,0.71,4,4,90.98,0.6925307512283325,22.836504,71.83987,0.2034,2.225486472800926
5KPE_4_4_2_0_combined_id16,1.0189131498336792,3.415576696395874,89.57814814814816,0.76,4,4,90.98,0.6925307512283325,22.836504,71.83987,0.1879,2.2689430801956743
5KPE_4_4_2_0_combined_id17,9.736413955688477,10.43187427520752,78.65361111111112,0.64,4,4,90.98,0.6925307512283325,22.836504,71.83987,0.1934,2.35396561799226
5KPE_4_4_2_0_combined_id18,1.653386116027832,2.937718391418457,83.96537037037037,0.71,4,4,90.98,0.6925307512283325,22.836504,71.83987,0.2113,2.25102205629702
5KPE_4_4_2_0_combined_id19,1.150697112083435,3.3911633491516113,89.63481481481479,0.75,4,4,90.98,0.6925307512283325,22.836504,71.83987,0.1769,2.274441047951027
5KPE_4_4_2_0_combined_id2,1.3483561277389526,3.304450750350952,85.63814814814813,0.71,4,4,90.98,0.6925307512283325,22.836504,71.83987,0.1758,2.290702537254051
5KPE_4_4_2_0_combined_id20,10.648882865905762,12.022333145141602,71.02546296296296,0.62,4,4,90.98,0.6925307512283325,22.836504,71.83987,0.2022,2.24844628793222
5KPE_4_4_2_0_combined_id21,1.8724710941314697,3.4321775436401367,88.9222222222222,0.77,4,4,90.98,0.6925307512283325,22.836504,71.83987,0.1859,2.3541817841706454
5KPE_4_4_2_0_combined_id22,8.978386878967285,11.198577880859375,71.91712962962963,0.58,4,4,90.98,0.6925307512283325,22.836504,71.83987,0.2041,2.1276188603153936
5KPE_4_4_2_0_combined_id23,10.148780822753906,10.615102767944336,77.91481481481482,0.67,4,4,90.98,0.6925307512283325,22.836504,71.83987,0.1866,2.26869879828559
5KPE_4_4_2_0_combined_id24,1.43277108669281,3.134681224822998,82.67462962962965,0.67,4,4,90.98,0.6925307512283325,22.836504,71.83987,0.1873,2.121720066776982
5KPE_4_4_2_0_combined_id3,2.1382505893707275,2.5011308193206787,88.66231481481482,0.79,4,4,90.98,0.6925307512283325,22.836504,71.83987,0.2267,2.24637759173358
5KPE_4_4_2_0_combined_id4,1.664724588394165,1.592828631401062,86.0123148148148,0.76,4,4,90.98,0.6925307512283325,22.836504,71.83987,0.1909,2.3023459823043257
5KPE_4_4_2_0_combined_id5,10.057137489318848,12.10512924194336,75.69407407407408,0.66,4,4,90.98,0.6925307512283325,22.836504,71.83987,0.2029,2.143050299750434
5KPE_4_4_2_0_combined_id6,3.661184310913086,3.822648525238037,69.0139814814815,0.57,4,4,90.98,0.6925307512283325,22.836504,71.83987,0.1904,2.143001980251736
5KPE_4_4_2_0_combined_id7,1.3202688694000244,3.113856077194214,86.7210185185185,0.75,4,4,90.98,0.6925307512283325,22.836504,71.83987,0.2003,2.221964376944083
5KPE_4_4_2_0_combined_id8,2.0920324325561523,2.398233413696289,85.41333333333334,0.74,4,4,90.98,0.6925307512283325,22.836504,71.83987,0.2158,2.151117395471644
5KPE_4_4_2_0_combined_id9,7.260101795196533,7.971374034881592,65.57398148148148,0.51,4,4,90.98,0.6925307512283325,22.836504,71.83987,0.2109,2.171761406792535
5KPE_4_4_4_0_combined_id1,1.3052881956100464,3.1190292835235596,90.4125925925926,0.75,4,4,93.84972222222224,0.5574327707290649,23.408518,72.53655,0.1985,1.96760333025897
5KPE_4_4_4_0_combined_id10,1.3632184267044067,3.1976025104522705,90.39527777777776,0.78,4,4,93.84972222222224,0.5574327707290649,23.408518,72.53655,0.2215,2.184313456217448
5KPE_4_4_4_0_combined_id11,1.5905988216400146,3.1834850311279297,86.52000000000001,0.73,4,4,93.84972222222224,0.5574327707290649,23.408518,72.53655,0.2019,2.1634867632830583
5KPE_4_4_4_0_combined_id12,1.0083489418029785,3.4245030879974365,84.35074074074073,0.67,4,4,93.84972222222224,0.5574327707290649,23.408518,72.53655,0.1976,2.236199838143808
5KPE_4_4_4_0_combined_id13,1.7034268379211426,3.0899550914764404,91.56305555555556,0.8,4,4,93.84972222222224,0.5574327707290649,23.408518,72.53655,0.2037,2.1054095515498408
5KPE_4_4_4_0_combined_id14,1.7592382431030273,2.900031805038452,85.9737037037037,0.73,4,4,93.84972222222224,0.5574327707290649,23.408518,72.53655,0.2204,2.0814921061197915
5KPE_4_4_4_0_combined_id15,1.3349722623825073,3.1803536415100098,90.41296296296296,0.78,4,4,93.84972222222224,0.5574327707290649,23.408518,72.53655,0.2195,2.031346921567564
5KPE_4_4_4_0_combined_id16,1.9336079359054565,2.8010056018829346,81.88564814814812,0.69,4,4,93.84972222222224,0.5574327707290649,23.408518,72.53655,0.2068,2.0632540384928384
5KPE_4_4_4_0_combined_id17,1.5228668451309204,3.3752758502960205,86.03129629629629,0.73,4,4,93.84972222222224,0.5574327707290649,23.408518,72.53655,0.2039,2.114838635479962
5KPE_4_4_4_0_combined_id18,1.2145566940307617,2.8985440731048584,89.20462962962964,0.73,4,4,93.84972222222224,0.5574327707290649,23.408518,72.53655,0.2003,2.12981923421224
5KPE_4_4_4_0_combined_id19,1.4990496635437012,2.3943588733673096,86.67398148148149,0.76,4,4,93.84972222222224,0.5574327707290649,23.408518,72.53655,0.2355,2.0592772872359664
5KPE_4_4_4_0_combined_id2,1.363606333732605,2.969966173171997,90.04518518518519,0.77,4,4,93.84972222222224,0.5574327707290649,23.408518,72.53655,0.2047,2.0992007785373263
5KPE_4_4_4_0_combined_id20,2.9788548946380615,2.848738193511963,71.73324074074074,0.62,4,4,93.84972222222224,0.5574327707290649,23.408518,72.53655,0.2239,2.112463915789569
5KPE_4_4_4_0_combined_id21,1.2019082307815552,3.327787399291992,88.98916666666666,0.76,4,4,93.84972222222224,0.5574327707290649,23.408518,72.53655,0.2269,2.1882044474283853
5KPE_4_4_4_0_combined_id22,7.703322887420654,8.353896141052246,70.49675925925925,0.55,4,4,93.84972222222224,0.5574327707290649,23.408518,72.53655,0.21,2.149271364565249
5KPE_4_4_4_0_combined_id23,1.5223867893218994,2.944554567337036,89.67296296296297,0.78,4,4,93.84972222222224,0.5574327707290649,23.408518,72.53655,0.2044,2.1667825204354747
5KPE_4_4_4_0_combined_id24,1.779713749885559,2.7209482192993164,82.83592592592593,0.65,4,4,93.84972222222224,0.5574327707290649,23.408518,72.53655,0.2053,1.958197134512442
5KPE_4_4_4_0_combined_id3,1.3738175630569458,2.9264674186706543,86.71935185185185,0.76,4,4,93.84972222222224,0.5574327707290649,23.408518,72.53655,0.2045,2.0336101673267506
5KPE_4_4_4_0_combined_id4,1.0566914081573486,3.364506483078003,87.64268518518517,0.71,4,4,93.84972222222224,0.5574327707290649,23.408518,72.53655,0.2064,2.130507857711226
5KPE_4_4_4_0_combined_id5,1.6425732374191284,3.0498645305633545,87.1524074074074,0.75,4,4,93.84972222222224,0.5574327707290649,23.408518,72.53655,0.1844,2.031851874457465
5KPE_4_4_4_0_combined_id6,1.478124976158142,3.03879714012146,91.54398148148148,0.81,4,4,93.84972222222224,0.5574327707290649,23.408518,72.53655,0.2285,2.103664256908276
5KPE_4_4_4_0_combined_id7,1.4945231676101685,2.2704973220825195,90.9852777777778,0.77,4,4,93.84972222222224,0.5574327707290649,23.408518,72.53655,0.2021,2.0092411747685186
5KPE_4_4_4_0_combined_id8,1.0846740007400513,3.2317495346069336,89.87083333333332,0.78,4,4,93.84972222222224,0.5574327707290649,23.408518,72.53655,0.204,2.165950068721065
5KPE_4_4_4_0_combined_id9,7.405515670776367,7.593695163726807,62.67120370370371,0.52,4,4,93.84972222222224,0.5574327707290649,23.408518,72.53655,0.2009,2.133802343297888
5KPE_4_4_5_0_combined_id1,1.8180679082870483,2.5027694702148438,86.57185185185183,0.73,4,4,92.30592592592592,0.8338325023651123,22.652765,76.48185,0.202,2.092442547833478
5KPE_4_4_5_0_combined_id10,0.9496558308601379,3.517082691192627,80.81564814814816,0.66,4,4,92.30592592592592,0.8338325023651123,22.652765,76.48185,0.1923,2.189803370723018
5KPE_4_4_5_0_combined_id11,1.5221922397613525,2.8870856761932373,86.4363888888889,0.69,4,4,92.30592592592592,0.8338325023651123,22.652765,76.48185,0.2043,2.219178800229673
5KPE_4_4_5_0_combined_id12,1.5655217170715332,2.92218017578125,92.6875925925926,0.81,4,4,92.30592592592592,0.8338325023651123,22.652765,76.48185,0.1903,2.1309578507034868
5KPE_4_4_5_0_combined_id13,1.4018185138702393,2.3377676010131836,83.1625,0.61,4,4,92.30592592592592,0.8338325023651123,22.652765,76.48185,0.187,2.172125215883608
5KPE_4_4_5_0_combined_id14,1.5236800909042358,3.2666709423065186,87.43379629629628,0.72,4,4,92.30592592592592,0.8338325023651123,22.652765,76.48185,0.1981,2.1272635283293546
5KPE_4_4_5_0_combined_id15,2.7285709381103516,3.2727057933807373,67.50129629629629,0.56,4,4,92.30592592592592,0.8338325023651123,22.652765,76.48185,0.2025,2.1367044802065247
5KPE_4_4_5_0_combined_id16,2.007866621017456,3.0942468643188477,86.37972222222223,0.73,4,4,92.30592592592592,0.8338325023651123,22.652765,76.48185,0.1946,2.3616903799551503
5KPE_4_4_5_0_combined_id17,1.388417363166809,3.3502304553985596,89.3462037037037,0.77,4,4,92.30592592592592,0.8338325023651123,22.652765,76.48185,0.1911,2.174869537353516
5KPE_4_4_5_0_combined_id18,1.1304432153701782,2.9637527465820312,87.25324074074072,0.72,4,4,92.30592592592592,0.8338325023651123,22.652765,76.48185,0.1902,2.138596852620443
5KPE_4_4_5_0_combined_id19,1.0849876403808594,3.121657609939575,89.94629629629627,0.74,4,4,92.30592592592592,0.8338325023651123,22.652765,76.48185,0.2132,2.3119388156467013
5KPE_4_4_5_0_combined_id2,1.7518357038497925,2.687138319015503,83.89287037037036,0.72,4,4,92.30592592592592,0.8338325023651123,22.652765,76.48185,0.1948,2.0329016226309315
5KPE_4_4_5_0_combined_id20,1.9386829137802124,2.1638407707214355,80.68592592592591,0.6,4,4,92.30592592592592,0.8338325023651123,22.652765,76.48185,0.1986,2.042782536259404
5KPE_4_4_5_0_combined_id21,2.399789333343506,1.840254545211792,82.86287037037039,0.66,4,4,92.30592592592592,0.8338325023651123,22.652765,76.48185,0.1855,2.117328785083912
5KPE_4_4_5_0_combined_id22,1.6726917028427124,3.242368459701538,90.67435185185184,0.8,4,4,92.30592592592592,0.8338325023651123,22.652765,76.48185,0.1951,2.084260728624132
5KPE_4_4_5_0_combined_id23,1.4554215669631958,2.5285696983337402,82.6899074074074,0.68,4,4,92.30592592592592,0.8338325023651123,22.652765,76.48185,0.1882,2.1653883192274304
5KPE_4_4_5_0_combined_id24,1.5382328033447266,3.082610845565796,86.07555555555555,0.73,4,4,92.30592592592592,0.8338325023651123,22.652765,76.48185,0.19,2.4520656444408275
5KPE_4_4_5_0_combined_id3,7.850411891937256,9.878849983215332,69.3261111111111,0.62,4,4,92.30592592592592,0.8338325023651123,22.652765,76.48185,0.1812,2.162562334979022
5KPE_4_4_5_0_combined_id4,1.0136585235595703,3.505232810974121,91.03981481481482,0.79,4,4,92.30592592592592,0.8338325023651123,22.652765,76.48185,0.2142,2.257150720666956
5KPE_4_4_5_0_combined_id5,1.8904727697372437,2.737593650817871,88.99648148148147,0.76,4,4,92.30592592592592,0.8338325023651123,22.652765,76.48185,0.2061,2.154512617323133
5KPE_4_4_5_0_combined_id6,1.2677868604660034,3.405019998550415,80.37333333333333,0.67,4,4,92.30592592592592,0.8338325023651123,22.652765,76.48185,0.2074,2.1907634028682
5KPE_4_4_5_0_combined_id7,0.8747686147689819,3.4707987308502197,87.0590740740741,0.68,4,4,92.30592592592592,0.8338325023651123,22.652765,76.48185,0.1832,2.144781324598524
5KPE_4_4_5_0_combined_id8,1.1807111501693726,3.201054811477661,87.43712962962964,0.73,4,4,92.30592592592592,0.8338325023651123,22.652765,76.48185,0.1807,2.225038033944589
5KPE_4_4_5_0_combined_id9,1.0968458652496338,3.216773509979248,91.60601851851852,0.77,4,4,92.30592592592592,0.8338325023651123,22.652765,76.48185,0.221,2.257194095187717
5KPE_4_4_6_0_combined_id1,1.5466121435165405,2.5330986976623535,82.06555555555553,0.69,4,4,92.2837037037037,0.8217940330505371,23.190203,73.59821,0.2038,2.1584996823911315
5KPE_4_4_6_0_combined_id10,1.508316993713379,1.9433832168579102,87.26555555555554,0.72,4,4,92.2837037037037,0.8217940330505371,23.190203,73.59821,0.1857,2.211589671947338
5KPE_4_4_6_0_combined_id11,1.225158452987671,2.490994691848755,91.83333333333331,0.81,4,4,92.2837037037037,0.8217940330505371,23.190203,73.59821,0.209,2.095929746274595
5KPE_4_4_6_0_combined_id12,1.691085934638977,2.7907650470733643,84.64194444444445,0.74,4,4,92.2837037037037,0.8217940330505371,23.190203,73.59821,0.2168,2.134969640661169
5KPE_4_4_6_0_combined_id13,1.6808706521987915,1.8533635139465332,91.75249999999998,0.81,4,4,92.2837037037037,0.8217940330505371,23.190203,73.59821,0.2108,2.205938692446108
5KPE_4_4_6_0_combined_id14,1.1764836311340332,2.973813772201538,88.51259259259258,0.76,4,4,92.2837037037037,0.8217940330505371,23.190203,73.59821,0.1913,2.188828362358941
5KPE_4_4_6_0_combined_id15,11.50432014465332,11.142440795898438,75.14490740740742,0.57,4,4,92.2837037037037,0.8217940330505371,23.190203,73.59821,0.2097,2.323078438087746
5KPE_4_4_6_0_combined_id16,1.490519404411316,2.36275053024292,87.72092592592593,0.72,4,4,92.2837037037037,0.8217940330505371,23.190203,73.59821,0.1924,2.0257876360857927
5KPE_4_4_6_0_combined_id17,12.330451011657715,10.895316123962402,75.23972222222223,0.55,4,4,92.2837037037037,0.8217940330505371,23.190203,73.59821,0.2067,2.26024090802228
5KPE_4_4_6_0_combined_id18,1.164912223815918,2.7460882663726807,89.26703703703704,0.76,4,4,92.2837037037037,0.8217940330505371,23.190203,73.59821,0.2034,2.1388602080168546
5KPE_4_4_6_0_combined_id19,1.7218888998031616,1.6469298601150513,89.34648148148148,0.78,4,4,92.2837037037037,0.8217940330505371,23.190203,73.59821,0.2105,2.1068376611780235
5KPE_4_4_6_0_combined_id2,2.0205419063568115,2.0869996547698975,90.69324074074076,0.78,4,4,92.2837037037037,0.8217940330505371,23.190203,73.59821,0.1994,1.9950298733181424
5KPE_4_4_6_0_combined_id20,1.5754371881484985,2.8061726093292236,86.75722222222223,0.72,4,4,92.2837037037037,0.8217940330505371,23.190203,73.59821,0.2017,2.163510781747324
5KPE_4_4_6_0_combined_id21,1.253294587135315,2.4558193683624268,88.95722222222224,0.76,4,4,92.2837037037037,0.8217940330505371,23.190203,73.59821,0.2038,2.164583841959636
5KPE_4_4_6_0_combined_id22,1.4645096063613892,2.231227397918701,89.25407407407408,0.77,4,4,92.2837037037037,0.8217940330505371,23.190203,73.59821,0.1994,1.968163384331597
5KPE_4_4_6_0_combined_id23,1.4263979196548462,1.9786856174468994,89.29685185185184,0.76,4,4,92.2837037037037,0.8217940330505371,23.190203,73.59821,0.2023,2.123169369167752
5KPE_4_4_6_0_combined_id24,1.1760209798812866,3.0369348526000977,88.25120370370371,0.75,4,4,92.2837037037037,0.8217940330505371,23.190203,73.59821,0.2263,2.2549230787489147
5KPE_4_4_6_0_combined_id3,1.3261151313781738,2.4739267826080322,92.40083333333334,0.81,4,4,92.2837037037037,0.8217940330505371,23.190203,73.59821,0.2083,2.138589788366247
5KPE_4_4_6_0_combined_id4,1.4621113538742065,2.6699187755584717,91.67638888888888,0.8,4,4,92.2837037037037,0.8217940330505371,23.190203,73.59821,0.2201,2.1078183209454573
5KPE_4_4_6_0_combined_id5,1.0257906913757324,2.8826942443847656,91.38407407407408,0.82,4,4,92.2837037037037,0.8217940330505371,23.190203,73.59821,0.1855,2.0661253752531827
5KPE_4_4_6_0_combined_id6,1.5674070119857788,2.5661001205444336,89.64518518518518,0.77,4,4,92.2837037037037,0.8217940330505371,23.190203,73.59821,0.215,2.1588608070656106
5KPE_4_4_6_0_combined_id7,1.3173104524612427,2.058457374572754,87.89999999999999,0.72,4,4,92.2837037037037,0.8217940330505371,23.190203,73.59821,0.1987,2.106016653555411
5KPE_4_4_6_0_combined_id8,0.9984421730041504,3.085754632949829,89.0287962962963,0.76,4,4,92.2837037037037,0.8217940330505371,23.190203,73.59821,0.1997,2.1627366807725696
5KPE_4_4_6_0_combined_id9,1.3730764389038086,2.9659230709075928,92.00666666666665,0.79,4,4,92.2837037037037,0.8217940330505371,23.190203,73.59821,0.217,2.209745901602286
5KPE_4_4_7_0_combined_id1,1.5623118877410889,2.1027512550354004,85.53092592592593,0.7,4,4,90.76925925925926,0.7929343581199646,23.49911,73.25415,0.2072,2.17549557156033
5KPE_4_4_7_0_combined_id10,1.0197416543960571,3.580623149871826,89.97064814814814,0.76,4,4,90.76925925925926,0.7929343581199646,23.49911,73.25415,0.1982,2.1670395180031106
5KPE_4_4_7_0_combined_id11,7.768376350402832,9.859726905822754,79.96287037037037,0.62,4,4,90.76925925925926,0.7929343581199646,23.49911,73.25415,0.2263,2.2876883612738714
5KPE_4_4_7_0_combined_id12,1.7508066892623901,2.4957821369171143,85.3572222222222,0.7,4,4,90.76925925925926,0.7929343581199646,23.49911,73.25415,0.1943,2.217676939787688
5KPE_4_4_7_0_combined_id13,1.0472780466079712,3.0886785984039307,91.62240740740742,0.78,4,4,90.76925925925926,0.7929343581199646,23.49911,73.25415,0.2043,2.176591096100984
5KPE_4_4_7_0_combined_id14,1.3760875463485718,3.168001890182495,85.61240740740742,0.71,4,4,90.76925925925926,0.7929343581199646,23.49911,73.25415,0.1932,2.155893396448206
5KPE_4_4_7_0_combined_id15,1.6894629001617432,3.129673480987549,88.68703703703703,0.75,4,4,90.76925925925926,0.7929343581199646,23.49911,73.25415,0.2046,2.0255959122269243
5KPE_4_4_7_0_combined_id16,1.1307849884033203,3.0828816890716553,88.6675,0.72,4,4,90.76925925925926,0.7929343581199646,23.49911,73.25415,0.1891,2.0935601128472223
5KPE_4_4_7_0_combined_id17,1.1138197183609009,3.4046223163604736,87.94296296296297,0.72,4,4,90.76925925925926,0.7929343581199646,23.49911,73.25415,0.2206,2.139435662163629
5KPE_4_4_7_0_combined_id18,1.2203837633132935,3.13751482963562,86.68851851851853,0.73,4,4,90.76925925925926,0.7929343581199646,23.49911,73.25415,0.2218,2.26945467348452
5KPE_4_4_7_0_combined_id19,1.4004701375961304,3.2908947467803955,86.33907407407408,0.68,4,4,90.76925925925926,0.7929343581199646,23.49911,73.25415,0.1927,2.1165874622486256
5KPE_4_4_7_0_combined_id2,2.2395761013031006,2.8311924934387207,79.22157407407406,0.67,4,4,90.76925925925926,0.7929343581199646,23.49911,73.25415,0.2152,2.050665113661024
5KPE_4_4_7_0_combined_id20,9.837082862854004,10.662638664245605,67.84638888888888,0.56,4,4,90.76925925925926,0.7929343581199646,23.49911,73.25415,0.1978,2.113535280580874
5KPE_4_4_7_0_combined_id21,5.213072776794434,4.483876705169678,78.50805555555556,0.65,4,4,90.76925925925926,0.7929343581199646,23.49911,73.25415,0.198,2.250560336642795
5KPE_4_4_7_0_combined_id22,7.870460033416748,9.865187644958496,68.59583333333332,0.55,4,4,90.76925925925926,0.7929343581199646,23.49911,73.25415,0.2295,2.2294394881637007
5KPE_4_4_7_0_combined_id23,1.5081466436386108,3.2468421459198,84.72342592592595,0.69,4,4,90.76925925925926,0.7929343581199646,23.49911,73.25415,0.2083,2.090110496238426
5KPE_4_4_7_0_combined_id24,1.2186074256896973,3.3768162727355957,89.60175925925925,0.75,4,4,90.76925925925926,0.7929343581199646,23.49911,73.25415,0.219,2.152611202663845
5KPE_4_4_7_0_combined_id3,1.1889129877090454,3.273979902267456,94.46611111111108,0.84,4,4,90.76925925925926,0.7929343581199646,23.49911,73.25415,0.2363,2.2337984155725548
5KPE_4_4_7_0_combined_id4,2.915386199951172,2.194594621658325,68.23666666666666,0.57,4,4,90.76925925925926,0.7929343581199646,23.49911,73.25415,0.1951,2.169098889386212
5KPE_4_4_7_0_combined_id5,1.3475598096847534,2.4830520153045654,85.43722222222223,0.66,4,4,90.76925925925926,0.7929343581199646,23.49911,73.25415,0.2141,2.26372386791088
5KPE_4_4_7_0_combined_id6,2.0461385250091553,3.332246780395508,81.96129629629628,0.68,4,4,90.76925925925926,0.7929343581199646,23.49911,73.25415,0.1856,1.9999191849320024
5KPE_4_4_7_0_combined_id7,1.1105021238327026,3.0220277309417725,90.20944444444446,0.73,4,4,90.76925925925926,0.7929343581199646,23.49911,73.25415,0.2055,2.379744353117766
5KPE_4_4_7_0_combined_id8,9.73511028289795,10.204452514648438,83.65685185185184,0.71,4,4,90.76925925925926,0.7929343581199646,23.49911,73.25415,0.2026,2.120371500651041
5KPE_4_4_7_0_combined_id9,9.636884689331055,10.525161743164062,79.45592592592592,0.64,4,4,90.76925925925926,0.7929343581199646,23.49911,73.25415,0.195,1.978845101815683
5KPE_4_4_8_0_combined_id1,1.1795523166656494,3.6767661571502686,85.2489814814815,0.72,4,4,90.52138888888892,0.6596664786338806,22.61628,74.71156,0.2146,2.0271243342646845
5KPE_4_4_8_0_combined_id10,1.1444036960601807,3.2711069583892822,79.20379629629628,0.66,4,4,90.52138888888892,0.6596664786338806,22.61628,74.71156,0.2058,2.119457386158131
5KPE_4_4_8_0_combined_id11,2.527712106704712,2.010469675064087,87.21842592592593,0.71,4,4,90.52138888888892,0.6596664786338806,22.61628,74.71156,0.1983,2.007662879096137
5KPE_4_4_8_0_combined_id12,1.3920832872390747,3.375065326690674,86.70240740740738,0.69,4,4,90.52138888888892,0.6596664786338806,22.61628,74.71156,0.2098,1.914075356942636
5KPE_4_4_8_0_combined_id13,1.3249361515045166,2.9897167682647705,87.13648148148148,0.72,4,4,90.52138888888892,0.6596664786338806,22.61628,74.71156,0.2369,2.0241341767487704
5KPE_4_4_8_0_combined_id14,1.8963615894317627,2.825331926345825,87.7875,0.78,4,4,90.52138888888892,0.6596664786338806,22.61628,74.71156,0.2226,2.0605588842321327
5KPE_4_4_8_0_combined_id15,9.57435131072998,10.24100112915039,76.38166666666666,0.61,4,4,90.52138888888892,0.6596664786338806,22.61628,74.71156,0.2046,2.034985718903718
5KPE_4_4_8_0_combined_id16,1.3237322568893433,3.4091928005218506,83.88138888888889,0.71,4,4,90.52138888888892,0.6596664786338806,22.61628,74.71156,0.2053,1.9794933177806715
5KPE_4_4_8_0_combined_id17,1.3875937461853027,2.697802782058716,85.36194444444443,0.68,4,4,90.52138888888892,0.6596664786338806,22.61628,74.71156,0.2017,2.050480595341435
5KPE_4_4_8_0_combined_id18,1.1738201379776,3.1982314586639404,88.13611111111108,0.72,4,4,90.52138888888892,0.6596664786338806,22.61628,74.71156,0.2131,2.120526349103009
5KPE_4_4_8_0_combined_id19,1.1572614908218384,3.67390775680542,91.80574074074072,0.78,4,4,90.52138888888892,0.6596664786338806,22.61628,74.71156,0.2032,2.2254121568467884
5KPE_4_4_8_0_combined_id2,1.3609503507614136,3.352876901626587,85.22518518518518,0.69,4,4,90.52138888888892,0.6596664786338806,22.61628,74.71156,0.2219,1.965563738787616
5KPE_4_4_8_0_combined_id20,1.4597052335739136,3.3972063064575195,80.12842592592594,0.63,4,4,90.52138888888892,0.6596664786338806,22.61628,74.71156,0.1902,2.185114683928313
5KPE_4_4_8_0_combined_id21,1.283470869064331,3.189328908920288,89.49537037037037,0.78,4,4,90.52138888888892,0.6596664786338806,22.61628,74.71156,0.2116,2.067917717827691
5KPE_4_4_8_0_combined_id22,1.1220972537994385,3.285252571105957,83.4300925925926,0.69,4,4,90.52138888888892,0.6596664786338806,22.61628,74.71156,0.1933,2.13535393608941
5KPE_4_4_8_0_combined_id23,1.6266289949417114,2.1360325813293457,85.28027777777778,0.69,4,4,90.52138888888892,0.6596664786338806,22.61628,74.71156,0.2117,1.990147908528645
5KPE_4_4_8_0_combined_id24,1.8998923301696777,3.1642043590545654,78.97388888888888,0.69,4,4,90.52138888888892,0.6596664786338806,22.61628,74.71156,0.2218,1.963518495912905
5KPE_4_4_8_0_combined_id3,1.0245870351791382,3.1505115032196045,87.52148148148147,0.7,4,4,90.52138888888892,0.6596664786338806,22.61628,74.71156,0.1982,2.136346322518808
5KPE_4_4_8_0_combined_id4,2.0110740661621094,3.2834296226501465,88.18574074074075,0.76,4,4,90.52138888888892,0.6596664786338806,22.61628,74.71156,0.2235,2.1574345341435186
5KPE_4_4_8_0_combined_id5,7.567625045776367,9.385857582092285,72.21657407407407,0.55,4,4,90.52138888888892,0.6596664786338806,22.61628,74.71156,0.197,2.086695635760272
5KPE_4_4_8_0_combined_id6,1.4482545852661133,2.5813040733337402,91.30268518518515,0.8,4,4,90.52138888888892,0.6596664786338806,22.61628,74.71156,0.2044,2.154999344437211
5KPE_4_4_8_0_combined_id7,1.4635330438613892,3.50571608543396,87.21435185185184,0.71,4,4,90.52138888888892,0.6596664786338806,22.61628,74.71156,0.2207,1.897113800048828
5KPE_4_4_8_0_combined_id8,1.4440734386444092,3.178704261779785,85.48462962962961,0.71,4,4,90.52138888888892,0.6596664786338806,22.61628,74.71156,0.1916,2.0552389356825085
5KPE_4_4_8_0_combined_id9,1.5728346109390259,2.299715280532837,83.44435185185185,0.71,4,4,90.52138888888892,0.6596664786338806,22.61628,74.71156,0.2001,2.075029019956236
5KPE_4_4_9_0_combined_id1,1.582659363746643,3.045114517211914,89.10305555555554,0.76,4,4,90.84425925925925,0.8457044363021851,23.040243,70.987595,0.2049,2.075090761537905
5KPE_4_4_9_0_combined_id10,1.2583212852478027,3.0758018493652344,85.7312037037037,0.68,4,4,90.84425925925925,0.8457044363021851,23.040243,70.987595,0.1716,2.094023245352286
5KPE_4_4_9_0_combined_id11,10.424141883850098,12.319785118103027,72.26101851851853,0.59,4,4,90.84425925925925,0.8457044363021851,23.040243,70.987595,0.2132,2.1534334818522134
5KPE_4_4_9_0_combined_id12,10.547096252441406,12.64470100402832,72.12972222222223,0.61,4,4,90.84425925925925,0.8457044363021851,23.040243,70.987595,0.1901,2.209841975459346
5KPE_4_4_9_0_combined_id13,1.2210941314697266,2.8265793323516846,90.12944444444442,0.76,4,4,90.84425925925925,0.8457044363021851,23.040243,70.987595,0.2096,2.151598612467448
5KPE_4_4_9_0_combined_id14,1.4389991760253906,3.0449371337890625,92.19796296296296,0.82,4,4,90.84425925925925,0.8457044363021851,23.040243,70.987595,0.222,2.214675620750145
5KPE_4_4_9_0_combined_id15,1.6662381887435913,3.260136842727661,82.1238888888889,0.64,4,4,90.84425925925925,0.8457044363021851,23.040243,70.987595,0.1855,2.056146692346644
5KPE_4_4_9_0_combined_id16,1.5676817893981934,3.259113073348999,95.9438888888889,0.87,4,4,90.84425925925925,0.8457044363021851,23.040243,70.987595,0.1978,2.2166016190140336
5KPE_4_4_9_0_combined_id17,1.8775453567504883,2.757622241973877,83.2053703703704,0.68,4,4,90.84425925925925,0.8457044363021851,23.040243,70.987595,0.2023,2.238719516330295
5KPE_4_4_9_0_combined_id18,1.386164665222168,3.2902894020080566,89.39074074074075,0.77,4,4,90.84425925925925,0.8457044363021851,23.040243,70.987595,0.187,2.204646357783565
5KPE_4_4_9_0_combined_id19,1.4400756359100342,3.134519100189209,89.96157407407406,0.79,4,4,90.84425925925925,0.8457044363021851,23.040243,70.987595,0.2032,2.257294266312211
5KPE_4_4_9_0_combined_id2,1.3012852668762207,3.1340887546539307,85.72611111111112,0.75,4,4,90.84425925925925,0.8457044363021851,23.040243,70.987595,0.1951,2.174107586895978
5KPE_4_4_9_0_combined_id20,2.778616428375244,4.338301181793213,75.00972222222222,0.57,4,4,90.84425925925925,0.8457044363021851,23.040243,70.987595,0.1884,2.0696080525716147
5KPE_4_4_9_0_combined_id21,1.0619221925735474,2.8984103202819824,89.83037037037036,0.79,4,4,90.84425925925925,0.8457044363021851,23.040243,70.987595,0.1928,2.139403873019748
5KPE_4_4_9_0_combined_id22,1.5629894733428955,3.0826492309570312,89.3075925925926,0.76,4,4,90.84425925925925,0.8457044363021851,23.040243,70.987595,0.1953,2.106549722177011
5KPE_4_4_9_0_combined_id23,1.0278880596160889,3.2310400009155273,91.08537037037036,0.78,4,4,90.84425925925925,0.8457044363021851,23.040243,70.987595,0.1981,2.118294327347367
5KPE_4_4_9_0_combined_id24,1.3237061500549316,2.5853805541992188,86.93092592592593,0.73,4,4,90.84425925925925,0.8457044363021851,23.040243,70.987595,0.2033,2.1342089617693865
5KPE_4_4_9_0_combined_id3,1.29335355758667,3.019549608230591,89.65333333333335,0.76,4,4,90.84425925925925,0.8457044363021851,23.040243,70.987595,0.2159,2.297837151421441
5KPE_4_4_9_0_combined_id4,1.6422228813171387,2.9199206829071045,86.67129629629629,0.72,4,4,90.84425925925925,0.8457044363021851,23.040243,70.987595,0.1937,2.1439285278320312
5KPE_4_4_9_0_combined_id5,1.3714017868041992,1.9614036083221436,88.0287962962963,0.75,4,4,90.84425925925925,0.8457044363021851,23.040243,70.987595,0.1993,2.167626133671513
5KPE_4_4_9_0_combined_id6,10.214471817016602,10.565329551696777,78.03546296296298,0.58,4,4,90.84425925925925,0.8457044363021851,23.040243,70.987595,0.1881,2.095209898772063
5KPE_4_4_9_0_combined_id7,1.580922245979309,3.1244125366210938,91.22842592592592,0.8,4,4,90.84425925925925,0.8457044363021851,23.040243,70.987595,0.1945,2.243568702980324
5KPE_4_4_9_0_combined_id8,8.575439453125,10.731979370117188,72.9337037037037,0.59,4,4,90.84425925925925,0.8457044363021851,23.040243,70.987595,0.1959,2.230903201633029
5KPE_4_4_9_0_combined_id9,1.8634506464004517,2.5916378498077393,86.91509259259263,0.76,4,4,90.84425925925925,0.8457044363021851,23.040243,70.987595,0.2205,2.143726490162037
5KPE_4_6_0_0_combined_id1,1.5439627170562744,2.4546403884887695,83.1361111111111,0.7,4,6,95.85305555555554,0.750878095626831,22.370731,74.77127,0.1927,2.003237971553096
5KPE_4_6_0_0_combined_id10,9.727054595947266,10.471575736999512,74.02574074074073,0.62,4,6,95.85305555555554,0.750878095626831,22.370731,74.77127,0.2052,2.2300700434932
5KPE_4_6_0_0_combined_id11,3.2732784748077393,1.7605910301208496,71.92814814814814,0.57,4,6,95.85305555555554,0.750878095626831,22.370731,74.77127,0.2018,2.140141098587601
5KPE_4_6_0_0_combined_id12,1.0628081560134888,3.398303270339966,90.81916666666666,0.77,4,6,95.85305555555554,0.750878095626831,22.370731,74.77127,0.2077,2.186078813340929
5KPE_4_6_0_0_combined_id13,1.468278169631958,3.0287723541259766,80.16675925925927,0.65,4,6,95.85305555555554,0.750878095626831,22.370731,74.77127,0.1969,2.0101725260416665
5KPE_4_6_0_0_combined_id14,2.066530227661133,3.31683611869812,85.01722222222222,0.74,4,6,95.85305555555554,0.750878095626831,22.370731,74.77127,0.1881,2.119408360234013
5KPE_4_6_0_0_combined_id15,1.456493854522705,3.2221009731292725,89.71046296296296,0.78,4,6,95.85305555555554,0.750878095626831,22.370731,74.77127,0.181,2.2109112209743924
5KPE_4_6_0_0_combined_id16,1.4863427877426147,3.159763813018799,82.68796296296296,0.69,4,6,95.85305555555554,0.750878095626831,22.370731,74.77127,0.1914,2.126328644929109
5KPE_4_6_0_0_combined_id17,1.293251395225525,2.789741039276123,86.25953703703705,0.7,4,6,95.85305555555554,0.750878095626831,22.370731,74.77127,0.2103,2.1860823454680265
5KPE_4_6_0_0_combined_id18,8.683045387268066,11.033257484436035,72.45055555555557,0.55,4,6,95.85305555555554,0.750878095626831,22.370731,74.77127,0.1857,2.2523060551396124
5KPE_4_6_0_0_combined_id19,8.562819480895996,10.935254096984863,77.26101851851851,0.66,4,6,95.85305555555554,0.750878095626831,22.370731,74.77127,0.1921,2.262032120316117
5KPE_4_6_0_0_combined_id2,1.0194039344787598,3.6102499961853027,89.49472222222224,0.76,4,6,95.85305555555554,0.750878095626831,22.370731,74.77127,0.2051,2.17021405255353
5KPE_4_6_0_0_combined_id20,1.1908596754074097,3.938840866088867,90.67944444444444,0.74,4,6,95.85305555555554,0.750878095626831,22.370731,74.77127,0.1918,2.215518527560764
5KPE_4_6_0_0_combined_id21,1.0808178186416626,3.654548168182373,91.36833333333334,0.77,4,6,95.85305555555554,0.750878095626831,22.370731,74.77127,0.1962,2.2269148649992765
5KPE_4_6_0_0_combined_id22,1.1225725412368774,3.545611619949341,88.26407407407407,0.75,4,6,95.85305555555554,0.750878095626831,22.370731,74.77127,0.1912,2.146808482982494
5KPE_4_6_0_0_combined_id23,1.315362572669983,2.765636920928955,74.00638888888889,0.58,4,6,95.85305555555554,0.750878095626831,22.370731,74.77127,0.1707,2.033148447672526
5KPE_4_6_0_0_combined_id24,2.348742723464966,3.1529505252838135,74.52092592592594,0.6,4,6,95.85305555555554,0.750878095626831,22.370731,74.77127,0.1612,2.226715935601129
5KPE_4_6_0_0_combined_id3,2.831186056137085,3.487318515777588,68.86129629629629,0.52,4,6,95.85305555555554,0.750878095626831,22.370731,74.77127,0.2014,2.2681037055121527
5KPE_4_6_0_0_combined_id4,2.444742441177368,2.9090499877929688,72.04166666666669,0.53,4,6,95.85305555555554,0.750878095626831,22.370731,74.77127,0.1594,2.072019506383825
5KPE_4_6_0_0_combined_id5,2.40989351272583,2.4335670471191406,80.69583333333333,0.67,4,6,95.85305555555554,0.750878095626831,22.370731,74.77127,0.1848,2.1368627195005065
5KPE_4_6_0_0_combined_id6,1.4899728298187256,3.1090517044067383,90.5298148148148,0.81,4,6,95.85305555555554,0.750878095626831,22.370731,74.77127,0.2058,2.1989466349283853
5KPE_4_6_0_0_combined_id7,2.3232662677764893,2.53286075592041,71.00694444444443,0.56,4,6,95.85305555555554,0.750878095626831,22.370731,74.77127,0.191,2.230276037145544
5KPE_4_6_0_0_combined_id8,1.3611630201339722,3.420849561691284,89.22796296296299,0.79,4,6,95.85305555555554,0.750878095626831,22.370731,74.77127,0.2116,2.032953050401476
5KPE_4_6_0_0_combined_id9,1.2639755010604858,2.5309996604919434,86.85703703703705,0.72,4,6,95.85305555555554,0.750878095626831,22.370731,74.77127,0.1876,2.1948653327094183
5KPE_4_6_1_0_combined_id1,1.3161895275115967,2.742166757583618,84.96435185185184,0.7,4,6,91.9727777777778,0.6542103290557861,22.62896,75.760635,0.2034,2.1440651505081743
5KPE_4_6_1_0_combined_id10,1.3110591173171997,3.222132921218872,93.6273148148148,0.84,4,6,91.9727777777778,0.6542103290557861,22.62896,75.760635,0.2147,2.145129592330368
5KPE_4_6_1_0_combined_id11,1.935608983039856,2.9453377723693848,87.05527777777779,0.76,4,6,91.9727777777778,0.6542103290557861,22.62896,75.760635,0.2092,2.098847424542462
5KPE_4_6_1_0_combined_id12,1.6374280452728271,3.0897209644317627,89.21296296296299,0.76,4,6,91.9727777777778,0.6542103290557861,22.62896,75.760635,0.2164,2.077684190538194
5KPE_4_6_1_0_combined_id13,1.6464022397994995,1.876779317855835,83.80462962962963,0.66,4,6,91.9727777777778,0.6542103290557861,22.62896,75.760635,0.2046,2.013522677951389
5KPE_4_6_1_0_combined_id14,1.485685110092163,3.124345302581787,88.38092592592592,0.75,4,6,91.9727777777778,0.6542103290557861,22.62896,75.760635,0.1753,2.247339036729601
5KPE_4_6_1_0_combined_id15,1.5367966890335083,3.1826324462890625,88.35768518518519,0.74,4,6,91.9727777777778,0.6542103290557861,22.62896,75.760635,0.2041,2.109526740180121
5KPE_4_6_1_0_combined_id16,8.498960494995117,10.857674598693848,76.1912962962963,0.61,4,6,91.9727777777778,0.6542103290557861,22.62896,75.760635,0.1813,2.109700520833333
5KPE_4_6_1_0_combined_id17,2.019817590713501,2.1882572174072266,87.32879629629632,0.77,4,6,91.9727777777778,0.6542103290557861,22.62896,75.760635,0.2134,2.0317310757107205
5KPE_4_6_1_0_combined_id18,1.5995428562164307,3.0478415489196777,85.13046296296298,0.71,4,6,91.9727777777778,0.6542103290557861,22.62896,75.760635,0.2001,2.2094479313603155
5KPE_4_6_1_0_combined_id19,1.1337990760803223,3.3739254474639893,92.4600925925926,0.83,4,6,91.9727777777778,0.6542103290557861,22.62896,75.760635,0.2161,2.2049665097837097
5KPE_4_6_1_0_combined_id2,2.1566622257232666,2.606265068054199,86.32250000000002,0.78,4,6,91.9727777777778,0.6542103290557861,22.62896,75.760635,0.192,2.1012149386935763
5KPE_4_6_1_0_combined_id20,1.3520009517669678,2.7305989265441895,90.65157407407406,0.77,4,6,91.9727777777778,0.6542103290557861,22.62896,75.760635,0.1993,2.1871326587818287
5KPE_4_6_1_0_combined_id21,1.585237741470337,2.9781832695007324,90.22416666666668,0.79,4,6,91.9727777777778,0.6542103290557861,22.62896,75.760635,0.2117,2.1431198120117188
5KPE_4_6_1_0_combined_id22,1.5107520818710327,2.837435483932495,85.96351851851851,0.72,4,6,91.9727777777778,0.6542103290557861,22.62896,75.760635,0.203,2.031192073115596
5KPE_4_6_1_0_combined_id23,1.421149492263794,3.3093512058258057,86.8987962962963,0.75,4,6,91.9727777777778,0.6542103290557861,22.62896,75.760635,0.2092,2.070333551477503
5KPE_4_6_1_0_combined_id24,2.2101941108703613,2.724766731262207,78.41675925925928,0.57,4,6,91.9727777777778,0.6542103290557861,22.62896,75.760635,0.186,2.075924343532986
5KPE_4_6_1_0_combined_id3,9.475847244262695,10.418665885925293,74.63953703703703,0.59,4,6,91.9727777777778,0.6542103290557861,22.62896,75.760635,0.1991,2.101722999855324
5KPE_4_6_1_0_combined_id4,1.509372591972351,3.310445547103882,92.72990740740742,0.83,4,6,91.9727777777778,0.6542103290557861,22.62896,75.760635,0.2196,2.192474789089627
5KPE_4_6_1_0_combined_id5,1.4219509363174438,2.9434752464294434,88.17611111111111,0.76,4,6,91.9727777777778,0.6542103290557861,22.62896,75.760635,0.2074,2.1401750070077403
5KPE_4_6_1_0_combined_id6,1.789536476135254,2.71327543258667,84.30685185185185,0.7,4,6,91.9727777777778,0.6542103290557861,22.62896,75.760635,0.1994,2.101479000515408
5KPE_4_6_1_0_combined_id7,1.8418779373168945,3.642677068710327,79.45824074074073,0.63,4,6,91.9727777777778,0.6542103290557861,22.62896,75.760635,0.203,2.0737745496961804
5KPE_4_6_1_0_combined_id8,1.835894227027893,2.3346688747406006,85.82583333333335,0.7,4,6,91.9727777777778,0.6542103290557861,22.62896,75.760635,0.1957,2.001925715693721
5KPE_4_6_1_0_combined_id9,1.5766286849975586,2.9622414112091064,86.89564814814814,0.74,4,6,91.9727777777778,0.6542103290557861,22.62896,75.760635,0.194,1.986444120053892
5KPE_4_6_2_0_combined_id1,9.48676586151123,10.204346656799316,70.48657407407407,0.56,4,6,88.61518518518518,0.9483682513237,22.865034,73.50251,0.1794,2.220449376989294
5KPE_4_6_2_0_combined_id10,1.2850775718688965,3.34228777885437,87.70675925925924,0.74,4,6,88.61518518518518,0.9483682513237,22.865034,73.50251,0.1878,2.17144521077474
5KPE_4_6_2_0_combined_id11,1.3615697622299194,3.4245247840881348,88.85824074074077,0.75,4,6,88.61518518518518,0.9483682513237,22.865034,73.50251,0.1806,2.1961662857620805
5KPE_4_6_2_0_combined_id12,1.524817705154419,3.546842575073242,95.0024074074074,0.86,4,6,88.61518518518518,0.9483682513237,22.865034,73.50251,0.212,2.3260667588975696
5KPE_4_6_2_0_combined_id13,1.4557671546936035,2.8713645935058594,90.28425925925924,0.76,4,6,88.61518518518518,0.9483682513237,22.865034,73.50251,0.203,2.2126313668710216
5KPE_4_6_2_0_combined_id14,1.3621710538864136,3.333994150161743,89.20222222222222,0.76,4,6,88.61518518518518,0.9483682513237,22.865034,73.50251,0.2098,2.107622499819155
5KPE_4_6_2_0_combined_id15,1.4582363367080688,3.2784066200256348,87.91472222222222,0.74,4,6,88.61518518518518,0.9483682513237,22.865034,73.50251,0.2086,2.2068659464518228
5KPE_4_6_2_0_combined_id16,1.6884535551071167,3.4872970581054688,94.72814814814814,0.86,4,6,88.61518518518518,0.9483682513237,22.865034,73.50251,0.2035,2.2475002430103443
5KPE_4_6_2_0_combined_id17,1.5601608753204346,2.789612054824829,89.45703703703703,0.75,4,6,88.61518518518518,0.9483682513237,22.865034,73.50251,0.1741,2.2352913750542536
5KPE_4_6_2_0_combined_id18,0.9989038705825806,2.3547794818878174,84.00416666666666,0.64,4,6,88.61518518518518,0.9483682513237,22.865034,73.50251,0.179,2.073451006854022
5KPE_4_6_2_0_combined_id19,1.5245858430862427,3.277850866317749,87.20166666666667,0.74,4,6,88.61518518518518,0.9483682513237,22.865034,73.50251,0.1908,2.058833228217231
5KPE_4_6_2_0_combined_id2,1.2027857303619385,3.10587477684021,86.85944444444443,0.7,4,6,88.61518518518518,0.9483682513237,22.865034,73.50251,0.1744,2.066271746600116
5KPE_4_6_2_0_combined_id20,1.6090941429138184,3.599612236022949,83.65064814814816,0.7,4,6,88.61518518518518,0.9483682513237,22.865034,73.50251,0.1859,2.3345464070638022
5KPE_4_6_2_0_combined_id21,1.4953033924102783,2.457197427749634,88.98074074074073,0.76,4,6,88.61518518518518,0.9483682513237,22.865034,73.50251,0.2058,2.163500326651114
5KPE_4_6_2_0_combined_id22,1.7469381093978882,1.9072203636169434,91.95287037037036,0.79,4,6,88.61518518518518,0.9483682513237,22.865034,73.50251,0.2002,2.0798461348922164
5KPE_4_6_2_0_combined_id23,1.7448406219482422,3.0708181858062744,91.09212962962962,0.81,4,6,88.61518518518518,0.9483682513237,22.865034,73.50251,0.1877,2.312805882206669
5KPE_4_6_2_0_combined_id24,1.0992916822433472,3.495042324066162,88.61675925925927,0.73,4,6,88.61518518518518,0.9483682513237,22.865034,73.50251,0.1792,2.107846436677156
5KPE_4_6_2_0_combined_id3,1.3925682306289673,3.677720785140991,90.3025,0.77,4,6,88.61518518518518,0.9483682513237,22.865034,73.50251,0.177,2.236070844862196
5KPE_4_6_2_0_combined_id4,1.557524561882019,2.928359270095825,91.2336111111111,0.79,4,6,88.61518518518518,0.9483682513237,22.865034,73.50251,0.1993,2.1544582225658275
5KPE_4_6_2_0_combined_id5,1.040219783782959,3.340188503265381,88.84268518518519,0.72,4,6,88.61518518518518,0.9483682513237,22.865034,73.50251,0.2015,2.128674825032552
5KPE_4_6_2_0_combined_id6,1.514296531677246,3.062168836593628,89.88898148148148,0.78,4,6,88.61518518518518,0.9483682513237,22.865034,73.50251,0.2018,2.2163709004720054
5KPE_4_6_2_0_combined_id7,8.005170822143555,9.754947662353516,70.91842592592593,0.56,4,6,88.61518518518518,0.9483682513237,22.865034,73.50251,0.2205,2.096555921766493
5KPE_4_6_2_0_combined_id8,1.6326980590820312,3.2463648319244385,94.52370370370367,0.84,4,6,88.61518518518518,0.9483682513237,22.865034,73.50251,0.2107,2.140540087664569
5KPE_4_6_2_0_combined_id9,1.5041147470474243,3.448854923248291,94.3,0.83,4,6,88.61518518518518,0.9483682513237,22.865034,73.50251,0.186,2.2366160640010126
5KPE_4_6_3_0_combined_id1,1.319129228591919,3.349226474761963,94.03111111111112,0.85,4,6,94.7159259259259,0.6286298632621765,21.959547,74.70813,0.2071,2.1265316715946905
5KPE_4_6_3_0_combined_id10,2.087379217147827,2.496795415878296,79.76083333333334,0.63,4,6,94.7159259259259,0.6286298632621765,21.959547,74.70813,0.1835,2.0272213971173323
5KPE_4_6_3_0_combined_id11,1.5371439456939697,3.2719483375549316,88.78509259259256,0.76,4,6,94.7159259259259,0.6286298632621765,21.959547,74.70813,0.1859,2.0907135009765625
5KPE_4_6_3_0_combined_id12,1.5858837366104126,2.986612558364868,88.49351851851854,0.76,4,6,94.7159259259259,0.6286298632621765,21.959547,74.70813,0.182,2.0893228318956165
5KPE_4_6_3_0_combined_id13,1.936366319656372,2.8780901432037354,90.3677777777778,0.79,4,6,94.7159259259259,0.6286298632621765,21.959547,74.70813,0.2011,2.0191559968171298
5KPE_4_6_3_0_combined_id15,1.71165132522583,3.5522124767303467,81.61527777777779,0.66,4,6,94.7159259259259,0.6286298632621765,21.959547,74.70813,0.1957,2.207140604654948
5KPE_4_6_3_0_combined_id16,1.8125580549240112,2.8732120990753174,80.4788888888889,0.67,4,6,94.7159259259259,0.6286298632621765,21.959547,74.70813,0.2118,2.1580573187934027
5KPE_4_6_3_0_combined_id17,1.9582394361495972,3.0564064979553223,75.29166666666667,0.63,4,6,94.7159259259259,0.6286298632621765,21.959547,74.70813,0.1979,2.1705248797381365
5KPE_4_6_3_0_combined_id18,1.6554938554763794,3.579352855682373,80.37601851851852,0.65,4,6,94.7159259259259,0.6286298632621765,21.959547,74.70813,0.2079,2.090376536051432
5KPE_4_6_3_0_combined_id19,1.6018930673599243,3.2514467239379883,87.73759259259259,0.77,4,6,94.7159259259259,0.6286298632621765,21.959547,74.70813,0.2041,2.065248277452257
5KPE_4_6_3_0_combined_id2,1.758741855621338,3.317096471786499,88.79398148148148,0.78,4,6,94.7159259259259,0.6286298632621765,21.959547,74.70813,0.183,2.05397457546658
5KPE_4_6_3_0_combined_id20,1.6049000024795532,2.9663045406341553,91.6587037037037,0.8,4,6,94.7159259259259,0.6286298632621765,21.959547,74.70813,0.1839,2.188370457401982
5KPE_4_6_3_0_combined_id21,1.7620751857757568,3.3670589923858643,92.58444444444449,0.83,4,6,94.7159259259259,0.6286298632621765,21.959547,74.70813,0.1863,2.0884775232385704
5KPE_4_6_3_0_combined_id22,1.6270393133163452,3.000063896179199,84.27694444444445,0.69,4,6,94.7159259259259,0.6286298632621765,21.959547,74.70813,0.2084,2.1038443953902632
5KPE_4_6_3_0_combined_id23,1.8087598085403442,3.1346988677978516,91.12018518518518,0.79,4,6,94.7159259259259,0.6286298632621765,21.959547,74.70813,0.1993,2.13017894603588
5KPE_4_6_3_0_combined_id3,1.700607419013977,3.1614389419555664,88.92546296296295,0.78,4,6,94.7159259259259,0.6286298632621765,21.959547,74.70813,0.2143,2.003564481382017
5KPE_4_6_3_0_combined_id4,11.85152816772461,12.34678840637207,75.03953703703704,0.49,4,6,94.7159259259259,0.6286298632621765,21.959547,74.70813,0.2253,2.066235577618634
5KPE_4_6_3_0_combined_id5,1.1643667221069336,3.14809250831604,87.89120370370368,0.74,4,6,94.7159259259259,0.6286298632621765,21.959547,74.70813,0.1922,2.1408213862666376
5KPE_4_6_3_0_combined_id6,1.726084589958191,2.4451208114624023,84.34666666666668,0.68,4,6,94.7159259259259,0.6286298632621765,21.959547,74.70813,0.1875,2.0936046176486545
5KPE_4_6_3_0_combined_id7,1.226885199546814,3.2440521717071533,90.15601851851852,0.79,4,6,94.7159259259259,0.6286298632621765,21.959547,74.70813,0.195,2.2689060635036893
5KPE_4_6_3_0_combined_id8,1.3099867105484009,2.6897149085998535,86.76824074074074,0.7,4,6,94.7159259259259,0.6286298632621765,21.959547,74.70813,0.1835,2.179020916974103
5KPE_4_6_3_0_combined_id9,2.1151626110076904,3.4593324661254883,90.5637962962963,0.79,4,6,94.7159259259259,0.6286298632621765,21.959547,74.70813,0.191,2.050243518970631
5KPE_4_6_4_0_combined_id1,2.4736597537994385,2.313972234725952,82.58685185185186,0.66,4,6,94.4698148148148,0.5408238768577576,22.135323,72.250755,0.2037,2.060834672715929
5KPE_4_6_4_0_combined_id10,1.3127827644348145,3.2474007606506348,85.15305555555557,0.71,4,6,94.4698148148148,0.5408238768577576,22.135323,72.250755,0.1804,2.1238896405255354
5KPE_4_6_4_0_combined_id11,1.5661097764968872,2.324927806854248,89.4386111111111,0.78,4,6,94.4698148148148,0.5408238768577576,22.135323,72.250755,0.1818,2.1413178620515048
5KPE_4_6_4_0_combined_id12,1.7221418619155884,2.339110851287842,83.49203703703705,0.72,4,6,94.4698148148148,0.5408238768577576,22.135323,72.250755,0.188,1.9865253589771408
5KPE_4_6_4_0_combined_id13,1.6220422983169556,3.17211651802063,87.38296296296296,0.75,4,6,94.4698148148148,0.5408238768577576,22.135323,72.250755,0.2086,2.1632328739872686
5KPE_4_6_4_0_combined_id14,1.5991729497909546,2.8619320392608643,86.94814814814812,0.78,4,6,94.4698148148148,0.5408238768577576,22.135323,72.250755,0.2014,2.100258156105324
5KPE_4_6_4_0_combined_id15,1.475114107131958,2.5693321228027344,91.06583333333334,0.81,4,6,94.4698148148148,0.5408238768577576,22.135323,72.250755,0.2069,2.171220991346571
5KPE_4_6_4_0_combined_id16,3.449784517288208,3.612210988998413,74.395,0.58,4,6,94.4698148148148,0.5408238768577576,22.135323,72.250755,0.1834,2.1990719547978155
5KPE_4_6_4_0_combined_id17,3.1883065700531006,4.276106357574463,84.31046296296296,0.73,4,6,94.4698148148148,0.5408238768577576,22.135323,72.250755,0.2031,2.225856498435692
5KPE_4_6_4_0_combined_id18,1.1336345672607422,3.6792995929718018,86.83962962962963,0.7,4,6,94.4698148148148,0.5408238768577576,22.135323,72.250755,0.1936,2.2554083930121527
5KPE_4_6_4_0_combined_id19,1.7335957288742065,3.0036227703094482,88.79518518518518,0.77,4,6,94.4698148148148,0.5408238768577576,22.135323,72.250755,0.1958,2.0872603522406683
5KPE_4_6_4_0_combined_id2,1.6549714803695679,2.1554296016693115,84.64583333333331,0.67,4,6,94.4698148148148,0.5408238768577576,22.135323,72.250755,0.2013,1.9498389915183736
5KPE_4_6_4_0_combined_id20,2.5098090171813965,2.084089756011963,85.14361111111113,0.67,4,6,94.4698148148148,0.5408238768577576,22.135323,72.250755,0.2018,2.0939934341995805
5KPE_4_6_4_0_combined_id21,2.542572021484375,2.3908488750457764,80.27231481481482,0.67,4,6,94.4698148148148,0.5408238768577576,22.135323,72.250755,0.1713,2.067474365234375
5KPE_4_6_4_0_combined_id22,1.5803945064544678,3.3133904933929443,91.84231481481484,0.8,4,6,94.4698148148148,0.5408238768577576,22.135323,72.250755,0.2029,2.197379500777633
5KPE_4_6_4_0_combined_id23,1.7031587362289429,2.468599319458008,88.26611111111109,0.78,4,6,94.4698148148148,0.5408238768577576,22.135323,72.250755,0.2053,2.25214668556496
5KPE_4_6_4_0_combined_id24,1.7082433700561523,3.033947706222534,89.1498148148148,0.78,4,6,94.4698148148148,0.5408238768577576,22.135323,72.250755,0.2205,2.2142373544198497
5KPE_4_6_4_0_combined_id3,1.7492510080337524,3.4388465881347656,86.845,0.75,4,6,94.4698148148148,0.5408238768577576,22.135323,72.250755,0.1964,2.0646899188006365
5KPE_4_6_4_0_combined_id4,1.4206360578536987,3.2132668495178223,88.86074074074074,0.78,4,6,94.4698148148148,0.5408238768577576,22.135323,72.250755,0.207,2.1391870004159435
5KPE_4_6_4_0_combined_id5,1.9601789712905884,2.8030996322631836,90.94453703703704,0.8,4,6,94.4698148148148,0.5408238768577576,22.135323,72.250755,0.2023,1.9880132321958188
5KPE_4_6_4_0_combined_id6,3.771878719329834,3.864907741546631,73.1425,0.58,4,6,94.4698148148148,0.5408238768577576,22.135323,72.250755,0.2055,2.029644012451172
5KPE_4_6_4_0_combined_id7,1.7238454818725586,3.1405956745147705,92.00416666666666,0.8,4,6,94.4698148148148,0.5408238768577576,22.135323,72.250755,0.189,2.1872774759928384
5KPE_4_6_4_0_combined_id8,2.1543350219726562,2.531391143798828,83.98092592592592,0.67,4,6,94.4698148148148,0.5408238768577576,22.135323,72.250755,0.1995,2.066381666395399
5KPE_4_6_4_0_combined_id9,1.1597079038619995,2.8625545501708984,92.9012037037037,0.81,4,6,94.4698148148148,0.5408238768577576,22.135323,72.250755,0.2045,2.155691076208044
5KPE_4_6_5_0_combined_id1,1.656474232673645,3.5163955688476562,92.74814814814816,0.82,4,6,94.5427777777778,0.575137197971344,22.576742,72.07287,0.1775,2.348055239076968
5KPE_4_6_5_0_combined_id10,1.718258023262024,3.399066686630249,92.92351851851856,0.83,4,6,94.5427777777778,0.575137197971344,22.576742,72.07287,0.2171,2.330660925971137
5KPE_4_6_5_0_combined_id11,1.5168001651763916,3.270216703414917,89.88453703703705,0.79,4,6,94.5427777777778,0.575137197971344,22.576742,72.07287,0.2171,2.1499882450810186
5KPE_4_6_5_0_combined_id12,1.5520563125610352,3.3983898162841797,91.68,0.8,4,6,94.5427777777778,0.575137197971344,22.576742,72.07287,0.2052,2.280040317111545
5KPE_4_6_5_0_combined_id13,1.243394374847412,3.4366302490234375,93.43287037037037,0.82,4,6,94.5427777777778,0.575137197971344,22.576742,72.07287,0.1896,2.159145496509693
5KPE_4_6_5_0_combined_id14,1.4465183019638062,3.480135917663574,87.2535185185185,0.75,4,6,94.5427777777778,0.575137197971344,22.576742,72.07287,0.1988,2.1626249242711952
5KPE_4_6_5_0_combined_id15,1.589375376701355,2.8853325843811035,93.01092592592596,0.84,4,6,94.5427777777778,0.575137197971344,22.576742,72.07287,0.2037,2.2303839789496527
5KPE_4_6_5_0_combined_id16,1.593358039855957,2.5878994464874268,86.2411111111111,0.76,4,6,94.5427777777778,0.575137197971344,22.576742,72.07287,0.2154,2.2258392616554543
5KPE_4_6_5_0_combined_id17,1.4258308410644531,2.8866100311279297,90.80037037037036,0.79,4,6,94.5427777777778,0.575137197971344,22.576742,72.07287,0.1801,2.235246870252821
5KPE_4_6_5_0_combined_id18,1.7066794633865356,3.411818742752075,88.33203703703703,0.77,4,6,94.5427777777778,0.575137197971344,22.576742,72.07287,0.1764,2.140135729754413
5KPE_4_6_5_0_combined_id19,1.2875384092330933,3.248457908630371,92.44962962962964,0.83,4,6,94.5427777777778,0.575137197971344,22.576742,72.07287,0.1877,2.3419261508517795
5KPE_4_6_5_0_combined_id2,1.5057884454727173,3.2170984745025635,88.92212962962961,0.78,4,6,94.5427777777778,0.575137197971344,22.576742,72.07287,0.1915,1.968814002143012
5KPE_4_6_5_0_combined_id20,2.226320743560791,2.3638978004455566,82.62425925925926,0.68,4,6,94.5427777777778,0.575137197971344,22.576742,72.07287,0.2138,2.206840091281467
5KPE_4_6_5_0_combined_id21,1.5272676944732666,2.423708915710449,88.20407407407404,0.74,4,6,94.5427777777778,0.575137197971344,22.576742,72.07287,0.2024,2.1468269913284868
5KPE_4_6_5_0_combined_id22,1.9096176624298096,3.3225135803222656,93.0575,0.83,4,6,94.5427777777778,0.575137197971344,22.576742,72.07287,0.2016,2.204419595223886
5KPE_4_6_5_0_combined_id23,2.2968530654907227,2.389446258544922,85.44768518518521,0.71,4,6,94.5427777777778,0.575137197971344,22.576742,72.07287,0.1925,2.117610224971065
5KPE_4_6_5_0_combined_id24,1.5382574796676636,3.1400585174560547,92.6300925925926,0.82,4,6,94.5427777777778,0.575137197971344,22.576742,72.07287,0.1928,2.271437468352141
5KPE_4_6_5_0_combined_id3,1.6769449710845947,3.5612399578094482,92.98620370370372,0.83,4,6,94.5427777777778,0.575137197971344,22.576742,72.07287,0.2136,2.2228847079806857
5KPE_4_6_5_0_combined_id4,1.2889983654022217,2.9576847553253174,85.00148148148149,0.69,4,6,94.5427777777778,0.575137197971344,22.576742,72.07287,0.1845,2.1872982449001737
5KPE_4_6_5_0_combined_id5,1.692221999168396,2.303920030593872,88.57342592592592,0.76,4,6,94.5427777777778,0.575137197971344,22.576742,72.07287,0.1899,2.04145982530382
5KPE_4_6_5_0_combined_id6,1.628955364227295,3.3601551055908203,90.68305555555555,0.79,4,6,94.5427777777778,0.575137197971344,22.576742,72.07287,0.1948,2.1161123205114296
5KPE_4_6_5_0_combined_id7,2.779210090637207,3.356937885284424,79.29268518518519,0.64,4,6,94.5427777777778,0.575137197971344,22.576742,72.07287,0.1864,2.0123861807364003
5KPE_4_6_5_0_combined_id8,1.8337270021438599,2.658684492111206,83.0311111111111,0.73,4,6,94.5427777777778,0.575137197971344,22.576742,72.07287,0.194,2.175737592909071
5KPE_4_6_5_0_combined_id9,1.4930368661880493,3.641200304031372,90.59398148148148,0.78,4,6,94.5427777777778,0.575137197971344,22.576742,72.07287,0.1803,2.289931968406395
5KPE_4_6_6_0_combined_id1,1.673911690711975,2.7329726219177246,89.55361111111114,0.77,4,6,93.0923148148148,0.7121812105178833,22.771492,71.99209,0.2027,2.230367166024667
5KPE_4_6_6_0_combined_id10,1.0603259801864624,2.990081548690796,84.94277777777779,0.75,4,6,93.0923148148148,0.7121812105178833,22.771492,71.99209,0.2016,2.225382204408999
5KPE_4_6_6_0_combined_id11,1.8760416507720947,2.7512123584747314,86.60657407407406,0.77,4,6,93.0923148148148,0.7121812105178833,22.771492,71.99209,0.1958,2.133171787968388
5KPE_4_6_6_0_combined_id12,1.6373720169067383,2.350093126296997,84.58814814814814,0.72,4,6,93.0923148148148,0.7121812105178833,22.771492,71.99209,0.1736,2.170795723243996
5KPE_4_6_6_0_combined_id13,1.45162034034729,3.02839732170105,86.72731481481482,0.75,4,6,93.0923148148148,0.7121812105178833,22.771492,71.99209,0.1776,2.240346837926794
5KPE_4_6_6_0_combined_id14,2.098174571990967,2.9784603118896484,85.5524074074074,0.74,4,6,93.0923148148148,0.7121812105178833,22.771492,71.99209,0.1952,2.124281141493056
5KPE_4_6_6_0_combined_id15,1.2576261758804321,3.1252949237823486,90.4290740740741,0.79,4,6,93.0923148148148,0.7121812105178833,22.771492,71.99209,0.1866,2.1091800265842013
5KPE_4_6_6_0_combined_id16,1.4935600757598877,3.0655100345611572,87.28592592592595,0.74,4,6,93.0923148148148,0.7121812105178833,22.771492,71.99209,0.184,2.103465468795211
5KPE_4_6_6_0_combined_id17,1.2521101236343384,3.285914182662964,90.36157407407408,0.75,4,6,93.0923148148148,0.7121812105178833,22.771492,71.99209,0.1874,2.098785400390625
5KPE_4_6_6_0_combined_id18,11.734003067016602,12.470293998718262,79.57898148148148,0.57,4,6,93.0923148148148,0.7121812105178833,22.771492,71.99209,0.2129,2.1293717843514903
5KPE_4_6_6_0_combined_id19,1.2596309185028076,3.4052281379699707,88.42138888888888,0.77,4,6,93.0923148148148,0.7121812105178833,22.771492,71.99209,0.1937,2.215969933403863
5KPE_4_6_6_0_combined_id2,2.355879545211792,2.373522996902466,82.29787037037038,0.72,4,6,93.0923148148148,0.7121812105178833,22.771492,71.99209,0.1981,2.326772619176794
5KPE_4_6_6_0_combined_id20,11.093379020690918,11.891117095947266,72.46620370370371,0.59,4,6,93.0923148148148,0.7121812105178833,22.771492,71.99209,0.1902,2.327461807816117
5KPE_4_6_6_0_combined_id21,0.9315217733383179,3.264854907989502,90.24425925925924,0.77,4,6,93.0923148148148,0.7121812105178833,22.771492,71.99209,0.1902,2.298018278899016
5KPE_4_6_6_0_combined_id22,2.123974084854126,2.4358105659484863,88.00777777777778,0.79,4,6,93.0923148148148,0.7121812105178833,22.771492,71.99209,0.2069,2.340158957022208
5KPE_4_6_6_0_combined_id23,2.931583881378174,3.1467349529266357,69.84833333333333,0.54,4,6,93.0923148148148,0.7121812105178833,22.771492,71.99209,0.177,2.0330721537272134
5KPE_4_6_6_0_combined_id24,1.0765241384506226,3.3804805278778076,93.10055555555556,0.85,4,6,93.0923148148148,0.7121812105178833,22.771492,71.99209,0.1838,2.2254666928891784
5KPE_4_6_6_0_combined_id3,1.855552315711975,3.2024309635162354,84.5550925925926,0.68,4,6,93.0923148148148,0.7121812105178833,22.771492,71.99209,0.1833,2.1423498083043984
5KPE_4_6_6_0_combined_id4,1.2534300088882446,2.888258934020996,93.27250000000002,0.83,4,6,93.0923148148148,0.7121812105178833,22.771492,71.99209,0.2018,2.2655552051685475
5KPE_4_6_6_0_combined_id5,1.388093113899231,2.741271495819092,88.27314814814815,0.76,4,6,93.0923148148148,0.7121812105178833,22.771492,71.99209,0.2116,2.04620361328125
5KPE_4_6_6_0_combined_id6,1.2770254611968994,2.7863574028015137,85.86342592592594,0.69,4,6,93.0923148148148,0.7121812105178833,22.771492,71.99209,0.1999,2.1382727446379484
5KPE_4_6_6_0_combined_id7,1.1326465606689453,3.104677200317383,89.86490740740743,0.76,4,6,93.0923148148148,0.7121812105178833,22.771492,71.99209,0.2009,2.241212632921007
5KPE_4_6_6_0_combined_id8,2.053607225418091,3.3502118587493896,85.4285185185185,0.72,4,6,93.0923148148148,0.7121812105178833,22.771492,71.99209,0.183,2.1183499936704284
5KPE_4_6_6_0_combined_id9,1.1214667558670044,3.2081551551818848,90.81685185185188,0.78,4,6,93.0923148148148,0.7121812105178833,22.771492,71.99209,0.1888,2.086195203993056
5KPE_4_6_7_0_combined_id1,1.601009488105774,3.035064458847046,86.19453703703704,0.75,4,6,93.36935185185185,0.8634061217308044,22.245888,73.23328,0.2094,2.253949765805845
5KPE_4_6_7_0_combined_id10,2.0709340572357178,3.581516742706299,82.9261111111111,0.69,4,6,93.36935185185185,0.8634061217308044,22.245888,73.23328,0.1843,2.1741369741934315
5KPE_4_6_7_0_combined_id12,2.310147285461426,3.047917366027832,88.06425925925923,0.78,4,6,93.36935185185185,0.8634061217308044,22.245888,73.23328,0.2088,2.1418904904966003
5KPE_4_6_7_0_combined_id13,1.6991289854049683,3.2678232192993164,92.88194444444444,0.82,4,6,93.36935185185185,0.8634061217308044,22.245888,73.23328,0.2204,2.254113373933015
5KPE_4_6_7_0_combined_id14,1.4936097860336304,3.4651637077331543,82.28277777777777,0.7,4,6,93.36935185185185,0.8634061217308044,22.245888,73.23328,0.1878,2.159820556640625
5KPE_4_6_7_0_combined_id15,1.51194429397583,2.8801066875457764,82.22638888888888,0.65,4,6,93.36935185185185,0.8634061217308044,22.245888,73.23328,0.1902,2.108331609655309
5KPE_4_6_7_0_combined_id16,2.987182140350342,1.193730354309082,87.60333333333334,0.73,4,6,93.36935185185185,0.8634061217308044,22.245888,73.23328,0.2042,2.373895715784144
5KPE_4_6_7_0_combined_id17,1.2753256559371948,2.41926646232605,87.47981481481483,0.73,4,6,93.36935185185185,0.8634061217308044,22.245888,73.23328,0.2014,2.190240648057726
5KPE_4_6_7_0_combined_id18,1.0978364944458008,2.694664478302002,86.58648148148148,0.68,4,6,93.36935185185185,0.8634061217308044,22.245888,73.23328,0.2095,2.095790015326606
5KPE_4_6_7_0_combined_id19,10.232483863830566,12.319751739501953,86.22916666666667,0.75,4,6,93.36935185185185,0.8634061217308044,22.245888,73.23328,0.2234,2.2340432626229747
5KPE_4_6_7_0_combined_id2,1.06648588180542,3.5374248027801514,92.17601851851852,0.8,4,6,93.36935185185185,0.8634061217308044,22.245888,73.23328,0.2049,2.1826838740596064
5KPE_4_6_7_0_combined_id20,1.278952717781067,3.0910754203796387,84.24777777777776,0.67,4,6,93.36935185185185,0.8634061217308044,22.245888,73.23328,0.1829,2.110156871654369
5KPE_4_6_7_0_combined_id21,1.20819091796875,3.5358335971832275,89.53407407407404,0.76,4,6,93.36935185185185,0.8634061217308044,22.245888,73.23328,0.2011,2.219063652886285
5KPE_4_6_7_0_combined_id22,1.571852207183838,3.0745904445648193,90.01777777777778,0.76,4,6,93.36935185185185,0.8634061217308044,22.245888,73.23328,0.1884,2.2445463957609952
5KPE_4_6_7_0_combined_id23,1.7737674713134766,2.395420789718628,82.00703703703705,0.7,4,6,93.36935185185185,0.8634061217308044,22.245888,73.23328,0.193,2.102890014648437
5KPE_4_6_7_0_combined_id24,9.760303497314453,10.590113639831543,70.1524074074074,0.54,4,6,93.36935185185185,0.8634061217308044,22.245888,73.23328,0.219,2.163902282714844
5KPE_4_6_7_0_combined_id3,1.1611369848251343,3.4422969818115234,92.4975925925926,0.81,4,6,93.36935185185185,0.8634061217308044,22.245888,73.23328,0.1809,2.294830887405961
5KPE_4_6_7_0_combined_id4,1.5733917951583862,3.286492109298706,89.61092592592593,0.78,4,6,93.36935185185185,0.8634061217308044,22.245888,73.23328,0.2199,2.127579583062066
5KPE_4_6_7_0_combined_id5,1.9045991897583008,2.858656167984009,75.59055555555555,0.62,4,6,93.36935185185185,0.8634061217308044,22.245888,73.23328,0.206,2.1507654543276185
5KPE_4_6_7_0_combined_id6,1.6182043552398682,3.1237809658050537,85.46083333333333,0.71,4,6,93.36935185185185,0.8634061217308044,22.245888,73.23328,0.1859,2.207080699779369
5KPE_4_6_7_0_combined_id7,1.1524310111999512,3.4321129322052,89.71314814814815,0.77,4,6,93.36935185185185,0.8634061217308044,22.245888,73.23328,0.1927,2.0964249504937067
5KPE_4_6_7_0_combined_id8,1.579390048980713,2.8181347846984863,85.65990740740742,0.72,4,6,93.36935185185185,0.8634061217308044,22.245888,73.23328,0.1975,2.226425877323857
5KPE_4_6_7_0_combined_id9,1.6138122081756592,3.5213494300842285,83.63314814814814,0.71,4,6,93.36935185185185,0.8634061217308044,22.245888,73.23328,0.2208,2.1684174714265048
5KPE_4_6_8_0_combined_id1,1.8380542993545532,2.1272850036621094,90.16916666666668,0.79,4,6,95.95750000000004,0.5771233439445496,22.456354,73.32116,0.1716,2.366447166160301
5KPE_4_6_8_0_combined_id10,1.1606171131134033,3.4208626747131348,89.0662037037037,0.73,4,6,95.95750000000004,0.5771233439445496,22.456354,73.32116,0.1857,2.224901976408782
5KPE_4_6_8_0_combined_id11,8.462906837463379,9.268592834472656,65.54416666666667,0.54,4,6,95.95750000000004,0.5771233439445496,22.456354,73.32116,0.1804,2.20053298385055
5KPE_4_6_8_0_combined_id12,1.916555643081665,2.893158197402954,81.99601851851851,0.69,4,6,95.95750000000004,0.5771233439445496,22.456354,73.32116,0.1745,2.2445360819498696
5KPE_4_6_8_0_combined_id13,2.6954843997955322,2.0252833366394043,78.99833333333333,0.63,4,6,95.95750000000004,0.5771233439445496,22.456354,73.32116,0.1815,2.200900183783637
5KPE_4_6_8_0_combined_id14,2.745091199874878,2.820369243621826,69.57555555555554,0.59,4,6,95.95750000000004,0.5771233439445496,22.456354,73.32116,0.1961,2.298489323368779
5KPE_4_6_8_0_combined_id15,5.958895206451416,7.212652206420898,68.84666666666665,0.52,4,6,95.95750000000004,0.5771233439445496,22.456354,73.32116,0.1708,2.2962834393536604
5KPE_4_6_8_0_combined_id16,1.8005412817001343,1.8270792961120605,88.30037037037037,0.76,4,6,95.95750000000004,0.5771233439445496,22.456354,73.32116,0.1974,2.205788082546658
5KPE_4_6_8_0_combined_id17,2.059330940246582,2.3407773971557617,77.54388888888889,0.62,4,6,95.95750000000004,0.5771233439445496,22.456354,73.32116,0.1774,2.247401343451606
5KPE_4_6_8_0_combined_id18,1.1158342361450195,3.1136789321899414,84.5373148148148,0.72,4,6,95.95750000000004,0.5771233439445496,22.456354,73.32116,0.2045,2.226620850739656
5KPE_4_6_8_0_combined_id19,1.7423499822616577,2.8013699054718018,85.80148148148149,0.69,4,6,95.95750000000004,0.5771233439445496,22.456354,73.32116,0.1728,2.067611694335937
5KPE_4_6_8_0_combined_id2,2.6157782077789307,2.247926950454712,78.08101851851852,0.66,4,6,95.95750000000004,0.5771233439445496,22.456354,73.32116,0.1855,2.2781608016402632
5KPE_4_6_8_0_combined_id20,1.0932834148406982,3.3813326358795166,84.87907407407407,0.7,4,6,95.95750000000004,0.5771233439445496,22.456354,73.32116,0.1818,2.223878931116175
5KPE_4_6_8_0_combined_id21,4.741102695465088,4.918835163116455,71.5874074074074,0.58,4,6,95.95750000000004,0.5771233439445496,22.456354,73.32116,0.1674,2.211480882432726
5KPE_4_6_8_0_combined_id22,1.890769362449646,2.4557693004608154,79.61787037037035,0.65,4,6,95.95750000000004,0.5771233439445496,22.456354,73.32116,0.1964,2.187529669867621
5KPE_4_6_8_0_combined_id23,1.3136675357818604,3.637003183364868,91.25583333333334,0.82,4,6,95.95750000000004,0.5771233439445496,22.456354,73.32116,0.167,2.2599425139250577
5KPE_4_6_8_0_combined_id24,1.2476047277450562,2.946533441543579,91.22703703703706,0.78,4,6,95.95750000000004,0.5771233439445496,22.456354,73.32116,0.2123,2.1592819779007524
5KPE_4_6_8_0_combined_id4,1.5080138444900513,2.5665218830108643,88.10768518518519,0.75,4,6,95.95750000000004,0.5771233439445496,22.456354,73.32116,0.1961,2.332309299045139
5KPE_4_6_8_0_combined_id5,1.9209824800491333,3.407813787460327,93.0923148148148,0.83,4,6,95.95750000000004,0.5771233439445496,22.456354,73.32116,0.2023,2.3145808467158564
5KPE_4_6_8_0_combined_id6,1.2325206995010376,3.2701315879821777,86.33268518518518,0.69,4,6,95.95750000000004,0.5771233439445496,22.456354,73.32116,0.1864,2.387333622685185
5KPE_4_6_8_0_combined_id7,1.1298454999923706,3.622163772583008,80.41231481481482,0.65,4,6,95.95750000000004,0.5771233439445496,22.456354,73.32116,0.1782,2.28458093713831
5KPE_4_6_8_0_combined_id8,1.535366177558899,2.269622802734375,85.18518518518516,0.7,4,6,95.95750000000004,0.5771233439445496,22.456354,73.32116,0.2123,2.201870388454861
5KPE_4_6_8_0_combined_id9,9.356292724609375,10.40274429321289,73.51203703703703,0.58,4,6,95.95750000000004,0.5771233439445496,22.456354,73.32116,0.192,2.2256586993182146
5KPE_4_6_9_0_combined_id1,1.6785365343093872,3.0823378562927246,89.28074074074074,0.74,4,6,92.3149074074074,0.592888593673706,22.361279,74.10893,0.2155,2.169538144712095
5KPE_4_6_9_0_combined_id10,1.4860832691192627,3.1923866271972656,83.09277777777777,0.71,4,6,92.3149074074074,0.592888593673706,22.361279,74.10893,0.185,2.2635650634765625
5KPE_4_6_9_0_combined_id11,1.251561164855957,3.528266429901123,89.11879629629631,0.76,4,6,92.3149074074074,0.592888593673706,22.361279,74.10893,0.2026,2.177569636592158
5KPE_4_6_9_0_combined_id12,5.076470375061035,4.053905010223389,80.18277777777779,0.67,4,6,92.3149074074074,0.592888593673706,22.361279,74.10893,0.1809,2.1142951117621527
5KPE_4_6_9_0_combined_id13,2.092355489730835,4.098520755767822,77.80314814814814,0.61,4,6,92.3149074074074,0.592888593673706,22.361279,74.10893,0.1841,2.4385274251302085
5KPE_4_6_9_0_combined_id14,6.331962585449219,6.426517486572266,62.60138888888888,0.53,4,6,92.3149074074074,0.592888593673706,22.361279,74.10893,0.1978,2.242508782280816
5KPE_4_6_9_0_combined_id15,1.1677325963974,3.353839159011841,88.27638888888889,0.72,4,6,92.3149074074074,0.592888593673706,22.361279,74.10893,0.1907,2.2285328617802374
5KPE_4_6_9_0_combined_id16,1.2694220542907715,3.3873438835144043,87.91203703703704,0.73,4,6,92.3149074074074,0.592888593673706,22.361279,74.10893,0.2063,2.077281810619213
5KPE_4_6_9_0_combined_id17,1.2613593339920044,3.442911386489868,87.95287037037036,0.74,4,6,92.3149074074074,0.592888593673706,22.361279,74.10893,0.2138,2.189380645751953
5KPE_4_6_9_0_combined_id18,1.2873847484588623,3.5183310508728027,88.98000000000002,0.79,4,6,92.3149074074074,0.592888593673706,22.361279,74.10893,0.1796,2.138793521457248
5KPE_4_6_9_0_combined_id19,1.4203827381134033,2.519021987915039,89.03861111111111,0.75,4,6,92.3149074074074,0.592888593673706,22.361279,74.10893,0.1818,2.099792621753834
5KPE_4_6_9_0_combined_id2,1.432430386543274,3.255502700805664,87.89620370370373,0.75,4,6,92.3149074074074,0.592888593673706,22.361279,74.10893,0.1864,2.115107218424479
5KPE_4_6_9_0_combined_id20,1.4437223672866821,3.264842987060547,89.61518518518517,0.78,4,6,92.3149074074074,0.592888593673706,22.361279,74.10893,0.1926,2.1699521100079573
5KPE_4_6_9_0_combined_id21,1.5719761848449707,2.3064181804656982,89.79953703703706,0.78,4,6,92.3149074074074,0.592888593673706,22.361279,74.10893,0.2001,2.158026659930194
5KPE_4_6_9_0_combined_id22,2.7255289554595947,3.2240562438964844,91.0949074074074,0.77,4,6,92.3149074074074,0.592888593673706,22.361279,74.10893,0.2167,2.221907439055266
5KPE_4_6_9_0_combined_id23,1.1873542070388794,3.538381814956665,90.56879629629633,0.78,4,6,92.3149074074074,0.592888593673706,22.361279,74.10893,0.1905,2.071380050094039
5KPE_4_6_9_0_combined_id24,1.7501181364059448,3.2869551181793213,89.01518518518517,0.77,4,6,92.3149074074074,0.592888593673706,22.361279,74.10893,0.1967,2.1803706133807146
5KPE_4_6_9_0_combined_id3,1.517063021659851,2.385904550552368,88.67472222222223,0.76,4,6,92.3149074074074,0.592888593673706,22.361279,74.10893,0.2005,2.1421741909450955
5KPE_4_6_9_0_combined_id4,1.2081255912780762,3.4049594402313232,89.03972222222225,0.76,4,6,92.3149074074074,0.592888593673706,22.361279,74.10893,0.2094,2.0956234402126737
5KPE_4_6_9_0_combined_id5,1.5409101247787476,3.332585096359253,88.45898148148146,0.75,4,6,92.3149074074074,0.592888593673706,22.361279,74.10893,0.1991,2.14450271041305
5KPE_4_6_9_0_combined_id6,1.3834624290466309,2.755859375,82.0037962962963,0.66,4,6,92.3149074074074,0.592888593673706,22.361279,74.10893,0.1989,2.089990403917101
5KPE_4_6_9_0_combined_id7,2.5102975368499756,3.1712899208068848,64.30222222222223,0.53,4,6,92.3149074074074,0.592888593673706,22.361279,74.10893,0.1894,2.204865349663629
5KPE_4_6_9_0_combined_id8,1.3696932792663574,2.9739599227905273,90.08138888888888,0.77,4,6,92.3149074074074,0.592888593673706,22.361279,74.10893,0.2027,2.32350836859809
5KPE_4_6_9_0_combined_id9,1.4570543766021729,3.4251232147216797,86.69564814814814,0.75,4,6,92.3149074074074,0.592888593673706,22.361279,74.10893,0.2053,2.106591401276765
5KPE_4_8_0_0_combined_id1,2.043764114379883,3.0850613117218018,79.80342592592594,0.65,4,8,93.135,0.5916317105293274,22.878416,69.981705,0.1917,2.243676362214265
5KPE_4_8_0_0_combined_id10,1.7830713987350464,3.3911144733428955,85.87861111111111,0.76,4,8,93.135,0.5916317105293274,22.878416,69.981705,0.2231,2.153275242558232
5KPE_4_8_0_0_combined_id11,1.5984395742416382,2.8009984493255615,80.81509259259258,0.66,4,8,93.135,0.5916317105293274,22.878416,69.981705,0.1753,2.104369693332248
5KPE_4_8_0_0_combined_id12,1.4867552518844604,2.8307716846466064,89.3162962962963,0.8,4,8,93.135,0.5916317105293274,22.878416,69.981705,0.2146,2.36078205815068
5KPE_4_8_0_0_combined_id13,10.461133003234863,11.435545921325684,84.63453703703705,0.71,4,8,93.135,0.5916317105293274,22.878416,69.981705,0.2159,2.015528643572772
5KPE_4_8_0_0_combined_id14,1.4646358489990234,3.3114068508148193,83.92240740740742,0.71,4,8,93.135,0.5916317105293274,22.878416,69.981705,0.1883,2.3432574801974826
5KPE_4_8_0_0_combined_id15,9.79127311706543,10.747605323791504,69.33361111111111,0.55,4,8,93.135,0.5916317105293274,22.878416,69.981705,0.1987,2.1414662113896124
5KPE_4_8_0_0_combined_id16,1.3523077964782715,3.1849141120910645,79.37574074074075,0.64,4,8,93.135,0.5916317105293274,22.878416,69.981705,0.2132,2.192487363462095
5KPE_4_8_0_0_combined_id17,2.499846935272217,2.7503068447113037,74.74092592592594,0.59,4,8,93.135,0.5916317105293274,22.878416,69.981705,0.1681,2.216313256157769
5KPE_4_8_0_0_combined_id18,1.2537190914154053,3.0925819873809814,92.09342592592591,0.81,4,8,93.135,0.5916317105293274,22.878416,69.981705,0.1932,2.247776879204644
5KPE_4_8_0_0_combined_id19,2.1824586391448975,3.1174638271331787,85.11685185185186,0.73,4,8,93.135,0.5916317105293274,22.878416,69.981705,0.1839,2.116928100585937
5KPE_4_8_0_0_combined_id2,1.5870373249053955,3.2726354598999023,89.32046296296296,0.75,4,8,93.135,0.5916317105293274,22.878416,69.981705,0.1944,2.1728168063693576
5KPE_4_8_0_0_combined_id20,1.5700675249099731,3.6055002212524414,88.87111111111109,0.77,4,8,93.135,0.5916317105293274,22.878416,69.981705,0.1887,2.1296492682562933
5KPE_4_8_0_0_combined_id21,1.2209926843643188,3.2011213302612305,89.05462962962964,0.77,4,8,93.135,0.5916317105293274,22.878416,69.981705,0.2004,2.2922657154224537
5KPE_4_8_0_0_combined_id22,1.9196115732192993,2.6640665531158447,84.28361111111111,0.71,4,8,93.135,0.5916317105293274,22.878416,69.981705,0.1943,2.321676324915003
5KPE_4_8_0_0_combined_id23,7.78575325012207,9.459634780883789,61.52935185185186,0.52,4,8,93.135,0.5916317105293274,22.878416,69.981705,0.1876,2.1787260550039784
5KPE_4_8_0_0_combined_id24,2.347158432006836,3.3190791606903076,91.61546296296294,0.82,4,8,93.135,0.5916317105293274,22.878416,69.981705,0.2001,2.164112656204789
5KPE_4_8_0_0_combined_id3,1.6340432167053223,3.6076838970184326,83.13287037037036,0.7,4,8,93.135,0.5916317105293274,22.878416,69.981705,0.177,2.299682052047164
5KPE_4_8_0_0_combined_id4,1.752540111541748,2.5302817821502686,82.58037037037036,0.68,4,8,93.135,0.5916317105293274,22.878416,69.981705,0.1942,2.2604987533004195
5KPE_4_8_0_0_combined_id5,1.453553557395935,3.3360986709594727,83.55666666666666,0.71,4,8,93.135,0.5916317105293274,22.878416,69.981705,0.1947,2.1945153695565685
5KPE_4_8_0_0_combined_id6,10.828353881835938,12.6419095993042,71.61833333333333,0.57,4,8,93.135,0.5916317105293274,22.878416,69.981705,0.1766,1.9921954119646992
5KPE_4_8_0_0_combined_id7,1.7505903244018555,2.6350221633911133,85.41212962962962,0.7,4,8,93.135,0.5916317105293274,22.878416,69.981705,0.1914,2.207190337004485
5KPE_4_8_0_0_combined_id8,1.850049376487732,2.7355856895446777,87.6786111111111,0.76,4,8,93.135,0.5916317105293274,22.878416,69.981705,0.2027,2.201295499448423
5KPE_4_8_0_0_combined_id9,1.9170862436294556,3.58048677444458,89.54657407407409,0.73,4,8,93.135,0.5916317105293274,22.878416,69.981705,0.194,2.168378052888093
5KPE_4_8_1_0_combined_id1,1.388152003288269,3.2587802410125732,90.99564814814816,0.79,4,8,88.99231481481482,0.830422580242157,22.66142,69.50115,0.1723,2.1704539546260126
5KPE_4_8_1_0_combined_id10,9.881110191345215,10.660053253173828,80.32518518518519,0.62,4,8,88.99231481481482,0.830422580242157,22.66142,69.50115,0.1801,2.236163386592158
5KPE_4_8_1_0_combined_id11,1.3002955913543701,2.4359192848205566,88.11462962962963,0.71,4,8,88.99231481481482,0.830422580242157,22.66142,69.50115,0.1868,2.095313036883319
5KPE_4_8_1_0_combined_id12,3.1945393085479736,2.9457836151123047,71.91138888888888,0.57,4,8,88.99231481481482,0.830422580242157,22.66142,69.50115,0.1796,2.1568243238661022
5KPE_4_8_1_0_combined_id13,1.167060136795044,3.2514615058898926,85.20333333333335,0.69,4,8,88.99231481481482,0.830422580242157,22.66142,69.50115,0.1889,2.12301508585612
5KPE_4_8_1_0_combined_id14,1.183434009552002,3.429717779159546,89.96620370370371,0.75,4,8,88.99231481481482,0.830422580242157,22.66142,69.50115,0.1834,2.164504157172309
5KPE_4_8_1_0_combined_id15,2.042886734008789,2.127723217010498,80.70083333333334,0.64,4,8,88.99231481481482,0.830422580242157,22.66142,69.50115,0.2153,2.103388609709563
5KPE_4_8_1_0_combined_id16,3.116654634475708,1.7731505632400513,85.99166666666666,0.69,4,8,88.99231481481482,0.830422580242157,22.66142,69.50115,0.1822,2.0604270652488426
5KPE_4_8_1_0_combined_id17,4.17771577835083,4.4609198570251465,71.59500000000001,0.57,4,8,88.99231481481482,0.830422580242157,22.66142,69.50115,0.1671,2.29581790500217
5KPE_4_8_1_0_combined_id18,1.1005795001983643,3.0937788486480713,85.62074074074074,0.72,4,8,88.99231481481482,0.830422580242157,22.66142,69.50115,0.1723,2.304550170898437
5KPE_4_8_1_0_combined_id19,1.0312212705612183,3.508639097213745,89.82694444444444,0.77,4,8,88.99231481481482,0.830422580242157,22.66142,69.50115,0.2087,2.243107689751519
5KPE_4_8_1_0_combined_id2,2.467879295349121,2.2672133445739746,80.71499999999999,0.69,4,8,88.99231481481482,0.830422580242157,22.66142,69.50115,0.2002,2.1150019610369646
5KPE_4_8_1_0_combined_id20,1.317450761795044,3.1585609912872314,91.9012962962963,0.81,4,8,88.99231481481482,0.830422580242157,22.66142,69.50115,0.1827,2.1452854297779225
5KPE_4_8_1_0_combined_id21,1.325933814048767,3.4643959999084473,89.18101851851851,0.76,4,8,88.99231481481482,0.830422580242157,22.66142,69.50115,0.195,2.1844700000904225
5KPE_4_8_1_0_combined_id22,1.7759474515914917,1.6502797603607178,87.19194444444445,0.71,4,8,88.99231481481482,0.830422580242157,22.66142,69.50115,0.1855,1.988359521936488
5KPE_4_8_1_0_combined_id23,1.2954920530319214,3.4124207496643066,88.4789814814815,0.76,4,8,88.99231481481482,0.830422580242157,22.66142,69.50115,0.2067,2.242134094238281
5KPE_4_8_1_0_combined_id24,1.0964277982711792,2.095179796218872,86.9674074074074,0.69,4,8,88.99231481481482,0.830422580242157,22.66142,69.50115,0.1911,2.110114909984447
5KPE_4_8_1_0_combined_id3,1.1921415328979492,3.237102508544922,94.08444444444446,0.85,4,8,88.99231481481482,0.830422580242157,22.66142,69.50115,0.2231,2.2409016644513167
5KPE_4_8_1_0_combined_id4,1.538073182106018,1.6912052631378174,89.5075,0.78,4,8,88.99231481481482,0.830422580242157,22.66142,69.50115,0.193,2.089269849989149
5KPE_4_8_1_0_combined_id5,1.5606958866119385,3.0924184322357178,91.69712962962964,0.79,4,8,88.99231481481482,0.830422580242157,22.66142,69.50115,0.2183,2.1128972371419272
5KPE_4_8_1_0_combined_id6,1.738968849182129,3.337674617767334,89.20925925925924,0.75,4,8,88.99231481481482,0.830422580242157,22.66142,69.50115,0.2055,2.155925750732422
5KPE_4_8_1_0_combined_id7,1.3212875127792358,3.340911626815796,88.18388888888887,0.76,4,8,88.99231481481482,0.830422580242157,22.66142,69.50115,0.1942,2.241702609592014
5KPE_4_8_1_0_combined_id8,1.4594696760177612,3.3366549015045166,89.07796296296296,0.76,4,8,88.99231481481482,0.830422580242157,22.66142,69.50115,0.1995,2.208182864718967
5KPE_4_8_1_0_combined_id9,10.543620109558105,12.722822189331055,77.78759259259259,0.66,4,8,88.99231481481482,0.830422580242157,22.66142,69.50115,0.1917,2.059970008002387
5KPE_4_8_2_0_combined_id1,1.5761091709136963,3.358213186264038,86.77444444444446,0.73,4,8,94.3887037037037,0.6800380945205688,22.50979,67.934044,0.195,2.1279736271610967
5KPE_4_8_2_0_combined_id10,2.3776891231536865,3.3547816276550293,89.99277777777777,0.76,4,8,94.3887037037037,0.6800380945205688,22.50979,67.934044,0.1856,2.0907841435185186
5KPE_4_8_2_0_combined_id11,1.5138057470321655,2.9871320724487305,89.85777777777777,0.78,4,8,94.3887037037037,0.6800380945205688,22.50979,67.934044,0.198,2.1639127378110534
5KPE_4_8_2_0_combined_id12,1.8082046508789062,3.380415916442871,90.6836111111111,0.8,4,8,94.3887037037037,0.6800380945205688,22.50979,67.934044,0.1738,2.1646241082085504
5KPE_4_8_2_0_combined_id13,1.5785754919052124,3.021298408508301,87.42935185185186,0.76,4,8,94.3887037037037,0.6800380945205688,22.50979,67.934044,0.1779,2.170280597828053
5KPE_4_8_2_0_combined_id14,1.632950782775879,3.3038077354431152,88.30518518518518,0.77,4,8,94.3887037037037,0.6800380945205688,22.50979,67.934044,0.1937,2.076056162516276
5KPE_4_8_2_0_combined_id15,3.061617136001587,2.456228017807007,73.3237962962963,0.59,4,8,94.3887037037037,0.6800380945205688,22.50979,67.934044,0.1918,2.114079652009187
5KPE_4_8_2_0_combined_id16,1.7881323099136353,3.0300402641296387,89.6500925925926,0.78,4,8,94.3887037037037,0.6800380945205688,22.50979,67.934044,0.1875,2.117097642686632
5KPE_4_8_2_0_combined_id17,1.4049373865127563,3.391775608062744,90.04574074074077,0.78,4,8,94.3887037037037,0.6800380945205688,22.50979,67.934044,0.1954,1.9840951142487704
5KPE_4_8_2_0_combined_id18,0.9999905824661255,3.6639528274536133,88.22277777777775,0.75,4,8,94.3887037037037,0.6800380945205688,22.50979,67.934044,0.1737,2.36219815854673
5KPE_4_8_2_0_combined_id19,1.472909927368164,2.87880277633667,81.70138888888889,0.63,4,8,94.3887037037037,0.6800380945205688,22.50979,67.934044,0.1867,2.0389895968967013
5KPE_4_8_2_0_combined_id2,2.386777400970459,2.4047329425811768,86.6648148148148,0.7,4,8,94.3887037037037,0.6800380945205688,22.50979,67.934044,0.1777,1.913201791268808
5KPE_4_8_2_0_combined_id20,1.5701007843017578,3.3417086601257324,94.15407407407407,0.83,4,8,94.3887037037037,0.6800380945205688,22.50979,67.934044,0.1933,2.2756305270724826
5KPE_4_8_2_0_combined_id21,1.4814527034759521,3.101593255996704,88.6022222222222,0.76,4,8,94.3887037037037,0.6800380945205688,22.50979,67.934044,0.1972,2.1525876080548323
5KPE_4_8_2_0_combined_id22,1.1373019218444824,3.2658960819244385,84.84898148148149,0.69,4,8,94.3887037037037,0.6800380945205688,22.50979,67.934044,0.1834,2.445198906792535
5KPE_4_8_2_0_combined_id23,1.478626012802124,3.7607786655426025,94.12712962962962,0.84,4,8,94.3887037037037,0.6800380945205688,22.50979,67.934044,0.1848,2.224110214798539
5KPE_4_8_2_0_combined_id24,3.351520538330078,4.317699432373047,73.46222222222222,0.54,4,8,94.3887037037037,0.6800380945205688,22.50979,67.934044,0.1666,2.1278754340277777
5KPE_4_8_2_0_combined_id3,1.6061605215072632,2.955798387527466,88.92583333333332,0.77,4,8,94.3887037037037,0.6800380945205688,22.50979,67.934044,0.2086,2.176299201117621
5KPE_4_8_2_0_combined_id4,3.0835437774658203,3.2655959129333496,76.00666666666666,0.56,4,8,94.3887037037037,0.6800380945205688,22.50979,67.934044,0.2016,2.1748260215476707
5KPE_4_8_2_0_combined_id5,1.0449116230010986,3.480289936065674,85.47777777777776,0.69,4,8,94.3887037037037,0.6800380945205688,22.50979,67.934044,0.1919,2.109625922309028
5KPE_4_8_2_0_combined_id6,1.3632376194000244,3.5349507331848145,81.79574074074073,0.69,4,8,94.3887037037037,0.6800380945205688,22.50979,67.934044,0.181,2.17427811799226
5KPE_4_8_2_0_combined_id7,3.7279181480407715,3.6918749809265137,70.7649074074074,0.55,4,8,94.3887037037037,0.6800380945205688,22.50979,67.934044,0.1756,2.02882809109158
5KPE_4_8_2_0_combined_id8,2.128882646560669,2.9220499992370605,82.16629629629631,0.7,4,8,94.3887037037037,0.6800380945205688,22.50979,67.934044,0.1999,2.078210618760851
5KPE_4_8_2_0_combined_id9,1.7657819986343384,2.770822525024414,90.91268518518518,0.8,4,8,94.3887037037037,0.6800380945205688,22.50979,67.934044,0.1904,2.2663415979456016
5KPE_4_8_3_0_combined_id1,7.503096580505371,6.461367607116699,74.00212962962964,0.59,4,8,94.20583333333336,0.6068174242973328,21.964962,68.838264,0.1679,2.227718777126736
5KPE_4_8_3_0_combined_id10,1.6901746988296509,3.328019857406616,90.60583333333332,0.8,4,8,94.20583333333336,0.6068174242973328,21.964962,68.838264,0.1897,2.3805372450086804
5KPE_4_8_3_0_combined_id11,1.2183856964111328,3.1544251441955566,88.92601851851852,0.76,4,8,94.20583333333336,0.6068174242973328,21.964962,68.838264,0.1718,2.2475923608850548
5KPE_4_8_3_0_combined_id12,2.066091537475586,2.563211441040039,87.86481481481479,0.75,4,8,94.20583333333336,0.6068174242973328,21.964962,68.838264,0.1898,2.2065101906105324
5KPE_4_8_3_0_combined_id13,2.4309229850769043,2.498739004135132,84.93916666666665,0.68,4,8,94.20583333333336,0.6068174242973328,21.964962,68.838264,0.1798,2.2502547370062933
5KPE_4_8_3_0_combined_id14,9.719889640808105,10.26385498046875,72.04277777777777,0.55,4,8,94.20583333333336,0.6068174242973328,21.964962,68.838264,0.1931,2.231935147885923
5KPE_4_8_3_0_combined_id15,1.47471022605896,2.2857420444488525,84.63740740740742,0.71,4,8,94.20583333333336,0.6068174242973328,21.964962,68.838264,0.1985,2.2080175611707897
5KPE_4_8_3_0_combined_id16,1.7541784048080444,2.76798415184021,90.33342592592592,0.81,4,8,94.20583333333336,0.6068174242973328,21.964962,68.838264,0.1814,2.106882589834708
5KPE_4_8_3_0_combined_id17,2.0497019290924072,2.495486259460449,86.30425925925927,0.72,4,8,94.20583333333336,0.6068174242973328,21.964962,68.838264,0.201,2.2649865327058016
5KPE_4_8_3_0_combined_id18,2.2564778327941895,3.0315487384796143,79.52796296296297,0.62,4,8,94.20583333333336,0.6068174242973328,21.964962,68.838264,0.1987,2.183545147931134
5KPE_4_8_3_0_combined_id19,1.2730865478515625,3.4803099632263184,89.17175925925925,0.75,4,8,94.20583333333336,0.6068174242973328,21.964962,68.838264,0.1824,2.2893665455005787
5KPE_4_8_3_0_combined_id2,1.0922542810440063,2.518486499786377,78.83129629629629,0.67,4,8,94.20583333333336,0.6068174242973328,21.964962,68.838264,0.1801,2.2393486588089555
5KPE_4_8_3_0_combined_id20,9.164762496948242,10.109106063842773,70.8037037037037,0.58,4,8,94.20583333333336,0.6068174242973328,21.964962,68.838264,0.166,2.2287560922128185
5KPE_4_8_3_0_combined_id21,3.1109960079193115,2.7533867359161377,86.1288888888889,0.73,4,8,94.20583333333336,0.6068174242973328,21.964962,68.838264,0.1957,2.2081920482494213
5KPE_4_8_3_0_combined_id22,1.2497705221176147,3.5252647399902344,87.22212962962965,0.7,4,8,94.20583333333336,0.6068174242973328,21.964962,68.838264,0.186,2.255086263020833
5KPE_4_8_3_0_combined_id23,1.5238147974014282,3.222262382507324,82.9621296296296,0.71,4,8,94.20583333333336,0.6068174242973328,21.964962,68.838264,0.179,2.2540215386284723
5KPE_4_8_3_0_combined_id24,2.3729870319366455,2.3112378120422363,81.11509259259259,0.69,4,8,94.20583333333336,0.6068174242973328,21.964962,68.838264,0.1745,2.1596111721462674
5KPE_4_8_3_0_combined_id4,2.647348165512085,2.4955055713653564,75.65055555555556,0.63,4,8,94.20583333333336,0.6068174242973328,21.964962,68.838264,0.1944,2.2496008696379484
5KPE_4_8_3_0_combined_id5,1.282594084739685,3.542778253555298,82.6437962962963,0.7,4,8,94.20583333333336,0.6068174242973328,21.964962,68.838264,0.175,2.256073563187211
5KPE_4_8_3_0_combined_id6,1.1127246618270874,3.44191575050354,94.15472222222222,0.85,4,8,94.20583333333336,0.6068174242973328,21.964962,68.838264,0.1829,2.303452385796441
5KPE_4_8_3_0_combined_id7,1.4596823453903198,3.263819694519043,85.02166666666666,0.7,4,8,94.20583333333336,0.6068174242973328,21.964962,68.838264,0.1761,2.1454781426323786
5KPE_4_8_3_0_combined_id8,1.8055957555770874,2.7827892303466797,86.0525,0.74,4,8,94.20583333333336,0.6068174242973328,21.964962,68.838264,0.1957,2.292613841869213
5KPE_4_8_3_0_combined_id9,1.5710259675979614,2.510222911834717,84.77601851851853,0.69,4,8,94.20583333333336,0.6068174242973328,21.964962,68.838264,0.1948,2.25389070864077
5KPE_4_8_4_0_combined_id1,1.3233848810195923,3.2498271465301514,89.02462962962963,0.78,4,8,94.4301851851852,0.5496018528938293,22.076084,73.191795,0.218,2.14520913583261
5KPE_4_8_4_0_combined_id10,1.2726625204086304,3.25333309173584,90.2148148148148,0.77,4,8,94.4301851851852,0.5496018528938293,22.076084,73.191795,0.1823,2.1624233104564525
5KPE_4_8_4_0_combined_id11,1.6269097328186035,2.3734095096588135,82.32157407407406,0.66,4,8,94.4301851851852,0.5496018528938293,22.076084,73.191795,0.193,2.12232095223886
5KPE_4_8_4_0_combined_id12,1.6983554363250732,2.83518385887146,82.64861111111114,0.69,4,8,94.4301851851852,0.5496018528938293,22.076084,73.191795,0.191,2.2696202596028647
5KPE_4_8_4_0_combined_id13,1.5513721704483032,2.9519670009613037,84.30907407407409,0.7,4,8,94.4301851851852,0.5496018528938293,22.076084,73.191795,0.2051,2.249395582411024
5KPE_4_8_4_0_combined_id14,1.7679964303970337,2.536226749420166,85.42305555555556,0.7,4,8,94.4301851851852,0.5496018528938293,22.076084,73.191795,0.1948,2.1303552698206016
5KPE_4_8_4_0_combined_id15,1.5117135047912598,3.4096999168395996,92.02046296296297,0.84,4,8,94.4301851851852,0.5496018528938293,22.076084,73.191795,0.1922,2.330934312608507
5KPE_4_8_4_0_combined_id16,1.5457302331924438,3.114008903503418,90.6285185185185,0.82,4,8,94.4301851851852,0.5496018528938293,22.076084,73.191795,0.1898,2.248195930763527
5KPE_4_8_4_0_combined_id17,1.7206169366836548,3.4133412837982178,91.5862037037037,0.8,4,8,94.4301851851852,0.5496018528938293,22.076084,73.191795,0.1862,2.1773574263961226
5KPE_4_8_4_0_combined_id18,1.80549955368042,3.150362253189087,88.99222222222222,0.77,4,8,94.4301851851852,0.5496018528938293,22.076084,73.191795,0.1922,2.0823935049551503
5KPE_4_8_4_0_combined_id19,1.5036078691482544,3.161900758743286,82.45981481481482,0.66,4,8,94.4301851851852,0.5496018528938293,22.076084,73.191795,0.1788,2.1427993774414062
5KPE_4_8_4_0_combined_id2,2.148026704788208,1.9156242609024048,86.59462962962964,0.75,4,8,94.4301851851852,0.5496018528938293,22.076084,73.191795,0.2027,2.193902757432726
5KPE_4_8_4_0_combined_id20,1.3409438133239746,2.8997020721435547,83.57388888888889,0.65,4,8,94.4301851851852,0.5496018528938293,22.076084,73.191795,0.1738,2.2289962768554688
5KPE_4_8_4_0_combined_id21,1.249435305595398,3.0807533264160156,91.13916666666668,0.78,4,8,94.4301851851852,0.5496018528938293,22.076084,73.191795,0.1868,2.404137505425348
5KPE_4_8_4_0_combined_id22,1.7181960344314575,3.0382468700408936,86.13250000000001,0.73,4,8,94.4301851851852,0.5496018528938293,22.076084,73.191795,0.1912,2.21805261682581
5KPE_4_8_4_0_combined_id23,1.4136672019958496,3.0581281185150146,89.68962962962962,0.76,4,8,94.4301851851852,0.5496018528938293,22.076084,73.191795,0.1711,2.232484605577257
5KPE_4_8_4_0_combined_id24,10.642390251159668,12.092733383178711,73.49592592592592,0.57,4,8,94.4301851851852,0.5496018528938293,22.076084,73.191795,0.2253,2.13583826135706
5KPE_4_8_4_0_combined_id3,1.433505654335022,3.084418773651123,88.09490740740739,0.73,4,8,94.4301851851852,0.5496018528938293,22.076084,73.191795,0.1878,2.2152346858271845
5KPE_4_8_4_0_combined_id4,1.7210092544555664,2.8187026977539062,90.5676851851852,0.79,4,8,94.4301851851852,0.5496018528938293,22.076084,73.191795,0.2035,2.114397260877821
5KPE_4_8_4_0_combined_id5,1.4295246601104736,3.264065980911255,89.34768518518518,0.8,4,8,94.4301851851852,0.5496018528938293,22.076084,73.191795,0.1854,2.1642244127061634
5KPE_4_8_4_0_combined_id6,0.931374728679657,3.5428850650787354,86.35148148148147,0.73,4,8,94.4301851851852,0.5496018528938293,22.076084,73.191795,0.1661,2.320200319643374
5KPE_4_8_4_0_combined_id7,1.5068418979644775,3.2431554794311523,88.47990740740742,0.74,4,8,94.4301851851852,0.5496018528938293,22.076084,73.191795,0.1773,2.1856555232295283
5KPE_4_8_4_0_combined_id8,1.6052148342132568,2.802417278289795,78.88231481481482,0.65,4,8,94.4301851851852,0.5496018528938293,22.076084,73.191795,0.1974,2.179047619854962
5KPE_4_8_4_0_combined_id9,1.1191338300704956,3.2684924602508545,92.61111111111111,0.83,4,8,94.4301851851852,0.5496018528938293,22.076084,73.191795,0.1834,2.191648412633825
5KPE_4_8_5_0_combined_id1,1.5239686965942383,3.9443979263305664,79.39444444444443,0.6,4,8,94.4876851851852,0.7765448689460754,21.812077,72.30835,0.1664,2.3370244061505354
5KPE_4_8_5_0_combined_id10,1.8489046096801758,3.124345541000366,84.1237962962963,0.69,4,8,94.4876851851852,0.7765448689460754,21.812077,72.30835,0.1629,2.2255342271592884
5KPE_4_8_5_0_combined_id11,7.075873851776123,8.150126457214355,62.63879629629631,0.52,4,8,94.4876851851852,0.7765448689460754,21.812077,72.30835,0.1802,2.0950436062282987
5KPE_4_8_5_0_combined_id12,2.940894603729248,3.0540740489959717,82.30009259259259,0.64,4,8,94.4876851851852,0.7765448689460754,21.812077,72.30835,0.1991,2.1467149522569446
5KPE_4_8_5_0_combined_id13,1.8130226135253906,3.3640975952148438,85.17981481481483,0.7,4,8,94.4876851851852,0.7765448689460754,21.812077,72.30835,0.1902,2.1198959350585938
5KPE_4_8_5_0_combined_id14,1.4259734153747559,3.2019941806793213,86.2726851851852,0.74,4,8,94.4876851851852,0.7765448689460754,21.812077,72.30835,0.188,2.239939230459708
5KPE_4_8_5_0_combined_id15,1.8991705179214478,2.77032732963562,83.1425,0.73,4,8,94.4876851851852,0.7765448689460754,21.812077,72.30835,0.1997,2.101707741066261
5KPE_4_8_5_0_combined_id16,1.3845536708831787,3.156700849533081,84.82000000000001,0.71,4,8,94.4876851851852,0.7765448689460754,21.812077,72.30835,0.1907,2.2206993103027344
5KPE_4_8_5_0_combined_id17,2.969453811645508,3.0596466064453125,77.22537037037036,0.6,4,8,94.4876851851852,0.7765448689460754,21.812077,72.30835,0.2056,2.1628350151909723
5KPE_4_8_5_0_combined_id18,9.67899227142334,10.292046546936035,76.95888888888888,0.62,4,8,94.4876851851852,0.7765448689460754,21.812077,72.30835,0.1792,2.1046930948893228
5KPE_4_8_5_0_combined_id2,1.7070081233978271,3.048872947692871,85.28592592592594,0.72,4,8,94.4876851851852,0.7765448689460754,21.812077,72.30835,0.1727,2.0976635968243635
5KPE_4_8_5_0_combined_id20,1.335788369178772,3.108220338821411,81.4639814814815,0.65,4,8,94.4876851851852,0.7765448689460754,21.812077,72.30835,0.1612,2.2233488294813366
5KPE_4_8_5_0_combined_id21,2.2104170322418213,3.1535725593566895,77.19305555555555,0.62,4,8,94.4876851851852,0.7765448689460754,21.812077,72.30835,0.1741,2.0206736811885126
5KPE_4_8_5_0_combined_id22,1.6437480449676514,2.9580748081207275,83.13296296296296,0.69,4,8,94.4876851851852,0.7765448689460754,21.812077,72.30835,0.1983,2.259046625207972
5KPE_4_8_5_0_combined_id23,1.723253607749939,3.1558456420898438,86.62324074074075,0.7,4,8,94.4876851851852,0.7765448689460754,21.812077,72.30835,0.179,2.104136996799045
5KPE_4_8_5_0_combined_id24,1.9060325622558594,3.6127147674560547,83.33342592592591,0.65,4,8,94.4876851851852,0.7765448689460754,21.812077,72.30835,0.1796,2.0790498521592884
5KPE_4_8_5_0_combined_id3,1.7691336870193481,3.111621618270874,85.10879629629628,0.68,4,8,94.4876851851852,0.7765448689460754,21.812077,72.30835,0.1811,2.083741929796007
5KPE_4_8_5_0_combined_id4,1.029158353805542,3.670712471008301,91.57620370370368,0.78,4,8,94.4876851851852,0.7765448689460754,21.812077,72.30835,0.1711,2.319909696225767
5KPE_4_8_5_0_combined_id5,1.5983303785324097,3.138503313064575,79.34879629629629,0.65,4,8,94.4876851851852,0.7765448689460754,21.812077,72.30835,0.1968,2.088858992965133
5KPE_4_8_5_0_combined_id6,1.4722362756729126,3.338937520980835,81.6749074074074,0.69,4,8,94.4876851851852,0.7765448689460754,21.812077,72.30835,0.1958,2.1747969168203847
5KPE_4_8_5_0_combined_id7,0.9811505079269409,3.711347818374634,91.35185185185183,0.77,4,8,94.4876851851852,0.7765448689460754,21.812077,72.30835,0.1775,2.3031929863823786
5KPE_4_8_5_0_combined_id8,1.720649242401123,3.2362287044525146,82.45935185185186,0.68,4,8,94.4876851851852,0.7765448689460754,21.812077,72.30835,0.1761,2.178421868218316
5KPE_4_8_5_0_combined_id9,2.250854253768921,2.4060747623443604,78.84166666666667,0.65,4,8,94.4876851851852,0.7765448689460754,21.812077,72.30835,0.1885,2.1523652253327548
5KPE_4_8_6_0_combined_id1,4.219233989715576,5.646625518798828,80.29944444444445,0.62,4,8,92.63796296296296,0.6496697664260864,22.55059,69.817184,0.1776,2.263049655490452
5KPE_4_8_6_0_combined_id10,1.4072444438934326,3.586794376373291,83.78388888888888,0.72,4,8,92.63796296296296,0.6496697664260864,22.55059,69.817184,0.1909,2.3441118310998985
5KPE_4_8_6_0_combined_id11,1.391758680343628,3.720085620880127,82.24342592592592,0.65,4,8,92.63796296296296,0.6496697664260864,22.55059,69.817184,0.1832,2.2571029663085938
5KPE_4_8_6_0_combined_id12,1.6143838167190552,2.9834794998168945,91.20083333333334,0.79,4,8,92.63796296296296,0.6496697664260864,22.55059,69.817184,0.2031,2.257310231526693
5KPE_4_8_6_0_combined_id13,6.3269476890563965,7.41538667678833,74.7986111111111,0.51,4,8,92.63796296296296,0.6496697664260864,22.55059,69.817184,0.1958,2.277523888481988
5KPE_4_8_6_0_combined_id14,1.4465538263320923,2.9380342960357666,86.91824074074074,0.74,4,8,92.63796296296296,0.6496697664260864,22.55059,69.817184,0.1775,2.0179146660698786
5KPE_4_8_6_0_combined_id15,1.8666229248046875,3.1403236389160156,76.63083333333334,0.6,4,8,92.63796296296296,0.6496697664260864,22.55059,69.817184,0.2,2.2002490008318865
5KPE_4_8_6_0_combined_id16,10.58665657043457,10.918153762817383,79.23009259259258,0.64,4,8,92.63796296296296,0.6496697664260864,22.55059,69.817184,0.191,2.136320608633536
5KPE_4_8_6_0_combined_id17,1.5987989902496338,3.3694355487823486,69.61194444444445,0.57,4,8,92.63796296296296,0.6496697664260864,22.55059,69.817184,0.1717,2.2880128931116173
5KPE_4_8_6_0_combined_id18,1.216088056564331,3.5227272510528564,90.68972222222222,0.77,4,8,92.63796296296296,0.6496697664260864,22.55059,69.817184,0.1903,2.2204007749204284
5KPE_4_8_6_0_combined_id19,1.587437391281128,3.3341825008392334,87.26768518518519,0.74,4,8,92.63796296296296,0.6496697664260864,22.55059,69.817184,0.2037,2.1789994416413485
5KPE_4_8_6_0_combined_id2,1.4565472602844238,3.5272305011749268,83.36861111111111,0.69,4,8,92.63796296296296,0.6496697664260864,22.55059,69.817184,0.191,2.370026058620877
5KPE_4_8_6_0_combined_id20,1.2136685848236084,3.2880706787109375,81.64870370370372,0.68,4,8,92.63796296296296,0.6496697664260864,22.55059,69.817184,0.1788,2.2047288682725696
5KPE_4_8_6_0_combined_id22,1.142220139503479,3.4417080879211426,86.27185185185184,0.69,4,8,92.63796296296296,0.6496697664260864,22.55059,69.817184,0.1681,2.223583080150463
5KPE_4_8_6_0_combined_id23,1.4219108819961548,3.321091651916504,85.36648148148146,0.71,4,8,92.63796296296296,0.6496697664260864,22.55059,69.817184,0.1763,2.0636040016456887
5KPE_4_8_6_0_combined_id24,1.4171055555343628,3.4711713790893555,82.65444444444445,0.67,4,8,92.63796296296296,0.6496697664260864,22.55059,69.817184,0.1993,2.2203653123643665
5KPE_4_8_6_0_combined_id3,1.418433666229248,3.087080955505371,75.70703703703704,0.61,4,8,92.63796296296296,0.6496697664260864,22.55059,69.817184,0.1762,2.21453532466182
5KPE_4_8_6_0_combined_id4,1.6823585033416748,2.9259026050567627,85.1012037037037,0.7,4,8,92.63796296296296,0.6496697664260864,22.55059,69.817184,0.1764,2.162014713993779
5KPE_4_8_6_0_combined_id5,2.1633026599884033,3.9469218254089355,78.2126851851852,0.6,4,8,92.63796296296296,0.6496697664260864,22.55059,69.817184,0.2083,2.202281528049045
5KPE_4_8_6_0_combined_id6,1.243598461151123,3.557527780532837,85.93527777777778,0.72,4,8,92.63796296296296,0.6496697664260864,22.55059,69.817184,0.1917,2.221286349826389
5KPE_4_8_6_0_combined_id7,1.1151461601257324,3.5655152797698975,91.77351851851851,0.8,4,8,92.63796296296296,0.6496697664260864,22.55059,69.817184,0.1992,2.288435759367766
5KPE_4_8_6_0_combined_id8,4.372650623321533,5.577167510986328,74.06138888888889,0.62,4,8,92.63796296296296,0.6496697664260864,22.55059,69.817184,0.1737,2.2553140145761
5KPE_4_8_6_0_combined_id9,1.3308943510055542,3.0603244304656982,85.01851851851852,0.69,4,8,92.63796296296296,0.6496697664260864,22.55059,69.817184,0.1974,2.1966897469979747
5KPE_4_8_7_0_combined_id1,1.7053200006484985,2.898597240447998,87.47490740740741,0.74,4,8,91.87185185185182,0.7325578927993774,22.223001,71.09239,0.191,2.039350297715929
5KPE_4_8_7_0_combined_id10,8.835518836975098,10.976707458496094,65.17175925925925,0.52,4,8,91.87185185185182,0.7325578927993774,22.223001,71.09239,0.2127,2.194227854410807
5KPE_4_8_7_0_combined_id11,1.8747940063476562,3.783945083618164,93.30638888888888,0.85,4,8,91.87185185185182,0.7325578927993774,22.223001,71.09239,0.1999,2.228218502468533
5KPE_4_8_7_0_combined_id12,2.798105478286743,2.196928024291992,86.27009259259259,0.72,4,8,91.87185185185182,0.7325578927993774,22.223001,71.09239,0.1869,2.1409149169921875
5KPE_4_8_7_0_combined_id13,1.5005581378936768,2.9737842082977295,86.06851851851852,0.72,4,8,91.87185185185182,0.7325578927993774,22.223001,71.09239,0.1759,2.1644843772605613
5KPE_4_8_7_0_combined_id14,11.457501411437988,13.54102897644043,68.52601851851853,0.59,4,8,91.87185185185182,0.7325578927993774,22.223001,71.09239,0.1956,1.9591522216796875
5KPE_4_8_7_0_combined_id15,1.999516248703003,2.613564968109131,85.92138888888891,0.69,4,8,91.87185185185182,0.7325578927993774,22.223001,71.09239,0.1899,2.0295253329806857
5KPE_4_8_7_0_combined_id16,1.9379444122314453,3.3591973781585693,80.64425925925926,0.69,4,8,91.87185185185182,0.7325578927993774,22.223001,71.09239,0.1926,2.1465014704951533
5KPE_4_8_7_0_combined_id17,1.470766544342041,3.543757200241089,90.14962962962964,0.78,4,8,91.87185185185182,0.7325578927993774,22.223001,71.09239,0.1855,2.1540150112575955
5KPE_4_8_7_0_combined_id18,1.3897833824157715,3.1978156566619873,86.8637037037037,0.74,4,8,91.87185185185182,0.7325578927993774,22.223001,71.09239,0.1882,2.1335105895996094
5KPE_4_8_7_0_combined_id19,1.7478026151657104,2.218803882598877,86.71694444444445,0.75,4,8,91.87185185185182,0.7325578927993774,22.223001,71.09239,0.2116,2.110829953794126
5KPE_4_8_7_0_combined_id2,1.5323442220687866,3.2147140502929688,86.56962962962963,0.77,4,8,91.87185185185182,0.7325578927993774,22.223001,71.09239,0.184,2.1035649334942854
5KPE_4_8_7_0_combined_id20,1.963171362876892,1.777645230293274,88.00361111111113,0.79,4,8,91.87185185185182,0.7325578927993774,22.223001,71.09239,0.2012,2.149375915527344
5KPE_4_8_7_0_combined_id21,4.300384998321533,3.6809003353118896,67.85601851851854,0.54,4,8,91.87185185185182,0.7325578927993774,22.223001,71.09239,0.1757,2.0486607021755643
5KPE_4_8_7_0_combined_id22,2.1179299354553223,3.5310869216918945,74.14259259259259,0.53,4,8,91.87185185185182,0.7325578927993774,22.223001,71.09239,0.1887,2.168974134657118
5KPE_4_8_7_0_combined_id23,9.724722862243652,9.930834770202637,69.56907407407408,0.56,4,8,91.87185185185182,0.7325578927993774,22.223001,71.09239,0.1782,2.0399873521592884
5KPE_4_8_7_0_combined_id24,1.7492212057113647,3.578015089035034,78.19444444444444,0.68,4,8,91.87185185185182,0.7325578927993774,22.223001,71.09239,0.1947,2.223060607910156
5KPE_4_8_7_0_combined_id3,1.3715062141418457,2.7873611450195312,88.42351851851853,0.8,4,8,91.87185185185182,0.7325578927993774,22.223001,71.09239,0.1997,2.2375154848451966
5KPE_4_8_7_0_combined_id4,2.229696273803711,2.4353909492492676,86.11990740740741,0.76,4,8,91.87185185185182,0.7325578927993774,22.223001,71.09239,0.1783,2.1542441756637007
5KPE_4_8_7_0_combined_id5,3.4410970211029053,3.1244423389434814,72.35166666666666,0.59,4,8,91.87185185185182,0.7325578927993774,22.223001,71.09239,0.1882,2.1612972683376737
5KPE_4_8_7_0_combined_id6,1.9255473613739014,2.1731834411621094,80.67129629629628,0.65,4,8,91.87185185185182,0.7325578927993774,22.223001,71.09239,0.1947,2.193838896574797
5KPE_4_8_7_0_combined_id7,1.5575863122940063,3.4043314456939697,91.4238888888889,0.82,4,8,91.87185185185182,0.7325578927993774,22.223001,71.09239,0.204,2.1333185831705728
5KPE_4_8_7_0_combined_id8,3.53273606300354,3.5090858936309814,74.6475925925926,0.61,4,8,91.87185185185182,0.7325578927993774,22.223001,71.09239,0.1844,2.154555709273726
5KPE_4_8_7_0_combined_id9,1.9635429382324219,2.4312634468078613,82.92546296296297,0.69,4,8,91.87185185185182,0.7325578927993774,22.223001,71.09239,0.1998,2.044472305862992
5KPE_4_8_8_0_combined_id1,1.1620827913284302,3.5163750648498535,93.92842592592594,0.82,4,8,90.2612962962963,0.6554511189460754,22.412935,69.64983,0.1855,2.19607091833044
5KPE_4_8_8_0_combined_id10,1.2801498174667358,3.1861283779144287,89.0301851851852,0.77,4,8,90.2612962962963,0.6554511189460754,22.412935,69.64983,0.1842,2.277724513301143
5KPE_4_8_8_0_combined_id11,1.3363269567489624,2.2311248779296875,92.72249999999998,0.82,4,8,90.2612962962963,0.6554511189460754,22.412935,69.64983,0.1946,2.2111723158094616
5KPE_4_8_8_0_combined_id12,1.1165666580200195,3.069061040878296,89.98509259259261,0.78,4,8,90.2612962962963,0.6554511189460754,22.412935,69.64983,0.1878,2.2086105346679688
5KPE_4_8_8_0_combined_id13,1.4638640880584717,3.163735866546631,90.1937962962963,0.76,4,8,90.2612962962963,0.6554511189460754,22.412935,69.64983,0.1823,2.1064732869466147
5KPE_4_8_8_0_combined_id14,1.440973162651062,3.637866973876953,93.43157407407404,0.81,4,8,90.2612962962963,0.6554511189460754,22.412935,69.64983,0.2006,2.171988875777633
5KPE_4_8_8_0_combined_id15,1.5496547222137451,3.1583938598632812,94.52944444444444,0.84,4,8,90.2612962962963,0.6554511189460754,22.412935,69.64983,0.2083,2.243483084219473
5KPE_4_8_8_0_combined_id16,1.204174280166626,3.3793654441833496,89.27212962962962,0.76,4,8,90.2612962962963,0.6554511189460754,22.412935,69.64983,0.1943,2.190789964463976
5KPE_4_8_8_0_combined_id18,1.0467464923858643,3.4278995990753174,90.36305555555552,0.76,4,8,90.2612962962963,0.6554511189460754,22.412935,69.64983,0.2019,2.2060439498336226
5KPE_4_8_8_0_combined_id19,1.5014525651931763,3.390237331390381,95.14694444444446,0.87,4,8,90.2612962962963,0.6554511189460754,22.412935,69.64983,0.1869,2.062237492314092
5KPE_4_8_8_0_combined_id2,1.3691593408584595,3.3512840270996094,93.30925925925924,0.84,4,8,90.2612962962963,0.6554511189460754,22.412935,69.64983,0.1824,2.0574126066984952
5KPE_4_8_8_0_combined_id20,1.5943009853363037,3.312480926513672,87.65962962962963,0.76,4,8,90.2612962962963,0.6554511189460754,22.412935,69.64983,0.1963,2.197962866889106
5KPE_4_8_8_0_combined_id21,1.3152238130569458,3.860111951828003,93.5061111111111,0.83,4,8,90.2612962962963,0.6554511189460754,22.412935,69.64983,0.1974,2.177101417824074
5KPE_4_8_8_0_combined_id22,1.4171221256256104,2.3668696880340576,81.30342592592594,0.67,4,8,90.2612962962963,0.6554511189460754,22.412935,69.64983,0.1803,2.1725846749764903
5KPE_4_8_8_0_combined_id23,1.5232822895050049,2.7981693744659424,88.75999999999996,0.76,4,8,90.2612962962963,0.6554511189460754,22.412935,69.64983,0.1793,2.204723216869213
5KPE_4_8_8_0_combined_id24,3.16009521484375,4.398408889770508,67.72787037037038,0.58,4,8,90.2612962962963,0.6554511189460754,22.412935,69.64983,0.1953,2.245433948658131
5KPE_4_8_8_0_combined_id3,1.4291232824325562,3.357781171798706,91.04138888888886,0.76,4,8,90.2612962962963,0.6554511189460754,22.412935,69.64983,0.1932,2.142905765109592
5KPE_4_8_8_0_combined_id4,1.5248035192489624,2.9711320400238037,86.89601851851852,0.74,4,8,90.2612962962963,0.6554511189460754,22.412935,69.64983,0.1846,2.0754048382794417
5KPE_4_8_8_0_combined_id5,1.192899227142334,3.595158815383911,91.04203703703703,0.77,4,8,90.2612962962963,0.6554511189460754,22.412935,69.64983,0.2101,2.1735746595594616
5KPE_4_8_8_0_combined_id6,9.801115036010742,10.580198287963867,71.56342592592593,0.52,4,8,90.2612962962963,0.6554511189460754,22.412935,69.64983,0.1819,2.194062268292462
5KPE_4_8_8_0_combined_id7,1.3564306497573853,2.7773170471191406,88.35990740740742,0.77,4,8,90.2612962962963,0.6554511189460754,22.412935,69.64983,0.2039,2.188748253716363
5KPE_4_8_8_0_combined_id8,1.4247078895568848,3.2557122707366943,88.22018518518517,0.76,4,8,90.2612962962963,0.6554511189460754,22.412935,69.64983,0.2015,2.1396603054470487
5KPE_4_8_8_0_combined_id9,1.1343837976455688,3.229011058807373,90.26611111111112,0.77,4,8,90.2612962962963,0.6554511189460754,22.412935,69.64983,0.2025,2.1535662898310908
5KPE_4_8_9_0_combined_id1,1.1670749187469482,2.5396358966827393,85.40055555555557,0.72,4,8,90.41287037037038,0.760506808757782,21.616053,70.109,0.2097,2.137541311758536
5KPE_4_8_9_0_combined_id10,1.3625282049179077,3.2667322158813477,87.09462962962964,0.73,4,8,90.41287037037038,0.760506808757782,21.616053,70.109,0.1984,2.242320873119213
5KPE_4_8_9_0_combined_id11,1.3900296688079834,3.3580896854400635,86.84314814814816,0.72,4,8,90.41287037037038,0.760506808757782,21.616053,70.109,0.1877,2.2480335942021124
5KPE_4_8_9_0_combined_id12,1.2985587120056152,2.3319242000579834,85.38046296296295,0.71,4,8,90.41287037037038,0.760506808757782,21.616053,70.109,0.2136,2.28780675817419
5KPE_4_8_9_0_combined_id13,0.9812787771224976,3.619865894317627,86.03861111111112,0.73,4,8,90.41287037037038,0.760506808757782,21.616053,70.109,0.1838,2.2586326599121094
5KPE_4_8_9_0_combined_id14,1.4897066354751587,2.6626455783843994,89.00962962962966,0.76,4,8,90.41287037037038,0.760506808757782,21.616053,70.109,0.2145,2.240647492585359
5KPE_4_8_9_0_combined_id15,2.0843188762664795,3.664426565170288,76.04037037037038,0.58,4,8,90.41287037037038,0.760506808757782,21.616053,70.109,0.19,2.126156277126736
5KPE_4_8_9_0_combined_id16,1.2567967176437378,3.2853877544403076,84.84472222222222,0.68,4,8,90.41287037037038,0.760506808757782,21.616053,70.109,0.2036,2.1801667390046298
5KPE_4_8_9_0_combined_id17,1.3025110960006714,3.206149101257324,86.05601851851851,0.7,4,8,90.41287037037038,0.760506808757782,21.616053,70.109,0.1986,2.205940529152199
5KPE_4_8_9_0_combined_id18,2.358339786529541,2.565213680267334,88.21351851851851,0.73,4,8,90.41287037037038,0.760506808757782,21.616053,70.109,0.2111,2.1715497617368347
5KPE_4_8_9_0_combined_id19,2.108833074569702,2.312459945678711,76.70249999999997,0.59,4,8,90.41287037037038,0.760506808757782,21.616053,70.109,0.174,2.09046709979022
5KPE_4_8_9_0_combined_id2,1.2501895427703857,3.632888078689575,87.7512037037037,0.73,4,8,90.41287037037038,0.760506808757782,21.616053,70.109,0.2074,2.152544374819155
5KPE_4_8_9_0_combined_id20,1.7581748962402344,2.8480336666107178,78.17759259259257,0.61,4,8,90.41287037037038,0.760506808757782,21.616053,70.109,0.2018,2.265381141945168
5KPE_4_8_9_0_combined_id21,1.8021994829177856,3.9476261138916016,83.13722222222223,0.72,4,8,90.41287037037038,0.760506808757782,21.616053,70.109,0.1943,2.2181623953360097
5KPE_4_8_9_0_combined_id22,1.305176854133606,3.869480848312378,91.14574074074072,0.79,4,8,90.41287037037038,0.760506808757782,21.616053,70.109,0.1961,2.1579892193829573
5KPE_4_8_9_0_combined_id23,2.05374813079834,3.1646690368652344,84.42481481481482,0.67,4,8,90.41287037037038,0.760506808757782,21.616053,70.109,0.1758,2.150009155273437
5KPE_4_8_9_0_combined_id24,2.5415170192718506,2.6104397773742676,80.49101851851849,0.67,4,8,90.41287037037038,0.760506808757782,21.616053,70.109,0.1897,2.1261859469943576
5KPE_4_8_9_0_combined_id3,0.9150789976119995,3.8051791191101074,87.21537037037035,0.71,4,8,90.41287037037038,0.760506808757782,21.616053,70.109,0.1768,2.237392849392361
5KPE_4_8_9_0_combined_id4,1.4923514127731323,3.4831550121307373,89.42074074074073,0.79,4,8,90.41287037037038,0.760506808757782,21.616053,70.109,0.2019,2.2720743815104165
5KPE_4_8_9_0_combined_id5,1.257879614830017,3.9993743896484375,77.23833333333332,0.63,4,8,90.41287037037038,0.760506808757782,21.616053,70.109,0.1884,2.2840008205837674
5KPE_4_8_9_0_combined_id6,9.68301773071289,10.284371376037598,70.97546296296296,0.57,4,8,90.41287037037038,0.760506808757782,21.616053,70.109,0.1991,2.1361608152036315
5KPE_4_8_9_0_combined_id7,2.2528412342071533,3.0211939811706543,86.40250000000002,0.72,4,8,90.41287037037038,0.760506808757782,21.616053,70.109,0.1802,2.0806968123824507
5KPE_4_8_9_0_combined_id8,1.2534493207931519,2.229905366897583,86.75907407407406,0.71,4,8,90.41287037037038,0.760506808757782,21.616053,70.109,0.2017,2.202168499981916
5KPE_4_8_9_0_combined_id9,9.107831954956055,9.567618370056152,75.35444444444444,0.59,4,8,90.41287037037038,0.760506808757782,21.616053,70.109,0.2156,2.287351255063657
5KPE_6_2_0_0_combined_id1,5.052775859832764,5.049064636230469,69.42685185185185,0.52,6,2,89.00583333333334,0.8631563186645508,24.961357,74.4342,0.1929,2.15507479067202
5KPE_6_2_0_0_combined_id10,11.455018997192383,11.437292098999023,69.30055555555556,0.49,6,2,89.00583333333334,0.8631563186645508,24.961357,74.4342,0.1774,2.0185569480613426
5KPE_6_2_0_0_combined_id11,4.773265361785889,2.3416097164154053,71.93898148148148,0.6,6,2,89.00583333333334,0.8631563186645508,24.961357,74.4342,0.1908,2.276070206253617
5KPE_6_2_0_0_combined_id12,7.016396999359131,7.169822692871094,60.34231481481482,0.5,6,2,89.00583333333334,0.8631563186645508,24.961357,74.4342,0.1765,2.199350286413122
5KPE_6_2_0_0_combined_id13,10.411442756652832,10.829699516296387,70.69537037037037,0.54,6,2,89.00583333333334,0.8631563186645508,24.961357,74.4342,0.1699,2.0693304273817272
5KPE_6_2_0_0_combined_id14,7.6249098777771,7.97407341003418,73.75361111111113,0.6,6,2,89.00583333333334,0.8631563186645508,24.961357,74.4342,0.1739,2.062043649178964
5KPE_6_2_0_0_combined_id15,9.184911727905273,10.544038772583008,69.29583333333332,0.57,6,2,89.00583333333334,0.8631563186645508,24.961357,74.4342,0.1841,2.0088941786024304
5KPE_6_2_0_0_combined_id16,4.037572383880615,3.267716407775879,77.47324074074074,0.59,6,2,89.00583333333334,0.8631563186645508,24.961357,74.4342,0.1747,2.0998207374855324
5KPE_6_2_0_0_combined_id17,2.8152832984924316,3.1469385623931885,65.68750000000001,0.48,6,2,89.00583333333334,0.8631563186645508,24.961357,74.4342,0.1704,2.019361001473886
5KPE_6_2_0_0_combined_id18,5.720837593078613,5.949158668518066,71.75814814814814,0.55,6,2,89.00583333333334,0.8631563186645508,24.961357,74.4342,0.173,2.084490882025825
5KPE_6_2_0_0_combined_id19,7.8640313148498535,9.109824180603027,61.12944444444444,0.5,6,2,89.00583333333334,0.8631563186645508,24.961357,74.4342,0.1763,2.1687314068829573
5KPE_6_2_0_0_combined_id2,5.760931015014648,5.018306732177734,80.71583333333335,0.62,6,2,89.00583333333334,0.8631563186645508,24.961357,74.4342,0.1867,2.175118057816117
5KPE_6_2_0_0_combined_id20,5.289004325866699,4.45579719543457,70.00296296296295,0.51,6,2,89.00583333333334,0.8631563186645508,24.961357,74.4342,0.1921,2.129720334653501
5KPE_6_2_0_0_combined_id21,4.237211227416992,4.666199207305908,79.67546296296295,0.64,6,2,89.00583333333334,0.8631563186645508,24.961357,74.4342,0.1806,1.986192915174696
5KPE_6_2_0_0_combined_id22,1.5247825384140015,3.7255218029022217,75.98175925925925,0.57,6,2,89.00583333333334,0.8631563186645508,24.961357,74.4342,0.1602,2.1640478063512734
5KPE_6_2_0_0_combined_id23,11.464351654052734,12.376866340637207,80.69324074074073,0.62,6,2,89.00583333333334,0.8631563186645508,24.961357,74.4342,0.1859,2.2610075208875866
5KPE_6_2_0_0_combined_id24,10.61214542388916,10.285216331481934,68.39231481481481,0.52,6,2,89.00583333333334,0.8631563186645508,24.961357,74.4342,0.1858,2.033923113787616
5KPE_6_2_0_0_combined_id3,3.687840461730957,3.360086441040039,76.67425925925926,0.59,6,2,89.00583333333334,0.8631563186645508,24.961357,74.4342,0.1817,2.167549981011285
5KPE_6_2_0_0_combined_id4,9.056461334228516,7.463871955871582,73.30120370370369,0.58,6,2,89.00583333333334,0.8631563186645508,24.961357,74.4342,0.1879,2.17436444317853
5KPE_6_2_0_0_combined_id5,2.7869443893432617,4.57171630859375,70.91185185185185,0.56,6,2,89.00583333333334,0.8631563186645508,24.961357,74.4342,0.1676,2.2196813512731484
5KPE_6_2_0_0_combined_id6,4.490290641784668,4.512795448303223,66.3288888888889,0.54,6,2,89.00583333333334,0.8631563186645508,24.961357,74.4342,0.1898,2.128197140163845
5KPE_6_2_0_0_combined_id7,10.848891258239746,11.888884544372559,74.09148148148148,0.57,6,2,89.00583333333334,0.8631563186645508,24.961357,74.4342,0.1846,2.110795197663484
5KPE_6_2_0_0_combined_id8,10.056732177734375,9.481513023376465,68.56685185185187,0.58,6,2,89.00583333333334,0.8631563186645508,24.961357,74.4342,0.1856,2.1841292204680265
5KPE_6_2_0_0_combined_id9,4.008191108703613,3.2732503414154053,70.14685185185185,0.55,6,2,89.00583333333334,0.8631563186645508,24.961357,74.4342,0.1903,2.2859376977991173
5KPE_6_4_6_0_combined_id1,10.011465072631836,10.561566352844238,76.41953703703703,0.59,6,4,95.22222222222224,0.7741103768348694,24.844563,75.6661,0.1866,2.056632006609881
5KPE_6_4_6_0_combined_id10,11.09887981414795,12.455538749694824,76.83388888888888,0.49,6,4,95.22222222222224,0.7741103768348694,24.844563,75.6661,0.2026,2.159841890688296
5KPE_6_4_6_0_combined_id11,11.252484321594238,11.785460472106934,82.84083333333335,0.64,6,4,95.22222222222224,0.7741103768348694,24.844563,75.6661,0.1661,2.113949104591652
5KPE_6_4_6_0_combined_id12,4.638337135314941,2.788257360458374,78.13592592592593,0.67,6,4,95.22222222222224,0.7741103768348694,24.844563,75.6661,0.1877,1.978920548050492
5KPE_6_4_6_0_combined_id13,5.037508487701416,3.4211745262145996,75.79564814814815,0.6,6,4,95.22222222222224,0.7741103768348694,24.844563,75.6661,0.2044,2.064419499150029
5KPE_6_4_6_0_combined_id14,1.9036349058151245,3.613126754760742,78.37379629629629,0.64,6,4,95.22222222222224,0.7741103768348694,24.844563,75.6661,0.1725,2.0681545116283275
5KPE_6_4_6_0_combined_id15,4.546946048736572,3.981997489929199,69.96398148148147,0.55,6,4,95.22222222222224,0.7741103768348694,24.844563,75.6661,0.2059,1.9877730475531683
5KPE_6_4_6_0_combined_id16,3.7667534351348877,2.991408348083496,73.31518518518519,0.58,6,4,95.22222222222224,0.7741103768348694,24.844563,75.6661,0.1893,2.100578025535301
5KPE_6_4_6_0_combined_id17,10.06592082977295,10.70484447479248,73.18833333333333,0.53,6,4,95.22222222222224,0.7741103768348694,24.844563,75.6661,0.156,2.2622033578378185
5KPE_6_4_6_0_combined_id18,5.038530349731445,3.5327837467193604,81.40101851851853,0.67,6,4,95.22222222222224,0.7741103768348694,24.844563,75.6661,0.1841,1.9729622734917536
5KPE_6_4_6_0_combined_id19,3.9681057929992676,3.4320485591888428,70.03018518518518,0.57,6,4,95.22222222222224,0.7741103768348694,24.844563,75.6661,0.1661,2.096461119475188
5KPE_6_4_6_0_combined_id2,8.914355278015137,8.27351188659668,72.97592592592592,0.52,6,4,95.22222222222224,0.7741103768348694,24.844563,75.6661,0.1857,1.974070796260128
5KPE_6_4_6_0_combined_id20,11.121177673339844,11.545464515686035,77.8288888888889,0.61,6,4,95.22222222222224,0.7741103768348694,24.844563,75.6661,0.1918,2.0747427763762296
5KPE_6_4_6_0_combined_id21,10.491270065307617,10.637176513671875,80.83787037037037,0.56,6,4,95.22222222222224,0.7741103768348694,24.844563,75.6661,0.1933,2.0397491455078125
5KPE_6_4_6_0_combined_id22,4.765348434448242,3.408339738845825,78.89481481481482,0.65,6,4,95.22222222222224,0.7741103768348694,24.844563,75.6661,0.1827,2.06557775426794
5KPE_6_4_6_0_combined_id23,4.297455310821533,3.8807172775268555,83.16000000000001,0.69,6,4,95.22222222222224,0.7741103768348694,24.844563,75.6661,0.191,2.163741500289352
5KPE_6_4_6_0_combined_id24,8.70803165435791,8.886961936950684,84.43620370370371,0.62,6,4,95.22222222222224,0.7741103768348694,24.844563,75.6661,0.1917,2.01270181161386
5KPE_6_4_6_0_combined_id3,3.275750160217285,4.005194664001465,71.07564814814815,0.57,6,4,95.22222222222224,0.7741103768348694,24.844563,75.6661,0.1681,2.3026326497395835
5KPE_6_4_6_0_combined_id4,4.965041637420654,5.265291690826416,81.2139814814815,0.69,6,4,95.22222222222224,0.7741103768348694,24.844563,75.6661,0.1783,2.0192393550166376
5KPE_6_4_6_0_combined_id5,3.8480358123779297,3.4285407066345215,66.55148148148147,0.53,6,4,95.22222222222224,0.7741103768348694,24.844563,75.6661,0.1923,2.1592915852864585
5KPE_6_4_6_0_combined_id6,4.627480506896973,3.4001102447509766,81.43148148148148,0.67,6,4,95.22222222222224,0.7741103768348694,24.844563,75.6661,0.1832,2.0023634168836804
5KPE_6_4_6_0_combined_id7,5.618810176849365,5.270671367645264,79.2038888888889,0.56,6,4,95.22222222222224,0.7741103768348694,24.844563,75.6661,0.1957,2.0079663594563804
5KPE_6_4_6_0_combined_id8,5.098336696624756,4.291268825531006,75.93740740740742,0.61,6,4,95.22222222222224,0.7741103768348694,24.844563,75.6661,0.1828,2.0577032301161022
5KPE_6_4_6_0_combined_id9,9.996796607971191,10.788192749023438,80.5158333333333,0.66,6,4,95.22222222222224,0.7741103768348694,24.844563,75.6661,0.1862,2.228487226698133
5KPE_6_4_7_0_combined_id1,9.901065826416016,10.258100509643555,66.4475,0.55,6,4,92.92462962962964,0.9810678362846376,24.553955,75.79543,0.1999,2.254845654522931
5KPE_6_4_7_0_combined_id10,8.581124305725098,8.689720153808594,73.01333333333334,0.6,6,4,92.92462962962964,0.9810678362846376,24.553955,75.79543,0.1893,2.275691279658565
5KPE_6_4_7_0_combined_id11,4.91590690612793,3.523350238800049,72.6562962962963,0.61,6,4,92.92462962962964,0.9810678362846376,24.553955,75.79543,0.1867,2.0971227575231484
5KPE_6_4_7_0_combined_id12,4.373287200927734,3.9199984073638916,65.85287037037038,0.55,6,4,92.92462962962964,0.9810678362846376,24.553955,75.79543,0.1849,2.201217933937355
5KPE_6_4_7_0_combined_id13,4.231914043426514,2.825913906097412,83.00324074074075,0.71,6,4,92.92462962962964,0.9810678362846376,24.553955,75.79543,0.1921,1.98964352077908
5KPE_6_4_7_0_combined_id14,1.5476831197738647,5.088775634765625,77.22055555555555,0.64,6,4,92.92462962962964,0.9810678362846376,24.553955,75.79543,0.1826,2.0286112184877747
5KPE_6_4_7_0_combined_id15,4.114345550537109,4.452263355255127,81.98972222222221,0.67,6,4,92.92462962962964,0.9810678362846376,24.553955,75.79543,0.1935,2.3567256221064814
5KPE_6_4_7_0_combined_id16,6.5271782875061035,3.4029316902160645,77.34249999999999,0.63,6,4,92.92462962962964,0.9810678362846376,24.553955,75.79543,0.1887,2.197994656032986
5KPE_6_4_7_0_combined_id17,4.515551567077637,3.120014190673828,69.6976851851852,0.57,6,4,92.92462962962964,0.9810678362846376,24.553955,75.79543,0.1968,2.074091310854312
5KPE_6_4_7_0_combined_id18,3.6510074138641357,4.018630027770996,76.76824074074075,0.59,6,4,92.92462962962964,0.9810678362846376,24.553955,75.79543,0.1782,2.060106065538194
5KPE_6_4_7_0_combined_id19,1.4332817792892456,5.1733174324035645,86.83648148148147,0.7,6,4,92.92462962962964,0.9810678362846376,24.553955,75.79543,0.1984,2.321693420410156
5KPE_6_4_7_0_combined_id2,3.70161771774292,3.2142715454101562,67.19712962962964,0.51,6,4,92.92462962962964,0.9810678362846376,24.553955,75.79543,0.1846,2.042504911069517
5KPE_6_4_7_0_combined_id20,1.017108678817749,5.4481706619262695,90.55824074074074,0.8,6,4,92.92462962962964,0.9810678362846376,24.553955,75.79543,0.1869,2.232145803946036
5KPE_6_4_7_0_combined_id21,1.431426763534546,3.8246190547943115,78.8976851851852,0.6,6,4,92.92462962962964,0.9810678362846376,24.553955,75.79543,0.1718,2.1261328238028065
5KPE_6_4_7_0_combined_id22,8.882731437683105,9.474120140075684,71.72037037037038,0.58,6,4,92.92462962962964,0.9810678362846376,24.553955,75.79543,0.1887,2.188352231626157
5KPE_6_4_7_0_combined_id23,3.416703462600708,3.8538620471954346,65.26351851851851,0.56,6,4,92.92462962962964,0.9810678362846376,24.553955,75.79543,0.1822,2.0522066752115884
5KPE_6_4_7_0_combined_id24,3.0527689456939697,3.0414390563964844,72.5837962962963,0.57,6,4,92.92462962962964,0.9810678362846376,24.553955,75.79543,0.1941,2.1178775363498263
5KPE_6_4_7_0_combined_id3,10.603931427001953,11.34191608428955,75.20101851851852,0.56,6,4,92.92462962962964,0.9810678362846376,24.553955,75.79543,0.1869,2.098075018988715
5KPE_6_4_7_0_combined_id4,9.536707878112793,10.708669662475586,74.25777777777779,0.59,6,4,92.92462962962964,0.9810678362846376,24.553955,75.79543,0.1894,2.2237831398292824
5KPE_6_4_7_0_combined_id5,9.577352523803711,10.448920249938965,70.9398148148148,0.59,6,4,92.92462962962964,0.9810678362846376,24.553955,75.79543,0.1881,2.307905832926432
5KPE_6_4_7_0_combined_id6,3.880279779434204,3.468979597091675,84.93222222222222,0.73,6,4,92.92462962962964,0.9810678362846376,24.553955,75.79543,0.2024,2.125221111156322
5KPE_6_4_7_0_combined_id7,7.124690055847168,7.10154914855957,65.23638888888888,0.48,6,4,92.92462962962964,0.9810678362846376,24.553955,75.79543,0.1655,2.270151208948206
5KPE_6_4_7_0_combined_id8,4.19449520111084,3.248629570007324,79.91787037037035,0.66,6,4,92.92462962962964,0.9810678362846376,24.553955,75.79543,0.1933,2.2935333251953125
5KPE_6_4_7_0_combined_id9,9.805315017700195,9.749343872070312,83.19898148148147,0.62,6,4,92.92462962962964,0.9810678362846376,24.553955,75.79543,0.2055,2.109517980504919
5KPE_6_6_2_0_combined_id1,9.7705717086792,10.157840728759766,79.26435185185188,0.63,6,6,93.25962962962966,0.9567010402679444,24.218372,74.23906,0.197,2.0516825075502747
5KPE_6_6_2_0_combined_id10,8.226014137268066,8.197977066040039,75.85092592592592,0.62,6,6,93.25962962962966,0.9567010402679444,24.218372,74.23906,0.2006,2.28228505452474
5KPE_6_6_2_0_combined_id11,9.477060317993164,9.748577117919922,73.12824074074074,0.56,6,6,93.25962962962966,0.9567010402679444,24.218372,74.23906,0.2204,2.0095589249222368
5KPE_6_6_2_0_combined_id12,3.711245059967041,4.315375328063965,72.16527777777777,0.59,6,6,93.25962962962966,0.9567010402679444,24.218372,74.23906,0.1992,2.0969676265010126
5KPE_6_6_2_0_combined_id13,3.2800824642181396,4.750886917114258,82.49657407407409,0.67,6,6,93.25962962962966,0.9567010402679444,24.218372,74.23906,0.1817,2.056962189850984
5KPE_6_6_2_0_combined_id14,4.257246494293213,4.540027618408203,70.44027777777777,0.56,6,6,93.25962962962966,0.9567010402679444,24.218372,74.23906,0.1966,2.194098437273944
5KPE_6_6_2_0_combined_id15,8.415660858154297,7.683558464050293,75.32194444444445,0.6,6,6,93.25962962962966,0.9567010402679444,24.218372,74.23906,0.2101,2.118210121437355
5KPE_6_6_2_0_combined_id16,7.819940090179443,8.568840026855469,68.7524074074074,0.57,6,6,93.25962962962966,0.9567010402679444,24.218372,74.23906,0.1937,2.117230874520761
5KPE_6_6_2_0_combined_id17,3.1453378200531006,3.930070638656616,81.10796296296296,0.6,6,6,93.25962962962966,0.9567010402679444,24.218372,74.23906,0.2123,2.1207038031684027
5KPE_6_6_2_0_combined_id18,6.052646636962891,5.949227809906006,71.52129629629628,0.6,6,6,93.25962962962966,0.9567010402679444,24.218372,74.23906,0.1937,2.294157946551288
5KPE_6_6_2_0_combined_id19,3.5978071689605713,2.506098985671997,89.27166666666669,0.76,6,6,93.25962962962966,0.9567010402679444,24.218372,74.23906,0.2045,1.9951191654911749
5KPE_6_6_2_0_combined_id2,5.286547660827637,4.329186916351318,74.39444444444445,0.59,6,6,93.25962962962966,0.9567010402679444,24.218372,74.23906,0.2008,2.135490134910301
5KPE_6_6_2_0_combined_id20,3.0847532749176025,3.7842864990234375,67.36425925925927,0.55,6,6,93.25962962962966,0.9567010402679444,24.218372,74.23906,0.1941,2.0570876510054976
5KPE_6_6_2_0_combined_id21,1.5168042182922363,4.17724609375,84.09240740740742,0.66,6,6,93.25962962962966,0.9567010402679444,24.218372,74.23906,0.1826,2.278782879864728
5KPE_6_6_2_0_combined_id22,4.107211589813232,4.198484897613525,80.75870370370369,0.69,6,6,93.25962962962966,0.9567010402679444,24.218372,74.23906,0.1998,2.0786558080602577
5KPE_6_6_2_0_combined_id23,9.283193588256836,8.764418601989746,76.27277777777779,0.65,6,6,93.25962962962966,0.9567010402679444,24.218372,74.23906,0.1794,2.1717170432761863
5KPE_6_6_2_0_combined_id24,6.8777289390563965,9.79311466217041,69.52527777777777,0.58,6,6,93.25962962962966,0.9567010402679444,24.218372,74.23906,0.172,2.1842894377531827
5KPE_6_6_2_0_combined_id3,5.060806751251221,5.172590732574463,72.2036111111111,0.59,6,6,93.25962962962966,0.9567010402679444,24.218372,74.23906,0.2006,2.1212296662507235
5KPE_6_6_2_0_combined_id4,4.652169704437256,4.0922698974609375,72.63185185185186,0.59,6,6,93.25962962962966,0.9567010402679444,24.218372,74.23906,0.1984,2.0838040952329284
5KPE_6_6_2_0_combined_id5,2.935147762298584,3.375115156173706,72.61944444444445,0.58,6,6,93.25962962962966,0.9567010402679444,24.218372,74.23906,0.19,2.1996325740107783
5KPE_6_6_2_0_combined_id6,3.837437391281128,5.416379928588867,68.18925925925926,0.56,6,6,93.25962962962966,0.9567010402679444,24.218372,74.23906,0.176,2.171938013147425
5KPE_6_6_2_0_combined_id7,5.429702281951904,4.344751834869385,69.20407407407409,0.56,6,6,93.25962962962966,0.9567010402679444,24.218372,74.23906,0.178,2.191537927698206
5KPE_6_6_2_0_combined_id8,3.8622891902923584,3.2226510047912598,74.17416666666666,0.54,6,6,93.25962962962966,0.9567010402679444,24.218372,74.23906,0.1918,1.957890545880353
5KPE_6_6_2_0_combined_id9,4.0274457931518555,3.4021620750427246,70.92425925925927,0.59,6,6,93.25962962962966,0.9567010402679444,24.218372,74.23906,0.1856,2.240983327229818
5KPE_6_6_8_0_combined_id1,4.052606105804443,3.56438946723938,71.27703703703703,0.58,6,6,94.0626851851852,0.8294026851654053,25.380083,75.60933,0.1945,2.008643962718822
5KPE_6_6_8_0_combined_id10,4.261781692504883,3.1211752891540527,69.15592592592591,0.55,6,6,94.0626851851852,0.8294026851654053,25.380083,75.60933,0.1846,1.9574966430664065
5KPE_6_6_8_0_combined_id11,1.545677900314331,4.767571449279785,93.41296296296296,0.81,6,6,94.0626851851852,0.8294026851654053,25.380083,75.60933,0.2023,2.1606387385615595
5KPE_6_6_8_0_combined_id12,1.8291122913360596,4.3763427734375,68.79240740740741,0.56,6,6,94.0626851851852,0.8294026851654053,25.380083,75.60933,0.18,2.1989067925347223
5KPE_6_6_8_0_combined_id13,2.289083957672119,3.257647752761841,77.61907407407408,0.65,6,6,94.0626851851852,0.8294026851654053,25.380083,75.60933,0.2076,2.06374924271195
5KPE_6_6_8_0_combined_id14,2.2293035984039307,4.017045497894287,75.55462962962963,0.6,6,6,94.0626851851852,0.8294026851654053,25.380083,75.60933,0.1992,2.0478071989836515
5KPE_6_6_8_0_combined_id15,5.359476566314697,5.425714492797852,73.16962962962964,0.58,6,6,94.0626851851852,0.8294026851654053,25.380083,75.60933,0.2013,2.12605313901548
5KPE_6_6_8_0_combined_id16,9.16061019897461,8.926258087158203,73.8976851851852,0.58,6,6,94.0626851851852,0.8294026851654053,25.380083,75.60933,0.1977,2.023429305465133
5KPE_6_6_8_0_combined_id17,11.890213012695312,10.36162281036377,79.17444444444446,0.53,6,6,94.0626851851852,0.8294026851654053,25.380083,75.60933,0.1969,2.098319724754051
5KPE_6_6_8_0_combined_id18,1.5451442003250122,4.515690326690674,88.24592592592592,0.75,6,6,94.0626851851852,0.8294026851654053,25.380083,75.60933,0.1785,2.134749094645182
5KPE_6_6_8_0_combined_id19,3.767895221710205,3.337278366088867,73.95444444444445,0.63,6,6,94.0626851851852,0.8294026851654053,25.380083,75.60933,0.1954,2.180488868995949
5KPE_6_6_8_0_combined_id2,10.409477233886719,10.559819221496582,75.80194444444446,0.59,6,6,94.0626851851852,0.8294026851654053,25.380083,75.60933,0.1861,1.9790277834291807
5KPE_6_6_8_0_combined_id20,9.296213150024414,8.121063232421875,74.98638888888888,0.6,6,6,94.0626851851852,0.8294026851654053,25.380083,75.60933,0.188,2.0808383800365307
5KPE_6_6_8_0_combined_id21,4.731653213500977,3.800013780593872,80.89425925925927,0.66,6,6,94.0626851851852,0.8294026851654053,25.380083,75.60933,0.1968,1.9865151864511
5KPE_6_6_8_0_combined_id22,4.777106761932373,3.346311569213867,70.19842592592593,0.56,6,6,94.0626851851852,0.8294026851654053,25.380083,75.60933,0.2042,1.961218516031901
5KPE_6_6_8_0_combined_id23,4.58207893371582,2.913773775100708,70.16898148148148,0.54,6,6,94.0626851851852,0.8294026851654053,25.380083,75.60933,0.1884,1.9792586432562933
5KPE_6_6_8_0_combined_id24,6.236812591552734,5.715150833129883,67.96675925925926,0.56,6,6,94.0626851851852,0.8294026851654053,25.380083,75.60933,0.2139,2.207960623281973
5KPE_6_6_8_0_combined_id3,2.9092016220092773,3.9159038066864014,69.53777777777778,0.59,6,6,94.0626851851852,0.8294026851654053,25.380083,75.60933,0.1857,2.094357384575738
5KPE_6_6_8_0_combined_id4,2.4961254596710205,4.2228617668151855,66.78675925925926,0.58,6,6,94.0626851851852,0.8294026851654053,25.380083,75.60933,0.1845,2.223746688277633
5KPE_6_6_8_0_combined_id5,3.9529387950897217,3.5882787704467773,81.72194444444442,0.67,6,6,94.0626851851852,0.8294026851654053,25.380083,75.60933,0.1841,2.098558920401114
5KPE_6_6_8_0_combined_id6,4.0804338455200195,3.0074000358581543,66.46194444444444,0.54,6,6,94.0626851851852,0.8294026851654053,25.380083,75.60933,0.1808,2.126902968795211
5KPE_6_6_8_0_combined_id7,4.714509963989258,5.051204204559326,78.55592592592592,0.56,6,6,94.0626851851852,0.8294026851654053,25.380083,75.60933,0.2125,2.088877077455874
5KPE_6_6_8_0_combined_id8,7.617765426635742,6.739074230194092,72.78074074074075,0.6,6,6,94.0626851851852,0.8294026851654053,25.380083,75.60933,0.1946,2.037405225965712
5KPE_6_6_8_0_combined_id9,7.86562967300415,6.867755889892578,76.09537037037036,0.58,6,6,94.0626851851852,0.8294026851654053,25.380083,75.60933,0.1819,2.264266967773437
5KPE_6_8_5_0_combined_id1,4.42732048034668,3.8530116081237793,76.14453703703704,0.61,6,8,91.38583333333334,0.9903163909912108,26.335575,79.894455,0.1995,2.1388570997450085
5KPE_6_8_5_0_combined_id10,8.207429885864258,6.262956619262695,69.38768518518519,0.58,6,8,91.38583333333334,0.9903163909912108,26.335575,79.894455,0.1819,2.1217012758608216
5KPE_6_8_5_0_combined_id11,8.87185287475586,7.4235100746154785,72.1912037037037,0.59,6,8,91.38583333333334,0.9903163909912108,26.335575,79.894455,0.1656,2.2558876320167824
5KPE_6_8_5_0_combined_id12,9.228029251098633,10.129652976989746,72.67425925925926,0.55,6,8,91.38583333333334,0.9903163909912108,26.335575,79.894455,0.1922,2.3188179863823786
5KPE_6_8_5_0_combined_id13,6.193042755126953,5.8059401512146,70.9061111111111,0.53,6,8,91.38583333333334,0.9903163909912108,26.335575,79.894455,0.185,2.067964059335214
5KPE_6_8_5_0_combined_id14,5.120473384857178,4.313673496246338,74.37824074074075,0.61,6,8,91.38583333333334,0.9903163909912108,26.335575,79.894455,0.1944,2.017722518355758
5KPE_6_8_5_0_combined_id15,11.117655754089355,10.181593894958496,76.94333333333333,0.58,6,8,91.38583333333334,0.9903163909912108,26.335575,79.894455,0.1896,2.446875113028068
5KPE_6_8_5_0_combined_id16,10.004448890686035,8.36044979095459,69.76287037037036,0.55,6,8,91.38583333333334,0.9903163909912108,26.335575,79.894455,0.1854,2.0082829793294272
5KPE_6_8_5_0_combined_id17,9.367734909057617,7.940161228179932,75.4912962962963,0.55,6,8,91.38583333333334,0.9903163909912108,26.335575,79.894455,0.1823,2.155143313937717
5KPE_6_8_5_0_combined_id18,4.655965805053711,2.9559032917022705,74.52870370370371,0.62,6,8,91.38583333333334,0.9903163909912108,26.335575,79.894455,0.2046,2.039270189073351
5KPE_6_8_5_0_combined_id19,5.683914661407471,6.140473365783691,84.97185185185187,0.69,6,8,91.38583333333334,0.9903163909912108,26.335575,79.894455,0.1948,2.170757717556424
5KPE_6_8_5_0_combined_id2,4.057963848114014,2.923940896987915,73.59657407407407,0.6,6,8,91.38583333333334,0.9903163909912108,26.335575,79.894455,0.1955,2.1215296144838685
5KPE_6_8_5_0_combined_id20,9.371745109558105,8.966999053955078,79.85611111111112,0.65,6,8,91.38583333333334,0.9903163909912108,26.335575,79.894455,0.1869,2.260029686821832
5KPE_6_8_5_0_combined_id21,4.603564739227295,3.546020269393921,76.8824074074074,0.58,6,8,91.38583333333334,0.9903163909912108,26.335575,79.894455,0.1677,2.125726346616392
5KPE_6_8_5_0_combined_id22,4.748274803161621,3.1988725662231445,69.93962962962962,0.6,6,8,91.38583333333334,0.9903163909912108,26.335575,79.894455,0.1758,2.0787374708387585
5KPE_6_8_5_0_combined_id23,10.386624336242676,8.939461708068848,70.26009259259258,0.52,6,8,91.38583333333334,0.9903163909912108,26.335575,79.894455,0.1993,2.18245753535518
5KPE_6_8_5_0_combined_id24,9.69202995300293,10.670733451843262,64.33731481481482,0.52,6,8,91.38583333333334,0.9903163909912108,26.335575,79.894455,0.1801,2.0694303159360534
5KPE_6_8_5_0_combined_id3,9.232540130615234,7.474520683288574,80.57527777777779,0.58,6,8,91.38583333333334,0.9903163909912108,26.335575,79.894455,0.1889,1.963896150942202
5KPE_6_8_5_0_combined_id4,4.170803546905518,3.7047622203826904,74.91703703703703,0.57,6,8,91.38583333333334,0.9903163909912108,26.335575,79.894455,0.1797,2.003020251238788
5KPE_6_8_5_0_combined_id5,9.829519271850586,10.251524925231934,74.48074074074073,0.53,6,8,91.38583333333334,0.9903163909912108,26.335575,79.894455,0.1928,2.0396645157425493
5KPE_6_8_5_0_combined_id6,6.517201900482178,5.488231182098389,74.2675,0.6,6,8,91.38583333333334,0.9903163909912108,26.335575,79.894455,0.1835,2.0263471250180847
5KPE_6_8_5_0_combined_id7,5.975376129150391,5.643926620483398,73.00935185185186,0.6,6,8,91.38583333333334,0.9903163909912108,26.335575,79.894455,0.1856,2.052137586805556
5KPE_6_8_5_0_combined_id8,4.359009265899658,3.5879054069519043,75.50703703703702,0.62,6,8,91.38583333333334,0.9903163909912108,26.335575,79.894455,0.1835,2.0355558042173034
5KPE_6_8_5_0_combined_id9,9.086613655090332,8.038660049438477,69.63722222222223,0.55,6,8,91.38583333333334,0.9903163909912108,26.335575,79.894455,0.1725,2.051552101417824
5KPE_8_2_7_0_combined_id1,5.565672397613525,5.454265117645264,70.33046296296295,0.54,8,2,93.7127777777778,1.1900089979171753,23.910002,75.75694,0.1909,2.1385741057219327
5KPE_8_2_7_0_combined_id10,5.578473091125488,4.5162034034729,67.53305555555555,0.53,8,2,93.7127777777778,1.1900089979171753,23.910002,75.75694,0.1977,2.134701057716652
5KPE_8_2_7_0_combined_id11,2.1665492057800293,4.147593975067139,74.80314814814814,0.59,8,2,93.7127777777778,1.1900089979171753,23.910002,75.75694,0.1738,2.1494584260163485
5KPE_8_2_7_0_combined_id12,9.980481147766113,13.690760612487793,81.99833333333335,0.72,8,2,93.7127777777778,1.1900089979171753,23.910002,75.75694,0.2041,2.2145987616644964
5KPE_8_2_7_0_combined_id13,9.785975456237793,13.10982894897461,68.77944444444445,0.56,8,2,93.7127777777778,1.1900089979171753,23.910002,75.75694,0.1871,2.3714285956488714
5KPE_8_2_7_0_combined_id14,1.6055173873901367,4.373625755310059,79.7487962962963,0.67,8,2,93.7127777777778,1.1900089979171753,23.910002,75.75694,0.1963,2.2563593829119646
5KPE_8_2_7_0_combined_id15,1.995766520500183,4.08479642868042,88.05425925925927,0.73,8,2,93.7127777777778,1.1900089979171753,23.910002,75.75694,0.196,2.112853438765914
5KPE_8_2_7_0_combined_id16,2.4199893474578857,6.3148112297058105,67.68472222222222,0.51,8,2,93.7127777777778,1.1900089979171753,23.910002,75.75694,0.1873,2.06114168520327
5KPE_8_2_7_0_combined_id17,5.5868682861328125,3.9298934936523438,77.42453703703704,0.55,8,2,93.7127777777778,1.1900089979171753,23.910002,75.75694,0.1892,2.2375055948893228
5KPE_8_2_7_0_combined_id18,10.542990684509277,12.977828025817871,75.65240740740741,0.59,8,2,93.7127777777778,1.1900089979171753,23.910002,75.75694,0.197,2.3109738385235823
5KPE_8_2_7_0_combined_id19,1.173179268836975,7.381810188293457,89.25222222222222,0.77,8,2,93.7127777777778,1.1900089979171753,23.910002,75.75694,0.1654,2.2383530228226274
5KPE_8_2_7_0_combined_id2,3.016361713409424,6.991727828979492,80.86888888888888,0.72,8,2,93.7127777777778,1.1900089979171753,23.910002,75.75694,0.1845,2.125042102955006
5KPE_8_2_7_0_combined_id20,4.658209323883057,4.772369861602783,78.31750000000001,0.61,8,2,93.7127777777778,1.1900089979171753,23.910002,75.75694,0.173,2.1311864499692565
5KPE_8_2_7_0_combined_id21,12.06181526184082,14.864472389221191,76.29749999999997,0.63,8,2,93.7127777777778,1.1900089979171753,23.910002,75.75694,0.2057,2.163702223036024
5KPE_8_2_7_0_combined_id22,9.883281707763672,10.035694122314453,76.8263888888889,0.62,8,2,93.7127777777778,1.1900089979171753,23.910002,75.75694,0.1822,2.1429149486400463
5KPE_8_2_7_0_combined_id23,1.4925522804260254,4.928757667541504,88.1763888888889,0.77,8,2,93.7127777777778,1.1900089979171753,23.910002,75.75694,0.181,2.2162113896122686
5KPE_8_2_7_0_combined_id24,9.821669578552246,11.261384010314941,74.87083333333334,0.62,8,2,93.7127777777778,1.1900089979171753,23.910002,75.75694,0.1654,2.215459046540437
5KPE_8_2_7_0_combined_id3,1.3951597213745117,4.1773576736450195,79.57898148148148,0.65,8,2,93.7127777777778,1.1900089979171753,23.910002,75.75694,0.18,2.2704603407118054
5KPE_8_2_7_0_combined_id4,10.136733055114746,13.920960426330566,79.74268518518521,0.68,8,2,93.7127777777778,1.1900089979171753,23.910002,75.75694,0.1738,2.2382329305013022
5KPE_8_2_7_0_combined_id5,10.637974739074707,13.82978630065918,79.38324074074072,0.62,8,2,93.7127777777778,1.1900089979171753,23.910002,75.75694,0.1916,2.124477527759693
5KPE_8_2_7_0_combined_id6,1.139549732208252,5.0958428382873535,85.08472222222224,0.68,8,2,93.7127777777778,1.1900089979171753,23.910002,75.75694,0.17,2.274354581479673
5KPE_8_2_7_0_combined_id7,6.290923118591309,3.9722390174865723,76.87425925925926,0.62,8,2,93.7127777777778,1.1900089979171753,23.910002,75.75694,0.1902,2.172771312572338
5KPE_8_2_7_0_combined_id8,1.2731308937072754,4.244821548461914,86.30212962962962,0.73,8,2,93.7127777777778,1.1900089979171753,23.910002,75.75694,0.1716,2.181317647298177
5KPE_8_2_7_0_combined_id9,5.954412937164307,3.732670545578003,70.95564814814816,0.56,8,2,93.7127777777778,1.1900089979171753,23.910002,75.75694,0.1809,2.0917436105233653
5KPH_2_2_0_0_combined_id1,0.4814029335975647,1.9589078426361084,95.09319444444446,0.81,2,2,95.86194444444445,0.4724860489368438,27.212889,64.483696,0.2217,2.0583710140652127
5KPH_2_2_0_0_combined_id10,0.7007704973220825,1.8339070081710815,92.71875,0.78,2,2,95.86194444444445,0.4724860489368438,27.212889,64.483696,0.2201,2.133294423421224
5KPH_2_2_0_0_combined_id11,0.730421245098114,0.7553694844245911,93.35388888888887,0.76,2,2,95.86194444444445,0.4724860489368438,27.212889,64.483696,0.2236,2.16422356499566
5KPH_2_2_0_0_combined_id13,0.7386375069618225,1.3468040227890015,96.36083333333336,0.83,2,2,95.86194444444445,0.4724860489368438,27.212889,64.483696,0.2286,1.810822168986003
5KPH_2_2_0_0_combined_id14,0.6402414441108704,1.4932492971420288,94.67458333333332,0.81,2,2,95.86194444444445,0.4724860489368438,27.212889,64.483696,0.234,1.9649138980441625
5KPH_2_2_0_0_combined_id15,0.5773798823356628,1.9214401245117188,94.31902777777778,0.81,2,2,95.86194444444445,0.4724860489368438,27.212889,64.483696,0.2066,2.086653815375434
5KPH_2_2_0_0_combined_id16,0.5723351240158081,1.885275959968567,94.97694444444444,0.82,2,2,95.86194444444445,0.4724860489368438,27.212889,64.483696,0.2306,1.989219029744466
5KPH_2_2_0_0_combined_id17,7.201486587524414,6.863679885864258,77.96305555555556,0.6,2,2,95.86194444444445,0.4724860489368438,27.212889,64.483696,0.2145,1.860959159003364
5KPH_2_2_0_0_combined_id18,0.6138890385627747,1.478593111038208,95.7584722222222,0.83,2,2,95.86194444444445,0.4724860489368438,27.212889,64.483696,0.205,2.0145257314046225
5KPH_2_2_0_0_combined_id19,0.6479538679122925,1.68809175491333,92.74194444444444,0.78,2,2,95.86194444444445,0.4724860489368438,27.212889,64.483696,0.2283,1.852655834621853
5KPH_2_2_0_0_combined_id2,0.793071448802948,1.1914465427398682,93.51208333333336,0.79,2,2,95.86194444444445,0.4724860489368438,27.212889,64.483696,0.1928,2.218246459960937
5KPH_2_2_0_0_combined_id20,0.805199146270752,1.3228034973144531,96.79652777777778,0.84,2,2,95.86194444444445,0.4724860489368438,27.212889,64.483696,0.2235,2.0793533325195312
5KPH_2_2_0_0_combined_id21,0.6789090633392334,1.6832897663116455,95.61111111111111,0.83,2,2,95.86194444444445,0.4724860489368438,27.212889,64.483696,0.2215,1.928338792588976
5KPH_2_2_0_0_combined_id22,0.6538578867912292,1.5685033798217773,94.12208333333336,0.81,2,2,95.86194444444445,0.4724860489368438,27.212889,64.483696,0.2264,1.8830401102701824
5KPH_2_2_0_0_combined_id23,0.7191880345344543,1.71455979347229,92.8873611111111,0.79,2,2,95.86194444444445,0.4724860489368438,27.212889,64.483696,0.241,1.8954277038574217
5KPH_2_2_0_0_combined_id24,0.46867647767066956,1.694799542427063,93.36777777777776,0.79,2,2,95.86194444444445,0.4724860489368438,27.212889,64.483696,0.225,1.858732647365994
5KPH_2_2_0_0_combined_id3,0.6318802833557129,1.7760990858078003,95.01222222222222,0.82,2,2,95.86194444444445,0.4724860489368438,27.212889,64.483696,0.2278,1.978413475884332
5KPH_2_2_0_0_combined_id4,0.6638543009757996,2.0051052570343018,95.44305555555556,0.82,2,2,95.86194444444445,0.4724860489368438,27.212889,64.483696,0.214,2.0338770548502603
5KPH_2_2_0_0_combined_id5,0.6026664972305298,1.690946340560913,92.45375,0.77,2,2,95.86194444444445,0.4724860489368438,27.212889,64.483696,0.2225,1.8572360144721136
5KPH_2_2_0_0_combined_id6,0.6429979801177979,1.5241132974624634,95.09597222222222,0.82,2,2,95.86194444444445,0.4724860489368438,27.212889,64.483696,0.2074,2.1301646762424045
5KPH_2_2_0_0_combined_id7,0.6468561291694641,1.6950652599334717,96.09972222222224,0.83,2,2,95.86194444444445,0.4724860489368438,27.212889,64.483696,0.2074,2.1628023783365884
5KPH_2_2_0_0_combined_id9,0.5523338317871094,1.680527687072754,90.86527777777778,0.76,2,2,95.86194444444445,0.4724860489368438,27.212889,64.483696,0.2194,2.011703703138563
5KPH_2_2_1_0_combined_id1,1.025537371635437,0.8852618932723999,92.4876388888889,0.78,2,2,95.44291666666666,0.4715303182601928,27.561415,64.601364,0.2156,2.1160931057400174
5KPH_2_2_1_0_combined_id11,0.4826430380344391,1.810873031616211,95.69444444444444,0.83,2,2,95.44291666666666,0.4715303182601928,27.561415,64.601364,0.183,2.2285063001844616
5KPH_2_2_1_0_combined_id12,1.4945837259292603,1.0260473489761353,94.87013888888887,0.81,2,2,95.44291666666666,0.4715303182601928,27.561415,64.601364,0.2375,1.9828717973497176
5KPH_2_2_1_0_combined_id13,0.9939030408859253,0.7279983758926392,93.62736111111111,0.78,2,2,95.44291666666666,0.4715303182601928,27.561415,64.601364,0.2392,2.147237565782336
5KPH_2_2_1_0_combined_id15,0.7041447758674622,2.051147222518921,94.16027777777776,0.79,2,2,95.44291666666666,0.4715303182601928,27.561415,64.601364,0.2098,1.9168887668185763
5KPH_2_2_1_0_combined_id17,0.8855729699134827,1.4231196641921997,94.29513888888889,0.8,2,2,95.44291666666666,0.4715303182601928,27.561415,64.601364,0.2253,2.090827094184028
5KPH_2_2_1_0_combined_id18,7.675471305847168,7.078341484069824,78.56638888888888,0.54,2,2,95.44291666666666,0.4715303182601928,27.561415,64.601364,0.2404,2.0215411716037326
5KPH_2_2_1_0_combined_id19,0.6746805310249329,1.8699955940246582,92.46416666666669,0.77,2,2,95.44291666666666,0.4715303182601928,27.561415,64.601364,0.2132,1.928596920437283
5KPH_2_2_1_0_combined_id20,0.8316335678100586,1.6274741888046265,96.34,0.83,2,2,95.44291666666666,0.4715303182601928,27.561415,64.601364,0.2191,2.078576829698351
5KPH_2_2_1_0_combined_id21,1.2592953443527222,0.5786041617393494,92.58972222222222,0.75,2,2,95.44291666666666,0.4715303182601928,27.561415,64.601364,0.2116,1.8067576090494792
5KPH_2_2_1_0_combined_id22,0.5793124437332153,1.5581607818603516,94.84013888888887,0.82,2,2,95.44291666666666,0.4715303182601928,27.561415,64.601364,0.2412,2.2604493035210504
5KPH_2_2_1_0_combined_id23,0.5848391652107239,1.9119981527328491,96.32986111111111,0.82,2,2,95.44291666666666,0.4715303182601928,27.561415,64.601364,0.2055,2.161042955186632
5KPH_2_2_1_0_combined_id3,0.7551786303520203,1.0414329767227173,89.87541666666668,0.71,2,2,95.44291666666666,0.4715303182601928,27.561415,64.601364,0.2175,1.7792875501844618
5KPH_2_2_1_0_combined_id4,0.753221333026886,1.6560600996017456,95.69208333333331,0.82,2,2,95.44291666666666,0.4715303182601928,27.561415,64.601364,0.2224,2.025040520562066
5KPH_2_2_1_0_combined_id5,0.6719349026679993,1.9630317687988281,93.8176388888889,0.8,2,2,95.44291666666666,0.4715303182601928,27.561415,64.601364,0.176,2.161332024468316
5KPH_2_2_1_0_combined_id6,0.9303495287895203,0.9814415574073792,95.27625,0.81,2,2,95.44291666666666,0.4715303182601928,27.561415,64.601364,0.2248,2.054854922824436
5KPH_2_2_1_0_combined_id7,0.8439915776252747,1.0494893789291382,91.6248611111111,0.75,2,2,95.44291666666666,0.4715303182601928,27.561415,64.601364,0.1957,2.0099962022569446
5KPH_2_2_1_0_combined_id8,0.6977259516716003,1.9370940923690796,94.38083333333331,0.81,2,2,95.44291666666666,0.4715303182601928,27.561415,64.601364,0.1882,2.120391421847873
5KPH_2_2_2_0_combined_id1,0.7268198728561401,1.7272144556045532,93.54847222222222,0.79,2,2,94.40861111111111,0.4829236567020416,29.908415,65.63445,0.2061,2.100311703152127
5KPH_2_2_2_0_combined_id10,0.6951907277107239,2.0582690238952637,94.09763888888888,0.81,2,2,94.40861111111111,0.4829236567020416,29.908415,65.63445,0.2136,2.137041939629449
5KPH_2_2_2_0_combined_id11,0.5976142287254333,0.8388237953186035,94.15805555555556,0.8,2,2,94.40861111111111,0.4829236567020416,29.908415,65.63445,0.227,2.160860061645508
5KPH_2_2_2_0_combined_id12,0.7511891722679138,1.5984227657318115,94.04333333333336,0.8,2,2,94.40861111111111,0.4829236567020416,29.908415,65.63445,0.1842,2.2163488599989147
5KPH_2_2_2_0_combined_id13,1.7613236904144287,0.9251286387443542,89.23430555555557,0.74,2,2,94.40861111111111,0.4829236567020416,29.908415,65.63445,0.1974,2.3423974778917103
5KPH_2_2_2_0_combined_id15,0.6677884459495544,1.7157392501831055,94.58944444444444,0.8,2,2,94.40861111111111,0.4829236567020416,29.908415,65.63445,0.1999,2.0247380998399525
5KPH_2_2_2_0_combined_id16,0.84965580701828,2.1737709045410156,95.25861111111112,0.82,2,2,94.40861111111111,0.4829236567020416,29.908415,65.63445,0.2095,2.437324947781033
5KPH_2_2_2_0_combined_id17,0.72398442029953,1.5594402551651,91.37055555555555,0.75,2,2,94.40861111111111,0.4829236567020416,29.908415,65.63445,0.194,2.0711241828070746
5KPH_2_2_2_0_combined_id18,0.7234997749328613,1.890795350074768,91.1113888888889,0.74,2,2,94.40861111111111,0.4829236567020416,29.908415,65.63445,0.2001,2.164158715142144
5KPH_2_2_2_0_combined_id2,0.7751532196998596,1.7538172006607056,95.18694444444444,0.82,2,2,94.40861111111111,0.4829236567020416,29.908415,65.63445,0.1606,2.174098120795356
5KPH_2_2_2_0_combined_id20,0.717658519744873,1.9002076387405396,93.43819444444443,0.8,2,2,94.40861111111111,0.4829236567020416,29.908415,65.63445,0.2016,2.237716250949436
5KPH_2_2_2_0_combined_id21,0.7878361344337463,1.4915117025375366,93.57652777777778,0.8,2,2,94.40861111111111,0.4829236567020416,29.908415,65.63445,0.2094,2.201504177517361
5KPH_2_2_2_0_combined_id22,0.7113805413246155,1.323677659034729,93.46902777777778,0.79,2,2,94.40861111111111,0.4829236567020416,29.908415,65.63445,0.1984,2.176769256591797
5KPH_2_2_2_0_combined_id23,0.7278727293014526,1.1850683689117432,95.12388888888889,0.81,2,2,94.40861111111111,0.4829236567020416,29.908415,65.63445,0.2285,2.133797115749783
5KPH_2_2_2_0_combined_id24,0.5961280465126038,1.9362205266952515,91.49041666666666,0.76,2,2,94.40861111111111,0.4829236567020416,29.908415,65.63445,0.1976,2.0797818501790366
5KPH_2_2_2_0_combined_id3,0.6737253069877625,1.5111135244369507,92.47263888888888,0.76,2,2,94.40861111111111,0.4829236567020416,29.908415,65.63445,0.1994,2.146572536892361
5KPH_2_2_2_0_combined_id4,0.8984730839729309,1.0090785026550293,93.8548611111111,0.8,2,2,94.40861111111111,0.4829236567020416,29.908415,65.63445,0.1987,2.23407957288954
5KPH_2_2_2_0_combined_id5,1.6130915880203247,0.9802259802818298,90.18041666666666,0.69,2,2,94.40861111111111,0.4829236567020416,29.908415,65.63445,0.1973,1.978567123413086
5KPH_2_2_2_0_combined_id6,0.7276983261108398,2.0808632373809814,92.80222222222224,0.76,2,2,94.40861111111111,0.4829236567020416,29.908415,65.63445,0.201,1.980890274047852
5KPH_2_2_2_0_combined_id7,0.6991955637931824,1.0477155447006226,93.6275,0.8,2,2,94.40861111111111,0.4829236567020416,29.908415,65.63445,0.2235,2.269904242621528
5KPH_2_2_2_0_combined_id8,0.7416978478431702,2.047300338745117,91.49125,0.75,2,2,94.40861111111111,0.4829236567020416,29.908415,65.63445,0.1964,2.3075794643825955
5KPH_2_2_2_0_combined_id9,0.6952770948410034,1.9687949419021606,96.06333333333332,0.82,2,2,94.40861111111111,0.4829236567020416,29.908415,65.63445,0.2164,2.151582294040256
5KPH_2_2_3_0_combined_id1,0.6056159138679504,2.095111131668091,96.15597222222222,0.82,2,2,94.70097222222222,0.6565586924552917,29.341858,65.7509,0.1991,2.016147189670139
5KPH_2_2_3_0_combined_id10,0.8175344467163086,1.1693681478500366,90.93694444444444,0.75,2,2,94.70097222222222,0.6565586924552917,29.341858,65.7509,0.2059,2.056710137261285
5KPH_2_2_3_0_combined_id11,0.633804202079773,1.0214722156524658,94.83236111111113,0.8,2,2,94.70097222222222,0.6565586924552917,29.341858,65.7509,0.223,2.2012322743733725
5KPH_2_2_3_0_combined_id12,0.6596877574920654,1.9770500659942627,92.64597222222224,0.79,2,2,94.70097222222222,0.6565586924552917,29.341858,65.7509,0.1999,1.9776437547471788
5KPH_2_2_3_0_combined_id13,0.6307753324508667,1.929526686668396,93.47208333333332,0.79,2,2,94.70097222222222,0.6565586924552917,29.341858,65.7509,0.2157,1.9918588002522783
5KPH_2_2_3_0_combined_id14,0.5004050731658936,1.704293131828308,93.18555555555557,0.79,2,2,94.70097222222222,0.6565586924552917,29.341858,65.7509,0.2165,2.26325798034668
5KPH_2_2_3_0_combined_id15,0.7000325322151184,2.007187843322754,94.10222222222222,0.81,2,2,94.70097222222222,0.6565586924552917,29.341858,65.7509,0.2353,1.9119610256618924
5KPH_2_2_3_0_combined_id16,0.6105266213417053,1.869673490524292,93.44194444444445,0.77,2,2,94.70097222222222,0.6565586924552917,29.341858,65.7509,0.1947,2.1644058227539062
5KPH_2_2_3_0_combined_id18,0.597919762134552,1.784557819366455,94.45305555555557,0.8,2,2,94.70097222222222,0.6565586924552917,29.341858,65.7509,0.2149,2.0482915242513022
5KPH_2_2_3_0_combined_id19,0.6548997163772583,1.8931268453598022,93.68333333333334,0.78,2,2,94.70097222222222,0.6565586924552917,29.341858,65.7509,0.1899,1.8424195183648004
5KPH_2_2_3_0_combined_id2,0.7640320062637329,1.17910635471344,91.14541666666668,0.73,2,2,94.70097222222222,0.6565586924552917,29.341858,65.7509,0.2152,1.735048082139757
5KPH_2_2_3_0_combined_id20,0.6701475977897644,2.0212152004241943,96.07166666666666,0.83,2,2,94.70097222222222,0.6565586924552917,29.341858,65.7509,0.2126,2.045147365993924
5KPH_2_2_3_0_combined_id21,0.658905565738678,2.1260430812835693,93.09805555555556,0.78,2,2,94.70097222222222,0.6565586924552917,29.341858,65.7509,0.2203,1.814832051595052
5KPH_2_2_3_0_combined_id23,0.5531718134880066,1.851318120956421,96.48305555555557,0.83,2,2,94.70097222222222,0.6565586924552917,29.341858,65.7509,0.215,2.356268141004774
5KPH_2_2_3_0_combined_id24,0.8077483773231506,1.0382167100906372,91.45944444444444,0.76,2,2,94.70097222222222,0.6565586924552917,29.341858,65.7509,0.2332,2.000264697604709
5KPH_2_2_3_0_combined_id3,0.7067726850509644,2.062711000442505,91.40666666666668,0.74,2,2,94.70097222222222,0.6565586924552917,29.341858,65.7509,0.2195,1.8657069736056853
5KPH_2_2_3_0_combined_id4,0.6105203628540039,1.954668641090393,95.7684722222222,0.82,2,2,94.70097222222222,0.6565586924552917,29.341858,65.7509,0.2224,1.9931666056315105
5KPH_2_2_3_0_combined_id5,1.1384586095809937,0.8770993947982788,93.64819444444444,0.77,2,2,94.70097222222222,0.6565586924552917,29.341858,65.7509,0.2003,1.7754092746310763
5KPH_2_2_3_0_combined_id6,0.5663463473320007,1.8548904657363892,93.98736111111111,0.79,2,2,94.70097222222222,0.6565586924552917,29.341858,65.7509,0.2366,2.1318386925591364
5KPH_2_2_3_0_combined_id7,0.6890285611152649,1.9828989505767822,93.51513888888888,0.79,2,2,94.70097222222222,0.6565586924552917,29.341858,65.7509,0.2104,1.885887781778972
5KPH_2_2_3_0_combined_id8,0.7851244211196899,1.2241370677947998,87.97097222222222,0.72,2,2,94.70097222222222,0.6565586924552917,29.341858,65.7509,0.1978,2.0853455861409507
5KPH_2_2_3_0_combined_id9,0.6483216285705566,2.1278669834136963,94.32458333333334,0.8,2,2,94.70097222222222,0.6565586924552917,29.341858,65.7509,0.2179,1.887595494588216
5KPH_2_2_4_0_combined_id1,1.588382363319397,0.6137306690216064,87.66638888888889,0.67,2,2,94.94055555555556,0.6120202541351318,27.743456,66.47516,0.1953,1.7836380004882812
5KPH_2_2_4_0_combined_id10,0.9284451007843018,1.4681217670440674,94.22722222222222,0.8,2,2,94.94055555555556,0.6120202541351318,27.743456,66.47516,0.2149,2.130750444200304
5KPH_2_2_4_0_combined_id11,0.7768315672874451,2.0529496669769287,92.725,0.78,2,2,94.94055555555556,0.6120202541351318,27.743456,66.47516,0.1934,1.9812889099121087
5KPH_2_2_4_0_combined_id12,0.8690820336341858,1.6468526124954224,93.5838888888889,0.8,2,2,94.94055555555556,0.6120202541351318,27.743456,66.47516,0.1917,2.311468336317274
5KPH_2_2_4_0_combined_id13,0.6950879693031311,2.1397883892059326,94.38347222222222,0.81,2,2,94.94055555555556,0.6120202541351318,27.743456,66.47516,0.1959,1.9892484876844616
5KPH_2_2_4_0_combined_id14,0.7572816014289856,1.9515904188156128,94.76527777777778,0.79,2,2,94.94055555555556,0.6120202541351318,27.743456,66.47516,0.2018,2.092687818739149
5KPH_2_2_4_0_combined_id15,0.6586374044418335,1.7919399738311768,94.55083333333332,0.8,2,2,94.94055555555556,0.6120202541351318,27.743456,66.47516,0.2155,2.229467603895399
5KPH_2_2_4_0_combined_id17,0.8028096556663513,1.2714812755584717,92.67486111111111,0.78,2,2,94.94055555555556,0.6120202541351318,27.743456,66.47516,0.2132,2.023928748236762
5KPH_2_2_4_0_combined_id18,0.7266432046890259,1.189134120941162,92.33819444444444,0.76,2,2,94.94055555555556,0.6120202541351318,27.743456,66.47516,0.2087,1.8340377807617188
5KPH_2_2_4_0_combined_id19,0.8421362042427063,1.7950060367584229,91.67236111111112,0.75,2,2,94.94055555555556,0.6120202541351318,27.743456,66.47516,0.2089,1.7862803141276042
5KPH_2_2_4_0_combined_id20,0.8637171387672424,1.0947173833847046,92.06805555555556,0.77,2,2,94.94055555555556,0.6120202541351318,27.743456,66.47516,0.164,2.0278258853488498
5KPH_2_2_4_0_combined_id21,0.8904688358306885,0.9485085010528564,89.83472222222223,0.72,2,2,94.94055555555556,0.6120202541351318,27.743456,66.47516,0.2019,1.81862915886773
5KPH_2_2_4_0_combined_id23,0.7364943623542786,1.4681975841522217,93.56194444444444,0.8,2,2,94.94055555555556,0.6120202541351318,27.743456,66.47516,0.1892,1.96500735812717
5KPH_2_2_4_0_combined_id24,1.2659518718719482,0.7162966132164001,90.68763888888888,0.71,2,2,94.94055555555556,0.6120202541351318,27.743456,66.47516,0.2146,1.6236519283718531
5KPH_2_2_4_0_combined_id3,0.6306817531585693,1.568993330001831,90.96291666666669,0.76,2,2,94.94055555555556,0.6120202541351318,27.743456,66.47516,0.2154,2.0683390299479165
5KPH_2_2_4_0_combined_id4,0.7705873847007751,1.6633285284042358,93.37805555555556,0.79,2,2,94.94055555555556,0.6120202541351318,27.743456,66.47516,0.1944,1.7234557469685872
5KPH_2_2_4_0_combined_id5,0.6799116730690002,1.9093525409698486,95.26930555555556,0.82,2,2,94.94055555555556,0.6120202541351318,27.743456,66.47516,0.2141,1.949687745836046
5KPH_2_2_4_0_combined_id6,0.7967737317085266,0.6816162467002869,92.37791666666664,0.77,2,2,94.94055555555556,0.6120202541351318,27.743456,66.47516,0.1982,2.1179608239067926
5KPH_2_2_4_0_combined_id8,0.5889132618904114,2.018233299255371,92.7527777777778,0.79,2,2,94.94055555555556,0.6120202541351318,27.743456,66.47516,0.1788,2.064490212334527
5KPH_2_2_4_0_combined_id9,2.653836727142334,1.021325707435608,91.36305555555556,0.75,2,2,94.94055555555556,0.6120202541351318,27.743456,66.47516,0.184,1.9581599765353728
5KPH_2_2_5_0_combined_id1,0.48955971002578735,1.8989235162734985,93.59013888888887,0.79,2,2,95.79027777777776,0.6174848079681396,29.067644,66.2739,0.2237,2.034688525729709
5KPH_2_2_5_0_combined_id10,0.6355426907539368,1.4885094165802002,90.74152777777778,0.74,2,2,95.79027777777776,0.6174848079681396,29.067644,66.2739,0.2328,1.877307467990452
5KPH_2_2_5_0_combined_id11,0.7480558753013611,1.1085407733917236,87.38569444444445,0.72,2,2,95.79027777777776,0.6174848079681396,29.067644,66.2739,0.2194,1.947293175591363
5KPH_2_2_5_0_combined_id12,0.4928857386112213,1.8881840705871582,94.79013888888888,0.81,2,2,95.79027777777776,0.6174848079681396,29.067644,66.2739,0.2085,2.0731404622395835
5KPH_2_2_5_0_combined_id13,0.6105896830558777,1.614510178565979,95.12041666666669,0.81,2,2,95.79027777777776,0.6174848079681396,29.067644,66.2739,0.2294,1.9304693010118272
5KPH_2_2_5_0_combined_id14,0.6303144097328186,0.791747510433197,94.2752777777778,0.8,2,2,95.79027777777776,0.6174848079681396,29.067644,66.2739,0.223,2.067864735921224
5KPH_2_2_5_0_combined_id15,0.6099869012832642,1.3564846515655518,94.6997222222222,0.8,2,2,95.79027777777776,0.6174848079681396,29.067644,66.2739,0.2253,1.9266912672254768
5KPH_2_2_5_0_combined_id16,0.4903869926929474,1.7586952447891235,95.14013888888888,0.81,2,2,95.79027777777776,0.6174848079681396,29.067644,66.2739,0.21,2.026284535725912
5KPH_2_2_5_0_combined_id17,0.6580586433410645,1.1669851541519165,89.51861111111111,0.74,2,2,95.79027777777776,0.6174848079681396,29.067644,66.2739,0.1962,2.0298644171820746
5KPH_2_2_5_0_combined_id18,0.6694900989532471,1.443453073501587,95.3025,0.82,2,2,95.79027777777776,0.6174848079681396,29.067644,66.2739,0.2079,2.0050103929307728
5KPH_2_2_5_0_combined_id19,0.9504444599151611,0.8402073979377747,91.60916666666668,0.77,2,2,95.79027777777776,0.6174848079681396,29.067644,66.2739,0.2355,1.9396805233425565
5KPH_2_2_5_0_combined_id2,0.916826605796814,1.180618405342102,93.16875,0.79,2,2,95.79027777777776,0.6174848079681396,29.067644,66.2739,0.2381,2.1889542473687067
5KPH_2_2_5_0_combined_id20,0.5258878469467163,1.3353065252304077,92.60555555555555,0.78,2,2,95.79027777777776,0.6174848079681396,29.067644,66.2739,0.2119,1.9159024556477864
5KPH_2_2_5_0_combined_id21,0.5275009870529175,1.851794719696045,93.00625,0.79,2,2,95.79027777777776,0.6174848079681396,29.067644,66.2739,0.2301,1.9241451687282989
5KPH_2_2_5_0_combined_id22,0.5437750816345215,1.4736961126327515,94.31208333333332,0.81,2,2,95.79027777777776,0.6174848079681396,29.067644,66.2739,0.2175,2.21010865105523
5KPH_2_2_5_0_combined_id23,0.5467966198921204,1.9781123399734497,92.75833333333334,0.78,2,2,95.79027777777776,0.6174848079681396,29.067644,66.2739,0.2212,2.063190672132704
5KPH_2_2_5_0_combined_id24,0.5882506370544434,1.2071808576583862,91.75680555555556,0.76,2,2,95.79027777777776,0.6174848079681396,29.067644,66.2739,0.2464,1.7501632902357314
5KPH_2_2_5_0_combined_id3,0.4339351952075958,1.8895273208618164,95.98583333333332,0.82,2,2,95.79027777777776,0.6174848079681396,29.067644,66.2739,0.1971,2.262969122992621
5KPH_2_2_5_0_combined_id4,0.5975462198257446,1.5754001140594482,91.89069444444443,0.75,2,2,95.79027777777776,0.6174848079681396,29.067644,66.2739,0.2173,1.834126790364584
5KPH_2_2_5_0_combined_id5,0.5790102481842041,1.4467055797576904,93.76444444444444,0.79,2,2,95.79027777777776,0.6174848079681396,29.067644,66.2739,0.2361,1.9328625996907551
5KPH_2_2_5_0_combined_id6,0.6526293158531189,1.4627323150634766,92.93569444444444,0.78,2,2,95.79027777777776,0.6174848079681396,29.067644,66.2739,0.2014,1.918196784125434
5KPH_2_2_5_0_combined_id7,0.6812302470207214,1.1008259057998657,93.41194444444444,0.78,2,2,95.79027777777776,0.6174848079681396,29.067644,66.2739,0.2047,1.9793535868326824
5KPH_2_2_5_0_combined_id8,0.6194053292274475,1.3823431730270386,94.67416666666664,0.81,2,2,95.79027777777776,0.6174848079681396,29.067644,66.2739,0.2217,2.170332590738932
5KPH_2_2_5_0_combined_id9,0.6123754382133484,1.3943250179290771,95.6452777777778,0.82,2,2,95.79027777777776,0.6174848079681396,29.067644,66.2739,0.2238,2.066328684488932
5KPH_2_2_6_0_combined_id1,0.7266601920127869,2.0843288898468018,94.8425,0.81,2,2,94.94083333333332,0.7055841088294983,28.5148,65.0516,0.2015,2.0888404846191406
5KPH_2_2_6_0_combined_id10,0.5790384411811829,1.8665945529937744,95.85680555555555,0.82,2,2,94.94083333333332,0.7055841088294983,28.5148,65.0516,0.2137,1.864127688937717
5KPH_2_2_6_0_combined_id12,0.7576318979263306,1.5896039009094238,88.96166666666666,0.69,2,2,94.94083333333332,0.7055841088294983,28.5148,65.0516,0.2155,1.7438812255859375
5KPH_2_2_6_0_combined_id15,0.7103156447410583,1.9019498825073242,94.34069444444444,0.79,2,2,94.94083333333332,0.7055841088294983,28.5148,65.0516,0.1953,1.9804153442382808
5KPH_2_2_6_0_combined_id16,0.6209126710891724,1.915558934211731,95.3513888888889,0.82,2,2,94.94083333333332,0.7055841088294983,28.5148,65.0516,0.2115,2.2025845845540366
5KPH_2_2_6_0_combined_id17,0.6594141125679016,2.250471830368042,92.8347222222222,0.78,2,2,94.94083333333332,0.7055841088294983,28.5148,65.0516,0.2012,2.021112230088976
5KPH_2_2_6_0_combined_id18,0.582358717918396,2.148902416229248,93.80652777777776,0.8,2,2,94.94083333333332,0.7055841088294983,28.5148,65.0516,0.2102,1.8380552927653
5KPH_2_2_6_0_combined_id19,0.5072148442268372,1.9666123390197754,93.11291666666664,0.78,2,2,94.94083333333332,0.7055841088294983,28.5148,65.0516,0.2199,1.6427550845675998
5KPH_2_2_6_0_combined_id2,0.691009521484375,1.996596336364746,95.43583333333332,0.82,2,2,94.94083333333332,0.7055841088294983,28.5148,65.0516,0.2124,2.1064974466959634
5KPH_2_2_6_0_combined_id20,0.7177013754844666,1.9124411344528198,91.73666666666666,0.77,2,2,94.94083333333332,0.7055841088294983,28.5148,65.0516,0.2078,1.9928279452853728
5KPH_2_2_6_0_combined_id21,0.6342347860336304,2.229656219482422,95.64319444444445,0.83,2,2,94.94083333333332,0.7055841088294983,28.5148,65.0516,0.2359,2.26860088772244
5KPH_2_2_6_0_combined_id22,0.5865384936332703,1.660475730895996,92.84194444444444,0.77,2,2,94.94083333333332,0.7055841088294983,28.5148,65.0516,0.2311,1.90375730726454
5KPH_2_2_6_0_combined_id23,0.7336624264717102,2.060662269592285,95.95763888888888,0.83,2,2,94.94083333333332,0.7055841088294983,28.5148,65.0516,0.2343,2.104127248128256
5KPH_2_2_6_0_combined_id24,0.7037867307662964,1.914062261581421,93.38722222222223,0.78,2,2,94.94083333333332,0.7055841088294983,28.5148,65.0516,0.2015,1.883106231689453
5KPH_2_2_6_0_combined_id3,0.5682425498962402,1.9551899433135986,95.08972222222222,0.79,2,2,94.94083333333332,0.7055841088294983,28.5148,65.0516,0.2082,2.0820164150661893
5KPH_2_2_6_0_combined_id4,0.5898677706718445,2.106886863708496,94.47208333333332,0.81,2,2,94.94083333333332,0.7055841088294983,28.5148,65.0516,0.2167,1.9304724799262152
5KPH_2_2_6_0_combined_id5,0.6677501797676086,1.171493411064148,91.44944444444444,0.75,2,2,94.94083333333332,0.7055841088294983,28.5148,65.0516,0.2068,2.2198384602864585
5KPH_2_2_6_0_combined_id6,7.9956841468811035,7.339851379394531,80.06472222222222,0.62,2,2,94.94083333333332,0.7055841088294983,28.5148,65.0516,0.2186,2.128037770589193
5KPH_2_2_6_0_combined_id7,0.5517277121543884,2.172774076461792,95.45680555555556,0.82,2,2,94.94083333333332,0.7055841088294983,28.5148,65.0516,0.2109,2.082983228895399
5KPH_2_2_6_0_combined_id9,0.6025731563568115,2.051295042037964,91.80027777777777,0.77,2,2,94.94083333333332,0.7055841088294983,28.5148,65.0516,0.2005,1.9599486456977
5KPH_2_2_7_0_combined_id1,0.6616645455360413,1.1877601146697998,92.16305555555556,0.77,2,2,95.26416666666668,0.5629390478134155,26.249056,63.93125,0.204,1.992042965359158
5KPH_2_2_7_0_combined_id10,0.7195928692817688,2.142902374267578,94.58527777777778,0.81,2,2,95.26416666666668,0.5629390478134155,26.249056,63.93125,0.2296,2.2161742316352
5KPH_2_2_7_0_combined_id11,0.6642602682113647,1.9468655586242676,92.70402777777778,0.78,2,2,95.26416666666668,0.5629390478134155,26.249056,63.93125,0.2131,2.1855845981174045
5KPH_2_2_7_0_combined_id12,0.6833540797233582,0.6832561492919922,94.68458333333334,0.8,2,2,95.26416666666668,0.5629390478134155,26.249056,63.93125,0.2297,1.905923207600912
5KPH_2_2_7_0_combined_id14,0.6970722079277039,2.067739486694336,94.60875,0.82,2,2,95.26416666666668,0.5629390478134155,26.249056,63.93125,0.2435,2.122607125176324
5KPH_2_2_7_0_combined_id15,0.7232946753501892,1.7631146907806396,96.20361111111112,0.82,2,2,95.26416666666668,0.5629390478134155,26.249056,63.93125,0.2437,2.162075678507487
5KPH_2_2_7_0_combined_id16,0.6552492380142212,1.826433539390564,91.92222222222222,0.76,2,2,95.26416666666668,0.5629390478134155,26.249056,63.93125,0.202,2.027446746826172
5KPH_2_2_7_0_combined_id17,0.6710744500160217,1.4565274715423584,91.92083333333332,0.73,2,2,95.26416666666668,0.5629390478134155,26.249056,63.93125,0.2192,1.973722669813368
5KPH_2_2_7_0_combined_id18,1.2327016592025757,0.6139137148857117,90.66263888888888,0.74,2,2,95.26416666666668,0.5629390478134155,26.249056,63.93125,0.2386,2.193666246202257
5KPH_2_2_7_0_combined_id19,0.7402349710464478,0.8403257131576538,95.19791666666669,0.82,2,2,95.26416666666668,0.5629390478134155,26.249056,63.93125,0.217,1.9812482198079424
5KPH_2_2_7_0_combined_id2,0.6559018492698669,2.1517884731292725,94.6647222222222,0.8,2,2,95.26416666666668,0.5629390478134155,26.249056,63.93125,0.22,1.9072880215115016
5KPH_2_2_7_0_combined_id20,0.7767657041549683,2.0275113582611084,95.37625,0.81,2,2,95.26416666666668,0.5629390478134155,26.249056,63.93125,0.1965,2.08469475640191
5KPH_2_2_7_0_combined_id21,0.767568826675415,1.0502989292144775,95.3638888888889,0.81,2,2,95.26416666666668,0.5629390478134155,26.249056,63.93125,0.2337,2.1443269517686634
5KPH_2_2_7_0_combined_id22,0.6526771187782288,1.9662857055664062,94.00666666666667,0.79,2,2,95.26416666666668,0.5629390478134155,26.249056,63.93125,0.2264,1.9476392534044047
5KPH_2_2_7_0_combined_id23,0.7894366383552551,2.1363441944122314,94.90527777777778,0.81,2,2,95.26416666666668,0.5629390478134155,26.249056,63.93125,0.2119,2.076654222276476
5KPH_2_2_7_0_combined_id24,0.7732796669006348,1.8537567853927612,94.72833333333334,0.82,2,2,95.26416666666668,0.5629390478134155,26.249056,63.93125,0.2006,1.9265092213948567
5KPH_2_2_7_0_combined_id3,0.7906954884529114,1.8824687004089355,92.66555555555556,0.79,2,2,95.26416666666668,0.5629390478134155,26.249056,63.93125,0.2164,1.818572998046875
5KPH_2_2_7_0_combined_id4,0.6897108554840088,2.1948800086975098,95.68777777777778,0.82,2,2,95.26416666666668,0.5629390478134155,26.249056,63.93125,0.2285,1.9746916029188368
5KPH_2_2_7_0_combined_id6,0.7076743841171265,1.9272831678390503,94.22541666666666,0.8,2,2,95.26416666666668,0.5629390478134155,26.249056,63.93125,0.2066,1.9917801751030817
5KPH_2_2_7_0_combined_id7,0.5972721576690674,1.8187130689620972,93.44888888888887,0.8,2,2,95.26416666666668,0.5629390478134155,26.249056,63.93125,0.1869,2.3363859388563366
5KPH_2_2_7_0_combined_id8,0.6241087317466736,0.7195408940315247,94.44583333333334,0.81,2,2,95.26416666666668,0.5629390478134155,26.249056,63.93125,0.2419,1.8493198818630645
5KPH_2_2_7_0_combined_id9,0.6709741950035095,0.8417376279830933,92.36652777777778,0.75,2,2,95.26416666666668,0.5629390478134155,26.249056,63.93125,0.2273,1.7334242926703558
5KPH_2_2_8_0_combined_id1,0.562823474407196,1.9163880348205566,92.3826388888889,0.77,2,2,94.51486111111112,0.6734621524810791,28.248516,64.75931,0.2121,1.8699141608344183
5KPH_2_2_8_0_combined_id11,0.5899866223335266,1.7155945301055908,94.60111111111112,0.81,2,2,94.51486111111112,0.6734621524810791,28.248516,64.75931,0.2094,2.0918252733018665
5KPH_2_2_8_0_combined_id12,0.6485052704811096,1.1707253456115723,91.34819444444445,0.78,2,2,94.51486111111112,0.6734621524810791,28.248516,64.75931,0.1865,2.117967393663194
5KPH_2_2_8_0_combined_id13,0.9380232691764832,1.152862310409546,95.20291666666668,0.81,2,2,94.51486111111112,0.6734621524810791,28.248516,64.75931,0.235,2.3079541524251304
5KPH_2_2_8_0_combined_id14,0.7505627274513245,0.9545581340789795,89.03555555555555,0.7,2,2,94.51486111111112,0.6734621524810791,28.248516,64.75931,0.2022,1.90036137898763
5KPH_2_2_8_0_combined_id15,0.5877047777175903,1.9631866216659546,92.07986111111111,0.76,2,2,94.51486111111112,0.6734621524810791,28.248516,64.75931,0.2376,1.7210586335923936
5KPH_2_2_8_0_combined_id16,1.4984583854675293,0.7933389544487,95.39458333333332,0.81,2,2,94.51486111111112,0.6734621524810791,28.248516,64.75931,0.2141,1.855099572075738
5KPH_2_2_8_0_combined_id18,0.5855541229248047,1.8995106220245361,90.58555555555556,0.74,2,2,94.51486111111112,0.6734621524810791,28.248516,64.75931,0.2253,1.835550520155165
5KPH_2_2_8_0_combined_id19,0.780070424079895,2.060004711151123,91.02805555555555,0.74,2,2,94.51486111111112,0.6734621524810791,28.248516,64.75931,0.2075,2.019625769721137
5KPH_2_2_8_0_combined_id2,0.5468881130218506,1.7488069534301758,94.59416666666668,0.81,2,2,94.51486111111112,0.6734621524810791,28.248516,64.75931,0.1892,2.035491307576497
5KPH_2_2_8_0_combined_id20,0.6313603520393372,0.8935506939888,91.97569444444444,0.75,2,2,94.51486111111112,0.6734621524810791,28.248516,64.75931,0.1981,1.9523006015353728
5KPH_2_2_8_0_combined_id21,0.6987531185150146,1.6161329746246338,93.52458333333334,0.79,2,2,94.51486111111112,0.6734621524810791,28.248516,64.75931,0.2122,1.876234690348308
5KPH_2_2_8_0_combined_id22,0.5663161873817444,1.7696483135223389,92.98583333333332,0.79,2,2,94.51486111111112,0.6734621524810791,28.248516,64.75931,0.1924,2.105526394314236
5KPH_2_2_8_0_combined_id23,0.7109351754188538,1.6386308670043945,93.98388888888888,0.8,2,2,94.51486111111112,0.6734621524810791,28.248516,64.75931,0.2281,1.951925065782335
5KPH_2_2_8_0_combined_id24,0.62663334608078,1.8580812215805054,95.87472222222222,0.83,2,2,94.51486111111112,0.6734621524810791,28.248516,64.75931,0.1971,2.2621468438042536
5KPH_2_2_8_0_combined_id3,0.80865079164505,0.7878482937812805,94.42958333333334,0.79,2,2,94.51486111111112,0.6734621524810791,28.248516,64.75931,0.2193,2.2103922102186413
5KPH_2_2_8_0_combined_id4,0.6678522229194641,1.8423465490341187,91.36611111111112,0.75,2,2,94.51486111111112,0.6734621524810791,28.248516,64.75931,0.2196,1.766241709391276
5KPH_2_2_8_0_combined_id5,0.6655741333961487,1.2385228872299194,93.47,0.79,2,2,94.51486111111112,0.6734621524810791,28.248516,64.75931,0.2028,1.872799979315864
5KPH_2_2_8_0_combined_id6,0.5645697712898254,1.9689381122589111,92.7188888888889,0.78,2,2,94.51486111111112,0.6734621524810791,28.248516,64.75931,0.2226,1.8096046447753904
5KPH_2_2_8_0_combined_id7,1.2182468175888062,0.7127869129180908,94.31305555555556,0.79,2,2,94.51486111111112,0.6734621524810791,28.248516,64.75931,0.2341,1.927750481499566
5KPH_2_2_8_0_combined_id8,0.8408397436141968,0.8539288640022278,88.86125,0.71,2,2,94.51486111111112,0.6734621524810791,28.248516,64.75931,0.2235,2.3445108201768665
5KPH_2_2_8_0_combined_id9,0.6615809798240662,2.0143022537231445,92.40291666666668,0.78,2,2,94.51486111111112,0.6734621524810791,28.248516,64.75931,0.2206,2.048455980088976
5KPH_2_2_9_0_combined_id1,1.9495517015457153,0.6558274030685425,95.57513888888889,0.82,2,2,95.96875,0.7722070813179016,27.945183,67.43445,0.2109,2.124670240614149
5KPH_2_2_9_0_combined_id10,0.613955557346344,1.632416844367981,93.41777777777776,0.78,2,2,95.96875,0.7722070813179016,27.945183,67.43445,0.2056,2.114361233181424
5KPH_2_2_9_0_combined_id11,0.5462633371353149,1.9612867832183838,95.98097222222223,0.83,2,2,95.96875,0.7722070813179016,27.945183,67.43445,0.1993,2.2723566691080728
5KPH_2_2_9_0_combined_id12,0.5679018497467041,1.9292519092559814,96.07125,0.83,2,2,95.96875,0.7722070813179016,27.945183,67.43445,0.2394,2.144902123345269
5KPH_2_2_9_0_combined_id13,0.6049638390541077,2.041368246078491,96.2761111111111,0.83,2,2,95.96875,0.7722070813179016,27.945183,67.43445,0.214,2.2609839969211154
5KPH_2_2_9_0_combined_id14,0.4908513128757477,2.0787081718444824,92.73972222222224,0.77,2,2,95.96875,0.7722070813179016,27.945183,67.43445,0.2079,2.037024392022027
5KPH_2_2_9_0_combined_id15,0.5801612734794617,0.7608727216720581,93.43222222222222,0.78,2,2,95.96875,0.7722070813179016,27.945183,67.43445,0.2168,2.2102508544921875
5KPH_2_2_9_0_combined_id17,0.9174453020095825,1.5079715251922607,90.1876388888889,0.73,2,2,95.96875,0.7722070813179016,27.945183,67.43445,0.2047,1.7920619116889105
5KPH_2_2_9_0_combined_id18,0.6425419449806213,1.9682146310806274,96.61902777777776,0.82,2,2,95.96875,0.7722070813179016,27.945183,67.43445,0.2389,2.0888610415988498
5KPH_2_2_9_0_combined_id2,0.5945829153060913,1.4750057458877563,94.71208333333334,0.8,2,2,95.96875,0.7722070813179016,27.945183,67.43445,0.224,2.0387431250678167
5KPH_2_2_9_0_combined_id20,0.5760946869850159,0.8402664661407471,93.5711111111111,0.78,2,2,95.96875,0.7722070813179016,27.945183,67.43445,0.2101,1.8789024353027344
5KPH_2_2_9_0_combined_id21,0.7486186623573303,1.92987060546875,95.37388888888889,0.82,2,2,95.96875,0.7722070813179016,27.945183,67.43445,0.2212,1.9065564473470047
5KPH_2_2_9_0_combined_id22,0.8524700403213501,1.9446754455566406,93.80708333333332,0.8,2,2,95.96875,0.7722070813179016,27.945183,67.43445,0.2002,1.955725563897027
5KPH_2_2_9_0_combined_id23,0.5528119206428528,2.019669532775879,95.51180555555555,0.82,2,2,95.96875,0.7722070813179016,27.945183,67.43445,0.2144,2.112044440375434
5KPH_2_2_9_0_combined_id24,0.6208637356758118,1.8078118562698364,95.03402777777778,0.82,2,2,95.96875,0.7722070813179016,27.945183,67.43445,0.2283,2.3245938618977866
5KPH_2_2_9_0_combined_id3,0.7079784870147705,2.013195276260376,96.07708333333332,0.83,2,2,95.96875,0.7722070813179016,27.945183,67.43445,0.241,2.187738206651476
5KPH_2_2_9_0_combined_id4,0.8118306994438171,1.7712656259536743,96.16666666666669,0.83,2,2,95.96875,0.7722070813179016,27.945183,67.43445,0.2183,2.081954532199436
5KPH_2_2_9_0_combined_id5,0.6645307540893555,1.8697614669799805,93.81611111111113,0.8,2,2,95.96875,0.7722070813179016,27.945183,67.43445,0.203,2.169841766357422
5KPH_2_2_9_0_combined_id6,0.614828884601593,1.721806287765503,94.90527777777778,0.81,2,2,95.96875,0.7722070813179016,27.945183,67.43445,0.2152,2.065127690633138
5KPH_2_2_9_0_combined_id7,0.87547767162323,1.3025493621826172,90.23583333333336,0.73,2,2,95.96875,0.7722070813179016,27.945183,67.43445,0.2078,1.90332391526964
5KPH_2_2_9_0_combined_id8,0.7121390104293823,0.8036049008369446,91.3573611111111,0.75,2,2,95.96875,0.7722070813179016,27.945183,67.43445,0.189,2.1382033030192056
5KPH_2_2_9_0_combined_id9,0.5937023758888245,1.731229305267334,92.77222222222224,0.78,2,2,95.96875,0.7722070813179016,27.945183,67.43445,0.1973,2.1442074245876737
5KPH_2_4_0_0_combined_id1,0.6100049018859863,2.2146527767181396,93.25416666666666,0.78,2,4,96.07763888888888,0.5670257210731506,27.265602,66.684906,0.2189,1.8699991438123915
5KPH_2_4_0_0_combined_id10,0.5731378793716431,0.8991664052009583,92.45069444444444,0.74,2,4,96.07763888888888,0.5670257210731506,27.265602,66.684906,0.2256,1.6384729809231229
5KPH_2_4_0_0_combined_id11,2.173297643661499,0.6297768950462341,94.47541666666666,0.79,2,4,96.07763888888888,0.5670257210731506,27.265602,66.684906,0.1935,2.063748253716363
5KPH_2_4_0_0_combined_id12,0.564849317073822,2.1202218532562256,94.20791666666666,0.8,2,4,96.07763888888888,0.5670257210731506,27.265602,66.684906,0.2343,1.895400153266059
5KPH_2_4_0_0_combined_id14,1.3880829811096191,0.6365780830383301,92.88069444444444,0.75,2,4,96.07763888888888,0.5670257210731506,27.265602,66.684906,0.2203,1.6863064236111112
5KPH_2_4_0_0_combined_id15,0.6851035356521606,0.9071223735809326,91.8123611111111,0.76,2,4,96.07763888888888,0.5670257210731506,27.265602,66.684906,0.2255,1.720288806491428
5KPH_2_4_0_0_combined_id16,0.7522175908088684,0.5838506817817688,94.3622222222222,0.8,2,4,96.07763888888888,0.5670257210731506,27.265602,66.684906,0.2277,1.9121812184651688
5KPH_2_4_0_0_combined_id17,1.283465027809143,0.594009280204773,90.46805555555557,0.72,2,4,96.07763888888888,0.5670257210731506,27.265602,66.684906,0.1974,1.7133411831325955
5KPH_2_4_0_0_combined_id18,0.539482593536377,2.0941648483276367,92.8163888888889,0.77,2,4,96.07763888888888,0.5670257210731506,27.265602,66.684906,0.2364,1.8882950676812067
5KPH_2_4_0_0_combined_id19,0.4911896288394928,2.0198569297790527,94.5801388888889,0.81,2,4,96.07763888888888,0.5670257210731506,27.265602,66.684906,0.2074,2.010225084092882
5KPH_2_4_0_0_combined_id2,0.737744152545929,1.7757312059402466,91.01541666666668,0.73,2,4,96.07763888888888,0.5670257210731506,27.265602,66.684906,0.2209,1.9251035054524737
5KPH_2_4_0_0_combined_id20,1.651955008506775,0.7294269800186157,90.60513888888887,0.73,2,4,96.07763888888888,0.5670257210731506,27.265602,66.684906,0.2123,1.8748565249972875
5KPH_2_4_0_0_combined_id21,0.6588847637176514,1.503134846687317,91.18291666666669,0.75,2,4,96.07763888888888,0.5670257210731506,27.265602,66.684906,0.2092,1.9797320895724824
5KPH_2_4_0_0_combined_id22,0.6037663817405701,0.9074078798294067,90.48555555555556,0.73,2,4,96.07763888888888,0.5670257210731506,27.265602,66.684906,0.2266,1.738800684611003
5KPH_2_4_0_0_combined_id23,0.5373581647872925,0.9787406921386719,93.15680555555556,0.78,2,4,96.07763888888888,0.5670257210731506,27.265602,66.684906,0.2072,1.956537458631728
5KPH_2_4_0_0_combined_id24,0.681995689868927,1.6446702480316162,95.20111111111112,0.8,2,4,96.07763888888888,0.5670257210731506,27.265602,66.684906,0.2212,2.034073935614692
5KPH_2_4_0_0_combined_id3,0.5939025282859802,2.1711173057556152,95.10777777777778,0.79,2,4,96.07763888888888,0.5670257210731506,27.265602,66.684906,0.2295,1.9818840026855469
5KPH_2_4_0_0_combined_id4,0.5817329287528992,1.295058250427246,93.0398611111111,0.77,2,4,96.07763888888888,0.5670257210731506,27.265602,66.684906,0.2334,1.7514592276679144
5KPH_2_4_0_0_combined_id5,0.5987367033958435,2.143416166305542,93.7459722222222,0.79,2,4,96.07763888888888,0.5670257210731506,27.265602,66.684906,0.2094,1.8756997850206163
5KPH_2_4_0_0_combined_id6,0.6973518133163452,1.2562175989151,93.04583333333332,0.77,2,4,96.07763888888888,0.5670257210731506,27.265602,66.684906,0.2215,1.943982442220052
5KPH_2_4_0_0_combined_id8,0.5499743223190308,2.1212759017944336,92.83680555555556,0.78,2,4,96.07763888888888,0.5670257210731506,27.265602,66.684906,0.2349,1.802906036376953
5KPH_2_4_1_0_combined_id10,0.685677707195282,0.9363158345222473,91.69819444444444,0.73,2,4,95.87930555555556,0.5887185335159302,28.415594,65.35456,0.2186,1.8376519944932723
5KPH_2_4_1_0_combined_id12,1.820331335067749,0.6046414375305176,95.40194444444444,0.82,2,4,95.87930555555556,0.5887185335159302,28.415594,65.35456,0.2146,1.828093634711372
5KPH_2_4_1_0_combined_id13,0.6192225813865662,1.7815109491348267,93.17083333333332,0.79,2,4,95.87930555555556,0.5887185335159302,28.415594,65.35456,0.2238,1.8489778306749127
5KPH_2_4_1_0_combined_id15,0.5689416527748108,1.9171195030212402,94.355,0.8,2,4,95.87930555555556,0.5887185335159302,28.415594,65.35456,0.2089,2.0121195051405163
5KPH_2_4_1_0_combined_id18,0.6215779781341553,1.9512630701065063,93.93194444444444,0.78,2,4,95.87930555555556,0.5887185335159302,28.415594,65.35456,0.2007,1.8997366163465712
5KPH_2_4_1_0_combined_id19,0.868159294128418,1.5325114727020264,89.7136111111111,0.73,2,4,95.87930555555556,0.5887185335159302,28.415594,65.35456,0.1858,2.0997261471218533
5KPH_2_4_1_0_combined_id2,0.6447615027427673,1.8718364238739014,92.71180555555556,0.76,2,4,95.87930555555556,0.5887185335159302,28.415594,65.35456,0.2191,1.9636972215440536
5KPH_2_4_1_0_combined_id20,0.5794602036476135,1.857743501663208,93.89819444444444,0.79,2,4,95.87930555555556,0.5887185335159302,28.415594,65.35456,0.2128,1.9196044074164496
5KPH_2_4_1_0_combined_id21,0.6527537107467651,1.8182357549667358,92.49277777777776,0.78,2,4,95.87930555555556,0.5887185335159302,28.415594,65.35456,0.2252,1.958766513400608
5KPH_2_4_1_0_combined_id22,0.7041612863540649,0.9341034889221191,89.58041666666666,0.72,2,4,95.87930555555556,0.5887185335159302,28.415594,65.35456,0.2226,1.745258437262641
5KPH_2_4_1_0_combined_id23,0.6688060760498047,1.9975122213363647,89.46458333333334,0.7,2,4,95.87930555555556,0.5887185335159302,28.415594,65.35456,0.2309,1.758133676317003
5KPH_2_4_1_0_combined_id24,1.9390727281570435,0.510138213634491,95.61930555555556,0.82,2,4,95.87930555555556,0.5887185335159302,28.415594,65.35456,0.2247,1.7351880603366427
5KPH_2_4_1_0_combined_id3,0.7104822397232056,1.6308904886245728,94.8313888888889,0.8,2,4,95.87930555555556,0.5887185335159302,28.415594,65.35456,0.2235,2.038971371120877
5KPH_2_4_1_0_combined_id4,0.5048903822898865,1.8159087896347046,94.13916666666668,0.8,2,4,95.87930555555556,0.5887185335159302,28.415594,65.35456,0.2174,2.204143524169922
5KPH_2_4_1_0_combined_id5,0.6614658236503601,1.7344056367874146,93.88333333333334,0.8,2,4,95.87930555555556,0.5887185335159302,28.415594,65.35456,0.2112,2.1120342678493924
5KPH_2_4_1_0_combined_id6,0.8784469962120056,2.22682785987854,90.255,0.75,2,4,95.87930555555556,0.5887185335159302,28.415594,65.35456,0.2062,2.045995924207899
5KPH_2_4_1_0_combined_id7,0.6888689398765564,2.0883827209472656,95.50708333333333,0.82,2,4,95.87930555555556,0.5887185335159302,28.415594,65.35456,0.2179,2.0577788882785373
5KPH_2_4_1_0_combined_id8,0.5957388281822205,1.4984021186828613,93.60694444444444,0.79,2,4,95.87930555555556,0.5887185335159302,28.415594,65.35456,0.2012,2.1035533481174045
5KPH_2_4_1_0_combined_id9,0.5400344729423523,2.1006224155426025,92.12097222222222,0.77,2,4,95.87930555555556,0.5887185335159302,28.415594,65.35456,0.209,1.980894512600369
5KPH_2_4_2_0_combined_id1,0.6491424441337585,2.082873582839966,95.8411111111111,0.82,2,4,92.7372222222222,0.568327009677887,28.157482,65.90799,0.1845,2.104093551635742
5KPH_2_4_2_0_combined_id11,0.6745633482933044,1.6201016902923584,93.72736111111112,0.79,2,4,92.7372222222222,0.568327009677887,28.157482,65.90799,0.1813,1.956581327650282
5KPH_2_4_2_0_combined_id12,0.6070166230201721,1.8603936433792114,93.03763888888888,0.78,2,4,92.7372222222222,0.568327009677887,28.157482,65.90799,0.221,1.8276426527235243
5KPH_2_4_2_0_combined_id13,0.605137288570404,1.6198865175247192,94.5425,0.8,2,4,92.7372222222222,0.568327009677887,28.157482,65.90799,0.2203,1.8207906087239585
5KPH_2_4_2_0_combined_id15,0.604329526424408,0.6786311268806458,95.88513888888887,0.81,2,4,92.7372222222222,0.568327009677887,28.157482,65.90799,0.2247,1.9151346418592663
5KPH_2_4_2_0_combined_id16,0.7022285461425781,2.0595803260803223,92.21791666666668,0.76,2,4,92.7372222222222,0.568327009677887,28.157482,65.90799,0.2171,1.7704440222846136
5KPH_2_4_2_0_combined_id17,0.7272687554359436,0.8126472234725952,95.19486111111112,0.81,2,4,92.7372222222222,0.568327009677887,28.157482,65.90799,0.2498,1.7816558414035373
5KPH_2_4_2_0_combined_id18,0.6458441615104675,1.8512516021728516,93.4113888888889,0.78,2,4,92.7372222222222,0.568327009677887,28.157482,65.90799,0.2185,1.713043212890625
5KPH_2_4_2_0_combined_id19,0.7425139546394348,1.8782109022140503,93.2526388888889,0.79,2,4,92.7372222222222,0.568327009677887,28.157482,65.90799,0.2149,1.7447467380099826
5KPH_2_4_2_0_combined_id2,0.5288947224617004,2.019907236099243,95.75861111111112,0.82,2,4,92.7372222222222,0.568327009677887,28.157482,65.90799,0.2023,1.915031009250217
5KPH_2_4_2_0_combined_id20,0.6504871249198914,0.7928643226623535,94.35083333333334,0.8,2,4,92.7372222222222,0.568327009677887,28.157482,65.90799,0.2036,1.8861603207058373
5KPH_2_4_2_0_combined_id21,1.2665516138076782,0.8576807379722595,92.74680555555555,0.76,2,4,92.7372222222222,0.568327009677887,28.157482,65.90799,0.2573,1.817474153306749
5KPH_2_4_2_0_combined_id23,1.0163356065750122,1.412025809288025,95.84083333333334,0.82,2,4,92.7372222222222,0.568327009677887,28.157482,65.90799,0.2402,2.2172203063964844
5KPH_2_4_2_0_combined_id24,0.8538246154785156,0.7154061794281006,94.80444444444444,0.8,2,4,92.7372222222222,0.568327009677887,28.157482,65.90799,0.2373,1.805252922905816
5KPH_2_4_2_0_combined_id3,0.539791464805603,1.9345506429672241,95.72888888888887,0.81,2,4,92.7372222222222,0.568327009677887,28.157482,65.90799,0.2245,2.084190368652344
5KPH_2_4_2_0_combined_id4,0.7125862836837769,2.0301198959350586,91.7627777777778,0.74,2,4,92.7372222222222,0.568327009677887,28.157482,65.90799,0.2289,1.720531039767795
5KPH_2_4_2_0_combined_id5,0.6077060103416443,1.7415838241577148,92.1563888888889,0.76,2,4,92.7372222222222,0.568327009677887,28.157482,65.90799,0.2258,1.6836029688517251
5KPH_2_4_2_0_combined_id6,0.7361339926719666,1.7977197170257568,92.67888888888888,0.76,2,4,92.7372222222222,0.568327009677887,28.157482,65.90799,0.2166,1.8173834482828777
5KPH_2_4_2_0_combined_id7,0.5566366910934448,1.5248066186904907,93.20680555555556,0.78,2,4,92.7372222222222,0.568327009677887,28.157482,65.90799,0.2236,1.892225901285808
5KPH_2_4_2_0_combined_id9,0.6310926079750061,1.6665080785751343,92.55138888888888,0.76,2,4,92.7372222222222,0.568327009677887,28.157482,65.90799,0.2309,1.7133015526665585
5KPH_2_4_3_0_combined_id1,0.5581782460212708,1.516743779182434,91.77944444444444,0.77,2,4,96.31486111111111,0.5485759973526001,28.27088,65.17421,0.2053,2.3094283209906683
5KPH_2_4_3_0_combined_id10,0.645072877407074,1.491910457611084,91.24902777777778,0.75,2,4,96.31486111111111,0.5485759973526001,28.27088,65.17421,0.2121,1.761559592352973
5KPH_2_4_3_0_combined_id11,0.6239532232284546,1.612074851989746,90.95375,0.75,2,4,96.31486111111111,0.5485759973526001,28.27088,65.17421,0.2247,1.9475864834255645
5KPH_2_4_3_0_combined_id12,1.431527018547058,0.6807014346122742,90.76694444444443,0.74,2,4,96.31486111111111,0.5485759973526001,28.27088,65.17421,0.2123,1.89594480726454
5KPH_2_4_3_0_combined_id13,0.6298127174377441,1.0357553958892822,90.86694444444444,0.72,2,4,96.31486111111111,0.5485759973526001,28.27088,65.17421,0.2161,1.928371005588108
5KPH_2_4_3_0_combined_id14,0.7001798152923584,1.0201863050460815,93.42972222222222,0.8,2,4,96.31486111111111,0.5485759973526001,28.27088,65.17421,0.2414,2.105105506049262
5KPH_2_4_3_0_combined_id15,0.5985525846481323,1.691895842552185,94.4323611111111,0.8,2,4,96.31486111111111,0.5485759973526001,28.27088,65.17421,0.1976,2.062226825290256
5KPH_2_4_3_0_combined_id16,0.6578968167304993,1.7747851610183716,92.35819444444444,0.75,2,4,96.31486111111111,0.5485759973526001,28.27088,65.17421,0.2198,1.7739189995659723
5KPH_2_4_3_0_combined_id18,1.8429516553878784,0.829285204410553,94.06541666666666,0.77,2,4,96.31486111111111,0.5485759973526001,28.27088,65.17421,0.1938,2.13087887234158
5KPH_2_4_3_0_combined_id2,0.5639592409133911,1.647884726524353,95.87847222222224,0.82,2,4,96.31486111111111,0.5485759973526001,28.27088,65.17421,0.2219,2.2765685187445746
5KPH_2_4_3_0_combined_id21,0.6599358916282654,1.6789504289627075,93.7773611111111,0.8,2,4,96.31486111111111,0.5485759973526001,28.27088,65.17421,0.224,1.941084967719184
5KPH_2_4_3_0_combined_id22,0.5171808004379272,1.4754868745803833,91.96319444444444,0.74,2,4,96.31486111111111,0.5485759973526001,28.27088,65.17421,0.2171,1.914295620388455
5KPH_2_4_3_0_combined_id23,0.7898516058921814,1.7211705446243286,94.26125,0.81,2,4,96.31486111111111,0.5485759973526001,28.27088,65.17421,0.2262,2.278130213419596
5KPH_2_4_3_0_combined_id24,0.6268815398216248,0.7682890892028809,93.9,0.79,2,4,96.31486111111111,0.5485759973526001,28.27088,65.17421,0.2321,1.8779703776041667
5KPH_2_4_3_0_combined_id3,0.6179890036582947,1.6007105112075806,90.80930555555555,0.75,2,4,96.31486111111111,0.5485759973526001,28.27088,65.17421,0.2239,1.75629636976454
5KPH_2_4_3_0_combined_id4,1.5759080648422241,0.7761490345001221,93.52902777777778,0.78,2,4,96.31486111111111,0.5485759973526001,28.27088,65.17421,0.2215,1.9752674102783203
5KPH_2_4_3_0_combined_id5,1.526890754699707,0.5482861995697021,94.68083333333334,0.8,2,4,96.31486111111111,0.5485759973526001,28.27088,65.17421,0.2227,1.97410159640842
5KPH_2_4_3_0_combined_id7,1.1216834783554077,0.6909672617912292,91.62027777777776,0.74,2,4,96.31486111111111,0.5485759973526001,28.27088,65.17421,0.2095,1.8658146328396268
5KPH_2_4_3_0_combined_id8,0.6523245573043823,1.9293010234832764,94.52305555555556,0.8,2,4,96.31486111111111,0.5485759973526001,28.27088,65.17421,0.2049,1.803674485948351
5KPH_2_4_4_0_combined_id1,0.996375322341919,0.8450884819030762,91.1398611111111,0.74,2,4,96.12166666666668,0.5574576258659363,28.08697,64.83621,0.2412,1.8894295162624783
5KPH_2_4_4_0_combined_id10,0.6164569854736328,1.9927890300750732,94.2088888888889,0.79,2,4,96.12166666666668,0.5574576258659363,28.08697,64.83621,0.2107,2.007719039916992
5KPH_2_4_4_0_combined_id11,0.8986374139785767,1.3970222473144531,94.55819444444444,0.81,2,4,96.12166666666668,0.5574576258659363,28.08697,64.83621,0.2212,1.8794324662950304
5KPH_2_4_4_0_combined_id12,0.7614766359329224,1.4361628293991089,91.8515277777778,0.78,2,4,96.12166666666668,0.5574576258659363,28.08697,64.83621,0.2294,1.8682577345106337
5KPH_2_4_4_0_combined_id13,0.7521506547927856,0.6892423033714294,92.06833333333331,0.74,2,4,96.12166666666668,0.5574576258659363,28.08697,64.83621,0.2304,1.7666699091593423
5KPH_2_4_4_0_combined_id14,0.5512171983718872,2.0724339485168457,94.82833333333332,0.82,2,4,96.12166666666668,0.5574576258659363,28.08697,64.83621,0.2267,1.8539102342393663
5KPH_2_4_4_0_combined_id15,0.7358935475349426,1.9998562335968018,94.80361111111112,0.8,2,4,96.12166666666668,0.5574576258659363,28.08697,64.83621,0.2171,1.7226895226372614
5KPH_2_4_4_0_combined_id16,0.6296183466911316,1.2423027753829956,91.54263888888887,0.77,2,4,96.12166666666668,0.5574576258659363,28.08697,64.83621,0.2375,1.9752286275227864
5KPH_2_4_4_0_combined_id17,0.6460830569267273,1.976406455039978,92.22305555555556,0.76,2,4,96.12166666666668,0.5574576258659363,28.08697,64.83621,0.2116,1.931457731458876
5KPH_2_4_4_0_combined_id19,0.6077262759208679,2.0475704669952393,93.5436111111111,0.79,2,4,96.12166666666668,0.5574576258659363,28.08697,64.83621,0.228,2.056762271457248
5KPH_2_4_4_0_combined_id2,0.8883136510848999,1.153358817100525,91.3525,0.74,2,4,96.12166666666668,0.5574576258659363,28.08697,64.83621,0.2373,1.804939905802409
5KPH_2_4_4_0_combined_id20,0.7462841868400574,1.7724518775939941,91.36097222222222,0.75,2,4,96.12166666666668,0.5574576258659363,28.08697,64.83621,0.2046,1.754081302218967
5KPH_2_4_4_0_combined_id21,1.5436779260635376,0.7939221858978271,92.65069444444444,0.78,2,4,96.12166666666668,0.5574576258659363,28.08697,64.83621,0.2441,1.806296666463216
5KPH_2_4_4_0_combined_id24,1.6422996520996094,0.6329152584075928,93.34972222222224,0.76,2,4,96.12166666666668,0.5574576258659363,28.08697,64.83621,0.2412,1.851922776963976
5KPH_2_4_4_0_combined_id3,0.823878824710846,1.0525051355361938,95.34402777777778,0.82,2,4,96.12166666666668,0.5574576258659363,28.08697,64.83621,0.2377,1.858839458889432
5KPH_2_4_4_0_combined_id4,0.5487948656082153,1.9446542263031006,95.9525,0.82,2,4,96.12166666666668,0.5574576258659363,28.08697,64.83621,0.2558,2.0722643534342446
5KPH_2_4_4_0_combined_id6,0.6891958713531494,0.7260316610336304,92.1875,0.77,2,4,96.12166666666668,0.5574576258659363,28.08697,64.83621,0.2135,1.914166344536676
5KPH_2_4_4_0_combined_id7,0.7821821570396423,1.9484996795654297,91.98569444444443,0.76,2,4,96.12166666666668,0.5574576258659363,28.08697,64.83621,0.2194,1.7443884743584528
5KPH_2_4_4_0_combined_id9,0.849423885345459,1.6243535280227661,94.86736111111112,0.82,2,4,96.12166666666668,0.5574576258659363,28.08697,64.83621,0.2231,1.7531230714586046
5KPH_2_4_5_0_combined_id1,0.8425821661949158,1.146965742111206,93.2988888888889,0.79,2,4,95.39333333333332,0.6948578357696533,28.558838,64.26259,0.229,1.8980712890625
5KPH_2_4_5_0_combined_id10,0.674530565738678,1.6334812641143799,94.6440277777778,0.81,2,4,95.39333333333332,0.6948578357696533,28.558838,64.26259,0.1911,2.0212334526909723
5KPH_2_4_5_0_combined_id11,0.45773085951805115,1.9744157791137695,95.74138888888888,0.83,2,4,95.39333333333332,0.6948578357696533,28.558838,64.26259,0.2295,2.237544377644857
5KPH_2_4_5_0_combined_id12,0.7770923376083374,1.1510486602783203,90.29333333333334,0.75,2,4,95.39333333333332,0.6948578357696533,28.558838,64.26259,0.2208,1.8593417273627384
5KPH_2_4_5_0_combined_id13,0.6269739866256714,1.417574405670166,96.3527777777778,0.83,2,4,95.39333333333332,0.6948578357696533,28.558838,64.26259,0.2472,2.195155249701606
5KPH_2_4_5_0_combined_id14,1.548980474472046,0.9142775535583496,94.79555555555557,0.79,2,4,95.39333333333332,0.6948578357696533,28.558838,64.26259,0.2173,2.0463536580403647
5KPH_2_4_5_0_combined_id15,0.5246999859809875,1.92893648147583,90.94055555555556,0.74,2,4,95.39333333333332,0.6948578357696533,28.558838,64.26259,0.2212,2.016914367675781
5KPH_2_4_5_0_combined_id16,0.8010432720184326,1.2406740188598633,96.69847222222222,0.84,2,4,95.39333333333332,0.6948578357696533,28.558838,64.26259,0.2177,2.285935719807943
5KPH_2_4_5_0_combined_id17,0.7835289239883423,1.1807286739349365,94.65444444444444,0.82,2,4,95.39333333333332,0.6948578357696533,28.558838,64.26259,0.2033,2.1642833285861545
5KPH_2_4_5_0_combined_id18,0.4446328282356262,1.750698208808899,94.38583333333334,0.82,2,4,95.39333333333332,0.6948578357696533,28.558838,64.26259,0.1986,2.180540508694119
5KPH_2_4_5_0_combined_id19,0.7256637215614319,1.2181905508041382,90.69305555555556,0.73,2,4,95.39333333333332,0.6948578357696533,28.558838,64.26259,0.207,2.1157925923665366
5KPH_2_4_5_0_combined_id2,1.135740876197815,0.9082176685333252,94.96569444444444,0.81,2,4,95.39333333333332,0.6948578357696533,28.558838,64.26259,0.2035,1.976161744859484
5KPH_2_4_5_0_combined_id20,0.5316833257675171,1.9946997165679932,94.83277777777776,0.81,2,4,95.39333333333332,0.6948578357696533,28.558838,64.26259,0.2191,2.0014173719618054
5KPH_2_4_5_0_combined_id21,0.4990027844905853,1.8480224609375,91.20833333333331,0.76,2,4,95.39333333333332,0.6948578357696533,28.558838,64.26259,0.204,2.050731658935547
5KPH_2_4_5_0_combined_id22,1.294223666191101,0.8388797044754028,94.64708333333334,0.8,2,4,95.39333333333332,0.6948578357696533,28.558838,64.26259,0.2107,2.197706010606554
5KPH_2_4_5_0_combined_id23,0.7345949411392212,1.7835506200790405,93.35055555555556,0.78,2,4,95.39333333333332,0.6948578357696533,28.558838,64.26259,0.2058,2.2248441908094616
5KPH_2_4_5_0_combined_id24,0.542992115020752,1.8627409934997559,94.39597222222224,0.81,2,4,95.39333333333332,0.6948578357696533,28.558838,64.26259,0.2432,2.0728327433268228
5KPH_2_4_5_0_combined_id3,0.9942150712013245,1.0677270889282227,89.83611111111111,0.72,2,4,95.39333333333332,0.6948578357696533,28.558838,64.26259,0.2248,1.7643814086914062
5KPH_2_4_5_0_combined_id4,1.3548879623413086,0.7922590374946594,91.52541666666669,0.77,2,4,95.39333333333332,0.6948578357696533,28.558838,64.26259,0.2092,1.865811241997613
5KPH_2_4_5_0_combined_id5,0.9470609426498413,1.1657689809799194,90.36361111111113,0.75,2,4,95.39333333333332,0.6948578357696533,28.558838,64.26259,0.2183,1.9338467915852864
5KPH_2_4_5_0_combined_id6,0.651822030544281,1.4769186973571777,90.91208333333331,0.74,2,4,95.39333333333332,0.6948578357696533,28.558838,64.26259,0.2018,1.902845594618056
5KPH_2_4_5_0_combined_id7,0.45558518171310425,1.9029134511947632,95.63541666666669,0.83,2,4,95.39333333333332,0.6948578357696533,28.558838,64.26259,0.1858,2.2752257453070746
5KPH_2_4_5_0_combined_id8,0.6873924732208252,1.3281514644622803,96.22611111111112,0.84,2,4,95.39333333333332,0.6948578357696533,28.558838,64.26259,0.2161,2.262123107910156
5KPH_2_4_5_0_combined_id9,0.8572364449501038,0.9016535878181458,91.65652777777778,0.77,2,4,95.39333333333332,0.6948578357696533,28.558838,64.26259,0.1964,2.0898666381835938
5KPH_2_4_6_0_combined_id1,0.8093637228012085,1.5769953727722168,89.23750000000001,0.7,2,4,96.4909722222222,0.6550288200378418,27.781416,64.15294,0.2111,1.864290025499132
5KPH_2_4_6_0_combined_id10,0.6462922096252441,2.191507339477539,96.19888888888887,0.82,2,4,96.4909722222222,0.6550288200378418,27.781416,64.15294,0.2141,2.1293873257107205
5KPH_2_4_6_0_combined_id11,0.8533760905265808,1.9849588871002197,95.70805555555556,0.82,2,4,96.4909722222222,0.6550288200378418,27.781416,64.15294,0.252,2.002845764160156
5KPH_2_4_6_0_combined_id12,0.7162930369377136,2.178506851196289,92.31069444444444,0.76,2,4,96.4909722222222,0.6550288200378418,27.781416,64.15294,0.234,1.7895126342773438
5KPH_2_4_6_0_combined_id13,0.6203069686889648,1.7312078475952148,96.25375,0.83,2,4,96.4909722222222,0.6550288200378418,27.781416,64.15294,0.2399,2.109999338785807
5KPH_2_4_6_0_combined_id14,0.8301552534103394,1.3275368213653564,90.81722222222224,0.75,2,4,96.4909722222222,0.6550288200378418,27.781416,64.15294,0.2171,1.982014762030708
5KPH_2_4_6_0_combined_id15,0.5300448536872864,1.8616358041763306,93.90791666666668,0.79,2,4,96.4909722222222,0.6550288200378418,27.781416,64.15294,0.2005,2.1397908528645835
5KPH_2_4_6_0_combined_id16,1.1101914644241333,0.8224181532859802,88.09916666666668,0.68,2,4,96.4909722222222,0.6550288200378418,27.781416,64.15294,0.2123,1.9466063181559248
5KPH_2_4_6_0_combined_id17,0.5519410371780396,1.9574509859085083,94.94708333333334,0.81,2,4,96.4909722222222,0.6550288200378418,27.781416,64.15294,0.2059,2.27093505859375
5KPH_2_4_6_0_combined_id18,0.6170150637626648,1.9900097846984863,95.49902777777778,0.81,2,4,96.4909722222222,0.6550288200378418,27.781416,64.15294,0.236,1.9668784671359592
5KPH_2_4_6_0_combined_id19,0.7200138568878174,1.9364237785339355,91.40097222222222,0.75,2,4,96.4909722222222,0.6550288200378418,27.781416,64.15294,0.2246,1.9050286610921223
5KPH_2_4_6_0_combined_id20,0.7027844786643982,1.8167095184326172,95.54722222222225,0.81,2,4,96.4909722222222,0.6550288200378418,27.781416,64.15294,0.231,1.9968660142686632
5KPH_2_4_6_0_combined_id21,1.2238409519195557,0.9484694004058838,92.62986111111113,0.77,2,4,96.4909722222222,0.6550288200378418,27.781416,64.15294,0.2083,2.041631062825521
5KPH_2_4_6_0_combined_id23,0.5703310966491699,1.8742897510528564,94.01125,0.79,2,4,96.4909722222222,0.6550288200378418,27.781416,64.15294,0.2258,2.076658460828993
5KPH_2_4_6_0_combined_id24,0.6715774536132812,1.3578547239303589,89.65777777777777,0.71,2,4,96.4909722222222,0.6550288200378418,27.781416,64.15294,0.2245,1.6769813961452908
5KPH_2_4_6_0_combined_id3,0.45133915543556213,1.9386593103408813,95.9688888888889,0.82,2,4,96.4909722222222,0.6550288200378418,27.781416,64.15294,0.2085,1.9975187513563368
5KPH_2_4_6_0_combined_id4,0.7120842337608337,2.1399691104888916,95.4872222222222,0.82,2,4,96.4909722222222,0.6550288200378418,27.781416,64.15294,0.1962,1.855614132351345
5KPH_2_4_6_0_combined_id6,0.5878404378890991,1.9811992645263672,95.09333333333332,0.82,2,4,96.4909722222222,0.6550288200378418,27.781416,64.15294,0.1986,2.2099302079942493
5KPH_2_4_6_0_combined_id7,0.5157874226570129,1.6143884658813477,93.9402777777778,0.81,2,4,96.4909722222222,0.6550288200378418,27.781416,64.15294,0.2403,2.1600880093044705
5KPH_2_4_6_0_combined_id8,0.8683609366416931,1.305856704711914,92.94611111111112,0.79,2,4,96.4909722222222,0.6550288200378418,27.781416,64.15294,0.2217,1.997587203979492
5KPH_2_4_6_0_combined_id9,0.6975887417793274,1.0205413103103638,92.08680555555556,0.74,2,4,96.4909722222222,0.6550288200378418,27.781416,64.15294,0.2282,1.981997807820638
5KPH_2_4_7_0_combined_id13,1.2134268283843994,1.6635512113571167,93.85125,0.79,2,4,95.40944444444445,0.6039559245109558,28.369097,65.26341,0.2177,1.888806449042426
5KPH_2_4_7_0_combined_id14,0.723821222782135,1.8810718059539795,94.23861111111113,0.81,2,4,95.40944444444445,0.6039559245109558,28.369097,65.26341,0.2457,2.0793834262424045
5KPH_2_4_7_0_combined_id15,0.7041181921958923,2.0185036659240723,91.65402777777778,0.78,2,4,95.40944444444445,0.6039559245109558,28.369097,65.26341,0.2197,1.8144289652506511
5KPH_2_4_7_0_combined_id16,1.145415186882019,1.4926621913909912,94.97013888888888,0.8,2,4,95.40944444444445,0.6039559245109558,28.369097,65.26341,0.2029,1.9224505954318576
5KPH_2_4_7_0_combined_id17,0.5919007062911987,2.243976593017578,93.90222222222222,0.8,2,4,95.40944444444445,0.6039559245109558,28.369097,65.26341,0.2135,1.94969113667806
5KPH_2_4_7_0_combined_id18,0.5793813467025757,2.1313982009887695,95.0123611111111,0.82,2,4,95.40944444444445,0.6039559245109558,28.369097,65.26341,0.2221,2.018121507432726
5KPH_2_4_7_0_combined_id19,0.6068621873855591,2.2441518306732178,93.46972222222222,0.78,2,4,95.40944444444445,0.6039559245109558,28.369097,65.26341,0.2305,1.9015498691134984
5KPH_2_4_7_0_combined_id2,0.6199375987052917,2.3044040203094482,94.30138888888888,0.8,2,4,95.40944444444445,0.6039559245109558,28.369097,65.26341,0.2223,1.9368697272406683
5KPH_2_4_7_0_combined_id20,0.6762205958366394,1.980770468711853,91.5175,0.74,2,4,95.40944444444445,0.6039559245109558,28.369097,65.26341,0.2283,1.668351173400879
5KPH_2_4_7_0_combined_id21,0.5809231996536255,2.0769073963165283,95.0838888888889,0.82,2,4,95.40944444444445,0.6039559245109558,28.369097,65.26341,0.2332,2.152337180243598
5KPH_2_4_7_0_combined_id22,0.6748005151748657,2.2669591903686523,95.88277777777778,0.83,2,4,95.40944444444445,0.6039559245109558,28.369097,65.26341,0.2642,2.0256224738227
5KPH_2_4_7_0_combined_id24,0.7699866890907288,0.683786153793335,94.0526388888889,0.8,2,4,95.40944444444445,0.6039559245109558,28.369097,65.26341,0.2068,1.9770149654812283
5KPH_2_4_7_0_combined_id3,0.7350397706031799,1.056900978088379,94.40833333333332,0.8,2,4,95.40944444444445,0.6039559245109558,28.369097,65.26341,0.2412,2.108225928412544
5KPH_2_4_7_0_combined_id4,0.5713600516319275,2.1833930015563965,95.71333333333332,0.82,2,4,95.40944444444445,0.6039559245109558,28.369097,65.26341,0.2264,2.215403662787544
5KPH_2_4_7_0_combined_id5,0.8403238654136658,0.7744629979133606,89.67444444444443,0.71,2,4,95.40944444444445,0.6039559245109558,28.369097,65.26341,0.2143,1.9612445831298828
5KPH_2_4_7_0_combined_id6,0.560055136680603,2.335714101791382,93.53541666666668,0.79,2,4,95.40944444444445,0.6039559245109558,28.369097,65.26341,0.2103,1.902330822414822
5KPH_2_4_7_0_combined_id7,0.582345724105835,2.16223406791687,95.32944444444443,0.81,2,4,95.40944444444445,0.6039559245109558,28.369097,65.26341,0.2188,2.2139689127604165
5KPH_2_4_7_0_combined_id9,0.679478645324707,2.3707199096679688,95.4609722222222,0.82,2,4,95.40944444444445,0.6039559245109558,28.369097,65.26341,0.222,2.216631147596571
5KPH_2_4_8_0_combined_id1,0.7254981398582458,1.116994857788086,91.09555555555556,0.74,2,4,95.99277777777776,0.4603932201862335,28.520851,65.094986,0.2223,1.6909705268012152
5KPH_2_4_8_0_combined_id10,0.6697028279304504,0.6867482662200928,92.84680555555556,0.77,2,4,95.99277777777776,0.4603932201862335,28.520851,65.094986,0.1996,1.7401946385701497
5KPH_2_4_8_0_combined_id11,0.9032912850379944,1.8683547973632812,92.91194444444444,0.78,2,4,95.99277777777776,0.4603932201862335,28.520851,65.094986,0.2227,1.5787467956542969
5KPH_2_4_8_0_combined_id12,0.987426221370697,1.4162603616714478,90.39861111111112,0.72,2,4,95.99277777777776,0.4603932201862335,28.520851,65.094986,0.2143,1.6141964594523113
5KPH_2_4_8_0_combined_id14,1.801914095878601,0.7283169031143188,94.60111111111112,0.78,2,4,95.99277777777776,0.4603932201862335,28.520851,65.094986,0.2264,1.864264594184028
5KPH_2_4_8_0_combined_id15,0.47909247875213623,2.2880380153656006,95.06958333333334,0.82,2,4,95.99277777777776,0.4603932201862335,28.520851,65.094986,0.2217,2.0498663584391275
5KPH_2_4_8_0_combined_id17,0.6597575545310974,1.8764196634292603,93.00666666666666,0.78,2,4,95.99277777777776,0.4603932201862335,28.520851,65.094986,0.2188,1.6919518576727972
5KPH_2_4_8_0_combined_id18,1.6434682607650757,0.7730852365493774,92.37736111111111,0.76,2,4,95.99277777777776,0.4603932201862335,28.520851,65.094986,0.2345,1.9068535698784723
5KPH_2_4_8_0_combined_id19,0.9370744824409485,0.626034140586853,92.33555555555556,0.76,2,4,95.99277777777776,0.4603932201862335,28.520851,65.094986,0.2138,1.7268155415852864
5KPH_2_4_8_0_combined_id2,0.5804387927055359,2.0448341369628906,92.40041666666669,0.78,2,4,95.99277777777776,0.4603932201862335,28.520851,65.094986,0.2305,1.6882503297593858
5KPH_2_4_8_0_combined_id20,0.674257218837738,2.3352012634277344,90.25611111111112,0.73,2,4,95.99277777777776,0.4603932201862335,28.520851,65.094986,0.2399,1.5549367268880208
5KPH_2_4_8_0_combined_id21,0.5785994529724121,2.3253719806671143,92.72125,0.78,2,4,95.99277777777776,0.4603932201862335,28.520851,65.094986,0.2248,1.834694332546658
5KPH_2_4_8_0_combined_id22,0.6377939581871033,2.049499750137329,93.83541666666666,0.79,2,4,95.99277777777776,0.4603932201862335,28.520851,65.094986,0.2321,2.009815216064453
5KPH_2_4_8_0_combined_id23,0.5676276087760925,0.6649832129478455,94.1825,0.8,2,4,95.99277777777776,0.4603932201862335,28.520851,65.094986,0.2469,1.935834248860677
5KPH_2_4_8_0_combined_id24,0.9274320602416992,0.7617486715316772,95.22666666666666,0.81,2,4,95.99277777777776,0.4603932201862335,28.520851,65.094986,0.2049,1.936289681328668
5KPH_2_4_8_0_combined_id3,1.779099941253662,0.6375380754470825,93.4636111111111,0.78,2,4,95.99277777777776,0.4603932201862335,28.520851,65.094986,0.2212,1.8449681599934893
5KPH_2_4_8_0_combined_id4,0.6362924575805664,2.2210655212402344,93.06555555555556,0.78,2,4,95.99277777777776,0.4603932201862335,28.520851,65.094986,0.221,1.9223306443956163
5KPH_2_4_8_0_combined_id5,0.5858575105667114,2.342395544052124,94.37069444444444,0.81,2,4,95.99277777777776,0.4603932201862335,28.520851,65.094986,0.2159,1.9085553487141929
5KPH_2_4_8_0_combined_id6,0.6583830118179321,2.2244298458099365,95.74375,0.82,2,4,95.99277777777776,0.4603932201862335,28.520851,65.094986,0.2388,2.063081317477756
5KPH_2_4_8_0_combined_id8,0.534550666809082,2.2234137058258057,95.78625,0.83,2,4,95.99277777777776,0.4603932201862335,28.520851,65.094986,0.1955,2.112460666232639
5KPH_2_4_8_0_combined_id9,0.750848114490509,1.7439919710159302,95.84944444444444,0.82,2,4,95.99277777777776,0.4603932201862335,28.520851,65.094986,0.254,1.8677215576171875
5KPH_2_4_9_0_combined_id10,0.5421202778816223,2.030900478363037,95.4815277777778,0.81,2,4,95.35125,0.4501165151596069,29.08473,62.208557,0.2087,2.151129828559028
5KPH_2_4_9_0_combined_id11,2.0751633644104004,0.802450954914093,92.45041666666668,0.75,2,4,95.35125,0.4501165151596069,29.08473,62.208557,0.2173,2.0308600531684027
5KPH_2_4_9_0_combined_id12,0.7808336019515991,2.394639253616333,93.51152777777776,0.79,2,4,95.35125,0.4501165151596069,29.08473,62.208557,0.2169,2.12900627983941
5KPH_2_4_9_0_combined_id13,0.7367361783981323,2.195312023162842,93.35430555555556,0.78,2,4,95.35125,0.4501165151596069,29.08473,62.208557,0.2143,1.896259307861328
5KPH_2_4_9_0_combined_id14,0.6482068300247192,2.076209783554077,94.09138888888889,0.79,2,4,95.35125,0.4501165151596069,29.08473,62.208557,0.2068,2.004520628187392
5KPH_2_4_9_0_combined_id15,0.7198787927627563,1.881556749343872,95.29194444444444,0.81,2,4,95.35125,0.4501165151596069,29.08473,62.208557,0.214,1.952116436428494
5KPH_2_4_9_0_combined_id16,0.802855372428894,1.7842341661453247,91.75666666666666,0.75,2,4,95.35125,0.4501165151596069,29.08473,62.208557,0.2158,1.7832919226752386
5KPH_2_4_9_0_combined_id17,1.820181131362915,0.7114677429199219,91.17625,0.75,2,4,95.35125,0.4501165151596069,29.08473,62.208557,0.2059,1.9028313954671223
5KPH_2_4_9_0_combined_id18,0.8007349371910095,0.7067726850509644,94.78013888888889,0.8,2,4,95.35125,0.4501165151596069,29.08473,62.208557,0.2394,1.9342242346869567
5KPH_2_4_9_0_combined_id19,0.6327060461044312,2.0849053859710693,95.58625,0.82,2,4,95.35125,0.4501165151596069,29.08473,62.208557,0.215,2.043659845987956
5KPH_2_4_9_0_combined_id2,0.7121984362602234,1.6727280616760254,92.4261111111111,0.77,2,4,95.35125,0.4501165151596069,29.08473,62.208557,0.2373,2.09232415093316
5KPH_2_4_9_0_combined_id20,0.6194531917572021,2.1391162872314453,95.00291666666666,0.81,2,4,95.35125,0.4501165151596069,29.08473,62.208557,0.194,2.0956764221191406
5KPH_2_4_9_0_combined_id21,0.7001879811286926,1.771368145942688,93.67305555555556,0.79,2,4,95.35125,0.4501165151596069,29.08473,62.208557,0.2204,1.853697246975369
5KPH_2_4_9_0_combined_id23,0.7250282764434814,1.4647209644317627,94.82569444444444,0.81,2,4,95.35125,0.4501165151596069,29.08473,62.208557,0.2142,2.024873521592882
5KPH_2_4_9_0_combined_id24,0.7639936208724976,2.018880844116211,95.55569444444444,0.82,2,4,95.35125,0.4501165151596069,29.08473,62.208557,0.232,1.9321795569525824
5KPH_2_4_9_0_combined_id3,0.7349749803543091,1.9426424503326416,95.52180555555556,0.83,2,4,95.35125,0.4501165151596069,29.08473,62.208557,0.2184,2.223832024468316
5KPH_2_4_9_0_combined_id4,0.7231766581535339,0.9425128698348999,90.65527777777778,0.73,2,4,95.35125,0.4501165151596069,29.08473,62.208557,0.2104,1.7440017064412434
5KPH_2_4_9_0_combined_id5,0.7411010265350342,0.7648431658744812,89.40249999999999,0.69,2,4,95.35125,0.4501165151596069,29.08473,62.208557,0.216,1.86159790886773
5KPH_2_4_9_0_combined_id6,0.6137745976448059,1.9514554738998413,93.085,0.79,2,4,95.35125,0.4501165151596069,29.08473,62.208557,0.2132,2.0200574662950306
5KPH_2_4_9_0_combined_id7,1.564589262008667,0.7083995938301086,94.59652777777778,0.78,2,4,95.35125,0.4501165151596069,29.08473,62.208557,0.2204,1.756195704142253
5KPH_2_4_9_0_combined_id8,0.7183274626731873,1.8560974597930908,94.93972222222222,0.81,2,4,95.35125,0.4501165151596069,29.08473,62.208557,0.237,1.843308342827691
5KPH_2_4_9_0_combined_id9,0.7349129319190979,2.294644594192505,93.74069444444444,0.78,2,4,95.35125,0.4501165151596069,29.08473,62.208557,0.2316,1.7623284657796223
5KPH_2_6_0_0_combined_id1,1.0675415992736816,1.240822672843933,92.55222222222224,0.78,2,6,95.17,0.605067253112793,27.668058,65.46486,0.2304,2.1870193481445312
5KPH_2_6_0_0_combined_id11,0.5956339836120605,1.9334979057312012,96.15013888888888,0.84,2,6,95.17,0.605067253112793,27.668058,65.46486,0.2111,2.234321594238281
5KPH_2_6_0_0_combined_id12,1.5298742055892944,0.8407416343688965,92.14152777777778,0.75,2,6,95.17,0.605067253112793,27.668058,65.46486,0.2045,2.060958438449436
5KPH_2_6_0_0_combined_id13,0.8752736449241638,0.814493715763092,92.97125,0.76,2,6,95.17,0.605067253112793,27.668058,65.46486,0.2128,2.110828399658203
5KPH_2_6_0_0_combined_id14,1.1133079528808594,1.0866303443908691,89.53583333333333,0.71,2,6,95.17,0.605067253112793,27.668058,65.46486,0.203,1.8142178853352864
5KPH_2_6_0_0_combined_id15,1.4024310111999512,1.0563427209854126,91.38569444444444,0.74,2,6,95.17,0.605067253112793,27.668058,65.46486,0.2169,2.0051352183024087
5KPH_2_6_0_0_combined_id16,1.0276633501052856,1.2410260438919067,90.38430555555556,0.72,2,6,95.17,0.605067253112793,27.668058,65.46486,0.209,1.6990365982055664
5KPH_2_6_0_0_combined_id17,0.6968995928764343,2.2770066261291504,94.17430555555556,0.8,2,6,95.17,0.605067253112793,27.668058,65.46486,0.199,1.9085614946153429
5KPH_2_6_0_0_combined_id18,1.6187061071395874,0.8787259459495544,91.345,0.74,2,6,95.17,0.605067253112793,27.668058,65.46486,0.2167,2.064915551079644
5KPH_2_6_0_0_combined_id19,0.6427969336509705,2.2100753784179688,93.68069444444444,0.8,2,6,95.17,0.605067253112793,27.668058,65.46486,0.2155,1.926207012600369
5KPH_2_6_0_0_combined_id2,0.8269689679145813,1.7533156871795654,90.305,0.73,2,6,95.17,0.605067253112793,27.668058,65.46486,0.2222,1.7789342668321395
5KPH_2_6_0_0_combined_id20,0.5871579647064209,1.872328519821167,94.42777777777776,0.8,2,6,95.17,0.605067253112793,27.668058,65.46486,0.1983,1.9502432081434464
5KPH_2_6_0_0_combined_id21,0.6298069357872009,1.8823622465133667,95.60388888888887,0.82,2,6,95.17,0.605067253112793,27.668058,65.46486,0.1969,1.9122111002604167
5KPH_2_6_0_0_combined_id23,1.7941374778747559,0.9487456679344177,88.72569444444444,0.69,2,6,95.17,0.605067253112793,27.668058,65.46486,0.1837,1.9583165910508893
5KPH_2_6_0_0_combined_id24,0.6016596555709839,1.9910521507263184,96.12680555555556,0.83,2,6,95.17,0.605067253112793,27.668058,65.46486,0.2163,2.1557184855143228
5KPH_2_6_0_0_combined_id3,0.5098670721054077,2.216191053390503,95.16972222222223,0.81,2,6,95.17,0.605067253112793,27.668058,65.46486,0.2098,1.8981605105929904
5KPH_2_6_0_0_combined_id4,0.7823184728622437,1.5352190732955933,91.00777777777778,0.75,2,6,95.17,0.605067253112793,27.668058,65.46486,0.198,1.8678735097249348
5KPH_2_6_0_0_combined_id5,0.7402949333190918,1.9918866157531738,91.93208333333334,0.74,2,6,95.17,0.605067253112793,27.668058,65.46486,0.229,1.6974927054511175
5KPH_2_6_0_0_combined_id6,1.386544942855835,1.0099009275436401,90.36152777777778,0.72,2,6,95.17,0.605067253112793,27.668058,65.46486,0.2303,2.075454923841688
5KPH_2_6_0_0_combined_id7,0.5338134169578552,2.112452745437622,91.23583333333336,0.76,2,6,95.17,0.605067253112793,27.668058,65.46486,0.2007,1.9086216820610893
5KPH_2_6_0_0_combined_id8,0.5842576026916504,2.0530614852905273,93.25888888888888,0.78,2,6,95.17,0.605067253112793,27.668058,65.46486,0.222,1.6568584442138672
5KPH_2_6_0_0_combined_id9,0.8913050889968872,0.8156459331512451,92.50611111111112,0.75,2,6,95.17,0.605067253112793,27.668058,65.46486,0.2215,1.681733661227756
5KPH_2_6_1_0_combined_id1,0.622825562953949,2.004974603652954,93.95347222222225,0.8,2,6,96.46,0.6850571036338806,28.216969,65.18041,0.2161,1.8770289950900607
5KPH_2_6_1_0_combined_id10,0.5757535099983215,1.95443594455719,94.32541666666664,0.8,2,6,96.46,0.6850571036338806,28.216969,65.18041,0.2294,1.7463873757256403
5KPH_2_6_1_0_combined_id11,0.6845369935035706,1.7702558040618896,94.71583333333332,0.81,2,6,96.46,0.6850571036338806,28.216969,65.18041,0.234,1.8311466640896268
5KPH_2_6_1_0_combined_id12,0.647379457950592,2.177849531173706,96.13069444444444,0.83,2,6,96.46,0.6850571036338806,28.216969,65.18041,0.2335,2.1444189283582897
5KPH_2_6_1_0_combined_id13,0.6214887499809265,2.0359175205230713,92.58916666666669,0.76,2,6,96.46,0.6850571036338806,28.216969,65.18041,0.1932,1.8878250122070312
5KPH_2_6_1_0_combined_id14,0.5467015504837036,1.937200903892517,93.42972222222222,0.78,2,6,96.46,0.6850571036338806,28.216969,65.18041,0.2197,1.888582441541884
5KPH_2_6_1_0_combined_id15,0.6714187264442444,1.4040071964263916,91.03402777777778,0.72,2,6,96.46,0.6850571036338806,28.216969,65.18041,0.2389,1.740525139702691
5KPH_2_6_1_0_combined_id16,0.7124420404434204,2.076870918273926,91.82888888888888,0.75,2,6,96.46,0.6850571036338806,28.216969,65.18041,0.219,1.824140548706055
5KPH_2_6_1_0_combined_id17,0.6096208095550537,0.731042742729187,91.32930555555556,0.75,2,6,96.46,0.6850571036338806,28.216969,65.18041,0.228,1.8599077860514324
5KPH_2_6_1_0_combined_id18,0.6299636960029602,2.1181185245513916,94.3338888888889,0.8,2,6,96.46,0.6850571036338806,28.216969,65.18041,0.2284,1.902774386935764
5KPH_2_6_1_0_combined_id19,0.7279303073883057,1.9636861085891724,92.5911111111111,0.77,2,6,96.46,0.6850571036338806,28.216969,65.18041,0.2299,1.7932711707221136
5KPH_2_6_1_0_combined_id2,0.6226184964179993,0.6764731407165527,93.69041666666666,0.78,2,6,96.46,0.6850571036338806,28.216969,65.18041,0.2435,1.8180592854817708
5KPH_2_6_1_0_combined_id20,0.6850783824920654,2.2912871837615967,96.11097222222222,0.83,2,6,96.46,0.6850571036338806,28.216969,65.18041,0.2282,2.1736963060167103
5KPH_2_6_1_0_combined_id21,0.6743264198303223,0.6573208570480347,93.01958333333334,0.76,2,6,96.46,0.6850571036338806,28.216969,65.18041,0.2458,1.7024771372477214
5KPH_2_6_1_0_combined_id22,1.6428155899047852,0.6681176424026489,92.01680555555556,0.75,2,6,96.46,0.6850571036338806,28.216969,65.18041,0.2327,2.063397301567925
5KPH_2_6_1_0_combined_id24,0.5856577754020691,2.2051985263824463,96.17,0.82,2,6,96.46,0.6850571036338806,28.216969,65.18041,0.2242,2.10817379421658
5KPH_2_6_1_0_combined_id3,0.6680938601493835,0.8318834900856018,92.91694444444444,0.76,2,6,96.46,0.6850571036338806,28.216969,65.18041,0.25,1.938691880967882
5KPH_2_6_1_0_combined_id4,0.7272735834121704,0.8764340877532959,90.64361111111111,0.74,2,6,96.46,0.6850571036338806,28.216969,65.18041,0.2341,1.7099695205688477
5KPH_2_6_1_0_combined_id5,0.7750533223152161,1.6071381568908691,93.62208333333332,0.78,2,6,96.46,0.6850571036338806,28.216969,65.18041,0.2243,1.8392088148329
5KPH_2_6_1_0_combined_id6,0.6776620745658875,1.8878905773162842,92.03041666666664,0.77,2,6,96.46,0.6850571036338806,28.216969,65.18041,0.2272,1.8909678988986545
5KPH_2_6_1_0_combined_id7,0.5826139450073242,2.0246684551239014,92.28291666666664,0.75,2,6,96.46,0.6850571036338806,28.216969,65.18041,0.2344,1.7508105172051325
5KPH_2_6_1_0_combined_id8,0.5836332440376282,2.013723611831665,92.7540277777778,0.77,2,6,96.46,0.6850571036338806,28.216969,65.18041,0.2462,1.8344527350531683
5KPH_2_6_1_0_combined_id9,0.6429368853569031,2.131000280380249,91.76291666666664,0.74,2,6,96.46,0.6850571036338806,28.216969,65.18041,0.2484,1.695823033650716
5KPH_2_6_2_0_combined_id1,0.6148031949996948,2.1680052280426025,92.33125,0.76,2,6,94.1686111111111,0.7743643522262573,27.986626,63.639908,0.2247,1.7109930250379777
5KPH_2_6_2_0_combined_id10,0.5181323289871216,2.185100793838501,92.90916666666666,0.78,2,6,94.1686111111111,0.7743643522262573,27.986626,63.639908,0.2179,1.7335903379652235
5KPH_2_6_2_0_combined_id11,0.5840636491775513,2.2080373764038086,92.42291666666668,0.77,2,6,94.1686111111111,0.7743643522262573,27.986626,63.639908,0.2383,1.8148858812120223
5KPH_2_6_2_0_combined_id12,0.5572574138641357,2.1346399784088135,93.93430555555555,0.8,2,6,94.1686111111111,0.7743643522262573,27.986626,63.639908,0.2291,1.7666244506835938
5KPH_2_6_2_0_combined_id13,0.7145063281059265,0.9219332337379456,91.41083333333331,0.75,2,6,94.1686111111111,0.7743643522262573,27.986626,63.639908,0.22,1.7902755737304688
5KPH_2_6_2_0_combined_id15,0.5541683435440063,2.2274279594421387,95.17263888888888,0.82,2,6,94.1686111111111,0.7743643522262573,27.986626,63.639908,0.2059,1.9470515780978728
5KPH_2_6_2_0_combined_id16,0.6287137269973755,1.015406608581543,91.56083333333332,0.75,2,6,94.1686111111111,0.7743643522262573,27.986626,63.639908,0.2301,2.200444539388021
5KPH_2_6_2_0_combined_id17,1.8304436206817627,0.7030702829360962,94.48930555555556,0.79,2,6,94.1686111111111,0.7743643522262573,27.986626,63.639908,0.2176,1.8036456637912328
5KPH_2_6_2_0_combined_id18,0.7937027812004089,2.3379011154174805,91.7461111111111,0.75,2,6,94.1686111111111,0.7743643522262573,27.986626,63.639908,0.2207,1.773085806104872
5KPH_2_6_2_0_combined_id19,0.6281797885894775,2.1964046955108643,95.4738888888889,0.81,2,6,94.1686111111111,0.7743643522262573,27.986626,63.639908,0.2522,2.0645349290635853
5KPH_2_6_2_0_combined_id2,0.6885687708854675,2.0021393299102783,95.47055555555556,0.82,2,6,94.1686111111111,0.7743643522262573,27.986626,63.639908,0.2128,1.9082942538791232
5KPH_2_6_2_0_combined_id21,0.6882293224334717,0.74040287733078,92.3401388888889,0.75,2,6,94.1686111111111,0.7743643522262573,27.986626,63.639908,0.1917,1.7393394046359592
5KPH_2_6_2_0_combined_id22,0.8360713720321655,2.233318567276001,91.83736111111112,0.76,2,6,94.1686111111111,0.7743643522262573,27.986626,63.639908,0.2169,1.9346694946289065
5KPH_2_6_2_0_combined_id23,0.6493434309959412,0.8064469695091248,92.45402777777778,0.76,2,6,94.1686111111111,0.7743643522262573,27.986626,63.639908,0.25,2.105979495578342
5KPH_2_6_2_0_combined_id24,0.6034592390060425,1.4801439046859741,95.39069444444443,0.83,2,6,94.1686111111111,0.7743643522262573,27.986626,63.639908,0.2296,2.0883780585394964
5KPH_2_6_2_0_combined_id3,0.5642628073692322,2.103996515274048,95.47249999999998,0.82,2,6,94.1686111111111,0.7743643522262573,27.986626,63.639908,0.236,1.9329982333713107
5KPH_2_6_2_0_combined_id4,0.8426849246025085,1.7549755573272705,92.16805555555555,0.75,2,6,94.1686111111111,0.7743643522262573,27.986626,63.639908,0.2459,1.9384329054090712
5KPH_2_6_2_0_combined_id5,0.5721697807312012,2.065018653869629,94.5526388888889,0.81,2,6,94.1686111111111,0.7743643522262573,27.986626,63.639908,0.2035,1.9810702006022136
5KPH_2_6_2_0_combined_id6,0.7809873223304749,2.2773399353027344,94.65916666666668,0.81,2,6,94.1686111111111,0.7743643522262573,27.986626,63.639908,0.2329,2.054784138997396
5KPH_2_6_2_0_combined_id8,0.7066888809204102,2.1110715866088867,95.49569444444444,0.82,2,6,94.1686111111111,0.7743643522262573,27.986626,63.639908,0.2225,2.016611099243164
5KPH_2_6_2_0_combined_id9,0.7153921723365784,2.278553009033203,95.71819444444444,0.83,2,6,94.1686111111111,0.7743643522262573,27.986626,63.639908,0.2306,1.998634550306532
5KPH_2_6_3_0_combined_id1,0.7386376261711121,1.5571955442428589,94.66777777777776,0.8,2,6,95.69638888888888,0.5807149410247803,28.666328,65.04311,0.2386,1.8724695841471355
5KPH_2_6_3_0_combined_id10,0.6124285459518433,1.9197442531585693,92.44527777777778,0.78,2,6,95.69638888888888,0.5807149410247803,28.666328,65.04311,0.2217,2.121887630886502
5KPH_2_6_3_0_combined_id12,1.5526858568191528,0.5816364288330078,95.67347222222222,0.81,2,6,95.69638888888888,0.5807149410247803,28.666328,65.04311,0.239,1.7280794779459636
5KPH_2_6_3_0_combined_id14,0.5242108106613159,1.0318127870559692,93.17791666666666,0.78,2,6,95.69638888888888,0.5807149410247803,28.666328,65.04311,0.1906,2.04736328125
5KPH_2_6_3_0_combined_id15,0.6391317248344421,1.9970262050628662,91.90125,0.75,2,6,95.69638888888888,0.5807149410247803,28.666328,65.04311,0.2467,1.63330078125
5KPH_2_6_3_0_combined_id16,0.8714103102684021,0.8520911931991577,94.47305555555556,0.79,2,6,95.69638888888888,0.5807149410247803,28.666328,65.04311,0.2472,1.923815409342448
5KPH_2_6_3_0_combined_id17,1.1895511150360107,0.9686862230300903,88.0925,0.71,2,6,95.69638888888888,0.5807149410247803,28.666328,65.04311,0.2371,1.9941143459743924
5KPH_2_6_3_0_combined_id18,0.5101627111434937,1.820152997970581,93.4575,0.79,2,6,95.69638888888888,0.5807149410247803,28.666328,65.04311,0.2277,1.829790751139323
5KPH_2_6_3_0_combined_id19,0.845344603061676,0.8756594061851501,88.98986111111111,0.68,2,6,95.69638888888888,0.5807149410247803,28.666328,65.04311,0.2224,1.9542198181152344
5KPH_2_6_3_0_combined_id2,0.4782067835330963,2.042839527130127,93.4025,0.78,2,6,95.69638888888888,0.5807149410247803,28.666328,65.04311,0.2212,1.8221058315700955
5KPH_2_6_3_0_combined_id23,0.6146193742752075,1.918474555015564,94.21027777777778,0.79,2,6,95.69638888888888,0.5807149410247803,28.666328,65.04311,0.236,1.774913681877984
5KPH_2_6_3_0_combined_id24,0.5873365998268127,1.923895239830017,95.23333333333332,0.81,2,6,95.69638888888888,0.5807149410247803,28.666328,65.04311,0.234,2.1465581258138022
5KPH_2_6_3_0_combined_id3,0.5610008239746094,1.8601137399673462,91.27138888888892,0.73,2,6,95.69638888888888,0.5807149410247803,28.666328,65.04311,0.2478,1.8686226738823783
5KPH_2_6_3_0_combined_id4,2.0572187900543213,0.8371383547782898,95.68208333333332,0.81,2,6,95.69638888888888,0.5807149410247803,28.666328,65.04311,0.2239,1.7691610124376085
5KPH_2_6_3_0_combined_id6,0.5420201420783997,1.3883655071258545,93.53958333333334,0.79,2,6,95.69638888888888,0.5807149410247803,28.666328,65.04311,0.2201,1.8092765808105469
5KPH_2_6_3_0_combined_id7,0.5391518473625183,1.9861916303634644,93.26458333333332,0.78,2,6,95.69638888888888,0.5807149410247803,28.666328,65.04311,0.2409,1.7516537772284613
5KPH_2_6_3_0_combined_id9,1.933529019355774,0.5562020540237427,94.71111111111112,0.79,2,6,95.69638888888888,0.5807149410247803,28.666328,65.04311,0.2285,1.7720213996039496
5KPH_2_6_4_0_combined_id1,0.5204190611839294,2.114464044570923,96.25777777777778,0.83,2,6,96.01416666666668,0.6187889575958252,27.992249,63.84693,0.2657,2.001694573296441
5KPH_2_6_4_0_combined_id10,0.8423405885696411,1.4095492362976074,90.85041666666666,0.72,2,6,96.01416666666668,0.6187889575958252,27.992249,63.84693,0.2281,1.7051822874281142
5KPH_2_6_4_0_combined_id11,1.0910680294036865,1.0176122188568115,90.48347222222222,0.74,2,6,96.01416666666668,0.6187889575958252,27.992249,63.84693,0.2382,1.9613365597195096
5KPH_2_6_4_0_combined_id12,0.5208711624145508,2.1222054958343506,95.22944444444444,0.82,2,6,96.01416666666668,0.6187889575958252,27.992249,63.84693,0.2092,2.122981389363607
5KPH_2_6_4_0_combined_id13,1.2240484952926636,0.6585745215415955,89.73611111111111,0.72,2,6,96.01416666666668,0.6187889575958252,27.992249,63.84693,0.2278,1.9881261189778645
5KPH_2_6_4_0_combined_id14,0.5507524013519287,2.1439170837402344,92.44027777777778,0.76,2,6,96.01416666666668,0.6187889575958252,27.992249,63.84693,0.2246,1.8948273128933373
5KPH_2_6_4_0_combined_id15,0.7251649498939514,2.230201482772827,93.1277777777778,0.79,2,6,96.01416666666668,0.6187889575958252,27.992249,63.84693,0.2208,2.092449188232422
5KPH_2_6_4_0_combined_id16,0.5073379278182983,1.8573877811431885,93.76416666666668,0.79,2,6,96.01416666666668,0.6187889575958252,27.992249,63.84693,0.2088,1.9881615108913848
5KPH_2_6_4_0_combined_id17,0.5596707463264465,1.9939212799072266,94.92791666666666,0.8,2,6,96.01416666666668,0.6187889575958252,27.992249,63.84693,0.2392,1.948097652859158
5KPH_2_6_4_0_combined_id18,0.7041802406311035,1.8285861015319824,94.89611111111113,0.81,2,6,96.01416666666668,0.6187889575958252,27.992249,63.84693,0.2253,1.8466110229492188
5KPH_2_6_4_0_combined_id19,0.537149965763092,2.0217161178588867,95.27,0.82,2,6,96.01416666666668,0.6187889575958252,27.992249,63.84693,0.235,2.199618021647136
5KPH_2_6_4_0_combined_id2,0.7716013193130493,1.3919589519500732,92.84444444444443,0.79,2,6,96.01416666666668,0.6187889575958252,27.992249,63.84693,0.2581,1.9735272725423176
5KPH_2_6_4_0_combined_id20,0.5600095987319946,1.7755851745605469,93.35902777777778,0.79,2,6,96.01416666666668,0.6187889575958252,27.992249,63.84693,0.2446,2.107958687676324
5KPH_2_6_4_0_combined_id21,0.488765686750412,2.096680164337158,93.07180555555556,0.78,2,6,96.01416666666668,0.6187889575958252,27.992249,63.84693,0.2287,1.9371765984429248
5KPH_2_6_4_0_combined_id22,0.597854733467102,2.1430094242095947,95.79208333333334,0.82,2,6,96.01416666666668,0.6187889575958252,27.992249,63.84693,0.212,1.916208055284288
5KPH_2_6_4_0_combined_id23,0.6198177337646484,1.3284094333648682,93.22958333333334,0.77,2,6,96.01416666666668,0.6187889575958252,27.992249,63.84693,0.2467,2.0874209933810763
5KPH_2_6_4_0_combined_id24,0.626491367816925,2.270934581756592,91.58666666666666,0.75,2,6,96.01416666666668,0.6187889575958252,27.992249,63.84693,0.2233,1.734399053785536
5KPH_2_6_4_0_combined_id3,0.5840948224067688,1.925367832183838,91.71569444444444,0.74,2,6,96.01416666666668,0.6187889575958252,27.992249,63.84693,0.2134,2.040653440687392
5KPH_2_6_4_0_combined_id4,0.817948579788208,1.6727981567382812,88.99958333333333,0.7,2,6,96.01416666666668,0.6187889575958252,27.992249,63.84693,0.2242,1.7213768429226346
5KPH_2_6_4_0_combined_id5,0.6483209133148193,1.8821057081222534,92.12416666666668,0.77,2,6,96.01416666666668,0.6187889575958252,27.992249,63.84693,0.2274,1.9494383070204
5KPH_2_6_4_0_combined_id6,0.6814439296722412,2.101799726486206,95.39708333333334,0.81,2,6,96.01416666666668,0.6187889575958252,27.992249,63.84693,0.2235,2.062612109714084
5KPH_2_6_4_0_combined_id7,0.6152681112289429,1.518782138824463,94.32555555555555,0.8,2,6,96.01416666666668,0.6187889575958252,27.992249,63.84693,0.2279,2.050251219007704
5KPH_2_6_4_0_combined_id8,0.6003156304359436,2.1422178745269775,93.61652777777778,0.79,2,6,96.01416666666668,0.6187889575958252,27.992249,63.84693,0.223,2.03873528374566
5KPH_2_6_4_0_combined_id9,0.541850209236145,1.8552113771438599,94.86472222222224,0.81,2,6,96.01416666666668,0.6187889575958252,27.992249,63.84693,0.2136,2.1873677571614585
5KPH_2_6_5_0_combined_id1,1.0826061964035034,0.8832429647445679,89.21333333333334,0.71,2,6,95.32763888888888,0.5483707189559937,27.480957,64.518654,0.2274,2.0391646491156683
5KPH_2_6_5_0_combined_id10,0.6624777317047119,2.2498292922973633,93.11041666666668,0.78,2,6,95.32763888888888,0.5483707189559937,27.480957,64.518654,0.2357,1.7646545834011502
5KPH_2_6_5_0_combined_id11,0.5548858642578125,2.1040987968444824,93.49319444444444,0.78,2,6,95.32763888888888,0.5483707189559937,27.480957,64.518654,0.2475,1.758618672688802
5KPH_2_6_5_0_combined_id14,0.612822413444519,0.6763356924057007,92.31416666666668,0.75,2,6,95.32763888888888,0.5483707189559937,27.480957,64.518654,0.221,1.8467462327745223
5KPH_2_6_5_0_combined_id16,0.6508409380912781,2.014655351638794,93.84041666666668,0.79,2,6,95.32763888888888,0.5483707189559937,27.480957,64.518654,0.2355,2.1066833072238498
5KPH_2_6_5_0_combined_id17,0.6149125695228577,2.1868526935577393,94.7975,0.81,2,6,95.32763888888888,0.5483707189559937,27.480957,64.518654,0.2247,1.8942657046847875
5KPH_2_6_5_0_combined_id18,0.5366343259811401,1.7313202619552612,93.17458333333332,0.8,2,6,95.32763888888888,0.5483707189559937,27.480957,64.518654,0.2228,1.874341540866428
5KPH_2_6_5_0_combined_id19,0.684420108795166,2.1416308879852295,95.8898611111111,0.82,2,6,95.32763888888888,0.5483707189559937,27.480957,64.518654,0.2363,2.079768286810981
5KPH_2_6_5_0_combined_id2,0.5789404511451721,1.855579137802124,91.94611111111112,0.76,2,6,95.32763888888888,0.5483707189559937,27.480957,64.518654,0.2472,1.6316687266031902
5KPH_2_6_5_0_combined_id20,0.6000868678092957,0.6636479496955872,94.25125,0.77,2,6,95.32763888888888,0.5483707189559937,27.480957,64.518654,0.2218,1.8121214972602
5KPH_2_6_5_0_combined_id21,0.9031495451927185,1.2861067056655884,91.31319444444443,0.73,2,6,95.32763888888888,0.5483707189559937,27.480957,64.518654,0.2347,1.8019129435221355
5KPH_2_6_5_0_combined_id22,0.8780600428581238,0.8429985642433167,89.82625,0.71,2,6,95.32763888888888,0.5483707189559937,27.480957,64.518654,0.2147,1.6930116017659504
5KPH_2_6_5_0_combined_id23,0.5879570245742798,0.8843302130699158,91.15069444444444,0.73,2,6,95.32763888888888,0.5483707189559937,27.480957,64.518654,0.2345,1.81685045030382
5KPH_2_6_5_0_combined_id24,1.1422783136367798,0.716339111328125,91.99652777777776,0.74,2,6,95.32763888888888,0.5483707189559937,27.480957,64.518654,0.2384,2.088026258680556
5KPH_2_6_5_0_combined_id3,0.667942225933075,0.9106951951980591,89.74263888888889,0.7,2,6,95.32763888888888,0.5483707189559937,27.480957,64.518654,0.2212,1.8456624348958333
5KPH_2_6_5_0_combined_id4,0.5817084908485413,2.185822010040283,93.34138888888889,0.79,2,6,95.32763888888888,0.5483707189559937,27.480957,64.518654,0.2407,1.6486321555243597
5KPH_2_6_5_0_combined_id5,0.606776773929596,1.8027933835983276,95.35819444444444,0.82,2,6,95.32763888888888,0.5483707189559937,27.480957,64.518654,0.2277,1.828468958536784
5KPH_2_6_5_0_combined_id6,0.518641471862793,1.8509546518325806,92.12152777777776,0.76,2,6,95.32763888888888,0.5483707189559937,27.480957,64.518654,0.2181,1.9604672325981989
5KPH_2_6_5_0_combined_id7,0.6951183080673218,0.6566886305809021,91.57291666666669,0.74,2,6,95.32763888888888,0.5483707189559937,27.480957,64.518654,0.2402,1.7599124908447266
5KPH_2_6_5_0_combined_id8,0.9049724340438843,1.3135017156600952,90.4973611111111,0.74,2,6,95.32763888888888,0.5483707189559937,27.480957,64.518654,0.2358,1.7350491417778864
5KPH_2_6_5_0_combined_id9,0.6054295897483826,1.6467704772949219,91.125,0.75,2,6,95.32763888888888,0.5483707189559937,27.480957,64.518654,0.2415,1.6920785903930664
5KPH_2_6_6_0_combined_id1,0.7631914615631104,1.4061087369918823,91.82069444444444,0.75,2,6,95.89625,0.5098337531089783,27.090137,66.43267,0.2296,1.618771447075738
5KPH_2_6_6_0_combined_id11,0.5847037434577942,1.740944266319275,94.0234722222222,0.8,2,6,95.89625,0.5098337531089783,27.090137,66.43267,0.2302,1.9126608106825087
5KPH_2_6_6_0_combined_id13,1.0753557682037354,1.4166820049285889,92.4297222222222,0.76,2,6,95.89625,0.5098337531089783,27.090137,66.43267,0.202,1.800294452243381
5KPH_2_6_6_0_combined_id14,0.5997412204742432,0.7759630084037781,93.37027777777776,0.77,2,6,95.89625,0.5098337531089783,27.090137,66.43267,0.2151,2.1037845611572266
5KPH_2_6_6_0_combined_id15,1.5760446786880493,0.7882558107376099,90.51402777777778,0.7,2,6,95.89625,0.5098337531089783,27.090137,66.43267,0.2241,1.9008543226454
5KPH_2_6_6_0_combined_id17,0.5595192909240723,2.1632747650146484,94.06125,0.79,2,6,95.89625,0.5098337531089783,27.090137,66.43267,0.2299,1.947167290581597
5KPH_2_6_6_0_combined_id18,0.6385311484336853,1.7779695987701416,95.90138888888887,0.83,2,6,95.89625,0.5098337531089783,27.090137,66.43267,0.2365,2.003469679090712
5KPH_2_6_6_0_combined_id19,0.708400309085846,0.8518433570861816,88.93958333333333,0.69,2,6,95.89625,0.5098337531089783,27.090137,66.43267,0.2235,1.7287334865993924
5KPH_2_6_6_0_combined_id2,0.6758453845977783,0.6820431351661682,91.35222222222222,0.74,2,6,95.89625,0.5098337531089783,27.090137,66.43267,0.2299,2.0206142001681857
5KPH_2_6_6_0_combined_id20,0.6005902290344238,1.7614516019821167,96.29708333333332,0.83,2,6,95.89625,0.5098337531089783,27.090137,66.43267,0.2381,2.044102562798394
5KPH_2_6_6_0_combined_id21,0.7363694310188293,2.2372043132781982,92.68277777777776,0.78,2,6,95.89625,0.5098337531089783,27.090137,66.43267,0.2245,1.885034349229601
5KPH_2_6_6_0_combined_id22,1.3657478094100952,0.5092393159866333,92.28986111111112,0.76,2,6,95.89625,0.5098337531089783,27.090137,66.43267,0.2248,2.055192311604818
5KPH_2_6_6_0_combined_id23,0.5408307909965515,1.9092170000076294,95.61083333333336,0.81,2,6,95.89625,0.5098337531089783,27.090137,66.43267,0.2342,2.134172651502821
5KPH_2_6_6_0_combined_id24,0.8961767554283142,1.6347262859344482,90.91472222222222,0.75,2,6,95.89625,0.5098337531089783,27.090137,66.43267,0.2144,1.992460250854492
5KPH_2_6_6_0_combined_id3,0.59578937292099,2.0831613540649414,94.89333333333332,0.81,2,6,95.89625,0.5098337531089783,27.090137,66.43267,0.2126,2.10020022922092
5KPH_2_6_6_0_combined_id5,0.6425588130950928,2.0705392360687256,94.69916666666668,0.82,2,6,95.89625,0.5098337531089783,27.090137,66.43267,0.2294,2.076568179660373
5KPH_2_6_6_0_combined_id6,0.8091097474098206,1.5264918804168701,93.95097222222222,0.79,2,6,95.89625,0.5098337531089783,27.090137,66.43267,0.2193,1.7608431710137262
5KPH_2_6_6_0_combined_id7,1.5840861797332764,0.8949068188667297,91.80513888888888,0.73,2,6,95.89625,0.5098337531089783,27.090137,66.43267,0.2669,2.0546480814615884
5KPH_2_6_6_0_combined_id8,1.6572426557540894,0.785111129283905,90.53736111111112,0.73,2,6,95.89625,0.5098337531089783,27.090137,66.43267,0.2323,1.9373145633273647
5KPH_2_6_6_0_combined_id9,0.6399684548377991,1.9713200330734253,93.13597222222224,0.77,2,6,95.89625,0.5098337531089783,27.090137,66.43267,0.2363,1.835131327311198
5KPH_2_6_7_0_combined_id1,0.5829043388366699,1.8281893730163574,90.73069444444444,0.74,2,6,94.89958333333334,0.406010240316391,28.314137,64.24586,0.2265,1.929077572292752
5KPH_2_6_7_0_combined_id10,1.3015645742416382,0.8562647700309753,88.06791666666668,0.69,2,6,94.89958333333334,0.406010240316391,28.314137,64.24586,0.208,2.063140869140625
5KPH_2_6_7_0_combined_id11,0.7104355692863464,2.1214394569396973,94.20277777777775,0.8,2,6,94.89958333333334,0.406010240316391,28.314137,64.24586,0.227,2.028212229410807
5KPH_2_6_7_0_combined_id12,0.7986316680908203,1.4758714437484741,95.53208333333332,0.82,2,6,94.89958333333334,0.406010240316391,28.314137,64.24586,0.2411,2.166203180948893
5KPH_2_6_7_0_combined_id13,0.6418078541755676,1.9963327646255493,95.91319444444444,0.82,2,6,94.89958333333334,0.406010240316391,28.314137,64.24586,0.2316,2.016471438937717
5KPH_2_6_7_0_combined_id14,1.7168835401535034,0.7141912579536438,95.7388888888889,0.8,2,6,94.89958333333334,0.406010240316391,28.314137,64.24586,0.2464,2.145974689059788
5KPH_2_6_7_0_combined_id15,0.6874788403511047,1.2843650579452515,93.38541666666669,0.77,2,6,94.89958333333334,0.406010240316391,28.314137,64.24586,0.2229,1.824645784166124
5KPH_2_6_7_0_combined_id16,0.9159861207008362,1.2304366827011108,88.58111111111111,0.69,2,6,94.89958333333334,0.406010240316391,28.314137,64.24586,0.2225,1.9565866258409288
5KPH_2_6_7_0_combined_id17,0.8768011331558228,1.6549367904663086,93.82777777777778,0.8,2,6,94.89958333333334,0.406010240316391,28.314137,64.24586,0.2302,2.080866707695855
5KPH_2_6_7_0_combined_id19,0.6180407404899597,2.2295851707458496,94.3477777777778,0.79,2,6,94.89958333333334,0.406010240316391,28.314137,64.24586,0.217,2.0335366990831165
5KPH_2_6_7_0_combined_id2,0.6635597348213196,1.3846957683563232,91.75361111111113,0.76,2,6,94.89958333333334,0.406010240316391,28.314137,64.24586,0.2158,1.781341764662001
5KPH_2_6_7_0_combined_id20,0.5906936526298523,0.7949626445770264,93.98583333333332,0.78,2,6,94.89958333333334,0.406010240316391,28.314137,64.24586,0.225,1.9953990512424045
5KPH_2_6_7_0_combined_id21,0.5709033012390137,1.9738365411758423,95.98652777777778,0.82,2,6,94.89958333333334,0.406010240316391,28.314137,64.24586,0.2076,2.052465226915148
5KPH_2_6_7_0_combined_id22,0.5137328505516052,1.9297595024108887,95.75680555555556,0.82,2,6,94.89958333333334,0.406010240316391,28.314137,64.24586,0.2208,2.16908688015408
5KPH_2_6_7_0_combined_id23,0.5394859910011292,2.0759479999542236,95.99236111111112,0.82,2,6,94.89958333333334,0.406010240316391,28.314137,64.24586,0.2157,2.071205139160156
5KPH_2_6_7_0_combined_id24,0.8547277450561523,0.677176833152771,90.90055555555556,0.74,2,6,94.89958333333334,0.406010240316391,28.314137,64.24586,0.2088,1.900984870062934
5KPH_2_6_7_0_combined_id3,0.6185163855552673,0.6328008770942688,88.80513888888888,0.7,2,6,94.89958333333334,0.406010240316391,28.314137,64.24586,0.215,1.795141432020399
5KPH_2_6_7_0_combined_id4,0.6294446587562561,1.8747522830963135,92.47847222222222,0.78,2,6,94.89958333333334,0.406010240316391,28.314137,64.24586,0.2251,1.7419887118869355
5KPH_2_6_7_0_combined_id6,0.6815601587295532,1.0298277139663696,91.14069444444446,0.77,2,6,94.89958333333334,0.406010240316391,28.314137,64.24586,0.233,2.080133650037977
5KPH_2_6_7_0_combined_id7,0.5910548567771912,2.062382221221924,94.3601388888889,0.79,2,6,94.89958333333334,0.406010240316391,28.314137,64.24586,0.213,2.130935457017687
5KPH_2_6_7_0_combined_id8,0.48240846395492554,1.8260902166366577,95.5501388888889,0.82,2,6,94.89958333333334,0.406010240316391,28.314137,64.24586,0.2182,2.0892007615831165
5KPH_2_6_7_0_combined_id9,0.5796629190444946,1.782815933227539,93.26305555555555,0.78,2,6,94.89958333333334,0.406010240316391,28.314137,64.24586,0.2221,1.8205354478624127
5KPH_2_6_8_0_combined_id1,0.6286404728889465,1.8920451402664185,91.71236111111112,0.76,2,6,96.47208333333332,0.5426095128059387,28.037792,64.4331,0.2269,1.7714162402682834
5KPH_2_6_8_0_combined_id10,1.479404330253601,0.7746302485466003,93.70791666666668,0.77,2,6,96.47208333333332,0.5426095128059387,28.037792,64.4331,0.252,1.844941245185004
5KPH_2_6_8_0_combined_id11,0.7642354965209961,1.1728801727294922,89.56597222222223,0.73,2,6,96.47208333333332,0.5426095128059387,28.037792,64.4331,0.202,2.068939208984375
5KPH_2_6_8_0_combined_id12,1.5287081003189087,0.9737706780433655,93.14416666666666,0.78,2,6,96.47208333333332,0.5426095128059387,28.037792,64.4331,0.2452,2.1174210442437067
5KPH_2_6_8_0_combined_id13,0.641752302646637,2.0284156799316406,92.26083333333332,0.76,2,6,96.47208333333332,0.5426095128059387,28.037792,64.4331,0.2153,1.9137041303846567
5KPH_2_6_8_0_combined_id14,0.5890289545059204,2.2213783264160156,92.15541666666668,0.76,2,6,96.47208333333332,0.5426095128059387,28.037792,64.4331,0.2057,1.7882919311523438
5KPH_2_6_8_0_combined_id15,1.6791013479232788,0.8378427624702454,93.94555555555556,0.77,2,6,96.47208333333332,0.5426095128059387,28.037792,64.4331,0.2197,1.975484848022461
5KPH_2_6_8_0_combined_id16,1.4430593252182007,1.041939616203308,91.31833333333331,0.73,2,6,96.47208333333332,0.5426095128059387,28.037792,64.4331,0.2002,1.915475845336914
5KPH_2_6_8_0_combined_id17,0.7057462334632874,0.9399498105049133,88.95347222222222,0.71,2,6,96.47208333333332,0.5426095128059387,28.037792,64.4331,0.2082,1.7185787624782989
5KPH_2_6_8_0_combined_id18,0.6778976917266846,1.2501451969146729,91.23,0.75,2,6,96.47208333333332,0.5426095128059387,28.037792,64.4331,0.2091,2.0893953111436634
5KPH_2_6_8_0_combined_id19,1.0282033681869507,1.3776626586914062,89.3002777777778,0.7,2,6,96.47208333333332,0.5426095128059387,28.037792,64.4331,0.2152,1.7796287536621094
5KPH_2_6_8_0_combined_id2,0.5836657285690308,1.789773941040039,94.90194444444444,0.81,2,6,96.47208333333332,0.5426095128059387,28.037792,64.4331,0.2448,2.0342076619466147
5KPH_2_6_8_0_combined_id20,0.9097216129302979,1.0687590837478638,89.17958333333334,0.69,2,6,96.47208333333332,0.5426095128059387,28.037792,64.4331,0.2507,1.9780133565266929
5KPH_2_6_8_0_combined_id21,0.6369541883468628,1.810701847076416,93.81472222222222,0.8,2,6,96.47208333333332,0.5426095128059387,28.037792,64.4331,0.2194,1.882786644829644
5KPH_2_6_8_0_combined_id22,0.6544218063354492,2.135047674179077,93.61902777777776,0.8,2,6,96.47208333333332,0.5426095128059387,28.037792,64.4331,0.2069,1.864833619859484
5KPH_2_6_8_0_combined_id24,0.7166293859481812,0.8664534687995911,90.11680555555556,0.7,2,6,96.47208333333332,0.5426095128059387,28.037792,64.4331,0.2269,1.5637346903483074
5KPH_2_6_8_0_combined_id3,0.9263143539428711,0.8748390674591064,87.8776388888889,0.69,2,6,96.47208333333332,0.5426095128059387,28.037792,64.4331,0.2053,1.7250010172526042
5KPH_2_6_8_0_combined_id4,0.5300126671791077,1.935412883758545,92.56402777777777,0.77,2,6,96.47208333333332,0.5426095128059387,28.037792,64.4331,0.2021,2.0395991007486978
5KPH_2_6_8_0_combined_id5,0.7209966778755188,1.2471343278884888,89.58541666666666,0.68,2,6,96.47208333333332,0.5426095128059387,28.037792,64.4331,0.227,1.691836675008138
5KPH_2_6_8_0_combined_id6,1.3646526336669922,0.9545884728431702,90.40875,0.73,2,6,96.47208333333332,0.5426095128059387,28.037792,64.4331,0.2327,1.9480192396375868
5KPH_2_6_8_0_combined_id9,0.6263749599456787,1.2680160999298096,91.55388888888888,0.77,2,6,96.47208333333332,0.5426095128059387,28.037792,64.4331,0.2304,1.9973587459988065
5KPH_2_6_9_0_combined_id1,0.6892537474632263,1.2325555086135864,92.6525,0.77,2,6,94.56138888888889,0.6614145040512085,28.183655,65.70494,0.2193,1.8103207482231989
5KPH_2_6_9_0_combined_id10,0.5152338147163391,2.011263132095337,93.9523611111111,0.8,2,6,94.56138888888889,0.6614145040512085,28.183655,65.70494,0.234,1.844201829698351
5KPH_2_6_9_0_combined_id11,0.786482572555542,1.1521179676055908,87.62791666666666,0.67,2,6,94.56138888888889,0.6614145040512085,28.183655,65.70494,0.2379,1.7238233354356554
5KPH_2_6_9_0_combined_id13,0.7203071713447571,0.7626720070838928,92.0261111111111,0.77,2,6,94.56138888888889,0.6614145040512085,28.183655,65.70494,0.2258,1.9981346130371087
5KPH_2_6_9_0_combined_id16,0.6253925561904907,1.9891154766082764,92.96819444444446,0.78,2,6,94.56138888888889,0.6614145040512085,28.183655,65.70494,0.2431,1.6734167734781902
5KPH_2_6_9_0_combined_id17,0.7123968005180359,1.0671451091766357,88.64125,0.71,2,6,94.56138888888889,0.6614145040512085,28.183655,65.70494,0.2148,2.0771158006456165
5KPH_2_6_9_0_combined_id18,0.6244252920150757,1.8958226442337036,90.90291666666668,0.74,2,6,94.56138888888889,0.6614145040512085,28.183655,65.70494,0.2152,1.8984042273627384
5KPH_2_6_9_0_combined_id20,0.6156273484230042,2.24554181098938,93.86416666666668,0.79,2,6,94.56138888888889,0.6614145040512085,28.183655,65.70494,0.2365,1.8636254204644096
5KPH_2_6_9_0_combined_id21,0.6069612503051758,1.9020843505859375,92.47347222222224,0.77,2,6,94.56138888888889,0.6614145040512085,28.183655,65.70494,0.2264,1.8220893012152777
5KPH_2_6_9_0_combined_id22,0.5860999822616577,1.843530297279358,92.90027777777776,0.79,2,6,94.56138888888889,0.6614145040512085,28.183655,65.70494,0.2149,1.838572184244792
5KPH_2_6_9_0_combined_id23,0.7810479402542114,2.3526532649993896,95.31944444444444,0.81,2,6,94.56138888888889,0.6614145040512085,28.183655,65.70494,0.2067,2.106913460625542
5KPH_2_6_9_0_combined_id24,0.8264492750167847,2.156811237335205,96.04958333333332,0.81,2,6,94.56138888888889,0.6614145040512085,28.183655,65.70494,0.2295,2.0876810285780163
5KPH_2_6_9_0_combined_id3,0.5534346103668213,2.0366086959838867,95.34944444444444,0.82,2,6,94.56138888888889,0.6614145040512085,28.183655,65.70494,0.2811,1.8541636996799045
5KPH_2_6_9_0_combined_id4,0.6677077412605286,1.903235673904419,93.94458333333334,0.79,2,6,94.56138888888889,0.6614145040512085,28.183655,65.70494,0.2009,1.9904513888888888
5KPH_2_6_9_0_combined_id5,0.6381186246871948,2.063926935195923,93.55333333333334,0.79,2,6,94.56138888888889,0.6614145040512085,28.183655,65.70494,0.215,1.8352673848470047
5KPH_2_6_9_0_combined_id6,0.6703387498855591,1.4057857990264893,93.9786111111111,0.78,2,6,94.56138888888889,0.6614145040512085,28.183655,65.70494,0.2133,2.097585254245334
5KPH_2_6_9_0_combined_id7,0.6371979713439941,2.0562925338745117,92.54166666666669,0.77,2,6,94.56138888888889,0.6614145040512085,28.183655,65.70494,0.2123,1.9926931593153208
5KPH_2_6_9_0_combined_id8,0.6110022664070129,1.8761833906173706,93.64263888888888,0.79,2,6,94.56138888888889,0.6614145040512085,28.183655,65.70494,0.2304,1.92664549085829
5KPH_2_6_9_0_combined_id9,0.6640709638595581,2.0803751945495605,94.61708333333334,0.8,2,6,94.56138888888889,0.6614145040512085,28.183655,65.70494,0.2272,1.677602767944336
5KPH_2_8_0_0_combined_id10,1.5183351039886475,0.8253241777420044,91.83180555555556,0.75,2,8,95.81041666666664,0.6134266257286072,27.813906,63.542465,0.2202,1.84036742316352
5KPH_2_8_0_0_combined_id11,0.5746399760246277,1.9945405721664429,94.21680555555557,0.8,2,8,95.81041666666664,0.6134266257286072,27.813906,63.542465,0.2305,1.8627105289035373
5KPH_2_8_0_0_combined_id12,0.5791047811508179,1.9964406490325928,95.12555555555556,0.82,2,8,95.81041666666664,0.6134266257286072,27.813906,63.542465,0.2259,2.026566823323568
5KPH_2_8_0_0_combined_id13,0.6250641942024231,2.0019848346710205,95.79958333333332,0.82,2,8,95.81041666666664,0.6134266257286072,27.813906,63.542465,0.2253,2.1415367126464844
5KPH_2_8_0_0_combined_id15,0.6750579476356506,1.94846510887146,96.24333333333334,0.83,2,8,95.81041666666664,0.6134266257286072,27.813906,63.542465,0.2026,2.080688052707248
5KPH_2_8_0_0_combined_id17,0.6223896741867065,1.8706976175308228,91.52277777777778,0.75,2,8,95.81041666666664,0.6134266257286072,27.813906,63.542465,0.2157,1.9225612216525607
5KPH_2_8_0_0_combined_id19,0.6302361488342285,1.758665919303894,93.1961111111111,0.79,2,8,95.81041666666664,0.6134266257286072,27.813906,63.542465,0.2122,1.8737244076199
5KPH_2_8_0_0_combined_id2,0.6043301820755005,2.096701145172119,91.07819444444446,0.74,2,8,95.81041666666664,0.6134266257286072,27.813906,63.542465,0.2252,1.7434474097357855
5KPH_2_8_0_0_combined_id21,0.6706570386886597,2.020118236541748,93.46472222222222,0.79,2,8,95.81041666666664,0.6134266257286072,27.813906,63.542465,0.2307,1.909051259358724
5KPH_2_8_0_0_combined_id22,1.4316036701202393,0.6366087198257446,91.63916666666668,0.75,2,8,95.81041666666664,0.6134266257286072,27.813906,63.542465,0.2043,1.86481687757704
5KPH_2_8_0_0_combined_id23,0.9500365257263184,1.4886398315429688,91.02902777777778,0.74,2,8,95.81041666666664,0.6134266257286072,27.813906,63.542465,0.2153,1.7684689627753365
5KPH_2_8_0_0_combined_id3,0.7402450442314148,2.30552077293396,95.46847222222222,0.82,2,8,95.81041666666664,0.6134266257286072,27.813906,63.542465,0.2149,2.06768798828125
5KPH_2_8_0_0_combined_id6,1.1635422706604004,1.467790961265564,89.32374999999999,0.72,2,8,95.81041666666664,0.6134266257286072,27.813906,63.542465,0.1898,2.1183268229166665
5KPH_2_8_0_0_combined_id7,1.1534171104431152,1.5848772525787354,93.20861111111113,0.78,2,8,95.81041666666664,0.6134266257286072,27.813906,63.542465,0.2216,2.0199966430664062
5KPH_2_8_0_0_combined_id8,0.6946303248405457,1.2053041458129883,92.53972222222222,0.78,2,8,95.81041666666664,0.6134266257286072,27.813906,63.542465,0.2177,2.037721421983507
5KPH_2_8_0_0_combined_id9,1.0737031698226929,0.7014096975326538,92.0261111111111,0.76,2,8,95.81041666666664,0.6134266257286072,27.813906,63.542465,0.2281,1.7554930580986872
5KPH_2_8_1_0_combined_id1,0.5400614142417908,2.022796630859375,91.67305555555556,0.76,2,8,96.26555555555557,0.6025243997573853,28.702074,64.5545,0.2288,1.934950510660808
5KPH_2_8_1_0_combined_id10,0.6604938507080078,2.1694817543029785,94.38138888888888,0.81,2,8,96.26555555555557,0.6025243997573853,28.702074,64.5545,0.2514,2.0084345075819225
5KPH_2_8_1_0_combined_id11,0.632804274559021,2.2694191932678223,96.60805555555557,0.83,2,8,96.26555555555557,0.6025243997573853,28.702074,64.5545,0.2332,2.127659479777018
5KPH_2_8_1_0_combined_id13,0.649263322353363,0.7566298246383667,94.44194444444445,0.8,2,8,96.26555555555557,0.6025243997573853,28.702074,64.5545,0.2108,2.0233756171332464
5KPH_2_8_1_0_combined_id14,0.6606347560882568,1.4438737630844116,90.91041666666666,0.73,2,8,96.26555555555557,0.6025243997573853,28.702074,64.5545,0.2207,1.6784451802571614
5KPH_2_8_1_0_combined_id15,0.5929226279258728,2.230710029602051,94.30083333333332,0.79,2,8,96.26555555555557,0.6025243997573853,28.702074,64.5545,0.2161,1.8668624030219183
5KPH_2_8_1_0_combined_id16,0.6104201078414917,2.1636059284210205,91.86847222222224,0.77,2,8,96.26555555555557,0.6025243997573853,28.702074,64.5545,0.2179,1.7438409593370223
5KPH_2_8_1_0_combined_id17,0.6324359178543091,1.2398254871368408,92.9551388888889,0.78,2,8,96.26555555555557,0.6025243997573853,28.702074,64.5545,0.2329,1.980887095133464
5KPH_2_8_1_0_combined_id19,0.5539824366569519,2.064011335372925,93.92208333333332,0.81,2,8,96.26555555555557,0.6025243997573853,28.702074,64.5545,0.1911,2.116652170817057
5KPH_2_8_1_0_combined_id2,0.5809523463249207,2.01165509223938,93.60430555555556,0.79,2,8,96.26555555555557,0.6025243997573853,28.702074,64.5545,0.2327,1.843902587890625
5KPH_2_8_1_0_combined_id21,0.6850880980491638,1.935883641242981,94.54180555555556,0.8,2,8,96.26555555555557,0.6025243997573853,28.702074,64.5545,0.2109,1.8429739210340712
5KPH_2_8_1_0_combined_id23,0.5855372548103333,1.8859210014343262,94.31875,0.8,2,8,96.26555555555557,0.6025243997573853,28.702074,64.5545,0.224,2.077977922227648
5KPH_2_8_1_0_combined_id24,0.6683406233787537,2.079455614089966,95.2851388888889,0.82,2,8,96.26555555555557,0.6025243997573853,28.702074,64.5545,0.2219,2.130978054470486
5KPH_2_8_1_0_combined_id3,1.1088567972183228,0.8203415870666504,89.90194444444444,0.74,2,8,96.26555555555557,0.6025243997573853,28.702074,64.5545,0.2299,2.1973561180962458
5KPH_2_8_1_0_combined_id4,0.5858503580093384,2.0429160594940186,95.55055555555556,0.81,2,8,96.26555555555557,0.6025243997573853,28.702074,64.5545,0.2018,2.0193027920193143
5KPH_2_8_1_0_combined_id5,0.7144778370857239,2.1161153316497803,91.25416666666666,0.72,2,8,96.26555555555557,0.6025243997573853,28.702074,64.5545,0.2384,1.6824814478556316
5KPH_2_8_1_0_combined_id6,0.5888933539390564,1.8630543947219849,94.76041666666669,0.81,2,8,96.26555555555557,0.6025243997573853,28.702074,64.5545,0.2166,1.936658647325304
5KPH_2_8_1_0_combined_id7,0.6723427772521973,1.8912646770477295,95.55791666666669,0.82,2,8,96.26555555555557,0.6025243997573853,28.702074,64.5545,0.2303,2.051639133029514
5KPH_2_8_1_0_combined_id8,0.9809737801551819,0.7987428903579712,90.77222222222224,0.74,2,8,96.26555555555557,0.6025243997573853,28.702074,64.5545,0.2146,1.9459434085422087
5KPH_2_8_1_0_combined_id9,0.7313606142997742,1.9036964178085327,94.13680555555555,0.81,2,8,96.26555555555557,0.6025243997573853,28.702074,64.5545,0.2064,1.935111575656467
5KPH_2_8_2_0_combined_id1,0.6711775660514832,1.8947187662124634,94.33736111111112,0.81,2,8,93.52819444444444,0.7098019123077393,27.755682,63.895203,0.2089,2.002034293280708
5KPH_2_8_2_0_combined_id11,0.5311488509178162,1.817144513130188,94.31055555555557,0.8,2,8,93.52819444444444,0.7098019123077393,27.755682,63.895203,0.2164,2.043489456176758
5KPH_2_8_2_0_combined_id12,1.5880507230758667,0.6604175567626953,92.95930555555556,0.76,2,8,93.52819444444444,0.7098019123077393,27.755682,63.895203,0.2261,1.9800662994384768
5KPH_2_8_2_0_combined_id13,0.786453902721405,0.953075110912323,94.32097222222222,0.79,2,8,93.52819444444444,0.7098019123077393,27.755682,63.895203,0.2124,2.0526731279161243
5KPH_2_8_2_0_combined_id14,0.7265328168869019,1.5715786218643188,93.24902777777778,0.78,2,8,93.52819444444444,0.7098019123077393,27.755682,63.895203,0.2143,1.8378984663221567
5KPH_2_8_2_0_combined_id15,1.428128957748413,0.7158040404319763,92.35347222222222,0.76,2,8,93.52819444444444,0.7098019123077393,27.755682,63.895203,0.2585,2.191259596082899
5KPH_2_8_2_0_combined_id16,0.7645537853240967,0.7406502962112427,93.2988888888889,0.75,2,8,93.52819444444444,0.7098019123077393,27.755682,63.895203,0.2145,1.6761565738254125
5KPH_2_8_2_0_combined_id17,0.6384204030036926,1.9046517610549927,93.38194444444444,0.78,2,8,93.52819444444444,0.7098019123077393,27.755682,63.895203,0.2314,1.985968695746528
5KPH_2_8_2_0_combined_id18,0.728728175163269,1.8409408330917358,95.15625,0.81,2,8,93.52819444444444,0.7098019123077393,27.755682,63.895203,0.2227,1.9007788764105904
5KPH_2_8_2_0_combined_id19,0.6506133675575256,1.0411654710769653,92.94958333333334,0.76,2,8,93.52819444444444,0.7098019123077393,27.755682,63.895203,0.2079,1.9235767788357203
5KPH_2_8_2_0_combined_id20,0.5079526901245117,1.966503381729126,92.5176388888889,0.77,2,8,93.52819444444444,0.7098019123077393,27.755682,63.895203,0.2309,1.957379447089301
5KPH_2_8_2_0_combined_id21,0.9905698299407959,1.5403763055801392,92.0001388888889,0.76,2,8,93.52819444444444,0.7098019123077393,27.755682,63.895203,0.2259,1.952530966864692
5KPH_2_8_2_0_combined_id22,0.5627039670944214,1.855599045753479,91.51625,0.75,2,8,93.52819444444444,0.7098019123077393,27.755682,63.895203,0.226,1.8931232028537328
5KPH_2_8_2_0_combined_id23,0.6703092455863953,1.7489334344863892,92.88055555555556,0.77,2,8,93.52819444444444,0.7098019123077393,27.755682,63.895203,0.1878,2.0506199730767145
5KPH_2_8_2_0_combined_id24,0.633639395236969,1.768253207206726,93.13555555555556,0.79,2,8,93.52819444444444,0.7098019123077393,27.755682,63.895203,0.2367,1.848526848687066
5KPH_2_8_2_0_combined_id3,0.7130409479141235,0.9234068393707275,89.7688888888889,0.73,2,8,93.52819444444444,0.7098019123077393,27.755682,63.895203,0.2404,2.3591461181640625
5KPH_2_8_2_0_combined_id4,0.6729604005813599,1.936949610710144,91.63916666666668,0.75,2,8,93.52819444444444,0.7098019123077393,27.755682,63.895203,0.2297,1.792924880981445
5KPH_2_8_2_0_combined_id5,0.6766819357872009,0.9544562697410583,91.9452777777778,0.77,2,8,93.52819444444444,0.7098019123077393,27.755682,63.895203,0.2037,1.8976003858778208
5KPH_2_8_2_0_combined_id6,0.5989348292350769,1.208096981048584,93.92555555555556,0.79,2,8,93.52819444444444,0.7098019123077393,27.755682,63.895203,0.2139,2.0526945326063366
5KPH_2_8_2_0_combined_id7,0.5858250856399536,1.8472011089324951,95.86236111111111,0.82,2,8,93.52819444444444,0.7098019123077393,27.755682,63.895203,0.211,2.083788341946072
5KPH_2_8_2_0_combined_id8,0.9138727188110352,0.9358925223350525,92.94805555555556,0.76,2,8,93.52819444444444,0.7098019123077393,27.755682,63.895203,0.2332,2.0724991692437067
5KPH_2_8_2_0_combined_id9,0.6649502515792847,2.0972838401794434,94.57833333333332,0.81,2,8,93.52819444444444,0.7098019123077393,27.755682,63.895203,0.2125,2.1975169711642795
5KPH_2_8_3_0_combined_id1,0.5577406883239746,1.9721304178237915,95.34430555555556,0.81,2,8,93.02805555555555,0.6488792896270752,27.66535,63.960403,0.2252,2.010602527194553
5KPH_2_8_3_0_combined_id10,0.7102759480476379,1.831200361251831,94.03638888888888,0.78,2,8,93.02805555555555,0.6488792896270752,27.66535,63.960403,0.2235,1.883819368150499
5KPH_2_8_3_0_combined_id13,0.636764645576477,1.1378161907196045,90.93916666666664,0.76,2,8,93.02805555555555,0.6488792896270752,27.66535,63.960403,0.1779,1.9496663411458333
5KPH_2_8_3_0_combined_id14,0.6168650984764099,2.0567033290863037,90.9401388888889,0.73,2,8,93.02805555555555,0.6488792896270752,27.66535,63.960403,0.211,1.9705278608534071
5KPH_2_8_3_0_combined_id15,0.580510139465332,1.5772275924682617,95.37361111111112,0.82,2,8,93.02805555555555,0.6488792896270752,27.66535,63.960403,0.2562,2.0206616719563804
5KPH_2_8_3_0_combined_id16,0.7032100558280945,1.457806944847107,93.20541666666664,0.78,2,8,93.02805555555555,0.6488792896270752,27.66535,63.960403,0.2186,1.938526153564453
5KPH_2_8_3_0_combined_id17,1.0678493976593018,1.0136648416519165,94.97583333333334,0.79,2,8,93.02805555555555,0.6488792896270752,27.66535,63.960403,0.2166,2.136768764919705
5KPH_2_8_3_0_combined_id18,1.3248465061187744,0.9127333164215088,93.03972222222222,0.77,2,8,93.02805555555555,0.6488792896270752,27.66535,63.960403,0.2167,2.089586893717448
5KPH_2_8_3_0_combined_id19,0.6130430102348328,2.0203166007995605,92.00236111111111,0.76,2,8,93.02805555555555,0.6488792896270752,27.66535,63.960403,0.2154,1.8904079861111112
5KPH_2_8_3_0_combined_id2,1.4210373163223267,0.7887346148490906,93.81833333333331,0.79,2,8,93.02805555555555,0.6488792896270752,27.66535,63.960403,0.2665,2.0019533369276257
5KPH_2_8_3_0_combined_id20,0.9250345826148987,1.48068368434906,92.52125,0.77,2,8,93.02805555555555,0.6488792896270752,27.66535,63.960403,0.223,1.874625523885091
5KPH_2_8_3_0_combined_id21,0.7262125015258789,0.8811780214309692,94.26680555555556,0.79,2,8,93.02805555555555,0.6488792896270752,27.66535,63.960403,0.2528,2.2120734320746527
5KPH_2_8_3_0_combined_id22,0.6026477217674255,1.9131056070327759,96.29208333333332,0.82,2,8,93.02805555555555,0.6488792896270752,27.66535,63.960403,0.2348,1.9791213141547308
5KPH_2_8_3_0_combined_id24,1.3362829685211182,0.811111569404602,92.67763888888892,0.75,2,8,93.02805555555555,0.6488792896270752,27.66535,63.960403,0.2235,2.110934575398763
5KPH_2_8_3_0_combined_id3,0.5335007905960083,1.889729619026184,95.16763888888887,0.8,2,8,93.02805555555555,0.6488792896270752,27.66535,63.960403,0.2316,2.1261507670084634
5KPH_2_8_3_0_combined_id5,0.6488795280456543,1.7134240865707397,95.18958333333332,0.82,2,8,93.02805555555555,0.6488792896270752,27.66535,63.960403,0.2023,2.196712917751736
5KPH_2_8_3_0_combined_id6,0.7936950325965881,1.6449629068374634,92.63722222222222,0.75,2,8,93.02805555555555,0.6488792896270752,27.66535,63.960403,0.2522,1.7416434817843969
5KPH_2_8_3_0_combined_id7,0.6281017661094666,1.6575754880905151,93.11875,0.77,2,8,93.02805555555555,0.6488792896270752,27.66535,63.960403,0.2313,1.6938600540161133
5KPH_2_8_3_0_combined_id8,0.7329853177070618,0.6289914846420288,87.88055555555555,0.68,2,8,93.02805555555555,0.6488792896270752,27.66535,63.960403,0.219,1.7178526984320746
5KPH_2_8_3_0_combined_id9,1.0662727355957031,0.9851465225219727,93.445,0.78,2,8,93.02805555555555,0.6488792896270752,27.66535,63.960403,0.2378,2.0206546783447266
5KPH_2_8_4_0_combined_id1,0.8995868563652039,0.865505039691925,90.40055555555556,0.74,2,8,95.99444444444444,0.6906513571739197,27.07898,64.24088,0.2109,2.0559785630967884
5KPH_2_8_4_0_combined_id10,0.5919835567474365,1.7937960624694824,94.67847222222224,0.81,2,8,95.99444444444444,0.6906513571739197,27.07898,64.24088,0.2249,1.9657567342122395
5KPH_2_8_4_0_combined_id11,0.6100699305534363,1.7586901187896729,90.04847222222222,0.72,2,8,95.99444444444444,0.6906513571739197,27.07898,64.24088,0.234,1.7216366661919489
5KPH_2_8_4_0_combined_id12,0.5351187586784363,1.8580653667449951,95.09916666666668,0.82,2,8,95.99444444444444,0.6906513571739197,27.07898,64.24088,0.2249,1.9584490458170567
5KPH_2_8_4_0_combined_id13,0.6527048945426941,1.8279600143432617,91.30347222222224,0.75,2,8,95.99444444444444,0.6906513571739197,27.07898,64.24088,0.2288,1.827472686767578
5KPH_2_8_4_0_combined_id14,1.466050148010254,1.032690167427063,87.96222222222222,0.69,2,8,95.99444444444444,0.6906513571739197,27.07898,64.24088,0.2039,1.966231452094184
5KPH_2_8_4_0_combined_id15,1.4550009965896606,1.1053624153137207,94.44861111111112,0.79,2,8,95.99444444444444,0.6906513571739197,27.07898,64.24088,0.2002,1.947789722018772
5KPH_2_8_4_0_combined_id16,0.5189693570137024,1.7866816520690918,93.9334722222222,0.8,2,8,95.99444444444444,0.6906513571739197,27.07898,64.24088,0.2096,2.0627009073893228
5KPH_2_8_4_0_combined_id17,0.5327616930007935,1.746531367301941,92.85930555555557,0.78,2,8,95.99444444444444,0.6906513571739197,27.07898,64.24088,0.2148,2.031764136420356
5KPH_2_8_4_0_combined_id18,0.7905937433242798,1.0787527561187744,93.68805555555556,0.8,2,8,95.99444444444444,0.6906513571739197,27.07898,64.24088,0.2277,1.97267574734158
5KPH_2_8_4_0_combined_id19,1.010618805885315,0.9393439888954163,90.27180555555556,0.7,2,8,95.99444444444444,0.6906513571739197,27.07898,64.24088,0.2218,1.846178266737196
5KPH_2_8_4_0_combined_id2,0.6884622573852539,1.0025874376296997,92.95333333333332,0.78,2,8,95.99444444444444,0.6906513571739197,27.07898,64.24088,0.2405,1.9607480367024737
5KPH_2_8_4_0_combined_id20,0.5773370862007141,1.4770301580429077,92.6576388888889,0.76,2,8,95.99444444444444,0.6906513571739197,27.07898,64.24088,0.2172,1.8433096143934464
5KPH_2_8_4_0_combined_id21,0.600108802318573,1.6762465238571167,94.94583333333333,0.81,2,8,95.99444444444444,0.6906513571739197,27.07898,64.24088,0.2387,1.7950108846028645
5KPH_2_8_4_0_combined_id22,0.6932068467140198,1.7575260400772095,95.05333333333334,0.82,2,8,95.99444444444444,0.6906513571739197,27.07898,64.24088,0.2245,2.0601984659830728
5KPH_2_8_4_0_combined_id23,1.0637062788009644,1.6013507843017578,87.15208333333334,0.68,2,8,95.99444444444444,0.6906513571739197,27.07898,64.24088,0.1863,1.8459864722357853
5KPH_2_8_4_0_combined_id24,1.0444319248199463,1.2295470237731934,93.44527777777778,0.78,2,8,95.99444444444444,0.6906513571739197,27.07898,64.24088,0.2502,1.7175313101874456
5KPH_2_8_4_0_combined_id3,0.6826332807540894,1.5596325397491455,92.42611111111113,0.77,2,8,95.99444444444444,0.6906513571739197,27.07898,64.24088,0.2333,1.963928858439128
5KPH_2_8_4_0_combined_id4,0.9302462935447693,1.1859878301620483,94.24791666666668,0.8,2,8,95.99444444444444,0.6906513571739197,27.07898,64.24088,0.2444,1.9603182474772136
5KPH_2_8_4_0_combined_id5,0.5551139712333679,1.9383291006088257,91.37291666666668,0.74,2,8,95.99444444444444,0.6906513571739197,27.07898,64.24088,0.2319,1.6001225577460394
5KPH_2_8_4_0_combined_id6,1.0822736024856567,0.974568247795105,90.86958333333334,0.73,2,8,95.99444444444444,0.6906513571739197,27.07898,64.24088,0.2108,1.809427473280165
5KPH_2_8_4_0_combined_id8,1.1673287153244019,0.9191132187843323,92.56125,0.77,2,8,95.99444444444444,0.6906513571739197,27.07898,64.24088,0.2248,1.7228821648491754
5KPH_2_8_4_0_combined_id9,0.5402448177337646,1.9786961078643799,94.29291666666668,0.8,2,8,95.99444444444444,0.6906513571739197,27.07898,64.24088,0.224,2.0281848907470703
5KPH_2_8_5_0_combined_id10,0.734503448009491,0.8213425874710083,90.94291666666666,0.75,2,8,95.32013888888888,0.5849745273590088,26.90008,63.539955,0.2002,1.901627434624566
5KPH_2_8_5_0_combined_id12,0.7005258202552795,1.831569790840149,91.56930555555556,0.75,2,8,95.32013888888888,0.5849745273590088,26.90008,63.539955,0.2063,1.996561050415039
5KPH_2_8_5_0_combined_id13,0.8318701386451721,0.9749012589454651,90.85013888888888,0.73,2,8,95.32013888888888,0.5849745273590088,26.90008,63.539955,0.2102,1.7999916076660156
5KPH_2_8_5_0_combined_id14,0.6682884097099304,2.045269727706909,95.0425,0.81,2,8,95.32013888888888,0.5849745273590088,26.90008,63.539955,0.2387,2.0014572143554688
5KPH_2_8_5_0_combined_id15,1.8258323669433594,0.8485146760940552,92.14055555555557,0.74,2,8,95.32013888888888,0.5849745273590088,26.90008,63.539955,0.2156,1.908485836452908
5KPH_2_8_5_0_combined_id16,1.4758812189102173,0.5756406784057617,91.83763888888888,0.75,2,8,95.32013888888888,0.5849745273590088,26.90008,63.539955,0.2415,1.7952420976426866
5KPH_2_8_5_0_combined_id18,0.7081943154335022,2.283902883529663,94.42888888888888,0.8,2,8,95.32013888888888,0.5849745273590088,26.90008,63.539955,0.2368,1.8670516543918183
5KPH_2_8_5_0_combined_id19,8.525858879089355,8.490789413452148,89.74652777777777,0.65,2,8,95.32013888888888,0.5849745273590088,26.90008,63.539955,0.2309,1.8251575893825955
5KPH_2_8_5_0_combined_id2,0.7250033617019653,0.8038797378540039,95.94597222222222,0.82,2,8,95.32013888888888,0.5849745273590088,26.90008,63.539955,0.2062,1.839657253689236
5KPH_2_8_5_0_combined_id20,0.7605549693107605,1.7768977880477905,95.42763888888892,0.82,2,8,95.32013888888888,0.5849745273590088,26.90008,63.539955,0.2269,2.07464959886339
5KPH_2_8_5_0_combined_id21,1.4313467741012573,0.7897784113883972,89.76736111111111,0.71,2,8,95.32013888888888,0.5849745273590088,26.90008,63.539955,0.1889,1.757329199049208
5KPH_2_8_5_0_combined_id22,0.716270387172699,0.9159553050994873,92.70805555555556,0.78,2,8,95.32013888888888,0.5849745273590088,26.90008,63.539955,0.195,1.891738043891059
5KPH_2_8_5_0_combined_id23,0.7146843671798706,1.115427017211914,93.24402777777776,0.75,2,8,95.32013888888888,0.5849745273590088,26.90008,63.539955,0.2122,1.6369892756144206
5KPH_2_8_5_0_combined_id24,1.5948731899261475,0.6876820921897888,95.16333333333334,0.81,2,8,95.32013888888888,0.5849745273590088,26.90008,63.539955,0.2258,1.883699629041884
5KPH_2_8_5_0_combined_id3,0.7221018671989441,1.851991891860962,89.58597222222222,0.71,2,8,95.32013888888888,0.5849745273590088,26.90008,63.539955,0.2138,1.8671497768825955
5KPH_2_8_5_0_combined_id4,0.6188822984695435,1.8876113891601562,94.85222222222222,0.81,2,8,95.32013888888888,0.5849745273590088,26.90008,63.539955,0.2352,2.0894597371419272
5KPH_2_8_5_0_combined_id5,2.0500946044921875,0.7542080283164978,95.08319444444444,0.79,2,8,95.32013888888888,0.5849745273590088,26.90008,63.539955,0.2036,1.9598299662272136
5KPH_2_8_5_0_combined_id6,0.529914140701294,1.9411958456039429,94.95472222222222,0.82,2,8,95.32013888888888,0.5849745273590088,26.90008,63.539955,0.206,2.1032577090793185
5KPH_2_8_5_0_combined_id7,0.6948308348655701,0.8810256123542786,90.14055555555557,0.73,2,8,95.32013888888888,0.5849745273590088,26.90008,63.539955,0.2144,1.8582394917805989
5KPH_2_8_5_0_combined_id8,1.7400121688842773,0.7369732856750488,90.2448611111111,0.71,2,8,95.32013888888888,0.5849745273590088,26.90008,63.539955,0.2165,1.6503512064615886
5KPH_2_8_5_0_combined_id9,0.7033801078796387,1.0251076221466064,94.33291666666666,0.81,2,8,95.32013888888888,0.5849745273590088,26.90008,63.539955,0.1827,2.054832882351345
5KPH_2_8_6_0_combined_id1,0.5498554110527039,2.3587331771850586,95.8338888888889,0.82,2,8,93.33583333333334,0.5940830111503601,27.83344,64.59608,0.2297,2.021570841471354
5KPH_2_8_6_0_combined_id10,0.6108341813087463,2.444535970687866,94.34472222222222,0.81,2,8,93.33583333333334,0.5940830111503601,27.83344,64.59608,0.2252,2.2060120900472007
5KPH_2_8_6_0_combined_id11,0.6602721810340881,1.6445561647415161,90.00819444444444,0.73,2,8,93.33583333333334,0.5940830111503601,27.83344,64.59608,0.2355,1.7491416931152344
5KPH_2_8_6_0_combined_id12,0.5570926070213318,2.3727715015411377,92.77333333333334,0.77,2,8,93.33583333333334,0.5940830111503601,27.83344,64.59608,0.2372,1.7599056031968858
5KPH_2_8_6_0_combined_id13,0.882150411605835,1.7990072965621948,91.74138888888888,0.75,2,8,93.33583333333334,0.5940830111503601,27.83344,64.59608,0.2096,1.78945795694987
5KPH_2_8_6_0_combined_id14,0.6364078521728516,2.3824968338012695,95.8877777777778,0.82,2,8,93.33583333333334,0.5940830111503601,27.83344,64.59608,0.2334,1.949417961968316
5KPH_2_8_6_0_combined_id15,0.9190362691879272,1.373693585395813,88.73472222222223,0.71,2,8,93.33583333333334,0.5940830111503601,27.83344,64.59608,0.2132,1.838295406765408
5KPH_2_8_6_0_combined_id16,0.7593639492988586,1.099837064743042,88.93111111111111,0.74,2,8,93.33583333333334,0.5940830111503601,27.83344,64.59608,0.2091,2.0074888865153
5KPH_2_8_6_0_combined_id17,0.9597896933555603,1.1505266427993774,87.55416666666666,0.68,2,8,93.33583333333334,0.5940830111503601,27.83344,64.59608,0.2166,1.7507914437188044
5KPH_2_8_6_0_combined_id19,0.4929811954498291,2.274075984954834,95.0176388888889,0.81,2,8,93.33583333333334,0.5940830111503601,27.83344,64.59608,0.2036,1.9784713321261933
5KPH_2_8_6_0_combined_id2,0.8421330451965332,1.300872802734375,89.45416666666667,0.73,2,8,93.33583333333334,0.5940830111503601,27.83344,64.59608,0.2161,1.8943167792426208
5KPH_2_8_6_0_combined_id20,0.5119965672492981,2.319337844848633,94.90430555555557,0.82,2,8,93.33583333333334,0.5940830111503601,27.83344,64.59608,0.2126,1.9809502495659723
5KPH_2_8_6_0_combined_id21,0.5862968564033508,2.2741000652313232,93.20791666666666,0.77,2,8,93.33583333333334,0.5940830111503601,27.83344,64.59608,0.241,1.7581926981608074
5KPH_2_8_6_0_combined_id22,0.7511472105979919,1.8667731285095215,93.88736111111112,0.8,2,8,93.33583333333334,0.5940830111503601,27.83344,64.59608,0.2093,1.935596042209201
5KPH_2_8_6_0_combined_id23,2.240737199783325,0.5898585319519043,93.2213888888889,0.76,2,8,93.33583333333334,0.5940830111503601,27.83344,64.59608,0.2499,1.852551778157552
5KPH_2_8_6_0_combined_id24,1.0859681367874146,1.2102456092834473,88.69055555555555,0.69,2,8,93.33583333333334,0.5940830111503601,27.83344,64.59608,0.222,1.634420182969835
5KPH_2_8_6_0_combined_id3,2.19696307182312,0.71165931224823,90.72777777777776,0.72,2,8,93.33583333333334,0.5940830111503601,27.83344,64.59608,0.2211,1.8957820468478728
5KPH_2_8_6_0_combined_id4,0.7615323066711426,1.8878417015075684,94.05027777777778,0.79,2,8,93.33583333333334,0.5940830111503601,27.83344,64.59608,0.2173,1.8771599663628475
5KPH_2_8_6_0_combined_id5,0.5351973176002502,2.3274893760681152,93.33319444444444,0.78,2,8,93.33583333333334,0.5940830111503601,27.83344,64.59608,0.2279,1.823309580485026
5KPH_2_8_6_0_combined_id6,1.0604726076126099,1.336084008216858,90.75666666666666,0.74,2,8,93.33583333333334,0.5940830111503601,27.83344,64.59608,0.2574,1.8950860765245223
5KPH_2_8_6_0_combined_id7,0.6677513122558594,2.18476939201355,93.76666666666668,0.8,2,8,93.33583333333334,0.5940830111503601,27.83344,64.59608,0.2375,1.7525838216145833
5KPH_2_8_6_0_combined_id8,0.9076886773109436,1.8208751678466797,90.72361111111113,0.71,2,8,93.33583333333334,0.5940830111503601,27.83344,64.59608,0.2412,1.6714893976847331
5KPH_2_8_6_0_combined_id9,0.45020875334739685,2.175651788711548,95.27361111111112,0.81,2,8,93.33583333333334,0.5940830111503601,27.83344,64.59608,0.2555,1.954346126980252
5KPH_2_8_7_0_combined_id1,0.7456860542297363,0.8320015668869019,89.95166666666667,0.73,2,8,94.09125,0.6078482270240784,28.068794,63.397446,0.2249,1.897940953572591
5KPH_2_8_7_0_combined_id10,0.5936301946640015,1.521750807762146,94.46194444444444,0.81,2,8,94.09125,0.6078482270240784,28.068794,63.397446,0.2041,2.388760460747613
5KPH_2_8_7_0_combined_id11,0.7320725917816162,1.891514539718628,91.50347222222224,0.76,2,8,94.09125,0.6078482270240784,28.068794,63.397446,0.2133,1.828510284423828
5KPH_2_8_7_0_combined_id12,0.8591400384902954,0.7726097106933594,88.74708333333334,0.72,2,8,94.09125,0.6078482270240784,28.068794,63.397446,0.1993,1.9377530415852864
5KPH_2_8_7_0_combined_id13,0.5094969272613525,1.9485127925872803,95.70319444444443,0.82,2,8,94.09125,0.6078482270240784,28.068794,63.397446,0.2393,1.969000498453776
5KPH_2_8_7_0_combined_id14,0.6877068281173706,2.0488171577453613,90.6125,0.74,2,8,94.09125,0.6078482270240784,28.068794,63.397446,0.2049,1.8164566887749567
5KPH_2_8_7_0_combined_id15,0.5856311917304993,1.937397837638855,90.63236111111112,0.73,2,8,94.09125,0.6078482270240784,28.068794,63.397446,0.213,1.922794765896268
5KPH_2_8_7_0_combined_id16,0.6984351873397827,0.8276088237762451,93.98319444444444,0.79,2,8,94.09125,0.6078482270240784,28.068794,63.397446,0.2215,1.998485141330295
5KPH_2_8_7_0_combined_id17,0.8286030292510986,1.450333595275879,95.05763888888887,0.81,2,8,94.09125,0.6078482270240784,28.068794,63.397446,0.2271,1.9664861891004768
5KPH_2_8_7_0_combined_id18,0.7672101855278015,1.979373574256897,92.255,0.78,2,8,94.09125,0.6078482270240784,28.068794,63.397446,0.2146,1.827103508843316
5KPH_2_8_7_0_combined_id19,1.0056207180023193,1.4010968208312988,90.32055555555556,0.72,2,8,94.09125,0.6078482270240784,28.068794,63.397446,0.2359,1.6870886484781902
5KPH_2_8_7_0_combined_id2,0.700757622718811,0.6522700786590576,93.75805555555556,0.78,2,8,94.09125,0.6078482270240784,28.068794,63.397446,0.212,1.769054306877984
5KPH_2_8_7_0_combined_id20,0.6529633402824402,1.8351271152496338,95.26763888888888,0.82,2,8,94.09125,0.6078482270240784,28.068794,63.397446,0.1961,2.157079908582899
5KPH_2_8_7_0_combined_id21,0.5611101388931274,1.9635730981826782,95.95402777777778,0.82,2,8,94.09125,0.6078482270240784,28.068794,63.397446,0.2156,2.116358439127604
5KPH_2_8_7_0_combined_id22,0.9355469346046448,1.3894530534744263,90.63930555555557,0.75,2,8,94.09125,0.6078482270240784,28.068794,63.397446,0.2084,1.8986089494493272
5KPH_2_8_7_0_combined_id23,0.5228058099746704,2.010983943939209,92.70277777777778,0.77,2,8,94.09125,0.6078482270240784,28.068794,63.397446,0.2266,1.808426751030816
5KPH_2_8_7_0_combined_id24,0.6723307967185974,1.8015937805175781,94.9063888888889,0.8,2,8,94.09125,0.6078482270240784,28.068794,63.397446,0.224,2.048224767049154
5KPH_2_8_7_0_combined_id3,1.522678256034851,0.7971306443214417,92.13916666666664,0.75,2,8,94.09125,0.6078482270240784,28.068794,63.397446,0.2021,1.7510267893473308
5KPH_2_8_7_0_combined_id4,0.6769357919692993,1.199206829071045,88.94819444444444,0.69,2,8,94.09125,0.6078482270240784,28.068794,63.397446,0.2144,1.7844619750976562
5KPH_2_8_7_0_combined_id5,0.6081042885780334,1.9346953630447388,95.15305555555555,0.82,2,8,94.09125,0.6078482270240784,28.068794,63.397446,0.2107,2.1120325724283853
5KPH_2_8_7_0_combined_id6,0.638063907623291,1.7762870788574219,91.59625,0.75,2,8,94.09125,0.6078482270240784,28.068794,63.397446,0.219,1.7954194810655382
5KPH_2_8_7_0_combined_id7,0.5675047636032104,1.9876073598861694,92.60805555555557,0.78,2,8,94.09125,0.6078482270240784,28.068794,63.397446,0.2087,2.0477116902669272
5KPH_2_8_7_0_combined_id8,0.5530692934989929,2.0494565963745117,94.24694444444444,0.8,2,8,94.09125,0.6078482270240784,28.068794,63.397446,0.1867,2.2032337188720703
5KPH_2_8_7_0_combined_id9,1.5554935932159424,0.9935926198959351,89.36527777777776,0.7,2,8,94.09125,0.6078482270240784,28.068794,63.397446,0.2121,1.568717532687717
5KPH_2_8_8_0_combined_id1,1.1799347400665283,0.6480011343955994,89.64874999999999,0.71,2,8,94.5951388888889,0.7780401110649109,27.195671,62.87919,0.2388,1.8347727457682288
5KPH_2_8_8_0_combined_id10,0.5141141414642334,1.8313853740692139,95.30319444444444,0.83,2,8,94.5951388888889,0.7780401110649109,27.195671,62.87919,0.2304,2.139370600382487
5KPH_2_8_8_0_combined_id12,0.8324743509292603,1.566422462463379,89.68111111111111,0.73,2,8,94.5951388888889,0.7780401110649109,27.195671,62.87919,0.2059,1.8720703125
5KPH_2_8_8_0_combined_id13,0.7084168195724487,1.7696354389190674,96.43041666666666,0.83,2,8,94.5951388888889,0.7780401110649109,27.195671,62.87919,0.2452,1.939870834350586
5KPH_2_8_8_0_combined_id14,0.5860742926597595,1.6178263425827026,95.57361111111112,0.83,2,8,94.5951388888889,0.7780401110649109,27.195671,62.87919,0.2317,2.0107515123155384
5KPH_2_8_8_0_combined_id15,1.6654105186462402,0.918361485004425,92.9523611111111,0.76,2,8,94.5951388888889,0.7780401110649109,27.195671,62.87919,0.2419,2.0010837978786893
5KPH_2_8_8_0_combined_id16,0.6425368189811707,1.825049638748169,94.44763888888887,0.81,2,8,94.5951388888889,0.7780401110649109,27.195671,62.87919,0.2408,2.027925491333008
5KPH_2_8_8_0_combined_id17,1.174514651298523,1.1115972995758057,91.77152777777778,0.76,2,8,94.5951388888889,0.7780401110649109,27.195671,62.87919,0.2126,1.969587326049805
5KPH_2_8_8_0_combined_id18,1.0149704217910767,1.6358587741851807,94.51055555555556,0.8,2,8,94.5951388888889,0.7780401110649109,27.195671,62.87919,0.2294,2.125465816921658
5KPH_2_8_8_0_combined_id19,0.7312691807746887,1.0708372592926025,90.93041666666666,0.75,2,8,94.5951388888889,0.7780401110649109,27.195671,62.87919,0.2051,1.97343995836046
5KPH_2_8_8_0_combined_id2,0.6348584294319153,1.9641233682632446,95.49597222222222,0.82,2,8,94.5951388888889,0.7780401110649109,27.195671,62.87919,0.2172,1.9520738389756944
5KPH_2_8_8_0_combined_id20,0.7907483577728271,1.17093026638031,91.79736111111112,0.75,2,8,94.5951388888889,0.7780401110649109,27.195671,62.87919,0.2063,1.915965610080295
5KPH_2_8_8_0_combined_id22,0.4965533912181854,1.9198215007781982,91.06458333333332,0.73,2,8,94.5951388888889,0.7780401110649109,27.195671,62.87919,0.235,1.7927265167236328
5KPH_2_8_8_0_combined_id23,0.7668014168739319,0.9642988443374634,94.19041666666666,0.78,2,8,94.5951388888889,0.7780401110649109,27.195671,62.87919,0.238,1.9639195336235893
5KPH_2_8_8_0_combined_id24,0.7526574730873108,1.3528618812561035,91.56319444444443,0.76,2,8,94.5951388888889,0.7780401110649109,27.195671,62.87919,0.2345,2.128326416015625
5KPH_2_8_8_0_combined_id4,0.8120694756507874,1.3256549835205078,94.76902777777778,0.81,2,8,94.5951388888889,0.7780401110649109,27.195671,62.87919,0.2231,2.0016882154676647
5KPH_2_8_8_0_combined_id5,0.48923760652542114,1.9945707321166992,93.62888888888888,0.8,2,8,94.5951388888889,0.7780401110649109,27.195671,62.87919,0.2119,1.882126702202691
5KPH_2_8_8_0_combined_id6,0.5896717309951782,2.004260778427124,93.5925,0.79,2,8,94.5951388888889,0.7780401110649109,27.195671,62.87919,0.2309,1.807806650797526
5KPH_2_8_8_0_combined_id7,0.7455285787582397,2.2434775829315186,91.5538888888889,0.75,2,8,94.5951388888889,0.7780401110649109,27.195671,62.87919,0.236,1.83479478624132
5KPH_2_8_8_0_combined_id8,0.6330624222755432,1.9000557661056519,93.93319444444444,0.8,2,8,94.5951388888889,0.7780401110649109,27.195671,62.87919,0.1994,1.9034093221028645
5KPH_2_8_8_0_combined_id9,0.6672430634498596,2.0629031658172607,92.5911111111111,0.77,2,8,94.5951388888889,0.7780401110649109,27.195671,62.87919,0.222,1.8475844065348308
5KPH_2_8_9_0_combined_id11,1.094316840171814,0.7523964643478394,92.27791666666668,0.78,2,8,95.5898611111111,0.6108673810958862,27.304863,64.34377,0.2485,1.831144544813368
5KPH_2_8_9_0_combined_id12,1.1833109855651855,0.8586418032646179,92.40694444444443,0.76,2,8,95.5898611111111,0.6108673810958862,27.304863,64.34377,0.2205,1.94976806640625
5KPH_2_8_9_0_combined_id13,0.7296581268310547,2.18969464302063,92.90055555555556,0.77,2,8,95.5898611111111,0.6108673810958862,27.304863,64.34377,0.2312,1.727134386698405
5KPH_2_8_9_0_combined_id15,0.642885148525238,2.180744171142578,94.3215277777778,0.81,2,8,95.5898611111111,0.6108673810958862,27.304863,64.34377,0.2198,1.9108367496066625
5KPH_2_8_9_0_combined_id16,0.5248810648918152,2.134380340576172,93.83152777777777,0.79,2,8,95.5898611111111,0.6108673810958862,27.304863,64.34377,0.2196,2.0387950473361545
5KPH_2_8_9_0_combined_id19,0.6162811517715454,2.316258430480957,94.1113888888889,0.8,2,8,95.5898611111111,0.6108673810958862,27.304863,64.34377,0.1984,1.9309696621365016
5KPH_2_8_9_0_combined_id2,0.7020259499549866,2.2257256507873535,94.80375,0.81,2,8,95.5898611111111,0.6108673810958862,27.304863,64.34377,0.217,2.0755897098117404
5KPH_2_8_9_0_combined_id20,0.6144775152206421,1.8160299062728882,92.77583333333334,0.77,2,8,95.5898611111111,0.6108673810958862,27.304863,64.34377,0.1982,1.830501980251736
5KPH_2_8_9_0_combined_id21,0.6232472658157349,2.298078775405884,94.35930555555557,0.8,2,8,95.5898611111111,0.6108673810958862,27.304863,64.34377,0.2188,1.9748030768500435
5KPH_2_8_9_0_combined_id22,0.636916995048523,2.06099534034729,96.12125,0.83,2,8,95.5898611111111,0.6108673810958862,27.304863,64.34377,0.2421,2.096581141153971
5KPH_2_8_9_0_combined_id23,2.438509464263916,0.8679197430610657,94.34708333333332,0.78,2,8,95.5898611111111,0.6108673810958862,27.304863,64.34377,0.2083,1.8693631490071607
5KPH_2_8_9_0_combined_id24,0.5794023275375366,1.9977747201919556,94.00611111111112,0.8,2,8,95.5898611111111,0.6108673810958862,27.304863,64.34377,0.2172,1.869918399386936
5KPH_2_8_9_0_combined_id3,1.3642590045928955,0.7983901500701904,90.2226388888889,0.74,2,8,95.5898611111111,0.6108673810958862,27.304863,64.34377,0.2445,1.978823979695638
5KPH_2_8_9_0_combined_id4,0.6023933291435242,2.205615997314453,92.41597222222222,0.77,2,8,95.5898611111111,0.6108673810958862,27.304863,64.34377,0.2237,1.8920101589626737
5KPH_2_8_9_0_combined_id5,0.5045440793037415,2.1301827430725098,95.68277777777776,0.82,2,8,95.5898611111111,0.6108673810958862,27.304863,64.34377,0.2303,1.965714348687066
5KPH_2_8_9_0_combined_id6,0.7926020622253418,2.072687864303589,94.23805555555556,0.8,2,8,95.5898611111111,0.6108673810958862,27.304863,64.34377,0.1965,1.990740458170573
5KPH_2_8_9_0_combined_id8,0.7440853118896484,1.8521473407745361,93.11,0.78,2,8,95.5898611111111,0.6108673810958862,27.304863,64.34377,0.2122,1.8204769558376737
5KPH_2_8_9_0_combined_id9,1.031158208847046,0.681640088558197,93.68222222222222,0.79,2,8,95.5898611111111,0.6108673810958862,27.304863,64.34377,0.2395,1.9246658749050565
5KPH_4_2_0_0_combined_id1,0.6718677878379822,3.773855686187744,94.3898611111111,0.81,4,2,89.83805555555556,0.8471478223800659,32.367107,68.86401,0.2392,2.16779539320204
5KPH_4_2_0_0_combined_id10,0.7393192648887634,3.966933488845825,94.29333333333334,0.79,4,2,89.83805555555556,0.8471478223800659,32.367107,68.86401,0.1899,2.133896509806315
5KPH_4_2_0_0_combined_id11,0.8670051097869873,1.337050199508667,91.28416666666664,0.74,4,2,89.83805555555556,0.8471478223800659,32.367107,68.86401,0.1827,2.154271443684896
5KPH_4_2_0_0_combined_id12,0.4934084117412567,3.626938819885254,95.93069444444444,0.82,4,2,89.83805555555556,0.8471478223800659,32.367107,68.86401,0.2173,2.379127714369032
5KPH_4_2_0_0_combined_id13,0.5961806178092957,3.471848726272583,95.3463888888889,0.8,4,2,89.83805555555556,0.8471478223800659,32.367107,68.86401,0.2429,2.0030884212917752
5KPH_4_2_0_0_combined_id14,0.6674862504005432,3.7986130714416504,95.1588888888889,0.82,4,2,89.83805555555556,0.8471478223800659,32.367107,68.86401,0.1874,2.080140855577257
5KPH_4_2_0_0_combined_id15,0.7267628312110901,3.355285167694092,93.78458333333334,0.81,4,2,89.83805555555556,0.8471478223800659,32.367107,68.86401,0.2138,1.9597547319200304
5KPH_4_2_0_0_combined_id16,0.7430698275566101,3.8632936477661133,94.68138888888888,0.81,4,2,89.83805555555556,0.8471478223800659,32.367107,68.86401,0.1986,2.0415558285183377
5KPH_4_2_0_0_combined_id17,0.6892200708389282,3.655592441558838,91.00694444444444,0.74,4,2,89.83805555555556,0.8471478223800659,32.367107,68.86401,0.1825,2.008071263631185
5KPH_4_2_0_0_combined_id18,0.7247539162635803,3.5088040828704834,93.39861111111112,0.8,4,2,89.83805555555556,0.8471478223800659,32.367107,68.86401,0.2227,2.052107916937934
5KPH_4_2_0_0_combined_id19,0.6818757653236389,3.9498250484466553,93.77013888888888,0.8,4,2,89.83805555555556,0.8471478223800659,32.367107,68.86401,0.2173,2.0178843604193792
5KPH_4_2_0_0_combined_id2,1.010029673576355,3.3387043476104736,95.79847222222224,0.82,4,2,89.83805555555556,0.8471478223800659,32.367107,68.86401,0.2285,2.040895038180881
5KPH_4_2_0_0_combined_id20,0.5869353413581848,3.704576015472412,94.07722222222222,0.8,4,2,89.83805555555556,0.8471478223800659,32.367107,68.86401,0.2001,2.1308381822374134
5KPH_4_2_0_0_combined_id21,0.6562103629112244,3.998427152633667,95.08805555555556,0.81,4,2,89.83805555555556,0.8471478223800659,32.367107,68.86401,0.1922,2.1766395568847656
5KPH_4_2_0_0_combined_id22,0.6106287240982056,3.9679603576660156,93.2377777777778,0.79,4,2,89.83805555555556,0.8471478223800659,32.367107,68.86401,0.2002,2.041054831610785
5KPH_4_2_0_0_combined_id23,0.8928427696228027,3.5330522060394287,90.08361111111113,0.75,4,2,89.83805555555556,0.8471478223800659,32.367107,68.86401,0.1885,2.0159259372287326
5KPH_4_2_0_0_combined_id24,0.4797682762145996,2.822523593902588,94.195,0.81,4,2,89.83805555555556,0.8471478223800659,32.367107,68.86401,0.2039,2.022761662801107
5KPH_4_2_0_0_combined_id3,0.6290671825408936,3.6685686111450195,94.96166666666666,0.8,4,2,89.83805555555556,0.8471478223800659,32.367107,68.86401,0.1864,2.213822894626193
5KPH_4_2_0_0_combined_id4,0.8803601861000061,1.9053930044174194,88.90694444444443,0.71,4,2,89.83805555555556,0.8471478223800659,32.367107,68.86401,0.2134,2.036841286553277
5KPH_4_2_0_0_combined_id5,0.6969810128211975,3.3405637741088867,93.29555555555557,0.78,4,2,89.83805555555556,0.8471478223800659,32.367107,68.86401,0.2045,2.0980813768174915
5KPH_4_2_0_0_combined_id6,0.6555004119873047,3.8241055011749268,95.98125,0.83,4,2,89.83805555555556,0.8471478223800659,32.367107,68.86401,0.2332,2.066194322374132
5KPH_4_2_0_0_combined_id7,0.590151309967041,3.9984347820281982,95.6325,0.82,4,2,89.83805555555556,0.8471478223800659,32.367107,68.86401,0.1933,2.0812721252441406
5KPH_4_2_0_0_combined_id8,0.6075046062469482,3.168055295944214,93.4023611111111,0.79,4,2,89.83805555555556,0.8471478223800659,32.367107,68.86401,0.2341,2.0671535068088107
5KPH_4_2_0_0_combined_id9,0.6616725921630859,3.849177837371826,94.70708333333332,0.8,4,2,89.83805555555556,0.8471478223800659,32.367107,68.86401,0.227,2.0534612867567272
5KPH_4_2_1_0_combined_id1,1.0501936674118042,3.321776866912842,85.92472222222221,0.68,4,2,93.7025,0.6699576377868652,33.510128,69.949936,0.1913,2.0100699530707464
5KPH_4_2_1_0_combined_id10,1.49119234085083,2.605715036392212,88.1563888888889,0.69,4,2,93.7025,0.6699576377868652,33.510128,69.949936,0.226,1.9033224317762587
5KPH_4_2_1_0_combined_id11,2.155658483505249,1.6365243196487427,95.90375,0.81,4,2,93.7025,0.6699576377868652,33.510128,69.949936,0.2199,1.9582610660129125
5KPH_4_2_1_0_combined_id12,0.5911367535591125,3.933319330215454,92.4863888888889,0.78,4,2,93.7025,0.6699576377868652,33.510128,69.949936,0.1945,1.922594282362196
5KPH_4_2_1_0_combined_id13,0.8698813319206238,2.5303702354431152,91.04305555555555,0.74,4,2,93.7025,0.6699576377868652,33.510128,69.949936,0.2075,1.946419186062283
5KPH_4_2_1_0_combined_id14,0.9382151961326599,2.6663978099823,87.26097222222222,0.66,4,2,93.7025,0.6699576377868652,33.510128,69.949936,0.1878,1.9627836015489368
5KPH_4_2_1_0_combined_id15,0.6246445775032043,3.009584426879883,91.55638888888888,0.76,4,2,93.7025,0.6699576377868652,33.510128,69.949936,0.2216,1.982738282945421
5KPH_4_2_1_0_combined_id16,1.5995579957962036,2.206372022628784,94.81027777777778,0.81,4,2,93.7025,0.6699576377868652,33.510128,69.949936,0.2076,1.8335327572292752
5KPH_4_2_1_0_combined_id17,0.7534058690071106,4.050391674041748,91.63902777777778,0.77,4,2,93.7025,0.6699576377868652,33.510128,69.949936,0.1909,2.065561930338541
5KPH_4_2_1_0_combined_id18,0.6146168112754822,3.960942506790161,95.46930555555556,0.82,4,2,93.7025,0.6699576377868652,33.510128,69.949936,0.224,2.0213521321614585
5KPH_4_2_1_0_combined_id19,0.681688666343689,2.4715211391448975,90.17375,0.72,4,2,93.7025,0.6699576377868652,33.510128,69.949936,0.2063,1.8789914449055989
5KPH_4_2_1_0_combined_id2,0.6105286478996277,3.3043742179870605,89.8486111111111,0.71,4,2,93.7025,0.6699576377868652,33.510128,69.949936,0.2198,1.8252521091037328
5KPH_4_2_1_0_combined_id20,0.6753280758857727,2.4087700843811035,95.16527777777776,0.8,4,2,93.7025,0.6699576377868652,33.510128,69.949936,0.2057,1.998111300998264
5KPH_4_2_1_0_combined_id21,0.716986358165741,2.823214054107666,92.64652777777776,0.76,4,2,93.7025,0.6699576377868652,33.510128,69.949936,0.2246,2.0767974853515625
5KPH_4_2_1_0_combined_id22,1.062950849533081,2.7017581462860107,87.90958333333333,0.69,4,2,93.7025,0.6699576377868652,33.510128,69.949936,0.2172,1.920784632364909
5KPH_4_2_1_0_combined_id23,13.913105010986328,14.064804077148438,71.98541666666667,0.44,4,2,93.7025,0.6699576377868652,33.510128,69.949936,0.2336,1.9165153503417969
5KPH_4_2_1_0_combined_id24,0.6237555742263794,4.093726634979248,95.40555555555557,0.81,4,2,93.7025,0.6699576377868652,33.510128,69.949936,0.2206,1.9233459896511504
5KPH_4_2_1_0_combined_id3,1.112804651260376,2.5548529624938965,87.14625,0.68,4,2,93.7025,0.6699576377868652,33.510128,69.949936,0.2115,1.9515842861599395
5KPH_4_2_1_0_combined_id4,0.6416334509849548,2.9149508476257324,91.49833333333332,0.76,4,2,93.7025,0.6699576377868652,33.510128,69.949936,0.2244,1.970217810736762
5KPH_4_2_1_0_combined_id5,1.0699421167373657,3.6384835243225098,86.45263888888888,0.69,4,2,93.7025,0.6699576377868652,33.510128,69.949936,0.2054,2.002297083536784
5KPH_4_2_1_0_combined_id6,0.8121591210365295,3.0072197914123535,88.94833333333332,0.72,4,2,93.7025,0.6699576377868652,33.510128,69.949936,0.2111,2.093224419487848
5KPH_4_2_1_0_combined_id7,0.7823405861854553,2.868635416030884,90.92180555555557,0.75,4,2,93.7025,0.6699576377868652,33.510128,69.949936,0.2245,2.1386426289876304
5KPH_4_2_1_0_combined_id8,2.2762179374694824,1.6262480020523071,95.62583333333332,0.79,4,2,93.7025,0.6699576377868652,33.510128,69.949936,0.2172,1.976728439331055
5KPH_4_2_1_0_combined_id9,1.1861869096755981,2.769134759902954,87.96027777777778,0.67,4,2,93.7025,0.6699576377868652,33.510128,69.949936,0.2026,1.8368121253119567
5KPH_4_2_2_0_combined_id1,0.6664355397224426,3.4385769367218018,95.24291666666666,0.81,4,2,93.75875,0.9204211235046388,33.543896,69.396416,0.2036,2.129076851738824
5KPH_4_2_2_0_combined_id10,0.8924922943115234,2.792006015777588,91.63902777777776,0.78,4,2,93.75875,0.9204211235046388,33.543896,69.396416,0.1957,2.0842632717556424
5KPH_4_2_2_0_combined_id11,0.6810213327407837,3.595916986465454,95.885,0.83,4,2,93.75875,0.9204211235046388,33.543896,69.396416,0.1973,2.208253648546007
5KPH_4_2_2_0_combined_id12,0.754056990146637,3.221010446548462,93.49569444444444,0.79,4,2,93.75875,0.9204211235046388,33.543896,69.396416,0.1983,2.143537309434679
5KPH_4_2_2_0_combined_id13,0.6998366117477417,3.3639161586761475,92.49527777777776,0.78,4,2,93.75875,0.9204211235046388,33.543896,69.396416,0.1978,2.1293807559543185
5KPH_4_2_2_0_combined_id14,0.8311440348625183,3.5043396949768066,90.77791666666668,0.73,4,2,93.75875,0.9204211235046388,33.543896,69.396416,0.209,2.096728642781576
5KPH_4_2_2_0_combined_id15,0.5970949530601501,3.032068967819214,93.95930555555556,0.8,4,2,93.75875,0.9204211235046388,33.543896,69.396416,0.22,2.0717266930474176
5KPH_4_2_2_0_combined_id16,0.7799420952796936,3.0281155109405518,92.61694444444444,0.76,4,2,93.75875,0.9204211235046388,33.543896,69.396416,0.2068,1.9363064236111112
5KPH_4_2_2_0_combined_id17,1.1086771488189697,2.472662925720215,87.59944444444444,0.7,4,2,93.75875,0.9204211235046388,33.543896,69.396416,0.214,2.1121031443278
5KPH_4_2_2_0_combined_id18,1.8208194971084595,1.5621575117111206,87.5586111111111,0.7,4,2,93.75875,0.9204211235046388,33.543896,69.396416,0.1906,2.0540572272406683
5KPH_4_2_2_0_combined_id19,0.7773510813713074,3.2043874263763428,90.20069444444444,0.76,4,2,93.75875,0.9204211235046388,33.543896,69.396416,0.1848,2.1952832539876304
5KPH_4_2_2_0_combined_id2,0.6959441900253296,3.2336583137512207,93.60055555555556,0.8,4,2,93.75875,0.9204211235046388,33.543896,69.396416,0.2018,1.9258655971950955
5KPH_4_2_2_0_combined_id20,0.6428653001785278,3.056307315826416,93.05194444444444,0.78,4,2,93.75875,0.9204211235046388,33.543896,69.396416,0.1955,2.2922611236572266
5KPH_4_2_2_0_combined_id21,0.6716552376747131,3.1168434619903564,90.04958333333333,0.73,4,2,93.75875,0.9204211235046388,33.543896,69.396416,0.1989,1.8335230085584853
5KPH_4_2_2_0_combined_id22,1.2678449153900146,1.9951896667480469,87.8551388888889,0.71,4,2,93.75875,0.9204211235046388,33.543896,69.396416,0.1836,2.0656009250217013
5KPH_4_2_2_0_combined_id23,0.7990774512290955,3.1563920974731445,94.00375,0.8,4,2,93.75875,0.9204211235046388,33.543896,69.396416,0.2153,2.247932646009657
5KPH_4_2_2_0_combined_id24,0.7988935708999634,2.7143735885620117,90.09916666666666,0.73,4,2,93.75875,0.9204211235046388,33.543896,69.396416,0.1862,2.085854000515408
5KPH_4_2_2_0_combined_id3,1.1339924335479736,1.7901957035064697,87.85958333333332,0.7,4,2,93.75875,0.9204211235046388,33.543896,69.396416,0.2028,2.019421895345052
5KPH_4_2_2_0_combined_id4,1.355767011642456,2.252915859222412,87.27472222222222,0.67,4,2,93.75875,0.9204211235046388,33.543896,69.396416,0.1969,1.827499177720812
5KPH_4_2_2_0_combined_id5,0.5837641954421997,3.2294697761535645,95.30736111111112,0.82,4,2,93.75875,0.9204211235046388,33.543896,69.396416,0.2051,2.2075593736436634
5KPH_4_2_2_0_combined_id6,0.6009843945503235,3.0997302532196045,93.55972222222222,0.79,4,2,93.75875,0.9204211235046388,33.543896,69.396416,0.2121,2.1271830664740667
5KPH_4_2_2_0_combined_id7,0.6855147480964661,3.159550905227661,93.20722222222224,0.79,4,2,93.75875,0.9204211235046388,33.543896,69.396416,0.2099,2.083238813612196
5KPH_4_2_2_0_combined_id8,0.6944139003753662,3.221928834915161,93.59138888888889,0.79,4,2,93.75875,0.9204211235046388,33.543896,69.396416,0.1807,2.0764054192437067
5KPH_4_2_2_0_combined_id9,1.188966155052185,1.8279931545257568,92.89875,0.75,4,2,93.75875,0.9204211235046388,33.543896,69.396416,0.224,2.1550835503472223
5KPH_4_2_3_0_combined_id1,0.9617998003959656,2.9374477863311768,91.9973611111111,0.76,4,2,95.24555555555555,0.5479992628097534,32.51139,65.88111,0.2047,1.7979971567789714
5KPH_4_2_3_0_combined_id10,1.1633626222610474,2.2083640098571777,89.43930555555556,0.71,4,2,95.24555555555555,0.5479992628097534,32.51139,65.88111,0.2324,1.676963382297092
5KPH_4_2_3_0_combined_id11,0.8099492788314819,3.597688913345337,92.69916666666668,0.77,4,2,95.24555555555555,0.5479992628097534,32.51139,65.88111,0.2106,2.0801012251112194
5KPH_4_2_3_0_combined_id12,0.622269868850708,3.7506942749023438,96.11472222222224,0.83,4,2,95.24555555555555,0.5479992628097534,32.51139,65.88111,0.2104,1.9799679650200737
5KPH_4_2_3_0_combined_id13,1.429621696472168,2.4737555980682373,87.27333333333334,0.64,4,2,95.24555555555555,0.5479992628097534,32.51139,65.88111,0.2256,1.6416060129801433
5KPH_4_2_3_0_combined_id14,2.247933864593506,1.328831672668457,92.64569444444444,0.76,4,2,95.24555555555555,0.5479992628097534,32.51139,65.88111,0.232,1.8081915113661025
5KPH_4_2_3_0_combined_id15,0.6637030243873596,2.6435706615448,89.33152777777778,0.73,4,2,95.24555555555555,0.5479992628097534,32.51139,65.88111,0.231,1.894800821940104
5KPH_4_2_3_0_combined_id16,0.6682295203208923,3.9153153896331787,94.98263888888889,0.81,4,2,95.24555555555555,0.5479992628097534,32.51139,65.88111,0.2094,1.933394538031684
5KPH_4_2_3_0_combined_id17,1.1117632389068604,1.902815580368042,88.13111111111112,0.71,4,2,95.24555555555555,0.5479992628097534,32.51139,65.88111,0.1878,1.8142354753282333
5KPH_4_2_3_0_combined_id18,0.6837515830993652,1.6534078121185303,94.52444444444444,0.8,4,2,95.24555555555555,0.5479992628097534,32.51139,65.88111,0.2375,1.8736017015245223
5KPH_4_2_3_0_combined_id19,0.6343191862106323,3.4987807273864746,94.95097222222222,0.8,4,2,95.24555555555555,0.5479992628097534,32.51139,65.88111,0.2277,1.7554382748074002
5KPH_4_2_3_0_combined_id20,1.4437674283981323,1.6884746551513672,87.00138888888888,0.68,4,2,95.24555555555555,0.5479992628097534,32.51139,65.88111,0.2122,1.6949434280395508
5KPH_4_2_3_0_combined_id21,0.6660743951797485,3.0427279472351074,91.8925,0.73,4,2,95.24555555555555,0.5479992628097534,32.51139,65.88111,0.2393,1.7158661948310003
5KPH_4_2_3_0_combined_id22,2.098031759262085,1.8765678405761719,90.38027777777778,0.72,4,2,95.24555555555555,0.5479992628097534,32.51139,65.88111,0.2457,1.7647156185574002
5KPH_4_2_3_0_combined_id23,1.9471840858459473,1.6110368967056274,91.44097222222224,0.75,4,2,95.24555555555555,0.5479992628097534,32.51139,65.88111,0.231,1.78702269660102
5KPH_4_2_3_0_combined_id24,0.6531195044517517,3.758802652359009,95.71152777777776,0.82,4,2,95.24555555555555,0.5479992628097534,32.51139,65.88111,0.2175,1.7162014643351238
5KPH_4_2_3_0_combined_id3,0.6209307909011841,3.7100884914398193,93.71013888888888,0.79,4,2,95.24555555555555,0.5479992628097534,32.51139,65.88111,0.2024,1.884805891248915
5KPH_4_2_3_0_combined_id4,2.5832760334014893,1.0051171779632568,91.0038888888889,0.74,4,2,95.24555555555555,0.5479992628097534,32.51139,65.88111,0.2162,1.9923879835340712
5KPH_4_2_3_0_combined_id6,2.2813479900360107,1.6263961791992188,91.46472222222222,0.76,4,2,95.24555555555555,0.5479992628097534,32.51139,65.88111,0.2381,1.8629714118109808
5KPH_4_2_3_0_combined_id8,0.7144139409065247,3.9629273414611816,91.59444444444446,0.74,4,2,95.24555555555555,0.5479992628097534,32.51139,65.88111,0.2148,1.826733907063802
5KPH_4_2_3_0_combined_id9,0.6516873836517334,1.6733866930007935,93.76111111111112,0.8,4,2,95.24555555555555,0.5479992628097534,32.51139,65.88111,0.2212,1.9714605543348525
5KPH_4_2_4_0_combined_id10,0.7793008089065552,3.211822271347046,92.34430555555556,0.77,4,2,94.14125,0.5929038524627686,32.491886,67.42976,0.2058,1.7755533854166667
5KPH_4_2_4_0_combined_id11,1.7380932569503784,2.084972858428955,86.89958333333334,0.68,4,2,94.14125,0.5929038524627686,32.491886,67.42976,0.2032,1.7491912841796875
5KPH_4_2_4_0_combined_id12,0.5815025568008423,3.574674129486084,94.06277777777778,0.8,4,2,94.14125,0.5929038524627686,32.491886,67.42976,0.2265,2.0638940599229603
5KPH_4_2_4_0_combined_id13,0.9627320170402527,2.438267707824707,89.84875000000001,0.72,4,2,94.14125,0.5929038524627686,32.491886,67.42976,0.219,1.941132651435004
5KPH_4_2_4_0_combined_id14,0.67437344789505,3.3523178100585938,91.51694444444443,0.73,4,2,94.14125,0.5929038524627686,32.491886,67.42976,0.219,1.7886424594455297
5KPH_4_2_4_0_combined_id15,0.6570025682449341,3.8489990234375,94.9327777777778,0.82,4,2,94.14125,0.5929038524627686,32.491886,67.42976,0.2308,1.83963860405816
5KPH_4_2_4_0_combined_id16,0.8438256978988647,2.684053897857666,92.48347222222222,0.76,4,2,94.14125,0.5929038524627686,32.491886,67.42976,0.1986,1.8861160278320312
5KPH_4_2_4_0_combined_id18,0.5948557257652283,2.0601470470428467,93.9525,0.79,4,2,94.14125,0.5929038524627686,32.491886,67.42976,0.2205,1.8179897732204864
5KPH_4_2_4_0_combined_id19,0.7312251329421997,2.45458984375,93.06194444444444,0.77,4,2,94.14125,0.5929038524627686,32.491886,67.42976,0.2232,1.675264040629069
5KPH_4_2_4_0_combined_id2,0.8234438896179199,3.4132585525512695,92.73930555555556,0.78,4,2,94.14125,0.5929038524627686,32.491886,67.42976,0.2381,1.9055468241373696
5KPH_4_2_4_0_combined_id20,1.2866365909576416,2.069742202758789,92.83375,0.77,4,2,94.14125,0.5929038524627686,32.491886,67.42976,0.2203,1.997094896104601
5KPH_4_2_4_0_combined_id21,0.6193422079086304,3.395939588546753,92.0575,0.76,4,2,94.14125,0.5929038524627686,32.491886,67.42976,0.2025,1.882324642605252
5KPH_4_2_4_0_combined_id22,0.6935675144195557,3.4417855739593506,94.33847222222224,0.8,4,2,94.14125,0.5929038524627686,32.491886,67.42976,0.2342,1.8823958502875435
5KPH_4_2_4_0_combined_id23,0.7295953035354614,3.3946235179901123,91.73708333333332,0.73,4,2,94.14125,0.5929038524627686,32.491886,67.42976,0.2084,1.804380628797743
5KPH_4_2_4_0_combined_id24,1.0253084897994995,2.6237988471984863,90.0788888888889,0.72,4,2,94.14125,0.5929038524627686,32.491886,67.42976,0.2018,1.8067069583468969
5KPH_4_2_4_0_combined_id3,0.672438383102417,1.8975664377212524,94.05694444444444,0.79,4,2,94.14125,0.5929038524627686,32.491886,67.42976,0.2243,1.7959327697753906
5KPH_4_2_4_0_combined_id6,0.8249017000198364,3.244149684906006,94.43680555555557,0.8,4,2,94.14125,0.5929038524627686,32.491886,67.42976,0.2336,1.86318227979872
5KPH_4_2_4_0_combined_id7,0.6567733883857727,3.9285123348236084,94.72875000000002,0.81,4,2,94.14125,0.5929038524627686,32.491886,67.42976,0.2019,1.895657433403863
5KPH_4_2_4_0_combined_id8,0.7928534150123596,3.401733160018921,93.22569444444444,0.77,4,2,94.14125,0.5929038524627686,32.491886,67.42976,0.2051,1.8058386908637152
5KPH_4_2_4_0_combined_id9,0.7563156485557556,4.171939849853516,93.01027777777776,0.75,4,2,94.14125,0.5929038524627686,32.491886,67.42976,0.2211,1.8555306328667536
5KPH_4_2_5_0_combined_id1,0.6140707731246948,4.108972072601318,94.1875,0.8,4,2,90.9897222222222,0.6203007698059082,32.324642,67.4273,0.1958,2.0091175503200955
5KPH_4_2_5_0_combined_id10,0.9989051222801208,2.4440317153930664,92.76333333333336,0.79,4,2,90.9897222222222,0.6203007698059082,32.324642,67.4273,0.1775,1.863844341701932
5KPH_4_2_5_0_combined_id11,1.1426931619644165,2.2400014400482178,88.89430555555556,0.7,4,2,90.9897222222222,0.6203007698059082,32.324642,67.4273,0.1988,1.9899474249945743
5KPH_4_2_5_0_combined_id12,0.9682436585426331,2.8449769020080566,88.33749999999999,0.72,4,2,90.9897222222222,0.6203007698059082,32.324642,67.4273,0.2119,2.0740865071614585
5KPH_4_2_5_0_combined_id14,0.7912024855613708,3.573225736618042,94.90055555555556,0.82,4,2,90.9897222222222,0.6203007698059082,32.324642,67.4273,0.1852,2.121243370903863
5KPH_4_2_5_0_combined_id15,0.9014800190925598,3.252021074295044,89.84430555555554,0.74,4,2,90.9897222222222,0.6203007698059082,32.324642,67.4273,0.1793,2.028405931260851
5KPH_4_2_5_0_combined_id16,1.3531408309936523,3.6255035400390625,86.24777777777778,0.67,4,2,90.9897222222222,0.6203007698059082,32.324642,67.4273,0.1773,2.128184848361545
5KPH_4_2_5_0_combined_id17,1.7844904661178589,1.9371485710144043,91.05305555555556,0.74,4,2,90.9897222222222,0.6203007698059082,32.324642,67.4273,0.1873,1.9735658433702257
5KPH_4_2_5_0_combined_id18,1.3842546939849854,2.47660756111145,87.37916666666666,0.69,4,2,90.9897222222222,0.6203007698059082,32.324642,67.4273,0.1798,1.8990249633789065
5KPH_4_2_5_0_combined_id19,0.7571033239364624,4.012412071228027,93.55625,0.79,4,2,90.9897222222222,0.6203007698059082,32.324642,67.4273,0.2031,2.2137557135687933
5KPH_4_2_5_0_combined_id2,0.8485048413276672,4.0819878578186035,90.63180555555556,0.73,4,2,90.9897222222222,0.6203007698059082,32.324642,67.4273,0.1957,1.8910929361979167
5KPH_4_2_5_0_combined_id20,0.9005112051963806,2.17128849029541,92.17069444444444,0.76,4,2,90.9897222222222,0.6203007698059082,32.324642,67.4273,0.2061,2.0399047003852
5KPH_4_2_5_0_combined_id21,1.414209246635437,2.625609874725342,86.58194444444445,0.67,4,2,90.9897222222222,0.6203007698059082,32.324642,67.4273,0.1789,2.0923565758599176
5KPH_4_2_5_0_combined_id22,0.7895351648330688,4.139719486236572,94.80902777777776,0.81,4,2,90.9897222222222,0.6203007698059082,32.324642,67.4273,0.2044,2.1210975646972656
5KPH_4_2_5_0_combined_id23,0.6704100370407104,3.9905242919921875,94.9025,0.82,4,2,90.9897222222222,0.6203007698059082,32.324642,67.4273,0.1956,1.92068099975586
5KPH_4_2_5_0_combined_id24,0.8089834451675415,3.5875942707061768,87.00791666666667,0.69,4,2,90.9897222222222,0.6203007698059082,32.324642,67.4273,0.2025,2.0474005805121527
5KPH_4_2_5_0_combined_id3,0.87669438123703,3.4110915660858154,85.56958333333334,0.64,4,2,90.9897222222222,0.6203007698059082,32.324642,67.4273,0.1976,1.96732669406467
5KPH_4_2_5_0_combined_id4,0.9509715437889099,1.8841582536697388,91.14666666666668,0.73,4,2,90.9897222222222,0.6203007698059082,32.324642,67.4273,0.1897,2.009521484375
5KPH_4_2_5_0_combined_id5,0.6730074286460876,3.6149144172668457,94.10180555555556,0.8,4,2,90.9897222222222,0.6203007698059082,32.324642,67.4273,0.1856,2.050507015652127
5KPH_4_2_5_0_combined_id6,1.7771438360214233,2.4071717262268066,92.91722222222222,0.78,4,2,90.9897222222222,0.6203007698059082,32.324642,67.4273,0.1855,2.01456536187066
5KPH_4_2_5_0_combined_id7,1.5613995790481567,1.9336485862731934,88.12222222222222,0.69,4,2,90.9897222222222,0.6203007698059082,32.324642,67.4273,0.1813,1.9631434546576605
5KPH_4_2_5_0_combined_id8,0.6271151304244995,3.9636051654815674,92.85875,0.79,4,2,90.9897222222222,0.6203007698059082,32.324642,67.4273,0.1946,2.2075604332817926
5KPH_4_2_5_0_combined_id9,1.2656930685043335,2.471618175506592,92.61458333333331,0.78,4,2,90.9897222222222,0.6203007698059082,32.324642,67.4273,0.1895,1.947022332085504
5KPH_4_2_6_0_combined_id1,0.6676525473594666,2.0059151649475098,87.92041666666665,0.71,4,2,90.85277777777776,0.9275019764900208,32.39703,68.221275,0.2046,2.105704413519965
5KPH_4_2_6_0_combined_id10,1.2156450748443604,2.723436117172241,86.94,0.68,4,2,90.85277777777776,0.9275019764900208,32.39703,68.221275,0.2072,1.8205964830186632
5KPH_4_2_6_0_combined_id11,0.623345136642456,3.8978545665740967,91.49291666666666,0.76,4,2,90.85277777777776,0.9275019764900208,32.39703,68.221275,0.2289,2.050012376573351
5KPH_4_2_6_0_combined_id12,1.1332032680511475,2.1268465518951416,88.89916666666667,0.71,4,2,90.85277777777776,0.9275019764900208,32.39703,68.221275,0.2313,1.860633850097656
5KPH_4_2_6_0_combined_id13,1.2511730194091797,2.5459506511688232,89.52055555555556,0.74,4,2,90.85277777777776,0.9275019764900208,32.39703,68.221275,0.1995,2.0180575052897134
5KPH_4_2_6_0_combined_id15,0.5690648555755615,4.019001483917236,94.87652777777778,0.82,4,2,90.85277777777776,0.9275019764900208,32.39703,68.221275,0.1983,2.127606285942925
5KPH_4_2_6_0_combined_id16,0.9683889746665955,3.283578395843506,94.78541666666666,0.82,4,2,90.85277777777776,0.9275019764900208,32.39703,68.221275,0.2218,2.1106491088867188
5KPH_4_2_6_0_combined_id17,0.6991008520126343,3.6357100009918213,93.72069444444443,0.8,4,2,90.85277777777776,0.9275019764900208,32.39703,68.221275,0.2079,1.932257546318902
5KPH_4_2_6_0_combined_id18,0.74078768491745,3.8822174072265625,87.055,0.7,4,2,90.85277777777776,0.9275019764900208,32.39703,68.221275,0.1925,2.1011373731825085
5KPH_4_2_6_0_combined_id19,0.7270938754081726,3.5959105491638184,90.49597222222222,0.75,4,2,90.85277777777776,0.9275019764900208,32.39703,68.221275,0.2199,2.0756424797905817
5KPH_4_2_6_0_combined_id20,1.061665415763855,2.9685566425323486,84.72472222222221,0.68,4,2,90.85277777777776,0.9275019764900208,32.39703,68.221275,0.2393,1.8462382422553167
5KPH_4_2_6_0_combined_id21,0.6572945713996887,3.7052242755889893,95.11930555555556,0.82,4,2,90.85277777777776,0.9275019764900208,32.39703,68.221275,0.2387,2.0624410841200085
5KPH_4_2_6_0_combined_id22,1.138110637664795,2.3213753700256348,92.16583333333334,0.76,4,2,90.85277777777776,0.9275019764900208,32.39703,68.221275,0.2071,2.0482749938964844
5KPH_4_2_6_0_combined_id23,0.7502787709236145,3.389185667037964,90.30138888888888,0.75,4,2,90.85277777777776,0.9275019764900208,32.39703,68.221275,0.2337,2.009412977430556
5KPH_4_2_6_0_combined_id3,1.4074550867080688,3.110701084136963,87.92500000000001,0.72,4,2,90.85277777777776,0.9275019764900208,32.39703,68.221275,0.2322,1.9476988050672743
5KPH_4_2_6_0_combined_id4,0.6707884669303894,4.120611667633057,89.75652777777778,0.74,4,2,90.85277777777776,0.9275019764900208,32.39703,68.221275,0.2197,2.3179698520236545
5KPH_4_2_6_0_combined_id5,1.0968990325927734,2.2971200942993164,87.48750000000001,0.7,4,2,90.85277777777776,0.9275019764900208,32.39703,68.221275,0.2197,1.9303930070665147
5KPH_4_2_6_0_combined_id6,0.837891697883606,3.674532890319824,89.74555555555555,0.74,4,2,90.85277777777776,0.9275019764900208,32.39703,68.221275,0.2271,1.98995844523112
5KPH_4_2_6_0_combined_id7,1.1211811304092407,2.3295931816101074,87.16749999999999,0.7,4,2,90.85277777777776,0.9275019764900208,32.39703,68.221275,0.2194,2.062635633680556
5KPH_4_2_6_0_combined_id8,1.1440815925598145,3.751296281814575,92.53861111111112,0.76,4,2,90.85277777777776,0.9275019764900208,32.39703,68.221275,0.2099,2.020909203423394
5KPH_4_2_7_0_combined_id1,0.49199047684669495,3.9870731830596924,93.25708333333334,0.79,4,2,95.68930555555556,0.7932628989219666,31.445808,69.385574,0.2299,1.7750702963935003
5KPH_4_2_7_0_combined_id10,0.6513011455535889,4.012643814086914,96.93319444444444,0.83,4,2,95.68930555555556,0.7932628989219666,31.445808,69.385574,0.2437,2.10011715359158
5KPH_4_2_7_0_combined_id11,0.6225810647010803,2.172649621963501,91.3877777777778,0.74,4,2,95.68930555555556,0.7932628989219666,31.445808,69.385574,0.2247,1.9332182142469616
5KPH_4_2_7_0_combined_id12,0.5725810527801514,4.1016154289245605,95.83083333333332,0.82,4,2,95.68930555555556,0.7932628989219666,31.445808,69.385574,0.2373,2.0650838216145835
5KPH_4_2_7_0_combined_id13,0.6741048097610474,3.552992582321167,96.06069444444444,0.83,4,2,95.68930555555556,0.7932628989219666,31.445808,69.385574,0.2273,2.203557120429145
5KPH_4_2_7_0_combined_id14,0.66933673620224,3.924722909927368,96.33902777777776,0.84,4,2,95.68930555555556,0.7932628989219666,31.445808,69.385574,0.2267,2.083972507052952
5KPH_4_2_7_0_combined_id15,0.6225903630256653,2.968353509902954,93.79097222222222,0.81,4,2,95.68930555555556,0.7932628989219666,31.445808,69.385574,0.1997,2.0525830586751304
5KPH_4_2_7_0_combined_id16,0.5296708345413208,3.4602062702178955,94.31875,0.79,4,2,95.68930555555556,0.7932628989219666,31.445808,69.385574,0.2265,2.198099560207791
5KPH_4_2_7_0_combined_id17,0.5606027245521545,3.781224489212036,94.25152777777778,0.8,4,2,95.68930555555556,0.7932628989219666,31.445808,69.385574,0.2005,1.9377526177300348
5KPH_4_2_7_0_combined_id18,0.6354199051856995,4.059799671173096,96.99166666666666,0.84,4,2,95.68930555555556,0.7932628989219666,31.445808,69.385574,0.2451,1.9667718675401475
5KPH_4_2_7_0_combined_id19,0.5951907634735107,3.21557354927063,94.95680555555556,0.81,4,2,95.68930555555556,0.7932628989219666,31.445808,69.385574,0.2367,2.076420678032769
5KPH_4_2_7_0_combined_id2,0.581908106803894,4.026134967803955,95.77805555555555,0.82,4,2,95.68930555555556,0.7932628989219666,31.445808,69.385574,0.2334,1.930162641737196
5KPH_4_2_7_0_combined_id20,0.6552973389625549,4.036529064178467,91.25541666666668,0.76,4,2,95.68930555555556,0.7932628989219666,31.445808,69.385574,0.223,1.994449191623264
5KPH_4_2_7_0_combined_id21,0.5923713445663452,3.8641884326934814,94.55638888888888,0.81,4,2,95.68930555555556,0.7932628989219666,31.445808,69.385574,0.2118,1.925203535291884
5KPH_4_2_7_0_combined_id22,0.590694785118103,3.5712807178497314,95.645,0.83,4,2,95.68930555555556,0.7932628989219666,31.445808,69.385574,0.2122,1.92660035027398
5KPH_4_2_7_0_combined_id23,0.4822685718536377,4.0107574462890625,93.95694444444445,0.8,4,2,95.68930555555556,0.7932628989219666,31.445808,69.385574,0.2163,1.9618992275661893
5KPH_4_2_7_0_combined_id24,0.639412522315979,3.742199182510376,93.52666666666669,0.78,4,2,95.68930555555556,0.7932628989219666,31.445808,69.385574,0.2009,2.067068311903212
5KPH_4_2_7_0_combined_id3,0.5913808941841125,3.9423959255218506,95.83486111111112,0.83,4,2,95.68930555555556,0.7932628989219666,31.445808,69.385574,0.2213,2.0063900417751737
5KPH_4_2_7_0_combined_id4,0.5722432136535645,2.102994918823242,95.45194444444444,0.81,4,2,95.68930555555556,0.7932628989219666,31.445808,69.385574,0.2396,2.0940835740831165
5KPH_4_2_7_0_combined_id5,0.5024334788322449,3.911679744720459,96.30097222222224,0.83,4,2,95.68930555555556,0.7932628989219666,31.445808,69.385574,0.2057,1.9392130109998915
5KPH_4_2_7_0_combined_id6,1.934040904045105,1.0542504787445068,93.2761111111111,0.78,4,2,95.68930555555556,0.7932628989219666,31.445808,69.385574,0.2146,2.237250645955404
5KPH_4_2_7_0_combined_id7,0.4926728904247284,3.6050260066986084,95.0375,0.81,4,2,95.68930555555556,0.7932628989219666,31.445808,69.385574,0.2133,2.004706276787652
5KPH_4_2_7_0_combined_id9,0.5092362761497498,3.9385979175567627,95.66444444444444,0.83,4,2,95.68930555555556,0.7932628989219666,31.445808,69.385574,0.2066,2.046270582411024
5KPH_4_2_8_0_combined_id10,1.5373330116271973,1.822594165802002,90.74527777777776,0.76,4,2,92.60027777777776,0.6087368130683899,32.5623,68.55739,0.2106,2.127507103814019
5KPH_4_2_8_0_combined_id11,0.9484220147132874,2.1370930671691895,89.57277777777777,0.72,4,2,92.60027777777776,0.6087368130683899,32.5623,68.55739,0.1833,2.176500744289822
5KPH_4_2_8_0_combined_id12,1.6019227504730225,2.0074832439422607,89.72597222222223,0.72,4,2,92.60027777777776,0.6087368130683899,32.5623,68.55739,0.2121,2.2737100389268665
5KPH_4_2_8_0_combined_id13,0.8483915328979492,2.7002921104431152,92.5525,0.77,4,2,92.60027777777776,0.6087368130683899,32.5623,68.55739,0.1885,1.8208550347222223
5KPH_4_2_8_0_combined_id15,1.3818730115890503,1.476686954498291,89.60486111111112,0.72,4,2,92.60027777777776,0.6087368130683899,32.5623,68.55739,0.2123,1.9855605231391056
5KPH_4_2_8_0_combined_id16,0.6729452610015869,2.9687390327453613,92.945,0.79,4,2,92.60027777777776,0.6087368130683899,32.5623,68.55739,0.2199,2.0945816040039062
5KPH_4_2_8_0_combined_id17,0.9022701978683472,4.028273582458496,92.5526388888889,0.78,4,2,92.60027777777776,0.6087368130683899,32.5623,68.55739,0.1882,2.068893644544813
5KPH_4_2_8_0_combined_id19,1.1171308755874634,2.6502397060394287,90.60333333333332,0.75,4,2,92.60027777777776,0.6087368130683899,32.5623,68.55739,0.1787,2.121346367730035
5KPH_4_2_8_0_combined_id2,1.230600118637085,2.6763250827789307,90.06583333333333,0.73,4,2,92.60027777777776,0.6087368130683899,32.5623,68.55739,0.1939,2.157779269748264
5KPH_4_2_8_0_combined_id20,0.7458279728889465,3.5600790977478027,90.64027777777778,0.73,4,2,92.60027777777776,0.6087368130683899,32.5623,68.55739,0.1882,2.133967505560981
5KPH_4_2_8_0_combined_id21,0.9465270042419434,2.851858377456665,89.84222222222223,0.74,4,2,92.60027777777776,0.6087368130683899,32.5623,68.55739,0.1976,1.87980228000217
5KPH_4_2_8_0_combined_id22,1.8312549591064453,2.192181348800659,88.05708333333332,0.67,4,2,92.60027777777776,0.6087368130683899,32.5623,68.55739,0.1901,2.0927179124620228
5KPH_4_2_8_0_combined_id23,1.0928339958190918,3.0550801753997803,93.49055555555556,0.81,4,2,92.60027777777776,0.6087368130683899,32.5623,68.55739,0.2202,2.203393300374349
5KPH_4_2_8_0_combined_id24,1.1826590299606323,1.7222259044647217,87.89013888888888,0.7,4,2,92.60027777777776,0.6087368130683899,32.5623,68.55739,0.196,1.936723709106445
5KPH_4_2_8_0_combined_id4,1.205879807472229,2.8147478103637695,90.83333333333331,0.73,4,2,92.60027777777776,0.6087368130683899,32.5623,68.55739,0.2024,1.9096007876926
5KPH_4_2_8_0_combined_id5,1.2850732803344727,2.3456645011901855,89.02236111111111,0.7,4,2,92.60027777777776,0.6087368130683899,32.5623,68.55739,0.2044,2.009265475802952
5KPH_4_2_8_0_combined_id6,0.9522717595100403,2.8191704750061035,87.79374999999999,0.69,4,2,92.60027777777776,0.6087368130683899,32.5623,68.55739,0.1764,1.9186642964680989
5KPH_4_2_8_0_combined_id8,0.8565369248390198,3.9715378284454346,92.05083333333332,0.78,4,2,92.60027777777776,0.6087368130683899,32.5623,68.55739,0.1775,2.0632811652289496
5KPH_4_2_8_0_combined_id9,0.679366946220398,3.557241201400757,90.07277777777776,0.75,4,2,92.60027777777776,0.6087368130683899,32.5623,68.55739,0.1888,2.048826217651367
5KPH_4_2_9_0_combined_id1,0.7783073782920837,2.534311056137085,88.04097222222224,0.7,4,2,91.39486111111113,0.5760906338691711,31.99989,64.67909,0.2151,2.231870651245117
5KPH_4_2_9_0_combined_id11,0.80360347032547,3.3667869567871094,90.09486111111111,0.74,4,2,91.39486111111113,0.5760906338691711,31.99989,64.67909,0.186,2.176640616522895
5KPH_4_2_9_0_combined_id12,0.7842485308647156,3.1548428535461426,89.47805555555556,0.72,4,2,91.39486111111113,0.5760906338691711,31.99989,64.67909,0.2169,2.145760430230035
5KPH_4_2_9_0_combined_id13,0.6449962258338928,3.766967535018921,89.735,0.72,4,2,91.39486111111113,0.5760906338691711,31.99989,64.67909,0.2112,1.9546614752875435
5KPH_4_2_9_0_combined_id14,1.1770782470703125,2.0341856479644775,92.60625,0.79,4,2,91.39486111111113,0.5760906338691711,31.99989,64.67909,0.2061,2.0884941948784723
5KPH_4_2_9_0_combined_id15,1.3742469549179077,2.0613839626312256,86.31333333333333,0.68,4,2,91.39486111111113,0.5760906338691711,31.99989,64.67909,0.1919,2.1249368455674915
5KPH_4_2_9_0_combined_id16,0.7127331495285034,4.170389652252197,94.975,0.82,4,2,91.39486111111113,0.5760906338691711,31.99989,64.67909,0.1916,2.153096093071832
5KPH_4_2_9_0_combined_id17,1.0257488489151,2.672940492630005,88.7186111111111,0.73,4,2,91.39486111111113,0.5760906338691711,31.99989,64.67909,0.2356,2.062976625230577
5KPH_4_2_9_0_combined_id18,0.6310854554176331,2.7905333042144775,93.34805555555556,0.78,4,2,91.39486111111113,0.5760906338691711,31.99989,64.67909,0.2307,2.2425013648139105
5KPH_4_2_9_0_combined_id19,1.009108543395996,2.7831614017486572,90.26347222222223,0.75,4,2,91.39486111111113,0.5760906338691711,31.99989,64.67909,0.2224,2.065824932522244
5KPH_4_2_9_0_combined_id2,1.509488582611084,2.213803768157959,93.24097222222224,0.77,4,2,91.39486111111113,0.5760906338691711,31.99989,64.67909,0.1925,2.0641827053493924
5KPH_4_2_9_0_combined_id20,1.2960374355316162,2.5185837745666504,92.52125,0.76,4,2,91.39486111111113,0.5760906338691711,31.99989,64.67909,0.192,2.014024946424696
5KPH_4_2_9_0_combined_id21,1.3392693996429443,4.337944030761719,92.03583333333331,0.74,4,2,91.39486111111113,0.5760906338691711,31.99989,64.67909,0.227,2.0867655012342663
5KPH_4_2_9_0_combined_id22,1.0218740701675415,4.299612998962402,91.86125,0.76,4,2,91.39486111111113,0.5760906338691711,31.99989,64.67909,0.1815,1.9522933959960933
5KPH_4_2_9_0_combined_id3,0.5389333367347717,1.9334315061569214,93.84208333333332,0.79,4,2,91.39486111111113,0.5760906338691711,31.99989,64.67909,0.2162,2.2759888966878257
5KPH_4_2_9_0_combined_id4,0.7042953372001648,3.5754449367523193,94.86847222222224,0.81,4,2,91.39486111111113,0.5760906338691711,31.99989,64.67909,0.2152,2.022380616929796
5KPH_4_2_9_0_combined_id5,0.7235742211341858,4.132898330688477,92.95875,0.79,4,2,91.39486111111113,0.5760906338691711,31.99989,64.67909,0.1902,2.030209011501736
5KPH_4_2_9_0_combined_id6,0.6774851083755493,3.3321921825408936,90.18055555555556,0.75,4,2,91.39486111111113,0.5760906338691711,31.99989,64.67909,0.2127,2.098712921142578
5KPH_4_2_9_0_combined_id7,1.2552512884140015,2.736987829208374,89.96027777777778,0.72,4,2,91.39486111111113,0.5760906338691711,31.99989,64.67909,0.194,2.083042780558268
5KPH_4_2_9_0_combined_id8,0.7538715600967407,2.700413465499878,90.14611111111113,0.73,4,2,91.39486111111113,0.5760906338691711,31.99989,64.67909,0.2208,1.9960483974880645
5KPH_4_4_0_0_combined_id1,0.714379608631134,3.601815938949585,93.23,0.79,4,4,94.87861111111113,0.6222501397132874,32.507736,71.97166,0.2221,2.0222244262695312
5KPH_4_4_0_0_combined_id10,0.6257699728012085,3.659445285797119,95.78916666666666,0.82,4,4,94.87861111111113,0.6222501397132874,32.507736,71.97166,0.2358,1.9070292578803167
5KPH_4_4_0_0_combined_id11,0.6986538171768188,2.428771495819092,90.045,0.72,4,4,94.87861111111113,0.6222501397132874,32.507736,71.97166,0.1845,1.7311763763427734
5KPH_4_4_0_0_combined_id12,0.5918249487876892,3.7600433826446533,92.92666666666666,0.78,4,4,94.87861111111113,0.6222501397132874,32.507736,71.97166,0.2244,2.112789577907986
5KPH_4_4_0_0_combined_id13,0.6980626583099365,3.098315477371216,91.09930555555556,0.75,4,4,94.87861111111113,0.6222501397132874,32.507736,71.97166,0.2276,1.981496810913086
5KPH_4_4_0_0_combined_id14,0.6671208739280701,3.664551258087158,93.73277777777778,0.79,4,4,94.87861111111113,0.6222501397132874,32.507736,71.97166,0.2008,2.0203350914849176
5KPH_4_4_0_0_combined_id15,1.0234811305999756,2.0835626125335693,90.13833333333334,0.76,4,4,94.87861111111113,0.6222501397132874,32.507736,71.97166,0.2142,1.837915208604601
5KPH_4_4_0_0_combined_id16,0.6157510876655579,2.628892183303833,91.4713888888889,0.77,4,4,94.87861111111113,0.6222501397132874,32.507736,71.97166,0.238,1.942302491929796
5KPH_4_4_0_0_combined_id17,0.6979858875274658,3.255281925201416,89.69930555555555,0.73,4,4,94.87861111111113,0.6222501397132874,32.507736,71.97166,0.2243,1.692236794365777
5KPH_4_4_0_0_combined_id18,0.8284863233566284,3.0144224166870117,90.43055555555556,0.72,4,4,94.87861111111113,0.6222501397132874,32.507736,71.97166,0.199,1.9976785447862413
5KPH_4_4_0_0_combined_id19,0.5791699886322021,3.9549062252044678,90.33138888888888,0.73,4,4,94.87861111111113,0.6222501397132874,32.507736,71.97166,0.2075,1.7522705925835504
5KPH_4_4_0_0_combined_id20,1.7507344484329224,2.4003090858459473,87.08111111111111,0.69,4,4,94.87861111111113,0.6222501397132874,32.507736,71.97166,0.231,1.9164066314697263
5KPH_4_4_0_0_combined_id21,0.5338281989097595,3.949087381362915,95.01597222222225,0.82,4,4,94.87861111111113,0.6222501397132874,32.507736,71.97166,0.2316,2.0164307488335504
5KPH_4_4_0_0_combined_id22,0.7162839770317078,2.1950371265411377,90.21263888888888,0.72,4,4,94.87861111111113,0.6222501397132874,32.507736,71.97166,0.2196,1.736851692199707
5KPH_4_4_0_0_combined_id23,0.8087003231048584,3.74275803565979,92.89666666666666,0.79,4,4,94.87861111111113,0.6222501397132874,32.507736,71.97166,0.2146,1.9272232055664065
5KPH_4_4_0_0_combined_id24,0.6846553683280945,3.6711266040802,94.18069444444444,0.79,4,4,94.87861111111113,0.6222501397132874,32.507736,71.97166,0.1935,1.927369011773004
5KPH_4_4_0_0_combined_id4,0.4836668372154236,3.8097915649414062,94.43861111111111,0.82,4,4,94.87861111111113,0.6222501397132874,32.507736,71.97166,0.2074,2.194873809814453
5KPH_4_4_0_0_combined_id5,0.7286748886108398,3.5689730644226074,92.17152777777778,0.76,4,4,94.87861111111113,0.6222501397132874,32.507736,71.97166,0.194,1.9829275343153208
5KPH_4_4_0_0_combined_id6,0.6364479660987854,3.3359267711639404,91.28430555555556,0.76,4,4,94.87861111111113,0.6222501397132874,32.507736,71.97166,0.2001,1.864044401380751
5KPH_4_4_0_0_combined_id7,0.6609867811203003,3.4696340560913086,94.1725,0.8,4,4,94.87861111111113,0.6222501397132874,32.507736,71.97166,0.2326,1.825697580973308
5KPH_4_4_0_0_combined_id8,1.512041687965393,2.2122442722320557,91.77375,0.75,4,4,94.87861111111113,0.6222501397132874,32.507736,71.97166,0.2282,1.9564548068576388
5KPH_4_4_0_0_combined_id9,1.1300007104873657,2.5106852054595947,90.8223611111111,0.74,4,4,94.87861111111113,0.6222501397132874,32.507736,71.97166,0.2298,1.960513432820638
5KPH_4_4_1_0_combined_id1,0.6024116277694702,3.771890878677368,95.96680555555557,0.82,4,4,94.5825,0.8421797752380371,32.95701,67.747536,0.2233,2.272869957817925
5KPH_4_4_1_0_combined_id10,0.6642759442329407,3.7654409408569336,96.27583333333334,0.83,4,4,94.5825,0.8421797752380371,32.95701,67.747536,0.2481,1.971371120876736
5KPH_4_4_1_0_combined_id11,0.7238674759864807,3.5042724609375,95.55194444444444,0.82,4,4,94.5825,0.8421797752380371,32.95701,67.747536,0.2298,2.0573690202501087
5KPH_4_4_1_0_combined_id12,0.6721212267875671,3.6112940311431885,93.92722222222224,0.8,4,4,94.5825,0.8421797752380371,32.95701,67.747536,0.2125,2.0489910973442926
5KPH_4_4_1_0_combined_id13,0.9110984802246094,3.2739970684051514,95.84319444444444,0.83,4,4,94.5825,0.8421797752380371,32.95701,67.747536,0.2317,2.056926727294922
5KPH_4_4_1_0_combined_id14,0.7832913994789124,1.4384050369262695,94.24305555555556,0.79,4,4,94.5825,0.8421797752380371,32.95701,67.747536,0.2257,2.085637410481771
5KPH_4_4_1_0_combined_id15,0.7639091610908508,4.0080060958862305,95.2863888888889,0.82,4,4,94.5825,0.8421797752380371,32.95701,67.747536,0.2167,2.0692386627197266
5KPH_4_4_1_0_combined_id17,0.5878897905349731,3.7471141815185547,93.19805555555556,0.78,4,4,94.5825,0.8421797752380371,32.95701,67.747536,0.2328,1.8522898356119792
5KPH_4_4_1_0_combined_id18,0.570999264717102,3.9401278495788574,95.00208333333332,0.81,4,4,94.5825,0.8421797752380371,32.95701,67.747536,0.2111,2.10831536187066
5KPH_4_4_1_0_combined_id19,0.5848167538642883,1.3651268482208252,95.13527777777776,0.81,4,4,94.5825,0.8421797752380371,32.95701,67.747536,0.2718,2.037713368733724
5KPH_4_4_1_0_combined_id2,0.6326287388801575,3.8209214210510254,92.43319444444444,0.75,4,4,94.5825,0.8421797752380371,32.95701,67.747536,0.224,1.9064157274034288
5KPH_4_4_1_0_combined_id20,0.5642769932746887,3.681063413619995,95.4375,0.81,4,4,94.5825,0.8421797752380371,32.95701,67.747536,0.2302,1.819686677720812
5KPH_4_4_1_0_combined_id21,0.6444226503372192,3.89819073677063,92.25486111111113,0.75,4,4,94.5825,0.8421797752380371,32.95701,67.747536,0.21,1.840169694688585
5KPH_4_4_1_0_combined_id22,0.5326929688453674,3.6613521575927734,95.28930555555556,0.83,4,4,94.5825,0.8421797752380371,32.95701,67.747536,0.2479,1.9279166327582464
5KPH_4_4_1_0_combined_id23,0.6762318015098572,3.783159017562866,95.90138888888887,0.82,4,4,94.5825,0.8421797752380371,32.95701,67.747536,0.232,1.9447915818956163
5KPH_4_4_1_0_combined_id24,0.7131592035293579,1.727441430091858,95.78847222222224,0.82,4,4,94.5825,0.8421797752380371,32.95701,67.747536,0.2384,2.0167143079969616
5KPH_4_4_1_0_combined_id3,0.737953245639801,3.478109359741211,94.37402777777778,0.81,4,4,94.5825,0.8421797752380371,32.95701,67.747536,0.2176,2.1196712917751737
5KPH_4_4_1_0_combined_id4,0.7805609703063965,3.6870477199554443,93.80638888888888,0.81,4,4,94.5825,0.8421797752380371,32.95701,67.747536,0.2063,2.0608933766682944
5KPH_4_4_1_0_combined_id5,2.087887763977051,2.1379854679107666,90.06930555555556,0.72,4,4,94.5825,0.8421797752380371,32.95701,67.747536,0.212,2.1241378784179688
5KPH_4_4_1_0_combined_id6,0.8079428672790527,1.949815273284912,95.0502777777778,0.81,4,4,94.5825,0.8421797752380371,32.95701,67.747536,0.2436,2.0914139217800565
5KPH_4_4_1_0_combined_id7,0.6133435368537903,3.519024610519409,94.01736111111111,0.8,4,4,94.5825,0.8421797752380371,32.95701,67.747536,0.226,1.7941614786783855
5KPH_4_4_1_0_combined_id8,0.5703942179679871,3.8833553791046143,95.87291666666668,0.82,4,4,94.5825,0.8421797752380371,32.95701,67.747536,0.2286,1.9211483001708984
5KPH_4_4_1_0_combined_id9,0.6281127333641052,3.8757362365722656,95.58319444444444,0.82,4,4,94.5825,0.8421797752380371,32.95701,67.747536,0.2327,2.005338880750868
5KPH_4_4_2_0_combined_id1,0.8829846382141113,3.1092123985290527,94.54208333333334,0.8,4,4,95.00541666666668,0.9804434776306152,33.227543,70.22529,0.2064,2.077423519558377
5KPH_4_4_2_0_combined_id10,0.6037710905075073,3.809790849685669,95.61291666666664,0.81,4,4,95.00541666666668,0.9804434776306152,33.227543,70.22529,0.2053,1.826698303222656
5KPH_4_4_2_0_combined_id11,0.7592000961303711,3.9713258743286133,95.32194444444444,0.81,4,4,95.00541666666668,0.9804434776306152,33.227543,70.22529,0.1808,1.9635719723171656
5KPH_4_4_2_0_combined_id13,0.7261223196983337,4.124717712402344,93.3627777777778,0.78,4,4,95.00541666666668,0.9804434776306152,33.227543,70.22529,0.2072,1.999680413140191
5KPH_4_4_2_0_combined_id14,0.8454250693321228,3.651857376098633,94.86375,0.81,4,4,95.00541666666668,0.9804434776306152,33.227543,70.22529,0.1933,2.168734656439887
5KPH_4_4_2_0_combined_id15,0.7073119878768921,3.90264892578125,94.7813888888889,0.8,4,4,95.00541666666668,0.9804434776306152,33.227543,70.22529,0.1771,2.3304595947265625
5KPH_4_4_2_0_combined_id16,0.7204897403717041,3.3293616771698,93.56458333333332,0.79,4,4,95.00541666666668,0.9804434776306152,33.227543,70.22529,0.1878,2.061631520589193
5KPH_4_4_2_0_combined_id17,0.6729699969291687,2.4313650131225586,91.50111111111111,0.72,4,4,95.00541666666668,0.9804434776306152,33.227543,70.22529,0.1945,2.0314712524414062
5KPH_4_4_2_0_combined_id18,0.6024461388587952,3.6605148315429688,94.54375,0.8,4,4,95.00541666666668,0.9804434776306152,33.227543,70.22529,0.2047,1.9916216532389324
5KPH_4_4_2_0_combined_id19,0.8137468695640564,3.4573814868927,92.47486111111112,0.76,4,4,95.00541666666668,0.9804434776306152,33.227543,70.22529,0.2025,1.8276420169406469
5KPH_4_4_2_0_combined_id2,0.7222278714179993,3.8066494464874268,92.46208333333334,0.77,4,4,95.00541666666668,0.9804434776306152,33.227543,70.22529,0.1961,1.8311080932617188
5KPH_4_4_2_0_combined_id20,0.7067797780036926,3.185631036758423,92.23916666666668,0.77,4,4,95.00541666666668,0.9804434776306152,33.227543,70.22529,0.2182,2.018281724717882
5KPH_4_4_2_0_combined_id21,0.6501820087432861,3.7171056270599365,91.78097222222222,0.74,4,4,95.00541666666668,0.9804434776306152,33.227543,70.22529,0.1971,1.868277867635091
5KPH_4_4_2_0_combined_id22,1.9329427480697632,1.9767687320709229,86.53277777777778,0.66,4,4,95.00541666666668,0.9804434776306152,33.227543,70.22529,0.1849,1.9499007331000435
5KPH_4_4_2_0_combined_id23,0.6622990369796753,3.6338441371917725,92.14902777777776,0.74,4,4,95.00541666666668,0.9804434776306152,33.227543,70.22529,0.1876,1.9590526156955288
5KPH_4_4_2_0_combined_id24,0.6956861615180969,2.7739264965057373,95.09305555555557,0.81,4,4,95.00541666666668,0.9804434776306152,33.227543,70.22529,0.2054,2.1667883131239147
5KPH_4_4_2_0_combined_id3,0.6596245765686035,3.3108999729156494,94.68722222222222,0.8,4,4,95.00541666666668,0.9804434776306152,33.227543,70.22529,0.2132,1.9141835106743708
5KPH_4_4_2_0_combined_id5,0.6783178448677063,2.8654613494873047,93.53652777777776,0.79,4,4,95.00541666666668,0.9804434776306152,33.227543,70.22529,0.2116,2.002159118652344
5KPH_4_4_2_0_combined_id6,0.9286994934082031,3.319432020187378,87.36416666666666,0.68,4,4,95.00541666666668,0.9804434776306152,33.227543,70.22529,0.1929,1.9440574645996087
5KPH_4_4_2_0_combined_id7,0.5691909790039062,3.9628243446350098,94.73236111111112,0.8,4,4,95.00541666666668,0.9804434776306152,33.227543,70.22529,0.202,2.0703777737087674
5KPH_4_4_2_0_combined_id8,0.6531667709350586,3.9596643447875977,95.04277777777776,0.82,4,4,95.00541666666668,0.9804434776306152,33.227543,70.22529,0.2054,2.1401916080051
5KPH_4_4_2_0_combined_id9,1.494690179824829,2.867238759994507,87.35708333333334,0.68,4,4,95.00541666666668,0.9804434776306152,33.227543,70.22529,0.2018,1.941088994344076
5KPH_4_4_3_0_combined_id1,0.8037137389183044,3.671304702758789,90.87333333333332,0.74,4,4,92.96638888888889,0.5465803146362305,33.456146,68.09666,0.1998,1.7544050216674805
5KPH_4_4_3_0_combined_id10,0.8188281655311584,3.195493221282959,88.80319444444444,0.67,4,4,92.96638888888889,0.5465803146362305,33.456146,68.09666,0.2215,1.792367935180664
5KPH_4_4_3_0_combined_id11,0.9914430379867554,3.168083667755127,87.70666666666666,0.65,4,4,92.96638888888889,0.5465803146362305,33.456146,68.09666,0.2084,1.7452959484524198
5KPH_4_4_3_0_combined_id12,0.9344915151596069,2.554903507232666,87.84180555555555,0.7,4,4,92.96638888888889,0.5465803146362305,33.456146,68.09666,0.249,1.8626603020562067
5KPH_4_4_3_0_combined_id13,0.8188561201095581,2.8543334007263184,91.18708333333332,0.76,4,4,92.96638888888889,0.5465803146362305,33.456146,68.09666,0.2437,1.8940289815266929
5KPH_4_4_3_0_combined_id14,0.8838817477226257,3.8546698093414307,89.25902777777777,0.7,4,4,92.96638888888889,0.5465803146362305,33.456146,68.09666,0.2118,1.8086670769585504
5KPH_4_4_3_0_combined_id15,0.8209342956542969,4.218409538269043,95.45652777777777,0.81,4,4,92.96638888888889,0.5465803146362305,33.456146,68.09666,0.2184,1.9343861473931208
5KPH_4_4_3_0_combined_id16,0.6851930618286133,3.9434444904327393,93.24986111111112,0.77,4,4,92.96638888888889,0.5465803146362305,33.456146,68.09666,0.1984,2.008827421400282
5KPH_4_4_3_0_combined_id17,0.9306890368461609,3.2882602214813232,90.2127777777778,0.72,4,4,92.96638888888889,0.5465803146362305,33.456146,68.09666,0.1989,1.881792068481445
5KPH_4_4_3_0_combined_id18,0.780606210231781,3.530258893966675,94.47527777777778,0.8,4,4,92.96638888888889,0.5465803146362305,33.456146,68.09666,0.2038,1.7761899100409613
5KPH_4_4_3_0_combined_id19,1.0876706838607788,4.042509078979492,93.98166666666668,0.78,4,4,92.96638888888889,0.5465803146362305,33.456146,68.09666,0.2047,2.0739915635850696
5KPH_4_4_3_0_combined_id2,0.8953078985214233,3.91495418548584,91.33736111111112,0.73,4,4,92.96638888888889,0.5465803146362305,33.456146,68.09666,0.1946,1.8132093217637804
5KPH_4_4_3_0_combined_id20,0.9625456929206848,3.2652688026428223,88.75750000000001,0.69,4,4,92.96638888888889,0.5465803146362305,33.456146,68.09666,0.2142,1.754059049818251
5KPH_4_4_3_0_combined_id21,0.8035879731178284,4.027370452880859,90.7336111111111,0.73,4,4,92.96638888888889,0.5465803146362305,33.456146,68.09666,0.1782,1.7991313934326172
5KPH_4_4_3_0_combined_id22,0.929104208946228,2.9253368377685547,87.64916666666666,0.66,4,4,92.96638888888889,0.5465803146362305,33.456146,68.09666,0.2031,1.7254566616482203
5KPH_4_4_3_0_combined_id23,0.54702228307724,3.616974115371704,92.89180555555556,0.78,4,4,92.96638888888889,0.5465803146362305,33.456146,68.09666,0.2028,1.899166954888238
5KPH_4_4_3_0_combined_id24,0.9523465037345886,3.737856149673462,87.60319444444444,0.71,4,4,92.96638888888889,0.5465803146362305,33.456146,68.09666,0.2425,1.794873555501302
5KPH_4_4_3_0_combined_id3,0.7750214338302612,3.8268089294433594,93.3409722222222,0.78,4,4,92.96638888888889,0.5465803146362305,33.456146,68.09666,0.2166,1.8980528513590496
5KPH_4_4_3_0_combined_id4,0.7970080971717834,2.952650308609009,94.00375,0.8,4,4,92.96638888888889,0.5465803146362305,33.456146,68.09666,0.2178,1.903224521213108
5KPH_4_4_3_0_combined_id5,0.6059054136276245,3.8075854778289795,92.22930555555556,0.78,4,4,92.96638888888889,0.5465803146362305,33.456146,68.09666,0.198,1.980788336859809
5KPH_4_4_3_0_combined_id6,0.8673405051231384,3.659660577774048,91.27666666666669,0.72,4,4,92.96638888888889,0.5465803146362305,33.456146,68.09666,0.2021,1.89607916937934
5KPH_4_4_3_0_combined_id7,0.7548476457595825,2.633148431777954,91.83916666666669,0.74,4,4,92.96638888888889,0.5465803146362305,33.456146,68.09666,0.2175,1.804955376519097
5KPH_4_4_3_0_combined_id8,0.6394103765487671,3.2598910331726074,91.80486111111112,0.76,4,4,92.96638888888889,0.5465803146362305,33.456146,68.09666,0.2151,1.7825046115451388
5KPH_4_4_3_0_combined_id9,0.7407189011573792,3.4071130752563477,93.37666666666668,0.79,4,4,92.96638888888889,0.5465803146362305,33.456146,68.09666,0.2175,1.7951592339409723
5KPH_4_4_4_0_combined_id10,0.6544399261474609,3.9870963096618652,95.62097222222224,0.82,4,4,97.37166666666668,0.585494339466095,33.094078,67.055725,0.2135,1.8591473897298176
5KPH_4_4_4_0_combined_id11,2.35363507270813,2.346144437789917,88.70472222222222,0.71,4,4,97.37166666666668,0.585494339466095,33.094078,67.055725,0.1943,1.888607449001736
5KPH_4_4_4_0_combined_id12,0.6563360691070557,3.7335007190704346,88.69847222222222,0.68,4,4,97.37166666666668,0.585494339466095,33.094078,67.055725,0.2137,1.7512283325195312
5KPH_4_4_4_0_combined_id13,0.8954267501831055,3.152089834213257,88.03291666666667,0.66,4,4,97.37166666666668,0.585494339466095,33.094078,67.055725,0.1972,1.6950355105929904
5KPH_4_4_4_0_combined_id14,1.5082554817199707,2.4191536903381348,93.21930555555556,0.77,4,4,97.37166666666668,0.585494339466095,33.094078,67.055725,0.1965,2.0695092942979603
5KPH_4_4_4_0_combined_id15,0.761431097984314,3.9339983463287354,91.0975,0.72,4,4,97.37166666666668,0.585494339466095,33.094078,67.055725,0.2077,1.806449466281467
5KPH_4_4_4_0_combined_id16,0.7417837381362915,3.668883800506592,93.94763888888887,0.79,4,4,97.37166666666668,0.585494339466095,33.094078,67.055725,0.2047,1.729897181193034
5KPH_4_4_4_0_combined_id17,0.9430280923843384,3.872863531112671,93.30902777777776,0.77,4,4,97.37166666666668,0.585494339466095,33.094078,67.055725,0.1832,1.8883171081542969
5KPH_4_4_4_0_combined_id18,0.7367032766342163,3.9650356769561768,87.10930555555555,0.66,4,4,97.37166666666668,0.585494339466095,33.094078,67.055725,0.2059,1.7496816847059462
5KPH_4_4_4_0_combined_id19,2.1427814960479736,2.2033169269561768,94.03611111111113,0.78,4,4,97.37166666666668,0.585494339466095,33.094078,67.055725,0.2131,2.040512296888563
5KPH_4_4_4_0_combined_id2,1.0987519025802612,3.6631815433502197,89.89208333333333,0.67,4,4,97.37166666666668,0.585494339466095,33.094078,67.055725,0.2131,1.701138390435113
5KPH_4_4_4_0_combined_id20,0.7454192042350769,4.100959777832031,91.43055555555556,0.74,4,4,97.37166666666668,0.585494339466095,33.094078,67.055725,0.2099,1.727129406399197
5KPH_4_4_4_0_combined_id21,0.7065935134887695,4.158082485198975,94.79708333333332,0.8,4,4,97.37166666666668,0.585494339466095,33.094078,67.055725,0.1899,1.8263723585340712
5KPH_4_4_4_0_combined_id22,0.7613027095794678,2.8714065551757812,88.88,0.69,4,4,97.37166666666668,0.585494339466095,33.094078,67.055725,0.1908,1.7531487147013347
5KPH_4_4_4_0_combined_id23,0.6267061233520508,4.057528495788574,90.39,0.72,4,4,97.37166666666668,0.585494339466095,33.094078,67.055725,0.2133,1.7708762486775715
5KPH_4_4_4_0_combined_id24,1.310227870941162,2.9948837757110596,86.26624999999999,0.69,4,4,97.37166666666668,0.585494339466095,33.094078,67.055725,0.208,1.701202180650499
5KPH_4_4_4_0_combined_id4,0.8852606415748596,4.430583953857422,91.84430555555554,0.77,4,4,97.37166666666668,0.585494339466095,33.094078,67.055725,0.1977,1.794075647989909
5KPH_4_4_4_0_combined_id5,1.2069669961929321,2.762917995452881,88.48097222222222,0.72,4,4,97.37166666666668,0.585494339466095,33.094078,67.055725,0.2176,1.893270492553711
5KPH_4_4_4_0_combined_id6,0.8246473073959351,3.30330753326416,88.72791666666667,0.7,4,4,97.37166666666668,0.585494339466095,33.094078,67.055725,0.1847,2.0046090020073786
5KPH_4_4_4_0_combined_id7,0.7957503199577332,4.253174304962158,89.88861111111112,0.68,4,4,97.37166666666668,0.585494339466095,33.094078,67.055725,0.2064,1.7572031021118164
5KPH_4_4_4_0_combined_id8,0.720084011554718,3.5551822185516357,89.43166666666667,0.72,4,4,97.37166666666668,0.585494339466095,33.094078,67.055725,0.205,1.7721647686428494
5KPH_4_4_4_0_combined_id9,0.6674402356147766,4.032693862915039,93.29791666666668,0.77,4,4,97.37166666666668,0.585494339466095,33.094078,67.055725,0.2009,2.000552283393012
5KPH_4_4_5_0_combined_id1,0.7292930483818054,3.7162864208221436,92.79125,0.78,4,4,93.77958333333332,0.6070631742477417,33.774326,70.56854,0.227,1.7976112365722656
5KPH_4_4_5_0_combined_id10,1.4366369247436523,3.1224398612976074,93.06375,0.79,4,4,93.77958333333332,0.6070631742477417,33.774326,70.56854,0.2028,1.9025001525878904
5KPH_4_4_5_0_combined_id11,0.6252850890159607,4.006242275238037,94.59055555555555,0.8,4,4,93.77958333333332,0.6070631742477417,33.774326,70.56854,0.185,2.233991410997179
5KPH_4_4_5_0_combined_id12,0.5165934562683105,3.8442070484161377,95.95055555555555,0.82,4,4,93.77958333333332,0.6070631742477417,33.774326,70.56854,0.1928,2.088434431287977
5KPH_4_4_5_0_combined_id13,1.066109538078308,2.4115047454833984,90.32277777777776,0.72,4,4,93.77958333333332,0.6070631742477417,33.774326,70.56854,0.2118,1.785170661078559
5KPH_4_4_5_0_combined_id14,0.7823431491851807,2.878777503967285,92.62138888888887,0.76,4,4,93.77958333333332,0.6070631742477417,33.774326,70.56854,0.2177,1.818430582682292
5KPH_4_4_5_0_combined_id16,0.6866554617881775,3.202758312225342,94.23472222222222,0.79,4,4,93.77958333333332,0.6070631742477417,33.774326,70.56854,0.1808,1.988072713216145
5KPH_4_4_5_0_combined_id18,1.6013449430465698,4.1001129150390625,95.93791666666668,0.83,4,4,93.77958333333332,0.6070631742477417,33.774326,70.56854,0.2042,2.0229335361056857
5KPH_4_4_5_0_combined_id19,0.7020790576934814,1.5584337711334229,92.9713888888889,0.76,4,4,93.77958333333332,0.6070631742477417,33.774326,70.56854,0.2057,1.8602591620551208
5KPH_4_4_5_0_combined_id2,0.5842829942703247,3.71899151802063,91.43583333333332,0.76,4,4,93.77958333333332,0.6070631742477417,33.774326,70.56854,0.1827,2.176190906100803
5KPH_4_4_5_0_combined_id20,0.7277424931526184,3.4465463161468506,95.04680555555557,0.81,4,4,93.77958333333332,0.6070631742477417,33.774326,70.56854,0.2139,2.015137778388129
5KPH_4_4_5_0_combined_id21,0.7398321628570557,3.8815441131591797,91.2713888888889,0.75,4,4,93.77958333333332,0.6070631742477417,33.774326,70.56854,0.1959,1.9158306121826167
5KPH_4_4_5_0_combined_id22,0.7874058485031128,3.013536214828491,90.92333333333332,0.75,4,4,93.77958333333332,0.6070631742477417,33.774326,70.56854,0.1982,2.0786844889322915
5KPH_4_4_5_0_combined_id23,0.6513981819152832,3.6075572967529297,93.59291666666668,0.78,4,4,93.77958333333332,0.6070631742477417,33.774326,70.56854,0.1827,1.9875645107693145
5KPH_4_4_5_0_combined_id24,0.654260516166687,3.9688820838928223,93.52666666666669,0.78,4,4,93.77958333333332,0.6070631742477417,33.774326,70.56854,0.2007,1.895154317220052
5KPH_4_4_5_0_combined_id3,0.6519907712936401,3.985377550125122,92.75569444444444,0.78,4,4,93.77958333333332,0.6070631742477417,33.774326,70.56854,0.1963,1.893152025010851
5KPH_4_4_5_0_combined_id4,0.7555775046348572,3.9647469520568848,92.45208333333332,0.77,4,4,93.77958333333332,0.6070631742477417,33.774326,70.56854,0.1832,1.9967053731282551
5KPH_4_4_5_0_combined_id5,0.6716405153274536,3.327317237854004,89.76111111111112,0.71,4,4,93.77958333333332,0.6070631742477417,33.774326,70.56854,0.1952,1.9248606363932288
5KPH_4_4_5_0_combined_id6,0.7707309126853943,3.316646099090576,91.60375,0.75,4,4,93.77958333333332,0.6070631742477417,33.774326,70.56854,0.2008,1.8605800204806853
5KPH_4_4_5_0_combined_id7,0.6539713740348816,3.810279369354248,94.8086111111111,0.81,4,4,93.77958333333332,0.6070631742477417,33.774326,70.56854,0.1945,1.9794885847303605
5KPH_4_4_5_0_combined_id8,0.748603105545044,3.587568521499634,93.61875,0.79,4,4,93.77958333333332,0.6070631742477417,33.774326,70.56854,0.1718,2.116112391153971
5KPH_4_4_5_0_combined_id9,0.6653139591217041,3.6236720085144043,94.14277777777778,0.79,4,4,93.77958333333332,0.6070631742477417,33.774326,70.56854,0.2025,1.7916458977593317
5KPH_4_4_6_0_combined_id1,0.7015236616134644,3.285325288772583,87.02013888888888,0.69,4,4,94.66597222222224,0.6868184804916382,32.589752,68.7165,0.1943,1.7389080259535048
5KPH_4_4_6_0_combined_id10,0.7017379999160767,3.8340375423431396,96.3586111111111,0.83,4,4,94.66597222222224,0.6868184804916382,32.589752,68.7165,0.2178,1.989773432413737
5KPH_4_4_6_0_combined_id11,1.0233174562454224,1.4507498741149902,90.70347222222222,0.72,4,4,94.66597222222224,0.6868184804916382,32.589752,68.7165,0.2082,1.959143532647027
5KPH_4_4_6_0_combined_id12,1.046541452407837,2.9834020137786865,86.60263888888889,0.69,4,4,94.66597222222224,0.6868184804916382,32.589752,68.7165,0.189,2.0130432976616754
5KPH_4_4_6_0_combined_id13,0.8122423887252808,3.8424408435821533,93.7097222222222,0.78,4,4,94.66597222222224,0.6868184804916382,32.589752,68.7165,0.211,1.6571600172254777
5KPH_4_4_6_0_combined_id14,0.7577369809150696,3.570786237716675,93.51416666666664,0.79,4,4,94.66597222222224,0.6868184804916382,32.589752,68.7165,0.1853,1.810167736477322
5KPH_4_4_6_0_combined_id15,0.8557904958724976,3.635770320892334,90.00527777777778,0.71,4,4,94.66597222222224,0.6868184804916382,32.589752,68.7165,0.2058,2.016949123806424
5KPH_4_4_6_0_combined_id16,0.7786486148834229,3.936375379562378,88.9025,0.7,4,4,94.66597222222224,0.6868184804916382,32.589752,68.7165,0.2239,1.7442433039347331
5KPH_4_4_6_0_combined_id18,0.6951379179954529,3.7712395191192627,90.38125,0.73,4,4,94.66597222222224,0.6868184804916382,32.589752,68.7165,0.2212,1.77618588341607
5KPH_4_4_6_0_combined_id19,0.6483324766159058,4.088318824768066,93.1747222222222,0.79,4,4,94.66597222222224,0.6868184804916382,32.589752,68.7165,0.2152,1.957503424750434
5KPH_4_4_6_0_combined_id2,0.6062330603599548,3.9668338298797607,92.71555555555555,0.78,4,4,94.66597222222224,0.6868184804916382,32.589752,68.7165,0.227,1.7639446258544922
5KPH_4_4_6_0_combined_id20,0.6875907182693481,3.6478869915008545,92.10527777777776,0.77,4,4,94.66597222222224,0.6868184804916382,32.589752,68.7165,0.1967,1.9619219038221567
5KPH_4_4_6_0_combined_id21,0.751176655292511,1.810229778289795,90.56166666666668,0.7,4,4,94.66597222222224,0.6868184804916382,32.589752,68.7165,0.2066,1.892806159125434
5KPH_4_4_6_0_combined_id22,0.7007095217704773,4.037389278411865,93.52763888888887,0.79,4,4,94.66597222222224,0.6868184804916382,32.589752,68.7165,0.2145,1.824210696750217
5KPH_4_4_6_0_combined_id23,0.8144703507423401,4.189709186553955,93.93569444444444,0.78,4,4,94.66597222222224,0.6868184804916382,32.589752,68.7165,0.2108,1.9913995530870223
5KPH_4_4_6_0_combined_id24,0.8373668789863586,2.2929341793060303,94.56805555555556,0.81,4,4,94.66597222222224,0.6868184804916382,32.589752,68.7165,0.2139,1.7694310082329645
5KPH_4_4_6_0_combined_id3,0.7722262740135193,3.7232420444488525,94.79069444444444,0.81,4,4,94.66597222222224,0.6868184804916382,32.589752,68.7165,0.2161,1.7624359130859375
5KPH_4_4_6_0_combined_id4,0.8383223414421082,3.4423255920410156,90.10888888888888,0.7,4,4,94.66597222222224,0.6868184804916382,32.589752,68.7165,0.2072,2.039399888780382
5KPH_4_4_6_0_combined_id5,0.6297994256019592,3.957303047180176,96.13388888888888,0.83,4,4,94.66597222222224,0.6868184804916382,32.589752,68.7165,0.1971,1.981885274251302
5KPH_4_4_6_0_combined_id6,0.6962619423866272,3.8230535984039307,94.21958333333332,0.79,4,4,94.66597222222224,0.6868184804916382,32.589752,68.7165,0.213,1.825673633151584
5KPH_4_4_6_0_combined_id7,0.6917422413825989,3.755176067352295,91.63097222222224,0.77,4,4,94.66597222222224,0.6868184804916382,32.589752,68.7165,0.1851,2.0382056766086154
5KPH_4_4_6_0_combined_id8,0.8309642672538757,3.123131036758423,91.21361111111112,0.73,4,4,94.66597222222224,0.6868184804916382,32.589752,68.7165,0.2002,1.8477458953857424
5KPH_4_4_6_0_combined_id9,0.7584754228591919,3.6874659061431885,91.25361111111113,0.72,4,4,94.66597222222224,0.6868184804916382,32.589752,68.7165,0.2083,1.7518931494818792
5KPH_4_4_7_0_combined_id1,1.9980669021606445,1.3607560396194458,86.32069444444444,0.69,4,4,93.93944444444443,0.7899553179740906,33.38948,68.603775,0.2158,2.0650321112738714
5KPH_4_4_7_0_combined_id10,0.6278060674667358,3.809453248977661,93.495,0.78,4,4,93.93944444444443,0.7899553179740906,33.38948,68.603775,0.2244,1.934613757663303
5KPH_4_4_7_0_combined_id11,0.7279477715492249,3.4430484771728516,91.57375,0.75,4,4,93.93944444444443,0.7899553179740906,33.38948,68.603775,0.2309,1.822138044569228
5KPH_4_4_7_0_combined_id12,0.8959733247756958,3.2498831748962402,91.1438888888889,0.72,4,4,93.93944444444443,0.7899553179740906,33.38948,68.603775,0.2239,1.864065382215712
5KPH_4_4_7_0_combined_id13,0.872526228427887,3.8809823989868164,92.84652777777778,0.78,4,4,93.93944444444443,0.7899553179740906,33.38948,68.603775,0.2041,1.9431711832682288
5KPH_4_4_7_0_combined_id16,0.6164301633834839,2.4864585399627686,93.71347222222222,0.79,4,4,93.93944444444443,0.7899553179740906,33.38948,68.603775,0.2081,1.8682994842529297
5KPH_4_4_7_0_combined_id17,0.7769294381141663,3.265481948852539,89.35361111111109,0.72,4,4,93.93944444444443,0.7899553179740906,33.38948,68.603775,0.2096,1.7917917039659288
5KPH_4_4_7_0_combined_id18,0.8341421484947205,4.054993629455566,91.2473611111111,0.72,4,4,93.93944444444443,0.7899553179740906,33.38948,68.603775,0.2196,1.7089884016248915
5KPH_4_4_7_0_combined_id19,0.7649591565132141,2.3044817447662354,92.80055555555556,0.78,4,4,93.93944444444443,0.7899553179740906,33.38948,68.603775,0.1887,1.976110670301649
5KPH_4_4_7_0_combined_id2,0.5856653451919556,3.867769718170166,94.21694444444444,0.81,4,4,93.93944444444443,0.7899553179740906,33.38948,68.603775,0.2022,2.067305670844184
5KPH_4_4_7_0_combined_id20,0.6732351183891296,3.9311060905456543,92.28652777777778,0.77,4,4,93.93944444444443,0.7899553179740906,33.38948,68.603775,0.1992,2.020175509982639
5KPH_4_4_7_0_combined_id21,1.1531378030776978,2.9951326847076416,89.84222222222223,0.73,4,4,93.93944444444443,0.7899553179740906,33.38948,68.603775,0.1973,2.0298258463541665
5KPH_4_4_7_0_combined_id22,2.861445188522339,1.18561851978302,95.79527777777778,0.8,4,4,93.93944444444443,0.7899553179740906,33.38948,68.603775,0.229,1.8055508931477864
5KPH_4_4_7_0_combined_id23,0.8986671566963196,1.5727227926254272,90.51819444444445,0.73,4,4,93.93944444444443,0.7899553179740906,33.38948,68.603775,0.2166,1.795371585422092
5KPH_4_4_7_0_combined_id24,0.9459141492843628,2.286754608154297,89.83513888888888,0.71,4,4,93.93944444444443,0.7899553179740906,33.38948,68.603775,0.2137,1.7429815928141277
5KPH_4_4_7_0_combined_id3,0.7259678840637207,2.859260320663452,89.48375,0.73,4,4,93.93944444444443,0.7899553179740906,33.38948,68.603775,0.2467,1.9851947360568576
5KPH_4_4_7_0_combined_id4,0.979141354560852,2.5861454010009766,87.93458333333335,0.69,4,4,93.93944444444443,0.7899553179740906,33.38948,68.603775,0.2128,1.935097164577908
5KPH_4_4_7_0_combined_id5,2.14932918548584,1.5371298789978027,91.4809722222222,0.74,4,4,93.93944444444443,0.7899553179740906,33.38948,68.603775,0.226,1.921733644273546
5KPH_4_4_7_0_combined_id6,0.8663816452026367,2.6289565563201904,87.95083333333335,0.66,4,4,93.93944444444443,0.7899553179740906,33.38948,68.603775,0.2128,1.8038800557454424
5KPH_4_4_7_0_combined_id7,0.7741733193397522,3.712256669998169,92.45263888888888,0.76,4,4,93.93944444444443,0.7899553179740906,33.38948,68.603775,0.223,1.814107682969835
5KPH_4_4_7_0_combined_id8,0.7719579339027405,2.3628463745117188,92.18083333333334,0.75,4,4,93.93944444444443,0.7899553179740906,33.38948,68.603775,0.1938,1.7921504974365234
5KPH_4_4_7_0_combined_id9,0.7664871215820312,3.425459623336792,89.01513888888888,0.7,4,4,93.93944444444443,0.7899553179740906,33.38948,68.603775,0.219,1.8758587307400167
5KPH_4_4_9_0_combined_id1,0.7526275515556335,3.369976758956909,93.00166666666668,0.77,4,4,93.24625,0.8029084801673889,32.812706,69.49533,0.1839,2.095669428507487
5KPH_4_4_9_0_combined_id10,0.862074077129364,2.2213642597198486,93.87986111111113,0.78,4,4,93.24625,0.8029084801673889,32.812706,69.49533,0.1986,2.019284354315864
5KPH_4_4_9_0_combined_id11,2.260160207748413,1.9048796892166138,92.55444444444444,0.77,4,4,93.24625,0.8029084801673889,32.812706,69.49533,0.2059,1.9188452826605904
5KPH_4_4_9_0_combined_id12,0.5720043182373047,3.9147720336914062,95.33611111111112,0.82,4,4,93.24625,0.8029084801673889,32.812706,69.49533,0.1994,2.2655425601535373
5KPH_4_4_9_0_combined_id13,0.626734733581543,3.727196216583252,95.055,0.81,4,4,93.24625,0.8029084801673889,32.812706,69.49533,0.1889,2.071004019843208
5KPH_4_4_9_0_combined_id14,0.7329398393630981,3.0494141578674316,88.96041666666666,0.7,4,4,93.24625,0.8029084801673889,32.812706,69.49533,0.1983,1.985454559326172
5KPH_4_4_9_0_combined_id15,0.5847158432006836,3.645423650741577,91.91305555555556,0.76,4,4,93.24625,0.8029084801673889,32.812706,69.49533,0.1914,1.9821408589680989
5KPH_4_4_9_0_combined_id16,0.7406327128410339,3.822375535964966,91.16236111111112,0.75,4,4,93.24625,0.8029084801673889,32.812706,69.49533,0.1986,1.9955399831136067
5KPH_4_4_9_0_combined_id17,0.6456445455551147,3.534691572189331,95.02569444444444,0.81,4,4,93.24625,0.8029084801673889,32.812706,69.49533,0.2375,2.0450668334960938
5KPH_4_4_9_0_combined_id18,0.7894534468650818,3.105165958404541,90.27180555555556,0.73,4,4,93.24625,0.8029084801673889,32.812706,69.49533,0.2069,1.9177252451578777
5KPH_4_4_9_0_combined_id19,0.7256358861923218,2.7056257724761963,89.07416666666667,0.68,4,4,93.24625,0.8029084801673889,32.812706,69.49533,0.2013,1.8037378523084853
5KPH_4_4_9_0_combined_id2,0.5336437225341797,3.8458492755889893,94.60111111111112,0.81,4,4,93.24625,0.8029084801673889,32.812706,69.49533,0.2116,1.8719113667805989
5KPH_4_4_9_0_combined_id20,1.0245336294174194,2.9257097244262695,88.5273611111111,0.71,4,4,93.24625,0.8029084801673889,32.812706,69.49533,0.1801,2.0310166676839194
5KPH_4_4_9_0_combined_id21,1.000357747077942,3.2430648803710938,88.2786111111111,0.71,4,4,93.24625,0.8029084801673889,32.812706,69.49533,0.2186,1.957961188422309
5KPH_4_4_9_0_combined_id22,0.7223991751670837,2.3089489936828613,92.41388888888888,0.78,4,4,93.24625,0.8029084801673889,32.812706,69.49533,0.2126,2.0170728895399304
5KPH_4_4_9_0_combined_id23,0.745438814163208,3.646177291870117,91.96666666666668,0.75,4,4,93.24625,0.8029084801673889,32.812706,69.49533,0.1915,1.9509942796495223
5KPH_4_4_9_0_combined_id24,0.6682835817337036,2.8292922973632812,94.51652777777778,0.79,4,4,93.24625,0.8029084801673889,32.812706,69.49533,0.2102,2.054826736450196
5KPH_4_4_9_0_combined_id3,0.5900453925132751,3.696026563644409,93.72625,0.79,4,4,93.24625,0.8029084801673889,32.812706,69.49533,0.1996,2.021800571017795
5KPH_4_4_9_0_combined_id4,0.7886596918106079,3.978968381881714,93.23986111111113,0.78,4,4,93.24625,0.8029084801673889,32.812706,69.49533,0.1976,1.8979551527235243
5KPH_4_4_9_0_combined_id5,0.8106173276901245,4.049078941345215,94.71458333333334,0.81,4,4,93.24625,0.8029084801673889,32.812706,69.49533,0.2062,1.8459205627441408
5KPH_4_4_9_0_combined_id6,0.8245487809181213,3.718257188796997,93.83930555555555,0.8,4,4,93.24625,0.8029084801673889,32.812706,69.49533,0.1957,1.8478493160671656
5KPH_4_4_9_0_combined_id7,0.6656944155693054,3.6121537685394287,94.46708333333332,0.81,4,4,93.24625,0.8029084801673889,32.812706,69.49533,0.2257,2.0529374016655817
5KPH_4_4_9_0_combined_id8,1.526401400566101,1.8567323684692383,88.38472222222222,0.71,4,4,93.24625,0.8029084801673889,32.812706,69.49533,0.1883,2.128562503390842
5KPH_4_4_9_0_combined_id9,0.6779619455337524,2.994180202484131,91.89986111111112,0.76,4,4,93.24625,0.8029084801673889,32.812706,69.49533,0.2051,1.896824730767144
5KPH_4_6_0_0_combined_id1,0.7745355367660522,4.172704696655273,90.64180555555556,0.73,4,6,93.5148611111111,0.591726541519165,32.84183,69.67821,0.2081,1.858906004163954
5KPH_4_6_0_0_combined_id10,0.7378708124160767,3.6767079830169678,91.9525,0.76,4,6,93.5148611111111,0.591726541519165,32.84183,69.67821,0.1967,1.9672891828748915
5KPH_4_6_0_0_combined_id11,0.9667779207229614,4.310070514678955,90.70277777777778,0.74,4,6,93.5148611111111,0.591726541519165,32.84183,69.67821,0.2197,1.9821330176459413
5KPH_4_6_0_0_combined_id12,0.7007054686546326,3.5280511379241943,89.70083333333335,0.72,4,6,93.5148611111111,0.591726541519165,32.84183,69.67821,0.1984,2.018729315863715
5KPH_4_6_0_0_combined_id13,0.60443115234375,4.035968780517578,96.6998611111111,0.83,4,6,93.5148611111111,0.591726541519165,32.84183,69.67821,0.2115,1.9907391866048176
5KPH_4_6_0_0_combined_id15,0.696068286895752,3.965949296951294,90.28736111111112,0.73,4,6,93.5148611111111,0.591726541519165,32.84183,69.67821,0.2132,1.7714449564615886
5KPH_4_6_0_0_combined_id16,0.673454225063324,4.1506667137146,96.1515277777778,0.82,4,6,93.5148611111111,0.591726541519165,32.84183,69.67821,0.2057,2.108296288384332
5KPH_4_6_0_0_combined_id17,0.7758341431617737,3.051767110824585,93.76861111111111,0.79,4,6,93.5148611111111,0.591726541519165,32.84183,69.67821,0.1976,1.9514138963487413
5KPH_4_6_0_0_combined_id18,0.644816517829895,4.124878406524658,94.18597222222222,0.8,4,6,93.5148611111111,0.591726541519165,32.84183,69.67821,0.1989,2.132928212483724
5KPH_4_6_0_0_combined_id19,0.8997281193733215,2.507202625274658,87.64125000000001,0.69,4,6,93.5148611111111,0.591726541519165,32.84183,69.67821,0.2131,1.9543772803412545
5KPH_4_6_0_0_combined_id2,0.5814730525016785,3.9572317600250244,93.6575,0.79,4,6,93.5148611111111,0.591726541519165,32.84183,69.67821,0.188,2.266364203559028
5KPH_4_6_0_0_combined_id20,0.6176095008850098,3.8378448486328125,93.25722222222224,0.78,4,6,93.5148611111111,0.591726541519165,32.84183,69.67821,0.205,1.9157545301649304
5KPH_4_6_0_0_combined_id21,0.9373326897621155,3.4924304485321045,89.12013888888889,0.68,4,6,93.5148611111111,0.591726541519165,32.84183,69.67821,0.1868,1.883939954969618
5KPH_4_6_0_0_combined_id22,0.5995041728019714,4.125858783721924,94.95263888888888,0.81,4,6,93.5148611111111,0.591726541519165,32.84183,69.67821,0.1981,1.9171585506863065
5KPH_4_6_0_0_combined_id23,0.7621210813522339,4.182399749755859,94.75097222222222,0.81,4,6,93.5148611111111,0.591726541519165,32.84183,69.67821,0.2097,2.025537278917101
5KPH_4_6_0_0_combined_id24,0.7126695513725281,2.1814844608306885,95.15819444444443,0.81,4,6,93.5148611111111,0.591726541519165,32.84183,69.67821,0.2133,2.01834487915039
5KPH_4_6_0_0_combined_id4,0.7390044927597046,4.179623126983643,94.97222222222224,0.81,4,6,93.5148611111111,0.591726541519165,32.84183,69.67821,0.2066,2.089872572157118
5KPH_4_6_0_0_combined_id5,0.8427268862724304,3.8861465454101562,88.3173611111111,0.73,4,6,93.5148611111111,0.591726541519165,32.84183,69.67821,0.2012,2.1836344401041665
5KPH_4_6_0_0_combined_id7,0.8032801151275635,4.063858985900879,92.56833333333331,0.78,4,6,93.5148611111111,0.591726541519165,32.84183,69.67821,0.1844,2.006518681844076
5KPH_4_6_0_0_combined_id8,0.8558436036109924,2.840446710586548,86.52777777777777,0.7,4,6,93.5148611111111,0.591726541519165,32.84183,69.67821,0.1963,2.0498169793023004
5KPH_4_6_0_0_combined_id9,0.7828854322433472,3.8049044609069824,95.14875,0.81,4,6,93.5148611111111,0.591726541519165,32.84183,69.67821,0.2011,2.062620586819119
5KPH_4_6_2_0_combined_id1,0.7591034770011902,2.952383041381836,90.95472222222222,0.75,4,6,90.17541666666664,0.7702733874320984,33.79516,69.842575,0.2096,1.9532911512586808
5KPH_4_6_2_0_combined_id10,0.9125356078147888,2.4631617069244385,88.88541666666667,0.69,4,6,90.17541666666664,0.7702733874320984,33.79516,69.842575,0.2017,1.7974249521891277
5KPH_4_6_2_0_combined_id11,0.8162370324134827,2.235494613647461,90.5898611111111,0.72,4,6,90.17541666666664,0.7702733874320984,33.79516,69.842575,0.2145,1.7591531541612413
5KPH_4_6_2_0_combined_id12,0.834145724773407,3.036595106124878,91.04444444444442,0.74,4,6,90.17541666666664,0.7702733874320984,33.79516,69.842575,0.2026,1.9179407755533853
5KPH_4_6_2_0_combined_id13,0.729081392288208,3.5900471210479736,95.85222222222222,0.82,4,6,90.17541666666664,0.7702733874320984,33.79516,69.842575,0.2329,2.037249671088325
5KPH_4_6_2_0_combined_id14,0.6824131011962891,3.740211248397827,90.58041666666666,0.74,4,6,90.17541666666664,0.7702733874320984,33.79516,69.842575,0.2086,1.7892786661783855
5KPH_4_6_2_0_combined_id15,0.7116329073905945,3.3905129432678223,88.79819444444443,0.72,4,6,90.17541666666664,0.7702733874320984,33.79516,69.842575,0.2229,2.045626746283637
5KPH_4_6_2_0_combined_id16,1.4947973489761353,2.9396796226501465,89.46569444444444,0.68,4,6,90.17541666666664,0.7702733874320984,33.79516,69.842575,0.2123,2.060039308336046
5KPH_4_6_2_0_combined_id17,0.8773650527000427,3.6624066829681396,91.81902777777776,0.77,4,6,90.17541666666664,0.7702733874320984,33.79516,69.842575,0.2152,2.044463263617621
5KPH_4_6_2_0_combined_id18,0.8489093780517578,3.7199416160583496,92.51166666666668,0.76,4,6,90.17541666666664,0.7702733874320984,33.79516,69.842575,0.2143,1.8327263726128475
5KPH_4_6_2_0_combined_id19,0.7808653712272644,3.3802266120910645,89.54888888888888,0.73,4,6,90.17541666666664,0.7702733874320984,33.79516,69.842575,0.252,2.007793426513672
5KPH_4_6_2_0_combined_id2,1.5905871391296387,2.0422239303588867,87.32680555555555,0.69,4,6,90.17541666666664,0.7702733874320984,33.79516,69.842575,0.21,1.9297406938340929
5KPH_4_6_2_0_combined_id20,0.8486745953559875,1.8770298957824707,94.67222222222222,0.79,4,6,90.17541666666664,0.7702733874320984,33.79516,69.842575,0.2334,1.929440604315864
5KPH_4_6_2_0_combined_id21,1.9458638429641724,3.554992437362671,92.86375,0.75,4,6,90.17541666666664,0.7702733874320984,33.79516,69.842575,0.1981,2.040948655870226
5KPH_4_6_2_0_combined_id22,1.6154301166534424,1.895710825920105,95.2975,0.79,4,6,90.17541666666664,0.7702733874320984,33.79516,69.842575,0.2368,1.955903159247504
5KPH_4_6_2_0_combined_id23,0.9897573590278625,2.1503992080688477,90.68666666666668,0.73,4,6,90.17541666666664,0.7702733874320984,33.79516,69.842575,0.2022,2.1832769181993275
5KPH_4_6_2_0_combined_id24,0.7423498034477234,3.832670211791992,91.67416666666666,0.76,4,6,90.17541666666664,0.7702733874320984,33.79516,69.842575,0.1948,1.974699444240994
5KPH_4_6_2_0_combined_id3,0.6687036156654358,4.093557834625244,95.26736111111111,0.82,4,6,90.17541666666664,0.7702733874320984,33.79516,69.842575,0.1947,1.976255628797743
5KPH_4_6_2_0_combined_id4,0.7910516262054443,3.969862699508667,90.49319444444444,0.72,4,6,90.17541666666664,0.7702733874320984,33.79516,69.842575,0.2223,1.9129729800754125
5KPH_4_6_2_0_combined_id5,0.6372489333152771,3.708272695541382,91.07625,0.77,4,6,90.17541666666664,0.7702733874320984,33.79516,69.842575,0.2393,2.029830508761936
5KPH_4_6_2_0_combined_id6,0.8190747499465942,1.760675311088562,90.26708333333332,0.74,4,6,90.17541666666664,0.7702733874320984,33.79516,69.842575,0.2224,1.9209198421902127
5KPH_4_6_2_0_combined_id7,0.8693983554840088,3.257833480834961,91.37236111111112,0.74,4,6,90.17541666666664,0.7702733874320984,33.79516,69.842575,0.1872,1.876004113091363
5KPH_4_6_2_0_combined_id9,0.7130913138389587,3.7800772190093994,93.09222222222223,0.78,4,6,90.17541666666664,0.7702733874320984,33.79516,69.842575,0.2064,2.040643480088976
5KPH_4_6_3_0_combined_id1,1.8502076864242554,2.5188395977020264,85.16444444444443,0.64,4,6,91.2147222222222,0.906125009059906,32.9714,70.57439,0.1792,2.034756342569987
5KPH_4_6_3_0_combined_id10,0.8314523100852966,4.04083776473999,89.23083333333332,0.71,4,6,91.2147222222222,0.906125009059906,32.9714,70.57439,0.2043,1.8058208889431424
5KPH_4_6_3_0_combined_id11,1.1815038919448853,0.7442083954811096,90.80055555555556,0.73,4,6,91.2147222222222,0.906125009059906,32.9714,70.57439,0.2207,1.9244261847602
5KPH_4_6_3_0_combined_id13,0.9759253859519958,2.3521759510040283,87.46055555555556,0.67,4,6,91.2147222222222,0.906125009059906,32.9714,70.57439,0.2252,1.9465480380588107
5KPH_4_6_3_0_combined_id14,0.7610539793968201,3.568108320236206,88.35347222222224,0.67,4,6,91.2147222222222,0.906125009059906,32.9714,70.57439,0.2104,1.8587659200032551
5KPH_4_6_3_0_combined_id15,0.672009289264679,4.301629543304443,92.69763888888887,0.77,4,6,91.2147222222222,0.906125009059906,32.9714,70.57439,0.2008,1.9446652730305989
5KPH_4_6_3_0_combined_id16,1.810526728630066,2.254035711288452,89.56555555555556,0.72,4,6,91.2147222222222,0.906125009059906,32.9714,70.57439,0.2032,2.0445109473334417
5KPH_4_6_3_0_combined_id17,0.5844350457191467,4.05651330947876,96.47930555555556,0.83,4,6,91.2147222222222,0.906125009059906,32.9714,70.57439,0.21,1.9891622331407333
5KPH_4_6_3_0_combined_id18,1.1011712551116943,4.386057376861572,95.47152777777778,0.82,4,6,91.2147222222222,0.906125009059906,32.9714,70.57439,0.2089,2.055049048529731
5KPH_4_6_3_0_combined_id19,0.8133060336112976,3.322338581085205,90.7286111111111,0.73,4,6,91.2147222222222,0.906125009059906,32.9714,70.57439,0.2143,1.923639721340604
5KPH_4_6_3_0_combined_id2,1.347847580909729,2.1943299770355225,87.19138888888888,0.69,4,6,91.2147222222222,0.906125009059906,32.9714,70.57439,0.2376,1.99031236436632
5KPH_4_6_3_0_combined_id20,0.5684923529624939,2.706130266189575,94.38527777777776,0.79,4,6,91.2147222222222,0.906125009059906,32.9714,70.57439,0.2145,2.0972311231825085
5KPH_4_6_3_0_combined_id21,0.7242857217788696,3.0461649894714355,88.30972222222222,0.7,4,6,91.2147222222222,0.906125009059906,32.9714,70.57439,0.2202,1.9568210177951388
5KPH_4_6_3_0_combined_id22,0.6037068963050842,1.8989739418029785,93.82986111111111,0.78,4,6,91.2147222222222,0.906125009059906,32.9714,70.57439,0.2296,1.9793179829915364
5KPH_4_6_3_0_combined_id23,0.8813630938529968,3.428798198699951,89.96972222222222,0.72,4,6,91.2147222222222,0.906125009059906,32.9714,70.57439,0.2127,1.9264064364963107
5KPH_4_6_3_0_combined_id24,1.0395927429199219,1.8838567733764648,86.98416666666668,0.68,4,6,91.2147222222222,0.906125009059906,32.9714,70.57439,0.1941,1.986940171983507
5KPH_4_6_3_0_combined_id3,0.543175458908081,4.128819942474365,94.08388888888888,0.79,4,6,91.2147222222222,0.906125009059906,32.9714,70.57439,0.2191,1.9042833116319444
5KPH_4_6_3_0_combined_id4,0.7640189528465271,4.2156147956848145,94.48930555555556,0.8,4,6,91.2147222222222,0.906125009059906,32.9714,70.57439,0.2066,1.968554178873698
5KPH_4_6_3_0_combined_id5,1.0433727502822876,2.8410370349884033,86.94388888888889,0.66,4,6,91.2147222222222,0.906125009059906,32.9714,70.57439,0.2113,1.9523665110270183
5KPH_4_6_3_0_combined_id7,0.6823081970214844,3.633805274963379,90.71097222222222,0.75,4,6,91.2147222222222,0.906125009059906,32.9714,70.57439,0.2245,2.1473176744249134
5KPH_4_6_3_0_combined_id8,1.1932272911071777,2.7334868907928467,89.47333333333333,0.69,4,6,91.2147222222222,0.906125009059906,32.9714,70.57439,0.2042,2.0970369974772134
5KPH_4_6_3_0_combined_id9,1.2356575727462769,2.504990339279175,86.29166666666667,0.67,4,6,91.2147222222222,0.906125009059906,32.9714,70.57439,0.2094,1.8936008877224395
5KPH_4_6_4_0_combined_id1,0.7374880313873291,3.900177240371704,94.5702777777778,0.79,4,6,90.61069444444443,0.7128545045852661,32.34218,68.47058,0.2109,1.9084008534749348
5KPH_4_6_4_0_combined_id10,0.6741653084754944,3.8988537788391113,92.30930555555555,0.78,4,6,90.61069444444443,0.7128545045852661,32.34218,68.47058,0.2125,1.8039974636501737
5KPH_4_6_4_0_combined_id13,0.67195725440979,3.9444923400878906,93.77694444444444,0.79,4,6,90.61069444444443,0.7128545045852661,32.34218,68.47058,0.2004,1.8892161051432288
5KPH_4_6_4_0_combined_id14,1.084580421447754,2.516995429992676,88.73208333333332,0.7,4,6,90.61069444444443,0.7128545045852661,32.34218,68.47058,0.2009,1.8502625359429248
5KPH_4_6_4_0_combined_id15,0.6521480679512024,2.1341917514801025,94.4452777777778,0.8,4,6,90.61069444444443,0.7128545045852661,32.34218,68.47058,0.2155,1.8594902886284723
5KPH_4_6_4_0_combined_id17,0.6915341019630432,4.165496349334717,92.4402777777778,0.77,4,6,90.61069444444443,0.7128545045852661,32.34218,68.47058,0.2239,1.7652662065294054
5KPH_4_6_4_0_combined_id18,1.0662660598754883,3.8588781356811523,94.23569444444443,0.79,4,6,90.61069444444443,0.7128545045852661,32.34218,68.47058,0.2074,1.7705332438151042
5KPH_4_6_4_0_combined_id19,0.9414983987808228,4.102485656738281,95.35347222222222,0.82,4,6,90.61069444444443,0.7128545045852661,32.34218,68.47058,0.2054,1.693367110358344
5KPH_4_6_4_0_combined_id2,0.764031171798706,4.1173095703125,92.91805555555555,0.77,4,6,90.61069444444443,0.7128545045852661,32.34218,68.47058,0.214,1.727718671162923
5KPH_4_6_4_0_combined_id20,0.9891645908355713,3.136383056640625,86.63208333333333,0.64,4,6,90.61069444444443,0.7128545045852661,32.34218,68.47058,0.2071,1.7646173901028104
5KPH_4_6_4_0_combined_id21,0.5965827107429504,4.06648063659668,92.36819444444444,0.77,4,6,90.61069444444443,0.7128545045852661,32.34218,68.47058,0.1991,1.9919132656521268
5KPH_4_6_4_0_combined_id24,0.6582024693489075,4.108214378356934,93.77569444444444,0.79,4,6,90.61069444444443,0.7128545045852661,32.34218,68.47058,0.2252,1.80526606241862
5KPH_4_6_4_0_combined_id3,0.8395901918411255,4.128053665161133,92.73027777777776,0.77,4,6,90.61069444444443,0.7128545045852661,32.34218,68.47058,0.2084,1.739521132575141
5KPH_4_6_4_0_combined_id5,0.7278292179107666,3.6462438106536865,90.58222222222224,0.72,4,6,90.61069444444443,0.7128545045852661,32.34218,68.47058,0.2156,1.6157575183444552
5KPH_4_6_4_0_combined_id6,0.7799935936927795,3.58870005607605,94.0898611111111,0.79,4,6,90.61069444444443,0.7128545045852661,32.34218,68.47058,0.2142,1.9689146677653
5KPH_4_6_4_0_combined_id7,0.8790569305419922,4.142793655395508,88.51527777777778,0.71,4,6,90.61069444444443,0.7128545045852661,32.34218,68.47058,0.1952,1.913174311319987
5KPH_4_6_4_0_combined_id8,0.8100669980049133,3.561065673828125,94.35847222222225,0.8,4,6,90.61069444444443,0.7128545045852661,32.34218,68.47058,0.2059,1.785071478949653
5KPH_4_6_4_0_combined_id9,0.7682129144668579,3.9935593605041504,94.41333333333334,0.8,4,6,90.61069444444443,0.7128545045852661,32.34218,68.47058,0.2124,1.725756221347385
5KPH_4_6_5_0_combined_id1,1.9452269077301025,2.0303196907043457,90.735,0.74,4,6,93.75638888888888,0.698773205280304,33.09517,71.1016,0.2076,1.9166874355740016
5KPH_4_6_5_0_combined_id10,0.7781559228897095,2.5025808811187744,88.95625000000001,0.73,4,6,93.75638888888888,0.698773205280304,33.09517,71.1016,0.2173,2.078338199191623
5KPH_4_6_5_0_combined_id11,0.7185551524162292,3.996997594833374,95.86944444444444,0.83,4,6,93.75638888888888,0.698773205280304,33.09517,71.1016,0.1873,2.260133531358507
5KPH_4_6_5_0_combined_id12,0.6569050550460815,3.804373264312744,93.43986111111111,0.79,4,6,93.75638888888888,0.698773205280304,33.09517,71.1016,0.2209,2.0983929104275174
5KPH_4_6_5_0_combined_id13,0.7696782350540161,4.072469234466553,91.53833333333334,0.73,4,6,93.75638888888888,0.698773205280304,33.09517,71.1016,0.1945,1.9227188958062067
5KPH_4_6_5_0_combined_id14,0.6511335372924805,3.956334352493286,90.4276388888889,0.73,4,6,93.75638888888888,0.698773205280304,33.09517,71.1016,0.2148,1.8702926635742188
5KPH_4_6_5_0_combined_id15,0.6410789489746094,3.7757725715637207,96.54416666666668,0.82,4,6,93.75638888888888,0.698773205280304,33.09517,71.1016,0.1839,2.257960425482856
5KPH_4_6_5_0_combined_id16,0.5690450668334961,3.712897539138794,91.85527777777776,0.76,4,6,93.75638888888888,0.698773205280304,33.09517,71.1016,0.2057,2.079632653130425
5KPH_4_6_5_0_combined_id17,0.6473166942596436,3.930879831314087,92.9811111111111,0.77,4,6,93.75638888888888,0.698773205280304,33.09517,71.1016,0.2145,2.087185753716363
5KPH_4_6_5_0_combined_id18,0.7167680859565735,3.906984806060791,95.79277777777776,0.82,4,6,93.75638888888888,0.698773205280304,33.09517,71.1016,0.2171,2.125486585828993
5KPH_4_6_5_0_combined_id19,0.5576898455619812,3.8590986728668213,95.34291666666668,0.8,4,6,93.75638888888888,0.698773205280304,33.09517,71.1016,0.202,2.130955378214518
5KPH_4_6_5_0_combined_id2,0.7053936123847961,3.740126132965088,90.86444444444446,0.73,4,6,93.75638888888888,0.698773205280304,33.09517,71.1016,0.1991,1.98295169406467
5KPH_4_6_5_0_combined_id20,0.7317411303520203,3.333674192428589,91.685,0.75,4,6,93.75638888888888,0.698773205280304,33.09517,71.1016,0.1914,2.069160461425781
5KPH_4_6_5_0_combined_id21,1.424910545349121,2.982844352722168,90.04263888888889,0.72,4,6,93.75638888888888,0.698773205280304,33.09517,71.1016,0.2089,1.9495027330186632
5KPH_4_6_5_0_combined_id22,0.5543606281280518,3.875840902328491,95.28430555555556,0.82,4,6,93.75638888888888,0.698773205280304,33.09517,71.1016,0.2053,2.077700932820638
5KPH_4_6_5_0_combined_id23,0.8855087757110596,2.1036767959594727,90.05305555555556,0.72,4,6,93.75638888888888,0.698773205280304,33.09517,71.1016,0.2321,2.074000040690104
5KPH_4_6_5_0_combined_id24,0.6428518295288086,3.76778507232666,94.45208333333332,0.77,4,6,93.75638888888888,0.698773205280304,33.09517,71.1016,0.2219,2.124760945638021
5KPH_4_6_5_0_combined_id3,0.8048908710479736,3.9757676124572754,90.0938888888889,0.7,4,6,93.75638888888888,0.698773205280304,33.09517,71.1016,0.2051,1.878676096598308
5KPH_4_6_5_0_combined_id4,0.7127141952514648,3.5785720348358154,94.43097222222222,0.8,4,6,93.75638888888888,0.698773205280304,33.09517,71.1016,0.2079,2.0184364318847656
5KPH_4_6_5_0_combined_id5,0.900208055973053,3.047398567199707,87.88847222222222,0.69,4,6,93.75638888888888,0.698773205280304,33.09517,71.1016,0.2062,1.82949447631836
5KPH_4_6_5_0_combined_id6,0.6844253540039062,3.7186644077301025,92.53958333333333,0.78,4,6,93.75638888888888,0.698773205280304,33.09517,71.1016,0.2154,2.0011198255750866
5KPH_4_6_5_0_combined_id7,0.7667710781097412,3.911080837249756,92.22611111111112,0.74,4,6,93.75638888888888,0.698773205280304,33.09517,71.1016,0.2281,1.88743167453342
5KPH_4_6_5_0_combined_id9,1.5100494623184204,1.7485259771347046,89.24472222222224,0.71,4,6,93.75638888888888,0.698773205280304,33.09517,71.1016,0.1907,1.872518539428711
5KPH_4_6_6_0_combined_id1,0.9710893034934998,3.5659303665161133,91.81666666666666,0.75,4,6,94.79263888888887,0.5399631261825562,32.26274,69.57843,0.2115,2.108852174546984
5KPH_4_6_6_0_combined_id10,0.8529077172279358,2.9687626361846924,89.71347222222224,0.69,4,6,94.79263888888887,0.5399631261825562,32.26274,69.57843,0.1918,1.971458858913845
5KPH_4_6_6_0_combined_id11,0.657189130783081,4.289556503295898,96.44347222222224,0.83,4,6,94.79263888888887,0.5399631261825562,32.26274,69.57843,0.2147,1.856252882215712
5KPH_4_6_6_0_combined_id12,1.0143680572509766,4.379314422607422,89.81875,0.72,4,6,94.79263888888887,0.5399631261825562,32.26274,69.57843,0.2101,1.8454644944932723
5KPH_4_6_6_0_combined_id14,0.9344865083694458,3.4313464164733887,86.70833333333333,0.68,4,6,94.79263888888887,0.5399631261825562,32.26274,69.57843,0.2016,1.907772911919488
5KPH_4_6_6_0_combined_id15,0.754882276058197,2.2916858196258545,93.24680555555555,0.77,4,6,94.79263888888887,0.5399631261825562,32.26274,69.57843,0.223,1.969679302639432
5KPH_4_6_6_0_combined_id16,1.3868684768676758,3.1337897777557373,86.8086111111111,0.69,4,6,94.79263888888887,0.5399631261825562,32.26274,69.57843,0.1928,2.1342466142442493
5KPH_4_6_6_0_combined_id17,0.8416098356246948,3.488171100616455,90.10708333333334,0.71,4,6,94.79263888888887,0.5399631261825562,32.26274,69.57843,0.2064,2.143470764160156
5KPH_4_6_6_0_combined_id18,0.7566026449203491,4.116198539733887,93.25333333333332,0.8,4,6,94.79263888888887,0.5399631261825562,32.26274,69.57843,0.2052,2.079676946004232
5KPH_4_6_6_0_combined_id19,1.2152260541915894,3.548283338546753,90.24375,0.72,4,6,94.79263888888887,0.5399631261825562,32.26274,69.57843,0.1996,2.2293313344319663
5KPH_4_6_6_0_combined_id2,0.7226762175559998,1.7867662906646729,94.57722222222222,0.8,4,6,94.79263888888887,0.5399631261825562,32.26274,69.57843,0.1976,1.935110304090712
5KPH_4_6_6_0_combined_id20,0.9632961750030518,4.227469444274902,93.47458333333331,0.79,4,6,94.79263888888887,0.5399631261825562,32.26274,69.57843,0.2121,1.8843184577094183
5KPH_4_6_6_0_combined_id21,0.7601190805435181,3.89681339263916,91.22069444444443,0.75,4,6,94.79263888888887,0.5399631261825562,32.26274,69.57843,0.192,2.214983198377821
5KPH_4_6_6_0_combined_id22,0.8494111895561218,3.258941411972046,91.46694444444444,0.76,4,6,94.79263888888887,0.5399631261825562,32.26274,69.57843,0.2272,2.128738191392687
5KPH_4_6_6_0_combined_id23,0.6251524090766907,3.920036554336548,93.87416666666668,0.79,4,6,94.79263888888887,0.5399631261825562,32.26274,69.57843,0.217,1.8008363511827257
5KPH_4_6_6_0_combined_id24,0.9306561946868896,3.6147351264953613,94.4613888888889,0.81,4,6,94.79263888888887,0.5399631261825562,32.26274,69.57843,0.2301,1.9900892045762804
5KPH_4_6_6_0_combined_id5,1.4847242832183838,3.794384717941284,93.38,0.8,4,6,94.79263888888887,0.5399631261825562,32.26274,69.57843,0.2018,2.32954830593533
5KPH_4_6_6_0_combined_id6,0.7428560256958008,4.007916450500488,89.52097222222223,0.73,4,6,94.79263888888887,0.5399631261825562,32.26274,69.57843,0.2233,1.951621373494466
5KPH_4_6_6_0_combined_id7,0.6225810050964355,3.956197738647461,96.45652777777778,0.83,4,6,94.79263888888887,0.5399631261825562,32.26274,69.57843,0.2189,1.981388515896268
5KPH_4_6_6_0_combined_id8,1.575337529182434,1.5357438325881958,89.1588888888889,0.72,4,6,94.79263888888887,0.5399631261825562,32.26274,69.57843,0.2059,2.0009672376844616
5KPH_4_6_7_0_combined_id1,2.2366156578063965,1.9277786016464233,89.7226388888889,0.7,4,6,93.42305555555556,0.7644648551940918,33.366425,70.17609,0.2369,1.857201046413845
5KPH_4_6_7_0_combined_id10,0.920730471611023,2.978984832763672,88.16444444444443,0.71,4,6,93.42305555555556,0.7644648551940918,33.366425,70.17609,0.2249,1.8666665818956163
5KPH_4_6_7_0_combined_id11,0.8694487810134888,4.320257663726807,94.34138888888889,0.8,4,6,93.42305555555556,0.7644648551940918,33.366425,70.17609,0.2133,1.8348897298177085
5KPH_4_6_7_0_combined_id13,1.8418467044830322,2.293590545654297,88.59763888888888,0.71,4,6,93.42305555555556,0.7644648551940918,33.366425,70.17609,0.2393,1.8980751037597656
5KPH_4_6_7_0_combined_id14,0.9123364090919495,3.6469497680664062,87.24902777777778,0.68,4,6,93.42305555555556,0.7644648551940918,33.366425,70.17609,0.1841,1.9869249131944444
5KPH_4_6_7_0_combined_id15,0.9148169755935669,4.177281379699707,91.09652777777778,0.74,4,6,93.42305555555556,0.7644648551940918,33.366425,70.17609,0.2186,1.98664304945204
5KPH_4_6_7_0_combined_id16,1.0847461223602295,2.1407413482666016,89.70138888888889,0.69,4,6,93.42305555555556,0.7644648551940918,33.366425,70.17609,0.2249,1.6774554782443576
5KPH_4_6_7_0_combined_id18,0.7361339926719666,3.78627872467041,91.3463888888889,0.73,4,6,93.42305555555556,0.7644648551940918,33.366425,70.17609,0.2002,1.8251688215467663
5KPH_4_6_7_0_combined_id19,0.7840357422828674,4.249966144561768,92.23958333333331,0.77,4,6,93.42305555555556,0.7644648551940918,33.366425,70.17609,0.2281,1.892247517903645
5KPH_4_6_7_0_combined_id2,0.9243205785751343,3.7316689491271973,87.88208333333334,0.7,4,6,93.42305555555556,0.7644648551940918,33.366425,70.17609,0.2371,1.966350343492296
5KPH_4_6_7_0_combined_id20,0.7127559781074524,4.243283748626709,93.43902777777777,0.77,4,6,93.42305555555556,0.7644648551940918,33.366425,70.17609,0.2123,1.8631193372938368
5KPH_4_6_7_0_combined_id21,0.8498255610466003,1.733473300933838,92.66305555555556,0.78,4,6,93.42305555555556,0.7644648551940918,33.366425,70.17609,0.2191,1.9380069308810763
5KPH_4_6_7_0_combined_id22,0.7911145687103271,3.964993953704834,92.59041666666668,0.77,4,6,93.42305555555556,0.7644648551940918,33.366425,70.17609,0.2124,1.813868204752604
5KPH_4_6_7_0_combined_id23,1.0289732217788696,4.122746467590332,90.06013888888889,0.67,4,6,93.42305555555556,0.7644648551940918,33.366425,70.17609,0.2278,1.7540787590874567
5KPH_4_6_7_0_combined_id24,0.8168367743492126,2.899948835372925,91.11236111111111,0.73,4,6,93.42305555555556,0.7644648551940918,33.366425,70.17609,0.216,1.9459203084309893
5KPH_4_6_7_0_combined_id3,0.8619260787963867,3.978705644607544,90.92930555555556,0.73,4,6,93.42305555555556,0.7644648551940918,33.366425,70.17609,0.2104,1.7928454081217449
5KPH_4_6_7_0_combined_id4,2.0457465648651123,2.2268829345703125,93.21208333333333,0.76,4,6,93.42305555555556,0.7644648551940918,33.366425,70.17609,0.2229,1.8167673746744792
5KPH_4_6_7_0_combined_id5,0.7798392176628113,4.045446872711182,91.30930555555555,0.74,4,6,93.42305555555556,0.7644648551940918,33.366425,70.17609,0.2175,1.834742228190104
5KPH_4_6_7_0_combined_id6,1.31462824344635,2.6902151107788086,93.15819444444443,0.77,4,6,93.42305555555556,0.7644648551940918,33.366425,70.17609,0.2078,1.9782566494411893
5KPH_4_6_7_0_combined_id7,0.8776723146438599,3.8387303352355957,90.40527777777778,0.76,4,6,93.42305555555556,0.7644648551940918,33.366425,70.17609,0.2215,1.9971110026041667
5KPH_4_6_7_0_combined_id8,0.7560911178588867,2.490751266479492,89.97791666666666,0.72,4,6,93.42305555555556,0.7644648551940918,33.366425,70.17609,0.2128,1.898348066541884
5KPH_4_6_7_0_combined_id9,0.8351154923439026,2.6894209384918213,87.78472222222223,0.66,4,6,93.42305555555556,0.7644648551940918,33.366425,70.17609,0.1961,1.8157437642415364
5KPH_4_6_8_0_combined_id10,0.8460142612457275,2.6381802558898926,92.16375,0.75,4,6,90.76375,0.7531397342681885,31.78957,67.43025,0.2228,1.751691818237305
5KPH_4_6_8_0_combined_id11,0.7739030718803406,3.2614123821258545,91.63763888888889,0.75,4,6,90.76375,0.7531397342681885,31.78957,67.43025,0.2226,1.6962469948662653
5KPH_4_6_8_0_combined_id12,0.6693704724311829,4.1210761070251465,94.55680555555556,0.8,4,6,90.76375,0.7531397342681885,31.78957,67.43025,0.1975,1.8140320248074
5KPH_4_6_8_0_combined_id13,0.639237105846405,3.9093360900878906,95.2611111111111,0.82,4,6,90.76375,0.7531397342681885,31.78957,67.43025,0.2216,2.1068142784966364
5KPH_4_6_8_0_combined_id14,0.8149263858795166,3.614983558654785,94.69583333333334,0.79,4,6,90.76375,0.7531397342681885,31.78957,67.43025,0.2108,1.7566808064778645
5KPH_4_6_8_0_combined_id15,0.6413284540176392,2.013780355453491,92.93347222222224,0.78,4,6,90.76375,0.7531397342681885,31.78957,67.43025,0.1841,2.0715677473280163
5KPH_4_6_8_0_combined_id16,0.881295382976532,2.8056113719940186,89.57125,0.72,4,6,90.76375,0.7531397342681885,31.78957,67.43025,0.242,1.7268043094211154
5KPH_4_6_8_0_combined_id17,0.6086114645004272,4.156412601470947,95.28680555555556,0.82,4,6,90.76375,0.7531397342681885,31.78957,67.43025,0.1954,1.9069603814019096
5KPH_4_6_8_0_combined_id18,0.860873281955719,2.38576602935791,88.65041666666667,0.72,4,6,90.76375,0.7531397342681885,31.78957,67.43025,0.2398,1.8669408162434893
5KPH_4_6_8_0_combined_id19,2.126122236251831,2.377166509628296,92.0676388888889,0.73,4,6,90.76375,0.7531397342681885,31.78957,67.43025,0.2122,1.9460995992024737
5KPH_4_6_8_0_combined_id2,0.7214235067367554,4.119563579559326,95.54263888888887,0.82,4,6,90.76375,0.7531397342681885,31.78957,67.43025,0.2102,2.082698186238607
5KPH_4_6_8_0_combined_id20,0.7159676551818848,4.046391487121582,93.00805555555556,0.77,4,6,90.76375,0.7531397342681885,31.78957,67.43025,0.2139,1.6741534339057074
5KPH_4_6_8_0_combined_id21,1.6720740795135498,2.358877420425415,94.57875,0.79,4,6,90.76375,0.7531397342681885,31.78957,67.43025,0.2125,1.9319612714979384
5KPH_4_6_8_0_combined_id22,2.1715970039367676,2.00652813911438,88.91763888888889,0.69,4,6,90.76375,0.7531397342681885,31.78957,67.43025,0.1746,1.9471685621473525
5KPH_4_6_8_0_combined_id23,0.6932343244552612,4.0502777099609375,92.51347222222222,0.77,4,6,90.76375,0.7531397342681885,31.78957,67.43025,0.2039,1.667148060268826
5KPH_4_6_8_0_combined_id24,0.6440712213516235,4.157046794891357,95.08597222222222,0.81,4,6,90.76375,0.7531397342681885,31.78957,67.43025,0.2108,1.816580454508464
5KPH_4_6_8_0_combined_id3,0.6717602610588074,3.3387317657470703,93.16972222222222,0.79,4,6,90.76375,0.7531397342681885,31.78957,67.43025,0.2061,2.0860911475287542
5KPH_4_6_8_0_combined_id4,0.7361421585083008,2.4998819828033447,91.41888888888889,0.74,4,6,90.76375,0.7531397342681885,31.78957,67.43025,0.2078,1.6952035692003038
5KPH_4_6_8_0_combined_id5,1.1498383283615112,2.625047445297241,90.35180555555556,0.74,4,6,90.76375,0.7531397342681885,31.78957,67.43025,0.1972,2.0373352898491754
5KPH_4_6_8_0_combined_id6,0.9550359845161438,3.350192070007324,93.05763888888887,0.77,4,6,90.76375,0.7531397342681885,31.78957,67.43025,0.2246,1.7862667507595489
5KPH_4_6_8_0_combined_id7,2.0496528148651123,2.21474552154541,89.74527777777777,0.71,4,6,90.76375,0.7531397342681885,31.78957,67.43025,0.2165,1.8680343627929688
5KPH_4_6_8_0_combined_id8,0.8426209688186646,3.0742130279541016,92.56833333333331,0.75,4,6,90.76375,0.7531397342681885,31.78957,67.43025,0.2202,1.761916266547309
5KPH_4_6_8_0_combined_id9,0.7707081437110901,3.744525671005249,89.7826388888889,0.71,4,6,90.76375,0.7531397342681885,31.78957,67.43025,0.188,1.9967799716525607
5KPH_4_6_9_0_combined_id1,1.3582807779312134,2.5136115550994873,85.55805555555554,0.62,4,6,92.04666666666668,0.9984837174415588,33.094845,70.57765,0.1757,1.919740464952257
5KPH_4_6_9_0_combined_id11,0.7324671745300293,3.6931023597717285,94.39958333333333,0.81,4,6,92.04666666666668,0.9984837174415588,33.094845,70.57765,0.183,2.280216217041016
5KPH_4_6_9_0_combined_id12,0.7060151100158691,3.911186933517456,92.15458333333332,0.75,4,6,92.04666666666668,0.9984837174415588,33.094845,70.57765,0.1893,2.078819062974718
5KPH_4_6_9_0_combined_id13,0.6516506671905518,3.93328857421875,94.87958333333331,0.81,4,6,92.04666666666668,0.9984837174415588,33.094845,70.57765,0.203,1.977364010281033
5KPH_4_6_9_0_combined_id14,0.7591394186019897,3.9360318183898926,92.93583333333332,0.77,4,6,92.04666666666668,0.9984837174415588,33.094845,70.57765,0.2041,1.8899226718478728
5KPH_4_6_9_0_combined_id15,0.8038818836212158,3.150700569152832,88.66069444444445,0.69,4,6,92.04666666666668,0.9984837174415588,33.094845,70.57765,0.1936,1.9372088114420567
5KPH_4_6_9_0_combined_id16,0.9215382933616638,3.3441953659057617,92.3034722222222,0.76,4,6,92.04666666666668,0.9984837174415588,33.094845,70.57765,0.1884,2.0571151309543185
5KPH_4_6_9_0_combined_id17,0.9365246295928955,2.4848270416259766,91.555,0.75,4,6,92.04666666666668,0.9984837174415588,33.094845,70.57765,0.2269,2.0356761084662542
5KPH_4_6_9_0_combined_id18,2.147688627243042,1.719285249710083,86.90972222222223,0.67,4,6,92.04666666666668,0.9984837174415588,33.094845,70.57765,0.2047,2.1954277886284723
5KPH_4_6_9_0_combined_id19,0.7241218686103821,3.159864902496338,92.21472222222222,0.76,4,6,92.04666666666668,0.9984837174415588,33.094845,70.57765,0.1947,2.0367228190104165
5KPH_4_6_9_0_combined_id2,0.7377110123634338,3.844102382659912,90.74541666666669,0.74,4,6,92.04666666666668,0.9984837174415588,33.094845,70.57765,0.1991,1.865537855360243
5KPH_4_6_9_0_combined_id20,0.9912991523742676,3.3715171813964844,91.9925,0.77,4,6,92.04666666666668,0.9984837174415588,33.094845,70.57765,0.2189,2.1627320183648004
5KPH_4_6_9_0_combined_id21,0.7572495937347412,3.175567388534546,92.2988888888889,0.76,4,6,92.04666666666668,0.9984837174415588,33.094845,70.57765,0.2057,2.026058832804362
5KPH_4_6_9_0_combined_id22,2.0160577297210693,2.000704765319824,89.4226388888889,0.71,4,6,92.04666666666668,0.9984837174415588,33.094845,70.57765,0.212,1.7441707187228732
5KPH_4_6_9_0_combined_id23,0.7575821280479431,3.6957104206085205,92.1475,0.76,4,6,92.04666666666668,0.9984837174415588,33.094845,70.57765,0.2083,1.929796642727322
5KPH_4_6_9_0_combined_id24,0.6966224908828735,3.5705127716064453,94.2538888888889,0.78,4,6,92.04666666666668,0.9984837174415588,33.094845,70.57765,0.1891,2.035900115966797
5KPH_4_6_9_0_combined_id3,0.6463344693183899,3.998814105987549,94.82194444444444,0.81,4,6,92.04666666666668,0.9984837174415588,33.094845,70.57765,0.1914,2.029724544949002
5KPH_4_6_9_0_combined_id4,2.2647581100463867,1.8104206323623657,89.68847222222222,0.71,4,6,92.04666666666668,0.9984837174415588,33.094845,70.57765,0.217,1.9968318939208984
5KPH_4_6_9_0_combined_id5,0.7505980134010315,1.9720104932785034,94.17916666666666,0.79,4,6,92.04666666666668,0.9984837174415588,33.094845,70.57765,0.2063,1.8334795633951824
5KPH_4_6_9_0_combined_id6,1.7859649658203125,1.80663001537323,85.61541666666666,0.68,4,6,92.04666666666668,0.9984837174415588,33.094845,70.57765,0.2143,1.9329308403862848
5KPH_4_6_9_0_combined_id7,0.7973986268043518,2.1013081073760986,89.40569444444445,0.73,4,6,92.04666666666668,0.9984837174415588,33.094845,70.57765,0.2332,1.9957169426812067
5KPH_4_6_9_0_combined_id8,0.8301353454589844,4.003098011016846,94.50111111111111,0.8,4,6,92.04666666666668,0.9984837174415588,33.094845,70.57765,0.2063,2.0695987277560763
5KPH_4_6_9_0_combined_id9,0.8432249426841736,3.3180716037750244,89.16416666666666,0.69,4,6,92.04666666666668,0.9984837174415588,33.094845,70.57765,0.1971,1.8699900309244792
5KPH_4_8_0_0_combined_id1,0.5636088252067566,4.097000598907471,95.11777777777776,0.82,4,8,94.25180555555556,0.6593825221061707,33.723526,69.16437,0.2228,2.0632381439208984
5KPH_4_8_0_0_combined_id10,0.8697693943977356,4.192753314971924,94.99375,0.81,4,8,94.25180555555556,0.6593825221061707,33.723526,69.16437,0.1931,1.901412116156684
5KPH_4_8_0_0_combined_id11,0.7698829770088196,4.0247602462768555,94.55861111111112,0.81,4,8,94.25180555555556,0.6593825221061707,33.723526,69.16437,0.1991,1.8524824778238933
5KPH_4_8_0_0_combined_id12,0.835377037525177,2.3256161212921143,92.44944444444444,0.77,4,8,94.25180555555556,0.6593825221061707,33.723526,69.16437,0.2144,1.8204277886284723
5KPH_4_8_0_0_combined_id13,0.7841641306877136,4.012657642364502,89.62472222222222,0.75,4,8,94.25180555555556,0.6593825221061707,33.723526,69.16437,0.2161,1.97969224717882
5KPH_4_8_0_0_combined_id14,0.8620007634162903,3.6754939556121826,91.0051388888889,0.76,4,8,94.25180555555556,0.6593825221061707,33.723526,69.16437,0.2078,2.0667911105685763
5KPH_4_8_0_0_combined_id15,0.8720028400421143,3.9965102672576904,91.55291666666666,0.72,4,8,94.25180555555556,0.6593825221061707,33.723526,69.16437,0.2209,1.657599025302463
5KPH_4_8_0_0_combined_id16,0.7837653160095215,4.148728370666504,92.20625,0.77,4,8,94.25180555555556,0.6593825221061707,33.723526,69.16437,0.2134,1.8427734375
5KPH_4_8_0_0_combined_id17,0.7585954070091248,4.007582187652588,93.55,0.79,4,8,94.25180555555556,0.6593825221061707,33.723526,69.16437,0.2251,1.6747798919677734
5KPH_4_8_0_0_combined_id18,0.8963268399238586,4.384792327880859,96.22972222222222,0.82,4,8,94.25180555555556,0.6593825221061707,33.723526,69.16437,0.2068,1.935294681125217
5KPH_4_8_0_0_combined_id2,0.8629010319709778,2.4938158988952637,90.29222222222222,0.72,4,8,94.25180555555556,0.6593825221061707,33.723526,69.16437,0.2049,1.9273963504367404
5KPH_4_8_0_0_combined_id20,0.5542030930519104,4.0069451332092285,95.5001388888889,0.83,4,8,94.25180555555556,0.6593825221061707,33.723526,69.16437,0.2326,1.910047743055556
5KPH_4_8_0_0_combined_id21,0.6414048671722412,4.203362941741943,96.28041666666668,0.84,4,8,94.25180555555556,0.6593825221061707,33.723526,69.16437,0.1966,2.000595304701063
5KPH_4_8_0_0_combined_id22,0.6169112324714661,4.077944278717041,95.12263888888889,0.81,4,8,94.25180555555556,0.6593825221061707,33.723526,69.16437,0.2026,1.9575968848334413
5KPH_4_8_0_0_combined_id23,0.7783360481262207,3.5563530921936035,93.32166666666666,0.78,4,8,94.25180555555556,0.6593825221061707,33.723526,69.16437,0.1833,1.8255670335557723
5KPH_4_8_0_0_combined_id24,1.025901436805725,3.2197651863098145,89.56430555555556,0.72,4,8,94.25180555555556,0.6593825221061707,33.723526,69.16437,0.2209,1.9573063320583768
5KPH_4_8_0_0_combined_id4,0.9849421381950378,3.8462889194488525,89.27666666666667,0.7,4,8,94.25180555555556,0.6593825221061707,33.723526,69.16437,0.203,1.7807833353678386
5KPH_4_8_0_0_combined_id5,0.9508900046348572,4.476836204528809,95.88472222222222,0.82,4,8,94.25180555555556,0.6593825221061707,33.723526,69.16437,0.2125,1.784239027235243
5KPH_4_8_0_0_combined_id6,0.7730500102043152,3.9011104106903076,91.63791666666668,0.73,4,8,94.25180555555556,0.6593825221061707,33.723526,69.16437,0.193,1.8615389929877384
5KPH_4_8_0_0_combined_id7,0.6628431677818298,3.9918179512023926,94.56722222222224,0.8,4,8,94.25180555555556,0.6593825221061707,33.723526,69.16437,0.1744,1.9288775126139324
5KPH_4_8_0_0_combined_id9,1.1402587890625,2.328958511352539,92.10319444444444,0.76,4,8,94.25180555555556,0.6593825221061707,33.723526,69.16437,0.2214,1.7337980270385742
5KPH_4_8_2_0_combined_id1,0.5266660451889038,4.001201629638672,95.35,0.82,4,8,92.09277777777778,0.6488852500915527,32.31449,70.71971,0.2005,2.356467776828342
5KPH_4_8_2_0_combined_id10,0.7161670327186584,3.9807748794555664,92.4361111111111,0.77,4,8,92.09277777777778,0.6488852500915527,32.31449,70.71971,0.187,1.958035363091363
5KPH_4_8_2_0_combined_id11,0.7160516381263733,4.15382194519043,92.16597222222224,0.75,4,8,92.09277777777778,0.6488852500915527,32.31449,70.71971,0.2134,1.74255190955268
5KPH_4_8_2_0_combined_id12,0.5585295557975769,4.241372585296631,95.72055555555556,0.81,4,8,92.09277777777778,0.6488852500915527,32.31449,70.71971,0.2043,2.2636693318684897
5KPH_4_8_2_0_combined_id14,0.7943152785301208,4.295872211456299,95.4101388888889,0.82,4,8,92.09277777777778,0.6488852500915527,32.31449,70.71971,0.1906,1.986679289076064
5KPH_4_8_2_0_combined_id15,0.8945342898368835,3.2447993755340576,91.16805555555555,0.71,4,8,92.09277777777778,0.6488852500915527,32.31449,70.71971,0.1916,1.7327514224582248
5KPH_4_8_2_0_combined_id16,0.8117325305938721,4.247105598449707,90.52208333333334,0.72,4,8,92.09277777777778,0.6488852500915527,32.31449,70.71971,0.2052,1.8182315826416016
5KPH_4_8_2_0_combined_id17,0.6580108404159546,4.099918842315674,94.74430555555556,0.82,4,8,92.09277777777778,0.6488852500915527,32.31449,70.71971,0.1806,2.120992236667209
5KPH_4_8_2_0_combined_id18,0.8168604373931885,4.319980621337891,95.96791666666668,0.83,4,8,92.09277777777778,0.6488852500915527,32.31449,70.71971,0.1858,2.0049561394585504
5KPH_4_8_2_0_combined_id19,0.6308698654174805,4.188380241394043,94.24138888888888,0.81,4,8,92.09277777777778,0.6488852500915527,32.31449,70.71971,0.1834,2.217065175374349
5KPH_4_8_2_0_combined_id2,0.7615681290626526,4.366415500640869,92.82708333333332,0.77,4,8,92.09277777777778,0.6488852500915527,32.31449,70.71971,0.2002,1.7791124979654949
5KPH_4_8_2_0_combined_id20,0.776400625705719,4.08415412902832,92.81013888888889,0.77,4,8,92.09277777777778,0.6488852500915527,32.31449,70.71971,0.2094,1.7777218288845489
5KPH_4_8_2_0_combined_id21,0.6579059958457947,3.1031038761138916,94.91888888888889,0.8,4,8,92.09277777777778,0.6488852500915527,32.31449,70.71971,0.1913,2.057344436645508
5KPH_4_8_2_0_combined_id23,0.6784470081329346,3.7676944732666016,90.2276388888889,0.74,4,8,92.09277777777778,0.6488852500915527,32.31449,70.71971,0.2044,1.95835452609592
5KPH_4_8_2_0_combined_id24,0.7048312425613403,3.7967188358306885,92.61902777777776,0.75,4,8,92.09277777777778,0.6488852500915527,32.31449,70.71971,0.2097,2.159744474622938
5KPH_4_8_2_0_combined_id3,0.6711232662200928,4.208120346069336,94.76208333333332,0.8,4,8,92.09277777777778,0.6488852500915527,32.31449,70.71971,0.2057,1.828869925604926
5KPH_4_8_2_0_combined_id4,0.5371245741844177,3.974249839782715,92.92708333333331,0.77,4,8,92.09277777777778,0.6488852500915527,32.31449,70.71971,0.2019,1.975598653157552
5KPH_4_8_2_0_combined_id5,0.7283065319061279,4.190188407897949,91.71444444444444,0.75,4,8,92.09277777777778,0.6488852500915527,32.31449,70.71971,0.1994,1.7985191345214844
5KPH_4_8_2_0_combined_id6,0.8126174211502075,4.280686378479004,95.40875,0.82,4,8,92.09277777777778,0.6488852500915527,32.31449,70.71971,0.2041,1.83074951171875
5KPH_4_8_2_0_combined_id7,0.4937834143638611,4.060433387756348,95.95208333333332,0.82,4,8,92.09277777777778,0.6488852500915527,32.31449,70.71971,0.2015,2.023408042060004
5KPH_4_8_2_0_combined_id8,0.8681434392929077,2.393808364868164,87.40055555555556,0.65,4,8,92.09277777777778,0.6488852500915527,32.31449,70.71971,0.1948,1.8418560028076167
5KPH_4_8_3_0_combined_id10,0.8368509411811829,2.8218750953674316,90.22333333333331,0.72,4,8,94.90861111111111,0.5534296035766602,31.712654,71.337776,0.1945,1.9160881042480469
5KPH_4_8_3_0_combined_id12,0.6289086937904358,3.923121690750122,92.42194444444443,0.77,4,8,94.90861111111111,0.5534296035766602,31.712654,71.337776,0.1829,2.0613072713216147
5KPH_4_8_3_0_combined_id13,0.6679061651229858,3.8118185997009277,91.74472222222222,0.77,4,8,94.90861111111111,0.5534296035766602,31.712654,71.337776,0.2203,1.8763275146484373
5KPH_4_8_3_0_combined_id14,0.6042789220809937,4.035886764526367,94.2063888888889,0.8,4,8,94.90861111111111,0.5534296035766602,31.712654,71.337776,0.1862,2.3761073218451605
5KPH_4_8_3_0_combined_id16,0.7529930472373962,3.672523021697998,92.28291666666668,0.78,4,8,94.90861111111111,0.5534296035766602,31.712654,71.337776,0.2083,1.8925175136990016
5KPH_4_8_3_0_combined_id17,0.5196760892868042,4.116623401641846,92.21972222222222,0.77,4,8,94.90861111111111,0.5534296035766602,31.712654,71.337776,0.2012,1.9942044152153864
5KPH_4_8_3_0_combined_id18,0.7388007640838623,4.317219257354736,92.4759722222222,0.77,4,8,94.90861111111111,0.5534296035766602,31.712654,71.337776,0.1994,1.890968746609158
5KPH_4_8_3_0_combined_id19,2.653257369995117,3.2449958324432373,87.69416666666666,0.65,4,8,94.90861111111111,0.5534296035766602,31.712654,71.337776,0.1976,1.825691646999783
5KPH_4_8_3_0_combined_id2,0.6604723930358887,4.115685939788818,92.94444444444444,0.77,4,8,94.90861111111111,0.5534296035766602,31.712654,71.337776,0.2177,1.909006754557292
5KPH_4_8_3_0_combined_id20,0.7941270470619202,4.064665794372559,93.32361111111112,0.77,4,8,94.90861111111111,0.5534296035766602,31.712654,71.337776,0.1966,2.010040707058377
5KPH_4_8_3_0_combined_id21,0.5950559973716736,3.7090418338775635,93.99208333333334,0.81,4,8,94.90861111111111,0.5534296035766602,31.712654,71.337776,0.1931,2.167597876654731
5KPH_4_8_3_0_combined_id22,0.6477816700935364,4.134234428405762,92.03680555555556,0.76,4,8,94.90861111111111,0.5534296035766602,31.712654,71.337776,0.2136,1.7670789294772675
5KPH_4_8_3_0_combined_id23,0.8477354049682617,2.2098445892333984,95.07986111111111,0.8,4,8,94.90861111111111,0.5534296035766602,31.712654,71.337776,0.1984,1.905914094712999
5KPH_4_8_3_0_combined_id24,0.828843355178833,4.367777347564697,91.72402777777778,0.75,4,8,94.90861111111111,0.5534296035766602,31.712654,71.337776,0.2199,1.93959469265408
5KPH_4_8_3_0_combined_id3,0.7176746726036072,4.227499961853027,94.85305555555556,0.81,4,8,94.90861111111111,0.5534296035766602,31.712654,71.337776,0.2093,1.7700712415907118
5KPH_4_8_3_0_combined_id4,0.7028418779373169,3.7754452228546143,95.80208333333331,0.82,4,8,94.90861111111111,0.5534296035766602,31.712654,71.337776,0.2125,1.8924280802408853
5KPH_4_8_3_0_combined_id5,0.7543131709098816,3.4418704509735107,92.05347222222224,0.75,4,8,94.90861111111111,0.5534296035766602,31.712654,71.337776,0.1964,1.9266696506076388
5KPH_4_8_3_0_combined_id7,0.7212686538696289,2.145092487335205,91.7363888888889,0.75,4,8,94.90861111111111,0.5534296035766602,31.712654,71.337776,0.1806,1.9272827572292752
5KPH_4_8_3_0_combined_id8,0.8598194718360901,3.057142496109009,92.11791666666666,0.76,4,8,94.90861111111111,0.5534296035766602,31.712654,71.337776,0.2298,1.90153079562717
5KPH_4_8_3_0_combined_id9,0.676345705986023,4.222607135772705,93.89666666666666,0.79,4,8,94.90861111111111,0.5534296035766602,31.712654,71.337776,0.1867,1.9509800804985893
5KPH_4_8_4_0_combined_id1,1.4557740688323975,2.0570363998413086,86.62666666666667,0.68,4,8,92.63805555555555,0.5941203832626343,32.350582,70.04634,0.2009,1.8859693739149304
5KPH_4_8_4_0_combined_id10,0.6730755567550659,3.330888509750366,91.2286111111111,0.75,4,8,92.63805555555555,0.5941203832626343,32.350582,70.04634,0.2028,2.0278498331705728
5KPH_4_8_4_0_combined_id11,0.8118637800216675,1.7806817293167114,92.48,0.77,4,8,92.63805555555555,0.5941203832626343,32.350582,70.04634,0.2057,2.0870238410102
5KPH_4_8_4_0_combined_id12,0.6923766732215881,3.997194766998291,94.97763888888888,0.81,4,8,92.63805555555555,0.5941203832626343,32.350582,70.04634,0.192,2.012452655368381
5KPH_4_8_4_0_combined_id13,0.8621900081634521,2.377732753753662,89.27569444444445,0.71,4,8,92.63805555555555,0.5941203832626343,32.350582,70.04634,0.1906,1.682011392381456
5KPH_4_8_4_0_combined_id14,0.686065137386322,3.7227742671966553,94.36152777777778,0.79,4,8,92.63805555555555,0.5941203832626343,32.350582,70.04634,0.1972,1.6900358200073242
5KPH_4_8_4_0_combined_id15,1.3963623046875,2.48988938331604,92.61902777777776,0.75,4,8,92.63805555555555,0.5941203832626343,32.350582,70.04634,0.1975,1.969733344184028
5KPH_4_8_4_0_combined_id16,0.7108784914016724,4.025881290435791,92.54208333333334,0.74,4,8,92.63805555555555,0.5941203832626343,32.350582,70.04634,0.1886,1.7628498077392578
5KPH_4_8_4_0_combined_id18,0.72809898853302,2.9726409912109375,91.34722222222224,0.74,4,8,92.63805555555555,0.5941203832626343,32.350582,70.04634,0.205,1.8998665279812283
5KPH_4_8_4_0_combined_id19,1.0062553882598877,1.9326956272125244,88.15875,0.7,4,8,92.63805555555555,0.5941203832626343,32.350582,70.04634,0.2302,2.100144704182943
5KPH_4_8_4_0_combined_id2,0.6819891929626465,3.676284074783325,94.13277777777778,0.79,4,8,92.63805555555555,0.5941203832626343,32.350582,70.04634,0.1999,1.8216306898329
5KPH_4_8_4_0_combined_id20,0.7167519330978394,3.7662160396575928,94.29541666666668,0.81,4,8,92.63805555555555,0.5941203832626343,32.350582,70.04634,0.1904,1.852507697211372
5KPH_4_8_4_0_combined_id21,0.9408242106437683,3.550136089324951,85.9361111111111,0.65,4,8,92.63805555555555,0.5941203832626343,32.350582,70.04634,0.1917,1.829538345336914
5KPH_4_8_4_0_combined_id22,1.1829862594604492,2.336484670639038,86.51916666666665,0.66,4,8,92.63805555555555,0.5941203832626343,32.350582,70.04634,0.202,1.8913790384928384
5KPH_4_8_4_0_combined_id23,1.0690667629241943,2.3562099933624268,86.09208333333332,0.68,4,8,92.63805555555555,0.5941203832626343,32.350582,70.04634,0.1936,1.8624180687798395
5KPH_4_8_4_0_combined_id24,2.2446675300598145,2.0019490718841553,90.42708333333331,0.73,4,8,92.63805555555555,0.5941203832626343,32.350582,70.04634,0.2093,1.947789510091145
5KPH_4_8_4_0_combined_id3,0.8000213503837585,3.5698513984680176,90.6684722222222,0.71,4,8,92.63805555555555,0.5941203832626343,32.350582,70.04634,0.2027,1.7914505004882812
5KPH_4_8_4_0_combined_id6,0.974936842918396,2.447774887084961,85.90208333333332,0.66,4,8,92.63805555555555,0.5941203832626343,32.350582,70.04634,0.1859,1.732892566257053
5KPH_4_8_4_0_combined_id7,0.9900566935539246,2.2075841426849365,85.71875,0.68,4,8,92.63805555555555,0.5941203832626343,32.350582,70.04634,0.2167,2.108673519558377
5KPH_4_8_4_0_combined_id8,0.8373793959617615,2.0404374599456787,92.22583333333334,0.75,4,8,92.63805555555555,0.5941203832626343,32.350582,70.04634,0.202,1.758130709330241
5KPH_4_8_4_0_combined_id9,0.6643480658531189,3.9021966457366943,92.99152777777778,0.77,4,8,92.63805555555555,0.5941203832626343,32.350582,70.04634,0.204,1.9575606452094183
5KPH_4_8_5_0_combined_id1,0.7936626672744751,4.018970966339111,91.8515277777778,0.76,4,8,94.30305555555556,0.673549234867096,32.43945,70.69413,0.2032,1.6923486921522353
5KPH_4_8_5_0_combined_id10,0.7528864741325378,3.959690809249878,89.71708333333332,0.71,4,8,94.30305555555556,0.673549234867096,32.43945,70.69413,0.2042,1.877174801296658
5KPH_4_8_5_0_combined_id11,0.638396680355072,4.04502010345459,94.4011111111111,0.79,4,8,94.30305555555556,0.673549234867096,32.43945,70.69413,0.2084,2.089908175998264
5KPH_4_8_5_0_combined_id13,0.6905180215835571,2.126948118209839,91.9275,0.74,4,8,94.30305555555556,0.673549234867096,32.43945,70.69413,0.2015,1.8699256049262152
5KPH_4_8_5_0_combined_id14,0.7673079967498779,3.896639585494995,93.95847222222224,0.78,4,8,94.30305555555556,0.673549234867096,32.43945,70.69413,0.2175,1.772757848103841
5KPH_4_8_5_0_combined_id15,0.9948894381523132,4.247865200042725,89.16458333333334,0.69,4,8,94.30305555555556,0.673549234867096,32.43945,70.69413,0.2031,1.88063833448622
5KPH_4_8_5_0_combined_id16,1.119670033454895,1.9422777891159058,94.41041666666666,0.77,4,8,94.30305555555556,0.673549234867096,32.43945,70.69413,0.1983,2.001561482747396
5KPH_4_8_5_0_combined_id17,0.604835033416748,3.9063098430633545,95.31819444444444,0.81,4,8,94.30305555555556,0.673549234867096,32.43945,70.69413,0.2153,2.21786371866862
5KPH_4_8_5_0_combined_id18,1.0005613565444946,3.2289726734161377,89.20263888888888,0.69,4,8,94.30305555555556,0.673549234867096,32.43945,70.69413,0.2076,1.8089978959825304
5KPH_4_8_5_0_combined_id19,0.7262436151504517,4.1610846519470215,93.4973611111111,0.79,4,8,94.30305555555556,0.673549234867096,32.43945,70.69413,0.2178,2.0747032165527344
5KPH_4_8_5_0_combined_id2,0.9057412147521973,2.652583360671997,91.40833333333332,0.7,4,8,94.30305555555556,0.673549234867096,32.43945,70.69413,0.2247,1.998206032647027
5KPH_4_8_5_0_combined_id20,0.9558354616165161,4.305041790008545,90.01222222222223,0.68,4,8,94.30305555555556,0.673549234867096,32.43945,70.69413,0.2123,1.794665230645074
5KPH_4_8_5_0_combined_id21,0.8194306492805481,2.84106707572937,95.07472222222222,0.8,4,8,94.30305555555556,0.673549234867096,32.43945,70.69413,0.1966,2.1581874423556857
5KPH_4_8_5_0_combined_id22,0.6864582896232605,2.685581922531128,92.50472222222224,0.76,4,8,94.30305555555556,0.673549234867096,32.43945,70.69413,0.1993,1.9142307705349395
5KPH_4_8_5_0_combined_id24,0.8864569664001465,3.1085457801818848,90.60555555555555,0.69,4,8,94.30305555555556,0.673549234867096,32.43945,70.69413,0.2175,1.7428647147284613
5KPH_4_8_5_0_combined_id4,1.4187798500061035,1.9728443622589111,92.30305555555556,0.74,4,8,94.30305555555556,0.673549234867096,32.43945,70.69413,0.2258,2.108491049872504
5KPH_4_8_5_0_combined_id5,1.1948517560958862,2.4885623455047607,87.78222222222222,0.67,4,8,94.30305555555556,0.673549234867096,32.43945,70.69413,0.2332,1.991321987575955
5KPH_4_8_5_0_combined_id6,0.7923027873039246,2.6300597190856934,90.19902777777776,0.71,4,8,94.30305555555556,0.673549234867096,32.43945,70.69413,0.2096,1.811269336276584
5KPH_4_8_5_0_combined_id7,0.6831167936325073,4.031834125518799,95.16111111111113,0.82,4,8,94.30305555555556,0.673549234867096,32.43945,70.69413,0.2134,2.200639936659071
5KPH_4_8_5_0_combined_id8,1.513989806175232,1.9140793085098267,92.38291666666666,0.76,4,8,94.30305555555556,0.673549234867096,32.43945,70.69413,0.2046,1.874901877509223
5KPH_4_8_5_0_combined_id9,0.8309598565101624,2.5979597568511963,87.54791666666668,0.7,4,8,94.30305555555556,0.673549234867096,32.43945,70.69413,0.2057,1.900384691026476
5KPH_4_8_6_0_combined_id1,0.6669492125511169,4.214742660522461,95.93777777777778,0.82,4,8,92.39555555555556,0.720827043056488,33.320225,71.20774,0.2112,1.9262716505262587
5KPH_4_8_6_0_combined_id10,0.913425624370575,3.637626886367798,89.20847222222223,0.67,4,8,92.39555555555556,0.720827043056488,33.320225,71.20774,0.2331,1.6887154049343531
5KPH_4_8_6_0_combined_id13,0.6824872493743896,4.092278003692627,95.61013888888888,0.82,4,8,92.39555555555556,0.720827043056488,33.320225,71.20774,0.2206,1.8397176530626085
5KPH_4_8_6_0_combined_id14,0.9330681562423706,3.794039249420166,89.09652777777777,0.71,4,8,92.39555555555556,0.720827043056488,33.320225,71.20774,0.2041,1.886770884195964
5KPH_4_8_6_0_combined_id15,0.6366410255432129,4.197137355804443,92.62416666666668,0.77,4,8,92.39555555555556,0.720827043056488,33.320225,71.20774,0.2189,2.124919891357422
5KPH_4_8_6_0_combined_id16,0.8990416526794434,3.6472408771514893,88.7786111111111,0.71,4,8,92.39555555555556,0.720827043056488,33.320225,71.20774,0.2421,1.8255352444118924
5KPH_4_8_6_0_combined_id17,0.6458780765533447,4.009923934936523,95.62277777777778,0.82,4,8,92.39555555555556,0.720827043056488,33.320225,71.20774,0.2187,1.9088473849826388
5KPH_4_8_6_0_combined_id18,1.2411478757858276,3.074842929840088,86.47888888888889,0.68,4,8,92.39555555555556,0.720827043056488,33.320225,71.20774,0.1955,1.870869530571832
5KPH_4_8_6_0_combined_id19,0.8576812148094177,3.3597545623779297,91.23111111111112,0.75,4,8,92.39555555555556,0.720827043056488,33.320225,71.20774,0.2085,1.8055769602457683
5KPH_4_8_6_0_combined_id2,0.7436954975128174,2.356044054031372,90.50847222222222,0.72,4,8,92.39555555555556,0.720827043056488,33.320225,71.20774,0.1945,1.916119469536676
5KPH_4_8_6_0_combined_id20,1.0101925134658813,4.012892723083496,87.73180555555555,0.66,4,8,92.39555555555556,0.720827043056488,33.320225,71.20774,0.2121,1.7958842383490667
5KPH_4_8_6_0_combined_id21,1.10057532787323,4.099174976348877,86.50916666666666,0.69,4,8,92.39555555555556,0.720827043056488,33.320225,71.20774,0.2124,1.8939942253960504
5KPH_4_8_6_0_combined_id22,0.8830598592758179,2.02301287651062,92.71277777777776,0.77,4,8,92.39555555555556,0.720827043056488,33.320225,71.20774,0.2196,1.7877095540364585
5KPH_4_8_6_0_combined_id23,1.134735345840454,3.80478572845459,87.56972222222223,0.68,4,8,92.39555555555556,0.720827043056488,33.320225,71.20774,0.1944,1.8398416307237413
5KPH_4_8_6_0_combined_id24,0.7082785964012146,4.154783248901367,92.6001388888889,0.76,4,8,92.39555555555556,0.720827043056488,33.320225,71.20774,0.2157,1.8518486022949217
5KPH_4_8_6_0_combined_id3,1.0520095825195312,2.6673717498779297,87.03152777777778,0.69,4,8,92.39555555555556,0.720827043056488,33.320225,71.20774,0.2299,1.939190758599176
5KPH_4_8_6_0_combined_id4,0.6567200422286987,4.262720584869385,95.65986111111113,0.82,4,8,92.39555555555556,0.720827043056488,33.320225,71.20774,0.2229,1.8760380215115016
5KPH_4_8_6_0_combined_id5,0.8198522329330444,3.9170446395874023,90.68916666666668,0.74,4,8,92.39555555555556,0.720827043056488,33.320225,71.20774,0.2049,1.8612776862250435
5KPH_4_8_6_0_combined_id6,0.8379749655723572,3.681276798248291,90.29138888888887,0.74,4,8,92.39555555555556,0.720827043056488,33.320225,71.20774,0.2151,1.934237586127387
5KPH_4_8_6_0_combined_id7,0.6807020306587219,4.083456516265869,91.45847222222224,0.76,4,8,92.39555555555556,0.720827043056488,33.320225,71.20774,0.1991,1.897679646809896
5KPH_4_8_6_0_combined_id8,0.7417905330657959,2.1595635414123535,90.47277777777776,0.73,4,8,92.39555555555556,0.720827043056488,33.320225,71.20774,0.202,2.0456534491644964
5KPH_4_8_6_0_combined_id9,1.0775763988494873,2.944209098815918,87.86583333333334,0.69,4,8,92.39555555555556,0.720827043056488,33.320225,71.20774,0.2237,1.9406799740261504
5KPH_4_8_7_0_combined_id11,0.5545442700386047,3.8816354274749756,94.55930555555555,0.8,4,8,92.36236111111111,0.6687294840812683,31.41913,70.87946,0.2475,1.7839168972439237
5KPH_4_8_7_0_combined_id12,1.0901389122009277,3.5676987171173096,91.36444444444444,0.76,4,8,92.36236111111111,0.6687294840812683,31.41913,70.87946,0.218,1.85719723171658
5KPH_4_8_7_0_combined_id13,0.7967330813407898,3.814361095428467,92.99597222222224,0.8,4,8,92.36236111111111,0.6687294840812683,31.41913,70.87946,0.2293,2.0529100630018444
5KPH_4_8_7_0_combined_id15,0.7989290356636047,2.971966505050659,93.99611111111112,0.79,4,8,92.36236111111111,0.6687294840812683,31.41913,70.87946,0.2575,1.92628902859158
5KPH_4_8_7_0_combined_id17,1.871686339378357,2.1094577312469482,89.06097222222223,0.7,4,8,92.36236111111111,0.6687294840812683,31.41913,70.87946,0.2273,1.7763420740763347
5KPH_4_8_7_0_combined_id18,0.773661732673645,3.650399684906006,89.02513888888888,0.72,4,8,92.36236111111111,0.6687294840812683,31.41913,70.87946,0.218,1.8949635823567708
5KPH_4_8_7_0_combined_id19,0.9609497785568237,3.090811252593994,87.45611111111111,0.7,4,8,92.36236111111111,0.6687294840812683,31.41913,70.87946,0.2312,2.0265621609157987
5KPH_4_8_7_0_combined_id2,0.8147111535072327,4.020422458648682,92.92194444444443,0.77,4,8,92.36236111111111,0.6687294840812683,31.41913,70.87946,0.2116,1.8207840389675565
5KPH_4_8_7_0_combined_id20,0.6862507462501526,3.7826428413391113,91.53611111111113,0.74,4,8,92.36236111111111,0.6687294840812683,31.41913,70.87946,0.2205,1.9258749220106337
5KPH_4_8_7_0_combined_id22,0.6314679980278015,3.52230167388916,94.41305555555556,0.8,4,8,92.36236111111111,0.6687294840812683,31.41913,70.87946,0.2447,1.92007064819336
5KPH_4_8_7_0_combined_id24,0.7938488125801086,4.068674564361572,88.47999999999999,0.68,4,8,92.36236111111111,0.6687294840812683,31.41913,70.87946,0.2195,1.7958380381266277
5KPH_4_8_7_0_combined_id4,0.8434668183326721,3.517993450164795,90.37972222222224,0.73,4,8,92.36236111111111,0.6687294840812683,31.41913,70.87946,0.21,1.9761878119574647
5KPH_4_8_7_0_combined_id7,1.1034505367279053,2.4153153896331787,90.60625,0.73,4,8,92.36236111111111,0.6687294840812683,31.41913,70.87946,0.1911,2.1757960849338107
5KPH_4_8_7_0_combined_id8,0.7147823572158813,3.9341607093811035,92.50986111111112,0.77,4,8,92.36236111111111,0.6687294840812683,31.41913,70.87946,0.231,1.778856913248698
5KPH_4_8_7_0_combined_id9,0.7791189551353455,4.180566310882568,88.49388888888889,0.71,4,8,92.36236111111111,0.6687294840812683,31.41913,70.87946,0.1993,2.01794793870714
5KPH_4_8_8_0_combined_id1,0.8248177170753479,4.05702543258667,90.90430555555554,0.74,4,8,92.35597222222222,0.6122915148735046,33.568592,71.45591,0.1937,1.7950782775878906
5KPH_4_8_8_0_combined_id10,0.7306132316589355,4.078227996826172,95.70763888888888,0.82,4,8,92.35597222222222,0.6122915148735046,33.568592,71.45591,0.1967,2.0009307861328125
5KPH_4_8_8_0_combined_id11,0.8866785764694214,3.569406747817993,87.03319444444443,0.65,4,8,92.35597222222222,0.6122915148735046,33.568592,71.45591,0.2202,1.767100863986545
5KPH_4_8_8_0_combined_id12,0.6977574229240417,3.5825037956237793,92.62375,0.77,4,8,92.35597222222222,0.6122915148735046,33.568592,71.45591,0.2157,1.8316271040174696
5KPH_4_8_8_0_combined_id14,0.5818628072738647,2.01495099067688,93.7926388888889,0.79,4,8,92.35597222222222,0.6122915148735046,33.568592,71.45591,0.2221,1.9440260993109808
5KPH_4_8_8_0_combined_id15,1.0992491245269775,2.520756244659424,88.6413888888889,0.72,4,8,92.35597222222222,0.6122915148735046,33.568592,71.45591,0.2411,1.851610607571072
5KPH_4_8_8_0_combined_id17,0.6954279541969299,2.307692527770996,90.49347222222222,0.72,4,8,92.35597222222222,0.6122915148735046,33.568592,71.45591,0.2272,2.0568680233425565
5KPH_4_8_8_0_combined_id18,1.1814916133880615,2.942790985107422,90.29013888888888,0.73,4,8,92.35597222222222,0.6122915148735046,33.568592,71.45591,0.2126,2.0011558532714844
5KPH_4_8_8_0_combined_id19,1.432966947555542,2.492227792739868,88.69319444444444,0.71,4,8,92.35597222222222,0.6122915148735046,33.568592,71.45591,0.2165,1.802080790201823
5KPH_4_8_8_0_combined_id2,1.0288106203079224,2.2331745624542236,91.08416666666668,0.75,4,8,92.35597222222222,0.6122915148735046,33.568592,71.45591,0.2221,1.8863559299045136
5KPH_4_8_8_0_combined_id21,0.8749867677688599,4.318679332733154,93.73833333333332,0.78,4,8,92.35597222222222,0.6122915148735046,33.568592,71.45591,0.2296,2.058912913004557
5KPH_4_8_8_0_combined_id22,0.5625852942466736,3.8356199264526367,94.26833333333332,0.79,4,8,92.35597222222222,0.6122915148735046,33.568592,71.45591,0.2163,1.7780125935872395
5KPH_4_8_8_0_combined_id23,0.9475472569465637,4.0080671310424805,93.39708333333334,0.77,4,8,92.35597222222222,0.6122915148735046,33.568592,71.45591,0.2099,1.9349358876546223
5KPH_4_8_8_0_combined_id24,0.6174539923667908,2.9372289180755615,92.83083333333332,0.78,4,8,92.35597222222222,0.6122915148735046,33.568592,71.45591,0.2095,2.109403822157118
5KPH_4_8_8_0_combined_id3,0.838570773601532,2.663093328475952,88.95222222222222,0.69,4,8,92.35597222222222,0.6122915148735046,33.568592,71.45591,0.2071,1.822662353515625
5KPH_4_8_8_0_combined_id4,0.7368376851081848,3.7620043754577637,91.22472222222224,0.72,4,8,92.35597222222222,0.6122915148735046,33.568592,71.45591,0.2009,1.89052857293023
5KPH_4_8_8_0_combined_id5,0.6951612234115601,4.363213539123535,91.245,0.74,4,8,92.35597222222222,0.6122915148735046,33.568592,71.45591,0.2186,1.9531035953097875
5KPH_4_8_8_0_combined_id6,0.685120701789856,4.089387893676758,91.8388888888889,0.75,4,8,92.35597222222222,0.6122915148735046,33.568592,71.45591,0.2037,1.9092017279730904
5KPH_4_8_8_0_combined_id7,0.8759410381317139,4.35675573348999,90.68097222222222,0.72,4,8,92.35597222222222,0.6122915148735046,33.568592,71.45591,0.2031,1.7335149976942277
5KPH_4_8_8_0_combined_id8,0.7481367588043213,3.8044536113739014,88.49222222222222,0.67,4,8,92.35597222222222,0.6122915148735046,33.568592,71.45591,0.2123,1.9129789140489368
5KPH_4_8_8_0_combined_id9,0.8645755648612976,3.21462082862854,88.08402777777776,0.67,4,8,92.35597222222222,0.6122915148735046,33.568592,71.45591,0.2202,1.7708176506890192
5KPH_4_8_9_0_combined_id1,1.374451756477356,4.5522003173828125,92.73472222222222,0.75,4,8,90.3309722222222,0.5080936551094055,33.121037,70.275444,0.1915,1.8253127204047308
5KPH_4_8_9_0_combined_id10,0.631863534450531,3.7895519733428955,91.21125,0.75,4,8,90.3309722222222,0.5080936551094055,33.121037,70.275444,0.1778,2.0545760260687933
5KPH_4_8_9_0_combined_id11,1.320891261100769,4.51818323135376,93.82722222222225,0.76,4,8,90.3309722222222,0.5080936551094055,33.121037,70.275444,0.2087,1.972304450141059
5KPH_4_8_9_0_combined_id12,1.1694563627243042,4.465936183929443,92.28861111111112,0.75,4,8,90.3309722222222,0.5080936551094055,33.121037,70.275444,0.1962,1.8789490593804248
5KPH_4_8_9_0_combined_id13,0.7896364331245422,3.370022773742676,91.60083333333333,0.74,4,8,90.3309722222222,0.5080936551094055,33.121037,70.275444,0.208,2.061372545030382
5KPH_4_8_9_0_combined_id14,0.5645323395729065,3.839304208755493,94.89388888888888,0.8,4,8,90.3309722222222,0.5080936551094055,33.121037,70.275444,0.1952,2.098282708062066
5KPH_4_8_9_0_combined_id15,1.2286580801010132,2.3676562309265137,86.4948611111111,0.68,4,8,90.3309722222222,0.5080936551094055,33.121037,70.275444,0.216,1.9380552503797743
5KPH_4_8_9_0_combined_id17,0.6626446843147278,2.2964000701904297,90.29236111111112,0.72,4,8,90.3309722222222,0.5080936551094055,33.121037,70.275444,0.1883,2.038739098442925
5KPH_4_8_9_0_combined_id18,0.9077945947647095,3.534512996673584,89.83583333333334,0.72,4,8,90.3309722222222,0.5080936551094055,33.121037,70.275444,0.2303,2.1278224521213107
5KPH_4_8_9_0_combined_id19,1.0521645545959473,4.447080135345459,89.96083333333334,0.71,4,8,90.3309722222222,0.5080936551094055,33.121037,70.275444,0.2069,1.8331125047471788
5KPH_4_8_9_0_combined_id2,0.7016103267669678,4.263645172119141,93.67986111111112,0.79,4,8,90.3309722222222,0.5080936551094055,33.121037,70.275444,0.2005,1.891329871283637
5KPH_4_8_9_0_combined_id20,0.7653260827064514,1.7692474126815796,92.79805555555556,0.77,4,8,90.3309722222222,0.5080936551094055,33.121037,70.275444,0.2073,1.995953030056424
5KPH_4_8_9_0_combined_id23,0.8990263342857361,4.180150032043457,89.03,0.7,4,8,90.3309722222222,0.5080936551094055,33.121037,70.275444,0.1883,1.8657942877875435
5KPH_4_8_9_0_combined_id24,1.0556554794311523,4.373687267303467,88.23472222222222,0.65,4,8,90.3309722222222,0.5080936551094055,33.121037,70.275444,0.1877,1.9060562981499567
5KPH_4_8_9_0_combined_id4,1.6434115171432495,2.035135269165039,84.76041666666667,0.65,4,8,90.3309722222222,0.5080936551094055,33.121037,70.275444,0.2136,1.996562957763672
5KPH_4_8_9_0_combined_id5,1.0390493869781494,2.91756534576416,89.12347222222223,0.69,4,8,90.3309722222222,0.5080936551094055,33.121037,70.275444,0.1998,2.016216701931424
5KPH_4_8_9_0_combined_id6,0.6525663733482361,2.553926706314087,90.3877777777778,0.75,4,8,90.3309722222222,0.5080936551094055,33.121037,70.275444,0.1935,2.1144161224365234
5KPH_4_8_9_0_combined_id7,1.0398041009902954,3.697983741760254,87.91041666666666,0.71,4,8,90.3309722222222,0.5080936551094055,33.121037,70.275444,0.2235,1.894478268093533
5KPH_4_8_9_0_combined_id8,0.6232802271842957,4.09914493560791,94.93333333333334,0.81,4,8,90.3309722222222,0.5080936551094055,33.121037,70.275444,0.2125,1.9455432891845703
5KPH_4_8_9_0_combined_id9,0.8410321474075317,3.83852481842041,93.88347222222222,0.77,4,8,90.3309722222222,0.5080936551094055,33.121037,70.275444,0.2089,1.94468265109592
5KPH_6_2_5_0_combined_id1,0.8480432629585266,5.08659553527832,88.99041666666666,0.71,6,2,92.7713888888889,0.8022125959396362,36.551605,74.306145,0.2114,2.0056389702690973
5KPH_6_2_5_0_combined_id10,0.775288999080658,5.369508743286133,93.52291666666666,0.81,6,2,92.7713888888889,0.8022125959396362,36.551605,74.306145,0.2132,2.13288328382704
5KPH_6_2_5_0_combined_id11,0.710715115070343,4.883719444274902,91.16805555555555,0.78,6,2,92.7713888888889,0.8022125959396362,36.551605,74.306145,0.1962,1.953375922309028
5KPH_6_2_5_0_combined_id12,1.1585146188735962,4.276960372924805,91.74083333333334,0.75,6,2,92.7713888888889,0.8022125959396362,36.551605,74.306145,0.2239,2.060630374484592
5KPH_6_2_5_0_combined_id13,1.2566601037979126,3.623661756515503,88.16249999999998,0.69,6,2,92.7713888888889,0.8022125959396362,36.551605,74.306145,0.2185,1.9297459920247395
5KPH_6_2_5_0_combined_id14,1.1007637977600098,3.7413883209228516,86.7025,0.69,6,2,92.7713888888889,0.8022125959396362,36.551605,74.306145,0.1854,1.9147080315483944
5KPH_6_2_5_0_combined_id15,0.8698113560676575,4.670042514801025,89.35055555555556,0.76,6,2,92.7713888888889,0.8022125959396362,36.551605,74.306145,0.2097,1.9011205037434893
5KPH_6_2_5_0_combined_id16,0.6825575828552246,4.546243190765381,92.42430555555556,0.77,6,2,92.7713888888889,0.8022125959396362,36.551605,74.306145,0.201,1.995226542154948
5KPH_6_2_5_0_combined_id17,0.7290570139884949,4.975356101989746,91.53527777777778,0.77,6,2,92.7713888888889,0.8022125959396362,36.551605,74.306145,0.2244,2.0012741088867188
5KPH_6_2_5_0_combined_id18,0.7099378705024719,4.56827974319458,89.4051388888889,0.72,6,2,92.7713888888889,0.8022125959396362,36.551605,74.306145,0.2116,2.067480934990777
5KPH_6_2_5_0_combined_id19,0.7858726978302002,4.845065593719482,89.14902777777777,0.72,6,2,92.7713888888889,0.8022125959396362,36.551605,74.306145,0.1899,2.025071038140191
5KPH_6_2_5_0_combined_id2,1.2176785469055176,4.2395524978637695,90.22819444444444,0.76,6,2,92.7713888888889,0.8022125959396362,36.551605,74.306145,0.2144,2.2370433807373047
5KPH_6_2_5_0_combined_id20,1.0905414819717407,4.6687164306640625,91.52388888888888,0.75,6,2,92.7713888888889,0.8022125959396362,36.551605,74.306145,0.195,1.916312747531467
5KPH_6_2_5_0_combined_id21,1.0448460578918457,4.567055702209473,93.02986111111112,0.79,6,2,92.7713888888889,0.8022125959396362,36.551605,74.306145,0.1909,2.010817845662435
5KPH_6_2_5_0_combined_id22,0.9365193247795105,3.960960626602173,87.28194444444446,0.72,6,2,92.7713888888889,0.8022125959396362,36.551605,74.306145,0.1908,2.032889260186089
5KPH_6_2_5_0_combined_id23,1.308208703994751,4.113625526428223,89.35277777777777,0.71,6,2,92.7713888888889,0.8022125959396362,36.551605,74.306145,0.2159,1.940076616075304
5KPH_6_2_5_0_combined_id24,1.8087981939315796,3.8871421813964844,90.34986111111112,0.72,6,2,92.7713888888889,0.8022125959396362,36.551605,74.306145,0.2212,1.9785679711235893
5KPH_6_2_5_0_combined_id3,1.459105372428894,3.9041666984558105,90.38916666666664,0.77,6,2,92.7713888888889,0.8022125959396362,36.551605,74.306145,0.2182,2.070141898261176
5KPH_6_2_5_0_combined_id4,0.8499655723571777,3.4122982025146484,91.31166666666668,0.76,6,2,92.7713888888889,0.8022125959396362,36.551605,74.306145,0.1898,2.0113703409830728
5KPH_6_2_5_0_combined_id5,2.5166919231414795,4.1516923904418945,89.03472222222223,0.73,6,2,92.7713888888889,0.8022125959396362,36.551605,74.306145,0.2174,2.1398978763156467
5KPH_6_2_5_0_combined_id6,1.085576057434082,4.190819263458252,86.68291666666667,0.7,6,2,92.7713888888889,0.8022125959396362,36.551605,74.306145,0.2211,2.058359993828668
5KPH_6_2_5_0_combined_id7,1.5912885665893555,3.857322931289673,85.72833333333334,0.67,6,2,92.7713888888889,0.8022125959396362,36.551605,74.306145,0.2015,1.984365463256836
5KPH_6_2_5_0_combined_id8,0.77043616771698,4.937432765960693,92.67125,0.78,6,2,92.7713888888889,0.8022125959396362,36.551605,74.306145,0.1967,2.124220954047309
5KPH_6_2_5_0_combined_id9,1.6215921640396118,3.404703378677368,85.02194444444444,0.65,6,2,92.7713888888889,0.8022125959396362,36.551605,74.306145,0.1954,2.1583875020345054
5KPH_6_2_8_0_combined_id1,1.651039958000183,4.548826217651367,86.70777777777778,0.67,6,2,88.33208333333333,0.964285373687744,37.639847,71.18866,0.2011,2.224281734890408
5KPH_6_2_8_0_combined_id11,0.8523319959640503,5.780015468597412,88.85986111111112,0.73,6,2,88.33208333333333,0.964285373687744,37.639847,71.18866,0.1863,2.1887938181559243
5KPH_6_2_8_0_combined_id13,0.7137035727500916,5.773184299468994,91.57972222222222,0.75,6,2,88.33208333333333,0.964285373687744,37.639847,71.18866,0.1753,2.0554027557373047
5KPH_6_2_8_0_combined_id14,1.3075097799301147,3.9920308589935303,85.82375,0.68,6,2,88.33208333333333,0.964285373687744,37.639847,71.18866,0.1866,2.270777808295356
5KPH_6_2_8_0_combined_id16,0.8436607122421265,5.636715412139893,91.83666666666666,0.75,6,2,88.33208333333333,0.964285373687744,37.639847,71.18866,0.1548,2.2020238240559897
5KPH_6_2_8_0_combined_id17,1.6171997785568237,6.389161586761475,93.80652777777776,0.8,6,2,88.33208333333333,0.964285373687744,37.639847,71.18866,0.1759,2.237623002794054
5KPH_6_2_8_0_combined_id18,1.204473614692688,6.033657550811768,91.49819444444444,0.74,6,2,88.33208333333333,0.964285373687744,37.639847,71.18866,0.1807,2.0528937445746527
5KPH_6_2_8_0_combined_id20,0.767061173915863,2.4863317012786865,87.61847222222222,0.66,6,2,88.33208333333333,0.964285373687744,37.639847,71.18866,0.1899,2.058416578504774
5KPH_6_2_8_0_combined_id21,1.4680588245391846,4.317708492279053,86.01527777777778,0.68,6,2,88.33208333333333,0.964285373687744,37.639847,71.18866,0.1963,2.3221963246663413
5KPH_6_2_8_0_combined_id22,0.8879823684692383,4.1322340965271,93.5175,0.79,6,2,88.33208333333333,0.964285373687744,37.639847,71.18866,0.1835,2.1271569993760853
5KPH_6_2_8_0_combined_id23,1.3353978395462036,4.987890243530273,92.57777777777778,0.77,6,2,88.33208333333333,0.964285373687744,37.639847,71.18866,0.1803,2.139002482096354
5KPH_6_2_8_0_combined_id3,1.062233567237854,4.927059173583984,89.50027777777777,0.72,6,2,88.33208333333333,0.964285373687744,37.639847,71.18866,0.2095,2.259696536593967
5KPH_6_2_8_0_combined_id4,0.7004070281982422,5.565954208374023,94.33069444444445,0.79,6,2,88.33208333333333,0.964285373687744,37.639847,71.18866,0.1853,2.315360599093967
5KPH_6_2_8_0_combined_id6,1.3594861030578613,3.9478824138641357,86.49055555555556,0.68,6,2,88.33208333333333,0.964285373687744,37.639847,71.18866,0.1844,2.031903584798177
5KPH_6_2_8_0_combined_id7,0.8959285020828247,4.646656513214111,87.4701388888889,0.7,6,2,88.33208333333333,0.964285373687744,37.639847,71.18866,0.1735,2.312961154513889
5KPH_6_2_8_0_combined_id8,1.1553895473480225,3.435704231262207,89.88097222222223,0.76,6,2,88.33208333333333,0.964285373687744,37.639847,71.18866,0.1784,2.2056655883789062
5KPH_6_2_8_0_combined_id9,0.9893915057182312,4.430724620819092,88.42930555555556,0.71,6,2,88.33208333333333,0.964285373687744,37.639847,71.18866,0.1775,2.004483116997613
5KPH_6_2_9_0_combined_id1,0.7128225564956665,5.494478702545166,93.93875,0.79,6,2,91.2063888888889,0.6496339440345764,36.16262,73.668304,0.1885,2.08796501159668
5KPH_6_2_9_0_combined_id10,0.9239689111709595,4.541581153869629,90.30555555555556,0.74,6,2,91.2063888888889,0.6496339440345764,36.16262,73.668304,0.1854,1.9045846727159288
5KPH_6_2_9_0_combined_id11,0.8479074239730835,5.618442058563232,89.80222222222221,0.69,6,2,91.2063888888889,0.6496339440345764,36.16262,73.668304,0.194,1.991423077053494
5KPH_6_2_9_0_combined_id12,0.6545664668083191,5.8097028732299805,92.31083333333332,0.78,6,2,91.2063888888889,0.6496339440345764,36.16262,73.668304,0.2034,1.9824146694607203
5KPH_6_2_9_0_combined_id13,0.708532452583313,5.587181091308594,93.41194444444444,0.78,6,2,91.2063888888889,0.6496339440345764,36.16262,73.668304,0.1987,2.1841123369005
5KPH_6_2_9_0_combined_id14,0.8104643225669861,4.729660511016846,90.06555555555556,0.72,6,2,91.2063888888889,0.6496339440345764,36.16262,73.668304,0.1848,1.905421362982856
5KPH_6_2_9_0_combined_id15,0.6190733909606934,5.884599685668945,93.6634722222222,0.8,6,2,91.2063888888889,0.6496339440345764,36.16262,73.668304,0.1827,2.14814821879069
5KPH_6_2_9_0_combined_id16,0.700072169303894,5.647772312164307,95.13055555555556,0.81,6,2,91.2063888888889,0.6496339440345764,36.16262,73.668304,0.2047,2.0566393534342446
5KPH_6_2_9_0_combined_id17,0.5946064591407776,5.688263416290283,95.00875,0.81,6,2,91.2063888888889,0.6496339440345764,36.16262,73.668304,0.2134,1.994688245985243
5KPH_6_2_9_0_combined_id18,0.7461727857589722,4.772761821746826,94.72430555555556,0.8,6,2,91.2063888888889,0.6496339440345764,36.16262,73.668304,0.1914,1.9838667975531683
5KPH_6_2_9_0_combined_id19,0.827634334564209,5.483663558959961,96.25444444444445,0.82,6,2,91.2063888888889,0.6496339440345764,36.16262,73.668304,0.2016,2.104498757256402
5KPH_6_2_9_0_combined_id2,0.9190260767936707,5.556192398071289,91.01736111111111,0.75,6,2,91.2063888888889,0.6496339440345764,36.16262,73.668304,0.1847,1.945400026109484
5KPH_6_2_9_0_combined_id20,0.7290700078010559,5.594094753265381,92.65819444444443,0.77,6,2,91.2063888888889,0.6496339440345764,36.16262,73.668304,0.2061,1.8541107177734373
5KPH_6_2_9_0_combined_id21,0.6958999037742615,5.301206588745117,92.1475,0.77,6,2,91.2063888888889,0.6496339440345764,36.16262,73.668304,0.2155,2.1423655615912542
5KPH_6_2_9_0_combined_id22,0.641190767288208,5.669206142425537,92.36375,0.78,6,2,91.2063888888889,0.6496339440345764,36.16262,73.668304,0.1915,2.0508600870768228
5KPH_6_2_9_0_combined_id23,0.5867317914962769,5.639717102050781,94.16597222222222,0.79,6,2,91.2063888888889,0.6496339440345764,36.16262,73.668304,0.2174,2.154136657714844
5KPH_6_2_9_0_combined_id24,0.684583842754364,6.004979133605957,91.9588888888889,0.76,6,2,91.2063888888889,0.6496339440345764,36.16262,73.668304,0.205,2.108506096733941
5KPH_6_2_9_0_combined_id3,0.6382253170013428,5.796099662780762,92.42569444444445,0.76,6,2,91.2063888888889,0.6496339440345764,36.16262,73.668304,0.2158,1.9016314612494567
5KPH_6_2_9_0_combined_id4,0.8128883838653564,5.655755519866943,90.725,0.73,6,2,91.2063888888889,0.6496339440345764,36.16262,73.668304,0.1901,1.9233178032769096
5KPH_6_2_9_0_combined_id5,0.8106615543365479,5.081905364990234,88.71069444444444,0.69,6,2,91.2063888888889,0.6496339440345764,36.16262,73.668304,0.1909,1.92822265625
5KPH_6_2_9_0_combined_id6,0.7284013628959656,5.667542934417725,94.4551388888889,0.8,6,2,91.2063888888889,0.6496339440345764,36.16262,73.668304,0.2273,2.0173170301649304
5KPH_6_2_9_0_combined_id7,0.6660625338554382,5.924976348876953,95.08333333333331,0.81,6,2,91.2063888888889,0.6496339440345764,36.16262,73.668304,0.1978,2.011539035373264
5KPH_6_2_9_0_combined_id8,0.6777358651161194,5.679547309875488,94.4901388888889,0.81,6,2,91.2063888888889,0.6496339440345764,36.16262,73.668304,0.1966,2.121169196234809
5KPH_6_2_9_0_combined_id9,0.6983556747436523,5.370016574859619,95.20944444444444,0.81,6,2,91.2063888888889,0.6496339440345764,36.16262,73.668304,0.1949,2.0569657219780817
5KPH_6_4_0_0_combined_id1,1.1546032428741455,4.295952320098877,84.95263888888888,0.66,6,4,95.16847222222222,0.7460151314735413,36.54233,75.78509,0.1941,2.131630367702908
5KPH_6_4_0_0_combined_id10,0.7833446264266968,6.170626163482666,93.56805555555556,0.79,6,4,95.16847222222222,0.7460151314735413,36.54233,75.78509,0.1862,2.064933353000217
5KPH_6_4_0_0_combined_id11,0.7635589838027954,4.86345911026001,88.57472222222222,0.74,6,4,95.16847222222222,0.7460151314735413,36.54233,75.78509,0.1769,2.106352276272244
5KPH_6_4_0_0_combined_id12,0.7044242024421692,5.023106575012207,90.52125,0.72,6,4,95.16847222222222,0.7460151314735413,36.54233,75.78509,0.199,2.0462269253200955
5KPH_6_4_0_0_combined_id13,0.9075773358345032,5.092953681945801,92.02583333333334,0.75,6,4,95.16847222222222,0.7460151314735413,36.54233,75.78509,0.1854,1.8270138634575737
5KPH_6_4_0_0_combined_id14,0.7383984923362732,6.0231547355651855,95.25236111111111,0.81,6,4,95.16847222222222,0.7460151314735413,36.54233,75.78509,0.1979,2.165543662177192
5KPH_6_4_0_0_combined_id15,0.542987048625946,5.774265766143799,92.5552777777778,0.78,6,4,95.16847222222222,0.7460151314735413,36.54233,75.78509,0.1955,2.049067179361979
5KPH_6_4_0_0_combined_id17,0.6115795969963074,5.771509170532227,92.62208333333334,0.78,6,4,95.16847222222222,0.7460151314735413,36.54233,75.78509,0.2126,1.920610427856445
5KPH_6_4_0_0_combined_id18,0.7951849102973938,5.345834732055664,91.11458333333331,0.76,6,4,95.16847222222222,0.7460151314735413,36.54233,75.78509,0.1927,1.9388198852539065
5KPH_6_4_0_0_combined_id19,0.6500082015991211,5.162849426269531,91.40819444444443,0.75,6,4,95.16847222222222,0.7460151314735413,36.54233,75.78509,0.1815,1.9821353488498263
5KPH_6_4_0_0_combined_id2,0.7527021765708923,5.565398216247559,92.88027777777778,0.78,6,4,95.16847222222222,0.7460151314735413,36.54233,75.78509,0.1923,1.969851599799262
5KPH_6_4_0_0_combined_id20,1.2696762084960938,3.89689040184021,90.18375,0.73,6,4,95.16847222222222,0.7460151314735413,36.54233,75.78509,0.1864,2.224208196004232
5KPH_6_4_0_0_combined_id21,1.9250445365905762,4.084646224975586,86.96499999999999,0.66,6,4,95.16847222222222,0.7460151314735413,36.54233,75.78509,0.1896,1.9053243001302085
5KPH_6_4_0_0_combined_id22,0.7083500623703003,5.159651756286621,89.43902777777778,0.69,6,4,95.16847222222222,0.7460151314735413,36.54233,75.78509,0.1931,1.8614095052083333
5KPH_6_4_0_0_combined_id23,0.9964964985847473,5.237353801727295,89.45472222222222,0.71,6,4,95.16847222222222,0.7460151314735413,36.54233,75.78509,0.2014,1.8660477532280817
5KPH_6_4_0_0_combined_id24,0.9958402514457703,5.237650394439697,93.275,0.79,6,4,95.16847222222222,0.7460151314735413,36.54233,75.78509,0.1935,1.9389474656846788
5KPH_6_4_0_0_combined_id3,0.5558497905731201,5.726452827453613,91.52027777777778,0.74,6,4,95.16847222222222,0.7460151314735413,36.54233,75.78509,0.1958,1.9981420305040147
5KPH_6_4_0_0_combined_id4,0.8813381791114807,5.182231426239014,93.49666666666668,0.8,6,4,95.16847222222222,0.7460151314735413,36.54233,75.78509,0.2154,1.9214532640245223
5KPH_6_4_0_0_combined_id5,0.8611920475959778,5.207149505615234,89.73902777777778,0.7,6,4,95.16847222222222,0.7460151314735413,36.54233,75.78509,0.2059,1.994278801812066
5KPH_6_4_0_0_combined_id6,2.4784395694732666,3.551447868347168,91.12972222222224,0.75,6,4,95.16847222222222,0.7460151314735413,36.54233,75.78509,0.2046,2.178190231323242
5KPH_6_4_0_0_combined_id7,0.8570306301116943,4.1930623054504395,92.78763888888888,0.76,6,4,95.16847222222222,0.7460151314735413,36.54233,75.78509,0.2032,1.7837484147813585
5KPH_6_4_0_0_combined_id8,0.7359074354171753,5.6432271003723145,92.77263888888888,0.78,6,4,95.16847222222222,0.7460151314735413,36.54233,75.78509,0.1889,1.892292234632704
5KPH_6_4_0_0_combined_id9,0.610442042350769,5.279325485229492,92.8873611111111,0.78,6,4,95.16847222222222,0.7460151314735413,36.54233,75.78509,0.197,2.0260213216145835
5KPH_6_4_1_0_combined_id1,0.7028060555458069,5.955168724060059,92.97916666666669,0.78,6,4,90.5684722222222,0.8328031301498413,37.31248,74.65957,0.1876,2.161858876546224
5KPH_6_4_1_0_combined_id10,0.8415622711181641,4.4850053787231445,90.68194444444444,0.71,6,4,90.5684722222222,0.8328031301498413,37.31248,74.65957,0.182,1.9236327277289496
5KPH_6_4_1_0_combined_id11,0.8473575115203857,5.382420539855957,89.1876388888889,0.74,6,4,90.5684722222222,0.8328031301498413,37.31248,74.65957,0.1776,2.1065381368001304
5KPH_6_4_1_0_combined_id12,0.671852171421051,4.27296781539917,91.77472222222222,0.73,6,4,90.5684722222222,0.8328031301498413,37.31248,74.65957,0.1918,2.092633989122179
5KPH_6_4_1_0_combined_id13,0.7932016849517822,5.08243989944458,90.97736111111112,0.73,6,4,90.5684722222222,0.8328031301498413,37.31248,74.65957,0.1821,1.8948417239718969
5KPH_6_4_1_0_combined_id14,1.658061146736145,4.384257793426514,89.70861111111111,0.68,6,4,90.5684722222222,0.8328031301498413,37.31248,74.65957,0.204,2.001882553100586
5KPH_6_4_1_0_combined_id15,0.5660560727119446,5.293873310089111,92.64736111111112,0.76,6,4,90.5684722222222,0.8328031301498413,37.31248,74.65957,0.1873,2.1303219265407987
5KPH_6_4_1_0_combined_id16,0.5940550565719604,5.395528793334961,92.34291666666668,0.73,6,4,90.5684722222222,0.8328031301498413,37.31248,74.65957,0.1869,1.994690153333876
5KPH_6_4_1_0_combined_id17,0.6790584325790405,5.196592330932617,88.56819444444444,0.68,6,4,90.5684722222222,0.8328031301498413,37.31248,74.65957,0.1846,1.9482506646050348
5KPH_6_4_1_0_combined_id18,0.9484573602676392,4.444396018981934,91.80291666666668,0.76,6,4,90.5684722222222,0.8328031301498413,37.31248,74.65957,0.1879,2.0841636657714844
5KPH_6_4_1_0_combined_id19,1.7236212491989136,3.9401040077209473,87.35861111111112,0.68,6,4,90.5684722222222,0.8328031301498413,37.31248,74.65957,0.1791,1.9253690507676864
5KPH_6_4_1_0_combined_id2,0.690112829208374,5.556639671325684,95.71291666666669,0.82,6,4,90.5684722222222,0.8328031301498413,37.31248,74.65957,0.2064,2.0456517537434897
5KPH_6_4_1_0_combined_id20,1.6248054504394531,4.038386821746826,86.60847222222222,0.67,6,4,90.5684722222222,0.8328031301498413,37.31248,74.65957,0.2218,1.8944729699028864
5KPH_6_4_1_0_combined_id21,0.735328733921051,5.0615553855896,94.4338888888889,0.79,6,4,90.5684722222222,0.8328031301498413,37.31248,74.65957,0.2114,2.045793745252821
5KPH_6_4_1_0_combined_id22,0.795758068561554,5.244956970214844,92.16583333333334,0.75,6,4,90.5684722222222,0.8328031301498413,37.31248,74.65957,0.1812,1.874518288506402
5KPH_6_4_1_0_combined_id23,0.6139434576034546,4.330456256866455,94.0425,0.8,6,4,90.5684722222222,0.8328031301498413,37.31248,74.65957,0.2023,2.1135054694281683
5KPH_6_4_1_0_combined_id24,1.040710687637329,4.231043815612793,87.89041666666667,0.67,6,4,90.5684722222222,0.8328031301498413,37.31248,74.65957,0.1897,1.9045706854926208
5KPH_6_4_1_0_combined_id3,0.5933436155319214,5.675326824188232,94.24597222222222,0.79,6,4,90.5684722222222,0.8328031301498413,37.31248,74.65957,0.1951,1.9921675788031683
5KPH_6_4_1_0_combined_id4,0.6831585764884949,5.544657230377197,94.36555555555556,0.8,6,4,90.5684722222222,0.8328031301498413,37.31248,74.65957,0.2015,2.2510823143853083
5KPH_6_4_1_0_combined_id5,0.7893288135528564,4.326877117156982,89.42222222222222,0.74,6,4,90.5684722222222,0.8328031301498413,37.31248,74.65957,0.1858,2.1154997083875866
5KPH_6_4_1_0_combined_id6,0.9442665576934814,4.86616325378418,85.8198611111111,0.69,6,4,90.5684722222222,0.8328031301498413,37.31248,74.65957,0.2052,1.934568617078993
5KPH_6_4_1_0_combined_id7,0.7964220643043518,4.769246578216553,94.51986111111113,0.8,6,4,90.5684722222222,0.8328031301498413,37.31248,74.65957,0.198,1.9911969502766929
5KPH_6_4_1_0_combined_id8,1.3655296564102173,3.47396183013916,83.87416666666667,0.63,6,4,90.5684722222222,0.8328031301498413,37.31248,74.65957,0.1799,1.897123548719618
5KPH_6_4_1_0_combined_id9,0.5970960855484009,5.231659412384033,93.70833333333331,0.79,6,4,90.5684722222222,0.8328031301498413,37.31248,74.65957,0.2045,2.165492163764106
5KPH_6_4_4_0_combined_id1,1.4952460527420044,4.2598042488098145,88.18263888888889,0.7,6,4,93.83625,0.5706783533096313,37.997528,76.66404,0.1732,2.079753875732422
5KPH_6_4_4_0_combined_id11,0.7129290699958801,5.141019821166992,95.68416666666668,0.81,6,4,93.83625,0.5706783533096313,37.997528,76.66404,0.175,2.1748449537489147
5KPH_6_4_4_0_combined_id12,1.1084378957748413,3.5178465843200684,92.71138888888888,0.78,6,4,93.83625,0.5706783533096313,37.997528,76.66404,0.1902,2.041662851969401
5KPH_6_4_4_0_combined_id13,0.6298438906669617,5.669656276702881,93.50861111111112,0.79,6,4,93.83625,0.5706783533096313,37.997528,76.66404,0.1893,2.226202223036024
5KPH_6_4_4_0_combined_id14,4.309388160705566,2.686600923538208,88.66694444444444,0.64,6,4,93.83625,0.5706783533096313,37.997528,76.66404,0.2041,2.174790064493815
5KPH_6_4_4_0_combined_id15,0.6269054412841797,5.309533596038818,92.51111111111112,0.77,6,4,93.83625,0.5706783533096313,37.997528,76.66404,0.1784,1.9861581590440536
5KPH_6_4_4_0_combined_id16,0.7546828389167786,5.573803901672363,86.72375000000001,0.63,6,4,93.83625,0.5706783533096313,37.997528,76.66404,0.1784,2.0930345323350696
5KPH_6_4_4_0_combined_id17,1.4922934770584106,3.794499158859253,87.10819444444445,0.71,6,4,93.83625,0.5706783533096313,37.997528,76.66404,0.1882,2.0543424818250866
5KPH_6_4_4_0_combined_id18,1.1363420486450195,3.446645975112915,85.61958333333332,0.66,6,4,93.83625,0.5706783533096313,37.997528,76.66404,0.2024,2.14718500773112
5KPH_6_4_4_0_combined_id19,0.7210143804550171,4.3336944580078125,88.31319444444443,0.69,6,4,93.83625,0.5706783533096313,37.997528,76.66404,0.2015,2.202490488688151
5KPH_6_4_4_0_combined_id2,2.319072961807251,3.498586416244507,92.86555555555556,0.76,6,4,93.83625,0.5706783533096313,37.997528,76.66404,0.1951,2.198082817925348
5KPH_6_4_4_0_combined_id20,1.0035349130630493,5.399389266967773,90.94805555555556,0.72,6,4,93.83625,0.5706783533096313,37.997528,76.66404,0.1567,2.282009548611111
5KPH_6_4_4_0_combined_id21,0.7540321946144104,5.478031635284424,91.94597222222222,0.76,6,4,93.83625,0.5706783533096313,37.997528,76.66404,0.1776,2.1356097327338324
5KPH_6_4_4_0_combined_id22,0.6620219349861145,5.8233819007873535,93.45916666666666,0.77,6,4,93.83625,0.5706783533096313,37.997528,76.66404,0.1883,2.2835790846082897
5KPH_6_4_4_0_combined_id23,0.9977561235427856,4.627727031707764,88.69236111111111,0.68,6,4,93.83625,0.5706783533096313,37.997528,76.66404,0.1863,2.112652884589301
5KPH_6_4_4_0_combined_id24,0.7695066332817078,5.131608963012695,90.1625,0.71,6,4,93.83625,0.5706783533096313,37.997528,76.66404,0.221,2.013811323377821
5KPH_6_4_4_0_combined_id3,0.9017737507820129,5.113792419433594,88.79291666666667,0.71,6,4,93.83625,0.5706783533096313,37.997528,76.66404,0.2051,2.050216250949436
5KPH_6_4_4_0_combined_id4,0.9899722337722778,3.5201783180236816,93.53666666666666,0.8,6,4,93.83625,0.5706783533096313,37.997528,76.66404,0.2253,2.0976719326443143
5KPH_6_4_4_0_combined_id5,1.5846937894821167,3.6924550533294678,94.90041666666669,0.81,6,4,93.83625,0.5706783533096313,37.997528,76.66404,0.2059,2.2207828097873263
5KPH_6_4_4_0_combined_id6,0.7524127960205078,5.445418357849121,92.38361111111112,0.76,6,4,93.83625,0.5706783533096313,37.997528,76.66404,0.1852,2.168119430541992
5KPH_6_4_4_0_combined_id7,0.6137033104896545,5.45686149597168,90.96944444444443,0.73,6,4,93.83625,0.5706783533096313,37.997528,76.66404,0.1951,2.1583023071289062
5KPH_6_4_4_0_combined_id8,0.8625176548957825,4.657519817352295,86.11402777777779,0.68,6,4,93.83625,0.5706783533096313,37.997528,76.66404,0.187,2.100980970594618
5KPH_6_4_4_0_combined_id9,0.8870798945426941,6.100593566894531,89.21972222222222,0.7,6,4,93.83625,0.5706783533096313,37.997528,76.66404,0.1906,2.061973147922092
5KPH_6_6_8_0_combined_id1,0.8595970869064331,5.185734748840332,93.14069444444443,0.77,6,6,90.275,0.815863311290741,37.280243,76.00269,0.2038,1.8511119418674045
5KPH_6_6_8_0_combined_id10,0.7823399901390076,4.565996170043945,91.61694444444444,0.76,6,6,90.275,0.815863311290741,37.280243,76.00269,0.2074,1.9718488057454424
5KPH_6_6_8_0_combined_id11,0.7365506887435913,4.660680294036865,92.92083333333332,0.77,6,6,90.275,0.815863311290741,37.280243,76.00269,0.2202,2.0001282162136502
5KPH_6_6_8_0_combined_id12,1.428317666053772,3.7564656734466553,93.55416666666666,0.76,6,6,90.275,0.815863311290741,37.280243,76.00269,0.2133,2.002704832288954
5KPH_6_6_8_0_combined_id13,0.8871398568153381,5.599786281585693,94.50527777777778,0.79,6,6,90.275,0.815863311290741,37.280243,76.00269,0.191,1.9736179775661893
5KPH_6_6_8_0_combined_id14,1.2123355865478516,4.469327449798584,90.91388888888888,0.74,6,6,90.275,0.815863311290741,37.280243,76.00269,0.2118,1.9156807793511288
5KPH_6_6_8_0_combined_id15,0.7048158049583435,6.0045976638793945,90.72666666666666,0.74,6,6,90.275,0.815863311290741,37.280243,76.00269,0.2066,2.0405695173475475
5KPH_6_6_8_0_combined_id16,0.8386061787605286,5.843909740447998,90.32305555555556,0.72,6,6,90.275,0.815863311290741,37.280243,76.00269,0.1738,1.8920016818576388
5KPH_6_6_8_0_combined_id18,0.8827606439590454,6.039044380187988,94.15305555555555,0.79,6,6,90.275,0.815863311290741,37.280243,76.00269,0.2211,2.09114138285319
5KPH_6_6_8_0_combined_id19,1.6750842332839966,4.19364070892334,86.96458333333334,0.68,6,6,90.275,0.815863311290741,37.280243,76.00269,0.2012,1.9208488464355469
5KPH_6_6_8_0_combined_id2,0.7987724542617798,5.463842868804932,89.64055555555555,0.69,6,6,90.275,0.815863311290741,37.280243,76.00269,0.1901,1.820240020751953
5KPH_6_6_8_0_combined_id20,1.234541654586792,5.501681804656982,93.3486111111111,0.77,6,6,90.275,0.815863311290741,37.280243,76.00269,0.2007,2.017671161227756
5KPH_6_6_8_0_combined_id21,0.9246805906295776,5.320888042449951,87.08736111111112,0.68,6,6,90.275,0.815863311290741,37.280243,76.00269,0.2092,2.0402535332573786
5KPH_6_6_8_0_combined_id22,0.7227070927619934,3.6935250759124756,94.64277777777778,0.79,6,6,90.275,0.815863311290741,37.280243,76.00269,0.2158,1.8737258911132808
5KPH_6_6_8_0_combined_id23,1.2279399633407593,3.794224739074707,85.70875,0.66,6,6,90.275,0.815863311290741,37.280243,76.00269,0.2023,1.9722824096679688
5KPH_6_6_8_0_combined_id24,0.7624301314353943,5.518399238586426,90.29888888888888,0.71,6,6,90.275,0.815863311290741,37.280243,76.00269,0.1963,1.9097542232937283
5KPH_6_6_8_0_combined_id3,1.0190107822418213,5.9969635009765625,94.57861111111112,0.8,6,6,90.275,0.815863311290741,37.280243,76.00269,0.2082,2.1348279317220054
5KPH_6_6_8_0_combined_id4,0.8266528248786926,4.608595371246338,91.38458333333334,0.76,6,6,90.275,0.815863311290741,37.280243,76.00269,0.1837,2.0198160807291665
5KPH_6_6_8_0_combined_id5,0.931209146976471,3.8777542114257812,88.5976388888889,0.71,6,6,90.275,0.815863311290741,37.280243,76.00269,0.2034,1.901696946885851
5KPH_6_6_8_0_combined_id6,1.143815517425537,3.909636974334717,86.58583333333333,0.7,6,6,90.275,0.815863311290741,37.280243,76.00269,0.194,1.9632352193196607
5KPH_6_6_8_0_combined_id7,0.991510808467865,3.7256500720977783,93.70055555555555,0.76,6,6,90.275,0.815863311290741,37.280243,76.00269,0.2129,2.0104772779676647
5KPH_6_6_8_0_combined_id9,0.6844831705093384,5.946918964385986,88.63652777777777,0.68,6,6,90.275,0.815863311290741,37.280243,76.00269,0.1865,2.064659966362848
5KPH_8_6_4_0_combined_id1,1.2445778846740723,5.80751895904541,89.99069444444444,0.73,8,6,92.17777777777776,0.8055733442306519,41.447235,90.385635,0.1765,2.173767513699002
5KPH_8_6_4_0_combined_id10,0.6502975821495056,7.67672872543335,95.54083333333334,0.81,8,6,92.17777777777776,0.8055733442306519,41.447235,90.385635,0.2049,2.0271614922417536
5KPH_8_6_4_0_combined_id11,0.5333250164985657,7.48787784576416,92.89680555555556,0.78,8,6,92.17777777777776,0.8055733442306519,41.447235,90.385635,0.188,2.22612041897244
5KPH_8_6_4_0_combined_id12,1.0854666233062744,7.10917329788208,90.64027777777778,0.68,8,6,92.17777777777776,0.8055733442306519,41.447235,90.385635,0.1774,1.9545853932698567
5KPH_8_6_4_0_combined_id13,0.7356515526771545,7.839526176452637,93.8748611111111,0.8,8,6,92.17777777777776,0.8055733442306519,41.447235,90.385635,0.2101,2.189528571234809
5KPH_8_6_4_0_combined_id14,0.6799285411834717,7.2779340744018555,95.19180555555556,0.82,8,6,92.17777777777776,0.8055733442306519,41.447235,90.385635,0.2094,2.0268834431966147
5KPH_8_6_4_0_combined_id15,0.7062119841575623,7.656186580657959,94.22916666666669,0.79,8,6,92.17777777777776,0.8055733442306519,41.447235,90.385635,0.1816,2.050745010375977
5KPH_8_6_4_0_combined_id16,0.6817605495452881,7.4492268562316895,92.60013888888888,0.78,8,6,92.17777777777776,0.8055733442306519,41.447235,90.385635,0.1924,2.0374107360839844
5KPH_8_6_4_0_combined_id17,0.7564145922660828,6.153857231140137,94.9565277777778,0.81,8,6,92.17777777777776,0.8055733442306519,41.447235,90.385635,0.1903,2.057563357883029
5KPH_8_6_4_0_combined_id18,0.9030442237854004,6.245629787445068,91.3234722222222,0.77,8,6,92.17777777777776,0.8055733442306519,41.447235,90.385635,0.2086,1.986344231499566
5KPH_8_6_4_0_combined_id19,0.9916477203369141,7.5233154296875,92.00180555555556,0.76,8,6,92.17777777777776,0.8055733442306519,41.447235,90.385635,0.1638,2.299221886528863
5KPH_8_6_4_0_combined_id2,0.5383240580558777,6.873857498168945,92.89819444444444,0.78,8,6,92.17777777777776,0.8055733442306519,41.447235,90.385635,0.2037,2.1168200174967446
5KPH_8_6_4_0_combined_id20,0.7123293280601501,6.106383800506592,86.75027777777778,0.66,8,6,92.17777777777776,0.8055733442306519,41.447235,90.385635,0.1829,2.08842044406467
5KPH_8_6_4_0_combined_id21,0.7826367020606995,6.501281261444092,86.31916666666667,0.69,8,6,92.17777777777776,0.8055733442306519,41.447235,90.385635,0.2026,2.066361745198568
5KPH_8_6_4_0_combined_id22,1.0596396923065186,5.937799453735352,91.89444444444445,0.77,8,6,92.17777777777776,0.8055733442306519,41.447235,90.385635,0.2021,2.217687818739149
5KPH_8_6_4_0_combined_id23,0.6744428873062134,6.866346836090088,94.58819444444444,0.81,8,6,92.17777777777776,0.8055733442306519,41.447235,90.385635,0.1802,2.127557542588976
5KPH_8_6_4_0_combined_id24,1.0956436395645142,7.833324432373047,92.2688888888889,0.78,8,6,92.17777777777776,0.8055733442306519,41.447235,90.385635,0.2066,2.054469214545356
5KPH_8_6_4_0_combined_id3,0.8586369156837463,7.767630577087402,94.85013888888888,0.82,8,6,92.17777777777776,0.8055733442306519,41.447235,90.385635,0.2009,2.1932542588975696
5KPH_8_6_4_0_combined_id4,1.368353247642517,6.765401840209961,80.24569444444445,0.57,8,6,92.17777777777776,0.8055733442306519,41.447235,90.385635,0.1877,2.061529795328776
5KPH_8_6_4_0_combined_id5,0.5806224942207336,7.658305644989014,93.50861111111112,0.78,8,6,92.17777777777776,0.8055733442306519,41.447235,90.385635,0.1768,2.195935567220052
5KPH_8_6_4_0_combined_id6,1.1056638956069946,6.952608585357666,92.60263888888888,0.75,8,6,92.17777777777776,0.8055733442306519,41.447235,90.385635,0.2167,2.0288999345567493
5KPH_8_6_4_0_combined_id7,0.6003435254096985,7.335657596588135,92.55013888888888,0.76,8,6,92.17777777777776,0.8055733442306519,41.447235,90.385635,0.1822,2.206013361612956
5KPH_8_6_4_0_combined_id8,0.6979318261146545,7.814733028411865,94.02041666666666,0.79,8,6,92.17777777777776,0.8055733442306519,41.447235,90.385635,0.1831,2.094127655029297
5KPH_8_6_4_0_combined_id9,0.6931477189064026,7.15588903427124,88.77236111111111,0.72,8,6,92.17777777777776,0.8055733442306519,41.447235,90.385635,0.1985,2.198420206705729
5KPH_8_8_0_0_combined_id1,0.8234776854515076,7.292921543121338,91.93625,0.77,8,8,91.66083333333331,0.6021072268486023,43.978207,99.94482,0.1998,2.1610520680745444
5KPH_8_8_0_0_combined_id10,0.6009927988052368,7.768117904663086,95.18875,0.81,8,8,91.66083333333331,0.6021072268486023,43.978207,99.94482,0.2058,2.175298902723524
5KPH_8_8_0_0_combined_id11,0.8513025045394897,7.791843414306641,94.98930555555556,0.81,8,8,91.66083333333331,0.6021072268486023,43.978207,99.94482,0.1964,2.308294508192274
5KPH_8_8_0_0_combined_id12,1.4722743034362793,5.149782180786133,81.23902777777776,0.62,8,8,91.66083333333331,0.6021072268486023,43.978207,99.94482,0.2049,1.9901279873318145
5KPH_8_8_0_0_combined_id13,0.6329765915870667,7.861605644226074,94.27833333333332,0.79,8,8,91.66083333333331,0.6021072268486023,43.978207,99.94482,0.1993,2.2360252804226346
5KPH_8_8_0_0_combined_id14,0.8333355784416199,7.979262351989746,95.60972222222222,0.81,8,8,91.66083333333331,0.6021072268486023,43.978207,99.94482,0.1931,2.1944438086615667
5KPH_8_8_0_0_combined_id15,0.8840963840484619,7.843780517578125,94.8025,0.8,8,8,91.66083333333331,0.6021072268486023,43.978207,99.94482,0.2113,2.1864386664496527
5KPH_8_8_0_0_combined_id17,1.17890202999115,3.9234206676483154,86.25902777777779,0.7,8,8,91.66083333333331,0.6021072268486023,43.978207,99.94482,0.1973,1.9535912407769096
5KPH_8_8_0_0_combined_id18,0.9603344798088074,6.590399742126465,92.13416666666666,0.72,8,8,91.66083333333331,0.6021072268486023,43.978207,99.94482,0.2048,2.0240855746799045
5KPH_8_8_0_0_combined_id19,0.5974065661430359,7.628482341766357,94.84972222222224,0.8,8,8,91.66083333333331,0.6021072268486023,43.978207,99.94482,0.2038,2.103176964653863
5KPH_8_8_0_0_combined_id2,0.9957977533340454,4.861349105834961,94.94319444444444,0.8,8,8,91.66083333333331,0.6021072268486023,43.978207,99.94482,0.2179,2.089705573187934
5KPH_8_8_0_0_combined_id20,1.1761810779571533,8.073415756225586,95.15958333333332,0.82,8,8,91.66083333333331,0.6021072268486023,43.978207,99.94482,0.213,2.063866721259223
5KPH_8_8_0_0_combined_id21,0.7946258783340454,7.439261436462402,93.07041666666666,0.79,8,8,91.66083333333331,0.6021072268486023,43.978207,99.94482,0.2065,2.288201649983724
5KPH_8_8_0_0_combined_id22,0.8788862228393555,7.274949073791504,89.32194444444445,0.73,8,8,91.66083333333331,0.6021072268486023,43.978207,99.94482,0.2119,2.133141199747721
5KPH_8_8_0_0_combined_id23,1.1083186864852905,7.321946144104004,90.34125,0.72,8,8,91.66083333333331,0.6021072268486023,43.978207,99.94482,0.1808,2.0452278984917536
5KPH_8_8_0_0_combined_id24,1.0254164934158325,8.23906421661377,94.3326388888889,0.8,8,8,91.66083333333331,0.6021072268486023,43.978207,99.94482,0.189,2.124057345920139
5KPH_8_8_0_0_combined_id3,0.9258910417556763,8.063758850097656,94.02569444444444,0.8,8,8,91.66083333333331,0.6021072268486023,43.978207,99.94482,0.205,2.0878179338243275
5KPH_8_8_0_0_combined_id4,1.0778330564498901,6.533956050872803,91.94291666666666,0.75,8,8,91.66083333333331,0.6021072268486023,43.978207,99.94482,0.2096,2.0033187866210938
5KPH_8_8_0_0_combined_id5,1.2330600023269653,8.143681526184082,91.40472222222222,0.72,8,8,91.66083333333331,0.6021072268486023,43.978207,99.94482,0.1989,2.108665890163845
5KPH_8_8_0_0_combined_id6,0.8793904185295105,7.8465800285339355,92.84013888888887,0.78,8,8,91.66083333333331,0.6021072268486023,43.978207,99.94482,0.2001,2.1659668816460504
5KPH_8_8_0_0_combined_id7,1.102681040763855,8.1820068359375,92.83125,0.78,8,8,91.66083333333331,0.6021072268486023,43.978207,99.94482,0.2066,2.102906968858507
5KPH_8_8_0_0_combined_id8,2.919149875640869,4.201130390167236,84.53486111111111,0.61,8,8,91.66083333333331,0.6021072268486023,43.978207,99.94482,0.1909,2.025231255425348
5KPH_8_8_0_0_combined_id9,0.9742127656936646,7.841085433959961,95.7926388888889,0.81,8,8,91.66083333333331,0.6021072268486023,43.978207,99.94482,0.2038,2.0662032233344183
5KPH_8_8_5_0_combined_id1,0.8500130772590637,6.730428695678711,88.31680555555555,0.73,8,8,90.56111111111112,0.6656556725502014,44.083244,101.12967,0.1859,2.133045196533203
5KPH_8_8_5_0_combined_id10,1.0597171783447266,8.146615028381348,94.20041666666668,0.8,8,8,90.56111111111112,0.6656556725502014,44.083244,101.12967,0.2048,2.176866743299696
5KPH_8_8_5_0_combined_id11,2.1345980167388916,5.5143513679504395,84.49111111111112,0.66,8,8,90.56111111111112,0.6656556725502014,44.083244,101.12967,0.1758,1.952605989244249
5KPH_8_8_5_0_combined_id12,2.375633955001831,4.676685810089111,84.52152777777778,0.65,8,8,90.56111111111112,0.6656556725502014,44.083244,101.12967,0.197,2.151708390977648
5KPH_8_8_5_0_combined_id13,3.087161064147949,5.098704814910889,89.19125,0.71,8,8,90.56111111111112,0.6656556725502014,44.083244,101.12967,0.1873,1.9312241872151688
5KPH_8_8_5_0_combined_id14,0.769911527633667,7.957586765289307,88.22569444444444,0.7,8,8,90.56111111111112,0.6656556725502014,44.083244,101.12967,0.1894,2.168511708577474
5KPH_8_8_5_0_combined_id15,0.7489673495292664,7.8011369705200195,95.37319444444444,0.81,8,8,90.56111111111112,0.6656556725502014,44.083244,101.12967,0.2025,2.173533969455295
5KPH_8_8_5_0_combined_id16,2.727889060974121,5.235332012176514,90.6684722222222,0.74,8,8,90.56111111111112,0.6656556725502014,44.083244,101.12967,0.2291,2.2020337846544056
5KPH_8_8_5_0_combined_id18,2.4002685546875,4.649502754211426,81.9551388888889,0.63,8,8,90.56111111111112,0.6656556725502014,44.083244,101.12967,0.1847,2.0798437330457897
5KPH_8_8_5_0_combined_id19,0.7982869744300842,7.543179988861084,89.58916666666667,0.72,8,8,90.56111111111112,0.6656556725502014,44.083244,101.12967,0.2053,2.2800093756781683
5KPH_8_8_5_0_combined_id2,0.9321649670600891,7.832050323486328,92.77263888888888,0.79,8,8,90.56111111111112,0.6656556725502014,44.083244,101.12967,0.2043,2.143498526679145
5KPH_8_8_5_0_combined_id20,0.980684757232666,6.008829116821289,87.20361111111112,0.67,8,8,90.56111111111112,0.6656556725502014,44.083244,101.12967,0.192,2.1508967081705728
5KPH_8_8_5_0_combined_id21,0.9107863306999207,7.976372241973877,92.1127777777778,0.77,8,8,90.56111111111112,0.6656556725502014,44.083244,101.12967,0.1687,2.2303863101535373
5KPH_8_8_5_0_combined_id22,2.886397361755371,4.6711554527282715,84.54361111111112,0.65,8,8,90.56111111111112,0.6656556725502014,44.083244,101.12967,0.1766,2.003673129611545
5KPH_8_8_5_0_combined_id23,0.9009175300598145,3.8982465267181396,91.04597222222222,0.76,8,8,90.56111111111112,0.6656556725502014,44.083244,101.12967,0.1799,2.1318562825520835
5KPH_8_8_5_0_combined_id24,1.0616761445999146,7.931561470031738,88.04263888888889,0.72,8,8,90.56111111111112,0.6656556725502014,44.083244,101.12967,0.1714,2.2542656792534723
5KPH_8_8_5_0_combined_id3,0.7419167160987854,5.998590469360352,87.67597222222223,0.67,8,8,90.56111111111112,0.6656556725502014,44.083244,101.12967,0.1757,1.988626692030165
5KPH_8_8_5_0_combined_id4,1.00008225440979,5.6258039474487305,90.96402777777776,0.73,8,8,90.56111111111112,0.6656556725502014,44.083244,101.12967,0.1772,2.0484841664632163
5KPH_8_8_5_0_combined_id5,0.6708571910858154,7.500132083892822,90.77083333333331,0.73,8,8,90.56111111111112,0.6656556725502014,44.083244,101.12967,0.1884,2.1454349093967013
5KPH_8_8_5_0_combined_id6,1.0865298509597778,8.161291122436523,94.15972222222224,0.79,8,8,90.56111111111112,0.6656556725502014,44.083244,101.12967,0.1858,2.112677256266276
5KPH_8_8_5_0_combined_id7,0.8076849579811096,7.86081600189209,94.7498611111111,0.8,8,8,90.56111111111112,0.6656556725502014,44.083244,101.12967,0.1895,2.186674329969618
5KPH_8_8_5_0_combined_id8,3.020481824874878,4.481725692749023,89.75513888888888,0.75,8,8,90.56111111111112,0.6656556725502014,44.083244,101.12967,0.2059,2.1183870103624134
5KPH_8_8_5_0_combined_id9,0.6850370168685913,7.906713485717773,94.71847222222222,0.8,8,8,90.56111111111112,0.6656556725502014,44.083244,101.12967,0.172,2.5675415462917752
5KPH_8_8_9_0_combined_id1,1.437782883644104,6.063353538513184,85.12458333333335,0.65,8,8,89.40694444444445,0.9552789330482484,43.39029,100.44456,0.1572,2.157459682888455
5KPH_8_8_9_0_combined_id10,2.1502370834350586,6.524359226226807,82.67125,0.64,8,8,89.40694444444445,0.9552789330482484,43.39029,100.44456,0.1835,1.9228744506835933
5KPH_8_8_9_0_combined_id11,0.8084411025047302,7.017423152923584,92.0388888888889,0.78,8,8,89.40694444444445,0.9552789330482484,43.39029,100.44456,0.1623,2.1392233106825085
5KPH_8_8_9_0_combined_id12,0.9593851566314697,8.38542366027832,93.96041666666666,0.81,8,8,89.40694444444445,0.9552789330482484,43.39029,100.44456,0.1836,2.4180814954969616
5KPH_8_8_9_0_combined_id13,1.2652884721755981,6.886586666107178,87.29277777777777,0.7,8,8,89.40694444444445,0.9552789330482484,43.39029,100.44456,0.1648,2.1485248141818576
5KPH_8_8_9_0_combined_id14,1.3425401449203491,7.004931926727295,84.39180555555555,0.66,8,8,89.40694444444445,0.9552789330482484,43.39029,100.44456,0.172,2.1763651106092663
5KPH_8_8_9_0_combined_id15,1.2738903760910034,5.58071231842041,85.7088888888889,0.66,8,8,89.40694444444445,0.9552789330482484,43.39029,100.44456,0.1724,2.009993235270182
5KPH_8_8_9_0_combined_id16,1.2395429611206055,5.8588690757751465,84.97597222222223,0.6,8,8,89.40694444444445,0.9552789330482484,43.39029,100.44456,0.1728,2.0535676744249134
5KPH_8_8_9_0_combined_id17,1.359841227531433,5.987529277801514,81.76680555555555,0.62,8,8,89.40694444444445,0.9552789330482484,43.39029,100.44456,0.1687,2.0938521491156683
5KPH_8_8_9_0_combined_id18,2.458437442779541,6.463143348693848,85.5448611111111,0.54,8,8,89.40694444444445,0.9552789330482484,43.39029,100.44456,0.1753,1.8153644137912328
5KPH_8_8_9_0_combined_id19,1.735292911529541,8.442647933959961,82.40291666666666,0.65,8,8,89.40694444444445,0.9552789330482484,43.39029,100.44456,0.1577,2.1326696607801647
5KPH_8_8_9_0_combined_id2,1.3777235746383667,6.609579086303711,88.5651388888889,0.71,8,8,89.40694444444445,0.9552789330482484,43.39029,100.44456,0.1727,1.8758082919650607
5KPH_8_8_9_0_combined_id20,1.096172571182251,7.8699541091918945,88.95402777777778,0.71,8,8,89.40694444444445,0.9552789330482484,43.39029,100.44456,0.1741,1.946317672729492
5KPH_8_8_9_0_combined_id21,1.9080837965011597,5.4012980461120605,84.26180555555555,0.65,8,8,89.40694444444445,0.9552789330482484,43.39029,100.44456,0.1748,1.916184319390191
5KPH_8_8_9_0_combined_id22,1.1338772773742676,7.779760837554932,87.08638888888889,0.67,8,8,89.40694444444445,0.9552789330482484,43.39029,100.44456,0.161,2.303555170694987
5KPH_8_8_9_0_combined_id23,2.502209424972534,5.367973804473877,83.9238888888889,0.66,8,8,89.40694444444445,0.9552789330482484,43.39029,100.44456,0.1801,1.970137702094184
5KPH_8_8_9_0_combined_id24,0.9931204915046692,8.131688117980957,91.26361111111112,0.75,8,8,89.40694444444445,0.9552789330482484,43.39029,100.44456,0.1903,2.1962822808159723
5KPH_8_8_9_0_combined_id3,2.2311744689941406,6.187038898468018,86.64944444444444,0.66,8,8,89.40694444444445,0.9552789330482484,43.39029,100.44456,0.1745,2.2511024475097656
5KPH_8_8_9_0_combined_id5,1.1264926195144653,8.122668266296387,92.51291666666668,0.77,8,8,89.40694444444445,0.9552789330482484,43.39029,100.44456,0.184,2.210627026028104
5KPH_8_8_9_0_combined_id6,1.1415491104125977,6.606161117553711,88.02722222222222,0.69,8,8,89.40694444444445,0.9552789330482484,43.39029,100.44456,0.1688,2.062398910522461
5KPH_8_8_9_0_combined_id7,1.2992209196090698,6.991113185882568,84.08472222222223,0.63,8,8,89.40694444444445,0.9552789330482484,43.39029,100.44456,0.1618,2.122308519151476
5KPH_8_8_9_0_combined_id8,1.2231346368789673,5.976423263549805,83.98375,0.66,8,8,89.40694444444445,0.9552789330482484,43.39029,100.44456,0.168,1.929139879014757
5KPH_8_8_9_0_combined_id9,1.3919411897659302,7.8784098625183105,90.79208333333334,0.73,8,8,89.40694444444445,0.9552789330482484,43.39029,100.44456,0.1684,1.961416668362088
