name,rmsd_start,rmsd_end,plddt,ptm,rmsd_constraint,langevin,single_state_plddt,single_state_rmsd,curvature_mean,curvature_max,score,-PLL
5KPE_2_2_0_0_combined_id1,1.3129521608352661,1.1000410318374634,88.70768518518518,0.76,2,2,92.71379629629628,0.5859853625297546,20.796156,71.92844,0.1912,2.136138350875289
5KPE_2_2_0_0_combined_id10,1.3308545351028442,1.1844236850738525,88.43296296296295,0.75,2,2,92.71379629629628,0.5859853625297546,20.796156,71.92844,0.1912,2.051021999782986
5KPE_2_2_0_0_combined_id11,1.0698925256729126,1.1361289024353027,87.03851851851852,0.75,2,2,92.71379629629628,0.5859853625297546,20.796156,71.92844,0.1887,2.099645967836733
5KPE_2_2_0_0_combined_id12,1.3900562524795532,1.026239037513733,91.6951851851852,0.78,2,2,92.71379629629628,0.5859853625297546,20.796156,71.92844,0.1856,2.09675372088397
5KPE_2_2_0_0_combined_id13,1.3094981908798218,1.1132277250289917,90.36416666666663,0.77,2,2,92.71379629629628,0.5859853625297546,20.796156,71.92844,0.2221,2.233428955078125
5KPE_2_2_0_0_combined_id14,1.9658325910568237,1.1705067157745361,73.79805555555555,0.63,2,2,92.71379629629628,0.5859853625297546,20.796156,71.92844,0.1797,2.126831195972584
5KPE_2_2_0_0_combined_id15,0.8991959691047668,1.3595319986343384,88.62351851851851,0.75,2,2,92.71379629629628,0.5859853625297546,20.796156,71.92844,0.1823,2.1893403795030384
5KPE_2_2_0_0_combined_id16,1.1820791959762573,1.1218647956848145,87.30518518518518,0.71,2,2,92.71379629629628,0.5859853625297546,20.796156,71.92844,0.1839,2.0444827609592013
5KPE_2_2_0_0_combined_id17,2.077124834060669,2.082036018371582,84.10851851851852,0.72,2,2,92.71379629629628,0.5859853625297546,20.796156,71.92844,0.1811,2.1731636612503618
5KPE_2_2_0_0_combined_id18,1.599846601486206,1.6363804340362549,85.9762962962963,0.71,2,2,92.71379629629628,0.5859853625297546,20.796156,71.92844,0.1985,2.027985184280961
5KPE_2_2_0_0_combined_id19,1.2839916944503784,0.9900049567222595,88.3087962962963,0.73,2,2,92.71379629629628,0.5859853625297546,20.796156,71.92844,0.1892,1.966043542932581
5KPE_2_2_0_0_combined_id2,1.0350056886672974,1.4249094724655151,87.70648148148149,0.76,2,2,92.71379629629628,0.5859853625297546,20.796156,71.92844,0.176,2.159872125696253
5KPE_2_2_0_0_combined_id20,0.8841608762741089,1.3034138679504395,89.96703703703704,0.76,2,2,92.71379629629628,0.5859853625297546,20.796156,71.92844,0.2064,2.0397618611653647
5KPE_2_2_0_0_combined_id21,1.7992420196533203,0.9996498823165894,88.61453703703704,0.8,2,2,92.71379629629628,0.5859853625297546,20.796156,71.92844,0.1844,2.2582113477918835
5KPE_2_2_0_0_combined_id22,1.4231901168823242,1.0247631072998047,88.76537037037039,0.74,2,2,92.71379629629628,0.5859853625297546,20.796156,71.92844,0.2168,2.018548047101056
5KPE_2_2_0_0_combined_id23,1.0315741300582886,1.4207618236541748,90.86157407407408,0.81,2,2,92.71379629629628,0.5859853625297546,20.796156,71.92844,0.2083,2.056037055121528
5KPE_2_2_0_0_combined_id24,1.223771572113037,1.136264681816101,87.23018518518518,0.71,2,2,92.71379629629628,0.5859853625297546,20.796156,71.92844,0.2121,2.112305817780672
5KPE_2_2_0_0_combined_id3,1.7744169235229492,1.1164048910140991,78.75472222222221,0.63,2,2,92.71379629629628,0.5859853625297546,20.796156,71.92844,0.199,2.000309838189019
5KPE_2_2_0_0_combined_id4,8.22212028503418,9.163955688476562,73.77453703703704,0.61,2,2,92.71379629629628,0.5859853625297546,20.796156,71.92844,0.1741,2.2136908637152777
5KPE_2_2_0_0_combined_id5,1.1232073307037354,1.281042456626892,87.78111111111109,0.72,2,2,92.71379629629628,0.5859853625297546,20.796156,71.92844,0.19,2.1352106730143228
5KPE_2_2_0_0_combined_id6,1.672007441520691,0.8460510969161987,94.33981481481482,0.85,2,2,92.71379629629628,0.5859853625297546,20.796156,71.92844,0.193,2.0851321750217013
5KPE_2_2_0_0_combined_id7,1.4879350662231445,1.3233163356781006,90.06574074074076,0.77,2,2,92.71379629629628,0.5859853625297546,20.796156,71.92844,0.224,2.045874560320819
5KPE_2_2_0_0_combined_id8,1.314402461051941,0.9818548560142517,90.62083333333332,0.77,2,2,92.71379629629628,0.5859853625297546,20.796156,71.92844,0.2052,2.093709451180917
5KPE_2_2_0_0_combined_id9,1.5010027885437012,1.1327903270721436,92.02064814814814,0.8,2,2,92.71379629629628,0.5859853625297546,20.796156,71.92844,0.1848,2.18136144567419
5KPE_2_2_1_0_combined_id1,1.2177515029907227,1.1367545127868652,91.25175925925927,0.78,2,2,92.57675925925923,0.5640325546264648,20.498295,71.06506,0.2223,1.931974622938368
5KPE_2_2_1_0_combined_id10,1.2028409242630005,1.2460668087005615,88.9238888888889,0.74,2,2,92.57675925925923,0.5640325546264648,20.498295,71.06506,0.2141,1.95407881560149
5KPE_2_2_1_0_combined_id12,1.1860020160675049,0.9830453991889954,90.68472222222223,0.78,2,2,92.57675925925923,0.5640325546264648,20.498295,71.06506,0.1861,1.9858836421260129
5KPE_2_2_1_0_combined_id13,9.47909164428711,9.761865615844727,78.8637037037037,0.65,2,2,92.57675925925923,0.5640325546264648,20.498295,71.06506,0.2142,2.0804810700593173
5KPE_2_2_1_0_combined_id14,1.3958450555801392,0.986009418964386,92.30777777777776,0.81,2,2,92.57675925925923,0.5640325546264648,20.498295,71.06506,0.2064,2.018021760163484
5KPE_2_2_1_0_combined_id15,1.3906604051589966,1.0500408411026,89.0726851851852,0.77,2,2,92.57675925925923,0.5640325546264648,20.498295,71.06506,0.2114,1.9727298595287184
5KPE_2_2_1_0_combined_id16,1.4327940940856934,0.9835867881774902,86.79009259259261,0.69,2,2,92.57675925925923,0.5640325546264648,20.498295,71.06506,0.2031,1.8778295163755063
5KPE_2_2_1_0_combined_id17,1.5492446422576904,0.9315388202667236,88.93416666666668,0.78,2,2,92.57675925925923,0.5640325546264648,20.498295,71.06506,0.1998,2.00369064896195
5KPE_2_2_1_0_combined_id18,1.4282013177871704,1.1967604160308838,88.0686111111111,0.75,2,2,92.57675925925923,0.5640325546264648,20.498295,71.06506,0.1894,1.9788199530707464
5KPE_2_2_1_0_combined_id19,1.0334924459457397,1.1800802946090698,89.91907407407408,0.74,2,2,92.57675925925923,0.5640325546264648,20.498295,71.06506,0.2058,1.938789085105613
5KPE_2_2_1_0_combined_id2,1.3462231159210205,1.038659930229187,90.6075925925926,0.79,2,2,92.57675925925923,0.5640325546264648,20.498295,71.06506,0.2173,1.8572204024703407
5KPE_2_2_1_0_combined_id20,1.2556174993515015,1.0087904930114746,88.79537037037035,0.78,2,2,92.57675925925923,0.5640325546264648,20.498295,71.06506,0.1981,2.056048357928241
5KPE_2_2_1_0_combined_id21,1.5392038822174072,1.363468050956726,87.93287037037037,0.72,2,2,92.57675925925923,0.5640325546264648,20.498295,71.06506,0.1797,2.105396553322121
5KPE_2_2_1_0_combined_id22,7.707635402679443,8.673198699951172,67.86787037037037,0.59,2,2,92.57675925925923,0.5640325546264648,20.498295,71.06506,0.2089,1.897341834174262
5KPE_2_2_1_0_combined_id23,1.3247500658035278,0.9357973337173462,92.46157407407408,0.81,2,2,92.57675925925923,0.5640325546264648,20.498295,71.06506,0.2076,2.0154667607060186
5KPE_2_2_1_0_combined_id24,1.1565449237823486,1.15141761302948,92.34925925925926,0.81,2,2,92.57675925925923,0.5640325546264648,20.498295,71.06506,0.2091,1.95119137234158
5KPE_2_2_1_0_combined_id3,1.339982509613037,1.197571039199829,90.26407407407406,0.78,2,2,92.57675925925923,0.5640325546264648,20.498295,71.06506,0.2274,2.025326764142072
5KPE_2_2_1_0_combined_id4,1.3630291223526,0.9183880090713501,88.3574074074074,0.72,2,2,92.57675925925923,0.5640325546264648,20.498295,71.06506,0.1861,1.9640832123933007
5KPE_2_2_1_0_combined_id5,1.0157299041748047,1.060634970664978,87.43453703703705,0.72,2,2,92.57675925925923,0.5640325546264648,20.498295,71.06506,0.2045,1.894247408266421
5KPE_2_2_1_0_combined_id6,1.0923651456832886,1.3785994052886963,89.0687962962963,0.75,2,2,92.57675925925923,0.5640325546264648,20.498295,71.06506,0.1921,2.182452025236907
5KPE_2_2_1_0_combined_id7,1.615852952003479,1.5298279523849487,83.36759259259257,0.64,2,2,92.57675925925923,0.5640325546264648,20.498295,71.06506,0.2,1.9659011275679976
5KPE_2_2_1_0_combined_id8,1.7788710594177246,1.0396182537078857,81.44148148148149,0.64,2,2,92.57675925925923,0.5640325546264648,20.498295,71.06506,0.1776,2.0252824006257235
5KPE_2_2_1_0_combined_id9,1.3457821607589722,1.0009914636611938,92.56592592592594,0.81,2,2,92.57675925925923,0.5640325546264648,20.498295,71.06506,0.2203,1.8562246251989287
5KPE_2_2_2_0_combined_id1,1.5284702777862549,1.2377712726593018,79.93416666666666,0.63,2,2,92.89212962962964,0.7510219216346741,20.760426,71.897865,0.1698,2.074624379475912
5KPE_2_2_2_0_combined_id10,1.1372227668762207,1.2226958274841309,89.45546296296297,0.75,2,2,92.89212962962964,0.7510219216346741,20.760426,71.897865,0.2053,2.0727361043294272
5KPE_2_2_2_0_combined_id11,1.494027018547058,1.073711633682251,88.94592592592595,0.72,2,2,92.89212962962964,0.7510219216346741,20.760426,71.897865,0.2019,2.23008049858941
5KPE_2_2_2_0_combined_id12,2.7724833488464355,2.4207141399383545,72.18916666666665,0.57,2,2,92.89212962962964,0.7510219216346741,20.760426,71.897865,0.182,2.111357794867621
5KPE_2_2_2_0_combined_id13,2.446884870529175,2.294506072998047,70.45740740740742,0.58,2,2,92.89212962962964,0.7510219216346741,20.760426,71.897865,0.2189,2.0153545803493924
5KPE_2_2_2_0_combined_id14,1.6868733167648315,0.8702691793441772,87.43787037037036,0.74,2,2,92.89212962962964,0.7510219216346741,20.760426,71.897865,0.1932,1.8986810754846644
5KPE_2_2_2_0_combined_id15,6.397974014282227,6.393739700317383,74.86416666666668,0.62,2,2,92.89212962962964,0.7510219216346741,20.760426,71.897865,0.2155,2.1704124168113426
5KPE_2_2_2_0_combined_id16,1.6762449741363525,0.963783323764801,89.76824074074074,0.76,2,2,92.89212962962964,0.7510219216346741,20.760426,71.897865,0.1953,2.0172927291304976
5KPE_2_2_2_0_combined_id17,1.4557300806045532,1.115759253501892,87.65518518518518,0.75,2,2,92.89212962962964,0.7510219216346741,20.760426,71.897865,0.2053,2.0712367870189525
5KPE_2_2_2_0_combined_id18,1.6868349313735962,0.8992040753364563,89.0136111111111,0.77,2,2,92.89212962962964,0.7510219216346741,20.760426,71.897865,0.1958,2.0857786955656827
5KPE_2_2_2_0_combined_id19,1.6424939632415771,1.2648202180862427,93.5746296296296,0.83,2,2,92.89212962962964,0.7510219216346741,20.760426,71.897865,0.1908,2.0919666996708624
5KPE_2_2_2_0_combined_id2,3.7135517597198486,2.769085645675659,76.22055555555556,0.6,2,2,92.89212962962964,0.7510219216346741,20.760426,71.897865,0.1973,2.12709723578559
5KPE_2_2_2_0_combined_id20,0.8978603482246399,1.6196032762527466,89.77009259259259,0.75,2,2,92.89212962962964,0.7510219216346741,20.760426,71.897865,0.1652,2.283537688078704
5KPE_2_2_2_0_combined_id21,1.9704420566558838,1.331661581993103,86.53064814814813,0.71,2,2,92.89212962962964,0.7510219216346741,20.760426,71.897865,0.2114,2.0983978554054543
5KPE_2_2_2_0_combined_id22,9.008527755737305,9.555737495422363,67.8662962962963,0.55,2,2,92.89212962962964,0.7510219216346741,20.760426,71.897865,0.1679,2.066865567807798
5KPE_2_2_2_0_combined_id23,9.100571632385254,9.66240119934082,78.76268518518518,0.64,2,2,92.89212962962964,0.7510219216346741,20.760426,71.897865,0.1878,1.979177404333044
5KPE_2_2_2_0_combined_id24,1.463159441947937,1.131293773651123,92.00287037037036,0.82,2,2,92.89212962962964,0.7510219216346741,20.760426,71.897865,0.1933,1.9433783072012445
5KPE_2_2_2_0_combined_id3,1.7025282382965088,0.8804755806922913,90.39583333333331,0.79,2,2,92.89212962962964,0.7510219216346741,20.760426,71.897865,0.191,2.0119315253363714
5KPE_2_2_2_0_combined_id4,7.668850421905518,8.5588960647583,74.34287037037038,0.61,2,2,92.89212962962964,0.7510219216346741,20.760426,71.897865,0.1756,2.14284826208044
5KPE_2_2_2_0_combined_id5,1.3983570337295532,1.0105679035186768,91.8339814814815,0.79,2,2,92.89212962962964,0.7510219216346741,20.760426,71.897865,0.2349,2.109447196677879
5KPE_2_2_2_0_combined_id6,1.723124623298645,0.8412410616874695,89.42601851851852,0.75,2,2,92.89212962962964,0.7510219216346741,20.760426,71.897865,0.217,2.053888532850477
5KPE_2_2_2_0_combined_id7,1.5379098653793335,1.0896785259246826,88.28972222222222,0.75,2,2,92.89212962962964,0.7510219216346741,20.760426,71.897865,0.1854,2.1851193463360823
5KPE_2_2_2_0_combined_id8,1.218878984451294,1.2780972719192505,93.73759259259258,0.83,2,2,92.89212962962964,0.7510219216346741,20.760426,71.897865,0.2124,2.0832561916775174
5KPE_2_2_2_0_combined_id9,1.6218866109848022,1.416337013244629,90.29398148148148,0.79,2,2,92.89212962962964,0.7510219216346741,20.760426,71.897865,0.2275,1.9586417586715128
5KPE_2_2_3_0_combined_id1,1.4774912595748901,1.2243850231170654,90.54240740740742,0.79,2,2,93.17296296296298,0.5701616406440735,21.133627,71.355736,0.2225,2.090911723949291
5KPE_2_2_3_0_combined_id10,1.6065709590911865,0.9647051095962524,89.57675925925926,0.78,2,2,93.17296296296298,0.5701616406440735,21.133627,71.355736,0.1865,1.9648588675039784
5KPE_2_2_3_0_combined_id11,1.0000196695327759,1.3854997158050537,90.84999999999998,0.76,2,2,93.17296296296298,0.5701616406440735,21.133627,71.355736,0.2122,2.0015476368091725
5KPE_2_2_3_0_combined_id12,1.3603055477142334,0.8151701092720032,90.04462962962963,0.79,2,2,93.17296296296298,0.5701616406440735,21.133627,71.355736,0.2031,1.9671065719039351
5KPE_2_2_3_0_combined_id13,1.2520259618759155,1.357546091079712,90.91129629629629,0.79,2,2,93.17296296296298,0.5701616406440735,21.133627,71.355736,0.2068,2.251807036223235
5KPE_2_2_3_0_combined_id14,1.120661973953247,1.2025820016860962,89.78768518518518,0.76,2,2,93.17296296296298,0.5701616406440735,21.133627,71.355736,0.2202,2.006641953079789
5KPE_2_2_3_0_combined_id15,11.103943824768066,11.70877456665039,73.03027777777777,0.53,2,2,93.17296296296298,0.5701616406440735,21.133627,71.355736,0.2223,2.2427346971299915
5KPE_2_2_3_0_combined_id16,1.2563170194625854,1.0822502374649048,92.5312962962963,0.82,2,2,93.17296296296298,0.5701616406440735,21.133627,71.355736,0.2112,2.06035727041739
5KPE_2_2_3_0_combined_id17,1.6835851669311523,0.7739805579185486,90.2323148148148,0.8,2,2,93.17296296296298,0.5701616406440735,21.133627,71.355736,0.2178,2.179620530870226
5KPE_2_2_3_0_combined_id18,1.5936354398727417,0.7152513861656189,89.84981481481482,0.75,2,2,93.17296296296298,0.5701616406440735,21.133627,71.355736,0.199,1.9595927485713247
5KPE_2_2_3_0_combined_id19,1.4144985675811768,0.9574731588363647,91.01944444444445,0.8,2,2,93.17296296296298,0.5701616406440735,21.133627,71.355736,0.2229,2.278140174018012
5KPE_2_2_3_0_combined_id2,1.0227981805801392,1.0560580492019653,87.97592592592592,0.74,2,2,93.17296296296298,0.5701616406440735,21.133627,71.355736,0.2074,2.163235134548611
5KPE_2_2_3_0_combined_id20,1.398582100868225,1.1848323345184326,87.56453703703703,0.75,2,2,93.17296296296298,0.5701616406440735,21.133627,71.355736,0.1908,2.021600511338976
5KPE_2_2_3_0_combined_id21,1.6459404230117798,0.9916648864746094,88.49064814814814,0.77,2,2,93.17296296296298,0.5701616406440735,21.133627,71.355736,0.1903,2.1548408225730613
5KPE_2_2_3_0_combined_id22,1.4374158382415771,0.9253879189491272,92.49944444444444,0.81,2,2,93.17296296296298,0.5701616406440735,21.133627,71.355736,0.2106,2.123082054985894
5KPE_2_2_3_0_combined_id23,11.611062049865723,11.936383247375488,78.50759259259259,0.58,2,2,93.17296296296298,0.5701616406440735,21.133627,71.355736,0.2092,2.0802445588288485
5KPE_2_2_3_0_combined_id24,1.263674020767212,1.0741993188858032,89.93009259259259,0.78,2,2,93.17296296296298,0.5701616406440735,21.133627,71.355736,0.2056,1.919486434371383
5KPE_2_2_3_0_combined_id3,1.4323087930679321,0.8575321435928345,89.50694444444444,0.76,2,2,93.17296296296298,0.5701616406440735,21.133627,71.355736,0.2214,2.087757534450955
5KPE_2_2_3_0_combined_id4,1.6937155723571777,0.8644930124282837,88.17574074074075,0.78,2,2,93.17296296296298,0.5701616406440735,21.133627,71.355736,0.19,2.0457752369068287
5KPE_2_2_3_0_combined_id5,1.4983760118484497,0.9403237700462341,92.79037037037038,0.84,2,2,93.17296296296298,0.5701616406440735,21.133627,71.355736,0.2032,2.320051122594762
5KPE_2_2_3_0_combined_id6,1.602186679840088,0.9548876285552979,89.81712962962963,0.79,2,2,93.17296296296298,0.5701616406440735,21.133627,71.355736,0.193,1.992879796911169
5KPE_2_2_3_0_combined_id7,2.617136240005493,1.8247299194335938,68.60638888888889,0.57,2,2,93.17296296296298,0.5701616406440735,21.133627,71.355736,0.1815,2.189721849229601
5KPE_2_2_3_0_combined_id8,1.3177319765090942,0.8720270991325378,92.56731481481482,0.8,2,2,93.17296296296298,0.5701616406440735,21.133627,71.355736,0.2047,1.9736099243164065
5KPE_2_2_3_0_combined_id9,0.8842957615852356,1.406881332397461,92.29379629629628,0.8,2,2,93.17296296296298,0.5701616406440735,21.133627,71.355736,0.2004,2.059501789234303
5KPE_2_2_5_0_combined_id1,1.3548119068145752,1.6122452020645142,91.66833333333334,0.78,2,2,94.38935185185184,0.7625590562820435,20.67701,68.1722,0.2112,2.177002800835504
5KPE_2_2_5_0_combined_id10,2.3241546154022217,1.7068792581558228,83.9164814814815,0.71,2,2,94.38935185185184,0.7625590562820435,20.67701,68.1722,0.2015,2.0858021488896124
5KPE_2_2_5_0_combined_id11,1.254570484161377,1.9485805034637451,87.72648148148149,0.68,2,2,94.38935185185184,0.7625590562820435,20.67701,68.1722,0.1818,2.043785236499928
5KPE_2_2_5_0_combined_id12,1.4777343273162842,1.3465375900268555,91.83157407407408,0.79,2,2,94.38935185185184,0.7625590562820435,20.67701,68.1722,0.1903,2.1352370933250144
5KPE_2_2_5_0_combined_id13,1.0816105604171753,1.3186554908752441,87.4238888888889,0.72,2,2,94.38935185185184,0.7625590562820435,20.67701,68.1722,0.195,2.0243331061469183
5KPE_2_2_5_0_combined_id14,1.1539239883422852,0.8789607882499695,90.61527777777776,0.76,2,2,94.38935185185184,0.7625590562820435,20.67701,68.1722,0.1824,2.091310289171007
5KPE_2_2_5_0_combined_id15,1.4212040901184082,1.083979606628418,90.27648148148148,0.77,2,2,94.38935185185184,0.7625590562820435,20.67701,68.1722,0.1918,2.017213609483507
5KPE_2_2_5_0_combined_id16,1.4610464572906494,1.0471222400665283,89.27324074074073,0.74,2,2,94.38935185185184,0.7625590562820435,20.67701,68.1722,0.203,1.8800458554868344
5KPE_2_2_5_0_combined_id17,1.3696982860565186,1.1552667617797852,92.49546296296296,0.81,2,2,94.38935185185184,0.7625590562820435,20.67701,68.1722,0.1778,2.223207261827257
5KPE_2_2_5_0_combined_id18,1.3442617654800415,1.3629964590072632,88.37342592592593,0.77,2,2,94.38935185185184,0.7625590562820435,20.67701,68.1722,0.1978,2.1304117838541665
5KPE_2_2_5_0_combined_id19,4.179417610168457,3.836597204208374,76.31324074074074,0.65,2,2,94.38935185185184,0.7625590562820435,20.67701,68.1722,0.1688,2.141194944028501
5KPE_2_2_5_0_combined_id2,1.0459551811218262,1.178760290145874,86.87083333333332,0.72,2,2,94.38935185185184,0.7625590562820435,20.67701,68.1722,0.2116,2.182929710105613
5KPE_2_2_5_0_combined_id20,1.589213252067566,1.1384429931640625,81.71259259259259,0.64,2,2,94.38935185185184,0.7625590562820435,20.67701,68.1722,0.196,1.89271969265408
5KPE_2_2_5_0_combined_id21,1.1766263246536255,1.2714365720748901,85.4039814814815,0.71,2,2,94.38935185185184,0.7625590562820435,20.67701,68.1722,0.1793,2.276550858109086
5KPE_2_2_5_0_combined_id22,1.08737313747406,1.1796189546585083,89.88064814814814,0.75,2,2,94.38935185185184,0.7625590562820435,20.67701,68.1722,0.2021,2.115476961489077
5KPE_2_2_5_0_combined_id23,1.9821826219558716,1.1282122135162354,90.9726851851852,0.8,2,2,94.38935185185184,0.7625590562820435,20.67701,68.1722,0.1982,2.089685228135851
5KPE_2_2_5_0_combined_id24,1.5141141414642334,1.3973963260650635,84.48416666666665,0.68,2,2,94.38935185185184,0.7625590562820435,20.67701,68.1722,0.1716,2.0629215946903936
5KPE_2_2_5_0_combined_id3,1.3116399049758911,0.9779340028762817,85.21611111111112,0.72,2,2,94.38935185185184,0.7625590562820435,20.67701,68.1722,0.2017,2.158659475821036
5KPE_2_2_5_0_combined_id4,1.342139720916748,0.9959424138069153,87.71620370370371,0.74,2,2,94.38935185185184,0.7625590562820435,20.67701,68.1722,0.1995,2.047274836787471
5KPE_2_2_5_0_combined_id5,10.846022605895996,11.668706893920898,78.84194444444445,0.62,2,2,94.38935185185184,0.7625590562820435,20.67701,68.1722,0.2018,2.323307319923684
5KPE_2_2_5_0_combined_id6,7.16520357131958,8.047130584716797,67.0311111111111,0.53,2,2,94.38935185185184,0.7625590562820435,20.67701,68.1722,0.1716,2.21775789614077
5KPE_2_2_5_0_combined_id7,1.3799983263015747,1.269951343536377,92.15814814814814,0.81,2,2,94.38935185185184,0.7625590562820435,20.67701,68.1722,0.1913,2.062178717719184
5KPE_2_2_5_0_combined_id8,1.2521562576293945,1.1796127557754517,87.40509259259258,0.72,2,2,94.38935185185184,0.7625590562820435,20.67701,68.1722,0.187,1.996229101110388
5KPE_2_2_5_0_combined_id9,1.6827211380004883,0.9459450840950012,85.04601851851855,0.71,2,2,94.38935185185184,0.7625590562820435,20.67701,68.1722,0.2002,1.9887684009693287
5KPE_2_2_6_0_combined_id1,1.4421931505203247,0.8805500864982605,92.9726851851852,0.82,2,2,94.9039814814815,0.5478578805923462,20.985851,70.200714,0.1853,2.0476499486852577
5KPE_2_2_6_0_combined_id10,1.2638288736343384,1.1624242067337036,90.56296296296296,0.78,2,2,94.9039814814815,0.5478578805923462,20.985851,70.200714,0.1958,2.004276982060185
5KPE_2_2_6_0_combined_id11,1.5559481382369995,1.0310605764389038,92.0175925925926,0.83,2,2,94.9039814814815,0.5478578805923462,20.985851,70.200714,0.2035,2.052270112214265
5KPE_2_2_6_0_combined_id12,1.0105496644973755,1.4372788667678833,91.67157407407406,0.83,2,2,94.9039814814815,0.5478578805923462,20.985851,70.200714,0.1943,1.9214180840386288
5KPE_2_2_6_0_combined_id13,1.421894907951355,1.0405741930007935,91.3277777777778,0.78,2,2,94.9039814814815,0.5478578805923462,20.985851,70.200714,0.1983,2.005455864800348
5KPE_2_2_6_0_combined_id14,1.118010401725769,1.1006157398223877,88.25518518518518,0.74,2,2,94.9039814814815,0.5478578805923462,20.985851,70.200714,0.199,2.000040548819083
5KPE_2_2_6_0_combined_id15,1.1660609245300293,1.2125993967056274,91.75314814814816,0.82,2,2,94.9039814814815,0.5478578805923462,20.985851,70.200714,0.2153,2.106596487539786
5KPE_2_2_6_0_combined_id16,1.3833284378051758,1.0307284593582153,91.51555555555554,0.8,2,2,94.9039814814815,0.5478578805923462,20.985851,70.200714,0.2047,2.077382546884042
5KPE_2_2_6_0_combined_id17,1.1355371475219727,1.3656631708145142,91.20537037037036,0.79,2,2,94.9039814814815,0.5478578805923462,20.985851,70.200714,0.1958,2.026253311722367
5KPE_2_2_6_0_combined_id18,1.0995142459869385,1.112493634223938,91.15138888888887,0.8,2,2,94.9039814814815,0.5478578805923462,20.985851,70.200714,0.2153,1.89077236034252
5KPE_2_2_6_0_combined_id19,2.6284215450286865,2.0915462970733643,81.36851851851853,0.66,2,2,94.9039814814815,0.5478578805923462,20.985851,70.200714,0.2096,2.216020796034071
5KPE_2_2_6_0_combined_id2,1.396649956703186,1.2883594036102295,86.65046296296296,0.72,2,2,94.9039814814815,0.5478578805923462,20.985851,70.200714,0.1923,2.250064143428096
5KPE_2_2_6_0_combined_id20,10.944748878479004,10.83388614654541,80.84212962962964,0.69,2,2,94.9039814814815,0.5478578805923462,20.985851,70.200714,0.1963,2.119213245533131
5KPE_2_2_6_0_combined_id21,1.3118847608566284,0.7931972742080688,84.78796296296296,0.67,2,2,94.9039814814815,0.5478578805923462,20.985851,70.200714,0.1838,2.0831790500217013
5KPE_2_2_6_0_combined_id22,1.2891082763671875,1.0134623050689697,90.45768518518518,0.76,2,2,94.9039814814815,0.5478578805923462,20.985851,70.200714,0.1852,2.088141123453776
5KPE_2_2_6_0_combined_id23,1.1159082651138306,1.3205026388168335,91.08750000000002,0.75,2,2,94.9039814814815,0.5478578805923462,20.985851,70.200714,0.1964,1.9870950204354745
5KPE_2_2_6_0_combined_id24,1.4719034433364868,0.9481264352798462,88.91509259259259,0.73,2,2,94.9039814814815,0.5478578805923462,20.985851,70.200714,0.2034,2.095565089473018
5KPE_2_2_6_0_combined_id3,0.9620090126991272,1.5213043689727783,93.9286111111111,0.85,2,2,94.9039814814815,0.5478578805923462,20.985851,70.200714,0.2105,2.005549678096065
5KPE_2_2_6_0_combined_id4,1.4959721565246582,1.101345419883728,85.44972222222223,0.72,2,2,94.9039814814815,0.5478578805923462,20.985851,70.200714,0.2177,2.082083101625796
5KPE_2_2_6_0_combined_id5,1.2114943265914917,1.3030325174331665,90.95416666666668,0.78,2,2,94.9039814814815,0.5478578805923462,20.985851,70.200714,0.1978,1.9768381471987124
5KPE_2_2_6_0_combined_id6,1.3367676734924316,0.8385230302810669,87.74296296296296,0.74,2,2,94.9039814814815,0.5478578805923462,20.985851,70.200714,0.1889,1.9161840368200231
5KPE_2_2_6_0_combined_id7,1.506277084350586,0.7938666343688965,91.38694444444444,0.78,2,2,94.9039814814815,0.5478578805923462,20.985851,70.200714,0.205,1.9303642555519387
5KPE_2_2_6_0_combined_id8,1.3652032613754272,1.2354010343551636,92.84166666666668,0.82,2,2,94.9039814814815,0.5478578805923462,20.985851,70.200714,0.1958,2.1225354229962385
5KPE_2_2_6_0_combined_id9,1.2525289058685303,1.035612940788269,89.68490740740742,0.78,2,2,94.9039814814815,0.5478578805923462,20.985851,70.200714,0.1944,1.9603296915690105
5KPE_2_2_7_0_combined_id1,1.4502521753311157,1.4085618257522583,89.77527777777777,0.77,2,2,89.6999074074074,0.6385607123374939,21.243507,71.84392,0.2046,2.228885509349681
5KPE_2_2_7_0_combined_id10,1.6186994314193726,0.921413004398346,87.64750000000001,0.75,2,2,89.6999074074074,0.6385607123374939,21.243507,71.84392,0.1904,2.044980932165075
5KPE_2_2_7_0_combined_id11,9.074623107910156,9.416444778442383,80.86620370370372,0.67,2,2,89.6999074074074,0.6385607123374939,21.243507,71.84392,0.1854,2.2253875732421875
5KPE_2_2_7_0_combined_id12,1.1258126497268677,1.3205230236053467,91.70444444444446,0.78,2,2,89.6999074074074,0.6385607123374939,21.243507,71.84392,0.2085,2.192128640634042
5KPE_2_2_7_0_combined_id13,1.0357699394226074,1.3619370460510254,93.1073148148148,0.81,2,2,89.6999074074074,0.6385607123374939,21.243507,71.84392,0.2248,2.078646059389468
5KPE_2_2_7_0_combined_id14,1.597022294998169,0.8930067420005798,91.9524074074074,0.79,2,2,89.6999074074074,0.6385607123374939,21.243507,71.84392,0.1964,2.045184100115741
5KPE_2_2_7_0_combined_id15,1.4661625623703003,1.3884742259979248,79.83444444444443,0.66,2,2,89.6999074074074,0.6385607123374939,21.243507,71.84392,0.1958,2.13008795844184
5KPE_2_2_7_0_combined_id16,7.543268203735352,8.579061508178711,70.00546296296295,0.53,2,2,89.6999074074074,0.6385607123374939,21.243507,71.84392,0.1769,2.012974915681062
5KPE_2_2_7_0_combined_id17,1.3448225259780884,1.1043438911437988,88.26342592592593,0.72,2,2,89.6999074074074,0.6385607123374939,21.243507,71.84392,0.1858,2.155127207438151
5KPE_2_2_7_0_combined_id18,2.850193500518799,2.4678783416748047,77.14657407407405,0.6,2,2,89.6999074074074,0.6385607123374939,21.243507,71.84392,0.1937,2.123655248571325
5KPE_2_2_7_0_combined_id19,1.9735593795776367,1.600416898727417,87.36777777777777,0.71,2,2,89.6999074074074,0.6385607123374939,21.243507,71.84392,0.1751,2.170089862964772
5KPE_2_2_7_0_combined_id2,1.7444411516189575,1.345889687538147,80.08675925925927,0.61,2,2,89.6999074074074,0.6385607123374939,21.243507,71.84392,0.1648,2.01792879457827
5KPE_2_2_7_0_combined_id20,1.927873969078064,1.061820149421692,88.53138888888888,0.75,2,2,89.6999074074074,0.6385607123374939,21.243507,71.84392,0.1909,2.118207437020761
5KPE_2_2_7_0_combined_id21,1.688580870628357,1.2325924634933472,88.53379629629632,0.72,2,2,89.6999074074074,0.6385607123374939,21.243507,71.84392,0.2116,2.0883879484953702
5KPE_2_2_7_0_combined_id22,0.8563825488090515,1.3833986520767212,88.75203703703704,0.74,2,2,89.6999074074074,0.6385607123374939,21.243507,71.84392,0.1752,2.15953290020978
5KPE_2_2_7_0_combined_id23,1.668566346168518,1.1913280487060547,75.5450925925926,0.6,2,2,89.6999074074074,0.6385607123374939,21.243507,71.84392,0.1967,2.199337429470486
5KPE_2_2_7_0_combined_id24,1.0466135740280151,0.9647441506385803,86.98787037037036,0.69,2,2,89.6999074074074,0.6385607123374939,21.243507,71.84392,0.2138,1.92826419406467
5KPE_2_2_7_0_combined_id3,1.6593191623687744,1.018526554107666,90.33342592592592,0.75,2,2,89.6999074074074,0.6385607123374939,21.243507,71.84392,0.1832,2.158932438603154
5KPE_2_2_7_0_combined_id4,10.938855171203613,11.625433921813965,81.03925925925925,0.69,2,2,89.6999074074074,0.6385607123374939,21.243507,71.84392,0.1902,2.0591102882667824
5KPE_2_2_7_0_combined_id5,1.4745036363601685,0.8473590016365051,84.26268518518519,0.67,2,2,89.6999074074074,0.6385607123374939,21.243507,71.84392,0.1949,1.978767818874783
5KPE_2_2_7_0_combined_id6,4.065298557281494,3.2351062297821045,73.46305555555554,0.63,2,2,89.6999074074074,0.6385607123374939,21.243507,71.84392,0.1755,2.165140646475333
5KPE_2_2_7_0_combined_id7,3.195952892303467,2.4936704635620117,69.37055555555555,0.57,2,2,89.6999074074074,0.6385607123374939,21.243507,71.84392,0.1707,1.9876960471824363
5KPE_2_2_7_0_combined_id8,2.6678125858306885,2.4087653160095215,68.52194444444444,0.6,2,2,89.6999074074074,0.6385607123374939,21.243507,71.84392,0.2163,2.0634166576244213
5KPE_2_2_7_0_combined_id9,9.776056289672852,9.932731628417969,80.5950925925926,0.66,2,2,89.6999074074074,0.6385607123374939,21.243507,71.84392,0.1994,2.0708320052535445
5KPE_2_2_8_0_combined_id1,1.2326390743255615,1.2737687826156616,88.78064814814815,0.74,2,2,93.22398148148147,0.5698420405387878,21.046297,68.51644,0.2165,2.2370007832845054
5KPE_2_2_8_0_combined_id10,1.4369449615478516,0.921151876449585,87.00527777777778,0.72,2,2,93.22398148148147,0.5698420405387878,21.046297,68.51644,0.2022,2.1135741339789496
5KPE_2_2_8_0_combined_id11,1.4855436086654663,1.0614123344421387,90.83425925925924,0.81,2,2,93.22398148148147,0.5698420405387878,21.046297,68.51644,0.2139,2.1332804361979165
5KPE_2_2_8_0_combined_id12,8.276156425476074,8.513761520385742,73.2986111111111,0.56,2,2,93.22398148148147,0.5698420405387878,21.046297,68.51644,0.2122,2.224567695900246
5KPE_2_2_8_0_combined_id13,2.201550006866455,1.729467511177063,85.15592592592593,0.66,2,2,93.22398148148147,0.5698420405387878,21.046297,68.51644,0.2114,2.077593768084491
5KPE_2_2_8_0_combined_id14,1.3048126697540283,1.386693000793457,90.33805555555556,0.77,2,2,93.22398148148147,0.5698420405387878,21.046297,68.51644,0.1777,2.1679770858199507
5KPE_2_2_8_0_combined_id15,8.173064231872559,9.02415657043457,71.76435185185186,0.59,2,2,93.22398148148147,0.5698420405387878,21.046297,68.51644,0.1943,2.215328922978154
5KPE_2_2_8_0_combined_id16,0.9942775368690491,1.7446866035461426,89.02907407407407,0.76,2,2,93.22398148148147,0.5698420405387878,21.046297,68.51644,0.1739,2.187731990107784
5KPE_2_2_8_0_combined_id17,1.4371910095214844,1.624497652053833,89.87490740740742,0.78,2,2,93.22398148148147,0.5698420405387878,21.046297,68.51644,0.1916,2.280694749620226
5KPE_2_2_8_0_combined_id18,1.3567934036254883,1.1120716333389282,91.9849074074074,0.81,2,2,93.22398148148147,0.5698420405387878,21.046297,68.51644,0.2155,2.114533035843461
5KPE_2_2_8_0_combined_id19,0.9669523239135742,1.3359194993972778,91.8637962962963,0.81,2,2,93.22398148148147,0.5698420405387878,21.046297,68.51644,0.1937,2.0812741032353155
5KPE_2_2_8_0_combined_id2,2.021974563598633,1.2570948600769043,84.11259259259259,0.67,2,2,93.22398148148147,0.5698420405387878,21.046297,68.51644,0.1839,2.0828641255696616
5KPE_2_2_8_0_combined_id20,10.444202423095703,11.234280586242676,81.43268518518518,0.69,2,2,93.22398148148147,0.5698420405387878,21.046297,68.51644,0.1821,2.007729141800492
5KPE_2_2_8_0_combined_id21,1.0863909721374512,1.4697500467300415,93.87583333333332,0.84,2,2,93.22398148148147,0.5698420405387878,21.046297,68.51644,0.2016,2.204761646412037
5KPE_2_2_8_0_combined_id22,1.1782211065292358,1.0179744958877563,91.93972222222222,0.82,2,2,93.22398148148147,0.5698420405387878,21.046297,68.51644,0.2119,2.2006929185655384
5KPE_2_2_8_0_combined_id23,1.5119708776474,1.267851710319519,93.75453703703704,0.85,2,2,93.22398148148147,0.5698420405387878,21.046297,68.51644,0.1882,2.067489624023437
5KPE_2_2_8_0_combined_id24,1.2728840112686157,1.0486359596252441,91.82962962962962,0.81,2,2,93.22398148148147,0.5698420405387878,21.046297,68.51644,0.1852,2.217260572645399
5KPE_2_2_8_0_combined_id3,1.3436578512191772,1.2090880870819092,88.15064814814815,0.76,2,2,93.22398148148147,0.5698420405387878,21.046297,68.51644,0.189,2.215128015588831
5KPE_2_2_8_0_combined_id4,1.5563045740127563,1.4346956014633179,82.21037037037037,0.64,2,2,93.22398148148147,0.5698420405387878,21.046297,68.51644,0.1726,2.102996826171875
5KPE_2_2_8_0_combined_id5,2.55661678314209,2.9577009677886963,74.92444444444445,0.65,2,2,93.22398148148147,0.5698420405387878,21.046297,68.51644,0.2003,2.201635713930483
5KPE_2_2_8_0_combined_id6,1.0718939304351807,1.1286582946777344,92.640462962963,0.83,2,2,93.22398148148147,0.5698420405387878,21.046297,68.51644,0.2097,2.130991476553458
5KPE_2_2_8_0_combined_id7,0.9965296983718872,1.5253310203552246,85.82,0.69,2,2,93.22398148148147,0.5698420405387878,21.046297,68.51644,0.2039,2.0203846119068287
5KPE_2_2_8_0_combined_id8,0.8886104226112366,1.4730181694030762,88.78842592592594,0.73,2,2,93.22398148148147,0.5698420405387878,21.046297,68.51644,0.1839,2.079829321967231
5KPE_2_2_8_0_combined_id9,1.296646237373352,1.0591611862182617,91.57509259259258,0.8,2,2,93.22398148148147,0.5698420405387878,21.046297,68.51644,0.1904,2.135202478479456
5KPE_2_2_9_0_combined_id1,1.0086067914962769,1.5441206693649292,90.99416666666669,0.77,2,2,94.77787037037037,0.6714420318603516,20.472088,69.20877,0.2155,2.0426096033166954
5KPE_2_2_9_0_combined_id10,2.0259735584259033,2.359011650085449,86.72333333333333,0.67,2,2,94.77787037037037,0.6714420318603516,20.472088,69.20877,0.1887,1.9128409491644964
5KPE_2_2_9_0_combined_id11,1.3166359663009644,1.3134782314300537,86.3210185185185,0.7,2,2,94.77787037037037,0.6714420318603516,20.472088,69.20877,0.1779,1.955768726490162
5KPE_2_2_9_0_combined_id12,1.5278700590133667,1.7795053720474243,86.53231481481482,0.72,2,2,94.77787037037037,0.6714420318603516,20.472088,69.20877,0.1926,1.988834239818432
5KPE_2_2_9_0_combined_id13,1.4061075448989868,1.5048164129257202,88.23574074074074,0.72,2,2,94.77787037037037,0.6714420318603516,20.472088,69.20877,0.1803,2.3290960523817272
5KPE_2_2_9_0_combined_id14,0.865562915802002,1.7457090616226196,91.19314814814815,0.78,2,2,94.77787037037037,0.6714420318603516,20.472088,69.20877,0.2058,2.130573131419994
5KPE_2_2_9_0_combined_id15,0.993085503578186,1.3815141916275024,93.00518518518518,0.79,2,2,94.77787037037037,0.6714420318603516,20.472088,69.20877,0.1998,2.235069274902344
5KPE_2_2_9_0_combined_id16,1.2849795818328857,1.5018038749694824,89.10074074074073,0.75,2,2,94.77787037037037,0.6714420318603516,20.472088,69.20877,0.2061,1.862171596950955
5KPE_2_2_9_0_combined_id17,10.802552223205566,11.113661766052246,77.82935185185185,0.64,2,2,94.77787037037037,0.6714420318603516,20.472088,69.20877,0.2269,2.17289055718316
5KPE_2_2_9_0_combined_id18,1.1220877170562744,1.4526697397232056,88.03675925925924,0.75,2,2,94.77787037037037,0.6714420318603516,20.472088,69.20877,0.2005,1.9755870677806715
5KPE_2_2_9_0_combined_id19,9.620749473571777,9.750574111938477,80.34148148148148,0.64,2,2,94.77787037037037,0.6714420318603516,20.472088,69.20877,0.216,2.060199596263744
5KPE_2_2_9_0_combined_id2,1.1992015838623047,1.267511248588562,87.89314814814814,0.74,2,2,94.77787037037037,0.6714420318603516,20.472088,69.20877,0.2137,1.997623867458768
5KPE_2_2_9_0_combined_id20,1.0594228506088257,1.3987170457839966,93.03898148148149,0.81,2,2,94.77787037037037,0.6714420318603516,20.472088,69.20877,0.2086,2.070404617874711
5KPE_2_2_9_0_combined_id21,1.323025107383728,1.6340912580490112,89.50592592592591,0.75,2,2,94.77787037037037,0.6714420318603516,20.472088,69.20877,0.2006,1.9779458222565829
5KPE_2_2_9_0_combined_id22,7.2508087158203125,8.017477035522461,74.88935185185184,0.6,2,2,94.77787037037037,0.6714420318603516,20.472088,69.20877,0.2152,2.193300317834925
5KPE_2_2_9_0_combined_id23,1.3745185136795044,1.4107304811477661,92.39648148148147,0.8,2,2,94.77787037037037,0.6714420318603516,20.472088,69.20877,0.2061,1.9924584847909432
5KPE_2_2_9_0_combined_id24,1.128318428993225,1.6668362617492676,84.71703703703703,0.68,2,2,94.77787037037037,0.6714420318603516,20.472088,69.20877,0.1806,1.9518158524124711
5KPE_2_2_9_0_combined_id3,1.22372567653656,1.1882740259170532,87.92824074074075,0.74,2,2,94.77787037037037,0.6714420318603516,20.472088,69.20877,0.1844,2.0473851804380065
5KPE_2_2_9_0_combined_id4,10.719337463378906,10.922286033630371,83.92416666666666,0.68,2,2,94.77787037037037,0.6714420318603516,20.472088,69.20877,0.1949,2.2337797659414784
5KPE_2_2_9_0_combined_id5,9.744928359985352,9.717926025390625,79.86861111111112,0.58,2,2,94.77787037037037,0.6714420318603516,20.472088,69.20877,0.1884,1.952451917860243
5KPE_2_2_9_0_combined_id6,1.2134654521942139,1.3902660608291626,92.04407407407406,0.79,2,2,94.77787037037037,0.6714420318603516,20.472088,69.20877,0.1836,2.228427039252387
5KPE_2_2_9_0_combined_id7,0.897268533706665,1.6133631467819214,89.58083333333335,0.75,2,2,94.77787037037037,0.6714420318603516,20.472088,69.20877,0.21,2.184541207772714
5KPE_2_2_9_0_combined_id8,1.0862704515457153,1.7663583755493164,92.24416666666666,0.78,2,2,94.77787037037037,0.6714420318603516,20.472088,69.20877,0.2107,2.180836147732205
5KPE_2_2_9_0_combined_id9,1.115143060684204,1.6814521551132202,91.03546296296297,0.77,2,2,94.77787037037037,0.6714420318603516,20.472088,69.20877,0.1944,2.013485802544488
5KPE_2_4_0_0_combined_id1,1.2907429933547974,1.2140042781829834,85.94027777777777,0.69,2,4,91.5425925925926,0.6593427062034607,20.626726,70.6633,0.1858,2.0304609228063515
5KPE_2_4_0_0_combined_id10,1.4932337999343872,0.8963584899902344,92.27194444444444,0.79,2,4,91.5425925925926,0.6593427062034607,20.626726,70.6633,0.1933,2.1702533298068576
5KPE_2_4_0_0_combined_id11,2.064474105834961,1.4911506175994873,87.84120370370371,0.76,2,4,91.5425925925926,0.6593427062034607,20.626726,70.6633,0.1858,2.155629758481626
5KPE_2_4_0_0_combined_id12,1.1370347738265991,1.4478759765625,92.23611111111111,0.81,2,4,91.5425925925926,0.6593427062034607,20.626726,70.6633,0.1982,2.086107042100694
5KPE_2_4_0_0_combined_id13,1.099343180656433,1.2075520753860474,93.60694444444444,0.82,2,4,91.5425925925926,0.6593427062034607,20.626726,70.6633,0.1995,2.161060898392289
5KPE_2_4_0_0_combined_id14,1.0941108465194702,1.563814640045166,91.60175925925928,0.81,2,4,91.5425925925926,0.6593427062034607,20.626726,70.6633,0.1944,2.120916578504774
5KPE_2_4_0_0_combined_id15,0.9181737303733826,1.5981581211090088,92.9739814814815,0.83,2,4,91.5425925925926,0.6593427062034607,20.626726,70.6633,0.1781,2.1249262491861978
5KPE_2_4_0_0_combined_id16,1.8977348804473877,1.4923007488250732,79.81388888888888,0.67,2,4,91.5425925925926,0.6593427062034607,20.626726,70.6633,0.2039,2.2530184145326966
5KPE_2_4_0_0_combined_id17,4.245227813720703,4.32197904586792,66.78953703703704,0.54,2,4,91.5425925925926,0.6593427062034607,20.626726,70.6633,0.1862,1.9633704291449647
5KPE_2_4_0_0_combined_id18,4.180248737335205,4.286608695983887,69.26648148148149,0.56,2,4,91.5425925925926,0.6593427062034607,20.626726,70.6633,0.1809,2.0094471684208624
5KPE_2_4_0_0_combined_id19,0.9492591619491577,1.0088317394256592,88.12314814814815,0.74,2,4,91.5425925925926,0.6593427062034607,20.626726,70.6633,0.1699,2.293711061830874
5KPE_2_4_0_0_combined_id2,1.4437191486358643,0.9769382476806641,84.6874074074074,0.7,2,4,91.5425925925926,0.6593427062034607,20.626726,70.6633,0.1819,2.141936125578704
5KPE_2_4_0_0_combined_id20,8.356279373168945,8.540599822998047,82.3637962962963,0.62,2,4,91.5425925925926,0.6593427062034607,20.626726,70.6633,0.1927,2.150968904848452
5KPE_2_4_0_0_combined_id21,1.7047693729400635,1.1684495210647583,83.41787037037038,0.66,2,4,91.5425925925926,0.6593427062034607,20.626726,70.6633,0.2038,2.1352236712420427
5KPE_2_4_0_0_combined_id22,1.1776454448699951,1.2541544437408447,90.37194444444444,0.77,2,4,91.5425925925926,0.6593427062034607,20.626726,70.6633,0.1841,2.123327467176649
5KPE_2_4_0_0_combined_id23,1.4075218439102173,1.093314290046692,85.22768518518518,0.71,2,4,91.5425925925926,0.6593427062034607,20.626726,70.6633,0.18,2.209634851526331
5KPE_2_4_0_0_combined_id24,1.335678219795227,1.3795063495635986,84.79361111111112,0.68,2,4,91.5425925925926,0.6593427062034607,20.626726,70.6633,0.1665,2.1492457919650607
5KPE_2_4_0_0_combined_id3,3.8219680786132812,3.215283155441284,66.80694444444444,0.54,2,4,91.5425925925926,0.6593427062034607,20.626726,70.6633,0.1719,2.1077602527759693
5KPE_2_4_0_0_combined_id4,10.654464721679688,11.189582824707031,79.14666666666665,0.67,2,4,91.5425925925926,0.6593427062034607,20.626726,70.6633,0.2072,2.1639299745912903
5KPE_2_4_0_0_combined_id5,1.3928099870681763,1.067296028137207,89.98472222222225,0.76,2,4,91.5425925925926,0.6593427062034607,20.626726,70.6633,0.1853,2.202005315709997
5KPE_2_4_0_0_combined_id6,1.170457124710083,1.196895718574524,88.98685185185184,0.77,2,4,91.5425925925926,0.6593427062034607,20.626726,70.6633,0.1943,2.139556037055121
5KPE_2_4_0_0_combined_id7,1.493192195892334,1.2554861307144165,81.80444444444444,0.7,2,4,91.5425925925926,0.6593427062034607,20.626726,70.6633,0.1864,2.146283185040509
5KPE_2_4_0_0_combined_id8,1.4714328050613403,1.674116849899292,88.13648148148147,0.74,2,4,91.5425925925926,0.6593427062034607,20.626726,70.6633,0.1901,2.0639556602195457
5KPE_2_4_0_0_combined_id9,1.6160997152328491,1.31722891330719,85.10222222222222,0.69,2,4,91.5425925925926,0.6593427062034607,20.626726,70.6633,0.1808,2.171306468822338
5KPE_2_4_1_0_combined_id1,1.2590125799179077,1.3105485439300537,89.65555555555557,0.72,2,4,92.15500000000002,0.5598019361495972,20.047535,70.46342,0.1923,2.1288144146954573
5KPE_2_4_1_0_combined_id10,1.2516297101974487,1.511858582496643,91.0175925925926,0.8,2,4,92.15500000000002,0.5598019361495972,20.047535,70.46342,0.1767,2.306253503870081
5KPE_2_4_1_0_combined_id11,1.4293321371078491,1.282495379447937,91.62129629629628,0.77,2,4,92.15500000000002,0.5598019361495972,20.047535,70.46342,0.1994,2.1648406982421875
5KPE_2_4_1_0_combined_id12,1.565166711807251,1.7162561416625977,90.5225,0.79,2,4,92.15500000000002,0.5598019361495972,20.047535,70.46342,0.1894,2.167265997992621
5KPE_2_4_1_0_combined_id13,1.2317670583724976,1.187511682510376,89.70888888888888,0.73,2,4,92.15500000000002,0.5598019361495972,20.047535,70.46342,0.1833,2.1584814566153065
5KPE_2_4_1_0_combined_id14,1.1620700359344482,1.4925473928451538,92.8076851851852,0.83,2,4,92.15500000000002,0.5598019361495972,20.047535,70.46342,0.2004,2.149611155192057
5KPE_2_4_1_0_combined_id15,1.2266525030136108,1.514994502067566,88.9912962962963,0.75,2,4,92.15500000000002,0.5598019361495972,20.047535,70.46342,0.1767,2.092996950502749
5KPE_2_4_1_0_combined_id16,7.978791236877441,9.090482711791992,71.70453703703704,0.57,2,4,92.15500000000002,0.5598019361495972,20.047535,70.46342,0.1706,2.261190061216001
5KPE_2_4_1_0_combined_id17,1.092217206954956,1.3199951648712158,88.78592592592594,0.72,2,4,92.15500000000002,0.5598019361495972,20.047535,70.46342,0.2158,2.0377738387496382
5KPE_2_4_1_0_combined_id18,1.1555848121643066,1.7249153852462769,90.21027777777772,0.78,2,4,92.15500000000002,0.5598019361495972,20.047535,70.46342,0.1794,2.249740883156105
5KPE_2_4_1_0_combined_id19,1.5143797397613525,1.0668765306472778,93.03666666666668,0.82,2,4,92.15500000000002,0.5598019361495972,20.047535,70.46342,0.1897,2.3308094165943287
5KPE_2_4_1_0_combined_id2,1.4141323566436768,1.9146677255630493,88.48490740740739,0.74,2,4,92.15500000000002,0.5598019361495972,20.047535,70.46342,0.1923,2.117111347339772
5KPE_2_4_1_0_combined_id20,1.1906812191009521,1.7196322679519653,90.00527777777778,0.76,2,4,92.15500000000002,0.5598019361495972,20.047535,70.46342,0.1986,2.3151975561071327
5KPE_2_4_1_0_combined_id21,0.9005787372589111,1.7027894258499146,92.3049074074074,0.81,2,4,92.15500000000002,0.5598019361495972,20.047535,70.46342,0.187,2.1452245359067565
5KPE_2_4_1_0_combined_id22,1.6792734861373901,1.027877926826477,86.12453703703704,0.7,2,4,92.15500000000002,0.5598019361495972,20.047535,70.46342,0.2052,2.267406039767795
5KPE_2_4_1_0_combined_id23,2.609905481338501,2.2971625328063965,82.29425925925925,0.64,2,4,92.15500000000002,0.5598019361495972,20.047535,70.46342,0.1921,2.051059299045139
5KPE_2_4_1_0_combined_id24,1.0503298044204712,1.5225986242294312,86.66999999999997,0.73,2,4,92.15500000000002,0.5598019361495972,20.047535,70.46342,0.1954,2.219422093144169
5KPE_2_4_1_0_combined_id3,9.584925651550293,9.954741477966309,65.4325925925926,0.56,2,4,92.15500000000002,0.5598019361495972,20.047535,70.46342,0.1639,2.346328170211226
5KPE_2_4_1_0_combined_id4,1.3007762432098389,1.2488224506378174,88.46203703703704,0.75,2,4,92.15500000000002,0.5598019361495972,20.047535,70.46342,0.1822,2.0301606920030384
5KPE_2_4_1_0_combined_id5,1.2605681419372559,1.4656274318695068,84.54657407407406,0.74,2,4,92.15500000000002,0.5598019361495972,20.047535,70.46342,0.2063,2.1241192287868924
5KPE_2_4_1_0_combined_id6,1.0071805715560913,1.4240614175796509,90.0925,0.78,2,4,92.15500000000002,0.5598019361495972,20.047535,70.46342,0.171,2.074458369502315
5KPE_2_4_1_0_combined_id7,7.778115749359131,8.748172760009766,66.88629629629628,0.57,2,4,92.15500000000002,0.5598019361495972,20.047535,70.46342,0.1929,2.075320349799262
5KPE_2_4_1_0_combined_id8,1.3577324151992798,1.3856862783432007,87.46879629629629,0.73,2,4,92.15500000000002,0.5598019361495972,20.047535,70.46342,0.1933,2.112347920735677
5KPE_2_4_1_0_combined_id9,1.1858969926834106,1.380156397819519,89.11731481481482,0.73,2,4,92.15500000000002,0.5598019361495972,20.047535,70.46342,0.1726,2.145657292118779
5KPE_2_4_2_0_combined_id1,1.365356206893921,1.2532228231430054,86.77518518518517,0.72,2,4,93.53962962962962,0.5963259339332581,20.542744,73.10283,0.1907,2.238775465223524
5KPE_2_4_2_0_combined_id10,1.3770338296890259,1.2929524183273315,88.01287037037036,0.73,2,4,93.53962962962962,0.5963259339332581,20.542744,73.10283,0.1835,2.1115974143699363
5KPE_2_4_2_0_combined_id11,1.1909480094909668,1.081489086151123,86.62629629629629,0.72,2,4,93.53962962962962,0.5963259339332581,20.542744,73.10283,0.1933,2.183968438042535
5KPE_2_4_2_0_combined_id12,1.5107861757278442,1.6857080459594727,81.47435185185184,0.68,2,4,93.53962962962962,0.5963259339332581,20.542744,73.10283,0.1733,2.094790564643012
5KPE_2_4_2_0_combined_id13,4.279150009155273,3.542478084564209,74.40870370370371,0.51,2,4,93.53962962962962,0.5963259339332581,20.542744,73.10283,0.167,2.141034726743345
5KPE_2_4_2_0_combined_id14,1.3588203191757202,1.345618724822998,89.47888888888886,0.74,2,4,93.53962962962962,0.5963259339332581,20.542744,73.10283,0.1845,2.0897216796875
5KPE_2_4_2_0_combined_id15,1.1544972658157349,1.4333317279815674,85.38342592592592,0.69,2,4,93.53962962962962,0.5963259339332581,20.542744,73.10283,0.18,2.1921830353913485
5KPE_2_4_2_0_combined_id16,1.0821545124053955,1.2835462093353271,89.55620370370369,0.75,2,4,93.53962962962962,0.5963259339332581,20.542744,73.10283,0.1812,2.152185228135851
5KPE_2_4_2_0_combined_id17,1.185275673866272,1.4401038885116577,89.9335185185185,0.77,2,4,93.53962962962962,0.5963259339332581,20.542744,73.10283,0.178,2.1532058715820312
5KPE_2_4_2_0_combined_id18,1.5317937135696411,2.0459115505218506,84.62833333333334,0.65,2,4,93.53962962962962,0.5963259339332581,20.542744,73.10283,0.2071,2.1470028912579573
5KPE_2_4_2_0_combined_id19,1.070067286491394,1.3336576223373413,93.2399074074074,0.82,2,4,93.53962962962962,0.5963259339332581,20.542744,73.10283,0.1884,2.2273717809606484
5KPE_2_4_2_0_combined_id2,1.1389660835266113,1.4218711853027344,91.02416666666666,0.78,2,4,93.53962962962962,0.5963259339332581,20.542744,73.10283,0.1817,2.1902229874222368
5KPE_2_4_2_0_combined_id20,1.267614483833313,1.2447023391723633,88.63805555555557,0.73,2,4,93.53962962962962,0.5963259339332581,20.542744,73.10283,0.1739,2.142455630832248
5KPE_2_4_2_0_combined_id21,1.2185434103012085,1.116782307624817,88.71824074074074,0.75,2,4,93.53962962962962,0.5963259339332581,20.542744,73.10283,0.1942,2.057700828269676
5KPE_2_4_2_0_combined_id22,1.935436487197876,1.359081506729126,89.49925925925925,0.77,2,4,93.53962962962962,0.5963259339332581,20.542744,73.10283,0.1776,2.2475111219618054
5KPE_2_4_2_0_combined_id23,1.1485072374343872,1.5505330562591553,92.0011111111111,0.82,2,4,93.53962962962962,0.5963259339332581,20.542744,73.10283,0.1835,2.2891502380371094
5KPE_2_4_2_0_combined_id24,0.9727384448051453,1.6952319145202637,90.32444444444444,0.77,2,4,93.53962962962962,0.5963259339332581,20.542744,73.10283,0.1881,2.16556238245081
5KPE_2_4_2_0_combined_id3,1.6229486465454102,1.8226702213287354,92.53148148148146,0.82,2,4,93.53962962962962,0.5963259339332581,20.542744,73.10283,0.1769,2.2048616762514466
5KPE_2_4_2_0_combined_id4,1.0271954536437988,1.57505202293396,92.25481481481482,0.8,2,4,93.53962962962962,0.5963259339332581,20.542744,73.10283,0.1873,2.1698742619267217
5KPE_2_4_2_0_combined_id5,1.5620687007904053,1.2018916606903076,91.18861111111111,0.79,2,4,93.53962962962962,0.5963259339332581,20.542744,73.10283,0.174,2.0831129286024304
5KPE_2_4_2_0_combined_id6,1.3448448181152344,1.1810756921768188,86.27685185185184,0.72,2,4,93.53962962962962,0.5963259339332581,20.542744,73.10283,0.1925,2.125814084653501
5KPE_2_4_2_0_combined_id7,2.196408987045288,2.2804017066955566,88.86777777777779,0.77,2,4,93.53962962962962,0.5963259339332581,20.542744,73.10283,0.1938,2.21871241816768
5KPE_2_4_2_0_combined_id8,5.094616413116455,5.082228660583496,63.75314814814815,0.51,2,4,93.53962962962962,0.5963259339332581,20.542744,73.10283,0.1749,2.208743907787181
5KPE_2_4_2_0_combined_id9,1.2593330144882202,1.5087969303131104,90.37009259259264,0.76,2,4,93.53962962962962,0.5963259339332581,20.542744,73.10283,0.1886,2.108259978117766
5KPE_2_4_3_0_combined_id1,5.855872631072998,6.054022789001465,70.35212962962963,0.59,2,4,92.56175925925923,0.5822727680206299,20.28594,71.2938,0.1692,2.331030386465568
5KPE_2_4_3_0_combined_id10,1.0752265453338623,1.337341070175171,85.32740740740739,0.7,2,4,92.56175925925923,0.5822727680206299,20.28594,71.2938,0.1724,2.273699725115741
5KPE_2_4_3_0_combined_id11,1.3188023567199707,1.5320262908935547,87.00092592592591,0.73,2,4,92.56175925925923,0.5822727680206299,20.28594,71.2938,0.1617,2.1688904938874423
5KPE_2_4_3_0_combined_id12,1.1308618783950806,1.5526844263076782,89.9160185185185,0.8,2,4,92.56175925925923,0.5822727680206299,20.28594,71.2938,0.198,2.2315935205530235
5KPE_2_4_3_0_combined_id13,10.028986930847168,10.173736572265625,77.49555555555555,0.65,2,4,92.56175925925923,0.5822727680206299,20.28594,71.2938,0.169,2.249341046368634
5KPE_2_4_3_0_combined_id14,1.1247103214263916,1.580351710319519,88.19611111111111,0.73,2,4,92.56175925925923,0.5822727680206299,20.28594,71.2938,0.184,2.212343286584925
5KPE_2_4_3_0_combined_id15,1.1983617544174194,1.4761582612991333,85.50351851851853,0.71,2,4,92.56175925925923,0.5822727680206299,20.28594,71.2938,0.1779,2.287339104546441
5KPE_2_4_3_0_combined_id16,1.1999269723892212,1.70491623878479,91.85074074074076,0.81,2,4,92.56175925925923,0.5822727680206299,20.28594,71.2938,0.1743,2.202366722954644
5KPE_2_4_3_0_combined_id17,8.222620964050293,9.34560489654541,67.76953703703704,0.56,2,4,92.56175925925923,0.5822727680206299,20.28594,71.2938,0.1896,2.2553873415346497
5KPE_2_4_3_0_combined_id18,4.3176655769348145,5.002673625946045,72.42129629629629,0.58,2,4,92.56175925925923,0.5822727680206299,20.28594,71.2938,0.1871,1.947365230984158
5KPE_2_4_3_0_combined_id19,1.4796911478042603,1.5054445266723633,86.17768518518517,0.71,2,4,92.56175925925923,0.5822727680206299,20.28594,71.2938,0.1955,2.1691886054144964
5KPE_2_4_3_0_combined_id2,1.5946723222732544,1.2892214059829712,84.76407407407409,0.67,2,4,92.56175925925923,0.5822727680206299,20.28594,71.2938,0.1918,1.9666846946433736
5KPE_2_4_3_0_combined_id20,10.108574867248535,10.230659484863281,74.64907407407406,0.55,2,4,92.56175925925923,0.5822727680206299,20.28594,71.2938,0.1977,2.176394992404514
5KPE_2_4_3_0_combined_id21,8.942617416381836,9.649782180786133,70.97138888888888,0.6,2,4,92.56175925925923,0.5822727680206299,20.28594,71.2938,0.1791,1.9915296766493056
5KPE_2_4_3_0_combined_id22,1.390601634979248,1.4439094066619873,88.01759259259262,0.75,2,4,92.56175925925923,0.5822727680206299,20.28594,71.2938,0.1713,2.193866871021412
5KPE_2_4_3_0_combined_id23,1.4109910726547241,1.4676774740219116,88.84824074074074,0.76,2,4,92.56175925925923,0.5822727680206299,20.28594,71.2938,0.1927,2.315130445692274
5KPE_2_4_3_0_combined_id24,1.1572264432907104,1.7300922870635986,93.98629629629627,0.83,2,4,92.56175925925923,0.5822727680206299,20.28594,71.2938,0.1809,2.26739247639974
5KPE_2_4_3_0_combined_id3,1.065812349319458,1.7240984439849854,83.31231481481483,0.68,2,4,92.56175925925923,0.5822727680206299,20.28594,71.2938,0.1668,2.180409042923539
5KPE_2_4_3_0_combined_id4,1.1274404525756836,1.6265326738357544,86.93388888888889,0.72,2,4,92.56175925925923,0.5822727680206299,20.28594,71.2938,0.1597,2.1553946601019964
5KPE_2_4_3_0_combined_id5,1.7026917934417725,1.2673019170761108,81.88277777777776,0.66,2,4,92.56175925925923,0.5822727680206299,20.28594,71.2938,0.1654,1.9974161783854167
5KPE_2_4_3_0_combined_id6,1.940150499343872,2.0768396854400635,78.45712962962962,0.62,2,4,92.56175925925923,0.5822727680206299,20.28594,71.2938,0.1727,2.1313408745659723
5KPE_2_4_3_0_combined_id7,2.6525025367736816,3.0642638206481934,68.30777777777777,0.57,2,4,92.56175925925923,0.5822727680206299,20.28594,71.2938,0.1723,2.3641285366482205
5KPE_2_4_3_0_combined_id8,1.418965220451355,1.1165987253189087,89.51750000000001,0.76,2,4,92.56175925925923,0.5822727680206299,20.28594,71.2938,0.182,2.02296871609158
5KPE_2_4_3_0_combined_id9,1.8739848136901855,1.3281413316726685,88.62916666666666,0.77,2,4,92.56175925925923,0.5822727680206299,20.28594,71.2938,0.1692,2.0542964228877314
5KPE_2_4_4_0_combined_id1,1.1665828227996826,1.4053758382797241,89.37953703703705,0.75,2,4,92.9540740740741,0.597352147102356,20.261219,74.18853,0.1896,2.138774730541088
5KPE_2_4_4_0_combined_id10,1.2372931241989136,1.4155359268188477,88.59953703703704,0.73,2,4,92.9540740740741,0.597352147102356,20.261219,74.18853,0.2,2.1036244145146124
5KPE_2_4_4_0_combined_id11,1.6993646621704102,1.3084900379180908,84.1601851851852,0.69,2,4,92.9540740740741,0.597352147102356,20.261219,74.18853,0.1878,2.126925715693721
5KPE_2_4_4_0_combined_id12,1.496962308883667,1.0799190998077393,89.26333333333332,0.74,2,4,92.9540740740741,0.597352147102356,20.261219,74.18853,0.1969,2.140323921486184
5KPE_2_4_4_0_combined_id13,1.17577064037323,1.490878939628601,84.31046296296296,0.7,2,4,92.9540740740741,0.597352147102356,20.261219,74.18853,0.1911,2.018021760163484
5KPE_2_4_4_0_combined_id14,1.1512439250946045,1.2986470460891724,88.61407407407407,0.74,2,4,92.9540740740741,0.597352147102356,20.261219,74.18853,0.1911,2.232372425220631
5KPE_2_4_4_0_combined_id15,9.526311874389648,10.022797584533691,82.23222222222222,0.7,2,4,92.9540740740741,0.597352147102356,20.261219,74.18853,0.1646,2.008865073875145
5KPE_2_4_4_0_combined_id16,4.2937164306640625,3.7800116539001465,67.41175925925926,0.57,2,4,92.9540740740741,0.597352147102356,20.261219,74.18853,0.1841,2.2991115428783275
5KPE_2_4_4_0_combined_id17,5.383950233459473,4.653190612792969,77.1162962962963,0.64,2,4,92.9540740740741,0.597352147102356,20.261219,74.18853,0.2143,2.329620502613209
5KPE_2_4_4_0_combined_id18,1.1621681451797485,1.6937427520751953,93.1534259259259,0.82,2,4,92.9540740740741,0.597352147102356,20.261219,74.18853,0.1971,2.3747456868489585
5KPE_2_4_4_0_combined_id19,1.1842939853668213,1.6746803522109985,90.95444444444443,0.79,2,4,92.9540740740741,0.597352147102356,20.261219,74.18853,0.1871,2.281467155173973
5KPE_2_4_4_0_combined_id2,1.6577205657958984,1.1194043159484863,87.79759259259262,0.75,2,4,92.9540740740741,0.597352147102356,20.261219,74.18853,0.2099,2.287644562897859
5KPE_2_4_4_0_combined_id20,1.8112494945526123,1.1556918621063232,84.42657407407407,0.69,2,4,92.9540740740741,0.597352147102356,20.261219,74.18853,0.1921,2.178482762089482
5KPE_2_4_4_0_combined_id21,1.4712027311325073,1.4412240982055664,87.27916666666667,0.73,2,4,92.9540740740741,0.597352147102356,20.261219,74.18853,0.2091,2.285206264919705
5KPE_2_4_4_0_combined_id22,1.2518178224563599,1.0918877124786377,88.49,0.76,2,4,92.9540740740741,0.597352147102356,20.261219,74.18853,0.1885,2.2446451540346497
5KPE_2_4_4_0_combined_id23,1.2309364080429077,1.5408354997634888,90.89268518518516,0.79,2,4,92.9540740740741,0.597352147102356,20.261219,74.18853,0.2098,2.263465740062572
5KPE_2_4_4_0_combined_id24,1.1903859376907349,1.4337228536605835,88.00194444444445,0.73,2,4,92.9540740740741,0.597352147102356,20.261219,74.18853,0.1842,2.280884071632668
5KPE_2_4_4_0_combined_id3,1.4759306907653809,1.3588805198669434,85.51351851851852,0.7,2,4,92.9540740740741,0.597352147102356,20.261219,74.18853,0.1712,2.1682027180989585
5KPE_2_4_4_0_combined_id4,1.4207546710968018,1.0100246667861938,85.48342592592591,0.7,2,4,92.9540740740741,0.597352147102356,20.261219,74.18853,0.1783,2.285798531991464
5KPE_2_4_4_0_combined_id5,1.6221613883972168,1.641991376876831,78.05990740740741,0.65,2,4,92.9540740740741,0.597352147102356,20.261219,74.18853,0.1987,2.2586602105034723
5KPE_2_4_4_0_combined_id6,1.2658421993255615,1.6285263299942017,85.08768518518518,0.68,2,4,92.9540740740741,0.597352147102356,20.261219,74.18853,0.1776,2.15606689453125
5KPE_2_4_4_0_combined_id7,1.2334483861923218,1.5186291933059692,91.81805555555556,0.79,2,4,92.9540740740741,0.597352147102356,20.261219,74.18853,0.2109,2.137081428810402
5KPE_2_4_4_0_combined_id8,1.3869218826293945,1.1491090059280396,90.97685185185183,0.78,2,4,92.9540740740741,0.597352147102356,20.261219,74.18853,0.2239,2.161201759620949
5KPE_2_4_4_0_combined_id9,1.1309915781021118,1.3139976263046265,90.35046296296296,0.78,2,4,92.9540740740741,0.597352147102356,20.261219,74.18853,0.1855,2.111321202030888
5KPE_2_4_5_0_combined_id1,8.932592391967773,7.789405822753906,69.99472222222222,0.56,2,4,93.65333333333332,0.6384744644165039,20.829386,71.56292,0.1682,2.192628648546007
5KPE_2_4_5_0_combined_id10,1.1683940887451172,1.0710172653198242,92.0677777777778,0.79,2,4,93.65333333333332,0.6384744644165039,20.829386,71.56292,0.1833,2.3403732864945024
5KPE_2_4_5_0_combined_id11,1.8548048734664917,2.322451591491699,85.1600925925926,0.68,2,4,93.65333333333332,0.6384744644165039,20.829386,71.56292,0.1903,2.189472481056496
5KPE_2_4_5_0_combined_id12,1.87511146068573,2.429129123687744,81.92925925925925,0.62,2,4,93.65333333333332,0.6384744644165039,20.829386,71.56292,0.1682,2.2855823658130787
5KPE_2_4_5_0_combined_id13,1.401693344116211,1.3115698099136353,88.62018518518518,0.76,2,4,93.65333333333332,0.6384744644165039,20.829386,71.56292,0.1737,2.2098111753110534
5KPE_2_4_5_0_combined_id14,6.144459247589111,5.007778167724609,68.09648148148148,0.57,2,4,93.65333333333332,0.6384744644165039,20.829386,71.56292,0.169,2.173616056089048
5KPE_2_4_5_0_combined_id15,1.3971545696258545,2.0001020431518555,93.42379629629627,0.81,2,4,93.65333333333332,0.6384744644165039,20.829386,71.56292,0.1872,2.1887115195945457
5KPE_2_4_5_0_combined_id16,1.445778489112854,1.4509097337722778,94.32824074074072,0.83,2,4,93.65333333333332,0.6384744644165039,20.829386,71.56292,0.1871,2.240097752323857
5KPE_2_4_5_0_combined_id17,1.011264681816101,1.7357796430587769,94.62842592592594,0.84,2,4,93.65333333333332,0.6384744644165039,20.829386,71.56292,0.1886,2.360306916413484
5KPE_2_4_5_0_combined_id18,2.277846097946167,2.405918836593628,85.45675925925926,0.66,2,4,93.65333333333332,0.6384744644165039,20.829386,71.56292,0.203,2.379282068323206
5KPE_2_4_5_0_combined_id19,1.4095251560211182,1.378651738166809,88.98296296296294,0.76,2,4,93.65333333333332,0.6384744644165039,20.829386,71.56292,0.1839,2.117369051332827
5KPE_2_4_5_0_combined_id2,0.9287524819374084,1.6395583152770996,93.15083333333334,0.84,2,4,93.65333333333332,0.6384744644165039,20.829386,71.56292,0.1813,2.3636081836841725
5KPE_2_4_5_0_combined_id20,1.4468703269958496,1.5297173261642456,92.52120370370368,0.79,2,4,93.65333333333332,0.6384744644165039,20.829386,71.56292,0.1981,2.194279564751519
5KPE_2_4_5_0_combined_id21,1.1909595727920532,1.091487169265747,84.56907407407407,0.69,2,4,93.65333333333332,0.6384744644165039,20.829386,71.56292,0.1663,2.286701061107494
5KPE_2_4_5_0_combined_id22,1.1843401193618774,1.288913369178772,86.70944444444446,0.74,2,4,93.65333333333332,0.6384744644165039,20.829386,71.56292,0.1918,2.134162055121528
5KPE_2_4_5_0_combined_id23,1.6966533660888672,1.284681797027588,82.85648148148148,0.71,2,4,93.65333333333332,0.6384744644165039,20.829386,71.56292,0.1688,2.0853859230324074
5KPE_2_4_5_0_combined_id24,1.0316046476364136,1.5109977722167969,90.43935185185184,0.8,2,4,93.65333333333332,0.6384744644165039,20.829386,71.56292,0.1754,2.251232147216797
5KPE_2_4_5_0_combined_id3,1.1557585000991821,1.7817546129226685,87.82064814814812,0.72,2,4,93.65333333333332,0.6384744644165039,20.829386,71.56292,0.1881,2.326231497305411
5KPE_2_4_5_0_combined_id4,1.1988379955291748,1.3904253244400024,92.89277777777777,0.81,2,4,93.65333333333332,0.6384744644165039,20.829386,71.56292,0.1728,2.2457302234790943
5KPE_2_4_5_0_combined_id5,1.401879906654358,1.8914353847503662,86.06240740740739,0.71,2,4,93.65333333333332,0.6384744644165039,20.829386,71.56292,0.1848,2.3821241590711804
5KPE_2_4_5_0_combined_id6,0.9622489213943481,1.6955565214157104,92.78898148148149,0.84,2,4,93.65333333333332,0.6384744644165039,20.829386,71.56292,0.1724,2.372820253725405
5KPE_2_4_5_0_combined_id7,1.982984185218811,1.713691234588623,86.4123148148148,0.69,2,4,93.65333333333332,0.6384744644165039,20.829386,71.56292,0.2094,2.1994603474934897
5KPE_2_4_5_0_combined_id8,0.983731746673584,1.0696648359298706,91.75222222222222,0.81,2,4,93.65333333333332,0.6384744644165039,20.829386,71.56292,0.1795,2.2157905013472945
5KPE_2_4_5_0_combined_id9,2.972383975982666,2.7594926357269287,75.68222222222222,0.62,2,4,93.65333333333332,0.6384744644165039,20.829386,71.56292,0.1688,2.380128648546007
5KPE_2_4_6_0_combined_id1,7.360183238983154,7.378545761108398,75.88259259259259,0.62,2,4,92.51638888888888,0.6337130665779114,20.486292,68.78294,0.1886,2.266052952519169
5KPE_2_4_6_0_combined_id10,7.520943641662598,8.610878944396973,73.81499999999998,0.65,2,4,92.51638888888888,0.6337130665779114,20.486292,68.78294,0.1707,2.272923646149812
5KPE_2_4_6_0_combined_id11,0.9569686651229858,1.405646562576294,84.48324074074073,0.7,2,4,92.51638888888888,0.6337130665779114,20.486292,68.78294,0.1963,2.178878219039352
5KPE_2_4_6_0_combined_id12,1.391155481338501,1.223996639251709,88.47138888888891,0.75,2,4,92.51638888888888,0.6337130665779114,20.486292,68.78294,0.1743,2.2533227426034435
5KPE_2_4_6_0_combined_id13,1.1329023838043213,1.3291120529174805,89.96101851851853,0.8,2,4,92.51638888888888,0.6337130665779114,20.486292,68.78294,0.1862,2.1368851838288485
5KPE_2_4_6_0_combined_id14,0.8639355897903442,1.9377672672271729,95.38083333333331,0.87,2,4,92.51638888888888,0.6337130665779114,20.486292,68.78294,0.1925,2.259402381049262
5KPE_2_4_6_0_combined_id15,2.08739972114563,1.7681881189346313,78.77222222222223,0.62,2,4,92.51638888888888,0.6337130665779114,20.486292,68.78294,0.1659,2.2194432859067565
5KPE_2_4_6_0_combined_id16,9.081262588500977,9.31007194519043,72.39277777777778,0.54,2,4,92.51638888888888,0.6337130665779114,20.486292,68.78294,0.2192,2.2808736165364585
5KPE_2_4_6_0_combined_id17,1.2201257944107056,1.552417516708374,86.03444444444446,0.73,2,4,92.51638888888888,0.6337130665779114,20.486292,68.78294,0.1718,2.376138757776331
5KPE_2_4_6_0_combined_id18,1.2065635919570923,1.6724046468734741,88.2938888888889,0.72,2,4,92.51638888888888,0.6337130665779114,20.486292,68.78294,0.192,2.188339515968605
5KPE_2_4_6_0_combined_id19,7.772937297821045,8.87804889678955,67.18203703703703,0.57,2,4,92.51638888888888,0.6337130665779114,20.486292,68.78294,0.1921,2.0715450710720487
5KPE_2_4_6_0_combined_id2,0.9797576069831848,1.5642157793045044,92.26435185185184,0.79,2,4,92.51638888888888,0.6337130665779114,20.486292,68.78294,0.1847,2.211177119502315
5KPE_2_4_6_0_combined_id20,1.3110262155532837,1.2341282367706299,87.70805555555555,0.77,2,4,92.51638888888888,0.6337130665779114,20.486292,68.78294,0.2032,2.4178557219328702
5KPE_2_4_6_0_combined_id21,1.7201404571533203,1.5038906335830688,90.35601851851854,0.78,2,4,92.51638888888888,0.6337130665779114,20.486292,68.78294,0.1768,2.1816438745569298
5KPE_2_4_6_0_combined_id22,1.4003008604049683,1.5254156589508057,75.26268518518519,0.61,2,4,92.51638888888888,0.6337130665779114,20.486292,68.78294,0.1927,2.11043605098018
5KPE_2_4_6_0_combined_id23,1.0481905937194824,1.100489854812622,87.09046296296295,0.74,2,4,92.51638888888888,0.6337130665779114,20.486292,68.78294,0.1928,2.214504948368779
5KPE_2_4_6_0_combined_id24,1.3656165599822998,1.5376002788543701,92.24027777777776,0.81,2,4,92.51638888888888,0.6337130665779114,20.486292,68.78294,0.1922,2.1451469703956887
5KPE_2_4_6_0_combined_id3,8.98360824584961,9.347217559814453,68.99296296296296,0.53,2,4,92.51638888888888,0.6337130665779114,20.486292,68.78294,0.1684,2.150247503209997
5KPE_2_4_6_0_combined_id4,1.5031490325927734,1.3623286485671997,88.41499999999999,0.75,2,4,92.51638888888888,0.6337130665779114,20.486292,68.78294,0.1802,2.012213812934028
5KPE_2_4_6_0_combined_id5,0.9369417428970337,1.8275848627090454,88.35833333333332,0.72,2,4,92.51638888888888,0.6337130665779114,20.486292,68.78294,0.1868,2.2176103945131653
5KPE_2_4_6_0_combined_id6,1.3451436758041382,1.2512389421463013,82.71333333333332,0.66,2,4,92.51638888888888,0.6337130665779114,20.486292,68.78294,0.1804,2.1065830654568143
5KPE_2_4_6_0_combined_id7,1.5372331142425537,1.7084770202636719,85.31675925925926,0.7,2,4,92.51638888888888,0.6337130665779114,20.486292,68.78294,0.176,2.2411905924479165
5KPE_2_4_6_0_combined_id8,7.17230749130249,8.192934036254883,74.53166666666667,0.58,2,4,92.51638888888888,0.6337130665779114,20.486292,68.78294,0.1735,2.3697834721318
5KPE_2_4_6_0_combined_id9,4.865638732910156,4.748358726501465,70.38120370370372,0.51,2,4,92.51638888888888,0.6337130665779114,20.486292,68.78294,0.2013,2.148174285888672
5KPE_2_4_7_0_combined_id1,1.1213665008544922,1.5378576517105103,94.4435185185185,0.85,2,4,87.0597222222222,0.7966205477714539,20.249235,72.36594,0.1737,2.161629288284867
5KPE_2_4_7_0_combined_id10,1.3981003761291504,0.9772142171859741,84.85259259259257,0.69,2,4,87.0597222222222,0.7966205477714539,20.249235,72.36594,0.1782,2.178346139413339
5KPE_2_4_7_0_combined_id11,1.1568132638931274,1.3347760438919067,94.89148148148148,0.84,2,4,87.0597222222222,0.7966205477714539,20.249235,72.36594,0.1912,2.1715020073784723
5KPE_2_4_7_0_combined_id12,1.2246254682540894,1.5305308103561401,94.4137962962963,0.85,2,4,87.0597222222222,0.7966205477714539,20.249235,72.36594,0.1931,2.2808374475549766
5KPE_2_4_7_0_combined_id13,1.361759066581726,1.193098545074463,88.92722222222221,0.74,2,4,87.0597222222222,0.7966205477714539,20.249235,72.36594,0.2049,2.170501426414208
5KPE_2_4_7_0_combined_id14,1.2289129495620728,1.036372423171997,90.86879629629628,0.76,2,4,87.0597222222222,0.7966205477714539,20.249235,72.36594,0.1898,2.1322863543475115
5KPE_2_4_7_0_combined_id15,2.605837345123291,2.6364564895629883,87.27157407407405,0.64,2,4,87.0597222222222,0.7966205477714539,20.249235,72.36594,0.173,2.12942773324472
5KPE_2_4_7_0_combined_id16,1.720852255821228,0.9763667583465576,85.52518518518518,0.67,2,4,87.0597222222222,0.7966205477714539,20.249235,72.36594,0.2261,2.109126055682147
5KPE_2_4_7_0_combined_id17,1.6702940464019775,0.8265917897224426,91.11462962962965,0.78,2,4,87.0597222222222,0.7966205477714539,20.249235,72.36594,0.1934,2.096809669777199
5KPE_2_4_7_0_combined_id18,1.8550697565078735,1.8966035842895508,87.91055555555558,0.73,2,4,87.0597222222222,0.7966205477714539,20.249235,72.36594,0.1848,2.32917305275246
5KPE_2_4_7_0_combined_id19,1.2381036281585693,1.6998333930969238,88.52666666666666,0.75,2,4,87.0597222222222,0.7966205477714539,20.249235,72.36594,0.198,2.138859501591435
5KPE_2_4_7_0_combined_id2,1.167150855064392,1.117767572402954,86.43796296296297,0.7,2,4,87.0597222222222,0.7966205477714539,20.249235,72.36594,0.1702,2.0630419695818865
5KPE_2_4_7_0_combined_id20,1.217466115951538,1.7394763231277466,93.68907407407406,0.83,2,4,87.0597222222222,0.7966205477714539,20.249235,72.36594,0.2085,2.1924750716597945
5KPE_2_4_7_0_combined_id21,1.3584784269332886,1.8083363771438599,90.66555555555558,0.77,2,4,87.0597222222222,0.7966205477714539,20.249235,72.36594,0.1741,2.152201052065249
5KPE_2_4_7_0_combined_id22,1.3568087816238403,1.1184512376785278,89.44324074074075,0.74,2,4,87.0597222222222,0.7966205477714539,20.249235,72.36594,0.2158,2.030104177969473
5KPE_2_4_7_0_combined_id23,1.3841429948806763,1.5365934371948242,91.3102777777778,0.77,2,4,87.0597222222222,0.7966205477714539,20.249235,72.36594,0.216,2.05654525756836
5KPE_2_4_7_0_combined_id24,2.754943609237671,2.370723247528076,80.46694444444444,0.62,2,4,87.0597222222222,0.7966205477714539,20.249235,72.36594,0.1746,2.224641305428964
5KPE_2_4_7_0_combined_id3,1.2947344779968262,1.3701270818710327,88.34435185185187,0.71,2,4,87.0597222222222,0.7966205477714539,20.249235,72.36594,0.2002,2.097233948884187
5KPE_2_4_7_0_combined_id4,1.6310657262802124,1.1180691719055176,90.15222222222224,0.76,2,4,87.0597222222222,0.7966205477714539,20.249235,72.36594,0.2108,2.166662993254485
5KPE_2_4_7_0_combined_id5,1.3875020742416382,1.2984631061553955,78.6912037037037,0.66,2,4,87.0597222222222,0.7966205477714539,20.249235,72.36594,0.1867,2.289250126591435
5KPE_2_4_7_0_combined_id6,1.6949901580810547,1.171644687652588,88.73861111111111,0.76,2,4,87.0597222222222,0.7966205477714539,20.249235,72.36594,0.1689,2.1794846146195024
5KPE_2_4_7_0_combined_id7,4.671497344970703,5.157011985778809,82.52685185185183,0.76,2,4,87.0597222222222,0.7966205477714539,20.249235,72.36594,0.2011,2.2894345036259405
5KPE_2_4_7_0_combined_id8,1.3730396032333374,1.2885054349899292,84.97722222222221,0.66,2,4,87.0597222222222,0.7966205477714539,20.249235,72.36594,0.1906,2.121569174307364
5KPE_2_4_7_0_combined_id9,1.1508476734161377,1.7757713794708252,95.42453703703704,0.85,2,4,87.0597222222222,0.7966205477714539,20.249235,72.36594,0.2059,2.1796742192021124
5KPE_2_4_8_0_combined_id1,1.4673341512680054,1.258578896522522,90.29851851851852,0.75,2,4,94.31787037037036,0.6520201563835144,20.842043,73.80071,0.1929,2.0424140647605613
5KPE_2_4_8_0_combined_id10,1.1281931400299072,1.0878016948699951,91.7498148148148,0.79,2,4,94.31787037037036,0.6520201563835144,20.842043,73.80071,0.1899,1.996279963740596
5KPE_2_4_8_0_combined_id11,10.639297485351562,10.984463691711426,82.62657407407409,0.65,2,4,94.31787037037036,0.6520201563835144,20.842043,73.80071,0.1923,2.0224602310745805
5KPE_2_4_8_0_combined_id12,1.180703043937683,1.464017629623413,93.30694444444444,0.83,2,4,94.31787037037036,0.6520201563835144,20.842043,73.80071,0.222,2.130482143825955
5KPE_2_4_8_0_combined_id13,1.3371567726135254,1.3488765954971313,90.07990740740742,0.79,2,4,94.31787037037036,0.6520201563835144,20.842043,73.80071,0.1854,1.91684087117513
5KPE_2_4_8_0_combined_id15,11.396258354187012,11.89202880859375,86.55638888888889,0.76,2,4,94.31787037037036,0.6520201563835144,20.842043,73.80071,0.1991,1.980798509385851
5KPE_2_4_8_0_combined_id16,1.1471105813980103,1.377152681350708,88.55222222222223,0.73,2,4,94.31787037037036,0.6520201563835144,20.842043,73.80071,0.1889,2.1165077774613
5KPE_2_4_8_0_combined_id17,1.4645637273788452,1.4311012029647827,91.69194444444442,0.82,2,4,94.31787037037036,0.6520201563835144,20.842043,73.80071,0.1836,2.038054430926288
5KPE_2_4_8_0_combined_id18,7.698122024536133,8.623651504516602,84.68212962962963,0.64,2,4,94.31787037037036,0.6520201563835144,20.842043,73.80071,0.1842,2.2093048095703125
5KPE_2_4_8_0_combined_id2,1.349626064300537,1.1238600015640259,92.55592592592592,0.83,2,4,94.31787037037036,0.6520201563835144,20.842043,73.80071,0.1853,2.1912708988896124
5KPE_2_4_8_0_combined_id20,1.5712614059448242,1.1735501289367676,89.36407407407407,0.77,2,4,94.31787037037036,0.6520201563835144,20.842043,73.80071,0.1752,1.978437070493345
5KPE_2_4_8_0_combined_id21,1.2101348638534546,1.388472557067871,92.36796296296296,0.82,2,4,94.31787037037036,0.6520201563835144,20.842043,73.80071,0.1806,2.1802393595377603
5KPE_2_4_8_0_combined_id22,1.7031878232955933,0.9304607510566711,90.80629629629632,0.78,2,4,94.31787037037036,0.6520201563835144,20.842043,73.80071,0.1831,2.0676973130967884
5KPE_2_4_8_0_combined_id23,1.2366594076156616,1.3755581378936768,91.50694444444444,0.77,2,4,94.31787037037036,0.6520201563835144,20.842043,73.80071,0.1868,2.0741339789496527
5KPE_2_4_8_0_combined_id24,1.1301132440567017,1.2585537433624268,85.58787037037035,0.68,2,4,94.31787037037036,0.6520201563835144,20.842043,73.80071,0.1914,1.9772357234248408
5KPE_2_4_8_0_combined_id3,9.386148452758789,9.915449142456055,74.33611111111111,0.55,2,4,94.31787037037036,0.6520201563835144,20.842043,73.80071,0.1883,2.0056639777289496
5KPE_2_4_8_0_combined_id4,1.1594101190567017,1.4403671026229858,85.96351851851851,0.68,2,4,94.31787037037036,0.6520201563835144,20.842043,73.80071,0.1862,2.042925234194155
5KPE_2_4_8_0_combined_id5,1.3531956672668457,1.5062458515167236,87.23759259259259,0.75,2,4,94.31787037037036,0.6520201563835144,20.842043,73.80071,0.1847,2.19551510281033
5KPE_2_4_8_0_combined_id6,1.1281561851501465,1.4244847297668457,93.3863888888889,0.81,2,4,94.31787037037036,0.6520201563835144,20.842043,73.80071,0.2104,2.016188162344473
5KPE_2_4_8_0_combined_id7,1.074734091758728,1.405556082725525,91.01962962962962,0.8,2,4,94.31787037037036,0.6520201563835144,20.842043,73.80071,0.2007,2.0107221250180847
5KPE_2_4_8_0_combined_id8,9.531211853027344,9.870795249938965,74.49342592592592,0.57,2,4,94.31787037037036,0.6520201563835144,20.842043,73.80071,0.192,1.957678618254485
5KPE_2_4_8_0_combined_id9,1.207275152206421,1.5628992319107056,89.54342592592592,0.75,2,4,94.31787037037036,0.6520201563835144,20.842043,73.80071,0.1811,2.121026074444806
5KPE_2_4_9_0_combined_id1,7.32050895690918,8.251543045043945,70.16462962962963,0.57,2,4,90.81092592592594,0.5837787389755249,20.414982,72.49065,0.1986,2.0844723736798323
5KPE_2_4_9_0_combined_id10,1.338241696357727,1.903166651725769,84.64388888888887,0.65,2,4,90.81092592592594,0.5837787389755249,20.414982,72.49065,0.1621,2.189100194860388
5KPE_2_4_9_0_combined_id11,6.8145670890808105,6.459860801696777,76.94203703703704,0.65,2,4,90.81092592592594,0.5837787389755249,20.414982,72.49065,0.1799,2.1098655418113426
5KPE_2_4_9_0_combined_id12,8.337770462036133,8.501784324645996,71.32472222222223,0.59,2,4,90.81092592592594,0.5837787389755249,20.414982,72.49065,0.1695,2.3694291291413485
5KPE_2_4_9_0_combined_id14,1.3372726440429688,1.4952104091644287,86.8498148148148,0.69,2,4,90.81092592592594,0.5837787389755249,20.414982,72.49065,0.1949,2.1561494050202548
5KPE_2_4_9_0_combined_id15,0.921501100063324,1.476291537284851,87.8048148148148,0.73,2,4,90.81092592592594,0.5837787389755249,20.414982,72.49065,0.1854,2.0564958077889903
5KPE_2_4_9_0_combined_id16,9.552445411682129,9.468817710876465,67.38749999999999,0.54,2,4,90.81092592592594,0.5837787389755249,20.414982,72.49065,0.2017,2.1585591634114585
5KPE_2_4_9_0_combined_id17,1.0010555982589722,1.80320405960083,92.10824074074075,0.79,2,4,90.81092592592594,0.5837787389755249,20.414982,72.49065,0.2009,2.082305060492621
5KPE_2_4_9_0_combined_id18,3.5934507846832275,3.6879639625549316,69.57296296296296,0.51,2,4,90.81092592592594,0.5837787389755249,20.414982,72.49065,0.1847,2.0499965526439525
5KPE_2_4_9_0_combined_id19,9.209991455078125,9.486159324645996,76.87314814814816,0.68,2,4,90.81092592592594,0.5837787389755249,20.414982,72.49065,0.1952,2.280714529531973
5KPE_2_4_9_0_combined_id2,1.0679988861083984,1.1538697481155396,90.71370370370371,0.79,2,4,90.81092592592594,0.5837787389755249,20.414982,72.49065,0.2,1.966812698929398
5KPE_2_4_9_0_combined_id20,1.081076741218567,1.2953561544418335,89.01472222222225,0.75,2,4,90.81092592592594,0.5837787389755249,20.414982,72.49065,0.1939,2.152412131980613
5KPE_2_4_9_0_combined_id21,1.0870424509048462,1.3868876695632935,86.56398148148146,0.69,2,4,90.81092592592594,0.5837787389755249,20.414982,72.49065,0.1717,2.2328304714626737
5KPE_2_4_9_0_combined_id22,7.22335147857666,7.4614458084106445,73.18518518518519,0.62,2,4,90.81092592592594,0.5837787389755249,20.414982,72.49065,0.187,2.228992886013455
5KPE_2_4_9_0_combined_id23,8.190352439880371,9.243420600891113,79.60833333333332,0.68,2,4,90.81092592592594,0.5837787389755249,20.414982,72.49065,0.1672,2.2437413533528647
5KPE_2_4_9_0_combined_id24,8.455328941345215,9.549068450927734,69.18138888888888,0.58,2,4,90.81092592592594,0.5837787389755249,20.414982,72.49065,0.1754,2.069160461425781
5KPE_2_4_9_0_combined_id3,1.5353655815124512,1.4457587003707886,84.11388888888888,0.68,2,4,90.81092592592594,0.5837787389755249,20.414982,72.49065,0.177,2.13713299786603
5KPE_2_4_9_0_combined_id4,1.698518991470337,1.7141308784484863,87.15777777777777,0.71,2,4,90.81092592592594,0.5837787389755249,20.414982,72.49065,0.1791,2.0032802157931857
5KPE_2_4_9_0_combined_id5,1.0221242904663086,1.4434071779251099,90.58981481481482,0.78,2,4,90.81092592592594,0.5837787389755249,20.414982,72.49065,0.1992,2.22666252983941
5KPE_2_4_9_0_combined_id6,1.207404613494873,1.4034388065338135,84.67787037037039,0.64,2,4,90.81092592592594,0.5837787389755249,20.414982,72.49065,0.1768,2.0781648423936634
5KPE_2_4_9_0_combined_id7,1.7987548112869263,1.6389944553375244,74.59694444444445,0.6,2,4,90.81092592592594,0.5837787389755249,20.414982,72.49065,0.1728,1.968918129249856
5KPE_2_4_9_0_combined_id8,7.790771484375,8.85200023651123,66.57935185185185,0.56,2,4,90.81092592592594,0.5837787389755249,20.414982,72.49065,0.2104,2.1493089463975696
5KPE_2_4_9_0_combined_id9,9.858329772949219,9.912567138671875,79.52805555555554,0.6,2,4,90.81092592592594,0.5837787389755249,20.414982,72.49065,0.1827,2.093130041051794
5KPE_2_6_0_0_combined_id1,2.408949136734009,2.1178219318389893,83.95462962962964,0.68,2,6,94.03907407407412,0.6532297730445862,20.073128,73.82496,0.168,2.2139721623173467
5KPE_2_6_0_0_combined_id10,1.8129643201828003,1.1015983819961548,85.44009259259259,0.7,2,6,94.03907407407412,0.6532297730445862,20.073128,73.82496,0.1741,2.0314547220865884
5KPE_2_6_0_0_combined_id11,1.1955821514129639,1.418459177017212,87.57518518518516,0.73,2,6,94.03907407407412,0.6532297730445862,20.073128,73.82496,0.1957,2.197080541540075
5KPE_2_6_0_0_combined_id12,1.3055660724639893,1.2858308553695679,88.23509259259261,0.72,2,6,94.03907407407412,0.6532297730445862,20.073128,73.82496,0.1785,2.1892372413917824
5KPE_2_6_0_0_combined_id13,1.4891071319580078,1.677553653717041,92.88083333333334,0.81,2,6,94.03907407407412,0.6532297730445862,20.073128,73.82496,0.1983,2.2587527522334345
5KPE_2_6_0_0_combined_id14,1.3919810056686401,1.8143527507781982,86.6237037037037,0.71,2,6,94.03907407407412,0.6532297730445862,20.073128,73.82496,0.1743,2.219167638708044
5KPE_2_6_0_0_combined_id15,3.8275177478790283,3.281402826309204,75.52888888888889,0.67,2,6,94.03907407407412,0.6532297730445862,20.073128,73.82496,0.1855,2.1494259304470487
5KPE_2_6_0_0_combined_id16,1.8539761304855347,1.181715965270996,86.7612962962963,0.72,2,6,94.03907407407412,0.6532297730445862,20.073128,73.82496,0.1713,2.1425098843044705
5KPE_2_6_0_0_combined_id17,7.795180320739746,8.70436954498291,74.37712962962964,0.67,2,6,94.03907407407412,0.6532297730445862,20.073128,73.82496,0.1665,2.1488985132288048
5KPE_2_6_0_0_combined_id18,6.8309645652771,6.768195152282715,82.44203703703704,0.71,2,6,94.03907407407412,0.6532297730445862,20.073128,73.82496,0.1707,2.107300087257668
5KPE_2_6_0_0_combined_id19,1.0561370849609375,1.54574716091156,83.71490740740744,0.67,2,6,94.03907407407412,0.6532297730445862,20.073128,73.82496,0.1749,2.0623276321976274
5KPE_2_6_0_0_combined_id2,1.6407450437545776,1.2214744091033936,83.8788888888889,0.68,2,6,94.03907407407412,0.6532297730445862,20.073128,73.82496,0.1774,2.175801312481916
5KPE_2_6_0_0_combined_id20,2.2997360229492188,2.0387580394744873,82.25046296296296,0.7,2,6,94.03907407407412,0.6532297730445862,20.073128,73.82496,0.177,2.2177706117983216
5KPE_2_6_0_0_combined_id21,9.39334487915039,9.903810501098633,78.7285185185185,0.66,2,6,94.03907407407412,0.6532297730445862,20.073128,73.82496,0.1678,2.195007182933666
5KPE_2_6_0_0_combined_id22,1.2903544902801514,1.2710769176483154,88.58981481481482,0.74,2,6,94.03907407407412,0.6532297730445862,20.073128,73.82496,0.1853,2.1992049040617765
5KPE_2_6_0_0_combined_id23,1.0104917287826538,1.6932803392410278,88.75083333333333,0.75,2,6,94.03907407407412,0.6532297730445862,20.073128,73.82496,0.1744,2.236197577582465
5KPE_2_6_0_0_combined_id24,1.5800994634628296,1.115695834159851,86.0201851851852,0.71,2,6,94.03907407407412,0.6532297730445862,20.073128,73.82496,0.1704,2.014758639865452
5KPE_2_6_0_0_combined_id3,1.78924560546875,1.985227346420288,74.43648148148147,0.58,2,6,94.03907407407412,0.6532297730445862,20.073128,73.82496,0.1678,2.1664585537380643
5KPE_2_6_0_0_combined_id4,10.424628257751465,10.160752296447754,70.16185185185185,0.57,2,6,94.03907407407412,0.6532297730445862,20.073128,73.82496,0.1621,2.2439038311993635
5KPE_2_6_0_0_combined_id5,1.135456919670105,1.7176144123077393,89.26342592592593,0.74,2,6,94.03907407407412,0.6532297730445862,20.073128,73.82496,0.1795,2.2286128291377314
5KPE_2_6_0_0_combined_id6,1.6530526876449585,1.2765815258026123,90.40694444444443,0.79,2,6,94.03907407407412,0.6532297730445862,20.073128,73.82496,0.181,2.0983854223180702
5KPE_2_6_0_0_combined_id7,2.009666919708252,1.5064375400543213,78.17796296296298,0.62,2,6,94.03907407407412,0.6532297730445862,20.073128,73.82496,0.1765,2.093494839138455
5KPE_2_6_0_0_combined_id8,1.9234795570373535,1.304781436920166,82.50157407407409,0.66,2,6,94.03907407407412,0.6532297730445862,20.073128,73.82496,0.1733,2.1160863240559897
5KPE_2_6_0_0_combined_id9,1.718027114868164,1.1430201530456543,87.56879629629628,0.72,2,6,94.03907407407412,0.6532297730445862,20.073128,73.82496,0.1784,2.202966336850767
5KPE_2_6_1_0_combined_id1,1.392625093460083,1.4631551504135132,89.22444444444446,0.76,2,6,92.16425925925928,0.649511992931366,20.4149,74.00362,0.1784,2.2548990602846497
5KPE_2_6_1_0_combined_id10,1.3260669708251953,1.321974277496338,87.67055555555555,0.74,2,6,92.16425925925928,0.649511992931366,20.4149,74.00362,0.1799,2.249743426287616
5KPE_2_6_1_0_combined_id11,1.1945856809616089,1.1442798376083374,89.82527777777779,0.75,2,6,92.16425925925928,0.649511992931366,20.4149,74.00362,0.2022,2.191086663140191
5KPE_2_6_1_0_combined_id12,1.732362151145935,1.1234925985336304,90.2887962962963,0.78,2,6,92.16425925925928,0.649511992931366,20.4149,74.00362,0.1958,2.14725183557581
5KPE_2_6_1_0_combined_id13,1.3501205444335938,1.2655044794082642,84.18055555555556,0.66,2,6,92.16425925925928,0.649511992931366,20.4149,74.00362,0.1887,2.0115314059787326
5KPE_2_6_1_0_combined_id14,11.526127815246582,11.432183265686035,83.10064814814812,0.65,2,6,92.16425925925928,0.649511992931366,20.4149,74.00362,0.1934,2.175071151168258
5KPE_2_6_1_0_combined_id15,1.7968066930770874,1.0983847379684448,91.8391666666667,0.77,2,6,92.16425925925928,0.649511992931366,20.4149,74.00362,0.2044,2.021776976408782
5KPE_2_6_1_0_combined_id16,1.3137164115905762,1.293846607208252,92.54685185185184,0.82,2,6,92.16425925925928,0.649511992931366,20.4149,74.00362,0.1855,2.2383609347873263
5KPE_2_6_1_0_combined_id17,1.3447191715240479,1.4566999673843384,93.78657407407408,0.83,2,6,92.16425925925928,0.649511992931366,20.4149,74.00362,0.1742,2.2967615480776185
5KPE_2_6_1_0_combined_id18,1.3233003616333008,1.1116139888763428,90.24296296296296,0.77,2,6,92.16425925925928,0.649511992931366,20.4149,74.00362,0.1808,2.2158406575520835
5KPE_2_6_1_0_combined_id19,1.6513996124267578,1.7338693141937256,82.43444444444445,0.65,2,6,92.16425925925928,0.649511992931366,20.4149,74.00362,0.1777,2.25117520932798
5KPE_2_6_1_0_combined_id2,5.677524089813232,5.8125128746032715,60.45759259259259,0.44,2,6,92.16425925925928,0.649511992931366,20.4149,74.00362,0.194,2.085597002947772
5KPE_2_6_1_0_combined_id20,1.870805025100708,1.3462772369384766,88.37296296296297,0.75,2,6,92.16425925925928,0.649511992931366,20.4149,74.00362,0.1699,2.1864707381637007
5KPE_2_6_1_0_combined_id21,9.382525444030762,9.548154830932617,64.28935185185183,0.49,2,6,92.16425925925928,0.649511992931366,20.4149,74.00362,0.1803,2.135069811785663
5KPE_2_6_1_0_combined_id22,1.6738940477371216,1.2338229417800903,89.73138888888887,0.78,2,6,92.16425925925928,0.649511992931366,20.4149,74.00362,0.1988,2.254614794695819
5KPE_2_6_1_0_combined_id23,1.3374292850494385,1.2897512912750244,91.56425925925927,0.78,2,6,92.16425925925928,0.649511992931366,20.4149,74.00362,0.1907,2.1512439869068287
5KPE_2_6_1_0_combined_id24,1.2996199131011963,1.532963752746582,92.6874074074074,0.82,2,6,92.16425925925928,0.649511992931366,20.4149,74.00362,0.1823,2.2683927747938366
5KPE_2_6_1_0_combined_id3,1.1929460763931274,1.4299705028533936,93.8087037037037,0.83,2,6,92.16425925925928,0.649511992931366,20.4149,74.00362,0.1744,2.158656084979022
5KPE_2_6_1_0_combined_id4,1.0948327779769897,1.7704006433486938,93.04129629629632,0.82,2,6,92.16425925925928,0.649511992931366,20.4149,74.00362,0.1824,2.339080527976708
5KPE_2_6_1_0_combined_id5,8.996618270874023,9.480838775634766,69.55453703703704,0.54,2,6,92.16425925925928,0.649511992931366,20.4149,74.00362,0.187,2.093851442690249
5KPE_2_6_1_0_combined_id6,1.1600645780563354,1.2739062309265137,92.2199074074074,0.8,2,6,92.16425925925928,0.649511992931366,20.4149,74.00362,0.1824,2.156951621726708
5KPE_2_6_1_0_combined_id7,1.306376576423645,1.281700611114502,92.33851851851853,0.81,2,6,92.16425925925928,0.649511992931366,20.4149,74.00362,0.198,2.3575292516637734
5KPE_2_6_1_0_combined_id8,1.1057523488998413,1.5179589986801147,87.35287037037035,0.7,2,6,92.16425925925928,0.649511992931366,20.4149,74.00362,0.1731,2.2368206448025174
5KPE_2_6_1_0_combined_id9,11.256819725036621,11.432901382446289,78.53111111111112,0.62,2,6,92.16425925925928,0.649511992931366,20.4149,74.00362,0.1946,2.257016358552156
5KPE_2_6_2_0_combined_id1,3.4270927906036377,2.5493695735931396,78.85203703703702,0.62,2,6,93.1987037037037,0.6080113649368286,21.106106,74.888695,0.1695,2.2271136531123408
5KPE_2_6_2_0_combined_id10,1.1008734703063965,1.4705373048782349,87.79416666666667,0.72,2,6,93.1987037037037,0.6080113649368286,21.106106,74.888695,0.1711,2.0786669695818865
5KPE_2_6_2_0_combined_id11,1.5838284492492676,1.0051026344299316,87.75250000000003,0.7,2,6,93.1987037037037,0.6080113649368286,21.106106,74.888695,0.1662,2.124872843424479
5KPE_2_6_2_0_combined_id12,0.9716492891311646,1.8482675552368164,91.83629629629628,0.77,2,6,93.1987037037037,0.6080113649368286,21.106106,74.888695,0.1944,2.3365434717248985
5KPE_2_6_2_0_combined_id13,1.2384291887283325,1.6413525342941284,81.53685185185184,0.67,2,6,93.1987037037037,0.6080113649368286,21.106106,74.888695,0.204,2.1711863765010126
5KPE_2_6_2_0_combined_id14,1.1972147226333618,1.5913994312286377,91.99879629629628,0.8,2,6,93.1987037037037,0.6080113649368286,21.106106,74.888695,0.1681,2.3176752726236978
5KPE_2_6_2_0_combined_id15,8.97175407409668,9.043449401855469,77.67861111111108,0.63,2,6,93.1987037037037,0.6080113649368286,21.106106,74.888695,0.189,2.236265111852575
5KPE_2_6_2_0_combined_id16,1.1612087488174438,1.6442925930023193,93.33888888888887,0.8,2,6,93.1987037037037,0.6080113649368286,21.106106,74.888695,0.2049,2.178374396430121
5KPE_2_6_2_0_combined_id17,1.5117582082748413,1.2673228979110718,91.5353703703704,0.78,2,6,93.1987037037037,0.6080113649368286,21.106106,74.888695,0.1957,2.075864014802156
5KPE_2_6_2_0_combined_id18,1.2111239433288574,1.3111411333084106,88.83824074074073,0.73,2,6,93.1987037037037,0.6080113649368286,21.106106,74.888695,0.175,2.2605997721354165
5KPE_2_6_2_0_combined_id19,2.113978624343872,1.8700029850006104,79.98416666666668,0.67,2,6,93.1987037037037,0.6080113649368286,21.106106,74.888695,0.1908,2.3144426699037903
5KPE_2_6_2_0_combined_id2,1.2364939451217651,1.311972975730896,88.75435185185187,0.75,2,6,93.1987037037037,0.6080113649368286,21.106106,74.888695,0.1819,2.311564834029586
5KPE_2_6_2_0_combined_id20,3.6919333934783936,3.490434169769287,71.15287037037038,0.58,2,6,93.1987037037037,0.6080113649368286,21.106106,74.888695,0.1594,2.275531768798828
5KPE_2_6_2_0_combined_id21,1.6269245147705078,1.3203463554382324,86.1488888888889,0.69,2,6,93.1987037037037,0.6080113649368286,21.106106,74.888695,0.1669,2.3104318689416954
5KPE_2_6_2_0_combined_id22,1.4494301080703735,1.1268283128738403,81.84722222222223,0.69,2,6,93.1987037037037,0.6080113649368286,21.106106,74.888695,0.2056,2.1453591805917247
5KPE_2_6_2_0_combined_id23,1.208847999572754,1.4010026454925537,89.38657407407408,0.78,2,6,93.1987037037037,0.6080113649368286,21.106106,74.888695,0.1981,2.1791833948206016
5KPE_2_6_2_0_combined_id24,1.7849724292755127,1.5195633172988892,85.5725,0.74,2,6,93.1987037037037,0.6080113649368286,21.106106,74.888695,0.1707,2.135365945321542
5KPE_2_6_2_0_combined_id3,1.2492148876190186,1.4126583337783813,88.6987962962963,0.76,2,6,93.1987037037037,0.6080113649368286,21.106106,74.888695,0.173,2.238191957826968
5KPE_2_6_2_0_combined_id4,1.3989887237548828,1.431330919265747,89.53018518518519,0.76,2,6,93.1987037037037,0.6080113649368286,21.106106,74.888695,0.1836,2.167225025318287
5KPE_2_6_2_0_combined_id5,1.9127010107040405,1.5576694011688232,89.7187962962963,0.78,2,6,93.1987037037037,0.6080113649368286,21.106106,74.888695,0.1895,2.1435826619466147
5KPE_2_6_2_0_combined_id6,1.5517592430114746,1.4754412174224854,87.64574074074073,0.72,2,6,93.1987037037037,0.6080113649368286,21.106106,74.888695,0.2054,2.172361868399161
5KPE_2_6_2_0_combined_id7,10.320966720581055,10.532920837402344,75.8714814814815,0.6,2,6,93.1987037037037,0.6080113649368286,21.106106,74.888695,0.1739,2.2283353452329284
5KPE_2_6_2_0_combined_id8,1.6924000978469849,1.3267970085144043,89.87472222222223,0.78,2,6,93.1987037037037,0.6080113649368286,21.106106,74.888695,0.179,2.148251003689236
5KPE_2_6_2_0_combined_id9,1.5481388568878174,1.4017746448516846,87.34898148148147,0.74,2,6,93.1987037037037,0.6080113649368286,21.106106,74.888695,0.1932,2.148840868914569
5KPE_2_6_3_0_combined_id1,8.32045841217041,9.319537162780762,69.55712962962963,0.55,2,6,93.5537962962963,0.6331837177276611,20.565151,70.961365,0.1706,2.1495960376880787
5KPE_2_6_3_0_combined_id10,1.316431999206543,1.1016879081726074,88.50166666666667,0.75,2,6,93.5537962962963,0.6331837177276611,20.565151,70.961365,0.1785,2.0968667489511
5KPE_2_6_3_0_combined_id11,7.632631778717041,8.612038612365723,74.80638888888888,0.59,2,6,93.5537962962963,0.6331837177276611,20.565151,70.961365,0.2133,2.0879544858579284
5KPE_2_6_3_0_combined_id12,1.486638069152832,1.3172128200531006,81.64472222222223,0.68,2,6,93.5537962962963,0.6331837177276611,20.565151,70.961365,0.1878,2.2231688322844327
5KPE_2_6_3_0_combined_id13,0.9835342168807983,1.6334493160247803,92.12685185185184,0.79,2,6,93.5537962962963,0.6331837177276611,20.565151,70.961365,0.2036,2.209331512451172
5KPE_2_6_3_0_combined_id14,1.6146961450576782,0.8096411824226379,88.33,0.73,2,6,93.5537962962963,0.6331837177276611,20.565151,70.961365,0.1855,1.938899004900897
5KPE_2_6_3_0_combined_id15,1.2793420553207397,1.5555651187896729,86.61675925925925,0.71,2,6,93.5537962962963,0.6331837177276611,20.565151,70.961365,0.1822,2.2039433232060186
5KPE_2_6_3_0_combined_id16,1.4221054315567017,1.2257881164550781,87.81999999999998,0.72,2,6,93.5537962962963,0.6331837177276611,20.565151,70.961365,0.1885,2.057312576859086
5KPE_2_6_3_0_combined_id17,1.0710463523864746,1.4904820919036865,90.44175925925926,0.76,2,6,93.5537962962963,0.6331837177276611,20.565151,70.961365,0.1989,2.225012743914569
5KPE_2_6_3_0_combined_id18,1.5693249702453613,1.916354775428772,71.43055555555556,0.59,2,6,93.5537962962963,0.6331837177276611,20.565151,70.961365,0.1794,2.145589475278501
5KPE_2_6_3_0_combined_id19,1.1906611919403076,1.6327033042907715,89.36972222222224,0.75,2,6,93.5537962962963,0.6331837177276611,20.565151,70.961365,0.1961,2.0661691736291954
5KPE_2_6_3_0_combined_id2,1.9919748306274414,1.7260172367095947,88.32805555555558,0.74,2,6,93.5537962962963,0.6331837177276611,20.565151,70.961365,0.184,2.159192120587384
5KPE_2_6_3_0_combined_id20,1.8125396966934204,1.1749824285507202,84.52981481481484,0.68,2,6,93.5537962962963,0.6331837177276611,20.565151,70.961365,0.2138,2.12436435840748
5KPE_2_6_3_0_combined_id21,1.0374454259872437,1.3880401849746704,90.15435185185186,0.76,2,6,93.5537962962963,0.6331837177276611,20.565151,70.961365,0.1709,2.259327217384621
5KPE_2_6_3_0_combined_id22,1.2329577207565308,1.8489084243774414,87.66731481481482,0.73,2,6,93.5537962962963,0.6331837177276611,20.565151,70.961365,0.1848,2.254112243652344
5KPE_2_6_3_0_combined_id23,1.2975225448608398,1.3605340719223022,83.64916666666667,0.65,2,6,93.5537962962963,0.6331837177276611,20.565151,70.961365,0.1987,2.0628557558412903
5KPE_2_6_3_0_combined_id24,1.1149288415908813,1.5366389751434326,86.47907407407408,0.71,2,6,93.5537962962963,0.6331837177276611,20.565151,70.961365,0.187,2.056788974338108
5KPE_2_6_3_0_combined_id3,1.2943313121795654,1.4275767803192139,86.69435185185185,0.69,2,6,93.5537962962963,0.6331837177276611,20.565151,70.961365,0.2016,2.1811599731445312
5KPE_2_6_3_0_combined_id4,7.23115348815918,8.142889976501465,76.73925925925924,0.61,2,6,93.5537962962963,0.6331837177276611,20.565151,70.961365,0.1826,2.1162643432617188
5KPE_2_6_3_0_combined_id5,7.520266532897949,8.02267074584961,65.39203703703704,0.56,2,6,93.5537962962963,0.6331837177276611,20.565151,70.961365,0.219,2.161629570855035
5KPE_2_6_3_0_combined_id6,1.3257427215576172,1.3236973285675049,86.70194444444444,0.73,2,6,93.5537962962963,0.6331837177276611,20.565151,70.961365,0.18,2.046535350658276
5KPE_2_6_3_0_combined_id7,1.3920427560806274,1.1138134002685547,87.07018518518517,0.71,2,6,93.5537962962963,0.6331837177276611,20.565151,70.961365,0.1977,2.141182510941117
5KPE_2_6_3_0_combined_id8,1.2326345443725586,1.5028761625289917,84.75194444444443,0.68,2,6,93.5537962962963,0.6331837177276611,20.565151,70.961365,0.1902,2.035803053114149
5KPE_2_6_3_0_combined_id9,1.2394039630889893,1.31012761592865,86.7377777777778,0.7,2,6,93.5537962962963,0.6331837177276611,20.565151,70.961365,0.1793,2.085139521846065
5KPE_2_6_4_0_combined_id1,7.374629497528076,6.101869106292725,62.28601851851851,0.51,2,6,90.85027777777776,0.7910700440406799,20.939934,76.682724,0.1696,2.204138014051649
5KPE_2_6_4_0_combined_id10,1.392619013786316,1.4959462881088257,79.7815740740741,0.65,2,6,90.85027777777776,0.7910700440406799,20.939934,76.682724,0.1705,2.1551265010127314
5KPE_2_6_4_0_combined_id11,8.112527847290039,9.03799057006836,63.29907407407407,0.48,2,6,90.85027777777776,0.7910700440406799,20.939934,76.682724,0.1632,2.21925382260923
5KPE_2_6_4_0_combined_id12,8.896413803100586,9.914113998413086,78.4738888888889,0.64,2,6,90.85027777777776,0.7910700440406799,20.939934,76.682724,0.1622,2.193227273446542
5KPE_2_6_4_0_combined_id13,1.133675217628479,1.6668325662612915,90.65361111111108,0.79,2,6,90.85027777777776,0.7910700440406799,20.939934,76.682724,0.1632,2.148863757098163
5KPE_2_6_4_0_combined_id14,1.196332335472107,1.4921690225601196,84.49231481481483,0.66,2,6,90.85027777777776,0.7910700440406799,20.939934,76.682724,0.1596,2.2416629084834345
5KPE_2_6_4_0_combined_id15,4.768362045288086,3.7986931800842285,69.59583333333333,0.56,2,6,90.85027777777776,0.7910700440406799,20.939934,76.682724,0.1807,1.96695398401331
5KPE_2_6_4_0_combined_id16,2.1722168922424316,2.436757802963257,70.48935185185186,0.54,2,6,90.85027777777776,0.7910700440406799,20.939934,76.682724,0.1783,2.135787257441768
5KPE_2_6_4_0_combined_id17,7.354458332061768,8.06716251373291,59.87407407407408,0.5,2,6,90.85027777777776,0.7910700440406799,20.939934,76.682724,0.1889,2.281622144911024
5KPE_2_6_4_0_combined_id18,1.393307089805603,1.7307722568511963,85.73833333333334,0.72,2,6,90.85027777777776,0.7910700440406799,20.939934,76.682724,0.1656,2.2466063322844327
5KPE_2_6_4_0_combined_id19,1.327073574066162,1.6868997812271118,75.20842592592592,0.64,2,6,90.85027777777776,0.7910700440406799,20.939934,76.682724,0.1719,2.1307412606698497
5KPE_2_6_4_0_combined_id2,1.3340178728103638,1.1396983861923218,90.34953703703704,0.76,2,6,90.85027777777776,0.7910700440406799,20.939934,76.682724,0.1961,2.2360158849645546
5KPE_2_6_4_0_combined_id20,1.873914361000061,1.2357568740844727,84.33731481481482,0.7,2,6,90.85027777777776,0.7910700440406799,20.939934,76.682724,0.1915,2.04678146927445
5KPE_2_6_4_0_combined_id21,1.1422805786132812,1.4184694290161133,90.2425925925926,0.76,2,6,90.85027777777776,0.7910700440406799,20.939934,76.682724,0.1796,1.9674261587637445
5KPE_2_6_4_0_combined_id22,1.3217588663101196,1.0712817907333374,89.43453703703706,0.76,2,6,90.85027777777776,0.7910700440406799,20.939934,76.682724,0.2028,2.315831502278646
5KPE_2_6_4_0_combined_id23,1.3383777141571045,0.9637125134468079,82.04925925925924,0.7,2,6,90.85027777777776,0.7910700440406799,20.939934,76.682724,0.1643,2.2423193189832897
5KPE_2_6_4_0_combined_id24,1.2273728847503662,1.5015350580215454,86.22138888888888,0.7,2,6,90.85027777777776,0.7910700440406799,20.939934,76.682724,0.1783,2.3562489262333624
5KPE_2_6_4_0_combined_id3,1.3343819379806519,1.2110506296157837,85.72666666666666,0.71,2,6,90.85027777777776,0.7910700440406799,20.939934,76.682724,0.1996,2.1942840858742043
5KPE_2_6_4_0_combined_id5,1.6464282274246216,1.4513025283813477,89.4112962962963,0.77,2,6,90.85027777777776,0.7910700440406799,20.939934,76.682724,0.1603,2.181046379937066
5KPE_2_6_4_0_combined_id6,2.0472893714904785,0.8581042289733887,88.49138888888886,0.75,2,6,90.85027777777776,0.7910700440406799,20.939934,76.682724,0.1696,1.9703968189380787
5KPE_2_6_4_0_combined_id7,1.6965326070785522,2.1286120414733887,77.03333333333333,0.64,2,6,90.85027777777776,0.7910700440406799,20.939934,76.682724,0.1627,2.300975375705295
5KPE_2_6_4_0_combined_id8,1.704366683959961,1.0875047445297241,89.51583333333335,0.75,2,6,90.85027777777776,0.7910700440406799,20.939934,76.682724,0.1816,2.1801535994918257
5KPE_2_6_4_0_combined_id9,1.2603111267089844,1.4535547494888306,90.57722222222222,0.77,2,6,90.85027777777776,0.7910700440406799,20.939934,76.682724,0.1757,2.129184440330223
5KPE_2_6_5_0_combined_id1,1.0866340398788452,1.2293081283569336,92.9125,0.79,2,6,91.71157407407408,0.6970963478088379,20.454456,75.55257,0.2393,1.9197061326768663
5KPE_2_6_5_0_combined_id10,1.442392349243164,1.4978797435760498,93.20796296296297,0.83,2,6,91.71157407407408,0.6970963478088379,20.454456,75.55257,0.2107,2.0649774339463978
5KPE_2_6_5_0_combined_id11,0.9742638468742371,1.4636118412017822,87.96435185185189,0.73,2,6,91.71157407407408,0.6970963478088379,20.454456,75.55257,0.1825,2.188667014793113
5KPE_2_6_5_0_combined_id12,1.4771888256072998,1.7597012519836426,87.34990740740741,0.65,2,6,91.71157407407408,0.6970963478088379,20.454456,75.55257,0.1901,2.00343096697772
5KPE_2_6_5_0_combined_id13,1.1900006532669067,1.450821042060852,86.61759259259262,0.73,2,6,91.71157407407408,0.6970963478088379,20.454456,75.55257,0.1825,2.104647883662471
5KPE_2_6_5_0_combined_id15,1.242758870124817,1.3806663751602173,87.84990740740741,0.72,2,6,91.71157407407408,0.6970963478088379,20.454456,75.55257,0.1915,2.0283391034161604
5KPE_2_6_5_0_combined_id16,3.610557794570923,3.59745454788208,77.89175925925927,0.58,2,6,91.71157407407408,0.6970963478088379,20.454456,75.55257,0.1859,2.008218835901331
5KPE_2_6_5_0_combined_id17,1.0943958759307861,1.433101773262024,87.77796296296297,0.78,2,6,91.71157407407408,0.6970963478088379,20.454456,75.55257,0.1814,2.186586168077257
5KPE_2_6_5_0_combined_id18,1.0322271585464478,1.4062567949295044,92.60537037037037,0.79,2,6,91.71157407407408,0.6970963478088379,20.454456,75.55257,0.2111,2.069290302417897
5KPE_2_6_5_0_combined_id19,1.1072970628738403,1.374934196472168,93.62333333333332,0.84,2,6,91.71157407407408,0.6970963478088379,20.454456,75.55257,0.2289,2.0659992076732494
5KPE_2_6_5_0_combined_id2,1.2759613990783691,1.1311016082763672,85.74916666666667,0.7,2,6,91.71157407407408,0.6970963478088379,20.454456,75.55257,0.2027,1.9513955292878329
5KPE_2_6_5_0_combined_id20,1.1990705728530884,1.3524502515792847,88.85777777777777,0.72,2,6,91.71157407407408,0.6970963478088379,20.454456,75.55257,0.1994,1.9792644359447336
5KPE_2_6_5_0_combined_id21,1.2006891965866089,1.1429858207702637,89.39499999999998,0.76,2,6,91.71157407407408,0.6970963478088379,20.454456,75.55257,0.22,2.0872695357711226
5KPE_2_6_5_0_combined_id22,1.2043650150299072,1.099732756614685,92.38814814814812,0.79,2,6,91.71157407407408,0.6970963478088379,20.454456,75.55257,0.2046,1.999236212836372
5KPE_2_6_5_0_combined_id23,1.2021700143814087,1.321948766708374,91.86527777777776,0.8,2,6,91.71157407407408,0.6970963478088379,20.454456,75.55257,0.2221,2.0776199058250144
5KPE_2_6_5_0_combined_id24,1.6060086488723755,1.5281543731689453,85.76527777777777,0.65,2,6,91.71157407407408,0.6970963478088379,20.454456,75.55257,0.1829,1.9311627988462088
5KPE_2_6_5_0_combined_id3,1.879620909690857,1.6401547193527222,88.1325925925926,0.73,2,6,91.71157407407408,0.6970963478088379,20.454456,75.55257,0.1947,1.9774254692925348
5KPE_2_6_5_0_combined_id4,0.9563784599304199,1.299051284790039,89.27472222222222,0.72,2,6,91.71157407407408,0.6970963478088379,20.454456,75.55257,0.1889,2.0240191706904658
5KPE_2_6_5_0_combined_id5,1.396845817565918,1.3807729482650757,92.71185185185185,0.83,2,6,91.71157407407408,0.6970963478088379,20.454456,75.55257,0.2102,2.0534631234628185
5KPE_2_6_5_0_combined_id6,1.190641164779663,1.273878812789917,85.38074074074072,0.65,2,6,91.71157407407408,0.6970963478088379,20.454456,75.55257,0.1973,1.812402230721933
5KPE_2_6_5_0_combined_id7,1.6262327432632446,0.9292988777160645,89.7162962962963,0.75,2,6,91.71157407407408,0.6970963478088379,20.454456,75.55257,0.2282,1.866337811505353
5KPE_2_6_5_0_combined_id8,1.9532661437988281,1.8550243377685547,89.97898148148145,0.78,2,6,91.71157407407408,0.6970963478088379,20.454456,75.55257,0.2098,2.0430012455693
5KPE_2_6_5_0_combined_id9,1.5453121662139893,1.16929030418396,90.27527777777776,0.79,2,6,91.71157407407408,0.6970963478088379,20.454456,75.55257,0.2101,1.9279889707212088
5KPE_2_6_6_0_combined_id1,1.236137866973877,1.756417989730835,86.64194444444445,0.71,2,6,89.94546296296296,0.6541405916213989,20.535513,74.7326,0.1743,2.2147321347837097
5KPE_2_6_6_0_combined_id10,11.081290245056152,10.6806058883667,77.01509259259261,0.61,2,6,89.94546296296296,0.6541405916213989,20.535513,74.7326,0.1735,2.19835775869864
5KPE_2_6_6_0_combined_id11,1.5571380853652954,1.4914015531539917,92.42009259259258,0.81,2,6,89.94546296296296,0.6541405916213989,20.535513,74.7326,0.1865,2.159494470666956
5KPE_2_6_6_0_combined_id12,1.117967128753662,1.624709963798523,87.51055555555556,0.72,2,6,89.94546296296296,0.6541405916213989,20.535513,74.7326,0.2071,2.078767423276548
5KPE_2_6_6_0_combined_id13,1.2038921117782593,1.214188814163208,85.60898148148146,0.7,2,6,89.94546296296296,0.6541405916213989,20.535513,74.7326,0.1897,2.147382241708261
5KPE_2_6_6_0_combined_id14,1.6345689296722412,1.1761054992675781,88.47490740740743,0.77,2,6,89.94546296296296,0.6541405916213989,20.535513,74.7326,0.1844,2.076318528917101
5KPE_2_6_6_0_combined_id15,10.509506225585938,11.551602363586426,72.16574074074074,0.58,2,6,89.94546296296296,0.6541405916213989,20.535513,74.7326,0.1794,2.1844907689977577
5KPE_2_6_6_0_combined_id16,1.4113887548446655,0.8289275169372559,88.60972222222225,0.76,2,6,89.94546296296296,0.6541405916213989,20.535513,74.7326,0.172,2.188207414415148
5KPE_2_6_6_0_combined_id17,1.7464661598205566,2.3079745769500732,66.06861111111111,0.57,2,6,89.94546296296296,0.6541405916213989,20.535513,74.7326,0.1943,2.287803226047092
5KPE_2_6_6_0_combined_id18,1.0680733919143677,1.229853630065918,88.48574074074074,0.74,2,6,89.94546296296296,0.6541405916213989,20.535513,74.7326,0.1829,2.0182328400788485
5KPE_2_6_6_0_combined_id19,11.45668888092041,11.077913284301758,78.18175925925925,0.65,2,6,89.94546296296296,0.6541405916213989,20.535513,74.7326,0.1526,2.2089801364474826
5KPE_2_6_6_0_combined_id2,1.3274465799331665,1.5280771255493164,90.99342592592592,0.78,2,6,89.94546296296296,0.6541405916213989,20.535513,74.7326,0.1764,2.117635656286169
5KPE_2_6_6_0_combined_id20,1.2233669757843018,1.543793797492981,88.62657407407409,0.76,2,6,89.94546296296296,0.6541405916213989,20.535513,74.7326,0.1902,2.318126678466797
5KPE_2_6_6_0_combined_id21,11.237557411193848,11.870969772338867,77.6976851851852,0.55,2,6,89.94546296296296,0.6541405916213989,20.535513,74.7326,0.1877,2.181403266059028
5KPE_2_6_6_0_combined_id22,2.1781325340270996,1.7017136812210083,80.4535185185185,0.63,2,6,89.94546296296296,0.6541405916213989,20.535513,74.7326,0.1835,2.120072117558232
5KPE_2_6_6_0_combined_id23,4.610339164733887,5.4761223793029785,61.68055555555556,0.52,2,6,89.94546296296296,0.6541405916213989,20.535513,74.7326,0.1853,2.1233844050654658
5KPE_2_6_6_0_combined_id24,2.206157922744751,2.210827350616455,68.70120370370371,0.57,2,6,89.94546296296296,0.6541405916213989,20.535513,74.7326,0.1871,2.1163544831452548
5KPE_2_6_6_0_combined_id3,11.123659133911133,10.950106620788574,78.71722222222222,0.63,2,6,89.94546296296296,0.6541405916213989,20.535513,74.7326,0.1718,2.195549717655888
5KPE_2_6_6_0_combined_id4,1.4201042652130127,1.5643560886383057,87.82814814814816,0.78,2,6,89.94546296296296,0.6541405916213989,20.535513,74.7326,0.2038,2.286534203423394
5KPE_2_6_6_0_combined_id5,1.3951013088226318,1.586687445640564,86.36759259259259,0.71,2,6,89.94546296296296,0.6541405916213989,20.535513,74.7326,0.2036,2.1980264451768665
5KPE_2_6_6_0_combined_id6,9.53866958618164,9.648122787475586,78.09111111111112,0.63,2,6,89.94546296296296,0.6541405916213989,20.535513,74.7326,0.1859,2.266035715738932
5KPE_2_6_6_0_combined_id7,2.5307517051696777,2.7659173011779785,70.90388888888889,0.55,2,6,89.94546296296296,0.6541405916213989,20.535513,74.7326,0.1677,2.226973780879268
5KPE_2_6_6_0_combined_id8,1.4343336820602417,1.5584861040115356,85.35305555555554,0.68,2,6,89.94546296296296,0.6541405916213989,20.535513,74.7326,0.1692,2.262469115080657
5KPE_2_6_6_0_combined_id9,1.145747423171997,1.5031540393829346,91.92824074074072,0.83,2,6,89.94546296296296,0.6541405916213989,20.535513,74.7326,0.2023,2.2025348522044994
5KPE_2_6_7_0_combined_id1,10.695064544677734,11.304100036621094,73.25481481481481,0.58,2,6,94.67425925925926,0.641792356967926,20.03351,73.22822,0.2172,2.2430248966923467
5KPE_2_6_7_0_combined_id10,1.5448046922683716,1.4616286754608154,85.57287037037037,0.69,2,6,94.67425925925926,0.641792356967926,20.03351,73.22822,0.1789,2.2107546771014177
5KPE_2_6_7_0_combined_id11,1.7048300504684448,1.0250483751296997,90.3902777777778,0.77,2,6,94.67425925925926,0.641792356967926,20.03351,73.22822,0.1752,2.1303380330403647
5KPE_2_6_7_0_combined_id12,1.8238714933395386,0.9839393496513367,88.06194444444444,0.7,2,6,94.67425925925926,0.641792356967926,20.03351,73.22822,0.1855,2.128347326208044
5KPE_2_6_7_0_combined_id13,7.154115676879883,8.065583229064941,67.30009259259259,0.55,2,6,94.67425925925926,0.641792356967926,20.03351,73.22822,0.1796,2.114328455041956
5KPE_2_6_7_0_combined_id14,1.5417009592056274,1.2125436067581177,83.7314814814815,0.67,2,6,94.67425925925926,0.641792356967926,20.03351,73.22822,0.1734,2.273720494023076
5KPE_2_6_7_0_combined_id15,1.1428868770599365,1.4005582332611084,91.43101851851851,0.78,2,6,94.67425925925926,0.641792356967926,20.03351,73.22822,0.1789,2.15305017541956
5KPE_2_6_7_0_combined_id16,2.032081365585327,1.3256750106811523,84.19851851851853,0.69,2,6,94.67425925925926,0.641792356967926,20.03351,73.22822,0.1916,1.9552424395525896
5KPE_2_6_7_0_combined_id17,2.415407657623291,2.383801221847534,77.28509259259259,0.62,2,6,94.67425925925926,0.641792356967926,20.03351,73.22822,0.2,2.146076202392578
5KPE_2_6_7_0_combined_id18,3.098845958709717,3.068729877471924,72.75583333333333,0.63,2,6,94.67425925925926,0.641792356967926,20.03351,73.22822,0.199,2.324201230649595
5KPE_2_6_7_0_combined_id19,8.115291595458984,9.100579261779785,73.38648148148148,0.62,2,6,94.67425925925926,0.641792356967926,20.03351,73.22822,0.1762,2.251264218930845
5KPE_2_6_7_0_combined_id2,9.160778045654297,9.076026916503906,71.75990740740741,0.62,2,6,94.67425925925926,0.641792356967926,20.03351,73.22822,0.1953,2.24203039098669
5KPE_2_6_7_0_combined_id20,1.5581388473510742,1.4270424842834473,78.79157407407408,0.66,2,6,94.67425925925926,0.641792356967926,20.03351,73.22822,0.1917,2.124541812472873
5KPE_2_6_7_0_combined_id21,1.1473637819290161,1.463234543800354,90.16046296296298,0.76,2,6,94.67425925925926,0.641792356967926,20.03351,73.22822,0.1763,2.321196944625289
5KPE_2_6_7_0_combined_id22,6.503310203552246,6.215130805969238,66.00370370370369,0.57,2,6,94.67425925925926,0.641792356967926,20.03351,73.22822,0.1838,2.11155276828342
5KPE_2_6_7_0_combined_id23,2.0593464374542236,0.8098357319831848,88.08453703703701,0.72,2,6,94.67425925925926,0.641792356967926,20.03351,73.22822,0.1803,2.0196762084960938
5KPE_2_6_7_0_combined_id24,10.1067476272583,10.270197868347168,73.44657407407406,0.56,2,6,94.67425925925926,0.641792356967926,20.03351,73.22822,0.2007,2.061667830855758
5KPE_2_6_7_0_combined_id3,1.3199809789657593,1.484762191772461,93.02666666666669,0.82,2,6,94.67425925925926,0.641792356967926,20.03351,73.22822,0.1793,2.3375269571940103
5KPE_2_6_7_0_combined_id4,1.415155291557312,1.0460182428359985,84.95194444444444,0.7,2,6,94.67425925925926,0.641792356967926,20.03351,73.22822,0.1873,2.0983670552571616
5KPE_2_6_7_0_combined_id5,1.3989125490188599,1.323909878730774,90.74861111111112,0.78,2,6,94.67425925925926,0.641792356967926,20.03351,73.22822,0.2103,2.2336708351417824
5KPE_2_6_7_0_combined_id6,1.6288732290267944,1.0829445123672485,94.13157407407408,0.83,2,6,94.67425925925926,0.641792356967926,20.03351,73.22822,0.1996,2.2046407063802085
5KPE_2_6_7_0_combined_id7,4.2263617515563965,4.081164836883545,73.95731481481482,0.58,2,6,94.67425925925926,0.641792356967926,20.03351,73.22822,0.1782,2.260004961932147
5KPE_2_6_7_0_combined_id8,10.328137397766113,11.010547637939453,64.21972222222222,0.51,2,6,94.67425925925926,0.641792356967926,20.03351,73.22822,0.1957,2.041138966878256
5KPE_2_6_7_0_combined_id9,1.7020378112792969,0.9960096478462219,91.1585185185185,0.78,2,6,94.67425925925926,0.641792356967926,20.03351,73.22822,0.2084,2.1073505260326244
5KPE_2_6_8_0_combined_id1,1.1764179468154907,1.5948702096939087,93.65564814814816,0.83,2,6,93.28907407407408,0.7107722163200378,20.388544,75.3248,0.2023,2.252914428710937
5KPE_2_6_8_0_combined_id10,9.977924346923828,9.917585372924805,74.86342592592592,0.59,2,6,93.28907407407408,0.7107722163200378,20.388544,75.3248,0.1844,2.2196162188494646
5KPE_2_6_8_0_combined_id11,1.1448134183883667,1.7093898057937622,88.59851851851853,0.76,2,6,93.28907407407408,0.7107722163200378,20.388544,75.3248,0.1863,2.034168384693287
5KPE_2_6_8_0_combined_id12,1.720086932182312,1.1534655094146729,89.41648148148151,0.76,2,6,93.28907407407408,0.7107722163200378,20.388544,75.3248,0.1842,1.902905782063802
5KPE_2_6_8_0_combined_id13,11.324346542358398,11.678679466247559,83.8350925925926,0.7,2,6,93.28907407407408,0.7107722163200378,20.388544,75.3248,0.1745,2.2677714029947915
5KPE_2_6_8_0_combined_id14,8.380250930786133,7.310380458831787,66.96555555555557,0.49,2,6,93.28907407407408,0.7107722163200378,20.388544,75.3248,0.1898,2.2269154301396124
5KPE_2_6_8_0_combined_id15,1.5043917894363403,1.1002863645553589,87.50055555555555,0.7,2,6,93.28907407407408,0.7107722163200378,20.388544,75.3248,0.1799,2.116918210630064
5KPE_2_6_8_0_combined_id16,1.4872000217437744,0.9163051843643188,85.98027777777777,0.73,2,6,93.28907407407408,0.7107722163200378,20.388544,75.3248,0.1841,2.2610075208875866
5KPE_2_6_8_0_combined_id17,11.4866361618042,11.123564720153809,74.74555555555555,0.56,2,6,93.28907407407408,0.7107722163200378,20.388544,75.3248,0.1661,2.2266435976381653
5KPE_2_6_8_0_combined_id18,1.1927294731140137,1.380976915359497,93.86851851851851,0.82,2,6,93.28907407407408,0.7107722163200378,20.388544,75.3248,0.1921,2.1180767483181424
5KPE_2_6_8_0_combined_id19,1.4767674207687378,1.1319373846054077,90.73462962962964,0.78,2,6,93.28907407407408,0.7107722163200378,20.388544,75.3248,0.2034,2.0333983809859664
5KPE_2_6_8_0_combined_id2,1.1052194833755493,1.3515493869781494,90.06787037037036,0.75,2,6,93.28907407407408,0.7107722163200378,20.388544,75.3248,0.1974,2.104925367567274
5KPE_2_6_8_0_combined_id20,1.6439749002456665,1.1814595460891724,91.16879629629632,0.82,2,6,93.28907407407408,0.7107722163200378,20.388544,75.3248,0.1799,2.1291145042136863
5KPE_2_6_8_0_combined_id21,10.766927719116211,10.87714958190918,82.14527777777778,0.67,2,6,93.28907407407408,0.7107722163200378,20.388544,75.3248,0.1832,2.1329303317599826
5KPE_2_6_8_0_combined_id23,1.8282684087753296,0.8381488919258118,86.07518518518516,0.74,2,6,93.28907407407408,0.7107722163200378,20.388544,75.3248,0.1594,2.1053009033203125
5KPE_2_6_8_0_combined_id24,1.4911384582519531,1.6644423007965088,85.63287037037036,0.7,2,6,93.28907407407408,0.7107722163200378,20.388544,75.3248,0.174,2.1062534473560475
5KPE_2_6_8_0_combined_id3,1.9957373142242432,1.0980502367019653,84.26824074074075,0.7,2,6,93.28907407407408,0.7107722163200378,20.388544,75.3248,0.1747,2.215817204228154
5KPE_2_6_8_0_combined_id4,2.3693337440490723,2.773803234100342,84.43694444444445,0.64,2,6,93.28907407407408,0.7107722163200378,20.388544,75.3248,0.1864,2.134297406231916
5KPE_2_6_8_0_combined_id5,1.1874412298202515,1.6234639883041382,91.16824074074076,0.76,2,6,93.28907407407408,0.7107722163200378,20.388544,75.3248,0.1971,2.0788175794813366
5KPE_2_6_8_0_combined_id6,1.647603154182434,1.2227364778518677,87.5850925925926,0.72,2,6,93.28907407407408,0.7107722163200378,20.388544,75.3248,0.1911,1.98101156729239
5KPE_2_6_8_0_combined_id7,1.4808954000473022,1.9611635208129883,90.47166666666668,0.76,2,6,93.28907407407408,0.7107722163200378,20.388544,75.3248,0.1893,2.3266878481264466
5KPE_2_6_8_0_combined_id8,1.4591946601867676,1.1233675479888916,87.63685185185184,0.74,2,6,93.28907407407408,0.7107722163200378,20.388544,75.3248,0.1778,2.1442541899504484
5KPE_2_6_8_0_combined_id9,1.2861579656600952,1.1573954820632935,89.65712962962965,0.76,2,6,93.28907407407408,0.7107722163200378,20.388544,75.3248,0.1841,2.38033351191768
5KPE_2_6_9_0_combined_id1,0.9903483390808105,1.478716254234314,92.97703703703704,0.79,2,6,95.2987962962963,0.5640602111816406,20.21626,73.83655,0.1902,2.1581863120750144
5KPE_2_6_9_0_combined_id10,1.4070749282836914,1.2590872049331665,92.02259259259262,0.8,2,6,95.2987962962963,0.5640602111816406,20.21626,73.83655,0.2145,1.958528871889468
5KPE_2_6_9_0_combined_id11,1.3825770616531372,1.0976351499557495,90.23064814814816,0.75,2,6,95.2987962962963,0.5640602111816406,20.21626,73.83655,0.2053,2.0867887426305702
5KPE_2_6_9_0_combined_id12,2.4298770427703857,2.2137601375579834,70.50194444444445,0.6,2,6,95.2987962962963,0.5640602111816406,20.21626,73.83655,0.1621,2.333161248101129
5KPE_2_6_9_0_combined_id13,1.3793127536773682,1.1462653875350952,88.27314814814817,0.73,2,6,95.2987962962963,0.5640602111816406,20.21626,73.83655,0.1922,2.043846554226345
5KPE_2_6_9_0_combined_id14,1.3096332550048828,1.4120315313339233,87.21962962962964,0.69,2,6,95.2987962962963,0.5640602111816406,20.21626,73.83655,0.1955,2.2417919017650463
5KPE_2_6_9_0_combined_id15,1.5140236616134644,1.0398297309875488,88.8147222222222,0.74,2,6,95.2987962962963,0.5640602111816406,20.21626,73.83655,0.1797,2.088399816442419
5KPE_2_6_9_0_combined_id16,8.00991153717041,8.134672164916992,74.56231481481481,0.63,2,6,95.2987962962963,0.5640602111816406,20.21626,73.83655,0.1719,2.1824063901548034
5KPE_2_6_9_0_combined_id17,1.2808895111083984,1.1310794353485107,91.68305555555555,0.8,2,6,95.2987962962963,0.5640602111816406,20.21626,73.83655,0.2011,2.108216038456669
5KPE_2_6_9_0_combined_id18,1.2975150346755981,1.2377022504806519,92.69175925925929,0.8,2,6,95.2987962962963,0.5640602111816406,20.21626,73.83655,0.1963,2.105609752513744
5KPE_2_6_9_0_combined_id19,1.1961522102355957,1.2700631618499756,91.24824074074074,0.8,2,6,95.2987962962963,0.5640602111816406,20.21626,73.83655,0.1883,2.0585671884042247
5KPE_2_6_9_0_combined_id2,1.2147071361541748,1.3170340061187744,87.10675925925928,0.7,2,6,95.2987962962963,0.5640602111816406,20.21626,73.83655,0.1924,2.0197792053222656
5KPE_2_6_9_0_combined_id20,9.311758995056152,8.296303749084473,62.2725,0.45,2,6,95.2987962962963,0.5640602111816406,20.21626,73.83655,0.1983,2.2159692269784435
5KPE_2_6_9_0_combined_id21,1.2492512464523315,1.1088533401489258,92.3114814814815,0.8,2,6,95.2987962962963,0.5640602111816406,20.21626,73.83655,0.2074,1.8939009772406683
5KPE_2_6_9_0_combined_id22,1.8694897890090942,1.4311960935592651,83.56805555555556,0.67,2,6,95.2987962962963,0.5640602111816406,20.21626,73.83655,0.1913,1.9579288341380927
5KPE_2_6_9_0_combined_id23,1.3440042734146118,1.1757436990737915,84.43324074074073,0.7,2,6,95.2987962962963,0.5640602111816406,20.21626,73.83655,0.1903,2.1593440020525896
5KPE_2_6_9_0_combined_id24,1.3213163614273071,1.386233925819397,87.29083333333334,0.73,2,6,95.2987962962963,0.5640602111816406,20.21626,73.83655,0.2101,2.1606787222403065
5KPE_2_6_9_0_combined_id3,1.1548707485198975,1.270579218864441,89.39120370370371,0.76,2,6,95.2987962962963,0.5640602111816406,20.21626,73.83655,0.1942,2.169907746491609
5KPE_2_6_9_0_combined_id4,10.51990795135498,11.282052993774414,81.28740740740743,0.7,2,6,95.2987962962963,0.5640602111816406,20.21626,73.83655,0.1946,1.947606969762732
5KPE_2_6_9_0_combined_id5,1.3003087043762207,1.0028018951416016,88.45018518518518,0.76,2,6,95.2987962962963,0.5640602111816406,20.21626,73.83655,0.2159,2.0776035167552807
5KPE_2_6_9_0_combined_id6,4.156932353973389,4.3050737380981445,72.78712962962963,0.52,2,6,95.2987962962963,0.5640602111816406,20.21626,73.83655,0.1897,1.9450334619592733
5KPE_2_6_9_0_combined_id7,1.0052462816238403,1.7278443574905396,91.7626851851852,0.8,2,6,95.2987962962963,0.5640602111816406,20.21626,73.83655,0.1879,2.215749669958044
5KPE_2_6_9_0_combined_id8,1.2013112306594849,1.3712158203125,91.84120370370368,0.81,2,6,95.2987962962963,0.5640602111816406,20.21626,73.83655,0.2091,2.23976813422309
5KPE_2_6_9_0_combined_id9,1.3435107469558716,1.2566248178482056,91.51416666666664,0.79,2,6,95.2987962962963,0.5640602111816406,20.21626,73.83655,0.199,1.9018527843334057
5KPE_2_8_0_0_combined_id1,3.0097262859344482,2.2642016410827637,66.68629629629629,0.62,2,8,90.80611111111112,0.532431960105896,20.278904,73.07307,0.1631,2.083611947518808
5KPE_2_8_0_0_combined_id10,8.747854232788086,8.967267990112305,68.30472222222222,0.57,2,8,90.80611111111112,0.532431960105896,20.278904,73.07307,0.1661,2.2472336380570024
5KPE_2_8_0_0_combined_id11,5.699962139129639,5.4472575187683105,75.18740740740742,0.5,2,8,90.80611111111112,0.532431960105896,20.278904,73.07307,0.1795,2.183598129837601
5KPE_2_8_0_0_combined_id12,10.601094245910645,11.297731399536133,79.08296296296294,0.63,2,8,90.80611111111112,0.532431960105896,20.278904,73.07307,0.185,2.2698963306568287
5KPE_2_8_0_0_combined_id13,1.6816502809524536,1.3216524124145508,86.7975,0.7,2,8,90.80611111111112,0.532431960105896,20.278904,73.07307,0.18,2.3109568843135126
5KPE_2_8_0_0_combined_id14,1.5389091968536377,1.2949141263961792,83.4774074074074,0.68,2,8,90.80611111111112,0.532431960105896,20.278904,73.07307,0.1688,2.187515965214482
5KPE_2_8_0_0_combined_id15,2.156877279281616,2.8341550827026367,75.2662037037037,0.65,2,8,90.80611111111112,0.532431960105896,20.278904,73.07307,0.1883,2.090677614565249
5KPE_2_8_0_0_combined_id16,1.1269240379333496,1.5181868076324463,90.57870370370372,0.79,2,8,90.80611111111112,0.532431960105896,20.278904,73.07307,0.1564,2.4400499131944446
5KPE_2_8_0_0_combined_id17,9.320311546325684,9.403420448303223,67.6252777777778,0.51,2,8,90.80611111111112,0.532431960105896,20.278904,73.07307,0.1843,2.1031426323784723
5KPE_2_8_0_0_combined_id18,7.541465759277344,8.536985397338867,63.23240740740741,0.49,2,8,90.80611111111112,0.532431960105896,20.278904,73.07307,0.1807,2.007889641655816
5KPE_2_8_0_0_combined_id19,1.5646498203277588,0.9989486932754517,85.70935185185184,0.71,2,8,90.80611111111112,0.532431960105896,20.278904,73.07307,0.1693,2.23415289984809
5KPE_2_8_0_0_combined_id2,1.2070517539978027,1.777822732925415,91.5601851851852,0.79,2,8,90.80611111111112,0.532431960105896,20.278904,73.07307,0.1669,2.254362318250868
5KPE_2_8_0_0_combined_id20,11.27120590209961,11.489039421081543,70.46787037037036,0.55,2,8,90.80611111111112,0.532431960105896,20.278904,73.07307,0.1882,2.129980723063151
5KPE_2_8_0_0_combined_id21,1.3750057220458984,1.1817432641983032,87.90907407407407,0.72,2,8,90.80611111111112,0.532431960105896,20.278904,73.07307,0.1807,2.020361441153068
5KPE_2_8_0_0_combined_id22,10.369659423828125,11.17215633392334,75.66175925925926,0.66,2,8,90.80611111111112,0.532431960105896,20.278904,73.07307,0.1853,1.97117840802228
5KPE_2_8_0_0_combined_id23,9.166619300842285,9.571276664733887,79.15972222222223,0.64,2,8,90.80611111111112,0.532431960105896,20.278904,73.07307,0.2101,2.2386536774811923
5KPE_2_8_0_0_combined_id24,1.0988112688064575,1.5840622186660767,91.14518518518518,0.79,2,8,90.80611111111112,0.532431960105896,20.278904,73.07307,0.2032,2.162716618290654
5KPE_2_8_0_0_combined_id3,1.1657829284667969,1.9202219247817993,93.7012037037037,0.83,2,8,90.80611111111112,0.532431960105896,20.278904,73.07307,0.1822,2.276957052725333
5KPE_2_8_0_0_combined_id4,1.2186658382415771,1.3861749172210693,92.08592592592592,0.81,2,8,90.80611111111112,0.532431960105896,20.278904,73.07307,0.1769,2.2132687038845487
5KPE_2_8_0_0_combined_id5,1.7061302661895752,1.4650474786758423,80.8084259259259,0.63,2,8,90.80611111111112,0.532431960105896,20.278904,73.07307,0.1652,2.2437331588179976
5KPE_2_8_0_0_combined_id6,1.8088299036026,1.2351142168045044,79.19027777777777,0.65,2,8,90.80611111111112,0.532431960105896,20.278904,73.07307,0.2083,2.048865282977069
5KPE_2_8_0_0_combined_id7,2.059511423110962,1.3557584285736084,88.91564814814812,0.74,2,8,90.80611111111112,0.532431960105896,20.278904,73.07307,0.1735,2.3484213087293835
5KPE_2_8_0_0_combined_id8,1.05852210521698,1.7788225412368774,88.2538888888889,0.75,2,8,90.80611111111112,0.532431960105896,20.278904,73.07307,0.1832,2.21952395968967
5KPE_2_8_0_0_combined_id9,1.268931269645691,1.4189741611480713,90.47083333333332,0.76,2,8,90.80611111111112,0.532431960105896,20.278904,73.07307,0.1992,2.0317330537018954
5KPE_2_8_1_0_combined_id1,10.076801300048828,10.125370979309082,83.79527777777778,0.69,2,8,89.77796296296295,0.6932982802391052,20.434319,74.70899,0.227,2.0784779301396124
5KPE_2_8_1_0_combined_id10,9.741865158081055,9.797213554382324,75.78703703703704,0.57,2,8,89.77796296296295,0.6932982802391052,20.434319,74.70899,0.175,2.2447327507866754
5KPE_2_8_1_0_combined_id11,10.375288963317871,10.586133003234863,79.66416666666666,0.62,2,8,89.77796296296295,0.6932982802391052,20.434319,74.70899,0.18,2.109065303096065
5KPE_2_8_1_0_combined_id12,1.4940974712371826,1.278123140335083,90.0600925925926,0.79,2,8,89.77796296296295,0.6932982802391052,20.434319,74.70899,0.1791,2.159821121780961
5KPE_2_8_1_0_combined_id13,4.69913911819458,4.225640296936035,61.91935185185184,0.49,2,8,89.77796296296295,0.6932982802391052,20.434319,74.70899,0.1805,2.2162738376193576
5KPE_2_8_1_0_combined_id14,3.3778297901153564,2.4168121814727783,68.79925925925926,0.58,2,8,89.77796296296295,0.6932982802391052,20.434319,74.70899,0.1806,2.129670884874132
5KPE_2_8_1_0_combined_id15,1.7568730115890503,1.2505229711532593,89.65925925925927,0.78,2,8,89.77796296296295,0.6932982802391052,20.434319,74.70899,0.176,2.2871466742621527
5KPE_2_8_1_0_combined_id16,7.724699974060059,8.714334487915039,71.89759259259259,0.62,2,8,89.77796296296295,0.6932982802391052,20.434319,74.70899,0.1882,2.1835489626284
5KPE_2_8_1_0_combined_id17,1.7075483798980713,1.4290119409561157,84.45435185185185,0.68,2,8,89.77796296296295,0.6932982802391052,20.434319,74.70899,0.1735,2.036543952094184
5KPE_2_8_1_0_combined_id18,9.779052734375,9.867199897766113,62.46435185185186,0.48,2,8,89.77796296296295,0.6932982802391052,20.434319,74.70899,0.1871,1.9900628549081307
5KPE_2_8_1_0_combined_id19,1.1571773290634155,1.4048618078231812,91.5237962962963,0.8,2,8,89.77796296296295,0.6932982802391052,20.434319,74.70899,0.1896,2.093486927173756
5KPE_2_8_1_0_combined_id2,1.4836574792861938,1.352535367012024,86.69148148148149,0.73,2,8,89.77796296296295,0.6932982802391052,20.434319,74.70899,0.1906,2.1316793936270253
5KPE_2_8_1_0_combined_id20,11.924915313720703,12.123915672302246,79.91231481481482,0.63,2,8,89.77796296296295,0.6932982802391052,20.434319,74.70899,0.1903,2.141876220703125
5KPE_2_8_1_0_combined_id21,1.4706076383590698,1.0211237668991089,84.07537037037035,0.69,2,8,89.77796296296295,0.6932982802391052,20.434319,74.70899,0.183,2.1824476453993054
5KPE_2_8_1_0_combined_id22,1.3024687767028809,1.099107027053833,85.52074074074073,0.69,2,8,89.77796296296295,0.6932982802391052,20.434319,74.70899,0.1588,2.0157174004448786
5KPE_2_8_1_0_combined_id23,1.31876802444458,1.1859029531478882,85.70148148148148,0.72,2,8,89.77796296296295,0.6932982802391052,20.434319,74.70899,0.1823,2.3981458875868054
5KPE_2_8_1_0_combined_id24,1.612233281135559,1.297922134399414,84.34601851851852,0.68,2,8,89.77796296296295,0.6932982802391052,20.434319,74.70899,0.1894,2.2228260746708624
5KPE_2_8_1_0_combined_id3,1.6628929376602173,1.4385627508163452,84.5737037037037,0.67,2,8,89.77796296296295,0.6932982802391052,20.434319,74.70899,0.2016,2.203036979392723
5KPE_2_8_1_0_combined_id4,1.1498348712921143,0.8964966535568237,88.54666666666665,0.74,2,8,89.77796296296295,0.6932982802391052,20.434319,74.70899,0.1817,2.0918781139232494
5KPE_2_8_1_0_combined_id5,9.55688762664795,9.693039894104004,71.66796296296296,0.57,2,8,89.77796296296295,0.6932982802391052,20.434319,74.70899,0.2061,2.1132900096752025
5KPE_2_8_1_0_combined_id6,1.5087491273880005,0.9568965435028076,85.1212962962963,0.67,2,8,89.77796296296295,0.6932982802391052,20.434319,74.70899,0.1837,2.0133113154658564
5KPE_2_8_1_0_combined_id7,9.156049728393555,9.437712669372559,74.65833333333333,0.63,2,8,89.77796296296295,0.6932982802391052,20.434319,74.70899,0.19,2.1787781891999423
5KPE_2_8_1_0_combined_id8,3.4402270317077637,2.7736735343933105,72.89277777777778,0.57,2,8,89.77796296296295,0.6932982802391052,20.434319,74.70899,0.1603,2.3203232376663774
5KPE_2_8_1_0_combined_id9,10.696401596069336,10.894448280334473,79.56037037037039,0.6,2,8,89.77796296296295,0.6932982802391052,20.434319,74.70899,0.2062,1.9517347547743056
5KPE_2_8_2_0_combined_id1,10.90985107421875,11.124468803405762,80.65981481481482,0.68,2,8,94.71222222222222,0.5293660759925842,19.967705,71.7622,0.2063,2.174843540898076
5KPE_2_8_2_0_combined_id10,1.5313535928726196,1.8289484977722168,81.82564814814815,0.71,2,8,94.71222222222222,0.5293660759925842,19.967705,71.7622,0.1848,2.250666300455729
5KPE_2_8_2_0_combined_id11,1.461422324180603,1.1449834108352661,85.12074074074073,0.73,2,8,94.71222222222222,0.5293660759925842,19.967705,71.7622,0.1838,2.1373042353877314
5KPE_2_8_2_0_combined_id12,1.7506883144378662,1.0846208333969116,87.76472222222222,0.75,2,8,94.71222222222222,0.5293660759925842,19.967705,71.7622,0.1704,2.2917022705078125
5KPE_2_8_2_0_combined_id13,9.077667236328125,9.369863510131836,70.42712962962962,0.58,2,8,94.71222222222222,0.5293660759925842,19.967705,71.7622,0.1982,2.1567423785174333
5KPE_2_8_2_0_combined_id14,1.7424792051315308,0.861737072467804,94.42981481481482,0.84,2,8,94.71222222222222,0.5293660759925842,19.967705,71.7622,0.2029,2.11661218713831
5KPE_2_8_2_0_combined_id15,1.4079551696777344,1.5372422933578491,89.87509259259258,0.75,2,8,94.71222222222222,0.5293660759925842,19.967705,71.7622,0.1852,2.25612301296658
5KPE_2_8_2_0_combined_id16,1.5271095037460327,1.0085877180099487,88.5113888888889,0.75,2,8,94.71222222222222,0.5293660759925842,19.967705,71.7622,0.1782,2.335517742015697
5KPE_2_8_2_0_combined_id17,1.4126524925231934,1.1680270433425903,91.24564814814816,0.78,2,8,94.71222222222222,0.5293660759925842,19.967705,71.7622,0.1792,2.113190686261212
5KPE_2_8_2_0_combined_id18,1.0443261861801147,1.4468786716461182,93.34277777777775,0.82,2,8,94.71222222222222,0.5293660759925842,19.967705,71.7622,0.1821,2.211780406810619
5KPE_2_8_2_0_combined_id19,1.2500921487808228,1.2233551740646362,92.09129629629628,0.8,2,8,94.71222222222222,0.5293660759925842,19.967705,71.7622,0.1714,2.3319981892903647
5KPE_2_8_2_0_combined_id2,1.3131353855133057,1.1948537826538086,91.21435185185184,0.77,2,8,94.71222222222222,0.5293660759925842,19.967705,71.7622,0.2008,2.2953754001193576
5KPE_2_8_2_0_combined_id20,2.3020401000976562,1.5923823118209839,62.0812962962963,0.55,2,8,94.71222222222222,0.5293660759925842,19.967705,71.7622,0.1841,2.247749328613281
5KPE_2_8_2_0_combined_id21,1.503745198249817,0.9916262030601501,85.67666666666666,0.68,2,8,94.71222222222222,0.5293660759925842,19.967705,71.7622,0.1832,2.238358391655816
5KPE_2_8_2_0_combined_id22,1.1414514780044556,1.4744243621826172,90.2449074074074,0.74,2,8,94.71222222222222,0.5293660759925842,19.967705,71.7622,0.191,2.227638809769242
5KPE_2_8_2_0_combined_id23,6.857639312744141,7.12443733215332,70.14990740740743,0.52,2,8,94.71222222222222,0.5293660759925842,19.967705,71.7622,0.1957,2.2671936882866754
5KPE_2_8_2_0_combined_id24,9.854570388793945,10.243786811828613,68.7362962962963,0.55,2,8,94.71222222222222,0.5293660759925842,19.967705,71.7622,0.1609,2.37632073296441
5KPE_2_8_2_0_combined_id3,1.3326106071472168,1.2788336277008057,89.53305555555556,0.73,2,8,94.71222222222222,0.5293660759925842,19.967705,71.7622,0.2047,2.2181434631347656
5KPE_2_8_2_0_combined_id4,1.2425322532653809,1.407697319984436,88.70685185185185,0.72,2,8,94.71222222222222,0.5293660759925842,19.967705,71.7622,0.1865,2.211423803258825
5KPE_2_8_2_0_combined_id6,1.2062560319900513,1.5689350366592407,81.73731481481481,0.71,2,8,94.71222222222222,0.5293660759925842,19.967705,71.7622,0.1724,2.32639397515191
5KPE_2_8_2_0_combined_id7,1.481203317642212,1.4182394742965698,86.59268518518518,0.73,2,8,94.71222222222222,0.5293660759925842,19.967705,71.7622,0.177,2.2328530770761
5KPE_2_8_2_0_combined_id8,1.8721221685409546,1.8637386560440063,82.56694444444445,0.63,2,8,94.71222222222222,0.5293660759925842,19.967705,71.7622,0.183,2.116428092673973
5KPE_2_8_2_0_combined_id9,1.5044710636138916,1.5219405889511108,86.4987962962963,0.73,2,8,94.71222222222222,0.5293660759925842,19.967705,71.7622,0.1734,2.291669351083261
5KPE_2_8_3_0_combined_id1,12.576130867004395,13.242424964904785,54.93592592592592,0.36,2,8,91.9575925925926,0.6662067770957947,20.441076,74.39775,0.1719,2.2347626862702548
5KPE_2_8_3_0_combined_id10,1.473966360092163,1.4908114671707153,91.50296296296298,0.77,2,8,91.9575925925926,0.6662067770957947,20.441076,74.39775,0.1802,2.216888145164208
5KPE_2_8_3_0_combined_id11,8.043805122375488,9.0281343460083,65.48731481481481,0.52,2,8,91.9575925925926,0.6662067770957947,20.441076,74.39775,0.1967,2.3234659830729165
5KPE_2_8_3_0_combined_id12,1.6462570428848267,1.1246228218078613,89.07657407407406,0.73,2,8,91.9575925925926,0.6662067770957947,20.441076,74.39775,0.1841,2.123349366364656
5KPE_2_8_3_0_combined_id13,1.8134511709213257,1.490692377090454,83.94777777777777,0.69,2,8,91.9575925925926,0.6662067770957947,20.441076,74.39775,0.19,2.345290855125145
5KPE_2_8_3_0_combined_id14,1.4289087057113647,1.567797064781189,87.77675925925925,0.72,2,8,91.9575925925926,0.6662067770957947,20.441076,74.39775,0.1883,2.188123067220052
5KPE_2_8_3_0_combined_id15,1.2601498365402222,1.4272115230560303,89.82120370370369,0.76,2,8,91.9575925925926,0.6662067770957947,20.441076,74.39775,0.1749,2.3167511268898293
5KPE_2_8_3_0_combined_id16,1.2972464561462402,1.693651556968689,80.17240740740739,0.64,2,8,91.9575925925926,0.6662067770957947,20.441076,74.39775,0.1865,2.318203396267361
5KPE_2_8_3_0_combined_id17,1.4763823747634888,1.4346210956573486,84.99055555555555,0.7,2,8,91.9575925925926,0.6662067770957947,20.441076,74.39775,0.1749,2.3070059882269964
5KPE_2_8_3_0_combined_id18,1.508545994758606,2.365628480911255,87.8776851851852,0.72,2,8,91.9575925925926,0.6662067770957947,20.441076,74.39775,0.1692,2.345061125578704
5KPE_2_8_3_0_combined_id19,1.8639719486236572,1.9235254526138306,89.31407407407407,0.77,2,8,91.9575925925926,0.6662067770957947,20.441076,74.39775,0.1739,2.195964813232422
5KPE_2_8_3_0_combined_id2,8.544066429138184,8.709664344787598,82.99925925925926,0.69,2,8,91.9575925925926,0.6662067770957947,20.441076,74.39775,0.1608,2.355218675401476
5KPE_2_8_3_0_combined_id20,1.7067890167236328,1.4636404514312744,78.25259259259259,0.61,2,8,91.9575925925926,0.6662067770957947,20.441076,74.39775,0.1603,2.1095377604166665
5KPE_2_8_3_0_combined_id21,1.0824476480484009,1.5766905546188354,91.74009259259256,0.83,2,8,91.9575925925926,0.6662067770957947,20.441076,74.39775,0.1851,2.161394472475405
5KPE_2_8_3_0_combined_id22,1.3297902345657349,1.7054197788238525,88.81166666666667,0.75,2,8,91.9575925925926,0.6662067770957947,20.441076,74.39775,0.191,2.3806367097077548
5KPE_2_8_3_0_combined_id23,7.083941459655762,8.205546379089355,70.19046296296295,0.56,2,8,91.9575925925926,0.6662067770957947,20.441076,74.39775,0.1754,2.296488161440249
5KPE_2_8_3_0_combined_id24,7.360736846923828,7.315110683441162,74.42787037037037,0.56,2,8,91.9575925925926,0.6662067770957947,20.441076,74.39775,0.1747,2.317814721001519
5KPE_2_8_3_0_combined_id3,1.492767333984375,1.381800889968872,86.16870370370371,0.7,2,8,91.9575925925926,0.6662067770957947,20.441076,74.39775,0.1717,2.338392328332972
5KPE_2_8_3_0_combined_id4,7.935088157653809,7.90261173248291,69.91120370370369,0.55,2,8,91.9575925925926,0.6662067770957947,20.441076,74.39775,0.1703,2.2098956637912326
5KPE_2_8_3_0_combined_id5,1.1706976890563965,1.8130308389663696,90.92129629629628,0.79,2,8,91.9575925925926,0.6662067770957947,20.441076,74.39775,0.1983,2.1934541772913048
5KPE_2_8_3_0_combined_id6,1.4840337038040161,1.5050684213638306,85.10574074074074,0.69,2,8,91.9575925925926,0.6662067770957947,20.441076,74.39775,0.1705,2.108634666160301
5KPE_2_8_3_0_combined_id7,7.840976715087891,8.933886528015137,72.9112037037037,0.6,2,8,91.9575925925926,0.6662067770957947,20.441076,74.39775,0.1724,2.282561125578704
5KPE_2_8_3_0_combined_id8,8.410673141479492,8.341612815856934,70.31953703703705,0.52,2,8,91.9575925925926,0.6662067770957947,20.441076,74.39775,0.1676,2.2602978459110967
5KPE_2_8_3_0_combined_id9,0.9358176589012146,2.102436065673828,89.8409259259259,0.77,2,8,91.9575925925926,0.6662067770957947,20.441076,74.39775,0.1794,2.177570908157914
5KPE_2_8_4_0_combined_id1,1.7873897552490234,1.115861177444458,90.73879629629629,0.77,2,8,91.38083333333331,0.694826066493988,20.770712,76.277885,0.201,2.17863690411603
5KPE_2_8_4_0_combined_id10,1.7440534830093384,1.0755794048309326,85.04944444444445,0.72,2,8,91.38083333333331,0.694826066493988,20.770712,76.277885,0.1801,2.1736506709346064
5KPE_2_8_4_0_combined_id11,9.389395713806152,9.422995567321777,75.57009259259259,0.64,2,8,91.38083333333331,0.694826066493988,20.770712,76.277885,0.1956,2.1670043380172164
5KPE_2_8_4_0_combined_id12,1.1202201843261719,1.5407639741897583,86.97546296296295,0.74,2,8,91.38083333333331,0.694826066493988,20.770712,76.277885,0.1972,2.0124788637514466
5KPE_2_8_4_0_combined_id13,1.7050409317016602,1.8816885948181152,82.40314814814813,0.7,2,8,91.38083333333331,0.694826066493988,20.770712,76.277885,0.2087,2.172495241518374
5KPE_2_8_4_0_combined_id14,2.018483877182007,1.3268877267837524,74.69416666666667,0.67,2,8,91.38083333333331,0.694826066493988,20.770712,76.277885,0.1695,2.075726968270761
5KPE_2_8_4_0_combined_id15,9.577803611755371,9.831645965576172,77.60842592592591,0.65,2,8,91.38083333333331,0.694826066493988,20.770712,76.277885,0.1979,2.14484617445204
5KPE_2_8_4_0_combined_id16,1.2736687660217285,1.649764895439148,91.54407407407405,0.81,2,8,91.38083333333331,0.694826066493988,20.770712,76.277885,0.1832,2.3580008612738714
5KPE_2_8_4_0_combined_id17,1.1996170282363892,1.604204773902893,89.99916666666667,0.79,2,8,91.38083333333331,0.694826066493988,20.770712,76.277885,0.1894,2.2966812981499567
5KPE_2_8_4_0_combined_id18,1.7631467580795288,0.8669333457946777,88.89064814814813,0.78,2,8,91.38083333333331,0.694826066493988,20.770712,76.277885,0.1844,2.0157648722330728
5KPE_2_8_4_0_combined_id19,8.284955978393555,8.620372772216797,62.47851851851852,0.51,2,8,91.38083333333331,0.694826066493988,20.770712,76.277885,0.1832,2.130172164351852
5KPE_2_8_4_0_combined_id2,1.5025901794433594,1.7931785583496094,79.99888888888889,0.68,2,8,91.38083333333331,0.694826066493988,20.770712,76.277885,0.215,2.036944354021991
5KPE_2_8_4_0_combined_id20,7.513150215148926,8.544432640075684,65.1175,0.52,2,8,91.38083333333331,0.694826066493988,20.770712,76.277885,0.1761,2.086592497649016
5KPE_2_8_4_0_combined_id21,2.2198588848114014,2.0121407508850098,84.80092592592592,0.74,2,8,91.38083333333331,0.694826066493988,20.770712,76.277885,0.1796,2.183271054868345
5KPE_2_8_4_0_combined_id22,1.4324736595153809,1.2016198635101318,84.17185185185187,0.69,2,8,91.38083333333331,0.694826066493988,20.770712,76.277885,0.1952,1.983512454562717
5KPE_2_8_4_0_combined_id23,1.3374184370040894,1.3437691926956177,89.3312962962963,0.75,2,8,91.38083333333331,0.694826066493988,20.770712,76.277885,0.1815,2.184665256076389
5KPE_2_8_4_0_combined_id24,2.1492886543273926,2.55045223236084,70.02361111111111,0.6,2,8,91.38083333333331,0.694826066493988,20.770712,76.277885,0.2208,2.289962344699436
5KPE_2_8_4_0_combined_id3,10.626264572143555,11.018267631530762,77.88222222222221,0.67,2,8,91.38083333333331,0.694826066493988,20.770712,76.277885,0.1958,2.09854578088831
5KPE_2_8_4_0_combined_id4,10.349920272827148,11.094463348388672,87.27101851851852,0.79,2,8,91.38083333333331,0.694826066493988,20.770712,76.277885,0.1859,2.2486726266366466
5KPE_2_8_4_0_combined_id5,9.63387393951416,9.592073440551758,72.68953703703704,0.59,2,8,91.38083333333331,0.694826066493988,20.770712,76.277885,0.1923,2.08723619249132
5KPE_2_8_4_0_combined_id6,9.881951332092285,9.991305351257324,74.84101851851852,0.61,2,8,91.38083333333331,0.694826066493988,20.770712,76.277885,0.1885,2.145328097873264
5KPE_2_8_4_0_combined_id7,3.939746141433716,2.758645534515381,81.57222222222224,0.64,2,8,91.38083333333331,0.694826066493988,20.770712,76.277885,0.192,2.211825900607639
5KPE_2_8_4_0_combined_id8,1.3980567455291748,1.2295936346054077,83.98564814814816,0.68,2,8,91.38083333333331,0.694826066493988,20.770712,76.277885,0.1961,2.114473130967882
5KPE_2_8_4_0_combined_id9,1.612194299697876,1.1751748323440552,87.35259259259259,0.7,2,8,91.38083333333331,0.694826066493988,20.770712,76.277885,0.2024,1.9277364942762587
5KPE_2_8_5_0_combined_id1,1.4096558094024658,1.1206932067871094,87.30185185185188,0.75,2,8,90.32111111111112,0.7586331367492676,19.9959,74.97805,0.1957,2.1328143367060908
5KPE_2_8_5_0_combined_id10,1.2884219884872437,1.167534589767456,88.48962962962963,0.74,2,8,90.32111111111112,0.7586331367492676,19.9959,74.97805,0.1662,2.3531228524667247
5KPE_2_8_5_0_combined_id11,10.820160865783691,11.365357398986816,77.12703703703704,0.61,2,8,90.32111111111112,0.7586331367492676,19.9959,74.97805,0.1963,2.1728473239474826
5KPE_2_8_5_0_combined_id12,0.9682164788246155,1.4399770498275757,90.6172222222222,0.75,2,8,90.32111111111112,0.7586331367492676,19.9959,74.97805,0.194,2.1284459431966147
5KPE_2_8_5_0_combined_id13,11.128515243530273,11.686582565307617,73.99981481481483,0.58,2,8,90.32111111111112,0.7586331367492676,19.9959,74.97805,0.1891,2.1741998460557728
5KPE_2_8_5_0_combined_id14,1.708749771118164,1.2558839321136475,78.06212962962964,0.65,2,8,90.32111111111112,0.7586331367492676,19.9959,74.97805,0.1858,2.21407628942419
5KPE_2_8_5_0_combined_id15,2.8220930099487305,2.503847122192383,71.88787037037038,0.58,2,8,90.32111111111112,0.7586331367492676,19.9959,74.97805,0.1787,2.3319919727466725
5KPE_2_8_5_0_combined_id16,1.5567117929458618,1.4845688343048096,88.45990740740741,0.75,2,8,90.32111111111112,0.7586331367492676,19.9959,74.97805,0.1927,2.033815171983507
5KPE_2_8_5_0_combined_id17,11.26229190826416,11.629363059997559,79.66537037037035,0.65,2,8,90.32111111111112,0.7586331367492676,19.9959,74.97805,0.2007,2.2584522388599537
5KPE_2_8_5_0_combined_id18,6.858695030212402,7.235830783843994,67.50842592592595,0.57,2,8,90.32111111111112,0.7586331367492676,19.9959,74.97805,0.2032,1.964257416901765
5KPE_2_8_5_0_combined_id19,1.802577257156372,0.881783664226532,89.85111111111112,0.77,2,8,90.32111111111112,0.7586331367492676,19.9959,74.97805,0.2066,1.9453568635163483
5KPE_2_8_5_0_combined_id2,10.728409767150879,11.412652969360352,74.95990740740741,0.63,2,8,90.32111111111112,0.7586331367492676,19.9959,74.97805,0.1721,2.125046624077691
5KPE_2_8_5_0_combined_id20,7.746044158935547,8.722049713134766,66.58398148148149,0.55,2,8,90.32111111111112,0.7586331367492676,19.9959,74.97805,0.1915,2.1540003176088685
5KPE_2_8_5_0_combined_id21,1.3522695302963257,1.4211090803146362,85.7412962962963,0.71,2,8,90.32111111111112,0.7586331367492676,19.9959,74.97805,0.1739,2.206338953088831
5KPE_2_8_5_0_combined_id22,10.8330078125,10.986499786376953,79.57472222222223,0.63,2,8,90.32111111111112,0.7586331367492676,19.9959,74.97805,0.2262,2.045436435275608
5KPE_2_8_5_0_combined_id23,10.93830680847168,11.181017875671387,80.31435185185185,0.68,2,8,90.32111111111112,0.7586331367492676,19.9959,74.97805,0.1783,2.184205231843172
5KPE_2_8_5_0_combined_id24,1.7458604574203491,0.7931202054023743,88.67027777777777,0.73,2,8,90.32111111111112,0.7586331367492676,19.9959,74.97805,0.1864,2.1611833925600403
5KPE_2_8_5_0_combined_id3,10.544851303100586,10.583118438720703,72.8548148148148,0.5,2,8,90.32111111111112,0.7586331367492676,19.9959,74.97805,0.2076,2.070947011311849
5KPE_2_8_5_0_combined_id4,9.775357246398926,10.147007942199707,70.1786111111111,0.59,2,8,90.32111111111112,0.7586331367492676,19.9959,74.97805,0.1783,2.2996823346173323
5KPE_2_8_5_0_combined_id5,1.0942456722259521,1.3060344457626343,87.65694444444445,0.69,2,8,90.32111111111112,0.7586331367492676,19.9959,74.97805,0.1818,2.216726373743128
5KPE_2_8_5_0_combined_id6,1.9535425901412964,1.3705177307128906,87.91685185185185,0.73,2,8,90.32111111111112,0.7586331367492676,19.9959,74.97805,0.1726,2.2151866488986545
5KPE_2_8_5_0_combined_id7,1.731779932975769,1.104517936706543,76.5287962962963,0.65,2,8,90.32111111111112,0.7586331367492676,19.9959,74.97805,0.1831,2.306958375153718
5KPE_2_8_5_0_combined_id8,11.584647178649902,11.624285697937012,74.91509259259259,0.56,2,8,90.32111111111112,0.7586331367492676,19.9959,74.97805,0.1811,2.237255096435547
5KPE_2_8_5_0_combined_id9,1.675188660621643,1.049729824066162,89.21879629629629,0.71,2,8,90.32111111111112,0.7586331367492676,19.9959,74.97805,0.1798,2.204726325141059
5KPE_2_8_6_0_combined_id1,1.808010220527649,1.837355136871338,71.53981481481482,0.6,2,8,86.79925925925926,0.9644361138343812,20.378292,74.88644,0.1707,2.0372804712366173
5KPE_2_8_6_0_combined_id10,1.149083137512207,1.4443373680114746,91.19027777777777,0.77,2,8,86.79925925925926,0.9644361138343812,20.378292,74.88644,0.1785,2.1402032640245228
5KPE_2_8_6_0_combined_id11,10.878679275512695,11.304985046386719,79.20925925925927,0.59,2,8,86.79925925925926,0.9644361138343812,20.378292,74.88644,0.1535,2.2398206922743054
5KPE_2_8_6_0_combined_id12,1.4880902767181396,1.2253397703170776,80.17944444444446,0.64,2,8,86.79925925925926,0.9644361138343812,20.378292,74.88644,0.1723,2.360632719816985
5KPE_2_8_6_0_combined_id13,11.31208324432373,11.425483703613281,81.19351851851852,0.6,2,8,86.79925925925926,0.9644361138343812,20.378292,74.88644,0.2078,2.1762124520761
5KPE_2_8_6_0_combined_id14,1.1702557802200317,1.5814512968063354,92.33046296296295,0.8,2,8,86.79925925925926,0.9644361138343812,20.378292,74.88644,0.1984,2.128321612322772
5KPE_2_8_6_0_combined_id15,2.206547260284424,2.3562159538269043,75.95944444444443,0.63,2,8,86.79925925925926,0.9644361138343812,20.378292,74.88644,0.1773,2.1900175589102284
5KPE_2_8_6_0_combined_id16,9.322636604309082,9.704010963439941,77.30944444444442,0.62,2,8,86.79925925925926,0.9644361138343812,20.378292,74.88644,0.1645,2.024669505931713
5KPE_2_8_6_0_combined_id17,1.3236366510391235,1.5636202096939087,87.90722222222222,0.75,2,8,86.79925925925926,0.9644361138343812,20.378292,74.88644,0.1631,2.2642679567690247
5KPE_2_8_6_0_combined_id18,2.3399412631988525,2.042282819747925,70.62435185185187,0.59,2,8,86.79925925925926,0.9644361138343812,20.378292,74.88644,0.1803,2.0468087372956454
5KPE_2_8_6_0_combined_id19,1.1539069414138794,1.7663276195526123,94.67685185185184,0.85,2,8,86.79925925925926,0.9644361138343812,20.378292,74.88644,0.171,2.3212194089536315
5KPE_2_8_6_0_combined_id2,11.042888641357422,11.502450942993164,91.27333333333334,0.81,2,8,86.79925925925926,0.9644361138343812,20.378292,74.88644,0.1658,2.4108810424804688
5KPE_2_8_6_0_combined_id20,1.206591248512268,1.9969768524169922,80.27027777777775,0.6,2,8,86.79925925925926,0.9644361138343812,20.378292,74.88644,0.172,2.2123325489185475
5KPE_2_8_6_0_combined_id21,11.391794204711914,12.386423110961914,72.87444444444444,0.58,2,8,86.79925925925926,0.9644361138343812,20.378292,74.88644,0.1774,2.076323050039786
5KPE_2_8_6_0_combined_id22,9.683258056640625,9.991971015930176,70.60074074074075,0.58,2,8,86.79925925925926,0.9644361138343812,20.378292,74.88644,0.1812,2.234160670527705
5KPE_2_8_6_0_combined_id23,10.877920150756836,10.995023727416992,78.5826851851852,0.61,2,8,86.79925925925926,0.9644361138343812,20.378292,74.88644,0.1716,2.2062786243580006
5KPE_2_8_6_0_combined_id24,11.486910820007324,11.628817558288574,89.21287037037038,0.77,2,8,86.79925925925926,0.9644361138343812,20.378292,74.88644,0.21,2.0830249079951533
5KPE_2_8_6_0_combined_id3,1.2329689264297485,1.282159447669983,86.88194444444444,0.71,2,8,86.79925925925926,0.9644361138343812,20.378292,74.88644,0.1912,2.217124656394676
5KPE_2_8_6_0_combined_id4,10.876054763793945,11.488424301147461,77.6312962962963,0.61,2,8,86.79925925925926,0.9644361138343812,20.378292,74.88644,0.161,2.1479387636537903
5KPE_2_8_6_0_combined_id5,7.798517227172852,7.915823459625244,65.86120370370371,0.53,2,8,86.79925925925926,0.9644361138343812,20.378292,74.88644,0.1815,2.0681454693829573
5KPE_2_8_6_0_combined_id6,1.6093086004257202,1.5018912553787231,81.95490740740743,0.66,2,8,86.79925925925926,0.9644361138343812,20.378292,74.88644,0.1649,2.15300609447338
5KPE_2_8_6_0_combined_id7,8.220332145690918,9.304970741271973,79.48231481481481,0.67,2,8,86.79925925925926,0.9644361138343812,20.378292,74.88644,0.1809,2.1497599283854165
5KPE_2_8_6_0_combined_id8,1.823849081993103,2.319681167602539,81.1064814814815,0.68,2,8,86.79925925925926,0.9644361138343812,20.378292,74.88644,0.1763,1.9658922266077112
5KPE_2_8_6_0_combined_id9,7.7546000480651855,8.780242919921875,70.71953703703704,0.54,2,8,86.79925925925926,0.9644361138343812,20.378292,74.88644,0.1741,2.1516199465151185
5KPE_2_8_7_0_combined_id1,10.340806007385254,11.228151321411133,74.37129629629631,0.64,2,8,92.63620370370369,0.5804163813591003,20.272322,75.55052,0.1609,2.1925132186324507
5KPE_2_8_7_0_combined_id10,1.3454859256744385,1.5087977647781372,90.73555555555558,0.77,2,8,92.63620370370369,0.5804163813591003,20.272322,75.55052,0.1744,2.1466862713849104
5KPE_2_8_7_0_combined_id11,1.560970664024353,1.707649827003479,82.34740740740742,0.68,2,8,92.63620370370369,0.5804163813591003,20.272322,75.55052,0.1702,2.295331743028429
5KPE_2_8_7_0_combined_id12,1.1817758083343506,1.3592491149902344,84.42685185185188,0.7,2,8,92.63620370370369,0.5804163813591003,20.272322,75.55052,0.1771,2.113371107313368
5KPE_2_8_7_0_combined_id13,1.3462307453155518,1.161995530128479,92.41212962962965,0.82,2,8,92.63620370370369,0.5804163813591003,20.272322,75.55052,0.1982,2.327782807526765
5KPE_2_8_7_0_combined_id14,1.1666713953018188,1.5667972564697266,92.00064814814812,0.81,2,8,92.63620370370369,0.5804163813591003,20.272322,75.55052,0.1817,2.351059666386357
5KPE_2_8_7_0_combined_id15,1.0793843269348145,1.888630747795105,87.7688888888889,0.71,2,8,92.63620370370369,0.5804163813591003,20.272322,75.55052,0.1818,2.308571850811993
5KPE_2_8_7_0_combined_id16,11.690900802612305,12.405118942260742,66.87407407407407,0.53,2,8,92.63620370370369,0.5804163813591003,20.272322,75.55052,0.1565,2.35952560989945
5KPE_2_8_7_0_combined_id17,1.0803585052490234,1.6854585409164429,94.39120370370372,0.84,2,8,92.63620370370369,0.5804163813591003,20.272322,75.55052,0.1794,2.075039051197193
5KPE_2_8_7_0_combined_id18,1.3088915348052979,1.443041205406189,87.88203703703704,0.75,2,8,92.63620370370369,0.5804163813591003,20.272322,75.55052,0.1705,2.211307384349681
5KPE_2_8_7_0_combined_id19,1.375638484954834,1.745703935623169,89.10444444444445,0.75,2,8,92.63620370370369,0.5804163813591003,20.272322,75.55052,0.1996,2.2521054303204573
5KPE_2_8_7_0_combined_id2,1.203755259513855,1.6788396835327148,91.9602777777778,0.78,2,8,92.63620370370369,0.5804163813591003,20.272322,75.55052,0.1879,2.334353552924262
5KPE_2_8_7_0_combined_id20,1.4396427869796753,1.7193703651428223,90.2813888888889,0.78,2,8,92.63620370370369,0.5804163813591003,20.272322,75.55052,0.1698,2.0785740039966725
5KPE_2_8_7_0_combined_id21,1.5335679054260254,1.2069907188415527,89.70722222222223,0.78,2,8,92.63620370370369,0.5804163813591003,20.272322,75.55052,0.1974,2.3807717782479747
5KPE_2_8_7_0_combined_id22,11.48131275177002,12.521921157836914,74.40657407407406,0.6,2,8,92.63620370370369,0.5804163813591003,20.272322,75.55052,0.1875,2.170545083505136
5KPE_2_8_7_0_combined_id23,0.9474812150001526,1.9104785919189453,93.20703703703704,0.82,2,8,92.63620370370369,0.5804163813591003,20.272322,75.55052,0.1844,2.191650531910084
5KPE_2_8_7_0_combined_id24,1.0944095849990845,1.8671340942382812,89.31194444444445,0.77,2,8,92.63620370370369,0.5804163813591003,20.272322,75.55052,0.1807,2.270022922092014
5KPE_2_8_7_0_combined_id3,1.2741172313690186,1.3567283153533936,94.21416666666666,0.84,2,8,92.63620370370369,0.5804163813591003,20.272322,75.55052,0.1939,2.115488123010706
5KPE_2_8_7_0_combined_id4,1.041078805923462,1.4604467153549194,82.54555555555555,0.66,2,8,92.63620370370369,0.5804163813591003,20.272322,75.55052,0.1518,2.336674584282769
5KPE_2_8_7_0_combined_id5,1.2935702800750732,1.5467610359191895,87.19037037037035,0.74,2,8,92.63620370370369,0.5804163813591003,20.272322,75.55052,0.1942,2.109143292462384
5KPE_2_8_7_0_combined_id6,0.9012358784675598,1.8858095407485962,84.29675925925925,0.69,2,8,92.63620370370369,0.5804163813591003,20.272322,75.55052,0.1799,2.295457628038194
5KPE_2_8_7_0_combined_id7,1.4034790992736816,1.7338286638259888,78.8762037037037,0.61,2,8,92.63620370370369,0.5804163813591003,20.272322,75.55052,0.1728,2.262722439236111
5KPE_2_8_7_0_combined_id8,0.9101239442825317,1.3007707595825195,88.80490740740743,0.73,2,8,92.63620370370369,0.5804163813591003,20.272322,75.55052,0.1857,2.132687321415654
5KPE_2_8_7_0_combined_id9,1.1753257513046265,1.5101615190505981,88.0937962962963,0.73,2,8,92.63620370370369,0.5804163813591003,20.272322,75.55052,0.1849,2.3245742232711226
5KPE_2_8_8_0_combined_id1,7.503319263458252,8.47374439239502,69.9612037037037,0.57,2,8,92.74388888888888,0.5861942768096924,20.240816,72.752365,0.1821,2.198189629448785
5KPE_2_8_8_0_combined_id10,1.212239146232605,1.7890163660049438,91.47092592592593,0.79,2,8,92.74388888888888,0.5861942768096924,20.240816,72.752365,0.1791,2.0941763983832464
5KPE_2_8_8_0_combined_id11,9.758862495422363,10.094176292419434,76.29657407407409,0.63,2,8,92.74388888888888,0.5861942768096924,20.240816,72.752365,0.1777,2.142655549225984
5KPE_2_8_8_0_combined_id12,11.029183387756348,11.12982177734375,84.09962962962963,0.67,2,8,92.74388888888888,0.5861942768096924,20.240816,72.752365,0.1586,2.197986461498119
5KPE_2_8_8_0_combined_id13,1.4830174446105957,1.2596487998962402,93.95574074074074,0.8,2,8,92.74388888888888,0.5861942768096924,20.240816,72.752365,0.2125,2.157284206814236
5KPE_2_8_8_0_combined_id14,1.2662525177001953,1.502837061882019,93.02027777777778,0.81,2,8,92.74388888888888,0.5861942768096924,20.240816,72.752365,0.1682,2.2246061254430702
5KPE_2_8_8_0_combined_id15,1.7001100778579712,1.3883305788040161,82.76305555555554,0.66,2,8,92.74388888888888,0.5861942768096924,20.240816,72.752365,0.1805,2.259084913465712
5KPE_2_8_8_0_combined_id16,1.5881954431533813,1.730663537979126,88.51129629629628,0.75,2,8,92.74388888888888,0.5861942768096924,20.240816,72.752365,0.1677,2.365067799886068
5KPE_2_8_8_0_combined_id17,7.448710918426514,7.537747859954834,65.77722222222222,0.55,2,8,92.74388888888888,0.5861942768096924,20.240816,72.752365,0.1581,2.1545752066153065
5KPE_2_8_8_0_combined_id18,1.3228646516799927,1.478325605392456,93.60287037037038,0.81,2,8,92.74388888888888,0.5861942768096924,20.240816,72.752365,0.1722,2.3604359096950955
5KPE_2_8_8_0_combined_id19,3.3589046001434326,2.768784523010254,71.8312037037037,0.62,2,8,92.74388888888888,0.5861942768096924,20.240816,72.752365,0.1632,2.1098720409252025
5KPE_2_8_8_0_combined_id2,9.8993558883667,10.522037506103516,66.31083333333335,0.51,2,8,92.74388888888888,0.5861942768096924,20.240816,72.752365,0.1813,2.032638832374855
5KPE_2_8_8_0_combined_id20,10.680317878723145,11.284924507141113,84.89712962962962,0.67,2,8,92.74388888888888,0.5861942768096924,20.240816,72.752365,0.1876,2.1129011931242765
5KPE_2_8_8_0_combined_id21,1.012091040611267,1.6439377069473267,90.41120370370372,0.76,2,8,92.74388888888888,0.5861942768096924,20.240816,72.752365,0.1908,2.3204679135923034
5KPE_2_8_8_0_combined_id22,1.129467487335205,1.8860822916030884,93.34787037037036,0.83,2,8,92.74388888888888,0.5861942768096924,20.240816,72.752365,0.192,2.489079793294271
5KPE_2_8_8_0_combined_id23,1.9515658617019653,1.9769034385681152,89.34111111111113,0.81,2,8,92.74388888888888,0.5861942768096924,20.240816,72.752365,0.2175,2.216502578170211
5KPE_2_8_8_0_combined_id24,6.511075973510742,6.973325729370117,70.13046296296295,0.58,2,8,92.74388888888888,0.5861942768096924,20.240816,72.752365,0.1894,2.2894569679542824
5KPE_2_8_8_0_combined_id3,1.1704751253128052,1.673340916633606,88.1538888888889,0.74,2,8,92.74388888888888,0.5861942768096924,20.240816,72.752365,0.1733,2.3177026819299766
5KPE_2_8_8_0_combined_id4,1.1464734077453613,1.8630757331848145,84.59296296296299,0.71,2,8,92.74388888888888,0.5861942768096924,20.240816,72.752365,0.1854,2.1502888997395835
5KPE_2_8_8_0_combined_id5,1.4451583623886108,1.374405860900879,89.93222222222222,0.75,2,8,92.74388888888888,0.5861942768096924,20.240816,72.752365,0.1873,2.163852409080223
5KPE_2_8_8_0_combined_id6,9.285548210144043,9.642927169799805,84.28629629629629,0.69,2,8,92.74388888888888,0.5861942768096924,20.240816,72.752365,0.1872,2.097958741364656
5KPE_2_8_8_0_combined_id7,1.1895986795425415,1.3082568645477295,84.26287037037038,0.71,2,8,92.74388888888888,0.5861942768096924,20.240816,72.752365,0.1739,2.246040202953197
5KPE_2_8_8_0_combined_id8,10.159021377563477,11.064308166503906,80.70120370370368,0.7,2,8,92.74388888888888,0.5861942768096924,20.240816,72.752365,0.1678,2.24922999629268
5KPE_2_8_8_0_combined_id9,2.147847890853882,2.1738715171813965,85.04759259259261,0.69,2,8,92.74388888888888,0.5861942768096924,20.240816,72.752365,0.212,2.304250222665292
5KPE_2_8_9_0_combined_id1,1.4232369661331177,1.7185138463974,90.7273148148148,0.79,2,8,89.41083333333333,0.6205494999885559,20.693417,74.47337,0.1807,2.084464461715133
5KPE_2_8_9_0_combined_id10,1.7577569484710693,1.3529746532440186,86.26175925925925,0.72,2,8,89.41083333333333,0.6205494999885559,20.693417,74.47337,0.1676,2.0727659154821327
5KPE_2_8_9_0_combined_id11,10.233450889587402,10.930292129516602,72.12796296296295,0.58,2,8,89.41083333333333,0.6205494999885559,20.693417,74.47337,0.173,2.478309913917824
5KPE_2_8_9_0_combined_id12,1.4322148561477661,1.3384017944335938,89.60305555555557,0.76,2,8,89.41083333333333,0.6205494999885559,20.693417,74.47337,0.1901,2.271879690664786
5KPE_2_8_9_0_combined_id13,10.326804161071777,11.19732666015625,77.92888888888889,0.68,2,8,89.41083333333333,0.6205494999885559,20.693417,74.47337,0.1984,2.199732462565104
5KPE_2_8_9_0_combined_id14,10.783020973205566,10.03389835357666,69.19027777777777,0.53,2,8,89.41083333333333,0.6205494999885559,20.693417,74.47337,0.1817,2.15462154812283
5KPE_2_8_9_0_combined_id15,10.399641036987305,10.341490745544434,78.12175925925925,0.67,2,8,89.41083333333333,0.6205494999885559,20.693417,74.47337,0.1724,2.1796500594527632
5KPE_2_8_9_0_combined_id16,8.590494155883789,9.635676383972168,76.94851851851853,0.61,2,8,89.41083333333333,0.6205494999885559,20.693417,74.47337,0.1619,2.3219920970775463
5KPE_2_8_9_0_combined_id17,1.7701722383499146,1.1717180013656616,85.1699074074074,0.7,2,8,89.41083333333333,0.6205494999885559,20.693417,74.47337,0.1791,1.9875287656430844
5KPE_2_8_9_0_combined_id18,11.220121383666992,10.8141508102417,77.00898148148147,0.58,2,8,89.41083333333333,0.6205494999885559,20.693417,74.47337,0.1959,1.8156537656430844
5KPE_2_8_9_0_combined_id19,10.902078628540039,11.52756118774414,75.5134259259259,0.61,2,8,89.41083333333333,0.6205494999885559,20.693417,74.47337,0.167,2.275298648410373
5KPE_2_8_9_0_combined_id2,10.645539283752441,10.91843318939209,82.09407407407407,0.66,2,8,89.41083333333333,0.6205494999885559,20.693417,74.47337,0.2205,2.1271020394784435
5KPE_2_8_9_0_combined_id20,9.547060012817383,9.96806812286377,82.01981481481481,0.66,2,8,89.41083333333333,0.6205494999885559,20.693417,74.47337,0.1942,2.1118765936957464
5KPE_2_8_9_0_combined_id21,10.464471817016602,10.788176536560059,74.36787037037037,0.62,2,8,89.41083333333333,0.6205494999885559,20.693417,74.47337,0.1742,2.274414910210504
5KPE_2_8_9_0_combined_id22,1.330597996711731,1.4364854097366333,86.04305555555554,0.68,2,8,89.41083333333333,0.6205494999885559,20.693417,74.47337,0.188,1.988780692771629
5KPE_2_8_9_0_combined_id23,3.198828935623169,2.533051013946533,60.24416666666666,0.51,2,8,89.41083333333333,0.6205494999885559,20.693417,74.47337,0.191,2.045256438078704
5KPE_2_8_9_0_combined_id24,1.9677132368087769,1.6523759365081787,80.35175925925927,0.68,2,8,89.41083333333333,0.6205494999885559,20.693417,74.47337,0.195,2.0505592911331743
5KPE_2_8_9_0_combined_id3,1.247820496559143,1.5413613319396973,88.65675925925925,0.75,2,8,89.41083333333333,0.6205494999885559,20.693417,74.47337,0.1792,2.200282061541522
5KPE_2_8_9_0_combined_id4,10.748883247375488,11.263310432434082,78.91074074074074,0.65,2,8,89.41083333333333,0.6205494999885559,20.693417,74.47337,0.1631,2.1093232896592884
5KPE_2_8_9_0_combined_id5,9.469889640808105,9.666434288024902,76.2800925925926,0.64,2,8,89.41083333333333,0.6205494999885559,20.693417,74.47337,0.1742,2.1339554963288485
5KPE_2_8_9_0_combined_id6,4.307865142822266,3.7298152446746826,74.69851851851853,0.61,2,8,89.41083333333333,0.6205494999885559,20.693417,74.47337,0.1682,2.0680505258065685
5KPE_2_8_9_0_combined_id7,1.1726446151733398,1.3907716274261475,86.02592592592592,0.72,2,8,89.41083333333333,0.6205494999885559,20.693417,74.47337,0.1898,2.0511240076135704
5KPE_2_8_9_0_combined_id8,8.167485237121582,9.103048324584961,72.28537037037036,0.63,2,8,89.41083333333333,0.6205494999885559,20.693417,74.47337,0.1856,2.0301246643066406
5KPE_2_8_9_0_combined_id9,10.764558792114258,11.121077537536621,76.91768518518519,0.62,2,8,89.41083333333333,0.6205494999885559,20.693417,74.47337,0.1799,2.225152333577474
5KPE_4_2_0_0_combined_id1,1.275768756866455,3.0734429359436035,87.32861111111113,0.72,4,2,92.37222222222223,0.6596251726150513,21.965786,74.06081,0.168,2.269165604202836
5KPE_4_2_0_0_combined_id10,1.9777544736862183,2.7735815048217773,77.74574074074074,0.64,4,2,92.37222222222223,0.6596251726150513,21.965786,74.06081,0.1697,2.096339049162688
5KPE_4_2_0_0_combined_id11,1.3703571557998657,2.6637885570526123,84.7560185185185,0.73,4,2,92.37222222222223,0.6596251726150513,21.965786,74.06081,0.1742,2.303363800048828
5KPE_4_2_0_0_combined_id12,9.567115783691406,10.119010925292969,73.55472222222222,0.66,4,2,92.37222222222223,0.6596251726150513,21.965786,74.06081,0.1603,2.122083593297888
5KPE_4_2_0_0_combined_id13,6.112407684326172,4.760838985443115,72.0386111111111,0.61,4,2,92.37222222222223,0.6596251726150513,21.965786,74.06081,0.1819,2.0727050216109664
5KPE_4_2_0_0_combined_id14,1.1786075830459595,3.123441219329834,82.29018518518517,0.66,4,2,92.37222222222223,0.6596251726150513,21.965786,74.06081,0.1969,2.3187216299551503
5KPE_4_2_0_0_combined_id15,1.6429356336593628,2.9193527698516846,90.40425925925926,0.78,4,2,92.37222222222223,0.6596251726150513,21.965786,74.06081,0.1593,2.3623487684461804
5KPE_4_2_0_0_combined_id16,3.551793336868286,1.9120557308197021,65.18268518518519,0.52,4,2,92.37222222222223,0.6596251726150513,21.965786,74.06081,0.1811,2.335077638979312
5KPE_4_2_0_0_combined_id17,10.448237419128418,12.200494766235352,86.27342592592592,0.75,4,2,92.37222222222223,0.6596251726150513,21.965786,74.06081,0.1559,2.189500596788194
5KPE_4_2_0_0_combined_id18,2.0718393325805664,2.2465553283691406,82.16768518518518,0.67,4,2,92.37222222222223,0.6596251726150513,21.965786,74.06081,0.1604,2.3695086726435908
5KPE_4_2_0_0_combined_id19,1.2993488311767578,2.899442195892334,86.5752777777778,0.75,4,2,92.37222222222223,0.6596251726150513,21.965786,74.06081,0.1864,2.197996351453993
5KPE_4_2_0_0_combined_id2,1.4695916175842285,2.993722438812256,88.68490740740738,0.75,4,2,92.37222222222223,0.6596251726150513,21.965786,74.06081,0.2002,2.169598614728009
5KPE_4_2_0_0_combined_id21,2.2510902881622314,3.1518397331237793,64.30537037037037,0.53,4,2,92.37222222222223,0.6596251726150513,21.965786,74.06081,0.1733,2.0777990553114147
5KPE_4_2_0_0_combined_id22,1.7491919994354248,2.130204439163208,85.37944444444446,0.67,4,2,92.37222222222223,0.6596251726150513,21.965786,74.06081,0.1919,2.05204744692202
5KPE_4_2_0_0_combined_id23,1.3927303552627563,2.9251320362091064,88.42407407407408,0.75,4,2,92.37222222222223,0.6596251726150513,21.965786,74.06081,0.1877,2.206030386465568
5KPE_4_2_0_0_combined_id24,2.110241413116455,1.7360724210739136,84.29166666666669,0.69,4,2,92.37222222222223,0.6596251726150513,21.965786,74.06081,0.1721,2.076152942798756
5KPE_4_2_0_0_combined_id3,1.3482952117919922,2.980799674987793,87.81953703703702,0.73,4,2,92.37222222222223,0.6596251726150513,21.965786,74.06081,0.2094,2.173625804759838
5KPE_4_2_0_0_combined_id4,2.4221527576446533,2.2446680068969727,80.07305555555557,0.71,4,2,92.37222222222223,0.6596251726150513,21.965786,74.06081,0.1705,2.0410612600821034
5KPE_4_2_0_0_combined_id5,1.4892199039459229,2.8048765659332275,90.49925925925928,0.76,4,2,92.37222222222223,0.6596251726150513,21.965786,74.06081,0.1872,2.147718500207972
5KPE_4_2_0_0_combined_id6,1.2610397338867188,3.036620616912842,87.65194444444442,0.73,4,2,92.37222222222223,0.6596251726150513,21.965786,74.06081,0.1837,2.058775160047743
5KPE_4_2_0_0_combined_id7,1.4803495407104492,3.1146795749664307,85.95027777777779,0.71,4,2,92.37222222222223,0.6596251726150513,21.965786,74.06081,0.1896,2.3260421752929688
5KPE_4_2_0_0_combined_id8,1.0592044591903687,3.1427695751190186,89.3785185185185,0.78,4,2,92.37222222222223,0.6596251726150513,21.965786,74.06081,0.1873,2.315006538673684
5KPE_4_2_0_0_combined_id9,1.4343149662017822,2.583930492401123,89.06462962962964,0.73,4,2,92.37222222222223,0.6596251726150513,21.965786,74.06081,0.1935,2.1209648980034723
5KPE_4_2_2_0_combined_id1,2.837012529373169,3.835918664932251,74.16935185185186,0.6,4,2,92.43685185185184,0.995930790901184,23.918257,72.3335,0.1722,2.172808046694155
5KPE_4_2_2_0_combined_id10,10.411518096923828,11.675471305847168,75.75601851851852,0.65,4,2,92.43685185185184,0.995930790901184,23.918257,72.3335,0.182,2.1354875917787903
5KPE_4_2_2_0_combined_id11,2.1393985748291016,3.523587465286255,85.16212962962965,0.7,4,2,92.43685185185184,0.995930790901184,23.918257,72.3335,0.1854,2.223336113823785
5KPE_4_2_2_0_combined_id12,8.258661270141602,10.458243370056152,74.83351851851852,0.62,4,2,92.43685185185184,0.995930790901184,23.918257,72.3335,0.2074,2.1611720897533275
5KPE_4_2_2_0_combined_id13,1.9561140537261963,2.6525275707244873,87.09277777777777,0.75,4,2,92.43685185185184,0.995930790901184,23.918257,72.3335,0.1943,2.1086899086281106
5KPE_4_2_2_0_combined_id14,1.3815556764602661,2.7468740940093994,86.93796296296297,0.72,4,2,92.43685185185184,0.995930790901184,23.918257,72.3335,0.1849,2.134065133553964
5KPE_4_2_2_0_combined_id15,1.739840030670166,3.123816728591919,85.31768518518518,0.74,4,2,92.43685185185184,0.995930790901184,23.918257,72.3335,0.174,2.152094664397063
5KPE_4_2_2_0_combined_id16,1.752299427986145,2.4572253227233887,87.35777777777776,0.73,4,2,92.43685185185184,0.995930790901184,23.918257,72.3335,0.1846,2.134804478398076
5KPE_4_2_2_0_combined_id17,11.469751358032227,12.067749977111816,76.39129629629632,0.53,4,2,92.43685185185184,0.995930790901184,23.918257,72.3335,0.191,2.2329928080240884
5KPE_4_2_2_0_combined_id18,8.178627967834473,10.220475196838379,73.75416666666666,0.58,4,2,92.43685185185184,0.995930790901184,23.918257,72.3335,0.1845,2.002907081886574
5KPE_4_2_2_0_combined_id2,3.0178987979888916,3.4554283618927,78.55037037037036,0.61,4,2,92.43685185185184,0.995930790901184,23.918257,72.3335,0.1947,2.1067146018699363
5KPE_4_2_2_0_combined_id20,9.644304275512695,10.66439151763916,80.05555555555556,0.66,4,2,92.43685185185184,0.995930790901184,23.918257,72.3335,0.1811,2.1165038214789496
5KPE_4_2_2_0_combined_id21,1.8759034872055054,2.6168386936187744,79.49425925925925,0.6,4,2,92.43685185185184,0.995930790901184,23.918257,72.3335,0.1749,2.163701234040437
5KPE_4_2_2_0_combined_id22,2.3410427570343018,4.006280422210693,85.24194444444444,0.67,4,2,92.43685185185184,0.995930790901184,23.918257,72.3335,0.1726,2.195586451777705
5KPE_4_2_2_0_combined_id23,8.45432186126709,10.652947425842285,70.88435185185185,0.6,4,2,92.43685185185184,0.995930790901184,23.918257,72.3335,0.2045,2.2124014960394964
5KPE_4_2_2_0_combined_id24,1.5823196172714233,3.2263872623443604,87.01055555555557,0.75,4,2,92.43685185185184,0.995930790901184,23.918257,72.3335,0.1855,2.2918312637894243
5KPE_4_2_2_0_combined_id3,9.755837440490723,10.674602508544922,74.09759259259259,0.63,4,2,92.43685185185184,0.995930790901184,23.918257,72.3335,0.1779,2.169159500687211
5KPE_4_2_2_0_combined_id4,1.702364444732666,2.929565668106079,87.3050925925926,0.76,4,2,92.43685185185184,0.995930790901184,23.918257,72.3335,0.1919,2.0423945674189814
5KPE_4_2_2_0_combined_id5,1.2980854511260986,2.912761926651001,84.3087037037037,0.67,4,2,92.43685185185184,0.995930790901184,23.918257,72.3335,0.1995,2.105031896520544
5KPE_4_2_2_0_combined_id6,1.4940043687820435,2.9510693550109863,90.07425925925924,0.75,4,2,92.43685185185184,0.995930790901184,23.918257,72.3335,0.182,2.1126265349211515
5KPE_4_2_2_0_combined_id7,1.5958521366119385,2.9577839374542236,81.7446296296296,0.65,4,2,92.43685185185184,0.995930790901184,23.918257,72.3335,0.1698,2.1549962361653647
5KPE_4_2_2_0_combined_id8,1.4742251634597778,3.288508653640747,92.60981481481484,0.82,4,2,92.43685185185184,0.995930790901184,23.918257,72.3335,0.2149,2.209987922951027
5KPE_4_2_2_0_combined_id9,1.5910675525665283,2.5986623764038086,84.1124074074074,0.7,4,2,92.43685185185184,0.995930790901184,23.918257,72.3335,0.1713,2.087010418927228
5KPE_4_2_3_0_combined_id1,2.2448625564575195,3.502063035964966,78.54055555555557,0.65,4,2,90.33037037037036,0.8993563055992126,22.958597,76.55664,0.2106,2.1529645566587097
5KPE_4_2_3_0_combined_id10,2.8253538608551025,3.857332229614258,69.66129629629629,0.57,4,2,90.33037037037036,0.8993563055992126,22.958597,76.55664,0.1793,2.414867259837963
5KPE_4_2_3_0_combined_id11,1.263006567955017,3.0242345333099365,80.83111111111111,0.66,4,2,90.33037037037036,0.8993563055992126,22.958597,76.55664,0.1943,2.15339180275246
5KPE_4_2_3_0_combined_id12,1.6260968446731567,2.7284281253814697,84.65240740740741,0.71,4,2,90.33037037037036,0.8993563055992126,22.958597,76.55664,0.1758,2.1963458591037326
5KPE_4_2_3_0_combined_id13,1.59263277053833,2.6462950706481934,85.13648148148148,0.74,4,2,90.33037037037036,0.8993563055992126,22.958597,76.55664,0.178,2.107275221082899
5KPE_4_2_3_0_combined_id14,4.732020378112793,4.1435227394104,80.19731481481483,0.69,4,2,90.33037037037036,0.8993563055992126,22.958597,76.55664,0.1879,2.12900882297092
5KPE_4_2_3_0_combined_id15,9.947265625,10.886674880981445,74.19481481481482,0.63,4,2,90.33037037037036,0.8993563055992126,22.958597,76.55664,0.2017,2.214617552580657
5KPE_4_2_3_0_combined_id17,8.463626861572266,9.474365234375,81.51379629629628,0.68,4,2,90.33037037037036,0.8993563055992126,22.958597,76.55664,0.175,2.1572158248336226
5KPE_4_2_3_0_combined_id18,1.715025544166565,1.839131236076355,82.63148148148149,0.67,4,2,90.33037037037036,0.8993563055992126,22.958597,76.55664,0.1879,2.215452688711661
5KPE_4_2_3_0_combined_id19,1.9117863178253174,2.7158591747283936,82.70777777777778,0.66,4,2,90.33037037037036,0.8993563055992126,22.958597,76.55664,0.1885,2.0831062882034868
5KPE_4_2_3_0_combined_id2,9.846901893615723,10.341556549072266,81.85064814814814,0.72,4,2,90.33037037037036,0.8993563055992126,22.958597,76.55664,0.1866,2.3345009132667824
5KPE_4_2_3_0_combined_id20,1.6944657564163208,3.7305519580841064,78.82944444444443,0.67,4,2,90.33037037037036,0.8993563055992126,22.958597,76.55664,0.2065,2.2109591166178384
5KPE_4_2_3_0_combined_id21,10.30433177947998,12.238350868225098,71.70925925925926,0.59,4,2,90.33037037037036,0.8993563055992126,22.958597,76.55664,0.1727,2.2956364949544272
5KPE_4_2_3_0_combined_id22,1.3649678230285645,3.023505449295044,85.09240740740739,0.74,4,2,90.33037037037036,0.8993563055992126,22.958597,76.55664,0.2111,2.141098305031105
5KPE_4_2_3_0_combined_id23,2.08182954788208,2.941913604736328,74.03796296296296,0.57,4,2,90.33037037037036,0.8993563055992126,22.958597,76.55664,0.197,2.1904189498336226
5KPE_4_2_3_0_combined_id24,9.862433433532715,10.418469429016113,67.39342592592592,0.53,4,2,90.33037037037036,0.8993563055992126,22.958597,76.55664,0.1938,2.237151817039208
5KPE_4_2_3_0_combined_id3,10.088465690612793,10.536727905273438,74.22712962962962,0.63,4,2,90.33037037037036,0.8993563055992126,22.958597,76.55664,0.191,2.2757301330566406
5KPE_4_2_3_0_combined_id4,1.4701586961746216,2.9124038219451904,88.84268518518519,0.74,4,2,90.33037037037036,0.8993563055992126,22.958597,76.55664,0.1924,2.1471495451750577
5KPE_4_2_3_0_combined_id5,9.686214447021484,10.982786178588867,72.9774074074074,0.58,4,2,90.33037037037036,0.8993563055992126,22.958597,76.55664,0.2138,2.1352931835033275
5KPE_4_2_3_0_combined_id6,8.68429183959961,9.283507347106934,73.78916666666666,0.62,4,2,90.33037037037036,0.8993563055992126,22.958597,76.55664,0.1813,1.994569566514757
5KPE_4_2_3_0_combined_id7,1.664873719215393,2.8482484817504883,87.12333333333333,0.72,4,2,90.33037037037036,0.8993563055992126,22.958597,76.55664,0.2029,2.13362870392976
5KPE_4_2_3_0_combined_id8,1.7171772718429565,2.5289320945739746,83.90148148148148,0.68,4,2,90.33037037037036,0.8993563055992126,22.958597,76.55664,0.1818,2.263040048104745
5KPE_4_2_3_0_combined_id9,8.13772964477539,9.569416999816895,68.56981481481482,0.55,4,2,90.33037037037036,0.8993563055992126,22.958597,76.55664,0.1873,2.1024169921875
5KPE_4_2_4_0_combined_id1,2.0013811588287354,3.155103921890259,83.65814814814814,0.74,4,2,91.27796296296296,0.853456974029541,23.75658,73.17201,0.183,2.167398523401331
5KPE_4_2_4_0_combined_id10,1.5790668725967407,2.921475887298584,82.03324074074072,0.65,4,2,91.27796296296296,0.853456974029541,23.75658,73.17201,0.2024,2.145531689679181
5KPE_4_2_4_0_combined_id11,2.094820499420166,3.1426167488098145,69.78546296296295,0.6,4,2,91.27796296296296,0.853456974029541,23.75658,73.17201,0.184,2.223704161467376
5KPE_4_2_4_0_combined_id12,1.5413745641708374,3.2020256519317627,82.3762037037037,0.62,4,2,91.27796296296296,0.853456974029541,23.75658,73.17201,0.181,2.2480203134042247
5KPE_4_2_4_0_combined_id13,2.6269094944000244,3.1285085678100586,78.6375925925926,0.58,4,2,91.27796296296296,0.853456974029541,23.75658,73.17201,0.1647,2.1342616611056857
5KPE_4_2_4_0_combined_id14,1.8767067193984985,2.9574849605560303,76.12138888888889,0.57,4,2,91.27796296296296,0.853456974029541,23.75658,73.17201,0.1684,2.2437720122160734
5KPE_4_2_4_0_combined_id15,1.5192582607269287,2.2917232513427734,89.41703703703705,0.78,4,2,91.27796296296296,0.853456974029541,23.75658,73.17201,0.1792,2.258191567880136
5KPE_4_2_4_0_combined_id16,1.7050338983535767,2.9188241958618164,85.44407407407407,0.71,4,2,91.27796296296296,0.853456974029541,23.75658,73.17201,0.1711,2.092787000868056
5KPE_4_2_4_0_combined_id17,2.2743847370147705,2.5851855278015137,86.08907407407405,0.73,4,2,91.27796296296296,0.853456974029541,23.75658,73.17201,0.1932,2.162007932309751
5KPE_4_2_4_0_combined_id18,1.4113935232162476,3.0313074588775635,79.6915740740741,0.65,4,2,91.27796296296296,0.853456974029541,23.75658,73.17201,0.188,2.0967428419325085
5KPE_4_2_4_0_combined_id19,2.161268949508667,2.3617427349090576,85.5678703703704,0.71,4,2,91.27796296296296,0.853456974029541,23.75658,73.17201,0.1689,2.1893352932400174
5KPE_4_2_4_0_combined_id2,1.2270653247833252,3.359373092651367,85.12342592592593,0.69,4,2,91.27796296296296,0.853456974029541,23.75658,73.17201,0.1759,2.401461848506221
5KPE_4_2_4_0_combined_id20,1.2271677255630493,2.6500864028930664,85.94657407407406,0.7,4,2,91.27796296296296,0.853456974029541,23.75658,73.17201,0.2002,2.14581044514974
5KPE_4_2_4_0_combined_id21,8.963602066040039,9.256244659423828,74.81314814814816,0.6,4,2,91.27796296296296,0.853456974029541,23.75658,73.17201,0.1581,2.3989009150752314
5KPE_4_2_4_0_combined_id22,9.64360523223877,10.477602005004883,81.44675925925924,0.69,4,2,91.27796296296296,0.853456974029541,23.75658,73.17201,0.1841,2.1362423366970487
5KPE_4_2_4_0_combined_id23,1.4034188985824585,2.960965633392334,89.12768518518517,0.77,4,2,91.27796296296296,0.853456974029541,23.75658,73.17201,0.1849,2.305798565899884
5KPE_4_2_4_0_combined_id24,1.6692283153533936,2.6335816383361816,87.64629629629628,0.76,4,2,91.27796296296296,0.853456974029541,23.75658,73.17201,0.1612,2.4735469111689814
5KPE_4_2_4_0_combined_id3,2.027228593826294,2.8172593116760254,77.31944444444444,0.58,4,2,91.27796296296296,0.853456974029541,23.75658,73.17201,0.1786,2.220307809335214
5KPE_4_2_4_0_combined_id4,8.767763137817383,9.815102577209473,75.16685185185186,0.6,4,2,91.27796296296296,0.853456974029541,23.75658,73.17201,0.1782,2.180546372025101
5KPE_4_2_4_0_combined_id5,1.5073466300964355,3.167358636856079,82.46166666666667,0.66,4,2,91.27796296296296,0.853456974029541,23.75658,73.17201,0.1686,2.178248511420356
5KPE_4_2_4_0_combined_id6,8.649800300598145,9.045541763305664,70.51824074074074,0.6,4,2,91.27796296296296,0.853456974029541,23.75658,73.17201,0.1804,2.3018151742440685
5KPE_4_2_4_0_combined_id7,7.508527755737305,7.568199634552002,77.09046296296295,0.61,4,2,91.27796296296296,0.853456974029541,23.75658,73.17201,0.1666,2.363979904739945
5KPE_4_2_4_0_combined_id8,9.15247631072998,9.125800132751465,74.95851851851852,0.62,4,2,91.27796296296296,0.853456974029541,23.75658,73.17201,0.1975,2.299946113868996
5KPE_4_2_8_0_combined_id23,2.2765743732452393,2.571768045425415,77.83259259259259,0.66,4,2,89.31203703703704,0.9233736395835876,22.30026,72.42137,0.2025,2.225195425528068
5KPE_4_2_8_0_combined_id24,10.567468643188477,12.49765396118164,80.51416666666667,0.66,4,2,89.31203703703704,0.9233736395835876,22.30026,72.42137,0.1766,2.305439984356916
5KPE_4_2_8_0_combined_id3,9.238773345947266,10.063163757324219,73.09777777777778,0.61,4,2,89.31203703703704,0.9233736395835876,22.30026,72.42137,0.1706,2.246399914776837
5KPE_4_2_8_0_combined_id4,1.1314536333084106,2.8131980895996094,83.56731481481482,0.67,4,2,89.31203703703704,0.9233736395835876,22.30026,72.42137,0.1828,2.121735184280961
5KPE_4_2_8_0_combined_id5,9.675739288330078,10.127388954162598,80.24444444444447,0.68,4,2,89.31203703703704,0.9233736395835876,22.30026,72.42137,0.1853,2.1939366658528647
5KPE_4_2_8_0_combined_id6,1.6413816213607788,3.6463236808776855,84.31435185185188,0.71,4,2,89.31203703703704,0.9233736395835876,22.30026,72.42137,0.1869,2.3987065067997686
5KPE_4_2_8_0_combined_id7,5.4475932121276855,6.117986679077148,75.09694444444445,0.58,4,2,89.31203703703704,0.9233736395835876,22.30026,72.42137,0.1817,2.3169836821379484
5KPE_4_2_8_0_combined_id8,2.6644954681396484,1.3667429685592651,83.90203703703702,0.69,4,2,89.31203703703704,0.9233736395835876,22.30026,72.42137,0.1818,2.0736697161639177
5KPE_4_2_8_0_combined_id9,2.0339996814727783,3.5464138984680176,81.8062962962963,0.7,4,2,89.31203703703704,0.9233736395835876,22.30026,72.42137,0.1972,2.1419210080747253
5KPE_4_2_9_0_combined_id1,9.718937873840332,10.690817832946777,75.88425925925925,0.64,4,2,89.30731481481482,0.8800322413444519,22.665897,78.32758,0.1952,2.1869901021321616
5KPE_4_4_2_0_combined_id24,2.5955264568328857,2.8046553134918213,80.47157407407407,0.67,4,4,90.98,0.6925307512283325,22.836504,71.83987,0.174,2.255153938576027
5KPE_4_4_2_0_combined_id3,1.0708155632019043,3.2380359172821045,89.72333333333334,0.78,4,4,90.98,0.6925307512283325,22.836504,71.83987,0.1676,2.251352945963541
5KPE_4_4_2_0_combined_id4,1.6458265781402588,2.972851514816284,88.33296296296297,0.75,4,4,90.98,0.6925307512283325,22.836504,71.83987,0.1675,2.23674237286603
5KPE_4_4_2_0_combined_id5,10.872166633605957,12.555039405822754,72.83731481481482,0.58,4,4,90.98,0.6925307512283325,22.836504,71.83987,0.1731,2.179502981680411
5KPE_4_4_2_0_combined_id7,4.165768623352051,3.291966676712036,75.78685185185185,0.62,4,4,90.98,0.6925307512283325,22.836504,71.83987,0.2052,2.2565690499764903
5KPE_4_4_2_0_combined_id8,1.45473051071167,3.446457624435425,76.86740740740741,0.65,4,4,90.98,0.6925307512283325,22.836504,71.83987,0.17,2.425675851327401
5KPE_4_4_2_0_combined_id9,1.5178369283676147,3.2824018001556396,92.1798148148148,0.79,4,4,90.98,0.6925307512283325,22.836504,71.83987,0.1903,2.2860079164858216
5KPE_4_4_4_0_combined_id1,1.1470974683761597,3.1444005966186523,88.85203703703702,0.75,4,4,93.84972222222224,0.5574327707290649,23.408518,72.53655,0.1907,2.182798880117911
5KPE_4_4_4_0_combined_id10,1.2250562906265259,1.5472570657730103,85.30064814814814,0.74,4,4,93.84972222222224,0.5574327707290649,23.408518,72.53655,0.2014,2.154224819607205
5KPE_4_4_4_0_combined_id11,9.467996597290039,9.960186958312988,77.46120370370372,0.63,4,4,93.84972222222224,0.5574327707290649,23.408518,72.53655,0.1743,2.194307115342882
5KPE_4_4_4_0_combined_id12,1.3253775835037231,3.035477638244629,87.0738888888889,0.73,4,4,93.84972222222224,0.5574327707290649,23.408518,72.53655,0.2021,2.0441247445565685
5KPE_4_4_4_0_combined_id13,1.2300448417663574,3.0730459690093994,85.70962962962962,0.7,4,4,93.84972222222224,0.5574327707290649,23.408518,72.53655,0.1769,2.074011484781901
5KPE_4_4_4_0_combined_id14,9.332230567932129,11.648717880249023,71.42342592592593,0.63,4,4,93.84972222222224,0.5574327707290649,23.408518,72.53655,0.1865,2.1917166533293546
5KPE_4_4_4_0_combined_id15,1.0749921798706055,2.6860721111297607,90.9412037037037,0.79,4,4,93.84972222222224,0.5574327707290649,23.408518,72.53655,0.2063,2.239031191225405
5KPE_4_4_4_0_combined_id16,1.3559476137161255,3.092585802078247,85.82833333333332,0.71,4,4,93.84972222222224,0.5574327707290649,23.408518,72.53655,0.2111,2.0851758321126304
5KPE_4_4_4_0_combined_id17,1.7093079090118408,2.468095541000366,87.15074074074074,0.73,4,4,93.84972222222224,0.5574327707290649,23.408518,72.53655,0.2024,1.955516108760128
5KPE_4_4_4_0_combined_id18,1.3690247535705566,2.915587902069092,88.44777777777777,0.76,4,4,93.84972222222224,0.5574327707290649,23.408518,72.53655,0.1881,2.131710335060402
5KPE_4_4_4_0_combined_id19,1.2688572406768799,3.124171733856201,83.29425925925926,0.69,4,4,93.84972222222224,0.5574327707290649,23.408518,72.53655,0.1707,2.1880281236436634
5KPE_4_4_4_0_combined_id2,1.9322700500488281,3.435701847076416,72.7737962962963,0.59,4,4,93.84972222222224,0.5574327707290649,23.408518,72.53655,0.1966,2.1268386840820312
5KPE_4_4_4_0_combined_id20,1.290106177330017,3.217552423477173,91.58324074074072,0.78,4,4,93.84972222222224,0.5574327707290649,23.408518,72.53655,0.1965,2.3181425023961952
5KPE_4_4_4_0_combined_id21,1.544657588005066,3.0833029747009277,89.68555555555557,0.76,4,4,93.84972222222224,0.5574327707290649,23.408518,72.53655,0.1826,2.100712670220269
5KPE_4_4_4_0_combined_id22,1.351767897605896,3.2296245098114014,86.32611111111113,0.73,4,4,93.84972222222224,0.5574327707290649,23.408518,72.53655,0.1913,2.1429465964988426
5KPE_4_4_4_0_combined_id23,3.643219470977783,4.124556541442871,70.67870370370369,0.57,4,4,93.84972222222224,0.5574327707290649,23.408518,72.53655,0.177,2.339380052354601
5KPE_4_4_4_0_combined_id24,3.9023780822753906,3.4998269081115723,81.60407407407409,0.65,4,4,93.84972222222224,0.5574327707290649,23.408518,72.53655,0.1741,2.194475527162905
5KPE_4_4_4_0_combined_id3,1.3265302181243896,2.8890254497528076,83.9250925925926,0.7,4,4,93.84972222222224,0.5574327707290649,23.408518,72.53655,0.1793,2.08699205186632
5KPE_4_4_4_0_combined_id4,7.074431419372559,7.335321426391602,72.07,0.6,4,4,93.84972222222224,0.5574327707290649,23.408518,72.53655,0.1815,2.127351407651548
5KPE_4_4_4_0_combined_id5,1.3909361362457275,2.5922341346740723,87.27342592592592,0.74,4,4,93.84972222222224,0.5574327707290649,23.408518,72.53655,0.1886,2.230379740397136
5KPE_4_4_4_0_combined_id6,3.077057361602783,2.6915884017944336,69.25490740740742,0.54,4,4,93.84972222222224,0.5574327707290649,23.408518,72.53655,0.1681,2.238245646158854
5KPE_4_4_4_0_combined_id7,0.9461962580680847,3.420748710632324,89.24055555555557,0.77,4,4,93.84972222222224,0.5574327707290649,23.408518,72.53655,0.1802,2.210230792010272
5KPE_4_4_4_0_combined_id8,10.093524932861328,11.957013130187988,81.80648148148147,0.71,4,4,93.84972222222224,0.5574327707290649,23.408518,72.53655,0.2041,2.2080583925600403
5KPE_4_4_4_0_combined_id9,10.214268684387207,11.790913581848145,72.2761111111111,0.62,4,4,93.84972222222224,0.5574327707290649,23.408518,72.53655,0.1874,2.191795490406178
5KPE_4_4_5_0_combined_id1,3.3509862422943115,1.2682706117630005,84.81157407407407,0.67,4,4,92.30592592592592,0.8338325023651123,22.652765,76.48185,0.1685,2.1482118677209923
5KPE_4_4_5_0_combined_id10,1.0329067707061768,2.5463709831237793,85.61472222222221,0.69,4,4,92.30592592592592,0.8338325023651123,22.652765,76.48185,0.1728,2.295066268355758
5KPE_4_4_5_0_combined_id11,1.695145845413208,1.5836460590362549,85.07648148148148,0.71,4,4,92.30592592592592,0.8338325023651123,22.652765,76.48185,0.1751,2.1470599704318576
5KPE_4_4_5_0_combined_id12,3.197596788406372,1.3294358253479004,87.99694444444441,0.75,4,4,92.30592592592592,0.8338325023651123,22.652765,76.48185,0.1667,2.0441946806731046
5KPE_4_4_5_0_combined_id13,1.835581660270691,1.8434779644012451,86.78314814814813,0.71,4,4,92.30592592592592,0.8338325023651123,22.652765,76.48185,0.1801,2.203508730287905
5KPE_4_4_5_0_combined_id14,1.4082701206207275,3.1561667919158936,91.28101851851852,0.79,4,4,92.30592592592592,0.8338325023651123,22.652765,76.48185,0.1843,2.1507675736038774
5KPE_4_4_5_0_combined_id15,2.8068690299987793,2.944927930831909,73.73564814814816,0.61,4,4,92.30592592592592,0.8338325023651123,22.652765,76.48185,0.151,2.1573155721028647
5KPE_4_4_5_0_combined_id16,8.176602363586426,8.603378295898438,71.53953703703704,0.6,4,4,92.30592592592592,0.8338325023651123,22.652765,76.48185,0.1758,2.362980736626519
5KPE_4_4_5_0_combined_id17,1.1638847589492798,3.214228391647339,84.63287037037034,0.69,4,4,92.30592592592592,0.8338325023651123,22.652765,76.48185,0.1681,2.155408082184968
5KPE_4_4_5_0_combined_id18,2.9679372310638428,3.5904734134674072,77.22509259259259,0.62,4,4,92.30592592592592,0.8338325023651123,22.652765,76.48185,0.1721,2.2929454379611545
5KPE_4_4_5_0_combined_id19,1.4446266889572144,2.8544819355010986,91.47083333333336,0.79,4,4,92.30592592592592,0.8338325023651123,22.652765,76.48185,0.1876,2.1450333771882235
5KPE_4_4_5_0_combined_id2,8.338376998901367,10.509126663208008,69.29601851851851,0.52,4,4,92.30592592592592,0.8338325023651123,22.652765,76.48185,0.1752,2.1943951359501592
5KPE_4_4_5_0_combined_id20,9.705168724060059,10.457938194274902,69.5587962962963,0.59,4,4,92.30592592592592,0.8338325023651123,22.652765,76.48185,0.165,2.272425616229022
5KPE_4_4_5_0_combined_id21,1.5337251424789429,2.3166162967681885,87.52287037037037,0.75,4,4,92.30592592592592,0.8338325023651123,22.652765,76.48185,0.1706,2.0982174343532987
5KPE_4_4_5_0_combined_id22,1.9109129905700684,3.006240129470825,77.20611111111111,0.63,4,4,92.30592592592592,0.8338325023651123,22.652765,76.48185,0.158,2.017311661331742
5KPE_4_4_5_0_combined_id23,2.2554821968078613,1.433626651763916,84.26351851851852,0.64,4,4,92.30592592592592,0.8338325023651123,22.652765,76.48185,0.1704,1.9890235618308736
5KPE_4_4_5_0_combined_id24,5.14128303527832,5.519077301025391,67.91657407407408,0.57,4,4,92.30592592592592,0.8338325023651123,22.652765,76.48185,0.1729,2.2045488710756653
5KPE_4_4_5_0_combined_id3,1.7396303415298462,3.0877633094787598,80.28222222222223,0.61,4,4,92.30592592592592,0.8338325023651123,22.652765,76.48185,0.1768,2.2172309027777777
5KPE_4_4_5_0_combined_id4,1.2256823778152466,3.242534637451172,83.83435185185184,0.65,4,4,92.30592592592592,0.8338325023651123,22.652765,76.48185,0.1694,2.0407949376989296
5KPE_4_4_5_0_combined_id5,9.138065338134766,10.220805168151855,66.73203703703703,0.52,4,4,92.30592592592592,0.8338325023651123,22.652765,76.48185,0.1781,2.259380481861256
5KPE_4_4_5_0_combined_id6,3.1698641777038574,3.0095760822296143,67.34092592592592,0.55,4,4,92.30592592592592,0.8338325023651123,22.652765,76.48185,0.175,2.249494199399595
5KPE_4_4_5_0_combined_id7,1.0987831354141235,3.2263784408569336,88.48203703703705,0.74,4,4,92.30592592592592,0.8338325023651123,22.652765,76.48185,0.1871,2.2540774875217013
5KPE_4_4_5_0_combined_id8,1.9962977170944214,3.2742233276367188,86.84425925925926,0.75,4,4,92.30592592592592,0.8338325023651123,22.652765,76.48185,0.19,2.2165582444932728
5KPE_4_4_5_0_combined_id9,2.8923444747924805,2.2455599308013916,79.32916666666667,0.64,4,4,92.30592592592592,0.8338325023651123,22.652765,76.48185,0.1894,2.2952653390389903
5KPE_4_4_6_0_combined_id1,1.533463954925537,2.2054152488708496,95.73740740740742,0.85,4,4,92.2837037037037,0.8217940330505371,23.190203,73.59821,0.1891,2.214043935139974
5KPE_4_4_6_0_combined_id10,2.162701368331909,1.6361076831817627,88.97768518518518,0.75,4,4,92.2837037037037,0.8217940330505371,23.190203,73.59821,0.1831,2.055401978669343
5KPE_4_4_6_0_combined_id11,2.578058958053589,1.8056310415267944,72.90990740740742,0.58,4,4,92.2837037037037,0.8217940330505371,23.190203,73.59821,0.1797,2.1249542236328125
5KPE_4_4_6_0_combined_id12,1.8604440689086914,1.7975211143493652,81.81740740740742,0.7,4,4,92.2837037037037,0.8217940330505371,23.190203,73.59821,0.1629,2.0950044702600548
5KPE_4_4_6_0_combined_id13,2.1879124641418457,1.771273136138916,88.18712962962964,0.74,4,4,92.2837037037037,0.8217940330505371,23.190203,73.59821,0.1785,1.942742383038556
5KPE_4_4_6_0_combined_id14,11.070635795593262,12.943245887756348,67.89462962962963,0.57,4,4,92.2837037037037,0.8217940330505371,23.190203,73.59821,0.1772,2.1100201076931424
5KPE_4_4_6_0_combined_id15,11.77230453491211,11.759991645812988,77.34805555555556,0.61,4,4,92.2837037037037,0.8217940330505371,23.190203,73.59821,0.1743,2.08458822744864
5KPE_4_4_6_0_combined_id16,1.1779474020004272,2.9414432048797607,93.8028703703704,0.84,4,4,92.2837037037037,0.8217940330505371,23.190203,73.59821,0.1866,2.197306032533999
5KPE_4_4_6_0_combined_id17,2.4876930713653564,1.61879563331604,85.26157407407408,0.72,4,4,92.2837037037037,0.8217940330505371,23.190203,73.59821,0.1853,1.9481879340277777
5KPE_4_4_6_0_combined_id18,2.866098642349243,1.5964226722717285,91.04888888888888,0.8,4,4,92.2837037037037,0.8217940330505371,23.190203,73.59821,0.1797,1.9317333080150465
5KPE_4_4_6_0_combined_id19,9.207406044006348,9.932464599609375,74.97222222222221,0.63,4,4,92.2837037037037,0.8217940330505371,23.190203,73.59821,0.1674,2.320613154658565
5KPE_4_4_6_0_combined_id2,1.523196816444397,2.7616465091705322,91.24537037037034,0.82,4,4,92.2837037037037,0.8217940330505371,23.190203,73.59821,0.1844,2.060461256239149
5KPE_4_4_6_0_combined_id20,2.6771905422210693,1.5948935747146606,86.4049074074074,0.76,4,4,92.2837037037037,0.8217940330505371,23.190203,73.59821,0.1688,2.146613085711444
5KPE_4_4_6_0_combined_id21,1.5377980470657349,2.781181812286377,88.75055555555555,0.75,4,4,92.2837037037037,0.8217940330505371,23.190203,73.59821,0.1936,2.087131217673973
5KPE_4_4_6_0_combined_id22,2.222954511642456,1.5980178117752075,80.76472222222225,0.67,4,4,92.2837037037037,0.8217940330505371,23.190203,73.59821,0.18,1.9191066600658275
5KPE_4_4_6_0_combined_id23,1.5204105377197266,1.9407212734222412,87.77777777777776,0.75,4,4,92.2837037037037,0.8217940330505371,23.190203,73.59821,0.1695,2.0608188487865307
5KPE_4_4_6_0_combined_id24,1.2446876764297485,2.6642534732818604,87.54944444444445,0.71,4,4,92.2837037037037,0.8217940330505371,23.190203,73.59821,0.1783,2.053864514386212
5KPE_4_4_6_0_combined_id3,1.4489502906799316,2.547795534133911,84.67314814814814,0.66,4,4,92.2837037037037,0.8217940330505371,23.190203,73.59821,0.1674,2.090301231101708
5KPE_4_4_6_0_combined_id4,2.389777660369873,1.5829721689224243,85.95629629629629,0.68,4,4,92.2837037037037,0.8217940330505371,23.190203,73.59821,0.1874,2.017451533564815
5KPE_4_4_6_0_combined_id5,1.2083301544189453,2.7950761318206787,89.17175925925923,0.76,4,4,92.2837037037037,0.8217940330505371,23.190203,73.59821,0.1727,2.1230682090476707
5KPE_4_4_6_0_combined_id6,1.8179446458816528,2.1623897552490234,88.9450925925926,0.75,4,4,92.2837037037037,0.8217940330505371,23.190203,73.59821,0.1814,2.044118528012876
5KPE_4_4_6_0_combined_id7,10.848490715026855,11.17508602142334,81.70185185185186,0.69,4,4,92.2837037037037,0.8217940330505371,23.190203,73.59821,0.1943,2.1948020369918257
5KPE_4_4_6_0_combined_id8,2.0397772789001465,2.3075716495513916,80.61370370370369,0.69,4,4,92.2837037037037,0.8217940330505371,23.190203,73.59821,0.212,2.1362039071542247
5KPE_4_4_6_0_combined_id9,1.835007905960083,1.4424071311950684,86.7652777777778,0.74,4,4,92.2837037037037,0.8217940330505371,23.190203,73.59821,0.1946,2.024845971001519
5KPE_4_4_7_0_combined_id1,1.7593281269073486,2.93178391456604,85.89055555555554,0.72,4,4,90.76925925925926,0.7929343581199646,23.49911,73.25415,0.1818,2.187876242178458
5KPE_4_4_7_0_combined_id10,1.6073771715164185,3.2768683433532715,82.18546296296297,0.67,4,4,90.76925925925926,0.7929343581199646,23.49911,73.25415,0.1747,2.1809240270543984
5KPE_4_4_7_0_combined_id11,1.7169567346572876,1.7113747596740723,87.06685185185187,0.73,4,4,90.76925925925926,0.7929343581199646,23.49911,73.25415,0.1973,2.201651961715133
5KPE_4_4_7_0_combined_id12,10.357104301452637,12.016518592834473,76.92074074074074,0.67,4,4,90.76925925925926,0.7929343581199646,23.49911,73.25415,0.1631,2.360065742775246
5KPE_4_4_7_0_combined_id13,1.2972065210342407,3.3288729190826416,92.0987037037037,0.8,4,4,90.76925925925926,0.7929343581199646,23.49911,73.25415,0.1709,2.164153063738788
5KPE_4_4_7_0_combined_id14,10.107921600341797,11.806982040405273,76.68388888888889,0.65,4,4,90.76925925925926,0.7929343581199646,23.49911,73.25415,0.1932,2.329259095368562
5KPE_4_4_7_0_combined_id15,1.5930399894714355,3.035588502883911,91.51055555555553,0.8,4,4,90.76925925925926,0.7929343581199646,23.49911,73.25415,0.1882,2.271434925220631
5KPE_4_4_7_0_combined_id16,10.407782554626465,10.804237365722656,78.92351851851852,0.7,4,4,90.76925925925926,0.7929343581199646,23.49911,73.25415,0.2006,2.1501103153935186
5KPE_4_4_7_0_combined_id17,1.4373295307159424,3.0577690601348877,85.33231481481481,0.68,4,4,90.76925925925926,0.7929343581199646,23.49911,73.25415,0.2031,2.1891151710792824
5KPE_4_4_7_0_combined_id18,1.7050106525421143,2.1777729988098145,80.1275,0.62,4,4,90.76925925925926,0.7929343581199646,23.49911,73.25415,0.2102,2.1989371688277632
5KPE_4_4_7_0_combined_id19,2.2379894256591797,3.5929038524627686,80.97925925925928,0.7,4,4,90.76925925925926,0.7929343581199646,23.49911,73.25415,0.1631,2.2917082044813366
5KPE_4_4_7_0_combined_id2,10.41403579711914,12.454870223999023,76.65787037037036,0.65,4,4,90.76925925925926,0.7929343581199646,23.49911,73.25415,0.1737,2.3464311670373985
5KPE_4_4_7_0_combined_id20,10.978116989135742,12.88837718963623,71.73648148148148,0.58,4,4,90.76925925925926,0.7929343581199646,23.49911,73.25415,0.1769,2.119403980396412
5KPE_4_4_7_0_combined_id21,1.4271491765975952,3.538414239883423,91.4100925925926,0.79,4,4,90.76925925925926,0.7929343581199646,23.49911,73.25415,0.1924,2.1492720709906683
5KPE_4_4_7_0_combined_id22,1.0883148908615112,3.718503475189209,86.63694444444444,0.7,4,4,90.76925925925926,0.7929343581199646,23.49911,73.25415,0.1728,2.4412734420211226
5KPE_4_4_7_0_combined_id23,1.438110113143921,3.1308228969573975,85.15564814814815,0.74,4,4,90.76925925925926,0.7929343581199646,23.49911,73.25415,0.1829,2.245955573187934
5KPE_4_4_7_0_combined_id24,1.0499024391174316,3.217633008956909,90.14712962962962,0.76,4,4,90.76925925925926,0.7929343581199646,23.49911,73.25415,0.1793,2.3340380633318865
5KPE_4_4_7_0_combined_id3,1.4047579765319824,3.3396244049072266,87.79166666666667,0.74,4,4,90.76925925925926,0.7929343581199646,23.49911,73.25415,0.181,2.211688006365741
5KPE_4_4_7_0_combined_id4,1.5657557249069214,2.96771240234375,87.15555555555555,0.72,4,4,90.76925925925926,0.7929343581199646,23.49911,73.25415,0.1758,2.0835599546079284
5KPE_4_4_7_0_combined_id5,1.204404592514038,3.2231788635253906,92.14361111111111,0.78,4,4,90.76925925925926,0.7929343581199646,23.49911,73.25415,0.1907,2.280982829906322
5KPE_4_4_7_0_combined_id6,1.4306461811065674,3.3112032413482666,87.28546296296297,0.68,4,4,90.76925925925926,0.7929343581199646,23.49911,73.25415,0.1967,2.305113191957827
5KPE_4_4_7_0_combined_id7,4.173092365264893,4.381603717803955,65.21657407407407,0.53,4,4,90.76925925925926,0.7929343581199646,23.49911,73.25415,0.1623,2.1312993367513022
5KPE_4_4_7_0_combined_id8,1.766303300857544,2.9699275493621826,83.21000000000001,0.69,4,4,90.76925925925926,0.7929343581199646,23.49911,73.25415,0.1833,2.118022777416088
5KPE_4_4_7_0_combined_id9,1.3534653186798096,3.468402624130249,93.82564814814816,0.84,4,4,90.76925925925926,0.7929343581199646,23.49911,73.25415,0.1716,2.2780253092447915
5KPE_4_4_8_0_combined_id1,2.897381067276001,2.800555944442749,78.63537037037038,0.6,4,4,90.52138888888892,0.6596664786338806,22.61628,74.71156,0.1835,2.2242168850368924
5KPE_4_4_8_0_combined_id10,10.258793830871582,10.89341926574707,79.02259259259257,0.65,4,4,90.52138888888892,0.6596664786338806,22.61628,74.71156,0.1857,2.228459393536603
5KPE_4_4_8_0_combined_id11,1.2336326837539673,3.3375132083892822,88.56509259259259,0.75,4,4,90.52138888888892,0.6596664786338806,22.61628,74.71156,0.1831,2.125948164198133
5KPE_4_4_8_0_combined_id12,9.37357234954834,9.75090217590332,75.66953703703703,0.61,4,4,90.52138888888892,0.6596664786338806,22.61628,74.71156,0.2082,2.0757473133228443
5KPE_4_4_8_0_combined_id13,1.3817462921142578,3.5663068294525146,86.95703703703703,0.73,4,4,90.52138888888892,0.6596664786338806,22.61628,74.71156,0.1924,1.982990547462746
5KPE_4_4_8_0_combined_id14,9.40603256225586,11.339926719665527,71.53083333333333,0.56,4,4,90.52138888888892,0.6596664786338806,22.61628,74.71156,0.1927,2.0683777420609086
5KPE_4_4_8_0_combined_id15,1.0191246271133423,3.6930789947509766,87.94861111111113,0.72,4,4,90.52138888888892,0.6596664786338806,22.61628,74.71156,0.1751,2.2285775078667536
5KPE_4_4_8_0_combined_id16,2.956841468811035,1.867946982383728,83.51296296296294,0.66,4,4,90.52138888888892,0.6596664786338806,22.61628,74.71156,0.196,2.029993834318938
5KPE_4_4_8_0_combined_id17,3.7696621417999268,3.8267314434051514,79.4285185185185,0.61,4,4,90.52138888888892,0.6596664786338806,22.61628,74.71156,0.1642,2.138442710593895
5KPE_4_4_8_0_combined_id18,1.387030839920044,3.761406421661377,92.33796296296296,0.8,4,4,90.52138888888892,0.6596664786338806,22.61628,74.71156,0.1984,2.1411535474989147
5KPE_4_4_8_0_combined_id19,0.9565259218215942,3.7181031703948975,89.29462962962964,0.76,4,4,90.52138888888892,0.6596664786338806,22.61628,74.71156,0.2013,2.186178136754919
5KPE_4_4_8_0_combined_id2,1.6545360088348389,2.947051525115967,79.84972222222223,0.62,4,4,90.52138888888892,0.6596664786338806,22.61628,74.71156,0.1756,2.0849538732458046
5KPE_4_4_8_0_combined_id20,10.076974868774414,12.447453498840332,73.33574074074073,0.63,4,4,90.52138888888892,0.6596664786338806,22.61628,74.71156,0.1708,2.1615747522424766
5KPE_4_4_8_0_combined_id21,1.1651148796081543,2.1881487369537354,86.79638888888888,0.71,4,4,90.52138888888892,0.6596664786338806,22.61628,74.71156,0.1748,2.281293374520761
5KPE_4_4_8_0_combined_id22,1.268569827079773,3.4237446784973145,87.63703703703703,0.69,4,4,90.52138888888892,0.6596664786338806,22.61628,74.71156,0.1896,2.1095979478624134
5KPE_4_4_8_0_combined_id23,10.667633056640625,12.592977523803711,77.20657407407408,0.64,4,4,90.52138888888892,0.6596664786338806,22.61628,74.71156,0.1791,2.0918327614113137
5KPE_4_4_8_0_combined_id24,1.4393000602722168,2.9612910747528076,80.16509259259259,0.67,4,4,90.52138888888892,0.6596664786338806,22.61628,74.71156,0.173,2.3098186916775174
5KPE_4_4_8_0_combined_id3,1.402093529701233,3.355809450149536,85.09509259259261,0.68,4,4,90.52138888888892,0.6596664786338806,22.61628,74.71156,0.2035,1.988626550745081
5KPE_4_4_8_0_combined_id4,1.964374303817749,3.145265579223633,83.43259259259258,0.67,4,4,90.52138888888892,0.6596664786338806,22.61628,74.71156,0.1907,1.9912000585485388
5KPE_4_4_8_0_combined_id5,5.34725284576416,4.219929218292236,73.05324074074075,0.6,4,4,90.52138888888892,0.6596664786338806,22.61628,74.71156,0.2033,2.229903044524016
5KPE_4_4_8_0_combined_id6,1.044649362564087,3.408980131149292,89.27620370370369,0.72,4,4,90.52138888888892,0.6596664786338806,22.61628,74.71156,0.1986,2.096844708478009
5KPE_4_4_8_0_combined_id7,10.80817699432373,12.312132835388184,79.12462962962962,0.67,4,4,90.52138888888892,0.6596664786338806,22.61628,74.71156,0.2067,2.2321497599283853
5KPE_4_4_8_0_combined_id8,4.0750203132629395,3.836435317993164,62.91203703703704,0.51,4,4,90.52138888888892,0.6596664786338806,22.61628,74.71156,0.1892,2.1037835015190973
5KPE_4_4_8_0_combined_id9,1.3225669860839844,2.929495334625244,87.28944444444443,0.73,4,4,90.52138888888892,0.6596664786338806,22.61628,74.71156,0.1734,2.2456464414243347
5KPE_4_4_9_0_combined_id1,1.4046138525009155,2.816265821456909,89.96685185185189,0.77,4,4,90.84425925925925,0.8457044363021851,23.040243,70.987595,0.1762,2.0983427542227284
5KPE_4_4_9_0_combined_id10,1.1679203510284424,3.5443453788757324,87.18,0.73,4,4,90.84425925925925,0.8457044363021851,23.040243,70.987595,0.1915,2.25291019015842
5KPE_4_4_9_0_combined_id11,1.644646406173706,2.361182689666748,80.44444444444443,0.62,4,4,90.84425925925925,0.8457044363021851,23.040243,70.987595,0.1709,2.215208971941913
5KPE_4_4_9_0_combined_id12,1.2917879819869995,2.9771597385406494,88.34666666666665,0.76,4,4,90.84425925925925,0.8457044363021851,23.040243,70.987595,0.1785,2.1111584416142217
5KPE_4_4_9_0_combined_id13,10.168514251708984,12.101042747497559,69.82981481481481,0.58,4,4,90.84425925925925,0.8457044363021851,23.040243,70.987595,0.1654,2.249477527759693
5KPE_4_4_9_0_combined_id14,10.147096633911133,11.476961135864258,82.96601851851854,0.71,4,4,90.84425925925925,0.8457044363021851,23.040243,70.987595,0.1839,2.253908651846426
5KPE_4_4_9_0_combined_id15,2.718167543411255,4.222439765930176,66.83064814814814,0.54,4,4,90.84425925925925,0.8457044363021851,23.040243,70.987595,0.1754,2.1691147133156106
5KPE_4_4_9_0_combined_id16,1.5167036056518555,3.31198787689209,88.84574074074077,0.75,4,4,90.84425925925925,0.8457044363021851,23.040243,70.987595,0.1785,2.215680157696759
5KPE_4_4_9_0_combined_id17,1.5416384935379028,2.952930450439453,89.98185185185186,0.78,4,4,90.84425925925925,0.8457044363021851,23.040243,70.987595,0.162,2.1545663056550204
5KPE_4_4_9_0_combined_id18,2.623776912689209,2.987785577774048,72.90287037037037,0.58,4,4,90.84425925925925,0.8457044363021851,23.040243,70.987595,0.1805,1.97141675595884
5KPE_4_4_9_0_combined_id19,1.4653408527374268,2.8284406661987305,90.0537037037037,0.76,4,4,90.84425925925925,0.8457044363021851,23.040243,70.987595,0.1677,2.1128983674225985
5KPE_4_4_9_0_combined_id2,5.278787612915039,5.828914165496826,66.99824074074075,0.52,4,4,90.84425925925925,0.8457044363021851,23.040243,70.987595,0.1683,2.199335168909144
5KPE_4_4_9_0_combined_id20,2.784400701522827,2.1594033241271973,82.3938888888889,0.71,4,4,90.84425925925925,0.8457044363021851,23.040243,70.987595,0.1622,2.245680208559389
5KPE_4_4_9_0_combined_id21,4.215315818786621,3.7457163333892822,74.54398148148148,0.63,4,4,90.84425925925925,0.8457044363021851,23.040243,70.987595,0.1626,2.257420857747396
5KPE_4_4_9_0_combined_id22,2.1314640045166016,2.5498220920562744,85.84759259259256,0.72,4,4,90.84425925925925,0.8457044363021851,23.040243,70.987595,0.1718,2.1772695470739296
5KPE_4_4_9_0_combined_id23,9.006418228149414,9.706790924072266,72.00027777777777,0.54,4,4,90.84425925925925,0.8457044363021851,23.040243,70.987595,0.1722,2.150289182309751
5KPE_4_4_9_0_combined_id24,1.5151095390319824,2.97184419631958,84.72370370370369,0.71,4,4,90.84425925925925,0.8457044363021851,23.040243,70.987595,0.1883,2.218703375922309
5KPE_4_4_9_0_combined_id3,1.3627712726593018,2.7475168704986572,82.9936111111111,0.69,4,4,90.84425925925925,0.8457044363021851,23.040243,70.987595,0.1958,2.3774346245659723
5KPE_4_4_9_0_combined_id4,5.686985969543457,3.949978828430176,68.12592592592593,0.56,4,4,90.84425925925925,0.8457044363021851,23.040243,70.987595,0.1617,2.186820418746383
5KPE_4_4_9_0_combined_id5,1.4704768657684326,2.990262508392334,86.25037037037038,0.74,4,4,90.84425925925925,0.8457044363021851,23.040243,70.987595,0.1789,2.156964054814092
5KPE_4_4_9_0_combined_id6,1.3580403327941895,2.4453258514404297,87.02907407407407,0.72,4,4,90.84425925925925,0.8457044363021851,23.040243,70.987595,0.1717,2.36907054759838
5KPE_4_4_9_0_combined_id7,1.4403663873672485,3.3047378063201904,93.62120370370371,0.83,4,4,90.84425925925925,0.8457044363021851,23.040243,70.987595,0.2025,2.2353542469165943
5KPE_4_4_9_0_combined_id9,10.518627166748047,12.627945899963379,75.35425925925927,0.63,4,4,90.84425925925925,0.8457044363021851,23.040243,70.987595,0.1797,2.18515537403248
5KPE_4_6_0_0_combined_id1,4.498141288757324,5.194507598876953,60.34518518518518,0.51,4,6,95.85305555555554,0.750878095626831,22.370731,74.77127,0.1603,2.0449766936125577
5KPE_4_6_0_0_combined_id10,11.07167911529541,13.184014320373535,71.93731481481483,0.55,4,6,95.85305555555554,0.750878095626831,22.370731,74.77127,0.1773,2.214813797562211
5KPE_4_6_0_0_combined_id11,1.558229684829712,3.0629260540008545,88.67203703703704,0.75,4,6,95.85305555555554,0.750878095626831,22.370731,74.77127,0.1814,2.168651722095631
5KPE_4_6_0_0_combined_id12,2.4134886264801025,2.509690999984741,80.0725,0.62,4,6,95.85305555555554,0.750878095626831,22.370731,74.77127,0.1712,2.2339459172001592
5KPE_4_6_0_0_combined_id13,9.594574928283691,10.827082633972168,65.1162037037037,0.52,4,6,95.85305555555554,0.750878095626831,22.370731,74.77127,0.1741,1.9837300335919408
5KPE_4_6_0_0_combined_id14,4.594362258911133,3.5295028686523438,72.34185185185186,0.59,4,6,95.85305555555554,0.750878095626831,22.370731,74.77127,0.1884,2.1934678819444446
5KPE_4_6_0_0_combined_id15,1.2652074098587036,3.833254098892212,71.33749999999999,0.55,4,6,95.85305555555554,0.750878095626831,22.370731,74.77127,0.1609,2.165917149296513
5KPE_4_6_0_0_combined_id16,3.285956621170044,3.9736883640289307,71.49425925925925,0.65,4,6,95.85305555555554,0.750878095626831,22.370731,74.77127,0.211,2.0901239183213978
5KPE_4_6_0_0_combined_id17,3.237208843231201,2.72110915184021,72.8035185185185,0.55,4,6,95.85305555555554,0.750878095626831,22.370731,74.77127,0.1671,2.3112329553674766
5KPE_4_6_0_0_combined_id18,11.108576774597168,13.231828689575195,64.17129629629629,0.52,4,6,95.85305555555554,0.750878095626831,22.370731,74.77127,0.1578,2.205452106617116
5KPE_4_6_0_0_combined_id19,1.0437095165252686,3.188063859939575,80.74740740740742,0.68,4,6,95.85305555555554,0.750878095626831,22.370731,74.77127,0.1543,2.245284327754268
5KPE_4_6_0_0_combined_id2,3.178176164627075,3.412414073944092,69.87111111111112,0.56,4,6,95.85305555555554,0.750878095626831,22.370731,74.77127,0.1579,2.2206579137731484
5KPE_4_6_0_0_combined_id20,1.4178764820098877,2.663621425628662,91.36490740740744,0.78,4,6,95.85305555555554,0.750878095626831,22.370731,74.77127,0.1932,2.076916729962384
5KPE_4_6_0_0_combined_id21,1.2400517463684082,2.6846530437469482,87.46851851851852,0.76,4,6,95.85305555555554,0.750878095626831,22.370731,74.77127,0.1737,2.1538244176793984
5KPE_4_6_0_0_combined_id22,2.0081069469451904,2.4505269527435303,79.49166666666666,0.61,4,6,95.85305555555554,0.750878095626831,22.370731,74.77127,0.1698,2.2279961197464555
5KPE_4_6_0_0_combined_id23,7.945585250854492,9.732707977294922,65.61268518518519,0.52,4,6,95.85305555555554,0.750878095626831,22.370731,74.77127,0.1855,2.19065503720884
5KPE_4_6_0_0_combined_id24,1.5564159154891968,3.3345396518707275,82.62620370370371,0.66,4,6,95.85305555555554,0.750878095626831,22.370731,74.77127,0.1723,2.1450378983109086
5KPE_4_6_0_0_combined_id3,1.4158638715744019,3.416062593460083,85.84444444444445,0.72,4,6,95.85305555555554,0.750878095626831,22.370731,74.77127,0.178,2.0998622753002025
5KPE_4_6_0_0_combined_id5,2.8976798057556152,3.52278208732605,64.18851851851852,0.47,4,6,95.85305555555554,0.750878095626831,22.370731,74.77127,0.181,2.178370157877604
5KPE_4_6_0_0_combined_id6,1.5864925384521484,2.4934120178222656,82.48388888888888,0.71,4,6,95.85305555555554,0.750878095626831,22.370731,74.77127,0.1512,2.506041915328414
5KPE_4_6_0_0_combined_id7,2.044435501098633,2.9619784355163574,82.19416666666667,0.68,4,6,95.85305555555554,0.750878095626831,22.370731,74.77127,0.1716,2.213625448721426
5KPE_4_6_0_0_combined_id8,1.6433669328689575,3.102295398712158,82.54222222222221,0.67,4,6,95.85305555555554,0.750878095626831,22.370731,74.77127,0.163,2.130227265534577
5KPE_4_6_0_0_combined_id9,1.3750144243240356,3.337898015975952,77.72157407407407,0.66,4,6,95.85305555555554,0.750878095626831,22.370731,74.77127,0.1696,2.241045210096571
5KPE_4_6_1_0_combined_id1,2.8961803913116455,3.5005197525024414,84.48481481481484,0.71,4,6,91.9727777777778,0.6542103290557861,22.62896,75.760635,0.1665,2.1514184739854603
5KPE_4_6_1_0_combined_id10,1.546591877937317,3.306008815765381,88.21166666666666,0.76,4,6,91.9727777777778,0.6542103290557861,22.62896,75.760635,0.1629,2.273277282714844
5KPE_4_6_1_0_combined_id11,1.2434390783309937,2.415714740753174,88.60407407407409,0.75,4,6,91.9727777777778,0.6542103290557861,22.62896,75.760635,0.1731,2.183535681830512
5KPE_4_6_1_0_combined_id12,1.6835569143295288,2.6995718479156494,83.69101851851853,0.69,4,6,91.9727777777778,0.6542103290557861,22.62896,75.760635,0.2017,2.180781046549479
5KPE_4_6_1_0_combined_id13,1.904227375984192,3.0240957736968994,77.94,0.61,4,6,91.9727777777778,0.6542103290557861,22.62896,75.760635,0.1699,2.1710973668981484
5KPE_4_6_1_0_combined_id14,1.6531299352645874,3.009214162826538,87.03425925925927,0.73,4,6,91.9727777777778,0.6542103290557861,22.62896,75.760635,0.1857,2.1788708722149885
5KPE_4_6_1_0_combined_id15,1.307092308998108,2.694645643234253,91.0375925925926,0.81,4,6,91.9727777777778,0.6542103290557861,22.62896,75.760635,0.1849,2.249674196596499
5KPE_4_6_1_0_combined_id16,1.9818658828735352,1.1194665431976318,87.09592592592593,0.73,4,6,91.9727777777778,0.6542103290557861,22.62896,75.760635,0.1802,2.120469693784361
5KPE_4_6_1_0_combined_id17,1.6370548009872437,2.6860291957855225,81.9060185185185,0.69,4,6,91.9727777777778,0.6542103290557861,22.62896,75.760635,0.1803,2.055977432816117
5KPE_4_6_1_0_combined_id18,2.0548250675201416,3.176307439804077,84.2437037037037,0.69,4,6,91.9727777777778,0.6542103290557861,22.62896,75.760635,0.1793,1.9559557879412617
5KPE_4_6_1_0_combined_id19,9.851051330566406,10.448127746582031,69.82907407407407,0.54,4,6,91.9727777777778,0.6542103290557861,22.62896,75.760635,0.1808,1.9553602713125724
5KPE_4_6_1_0_combined_id2,1.3153246641159058,2.8721795082092285,88.81731481481481,0.74,4,6,91.9727777777778,0.6542103290557861,22.62896,75.760635,0.1681,2.2750667995876737
5KPE_4_6_1_0_combined_id20,3.095351457595825,3.8247339725494385,75.03157407407409,0.58,4,6,91.9727777777778,0.6542103290557861,22.62896,75.760635,0.1772,2.14840896041305
5KPE_4_6_1_0_combined_id21,9.743308067321777,10.46741008758545,79.04574074074073,0.63,4,6,91.9727777777778,0.6542103290557861,22.62896,75.760635,0.1614,2.0908194647894964
5KPE_4_6_1_0_combined_id22,1.9118335247039795,2.015882730484009,81.67648148148147,0.66,4,6,91.9727777777778,0.6542103290557861,22.62896,75.760635,0.1777,1.9757676301179108
5KPE_4_6_1_0_combined_id23,1.6304175853729248,3.0969436168670654,84.92083333333333,0.68,4,6,91.9727777777778,0.6542103290557861,22.62896,75.760635,0.1799,2.116342615198206
5KPE_4_6_1_0_combined_id24,2.343526601791382,3.1430206298828125,71.98435185185187,0.55,4,6,91.9727777777778,0.6542103290557861,22.62896,75.760635,0.1694,2.20967130307798
5KPE_4_6_1_0_combined_id3,1.3694894313812256,3.1679792404174805,87.9364814814815,0.76,4,6,91.9727777777778,0.6542103290557861,22.62896,75.760635,0.1492,2.272529319480613
5KPE_4_6_1_0_combined_id4,2.5114235877990723,2.1478493213653564,81.60296296296298,0.67,4,6,91.9727777777778,0.6542103290557861,22.62896,75.760635,0.204,2.073975739655672
5KPE_4_6_1_0_combined_id5,1.8696762323379517,2.7672438621520996,86.76074074074073,0.7,4,6,91.9727777777778,0.6542103290557861,22.62896,75.760635,0.1668,2.128443400065104
5KPE_4_6_1_0_combined_id6,12.74477767944336,12.906535148620605,77.44574074074075,0.56,4,6,91.9727777777778,0.6542103290557861,22.62896,75.760635,0.1954,2.213593094437211
5KPE_4_6_1_0_combined_id7,1.530335545539856,3.6203362941741943,92.8612962962963,0.83,4,6,91.9727777777778,0.6542103290557861,22.62896,75.760635,0.1925,2.25755536114728
5KPE_4_6_1_0_combined_id8,1.7819840908050537,2.6914994716644287,87.42287037037033,0.75,4,6,91.9727777777778,0.6542103290557861,22.62896,75.760635,0.1687,2.2455085471824363
5KPE_4_6_1_0_combined_id9,4.09600830078125,3.8695061206817627,69.66768518518519,0.55,4,6,91.9727777777778,0.6542103290557861,22.62896,75.760635,0.1694,2.1033828170211226
5KPE_4_6_2_0_combined_id1,2.172311782836914,2.595947742462158,79.88018518518517,0.66,4,6,88.61518518518518,0.9483682513237,22.865034,73.50251,0.1719,2.2477987783926503
5KPE_4_6_2_0_combined_id10,1.63284432888031,2.3906774520874023,88.24740740740742,0.76,4,6,88.61518518518518,0.9483682513237,22.865034,73.50251,0.18,2.215673658582899
5KPE_4_6_2_0_combined_id11,8.739908218383789,10.314216613769531,65.72120370370371,0.54,4,6,88.61518518518518,0.9483682513237,22.865034,73.50251,0.1629,2.277838106508608
5KPE_4_6_2_0_combined_id12,1.6002212762832642,3.2913308143615723,87.30231481481484,0.72,4,6,88.61518518518518,0.9483682513237,22.865034,73.50251,0.1645,2.150256686740452
5KPE_4_6_2_0_combined_id13,1.6873345375061035,2.5668039321899414,85.82694444444442,0.71,4,6,88.61518518518518,0.9483682513237,22.865034,73.50251,0.1687,2.3169966803656683
5KPE_4_6_2_0_combined_id14,10.238272666931152,11.42341136932373,72.95851851851852,0.57,4,6,88.61518518518518,0.9483682513237,22.865034,73.50251,0.1694,2.390681514033565
5KPE_4_6_2_0_combined_id15,2.6254079341888428,2.951005697250366,71.09527777777777,0.55,4,6,88.61518518518518,0.9483682513237,22.865034,73.50251,0.162,2.2350090874565973
5KPE_4_6_2_0_combined_id16,2.6468167304992676,3.545104503631592,67.41166666666668,0.55,4,6,88.61518518518518,0.9483682513237,22.865034,73.50251,0.164,2.1229994032118054
5KPE_4_6_2_0_combined_id17,10.536232948303223,12.072226524353027,71.51537037037036,0.6,4,6,88.61518518518518,0.9483682513237,22.865034,73.50251,0.1818,2.118099919071904
5KPE_4_6_2_0_combined_id18,1.283520221710205,3.246950149536133,87.64925925925925,0.68,4,6,88.61518518518518,0.9483682513237,22.865034,73.50251,0.1605,2.2015804714626737
5KPE_4_6_2_0_combined_id19,9.475255012512207,10.319223403930664,83.95666666666666,0.69,4,6,88.61518518518518,0.9483682513237,22.865034,73.50251,0.1753,2.1296554847999856
5KPE_4_6_2_0_combined_id2,1.691253900527954,3.6587860584259033,90.8177777777778,0.83,4,6,88.61518518518518,0.9483682513237,22.865034,73.50251,0.1705,2.399921558521412
5KPE_4_6_2_0_combined_id20,1.524026870727539,3.341170310974121,84.98166666666667,0.75,4,6,88.61518518518518,0.9483682513237,22.865034,73.50251,0.1836,2.207998346399378
5KPE_4_6_2_0_combined_id21,7.978095054626465,10.144759178161621,78.33833333333332,0.64,4,6,88.61518518518518,0.9483682513237,22.865034,73.50251,0.1679,2.261173530861184
5KPE_4_6_2_0_combined_id22,9.474853515625,10.472298622131348,74.42574074074074,0.55,4,6,88.61518518518518,0.9483682513237,22.865034,73.50251,0.1743,2.394709269205729
5KPE_4_6_2_0_combined_id23,11.186307907104492,11.460160255432129,83.29259259259261,0.67,4,6,88.61518518518518,0.9483682513237,22.865034,73.50251,0.1706,2.4523007428204573
5KPE_4_6_2_0_combined_id24,1.8395382165908813,2.113757610321045,78.63046296296297,0.65,4,6,88.61518518518518,0.9483682513237,22.865034,73.50251,0.1658,2.266018196388527
5KPE_4_6_2_0_combined_id3,1.660203456878662,2.9111433029174805,88.11185185185187,0.74,4,6,88.61518518518518,0.9483682513237,22.865034,73.50251,0.1707,2.01884432192202
5KPE_4_6_2_0_combined_id4,1.3213456869125366,3.2136240005493164,86.12398148148148,0.69,4,6,88.61518518518518,0.9483682513237,22.865034,73.50251,0.1714,2.157412776240596
5KPE_4_6_2_0_combined_id5,1.5086321830749512,2.9296693801879883,88.8212962962963,0.76,4,6,88.61518518518518,0.9483682513237,22.865034,73.50251,0.179,2.1586501510054976
5KPE_4_6_2_0_combined_id6,1.4047868251800537,3.0552053451538086,90.23925925925926,0.77,4,6,88.61518518518518,0.9483682513237,22.865034,73.50251,0.1945,2.2117867646393954
5KPE_4_6_2_0_combined_id7,3.1932709217071533,2.262295961380005,83.98898148148149,0.7,4,6,88.61518518518518,0.9483682513237,22.865034,73.50251,0.1688,2.298792803729022
5KPE_4_6_2_0_combined_id8,1.934777021408081,2.315596342086792,81.1924074074074,0.71,4,6,88.61518518518518,0.9483682513237,22.865034,73.50251,0.1667,2.3213678995768228
5KPE_4_6_2_0_combined_id9,1.4521557092666626,3.618527412414551,87.00398148148146,0.74,4,6,88.61518518518518,0.9483682513237,22.865034,73.50251,0.1691,2.370944270381221
5KPE_4_6_3_0_combined_id1,1.7910542488098145,3.8499202728271484,81.04018518518518,0.68,4,6,94.7159259259259,0.6286298632621765,21.959547,74.70813,0.19,2.0230806138780384
5KPE_4_6_3_0_combined_id10,1.812793493270874,2.978032350540161,78.22981481481482,0.64,4,6,94.7159259259259,0.6286298632621765,21.959547,74.70813,0.1857,2.072460174560547
5KPE_4_6_3_0_combined_id11,8.434755325317383,10.565645217895508,70.00907407407406,0.53,4,6,94.7159259259259,0.6286298632621765,21.959547,74.70813,0.1719,2.252063609935619
5KPE_4_6_3_0_combined_id12,1.4126086235046387,3.2148208618164062,85.16583333333335,0.7,4,6,94.7159259259259,0.6286298632621765,21.959547,74.70813,0.1729,2.020594278971354
5KPE_4_6_3_0_combined_id14,1.3005026578903198,3.2829647064208984,87.23324074074077,0.76,4,6,94.7159259259259,0.6286298632621765,21.959547,74.70813,0.1592,2.3404312133789062
5KPE_4_6_3_0_combined_id15,1.6697156429290771,2.991220712661743,91.25592592592592,0.83,4,6,94.7159259259259,0.6286298632621765,21.959547,74.70813,0.1606,2.1130266542787903
5KPE_4_6_3_0_combined_id16,1.551152229309082,2.538644790649414,87.59194444444444,0.74,4,6,94.7159259259259,0.6286298632621765,21.959547,74.70813,0.1728,2.0701860498498985
5KPE_4_6_3_0_combined_id17,1.4435265064239502,2.9890291690826416,86.4824074074074,0.75,4,6,94.7159259259259,0.6286298632621765,21.959547,74.70813,0.1801,2.274339040120443
5KPE_4_6_3_0_combined_id18,1.4758719205856323,3.571526288986206,89.38611111111113,0.77,4,6,94.7159259259259,0.6286298632621765,21.959547,74.70813,0.1649,2.1985452440049915
5KPE_4_6_3_0_combined_id19,7.05336332321167,5.706378936767578,74.09777777777776,0.59,4,6,94.7159259259259,0.6286298632621765,21.959547,74.70813,0.1607,2.20541579635055
5KPE_4_6_3_0_combined_id2,2.046403169631958,3.0536036491394043,85.74638888888887,0.76,4,6,94.7159259259259,0.6286298632621765,21.959547,74.70813,0.1991,2.1852635984067565
5KPE_4_6_3_0_combined_id20,1.3599954843521118,3.3025858402252197,87.56564814814813,0.75,4,6,94.7159259259259,0.6286298632621765,21.959547,74.70813,0.1753,2.226336302580657
5KPE_4_6_3_0_combined_id21,8.477710723876953,10.776803970336914,78.62509259259261,0.68,4,6,94.7159259259259,0.6286298632621765,21.959547,74.70813,0.1912,2.174057854546441
5KPE_4_6_3_0_combined_id22,1.9161590337753296,2.929178237915039,72.33722222222224,0.56,4,6,94.7159259259259,0.6286298632621765,21.959547,74.70813,0.16,2.096769686098452
5KPE_4_6_3_0_combined_id23,1.7900621891021729,3.1336655616760254,82.99537037037035,0.69,4,6,94.7159259259259,0.6286298632621765,21.959547,74.70813,0.1666,2.108765637433087
5KPE_4_6_3_0_combined_id24,3.5072743892669678,3.959810256958008,67.73842592592592,0.56,4,6,94.7159259259259,0.6286298632621765,21.959547,74.70813,0.1555,2.269060488100405
5KPE_4_6_3_0_combined_id3,2.7301106452941895,2.0630345344543457,77.01166666666667,0.59,4,6,94.7159259259259,0.6286298632621765,21.959547,74.70813,0.1595,2.0430276658799915
5KPE_4_6_3_0_combined_id4,1.9444949626922607,2.7240426540374756,79.42250000000001,0.68,4,6,94.7159259259259,0.6286298632621765,21.959547,74.70813,0.1745,2.04831455371998
5KPE_4_6_3_0_combined_id5,2.2624897956848145,2.8629565238952637,85.2633333333333,0.68,4,6,94.7159259259259,0.6286298632621765,21.959547,74.70813,0.17,2.0031575803403503
5KPE_4_6_3_0_combined_id6,1.678762435913086,3.0554726123809814,88.91111111111113,0.78,4,6,94.7159259259259,0.6286298632621765,21.959547,74.70813,0.1861,2.096834818522136
5KPE_4_6_3_0_combined_id7,1.8920475244522095,2.793940305709839,86.43425925925924,0.73,4,6,94.7159259259259,0.6286298632621765,21.959547,74.70813,0.1724,2.199807626229745
5KPE_4_6_3_0_combined_id8,2.56382417678833,1.6854356527328491,85.5186111111111,0.71,4,6,94.7159259259259,0.6286298632621765,21.959547,74.70813,0.17,2.0679928814923323
5KPE_4_6_3_0_combined_id9,3.0098514556884766,2.799751043319702,82.45231481481481,0.69,4,6,94.7159259259259,0.6286298632621765,21.959547,74.70813,0.1648,2.1026833145706743
5KPE_4_6_4_0_combined_id1,2.281754732131958,4.068700790405273,79.39083333333332,0.64,4,6,94.4698148148148,0.5408238768577576,22.135323,72.250755,0.1905,2.2431965580693
5KPE_4_6_4_0_combined_id10,1.3046023845672607,3.0743119716644287,87.34638888888888,0.74,4,6,94.4698148148148,0.5408238768577576,22.135323,72.250755,0.1978,2.263740398265697
5KPE_4_6_4_0_combined_id11,1.3817205429077148,2.6270573139190674,84.27888888888889,0.71,4,6,94.4698148148148,0.5408238768577576,22.135323,72.250755,0.1551,2.357172930682147
5KPE_4_6_4_0_combined_id12,1.400697946548462,3.0255393981933594,84.92962962962964,0.69,4,6,94.4698148148148,0.5408238768577576,22.135323,72.250755,0.1732,2.1794916788736978
5KPE_4_6_4_0_combined_id13,2.5902249813079834,1.9825117588043213,85.91694444444445,0.71,4,6,94.4698148148148,0.5408238768577576,22.135323,72.250755,0.1801,2.089920891655816
5KPE_4_6_4_0_combined_id14,1.6644595861434937,2.6955337524414062,78.45148148148148,0.61,4,6,94.4698148148148,0.5408238768577576,22.135323,72.250755,0.1745,1.998465926558883
5KPE_4_6_4_0_combined_id15,2.0981833934783936,2.1350812911987305,80.17824074074075,0.64,4,6,94.4698148148148,0.5408238768577576,22.135323,72.250755,0.1719,2.107275503653068
5KPE_4_6_4_0_combined_id16,11.139598846435547,12.685132026672363,71.155,0.54,4,6,94.4698148148148,0.5408238768577576,22.135323,72.250755,0.1633,2.29002352114077
5KPE_4_6_4_0_combined_id17,10.7310209274292,9.718656539916992,74.3787037037037,0.54,4,6,94.4698148148148,0.5408238768577576,22.135323,72.250755,0.1935,2.258005495424624
5KPE_4_6_4_0_combined_id18,2.6867661476135254,2.2202234268188477,77.98101851851854,0.61,4,6,94.4698148148148,0.5408238768577576,22.135323,72.250755,0.1681,2.148602803548177
5KPE_4_6_4_0_combined_id19,2.453608274459839,2.6836140155792236,76.51925925925926,0.62,4,6,94.4698148148148,0.5408238768577576,22.135323,72.250755,0.1655,2.238995163529008
5KPE_4_6_4_0_combined_id2,2.036308765411377,4.086291790008545,84.29833333333333,0.71,4,6,94.4698148148148,0.5408238768577576,22.135323,72.250755,0.1819,2.307964466236256
5KPE_4_6_4_0_combined_id20,1.7421648502349854,2.728619337081909,84.76768518518521,0.76,4,6,94.4698148148148,0.5408238768577576,22.135323,72.250755,0.1685,2.272356810393157
5KPE_4_6_4_0_combined_id21,11.46331787109375,12.59411907196045,83.40999999999998,0.68,4,6,94.4698148148148,0.5408238768577576,22.135323,72.250755,0.1714,2.1259707698115595
5KPE_4_6_4_0_combined_id22,2.097242832183838,2.557154893875122,83.89620370370369,0.69,4,6,94.4698148148148,0.5408238768577576,22.135323,72.250755,0.1786,2.1359693739149304
5KPE_4_6_4_0_combined_id23,1.3928323984146118,3.433929443359375,83.52212962962965,0.68,4,6,94.4698148148148,0.5408238768577576,22.135323,72.250755,0.2072,2.242304484049479
5KPE_4_6_4_0_combined_id24,3.286386251449585,3.1408140659332275,70.79666666666667,0.6,4,6,94.4698148148148,0.5408238768577576,22.135323,72.250755,0.1612,2.062417348225912
5KPE_4_6_4_0_combined_id3,1.41176438331604,3.4345130920410156,92.74842592592594,0.84,4,6,94.4698148148148,0.5408238768577576,22.135323,72.250755,0.1928,2.2119677508318865
5KPE_4_6_4_0_combined_id4,1.6497564315795898,3.3998281955718994,84.91444444444444,0.7,4,6,94.4698148148148,0.5408238768577576,22.135323,72.250755,0.1878,2.128706755461516
5KPE_4_6_4_0_combined_id5,1.5334947109222412,3.1561503410339355,79.68166666666667,0.64,4,6,94.4698148148148,0.5408238768577576,22.135323,72.250755,0.178,2.14081714771412
5KPE_4_6_4_0_combined_id6,2.4396917819976807,2.5185887813568115,71.64842592592593,0.58,4,6,94.4698148148148,0.5408238768577576,22.135323,72.250755,0.1825,2.047411883318866
5KPE_4_6_4_0_combined_id7,1.407585620880127,2.511214017868042,88.72685185185183,0.74,4,6,94.4698148148148,0.5408238768577576,22.135323,72.250755,0.1658,2.217943686026114
5KPE_4_6_4_0_combined_id8,1.4913066625595093,3.205688714981079,90.04638888888891,0.77,4,6,94.4698148148148,0.5408238768577576,22.135323,72.250755,0.1828,2.071384006076389
5KPE_4_6_4_0_combined_id9,1.6651057004928589,2.4462690353393555,86.02759259259258,0.69,4,6,94.4698148148148,0.5408238768577576,22.135323,72.250755,0.1753,2.067503187391493
5KPE_4_6_5_0_combined_id1,9.288541793823242,10.312215805053711,72.51518518518519,0.61,4,6,94.5427777777778,0.575137197971344,22.576742,72.07287,0.1673,2.1087995458532265
5KPE_4_6_5_0_combined_id10,11.562021255493164,11.576423645019531,76.8512037037037,0.64,4,6,94.5427777777778,0.575137197971344,22.576742,72.07287,0.1879,2.446503250687211
5KPE_4_6_5_0_combined_id11,2.4217774868011475,3.863551616668701,76.49,0.63,4,6,94.5427777777778,0.575137197971344,22.576742,72.07287,0.1729,2.2102333351417824
5KPE_4_6_5_0_combined_id12,1.2398879528045654,3.253816604614258,92.82037037037036,0.83,4,6,94.5427777777778,0.575137197971344,22.576742,72.07287,0.175,2.220063951280382
5KPE_4_6_5_0_combined_id13,2.2231857776641846,2.870877742767334,80.36574074074072,0.69,4,6,94.5427777777778,0.575137197971344,22.576742,72.07287,0.189,2.2403897885923034
5KPE_4_6_5_0_combined_id14,9.478708267211914,10.186269760131836,72.16129629629629,0.56,4,6,94.5427777777778,0.575137197971344,22.576742,72.07287,0.1726,2.239647194191261
5KPE_4_6_5_0_combined_id15,1.5811748504638672,3.618191957473755,86.27314814814817,0.73,4,6,94.5427777777778,0.575137197971344,22.576742,72.07287,0.1814,2.259971336082176
5KPE_4_6_5_0_combined_id16,9.1502103805542,9.666191101074219,68.2237962962963,0.56,4,6,94.5427777777778,0.575137197971344,22.576742,72.07287,0.1853,2.260551028781467
5KPE_4_6_5_0_combined_id17,1.4256618022918701,3.441434144973755,89.04666666666665,0.75,4,6,94.5427777777778,0.575137197971344,22.576742,72.07287,0.2008,2.1825349595811634
5KPE_4_6_5_0_combined_id18,2.6892409324645996,3.8742854595184326,70.2825925925926,0.56,4,6,94.5427777777778,0.575137197971344,22.576742,72.07287,0.1714,2.255348629421658
5KPE_4_6_5_0_combined_id19,4.306673049926758,2.9833791255950928,67.36703703703704,0.54,4,6,94.5427777777778,0.575137197971344,22.576742,72.07287,0.1826,2.22511715359158
5KPE_4_6_5_0_combined_id2,2.173816204071045,3.492368221282959,84.44064814814817,0.7,4,6,94.5427777777778,0.575137197971344,22.576742,72.07287,0.1791,2.271395082826968
5KPE_4_6_5_0_combined_id20,1.4965248107910156,3.635807991027832,87.96305555555554,0.73,4,6,94.5427777777778,0.575137197971344,22.576742,72.07287,0.2078,2.367288094979745
5KPE_4_6_5_0_combined_id21,1.5548449754714966,3.416959047317505,91.7825,0.8,4,6,94.5427777777778,0.575137197971344,22.576742,72.07287,0.158,2.153559366861979
5KPE_4_6_5_0_combined_id22,1.9623488187789917,2.730748414993286,78.76722222222222,0.66,4,6,94.5427777777778,0.575137197971344,22.576742,72.07287,0.1637,2.1319573013870805
5KPE_4_6_5_0_combined_id23,2.128145933151245,3.5241031646728516,80.30648148148147,0.65,4,6,94.5427777777778,0.575137197971344,22.576742,72.07287,0.2058,2.251006514937789
5KPE_4_6_5_0_combined_id24,1.543467402458191,2.976910352706909,84.2512962962963,0.68,4,6,94.5427777777778,0.575137197971344,22.576742,72.07287,0.1886,2.079411541974103
5KPE_4_6_5_0_combined_id3,1.6777231693267822,3.0950090885162354,84.52388888888888,0.7,4,6,94.5427777777778,0.575137197971344,22.576742,72.07287,0.1914,2.026012561939381
5KPE_4_6_5_0_combined_id4,2.036982774734497,2.9552087783813477,81.73648148148149,0.63,4,6,94.5427777777778,0.575137197971344,22.576742,72.07287,0.1912,2.249166559290003
5KPE_4_6_5_0_combined_id5,1.582880973815918,2.5980160236358643,89.15462962962964,0.76,4,6,94.5427777777778,0.575137197971344,22.576742,72.07287,0.1706,2.3490733393916376
5KPE_4_6_5_0_combined_id6,3.409245491027832,2.1467812061309814,82.44231481481478,0.69,4,6,94.5427777777778,0.575137197971344,22.576742,72.07287,0.171,2.266980206524884
5KPE_4_6_5_0_combined_id7,2.3214592933654785,2.9332568645477295,75.88592592592593,0.59,4,6,94.5427777777778,0.575137197971344,22.576742,72.07287,0.1473,2.083082976164641
5KPE_4_6_5_0_combined_id8,2.436758041381836,2.649867534637451,75.48018518518518,0.63,4,6,94.5427777777778,0.575137197971344,22.576742,72.07287,0.1553,2.181721016212746
5KPE_4_6_5_0_combined_id9,1.7489359378814697,3.42984938621521,86.96120370370372,0.76,4,6,94.5427777777778,0.575137197971344,22.576742,72.07287,0.1833,2.321979381419994
5KPE_4_6_6_0_combined_id1,1.9797552824020386,3.053971290588379,83.40101851851853,0.72,4,6,93.0923148148148,0.7121812105178833,22.771492,71.99209,0.1841,2.184493312129268
5KPE_4_6_6_0_combined_id10,12.238693237304688,12.55985164642334,72.8237037037037,0.55,4,6,93.0923148148148,0.7121812105178833,22.771492,71.99209,0.1661,2.295925422951027
5KPE_4_6_6_0_combined_id11,1.7863354682922363,2.957230567932129,84.99861111111112,0.71,4,6,93.0923148148148,0.7121812105178833,22.771492,71.99209,0.1857,2.239924254240813
5KPE_4_6_6_0_combined_id12,11.569230079650879,13.349472999572754,75.04157407407406,0.59,4,6,93.0923148148148,0.7121812105178833,22.771492,71.99209,0.1837,2.226962195502387
5KPE_4_6_6_0_combined_id13,1.5172324180603027,2.3281514644622803,82.28962962962963,0.68,4,6,93.0923148148148,0.7121812105178833,22.771492,71.99209,0.1717,2.2620366414388022
5KPE_4_6_6_0_combined_id14,3.4207725524902344,3.13028621673584,77.26175925925926,0.63,4,6,93.0923148148148,0.7121812105178833,22.771492,71.99209,0.1665,2.2040583292643228
5KPE_4_6_6_0_combined_id15,1.7620073556900024,3.3236501216888428,70.40620370370371,0.56,4,6,93.0923148148148,0.7121812105178833,22.771492,71.99209,0.1606,2.086272063078704
5KPE_4_6_6_0_combined_id16,1.7334585189819336,2.435689926147461,88.4711111111111,0.76,4,6,93.0923148148148,0.7121812105178833,22.771492,71.99209,0.1707,2.1642453228985823
5KPE_4_6_6_0_combined_id17,2.57949161529541,1.8073159456253052,86.32981481481481,0.72,4,6,93.0923148148148,0.7121812105178833,22.771492,71.99209,0.1958,2.000122352882668
5KPE_4_6_6_0_combined_id18,1.7381978034973145,3.0321502685546875,82.66944444444444,0.73,4,6,93.0923148148148,0.7121812105178833,22.771492,71.99209,0.197,2.0570845427336515
5KPE_4_6_6_0_combined_id19,1.8510899543762207,2.788573980331421,82.21537037037037,0.7,4,6,93.0923148148148,0.7121812105178833,22.771492,71.99209,0.1814,2.255671465838397
5KPE_4_6_6_0_combined_id2,0.8687100410461426,3.390103816986084,89.33259259259259,0.76,4,6,93.0923148148148,0.7121812105178833,22.771492,71.99209,0.17,2.345433835630064
5KPE_4_6_6_0_combined_id20,1.333778738975525,2.8116703033447266,85.09851851851852,0.69,4,6,93.0923148148148,0.7121812105178833,22.771492,71.99209,0.1699,2.349172521520544
5KPE_4_6_6_0_combined_id21,1.3114672899246216,2.9404804706573486,87.04546296296296,0.74,4,6,93.0923148148148,0.7121812105178833,22.771492,71.99209,0.1647,2.232540837040654
5KPE_4_6_6_0_combined_id22,4.475663661956787,4.6417741775512695,80.75175925925925,0.68,4,6,93.0923148148148,0.7121812105178833,22.771492,71.99209,0.1883,2.1985401577419705
5KPE_4_6_6_0_combined_id23,1.7454314231872559,2.7625527381896973,87.78611111111114,0.75,4,6,93.0923148148148,0.7121812105178833,22.771492,71.99209,0.1744,2.137811166268808
5KPE_4_6_6_0_combined_id24,1.6692534685134888,2.593581438064575,81.98712962962964,0.69,4,6,93.0923148148148,0.7121812105178833,22.771492,71.99209,0.176,2.2113397386338978
5KPE_4_6_6_0_combined_id4,5.67523193359375,5.829516410827637,65.60101851851852,0.55,4,6,93.0923148148148,0.7121812105178833,22.771492,71.99209,0.1541,2.2740087155942565
5KPE_4_6_6_0_combined_id5,5.87307071685791,5.093673229217529,71.54907407407407,0.62,4,6,93.0923148148148,0.7121812105178833,22.771492,71.99209,0.1854,2.2912974887424045
5KPE_4_6_6_0_combined_id6,9.46576976776123,10.35525894165039,75.41833333333332,0.59,4,6,93.0923148148148,0.7121812105178833,22.771492,71.99209,0.1799,2.1688324257179543
5KPE_4_6_6_0_combined_id7,1.8407820463180542,2.7928359508514404,88.33388888888888,0.74,4,6,93.0923148148148,0.7121812105178833,22.771492,71.99209,0.1829,2.07804263079608
5KPE_4_6_6_0_combined_id8,8.554207801818848,8.154814720153809,67.33703703703704,0.55,4,6,93.0923148148148,0.7121812105178833,22.771492,71.99209,0.1837,2.1501702202690973
5KPE_4_6_6_0_combined_id9,9.756108283996582,10.618699073791504,70.61342592592592,0.58,4,6,93.0923148148148,0.7121812105178833,22.771492,71.99209,0.1866,2.142681263111256
5KPE_4_6_7_0_combined_id1,1.607987880706787,3.290973424911499,89.74740740740741,0.8,4,6,93.36935185185185,0.8634061217308044,22.245888,73.23328,0.1776,2.254521405255353
5KPE_4_6_7_0_combined_id10,1.1095765829086304,3.2566239833831787,89.42453703703706,0.73,4,6,93.36935185185185,0.8634061217308044,22.245888,73.23328,0.1795,2.307720043041088
5KPE_4_6_7_0_combined_id11,10.452807426452637,12.61102294921875,79.17981481481483,0.65,4,6,93.36935185185185,0.8634061217308044,22.245888,73.23328,0.1769,2.326772619176794
5KPE_4_6_7_0_combined_id12,1.440602421760559,3.854872465133667,76.06462962962964,0.6,4,6,93.36935185185185,0.8634061217308044,22.245888,73.23328,0.1748,2.286714341905382
5KPE_4_6_7_0_combined_id13,1.731757640838623,3.508418321609497,80.93777777777778,0.67,4,6,93.36935185185185,0.8634061217308044,22.245888,73.23328,0.1783,2.0741136338975696
5KPE_4_6_7_0_combined_id14,7.75032901763916,7.7630791664123535,71.34833333333333,0.58,4,6,93.36935185185185,0.8634061217308044,22.245888,73.23328,0.1637,2.322085627803096
5KPE_4_6_7_0_combined_id15,1.710153341293335,2.7588469982147217,87.6438888888889,0.75,4,6,93.36935185185185,0.8634061217308044,22.245888,73.23328,0.1723,2.180741062870732
5KPE_4_6_7_0_combined_id16,10.87393856048584,11.811920166015625,67.2387962962963,0.54,4,6,93.36935185185185,0.8634061217308044,22.245888,73.23328,0.1597,2.1171643292462385
5KPE_4_6_7_0_combined_id17,2.443171262741089,3.028275728225708,76.33953703703703,0.6,4,6,93.36935185185185,0.8634061217308044,22.245888,73.23328,0.1952,2.19420086895978
5KPE_4_6_7_0_combined_id19,9.515372276306152,10.678512573242188,69.29342592592592,0.53,4,6,93.36935185185185,0.8634061217308044,22.245888,73.23328,0.175,2.260637636537905
5KPE_4_6_7_0_combined_id2,11.315673828125,13.432840347290039,70.05833333333334,0.56,4,6,93.36935185185185,0.8634061217308044,22.245888,73.23328,0.1725,2.085521556712963
5KPE_4_6_7_0_combined_id20,1.9175530672073364,3.1191413402557373,84.9623148148148,0.72,4,6,93.36935185185185,0.8634061217308044,22.245888,73.23328,0.1581,2.3288636384186923
5KPE_4_6_7_0_combined_id21,8.466143608093262,8.234766006469727,71.3499074074074,0.51,4,6,93.36935185185185,0.8634061217308044,22.245888,73.23328,0.1598,2.306614911114728
5KPE_4_6_7_0_combined_id22,1.0424103736877441,3.5100836753845215,89.14564814814814,0.77,4,6,93.36935185185185,0.8634061217308044,22.245888,73.23328,0.1814,2.3338179411711515
5KPE_4_6_7_0_combined_id23,1.6507055759429932,3.2917144298553467,89.44398148148147,0.79,4,6,93.36935185185185,0.8634061217308044,22.245888,73.23328,0.1758,2.2740402221679688
5KPE_4_6_7_0_combined_id24,10.88907241821289,12.1191987991333,81.58537037037037,0.69,4,6,93.36935185185185,0.8634061217308044,22.245888,73.23328,0.2179,2.277223375108507
5KPE_4_6_7_0_combined_id3,1.3644078969955444,3.393082857131958,83.1200925925926,0.68,4,6,93.36935185185185,0.8634061217308044,22.245888,73.23328,0.1901,2.3957044813368054
5KPE_4_6_7_0_combined_id4,1.177090048789978,3.4701004028320312,87.70046296296296,0.72,4,6,93.36935185185185,0.8634061217308044,22.245888,73.23328,0.1848,2.3064027009186923
5KPE_4_6_7_0_combined_id5,1.0693352222442627,3.591054916381836,90.08287037037034,0.77,4,6,93.36935185185185,0.8634061217308044,22.245888,73.23328,0.1747,2.2218565764250577
5KPE_4_6_7_0_combined_id6,1.3095033168792725,2.4387881755828857,84.68111111111112,0.7,4,6,93.36935185185185,0.8634061217308044,22.245888,73.23328,0.1871,2.134459460223163
5KPE_4_6_7_0_combined_id7,1.5099135637283325,3.558246612548828,78.2147222222222,0.61,4,6,93.36935185185185,0.8634061217308044,22.245888,73.23328,0.1908,2.1829212330005787
5KPE_4_6_7_0_combined_id8,1.1148775815963745,3.4281280040740967,86.99,0.73,4,6,93.36935185185185,0.8634061217308044,22.245888,73.23328,0.196,2.2468609280056424
5KPE_4_6_7_0_combined_id9,7.842249870300293,10.100903511047363,77.68092592592593,0.65,4,6,93.36935185185185,0.8634061217308044,22.245888,73.23328,0.1999,2.1683759336118347
5KPE_4_6_8_0_combined_id1,2.588817596435547,2.6776175498962402,81.99981481481483,0.68,4,6,95.95750000000004,0.5771233439445496,22.456354,73.32116,0.1755,2.0328927216706454
5KPE_4_6_8_0_combined_id10,1.8146052360534668,2.34706449508667,84.01527777777777,0.71,4,6,95.95750000000004,0.5771233439445496,22.456354,73.32116,0.1849,2.090249379475912
5KPE_4_6_8_0_combined_id11,7.218297004699707,8.181612968444824,68.15481481481483,0.56,4,6,95.95750000000004,0.5771233439445496,22.456354,73.32116,0.1573,2.1566443266691984
5KPE_4_6_8_0_combined_id12,2.8288261890411377,3.9119272232055664,71.59222222222222,0.6,4,6,95.95750000000004,0.5771233439445496,22.456354,73.32116,0.1625,2.41829342312283
5KPE_4_6_8_0_combined_id13,7.750255107879639,9.851692199707031,68.32666666666668,0.59,4,6,95.95750000000004,0.5771233439445496,22.456354,73.32116,0.1657,2.232964833577474
5KPE_4_6_8_0_combined_id14,9.392688751220703,10.8599214553833,75.57472222222223,0.62,4,6,95.95750000000004,0.5771233439445496,22.456354,73.32116,0.1634,2.3964645950882524
5KPE_4_6_8_0_combined_id15,2.5320427417755127,3.343202590942383,77.70500000000001,0.62,4,6,95.95750000000004,0.5771233439445496,22.456354,73.32116,0.1538,2.218297040020978
5KPE_4_6_8_0_combined_id16,1.044563889503479,3.230858325958252,86.32407407407409,0.73,4,6,95.95750000000004,0.5771233439445496,22.456354,73.32116,0.1835,2.320103963216146
5KPE_4_6_8_0_combined_id17,10.043437957763672,9.878210067749023,74.84666666666666,0.6,4,6,95.95750000000004,0.5771233439445496,22.456354,73.32116,0.1586,2.345960546422888
5KPE_4_6_8_0_combined_id18,3.0101945400238037,2.1632723808288574,92.85037037037036,0.81,4,6,95.95750000000004,0.5771233439445496,22.456354,73.32116,0.177,2.1564268889250577
5KPE_4_6_8_0_combined_id19,1.5786795616149902,2.7052628993988037,83.66592592592595,0.64,4,6,95.95750000000004,0.5771233439445496,22.456354,73.32116,0.1685,2.3222263477466725
5KPE_4_6_8_0_combined_id2,1.3779138326644897,3.1260929107666016,85.54879629629633,0.71,4,6,95.95750000000004,0.5771233439445496,22.456354,73.32116,0.1863,2.331973605685764
5KPE_4_6_8_0_combined_id20,1.5374460220336914,2.967959403991699,95.89685185185186,0.85,4,6,95.95750000000004,0.5771233439445496,22.456354,73.32116,0.1882,2.250302350079572
5KPE_4_6_8_0_combined_id21,7.573458194732666,9.689054489135742,68.18981481481481,0.56,4,6,95.95750000000004,0.5771233439445496,22.456354,73.32116,0.1677,2.228035538284867
5KPE_4_6_8_0_combined_id22,3.187419891357422,1.097732663154602,91.37611111111111,0.79,4,6,95.95750000000004,0.5771233439445496,22.456354,73.32116,0.1773,2.1497799908673323
5KPE_4_6_8_0_combined_id23,2.66501784324646,2.3138315677642822,85.05462962962964,0.72,4,6,95.95750000000004,0.5771233439445496,22.456354,73.32116,0.1833,2.172964166711878
5KPE_4_6_8_0_combined_id24,1.724877119064331,2.583388090133667,88.80462962962962,0.78,4,6,95.95750000000004,0.5771233439445496,22.456354,73.32116,0.1636,2.1759567260742188
5KPE_4_6_8_0_combined_id3,3.328003406524658,4.077976703643799,76.91037037037039,0.63,4,6,95.95750000000004,0.5771233439445496,22.456354,73.32116,0.1733,2.040083708586516
5KPE_4_6_8_0_combined_id4,1.2794300317764282,2.3555877208709717,90.8903703703704,0.79,4,6,95.95750000000004,0.5771233439445496,22.456354,73.32116,0.1782,2.206440537064164
5KPE_4_6_8_0_combined_id5,1.0486657619476318,3.505065441131592,92.3498148148148,0.82,4,6,95.95750000000004,0.5771233439445496,22.456354,73.32116,0.1852,2.291531456841363
5KPE_4_6_8_0_combined_id6,4.165735721588135,3.386854887008667,72.45138888888889,0.58,4,6,95.95750000000004,0.5771233439445496,22.456354,73.32116,0.1713,2.24568345811632
5KPE_4_6_8_0_combined_id7,2.379056453704834,2.1140735149383545,84.07425925925925,0.67,4,6,95.95750000000004,0.5771233439445496,22.456354,73.32116,0.1661,2.340001424153646
5KPE_4_6_8_0_combined_id8,11.19167709350586,12.663432121276855,71.39472222222223,0.56,4,6,95.95750000000004,0.5771233439445496,22.456354,73.32116,0.1552,2.4021922923900463
5KPE_4_6_8_0_combined_id9,3.1751980781555176,3.9070723056793213,71.19101851851852,0.57,4,6,95.95750000000004,0.5771233439445496,22.456354,73.32116,0.1559,2.193739714445891
5KPE_4_6_9_0_combined_id1,1.4213608503341675,3.140401601791382,86.09101851851854,0.7,4,6,92.3149074074074,0.592888593673706,22.361279,74.10893,0.1698,2.328438087745949
5KPE_4_6_9_0_combined_id10,6.900321960449219,7.856627464294434,68.79268518518519,0.57,4,6,92.3149074074074,0.592888593673706,22.361279,74.10893,0.1788,2.316123397262008
5KPE_4_6_9_0_combined_id11,1.7001886367797852,3.198836088180542,84.01046296296293,0.68,4,6,92.3149074074074,0.592888593673706,22.361279,74.10893,0.1684,2.19856940375434
5KPE_4_6_9_0_combined_id12,1.589033842086792,3.050506353378296,83.1689814814815,0.7,4,6,92.3149074074074,0.592888593673706,22.361279,74.10893,0.1996,2.144799267804181
5KPE_4_6_9_0_combined_id13,5.36956262588501,3.762418746948242,67.53287037037038,0.48,4,6,92.3149074074074,0.592888593673706,22.361279,74.10893,0.1723,2.298571551287616
5KPE_4_6_9_0_combined_id14,1.7399346828460693,2.848442792892456,88.35583333333335,0.74,4,6,92.3149074074074,0.592888593673706,22.361279,74.10893,0.1792,2.194493611653646
5KPE_4_6_9_0_combined_id15,1.78590726852417,3.1115808486938477,88.55194444444443,0.78,4,6,92.3149074074074,0.592888593673706,22.361279,74.10893,0.174,2.024851198549624
5KPE_4_6_9_0_combined_id16,1.86359441280365,2.8591575622558594,72.40416666666667,0.51,4,6,92.3149074074074,0.592888593673706,22.361279,74.10893,0.1805,2.3574645430953414
5KPE_4_6_9_0_combined_id17,1.643161654472351,2.581925630569458,88.75166666666667,0.77,4,6,92.3149074074074,0.592888593673706,22.361279,74.10893,0.1917,2.145234849717882
5KPE_4_6_9_0_combined_id18,5.206808567047119,5.74863338470459,80.62481481481481,0.68,4,6,92.3149074074074,0.592888593673706,22.361279,74.10893,0.1688,2.264054475007234
5KPE_4_6_9_0_combined_id19,3.020270586013794,1.798209309577942,79.58212962962963,0.63,4,6,92.3149074074074,0.592888593673706,22.361279,74.10893,0.1638,2.231799938060619
5KPE_4_6_9_0_combined_id2,1.648679494857788,2.5376598834991455,87.45537037037037,0.75,4,6,92.3149074074074,0.592888593673706,22.361279,74.10893,0.1912,2.216988175003617
5KPE_4_6_9_0_combined_id21,7.074312686920166,8.931565284729004,62.29407407407407,0.49,4,6,92.3149074074074,0.592888593673706,22.361279,74.10893,0.1643,2.0950180336281106
5KPE_4_6_9_0_combined_id22,1.485884189605713,2.905099868774414,88.71055555555556,0.74,4,6,92.3149074074074,0.592888593673706,22.361279,74.10893,0.1718,2.2027325100368924
5KPE_4_6_9_0_combined_id23,1.7328121662139893,3.2491090297698975,90.30037037037036,0.77,4,6,92.3149074074074,0.592888593673706,22.361279,74.10893,0.1817,2.140557889585142
5KPE_4_6_9_0_combined_id24,1.7258480787277222,3.399280548095703,84.67092592592591,0.69,4,6,92.3149074074074,0.592888593673706,22.361279,74.10893,0.1854,2.131487387197989
5KPE_4_6_9_0_combined_id3,2.741940975189209,3.5977020263671875,87.1451851851852,0.74,4,6,92.3149074074074,0.592888593673706,22.361279,74.10893,0.1744,2.088089695683232
5KPE_4_6_9_0_combined_id4,1.6298316717147827,3.4360005855560303,88.11240740740739,0.75,4,6,92.3149074074074,0.592888593673706,22.361279,74.10893,0.1914,2.175782804135923
5KPE_4_6_9_0_combined_id5,1.528234839439392,3.232614517211914,91.43888888888888,0.8,4,6,92.3149074074074,0.592888593673706,22.361279,74.10893,0.1931,2.1988648308648004
5KPE_4_6_9_0_combined_id6,1.5532293319702148,3.5613207817077637,82.59842592592594,0.67,4,6,92.3149074074074,0.592888593673706,22.361279,74.10893,0.1811,2.2492093686704284
5KPE_4_6_9_0_combined_id7,2.0324127674102783,3.098918914794922,75.36694444444444,0.6,4,6,92.3149074074074,0.592888593673706,22.361279,74.10893,0.1795,2.1689108389395253
5KPE_4_6_9_0_combined_id8,1.1320629119873047,3.555175542831421,83.54277777777779,0.7,4,6,92.3149074074074,0.592888593673706,22.361279,74.10893,0.1696,2.317037653040003
5KPE_4_6_9_0_combined_id9,11.342297554016113,11.562872886657715,72.35712962962963,0.57,4,6,92.3149074074074,0.592888593673706,22.361279,74.10893,0.1779,2.178528255886502
5KPE_4_8_0_0_combined_id1,9.045045852661133,10.3471040725708,77.77916666666667,0.62,4,8,93.135,0.5916317105293274,22.878416,69.981705,0.1703,2.2550122296368635
5KPE_4_8_0_0_combined_id10,2.4264774322509766,2.8363406658172607,71.58212962962963,0.53,4,8,93.135,0.5916317105293274,22.878416,69.981705,0.1857,2.0457630863896124
5KPE_4_8_0_0_combined_id11,2.2280099391937256,2.454658031463623,77.76342592592593,0.6,4,8,93.135,0.5916317105293274,22.878416,69.981705,0.1856,2.3051545884874134
5KPE_4_8_0_0_combined_id12,1.952357292175293,3.5658230781555176,87.98277777777777,0.75,4,8,93.135,0.5916317105293274,22.878416,69.981705,0.1864,2.1819549843117043
5KPE_4_8_0_0_combined_id13,10.43084716796875,11.162393569946289,74.84296296296296,0.61,4,8,93.135,0.5916317105293274,22.878416,69.981705,0.1606,2.197488290292245
5KPE_4_8_0_0_combined_id14,2.6724514961242676,2.4964182376861572,77.0813888888889,0.61,4,8,93.135,0.5916317105293274,22.878416,69.981705,0.1621,2.100760989718967
5KPE_4_8_0_0_combined_id15,2.3131396770477295,3.388493776321411,86.40027777777777,0.74,4,8,93.135,0.5916317105293274,22.878416,69.981705,0.1672,2.125250922309028
5KPE_4_8_0_0_combined_id16,2.8796262741088867,3.762990951538086,84.10944444444446,0.74,4,8,93.135,0.5916317105293274,22.878416,69.981705,0.1612,2.40646560103805
5KPE_4_8_0_0_combined_id17,2.8365650177001953,3.797381639480591,64.05092592592592,0.53,4,8,93.135,0.5916317105293274,22.878416,69.981705,0.151,2.310877764666522
5KPE_4_8_0_0_combined_id18,1.6523970365524292,3.477713108062744,85.1225925925926,0.7,4,8,93.135,0.5916317105293274,22.878416,69.981705,0.1999,2.2091776529947915
5KPE_4_8_0_0_combined_id19,10.229233741760254,12.496874809265137,66.16907407407408,0.55,4,8,93.135,0.5916317105293274,22.878416,69.981705,0.1579,2.234956529405382
5KPE_4_8_0_0_combined_id2,1.8321994543075562,3.3764443397521973,84.45685185185185,0.69,4,8,93.135,0.5916317105293274,22.878416,69.981705,0.1667,2.077487239131221
5KPE_4_8_0_0_combined_id20,1.5628187656402588,2.498316764831543,83.44361111111112,0.67,4,8,93.135,0.5916317105293274,22.878416,69.981705,0.1675,2.299926333957248
5KPE_4_8_0_0_combined_id21,1.5199930667877197,3.165839433670044,86.77814814814813,0.73,4,8,93.135,0.5916317105293274,22.878416,69.981705,0.1695,2.33932947229456
5KPE_4_8_0_0_combined_id22,5.355422019958496,4.121301174163818,69.96629629629628,0.5,4,8,93.135,0.5916317105293274,22.878416,69.981705,0.1632,2.3388742517541954
5KPE_4_8_0_0_combined_id23,1.4741425514221191,3.166303873062134,84.7014814814815,0.68,4,8,93.135,0.5916317105293274,22.878416,69.981705,0.1814,2.342614491780599
5KPE_4_8_0_0_combined_id24,2.849092483520508,2.5641961097717285,66.98046296296297,0.54,4,8,93.135,0.5916317105293274,22.878416,69.981705,0.1717,2.326515762894242
5KPE_4_8_0_0_combined_id3,1.3842617273330688,3.856570243835449,83.21111111111112,0.64,4,8,93.135,0.5916317105293274,22.878416,69.981705,0.1707,2.3753896642614296
5KPE_4_8_0_0_combined_id4,3.950173854827881,3.562288284301758,83.33444444444443,0.68,4,8,93.135,0.5916317105293274,22.878416,69.981705,0.1586,2.154621689407914
5KPE_4_8_0_0_combined_id5,1.9880443811416626,2.3449766635894775,80.06574074074075,0.65,4,8,93.135,0.5916317105293274,22.878416,69.981705,0.149,2.2511924461082176
5KPE_4_8_0_0_combined_id6,9.018983840942383,10.94005012512207,68.01916666666666,0.6,4,8,93.135,0.5916317105293274,22.878416,69.981705,0.1627,2.35831790500217
5KPE_4_8_0_0_combined_id7,12.046591758728027,11.70084285736084,78.86416666666666,0.55,4,8,93.135,0.5916317105293274,22.878416,69.981705,0.1697,2.352425186722367
5KPE_4_8_0_0_combined_id8,1.6366198062896729,3.282949447631836,87.85583333333335,0.75,4,8,93.135,0.5916317105293274,22.878416,69.981705,0.1626,2.218375877097801
5KPE_4_8_0_0_combined_id9,10.862510681152344,13.071128845214844,73.60444444444445,0.59,4,8,93.135,0.5916317105293274,22.878416,69.981705,0.1481,2.345255251283999
5KPE_4_8_1_0_combined_id10,1.470357894897461,3.524275302886963,90.42972222222222,0.79,4,8,88.99231481481482,0.830422580242157,22.66142,69.50115,0.2013,2.225163212528935
5KPE_4_8_1_0_combined_id11,1.3181943893432617,3.451493978500366,90.15259259259255,0.79,4,8,88.99231481481482,0.830422580242157,22.66142,69.50115,0.1737,2.1882496586552374
5KPE_4_8_1_0_combined_id12,1.680301547050476,2.7217705249786377,89.47472222222223,0.77,4,8,88.99231481481482,0.830422580242157,22.66142,69.50115,0.1721,2.1775711907280817
5KPE_4_8_1_0_combined_id13,1.3790221214294434,1.6797360181808472,80.0012962962963,0.63,4,8,88.99231481481482,0.830422580242157,22.66142,69.50115,0.1584,2.1904229058159723
5KPE_4_8_1_0_combined_id14,1.1573476791381836,3.2641780376434326,93.75851851851851,0.86,4,8,88.99231481481482,0.830422580242157,22.66142,69.50115,0.1559,2.265102810329861
5KPE_4_8_1_0_combined_id15,9.114974975585938,9.515414237976074,74.92657407407408,0.59,4,8,88.99231481481482,0.830422580242157,22.66142,69.50115,0.1502,1.9652457060637296
5KPE_4_8_1_0_combined_id16,9.645679473876953,10.065322875976562,71.35092592592592,0.52,4,8,88.99231481481482,0.830422580242157,22.66142,69.50115,0.1683,2.2583045959472656
5KPE_4_8_1_0_combined_id17,6.085612773895264,5.18451452255249,63.18194444444445,0.49,4,8,88.99231481481482,0.830422580242157,22.66142,69.50115,0.1502,2.120941727249711
5KPE_4_8_1_0_combined_id18,1.507232427597046,2.8530213832855225,88.22074074074074,0.75,4,8,88.99231481481482,0.830422580242157,22.66142,69.50115,0.1754,2.1270845201280384
5KPE_4_8_1_0_combined_id19,9.265372276306152,10.068034172058105,68.82833333333333,0.52,4,8,88.99231481481482,0.830422580242157,22.66142,69.50115,0.1658,2.1632102683738426
5KPE_4_8_1_0_combined_id2,1.6897306442260742,3.4670498371124268,87.72027777777781,0.75,4,8,88.99231481481482,0.830422580242157,22.66142,69.50115,0.1661,2.220333947075738
5KPE_4_8_1_0_combined_id20,1.3362042903900146,2.679138422012329,92.36601851851854,0.82,4,8,88.99231481481482,0.830422580242157,22.66142,69.50115,0.2129,2.341997217248988
5KPE_4_8_1_0_combined_id21,1.7390984296798706,3.302063226699829,92.39305555555556,0.81,4,8,88.99231481481482,0.830422580242157,22.66142,69.50115,0.1758,2.2989229272913048
5KPE_4_8_1_0_combined_id22,1.0961096286773682,3.1166834831237793,85.56101851851854,0.67,4,8,88.99231481481482,0.830422580242157,22.66142,69.50115,0.1624,2.283534014666522
5KPE_4_8_1_0_combined_id23,1.2720929384231567,3.278771162033081,89.95935185185182,0.77,4,8,88.99231481481482,0.830422580242157,22.66142,69.50115,0.1678,2.113737883391204
5KPE_4_8_1_0_combined_id24,0.9761772155761719,3.3055951595306396,81.22287037037037,0.65,4,8,88.99231481481482,0.830422580242157,22.66142,69.50115,0.1644,2.183691236707899
5KPE_4_8_1_0_combined_id3,1.1091400384902954,3.294321298599243,89.11935185185186,0.74,4,8,88.99231481481482,0.830422580242157,22.66142,69.50115,0.1817,2.061456468370226
5KPE_4_8_1_0_combined_id4,1.2605060338974,3.573560953140259,87.48435185185183,0.75,4,8,88.99231481481482,0.830422580242157,22.66142,69.50115,0.1572,2.2717601634837963
5KPE_4_8_1_0_combined_id5,1.588968276977539,3.233093500137329,88.91518518518518,0.74,4,8,88.99231481481482,0.830422580242157,22.66142,69.50115,0.1803,2.1424138104474104
5KPE_4_8_1_0_combined_id6,1.4668806791305542,3.077850580215454,91.8025,0.81,4,8,88.99231481481482,0.830422580242157,22.66142,69.50115,0.1546,2.4026127567997686
5KPE_4_8_1_0_combined_id7,9.522198677062988,10.242558479309082,82.00731481481482,0.65,4,8,88.99231481481482,0.830422580242157,22.66142,69.50115,0.1802,2.212041219075521
5KPE_4_8_1_0_combined_id8,1.1540780067443848,3.4083664417266846,89.21074074074075,0.75,4,8,88.99231481481482,0.830422580242157,22.66142,69.50115,0.1822,2.305638348614728
5KPE_4_8_1_0_combined_id9,1.532838225364685,3.487572193145752,92.12064814814812,0.81,4,8,88.99231481481482,0.830422580242157,22.66142,69.50115,0.197,2.036131399649161
5KPE_4_8_2_0_combined_id1,11.625731468200684,12.241701126098633,73.4899074074074,0.57,4,8,94.3887037037037,0.6800380945205688,22.50979,67.934044,0.1365,2.2888045134367765
5KPE_4_8_2_0_combined_id10,1.22504723072052,3.629119396209717,81.8785185185185,0.68,4,8,94.3887037037037,0.6800380945205688,22.50979,67.934044,0.1692,2.321162471064815
5KPE_4_8_2_0_combined_id11,1.769662618637085,3.033205986022949,83.90000000000002,0.69,4,8,94.3887037037037,0.6800380945205688,22.50979,67.934044,0.174,2.093450758192274
5KPE_4_8_2_0_combined_id12,1.5647611618041992,3.667027473449707,78.28259259259258,0.66,4,8,94.3887037037037,0.6800380945205688,22.50979,67.934044,0.1799,2.118016560872396
5KPE_4_8_2_0_combined_id13,8.069781303405762,8.98483657836914,74.86333333333333,0.6,4,8,94.3887037037037,0.6800380945205688,22.50979,67.934044,0.1808,2.1072650485568576
5KPE_4_8_2_0_combined_id14,1.7064180374145508,2.341223955154419,88.79712962962961,0.77,4,8,94.3887037037037,0.6800380945205688,22.50979,67.934044,0.1718,2.1140419288917824
5KPE_4_8_2_0_combined_id15,2.998650550842285,1.882462501525879,81.83231481481481,0.64,4,8,94.3887037037037,0.6800380945205688,22.50979,67.934044,0.1678,2.048028733995226
5KPE_4_8_2_0_combined_id16,1.195914626121521,2.875241279602051,83.89574074074073,0.68,4,8,94.3887037037037,0.6800380945205688,22.50979,67.934044,0.1673,2.127414279513889
5KPE_4_8_2_0_combined_id17,1.67879056930542,3.058288335800171,79.42962962962962,0.65,4,8,94.3887037037037,0.6800380945205688,22.50979,67.934044,0.1626,2.188238497133608
5KPE_4_8_2_0_combined_id18,1.947007656097412,2.7474160194396973,87.87351851851852,0.79,4,8,94.3887037037037,0.6800380945205688,22.50979,67.934044,0.1847,2.129233748824508
5KPE_4_8_2_0_combined_id19,2.420335531234741,3.4387903213500977,78.49685185185183,0.62,4,8,94.3887037037037,0.6800380945205688,22.50979,67.934044,0.1781,2.163442117196542
5KPE_4_8_2_0_combined_id2,1.6626942157745361,3.2429885864257812,82.13546296296298,0.7,4,8,94.3887037037037,0.6800380945205688,22.50979,67.934044,0.1918,2.0305139047128185
5KPE_4_8_2_0_combined_id20,1.7000733613967896,3.027174472808838,87.11638888888889,0.75,4,8,94.3887037037037,0.6800380945205688,22.50979,67.934044,0.1723,2.1707551744249134
5KPE_4_8_2_0_combined_id21,1.701519250869751,3.4293785095214844,78.49361111111111,0.6,4,8,94.3887037037037,0.6800380945205688,22.50979,67.934044,0.204,2.1683666087962963
5KPE_4_8_2_0_combined_id22,5.186920166015625,5.122617244720459,80.69046296296294,0.7,4,8,94.3887037037037,0.6800380945205688,22.50979,67.934044,0.1596,2.1196277759693287
5KPE_4_8_2_0_combined_id23,1.8809281587600708,3.2395403385162354,78.85648148148148,0.62,4,8,94.3887037037037,0.6800380945205688,22.50979,67.934044,0.1815,2.038302527533637
5KPE_4_8_2_0_combined_id24,1.4674609899520874,3.1151766777038574,84.58583333333333,0.71,4,8,94.3887037037037,0.6800380945205688,22.50979,67.934044,0.1551,2.3468893545645253
5KPE_4_8_2_0_combined_id3,1.6545926332473755,3.239739179611206,88.76944444444445,0.75,4,8,94.3887037037037,0.6800380945205688,22.50979,67.934044,0.1903,2.179808157461661
5KPE_4_8_2_0_combined_id4,9.627153396606445,10.437554359436035,87.06990740740741,0.76,4,8,94.3887037037037,0.6800380945205688,22.50979,67.934044,0.1728,2.1336855005334923
5KPE_4_8_2_0_combined_id5,1.845678687095642,2.663418769836426,88.12305555555557,0.76,4,8,94.3887037037037,0.6800380945205688,22.50979,67.934044,0.1802,2.0938180994104454
5KPE_4_8_2_0_combined_id6,9.349245071411133,11.32058334350586,64.57351851851853,0.52,4,8,94.3887037037037,0.6800380945205688,22.50979,67.934044,0.1394,2.2664660701045283
5KPE_4_8_2_0_combined_id7,2.058725118637085,1.8980563879013062,82.75472222222223,0.69,4,8,94.3887037037037,0.6800380945205688,22.50979,67.934044,0.179,1.9950957121672448
5KPE_4_8_2_0_combined_id8,1.8555132150650024,2.920828104019165,81.74740740740738,0.71,4,8,94.3887037037037,0.6800380945205688,22.50979,67.934044,0.1768,2.181844075520833
5KPE_4_8_2_0_combined_id9,1.3343485593795776,2.7605650424957275,85.58435185185186,0.7,4,8,94.3887037037037,0.6800380945205688,22.50979,67.934044,0.1713,2.140614121048539
5KPE_4_8_3_0_combined_id1,2.3411316871643066,1.9731855392456055,84.73425925925925,0.72,4,8,94.20583333333336,0.6068174242973328,21.964962,68.838264,0.1702,2.2109736689814814
5KPE_4_8_3_0_combined_id10,11.093079566955566,13.17920207977295,69.79537037037036,0.55,4,8,94.20583333333336,0.6068174242973328,21.964962,68.838264,0.1705,2.3145554154007524
5KPE_4_8_3_0_combined_id11,1.6397186517715454,2.8102920055389404,83.68601851851852,0.68,4,8,94.20583333333336,0.6068174242973328,21.964962,68.838264,0.1843,2.330399407280816
5KPE_4_8_3_0_combined_id12,1.2463290691375732,3.2747411727905273,86.21703703703703,0.71,4,8,94.20583333333336,0.6068174242973328,21.964962,68.838264,0.1645,2.356646785029658
5KPE_4_8_3_0_combined_id13,1.549964189529419,3.0748543739318848,88.93037037037037,0.76,4,8,94.20583333333336,0.6068174242973328,21.964962,68.838264,0.176,2.3183821218985097
5KPE_4_8_3_0_combined_id14,1.920161485671997,2.435774087905884,87.27361111111112,0.75,4,8,94.20583333333336,0.6068174242973328,21.964962,68.838264,0.1795,2.1916575961642795
5KPE_4_8_3_0_combined_id15,1.7124403715133667,3.209794044494629,81.51777777777778,0.68,4,8,94.20583333333336,0.6068174242973328,21.964962,68.838264,0.1607,2.218916998969184
5KPE_4_8_3_0_combined_id16,1.1454980373382568,3.4215426445007324,94.04611111111112,0.84,4,8,94.20583333333336,0.6068174242973328,21.964962,68.838264,0.1888,2.2144879941587097
5KPE_4_8_3_0_combined_id17,2.814429998397827,1.629774808883667,73.87342592592593,0.58,4,8,94.20583333333336,0.6068174242973328,21.964962,68.838264,0.1657,2.3183614942762585
5KPE_4_8_3_0_combined_id18,2.0659961700439453,2.9201552867889404,71.94935185185186,0.61,4,8,94.20583333333336,0.6068174242973328,21.964962,68.838264,0.1615,2.243813126175492
5KPE_4_8_3_0_combined_id19,10.513830184936523,12.354334831237793,69.01481481481481,0.6,4,8,94.20583333333336,0.6068174242973328,21.964962,68.838264,0.1742,2.356575153492116
5KPE_4_8_3_0_combined_id20,11.015544891357422,12.272902488708496,72.15925925925926,0.59,4,8,94.20583333333336,0.6068174242973328,21.964962,68.838264,0.172,2.2405372902199074
5KPE_4_8_3_0_combined_id21,1.9590654373168945,2.139214515686035,83.27388888888889,0.7,4,8,94.20583333333336,0.6068174242973328,21.964962,68.838264,0.1752,2.168043489809389
5KPE_4_8_3_0_combined_id22,1.412444829940796,3.2387633323669434,89.47564814814812,0.79,4,8,94.20583333333336,0.6068174242973328,21.964962,68.838264,0.1673,2.369103749593099
5KPE_4_8_3_0_combined_id23,1.3058018684387207,2.9032626152038574,83.70962962962965,0.67,4,8,94.20583333333336,0.6068174242973328,21.964962,68.838264,0.1695,2.2917077806260853
5KPE_4_8_3_0_combined_id24,2.6628637313842773,2.413978099822998,87.48157407407406,0.78,4,8,94.20583333333336,0.6068174242973328,21.964962,68.838264,0.1971,2.1983043529369213
5KPE_4_8_3_0_combined_id3,1.7177038192749023,3.3784127235412598,76.88842592592593,0.66,4,8,94.20583333333336,0.6068174242973328,21.964962,68.838264,0.1599,2.4145437169958046
5KPE_4_8_3_0_combined_id4,1.975288987159729,2.899853229522705,83.26833333333333,0.69,4,8,94.20583333333336,0.6068174242973328,21.964962,68.838264,0.1456,2.031071556939019
5KPE_4_8_3_0_combined_id5,1.3264105319976807,3.350095510482788,86.55166666666668,0.7,4,8,94.20583333333336,0.6068174242973328,21.964962,68.838264,0.1929,2.2612926341869213
5KPE_4_8_3_0_combined_id6,10.193375587463379,11.892147064208984,69.45185185185186,0.57,4,8,94.20583333333336,0.6068174242973328,21.964962,68.838264,0.1483,2.25138176812066
5KPE_4_8_3_0_combined_id7,9.904688835144043,10.8124361038208,78.16861111111112,0.57,4,8,94.20583333333336,0.6068174242973328,21.964962,68.838264,0.1441,2.3717868946216725
5KPE_4_8_3_0_combined_id8,6.670797824859619,6.2984700202941895,49.299814814814816,0.33,4,8,94.20583333333336,0.6068174242973328,21.964962,68.838264,0.1356,2.6983506944444446
5KPE_4_8_3_0_combined_id9,1.5563199520111084,2.761047601699829,87.9462037037037,0.74,4,8,94.20583333333336,0.6068174242973328,21.964962,68.838264,0.1708,2.414447925708912
5KPE_4_8_4_0_combined_id1,1.2731527090072632,3.183213472366333,82.52009259259259,0.65,4,8,94.4301851851852,0.5496018528938293,22.076084,73.191795,0.1588,2.1350270024052374
5KPE_4_8_4_0_combined_id10,1.546924114227295,3.1492068767547607,78.42648148148146,0.65,4,8,94.4301851851852,0.5496018528938293,22.076084,73.191795,0.1529,2.26399400499132
5KPE_4_8_4_0_combined_id11,3.116640567779541,2.2050297260284424,68.7524074074074,0.52,4,8,94.4301851851852,0.5496018528938293,22.076084,73.191795,0.1533,2.3051544472023293
5KPE_4_8_4_0_combined_id12,7.93382453918457,6.4719672203063965,67.42148148148148,0.56,4,8,94.4301851851852,0.5496018528938293,22.076084,73.191795,0.1599,2.2155623259367765
5KPE_4_8_4_0_combined_id13,1.3000741004943848,3.3783912658691406,80.65342592592594,0.65,4,8,94.4301851851852,0.5496018528938293,22.076084,73.191795,0.1776,2.3625111050075955
5KPE_4_8_4_0_combined_id14,1.4777246713638306,2.9872381687164307,79.02870370370371,0.59,4,8,94.4301851851852,0.5496018528938293,22.076084,73.191795,0.1582,2.269153453685619
5KPE_4_8_4_0_combined_id15,1.500881552696228,3.2126286029815674,78.98935185185185,0.64,4,8,94.4301851851852,0.5496018528938293,22.076084,73.191795,0.1831,2.336139537669994
5KPE_4_8_4_0_combined_id16,2.393153190612793,2.946183919906616,70.97861111111112,0.63,4,8,94.4301851851852,0.5496018528938293,22.076084,73.191795,0.145,2.211946840639468
5KPE_4_8_4_0_combined_id17,1.1929601430892944,3.3094608783721924,90.37009259259264,0.78,4,8,94.4301851851852,0.5496018528938293,22.076084,73.191795,0.17,2.5498595061125577
5KPE_4_8_4_0_combined_id18,12.28306770324707,14.46852970123291,68.70009259259261,0.51,4,8,94.4301851851852,0.5496018528938293,22.076084,73.191795,0.143,2.3739581637912326
5KPE_4_8_4_0_combined_id19,1.3965619802474976,3.4527273178100586,79.16222222222221,0.69,4,8,94.4301851851852,0.5496018528938293,22.076084,73.191795,0.1934,2.143990128128617
5KPE_4_8_4_0_combined_id2,2.2998437881469727,2.616063356399536,70.69037037037037,0.55,4,8,94.4301851851852,0.5496018528938293,22.076084,73.191795,0.1688,2.1583661679868347
5KPE_4_8_4_0_combined_id20,1.3535199165344238,3.303096294403076,87.51388888888889,0.74,4,8,94.4301851851852,0.5496018528938293,22.076084,73.191795,0.1539,2.380412914134838
5KPE_4_8_4_0_combined_id21,1.2477644681930542,3.368870258331299,85.92592592592591,0.7,4,8,94.4301851851852,0.5496018528938293,22.076084,73.191795,0.163,2.27235836452908
5KPE_4_8_4_0_combined_id22,1.8285988569259644,2.812822103500366,80.05990740740742,0.71,4,8,94.4301851851852,0.5496018528938293,22.076084,73.191795,0.1898,2.267483463993779
5KPE_4_8_4_0_combined_id23,1.468684196472168,3.043506383895874,81.12833333333332,0.66,4,8,94.4301851851852,0.5496018528938293,22.076084,73.191795,0.166,2.1049524943033853
5KPE_4_8_4_0_combined_id24,1.5829813480377197,3.5635271072387695,92.7601851851852,0.84,4,8,94.4301851851852,0.5496018528938293,22.076084,73.191795,0.1738,2.2768385145399304
5KPE_4_8_4_0_combined_id3,1.6401135921478271,2.8220481872558594,86.3337037037037,0.73,4,8,94.4301851851852,0.5496018528938293,22.076084,73.191795,0.1613,2.079499986436632
5KPE_4_8_4_0_combined_id4,1.5056358575820923,3.3154447078704834,84.88842592592593,0.69,4,8,94.4301851851852,0.5496018528938293,22.076084,73.191795,0.1952,2.3208830091688366
5KPE_4_8_4_0_combined_id5,1.1696621179580688,3.0864741802215576,90.04537037037036,0.76,4,8,94.4301851851852,0.5496018528938293,22.076084,73.191795,0.1834,2.314645837854456
5KPE_4_8_4_0_combined_id6,1.6891720294952393,3.198840618133545,81.60814814814815,0.68,4,8,94.4301851851852,0.5496018528938293,22.076084,73.191795,0.174,2.231091958505136
5KPE_4_8_4_0_combined_id7,2.7066333293914795,3.3109796047210693,71.39731481481483,0.59,4,8,94.4301851851852,0.5496018528938293,22.076084,73.191795,0.1774,2.2561314900716147
5KPE_4_8_4_0_combined_id8,1.284014105796814,2.791388750076294,80.79768518518519,0.64,4,8,94.4301851851852,0.5496018528938293,22.076084,73.191795,0.1634,2.223817613389757
5KPE_4_8_4_0_combined_id9,2.0117523670196533,2.4688796997070312,81.08962962962963,0.68,4,8,94.4301851851852,0.5496018528938293,22.076084,73.191795,0.168,2.210935945864077
5KPE_4_8_5_0_combined_id1,1.5990204811096191,3.8420679569244385,83.5086111111111,0.7,4,8,94.4876851851852,0.7765448689460754,21.812077,72.30835,0.1668,2.2828362076370805
5KPE_4_8_5_0_combined_id10,2.1655433177948,3.0355074405670166,73.76796296296295,0.63,4,8,94.4876851851852,0.7765448689460754,21.812077,72.30835,0.1628,2.0948188216597945
5KPE_4_8_5_0_combined_id11,1.4311928749084473,3.2551679611206055,86.10583333333332,0.74,4,8,94.4876851851852,0.7765448689460754,21.812077,72.30835,0.1679,2.3588895444516784
5KPE_4_8_5_0_combined_id12,11.38339900970459,13.119823455810547,68.31212962962962,0.54,4,8,94.4876851851852,0.7765448689460754,21.812077,72.30835,0.1674,2.148057160554109
5KPE_4_8_5_0_combined_id13,1.413205862045288,3.3485443592071533,83.50287037037039,0.71,4,8,94.4876851851852,0.7765448689460754,21.812077,72.30835,0.1654,2.1312580815068
5KPE_4_8_5_0_combined_id14,9.25584602355957,10.260865211486816,63.15370370370371,0.45,4,8,94.4876851851852,0.7765448689460754,21.812077,72.30835,0.1493,2.229482580114294
5KPE_4_8_5_0_combined_id15,1.9097522497177124,3.2315478324890137,83.0687962962963,0.71,4,8,94.4876851851852,0.7765448689460754,21.812077,72.30835,0.1538,2.41086267541956
5KPE_4_8_5_0_combined_id16,2.303684711456299,3.9251315593719482,82.54907407407407,0.63,4,8,94.4876851851852,0.7765448689460754,21.812077,72.30835,0.1643,2.255849767614294
5KPE_4_8_5_0_combined_id17,5.3983154296875,5.586488246917725,70.3012037037037,0.54,4,8,94.4876851851852,0.7765448689460754,21.812077,72.30835,0.1564,2.174301995171441
5KPE_4_8_5_0_combined_id18,2.523254156112671,3.122347831726074,87.2499074074074,0.75,4,8,94.4876851851852,0.7765448689460754,21.812077,72.30835,0.1687,2.201519153736256
5KPE_4_8_5_0_combined_id19,2.925049304962158,2.2892162799835205,77.79953703703703,0.63,4,8,94.4876851851852,0.7765448689460754,21.812077,72.30835,0.1518,2.255362616644965
5KPE_4_8_5_0_combined_id2,9.344959259033203,10.312222480773926,72.70185185185184,0.57,4,8,94.4876851851852,0.7765448689460754,21.812077,72.30835,0.1505,2.230765448676215
5KPE_4_8_5_0_combined_id20,2.4392426013946533,3.133101463317871,82.5850925925926,0.69,4,8,94.4876851851852,0.7765448689460754,21.812077,72.30835,0.1534,2.300140380859375
5KPE_4_8_5_0_combined_id21,2.229055643081665,3.0344018936157227,76.63925925925925,0.65,4,8,94.4876851851852,0.7765448689460754,21.812077,72.30835,0.1455,2.216817361337167
5KPE_4_8_5_0_combined_id22,9.085067749023438,10.940394401550293,71.71138888888889,0.5,4,8,94.4876851851852,0.7765448689460754,21.812077,72.30835,0.1887,2.2569989804868347
5KPE_4_8_5_0_combined_id23,10.516716003417969,12.726428985595703,77.75592592592592,0.66,4,8,94.4876851851852,0.7765448689460754,21.812077,72.30835,0.1536,2.2015714292173034
5KPE_4_8_5_0_combined_id24,5.370447158813477,5.471800327301025,67.15222222222222,0.5,4,8,94.4876851851852,0.7765448689460754,21.812077,72.30835,0.1606,2.3031332227918835
5KPE_4_8_5_0_combined_id3,1.531718134880066,3.283957004547119,89.98824074074075,0.77,4,8,94.4876851851852,0.7765448689460754,21.812077,72.30835,0.161,2.10875814932364
5KPE_4_8_5_0_combined_id4,2.8058977127075195,3.562365770339966,82.48453703703704,0.7,4,8,94.4876851851852,0.7765448689460754,21.812077,72.30835,0.151,2.332062332718461
5KPE_4_8_5_0_combined_id5,1.9150543212890625,3.4961483478546143,92.0774074074074,0.82,4,8,94.4876851851852,0.7765448689460754,21.812077,72.30835,0.1593,2.237783078794126
5KPE_4_8_5_0_combined_id6,2.046679973602295,3.6450350284576416,82.29425925925926,0.71,4,8,94.4876851851852,0.7765448689460754,21.812077,72.30835,0.1561,2.542753431532118
5KPE_4_8_5_0_combined_id7,1.8079723119735718,3.0601346492767334,81.60777777777777,0.68,4,8,94.4876851851852,0.7765448689460754,21.812077,72.30835,0.1955,2.2471723203305847
5KPE_4_8_5_0_combined_id8,1.5956617593765259,3.046471118927002,84.6261111111111,0.71,4,8,94.4876851851852,0.7765448689460754,21.812077,72.30835,0.1796,2.141528094256366
5KPE_4_8_5_0_combined_id9,2.3404459953308105,2.600217819213867,77.36240740740742,0.58,4,8,94.4876851851852,0.7765448689460754,21.812077,72.30835,0.1599,1.8277924149124711
5KPE_4_8_6_0_combined_id1,1.9760559797286987,2.824826717376709,85.02972222222222,0.7,4,8,92.63796296296296,0.6496697664260864,22.55059,69.817184,0.1896,2.152601453993056
5KPE_4_8_6_0_combined_id10,2.20040225982666,2.169834613800049,75.55555555555554,0.61,4,8,92.63796296296296,0.6496697664260864,22.55059,69.817184,0.1517,2.035093519422743
5KPE_4_8_6_0_combined_id11,1.341532588005066,2.3415603637695312,89.01185185185184,0.73,4,8,92.63796296296296,0.6496697664260864,22.55059,69.817184,0.1686,2.1746737162272134
5KPE_4_8_6_0_combined_id12,1.716339111328125,2.0490827560424805,82.64074074074072,0.66,4,8,92.63796296296296,0.6496697664260864,22.55059,69.817184,0.1501,2.2546489856861256
5KPE_4_8_6_0_combined_id13,1.76865553855896,3.1505253314971924,87.56277777777777,0.73,4,8,92.63796296296296,0.6496697664260864,22.55059,69.817184,0.1569,2.3499928227177374
5KPE_4_8_6_0_combined_id14,8.42663288116455,9.122354507446289,83.1725,0.71,4,8,92.63796296296296,0.6496697664260864,22.55059,69.817184,0.1841,2.21976555718316
5KPE_4_8_6_0_combined_id15,1.6067849397659302,3.2005324363708496,88.56074074074075,0.77,4,8,92.63796296296296,0.6496697664260864,22.55059,69.817184,0.1972,2.2106458875868054
5KPE_4_8_6_0_combined_id16,2.703583240509033,2.2511675357818604,75.37722222222223,0.6,4,8,92.63796296296296,0.6496697664260864,22.55059,69.817184,0.1641,2.1440797028718173
5KPE_4_8_6_0_combined_id17,1.5270484685897827,2.612818479537964,80.23601851851852,0.67,4,8,92.63796296296296,0.6496697664260864,22.55059,69.817184,0.1717,2.296249672218605
5KPE_4_8_6_0_combined_id18,1.4516793489456177,2.5879125595092773,83.73314814814817,0.7,4,8,92.63796296296296,0.6496697664260864,22.55059,69.817184,0.1857,2.275298224555121
5KPE_4_8_6_0_combined_id19,1.6846516132354736,3.5147697925567627,78.8152777777778,0.64,4,8,92.63796296296296,0.6496697664260864,22.55059,69.817184,0.1463,2.569105925383391
5KPE_4_8_6_0_combined_id2,1.2915490865707397,3.600111246109009,92.40046296296298,0.84,4,8,92.63796296296296,0.6496697664260864,22.55059,69.817184,0.1662,2.4275345978913485
5KPE_4_8_6_0_combined_id20,1.5702147483825684,3.226933002471924,91.5028703703704,0.81,4,8,92.63796296296296,0.6496697664260864,22.55059,69.817184,0.1549,2.316490173339844
5KPE_4_8_6_0_combined_id21,1.0605392456054688,3.3185253143310547,90.11814814814817,0.79,4,8,92.63796296296296,0.6496697664260864,22.55059,69.817184,0.172,2.1797062909161604
5KPE_4_8_6_0_combined_id22,1.6569844484329224,3.071218252182007,82.68305555555553,0.64,4,8,92.63796296296296,0.6496697664260864,22.55059,69.817184,0.1701,2.386293199327257
5KPE_4_8_6_0_combined_id23,2.0639078617095947,2.335502862930298,76.01916666666666,0.58,4,8,92.63796296296296,0.6496697664260864,22.55059,69.817184,0.1604,2.304767891212746
5KPE_4_8_6_0_combined_id24,1.7319538593292236,2.9077155590057373,79.61305555555555,0.61,4,8,92.63796296296296,0.6496697664260864,22.55059,69.817184,0.1691,2.1774289166485823
5KPE_4_8_6_0_combined_id3,2.5295584201812744,2.5799975395202637,71.34685185185185,0.58,4,8,92.63796296296296,0.6496697664260864,22.55059,69.817184,0.1625,2.261669017650463
5KPE_4_8_6_0_combined_id4,2.200199842453003,2.8750412464141846,82.07462962962963,0.68,4,8,92.63796296296296,0.6496697664260864,22.55059,69.817184,0.1614,2.2125816345214844
5KPE_4_8_6_0_combined_id5,1.5626333951950073,3.053947925567627,88.1351851851852,0.71,4,8,92.63796296296296,0.6496697664260864,22.55059,69.817184,0.1736,2.1605343288845487
5KPE_4_8_6_0_combined_id6,2.8262009620666504,2.181212902069092,85.25,0.7,4,8,92.63796296296296,0.6496697664260864,22.55059,69.817184,0.1809,2.140849925853588
5KPE_4_8_6_0_combined_id7,12.545448303222656,12.635354995727539,83.3825,0.63,4,8,92.63796296296296,0.6496697664260864,22.55059,69.817184,0.1613,2.1492221973560475
5KPE_4_8_6_0_combined_id8,10.957015991210938,12.16271686553955,75.08824074074073,0.55,4,8,92.63796296296296,0.6496697664260864,22.55059,69.817184,0.1757,2.3388262148256653
5KPE_4_8_6_0_combined_id9,3.4582104682922363,4.541041374206543,71.69685185185186,0.56,4,8,92.63796296296296,0.6496697664260864,22.55059,69.817184,0.1679,2.286510043674045
5KPE_4_8_7_0_combined_id1,1.5862685441970825,2.6024973392486572,81.15685185185184,0.62,4,8,91.87185185185182,0.7325578927993774,22.223001,71.09239,0.16,2.2024714152018228
5KPE_4_8_7_0_combined_id10,1.4487141370773315,3.3634049892425537,84.23972222222221,0.71,4,8,91.87185185185182,0.7325578927993774,22.223001,71.09239,0.1645,2.222868742766204
5KPE_4_8_7_0_combined_id11,6.6750264167785645,7.510630130767822,83.41722222222222,0.68,4,8,91.87185185185182,0.7325578927993774,22.223001,71.09239,0.1544,2.30552645082827
5KPE_4_8_7_0_combined_id12,2.0098845958709717,3.1990256309509277,83.96972222222222,0.74,4,8,91.87185185185182,0.7325578927993774,22.223001,71.09239,0.1869,2.205678869176794
5KPE_4_8_7_0_combined_id13,10.540909767150879,11.609445571899414,62.76583333333333,0.51,4,8,91.87185185185182,0.7325578927993774,22.223001,71.09239,0.1737,2.218015882703993
5KPE_4_8_7_0_combined_id14,1.6688385009765625,2.9688668251037598,90.36564814814814,0.76,4,8,91.87185185185182,0.7325578927993774,22.223001,71.09239,0.1726,2.347410131383825
5KPE_4_8_7_0_combined_id15,1.8720207214355469,3.251772403717041,74.5349074074074,0.64,4,8,91.87185185185182,0.7325578927993774,22.223001,71.09239,0.1693,2.1324581570095487
5KPE_4_8_7_0_combined_id16,10.20101261138916,11.878832817077637,82.82129629629627,0.69,4,8,91.87185185185182,0.7325578927993774,22.223001,71.09239,0.1592,2.2575766951949507
5KPE_4_8_7_0_combined_id17,2.659313201904297,4.047714710235596,72.32222222222221,0.56,4,8,91.87185185185182,0.7325578927993774,22.223001,71.09239,0.1611,2.166739428484881
5KPE_4_8_7_0_combined_id18,1.3494329452514648,3.616147756576538,94.09555555555556,0.86,4,8,91.87185185185182,0.7325578927993774,22.223001,71.09239,0.1836,2.345014077645761
5KPE_4_8_7_0_combined_id19,11.148475646972656,13.335738182067871,70.63768518518519,0.52,4,8,91.87185185185182,0.7325578927993774,22.223001,71.09239,0.1758,2.054775661892361
5KPE_4_8_7_0_combined_id2,1.2730979919433594,3.092315435409546,91.71999999999998,0.81,4,8,91.87185185185182,0.7325578927993774,22.223001,71.09239,0.1762,2.284971166540075
5KPE_4_8_7_0_combined_id20,9.581542015075684,10.554222106933594,74.32324074074074,0.63,4,8,91.87185185185182,0.7325578927993774,22.223001,71.09239,0.1593,2.435071874547888
5KPE_4_8_7_0_combined_id21,1.7380777597427368,2.550565481185913,87.68805555555555,0.75,4,8,91.87185185185182,0.7325578927993774,22.223001,71.09239,0.1942,2.1463484587492765
5KPE_4_8_7_0_combined_id22,1.8455337285995483,3.4123165607452393,78.2023148148148,0.61,4,8,91.87185185185182,0.7325578927993774,22.223001,71.09239,0.157,2.059857968930845
5KPE_4_8_7_0_combined_id23,2.9499266147613525,2.4072935581207275,72.78814814814815,0.59,4,8,91.87185185185182,0.7325578927993774,22.223001,71.09239,0.1596,2.0111958539044417
5KPE_4_8_7_0_combined_id24,2.08410382270813,3.1216399669647217,61.779629629629625,0.5,4,8,91.87185185185182,0.7325578927993774,22.223001,71.09239,0.1567,2.1172417534722223
5KPE_4_8_7_0_combined_id3,10.71390438079834,12.602435111999512,76.75944444444445,0.59,4,8,91.87185185185182,0.7325578927993774,22.223001,71.09239,0.1534,2.092911896882234
5KPE_4_8_7_0_combined_id4,7.472897529602051,8.05947208404541,76.2961111111111,0.59,4,8,91.87185185185182,0.7325578927993774,22.223001,71.09239,0.1686,2.1845489784523293
5KPE_4_8_7_0_combined_id5,1.4873777627944946,3.3457772731781006,78.15666666666667,0.63,4,8,91.87185185185182,0.7325578927993774,22.223001,71.09239,0.1638,2.2407855281123408
5KPE_4_8_7_0_combined_id6,1.6670219898223877,3.1060333251953125,88.18712962962964,0.77,4,8,91.87185185185182,0.7325578927993774,22.223001,71.09239,0.1814,2.0771351567021124
5KPE_4_8_7_0_combined_id7,2.09973406791687,3.7741222381591797,89.54000000000002,0.77,4,8,91.87185185185182,0.7325578927993774,22.223001,71.09239,0.1661,2.3293158919722945
5KPE_4_8_7_0_combined_id8,1.3622382879257202,2.4065542221069336,89.17898148148146,0.76,4,8,91.87185185185182,0.7325578927993774,22.223001,71.09239,0.1769,2.185484568277994
5KPE_4_8_7_0_combined_id9,9.164236068725586,10.110882759094238,76.41518518518518,0.6,4,8,91.87185185185182,0.7325578927993774,22.223001,71.09239,0.1869,2.220934549967448
5KPE_4_8_8_0_combined_id1,2.4923160076141357,2.5157501697540283,70.18666666666665,0.59,4,8,90.2612962962963,0.6554511189460754,22.412935,69.64983,0.1752,2.098052837230541
5KPE_4_8_8_0_combined_id10,4.132917404174805,2.6698453426361084,75.57027777777779,0.59,4,8,90.2612962962963,0.6554511189460754,22.412935,69.64983,0.1615,2.1089388529459634
5KPE_4_8_8_0_combined_id11,1.546211838722229,3.3271071910858154,92.60574074074076,0.81,4,8,90.2612962962963,0.6554511189460754,22.412935,69.64983,0.1886,2.1287574768066406
5KPE_4_8_8_0_combined_id12,1.7003475427627563,3.1585259437561035,86.00166666666665,0.78,4,8,90.2612962962963,0.6554511189460754,22.412935,69.64983,0.1945,1.9852800722475408
5KPE_4_8_8_0_combined_id13,2.4528415203094482,1.233443260192871,72.0749074074074,0.58,4,8,90.2612962962963,0.6554511189460754,22.412935,69.64983,0.1588,2.341658415617766
5KPE_4_8_8_0_combined_id14,1.2305424213409424,3.296186685562134,91.47611111111112,0.8,4,8,90.2612962962963,0.6554511189460754,22.412935,69.64983,0.1624,2.267255147298177
5KPE_4_8_8_0_combined_id15,2.0072247982025146,2.5537214279174805,83.40814814814819,0.71,4,8,90.2612962962963,0.6554511189460754,22.412935,69.64983,0.2027,2.288342935067636
5KPE_4_8_8_0_combined_id16,7.691431999206543,8.524262428283691,64.90953703703703,0.51,4,8,90.2612962962963,0.6554511189460754,22.412935,69.64983,0.1645,2.1249975981535734
5KPE_4_8_8_0_combined_id17,1.0673688650131226,3.2222676277160645,87.2174074074074,0.75,4,8,90.2612962962963,0.6554511189460754,22.412935,69.64983,0.176,2.2972118236400463
5KPE_4_8_8_0_combined_id18,2.2413668632507324,1.710876226425171,83.14083333333335,0.69,4,8,90.2612962962963,0.6554511189460754,22.412935,69.64983,0.1662,2.0351845070167824
5KPE_4_8_8_0_combined_id19,1.593916416168213,3.1681652069091797,87.78537037037037,0.74,4,8,90.2612962962963,0.6554511189460754,22.412935,69.64983,0.182,2.223292880588108
5KPE_4_8_8_0_combined_id2,1.7403212785720825,2.998969316482544,86.16666666666669,0.73,4,8,90.2612962962963,0.6554511189460754,22.412935,69.64983,0.178,2.1250536883318865
5KPE_4_8_8_0_combined_id20,2.781097888946533,3.2623376846313477,72.48916666666668,0.57,4,8,90.2612962962963,0.6554511189460754,22.412935,69.64983,0.1585,2.2406431127477577
5KPE_4_8_8_0_combined_id21,3.02365779876709,1.7558804750442505,87.30777777777777,0.7,4,8,90.2612962962963,0.6554511189460754,22.412935,69.64983,0.1772,2.154094130904586
5KPE_4_8_8_0_combined_id22,2.7660865783691406,4.175675392150879,68.21240740740741,0.56,4,8,90.2612962962963,0.6554511189460754,22.412935,69.64983,0.1617,2.3965346724898726
5KPE_4_8_8_0_combined_id23,1.580800175666809,2.396251678466797,89.26870370370371,0.76,4,8,90.2612962962963,0.6554511189460754,22.412935,69.64983,0.192,2.24452633327908
5KPE_4_8_8_0_combined_id24,9.605008125305176,10.401904106140137,72.88361111111111,0.59,4,8,90.2612962962963,0.6554511189460754,22.412935,69.64983,0.1667,2.3830803765190973
5KPE_4_8_8_0_combined_id3,1.5321553945541382,3.019602060317993,89.06296296296296,0.75,4,8,90.2612962962963,0.6554511189460754,22.412935,69.64983,0.1765,2.1091841238516347
5KPE_4_8_8_0_combined_id4,1.9131108522415161,3.573904037475586,80.24564814814818,0.66,4,8,90.2612962962963,0.6554511189460754,22.412935,69.64983,0.1752,2.057990038836444
5KPE_4_8_8_0_combined_id5,1.800966501235962,2.952826499938965,79.97777777777777,0.68,4,8,90.2612962962963,0.6554511189460754,22.412935,69.64983,0.1742,2.147873631230107
5KPE_4_8_8_0_combined_id6,0.9290777444839478,2.8026862144470215,88.02324074074076,0.74,4,8,90.2612962962963,0.6554511189460754,22.412935,69.64983,0.1646,2.296171682852286
5KPE_4_8_8_0_combined_id7,1.278098702430725,3.3374366760253906,88.85287037037035,0.75,4,8,90.2612962962963,0.6554511189460754,22.412935,69.64983,0.1564,2.3111723440664784
5KPE_4_8_8_0_combined_id8,1.6306785345077515,3.8948681354522705,94.51166666666668,0.83,4,8,90.2612962962963,0.6554511189460754,22.412935,69.64983,0.1821,2.1606148613823786
5KPE_4_8_8_0_combined_id9,1.2329455614089966,3.07914137840271,86.85944444444442,0.69,4,8,90.2612962962963,0.6554511189460754,22.412935,69.64983,0.1667,2.0975964864095054
5KPE_4_8_9_0_combined_id1,9.714038848876953,10.370007514953613,69.0237037037037,0.51,4,8,90.41287037037038,0.760506808757782,21.616053,70.109,0.1817,2.365747239854601
5KPE_4_8_9_0_combined_id10,1.5304275751113892,3.201930284500122,80.91203703703705,0.68,4,8,90.41287037037038,0.760506808757782,21.616053,70.109,0.1625,2.28880536114728
5KPE_4_8_9_0_combined_id11,1.3519104719161987,3.485083818435669,87.21935185185185,0.75,4,8,90.41287037037038,0.760506808757782,21.616053,70.109,0.192,2.319151277895327
5KPE_4_8_9_0_combined_id12,10.433640480041504,12.126547813415527,66.16611111111109,0.51,4,8,90.41287037037038,0.760506808757782,21.616053,70.109,0.1652,2.2704840766059027
5KPE_4_8_9_0_combined_id13,2.613095283508301,2.9293906688690186,71.39361111111111,0.59,4,8,90.41287037037038,0.760506808757782,21.616053,70.109,0.1795,2.25080899839048
5KPE_4_8_9_0_combined_id14,12.585872650146484,13.214914321899414,66.90546296296294,0.51,4,8,90.41287037037038,0.760506808757782,21.616053,70.109,0.1662,2.2924459951895253
5KPE_4_8_9_0_combined_id15,2.2648067474365234,1.7639609575271606,79.89555555555555,0.66,4,8,90.41287037037038,0.760506808757782,21.616053,70.109,0.185,2.2355533175998263
5KPE_4_8_9_0_combined_id16,1.4422212839126587,3.1322853565216064,90.05870370370369,0.78,4,8,90.41287037037038,0.760506808757782,21.616053,70.109,0.1935,2.175629227249711
5KPE_4_8_9_0_combined_id17,1.4129356145858765,3.096717596054077,89.66388888888889,0.78,4,8,90.41287037037038,0.760506808757782,21.616053,70.109,0.1818,2.304830480504919
5KPE_4_8_9_0_combined_id18,1.111511468887329,3.704103469848633,79.84916666666669,0.65,4,8,90.41287037037038,0.760506808757782,21.616053,70.109,0.1728,2.115727601227937
5KPE_4_8_9_0_combined_id19,2.093017816543579,3.3827013969421387,74.69231481481481,0.64,4,8,90.41287037037038,0.760506808757782,21.616053,70.109,0.1836,2.282984415690104
5KPE_4_8_9_0_combined_id2,7.895810604095459,9.473600387573242,68.63462962962963,0.56,4,8,90.41287037037038,0.760506808757782,21.616053,70.109,0.1696,2.230084030716508
5KPE_4_8_9_0_combined_id20,1.3061445951461792,3.218374490737915,85.02296296296296,0.69,4,8,90.41287037037038,0.760506808757782,21.616053,70.109,0.1661,2.319689997920284
5KPE_4_8_9_0_combined_id21,1.4667505025863647,2.5050389766693115,79.48601851851853,0.63,4,8,90.41287037037038,0.760506808757782,21.616053,70.109,0.1638,2.2561105798791954
5KPE_4_8_9_0_combined_id22,1.2789276838302612,2.152862548828125,90.13018518518516,0.78,4,8,90.41287037037038,0.760506808757782,21.616053,70.109,0.1916,2.22263675265842
5KPE_4_8_9_0_combined_id23,1.7233023643493652,3.099053144454956,81.38777777777777,0.61,4,8,90.41287037037038,0.760506808757782,21.616053,70.109,0.1786,2.096642529522931
5KPE_4_8_9_0_combined_id24,3.795583724975586,2.1540942192077637,84.24675925925925,0.67,4,8,90.41287037037038,0.760506808757782,21.616053,70.109,0.1926,2.3204984311704284
5KPE_4_8_9_0_combined_id3,1.1577478647232056,3.031071901321411,88.57620370370371,0.78,4,8,90.41287037037038,0.760506808757782,21.616053,70.109,0.1782,2.3579272517451533
5KPE_4_8_9_0_combined_id4,2.975606679916382,3.625659942626953,62.37731481481482,0.53,4,8,90.41287037037038,0.760506808757782,21.616053,70.109,0.1745,2.288736696596499
5KPE_4_8_9_0_combined_id5,9.413692474365234,9.670077323913574,73.21851851851852,0.59,4,8,90.41287037037038,0.760506808757782,21.616053,70.109,0.1748,2.360946513988353
5KPE_4_8_9_0_combined_id6,3.104835271835327,2.2092790603637695,68.1323148148148,0.55,4,8,90.41287037037038,0.760506808757782,21.616053,70.109,0.1903,2.265642378065321
5KPE_4_8_9_0_combined_id7,3.0042665004730225,3.1586170196533203,81.6513888888889,0.67,4,8,90.41287037037038,0.760506808757782,21.616053,70.109,0.1878,2.369989748354312
5KPE_4_8_9_0_combined_id8,1.3455649614334106,3.18887996673584,81.2450925925926,0.68,4,8,90.41287037037038,0.760506808757782,21.616053,70.109,0.1823,2.3612163684986256
5KPE_4_8_9_0_combined_id9,2.246764659881592,3.296029806137085,83.14953703703704,0.68,4,8,90.41287037037038,0.760506808757782,21.616053,70.109,0.1699,2.0778882061993635
5KPE_6_2_0_0_combined_id1,3.1229400634765625,4.125448226928711,73.50981481481482,0.61,6,2,89.00583333333334,0.8631563186645508,24.961357,74.4342,0.169,2.237801445855035
5KPE_6_2_0_0_combined_id10,5.29026985168457,2.7352213859558105,74.44546296296296,0.59,6,2,89.00583333333334,0.8631563186645508,24.961357,74.4342,0.1713,2.194849226209852
5KPE_6_2_0_0_combined_id11,9.415746688842773,10.57016372680664,66.43703703703703,0.52,6,2,89.00583333333334,0.8631563186645508,24.961357,74.4342,0.1543,2.2474418922706887
5KPE_6_2_0_0_combined_id12,3.7222695350646973,3.2196297645568848,73.79555555555555,0.56,6,2,89.00583333333334,0.8631563186645508,24.961357,74.4342,0.1678,1.9573376973470047
5KPE_6_2_0_0_combined_id13,10.451079368591309,12.092307090759277,69.59666666666666,0.55,6,2,89.00583333333334,0.8631563186645508,24.961357,74.4342,0.1754,2.221832134105541
5KPE_6_2_0_0_combined_id14,4.214414596557617,4.659096717834473,70.81583333333334,0.53,6,2,89.00583333333334,0.8631563186645508,24.961357,74.4342,0.1698,2.254311314335576
5KPE_6_2_0_0_combined_id15,4.159535884857178,2.472757577896118,78.30305555555557,0.65,6,2,89.00583333333334,0.8631563186645508,24.961357,74.4342,0.1707,2.1097306145562067
5KPE_6_2_0_0_combined_id16,4.217796802520752,4.301873683929443,76.58064814814814,0.64,6,2,89.00583333333334,0.8631563186645508,24.961357,74.4342,0.1584,2.332380082872179
5KPE_6_2_0_0_combined_id17,2.97790789604187,6.085888862609863,64.89981481481482,0.52,6,2,89.00583333333334,0.8631563186645508,24.961357,74.4342,0.1463,2.253248002794054
5KPE_6_2_0_0_combined_id18,5.046868801116943,4.714633941650391,81.28259259259258,0.7,6,2,89.00583333333334,0.8631563186645508,24.961357,74.4342,0.1727,2.138843960232205
5KPE_6_2_0_0_combined_id19,9.70196533203125,10.55875015258789,66.88694444444444,0.56,6,2,89.00583333333334,0.8631563186645508,24.961357,74.4342,0.1751,2.27520426997432
5KPE_6_2_0_0_combined_id2,2.720277786254883,4.206796646118164,74.12111111111112,0.62,6,2,89.00583333333334,0.8631563186645508,24.961357,74.4342,0.17,2.1745472660771124
5KPE_6_2_0_0_combined_id20,5.993908882141113,4.17235803604126,70.58398148148149,0.54,6,2,89.00583333333334,0.8631563186645508,24.961357,74.4342,0.1543,2.161463419596354
5KPE_6_2_0_0_combined_id21,3.948624610900879,5.0410966873168945,64.94629629629628,0.53,6,2,89.00583333333334,0.8631563186645508,24.961357,74.4342,0.1571,2.373090390805845
5KPE_6_2_0_0_combined_id22,9.762316703796387,9.346335411071777,71.49046296296297,0.57,6,2,89.00583333333334,0.8631563186645508,24.961357,74.4342,0.1647,2.206393912986473
5KPE_6_2_0_0_combined_id23,10.543700218200684,10.449832916259766,84.12925925925929,0.64,6,2,89.00583333333334,0.8631563186645508,24.961357,74.4342,0.1699,2.194628538908782
5KPE_6_2_0_0_combined_id24,9.610186576843262,11.155441284179688,75.6012962962963,0.59,6,2,89.00583333333334,0.8631563186645508,24.961357,74.4342,0.1587,2.14694665979456
5KPE_6_2_0_0_combined_id3,11.469945907592773,12.206473350524902,75.14851851851851,0.57,6,2,89.00583333333334,0.8631563186645508,24.961357,74.4342,0.1546,2.162420908610026
5KPE_6_2_0_0_combined_id4,8.723531723022461,8.782709121704102,68.98907407407407,0.54,6,2,89.00583333333334,0.8631563186645508,24.961357,74.4342,0.15,2.19033432006836
5KPE_6_2_0_0_combined_id5,12.068323135375977,14.3646879196167,73.54898148148149,0.57,6,2,89.00583333333334,0.8631563186645508,24.961357,74.4342,0.1894,2.1150385538736978
5KPE_6_2_0_0_combined_id6,10.195713996887207,11.44028091430664,73.00064814814814,0.55,6,2,89.00583333333334,0.8631563186645508,24.961357,74.4342,0.1702,2.0912907918294272
5KPE_6_2_0_0_combined_id7,2.196093797683716,5.428567886352539,67.62666666666667,0.51,6,2,89.00583333333334,0.8631563186645508,24.961357,74.4342,0.1669,2.1386340105975115
5KPE_6_2_0_0_combined_id8,4.765928745269775,5.672693252563477,68.79027777777777,0.54,6,2,89.00583333333334,0.8631563186645508,24.961357,74.4342,0.17,2.09836267541956
5KPE_6_2_0_0_combined_id9,11.777294158935547,13.523934364318848,65.40685185185185,0.5,6,2,89.00583333333334,0.8631563186645508,24.961357,74.4342,0.1592,2.147289417408131
5KPE_6_4_6_0_combined_id1,5.269740581512451,6.194831848144531,80.53305555555555,0.66,6,4,95.22222222222224,0.7741103768348694,24.844563,75.6661,0.1744,1.9936832851833768
5KPE_6_4_6_0_combined_id10,5.142629146575928,5.411622524261475,78.23546296296296,0.65,6,4,95.22222222222224,0.7741103768348694,24.844563,75.6661,0.1528,2.1302289609555847
5KPE_6_4_6_0_combined_id11,1.372891902923584,3.9482553005218506,78.47092592592593,0.65,6,4,95.22222222222224,0.7741103768348694,24.844563,75.6661,0.1841,2.247171896475333
5KPE_6_4_6_0_combined_id12,9.23581314086914,9.502967834472656,77.80935185185183,0.67,6,4,95.22222222222224,0.7741103768348694,24.844563,75.6661,0.1585,1.9904485631872104
5KPE_6_4_6_0_combined_id13,4.6362223625183105,3.6790125370025635,80.17129629629628,0.59,6,4,95.22222222222224,0.7741103768348694,24.844563,75.6661,0.1962,2.0664438318323204
5KPE_6_4_6_0_combined_id14,11.840455055236816,8.604753494262695,73.19083333333333,0.51,6,4,95.22222222222224,0.7741103768348694,24.844563,75.6661,0.1641,2.025912814670139
5KPE_6_4_6_0_combined_id15,4.556905746459961,3.5807108879089355,84.5450925925926,0.71,6,4,95.22222222222224,0.7741103768348694,24.844563,75.6661,0.1619,2.2521177221227577
5KPE_6_4_6_0_combined_id16,4.855391979217529,4.37485933303833,73.22981481481482,0.56,6,4,95.22222222222224,0.7741103768348694,24.844563,75.6661,0.1789,2.1209253381799766
5KPE_6_4_6_0_combined_id17,3.8829288482666016,4.3891072273254395,80.14620370370369,0.62,6,4,95.22222222222224,0.7741103768348694,24.844563,75.6661,0.1821,2.0825876306604454
5KPE_6_4_6_0_combined_id18,10.173742294311523,10.21638298034668,75.98157407407408,0.6,6,4,95.22222222222224,0.7741103768348694,24.844563,75.6661,0.1907,2.1605505766691984
5KPE_6_4_6_0_combined_id19,2.3455286026000977,3.519824743270874,81.72416666666669,0.67,6,4,95.22222222222224,0.7741103768348694,24.844563,75.6661,0.1571,2.2579467208297164
5KPE_6_4_6_0_combined_id2,3.9497780799865723,4.418740272521973,75.60231481481482,0.62,6,4,95.22222222222224,0.7741103768348694,24.844563,75.6661,0.1591,2.0900785658094616
5KPE_6_4_6_0_combined_id20,4.139669418334961,4.56041955947876,73.30981481481481,0.59,6,4,95.22222222222224,0.7741103768348694,24.844563,75.6661,0.161,2.0488432425039784
5KPE_6_4_6_0_combined_id21,4.277924537658691,4.4207916259765625,70.21249999999999,0.56,6,4,95.22222222222224,0.7741103768348694,24.844563,75.6661,0.1686,2.028761545817057
5KPE_6_4_6_0_combined_id22,1.4181082248687744,3.4825451374053955,83.11018518518519,0.73,6,4,95.22222222222224,0.7741103768348694,24.844563,75.6661,0.1622,2.047100632279008
5KPE_6_4_6_0_combined_id23,4.591812610626221,3.7277650833129883,78.37055555555555,0.68,6,4,95.22222222222224,0.7741103768348694,24.844563,75.6661,0.1535,2.224352518717448
5KPE_6_4_6_0_combined_id24,10.956592559814453,11.869163513183594,75.80407407407407,0.52,6,4,95.22222222222224,0.7741103768348694,24.844563,75.6661,0.1578,2.1785596211751304
5KPE_6_4_6_0_combined_id3,4.767096042633057,3.7686753273010254,82.38592592592595,0.68,6,4,95.22222222222224,0.7741103768348694,24.844563,75.6661,0.1738,2.082479547571253
5KPE_6_4_6_0_combined_id4,9.101770401000977,8.511818885803223,74.8675,0.57,6,4,95.22222222222224,0.7741103768348694,24.844563,75.6661,0.1606,2.233052854184751
5KPE_6_4_6_0_combined_id5,10.132872581481934,10.269289016723633,76.78351851851852,0.61,6,4,95.22222222222224,0.7741103768348694,24.844563,75.6661,0.169,2.172774420844184
5KPE_6_4_6_0_combined_id6,10.107213020324707,10.724604606628418,70.82546296296297,0.55,6,4,95.22222222222224,0.7741103768348694,24.844563,75.6661,0.1661,2.1639958134403936
5KPE_6_4_6_0_combined_id7,4.823087215423584,4.743981838226318,76.62648148148148,0.62,6,4,95.22222222222224,0.7741103768348694,24.844563,75.6661,0.1596,2.1255576522262007
5KPE_6_4_6_0_combined_id8,4.660407066345215,2.75580096244812,75.955,0.62,6,4,95.22222222222224,0.7741103768348694,24.844563,75.6661,0.1585,2.0203724613896124
5KPE_6_4_6_0_combined_id9,3.813107967376709,3.384343147277832,79.66074074074074,0.59,6,4,95.22222222222224,0.7741103768348694,24.844563,75.6661,0.1529,2.0808662131980613
5KPE_6_4_7_0_combined_id1,9.239004135131836,9.72214412689209,68.65027777777779,0.56,6,4,92.92462962962964,0.9810678362846376,24.553955,75.79543,0.1533,2.3251180295591003
5KPE_6_4_7_0_combined_id10,4.856898307800293,4.18709135055542,72.49916666666667,0.59,6,4,92.92462962962964,0.9810678362846376,24.553955,75.79543,0.1714,2.198790938765914
5KPE_6_4_7_0_combined_id11,10.85585880279541,12.076031684875488,73.97981481481482,0.58,6,4,92.92462962962964,0.9810678362846376,24.553955,75.79543,0.1604,2.313997904459636
5KPE_6_4_7_0_combined_id12,11.327665328979492,11.680828094482422,87.41249999999998,0.68,6,4,92.92462962962964,0.9810678362846376,24.553955,75.79543,0.1735,2.2230812355324074
5KPE_6_4_7_0_combined_id13,5.138103485107422,3.7050209045410156,66.26648148148149,0.59,6,4,92.92462962962964,0.9810678362846376,24.553955,75.79543,0.1511,2.203576688413267
5KPE_6_4_7_0_combined_id14,8.818561553955078,9.509787559509277,69.41509259259259,0.56,6,4,92.92462962962964,0.9810678362846376,24.553955,75.79543,0.1611,1.9983805903682
5KPE_6_4_7_0_combined_id16,11.180078506469727,12.060661315917969,78.63277777777778,0.67,6,4,92.92462962962964,0.9810678362846376,24.553955,75.79543,0.1766,2.406868263527199
5KPE_6_4_7_0_combined_id17,10.044180870056152,10.691983222961426,77.47787037037035,0.66,6,4,92.92462962962964,0.9810678362846376,24.553955,75.79543,0.1731,2.386723836263021
5KPE_6_4_7_0_combined_id18,10.74067211151123,9.59340763092041,90.37425925925923,0.74,6,4,92.92462962962964,0.9810678362846376,24.553955,75.79543,0.1739,2.151246247468172
5KPE_6_4_7_0_combined_id19,9.717193603515625,10.0122652053833,68.87240740740741,0.53,6,4,92.92462962962964,0.9810678362846376,24.553955,75.79543,0.1544,2.1621355127405235
5KPE_6_4_7_0_combined_id2,9.584092140197754,9.92696762084961,86.54518518518518,0.62,6,4,92.92462962962964,0.9810678362846376,24.553955,75.79543,0.1744,2.18717532687717
5KPE_6_4_7_0_combined_id20,4.081631183624268,3.969191551208496,76.24407407407408,0.62,6,4,92.92462962962964,0.9810678362846376,24.553955,75.79543,0.1873,2.185667956316913
5KPE_6_4_7_0_combined_id21,11.849739074707031,12.824124336242676,61.44148148148148,0.51,6,4,92.92462962962964,0.9810678362846376,24.553955,75.79543,0.1529,2.3843505294234664
5KPE_6_4_7_0_combined_id22,8.783336639404297,11.482466697692871,63.75592592592592,0.5,6,4,92.92462962962964,0.9810678362846376,24.553955,75.79543,0.1661,2.2737050939489296
5KPE_6_4_7_0_combined_id23,9.59163761138916,10.215435981750488,81.14074074074075,0.65,6,4,92.92462962962964,0.9810678362846376,24.553955,75.79543,0.182,2.196977685998988
5KPE_6_4_7_0_combined_id24,4.654658794403076,3.9748237133026123,63.95314814814815,0.55,6,4,92.92462962962964,0.9810678362846376,24.553955,75.79543,0.1569,2.328095471417462
5KPE_6_4_7_0_combined_id3,9.26992416381836,8.734179496765137,73.50916666666667,0.6,6,4,92.92462962962964,0.9810678362846376,24.553955,75.79543,0.181,2.311139989782262
5KPE_6_4_7_0_combined_id4,2.863525152206421,4.465407371520996,73.60000000000001,0.6,6,4,92.92462962962964,0.9810678362846376,24.553955,75.79543,0.1747,2.111466866952401
5KPE_6_4_7_0_combined_id5,8.365760803222656,6.735610485076904,70.6325925925926,0.56,6,4,92.92462962962964,0.9810678362846376,24.553955,75.79543,0.1577,2.251235679343895
5KPE_6_4_7_0_combined_id6,4.682130813598633,3.882826089859009,67.65333333333332,0.55,6,4,92.92462962962964,0.9810678362846376,24.553955,75.79543,0.1457,2.1790943852177374
5KPE_6_4_7_0_combined_id7,1.1953792572021484,4.014432430267334,89.98453703703704,0.77,6,4,92.92462962962964,0.9810678362846376,24.553955,75.79543,0.1678,2.142163311993634
5KPE_6_4_7_0_combined_id8,8.211592674255371,7.594750881195068,64.4412962962963,0.55,6,4,92.92462962962964,0.9810678362846376,24.553955,75.79543,0.1526,2.4994263825593173
5KPE_6_4_7_0_combined_id9,3.5575668811798096,3.5376739501953125,72.12185185185187,0.61,6,4,92.92462962962964,0.9810678362846376,24.553955,75.79543,0.1767,2.274671483922888
5KPE_6_6_2_0_combined_id1,2.544635772705078,3.657792091369629,65.82277777777777,0.54,6,6,93.25962962962966,0.9567010402679444,24.218372,74.23906,0.1609,2.123877066153068
5KPE_6_6_2_0_combined_id10,2.455275535583496,4.316535472869873,65.83287037037037,0.54,6,6,93.25962962962966,0.9567010402679444,24.218372,74.23906,0.1608,2.270098085756655
5KPE_6_6_2_0_combined_id11,10.014135360717773,10.015005111694336,73.3012962962963,0.59,6,6,93.25962962962966,0.9567010402679444,24.218372,74.23906,0.1736,2.275809393988715
5KPE_6_6_2_0_combined_id12,3.2739193439483643,4.062857151031494,75.95601851851852,0.62,6,6,93.25962962962966,0.9567010402679444,24.218372,74.23906,0.1628,2.229166384096499
5KPE_6_6_2_0_combined_id13,10.427732467651367,12.300695419311523,74.72546296296296,0.56,6,6,93.25962962962966,0.9567010402679444,24.218372,74.23906,0.1782,2.1796592429832176
5KPE_6_6_2_0_combined_id14,1.5702309608459473,3.812925338745117,82.13787037037038,0.69,6,6,93.25962962962966,0.9567010402679444,24.218372,74.23906,0.1898,2.272457970513238
5KPE_6_6_2_0_combined_id15,9.021683692932129,9.46051025390625,67.88129629629628,0.55,6,6,93.25962962962966,0.9567010402679444,24.218372,74.23906,0.1706,2.0772221883138022
5KPE_6_6_2_0_combined_id16,4.664927005767822,5.847826957702637,68.9337037037037,0.54,6,6,93.25962962962966,0.9567010402679444,24.218372,74.23906,0.1666,2.161273956298828
5KPE_6_6_2_0_combined_id17,4.659451484680176,3.7390079498291016,61.87444444444445,0.52,6,6,93.25962962962966,0.9567010402679444,24.218372,74.23906,0.1415,2.119017989547164
5KPE_6_6_2_0_combined_id18,4.492647171020508,3.252112627029419,78.72222222222224,0.69,6,6,93.25962962962966,0.9567010402679444,24.218372,74.23906,0.1849,2.145289103190104
5KPE_6_6_2_0_combined_id19,1.2670994997024536,3.6633479595184326,77.32944444444445,0.6,6,6,93.25962962962966,0.9567010402679444,24.218372,74.23906,0.1759,2.1304989567509405
5KPE_6_6_2_0_combined_id2,10.474527359008789,12.94741153717041,69.64509259259259,0.59,6,6,93.25962962962966,0.9567010402679444,24.218372,74.23906,0.17,2.2692387898763022
5KPE_6_6_2_0_combined_id20,9.99984359741211,10.683277130126953,68.83277777777778,0.58,6,6,93.25962962962966,0.9567010402679444,24.218372,74.23906,0.1636,2.1624234517415366
5KPE_6_6_2_0_combined_id21,4.384297847747803,3.39685320854187,76.32712962962962,0.63,6,6,93.25962962962966,0.9567010402679444,24.218372,74.23906,0.177,2.2141539962203414
5KPE_6_6_2_0_combined_id22,2.0100362300872803,3.6449978351593018,81.88398148148146,0.67,6,6,93.25962962962966,0.9567010402679444,24.218372,74.23906,0.1461,2.2819045737937644
5KPE_6_6_2_0_combined_id23,4.39363956451416,2.3257100582122803,80.40148148148145,0.67,6,6,93.25962962962966,0.9567010402679444,24.218372,74.23906,0.1814,2.096580222800926
5KPE_6_6_2_0_combined_id24,10.280651092529297,12.760780334472656,76.66314814814815,0.58,6,6,93.25962962962966,0.9567010402679444,24.218372,74.23906,0.1621,2.1298335040057146
5KPE_6_6_2_0_combined_id3,10.772881507873535,11.795248031616211,71.01037037037038,0.52,6,6,93.25962962962966,0.9567010402679444,24.218372,74.23906,0.1893,2.2024683069299766
5KPE_6_6_2_0_combined_id4,3.985382556915283,2.6380059719085693,71.29351851851852,0.57,6,6,93.25962962962966,0.9567010402679444,24.218372,74.23906,0.162,2.144494657163267
5KPE_6_6_2_0_combined_id5,3.8199408054351807,4.5997233390808105,80.81203703703703,0.67,6,6,93.25962962962966,0.9567010402679444,24.218372,74.23906,0.1817,2.192968721742983
5KPE_6_6_2_0_combined_id6,3.2233707904815674,4.277132511138916,67.33861111111112,0.53,6,6,93.25962962962966,0.9567010402679444,24.218372,74.23906,0.1453,2.1300622445565685
5KPE_6_6_2_0_combined_id7,10.040352821350098,10.949410438537598,71.87703703703704,0.59,6,6,93.25962962962966,0.9567010402679444,24.218372,74.23906,0.1669,2.155668753164786
5KPE_6_6_2_0_combined_id8,2.990511894226074,4.770907878875732,64.5335185185185,0.51,6,6,93.25962962962966,0.9567010402679444,24.218372,74.23906,0.1637,2.114230261908637
5KPE_6_6_2_0_combined_id9,3.277778148651123,5.187113285064697,62.157592592592586,0.55,6,6,93.25962962962966,0.9567010402679444,24.218372,74.23906,0.1519,2.2493813126175493
5KPE_6_6_8_0_combined_id1,4.022663116455078,3.1525213718414307,70.66592592592593,0.55,6,6,94.0626851851852,0.8294026851654053,25.380083,75.60933,0.2093,1.9542549981011288
5KPE_6_6_8_0_combined_id10,8.349259376525879,9.290373802185059,66.21981481481481,0.53,6,6,94.0626851851852,0.8294026851654053,25.380083,75.60933,0.1771,2.022933959960937
5KPE_6_6_8_0_combined_id11,4.438779830932617,4.800694465637207,80.23907407407405,0.65,6,6,94.0626851851852,0.8294026851654053,25.380083,75.60933,0.1536,2.301864906593605
5KPE_6_6_8_0_combined_id12,3.6703200340270996,3.7046380043029785,74.81861111111111,0.57,6,6,94.0626851851852,0.8294026851654053,25.380083,75.60933,0.1973,2.162920775236907
5KPE_6_6_8_0_combined_id13,6.413694858551025,7.210182189941406,78.13166666666666,0.55,6,6,94.0626851851852,0.8294026851654053,25.380083,75.60933,0.1693,2.011661246970848
5KPE_6_6_8_0_combined_id14,2.2240312099456787,2.9510438442230225,76.86416666666665,0.63,6,6,94.0626851851852,0.8294026851654053,25.380083,75.60933,0.2073,2.158437658239294
5KPE_6_6_8_0_combined_id15,9.539186477661133,9.512543678283691,74.82249999999999,0.57,6,6,94.0626851851852,0.8294026851654053,25.380083,75.60933,0.1701,2.094365013970269
5KPE_6_6_8_0_combined_id16,10.113131523132324,10.602849960327148,74.3149074074074,0.57,6,6,94.0626851851852,0.8294026851654053,25.380083,75.60933,0.1717,2.141111303258825
5KPE_6_6_8_0_combined_id17,4.567378520965576,2.898428201675415,73.58638888888889,0.61,6,6,94.0626851851852,0.8294026851654053,25.380083,75.60933,0.1712,2.084530865704572
5KPE_6_6_8_0_combined_id18,10.407200813293457,10.59199047088623,67.72675925925925,0.54,6,6,94.0626851851852,0.8294026851654053,25.380083,75.60933,0.1758,2.1108255739565247
5KPE_6_6_8_0_combined_id19,7.337272644042969,5.20914888381958,75.4149074074074,0.57,6,6,94.0626851851852,0.8294026851654053,25.380083,75.60933,0.1752,2.003803959599248
5KPE_6_6_8_0_combined_id2,1.5469609498977661,4.240274429321289,82.27814814814813,0.62,6,6,94.0626851851852,0.8294026851654053,25.380083,75.60933,0.1782,2.0025095056604454
5KPE_6_6_8_0_combined_id20,10.20263671875,9.481637954711914,81.17944444444447,0.61,6,6,94.0626851851852,0.8294026851654053,25.380083,75.60933,0.1653,2.084188531946253
5KPE_6_6_8_0_combined_id21,11.076493263244629,10.672810554504395,69.28861111111111,0.55,6,6,94.0626851851852,0.8294026851654053,25.380083,75.60933,0.1617,2.2003195020887585
5KPE_6_6_8_0_combined_id22,9.624696731567383,10.920422554016113,68.445,0.58,6,6,94.0626851851852,0.8294026851654053,25.380083,75.60933,0.1683,2.238255394829644
5KPE_6_6_8_0_combined_id23,3.6121180057525635,3.18227481842041,68.98083333333334,0.53,6,6,94.0626851851852,0.8294026851654053,25.380083,75.60933,0.1679,2.116680286548756
5KPE_6_6_8_0_combined_id24,3.2521376609802246,2.6324384212493896,71.8499074074074,0.57,6,6,94.0626851851852,0.8294026851654053,25.380083,75.60933,0.1676,2.181205325656467
5KPE_6_6_8_0_combined_id3,10.824405670166016,10.517426490783691,81.52194444444443,0.6,6,6,94.0626851851852,0.8294026851654053,25.380083,75.60933,0.175,2.0470993607132524
5KPE_6_6_8_0_combined_id4,2.075155019760132,4.431384086608887,68.33999999999999,0.52,6,6,94.0626851851852,0.8294026851654053,25.380083,75.60933,0.1818,2.171704327618634
5KPE_6_6_8_0_combined_id5,4.972162246704102,4.026834011077881,72.82453703703703,0.56,6,6,94.0626851851852,0.8294026851654053,25.380083,75.60933,0.1796,2.107651039406105
5KPE_6_6_8_0_combined_id6,4.87110710144043,4.913605690002441,75.49935185185184,0.61,6,6,94.0626851851852,0.8294026851654053,25.380083,75.60933,0.1715,2.0792901780870228
5KPE_6_6_8_0_combined_id7,9.536128044128418,11.364073753356934,77.54648148148148,0.67,6,6,94.0626851851852,0.8294026851654053,25.380083,75.60933,0.2082,1.9636368928132235
5KPE_6_6_8_0_combined_id8,3.5301053524017334,3.017939329147339,79.99055555555555,0.65,6,6,94.0626851851852,0.8294026851654053,25.380083,75.60933,0.1633,2.081520363136574
5KPE_6_6_8_0_combined_id9,3.577766180038452,2.760357618331909,77.15731481481481,0.62,6,6,94.0626851851852,0.8294026851654053,25.380083,75.60933,0.1765,1.962511980975116
5KPE_6_8_5_0_combined_id1,8.708606719970703,7.736429691314697,66.00194444444443,0.51,6,8,91.38583333333334,0.9903163909912108,26.335575,79.894455,0.1684,2.207029837149161
5KPE_6_8_5_0_combined_id10,4.738071918487549,3.6490061283111572,70.31768518518518,0.53,6,8,91.38583333333334,0.9903163909912108,26.335575,79.894455,0.1625,2.219136838559751
5KPE_6_8_5_0_combined_id11,3.5074167251586914,2.443697690963745,72.43425925925928,0.58,6,8,91.38583333333334,0.9903163909912108,26.335575,79.894455,0.1546,2.1870425188982927
5KPE_6_8_5_0_combined_id12,1.9772393703460693,4.277653217315674,75.72277777777778,0.65,6,8,91.38583333333334,0.9903163909912108,26.335575,79.894455,0.1649,2.1980674178512007
5KPE_6_8_5_0_combined_id13,10.798294067382812,11.059928894042969,73.41444444444444,0.53,6,8,91.38583333333334,0.9903163909912108,26.335575,79.894455,0.1422,2.3622134173357927
5KPE_6_8_5_0_combined_id14,7.456934928894043,7.2437591552734375,63.96861111111111,0.51,6,8,91.38583333333334,0.9903163909912108,26.335575,79.894455,0.1481,2.2429237365722656
5KPE_6_8_5_0_combined_id15,8.27193546295166,10.42271614074707,69.73750000000001,0.52,6,8,91.38583333333334,0.9903163909912108,26.335575,79.894455,0.1668,2.298109125207972
5KPE_6_8_5_0_combined_id16,3.626143217086792,3.9513285160064697,64.30296296296297,0.52,6,8,91.38583333333334,0.9903163909912108,26.335575,79.894455,0.1725,2.2113576818395546
5KPE_6_8_5_0_combined_id17,11.521228790283203,11.544879913330078,63.86777777777778,0.5,6,8,91.38583333333334,0.9903163909912108,26.335575,79.894455,0.1746,2.232402518943504
5KPE_6_8_5_0_combined_id18,4.492686748504639,3.752516031265259,71.00833333333333,0.54,6,8,91.38583333333334,0.9903163909912108,26.335575,79.894455,0.1619,2.118254202383536
5KPE_6_8_5_0_combined_id19,3.5790250301361084,2.949674606323242,69.39824074074075,0.53,6,8,91.38583333333334,0.9903163909912108,26.335575,79.894455,0.1648,1.9588775634765625
5KPE_6_8_5_0_combined_id2,3.308504819869995,3.549009084701538,70.715,0.61,6,8,91.38583333333334,0.9903163909912108,26.335575,79.894455,0.1511,2.1608193008988
5KPE_6_8_5_0_combined_id20,4.5103759765625,3.563262701034546,76.5773148148148,0.61,6,8,91.38583333333334,0.9903163909912108,26.335575,79.894455,0.1607,2.0291739569769964
5KPE_6_8_5_0_combined_id21,8.770462036132812,7.984103202819824,70.0213888888889,0.53,6,8,91.38583333333334,0.9903163909912108,26.335575,79.894455,0.1614,2.238912229184751
5KPE_6_8_5_0_combined_id22,4.896881580352783,4.764130115509033,72.48851851851852,0.59,6,8,91.38583333333334,0.9903163909912108,26.335575,79.894455,0.186,2.024955466941551
5KPE_6_8_5_0_combined_id23,11.558882713317871,11.27783489227295,64.39861111111111,0.51,6,8,91.38583333333334,0.9903163909912108,26.335575,79.894455,0.1497,2.2876584088360823
5KPE_6_8_5_0_combined_id24,4.3850884437561035,2.746527671813965,68.41777777777776,0.55,6,8,91.38583333333334,0.9903163909912108,26.335575,79.894455,0.1708,1.9833205894187644
5KPE_6_8_5_0_combined_id3,4.129408836364746,3.3640122413635254,67.49546296296296,0.54,6,8,91.38583333333334,0.9903163909912108,26.335575,79.894455,0.1665,2.1396091602466725
5KPE_6_8_5_0_combined_id4,9.526447296142578,8.024314880371094,76.72157407407407,0.53,6,8,91.38583333333334,0.9903163909912108,26.335575,79.894455,0.1867,2.123650586163556
5KPE_6_8_5_0_combined_id5,3.9924888610839844,4.066161632537842,56.62499999999999,0.43,6,8,91.38583333333334,0.9903163909912108,26.335575,79.894455,0.1616,2.2531972814489296
5KPE_6_8_5_0_combined_id6,4.696221351623535,4.531135082244873,82.00148148148152,0.65,6,8,91.38583333333334,0.9903163909912108,26.335575,79.894455,0.1713,2.1353364167390048
5KPE_6_8_5_0_combined_id7,6.63802433013916,5.754977703094482,68.5349074074074,0.56,6,8,91.38583333333334,0.9903163909912108,26.335575,79.894455,0.1659,2.2213312784830728
5KPE_6_8_5_0_combined_id8,4.604605197906494,3.078277349472046,64.54305555555555,0.55,6,8,91.38583333333334,0.9903163909912108,26.335575,79.894455,0.1607,2.088309817843967
5KPE_6_8_5_0_combined_id9,5.110401153564453,4.867274284362793,71.1487962962963,0.57,6,8,91.38583333333334,0.9903163909912108,26.335575,79.894455,0.1862,2.26717291937934
5KPE_8_2_7_0_combined_id1,2.974609851837158,5.303826808929443,73.94157407407407,0.64,8,2,93.7127777777778,1.1900089979171753,23.910002,75.75694,0.1649,2.307018421314381
5KPE_8_2_7_0_combined_id10,1.233690619468689,7.3036580085754395,88.28888888888888,0.74,8,2,93.7127777777778,1.1900089979171753,23.910002,75.75694,0.1601,2.189171967683015
5KPE_8_2_7_0_combined_id11,9.649454116821289,11.061290740966797,74.46388888888889,0.59,8,2,93.7127777777778,1.1900089979171753,23.910002,75.75694,0.166,2.171458350287544
5KPE_8_2_7_0_combined_id12,9.693432807922363,10.923715591430664,71.84518518518519,0.56,8,2,93.7127777777778,1.1900089979171753,23.910002,75.75694,0.1466,2.273506447120949
5KPE_8_2_7_0_combined_id13,4.103111267089844,4.959962368011475,71.69398148148149,0.59,8,2,93.7127777777778,1.1900089979171753,23.910002,75.75694,0.1704,2.167743824146412
5KPE_8_2_7_0_combined_id14,10.487943649291992,13.813015937805176,72.91287037037036,0.6,8,2,93.7127777777778,1.1900089979171753,23.910002,75.75694,0.1616,2.214235800283926
5KPE_8_2_7_0_combined_id15,6.496099472045898,3.984792947769165,72.4337962962963,0.54,8,2,93.7127777777778,1.1900089979171753,23.910002,75.75694,0.156,2.355657930727358
5KPE_8_2_7_0_combined_id16,10.071340560913086,10.666632652282715,67.78861111111112,0.55,8,2,93.7127777777778,1.1900089979171753,23.910002,75.75694,0.1591,2.2714157104492188
5KPE_8_2_7_0_combined_id17,5.846724510192871,3.836745262145996,77.55092592592592,0.64,8,2,93.7127777777778,1.1900089979171753,23.910002,75.75694,0.1637,2.2276382446289062
5KPE_8_2_7_0_combined_id18,4.380052089691162,5.4050068855285645,85.35212962962963,0.72,8,2,93.7127777777778,1.1900089979171753,23.910002,75.75694,0.1774,2.3369872481734664
5KPE_8_2_7_0_combined_id19,7.668917655944824,9.843480110168457,66.8586111111111,0.52,8,2,93.7127777777778,1.1900089979171753,23.910002,75.75694,0.1694,2.4313184950086804
5KPE_8_2_7_0_combined_id2,10.130721092224121,10.456490516662598,77.66425925925925,0.6,8,2,93.7127777777778,1.1900089979171753,23.910002,75.75694,0.1689,2.063272829408999
5KPE_8_2_7_0_combined_id20,4.261206150054932,4.616687774658203,77.65212962962963,0.65,8,2,93.7127777777778,1.1900089979171753,23.910002,75.75694,0.1515,2.2491895887586804
5KPE_8_2_7_0_combined_id21,9.504928588867188,11.123631477355957,75.88046296296297,0.6,8,2,93.7127777777778,1.1900089979171753,23.910002,75.75694,0.1455,2.4872374358000577
5KPE_8_2_7_0_combined_id22,1.30148446559906,3.71058988571167,92.67592592592592,0.81,8,2,93.7127777777778,1.1900089979171753,23.910002,75.75694,0.1812,2.245883235224971
5KPE_8_2_7_0_combined_id23,6.883455753326416,8.942187309265137,67.5611111111111,0.57,8,2,93.7127777777778,1.1900089979171753,23.910002,75.75694,0.1694,2.2821198922616466
5KPE_8_2_7_0_combined_id24,6.379136562347412,4.94821310043335,76.87898148148149,0.67,8,2,93.7127777777778,1.1900089979171753,23.910002,75.75694,0.1769,2.2255376180013022
5KPE_8_2_7_0_combined_id3,6.314452648162842,4.735230922698975,65.65861111111111,0.57,8,2,93.7127777777778,1.1900089979171753,23.910002,75.75694,0.156,2.310748347529658
5KPE_8_2_7_0_combined_id4,7.856438159942627,8.87067985534668,72.94898148148147,0.63,8,2,93.7127777777778,1.1900089979171753,23.910002,75.75694,0.1425,2.1986821492513022
5KPE_8_2_7_0_combined_id5,1.5678634643554688,4.349879741668701,76.37749999999998,0.57,8,2,93.7127777777778,1.1900089979171753,23.910002,75.75694,0.1675,1.982788227222584
5KPE_8_2_7_0_combined_id6,9.33680534362793,10.964949607849121,69.57592592592593,0.58,8,2,93.7127777777778,1.1900089979171753,23.910002,75.75694,0.1479,2.408593919542101
5KPE_8_2_7_0_combined_id7,6.377253532409668,4.750995635986328,91.81101851851852,0.83,8,2,93.7127777777778,1.1900089979171753,23.910002,75.75694,0.167,2.2328123869719327
5KPE_8_2_7_0_combined_id8,8.92848014831543,8.852945327758789,70.01,0.56,8,2,93.7127777777778,1.1900089979171753,23.910002,75.75694,0.1556,2.23407307377568
5KPE_8_2_7_0_combined_id9,5.35498046875,4.279020309448242,62.49722222222223,0.48,8,2,93.7127777777778,1.1900089979171753,23.910002,75.75694,0.1462,2.20760981241862
5KPH_2_2_0_0_combined_id1,0.6572054624557495,1.4284051656723022,95.20666666666666,0.81,2,2,95.86194444444445,0.4724860489368438,27.212889,64.483696,0.2325,1.739116456773546
5KPH_2_2_0_0_combined_id10,9.000511169433594,9.10401725769043,59.65902777777779,0.41,2,2,95.86194444444445,0.4724860489368438,27.212889,64.483696,0.1929,2.162261962890625
5KPH_2_2_0_0_combined_id11,0.803372859954834,1.4250061511993408,91.10763888888889,0.76,2,2,95.86194444444445,0.4724860489368438,27.212889,64.483696,0.1819,2.082386016845703
5KPH_2_2_0_0_combined_id12,0.7334856986999512,1.5181143283843994,96.92944444444444,0.83,2,2,95.86194444444445,0.4724860489368438,27.212889,64.483696,0.1907,2.305087195502387
5KPH_2_2_0_0_combined_id14,0.642917275428772,1.6114223003387451,92.525,0.78,2,2,95.86194444444445,0.4724860489368438,27.212889,64.483696,0.1985,1.8013299306233723
5KPH_2_2_0_0_combined_id15,0.6326839923858643,1.4213449954986572,94.7988888888889,0.8,2,2,95.86194444444445,0.4724860489368438,27.212889,64.483696,0.1669,2.288811789618598
5KPH_2_2_0_0_combined_id16,0.7504515051841736,1.6315730810165405,91.33402777777776,0.75,2,2,95.86194444444445,0.4724860489368438,27.212889,64.483696,0.2158,1.823581059773763
5KPH_2_2_0_0_combined_id18,0.5618496537208557,1.7189725637435913,95.14402777777778,0.82,2,2,95.86194444444445,0.4724860489368438,27.212889,64.483696,0.23,2.128997802734375
5KPH_2_2_0_0_combined_id19,1.3161053657531738,1.0677363872528076,91.78708333333331,0.75,2,2,95.86194444444445,0.4724860489368438,27.212889,64.483696,0.1798,1.9290832943386504
5KPH_2_2_0_0_combined_id2,0.7637501358985901,1.2947807312011719,91.485,0.77,2,2,95.86194444444445,0.4724860489368438,27.212889,64.483696,0.1811,2.181936475965712
5KPH_2_2_0_0_combined_id20,0.5253232717514038,1.7468746900558472,96.09861111111113,0.81,2,2,95.86194444444445,0.4724860489368438,27.212889,64.483696,0.2266,2.120947731865777
5KPH_2_2_0_0_combined_id21,0.8224974274635315,1.4278372526168823,93.18722222222222,0.76,2,2,95.86194444444445,0.4724860489368438,27.212889,64.483696,0.179,2.073169708251953
5KPH_2_2_0_0_combined_id22,0.5940189957618713,1.7437705993652344,92.95777777777778,0.78,2,2,95.86194444444445,0.4724860489368438,27.212889,64.483696,0.2204,1.9285587734646268
5KPH_2_2_0_0_combined_id23,1.819401741027832,0.6135347485542297,93.89763888888888,0.79,2,2,95.86194444444445,0.4724860489368438,27.212889,64.483696,0.1904,1.7847203148735895
5KPH_2_2_0_0_combined_id24,0.7708122134208679,1.5062990188598633,93.71375,0.78,2,2,95.86194444444445,0.4724860489368438,27.212889,64.483696,0.1992,2.1689220004611545
5KPH_2_2_0_0_combined_id3,0.5935853719711304,1.7243390083312988,95.36527777777778,0.82,2,2,95.86194444444445,0.4724860489368438,27.212889,64.483696,0.2048,2.07515631781684
5KPH_2_2_0_0_combined_id4,0.5823450684547424,1.5973763465881348,92.92666666666668,0.79,2,2,95.86194444444445,0.4724860489368438,27.212889,64.483696,0.2155,1.9097501966688368
5KPH_2_2_0_0_combined_id5,0.7338870167732239,1.3987102508544922,94.10583333333336,0.81,2,2,95.86194444444445,0.4724860489368438,27.212889,64.483696,0.1859,2.025166405571832
5KPH_2_2_0_0_combined_id6,0.6436277627944946,1.6579031944274902,92.60833333333332,0.8,2,2,95.86194444444445,0.4724860489368438,27.212889,64.483696,0.1891,2.017977820502387
5KPH_2_2_0_0_combined_id8,1.4527654647827148,0.8419793844223022,92.98805555555556,0.78,2,2,95.86194444444445,0.4724860489368438,27.212889,64.483696,0.1808,1.8863514794243708
5KPH_2_2_0_0_combined_id9,0.6425001621246338,1.5870873928070068,95.62291666666664,0.82,2,2,95.86194444444445,0.4724860489368438,27.212889,64.483696,0.2233,2.091988033718533
5KPH_2_2_1_0_combined_id1,1.9303553104400635,0.7960484623908997,93.78666666666666,0.8,2,2,95.44291666666666,0.4715303182601928,27.561415,64.601364,0.1987,2.12685309516059
5KPH_2_2_1_0_combined_id10,0.7660264372825623,1.8266047239303589,93.58430555555556,0.78,2,2,95.44291666666666,0.4715303182601928,27.561415,64.601364,0.1796,1.821610344780816
5KPH_2_2_1_0_combined_id11,0.6031796932220459,0.6202388405799866,92.92208333333332,0.79,2,2,95.44291666666666,0.4715303182601928,27.561415,64.601364,0.1906,2.1477497948540583
5KPH_2_2_1_0_combined_id12,0.8713136911392212,0.7681124806404114,93.57708333333332,0.77,2,2,95.44291666666666,0.4715303182601928,27.561415,64.601364,0.1839,1.965129640367296
5KPH_2_2_1_0_combined_id13,1.6016216278076172,0.7662774920463562,93.6277777777778,0.78,2,2,95.44291666666666,0.4715303182601928,27.561415,64.601364,0.178,1.9859998491075304
5KPH_2_2_1_0_combined_id14,0.7512083053588867,1.612942099571228,94.81041666666664,0.81,2,2,95.44291666666666,0.4715303182601928,27.561415,64.601364,0.2077,2.134553697374132
5KPH_2_2_1_0_combined_id15,0.6994792222976685,1.2948836088180542,91.00527777777778,0.75,2,2,95.44291666666666,0.4715303182601928,27.561415,64.601364,0.2124,2.0164530012342663
5KPH_2_2_1_0_combined_id16,0.6800941228866577,1.7959728240966797,88.92180555555557,0.72,2,2,95.44291666666666,0.4715303182601928,27.561415,64.601364,0.1958,1.913485844930013
5KPH_2_2_1_0_combined_id17,0.6086318492889404,1.585543155670166,95.98902777777778,0.82,2,2,95.44291666666666,0.4715303182601928,27.561415,64.601364,0.1875,2.3069150712755
5KPH_2_2_1_0_combined_id18,0.610731840133667,1.747542142868042,94.3125,0.8,2,2,95.44291666666666,0.4715303182601928,27.561415,64.601364,0.188,2.031868404812283
5KPH_2_2_1_0_combined_id19,0.8746795654296875,2.126431941986084,91.67708333333331,0.73,2,2,95.44291666666666,0.4715303182601928,27.561415,64.601364,0.1903,1.982837041219076
5KPH_2_2_1_0_combined_id2,1.0931013822555542,1.561693787574768,92.95486111111111,0.78,2,2,95.44291666666666,0.4715303182601928,27.561415,64.601364,0.1875,1.9423944685194228
5KPH_2_2_1_0_combined_id20,0.8044534921646118,1.652126669883728,94.18305555555555,0.8,2,2,95.44291666666666,0.4715303182601928,27.561415,64.601364,0.1773,2.0915758344862194
5KPH_2_2_1_0_combined_id21,0.6860598921775818,1.7535282373428345,91.24,0.77,2,2,95.44291666666666,0.4715303182601928,27.561415,64.601364,0.1686,2.3858549329969616
5KPH_2_2_1_0_combined_id22,0.6122851371765137,1.723574161529541,94.16291666666666,0.81,2,2,95.44291666666666,0.4715303182601928,27.561415,64.601364,0.182,2.1363417307535806
5KPH_2_2_1_0_combined_id23,1.7304946184158325,0.7596847414970398,94.92888888888888,0.81,2,2,95.44291666666666,0.4715303182601928,27.561415,64.601364,0.1986,1.988943735758464
5KPH_2_2_1_0_combined_id24,0.7793256044387817,0.8120501041412354,89.60277777777777,0.73,2,2,95.44291666666666,0.4715303182601928,27.561415,64.601364,0.2268,2.172838422987196
5KPH_2_2_1_0_combined_id3,0.5712980031967163,1.4786468744277954,95.4973611111111,0.82,2,2,95.44291666666666,0.4715303182601928,27.561415,64.601364,0.2009,2.261665768093533
5KPH_2_2_1_0_combined_id4,0.966046929359436,1.0960040092468262,91.51736111111111,0.74,2,2,95.44291666666666,0.4715303182601928,27.561415,64.601364,0.202,1.826548470391168
5KPH_2_2_1_0_combined_id5,0.6747304797172546,1.479420781135559,90.95958333333334,0.75,2,2,95.44291666666666,0.4715303182601928,27.561415,64.601364,0.1693,1.9317266676161025
5KPH_2_2_1_0_combined_id6,0.8496019244194031,1.2916733026504517,94.36694444444444,0.8,2,2,95.44291666666666,0.4715303182601928,27.561415,64.601364,0.1849,1.8351910909016929
5KPH_2_2_1_0_combined_id7,1.0950839519500732,0.7576382756233215,92.3777777777778,0.75,2,2,95.44291666666666,0.4715303182601928,27.561415,64.601364,0.1962,1.913016849093967
5KPH_2_2_1_0_combined_id8,0.6696513295173645,1.9379040002822876,95.4297222222222,0.82,2,2,95.44291666666666,0.4715303182601928,27.561415,64.601364,0.2064,2.032744513617621
5KPH_2_2_1_0_combined_id9,1.6517455577850342,0.6289688348770142,95.03319444444443,0.79,2,2,95.44291666666666,0.4715303182601928,27.561415,64.601364,0.1901,2.161201688978407
5KPH_2_2_2_0_combined_id1,0.640218198299408,1.87198007106781,93.8486111111111,0.79,2,2,94.40861111111111,0.4829236567020416,29.908415,65.63445,0.187,2.209259457058377
5KPH_2_2_2_0_combined_id10,0.9210357069969177,0.8383365869522095,92.85236111111112,0.79,2,2,94.40861111111111,0.4829236567020416,29.908415,65.63445,0.1958,2.0471810234917536
5KPH_2_2_2_0_combined_id11,0.9914267659187317,0.7262555956840515,89.83069444444445,0.74,2,2,94.40861111111111,0.4829236567020416,29.908415,65.63445,0.185,1.825707541571723
5KPH_2_2_2_0_combined_id12,1.4509118795394897,1.0310335159301758,93.06597222222224,0.77,2,2,94.40861111111111,0.4829236567020416,29.908415,65.63445,0.1628,2.4149996439615884
5KPH_2_2_2_0_combined_id13,1.783086895942688,1.0875718593597412,93.47916666666669,0.79,2,2,94.40861111111111,0.4829236567020416,29.908415,65.63445,0.1768,2.308550092909071
5KPH_2_2_2_0_combined_id14,0.8474698662757874,1.7030644416809082,93.62013888888887,0.79,2,2,94.40861111111111,0.4829236567020416,29.908415,65.63445,0.1795,2.1119537353515625
5KPH_2_2_2_0_combined_id15,0.7154936790466309,1.6365987062454224,95.00930555555556,0.81,2,2,94.40861111111111,0.4829236567020416,29.908415,65.63445,0.1753,2.0604974958631725
5KPH_2_2_2_0_combined_id16,0.8824098110198975,2.2054929733276367,93.19138888888888,0.79,2,2,94.40861111111111,0.4829236567020416,29.908415,65.63445,0.164,2.5491049024793835
5KPH_2_2_2_0_combined_id17,1.808683156967163,1.5030736923217773,76.3788888888889,0.54,2,2,94.40861111111111,0.4829236567020416,29.908415,65.63445,0.1635,2.17574225531684
5KPH_2_2_2_0_combined_id18,1.949687123298645,0.9256201386451721,93.62652777777778,0.78,2,2,94.40861111111111,0.4829236567020416,29.908415,65.63445,0.1903,2.1466598510742188
5KPH_2_2_2_0_combined_id19,0.7327231764793396,2.1105964183807373,93.7975,0.8,2,2,94.40861111111111,0.4829236567020416,29.908415,65.63445,0.1542,2.33447625901964
5KPH_2_2_2_0_combined_id2,0.5926802754402161,1.7543361186981201,93.39361111111111,0.79,2,2,94.40861111111111,0.4829236567020416,29.908415,65.63445,0.1722,2.468075222439236
5KPH_2_2_2_0_combined_id20,0.762898325920105,1.7213478088378906,94.6236111111111,0.82,2,2,94.40861111111111,0.4829236567020416,29.908415,65.63445,0.1905,2.2842462327745228
5KPH_2_2_2_0_combined_id21,0.6738466024398804,1.6493014097213745,92.96625,0.78,2,2,94.40861111111111,0.4829236567020416,29.908415,65.63445,0.1988,1.9475811852349176
5KPH_2_2_2_0_combined_id22,0.7714792490005493,2.0524399280548096,95.76597222222222,0.83,2,2,94.40861111111111,0.4829236567020416,29.908415,65.63445,0.2136,2.235050201416016
5KPH_2_2_2_0_combined_id23,0.694706380367279,1.8736261129379272,95.5122222222222,0.8,2,2,94.40861111111111,0.4829236567020416,29.908415,65.63445,0.175,2.46500015258789
5KPH_2_2_2_0_combined_id24,1.3734681606292725,0.7117734551429749,92.05555555555556,0.74,2,2,94.40861111111111,0.4829236567020416,29.908415,65.63445,0.1917,2.1658706665039062
5KPH_2_2_2_0_combined_id3,0.6883051991462708,2.133767604827881,95.22180555555556,0.82,2,2,94.40861111111111,0.4829236567020416,29.908415,65.63445,0.171,2.3018955654568143
5KPH_2_2_2_0_combined_id4,1.3797929286956787,1.1331595182418823,91.13972222222225,0.75,2,2,94.40861111111111,0.4829236567020416,29.908415,65.63445,0.1665,2.2605840894911022
5KPH_2_2_2_0_combined_id5,1.817818284034729,0.7234802842140198,93.60847222222222,0.78,2,2,94.40861111111111,0.4829236567020416,29.908415,65.63445,0.1742,2.351491504245334
5KPH_2_2_2_0_combined_id6,0.7284879684448242,1.6305454969406128,93.95430555555556,0.8,2,2,94.40861111111111,0.4829236567020416,29.908415,65.63445,0.1702,2.175259272257487
5KPH_2_2_2_0_combined_id8,0.8711477518081665,0.7420294880867004,93.4376388888889,0.78,2,2,94.40861111111111,0.4829236567020416,29.908415,65.63445,0.1863,2.281453450520833
5KPH_2_2_2_0_combined_id9,1.1749433279037476,0.9430922269821167,88.74888888888889,0.74,2,2,94.40861111111111,0.4829236567020416,29.908415,65.63445,0.1898,2.162001291910807
5KPH_2_2_3_0_combined_id1,0.6098989248275757,2.114553689956665,95.00805555555556,0.82,2,2,94.70097222222222,0.6565586924552917,29.341858,65.7509,0.1832,2.325413386027018
5KPH_2_2_3_0_combined_id10,0.6225095987319946,2.1617162227630615,91.715,0.77,2,2,94.70097222222222,0.6565586924552917,29.341858,65.7509,0.2079,1.9083145989312067
5KPH_2_2_3_0_combined_id11,0.623298168182373,1.8834043741226196,90.83166666666666,0.74,2,2,94.70097222222222,0.6565586924552917,29.341858,65.7509,0.172,2.183601591322157
5KPH_2_2_3_0_combined_id12,0.9203923940658569,0.8776845335960388,90.54583333333332,0.76,2,2,94.70097222222222,0.6565586924552917,29.341858,65.7509,0.1949,2.226942486233181
5KPH_2_2_3_0_combined_id13,0.7356305122375488,1.1661309003829956,91.51125,0.76,2,2,94.70097222222222,0.6565586924552917,29.341858,65.7509,0.1582,2.3761105007595487
5KPH_2_2_3_0_combined_id14,0.7646353244781494,1.836899757385254,93.71375,0.8,2,2,94.70097222222222,0.6565586924552917,29.341858,65.7509,0.1742,2.3267224629720054
5KPH_2_2_3_0_combined_id15,0.7577091455459595,2.0462119579315186,91.79097222222224,0.76,2,2,94.70097222222222,0.6565586924552917,29.341858,65.7509,0.2271,1.819196277194553
5KPH_2_2_3_0_combined_id16,0.5819345712661743,2.024883270263672,94.25875,0.82,2,2,94.70097222222222,0.6565586924552917,29.341858,65.7509,0.1913,2.0225338406032987
5KPH_2_2_3_0_combined_id17,0.6608273386955261,1.2293996810913086,89.87430555555555,0.72,2,2,94.70097222222222,0.6565586924552917,29.341858,65.7509,0.2041,1.9745381673177085
5KPH_2_2_3_0_combined_id18,0.7671957612037659,1.847413420677185,92.88652777777776,0.78,2,2,94.70097222222222,0.6565586924552917,29.341858,65.7509,0.19,2.194657643636068
5KPH_2_2_3_0_combined_id19,0.6306540369987488,0.9291577935218811,93.89972222222222,0.78,2,2,94.70097222222222,0.6565586924552917,29.341858,65.7509,0.2107,1.835911644829644
5KPH_2_2_3_0_combined_id2,0.5887060165405273,1.9890031814575195,94.85583333333336,0.81,2,2,94.70097222222222,0.6565586924552917,29.341858,65.7509,0.209,1.8509169684516056
5KPH_2_2_3_0_combined_id20,0.789323627948761,1.8923869132995605,95.54277777777776,0.82,2,2,94.70097222222222,0.6565586924552917,29.341858,65.7509,0.1812,2.255905787150065
5KPH_2_2_3_0_combined_id21,0.5643689632415771,1.9098435640335083,94.45069444444444,0.81,2,2,94.70097222222222,0.6565586924552917,29.341858,65.7509,0.1848,2.204959445529514
5KPH_2_2_3_0_combined_id22,0.7542343735694885,2.078279495239258,92.00180555555556,0.79,2,2,94.70097222222222,0.6565586924552917,29.341858,65.7509,0.1879,2.2533887227376304
5KPH_2_2_3_0_combined_id23,0.5814325213432312,2.2348151206970215,93.86111111111111,0.79,2,2,94.70097222222222,0.6565586924552917,29.341858,65.7509,0.1888,2.1954142252604165
5KPH_2_2_3_0_combined_id24,0.6943934559822083,1.8556920289993286,90.90069444444444,0.76,2,2,94.70097222222222,0.6565586924552917,29.341858,65.7509,0.1776,2.158217536078559
5KPH_2_2_3_0_combined_id3,0.5500897765159607,1.9479647874832153,94.50472222222224,0.8,2,2,94.70097222222222,0.6565586924552917,29.341858,65.7509,0.1866,1.9482746124267576
5KPH_2_2_3_0_combined_id4,0.5984956622123718,2.0977272987365723,94.80916666666668,0.81,2,2,94.70097222222222,0.6565586924552917,29.341858,65.7509,0.1675,2.331101099650065
5KPH_2_2_3_0_combined_id5,0.8269523978233337,1.769303560256958,92.49319444444444,0.77,2,2,94.70097222222222,0.6565586924552917,29.341858,65.7509,0.1734,1.967065599229601
5KPH_2_2_3_0_combined_id6,0.9686736464500427,1.2222881317138672,89.33361111111111,0.71,2,2,94.70097222222222,0.6565586924552917,29.341858,65.7509,0.1877,1.9856241014268663
5KPH_2_2_3_0_combined_id7,0.6452631950378418,2.1551289558410645,93.81138888888889,0.79,2,2,94.70097222222222,0.6565586924552917,29.341858,65.7509,0.1915,2.1909879048665366
5KPH_2_2_3_0_combined_id8,0.6642274260520935,2.0105173587799072,94.48055555555555,0.8,2,2,94.70097222222222,0.6565586924552917,29.341858,65.7509,0.1806,2.163726382785373
5KPH_2_2_3_0_combined_id9,0.5394120812416077,1.987731695175171,96.20708333333332,0.82,2,2,94.70097222222222,0.6565586924552917,29.341858,65.7509,0.2257,2.158869425455729
5KPH_2_2_4_0_combined_id1,0.7142420411109924,1.0486624240875244,89.74222222222221,0.7,2,2,94.94055555555556,0.6120202541351318,27.743456,66.47516,0.1766,1.92178471883138
5KPH_2_2_4_0_combined_id10,0.7776357531547546,1.5504746437072754,92.965,0.79,2,2,94.94055555555556,0.6120202541351318,27.743456,66.47516,0.191,2.341192457411024
5KPH_2_2_4_0_combined_id11,0.7763524651527405,2.1460630893707275,91.89875,0.77,2,2,94.94055555555556,0.6120202541351318,27.743456,66.47516,0.1858,2.120009528266059
5KPH_2_2_4_0_combined_id12,0.6643598079681396,2.108566999435425,93.85680555555555,0.81,2,2,94.94055555555556,0.6120202541351318,27.743456,66.47516,0.1774,2.204365624321832
5KPH_2_2_4_0_combined_id13,0.8186196684837341,0.6931254267692566,89.24847222222222,0.73,2,2,94.94055555555556,0.6120202541351318,27.743456,66.47516,0.2,1.8391662173801
5KPH_2_2_4_0_combined_id14,1.057363510131836,0.739370584487915,90.03875,0.73,2,2,94.94055555555556,0.6120202541351318,27.743456,66.47516,0.1663,1.994905683729384
5KPH_2_2_4_0_combined_id15,0.6737450957298279,1.9444955587387085,95.45902777777778,0.82,2,2,94.94055555555556,0.6120202541351318,27.743456,66.47516,0.1899,2.285458034939236
5KPH_2_2_4_0_combined_id16,0.6666153073310852,2.1707873344421387,95.26916666666664,0.83,2,2,94.94055555555556,0.6120202541351318,27.743456,66.47516,0.2128,2.106953514946832
5KPH_2_2_4_0_combined_id17,0.646575391292572,1.915594220161438,93.94208333333331,0.81,2,2,94.94055555555556,0.6120202541351318,27.743456,66.47516,0.1637,2.012123107910156
5KPH_2_2_4_0_combined_id18,0.7232058644294739,1.0225549936294556,92.7575,0.78,2,2,94.94055555555556,0.6120202541351318,27.743456,66.47516,0.1575,2.1045593685574
5KPH_2_2_4_0_combined_id19,0.7497024536132812,2.1642189025878906,91.7372222222222,0.77,2,2,94.94055555555556,0.6120202541351318,27.743456,66.47516,0.1736,1.9834329817030163
5KPH_2_2_4_0_combined_id2,0.7353251576423645,2.095980167388916,93.42555555555556,0.8,2,2,94.94055555555556,0.6120202541351318,27.743456,66.47516,0.1764,2.176051669650608
5KPH_2_2_4_0_combined_id20,0.8345069289207458,0.9880362153053284,91.77305555555556,0.78,2,2,94.94055555555556,0.6120202541351318,27.743456,66.47516,0.1658,2.141095903184679
5KPH_2_2_4_0_combined_id22,0.7072659730911255,1.9238182306289673,91.98916666666666,0.76,2,2,94.94055555555556,0.6120202541351318,27.743456,66.47516,0.1937,2.0414519839816623
5KPH_2_2_4_0_combined_id23,0.706520140171051,1.7190724611282349,92.1675,0.79,2,2,94.94055555555556,0.6120202541351318,27.743456,66.47516,0.1666,2.209159639146593
5KPH_2_2_4_0_combined_id24,2.39676833152771,1.2135133743286133,91.0497222222222,0.72,2,2,94.94055555555556,0.6120202541351318,27.743456,66.47516,0.2056,1.848672866821289
5KPH_2_2_4_0_combined_id3,0.7844452261924744,0.7802906036376953,93.16402777777778,0.78,2,2,94.94055555555556,0.6120202541351318,27.743456,66.47516,0.196,1.9500240749782989
5KPH_2_2_4_0_combined_id4,0.717568039894104,1.2096682786941528,90.58625,0.74,2,2,94.94055555555556,0.6120202541351318,27.743456,66.47516,0.163,1.9467269049750435
5KPH_2_2_4_0_combined_id5,0.6690614223480225,1.7300176620483398,93.68708333333332,0.79,2,2,94.94055555555556,0.6120202541351318,27.743456,66.47516,0.1682,2.0802478790283203
5KPH_2_2_4_0_combined_id6,0.6552146077156067,2.0669777393341064,95.17861111111112,0.83,2,2,94.94055555555556,0.6120202541351318,27.743456,66.47516,0.1958,2.176108890109592
5KPH_2_2_4_0_combined_id7,0.8271036744117737,1.0777003765106201,92.50361111111113,0.77,2,2,94.94055555555556,0.6120202541351318,27.743456,66.47516,0.1601,2.160550011528863
5KPH_2_2_4_0_combined_id8,0.7586714029312134,2.2601561546325684,93.17222222222222,0.78,2,2,94.94055555555556,0.6120202541351318,27.743456,66.47516,0.1807,2.067313936021593
5KPH_2_2_4_0_combined_id9,0.6083444356918335,2.0657451152801514,93.36458333333331,0.79,2,2,94.94055555555556,0.6120202541351318,27.743456,66.47516,0.1785,2.080801433987088
5KPH_2_2_5_0_combined_id1,0.6228762865066528,1.207704782485962,92.79416666666664,0.78,2,2,95.79027777777776,0.6174848079681396,29.067644,66.2739,0.2039,2.0527125464545355
5KPH_2_2_5_0_combined_id10,0.5755577683448792,1.503056526184082,90.52041666666668,0.76,2,2,95.79027777777776,0.6174848079681396,29.067644,66.2739,0.1848,2.2965164184570312
5KPH_2_2_5_0_combined_id11,0.6467673182487488,1.6910805702209473,91.22541666666666,0.74,2,2,95.79027777777776,0.6174848079681396,29.067644,66.2739,0.2037,2.1638624403211804
5KPH_2_2_5_0_combined_id12,0.46439120173454285,1.4391264915466309,92.22486111111112,0.77,2,2,95.79027777777776,0.6174848079681396,29.067644,66.2739,0.1857,2.0303832160102
5KPH_2_2_5_0_combined_id13,0.816580593585968,2.2867166996002197,95.11180555555556,0.8,2,2,95.79027777777776,0.6174848079681396,29.067644,66.2739,0.1868,2.0622016059027777
5KPH_2_2_5_0_combined_id14,0.9912275075912476,1.1573877334594727,93.45305555555557,0.8,2,2,95.79027777777776,0.6174848079681396,29.067644,66.2739,0.1961,2.243011898464627
5KPH_2_2_5_0_combined_id15,0.608076274394989,1.8325886726379395,94.66944444444444,0.8,2,2,95.79027777777776,0.6174848079681396,29.067644,66.2739,0.177,2.054101732042101
5KPH_2_2_5_0_combined_id16,1.157979130744934,0.8252051472663879,89.25874999999999,0.73,2,2,95.79027777777776,0.6174848079681396,29.067644,66.2739,0.2058,1.835854848225912
5KPH_2_2_5_0_combined_id17,0.4763135612010956,1.6701161861419678,90.56958333333334,0.74,2,2,95.79027777777776,0.6174848079681396,29.067644,66.2739,0.1751,2.061990314059788
5KPH_2_2_5_0_combined_id18,0.6183209419250488,1.4741156101226807,93.26819444444445,0.78,2,2,95.79027777777776,0.6174848079681396,29.067644,66.2739,0.1815,2.443392859564887
5KPH_2_2_5_0_combined_id19,0.8424878120422363,0.8016112446784973,90.03166666666667,0.74,2,2,95.79027777777776,0.6174848079681396,29.067644,66.2739,0.1841,2.1092906528049045
5KPH_2_2_5_0_combined_id2,0.553935706615448,1.3327434062957764,92.20319444444443,0.77,2,2,95.79027777777776,0.6174848079681396,29.067644,66.2739,0.1926,1.977803548177084
5KPH_2_2_5_0_combined_id20,0.8718281984329224,1.2303937673568726,95.11027777777778,0.81,2,2,95.79027777777776,0.6174848079681396,29.067644,66.2739,0.214,1.9032906426323783
5KPH_2_2_5_0_combined_id21,0.5188524127006531,1.804054617881775,95.03347222222222,0.82,2,2,95.79027777777776,0.6174848079681396,29.067644,66.2739,0.1898,2.039887534247504
5KPH_2_2_5_0_combined_id22,0.6229868531227112,1.6767414808273315,93.3725,0.78,2,2,95.79027777777776,0.6174848079681396,29.067644,66.2739,0.2102,2.0955503251817493
5KPH_2_2_5_0_combined_id23,0.9142226576805115,1.1022264957427979,89.48902777777778,0.71,2,2,95.79027777777776,0.6174848079681396,29.067644,66.2739,0.1967,1.8586499955919047
5KPH_2_2_5_0_combined_id24,0.6385000348091125,1.8016637563705444,93.1048611111111,0.78,2,2,95.79027777777776,0.6174848079681396,29.067644,66.2739,0.1792,2.164136674669054
5KPH_2_2_5_0_combined_id3,0.6379927396774292,1.3150473833084106,92.92666666666668,0.79,2,2,95.79027777777776,0.6174848079681396,29.067644,66.2739,0.2132,2.127716912163629
5KPH_2_2_5_0_combined_id4,0.6207117438316345,1.3302289247512817,93.6325,0.8,2,2,95.79027777777776,0.6174848079681396,29.067644,66.2739,0.2102,1.899258507622613
5KPH_2_2_5_0_combined_id6,0.5565430521965027,1.5021450519561768,91.74472222222222,0.76,2,2,95.79027777777776,0.6174848079681396,29.067644,66.2739,0.1921,2.038224538167318
5KPH_2_2_5_0_combined_id7,0.626920759677887,1.8050222396850586,94.94083333333332,0.82,2,2,95.79027777777776,0.6174848079681396,29.067644,66.2739,0.2116,2.2415055168999567
5KPH_2_2_5_0_combined_id8,0.6503142714500427,1.154515027999878,91.38694444444444,0.76,2,2,95.79027777777776,0.6174848079681396,29.067644,66.2739,0.2102,2.03000111050076
5KPH_2_2_6_0_combined_id1,0.652529776096344,1.6572601795196533,94.80222222222224,0.8,2,2,94.94083333333332,0.7055841088294983,28.5148,65.0516,0.1922,2.030653423733181
5KPH_2_2_6_0_combined_id10,0.797514021396637,1.80647873878479,93.77930555555557,0.81,2,2,94.94083333333332,0.7055841088294983,28.5148,65.0516,0.1859,2.1044178009033203
5KPH_2_2_6_0_combined_id11,0.7691439390182495,1.7718746662139893,95.60583333333332,0.82,2,2,94.94083333333332,0.7055841088294983,28.5148,65.0516,0.2073,2.3847376505533853
5KPH_2_2_6_0_combined_id12,0.917061448097229,2.3300135135650635,87.87708333333333,0.73,2,2,94.94083333333332,0.7055841088294983,28.5148,65.0516,0.1642,2.3941737280951605
5KPH_2_2_6_0_combined_id13,0.7525500655174255,2.2267205715179443,90.04986111111111,0.73,2,2,94.94083333333332,0.7055841088294983,28.5148,65.0516,0.1716,2.307197358873156
5KPH_2_2_6_0_combined_id14,0.5857159495353699,1.9657039642333984,95.52722222222222,0.82,2,2,94.94083333333332,0.7055841088294983,28.5148,65.0516,0.2006,2.194657855563693
5KPH_2_2_6_0_combined_id15,0.750024139881134,2.120833396911621,94.14472222222224,0.82,2,2,94.94083333333332,0.7055841088294983,28.5148,65.0516,0.2089,2.2109241485595703
5KPH_2_2_6_0_combined_id16,0.6422867774963379,1.1117175817489624,95.04430555555555,0.82,2,2,94.94083333333332,0.7055841088294983,28.5148,65.0516,0.2005,2.031587812635633
5KPH_2_2_6_0_combined_id17,0.5969375967979431,2.092111587524414,92.45402777777778,0.77,2,2,94.94083333333332,0.7055841088294983,28.5148,65.0516,0.1806,2.1713790893554688
5KPH_2_2_6_0_combined_id18,0.826693058013916,1.6285568475723267,95.66777777777776,0.83,2,2,94.94083333333332,0.7055841088294983,28.5148,65.0516,0.207,1.9007220798068576
5KPH_2_2_6_0_combined_id19,0.8119760751724243,1.0226480960845947,91.60666666666668,0.76,2,2,94.94083333333332,0.7055841088294983,28.5148,65.0516,0.2115,2.1488238440619574
5KPH_2_2_6_0_combined_id2,0.5177130103111267,2.0011231899261475,94.86861111111112,0.81,2,2,94.94083333333332,0.7055841088294983,28.5148,65.0516,0.1834,2.030601501464844
5KPH_2_2_6_0_combined_id20,0.8248886466026306,1.3256888389587402,91.94319444444446,0.76,2,2,94.94083333333332,0.7055841088294983,28.5148,65.0516,0.209,1.973216586642795
5KPH_2_2_6_0_combined_id21,0.5671473145484924,1.824657917022705,94.84777777777778,0.8,2,2,94.94083333333332,0.7055841088294983,28.5148,65.0516,0.1813,2.2126068539089627
5KPH_2_2_6_0_combined_id22,0.8156702518463135,1.9881811141967773,90.81680555555556,0.76,2,2,94.94083333333332,0.7055841088294983,28.5148,65.0516,0.1957,2.1542765299479165
5KPH_2_2_6_0_combined_id23,1.4714823961257935,1.6524958610534668,94.4688888888889,0.8,2,2,94.94083333333332,0.7055841088294983,28.5148,65.0516,0.1967,1.963636186387804
5KPH_2_2_6_0_combined_id24,8.190457344055176,7.493855953216553,73.85902777777778,0.55,2,2,94.94083333333332,0.7055841088294983,28.5148,65.0516,0.1753,2.070556216769748
5KPH_2_2_6_0_combined_id3,1.9490160942077637,0.8260245323181152,89.70777777777778,0.71,2,2,94.94083333333332,0.7055841088294983,28.5148,65.0516,0.1923,2.004709667629666
5KPH_2_2_6_0_combined_id4,0.9726671576499939,1.394542932510376,88.4973611111111,0.71,2,2,94.94083333333332,0.7055841088294983,28.5148,65.0516,0.1896,2.0648182762993708
5KPH_2_2_6_0_combined_id5,1.0097770690917969,0.93687504529953,93.09430555555556,0.78,2,2,94.94083333333332,0.7055841088294983,28.5148,65.0516,0.2104,2.0504938761393228
5KPH_2_2_6_0_combined_id6,0.7990066409111023,1.5028281211853027,89.44472222222223,0.73,2,2,94.94083333333332,0.7055841088294983,28.5148,65.0516,0.1795,2.072418212890625
5KPH_2_2_6_0_combined_id7,2.18711519241333,0.833193302154541,95.12708333333332,0.8,2,2,94.94083333333332,0.7055841088294983,28.5148,65.0516,0.2179,2.1388151380750866
5KPH_2_2_6_0_combined_id8,1.2612143754959106,0.8780474662780762,93.9251388888889,0.78,2,2,94.94083333333332,0.7055841088294983,28.5148,65.0516,0.2056,2.088058683607313
5KPH_2_2_6_0_combined_id9,0.5723831653594971,2.0261356830596924,92.8176388888889,0.79,2,2,94.94083333333332,0.7055841088294983,28.5148,65.0516,0.2101,2.109408060709636
5KPH_2_2_7_0_combined_id1,0.6966190338134766,2.034764289855957,94.63652777777776,0.8,2,2,95.26416666666668,0.5629390478134155,26.249056,63.93125,0.194,2.1178190443250866
5KPH_2_2_7_0_combined_id11,0.8170993328094482,1.4387816190719604,93.05041666666666,0.75,2,2,95.26416666666668,0.5629390478134155,26.249056,63.93125,0.1745,2.097579532199436
5KPH_2_2_7_0_combined_id13,0.6173845529556274,1.573492169380188,93.09791666666666,0.79,2,2,95.26416666666668,0.5629390478134155,26.249056,63.93125,0.2023,2.332513173421224
5KPH_2_2_7_0_combined_id14,0.8670704960823059,1.8116776943206787,94.25805555555556,0.8,2,2,95.26416666666668,0.5629390478134155,26.249056,63.93125,0.1973,2.1561800638834634
5KPH_2_2_7_0_combined_id15,0.6185459494590759,2.0850696563720703,95.74138888888888,0.83,2,2,95.26416666666668,0.5629390478134155,26.249056,63.93125,0.225,2.1825006273057728
5KPH_2_2_7_0_combined_id16,1.1056064367294312,1.1567124128341675,91.16388888888888,0.73,2,2,95.26416666666668,0.5629390478134155,26.249056,63.93125,0.1835,2.030729505750868
5KPH_2_2_7_0_combined_id17,0.6654539704322815,1.7141032218933105,96.00875,0.82,2,2,95.26416666666668,0.5629390478134155,26.249056,63.93125,0.1793,2.0835698445638022
5KPH_2_2_7_0_combined_id18,0.7710463404655457,1.8354655504226685,93.13625,0.79,2,2,95.26416666666668,0.5629390478134155,26.249056,63.93125,0.1865,1.989348517523872
5KPH_2_2_7_0_combined_id19,0.8229162096977234,2.0757060050964355,93.88583333333332,0.79,2,2,95.26416666666668,0.5629390478134155,26.249056,63.93125,0.1999,2.0623465643988714
5KPH_2_2_7_0_combined_id2,0.8528911471366882,0.8902000784873962,92.7934722222222,0.77,2,2,95.26416666666668,0.5629390478134155,26.249056,63.93125,0.2011,2.0886976453993054
5KPH_2_2_7_0_combined_id20,0.815246045589447,2.0619559288024902,94.26875,0.8,2,2,95.26416666666668,0.5629390478134155,26.249056,63.93125,0.1697,2.181335873074002
5KPH_2_2_7_0_combined_id21,0.8094894289970398,1.5562548637390137,92.34541666666668,0.77,2,2,95.26416666666668,0.5629390478134155,26.249056,63.93125,0.1981,2.027857886420356
5KPH_2_2_7_0_combined_id22,0.611244261264801,2.041971445083618,94.27527777777776,0.8,2,2,95.26416666666668,0.5629390478134155,26.249056,63.93125,0.1861,2.319883346557617
5KPH_2_2_7_0_combined_id23,0.8555417060852051,2.051628589630127,94.57625,0.8,2,2,95.26416666666668,0.5629390478134155,26.249056,63.93125,0.1866,2.16407839457194
5KPH_2_2_7_0_combined_id24,0.6385430097579956,2.0740966796875,95.85055555555556,0.83,2,2,95.26416666666668,0.5629390478134155,26.249056,63.93125,0.2186,2.264142778184679
5KPH_2_2_7_0_combined_id3,0.8715978264808655,1.0730189085006714,92.43916666666668,0.76,2,2,95.26416666666668,0.5629390478134155,26.249056,63.93125,0.2204,1.853846867879232
5KPH_2_2_7_0_combined_id4,0.7323857545852661,0.693610668182373,90.46444444444444,0.73,2,2,95.26416666666668,0.5629390478134155,26.249056,63.93125,0.1903,1.8643629286024304
5KPH_2_2_7_0_combined_id5,0.8408969640731812,2.3244645595550537,95.46763888888889,0.83,2,2,95.26416666666668,0.5629390478134155,26.249056,63.93125,0.2069,2.230685763888889
5KPH_2_2_7_0_combined_id6,0.6426698565483093,1.940813422203064,95.00458333333331,0.82,2,2,95.26416666666668,0.5629390478134155,26.249056,63.93125,0.2069,2.0355266994900174
5KPH_2_2_7_0_combined_id9,0.5813801884651184,1.9570481777191162,94.26944444444445,0.8,2,2,95.26416666666668,0.5629390478134155,26.249056,63.93125,0.2315,2.063754399617513
5KPH_2_2_8_0_combined_id1,0.87440425157547,1.7791024446487427,89.50194444444443,0.69,2,2,94.51486111111112,0.6734621524810791,28.248516,64.75931,0.1904,1.7357333501180012
5KPH_2_2_8_0_combined_id10,1.2995576858520508,0.7560107707977295,94.07402777777776,0.77,2,2,94.51486111111112,0.6734621524810791,28.248516,64.75931,0.22,2.001501295301649
5KPH_2_2_8_0_combined_id11,0.6614232063293457,2.1332144737243652,94.42861111111112,0.81,2,2,94.51486111111112,0.6734621524810791,28.248516,64.75931,0.1714,2.390896479288737
5KPH_2_2_8_0_combined_id12,0.7462704181671143,1.5109714269638062,90.37972222222224,0.75,2,2,94.51486111111112,0.6734621524810791,28.248516,64.75931,0.1823,1.8858295016818576
5KPH_2_2_8_0_combined_id13,0.6262347102165222,1.8270066976547241,94.20305555555557,0.8,2,2,94.51486111111112,0.6734621524810791,28.248516,64.75931,0.2039,2.1943126254611545
5KPH_2_2_8_0_combined_id14,0.9469079375267029,1.7911710739135742,94.77222222222224,0.82,2,2,94.51486111111112,0.6734621524810791,28.248516,64.75931,0.2017,2.309420691596137
5KPH_2_2_8_0_combined_id15,0.8930225968360901,1.1181493997573853,93.82319444444444,0.79,2,2,94.51486111111112,0.6734621524810791,28.248516,64.75931,0.1905,2.2112344106038413
5KPH_2_2_8_0_combined_id16,0.6917937994003296,2.0625696182250977,93.84027777777776,0.78,2,2,94.51486111111112,0.6734621524810791,28.248516,64.75931,0.1701,2.426732805040148
5KPH_2_2_8_0_combined_id17,0.8372001647949219,0.6791735291481018,94.14652777777776,0.78,2,2,94.51486111111112,0.6734621524810791,28.248516,64.75931,0.1905,1.9581756591796875
5KPH_2_2_8_0_combined_id18,0.6488329172134399,1.9708036184310913,91.98875,0.77,2,2,94.51486111111112,0.6734621524810791,28.248516,64.75931,0.1933,2.115417904324002
5KPH_2_2_8_0_combined_id19,0.7156429886817932,1.1858819723129272,94.51902777777778,0.81,2,2,94.51486111111112,0.6734621524810791,28.248516,64.75931,0.2101,2.265722274780273
5KPH_2_2_8_0_combined_id2,0.6909341812133789,1.7992520332336426,89.56013888888889,0.73,2,2,94.51486111111112,0.6734621524810791,28.248516,64.75931,0.1885,1.887616475423177
5KPH_2_2_8_0_combined_id20,0.6530978083610535,1.2857024669647217,92.62763888888888,0.78,2,2,94.51486111111112,0.6734621524810791,28.248516,64.75931,0.18,2.029026879204644
5KPH_2_2_8_0_combined_id21,0.5941956043243408,1.8160853385925293,92.30833333333334,0.78,2,2,94.51486111111112,0.6734621524810791,28.248516,64.75931,0.2068,1.8671544392903645
5KPH_2_2_8_0_combined_id22,1.0414170026779175,0.6967230439186096,93.84472222222222,0.79,2,2,94.51486111111112,0.6734621524810791,28.248516,64.75931,0.2115,2.010328080919054
5KPH_2_2_8_0_combined_id23,1.0430947542190552,1.7968947887420654,94.3273611111111,0.8,2,2,94.51486111111112,0.6734621524810791,28.248516,64.75931,0.1821,2.209015316433377
5KPH_2_2_8_0_combined_id24,0.7881016135215759,0.868668258190155,92.08375,0.76,2,2,94.51486111111112,0.6734621524810791,28.248516,64.75931,0.2156,2.098409440782336
5KPH_2_2_8_0_combined_id3,0.5911248922348022,0.7773798704147339,92.83625,0.76,2,2,94.51486111111112,0.6734621524810791,28.248516,64.75931,0.1919,1.893555535210504
5KPH_2_2_8_0_combined_id4,0.6178007125854492,2.0114049911499023,94.6065277777778,0.8,2,2,94.51486111111112,0.6734621524810791,28.248516,64.75931,0.1855,2.0455479092068143
5KPH_2_2_8_0_combined_id5,0.7459580302238464,1.6767369508743286,94.3565277777778,0.81,2,2,94.51486111111112,0.6734621524810791,28.248516,64.75931,0.1723,2.231072531806098
5KPH_2_2_8_0_combined_id6,0.7145641446113586,1.4844506978988647,91.67055555555557,0.78,2,2,94.51486111111112,0.6734621524810791,28.248516,64.75931,0.1853,2.01227781507704
5KPH_2_2_8_0_combined_id8,0.5946900844573975,1.4362574815750122,93.69041666666664,0.79,2,2,94.51486111111112,0.6734621524810791,28.248516,64.75931,0.2077,2.169162326388889
5KPH_2_2_8_0_combined_id9,0.7167585492134094,1.4810956716537476,93.1751388888889,0.79,2,2,94.51486111111112,0.6734621524810791,28.248516,64.75931,0.1727,2.062547895643446
5KPH_2_2_9_0_combined_id1,0.7501729726791382,2.067664384841919,93.18291666666669,0.78,2,2,95.96875,0.7722070813179016,27.945183,67.43445,0.1997,1.9778304629855683
5KPH_2_2_9_0_combined_id10,0.8881821632385254,0.9581170082092285,91.44805555555554,0.77,2,2,95.96875,0.7722070813179016,27.945183,67.43445,0.1821,2.0837860107421875
5KPH_2_2_9_0_combined_id11,0.5428565144538879,1.9319005012512207,94.72847222222222,0.81,2,2,95.96875,0.7722070813179016,27.945183,67.43445,0.1999,1.9557490878634984
5KPH_2_2_9_0_combined_id12,1.068006992340088,0.5918286442756653,91.82069444444444,0.77,2,2,95.96875,0.7722070813179016,27.945183,67.43445,0.2106,2.067885504828559
5KPH_2_2_9_0_combined_id13,0.6486546993255615,1.136628270149231,95.6301388888889,0.81,2,2,95.96875,0.7722070813179016,27.945183,67.43445,0.2197,2.332260343763563
5KPH_2_2_9_0_combined_id14,0.772416353225708,2.1495554447174072,96.95069444444442,0.83,2,2,95.96875,0.7722070813179016,27.945183,67.43445,0.2363,2.086481518215604
5KPH_2_2_9_0_combined_id15,0.7700576782226562,2.102275848388672,93.32375,0.8,2,2,95.96875,0.7722070813179016,27.945183,67.43445,0.2016,1.990165286593967
5KPH_2_2_9_0_combined_id16,0.8939398527145386,0.9743386507034302,95.3025,0.8,2,2,95.96875,0.7722070813179016,27.945183,67.43445,0.1941,2.0931133694118924
5KPH_2_2_9_0_combined_id17,0.6164069771766663,1.9678733348846436,94.80541666666666,0.79,2,2,95.96875,0.7722070813179016,27.945183,67.43445,0.2054,2.1275933583577475
5KPH_2_2_9_0_combined_id18,1.1436623334884644,0.5282964110374451,92.80361111111112,0.76,2,2,95.96875,0.7722070813179016,27.945183,67.43445,0.1958,2.234846750895182
5KPH_2_2_9_0_combined_id2,0.7278822660446167,0.787652850151062,93.05305555555556,0.77,2,2,95.96875,0.7722070813179016,27.945183,67.43445,0.1896,2.066105524698893
5KPH_2_2_9_0_combined_id20,0.7433418035507202,2.0233492851257324,94.55291666666666,0.79,2,2,95.96875,0.7722070813179016,27.945183,67.43445,0.1953,2.077987670898437
5KPH_2_2_9_0_combined_id21,0.6465774178504944,1.034652590751648,93.77125,0.79,2,2,95.96875,0.7722070813179016,27.945183,67.43445,0.1587,2.334004931979709
5KPH_2_2_9_0_combined_id22,0.7017794847488403,1.8483740091323853,94.08611111111112,0.8,2,2,95.96875,0.7722070813179016,27.945183,67.43445,0.2107,2.19841045803494
5KPH_2_2_9_0_combined_id23,0.6854259967803955,1.456430435180664,95.76819444444445,0.83,2,2,95.96875,0.7722070813179016,27.945183,67.43445,0.2039,2.33502197265625
5KPH_2_2_9_0_combined_id24,0.6305621862411499,1.9201303720474243,96.18944444444443,0.83,2,2,95.96875,0.7722070813179016,27.945183,67.43445,0.2079,2.4238607618543835
5KPH_2_2_9_0_combined_id3,0.634617030620575,1.9115513563156128,94.01305555555555,0.79,2,2,95.96875,0.7722070813179016,27.945183,67.43445,0.1988,2.143376456366645
5KPH_2_2_9_0_combined_id4,0.6175135970115662,1.9720094203948975,91.88,0.77,2,2,95.96875,0.7722070813179016,27.945183,67.43445,0.1974,2.186343722873264
5KPH_2_2_9_0_combined_id5,0.6335663795471191,1.5469412803649902,94.31708333333331,0.79,2,2,95.96875,0.7722070813179016,27.945183,67.43445,0.2327,2.314536836412218
5KPH_2_2_9_0_combined_id7,0.5726986527442932,2.0068747997283936,93.46777777777778,0.77,2,2,95.96875,0.7722070813179016,27.945183,67.43445,0.1945,2.249759250217014
5KPH_2_2_9_0_combined_id8,0.7426602244377136,1.705429196357727,90.5075,0.75,2,2,95.96875,0.7722070813179016,27.945183,67.43445,0.1882,2.0491095648871527
5KPH_2_2_9_0_combined_id9,0.7133451104164124,1.867885947227478,94.33486111111112,0.8,2,2,95.96875,0.7722070813179016,27.945183,67.43445,0.1806,2.007349650065104
5KPH_2_4_0_0_combined_id10,0.7545356154441833,1.8303532600402832,95.13791666666664,0.81,2,4,96.07763888888888,0.5670257210731506,27.265602,66.684906,0.22,2.1038269466824
5KPH_2_4_0_0_combined_id11,0.6528693437576294,2.1771225929260254,95.73583333333332,0.83,2,4,96.07763888888888,0.5670257210731506,27.265602,66.684906,0.1938,2.224024030897352
5KPH_2_4_0_0_combined_id13,0.8338457345962524,1.0806044340133667,87.2863888888889,0.7,2,4,96.07763888888888,0.5670257210731506,27.265602,66.684906,0.2016,2.01735602484809
5KPH_2_4_0_0_combined_id14,1.490689992904663,0.876830518245697,92.00694444444444,0.75,2,4,96.07763888888888,0.5670257210731506,27.265602,66.684906,0.1981,1.8795255025227864
5KPH_2_4_0_0_combined_id16,0.7993740439414978,1.9597822427749634,90.42652777777778,0.73,2,4,96.07763888888888,0.5670257210731506,27.265602,66.684906,0.2066,1.952190187242296
5KPH_2_4_0_0_combined_id17,1.0328857898712158,1.6956899166107178,96.81152777777778,0.83,2,4,96.07763888888888,0.5670257210731506,27.265602,66.684906,0.2103,1.9302864074707031
5KPH_2_4_0_0_combined_id18,0.6077189445495605,2.1344778537750244,95.29180555555556,0.81,2,4,96.07763888888888,0.5670257210731506,27.265602,66.684906,0.2046,2.075411054823133
5KPH_2_4_0_0_combined_id19,0.7577019333839417,1.8691866397857666,90.88277777777778,0.74,2,4,96.07763888888888,0.5670257210731506,27.265602,66.684906,0.1876,1.9392140706380208
5KPH_2_4_0_0_combined_id2,0.586784839630127,2.1376216411590576,94.72305555555556,0.82,2,4,96.07763888888888,0.5670257210731506,27.265602,66.684906,0.1917,2.019645267062717
5KPH_2_4_0_0_combined_id20,0.7487162351608276,1.75827956199646,91.69027777777778,0.76,2,4,96.07763888888888,0.5670257210731506,27.265602,66.684906,0.1878,1.928455776638455
5KPH_2_4_0_0_combined_id21,0.5875633358955383,1.7408323287963867,92.81597222222224,0.78,2,4,96.07763888888888,0.5670257210731506,27.265602,66.684906,0.2096,1.8152183956570096
5KPH_2_4_0_0_combined_id22,6.30207633972168,5.968404769897461,73.38749999999999,0.46,2,4,96.07763888888888,0.5670257210731506,27.265602,66.684906,0.1983,1.7753131654527452
5KPH_2_4_0_0_combined_id23,0.5665450692176819,2.1323039531707764,95.28041666666668,0.81,2,4,96.07763888888888,0.5670257210731506,27.265602,66.684906,0.1844,2.0205296410454645
5KPH_2_4_0_0_combined_id24,0.798620343208313,2.0455923080444336,95.57833333333332,0.82,2,4,96.07763888888888,0.5670257210731506,27.265602,66.684906,0.2167,2.142758051554362
5KPH_2_4_0_0_combined_id3,1.6479568481445312,0.7720361351966858,94.39888888888888,0.78,2,4,96.07763888888888,0.5670257210731506,27.265602,66.684906,0.1847,2.263169606526693
5KPH_2_4_0_0_combined_id4,0.8248006701469421,0.9976041316986084,90.56388888888888,0.71,2,4,96.07763888888888,0.5670257210731506,27.265602,66.684906,0.1835,2.04893069797092
5KPH_2_4_0_0_combined_id5,0.7319236993789673,1.9496759176254272,92.5275,0.76,2,4,96.07763888888888,0.5670257210731506,27.265602,66.684906,0.2169,1.6522765689425998
5KPH_2_4_0_0_combined_id6,1.99498450756073,0.7179490923881531,93.85666666666668,0.79,2,4,96.07763888888888,0.5670257210731506,27.265602,66.684906,0.1984,1.8269320593939888
5KPH_2_4_0_0_combined_id7,0.7270863652229309,0.7855300307273865,89.5623611111111,0.69,2,4,96.07763888888888,0.5670257210731506,27.265602,66.684906,0.2001,1.814052369859484
5KPH_2_4_0_0_combined_id8,0.6448484063148499,1.5367320775985718,87.53972222222222,0.71,2,4,96.07763888888888,0.5670257210731506,27.265602,66.684906,0.1896,2.0127455393473306
5KPH_2_4_0_0_combined_id9,0.6512211561203003,2.1970973014831543,95.74597222222222,0.82,2,4,96.07763888888888,0.5670257210731506,27.265602,66.684906,0.206,1.964854770236545
5KPH_2_4_1_0_combined_id1,0.6338135004043579,1.6625643968582153,90.96305555555554,0.73,2,4,95.87930555555556,0.5887185335159302,28.415594,65.35456,0.1978,2.0187975565592446
5KPH_2_4_1_0_combined_id10,0.6280518174171448,1.8580571413040161,89.49541666666667,0.72,2,4,95.87930555555556,0.5887185335159302,28.415594,65.35456,0.1649,2.216732449001736
5KPH_2_4_1_0_combined_id11,0.7874009013175964,0.7612125873565674,95.18194444444444,0.81,2,4,95.87930555555556,0.5887185335159302,28.415594,65.35456,0.2116,1.9538775549994567
5KPH_2_4_1_0_combined_id12,0.6355400085449219,1.5076932907104492,92.30402777777778,0.78,2,4,95.87930555555556,0.5887185335159302,28.415594,65.35456,0.2204,2.001619974772136
5KPH_2_4_1_0_combined_id13,0.685462474822998,1.6505684852600098,90.9402777777778,0.75,2,4,95.87930555555556,0.5887185335159302,28.415594,65.35456,0.1919,1.8779756757948127
5KPH_2_4_1_0_combined_id14,0.6849976181983948,2.1441938877105713,91.78472222222224,0.77,2,4,95.87930555555556,0.5887185335159302,28.415594,65.35456,0.1943,2.164930767483181
5KPH_2_4_1_0_combined_id15,0.9188128709793091,0.9468638300895691,95.69736111111108,0.83,2,4,95.87930555555556,0.5887185335159302,28.415594,65.35456,0.1913,2.0368707444932728
5KPH_2_4_1_0_combined_id16,0.7612805962562561,1.7826069593429565,94.41930555555555,0.81,2,4,95.87930555555556,0.5887185335159302,28.415594,65.35456,0.1636,2.134616427951389
5KPH_2_4_1_0_combined_id17,0.6713240742683411,1.5968844890594482,93.36652777777778,0.77,2,4,95.87930555555556,0.5887185335159302,28.415594,65.35456,0.1892,2.1437661912706165
5KPH_2_4_1_0_combined_id18,1.6652507781982422,1.126991868019104,91.47916666666669,0.74,2,4,95.87930555555556,0.5887185335159302,28.415594,65.35456,0.1831,2.052231682671441
5KPH_2_4_1_0_combined_id19,1.883624792098999,0.7363516688346863,92.08416666666666,0.77,2,4,95.87930555555556,0.5887185335159302,28.415594,65.35456,0.1917,1.9270960489908853
5KPH_2_4_1_0_combined_id2,1.5219459533691406,1.6886262893676758,94.57625,0.8,2,4,95.87930555555556,0.5887185335159302,28.415594,65.35456,0.1722,2.701279958089193
5KPH_2_4_1_0_combined_id20,1.756430983543396,0.7009335160255432,92.50861111111112,0.77,2,4,95.87930555555556,0.5887185335159302,28.415594,65.35456,0.192,1.9551531473795567
5KPH_2_4_1_0_combined_id21,0.7347363829612732,1.3437061309814453,87.00152777777778,0.66,2,4,95.87930555555556,0.5887185335159302,28.415594,65.35456,0.1816,2.072413126627604
5KPH_2_4_1_0_combined_id23,0.5108175277709961,2.0199687480926514,93.89097222222225,0.8,2,4,95.87930555555556,0.5887185335159302,28.415594,65.35456,0.1939,2.115517934163412
5KPH_2_4_1_0_combined_id24,0.5885187983512878,1.9486123323440552,92.65736111111111,0.78,2,4,95.87930555555556,0.5887185335159302,28.415594,65.35456,0.1724,2.164295196533203
5KPH_2_4_1_0_combined_id3,0.6372089385986328,1.72622549533844,90.1973611111111,0.73,2,4,95.87930555555556,0.5887185335159302,28.415594,65.35456,0.1857,2.059133105807834
5KPH_2_4_1_0_combined_id4,0.7633718252182007,1.0752372741699219,89.23069444444445,0.72,2,4,95.87930555555556,0.5887185335159302,28.415594,65.35456,0.1643,2.408195071750217
5KPH_2_4_1_0_combined_id5,0.7146536707878113,1.9361666440963745,94.97041666666668,0.82,2,4,95.87930555555556,0.5887185335159302,28.415594,65.35456,0.1952,2.382978015475803
5KPH_2_4_1_0_combined_id6,0.7371668219566345,1.7975640296936035,90.94166666666666,0.75,2,4,95.87930555555556,0.5887185335159302,28.415594,65.35456,0.1834,2.015170627170139
5KPH_2_4_1_0_combined_id7,1.1825031042099,0.6384485363960266,92.63875,0.79,2,4,95.87930555555556,0.5887185335159302,28.415594,65.35456,0.1841,2.033022986518012
5KPH_2_4_1_0_combined_id8,0.6553300619125366,0.8297780156135559,93.03125,0.78,2,4,95.87930555555556,0.5887185335159302,28.415594,65.35456,0.193,1.9345722198486328
5KPH_2_4_1_0_combined_id9,0.5117382407188416,1.524734377861023,90.41638888888887,0.76,2,4,95.87930555555556,0.5887185335159302,28.415594,65.35456,0.1967,2.123090320163303
5KPH_2_4_2_0_combined_id1,1.878125786781311,0.8257825374603271,95.41763888888887,0.81,2,4,92.7372222222222,0.568327009677887,28.157482,65.90799,0.18,1.935997009277344
5KPH_2_4_2_0_combined_id10,0.8773474097251892,0.8742192983627319,94.65597222222222,0.8,2,4,92.7372222222222,0.568327009677887,28.157482,65.90799,0.216,2.00260967678494
5KPH_2_4_2_0_combined_id11,0.6458535194396973,0.6514770984649658,91.9872222222222,0.77,2,4,92.7372222222222,0.568327009677887,28.157482,65.90799,0.1988,2.0467300415039062
5KPH_2_4_2_0_combined_id12,0.5895377993583679,0.8834571242332458,94.43597222222223,0.79,2,4,92.7372222222222,0.568327009677887,28.157482,65.90799,0.1967,1.893417146470812
5KPH_2_4_2_0_combined_id13,0.6192359924316406,1.4596589803695679,90.86180555555556,0.74,2,4,92.7372222222222,0.568327009677887,28.157482,65.90799,0.2022,1.9036759270562067
5KPH_2_4_2_0_combined_id15,0.6520723700523376,1.7416107654571533,94.71819444444444,0.8,2,4,92.7372222222222,0.568327009677887,28.157482,65.90799,0.2127,1.831692377726237
5KPH_2_4_2_0_combined_id16,0.7494962215423584,0.6552000641822815,92.47291666666666,0.77,2,4,92.7372222222222,0.568327009677887,28.157482,65.90799,0.2206,1.679933336046007
5KPH_2_4_2_0_combined_id17,0.8064138293266296,0.8909299373626709,91.04638888888888,0.72,2,4,92.7372222222222,0.568327009677887,28.157482,65.90799,0.2121,1.8806495666503904
5KPH_2_4_2_0_combined_id18,0.8090396523475647,0.5946750044822693,92.58611111111112,0.76,2,4,92.7372222222222,0.568327009677887,28.157482,65.90799,0.2007,1.7355254491170249
5KPH_2_4_2_0_combined_id19,0.6204895377159119,0.7764782905578613,94.12972222222224,0.8,2,4,92.7372222222222,0.568327009677887,28.157482,65.90799,0.1919,1.8256969451904297
5KPH_2_4_2_0_combined_id20,0.9425126314163208,0.8706567883491516,89.6576388888889,0.72,2,4,92.7372222222222,0.568327009677887,28.157482,65.90799,0.2149,2.036852094862196
5KPH_2_4_2_0_combined_id21,0.6526263356208801,1.8873679637908936,94.87444444444444,0.81,2,4,92.7372222222222,0.568327009677887,28.157482,65.90799,0.2209,1.783739937676324
5KPH_2_4_2_0_combined_id22,0.6261135339736938,1.7146028280258179,92.66861111111112,0.77,2,4,92.7372222222222,0.568327009677887,28.157482,65.90799,0.197,2.0770354800754123
5KPH_2_4_2_0_combined_id23,0.8612090349197388,1.361214518547058,94.91069444444445,0.8,2,4,92.7372222222222,0.568327009677887,28.157482,65.90799,0.2147,1.8262534671359592
5KPH_2_4_2_0_combined_id24,0.6377227306365967,0.7489581108093262,93.86569444444444,0.79,2,4,92.7372222222222,0.568327009677887,28.157482,65.90799,0.1671,2.021591186523437
5KPH_2_4_2_0_combined_id3,0.5872920155525208,1.8752069473266602,93.96152777777776,0.8,2,4,92.7372222222222,0.568327009677887,28.157482,65.90799,0.1825,1.881464216444228
5KPH_2_4_2_0_combined_id4,0.7356314063072205,2.1624839305877686,94.24694444444444,0.79,2,4,92.7372222222222,0.568327009677887,28.157482,65.90799,0.1772,2.128381093343099
5KPH_2_4_2_0_combined_id5,0.625705361366272,2.017904758453369,93.26625,0.78,2,4,92.7372222222222,0.568327009677887,28.157482,65.90799,0.2037,1.87134509616428
5KPH_2_4_2_0_combined_id6,1.1425307989120483,0.8234468102455139,89.7813888888889,0.71,2,4,92.7372222222222,0.568327009677887,28.157482,65.90799,0.1937,1.891325208875868
5KPH_2_4_2_0_combined_id7,0.7098275423049927,0.8791105151176453,90.29097222222224,0.72,2,4,92.7372222222222,0.568327009677887,28.157482,65.90799,0.1858,1.877247068617079
5KPH_2_4_2_0_combined_id8,0.685857355594635,1.5723762512207031,95.53097222222222,0.82,2,4,92.7372222222222,0.568327009677887,28.157482,65.90799,0.2163,1.9161220126681853
5KPH_2_4_2_0_combined_id9,0.6638299226760864,2.0270204544067383,94.90944444444445,0.81,2,4,92.7372222222222,0.568327009677887,28.157482,65.90799,0.2029,2.081115298800998
5KPH_2_4_3_0_combined_id1,1.5684819221496582,0.5859304666519165,95.445,0.8,2,4,96.31486111111111,0.5485759973526001,28.27088,65.17421,0.2325,1.9467985365125868
5KPH_2_4_3_0_combined_id10,0.6508256793022156,1.491782307624817,91.89444444444445,0.77,2,4,96.31486111111111,0.5485759973526001,28.27088,65.17421,0.1862,2.0132113562689886
5KPH_2_4_3_0_combined_id11,0.7952305674552917,0.6551440954208374,92.65416666666664,0.75,2,4,96.31486111111111,0.5485759973526001,28.27088,65.17421,0.2124,1.58280520968967
5KPH_2_4_3_0_combined_id12,0.9292643070220947,0.9544736742973328,91.9061111111111,0.78,2,4,96.31486111111111,0.5485759973526001,28.27088,65.17421,0.1919,1.9398532443576388
5KPH_2_4_3_0_combined_id13,0.7964740991592407,0.8382975459098816,89.03083333333332,0.72,2,4,96.31486111111111,0.5485759973526001,28.27088,65.17421,0.2074,2.0045242309570312
5KPH_2_4_3_0_combined_id14,0.7996202111244202,2.023320436477661,89.5676388888889,0.7,2,4,96.31486111111111,0.5485759973526001,28.27088,65.17421,0.2045,1.748349083794488
5KPH_2_4_3_0_combined_id15,0.6149351596832275,1.9915612936019897,92.17319444444443,0.77,2,4,96.31486111111111,0.5485759973526001,28.27088,65.17421,0.1913,1.894680870903863
5KPH_2_4_3_0_combined_id16,0.7591467499732971,1.594736099243164,94.07166666666666,0.8,2,4,96.31486111111111,0.5485759973526001,28.27088,65.17421,0.2225,2.27670521206326
5KPH_2_4_3_0_combined_id18,2.0720889568328857,0.7308852076530457,95.23958333333331,0.8,2,4,96.31486111111111,0.5485759973526001,28.27088,65.17421,0.2296,2.001186794704861
5KPH_2_4_3_0_combined_id19,1.4006165266036987,0.5275789499282837,93.78361111111111,0.77,2,4,96.31486111111111,0.5485759973526001,28.27088,65.17421,0.236,2.057974921332465
5KPH_2_4_3_0_combined_id2,0.716091513633728,1.3098269701004028,91.95125,0.77,2,4,96.31486111111111,0.5485759973526001,28.27088,65.17421,0.2025,2.025459289550781
5KPH_2_4_3_0_combined_id21,0.8383649587631226,1.7449111938476562,93.53708333333331,0.79,2,4,96.31486111111111,0.5485759973526001,28.27088,65.17421,0.1938,2.065599653455946
5KPH_2_4_3_0_combined_id22,0.9244609475135803,1.282120943069458,89.40194444444445,0.72,2,4,96.31486111111111,0.5485759973526001,28.27088,65.17421,0.1923,1.902432335747613
5KPH_2_4_3_0_combined_id23,1.0505839586257935,0.7999407052993774,91.34722222222224,0.73,2,4,96.31486111111111,0.5485759973526001,28.27088,65.17421,0.1775,2.030746459960937
5KPH_2_4_3_0_combined_id24,1.0465459823608398,1.153632640838623,93.495,0.79,2,4,96.31486111111111,0.5485759973526001,28.27088,65.17421,0.2016,2.169404983520508
5KPH_2_4_3_0_combined_id3,0.6867177486419678,1.2433375120162964,94.70819444444446,0.81,2,4,96.31486111111111,0.5485759973526001,28.27088,65.17421,0.1843,2.026551776462131
5KPH_2_4_3_0_combined_id4,1.37421715259552,0.6007683277130127,90.55194444444444,0.73,2,4,96.31486111111111,0.5485759973526001,28.27088,65.17421,0.2001,1.7885636223687067
5KPH_2_4_3_0_combined_id5,1.1225727796554565,0.7495934367179871,88.86749999999999,0.7,2,4,96.31486111111111,0.5485759973526001,28.27088,65.17421,0.2216,2.01492691040039
5KPH_2_4_3_0_combined_id6,0.9723531007766724,0.6902702450752258,95.36194444444445,0.81,2,4,96.31486111111111,0.5485759973526001,28.27088,65.17421,0.2309,2.067930857340494
5KPH_2_4_3_0_combined_id7,0.62575364112854,0.9031777381896973,87.38652777777777,0.68,2,4,96.31486111111111,0.5485759973526001,28.27088,65.17421,0.175,2.06805059644911
5KPH_2_4_3_0_combined_id8,1.7845003604888916,1.2587345838546753,92.63694444444444,0.8,2,4,96.31486111111111,0.5485759973526001,28.27088,65.17421,0.1992,1.8567661709255645
5KPH_2_4_3_0_combined_id9,0.7669516801834106,1.015769600868225,88.78513888888888,0.72,2,4,96.31486111111111,0.5485759973526001,28.27088,65.17421,0.1746,2.036852518717448
5KPH_2_4_4_0_combined_id1,1.012050747871399,1.5846269130706787,92.24527777777776,0.77,2,4,96.12166666666668,0.5574576258659363,28.08697,64.83621,0.2172,1.7311960856119792
5KPH_2_4_4_0_combined_id10,7.376555919647217,6.588225841522217,66.57958333333333,0.51,2,4,96.12166666666668,0.5574576258659363,28.08697,64.83621,0.2256,1.9285939534505208
5KPH_2_4_4_0_combined_id11,0.7485287189483643,2.0963222980499268,91.46166666666666,0.75,2,4,96.12166666666668,0.5574576258659363,28.08697,64.83621,0.1872,2.123408635457357
5KPH_2_4_4_0_combined_id12,0.8158646821975708,1.0324039459228516,89.44458333333334,0.69,2,4,96.12166666666668,0.5574576258659363,28.08697,64.83621,0.2145,1.768456565009223
5KPH_2_4_4_0_combined_id13,0.7017618417739868,1.9802521467208862,95.04569444444444,0.81,2,4,96.12166666666668,0.5574576258659363,28.08697,64.83621,0.2018,1.6997432708740234
5KPH_2_4_4_0_combined_id14,0.7943678498268127,1.0308914184570312,92.32555555555555,0.76,2,4,96.12166666666668,0.5574576258659363,28.08697,64.83621,0.2,1.8187376658121743
5KPH_2_4_4_0_combined_id15,1.1592122316360474,0.88397216796875,92.6277777777778,0.77,2,4,96.12166666666668,0.5574576258659363,28.08697,64.83621,0.1919,1.9105152553982203
5KPH_2_4_4_0_combined_id16,0.6669527292251587,2.0216941833496094,94.04375,0.8,2,4,96.12166666666668,0.5574576258659363,28.08697,64.83621,0.1834,1.9748043484157989
5KPH_2_4_4_0_combined_id17,1.1730258464813232,1.0244724750518799,89.38486111111112,0.71,2,4,96.12166666666668,0.5574576258659363,28.08697,64.83621,0.1623,1.8966715070936413
5KPH_2_4_4_0_combined_id18,0.6506441831588745,1.9616369009017944,94.63944444444444,0.81,2,4,96.12166666666668,0.5574576258659363,28.08697,64.83621,0.1985,1.9263547261555989
5KPH_2_4_4_0_combined_id19,1.2009778022766113,0.7984854578971863,91.10597222222222,0.74,2,4,96.12166666666668,0.5574576258659363,28.08697,64.83621,0.1918,1.8997734917534723
5KPH_2_4_4_0_combined_id2,1.6580963134765625,0.6666889786720276,92.98791666666666,0.77,2,4,96.12166666666668,0.5574576258659363,28.08697,64.83621,0.2142,2.034392674763997
5KPH_2_4_4_0_combined_id20,7.795307159423828,7.532540321350098,60.875694444444434,0.41,2,4,96.12166666666668,0.5574576258659363,28.08697,64.83621,0.2258,1.9784429338243272
5KPH_2_4_4_0_combined_id21,1.0450479984283447,1.3796135187149048,92.78819444444444,0.77,2,4,96.12166666666668,0.5574576258659363,28.08697,64.83621,0.2082,1.826324462890625
5KPH_2_4_4_0_combined_id22,0.9129275679588318,0.9315078854560852,91.90430555555557,0.74,2,4,96.12166666666668,0.5574576258659363,28.08697,64.83621,0.2225,2.1490917205810547
5KPH_2_4_4_0_combined_id23,0.6965349912643433,1.7046151161193848,93.47527777777778,0.79,2,4,96.12166666666668,0.5574576258659363,28.08697,64.83621,0.225,1.9170782301161025
5KPH_2_4_4_0_combined_id24,1.0005139112472534,0.9918912649154663,89.19,0.73,2,4,96.12166666666668,0.5574576258659363,28.08697,64.83621,0.2373,1.8501275380452475
5KPH_2_4_4_0_combined_id3,1.3897478580474854,0.8571417331695557,93.2825,0.75,2,4,96.12166666666668,0.5574576258659363,28.08697,64.83621,0.2182,1.7911656697591145
5KPH_2_4_4_0_combined_id4,1.0199493169784546,0.8947008848190308,89.7023611111111,0.72,2,4,96.12166666666668,0.5574576258659363,28.08697,64.83621,0.2223,1.7867927551269531
5KPH_2_4_4_0_combined_id7,1.7361103296279907,0.8027442693710327,92.60569444444444,0.75,2,4,96.12166666666668,0.5574576258659363,28.08697,64.83621,0.2434,2.063911014133029
5KPH_2_4_4_0_combined_id8,2.04753041267395,0.8866464495658875,88.20069444444445,0.69,2,4,96.12166666666668,0.5574576258659363,28.08697,64.83621,0.1684,2.033187654283312
5KPH_2_4_4_0_combined_id9,0.7653653025627136,2.0328333377838135,95.94069444444445,0.82,2,4,96.12166666666668,0.5574576258659363,28.08697,64.83621,0.1752,1.9580679999457464
5KPH_2_4_5_0_combined_id1,1.3904870748519897,0.729347288608551,92.30152777777778,0.77,2,4,95.39333333333332,0.6948578357696533,28.558838,64.26259,0.1863,1.8110822041829424
5KPH_2_4_5_0_combined_id10,0.8325031399726868,1.4688769578933716,92.0476388888889,0.77,2,4,95.39333333333332,0.6948578357696533,28.558838,64.26259,0.1839,2.022699991861979
5KPH_2_4_5_0_combined_id11,1.1321601867675781,1.1063953638076782,93.33444444444444,0.78,2,4,95.39333333333332,0.6948578357696533,28.558838,64.26259,0.1909,1.9894883897569444
5KPH_2_4_5_0_combined_id12,1.2985056638717651,0.9129521250724792,91.755,0.75,2,4,95.39333333333332,0.6948578357696533,28.558838,64.26259,0.1812,1.8287217881944444
5KPH_2_4_5_0_combined_id13,0.6371235251426697,0.9338405728340149,90.70805555555556,0.74,2,4,95.39333333333332,0.6948578357696533,28.558838,64.26259,0.1926,1.930132548014323
5KPH_2_4_5_0_combined_id14,0.5854974985122681,1.412213921546936,93.81013888888889,0.8,2,4,95.39333333333332,0.6948578357696533,28.558838,64.26259,0.1943,2.042969597710504
5KPH_2_4_5_0_combined_id15,0.9063921570777893,1.0747058391571045,89.76333333333334,0.74,2,4,95.39333333333332,0.6948578357696533,28.558838,64.26259,0.1846,2.2717471652560763
5KPH_2_4_5_0_combined_id16,0.7298586964607239,1.6171369552612305,95.8225,0.82,2,4,95.39333333333332,0.6948578357696533,28.558838,64.26259,0.1732,2.3659612867567272
5KPH_2_4_5_0_combined_id17,0.7280483245849609,1.9570281505584717,94.2238888888889,0.8,2,4,95.39333333333332,0.6948578357696533,28.558838,64.26259,0.1924,2.275972154405382
5KPH_2_4_5_0_combined_id18,0.7302824258804321,1.1684049367904663,95.30805555555555,0.81,2,4,95.39333333333332,0.6948578357696533,28.558838,64.26259,0.1972,2.1634678310818143
5KPH_2_4_5_0_combined_id19,0.8809004426002502,0.9451825618743896,90.52069444444444,0.76,2,4,95.39333333333332,0.6948578357696533,28.558838,64.26259,0.1879,1.91523912217882
5KPH_2_4_5_0_combined_id2,0.6034746170043945,1.5685166120529175,95.10486111111112,0.82,2,4,95.39333333333332,0.6948578357696533,28.558838,64.26259,0.1781,2.300177256266276
5KPH_2_4_5_0_combined_id20,0.53125,1.759436845779419,93.76805555555556,0.8,2,4,95.39333333333332,0.6948578357696533,28.558838,64.26259,0.1777,2.439886305067274
5KPH_2_4_5_0_combined_id21,0.6776735782623291,1.1618289947509766,90.32569444444444,0.71,2,4,95.39333333333332,0.6948578357696533,28.558838,64.26259,0.2061,1.8857137891981337
5KPH_2_4_5_0_combined_id22,0.6375601887702942,1.0715253353118896,90.9575,0.76,2,4,95.39333333333332,0.6948578357696533,28.558838,64.26259,0.185,1.9453307257758248
5KPH_2_4_5_0_combined_id23,0.9066371321678162,0.7935375571250916,90.91958333333332,0.76,2,4,95.39333333333332,0.6948578357696533,28.558838,64.26259,0.182,1.9491613176133893
5KPH_2_4_5_0_combined_id24,0.6941879987716675,1.67851722240448,92.21319444444444,0.77,2,4,95.39333333333332,0.6948578357696533,28.558838,64.26259,0.1926,2.178339640299479
5KPH_2_4_5_0_combined_id3,0.6345162391662598,1.3840153217315674,94.69875,0.8,2,4,95.39333333333332,0.6948578357696533,28.558838,64.26259,0.1865,2.186454561021593
5KPH_2_4_5_0_combined_id4,0.7208902835845947,1.2770493030548096,92.4977777777778,0.78,2,4,95.39333333333332,0.6948578357696533,28.558838,64.26259,0.2236,2.072609583536784
5KPH_2_4_5_0_combined_id5,0.6658164858818054,1.1389039754867554,91.04625,0.73,2,4,95.39333333333332,0.6948578357696533,28.558838,64.26259,0.1991,1.991090350680881
5KPH_2_4_5_0_combined_id7,0.9115427732467651,1.3206183910369873,93.1952777777778,0.8,2,4,95.39333333333332,0.6948578357696533,28.558838,64.26259,0.1911,2.289160622490777
5KPH_2_4_5_0_combined_id8,1.1921817064285278,0.7680734992027283,94.99694444444444,0.8,2,4,95.39333333333332,0.6948578357696533,28.558838,64.26259,0.1874,1.9829665289984808
5KPH_2_4_5_0_combined_id9,0.672336220741272,1.0350955724716187,90.34666666666666,0.75,2,4,95.39333333333332,0.6948578357696533,28.558838,64.26259,0.2097,2.070068783230252
5KPH_2_4_6_0_combined_id10,0.49752727150917053,2.0138988494873047,93.89652777777778,0.8,2,4,96.4909722222222,0.6550288200378418,27.781416,64.15294,0.1824,2.2775870429144964
5KPH_2_4_6_0_combined_id11,0.9796826243400574,1.7775530815124512,95.73847222222224,0.82,2,4,96.4909722222222,0.6550288200378418,27.781416,64.15294,0.2025,1.866610844930013
5KPH_2_4_6_0_combined_id12,0.6252896189689636,0.7993412613868713,93.6825,0.77,2,4,96.4909722222222,0.6550288200378418,27.781416,64.15294,0.175,2.182332356770833
5KPH_2_4_6_0_combined_id13,1.0460537672042847,1.2722002267837524,91.83638888888888,0.76,2,4,96.4909722222222,0.6550288200378418,27.781416,64.15294,0.1929,2.078285217285156
5KPH_2_4_6_0_combined_id14,0.7755765914916992,0.8181259632110596,91.3777777777778,0.74,2,4,96.4909722222222,0.6550288200378418,27.781416,64.15294,0.1875,2.1658619774712458
5KPH_2_4_6_0_combined_id15,0.6425238847732544,1.3316283226013184,90.12027777777776,0.74,2,4,96.4909722222222,0.6550288200378418,27.781416,64.15294,0.1966,1.9348282284206813
5KPH_2_4_6_0_combined_id16,0.6331418752670288,1.986496090888977,93.29013888888888,0.78,2,4,96.4909722222222,0.6550288200378418,27.781416,64.15294,0.2096,1.9637798733181424
5KPH_2_4_6_0_combined_id17,0.6378172039985657,1.090827465057373,90.99222222222222,0.74,2,4,96.4909722222222,0.6550288200378418,27.781416,64.15294,0.236,2.0102767944335938
5KPH_2_4_6_0_combined_id18,0.7613025903701782,1.893576979637146,92.71236111111112,0.77,2,4,96.4909722222222,0.6550288200378418,27.781416,64.15294,0.1714,2.210020277235243
5KPH_2_4_6_0_combined_id19,0.5656335353851318,1.9806452989578247,95.15569444444444,0.82,2,4,96.4909722222222,0.6550288200378418,27.781416,64.15294,0.1952,2.057524787055121
5KPH_2_4_6_0_combined_id2,0.5453751087188721,2.006561756134033,95.24958333333332,0.82,2,4,96.4909722222222,0.6550288200378418,27.781416,64.15294,0.1926,2.243551254272461
5KPH_2_4_6_0_combined_id21,0.7256118655204773,1.6810029745101929,93.56652777777778,0.79,2,4,96.4909722222222,0.6550288200378418,27.781416,64.15294,0.2001,2.1927837795681424
5KPH_2_4_6_0_combined_id22,0.8148501515388489,1.0026555061340332,88.29527777777778,0.69,2,4,96.4909722222222,0.6550288200378418,27.781416,64.15294,0.2077,1.8618541293674045
5KPH_2_4_6_0_combined_id23,0.7770563960075378,0.7923415899276733,91.33652777777776,0.74,2,4,96.4909722222222,0.6550288200378418,27.781416,64.15294,0.1858,1.8678927951388888
5KPH_2_4_6_0_combined_id24,0.7117824554443359,1.1605981588363647,92.41791666666668,0.77,2,4,96.4909722222222,0.6550288200378418,27.781416,64.15294,0.199,1.9465486738416884
5KPH_2_4_6_0_combined_id3,0.5929358601570129,1.4943912029266357,93.38125,0.79,2,4,96.4909722222222,0.6550288200378418,27.781416,64.15294,0.2169,2.003785239325629
5KPH_2_4_6_0_combined_id4,0.6102166771888733,2.0795445442199707,92.5188888888889,0.77,2,4,96.4909722222222,0.6550288200378418,27.781416,64.15294,0.2038,1.7322430080837674
5KPH_2_4_6_0_combined_id5,0.9763284921646118,1.531870722770691,92.19472222222224,0.78,2,4,96.4909722222222,0.6550288200378418,27.781416,64.15294,0.1917,2.364847183227539
5KPH_2_4_6_0_combined_id6,0.7617142200469971,2.021224021911621,90.94402777777778,0.74,2,4,96.4909722222222,0.6550288200378418,27.781416,64.15294,0.1882,1.8239676157633464
5KPH_2_4_6_0_combined_id7,0.8571529388427734,1.0827407836914062,87.78458333333333,0.69,2,4,96.4909722222222,0.6550288200378418,27.781416,64.15294,0.2024,1.8821953667534723
5KPH_2_4_6_0_combined_id8,0.693726122379303,1.9595214128494263,93.1613888888889,0.79,2,4,96.4909722222222,0.6550288200378418,27.781416,64.15294,0.1722,2.093289269341363
5KPH_2_4_6_0_combined_id9,0.5992268919944763,1.9640425443649292,94.55263888888888,0.8,2,4,96.4909722222222,0.6550288200378418,27.781416,64.15294,0.209,1.7630643844604492
5KPH_2_4_7_0_combined_id1,0.6426569819450378,2.1661291122436523,94.80861111111112,0.81,2,4,95.40944444444445,0.6039559245109558,28.369097,65.26341,0.1843,2.084522671169705
5KPH_2_4_7_0_combined_id10,0.6123074293136597,0.6511563658714294,90.07805555555557,0.73,2,4,95.40944444444445,0.6039559245109558,28.369097,65.26341,0.173,2.232903586493598
5KPH_2_4_7_0_combined_id11,0.47631722688674927,2.2768125534057617,94.15819444444443,0.8,2,4,95.40944444444445,0.6039559245109558,28.369097,65.26341,0.1891,1.9935006035698783
5KPH_2_4_7_0_combined_id12,0.8206894397735596,1.7954423427581787,93.96041666666666,0.8,2,4,95.40944444444445,0.6039559245109558,28.369097,65.26341,0.2028,1.9197536044650607
5KPH_2_4_7_0_combined_id13,0.5904847979545593,2.3450045585632324,96.6075,0.84,2,4,95.40944444444445,0.6039559245109558,28.369097,65.26341,0.2249,2.064058303833008
5KPH_2_4_7_0_combined_id14,0.8749482035636902,1.0619089603424072,91.88111111111112,0.73,2,4,95.40944444444445,0.6039559245109558,28.369097,65.26341,0.1707,2.0330643124050565
5KPH_2_4_7_0_combined_id15,0.8539007306098938,1.8284865617752075,91.26055555555556,0.74,2,4,95.40944444444445,0.6039559245109558,28.369097,65.26341,0.2134,1.9533602396647136
5KPH_2_4_7_0_combined_id16,0.625525712966919,2.23848032951355,93.13902777777778,0.78,2,4,95.40944444444445,0.6039559245109558,28.369097,65.26341,0.1987,1.9342060089111328
5KPH_2_4_7_0_combined_id17,0.8089016675949097,1.8707448244094849,93.0075,0.78,2,4,95.40944444444445,0.6039559245109558,28.369097,65.26341,0.1803,2.125633875528971
5KPH_2_4_7_0_combined_id18,0.5334877967834473,2.0889530181884766,95.33027777777778,0.82,2,4,95.40944444444445,0.6039559245109558,28.369097,65.26341,0.1846,2.123443603515625
5KPH_2_4_7_0_combined_id19,0.8108180165290833,1.140448808670044,90.82472222222222,0.75,2,4,95.40944444444445,0.6039559245109558,28.369097,65.26341,0.2053,1.882835812038845
5KPH_2_4_7_0_combined_id2,0.7876631021499634,2.107988119125366,93.7772222222222,0.8,2,4,95.40944444444445,0.6039559245109558,28.369097,65.26341,0.1856,2.2523008982340493
5KPH_2_4_7_0_combined_id20,0.9326238632202148,1.715903401374817,93.58055555555556,0.79,2,4,95.40944444444445,0.6039559245109558,28.369097,65.26341,0.2102,2.2579210069444446
5KPH_2_4_7_0_combined_id21,0.6364583373069763,2.218198299407959,92.89583333333331,0.79,2,4,95.40944444444445,0.6039559245109558,28.369097,65.26341,0.1992,2.070791668362088
5KPH_2_4_7_0_combined_id22,0.7466256618499756,2.085963249206543,95.14972222222224,0.82,2,4,95.40944444444445,0.6039559245109558,28.369097,65.26341,0.2274,1.9985317654079864
5KPH_2_4_7_0_combined_id23,0.7269484400749207,2.1228435039520264,95.64013888888888,0.82,2,4,95.40944444444445,0.6039559245109558,28.369097,65.26341,0.2111,2.003891203138563
5KPH_2_4_7_0_combined_id24,0.7310545444488525,2.2500710487365723,92.90722222222222,0.78,2,4,95.40944444444445,0.6039559245109558,28.369097,65.26341,0.2,2.027553346421984
5KPH_2_4_7_0_combined_id3,0.6768121719360352,1.753462553024292,94.2498611111111,0.81,2,4,95.40944444444445,0.6039559245109558,28.369097,65.26341,0.1899,2.1312346988254123
5KPH_2_4_7_0_combined_id4,0.6147258281707764,1.6169747114181519,89.98930555555556,0.75,2,4,95.40944444444445,0.6039559245109558,28.369097,65.26341,0.178,2.107461081610785
5KPH_2_4_7_0_combined_id5,0.9631375670433044,2.1091701984405518,90.50111111111111,0.75,2,4,95.40944444444445,0.6039559245109558,28.369097,65.26341,0.1911,1.8276265462239585
5KPH_2_4_7_0_combined_id6,0.6379510760307312,1.946090579032898,95.9975,0.82,2,4,95.40944444444445,0.6039559245109558,28.369097,65.26341,0.1981,2.0015167660183377
5KPH_2_4_7_0_combined_id7,0.5240762829780579,2.3151259422302246,94.71527777777776,0.81,2,4,95.40944444444445,0.6039559245109558,28.369097,65.26341,0.1934,2.033880445692274
5KPH_2_4_7_0_combined_id8,0.6801751255989075,0.8643531203269958,92.60958333333332,0.77,2,4,95.40944444444445,0.6039559245109558,28.369097,65.26341,0.174,2.1810874938964844
5KPH_2_4_7_0_combined_id9,0.7343068718910217,1.083966612815857,89.77652777777777,0.72,2,4,95.40944444444445,0.6039559245109558,28.369097,65.26341,0.2239,1.8563577863905163
5KPH_2_4_8_0_combined_id1,0.5983001589775085,1.703800916671753,92.67819444444444,0.78,2,4,95.99277777777776,0.4603932201862335,28.520851,65.094986,0.1921,2.1091346740722656
5KPH_2_4_8_0_combined_id10,0.6629468202590942,1.8185001611709595,94.21847222222222,0.79,2,4,95.99277777777776,0.4603932201862335,28.520851,65.094986,0.204,1.906273523966472
5KPH_2_4_8_0_combined_id11,0.8665304183959961,0.9361932873725891,89.31069444444444,0.72,2,4,95.99277777777776,0.4603932201862335,28.520851,65.094986,0.1821,1.953761630588108
5KPH_2_4_8_0_combined_id12,0.8399970531463623,0.961830735206604,93.06222222222222,0.77,2,4,95.99277777777776,0.4603932201862335,28.520851,65.094986,0.188,1.84317504035102
5KPH_2_4_8_0_combined_id13,0.6315755248069763,2.217468738555908,96.20111111111112,0.83,2,4,95.99277777777776,0.4603932201862335,28.520851,65.094986,0.2046,2.177981482611762
5KPH_2_4_8_0_combined_id14,2.173499822616577,0.9731316566467285,90.06708333333333,0.7,2,4,95.99277777777776,0.4603932201862335,28.520851,65.094986,0.2048,2.0677581363254123
5KPH_2_4_8_0_combined_id15,0.8554089665412903,1.1004892587661743,92.38638888888887,0.77,2,4,95.99277777777776,0.4603932201862335,28.520851,65.094986,0.2365,1.6656337314181855
5KPH_2_4_8_0_combined_id16,0.6724749803543091,2.082284688949585,94.79152777777776,0.79,2,4,95.99277777777776,0.4603932201862335,28.520851,65.094986,0.2115,1.8269064161512587
5KPH_2_4_8_0_combined_id17,1.2290639877319336,1.0134848356246948,92.8075,0.76,2,4,95.99277777777776,0.4603932201862335,28.520851,65.094986,0.2094,1.95360353257921
5KPH_2_4_8_0_combined_id18,0.4952242970466614,2.216704845428467,95.53847222222224,0.82,2,4,95.99277777777776,0.4603932201862335,28.520851,65.094986,0.1892,2.037473466661241
5KPH_2_4_8_0_combined_id19,0.5791695713996887,1.986398458480835,93.83944444444444,0.8,2,4,95.99277777777776,0.4603932201862335,28.520851,65.094986,0.2171,2.001601325141059
5KPH_2_4_8_0_combined_id2,0.6694859862327576,1.3056950569152832,91.745,0.76,2,4,95.99277777777776,0.4603932201862335,28.520851,65.094986,0.2202,1.883507834540473
5KPH_2_4_8_0_combined_id20,0.7257820963859558,1.6020917892456055,94.22458333333331,0.8,2,4,95.99277777777776,0.4603932201862335,28.520851,65.094986,0.1973,1.890736050075955
5KPH_2_4_8_0_combined_id21,0.5563315749168396,2.2174441814422607,92.23680555555556,0.77,2,4,95.99277777777776,0.4603932201862335,28.520851,65.094986,0.1842,1.908283445570204
5KPH_2_4_8_0_combined_id22,0.6998889446258545,1.9261558055877686,92.86375,0.78,2,4,95.99277777777776,0.4603932201862335,28.520851,65.094986,0.2016,1.972572750515408
5KPH_2_4_8_0_combined_id23,0.6147085428237915,1.9735785722732544,93.24083333333331,0.79,2,4,95.99277777777776,0.4603932201862335,28.520851,65.094986,0.1828,1.819404390123156
5KPH_2_4_8_0_combined_id24,0.6431169509887695,1.8214068412780762,92.39305555555556,0.78,2,4,95.99277777777776,0.4603932201862335,28.520851,65.094986,0.1848,1.9121042887369792
5KPH_2_4_8_0_combined_id3,0.6974621415138245,1.8387986421585083,95.00125,0.81,2,4,95.99277777777776,0.4603932201862335,28.520851,65.094986,0.1819,2.013277053833008
5KPH_2_4_8_0_combined_id4,0.6052994728088379,0.5304264426231384,93.51194444444444,0.79,2,4,95.99277777777776,0.4603932201862335,28.520851,65.094986,0.1994,1.867959976196289
5KPH_2_4_8_0_combined_id5,0.5409431457519531,1.6803069114685059,93.2563888888889,0.79,2,4,95.99277777777776,0.4603932201862335,28.520851,65.094986,0.1992,2.230213589138455
5KPH_2_4_8_0_combined_id6,0.5656898021697998,1.9206717014312744,93.92180555555557,0.8,2,4,95.99277777777776,0.4603932201862335,28.520851,65.094986,0.1958,1.8862247467041016
5KPH_2_4_8_0_combined_id7,1.7760372161865234,0.8953511714935303,94.41972222222222,0.79,2,4,95.99277777777776,0.4603932201862335,28.520851,65.094986,0.1884,2.093114852905273
5KPH_2_4_8_0_combined_id8,0.5671094655990601,1.8394956588745117,90.92347222222224,0.75,2,4,95.99277777777776,0.4603932201862335,28.520851,65.094986,0.2081,1.853597429063585
5KPH_2_4_8_0_combined_id9,1.3713325262069702,0.7444834113121033,91.08555555555556,0.75,2,4,95.99277777777776,0.4603932201862335,28.520851,65.094986,0.2423,1.8813065422905817
5KPH_2_4_9_0_combined_id1,0.852282702922821,0.7477542757987976,94.31819444444444,0.78,2,4,95.35125,0.4501165151596069,29.08473,62.208557,0.2196,1.8460424211290147
5KPH_2_4_9_0_combined_id10,0.6195148229598999,2.218675374984741,92.22722222222222,0.77,2,4,95.35125,0.4501165151596069,29.08473,62.208557,0.2078,2.0250731574164496
5KPH_2_4_9_0_combined_id11,0.5785601735115051,2.1310713291168213,93.2997222222222,0.79,2,4,95.35125,0.4501165151596069,29.08473,62.208557,0.1975,2.114752027723524
5KPH_2_4_9_0_combined_id12,0.7255607843399048,1.8467029333114624,92.54069444444444,0.77,2,4,95.35125,0.4501165151596069,29.08473,62.208557,0.1967,2.1398277282714844
5KPH_2_4_9_0_combined_id13,0.6437978148460388,1.0270957946777344,89.47430555555555,0.73,2,4,95.35125,0.4501165151596069,29.08473,62.208557,0.1775,2.1782213846842446
5KPH_2_4_9_0_combined_id14,0.7850956916809082,1.8824615478515625,94.55930555555555,0.81,2,4,95.35125,0.4501165151596069,29.08473,62.208557,0.1946,2.1463360256618924
5KPH_2_4_9_0_combined_id15,0.7957820296287537,0.8886772990226746,94.70194444444444,0.8,2,4,95.35125,0.4501165151596069,29.08473,62.208557,0.2119,2.1000378926595054
5KPH_2_4_9_0_combined_id16,1.3035175800323486,0.8201979994773865,90.63944444444444,0.73,2,4,95.35125,0.4501165151596069,29.08473,62.208557,0.1964,1.925795237223308
5KPH_2_4_9_0_combined_id17,0.8057500123977661,0.9568394422531128,88.50152777777778,0.73,2,4,95.35125,0.4501165151596069,29.08473,62.208557,0.187,2.1482751634385853
5KPH_2_4_9_0_combined_id18,1.3232353925704956,0.8660874366760254,90.97097222222222,0.73,2,4,95.35125,0.4501165151596069,29.08473,62.208557,0.2386,1.8654759724934893
5KPH_2_4_9_0_combined_id19,0.7518343925476074,2.2051515579223633,94.15416666666668,0.81,2,4,95.35125,0.4501165151596069,29.08473,62.208557,0.1763,2.015954335530599
5KPH_2_4_9_0_combined_id2,0.8103049993515015,1.1814109086990356,88.49527777777777,0.72,2,4,95.35125,0.4501165151596069,29.08473,62.208557,0.2007,2.1347067091200085
5KPH_2_4_9_0_combined_id20,0.7207720279693604,1.055896520614624,87.79138888888889,0.68,2,4,95.35125,0.4501165151596069,29.08473,62.208557,0.1801,1.910447014702691
5KPH_2_4_9_0_combined_id21,0.6053103804588318,2.1613657474517822,95.4334722222222,0.83,2,4,95.35125,0.4501165151596069,29.08473,62.208557,0.214,2.260681576199002
5KPH_2_4_9_0_combined_id22,0.6313185095787048,1.9862298965454102,94.47236111111113,0.81,2,4,95.35125,0.4501165151596069,29.08473,62.208557,0.196,1.85152710808648
5KPH_2_4_9_0_combined_id23,1.0420836210250854,1.7859302759170532,94.56208333333332,0.81,2,4,95.35125,0.4501165151596069,29.08473,62.208557,0.1957,2.046605851915148
5KPH_2_4_9_0_combined_id24,1.3746216297149658,1.091925024986267,90.51986111111113,0.72,2,4,95.35125,0.4501165151596069,29.08473,62.208557,0.2158,2.358698950873481
5KPH_2_4_9_0_combined_id3,1.6935408115386963,0.8176948428153992,92.76416666666668,0.76,2,4,95.35125,0.4501165151596069,29.08473,62.208557,0.1906,1.999412960476345
5KPH_2_4_9_0_combined_id4,0.5678952932357788,1.9042119979858398,94.72611111111112,0.8,2,4,95.35125,0.4501165151596069,29.08473,62.208557,0.1901,2.326179928249783
5KPH_2_4_9_0_combined_id5,0.5994231700897217,2.021876811981201,94.95916666666666,0.81,2,4,95.35125,0.4501165151596069,29.08473,62.208557,0.1995,1.9938346015082464
5KPH_2_4_9_0_combined_id6,0.6123586893081665,2.044403553009033,94.35944444444443,0.81,2,4,95.35125,0.4501165151596069,29.08473,62.208557,0.1927,1.9658874935574
5KPH_2_4_9_0_combined_id7,0.6864274740219116,1.483510971069336,92.89333333333332,0.77,2,4,95.35125,0.4501165151596069,29.08473,62.208557,0.2031,1.7694227430555556
5KPH_2_4_9_0_combined_id8,0.6789833903312683,2.131910562515259,95.94916666666668,0.83,2,4,95.35125,0.4501165151596069,29.08473,62.208557,0.1825,2.2100346883138022
5KPH_2_4_9_0_combined_id9,0.7551020383834839,2.2740650177001953,92.11541666666666,0.75,2,4,95.35125,0.4501165151596069,29.08473,62.208557,0.1963,2.02028316921658
5KPH_2_6_0_0_combined_id1,2.0218005180358887,0.8774855732917786,90.42888888888888,0.72,2,6,95.17,0.605067253112793,27.668058,65.46486,0.1737,2.148380915323893
5KPH_2_6_0_0_combined_id10,0.740437924861908,2.302384853363037,90.58,0.71,2,6,95.17,0.605067253112793,27.668058,65.46486,0.1789,2.2279942830403647
5KPH_2_6_0_0_combined_id11,0.6349484920501709,2.238893508911133,95.09875,0.82,2,6,95.17,0.605067253112793,27.668058,65.46486,0.1905,1.922091590033637
5KPH_2_6_0_0_combined_id12,0.9396653175354004,1.2199294567108154,86.68013888888888,0.67,2,6,95.17,0.605067253112793,27.668058,65.46486,0.1896,2.0329371558295355
5KPH_2_6_0_0_combined_id13,0.915954053401947,0.8404437303543091,87.89763888888889,0.68,2,6,95.17,0.605067253112793,27.668058,65.46486,0.1836,1.8958524068196607
5KPH_2_6_0_0_combined_id14,0.6569541692733765,2.037816047668457,92.6548611111111,0.77,2,6,95.17,0.605067253112793,27.668058,65.46486,0.1996,1.8296671973334413
5KPH_2_6_0_0_combined_id15,2.0979480743408203,0.7275822162628174,94.15819444444443,0.77,2,6,95.17,0.605067253112793,27.668058,65.46486,0.2049,1.79790284898546
5KPH_2_6_0_0_combined_id16,0.647918164730072,1.7163302898406982,91.39152777777778,0.75,2,6,95.17,0.605067253112793,27.668058,65.46486,0.2018,1.704984876844618
5KPH_2_6_0_0_combined_id17,0.7466443181037903,1.387199878692627,90.56125,0.75,2,6,95.17,0.605067253112793,27.668058,65.46486,0.1768,2.0081973605685763
5KPH_2_6_0_0_combined_id18,1.0093454122543335,0.6156985759735107,89.37916666666666,0.72,2,6,95.17,0.605067253112793,27.668058,65.46486,0.1692,2.214074452718099
5KPH_2_6_0_0_combined_id19,0.48171815276145935,1.9950140714645386,93.0977777777778,0.78,2,6,95.17,0.605067253112793,27.668058,65.46486,0.1957,1.9088605244954424
5KPH_2_6_0_0_combined_id2,0.5989660620689392,1.8454705476760864,95.34958333333331,0.83,2,6,95.17,0.605067253112793,27.668058,65.46486,0.1859,1.980838139851888
5KPH_2_6_0_0_combined_id20,0.5691635012626648,1.946940302848816,91.77666666666669,0.77,2,6,95.17,0.605067253112793,27.668058,65.46486,0.1899,1.8627041710747607
5KPH_2_6_0_0_combined_id21,1.2924810647964478,0.9911600947380066,90.42430555555556,0.71,2,6,95.17,0.605067253112793,27.668058,65.46486,0.1877,1.831655502319336
5KPH_2_6_0_0_combined_id22,0.7694709897041321,1.0443751811981201,89.86180555555555,0.73,2,6,95.17,0.605067253112793,27.668058,65.46486,0.1875,1.9939706590440536
5KPH_2_6_0_0_combined_id23,7.8840250968933105,7.656796455383301,78.92291666666668,0.57,2,6,95.17,0.605067253112793,27.668058,65.46486,0.212,2.2508282131618924
5KPH_2_6_0_0_combined_id24,0.7263116836547852,1.133866310119629,94.45583333333332,0.79,2,6,95.17,0.605067253112793,27.668058,65.46486,0.2285,2.11629146999783
5KPH_2_6_0_0_combined_id6,0.6152896881103516,2.052049398422241,94.43847222222222,0.81,2,6,95.17,0.605067253112793,27.668058,65.46486,0.1902,2.071864234076606
5KPH_2_6_0_0_combined_id7,1.676377534866333,1.052709937095642,91.29666666666668,0.74,2,6,95.17,0.605067253112793,27.668058,65.46486,0.1926,1.791908688015408
5KPH_2_6_0_0_combined_id8,0.6328983306884766,2.077129602432251,94.5888888888889,0.82,2,6,95.17,0.605067253112793,27.668058,65.46486,0.1808,2.222301483154297
5KPH_2_6_0_0_combined_id9,0.5997552871704102,1.8627772331237793,96.01263888888889,0.82,2,6,95.17,0.605067253112793,27.668058,65.46486,0.1822,2.0711883968777127
5KPH_2_6_1_0_combined_id1,0.698186457157135,1.630141019821167,89.95791666666668,0.72,2,6,96.46,0.6850571036338806,28.216969,65.18041,0.1946,2.0344183180067272
5KPH_2_6_1_0_combined_id10,0.6486510038375854,1.9864050149917603,92.13416666666666,0.76,2,6,96.46,0.6850571036338806,28.216969,65.18041,0.2219,2.0382506052653
5KPH_2_6_1_0_combined_id11,0.728947103023529,2.039616107940674,92.95375,0.79,2,6,96.46,0.6850571036338806,28.216969,65.18041,0.1767,2.099675496419271
5KPH_2_6_1_0_combined_id12,0.7412247061729431,1.3322622776031494,91.56152777777778,0.76,2,6,96.46,0.6850571036338806,28.216969,65.18041,0.1896,2.1005306243896484
5KPH_2_6_1_0_combined_id13,0.655672013759613,1.935511589050293,90.24166666666666,0.73,2,6,96.46,0.6850571036338806,28.216969,65.18041,0.1993,1.8476791381835933
5KPH_2_6_1_0_combined_id14,0.6203160285949707,1.791991114616394,91.60069444444444,0.77,2,6,96.46,0.6850571036338806,28.216969,65.18041,0.1871,2.172408845689562
5KPH_2_6_1_0_combined_id15,0.6083322763442993,1.950300931930542,95.53583333333331,0.82,2,6,96.46,0.6850571036338806,28.216969,65.18041,0.2025,1.9722336663140192
5KPH_2_6_1_0_combined_id16,0.9281501173973083,0.5291314125061035,94.2676388888889,0.8,2,6,96.46,0.6850571036338806,28.216969,65.18041,0.2378,2.038434770372179
5KPH_2_6_1_0_combined_id17,0.5861983895301819,1.9228655099868774,91.40861111111111,0.77,2,6,96.46,0.6850571036338806,28.216969,65.18041,0.2004,2.070173051622179
5KPH_2_6_1_0_combined_id18,0.6501798033714294,2.134352445602417,92.36097222222222,0.76,2,6,96.46,0.6850571036338806,28.216969,65.18041,0.2068,1.9279327392578125
5KPH_2_6_1_0_combined_id19,1.1411707401275635,0.8655056953430176,89.65013888888888,0.74,2,6,96.46,0.6850571036338806,28.216969,65.18041,0.2164,2.0528166029188366
5KPH_2_6_1_0_combined_id2,0.5314275622367859,1.0990660190582275,93.14166666666668,0.77,2,6,96.46,0.6850571036338806,28.216969,65.18041,0.1799,2.0151596069335938
5KPH_2_6_1_0_combined_id20,0.8692427277565002,1.3395494222640991,90.97083333333336,0.76,2,6,96.46,0.6850571036338806,28.216969,65.18041,0.2379,2.003592597113715
5KPH_2_6_1_0_combined_id21,0.5651360154151917,1.7372705936431885,93.16569444444444,0.78,2,6,96.46,0.6850571036338806,28.216969,65.18041,0.2148,1.9741734398735893
5KPH_2_6_1_0_combined_id22,1.6558339595794678,0.7856454253196716,87.73166666666667,0.71,2,6,96.46,0.6850571036338806,28.216969,65.18041,0.1845,1.9618502722846136
5KPH_2_6_1_0_combined_id23,0.6508108377456665,0.7053989171981812,91.17791666666666,0.74,2,6,96.46,0.6850571036338806,28.216969,65.18041,0.1968,1.9640439351399737
5KPH_2_6_1_0_combined_id24,0.52988201379776,1.9590224027633667,95.1475,0.82,2,6,96.46,0.6850571036338806,28.216969,65.18041,0.2036,2.112016889784071
5KPH_2_6_1_0_combined_id3,0.7691203355789185,1.7820532321929932,93.28194444444443,0.79,2,6,96.46,0.6850571036338806,28.216969,65.18041,0.1942,1.8532117207845047
5KPH_2_6_1_0_combined_id4,0.5510128140449524,1.5795531272888184,89.2976388888889,0.72,2,6,96.46,0.6850571036338806,28.216969,65.18041,0.2074,1.8879246181911893
5KPH_2_6_1_0_combined_id5,0.5992106199264526,1.1460806131362915,93.52236111111112,0.79,2,6,96.46,0.6850571036338806,28.216969,65.18041,0.1877,1.8676978217230904
5KPH_2_6_1_0_combined_id6,0.5922536849975586,1.5236185789108276,91.57305555555556,0.75,2,6,96.46,0.6850571036338806,28.216969,65.18041,0.188,2.147084765964084
5KPH_2_6_1_0_combined_id7,0.5995146632194519,1.8708224296569824,95.07194444444444,0.81,2,6,96.46,0.6850571036338806,28.216969,65.18041,0.2068,2.1695179409450955
5KPH_2_6_1_0_combined_id8,0.6061629056930542,1.962545394897461,92.13833333333334,0.75,2,6,96.46,0.6850571036338806,28.216969,65.18041,0.1794,2.1796851687961154
5KPH_2_6_1_0_combined_id9,0.6107192039489746,2.170578718185425,95.88666666666668,0.82,2,6,96.46,0.6850571036338806,28.216969,65.18041,0.2199,2.107601589626736
5KPH_2_6_2_0_combined_id1,0.6069334745407104,1.9339057207107544,93.07638888888889,0.77,2,6,94.1686111111111,0.7743643522262573,27.986626,63.639908,0.2049,1.7325225406222873
5KPH_2_6_2_0_combined_id10,0.8259541392326355,2.180213689804077,93.46055555555556,0.78,2,6,94.1686111111111,0.7743643522262573,27.986626,63.639908,0.2158,2.2253937191433377
5KPH_2_6_2_0_combined_id11,0.6745996475219727,1.258782982826233,89.55555555555557,0.71,2,6,94.1686111111111,0.7743643522262573,27.986626,63.639908,0.1871,1.8533719380696607
5KPH_2_6_2_0_combined_id12,0.9564587473869324,1.5056909322738647,88.96402777777779,0.72,2,6,94.1686111111111,0.7743643522262573,27.986626,63.639908,0.1753,2.011054992675781
5KPH_2_6_2_0_combined_id13,0.7372308373451233,2.1715140342712402,95.4872222222222,0.82,2,6,94.1686111111111,0.7743643522262573,27.986626,63.639908,0.225,1.9080590142144096
5KPH_2_6_2_0_combined_id14,0.5542945265769958,2.024022340774536,93.2125,0.79,2,6,94.1686111111111,0.7743643522262573,27.986626,63.639908,0.179,1.9996104770236545
5KPH_2_6_2_0_combined_id15,0.5297287106513977,2.0634193420410156,94.155,0.81,2,6,94.1686111111111,0.7743643522262573,27.986626,63.639908,0.1892,2.1141440073649087
5KPH_2_6_2_0_combined_id16,0.6564460396766663,1.0162395238876343,96.29430555555555,0.83,2,6,94.1686111111111,0.7743643522262573,27.986626,63.639908,0.1994,2.31075202094184
5KPH_2_6_2_0_combined_id17,0.6384739279747009,0.7666057348251343,94.13708333333332,0.78,2,6,94.1686111111111,0.7743643522262573,27.986626,63.639908,0.2018,1.905931896633572
5KPH_2_6_2_0_combined_id18,0.9496791362762451,1.3884254693984985,91.95819444444444,0.76,2,6,94.1686111111111,0.7743643522262573,27.986626,63.639908,0.1934,1.9704810248480904
5KPH_2_6_2_0_combined_id19,0.7096564173698425,1.8711484670639038,89.88555555555556,0.73,2,6,94.1686111111111,0.7743643522262573,27.986626,63.639908,0.1848,1.8172338273790147
5KPH_2_6_2_0_combined_id2,0.7690631747245789,1.7557023763656616,93.63375,0.79,2,6,94.1686111111111,0.7743643522262573,27.986626,63.639908,0.2067,1.846571604410808
5KPH_2_6_2_0_combined_id20,0.7373209595680237,1.029394268989563,88.88208333333334,0.73,2,6,94.1686111111111,0.7743643522262573,27.986626,63.639908,0.1803,2.059144549899631
5KPH_2_6_2_0_combined_id21,0.6427373886108398,2.2029407024383545,94.78680555555556,0.82,2,6,94.1686111111111,0.7743643522262573,27.986626,63.639908,0.217,1.8927447001139324
5KPH_2_6_2_0_combined_id22,0.6247513294219971,1.978054165840149,91.91597222222222,0.77,2,6,94.1686111111111,0.7743643522262573,27.986626,63.639908,0.197,1.9152172936333551
5KPH_2_6_2_0_combined_id23,1.000448226928711,1.0180761814117432,90.17569444444445,0.74,2,6,94.1686111111111,0.7743643522262573,27.986626,63.639908,0.1902,2.064549340142144
5KPH_2_6_2_0_combined_id24,0.7651692628860474,2.1710081100463867,88.86888888888889,0.69,2,6,94.1686111111111,0.7743643522262573,27.986626,63.639908,0.2014,1.9265407986111112
5KPH_2_6_2_0_combined_id3,0.6625291705131531,1.8002028465270996,90.68555555555557,0.75,2,6,94.1686111111111,0.7743643522262573,27.986626,63.639908,0.1818,2.090919918484158
5KPH_2_6_2_0_combined_id4,0.7380039691925049,1.9938665628433228,95.4226388888889,0.82,2,6,94.1686111111111,0.7743643522262573,27.986626,63.639908,0.1986,1.9794642130533853
5KPH_2_6_2_0_combined_id5,0.8008613586425781,0.9238510727882385,91.57013888888888,0.73,2,6,94.1686111111111,0.7743643522262573,27.986626,63.639908,0.1817,1.8123118082682288
5KPH_2_6_2_0_combined_id6,0.787246584892273,1.9796502590179443,92.44444444444444,0.76,2,6,94.1686111111111,0.7743643522262573,27.986626,63.639908,0.199,1.921808242797852
5KPH_2_6_2_0_combined_id7,0.7824662327766418,2.0891060829162598,93.96375,0.8,2,6,94.1686111111111,0.7743643522262573,27.986626,63.639908,0.1826,2.0338643391927085
5KPH_2_6_2_0_combined_id8,0.7011067867279053,2.2087161540985107,94.95736111111113,0.81,2,6,94.1686111111111,0.7743643522262573,27.986626,63.639908,0.1938,2.087734858194987
5KPH_2_6_3_0_combined_id1,0.6474782228469849,1.9485236406326294,93.18833333333332,0.78,2,6,95.69638888888888,0.5807149410247803,28.666328,65.04311,0.1788,2.18318854437934
5KPH_2_6_3_0_combined_id10,0.5752065181732178,1.3772581815719604,93.37,0.79,2,6,95.69638888888888,0.5807149410247803,28.666328,65.04311,0.2232,1.988442738850912
5KPH_2_6_3_0_combined_id11,0.6262326836585999,2.012986898422241,95.38583333333332,0.82,2,6,95.69638888888888,0.5807149410247803,28.666328,65.04311,0.2021,1.7763794793023004
5KPH_2_6_3_0_combined_id12,0.7684808373451233,2.196512460708618,90.59944444444444,0.72,2,6,95.69638888888888,0.5807149410247803,28.666328,65.04311,0.2206,1.7493616739908855
5KPH_2_6_3_0_combined_id13,0.6066127419471741,2.0139718055725098,92.99027777777778,0.77,2,6,95.69638888888888,0.5807149410247803,28.666328,65.04311,0.2199,1.849479251437717
5KPH_2_6_3_0_combined_id14,0.8545399904251099,0.7459428310394287,91.315,0.74,2,6,95.69638888888888,0.5807149410247803,28.666328,65.04311,0.2209,1.7454650666978624
5KPH_2_6_3_0_combined_id15,0.8098923563957214,0.6432079076766968,95.0651388888889,0.81,2,6,95.69638888888888,0.5807149410247803,28.666328,65.04311,0.2049,1.9951803419325087
5KPH_2_6_3_0_combined_id16,0.7485241293907166,2.0488245487213135,93.64777777777778,0.78,2,6,95.69638888888888,0.5807149410247803,28.666328,65.04311,0.2269,1.963668399386936
5KPH_2_6_3_0_combined_id17,1.9785575866699219,0.6814375519752502,92.14125,0.76,2,6,95.69638888888888,0.5807149410247803,28.666328,65.04311,0.2238,2.032621383666992
5KPH_2_6_3_0_combined_id18,0.5579575300216675,1.1533714532852173,90.67486111111111,0.76,2,6,95.69638888888888,0.5807149410247803,28.666328,65.04311,0.194,1.9921612209743924
5KPH_2_6_3_0_combined_id19,0.5889378190040588,1.4126023054122925,90.27583333333334,0.74,2,6,95.69638888888888,0.5807149410247803,28.666328,65.04311,0.2157,2.0181166330973306
5KPH_2_6_3_0_combined_id20,0.583796501159668,0.8943836688995361,91.78888888888888,0.76,2,6,95.69638888888888,0.5807149410247803,28.666328,65.04311,0.1997,1.928734249538845
5KPH_2_6_3_0_combined_id21,0.6658865809440613,1.5659632682800293,92.21291666666669,0.75,2,6,95.69638888888888,0.5807149410247803,28.666328,65.04311,0.2151,1.85464604695638
5KPH_2_6_3_0_combined_id23,0.6405642628669739,0.647136926651001,93.04569444444444,0.78,2,6,95.69638888888888,0.5807149410247803,28.666328,65.04311,0.1996,1.7954067654079862
5KPH_2_6_3_0_combined_id24,1.662018060684204,0.4356756806373596,95.18902777777778,0.8,2,6,95.69638888888888,0.5807149410247803,28.666328,65.04311,0.2349,2.0660586886935763
5KPH_2_6_3_0_combined_id3,0.8980165123939514,1.0731353759765625,90.26180555555555,0.7,2,6,95.69638888888888,0.5807149410247803,28.666328,65.04311,0.1939,2.2451903025309243
5KPH_2_6_3_0_combined_id4,0.6850183010101318,0.7174455523490906,95.9851388888889,0.81,2,6,95.69638888888888,0.5807149410247803,28.666328,65.04311,0.2174,1.8697603013780384
5KPH_2_6_3_0_combined_id5,0.6712777614593506,1.459854245185852,91.7226388888889,0.76,2,6,95.69638888888888,0.5807149410247803,28.666328,65.04311,0.2051,1.9153075748019748
5KPH_2_6_3_0_combined_id6,0.8841462135314941,1.2917671203613281,88.77763888888889,0.69,2,6,95.69638888888888,0.5807149410247803,28.666328,65.04311,0.2169,1.780877219306098
5KPH_2_6_3_0_combined_id7,0.6018489003181458,1.9565118551254272,90.65347222222222,0.74,2,6,95.69638888888888,0.5807149410247803,28.666328,65.04311,0.1918,1.9426436954074435
5KPH_2_6_3_0_combined_id8,0.9263665676116943,0.7030681371688843,88.67875,0.68,2,6,95.69638888888888,0.5807149410247803,28.666328,65.04311,0.2075,1.824008305867513
5KPH_2_6_4_0_combined_id1,1.662463665008545,0.9537982940673828,92.46763888888889,0.75,2,6,96.01416666666668,0.6187889575958252,27.992249,63.84693,0.1918,2.104198243882921
5KPH_2_6_4_0_combined_id10,1.5768684148788452,0.6431620717048645,91.31986111111112,0.75,2,6,96.01416666666668,0.6187889575958252,27.992249,63.84693,0.189,1.9124582078721788
5KPH_2_6_4_0_combined_id11,0.5731314420700073,2.024214744567871,94.52527777777776,0.81,2,6,96.01416666666668,0.6187889575958252,27.992249,63.84693,0.2088,2.010882483588325
5KPH_2_6_4_0_combined_id12,0.5973109602928162,2.1447932720184326,94.82208333333334,0.81,2,6,96.01416666666668,0.6187889575958252,27.992249,63.84693,0.1891,2.1986783345540366
5KPH_2_6_4_0_combined_id13,0.529548704624176,1.9675785303115845,94.7622222222222,0.81,2,6,96.01416666666668,0.6187889575958252,27.992249,63.84693,0.2139,2.23409907023112
5KPH_2_6_4_0_combined_id14,0.5261303186416626,0.9617874026298523,94.44361111111112,0.8,2,6,96.01416666666668,0.6187889575958252,27.992249,63.84693,0.2359,2.2463289896647134
5KPH_2_6_4_0_combined_id15,0.5887261033058167,1.7869181632995605,93.10847222222225,0.79,2,6,96.01416666666668,0.6187889575958252,27.992249,63.84693,0.1905,2.002150641547309
5KPH_2_6_4_0_combined_id17,1.3605782985687256,1.0042599439620972,91.35347222222222,0.73,2,6,96.01416666666668,0.6187889575958252,27.992249,63.84693,0.2355,2.2438216739230685
5KPH_2_6_4_0_combined_id18,0.7063007354736328,1.9407594203948975,91.3723611111111,0.73,2,6,96.01416666666668,0.6187889575958252,27.992249,63.84693,0.1867,1.919970830281576
5KPH_2_6_4_0_combined_id19,1.3353350162506104,0.7650083303451538,88.73916666666668,0.68,2,6,96.01416666666668,0.6187889575958252,27.992249,63.84693,0.1935,2.1358935038248696
5KPH_2_6_4_0_combined_id2,0.6721347570419312,0.8387358784675598,90.99944444444446,0.75,2,6,96.01416666666668,0.6187889575958252,27.992249,63.84693,0.2312,2.1519868638780384
5KPH_2_6_4_0_combined_id20,0.543491780757904,2.144132375717163,94.44930555555555,0.82,2,6,96.01416666666668,0.6187889575958252,27.992249,63.84693,0.2127,2.039873547024197
5KPH_2_6_4_0_combined_id21,7.124088287353516,6.576228618621826,73.87013888888889,0.58,2,6,96.01416666666668,0.6187889575958252,27.992249,63.84693,0.2228,2.154272927178277
5KPH_2_6_4_0_combined_id22,0.5876410007476807,1.5626121759414673,93.81874999999998,0.79,2,6,96.01416666666668,0.6187889575958252,27.992249,63.84693,0.224,1.8384329477945964
5KPH_2_6_4_0_combined_id23,1.7450114488601685,0.6095863580703735,93.91083333333331,0.78,2,6,96.01416666666668,0.6187889575958252,27.992249,63.84693,0.2269,2.126355912950304
5KPH_2_6_4_0_combined_id24,1.9276434183120728,0.9736941456794739,88.73208333333334,0.72,2,6,96.01416666666668,0.6187889575958252,27.992249,63.84693,0.1942,2.038804372151693
5KPH_2_6_4_0_combined_id3,0.7505834102630615,1.3570833206176758,88.97180555555556,0.7,2,6,96.01416666666668,0.6187889575958252,27.992249,63.84693,0.1801,2.089868333604601
5KPH_2_6_4_0_combined_id4,0.7653423547744751,1.7681654691696167,95.78763888888888,0.82,2,6,96.01416666666668,0.6187889575958252,27.992249,63.84693,0.2362,2.1362207200792103
5KPH_2_6_4_0_combined_id5,0.7540653944015503,1.3217304944992065,92.63902777777776,0.78,2,6,96.01416666666668,0.6187889575958252,27.992249,63.84693,0.2274,2.0680370330810547
5KPH_2_6_4_0_combined_id6,2.7673633098602295,2.3681585788726807,71.50152777777777,0.54,2,6,96.01416666666668,0.6187889575958252,27.992249,63.84693,0.1862,2.1979490915934243
5KPH_2_6_4_0_combined_id7,0.8234120011329651,2.2592923641204834,90.51527777777778,0.72,2,6,96.01416666666668,0.6187889575958252,27.992249,63.84693,0.2121,1.940808826022678
5KPH_2_6_4_0_combined_id8,0.6239339709281921,2.1094350814819336,93.02972222222223,0.77,2,6,96.01416666666668,0.6187889575958252,27.992249,63.84693,0.1709,2.116753684149848
5KPH_2_6_4_0_combined_id9,0.5501446723937988,2.0534465312957764,95.32972222222222,0.82,2,6,96.01416666666668,0.6187889575958252,27.992249,63.84693,0.2169,2.198094262017144
5KPH_2_6_5_0_combined_id1,0.596900463104248,2.1137402057647705,95.755,0.82,2,6,95.32763888888888,0.5483707189559937,27.480957,64.518654,0.1995,2.126270718044705
5KPH_2_6_5_0_combined_id10,0.6619057655334473,2.183906078338623,89.89722222222221,0.74,2,6,95.32763888888888,0.5483707189559937,27.480957,64.518654,0.1772,2.239675733778212
5KPH_2_6_5_0_combined_id11,2.161555767059326,0.7467061281204224,95.68833333333332,0.81,2,6,95.32763888888888,0.5483707189559937,27.480957,64.518654,0.2421,1.8313607109917536
5KPH_2_6_5_0_combined_id12,1.4037472009658813,0.5250356197357178,94.81333333333332,0.8,2,6,95.32763888888888,0.5483707189559937,27.480957,64.518654,0.1774,1.935789532131619
5KPH_2_6_5_0_combined_id13,0.7775440216064453,0.7129837870597839,92.13541666666669,0.76,2,6,95.32763888888888,0.5483707189559937,27.480957,64.518654,0.2146,2.176560719807943
5KPH_2_6_5_0_combined_id14,0.5725288391113281,1.5408475399017334,92.67319444444443,0.77,2,6,95.32763888888888,0.5483707189559937,27.480957,64.518654,0.2073,1.8308775160047743
5KPH_2_6_5_0_combined_id15,0.6838976740837097,2.0137712955474854,94.3386111111111,0.8,2,6,95.32763888888888,0.5483707189559937,27.480957,64.518654,0.1867,2.5200797186957464
5KPH_2_6_5_0_combined_id16,0.6165482997894287,1.972543478012085,94.4575,0.78,2,6,95.32763888888888,0.5483707189559937,27.480957,64.518654,0.1914,1.998291015625
5KPH_2_6_5_0_combined_id17,0.6759105324745178,1.955707311630249,92.65958333333332,0.78,2,6,95.32763888888888,0.5483707189559937,27.480957,64.518654,0.2106,1.8242335849338107
5KPH_2_6_5_0_combined_id18,0.4965879023075104,1.951552152633667,94.74236111111112,0.81,2,6,95.32763888888888,0.5483707189559937,27.480957,64.518654,0.1879,1.959867689344618
5KPH_2_6_5_0_combined_id19,1.0663694143295288,1.1151474714279175,95.31708333333331,0.81,2,6,95.32763888888888,0.5483707189559937,27.480957,64.518654,0.2138,2.0860555436876087
5KPH_2_6_5_0_combined_id2,0.7175284624099731,1.0098212957382202,92.5476388888889,0.77,2,6,95.32763888888888,0.5483707189559937,27.480957,64.518654,0.1988,2.036866929796007
5KPH_2_6_5_0_combined_id20,2.904025077819824,1.900089144706726,74.17680555555555,0.58,2,6,95.32763888888888,0.5483707189559937,27.480957,64.518654,0.239,2.3510848151312933
5KPH_2_6_5_0_combined_id22,0.5490241050720215,1.68763267993927,93.69361111111112,0.79,2,6,95.32763888888888,0.5483707189559937,27.480957,64.518654,0.2269,2.102546903822157
5KPH_2_6_5_0_combined_id23,1.6468303203582764,0.8274563550949097,92.80902777777776,0.76,2,6,95.32763888888888,0.5483707189559937,27.480957,64.518654,0.201,1.8542107476128475
5KPH_2_6_5_0_combined_id24,0.6126081347465515,1.90181303024292,93.78611111111113,0.79,2,6,95.32763888888888,0.5483707189559937,27.480957,64.518654,0.209,1.7676412794325087
5KPH_2_6_5_0_combined_id3,1.2179512977600098,0.8080215454101562,93.69694444444444,0.78,2,6,95.32763888888888,0.5483707189559937,27.480957,64.518654,0.2004,1.8565775553385413
5KPH_2_6_5_0_combined_id4,0.9404776692390442,1.0968116521835327,93.46763888888889,0.8,2,6,95.32763888888888,0.5483707189559937,27.480957,64.518654,0.1862,2.1464833153618708
5KPH_2_6_5_0_combined_id5,0.5011552572250366,2.074208974838257,94.6438888888889,0.81,2,6,95.32763888888888,0.5483707189559937,27.480957,64.518654,0.2008,2.1074256896972656
5KPH_2_6_5_0_combined_id6,1.4084893465042114,0.7248778939247131,94.38166666666667,0.79,2,6,95.32763888888888,0.5483707189559937,27.480957,64.518654,0.2313,2.0758984883626304
5KPH_2_6_5_0_combined_id7,0.8480885624885559,1.0314021110534668,91.685,0.77,2,6,95.32763888888888,0.5483707189559937,27.480957,64.518654,0.2116,1.8656605614556208
5KPH_2_6_5_0_combined_id8,0.5849280953407288,2.0018017292022705,94.86305555555556,0.81,2,6,95.32763888888888,0.5483707189559937,27.480957,64.518654,0.1886,1.9338094923231337
5KPH_2_6_5_0_combined_id9,0.5937517881393433,1.8226264715194702,90.04208333333332,0.72,2,6,95.32763888888888,0.5483707189559937,27.480957,64.518654,0.2238,1.638328340318468
5KPH_2_6_6_0_combined_id1,0.7427349090576172,0.800276517868042,92.11736111111112,0.76,2,6,95.89625,0.5098337531089783,27.090137,66.43267,0.2385,1.939345041910808
5KPH_2_6_6_0_combined_id10,0.8591247797012329,0.8056943416595459,91.84263888888889,0.76,2,6,95.89625,0.5098337531089783,27.090137,66.43267,0.2163,1.931396484375
5KPH_2_6_6_0_combined_id11,0.6501180529594421,1.9206573963165283,94.3086111111111,0.79,2,6,95.89625,0.5098337531089783,27.090137,66.43267,0.1978,2.0272123548719616
5KPH_2_6_6_0_combined_id12,0.9025130271911621,1.0414694547653198,88.09069444444445,0.69,2,6,95.89625,0.5098337531089783,27.090137,66.43267,0.1934,2.107098897298177
5KPH_2_6_6_0_combined_id13,0.671150267124176,1.4424691200256348,94.76444444444444,0.81,2,6,95.89625,0.5098337531089783,27.090137,66.43267,0.2112,2.312248865763346
5KPH_2_6_6_0_combined_id14,0.8841037750244141,0.8586816787719727,93.47708333333334,0.8,2,6,95.89625,0.5098337531089783,27.090137,66.43267,0.1678,2.2918290032280817
5KPH_2_6_6_0_combined_id15,1.14345121383667,0.47796630859375,93.90430555555557,0.78,2,6,95.89625,0.5098337531089783,27.090137,66.43267,0.2301,2.055177476671007
5KPH_2_6_6_0_combined_id16,0.5355444550514221,1.9528888463974,94.56402777777777,0.81,2,6,95.89625,0.5098337531089783,27.090137,66.43267,0.1909,2.165580325656467
5KPH_2_6_6_0_combined_id17,0.9279651641845703,0.7670407295227051,90.76875,0.73,2,6,95.89625,0.5098337531089783,27.090137,66.43267,0.2022,1.932505077785916
5KPH_2_6_6_0_combined_id18,1.1906030178070068,0.5769237875938416,94.31736111111113,0.77,2,6,95.89625,0.5098337531089783,27.090137,66.43267,0.2046,1.8483729892306853
5KPH_2_6_6_0_combined_id19,0.48193806409835815,1.3553030490875244,94.37152777777776,0.81,2,6,95.89625,0.5098337531089783,27.090137,66.43267,0.1927,2.2365667555067272
5KPH_2_6_6_0_combined_id2,0.6201820373535156,1.8534072637557983,91.3775,0.78,2,6,95.89625,0.5098337531089783,27.090137,66.43267,0.1838,2.074193318684896
5KPH_2_6_6_0_combined_id20,0.5802242159843445,1.9403393268585205,93.49069444444444,0.79,2,6,95.89625,0.5098337531089783,27.090137,66.43267,0.1755,2.3014488220214844
5KPH_2_6_6_0_combined_id21,0.5587041974067688,1.909429907798767,95.18111111111112,0.81,2,6,95.89625,0.5098337531089783,27.090137,66.43267,0.1806,2.116285959879557
5KPH_2_6_6_0_combined_id22,0.9486250877380371,1.0880274772644043,90.61527777777776,0.74,2,6,95.89625,0.5098337531089783,27.090137,66.43267,0.2362,2.0582362280951605
5KPH_2_6_6_0_combined_id23,0.5989307165145874,2.004005193710327,95.23694444444445,0.81,2,6,95.89625,0.5098337531089783,27.090137,66.43267,0.1863,1.992957221137153
5KPH_2_6_6_0_combined_id24,1.5364457368850708,0.6035149693489075,92.81319444444443,0.75,2,6,95.89625,0.5098337531089783,27.090137,66.43267,0.2096,2.0037829081217446
5KPH_2_6_6_0_combined_id3,0.739108681678772,0.7037098407745361,90.42152777777775,0.75,2,6,95.89625,0.5098337531089783,27.090137,66.43267,0.2101,2.06465572781033
5KPH_2_6_6_0_combined_id4,0.939624011516571,0.930718183517456,94.80388888888888,0.81,2,6,95.89625,0.5098337531089783,27.090137,66.43267,0.2351,2.1141683790418835
5KPH_2_6_6_0_combined_id5,0.7261442542076111,1.765058994293213,96.22569444444444,0.83,2,6,95.89625,0.5098337531089783,27.090137,66.43267,0.1955,2.17141342163086
5KPH_2_6_6_0_combined_id6,0.5804517865180969,2.0042221546173096,94.51791666666668,0.81,2,6,95.89625,0.5098337531089783,27.090137,66.43267,0.1958,2.1819576687282987
5KPH_2_6_6_0_combined_id8,1.4505897760391235,0.612280547618866,91.47583333333334,0.75,2,6,95.89625,0.5098337531089783,27.090137,66.43267,0.2441,2.0586174858940973
5KPH_2_6_6_0_combined_id9,0.7550367116928101,2.3398499488830566,96.00930555555556,0.82,2,6,95.89625,0.5098337531089783,27.090137,66.43267,0.2348,2.057943344116211
5KPH_2_6_7_0_combined_id1,0.7426574230194092,1.5497153997421265,91.16236111111112,0.76,2,6,94.89958333333334,0.406010240316391,28.314137,64.24586,0.1924,1.9244316948784723
5KPH_2_6_7_0_combined_id10,0.7779043912887573,0.7656125426292419,92.80638888888888,0.78,2,6,94.89958333333334,0.406010240316391,28.314137,64.24586,0.2087,2.067756017049154
5KPH_2_6_7_0_combined_id11,0.8618844151496887,0.7497610449790955,91.155,0.75,2,6,94.89958333333334,0.406010240316391,28.314137,64.24586,0.2021,1.9052713182237413
5KPH_2_6_7_0_combined_id12,0.6007687449455261,1.9866986274719238,94.6548611111111,0.79,2,6,94.89958333333334,0.406010240316391,28.314137,64.24586,0.2298,1.9996969434950087
5KPH_2_6_7_0_combined_id13,0.5569996237754822,1.9032973051071167,93.04180555555556,0.78,2,6,94.89958333333334,0.406010240316391,28.314137,64.24586,0.2143,2.118561638726129
5KPH_2_6_7_0_combined_id14,1.5234636068344116,0.4921039938926697,92.67125,0.77,2,6,94.89958333333334,0.406010240316391,28.314137,64.24586,0.1856,2.099738226996528
5KPH_2_6_7_0_combined_id15,0.6312112808227539,2.149210214614868,93.63291666666666,0.79,2,6,94.89958333333334,0.406010240316391,28.314137,64.24586,0.2134,1.877200444539388
5KPH_2_6_7_0_combined_id16,0.9879602789878845,1.2363991737365723,89.9438888888889,0.72,2,6,94.89958333333334,0.406010240316391,28.314137,64.24586,0.1833,1.900305853949653
5KPH_2_6_7_0_combined_id17,0.8049161434173584,1.2584220170974731,89.42638888888888,0.72,2,6,94.89958333333334,0.406010240316391,28.314137,64.24586,0.1879,2.309907065497504
5KPH_2_6_7_0_combined_id18,0.6734002828598022,1.8766363859176636,95.57305555555556,0.81,2,6,94.89958333333334,0.406010240316391,28.314137,64.24586,0.2105,2.0932314130995007
5KPH_2_6_7_0_combined_id19,0.5675108432769775,1.957468032836914,93.27013888888888,0.78,2,6,94.89958333333334,0.406010240316391,28.314137,64.24586,0.1826,2.059105555216471
5KPH_2_6_7_0_combined_id2,1.8088104724884033,0.7997037768363953,89.31736111111111,0.7,2,6,94.89958333333334,0.406010240316391,28.314137,64.24586,0.1972,1.920718510945638
5KPH_2_6_7_0_combined_id20,0.47136861085891724,1.979332447052002,95.10777777777778,0.81,2,6,94.89958333333334,0.406010240316391,28.314137,64.24586,0.2125,2.2715966966417103
5KPH_2_6_7_0_combined_id21,0.8786287903785706,1.4755094051361084,92.97930555555556,0.8,2,6,94.89958333333334,0.406010240316391,28.314137,64.24586,0.1948,2.041349622938368
5KPH_2_6_7_0_combined_id22,0.6130481958389282,2.253828763961792,96.67666666666668,0.82,2,6,94.89958333333334,0.406010240316391,28.314137,64.24586,0.1981,2.083181593153212
5KPH_2_6_7_0_combined_id23,1.042664885520935,0.55860435962677,92.1151388888889,0.77,2,6,94.89958333333334,0.406010240316391,28.314137,64.24586,0.2307,2.0609334309895835
5KPH_2_6_7_0_combined_id24,0.6248635053634644,1.9379554986953735,92.5965277777778,0.77,2,6,94.89958333333334,0.406010240316391,28.314137,64.24586,0.1864,2.145890553792318
5KPH_2_6_7_0_combined_id3,0.69451504945755,2.1722211837768555,96.01680555555556,0.82,2,6,94.89958333333334,0.406010240316391,28.314137,64.24586,0.1897,2.117060343424479
5KPH_2_6_7_0_combined_id4,0.6422781944274902,2.057210683822632,93.87388888888889,0.8,2,6,94.89958333333334,0.406010240316391,28.314137,64.24586,0.1952,2.129844241672092
5KPH_2_6_7_0_combined_id5,0.6612708568572998,0.5468763113021851,93.96638888888889,0.78,2,6,94.89958333333334,0.406010240316391,28.314137,64.24586,0.214,1.54649904039171
5KPH_2_6_7_0_combined_id6,0.5876635909080505,1.3308192491531372,89.46625,0.73,2,6,94.89958333333334,0.406010240316391,28.314137,64.24586,0.2135,2.16769282023112
5KPH_2_6_7_0_combined_id7,0.6287291049957275,1.96720290184021,96.365,0.84,2,6,94.89958333333334,0.406010240316391,28.314137,64.24586,0.2135,2.1371587117513022
5KPH_2_6_7_0_combined_id8,0.5489699840545654,1.8022416830062866,92.49597222222222,0.77,2,6,94.89958333333334,0.406010240316391,28.314137,64.24586,0.2037,1.9046389261881511
5KPH_2_6_7_0_combined_id9,0.6446208953857422,1.9282587766647339,91.61263888888888,0.76,2,6,94.89958333333334,0.406010240316391,28.314137,64.24586,0.2015,2.2358373006184897
5KPH_2_6_8_0_combined_id1,1.5323173999786377,0.9232164025306702,91.22013888888888,0.75,2,6,96.47208333333332,0.5426095128059387,28.037792,64.4331,0.2197,2.0003878275553384
5KPH_2_6_8_0_combined_id10,0.6193923950195312,2.307436466217041,95.91722222222224,0.83,2,6,96.47208333333332,0.5426095128059387,28.037792,64.4331,0.2365,2.1931830512152777
5KPH_2_6_8_0_combined_id11,0.5985920429229736,1.9511643648147583,93.33499999999998,0.8,2,6,96.47208333333332,0.5426095128059387,28.037792,64.4331,0.1834,2.168719185723199
5KPH_2_6_8_0_combined_id12,1.92912757396698,1.0056995153427124,92.74347222222222,0.76,2,6,96.47208333333332,0.5426095128059387,28.037792,64.4331,0.2289,2.012305577596029
5KPH_2_6_8_0_combined_id13,0.7315949201583862,1.8285918235778809,90.39041666666668,0.71,2,6,96.47208333333332,0.5426095128059387,28.037792,64.4331,0.1972,1.813510258992513
5KPH_2_6_8_0_combined_id14,0.5484800934791565,1.8889243602752686,93.3275,0.78,2,6,96.47208333333332,0.5426095128059387,28.037792,64.4331,0.2053,1.866683112250434
5KPH_2_6_8_0_combined_id16,0.5770294070243835,2.2014071941375732,92.48847222222224,0.78,2,6,96.47208333333332,0.5426095128059387,28.037792,64.4331,0.2222,2.140057881673177
5KPH_2_6_8_0_combined_id17,0.5377601981163025,1.981847882270813,94.57347222222224,0.8,2,6,96.47208333333332,0.5426095128059387,28.037792,64.4331,0.1909,2.042785220675998
5KPH_2_6_8_0_combined_id18,0.5603706240653992,1.984713077545166,93.53902777777778,0.79,2,6,96.47208333333332,0.5426095128059387,28.037792,64.4331,0.2213,1.9942747751871743
5KPH_2_6_8_0_combined_id19,7.630225658416748,6.934610843658447,78.87541666666667,0.6,2,6,96.47208333333332,0.5426095128059387,28.037792,64.4331,0.2174,2.056261698404948
5KPH_2_6_8_0_combined_id2,0.6004278063774109,2.0929129123687744,90.69277777777776,0.74,2,6,96.47208333333332,0.5426095128059387,28.037792,64.4331,0.192,2.227198282877604
5KPH_2_6_8_0_combined_id20,0.6162561178207397,1.670790672302246,90.36333333333334,0.73,2,6,96.47208333333332,0.5426095128059387,28.037792,64.4331,0.1908,1.941380818684896
5KPH_2_6_8_0_combined_id21,0.5771510601043701,1.8072726726531982,95.10833333333332,0.8,2,6,96.47208333333332,0.5426095128059387,28.037792,64.4331,0.2276,2.083872477213541
5KPH_2_6_8_0_combined_id22,1.0266772508621216,1.1687614917755127,89.2690277777778,0.72,2,6,96.47208333333332,0.5426095128059387,28.037792,64.4331,0.2019,1.9867960611979167
5KPH_2_6_8_0_combined_id23,0.6913937330245972,1.7287498712539673,92.43847222222222,0.77,2,6,96.47208333333332,0.5426095128059387,28.037792,64.4331,0.1855,1.971853468153212
5KPH_2_6_8_0_combined_id24,1.9248884916305542,0.793473482131958,94.83402777777776,0.78,2,6,96.47208333333332,0.5426095128059387,28.037792,64.4331,0.2237,1.9585134718153208
5KPH_2_6_8_0_combined_id3,0.6361289024353027,1.2046869993209839,95.16375,0.81,2,6,96.47208333333332,0.5426095128059387,28.037792,64.4331,0.2181,2.2516661749945746
5KPH_2_6_8_0_combined_id4,1.8087718486785889,1.0832209587097168,93.84333333333332,0.78,2,6,96.47208333333332,0.5426095128059387,28.037792,64.4331,0.229,2.008191426595052
5KPH_2_6_8_0_combined_id5,2.0744104385375977,0.9653030633926392,94.88763888888889,0.79,2,6,96.47208333333332,0.5426095128059387,28.037792,64.4331,0.2135,1.854395972357856
5KPH_2_6_8_0_combined_id6,2.002250909805298,0.6296623349189758,93.12958333333331,0.77,2,6,96.47208333333332,0.5426095128059387,28.037792,64.4331,0.2058,1.9332745869954424
5KPH_2_6_8_0_combined_id7,0.6242813467979431,1.7502357959747314,94.0051388888889,0.8,2,6,96.47208333333332,0.5426095128059387,28.037792,64.4331,0.2112,2.2351305219862194
5KPH_2_6_8_0_combined_id8,2.0050292015075684,1.2270756959915161,87.83486111111112,0.7,2,6,96.47208333333332,0.5426095128059387,28.037792,64.4331,0.1999,1.883628421359592
5KPH_2_6_8_0_combined_id9,0.6897411942481995,0.8759927749633789,95.5534722222222,0.82,2,6,96.47208333333332,0.5426095128059387,28.037792,64.4331,0.1999,1.8955355750189888
5KPH_2_6_9_0_combined_id1,0.8320589065551758,2.1530251502990723,92.14069444444443,0.77,2,6,94.56138888888889,0.6614145040512085,28.183655,65.70494,0.1926,1.9809498257107203
5KPH_2_6_9_0_combined_id10,1.0793465375900269,0.9334597587585449,94.46125,0.8,2,6,94.56138888888889,0.6614145040512085,28.183655,65.70494,0.2362,1.9569630093044703
5KPH_2_6_9_0_combined_id11,0.7218965291976929,1.5044467449188232,90.03125,0.73,2,6,94.56138888888889,0.6614145040512085,28.183655,65.70494,0.1932,1.85277345445421
5KPH_2_6_9_0_combined_id12,0.6851074695587158,1.9590294361114502,93.45208333333332,0.77,2,6,94.56138888888889,0.6614145040512085,28.183655,65.70494,0.195,2.1174763573540583
5KPH_2_6_9_0_combined_id13,0.6446413993835449,2.0382354259490967,92.35291666666666,0.77,2,6,94.56138888888889,0.6614145040512085,28.183655,65.70494,0.2232,1.7863360510932074
5KPH_2_6_9_0_combined_id14,0.7197904586791992,1.731775164604187,92.21875,0.77,2,6,94.56138888888889,0.6614145040512085,28.183655,65.70494,0.2458,1.6295767890082464
5KPH_2_6_9_0_combined_id15,0.6442257761955261,2.2167835235595703,92.72472222222224,0.77,2,6,94.56138888888889,0.6614145040512085,28.183655,65.70494,0.2061,1.91621208190918
5KPH_2_6_9_0_combined_id16,0.6837416291236877,1.9884294271469116,94.07944444444443,0.8,2,6,94.56138888888889,0.6614145040512085,28.183655,65.70494,0.2098,2.1628744337293835
5KPH_2_6_9_0_combined_id18,1.4775309562683105,0.7111198306083679,93.86819444444444,0.78,2,6,94.56138888888889,0.6614145040512085,28.183655,65.70494,0.2171,1.9945153130425348
5KPH_2_6_9_0_combined_id19,1.1369651556015015,0.8438172936439514,92.90819444444443,0.78,2,6,94.56138888888889,0.6614145040512085,28.183655,65.70494,0.1745,1.9568341573079424
5KPH_2_6_9_0_combined_id2,0.7732994556427002,2.179553508758545,95.51194444444444,0.83,2,6,94.56138888888889,0.6614145040512085,28.183655,65.70494,0.2237,1.9440362718370223
5KPH_2_6_9_0_combined_id20,1.0477709770202637,1.291281819343567,86.85930555555555,0.67,2,6,94.56138888888889,0.6614145040512085,28.183655,65.70494,0.1924,1.9770531124538848
5KPH_2_6_9_0_combined_id21,0.5738461017608643,1.7785509824752808,95.68777777777778,0.82,2,6,94.56138888888889,0.6614145040512085,28.183655,65.70494,0.2375,1.8855900234646268
5KPH_2_6_9_0_combined_id22,0.6434052586555481,0.7426499128341675,94.09777777777778,0.78,2,6,94.56138888888889,0.6614145040512085,28.183655,65.70494,0.217,2.034878200954861
5KPH_2_6_9_0_combined_id23,0.7753450870513916,0.8410853743553162,94.0326388888889,0.79,2,6,94.56138888888889,0.6614145040512085,28.183655,65.70494,0.1952,1.9209359486897783
5KPH_2_6_9_0_combined_id24,0.7160876989364624,1.4033212661743164,91.60458333333334,0.76,2,6,94.56138888888889,0.6614145040512085,28.183655,65.70494,0.2091,1.835326724582248
5KPH_2_6_9_0_combined_id3,0.656466007232666,1.9652928113937378,94.2627777777778,0.8,2,6,94.56138888888889,0.6614145040512085,28.183655,65.70494,0.2045,1.872908698187934
5KPH_2_6_9_0_combined_id4,0.9133080244064331,1.6427552700042725,89.22,0.73,2,6,94.56138888888889,0.6614145040512085,28.183655,65.70494,0.1928,1.849853303697374
5KPH_2_6_9_0_combined_id5,0.7693653702735901,2.160435676574707,95.03680555555556,0.82,2,6,94.56138888888889,0.6614145040512085,28.183655,65.70494,0.1972,1.81960572136773
5KPH_2_6_9_0_combined_id6,0.5767384171485901,1.249354600906372,91.9426388888889,0.75,2,6,94.56138888888889,0.6614145040512085,28.183655,65.70494,0.1951,1.8296385871039496
5KPH_2_6_9_0_combined_id7,0.7825236916542053,2.259380578994751,96.09763888888888,0.82,2,6,94.56138888888889,0.6614145040512085,28.183655,65.70494,0.2074,2.001945071750217
5KPH_2_6_9_0_combined_id8,0.6373193264007568,1.5282198190689087,94.91097222222224,0.81,2,6,94.56138888888889,0.6614145040512085,28.183655,65.70494,0.2324,1.9084239535861545
5KPH_2_6_9_0_combined_id9,0.9443090558052063,0.9999318718910217,88.48097222222222,0.69,2,6,94.56138888888889,0.6614145040512085,28.183655,65.70494,0.1827,1.7598223156399198
5KPH_2_8_0_0_combined_id1,0.7213919758796692,0.992807924747467,93.3152777777778,0.79,2,8,95.81041666666664,0.6134266257286072,27.813906,63.542465,0.2005,2.110037909613715
5KPH_2_8_0_0_combined_id10,1.9746512174606323,0.9901660084724426,88.9401388888889,0.71,2,8,95.81041666666664,0.6134266257286072,27.813906,63.542465,0.1946,2.127814186943902
5KPH_2_8_0_0_combined_id11,0.9653078317642212,0.8723868131637573,92.86208333333332,0.76,2,8,95.81041666666664,0.6134266257286072,27.813906,63.542465,0.2274,1.9348392486572263
5KPH_2_8_0_0_combined_id12,0.900016188621521,1.105096697807312,86.10763888888889,0.68,2,8,95.81041666666664,0.6134266257286072,27.813906,63.542465,0.1786,2.080749087863498
5KPH_2_8_0_0_combined_id13,0.7431744337081909,0.7330266237258911,92.02666666666669,0.77,2,8,95.81041666666664,0.6134266257286072,27.813906,63.542465,0.1848,1.8617786831325955
5KPH_2_8_0_0_combined_id14,0.5317206978797913,1.8020431995391846,91.67763888888888,0.77,2,8,95.81041666666664,0.6134266257286072,27.813906,63.542465,0.2089,2.0127071804470487
5KPH_2_8_0_0_combined_id15,0.7550129890441895,2.132282257080078,95.68569444444444,0.83,2,8,95.81041666666664,0.6134266257286072,27.813906,63.542465,0.2263,2.081729888916016
5KPH_2_8_0_0_combined_id16,2.0399065017700195,0.6966778635978699,93.39152777777775,0.78,2,8,95.81041666666664,0.6134266257286072,27.813906,63.542465,0.1958,1.986595789591472
5KPH_2_8_0_0_combined_id17,1.246065616607666,1.266793966293335,92.11555555555556,0.77,2,8,95.81041666666664,0.6134266257286072,27.813906,63.542465,0.1913,1.9707315233018663
5KPH_2_8_0_0_combined_id18,0.8120974898338318,0.8751580119132996,90.37763888888888,0.72,2,8,95.81041666666664,0.6134266257286072,27.813906,63.542465,0.1989,1.87189695570204
5KPH_2_8_0_0_combined_id19,0.573341965675354,2.0397393703460693,94.43305555555555,0.81,2,8,95.81041666666664,0.6134266257286072,27.813906,63.542465,0.1845,2.172834184434679
5KPH_2_8_0_0_combined_id2,0.6124242544174194,1.8980681896209717,94.71027777777778,0.81,2,8,95.81041666666664,0.6134266257286072,27.813906,63.542465,0.1966,1.8680831061469183
5KPH_2_8_0_0_combined_id20,0.6835559010505676,2.0732717514038086,91.47722222222222,0.76,2,8,95.81041666666664,0.6134266257286072,27.813906,63.542465,0.2134,1.7161341773139105
5KPH_2_8_0_0_combined_id21,1.0916534662246704,1.06596839427948,89.87347222222222,0.69,2,8,95.81041666666664,0.6134266257286072,27.813906,63.542465,0.1979,1.8307709164089627
5KPH_2_8_0_0_combined_id22,0.7560474872589111,1.7774101495742798,91.16652777777776,0.76,2,8,95.81041666666664,0.6134266257286072,27.813906,63.542465,0.1853,1.7242906358506944
5KPH_2_8_0_0_combined_id23,0.8305947184562683,1.5955673456192017,94.32944444444443,0.8,2,8,95.81041666666664,0.6134266257286072,27.813906,63.542465,0.224,1.920244852701823
5KPH_2_8_0_0_combined_id24,0.8212471008300781,0.8562383651733398,90.81652777777776,0.71,2,8,95.81041666666664,0.6134266257286072,27.813906,63.542465,0.2184,1.6545768313937717
5KPH_2_8_0_0_combined_id3,0.6507200002670288,1.871408224105835,92.90541666666668,0.78,2,8,95.81041666666664,0.6134266257286072,27.813906,63.542465,0.1884,1.9453023274739585
5KPH_2_8_0_0_combined_id4,0.4924826920032501,1.9528751373291016,94.155,0.81,2,8,95.81041666666664,0.6134266257286072,27.813906,63.542465,0.2008,2.0929052564832897
5KPH_2_8_0_0_combined_id5,0.9480969905853271,2.079646587371826,93.2265277777778,0.79,2,8,95.81041666666664,0.6134266257286072,27.813906,63.542465,0.1918,1.842844009399414
5KPH_2_8_0_0_combined_id7,0.6275508999824524,2.0414206981658936,92.13930555555557,0.78,2,8,95.81041666666664,0.6134266257286072,27.813906,63.542465,0.177,2.0055885314941406
5KPH_2_8_0_0_combined_id8,0.5825622081756592,2.0666069984436035,94.4940277777778,0.8,2,8,95.81041666666664,0.6134266257286072,27.813906,63.542465,0.1951,2.1106160481770835
5KPH_2_8_0_0_combined_id9,0.5088700652122498,1.9716947078704834,94.96708333333332,0.82,2,8,95.81041666666664,0.6134266257286072,27.813906,63.542465,0.2016,2.1157510545518665
5KPH_2_8_1_0_combined_id1,0.6166809797286987,1.8055447340011597,92.78472222222224,0.78,2,8,96.26555555555557,0.6025243997573853,28.702074,64.5545,0.2069,1.973997539944119
5KPH_2_8_1_0_combined_id10,0.7207686901092529,1.4288023710250854,93.47319444444445,0.78,2,8,96.26555555555557,0.6025243997573853,28.702074,64.5545,0.2151,2.072274102105035
5KPH_2_8_1_0_combined_id11,1.2601501941680908,1.5012304782867432,93.1751388888889,0.78,2,8,96.26555555555557,0.6025243997573853,28.702074,64.5545,0.2007,1.9550868140326605
5KPH_2_8_1_0_combined_id12,0.5656577944755554,1.9724767208099365,93.23902777777778,0.79,2,8,96.26555555555557,0.6025243997573853,28.702074,64.5545,0.2136,1.990682601928711
5KPH_2_8_1_0_combined_id13,0.6722515225410461,2.1119134426116943,91.43277777777776,0.74,2,8,96.26555555555557,0.6025243997573853,28.702074,64.5545,0.2071,1.972412533230252
5KPH_2_8_1_0_combined_id14,0.7933875918388367,1.8936426639556885,94.35458333333334,0.8,2,8,96.26555555555557,0.6025243997573853,28.702074,64.5545,0.1936,1.9473465813530817
5KPH_2_8_1_0_combined_id15,0.6955907940864563,1.8630303144454956,88.60041666666666,0.69,2,8,96.26555555555557,0.6025243997573853,28.702074,64.5545,0.2228,1.7526305516560872
5KPH_2_8_1_0_combined_id16,0.6594192385673523,1.8707157373428345,95.32111111111112,0.81,2,8,96.26555555555557,0.6025243997573853,28.702074,64.5545,0.1825,2.200545416937934
5KPH_2_8_1_0_combined_id17,1.0768011808395386,1.7322791814804077,93.39097222222222,0.8,2,8,96.26555555555557,0.6025243997573853,28.702074,64.5545,0.1988,1.9712388780381944
5KPH_2_8_1_0_combined_id18,0.942194938659668,0.8809955716133118,89.50444444444445,0.7,2,8,96.26555555555557,0.6025243997573853,28.702074,64.5545,0.1978,1.9263831244574647
5KPH_2_8_1_0_combined_id19,0.7435591816902161,0.7776336669921875,91.54625,0.73,2,8,96.26555555555557,0.6025243997573853,28.702074,64.5545,0.2,1.9058382246229384
5KPH_2_8_1_0_combined_id2,0.4648098945617676,2.1183524131774902,93.47791666666666,0.79,2,8,96.26555555555557,0.6025243997573853,28.702074,64.5545,0.1873,2.2184117635091147
5KPH_2_8_1_0_combined_id20,0.577934205532074,2.0440726280212402,93.34777777777778,0.79,2,8,96.26555555555557,0.6025243997573853,28.702074,64.5545,0.1899,2.063426971435547
5KPH_2_8_1_0_combined_id21,1.1664719581604004,1.7015230655670166,92.1325,0.77,2,8,96.26555555555557,0.6025243997573853,28.702074,64.5545,0.1825,1.9744186401367188
5KPH_2_8_1_0_combined_id22,0.5341554284095764,1.8392789363861084,93.71597222222222,0.79,2,8,96.26555555555557,0.6025243997573853,28.702074,64.5545,0.2072,2.0147306654188366
5KPH_2_8_1_0_combined_id23,1.0779250860214233,0.687837541103363,92.695,0.78,2,8,96.26555555555557,0.6025243997573853,28.702074,64.5545,0.1823,2.0117090013292103
5KPH_2_8_1_0_combined_id24,0.6278640031814575,2.2155089378356934,93.63513888888887,0.79,2,8,96.26555555555557,0.6025243997573853,28.702074,64.5545,0.2047,2.004949781629774
5KPH_2_8_1_0_combined_id3,1.2285863161087036,1.5388972759246826,87.11305555555555,0.66,2,8,96.26555555555557,0.6025243997573853,28.702074,64.5545,0.1834,2.129971398247613
5KPH_2_8_1_0_combined_id4,0.661630392074585,2.1759133338928223,90.52666666666669,0.75,2,8,96.26555555555557,0.6025243997573853,28.702074,64.5545,0.1822,2.048777686225044
5KPH_2_8_1_0_combined_id5,0.5406513810157776,1.9517580270767212,94.06180555555557,0.79,2,8,96.26555555555557,0.6025243997573853,28.702074,64.5545,0.2143,1.829456753200955
5KPH_2_8_1_0_combined_id6,0.6014181971549988,2.0078394412994385,94.5225,0.8,2,8,96.26555555555557,0.6025243997573853,28.702074,64.5545,0.2119,1.9176915486653645
5KPH_2_8_1_0_combined_id7,0.8008325099945068,1.328781008720398,90.1290277777778,0.72,2,8,96.26555555555557,0.6025243997573853,28.702074,64.5545,0.2098,1.726625230577257
5KPH_2_8_1_0_combined_id8,0.7242267727851868,2.200577735900879,90.43638888888889,0.72,2,8,96.26555555555557,0.6025243997573853,28.702074,64.5545,0.2323,1.837042490641276
5KPH_2_8_1_0_combined_id9,0.881772518157959,1.0780680179595947,91.8573611111111,0.76,2,8,96.26555555555557,0.6025243997573853,28.702074,64.5545,0.1884,2.0049574110243054
5KPH_2_8_2_0_combined_id10,1.4199228286743164,0.9426275491714478,90.50166666666668,0.73,2,8,93.52819444444444,0.7098019123077393,27.755682,63.895203,0.2003,2.0267999437120228
5KPH_2_8_2_0_combined_id11,1.0088932514190674,0.7580718398094177,95.45916666666666,0.82,2,8,93.52819444444444,0.7098019123077393,27.755682,63.895203,0.2276,2.1119261847602
5KPH_2_8_2_0_combined_id12,0.7601054310798645,2.205822229385376,92.06333333333332,0.77,2,8,93.52819444444444,0.7098019123077393,27.755682,63.895203,0.2155,1.8544498019748263
5KPH_2_8_2_0_combined_id13,0.6009318232536316,1.9335607290267944,93.93930555555556,0.8,2,8,93.52819444444444,0.7098019123077393,27.755682,63.895203,0.1989,2.0897630055745444
5KPH_2_8_2_0_combined_id14,0.504328727722168,1.902845025062561,96.37847222222224,0.83,2,8,93.52819444444444,0.7098019123077393,27.755682,63.895203,0.203,2.212011125352648
5KPH_2_8_2_0_combined_id15,0.9767005443572998,0.9310997724533081,89.56708333333333,0.7,2,8,93.52819444444444,0.7098019123077393,27.755682,63.895203,0.1732,2.217284732394748
5KPH_2_8_2_0_combined_id16,0.6251477599143982,0.6720340847969055,94.1763888888889,0.8,2,8,93.52819444444444,0.7098019123077393,27.755682,63.895203,0.1989,2.245118035210504
5KPH_2_8_2_0_combined_id17,0.6544811129570007,1.9370557069778442,91.50027777777778,0.76,2,8,93.52819444444444,0.7098019123077393,27.755682,63.895203,0.205,2.0484144422743054
5KPH_2_8_2_0_combined_id19,0.569430410861969,1.7060377597808838,93.40916666666664,0.78,2,8,93.52819444444444,0.7098019123077393,27.755682,63.895203,0.1768,1.935959710015191
5KPH_2_8_2_0_combined_id2,0.819126546382904,1.6861480474472046,94.25513888888888,0.81,2,8,93.52819444444444,0.7098019123077393,27.755682,63.895203,0.1964,2.2505825890435114
5KPH_2_8_2_0_combined_id20,0.6177232265472412,1.8744467496871948,95.03541666666668,0.82,2,8,93.52819444444444,0.7098019123077393,27.755682,63.895203,0.2032,2.308025360107422
5KPH_2_8_2_0_combined_id21,0.5673375725746155,1.9708980321884155,94.47902777777776,0.81,2,8,93.52819444444444,0.7098019123077393,27.755682,63.895203,0.1879,1.9367718166775167
5KPH_2_8_2_0_combined_id22,0.6263981461524963,1.6296052932739258,91.26861111111111,0.77,2,8,93.52819444444444,0.7098019123077393,27.755682,63.895203,0.1733,2.195717917548285
5KPH_2_8_2_0_combined_id23,0.7956302165985107,1.5068541765213013,95.24569444444444,0.82,2,8,93.52819444444444,0.7098019123077393,27.755682,63.895203,0.2052,2.1388036939832897
5KPH_2_8_2_0_combined_id24,1.8888075351715088,0.8460165858268738,92.4102777777778,0.76,2,8,93.52819444444444,0.7098019123077393,27.755682,63.895203,0.1941,1.9036458333333333
5KPH_2_8_2_0_combined_id3,0.7071760296821594,1.9852606058120728,94.26319444444442,0.8,2,8,93.52819444444444,0.7098019123077393,27.755682,63.895203,0.1852,2.064622243245443
5KPH_2_8_2_0_combined_id4,0.6638126373291016,1.6385914087295532,94.26541666666668,0.79,2,8,93.52819444444444,0.7098019123077393,27.755682,63.895203,0.2247,1.9420589870876737
5KPH_2_8_2_0_combined_id5,0.6814818978309631,2.0355265140533447,91.57402777777776,0.75,2,8,93.52819444444444,0.7098019123077393,27.755682,63.895203,0.1964,2.0903763241238065
5KPH_2_8_2_0_combined_id6,0.5260730385780334,1.665666937828064,92.16777777777776,0.78,2,8,93.52819444444444,0.7098019123077393,27.755682,63.895203,0.1709,2.391614066229926
5KPH_2_8_2_0_combined_id7,0.7181790471076965,1.6697276830673218,86.89055555555557,0.69,2,8,93.52819444444444,0.7098019123077393,27.755682,63.895203,0.1996,1.9528287251790364
5KPH_2_8_2_0_combined_id8,0.6887840032577515,1.8915753364562988,90.9538888888889,0.73,2,8,93.52819444444444,0.7098019123077393,27.755682,63.895203,0.1988,1.9300257364908853
5KPH_2_8_2_0_combined_id9,0.6270469427108765,1.708299160003662,94.15986111111113,0.8,2,8,93.52819444444444,0.7098019123077393,27.755682,63.895203,0.2114,2.187527550591363
5KPH_2_8_3_0_combined_id1,0.7091603875160217,1.9293957948684692,95.63125,0.81,2,8,93.02805555555555,0.6488792896270752,27.66535,63.960403,0.2211,2.061583201090494
5KPH_2_8_3_0_combined_id10,0.6708807945251465,1.9769327640533447,96.33652777777776,0.83,2,8,93.02805555555555,0.6488792896270752,27.66535,63.960403,0.1896,2.122239854600694
5KPH_2_8_3_0_combined_id11,1.770221471786499,0.671227216720581,94.33041666666668,0.79,2,8,93.02805555555555,0.6488792896270752,27.66535,63.960403,0.1884,2.223025851779514
5KPH_2_8_3_0_combined_id12,2.1638336181640625,0.8935237526893616,95.05583333333334,0.8,2,8,93.02805555555555,0.6488792896270752,27.66535,63.960403,0.219,2.059138403998481
5KPH_2_8_3_0_combined_id13,0.6860682368278503,2.0832204818725586,94.21958333333332,0.78,2,8,93.02805555555555,0.6488792896270752,27.66535,63.960403,0.2006,2.056326124403212
5KPH_2_8_3_0_combined_id14,0.6908494234085083,1.8928722143173218,95.47375,0.82,2,8,93.02805555555555,0.6488792896270752,27.66535,63.960403,0.1975,2.1654459635416665
5KPH_2_8_3_0_combined_id15,0.6486226916313171,1.771627426147461,90.47777777777776,0.72,2,8,93.02805555555555,0.6488792896270752,27.66535,63.960403,0.2084,1.6760246488783097
5KPH_2_8_3_0_combined_id16,0.8245378732681274,1.1101878881454468,90.40402777777776,0.75,2,8,93.02805555555555,0.6488792896270752,27.66535,63.960403,0.2133,1.772429784138997
5KPH_2_8_3_0_combined_id17,0.7383720874786377,1.437516212463379,93.59597222222222,0.78,2,8,93.02805555555555,0.6488792896270752,27.66535,63.960403,0.2087,1.95966911315918
5KPH_2_8_3_0_combined_id18,0.7765809893608093,0.950968861579895,90.99902777777778,0.73,2,8,93.02805555555555,0.6488792896270752,27.66535,63.960403,0.2133,1.7931476169162326
5KPH_2_8_3_0_combined_id19,0.7836735248565674,1.9636510610580444,93.66736111111112,0.79,2,8,93.02805555555555,0.6488792896270752,27.66535,63.960403,0.1855,2.1693912082248263
5KPH_2_8_3_0_combined_id2,0.7152696847915649,2.033231019973755,91.8315277777778,0.75,2,8,93.02805555555555,0.6488792896270752,27.66535,63.960403,0.2106,1.7861417134602864
5KPH_2_8_3_0_combined_id20,0.5086029767990112,1.9913973808288574,94.57652777777778,0.81,2,8,93.02805555555555,0.6488792896270752,27.66535,63.960403,0.1899,2.2203862931993275
5KPH_2_8_3_0_combined_id21,1.518875241279602,0.6711477637290955,89.3111111111111,0.72,2,8,93.02805555555555,0.6488792896270752,27.66535,63.960403,0.2204,2.0678908030192056
5KPH_2_8_3_0_combined_id22,0.7243760228157043,0.8652111887931824,88.72666666666666,0.73,2,8,93.02805555555555,0.6488792896270752,27.66535,63.960403,0.2051,1.9592810736762152
5KPH_2_8_3_0_combined_id23,1.5228906869888306,0.5481903553009033,91.8338888888889,0.75,2,8,93.02805555555555,0.6488792896270752,27.66535,63.960403,0.1963,1.774791293674045
5KPH_2_8_3_0_combined_id24,0.7080399990081787,1.055260181427002,90.34458333333332,0.74,2,8,93.02805555555555,0.6488792896270752,27.66535,63.960403,0.1802,1.907869550916884
5KPH_2_8_3_0_combined_id3,0.8689977526664734,1.8017932176589966,94.40472222222222,0.81,2,8,93.02805555555555,0.6488792896270752,27.66535,63.960403,0.2265,1.9735022650824647
5KPH_2_8_3_0_combined_id4,0.653145432472229,1.9277887344360352,95.89791666666666,0.83,2,8,93.02805555555555,0.6488792896270752,27.66535,63.960403,0.1859,2.138147989908854
5KPH_2_8_3_0_combined_id5,0.6700688004493713,1.842281699180603,95.96430555555555,0.82,2,8,93.02805555555555,0.6488792896270752,27.66535,63.960403,0.2463,2.0546610090467663
5KPH_2_8_3_0_combined_id6,1.24691903591156,0.7462381720542908,91.48402777777778,0.74,2,8,93.02805555555555,0.6488792896270752,27.66535,63.960403,0.2024,1.8038953145345047
5KPH_2_8_3_0_combined_id7,0.6350529193878174,2.0107474327087402,95.45055555555555,0.81,2,8,93.02805555555555,0.6488792896270752,27.66535,63.960403,0.2198,1.984047359890408
5KPH_2_8_3_0_combined_id8,0.6951528191566467,1.8754851818084717,94.67458333333332,0.81,2,8,93.02805555555555,0.6488792896270752,27.66535,63.960403,0.2001,1.9206212361653645
5KPH_2_8_3_0_combined_id9,0.554457426071167,1.888711929321289,93.01027777777776,0.77,2,8,93.02805555555555,0.6488792896270752,27.66535,63.960403,0.201,2.0222702026367188
5KPH_2_8_4_0_combined_id1,0.5848010182380676,1.8816611766815186,95.06222222222222,0.81,2,8,95.99444444444444,0.6906513571739197,27.07898,64.24088,0.1843,2.1296528710259333
5KPH_2_8_4_0_combined_id10,0.6199333071708679,1.7289952039718628,96.05569444444444,0.83,2,8,95.99444444444444,0.6906513571739197,27.07898,64.24088,0.192,1.809854719373915
5KPH_2_8_4_0_combined_id11,0.6808790564537048,1.413541316986084,92.72166666666664,0.78,2,8,95.99444444444444,0.6906513571739197,27.07898,64.24088,0.196,2.089196946885851
5KPH_2_8_4_0_combined_id12,0.7620164155960083,1.45919930934906,94.21527777777776,0.81,2,8,95.99444444444444,0.6906513571739197,27.07898,64.24088,0.1988,1.7984595828586154
5KPH_2_8_4_0_combined_id13,0.691268265247345,1.5929311513900757,91.71541666666668,0.78,2,8,95.99444444444444,0.6906513571739197,27.07898,64.24088,0.2069,2.068128373887804
5KPH_2_8_4_0_combined_id14,0.9428214430809021,1.022890567779541,91.17958333333334,0.76,2,8,95.99444444444444,0.6906513571739197,27.07898,64.24088,0.2039,1.8494688669840496
5KPH_2_8_4_0_combined_id15,0.8793363571166992,0.8781569004058838,91.77305555555556,0.76,2,8,95.99444444444444,0.6906513571739197,27.07898,64.24088,0.1779,2.0667925940619574
5KPH_2_8_4_0_combined_id16,0.764840841293335,1.2890586853027344,90.99138888888888,0.73,2,8,95.99444444444444,0.6906513571739197,27.07898,64.24088,0.187,1.7997881571451824
5KPH_2_8_4_0_combined_id17,0.6271271109580994,1.7488508224487305,94.84375,0.81,2,8,95.99444444444444,0.6906513571739197,27.07898,64.24088,0.2236,1.7980982462565105
5KPH_2_8_4_0_combined_id19,1.5253994464874268,0.7326720356941223,90.8126388888889,0.74,2,8,95.99444444444444,0.6906513571739197,27.07898,64.24088,0.2313,2.04219118754069
5KPH_2_8_4_0_combined_id2,0.6229788661003113,1.8059543371200562,94.97402777777776,0.82,2,8,95.99444444444444,0.6906513571739197,27.07898,64.24088,0.2083,2.036052703857422
5KPH_2_8_4_0_combined_id20,0.5982338786125183,1.8551831245422363,94.81138888888889,0.81,2,8,95.99444444444444,0.6906513571739197,27.07898,64.24088,0.211,1.970692104763455
5KPH_2_8_4_0_combined_id22,0.6953698396682739,1.7270715236663818,93.90291666666668,0.8,2,8,95.99444444444444,0.6906513571739197,27.07898,64.24088,0.1798,2.2798856099446616
5KPH_2_8_4_0_combined_id23,0.8581098914146423,1.1218878030776978,88.18472222222222,0.7,2,8,95.99444444444444,0.6906513571739197,27.07898,64.24088,0.1832,2.216438505384657
5KPH_2_8_4_0_combined_id24,0.7484112977981567,1.453263282775879,94.03166666666668,0.79,2,8,95.99444444444444,0.6906513571739197,27.07898,64.24088,0.1911,2.0083556705051
5KPH_2_8_4_0_combined_id3,0.5188779234886169,1.832005262374878,94.29013888888888,0.8,2,8,95.99444444444444,0.6906513571739197,27.07898,64.24088,0.2003,2.102636973063151
5KPH_2_8_4_0_combined_id4,0.6952117085456848,1.9764623641967773,90.91291666666666,0.74,2,8,95.99444444444444,0.6906513571739197,27.07898,64.24088,0.2088,1.970123291015625
5KPH_2_8_4_0_combined_id5,0.5601993203163147,1.9376375675201416,94.94430555555556,0.81,2,8,95.99444444444444,0.6906513571739197,27.07898,64.24088,0.2052,1.9428215026855469
5KPH_2_8_4_0_combined_id6,0.7262332439422607,1.7414039373397827,91.2622222222222,0.76,2,8,95.99444444444444,0.6906513571739197,27.07898,64.24088,0.1958,1.95643064710829
5KPH_2_8_4_0_combined_id7,0.6534250378608704,2.132248878479004,95.50708333333334,0.82,2,8,95.99444444444444,0.6906513571739197,27.07898,64.24088,0.2102,1.854981316460504
5KPH_2_8_4_0_combined_id8,0.6786845922470093,1.7777823209762573,94.94958333333334,0.82,2,8,95.99444444444444,0.6906513571739197,27.07898,64.24088,0.2235,2.087189144558377
5KPH_2_8_4_0_combined_id9,0.7551124691963196,1.3971054553985596,95.30097222222224,0.83,2,8,95.99444444444444,0.6906513571739197,27.07898,64.24088,0.2209,2.1479913923475475
5KPH_2_8_5_0_combined_id1,0.6560454368591309,1.8926267623901367,89.92958333333334,0.7,2,8,95.32013888888888,0.5849745273590088,26.90008,63.539955,0.2216,1.8156365288628475
5KPH_2_8_5_0_combined_id10,0.8211426138877869,1.4406038522720337,90.48180555555555,0.76,2,8,95.32013888888888,0.5849745273590088,26.90008,63.539955,0.194,2.3137329949273004
5KPH_2_8_5_0_combined_id11,0.5992014408111572,1.9674983024597168,94.93222222222224,0.81,2,8,95.32013888888888,0.5849745273590088,26.90008,63.539955,0.1927,1.7731697294447155
5KPH_2_8_5_0_combined_id12,2.0395734310150146,1.5698307752609253,90.08166666666666,0.73,2,8,95.32013888888888,0.5849745273590088,26.90008,63.539955,0.1733,1.961779276529948
5KPH_2_8_5_0_combined_id13,0.8054644465446472,1.4268845319747925,88.09722222222223,0.73,2,8,95.32013888888888,0.5849745273590088,26.90008,63.539955,0.1775,1.991792678833008
5KPH_2_8_5_0_combined_id14,1.148360013961792,0.7117836475372314,91.62666666666664,0.72,2,8,95.32013888888888,0.5849745273590088,26.90008,63.539955,0.1921,1.7944535149468317
5KPH_2_8_5_0_combined_id15,0.9352370500564575,2.4834377765655518,96.27375,0.82,2,8,95.32013888888888,0.5849745273590088,26.90008,63.539955,0.2035,1.9820098876953125
5KPH_2_8_5_0_combined_id16,1.2044398784637451,0.5671440362930298,92.53305555555556,0.74,2,8,95.32013888888888,0.5849745273590088,26.90008,63.539955,0.191,1.788643519083659
5KPH_2_8_5_0_combined_id17,0.7412105202674866,1.1037968397140503,89.49236111111111,0.71,2,8,95.32013888888888,0.5849745273590088,26.90008,63.539955,0.2013,1.8647160000271268
5KPH_2_8_5_0_combined_id18,1.422157645225525,0.6565476059913635,93.71263888888888,0.77,2,8,95.32013888888888,0.5849745273590088,26.90008,63.539955,0.2153,1.9079837799072263
5KPH_2_8_5_0_combined_id19,0.7167239189147949,1.045645833015442,92.44097222222224,0.76,2,8,95.32013888888888,0.5849745273590088,26.90008,63.539955,0.1959,2.063866085476345
5KPH_2_8_5_0_combined_id2,0.6900494694709778,2.037828207015991,96.19388888888888,0.83,2,8,95.32013888888888,0.5849745273590088,26.90008,63.539955,0.2046,2.0647493998209634
5KPH_2_8_5_0_combined_id20,1.0104936361312866,0.8606842160224915,92.24291666666666,0.76,2,8,95.32013888888888,0.5849745273590088,26.90008,63.539955,0.1931,1.7477173275417752
5KPH_2_8_5_0_combined_id21,1.017411231994629,1.1818324327468872,94.38833333333334,0.8,2,8,95.32013888888888,0.5849745273590088,26.90008,63.539955,0.1975,2.0742225646972656
5KPH_2_8_5_0_combined_id22,6.219473838806152,5.955997467041016,72.71999999999998,0.51,2,8,95.32013888888888,0.5849745273590088,26.90008,63.539955,0.1921,2.149089813232422
5KPH_2_8_5_0_combined_id23,0.9008659720420837,1.409118890762329,92.5123611111111,0.77,2,8,95.32013888888888,0.5849745273590088,26.90008,63.539955,0.2169,1.968626234266493
5KPH_2_8_5_0_combined_id24,7.623534202575684,7.403014659881592,62.41805555555556,0.44,2,8,95.32013888888888,0.5849745273590088,26.90008,63.539955,0.2026,2.369140201144748
5KPH_2_8_5_0_combined_id3,1.4489976167678833,0.7756178379058838,92.66486111111112,0.76,2,8,95.32013888888888,0.5849745273590088,26.90008,63.539955,0.2388,1.9744709862603085
5KPH_2_8_5_0_combined_id4,0.7377439737319946,0.7605293989181519,93.31930555555556,0.76,2,8,95.32013888888888,0.5849745273590088,26.90008,63.539955,0.2259,2.046918657090929
5KPH_2_8_5_0_combined_id5,0.9130144119262695,1.4873930215835571,89.75194444444445,0.71,2,8,95.32013888888888,0.5849745273590088,26.90008,63.539955,0.2068,2.0027364095052085
5KPH_2_8_5_0_combined_id6,0.7123659253120422,1.0995852947235107,89.79569444444445,0.73,2,8,95.32013888888888,0.5849745273590088,26.90008,63.539955,0.1955,1.727335188123915
5KPH_2_8_5_0_combined_id7,1.4613233804702759,0.834418535232544,87.76097222222224,0.7,2,8,95.32013888888888,0.5849745273590088,26.90008,63.539955,0.1881,1.9507577684190536
5KPH_2_8_5_0_combined_id8,0.9162511825561523,0.9090784788131714,93.43486111111112,0.77,2,8,95.32013888888888,0.5849745273590088,26.90008,63.539955,0.1724,1.941378699408637
5KPH_2_8_5_0_combined_id9,0.7890579104423523,0.7572703957557678,90.67666666666668,0.73,2,8,95.32013888888888,0.5849745273590088,26.90008,63.539955,0.2012,1.91104973687066
5KPH_2_8_6_0_combined_id1,1.2591338157653809,1.2828874588012695,89.18208333333334,0.67,2,8,93.33583333333334,0.5940830111503601,27.83344,64.59608,0.2093,1.7316678365071614
5KPH_2_8_6_0_combined_id10,1.889322280883789,1.0862644910812378,92.95555555555556,0.77,2,8,93.33583333333334,0.5940830111503601,27.83344,64.59608,0.1877,2.117491404215494
5KPH_2_8_6_0_combined_id11,0.5484048128128052,2.3287744522094727,95.92569444444445,0.83,2,8,93.33583333333334,0.5940830111503601,27.83344,64.59608,0.2233,2.053792105780708
5KPH_2_8_6_0_combined_id13,0.7402897477149963,1.9813861846923828,94.61916666666669,0.8,2,8,93.33583333333334,0.5940830111503601,27.83344,64.59608,0.1761,2.0862520005967884
5KPH_2_8_6_0_combined_id14,1.3550212383270264,1.132502794265747,88.9473611111111,0.73,2,8,93.33583333333334,0.5940830111503601,27.83344,64.59608,0.2303,1.856497022840712
5KPH_2_8_6_0_combined_id15,0.9819684624671936,1.4203953742980957,88.36916666666667,0.7,2,8,93.33583333333334,0.5940830111503601,27.83344,64.59608,0.2078,1.8334719340006511
5KPH_2_8_6_0_combined_id16,0.5639435648918152,2.2745890617370605,95.85986111111112,0.82,2,8,93.33583333333334,0.5940830111503601,27.83344,64.59608,0.2108,2.038816240098741
5KPH_2_8_6_0_combined_id17,0.9686651825904846,1.5324170589447021,89.81013888888889,0.74,2,8,93.33583333333334,0.5940830111503601,27.83344,64.59608,0.2155,1.861377716064453
5KPH_2_8_6_0_combined_id18,1.622193455696106,1.5585228204727173,92.87430555555557,0.77,2,8,93.33583333333334,0.5940830111503601,27.83344,64.59608,0.1965,2.0491710238986545
5KPH_2_8_6_0_combined_id19,0.6481207609176636,2.0633411407470703,92.6059722222222,0.77,2,8,93.33583333333334,0.5940830111503601,27.83344,64.59608,0.2269,1.854559792412652
5KPH_2_8_6_0_combined_id2,0.5460464358329773,2.4258766174316406,94.23305555555557,0.8,2,8,93.33583333333334,0.5940830111503601,27.83344,64.59608,0.2229,1.8890308803982203
5KPH_2_8_6_0_combined_id20,0.746698796749115,1.9876792430877686,91.60111111111112,0.75,2,8,93.33583333333334,0.5940830111503601,27.83344,64.59608,0.191,2.045664469401041
5KPH_2_8_6_0_combined_id21,0.5244556069374084,2.3937714099884033,95.39430555555556,0.82,2,8,93.33583333333334,0.5940830111503601,27.83344,64.59608,0.21,1.85658688015408
5KPH_2_8_6_0_combined_id22,2.399064302444458,0.8181228637695312,94.27291666666666,0.79,2,8,93.33583333333334,0.5940830111503601,27.83344,64.59608,0.2318,1.947954813639323
5KPH_2_8_6_0_combined_id23,0.6154201626777649,2.2827022075653076,93.91555555555556,0.8,2,8,93.33583333333334,0.5940830111503601,27.83344,64.59608,0.2131,2.005483203464084
5KPH_2_8_6_0_combined_id24,0.5978386402130127,1.947070837020874,93.6275,0.79,2,8,93.33583333333334,0.5940830111503601,27.83344,64.59608,0.2189,1.9679777357313368
5KPH_2_8_6_0_combined_id3,0.63807213306427,2.577310800552368,93.81875,0.8,2,8,93.33583333333334,0.5940830111503601,27.83344,64.59608,0.1656,2.238570319281684
5KPH_2_8_6_0_combined_id4,0.7056278586387634,2.078336715698242,93.82,0.8,2,8,93.33583333333334,0.5940830111503601,27.83344,64.59608,0.2012,2.015758090549045
5KPH_2_8_6_0_combined_id5,1.0197852849960327,1.6214187145233154,91.79375,0.76,2,8,93.33583333333334,0.5940830111503601,27.83344,64.59608,0.1898,1.8872188991970489
5KPH_2_8_6_0_combined_id6,0.5798382759094238,2.0741167068481445,90.92888888888888,0.73,2,8,93.33583333333334,0.5940830111503601,27.83344,64.59608,0.2405,1.830535888671875
5KPH_2_8_6_0_combined_id7,1.9873406887054443,0.8034384250640869,94.81958333333334,0.79,2,8,93.33583333333334,0.5940830111503601,27.83344,64.59608,0.1957,1.9419932895236545
5KPH_2_8_6_0_combined_id8,1.374733328819275,0.8660516738891602,92.83305555555556,0.78,2,8,93.33583333333334,0.5940830111503601,27.83344,64.59608,0.223,2.038662168714735
5KPH_2_8_6_0_combined_id9,1.278300166130066,1.1648489236831665,85.51708333333335,0.66,2,8,93.33583333333334,0.5940830111503601,27.83344,64.59608,0.1749,2.074881659613715
5KPH_2_8_7_0_combined_id1,0.5966323018074036,1.8790202140808105,93.15444444444444,0.78,2,8,94.09125,0.6078482270240784,28.068794,63.397446,0.2111,2.1201629638671875
5KPH_2_8_7_0_combined_id11,1.4899204969406128,0.9192295074462891,90.23055555555555,0.71,2,8,94.09125,0.6078482270240784,28.068794,63.397446,0.1936,1.9286058213975688
5KPH_2_8_7_0_combined_id12,1.7854056358337402,1.0085103511810303,90.91083333333331,0.74,2,8,94.09125,0.6078482270240784,28.068794,63.397446,0.1718,1.9516321818033853
5KPH_2_8_7_0_combined_id13,0.5221861004829407,1.9491440057754517,95.88569444444444,0.83,2,8,94.09125,0.6078482270240784,28.068794,63.397446,0.1941,2.26015853881836
5KPH_2_8_7_0_combined_id14,0.8336470127105713,1.0800089836120605,88.09583333333333,0.73,2,8,94.09125,0.6078482270240784,28.068794,63.397446,0.1782,1.8702307807074647
5KPH_2_8_7_0_combined_id15,0.7147746682167053,1.2984306812286377,89.44819444444444,0.7,2,8,94.09125,0.6078482270240784,28.068794,63.397446,0.2062,1.7107390297783749
5KPH_2_8_7_0_combined_id17,1.7810965776443481,0.9503774642944336,89.07180555555556,0.71,2,8,94.09125,0.6078482270240784,28.068794,63.397446,0.1653,1.8984915415445964
5KPH_2_8_7_0_combined_id18,0.597065269947052,1.6880536079406738,91.17930555555556,0.76,2,8,94.09125,0.6078482270240784,28.068794,63.397446,0.1701,2.126567840576172
5KPH_2_8_7_0_combined_id19,0.8516871929168701,0.9800990223884583,92.60069444444444,0.77,2,8,94.09125,0.6078482270240784,28.068794,63.397446,0.1777,1.870953030056424
5KPH_2_8_7_0_combined_id2,0.5597267746925354,1.1124889850616455,92.87847222222224,0.78,2,8,94.09125,0.6078482270240784,28.068794,63.397446,0.1728,2.1473380194769964
5KPH_2_8_7_0_combined_id20,0.7290480136871338,0.6238059401512146,95.47125,0.81,2,8,94.09125,0.6078482270240784,28.068794,63.397446,0.2131,2.08577134874132
5KPH_2_8_7_0_combined_id21,0.5883402824401855,2.2174301147460938,93.85763888888889,0.8,2,8,94.09125,0.6078482270240784,28.068794,63.397446,0.1971,1.847869873046875
5KPH_2_8_7_0_combined_id22,0.6264013648033142,1.5942590236663818,95.01416666666664,0.82,2,8,94.09125,0.6078482270240784,28.068794,63.397446,0.2062,2.1296174791124134
5KPH_2_8_7_0_combined_id23,0.823809027671814,0.6996524333953857,89.9075,0.73,2,8,94.09125,0.6078482270240784,28.068794,63.397446,0.2039,1.8394012451171875
5KPH_2_8_7_0_combined_id24,0.8001649379730225,0.962883472442627,94.49513888888887,0.8,2,8,94.09125,0.6078482270240784,28.068794,63.397446,0.1998,2.175566779242621
5KPH_2_8_7_0_combined_id3,0.5796622633934021,1.9108079671859741,92.25638888888888,0.77,2,8,94.09125,0.6078482270240784,28.068794,63.397446,0.188,2.071812947591146
5KPH_2_8_7_0_combined_id4,0.6991823315620422,0.8919137716293335,89.89333333333333,0.74,2,8,94.09125,0.6078482270240784,28.068794,63.397446,0.2149,1.825990253024631
5KPH_2_8_7_0_combined_id5,0.6163135170936584,1.7726901769638062,90.77388888888888,0.75,2,8,94.09125,0.6078482270240784,28.068794,63.397446,0.1917,1.779532962375217
5KPH_2_8_7_0_combined_id6,0.7067784667015076,1.0673257112503052,93.12875,0.77,2,8,94.09125,0.6078482270240784,28.068794,63.397446,0.1831,1.9387376573350688
5KPH_2_8_7_0_combined_id7,1.3373517990112305,1.2894573211669922,91.81708333333331,0.76,2,8,94.09125,0.6078482270240784,28.068794,63.397446,0.19,1.939261118570964
5KPH_2_8_7_0_combined_id8,0.6811298727989197,1.720635175704956,90.70527777777778,0.76,2,8,94.09125,0.6078482270240784,28.068794,63.397446,0.1885,1.8610483805338545
5KPH_2_8_7_0_combined_id9,0.4991968870162964,2.0382351875305176,94.32847222222222,0.81,2,8,94.09125,0.6078482270240784,28.068794,63.397446,0.2226,2.163380093044705
5KPH_2_8_8_0_combined_id1,1.7405270338058472,1.0256288051605225,93.93055555555556,0.78,2,8,94.5951388888889,0.7780401110649109,27.195671,62.87919,0.1922,1.9384134080674915
5KPH_2_8_8_0_combined_id10,0.8533680438995361,1.2720911502838135,93.24805555555557,0.79,2,8,94.5951388888889,0.7780401110649109,27.195671,62.87919,0.2006,1.9031889173719616
5KPH_2_8_8_0_combined_id11,1.284818410873413,0.792852520942688,90.27291666666666,0.74,2,8,94.5951388888889,0.7780401110649109,27.195671,62.87919,0.2211,2.0607486300998263
5KPH_2_8_8_0_combined_id12,1.063105583190918,1.1237629652023315,90.32638888888889,0.75,2,8,94.5951388888889,0.7780401110649109,27.195671,62.87919,0.2117,1.8442225986056853
5KPH_2_8_8_0_combined_id13,0.947905957698822,1.495727300643921,93.03930555555556,0.78,2,8,94.5951388888889,0.7780401110649109,27.195671,62.87919,0.2046,1.968544006347656
5KPH_2_8_8_0_combined_id14,0.5759894847869873,1.9050644636154175,94.48944444444444,0.82,2,8,94.5951388888889,0.7780401110649109,27.195671,62.87919,0.1909,2.312116199069553
5KPH_2_8_8_0_combined_id15,1.5858129262924194,1.0156906843185425,88.7225,0.7,2,8,94.5951388888889,0.7780401110649109,27.195671,62.87919,0.2083,1.8606719970703125
5KPH_2_8_8_0_combined_id16,0.9724239110946655,1.4058984518051147,94.9947222222222,0.81,2,8,94.5951388888889,0.7780401110649109,27.195671,62.87919,0.1961,2.0328837500678167
5KPH_2_8_8_0_combined_id17,0.5597707629203796,1.6874182224273682,95.0476388888889,0.81,2,8,94.5951388888889,0.7780401110649109,27.195671,62.87919,0.2043,1.999371422661676
5KPH_2_8_8_0_combined_id18,0.7506916522979736,1.1388885974884033,91.14458333333332,0.74,2,8,94.5951388888889,0.7780401110649109,27.195671,62.87919,0.197,1.8575272030300565
5KPH_2_8_8_0_combined_id19,0.7476697564125061,1.3455891609191895,90.87666666666668,0.75,2,8,94.5951388888889,0.7780401110649109,27.195671,62.87919,0.1787,1.8583645290798607
5KPH_2_8_8_0_combined_id2,1.2286345958709717,0.6243808269500732,90.36527777777776,0.75,2,8,94.5951388888889,0.7780401110649109,27.195671,62.87919,0.2227,2.1393148634168835
5KPH_2_8_8_0_combined_id20,0.7223688960075378,1.3429664373397827,90.1475,0.7,2,8,94.5951388888889,0.7780401110649109,27.195671,62.87919,0.208,1.8812141418457031
5KPH_2_8_8_0_combined_id21,1.6761078834533691,0.8855859041213989,90.21027777777778,0.73,2,8,94.5951388888889,0.7780401110649109,27.195671,62.87919,0.1972,2.043512132432726
5KPH_2_8_8_0_combined_id22,0.6645981073379517,1.0544103384017944,93.85625,0.8,2,8,94.5951388888889,0.7780401110649109,27.195671,62.87919,0.1897,2.0789557562934027
5KPH_2_8_8_0_combined_id23,0.7053272724151611,0.9814891815185547,89.79930555555556,0.74,2,8,94.5951388888889,0.7780401110649109,27.195671,62.87919,0.1816,1.986377716064453
5KPH_2_8_8_0_combined_id24,0.6455368399620056,1.871700644493103,94.69486111111112,0.82,2,8,94.5951388888889,0.7780401110649109,27.195671,62.87919,0.2157,1.910246107313368
5KPH_2_8_8_0_combined_id3,1.0466123819351196,1.6325323581695557,93.35291666666666,0.79,2,8,94.5951388888889,0.7780401110649109,27.195671,62.87919,0.1947,1.878829108344184
5KPH_2_8_8_0_combined_id4,0.5539451241493225,1.9530644416809082,94.74125,0.82,2,8,94.5951388888889,0.7780401110649109,27.195671,62.87919,0.2309,2.1724942525227866
5KPH_2_8_8_0_combined_id5,0.6456366181373596,1.0062543153762817,93.48819444444445,0.79,2,8,94.5951388888889,0.7780401110649109,27.195671,62.87919,0.2001,2.319811079237196
5KPH_2_8_8_0_combined_id6,0.7948164343833923,1.7816277742385864,92.575,0.76,2,8,94.5951388888889,0.7780401110649109,27.195671,62.87919,0.1861,1.7637045118543837
5KPH_2_8_8_0_combined_id7,0.8909531831741333,0.7300747036933899,90.375,0.75,2,8,94.5951388888889,0.7780401110649109,27.195671,62.87919,0.2074,1.9814487033420136
5KPH_2_8_8_0_combined_id8,1.3925354480743408,1.08634614944458,87.40263888888889,0.69,2,8,94.5951388888889,0.7780401110649109,27.195671,62.87919,0.17,2.209403567843967
5KPH_2_8_8_0_combined_id9,0.7612788081169128,1.438276767730713,88.04402777777779,0.68,2,8,94.5951388888889,0.7780401110649109,27.195671,62.87919,0.2078,1.6633705563015408
5KPH_2_8_9_0_combined_id1,0.7283392548561096,0.8922784924507141,90.995,0.72,2,8,95.5898611111111,0.6108673810958862,27.304863,64.34377,0.1855,2.158228132459852
5KPH_2_8_9_0_combined_id10,0.7277866005897522,1.7512065172195435,96.40263888888887,0.82,2,8,95.5898611111111,0.6108673810958862,27.304863,64.34377,0.2092,2.0907520718044705
5KPH_2_8_9_0_combined_id11,0.6552008986473083,2.319507598876953,94.33083333333332,0.81,2,8,95.5898611111111,0.6108673810958862,27.304863,64.34377,0.1792,2.0461046430799694
5KPH_2_8_9_0_combined_id12,1.0015727281570435,0.8460450768470764,93.2598611111111,0.77,2,8,95.5898611111111,0.6108673810958862,27.304863,64.34377,0.2186,1.9212697347005208
5KPH_2_8_9_0_combined_id13,1.1775277853012085,1.774977445602417,93.47569444444444,0.77,2,8,95.5898611111111,0.6108673810958862,27.304863,64.34377,0.1795,1.980997085571289
5KPH_2_8_9_0_combined_id14,0.753716230392456,1.0174013376235962,92.6898611111111,0.77,2,8,95.5898611111111,0.6108673810958862,27.304863,64.34377,0.1886,1.8076888190375435
5KPH_2_8_9_0_combined_id15,0.6491492390632629,1.894492268562317,89.76138888888889,0.71,2,8,95.5898611111111,0.6108673810958862,27.304863,64.34377,0.2014,1.8403438991970489
5KPH_2_8_9_0_combined_id16,0.8658753037452698,1.190148949623108,93.02166666666666,0.76,2,8,95.5898611111111,0.6108673810958862,27.304863,64.34377,0.1677,2.146476109822592
5KPH_2_8_9_0_combined_id17,0.6809033155441284,2.106034278869629,92.0425,0.76,2,8,95.5898611111111,0.6108673810958862,27.304863,64.34377,0.1901,1.8566809760199647
5KPH_2_8_9_0_combined_id18,0.7561180591583252,2.135099172592163,91.04777777777775,0.73,2,8,95.5898611111111,0.6108673810958862,27.304863,64.34377,0.1811,1.843079249064128
5KPH_2_8_9_0_combined_id19,0.8214261531829834,1.8756487369537354,95.23027777777776,0.82,2,8,95.5898611111111,0.6108673810958862,27.304863,64.34377,0.1839,2.0015248192681208
5KPH_2_8_9_0_combined_id2,0.7030855417251587,1.706258773803711,89.8963888888889,0.74,2,8,95.5898611111111,0.6108673810958862,27.304863,64.34377,0.161,2.1730367872450085
5KPH_2_8_9_0_combined_id20,0.933516263961792,0.8188326954841614,92.89305555555556,0.77,2,8,95.5898611111111,0.6108673810958862,27.304863,64.34377,0.2201,2.1060621473524304
5KPH_2_8_9_0_combined_id21,0.6097294092178345,2.2589926719665527,91.81847222222224,0.75,2,8,95.5898611111111,0.6108673810958862,27.304863,64.34377,0.1948,1.9005442725287545
5KPH_2_8_9_0_combined_id22,0.9077301025390625,1.0236057043075562,89.96416666666667,0.75,2,8,95.5898611111111,0.6108673810958862,27.304863,64.34377,0.1945,2.2865628136528864
5KPH_2_8_9_0_combined_id23,0.8137426376342773,2.5792829990386963,94.43027777777776,0.81,2,8,95.5898611111111,0.6108673810958862,27.304863,64.34377,0.1736,2.083998362223307
5KPH_2_8_9_0_combined_id24,0.9374887943267822,0.7705913782119751,92.42375,0.76,2,8,95.5898611111111,0.6108673810958862,27.304863,64.34377,0.2107,1.9747178819444444
5KPH_2_8_9_0_combined_id3,0.591130256652832,2.01814603805542,95.35125,0.83,2,8,95.5898611111111,0.6108673810958862,27.304863,64.34377,0.2046,2.2317386203342013
5KPH_2_8_9_0_combined_id4,0.6689955592155457,2.18036150932312,94.99472222222222,0.82,2,8,95.5898611111111,0.6108673810958862,27.304863,64.34377,0.1879,1.942524804009332
5KPH_2_8_9_0_combined_id5,0.7492839097976685,1.218233585357666,90.93375,0.73,2,8,95.5898611111111,0.6108673810958862,27.304863,64.34377,0.209,1.766852060953776
5KPH_2_8_9_0_combined_id6,1.067923665046692,0.7500849366188049,91.74472222222222,0.77,2,8,95.5898611111111,0.6108673810958862,27.304863,64.34377,0.1982,1.8205187055799696
5KPH_2_8_9_0_combined_id8,0.7926235198974609,1.9328277111053467,93.64569444444444,0.78,2,8,95.5898611111111,0.6108673810958862,27.304863,64.34377,0.2105,1.833166122436524
5KPH_2_8_9_0_combined_id9,0.5642954111099243,1.8969285488128662,94.48916666666666,0.8,2,8,95.5898611111111,0.6108673810958862,27.304863,64.34377,0.213,2.128801345825196
5KPH_4_2_0_0_combined_id1,0.6348969340324402,3.9486355781555176,94.60166666666666,0.81,4,2,89.83805555555556,0.8471478223800659,32.367107,68.86401,0.1824,2.2891137864854603
5KPH_4_2_0_0_combined_id10,0.4667392671108246,3.841736316680908,95.77625,0.83,4,2,89.83805555555556,0.8471478223800659,32.367107,68.86401,0.1909,2.222770267062717
5KPH_4_2_0_0_combined_id11,0.7124236226081848,3.5346713066101074,89.68805555555556,0.72,4,2,89.83805555555556,0.8471478223800659,32.367107,68.86401,0.1877,2.154169718424479
5KPH_4_2_0_0_combined_id12,0.5450266599655151,3.965571403503418,92.57583333333332,0.78,4,2,89.83805555555556,0.8471478223800659,32.367107,68.86401,0.1823,2.1054068671332464
5KPH_4_2_0_0_combined_id13,0.7880053520202637,3.8186256885528564,90.33986111111112,0.75,4,2,89.83805555555556,0.8471478223800659,32.367107,68.86401,0.194,2.029069264729818
5KPH_4_2_0_0_combined_id14,0.6818185448646545,2.6620376110076904,87.08694444444444,0.66,4,2,89.83805555555556,0.8471478223800659,32.367107,68.86401,0.1654,2.3816329108344183
5KPH_4_2_0_0_combined_id15,0.6829786896705627,3.8355233669281006,90.91666666666669,0.74,4,2,89.83805555555556,0.8471478223800659,32.367107,68.86401,0.1862,2.0903564029269748
5KPH_4_2_0_0_combined_id16,0.6280176043510437,3.355530023574829,93.9872222222222,0.79,4,2,89.83805555555556,0.8471478223800659,32.367107,68.86401,0.1804,2.224918365478516
5KPH_4_2_0_0_combined_id17,0.6601554155349731,3.890249013900757,93.75069444444443,0.81,4,2,89.83805555555556,0.8471478223800659,32.367107,68.86401,0.2175,2.0687179565429688
5KPH_4_2_0_0_combined_id18,0.5307791829109192,3.7515063285827637,93.89722222222224,0.81,4,2,89.83805555555556,0.8471478223800659,32.367107,68.86401,0.2231,2.167076746622721
5KPH_4_2_0_0_combined_id19,0.6535260677337646,3.895564079284668,94.53472222222224,0.82,4,2,89.83805555555556,0.8471478223800659,32.367107,68.86401,0.1801,2.273362053765191
5KPH_4_2_0_0_combined_id2,0.5522600412368774,3.7234480381011963,92.70625,0.77,4,2,89.83805555555556,0.8471478223800659,32.367107,68.86401,0.1766,2.059753841824002
5KPH_4_2_0_0_combined_id20,0.5107621550559998,3.8902106285095215,94.18305555555555,0.81,4,2,89.83805555555556,0.8471478223800659,32.367107,68.86401,0.1898,1.9970438215467663
5KPH_4_2_0_0_combined_id21,0.7981417179107666,3.3978700637817383,91.90222222222222,0.77,4,2,89.83805555555556,0.8471478223800659,32.367107,68.86401,0.1704,1.997663074069553
5KPH_4_2_0_0_combined_id22,0.5714326500892639,3.7100768089294434,92.28777777777776,0.77,4,2,89.83805555555556,0.8471478223800659,32.367107,68.86401,0.1713,2.0654089185926647
5KPH_4_2_0_0_combined_id23,0.608406126499176,2.9525392055511475,93.66152777777778,0.79,4,2,89.83805555555556,0.8471478223800659,32.367107,68.86401,0.2002,1.9332218170166016
5KPH_4_2_0_0_combined_id24,0.4979194700717926,3.5522284507751465,92.24666666666668,0.78,4,2,89.83805555555556,0.8471478223800659,32.367107,68.86401,0.1711,2.130151960584852
5KPH_4_2_0_0_combined_id3,0.7001713514328003,3.848067283630371,92.45986111111112,0.76,4,2,89.83805555555556,0.8471478223800659,32.367107,68.86401,0.2083,2.0652847290039062
5KPH_4_2_0_0_combined_id4,0.606848418712616,3.873307466506958,95.10916666666668,0.82,4,2,89.83805555555556,0.8471478223800659,32.367107,68.86401,0.193,2.109548780653212
5KPH_4_2_0_0_combined_id5,0.6452116370201111,3.1095871925354004,88.76527777777777,0.71,4,2,89.83805555555556,0.8471478223800659,32.367107,68.86401,0.1734,2.233488506740994
5KPH_4_2_0_0_combined_id6,0.6724996566772461,3.8623743057250977,94.7759722222222,0.81,4,2,89.83805555555556,0.8471478223800659,32.367107,68.86401,0.1848,2.0088428921169705
5KPH_4_2_0_0_combined_id7,0.5009987950325012,1.9288063049316406,94.09083333333336,0.8,4,2,89.83805555555556,0.8471478223800659,32.367107,68.86401,0.2353,2.1346683502197266
5KPH_4_2_0_0_combined_id8,1.800707221031189,1.998516321182251,90.1440277777778,0.73,4,2,89.83805555555556,0.8471478223800659,32.367107,68.86401,0.1943,1.878282970852322
5KPH_4_2_0_0_combined_id9,0.6645630598068237,2.952554702758789,93.01263888888889,0.79,4,2,89.83805555555556,0.8471478223800659,32.367107,68.86401,0.2083,2.215663274129232
5KPH_4_2_1_0_combined_id1,0.6274071931838989,2.3217947483062744,91.98777777777778,0.78,4,2,93.7025,0.6699576377868652,33.510128,69.949936,0.161,2.194729275173611
5KPH_4_2_1_0_combined_id10,0.9136659502983093,2.0971519947052,91.4948611111111,0.72,4,2,93.7025,0.6699576377868652,33.510128,69.949936,0.1921,1.9111031426323783
5KPH_4_2_1_0_combined_id11,0.6596177220344543,4.13184118270874,95.69763888888887,0.82,4,2,93.7025,0.6699576377868652,33.510128,69.949936,0.1984,1.967093997531467
5KPH_4_2_1_0_combined_id12,0.9829297065734863,2.4177021980285645,88.72916666666667,0.71,4,2,93.7025,0.6699576377868652,33.510128,69.949936,0.189,1.86900880601671
5KPH_4_2_1_0_combined_id13,0.9642291069030762,3.1830971240997314,86.97,0.71,4,2,93.7025,0.6699576377868652,33.510128,69.949936,0.2052,2.233898162841797
5KPH_4_2_1_0_combined_id14,0.8716976046562195,4.1758036613464355,89.50416666666666,0.72,4,2,93.7025,0.6699576377868652,33.510128,69.949936,0.1832,1.926333533393012
5KPH_4_2_1_0_combined_id15,2.2755417823791504,1.9135265350341797,92.04625,0.74,4,2,93.7025,0.6699576377868652,33.510128,69.949936,0.1818,1.9849037594265408
5KPH_4_2_1_0_combined_id16,2.0187883377075195,2.1568853855133057,88.1263888888889,0.7,4,2,93.7025,0.6699576377868652,33.510128,69.949936,0.165,1.9333580864800348
5KPH_4_2_1_0_combined_id17,0.6107754707336426,3.055194854736328,92.05458333333334,0.73,4,2,93.7025,0.6699576377868652,33.510128,69.949936,0.2146,1.8930585649278429
5KPH_4_2_1_0_combined_id18,0.8901817202568054,2.2001967430114746,89.33430555555555,0.71,4,2,93.7025,0.6699576377868652,33.510128,69.949936,0.1866,2.0957107543945312
5KPH_4_2_1_0_combined_id19,0.8563045859336853,3.5886101722717285,87.90666666666668,0.69,4,2,93.7025,0.6699576377868652,33.510128,69.949936,0.1803,1.9163375430636933
5KPH_4_2_1_0_combined_id2,1.159967303276062,2.147829055786133,91.74569444444444,0.73,4,2,93.7025,0.6699576377868652,33.510128,69.949936,0.1951,1.9629859924316408
5KPH_4_2_1_0_combined_id20,1.4555162191390991,2.164665460586548,89.05652777777777,0.71,4,2,93.7025,0.6699576377868652,33.510128,69.949936,0.2141,1.8374173906114368
5KPH_4_2_1_0_combined_id21,0.7481485605239868,3.6894853115081787,90.96513888888887,0.76,4,2,93.7025,0.6699576377868652,33.510128,69.949936,0.1754,2.098902384440104
5KPH_4_2_1_0_combined_id22,2.1841073036193848,1.9045135974884033,85.73180555555557,0.68,4,2,93.7025,0.6699576377868652,33.510128,69.949936,0.2054,1.99995846218533
5KPH_4_2_1_0_combined_id23,0.7599467635154724,4.3408522605896,95.66180555555556,0.81,4,2,93.7025,0.6699576377868652,33.510128,69.949936,0.2009,2.0006802876790366
5KPH_4_2_1_0_combined_id24,1.902678370475769,1.724635124206543,94.41916666666668,0.78,4,2,93.7025,0.6699576377868652,33.510128,69.949936,0.1857,1.909470452202691
5KPH_4_2_1_0_combined_id3,1.0049903392791748,2.2070071697235107,93.22763888888888,0.77,4,2,93.7025,0.6699576377868652,33.510128,69.949936,0.1964,2.019638909233941
5KPH_4_2_1_0_combined_id4,1.066441297531128,2.872525691986084,89.93930555555556,0.73,4,2,93.7025,0.6699576377868652,33.510128,69.949936,0.1977,1.9645398457845047
5KPH_4_2_1_0_combined_id5,1.863581895828247,2.11186146736145,90.43208333333334,0.72,4,2,93.7025,0.6699576377868652,33.510128,69.949936,0.1868,1.9495006137424045
5KPH_4_2_1_0_combined_id6,0.5396397709846497,3.9021871089935303,94.15569444444444,0.8,4,2,93.7025,0.6699576377868652,33.510128,69.949936,0.2034,2.0822991265190973
5KPH_4_2_1_0_combined_id8,0.6178802847862244,3.7301597595214844,90.11902777777776,0.75,4,2,93.7025,0.6699576377868652,33.510128,69.949936,0.2084,2.0592498779296875
5KPH_4_2_1_0_combined_id9,1.6481364965438843,2.1501054763793945,92.8525,0.74,4,2,93.7025,0.6699576377868652,33.510128,69.949936,0.1921,2.1256103515625
5KPH_4_2_2_0_combined_id1,0.9834082722663879,1.8983545303344727,89.9376388888889,0.72,4,2,93.75875,0.9204211235046388,33.543896,69.396416,0.1747,2.2033428615993924
5KPH_4_2_2_0_combined_id10,0.5804049968719482,3.3303492069244385,93.6775,0.8,4,2,93.75875,0.9204211235046388,33.543896,69.396416,0.1802,2.0967920091417103
5KPH_4_2_2_0_combined_id11,0.7091274261474609,3.1877009868621826,92.38666666666668,0.78,4,2,93.75875,0.9204211235046388,33.543896,69.396416,0.2057,2.230360243055556
5KPH_4_2_2_0_combined_id12,0.62187659740448,3.383781909942627,94.08125,0.81,4,2,93.75875,0.9204211235046388,33.543896,69.396416,0.1977,2.126644770304362
5KPH_4_2_2_0_combined_id13,1.8527758121490479,2.273012638092041,87.85097222222223,0.65,4,2,93.75875,0.9204211235046388,33.543896,69.396416,0.1886,1.9979958004421656
5KPH_4_2_2_0_combined_id14,0.6311827898025513,3.1885154247283936,92.5213888888889,0.79,4,2,93.75875,0.9204211235046388,33.543896,69.396416,0.2001,2.2673852708604603
5KPH_4_2_2_0_combined_id15,1.469481348991394,2.1820812225341797,86.41597222222224,0.66,4,2,93.75875,0.9204211235046388,33.543896,69.396416,0.1589,1.946514553493924
5KPH_4_2_2_0_combined_id16,1.6833572387695312,1.9800574779510498,86.82499999999999,0.69,4,2,93.75875,0.9204211235046388,33.543896,69.396416,0.1759,2.088147905137804
5KPH_4_2_2_0_combined_id17,1.7523137331008911,3.2908177375793457,93.605,0.79,4,2,93.75875,0.9204211235046388,33.543896,69.396416,0.1664,2.233197953965929
5KPH_4_2_2_0_combined_id18,0.7072866559028625,2.9340596199035645,93.03694444444444,0.78,4,2,93.75875,0.9204211235046388,33.543896,69.396416,0.1773,2.1570989820692272
5KPH_4_2_2_0_combined_id19,0.6373964548110962,3.4702508449554443,95.23055555555555,0.81,4,2,93.75875,0.9204211235046388,33.543896,69.396416,0.2021,2.3232460021972656
5KPH_4_2_2_0_combined_id2,1.1360487937927246,2.1657309532165527,87.49430555555556,0.69,4,2,93.75875,0.9204211235046388,33.543896,69.396416,0.2162,2.23714362250434
5KPH_4_2_2_0_combined_id20,0.6060802936553955,3.3157734870910645,93.82722222222222,0.8,4,2,93.75875,0.9204211235046388,33.543896,69.396416,0.1917,2.2487244076199
5KPH_4_2_2_0_combined_id21,0.620970606803894,3.0859739780426025,93.6025,0.8,4,2,93.75875,0.9204211235046388,33.543896,69.396416,0.1811,2.39039675394694
5KPH_4_2_2_0_combined_id22,0.7590270638465881,3.4638595581054688,91.39791666666666,0.75,4,2,93.75875,0.9204211235046388,33.543896,69.396416,0.1881,2.110276116265191
5KPH_4_2_2_0_combined_id23,0.7550888061523438,1.7622933387756348,93.54083333333334,0.78,4,2,93.75875,0.9204211235046388,33.543896,69.396416,0.179,2.040136337280273
5KPH_4_2_2_0_combined_id24,0.6446470022201538,3.4438257217407227,92.07833333333332,0.76,4,2,93.75875,0.9204211235046388,33.543896,69.396416,0.1871,2.1280687120225696
5KPH_4_2_2_0_combined_id3,0.801256000995636,3.651736259460449,96.60486111111112,0.85,4,2,93.75875,0.9204211235046388,33.543896,69.396416,0.1835,2.462592654758029
5KPH_4_2_2_0_combined_id4,0.7192907929420471,3.0015273094177246,91.53513888888888,0.78,4,2,93.75875,0.9204211235046388,33.543896,69.396416,0.1725,2.0557818942599826
5KPH_4_2_2_0_combined_id5,0.63055419921875,3.1392526626586914,93.75652777777778,0.8,4,2,93.75875,0.9204211235046388,33.543896,69.396416,0.2116,2.127105712890625
5KPH_4_2_2_0_combined_id6,1.0149356126785278,2.8659965991973877,90.63375,0.74,4,2,93.75875,0.9204211235046388,33.543896,69.396416,0.2027,1.86187744140625
5KPH_4_2_2_0_combined_id7,1.278140902519226,2.524805784225464,85.74597222222222,0.68,4,2,93.75875,0.9204211235046388,33.543896,69.396416,0.1854,2.362626393636068
5KPH_4_2_2_0_combined_id8,1.0806154012680054,2.3125531673431396,90.5788888888889,0.73,4,2,93.75875,0.9204211235046388,33.543896,69.396416,0.1793,2.080057991875542
5KPH_4_2_2_0_combined_id9,1.143112301826477,1.6910382509231567,88.40875,0.71,4,2,93.75875,0.9204211235046388,33.543896,69.396416,0.1605,2.134496053059896
5KPH_4_2_3_0_combined_id1,1.118647813796997,2.7687504291534424,85.85402777777777,0.66,4,2,95.24555555555555,0.5479992628097534,32.51139,65.88111,0.1738,2.1149410671657987
5KPH_4_2_3_0_combined_id10,0.6974958181381226,1.7862639427185059,92.34555555555556,0.76,4,2,95.24555555555555,0.5479992628097534,32.51139,65.88111,0.1793,2.15372085571289
5KPH_4_2_3_0_combined_id11,1.0973024368286133,2.504194498062134,87.4625,0.69,4,2,95.24555555555555,0.5479992628097534,32.51139,65.88111,0.1916,1.8096692827012804
5KPH_4_2_3_0_combined_id12,0.8309460878372192,2.0845611095428467,93.57347222222222,0.79,4,2,95.24555555555555,0.5479992628097534,32.51139,65.88111,0.1814,1.9909714592827688
5KPH_4_2_3_0_combined_id13,1.5895178318023682,1.545357584953308,91.21263888888888,0.75,4,2,95.24555555555555,0.5479992628097534,32.51139,65.88111,0.2008,2.0866156684027777
5KPH_4_2_3_0_combined_id14,0.8240964412689209,3.9673948287963867,95.1325,0.81,4,2,95.24555555555555,0.5479992628097534,32.51139,65.88111,0.2027,2.065199322170681
5KPH_4_2_3_0_combined_id15,1.5645118951797485,1.7374660968780518,85.13194444444444,0.64,4,2,95.24555555555555,0.5479992628097534,32.51139,65.88111,0.1983,1.7801795535617404
5KPH_4_2_3_0_combined_id16,1.8853164911270142,1.5927129983901978,91.06625,0.75,4,2,95.24555555555555,0.5479992628097534,32.51139,65.88111,0.1952,2.0863768259684243
5KPH_4_2_3_0_combined_id17,0.6749901175498962,3.7868573665618896,95.66069444444445,0.82,4,2,95.24555555555555,0.5479992628097534,32.51139,65.88111,0.179,1.9900750054253475
5KPH_4_2_3_0_combined_id19,1.0334434509277344,1.8313947916030884,86.9401388888889,0.71,4,2,95.24555555555555,0.5479992628097534,32.51139,65.88111,0.2071,2.2445174323187933
5KPH_4_2_3_0_combined_id2,1.7771315574645996,1.8976750373840332,87.7501388888889,0.65,4,2,95.24555555555555,0.5479992628097534,32.51139,65.88111,0.1673,2.177373250325521
5KPH_4_2_3_0_combined_id20,2.1783764362335205,1.488254427909851,90.50041666666668,0.73,4,2,95.24555555555555,0.5479992628097534,32.51139,65.88111,0.2132,1.737096998426649
5KPH_4_2_3_0_combined_id21,0.9814097285270691,1.5927127599716187,95.14819444444444,0.8,4,2,95.24555555555555,0.5479992628097534,32.51139,65.88111,0.2164,2.1501392788357205
5KPH_4_2_3_0_combined_id22,0.7902452945709229,3.4380390644073486,94.50597222222224,0.81,4,2,95.24555555555555,0.5479992628097534,32.51139,65.88111,0.2071,2.0612585279676647
5KPH_4_2_3_0_combined_id23,0.7086414694786072,3.8080639839172363,91.04638888888888,0.74,4,2,95.24555555555555,0.5479992628097534,32.51139,65.88111,0.1941,1.949813630845812
5KPH_4_2_3_0_combined_id24,0.6902774572372437,1.9426008462905884,95.35291666666666,0.81,4,2,95.24555555555555,0.5479992628097534,32.51139,65.88111,0.2052,1.8132985432942708
5KPH_4_2_3_0_combined_id3,1.575912594795227,2.4408671855926514,87.54583333333333,0.67,4,2,95.24555555555555,0.5479992628097534,32.51139,65.88111,0.1946,1.9025313059488933
5KPH_4_2_3_0_combined_id4,0.7219516634941101,1.2440749406814575,90.25513888888888,0.74,4,2,95.24555555555555,0.5479992628097534,32.51139,65.88111,0.2236,1.8637676239013672
5KPH_4_2_3_0_combined_id5,1.453568935394287,1.6316930055618286,88.23222222222222,0.7,4,2,95.24555555555555,0.5479992628097534,32.51139,65.88111,0.2451,1.884069230821397
5KPH_4_2_3_0_combined_id6,2.152712106704712,1.634230613708496,89.25777777777778,0.73,4,2,95.24555555555555,0.5479992628097534,32.51139,65.88111,0.2013,1.966673321194119
5KPH_4_2_3_0_combined_id7,1.5144076347351074,2.355026960372925,84.5,0.64,4,2,95.24555555555555,0.5479992628097534,32.51139,65.88111,0.1797,1.794240951538086
5KPH_4_2_3_0_combined_id8,0.699979841709137,2.091165542602539,89.60166666666666,0.75,4,2,95.24555555555555,0.5479992628097534,32.51139,65.88111,0.1819,2.218779669867621
5KPH_4_2_3_0_combined_id9,0.7299404740333557,3.235769033432007,90.48791666666668,0.74,4,2,95.24555555555555,0.5479992628097534,32.51139,65.88111,0.2199,1.912122090657552
5KPH_4_2_4_0_combined_id1,1.648646593093872,2.1793928146362305,88.75972222222224,0.68,4,2,94.14125,0.5929038524627686,32.491886,67.42976,0.2121,1.7284197277492948
5KPH_4_2_4_0_combined_id10,0.7197529077529907,3.594622850418091,93.20180555555557,0.78,4,2,94.14125,0.5929038524627686,32.491886,67.42976,0.1947,2.0851042005750866
5KPH_4_2_4_0_combined_id11,1.61933171749115,3.4799344539642334,94.6861111111111,0.8,4,2,94.14125,0.5929038524627686,32.491886,67.42976,0.1989,2.0591186947292752
5KPH_4_2_4_0_combined_id12,1.163117527961731,2.590374231338501,89.67958333333334,0.72,4,2,94.14125,0.5929038524627686,32.491886,67.42976,0.1719,1.9830780029296875
5KPH_4_2_4_0_combined_id13,0.647392749786377,4.037318706512451,93.96458333333334,0.79,4,2,94.14125,0.5929038524627686,32.491886,67.42976,0.1973,1.8074612087673607
5KPH_4_2_4_0_combined_id14,0.6393954157829285,3.720263719558716,95.02916666666668,0.8,4,2,94.14125,0.5929038524627686,32.491886,67.42976,0.1832,2.048678927951389
5KPH_4_2_4_0_combined_id15,0.7106751203536987,4.201510906219482,94.1673611111111,0.8,4,2,94.14125,0.5929038524627686,32.491886,67.42976,0.1805,2.0531734890407987
5KPH_4_2_4_0_combined_id16,0.7773400545120239,4.226229667663574,95.36541666666668,0.81,4,2,94.14125,0.5929038524627686,32.491886,67.42976,0.2019,1.959368387858073
5KPH_4_2_4_0_combined_id17,0.6354746222496033,1.9845874309539795,94.1275,0.81,4,2,94.14125,0.5929038524627686,32.491886,67.42976,0.2251,2.188254886203342
5KPH_4_2_4_0_combined_id18,0.7405897378921509,3.4128193855285645,93.4738888888889,0.79,4,2,94.14125,0.5929038524627686,32.491886,67.42976,0.2057,1.952090369330512
5KPH_4_2_4_0_combined_id19,1.0829187631607056,4.454220294952393,95.78708333333331,0.81,4,2,94.14125,0.5929038524627686,32.491886,67.42976,0.208,1.9367737240261504
5KPH_4_2_4_0_combined_id2,0.7337794899940491,2.6049530506134033,91.33222222222224,0.73,4,2,94.14125,0.5929038524627686,32.491886,67.42976,0.2025,1.9508713616265192
5KPH_4_2_4_0_combined_id20,0.7114412188529968,3.5974087715148926,94.94472222222224,0.81,4,2,94.14125,0.5929038524627686,32.491886,67.42976,0.1977,1.9171774122450087
5KPH_4_2_4_0_combined_id21,0.9649820923805237,3.2683873176574707,93.7486111111111,0.8,4,2,94.14125,0.5929038524627686,32.491886,67.42976,0.1773,2.0660637749565973
5KPH_4_2_4_0_combined_id22,0.7242105603218079,3.8026201725006104,94.47722222222222,0.82,4,2,94.14125,0.5929038524627686,32.491886,67.42976,0.1794,2.270914501614041
5KPH_4_2_4_0_combined_id23,0.6387391090393066,3.680530548095703,92.14236111111111,0.77,4,2,94.14125,0.5929038524627686,32.491886,67.42976,0.1995,1.8695958455403645
5KPH_4_2_4_0_combined_id24,0.7329846620559692,1.874995470046997,95.57097222222222,0.81,4,2,94.14125,0.5929038524627686,32.491886,67.42976,0.2369,1.9087003072102864
5KPH_4_2_4_0_combined_id3,0.9797231554985046,2.58161997795105,87.74638888888889,0.71,4,2,94.14125,0.5929038524627686,32.491886,67.42976,0.194,2.035415861341688
5KPH_4_2_4_0_combined_id4,0.694661021232605,2.7695248126983643,92.9925,0.77,4,2,94.14125,0.5929038524627686,32.491886,67.42976,0.2289,1.897326999240452
5KPH_4_2_4_0_combined_id5,1.0789690017700195,3.472668409347534,90.2713888888889,0.73,4,2,94.14125,0.5929038524627686,32.491886,67.42976,0.2134,1.815494961208768
5KPH_4_2_4_0_combined_id6,0.5880135893821716,1.9136584997177124,91.15972222222224,0.74,4,2,94.14125,0.5929038524627686,32.491886,67.42976,0.2057,1.973568810356988
5KPH_4_2_4_0_combined_id7,0.7233683466911316,3.3223540782928467,92.18083333333333,0.77,4,2,94.14125,0.5929038524627686,32.491886,67.42976,0.2175,1.8518655565049915
5KPH_4_2_4_0_combined_id8,0.8840181827545166,3.0760276317596436,89.80583333333333,0.71,4,2,94.14125,0.5929038524627686,32.491886,67.42976,0.2154,1.8360534244113496
5KPH_4_2_4_0_combined_id9,0.796904444694519,4.112466812133789,94.09875,0.8,4,2,94.14125,0.5929038524627686,32.491886,67.42976,0.2125,2.118629667494032
5KPH_4_2_5_0_combined_id1,0.8537922501564026,3.6062753200531006,89.54541666666667,0.76,4,2,90.9897222222222,0.6203007698059082,32.324642,67.4273,0.1613,2.1982464260525174
5KPH_4_2_5_0_combined_id10,1.7827523946762085,2.379573106765747,91.70444444444443,0.76,4,2,90.9897222222222,0.6203007698059082,32.324642,67.4273,0.1678,2.1303380330403647
5KPH_4_2_5_0_combined_id11,0.8098979592323303,4.177464008331299,94.89805555555556,0.8,4,2,90.9897222222222,0.6203007698059082,32.324642,67.4273,0.1892,2.032523685031467
5KPH_4_2_5_0_combined_id12,1.7714070081710815,3.0417351722717285,90.29875,0.74,4,2,90.9897222222222,0.6203007698059082,32.324642,67.4273,0.1797,2.212150149875217
5KPH_4_2_5_0_combined_id13,1.1882351636886597,2.252655267715454,90.20625,0.71,4,2,90.9897222222222,0.6203007698059082,32.324642,67.4273,0.174,2.0981019337972007
5KPH_4_2_5_0_combined_id14,0.9663687944412231,3.600494146347046,92.53833333333334,0.79,4,2,90.9897222222222,0.6203007698059082,32.324642,67.4273,0.1744,1.7366849051581488
5KPH_4_2_5_0_combined_id15,1.350136160850525,2.3328514099121094,92.04125,0.75,4,2,90.9897222222222,0.6203007698059082,32.324642,67.4273,0.157,2.1983248392740884
5KPH_4_2_5_0_combined_id16,1.9239110946655273,1.2392826080322266,88.70708333333333,0.71,4,2,90.9897222222222,0.6203007698059082,32.324642,67.4273,0.1708,2.152758068508572
5KPH_4_2_5_0_combined_id17,0.798672616481781,3.278245449066162,93.09611111111111,0.8,4,2,90.9897222222222,0.6203007698059082,32.324642,67.4273,0.1672,2.1652247111002603
5KPH_4_2_5_0_combined_id18,2.1275413036346436,1.7714766263961792,90.59180555555557,0.72,4,2,90.9897222222222,0.6203007698059082,32.324642,67.4273,0.1862,2.236464182535807
5KPH_4_2_5_0_combined_id19,0.67479407787323,4.087137222290039,93.81861111111112,0.8,4,2,90.9897222222222,0.6203007698059082,32.324642,67.4273,0.1781,2.0142610337999134
5KPH_4_2_5_0_combined_id2,0.8406766653060913,1.6995258331298828,90.31986111111112,0.71,4,2,90.9897222222222,0.6203007698059082,32.324642,67.4273,0.1646,2.1746317545572915
5KPH_4_2_5_0_combined_id20,0.8180698752403259,3.9979028701782227,93.48125,0.81,4,2,90.9897222222222,0.6203007698059082,32.324642,67.4273,0.1643,2.3021829393174915
5KPH_4_2_5_0_combined_id21,0.7262967228889465,4.156254768371582,92.915,0.77,4,2,90.9897222222222,0.6203007698059082,32.324642,67.4273,0.1879,1.7704364988538954
5KPH_4_2_5_0_combined_id23,1.2385902404785156,2.21445631980896,92.82805555555557,0.76,4,2,90.9897222222222,0.6203007698059082,32.324642,67.4273,0.1689,1.844228744506836
5KPH_4_2_5_0_combined_id24,0.912259578704834,3.701401948928833,87.75416666666666,0.68,4,2,90.9897222222222,0.6203007698059082,32.324642,67.4273,0.168,2.257491641574436
5KPH_4_2_5_0_combined_id3,1.018969178199768,3.544008493423462,87.03083333333333,0.69,4,2,90.9897222222222,0.6203007698059082,32.324642,67.4273,0.1757,2.2337510850694446
5KPH_4_2_5_0_combined_id4,0.6977348923683167,4.002265930175781,92.33930555555555,0.78,4,2,90.9897222222222,0.6203007698059082,32.324642,67.4273,0.1756,2.056948767768012
5KPH_4_2_5_0_combined_id5,0.7884522676467896,4.285466194152832,92.21194444444444,0.77,4,2,90.9897222222222,0.6203007698059082,32.324642,67.4273,0.2042,1.7553992801242404
5KPH_4_2_5_0_combined_id6,0.6859410405158997,3.825108766555786,91.94902777777776,0.74,4,2,90.9897222222222,0.6203007698059082,32.324642,67.4273,0.1625,2.284800423516168
5KPH_4_2_5_0_combined_id7,0.717331051826477,3.76796293258667,93.425,0.79,4,2,90.9897222222222,0.6203007698059082,32.324642,67.4273,0.1882,2.086541917588976
5KPH_4_2_5_0_combined_id8,0.826569676399231,3.5558762550354004,90.41986111111112,0.77,4,2,90.9897222222222,0.6203007698059082,32.324642,67.4273,0.1857,2.2725427415635853
5KPH_4_2_5_0_combined_id9,0.7282933592796326,3.9291951656341553,93.03319444444443,0.8,4,2,90.9897222222222,0.6203007698059082,32.324642,67.4273,0.1722,1.8859981960720489
5KPH_4_2_6_0_combined_id1,0.6407236456871033,4.0091071128845215,95.07097222222222,0.81,4,2,90.85277777777776,0.9275019764900208,32.39703,68.221275,0.183,2.2360697852240667
5KPH_4_2_6_0_combined_id10,0.6899877190589905,3.3876075744628906,92.33111111111111,0.75,4,2,90.85277777777776,0.9275019764900208,32.39703,68.221275,0.1904,2.003758748372396
5KPH_4_2_6_0_combined_id11,0.8392648696899414,2.1848437786102295,89.8451388888889,0.73,4,2,90.85277777777776,0.9275019764900208,32.39703,68.221275,0.176,1.987439685397678
5KPH_4_2_6_0_combined_id12,1.4185121059417725,2.310169219970703,88.6698611111111,0.71,4,2,90.85277777777776,0.9275019764900208,32.39703,68.221275,0.2179,2.0146668752034507
5KPH_4_2_6_0_combined_id13,0.9001010656356812,3.0684666633605957,90.67458333333336,0.75,4,2,90.85277777777776,0.9275019764900208,32.39703,68.221275,0.1745,2.042299058702257
5KPH_4_2_6_0_combined_id14,0.704401433467865,2.4049761295318604,88.2401388888889,0.7,4,2,90.85277777777776,0.9275019764900208,32.39703,68.221275,0.1739,2.06980832417806
5KPH_4_2_6_0_combined_id15,1.1861647367477417,3.127917766571045,91.25958333333332,0.75,4,2,90.85277777777776,0.9275019764900208,32.39703,68.221275,0.231,1.927547878689236
5KPH_4_2_6_0_combined_id16,0.6072031855583191,3.8853964805603027,94.99305555555556,0.81,4,2,90.85277777777776,0.9275019764900208,32.39703,68.221275,0.2155,2.082900153266059
5KPH_4_2_6_0_combined_id17,0.8578794002532959,3.2495040893554688,92.98944444444444,0.79,4,2,90.85277777777776,0.9275019764900208,32.39703,68.221275,0.1933,2.096114264594184
5KPH_4_2_6_0_combined_id18,0.874573290348053,3.4296016693115234,92.23305555555557,0.78,4,2,90.85277777777776,0.9275019764900208,32.39703,68.221275,0.1875,2.0514924791124134
5KPH_4_2_6_0_combined_id19,0.9245967268943787,4.222904205322266,89.54236111111112,0.71,4,2,90.85277777777776,0.9275019764900208,32.39703,68.221275,0.2089,1.819029066297743
5KPH_4_2_6_0_combined_id2,0.6549941301345825,3.023550271987915,90.53458333333332,0.75,4,2,90.85277777777776,0.9275019764900208,32.39703,68.221275,0.2271,2.2386995951334634
5KPH_4_2_6_0_combined_id20,1.722089409828186,2.866546869277954,84.73375,0.65,4,2,90.85277777777776,0.9275019764900208,32.39703,68.221275,0.1604,2.128157297770182
5KPH_4_2_6_0_combined_id21,0.636360228061676,3.7534565925598145,93.94222222222224,0.8,4,2,90.85277777777776,0.9275019764900208,32.39703,68.221275,0.209,2.0567298465304904
5KPH_4_2_6_0_combined_id22,0.6767651438713074,3.8403565883636475,89.9636111111111,0.74,4,2,90.85277777777776,0.9275019764900208,32.39703,68.221275,0.1913,2.0522918701171875
5KPH_4_2_6_0_combined_id23,0.9893451929092407,3.835970878601074,88.16819444444445,0.7,4,2,90.85277777777776,0.9275019764900208,32.39703,68.221275,0.1865,1.9812711079915364
5KPH_4_2_6_0_combined_id24,0.8025628924369812,4.170042991638184,94.04736111111112,0.79,4,2,90.85277777777776,0.9275019764900208,32.39703,68.221275,0.2,2.00080680847168
5KPH_4_2_6_0_combined_id3,0.8285233378410339,3.5529096126556396,87.3125,0.69,4,2,90.85277777777776,0.9275019764900208,32.39703,68.221275,0.1885,1.8900695376926
5KPH_4_2_6_0_combined_id4,0.667672872543335,3.8045523166656494,93.58819444444444,0.8,4,2,90.85277777777776,0.9275019764900208,32.39703,68.221275,0.1894,2.2463826073540583
5KPH_4_2_6_0_combined_id5,0.8840766549110413,3.0766379833221436,90.35027777777776,0.73,4,2,90.85277777777776,0.9275019764900208,32.39703,68.221275,0.1852,1.860063552856445
5KPH_4_2_6_0_combined_id7,0.7305817604064941,3.8444173336029053,95.12847222222224,0.82,4,2,90.85277777777776,0.9275019764900208,32.39703,68.221275,0.2111,2.18536737230089
5KPH_4_2_6_0_combined_id8,0.7403752207756042,4.00761604309082,94.0825,0.8,4,2,90.85277777777776,0.9275019764900208,32.39703,68.221275,0.1868,2.0908321804470487
5KPH_4_2_6_0_combined_id9,1.579257845878601,2.1528899669647217,90.0748611111111,0.73,4,2,90.85277777777776,0.9275019764900208,32.39703,68.221275,0.1689,2.074189927842882
5KPH_4_2_7_0_combined_id1,0.67826908826828,3.4834976196289062,94.67791666666666,0.81,4,2,95.68930555555556,0.7932628989219666,31.445808,69.385574,0.1826,2.20207256740994
5KPH_4_2_7_0_combined_id10,0.49987468123435974,3.8524820804595947,93.42708333333331,0.78,4,2,95.68930555555556,0.7932628989219666,31.445808,69.385574,0.2149,1.898406770494249
5KPH_4_2_7_0_combined_id11,2.5812277793884277,1.5015242099761963,88.31958333333334,0.69,4,2,95.68930555555556,0.7932628989219666,31.445808,69.385574,0.2088,2.0304476420084634
5KPH_4_2_7_0_combined_id12,0.5035362839698792,3.592303514480591,94.20986111111112,0.8,4,2,95.68930555555556,0.7932628989219666,31.445808,69.385574,0.1718,2.1926472981770835
5KPH_4_2_7_0_combined_id13,0.6358891129493713,3.015974998474121,92.82486111111112,0.79,4,2,95.68930555555556,0.7932628989219666,31.445808,69.385574,0.1663,2.205694834391276
5KPH_4_2_7_0_combined_id14,0.5943698883056641,2.310823440551758,93.2061111111111,0.79,4,2,95.68930555555556,0.7932628989219666,31.445808,69.385574,0.2027,2.1053214603000217
5KPH_4_2_7_0_combined_id15,2.7888195514678955,1.4272395372390747,91.9175,0.72,4,2,95.68930555555556,0.7932628989219666,31.445808,69.385574,0.2119,1.975372102525499
5KPH_4_2_7_0_combined_id16,0.7278569340705872,4.090338706970215,92.87875,0.78,4,2,95.68930555555556,0.7932628989219666,31.445808,69.385574,0.1933,2.0733087327745228
5KPH_4_2_7_0_combined_id17,0.8551895022392273,3.995502471923828,95.60902777777778,0.81,4,2,95.68930555555556,0.7932628989219666,31.445808,69.385574,0.1766,1.986810048421224
5KPH_4_2_7_0_combined_id18,0.4907296299934387,4.026473522186279,93.42444444444445,0.79,4,2,95.68930555555556,0.7932628989219666,31.445808,69.385574,0.2123,2.2222887674967446
5KPH_4_2_7_0_combined_id19,0.6705427169799805,3.7225191593170166,93.45277777777778,0.8,4,2,95.68930555555556,0.7932628989219666,31.445808,69.385574,0.1836,2.0860489739312067
5KPH_4_2_7_0_combined_id2,0.6006616353988647,2.8875081539154053,94.57611111111112,0.81,4,2,95.68930555555556,0.7932628989219666,31.445808,69.385574,0.1916,2.223018010457357
5KPH_4_2_7_0_combined_id20,0.5886530876159668,3.5313706398010254,95.51541666666664,0.83,4,2,95.68930555555556,0.7932628989219666,31.445808,69.385574,0.1871,1.977768792046441
5KPH_4_2_7_0_combined_id21,0.6038079857826233,4.0041680335998535,95.25722222222224,0.83,4,2,95.68930555555556,0.7932628989219666,31.445808,69.385574,0.176,2.079829321967231
5KPH_4_2_7_0_combined_id22,0.48190444707870483,2.3985986709594727,94.22680555555556,0.81,4,2,95.68930555555556,0.7932628989219666,31.445808,69.385574,0.1906,2.148176829020182
5KPH_4_2_7_0_combined_id23,0.4688534736633301,3.997514486312866,95.19208333333331,0.82,4,2,95.68930555555556,0.7932628989219666,31.445808,69.385574,0.2268,2.208108901977539
5KPH_4_2_7_0_combined_id24,0.7620586156845093,3.513014078140259,94.79416666666668,0.81,4,2,95.68930555555556,0.7932628989219666,31.445808,69.385574,0.2091,2.089491314358181
5KPH_4_2_7_0_combined_id3,0.6304376125335693,3.8021364212036133,95.2625,0.81,4,2,95.68930555555556,0.7932628989219666,31.445808,69.385574,0.1918,2.089232974582248
5KPH_4_2_7_0_combined_id5,0.6490315794944763,3.137101411819458,96.1113888888889,0.83,4,2,95.68930555555556,0.7932628989219666,31.445808,69.385574,0.1933,2.0872895982530384
5KPH_4_2_7_0_combined_id6,0.42879220843315125,4.009577751159668,92.4986111111111,0.78,4,2,95.68930555555556,0.7932628989219666,31.445808,69.385574,0.1867,2.128088209364149
5KPH_4_2_7_0_combined_id7,0.8935523629188538,3.125577449798584,93.26652777777778,0.79,4,2,95.68930555555556,0.7932628989219666,31.445808,69.385574,0.1748,1.8482013278537328
5KPH_4_2_7_0_combined_id8,0.5976620316505432,3.829803705215454,94.0326388888889,0.8,4,2,95.68930555555556,0.7932628989219666,31.445808,69.385574,0.2153,2.1649263170030384
5KPH_4_2_7_0_combined_id9,0.7084479331970215,3.682504653930664,95.73402777777775,0.83,4,2,95.68930555555556,0.7932628989219666,31.445808,69.385574,0.1847,1.9494200812445743
5KPH_4_2_8_0_combined_id1,0.7874754071235657,3.2160232067108154,91.66097222222224,0.76,4,2,92.60027777777776,0.6087368130683899,32.5623,68.55739,0.199,2.1812731424967446
5KPH_4_2_8_0_combined_id10,0.7153286337852478,3.6865432262420654,94.68916666666668,0.8,4,2,92.60027777777776,0.6087368130683899,32.5623,68.55739,0.1719,2.21171612209744
5KPH_4_2_8_0_combined_id11,1.2328803539276123,2.285606622695923,90.94333333333331,0.75,4,2,92.60027777777776,0.6087368130683899,32.5623,68.55739,0.1743,2.2643953959147134
5KPH_4_2_8_0_combined_id12,1.7789711952209473,2.1606898307800293,93.08875,0.78,4,2,92.60027777777776,0.6087368130683899,32.5623,68.55739,0.1708,2.0374620225694446
5KPH_4_2_8_0_combined_id13,0.8002410531044006,3.2242209911346436,91.03597222222224,0.79,4,2,92.60027777777776,0.6087368130683899,32.5623,68.55739,0.1674,2.103575388590494
5KPH_4_2_8_0_combined_id14,0.8966020345687866,2.5725817680358887,86.81402777777778,0.68,4,2,92.60027777777776,0.6087368130683899,32.5623,68.55739,0.1689,2.230982462565104
5KPH_4_2_8_0_combined_id15,0.9155008792877197,2.491175889968872,86.78611111111111,0.65,4,2,92.60027777777776,0.6087368130683899,32.5623,68.55739,0.1729,1.9888949924045136
5KPH_4_2_8_0_combined_id17,0.6434084177017212,2.8972811698913574,90.91638888888887,0.74,4,2,92.60027777777776,0.6087368130683899,32.5623,68.55739,0.167,2.191436767578125
5KPH_4_2_8_0_combined_id18,0.7987952828407288,4.030021667480469,93.33625,0.79,4,2,92.60027777777776,0.6087368130683899,32.5623,68.55739,0.1909,2.0623412662082248
5KPH_4_2_8_0_combined_id19,1.340120792388916,2.352843999862671,90.28333333333332,0.73,4,2,92.60027777777776,0.6087368130683899,32.5623,68.55739,0.2137,2.313963148328993
5KPH_4_2_8_0_combined_id2,1.0533385276794434,3.1946754455566406,91.69111111111113,0.77,4,2,92.60027777777776,0.6087368130683899,32.5623,68.55739,0.1598,2.058560265435113
5KPH_4_2_8_0_combined_id20,10.983794212341309,11.65610122680664,71.65847222222222,0.51,4,2,92.60027777777776,0.6087368130683899,32.5623,68.55739,0.1727,2.1573852962917752
5KPH_4_2_8_0_combined_id21,1.5477067232131958,2.0064547061920166,90.71111111111112,0.73,4,2,92.60027777777776,0.6087368130683899,32.5623,68.55739,0.1597,1.9963660769992404
5KPH_4_2_8_0_combined_id22,0.8795982599258423,2.735884666442871,90.68416666666668,0.75,4,2,92.60027777777776,0.6087368130683899,32.5623,68.55739,0.1732,2.146847407023112
5KPH_4_2_8_0_combined_id23,0.7171093225479126,2.4337141513824463,91.61486111111113,0.77,4,2,92.60027777777776,0.6087368130683899,32.5623,68.55739,0.1778,2.2793600294325085
5KPH_4_2_8_0_combined_id24,0.7996455430984497,3.7737810611724854,91.1763888888889,0.77,4,2,92.60027777777776,0.6087368130683899,32.5623,68.55739,0.158,2.118079079522027
5KPH_4_2_8_0_combined_id3,0.7814842462539673,2.786999225616455,87.99000000000001,0.71,4,2,92.60027777777776,0.6087368130683899,32.5623,68.55739,0.1609,2.290398279825846
5KPH_4_2_8_0_combined_id4,1.4231164455413818,1.6906243562698364,92.36472222222224,0.76,4,2,92.60027777777776,0.6087368130683899,32.5623,68.55739,0.1681,2.1932489607069225
5KPH_4_2_8_0_combined_id5,1.201419711112976,2.7571823596954346,90.62166666666668,0.75,4,2,92.60027777777776,0.6087368130683899,32.5623,68.55739,0.1741,2.0360310872395835
5KPH_4_2_8_0_combined_id6,1.195478081703186,2.7627859115600586,89.89805555555556,0.76,4,2,92.60027777777776,0.6087368130683899,32.5623,68.55739,0.1876,2.250097062852648
5KPH_4_2_8_0_combined_id7,0.7287036776542664,2.474613666534424,91.1836111111111,0.75,4,2,92.60027777777776,0.6087368130683899,32.5623,68.55739,0.1652,2.1756104363335504
5KPH_4_2_8_0_combined_id8,0.8284602761268616,2.5869979858398438,88.3151388888889,0.71,4,2,92.60027777777776,0.6087368130683899,32.5623,68.55739,0.1976,2.3748162587483725
5KPH_4_2_8_0_combined_id9,0.8428341746330261,4.1790642738342285,91.99847222222222,0.76,4,2,92.60027777777776,0.6087368130683899,32.5623,68.55739,0.1819,2.107937282986111
5KPH_4_2_9_0_combined_id1,0.8593180775642395,2.9025020599365234,92.19652777777776,0.76,4,2,91.39486111111113,0.5760906338691711,31.99989,64.67909,0.1881,2.1191709306505
5KPH_4_2_9_0_combined_id10,0.5768170952796936,2.592972993850708,92.45125,0.78,4,2,91.39486111111113,0.5760906338691711,31.99989,64.67909,0.1942,2.408917956882053
5KPH_4_2_9_0_combined_id11,0.5397398471832275,3.7455413341522217,95.40180555555555,0.81,4,2,91.39486111111113,0.5760906338691711,31.99989,64.67909,0.1569,2.3338224622938366
5KPH_4_2_9_0_combined_id12,0.7522960901260376,3.929506301879883,90.3586111111111,0.73,4,2,91.39486111111113,0.5760906338691711,31.99989,64.67909,0.1619,2.104288525051541
5KPH_4_2_9_0_combined_id13,0.866500735282898,3.584998369216919,94.56180555555557,0.8,4,2,91.39486111111113,0.5760906338691711,31.99989,64.67909,0.205,2.252128177218967
5KPH_4_2_9_0_combined_id14,2.329097032546997,1.808420181274414,94.64680555555556,0.81,4,2,91.39486111111113,0.5760906338691711,31.99989,64.67909,0.1521,2.2617003122965493
5KPH_4_2_9_0_combined_id15,1.7941778898239136,1.7625861167907715,89.06083333333333,0.71,4,2,91.39486111111113,0.5760906338691711,31.99989,64.67909,0.1861,2.1271514892578125
5KPH_4_2_9_0_combined_id16,2.016580581665039,1.9657785892486572,93.21069444444444,0.76,4,2,91.39486111111113,0.5760906338691711,31.99989,64.67909,0.188,2.163076400756836
5KPH_4_2_9_0_combined_id17,0.6550998091697693,3.819894552230835,94.66277777777776,0.8,4,2,91.39486111111113,0.5760906338691711,31.99989,64.67909,0.1988,2.2843165927463107
5KPH_4_2_9_0_combined_id19,2.10931658744812,1.5900152921676636,90.84472222222222,0.74,4,2,91.39486111111113,0.5760906338691711,31.99989,64.67909,0.2013,2.247232860989041
5KPH_4_2_9_0_combined_id20,1.478151798248291,2.40910267829895,92.65694444444443,0.77,4,2,91.39486111111113,0.5760906338691711,31.99989,64.67909,0.1756,2.209242078993056
5KPH_4_2_9_0_combined_id21,0.5772922039031982,3.6426732540130615,91.98625,0.76,4,2,91.39486111111113,0.5760906338691711,31.99989,64.67909,0.1825,2.109966701931424
5KPH_4_2_9_0_combined_id22,0.7566387057304382,3.6864490509033203,92.67527777777778,0.78,4,2,91.39486111111113,0.5760906338691711,31.99989,64.67909,0.1836,2.185906728108724
5KPH_4_2_9_0_combined_id23,0.9056702852249146,3.0421178340911865,94.69361111111112,0.8,4,2,91.39486111111113,0.5760906338691711,31.99989,64.67909,0.176,2.1181187099880643
5KPH_4_2_9_0_combined_id24,0.7211606502532959,3.7100112438201904,90.07625,0.74,4,2,91.39486111111113,0.5760906338691711,31.99989,64.67909,0.172,1.918686760796441
5KPH_4_2_9_0_combined_id3,0.98969966173172,2.5061261653900146,90.27708333333332,0.72,4,2,91.39486111111113,0.5760906338691711,31.99989,64.67909,0.1796,2.117558585272895
5KPH_4_2_9_0_combined_id4,1.0610729455947876,2.9777719974517822,87.04208333333334,0.7,4,2,91.39486111111113,0.5760906338691711,31.99989,64.67909,0.1962,2.1910728878445096
5KPH_4_2_9_0_combined_id5,1.939756989479065,1.8743540048599243,91.79180555555556,0.76,4,2,91.39486111111113,0.5760906338691711,31.99989,64.67909,0.1593,2.095343271891276
5KPH_4_2_9_0_combined_id6,0.8613519072532654,4.069161891937256,90.38666666666668,0.73,4,2,91.39486111111113,0.5760906338691711,31.99989,64.67909,0.1749,2.332486046685113
5KPH_4_2_9_0_combined_id7,1.0014890432357788,2.6531002521514893,88.22902777777777,0.69,4,2,91.39486111111113,0.5760906338691711,31.99989,64.67909,0.205,2.3244616190592446
5KPH_4_2_9_0_combined_id8,0.9043853282928467,3.385850429534912,90.78916666666666,0.74,4,2,91.39486111111113,0.5760906338691711,31.99989,64.67909,0.1841,1.941809336344401
5KPH_4_2_9_0_combined_id9,0.6439170241355896,3.8248894214630127,89.95791666666666,0.74,4,2,91.39486111111113,0.5760906338691711,31.99989,64.67909,0.1799,2.424353281656901
5KPH_4_4_0_0_combined_id1,0.7332085371017456,4.109622478485107,95.5476388888889,0.82,4,4,94.87861111111113,0.6222501397132874,32.507736,71.97166,0.1848,2.0773504045274525
5KPH_4_4_0_0_combined_id10,0.7306345701217651,3.6819984912872314,91.3411111111111,0.75,4,4,94.87861111111113,0.6222501397132874,32.507736,71.97166,0.1884,2.041448805067274
5KPH_4_4_0_0_combined_id11,0.6554291844367981,4.013033390045166,91.89,0.78,4,4,94.87861111111113,0.6222501397132874,32.507736,71.97166,0.212,2.029801262749566
5KPH_4_4_0_0_combined_id12,0.9359036087989807,1.8352285623550415,86.81791666666666,0.69,4,4,94.87861111111113,0.6222501397132874,32.507736,71.97166,0.1925,1.8665553198920355
5KPH_4_4_0_0_combined_id13,0.7377945780754089,2.1637721061706543,91.51625,0.76,4,4,94.87861111111113,0.6222501397132874,32.507736,71.97166,0.1961,1.9174906412760413
5KPH_4_4_0_0_combined_id14,0.6912029385566711,3.586353302001953,91.51402777777778,0.77,4,4,94.87861111111113,0.6222501397132874,32.507736,71.97166,0.1914,1.941497802734375
5KPH_4_4_0_0_combined_id15,1.5239076614379883,2.0601398944854736,90.09986111111112,0.71,4,4,94.87861111111113,0.6222501397132874,32.507736,71.97166,0.1858,1.8353296915690105
5KPH_4_4_0_0_combined_id16,2.498197078704834,1.4140980243682861,92.52666666666669,0.77,4,4,94.87861111111113,0.6222501397132874,32.507736,71.97166,0.181,1.954989539252387
5KPH_4_4_0_0_combined_id18,0.4439408481121063,2.1288254261016846,91.71694444444444,0.76,4,4,94.87861111111113,0.6222501397132874,32.507736,71.97166,0.1772,2.143179363674588
5KPH_4_4_0_0_combined_id19,0.5721929669380188,3.8996810913085938,93.50291666666666,0.79,4,4,94.87861111111113,0.6222501397132874,32.507736,71.97166,0.1654,1.987546073065864
5KPH_4_4_0_0_combined_id2,0.777528703212738,3.2686235904693604,90.89833333333334,0.76,4,4,94.87861111111113,0.6222501397132874,32.507736,71.97166,0.1863,2.057204352484809
5KPH_4_4_0_0_combined_id20,0.6868184804916382,3.849175453186035,90.0273611111111,0.73,4,4,94.87861111111113,0.6222501397132874,32.507736,71.97166,0.1756,2.1467522515190973
5KPH_4_4_0_0_combined_id21,0.697063684463501,2.434626817703247,94.47361111111113,0.81,4,4,94.87861111111113,0.6222501397132874,32.507736,71.97166,0.197,2.1549288431803384
5KPH_4_4_0_0_combined_id22,0.5709422826766968,3.7034854888916016,91.7376388888889,0.75,4,4,94.87861111111113,0.6222501397132874,32.507736,71.97166,0.1993,1.8386650085449217
5KPH_4_4_0_0_combined_id23,0.47629621624946594,3.9182279109954834,94.6125,0.81,4,4,94.87861111111113,0.6222501397132874,32.507736,71.97166,0.1879,1.982881546020508
5KPH_4_4_0_0_combined_id24,0.5707187056541443,3.6918838024139404,94.55194444444446,0.8,4,4,94.87861111111113,0.6222501397132874,32.507736,71.97166,0.1893,2.216100904676649
5KPH_4_4_0_0_combined_id3,0.6887255907058716,3.705883026123047,93.83666666666666,0.81,4,4,94.87861111111113,0.6222501397132874,32.507736,71.97166,0.222,1.9696487850613065
5KPH_4_4_0_0_combined_id5,0.8131910562515259,4.300131797790527,93.51986111111113,0.78,4,4,94.87861111111113,0.6222501397132874,32.507736,71.97166,0.197,1.87498050265842
5KPH_4_4_0_0_combined_id6,0.5230832099914551,1.8555238246917725,92.82861111111112,0.77,4,4,94.87861111111113,0.6222501397132874,32.507736,71.97166,0.1863,1.885284635755751
5KPH_4_4_0_0_combined_id8,1.6551226377487183,1.5054435729980469,88.42652777777779,0.72,4,4,94.87861111111113,0.6222501397132874,32.507736,71.97166,0.186,1.8306636810302728
5KPH_4_4_0_0_combined_id9,0.8557162284851074,2.3268632888793945,87.07208333333334,0.66,4,4,94.87861111111113,0.6222501397132874,32.507736,71.97166,0.1901,2.006827460394965
5KPH_4_4_1_0_combined_id1,0.7577789425849915,3.5553104877471924,95.45,0.83,4,4,94.5825,0.8421797752380371,32.95701,67.747536,0.2322,1.976694530910916
5KPH_4_4_1_0_combined_id10,0.7852301597595215,2.6869468688964844,92.80319444444444,0.79,4,4,94.5825,0.8421797752380371,32.95701,67.747536,0.1797,2.047608057657877
5KPH_4_4_1_0_combined_id11,0.6210190057754517,3.5885446071624756,96.21083333333334,0.83,4,4,94.5825,0.8421797752380371,32.95701,67.747536,0.2269,2.070703718397352
5KPH_4_4_1_0_combined_id12,0.8215596079826355,3.449033260345459,92.39708333333334,0.77,4,4,94.5825,0.8421797752380371,32.95701,67.747536,0.2107,1.942288292778863
5KPH_4_4_1_0_combined_id13,0.8315678834915161,3.787278890609741,94.05152777777778,0.79,4,4,94.5825,0.8421797752380371,32.95701,67.747536,0.2058,2.0722007751464844
5KPH_4_4_1_0_combined_id14,0.5798229575157166,3.7436866760253906,94.7773611111111,0.8,4,4,94.5825,0.8421797752380371,32.95701,67.747536,0.1694,2.1934286753336587
5KPH_4_4_1_0_combined_id15,1.0641626119613647,2.6079487800598145,89.02097222222223,0.71,4,4,94.5825,0.8421797752380371,32.95701,67.747536,0.2232,1.8928201463487413
5KPH_4_4_1_0_combined_id16,0.8273316621780396,3.2385246753692627,93.96222222222222,0.8,4,4,94.5825,0.8421797752380371,32.95701,67.747536,0.2005,2.048801210191515
5KPH_4_4_1_0_combined_id17,0.7005188465118408,3.318091630935669,95.87861111111113,0.82,4,4,94.5825,0.8421797752380371,32.95701,67.747536,0.2371,2.136045667860243
5KPH_4_4_1_0_combined_id18,0.7266417145729065,3.3947925567626953,94.53819444444444,0.8,4,4,94.5825,0.8421797752380371,32.95701,67.747536,0.1942,2.1050001780192056
5KPH_4_4_1_0_combined_id19,0.7029989361763,3.549251079559326,94.27958333333332,0.8,4,4,94.5825,0.8421797752380371,32.95701,67.747536,0.2061,2.016565322875977
5KPH_4_4_1_0_combined_id2,0.7573913931846619,3.7113735675811768,91.005,0.74,4,4,94.5825,0.8421797752380371,32.95701,67.747536,0.2025,1.939719729953342
5KPH_4_4_1_0_combined_id20,0.5966492295265198,3.818877935409546,95.75208333333332,0.83,4,4,94.5825,0.8421797752380371,32.95701,67.747536,0.2137,2.234529071384006
5KPH_4_4_1_0_combined_id21,0.626471221446991,3.4756901264190674,91.455,0.77,4,4,94.5825,0.8421797752380371,32.95701,67.747536,0.1663,1.9883255428738065
5KPH_4_4_1_0_combined_id22,1.0273973941802979,2.7145564556121826,92.38125,0.76,4,4,94.5825,0.8421797752380371,32.95701,67.747536,0.2007,2.0233902401394315
5KPH_4_4_1_0_combined_id23,0.6719694137573242,3.9838719367980957,94.26055555555556,0.8,4,4,94.5825,0.8421797752380371,32.95701,67.747536,0.1971,2.089561038547092
5KPH_4_4_1_0_combined_id24,0.5765841007232666,3.7050795555114746,94.29083333333334,0.81,4,4,94.5825,0.8421797752380371,32.95701,67.747536,0.1942,2.147690667046441
5KPH_4_4_1_0_combined_id3,0.846487820148468,1.9258819818496704,95.7526388888889,0.83,4,4,94.5825,0.8421797752380371,32.95701,67.747536,0.2235,2.17446411980523
5KPH_4_4_1_0_combined_id4,0.6148340702056885,3.526836395263672,95.53722222222224,0.82,4,4,94.5825,0.8421797752380371,32.95701,67.747536,0.1963,1.9279066721598308
5KPH_4_4_1_0_combined_id5,0.6924155950546265,3.9896016120910645,94.9975,0.81,4,4,94.5825,0.8421797752380371,32.95701,67.747536,0.2003,1.959918975830078
5KPH_4_4_1_0_combined_id6,0.6077414155006409,3.696629524230957,95.33847222222222,0.83,4,4,94.5825,0.8421797752380371,32.95701,67.747536,0.1859,2.097069210476345
5KPH_4_4_1_0_combined_id8,0.7712408900260925,3.264578104019165,91.51180555555555,0.77,4,4,94.5825,0.8421797752380371,32.95701,67.747536,0.2009,2.1575226253933377
5KPH_4_4_1_0_combined_id9,0.7221250534057617,3.2236688137054443,95.0090277777778,0.81,4,4,94.5825,0.8421797752380371,32.95701,67.747536,0.206,2.12453736199273
5KPH_4_4_2_0_combined_id1,1.8708142042160034,1.9702434539794922,88.29430555555557,0.68,4,4,95.00541666666668,0.9804434776306152,33.227543,70.22529,0.1744,1.973639170328776
5KPH_4_4_2_0_combined_id10,1.299716591835022,2.795137405395508,88.66777777777777,0.7,4,4,95.00541666666668,0.9804434776306152,33.227543,70.22529,0.1764,2.1712644365098743
5KPH_4_4_2_0_combined_id11,0.7815693020820618,3.6673972606658936,90.9275,0.75,4,4,95.00541666666668,0.9804434776306152,33.227543,70.22529,0.1683,2.1030712127685547
5KPH_4_4_2_0_combined_id12,0.8198580145835876,4.1558427810668945,96.12777777777778,0.83,4,4,95.00541666666668,0.9804434776306152,33.227543,70.22529,0.174,2.10287348429362
5KPH_4_4_2_0_combined_id13,0.6744182705879211,3.46146821975708,92.9,0.78,4,4,95.00541666666668,0.9804434776306152,33.227543,70.22529,0.2148,2.1870699988471136
5KPH_4_4_2_0_combined_id14,0.6229906678199768,3.8482587337493896,94.28666666666666,0.79,4,4,95.00541666666668,0.9804434776306152,33.227543,70.22529,0.1761,2.129774729410807
5KPH_4_4_2_0_combined_id16,1.2347193956375122,4.310582160949707,89.18263888888889,0.7,4,4,95.00541666666668,0.9804434776306152,33.227543,70.22529,0.1847,1.8123758104112413
5KPH_4_4_2_0_combined_id18,1.276121973991394,1.6247493028640747,85.0476388888889,0.69,4,4,95.00541666666668,0.9804434776306152,33.227543,70.22529,0.1854,1.920538584391276
5KPH_4_4_2_0_combined_id19,0.7240330576896667,3.5962135791778564,94.20875,0.81,4,4,95.00541666666668,0.9804434776306152,33.227543,70.22529,0.2137,2.099858178032769
5KPH_4_4_2_0_combined_id2,1.5980266332626343,2.1227307319641113,89.31152777777778,0.71,4,4,95.00541666666668,0.9804434776306152,33.227543,70.22529,0.1921,2.080611334906684
5KPH_4_4_2_0_combined_id20,0.9463763236999512,3.341006278991699,89.08638888888888,0.72,4,4,95.00541666666668,0.9804434776306152,33.227543,70.22529,0.177,2.3852657741970487
5KPH_4_4_2_0_combined_id21,0.9022125601768494,3.119837760925293,85.64027777777778,0.7,4,4,95.00541666666668,0.9804434776306152,33.227543,70.22529,0.1735,2.002742131551107
5KPH_4_4_2_0_combined_id22,0.6225243806838989,3.810544013977051,93.82125,0.8,4,4,95.00541666666668,0.9804434776306152,33.227543,70.22529,0.1749,2.093006134033203
5KPH_4_4_2_0_combined_id23,0.7191487550735474,3.8655877113342285,90.94416666666666,0.74,4,4,95.00541666666668,0.9804434776306152,33.227543,70.22529,0.176,2.1306145985921225
5KPH_4_4_2_0_combined_id24,1.0683770179748535,2.972842216491699,91.79833333333332,0.78,4,4,95.00541666666668,0.9804434776306152,33.227543,70.22529,0.184,2.0609092712402344
5KPH_4_4_2_0_combined_id3,1.4409514665603638,2.4089174270629883,86.24125000000001,0.67,4,4,95.00541666666668,0.9804434776306152,33.227543,70.22529,0.1673,2.015429814656576
5KPH_4_4_2_0_combined_id4,0.8034626245498657,1.8339627981185913,85.5261111111111,0.68,4,4,95.00541666666668,0.9804434776306152,33.227543,70.22529,0.1707,2.1622238159179688
5KPH_4_4_2_0_combined_id5,0.6275970339775085,3.6224052906036377,92.31694444444445,0.77,4,4,95.00541666666668,0.9804434776306152,33.227543,70.22529,0.189,2.20483038160536
5KPH_4_4_2_0_combined_id6,1.4175137281417847,2.9680888652801514,89.69208333333333,0.72,4,4,95.00541666666668,0.9804434776306152,33.227543,70.22529,0.1818,1.9775931040445964
5KPH_4_4_2_0_combined_id7,0.6561985015869141,4.004597187042236,94.14555555555556,0.81,4,4,95.00541666666668,0.9804434776306152,33.227543,70.22529,0.1685,2.166141086154514
5KPH_4_4_2_0_combined_id8,0.8498521447181702,3.438167095184326,90.77277777777778,0.76,4,4,95.00541666666668,0.9804434776306152,33.227543,70.22529,0.1741,2.019911236233181
5KPH_4_4_2_0_combined_id9,0.8997995257377625,3.215754270553589,91.80888888888887,0.77,4,4,95.00541666666668,0.9804434776306152,33.227543,70.22529,0.1981,2.120475345187717
5KPH_4_4_3_0_combined_id1,0.9891821146011353,2.356027126312256,88.22902777777777,0.7,4,4,92.96638888888889,0.5465803146362305,33.456146,68.09666,0.1989,1.712156719631619
5KPH_4_4_3_0_combined_id10,1.3999619483947754,2.3666374683380127,92.13597222222222,0.77,4,4,92.96638888888889,0.5465803146362305,33.456146,68.09666,0.1714,1.9393030802408853
5KPH_4_4_3_0_combined_id12,0.7622489929199219,3.061264991760254,92.03291666666664,0.78,4,4,92.96638888888889,0.5465803146362305,33.456146,68.09666,0.2021,1.9376949734157989
5KPH_4_4_3_0_combined_id13,0.7387806177139282,2.3762474060058594,94.56166666666668,0.8,4,4,92.96638888888889,0.5465803146362305,33.456146,68.09666,0.2072,1.8827442593044703
5KPH_4_4_3_0_combined_id14,1.0656088590621948,2.699591875076294,88.72402777777776,0.71,4,4,92.96638888888889,0.5465803146362305,33.456146,68.09666,0.2159,1.8382140265570743
5KPH_4_4_3_0_combined_id15,0.9368375539779663,2.146373987197876,89.73486111111112,0.71,4,4,92.96638888888889,0.5465803146362305,33.456146,68.09666,0.2181,1.977956983778212
5KPH_4_4_3_0_combined_id17,0.6940319538116455,3.4668431282043457,89.33222222222223,0.73,4,4,92.96638888888889,0.5465803146362305,33.456146,68.09666,0.1912,1.882815466986762
5KPH_4_4_3_0_combined_id18,1.1087157726287842,2.368224859237671,86.29236111111112,0.67,4,4,92.96638888888889,0.5465803146362305,33.456146,68.09666,0.183,1.8767238193088107
5KPH_4_4_3_0_combined_id20,0.8798385262489319,3.0830657482147217,91.87902777777778,0.77,4,4,92.96638888888889,0.5465803146362305,33.456146,68.09666,0.2056,2.1023252275255
5KPH_4_4_3_0_combined_id21,0.9694247245788574,2.688730478286743,90.31805555555556,0.75,4,4,92.96638888888889,0.5465803146362305,33.456146,68.09666,0.1822,1.8298098246256511
5KPH_4_4_3_0_combined_id22,1.4382869005203247,2.0021371841430664,87.16874999999999,0.67,4,4,92.96638888888889,0.5465803146362305,33.456146,68.09666,0.2098,1.8425640530056424
5KPH_4_4_3_0_combined_id23,0.6742045879364014,3.6625900268554688,95.27944444444444,0.81,4,4,92.96638888888889,0.5465803146362305,33.456146,68.09666,0.2063,1.9896666208903
5KPH_4_4_3_0_combined_id24,0.9497747421264648,2.477424144744873,84.97,0.65,4,4,92.96638888888889,0.5465803146362305,33.456146,68.09666,0.1618,2.0119618309868708
5KPH_4_4_3_0_combined_id3,0.7331218719482422,3.622847557067871,91.88847222222222,0.77,4,4,92.96638888888889,0.5465803146362305,33.456146,68.09666,0.18,1.912813186645508
5KPH_4_4_3_0_combined_id4,0.9287203550338745,2.5166494846343994,88.29513888888889,0.7,4,4,92.96638888888889,0.5465803146362305,33.456146,68.09666,0.1984,1.9749554528130424
5KPH_4_4_3_0_combined_id5,0.7486889958381653,3.423430919647217,92.90541666666668,0.78,4,4,92.96638888888889,0.5465803146362305,33.456146,68.09666,0.2153,1.995632807413737
5KPH_4_4_3_0_combined_id6,0.758916974067688,3.6678881645202637,91.60236111111112,0.77,4,4,92.96638888888889,0.5465803146362305,33.456146,68.09666,0.1764,2.015355428059896
5KPH_4_4_3_0_combined_id7,0.8485242128372192,3.9704387187957764,88.71319444444445,0.72,4,4,92.96638888888889,0.5465803146362305,33.456146,68.09666,0.1794,1.834013409084744
5KPH_4_4_3_0_combined_id8,0.9184966683387756,2.649139642715454,88.60916666666668,0.67,4,4,92.96638888888889,0.5465803146362305,33.456146,68.09666,0.2161,1.6883236567179365
5KPH_4_4_3_0_combined_id9,0.9434067010879517,3.2666914463043213,87.95416666666667,0.71,4,4,92.96638888888889,0.5465803146362305,33.456146,68.09666,0.1692,1.8753681182861328
5KPH_4_4_4_0_combined_id1,0.5781472325325012,3.9104623794555664,92.61236111111111,0.76,4,4,97.37166666666668,0.585494339466095,33.094078,67.055725,0.1833,1.906087027655708
5KPH_4_4_4_0_combined_id10,0.7991595268249512,2.1772377490997314,90.40375,0.71,4,4,97.37166666666668,0.585494339466095,33.094078,67.055725,0.1854,1.8785584767659504
5KPH_4_4_4_0_combined_id11,0.9676924347877502,3.1685280799865723,88.21444444444444,0.71,4,4,97.37166666666668,0.585494339466095,33.094078,67.055725,0.195,1.9002727932400167
5KPH_4_4_4_0_combined_id12,1.3336092233657837,4.500913619995117,89.23666666666668,0.71,4,4,97.37166666666668,0.585494339466095,33.094078,67.055725,0.1528,2.1841998630099826
5KPH_4_4_4_0_combined_id13,0.7729367017745972,3.775836944580078,95.5361111111111,0.81,4,4,97.37166666666668,0.585494339466095,33.094078,67.055725,0.1839,2.0205211639404297
5KPH_4_4_4_0_combined_id14,1.3468753099441528,2.5786447525024414,87.19347222222223,0.66,4,4,97.37166666666668,0.585494339466095,33.094078,67.055725,0.1915,1.8463918897840712
5KPH_4_4_4_0_combined_id15,0.8093565702438354,3.7462823390960693,89.81930555555556,0.7,4,4,97.37166666666668,0.585494339466095,33.094078,67.055725,0.175,1.8238156636555989
5KPH_4_4_4_0_combined_id16,0.9446082711219788,2.1863174438476562,95.72972222222222,0.81,4,4,97.37166666666668,0.585494339466095,33.094078,67.055725,0.1644,2.1550076802571616
5KPH_4_4_4_0_combined_id17,0.7060881853103638,2.3506953716278076,90.97458333333331,0.75,4,4,97.37166666666668,0.585494339466095,33.094078,67.055725,0.1841,1.916838751898872
5KPH_4_4_4_0_combined_id18,1.4308308362960815,2.2579762935638428,94.465,0.78,4,4,97.37166666666668,0.585494339466095,33.094078,67.055725,0.1934,1.9944271511501737
5KPH_4_4_4_0_combined_id19,1.7059701681137085,2.528630018234253,87.25027777777778,0.67,4,4,97.37166666666668,0.585494339466095,33.094078,67.055725,0.1975,1.8712272644042969
5KPH_4_4_4_0_combined_id2,0.9834586381912231,4.511483669281006,89.36652777777778,0.71,4,4,97.37166666666668,0.585494339466095,33.094078,67.055725,0.1726,2.143675062391493
5KPH_4_4_4_0_combined_id20,0.7690035700798035,3.2934560775756836,87.90069444444445,0.66,4,4,97.37166666666668,0.585494339466095,33.094078,67.055725,0.1949,1.898668924967448
5KPH_4_4_4_0_combined_id22,0.8418329358100891,3.688666582107544,89.8436111111111,0.7,4,4,97.37166666666668,0.585494339466095,33.094078,67.055725,0.1878,1.96989017062717
5KPH_4_4_4_0_combined_id23,0.8216562271118164,3.704982280731201,87.7459722222222,0.71,4,4,97.37166666666668,0.585494339466095,33.094078,67.055725,0.1946,2.046782599555121
5KPH_4_4_4_0_combined_id24,0.801841139793396,2.087841510772705,88.71208333333333,0.72,4,4,97.37166666666668,0.585494339466095,33.094078,67.055725,0.1919,1.9540191226535373
5KPH_4_4_4_0_combined_id3,1.7775897979736328,2.2185850143432617,86.82069444444444,0.67,4,4,97.37166666666668,0.585494339466095,33.094078,67.055725,0.1978,1.7485540178087022
5KPH_4_4_4_0_combined_id4,0.6638416647911072,4.145203113555908,94.5597222222222,0.8,4,4,97.37166666666668,0.585494339466095,33.094078,67.055725,0.1757,2.0669763353135853
5KPH_4_4_4_0_combined_id5,1.1817091703414917,2.488647699356079,87.89944444444444,0.7,4,4,97.37166666666668,0.585494339466095,33.094078,67.055725,0.2028,1.941235860188802
5KPH_4_4_4_0_combined_id6,1.283772349357605,2.4827470779418945,85.74819444444444,0.64,4,4,97.37166666666668,0.585494339466095,33.094078,67.055725,0.1848,1.8639346228705511
5KPH_4_4_4_0_combined_id7,0.5648061037063599,4.128535270690918,91.60236111111112,0.76,4,4,97.37166666666668,0.585494339466095,33.094078,67.055725,0.1948,1.820334964328342
5KPH_4_4_4_0_combined_id8,0.659688413143158,4.130823135375977,91.69694444444444,0.75,4,4,97.37166666666668,0.585494339466095,33.094078,67.055725,0.2053,1.6559194988674588
5KPH_4_4_4_0_combined_id9,0.74173903465271,3.7336277961730957,88.16263888888888,0.7,4,4,97.37166666666668,0.585494339466095,33.094078,67.055725,0.1619,2.097647984822592
5KPH_4_4_5_0_combined_id1,0.669998824596405,3.757122039794922,94.37569444444443,0.8,4,4,93.77958333333332,0.6070631742477417,33.774326,70.56854,0.1861,2.0658081902398004
5KPH_4_4_5_0_combined_id10,0.7449678778648376,3.2024645805358887,90.00027777777777,0.72,4,4,93.77958333333332,0.6070631742477417,33.774326,70.56854,0.1847,1.9190413157145183
5KPH_4_4_5_0_combined_id11,0.8181942701339722,2.883208751678467,90.96555555555555,0.75,4,4,93.77958333333332,0.6070631742477417,33.774326,70.56854,0.1985,2.1803270975748696
5KPH_4_4_5_0_combined_id12,0.8421494960784912,2.305283784866333,90.06291666666667,0.73,4,4,93.77958333333332,0.6070631742477417,33.774326,70.56854,0.1633,2.0787720150417752
5KPH_4_4_5_0_combined_id13,0.649401843547821,3.803807020187378,92.24069444444444,0.77,4,4,93.77958333333332,0.6070631742477417,33.774326,70.56854,0.191,2.0007989671495228
5KPH_4_4_5_0_combined_id14,0.7307981848716736,3.8118844032287598,95.2377777777778,0.82,4,4,93.77958333333332,0.6070631742477417,33.774326,70.56854,0.179,2.068675147162544
5KPH_4_4_5_0_combined_id15,0.6955121159553528,1.600253939628601,91.51222222222223,0.75,4,4,93.77958333333332,0.6070631742477417,33.774326,70.56854,0.1736,2.151810963948568
5KPH_4_4_5_0_combined_id16,0.9088863134384155,2.3596301078796387,88.85986111111112,0.69,4,4,93.77958333333332,0.6070631742477417,33.774326,70.56854,0.1811,2.073755900065104
5KPH_4_4_5_0_combined_id17,1.0802973508834839,1.7737112045288086,88.39222222222222,0.71,4,4,93.77958333333332,0.6070631742477417,33.774326,70.56854,0.1799,2.039304521348741
5KPH_4_4_5_0_combined_id18,0.7748489379882812,4.071597099304199,92.57319444444444,0.75,4,4,93.77958333333332,0.6070631742477417,33.774326,70.56854,0.1933,1.9575763278537328
5KPH_4_4_5_0_combined_id19,0.6409948468208313,2.5912699699401855,88.88694444444445,0.7,4,4,93.77958333333332,0.6070631742477417,33.774326,70.56854,0.2004,2.046892589992947
5KPH_4_4_5_0_combined_id2,0.7677192687988281,3.942289113998413,93.39777777777778,0.77,4,4,93.77958333333332,0.6070631742477417,33.774326,70.56854,0.1912,1.982163323296441
5KPH_4_4_5_0_combined_id20,0.5773711204528809,3.5275089740753174,95.11652777777778,0.81,4,4,93.77958333333332,0.6070631742477417,33.774326,70.56854,0.2069,2.147213406032986
5KPH_4_4_5_0_combined_id21,0.6799853444099426,1.9517664909362793,92.67444444444445,0.75,4,4,93.77958333333332,0.6070631742477417,33.774326,70.56854,0.1788,1.994447496202257
5KPH_4_4_5_0_combined_id22,0.6895530223846436,3.841217041015625,93.97875,0.79,4,4,93.77958333333332,0.6070631742477417,33.774326,70.56854,0.1888,1.9046745300292969
5KPH_4_4_5_0_combined_id23,0.6194735765457153,2.810837745666504,92.92222222222222,0.77,4,4,93.77958333333332,0.6070631742477417,33.774326,70.56854,0.1955,1.9101954566107853
5KPH_4_4_5_0_combined_id24,1.021020531654358,1.2430195808410645,89.31847222222223,0.7,4,4,93.77958333333332,0.6070631742477417,33.774326,70.56854,0.2091,1.8284036848280163
5KPH_4_4_5_0_combined_id3,0.57258540391922,3.7695302963256836,91.97777777777776,0.76,4,4,93.77958333333332,0.6070631742477417,33.774326,70.56854,0.189,2.2249537573920355
5KPH_4_4_5_0_combined_id4,0.6864560842514038,3.5512094497680664,94.8175,0.8,4,4,93.77958333333332,0.6070631742477417,33.774326,70.56854,0.1889,1.988819546169705
5KPH_4_4_5_0_combined_id5,0.768983781337738,4.01549768447876,94.04416666666664,0.8,4,4,93.77958333333332,0.6070631742477417,33.774326,70.56854,0.1805,2.020891401502821
5KPH_4_4_5_0_combined_id6,0.5880784392356873,3.8935036659240723,94.78180555555556,0.81,4,4,93.77958333333332,0.6070631742477417,33.774326,70.56854,0.1827,2.210917366875542
5KPH_4_4_5_0_combined_id7,0.7465431690216064,3.9633853435516357,92.82861111111112,0.77,4,4,93.77958333333332,0.6070631742477417,33.774326,70.56854,0.1812,2.011956956651476
5KPH_4_4_5_0_combined_id8,0.8941336274147034,2.528207540512085,89.13569444444445,0.72,4,4,93.77958333333332,0.6070631742477417,33.774326,70.56854,0.1632,2.1698074340820312
5KPH_4_4_5_0_combined_id9,0.61012202501297,3.7200751304626465,92.16305555555556,0.77,4,4,93.77958333333332,0.6070631742477417,33.774326,70.56854,0.1871,2.209723154703776
5KPH_4_4_6_0_combined_id1,0.6769077777862549,3.913243293762207,93.40541666666668,0.79,4,4,94.66597222222224,0.6868184804916382,32.589752,68.7165,0.1736,2.0183893839518228
5KPH_4_4_6_0_combined_id10,0.9552755951881409,3.909024715423584,84.39861111111112,0.61,4,4,94.66597222222224,0.6868184804916382,32.589752,68.7165,0.1918,2.0568110148111978
5KPH_4_4_6_0_combined_id11,0.6219220161437988,3.8378679752349854,93.23555555555556,0.79,4,4,94.66597222222224,0.6868184804916382,32.589752,68.7165,0.1899,1.9903975592719183
5KPH_4_4_6_0_combined_id12,1.3726929426193237,2.049595832824707,87.12097222222222,0.69,4,4,94.66597222222224,0.6868184804916382,32.589752,68.7165,0.1812,1.805704328748915
5KPH_4_4_6_0_combined_id13,0.7514681220054626,3.657135009765625,90.6998611111111,0.72,4,4,94.66597222222224,0.6868184804916382,32.589752,68.7165,0.2086,1.9324264526367188
5KPH_4_4_6_0_combined_id14,0.8383645415306091,3.930140495300293,93.61791666666666,0.78,4,4,94.66597222222224,0.6868184804916382,32.589752,68.7165,0.1914,1.9155837164984808
5KPH_4_4_6_0_combined_id15,0.7609955072402954,3.64115047454834,92.61125,0.77,4,4,94.66597222222224,0.6868184804916382,32.589752,68.7165,0.1875,1.884524663289388
5KPH_4_4_6_0_combined_id16,0.7547728419303894,4.094859600067139,93.67416666666668,0.79,4,4,94.66597222222224,0.6868184804916382,32.589752,68.7165,0.1738,2.042797088623047
5KPH_4_4_6_0_combined_id17,0.8834338784217834,2.3955254554748535,89.31027777777778,0.68,4,4,94.66597222222224,0.6868184804916382,32.589752,68.7165,0.1989,1.7587731679280598
5KPH_4_4_6_0_combined_id19,0.661849856376648,4.0522332191467285,92.07513888888889,0.78,4,4,94.66597222222224,0.6868184804916382,32.589752,68.7165,0.1771,1.9005186292860243
5KPH_4_4_6_0_combined_id2,1.5756820440292358,2.2559826374053955,84.81486111111111,0.62,4,4,94.66597222222224,0.6868184804916382,32.589752,68.7165,0.1899,2.092362933688693
5KPH_4_4_6_0_combined_id20,0.5812137722969055,3.3835866451263428,90.34805555555556,0.73,4,4,94.66597222222224,0.6868184804916382,32.589752,68.7165,0.2007,1.9291322496202257
5KPH_4_4_6_0_combined_id21,0.5505325198173523,4.008021354675293,91.11638888888888,0.74,4,4,94.66597222222224,0.6868184804916382,32.589752,68.7165,0.2103,2.010103013780382
5KPH_4_4_6_0_combined_id22,0.5556772351264954,3.942530870437622,92.89958333333334,0.78,4,4,94.66597222222224,0.6868184804916382,32.589752,68.7165,0.1865,2.1940489874945746
5KPH_4_4_6_0_combined_id23,0.6436403393745422,3.1615021228790283,94.53736111111112,0.8,4,4,94.66597222222224,0.6868184804916382,32.589752,68.7165,0.205,1.8104945288764105
5KPH_4_4_6_0_combined_id24,1.9295709133148193,1.5481196641921997,92.35319444444444,0.76,4,4,94.66597222222224,0.6868184804916382,32.589752,68.7165,0.1812,1.8692525227864585
5KPH_4_4_6_0_combined_id3,0.7177460193634033,3.9796319007873535,94.21208333333334,0.81,4,4,94.66597222222224,0.6868184804916382,32.589752,68.7165,0.1723,2.1800049675835504
5KPH_4_4_6_0_combined_id4,0.5371503829956055,3.9618124961853027,95.74638888888887,0.82,4,4,94.66597222222224,0.6868184804916382,32.589752,68.7165,0.2037,1.882647196451823
5KPH_4_4_6_0_combined_id5,0.621222972869873,3.8442344665527344,95.07652777777778,0.82,4,4,94.66597222222224,0.6868184804916382,32.589752,68.7165,0.1955,1.930122163560656
5KPH_4_4_6_0_combined_id6,0.7518970370292664,4.124557971954346,95.72583333333334,0.82,4,4,94.66597222222224,0.6868184804916382,32.589752,68.7165,0.175,2.08530510796441
5KPH_4_4_6_0_combined_id7,0.9391720294952393,3.1768290996551514,85.57402777777777,0.64,4,4,94.66597222222224,0.6868184804916382,32.589752,68.7165,0.1731,1.9589477115207248
5KPH_4_4_6_0_combined_id8,0.9299649596214294,3.5896663665771484,94.01138888888887,0.79,4,4,94.66597222222224,0.6868184804916382,32.589752,68.7165,0.1585,2.1074786716037326
5KPH_4_4_7_0_combined_id1,0.8258822560310364,3.279930830001831,92.67680555555556,0.77,4,4,93.93944444444443,0.7899553179740906,33.38948,68.603775,0.1938,2.036362542046441
5KPH_4_4_7_0_combined_id10,0.7522268891334534,2.2581005096435547,86.03472222222223,0.67,4,4,93.93944444444443,0.7899553179740906,33.38948,68.603775,0.2053,2.171966552734375
5KPH_4_4_7_0_combined_id11,1.8724082708358765,2.458139419555664,93.66513888888888,0.78,4,4,93.93944444444443,0.7899553179740906,33.38948,68.603775,0.1904,1.8676687876383464
5KPH_4_4_7_0_combined_id12,0.6665184497833252,3.849404811859131,95.25569444444444,0.81,4,4,93.93944444444443,0.7899553179740906,33.38948,68.603775,0.2036,2.033112419976129
5KPH_4_4_7_0_combined_id13,0.7025359272956848,2.861217498779297,93.23458333333332,0.77,4,4,93.93944444444443,0.7899553179740906,33.38948,68.603775,0.1963,1.9911295572916667
5KPH_4_4_7_0_combined_id14,0.7439844012260437,3.4862406253814697,93.90097222222222,0.79,4,4,93.93944444444443,0.7899553179740906,33.38948,68.603775,0.237,2.1824794345431857
5KPH_4_4_7_0_combined_id15,1.2506738901138306,1.4720662832260132,92.37222222222222,0.76,4,4,93.93944444444443,0.7899553179740906,33.38948,68.603775,0.1932,1.909608629014757
5KPH_4_4_7_0_combined_id16,0.7256242036819458,2.8133950233459473,90.89180555555556,0.75,4,4,93.93944444444443,0.7899553179740906,33.38948,68.603775,0.1872,2.0296062893337674
5KPH_4_4_7_0_combined_id17,0.6504802107810974,3.8402650356292725,92.80888888888887,0.78,4,4,93.93944444444443,0.7899553179740906,33.38948,68.603775,0.1982,1.951300726996528
5KPH_4_4_7_0_combined_id18,0.7774254083633423,3.9319908618927,90.835,0.75,4,4,93.93944444444443,0.7899553179740906,33.38948,68.603775,0.1866,1.9225425720214844
5KPH_4_4_7_0_combined_id2,1.693497896194458,1.6495716571807861,85.88097222222223,0.69,4,4,93.93944444444443,0.7899553179740906,33.38948,68.603775,0.1898,2.0008337232801647
5KPH_4_4_7_0_combined_id20,0.7575274705886841,3.963226556777954,90.88305555555556,0.75,4,4,93.93944444444443,0.7899553179740906,33.38948,68.603775,0.1947,2.0261542002360025
5KPH_4_4_7_0_combined_id21,0.7572128176689148,3.6351356506347656,91.42194444444443,0.75,4,4,93.93944444444443,0.7899553179740906,33.38948,68.603775,0.1833,1.979948255750868
5KPH_4_4_7_0_combined_id22,0.7763363122940063,3.4981391429901123,89.96722222222223,0.74,4,4,93.93944444444443,0.7899553179740906,33.38948,68.603775,0.1924,2.0912212795681424
5KPH_4_4_7_0_combined_id23,1.6154141426086426,1.2832536697387695,87.32083333333334,0.68,4,4,93.93944444444443,0.7899553179740906,33.38948,68.603775,0.1998,1.8251709408230248
5KPH_4_4_7_0_combined_id24,0.7738086581230164,1.2013037204742432,92.12833333333332,0.77,4,4,93.93944444444443,0.7899553179740906,33.38948,68.603775,0.1968,1.9034139845106337
5KPH_4_4_7_0_combined_id3,0.8979053497314453,2.37247371673584,87.50791666666666,0.71,4,4,93.93944444444443,0.7899553179740906,33.38948,68.603775,0.1704,2.2796510060628257
5KPH_4_4_7_0_combined_id4,1.5995501279830933,1.139573335647583,92.78000000000002,0.76,4,4,93.93944444444443,0.7899553179740906,33.38948,68.603775,0.2145,1.687832726372613
5KPH_4_4_7_0_combined_id5,0.65541011095047,1.6912263631820679,92.0051388888889,0.75,4,4,93.93944444444443,0.7899553179740906,33.38948,68.603775,0.1824,2.126837412516276
5KPH_4_4_7_0_combined_id6,0.8495350480079651,2.695436954498291,87.15180555555554,0.68,4,4,93.93944444444443,0.7899553179740906,33.38948,68.603775,0.2022,1.9095132615831163
5KPH_4_4_7_0_combined_id7,0.9805281758308411,3.271106481552124,92.59041666666668,0.77,4,4,93.93944444444443,0.7899553179740906,33.38948,68.603775,0.1609,2.1475452846950955
5KPH_4_4_7_0_combined_id8,0.9227253794670105,2.242263078689575,91.62875,0.75,4,4,93.93944444444443,0.7899553179740906,33.38948,68.603775,0.2046,2.140440199110243
5KPH_4_4_7_0_combined_id9,0.7451022863388062,1.6279487609863281,92.74208333333334,0.77,4,4,93.93944444444443,0.7899553179740906,33.38948,68.603775,0.2065,1.825606452094184
5KPH_4_4_9_0_combined_id1,0.729925274848938,3.8667819499969482,92.54069444444444,0.78,4,4,93.24625,0.8029084801673889,32.812706,69.49533,0.1915,2.074085235595703
5KPH_4_4_9_0_combined_id10,0.6996100544929504,3.3143982887268066,93.1986111111111,0.78,4,4,93.24625,0.8029084801673889,32.812706,69.49533,0.2175,2.028160095214844
5KPH_4_4_9_0_combined_id11,0.6888080835342407,3.937485933303833,94.45375,0.81,4,4,93.24625,0.8029084801673889,32.812706,69.49533,0.1664,2.1111967298719616
5KPH_4_4_9_0_combined_id12,0.6455978751182556,4.0363993644714355,94.58416666666666,0.82,4,4,93.24625,0.8029084801673889,32.812706,69.49533,0.1849,2.113300323486328
5KPH_4_4_9_0_combined_id13,0.8234850168228149,2.8581976890563965,90.10166666666666,0.72,4,4,93.24625,0.8029084801673889,32.812706,69.49533,0.2195,2.011872185601129
5KPH_4_4_9_0_combined_id14,0.6174410581588745,3.49006724357605,93.60055555555556,0.79,4,4,93.24625,0.8029084801673889,32.812706,69.49533,0.1969,1.9463365342881944
5KPH_4_4_9_0_combined_id15,0.7635259032249451,3.9086761474609375,91.36,0.77,4,4,93.24625,0.8029084801673889,32.812706,69.49533,0.1604,1.985004425048828
5KPH_4_4_9_0_combined_id16,0.6945626139640808,3.837202787399292,95.20527777777778,0.82,4,4,93.24625,0.8029084801673889,32.812706,69.49533,0.1826,2.0743685828314886
5KPH_4_4_9_0_combined_id17,0.5821205377578735,3.9200387001037598,93.89694444444444,0.79,4,4,93.24625,0.8029084801673889,32.812706,69.49533,0.1948,1.9671302371554904
5KPH_4_4_9_0_combined_id18,0.6118630170822144,3.87884783744812,95.77222222222224,0.83,4,4,93.24625,0.8029084801673889,32.812706,69.49533,0.1825,2.085076649983724
5KPH_4_4_9_0_combined_id19,0.938515305519104,2.849428176879883,91.4161111111111,0.74,4,4,93.24625,0.8029084801673889,32.812706,69.49533,0.2017,1.974755393134223
5KPH_4_4_9_0_combined_id2,0.614641010761261,3.3801417350769043,93.5611111111111,0.79,4,4,93.24625,0.8029084801673889,32.812706,69.49533,0.1764,1.9388126797146268
5KPH_4_4_9_0_combined_id20,0.8849546909332275,2.751002073287964,89.42625000000001,0.71,4,4,93.24625,0.8029084801673889,32.812706,69.49533,0.1752,1.9888759189181853
5KPH_4_4_9_0_combined_id21,0.857792317867279,3.4627647399902344,91.95263888888888,0.76,4,4,93.24625,0.8029084801673889,32.812706,69.49533,0.1952,1.857165018717448
5KPH_4_4_9_0_combined_id22,0.8802086710929871,3.662381172180176,89.77666666666667,0.71,4,4,93.24625,0.8029084801673889,32.812706,69.49533,0.1737,2.0819180806477866
5KPH_4_4_9_0_combined_id23,0.6665488481521606,3.8504788875579834,93.82291666666669,0.8,4,4,93.24625,0.8029084801673889,32.812706,69.49533,0.193,2.234540303548177
5KPH_4_4_9_0_combined_id24,0.61133873462677,3.2490808963775635,93.50736111111112,0.78,4,4,93.24625,0.8029084801673889,32.812706,69.49533,0.1855,2.0333480834960938
5KPH_4_4_9_0_combined_id3,0.7857691049575806,3.164030075073242,95.17333333333332,0.81,4,4,93.24625,0.8029084801673889,32.812706,69.49533,0.1689,2.023174285888672
5KPH_4_4_9_0_combined_id4,2.038801908493042,2.295628786087036,92.84222222222222,0.77,4,4,93.24625,0.8029084801673889,32.812706,69.49533,0.1922,2.02024163140191
5KPH_4_4_9_0_combined_id5,1.806132435798645,3.1263930797576904,86.01930555555556,0.68,4,4,93.24625,0.8029084801673889,32.812706,69.49533,0.1648,2.137551837497288
5KPH_4_4_9_0_combined_id6,0.622582197189331,3.0604419708251953,89.94722222222222,0.72,4,4,93.24625,0.8029084801673889,32.812706,69.49533,0.1777,2.143803278605143
5KPH_4_4_9_0_combined_id8,0.7366067171096802,1.7101768255233765,87.93569444444444,0.71,4,4,93.24625,0.8029084801673889,32.812706,69.49533,0.1917,2.046685960557726
5KPH_4_4_9_0_combined_id9,0.6284812092781067,3.1977081298828125,94.76527777777778,0.8,4,4,93.24625,0.8029084801673889,32.812706,69.49533,0.1855,2.0099644131130643
5KPH_4_6_0_0_combined_id1,0.6582647562026978,3.7770726680755615,91.35333333333332,0.75,4,6,93.5148611111111,0.591726541519165,32.84183,69.67821,0.192,2.0186034308539496
5KPH_4_6_0_0_combined_id10,0.8023883104324341,3.580543041229248,92.58680555555556,0.78,4,6,93.5148611111111,0.591726541519165,32.84183,69.67821,0.1946,1.929728825887044
5KPH_4_6_0_0_combined_id11,1.7755008935928345,1.7553937435150146,86.92583333333334,0.66,4,6,93.5148611111111,0.591726541519165,32.84183,69.67821,0.168,2.235249413384332
5KPH_4_6_0_0_combined_id12,0.6651850938796997,4.001234531402588,94.41277777777776,0.81,4,6,93.5148611111111,0.591726541519165,32.84183,69.67821,0.1903,2.0029199388292103
5KPH_4_6_0_0_combined_id13,1.237574577331543,2.7883918285369873,89.05819444444445,0.72,4,6,93.5148611111111,0.591726541519165,32.84183,69.67821,0.1873,2.11006334092882
5KPH_4_6_0_0_combined_id14,0.941157877445221,4.2041096687316895,91.09111111111112,0.77,4,6,93.5148611111111,0.591726541519165,32.84183,69.67821,0.1703,2.025522655910916
5KPH_4_6_0_0_combined_id15,0.7707672119140625,3.637495756149292,88.23444444444443,0.68,4,6,93.5148611111111,0.591726541519165,32.84183,69.67821,0.1836,2.036624272664388
5KPH_4_6_0_0_combined_id17,0.7578546404838562,3.854806661605835,91.54861111111111,0.74,4,6,93.5148611111111,0.591726541519165,32.84183,69.67821,0.1811,1.9866186777750647
5KPH_4_6_0_0_combined_id18,0.7403536438941956,3.9268252849578857,93.89472222222224,0.8,4,6,93.5148611111111,0.591726541519165,32.84183,69.67821,0.1912,1.991192711724176
5KPH_4_6_0_0_combined_id19,1.1813486814498901,1.6650786399841309,85.11361111111111,0.64,4,6,93.5148611111111,0.591726541519165,32.84183,69.67821,0.1703,2.116426679823133
5KPH_4_6_0_0_combined_id2,1.1293145418167114,1.79002046585083,85.91069444444445,0.67,4,6,93.5148611111111,0.591726541519165,32.84183,69.67821,0.1627,2.1814757453070746
5KPH_4_6_0_0_combined_id21,1.0834850072860718,2.5110769271850586,84.82625,0.64,4,6,93.5148611111111,0.591726541519165,32.84183,69.67821,0.1751,2.1658609178331165
5KPH_4_6_0_0_combined_id22,0.8524234294891357,2.952087163925171,88.01152777777777,0.67,4,6,93.5148611111111,0.591726541519165,32.84183,69.67821,0.1851,2.030879126654731
5KPH_4_6_0_0_combined_id23,0.9597494006156921,2.9255237579345703,87.64083333333332,0.67,4,6,93.5148611111111,0.591726541519165,32.84183,69.67821,0.1872,2.037055969238281
5KPH_4_6_0_0_combined_id24,0.6828158497810364,4.144349575042725,94.53513888888888,0.81,4,6,93.5148611111111,0.591726541519165,32.84183,69.67821,0.2167,2.1591919793023004
5KPH_4_6_0_0_combined_id3,0.8105704188346863,2.561898708343506,90.19402777777776,0.72,4,6,93.5148611111111,0.591726541519165,32.84183,69.67821,0.1757,2.048581229315864
5KPH_4_6_0_0_combined_id4,0.7218050360679626,4.248587131500244,96.10513888888887,0.82,4,6,93.5148611111111,0.591726541519165,32.84183,69.67821,0.1862,2.119676378038194
5KPH_4_6_0_0_combined_id5,1.0396208763122559,2.347501516342163,88.94583333333334,0.72,4,6,93.5148611111111,0.591726541519165,32.84183,69.67821,0.2177,1.9363680945502384
5KPH_4_6_0_0_combined_id6,0.8161560893058777,3.588724136352539,89.59541666666668,0.7,4,6,93.5148611111111,0.591726541519165,32.84183,69.67821,0.1885,2.1693683200412326
5KPH_4_6_0_0_combined_id7,2.119582176208496,2.2518374919891357,86.92527777777778,0.67,4,6,93.5148611111111,0.591726541519165,32.84183,69.67821,0.1695,1.9088100857204864
5KPH_4_6_0_0_combined_id8,0.9214943647384644,2.9536983966827393,90.16527777777776,0.71,4,6,93.5148611111111,0.591726541519165,32.84183,69.67821,0.1861,1.795717027452257
5KPH_4_6_0_0_combined_id9,1.0478787422180176,2.9994735717773438,87.8273611111111,0.66,4,6,93.5148611111111,0.591726541519165,32.84183,69.67821,0.1776,1.970221625434028
5KPH_4_6_2_0_combined_id1,0.709966242313385,3.8734853267669678,95.27625000000002,0.82,4,6,90.17541666666664,0.7702733874320984,33.79516,69.842575,0.2102,1.9808981153700087
5KPH_4_6_2_0_combined_id10,1.0571304559707642,2.0286831855773926,86.83138888888888,0.68,4,6,90.17541666666664,0.7702733874320984,33.79516,69.842575,0.177,1.9347682529025607
5KPH_4_6_2_0_combined_id11,1.411036491394043,2.2383556365966797,90.78597222222224,0.76,4,6,90.17541666666664,0.7702733874320984,33.79516,69.842575,0.2285,1.923144234551324
5KPH_4_6_2_0_combined_id12,0.8494418859481812,2.4622561931610107,87.00416666666666,0.66,4,6,90.17541666666664,0.7702733874320984,33.79516,69.842575,0.1837,1.8368888431125217
5KPH_4_6_2_0_combined_id13,1.8868074417114258,1.8637081384658813,90.78472222222224,0.72,4,6,90.17541666666664,0.7702733874320984,33.79516,69.842575,0.1605,1.991719139946832
5KPH_4_6_2_0_combined_id14,0.9715710878372192,2.407691478729248,88.89361111111111,0.72,4,6,90.17541666666664,0.7702733874320984,33.79516,69.842575,0.1946,2.032853232489692
5KPH_4_6_2_0_combined_id15,0.8625330924987793,3.1842360496520996,92.0976388888889,0.77,4,6,90.17541666666664,0.7702733874320984,33.79516,69.842575,0.1717,2.0982708401150174
5KPH_4_6_2_0_combined_id16,0.7128819227218628,2.529752016067505,93.64125,0.8,4,6,90.17541666666664,0.7702733874320984,33.79516,69.842575,0.1917,1.9354356129964192
5KPH_4_6_2_0_combined_id17,0.719394326210022,3.4226131439208984,91.03986111111112,0.73,4,6,90.17541666666664,0.7702733874320984,33.79516,69.842575,0.1973,1.938688490125868
5KPH_4_6_2_0_combined_id18,0.8366751074790955,3.9854657649993896,92.51194444444444,0.76,4,6,90.17541666666664,0.7702733874320984,33.79516,69.842575,0.1765,2.0252456665039062
5KPH_4_6_2_0_combined_id19,1.6300817728042603,1.6451268196105957,86.30347222222221,0.69,4,6,90.17541666666664,0.7702733874320984,33.79516,69.842575,0.2106,2.0017000834147134
5KPH_4_6_2_0_combined_id2,0.6862512230873108,2.880697727203369,90.55861111111112,0.72,4,6,90.17541666666664,0.7702733874320984,33.79516,69.842575,0.1893,2.0161285400390625
5KPH_4_6_2_0_combined_id20,1.4556466341018677,2.0196685791015625,87.03652777777779,0.7,4,6,90.17541666666664,0.7702733874320984,33.79516,69.842575,0.2067,2.0724529690212674
5KPH_4_6_2_0_combined_id21,1.7008745670318604,4.336127281188965,91.38555555555554,0.72,4,6,90.17541666666664,0.7702733874320984,33.79516,69.842575,0.2037,2.220147450764974
5KPH_4_6_2_0_combined_id22,0.7973513007164001,3.1632673740386963,93.4426388888889,0.78,4,6,90.17541666666664,0.7702733874320984,33.79516,69.842575,0.1767,1.977260377671984
5KPH_4_6_2_0_combined_id23,1.7099961042404175,2.3691437244415283,91.26416666666668,0.75,4,6,90.17541666666664,0.7702733874320984,33.79516,69.842575,0.1816,2.260297563340929
5KPH_4_6_2_0_combined_id24,0.8661187887191772,2.7015111446380615,89.24513888888889,0.69,4,6,90.17541666666664,0.7702733874320984,33.79516,69.842575,0.1826,1.820196787516276
5KPH_4_6_2_0_combined_id3,1.431408405303955,2.147413730621338,90.64694444444444,0.74,4,6,90.17541666666664,0.7702733874320984,33.79516,69.842575,0.2003,1.982809066772461
5KPH_4_6_2_0_combined_id4,0.8008878231048584,3.928816795349121,92.4388888888889,0.78,4,6,90.17541666666664,0.7702733874320984,33.79516,69.842575,0.2122,1.9943250020345047
5KPH_4_6_2_0_combined_id5,0.9400030374526978,2.469362258911133,88.88708333333334,0.7,4,6,90.17541666666664,0.7702733874320984,33.79516,69.842575,0.1924,1.925765779283312
5KPH_4_6_2_0_combined_id6,0.9922135472297668,3.5006039142608643,92.68277777777776,0.78,4,6,90.17541666666664,0.7702733874320984,33.79516,69.842575,0.1783,2.1466170416937933
5KPH_4_6_2_0_combined_id7,1.5200093984603882,2.0853142738342285,88.28,0.7,4,6,90.17541666666664,0.7702733874320984,33.79516,69.842575,0.1836,1.9427774217393663
5KPH_4_6_2_0_combined_id8,0.9039601683616638,2.619542121887207,89.55125000000001,0.71,4,6,90.17541666666664,0.7702733874320984,33.79516,69.842575,0.1845,1.9633577134874127
5KPH_4_6_2_0_combined_id9,0.8178507089614868,3.717674970626831,96.18263888888887,0.83,4,6,90.17541666666664,0.7702733874320984,33.79516,69.842575,0.1939,2.0908141665988498
5KPH_4_6_3_0_combined_id1,0.5754210352897644,4.043276309967041,95.6459722222222,0.83,4,6,91.2147222222222,0.906125009059906,32.9714,70.57439,0.2106,2.059693654378256
5KPH_4_6_3_0_combined_id11,0.7765004634857178,3.7818751335144043,91.69430555555556,0.76,4,6,91.2147222222222,0.906125009059906,32.9714,70.57439,0.1909,1.9420700073242188
5KPH_4_6_3_0_combined_id12,1.1454452276229858,1.8296782970428467,86.08736111111111,0.66,4,6,91.2147222222222,0.906125009059906,32.9714,70.57439,0.1611,2.0800382826063366
5KPH_4_6_3_0_combined_id13,1.7552767992019653,2.2800161838531494,90.81736111111113,0.74,4,6,91.2147222222222,0.906125009059906,32.9714,70.57439,0.2149,1.9969590504964192
5KPH_4_6_3_0_combined_id14,0.8673966526985168,2.8290603160858154,89.97347222222223,0.7,4,6,91.2147222222222,0.906125009059906,32.9714,70.57439,0.2033,1.9409654405381944
5KPH_4_6_3_0_combined_id15,1.0170964002609253,2.6269924640655518,92.25958333333334,0.77,4,6,91.2147222222222,0.906125009059906,32.9714,70.57439,0.1737,1.925000508626302
5KPH_4_6_3_0_combined_id16,0.7441208958625793,3.6251745223999023,86.05055555555555,0.65,4,6,91.2147222222222,0.906125009059906,32.9714,70.57439,0.1929,1.993824428982205
5KPH_4_6_3_0_combined_id17,0.5355502367019653,3.9656755924224854,92.35388888888887,0.77,4,6,91.2147222222222,0.906125009059906,32.9714,70.57439,0.1987,2.0815063052707248
5KPH_4_6_3_0_combined_id18,1.0275845527648926,3.622302293777466,93.5163888888889,0.79,4,6,91.2147222222222,0.906125009059906,32.9714,70.57439,0.1557,2.2609320746527777
5KPH_4_6_3_0_combined_id19,0.7942306399345398,2.49033522605896,87.79722222222222,0.7,4,6,91.2147222222222,0.906125009059906,32.9714,70.57439,0.1706,2.0341466267903647
5KPH_4_6_3_0_combined_id2,1.032044768333435,3.5729687213897705,89.45416666666667,0.73,4,6,91.2147222222222,0.906125009059906,32.9714,70.57439,0.1776,1.9430050320095489
5KPH_4_6_3_0_combined_id20,1.0253145694732666,2.8069889545440674,85.60027777777778,0.66,4,6,91.2147222222222,0.906125009059906,32.9714,70.57439,0.1756,2.1189554002549915
5KPH_4_6_3_0_combined_id21,0.733637809753418,3.6448051929473877,95.5127777777778,0.82,4,6,91.2147222222222,0.906125009059906,32.9714,70.57439,0.2039,2.1789088779025607
5KPH_4_6_3_0_combined_id22,2.0455055236816406,2.7031102180480957,81.98625,0.62,4,6,91.2147222222222,0.906125009059906,32.9714,70.57439,0.1632,2.256469302707248
5KPH_4_6_3_0_combined_id23,0.7168303728103638,2.851051092147827,92.32138888888888,0.74,4,6,91.2147222222222,0.906125009059906,32.9714,70.57439,0.1999,1.816066318088108
5KPH_4_6_3_0_combined_id24,0.58353590965271,3.336033821105957,92.98305555555557,0.77,4,6,91.2147222222222,0.906125009059906,32.9714,70.57439,0.1939,2.0490275488959417
5KPH_4_6_3_0_combined_id3,0.7634939551353455,2.824388265609741,92.4090277777778,0.75,4,6,91.2147222222222,0.906125009059906,32.9714,70.57439,0.2007,1.902601453993056
5KPH_4_6_3_0_combined_id4,1.0464154481887817,2.6387438774108887,93.6225,0.79,4,6,91.2147222222222,0.906125009059906,32.9714,70.57439,0.212,2.0784064398871527
5KPH_4_6_3_0_combined_id5,0.9704907536506653,3.892343759536743,87.60472222222222,0.67,4,6,91.2147222222222,0.906125009059906,32.9714,70.57439,0.1865,2.0360094706217446
5KPH_4_6_3_0_combined_id6,0.8649234771728516,3.845885753631592,91.91513888888888,0.78,4,6,91.2147222222222,0.906125009059906,32.9714,70.57439,0.1744,2.04054938422309
5KPH_4_6_3_0_combined_id7,0.8885708451271057,2.7789952754974365,90.64819444444444,0.7,4,6,91.2147222222222,0.906125009059906,32.9714,70.57439,0.2178,1.937673780653212
5KPH_4_6_3_0_combined_id8,0.8615529537200928,3.7822468280792236,90.90013888888888,0.75,4,6,91.2147222222222,0.906125009059906,32.9714,70.57439,0.1854,1.854747348361545
5KPH_4_6_3_0_combined_id9,0.7321141362190247,4.2303595542907715,94.19791666666669,0.79,4,6,91.2147222222222,0.906125009059906,32.9714,70.57439,0.1869,1.943794674343533
5KPH_4_6_4_0_combined_id1,0.9249767661094666,4.416594505310059,89.10277777777777,0.71,4,6,90.61069444444443,0.7128545045852661,32.34218,68.47058,0.1858,1.811282263861762
5KPH_4_6_4_0_combined_id10,0.8398206233978271,4.124033451080322,89.41597222222222,0.69,4,6,90.61069444444443,0.7128545045852661,32.34218,68.47058,0.2225,1.6395525402492948
5KPH_4_6_4_0_combined_id11,0.795622706413269,4.107296943664551,93.59541666666668,0.79,4,6,90.61069444444443,0.7128545045852661,32.34218,68.47058,0.2001,1.8336753845214844
5KPH_4_6_4_0_combined_id12,0.766491174697876,4.192363739013672,92.11027777777778,0.77,4,6,90.61069444444443,0.7128545045852661,32.34218,68.47058,0.1893,1.872783448961046
5KPH_4_6_4_0_combined_id13,0.7873081564903259,3.7724742889404297,92.06833333333331,0.74,4,6,90.61069444444443,0.7128545045852661,32.34218,68.47058,0.2079,1.7182790968153212
5KPH_4_6_4_0_combined_id14,0.6723766326904297,2.5620572566986084,94.63138888888888,0.8,4,6,90.61069444444443,0.7128545045852661,32.34218,68.47058,0.1979,1.8262110816107853
5KPH_4_6_4_0_combined_id15,0.8439915776252747,3.320068597793579,92.45861111111113,0.76,4,6,90.61069444444443,0.7128545045852661,32.34218,68.47058,0.2204,2.0120196872287326
5KPH_4_6_4_0_combined_id16,0.9117491245269775,3.0365829467773438,86.50680555555556,0.68,4,6,90.61069444444443,0.7128545045852661,32.34218,68.47058,0.1963,1.8213310241699217
5KPH_4_6_4_0_combined_id17,0.6776415705680847,3.618229866027832,92.2225,0.77,4,6,90.61069444444443,0.7128545045852661,32.34218,68.47058,0.1975,1.928580602010091
5KPH_4_6_4_0_combined_id18,0.7695995569229126,4.308584213256836,92.3827777777778,0.74,4,6,90.61069444444443,0.7128545045852661,32.34218,68.47058,0.2206,1.8116349114312067
5KPH_4_6_4_0_combined_id19,0.7922772765159607,4.083856582641602,91.88430555555556,0.75,4,6,90.61069444444443,0.7128545045852661,32.34218,68.47058,0.209,1.6714816623263888
5KPH_4_6_4_0_combined_id2,0.7462931871414185,4.098214149475098,95.79138888888887,0.82,4,6,90.61069444444443,0.7128545045852661,32.34218,68.47058,0.1779,2.127075619167752
5KPH_4_6_4_0_combined_id20,0.7626716494560242,3.656315803527832,90.3425,0.74,4,6,90.61069444444443,0.7128545045852661,32.34218,68.47058,0.2033,2.101559321085612
5KPH_4_6_4_0_combined_id21,0.7412300705909729,4.294909954071045,93.15166666666669,0.78,4,6,90.61069444444443,0.7128545045852661,32.34218,68.47058,0.1857,1.859354231092665
5KPH_4_6_4_0_combined_id22,0.9089598059654236,2.8964829444885254,87.1986111111111,0.68,4,6,90.61069444444443,0.7128545045852661,32.34218,68.47058,0.1666,1.947089936998156
5KPH_4_6_4_0_combined_id23,2.864406108856201,1.9791380167007446,84.43819444444443,0.63,4,6,90.61069444444443,0.7128545045852661,32.34218,68.47058,0.1769,2.167231453789605
5KPH_4_6_4_0_combined_id24,0.8735855221748352,4.027791976928711,89.82166666666666,0.71,4,6,90.61069444444443,0.7128545045852661,32.34218,68.47058,0.1917,1.8216306898329
5KPH_4_6_4_0_combined_id3,0.9320199489593506,2.7289226055145264,84.73902777777776,0.64,4,6,90.61069444444443,0.7128545045852661,32.34218,68.47058,0.1815,2.034796608818902
5KPH_4_6_4_0_combined_id4,0.7470740079879761,4.252795696258545,93.1159722222222,0.78,4,6,90.61069444444443,0.7128545045852661,32.34218,68.47058,0.2011,1.862958484225803
5KPH_4_6_4_0_combined_id5,0.7216025590896606,3.2333621978759766,89.6725,0.73,4,6,90.61069444444443,0.7128545045852661,32.34218,68.47058,0.1584,2.172062767876519
5KPH_4_6_4_0_combined_id6,0.647595226764679,4.133843421936035,92.96694444444444,0.78,4,6,90.61069444444443,0.7128545045852661,32.34218,68.47058,0.1792,1.9942326015896268
5KPH_4_6_4_0_combined_id7,1.7292436361312866,4.280594825744629,93.13513888888887,0.8,4,6,90.61069444444443,0.7128545045852661,32.34218,68.47058,0.1855,2.153750525580512
5KPH_4_6_4_0_combined_id8,0.9938596487045288,2.5042219161987305,87.44027777777778,0.68,4,6,90.61069444444443,0.7128545045852661,32.34218,68.47058,0.2021,1.7986840142144098
5KPH_4_6_4_0_combined_id9,0.6722187399864197,3.905442237854004,93.1336111111111,0.8,4,6,90.61069444444443,0.7128545045852661,32.34218,68.47058,0.1682,2.144940270317925
5KPH_4_6_5_0_combined_id1,0.6649165153503418,3.734898328781128,93.50819444444444,0.77,4,6,93.75638888888888,0.698773205280304,33.09517,71.1016,0.1919,2.0227847629123263
5KPH_4_6_5_0_combined_id10,0.7072317600250244,2.0939478874206543,92.07166666666666,0.75,4,6,93.75638888888888,0.698773205280304,33.09517,71.1016,0.2026,2.024905522664388
5KPH_4_6_5_0_combined_id11,1.5860204696655273,3.2728705406188965,88.0476388888889,0.7,4,6,93.75638888888888,0.698773205280304,33.09517,71.1016,0.1632,2.075048234727648
5KPH_4_6_5_0_combined_id12,0.589562714099884,3.939385175704956,95.42625,0.81,4,6,93.75638888888888,0.698773205280304,33.09517,71.1016,0.205,2.1922391255696616
5KPH_4_6_5_0_combined_id13,1.0752084255218506,2.078174114227295,90.01708333333333,0.72,4,6,93.75638888888888,0.698773205280304,33.09517,71.1016,0.2016,2.111748801337348
5KPH_4_6_5_0_combined_id14,0.6859034299850464,3.919487237930298,92.79861111111111,0.78,4,6,93.75638888888888,0.698773205280304,33.09517,71.1016,0.2214,2.01249737209744
5KPH_4_6_5_0_combined_id15,0.9777008295059204,3.621412515640259,86.44958333333334,0.69,4,6,93.75638888888888,0.698773205280304,33.09517,71.1016,0.2061,1.964414808485243
5KPH_4_6_5_0_combined_id16,0.7057527303695679,3.8445425033569336,94.30902777777776,0.79,4,6,93.75638888888888,0.698773205280304,33.09517,71.1016,0.1931,1.9395256042480469
5KPH_4_6_5_0_combined_id17,0.6782848834991455,3.6013407707214355,93.31291666666668,0.79,4,6,93.75638888888888,0.698773205280304,33.09517,71.1016,0.2239,1.9782290988498263
5KPH_4_6_5_0_combined_id18,0.7021096348762512,4.019272327423096,94.40375,0.79,4,6,93.75638888888888,0.698773205280304,33.09517,71.1016,0.2,2.1251538594563804
5KPH_4_6_5_0_combined_id19,1.1256743669509888,2.6958372592926025,90.2925,0.73,4,6,93.75638888888888,0.698773205280304,33.09517,71.1016,0.1974,2.1346653832329645
5KPH_4_6_5_0_combined_id2,0.6496817469596863,4.028261184692383,95.61569444444444,0.8,4,6,93.75638888888888,0.698773205280304,33.09517,71.1016,0.1925,1.9863700866699217
5KPH_4_6_5_0_combined_id20,2.1528916358947754,1.7249324321746826,89.69097222222223,0.72,4,6,93.75638888888888,0.698773205280304,33.09517,71.1016,0.1728,2.265828238593208
5KPH_4_6_5_0_combined_id21,0.7005711793899536,4.0125017166137695,91.66083333333331,0.76,4,6,93.75638888888888,0.698773205280304,33.09517,71.1016,0.1904,1.8811641269259984
5KPH_4_6_5_0_combined_id22,1.490522027015686,1.8521087169647217,89.57736111111112,0.73,4,6,93.75638888888888,0.698773205280304,33.09517,71.1016,0.2067,2.101832071940104
5KPH_4_6_5_0_combined_id23,0.633701503276825,4.0774149894714355,93.29708333333332,0.79,4,6,93.75638888888888,0.698773205280304,33.09517,71.1016,0.1896,1.9981532626681853
5KPH_4_6_5_0_combined_id24,0.7936198711395264,2.1919872760772705,94.38625,0.8,4,6,93.75638888888888,0.698773205280304,33.09517,71.1016,0.1992,1.9874969058566625
5KPH_4_6_5_0_combined_id4,0.590327262878418,3.477820873260498,87.28958333333334,0.69,4,6,93.75638888888888,0.698773205280304,33.09517,71.1016,0.1878,2.008346345689562
5KPH_4_6_5_0_combined_id5,1.4217013120651245,2.439939022064209,85.43833333333333,0.67,4,6,93.75638888888888,0.698773205280304,33.09517,71.1016,0.1798,2.130346722073025
5KPH_4_6_5_0_combined_id6,0.6834062933921814,2.2991347312927246,93.36,0.79,4,6,93.75638888888888,0.698773205280304,33.09517,71.1016,0.1802,2.093573252360026
5KPH_4_6_5_0_combined_id7,0.6342544555664062,3.9924838542938232,94.37430555555557,0.81,4,6,93.75638888888888,0.698773205280304,33.09517,71.1016,0.1819,2.179233127170139
5KPH_4_6_5_0_combined_id8,0.901547908782959,2.821329355239868,89.76513888888888,0.76,4,6,93.75638888888888,0.698773205280304,33.09517,71.1016,0.1895,2.0507096184624567
5KPH_4_6_5_0_combined_id9,0.5911797285079956,3.398625135421753,93.8525,0.8,4,6,93.75638888888888,0.698773205280304,33.09517,71.1016,0.201,2.224956936306424
5KPH_4_6_6_0_combined_id1,0.6857244968414307,1.1233668327331543,91.92875,0.75,4,6,94.79263888888887,0.5399631261825562,32.26274,69.57843,0.179,2.161346859402127
5KPH_4_6_6_0_combined_id10,0.8157487511634827,3.887500524520874,89.70472222222222,0.7,4,6,94.79263888888887,0.5399631261825562,32.26274,69.57843,0.1738,2.012254079182943
5KPH_4_6_6_0_combined_id11,0.8063384890556335,4.181615352630615,93.15166666666669,0.79,4,6,94.79263888888887,0.5399631261825562,32.26274,69.57843,0.1859,1.9804015689426
5KPH_4_6_6_0_combined_id12,0.6738513112068176,4.134645462036133,96.44819444444444,0.84,4,6,94.79263888888887,0.5399631261825562,32.26274,69.57843,0.2129,2.062208811442057
5KPH_4_6_6_0_combined_id13,0.7772563099861145,2.2556238174438477,91.6834722222222,0.71,4,6,94.79263888888887,0.5399631261825562,32.26274,69.57843,0.1851,1.8718891143798828
5KPH_4_6_6_0_combined_id15,0.9630922079086304,4.107821941375732,88.43652777777778,0.7,4,6,94.79263888888887,0.5399631261825562,32.26274,69.57843,0.1678,2.1617616017659507
5KPH_4_6_6_0_combined_id16,1.3334931135177612,2.535900115966797,87.50666666666666,0.69,4,6,94.79263888888887,0.5399631261825562,32.26274,69.57843,0.1863,2.056847254435221
5KPH_4_6_6_0_combined_id17,0.9198885560035706,3.183133363723755,93.32791666666668,0.78,4,6,94.79263888888887,0.5399631261825562,32.26274,69.57843,0.195,1.9048402574327257
5KPH_4_6_6_0_combined_id18,0.7213346362113953,4.239904403686523,94.53805555555556,0.8,4,6,94.79263888888887,0.5399631261825562,32.26274,69.57843,0.1723,2.0319362216525607
5KPH_4_6_6_0_combined_id19,0.7049362659454346,3.9569034576416016,94.87569444444443,0.81,4,6,94.79263888888887,0.5399631261825562,32.26274,69.57843,0.2113,2.000733057657877
5KPH_4_6_6_0_combined_id2,0.6280890703201294,4.119207382202148,96.04375,0.81,4,6,94.79263888888887,0.5399631261825562,32.26274,69.57843,0.2034,1.961804919772678
5KPH_4_6_6_0_combined_id20,0.6684208512306213,4.194585800170898,93.6073611111111,0.78,4,6,94.79263888888887,0.5399631261825562,32.26274,69.57843,0.1849,2.293250401814779
5KPH_4_6_6_0_combined_id21,1.4399281740188599,3.3904857635498047,85.97111111111111,0.67,4,6,94.79263888888887,0.5399631261825562,32.26274,69.57843,0.159,2.120418972439236
5KPH_4_6_6_0_combined_id22,0.9342020750045776,3.733919858932495,94.23819444444445,0.79,4,6,94.79263888888887,0.5399631261825562,32.26274,69.57843,0.2044,2.1651632520887585
5KPH_4_6_6_0_combined_id23,0.6618459820747375,4.004134654998779,93.55541666666666,0.79,4,6,94.79263888888887,0.5399631261825562,32.26274,69.57843,0.1864,1.920999738905165
5KPH_4_6_6_0_combined_id24,0.8016887307167053,1.8007460832595825,87.29263888888889,0.69,4,6,94.79263888888887,0.5399631261825562,32.26274,69.57843,0.1963,1.912443372938368
5KPH_4_6_6_0_combined_id3,0.7055051922798157,3.3327860832214355,89.75041666666667,0.7,4,6,94.79263888888887,0.5399631261825562,32.26274,69.57843,0.1838,2.044706556532118
5KPH_4_6_6_0_combined_id4,1.1536247730255127,2.4563920497894287,86.55208333333333,0.66,4,6,94.79263888888887,0.5399631261825562,32.26274,69.57843,0.1856,1.94075690375434
5KPH_4_6_6_0_combined_id6,0.615217924118042,3.991056442260742,93.74291666666666,0.79,4,6,94.79263888888887,0.5399631261825562,32.26274,69.57843,0.1902,2.06634267171224
5KPH_4_6_6_0_combined_id7,0.8381420969963074,2.242579698562622,88.80430555555556,0.73,4,6,94.79263888888887,0.5399631261825562,32.26274,69.57843,0.1763,2.029471503363715
5KPH_4_6_6_0_combined_id8,0.6594445705413818,2.4984641075134277,91.97625,0.76,4,6,94.79263888888887,0.5399631261825562,32.26274,69.57843,0.1829,2.0030449761284723
5KPH_4_6_7_0_combined_id1,0.6752126216888428,3.97448992729187,95.69958333333336,0.81,4,6,93.42305555555556,0.7644648551940918,33.366425,70.17609,0.1899,2.09078852335612
5KPH_4_6_7_0_combined_id10,2.6567094326019287,2.178609609603882,91.3872222222222,0.67,4,6,93.42305555555556,0.7644648551940918,33.366425,70.17609,0.197,2.0598360697428384
5KPH_4_6_7_0_combined_id11,0.9616901874542236,3.422630786895752,87.67944444444444,0.71,4,6,93.42305555555556,0.7644648551940918,33.366425,70.17609,0.1976,1.8536029391818576
5KPH_4_6_7_0_combined_id14,0.6334899067878723,3.9211127758026123,91.50458333333331,0.75,4,6,93.42305555555556,0.7644648551940918,33.366425,70.17609,0.1864,2.054125044080946
5KPH_4_6_7_0_combined_id15,1.1081898212432861,3.6310367584228516,86.95416666666667,0.65,4,6,93.42305555555556,0.7644648551940918,33.366425,70.17609,0.2015,1.7320199542575412
5KPH_4_6_7_0_combined_id16,1.1536259651184082,2.884380578994751,93.00986111111112,0.78,4,6,93.42305555555556,0.7644648551940918,33.366425,70.17609,0.2079,2.004368676079644
5KPH_4_6_7_0_combined_id17,0.6569808125495911,4.308870792388916,94.35972222222222,0.8,4,6,93.42305555555556,0.7644648551940918,33.366425,70.17609,0.2001,1.9913243187798395
5KPH_4_6_7_0_combined_id18,0.6958813667297363,3.452700138092041,93.6463888888889,0.78,4,6,93.42305555555556,0.7644648551940918,33.366425,70.17609,0.1751,2.1020550198025174
5KPH_4_6_7_0_combined_id19,1.2713143825531006,2.207590341567993,86.54097222222222,0.69,4,6,93.42305555555556,0.7644648551940918,33.366425,70.17609,0.2121,1.908051596747504
5KPH_4_6_7_0_combined_id2,0.740135908126831,4.315682888031006,95.63027777777776,0.82,4,6,93.42305555555556,0.7644648551940918,33.366425,70.17609,0.2341,2.0092764960394964
5KPH_4_6_7_0_combined_id20,1.0530263185501099,2.5867834091186523,86.66555555555556,0.66,4,6,93.42305555555556,0.7644648551940918,33.366425,70.17609,0.1966,1.796690199110243
5KPH_4_6_7_0_combined_id21,1.7965645790100098,1.9830158948898315,85.86222222222221,0.65,4,6,93.42305555555556,0.7644648551940918,33.366425,70.17609,0.1995,1.952643076578776
5KPH_4_6_7_0_combined_id22,0.7443214058876038,3.731597661972046,89.18111111111111,0.71,4,6,93.42305555555556,0.7644648551940918,33.366425,70.17609,0.1878,2.077685250176324
5KPH_4_6_7_0_combined_id23,2.240440607070923,1.9333078861236572,93.09333333333332,0.74,4,6,93.42305555555556,0.7644648551940918,33.366425,70.17609,0.1781,2.094241248236762
5KPH_4_6_7_0_combined_id24,2.0886802673339844,2.0836617946624756,95.31305555555556,0.8,4,6,93.42305555555556,0.7644648551940918,33.366425,70.17609,0.1973,1.9236376020643449
5KPH_4_6_7_0_combined_id3,1.9870927333831787,2.0192463397979736,88.02472222222224,0.67,4,6,93.42305555555556,0.7644648551940918,33.366425,70.17609,0.1981,1.78969234890408
5KPH_4_6_7_0_combined_id4,2.1800825595855713,2.0572943687438965,89.78430555555556,0.68,4,6,93.42305555555556,0.7644648551940918,33.366425,70.17609,0.1852,1.982701619466145
5KPH_4_6_7_0_combined_id5,1.4858806133270264,2.0913751125335693,90.30430555555556,0.72,4,6,93.42305555555556,0.7644648551940918,33.366425,70.17609,0.17,2.012234369913737
5KPH_4_6_7_0_combined_id6,0.8475753664970398,3.002112627029419,89.12611111111111,0.69,4,6,93.42305555555556,0.7644648551940918,33.366425,70.17609,0.1805,2.1099459330240884
5KPH_4_6_7_0_combined_id7,0.8757718801498413,3.4780941009521484,86.96138888888888,0.64,4,6,93.42305555555556,0.7644648551940918,33.366425,70.17609,0.2004,1.964025709364149
5KPH_4_6_7_0_combined_id8,0.8329318761825562,4.171907901763916,91.86791666666666,0.76,4,6,93.42305555555556,0.7644648551940918,33.366425,70.17609,0.1972,1.925940195719401
5KPH_4_6_7_0_combined_id9,1.6445335149765015,2.1855711936950684,87.65847222222222,0.69,4,6,93.42305555555556,0.7644648551940918,33.366425,70.17609,0.1928,2.003662109375
5KPH_4_6_8_0_combined_id1,1.0861247777938843,2.5994138717651367,87.68444444444444,0.72,4,6,90.76375,0.7531397342681885,31.78957,67.43025,0.2052,1.872608608669705
5KPH_4_6_8_0_combined_id10,0.7577738165855408,2.680959463119507,90.60152777777778,0.72,4,6,90.76375,0.7531397342681885,31.78957,67.43025,0.1869,1.8411723242865667
5KPH_4_6_8_0_combined_id11,0.9301273226737976,2.3311173915863037,86.68833333333333,0.69,4,6,90.76375,0.7531397342681885,31.78957,67.43025,0.2243,2.156250423855252
5KPH_4_6_8_0_combined_id12,0.9244716763496399,2.54236102104187,87.81013888888889,0.67,4,6,90.76375,0.7531397342681885,31.78957,67.43025,0.2028,1.9034911261664496
5KPH_4_6_8_0_combined_id13,0.8472261428833008,2.167999505996704,87.7825,0.7,4,6,90.76375,0.7531397342681885,31.78957,67.43025,0.1623,2.059255811903212
5KPH_4_6_8_0_combined_id14,0.6675711870193481,2.1300172805786133,92.93652777777778,0.76,4,6,90.76375,0.7531397342681885,31.78957,67.43025,0.182,1.8727467854817708
5KPH_4_6_8_0_combined_id15,2.2186336517333984,1.8944687843322754,90.54444444444444,0.75,4,6,90.76375,0.7531397342681885,31.78957,67.43025,0.1665,2.0613492329915366
5KPH_4_6_8_0_combined_id16,1.5566622018814087,2.351243019104004,92.05694444444444,0.76,4,6,90.76375,0.7531397342681885,31.78957,67.43025,0.224,1.8499488830566408
5KPH_4_6_8_0_combined_id17,0.7872565984725952,2.1962451934814453,89.73833333333333,0.71,4,6,90.76375,0.7531397342681885,31.78957,67.43025,0.1906,1.878490024142795
5KPH_4_6_8_0_combined_id18,0.7465831637382507,3.2548646926879883,87.85249999999999,0.71,4,6,90.76375,0.7531397342681885,31.78957,67.43025,0.1937,2.0645885467529297
5KPH_4_6_8_0_combined_id19,1.0117981433868408,2.2501182556152344,89.88319444444444,0.72,4,6,90.76375,0.7531397342681885,31.78957,67.43025,0.1946,2.0163921780056424
5KPH_4_6_8_0_combined_id2,1.0085369348526,2.148594379425049,94.4034722222222,0.8,4,6,90.76375,0.7531397342681885,31.78957,67.43025,0.2155,2.011529710557726
5KPH_4_6_8_0_combined_id20,0.5964381694793701,3.1059839725494385,90.48083333333336,0.72,4,6,90.76375,0.7531397342681885,31.78957,67.43025,0.1747,2.0245399475097656
5KPH_4_6_8_0_combined_id21,0.8355590105056763,3.9484217166900635,96.0163888888889,0.83,4,6,90.76375,0.7531397342681885,31.78957,67.43025,0.189,2.131980472140842
5KPH_4_6_8_0_combined_id22,0.8129708170890808,4.086118698120117,92.44138888888888,0.78,4,6,90.76375,0.7531397342681885,31.78957,67.43025,0.1882,2.0148946974012585
5KPH_4_6_8_0_combined_id23,1.4934850931167603,2.1383745670318604,86.61319444444445,0.69,4,6,90.76375,0.7531397342681885,31.78957,67.43025,0.1817,1.8834747738308373
5KPH_4_6_8_0_combined_id24,0.7356206178665161,2.5006868839263916,91.67375,0.75,4,6,90.76375,0.7531397342681885,31.78957,67.43025,0.1808,1.9611023796929248
5KPH_4_6_8_0_combined_id3,0.805524468421936,2.729210376739502,87.96666666666667,0.71,4,6,90.76375,0.7531397342681885,31.78957,67.43025,0.2092,2.0798878139919705
5KPH_4_6_8_0_combined_id4,0.9526649713516235,2.773592472076416,86.81888888888889,0.67,4,6,90.76375,0.7531397342681885,31.78957,67.43025,0.1892,1.954266866048177
5KPH_4_6_8_0_combined_id5,0.9402571320533752,3.113896608352661,86.54319444444444,0.67,4,6,90.76375,0.7531397342681885,31.78957,67.43025,0.189,2.001356336805556
5KPH_4_6_8_0_combined_id6,2.468050003051758,1.7109436988830566,94.66333333333334,0.77,4,6,90.76375,0.7531397342681885,31.78957,67.43025,0.1998,1.8487461937798395
5KPH_4_6_8_0_combined_id7,0.672191321849823,3.969787359237671,93.13069444444444,0.78,4,6,90.76375,0.7531397342681885,31.78957,67.43025,0.1871,1.7946427663167317
5KPH_4_6_8_0_combined_id8,1.145814299583435,2.482405662536621,88.48888888888888,0.71,4,6,90.76375,0.7531397342681885,31.78957,67.43025,0.1725,1.8972837660047743
5KPH_4_6_8_0_combined_id9,1.7557374238967896,2.2088303565979004,84.195,0.63,4,6,90.76375,0.7531397342681885,31.78957,67.43025,0.1695,1.914476818508572
5KPH_4_6_9_0_combined_id1,0.8295023441314697,2.9162402153015137,89.2623611111111,0.71,4,6,92.04666666666668,0.9984837174415588,33.094845,70.57765,0.1639,2.200163311428494
5KPH_4_6_9_0_combined_id10,0.8282850384712219,3.454056978225708,89.79263888888889,0.73,4,6,92.04666666666668,0.9984837174415588,33.094845,70.57765,0.1729,2.08906979031033
5KPH_4_6_9_0_combined_id11,0.6432588696479797,3.6691572666168213,91.95722222222224,0.76,4,6,92.04666666666668,0.9984837174415588,33.094845,70.57765,0.1964,2.105261696709527
5KPH_4_6_9_0_combined_id12,0.6960713863372803,3.6956138610839844,90.34333333333332,0.75,4,6,92.04666666666668,0.9984837174415588,33.094845,70.57765,0.167,2.2668062845865884
5KPH_4_6_9_0_combined_id13,0.6641554832458496,3.8228752613067627,94.76013888888887,0.82,4,6,92.04666666666668,0.9984837174415588,33.094845,70.57765,0.1987,2.2519734700520835
5KPH_4_6_9_0_combined_id14,0.6952019333839417,3.822049379348755,94.84486111111111,0.8,4,6,92.04666666666668,0.9984837174415588,33.094845,70.57765,0.2073,1.9741651746961808
5KPH_4_6_9_0_combined_id15,0.8448262810707092,3.1398727893829346,91.01055555555556,0.74,4,6,92.04666666666668,0.9984837174415588,33.094845,70.57765,0.2124,2.1561932033962674
5KPH_4_6_9_0_combined_id17,0.8465398550033569,1.9621953964233398,91.4661111111111,0.75,4,6,92.04666666666668,0.9984837174415588,33.094845,70.57765,0.1945,1.9820045895046656
5KPH_4_6_9_0_combined_id18,0.9523640275001526,3.0265536308288574,88.64125,0.7,4,6,92.04666666666668,0.9984837174415588,33.094845,70.57765,0.1779,1.9210378858778208
5KPH_4_6_9_0_combined_id19,0.5988735556602478,3.7474753856658936,95.29097222222222,0.81,4,6,92.04666666666668,0.9984837174415588,33.094845,70.57765,0.2146,2.265989515516493
5KPH_4_6_9_0_combined_id2,1.0175713300704956,2.9728171825408936,86.00444444444445,0.68,4,6,92.04666666666668,0.9984837174415588,33.094845,70.57765,0.155,2.171874576144748
5KPH_4_6_9_0_combined_id20,0.6711759567260742,3.7781195640563965,94.57430555555555,0.81,4,6,92.04666666666668,0.9984837174415588,33.094845,70.57765,0.1815,2.083065880669488
5KPH_4_6_9_0_combined_id21,0.724287211894989,3.2866663932800293,91.7922222222222,0.76,4,6,92.04666666666668,0.9984837174415588,33.094845,70.57765,0.1908,2.2138144175211587
5KPH_4_6_9_0_combined_id22,1.027658224105835,2.1825568675994873,89.58319444444444,0.74,4,6,92.04666666666668,0.9984837174415588,33.094845,70.57765,0.1946,2.2211986117892795
5KPH_4_6_9_0_combined_id23,1.5913037061691284,2.191260814666748,87.46083333333333,0.69,4,6,92.04666666666668,0.9984837174415588,33.094845,70.57765,0.1528,2.1244574652777777
5KPH_4_6_9_0_combined_id24,2.5411555767059326,3.0426528453826904,85.0411111111111,0.7,4,6,92.04666666666668,0.9984837174415588,33.094845,70.57765,0.1594,2.1791002485487194
5KPH_4_6_9_0_combined_id3,0.6738815903663635,3.197282314300537,93.55722222222224,0.77,4,6,92.04666666666668,0.9984837174415588,33.094845,70.57765,0.1881,1.977346632215712
5KPH_4_6_9_0_combined_id4,0.7320181727409363,4.025143146514893,93.2336111111111,0.79,4,6,92.04666666666668,0.9984837174415588,33.094845,70.57765,0.1723,2.289714813232422
5KPH_4_6_9_0_combined_id5,0.8792188763618469,2.9007768630981445,91.09305555555557,0.74,4,6,92.04666666666668,0.9984837174415588,33.094845,70.57765,0.1817,1.953257454766168
5KPH_4_6_9_0_combined_id6,0.8401710391044617,1.905666708946228,89.31208333333333,0.75,4,6,92.04666666666668,0.9984837174415588,33.094845,70.57765,0.1912,2.0930468241373696
5KPH_4_6_9_0_combined_id7,0.7147776484489441,3.9126193523406982,92.91430555555556,0.78,4,6,92.04666666666668,0.9984837174415588,33.094845,70.57765,0.1809,2.129600524902344
5KPH_4_6_9_0_combined_id8,0.6911491751670837,3.6425161361694336,94.06083333333332,0.8,4,6,92.04666666666668,0.9984837174415588,33.094845,70.57765,0.2016,1.904978434244792
5KPH_4_8_0_0_combined_id1,0.8730342388153076,4.285584926605225,92.5284722222222,0.77,4,8,94.25180555555556,0.6593825221061707,33.723526,69.16437,0.2087,1.8001876407199435
5KPH_4_8_0_0_combined_id10,2.0920135974884033,2.063624382019043,91.995,0.75,4,8,94.25180555555556,0.6593825221061707,33.723526,69.16437,0.1964,1.9149578942192929
5KPH_4_8_0_0_combined_id11,0.8583084940910339,3.5913805961608887,91.78013888888889,0.74,4,8,94.25180555555556,0.6593825221061707,33.723526,69.16437,0.1873,1.9008538987901475
5KPH_4_8_0_0_combined_id12,0.7498742341995239,4.137410640716553,94.97569444444444,0.8,4,8,94.25180555555556,0.6593825221061707,33.723526,69.16437,0.2006,1.7513686286078558
5KPH_4_8_0_0_combined_id13,0.7078369855880737,2.5469563007354736,89.38041666666666,0.71,4,8,94.25180555555556,0.6593825221061707,33.723526,69.16437,0.1581,2.2159021165635853
5KPH_4_8_0_0_combined_id14,0.8525497317314148,3.9490115642547607,92.05625,0.76,4,8,94.25180555555556,0.6593825221061707,33.723526,69.16437,0.1831,2.0106243557400174
5KPH_4_8_0_0_combined_id15,0.7358036041259766,4.101962089538574,90.70194444444444,0.75,4,8,94.25180555555556,0.6593825221061707,33.723526,69.16437,0.1941,2.1318304273817272
5KPH_4_8_0_0_combined_id16,1.2826398611068726,2.781956434249878,87.95597222222221,0.71,4,8,94.25180555555556,0.6593825221061707,33.723526,69.16437,0.1666,2.0802213880750866
5KPH_4_8_0_0_combined_id17,0.6887481212615967,3.859792947769165,92.89694444444444,0.77,4,8,94.25180555555556,0.6593825221061707,33.723526,69.16437,0.1984,2.0068060557047525
5KPH_4_8_0_0_combined_id18,0.6052839756011963,3.585447072982788,93.55319444444444,0.79,4,8,94.25180555555556,0.6593825221061707,33.723526,69.16437,0.1739,2.057153065999349
5KPH_4_8_0_0_combined_id19,0.8168739676475525,4.120676040649414,95.71986111111111,0.82,4,8,94.25180555555556,0.6593825221061707,33.723526,69.16437,0.1946,2.0379922654893665
5KPH_4_8_0_0_combined_id2,0.593619167804718,4.0883870124816895,90.57236111111108,0.74,4,8,94.25180555555556,0.6593825221061707,33.723526,69.16437,0.183,2.133580737643772
5KPH_4_8_0_0_combined_id20,0.7242826819419861,3.999271869659424,92.57541666666668,0.77,4,8,94.25180555555556,0.6593825221061707,33.723526,69.16437,0.1964,1.832363976372613
5KPH_4_8_0_0_combined_id21,0.5623623132705688,4.142399311065674,95.06861111111112,0.81,4,8,94.25180555555556,0.6593825221061707,33.723526,69.16437,0.1853,2.0852796766493054
5KPH_4_8_0_0_combined_id22,0.8395571708679199,2.5348973274230957,94.16152777777778,0.78,4,8,94.25180555555556,0.6593825221061707,33.723526,69.16437,0.2036,2.060737186008029
5KPH_4_8_0_0_combined_id23,0.6700804233551025,4.010415077209473,92.1122222222222,0.75,4,8,94.25180555555556,0.6593825221061707,33.723526,69.16437,0.1902,1.9193386501736112
5KPH_4_8_0_0_combined_id3,0.9942041039466858,2.3329098224639893,91.2863888888889,0.72,4,8,94.25180555555556,0.6593825221061707,33.723526,69.16437,0.1811,1.868861940171984
5KPH_4_8_0_0_combined_id4,0.8199281692504883,2.308532238006592,93.39222222222222,0.77,4,8,94.25180555555556,0.6593825221061707,33.723526,69.16437,0.1815,1.9258431328667536
5KPH_4_8_0_0_combined_id6,1.1536918878555298,4.183396339416504,93.80124999999998,0.78,4,8,94.25180555555556,0.6593825221061707,33.723526,69.16437,0.1902,1.781177732679579
5KPH_4_8_0_0_combined_id7,0.7041250467300415,1.5749248266220093,90.02847222222222,0.72,4,8,94.25180555555556,0.6593825221061707,33.723526,69.16437,0.1829,1.9322906070285373
5KPH_4_8_0_0_combined_id8,1.1585564613342285,2.4189953804016113,88.94277777777778,0.7,4,8,94.25180555555556,0.6593825221061707,33.723526,69.16437,0.1865,1.7869201236300998
5KPH_4_8_0_0_combined_id9,0.8213267922401428,3.9711365699768066,92.80486111111112,0.78,4,8,94.25180555555556,0.6593825221061707,33.723526,69.16437,0.2069,2.041880501641168
5KPH_4_8_2_0_combined_id1,0.780482828617096,4.059545040130615,92.97375,0.76,4,8,92.09277777777778,0.6488852500915527,32.31449,70.71971,0.1857,1.7044670316908097
5KPH_4_8_2_0_combined_id10,0.7710205316543579,4.203697681427002,93.89069444444443,0.8,4,8,92.09277777777778,0.6488852500915527,32.31449,70.71971,0.1493,2.204265594482422
5KPH_4_8_2_0_combined_id11,1.287656307220459,4.101780414581299,92.2273611111111,0.76,4,8,92.09277777777778,0.6488852500915527,32.31449,70.71971,0.1657,2.145874871148004
5KPH_4_8_2_0_combined_id12,0.9487358927726746,2.8499109745025635,90.7423611111111,0.74,4,8,92.09277777777778,0.6488852500915527,32.31449,70.71971,0.1866,2.122693167792426
5KPH_4_8_2_0_combined_id13,0.9208444356918335,4.263183116912842,93.8926388888889,0.77,4,8,92.09277777777778,0.6488852500915527,32.31449,70.71971,0.1666,2.052179124620226
5KPH_4_8_2_0_combined_id14,0.8171042203903198,3.658752679824829,95.18833333333332,0.82,4,8,92.09277777777778,0.6488852500915527,32.31449,70.71971,0.1644,2.0754792955186634
5KPH_4_8_2_0_combined_id15,0.6281004548072815,4.103475093841553,90.36375,0.73,4,8,92.09277777777778,0.6488852500915527,32.31449,70.71971,0.1699,2.2142244974772134
5KPH_4_8_2_0_combined_id16,0.5255184769630432,4.139332294464111,92.71222222222222,0.79,4,8,92.09277777777778,0.6488852500915527,32.31449,70.71971,0.164,2.2670118543836804
5KPH_4_8_2_0_combined_id17,0.6315882205963135,4.192939758300781,92.3273611111111,0.76,4,8,92.09277777777778,0.6488852500915527,32.31449,70.71971,0.1706,2.127457512749566
5KPH_4_8_2_0_combined_id18,0.6530011892318726,3.550562620162964,91.07083333333334,0.75,4,8,92.09277777777778,0.6488852500915527,32.31449,70.71971,0.1823,2.222774929470486
5KPH_4_8_2_0_combined_id19,0.6264548301696777,4.0342206954956055,93.84625,0.79,4,8,92.09277777777778,0.6488852500915527,32.31449,70.71971,0.194,1.9634085761176208
5KPH_4_8_2_0_combined_id2,1.9620842933654785,2.402918577194214,91.02972222222222,0.73,4,8,92.09277777777778,0.6488852500915527,32.31449,70.71971,0.1624,2.153736538357205
5KPH_4_8_2_0_combined_id20,0.8362886905670166,4.269655227661133,92.14486111111113,0.75,4,8,92.09277777777778,0.6488852500915527,32.31449,70.71971,0.1733,2.116107940673828
5KPH_4_8_2_0_combined_id21,0.9320142865180969,3.9066660404205322,87.35972222222222,0.69,4,8,92.09277777777778,0.6488852500915527,32.31449,70.71971,0.1657,1.955773459540473
5KPH_4_8_2_0_combined_id22,0.9045714735984802,4.233475685119629,93.08236111111113,0.78,4,8,92.09277777777778,0.6488852500915527,32.31449,70.71971,0.1644,2.08725463019477
5KPH_4_8_2_0_combined_id23,0.7729427218437195,4.151535511016846,94.00722222222224,0.78,4,8,92.09277777777778,0.6488852500915527,32.31449,70.71971,0.1666,2.060796949598524
5KPH_4_8_2_0_combined_id24,0.9323156476020813,4.020993709564209,91.77069444444446,0.77,4,8,92.09277777777778,0.6488852500915527,32.31449,70.71971,0.1844,1.8373222351074217
5KPH_4_8_2_0_combined_id3,0.7835355401039124,4.088388442993164,91.26305555555555,0.73,4,8,92.09277777777778,0.6488852500915527,32.31449,70.71971,0.1853,1.865470462375217
5KPH_4_8_2_0_combined_id4,0.7809905409812927,3.9203948974609375,90.59708333333332,0.74,4,8,92.09277777777778,0.6488852500915527,32.31449,70.71971,0.1753,1.938990698920356
5KPH_4_8_2_0_combined_id5,1.0524228811264038,2.420264720916748,92.98805555555556,0.77,4,8,92.09277777777778,0.6488852500915527,32.31449,70.71971,0.1823,1.9703814188639324
5KPH_4_8_2_0_combined_id6,0.8110733032226562,4.044827461242676,93.79069444444444,0.8,4,8,92.09277777777778,0.6488852500915527,32.31449,70.71971,0.183,1.9370642768012152
5KPH_4_8_2_0_combined_id7,0.6619394421577454,4.04831600189209,93.15805555555556,0.78,4,8,92.09277777777778,0.6488852500915527,32.31449,70.71971,0.1846,1.9948628743489585
5KPH_4_8_2_0_combined_id8,0.8223162293434143,2.3296148777008057,91.65583333333332,0.75,4,8,92.09277777777778,0.6488852500915527,32.31449,70.71971,0.1932,1.8650474548339844
5KPH_4_8_2_0_combined_id9,1.588093638420105,2.410905361175537,88.8084722222222,0.7,4,8,92.09277777777778,0.6488852500915527,32.31449,70.71971,0.1778,1.998959011501736
5KPH_4_8_3_0_combined_id1,0.6872401833534241,4.263158798217773,91.10277777777776,0.73,4,8,94.90861111111111,0.5534296035766602,31.712654,71.337776,0.1712,2.0673512352837458
5KPH_4_8_3_0_combined_id10,1.529052495956421,3.3028955459594727,93.59680555555556,0.79,4,8,94.90861111111111,0.5534296035766602,31.712654,71.337776,0.1768,2.401802062988281
5KPH_4_8_3_0_combined_id11,0.5735477805137634,3.941023349761963,92.77666666666669,0.79,4,8,94.90861111111111,0.5534296035766602,31.712654,71.337776,0.1652,2.183717515733507
5KPH_4_8_3_0_combined_id12,0.7458851933479309,4.072091579437256,92.48805555555556,0.78,4,8,94.90861111111111,0.5534296035766602,31.712654,71.337776,0.1752,2.085036171807184
5KPH_4_8_3_0_combined_id13,1.5671449899673462,3.030857563018799,91.29708333333332,0.73,4,8,94.90861111111111,0.5534296035766602,31.712654,71.337776,0.1673,1.9981392754448783
5KPH_4_8_3_0_combined_id14,0.6618766784667969,4.053568363189697,89.9475,0.72,4,8,94.90861111111111,0.5534296035766602,31.712654,71.337776,0.1836,1.966116163465712
5KPH_4_8_3_0_combined_id15,1.6380723714828491,2.6464309692382812,92.82805555555557,0.76,4,8,94.90861111111111,0.5534296035766602,31.712654,71.337776,0.1972,1.948762469821506
5KPH_4_8_3_0_combined_id16,0.5918969511985779,4.048700332641602,91.14277777777778,0.75,4,8,94.90861111111111,0.5534296035766602,31.712654,71.337776,0.1877,2.036203808254666
5KPH_4_8_3_0_combined_id17,1.4000667333602905,2.894491672515869,86.60805555555555,0.67,4,8,94.90861111111111,0.5534296035766602,31.712654,71.337776,0.1794,2.112648222181532
5KPH_4_8_3_0_combined_id18,0.7785499095916748,4.4413161277771,94.8175,0.8,4,8,94.90861111111111,0.5534296035766602,31.712654,71.337776,0.1923,2.100708431667752
5KPH_4_8_3_0_combined_id19,0.5455103516578674,4.075199127197266,93.255,0.79,4,8,94.90861111111111,0.5534296035766602,31.712654,71.337776,0.2007,2.1707142723931208
5KPH_4_8_3_0_combined_id2,1.2066078186035156,2.157100200653076,86.73555555555555,0.66,4,8,94.90861111111111,0.5534296035766602,31.712654,71.337776,0.1706,2.1580797831217446
5KPH_4_8_3_0_combined_id20,1.1804187297821045,2.720351219177246,89.82847222222222,0.73,4,8,94.90861111111111,0.5534296035766602,31.712654,71.337776,0.1699,2.0906499226888022
5KPH_4_8_3_0_combined_id21,0.8021630048751831,3.8872170448303223,92.48777777777778,0.77,4,8,94.90861111111111,0.5534296035766602,31.712654,71.337776,0.1997,1.887861251831055
5KPH_4_8_3_0_combined_id22,2.291300058364868,2.368926763534546,89.45277777777778,0.71,4,8,94.90861111111111,0.5534296035766602,31.712654,71.337776,0.2009,2.091178682115343
5KPH_4_8_3_0_combined_id23,0.8568375706672668,4.40101957321167,90.52708333333334,0.73,4,8,94.90861111111111,0.5534296035766602,31.712654,71.337776,0.2159,1.667629877726237
5KPH_4_8_3_0_combined_id24,1.7037876844406128,2.4592089653015137,91.54083333333334,0.74,4,8,94.90861111111111,0.5534296035766602,31.712654,71.337776,0.1664,2.047978507147895
5KPH_4_8_3_0_combined_id3,1.0743179321289062,2.7694692611694336,90.87541666666668,0.72,4,8,94.90861111111111,0.5534296035766602,31.712654,71.337776,0.1836,2.1936111450195312
5KPH_4_8_3_0_combined_id4,0.8374720811843872,4.091118335723877,94.3111111111111,0.8,4,8,94.90861111111111,0.5534296035766602,31.712654,71.337776,0.171,2.058617273966471
5KPH_4_8_3_0_combined_id5,1.050877571105957,3.282853841781616,90.79958333333332,0.74,4,8,94.90861111111111,0.5534296035766602,31.712654,71.337776,0.1732,2.1513277689615884
5KPH_4_8_3_0_combined_id6,0.689761757850647,3.923903703689575,94.02958333333332,0.81,4,8,94.90861111111111,0.5534296035766602,31.712654,71.337776,0.1552,2.176269955105252
5KPH_4_8_3_0_combined_id7,0.8057888150215149,3.051159381866455,91.91486111111112,0.75,4,8,94.90861111111111,0.5534296035766602,31.712654,71.337776,0.1964,1.8961768680148647
5KPH_4_8_3_0_combined_id8,0.5223141312599182,3.933454990386963,94.41458333333334,0.81,4,8,94.90861111111111,0.5534296035766602,31.712654,71.337776,0.1707,2.166010538736979
5KPH_4_8_4_0_combined_id1,0.9100046753883362,2.6358489990234375,90.06625000000001,0.72,4,8,92.63805555555555,0.5941203832626343,32.350582,70.04634,0.1877,1.787464565700955
5KPH_4_8_4_0_combined_id10,1.2483065128326416,3.725525140762329,91.10833333333332,0.74,4,8,92.63805555555555,0.5941203832626343,32.350582,70.04634,0.1759,1.942525651719835
5KPH_4_8_4_0_combined_id11,0.9298350811004639,2.8128139972686768,89.98597222222223,0.72,4,8,92.63805555555555,0.5941203832626343,32.350582,70.04634,0.1839,1.9324400160047743
5KPH_4_8_4_0_combined_id12,1.275960087776184,2.4057254791259766,89.83680555555556,0.7,4,8,92.63805555555555,0.5941203832626343,32.350582,70.04634,0.1849,2.041116290622288
5KPH_4_8_4_0_combined_id13,2.1688761711120605,1.6060712337493896,83.01555555555557,0.61,4,8,92.63805555555555,0.5941203832626343,32.350582,70.04634,0.1563,1.9342892964680989
5KPH_4_8_4_0_combined_id14,1.8196666240692139,1.339936375617981,89.59694444444443,0.7,4,8,92.63805555555555,0.5941203832626343,32.350582,70.04634,0.1735,1.7892214457194011
5KPH_4_8_4_0_combined_id15,0.7131383419036865,3.992109775543213,93.86611111111112,0.81,4,8,92.63805555555555,0.5941203832626343,32.350582,70.04634,0.1611,2.14421123928494
5KPH_4_8_4_0_combined_id16,0.6358080506324768,3.853461980819702,93.63444444444444,0.8,4,8,92.63805555555555,0.5941203832626343,32.350582,70.04634,0.1593,2.0562290615505643
5KPH_4_8_4_0_combined_id17,0.7724433541297913,3.741633415222168,95.4251388888889,0.81,4,8,92.63805555555555,0.5941203832626343,32.350582,70.04634,0.1698,2.068003124660916
5KPH_4_8_4_0_combined_id18,0.5707927942276001,3.742177724838257,94.81708333333331,0.79,4,8,92.63805555555555,0.5941203832626343,32.350582,70.04634,0.1824,1.8068298763699
5KPH_4_8_4_0_combined_id19,0.7223762273788452,2.469619035720825,90.68013888888888,0.74,4,8,92.63805555555555,0.5941203832626343,32.350582,70.04634,0.1968,1.97207154168023
5KPH_4_8_4_0_combined_id2,0.9295117259025574,2.8083271980285645,95.5576388888889,0.8,4,8,92.63805555555555,0.5941203832626343,32.350582,70.04634,0.168,2.1256315443250866
5KPH_4_8_4_0_combined_id20,0.7966694831848145,2.746846914291382,89.1684722222222,0.69,4,8,92.63805555555555,0.5941203832626343,32.350582,70.04634,0.1646,1.9185362921820743
5KPH_4_8_4_0_combined_id21,1.916420817375183,1.8631196022033691,89.32,0.71,4,8,92.63805555555555,0.5941203832626343,32.350582,70.04634,0.1922,2.06733767191569
5KPH_4_8_4_0_combined_id22,0.9752072691917419,3.8737921714782715,93.40416666666668,0.79,4,8,92.63805555555555,0.5941203832626343,32.350582,70.04634,0.1666,2.1283471849229603
5KPH_4_8_4_0_combined_id23,1.520084261894226,1.4869964122772217,87.73097222222222,0.7,4,8,92.63805555555555,0.5941203832626343,32.350582,70.04634,0.1816,2.0691460503472223
5KPH_4_8_4_0_combined_id24,0.6185470819473267,3.829268217086792,91.12208333333336,0.74,4,8,92.63805555555555,0.5941203832626343,32.350582,70.04634,0.1702,1.9307350582546656
5KPH_4_8_4_0_combined_id3,0.9292894601821899,2.571660280227661,88.28027777777777,0.68,4,8,92.63805555555555,0.5941203832626343,32.350582,70.04634,0.185,1.919659932454427
5KPH_4_8_4_0_combined_id4,1.2096219062805176,1.3666797876358032,87.49791666666667,0.67,4,8,92.63805555555555,0.5941203832626343,32.350582,70.04634,0.192,1.7689066992865667
5KPH_4_8_4_0_combined_id5,1.2644195556640625,2.3295609951019287,87.12930555555556,0.69,4,8,92.63805555555555,0.5941203832626343,32.350582,70.04634,0.1879,1.9902949863009984
5KPH_4_8_4_0_combined_id6,0.8219451308250427,3.813105583190918,86.56416666666667,0.65,4,8,92.63805555555555,0.5941203832626343,32.350582,70.04634,0.1733,1.846785651312934
5KPH_4_8_4_0_combined_id7,0.661042332649231,3.995304584503174,95.63041666666666,0.81,4,8,92.63805555555555,0.5941203832626343,32.350582,70.04634,0.2078,2.1521614922417536
5KPH_4_8_4_0_combined_id8,0.6810387969017029,3.7414636611938477,94.6223611111111,0.8,4,8,92.63805555555555,0.5941203832626343,32.350582,70.04634,0.1748,2.060389200846354
5KPH_4_8_4_0_combined_id9,1.363558292388916,2.180152654647827,87.81541666666666,0.69,4,8,92.63805555555555,0.5941203832626343,32.350582,70.04634,0.1637,1.9853331247965496
5KPH_4_8_5_0_combined_id1,0.5751534104347229,4.004679203033447,94.50138888888888,0.8,4,8,94.30305555555556,0.673549234867096,32.43945,70.69413,0.2062,2.295508278740777
5KPH_4_8_5_0_combined_id10,1.264434814453125,1.7008678913116455,88.62083333333334,0.69,4,8,94.30305555555556,0.673549234867096,32.43945,70.69413,0.208,2.0004904005262585
5KPH_4_8_5_0_combined_id11,0.6503937840461731,3.7838549613952637,93.71694444444444,0.78,4,8,94.30305555555556,0.673549234867096,32.43945,70.69413,0.1658,2.102866702609592
5KPH_4_8_5_0_combined_id12,0.9177347421646118,4.121535301208496,92.56652777777776,0.76,4,8,94.30305555555556,0.673549234867096,32.43945,70.69413,0.1806,1.9434742397732203
5KPH_4_8_5_0_combined_id13,0.7943384051322937,4.117356777191162,92.46208333333334,0.76,4,8,94.30305555555556,0.673549234867096,32.43945,70.69413,0.1744,2.0528941684299045
5KPH_4_8_5_0_combined_id14,1.977525234222412,2.008605718612671,91.81819444444444,0.73,4,8,94.30305555555556,0.673549234867096,32.43945,70.69413,0.2045,2.0964177449544272
5KPH_4_8_5_0_combined_id15,1.2135155200958252,4.023542404174805,89.71680555555555,0.67,4,8,94.30305555555556,0.673549234867096,32.43945,70.69413,0.1751,2.154510498046875
5KPH_4_8_5_0_combined_id16,0.8362888693809509,2.5498580932617188,87.89597222222223,0.68,4,8,94.30305555555556,0.673549234867096,32.43945,70.69413,0.175,2.062169604831272
5KPH_4_8_5_0_combined_id17,1.2819478511810303,2.559884786605835,84.48305555555555,0.64,4,8,94.30305555555556,0.673549234867096,32.43945,70.69413,0.1868,2.0254864162868924
5KPH_4_8_5_0_combined_id18,1.3855706453323364,2.4359445571899414,87.70430555555555,0.67,4,8,94.30305555555556,0.673549234867096,32.43945,70.69413,0.1782,1.933607313368056
5KPH_4_8_5_0_combined_id19,0.87223219871521,3.4902920722961426,89.05138888888888,0.71,4,8,94.30305555555556,0.673549234867096,32.43945,70.69413,0.1941,1.8100753360324435
5KPH_4_8_5_0_combined_id2,0.6883256435394287,3.592219591140747,93.92944444444444,0.78,4,8,94.30305555555556,0.673549234867096,32.43945,70.69413,0.1928,1.9951286315917969
5KPH_4_8_5_0_combined_id20,0.7187636494636536,3.891669988632202,90.65388888888889,0.74,4,8,94.30305555555556,0.673549234867096,32.43945,70.69413,0.1815,2.048844655354818
5KPH_4_8_5_0_combined_id21,0.6510936617851257,3.9470224380493164,92.87722222222222,0.78,4,8,94.30305555555556,0.673549234867096,32.43945,70.69413,0.181,2.073430167304145
5KPH_4_8_5_0_combined_id22,0.5815832614898682,3.9792020320892334,94.20041666666668,0.8,4,8,94.30305555555556,0.673549234867096,32.43945,70.69413,0.1911,2.1589474148220487
5KPH_4_8_5_0_combined_id23,0.7144371867179871,3.3096816539764404,88.45597222222221,0.73,4,8,94.30305555555556,0.673549234867096,32.43945,70.69413,0.2007,2.1175462934705944
5KPH_4_8_5_0_combined_id24,0.7794395089149475,2.152679443359375,91.81319444444443,0.75,4,8,94.30305555555556,0.673549234867096,32.43945,70.69413,0.1903,2.09503173828125
5KPH_4_8_5_0_combined_id4,0.7053539156913757,3.9789133071899414,93.03791666666666,0.78,4,8,94.30305555555556,0.673549234867096,32.43945,70.69413,0.17,2.1132125854492188
5KPH_4_8_5_0_combined_id5,0.6252560019493103,3.86148738861084,92.26583333333332,0.77,4,8,94.30305555555556,0.673549234867096,32.43945,70.69413,0.1903,1.9824850294325087
5KPH_4_8_5_0_combined_id6,0.7940210103988647,2.3805887699127197,94.1676388888889,0.79,4,8,94.30305555555556,0.673549234867096,32.43945,70.69413,0.1919,1.9771527184380424
5KPH_4_8_5_0_combined_id7,1.2836462259292603,4.886518478393555,91.83069444444445,0.76,4,8,94.30305555555556,0.673549234867096,32.43945,70.69413,0.1662,2.0587891472710504
5KPH_4_8_5_0_combined_id8,1.200508952140808,2.7484052181243896,87.95958333333334,0.67,4,8,94.30305555555556,0.673549234867096,32.43945,70.69413,0.1823,1.9663876427544489
5KPH_4_8_6_0_combined_id1,1.0120861530303955,3.8645389080047607,93.03013888888889,0.78,4,8,92.39555555555556,0.720827043056488,33.320225,71.20774,0.2066,2.2399069468180337
5KPH_4_8_6_0_combined_id10,0.8412553071975708,3.6057465076446533,93.35486111111112,0.78,4,8,92.39555555555556,0.720827043056488,33.320225,71.20774,0.1838,1.9373325771755645
5KPH_4_8_6_0_combined_id11,0.7374382019042969,4.062923431396484,95.02902777777778,0.81,4,8,92.39555555555556,0.720827043056488,33.320225,71.20774,0.2036,1.9863048129611545
5KPH_4_8_6_0_combined_id13,0.6824347376823425,3.9250051975250244,92.03652777777776,0.77,4,8,92.39555555555556,0.720827043056488,33.320225,71.20774,0.2046,1.7849197387695312
5KPH_4_8_6_0_combined_id14,0.7375867366790771,4.249383449554443,94.22652777777778,0.8,4,8,92.39555555555556,0.720827043056488,33.320225,71.20774,0.1831,2.016748216417101
5KPH_4_8_6_0_combined_id15,0.6959309577941895,3.965181827545166,92.83888888888887,0.78,4,8,92.39555555555556,0.720827043056488,33.320225,71.20774,0.1906,1.854852040608724
5KPH_4_8_6_0_combined_id17,0.8644752502441406,2.2963685989379883,90.155,0.72,4,8,92.39555555555556,0.720827043056488,33.320225,71.20774,0.2003,1.9332324133978949
5KPH_4_8_6_0_combined_id18,1.0237398147583008,2.598029851913452,85.25777777777778,0.66,4,8,92.39555555555556,0.720827043056488,33.320225,71.20774,0.1955,1.8934635586208768
5KPH_4_8_6_0_combined_id19,1.4154218435287476,4.51862907409668,93.71305555555556,0.79,4,8,92.39555555555556,0.720827043056488,33.320225,71.20774,0.2293,1.8083042568630645
5KPH_4_8_6_0_combined_id2,1.1037323474884033,2.4207382202148438,87.95958333333334,0.69,4,8,92.39555555555556,0.720827043056488,33.320225,71.20774,0.2248,1.915506574842665
5KPH_4_8_6_0_combined_id20,2.917095422744751,1.3313782215118408,90.6301388888889,0.74,4,8,92.39555555555556,0.720827043056488,33.320225,71.20774,0.2228,1.9121860928005645
5KPH_4_8_6_0_combined_id21,0.8266960382461548,4.287296295166016,95.67,0.81,4,8,92.39555555555556,0.720827043056488,33.320225,71.20774,0.1791,2.031272464328342
5KPH_4_8_6_0_combined_id22,0.6317822933197021,4.340306758880615,96.83166666666664,0.83,4,8,92.39555555555556,0.720827043056488,33.320225,71.20774,0.1798,1.98589113023546
5KPH_4_8_6_0_combined_id23,0.8374093770980835,2.6816773414611816,85.96333333333332,0.68,4,8,92.39555555555556,0.720827043056488,33.320225,71.20774,0.1768,2.065706041124132
5KPH_4_8_6_0_combined_id3,2.1131935119628906,2.0888595581054688,89.32333333333334,0.71,4,8,92.39555555555556,0.720827043056488,33.320225,71.20774,0.1999,1.8260345458984373
5KPH_4_8_6_0_combined_id5,0.8137261867523193,4.023076057434082,94.3515277777778,0.79,4,8,92.39555555555556,0.720827043056488,33.320225,71.20774,0.1939,1.926783667670356
5KPH_4_8_6_0_combined_id6,0.9503723382949829,2.2828752994537354,89.01194444444444,0.71,4,8,92.39555555555556,0.720827043056488,33.320225,71.20774,0.2269,1.7994121975368924
5KPH_4_8_6_0_combined_id7,0.8392804861068726,3.846799373626709,95.3823611111111,0.81,4,8,92.39555555555556,0.720827043056488,33.320225,71.20774,0.1917,1.970664978027344
5KPH_4_8_6_0_combined_id8,0.736051082611084,4.139129161834717,95.03152777777775,0.81,4,8,92.39555555555556,0.720827043056488,33.320225,71.20774,0.1999,1.9362657335069444
5KPH_4_8_6_0_combined_id9,0.7070075869560242,4.296642780303955,93.02597222222224,0.77,4,8,92.39555555555556,0.720827043056488,33.320225,71.20774,0.2224,1.7148120668199327
5KPH_4_8_7_0_combined_id10,0.7152740955352783,1.9665367603302002,89.27569444444444,0.71,4,8,92.36236111111111,0.6687294840812683,31.41913,70.87946,0.1843,1.931125005086263
5KPH_4_8_7_0_combined_id11,0.7672352194786072,2.8703649044036865,88.34875000000001,0.7,4,8,92.36236111111111,0.6687294840812683,31.41913,70.87946,0.2097,1.96706051296658
5KPH_4_8_7_0_combined_id12,0.6074177622795105,4.3480424880981445,94.5186111111111,0.8,4,8,92.36236111111111,0.6687294840812683,31.41913,70.87946,0.1865,2.1209661695692272
5KPH_4_8_7_0_combined_id13,0.6574220657348633,3.8064935207366943,90.20958333333334,0.75,4,8,92.36236111111111,0.6687294840812683,31.41913,70.87946,0.2168,1.8806499905056424
5KPH_4_8_7_0_combined_id14,0.6187912821769714,3.928617477416992,89.88069444444444,0.7,4,8,92.36236111111111,0.6687294840812683,31.41913,70.87946,0.1889,1.9511260986328125
5KPH_4_8_7_0_combined_id15,0.7536303400993347,4.292764663696289,94.02583333333334,0.79,4,8,92.36236111111111,0.6687294840812683,31.41913,70.87946,0.2145,1.9154540167914496
5KPH_4_8_7_0_combined_id16,0.7401606440544128,4.195258617401123,89.86347222222223,0.72,4,8,92.36236111111111,0.6687294840812683,31.41913,70.87946,0.1902,1.9218783908420136
5KPH_4_8_7_0_combined_id18,0.573930561542511,3.982865333557129,95.06291666666668,0.82,4,8,92.36236111111111,0.6687294840812683,31.41913,70.87946,0.1892,2.144713931613498
5KPH_4_8_7_0_combined_id19,0.6667102575302124,4.119682312011719,95.85625,0.82,4,8,92.36236111111111,0.6687294840812683,31.41913,70.87946,0.2143,2.043256335788303
5KPH_4_8_7_0_combined_id2,0.6682538390159607,3.868870496749878,95.2936111111111,0.81,4,8,92.36236111111111,0.6687294840812683,31.41913,70.87946,0.1891,2.076454586452908
5KPH_4_8_7_0_combined_id20,0.7087671160697937,4.265314102172852,94.59972222222224,0.78,4,8,92.36236111111111,0.6687294840812683,31.41913,70.87946,0.19,1.9023221333821607
5KPH_4_8_7_0_combined_id21,1.1008878946304321,4.357693195343018,85.61638888888888,0.64,4,8,92.36236111111111,0.6687294840812683,31.41913,70.87946,0.2078,1.8808776007758248
5KPH_4_8_7_0_combined_id22,0.6566401124000549,3.403078556060791,91.6059722222222,0.76,4,8,92.36236111111111,0.6687294840812683,31.41913,70.87946,0.2062,2.1871585845947266
5KPH_4_8_7_0_combined_id23,0.9239326119422913,3.3159098625183105,91.67208333333336,0.76,4,8,92.36236111111111,0.6687294840812683,31.41913,70.87946,0.2492,1.7921827104356554
5KPH_4_8_7_0_combined_id24,1.2258774042129517,3.1976137161254883,92.78861111111112,0.79,4,8,92.36236111111111,0.6687294840812683,31.41913,70.87946,0.1959,1.8901899125840929
5KPH_4_8_7_0_combined_id3,0.9116663336753845,3.677058219909668,88.85069444444444,0.72,4,8,92.36236111111111,0.6687294840812683,31.41913,70.87946,0.196,1.879798889160156
5KPH_4_8_7_0_combined_id4,0.889691174030304,4.372496128082275,89.31138888888889,0.69,4,8,92.36236111111111,0.6687294840812683,31.41913,70.87946,0.195,1.9054724375406904
5KPH_4_8_7_0_combined_id5,1.1494019031524658,3.1935513019561768,86.47791666666666,0.68,4,8,92.36236111111111,0.6687294840812683,31.41913,70.87946,0.1894,1.9483519660102
5KPH_4_8_7_0_combined_id6,0.6506472826004028,3.535168409347534,89.46444444444444,0.71,4,8,92.36236111111111,0.6687294840812683,31.41913,70.87946,0.1802,2.197882546318902
5KPH_4_8_7_0_combined_id7,0.6107311248779297,3.8841865062713623,90.20472222222222,0.75,4,8,92.36236111111111,0.6687294840812683,31.41913,70.87946,0.1852,1.9913001590304904
5KPH_4_8_7_0_combined_id8,1.785804033279419,3.58632755279541,90.70930555555556,0.76,4,8,92.36236111111111,0.6687294840812683,31.41913,70.87946,0.1978,2.0001754760742188
5KPH_4_8_7_0_combined_id9,0.6852067708969116,3.816631555557251,90.84041666666668,0.74,4,8,92.36236111111111,0.6687294840812683,31.41913,70.87946,0.2138,1.8370032840304904
5KPH_4_8_8_0_combined_id1,1.2038042545318604,2.502815008163452,92.09805555555556,0.74,4,8,92.35597222222222,0.6122915148735046,33.568592,71.45591,0.201,1.8565131293402777
5KPH_4_8_8_0_combined_id10,0.7700067758560181,3.6491458415985107,90.24777777777778,0.74,4,8,92.35597222222222,0.6122915148735046,33.568592,71.45591,0.1803,2.017311520046658
5KPH_4_8_8_0_combined_id11,1.180023431777954,2.4991564750671387,89.99388888888888,0.73,4,8,92.35597222222222,0.6122915148735046,33.568592,71.45591,0.1881,1.896642473008897
5KPH_4_8_8_0_combined_id12,0.7187089323997498,4.339574813842773,94.41708333333334,0.79,4,8,92.35597222222222,0.6122915148735046,33.568592,71.45591,0.187,1.998610390557184
5KPH_4_8_8_0_combined_id13,0.7858628630638123,3.30281400680542,93.4511111111111,0.8,4,8,92.35597222222222,0.6122915148735046,33.568592,71.45591,0.2071,2.1900079515245228
5KPH_4_8_8_0_combined_id15,0.7264684438705444,3.981768846511841,93.905,0.78,4,8,92.35597222222222,0.6122915148735046,33.568592,71.45591,0.1796,1.926780064900716
5KPH_4_8_8_0_combined_id16,1.068495273590088,2.785741090774536,87.20944444444444,0.69,4,8,92.35597222222222,0.6122915148735046,33.568592,71.45591,0.1909,1.9335352579752605
5KPH_4_8_8_0_combined_id17,0.7705892324447632,3.893364429473877,94.65791666666668,0.8,4,8,92.35597222222222,0.6122915148735046,33.568592,71.45591,0.197,1.902259826660156
5KPH_4_8_8_0_combined_id18,1.750569462776184,2.249007225036621,83.21680555555557,0.66,4,8,92.35597222222222,0.6122915148735046,33.568592,71.45591,0.1991,1.9988269805908203
5KPH_4_8_8_0_combined_id19,0.6161702275276184,4.145745754241943,92.68930555555556,0.78,4,8,92.35597222222222,0.6122915148735046,33.568592,71.45591,0.1525,2.235579596625434
5KPH_4_8_8_0_combined_id2,1.819873332977295,2.4218764305114746,90.87694444444443,0.74,4,8,92.35597222222222,0.6122915148735046,33.568592,71.45591,0.1677,2.0094434950086804
5KPH_4_8_8_0_combined_id20,0.9523956775665283,2.974561929702759,90.97055555555556,0.73,4,8,92.35597222222222,0.6122915148735046,33.568592,71.45591,0.2232,1.821062723795573
5KPH_4_8_8_0_combined_id21,0.8188337683677673,3.7513365745544434,90.98847222222224,0.73,4,8,92.35597222222222,0.6122915148735046,33.568592,71.45591,0.2237,1.731495327419705
5KPH_4_8_8_0_combined_id22,1.0817216634750366,2.684572458267212,85.22583333333334,0.66,4,8,92.35597222222222,0.6122915148735046,33.568592,71.45591,0.1862,1.9209844801161025
5KPH_4_8_8_0_combined_id23,0.6360640525817871,3.944035053253174,92.34291666666668,0.77,4,8,92.35597222222222,0.6122915148735046,33.568592,71.45591,0.1668,2.0489429897732205
5KPH_4_8_8_0_combined_id24,0.7128750681877136,3.919015407562256,93.23319444444444,0.78,4,8,92.35597222222222,0.6122915148735046,33.568592,71.45591,0.2064,1.7352725134955511
5KPH_4_8_8_0_combined_id3,0.7452296614646912,4.023620128631592,95.27430555555556,0.81,4,8,92.35597222222222,0.6122915148735046,33.568592,71.45591,0.1766,2.123463100857205
5KPH_4_8_8_0_combined_id4,0.6713969111442566,4.355938911437988,93.57222222222224,0.78,4,8,92.35597222222222,0.6122915148735046,33.568592,71.45591,0.1837,1.990736643473308
5KPH_4_8_8_0_combined_id5,0.9307782649993896,3.056140661239624,83.44125000000001,0.61,4,8,92.35597222222222,0.6122915148735046,33.568592,71.45591,0.1975,1.991159227159288
5KPH_4_8_8_0_combined_id6,0.7734009623527527,3.0032434463500977,86.48430555555555,0.65,4,8,92.35597222222222,0.6122915148735046,33.568592,71.45591,0.1868,2.027911080254449
5KPH_4_8_8_0_combined_id7,0.8967093229293823,1.9026174545288086,90.5625,0.73,4,8,92.35597222222222,0.6122915148735046,33.568592,71.45591,0.208,1.835920333862305
5KPH_4_8_8_0_combined_id8,1.0202866792678833,2.741001605987549,86.21541666666667,0.64,4,8,92.35597222222222,0.6122915148735046,33.568592,71.45591,0.2204,1.6694687737358942
5KPH_4_8_8_0_combined_id9,1.1487690210342407,2.8425819873809814,88.10458333333334,0.69,4,8,92.35597222222222,0.6122915148735046,33.568592,71.45591,0.1882,1.800303988986545
5KPH_4_8_9_0_combined_id1,0.6935780644416809,4.151480197906494,93.26972222222224,0.78,4,8,90.3309722222222,0.5080936551094055,33.121037,70.275444,0.1941,1.8292032877604167
5KPH_4_8_9_0_combined_id10,0.6461740136146545,4.06890344619751,95.2186111111111,0.81,4,8,90.3309722222222,0.5080936551094055,33.121037,70.275444,0.155,2.1750676896837025
5KPH_4_8_9_0_combined_id11,0.8160637021064758,2.777956008911133,91.65222222222224,0.75,4,8,90.3309722222222,0.5080936551094055,33.121037,70.275444,0.1918,1.947271982828776
5KPH_4_8_9_0_combined_id12,0.9563960433006287,2.2807371616363525,88.19916666666667,0.68,4,8,90.3309722222222,0.5080936551094055,33.121037,70.275444,0.1742,1.9082925584581163
5KPH_4_8_9_0_combined_id13,0.8321335911750793,4.285758972167969,94.0597222222222,0.79,4,8,90.3309722222222,0.5080936551094055,33.121037,70.275444,0.1885,1.9226135677761504
5KPH_4_8_9_0_combined_id14,0.8537207841873169,2.388612985610962,89.65069444444445,0.69,4,8,90.3309722222222,0.5080936551094055,33.121037,70.275444,0.1811,1.87214469909668
5KPH_4_8_9_0_combined_id15,1.207788109779358,2.561934232711792,86.0652777777778,0.66,4,8,90.3309722222222,0.5080936551094055,33.121037,70.275444,0.1838,1.9762545691596136
5KPH_4_8_9_0_combined_id16,0.8452139496803284,3.10292649269104,88.79513888888889,0.71,4,8,90.3309722222222,0.5080936551094055,33.121037,70.275444,0.1755,1.927876366509332
5KPH_4_8_9_0_combined_id17,1.3935601711273193,2.602181911468506,85.5298611111111,0.65,4,8,90.3309722222222,0.5080936551094055,33.121037,70.275444,0.1803,2.067162619696723
5KPH_4_8_9_0_combined_id18,1.8084501028060913,2.6768341064453125,91.24180555555556,0.71,4,8,90.3309722222222,0.5080936551094055,33.121037,70.275444,0.2013,1.9958129458957248
5KPH_4_8_9_0_combined_id19,0.7797055840492249,4.129395961761475,93.22708333333334,0.79,4,8,90.3309722222222,0.5080936551094055,33.121037,70.275444,0.185,1.9114884270562067
5KPH_4_8_9_0_combined_id2,0.6346998810768127,4.0820817947387695,93.59208333333332,0.8,4,8,90.3309722222222,0.5080936551094055,33.121037,70.275444,0.1754,2.324396769205729
5KPH_4_8_9_0_combined_id21,1.221274495124817,3.606464385986328,87.52666666666667,0.69,4,8,90.3309722222222,0.5080936551094055,33.121037,70.275444,0.1657,2.122049755520291
5KPH_4_8_9_0_combined_id22,1.1236380338668823,3.469848871231079,88.95291666666668,0.7,4,8,90.3309722222222,0.5080936551094055,33.121037,70.275444,0.1868,1.8969868554009333
5KPH_4_8_9_0_combined_id23,0.8352468609809875,3.605635404586792,93.15972222222224,0.77,4,8,90.3309722222222,0.5080936551094055,33.121037,70.275444,0.192,1.7568783230251737
5KPH_4_8_9_0_combined_id24,0.7537969946861267,2.1798911094665527,87.69333333333333,0.69,4,8,90.3309722222222,0.5080936551094055,33.121037,70.275444,0.1678,2.088768429226345
5KPH_4_8_9_0_combined_id3,1.0662578344345093,2.7861711978912354,88.67319444444445,0.7,4,8,90.3309722222222,0.5080936551094055,33.121037,70.275444,0.1764,1.909906811184353
5KPH_4_8_9_0_combined_id4,0.6058626770973206,3.8963463306427,91.06055555555557,0.73,4,8,90.3309722222222,0.5080936551094055,33.121037,70.275444,0.172,2.0360785590277777
5KPH_4_8_9_0_combined_id5,2.0709991455078125,2.048959970474243,87.74055555555555,0.7,4,8,90.3309722222222,0.5080936551094055,33.121037,70.275444,0.2014,2.119568083021376
5KPH_4_8_9_0_combined_id6,0.6964595913887024,2.9438273906707764,91.7852777777778,0.76,4,8,90.3309722222222,0.5080936551094055,33.121037,70.275444,0.1546,1.914516237046984
5KPH_4_8_9_0_combined_id8,0.7993099093437195,3.5874361991882324,88.83569444444444,0.71,4,8,90.3309722222222,0.5080936551094055,33.121037,70.275444,0.1893,2.1235120561387806
5KPH_6_2_5_0_combined_id1,0.9416932463645935,4.494745254516602,94.83611111111112,0.81,6,2,92.7713888888889,0.8022125959396362,36.551605,74.306145,0.2052,2.168159484863281
5KPH_6_2_5_0_combined_id10,1.3783138990402222,4.261758327484131,86.20652777777777,0.68,6,2,92.7713888888889,0.8022125959396362,36.551605,74.306145,0.152,2.0976600646972656
5KPH_6_2_5_0_combined_id11,0.7764577865600586,5.537385940551758,93.66277777777776,0.8,6,2,92.7713888888889,0.8022125959396362,36.551605,74.306145,0.1837,1.9944576687282989
5KPH_6_2_5_0_combined_id12,0.9601957201957703,4.471854209899902,89.61027777777777,0.71,6,2,92.7713888888889,0.8022125959396362,36.551605,74.306145,0.2181,2.100003136528863
5KPH_6_2_5_0_combined_id13,0.7105267643928528,5.629610538482666,92.61430555555556,0.78,6,2,92.7713888888889,0.8022125959396362,36.551605,74.306145,0.1703,2.300033569335937
5KPH_6_2_5_0_combined_id14,0.8453192710876465,5.602271556854248,93.69430555555556,0.8,6,2,92.7713888888889,0.8022125959396362,36.551605,74.306145,0.1728,2.051344977484809
5KPH_6_2_5_0_combined_id15,1.0632283687591553,2.030095338821411,89.5198611111111,0.72,6,2,92.7713888888889,0.8022125959396362,36.551605,74.306145,0.1749,1.8921962314181853
5KPH_6_2_5_0_combined_id16,0.8920111060142517,4.94414758682251,91.01291666666668,0.74,6,2,92.7713888888889,0.8022125959396362,36.551605,74.306145,0.179,1.979216681586372
5KPH_6_2_5_0_combined_id17,2.1134612560272217,4.567058086395264,87.44611111111111,0.69,6,2,92.7713888888889,0.8022125959396362,36.551605,74.306145,0.204,1.968430413140191
5KPH_6_2_5_0_combined_id18,0.7678040266036987,5.226924896240234,91.85791666666668,0.79,6,2,92.7713888888889,0.8022125959396362,36.551605,74.306145,0.1983,2.113160451253256
5KPH_6_2_5_0_combined_id19,2.3169870376586914,4.115073204040527,85.50805555555556,0.67,6,2,92.7713888888889,0.8022125959396362,36.551605,74.306145,0.1832,2.190123240152994
5KPH_6_2_5_0_combined_id2,0.8161496520042419,4.656184196472168,89.95333333333333,0.74,6,2,92.7713888888889,0.8022125959396362,36.551605,74.306145,0.1803,2.113597657945421
5KPH_6_2_5_0_combined_id20,1.3052153587341309,5.113919258117676,91.89111111111112,0.76,6,2,92.7713888888889,0.8022125959396362,36.551605,74.306145,0.1675,2.2082451714409723
5KPH_6_2_5_0_combined_id21,0.6770004630088806,5.132569313049316,93.89291666666664,0.8,6,2,92.7713888888889,0.8022125959396362,36.551605,74.306145,0.2055,2.155403349134657
5KPH_6_2_5_0_combined_id22,1.7324435710906982,4.5005388259887695,91.04472222222222,0.76,6,2,92.7713888888889,0.8022125959396362,36.551605,74.306145,0.2008,2.1038519541422525
5KPH_6_2_5_0_combined_id23,0.876379132270813,5.645073413848877,94.6123611111111,0.81,6,2,92.7713888888889,0.8022125959396362,36.551605,74.306145,0.183,2.114721086290148
5KPH_6_2_5_0_combined_id24,0.8406819105148315,4.75554895401001,90.41,0.74,6,2,92.7713888888889,0.8022125959396362,36.551605,74.306145,0.1645,2.224109649658203
5KPH_6_2_5_0_combined_id3,0.7719708681106567,4.683377742767334,94.66597222222222,0.81,6,2,92.7713888888889,0.8022125959396362,36.551605,74.306145,0.1953,2.030508465237088
5KPH_6_2_5_0_combined_id4,1.1519153118133545,4.190301895141602,90.17083333333332,0.74,6,2,92.7713888888889,0.8022125959396362,36.551605,74.306145,0.1614,2.00175518459744
5KPH_6_2_5_0_combined_id5,0.6877306699752808,5.306612491607666,92.98208333333336,0.77,6,2,92.7713888888889,0.8022125959396362,36.551605,74.306145,0.2128,2.091686248779297
5KPH_6_2_5_0_combined_id6,0.7317005395889282,4.512617111206055,88.42819444444444,0.66,6,2,92.7713888888889,0.8022125959396362,36.551605,74.306145,0.1767,2.118390825059679
5KPH_6_2_5_0_combined_id7,0.8396507501602173,4.934333801269531,92.64277777777778,0.77,6,2,92.7713888888889,0.8022125959396362,36.551605,74.306145,0.2244,1.939292907714844
5KPH_6_2_5_0_combined_id8,0.9190170764923096,4.01052713394165,89.59444444444445,0.74,6,2,92.7713888888889,0.8022125959396362,36.551605,74.306145,0.1893,2.079221937391493
5KPH_6_2_5_0_combined_id9,1.2185808420181274,3.456973075866699,87.10944444444443,0.71,6,2,92.7713888888889,0.8022125959396362,36.551605,74.306145,0.1878,1.995984395345052
5KPH_6_2_8_0_combined_id1,1.9206879138946533,3.808854818344116,86.55,0.69,6,2,88.33208333333333,0.964285373687744,37.639847,71.18866,0.1836,2.1708136664496527
5KPH_6_2_8_0_combined_id10,0.7290011644363403,4.779273986816406,91.02666666666669,0.74,6,2,88.33208333333333,0.964285373687744,37.639847,71.18866,0.178,2.314120822482639
5KPH_6_2_8_0_combined_id11,1.381138563156128,4.559024333953857,84.95375,0.64,6,2,88.33208333333333,0.964285373687744,37.639847,71.18866,0.1554,2.4306119283040366
5KPH_6_2_8_0_combined_id12,1.4301626682281494,5.6523871421813965,88.09527777777777,0.66,6,2,88.33208333333333,0.964285373687744,37.639847,71.18866,0.1568,2.0104136996799045
5KPH_6_2_8_0_combined_id13,3.273930072784424,5.297758102416992,91.29513888888889,0.71,6,2,88.33208333333333,0.964285373687744,37.639847,71.18866,0.1632,2.0691210428873696
5KPH_6_2_8_0_combined_id15,0.6356871128082275,5.858617305755615,90.92388888888888,0.77,6,2,88.33208333333333,0.964285373687744,37.639847,71.18866,0.1792,2.279205322265625
5KPH_6_2_8_0_combined_id16,0.5741380453109741,5.024986743927002,94.28069444444444,0.8,6,2,88.33208333333333,0.964285373687744,37.639847,71.18866,0.1803,2.424946679009332
5KPH_6_2_8_0_combined_id17,0.8382151126861572,5.895602703094482,93.90138888888887,0.81,6,2,88.33208333333333,0.964285373687744,37.639847,71.18866,0.1641,2.2070895300971136
5KPH_6_2_8_0_combined_id18,0.7118505239486694,4.768332004547119,92.28277777777777,0.77,6,2,88.33208333333333,0.964285373687744,37.639847,71.18866,0.1547,2.252237319946289
5KPH_6_2_8_0_combined_id19,1.3625162839889526,3.049128293991089,80.60374999999999,0.59,6,2,88.33208333333333,0.964285373687744,37.639847,71.18866,0.1849,2.228641086154514
5KPH_6_2_8_0_combined_id2,1.4294512271881104,6.291304111480713,90.37777777777778,0.74,6,2,88.33208333333333,0.964285373687744,37.639847,71.18866,0.1643,2.144429948594836
5KPH_6_2_8_0_combined_id20,1.9378736019134521,3.9991941452026367,81.76708333333333,0.63,6,2,88.33208333333333,0.964285373687744,37.639847,71.18866,0.1877,2.1596571604410806
5KPH_6_2_8_0_combined_id21,2.0142016410827637,4.23350715637207,84.40625,0.62,6,2,88.33208333333333,0.964285373687744,37.639847,71.18866,0.1709,2.156545850965712
5KPH_6_2_8_0_combined_id22,0.6711224317550659,5.904287815093994,94.97486111111112,0.82,6,2,88.33208333333333,0.964285373687744,37.639847,71.18866,0.1624,2.555477990044488
5KPH_6_2_8_0_combined_id23,1.348565697669983,3.5883326530456543,81.34472222222222,0.61,6,2,88.33208333333333,0.964285373687744,37.639847,71.18866,0.1562,2.393554263644748
5KPH_6_2_8_0_combined_id24,1.28353750705719,5.133946895599365,86.43625,0.68,6,2,88.33208333333333,0.964285373687744,37.639847,71.18866,0.1935,2.3441153632269964
5KPH_6_2_8_0_combined_id3,1.283136010169983,3.993957281112671,91.34180555555557,0.75,6,2,88.33208333333333,0.964285373687744,37.639847,71.18866,0.1671,2.2030667199028864
5KPH_6_2_8_0_combined_id4,0.8293613195419312,5.155364036560059,90.09,0.71,6,2,88.33208333333333,0.964285373687744,37.639847,71.18866,0.1616,2.1578875647650824
5KPH_6_2_8_0_combined_id6,1.203378438949585,5.190526008605957,89.41569444444445,0.72,6,2,88.33208333333333,0.964285373687744,37.639847,71.18866,0.1801,2.411837683783637
5KPH_6_2_8_0_combined_id7,1.9167001247406006,4.2206807136535645,82.49333333333334,0.62,6,2,88.33208333333333,0.964285373687744,37.639847,71.18866,0.1574,2.2974310980902777
5KPH_6_2_8_0_combined_id8,0.7104355692863464,5.456223487854004,91.5275,0.78,6,2,88.33208333333333,0.964285373687744,37.639847,71.18866,0.1647,2.211867438422309
5KPH_6_2_8_0_combined_id9,1.3612515926361084,4.79366397857666,88.29236111111112,0.7,6,2,88.33208333333333,0.964285373687744,37.639847,71.18866,0.1602,2.1617338392469616
5KPH_6_2_9_0_combined_id1,1.140188217163086,5.1253557205200195,91.45277777777778,0.76,6,2,91.2063888888889,0.6496339440345764,36.16262,73.668304,0.1572,2.101817660861545
5KPH_6_2_9_0_combined_id10,0.7702825665473938,5.67295503616333,93.76194444444444,0.78,6,2,91.2063888888889,0.6496339440345764,36.16262,73.668304,0.1947,1.965367847018772
5KPH_6_2_9_0_combined_id11,0.7499980926513672,5.394833087921143,90.37444444444444,0.74,6,2,91.2063888888889,0.6496339440345764,36.16262,73.668304,0.1699,2.044636408487956
5KPH_6_2_9_0_combined_id12,0.8919432163238525,5.416559219360352,89.03333333333335,0.7,6,2,91.2063888888889,0.6496339440345764,36.16262,73.668304,0.1783,1.9415067036946607
5KPH_6_2_9_0_combined_id13,0.7042374014854431,4.053378582000732,92.02944444444444,0.77,6,2,91.2063888888889,0.6496339440345764,36.16262,73.668304,0.2013,2.5729577806260853
5KPH_6_2_9_0_combined_id14,1.8258814811706543,4.609735012054443,86.50944444444444,0.69,6,2,91.2063888888889,0.6496339440345764,36.16262,73.668304,0.1749,2.1373028225368924
5KPH_6_2_9_0_combined_id15,0.7544230818748474,5.813236713409424,95.42916666666666,0.82,6,2,91.2063888888889,0.6496339440345764,36.16262,73.668304,0.1904,2.0143648783365884
5KPH_6_2_9_0_combined_id16,0.7897827625274658,5.848517417907715,94.05027777777778,0.8,6,2,91.2063888888889,0.6496339440345764,36.16262,73.668304,0.1872,2.4217650095621743
5KPH_6_2_9_0_combined_id17,0.8183504343032837,5.792332172393799,92.41958333333334,0.75,6,2,91.2063888888889,0.6496339440345764,36.16262,73.668304,0.1782,1.9903153313530817
5KPH_6_2_9_0_combined_id18,0.8635109066963196,5.276089668273926,91.92069444444444,0.77,6,2,91.2063888888889,0.6496339440345764,36.16262,73.668304,0.17,2.0287242465549045
5KPH_6_2_9_0_combined_id2,0.9239546656608582,5.822282791137695,92.35569444444444,0.76,6,2,91.2063888888889,0.6496339440345764,36.16262,73.668304,0.1872,1.9483894771999783
5KPH_6_2_9_0_combined_id20,0.6700682044029236,5.8350653648376465,94.50375,0.81,6,2,91.2063888888889,0.6496339440345764,36.16262,73.668304,0.1972,2.0958408779568143
5KPH_6_2_9_0_combined_id21,0.7135664224624634,5.946697235107422,95.28416666666666,0.81,6,2,91.2063888888889,0.6496339440345764,36.16262,73.668304,0.1904,2.150239732530382
5KPH_6_2_9_0_combined_id22,0.7990014553070068,4.329808712005615,92.36194444444445,0.77,6,2,91.2063888888889,0.6496339440345764,36.16262,73.668304,0.2061,2.3178318871392145
5KPH_6_2_9_0_combined_id23,0.7808012366294861,4.970394611358643,91.80111111111113,0.76,6,2,91.2063888888889,0.6496339440345764,36.16262,73.668304,0.1913,2.080753326416016
5KPH_6_2_9_0_combined_id24,0.5911182761192322,5.879279136657715,94.51819444444445,0.81,6,2,91.2063888888889,0.6496339440345764,36.16262,73.668304,0.1816,2.1329803466796875
5KPH_6_2_9_0_combined_id3,0.7194603681564331,5.497890949249268,93.30111111111113,0.78,6,2,91.2063888888889,0.6496339440345764,36.16262,73.668304,0.1685,2.1176831987169056
5KPH_6_2_9_0_combined_id4,0.7076728343963623,4.231966495513916,95.39416666666666,0.82,6,2,91.2063888888889,0.6496339440345764,36.16262,73.668304,0.1676,2.0223111046685114
5KPH_6_2_9_0_combined_id5,0.868965744972229,4.487107753753662,95.50194444444443,0.82,6,2,91.2063888888889,0.6496339440345764,36.16262,73.668304,0.1978,2.3304146660698786
5KPH_6_2_9_0_combined_id6,1.6406128406524658,3.1544783115386963,88.66472222222222,0.7,6,2,91.2063888888889,0.6496339440345764,36.16262,73.668304,0.1941,2.210253609551324
5KPH_6_2_9_0_combined_id7,0.7682009935379028,5.446434497833252,95.12208333333336,0.8,6,2,91.2063888888889,0.6496339440345764,36.16262,73.668304,0.1892,2.015897962782118
5KPH_6_2_9_0_combined_id8,1.8347938060760498,4.896365642547607,93.98625,0.8,6,2,91.2063888888889,0.6496339440345764,36.16262,73.668304,0.1901,2.0332209269205728
5KPH_6_2_9_0_combined_id9,0.8707514405250549,4.518529891967773,92.19541666666667,0.76,6,2,91.2063888888889,0.6496339440345764,36.16262,73.668304,0.177,2.0477286444769964
5KPH_6_4_0_0_combined_id1,0.5435501337051392,5.597721576690674,91.33263888888888,0.77,6,4,95.16847222222222,0.7460151314735413,36.54233,75.78509,0.1601,2.3871078491210938
5KPH_6_4_0_0_combined_id10,0.765066921710968,5.816561222076416,90.64097222222222,0.73,6,4,95.16847222222222,0.7460151314735413,36.54233,75.78509,0.1807,1.9638790554470489
5KPH_6_4_0_0_combined_id11,1.0325030088424683,3.4949748516082764,87.29791666666668,0.67,6,4,95.16847222222222,0.7460151314735413,36.54233,75.78509,0.1789,2.0186915927463107
5KPH_6_4_0_0_combined_id12,1.6980416774749756,3.4182522296905518,86.99291666666666,0.68,6,4,95.16847222222222,0.7460151314735413,36.54233,75.78509,0.1947,2.095124138726129
5KPH_6_4_0_0_combined_id13,0.7026354074478149,5.556717395782471,92.88666666666668,0.77,6,4,95.16847222222222,0.7460151314735413,36.54233,75.78509,0.1645,2.2780604892306857
5KPH_6_4_0_0_combined_id14,0.7570099830627441,5.169677734375,88.18152777777779,0.74,6,4,95.16847222222222,0.7460151314735413,36.54233,75.78509,0.1937,1.880356046888564
5KPH_6_4_0_0_combined_id15,0.8636257648468018,4.917719841003418,90.63055555555556,0.73,6,4,95.16847222222222,0.7460151314735413,36.54233,75.78509,0.1631,2.0592028299967446
5KPH_6_4_0_0_combined_id16,0.7764838933944702,5.00070333480835,91.81347222222225,0.79,6,4,95.16847222222222,0.7460151314735413,36.54233,75.78509,0.1514,2.228025436401367
5KPH_6_4_0_0_combined_id17,0.7009443044662476,5.500015735626221,93.00861111111112,0.79,6,4,95.16847222222222,0.7460151314735413,36.54233,75.78509,0.1922,2.198768615722656
5KPH_6_4_0_0_combined_id18,0.585487425327301,5.418259620666504,92.87305555555557,0.79,6,4,95.16847222222222,0.7460151314735413,36.54233,75.78509,0.173,2.165233188205295
5KPH_6_4_0_0_combined_id19,0.6736729741096497,5.026777744293213,89.31666666666668,0.73,6,4,95.16847222222222,0.7460151314735413,36.54233,75.78509,0.1702,2.0994495815700955
5KPH_6_4_0_0_combined_id2,1.5239845514297485,4.797290802001953,83.77749999999999,0.65,6,4,95.16847222222222,0.7460151314735413,36.54233,75.78509,0.1773,2.261312060885959
5KPH_6_4_0_0_combined_id20,0.9219999313354492,5.072624206542969,87.70291666666668,0.69,6,4,95.16847222222222,0.7460151314735413,36.54233,75.78509,0.1595,2.218306223551432
5KPH_6_4_0_0_combined_id21,0.7332378029823303,4.8105645179748535,85.10513888888889,0.65,6,4,95.16847222222222,0.7460151314735413,36.54233,75.78509,0.1614,2.2483531104193792
5KPH_6_4_0_0_combined_id22,0.8011791706085205,4.472102642059326,92.27958333333332,0.78,6,4,95.16847222222222,0.7460151314735413,36.54233,75.78509,0.1706,2.232469346788194
5KPH_6_4_0_0_combined_id23,2.1727170944213867,3.8976218700408936,85.30819444444445,0.63,6,4,95.16847222222222,0.7460151314735413,36.54233,75.78509,0.1814,2.4300689697265625
5KPH_6_4_0_0_combined_id24,0.7001814246177673,5.421504020690918,89.92083333333332,0.75,6,4,95.16847222222222,0.7460151314735413,36.54233,75.78509,0.2085,2.073171191745334
5KPH_6_4_0_0_combined_id3,0.9784643054008484,4.998529434204102,87.56194444444445,0.69,6,4,95.16847222222222,0.7460151314735413,36.54233,75.78509,0.194,2.141129599677192
5KPH_6_4_0_0_combined_id4,0.7199124097824097,5.371315002441406,91.63166666666667,0.74,6,4,95.16847222222222,0.7460151314735413,36.54233,75.78509,0.1737,1.9946871863471136
5KPH_6_4_0_0_combined_id5,1.1136752367019653,5.32939338684082,80.41208333333333,0.58,6,4,95.16847222222222,0.7460151314735413,36.54233,75.78509,0.1702,2.191260231865777
5KPH_6_4_0_0_combined_id6,1.4754533767700195,3.94368052482605,85.56583333333333,0.65,6,4,95.16847222222222,0.7460151314735413,36.54233,75.78509,0.1713,2.133612950642904
5KPH_6_4_0_0_combined_id7,0.967805802822113,4.949911594390869,88.32055555555556,0.72,6,4,95.16847222222222,0.7460151314735413,36.54233,75.78509,0.1807,1.989974763658312
5KPH_6_4_0_0_combined_id8,0.7959917187690735,5.548442840576172,94.34652777777777,0.8,6,4,95.16847222222222,0.7460151314735413,36.54233,75.78509,0.1907,2.0126978556315103
5KPH_6_4_0_0_combined_id9,0.7627572417259216,5.691061973571777,86.92972222222221,0.67,6,4,95.16847222222222,0.7460151314735413,36.54233,75.78509,0.1783,1.904364267985026
5KPH_6_4_1_0_combined_id1,0.687177300453186,5.047874927520752,89.6476388888889,0.7,6,4,90.5684722222222,0.8328031301498413,37.31248,74.65957,0.1776,1.9078814188639324
5KPH_6_4_1_0_combined_id10,1.2496769428253174,4.413068771362305,86.91347222222223,0.67,6,4,90.5684722222222,0.8328031301498413,37.31248,74.65957,0.1835,2.081287172105577
5KPH_6_4_1_0_combined_id11,0.8001064658164978,5.538052082061768,91.5547222222222,0.78,6,4,90.5684722222222,0.8328031301498413,37.31248,74.65957,0.1989,2.064016342163086
5KPH_6_4_1_0_combined_id12,0.8768731951713562,4.734437465667725,91.80291666666668,0.74,6,4,90.5684722222222,0.8328031301498413,37.31248,74.65957,0.1811,2.03989749484592
5KPH_6_4_1_0_combined_id13,0.469922810792923,5.853601932525635,95.58388888888888,0.82,6,4,90.5684722222222,0.8328031301498413,37.31248,74.65957,0.1724,2.223276562160916
5KPH_6_4_1_0_combined_id14,0.9757946133613586,4.441864490509033,83.70902777777776,0.61,6,4,90.5684722222222,0.8328031301498413,37.31248,74.65957,0.1789,1.967715369330512
5KPH_6_4_1_0_combined_id15,1.6182584762573242,4.160905361175537,84.70416666666667,0.67,6,4,90.5684722222222,0.8328031301498413,37.31248,74.65957,0.1716,2.0480134752061634
5KPH_6_4_1_0_combined_id16,0.7113651037216187,4.370969772338867,90.60138888888888,0.73,6,4,90.5684722222222,0.8328031301498413,37.31248,74.65957,0.1793,1.9977249569363065
5KPH_6_4_1_0_combined_id17,0.6362674236297607,5.597750186920166,95.04097222222222,0.81,6,4,90.5684722222222,0.8328031301498413,37.31248,74.65957,0.1668,2.085394117567274
5KPH_6_4_1_0_combined_id18,0.778718113899231,5.583374500274658,88.96222222222222,0.68,6,4,90.5684722222222,0.8328031301498413,37.31248,74.65957,0.1674,2.013651741875542
5KPH_6_4_1_0_combined_id19,0.6573968529701233,5.472513198852539,88.64833333333334,0.68,6,4,90.5684722222222,0.8328031301498413,37.31248,74.65957,0.1713,2.1686490376790366
5KPH_6_4_1_0_combined_id2,2.1353368759155273,3.666840076446533,85.58444444444444,0.65,6,4,90.5684722222222,0.8328031301498413,37.31248,74.65957,0.1314,2.306870142618815
5KPH_6_4_1_0_combined_id20,0.9353284239768982,3.5704851150512695,88.33250000000001,0.66,6,4,90.5684722222222,0.8328031301498413,37.31248,74.65957,0.1757,1.9785950978597004
5KPH_6_4_1_0_combined_id21,0.684970498085022,5.951793670654297,91.6561111111111,0.78,6,4,90.5684722222222,0.8328031301498413,37.31248,74.65957,0.1756,2.1405177646213107
5KPH_6_4_1_0_combined_id22,0.6368201971054077,5.79396915435791,94.88916666666668,0.81,6,4,90.5684722222222,0.8328031301498413,37.31248,74.65957,0.1642,2.16706911722819
5KPH_6_4_1_0_combined_id23,0.6123294234275818,4.114189624786377,91.74472222222222,0.76,6,4,90.5684722222222,0.8328031301498413,37.31248,74.65957,0.1773,2.1781298319498696
5KPH_6_4_1_0_combined_id24,0.6799824833869934,5.32467794418335,88.79347222222222,0.72,6,4,90.5684722222222,0.8328031301498413,37.31248,74.65957,0.1538,2.2662285698784723
5KPH_6_4_1_0_combined_id3,0.909212052822113,4.7170939445495605,88.38708333333334,0.69,6,4,90.5684722222222,0.8328031301498413,37.31248,74.65957,0.1956,2.03851064046224
5KPH_6_4_1_0_combined_id4,0.6820050477981567,4.851006507873535,92.57569444444444,0.77,6,4,90.5684722222222,0.8328031301498413,37.31248,74.65957,0.1807,2.2040918138292103
5KPH_6_4_1_0_combined_id5,0.7464497089385986,4.830020427703857,88.30444444444444,0.68,6,4,90.5684722222222,0.8328031301498413,37.31248,74.65957,0.1719,2.1584695180257163
5KPH_6_4_1_0_combined_id6,0.5881107449531555,4.521845817565918,90.45944444444444,0.72,6,4,90.5684722222222,0.8328031301498413,37.31248,74.65957,0.1783,2.031768374972873
5KPH_6_4_1_0_combined_id7,0.6567391753196716,4.706639289855957,88.84041666666667,0.72,6,4,90.5684722222222,0.8328031301498413,37.31248,74.65957,0.1634,2.2431538899739585
5KPH_6_4_1_0_combined_id8,1.481945276260376,4.45408296585083,90.26763888888888,0.72,6,4,90.5684722222222,0.8328031301498413,37.31248,74.65957,0.185,2.3308694627549915
5KPH_6_4_1_0_combined_id9,1.9951579570770264,3.346433162689209,88.46222222222222,0.68,6,4,90.5684722222222,0.8328031301498413,37.31248,74.65957,0.197,2.035045623779297
5KPH_6_4_4_0_combined_id1,0.7656864523887634,5.571176052093506,93.31138888888889,0.8,6,4,93.83625,0.5706783533096313,37.997528,76.66404,0.1863,2.193291982014974
5KPH_6_4_4_0_combined_id10,0.8497405648231506,4.86594295501709,83.44958333333334,0.65,6,4,93.83625,0.5706783533096313,37.997528,76.66404,0.1635,2.1972052256266275
5KPH_6_4_4_0_combined_id11,0.8400847315788269,5.1476850509643555,93.20833333333331,0.77,6,4,93.83625,0.5706783533096313,37.997528,76.66404,0.1484,2.1185103522406683
5KPH_6_4_4_0_combined_id12,1.7567517757415771,3.50528621673584,90.66944444444444,0.74,6,4,93.83625,0.5706783533096313,37.997528,76.66404,0.1889,2.058820512559679
5KPH_6_4_4_0_combined_id13,1.5990475416183472,3.743483066558838,87.99069444444444,0.65,6,4,93.83625,0.5706783533096313,37.997528,76.66404,0.1684,2.194128248426649
5KPH_6_4_4_0_combined_id14,0.7571967244148254,5.383913516998291,95.23666666666666,0.81,6,4,93.83625,0.5706783533096313,37.997528,76.66404,0.1704,2.331048753526476
5KPH_6_4_4_0_combined_id15,0.7204676270484924,5.572063446044922,88.09583333333333,0.72,6,4,93.83625,0.5706783533096313,37.997528,76.66404,0.1609,2.211059146457248
5KPH_6_4_4_0_combined_id16,0.919721245765686,4.2315521240234375,86.8075,0.65,6,4,93.83625,0.5706783533096313,37.997528,76.66404,0.1741,2.1137178209092884
5KPH_6_4_4_0_combined_id17,1.059743881225586,5.305952072143555,86.85597222222222,0.66,6,4,93.83625,0.5706783533096313,37.997528,76.66404,0.1538,2.1649252573649087
5KPH_6_4_4_0_combined_id18,0.7840782999992371,4.085013389587402,92.06541666666666,0.76,6,4,93.83625,0.5706783533096313,37.997528,76.66404,0.1636,2.1570235358344183
5KPH_6_4_4_0_combined_id19,1.005177617073059,5.144194602966309,90.63763888888889,0.75,6,4,93.83625,0.5706783533096313,37.997528,76.66404,0.1408,2.229987038506402
5KPH_6_4_4_0_combined_id2,0.8593671321868896,5.166647434234619,92.69208333333331,0.77,6,4,93.83625,0.5706783533096313,37.997528,76.66404,0.1464,2.316759321424696
5KPH_6_4_4_0_combined_id20,1.175498366355896,3.7012481689453125,89.80319444444444,0.72,6,4,93.83625,0.5706783533096313,37.997528,76.66404,0.1872,2.158254623413086
5KPH_6_4_4_0_combined_id21,1.7879875898361206,3.6550989151000977,87.63458333333332,0.67,6,4,93.83625,0.5706783533096313,37.997528,76.66404,0.1635,2.110098944769965
5KPH_6_4_4_0_combined_id22,10.826395988464355,12.799758911132812,82.50972222222222,0.6,6,4,93.83625,0.5706783533096313,37.997528,76.66404,0.1678,2.179541481865777
5KPH_6_4_4_0_combined_id23,0.7527683973312378,5.894308567047119,94.04194444444444,0.79,6,4,93.83625,0.5706783533096313,37.997528,76.66404,0.1629,2.3059310913085938
5KPH_6_4_4_0_combined_id24,0.9374674558639526,5.387129306793213,93.13430555555556,0.78,6,4,93.83625,0.5706783533096313,37.997528,76.66404,0.1811,1.966184192233616
5KPH_6_4_4_0_combined_id3,0.7482501268386841,5.330727577209473,83.87833333333333,0.66,6,4,93.83625,0.5706783533096313,37.997528,76.66404,0.1944,2.1956265767415366
5KPH_6_4_4_0_combined_id4,2.1232545375823975,3.081972360610962,93.74819444444444,0.78,6,4,93.83625,0.5706783533096313,37.997528,76.66404,0.1544,2.118682861328125
5KPH_6_4_4_0_combined_id5,0.9409536123275757,4.299222469329834,86.52708333333334,0.68,6,4,93.83625,0.5706783533096313,37.997528,76.66404,0.2115,2.150291866726345
5KPH_6_4_4_0_combined_id6,1.1662254333496094,4.4939799308776855,90.91916666666668,0.74,6,4,93.83625,0.5706783533096313,37.997528,76.66404,0.1859,2.182149463229709
5KPH_6_4_4_0_combined_id9,2.043621778488159,3.854682207107544,86.44874999999999,0.69,6,4,93.83625,0.5706783533096313,37.997528,76.66404,0.2063,2.1757244533962674
5KPH_6_6_8_0_combined_id1,1.4494938850402832,5.321710109710693,94.65333333333334,0.8,6,6,90.275,0.815863311290741,37.280243,76.00269,0.2058,2.0326275295681424
5KPH_6_6_8_0_combined_id10,1.7267686128616333,3.443765163421631,91.76902777777778,0.74,6,6,90.275,0.815863311290741,37.280243,76.00269,0.1945,2.1173695458306208
5KPH_6_6_8_0_combined_id11,0.827739417552948,4.983362197875977,94.50722222222224,0.79,6,6,90.275,0.815863311290741,37.280243,76.00269,0.1839,2.1135275099012585
5KPH_6_6_8_0_combined_id12,0.7223941087722778,4.952043533325195,90.14597222222224,0.72,6,6,90.275,0.815863311290741,37.280243,76.00269,0.1732,2.1106965806749134
5KPH_6_6_8_0_combined_id13,0.6865696907043457,5.19108247756958,92.03305555555556,0.76,6,6,90.275,0.815863311290741,37.280243,76.00269,0.1618,2.13581657409668
5KPH_6_6_8_0_combined_id14,0.8082922101020813,5.573124408721924,93.90458333333332,0.78,6,6,90.275,0.815863311290741,37.280243,76.00269,0.1885,2.128329383002387
5KPH_6_6_8_0_combined_id15,0.8697519898414612,5.3803324699401855,88.13541666666667,0.67,6,6,90.275,0.815863311290741,37.280243,76.00269,0.1988,2.0168554517957897
5KPH_6_6_8_0_combined_id16,0.6367650032043457,5.823331356048584,94.32027777777778,0.81,6,6,90.275,0.815863311290741,37.280243,76.00269,0.1926,2.001562754313151
5KPH_6_6_8_0_combined_id17,0.683054506778717,6.058926582336426,95.25819444444444,0.81,6,6,90.275,0.815863311290741,37.280243,76.00269,0.1848,2.0792649586995444
5KPH_6_6_8_0_combined_id18,2.4485232830047607,3.812060832977295,88.39166666666668,0.69,6,6,90.275,0.815863311290741,37.280243,76.00269,0.193,1.959900114271376
5KPH_6_6_8_0_combined_id19,0.8931699991226196,5.139495372772217,91.85013888888888,0.76,6,6,90.275,0.815863311290741,37.280243,76.00269,0.1916,2.351465437147352
5KPH_6_6_8_0_combined_id2,0.7024524211883545,5.974786758422852,92.34263888888889,0.77,6,6,90.275,0.815863311290741,37.280243,76.00269,0.2107,2.003620783487956
5KPH_6_6_8_0_combined_id20,1.0043858289718628,5.396209239959717,88.94125000000001,0.72,6,6,90.275,0.815863311290741,37.280243,76.00269,0.1724,1.946195814344618
5KPH_6_6_8_0_combined_id21,0.697624683380127,4.94347620010376,90.22680555555556,0.69,6,6,90.275,0.815863311290741,37.280243,76.00269,0.1729,2.0582358042399087
5KPH_6_6_8_0_combined_id22,1.1712605953216553,5.130251407623291,89.63680555555555,0.72,6,6,90.275,0.815863311290741,37.280243,76.00269,0.1632,2.079429626464844
5KPH_6_6_8_0_combined_id23,0.7701650857925415,4.2083587646484375,89.91791666666667,0.72,6,6,90.275,0.815863311290741,37.280243,76.00269,0.1882,2.0111045837402344
5KPH_6_6_8_0_combined_id24,0.8303409218788147,5.706033229827881,91.01416666666664,0.74,6,6,90.275,0.815863311290741,37.280243,76.00269,0.1936,2.1455006069607205
5KPH_6_6_8_0_combined_id3,1.036496877670288,4.036852836608887,90.91583333333334,0.72,6,6,90.275,0.815863311290741,37.280243,76.00269,0.1686,2.089036305745443
5KPH_6_6_8_0_combined_id4,1.1060205698013306,4.62764835357666,87.16680555555556,0.67,6,6,90.275,0.815863311290741,37.280243,76.00269,0.2146,1.892290751139323
5KPH_6_6_8_0_combined_id5,0.8977003693580627,5.487595558166504,90.93833333333332,0.72,6,6,90.275,0.815863311290741,37.280243,76.00269,0.1785,2.099901623196072
5KPH_6_6_8_0_combined_id6,0.9245083928108215,5.6801581382751465,91.67916666666666,0.74,6,6,90.275,0.815863311290741,37.280243,76.00269,0.1842,1.840939627753364
5KPH_6_6_8_0_combined_id7,0.738608181476593,5.707579135894775,94.16361111111112,0.8,6,6,90.275,0.815863311290741,37.280243,76.00269,0.1691,2.1225897471110025
5KPH_6_6_8_0_combined_id8,0.9771650433540344,3.655625104904175,87.2475,0.7,6,6,90.275,0.815863311290741,37.280243,76.00269,0.1899,2.0395304361979165
5KPH_6_6_8_0_combined_id9,0.9310372471809387,4.834249973297119,86.34930555555556,0.67,6,6,90.275,0.815863311290741,37.280243,76.00269,0.2086,1.9729451073540585
5KPH_8_6_4_0_combined_id1,0.6305974125862122,7.022426128387451,93.16361111111112,0.79,8,6,92.17777777777776,0.8055733442306519,41.447235,90.385635,0.1768,2.374779171413845
5KPH_8_6_4_0_combined_id10,0.5979858040809631,7.641811370849609,94.18611111111112,0.79,8,6,92.17777777777776,0.8055733442306519,41.447235,90.385635,0.1687,2.109433068169488
5KPH_8_6_4_0_combined_id11,1.1335848569869995,5.82041072845459,89.625,0.74,8,6,92.17777777777776,0.8055733442306519,41.447235,90.385635,0.1767,2.182994630601671
5KPH_8_6_4_0_combined_id12,1.2846230268478394,7.965929985046387,94.19277777777778,0.8,8,6,92.17777777777776,0.8055733442306519,41.447235,90.385635,0.1769,2.2078369988335504
5KPH_8_6_4_0_combined_id13,0.7626776695251465,7.326235294342041,90.87875,0.74,8,6,92.17777777777776,0.8055733442306519,41.447235,90.385635,0.1714,2.1062104966905384
5KPH_8_6_4_0_combined_id14,0.9355005621910095,7.660505771636963,91.66402777777778,0.76,8,6,92.17777777777776,0.8055733442306519,41.447235,90.385635,0.1656,2.0845440758599176
5KPH_8_6_4_0_combined_id15,0.7168952226638794,6.404221057891846,90.04902777777778,0.73,8,6,92.17777777777776,0.8055733442306519,41.447235,90.385635,0.1882,2.259313159518772
5KPH_8_6_4_0_combined_id16,0.8341292142868042,5.567037105560303,87.93347222222222,0.71,8,6,92.17777777777776,0.8055733442306519,41.447235,90.385635,0.1569,2.1153977711995444
5KPH_8_6_4_0_combined_id17,1.0564014911651611,7.631499767303467,90.58555555555556,0.75,8,6,92.17777777777776,0.8055733442306519,41.447235,90.385635,0.1929,2.0767767164442272
5KPH_8_6_4_0_combined_id18,1.6053779125213623,5.881195545196533,91.87819444444445,0.78,8,6,92.17777777777776,0.8055733442306519,41.447235,90.385635,0.1744,2.0748589833577475
5KPH_8_6_4_0_combined_id19,0.6967324614524841,6.150524616241455,90.84583333333332,0.75,8,6,92.17777777777776,0.8055733442306519,41.447235,90.385635,0.1617,2.117031733194987
5KPH_8_6_4_0_combined_id2,0.7501826286315918,7.845914840698242,96.18833333333332,0.83,8,6,92.17777777777776,0.8055733442306519,41.447235,90.385635,0.1735,2.2380171881781683
5KPH_8_6_4_0_combined_id20,0.7179051041603088,7.649649143218994,95.5184722222222,0.8,8,6,92.17777777777776,0.8055733442306519,41.447235,90.385635,0.1789,2.366564008924696
5KPH_8_6_4_0_combined_id21,0.8104726076126099,4.79843282699585,86.37041666666667,0.69,8,6,92.17777777777776,0.8055733442306519,41.447235,90.385635,0.1494,2.126163482666016
5KPH_8_6_4_0_combined_id22,1.3828023672103882,6.127172470092773,89.10458333333334,0.64,8,6,92.17777777777776,0.8055733442306519,41.447235,90.385635,0.1933,2.119434356689453
5KPH_8_6_4_0_combined_id23,0.7935922145843506,6.359627723693848,89.59416666666668,0.74,8,6,92.17777777777776,0.8055733442306519,41.447235,90.385635,0.1741,2.213131798638238
5KPH_8_6_4_0_combined_id24,1.0319873094558716,6.003856658935547,86.2201388888889,0.67,8,6,92.17777777777776,0.8055733442306519,41.447235,90.385635,0.1901,2.1937984890407987
5KPH_8_6_4_0_combined_id3,0.9756755232810974,7.372907638549805,89.63333333333333,0.73,8,6,92.17777777777776,0.8055733442306519,41.447235,90.385635,0.1959,2.0558874342176647
5KPH_8_6_4_0_combined_id4,0.6270021796226501,7.670958995819092,93.43541666666664,0.8,8,6,92.17777777777776,0.8055733442306519,41.447235,90.385635,0.1729,2.4073573218451605
5KPH_8_6_4_0_combined_id5,1.1539753675460815,7.6142988204956055,90.75722222222224,0.75,8,6,92.17777777777776,0.8055733442306519,41.447235,90.385635,0.1679,2.3341348436143665
5KPH_8_6_4_0_combined_id6,11.79468822479248,13.527856826782227,77.54791666666668,0.55,8,6,92.17777777777776,0.8055733442306519,41.447235,90.385635,0.1759,2.189794752332899
5KPH_8_6_4_0_combined_id7,1.265493631362915,8.214920997619629,92.4502777777778,0.78,8,6,92.17777777777776,0.8055733442306519,41.447235,90.385635,0.17,2.285127851698133
5KPH_8_6_4_0_combined_id8,1.194778323173523,7.886280536651611,91.99569444444444,0.78,8,6,92.17777777777776,0.8055733442306519,41.447235,90.385635,0.194,2.235208511352539
5KPH_8_8_0_0_combined_id1,1.4178285598754883,7.186717987060547,90.01013888888889,0.72,8,8,91.66083333333331,0.6021072268486023,43.978207,99.94482,0.1491,2.6240562862820096
5KPH_8_8_0_0_combined_id10,2.4693613052368164,5.4232025146484375,90.46444444444444,0.72,8,8,91.66083333333331,0.6021072268486023,43.978207,99.94482,0.1857,2.2542182074652777
5KPH_8_8_0_0_combined_id11,0.9198157787322998,5.549501895904541,87.6325,0.7,8,8,91.66083333333331,0.6021072268486023,43.978207,99.94482,0.1624,2.241507636176215
5KPH_8_8_0_0_combined_id12,0.7761130928993225,7.761528968811035,92.21708333333332,0.75,8,8,91.66083333333331,0.6021072268486023,43.978207,99.94482,0.179,2.2762603759765625
5KPH_8_8_0_0_combined_id13,0.8481007218360901,7.933845520019531,92.4340277777778,0.8,8,8,91.66083333333331,0.6021072268486023,43.978207,99.94482,0.193,2.470694647894965
5KPH_8_8_0_0_combined_id14,0.8543474078178406,7.788755893707275,94.56791666666666,0.81,8,8,91.66083333333331,0.6021072268486023,43.978207,99.94482,0.1963,2.336600409613715
5KPH_8_8_0_0_combined_id15,3.31327486038208,3.3874661922454834,84.85763888888889,0.64,8,8,91.66083333333331,0.6021072268486023,43.978207,99.94482,0.1577,1.9913096957736545
5KPH_8_8_0_0_combined_id16,0.6994897127151489,7.818833351135254,94.81222222222225,0.8,8,8,91.66083333333331,0.6021072268486023,43.978207,99.94482,0.1845,2.1671373579237194
5KPH_8_8_0_0_combined_id17,0.9479966163635254,7.922824382781982,95.04347222222223,0.82,8,8,91.66083333333331,0.6021072268486023,43.978207,99.94482,0.2015,2.15714348687066
5KPH_8_8_0_0_combined_id18,0.9544225931167603,5.436093807220459,87.1625,0.66,8,8,91.66083333333331,0.6021072268486023,43.978207,99.94482,0.1602,2.597987280951606
5KPH_8_8_0_0_combined_id19,3.4649994373321533,4.148007392883301,84.21930555555555,0.62,8,8,91.66083333333331,0.6021072268486023,43.978207,99.94482,0.1906,2.0012944539388022
5KPH_8_8_0_0_combined_id2,2.438521146774292,4.754837512969971,79.70944444444444,0.59,8,8,91.66083333333331,0.6021072268486023,43.978207,99.94482,0.1686,2.168087429470486
5KPH_8_8_0_0_combined_id20,1.0325838327407837,6.3211846351623535,85.78763888888889,0.69,8,8,91.66083333333331,0.6021072268486023,43.978207,99.94482,0.205,2.2093444400363498
5KPH_8_8_0_0_combined_id21,0.6525264978408813,7.723708152770996,96.0809722222222,0.83,8,8,91.66083333333331,0.6021072268486023,43.978207,99.94482,0.2004,2.365759743584527
5KPH_8_8_0_0_combined_id22,1.1408922672271729,8.07088851928711,91.9725,0.78,8,8,91.66083333333331,0.6021072268486023,43.978207,99.94482,0.1837,2.3408985137939453
5KPH_8_8_0_0_combined_id23,0.933588445186615,6.268684387207031,86.84986111111112,0.67,8,8,91.66083333333331,0.6021072268486023,43.978207,99.94482,0.1948,2.0636359320746527
5KPH_8_8_0_0_combined_id24,3.8013267517089844,3.938145399093628,86.82375,0.63,8,8,91.66083333333331,0.6021072268486023,43.978207,99.94482,0.1729,1.89639769660102
5KPH_8_8_0_0_combined_id3,0.9333447813987732,5.107246398925781,92.42444444444445,0.79,8,8,91.66083333333331,0.6021072268486023,43.978207,99.94482,0.1864,2.069591098361545
5KPH_8_8_0_0_combined_id4,0.7392668128013611,6.823153018951416,86.23263888888889,0.68,8,8,91.66083333333331,0.6021072268486023,43.978207,99.94482,0.2033,2.183735741509332
5KPH_8_8_0_0_combined_id5,0.7378067970275879,5.8109564781188965,89.28902777777779,0.71,8,8,91.66083333333331,0.6021072268486023,43.978207,99.94482,0.1959,2.253779729207357
5KPH_8_8_0_0_combined_id6,0.577793300151825,7.604161262512207,95.17944444444444,0.8,8,8,91.66083333333331,0.6021072268486023,43.978207,99.94482,0.1896,2.267919964260525
5KPH_8_8_0_0_combined_id7,0.5489209890365601,7.73397970199585,94.2565277777778,0.8,8,8,91.66083333333331,0.6021072268486023,43.978207,99.94482,0.1748,2.1684392293294272
5KPH_8_8_0_0_combined_id8,1.3800183534622192,2.1340417861938477,84.76777777777777,0.66,8,8,91.66083333333331,0.6021072268486023,43.978207,99.94482,0.1678,2.121033138699002
5KPH_8_8_0_0_combined_id9,0.7667197585105896,5.041324138641357,84.37722222222222,0.64,8,8,91.66083333333331,0.6021072268486023,43.978207,99.94482,0.1628,2.213556077745226
5KPH_8_8_5_0_combined_id1,2.2572433948516846,5.108100414276123,84.72847222222224,0.66,8,8,90.56111111111112,0.6656556725502014,44.083244,101.12967,0.1523,2.2901636759440103
5KPH_8_8_5_0_combined_id10,0.7515936493873596,7.460041046142578,88.82347222222222,0.7,8,8,90.56111111111112,0.6656556725502014,44.083244,101.12967,0.1564,2.294521755642361
5KPH_8_8_5_0_combined_id11,0.6043821573257446,7.809929370880127,92.09722222222224,0.76,8,8,90.56111111111112,0.6656556725502014,44.083244,101.12967,0.1778,2.133417765299479
5KPH_8_8_5_0_combined_id12,0.7343001365661621,7.0427165031433105,91.16666666666669,0.72,8,8,90.56111111111112,0.6656556725502014,44.083244,101.12967,0.1714,2.18039788140191
5KPH_8_8_5_0_combined_id13,1.0613291263580322,1.5732967853546143,83.38222222222223,0.63,8,8,90.56111111111112,0.6656556725502014,44.083244,101.12967,0.171,1.982492234971788
5KPH_8_8_5_0_combined_id14,0.8653003573417664,7.857586860656738,92.67013888888889,0.76,8,8,90.56111111111112,0.6656556725502014,44.083244,101.12967,0.1701,2.461658901638455
5KPH_8_8_5_0_combined_id15,0.668091893196106,7.809915542602539,93.18319444444444,0.76,8,8,90.56111111111112,0.6656556725502014,44.083244,101.12967,0.1814,2.3163994683159723
5KPH_8_8_5_0_combined_id16,1.251310110092163,5.730188846588135,83.6413888888889,0.59,8,8,90.56111111111112,0.6656556725502014,44.083244,101.12967,0.1514,2.288433498806424
5KPH_8_8_5_0_combined_id17,0.9322230219841003,8.048013687133789,93.11916666666669,0.75,8,8,90.56111111111112,0.6656556725502014,44.083244,101.12967,0.1772,2.187724007500542
5KPH_8_8_5_0_combined_id18,0.9790703654289246,5.712704181671143,92.98305555555557,0.79,8,8,90.56111111111112,0.6656556725502014,44.083244,101.12967,0.1718,2.3417521582709417
5KPH_8_8_5_0_combined_id19,2.0743677616119385,1.888169765472412,87.87472222222222,0.67,8,8,90.56111111111112,0.6656556725502014,44.083244,101.12967,0.1558,2.2497706943088107
5KPH_8_8_5_0_combined_id2,0.6670387983322144,7.636816501617432,93.91083333333331,0.79,8,8,90.56111111111112,0.6656556725502014,44.083244,101.12967,0.1565,2.3625946044921875
5KPH_8_8_5_0_combined_id20,1.0937919616699219,8.025723457336426,90.56902777777776,0.74,8,8,90.56111111111112,0.6656556725502014,44.083244,101.12967,0.1622,2.444881863064236
5KPH_8_8_5_0_combined_id21,3.6978635787963867,4.282047271728516,91.3925,0.75,8,8,90.56111111111112,0.6656556725502014,44.083244,101.12967,0.1825,2.0656185150146484
5KPH_8_8_5_0_combined_id22,0.9317632913589478,7.736286163330078,92.98097222222222,0.77,8,8,90.56111111111112,0.6656556725502014,44.083244,101.12967,0.1825,2.2186436123318143
5KPH_8_8_5_0_combined_id23,2.331868886947632,5.00161600112915,81.58180555555555,0.64,8,8,90.56111111111112,0.6656556725502014,44.083244,101.12967,0.1612,2.2634976704915366
5KPH_8_8_5_0_combined_id24,0.7973662614822388,7.976050853729248,93.19416666666667,0.79,8,8,90.56111111111112,0.6656556725502014,44.083244,101.12967,0.1798,2.384391360812717
5KPH_8_8_5_0_combined_id3,0.707995593547821,8.037215232849121,92.55069444444445,0.76,8,8,90.56111111111112,0.6656556725502014,44.083244,101.12967,0.1658,2.254874971177843
5KPH_8_8_5_0_combined_id4,0.6915285587310791,5.957988262176514,92.3273611111111,0.76,8,8,90.56111111111112,0.6656556725502014,44.083244,101.12967,0.1849,2.0423187679714627
5KPH_8_8_5_0_combined_id5,1.297141671180725,6.689071178436279,89.27708333333334,0.73,8,8,90.56111111111112,0.6656556725502014,44.083244,101.12967,0.163,2.4033148023817272
5KPH_8_8_5_0_combined_id6,0.5707252025604248,7.810492515563965,96.09097222222222,0.82,8,8,90.56111111111112,0.6656556725502014,44.083244,101.12967,0.1749,2.331390804714627
5KPH_8_8_5_0_combined_id7,0.6590394973754883,7.777390956878662,94.01611111111112,0.78,8,8,90.56111111111112,0.6656556725502014,44.083244,101.12967,0.1895,2.2612940470377603
5KPH_8_8_5_0_combined_id8,0.8591942191123962,5.6431355476379395,88.47305555555555,0.69,8,8,90.56111111111112,0.6656556725502014,44.083244,101.12967,0.1576,2.293904622395833
5KPH_8_8_5_0_combined_id9,1.0926713943481445,3.121129035949707,88.61430555555556,0.72,8,8,90.56111111111112,0.6656556725502014,44.083244,101.12967,0.179,2.1143887837727866
5KPH_8_8_9_0_combined_id1,1.3399302959442139,7.018577575683594,88.88486111111109,0.74,8,8,89.40694444444445,0.9552789330482484,43.39029,100.44456,0.1411,2.026012208726671
5KPH_8_8_9_0_combined_id10,2.581608772277832,7.067105293273926,85.58055555555556,0.7,8,8,89.40694444444445,0.9552789330482484,43.39029,100.44456,0.1441,2.1139231787787542
5KPH_8_8_9_0_combined_id11,1.6666579246520996,7.513678550720215,90.85430555555556,0.73,8,8,89.40694444444445,0.9552789330482484,43.39029,100.44456,0.1497,1.97407701280382
5KPH_8_8_9_0_combined_id12,0.7219735980033875,7.964303493499756,93.23097222222222,0.8,8,8,89.40694444444445,0.9552789330482484,43.39029,100.44456,0.1369,2.660809834798177
5KPH_8_8_9_0_combined_id13,1.9361915588378906,6.767581939697266,85.64763888888889,0.64,8,8,89.40694444444445,0.9552789330482484,43.39029,100.44456,0.1615,1.93093384636773
5KPH_8_8_9_0_combined_id14,1.1621410846710205,6.703439235687256,87.49833333333333,0.69,8,8,89.40694444444445,0.9552789330482484,43.39029,100.44456,0.1631,2.098718431260851
5KPH_8_8_9_0_combined_id15,1.5675983428955078,6.469736099243164,90.28597222222224,0.74,8,8,89.40694444444445,0.9552789330482484,43.39029,100.44456,0.1554,2.0683636135525174
5KPH_8_8_9_0_combined_id16,0.8736042976379395,7.681009292602539,89.20527777777778,0.74,8,8,89.40694444444445,0.9552789330482484,43.39029,100.44456,0.1469,2.566063986884223
5KPH_8_8_9_0_combined_id17,1.47115159034729,6.405393123626709,80.50319444444443,0.61,8,8,89.40694444444445,0.9552789330482484,43.39029,100.44456,0.1469,2.1765997144911022
5KPH_8_8_9_0_combined_id18,2.5341761112213135,5.944326400756836,84.83430555555555,0.65,8,8,89.40694444444445,0.9552789330482484,43.39029,100.44456,0.1684,2.01139767964681
5KPH_8_8_9_0_combined_id19,1.3738479614257812,6.436795234680176,86.10680555555557,0.65,8,8,89.40694444444445,0.9552789330482484,43.39029,100.44456,0.1444,2.298937267727322
5KPH_8_8_9_0_combined_id2,1.091543436050415,7.75059175491333,75.68444444444444,0.56,8,8,89.40694444444445,0.9552789330482484,43.39029,100.44456,0.1581,2.146667904324002
5KPH_8_8_9_0_combined_id20,3.0270161628723145,1.7990565299987793,81.12152777777777,0.58,8,8,89.40694444444445,0.9552789330482484,43.39029,100.44456,0.1652,1.9718975490993924
5KPH_8_8_9_0_combined_id21,1.1320656538009644,7.784152507781982,94.31569444444445,0.78,8,8,89.40694444444445,0.9552789330482484,43.39029,100.44456,0.1648,2.3359722561306424
5KPH_8_8_9_0_combined_id22,1.739271640777588,5.1331868171691895,87.00791666666667,0.69,8,8,89.40694444444445,0.9552789330482484,43.39029,100.44456,0.1858,2.075531429714627
5KPH_8_8_9_0_combined_id23,0.7587534189224243,7.831851482391357,92.88680555555555,0.78,8,8,89.40694444444445,0.9552789330482484,43.39029,100.44456,0.1482,2.326025856865777
5KPH_8_8_9_0_combined_id24,1.7106598615646362,7.49969482421875,85.66791666666667,0.65,8,8,89.40694444444445,0.9552789330482484,43.39029,100.44456,0.1612,2.154452006022136
5KPH_8_8_9_0_combined_id3,4.884711265563965,3.9061641693115234,75.05888888888889,0.49,8,8,89.40694444444445,0.9552789330482484,43.39029,100.44456,0.1451,2.053217569986979
5KPH_8_8_9_0_combined_id4,1.2969681024551392,6.39275598526001,86.78902777777778,0.69,8,8,89.40694444444445,0.9552789330482484,43.39029,100.44456,0.1788,2.181982252332899
5KPH_8_8_9_0_combined_id5,1.0186570882797241,8.248723030090332,85.86458333333333,0.69,8,8,89.40694444444445,0.9552789330482484,43.39029,100.44456,0.1619,2.352616204155816
5KPH_8_8_9_0_combined_id6,1.2379355430603027,8.098410606384277,89.37458333333333,0.75,8,8,89.40694444444445,0.9552789330482484,43.39029,100.44456,0.161,2.1577050950792103
5KPH_8_8_9_0_combined_id7,2.4477686882019043,4.714944362640381,86.6276388888889,0.58,8,8,89.40694444444445,0.9552789330482484,43.39029,100.44456,0.1527,2.034963607788086
5KPH_8_8_9_0_combined_id8,1.633143424987793,6.5106682777404785,79.6276388888889,0.57,8,8,89.40694444444445,0.9552789330482484,43.39029,100.44456,0.1517,2.1692882113986545
5KPH_8_8_9_0_combined_id9,2.4372317790985107,5.676000595092773,84.68402777777777,0.6,8,8,89.40694444444445,0.9552789330482484,43.39029,100.44456,0.1552,2.13151592678494
