Start: Sun Jul 12 17:14:30 PDT 2026
==============================================================
job_number:                 4164670
exec_file:                  job_scripts/4164670
submission_time:            Sun Jul 12 17:14:09 2026
owner:                      geanhu
uid:                        64854
group:                      wynton-rotation
gid:                        60001
sge_o_home:                 /wynton/home/rotation/geanhu
sge_o_log_name:             geanhu
sge_o_path:                 /wynton/home/rotation/geanhu/.conda/envs/ligandmpnn/bin:/wynton/home/cbi/shared/software/CBI/miniforge3-26.3.2-2/condabin:/wynton/home/cbi/shared/software/CBI/miniforge3-26.3.2-2/bin:/wynton/home/ferrin/goddard/localcolabfold/localcolabfold/colabfold-conda/bin:/wynton/home/rotation/geanhu/.local/bin:/wynton/home/rotation/geanhu/bin:/opt/sge/bin:/opt/sge/bin/lx-amd64:/usr/local/bin:/usr/bin:/usr/local/sbin:/usr/sbin:/wynton/home/kortemme/xingjiepan/Softwares/Rosetta/Rosetta/main/source/bin
sge_o_shell:                /bin/bash
sge_o_workdir:              /wynton/home/rotation/geanhu/multi-state/scripts
sge_o_host:                 dev3
account:                    sge
cwd:                        /wynton/home/rotation/geanhu/multi-state/scripts
merge:                      y
hard resource_list:         h_rt=21600,mem_free=16G,scratch=1G
mail_list:                  geanhu@dev3.wynton.ucsf.edu
notify:                     FALSE
job_name:                   mpnn
stdout_path_list:           NONE:NONE:logs/mpnn/$JOB_ID.log
jobshare:                   0
hard_queue_list:            long.q
shell_list:                 NONE:/bin/bash
env_list:                   TERM=NONE
script_file:                solublempnn.sh
project:                    wynton-rotation
binding:                    NONE
job_type:                   NONE
usage         1:            cpu=00:00:00, mem=0.00000 GB s, io=0.00000 GB, vmem=N/A, maxvmem=N/A
binding       1:            NONE
scheduling info:            (Collecting of scheduler job information is turned off)
------Start of script-------
#!/bin/bash
#$ -S /bin/bash
#$ -q long.q
#$ -cwd
#$ -N mpnn
#$ -o logs/mpnn/$JOB_ID.log
#$ -j y
#$ -l h_rt=06:00:00
#$ -l mem_free=16G
#$ -l scratch=1G

# metadata
echo "Start: $(date)"
[[ -n "$JOB_ID" ]] && qstat -j "$JOB_ID"
echo "------Start of script-------"
cat "$0"
echo "-------End of script---------"

# setup env
module load CBI miniforge3
conda activate ligandmpnn

# run
python ~/software/LigandMPNN/run.py \
    --model_type "soluble_mpnn" \
    --checkpoint_soluble_mpnn "$HOME/software/LigandMPNN/model_params/solublempnn_v_48_002.pt" \
    --pdb_path_multi "$HOME/multi-state/data/string-sampling/5KPE-5KPH.json" \
    --out_folder "$HOME/multi-state/data/mpnn-output/5KPE-5KPH/" \
    --seed 42 \
    --temperature 0.1 \
    --omit_AA "CH" \
    --batch_size 1 \
    --number_of_batches 8

#end
echo "End: $(date)"-------End of script---------
Designing protein from this path: /wynton/home/rotation/geanhu/multi-state/data/string-sampling/end-states/5KPE_6_4_4.pdb
These residues will be redesigned:  ['A1', 'A2', 'A3', 'A4', 'A5', 'A6', 'A7', 'A8', 'A9', 'A10', 'A11', 'A12', 'A13', 'A14', 'A15', 'A16', 'A17', 'A18', 'A19', 'A20', 'A21', 'A22', 'A23', 'A24', 'A25', 'A26', 'A27', 'A28', 'A29', 'A30', 'A31', 'A32', 'A33', 'A34', 'A35', 'A36', 'A37', 'A38', 'A39', 'A40', 'A41', 'A42', 'A43', 'A44', 'A45', 'A46', 'A47', 'A48', 'A49', 'A50', 'A51', 'A52', 'A53', 'A54', 'A55', 'A56', 'A57', 'A58', 'A59', 'A60', 'A61', 'A62', 'A63', 'A64', 'A65', 'A66', 'A67', 'A68', 'A69', 'A70', 'A71', 'A72', 'A73', 'A74', 'A75', 'A76', 'A77', 'A78', 'A79', 'A80', 'A81', 'A82', 'A83', 'A84', 'A85', 'A86', 'A87', 'A88', 'A89', 'A90', 'A91', 'A92', 'A93', 'A94', 'A95', 'A96', 'A97', 'A98', 'A99', 'A100', 'A101', 'A102', 'A103', 'A104', 'A105', 'A106', 'A107', 'A108']
These residues will be fixed:  []
No ligand atoms parsed
Designing protein from this path: /wynton/home/rotation/geanhu/multi-state/data/string-sampling/end-states/5KPH_2_6_4.pdb
These residues will be redesigned:  ['A1', 'A2', 'A3', 'A4', 'A5', 'A6', 'A7', 'A8', 'A9', 'A10', 'A11', 'A12', 'A13', 'A14', 'A15', 'A16', 'A17', 'A18', 'A19', 'A20', 'A21', 'A22', 'A23', 'A24', 'A25', 'A26', 'A27', 'A28', 'A29', 'A30', 'A31', 'A32', 'A33', 'A34', 'A35', 'A36', 'A37', 'A38', 'A39', 'A40', 'A41', 'A42', 'A43', 'A44', 'A45', 'A46', 'A47', 'A48', 'A49', 'A50', 'A51', 'A52', 'A53', 'A54', 'A55', 'A56', 'A57', 'A58', 'A59', 'A60', 'A61', 'A62', 'A63', 'A64', 'A65', 'A66', 'A67', 'A68', 'A69', 'A70', 'A71', 'A72']
These residues will be fixed:  []
No ligand atoms parsed
Designing protein from this path: /wynton/home/rotation/geanhu/multi-state/data/string-sampling/end-states/5KPH_2_4_9.pdb
These residues will be redesigned:  ['A1', 'A2', 'A3', 'A4', 'A5', 'A6', 'A7', 'A8', 'A9', 'A10', 'A11', 'A12', 'A13', 'A14', 'A15', 'A16', 'A17', 'A18', 'A19', 'A20', 'A21', 'A22', 'A23', 'A24', 'A25', 'A26', 'A27', 'A28', 'A29', 'A30', 'A31', 'A32', 'A33', 'A34', 'A35', 'A36', 'A37', 'A38', 'A39', 'A40', 'A41', 'A42', 'A43', 'A44', 'A45', 'A46', 'A47', 'A48', 'A49', 'A50', 'A51', 'A52', 'A53', 'A54', 'A55', 'A56', 'A57', 'A58', 'A59', 'A60', 'A61', 'A62', 'A63', 'A64', 'A65', 'A66', 'A67', 'A68', 'A69', 'A70', 'A71', 'A72']
These residues will be fixed:  []
No ligand atoms parsed
Designing protein from this path: /wynton/home/rotation/geanhu/multi-state/data/string-sampling/end-states/5KPH_2_2_4.pdb
These residues will be redesigned:  ['A1', 'A2', 'A3', 'A4', 'A5', 'A6', 'A7', 'A8', 'A9', 'A10', 'A11', 'A12', 'A13', 'A14', 'A15', 'A16', 'A17', 'A18', 'A19', 'A20', 'A21', 'A22', 'A23', 'A24', 'A25', 'A26', 'A27', 'A28', 'A29', 'A30', 'A31', 'A32', 'A33', 'A34', 'A35', 'A36', 'A37', 'A38', 'A39', 'A40', 'A41', 'A42', 'A43', 'A44', 'A45', 'A46', 'A47', 'A48', 'A49', 'A50', 'A51', 'A52', 'A53', 'A54', 'A55', 'A56', 'A57', 'A58', 'A59', 'A60', 'A61', 'A62', 'A63', 'A64', 'A65', 'A66', 'A67', 'A68', 'A69', 'A70', 'A71', 'A72']
These residues will be fixed:  []
No ligand atoms parsed
Designing protein from this path: /wynton/home/rotation/geanhu/multi-state/data/string-sampling/end-states/5KPH_8_8_8.pdb
These residues will be redesigned:  ['A1', 'A2', 'A3', 'A4', 'A5', 'A6', 'A7', 'A8', 'A9', 'A10', 'A11', 'A12', 'A13', 'A14', 'A15', 'A16', 'A17', 'A18', 'A19', 'A20', 'A21', 'A22', 'A23', 'A24', 'A25', 'A26', 'A27', 'A28', 'A29', 'A30', 'A31', 'A32', 'A33', 'A34', 'A35', 'A36', 'A37', 'A38', 'A39', 'A40', 'A41', 'A42', 'A43', 'A44', 'A45', 'A46', 'A47', 'A48', 'A49', 'A50', 'A51', 'A52', 'A53', 'A54', 'A55', 'A56', 'A57', 'A58', 'A59', 'A60', 'A61', 'A62', 'A63', 'A64', 'A65', 'A66', 'A67', 'A68', 'A69', 'A70', 'A71', 'A72']
These residues will be fixed:  []
No ligand atoms parsed
Designing protein from this path: /wynton/home/rotation/geanhu/multi-state/data/string-sampling/end-states/5KPE_8_2_4.pdb
These residues will be redesigned:  ['A1', 'A2', 'A3', 'A4', 'A5', 'A6', 'A7', 'A8', 'A9', 'A10', 'A11', 'A12', 'A13', 'A14', 'A15', 'A16', 'A17', 'A18', 'A19', 'A20', 'A21', 'A22', 'A23', 'A24', 'A25', 'A26', 'A27', 'A28', 'A29', 'A30', 'A31', 'A32', 'A33', 'A34', 'A35', 'A36', 'A37', 'A38', 'A39', 'A40', 'A41', 'A42', 'A43', 'A44', 'A45', 'A46', 'A47', 'A48', 'A49', 'A50', 'A51', 'A52', 'A53', 'A54', 'A55', 'A56', 'A57', 'A58', 'A59', 'A60', 'A61', 'A62', 'A63', 'A64', 'A65', 'A66', 'A67', 'A68', 'A69', 'A70', 'A71', 'A72', 'A73', 'A74', 'A75', 'A76', 'A77', 'A78', 'A79', 'A80', 'A81', 'A82', 'A83', 'A84', 'A85', 'A86', 'A87', 'A88', 'A89', 'A90', 'A91', 'A92', 'A93', 'A94', 'A95', 'A96', 'A97', 'A98', 'A99', 'A100', 'A101', 'A102', 'A103', 'A104', 'A105', 'A106', 'A107', 'A108']
These residues will be fixed:  []
No ligand atoms parsed
Designing protein from this path: /wynton/home/rotation/geanhu/multi-state/data/string-sampling/end-states/5KPE_4_2_9.pdb
These residues will be redesigned:  ['A1', 'A2', 'A3', 'A4', 'A5', 'A6', 'A7', 'A8', 'A9', 'A10', 'A11', 'A12', 'A13', 'A14', 'A15', 'A16', 'A17', 'A18', 'A19', 'A20', 'A21', 'A22', 'A23', 'A24', 'A25', 'A26', 'A27', 'A28', 'A29', 'A30', 'A31', 'A32', 'A33', 'A34', 'A35', 'A36', 'A37', 'A38', 'A39', 'A40', 'A41', 'A42', 'A43', 'A44', 'A45', 'A46', 'A47', 'A48', 'A49', 'A50', 'A51', 'A52', 'A53', 'A54', 'A55', 'A56', 'A57', 'A58', 'A59', 'A60', 'A61', 'A62', 'A63', 'A64', 'A65', 'A66', 'A67', 'A68', 'A69', 'A70', 'A71', 'A72', 'A73', 'A74', 'A75', 'A76', 'A77', 'A78', 'A79', 'A80', 'A81', 'A82', 'A83', 'A84', 'A85', 'A86', 'A87', 'A88', 'A89', 'A90', 'A91', 'A92', 'A93', 'A94', 'A95', 'A96', 'A97', 'A98', 'A99', 'A100', 'A101', 'A102', 'A103', 'A104', 'A105', 'A106', 'A107', 'A108']
These residues will be fixed:  []
No ligand atoms parsed
Designing protein from this path: /wynton/home/rotation/geanhu/multi-state/data/string-sampling/end-states/5KPE_6_2_1.pdb
These residues will be redesigned:  ['A1', 'A2', 'A3', 'A4', 'A5', 'A6', 'A7', 'A8', 'A9', 'A10', 'A11', 'A12', 'A13', 'A14', 'A15', 'A16', 'A17', 'A18', 'A19', 'A20', 'A21', 'A22', 'A23', 'A24', 'A25', 'A26', 'A27', 'A28', 'A29', 'A30', 'A31', 'A32', 'A33', 'A34', 'A35', 'A36', 'A37', 'A38', 'A39', 'A40', 'A41', 'A42', 'A43', 'A44', 'A45', 'A46', 'A47', 'A48', 'A49', 'A50', 'A51', 'A52', 'A53', 'A54', 'A55', 'A56', 'A57', 'A58', 'A59', 'A60', 'A61', 'A62', 'A63', 'A64', 'A65', 'A66', 'A67', 'A68', 'A69', 'A70', 'A71', 'A72', 'A73', 'A74', 'A75', 'A76', 'A77', 'A78', 'A79', 'A80', 'A81', 'A82', 'A83', 'A84', 'A85', 'A86', 'A87', 'A88', 'A89', 'A90', 'A91', 'A92', 'A93', 'A94', 'A95', 'A96', 'A97', 'A98', 'A99', 'A100', 'A101', 'A102', 'A103', 'A104', 'A105', 'A106', 'A107', 'A108']
These residues will be fixed:  []
No ligand atoms parsed
Designing protein from this path: /wynton/home/rotation/geanhu/multi-state/data/string-sampling/end-states/5KPE_4_4_2.pdb
These residues will be redesigned:  ['A1', 'A2', 'A3', 'A4', 'A5', 'A6', 'A7', 'A8', 'A9', 'A10', 'A11', 'A12', 'A13', 'A14', 'A15', 'A16', 'A17', 'A18', 'A19', 'A20', 'A21', 'A22', 'A23', 'A24', 'A25', 'A26', 'A27', 'A28', 'A29', 'A30', 'A31', 'A32', 'A33', 'A34', 'A35', 'A36', 'A37', 'A38', 'A39', 'A40', 'A41', 'A42', 'A43', 'A44', 'A45', 'A46', 'A47', 'A48', 'A49', 'A50', 'A51', 'A52', 'A53', 'A54', 'A55', 'A56', 'A57', 'A58', 'A59', 'A60', 'A61', 'A62', 'A63', 'A64', 'A65', 'A66', 'A67', 'A68', 'A69', 'A70', 'A71', 'A72', 'A73', 'A74', 'A75', 'A76', 'A77', 'A78', 'A79', 'A80', 'A81', 'A82', 'A83', 'A84', 'A85', 'A86', 'A87', 'A88', 'A89', 'A90', 'A91', 'A92', 'A93', 'A94', 'A95', 'A96', 'A97', 'A98', 'A99', 'A100', 'A101', 'A102', 'A103', 'A104', 'A105', 'A106', 'A107', 'A108']
These residues will be fixed:  []
No ligand atoms parsed
Designing protein from this path: /wynton/home/rotation/geanhu/multi-state/data/string-sampling/end-states/5KPH_8_4_5.pdb
These residues will be redesigned:  ['A1', 'A2', 'A3', 'A4', 'A5', 'A6', 'A7', 'A8', 'A9', 'A10', 'A11', 'A12', 'A13', 'A14', 'A15', 'A16', 'A17', 'A18', 'A19', 'A20', 'A21', 'A22', 'A23', 'A24', 'A25', 'A26', 'A27', 'A28', 'A29', 'A30', 'A31', 'A32', 'A33', 'A34', 'A35', 'A36', 'A37', 'A38', 'A39', 'A40', 'A41', 'A42', 'A43', 'A44', 'A45', 'A46', 'A47', 'A48', 'A49', 'A50', 'A51', 'A52', 'A53', 'A54', 'A55', 'A56', 'A57', 'A58', 'A59', 'A60', 'A61', 'A62', 'A63', 'A64', 'A65', 'A66', 'A67', 'A68', 'A69', 'A70', 'A71', 'A72']
These residues will be fixed:  []
No ligand atoms parsed
Designing protein from this path: /wynton/home/rotation/geanhu/multi-state/data/string-sampling/end-states/5KPE_6_4_9.pdb
These residues will be redesigned:  ['A1', 'A2', 'A3', 'A4', 'A5', 'A6', 'A7', 'A8', 'A9', 'A10', 'A11', 'A12', 'A13', 'A14', 'A15', 'A16', 'A17', 'A18', 'A19', 'A20', 'A21', 'A22', 'A23', 'A24', 'A25', 'A26', 'A27', 'A28', 'A29', 'A30', 'A31', 'A32', 'A33', 'A34', 'A35', 'A36', 'A37', 'A38', 'A39', 'A40', 'A41', 'A42', 'A43', 'A44', 'A45', 'A46', 'A47', 'A48', 'A49', 'A50', 'A51', 'A52', 'A53', 'A54', 'A55', 'A56', 'A57', 'A58', 'A59', 'A60', 'A61', 'A62', 'A63', 'A64', 'A65', 'A66', 'A67', 'A68', 'A69', 'A70', 'A71', 'A72', 'A73', 'A74', 'A75', 'A76', 'A77', 'A78', 'A79', 'A80', 'A81', 'A82', 'A83', 'A84', 'A85', 'A86', 'A87', 'A88', 'A89', 'A90', 'A91', 'A92', 'A93', 'A94', 'A95', 'A96', 'A97', 'A98', 'A99', 'A100', 'A101', 'A102', 'A103', 'A104', 'A105', 'A106', 'A107', 'A108']
These residues will be fixed:  []
No ligand atoms parsed
Designing protein from this path: /wynton/home/rotation/geanhu/multi-state/data/string-sampling/end-states/5KPE_8_8_0.pdb
These residues will be redesigned:  ['A1', 'A2', 'A3', 'A4', 'A5', 'A6', 'A7', 'A8', 'A9', 'A10', 'A11', 'A12', 'A13', 'A14', 'A15', 'A16', 'A17', 'A18', 'A19', 'A20', 'A21', 'A22', 'A23', 'A24', 'A25', 'A26', 'A27', 'A28', 'A29', 'A30', 'A31', 'A32', 'A33', 'A34', 'A35', 'A36', 'A37', 'A38', 'A39', 'A40', 'A41', 'A42', 'A43', 'A44', 'A45', 'A46', 'A47', 'A48', 'A49', 'A50', 'A51', 'A52', 'A53', 'A54', 'A55', 'A56', 'A57', 'A58', 'A59', 'A60', 'A61', 'A62', 'A63', 'A64', 'A65', 'A66', 'A67', 'A68', 'A69', 'A70', 'A71', 'A72', 'A73', 'A74', 'A75', 'A76', 'A77', 'A78', 'A79', 'A80', 'A81', 'A82', 'A83', 'A84', 'A85', 'A86', 'A87', 'A88', 'A89', 'A90', 'A91', 'A92', 'A93', 'A94', 'A95', 'A96', 'A97', 'A98', 'A99', 'A100', 'A101', 'A102', 'A103', 'A104', 'A105', 'A106', 'A107', 'A108']
These residues will be fixed:  []
No ligand atoms parsed
Designing protein from this path: /wynton/home/rotation/geanhu/multi-state/data/string-sampling/end-states/5KPE_6_8_5.pdb
These residues will be redesigned:  ['A1', 'A2', 'A3', 'A4', 'A5', 'A6', 'A7', 'A8', 'A9', 'A10', 'A11', 'A12', 'A13', 'A14', 'A15', 'A16', 'A17', 'A18', 'A19', 'A20', 'A21', 'A22', 'A23', 'A24', 'A25', 'A26', 'A27', 'A28', 'A29', 'A30', 'A31', 'A32', 'A33', 'A34', 'A35', 'A36', 'A37', 'A38', 'A39', 'A40', 'A41', 'A42', 'A43', 'A44', 'A45', 'A46', 'A47', 'A48', 'A49', 'A50', 'A51', 'A52', 'A53', 'A54', 'A55', 'A56', 'A57', 'A58', 'A59', 'A60', 'A61', 'A62', 'A63', 'A64', 'A65', 'A66', 'A67', 'A68', 'A69', 'A70', 'A71', 'A72', 'A73', 'A74', 'A75', 'A76', 'A77', 'A78', 'A79', 'A80', 'A81', 'A82', 'A83', 'A84', 'A85', 'A86', 'A87', 'A88', 'A89', 'A90', 'A91', 'A92', 'A93', 'A94', 'A95', 'A96', 'A97', 'A98', 'A99', 'A100', 'A101', 'A102', 'A103', 'A104', 'A105', 'A106', 'A107', 'A108']
These residues will be fixed:  []
No ligand atoms parsed
Designing protein from this path: /wynton/home/rotation/geanhu/multi-state/data/string-sampling/end-states/5KPE_6_6_6.pdb
These residues will be redesigned:  ['A1', 'A2', 'A3', 'A4', 'A5', 'A6', 'A7', 'A8', 'A9', 'A10', 'A11', 'A12', 'A13', 'A14', 'A15', 'A16', 'A17', 'A18', 'A19', 'A20', 'A21', 'A22', 'A23', 'A24', 'A25', 'A26', 'A27', 'A28', 'A29', 'A30', 'A31', 'A32', 'A33', 'A34', 'A35', 'A36', 'A37', 'A38', 'A39', 'A40', 'A41', 'A42', 'A43', 'A44', 'A45', 'A46', 'A47', 'A48', 'A49', 'A50', 'A51', 'A52', 'A53', 'A54', 'A55', 'A56', 'A57', 'A58', 'A59', 'A60', 'A61', 'A62', 'A63', 'A64', 'A65', 'A66', 'A67', 'A68', 'A69', 'A70', 'A71', 'A72', 'A73', 'A74', 'A75', 'A76', 'A77', 'A78', 'A79', 'A80', 'A81', 'A82', 'A83', 'A84', 'A85', 'A86', 'A87', 'A88', 'A89', 'A90', 'A91', 'A92', 'A93', 'A94', 'A95', 'A96', 'A97', 'A98', 'A99', 'A100', 'A101', 'A102', 'A103', 'A104', 'A105', 'A106', 'A107', 'A108']
These residues will be fixed:  []
No ligand atoms parsed
Designing protein from this path: /wynton/home/rotation/geanhu/multi-state/data/string-sampling/end-states/5KPE_6_6_9.pdb
These residues will be redesigned:  ['A1', 'A2', 'A3', 'A4', 'A5', 'A6', 'A7', 'A8', 'A9', 'A10', 'A11', 'A12', 'A13', 'A14', 'A15', 'A16', 'A17', 'A18', 'A19', 'A20', 'A21', 'A22', 'A23', 'A24', 'A25', 'A26', 'A27', 'A28', 'A29', 'A30', 'A31', 'A32', 'A33', 'A34', 'A35', 'A36', 'A37', 'A38', 'A39', 'A40', 'A41', 'A42', 'A43', 'A44', 'A45', 'A46', 'A47', 'A48', 'A49', 'A50', 'A51', 'A52', 'A53', 'A54', 'A55', 'A56', 'A57', 'A58', 'A59', 'A60', 'A61', 'A62', 'A63', 'A64', 'A65', 'A66', 'A67', 'A68', 'A69', 'A70', 'A71', 'A72', 'A73', 'A74', 'A75', 'A76', 'A77', 'A78', 'A79', 'A80', 'A81', 'A82', 'A83', 'A84', 'A85', 'A86', 'A87', 'A88', 'A89', 'A90', 'A91', 'A92', 'A93', 'A94', 'A95', 'A96', 'A97', 'A98', 'A99', 'A100', 'A101', 'A102', 'A103', 'A104', 'A105', 'A106', 'A107', 'A108']
These residues will be fixed:  []
No ligand atoms parsed
Designing protein from this path: /wynton/home/rotation/geanhu/multi-state/data/string-sampling/end-states/5KPE_4_8_8.pdb
These residues will be redesigned:  ['A1', 'A2', 'A3', 'A4', 'A5', 'A6', 'A7', 'A8', 'A9', 'A10', 'A11', 'A12', 'A13', 'A14', 'A15', 'A16', 'A17', 'A18', 'A19', 'A20', 'A21', 'A22', 'A23', 'A24', 'A25', 'A26', 'A27', 'A28', 'A29', 'A30', 'A31', 'A32', 'A33', 'A34', 'A35', 'A36', 'A37', 'A38', 'A39', 'A40', 'A41', 'A42', 'A43', 'A44', 'A45', 'A46', 'A47', 'A48', 'A49', 'A50', 'A51', 'A52', 'A53', 'A54', 'A55', 'A56', 'A57', 'A58', 'A59', 'A60', 'A61', 'A62', 'A63', 'A64', 'A65', 'A66', 'A67', 'A68', 'A69', 'A70', 'A71', 'A72', 'A73', 'A74', 'A75', 'A76', 'A77', 'A78', 'A79', 'A80', 'A81', 'A82', 'A83', 'A84', 'A85', 'A86', 'A87', 'A88', 'A89', 'A90', 'A91', 'A92', 'A93', 'A94', 'A95', 'A96', 'A97', 'A98', 'A99', 'A100', 'A101', 'A102', 'A103', 'A104', 'A105', 'A106', 'A107', 'A108']
These residues will be fixed:  []
No ligand atoms parsed
Designing protein from this path: /wynton/home/rotation/geanhu/multi-state/data/string-sampling/end-states/5KPH_8_4_9.pdb
These residues will be redesigned:  ['A1', 'A2', 'A3', 'A4', 'A5', 'A6', 'A7', 'A8', 'A9', 'A10', 'A11', 'A12', 'A13', 'A14', 'A15', 'A16', 'A17', 'A18', 'A19', 'A20', 'A21', 'A22', 'A23', 'A24', 'A25', 'A26', 'A27', 'A28', 'A29', 'A30', 'A31', 'A32', 'A33', 'A34', 'A35', 'A36', 'A37', 'A38', 'A39', 'A40', 'A41', 'A42', 'A43', 'A44', 'A45', 'A46', 'A47', 'A48', 'A49', 'A50', 'A51', 'A52', 'A53', 'A54', 'A55', 'A56', 'A57', 'A58', 'A59', 'A60', 'A61', 'A62', 'A63', 'A64', 'A65', 'A66', 'A67', 'A68', 'A69', 'A70', 'A71', 'A72']
These residues will be fixed:  []
No ligand atoms parsed
Designing protein from this path: /wynton/home/rotation/geanhu/multi-state/data/string-sampling/end-states/5KPH_8_4_4.pdb
These residues will be redesigned:  ['A1', 'A2', 'A3', 'A4', 'A5', 'A6', 'A7', 'A8', 'A9', 'A10', 'A11', 'A12', 'A13', 'A14', 'A15', 'A16', 'A17', 'A18', 'A19', 'A20', 'A21', 'A22', 'A23', 'A24', 'A25', 'A26', 'A27', 'A28', 'A29', 'A30', 'A31', 'A32', 'A33', 'A34', 'A35', 'A36', 'A37', 'A38', 'A39', 'A40', 'A41', 'A42', 'A43', 'A44', 'A45', 'A46', 'A47', 'A48', 'A49', 'A50', 'A51', 'A52', 'A53', 'A54', 'A55', 'A56', 'A57', 'A58', 'A59', 'A60', 'A61', 'A62', 'A63', 'A64', 'A65', 'A66', 'A67', 'A68', 'A69', 'A70', 'A71', 'A72']
These residues will be fixed:  []
No ligand atoms parsed
Designing protein from this path: /wynton/home/rotation/geanhu/multi-state/data/string-sampling/end-states/5KPH_8_6_0.pdb
These residues will be redesigned:  ['A1', 'A2', 'A3', 'A4', 'A5', 'A6', 'A7', 'A8', 'A9', 'A10', 'A11', 'A12', 'A13', 'A14', 'A15', 'A16', 'A17', 'A18', 'A19', 'A20', 'A21', 'A22', 'A23', 'A24', 'A25', 'A26', 'A27', 'A28', 'A29', 'A30', 'A31', 'A32', 'A33', 'A34', 'A35', 'A36', 'A37', 'A38', 'A39', 'A40', 'A41', 'A42', 'A43', 'A44', 'A45', 'A46', 'A47', 'A48', 'A49', 'A50', 'A51', 'A52', 'A53', 'A54', 'A55', 'A56', 'A57', 'A58', 'A59', 'A60', 'A61', 'A62', 'A63', 'A64', 'A65', 'A66', 'A67', 'A68', 'A69', 'A70', 'A71', 'A72']
These residues will be fixed:  []
No ligand atoms parsed
Designing protein from this path: /wynton/home/rotation/geanhu/multi-state/data/string-sampling/end-states/5KPE_4_2_3.pdb
These residues will be redesigned:  ['A1', 'A2', 'A3', 'A4', 'A5', 'A6', 'A7', 'A8', 'A9', 'A10', 'A11', 'A12', 'A13', 'A14', 'A15', 'A16', 'A17', 'A18', 'A19', 'A20', 'A21', 'A22', 'A23', 'A24', 'A25', 'A26', 'A27', 'A28', 'A29', 'A30', 'A31', 'A32', 'A33', 'A34', 'A35', 'A36', 'A37', 'A38', 'A39', 'A40', 'A41', 'A42', 'A43', 'A44', 'A45', 'A46', 'A47', 'A48', 'A49', 'A50', 'A51', 'A52', 'A53', 'A54', 'A55', 'A56', 'A57', 'A58', 'A59', 'A60', 'A61', 'A62', 'A63', 'A64', 'A65', 'A66', 'A67', 'A68', 'A69', 'A70', 'A71', 'A72', 'A73', 'A74', 'A75', 'A76', 'A77', 'A78', 'A79', 'A80', 'A81', 'A82', 'A83', 'A84', 'A85', 'A86', 'A87', 'A88', 'A89', 'A90', 'A91', 'A92', 'A93', 'A94', 'A95', 'A96', 'A97', 'A98', 'A99', 'A100', 'A101', 'A102', 'A103', 'A104', 'A105', 'A106', 'A107', 'A108']
These residues will be fixed:  []
No ligand atoms parsed
Designing protein from this path: /wynton/home/rotation/geanhu/multi-state/data/string-sampling/end-states/5KPH_4_2_4.pdb
These residues will be redesigned:  ['A1', 'A2', 'A3', 'A4', 'A5', 'A6', 'A7', 'A8', 'A9', 'A10', 'A11', 'A12', 'A13', 'A14', 'A15', 'A16', 'A17', 'A18', 'A19', 'A20', 'A21', 'A22', 'A23', 'A24', 'A25', 'A26', 'A27', 'A28', 'A29', 'A30', 'A31', 'A32', 'A33', 'A34', 'A35', 'A36', 'A37', 'A38', 'A39', 'A40', 'A41', 'A42', 'A43', 'A44', 'A45', 'A46', 'A47', 'A48', 'A49', 'A50', 'A51', 'A52', 'A53', 'A54', 'A55', 'A56', 'A57', 'A58', 'A59', 'A60', 'A61', 'A62', 'A63', 'A64', 'A65', 'A66', 'A67', 'A68', 'A69', 'A70', 'A71', 'A72']
These residues will be fixed:  []
No ligand atoms parsed
Designing protein from this path: /wynton/home/rotation/geanhu/multi-state/data/string-sampling/end-states/5KPH_4_4_9.pdb
These residues will be redesigned:  ['A1', 'A2', 'A3', 'A4', 'A5', 'A6', 'A7', 'A8', 'A9', 'A10', 'A11', 'A12', 'A13', 'A14', 'A15', 'A16', 'A17', 'A18', 'A19', 'A20', 'A21', 'A22', 'A23', 'A24', 'A25', 'A26', 'A27', 'A28', 'A29', 'A30', 'A31', 'A32', 'A33', 'A34', 'A35', 'A36', 'A37', 'A38', 'A39', 'A40', 'A41', 'A42', 'A43', 'A44', 'A45', 'A46', 'A47', 'A48', 'A49', 'A50', 'A51', 'A52', 'A53', 'A54', 'A55', 'A56', 'A57', 'A58', 'A59', 'A60', 'A61', 'A62', 'A63', 'A64', 'A65', 'A66', 'A67', 'A68', 'A69', 'A70', 'A71', 'A72']
These residues will be fixed:  []
No ligand atoms parsed
Designing protein from this path: /wynton/home/rotation/geanhu/multi-state/data/string-sampling/end-states/5KPE_8_2_0.pdb
These residues will be redesigned:  ['A1', 'A2', 'A3', 'A4', 'A5', 'A6', 'A7', 'A8', 'A9', 'A10', 'A11', 'A12', 'A13', 'A14', 'A15', 'A16', 'A17', 'A18', 'A19', 'A20', 'A21', 'A22', 'A23', 'A24', 'A25', 'A26', 'A27', 'A28', 'A29', 'A30', 'A31', 'A32', 'A33', 'A34', 'A35', 'A36', 'A37', 'A38', 'A39', 'A40', 'A41', 'A42', 'A43', 'A44', 'A45', 'A46', 'A47', 'A48', 'A49', 'A50', 'A51', 'A52', 'A53', 'A54', 'A55', 'A56', 'A57', 'A58', 'A59', 'A60', 'A61', 'A62', 'A63', 'A64', 'A65', 'A66', 'A67', 'A68', 'A69', 'A70', 'A71', 'A72', 'A73', 'A74', 'A75', 'A76', 'A77', 'A78', 'A79', 'A80', 'A81', 'A82', 'A83', 'A84', 'A85', 'A86', 'A87', 'A88', 'A89', 'A90', 'A91', 'A92', 'A93', 'A94', 'A95', 'A96', 'A97', 'A98', 'A99', 'A100', 'A101', 'A102', 'A103', 'A104', 'A105', 'A106', 'A107', 'A108']
These residues will be fixed:  []
No ligand atoms parsed
Designing protein from this path: /wynton/home/rotation/geanhu/multi-state/data/string-sampling/end-states/5KPE_4_2_2.pdb
These residues will be redesigned:  ['A1', 'A2', 'A3', 'A4', 'A5', 'A6', 'A7', 'A8', 'A9', 'A10', 'A11', 'A12', 'A13', 'A14', 'A15', 'A16', 'A17', 'A18', 'A19', 'A20', 'A21', 'A22', 'A23', 'A24', 'A25', 'A26', 'A27', 'A28', 'A29', 'A30', 'A31', 'A32', 'A33', 'A34', 'A35', 'A36', 'A37', 'A38', 'A39', 'A40', 'A41', 'A42', 'A43', 'A44', 'A45', 'A46', 'A47', 'A48', 'A49', 'A50', 'A51', 'A52', 'A53', 'A54', 'A55', 'A56', 'A57', 'A58', 'A59', 'A60', 'A61', 'A62', 'A63', 'A64', 'A65', 'A66', 'A67', 'A68', 'A69', 'A70', 'A71', 'A72', 'A73', 'A74', 'A75', 'A76', 'A77', 'A78', 'A79', 'A80', 'A81', 'A82', 'A83', 'A84', 'A85', 'A86', 'A87', 'A88', 'A89', 'A90', 'A91', 'A92', 'A93', 'A94', 'A95', 'A96', 'A97', 'A98', 'A99', 'A100', 'A101', 'A102', 'A103', 'A104', 'A105', 'A106', 'A107', 'A108']
These residues will be fixed:  []
No ligand atoms parsed
Designing protein from this path: /wynton/home/rotation/geanhu/multi-state/data/string-sampling/end-states/5KPE_6_2_3.pdb
These residues will be redesigned:  ['A1', 'A2', 'A3', 'A4', 'A5', 'A6', 'A7', 'A8', 'A9', 'A10', 'A11', 'A12', 'A13', 'A14', 'A15', 'A16', 'A17', 'A18', 'A19', 'A20', 'A21', 'A22', 'A23', 'A24', 'A25', 'A26', 'A27', 'A28', 'A29', 'A30', 'A31', 'A32', 'A33', 'A34', 'A35', 'A36', 'A37', 'A38', 'A39', 'A40', 'A41', 'A42', 'A43', 'A44', 'A45', 'A46', 'A47', 'A48', 'A49', 'A50', 'A51', 'A52', 'A53', 'A54', 'A55', 'A56', 'A57', 'A58', 'A59', 'A60', 'A61', 'A62', 'A63', 'A64', 'A65', 'A66', 'A67', 'A68', 'A69', 'A70', 'A71', 'A72', 'A73', 'A74', 'A75', 'A76', 'A77', 'A78', 'A79', 'A80', 'A81', 'A82', 'A83', 'A84', 'A85', 'A86', 'A87', 'A88', 'A89', 'A90', 'A91', 'A92', 'A93', 'A94', 'A95', 'A96', 'A97', 'A98', 'A99', 'A100', 'A101', 'A102', 'A103', 'A104', 'A105', 'A106', 'A107', 'A108']
These residues will be fixed:  []
No ligand atoms parsed
Designing protein from this path: /wynton/home/rotation/geanhu/multi-state/data/string-sampling/end-states/5KPH_8_2_1.pdb
These residues will be redesigned:  ['A1', 'A2', 'A3', 'A4', 'A5', 'A6', 'A7', 'A8', 'A9', 'A10', 'A11', 'A12', 'A13', 'A14', 'A15', 'A16', 'A17', 'A18', 'A19', 'A20', 'A21', 'A22', 'A23', 'A24', 'A25', 'A26', 'A27', 'A28', 'A29', 'A30', 'A31', 'A32', 'A33', 'A34', 'A35', 'A36', 'A37', 'A38', 'A39', 'A40', 'A41', 'A42', 'A43', 'A44', 'A45', 'A46', 'A47', 'A48', 'A49', 'A50', 'A51', 'A52', 'A53', 'A54', 'A55', 'A56', 'A57', 'A58', 'A59', 'A60', 'A61', 'A62', 'A63', 'A64', 'A65', 'A66', 'A67', 'A68', 'A69', 'A70', 'A71', 'A72']
These residues will be fixed:  []
No ligand atoms parsed
Designing protein from this path: /wynton/home/rotation/geanhu/multi-state/data/string-sampling/end-states/5KPH_4_4_4.pdb
These residues will be redesigned:  ['A1', 'A2', 'A3', 'A4', 'A5', 'A6', 'A7', 'A8', 'A9', 'A10', 'A11', 'A12', 'A13', 'A14', 'A15', 'A16', 'A17', 'A18', 'A19', 'A20', 'A21', 'A22', 'A23', 'A24', 'A25', 'A26', 'A27', 'A28', 'A29', 'A30', 'A31', 'A32', 'A33', 'A34', 'A35', 'A36', 'A37', 'A38', 'A39', 'A40', 'A41', 'A42', 'A43', 'A44', 'A45', 'A46', 'A47', 'A48', 'A49', 'A50', 'A51', 'A52', 'A53', 'A54', 'A55', 'A56', 'A57', 'A58', 'A59', 'A60', 'A61', 'A62', 'A63', 'A64', 'A65', 'A66', 'A67', 'A68', 'A69', 'A70', 'A71', 'A72']
These residues will be fixed:  []
No ligand atoms parsed
Designing protein from this path: /wynton/home/rotation/geanhu/multi-state/data/string-sampling/end-states/5KPH_8_8_5.pdb
These residues will be redesigned:  ['A1', 'A2', 'A3', 'A4', 'A5', 'A6', 'A7', 'A8', 'A9', 'A10', 'A11', 'A12', 'A13', 'A14', 'A15', 'A16', 'A17', 'A18', 'A19', 'A20', 'A21', 'A22', 'A23', 'A24', 'A25', 'A26', 'A27', 'A28', 'A29', 'A30', 'A31', 'A32', 'A33', 'A34', 'A35', 'A36', 'A37', 'A38', 'A39', 'A40', 'A41', 'A42', 'A43', 'A44', 'A45', 'A46', 'A47', 'A48', 'A49', 'A50', 'A51', 'A52', 'A53', 'A54', 'A55', 'A56', 'A57', 'A58', 'A59', 'A60', 'A61', 'A62', 'A63', 'A64', 'A65', 'A66', 'A67', 'A68', 'A69', 'A70', 'A71', 'A72']
These residues will be fixed:  []
No ligand atoms parsed
Designing protein from this path: /wynton/home/rotation/geanhu/multi-state/data/string-sampling/end-states/5KPH_2_4_2.pdb
These residues will be redesigned:  ['A1', 'A2', 'A3', 'A4', 'A5', 'A6', 'A7', 'A8', 'A9', 'A10', 'A11', 'A12', 'A13', 'A14', 'A15', 'A16', 'A17', 'A18', 'A19', 'A20', 'A21', 'A22', 'A23', 'A24', 'A25', 'A26', 'A27', 'A28', 'A29', 'A30', 'A31', 'A32', 'A33', 'A34', 'A35', 'A36', 'A37', 'A38', 'A39', 'A40', 'A41', 'A42', 'A43', 'A44', 'A45', 'A46', 'A47', 'A48', 'A49', 'A50', 'A51', 'A52', 'A53', 'A54', 'A55', 'A56', 'A57', 'A58', 'A59', 'A60', 'A61', 'A62', 'A63', 'A64', 'A65', 'A66', 'A67', 'A68', 'A69', 'A70', 'A71', 'A72']
These residues will be fixed:  []
No ligand atoms parsed
Designing protein from this path: /wynton/home/rotation/geanhu/multi-state/data/string-sampling/end-states/5KPH_6_8_0.pdb
These residues will be redesigned:  ['A1', 'A2', 'A3', 'A4', 'A5', 'A6', 'A7', 'A8', 'A9', 'A10', 'A11', 'A12', 'A13', 'A14', 'A15', 'A16', 'A17', 'A18', 'A19', 'A20', 'A21', 'A22', 'A23', 'A24', 'A25', 'A26', 'A27', 'A28', 'A29', 'A30', 'A31', 'A32', 'A33', 'A34', 'A35', 'A36', 'A37', 'A38', 'A39', 'A40', 'A41', 'A42', 'A43', 'A44', 'A45', 'A46', 'A47', 'A48', 'A49', 'A50', 'A51', 'A52', 'A53', 'A54', 'A55', 'A56', 'A57', 'A58', 'A59', 'A60', 'A61', 'A62', 'A63', 'A64', 'A65', 'A66', 'A67', 'A68', 'A69', 'A70', 'A71', 'A72']
These residues will be fixed:  []
No ligand atoms parsed
Designing protein from this path: /wynton/home/rotation/geanhu/multi-state/data/string-sampling/end-states/5KPH_4_8_7.pdb
These residues will be redesigned:  ['A1', 'A2', 'A3', 'A4', 'A5', 'A6', 'A7', 'A8', 'A9', 'A10', 'A11', 'A12', 'A13', 'A14', 'A15', 'A16', 'A17', 'A18', 'A19', 'A20', 'A21', 'A22', 'A23', 'A24', 'A25', 'A26', 'A27', 'A28', 'A29', 'A30', 'A31', 'A32', 'A33', 'A34', 'A35', 'A36', 'A37', 'A38', 'A39', 'A40', 'A41', 'A42', 'A43', 'A44', 'A45', 'A46', 'A47', 'A48', 'A49', 'A50', 'A51', 'A52', 'A53', 'A54', 'A55', 'A56', 'A57', 'A58', 'A59', 'A60', 'A61', 'A62', 'A63', 'A64', 'A65', 'A66', 'A67', 'A68', 'A69', 'A70', 'A71', 'A72']
These residues will be fixed:  []
No ligand atoms parsed
Designing protein from this path: /wynton/home/rotation/geanhu/multi-state/data/string-sampling/end-states/5KPE_2_4_4.pdb
These residues will be redesigned:  ['A1', 'A2', 'A3', 'A4', 'A5', 'A6', 'A7', 'A8', 'A9', 'A10', 'A11', 'A12', 'A13', 'A14', 'A15', 'A16', 'A17', 'A18', 'A19', 'A20', 'A21', 'A22', 'A23', 'A24', 'A25', 'A26', 'A27', 'A28', 'A29', 'A30', 'A31', 'A32', 'A33', 'A34', 'A35', 'A36', 'A37', 'A38', 'A39', 'A40', 'A41', 'A42', 'A43', 'A44', 'A45', 'A46', 'A47', 'A48', 'A49', 'A50', 'A51', 'A52', 'A53', 'A54', 'A55', 'A56', 'A57', 'A58', 'A59', 'A60', 'A61', 'A62', 'A63', 'A64', 'A65', 'A66', 'A67', 'A68', 'A69', 'A70', 'A71', 'A72', 'A73', 'A74', 'A75', 'A76', 'A77', 'A78', 'A79', 'A80', 'A81', 'A82', 'A83', 'A84', 'A85', 'A86', 'A87', 'A88', 'A89', 'A90', 'A91', 'A92', 'A93', 'A94', 'A95', 'A96', 'A97', 'A98', 'A99', 'A100', 'A101', 'A102', 'A103', 'A104', 'A105', 'A106', 'A107', 'A108']
These residues will be fixed:  []
No ligand atoms parsed
Designing protein from this path: /wynton/home/rotation/geanhu/multi-state/data/string-sampling/end-states/5KPH_8_2_9.pdb
These residues will be redesigned:  ['A1', 'A2', 'A3', 'A4', 'A5', 'A6', 'A7', 'A8', 'A9', 'A10', 'A11', 'A12', 'A13', 'A14', 'A15', 'A16', 'A17', 'A18', 'A19', 'A20', 'A21', 'A22', 'A23', 'A24', 'A25', 'A26', 'A27', 'A28', 'A29', 'A30', 'A31', 'A32', 'A33', 'A34', 'A35', 'A36', 'A37', 'A38', 'A39', 'A40', 'A41', 'A42', 'A43', 'A44', 'A45', 'A46', 'A47', 'A48', 'A49', 'A50', 'A51', 'A52', 'A53', 'A54', 'A55', 'A56', 'A57', 'A58', 'A59', 'A60', 'A61', 'A62', 'A63', 'A64', 'A65', 'A66', 'A67', 'A68', 'A69', 'A70', 'A71', 'A72']
These residues will be fixed:  []
No ligand atoms parsed
Designing protein from this path: /wynton/home/rotation/geanhu/multi-state/data/string-sampling/end-states/5KPE_8_6_0.pdb
These residues will be redesigned:  ['A1', 'A2', 'A3', 'A4', 'A5', 'A6', 'A7', 'A8', 'A9', 'A10', 'A11', 'A12', 'A13', 'A14', 'A15', 'A16', 'A17', 'A18', 'A19', 'A20', 'A21', 'A22', 'A23', 'A24', 'A25', 'A26', 'A27', 'A28', 'A29', 'A30', 'A31', 'A32', 'A33', 'A34', 'A35', 'A36', 'A37', 'A38', 'A39', 'A40', 'A41', 'A42', 'A43', 'A44', 'A45', 'A46', 'A47', 'A48', 'A49', 'A50', 'A51', 'A52', 'A53', 'A54', 'A55', 'A56', 'A57', 'A58', 'A59', 'A60', 'A61', 'A62', 'A63', 'A64', 'A65', 'A66', 'A67', 'A68', 'A69', 'A70', 'A71', 'A72', 'A73', 'A74', 'A75', 'A76', 'A77', 'A78', 'A79', 'A80', 'A81', 'A82', 'A83', 'A84', 'A85', 'A86', 'A87', 'A88', 'A89', 'A90', 'A91', 'A92', 'A93', 'A94', 'A95', 'A96', 'A97', 'A98', 'A99', 'A100', 'A101', 'A102', 'A103', 'A104', 'A105', 'A106', 'A107', 'A108']
These residues will be fixed:  []
No ligand atoms parsed
Designing protein from this path: /wynton/home/rotation/geanhu/multi-state/data/string-sampling/end-states/5KPE_8_8_8.pdb
These residues will be redesigned:  ['A1', 'A2', 'A3', 'A4', 'A5', 'A6', 'A7', 'A8', 'A9', 'A10', 'A11', 'A12', 'A13', 'A14', 'A15', 'A16', 'A17', 'A18', 'A19', 'A20', 'A21', 'A22', 'A23', 'A24', 'A25', 'A26', 'A27', 'A28', 'A29', 'A30', 'A31', 'A32', 'A33', 'A34', 'A35', 'A36', 'A37', 'A38', 'A39', 'A40', 'A41', 'A42', 'A43', 'A44', 'A45', 'A46', 'A47', 'A48', 'A49', 'A50', 'A51', 'A52', 'A53', 'A54', 'A55', 'A56', 'A57', 'A58', 'A59', 'A60', 'A61', 'A62', 'A63', 'A64', 'A65', 'A66', 'A67', 'A68', 'A69', 'A70', 'A71', 'A72', 'A73', 'A74', 'A75', 'A76', 'A77', 'A78', 'A79', 'A80', 'A81', 'A82', 'A83', 'A84', 'A85', 'A86', 'A87', 'A88', 'A89', 'A90', 'A91', 'A92', 'A93', 'A94', 'A95', 'A96', 'A97', 'A98', 'A99', 'A100', 'A101', 'A102', 'A103', 'A104', 'A105', 'A106', 'A107', 'A108']
These residues will be fixed:  []
No ligand atoms parsed
Designing protein from this path: /wynton/home/rotation/geanhu/multi-state/data/string-sampling/end-states/5KPH_2_6_3.pdb
These residues will be redesigned:  ['A1', 'A2', 'A3', 'A4', 'A5', 'A6', 'A7', 'A8', 'A9', 'A10', 'A11', 'A12', 'A13', 'A14', 'A15', 'A16', 'A17', 'A18', 'A19', 'A20', 'A21', 'A22', 'A23', 'A24', 'A25', 'A26', 'A27', 'A28', 'A29', 'A30', 'A31', 'A32', 'A33', 'A34', 'A35', 'A36', 'A37', 'A38', 'A39', 'A40', 'A41', 'A42', 'A43', 'A44', 'A45', 'A46', 'A47', 'A48', 'A49', 'A50', 'A51', 'A52', 'A53', 'A54', 'A55', 'A56', 'A57', 'A58', 'A59', 'A60', 'A61', 'A62', 'A63', 'A64', 'A65', 'A66', 'A67', 'A68', 'A69', 'A70', 'A71', 'A72']
These residues will be fixed:  []
No ligand atoms parsed
Designing protein from this path: /wynton/home/rotation/geanhu/multi-state/data/string-sampling/end-states/5KPE_4_2_4.pdb
These residues will be redesigned:  ['A1', 'A2', 'A3', 'A4', 'A5', 'A6', 'A7', 'A8', 'A9', 'A10', 'A11', 'A12', 'A13', 'A14', 'A15', 'A16', 'A17', 'A18', 'A19', 'A20', 'A21', 'A22', 'A23', 'A24', 'A25', 'A26', 'A27', 'A28', 'A29', 'A30', 'A31', 'A32', 'A33', 'A34', 'A35', 'A36', 'A37', 'A38', 'A39', 'A40', 'A41', 'A42', 'A43', 'A44', 'A45', 'A46', 'A47', 'A48', 'A49', 'A50', 'A51', 'A52', 'A53', 'A54', 'A55', 'A56', 'A57', 'A58', 'A59', 'A60', 'A61', 'A62', 'A63', 'A64', 'A65', 'A66', 'A67', 'A68', 'A69', 'A70', 'A71', 'A72', 'A73', 'A74', 'A75', 'A76', 'A77', 'A78', 'A79', 'A80', 'A81', 'A82', 'A83', 'A84', 'A85', 'A86', 'A87', 'A88', 'A89', 'A90', 'A91', 'A92', 'A93', 'A94', 'A95', 'A96', 'A97', 'A98', 'A99', 'A100', 'A101', 'A102', 'A103', 'A104', 'A105', 'A106', 'A107', 'A108']
These residues will be fixed:  []
No ligand atoms parsed
Designing protein from this path: /wynton/home/rotation/geanhu/multi-state/data/string-sampling/end-states/5KPE_2_6_1.pdb
These residues will be redesigned:  ['A1', 'A2', 'A3', 'A4', 'A5', 'A6', 'A7', 'A8', 'A9', 'A10', 'A11', 'A12', 'A13', 'A14', 'A15', 'A16', 'A17', 'A18', 'A19', 'A20', 'A21', 'A22', 'A23', 'A24', 'A25', 'A26', 'A27', 'A28', 'A29', 'A30', 'A31', 'A32', 'A33', 'A34', 'A35', 'A36', 'A37', 'A38', 'A39', 'A40', 'A41', 'A42', 'A43', 'A44', 'A45', 'A46', 'A47', 'A48', 'A49', 'A50', 'A51', 'A52', 'A53', 'A54', 'A55', 'A56', 'A57', 'A58', 'A59', 'A60', 'A61', 'A62', 'A63', 'A64', 'A65', 'A66', 'A67', 'A68', 'A69', 'A70', 'A71', 'A72', 'A73', 'A74', 'A75', 'A76', 'A77', 'A78', 'A79', 'A80', 'A81', 'A82', 'A83', 'A84', 'A85', 'A86', 'A87', 'A88', 'A89', 'A90', 'A91', 'A92', 'A93', 'A94', 'A95', 'A96', 'A97', 'A98', 'A99', 'A100', 'A101', 'A102', 'A103', 'A104', 'A105', 'A106', 'A107', 'A108']
These residues will be fixed:  []
No ligand atoms parsed
Designing protein from this path: /wynton/home/rotation/geanhu/multi-state/data/string-sampling/end-states/5KPE_6_4_8.pdb
These residues will be redesigned:  ['A1', 'A2', 'A3', 'A4', 'A5', 'A6', 'A7', 'A8', 'A9', 'A10', 'A11', 'A12', 'A13', 'A14', 'A15', 'A16', 'A17', 'A18', 'A19', 'A20', 'A21', 'A22', 'A23', 'A24', 'A25', 'A26', 'A27', 'A28', 'A29', 'A30', 'A31', 'A32', 'A33', 'A34', 'A35', 'A36', 'A37', 'A38', 'A39', 'A40', 'A41', 'A42', 'A43', 'A44', 'A45', 'A46', 'A47', 'A48', 'A49', 'A50', 'A51', 'A52', 'A53', 'A54', 'A55', 'A56', 'A57', 'A58', 'A59', 'A60', 'A61', 'A62', 'A63', 'A64', 'A65', 'A66', 'A67', 'A68', 'A69', 'A70', 'A71', 'A72', 'A73', 'A74', 'A75', 'A76', 'A77', 'A78', 'A79', 'A80', 'A81', 'A82', 'A83', 'A84', 'A85', 'A86', 'A87', 'A88', 'A89', 'A90', 'A91', 'A92', 'A93', 'A94', 'A95', 'A96', 'A97', 'A98', 'A99', 'A100', 'A101', 'A102', 'A103', 'A104', 'A105', 'A106', 'A107', 'A108']
These residues will be fixed:  []
No ligand atoms parsed
Designing protein from this path: /wynton/home/rotation/geanhu/multi-state/data/string-sampling/end-states/5KPE_4_8_6.pdb
These residues will be redesigned:  ['A1', 'A2', 'A3', 'A4', 'A5', 'A6', 'A7', 'A8', 'A9', 'A10', 'A11', 'A12', 'A13', 'A14', 'A15', 'A16', 'A17', 'A18', 'A19', 'A20', 'A21', 'A22', 'A23', 'A24', 'A25', 'A26', 'A27', 'A28', 'A29', 'A30', 'A31', 'A32', 'A33', 'A34', 'A35', 'A36', 'A37', 'A38', 'A39', 'A40', 'A41', 'A42', 'A43', 'A44', 'A45', 'A46', 'A47', 'A48', 'A49', 'A50', 'A51', 'A52', 'A53', 'A54', 'A55', 'A56', 'A57', 'A58', 'A59', 'A60', 'A61', 'A62', 'A63', 'A64', 'A65', 'A66', 'A67', 'A68', 'A69', 'A70', 'A71', 'A72', 'A73', 'A74', 'A75', 'A76', 'A77', 'A78', 'A79', 'A80', 'A81', 'A82', 'A83', 'A84', 'A85', 'A86', 'A87', 'A88', 'A89', 'A90', 'A91', 'A92', 'A93', 'A94', 'A95', 'A96', 'A97', 'A98', 'A99', 'A100', 'A101', 'A102', 'A103', 'A104', 'A105', 'A106', 'A107', 'A108']
These residues will be fixed:  []
No ligand atoms parsed
Designing protein from this path: /wynton/home/rotation/geanhu/multi-state/data/string-sampling/end-states/5KPE_8_6_8.pdb
These residues will be redesigned:  ['A1', 'A2', 'A3', 'A4', 'A5', 'A6', 'A7', 'A8', 'A9', 'A10', 'A11', 'A12', 'A13', 'A14', 'A15', 'A16', 'A17', 'A18', 'A19', 'A20', 'A21', 'A22', 'A23', 'A24', 'A25', 'A26', 'A27', 'A28', 'A29', 'A30', 'A31', 'A32', 'A33', 'A34', 'A35', 'A36', 'A37', 'A38', 'A39', 'A40', 'A41', 'A42', 'A43', 'A44', 'A45', 'A46', 'A47', 'A48', 'A49', 'A50', 'A51', 'A52', 'A53', 'A54', 'A55', 'A56', 'A57', 'A58', 'A59', 'A60', 'A61', 'A62', 'A63', 'A64', 'A65', 'A66', 'A67', 'A68', 'A69', 'A70', 'A71', 'A72', 'A73', 'A74', 'A75', 'A76', 'A77', 'A78', 'A79', 'A80', 'A81', 'A82', 'A83', 'A84', 'A85', 'A86', 'A87', 'A88', 'A89', 'A90', 'A91', 'A92', 'A93', 'A94', 'A95', 'A96', 'A97', 'A98', 'A99', 'A100', 'A101', 'A102', 'A103', 'A104', 'A105', 'A106', 'A107', 'A108']
These residues will be fixed:  []
No ligand atoms parsed
Designing protein from this path: /wynton/home/rotation/geanhu/multi-state/data/string-sampling/end-states/5KPH_4_2_3.pdb
These residues will be redesigned:  ['A1', 'A2', 'A3', 'A4', 'A5', 'A6', 'A7', 'A8', 'A9', 'A10', 'A11', 'A12', 'A13', 'A14', 'A15', 'A16', 'A17', 'A18', 'A19', 'A20', 'A21', 'A22', 'A23', 'A24', 'A25', 'A26', 'A27', 'A28', 'A29', 'A30', 'A31', 'A32', 'A33', 'A34', 'A35', 'A36', 'A37', 'A38', 'A39', 'A40', 'A41', 'A42', 'A43', 'A44', 'A45', 'A46', 'A47', 'A48', 'A49', 'A50', 'A51', 'A52', 'A53', 'A54', 'A55', 'A56', 'A57', 'A58', 'A59', 'A60', 'A61', 'A62', 'A63', 'A64', 'A65', 'A66', 'A67', 'A68', 'A69', 'A70', 'A71', 'A72']
These residues will be fixed:  []
No ligand atoms parsed
Designing protein from this path: /wynton/home/rotation/geanhu/multi-state/data/string-sampling/end-states/5KPH_6_2_9.pdb
These residues will be redesigned:  ['A1', 'A2', 'A3', 'A4', 'A5', 'A6', 'A7', 'A8', 'A9', 'A10', 'A11', 'A12', 'A13', 'A14', 'A15', 'A16', 'A17', 'A18', 'A19', 'A20', 'A21', 'A22', 'A23', 'A24', 'A25', 'A26', 'A27', 'A28', 'A29', 'A30', 'A31', 'A32', 'A33', 'A34', 'A35', 'A36', 'A37', 'A38', 'A39', 'A40', 'A41', 'A42', 'A43', 'A44', 'A45', 'A46', 'A47', 'A48', 'A49', 'A50', 'A51', 'A52', 'A53', 'A54', 'A55', 'A56', 'A57', 'A58', 'A59', 'A60', 'A61', 'A62', 'A63', 'A64', 'A65', 'A66', 'A67', 'A68', 'A69', 'A70', 'A71', 'A72']
These residues will be fixed:  []
No ligand atoms parsed
Designing protein from this path: /wynton/home/rotation/geanhu/multi-state/data/string-sampling/end-states/5KPH_4_8_2.pdb
These residues will be redesigned:  ['A1', 'A2', 'A3', 'A4', 'A5', 'A6', 'A7', 'A8', 'A9', 'A10', 'A11', 'A12', 'A13', 'A14', 'A15', 'A16', 'A17', 'A18', 'A19', 'A20', 'A21', 'A22', 'A23', 'A24', 'A25', 'A26', 'A27', 'A28', 'A29', 'A30', 'A31', 'A32', 'A33', 'A34', 'A35', 'A36', 'A37', 'A38', 'A39', 'A40', 'A41', 'A42', 'A43', 'A44', 'A45', 'A46', 'A47', 'A48', 'A49', 'A50', 'A51', 'A52', 'A53', 'A54', 'A55', 'A56', 'A57', 'A58', 'A59', 'A60', 'A61', 'A62', 'A63', 'A64', 'A65', 'A66', 'A67', 'A68', 'A69', 'A70', 'A71', 'A72']
These residues will be fixed:  []
No ligand atoms parsed
Designing protein from this path: /wynton/home/rotation/geanhu/multi-state/data/string-sampling/end-states/5KPH_4_6_0.pdb
These residues will be redesigned:  ['A1', 'A2', 'A3', 'A4', 'A5', 'A6', 'A7', 'A8', 'A9', 'A10', 'A11', 'A12', 'A13', 'A14', 'A15', 'A16', 'A17', 'A18', 'A19', 'A20', 'A21', 'A22', 'A23', 'A24', 'A25', 'A26', 'A27', 'A28', 'A29', 'A30', 'A31', 'A32', 'A33', 'A34', 'A35', 'A36', 'A37', 'A38', 'A39', 'A40', 'A41', 'A42', 'A43', 'A44', 'A45', 'A46', 'A47', 'A48', 'A49', 'A50', 'A51', 'A52', 'A53', 'A54', 'A55', 'A56', 'A57', 'A58', 'A59', 'A60', 'A61', 'A62', 'A63', 'A64', 'A65', 'A66', 'A67', 'A68', 'A69', 'A70', 'A71', 'A72']
These residues will be fixed:  []
No ligand atoms parsed
Designing protein from this path: /wynton/home/rotation/geanhu/multi-state/data/string-sampling/end-states/5KPH_6_8_4.pdb
These residues will be redesigned:  ['A1', 'A2', 'A3', 'A4', 'A5', 'A6', 'A7', 'A8', 'A9', 'A10', 'A11', 'A12', 'A13', 'A14', 'A15', 'A16', 'A17', 'A18', 'A19', 'A20', 'A21', 'A22', 'A23', 'A24', 'A25', 'A26', 'A27', 'A28', 'A29', 'A30', 'A31', 'A32', 'A33', 'A34', 'A35', 'A36', 'A37', 'A38', 'A39', 'A40', 'A41', 'A42', 'A43', 'A44', 'A45', 'A46', 'A47', 'A48', 'A49', 'A50', 'A51', 'A52', 'A53', 'A54', 'A55', 'A56', 'A57', 'A58', 'A59', 'A60', 'A61', 'A62', 'A63', 'A64', 'A65', 'A66', 'A67', 'A68', 'A69', 'A70', 'A71', 'A72']
These residues will be fixed:  []
No ligand atoms parsed
Designing protein from this path: /wynton/home/rotation/geanhu/multi-state/data/string-sampling/end-states/5KPE_6_6_3.pdb
These residues will be redesigned:  ['A1', 'A2', 'A3', 'A4', 'A5', 'A6', 'A7', 'A8', 'A9', 'A10', 'A11', 'A12', 'A13', 'A14', 'A15', 'A16', 'A17', 'A18', 'A19', 'A20', 'A21', 'A22', 'A23', 'A24', 'A25', 'A26', 'A27', 'A28', 'A29', 'A30', 'A31', 'A32', 'A33', 'A34', 'A35', 'A36', 'A37', 'A38', 'A39', 'A40', 'A41', 'A42', 'A43', 'A44', 'A45', 'A46', 'A47', 'A48', 'A49', 'A50', 'A51', 'A52', 'A53', 'A54', 'A55', 'A56', 'A57', 'A58', 'A59', 'A60', 'A61', 'A62', 'A63', 'A64', 'A65', 'A66', 'A67', 'A68', 'A69', 'A70', 'A71', 'A72', 'A73', 'A74', 'A75', 'A76', 'A77', 'A78', 'A79', 'A80', 'A81', 'A82', 'A83', 'A84', 'A85', 'A86', 'A87', 'A88', 'A89', 'A90', 'A91', 'A92', 'A93', 'A94', 'A95', 'A96', 'A97', 'A98', 'A99', 'A100', 'A101', 'A102', 'A103', 'A104', 'A105', 'A106', 'A107', 'A108']
These residues will be fixed:  []
No ligand atoms parsed
Designing protein from this path: /wynton/home/rotation/geanhu/multi-state/data/string-sampling/end-states/5KPE_6_4_5.pdb
These residues will be redesigned:  ['A1', 'A2', 'A3', 'A4', 'A5', 'A6', 'A7', 'A8', 'A9', 'A10', 'A11', 'A12', 'A13', 'A14', 'A15', 'A16', 'A17', 'A18', 'A19', 'A20', 'A21', 'A22', 'A23', 'A24', 'A25', 'A26', 'A27', 'A28', 'A29', 'A30', 'A31', 'A32', 'A33', 'A34', 'A35', 'A36', 'A37', 'A38', 'A39', 'A40', 'A41', 'A42', 'A43', 'A44', 'A45', 'A46', 'A47', 'A48', 'A49', 'A50', 'A51', 'A52', 'A53', 'A54', 'A55', 'A56', 'A57', 'A58', 'A59', 'A60', 'A61', 'A62', 'A63', 'A64', 'A65', 'A66', 'A67', 'A68', 'A69', 'A70', 'A71', 'A72', 'A73', 'A74', 'A75', 'A76', 'A77', 'A78', 'A79', 'A80', 'A81', 'A82', 'A83', 'A84', 'A85', 'A86', 'A87', 'A88', 'A89', 'A90', 'A91', 'A92', 'A93', 'A94', 'A95', 'A96', 'A97', 'A98', 'A99', 'A100', 'A101', 'A102', 'A103', 'A104', 'A105', 'A106', 'A107', 'A108']
These residues will be fixed:  []
No ligand atoms parsed
Designing protein from this path: /wynton/home/rotation/geanhu/multi-state/data/string-sampling/end-states/5KPE_4_2_0.pdb
These residues will be redesigned:  ['A1', 'A2', 'A3', 'A4', 'A5', 'A6', 'A7', 'A8', 'A9', 'A10', 'A11', 'A12', 'A13', 'A14', 'A15', 'A16', 'A17', 'A18', 'A19', 'A20', 'A21', 'A22', 'A23', 'A24', 'A25', 'A26', 'A27', 'A28', 'A29', 'A30', 'A31', 'A32', 'A33', 'A34', 'A35', 'A36', 'A37', 'A38', 'A39', 'A40', 'A41', 'A42', 'A43', 'A44', 'A45', 'A46', 'A47', 'A48', 'A49', 'A50', 'A51', 'A52', 'A53', 'A54', 'A55', 'A56', 'A57', 'A58', 'A59', 'A60', 'A61', 'A62', 'A63', 'A64', 'A65', 'A66', 'A67', 'A68', 'A69', 'A70', 'A71', 'A72', 'A73', 'A74', 'A75', 'A76', 'A77', 'A78', 'A79', 'A80', 'A81', 'A82', 'A83', 'A84', 'A85', 'A86', 'A87', 'A88', 'A89', 'A90', 'A91', 'A92', 'A93', 'A94', 'A95', 'A96', 'A97', 'A98', 'A99', 'A100', 'A101', 'A102', 'A103', 'A104', 'A105', 'A106', 'A107', 'A108']
These residues will be fixed:  []
No ligand atoms parsed
Designing protein from this path: /wynton/home/rotation/geanhu/multi-state/data/string-sampling/end-states/5KPH_4_2_8.pdb
These residues will be redesigned:  ['A1', 'A2', 'A3', 'A4', 'A5', 'A6', 'A7', 'A8', 'A9', 'A10', 'A11', 'A12', 'A13', 'A14', 'A15', 'A16', 'A17', 'A18', 'A19', 'A20', 'A21', 'A22', 'A23', 'A24', 'A25', 'A26', 'A27', 'A28', 'A29', 'A30', 'A31', 'A32', 'A33', 'A34', 'A35', 'A36', 'A37', 'A38', 'A39', 'A40', 'A41', 'A42', 'A43', 'A44', 'A45', 'A46', 'A47', 'A48', 'A49', 'A50', 'A51', 'A52', 'A53', 'A54', 'A55', 'A56', 'A57', 'A58', 'A59', 'A60', 'A61', 'A62', 'A63', 'A64', 'A65', 'A66', 'A67', 'A68', 'A69', 'A70', 'A71', 'A72']
These residues will be fixed:  []
No ligand atoms parsed
Designing protein from this path: /wynton/home/rotation/geanhu/multi-state/data/string-sampling/end-states/5KPH_6_2_5.pdb
These residues will be redesigned:  ['A1', 'A2', 'A3', 'A4', 'A5', 'A6', 'A7', 'A8', 'A9', 'A10', 'A11', 'A12', 'A13', 'A14', 'A15', 'A16', 'A17', 'A18', 'A19', 'A20', 'A21', 'A22', 'A23', 'A24', 'A25', 'A26', 'A27', 'A28', 'A29', 'A30', 'A31', 'A32', 'A33', 'A34', 'A35', 'A36', 'A37', 'A38', 'A39', 'A40', 'A41', 'A42', 'A43', 'A44', 'A45', 'A46', 'A47', 'A48', 'A49', 'A50', 'A51', 'A52', 'A53', 'A54', 'A55', 'A56', 'A57', 'A58', 'A59', 'A60', 'A61', 'A62', 'A63', 'A64', 'A65', 'A66', 'A67', 'A68', 'A69', 'A70', 'A71', 'A72']
These residues will be fixed:  []
No ligand atoms parsed
Designing protein from this path: /wynton/home/rotation/geanhu/multi-state/data/string-sampling/end-states/5KPE_6_6_0.pdb
These residues will be redesigned:  ['A1', 'A2', 'A3', 'A4', 'A5', 'A6', 'A7', 'A8', 'A9', 'A10', 'A11', 'A12', 'A13', 'A14', 'A15', 'A16', 'A17', 'A18', 'A19', 'A20', 'A21', 'A22', 'A23', 'A24', 'A25', 'A26', 'A27', 'A28', 'A29', 'A30', 'A31', 'A32', 'A33', 'A34', 'A35', 'A36', 'A37', 'A38', 'A39', 'A40', 'A41', 'A42', 'A43', 'A44', 'A45', 'A46', 'A47', 'A48', 'A49', 'A50', 'A51', 'A52', 'A53', 'A54', 'A55', 'A56', 'A57', 'A58', 'A59', 'A60', 'A61', 'A62', 'A63', 'A64', 'A65', 'A66', 'A67', 'A68', 'A69', 'A70', 'A71', 'A72', 'A73', 'A74', 'A75', 'A76', 'A77', 'A78', 'A79', 'A80', 'A81', 'A82', 'A83', 'A84', 'A85', 'A86', 'A87', 'A88', 'A89', 'A90', 'A91', 'A92', 'A93', 'A94', 'A95', 'A96', 'A97', 'A98', 'A99', 'A100', 'A101', 'A102', 'A103', 'A104', 'A105', 'A106', 'A107', 'A108']
These residues will be fixed:  []
No ligand atoms parsed
Designing protein from this path: /wynton/home/rotation/geanhu/multi-state/data/string-sampling/end-states/5KPH_4_2_0.pdb
These residues will be redesigned:  ['A1', 'A2', 'A3', 'A4', 'A5', 'A6', 'A7', 'A8', 'A9', 'A10', 'A11', 'A12', 'A13', 'A14', 'A15', 'A16', 'A17', 'A18', 'A19', 'A20', 'A21', 'A22', 'A23', 'A24', 'A25', 'A26', 'A27', 'A28', 'A29', 'A30', 'A31', 'A32', 'A33', 'A34', 'A35', 'A36', 'A37', 'A38', 'A39', 'A40', 'A41', 'A42', 'A43', 'A44', 'A45', 'A46', 'A47', 'A48', 'A49', 'A50', 'A51', 'A52', 'A53', 'A54', 'A55', 'A56', 'A57', 'A58', 'A59', 'A60', 'A61', 'A62', 'A63', 'A64', 'A65', 'A66', 'A67', 'A68', 'A69', 'A70', 'A71', 'A72']
These residues will be fixed:  []
No ligand atoms parsed
Designing protein from this path: /wynton/home/rotation/geanhu/multi-state/data/string-sampling/end-states/5KPE_6_2_2.pdb
These residues will be redesigned:  ['A1', 'A2', 'A3', 'A4', 'A5', 'A6', 'A7', 'A8', 'A9', 'A10', 'A11', 'A12', 'A13', 'A14', 'A15', 'A16', 'A17', 'A18', 'A19', 'A20', 'A21', 'A22', 'A23', 'A24', 'A25', 'A26', 'A27', 'A28', 'A29', 'A30', 'A31', 'A32', 'A33', 'A34', 'A35', 'A36', 'A37', 'A38', 'A39', 'A40', 'A41', 'A42', 'A43', 'A44', 'A45', 'A46', 'A47', 'A48', 'A49', 'A50', 'A51', 'A52', 'A53', 'A54', 'A55', 'A56', 'A57', 'A58', 'A59', 'A60', 'A61', 'A62', 'A63', 'A64', 'A65', 'A66', 'A67', 'A68', 'A69', 'A70', 'A71', 'A72', 'A73', 'A74', 'A75', 'A76', 'A77', 'A78', 'A79', 'A80', 'A81', 'A82', 'A83', 'A84', 'A85', 'A86', 'A87', 'A88', 'A89', 'A90', 'A91', 'A92', 'A93', 'A94', 'A95', 'A96', 'A97', 'A98', 'A99', 'A100', 'A101', 'A102', 'A103', 'A104', 'A105', 'A106', 'A107', 'A108']
These residues will be fixed:  []
No ligand atoms parsed
Designing protein from this path: /wynton/home/rotation/geanhu/multi-state/data/string-sampling/end-states/5KPE_4_6_3.pdb
These residues will be redesigned:  ['A1', 'A2', 'A3', 'A4', 'A5', 'A6', 'A7', 'A8', 'A9', 'A10', 'A11', 'A12', 'A13', 'A14', 'A15', 'A16', 'A17', 'A18', 'A19', 'A20', 'A21', 'A22', 'A23', 'A24', 'A25', 'A26', 'A27', 'A28', 'A29', 'A30', 'A31', 'A32', 'A33', 'A34', 'A35', 'A36', 'A37', 'A38', 'A39', 'A40', 'A41', 'A42', 'A43', 'A44', 'A45', 'A46', 'A47', 'A48', 'A49', 'A50', 'A51', 'A52', 'A53', 'A54', 'A55', 'A56', 'A57', 'A58', 'A59', 'A60', 'A61', 'A62', 'A63', 'A64', 'A65', 'A66', 'A67', 'A68', 'A69', 'A70', 'A71', 'A72', 'A73', 'A74', 'A75', 'A76', 'A77', 'A78', 'A79', 'A80', 'A81', 'A82', 'A83', 'A84', 'A85', 'A86', 'A87', 'A88', 'A89', 'A90', 'A91', 'A92', 'A93', 'A94', 'A95', 'A96', 'A97', 'A98', 'A99', 'A100', 'A101', 'A102', 'A103', 'A104', 'A105', 'A106', 'A107', 'A108']
These residues will be fixed:  []
No ligand atoms parsed
Designing protein from this path: /wynton/home/rotation/geanhu/multi-state/data/string-sampling/end-states/5KPH_6_6_9.pdb
These residues will be redesigned:  ['A1', 'A2', 'A3', 'A4', 'A5', 'A6', 'A7', 'A8', 'A9', 'A10', 'A11', 'A12', 'A13', 'A14', 'A15', 'A16', 'A17', 'A18', 'A19', 'A20', 'A21', 'A22', 'A23', 'A24', 'A25', 'A26', 'A27', 'A28', 'A29', 'A30', 'A31', 'A32', 'A33', 'A34', 'A35', 'A36', 'A37', 'A38', 'A39', 'A40', 'A41', 'A42', 'A43', 'A44', 'A45', 'A46', 'A47', 'A48', 'A49', 'A50', 'A51', 'A52', 'A53', 'A54', 'A55', 'A56', 'A57', 'A58', 'A59', 'A60', 'A61', 'A62', 'A63', 'A64', 'A65', 'A66', 'A67', 'A68', 'A69', 'A70', 'A71', 'A72']
These residues will be fixed:  []
No ligand atoms parsed
Designing protein from this path: /wynton/home/rotation/geanhu/multi-state/data/string-sampling/end-states/5KPH_2_2_1.pdb
These residues will be redesigned:  ['A1', 'A2', 'A3', 'A4', 'A5', 'A6', 'A7', 'A8', 'A9', 'A10', 'A11', 'A12', 'A13', 'A14', 'A15', 'A16', 'A17', 'A18', 'A19', 'A20', 'A21', 'A22', 'A23', 'A24', 'A25', 'A26', 'A27', 'A28', 'A29', 'A30', 'A31', 'A32', 'A33', 'A34', 'A35', 'A36', 'A37', 'A38', 'A39', 'A40', 'A41', 'A42', 'A43', 'A44', 'A45', 'A46', 'A47', 'A48', 'A49', 'A50', 'A51', 'A52', 'A53', 'A54', 'A55', 'A56', 'A57', 'A58', 'A59', 'A60', 'A61', 'A62', 'A63', 'A64', 'A65', 'A66', 'A67', 'A68', 'A69', 'A70', 'A71', 'A72']
These residues will be fixed:  []
No ligand atoms parsed
Designing protein from this path: /wynton/home/rotation/geanhu/multi-state/data/string-sampling/end-states/5KPE_4_2_6.pdb
These residues will be redesigned:  ['A1', 'A2', 'A3', 'A4', 'A5', 'A6', 'A7', 'A8', 'A9', 'A10', 'A11', 'A12', 'A13', 'A14', 'A15', 'A16', 'A17', 'A18', 'A19', 'A20', 'A21', 'A22', 'A23', 'A24', 'A25', 'A26', 'A27', 'A28', 'A29', 'A30', 'A31', 'A32', 'A33', 'A34', 'A35', 'A36', 'A37', 'A38', 'A39', 'A40', 'A41', 'A42', 'A43', 'A44', 'A45', 'A46', 'A47', 'A48', 'A49', 'A50', 'A51', 'A52', 'A53', 'A54', 'A55', 'A56', 'A57', 'A58', 'A59', 'A60', 'A61', 'A62', 'A63', 'A64', 'A65', 'A66', 'A67', 'A68', 'A69', 'A70', 'A71', 'A72', 'A73', 'A74', 'A75', 'A76', 'A77', 'A78', 'A79', 'A80', 'A81', 'A82', 'A83', 'A84', 'A85', 'A86', 'A87', 'A88', 'A89', 'A90', 'A91', 'A92', 'A93', 'A94', 'A95', 'A96', 'A97', 'A98', 'A99', 'A100', 'A101', 'A102', 'A103', 'A104', 'A105', 'A106', 'A107', 'A108']
These residues will be fixed:  []
No ligand atoms parsed
Designing protein from this path: /wynton/home/rotation/geanhu/multi-state/data/string-sampling/end-states/5KPH_4_4_1.pdb
These residues will be redesigned:  ['A1', 'A2', 'A3', 'A4', 'A5', 'A6', 'A7', 'A8', 'A9', 'A10', 'A11', 'A12', 'A13', 'A14', 'A15', 'A16', 'A17', 'A18', 'A19', 'A20', 'A21', 'A22', 'A23', 'A24', 'A25', 'A26', 'A27', 'A28', 'A29', 'A30', 'A31', 'A32', 'A33', 'A34', 'A35', 'A36', 'A37', 'A38', 'A39', 'A40', 'A41', 'A42', 'A43', 'A44', 'A45', 'A46', 'A47', 'A48', 'A49', 'A50', 'A51', 'A52', 'A53', 'A54', 'A55', 'A56', 'A57', 'A58', 'A59', 'A60', 'A61', 'A62', 'A63', 'A64', 'A65', 'A66', 'A67', 'A68', 'A69', 'A70', 'A71', 'A72']
These residues will be fixed:  []
No ligand atoms parsed
Designing protein from this path: /wynton/home/rotation/geanhu/multi-state/data/string-sampling/end-states/5KPE_6_8_9.pdb
These residues will be redesigned:  ['A1', 'A2', 'A3', 'A4', 'A5', 'A6', 'A7', 'A8', 'A9', 'A10', 'A11', 'A12', 'A13', 'A14', 'A15', 'A16', 'A17', 'A18', 'A19', 'A20', 'A21', 'A22', 'A23', 'A24', 'A25', 'A26', 'A27', 'A28', 'A29', 'A30', 'A31', 'A32', 'A33', 'A34', 'A35', 'A36', 'A37', 'A38', 'A39', 'A40', 'A41', 'A42', 'A43', 'A44', 'A45', 'A46', 'A47', 'A48', 'A49', 'A50', 'A51', 'A52', 'A53', 'A54', 'A55', 'A56', 'A57', 'A58', 'A59', 'A60', 'A61', 'A62', 'A63', 'A64', 'A65', 'A66', 'A67', 'A68', 'A69', 'A70', 'A71', 'A72', 'A73', 'A74', 'A75', 'A76', 'A77', 'A78', 'A79', 'A80', 'A81', 'A82', 'A83', 'A84', 'A85', 'A86', 'A87', 'A88', 'A89', 'A90', 'A91', 'A92', 'A93', 'A94', 'A95', 'A96', 'A97', 'A98', 'A99', 'A100', 'A101', 'A102', 'A103', 'A104', 'A105', 'A106', 'A107', 'A108']
These residues will be fixed:  []
No ligand atoms parsed
Designing protein from this path: /wynton/home/rotation/geanhu/multi-state/data/string-sampling/end-states/5KPE_4_8_5.pdb
These residues will be redesigned:  ['A1', 'A2', 'A3', 'A4', 'A5', 'A6', 'A7', 'A8', 'A9', 'A10', 'A11', 'A12', 'A13', 'A14', 'A15', 'A16', 'A17', 'A18', 'A19', 'A20', 'A21', 'A22', 'A23', 'A24', 'A25', 'A26', 'A27', 'A28', 'A29', 'A30', 'A31', 'A32', 'A33', 'A34', 'A35', 'A36', 'A37', 'A38', 'A39', 'A40', 'A41', 'A42', 'A43', 'A44', 'A45', 'A46', 'A47', 'A48', 'A49', 'A50', 'A51', 'A52', 'A53', 'A54', 'A55', 'A56', 'A57', 'A58', 'A59', 'A60', 'A61', 'A62', 'A63', 'A64', 'A65', 'A66', 'A67', 'A68', 'A69', 'A70', 'A71', 'A72', 'A73', 'A74', 'A75', 'A76', 'A77', 'A78', 'A79', 'A80', 'A81', 'A82', 'A83', 'A84', 'A85', 'A86', 'A87', 'A88', 'A89', 'A90', 'A91', 'A92', 'A93', 'A94', 'A95', 'A96', 'A97', 'A98', 'A99', 'A100', 'A101', 'A102', 'A103', 'A104', 'A105', 'A106', 'A107', 'A108']
These residues will be fixed:  []
No ligand atoms parsed
Designing protein from this path: /wynton/home/rotation/geanhu/multi-state/data/string-sampling/end-states/5KPE_2_4_6.pdb
These residues will be redesigned:  ['A1', 'A2', 'A3', 'A4', 'A5', 'A6', 'A7', 'A8', 'A9', 'A10', 'A11', 'A12', 'A13', 'A14', 'A15', 'A16', 'A17', 'A18', 'A19', 'A20', 'A21', 'A22', 'A23', 'A24', 'A25', 'A26', 'A27', 'A28', 'A29', 'A30', 'A31', 'A32', 'A33', 'A34', 'A35', 'A36', 'A37', 'A38', 'A39', 'A40', 'A41', 'A42', 'A43', 'A44', 'A45', 'A46', 'A47', 'A48', 'A49', 'A50', 'A51', 'A52', 'A53', 'A54', 'A55', 'A56', 'A57', 'A58', 'A59', 'A60', 'A61', 'A62', 'A63', 'A64', 'A65', 'A66', 'A67', 'A68', 'A69', 'A70', 'A71', 'A72', 'A73', 'A74', 'A75', 'A76', 'A77', 'A78', 'A79', 'A80', 'A81', 'A82', 'A83', 'A84', 'A85', 'A86', 'A87', 'A88', 'A89', 'A90', 'A91', 'A92', 'A93', 'A94', 'A95', 'A96', 'A97', 'A98', 'A99', 'A100', 'A101', 'A102', 'A103', 'A104', 'A105', 'A106', 'A107', 'A108']
These residues will be fixed:  []
No ligand atoms parsed
Designing protein from this path: /wynton/home/rotation/geanhu/multi-state/data/string-sampling/end-states/5KPE_6_2_6.pdb
These residues will be redesigned:  ['A1', 'A2', 'A3', 'A4', 'A5', 'A6', 'A7', 'A8', 'A9', 'A10', 'A11', 'A12', 'A13', 'A14', 'A15', 'A16', 'A17', 'A18', 'A19', 'A20', 'A21', 'A22', 'A23', 'A24', 'A25', 'A26', 'A27', 'A28', 'A29', 'A30', 'A31', 'A32', 'A33', 'A34', 'A35', 'A36', 'A37', 'A38', 'A39', 'A40', 'A41', 'A42', 'A43', 'A44', 'A45', 'A46', 'A47', 'A48', 'A49', 'A50', 'A51', 'A52', 'A53', 'A54', 'A55', 'A56', 'A57', 'A58', 'A59', 'A60', 'A61', 'A62', 'A63', 'A64', 'A65', 'A66', 'A67', 'A68', 'A69', 'A70', 'A71', 'A72', 'A73', 'A74', 'A75', 'A76', 'A77', 'A78', 'A79', 'A80', 'A81', 'A82', 'A83', 'A84', 'A85', 'A86', 'A87', 'A88', 'A89', 'A90', 'A91', 'A92', 'A93', 'A94', 'A95', 'A96', 'A97', 'A98', 'A99', 'A100', 'A101', 'A102', 'A103', 'A104', 'A105', 'A106', 'A107', 'A108']
These residues will be fixed:  []
No ligand atoms parsed
Designing protein from this path: /wynton/home/rotation/geanhu/multi-state/data/string-sampling/end-states/5KPH_2_6_9.pdb
These residues will be redesigned:  ['A1', 'A2', 'A3', 'A4', 'A5', 'A6', 'A7', 'A8', 'A9', 'A10', 'A11', 'A12', 'A13', 'A14', 'A15', 'A16', 'A17', 'A18', 'A19', 'A20', 'A21', 'A22', 'A23', 'A24', 'A25', 'A26', 'A27', 'A28', 'A29', 'A30', 'A31', 'A32', 'A33', 'A34', 'A35', 'A36', 'A37', 'A38', 'A39', 'A40', 'A41', 'A42', 'A43', 'A44', 'A45', 'A46', 'A47', 'A48', 'A49', 'A50', 'A51', 'A52', 'A53', 'A54', 'A55', 'A56', 'A57', 'A58', 'A59', 'A60', 'A61', 'A62', 'A63', 'A64', 'A65', 'A66', 'A67', 'A68', 'A69', 'A70', 'A71', 'A72']
These residues will be fixed:  []
No ligand atoms parsed
Designing protein from this path: /wynton/home/rotation/geanhu/multi-state/data/string-sampling/end-states/5KPH_8_8_6.pdb
These residues will be redesigned:  ['A1', 'A2', 'A3', 'A4', 'A5', 'A6', 'A7', 'A8', 'A9', 'A10', 'A11', 'A12', 'A13', 'A14', 'A15', 'A16', 'A17', 'A18', 'A19', 'A20', 'A21', 'A22', 'A23', 'A24', 'A25', 'A26', 'A27', 'A28', 'A29', 'A30', 'A31', 'A32', 'A33', 'A34', 'A35', 'A36', 'A37', 'A38', 'A39', 'A40', 'A41', 'A42', 'A43', 'A44', 'A45', 'A46', 'A47', 'A48', 'A49', 'A50', 'A51', 'A52', 'A53', 'A54', 'A55', 'A56', 'A57', 'A58', 'A59', 'A60', 'A61', 'A62', 'A63', 'A64', 'A65', 'A66', 'A67', 'A68', 'A69', 'A70', 'A71', 'A72']
These residues will be fixed:  []
No ligand atoms parsed
Designing protein from this path: /wynton/home/rotation/geanhu/multi-state/data/string-sampling/end-states/5KPH_4_2_7.pdb
These residues will be redesigned:  ['A1', 'A2', 'A3', 'A4', 'A5', 'A6', 'A7', 'A8', 'A9', 'A10', 'A11', 'A12', 'A13', 'A14', 'A15', 'A16', 'A17', 'A18', 'A19', 'A20', 'A21', 'A22', 'A23', 'A24', 'A25', 'A26', 'A27', 'A28', 'A29', 'A30', 'A31', 'A32', 'A33', 'A34', 'A35', 'A36', 'A37', 'A38', 'A39', 'A40', 'A41', 'A42', 'A43', 'A44', 'A45', 'A46', 'A47', 'A48', 'A49', 'A50', 'A51', 'A52', 'A53', 'A54', 'A55', 'A56', 'A57', 'A58', 'A59', 'A60', 'A61', 'A62', 'A63', 'A64', 'A65', 'A66', 'A67', 'A68', 'A69', 'A70', 'A71', 'A72']
These residues will be fixed:  []
No ligand atoms parsed
Designing protein from this path: /wynton/home/rotation/geanhu/multi-state/data/string-sampling/end-states/5KPE_8_4_9.pdb
These residues will be redesigned:  ['A1', 'A2', 'A3', 'A4', 'A5', 'A6', 'A7', 'A8', 'A9', 'A10', 'A11', 'A12', 'A13', 'A14', 'A15', 'A16', 'A17', 'A18', 'A19', 'A20', 'A21', 'A22', 'A23', 'A24', 'A25', 'A26', 'A27', 'A28', 'A29', 'A30', 'A31', 'A32', 'A33', 'A34', 'A35', 'A36', 'A37', 'A38', 'A39', 'A40', 'A41', 'A42', 'A43', 'A44', 'A45', 'A46', 'A47', 'A48', 'A49', 'A50', 'A51', 'A52', 'A53', 'A54', 'A55', 'A56', 'A57', 'A58', 'A59', 'A60', 'A61', 'A62', 'A63', 'A64', 'A65', 'A66', 'A67', 'A68', 'A69', 'A70', 'A71', 'A72', 'A73', 'A74', 'A75', 'A76', 'A77', 'A78', 'A79', 'A80', 'A81', 'A82', 'A83', 'A84', 'A85', 'A86', 'A87', 'A88', 'A89', 'A90', 'A91', 'A92', 'A93', 'A94', 'A95', 'A96', 'A97', 'A98', 'A99', 'A100', 'A101', 'A102', 'A103', 'A104', 'A105', 'A106', 'A107', 'A108']
These residues will be fixed:  []
No ligand atoms parsed
Designing protein from this path: /wynton/home/rotation/geanhu/multi-state/data/string-sampling/end-states/5KPE_2_6_5.pdb
These residues will be redesigned:  ['A1', 'A2', 'A3', 'A4', 'A5', 'A6', 'A7', 'A8', 'A9', 'A10', 'A11', 'A12', 'A13', 'A14', 'A15', 'A16', 'A17', 'A18', 'A19', 'A20', 'A21', 'A22', 'A23', 'A24', 'A25', 'A26', 'A27', 'A28', 'A29', 'A30', 'A31', 'A32', 'A33', 'A34', 'A35', 'A36', 'A37', 'A38', 'A39', 'A40', 'A41', 'A42', 'A43', 'A44', 'A45', 'A46', 'A47', 'A48', 'A49', 'A50', 'A51', 'A52', 'A53', 'A54', 'A55', 'A56', 'A57', 'A58', 'A59', 'A60', 'A61', 'A62', 'A63', 'A64', 'A65', 'A66', 'A67', 'A68', 'A69', 'A70', 'A71', 'A72', 'A73', 'A74', 'A75', 'A76', 'A77', 'A78', 'A79', 'A80', 'A81', 'A82', 'A83', 'A84', 'A85', 'A86', 'A87', 'A88', 'A89', 'A90', 'A91', 'A92', 'A93', 'A94', 'A95', 'A96', 'A97', 'A98', 'A99', 'A100', 'A101', 'A102', 'A103', 'A104', 'A105', 'A106', 'A107', 'A108']
These residues will be fixed:  []
No ligand atoms parsed
Designing protein from this path: /wynton/home/rotation/geanhu/multi-state/data/string-sampling/end-states/5KPH_2_2_0.pdb
These residues will be redesigned:  ['A1', 'A2', 'A3', 'A4', 'A5', 'A6', 'A7', 'A8', 'A9', 'A10', 'A11', 'A12', 'A13', 'A14', 'A15', 'A16', 'A17', 'A18', 'A19', 'A20', 'A21', 'A22', 'A23', 'A24', 'A25', 'A26', 'A27', 'A28', 'A29', 'A30', 'A31', 'A32', 'A33', 'A34', 'A35', 'A36', 'A37', 'A38', 'A39', 'A40', 'A41', 'A42', 'A43', 'A44', 'A45', 'A46', 'A47', 'A48', 'A49', 'A50', 'A51', 'A52', 'A53', 'A54', 'A55', 'A56', 'A57', 'A58', 'A59', 'A60', 'A61', 'A62', 'A63', 'A64', 'A65', 'A66', 'A67', 'A68', 'A69', 'A70', 'A71', 'A72']
These residues will be fixed:  []
No ligand atoms parsed
Designing protein from this path: /wynton/home/rotation/geanhu/multi-state/data/string-sampling/end-states/5KPH_6_2_1.pdb
These residues will be redesigned:  ['A1', 'A2', 'A3', 'A4', 'A5', 'A6', 'A7', 'A8', 'A9', 'A10', 'A11', 'A12', 'A13', 'A14', 'A15', 'A16', 'A17', 'A18', 'A19', 'A20', 'A21', 'A22', 'A23', 'A24', 'A25', 'A26', 'A27', 'A28', 'A29', 'A30', 'A31', 'A32', 'A33', 'A34', 'A35', 'A36', 'A37', 'A38', 'A39', 'A40', 'A41', 'A42', 'A43', 'A44', 'A45', 'A46', 'A47', 'A48', 'A49', 'A50', 'A51', 'A52', 'A53', 'A54', 'A55', 'A56', 'A57', 'A58', 'A59', 'A60', 'A61', 'A62', 'A63', 'A64', 'A65', 'A66', 'A67', 'A68', 'A69', 'A70', 'A71', 'A72']
These residues will be fixed:  []
No ligand atoms parsed
Designing protein from this path: /wynton/home/rotation/geanhu/multi-state/data/string-sampling/end-states/5KPH_2_6_8.pdb
These residues will be redesigned:  ['A1', 'A2', 'A3', 'A4', 'A5', 'A6', 'A7', 'A8', 'A9', 'A10', 'A11', 'A12', 'A13', 'A14', 'A15', 'A16', 'A17', 'A18', 'A19', 'A20', 'A21', 'A22', 'A23', 'A24', 'A25', 'A26', 'A27', 'A28', 'A29', 'A30', 'A31', 'A32', 'A33', 'A34', 'A35', 'A36', 'A37', 'A38', 'A39', 'A40', 'A41', 'A42', 'A43', 'A44', 'A45', 'A46', 'A47', 'A48', 'A49', 'A50', 'A51', 'A52', 'A53', 'A54', 'A55', 'A56', 'A57', 'A58', 'A59', 'A60', 'A61', 'A62', 'A63', 'A64', 'A65', 'A66', 'A67', 'A68', 'A69', 'A70', 'A71', 'A72']
These residues will be fixed:  []
No ligand atoms parsed
Designing protein from this path: /wynton/home/rotation/geanhu/multi-state/data/string-sampling/end-states/5KPH_8_8_3.pdb
These residues will be redesigned:  ['A1', 'A2', 'A3', 'A4', 'A5', 'A6', 'A7', 'A8', 'A9', 'A10', 'A11', 'A12', 'A13', 'A14', 'A15', 'A16', 'A17', 'A18', 'A19', 'A20', 'A21', 'A22', 'A23', 'A24', 'A25', 'A26', 'A27', 'A28', 'A29', 'A30', 'A31', 'A32', 'A33', 'A34', 'A35', 'A36', 'A37', 'A38', 'A39', 'A40', 'A41', 'A42', 'A43', 'A44', 'A45', 'A46', 'A47', 'A48', 'A49', 'A50', 'A51', 'A52', 'A53', 'A54', 'A55', 'A56', 'A57', 'A58', 'A59', 'A60', 'A61', 'A62', 'A63', 'A64', 'A65', 'A66', 'A67', 'A68', 'A69', 'A70', 'A71', 'A72']
These residues will be fixed:  []
No ligand atoms parsed
Designing protein from this path: /wynton/home/rotation/geanhu/multi-state/data/string-sampling/end-states/5KPH_8_4_2.pdb
These residues will be redesigned:  ['A1', 'A2', 'A3', 'A4', 'A5', 'A6', 'A7', 'A8', 'A9', 'A10', 'A11', 'A12', 'A13', 'A14', 'A15', 'A16', 'A17', 'A18', 'A19', 'A20', 'A21', 'A22', 'A23', 'A24', 'A25', 'A26', 'A27', 'A28', 'A29', 'A30', 'A31', 'A32', 'A33', 'A34', 'A35', 'A36', 'A37', 'A38', 'A39', 'A40', 'A41', 'A42', 'A43', 'A44', 'A45', 'A46', 'A47', 'A48', 'A49', 'A50', 'A51', 'A52', 'A53', 'A54', 'A55', 'A56', 'A57', 'A58', 'A59', 'A60', 'A61', 'A62', 'A63', 'A64', 'A65', 'A66', 'A67', 'A68', 'A69', 'A70', 'A71', 'A72']
These residues will be fixed:  []
No ligand atoms parsed
Designing protein from this path: /wynton/home/rotation/geanhu/multi-state/data/string-sampling/end-states/5KPE_2_8_5.pdb
These residues will be redesigned:  ['A1', 'A2', 'A3', 'A4', 'A5', 'A6', 'A7', 'A8', 'A9', 'A10', 'A11', 'A12', 'A13', 'A14', 'A15', 'A16', 'A17', 'A18', 'A19', 'A20', 'A21', 'A22', 'A23', 'A24', 'A25', 'A26', 'A27', 'A28', 'A29', 'A30', 'A31', 'A32', 'A33', 'A34', 'A35', 'A36', 'A37', 'A38', 'A39', 'A40', 'A41', 'A42', 'A43', 'A44', 'A45', 'A46', 'A47', 'A48', 'A49', 'A50', 'A51', 'A52', 'A53', 'A54', 'A55', 'A56', 'A57', 'A58', 'A59', 'A60', 'A61', 'A62', 'A63', 'A64', 'A65', 'A66', 'A67', 'A68', 'A69', 'A70', 'A71', 'A72', 'A73', 'A74', 'A75', 'A76', 'A77', 'A78', 'A79', 'A80', 'A81', 'A82', 'A83', 'A84', 'A85', 'A86', 'A87', 'A88', 'A89', 'A90', 'A91', 'A92', 'A93', 'A94', 'A95', 'A96', 'A97', 'A98', 'A99', 'A100', 'A101', 'A102', 'A103', 'A104', 'A105', 'A106', 'A107', 'A108']
These residues will be fixed:  []
No ligand atoms parsed
Designing protein from this path: /wynton/home/rotation/geanhu/multi-state/data/string-sampling/end-states/5KPE_4_4_6.pdb
These residues will be redesigned:  ['A1', 'A2', 'A3', 'A4', 'A5', 'A6', 'A7', 'A8', 'A9', 'A10', 'A11', 'A12', 'A13', 'A14', 'A15', 'A16', 'A17', 'A18', 'A19', 'A20', 'A21', 'A22', 'A23', 'A24', 'A25', 'A26', 'A27', 'A28', 'A29', 'A30', 'A31', 'A32', 'A33', 'A34', 'A35', 'A36', 'A37', 'A38', 'A39', 'A40', 'A41', 'A42', 'A43', 'A44', 'A45', 'A46', 'A47', 'A48', 'A49', 'A50', 'A51', 'A52', 'A53', 'A54', 'A55', 'A56', 'A57', 'A58', 'A59', 'A60', 'A61', 'A62', 'A63', 'A64', 'A65', 'A66', 'A67', 'A68', 'A69', 'A70', 'A71', 'A72', 'A73', 'A74', 'A75', 'A76', 'A77', 'A78', 'A79', 'A80', 'A81', 'A82', 'A83', 'A84', 'A85', 'A86', 'A87', 'A88', 'A89', 'A90', 'A91', 'A92', 'A93', 'A94', 'A95', 'A96', 'A97', 'A98', 'A99', 'A100', 'A101', 'A102', 'A103', 'A104', 'A105', 'A106', 'A107', 'A108']
These residues will be fixed:  []
No ligand atoms parsed
Designing protein from this path: /wynton/home/rotation/geanhu/multi-state/data/string-sampling/end-states/5KPH_4_2_6.pdb
These residues will be redesigned:  ['A1', 'A2', 'A3', 'A4', 'A5', 'A6', 'A7', 'A8', 'A9', 'A10', 'A11', 'A12', 'A13', 'A14', 'A15', 'A16', 'A17', 'A18', 'A19', 'A20', 'A21', 'A22', 'A23', 'A24', 'A25', 'A26', 'A27', 'A28', 'A29', 'A30', 'A31', 'A32', 'A33', 'A34', 'A35', 'A36', 'A37', 'A38', 'A39', 'A40', 'A41', 'A42', 'A43', 'A44', 'A45', 'A46', 'A47', 'A48', 'A49', 'A50', 'A51', 'A52', 'A53', 'A54', 'A55', 'A56', 'A57', 'A58', 'A59', 'A60', 'A61', 'A62', 'A63', 'A64', 'A65', 'A66', 'A67', 'A68', 'A69', 'A70', 'A71', 'A72']
These residues will be fixed:  []
No ligand atoms parsed
Designing protein from this path: /wynton/home/rotation/geanhu/multi-state/data/string-sampling/end-states/5KPE_6_8_2.pdb
These residues will be redesigned:  ['A1', 'A2', 'A3', 'A4', 'A5', 'A6', 'A7', 'A8', 'A9', 'A10', 'A11', 'A12', 'A13', 'A14', 'A15', 'A16', 'A17', 'A18', 'A19', 'A20', 'A21', 'A22', 'A23', 'A24', 'A25', 'A26', 'A27', 'A28', 'A29', 'A30', 'A31', 'A32', 'A33', 'A34', 'A35', 'A36', 'A37', 'A38', 'A39', 'A40', 'A41', 'A42', 'A43', 'A44', 'A45', 'A46', 'A47', 'A48', 'A49', 'A50', 'A51', 'A52', 'A53', 'A54', 'A55', 'A56', 'A57', 'A58', 'A59', 'A60', 'A61', 'A62', 'A63', 'A64', 'A65', 'A66', 'A67', 'A68', 'A69', 'A70', 'A71', 'A72', 'A73', 'A74', 'A75', 'A76', 'A77', 'A78', 'A79', 'A80', 'A81', 'A82', 'A83', 'A84', 'A85', 'A86', 'A87', 'A88', 'A89', 'A90', 'A91', 'A92', 'A93', 'A94', 'A95', 'A96', 'A97', 'A98', 'A99', 'A100', 'A101', 'A102', 'A103', 'A104', 'A105', 'A106', 'A107', 'A108']
These residues will be fixed:  []
No ligand atoms parsed
Designing protein from this path: /wynton/home/rotation/geanhu/multi-state/data/string-sampling/end-states/5KPE_6_2_7.pdb
These residues will be redesigned:  ['A1', 'A2', 'A3', 'A4', 'A5', 'A6', 'A7', 'A8', 'A9', 'A10', 'A11', 'A12', 'A13', 'A14', 'A15', 'A16', 'A17', 'A18', 'A19', 'A20', 'A21', 'A22', 'A23', 'A24', 'A25', 'A26', 'A27', 'A28', 'A29', 'A30', 'A31', 'A32', 'A33', 'A34', 'A35', 'A36', 'A37', 'A38', 'A39', 'A40', 'A41', 'A42', 'A43', 'A44', 'A45', 'A46', 'A47', 'A48', 'A49', 'A50', 'A51', 'A52', 'A53', 'A54', 'A55', 'A56', 'A57', 'A58', 'A59', 'A60', 'A61', 'A62', 'A63', 'A64', 'A65', 'A66', 'A67', 'A68', 'A69', 'A70', 'A71', 'A72', 'A73', 'A74', 'A75', 'A76', 'A77', 'A78', 'A79', 'A80', 'A81', 'A82', 'A83', 'A84', 'A85', 'A86', 'A87', 'A88', 'A89', 'A90', 'A91', 'A92', 'A93', 'A94', 'A95', 'A96', 'A97', 'A98', 'A99', 'A100', 'A101', 'A102', 'A103', 'A104', 'A105', 'A106', 'A107', 'A108']
These residues will be fixed:  []
No ligand atoms parsed
Designing protein from this path: /wynton/home/rotation/geanhu/multi-state/data/string-sampling/end-states/5KPH_8_4_7.pdb
These residues will be redesigned:  ['A1', 'A2', 'A3', 'A4', 'A5', 'A6', 'A7', 'A8', 'A9', 'A10', 'A11', 'A12', 'A13', 'A14', 'A15', 'A16', 'A17', 'A18', 'A19', 'A20', 'A21', 'A22', 'A23', 'A24', 'A25', 'A26', 'A27', 'A28', 'A29', 'A30', 'A31', 'A32', 'A33', 'A34', 'A35', 'A36', 'A37', 'A38', 'A39', 'A40', 'A41', 'A42', 'A43', 'A44', 'A45', 'A46', 'A47', 'A48', 'A49', 'A50', 'A51', 'A52', 'A53', 'A54', 'A55', 'A56', 'A57', 'A58', 'A59', 'A60', 'A61', 'A62', 'A63', 'A64', 'A65', 'A66', 'A67', 'A68', 'A69', 'A70', 'A71', 'A72']
These residues will be fixed:  []
No ligand atoms parsed
Designing protein from this path: /wynton/home/rotation/geanhu/multi-state/data/string-sampling/end-states/5KPE_8_8_6.pdb
These residues will be redesigned:  ['A1', 'A2', 'A3', 'A4', 'A5', 'A6', 'A7', 'A8', 'A9', 'A10', 'A11', 'A12', 'A13', 'A14', 'A15', 'A16', 'A17', 'A18', 'A19', 'A20', 'A21', 'A22', 'A23', 'A24', 'A25', 'A26', 'A27', 'A28', 'A29', 'A30', 'A31', 'A32', 'A33', 'A34', 'A35', 'A36', 'A37', 'A38', 'A39', 'A40', 'A41', 'A42', 'A43', 'A44', 'A45', 'A46', 'A47', 'A48', 'A49', 'A50', 'A51', 'A52', 'A53', 'A54', 'A55', 'A56', 'A57', 'A58', 'A59', 'A60', 'A61', 'A62', 'A63', 'A64', 'A65', 'A66', 'A67', 'A68', 'A69', 'A70', 'A71', 'A72', 'A73', 'A74', 'A75', 'A76', 'A77', 'A78', 'A79', 'A80', 'A81', 'A82', 'A83', 'A84', 'A85', 'A86', 'A87', 'A88', 'A89', 'A90', 'A91', 'A92', 'A93', 'A94', 'A95', 'A96', 'A97', 'A98', 'A99', 'A100', 'A101', 'A102', 'A103', 'A104', 'A105', 'A106', 'A107', 'A108']
These residues will be fixed:  []
No ligand atoms parsed
Designing protein from this path: /wynton/home/rotation/geanhu/multi-state/data/string-sampling/end-states/5KPE_2_6_3.pdb
These residues will be redesigned:  ['A1', 'A2', 'A3', 'A4', 'A5', 'A6', 'A7', 'A8', 'A9', 'A10', 'A11', 'A12', 'A13', 'A14', 'A15', 'A16', 'A17', 'A18', 'A19', 'A20', 'A21', 'A22', 'A23', 'A24', 'A25', 'A26', 'A27', 'A28', 'A29', 'A30', 'A31', 'A32', 'A33', 'A34', 'A35', 'A36', 'A37', 'A38', 'A39', 'A40', 'A41', 'A42', 'A43', 'A44', 'A45', 'A46', 'A47', 'A48', 'A49', 'A50', 'A51', 'A52', 'A53', 'A54', 'A55', 'A56', 'A57', 'A58', 'A59', 'A60', 'A61', 'A62', 'A63', 'A64', 'A65', 'A66', 'A67', 'A68', 'A69', 'A70', 'A71', 'A72', 'A73', 'A74', 'A75', 'A76', 'A77', 'A78', 'A79', 'A80', 'A81', 'A82', 'A83', 'A84', 'A85', 'A86', 'A87', 'A88', 'A89', 'A90', 'A91', 'A92', 'A93', 'A94', 'A95', 'A96', 'A97', 'A98', 'A99', 'A100', 'A101', 'A102', 'A103', 'A104', 'A105', 'A106', 'A107', 'A108']
These residues will be fixed:  []
No ligand atoms parsed
Designing protein from this path: /wynton/home/rotation/geanhu/multi-state/data/string-sampling/end-states/5KPH_6_2_3.pdb
These residues will be redesigned:  ['A1', 'A2', 'A3', 'A4', 'A5', 'A6', 'A7', 'A8', 'A9', 'A10', 'A11', 'A12', 'A13', 'A14', 'A15', 'A16', 'A17', 'A18', 'A19', 'A20', 'A21', 'A22', 'A23', 'A24', 'A25', 'A26', 'A27', 'A28', 'A29', 'A30', 'A31', 'A32', 'A33', 'A34', 'A35', 'A36', 'A37', 'A38', 'A39', 'A40', 'A41', 'A42', 'A43', 'A44', 'A45', 'A46', 'A47', 'A48', 'A49', 'A50', 'A51', 'A52', 'A53', 'A54', 'A55', 'A56', 'A57', 'A58', 'A59', 'A60', 'A61', 'A62', 'A63', 'A64', 'A65', 'A66', 'A67', 'A68', 'A69', 'A70', 'A71', 'A72']
These residues will be fixed:  []
No ligand atoms parsed
Designing protein from this path: /wynton/home/rotation/geanhu/multi-state/data/string-sampling/end-states/5KPH_4_4_6.pdb
These residues will be redesigned:  ['A1', 'A2', 'A3', 'A4', 'A5', 'A6', 'A7', 'A8', 'A9', 'A10', 'A11', 'A12', 'A13', 'A14', 'A15', 'A16', 'A17', 'A18', 'A19', 'A20', 'A21', 'A22', 'A23', 'A24', 'A25', 'A26', 'A27', 'A28', 'A29', 'A30', 'A31', 'A32', 'A33', 'A34', 'A35', 'A36', 'A37', 'A38', 'A39', 'A40', 'A41', 'A42', 'A43', 'A44', 'A45', 'A46', 'A47', 'A48', 'A49', 'A50', 'A51', 'A52', 'A53', 'A54', 'A55', 'A56', 'A57', 'A58', 'A59', 'A60', 'A61', 'A62', 'A63', 'A64', 'A65', 'A66', 'A67', 'A68', 'A69', 'A70', 'A71', 'A72']
These residues will be fixed:  []
No ligand atoms parsed
Designing protein from this path: /wynton/home/rotation/geanhu/multi-state/data/string-sampling/end-states/5KPH_4_2_1.pdb
These residues will be redesigned:  ['A1', 'A2', 'A3', 'A4', 'A5', 'A6', 'A7', 'A8', 'A9', 'A10', 'A11', 'A12', 'A13', 'A14', 'A15', 'A16', 'A17', 'A18', 'A19', 'A20', 'A21', 'A22', 'A23', 'A24', 'A25', 'A26', 'A27', 'A28', 'A29', 'A30', 'A31', 'A32', 'A33', 'A34', 'A35', 'A36', 'A37', 'A38', 'A39', 'A40', 'A41', 'A42', 'A43', 'A44', 'A45', 'A46', 'A47', 'A48', 'A49', 'A50', 'A51', 'A52', 'A53', 'A54', 'A55', 'A56', 'A57', 'A58', 'A59', 'A60', 'A61', 'A62', 'A63', 'A64', 'A65', 'A66', 'A67', 'A68', 'A69', 'A70', 'A71', 'A72']
These residues will be fixed:  []
No ligand atoms parsed
Designing protein from this path: /wynton/home/rotation/geanhu/multi-state/data/string-sampling/end-states/5KPH_6_6_5.pdb
These residues will be redesigned:  ['A1', 'A2', 'A3', 'A4', 'A5', 'A6', 'A7', 'A8', 'A9', 'A10', 'A11', 'A12', 'A13', 'A14', 'A15', 'A16', 'A17', 'A18', 'A19', 'A20', 'A21', 'A22', 'A23', 'A24', 'A25', 'A26', 'A27', 'A28', 'A29', 'A30', 'A31', 'A32', 'A33', 'A34', 'A35', 'A36', 'A37', 'A38', 'A39', 'A40', 'A41', 'A42', 'A43', 'A44', 'A45', 'A46', 'A47', 'A48', 'A49', 'A50', 'A51', 'A52', 'A53', 'A54', 'A55', 'A56', 'A57', 'A58', 'A59', 'A60', 'A61', 'A62', 'A63', 'A64', 'A65', 'A66', 'A67', 'A68', 'A69', 'A70', 'A71', 'A72']
These residues will be fixed:  []
No ligand atoms parsed
Designing protein from this path: /wynton/home/rotation/geanhu/multi-state/data/string-sampling/end-states/5KPH_2_8_2.pdb
These residues will be redesigned:  ['A1', 'A2', 'A3', 'A4', 'A5', 'A6', 'A7', 'A8', 'A9', 'A10', 'A11', 'A12', 'A13', 'A14', 'A15', 'A16', 'A17', 'A18', 'A19', 'A20', 'A21', 'A22', 'A23', 'A24', 'A25', 'A26', 'A27', 'A28', 'A29', 'A30', 'A31', 'A32', 'A33', 'A34', 'A35', 'A36', 'A37', 'A38', 'A39', 'A40', 'A41', 'A42', 'A43', 'A44', 'A45', 'A46', 'A47', 'A48', 'A49', 'A50', 'A51', 'A52', 'A53', 'A54', 'A55', 'A56', 'A57', 'A58', 'A59', 'A60', 'A61', 'A62', 'A63', 'A64', 'A65', 'A66', 'A67', 'A68', 'A69', 'A70', 'A71', 'A72']
These residues will be fixed:  []
No ligand atoms parsed
Designing protein from this path: /wynton/home/rotation/geanhu/multi-state/data/string-sampling/end-states/5KPH_2_4_6.pdb
These residues will be redesigned:  ['A1', 'A2', 'A3', 'A4', 'A5', 'A6', 'A7', 'A8', 'A9', 'A10', 'A11', 'A12', 'A13', 'A14', 'A15', 'A16', 'A17', 'A18', 'A19', 'A20', 'A21', 'A22', 'A23', 'A24', 'A25', 'A26', 'A27', 'A28', 'A29', 'A30', 'A31', 'A32', 'A33', 'A34', 'A35', 'A36', 'A37', 'A38', 'A39', 'A40', 'A41', 'A42', 'A43', 'A44', 'A45', 'A46', 'A47', 'A48', 'A49', 'A50', 'A51', 'A52', 'A53', 'A54', 'A55', 'A56', 'A57', 'A58', 'A59', 'A60', 'A61', 'A62', 'A63', 'A64', 'A65', 'A66', 'A67', 'A68', 'A69', 'A70', 'A71', 'A72']
These residues will be fixed:  []
No ligand atoms parsed
Designing protein from this path: /wynton/home/rotation/geanhu/multi-state/data/string-sampling/end-states/5KPE_8_8_5.pdb
These residues will be redesigned:  ['A1', 'A2', 'A3', 'A4', 'A5', 'A6', 'A7', 'A8', 'A9', 'A10', 'A11', 'A12', 'A13', 'A14', 'A15', 'A16', 'A17', 'A18', 'A19', 'A20', 'A21', 'A22', 'A23', 'A24', 'A25', 'A26', 'A27', 'A28', 'A29', 'A30', 'A31', 'A32', 'A33', 'A34', 'A35', 'A36', 'A37', 'A38', 'A39', 'A40', 'A41', 'A42', 'A43', 'A44', 'A45', 'A46', 'A47', 'A48', 'A49', 'A50', 'A51', 'A52', 'A53', 'A54', 'A55', 'A56', 'A57', 'A58', 'A59', 'A60', 'A61', 'A62', 'A63', 'A64', 'A65', 'A66', 'A67', 'A68', 'A69', 'A70', 'A71', 'A72', 'A73', 'A74', 'A75', 'A76', 'A77', 'A78', 'A79', 'A80', 'A81', 'A82', 'A83', 'A84', 'A85', 'A86', 'A87', 'A88', 'A89', 'A90', 'A91', 'A92', 'A93', 'A94', 'A95', 'A96', 'A97', 'A98', 'A99', 'A100', 'A101', 'A102', 'A103', 'A104', 'A105', 'A106', 'A107', 'A108']
These residues will be fixed:  []
No ligand atoms parsed
Designing protein from this path: /wynton/home/rotation/geanhu/multi-state/data/string-sampling/end-states/5KPH_2_4_1.pdb
These residues will be redesigned:  ['A1', 'A2', 'A3', 'A4', 'A5', 'A6', 'A7', 'A8', 'A9', 'A10', 'A11', 'A12', 'A13', 'A14', 'A15', 'A16', 'A17', 'A18', 'A19', 'A20', 'A21', 'A22', 'A23', 'A24', 'A25', 'A26', 'A27', 'A28', 'A29', 'A30', 'A31', 'A32', 'A33', 'A34', 'A35', 'A36', 'A37', 'A38', 'A39', 'A40', 'A41', 'A42', 'A43', 'A44', 'A45', 'A46', 'A47', 'A48', 'A49', 'A50', 'A51', 'A52', 'A53', 'A54', 'A55', 'A56', 'A57', 'A58', 'A59', 'A60', 'A61', 'A62', 'A63', 'A64', 'A65', 'A66', 'A67', 'A68', 'A69', 'A70', 'A71', 'A72']
These residues will be fixed:  []
No ligand atoms parsed
Designing protein from this path: /wynton/home/rotation/geanhu/multi-state/data/string-sampling/end-states/5KPH_8_6_4.pdb
These residues will be redesigned:  ['A1', 'A2', 'A3', 'A4', 'A5', 'A6', 'A7', 'A8', 'A9', 'A10', 'A11', 'A12', 'A13', 'A14', 'A15', 'A16', 'A17', 'A18', 'A19', 'A20', 'A21', 'A22', 'A23', 'A24', 'A25', 'A26', 'A27', 'A28', 'A29', 'A30', 'A31', 'A32', 'A33', 'A34', 'A35', 'A36', 'A37', 'A38', 'A39', 'A40', 'A41', 'A42', 'A43', 'A44', 'A45', 'A46', 'A47', 'A48', 'A49', 'A50', 'A51', 'A52', 'A53', 'A54', 'A55', 'A56', 'A57', 'A58', 'A59', 'A60', 'A61', 'A62', 'A63', 'A64', 'A65', 'A66', 'A67', 'A68', 'A69', 'A70', 'A71', 'A72']
These residues will be fixed:  []
No ligand atoms parsed
Designing protein from this path: /wynton/home/rotation/geanhu/multi-state/data/string-sampling/end-states/5KPH_6_4_7.pdb
These residues will be redesigned:  ['A1', 'A2', 'A3', 'A4', 'A5', 'A6', 'A7', 'A8', 'A9', 'A10', 'A11', 'A12', 'A13', 'A14', 'A15', 'A16', 'A17', 'A18', 'A19', 'A20', 'A21', 'A22', 'A23', 'A24', 'A25', 'A26', 'A27', 'A28', 'A29', 'A30', 'A31', 'A32', 'A33', 'A34', 'A35', 'A36', 'A37', 'A38', 'A39', 'A40', 'A41', 'A42', 'A43', 'A44', 'A45', 'A46', 'A47', 'A48', 'A49', 'A50', 'A51', 'A52', 'A53', 'A54', 'A55', 'A56', 'A57', 'A58', 'A59', 'A60', 'A61', 'A62', 'A63', 'A64', 'A65', 'A66', 'A67', 'A68', 'A69', 'A70', 'A71', 'A72']
These residues will be fixed:  []
No ligand atoms parsed
Designing protein from this path: /wynton/home/rotation/geanhu/multi-state/data/string-sampling/end-states/5KPE_4_8_2.pdb
These residues will be redesigned:  ['A1', 'A2', 'A3', 'A4', 'A5', 'A6', 'A7', 'A8', 'A9', 'A10', 'A11', 'A12', 'A13', 'A14', 'A15', 'A16', 'A17', 'A18', 'A19', 'A20', 'A21', 'A22', 'A23', 'A24', 'A25', 'A26', 'A27', 'A28', 'A29', 'A30', 'A31', 'A32', 'A33', 'A34', 'A35', 'A36', 'A37', 'A38', 'A39', 'A40', 'A41', 'A42', 'A43', 'A44', 'A45', 'A46', 'A47', 'A48', 'A49', 'A50', 'A51', 'A52', 'A53', 'A54', 'A55', 'A56', 'A57', 'A58', 'A59', 'A60', 'A61', 'A62', 'A63', 'A64', 'A65', 'A66', 'A67', 'A68', 'A69', 'A70', 'A71', 'A72', 'A73', 'A74', 'A75', 'A76', 'A77', 'A78', 'A79', 'A80', 'A81', 'A82', 'A83', 'A84', 'A85', 'A86', 'A87', 'A88', 'A89', 'A90', 'A91', 'A92', 'A93', 'A94', 'A95', 'A96', 'A97', 'A98', 'A99', 'A100', 'A101', 'A102', 'A103', 'A104', 'A105', 'A106', 'A107', 'A108']
These residues will be fixed:  []
No ligand atoms parsed
Designing protein from this path: /wynton/home/rotation/geanhu/multi-state/data/string-sampling/end-states/5KPH_6_8_9.pdb
These residues will be redesigned:  ['A1', 'A2', 'A3', 'A4', 'A5', 'A6', 'A7', 'A8', 'A9', 'A10', 'A11', 'A12', 'A13', 'A14', 'A15', 'A16', 'A17', 'A18', 'A19', 'A20', 'A21', 'A22', 'A23', 'A24', 'A25', 'A26', 'A27', 'A28', 'A29', 'A30', 'A31', 'A32', 'A33', 'A34', 'A35', 'A36', 'A37', 'A38', 'A39', 'A40', 'A41', 'A42', 'A43', 'A44', 'A45', 'A46', 'A47', 'A48', 'A49', 'A50', 'A51', 'A52', 'A53', 'A54', 'A55', 'A56', 'A57', 'A58', 'A59', 'A60', 'A61', 'A62', 'A63', 'A64', 'A65', 'A66', 'A67', 'A68', 'A69', 'A70', 'A71', 'A72']
These residues will be fixed:  []
No ligand atoms parsed
Designing protein from this path: /wynton/home/rotation/geanhu/multi-state/data/string-sampling/end-states/5KPE_2_2_2.pdb
These residues will be redesigned:  ['A1', 'A2', 'A3', 'A4', 'A5', 'A6', 'A7', 'A8', 'A9', 'A10', 'A11', 'A12', 'A13', 'A14', 'A15', 'A16', 'A17', 'A18', 'A19', 'A20', 'A21', 'A22', 'A23', 'A24', 'A25', 'A26', 'A27', 'A28', 'A29', 'A30', 'A31', 'A32', 'A33', 'A34', 'A35', 'A36', 'A37', 'A38', 'A39', 'A40', 'A41', 'A42', 'A43', 'A44', 'A45', 'A46', 'A47', 'A48', 'A49', 'A50', 'A51', 'A52', 'A53', 'A54', 'A55', 'A56', 'A57', 'A58', 'A59', 'A60', 'A61', 'A62', 'A63', 'A64', 'A65', 'A66', 'A67', 'A68', 'A69', 'A70', 'A71', 'A72', 'A73', 'A74', 'A75', 'A76', 'A77', 'A78', 'A79', 'A80', 'A81', 'A82', 'A83', 'A84', 'A85', 'A86', 'A87', 'A88', 'A89', 'A90', 'A91', 'A92', 'A93', 'A94', 'A95', 'A96', 'A97', 'A98', 'A99', 'A100', 'A101', 'A102', 'A103', 'A104', 'A105', 'A106', 'A107', 'A108']
These residues will be fixed:  []
No ligand atoms parsed
Designing protein from this path: /wynton/home/rotation/geanhu/multi-state/data/string-sampling/end-states/5KPH_8_4_8.pdb
These residues will be redesigned:  ['A1', 'A2', 'A3', 'A4', 'A5', 'A6', 'A7', 'A8', 'A9', 'A10', 'A11', 'A12', 'A13', 'A14', 'A15', 'A16', 'A17', 'A18', 'A19', 'A20', 'A21', 'A22', 'A23', 'A24', 'A25', 'A26', 'A27', 'A28', 'A29', 'A30', 'A31', 'A32', 'A33', 'A34', 'A35', 'A36', 'A37', 'A38', 'A39', 'A40', 'A41', 'A42', 'A43', 'A44', 'A45', 'A46', 'A47', 'A48', 'A49', 'A50', 'A51', 'A52', 'A53', 'A54', 'A55', 'A56', 'A57', 'A58', 'A59', 'A60', 'A61', 'A62', 'A63', 'A64', 'A65', 'A66', 'A67', 'A68', 'A69', 'A70', 'A71', 'A72']
These residues will be fixed:  []
No ligand atoms parsed
Designing protein from this path: /wynton/home/rotation/geanhu/multi-state/data/string-sampling/end-states/5KPH_6_8_6.pdb
These residues will be redesigned:  ['A1', 'A2', 'A3', 'A4', 'A5', 'A6', 'A7', 'A8', 'A9', 'A10', 'A11', 'A12', 'A13', 'A14', 'A15', 'A16', 'A17', 'A18', 'A19', 'A20', 'A21', 'A22', 'A23', 'A24', 'A25', 'A26', 'A27', 'A28', 'A29', 'A30', 'A31', 'A32', 'A33', 'A34', 'A35', 'A36', 'A37', 'A38', 'A39', 'A40', 'A41', 'A42', 'A43', 'A44', 'A45', 'A46', 'A47', 'A48', 'A49', 'A50', 'A51', 'A52', 'A53', 'A54', 'A55', 'A56', 'A57', 'A58', 'A59', 'A60', 'A61', 'A62', 'A63', 'A64', 'A65', 'A66', 'A67', 'A68', 'A69', 'A70', 'A71', 'A72']
These residues will be fixed:  []
No ligand atoms parsed
Designing protein from this path: /wynton/home/rotation/geanhu/multi-state/data/string-sampling/end-states/5KPH_4_6_3.pdb
These residues will be redesigned:  ['A1', 'A2', 'A3', 'A4', 'A5', 'A6', 'A7', 'A8', 'A9', 'A10', 'A11', 'A12', 'A13', 'A14', 'A15', 'A16', 'A17', 'A18', 'A19', 'A20', 'A21', 'A22', 'A23', 'A24', 'A25', 'A26', 'A27', 'A28', 'A29', 'A30', 'A31', 'A32', 'A33', 'A34', 'A35', 'A36', 'A37', 'A38', 'A39', 'A40', 'A41', 'A42', 'A43', 'A44', 'A45', 'A46', 'A47', 'A48', 'A49', 'A50', 'A51', 'A52', 'A53', 'A54', 'A55', 'A56', 'A57', 'A58', 'A59', 'A60', 'A61', 'A62', 'A63', 'A64', 'A65', 'A66', 'A67', 'A68', 'A69', 'A70', 'A71', 'A72']
These residues will be fixed:  []
No ligand atoms parsed
Designing protein from this path: /wynton/home/rotation/geanhu/multi-state/data/string-sampling/end-states/5KPH_6_6_1.pdb
These residues will be redesigned:  ['A1', 'A2', 'A3', 'A4', 'A5', 'A6', 'A7', 'A8', 'A9', 'A10', 'A11', 'A12', 'A13', 'A14', 'A15', 'A16', 'A17', 'A18', 'A19', 'A20', 'A21', 'A22', 'A23', 'A24', 'A25', 'A26', 'A27', 'A28', 'A29', 'A30', 'A31', 'A32', 'A33', 'A34', 'A35', 'A36', 'A37', 'A38', 'A39', 'A40', 'A41', 'A42', 'A43', 'A44', 'A45', 'A46', 'A47', 'A48', 'A49', 'A50', 'A51', 'A52', 'A53', 'A54', 'A55', 'A56', 'A57', 'A58', 'A59', 'A60', 'A61', 'A62', 'A63', 'A64', 'A65', 'A66', 'A67', 'A68', 'A69', 'A70', 'A71', 'A72']
These residues will be fixed:  []
No ligand atoms parsed
Designing protein from this path: /wynton/home/rotation/geanhu/multi-state/data/string-sampling/end-states/5KPE_2_8_4.pdb
These residues will be redesigned:  ['A1', 'A2', 'A3', 'A4', 'A5', 'A6', 'A7', 'A8', 'A9', 'A10', 'A11', 'A12', 'A13', 'A14', 'A15', 'A16', 'A17', 'A18', 'A19', 'A20', 'A21', 'A22', 'A23', 'A24', 'A25', 'A26', 'A27', 'A28', 'A29', 'A30', 'A31', 'A32', 'A33', 'A34', 'A35', 'A36', 'A37', 'A38', 'A39', 'A40', 'A41', 'A42', 'A43', 'A44', 'A45', 'A46', 'A47', 'A48', 'A49', 'A50', 'A51', 'A52', 'A53', 'A54', 'A55', 'A56', 'A57', 'A58', 'A59', 'A60', 'A61', 'A62', 'A63', 'A64', 'A65', 'A66', 'A67', 'A68', 'A69', 'A70', 'A71', 'A72', 'A73', 'A74', 'A75', 'A76', 'A77', 'A78', 'A79', 'A80', 'A81', 'A82', 'A83', 'A84', 'A85', 'A86', 'A87', 'A88', 'A89', 'A90', 'A91', 'A92', 'A93', 'A94', 'A95', 'A96', 'A97', 'A98', 'A99', 'A100', 'A101', 'A102', 'A103', 'A104', 'A105', 'A106', 'A107', 'A108']
These residues will be fixed:  []
No ligand atoms parsed
Designing protein from this path: /wynton/home/rotation/geanhu/multi-state/data/string-sampling/end-states/5KPE_6_4_0.pdb
These residues will be redesigned:  ['A1', 'A2', 'A3', 'A4', 'A5', 'A6', 'A7', 'A8', 'A9', 'A10', 'A11', 'A12', 'A13', 'A14', 'A15', 'A16', 'A17', 'A18', 'A19', 'A20', 'A21', 'A22', 'A23', 'A24', 'A25', 'A26', 'A27', 'A28', 'A29', 'A30', 'A31', 'A32', 'A33', 'A34', 'A35', 'A36', 'A37', 'A38', 'A39', 'A40', 'A41', 'A42', 'A43', 'A44', 'A45', 'A46', 'A47', 'A48', 'A49', 'A50', 'A51', 'A52', 'A53', 'A54', 'A55', 'A56', 'A57', 'A58', 'A59', 'A60', 'A61', 'A62', 'A63', 'A64', 'A65', 'A66', 'A67', 'A68', 'A69', 'A70', 'A71', 'A72', 'A73', 'A74', 'A75', 'A76', 'A77', 'A78', 'A79', 'A80', 'A81', 'A82', 'A83', 'A84', 'A85', 'A86', 'A87', 'A88', 'A89', 'A90', 'A91', 'A92', 'A93', 'A94', 'A95', 'A96', 'A97', 'A98', 'A99', 'A100', 'A101', 'A102', 'A103', 'A104', 'A105', 'A106', 'A107', 'A108']
These residues will be fixed:  []
No ligand atoms parsed
Designing protein from this path: /wynton/home/rotation/geanhu/multi-state/data/string-sampling/end-states/5KPE_4_4_1.pdb
These residues will be redesigned:  ['A1', 'A2', 'A3', 'A4', 'A5', 'A6', 'A7', 'A8', 'A9', 'A10', 'A11', 'A12', 'A13', 'A14', 'A15', 'A16', 'A17', 'A18', 'A19', 'A20', 'A21', 'A22', 'A23', 'A24', 'A25', 'A26', 'A27', 'A28', 'A29', 'A30', 'A31', 'A32', 'A33', 'A34', 'A35', 'A36', 'A37', 'A38', 'A39', 'A40', 'A41', 'A42', 'A43', 'A44', 'A45', 'A46', 'A47', 'A48', 'A49', 'A50', 'A51', 'A52', 'A53', 'A54', 'A55', 'A56', 'A57', 'A58', 'A59', 'A60', 'A61', 'A62', 'A63', 'A64', 'A65', 'A66', 'A67', 'A68', 'A69', 'A70', 'A71', 'A72', 'A73', 'A74', 'A75', 'A76', 'A77', 'A78', 'A79', 'A80', 'A81', 'A82', 'A83', 'A84', 'A85', 'A86', 'A87', 'A88', 'A89', 'A90', 'A91', 'A92', 'A93', 'A94', 'A95', 'A96', 'A97', 'A98', 'A99', 'A100', 'A101', 'A102', 'A103', 'A104', 'A105', 'A106', 'A107', 'A108']
These residues will be fixed:  []
No ligand atoms parsed
Designing protein from this path: /wynton/home/rotation/geanhu/multi-state/data/string-sampling/end-states/5KPH_2_2_3.pdb
These residues will be redesigned:  ['A1', 'A2', 'A3', 'A4', 'A5', 'A6', 'A7', 'A8', 'A9', 'A10', 'A11', 'A12', 'A13', 'A14', 'A15', 'A16', 'A17', 'A18', 'A19', 'A20', 'A21', 'A22', 'A23', 'A24', 'A25', 'A26', 'A27', 'A28', 'A29', 'A30', 'A31', 'A32', 'A33', 'A34', 'A35', 'A36', 'A37', 'A38', 'A39', 'A40', 'A41', 'A42', 'A43', 'A44', 'A45', 'A46', 'A47', 'A48', 'A49', 'A50', 'A51', 'A52', 'A53', 'A54', 'A55', 'A56', 'A57', 'A58', 'A59', 'A60', 'A61', 'A62', 'A63', 'A64', 'A65', 'A66', 'A67', 'A68', 'A69', 'A70', 'A71', 'A72']
These residues will be fixed:  []
No ligand atoms parsed
Designing protein from this path: /wynton/home/rotation/geanhu/multi-state/data/string-sampling/end-states/5KPH_2_2_6.pdb
These residues will be redesigned:  ['A1', 'A2', 'A3', 'A4', 'A5', 'A6', 'A7', 'A8', 'A9', 'A10', 'A11', 'A12', 'A13', 'A14', 'A15', 'A16', 'A17', 'A18', 'A19', 'A20', 'A21', 'A22', 'A23', 'A24', 'A25', 'A26', 'A27', 'A28', 'A29', 'A30', 'A31', 'A32', 'A33', 'A34', 'A35', 'A36', 'A37', 'A38', 'A39', 'A40', 'A41', 'A42', 'A43', 'A44', 'A45', 'A46', 'A47', 'A48', 'A49', 'A50', 'A51', 'A52', 'A53', 'A54', 'A55', 'A56', 'A57', 'A58', 'A59', 'A60', 'A61', 'A62', 'A63', 'A64', 'A65', 'A66', 'A67', 'A68', 'A69', 'A70', 'A71', 'A72']
These residues will be fixed:  []
No ligand atoms parsed
Designing protein from this path: /wynton/home/rotation/geanhu/multi-state/data/string-sampling/end-states/5KPH_6_8_1.pdb
These residues will be redesigned:  ['A1', 'A2', 'A3', 'A4', 'A5', 'A6', 'A7', 'A8', 'A9', 'A10', 'A11', 'A12', 'A13', 'A14', 'A15', 'A16', 'A17', 'A18', 'A19', 'A20', 'A21', 'A22', 'A23', 'A24', 'A25', 'A26', 'A27', 'A28', 'A29', 'A30', 'A31', 'A32', 'A33', 'A34', 'A35', 'A36', 'A37', 'A38', 'A39', 'A40', 'A41', 'A42', 'A43', 'A44', 'A45', 'A46', 'A47', 'A48', 'A49', 'A50', 'A51', 'A52', 'A53', 'A54', 'A55', 'A56', 'A57', 'A58', 'A59', 'A60', 'A61', 'A62', 'A63', 'A64', 'A65', 'A66', 'A67', 'A68', 'A69', 'A70', 'A71', 'A72']
These residues will be fixed:  []
No ligand atoms parsed
Designing protein from this path: /wynton/home/rotation/geanhu/multi-state/data/string-sampling/end-states/5KPE_4_4_4.pdb
These residues will be redesigned:  ['A1', 'A2', 'A3', 'A4', 'A5', 'A6', 'A7', 'A8', 'A9', 'A10', 'A11', 'A12', 'A13', 'A14', 'A15', 'A16', 'A17', 'A18', 'A19', 'A20', 'A21', 'A22', 'A23', 'A24', 'A25', 'A26', 'A27', 'A28', 'A29', 'A30', 'A31', 'A32', 'A33', 'A34', 'A35', 'A36', 'A37', 'A38', 'A39', 'A40', 'A41', 'A42', 'A43', 'A44', 'A45', 'A46', 'A47', 'A48', 'A49', 'A50', 'A51', 'A52', 'A53', 'A54', 'A55', 'A56', 'A57', 'A58', 'A59', 'A60', 'A61', 'A62', 'A63', 'A64', 'A65', 'A66', 'A67', 'A68', 'A69', 'A70', 'A71', 'A72', 'A73', 'A74', 'A75', 'A76', 'A77', 'A78', 'A79', 'A80', 'A81', 'A82', 'A83', 'A84', 'A85', 'A86', 'A87', 'A88', 'A89', 'A90', 'A91', 'A92', 'A93', 'A94', 'A95', 'A96', 'A97', 'A98', 'A99', 'A100', 'A101', 'A102', 'A103', 'A104', 'A105', 'A106', 'A107', 'A108']
These residues will be fixed:  []
No ligand atoms parsed
Designing protein from this path: /wynton/home/rotation/geanhu/multi-state/data/string-sampling/end-states/5KPH_8_6_1.pdb
These residues will be redesigned:  ['A1', 'A2', 'A3', 'A4', 'A5', 'A6', 'A7', 'A8', 'A9', 'A10', 'A11', 'A12', 'A13', 'A14', 'A15', 'A16', 'A17', 'A18', 'A19', 'A20', 'A21', 'A22', 'A23', 'A24', 'A25', 'A26', 'A27', 'A28', 'A29', 'A30', 'A31', 'A32', 'A33', 'A34', 'A35', 'A36', 'A37', 'A38', 'A39', 'A40', 'A41', 'A42', 'A43', 'A44', 'A45', 'A46', 'A47', 'A48', 'A49', 'A50', 'A51', 'A52', 'A53', 'A54', 'A55', 'A56', 'A57', 'A58', 'A59', 'A60', 'A61', 'A62', 'A63', 'A64', 'A65', 'A66', 'A67', 'A68', 'A69', 'A70', 'A71', 'A72']
These residues will be fixed:  []
No ligand atoms parsed
Designing protein from this path: /wynton/home/rotation/geanhu/multi-state/data/string-sampling/end-states/5KPE_2_2_5.pdb
These residues will be redesigned:  ['A1', 'A2', 'A3', 'A4', 'A5', 'A6', 'A7', 'A8', 'A9', 'A10', 'A11', 'A12', 'A13', 'A14', 'A15', 'A16', 'A17', 'A18', 'A19', 'A20', 'A21', 'A22', 'A23', 'A24', 'A25', 'A26', 'A27', 'A28', 'A29', 'A30', 'A31', 'A32', 'A33', 'A34', 'A35', 'A36', 'A37', 'A38', 'A39', 'A40', 'A41', 'A42', 'A43', 'A44', 'A45', 'A46', 'A47', 'A48', 'A49', 'A50', 'A51', 'A52', 'A53', 'A54', 'A55', 'A56', 'A57', 'A58', 'A59', 'A60', 'A61', 'A62', 'A63', 'A64', 'A65', 'A66', 'A67', 'A68', 'A69', 'A70', 'A71', 'A72', 'A73', 'A74', 'A75', 'A76', 'A77', 'A78', 'A79', 'A80', 'A81', 'A82', 'A83', 'A84', 'A85', 'A86', 'A87', 'A88', 'A89', 'A90', 'A91', 'A92', 'A93', 'A94', 'A95', 'A96', 'A97', 'A98', 'A99', 'A100', 'A101', 'A102', 'A103', 'A104', 'A105', 'A106', 'A107', 'A108']
These residues will be fixed:  []
No ligand atoms parsed
Designing protein from this path: /wynton/home/rotation/geanhu/multi-state/data/string-sampling/end-states/5KPE_8_6_2.pdb
These residues will be redesigned:  ['A1', 'A2', 'A3', 'A4', 'A5', 'A6', 'A7', 'A8', 'A9', 'A10', 'A11', 'A12', 'A13', 'A14', 'A15', 'A16', 'A17', 'A18', 'A19', 'A20', 'A21', 'A22', 'A23', 'A24', 'A25', 'A26', 'A27', 'A28', 'A29', 'A30', 'A31', 'A32', 'A33', 'A34', 'A35', 'A36', 'A37', 'A38', 'A39', 'A40', 'A41', 'A42', 'A43', 'A44', 'A45', 'A46', 'A47', 'A48', 'A49', 'A50', 'A51', 'A52', 'A53', 'A54', 'A55', 'A56', 'A57', 'A58', 'A59', 'A60', 'A61', 'A62', 'A63', 'A64', 'A65', 'A66', 'A67', 'A68', 'A69', 'A70', 'A71', 'A72', 'A73', 'A74', 'A75', 'A76', 'A77', 'A78', 'A79', 'A80', 'A81', 'A82', 'A83', 'A84', 'A85', 'A86', 'A87', 'A88', 'A89', 'A90', 'A91', 'A92', 'A93', 'A94', 'A95', 'A96', 'A97', 'A98', 'A99', 'A100', 'A101', 'A102', 'A103', 'A104', 'A105', 'A106', 'A107', 'A108']
These residues will be fixed:  []
No ligand atoms parsed
Designing protein from this path: /wynton/home/rotation/geanhu/multi-state/data/string-sampling/end-states/5KPH_8_4_1.pdb
These residues will be redesigned:  ['A1', 'A2', 'A3', 'A4', 'A5', 'A6', 'A7', 'A8', 'A9', 'A10', 'A11', 'A12', 'A13', 'A14', 'A15', 'A16', 'A17', 'A18', 'A19', 'A20', 'A21', 'A22', 'A23', 'A24', 'A25', 'A26', 'A27', 'A28', 'A29', 'A30', 'A31', 'A32', 'A33', 'A34', 'A35', 'A36', 'A37', 'A38', 'A39', 'A40', 'A41', 'A42', 'A43', 'A44', 'A45', 'A46', 'A47', 'A48', 'A49', 'A50', 'A51', 'A52', 'A53', 'A54', 'A55', 'A56', 'A57', 'A58', 'A59', 'A60', 'A61', 'A62', 'A63', 'A64', 'A65', 'A66', 'A67', 'A68', 'A69', 'A70', 'A71', 'A72']
These residues will be fixed:  []
No ligand atoms parsed
Designing protein from this path: /wynton/home/rotation/geanhu/multi-state/data/string-sampling/end-states/5KPE_4_8_4.pdb
These residues will be redesigned:  ['A1', 'A2', 'A3', 'A4', 'A5', 'A6', 'A7', 'A8', 'A9', 'A10', 'A11', 'A12', 'A13', 'A14', 'A15', 'A16', 'A17', 'A18', 'A19', 'A20', 'A21', 'A22', 'A23', 'A24', 'A25', 'A26', 'A27', 'A28', 'A29', 'A30', 'A31', 'A32', 'A33', 'A34', 'A35', 'A36', 'A37', 'A38', 'A39', 'A40', 'A41', 'A42', 'A43', 'A44', 'A45', 'A46', 'A47', 'A48', 'A49', 'A50', 'A51', 'A52', 'A53', 'A54', 'A55', 'A56', 'A57', 'A58', 'A59', 'A60', 'A61', 'A62', 'A63', 'A64', 'A65', 'A66', 'A67', 'A68', 'A69', 'A70', 'A71', 'A72', 'A73', 'A74', 'A75', 'A76', 'A77', 'A78', 'A79', 'A80', 'A81', 'A82', 'A83', 'A84', 'A85', 'A86', 'A87', 'A88', 'A89', 'A90', 'A91', 'A92', 'A93', 'A94', 'A95', 'A96', 'A97', 'A98', 'A99', 'A100', 'A101', 'A102', 'A103', 'A104', 'A105', 'A106', 'A107', 'A108']
These residues will be fixed:  []
No ligand atoms parsed
Designing protein from this path: /wynton/home/rotation/geanhu/multi-state/data/string-sampling/end-states/5KPH_4_6_1.pdb
These residues will be redesigned:  ['A1', 'A2', 'A3', 'A4', 'A5', 'A6', 'A7', 'A8', 'A9', 'A10', 'A11', 'A12', 'A13', 'A14', 'A15', 'A16', 'A17', 'A18', 'A19', 'A20', 'A21', 'A22', 'A23', 'A24', 'A25', 'A26', 'A27', 'A28', 'A29', 'A30', 'A31', 'A32', 'A33', 'A34', 'A35', 'A36', 'A37', 'A38', 'A39', 'A40', 'A41', 'A42', 'A43', 'A44', 'A45', 'A46', 'A47', 'A48', 'A49', 'A50', 'A51', 'A52', 'A53', 'A54', 'A55', 'A56', 'A57', 'A58', 'A59', 'A60', 'A61', 'A62', 'A63', 'A64', 'A65', 'A66', 'A67', 'A68', 'A69', 'A70', 'A71', 'A72']
These residues will be fixed:  []
No ligand atoms parsed
Designing protein from this path: /wynton/home/rotation/geanhu/multi-state/data/string-sampling/end-states/5KPE_6_6_8.pdb
These residues will be redesigned:  ['A1', 'A2', 'A3', 'A4', 'A5', 'A6', 'A7', 'A8', 'A9', 'A10', 'A11', 'A12', 'A13', 'A14', 'A15', 'A16', 'A17', 'A18', 'A19', 'A20', 'A21', 'A22', 'A23', 'A24', 'A25', 'A26', 'A27', 'A28', 'A29', 'A30', 'A31', 'A32', 'A33', 'A34', 'A35', 'A36', 'A37', 'A38', 'A39', 'A40', 'A41', 'A42', 'A43', 'A44', 'A45', 'A46', 'A47', 'A48', 'A49', 'A50', 'A51', 'A52', 'A53', 'A54', 'A55', 'A56', 'A57', 'A58', 'A59', 'A60', 'A61', 'A62', 'A63', 'A64', 'A65', 'A66', 'A67', 'A68', 'A69', 'A70', 'A71', 'A72', 'A73', 'A74', 'A75', 'A76', 'A77', 'A78', 'A79', 'A80', 'A81', 'A82', 'A83', 'A84', 'A85', 'A86', 'A87', 'A88', 'A89', 'A90', 'A91', 'A92', 'A93', 'A94', 'A95', 'A96', 'A97', 'A98', 'A99', 'A100', 'A101', 'A102', 'A103', 'A104', 'A105', 'A106', 'A107', 'A108']
These residues will be fixed:  []
No ligand atoms parsed
Designing protein from this path: /wynton/home/rotation/geanhu/multi-state/data/string-sampling/end-states/5KPE_8_8_4.pdb
These residues will be redesigned:  ['A1', 'A2', 'A3', 'A4', 'A5', 'A6', 'A7', 'A8', 'A9', 'A10', 'A11', 'A12', 'A13', 'A14', 'A15', 'A16', 'A17', 'A18', 'A19', 'A20', 'A21', 'A22', 'A23', 'A24', 'A25', 'A26', 'A27', 'A28', 'A29', 'A30', 'A31', 'A32', 'A33', 'A34', 'A35', 'A36', 'A37', 'A38', 'A39', 'A40', 'A41', 'A42', 'A43', 'A44', 'A45', 'A46', 'A47', 'A48', 'A49', 'A50', 'A51', 'A52', 'A53', 'A54', 'A55', 'A56', 'A57', 'A58', 'A59', 'A60', 'A61', 'A62', 'A63', 'A64', 'A65', 'A66', 'A67', 'A68', 'A69', 'A70', 'A71', 'A72', 'A73', 'A74', 'A75', 'A76', 'A77', 'A78', 'A79', 'A80', 'A81', 'A82', 'A83', 'A84', 'A85', 'A86', 'A87', 'A88', 'A89', 'A90', 'A91', 'A92', 'A93', 'A94', 'A95', 'A96', 'A97', 'A98', 'A99', 'A100', 'A101', 'A102', 'A103', 'A104', 'A105', 'A106', 'A107', 'A108']
These residues will be fixed:  []
No ligand atoms parsed
Designing protein from this path: /wynton/home/rotation/geanhu/multi-state/data/string-sampling/end-states/5KPH_2_6_1.pdb
These residues will be redesigned:  ['A1', 'A2', 'A3', 'A4', 'A5', 'A6', 'A7', 'A8', 'A9', 'A10', 'A11', 'A12', 'A13', 'A14', 'A15', 'A16', 'A17', 'A18', 'A19', 'A20', 'A21', 'A22', 'A23', 'A24', 'A25', 'A26', 'A27', 'A28', 'A29', 'A30', 'A31', 'A32', 'A33', 'A34', 'A35', 'A36', 'A37', 'A38', 'A39', 'A40', 'A41', 'A42', 'A43', 'A44', 'A45', 'A46', 'A47', 'A48', 'A49', 'A50', 'A51', 'A52', 'A53', 'A54', 'A55', 'A56', 'A57', 'A58', 'A59', 'A60', 'A61', 'A62', 'A63', 'A64', 'A65', 'A66', 'A67', 'A68', 'A69', 'A70', 'A71', 'A72']
These residues will be fixed:  []
No ligand atoms parsed
Designing protein from this path: /wynton/home/rotation/geanhu/multi-state/data/string-sampling/end-states/5KPH_4_2_5.pdb
These residues will be redesigned:  ['A1', 'A2', 'A3', 'A4', 'A5', 'A6', 'A7', 'A8', 'A9', 'A10', 'A11', 'A12', 'A13', 'A14', 'A15', 'A16', 'A17', 'A18', 'A19', 'A20', 'A21', 'A22', 'A23', 'A24', 'A25', 'A26', 'A27', 'A28', 'A29', 'A30', 'A31', 'A32', 'A33', 'A34', 'A35', 'A36', 'A37', 'A38', 'A39', 'A40', 'A41', 'A42', 'A43', 'A44', 'A45', 'A46', 'A47', 'A48', 'A49', 'A50', 'A51', 'A52', 'A53', 'A54', 'A55', 'A56', 'A57', 'A58', 'A59', 'A60', 'A61', 'A62', 'A63', 'A64', 'A65', 'A66', 'A67', 'A68', 'A69', 'A70', 'A71', 'A72']
These residues will be fixed:  []
No ligand atoms parsed
Designing protein from this path: /wynton/home/rotation/geanhu/multi-state/data/string-sampling/end-states/5KPE_6_4_7.pdb
These residues will be redesigned:  ['A1', 'A2', 'A3', 'A4', 'A5', 'A6', 'A7', 'A8', 'A9', 'A10', 'A11', 'A12', 'A13', 'A14', 'A15', 'A16', 'A17', 'A18', 'A19', 'A20', 'A21', 'A22', 'A23', 'A24', 'A25', 'A26', 'A27', 'A28', 'A29', 'A30', 'A31', 'A32', 'A33', 'A34', 'A35', 'A36', 'A37', 'A38', 'A39', 'A40', 'A41', 'A42', 'A43', 'A44', 'A45', 'A46', 'A47', 'A48', 'A49', 'A50', 'A51', 'A52', 'A53', 'A54', 'A55', 'A56', 'A57', 'A58', 'A59', 'A60', 'A61', 'A62', 'A63', 'A64', 'A65', 'A66', 'A67', 'A68', 'A69', 'A70', 'A71', 'A72', 'A73', 'A74', 'A75', 'A76', 'A77', 'A78', 'A79', 'A80', 'A81', 'A82', 'A83', 'A84', 'A85', 'A86', 'A87', 'A88', 'A89', 'A90', 'A91', 'A92', 'A93', 'A94', 'A95', 'A96', 'A97', 'A98', 'A99', 'A100', 'A101', 'A102', 'A103', 'A104', 'A105', 'A106', 'A107', 'A108']
These residues will be fixed:  []
No ligand atoms parsed
Designing protein from this path: /wynton/home/rotation/geanhu/multi-state/data/string-sampling/end-states/5KPH_4_6_7.pdb
These residues will be redesigned:  ['A1', 'A2', 'A3', 'A4', 'A5', 'A6', 'A7', 'A8', 'A9', 'A10', 'A11', 'A12', 'A13', 'A14', 'A15', 'A16', 'A17', 'A18', 'A19', 'A20', 'A21', 'A22', 'A23', 'A24', 'A25', 'A26', 'A27', 'A28', 'A29', 'A30', 'A31', 'A32', 'A33', 'A34', 'A35', 'A36', 'A37', 'A38', 'A39', 'A40', 'A41', 'A42', 'A43', 'A44', 'A45', 'A46', 'A47', 'A48', 'A49', 'A50', 'A51', 'A52', 'A53', 'A54', 'A55', 'A56', 'A57', 'A58', 'A59', 'A60', 'A61', 'A62', 'A63', 'A64', 'A65', 'A66', 'A67', 'A68', 'A69', 'A70', 'A71', 'A72']
These residues will be fixed:  []
No ligand atoms parsed
Designing protein from this path: /wynton/home/rotation/geanhu/multi-state/data/string-sampling/end-states/5KPE_4_8_3.pdb
These residues will be redesigned:  ['A1', 'A2', 'A3', 'A4', 'A5', 'A6', 'A7', 'A8', 'A9', 'A10', 'A11', 'A12', 'A13', 'A14', 'A15', 'A16', 'A17', 'A18', 'A19', 'A20', 'A21', 'A22', 'A23', 'A24', 'A25', 'A26', 'A27', 'A28', 'A29', 'A30', 'A31', 'A32', 'A33', 'A34', 'A35', 'A36', 'A37', 'A38', 'A39', 'A40', 'A41', 'A42', 'A43', 'A44', 'A45', 'A46', 'A47', 'A48', 'A49', 'A50', 'A51', 'A52', 'A53', 'A54', 'A55', 'A56', 'A57', 'A58', 'A59', 'A60', 'A61', 'A62', 'A63', 'A64', 'A65', 'A66', 'A67', 'A68', 'A69', 'A70', 'A71', 'A72', 'A73', 'A74', 'A75', 'A76', 'A77', 'A78', 'A79', 'A80', 'A81', 'A82', 'A83', 'A84', 'A85', 'A86', 'A87', 'A88', 'A89', 'A90', 'A91', 'A92', 'A93', 'A94', 'A95', 'A96', 'A97', 'A98', 'A99', 'A100', 'A101', 'A102', 'A103', 'A104', 'A105', 'A106', 'A107', 'A108']
These residues will be fixed:  []
No ligand atoms parsed
Designing protein from this path: /wynton/home/rotation/geanhu/multi-state/data/string-sampling/end-states/5KPH_2_6_5.pdb
These residues will be redesigned:  ['A1', 'A2', 'A3', 'A4', 'A5', 'A6', 'A7', 'A8', 'A9', 'A10', 'A11', 'A12', 'A13', 'A14', 'A15', 'A16', 'A17', 'A18', 'A19', 'A20', 'A21', 'A22', 'A23', 'A24', 'A25', 'A26', 'A27', 'A28', 'A29', 'A30', 'A31', 'A32', 'A33', 'A34', 'A35', 'A36', 'A37', 'A38', 'A39', 'A40', 'A41', 'A42', 'A43', 'A44', 'A45', 'A46', 'A47', 'A48', 'A49', 'A50', 'A51', 'A52', 'A53', 'A54', 'A55', 'A56', 'A57', 'A58', 'A59', 'A60', 'A61', 'A62', 'A63', 'A64', 'A65', 'A66', 'A67', 'A68', 'A69', 'A70', 'A71', 'A72']
These residues will be fixed:  []
No ligand atoms parsed
Designing protein from this path: /wynton/home/rotation/geanhu/multi-state/data/string-sampling/end-states/5KPE_2_2_1.pdb
These residues will be redesigned:  ['A1', 'A2', 'A3', 'A4', 'A5', 'A6', 'A7', 'A8', 'A9', 'A10', 'A11', 'A12', 'A13', 'A14', 'A15', 'A16', 'A17', 'A18', 'A19', 'A20', 'A21', 'A22', 'A23', 'A24', 'A25', 'A26', 'A27', 'A28', 'A29', 'A30', 'A31', 'A32', 'A33', 'A34', 'A35', 'A36', 'A37', 'A38', 'A39', 'A40', 'A41', 'A42', 'A43', 'A44', 'A45', 'A46', 'A47', 'A48', 'A49', 'A50', 'A51', 'A52', 'A53', 'A54', 'A55', 'A56', 'A57', 'A58', 'A59', 'A60', 'A61', 'A62', 'A63', 'A64', 'A65', 'A66', 'A67', 'A68', 'A69', 'A70', 'A71', 'A72', 'A73', 'A74', 'A75', 'A76', 'A77', 'A78', 'A79', 'A80', 'A81', 'A82', 'A83', 'A84', 'A85', 'A86', 'A87', 'A88', 'A89', 'A90', 'A91', 'A92', 'A93', 'A94', 'A95', 'A96', 'A97', 'A98', 'A99', 'A100', 'A101', 'A102', 'A103', 'A104', 'A105', 'A106', 'A107', 'A108']
These residues will be fixed:  []
No ligand atoms parsed
Designing protein from this path: /wynton/home/rotation/geanhu/multi-state/data/string-sampling/end-states/5KPH_4_8_8.pdb
These residues will be redesigned:  ['A1', 'A2', 'A3', 'A4', 'A5', 'A6', 'A7', 'A8', 'A9', 'A10', 'A11', 'A12', 'A13', 'A14', 'A15', 'A16', 'A17', 'A18', 'A19', 'A20', 'A21', 'A22', 'A23', 'A24', 'A25', 'A26', 'A27', 'A28', 'A29', 'A30', 'A31', 'A32', 'A33', 'A34', 'A35', 'A36', 'A37', 'A38', 'A39', 'A40', 'A41', 'A42', 'A43', 'A44', 'A45', 'A46', 'A47', 'A48', 'A49', 'A50', 'A51', 'A52', 'A53', 'A54', 'A55', 'A56', 'A57', 'A58', 'A59', 'A60', 'A61', 'A62', 'A63', 'A64', 'A65', 'A66', 'A67', 'A68', 'A69', 'A70', 'A71', 'A72']
These residues will be fixed:  []
No ligand atoms parsed
Designing protein from this path: /wynton/home/rotation/geanhu/multi-state/data/string-sampling/end-states/5KPE_6_4_3.pdb
These residues will be redesigned:  ['A1', 'A2', 'A3', 'A4', 'A5', 'A6', 'A7', 'A8', 'A9', 'A10', 'A11', 'A12', 'A13', 'A14', 'A15', 'A16', 'A17', 'A18', 'A19', 'A20', 'A21', 'A22', 'A23', 'A24', 'A25', 'A26', 'A27', 'A28', 'A29', 'A30', 'A31', 'A32', 'A33', 'A34', 'A35', 'A36', 'A37', 'A38', 'A39', 'A40', 'A41', 'A42', 'A43', 'A44', 'A45', 'A46', 'A47', 'A48', 'A49', 'A50', 'A51', 'A52', 'A53', 'A54', 'A55', 'A56', 'A57', 'A58', 'A59', 'A60', 'A61', 'A62', 'A63', 'A64', 'A65', 'A66', 'A67', 'A68', 'A69', 'A70', 'A71', 'A72', 'A73', 'A74', 'A75', 'A76', 'A77', 'A78', 'A79', 'A80', 'A81', 'A82', 'A83', 'A84', 'A85', 'A86', 'A87', 'A88', 'A89', 'A90', 'A91', 'A92', 'A93', 'A94', 'A95', 'A96', 'A97', 'A98', 'A99', 'A100', 'A101', 'A102', 'A103', 'A104', 'A105', 'A106', 'A107', 'A108']
These residues will be fixed:  []
No ligand atoms parsed
Designing protein from this path: /wynton/home/rotation/geanhu/multi-state/data/string-sampling/end-states/5KPH_4_8_4.pdb
These residues will be redesigned:  ['A1', 'A2', 'A3', 'A4', 'A5', 'A6', 'A7', 'A8', 'A9', 'A10', 'A11', 'A12', 'A13', 'A14', 'A15', 'A16', 'A17', 'A18', 'A19', 'A20', 'A21', 'A22', 'A23', 'A24', 'A25', 'A26', 'A27', 'A28', 'A29', 'A30', 'A31', 'A32', 'A33', 'A34', 'A35', 'A36', 'A37', 'A38', 'A39', 'A40', 'A41', 'A42', 'A43', 'A44', 'A45', 'A46', 'A47', 'A48', 'A49', 'A50', 'A51', 'A52', 'A53', 'A54', 'A55', 'A56', 'A57', 'A58', 'A59', 'A60', 'A61', 'A62', 'A63', 'A64', 'A65', 'A66', 'A67', 'A68', 'A69', 'A70', 'A71', 'A72']
These residues will be fixed:  []
No ligand atoms parsed
Designing protein from this path: /wynton/home/rotation/geanhu/multi-state/data/string-sampling/end-states/5KPH_6_6_6.pdb
These residues will be redesigned:  ['A1', 'A2', 'A3', 'A4', 'A5', 'A6', 'A7', 'A8', 'A9', 'A10', 'A11', 'A12', 'A13', 'A14', 'A15', 'A16', 'A17', 'A18', 'A19', 'A20', 'A21', 'A22', 'A23', 'A24', 'A25', 'A26', 'A27', 'A28', 'A29', 'A30', 'A31', 'A32', 'A33', 'A34', 'A35', 'A36', 'A37', 'A38', 'A39', 'A40', 'A41', 'A42', 'A43', 'A44', 'A45', 'A46', 'A47', 'A48', 'A49', 'A50', 'A51', 'A52', 'A53', 'A54', 'A55', 'A56', 'A57', 'A58', 'A59', 'A60', 'A61', 'A62', 'A63', 'A64', 'A65', 'A66', 'A67', 'A68', 'A69', 'A70', 'A71', 'A72']
These residues will be fixed:  []
No ligand atoms parsed
Designing protein from this path: /wynton/home/rotation/geanhu/multi-state/data/string-sampling/end-states/5KPE_2_2_9.pdb
These residues will be redesigned:  ['A1', 'A2', 'A3', 'A4', 'A5', 'A6', 'A7', 'A8', 'A9', 'A10', 'A11', 'A12', 'A13', 'A14', 'A15', 'A16', 'A17', 'A18', 'A19', 'A20', 'A21', 'A22', 'A23', 'A24', 'A25', 'A26', 'A27', 'A28', 'A29', 'A30', 'A31', 'A32', 'A33', 'A34', 'A35', 'A36', 'A37', 'A38', 'A39', 'A40', 'A41', 'A42', 'A43', 'A44', 'A45', 'A46', 'A47', 'A48', 'A49', 'A50', 'A51', 'A52', 'A53', 'A54', 'A55', 'A56', 'A57', 'A58', 'A59', 'A60', 'A61', 'A62', 'A63', 'A64', 'A65', 'A66', 'A67', 'A68', 'A69', 'A70', 'A71', 'A72', 'A73', 'A74', 'A75', 'A76', 'A77', 'A78', 'A79', 'A80', 'A81', 'A82', 'A83', 'A84', 'A85', 'A86', 'A87', 'A88', 'A89', 'A90', 'A91', 'A92', 'A93', 'A94', 'A95', 'A96', 'A97', 'A98', 'A99', 'A100', 'A101', 'A102', 'A103', 'A104', 'A105', 'A106', 'A107', 'A108']
These residues will be fixed:  []
No ligand atoms parsed
Designing protein from this path: /wynton/home/rotation/geanhu/multi-state/data/string-sampling/end-states/5KPE_8_2_7.pdb
These residues will be redesigned:  ['A1', 'A2', 'A3', 'A4', 'A5', 'A6', 'A7', 'A8', 'A9', 'A10', 'A11', 'A12', 'A13', 'A14', 'A15', 'A16', 'A17', 'A18', 'A19', 'A20', 'A21', 'A22', 'A23', 'A24', 'A25', 'A26', 'A27', 'A28', 'A29', 'A30', 'A31', 'A32', 'A33', 'A34', 'A35', 'A36', 'A37', 'A38', 'A39', 'A40', 'A41', 'A42', 'A43', 'A44', 'A45', 'A46', 'A47', 'A48', 'A49', 'A50', 'A51', 'A52', 'A53', 'A54', 'A55', 'A56', 'A57', 'A58', 'A59', 'A60', 'A61', 'A62', 'A63', 'A64', 'A65', 'A66', 'A67', 'A68', 'A69', 'A70', 'A71', 'A72', 'A73', 'A74', 'A75', 'A76', 'A77', 'A78', 'A79', 'A80', 'A81', 'A82', 'A83', 'A84', 'A85', 'A86', 'A87', 'A88', 'A89', 'A90', 'A91', 'A92', 'A93', 'A94', 'A95', 'A96', 'A97', 'A98', 'A99', 'A100', 'A101', 'A102', 'A103', 'A104', 'A105', 'A106', 'A107', 'A108']
These residues will be fixed:  []
No ligand atoms parsed
Designing protein from this path: /wynton/home/rotation/geanhu/multi-state/data/string-sampling/end-states/5KPH_6_6_8.pdb
These residues will be redesigned:  ['A1', 'A2', 'A3', 'A4', 'A5', 'A6', 'A7', 'A8', 'A9', 'A10', 'A11', 'A12', 'A13', 'A14', 'A15', 'A16', 'A17', 'A18', 'A19', 'A20', 'A21', 'A22', 'A23', 'A24', 'A25', 'A26', 'A27', 'A28', 'A29', 'A30', 'A31', 'A32', 'A33', 'A34', 'A35', 'A36', 'A37', 'A38', 'A39', 'A40', 'A41', 'A42', 'A43', 'A44', 'A45', 'A46', 'A47', 'A48', 'A49', 'A50', 'A51', 'A52', 'A53', 'A54', 'A55', 'A56', 'A57', 'A58', 'A59', 'A60', 'A61', 'A62', 'A63', 'A64', 'A65', 'A66', 'A67', 'A68', 'A69', 'A70', 'A71', 'A72']
These residues will be fixed:  []
No ligand atoms parsed
Designing protein from this path: /wynton/home/rotation/geanhu/multi-state/data/string-sampling/end-states/5KPE_8_4_5.pdb
These residues will be redesigned:  ['A1', 'A2', 'A3', 'A4', 'A5', 'A6', 'A7', 'A8', 'A9', 'A10', 'A11', 'A12', 'A13', 'A14', 'A15', 'A16', 'A17', 'A18', 'A19', 'A20', 'A21', 'A22', 'A23', 'A24', 'A25', 'A26', 'A27', 'A28', 'A29', 'A30', 'A31', 'A32', 'A33', 'A34', 'A35', 'A36', 'A37', 'A38', 'A39', 'A40', 'A41', 'A42', 'A43', 'A44', 'A45', 'A46', 'A47', 'A48', 'A49', 'A50', 'A51', 'A52', 'A53', 'A54', 'A55', 'A56', 'A57', 'A58', 'A59', 'A60', 'A61', 'A62', 'A63', 'A64', 'A65', 'A66', 'A67', 'A68', 'A69', 'A70', 'A71', 'A72', 'A73', 'A74', 'A75', 'A76', 'A77', 'A78', 'A79', 'A80', 'A81', 'A82', 'A83', 'A84', 'A85', 'A86', 'A87', 'A88', 'A89', 'A90', 'A91', 'A92', 'A93', 'A94', 'A95', 'A96', 'A97', 'A98', 'A99', 'A100', 'A101', 'A102', 'A103', 'A104', 'A105', 'A106', 'A107', 'A108']
These residues will be fixed:  []
No ligand atoms parsed
Designing protein from this path: /wynton/home/rotation/geanhu/multi-state/data/string-sampling/end-states/5KPE_8_6_4.pdb
These residues will be redesigned:  ['A1', 'A2', 'A3', 'A4', 'A5', 'A6', 'A7', 'A8', 'A9', 'A10', 'A11', 'A12', 'A13', 'A14', 'A15', 'A16', 'A17', 'A18', 'A19', 'A20', 'A21', 'A22', 'A23', 'A24', 'A25', 'A26', 'A27', 'A28', 'A29', 'A30', 'A31', 'A32', 'A33', 'A34', 'A35', 'A36', 'A37', 'A38', 'A39', 'A40', 'A41', 'A42', 'A43', 'A44', 'A45', 'A46', 'A47', 'A48', 'A49', 'A50', 'A51', 'A52', 'A53', 'A54', 'A55', 'A56', 'A57', 'A58', 'A59', 'A60', 'A61', 'A62', 'A63', 'A64', 'A65', 'A66', 'A67', 'A68', 'A69', 'A70', 'A71', 'A72', 'A73', 'A74', 'A75', 'A76', 'A77', 'A78', 'A79', 'A80', 'A81', 'A82', 'A83', 'A84', 'A85', 'A86', 'A87', 'A88', 'A89', 'A90', 'A91', 'A92', 'A93', 'A94', 'A95', 'A96', 'A97', 'A98', 'A99', 'A100', 'A101', 'A102', 'A103', 'A104', 'A105', 'A106', 'A107', 'A108']
These residues will be fixed:  []
No ligand atoms parsed
Designing protein from this path: /wynton/home/rotation/geanhu/multi-state/data/string-sampling/end-states/5KPE_4_6_0.pdb
These residues will be redesigned:  ['A1', 'A2', 'A3', 'A4', 'A5', 'A6', 'A7', 'A8', 'A9', 'A10', 'A11', 'A12', 'A13', 'A14', 'A15', 'A16', 'A17', 'A18', 'A19', 'A20', 'A21', 'A22', 'A23', 'A24', 'A25', 'A26', 'A27', 'A28', 'A29', 'A30', 'A31', 'A32', 'A33', 'A34', 'A35', 'A36', 'A37', 'A38', 'A39', 'A40', 'A41', 'A42', 'A43', 'A44', 'A45', 'A46', 'A47', 'A48', 'A49', 'A50', 'A51', 'A52', 'A53', 'A54', 'A55', 'A56', 'A57', 'A58', 'A59', 'A60', 'A61', 'A62', 'A63', 'A64', 'A65', 'A66', 'A67', 'A68', 'A69', 'A70', 'A71', 'A72', 'A73', 'A74', 'A75', 'A76', 'A77', 'A78', 'A79', 'A80', 'A81', 'A82', 'A83', 'A84', 'A85', 'A86', 'A87', 'A88', 'A89', 'A90', 'A91', 'A92', 'A93', 'A94', 'A95', 'A96', 'A97', 'A98', 'A99', 'A100', 'A101', 'A102', 'A103', 'A104', 'A105', 'A106', 'A107', 'A108']
These residues will be fixed:  []
No ligand atoms parsed
Designing protein from this path: /wynton/home/rotation/geanhu/multi-state/data/string-sampling/end-states/5KPE_8_8_7.pdb
These residues will be redesigned:  ['A1', 'A2', 'A3', 'A4', 'A5', 'A6', 'A7', 'A8', 'A9', 'A10', 'A11', 'A12', 'A13', 'A14', 'A15', 'A16', 'A17', 'A18', 'A19', 'A20', 'A21', 'A22', 'A23', 'A24', 'A25', 'A26', 'A27', 'A28', 'A29', 'A30', 'A31', 'A32', 'A33', 'A34', 'A35', 'A36', 'A37', 'A38', 'A39', 'A40', 'A41', 'A42', 'A43', 'A44', 'A45', 'A46', 'A47', 'A48', 'A49', 'A50', 'A51', 'A52', 'A53', 'A54', 'A55', 'A56', 'A57', 'A58', 'A59', 'A60', 'A61', 'A62', 'A63', 'A64', 'A65', 'A66', 'A67', 'A68', 'A69', 'A70', 'A71', 'A72', 'A73', 'A74', 'A75', 'A76', 'A77', 'A78', 'A79', 'A80', 'A81', 'A82', 'A83', 'A84', 'A85', 'A86', 'A87', 'A88', 'A89', 'A90', 'A91', 'A92', 'A93', 'A94', 'A95', 'A96', 'A97', 'A98', 'A99', 'A100', 'A101', 'A102', 'A103', 'A104', 'A105', 'A106', 'A107', 'A108']
These residues will be fixed:  []
No ligand atoms parsed
Designing protein from this path: /wynton/home/rotation/geanhu/multi-state/data/string-sampling/end-states/5KPH_6_8_2.pdb
These residues will be redesigned:  ['A1', 'A2', 'A3', 'A4', 'A5', 'A6', 'A7', 'A8', 'A9', 'A10', 'A11', 'A12', 'A13', 'A14', 'A15', 'A16', 'A17', 'A18', 'A19', 'A20', 'A21', 'A22', 'A23', 'A24', 'A25', 'A26', 'A27', 'A28', 'A29', 'A30', 'A31', 'A32', 'A33', 'A34', 'A35', 'A36', 'A37', 'A38', 'A39', 'A40', 'A41', 'A42', 'A43', 'A44', 'A45', 'A46', 'A47', 'A48', 'A49', 'A50', 'A51', 'A52', 'A53', 'A54', 'A55', 'A56', 'A57', 'A58', 'A59', 'A60', 'A61', 'A62', 'A63', 'A64', 'A65', 'A66', 'A67', 'A68', 'A69', 'A70', 'A71', 'A72']
These residues will be fixed:  []
No ligand atoms parsed
Designing protein from this path: /wynton/home/rotation/geanhu/multi-state/data/string-sampling/end-states/5KPH_8_8_1.pdb
These residues will be redesigned:  ['A1', 'A2', 'A3', 'A4', 'A5', 'A6', 'A7', 'A8', 'A9', 'A10', 'A11', 'A12', 'A13', 'A14', 'A15', 'A16', 'A17', 'A18', 'A19', 'A20', 'A21', 'A22', 'A23', 'A24', 'A25', 'A26', 'A27', 'A28', 'A29', 'A30', 'A31', 'A32', 'A33', 'A34', 'A35', 'A36', 'A37', 'A38', 'A39', 'A40', 'A41', 'A42', 'A43', 'A44', 'A45', 'A46', 'A47', 'A48', 'A49', 'A50', 'A51', 'A52', 'A53', 'A54', 'A55', 'A56', 'A57', 'A58', 'A59', 'A60', 'A61', 'A62', 'A63', 'A64', 'A65', 'A66', 'A67', 'A68', 'A69', 'A70', 'A71', 'A72']
These residues will be fixed:  []
No ligand atoms parsed
Designing protein from this path: /wynton/home/rotation/geanhu/multi-state/data/string-sampling/end-states/5KPE_2_6_6.pdb
These residues will be redesigned:  ['A1', 'A2', 'A3', 'A4', 'A5', 'A6', 'A7', 'A8', 'A9', 'A10', 'A11', 'A12', 'A13', 'A14', 'A15', 'A16', 'A17', 'A18', 'A19', 'A20', 'A21', 'A22', 'A23', 'A24', 'A25', 'A26', 'A27', 'A28', 'A29', 'A30', 'A31', 'A32', 'A33', 'A34', 'A35', 'A36', 'A37', 'A38', 'A39', 'A40', 'A41', 'A42', 'A43', 'A44', 'A45', 'A46', 'A47', 'A48', 'A49', 'A50', 'A51', 'A52', 'A53', 'A54', 'A55', 'A56', 'A57', 'A58', 'A59', 'A60', 'A61', 'A62', 'A63', 'A64', 'A65', 'A66', 'A67', 'A68', 'A69', 'A70', 'A71', 'A72', 'A73', 'A74', 'A75', 'A76', 'A77', 'A78', 'A79', 'A80', 'A81', 'A82', 'A83', 'A84', 'A85', 'A86', 'A87', 'A88', 'A89', 'A90', 'A91', 'A92', 'A93', 'A94', 'A95', 'A96', 'A97', 'A98', 'A99', 'A100', 'A101', 'A102', 'A103', 'A104', 'A105', 'A106', 'A107', 'A108']
These residues will be fixed:  []
No ligand atoms parsed
Designing protein from this path: /wynton/home/rotation/geanhu/multi-state/data/string-sampling/end-states/5KPE_2_6_7.pdb
These residues will be redesigned:  ['A1', 'A2', 'A3', 'A4', 'A5', 'A6', 'A7', 'A8', 'A9', 'A10', 'A11', 'A12', 'A13', 'A14', 'A15', 'A16', 'A17', 'A18', 'A19', 'A20', 'A21', 'A22', 'A23', 'A24', 'A25', 'A26', 'A27', 'A28', 'A29', 'A30', 'A31', 'A32', 'A33', 'A34', 'A35', 'A36', 'A37', 'A38', 'A39', 'A40', 'A41', 'A42', 'A43', 'A44', 'A45', 'A46', 'A47', 'A48', 'A49', 'A50', 'A51', 'A52', 'A53', 'A54', 'A55', 'A56', 'A57', 'A58', 'A59', 'A60', 'A61', 'A62', 'A63', 'A64', 'A65', 'A66', 'A67', 'A68', 'A69', 'A70', 'A71', 'A72', 'A73', 'A74', 'A75', 'A76', 'A77', 'A78', 'A79', 'A80', 'A81', 'A82', 'A83', 'A84', 'A85', 'A86', 'A87', 'A88', 'A89', 'A90', 'A91', 'A92', 'A93', 'A94', 'A95', 'A96', 'A97', 'A98', 'A99', 'A100', 'A101', 'A102', 'A103', 'A104', 'A105', 'A106', 'A107', 'A108']
These residues will be fixed:  []
No ligand atoms parsed
Designing protein from this path: /wynton/home/rotation/geanhu/multi-state/data/string-sampling/end-states/5KPE_4_4_3.pdb
These residues will be redesigned:  ['A1', 'A2', 'A3', 'A4', 'A5', 'A6', 'A7', 'A8', 'A9', 'A10', 'A11', 'A12', 'A13', 'A14', 'A15', 'A16', 'A17', 'A18', 'A19', 'A20', 'A21', 'A22', 'A23', 'A24', 'A25', 'A26', 'A27', 'A28', 'A29', 'A30', 'A31', 'A32', 'A33', 'A34', 'A35', 'A36', 'A37', 'A38', 'A39', 'A40', 'A41', 'A42', 'A43', 'A44', 'A45', 'A46', 'A47', 'A48', 'A49', 'A50', 'A51', 'A52', 'A53', 'A54', 'A55', 'A56', 'A57', 'A58', 'A59', 'A60', 'A61', 'A62', 'A63', 'A64', 'A65', 'A66', 'A67', 'A68', 'A69', 'A70', 'A71', 'A72', 'A73', 'A74', 'A75', 'A76', 'A77', 'A78', 'A79', 'A80', 'A81', 'A82', 'A83', 'A84', 'A85', 'A86', 'A87', 'A88', 'A89', 'A90', 'A91', 'A92', 'A93', 'A94', 'A95', 'A96', 'A97', 'A98', 'A99', 'A100', 'A101', 'A102', 'A103', 'A104', 'A105', 'A106', 'A107', 'A108']
These residues will be fixed:  []
No ligand atoms parsed
Designing protein from this path: /wynton/home/rotation/geanhu/multi-state/data/string-sampling/end-states/5KPH_8_8_4.pdb
These residues will be redesigned:  ['A1', 'A2', 'A3', 'A4', 'A5', 'A6', 'A7', 'A8', 'A9', 'A10', 'A11', 'A12', 'A13', 'A14', 'A15', 'A16', 'A17', 'A18', 'A19', 'A20', 'A21', 'A22', 'A23', 'A24', 'A25', 'A26', 'A27', 'A28', 'A29', 'A30', 'A31', 'A32', 'A33', 'A34', 'A35', 'A36', 'A37', 'A38', 'A39', 'A40', 'A41', 'A42', 'A43', 'A44', 'A45', 'A46', 'A47', 'A48', 'A49', 'A50', 'A51', 'A52', 'A53', 'A54', 'A55', 'A56', 'A57', 'A58', 'A59', 'A60', 'A61', 'A62', 'A63', 'A64', 'A65', 'A66', 'A67', 'A68', 'A69', 'A70', 'A71', 'A72']
These residues will be fixed:  []
No ligand atoms parsed
Designing protein from this path: /wynton/home/rotation/geanhu/multi-state/data/string-sampling/end-states/5KPE_4_6_9.pdb
These residues will be redesigned:  ['A1', 'A2', 'A3', 'A4', 'A5', 'A6', 'A7', 'A8', 'A9', 'A10', 'A11', 'A12', 'A13', 'A14', 'A15', 'A16', 'A17', 'A18', 'A19', 'A20', 'A21', 'A22', 'A23', 'A24', 'A25', 'A26', 'A27', 'A28', 'A29', 'A30', 'A31', 'A32', 'A33', 'A34', 'A35', 'A36', 'A37', 'A38', 'A39', 'A40', 'A41', 'A42', 'A43', 'A44', 'A45', 'A46', 'A47', 'A48', 'A49', 'A50', 'A51', 'A52', 'A53', 'A54', 'A55', 'A56', 'A57', 'A58', 'A59', 'A60', 'A61', 'A62', 'A63', 'A64', 'A65', 'A66', 'A67', 'A68', 'A69', 'A70', 'A71', 'A72', 'A73', 'A74', 'A75', 'A76', 'A77', 'A78', 'A79', 'A80', 'A81', 'A82', 'A83', 'A84', 'A85', 'A86', 'A87', 'A88', 'A89', 'A90', 'A91', 'A92', 'A93', 'A94', 'A95', 'A96', 'A97', 'A98', 'A99', 'A100', 'A101', 'A102', 'A103', 'A104', 'A105', 'A106', 'A107', 'A108']
These residues will be fixed:  []
No ligand atoms parsed
Designing protein from this path: /wynton/home/rotation/geanhu/multi-state/data/string-sampling/end-states/5KPH_2_8_7.pdb
These residues will be redesigned:  ['A1', 'A2', 'A3', 'A4', 'A5', 'A6', 'A7', 'A8', 'A9', 'A10', 'A11', 'A12', 'A13', 'A14', 'A15', 'A16', 'A17', 'A18', 'A19', 'A20', 'A21', 'A22', 'A23', 'A24', 'A25', 'A26', 'A27', 'A28', 'A29', 'A30', 'A31', 'A32', 'A33', 'A34', 'A35', 'A36', 'A37', 'A38', 'A39', 'A40', 'A41', 'A42', 'A43', 'A44', 'A45', 'A46', 'A47', 'A48', 'A49', 'A50', 'A51', 'A52', 'A53', 'A54', 'A55', 'A56', 'A57', 'A58', 'A59', 'A60', 'A61', 'A62', 'A63', 'A64', 'A65', 'A66', 'A67', 'A68', 'A69', 'A70', 'A71', 'A72']
These residues will be fixed:  []
No ligand atoms parsed
Designing protein from this path: /wynton/home/rotation/geanhu/multi-state/data/string-sampling/end-states/5KPE_8_4_2.pdb
These residues will be redesigned:  ['A1', 'A2', 'A3', 'A4', 'A5', 'A6', 'A7', 'A8', 'A9', 'A10', 'A11', 'A12', 'A13', 'A14', 'A15', 'A16', 'A17', 'A18', 'A19', 'A20', 'A21', 'A22', 'A23', 'A24', 'A25', 'A26', 'A27', 'A28', 'A29', 'A30', 'A31', 'A32', 'A33', 'A34', 'A35', 'A36', 'A37', 'A38', 'A39', 'A40', 'A41', 'A42', 'A43', 'A44', 'A45', 'A46', 'A47', 'A48', 'A49', 'A50', 'A51', 'A52', 'A53', 'A54', 'A55', 'A56', 'A57', 'A58', 'A59', 'A60', 'A61', 'A62', 'A63', 'A64', 'A65', 'A66', 'A67', 'A68', 'A69', 'A70', 'A71', 'A72', 'A73', 'A74', 'A75', 'A76', 'A77', 'A78', 'A79', 'A80', 'A81', 'A82', 'A83', 'A84', 'A85', 'A86', 'A87', 'A88', 'A89', 'A90', 'A91', 'A92', 'A93', 'A94', 'A95', 'A96', 'A97', 'A98', 'A99', 'A100', 'A101', 'A102', 'A103', 'A104', 'A105', 'A106', 'A107', 'A108']
These residues will be fixed:  []
No ligand atoms parsed
Designing protein from this path: /wynton/home/rotation/geanhu/multi-state/data/string-sampling/end-states/5KPH_8_4_0.pdb
These residues will be redesigned:  ['A1', 'A2', 'A3', 'A4', 'A5', 'A6', 'A7', 'A8', 'A9', 'A10', 'A11', 'A12', 'A13', 'A14', 'A15', 'A16', 'A17', 'A18', 'A19', 'A20', 'A21', 'A22', 'A23', 'A24', 'A25', 'A26', 'A27', 'A28', 'A29', 'A30', 'A31', 'A32', 'A33', 'A34', 'A35', 'A36', 'A37', 'A38', 'A39', 'A40', 'A41', 'A42', 'A43', 'A44', 'A45', 'A46', 'A47', 'A48', 'A49', 'A50', 'A51', 'A52', 'A53', 'A54', 'A55', 'A56', 'A57', 'A58', 'A59', 'A60', 'A61', 'A62', 'A63', 'A64', 'A65', 'A66', 'A67', 'A68', 'A69', 'A70', 'A71', 'A72']
These residues will be fixed:  []
No ligand atoms parsed
Designing protein from this path: /wynton/home/rotation/geanhu/multi-state/data/string-sampling/end-states/5KPH_4_6_9.pdb
These residues will be redesigned:  ['A1', 'A2', 'A3', 'A4', 'A5', 'A6', 'A7', 'A8', 'A9', 'A10', 'A11', 'A12', 'A13', 'A14', 'A15', 'A16', 'A17', 'A18', 'A19', 'A20', 'A21', 'A22', 'A23', 'A24', 'A25', 'A26', 'A27', 'A28', 'A29', 'A30', 'A31', 'A32', 'A33', 'A34', 'A35', 'A36', 'A37', 'A38', 'A39', 'A40', 'A41', 'A42', 'A43', 'A44', 'A45', 'A46', 'A47', 'A48', 'A49', 'A50', 'A51', 'A52', 'A53', 'A54', 'A55', 'A56', 'A57', 'A58', 'A59', 'A60', 'A61', 'A62', 'A63', 'A64', 'A65', 'A66', 'A67', 'A68', 'A69', 'A70', 'A71', 'A72']
These residues will be fixed:  []
No ligand atoms parsed
Designing protein from this path: /wynton/home/rotation/geanhu/multi-state/data/string-sampling/end-states/5KPE_8_6_6.pdb
These residues will be redesigned:  ['A1', 'A2', 'A3', 'A4', 'A5', 'A6', 'A7', 'A8', 'A9', 'A10', 'A11', 'A12', 'A13', 'A14', 'A15', 'A16', 'A17', 'A18', 'A19', 'A20', 'A21', 'A22', 'A23', 'A24', 'A25', 'A26', 'A27', 'A28', 'A29', 'A30', 'A31', 'A32', 'A33', 'A34', 'A35', 'A36', 'A37', 'A38', 'A39', 'A40', 'A41', 'A42', 'A43', 'A44', 'A45', 'A46', 'A47', 'A48', 'A49', 'A50', 'A51', 'A52', 'A53', 'A54', 'A55', 'A56', 'A57', 'A58', 'A59', 'A60', 'A61', 'A62', 'A63', 'A64', 'A65', 'A66', 'A67', 'A68', 'A69', 'A70', 'A71', 'A72', 'A73', 'A74', 'A75', 'A76', 'A77', 'A78', 'A79', 'A80', 'A81', 'A82', 'A83', 'A84', 'A85', 'A86', 'A87', 'A88', 'A89', 'A90', 'A91', 'A92', 'A93', 'A94', 'A95', 'A96', 'A97', 'A98', 'A99', 'A100', 'A101', 'A102', 'A103', 'A104', 'A105', 'A106', 'A107', 'A108']
These residues will be fixed:  []
No ligand atoms parsed
Designing protein from this path: /wynton/home/rotation/geanhu/multi-state/data/string-sampling/end-states/5KPH_2_8_9.pdb
These residues will be redesigned:  ['A1', 'A2', 'A3', 'A4', 'A5', 'A6', 'A7', 'A8', 'A9', 'A10', 'A11', 'A12', 'A13', 'A14', 'A15', 'A16', 'A17', 'A18', 'A19', 'A20', 'A21', 'A22', 'A23', 'A24', 'A25', 'A26', 'A27', 'A28', 'A29', 'A30', 'A31', 'A32', 'A33', 'A34', 'A35', 'A36', 'A37', 'A38', 'A39', 'A40', 'A41', 'A42', 'A43', 'A44', 'A45', 'A46', 'A47', 'A48', 'A49', 'A50', 'A51', 'A52', 'A53', 'A54', 'A55', 'A56', 'A57', 'A58', 'A59', 'A60', 'A61', 'A62', 'A63', 'A64', 'A65', 'A66', 'A67', 'A68', 'A69', 'A70', 'A71', 'A72']
These residues will be fixed:  []
No ligand atoms parsed
Designing protein from this path: /wynton/home/rotation/geanhu/multi-state/data/string-sampling/end-states/5KPE_8_6_9.pdb
These residues will be redesigned:  ['A1', 'A2', 'A3', 'A4', 'A5', 'A6', 'A7', 'A8', 'A9', 'A10', 'A11', 'A12', 'A13', 'A14', 'A15', 'A16', 'A17', 'A18', 'A19', 'A20', 'A21', 'A22', 'A23', 'A24', 'A25', 'A26', 'A27', 'A28', 'A29', 'A30', 'A31', 'A32', 'A33', 'A34', 'A35', 'A36', 'A37', 'A38', 'A39', 'A40', 'A41', 'A42', 'A43', 'A44', 'A45', 'A46', 'A47', 'A48', 'A49', 'A50', 'A51', 'A52', 'A53', 'A54', 'A55', 'A56', 'A57', 'A58', 'A59', 'A60', 'A61', 'A62', 'A63', 'A64', 'A65', 'A66', 'A67', 'A68', 'A69', 'A70', 'A71', 'A72', 'A73', 'A74', 'A75', 'A76', 'A77', 'A78', 'A79', 'A80', 'A81', 'A82', 'A83', 'A84', 'A85', 'A86', 'A87', 'A88', 'A89', 'A90', 'A91', 'A92', 'A93', 'A94', 'A95', 'A96', 'A97', 'A98', 'A99', 'A100', 'A101', 'A102', 'A103', 'A104', 'A105', 'A106', 'A107', 'A108']
These residues will be fixed:  []
No ligand atoms parsed
Designing protein from this path: /wynton/home/rotation/geanhu/multi-state/data/string-sampling/end-states/5KPE_6_2_0.pdb
These residues will be redesigned:  ['A1', 'A2', 'A3', 'A4', 'A5', 'A6', 'A7', 'A8', 'A9', 'A10', 'A11', 'A12', 'A13', 'A14', 'A15', 'A16', 'A17', 'A18', 'A19', 'A20', 'A21', 'A22', 'A23', 'A24', 'A25', 'A26', 'A27', 'A28', 'A29', 'A30', 'A31', 'A32', 'A33', 'A34', 'A35', 'A36', 'A37', 'A38', 'A39', 'A40', 'A41', 'A42', 'A43', 'A44', 'A45', 'A46', 'A47', 'A48', 'A49', 'A50', 'A51', 'A52', 'A53', 'A54', 'A55', 'A56', 'A57', 'A58', 'A59', 'A60', 'A61', 'A62', 'A63', 'A64', 'A65', 'A66', 'A67', 'A68', 'A69', 'A70', 'A71', 'A72', 'A73', 'A74', 'A75', 'A76', 'A77', 'A78', 'A79', 'A80', 'A81', 'A82', 'A83', 'A84', 'A85', 'A86', 'A87', 'A88', 'A89', 'A90', 'A91', 'A92', 'A93', 'A94', 'A95', 'A96', 'A97', 'A98', 'A99', 'A100', 'A101', 'A102', 'A103', 'A104', 'A105', 'A106', 'A107', 'A108']
These residues will be fixed:  []
No ligand atoms parsed
Designing protein from this path: /wynton/home/rotation/geanhu/multi-state/data/string-sampling/end-states/5KPE_6_6_1.pdb
These residues will be redesigned:  ['A1', 'A2', 'A3', 'A4', 'A5', 'A6', 'A7', 'A8', 'A9', 'A10', 'A11', 'A12', 'A13', 'A14', 'A15', 'A16', 'A17', 'A18', 'A19', 'A20', 'A21', 'A22', 'A23', 'A24', 'A25', 'A26', 'A27', 'A28', 'A29', 'A30', 'A31', 'A32', 'A33', 'A34', 'A35', 'A36', 'A37', 'A38', 'A39', 'A40', 'A41', 'A42', 'A43', 'A44', 'A45', 'A46', 'A47', 'A48', 'A49', 'A50', 'A51', 'A52', 'A53', 'A54', 'A55', 'A56', 'A57', 'A58', 'A59', 'A60', 'A61', 'A62', 'A63', 'A64', 'A65', 'A66', 'A67', 'A68', 'A69', 'A70', 'A71', 'A72', 'A73', 'A74', 'A75', 'A76', 'A77', 'A78', 'A79', 'A80', 'A81', 'A82', 'A83', 'A84', 'A85', 'A86', 'A87', 'A88', 'A89', 'A90', 'A91', 'A92', 'A93', 'A94', 'A95', 'A96', 'A97', 'A98', 'A99', 'A100', 'A101', 'A102', 'A103', 'A104', 'A105', 'A106', 'A107', 'A108']
These residues will be fixed:  []
No ligand atoms parsed
Designing protein from this path: /wynton/home/rotation/geanhu/multi-state/data/string-sampling/end-states/5KPH_4_2_9.pdb
These residues will be redesigned:  ['A1', 'A2', 'A3', 'A4', 'A5', 'A6', 'A7', 'A8', 'A9', 'A10', 'A11', 'A12', 'A13', 'A14', 'A15', 'A16', 'A17', 'A18', 'A19', 'A20', 'A21', 'A22', 'A23', 'A24', 'A25', 'A26', 'A27', 'A28', 'A29', 'A30', 'A31', 'A32', 'A33', 'A34', 'A35', 'A36', 'A37', 'A38', 'A39', 'A40', 'A41', 'A42', 'A43', 'A44', 'A45', 'A46', 'A47', 'A48', 'A49', 'A50', 'A51', 'A52', 'A53', 'A54', 'A55', 'A56', 'A57', 'A58', 'A59', 'A60', 'A61', 'A62', 'A63', 'A64', 'A65', 'A66', 'A67', 'A68', 'A69', 'A70', 'A71', 'A72']
These residues will be fixed:  []
No ligand atoms parsed
Designing protein from this path: /wynton/home/rotation/geanhu/multi-state/data/string-sampling/end-states/5KPH_4_6_6.pdb
These residues will be redesigned:  ['A1', 'A2', 'A3', 'A4', 'A5', 'A6', 'A7', 'A8', 'A9', 'A10', 'A11', 'A12', 'A13', 'A14', 'A15', 'A16', 'A17', 'A18', 'A19', 'A20', 'A21', 'A22', 'A23', 'A24', 'A25', 'A26', 'A27', 'A28', 'A29', 'A30', 'A31', 'A32', 'A33', 'A34', 'A35', 'A36', 'A37', 'A38', 'A39', 'A40', 'A41', 'A42', 'A43', 'A44', 'A45', 'A46', 'A47', 'A48', 'A49', 'A50', 'A51', 'A52', 'A53', 'A54', 'A55', 'A56', 'A57', 'A58', 'A59', 'A60', 'A61', 'A62', 'A63', 'A64', 'A65', 'A66', 'A67', 'A68', 'A69', 'A70', 'A71', 'A72']
These residues will be fixed:  []
No ligand atoms parsed
Designing protein from this path: /wynton/home/rotation/geanhu/multi-state/data/string-sampling/end-states/5KPE_2_4_7.pdb
These residues will be redesigned:  ['A1', 'A2', 'A3', 'A4', 'A5', 'A6', 'A7', 'A8', 'A9', 'A10', 'A11', 'A12', 'A13', 'A14', 'A15', 'A16', 'A17', 'A18', 'A19', 'A20', 'A21', 'A22', 'A23', 'A24', 'A25', 'A26', 'A27', 'A28', 'A29', 'A30', 'A31', 'A32', 'A33', 'A34', 'A35', 'A36', 'A37', 'A38', 'A39', 'A40', 'A41', 'A42', 'A43', 'A44', 'A45', 'A46', 'A47', 'A48', 'A49', 'A50', 'A51', 'A52', 'A53', 'A54', 'A55', 'A56', 'A57', 'A58', 'A59', 'A60', 'A61', 'A62', 'A63', 'A64', 'A65', 'A66', 'A67', 'A68', 'A69', 'A70', 'A71', 'A72', 'A73', 'A74', 'A75', 'A76', 'A77', 'A78', 'A79', 'A80', 'A81', 'A82', 'A83', 'A84', 'A85', 'A86', 'A87', 'A88', 'A89', 'A90', 'A91', 'A92', 'A93', 'A94', 'A95', 'A96', 'A97', 'A98', 'A99', 'A100', 'A101', 'A102', 'A103', 'A104', 'A105', 'A106', 'A107', 'A108']
These residues will be fixed:  []
No ligand atoms parsed
Designing protein from this path: /wynton/home/rotation/geanhu/multi-state/data/string-sampling/end-states/5KPE_2_2_7.pdb
These residues will be redesigned:  ['A1', 'A2', 'A3', 'A4', 'A5', 'A6', 'A7', 'A8', 'A9', 'A10', 'A11', 'A12', 'A13', 'A14', 'A15', 'A16', 'A17', 'A18', 'A19', 'A20', 'A21', 'A22', 'A23', 'A24', 'A25', 'A26', 'A27', 'A28', 'A29', 'A30', 'A31', 'A32', 'A33', 'A34', 'A35', 'A36', 'A37', 'A38', 'A39', 'A40', 'A41', 'A42', 'A43', 'A44', 'A45', 'A46', 'A47', 'A48', 'A49', 'A50', 'A51', 'A52', 'A53', 'A54', 'A55', 'A56', 'A57', 'A58', 'A59', 'A60', 'A61', 'A62', 'A63', 'A64', 'A65', 'A66', 'A67', 'A68', 'A69', 'A70', 'A71', 'A72', 'A73', 'A74', 'A75', 'A76', 'A77', 'A78', 'A79', 'A80', 'A81', 'A82', 'A83', 'A84', 'A85', 'A86', 'A87', 'A88', 'A89', 'A90', 'A91', 'A92', 'A93', 'A94', 'A95', 'A96', 'A97', 'A98', 'A99', 'A100', 'A101', 'A102', 'A103', 'A104', 'A105', 'A106', 'A107', 'A108']
These residues will be fixed:  []
No ligand atoms parsed
Designing protein from this path: /wynton/home/rotation/geanhu/multi-state/data/string-sampling/end-states/5KPH_6_4_5.pdb
These residues will be redesigned:  ['A1', 'A2', 'A3', 'A4', 'A5', 'A6', 'A7', 'A8', 'A9', 'A10', 'A11', 'A12', 'A13', 'A14', 'A15', 'A16', 'A17', 'A18', 'A19', 'A20', 'A21', 'A22', 'A23', 'A24', 'A25', 'A26', 'A27', 'A28', 'A29', 'A30', 'A31', 'A32', 'A33', 'A34', 'A35', 'A36', 'A37', 'A38', 'A39', 'A40', 'A41', 'A42', 'A43', 'A44', 'A45', 'A46', 'A47', 'A48', 'A49', 'A50', 'A51', 'A52', 'A53', 'A54', 'A55', 'A56', 'A57', 'A58', 'A59', 'A60', 'A61', 'A62', 'A63', 'A64', 'A65', 'A66', 'A67', 'A68', 'A69', 'A70', 'A71', 'A72']
These residues will be fixed:  []
No ligand atoms parsed
Designing protein from this path: /wynton/home/rotation/geanhu/multi-state/data/string-sampling/end-states/5KPE_6_8_0.pdb
These residues will be redesigned:  ['A1', 'A2', 'A3', 'A4', 'A5', 'A6', 'A7', 'A8', 'A9', 'A10', 'A11', 'A12', 'A13', 'A14', 'A15', 'A16', 'A17', 'A18', 'A19', 'A20', 'A21', 'A22', 'A23', 'A24', 'A25', 'A26', 'A27', 'A28', 'A29', 'A30', 'A31', 'A32', 'A33', 'A34', 'A35', 'A36', 'A37', 'A38', 'A39', 'A40', 'A41', 'A42', 'A43', 'A44', 'A45', 'A46', 'A47', 'A48', 'A49', 'A50', 'A51', 'A52', 'A53', 'A54', 'A55', 'A56', 'A57', 'A58', 'A59', 'A60', 'A61', 'A62', 'A63', 'A64', 'A65', 'A66', 'A67', 'A68', 'A69', 'A70', 'A71', 'A72', 'A73', 'A74', 'A75', 'A76', 'A77', 'A78', 'A79', 'A80', 'A81', 'A82', 'A83', 'A84', 'A85', 'A86', 'A87', 'A88', 'A89', 'A90', 'A91', 'A92', 'A93', 'A94', 'A95', 'A96', 'A97', 'A98', 'A99', 'A100', 'A101', 'A102', 'A103', 'A104', 'A105', 'A106', 'A107', 'A108']
These residues will be fixed:  []
No ligand atoms parsed
Designing protein from this path: /wynton/home/rotation/geanhu/multi-state/data/string-sampling/end-states/5KPH_8_4_6.pdb
These residues will be redesigned:  ['A1', 'A2', 'A3', 'A4', 'A5', 'A6', 'A7', 'A8', 'A9', 'A10', 'A11', 'A12', 'A13', 'A14', 'A15', 'A16', 'A17', 'A18', 'A19', 'A20', 'A21', 'A22', 'A23', 'A24', 'A25', 'A26', 'A27', 'A28', 'A29', 'A30', 'A31', 'A32', 'A33', 'A34', 'A35', 'A36', 'A37', 'A38', 'A39', 'A40', 'A41', 'A42', 'A43', 'A44', 'A45', 'A46', 'A47', 'A48', 'A49', 'A50', 'A51', 'A52', 'A53', 'A54', 'A55', 'A56', 'A57', 'A58', 'A59', 'A60', 'A61', 'A62', 'A63', 'A64', 'A65', 'A66', 'A67', 'A68', 'A69', 'A70', 'A71', 'A72']
These residues will be fixed:  []
No ligand atoms parsed
Designing protein from this path: /wynton/home/rotation/geanhu/multi-state/data/string-sampling/end-states/5KPE_2_8_2.pdb
These residues will be redesigned:  ['A1', 'A2', 'A3', 'A4', 'A5', 'A6', 'A7', 'A8', 'A9', 'A10', 'A11', 'A12', 'A13', 'A14', 'A15', 'A16', 'A17', 'A18', 'A19', 'A20', 'A21', 'A22', 'A23', 'A24', 'A25', 'A26', 'A27', 'A28', 'A29', 'A30', 'A31', 'A32', 'A33', 'A34', 'A35', 'A36', 'A37', 'A38', 'A39', 'A40', 'A41', 'A42', 'A43', 'A44', 'A45', 'A46', 'A47', 'A48', 'A49', 'A50', 'A51', 'A52', 'A53', 'A54', 'A55', 'A56', 'A57', 'A58', 'A59', 'A60', 'A61', 'A62', 'A63', 'A64', 'A65', 'A66', 'A67', 'A68', 'A69', 'A70', 'A71', 'A72', 'A73', 'A74', 'A75', 'A76', 'A77', 'A78', 'A79', 'A80', 'A81', 'A82', 'A83', 'A84', 'A85', 'A86', 'A87', 'A88', 'A89', 'A90', 'A91', 'A92', 'A93', 'A94', 'A95', 'A96', 'A97', 'A98', 'A99', 'A100', 'A101', 'A102', 'A103', 'A104', 'A105', 'A106', 'A107', 'A108']
These residues will be fixed:  []
No ligand atoms parsed
Designing protein from this path: /wynton/home/rotation/geanhu/multi-state/data/string-sampling/end-states/5KPH_6_2_8.pdb
These residues will be redesigned:  ['A1', 'A2', 'A3', 'A4', 'A5', 'A6', 'A7', 'A8', 'A9', 'A10', 'A11', 'A12', 'A13', 'A14', 'A15', 'A16', 'A17', 'A18', 'A19', 'A20', 'A21', 'A22', 'A23', 'A24', 'A25', 'A26', 'A27', 'A28', 'A29', 'A30', 'A31', 'A32', 'A33', 'A34', 'A35', 'A36', 'A37', 'A38', 'A39', 'A40', 'A41', 'A42', 'A43', 'A44', 'A45', 'A46', 'A47', 'A48', 'A49', 'A50', 'A51', 'A52', 'A53', 'A54', 'A55', 'A56', 'A57', 'A58', 'A59', 'A60', 'A61', 'A62', 'A63', 'A64', 'A65', 'A66', 'A67', 'A68', 'A69', 'A70', 'A71', 'A72']
These residues will be fixed:  []
No ligand atoms parsed
Designing protein from this path: /wynton/home/rotation/geanhu/multi-state/data/string-sampling/end-states/5KPH_8_2_6.pdb
These residues will be redesigned:  ['A1', 'A2', 'A3', 'A4', 'A5', 'A6', 'A7', 'A8', 'A9', 'A10', 'A11', 'A12', 'A13', 'A14', 'A15', 'A16', 'A17', 'A18', 'A19', 'A20', 'A21', 'A22', 'A23', 'A24', 'A25', 'A26', 'A27', 'A28', 'A29', 'A30', 'A31', 'A32', 'A33', 'A34', 'A35', 'A36', 'A37', 'A38', 'A39', 'A40', 'A41', 'A42', 'A43', 'A44', 'A45', 'A46', 'A47', 'A48', 'A49', 'A50', 'A51', 'A52', 'A53', 'A54', 'A55', 'A56', 'A57', 'A58', 'A59', 'A60', 'A61', 'A62', 'A63', 'A64', 'A65', 'A66', 'A67', 'A68', 'A69', 'A70', 'A71', 'A72']
These residues will be fixed:  []
No ligand atoms parsed
Designing protein from this path: /wynton/home/rotation/geanhu/multi-state/data/string-sampling/end-states/5KPH_4_4_8.pdb
These residues will be redesigned:  ['A1', 'A2', 'A3', 'A4', 'A5', 'A6', 'A7', 'A8', 'A9', 'A10', 'A11', 'A12', 'A13', 'A14', 'A15', 'A16', 'A17', 'A18', 'A19', 'A20', 'A21', 'A22', 'A23', 'A24', 'A25', 'A26', 'A27', 'A28', 'A29', 'A30', 'A31', 'A32', 'A33', 'A34', 'A35', 'A36', 'A37', 'A38', 'A39', 'A40', 'A41', 'A42', 'A43', 'A44', 'A45', 'A46', 'A47', 'A48', 'A49', 'A50', 'A51', 'A52', 'A53', 'A54', 'A55', 'A56', 'A57', 'A58', 'A59', 'A60', 'A61', 'A62', 'A63', 'A64', 'A65', 'A66', 'A67', 'A68', 'A69', 'A70', 'A71', 'A72']
These residues will be fixed:  []
No ligand atoms parsed
Designing protein from this path: /wynton/home/rotation/geanhu/multi-state/data/string-sampling/end-states/5KPH_6_4_2.pdb
These residues will be redesigned:  ['A1', 'A2', 'A3', 'A4', 'A5', 'A6', 'A7', 'A8', 'A9', 'A10', 'A11', 'A12', 'A13', 'A14', 'A15', 'A16', 'A17', 'A18', 'A19', 'A20', 'A21', 'A22', 'A23', 'A24', 'A25', 'A26', 'A27', 'A28', 'A29', 'A30', 'A31', 'A32', 'A33', 'A34', 'A35', 'A36', 'A37', 'A38', 'A39', 'A40', 'A41', 'A42', 'A43', 'A44', 'A45', 'A46', 'A47', 'A48', 'A49', 'A50', 'A51', 'A52', 'A53', 'A54', 'A55', 'A56', 'A57', 'A58', 'A59', 'A60', 'A61', 'A62', 'A63', 'A64', 'A65', 'A66', 'A67', 'A68', 'A69', 'A70', 'A71', 'A72']
These residues will be fixed:  []
No ligand atoms parsed
Designing protein from this path: /wynton/home/rotation/geanhu/multi-state/data/string-sampling/end-states/5KPH_4_6_4.pdb
These residues will be redesigned:  ['A1', 'A2', 'A3', 'A4', 'A5', 'A6', 'A7', 'A8', 'A9', 'A10', 'A11', 'A12', 'A13', 'A14', 'A15', 'A16', 'A17', 'A18', 'A19', 'A20', 'A21', 'A22', 'A23', 'A24', 'A25', 'A26', 'A27', 'A28', 'A29', 'A30', 'A31', 'A32', 'A33', 'A34', 'A35', 'A36', 'A37', 'A38', 'A39', 'A40', 'A41', 'A42', 'A43', 'A44', 'A45', 'A46', 'A47', 'A48', 'A49', 'A50', 'A51', 'A52', 'A53', 'A54', 'A55', 'A56', 'A57', 'A58', 'A59', 'A60', 'A61', 'A62', 'A63', 'A64', 'A65', 'A66', 'A67', 'A68', 'A69', 'A70', 'A71', 'A72']
These residues will be fixed:  []
No ligand atoms parsed
Designing protein from this path: /wynton/home/rotation/geanhu/multi-state/data/string-sampling/end-states/5KPE_8_8_9.pdb
These residues will be redesigned:  ['A1', 'A2', 'A3', 'A4', 'A5', 'A6', 'A7', 'A8', 'A9', 'A10', 'A11', 'A12', 'A13', 'A14', 'A15', 'A16', 'A17', 'A18', 'A19', 'A20', 'A21', 'A22', 'A23', 'A24', 'A25', 'A26', 'A27', 'A28', 'A29', 'A30', 'A31', 'A32', 'A33', 'A34', 'A35', 'A36', 'A37', 'A38', 'A39', 'A40', 'A41', 'A42', 'A43', 'A44', 'A45', 'A46', 'A47', 'A48', 'A49', 'A50', 'A51', 'A52', 'A53', 'A54', 'A55', 'A56', 'A57', 'A58', 'A59', 'A60', 'A61', 'A62', 'A63', 'A64', 'A65', 'A66', 'A67', 'A68', 'A69', 'A70', 'A71', 'A72', 'A73', 'A74', 'A75', 'A76', 'A77', 'A78', 'A79', 'A80', 'A81', 'A82', 'A83', 'A84', 'A85', 'A86', 'A87', 'A88', 'A89', 'A90', 'A91', 'A92', 'A93', 'A94', 'A95', 'A96', 'A97', 'A98', 'A99', 'A100', 'A101', 'A102', 'A103', 'A104', 'A105', 'A106', 'A107', 'A108']
These residues will be fixed:  []
No ligand atoms parsed
Designing protein from this path: /wynton/home/rotation/geanhu/multi-state/data/string-sampling/end-states/5KPH_8_6_3.pdb
These residues will be redesigned:  ['A1', 'A2', 'A3', 'A4', 'A5', 'A6', 'A7', 'A8', 'A9', 'A10', 'A11', 'A12', 'A13', 'A14', 'A15', 'A16', 'A17', 'A18', 'A19', 'A20', 'A21', 'A22', 'A23', 'A24', 'A25', 'A26', 'A27', 'A28', 'A29', 'A30', 'A31', 'A32', 'A33', 'A34', 'A35', 'A36', 'A37', 'A38', 'A39', 'A40', 'A41', 'A42', 'A43', 'A44', 'A45', 'A46', 'A47', 'A48', 'A49', 'A50', 'A51', 'A52', 'A53', 'A54', 'A55', 'A56', 'A57', 'A58', 'A59', 'A60', 'A61', 'A62', 'A63', 'A64', 'A65', 'A66', 'A67', 'A68', 'A69', 'A70', 'A71', 'A72']
These residues will be fixed:  []
No ligand atoms parsed
Designing protein from this path: /wynton/home/rotation/geanhu/multi-state/data/string-sampling/end-states/5KPH_2_4_5.pdb
These residues will be redesigned:  ['A1', 'A2', 'A3', 'A4', 'A5', 'A6', 'A7', 'A8', 'A9', 'A10', 'A11', 'A12', 'A13', 'A14', 'A15', 'A16', 'A17', 'A18', 'A19', 'A20', 'A21', 'A22', 'A23', 'A24', 'A25', 'A26', 'A27', 'A28', 'A29', 'A30', 'A31', 'A32', 'A33', 'A34', 'A35', 'A36', 'A37', 'A38', 'A39', 'A40', 'A41', 'A42', 'A43', 'A44', 'A45', 'A46', 'A47', 'A48', 'A49', 'A50', 'A51', 'A52', 'A53', 'A54', 'A55', 'A56', 'A57', 'A58', 'A59', 'A60', 'A61', 'A62', 'A63', 'A64', 'A65', 'A66', 'A67', 'A68', 'A69', 'A70', 'A71', 'A72']
These residues will be fixed:  []
No ligand atoms parsed
Designing protein from this path: /wynton/home/rotation/geanhu/multi-state/data/string-sampling/end-states/5KPH_4_8_5.pdb
These residues will be redesigned:  ['A1', 'A2', 'A3', 'A4', 'A5', 'A6', 'A7', 'A8', 'A9', 'A10', 'A11', 'A12', 'A13', 'A14', 'A15', 'A16', 'A17', 'A18', 'A19', 'A20', 'A21', 'A22', 'A23', 'A24', 'A25', 'A26', 'A27', 'A28', 'A29', 'A30', 'A31', 'A32', 'A33', 'A34', 'A35', 'A36', 'A37', 'A38', 'A39', 'A40', 'A41', 'A42', 'A43', 'A44', 'A45', 'A46', 'A47', 'A48', 'A49', 'A50', 'A51', 'A52', 'A53', 'A54', 'A55', 'A56', 'A57', 'A58', 'A59', 'A60', 'A61', 'A62', 'A63', 'A64', 'A65', 'A66', 'A67', 'A68', 'A69', 'A70', 'A71', 'A72']
These residues will be fixed:  []
No ligand atoms parsed
Designing protein from this path: /wynton/home/rotation/geanhu/multi-state/data/string-sampling/end-states/5KPE_6_2_9.pdb
These residues will be redesigned:  ['A1', 'A2', 'A3', 'A4', 'A5', 'A6', 'A7', 'A8', 'A9', 'A10', 'A11', 'A12', 'A13', 'A14', 'A15', 'A16', 'A17', 'A18', 'A19', 'A20', 'A21', 'A22', 'A23', 'A24', 'A25', 'A26', 'A27', 'A28', 'A29', 'A30', 'A31', 'A32', 'A33', 'A34', 'A35', 'A36', 'A37', 'A38', 'A39', 'A40', 'A41', 'A42', 'A43', 'A44', 'A45', 'A46', 'A47', 'A48', 'A49', 'A50', 'A51', 'A52', 'A53', 'A54', 'A55', 'A56', 'A57', 'A58', 'A59', 'A60', 'A61', 'A62', 'A63', 'A64', 'A65', 'A66', 'A67', 'A68', 'A69', 'A70', 'A71', 'A72', 'A73', 'A74', 'A75', 'A76', 'A77', 'A78', 'A79', 'A80', 'A81', 'A82', 'A83', 'A84', 'A85', 'A86', 'A87', 'A88', 'A89', 'A90', 'A91', 'A92', 'A93', 'A94', 'A95', 'A96', 'A97', 'A98', 'A99', 'A100', 'A101', 'A102', 'A103', 'A104', 'A105', 'A106', 'A107', 'A108']
These residues will be fixed:  []
No ligand atoms parsed
Designing protein from this path: /wynton/home/rotation/geanhu/multi-state/data/string-sampling/end-states/5KPE_4_4_0.pdb
These residues will be redesigned:  ['A1', 'A2', 'A3', 'A4', 'A5', 'A6', 'A7', 'A8', 'A9', 'A10', 'A11', 'A12', 'A13', 'A14', 'A15', 'A16', 'A17', 'A18', 'A19', 'A20', 'A21', 'A22', 'A23', 'A24', 'A25', 'A26', 'A27', 'A28', 'A29', 'A30', 'A31', 'A32', 'A33', 'A34', 'A35', 'A36', 'A37', 'A38', 'A39', 'A40', 'A41', 'A42', 'A43', 'A44', 'A45', 'A46', 'A47', 'A48', 'A49', 'A50', 'A51', 'A52', 'A53', 'A54', 'A55', 'A56', 'A57', 'A58', 'A59', 'A60', 'A61', 'A62', 'A63', 'A64', 'A65', 'A66', 'A67', 'A68', 'A69', 'A70', 'A71', 'A72', 'A73', 'A74', 'A75', 'A76', 'A77', 'A78', 'A79', 'A80', 'A81', 'A82', 'A83', 'A84', 'A85', 'A86', 'A87', 'A88', 'A89', 'A90', 'A91', 'A92', 'A93', 'A94', 'A95', 'A96', 'A97', 'A98', 'A99', 'A100', 'A101', 'A102', 'A103', 'A104', 'A105', 'A106', 'A107', 'A108']
These residues will be fixed:  []
No ligand atoms parsed
Designing protein from this path: /wynton/home/rotation/geanhu/multi-state/data/string-sampling/end-states/5KPH_2_8_3.pdb
These residues will be redesigned:  ['A1', 'A2', 'A3', 'A4', 'A5', 'A6', 'A7', 'A8', 'A9', 'A10', 'A11', 'A12', 'A13', 'A14', 'A15', 'A16', 'A17', 'A18', 'A19', 'A20', 'A21', 'A22', 'A23', 'A24', 'A25', 'A26', 'A27', 'A28', 'A29', 'A30', 'A31', 'A32', 'A33', 'A34', 'A35', 'A36', 'A37', 'A38', 'A39', 'A40', 'A41', 'A42', 'A43', 'A44', 'A45', 'A46', 'A47', 'A48', 'A49', 'A50', 'A51', 'A52', 'A53', 'A54', 'A55', 'A56', 'A57', 'A58', 'A59', 'A60', 'A61', 'A62', 'A63', 'A64', 'A65', 'A66', 'A67', 'A68', 'A69', 'A70', 'A71', 'A72']
These residues will be fixed:  []
No ligand atoms parsed
Designing protein from this path: /wynton/home/rotation/geanhu/multi-state/data/string-sampling/end-states/5KPE_4_6_5.pdb
These residues will be redesigned:  ['A1', 'A2', 'A3', 'A4', 'A5', 'A6', 'A7', 'A8', 'A9', 'A10', 'A11', 'A12', 'A13', 'A14', 'A15', 'A16', 'A17', 'A18', 'A19', 'A20', 'A21', 'A22', 'A23', 'A24', 'A25', 'A26', 'A27', 'A28', 'A29', 'A30', 'A31', 'A32', 'A33', 'A34', 'A35', 'A36', 'A37', 'A38', 'A39', 'A40', 'A41', 'A42', 'A43', 'A44', 'A45', 'A46', 'A47', 'A48', 'A49', 'A50', 'A51', 'A52', 'A53', 'A54', 'A55', 'A56', 'A57', 'A58', 'A59', 'A60', 'A61', 'A62', 'A63', 'A64', 'A65', 'A66', 'A67', 'A68', 'A69', 'A70', 'A71', 'A72', 'A73', 'A74', 'A75', 'A76', 'A77', 'A78', 'A79', 'A80', 'A81', 'A82', 'A83', 'A84', 'A85', 'A86', 'A87', 'A88', 'A89', 'A90', 'A91', 'A92', 'A93', 'A94', 'A95', 'A96', 'A97', 'A98', 'A99', 'A100', 'A101', 'A102', 'A103', 'A104', 'A105', 'A106', 'A107', 'A108']
These residues will be fixed:  []
No ligand atoms parsed
Designing protein from this path: /wynton/home/rotation/geanhu/multi-state/data/string-sampling/end-states/5KPH_2_6_0.pdb
These residues will be redesigned:  ['A1', 'A2', 'A3', 'A4', 'A5', 'A6', 'A7', 'A8', 'A9', 'A10', 'A11', 'A12', 'A13', 'A14', 'A15', 'A16', 'A17', 'A18', 'A19', 'A20', 'A21', 'A22', 'A23', 'A24', 'A25', 'A26', 'A27', 'A28', 'A29', 'A30', 'A31', 'A32', 'A33', 'A34', 'A35', 'A36', 'A37', 'A38', 'A39', 'A40', 'A41', 'A42', 'A43', 'A44', 'A45', 'A46', 'A47', 'A48', 'A49', 'A50', 'A51', 'A52', 'A53', 'A54', 'A55', 'A56', 'A57', 'A58', 'A59', 'A60', 'A61', 'A62', 'A63', 'A64', 'A65', 'A66', 'A67', 'A68', 'A69', 'A70', 'A71', 'A72']
These residues will be fixed:  []
No ligand atoms parsed
Designing protein from this path: /wynton/home/rotation/geanhu/multi-state/data/string-sampling/end-states/5KPE_8_2_9.pdb
These residues will be redesigned:  ['A1', 'A2', 'A3', 'A4', 'A5', 'A6', 'A7', 'A8', 'A9', 'A10', 'A11', 'A12', 'A13', 'A14', 'A15', 'A16', 'A17', 'A18', 'A19', 'A20', 'A21', 'A22', 'A23', 'A24', 'A25', 'A26', 'A27', 'A28', 'A29', 'A30', 'A31', 'A32', 'A33', 'A34', 'A35', 'A36', 'A37', 'A38', 'A39', 'A40', 'A41', 'A42', 'A43', 'A44', 'A45', 'A46', 'A47', 'A48', 'A49', 'A50', 'A51', 'A52', 'A53', 'A54', 'A55', 'A56', 'A57', 'A58', 'A59', 'A60', 'A61', 'A62', 'A63', 'A64', 'A65', 'A66', 'A67', 'A68', 'A69', 'A70', 'A71', 'A72', 'A73', 'A74', 'A75', 'A76', 'A77', 'A78', 'A79', 'A80', 'A81', 'A82', 'A83', 'A84', 'A85', 'A86', 'A87', 'A88', 'A89', 'A90', 'A91', 'A92', 'A93', 'A94', 'A95', 'A96', 'A97', 'A98', 'A99', 'A100', 'A101', 'A102', 'A103', 'A104', 'A105', 'A106', 'A107', 'A108']
These residues will be fixed:  []
No ligand atoms parsed
Designing protein from this path: /wynton/home/rotation/geanhu/multi-state/data/string-sampling/end-states/5KPH_2_4_7.pdb
These residues will be redesigned:  ['A1', 'A2', 'A3', 'A4', 'A5', 'A6', 'A7', 'A8', 'A9', 'A10', 'A11', 'A12', 'A13', 'A14', 'A15', 'A16', 'A17', 'A18', 'A19', 'A20', 'A21', 'A22', 'A23', 'A24', 'A25', 'A26', 'A27', 'A28', 'A29', 'A30', 'A31', 'A32', 'A33', 'A34', 'A35', 'A36', 'A37', 'A38', 'A39', 'A40', 'A41', 'A42', 'A43', 'A44', 'A45', 'A46', 'A47', 'A48', 'A49', 'A50', 'A51', 'A52', 'A53', 'A54', 'A55', 'A56', 'A57', 'A58', 'A59', 'A60', 'A61', 'A62', 'A63', 'A64', 'A65', 'A66', 'A67', 'A68', 'A69', 'A70', 'A71', 'A72']
These residues will be fixed:  []
No ligand atoms parsed
Designing protein from this path: /wynton/home/rotation/geanhu/multi-state/data/string-sampling/end-states/5KPH_6_8_5.pdb
These residues will be redesigned:  ['A1', 'A2', 'A3', 'A4', 'A5', 'A6', 'A7', 'A8', 'A9', 'A10', 'A11', 'A12', 'A13', 'A14', 'A15', 'A16', 'A17', 'A18', 'A19', 'A20', 'A21', 'A22', 'A23', 'A24', 'A25', 'A26', 'A27', 'A28', 'A29', 'A30', 'A31', 'A32', 'A33', 'A34', 'A35', 'A36', 'A37', 'A38', 'A39', 'A40', 'A41', 'A42', 'A43', 'A44', 'A45', 'A46', 'A47', 'A48', 'A49', 'A50', 'A51', 'A52', 'A53', 'A54', 'A55', 'A56', 'A57', 'A58', 'A59', 'A60', 'A61', 'A62', 'A63', 'A64', 'A65', 'A66', 'A67', 'A68', 'A69', 'A70', 'A71', 'A72']
These residues will be fixed:  []
No ligand atoms parsed
Designing protein from this path: /wynton/home/rotation/geanhu/multi-state/data/string-sampling/end-states/5KPE_2_6_8.pdb
These residues will be redesigned:  ['A1', 'A2', 'A3', 'A4', 'A5', 'A6', 'A7', 'A8', 'A9', 'A10', 'A11', 'A12', 'A13', 'A14', 'A15', 'A16', 'A17', 'A18', 'A19', 'A20', 'A21', 'A22', 'A23', 'A24', 'A25', 'A26', 'A27', 'A28', 'A29', 'A30', 'A31', 'A32', 'A33', 'A34', 'A35', 'A36', 'A37', 'A38', 'A39', 'A40', 'A41', 'A42', 'A43', 'A44', 'A45', 'A46', 'A47', 'A48', 'A49', 'A50', 'A51', 'A52', 'A53', 'A54', 'A55', 'A56', 'A57', 'A58', 'A59', 'A60', 'A61', 'A62', 'A63', 'A64', 'A65', 'A66', 'A67', 'A68', 'A69', 'A70', 'A71', 'A72', 'A73', 'A74', 'A75', 'A76', 'A77', 'A78', 'A79', 'A80', 'A81', 'A82', 'A83', 'A84', 'A85', 'A86', 'A87', 'A88', 'A89', 'A90', 'A91', 'A92', 'A93', 'A94', 'A95', 'A96', 'A97', 'A98', 'A99', 'A100', 'A101', 'A102', 'A103', 'A104', 'A105', 'A106', 'A107', 'A108']
These residues will be fixed:  []
No ligand atoms parsed
Designing protein from this path: /wynton/home/rotation/geanhu/multi-state/data/string-sampling/end-states/5KPE_8_2_5.pdb
These residues will be redesigned:  ['A1', 'A2', 'A3', 'A4', 'A5', 'A6', 'A7', 'A8', 'A9', 'A10', 'A11', 'A12', 'A13', 'A14', 'A15', 'A16', 'A17', 'A18', 'A19', 'A20', 'A21', 'A22', 'A23', 'A24', 'A25', 'A26', 'A27', 'A28', 'A29', 'A30', 'A31', 'A32', 'A33', 'A34', 'A35', 'A36', 'A37', 'A38', 'A39', 'A40', 'A41', 'A42', 'A43', 'A44', 'A45', 'A46', 'A47', 'A48', 'A49', 'A50', 'A51', 'A52', 'A53', 'A54', 'A55', 'A56', 'A57', 'A58', 'A59', 'A60', 'A61', 'A62', 'A63', 'A64', 'A65', 'A66', 'A67', 'A68', 'A69', 'A70', 'A71', 'A72', 'A73', 'A74', 'A75', 'A76', 'A77', 'A78', 'A79', 'A80', 'A81', 'A82', 'A83', 'A84', 'A85', 'A86', 'A87', 'A88', 'A89', 'A90', 'A91', 'A92', 'A93', 'A94', 'A95', 'A96', 'A97', 'A98', 'A99', 'A100', 'A101', 'A102', 'A103', 'A104', 'A105', 'A106', 'A107', 'A108']
These residues will be fixed:  []
No ligand atoms parsed
Designing protein from this path: /wynton/home/rotation/geanhu/multi-state/data/string-sampling/end-states/5KPE_6_6_7.pdb
These residues will be redesigned:  ['A1', 'A2', 'A3', 'A4', 'A5', 'A6', 'A7', 'A8', 'A9', 'A10', 'A11', 'A12', 'A13', 'A14', 'A15', 'A16', 'A17', 'A18', 'A19', 'A20', 'A21', 'A22', 'A23', 'A24', 'A25', 'A26', 'A27', 'A28', 'A29', 'A30', 'A31', 'A32', 'A33', 'A34', 'A35', 'A36', 'A37', 'A38', 'A39', 'A40', 'A41', 'A42', 'A43', 'A44', 'A45', 'A46', 'A47', 'A48', 'A49', 'A50', 'A51', 'A52', 'A53', 'A54', 'A55', 'A56', 'A57', 'A58', 'A59', 'A60', 'A61', 'A62', 'A63', 'A64', 'A65', 'A66', 'A67', 'A68', 'A69', 'A70', 'A71', 'A72', 'A73', 'A74', 'A75', 'A76', 'A77', 'A78', 'A79', 'A80', 'A81', 'A82', 'A83', 'A84', 'A85', 'A86', 'A87', 'A88', 'A89', 'A90', 'A91', 'A92', 'A93', 'A94', 'A95', 'A96', 'A97', 'A98', 'A99', 'A100', 'A101', 'A102', 'A103', 'A104', 'A105', 'A106', 'A107', 'A108']
These residues will be fixed:  []
No ligand atoms parsed
Designing protein from this path: /wynton/home/rotation/geanhu/multi-state/data/string-sampling/end-states/5KPE_8_4_7.pdb
These residues will be redesigned:  ['A1', 'A2', 'A3', 'A4', 'A5', 'A6', 'A7', 'A8', 'A9', 'A10', 'A11', 'A12', 'A13', 'A14', 'A15', 'A16', 'A17', 'A18', 'A19', 'A20', 'A21', 'A22', 'A23', 'A24', 'A25', 'A26', 'A27', 'A28', 'A29', 'A30', 'A31', 'A32', 'A33', 'A34', 'A35', 'A36', 'A37', 'A38', 'A39', 'A40', 'A41', 'A42', 'A43', 'A44', 'A45', 'A46', 'A47', 'A48', 'A49', 'A50', 'A51', 'A52', 'A53', 'A54', 'A55', 'A56', 'A57', 'A58', 'A59', 'A60', 'A61', 'A62', 'A63', 'A64', 'A65', 'A66', 'A67', 'A68', 'A69', 'A70', 'A71', 'A72', 'A73', 'A74', 'A75', 'A76', 'A77', 'A78', 'A79', 'A80', 'A81', 'A82', 'A83', 'A84', 'A85', 'A86', 'A87', 'A88', 'A89', 'A90', 'A91', 'A92', 'A93', 'A94', 'A95', 'A96', 'A97', 'A98', 'A99', 'A100', 'A101', 'A102', 'A103', 'A104', 'A105', 'A106', 'A107', 'A108']
These residues will be fixed:  []
No ligand atoms parsed
Designing protein from this path: /wynton/home/rotation/geanhu/multi-state/data/string-sampling/end-states/5KPH_8_2_5.pdb
These residues will be redesigned:  ['A1', 'A2', 'A3', 'A4', 'A5', 'A6', 'A7', 'A8', 'A9', 'A10', 'A11', 'A12', 'A13', 'A14', 'A15', 'A16', 'A17', 'A18', 'A19', 'A20', 'A21', 'A22', 'A23', 'A24', 'A25', 'A26', 'A27', 'A28', 'A29', 'A30', 'A31', 'A32', 'A33', 'A34', 'A35', 'A36', 'A37', 'A38', 'A39', 'A40', 'A41', 'A42', 'A43', 'A44', 'A45', 'A46', 'A47', 'A48', 'A49', 'A50', 'A51', 'A52', 'A53', 'A54', 'A55', 'A56', 'A57', 'A58', 'A59', 'A60', 'A61', 'A62', 'A63', 'A64', 'A65', 'A66', 'A67', 'A68', 'A69', 'A70', 'A71', 'A72']
These residues will be fixed:  []
No ligand atoms parsed
Designing protein from this path: /wynton/home/rotation/geanhu/multi-state/data/string-sampling/end-states/5KPE_4_4_5.pdb
These residues will be redesigned:  ['A1', 'A2', 'A3', 'A4', 'A5', 'A6', 'A7', 'A8', 'A9', 'A10', 'A11', 'A12', 'A13', 'A14', 'A15', 'A16', 'A17', 'A18', 'A19', 'A20', 'A21', 'A22', 'A23', 'A24', 'A25', 'A26', 'A27', 'A28', 'A29', 'A30', 'A31', 'A32', 'A33', 'A34', 'A35', 'A36', 'A37', 'A38', 'A39', 'A40', 'A41', 'A42', 'A43', 'A44', 'A45', 'A46', 'A47', 'A48', 'A49', 'A50', 'A51', 'A52', 'A53', 'A54', 'A55', 'A56', 'A57', 'A58', 'A59', 'A60', 'A61', 'A62', 'A63', 'A64', 'A65', 'A66', 'A67', 'A68', 'A69', 'A70', 'A71', 'A72', 'A73', 'A74', 'A75', 'A76', 'A77', 'A78', 'A79', 'A80', 'A81', 'A82', 'A83', 'A84', 'A85', 'A86', 'A87', 'A88', 'A89', 'A90', 'A91', 'A92', 'A93', 'A94', 'A95', 'A96', 'A97', 'A98', 'A99', 'A100', 'A101', 'A102', 'A103', 'A104', 'A105', 'A106', 'A107', 'A108']
These residues will be fixed:  []
No ligand atoms parsed
Designing protein from this path: /wynton/home/rotation/geanhu/multi-state/data/string-sampling/end-states/5KPH_6_2_4.pdb
These residues will be redesigned:  ['A1', 'A2', 'A3', 'A4', 'A5', 'A6', 'A7', 'A8', 'A9', 'A10', 'A11', 'A12', 'A13', 'A14', 'A15', 'A16', 'A17', 'A18', 'A19', 'A20', 'A21', 'A22', 'A23', 'A24', 'A25', 'A26', 'A27', 'A28', 'A29', 'A30', 'A31', 'A32', 'A33', 'A34', 'A35', 'A36', 'A37', 'A38', 'A39', 'A40', 'A41', 'A42', 'A43', 'A44', 'A45', 'A46', 'A47', 'A48', 'A49', 'A50', 'A51', 'A52', 'A53', 'A54', 'A55', 'A56', 'A57', 'A58', 'A59', 'A60', 'A61', 'A62', 'A63', 'A64', 'A65', 'A66', 'A67', 'A68', 'A69', 'A70', 'A71', 'A72']
These residues will be fixed:  []
No ligand atoms parsed
Designing protein from this path: /wynton/home/rotation/geanhu/multi-state/data/string-sampling/end-states/5KPE_8_8_1.pdb
These residues will be redesigned:  ['A1', 'A2', 'A3', 'A4', 'A5', 'A6', 'A7', 'A8', 'A9', 'A10', 'A11', 'A12', 'A13', 'A14', 'A15', 'A16', 'A17', 'A18', 'A19', 'A20', 'A21', 'A22', 'A23', 'A24', 'A25', 'A26', 'A27', 'A28', 'A29', 'A30', 'A31', 'A32', 'A33', 'A34', 'A35', 'A36', 'A37', 'A38', 'A39', 'A40', 'A41', 'A42', 'A43', 'A44', 'A45', 'A46', 'A47', 'A48', 'A49', 'A50', 'A51', 'A52', 'A53', 'A54', 'A55', 'A56', 'A57', 'A58', 'A59', 'A60', 'A61', 'A62', 'A63', 'A64', 'A65', 'A66', 'A67', 'A68', 'A69', 'A70', 'A71', 'A72', 'A73', 'A74', 'A75', 'A76', 'A77', 'A78', 'A79', 'A80', 'A81', 'A82', 'A83', 'A84', 'A85', 'A86', 'A87', 'A88', 'A89', 'A90', 'A91', 'A92', 'A93', 'A94', 'A95', 'A96', 'A97', 'A98', 'A99', 'A100', 'A101', 'A102', 'A103', 'A104', 'A105', 'A106', 'A107', 'A108']
These residues will be fixed:  []
No ligand atoms parsed
Designing protein from this path: /wynton/home/rotation/geanhu/multi-state/data/string-sampling/end-states/5KPH_8_8_2.pdb
These residues will be redesigned:  ['A1', 'A2', 'A3', 'A4', 'A5', 'A6', 'A7', 'A8', 'A9', 'A10', 'A11', 'A12', 'A13', 'A14', 'A15', 'A16', 'A17', 'A18', 'A19', 'A20', 'A21', 'A22', 'A23', 'A24', 'A25', 'A26', 'A27', 'A28', 'A29', 'A30', 'A31', 'A32', 'A33', 'A34', 'A35', 'A36', 'A37', 'A38', 'A39', 'A40', 'A41', 'A42', 'A43', 'A44', 'A45', 'A46', 'A47', 'A48', 'A49', 'A50', 'A51', 'A52', 'A53', 'A54', 'A55', 'A56', 'A57', 'A58', 'A59', 'A60', 'A61', 'A62', 'A63', 'A64', 'A65', 'A66', 'A67', 'A68', 'A69', 'A70', 'A71', 'A72']
These residues will be fixed:  []
No ligand atoms parsed
Designing protein from this path: /wynton/home/rotation/geanhu/multi-state/data/string-sampling/end-states/5KPH_8_2_3.pdb
These residues will be redesigned:  ['A1', 'A2', 'A3', 'A4', 'A5', 'A6', 'A7', 'A8', 'A9', 'A10', 'A11', 'A12', 'A13', 'A14', 'A15', 'A16', 'A17', 'A18', 'A19', 'A20', 'A21', 'A22', 'A23', 'A24', 'A25', 'A26', 'A27', 'A28', 'A29', 'A30', 'A31', 'A32', 'A33', 'A34', 'A35', 'A36', 'A37', 'A38', 'A39', 'A40', 'A41', 'A42', 'A43', 'A44', 'A45', 'A46', 'A47', 'A48', 'A49', 'A50', 'A51', 'A52', 'A53', 'A54', 'A55', 'A56', 'A57', 'A58', 'A59', 'A60', 'A61', 'A62', 'A63', 'A64', 'A65', 'A66', 'A67', 'A68', 'A69', 'A70', 'A71', 'A72']
These residues will be fixed:  []
No ligand atoms parsed
Designing protein from this path: /wynton/home/rotation/geanhu/multi-state/data/string-sampling/end-states/5KPE_8_8_3.pdb
These residues will be redesigned:  ['A1', 'A2', 'A3', 'A4', 'A5', 'A6', 'A7', 'A8', 'A9', 'A10', 'A11', 'A12', 'A13', 'A14', 'A15', 'A16', 'A17', 'A18', 'A19', 'A20', 'A21', 'A22', 'A23', 'A24', 'A25', 'A26', 'A27', 'A28', 'A29', 'A30', 'A31', 'A32', 'A33', 'A34', 'A35', 'A36', 'A37', 'A38', 'A39', 'A40', 'A41', 'A42', 'A43', 'A44', 'A45', 'A46', 'A47', 'A48', 'A49', 'A50', 'A51', 'A52', 'A53', 'A54', 'A55', 'A56', 'A57', 'A58', 'A59', 'A60', 'A61', 'A62', 'A63', 'A64', 'A65', 'A66', 'A67', 'A68', 'A69', 'A70', 'A71', 'A72', 'A73', 'A74', 'A75', 'A76', 'A77', 'A78', 'A79', 'A80', 'A81', 'A82', 'A83', 'A84', 'A85', 'A86', 'A87', 'A88', 'A89', 'A90', 'A91', 'A92', 'A93', 'A94', 'A95', 'A96', 'A97', 'A98', 'A99', 'A100', 'A101', 'A102', 'A103', 'A104', 'A105', 'A106', 'A107', 'A108']
These residues will be fixed:  []
No ligand atoms parsed
Designing protein from this path: /wynton/home/rotation/geanhu/multi-state/data/string-sampling/end-states/5KPE_8_4_3.pdb
These residues will be redesigned:  ['A1', 'A2', 'A3', 'A4', 'A5', 'A6', 'A7', 'A8', 'A9', 'A10', 'A11', 'A12', 'A13', 'A14', 'A15', 'A16', 'A17', 'A18', 'A19', 'A20', 'A21', 'A22', 'A23', 'A24', 'A25', 'A26', 'A27', 'A28', 'A29', 'A30', 'A31', 'A32', 'A33', 'A34', 'A35', 'A36', 'A37', 'A38', 'A39', 'A40', 'A41', 'A42', 'A43', 'A44', 'A45', 'A46', 'A47', 'A48', 'A49', 'A50', 'A51', 'A52', 'A53', 'A54', 'A55', 'A56', 'A57', 'A58', 'A59', 'A60', 'A61', 'A62', 'A63', 'A64', 'A65', 'A66', 'A67', 'A68', 'A69', 'A70', 'A71', 'A72', 'A73', 'A74', 'A75', 'A76', 'A77', 'A78', 'A79', 'A80', 'A81', 'A82', 'A83', 'A84', 'A85', 'A86', 'A87', 'A88', 'A89', 'A90', 'A91', 'A92', 'A93', 'A94', 'A95', 'A96', 'A97', 'A98', 'A99', 'A100', 'A101', 'A102', 'A103', 'A104', 'A105', 'A106', 'A107', 'A108']
These residues will be fixed:  []
No ligand atoms parsed
Designing protein from this path: /wynton/home/rotation/geanhu/multi-state/data/string-sampling/end-states/5KPH_4_8_1.pdb
These residues will be redesigned:  ['A1', 'A2', 'A3', 'A4', 'A5', 'A6', 'A7', 'A8', 'A9', 'A10', 'A11', 'A12', 'A13', 'A14', 'A15', 'A16', 'A17', 'A18', 'A19', 'A20', 'A21', 'A22', 'A23', 'A24', 'A25', 'A26', 'A27', 'A28', 'A29', 'A30', 'A31', 'A32', 'A33', 'A34', 'A35', 'A36', 'A37', 'A38', 'A39', 'A40', 'A41', 'A42', 'A43', 'A44', 'A45', 'A46', 'A47', 'A48', 'A49', 'A50', 'A51', 'A52', 'A53', 'A54', 'A55', 'A56', 'A57', 'A58', 'A59', 'A60', 'A61', 'A62', 'A63', 'A64', 'A65', 'A66', 'A67', 'A68', 'A69', 'A70', 'A71', 'A72']
These residues will be fixed:  []
No ligand atoms parsed
Designing protein from this path: /wynton/home/rotation/geanhu/multi-state/data/string-sampling/end-states/5KPE_8_4_6.pdb
These residues will be redesigned:  ['A1', 'A2', 'A3', 'A4', 'A5', 'A6', 'A7', 'A8', 'A9', 'A10', 'A11', 'A12', 'A13', 'A14', 'A15', 'A16', 'A17', 'A18', 'A19', 'A20', 'A21', 'A22', 'A23', 'A24', 'A25', 'A26', 'A27', 'A28', 'A29', 'A30', 'A31', 'A32', 'A33', 'A34', 'A35', 'A36', 'A37', 'A38', 'A39', 'A40', 'A41', 'A42', 'A43', 'A44', 'A45', 'A46', 'A47', 'A48', 'A49', 'A50', 'A51', 'A52', 'A53', 'A54', 'A55', 'A56', 'A57', 'A58', 'A59', 'A60', 'A61', 'A62', 'A63', 'A64', 'A65', 'A66', 'A67', 'A68', 'A69', 'A70', 'A71', 'A72', 'A73', 'A74', 'A75', 'A76', 'A77', 'A78', 'A79', 'A80', 'A81', 'A82', 'A83', 'A84', 'A85', 'A86', 'A87', 'A88', 'A89', 'A90', 'A91', 'A92', 'A93', 'A94', 'A95', 'A96', 'A97', 'A98', 'A99', 'A100', 'A101', 'A102', 'A103', 'A104', 'A105', 'A106', 'A107', 'A108']
These residues will be fixed:  []
No ligand atoms parsed
Designing protein from this path: /wynton/home/rotation/geanhu/multi-state/data/string-sampling/end-states/5KPE_4_2_1.pdb
These residues will be redesigned:  ['A1', 'A2', 'A3', 'A4', 'A5', 'A6', 'A7', 'A8', 'A9', 'A10', 'A11', 'A12', 'A13', 'A14', 'A15', 'A16', 'A17', 'A18', 'A19', 'A20', 'A21', 'A22', 'A23', 'A24', 'A25', 'A26', 'A27', 'A28', 'A29', 'A30', 'A31', 'A32', 'A33', 'A34', 'A35', 'A36', 'A37', 'A38', 'A39', 'A40', 'A41', 'A42', 'A43', 'A44', 'A45', 'A46', 'A47', 'A48', 'A49', 'A50', 'A51', 'A52', 'A53', 'A54', 'A55', 'A56', 'A57', 'A58', 'A59', 'A60', 'A61', 'A62', 'A63', 'A64', 'A65', 'A66', 'A67', 'A68', 'A69', 'A70', 'A71', 'A72', 'A73', 'A74', 'A75', 'A76', 'A77', 'A78', 'A79', 'A80', 'A81', 'A82', 'A83', 'A84', 'A85', 'A86', 'A87', 'A88', 'A89', 'A90', 'A91', 'A92', 'A93', 'A94', 'A95', 'A96', 'A97', 'A98', 'A99', 'A100', 'A101', 'A102', 'A103', 'A104', 'A105', 'A106', 'A107', 'A108']
These residues will be fixed:  []
No ligand atoms parsed
Designing protein from this path: /wynton/home/rotation/geanhu/multi-state/data/string-sampling/end-states/5KPE_2_6_9.pdb
These residues will be redesigned:  ['A1', 'A2', 'A3', 'A4', 'A5', 'A6', 'A7', 'A8', 'A9', 'A10', 'A11', 'A12', 'A13', 'A14', 'A15', 'A16', 'A17', 'A18', 'A19', 'A20', 'A21', 'A22', 'A23', 'A24', 'A25', 'A26', 'A27', 'A28', 'A29', 'A30', 'A31', 'A32', 'A33', 'A34', 'A35', 'A36', 'A37', 'A38', 'A39', 'A40', 'A41', 'A42', 'A43', 'A44', 'A45', 'A46', 'A47', 'A48', 'A49', 'A50', 'A51', 'A52', 'A53', 'A54', 'A55', 'A56', 'A57', 'A58', 'A59', 'A60', 'A61', 'A62', 'A63', 'A64', 'A65', 'A66', 'A67', 'A68', 'A69', 'A70', 'A71', 'A72', 'A73', 'A74', 'A75', 'A76', 'A77', 'A78', 'A79', 'A80', 'A81', 'A82', 'A83', 'A84', 'A85', 'A86', 'A87', 'A88', 'A89', 'A90', 'A91', 'A92', 'A93', 'A94', 'A95', 'A96', 'A97', 'A98', 'A99', 'A100', 'A101', 'A102', 'A103', 'A104', 'A105', 'A106', 'A107', 'A108']
These residues will be fixed:  []
No ligand atoms parsed
Designing protein from this path: /wynton/home/rotation/geanhu/multi-state/data/string-sampling/end-states/5KPE_2_8_6.pdb
These residues will be redesigned:  ['A1', 'A2', 'A3', 'A4', 'A5', 'A6', 'A7', 'A8', 'A9', 'A10', 'A11', 'A12', 'A13', 'A14', 'A15', 'A16', 'A17', 'A18', 'A19', 'A20', 'A21', 'A22', 'A23', 'A24', 'A25', 'A26', 'A27', 'A28', 'A29', 'A30', 'A31', 'A32', 'A33', 'A34', 'A35', 'A36', 'A37', 'A38', 'A39', 'A40', 'A41', 'A42', 'A43', 'A44', 'A45', 'A46', 'A47', 'A48', 'A49', 'A50', 'A51', 'A52', 'A53', 'A54', 'A55', 'A56', 'A57', 'A58', 'A59', 'A60', 'A61', 'A62', 'A63', 'A64', 'A65', 'A66', 'A67', 'A68', 'A69', 'A70', 'A71', 'A72', 'A73', 'A74', 'A75', 'A76', 'A77', 'A78', 'A79', 'A80', 'A81', 'A82', 'A83', 'A84', 'A85', 'A86', 'A87', 'A88', 'A89', 'A90', 'A91', 'A92', 'A93', 'A94', 'A95', 'A96', 'A97', 'A98', 'A99', 'A100', 'A101', 'A102', 'A103', 'A104', 'A105', 'A106', 'A107', 'A108']
These residues will be fixed:  []
No ligand atoms parsed
Designing protein from this path: /wynton/home/rotation/geanhu/multi-state/data/string-sampling/end-states/5KPE_4_6_7.pdb
These residues will be redesigned:  ['A1', 'A2', 'A3', 'A4', 'A5', 'A6', 'A7', 'A8', 'A9', 'A10', 'A11', 'A12', 'A13', 'A14', 'A15', 'A16', 'A17', 'A18', 'A19', 'A20', 'A21', 'A22', 'A23', 'A24', 'A25', 'A26', 'A27', 'A28', 'A29', 'A30', 'A31', 'A32', 'A33', 'A34', 'A35', 'A36', 'A37', 'A38', 'A39', 'A40', 'A41', 'A42', 'A43', 'A44', 'A45', 'A46', 'A47', 'A48', 'A49', 'A50', 'A51', 'A52', 'A53', 'A54', 'A55', 'A56', 'A57', 'A58', 'A59', 'A60', 'A61', 'A62', 'A63', 'A64', 'A65', 'A66', 'A67', 'A68', 'A69', 'A70', 'A71', 'A72', 'A73', 'A74', 'A75', 'A76', 'A77', 'A78', 'A79', 'A80', 'A81', 'A82', 'A83', 'A84', 'A85', 'A86', 'A87', 'A88', 'A89', 'A90', 'A91', 'A92', 'A93', 'A94', 'A95', 'A96', 'A97', 'A98', 'A99', 'A100', 'A101', 'A102', 'A103', 'A104', 'A105', 'A106', 'A107', 'A108']
These residues will be fixed:  []
No ligand atoms parsed
Designing protein from this path: /wynton/home/rotation/geanhu/multi-state/data/string-sampling/end-states/5KPH_2_4_0.pdb
These residues will be redesigned:  ['A1', 'A2', 'A3', 'A4', 'A5', 'A6', 'A7', 'A8', 'A9', 'A10', 'A11', 'A12', 'A13', 'A14', 'A15', 'A16', 'A17', 'A18', 'A19', 'A20', 'A21', 'A22', 'A23', 'A24', 'A25', 'A26', 'A27', 'A28', 'A29', 'A30', 'A31', 'A32', 'A33', 'A34', 'A35', 'A36', 'A37', 'A38', 'A39', 'A40', 'A41', 'A42', 'A43', 'A44', 'A45', 'A46', 'A47', 'A48', 'A49', 'A50', 'A51', 'A52', 'A53', 'A54', 'A55', 'A56', 'A57', 'A58', 'A59', 'A60', 'A61', 'A62', 'A63', 'A64', 'A65', 'A66', 'A67', 'A68', 'A69', 'A70', 'A71', 'A72']
These residues will be fixed:  []
No ligand atoms parsed
Designing protein from this path: /wynton/home/rotation/geanhu/multi-state/data/string-sampling/end-states/5KPH_6_2_0.pdb
These residues will be redesigned:  ['A1', 'A2', 'A3', 'A4', 'A5', 'A6', 'A7', 'A8', 'A9', 'A10', 'A11', 'A12', 'A13', 'A14', 'A15', 'A16', 'A17', 'A18', 'A19', 'A20', 'A21', 'A22', 'A23', 'A24', 'A25', 'A26', 'A27', 'A28', 'A29', 'A30', 'A31', 'A32', 'A33', 'A34', 'A35', 'A36', 'A37', 'A38', 'A39', 'A40', 'A41', 'A42', 'A43', 'A44', 'A45', 'A46', 'A47', 'A48', 'A49', 'A50', 'A51', 'A52', 'A53', 'A54', 'A55', 'A56', 'A57', 'A58', 'A59', 'A60', 'A61', 'A62', 'A63', 'A64', 'A65', 'A66', 'A67', 'A68', 'A69', 'A70', 'A71', 'A72']
These residues will be fixed:  []
No ligand atoms parsed
Designing protein from this path: /wynton/home/rotation/geanhu/multi-state/data/string-sampling/end-states/5KPH_4_8_9.pdb
These residues will be redesigned:  ['A1', 'A2', 'A3', 'A4', 'A5', 'A6', 'A7', 'A8', 'A9', 'A10', 'A11', 'A12', 'A13', 'A14', 'A15', 'A16', 'A17', 'A18', 'A19', 'A20', 'A21', 'A22', 'A23', 'A24', 'A25', 'A26', 'A27', 'A28', 'A29', 'A30', 'A31', 'A32', 'A33', 'A34', 'A35', 'A36', 'A37', 'A38', 'A39', 'A40', 'A41', 'A42', 'A43', 'A44', 'A45', 'A46', 'A47', 'A48', 'A49', 'A50', 'A51', 'A52', 'A53', 'A54', 'A55', 'A56', 'A57', 'A58', 'A59', 'A60', 'A61', 'A62', 'A63', 'A64', 'A65', 'A66', 'A67', 'A68', 'A69', 'A70', 'A71', 'A72']
These residues will be fixed:  []
No ligand atoms parsed
Designing protein from this path: /wynton/home/rotation/geanhu/multi-state/data/string-sampling/end-states/5KPE_6_4_1.pdb
These residues will be redesigned:  ['A1', 'A2', 'A3', 'A4', 'A5', 'A6', 'A7', 'A8', 'A9', 'A10', 'A11', 'A12', 'A13', 'A14', 'A15', 'A16', 'A17', 'A18', 'A19', 'A20', 'A21', 'A22', 'A23', 'A24', 'A25', 'A26', 'A27', 'A28', 'A29', 'A30', 'A31', 'A32', 'A33', 'A34', 'A35', 'A36', 'A37', 'A38', 'A39', 'A40', 'A41', 'A42', 'A43', 'A44', 'A45', 'A46', 'A47', 'A48', 'A49', 'A50', 'A51', 'A52', 'A53', 'A54', 'A55', 'A56', 'A57', 'A58', 'A59', 'A60', 'A61', 'A62', 'A63', 'A64', 'A65', 'A66', 'A67', 'A68', 'A69', 'A70', 'A71', 'A72', 'A73', 'A74', 'A75', 'A76', 'A77', 'A78', 'A79', 'A80', 'A81', 'A82', 'A83', 'A84', 'A85', 'A86', 'A87', 'A88', 'A89', 'A90', 'A91', 'A92', 'A93', 'A94', 'A95', 'A96', 'A97', 'A98', 'A99', 'A100', 'A101', 'A102', 'A103', 'A104', 'A105', 'A106', 'A107', 'A108']
These residues will be fixed:  []
No ligand atoms parsed
Designing protein from this path: /wynton/home/rotation/geanhu/multi-state/data/string-sampling/end-states/5KPE_6_6_5.pdb
These residues will be redesigned:  ['A1', 'A2', 'A3', 'A4', 'A5', 'A6', 'A7', 'A8', 'A9', 'A10', 'A11', 'A12', 'A13', 'A14', 'A15', 'A16', 'A17', 'A18', 'A19', 'A20', 'A21', 'A22', 'A23', 'A24', 'A25', 'A26', 'A27', 'A28', 'A29', 'A30', 'A31', 'A32', 'A33', 'A34', 'A35', 'A36', 'A37', 'A38', 'A39', 'A40', 'A41', 'A42', 'A43', 'A44', 'A45', 'A46', 'A47', 'A48', 'A49', 'A50', 'A51', 'A52', 'A53', 'A54', 'A55', 'A56', 'A57', 'A58', 'A59', 'A60', 'A61', 'A62', 'A63', 'A64', 'A65', 'A66', 'A67', 'A68', 'A69', 'A70', 'A71', 'A72', 'A73', 'A74', 'A75', 'A76', 'A77', 'A78', 'A79', 'A80', 'A81', 'A82', 'A83', 'A84', 'A85', 'A86', 'A87', 'A88', 'A89', 'A90', 'A91', 'A92', 'A93', 'A94', 'A95', 'A96', 'A97', 'A98', 'A99', 'A100', 'A101', 'A102', 'A103', 'A104', 'A105', 'A106', 'A107', 'A108']
These residues will be fixed:  []
No ligand atoms parsed
Designing protein from this path: /wynton/home/rotation/geanhu/multi-state/data/string-sampling/end-states/5KPH_6_4_0.pdb
These residues will be redesigned:  ['A1', 'A2', 'A3', 'A4', 'A5', 'A6', 'A7', 'A8', 'A9', 'A10', 'A11', 'A12', 'A13', 'A14', 'A15', 'A16', 'A17', 'A18', 'A19', 'A20', 'A21', 'A22', 'A23', 'A24', 'A25', 'A26', 'A27', 'A28', 'A29', 'A30', 'A31', 'A32', 'A33', 'A34', 'A35', 'A36', 'A37', 'A38', 'A39', 'A40', 'A41', 'A42', 'A43', 'A44', 'A45', 'A46', 'A47', 'A48', 'A49', 'A50', 'A51', 'A52', 'A53', 'A54', 'A55', 'A56', 'A57', 'A58', 'A59', 'A60', 'A61', 'A62', 'A63', 'A64', 'A65', 'A66', 'A67', 'A68', 'A69', 'A70', 'A71', 'A72']
These residues will be fixed:  []
No ligand atoms parsed
Designing protein from this path: /wynton/home/rotation/geanhu/multi-state/data/string-sampling/end-states/5KPE_2_2_0.pdb
These residues will be redesigned:  ['A1', 'A2', 'A3', 'A4', 'A5', 'A6', 'A7', 'A8', 'A9', 'A10', 'A11', 'A12', 'A13', 'A14', 'A15', 'A16', 'A17', 'A18', 'A19', 'A20', 'A21', 'A22', 'A23', 'A24', 'A25', 'A26', 'A27', 'A28', 'A29', 'A30', 'A31', 'A32', 'A33', 'A34', 'A35', 'A36', 'A37', 'A38', 'A39', 'A40', 'A41', 'A42', 'A43', 'A44', 'A45', 'A46', 'A47', 'A48', 'A49', 'A50', 'A51', 'A52', 'A53', 'A54', 'A55', 'A56', 'A57', 'A58', 'A59', 'A60', 'A61', 'A62', 'A63', 'A64', 'A65', 'A66', 'A67', 'A68', 'A69', 'A70', 'A71', 'A72', 'A73', 'A74', 'A75', 'A76', 'A77', 'A78', 'A79', 'A80', 'A81', 'A82', 'A83', 'A84', 'A85', 'A86', 'A87', 'A88', 'A89', 'A90', 'A91', 'A92', 'A93', 'A94', 'A95', 'A96', 'A97', 'A98', 'A99', 'A100', 'A101', 'A102', 'A103', 'A104', 'A105', 'A106', 'A107', 'A108']
These residues will be fixed:  []
No ligand atoms parsed
Designing protein from this path: /wynton/home/rotation/geanhu/multi-state/data/string-sampling/end-states/5KPE_6_8_8.pdb
These residues will be redesigned:  ['A1', 'A2', 'A3', 'A4', 'A5', 'A6', 'A7', 'A8', 'A9', 'A10', 'A11', 'A12', 'A13', 'A14', 'A15', 'A16', 'A17', 'A18', 'A19', 'A20', 'A21', 'A22', 'A23', 'A24', 'A25', 'A26', 'A27', 'A28', 'A29', 'A30', 'A31', 'A32', 'A33', 'A34', 'A35', 'A36', 'A37', 'A38', 'A39', 'A40', 'A41', 'A42', 'A43', 'A44', 'A45', 'A46', 'A47', 'A48', 'A49', 'A50', 'A51', 'A52', 'A53', 'A54', 'A55', 'A56', 'A57', 'A58', 'A59', 'A60', 'A61', 'A62', 'A63', 'A64', 'A65', 'A66', 'A67', 'A68', 'A69', 'A70', 'A71', 'A72', 'A73', 'A74', 'A75', 'A76', 'A77', 'A78', 'A79', 'A80', 'A81', 'A82', 'A83', 'A84', 'A85', 'A86', 'A87', 'A88', 'A89', 'A90', 'A91', 'A92', 'A93', 'A94', 'A95', 'A96', 'A97', 'A98', 'A99', 'A100', 'A101', 'A102', 'A103', 'A104', 'A105', 'A106', 'A107', 'A108']
These residues will be fixed:  []
No ligand atoms parsed
Designing protein from this path: /wynton/home/rotation/geanhu/multi-state/data/string-sampling/end-states/5KPE_2_4_3.pdb
These residues will be redesigned:  ['A1', 'A2', 'A3', 'A4', 'A5', 'A6', 'A7', 'A8', 'A9', 'A10', 'A11', 'A12', 'A13', 'A14', 'A15', 'A16', 'A17', 'A18', 'A19', 'A20', 'A21', 'A22', 'A23', 'A24', 'A25', 'A26', 'A27', 'A28', 'A29', 'A30', 'A31', 'A32', 'A33', 'A34', 'A35', 'A36', 'A37', 'A38', 'A39', 'A40', 'A41', 'A42', 'A43', 'A44', 'A45', 'A46', 'A47', 'A48', 'A49', 'A50', 'A51', 'A52', 'A53', 'A54', 'A55', 'A56', 'A57', 'A58', 'A59', 'A60', 'A61', 'A62', 'A63', 'A64', 'A65', 'A66', 'A67', 'A68', 'A69', 'A70', 'A71', 'A72', 'A73', 'A74', 'A75', 'A76', 'A77', 'A78', 'A79', 'A80', 'A81', 'A82', 'A83', 'A84', 'A85', 'A86', 'A87', 'A88', 'A89', 'A90', 'A91', 'A92', 'A93', 'A94', 'A95', 'A96', 'A97', 'A98', 'A99', 'A100', 'A101', 'A102', 'A103', 'A104', 'A105', 'A106', 'A107', 'A108']
These residues will be fixed:  []
No ligand atoms parsed
Designing protein from this path: /wynton/home/rotation/geanhu/multi-state/data/string-sampling/end-states/5KPE_4_8_7.pdb
These residues will be redesigned:  ['A1', 'A2', 'A3', 'A4', 'A5', 'A6', 'A7', 'A8', 'A9', 'A10', 'A11', 'A12', 'A13', 'A14', 'A15', 'A16', 'A17', 'A18', 'A19', 'A20', 'A21', 'A22', 'A23', 'A24', 'A25', 'A26', 'A27', 'A28', 'A29', 'A30', 'A31', 'A32', 'A33', 'A34', 'A35', 'A36', 'A37', 'A38', 'A39', 'A40', 'A41', 'A42', 'A43', 'A44', 'A45', 'A46', 'A47', 'A48', 'A49', 'A50', 'A51', 'A52', 'A53', 'A54', 'A55', 'A56', 'A57', 'A58', 'A59', 'A60', 'A61', 'A62', 'A63', 'A64', 'A65', 'A66', 'A67', 'A68', 'A69', 'A70', 'A71', 'A72', 'A73', 'A74', 'A75', 'A76', 'A77', 'A78', 'A79', 'A80', 'A81', 'A82', 'A83', 'A84', 'A85', 'A86', 'A87', 'A88', 'A89', 'A90', 'A91', 'A92', 'A93', 'A94', 'A95', 'A96', 'A97', 'A98', 'A99', 'A100', 'A101', 'A102', 'A103', 'A104', 'A105', 'A106', 'A107', 'A108']
These residues will be fixed:  []
No ligand atoms parsed
Designing protein from this path: /wynton/home/rotation/geanhu/multi-state/data/string-sampling/end-states/5KPE_8_2_3.pdb
These residues will be redesigned:  ['A1', 'A2', 'A3', 'A4', 'A5', 'A6', 'A7', 'A8', 'A9', 'A10', 'A11', 'A12', 'A13', 'A14', 'A15', 'A16', 'A17', 'A18', 'A19', 'A20', 'A21', 'A22', 'A23', 'A24', 'A25', 'A26', 'A27', 'A28', 'A29', 'A30', 'A31', 'A32', 'A33', 'A34', 'A35', 'A36', 'A37', 'A38', 'A39', 'A40', 'A41', 'A42', 'A43', 'A44', 'A45', 'A46', 'A47', 'A48', 'A49', 'A50', 'A51', 'A52', 'A53', 'A54', 'A55', 'A56', 'A57', 'A58', 'A59', 'A60', 'A61', 'A62', 'A63', 'A64', 'A65', 'A66', 'A67', 'A68', 'A69', 'A70', 'A71', 'A72', 'A73', 'A74', 'A75', 'A76', 'A77', 'A78', 'A79', 'A80', 'A81', 'A82', 'A83', 'A84', 'A85', 'A86', 'A87', 'A88', 'A89', 'A90', 'A91', 'A92', 'A93', 'A94', 'A95', 'A96', 'A97', 'A98', 'A99', 'A100', 'A101', 'A102', 'A103', 'A104', 'A105', 'A106', 'A107', 'A108']
These residues will be fixed:  []
No ligand atoms parsed
Designing protein from this path: /wynton/home/rotation/geanhu/multi-state/data/string-sampling/end-states/5KPE_6_8_1.pdb
These residues will be redesigned:  ['A1', 'A2', 'A3', 'A4', 'A5', 'A6', 'A7', 'A8', 'A9', 'A10', 'A11', 'A12', 'A13', 'A14', 'A15', 'A16', 'A17', 'A18', 'A19', 'A20', 'A21', 'A22', 'A23', 'A24', 'A25', 'A26', 'A27', 'A28', 'A29', 'A30', 'A31', 'A32', 'A33', 'A34', 'A35', 'A36', 'A37', 'A38', 'A39', 'A40', 'A41', 'A42', 'A43', 'A44', 'A45', 'A46', 'A47', 'A48', 'A49', 'A50', 'A51', 'A52', 'A53', 'A54', 'A55', 'A56', 'A57', 'A58', 'A59', 'A60', 'A61', 'A62', 'A63', 'A64', 'A65', 'A66', 'A67', 'A68', 'A69', 'A70', 'A71', 'A72', 'A73', 'A74', 'A75', 'A76', 'A77', 'A78', 'A79', 'A80', 'A81', 'A82', 'A83', 'A84', 'A85', 'A86', 'A87', 'A88', 'A89', 'A90', 'A91', 'A92', 'A93', 'A94', 'A95', 'A96', 'A97', 'A98', 'A99', 'A100', 'A101', 'A102', 'A103', 'A104', 'A105', 'A106', 'A107', 'A108']
These residues will be fixed:  []
No ligand atoms parsed
Designing protein from this path: /wynton/home/rotation/geanhu/multi-state/data/string-sampling/end-states/5KPE_8_4_1.pdb
These residues will be redesigned:  ['A1', 'A2', 'A3', 'A4', 'A5', 'A6', 'A7', 'A8', 'A9', 'A10', 'A11', 'A12', 'A13', 'A14', 'A15', 'A16', 'A17', 'A18', 'A19', 'A20', 'A21', 'A22', 'A23', 'A24', 'A25', 'A26', 'A27', 'A28', 'A29', 'A30', 'A31', 'A32', 'A33', 'A34', 'A35', 'A36', 'A37', 'A38', 'A39', 'A40', 'A41', 'A42', 'A43', 'A44', 'A45', 'A46', 'A47', 'A48', 'A49', 'A50', 'A51', 'A52', 'A53', 'A54', 'A55', 'A56', 'A57', 'A58', 'A59', 'A60', 'A61', 'A62', 'A63', 'A64', 'A65', 'A66', 'A67', 'A68', 'A69', 'A70', 'A71', 'A72', 'A73', 'A74', 'A75', 'A76', 'A77', 'A78', 'A79', 'A80', 'A81', 'A82', 'A83', 'A84', 'A85', 'A86', 'A87', 'A88', 'A89', 'A90', 'A91', 'A92', 'A93', 'A94', 'A95', 'A96', 'A97', 'A98', 'A99', 'A100', 'A101', 'A102', 'A103', 'A104', 'A105', 'A106', 'A107', 'A108']
These residues will be fixed:  []
No ligand atoms parsed
Designing protein from this path: /wynton/home/rotation/geanhu/multi-state/data/string-sampling/end-states/5KPE_6_6_4.pdb
These residues will be redesigned:  ['A1', 'A2', 'A3', 'A4', 'A5', 'A6', 'A7', 'A8', 'A9', 'A10', 'A11', 'A12', 'A13', 'A14', 'A15', 'A16', 'A17', 'A18', 'A19', 'A20', 'A21', 'A22', 'A23', 'A24', 'A25', 'A26', 'A27', 'A28', 'A29', 'A30', 'A31', 'A32', 'A33', 'A34', 'A35', 'A36', 'A37', 'A38', 'A39', 'A40', 'A41', 'A42', 'A43', 'A44', 'A45', 'A46', 'A47', 'A48', 'A49', 'A50', 'A51', 'A52', 'A53', 'A54', 'A55', 'A56', 'A57', 'A58', 'A59', 'A60', 'A61', 'A62', 'A63', 'A64', 'A65', 'A66', 'A67', 'A68', 'A69', 'A70', 'A71', 'A72', 'A73', 'A74', 'A75', 'A76', 'A77', 'A78', 'A79', 'A80', 'A81', 'A82', 'A83', 'A84', 'A85', 'A86', 'A87', 'A88', 'A89', 'A90', 'A91', 'A92', 'A93', 'A94', 'A95', 'A96', 'A97', 'A98', 'A99', 'A100', 'A101', 'A102', 'A103', 'A104', 'A105', 'A106', 'A107', 'A108']
These residues will be fixed:  []
No ligand atoms parsed
Designing protein from this path: /wynton/home/rotation/geanhu/multi-state/data/string-sampling/end-states/5KPE_4_2_5.pdb
These residues will be redesigned:  ['A1', 'A2', 'A3', 'A4', 'A5', 'A6', 'A7', 'A8', 'A9', 'A10', 'A11', 'A12', 'A13', 'A14', 'A15', 'A16', 'A17', 'A18', 'A19', 'A20', 'A21', 'A22', 'A23', 'A24', 'A25', 'A26', 'A27', 'A28', 'A29', 'A30', 'A31', 'A32', 'A33', 'A34', 'A35', 'A36', 'A37', 'A38', 'A39', 'A40', 'A41', 'A42', 'A43', 'A44', 'A45', 'A46', 'A47', 'A48', 'A49', 'A50', 'A51', 'A52', 'A53', 'A54', 'A55', 'A56', 'A57', 'A58', 'A59', 'A60', 'A61', 'A62', 'A63', 'A64', 'A65', 'A66', 'A67', 'A68', 'A69', 'A70', 'A71', 'A72', 'A73', 'A74', 'A75', 'A76', 'A77', 'A78', 'A79', 'A80', 'A81', 'A82', 'A83', 'A84', 'A85', 'A86', 'A87', 'A88', 'A89', 'A90', 'A91', 'A92', 'A93', 'A94', 'A95', 'A96', 'A97', 'A98', 'A99', 'A100', 'A101', 'A102', 'A103', 'A104', 'A105', 'A106', 'A107', 'A108']
These residues will be fixed:  []
No ligand atoms parsed
Designing protein from this path: /wynton/home/rotation/geanhu/multi-state/data/string-sampling/end-states/5KPH_2_8_1.pdb
These residues will be redesigned:  ['A1', 'A2', 'A3', 'A4', 'A5', 'A6', 'A7', 'A8', 'A9', 'A10', 'A11', 'A12', 'A13', 'A14', 'A15', 'A16', 'A17', 'A18', 'A19', 'A20', 'A21', 'A22', 'A23', 'A24', 'A25', 'A26', 'A27', 'A28', 'A29', 'A30', 'A31', 'A32', 'A33', 'A34', 'A35', 'A36', 'A37', 'A38', 'A39', 'A40', 'A41', 'A42', 'A43', 'A44', 'A45', 'A46', 'A47', 'A48', 'A49', 'A50', 'A51', 'A52', 'A53', 'A54', 'A55', 'A56', 'A57', 'A58', 'A59', 'A60', 'A61', 'A62', 'A63', 'A64', 'A65', 'A66', 'A67', 'A68', 'A69', 'A70', 'A71', 'A72']
These residues will be fixed:  []
No ligand atoms parsed
Designing protein from this path: /wynton/home/rotation/geanhu/multi-state/data/string-sampling/end-states/5KPH_4_2_2.pdb
These residues will be redesigned:  ['A1', 'A2', 'A3', 'A4', 'A5', 'A6', 'A7', 'A8', 'A9', 'A10', 'A11', 'A12', 'A13', 'A14', 'A15', 'A16', 'A17', 'A18', 'A19', 'A20', 'A21', 'A22', 'A23', 'A24', 'A25', 'A26', 'A27', 'A28', 'A29', 'A30', 'A31', 'A32', 'A33', 'A34', 'A35', 'A36', 'A37', 'A38', 'A39', 'A40', 'A41', 'A42', 'A43', 'A44', 'A45', 'A46', 'A47', 'A48', 'A49', 'A50', 'A51', 'A52', 'A53', 'A54', 'A55', 'A56', 'A57', 'A58', 'A59', 'A60', 'A61', 'A62', 'A63', 'A64', 'A65', 'A66', 'A67', 'A68', 'A69', 'A70', 'A71', 'A72']
These residues will be fixed:  []
No ligand atoms parsed
Designing protein from this path: /wynton/home/rotation/geanhu/multi-state/data/string-sampling/end-states/5KPE_8_2_6.pdb
These residues will be redesigned:  ['A1', 'A2', 'A3', 'A4', 'A5', 'A6', 'A7', 'A8', 'A9', 'A10', 'A11', 'A12', 'A13', 'A14', 'A15', 'A16', 'A17', 'A18', 'A19', 'A20', 'A21', 'A22', 'A23', 'A24', 'A25', 'A26', 'A27', 'A28', 'A29', 'A30', 'A31', 'A32', 'A33', 'A34', 'A35', 'A36', 'A37', 'A38', 'A39', 'A40', 'A41', 'A42', 'A43', 'A44', 'A45', 'A46', 'A47', 'A48', 'A49', 'A50', 'A51', 'A52', 'A53', 'A54', 'A55', 'A56', 'A57', 'A58', 'A59', 'A60', 'A61', 'A62', 'A63', 'A64', 'A65', 'A66', 'A67', 'A68', 'A69', 'A70', 'A71', 'A72', 'A73', 'A74', 'A75', 'A76', 'A77', 'A78', 'A79', 'A80', 'A81', 'A82', 'A83', 'A84', 'A85', 'A86', 'A87', 'A88', 'A89', 'A90', 'A91', 'A92', 'A93', 'A94', 'A95', 'A96', 'A97', 'A98', 'A99', 'A100', 'A101', 'A102', 'A103', 'A104', 'A105', 'A106', 'A107', 'A108']
These residues will be fixed:  []
No ligand atoms parsed
Designing protein from this path: /wynton/home/rotation/geanhu/multi-state/data/string-sampling/end-states/5KPH_6_4_8.pdb
These residues will be redesigned:  ['A1', 'A2', 'A3', 'A4', 'A5', 'A6', 'A7', 'A8', 'A9', 'A10', 'A11', 'A12', 'A13', 'A14', 'A15', 'A16', 'A17', 'A18', 'A19', 'A20', 'A21', 'A22', 'A23', 'A24', 'A25', 'A26', 'A27', 'A28', 'A29', 'A30', 'A31', 'A32', 'A33', 'A34', 'A35', 'A36', 'A37', 'A38', 'A39', 'A40', 'A41', 'A42', 'A43', 'A44', 'A45', 'A46', 'A47', 'A48', 'A49', 'A50', 'A51', 'A52', 'A53', 'A54', 'A55', 'A56', 'A57', 'A58', 'A59', 'A60', 'A61', 'A62', 'A63', 'A64', 'A65', 'A66', 'A67', 'A68', 'A69', 'A70', 'A71', 'A72']
These residues will be fixed:  []
No ligand atoms parsed
Designing protein from this path: /wynton/home/rotation/geanhu/multi-state/data/string-sampling/end-states/5KPH_2_8_0.pdb
These residues will be redesigned:  ['A1', 'A2', 'A3', 'A4', 'A5', 'A6', 'A7', 'A8', 'A9', 'A10', 'A11', 'A12', 'A13', 'A14', 'A15', 'A16', 'A17', 'A18', 'A19', 'A20', 'A21', 'A22', 'A23', 'A24', 'A25', 'A26', 'A27', 'A28', 'A29', 'A30', 'A31', 'A32', 'A33', 'A34', 'A35', 'A36', 'A37', 'A38', 'A39', 'A40', 'A41', 'A42', 'A43', 'A44', 'A45', 'A46', 'A47', 'A48', 'A49', 'A50', 'A51', 'A52', 'A53', 'A54', 'A55', 'A56', 'A57', 'A58', 'A59', 'A60', 'A61', 'A62', 'A63', 'A64', 'A65', 'A66', 'A67', 'A68', 'A69', 'A70', 'A71', 'A72']
These residues will be fixed:  []
No ligand atoms parsed
Designing protein from this path: /wynton/home/rotation/geanhu/multi-state/data/string-sampling/end-states/5KPH_6_2_2.pdb
These residues will be redesigned:  ['A1', 'A2', 'A3', 'A4', 'A5', 'A6', 'A7', 'A8', 'A9', 'A10', 'A11', 'A12', 'A13', 'A14', 'A15', 'A16', 'A17', 'A18', 'A19', 'A20', 'A21', 'A22', 'A23', 'A24', 'A25', 'A26', 'A27', 'A28', 'A29', 'A30', 'A31', 'A32', 'A33', 'A34', 'A35', 'A36', 'A37', 'A38', 'A39', 'A40', 'A41', 'A42', 'A43', 'A44', 'A45', 'A46', 'A47', 'A48', 'A49', 'A50', 'A51', 'A52', 'A53', 'A54', 'A55', 'A56', 'A57', 'A58', 'A59', 'A60', 'A61', 'A62', 'A63', 'A64', 'A65', 'A66', 'A67', 'A68', 'A69', 'A70', 'A71', 'A72']
These residues will be fixed:  []
No ligand atoms parsed
Designing protein from this path: /wynton/home/rotation/geanhu/multi-state/data/string-sampling/end-states/5KPE_2_8_9.pdb
These residues will be redesigned:  ['A1', 'A2', 'A3', 'A4', 'A5', 'A6', 'A7', 'A8', 'A9', 'A10', 'A11', 'A12', 'A13', 'A14', 'A15', 'A16', 'A17', 'A18', 'A19', 'A20', 'A21', 'A22', 'A23', 'A24', 'A25', 'A26', 'A27', 'A28', 'A29', 'A30', 'A31', 'A32', 'A33', 'A34', 'A35', 'A36', 'A37', 'A38', 'A39', 'A40', 'A41', 'A42', 'A43', 'A44', 'A45', 'A46', 'A47', 'A48', 'A49', 'A50', 'A51', 'A52', 'A53', 'A54', 'A55', 'A56', 'A57', 'A58', 'A59', 'A60', 'A61', 'A62', 'A63', 'A64', 'A65', 'A66', 'A67', 'A68', 'A69', 'A70', 'A71', 'A72', 'A73', 'A74', 'A75', 'A76', 'A77', 'A78', 'A79', 'A80', 'A81', 'A82', 'A83', 'A84', 'A85', 'A86', 'A87', 'A88', 'A89', 'A90', 'A91', 'A92', 'A93', 'A94', 'A95', 'A96', 'A97', 'A98', 'A99', 'A100', 'A101', 'A102', 'A103', 'A104', 'A105', 'A106', 'A107', 'A108']
These residues will be fixed:  []
No ligand atoms parsed
Designing protein from this path: /wynton/home/rotation/geanhu/multi-state/data/string-sampling/end-states/5KPE_6_2_5.pdb
These residues will be redesigned:  ['A1', 'A2', 'A3', 'A4', 'A5', 'A6', 'A7', 'A8', 'A9', 'A10', 'A11', 'A12', 'A13', 'A14', 'A15', 'A16', 'A17', 'A18', 'A19', 'A20', 'A21', 'A22', 'A23', 'A24', 'A25', 'A26', 'A27', 'A28', 'A29', 'A30', 'A31', 'A32', 'A33', 'A34', 'A35', 'A36', 'A37', 'A38', 'A39', 'A40', 'A41', 'A42', 'A43', 'A44', 'A45', 'A46', 'A47', 'A48', 'A49', 'A50', 'A51', 'A52', 'A53', 'A54', 'A55', 'A56', 'A57', 'A58', 'A59', 'A60', 'A61', 'A62', 'A63', 'A64', 'A65', 'A66', 'A67', 'A68', 'A69', 'A70', 'A71', 'A72', 'A73', 'A74', 'A75', 'A76', 'A77', 'A78', 'A79', 'A80', 'A81', 'A82', 'A83', 'A84', 'A85', 'A86', 'A87', 'A88', 'A89', 'A90', 'A91', 'A92', 'A93', 'A94', 'A95', 'A96', 'A97', 'A98', 'A99', 'A100', 'A101', 'A102', 'A103', 'A104', 'A105', 'A106', 'A107', 'A108']
These residues will be fixed:  []
No ligand atoms parsed
Designing protein from this path: /wynton/home/rotation/geanhu/multi-state/data/string-sampling/end-states/5KPH_8_6_5.pdb
These residues will be redesigned:  ['A1', 'A2', 'A3', 'A4', 'A5', 'A6', 'A7', 'A8', 'A9', 'A10', 'A11', 'A12', 'A13', 'A14', 'A15', 'A16', 'A17', 'A18', 'A19', 'A20', 'A21', 'A22', 'A23', 'A24', 'A25', 'A26', 'A27', 'A28', 'A29', 'A30', 'A31', 'A32', 'A33', 'A34', 'A35', 'A36', 'A37', 'A38', 'A39', 'A40', 'A41', 'A42', 'A43', 'A44', 'A45', 'A46', 'A47', 'A48', 'A49', 'A50', 'A51', 'A52', 'A53', 'A54', 'A55', 'A56', 'A57', 'A58', 'A59', 'A60', 'A61', 'A62', 'A63', 'A64', 'A65', 'A66', 'A67', 'A68', 'A69', 'A70', 'A71', 'A72']
These residues will be fixed:  []
No ligand atoms parsed
Designing protein from this path: /wynton/home/rotation/geanhu/multi-state/data/string-sampling/end-states/5KPH_8_8_9.pdb
These residues will be redesigned:  ['A1', 'A2', 'A3', 'A4', 'A5', 'A6', 'A7', 'A8', 'A9', 'A10', 'A11', 'A12', 'A13', 'A14', 'A15', 'A16', 'A17', 'A18', 'A19', 'A20', 'A21', 'A22', 'A23', 'A24', 'A25', 'A26', 'A27', 'A28', 'A29', 'A30', 'A31', 'A32', 'A33', 'A34', 'A35', 'A36', 'A37', 'A38', 'A39', 'A40', 'A41', 'A42', 'A43', 'A44', 'A45', 'A46', 'A47', 'A48', 'A49', 'A50', 'A51', 'A52', 'A53', 'A54', 'A55', 'A56', 'A57', 'A58', 'A59', 'A60', 'A61', 'A62', 'A63', 'A64', 'A65', 'A66', 'A67', 'A68', 'A69', 'A70', 'A71', 'A72']
These residues will be fixed:  []
No ligand atoms parsed
Designing protein from this path: /wynton/home/rotation/geanhu/multi-state/data/string-sampling/end-states/5KPE_2_2_4.pdb
These residues will be redesigned:  ['A1', 'A2', 'A3', 'A4', 'A5', 'A6', 'A7', 'A8', 'A9', 'A10', 'A11', 'A12', 'A13', 'A14', 'A15', 'A16', 'A17', 'A18', 'A19', 'A20', 'A21', 'A22', 'A23', 'A24', 'A25', 'A26', 'A27', 'A28', 'A29', 'A30', 'A31', 'A32', 'A33', 'A34', 'A35', 'A36', 'A37', 'A38', 'A39', 'A40', 'A41', 'A42', 'A43', 'A44', 'A45', 'A46', 'A47', 'A48', 'A49', 'A50', 'A51', 'A52', 'A53', 'A54', 'A55', 'A56', 'A57', 'A58', 'A59', 'A60', 'A61', 'A62', 'A63', 'A64', 'A65', 'A66', 'A67', 'A68', 'A69', 'A70', 'A71', 'A72', 'A73', 'A74', 'A75', 'A76', 'A77', 'A78', 'A79', 'A80', 'A81', 'A82', 'A83', 'A84', 'A85', 'A86', 'A87', 'A88', 'A89', 'A90', 'A91', 'A92', 'A93', 'A94', 'A95', 'A96', 'A97', 'A98', 'A99', 'A100', 'A101', 'A102', 'A103', 'A104', 'A105', 'A106', 'A107', 'A108']
These residues will be fixed:  []
No ligand atoms parsed
Designing protein from this path: /wynton/home/rotation/geanhu/multi-state/data/string-sampling/end-states/5KPE_8_4_8.pdb
These residues will be redesigned:  ['A1', 'A2', 'A3', 'A4', 'A5', 'A6', 'A7', 'A8', 'A9', 'A10', 'A11', 'A12', 'A13', 'A14', 'A15', 'A16', 'A17', 'A18', 'A19', 'A20', 'A21', 'A22', 'A23', 'A24', 'A25', 'A26', 'A27', 'A28', 'A29', 'A30', 'A31', 'A32', 'A33', 'A34', 'A35', 'A36', 'A37', 'A38', 'A39', 'A40', 'A41', 'A42', 'A43', 'A44', 'A45', 'A46', 'A47', 'A48', 'A49', 'A50', 'A51', 'A52', 'A53', 'A54', 'A55', 'A56', 'A57', 'A58', 'A59', 'A60', 'A61', 'A62', 'A63', 'A64', 'A65', 'A66', 'A67', 'A68', 'A69', 'A70', 'A71', 'A72', 'A73', 'A74', 'A75', 'A76', 'A77', 'A78', 'A79', 'A80', 'A81', 'A82', 'A83', 'A84', 'A85', 'A86', 'A87', 'A88', 'A89', 'A90', 'A91', 'A92', 'A93', 'A94', 'A95', 'A96', 'A97', 'A98', 'A99', 'A100', 'A101', 'A102', 'A103', 'A104', 'A105', 'A106', 'A107', 'A108']
These residues will be fixed:  []
No ligand atoms parsed
Designing protein from this path: /wynton/home/rotation/geanhu/multi-state/data/string-sampling/end-states/5KPE_2_4_9.pdb
These residues will be redesigned:  ['A1', 'A2', 'A3', 'A4', 'A5', 'A6', 'A7', 'A8', 'A9', 'A10', 'A11', 'A12', 'A13', 'A14', 'A15', 'A16', 'A17', 'A18', 'A19', 'A20', 'A21', 'A22', 'A23', 'A24', 'A25', 'A26', 'A27', 'A28', 'A29', 'A30', 'A31', 'A32', 'A33', 'A34', 'A35', 'A36', 'A37', 'A38', 'A39', 'A40', 'A41', 'A42', 'A43', 'A44', 'A45', 'A46', 'A47', 'A48', 'A49', 'A50', 'A51', 'A52', 'A53', 'A54', 'A55', 'A56', 'A57', 'A58', 'A59', 'A60', 'A61', 'A62', 'A63', 'A64', 'A65', 'A66', 'A67', 'A68', 'A69', 'A70', 'A71', 'A72', 'A73', 'A74', 'A75', 'A76', 'A77', 'A78', 'A79', 'A80', 'A81', 'A82', 'A83', 'A84', 'A85', 'A86', 'A87', 'A88', 'A89', 'A90', 'A91', 'A92', 'A93', 'A94', 'A95', 'A96', 'A97', 'A98', 'A99', 'A100', 'A101', 'A102', 'A103', 'A104', 'A105', 'A106', 'A107', 'A108']
These residues will be fixed:  []
No ligand atoms parsed
Designing protein from this path: /wynton/home/rotation/geanhu/multi-state/data/string-sampling/end-states/5KPE_2_8_1.pdb
These residues will be redesigned:  ['A1', 'A2', 'A3', 'A4', 'A5', 'A6', 'A7', 'A8', 'A9', 'A10', 'A11', 'A12', 'A13', 'A14', 'A15', 'A16', 'A17', 'A18', 'A19', 'A20', 'A21', 'A22', 'A23', 'A24', 'A25', 'A26', 'A27', 'A28', 'A29', 'A30', 'A31', 'A32', 'A33', 'A34', 'A35', 'A36', 'A37', 'A38', 'A39', 'A40', 'A41', 'A42', 'A43', 'A44', 'A45', 'A46', 'A47', 'A48', 'A49', 'A50', 'A51', 'A52', 'A53', 'A54', 'A55', 'A56', 'A57', 'A58', 'A59', 'A60', 'A61', 'A62', 'A63', 'A64', 'A65', 'A66', 'A67', 'A68', 'A69', 'A70', 'A71', 'A72', 'A73', 'A74', 'A75', 'A76', 'A77', 'A78', 'A79', 'A80', 'A81', 'A82', 'A83', 'A84', 'A85', 'A86', 'A87', 'A88', 'A89', 'A90', 'A91', 'A92', 'A93', 'A94', 'A95', 'A96', 'A97', 'A98', 'A99', 'A100', 'A101', 'A102', 'A103', 'A104', 'A105', 'A106', 'A107', 'A108']
These residues will be fixed:  []
No ligand atoms parsed
Designing protein from this path: /wynton/home/rotation/geanhu/multi-state/data/string-sampling/end-states/5KPE_8_2_2.pdb
These residues will be redesigned:  ['A1', 'A2', 'A3', 'A4', 'A5', 'A6', 'A7', 'A8', 'A9', 'A10', 'A11', 'A12', 'A13', 'A14', 'A15', 'A16', 'A17', 'A18', 'A19', 'A20', 'A21', 'A22', 'A23', 'A24', 'A25', 'A26', 'A27', 'A28', 'A29', 'A30', 'A31', 'A32', 'A33', 'A34', 'A35', 'A36', 'A37', 'A38', 'A39', 'A40', 'A41', 'A42', 'A43', 'A44', 'A45', 'A46', 'A47', 'A48', 'A49', 'A50', 'A51', 'A52', 'A53', 'A54', 'A55', 'A56', 'A57', 'A58', 'A59', 'A60', 'A61', 'A62', 'A63', 'A64', 'A65', 'A66', 'A67', 'A68', 'A69', 'A70', 'A71', 'A72', 'A73', 'A74', 'A75', 'A76', 'A77', 'A78', 'A79', 'A80', 'A81', 'A82', 'A83', 'A84', 'A85', 'A86', 'A87', 'A88', 'A89', 'A90', 'A91', 'A92', 'A93', 'A94', 'A95', 'A96', 'A97', 'A98', 'A99', 'A100', 'A101', 'A102', 'A103', 'A104', 'A105', 'A106', 'A107', 'A108']
These residues will be fixed:  []
No ligand atoms parsed
Designing protein from this path: /wynton/home/rotation/geanhu/multi-state/data/string-sampling/end-states/5KPE_8_4_4.pdb
These residues will be redesigned:  ['A1', 'A2', 'A3', 'A4', 'A5', 'A6', 'A7', 'A8', 'A9', 'A10', 'A11', 'A12', 'A13', 'A14', 'A15', 'A16', 'A17', 'A18', 'A19', 'A20', 'A21', 'A22', 'A23', 'A24', 'A25', 'A26', 'A27', 'A28', 'A29', 'A30', 'A31', 'A32', 'A33', 'A34', 'A35', 'A36', 'A37', 'A38', 'A39', 'A40', 'A41', 'A42', 'A43', 'A44', 'A45', 'A46', 'A47', 'A48', 'A49', 'A50', 'A51', 'A52', 'A53', 'A54', 'A55', 'A56', 'A57', 'A58', 'A59', 'A60', 'A61', 'A62', 'A63', 'A64', 'A65', 'A66', 'A67', 'A68', 'A69', 'A70', 'A71', 'A72', 'A73', 'A74', 'A75', 'A76', 'A77', 'A78', 'A79', 'A80', 'A81', 'A82', 'A83', 'A84', 'A85', 'A86', 'A87', 'A88', 'A89', 'A90', 'A91', 'A92', 'A93', 'A94', 'A95', 'A96', 'A97', 'A98', 'A99', 'A100', 'A101', 'A102', 'A103', 'A104', 'A105', 'A106', 'A107', 'A108']
These residues will be fixed:  []
No ligand atoms parsed
Designing protein from this path: /wynton/home/rotation/geanhu/multi-state/data/string-sampling/end-states/5KPH_6_4_1.pdb
These residues will be redesigned:  ['A1', 'A2', 'A3', 'A4', 'A5', 'A6', 'A7', 'A8', 'A9', 'A10', 'A11', 'A12', 'A13', 'A14', 'A15', 'A16', 'A17', 'A18', 'A19', 'A20', 'A21', 'A22', 'A23', 'A24', 'A25', 'A26', 'A27', 'A28', 'A29', 'A30', 'A31', 'A32', 'A33', 'A34', 'A35', 'A36', 'A37', 'A38', 'A39', 'A40', 'A41', 'A42', 'A43', 'A44', 'A45', 'A46', 'A47', 'A48', 'A49', 'A50', 'A51', 'A52', 'A53', 'A54', 'A55', 'A56', 'A57', 'A58', 'A59', 'A60', 'A61', 'A62', 'A63', 'A64', 'A65', 'A66', 'A67', 'A68', 'A69', 'A70', 'A71', 'A72']
These residues will be fixed:  []
No ligand atoms parsed
Designing protein from this path: /wynton/home/rotation/geanhu/multi-state/data/string-sampling/end-states/5KPH_4_4_2.pdb
These residues will be redesigned:  ['A1', 'A2', 'A3', 'A4', 'A5', 'A6', 'A7', 'A8', 'A9', 'A10', 'A11', 'A12', 'A13', 'A14', 'A15', 'A16', 'A17', 'A18', 'A19', 'A20', 'A21', 'A22', 'A23', 'A24', 'A25', 'A26', 'A27', 'A28', 'A29', 'A30', 'A31', 'A32', 'A33', 'A34', 'A35', 'A36', 'A37', 'A38', 'A39', 'A40', 'A41', 'A42', 'A43', 'A44', 'A45', 'A46', 'A47', 'A48', 'A49', 'A50', 'A51', 'A52', 'A53', 'A54', 'A55', 'A56', 'A57', 'A58', 'A59', 'A60', 'A61', 'A62', 'A63', 'A64', 'A65', 'A66', 'A67', 'A68', 'A69', 'A70', 'A71', 'A72']
These residues will be fixed:  []
No ligand atoms parsed
Designing protein from this path: /wynton/home/rotation/geanhu/multi-state/data/string-sampling/end-states/5KPE_4_4_7.pdb
These residues will be redesigned:  ['A1', 'A2', 'A3', 'A4', 'A5', 'A6', 'A7', 'A8', 'A9', 'A10', 'A11', 'A12', 'A13', 'A14', 'A15', 'A16', 'A17', 'A18', 'A19', 'A20', 'A21', 'A22', 'A23', 'A24', 'A25', 'A26', 'A27', 'A28', 'A29', 'A30', 'A31', 'A32', 'A33', 'A34', 'A35', 'A36', 'A37', 'A38', 'A39', 'A40', 'A41', 'A42', 'A43', 'A44', 'A45', 'A46', 'A47', 'A48', 'A49', 'A50', 'A51', 'A52', 'A53', 'A54', 'A55', 'A56', 'A57', 'A58', 'A59', 'A60', 'A61', 'A62', 'A63', 'A64', 'A65', 'A66', 'A67', 'A68', 'A69', 'A70', 'A71', 'A72', 'A73', 'A74', 'A75', 'A76', 'A77', 'A78', 'A79', 'A80', 'A81', 'A82', 'A83', 'A84', 'A85', 'A86', 'A87', 'A88', 'A89', 'A90', 'A91', 'A92', 'A93', 'A94', 'A95', 'A96', 'A97', 'A98', 'A99', 'A100', 'A101', 'A102', 'A103', 'A104', 'A105', 'A106', 'A107', 'A108']
These residues will be fixed:  []
No ligand atoms parsed
Designing protein from this path: /wynton/home/rotation/geanhu/multi-state/data/string-sampling/end-states/5KPE_2_4_2.pdb
These residues will be redesigned:  ['A1', 'A2', 'A3', 'A4', 'A5', 'A6', 'A7', 'A8', 'A9', 'A10', 'A11', 'A12', 'A13', 'A14', 'A15', 'A16', 'A17', 'A18', 'A19', 'A20', 'A21', 'A22', 'A23', 'A24', 'A25', 'A26', 'A27', 'A28', 'A29', 'A30', 'A31', 'A32', 'A33', 'A34', 'A35', 'A36', 'A37', 'A38', 'A39', 'A40', 'A41', 'A42', 'A43', 'A44', 'A45', 'A46', 'A47', 'A48', 'A49', 'A50', 'A51', 'A52', 'A53', 'A54', 'A55', 'A56', 'A57', 'A58', 'A59', 'A60', 'A61', 'A62', 'A63', 'A64', 'A65', 'A66', 'A67', 'A68', 'A69', 'A70', 'A71', 'A72', 'A73', 'A74', 'A75', 'A76', 'A77', 'A78', 'A79', 'A80', 'A81', 'A82', 'A83', 'A84', 'A85', 'A86', 'A87', 'A88', 'A89', 'A90', 'A91', 'A92', 'A93', 'A94', 'A95', 'A96', 'A97', 'A98', 'A99', 'A100', 'A101', 'A102', 'A103', 'A104', 'A105', 'A106', 'A107', 'A108']
These residues will be fixed:  []
No ligand atoms parsed
Designing protein from this path: /wynton/home/rotation/geanhu/multi-state/data/string-sampling/end-states/5KPE_2_6_2.pdb
These residues will be redesigned:  ['A1', 'A2', 'A3', 'A4', 'A5', 'A6', 'A7', 'A8', 'A9', 'A10', 'A11', 'A12', 'A13', 'A14', 'A15', 'A16', 'A17', 'A18', 'A19', 'A20', 'A21', 'A22', 'A23', 'A24', 'A25', 'A26', 'A27', 'A28', 'A29', 'A30', 'A31', 'A32', 'A33', 'A34', 'A35', 'A36', 'A37', 'A38', 'A39', 'A40', 'A41', 'A42', 'A43', 'A44', 'A45', 'A46', 'A47', 'A48', 'A49', 'A50', 'A51', 'A52', 'A53', 'A54', 'A55', 'A56', 'A57', 'A58', 'A59', 'A60', 'A61', 'A62', 'A63', 'A64', 'A65', 'A66', 'A67', 'A68', 'A69', 'A70', 'A71', 'A72', 'A73', 'A74', 'A75', 'A76', 'A77', 'A78', 'A79', 'A80', 'A81', 'A82', 'A83', 'A84', 'A85', 'A86', 'A87', 'A88', 'A89', 'A90', 'A91', 'A92', 'A93', 'A94', 'A95', 'A96', 'A97', 'A98', 'A99', 'A100', 'A101', 'A102', 'A103', 'A104', 'A105', 'A106', 'A107', 'A108']
These residues will be fixed:  []
No ligand atoms parsed
Designing protein from this path: /wynton/home/rotation/geanhu/multi-state/data/string-sampling/end-states/5KPH_2_2_9.pdb
These residues will be redesigned:  ['A1', 'A2', 'A3', 'A4', 'A5', 'A6', 'A7', 'A8', 'A9', 'A10', 'A11', 'A12', 'A13', 'A14', 'A15', 'A16', 'A17', 'A18', 'A19', 'A20', 'A21', 'A22', 'A23', 'A24', 'A25', 'A26', 'A27', 'A28', 'A29', 'A30', 'A31', 'A32', 'A33', 'A34', 'A35', 'A36', 'A37', 'A38', 'A39', 'A40', 'A41', 'A42', 'A43', 'A44', 'A45', 'A46', 'A47', 'A48', 'A49', 'A50', 'A51', 'A52', 'A53', 'A54', 'A55', 'A56', 'A57', 'A58', 'A59', 'A60', 'A61', 'A62', 'A63', 'A64', 'A65', 'A66', 'A67', 'A68', 'A69', 'A70', 'A71', 'A72']
These residues will be fixed:  []
No ligand atoms parsed
Designing protein from this path: /wynton/home/rotation/geanhu/multi-state/data/string-sampling/end-states/5KPE_4_6_8.pdb
These residues will be redesigned:  ['A1', 'A2', 'A3', 'A4', 'A5', 'A6', 'A7', 'A8', 'A9', 'A10', 'A11', 'A12', 'A13', 'A14', 'A15', 'A16', 'A17', 'A18', 'A19', 'A20', 'A21', 'A22', 'A23', 'A24', 'A25', 'A26', 'A27', 'A28', 'A29', 'A30', 'A31', 'A32', 'A33', 'A34', 'A35', 'A36', 'A37', 'A38', 'A39', 'A40', 'A41', 'A42', 'A43', 'A44', 'A45', 'A46', 'A47', 'A48', 'A49', 'A50', 'A51', 'A52', 'A53', 'A54', 'A55', 'A56', 'A57', 'A58', 'A59', 'A60', 'A61', 'A62', 'A63', 'A64', 'A65', 'A66', 'A67', 'A68', 'A69', 'A70', 'A71', 'A72', 'A73', 'A74', 'A75', 'A76', 'A77', 'A78', 'A79', 'A80', 'A81', 'A82', 'A83', 'A84', 'A85', 'A86', 'A87', 'A88', 'A89', 'A90', 'A91', 'A92', 'A93', 'A94', 'A95', 'A96', 'A97', 'A98', 'A99', 'A100', 'A101', 'A102', 'A103', 'A104', 'A105', 'A106', 'A107', 'A108']
These residues will be fixed:  []
No ligand atoms parsed
Designing protein from this path: /wynton/home/rotation/geanhu/multi-state/data/string-sampling/end-states/5KPH_8_6_8.pdb
These residues will be redesigned:  ['A1', 'A2', 'A3', 'A4', 'A5', 'A6', 'A7', 'A8', 'A9', 'A10', 'A11', 'A12', 'A13', 'A14', 'A15', 'A16', 'A17', 'A18', 'A19', 'A20', 'A21', 'A22', 'A23', 'A24', 'A25', 'A26', 'A27', 'A28', 'A29', 'A30', 'A31', 'A32', 'A33', 'A34', 'A35', 'A36', 'A37', 'A38', 'A39', 'A40', 'A41', 'A42', 'A43', 'A44', 'A45', 'A46', 'A47', 'A48', 'A49', 'A50', 'A51', 'A52', 'A53', 'A54', 'A55', 'A56', 'A57', 'A58', 'A59', 'A60', 'A61', 'A62', 'A63', 'A64', 'A65', 'A66', 'A67', 'A68', 'A69', 'A70', 'A71', 'A72']
These residues will be fixed:  []
No ligand atoms parsed
Designing protein from this path: /wynton/home/rotation/geanhu/multi-state/data/string-sampling/end-states/5KPH_4_6_8.pdb
These residues will be redesigned:  ['A1', 'A2', 'A3', 'A4', 'A5', 'A6', 'A7', 'A8', 'A9', 'A10', 'A11', 'A12', 'A13', 'A14', 'A15', 'A16', 'A17', 'A18', 'A19', 'A20', 'A21', 'A22', 'A23', 'A24', 'A25', 'A26', 'A27', 'A28', 'A29', 'A30', 'A31', 'A32', 'A33', 'A34', 'A35', 'A36', 'A37', 'A38', 'A39', 'A40', 'A41', 'A42', 'A43', 'A44', 'A45', 'A46', 'A47', 'A48', 'A49', 'A50', 'A51', 'A52', 'A53', 'A54', 'A55', 'A56', 'A57', 'A58', 'A59', 'A60', 'A61', 'A62', 'A63', 'A64', 'A65', 'A66', 'A67', 'A68', 'A69', 'A70', 'A71', 'A72']
These residues will be fixed:  []
No ligand atoms parsed
Designing protein from this path: /wynton/home/rotation/geanhu/multi-state/data/string-sampling/end-states/5KPE_6_4_6.pdb
These residues will be redesigned:  ['A1', 'A2', 'A3', 'A4', 'A5', 'A6', 'A7', 'A8', 'A9', 'A10', 'A11', 'A12', 'A13', 'A14', 'A15', 'A16', 'A17', 'A18', 'A19', 'A20', 'A21', 'A22', 'A23', 'A24', 'A25', 'A26', 'A27', 'A28', 'A29', 'A30', 'A31', 'A32', 'A33', 'A34', 'A35', 'A36', 'A37', 'A38', 'A39', 'A40', 'A41', 'A42', 'A43', 'A44', 'A45', 'A46', 'A47', 'A48', 'A49', 'A50', 'A51', 'A52', 'A53', 'A54', 'A55', 'A56', 'A57', 'A58', 'A59', 'A60', 'A61', 'A62', 'A63', 'A64', 'A65', 'A66', 'A67', 'A68', 'A69', 'A70', 'A71', 'A72', 'A73', 'A74', 'A75', 'A76', 'A77', 'A78', 'A79', 'A80', 'A81', 'A82', 'A83', 'A84', 'A85', 'A86', 'A87', 'A88', 'A89', 'A90', 'A91', 'A92', 'A93', 'A94', 'A95', 'A96', 'A97', 'A98', 'A99', 'A100', 'A101', 'A102', 'A103', 'A104', 'A105', 'A106', 'A107', 'A108']
These residues will be fixed:  []
No ligand atoms parsed
Designing protein from this path: /wynton/home/rotation/geanhu/multi-state/data/string-sampling/end-states/5KPH_2_2_2.pdb
These residues will be redesigned:  ['A1', 'A2', 'A3', 'A4', 'A5', 'A6', 'A7', 'A8', 'A9', 'A10', 'A11', 'A12', 'A13', 'A14', 'A15', 'A16', 'A17', 'A18', 'A19', 'A20', 'A21', 'A22', 'A23', 'A24', 'A25', 'A26', 'A27', 'A28', 'A29', 'A30', 'A31', 'A32', 'A33', 'A34', 'A35', 'A36', 'A37', 'A38', 'A39', 'A40', 'A41', 'A42', 'A43', 'A44', 'A45', 'A46', 'A47', 'A48', 'A49', 'A50', 'A51', 'A52', 'A53', 'A54', 'A55', 'A56', 'A57', 'A58', 'A59', 'A60', 'A61', 'A62', 'A63', 'A64', 'A65', 'A66', 'A67', 'A68', 'A69', 'A70', 'A71', 'A72']
These residues will be fixed:  []
No ligand atoms parsed
Designing protein from this path: /wynton/home/rotation/geanhu/multi-state/data/string-sampling/end-states/5KPE_8_6_7.pdb
These residues will be redesigned:  ['A1', 'A2', 'A3', 'A4', 'A5', 'A6', 'A7', 'A8', 'A9', 'A10', 'A11', 'A12', 'A13', 'A14', 'A15', 'A16', 'A17', 'A18', 'A19', 'A20', 'A21', 'A22', 'A23', 'A24', 'A25', 'A26', 'A27', 'A28', 'A29', 'A30', 'A31', 'A32', 'A33', 'A34', 'A35', 'A36', 'A37', 'A38', 'A39', 'A40', 'A41', 'A42', 'A43', 'A44', 'A45', 'A46', 'A47', 'A48', 'A49', 'A50', 'A51', 'A52', 'A53', 'A54', 'A55', 'A56', 'A57', 'A58', 'A59', 'A60', 'A61', 'A62', 'A63', 'A64', 'A65', 'A66', 'A67', 'A68', 'A69', 'A70', 'A71', 'A72', 'A73', 'A74', 'A75', 'A76', 'A77', 'A78', 'A79', 'A80', 'A81', 'A82', 'A83', 'A84', 'A85', 'A86', 'A87', 'A88', 'A89', 'A90', 'A91', 'A92', 'A93', 'A94', 'A95', 'A96', 'A97', 'A98', 'A99', 'A100', 'A101', 'A102', 'A103', 'A104', 'A105', 'A106', 'A107', 'A108']
These residues will be fixed:  []
No ligand atoms parsed
Designing protein from this path: /wynton/home/rotation/geanhu/multi-state/data/string-sampling/end-states/5KPE_4_6_2.pdb
These residues will be redesigned:  ['A1', 'A2', 'A3', 'A4', 'A5', 'A6', 'A7', 'A8', 'A9', 'A10', 'A11', 'A12', 'A13', 'A14', 'A15', 'A16', 'A17', 'A18', 'A19', 'A20', 'A21', 'A22', 'A23', 'A24', 'A25', 'A26', 'A27', 'A28', 'A29', 'A30', 'A31', 'A32', 'A33', 'A34', 'A35', 'A36', 'A37', 'A38', 'A39', 'A40', 'A41', 'A42', 'A43', 'A44', 'A45', 'A46', 'A47', 'A48', 'A49', 'A50', 'A51', 'A52', 'A53', 'A54', 'A55', 'A56', 'A57', 'A58', 'A59', 'A60', 'A61', 'A62', 'A63', 'A64', 'A65', 'A66', 'A67', 'A68', 'A69', 'A70', 'A71', 'A72', 'A73', 'A74', 'A75', 'A76', 'A77', 'A78', 'A79', 'A80', 'A81', 'A82', 'A83', 'A84', 'A85', 'A86', 'A87', 'A88', 'A89', 'A90', 'A91', 'A92', 'A93', 'A94', 'A95', 'A96', 'A97', 'A98', 'A99', 'A100', 'A101', 'A102', 'A103', 'A104', 'A105', 'A106', 'A107', 'A108']
These residues will be fixed:  []
No ligand atoms parsed
Designing protein from this path: /wynton/home/rotation/geanhu/multi-state/data/string-sampling/end-states/5KPE_6_4_2.pdb
These residues will be redesigned:  ['A1', 'A2', 'A3', 'A4', 'A5', 'A6', 'A7', 'A8', 'A9', 'A10', 'A11', 'A12', 'A13', 'A14', 'A15', 'A16', 'A17', 'A18', 'A19', 'A20', 'A21', 'A22', 'A23', 'A24', 'A25', 'A26', 'A27', 'A28', 'A29', 'A30', 'A31', 'A32', 'A33', 'A34', 'A35', 'A36', 'A37', 'A38', 'A39', 'A40', 'A41', 'A42', 'A43', 'A44', 'A45', 'A46', 'A47', 'A48', 'A49', 'A50', 'A51', 'A52', 'A53', 'A54', 'A55', 'A56', 'A57', 'A58', 'A59', 'A60', 'A61', 'A62', 'A63', 'A64', 'A65', 'A66', 'A67', 'A68', 'A69', 'A70', 'A71', 'A72', 'A73', 'A74', 'A75', 'A76', 'A77', 'A78', 'A79', 'A80', 'A81', 'A82', 'A83', 'A84', 'A85', 'A86', 'A87', 'A88', 'A89', 'A90', 'A91', 'A92', 'A93', 'A94', 'A95', 'A96', 'A97', 'A98', 'A99', 'A100', 'A101', 'A102', 'A103', 'A104', 'A105', 'A106', 'A107', 'A108']
These residues will be fixed:  []
No ligand atoms parsed
Designing protein from this path: /wynton/home/rotation/geanhu/multi-state/data/string-sampling/end-states/5KPE_4_8_1.pdb
These residues will be redesigned:  ['A1', 'A2', 'A3', 'A4', 'A5', 'A6', 'A7', 'A8', 'A9', 'A10', 'A11', 'A12', 'A13', 'A14', 'A15', 'A16', 'A17', 'A18', 'A19', 'A20', 'A21', 'A22', 'A23', 'A24', 'A25', 'A26', 'A27', 'A28', 'A29', 'A30', 'A31', 'A32', 'A33', 'A34', 'A35', 'A36', 'A37', 'A38', 'A39', 'A40', 'A41', 'A42', 'A43', 'A44', 'A45', 'A46', 'A47', 'A48', 'A49', 'A50', 'A51', 'A52', 'A53', 'A54', 'A55', 'A56', 'A57', 'A58', 'A59', 'A60', 'A61', 'A62', 'A63', 'A64', 'A65', 'A66', 'A67', 'A68', 'A69', 'A70', 'A71', 'A72', 'A73', 'A74', 'A75', 'A76', 'A77', 'A78', 'A79', 'A80', 'A81', 'A82', 'A83', 'A84', 'A85', 'A86', 'A87', 'A88', 'A89', 'A90', 'A91', 'A92', 'A93', 'A94', 'A95', 'A96', 'A97', 'A98', 'A99', 'A100', 'A101', 'A102', 'A103', 'A104', 'A105', 'A106', 'A107', 'A108']
These residues will be fixed:  []
No ligand atoms parsed
Designing protein from this path: /wynton/home/rotation/geanhu/multi-state/data/string-sampling/end-states/5KPH_2_2_7.pdb
These residues will be redesigned:  ['A1', 'A2', 'A3', 'A4', 'A5', 'A6', 'A7', 'A8', 'A9', 'A10', 'A11', 'A12', 'A13', 'A14', 'A15', 'A16', 'A17', 'A18', 'A19', 'A20', 'A21', 'A22', 'A23', 'A24', 'A25', 'A26', 'A27', 'A28', 'A29', 'A30', 'A31', 'A32', 'A33', 'A34', 'A35', 'A36', 'A37', 'A38', 'A39', 'A40', 'A41', 'A42', 'A43', 'A44', 'A45', 'A46', 'A47', 'A48', 'A49', 'A50', 'A51', 'A52', 'A53', 'A54', 'A55', 'A56', 'A57', 'A58', 'A59', 'A60', 'A61', 'A62', 'A63', 'A64', 'A65', 'A66', 'A67', 'A68', 'A69', 'A70', 'A71', 'A72']
These residues will be fixed:  []
No ligand atoms parsed
Designing protein from this path: /wynton/home/rotation/geanhu/multi-state/data/string-sampling/end-states/5KPH_8_8_7.pdb
These residues will be redesigned:  ['A1', 'A2', 'A3', 'A4', 'A5', 'A6', 'A7', 'A8', 'A9', 'A10', 'A11', 'A12', 'A13', 'A14', 'A15', 'A16', 'A17', 'A18', 'A19', 'A20', 'A21', 'A22', 'A23', 'A24', 'A25', 'A26', 'A27', 'A28', 'A29', 'A30', 'A31', 'A32', 'A33', 'A34', 'A35', 'A36', 'A37', 'A38', 'A39', 'A40', 'A41', 'A42', 'A43', 'A44', 'A45', 'A46', 'A47', 'A48', 'A49', 'A50', 'A51', 'A52', 'A53', 'A54', 'A55', 'A56', 'A57', 'A58', 'A59', 'A60', 'A61', 'A62', 'A63', 'A64', 'A65', 'A66', 'A67', 'A68', 'A69', 'A70', 'A71', 'A72']
These residues will be fixed:  []
No ligand atoms parsed
Designing protein from this path: /wynton/home/rotation/geanhu/multi-state/data/string-sampling/end-states/5KPH_2_8_4.pdb
These residues will be redesigned:  ['A1', 'A2', 'A3', 'A4', 'A5', 'A6', 'A7', 'A8', 'A9', 'A10', 'A11', 'A12', 'A13', 'A14', 'A15', 'A16', 'A17', 'A18', 'A19', 'A20', 'A21', 'A22', 'A23', 'A24', 'A25', 'A26', 'A27', 'A28', 'A29', 'A30', 'A31', 'A32', 'A33', 'A34', 'A35', 'A36', 'A37', 'A38', 'A39', 'A40', 'A41', 'A42', 'A43', 'A44', 'A45', 'A46', 'A47', 'A48', 'A49', 'A50', 'A51', 'A52', 'A53', 'A54', 'A55', 'A56', 'A57', 'A58', 'A59', 'A60', 'A61', 'A62', 'A63', 'A64', 'A65', 'A66', 'A67', 'A68', 'A69', 'A70', 'A71', 'A72']
These residues will be fixed:  []
No ligand atoms parsed
Designing protein from this path: /wynton/home/rotation/geanhu/multi-state/data/string-sampling/end-states/5KPE_8_4_0.pdb
These residues will be redesigned:  ['A1', 'A2', 'A3', 'A4', 'A5', 'A6', 'A7', 'A8', 'A9', 'A10', 'A11', 'A12', 'A13', 'A14', 'A15', 'A16', 'A17', 'A18', 'A19', 'A20', 'A21', 'A22', 'A23', 'A24', 'A25', 'A26', 'A27', 'A28', 'A29', 'A30', 'A31', 'A32', 'A33', 'A34', 'A35', 'A36', 'A37', 'A38', 'A39', 'A40', 'A41', 'A42', 'A43', 'A44', 'A45', 'A46', 'A47', 'A48', 'A49', 'A50', 'A51', 'A52', 'A53', 'A54', 'A55', 'A56', 'A57', 'A58', 'A59', 'A60', 'A61', 'A62', 'A63', 'A64', 'A65', 'A66', 'A67', 'A68', 'A69', 'A70', 'A71', 'A72', 'A73', 'A74', 'A75', 'A76', 'A77', 'A78', 'A79', 'A80', 'A81', 'A82', 'A83', 'A84', 'A85', 'A86', 'A87', 'A88', 'A89', 'A90', 'A91', 'A92', 'A93', 'A94', 'A95', 'A96', 'A97', 'A98', 'A99', 'A100', 'A101', 'A102', 'A103', 'A104', 'A105', 'A106', 'A107', 'A108']
These residues will be fixed:  []
No ligand atoms parsed
Designing protein from this path: /wynton/home/rotation/geanhu/multi-state/data/string-sampling/end-states/5KPE_2_4_8.pdb
These residues will be redesigned:  ['A1', 'A2', 'A3', 'A4', 'A5', 'A6', 'A7', 'A8', 'A9', 'A10', 'A11', 'A12', 'A13', 'A14', 'A15', 'A16', 'A17', 'A18', 'A19', 'A20', 'A21', 'A22', 'A23', 'A24', 'A25', 'A26', 'A27', 'A28', 'A29', 'A30', 'A31', 'A32', 'A33', 'A34', 'A35', 'A36', 'A37', 'A38', 'A39', 'A40', 'A41', 'A42', 'A43', 'A44', 'A45', 'A46', 'A47', 'A48', 'A49', 'A50', 'A51', 'A52', 'A53', 'A54', 'A55', 'A56', 'A57', 'A58', 'A59', 'A60', 'A61', 'A62', 'A63', 'A64', 'A65', 'A66', 'A67', 'A68', 'A69', 'A70', 'A71', 'A72', 'A73', 'A74', 'A75', 'A76', 'A77', 'A78', 'A79', 'A80', 'A81', 'A82', 'A83', 'A84', 'A85', 'A86', 'A87', 'A88', 'A89', 'A90', 'A91', 'A92', 'A93', 'A94', 'A95', 'A96', 'A97', 'A98', 'A99', 'A100', 'A101', 'A102', 'A103', 'A104', 'A105', 'A106', 'A107', 'A108']
These residues will be fixed:  []
No ligand atoms parsed
Designing protein from this path: /wynton/home/rotation/geanhu/multi-state/data/string-sampling/end-states/5KPE_8_2_1.pdb
These residues will be redesigned:  ['A1', 'A2', 'A3', 'A4', 'A5', 'A6', 'A7', 'A8', 'A9', 'A10', 'A11', 'A12', 'A13', 'A14', 'A15', 'A16', 'A17', 'A18', 'A19', 'A20', 'A21', 'A22', 'A23', 'A24', 'A25', 'A26', 'A27', 'A28', 'A29', 'A30', 'A31', 'A32', 'A33', 'A34', 'A35', 'A36', 'A37', 'A38', 'A39', 'A40', 'A41', 'A42', 'A43', 'A44', 'A45', 'A46', 'A47', 'A48', 'A49', 'A50', 'A51', 'A52', 'A53', 'A54', 'A55', 'A56', 'A57', 'A58', 'A59', 'A60', 'A61', 'A62', 'A63', 'A64', 'A65', 'A66', 'A67', 'A68', 'A69', 'A70', 'A71', 'A72', 'A73', 'A74', 'A75', 'A76', 'A77', 'A78', 'A79', 'A80', 'A81', 'A82', 'A83', 'A84', 'A85', 'A86', 'A87', 'A88', 'A89', 'A90', 'A91', 'A92', 'A93', 'A94', 'A95', 'A96', 'A97', 'A98', 'A99', 'A100', 'A101', 'A102', 'A103', 'A104', 'A105', 'A106', 'A107', 'A108']
These residues will be fixed:  []
No ligand atoms parsed
Designing protein from this path: /wynton/home/rotation/geanhu/multi-state/data/string-sampling/end-states/5KPH_4_8_0.pdb
These residues will be redesigned:  ['A1', 'A2', 'A3', 'A4', 'A5', 'A6', 'A7', 'A8', 'A9', 'A10', 'A11', 'A12', 'A13', 'A14', 'A15', 'A16', 'A17', 'A18', 'A19', 'A20', 'A21', 'A22', 'A23', 'A24', 'A25', 'A26', 'A27', 'A28', 'A29', 'A30', 'A31', 'A32', 'A33', 'A34', 'A35', 'A36', 'A37', 'A38', 'A39', 'A40', 'A41', 'A42', 'A43', 'A44', 'A45', 'A46', 'A47', 'A48', 'A49', 'A50', 'A51', 'A52', 'A53', 'A54', 'A55', 'A56', 'A57', 'A58', 'A59', 'A60', 'A61', 'A62', 'A63', 'A64', 'A65', 'A66', 'A67', 'A68', 'A69', 'A70', 'A71', 'A72']
These residues will be fixed:  []
No ligand atoms parsed
Designing protein from this path: /wynton/home/rotation/geanhu/multi-state/data/string-sampling/end-states/5KPE_6_6_2.pdb
These residues will be redesigned:  ['A1', 'A2', 'A3', 'A4', 'A5', 'A6', 'A7', 'A8', 'A9', 'A10', 'A11', 'A12', 'A13', 'A14', 'A15', 'A16', 'A17', 'A18', 'A19', 'A20', 'A21', 'A22', 'A23', 'A24', 'A25', 'A26', 'A27', 'A28', 'A29', 'A30', 'A31', 'A32', 'A33', 'A34', 'A35', 'A36', 'A37', 'A38', 'A39', 'A40', 'A41', 'A42', 'A43', 'A44', 'A45', 'A46', 'A47', 'A48', 'A49', 'A50', 'A51', 'A52', 'A53', 'A54', 'A55', 'A56', 'A57', 'A58', 'A59', 'A60', 'A61', 'A62', 'A63', 'A64', 'A65', 'A66', 'A67', 'A68', 'A69', 'A70', 'A71', 'A72', 'A73', 'A74', 'A75', 'A76', 'A77', 'A78', 'A79', 'A80', 'A81', 'A82', 'A83', 'A84', 'A85', 'A86', 'A87', 'A88', 'A89', 'A90', 'A91', 'A92', 'A93', 'A94', 'A95', 'A96', 'A97', 'A98', 'A99', 'A100', 'A101', 'A102', 'A103', 'A104', 'A105', 'A106', 'A107', 'A108']
These residues will be fixed:  []
No ligand atoms parsed
Designing protein from this path: /wynton/home/rotation/geanhu/multi-state/data/string-sampling/end-states/5KPE_2_8_3.pdb
These residues will be redesigned:  ['A1', 'A2', 'A3', 'A4', 'A5', 'A6', 'A7', 'A8', 'A9', 'A10', 'A11', 'A12', 'A13', 'A14', 'A15', 'A16', 'A17', 'A18', 'A19', 'A20', 'A21', 'A22', 'A23', 'A24', 'A25', 'A26', 'A27', 'A28', 'A29', 'A30', 'A31', 'A32', 'A33', 'A34', 'A35', 'A36', 'A37', 'A38', 'A39', 'A40', 'A41', 'A42', 'A43', 'A44', 'A45', 'A46', 'A47', 'A48', 'A49', 'A50', 'A51', 'A52', 'A53', 'A54', 'A55', 'A56', 'A57', 'A58', 'A59', 'A60', 'A61', 'A62', 'A63', 'A64', 'A65', 'A66', 'A67', 'A68', 'A69', 'A70', 'A71', 'A72', 'A73', 'A74', 'A75', 'A76', 'A77', 'A78', 'A79', 'A80', 'A81', 'A82', 'A83', 'A84', 'A85', 'A86', 'A87', 'A88', 'A89', 'A90', 'A91', 'A92', 'A93', 'A94', 'A95', 'A96', 'A97', 'A98', 'A99', 'A100', 'A101', 'A102', 'A103', 'A104', 'A105', 'A106', 'A107', 'A108']
These residues will be fixed:  []
No ligand atoms parsed
Designing protein from this path: /wynton/home/rotation/geanhu/multi-state/data/string-sampling/end-states/5KPH_6_4_4.pdb
These residues will be redesigned:  ['A1', 'A2', 'A3', 'A4', 'A5', 'A6', 'A7', 'A8', 'A9', 'A10', 'A11', 'A12', 'A13', 'A14', 'A15', 'A16', 'A17', 'A18', 'A19', 'A20', 'A21', 'A22', 'A23', 'A24', 'A25', 'A26', 'A27', 'A28', 'A29', 'A30', 'A31', 'A32', 'A33', 'A34', 'A35', 'A36', 'A37', 'A38', 'A39', 'A40', 'A41', 'A42', 'A43', 'A44', 'A45', 'A46', 'A47', 'A48', 'A49', 'A50', 'A51', 'A52', 'A53', 'A54', 'A55', 'A56', 'A57', 'A58', 'A59', 'A60', 'A61', 'A62', 'A63', 'A64', 'A65', 'A66', 'A67', 'A68', 'A69', 'A70', 'A71', 'A72']
These residues will be fixed:  []
No ligand atoms parsed
Designing protein from this path: /wynton/home/rotation/geanhu/multi-state/data/string-sampling/end-states/5KPE_2_4_0.pdb
These residues will be redesigned:  ['A1', 'A2', 'A3', 'A4', 'A5', 'A6', 'A7', 'A8', 'A9', 'A10', 'A11', 'A12', 'A13', 'A14', 'A15', 'A16', 'A17', 'A18', 'A19', 'A20', 'A21', 'A22', 'A23', 'A24', 'A25', 'A26', 'A27', 'A28', 'A29', 'A30', 'A31', 'A32', 'A33', 'A34', 'A35', 'A36', 'A37', 'A38', 'A39', 'A40', 'A41', 'A42', 'A43', 'A44', 'A45', 'A46', 'A47', 'A48', 'A49', 'A50', 'A51', 'A52', 'A53', 'A54', 'A55', 'A56', 'A57', 'A58', 'A59', 'A60', 'A61', 'A62', 'A63', 'A64', 'A65', 'A66', 'A67', 'A68', 'A69', 'A70', 'A71', 'A72', 'A73', 'A74', 'A75', 'A76', 'A77', 'A78', 'A79', 'A80', 'A81', 'A82', 'A83', 'A84', 'A85', 'A86', 'A87', 'A88', 'A89', 'A90', 'A91', 'A92', 'A93', 'A94', 'A95', 'A96', 'A97', 'A98', 'A99', 'A100', 'A101', 'A102', 'A103', 'A104', 'A105', 'A106', 'A107', 'A108']
These residues will be fixed:  []
No ligand atoms parsed
Designing protein from this path: /wynton/home/rotation/geanhu/multi-state/data/string-sampling/end-states/5KPH_4_4_7.pdb
These residues will be redesigned:  ['A1', 'A2', 'A3', 'A4', 'A5', 'A6', 'A7', 'A8', 'A9', 'A10', 'A11', 'A12', 'A13', 'A14', 'A15', 'A16', 'A17', 'A18', 'A19', 'A20', 'A21', 'A22', 'A23', 'A24', 'A25', 'A26', 'A27', 'A28', 'A29', 'A30', 'A31', 'A32', 'A33', 'A34', 'A35', 'A36', 'A37', 'A38', 'A39', 'A40', 'A41', 'A42', 'A43', 'A44', 'A45', 'A46', 'A47', 'A48', 'A49', 'A50', 'A51', 'A52', 'A53', 'A54', 'A55', 'A56', 'A57', 'A58', 'A59', 'A60', 'A61', 'A62', 'A63', 'A64', 'A65', 'A66', 'A67', 'A68', 'A69', 'A70', 'A71', 'A72']
These residues will be fixed:  []
No ligand atoms parsed
Designing protein from this path: /wynton/home/rotation/geanhu/multi-state/data/string-sampling/end-states/5KPE_2_8_8.pdb
These residues will be redesigned:  ['A1', 'A2', 'A3', 'A4', 'A5', 'A6', 'A7', 'A8', 'A9', 'A10', 'A11', 'A12', 'A13', 'A14', 'A15', 'A16', 'A17', 'A18', 'A19', 'A20', 'A21', 'A22', 'A23', 'A24', 'A25', 'A26', 'A27', 'A28', 'A29', 'A30', 'A31', 'A32', 'A33', 'A34', 'A35', 'A36', 'A37', 'A38', 'A39', 'A40', 'A41', 'A42', 'A43', 'A44', 'A45', 'A46', 'A47', 'A48', 'A49', 'A50', 'A51', 'A52', 'A53', 'A54', 'A55', 'A56', 'A57', 'A58', 'A59', 'A60', 'A61', 'A62', 'A63', 'A64', 'A65', 'A66', 'A67', 'A68', 'A69', 'A70', 'A71', 'A72', 'A73', 'A74', 'A75', 'A76', 'A77', 'A78', 'A79', 'A80', 'A81', 'A82', 'A83', 'A84', 'A85', 'A86', 'A87', 'A88', 'A89', 'A90', 'A91', 'A92', 'A93', 'A94', 'A95', 'A96', 'A97', 'A98', 'A99', 'A100', 'A101', 'A102', 'A103', 'A104', 'A105', 'A106', 'A107', 'A108']
These residues will be fixed:  []
No ligand atoms parsed
Designing protein from this path: /wynton/home/rotation/geanhu/multi-state/data/string-sampling/end-states/5KPH_8_6_6.pdb
These residues will be redesigned:  ['A1', 'A2', 'A3', 'A4', 'A5', 'A6', 'A7', 'A8', 'A9', 'A10', 'A11', 'A12', 'A13', 'A14', 'A15', 'A16', 'A17', 'A18', 'A19', 'A20', 'A21', 'A22', 'A23', 'A24', 'A25', 'A26', 'A27', 'A28', 'A29', 'A30', 'A31', 'A32', 'A33', 'A34', 'A35', 'A36', 'A37', 'A38', 'A39', 'A40', 'A41', 'A42', 'A43', 'A44', 'A45', 'A46', 'A47', 'A48', 'A49', 'A50', 'A51', 'A52', 'A53', 'A54', 'A55', 'A56', 'A57', 'A58', 'A59', 'A60', 'A61', 'A62', 'A63', 'A64', 'A65', 'A66', 'A67', 'A68', 'A69', 'A70', 'A71', 'A72']
These residues will be fixed:  []
No ligand atoms parsed
Designing protein from this path: /wynton/home/rotation/geanhu/multi-state/data/string-sampling/end-states/5KPH_6_8_8.pdb
These residues will be redesigned:  ['A1', 'A2', 'A3', 'A4', 'A5', 'A6', 'A7', 'A8', 'A9', 'A10', 'A11', 'A12', 'A13', 'A14', 'A15', 'A16', 'A17', 'A18', 'A19', 'A20', 'A21', 'A22', 'A23', 'A24', 'A25', 'A26', 'A27', 'A28', 'A29', 'A30', 'A31', 'A32', 'A33', 'A34', 'A35', 'A36', 'A37', 'A38', 'A39', 'A40', 'A41', 'A42', 'A43', 'A44', 'A45', 'A46', 'A47', 'A48', 'A49', 'A50', 'A51', 'A52', 'A53', 'A54', 'A55', 'A56', 'A57', 'A58', 'A59', 'A60', 'A61', 'A62', 'A63', 'A64', 'A65', 'A66', 'A67', 'A68', 'A69', 'A70', 'A71', 'A72']
These residues will be fixed:  []
No ligand atoms parsed
Designing protein from this path: /wynton/home/rotation/geanhu/multi-state/data/string-sampling/end-states/5KPH_6_2_6.pdb
These residues will be redesigned:  ['A1', 'A2', 'A3', 'A4', 'A5', 'A6', 'A7', 'A8', 'A9', 'A10', 'A11', 'A12', 'A13', 'A14', 'A15', 'A16', 'A17', 'A18', 'A19', 'A20', 'A21', 'A22', 'A23', 'A24', 'A25', 'A26', 'A27', 'A28', 'A29', 'A30', 'A31', 'A32', 'A33', 'A34', 'A35', 'A36', 'A37', 'A38', 'A39', 'A40', 'A41', 'A42', 'A43', 'A44', 'A45', 'A46', 'A47', 'A48', 'A49', 'A50', 'A51', 'A52', 'A53', 'A54', 'A55', 'A56', 'A57', 'A58', 'A59', 'A60', 'A61', 'A62', 'A63', 'A64', 'A65', 'A66', 'A67', 'A68', 'A69', 'A70', 'A71', 'A72']
These residues will be fixed:  []
No ligand atoms parsed
Designing protein from this path: /wynton/home/rotation/geanhu/multi-state/data/string-sampling/end-states/5KPH_6_4_6.pdb
These residues will be redesigned:  ['A1', 'A2', 'A3', 'A4', 'A5', 'A6', 'A7', 'A8', 'A9', 'A10', 'A11', 'A12', 'A13', 'A14', 'A15', 'A16', 'A17', 'A18', 'A19', 'A20', 'A21', 'A22', 'A23', 'A24', 'A25', 'A26', 'A27', 'A28', 'A29', 'A30', 'A31', 'A32', 'A33', 'A34', 'A35', 'A36', 'A37', 'A38', 'A39', 'A40', 'A41', 'A42', 'A43', 'A44', 'A45', 'A46', 'A47', 'A48', 'A49', 'A50', 'A51', 'A52', 'A53', 'A54', 'A55', 'A56', 'A57', 'A58', 'A59', 'A60', 'A61', 'A62', 'A63', 'A64', 'A65', 'A66', 'A67', 'A68', 'A69', 'A70', 'A71', 'A72']
These residues will be fixed:  []
No ligand atoms parsed
Designing protein from this path: /wynton/home/rotation/geanhu/multi-state/data/string-sampling/end-states/5KPE_8_8_2.pdb
These residues will be redesigned:  ['A1', 'A2', 'A3', 'A4', 'A5', 'A6', 'A7', 'A8', 'A9', 'A10', 'A11', 'A12', 'A13', 'A14', 'A15', 'A16', 'A17', 'A18', 'A19', 'A20', 'A21', 'A22', 'A23', 'A24', 'A25', 'A26', 'A27', 'A28', 'A29', 'A30', 'A31', 'A32', 'A33', 'A34', 'A35', 'A36', 'A37', 'A38', 'A39', 'A40', 'A41', 'A42', 'A43', 'A44', 'A45', 'A46', 'A47', 'A48', 'A49', 'A50', 'A51', 'A52', 'A53', 'A54', 'A55', 'A56', 'A57', 'A58', 'A59', 'A60', 'A61', 'A62', 'A63', 'A64', 'A65', 'A66', 'A67', 'A68', 'A69', 'A70', 'A71', 'A72', 'A73', 'A74', 'A75', 'A76', 'A77', 'A78', 'A79', 'A80', 'A81', 'A82', 'A83', 'A84', 'A85', 'A86', 'A87', 'A88', 'A89', 'A90', 'A91', 'A92', 'A93', 'A94', 'A95', 'A96', 'A97', 'A98', 'A99', 'A100', 'A101', 'A102', 'A103', 'A104', 'A105', 'A106', 'A107', 'A108']
These residues will be fixed:  []
No ligand atoms parsed
Designing protein from this path: /wynton/home/rotation/geanhu/multi-state/data/string-sampling/end-states/5KPE_4_2_7.pdb
These residues will be redesigned:  ['A1', 'A2', 'A3', 'A4', 'A5', 'A6', 'A7', 'A8', 'A9', 'A10', 'A11', 'A12', 'A13', 'A14', 'A15', 'A16', 'A17', 'A18', 'A19', 'A20', 'A21', 'A22', 'A23', 'A24', 'A25', 'A26', 'A27', 'A28', 'A29', 'A30', 'A31', 'A32', 'A33', 'A34', 'A35', 'A36', 'A37', 'A38', 'A39', 'A40', 'A41', 'A42', 'A43', 'A44', 'A45', 'A46', 'A47', 'A48', 'A49', 'A50', 'A51', 'A52', 'A53', 'A54', 'A55', 'A56', 'A57', 'A58', 'A59', 'A60', 'A61', 'A62', 'A63', 'A64', 'A65', 'A66', 'A67', 'A68', 'A69', 'A70', 'A71', 'A72', 'A73', 'A74', 'A75', 'A76', 'A77', 'A78', 'A79', 'A80', 'A81', 'A82', 'A83', 'A84', 'A85', 'A86', 'A87', 'A88', 'A89', 'A90', 'A91', 'A92', 'A93', 'A94', 'A95', 'A96', 'A97', 'A98', 'A99', 'A100', 'A101', 'A102', 'A103', 'A104', 'A105', 'A106', 'A107', 'A108']
These residues will be fixed:  []
No ligand atoms parsed
Designing protein from this path: /wynton/home/rotation/geanhu/multi-state/data/string-sampling/end-states/5KPH_8_6_9.pdb
These residues will be redesigned:  ['A1', 'A2', 'A3', 'A4', 'A5', 'A6', 'A7', 'A8', 'A9', 'A10', 'A11', 'A12', 'A13', 'A14', 'A15', 'A16', 'A17', 'A18', 'A19', 'A20', 'A21', 'A22', 'A23', 'A24', 'A25', 'A26', 'A27', 'A28', 'A29', 'A30', 'A31', 'A32', 'A33', 'A34', 'A35', 'A36', 'A37', 'A38', 'A39', 'A40', 'A41', 'A42', 'A43', 'A44', 'A45', 'A46', 'A47', 'A48', 'A49', 'A50', 'A51', 'A52', 'A53', 'A54', 'A55', 'A56', 'A57', 'A58', 'A59', 'A60', 'A61', 'A62', 'A63', 'A64', 'A65', 'A66', 'A67', 'A68', 'A69', 'A70', 'A71', 'A72']
These residues will be fixed:  []
No ligand atoms parsed
Designing protein from this path: /wynton/home/rotation/geanhu/multi-state/data/string-sampling/end-states/5KPH_6_6_7.pdb
These residues will be redesigned:  ['A1', 'A2', 'A3', 'A4', 'A5', 'A6', 'A7', 'A8', 'A9', 'A10', 'A11', 'A12', 'A13', 'A14', 'A15', 'A16', 'A17', 'A18', 'A19', 'A20', 'A21', 'A22', 'A23', 'A24', 'A25', 'A26', 'A27', 'A28', 'A29', 'A30', 'A31', 'A32', 'A33', 'A34', 'A35', 'A36', 'A37', 'A38', 'A39', 'A40', 'A41', 'A42', 'A43', 'A44', 'A45', 'A46', 'A47', 'A48', 'A49', 'A50', 'A51', 'A52', 'A53', 'A54', 'A55', 'A56', 'A57', 'A58', 'A59', 'A60', 'A61', 'A62', 'A63', 'A64', 'A65', 'A66', 'A67', 'A68', 'A69', 'A70', 'A71', 'A72']
These residues will be fixed:  []
No ligand atoms parsed
Designing protein from this path: /wynton/home/rotation/geanhu/multi-state/data/string-sampling/end-states/5KPH_6_4_3.pdb
These residues will be redesigned:  ['A1', 'A2', 'A3', 'A4', 'A5', 'A6', 'A7', 'A8', 'A9', 'A10', 'A11', 'A12', 'A13', 'A14', 'A15', 'A16', 'A17', 'A18', 'A19', 'A20', 'A21', 'A22', 'A23', 'A24', 'A25', 'A26', 'A27', 'A28', 'A29', 'A30', 'A31', 'A32', 'A33', 'A34', 'A35', 'A36', 'A37', 'A38', 'A39', 'A40', 'A41', 'A42', 'A43', 'A44', 'A45', 'A46', 'A47', 'A48', 'A49', 'A50', 'A51', 'A52', 'A53', 'A54', 'A55', 'A56', 'A57', 'A58', 'A59', 'A60', 'A61', 'A62', 'A63', 'A64', 'A65', 'A66', 'A67', 'A68', 'A69', 'A70', 'A71', 'A72']
These residues will be fixed:  []
No ligand atoms parsed
Designing protein from this path: /wynton/home/rotation/geanhu/multi-state/data/string-sampling/end-states/5KPH_6_6_0.pdb
These residues will be redesigned:  ['A1', 'A2', 'A3', 'A4', 'A5', 'A6', 'A7', 'A8', 'A9', 'A10', 'A11', 'A12', 'A13', 'A14', 'A15', 'A16', 'A17', 'A18', 'A19', 'A20', 'A21', 'A22', 'A23', 'A24', 'A25', 'A26', 'A27', 'A28', 'A29', 'A30', 'A31', 'A32', 'A33', 'A34', 'A35', 'A36', 'A37', 'A38', 'A39', 'A40', 'A41', 'A42', 'A43', 'A44', 'A45', 'A46', 'A47', 'A48', 'A49', 'A50', 'A51', 'A52', 'A53', 'A54', 'A55', 'A56', 'A57', 'A58', 'A59', 'A60', 'A61', 'A62', 'A63', 'A64', 'A65', 'A66', 'A67', 'A68', 'A69', 'A70', 'A71', 'A72']
These residues will be fixed:  []
No ligand atoms parsed
Designing protein from this path: /wynton/home/rotation/geanhu/multi-state/data/string-sampling/end-states/5KPH_4_8_6.pdb
These residues will be redesigned:  ['A1', 'A2', 'A3', 'A4', 'A5', 'A6', 'A7', 'A8', 'A9', 'A10', 'A11', 'A12', 'A13', 'A14', 'A15', 'A16', 'A17', 'A18', 'A19', 'A20', 'A21', 'A22', 'A23', 'A24', 'A25', 'A26', 'A27', 'A28', 'A29', 'A30', 'A31', 'A32', 'A33', 'A34', 'A35', 'A36', 'A37', 'A38', 'A39', 'A40', 'A41', 'A42', 'A43', 'A44', 'A45', 'A46', 'A47', 'A48', 'A49', 'A50', 'A51', 'A52', 'A53', 'A54', 'A55', 'A56', 'A57', 'A58', 'A59', 'A60', 'A61', 'A62', 'A63', 'A64', 'A65', 'A66', 'A67', 'A68', 'A69', 'A70', 'A71', 'A72']
These residues will be fixed:  []
No ligand atoms parsed
Designing protein from this path: /wynton/home/rotation/geanhu/multi-state/data/string-sampling/end-states/5KPH_2_2_8.pdb
These residues will be redesigned:  ['A1', 'A2', 'A3', 'A4', 'A5', 'A6', 'A7', 'A8', 'A9', 'A10', 'A11', 'A12', 'A13', 'A14', 'A15', 'A16', 'A17', 'A18', 'A19', 'A20', 'A21', 'A22', 'A23', 'A24', 'A25', 'A26', 'A27', 'A28', 'A29', 'A30', 'A31', 'A32', 'A33', 'A34', 'A35', 'A36', 'A37', 'A38', 'A39', 'A40', 'A41', 'A42', 'A43', 'A44', 'A45', 'A46', 'A47', 'A48', 'A49', 'A50', 'A51', 'A52', 'A53', 'A54', 'A55', 'A56', 'A57', 'A58', 'A59', 'A60', 'A61', 'A62', 'A63', 'A64', 'A65', 'A66', 'A67', 'A68', 'A69', 'A70', 'A71', 'A72']
These residues will be fixed:  []
No ligand atoms parsed
Designing protein from this path: /wynton/home/rotation/geanhu/multi-state/data/string-sampling/end-states/5KPH_4_6_5.pdb
These residues will be redesigned:  ['A1', 'A2', 'A3', 'A4', 'A5', 'A6', 'A7', 'A8', 'A9', 'A10', 'A11', 'A12', 'A13', 'A14', 'A15', 'A16', 'A17', 'A18', 'A19', 'A20', 'A21', 'A22', 'A23', 'A24', 'A25', 'A26', 'A27', 'A28', 'A29', 'A30', 'A31', 'A32', 'A33', 'A34', 'A35', 'A36', 'A37', 'A38', 'A39', 'A40', 'A41', 'A42', 'A43', 'A44', 'A45', 'A46', 'A47', 'A48', 'A49', 'A50', 'A51', 'A52', 'A53', 'A54', 'A55', 'A56', 'A57', 'A58', 'A59', 'A60', 'A61', 'A62', 'A63', 'A64', 'A65', 'A66', 'A67', 'A68', 'A69', 'A70', 'A71', 'A72']
These residues will be fixed:  []
No ligand atoms parsed
Designing protein from this path: /wynton/home/rotation/geanhu/multi-state/data/string-sampling/end-states/5KPH_6_6_2.pdb
These residues will be redesigned:  ['A1', 'A2', 'A3', 'A4', 'A5', 'A6', 'A7', 'A8', 'A9', 'A10', 'A11', 'A12', 'A13', 'A14', 'A15', 'A16', 'A17', 'A18', 'A19', 'A20', 'A21', 'A22', 'A23', 'A24', 'A25', 'A26', 'A27', 'A28', 'A29', 'A30', 'A31', 'A32', 'A33', 'A34', 'A35', 'A36', 'A37', 'A38', 'A39', 'A40', 'A41', 'A42', 'A43', 'A44', 'A45', 'A46', 'A47', 'A48', 'A49', 'A50', 'A51', 'A52', 'A53', 'A54', 'A55', 'A56', 'A57', 'A58', 'A59', 'A60', 'A61', 'A62', 'A63', 'A64', 'A65', 'A66', 'A67', 'A68', 'A69', 'A70', 'A71', 'A72']
These residues will be fixed:  []
No ligand atoms parsed
Designing protein from this path: /wynton/home/rotation/geanhu/multi-state/data/string-sampling/end-states/5KPE_8_6_5.pdb
These residues will be redesigned:  ['A1', 'A2', 'A3', 'A4', 'A5', 'A6', 'A7', 'A8', 'A9', 'A10', 'A11', 'A12', 'A13', 'A14', 'A15', 'A16', 'A17', 'A18', 'A19', 'A20', 'A21', 'A22', 'A23', 'A24', 'A25', 'A26', 'A27', 'A28', 'A29', 'A30', 'A31', 'A32', 'A33', 'A34', 'A35', 'A36', 'A37', 'A38', 'A39', 'A40', 'A41', 'A42', 'A43', 'A44', 'A45', 'A46', 'A47', 'A48', 'A49', 'A50', 'A51', 'A52', 'A53', 'A54', 'A55', 'A56', 'A57', 'A58', 'A59', 'A60', 'A61', 'A62', 'A63', 'A64', 'A65', 'A66', 'A67', 'A68', 'A69', 'A70', 'A71', 'A72', 'A73', 'A74', 'A75', 'A76', 'A77', 'A78', 'A79', 'A80', 'A81', 'A82', 'A83', 'A84', 'A85', 'A86', 'A87', 'A88', 'A89', 'A90', 'A91', 'A92', 'A93', 'A94', 'A95', 'A96', 'A97', 'A98', 'A99', 'A100', 'A101', 'A102', 'A103', 'A104', 'A105', 'A106', 'A107', 'A108']
These residues will be fixed:  []
No ligand atoms parsed
Designing protein from this path: /wynton/home/rotation/geanhu/multi-state/data/string-sampling/end-states/5KPH_6_8_3.pdb
These residues will be redesigned:  ['A1', 'A2', 'A3', 'A4', 'A5', 'A6', 'A7', 'A8', 'A9', 'A10', 'A11', 'A12', 'A13', 'A14', 'A15', 'A16', 'A17', 'A18', 'A19', 'A20', 'A21', 'A22', 'A23', 'A24', 'A25', 'A26', 'A27', 'A28', 'A29', 'A30', 'A31', 'A32', 'A33', 'A34', 'A35', 'A36', 'A37', 'A38', 'A39', 'A40', 'A41', 'A42', 'A43', 'A44', 'A45', 'A46', 'A47', 'A48', 'A49', 'A50', 'A51', 'A52', 'A53', 'A54', 'A55', 'A56', 'A57', 'A58', 'A59', 'A60', 'A61', 'A62', 'A63', 'A64', 'A65', 'A66', 'A67', 'A68', 'A69', 'A70', 'A71', 'A72']
These residues will be fixed:  []
No ligand atoms parsed
Designing protein from this path: /wynton/home/rotation/geanhu/multi-state/data/string-sampling/end-states/5KPE_8_6_3.pdb
These residues will be redesigned:  ['A1', 'A2', 'A3', 'A4', 'A5', 'A6', 'A7', 'A8', 'A9', 'A10', 'A11', 'A12', 'A13', 'A14', 'A15', 'A16', 'A17', 'A18', 'A19', 'A20', 'A21', 'A22', 'A23', 'A24', 'A25', 'A26', 'A27', 'A28', 'A29', 'A30', 'A31', 'A32', 'A33', 'A34', 'A35', 'A36', 'A37', 'A38', 'A39', 'A40', 'A41', 'A42', 'A43', 'A44', 'A45', 'A46', 'A47', 'A48', 'A49', 'A50', 'A51', 'A52', 'A53', 'A54', 'A55', 'A56', 'A57', 'A58', 'A59', 'A60', 'A61', 'A62', 'A63', 'A64', 'A65', 'A66', 'A67', 'A68', 'A69', 'A70', 'A71', 'A72', 'A73', 'A74', 'A75', 'A76', 'A77', 'A78', 'A79', 'A80', 'A81', 'A82', 'A83', 'A84', 'A85', 'A86', 'A87', 'A88', 'A89', 'A90', 'A91', 'A92', 'A93', 'A94', 'A95', 'A96', 'A97', 'A98', 'A99', 'A100', 'A101', 'A102', 'A103', 'A104', 'A105', 'A106', 'A107', 'A108']
These residues will be fixed:  []
No ligand atoms parsed
Designing protein from this path: /wynton/home/rotation/geanhu/multi-state/data/string-sampling/end-states/5KPE_2_2_8.pdb
These residues will be redesigned:  ['A1', 'A2', 'A3', 'A4', 'A5', 'A6', 'A7', 'A8', 'A9', 'A10', 'A11', 'A12', 'A13', 'A14', 'A15', 'A16', 'A17', 'A18', 'A19', 'A20', 'A21', 'A22', 'A23', 'A24', 'A25', 'A26', 'A27', 'A28', 'A29', 'A30', 'A31', 'A32', 'A33', 'A34', 'A35', 'A36', 'A37', 'A38', 'A39', 'A40', 'A41', 'A42', 'A43', 'A44', 'A45', 'A46', 'A47', 'A48', 'A49', 'A50', 'A51', 'A52', 'A53', 'A54', 'A55', 'A56', 'A57', 'A58', 'A59', 'A60', 'A61', 'A62', 'A63', 'A64', 'A65', 'A66', 'A67', 'A68', 'A69', 'A70', 'A71', 'A72', 'A73', 'A74', 'A75', 'A76', 'A77', 'A78', 'A79', 'A80', 'A81', 'A82', 'A83', 'A84', 'A85', 'A86', 'A87', 'A88', 'A89', 'A90', 'A91', 'A92', 'A93', 'A94', 'A95', 'A96', 'A97', 'A98', 'A99', 'A100', 'A101', 'A102', 'A103', 'A104', 'A105', 'A106', 'A107', 'A108']
These residues will be fixed:  []
No ligand atoms parsed
Designing protein from this path: /wynton/home/rotation/geanhu/multi-state/data/string-sampling/end-states/5KPH_8_8_0.pdb
These residues will be redesigned:  ['A1', 'A2', 'A3', 'A4', 'A5', 'A6', 'A7', 'A8', 'A9', 'A10', 'A11', 'A12', 'A13', 'A14', 'A15', 'A16', 'A17', 'A18', 'A19', 'A20', 'A21', 'A22', 'A23', 'A24', 'A25', 'A26', 'A27', 'A28', 'A29', 'A30', 'A31', 'A32', 'A33', 'A34', 'A35', 'A36', 'A37', 'A38', 'A39', 'A40', 'A41', 'A42', 'A43', 'A44', 'A45', 'A46', 'A47', 'A48', 'A49', 'A50', 'A51', 'A52', 'A53', 'A54', 'A55', 'A56', 'A57', 'A58', 'A59', 'A60', 'A61', 'A62', 'A63', 'A64', 'A65', 'A66', 'A67', 'A68', 'A69', 'A70', 'A71', 'A72']
These residues will be fixed:  []
No ligand atoms parsed
Designing protein from this path: /wynton/home/rotation/geanhu/multi-state/data/string-sampling/end-states/5KPH_6_2_7.pdb
These residues will be redesigned:  ['A1', 'A2', 'A3', 'A4', 'A5', 'A6', 'A7', 'A8', 'A9', 'A10', 'A11', 'A12', 'A13', 'A14', 'A15', 'A16', 'A17', 'A18', 'A19', 'A20', 'A21', 'A22', 'A23', 'A24', 'A25', 'A26', 'A27', 'A28', 'A29', 'A30', 'A31', 'A32', 'A33', 'A34', 'A35', 'A36', 'A37', 'A38', 'A39', 'A40', 'A41', 'A42', 'A43', 'A44', 'A45', 'A46', 'A47', 'A48', 'A49', 'A50', 'A51', 'A52', 'A53', 'A54', 'A55', 'A56', 'A57', 'A58', 'A59', 'A60', 'A61', 'A62', 'A63', 'A64', 'A65', 'A66', 'A67', 'A68', 'A69', 'A70', 'A71', 'A72']
These residues will be fixed:  []
No ligand atoms parsed
Designing protein from this path: /wynton/home/rotation/geanhu/multi-state/data/string-sampling/end-states/5KPE_6_8_7.pdb
These residues will be redesigned:  ['A1', 'A2', 'A3', 'A4', 'A5', 'A6', 'A7', 'A8', 'A9', 'A10', 'A11', 'A12', 'A13', 'A14', 'A15', 'A16', 'A17', 'A18', 'A19', 'A20', 'A21', 'A22', 'A23', 'A24', 'A25', 'A26', 'A27', 'A28', 'A29', 'A30', 'A31', 'A32', 'A33', 'A34', 'A35', 'A36', 'A37', 'A38', 'A39', 'A40', 'A41', 'A42', 'A43', 'A44', 'A45', 'A46', 'A47', 'A48', 'A49', 'A50', 'A51', 'A52', 'A53', 'A54', 'A55', 'A56', 'A57', 'A58', 'A59', 'A60', 'A61', 'A62', 'A63', 'A64', 'A65', 'A66', 'A67', 'A68', 'A69', 'A70', 'A71', 'A72', 'A73', 'A74', 'A75', 'A76', 'A77', 'A78', 'A79', 'A80', 'A81', 'A82', 'A83', 'A84', 'A85', 'A86', 'A87', 'A88', 'A89', 'A90', 'A91', 'A92', 'A93', 'A94', 'A95', 'A96', 'A97', 'A98', 'A99', 'A100', 'A101', 'A102', 'A103', 'A104', 'A105', 'A106', 'A107', 'A108']
These residues will be fixed:  []
No ligand atoms parsed
Designing protein from this path: /wynton/home/rotation/geanhu/multi-state/data/string-sampling/end-states/5KPE_6_8_3.pdb
These residues will be redesigned:  ['A1', 'A2', 'A3', 'A4', 'A5', 'A6', 'A7', 'A8', 'A9', 'A10', 'A11', 'A12', 'A13', 'A14', 'A15', 'A16', 'A17', 'A18', 'A19', 'A20', 'A21', 'A22', 'A23', 'A24', 'A25', 'A26', 'A27', 'A28', 'A29', 'A30', 'A31', 'A32', 'A33', 'A34', 'A35', 'A36', 'A37', 'A38', 'A39', 'A40', 'A41', 'A42', 'A43', 'A44', 'A45', 'A46', 'A47', 'A48', 'A49', 'A50', 'A51', 'A52', 'A53', 'A54', 'A55', 'A56', 'A57', 'A58', 'A59', 'A60', 'A61', 'A62', 'A63', 'A64', 'A65', 'A66', 'A67', 'A68', 'A69', 'A70', 'A71', 'A72', 'A73', 'A74', 'A75', 'A76', 'A77', 'A78', 'A79', 'A80', 'A81', 'A82', 'A83', 'A84', 'A85', 'A86', 'A87', 'A88', 'A89', 'A90', 'A91', 'A92', 'A93', 'A94', 'A95', 'A96', 'A97', 'A98', 'A99', 'A100', 'A101', 'A102', 'A103', 'A104', 'A105', 'A106', 'A107', 'A108']
These residues will be fixed:  []
No ligand atoms parsed
Designing protein from this path: /wynton/home/rotation/geanhu/multi-state/data/string-sampling/end-states/5KPH_4_4_0.pdb
These residues will be redesigned:  ['A1', 'A2', 'A3', 'A4', 'A5', 'A6', 'A7', 'A8', 'A9', 'A10', 'A11', 'A12', 'A13', 'A14', 'A15', 'A16', 'A17', 'A18', 'A19', 'A20', 'A21', 'A22', 'A23', 'A24', 'A25', 'A26', 'A27', 'A28', 'A29', 'A30', 'A31', 'A32', 'A33', 'A34', 'A35', 'A36', 'A37', 'A38', 'A39', 'A40', 'A41', 'A42', 'A43', 'A44', 'A45', 'A46', 'A47', 'A48', 'A49', 'A50', 'A51', 'A52', 'A53', 'A54', 'A55', 'A56', 'A57', 'A58', 'A59', 'A60', 'A61', 'A62', 'A63', 'A64', 'A65', 'A66', 'A67', 'A68', 'A69', 'A70', 'A71', 'A72']
These residues will be fixed:  []
No ligand atoms parsed
Designing protein from this path: /wynton/home/rotation/geanhu/multi-state/data/string-sampling/end-states/5KPH_6_6_4.pdb
These residues will be redesigned:  ['A1', 'A2', 'A3', 'A4', 'A5', 'A6', 'A7', 'A8', 'A9', 'A10', 'A11', 'A12', 'A13', 'A14', 'A15', 'A16', 'A17', 'A18', 'A19', 'A20', 'A21', 'A22', 'A23', 'A24', 'A25', 'A26', 'A27', 'A28', 'A29', 'A30', 'A31', 'A32', 'A33', 'A34', 'A35', 'A36', 'A37', 'A38', 'A39', 'A40', 'A41', 'A42', 'A43', 'A44', 'A45', 'A46', 'A47', 'A48', 'A49', 'A50', 'A51', 'A52', 'A53', 'A54', 'A55', 'A56', 'A57', 'A58', 'A59', 'A60', 'A61', 'A62', 'A63', 'A64', 'A65', 'A66', 'A67', 'A68', 'A69', 'A70', 'A71', 'A72']
These residues will be fixed:  []
No ligand atoms parsed
Designing protein from this path: /wynton/home/rotation/geanhu/multi-state/data/string-sampling/end-states/5KPE_4_4_9.pdb
These residues will be redesigned:  ['A1', 'A2', 'A3', 'A4', 'A5', 'A6', 'A7', 'A8', 'A9', 'A10', 'A11', 'A12', 'A13', 'A14', 'A15', 'A16', 'A17', 'A18', 'A19', 'A20', 'A21', 'A22', 'A23', 'A24', 'A25', 'A26', 'A27', 'A28', 'A29', 'A30', 'A31', 'A32', 'A33', 'A34', 'A35', 'A36', 'A37', 'A38', 'A39', 'A40', 'A41', 'A42', 'A43', 'A44', 'A45', 'A46', 'A47', 'A48', 'A49', 'A50', 'A51', 'A52', 'A53', 'A54', 'A55', 'A56', 'A57', 'A58', 'A59', 'A60', 'A61', 'A62', 'A63', 'A64', 'A65', 'A66', 'A67', 'A68', 'A69', 'A70', 'A71', 'A72', 'A73', 'A74', 'A75', 'A76', 'A77', 'A78', 'A79', 'A80', 'A81', 'A82', 'A83', 'A84', 'A85', 'A86', 'A87', 'A88', 'A89', 'A90', 'A91', 'A92', 'A93', 'A94', 'A95', 'A96', 'A97', 'A98', 'A99', 'A100', 'A101', 'A102', 'A103', 'A104', 'A105', 'A106', 'A107', 'A108']
These residues will be fixed:  []
No ligand atoms parsed
Designing protein from this path: /wynton/home/rotation/geanhu/multi-state/data/string-sampling/end-states/5KPH_2_4_8.pdb
These residues will be redesigned:  ['A1', 'A2', 'A3', 'A4', 'A5', 'A6', 'A7', 'A8', 'A9', 'A10', 'A11', 'A12', 'A13', 'A14', 'A15', 'A16', 'A17', 'A18', 'A19', 'A20', 'A21', 'A22', 'A23', 'A24', 'A25', 'A26', 'A27', 'A28', 'A29', 'A30', 'A31', 'A32', 'A33', 'A34', 'A35', 'A36', 'A37', 'A38', 'A39', 'A40', 'A41', 'A42', 'A43', 'A44', 'A45', 'A46', 'A47', 'A48', 'A49', 'A50', 'A51', 'A52', 'A53', 'A54', 'A55', 'A56', 'A57', 'A58', 'A59', 'A60', 'A61', 'A62', 'A63', 'A64', 'A65', 'A66', 'A67', 'A68', 'A69', 'A70', 'A71', 'A72']
These residues will be fixed:  []
No ligand atoms parsed
Designing protein from this path: /wynton/home/rotation/geanhu/multi-state/data/string-sampling/end-states/5KPE_6_2_4.pdb
These residues will be redesigned:  ['A1', 'A2', 'A3', 'A4', 'A5', 'A6', 'A7', 'A8', 'A9', 'A10', 'A11', 'A12', 'A13', 'A14', 'A15', 'A16', 'A17', 'A18', 'A19', 'A20', 'A21', 'A22', 'A23', 'A24', 'A25', 'A26', 'A27', 'A28', 'A29', 'A30', 'A31', 'A32', 'A33', 'A34', 'A35', 'A36', 'A37', 'A38', 'A39', 'A40', 'A41', 'A42', 'A43', 'A44', 'A45', 'A46', 'A47', 'A48', 'A49', 'A50', 'A51', 'A52', 'A53', 'A54', 'A55', 'A56', 'A57', 'A58', 'A59', 'A60', 'A61', 'A62', 'A63', 'A64', 'A65', 'A66', 'A67', 'A68', 'A69', 'A70', 'A71', 'A72', 'A73', 'A74', 'A75', 'A76', 'A77', 'A78', 'A79', 'A80', 'A81', 'A82', 'A83', 'A84', 'A85', 'A86', 'A87', 'A88', 'A89', 'A90', 'A91', 'A92', 'A93', 'A94', 'A95', 'A96', 'A97', 'A98', 'A99', 'A100', 'A101', 'A102', 'A103', 'A104', 'A105', 'A106', 'A107', 'A108']
These residues will be fixed:  []
No ligand atoms parsed
Designing protein from this path: /wynton/home/rotation/geanhu/multi-state/data/string-sampling/end-states/5KPE_4_6_1.pdb
These residues will be redesigned:  ['A1', 'A2', 'A3', 'A4', 'A5', 'A6', 'A7', 'A8', 'A9', 'A10', 'A11', 'A12', 'A13', 'A14', 'A15', 'A16', 'A17', 'A18', 'A19', 'A20', 'A21', 'A22', 'A23', 'A24', 'A25', 'A26', 'A27', 'A28', 'A29', 'A30', 'A31', 'A32', 'A33', 'A34', 'A35', 'A36', 'A37', 'A38', 'A39', 'A40', 'A41', 'A42', 'A43', 'A44', 'A45', 'A46', 'A47', 'A48', 'A49', 'A50', 'A51', 'A52', 'A53', 'A54', 'A55', 'A56', 'A57', 'A58', 'A59', 'A60', 'A61', 'A62', 'A63', 'A64', 'A65', 'A66', 'A67', 'A68', 'A69', 'A70', 'A71', 'A72', 'A73', 'A74', 'A75', 'A76', 'A77', 'A78', 'A79', 'A80', 'A81', 'A82', 'A83', 'A84', 'A85', 'A86', 'A87', 'A88', 'A89', 'A90', 'A91', 'A92', 'A93', 'A94', 'A95', 'A96', 'A97', 'A98', 'A99', 'A100', 'A101', 'A102', 'A103', 'A104', 'A105', 'A106', 'A107', 'A108']
These residues will be fixed:  []
No ligand atoms parsed
Designing protein from this path: /wynton/home/rotation/geanhu/multi-state/data/string-sampling/end-states/5KPH_8_4_3.pdb
These residues will be redesigned:  ['A1', 'A2', 'A3', 'A4', 'A5', 'A6', 'A7', 'A8', 'A9', 'A10', 'A11', 'A12', 'A13', 'A14', 'A15', 'A16', 'A17', 'A18', 'A19', 'A20', 'A21', 'A22', 'A23', 'A24', 'A25', 'A26', 'A27', 'A28', 'A29', 'A30', 'A31', 'A32', 'A33', 'A34', 'A35', 'A36', 'A37', 'A38', 'A39', 'A40', 'A41', 'A42', 'A43', 'A44', 'A45', 'A46', 'A47', 'A48', 'A49', 'A50', 'A51', 'A52', 'A53', 'A54', 'A55', 'A56', 'A57', 'A58', 'A59', 'A60', 'A61', 'A62', 'A63', 'A64', 'A65', 'A66', 'A67', 'A68', 'A69', 'A70', 'A71', 'A72']
These residues will be fixed:  []
No ligand atoms parsed
Designing protein from this path: /wynton/home/rotation/geanhu/multi-state/data/string-sampling/end-states/5KPE_2_8_0.pdb
These residues will be redesigned:  ['A1', 'A2', 'A3', 'A4', 'A5', 'A6', 'A7', 'A8', 'A9', 'A10', 'A11', 'A12', 'A13', 'A14', 'A15', 'A16', 'A17', 'A18', 'A19', 'A20', 'A21', 'A22', 'A23', 'A24', 'A25', 'A26', 'A27', 'A28', 'A29', 'A30', 'A31', 'A32', 'A33', 'A34', 'A35', 'A36', 'A37', 'A38', 'A39', 'A40', 'A41', 'A42', 'A43', 'A44', 'A45', 'A46', 'A47', 'A48', 'A49', 'A50', 'A51', 'A52', 'A53', 'A54', 'A55', 'A56', 'A57', 'A58', 'A59', 'A60', 'A61', 'A62', 'A63', 'A64', 'A65', 'A66', 'A67', 'A68', 'A69', 'A70', 'A71', 'A72', 'A73', 'A74', 'A75', 'A76', 'A77', 'A78', 'A79', 'A80', 'A81', 'A82', 'A83', 'A84', 'A85', 'A86', 'A87', 'A88', 'A89', 'A90', 'A91', 'A92', 'A93', 'A94', 'A95', 'A96', 'A97', 'A98', 'A99', 'A100', 'A101', 'A102', 'A103', 'A104', 'A105', 'A106', 'A107', 'A108']
These residues will be fixed:  []
No ligand atoms parsed
Designing protein from this path: /wynton/home/rotation/geanhu/multi-state/data/string-sampling/end-states/5KPH_6_4_9.pdb
These residues will be redesigned:  ['A1', 'A2', 'A3', 'A4', 'A5', 'A6', 'A7', 'A8', 'A9', 'A10', 'A11', 'A12', 'A13', 'A14', 'A15', 'A16', 'A17', 'A18', 'A19', 'A20', 'A21', 'A22', 'A23', 'A24', 'A25', 'A26', 'A27', 'A28', 'A29', 'A30', 'A31', 'A32', 'A33', 'A34', 'A35', 'A36', 'A37', 'A38', 'A39', 'A40', 'A41', 'A42', 'A43', 'A44', 'A45', 'A46', 'A47', 'A48', 'A49', 'A50', 'A51', 'A52', 'A53', 'A54', 'A55', 'A56', 'A57', 'A58', 'A59', 'A60', 'A61', 'A62', 'A63', 'A64', 'A65', 'A66', 'A67', 'A68', 'A69', 'A70', 'A71', 'A72']
These residues will be fixed:  []
No ligand atoms parsed
Designing protein from this path: /wynton/home/rotation/geanhu/multi-state/data/string-sampling/end-states/5KPH_2_4_4.pdb
These residues will be redesigned:  ['A1', 'A2', 'A3', 'A4', 'A5', 'A6', 'A7', 'A8', 'A9', 'A10', 'A11', 'A12', 'A13', 'A14', 'A15', 'A16', 'A17', 'A18', 'A19', 'A20', 'A21', 'A22', 'A23', 'A24', 'A25', 'A26', 'A27', 'A28', 'A29', 'A30', 'A31', 'A32', 'A33', 'A34', 'A35', 'A36', 'A37', 'A38', 'A39', 'A40', 'A41', 'A42', 'A43', 'A44', 'A45', 'A46', 'A47', 'A48', 'A49', 'A50', 'A51', 'A52', 'A53', 'A54', 'A55', 'A56', 'A57', 'A58', 'A59', 'A60', 'A61', 'A62', 'A63', 'A64', 'A65', 'A66', 'A67', 'A68', 'A69', 'A70', 'A71', 'A72']
These residues will be fixed:  []
No ligand atoms parsed
Designing protein from this path: /wynton/home/rotation/geanhu/multi-state/data/string-sampling/end-states/5KPH_2_8_8.pdb
These residues will be redesigned:  ['A1', 'A2', 'A3', 'A4', 'A5', 'A6', 'A7', 'A8', 'A9', 'A10', 'A11', 'A12', 'A13', 'A14', 'A15', 'A16', 'A17', 'A18', 'A19', 'A20', 'A21', 'A22', 'A23', 'A24', 'A25', 'A26', 'A27', 'A28', 'A29', 'A30', 'A31', 'A32', 'A33', 'A34', 'A35', 'A36', 'A37', 'A38', 'A39', 'A40', 'A41', 'A42', 'A43', 'A44', 'A45', 'A46', 'A47', 'A48', 'A49', 'A50', 'A51', 'A52', 'A53', 'A54', 'A55', 'A56', 'A57', 'A58', 'A59', 'A60', 'A61', 'A62', 'A63', 'A64', 'A65', 'A66', 'A67', 'A68', 'A69', 'A70', 'A71', 'A72']
These residues will be fixed:  []
No ligand atoms parsed
Designing protein from this path: /wynton/home/rotation/geanhu/multi-state/data/string-sampling/end-states/5KPE_4_6_6.pdb
These residues will be redesigned:  ['A1', 'A2', 'A3', 'A4', 'A5', 'A6', 'A7', 'A8', 'A9', 'A10', 'A11', 'A12', 'A13', 'A14', 'A15', 'A16', 'A17', 'A18', 'A19', 'A20', 'A21', 'A22', 'A23', 'A24', 'A25', 'A26', 'A27', 'A28', 'A29', 'A30', 'A31', 'A32', 'A33', 'A34', 'A35', 'A36', 'A37', 'A38', 'A39', 'A40', 'A41', 'A42', 'A43', 'A44', 'A45', 'A46', 'A47', 'A48', 'A49', 'A50', 'A51', 'A52', 'A53', 'A54', 'A55', 'A56', 'A57', 'A58', 'A59', 'A60', 'A61', 'A62', 'A63', 'A64', 'A65', 'A66', 'A67', 'A68', 'A69', 'A70', 'A71', 'A72', 'A73', 'A74', 'A75', 'A76', 'A77', 'A78', 'A79', 'A80', 'A81', 'A82', 'A83', 'A84', 'A85', 'A86', 'A87', 'A88', 'A89', 'A90', 'A91', 'A92', 'A93', 'A94', 'A95', 'A96', 'A97', 'A98', 'A99', 'A100', 'A101', 'A102', 'A103', 'A104', 'A105', 'A106', 'A107', 'A108']
These residues will be fixed:  []
No ligand atoms parsed
Designing protein from this path: /wynton/home/rotation/geanhu/multi-state/data/string-sampling/end-states/5KPH_2_6_7.pdb
These residues will be redesigned:  ['A1', 'A2', 'A3', 'A4', 'A5', 'A6', 'A7', 'A8', 'A9', 'A10', 'A11', 'A12', 'A13', 'A14', 'A15', 'A16', 'A17', 'A18', 'A19', 'A20', 'A21', 'A22', 'A23', 'A24', 'A25', 'A26', 'A27', 'A28', 'A29', 'A30', 'A31', 'A32', 'A33', 'A34', 'A35', 'A36', 'A37', 'A38', 'A39', 'A40', 'A41', 'A42', 'A43', 'A44', 'A45', 'A46', 'A47', 'A48', 'A49', 'A50', 'A51', 'A52', 'A53', 'A54', 'A55', 'A56', 'A57', 'A58', 'A59', 'A60', 'A61', 'A62', 'A63', 'A64', 'A65', 'A66', 'A67', 'A68', 'A69', 'A70', 'A71', 'A72']
These residues will be fixed:  []
No ligand atoms parsed
Designing protein from this path: /wynton/home/rotation/geanhu/multi-state/data/string-sampling/end-states/5KPH_2_4_3.pdb
These residues will be redesigned:  ['A1', 'A2', 'A3', 'A4', 'A5', 'A6', 'A7', 'A8', 'A9', 'A10', 'A11', 'A12', 'A13', 'A14', 'A15', 'A16', 'A17', 'A18', 'A19', 'A20', 'A21', 'A22', 'A23', 'A24', 'A25', 'A26', 'A27', 'A28', 'A29', 'A30', 'A31', 'A32', 'A33', 'A34', 'A35', 'A36', 'A37', 'A38', 'A39', 'A40', 'A41', 'A42', 'A43', 'A44', 'A45', 'A46', 'A47', 'A48', 'A49', 'A50', 'A51', 'A52', 'A53', 'A54', 'A55', 'A56', 'A57', 'A58', 'A59', 'A60', 'A61', 'A62', 'A63', 'A64', 'A65', 'A66', 'A67', 'A68', 'A69', 'A70', 'A71', 'A72']
These residues will be fixed:  []
No ligand atoms parsed
Designing protein from this path: /wynton/home/rotation/geanhu/multi-state/data/string-sampling/end-states/5KPE_8_6_1.pdb
These residues will be redesigned:  ['A1', 'A2', 'A3', 'A4', 'A5', 'A6', 'A7', 'A8', 'A9', 'A10', 'A11', 'A12', 'A13', 'A14', 'A15', 'A16', 'A17', 'A18', 'A19', 'A20', 'A21', 'A22', 'A23', 'A24', 'A25', 'A26', 'A27', 'A28', 'A29', 'A30', 'A31', 'A32', 'A33', 'A34', 'A35', 'A36', 'A37', 'A38', 'A39', 'A40', 'A41', 'A42', 'A43', 'A44', 'A45', 'A46', 'A47', 'A48', 'A49', 'A50', 'A51', 'A52', 'A53', 'A54', 'A55', 'A56', 'A57', 'A58', 'A59', 'A60', 'A61', 'A62', 'A63', 'A64', 'A65', 'A66', 'A67', 'A68', 'A69', 'A70', 'A71', 'A72', 'A73', 'A74', 'A75', 'A76', 'A77', 'A78', 'A79', 'A80', 'A81', 'A82', 'A83', 'A84', 'A85', 'A86', 'A87', 'A88', 'A89', 'A90', 'A91', 'A92', 'A93', 'A94', 'A95', 'A96', 'A97', 'A98', 'A99', 'A100', 'A101', 'A102', 'A103', 'A104', 'A105', 'A106', 'A107', 'A108']
These residues will be fixed:  []
No ligand atoms parsed
Designing protein from this path: /wynton/home/rotation/geanhu/multi-state/data/string-sampling/end-states/5KPE_2_4_1.pdb
These residues will be redesigned:  ['A1', 'A2', 'A3', 'A4', 'A5', 'A6', 'A7', 'A8', 'A9', 'A10', 'A11', 'A12', 'A13', 'A14', 'A15', 'A16', 'A17', 'A18', 'A19', 'A20', 'A21', 'A22', 'A23', 'A24', 'A25', 'A26', 'A27', 'A28', 'A29', 'A30', 'A31', 'A32', 'A33', 'A34', 'A35', 'A36', 'A37', 'A38', 'A39', 'A40', 'A41', 'A42', 'A43', 'A44', 'A45', 'A46', 'A47', 'A48', 'A49', 'A50', 'A51', 'A52', 'A53', 'A54', 'A55', 'A56', 'A57', 'A58', 'A59', 'A60', 'A61', 'A62', 'A63', 'A64', 'A65', 'A66', 'A67', 'A68', 'A69', 'A70', 'A71', 'A72', 'A73', 'A74', 'A75', 'A76', 'A77', 'A78', 'A79', 'A80', 'A81', 'A82', 'A83', 'A84', 'A85', 'A86', 'A87', 'A88', 'A89', 'A90', 'A91', 'A92', 'A93', 'A94', 'A95', 'A96', 'A97', 'A98', 'A99', 'A100', 'A101', 'A102', 'A103', 'A104', 'A105', 'A106', 'A107', 'A108']
These residues will be fixed:  []
No ligand atoms parsed
Designing protein from this path: /wynton/home/rotation/geanhu/multi-state/data/string-sampling/end-states/5KPE_4_8_9.pdb
These residues will be redesigned:  ['A1', 'A2', 'A3', 'A4', 'A5', 'A6', 'A7', 'A8', 'A9', 'A10', 'A11', 'A12', 'A13', 'A14', 'A15', 'A16', 'A17', 'A18', 'A19', 'A20', 'A21', 'A22', 'A23', 'A24', 'A25', 'A26', 'A27', 'A28', 'A29', 'A30', 'A31', 'A32', 'A33', 'A34', 'A35', 'A36', 'A37', 'A38', 'A39', 'A40', 'A41', 'A42', 'A43', 'A44', 'A45', 'A46', 'A47', 'A48', 'A49', 'A50', 'A51', 'A52', 'A53', 'A54', 'A55', 'A56', 'A57', 'A58', 'A59', 'A60', 'A61', 'A62', 'A63', 'A64', 'A65', 'A66', 'A67', 'A68', 'A69', 'A70', 'A71', 'A72', 'A73', 'A74', 'A75', 'A76', 'A77', 'A78', 'A79', 'A80', 'A81', 'A82', 'A83', 'A84', 'A85', 'A86', 'A87', 'A88', 'A89', 'A90', 'A91', 'A92', 'A93', 'A94', 'A95', 'A96', 'A97', 'A98', 'A99', 'A100', 'A101', 'A102', 'A103', 'A104', 'A105', 'A106', 'A107', 'A108']
These residues will be fixed:  []
No ligand atoms parsed
Designing protein from this path: /wynton/home/rotation/geanhu/multi-state/data/string-sampling/end-states/5KPH_4_4_5.pdb
These residues will be redesigned:  ['A1', 'A2', 'A3', 'A4', 'A5', 'A6', 'A7', 'A8', 'A9', 'A10', 'A11', 'A12', 'A13', 'A14', 'A15', 'A16', 'A17', 'A18', 'A19', 'A20', 'A21', 'A22', 'A23', 'A24', 'A25', 'A26', 'A27', 'A28', 'A29', 'A30', 'A31', 'A32', 'A33', 'A34', 'A35', 'A36', 'A37', 'A38', 'A39', 'A40', 'A41', 'A42', 'A43', 'A44', 'A45', 'A46', 'A47', 'A48', 'A49', 'A50', 'A51', 'A52', 'A53', 'A54', 'A55', 'A56', 'A57', 'A58', 'A59', 'A60', 'A61', 'A62', 'A63', 'A64', 'A65', 'A66', 'A67', 'A68', 'A69', 'A70', 'A71', 'A72']
These residues will be fixed:  []
No ligand atoms parsed
Designing protein from this path: /wynton/home/rotation/geanhu/multi-state/data/string-sampling/end-states/5KPE_2_2_3.pdb
These residues will be redesigned:  ['A1', 'A2', 'A3', 'A4', 'A5', 'A6', 'A7', 'A8', 'A9', 'A10', 'A11', 'A12', 'A13', 'A14', 'A15', 'A16', 'A17', 'A18', 'A19', 'A20', 'A21', 'A22', 'A23', 'A24', 'A25', 'A26', 'A27', 'A28', 'A29', 'A30', 'A31', 'A32', 'A33', 'A34', 'A35', 'A36', 'A37', 'A38', 'A39', 'A40', 'A41', 'A42', 'A43', 'A44', 'A45', 'A46', 'A47', 'A48', 'A49', 'A50', 'A51', 'A52', 'A53', 'A54', 'A55', 'A56', 'A57', 'A58', 'A59', 'A60', 'A61', 'A62', 'A63', 'A64', 'A65', 'A66', 'A67', 'A68', 'A69', 'A70', 'A71', 'A72', 'A73', 'A74', 'A75', 'A76', 'A77', 'A78', 'A79', 'A80', 'A81', 'A82', 'A83', 'A84', 'A85', 'A86', 'A87', 'A88', 'A89', 'A90', 'A91', 'A92', 'A93', 'A94', 'A95', 'A96', 'A97', 'A98', 'A99', 'A100', 'A101', 'A102', 'A103', 'A104', 'A105', 'A106', 'A107', 'A108']
These residues will be fixed:  []
No ligand atoms parsed
Designing protein from this path: /wynton/home/rotation/geanhu/multi-state/data/string-sampling/end-states/5KPH_2_6_6.pdb
These residues will be redesigned:  ['A1', 'A2', 'A3', 'A4', 'A5', 'A6', 'A7', 'A8', 'A9', 'A10', 'A11', 'A12', 'A13', 'A14', 'A15', 'A16', 'A17', 'A18', 'A19', 'A20', 'A21', 'A22', 'A23', 'A24', 'A25', 'A26', 'A27', 'A28', 'A29', 'A30', 'A31', 'A32', 'A33', 'A34', 'A35', 'A36', 'A37', 'A38', 'A39', 'A40', 'A41', 'A42', 'A43', 'A44', 'A45', 'A46', 'A47', 'A48', 'A49', 'A50', 'A51', 'A52', 'A53', 'A54', 'A55', 'A56', 'A57', 'A58', 'A59', 'A60', 'A61', 'A62', 'A63', 'A64', 'A65', 'A66', 'A67', 'A68', 'A69', 'A70', 'A71', 'A72']
These residues will be fixed:  []
No ligand atoms parsed
Designing protein from this path: /wynton/home/rotation/geanhu/multi-state/data/string-sampling/end-states/5KPE_8_2_8.pdb
These residues will be redesigned:  ['A1', 'A2', 'A3', 'A4', 'A5', 'A6', 'A7', 'A8', 'A9', 'A10', 'A11', 'A12', 'A13', 'A14', 'A15', 'A16', 'A17', 'A18', 'A19', 'A20', 'A21', 'A22', 'A23', 'A24', 'A25', 'A26', 'A27', 'A28', 'A29', 'A30', 'A31', 'A32', 'A33', 'A34', 'A35', 'A36', 'A37', 'A38', 'A39', 'A40', 'A41', 'A42', 'A43', 'A44', 'A45', 'A46', 'A47', 'A48', 'A49', 'A50', 'A51', 'A52', 'A53', 'A54', 'A55', 'A56', 'A57', 'A58', 'A59', 'A60', 'A61', 'A62', 'A63', 'A64', 'A65', 'A66', 'A67', 'A68', 'A69', 'A70', 'A71', 'A72', 'A73', 'A74', 'A75', 'A76', 'A77', 'A78', 'A79', 'A80', 'A81', 'A82', 'A83', 'A84', 'A85', 'A86', 'A87', 'A88', 'A89', 'A90', 'A91', 'A92', 'A93', 'A94', 'A95', 'A96', 'A97', 'A98', 'A99', 'A100', 'A101', 'A102', 'A103', 'A104', 'A105', 'A106', 'A107', 'A108']
These residues will be fixed:  []
No ligand atoms parsed
Designing protein from this path: /wynton/home/rotation/geanhu/multi-state/data/string-sampling/end-states/5KPE_2_4_5.pdb
These residues will be redesigned:  ['A1', 'A2', 'A3', 'A4', 'A5', 'A6', 'A7', 'A8', 'A9', 'A10', 'A11', 'A12', 'A13', 'A14', 'A15', 'A16', 'A17', 'A18', 'A19', 'A20', 'A21', 'A22', 'A23', 'A24', 'A25', 'A26', 'A27', 'A28', 'A29', 'A30', 'A31', 'A32', 'A33', 'A34', 'A35', 'A36', 'A37', 'A38', 'A39', 'A40', 'A41', 'A42', 'A43', 'A44', 'A45', 'A46', 'A47', 'A48', 'A49', 'A50', 'A51', 'A52', 'A53', 'A54', 'A55', 'A56', 'A57', 'A58', 'A59', 'A60', 'A61', 'A62', 'A63', 'A64', 'A65', 'A66', 'A67', 'A68', 'A69', 'A70', 'A71', 'A72', 'A73', 'A74', 'A75', 'A76', 'A77', 'A78', 'A79', 'A80', 'A81', 'A82', 'A83', 'A84', 'A85', 'A86', 'A87', 'A88', 'A89', 'A90', 'A91', 'A92', 'A93', 'A94', 'A95', 'A96', 'A97', 'A98', 'A99', 'A100', 'A101', 'A102', 'A103', 'A104', 'A105', 'A106', 'A107', 'A108']
These residues will be fixed:  []
No ligand atoms parsed
Designing protein from this path: /wynton/home/rotation/geanhu/multi-state/data/string-sampling/end-states/5KPE_4_4_8.pdb
These residues will be redesigned:  ['A1', 'A2', 'A3', 'A4', 'A5', 'A6', 'A7', 'A8', 'A9', 'A10', 'A11', 'A12', 'A13', 'A14', 'A15', 'A16', 'A17', 'A18', 'A19', 'A20', 'A21', 'A22', 'A23', 'A24', 'A25', 'A26', 'A27', 'A28', 'A29', 'A30', 'A31', 'A32', 'A33', 'A34', 'A35', 'A36', 'A37', 'A38', 'A39', 'A40', 'A41', 'A42', 'A43', 'A44', 'A45', 'A46', 'A47', 'A48', 'A49', 'A50', 'A51', 'A52', 'A53', 'A54', 'A55', 'A56', 'A57', 'A58', 'A59', 'A60', 'A61', 'A62', 'A63', 'A64', 'A65', 'A66', 'A67', 'A68', 'A69', 'A70', 'A71', 'A72', 'A73', 'A74', 'A75', 'A76', 'A77', 'A78', 'A79', 'A80', 'A81', 'A82', 'A83', 'A84', 'A85', 'A86', 'A87', 'A88', 'A89', 'A90', 'A91', 'A92', 'A93', 'A94', 'A95', 'A96', 'A97', 'A98', 'A99', 'A100', 'A101', 'A102', 'A103', 'A104', 'A105', 'A106', 'A107', 'A108']
These residues will be fixed:  []
No ligand atoms parsed
Designing protein from this path: /wynton/home/rotation/geanhu/multi-state/data/string-sampling/end-states/5KPE_4_2_8.pdb
These residues will be redesigned:  ['A1', 'A2', 'A3', 'A4', 'A5', 'A6', 'A7', 'A8', 'A9', 'A10', 'A11', 'A12', 'A13', 'A14', 'A15', 'A16', 'A17', 'A18', 'A19', 'A20', 'A21', 'A22', 'A23', 'A24', 'A25', 'A26', 'A27', 'A28', 'A29', 'A30', 'A31', 'A32', 'A33', 'A34', 'A35', 'A36', 'A37', 'A38', 'A39', 'A40', 'A41', 'A42', 'A43', 'A44', 'A45', 'A46', 'A47', 'A48', 'A49', 'A50', 'A51', 'A52', 'A53', 'A54', 'A55', 'A56', 'A57', 'A58', 'A59', 'A60', 'A61', 'A62', 'A63', 'A64', 'A65', 'A66', 'A67', 'A68', 'A69', 'A70', 'A71', 'A72', 'A73', 'A74', 'A75', 'A76', 'A77', 'A78', 'A79', 'A80', 'A81', 'A82', 'A83', 'A84', 'A85', 'A86', 'A87', 'A88', 'A89', 'A90', 'A91', 'A92', 'A93', 'A94', 'A95', 'A96', 'A97', 'A98', 'A99', 'A100', 'A101', 'A102', 'A103', 'A104', 'A105', 'A106', 'A107', 'A108']
These residues will be fixed:  []
No ligand atoms parsed
Designing protein from this path: /wynton/home/rotation/geanhu/multi-state/data/string-sampling/end-states/5KPH_4_4_3.pdb
These residues will be redesigned:  ['A1', 'A2', 'A3', 'A4', 'A5', 'A6', 'A7', 'A8', 'A9', 'A10', 'A11', 'A12', 'A13', 'A14', 'A15', 'A16', 'A17', 'A18', 'A19', 'A20', 'A21', 'A22', 'A23', 'A24', 'A25', 'A26', 'A27', 'A28', 'A29', 'A30', 'A31', 'A32', 'A33', 'A34', 'A35', 'A36', 'A37', 'A38', 'A39', 'A40', 'A41', 'A42', 'A43', 'A44', 'A45', 'A46', 'A47', 'A48', 'A49', 'A50', 'A51', 'A52', 'A53', 'A54', 'A55', 'A56', 'A57', 'A58', 'A59', 'A60', 'A61', 'A62', 'A63', 'A64', 'A65', 'A66', 'A67', 'A68', 'A69', 'A70', 'A71', 'A72']
These residues will be fixed:  []
No ligand atoms parsed
Designing protein from this path: /wynton/home/rotation/geanhu/multi-state/data/string-sampling/end-states/5KPH_8_2_4.pdb
These residues will be redesigned:  ['A1', 'A2', 'A3', 'A4', 'A5', 'A6', 'A7', 'A8', 'A9', 'A10', 'A11', 'A12', 'A13', 'A14', 'A15', 'A16', 'A17', 'A18', 'A19', 'A20', 'A21', 'A22', 'A23', 'A24', 'A25', 'A26', 'A27', 'A28', 'A29', 'A30', 'A31', 'A32', 'A33', 'A34', 'A35', 'A36', 'A37', 'A38', 'A39', 'A40', 'A41', 'A42', 'A43', 'A44', 'A45', 'A46', 'A47', 'A48', 'A49', 'A50', 'A51', 'A52', 'A53', 'A54', 'A55', 'A56', 'A57', 'A58', 'A59', 'A60', 'A61', 'A62', 'A63', 'A64', 'A65', 'A66', 'A67', 'A68', 'A69', 'A70', 'A71', 'A72']
These residues will be fixed:  []
No ligand atoms parsed
Designing protein from this path: /wynton/home/rotation/geanhu/multi-state/data/string-sampling/end-states/5KPH_2_8_5.pdb
These residues will be redesigned:  ['A1', 'A2', 'A3', 'A4', 'A5', 'A6', 'A7', 'A8', 'A9', 'A10', 'A11', 'A12', 'A13', 'A14', 'A15', 'A16', 'A17', 'A18', 'A19', 'A20', 'A21', 'A22', 'A23', 'A24', 'A25', 'A26', 'A27', 'A28', 'A29', 'A30', 'A31', 'A32', 'A33', 'A34', 'A35', 'A36', 'A37', 'A38', 'A39', 'A40', 'A41', 'A42', 'A43', 'A44', 'A45', 'A46', 'A47', 'A48', 'A49', 'A50', 'A51', 'A52', 'A53', 'A54', 'A55', 'A56', 'A57', 'A58', 'A59', 'A60', 'A61', 'A62', 'A63', 'A64', 'A65', 'A66', 'A67', 'A68', 'A69', 'A70', 'A71', 'A72']
These residues will be fixed:  []
No ligand atoms parsed
Designing protein from this path: /wynton/home/rotation/geanhu/multi-state/data/string-sampling/end-states/5KPE_4_8_0.pdb
These residues will be redesigned:  ['A1', 'A2', 'A3', 'A4', 'A5', 'A6', 'A7', 'A8', 'A9', 'A10', 'A11', 'A12', 'A13', 'A14', 'A15', 'A16', 'A17', 'A18', 'A19', 'A20', 'A21', 'A22', 'A23', 'A24', 'A25', 'A26', 'A27', 'A28', 'A29', 'A30', 'A31', 'A32', 'A33', 'A34', 'A35', 'A36', 'A37', 'A38', 'A39', 'A40', 'A41', 'A42', 'A43', 'A44', 'A45', 'A46', 'A47', 'A48', 'A49', 'A50', 'A51', 'A52', 'A53', 'A54', 'A55', 'A56', 'A57', 'A58', 'A59', 'A60', 'A61', 'A62', 'A63', 'A64', 'A65', 'A66', 'A67', 'A68', 'A69', 'A70', 'A71', 'A72', 'A73', 'A74', 'A75', 'A76', 'A77', 'A78', 'A79', 'A80', 'A81', 'A82', 'A83', 'A84', 'A85', 'A86', 'A87', 'A88', 'A89', 'A90', 'A91', 'A92', 'A93', 'A94', 'A95', 'A96', 'A97', 'A98', 'A99', 'A100', 'A101', 'A102', 'A103', 'A104', 'A105', 'A106', 'A107', 'A108']
These residues will be fixed:  []
No ligand atoms parsed
Designing protein from this path: /wynton/home/rotation/geanhu/multi-state/data/string-sampling/end-states/5KPH_8_6_2.pdb
These residues will be redesigned:  ['A1', 'A2', 'A3', 'A4', 'A5', 'A6', 'A7', 'A8', 'A9', 'A10', 'A11', 'A12', 'A13', 'A14', 'A15', 'A16', 'A17', 'A18', 'A19', 'A20', 'A21', 'A22', 'A23', 'A24', 'A25', 'A26', 'A27', 'A28', 'A29', 'A30', 'A31', 'A32', 'A33', 'A34', 'A35', 'A36', 'A37', 'A38', 'A39', 'A40', 'A41', 'A42', 'A43', 'A44', 'A45', 'A46', 'A47', 'A48', 'A49', 'A50', 'A51', 'A52', 'A53', 'A54', 'A55', 'A56', 'A57', 'A58', 'A59', 'A60', 'A61', 'A62', 'A63', 'A64', 'A65', 'A66', 'A67', 'A68', 'A69', 'A70', 'A71', 'A72']
These residues will be fixed:  []
No ligand atoms parsed
Designing protein from this path: /wynton/home/rotation/geanhu/multi-state/data/string-sampling/end-states/5KPE_2_6_0.pdb
These residues will be redesigned:  ['A1', 'A2', 'A3', 'A4', 'A5', 'A6', 'A7', 'A8', 'A9', 'A10', 'A11', 'A12', 'A13', 'A14', 'A15', 'A16', 'A17', 'A18', 'A19', 'A20', 'A21', 'A22', 'A23', 'A24', 'A25', 'A26', 'A27', 'A28', 'A29', 'A30', 'A31', 'A32', 'A33', 'A34', 'A35', 'A36', 'A37', 'A38', 'A39', 'A40', 'A41', 'A42', 'A43', 'A44', 'A45', 'A46', 'A47', 'A48', 'A49', 'A50', 'A51', 'A52', 'A53', 'A54', 'A55', 'A56', 'A57', 'A58', 'A59', 'A60', 'A61', 'A62', 'A63', 'A64', 'A65', 'A66', 'A67', 'A68', 'A69', 'A70', 'A71', 'A72', 'A73', 'A74', 'A75', 'A76', 'A77', 'A78', 'A79', 'A80', 'A81', 'A82', 'A83', 'A84', 'A85', 'A86', 'A87', 'A88', 'A89', 'A90', 'A91', 'A92', 'A93', 'A94', 'A95', 'A96', 'A97', 'A98', 'A99', 'A100', 'A101', 'A102', 'A103', 'A104', 'A105', 'A106', 'A107', 'A108']
These residues will be fixed:  []
No ligand atoms parsed
Designing protein from this path: /wynton/home/rotation/geanhu/multi-state/data/string-sampling/end-states/5KPE_2_2_6.pdb
These residues will be redesigned:  ['A1', 'A2', 'A3', 'A4', 'A5', 'A6', 'A7', 'A8', 'A9', 'A10', 'A11', 'A12', 'A13', 'A14', 'A15', 'A16', 'A17', 'A18', 'A19', 'A20', 'A21', 'A22', 'A23', 'A24', 'A25', 'A26', 'A27', 'A28', 'A29', 'A30', 'A31', 'A32', 'A33', 'A34', 'A35', 'A36', 'A37', 'A38', 'A39', 'A40', 'A41', 'A42', 'A43', 'A44', 'A45', 'A46', 'A47', 'A48', 'A49', 'A50', 'A51', 'A52', 'A53', 'A54', 'A55', 'A56', 'A57', 'A58', 'A59', 'A60', 'A61', 'A62', 'A63', 'A64', 'A65', 'A66', 'A67', 'A68', 'A69', 'A70', 'A71', 'A72', 'A73', 'A74', 'A75', 'A76', 'A77', 'A78', 'A79', 'A80', 'A81', 'A82', 'A83', 'A84', 'A85', 'A86', 'A87', 'A88', 'A89', 'A90', 'A91', 'A92', 'A93', 'A94', 'A95', 'A96', 'A97', 'A98', 'A99', 'A100', 'A101', 'A102', 'A103', 'A104', 'A105', 'A106', 'A107', 'A108']
These residues will be fixed:  []
No ligand atoms parsed
Designing protein from this path: /wynton/home/rotation/geanhu/multi-state/data/string-sampling/end-states/5KPH_4_8_3.pdb
These residues will be redesigned:  ['A1', 'A2', 'A3', 'A4', 'A5', 'A6', 'A7', 'A8', 'A9', 'A10', 'A11', 'A12', 'A13', 'A14', 'A15', 'A16', 'A17', 'A18', 'A19', 'A20', 'A21', 'A22', 'A23', 'A24', 'A25', 'A26', 'A27', 'A28', 'A29', 'A30', 'A31', 'A32', 'A33', 'A34', 'A35', 'A36', 'A37', 'A38', 'A39', 'A40', 'A41', 'A42', 'A43', 'A44', 'A45', 'A46', 'A47', 'A48', 'A49', 'A50', 'A51', 'A52', 'A53', 'A54', 'A55', 'A56', 'A57', 'A58', 'A59', 'A60', 'A61', 'A62', 'A63', 'A64', 'A65', 'A66', 'A67', 'A68', 'A69', 'A70', 'A71', 'A72']
These residues will be fixed:  []
No ligand atoms parsed
Designing protein from this path: /wynton/home/rotation/geanhu/multi-state/data/string-sampling/end-states/5KPH_2_6_2.pdb
These residues will be redesigned:  ['A1', 'A2', 'A3', 'A4', 'A5', 'A6', 'A7', 'A8', 'A9', 'A10', 'A11', 'A12', 'A13', 'A14', 'A15', 'A16', 'A17', 'A18', 'A19', 'A20', 'A21', 'A22', 'A23', 'A24', 'A25', 'A26', 'A27', 'A28', 'A29', 'A30', 'A31', 'A32', 'A33', 'A34', 'A35', 'A36', 'A37', 'A38', 'A39', 'A40', 'A41', 'A42', 'A43', 'A44', 'A45', 'A46', 'A47', 'A48', 'A49', 'A50', 'A51', 'A52', 'A53', 'A54', 'A55', 'A56', 'A57', 'A58', 'A59', 'A60', 'A61', 'A62', 'A63', 'A64', 'A65', 'A66', 'A67', 'A68', 'A69', 'A70', 'A71', 'A72']
These residues will be fixed:  []
No ligand atoms parsed
Designing protein from this path: /wynton/home/rotation/geanhu/multi-state/data/string-sampling/end-states/5KPE_6_8_6.pdb
These residues will be redesigned:  ['A1', 'A2', 'A3', 'A4', 'A5', 'A6', 'A7', 'A8', 'A9', 'A10', 'A11', 'A12', 'A13', 'A14', 'A15', 'A16', 'A17', 'A18', 'A19', 'A20', 'A21', 'A22', 'A23', 'A24', 'A25', 'A26', 'A27', 'A28', 'A29', 'A30', 'A31', 'A32', 'A33', 'A34', 'A35', 'A36', 'A37', 'A38', 'A39', 'A40', 'A41', 'A42', 'A43', 'A44', 'A45', 'A46', 'A47', 'A48', 'A49', 'A50', 'A51', 'A52', 'A53', 'A54', 'A55', 'A56', 'A57', 'A58', 'A59', 'A60', 'A61', 'A62', 'A63', 'A64', 'A65', 'A66', 'A67', 'A68', 'A69', 'A70', 'A71', 'A72', 'A73', 'A74', 'A75', 'A76', 'A77', 'A78', 'A79', 'A80', 'A81', 'A82', 'A83', 'A84', 'A85', 'A86', 'A87', 'A88', 'A89', 'A90', 'A91', 'A92', 'A93', 'A94', 'A95', 'A96', 'A97', 'A98', 'A99', 'A100', 'A101', 'A102', 'A103', 'A104', 'A105', 'A106', 'A107', 'A108']
These residues will be fixed:  []
No ligand atoms parsed
Designing protein from this path: /wynton/home/rotation/geanhu/multi-state/data/string-sampling/end-states/5KPH_8_6_7.pdb
These residues will be redesigned:  ['A1', 'A2', 'A3', 'A4', 'A5', 'A6', 'A7', 'A8', 'A9', 'A10', 'A11', 'A12', 'A13', 'A14', 'A15', 'A16', 'A17', 'A18', 'A19', 'A20', 'A21', 'A22', 'A23', 'A24', 'A25', 'A26', 'A27', 'A28', 'A29', 'A30', 'A31', 'A32', 'A33', 'A34', 'A35', 'A36', 'A37', 'A38', 'A39', 'A40', 'A41', 'A42', 'A43', 'A44', 'A45', 'A46', 'A47', 'A48', 'A49', 'A50', 'A51', 'A52', 'A53', 'A54', 'A55', 'A56', 'A57', 'A58', 'A59', 'A60', 'A61', 'A62', 'A63', 'A64', 'A65', 'A66', 'A67', 'A68', 'A69', 'A70', 'A71', 'A72']
These residues will be fixed:  []
No ligand atoms parsed
Designing protein from this path: /wynton/home/rotation/geanhu/multi-state/data/string-sampling/end-states/5KPH_6_6_3.pdb
These residues will be redesigned:  ['A1', 'A2', 'A3', 'A4', 'A5', 'A6', 'A7', 'A8', 'A9', 'A10', 'A11', 'A12', 'A13', 'A14', 'A15', 'A16', 'A17', 'A18', 'A19', 'A20', 'A21', 'A22', 'A23', 'A24', 'A25', 'A26', 'A27', 'A28', 'A29', 'A30', 'A31', 'A32', 'A33', 'A34', 'A35', 'A36', 'A37', 'A38', 'A39', 'A40', 'A41', 'A42', 'A43', 'A44', 'A45', 'A46', 'A47', 'A48', 'A49', 'A50', 'A51', 'A52', 'A53', 'A54', 'A55', 'A56', 'A57', 'A58', 'A59', 'A60', 'A61', 'A62', 'A63', 'A64', 'A65', 'A66', 'A67', 'A68', 'A69', 'A70', 'A71', 'A72']
These residues will be fixed:  []
No ligand atoms parsed
Designing protein from this path: /wynton/home/rotation/geanhu/multi-state/data/string-sampling/end-states/5KPE_4_6_4.pdb
These residues will be redesigned:  ['A1', 'A2', 'A3', 'A4', 'A5', 'A6', 'A7', 'A8', 'A9', 'A10', 'A11', 'A12', 'A13', 'A14', 'A15', 'A16', 'A17', 'A18', 'A19', 'A20', 'A21', 'A22', 'A23', 'A24', 'A25', 'A26', 'A27', 'A28', 'A29', 'A30', 'A31', 'A32', 'A33', 'A34', 'A35', 'A36', 'A37', 'A38', 'A39', 'A40', 'A41', 'A42', 'A43', 'A44', 'A45', 'A46', 'A47', 'A48', 'A49', 'A50', 'A51', 'A52', 'A53', 'A54', 'A55', 'A56', 'A57', 'A58', 'A59', 'A60', 'A61', 'A62', 'A63', 'A64', 'A65', 'A66', 'A67', 'A68', 'A69', 'A70', 'A71', 'A72', 'A73', 'A74', 'A75', 'A76', 'A77', 'A78', 'A79', 'A80', 'A81', 'A82', 'A83', 'A84', 'A85', 'A86', 'A87', 'A88', 'A89', 'A90', 'A91', 'A92', 'A93', 'A94', 'A95', 'A96', 'A97', 'A98', 'A99', 'A100', 'A101', 'A102', 'A103', 'A104', 'A105', 'A106', 'A107', 'A108']
These residues will be fixed:  []
No ligand atoms parsed
Designing protein from this path: /wynton/home/rotation/geanhu/multi-state/data/string-sampling/end-states/5KPH_2_2_5.pdb
These residues will be redesigned:  ['A1', 'A2', 'A3', 'A4', 'A5', 'A6', 'A7', 'A8', 'A9', 'A10', 'A11', 'A12', 'A13', 'A14', 'A15', 'A16', 'A17', 'A18', 'A19', 'A20', 'A21', 'A22', 'A23', 'A24', 'A25', 'A26', 'A27', 'A28', 'A29', 'A30', 'A31', 'A32', 'A33', 'A34', 'A35', 'A36', 'A37', 'A38', 'A39', 'A40', 'A41', 'A42', 'A43', 'A44', 'A45', 'A46', 'A47', 'A48', 'A49', 'A50', 'A51', 'A52', 'A53', 'A54', 'A55', 'A56', 'A57', 'A58', 'A59', 'A60', 'A61', 'A62', 'A63', 'A64', 'A65', 'A66', 'A67', 'A68', 'A69', 'A70', 'A71', 'A72']
These residues will be fixed:  []
No ligand atoms parsed
Designing protein from this path: /wynton/home/rotation/geanhu/multi-state/data/string-sampling/end-states/5KPH_4_6_2.pdb
These residues will be redesigned:  ['A1', 'A2', 'A3', 'A4', 'A5', 'A6', 'A7', 'A8', 'A9', 'A10', 'A11', 'A12', 'A13', 'A14', 'A15', 'A16', 'A17', 'A18', 'A19', 'A20', 'A21', 'A22', 'A23', 'A24', 'A25', 'A26', 'A27', 'A28', 'A29', 'A30', 'A31', 'A32', 'A33', 'A34', 'A35', 'A36', 'A37', 'A38', 'A39', 'A40', 'A41', 'A42', 'A43', 'A44', 'A45', 'A46', 'A47', 'A48', 'A49', 'A50', 'A51', 'A52', 'A53', 'A54', 'A55', 'A56', 'A57', 'A58', 'A59', 'A60', 'A61', 'A62', 'A63', 'A64', 'A65', 'A66', 'A67', 'A68', 'A69', 'A70', 'A71', 'A72']
These residues will be fixed:  []
No ligand atoms parsed
Designing protein from this path: /wynton/home/rotation/geanhu/multi-state/data/string-sampling/end-states/5KPE_6_8_4.pdb
These residues will be redesigned:  ['A1', 'A2', 'A3', 'A4', 'A5', 'A6', 'A7', 'A8', 'A9', 'A10', 'A11', 'A12', 'A13', 'A14', 'A15', 'A16', 'A17', 'A18', 'A19', 'A20', 'A21', 'A22', 'A23', 'A24', 'A25', 'A26', 'A27', 'A28', 'A29', 'A30', 'A31', 'A32', 'A33', 'A34', 'A35', 'A36', 'A37', 'A38', 'A39', 'A40', 'A41', 'A42', 'A43', 'A44', 'A45', 'A46', 'A47', 'A48', 'A49', 'A50', 'A51', 'A52', 'A53', 'A54', 'A55', 'A56', 'A57', 'A58', 'A59', 'A60', 'A61', 'A62', 'A63', 'A64', 'A65', 'A66', 'A67', 'A68', 'A69', 'A70', 'A71', 'A72', 'A73', 'A74', 'A75', 'A76', 'A77', 'A78', 'A79', 'A80', 'A81', 'A82', 'A83', 'A84', 'A85', 'A86', 'A87', 'A88', 'A89', 'A90', 'A91', 'A92', 'A93', 'A94', 'A95', 'A96', 'A97', 'A98', 'A99', 'A100', 'A101', 'A102', 'A103', 'A104', 'A105', 'A106', 'A107', 'A108']
These residues will be fixed:  []
No ligand atoms parsed
Designing protein from this path: /wynton/home/rotation/geanhu/multi-state/data/string-sampling/end-states/5KPE_2_6_4.pdb
These residues will be redesigned:  ['A1', 'A2', 'A3', 'A4', 'A5', 'A6', 'A7', 'A8', 'A9', 'A10', 'A11', 'A12', 'A13', 'A14', 'A15', 'A16', 'A17', 'A18', 'A19', 'A20', 'A21', 'A22', 'A23', 'A24', 'A25', 'A26', 'A27', 'A28', 'A29', 'A30', 'A31', 'A32', 'A33', 'A34', 'A35', 'A36', 'A37', 'A38', 'A39', 'A40', 'A41', 'A42', 'A43', 'A44', 'A45', 'A46', 'A47', 'A48', 'A49', 'A50', 'A51', 'A52', 'A53', 'A54', 'A55', 'A56', 'A57', 'A58', 'A59', 'A60', 'A61', 'A62', 'A63', 'A64', 'A65', 'A66', 'A67', 'A68', 'A69', 'A70', 'A71', 'A72', 'A73', 'A74', 'A75', 'A76', 'A77', 'A78', 'A79', 'A80', 'A81', 'A82', 'A83', 'A84', 'A85', 'A86', 'A87', 'A88', 'A89', 'A90', 'A91', 'A92', 'A93', 'A94', 'A95', 'A96', 'A97', 'A98', 'A99', 'A100', 'A101', 'A102', 'A103', 'A104', 'A105', 'A106', 'A107', 'A108']
These residues will be fixed:  []
No ligand atoms parsed
Designing protein from this path: /wynton/home/rotation/geanhu/multi-state/data/string-sampling/end-states/5KPH_2_8_6.pdb
These residues will be redesigned:  ['A1', 'A2', 'A3', 'A4', 'A5', 'A6', 'A7', 'A8', 'A9', 'A10', 'A11', 'A12', 'A13', 'A14', 'A15', 'A16', 'A17', 'A18', 'A19', 'A20', 'A21', 'A22', 'A23', 'A24', 'A25', 'A26', 'A27', 'A28', 'A29', 'A30', 'A31', 'A32', 'A33', 'A34', 'A35', 'A36', 'A37', 'A38', 'A39', 'A40', 'A41', 'A42', 'A43', 'A44', 'A45', 'A46', 'A47', 'A48', 'A49', 'A50', 'A51', 'A52', 'A53', 'A54', 'A55', 'A56', 'A57', 'A58', 'A59', 'A60', 'A61', 'A62', 'A63', 'A64', 'A65', 'A66', 'A67', 'A68', 'A69', 'A70', 'A71', 'A72']
These residues will be fixed:  []
No ligand atoms parsed
Designing protein from this path: /wynton/home/rotation/geanhu/multi-state/data/string-sampling/end-states/5KPE_2_8_7.pdb
These residues will be redesigned:  ['A1', 'A2', 'A3', 'A4', 'A5', 'A6', 'A7', 'A8', 'A9', 'A10', 'A11', 'A12', 'A13', 'A14', 'A15', 'A16', 'A17', 'A18', 'A19', 'A20', 'A21', 'A22', 'A23', 'A24', 'A25', 'A26', 'A27', 'A28', 'A29', 'A30', 'A31', 'A32', 'A33', 'A34', 'A35', 'A36', 'A37', 'A38', 'A39', 'A40', 'A41', 'A42', 'A43', 'A44', 'A45', 'A46', 'A47', 'A48', 'A49', 'A50', 'A51', 'A52', 'A53', 'A54', 'A55', 'A56', 'A57', 'A58', 'A59', 'A60', 'A61', 'A62', 'A63', 'A64', 'A65', 'A66', 'A67', 'A68', 'A69', 'A70', 'A71', 'A72', 'A73', 'A74', 'A75', 'A76', 'A77', 'A78', 'A79', 'A80', 'A81', 'A82', 'A83', 'A84', 'A85', 'A86', 'A87', 'A88', 'A89', 'A90', 'A91', 'A92', 'A93', 'A94', 'A95', 'A96', 'A97', 'A98', 'A99', 'A100', 'A101', 'A102', 'A103', 'A104', 'A105', 'A106', 'A107', 'A108']
These residues will be fixed:  []
No ligand atoms parsed
Designing protein from this path: /wynton/home/rotation/geanhu/multi-state/data/string-sampling/end-states/5KPH_6_8_7.pdb
These residues will be redesigned:  ['A1', 'A2', 'A3', 'A4', 'A5', 'A6', 'A7', 'A8', 'A9', 'A10', 'A11', 'A12', 'A13', 'A14', 'A15', 'A16', 'A17', 'A18', 'A19', 'A20', 'A21', 'A22', 'A23', 'A24', 'A25', 'A26', 'A27', 'A28', 'A29', 'A30', 'A31', 'A32', 'A33', 'A34', 'A35', 'A36', 'A37', 'A38', 'A39', 'A40', 'A41', 'A42', 'A43', 'A44', 'A45', 'A46', 'A47', 'A48', 'A49', 'A50', 'A51', 'A52', 'A53', 'A54', 'A55', 'A56', 'A57', 'A58', 'A59', 'A60', 'A61', 'A62', 'A63', 'A64', 'A65', 'A66', 'A67', 'A68', 'A69', 'A70', 'A71', 'A72']
These residues will be fixed:  []
No ligand atoms parsed
End: Sun Jul 12 17:35:24 PDT 2026
