Start: Tue Jul 28 13:45:28 PDT 2026
qb3-id249.wynton.ucsf.edu
==============================================================
job_number:                 4321614
exec_file:                  job_scripts/4321614
submission_time:            Tue Jul 28 13:44:02 2026
owner:                      geanhu
uid:                        64854
group:                      wynton-rotation
gid:                        60001
sge_o_home:                 /wynton/home/rotation/geanhu
sge_o_log_name:             geanhu
sge_o_path:                 /wynton/home/rotation/geanhu/.conda/envs/analysis/bin:/wynton/home/cbi/shared/software/CBI/miniforge3-26.3.2-2/condabin:/wynton/home/cbi/shared/software/CBI/miniforge3-26.3.2-2/bin:/wynton/home/rotation/geanhu/.local/bin:/wynton/home/rotation/geanhu/bin:/opt/sge/bin:/opt/sge/bin/lx-amd64:/usr/local/bin:/usr/bin:/usr/local/sbin:/usr/sbin:/wynton/home/ferrin/goddard/localcolabfold/localcolabfold/colabfold-conda/bin:/wynton/home/kortemme/xingjiepan/Softwares/Rosetta/Rosetta/main/source/bin
sge_o_shell:                /bin/bash
sge_o_workdir:              /wynton/home/rotation/geanhu/multi-state/scripts
sge_o_host:                 dev2
account:                    sge
cwd:                        /wynton/home/rotation/geanhu/multi-state/scripts
merge:                      y
hard resource_list:         h_rt=10800,mem_free=32G,scratch=1G
mail_list:                  geanhu@dev2.wynton.ucsf.edu
notify:                     FALSE
job_name:                   mpnn
stdout_path_list:           NONE:NONE:logs/mpnn/$JOB_ID.log
jobshare:                   0
hard_queue_list:            long.q
shell_list:                 NONE:/bin/bash
env_list:                   TERM=NONE
script_file:                solublempnn.sh
project:                    wynton-rotation
binding:                    NONE
job_type:                   NONE
usage         1:            cpu=00:00:00, mem=0.00000 GB s, io=0.00000 GB, vmem=N/A, maxvmem=N/A
binding       1:            NONE
scheduling info:            (Collecting of scheduler job information is turned off)
------Start of script-------
#!/bin/bash
#$ -S /bin/bash
#$ -q long.q
#$ -cwd
#$ -N mpnn
#$ -o logs/mpnn/$JOB_ID.log
#$ -j y
#$ -l h_rt=03:00:00
#$ -l mem_free=32G
#$ -l scratch=1G

# metadata
echo "Start: $(date)"
echo "$(hostname)"
[[ -n "$JOB_ID" ]] && qstat -j "$JOB_ID"
echo "------Start of script-------"
cat "$0"
echo "-------End of script---------"

# setup env
module load CBI miniforge3
conda activate ligandmpnn

# disable GPU
export CUDA_VISIBLE_DEVICES=""

# run
python ~/software/LigandMPNN/run.py \
    --model_type "soluble_mpnn" \
    --checkpoint_soluble_mpnn "$HOME/software/LigandMPNN/model_params/solublempnn_v_48_002.pt" \
    --pdb_path_multi "/wynton/home/rotation/geanhu/multi-state/data/string-sampling/5KPE-5KPH_filtered_combined.json" \
    --out_folder "/wynton/home/rotation/geanhu/multi-state/data/mpnn-output/5KPE-5KPH_multi-state/temp3" \
    --seed 44 \
    --temperature 0.3 \
    --omit_AA "CH" \
    --batch_size 1 \
    --number_of_batches 24 \
    --bias_AA 'A:-0.5,E:-0.25,K:-0.25' \
    --homo_oligomer 1

#end
echo "End: $(date)"-------End of script---------
Designing protein from this path: /wynton/home/rotation/geanhu/multi-state/data/string-sampling/combined/5KPE_2_2_0_combined.pdb
These residues will be redesigned:  ['A1', 'A2', 'A3', 'A4', 'A5', 'A6', 'A7', 'A8', 'A9', 'A10', 'A11', 'A12', 'A13', 'A14', 'A15', 'A16', 'A17', 'A18', 'A19', 'A20', 'A21', 'A22', 'A23', 'A24', 'A25', 'A26', 'A27', 'A28', 'A29', 'A30', 'A31', 'A32', 'A33', 'A34', 'A35', 'A36', 'A37', 'A38', 'A39', 'A40', 'A41', 'A42', 'A43', 'A44', 'A45', 'A46', 'A47', 'A48', 'A49', 'A50', 'A51', 'A52', 'A53', 'A54', 'A55', 'A56', 'A57', 'A58', 'A59', 'A60', 'A61', 'A62', 'A63', 'A64', 'A65', 'A66', 'A67', 'A68', 'A69', 'A70', 'A71', 'A72', 'A73', 'A74', 'A75', 'A76', 'A77', 'A78', 'A79', 'A80', 'A81', 'A82', 'A83', 'A84', 'A85', 'A86', 'A87', 'A88', 'A89', 'A90', 'A91', 'A92', 'A93', 'A94', 'A95', 'A96', 'A97', 'A98', 'A99', 'A100', 'A101', 'A102', 'A103', 'A104', 'A105', 'A106', 'A107', 'A108', 'B1', 'B2', 'B3', 'B4', 'B5', 'B6', 'B7', 'B8', 'B9', 'B10', 'B11', 'B12', 'B13', 'B14', 'B15', 'B16', 'B17', 'B18', 'B19', 'B20', 'B21', 'B22', 'B23', 'B24', 'B25', 'B26', 'B27', 'B28', 'B29', 'B30', 'B31', 'B32', 'B33', 'B34', 'B35', 'B36', 'B37', 'B38', 'B39', 'B40', 'B41', 'B42', 'B43', 'B44', 'B45', 'B46', 'B47', 'B48', 'B49', 'B50', 'B51', 'B52', 'B53', 'B54', 'B55', 'B56', 'B57', 'B58', 'B59', 'B60', 'B61', 'B62', 'B63', 'B64', 'B65', 'B66', 'B67', 'B68', 'B69', 'B70', 'B71', 'B72', 'B73', 'B74', 'B75', 'B76', 'B77', 'B78', 'B79', 'B80', 'B81', 'B82', 'B83', 'B84', 'B85', 'B86', 'B87', 'B88', 'B89', 'B90', 'B91', 'B92', 'B93', 'B94', 'B95', 'B96', 'B97', 'B98', 'B99', 'B100', 'B101', 'B102', 'B103', 'B104', 'B105', 'B106', 'B107', 'B108']
These residues will be fixed:  []
Designing HOMO-OLIGOMER
No ligand atoms parsed
Designing protein from this path: /wynton/home/rotation/geanhu/multi-state/data/string-sampling/combined/5KPE_2_2_1_combined.pdb
These residues will be redesigned:  ['A1', 'A2', 'A3', 'A4', 'A5', 'A6', 'A7', 'A8', 'A9', 'A10', 'A11', 'A12', 'A13', 'A14', 'A15', 'A16', 'A17', 'A18', 'A19', 'A20', 'A21', 'A22', 'A23', 'A24', 'A25', 'A26', 'A27', 'A28', 'A29', 'A30', 'A31', 'A32', 'A33', 'A34', 'A35', 'A36', 'A37', 'A38', 'A39', 'A40', 'A41', 'A42', 'A43', 'A44', 'A45', 'A46', 'A47', 'A48', 'A49', 'A50', 'A51', 'A52', 'A53', 'A54', 'A55', 'A56', 'A57', 'A58', 'A59', 'A60', 'A61', 'A62', 'A63', 'A64', 'A65', 'A66', 'A67', 'A68', 'A69', 'A70', 'A71', 'A72', 'A73', 'A74', 'A75', 'A76', 'A77', 'A78', 'A79', 'A80', 'A81', 'A82', 'A83', 'A84', 'A85', 'A86', 'A87', 'A88', 'A89', 'A90', 'A91', 'A92', 'A93', 'A94', 'A95', 'A96', 'A97', 'A98', 'A99', 'A100', 'A101', 'A102', 'A103', 'A104', 'A105', 'A106', 'A107', 'A108', 'B1', 'B2', 'B3', 'B4', 'B5', 'B6', 'B7', 'B8', 'B9', 'B10', 'B11', 'B12', 'B13', 'B14', 'B15', 'B16', 'B17', 'B18', 'B19', 'B20', 'B21', 'B22', 'B23', 'B24', 'B25', 'B26', 'B27', 'B28', 'B29', 'B30', 'B31', 'B32', 'B33', 'B34', 'B35', 'B36', 'B37', 'B38', 'B39', 'B40', 'B41', 'B42', 'B43', 'B44', 'B45', 'B46', 'B47', 'B48', 'B49', 'B50', 'B51', 'B52', 'B53', 'B54', 'B55', 'B56', 'B57', 'B58', 'B59', 'B60', 'B61', 'B62', 'B63', 'B64', 'B65', 'B66', 'B67', 'B68', 'B69', 'B70', 'B71', 'B72', 'B73', 'B74', 'B75', 'B76', 'B77', 'B78', 'B79', 'B80', 'B81', 'B82', 'B83', 'B84', 'B85', 'B86', 'B87', 'B88', 'B89', 'B90', 'B91', 'B92', 'B93', 'B94', 'B95', 'B96', 'B97', 'B98', 'B99', 'B100', 'B101', 'B102', 'B103', 'B104', 'B105', 'B106', 'B107', 'B108']
These residues will be fixed:  []
Designing HOMO-OLIGOMER
No ligand atoms parsed
Designing protein from this path: /wynton/home/rotation/geanhu/multi-state/data/string-sampling/combined/5KPE_2_2_2_combined.pdb
These residues will be redesigned:  ['A1', 'A2', 'A3', 'A4', 'A5', 'A6', 'A7', 'A8', 'A9', 'A10', 'A11', 'A12', 'A13', 'A14', 'A15', 'A16', 'A17', 'A18', 'A19', 'A20', 'A21', 'A22', 'A23', 'A24', 'A25', 'A26', 'A27', 'A28', 'A29', 'A30', 'A31', 'A32', 'A33', 'A34', 'A35', 'A36', 'A37', 'A38', 'A39', 'A40', 'A41', 'A42', 'A43', 'A44', 'A45', 'A46', 'A47', 'A48', 'A49', 'A50', 'A51', 'A52', 'A53', 'A54', 'A55', 'A56', 'A57', 'A58', 'A59', 'A60', 'A61', 'A62', 'A63', 'A64', 'A65', 'A66', 'A67', 'A68', 'A69', 'A70', 'A71', 'A72', 'A73', 'A74', 'A75', 'A76', 'A77', 'A78', 'A79', 'A80', 'A81', 'A82', 'A83', 'A84', 'A85', 'A86', 'A87', 'A88', 'A89', 'A90', 'A91', 'A92', 'A93', 'A94', 'A95', 'A96', 'A97', 'A98', 'A99', 'A100', 'A101', 'A102', 'A103', 'A104', 'A105', 'A106', 'A107', 'A108', 'B1', 'B2', 'B3', 'B4', 'B5', 'B6', 'B7', 'B8', 'B9', 'B10', 'B11', 'B12', 'B13', 'B14', 'B15', 'B16', 'B17', 'B18', 'B19', 'B20', 'B21', 'B22', 'B23', 'B24', 'B25', 'B26', 'B27', 'B28', 'B29', 'B30', 'B31', 'B32', 'B33', 'B34', 'B35', 'B36', 'B37', 'B38', 'B39', 'B40', 'B41', 'B42', 'B43', 'B44', 'B45', 'B46', 'B47', 'B48', 'B49', 'B50', 'B51', 'B52', 'B53', 'B54', 'B55', 'B56', 'B57', 'B58', 'B59', 'B60', 'B61', 'B62', 'B63', 'B64', 'B65', 'B66', 'B67', 'B68', 'B69', 'B70', 'B71', 'B72', 'B73', 'B74', 'B75', 'B76', 'B77', 'B78', 'B79', 'B80', 'B81', 'B82', 'B83', 'B84', 'B85', 'B86', 'B87', 'B88', 'B89', 'B90', 'B91', 'B92', 'B93', 'B94', 'B95', 'B96', 'B97', 'B98', 'B99', 'B100', 'B101', 'B102', 'B103', 'B104', 'B105', 'B106', 'B107', 'B108']
These residues will be fixed:  []
Designing HOMO-OLIGOMER
No ligand atoms parsed
Designing protein from this path: /wynton/home/rotation/geanhu/multi-state/data/string-sampling/combined/5KPE_2_2_3_combined.pdb
These residues will be redesigned:  ['A1', 'A2', 'A3', 'A4', 'A5', 'A6', 'A7', 'A8', 'A9', 'A10', 'A11', 'A12', 'A13', 'A14', 'A15', 'A16', 'A17', 'A18', 'A19', 'A20', 'A21', 'A22', 'A23', 'A24', 'A25', 'A26', 'A27', 'A28', 'A29', 'A30', 'A31', 'A32', 'A33', 'A34', 'A35', 'A36', 'A37', 'A38', 'A39', 'A40', 'A41', 'A42', 'A43', 'A44', 'A45', 'A46', 'A47', 'A48', 'A49', 'A50', 'A51', 'A52', 'A53', 'A54', 'A55', 'A56', 'A57', 'A58', 'A59', 'A60', 'A61', 'A62', 'A63', 'A64', 'A65', 'A66', 'A67', 'A68', 'A69', 'A70', 'A71', 'A72', 'A73', 'A74', 'A75', 'A76', 'A77', 'A78', 'A79', 'A80', 'A81', 'A82', 'A83', 'A84', 'A85', 'A86', 'A87', 'A88', 'A89', 'A90', 'A91', 'A92', 'A93', 'A94', 'A95', 'A96', 'A97', 'A98', 'A99', 'A100', 'A101', 'A102', 'A103', 'A104', 'A105', 'A106', 'A107', 'A108', 'B1', 'B2', 'B3', 'B4', 'B5', 'B6', 'B7', 'B8', 'B9', 'B10', 'B11', 'B12', 'B13', 'B14', 'B15', 'B16', 'B17', 'B18', 'B19', 'B20', 'B21', 'B22', 'B23', 'B24', 'B25', 'B26', 'B27', 'B28', 'B29', 'B30', 'B31', 'B32', 'B33', 'B34', 'B35', 'B36', 'B37', 'B38', 'B39', 'B40', 'B41', 'B42', 'B43', 'B44', 'B45', 'B46', 'B47', 'B48', 'B49', 'B50', 'B51', 'B52', 'B53', 'B54', 'B55', 'B56', 'B57', 'B58', 'B59', 'B60', 'B61', 'B62', 'B63', 'B64', 'B65', 'B66', 'B67', 'B68', 'B69', 'B70', 'B71', 'B72', 'B73', 'B74', 'B75', 'B76', 'B77', 'B78', 'B79', 'B80', 'B81', 'B82', 'B83', 'B84', 'B85', 'B86', 'B87', 'B88', 'B89', 'B90', 'B91', 'B92', 'B93', 'B94', 'B95', 'B96', 'B97', 'B98', 'B99', 'B100', 'B101', 'B102', 'B103', 'B104', 'B105', 'B106', 'B107', 'B108']
These residues will be fixed:  []
Designing HOMO-OLIGOMER
No ligand atoms parsed
Designing protein from this path: /wynton/home/rotation/geanhu/multi-state/data/string-sampling/combined/5KPE_2_2_5_combined.pdb
These residues will be redesigned:  ['A1', 'A2', 'A3', 'A4', 'A5', 'A6', 'A7', 'A8', 'A9', 'A10', 'A11', 'A12', 'A13', 'A14', 'A15', 'A16', 'A17', 'A18', 'A19', 'A20', 'A21', 'A22', 'A23', 'A24', 'A25', 'A26', 'A27', 'A28', 'A29', 'A30', 'A31', 'A32', 'A33', 'A34', 'A35', 'A36', 'A37', 'A38', 'A39', 'A40', 'A41', 'A42', 'A43', 'A44', 'A45', 'A46', 'A47', 'A48', 'A49', 'A50', 'A51', 'A52', 'A53', 'A54', 'A55', 'A56', 'A57', 'A58', 'A59', 'A60', 'A61', 'A62', 'A63', 'A64', 'A65', 'A66', 'A67', 'A68', 'A69', 'A70', 'A71', 'A72', 'A73', 'A74', 'A75', 'A76', 'A77', 'A78', 'A79', 'A80', 'A81', 'A82', 'A83', 'A84', 'A85', 'A86', 'A87', 'A88', 'A89', 'A90', 'A91', 'A92', 'A93', 'A94', 'A95', 'A96', 'A97', 'A98', 'A99', 'A100', 'A101', 'A102', 'A103', 'A104', 'A105', 'A106', 'A107', 'A108', 'B1', 'B2', 'B3', 'B4', 'B5', 'B6', 'B7', 'B8', 'B9', 'B10', 'B11', 'B12', 'B13', 'B14', 'B15', 'B16', 'B17', 'B18', 'B19', 'B20', 'B21', 'B22', 'B23', 'B24', 'B25', 'B26', 'B27', 'B28', 'B29', 'B30', 'B31', 'B32', 'B33', 'B34', 'B35', 'B36', 'B37', 'B38', 'B39', 'B40', 'B41', 'B42', 'B43', 'B44', 'B45', 'B46', 'B47', 'B48', 'B49', 'B50', 'B51', 'B52', 'B53', 'B54', 'B55', 'B56', 'B57', 'B58', 'B59', 'B60', 'B61', 'B62', 'B63', 'B64', 'B65', 'B66', 'B67', 'B68', 'B69', 'B70', 'B71', 'B72', 'B73', 'B74', 'B75', 'B76', 'B77', 'B78', 'B79', 'B80', 'B81', 'B82', 'B83', 'B84', 'B85', 'B86', 'B87', 'B88', 'B89', 'B90', 'B91', 'B92', 'B93', 'B94', 'B95', 'B96', 'B97', 'B98', 'B99', 'B100', 'B101', 'B102', 'B103', 'B104', 'B105', 'B106', 'B107', 'B108']
These residues will be fixed:  []
Designing HOMO-OLIGOMER
No ligand atoms parsed
Designing protein from this path: /wynton/home/rotation/geanhu/multi-state/data/string-sampling/combined/5KPE_2_2_6_combined.pdb
These residues will be redesigned:  ['A1', 'A2', 'A3', 'A4', 'A5', 'A6', 'A7', 'A8', 'A9', 'A10', 'A11', 'A12', 'A13', 'A14', 'A15', 'A16', 'A17', 'A18', 'A19', 'A20', 'A21', 'A22', 'A23', 'A24', 'A25', 'A26', 'A27', 'A28', 'A29', 'A30', 'A31', 'A32', 'A33', 'A34', 'A35', 'A36', 'A37', 'A38', 'A39', 'A40', 'A41', 'A42', 'A43', 'A44', 'A45', 'A46', 'A47', 'A48', 'A49', 'A50', 'A51', 'A52', 'A53', 'A54', 'A55', 'A56', 'A57', 'A58', 'A59', 'A60', 'A61', 'A62', 'A63', 'A64', 'A65', 'A66', 'A67', 'A68', 'A69', 'A70', 'A71', 'A72', 'A73', 'A74', 'A75', 'A76', 'A77', 'A78', 'A79', 'A80', 'A81', 'A82', 'A83', 'A84', 'A85', 'A86', 'A87', 'A88', 'A89', 'A90', 'A91', 'A92', 'A93', 'A94', 'A95', 'A96', 'A97', 'A98', 'A99', 'A100', 'A101', 'A102', 'A103', 'A104', 'A105', 'A106', 'A107', 'A108', 'B1', 'B2', 'B3', 'B4', 'B5', 'B6', 'B7', 'B8', 'B9', 'B10', 'B11', 'B12', 'B13', 'B14', 'B15', 'B16', 'B17', 'B18', 'B19', 'B20', 'B21', 'B22', 'B23', 'B24', 'B25', 'B26', 'B27', 'B28', 'B29', 'B30', 'B31', 'B32', 'B33', 'B34', 'B35', 'B36', 'B37', 'B38', 'B39', 'B40', 'B41', 'B42', 'B43', 'B44', 'B45', 'B46', 'B47', 'B48', 'B49', 'B50', 'B51', 'B52', 'B53', 'B54', 'B55', 'B56', 'B57', 'B58', 'B59', 'B60', 'B61', 'B62', 'B63', 'B64', 'B65', 'B66', 'B67', 'B68', 'B69', 'B70', 'B71', 'B72', 'B73', 'B74', 'B75', 'B76', 'B77', 'B78', 'B79', 'B80', 'B81', 'B82', 'B83', 'B84', 'B85', 'B86', 'B87', 'B88', 'B89', 'B90', 'B91', 'B92', 'B93', 'B94', 'B95', 'B96', 'B97', 'B98', 'B99', 'B100', 'B101', 'B102', 'B103', 'B104', 'B105', 'B106', 'B107', 'B108']
These residues will be fixed:  []
Designing HOMO-OLIGOMER
No ligand atoms parsed
Designing protein from this path: /wynton/home/rotation/geanhu/multi-state/data/string-sampling/combined/5KPE_2_2_7_combined.pdb
These residues will be redesigned:  ['A1', 'A2', 'A3', 'A4', 'A5', 'A6', 'A7', 'A8', 'A9', 'A10', 'A11', 'A12', 'A13', 'A14', 'A15', 'A16', 'A17', 'A18', 'A19', 'A20', 'A21', 'A22', 'A23', 'A24', 'A25', 'A26', 'A27', 'A28', 'A29', 'A30', 'A31', 'A32', 'A33', 'A34', 'A35', 'A36', 'A37', 'A38', 'A39', 'A40', 'A41', 'A42', 'A43', 'A44', 'A45', 'A46', 'A47', 'A48', 'A49', 'A50', 'A51', 'A52', 'A53', 'A54', 'A55', 'A56', 'A57', 'A58', 'A59', 'A60', 'A61', 'A62', 'A63', 'A64', 'A65', 'A66', 'A67', 'A68', 'A69', 'A70', 'A71', 'A72', 'A73', 'A74', 'A75', 'A76', 'A77', 'A78', 'A79', 'A80', 'A81', 'A82', 'A83', 'A84', 'A85', 'A86', 'A87', 'A88', 'A89', 'A90', 'A91', 'A92', 'A93', 'A94', 'A95', 'A96', 'A97', 'A98', 'A99', 'A100', 'A101', 'A102', 'A103', 'A104', 'A105', 'A106', 'A107', 'A108', 'B1', 'B2', 'B3', 'B4', 'B5', 'B6', 'B7', 'B8', 'B9', 'B10', 'B11', 'B12', 'B13', 'B14', 'B15', 'B16', 'B17', 'B18', 'B19', 'B20', 'B21', 'B22', 'B23', 'B24', 'B25', 'B26', 'B27', 'B28', 'B29', 'B30', 'B31', 'B32', 'B33', 'B34', 'B35', 'B36', 'B37', 'B38', 'B39', 'B40', 'B41', 'B42', 'B43', 'B44', 'B45', 'B46', 'B47', 'B48', 'B49', 'B50', 'B51', 'B52', 'B53', 'B54', 'B55', 'B56', 'B57', 'B58', 'B59', 'B60', 'B61', 'B62', 'B63', 'B64', 'B65', 'B66', 'B67', 'B68', 'B69', 'B70', 'B71', 'B72', 'B73', 'B74', 'B75', 'B76', 'B77', 'B78', 'B79', 'B80', 'B81', 'B82', 'B83', 'B84', 'B85', 'B86', 'B87', 'B88', 'B89', 'B90', 'B91', 'B92', 'B93', 'B94', 'B95', 'B96', 'B97', 'B98', 'B99', 'B100', 'B101', 'B102', 'B103', 'B104', 'B105', 'B106', 'B107', 'B108']
These residues will be fixed:  []
Designing HOMO-OLIGOMER
No ligand atoms parsed
Designing protein from this path: /wynton/home/rotation/geanhu/multi-state/data/string-sampling/combined/5KPE_2_2_8_combined.pdb
These residues will be redesigned:  ['A1', 'A2', 'A3', 'A4', 'A5', 'A6', 'A7', 'A8', 'A9', 'A10', 'A11', 'A12', 'A13', 'A14', 'A15', 'A16', 'A17', 'A18', 'A19', 'A20', 'A21', 'A22', 'A23', 'A24', 'A25', 'A26', 'A27', 'A28', 'A29', 'A30', 'A31', 'A32', 'A33', 'A34', 'A35', 'A36', 'A37', 'A38', 'A39', 'A40', 'A41', 'A42', 'A43', 'A44', 'A45', 'A46', 'A47', 'A48', 'A49', 'A50', 'A51', 'A52', 'A53', 'A54', 'A55', 'A56', 'A57', 'A58', 'A59', 'A60', 'A61', 'A62', 'A63', 'A64', 'A65', 'A66', 'A67', 'A68', 'A69', 'A70', 'A71', 'A72', 'A73', 'A74', 'A75', 'A76', 'A77', 'A78', 'A79', 'A80', 'A81', 'A82', 'A83', 'A84', 'A85', 'A86', 'A87', 'A88', 'A89', 'A90', 'A91', 'A92', 'A93', 'A94', 'A95', 'A96', 'A97', 'A98', 'A99', 'A100', 'A101', 'A102', 'A103', 'A104', 'A105', 'A106', 'A107', 'A108', 'B1', 'B2', 'B3', 'B4', 'B5', 'B6', 'B7', 'B8', 'B9', 'B10', 'B11', 'B12', 'B13', 'B14', 'B15', 'B16', 'B17', 'B18', 'B19', 'B20', 'B21', 'B22', 'B23', 'B24', 'B25', 'B26', 'B27', 'B28', 'B29', 'B30', 'B31', 'B32', 'B33', 'B34', 'B35', 'B36', 'B37', 'B38', 'B39', 'B40', 'B41', 'B42', 'B43', 'B44', 'B45', 'B46', 'B47', 'B48', 'B49', 'B50', 'B51', 'B52', 'B53', 'B54', 'B55', 'B56', 'B57', 'B58', 'B59', 'B60', 'B61', 'B62', 'B63', 'B64', 'B65', 'B66', 'B67', 'B68', 'B69', 'B70', 'B71', 'B72', 'B73', 'B74', 'B75', 'B76', 'B77', 'B78', 'B79', 'B80', 'B81', 'B82', 'B83', 'B84', 'B85', 'B86', 'B87', 'B88', 'B89', 'B90', 'B91', 'B92', 'B93', 'B94', 'B95', 'B96', 'B97', 'B98', 'B99', 'B100', 'B101', 'B102', 'B103', 'B104', 'B105', 'B106', 'B107', 'B108']
These residues will be fixed:  []
Designing HOMO-OLIGOMER
No ligand atoms parsed
Designing protein from this path: /wynton/home/rotation/geanhu/multi-state/data/string-sampling/combined/5KPE_2_2_9_combined.pdb
These residues will be redesigned:  ['A1', 'A2', 'A3', 'A4', 'A5', 'A6', 'A7', 'A8', 'A9', 'A10', 'A11', 'A12', 'A13', 'A14', 'A15', 'A16', 'A17', 'A18', 'A19', 'A20', 'A21', 'A22', 'A23', 'A24', 'A25', 'A26', 'A27', 'A28', 'A29', 'A30', 'A31', 'A32', 'A33', 'A34', 'A35', 'A36', 'A37', 'A38', 'A39', 'A40', 'A41', 'A42', 'A43', 'A44', 'A45', 'A46', 'A47', 'A48', 'A49', 'A50', 'A51', 'A52', 'A53', 'A54', 'A55', 'A56', 'A57', 'A58', 'A59', 'A60', 'A61', 'A62', 'A63', 'A64', 'A65', 'A66', 'A67', 'A68', 'A69', 'A70', 'A71', 'A72', 'A73', 'A74', 'A75', 'A76', 'A77', 'A78', 'A79', 'A80', 'A81', 'A82', 'A83', 'A84', 'A85', 'A86', 'A87', 'A88', 'A89', 'A90', 'A91', 'A92', 'A93', 'A94', 'A95', 'A96', 'A97', 'A98', 'A99', 'A100', 'A101', 'A102', 'A103', 'A104', 'A105', 'A106', 'A107', 'A108', 'B1', 'B2', 'B3', 'B4', 'B5', 'B6', 'B7', 'B8', 'B9', 'B10', 'B11', 'B12', 'B13', 'B14', 'B15', 'B16', 'B17', 'B18', 'B19', 'B20', 'B21', 'B22', 'B23', 'B24', 'B25', 'B26', 'B27', 'B28', 'B29', 'B30', 'B31', 'B32', 'B33', 'B34', 'B35', 'B36', 'B37', 'B38', 'B39', 'B40', 'B41', 'B42', 'B43', 'B44', 'B45', 'B46', 'B47', 'B48', 'B49', 'B50', 'B51', 'B52', 'B53', 'B54', 'B55', 'B56', 'B57', 'B58', 'B59', 'B60', 'B61', 'B62', 'B63', 'B64', 'B65', 'B66', 'B67', 'B68', 'B69', 'B70', 'B71', 'B72', 'B73', 'B74', 'B75', 'B76', 'B77', 'B78', 'B79', 'B80', 'B81', 'B82', 'B83', 'B84', 'B85', 'B86', 'B87', 'B88', 'B89', 'B90', 'B91', 'B92', 'B93', 'B94', 'B95', 'B96', 'B97', 'B98', 'B99', 'B100', 'B101', 'B102', 'B103', 'B104', 'B105', 'B106', 'B107', 'B108']
These residues will be fixed:  []
Designing HOMO-OLIGOMER
No ligand atoms parsed
Designing protein from this path: /wynton/home/rotation/geanhu/multi-state/data/string-sampling/combined/5KPE_2_4_0_combined.pdb
These residues will be redesigned:  ['A1', 'A2', 'A3', 'A4', 'A5', 'A6', 'A7', 'A8', 'A9', 'A10', 'A11', 'A12', 'A13', 'A14', 'A15', 'A16', 'A17', 'A18', 'A19', 'A20', 'A21', 'A22', 'A23', 'A24', 'A25', 'A26', 'A27', 'A28', 'A29', 'A30', 'A31', 'A32', 'A33', 'A34', 'A35', 'A36', 'A37', 'A38', 'A39', 'A40', 'A41', 'A42', 'A43', 'A44', 'A45', 'A46', 'A47', 'A48', 'A49', 'A50', 'A51', 'A52', 'A53', 'A54', 'A55', 'A56', 'A57', 'A58', 'A59', 'A60', 'A61', 'A62', 'A63', 'A64', 'A65', 'A66', 'A67', 'A68', 'A69', 'A70', 'A71', 'A72', 'A73', 'A74', 'A75', 'A76', 'A77', 'A78', 'A79', 'A80', 'A81', 'A82', 'A83', 'A84', 'A85', 'A86', 'A87', 'A88', 'A89', 'A90', 'A91', 'A92', 'A93', 'A94', 'A95', 'A96', 'A97', 'A98', 'A99', 'A100', 'A101', 'A102', 'A103', 'A104', 'A105', 'A106', 'A107', 'A108', 'B1', 'B2', 'B3', 'B4', 'B5', 'B6', 'B7', 'B8', 'B9', 'B10', 'B11', 'B12', 'B13', 'B14', 'B15', 'B16', 'B17', 'B18', 'B19', 'B20', 'B21', 'B22', 'B23', 'B24', 'B25', 'B26', 'B27', 'B28', 'B29', 'B30', 'B31', 'B32', 'B33', 'B34', 'B35', 'B36', 'B37', 'B38', 'B39', 'B40', 'B41', 'B42', 'B43', 'B44', 'B45', 'B46', 'B47', 'B48', 'B49', 'B50', 'B51', 'B52', 'B53', 'B54', 'B55', 'B56', 'B57', 'B58', 'B59', 'B60', 'B61', 'B62', 'B63', 'B64', 'B65', 'B66', 'B67', 'B68', 'B69', 'B70', 'B71', 'B72', 'B73', 'B74', 'B75', 'B76', 'B77', 'B78', 'B79', 'B80', 'B81', 'B82', 'B83', 'B84', 'B85', 'B86', 'B87', 'B88', 'B89', 'B90', 'B91', 'B92', 'B93', 'B94', 'B95', 'B96', 'B97', 'B98', 'B99', 'B100', 'B101', 'B102', 'B103', 'B104', 'B105', 'B106', 'B107', 'B108']
These residues will be fixed:  []
Designing HOMO-OLIGOMER
No ligand atoms parsed
Designing protein from this path: /wynton/home/rotation/geanhu/multi-state/data/string-sampling/combined/5KPE_2_4_1_combined.pdb
These residues will be redesigned:  ['A1', 'A2', 'A3', 'A4', 'A5', 'A6', 'A7', 'A8', 'A9', 'A10', 'A11', 'A12', 'A13', 'A14', 'A15', 'A16', 'A17', 'A18', 'A19', 'A20', 'A21', 'A22', 'A23', 'A24', 'A25', 'A26', 'A27', 'A28', 'A29', 'A30', 'A31', 'A32', 'A33', 'A34', 'A35', 'A36', 'A37', 'A38', 'A39', 'A40', 'A41', 'A42', 'A43', 'A44', 'A45', 'A46', 'A47', 'A48', 'A49', 'A50', 'A51', 'A52', 'A53', 'A54', 'A55', 'A56', 'A57', 'A58', 'A59', 'A60', 'A61', 'A62', 'A63', 'A64', 'A65', 'A66', 'A67', 'A68', 'A69', 'A70', 'A71', 'A72', 'A73', 'A74', 'A75', 'A76', 'A77', 'A78', 'A79', 'A80', 'A81', 'A82', 'A83', 'A84', 'A85', 'A86', 'A87', 'A88', 'A89', 'A90', 'A91', 'A92', 'A93', 'A94', 'A95', 'A96', 'A97', 'A98', 'A99', 'A100', 'A101', 'A102', 'A103', 'A104', 'A105', 'A106', 'A107', 'A108', 'B1', 'B2', 'B3', 'B4', 'B5', 'B6', 'B7', 'B8', 'B9', 'B10', 'B11', 'B12', 'B13', 'B14', 'B15', 'B16', 'B17', 'B18', 'B19', 'B20', 'B21', 'B22', 'B23', 'B24', 'B25', 'B26', 'B27', 'B28', 'B29', 'B30', 'B31', 'B32', 'B33', 'B34', 'B35', 'B36', 'B37', 'B38', 'B39', 'B40', 'B41', 'B42', 'B43', 'B44', 'B45', 'B46', 'B47', 'B48', 'B49', 'B50', 'B51', 'B52', 'B53', 'B54', 'B55', 'B56', 'B57', 'B58', 'B59', 'B60', 'B61', 'B62', 'B63', 'B64', 'B65', 'B66', 'B67', 'B68', 'B69', 'B70', 'B71', 'B72', 'B73', 'B74', 'B75', 'B76', 'B77', 'B78', 'B79', 'B80', 'B81', 'B82', 'B83', 'B84', 'B85', 'B86', 'B87', 'B88', 'B89', 'B90', 'B91', 'B92', 'B93', 'B94', 'B95', 'B96', 'B97', 'B98', 'B99', 'B100', 'B101', 'B102', 'B103', 'B104', 'B105', 'B106', 'B107', 'B108']
These residues will be fixed:  []
Designing HOMO-OLIGOMER
No ligand atoms parsed
Designing protein from this path: /wynton/home/rotation/geanhu/multi-state/data/string-sampling/combined/5KPE_2_4_2_combined.pdb
These residues will be redesigned:  ['A1', 'A2', 'A3', 'A4', 'A5', 'A6', 'A7', 'A8', 'A9', 'A10', 'A11', 'A12', 'A13', 'A14', 'A15', 'A16', 'A17', 'A18', 'A19', 'A20', 'A21', 'A22', 'A23', 'A24', 'A25', 'A26', 'A27', 'A28', 'A29', 'A30', 'A31', 'A32', 'A33', 'A34', 'A35', 'A36', 'A37', 'A38', 'A39', 'A40', 'A41', 'A42', 'A43', 'A44', 'A45', 'A46', 'A47', 'A48', 'A49', 'A50', 'A51', 'A52', 'A53', 'A54', 'A55', 'A56', 'A57', 'A58', 'A59', 'A60', 'A61', 'A62', 'A63', 'A64', 'A65', 'A66', 'A67', 'A68', 'A69', 'A70', 'A71', 'A72', 'A73', 'A74', 'A75', 'A76', 'A77', 'A78', 'A79', 'A80', 'A81', 'A82', 'A83', 'A84', 'A85', 'A86', 'A87', 'A88', 'A89', 'A90', 'A91', 'A92', 'A93', 'A94', 'A95', 'A96', 'A97', 'A98', 'A99', 'A100', 'A101', 'A102', 'A103', 'A104', 'A105', 'A106', 'A107', 'A108', 'B1', 'B2', 'B3', 'B4', 'B5', 'B6', 'B7', 'B8', 'B9', 'B10', 'B11', 'B12', 'B13', 'B14', 'B15', 'B16', 'B17', 'B18', 'B19', 'B20', 'B21', 'B22', 'B23', 'B24', 'B25', 'B26', 'B27', 'B28', 'B29', 'B30', 'B31', 'B32', 'B33', 'B34', 'B35', 'B36', 'B37', 'B38', 'B39', 'B40', 'B41', 'B42', 'B43', 'B44', 'B45', 'B46', 'B47', 'B48', 'B49', 'B50', 'B51', 'B52', 'B53', 'B54', 'B55', 'B56', 'B57', 'B58', 'B59', 'B60', 'B61', 'B62', 'B63', 'B64', 'B65', 'B66', 'B67', 'B68', 'B69', 'B70', 'B71', 'B72', 'B73', 'B74', 'B75', 'B76', 'B77', 'B78', 'B79', 'B80', 'B81', 'B82', 'B83', 'B84', 'B85', 'B86', 'B87', 'B88', 'B89', 'B90', 'B91', 'B92', 'B93', 'B94', 'B95', 'B96', 'B97', 'B98', 'B99', 'B100', 'B101', 'B102', 'B103', 'B104', 'B105', 'B106', 'B107', 'B108']
These residues will be fixed:  []
Designing HOMO-OLIGOMER
No ligand atoms parsed
Designing protein from this path: /wynton/home/rotation/geanhu/multi-state/data/string-sampling/combined/5KPE_2_4_3_combined.pdb
These residues will be redesigned:  ['A1', 'A2', 'A3', 'A4', 'A5', 'A6', 'A7', 'A8', 'A9', 'A10', 'A11', 'A12', 'A13', 'A14', 'A15', 'A16', 'A17', 'A18', 'A19', 'A20', 'A21', 'A22', 'A23', 'A24', 'A25', 'A26', 'A27', 'A28', 'A29', 'A30', 'A31', 'A32', 'A33', 'A34', 'A35', 'A36', 'A37', 'A38', 'A39', 'A40', 'A41', 'A42', 'A43', 'A44', 'A45', 'A46', 'A47', 'A48', 'A49', 'A50', 'A51', 'A52', 'A53', 'A54', 'A55', 'A56', 'A57', 'A58', 'A59', 'A60', 'A61', 'A62', 'A63', 'A64', 'A65', 'A66', 'A67', 'A68', 'A69', 'A70', 'A71', 'A72', 'A73', 'A74', 'A75', 'A76', 'A77', 'A78', 'A79', 'A80', 'A81', 'A82', 'A83', 'A84', 'A85', 'A86', 'A87', 'A88', 'A89', 'A90', 'A91', 'A92', 'A93', 'A94', 'A95', 'A96', 'A97', 'A98', 'A99', 'A100', 'A101', 'A102', 'A103', 'A104', 'A105', 'A106', 'A107', 'A108', 'B1', 'B2', 'B3', 'B4', 'B5', 'B6', 'B7', 'B8', 'B9', 'B10', 'B11', 'B12', 'B13', 'B14', 'B15', 'B16', 'B17', 'B18', 'B19', 'B20', 'B21', 'B22', 'B23', 'B24', 'B25', 'B26', 'B27', 'B28', 'B29', 'B30', 'B31', 'B32', 'B33', 'B34', 'B35', 'B36', 'B37', 'B38', 'B39', 'B40', 'B41', 'B42', 'B43', 'B44', 'B45', 'B46', 'B47', 'B48', 'B49', 'B50', 'B51', 'B52', 'B53', 'B54', 'B55', 'B56', 'B57', 'B58', 'B59', 'B60', 'B61', 'B62', 'B63', 'B64', 'B65', 'B66', 'B67', 'B68', 'B69', 'B70', 'B71', 'B72', 'B73', 'B74', 'B75', 'B76', 'B77', 'B78', 'B79', 'B80', 'B81', 'B82', 'B83', 'B84', 'B85', 'B86', 'B87', 'B88', 'B89', 'B90', 'B91', 'B92', 'B93', 'B94', 'B95', 'B96', 'B97', 'B98', 'B99', 'B100', 'B101', 'B102', 'B103', 'B104', 'B105', 'B106', 'B107', 'B108']
These residues will be fixed:  []
Designing HOMO-OLIGOMER
No ligand atoms parsed
Designing protein from this path: /wynton/home/rotation/geanhu/multi-state/data/string-sampling/combined/5KPE_2_4_4_combined.pdb
These residues will be redesigned:  ['A1', 'A2', 'A3', 'A4', 'A5', 'A6', 'A7', 'A8', 'A9', 'A10', 'A11', 'A12', 'A13', 'A14', 'A15', 'A16', 'A17', 'A18', 'A19', 'A20', 'A21', 'A22', 'A23', 'A24', 'A25', 'A26', 'A27', 'A28', 'A29', 'A30', 'A31', 'A32', 'A33', 'A34', 'A35', 'A36', 'A37', 'A38', 'A39', 'A40', 'A41', 'A42', 'A43', 'A44', 'A45', 'A46', 'A47', 'A48', 'A49', 'A50', 'A51', 'A52', 'A53', 'A54', 'A55', 'A56', 'A57', 'A58', 'A59', 'A60', 'A61', 'A62', 'A63', 'A64', 'A65', 'A66', 'A67', 'A68', 'A69', 'A70', 'A71', 'A72', 'A73', 'A74', 'A75', 'A76', 'A77', 'A78', 'A79', 'A80', 'A81', 'A82', 'A83', 'A84', 'A85', 'A86', 'A87', 'A88', 'A89', 'A90', 'A91', 'A92', 'A93', 'A94', 'A95', 'A96', 'A97', 'A98', 'A99', 'A100', 'A101', 'A102', 'A103', 'A104', 'A105', 'A106', 'A107', 'A108', 'B1', 'B2', 'B3', 'B4', 'B5', 'B6', 'B7', 'B8', 'B9', 'B10', 'B11', 'B12', 'B13', 'B14', 'B15', 'B16', 'B17', 'B18', 'B19', 'B20', 'B21', 'B22', 'B23', 'B24', 'B25', 'B26', 'B27', 'B28', 'B29', 'B30', 'B31', 'B32', 'B33', 'B34', 'B35', 'B36', 'B37', 'B38', 'B39', 'B40', 'B41', 'B42', 'B43', 'B44', 'B45', 'B46', 'B47', 'B48', 'B49', 'B50', 'B51', 'B52', 'B53', 'B54', 'B55', 'B56', 'B57', 'B58', 'B59', 'B60', 'B61', 'B62', 'B63', 'B64', 'B65', 'B66', 'B67', 'B68', 'B69', 'B70', 'B71', 'B72', 'B73', 'B74', 'B75', 'B76', 'B77', 'B78', 'B79', 'B80', 'B81', 'B82', 'B83', 'B84', 'B85', 'B86', 'B87', 'B88', 'B89', 'B90', 'B91', 'B92', 'B93', 'B94', 'B95', 'B96', 'B97', 'B98', 'B99', 'B100', 'B101', 'B102', 'B103', 'B104', 'B105', 'B106', 'B107', 'B108']
These residues will be fixed:  []
Designing HOMO-OLIGOMER
No ligand atoms parsed
Designing protein from this path: /wynton/home/rotation/geanhu/multi-state/data/string-sampling/combined/5KPE_2_4_5_combined.pdb
These residues will be redesigned:  ['A1', 'A2', 'A3', 'A4', 'A5', 'A6', 'A7', 'A8', 'A9', 'A10', 'A11', 'A12', 'A13', 'A14', 'A15', 'A16', 'A17', 'A18', 'A19', 'A20', 'A21', 'A22', 'A23', 'A24', 'A25', 'A26', 'A27', 'A28', 'A29', 'A30', 'A31', 'A32', 'A33', 'A34', 'A35', 'A36', 'A37', 'A38', 'A39', 'A40', 'A41', 'A42', 'A43', 'A44', 'A45', 'A46', 'A47', 'A48', 'A49', 'A50', 'A51', 'A52', 'A53', 'A54', 'A55', 'A56', 'A57', 'A58', 'A59', 'A60', 'A61', 'A62', 'A63', 'A64', 'A65', 'A66', 'A67', 'A68', 'A69', 'A70', 'A71', 'A72', 'A73', 'A74', 'A75', 'A76', 'A77', 'A78', 'A79', 'A80', 'A81', 'A82', 'A83', 'A84', 'A85', 'A86', 'A87', 'A88', 'A89', 'A90', 'A91', 'A92', 'A93', 'A94', 'A95', 'A96', 'A97', 'A98', 'A99', 'A100', 'A101', 'A102', 'A103', 'A104', 'A105', 'A106', 'A107', 'A108', 'B1', 'B2', 'B3', 'B4', 'B5', 'B6', 'B7', 'B8', 'B9', 'B10', 'B11', 'B12', 'B13', 'B14', 'B15', 'B16', 'B17', 'B18', 'B19', 'B20', 'B21', 'B22', 'B23', 'B24', 'B25', 'B26', 'B27', 'B28', 'B29', 'B30', 'B31', 'B32', 'B33', 'B34', 'B35', 'B36', 'B37', 'B38', 'B39', 'B40', 'B41', 'B42', 'B43', 'B44', 'B45', 'B46', 'B47', 'B48', 'B49', 'B50', 'B51', 'B52', 'B53', 'B54', 'B55', 'B56', 'B57', 'B58', 'B59', 'B60', 'B61', 'B62', 'B63', 'B64', 'B65', 'B66', 'B67', 'B68', 'B69', 'B70', 'B71', 'B72', 'B73', 'B74', 'B75', 'B76', 'B77', 'B78', 'B79', 'B80', 'B81', 'B82', 'B83', 'B84', 'B85', 'B86', 'B87', 'B88', 'B89', 'B90', 'B91', 'B92', 'B93', 'B94', 'B95', 'B96', 'B97', 'B98', 'B99', 'B100', 'B101', 'B102', 'B103', 'B104', 'B105', 'B106', 'B107', 'B108']
These residues will be fixed:  []
Designing HOMO-OLIGOMER
No ligand atoms parsed
Designing protein from this path: /wynton/home/rotation/geanhu/multi-state/data/string-sampling/combined/5KPE_2_4_6_combined.pdb
These residues will be redesigned:  ['A1', 'A2', 'A3', 'A4', 'A5', 'A6', 'A7', 'A8', 'A9', 'A10', 'A11', 'A12', 'A13', 'A14', 'A15', 'A16', 'A17', 'A18', 'A19', 'A20', 'A21', 'A22', 'A23', 'A24', 'A25', 'A26', 'A27', 'A28', 'A29', 'A30', 'A31', 'A32', 'A33', 'A34', 'A35', 'A36', 'A37', 'A38', 'A39', 'A40', 'A41', 'A42', 'A43', 'A44', 'A45', 'A46', 'A47', 'A48', 'A49', 'A50', 'A51', 'A52', 'A53', 'A54', 'A55', 'A56', 'A57', 'A58', 'A59', 'A60', 'A61', 'A62', 'A63', 'A64', 'A65', 'A66', 'A67', 'A68', 'A69', 'A70', 'A71', 'A72', 'A73', 'A74', 'A75', 'A76', 'A77', 'A78', 'A79', 'A80', 'A81', 'A82', 'A83', 'A84', 'A85', 'A86', 'A87', 'A88', 'A89', 'A90', 'A91', 'A92', 'A93', 'A94', 'A95', 'A96', 'A97', 'A98', 'A99', 'A100', 'A101', 'A102', 'A103', 'A104', 'A105', 'A106', 'A107', 'A108', 'B1', 'B2', 'B3', 'B4', 'B5', 'B6', 'B7', 'B8', 'B9', 'B10', 'B11', 'B12', 'B13', 'B14', 'B15', 'B16', 'B17', 'B18', 'B19', 'B20', 'B21', 'B22', 'B23', 'B24', 'B25', 'B26', 'B27', 'B28', 'B29', 'B30', 'B31', 'B32', 'B33', 'B34', 'B35', 'B36', 'B37', 'B38', 'B39', 'B40', 'B41', 'B42', 'B43', 'B44', 'B45', 'B46', 'B47', 'B48', 'B49', 'B50', 'B51', 'B52', 'B53', 'B54', 'B55', 'B56', 'B57', 'B58', 'B59', 'B60', 'B61', 'B62', 'B63', 'B64', 'B65', 'B66', 'B67', 'B68', 'B69', 'B70', 'B71', 'B72', 'B73', 'B74', 'B75', 'B76', 'B77', 'B78', 'B79', 'B80', 'B81', 'B82', 'B83', 'B84', 'B85', 'B86', 'B87', 'B88', 'B89', 'B90', 'B91', 'B92', 'B93', 'B94', 'B95', 'B96', 'B97', 'B98', 'B99', 'B100', 'B101', 'B102', 'B103', 'B104', 'B105', 'B106', 'B107', 'B108']
These residues will be fixed:  []
Designing HOMO-OLIGOMER
No ligand atoms parsed
Designing protein from this path: /wynton/home/rotation/geanhu/multi-state/data/string-sampling/combined/5KPE_2_4_7_combined.pdb
These residues will be redesigned:  ['A1', 'A2', 'A3', 'A4', 'A5', 'A6', 'A7', 'A8', 'A9', 'A10', 'A11', 'A12', 'A13', 'A14', 'A15', 'A16', 'A17', 'A18', 'A19', 'A20', 'A21', 'A22', 'A23', 'A24', 'A25', 'A26', 'A27', 'A28', 'A29', 'A30', 'A31', 'A32', 'A33', 'A34', 'A35', 'A36', 'A37', 'A38', 'A39', 'A40', 'A41', 'A42', 'A43', 'A44', 'A45', 'A46', 'A47', 'A48', 'A49', 'A50', 'A51', 'A52', 'A53', 'A54', 'A55', 'A56', 'A57', 'A58', 'A59', 'A60', 'A61', 'A62', 'A63', 'A64', 'A65', 'A66', 'A67', 'A68', 'A69', 'A70', 'A71', 'A72', 'A73', 'A74', 'A75', 'A76', 'A77', 'A78', 'A79', 'A80', 'A81', 'A82', 'A83', 'A84', 'A85', 'A86', 'A87', 'A88', 'A89', 'A90', 'A91', 'A92', 'A93', 'A94', 'A95', 'A96', 'A97', 'A98', 'A99', 'A100', 'A101', 'A102', 'A103', 'A104', 'A105', 'A106', 'A107', 'A108', 'B1', 'B2', 'B3', 'B4', 'B5', 'B6', 'B7', 'B8', 'B9', 'B10', 'B11', 'B12', 'B13', 'B14', 'B15', 'B16', 'B17', 'B18', 'B19', 'B20', 'B21', 'B22', 'B23', 'B24', 'B25', 'B26', 'B27', 'B28', 'B29', 'B30', 'B31', 'B32', 'B33', 'B34', 'B35', 'B36', 'B37', 'B38', 'B39', 'B40', 'B41', 'B42', 'B43', 'B44', 'B45', 'B46', 'B47', 'B48', 'B49', 'B50', 'B51', 'B52', 'B53', 'B54', 'B55', 'B56', 'B57', 'B58', 'B59', 'B60', 'B61', 'B62', 'B63', 'B64', 'B65', 'B66', 'B67', 'B68', 'B69', 'B70', 'B71', 'B72', 'B73', 'B74', 'B75', 'B76', 'B77', 'B78', 'B79', 'B80', 'B81', 'B82', 'B83', 'B84', 'B85', 'B86', 'B87', 'B88', 'B89', 'B90', 'B91', 'B92', 'B93', 'B94', 'B95', 'B96', 'B97', 'B98', 'B99', 'B100', 'B101', 'B102', 'B103', 'B104', 'B105', 'B106', 'B107', 'B108']
These residues will be fixed:  []
Designing HOMO-OLIGOMER
No ligand atoms parsed
Designing protein from this path: /wynton/home/rotation/geanhu/multi-state/data/string-sampling/combined/5KPE_2_4_8_combined.pdb
These residues will be redesigned:  ['A1', 'A2', 'A3', 'A4', 'A5', 'A6', 'A7', 'A8', 'A9', 'A10', 'A11', 'A12', 'A13', 'A14', 'A15', 'A16', 'A17', 'A18', 'A19', 'A20', 'A21', 'A22', 'A23', 'A24', 'A25', 'A26', 'A27', 'A28', 'A29', 'A30', 'A31', 'A32', 'A33', 'A34', 'A35', 'A36', 'A37', 'A38', 'A39', 'A40', 'A41', 'A42', 'A43', 'A44', 'A45', 'A46', 'A47', 'A48', 'A49', 'A50', 'A51', 'A52', 'A53', 'A54', 'A55', 'A56', 'A57', 'A58', 'A59', 'A60', 'A61', 'A62', 'A63', 'A64', 'A65', 'A66', 'A67', 'A68', 'A69', 'A70', 'A71', 'A72', 'A73', 'A74', 'A75', 'A76', 'A77', 'A78', 'A79', 'A80', 'A81', 'A82', 'A83', 'A84', 'A85', 'A86', 'A87', 'A88', 'A89', 'A90', 'A91', 'A92', 'A93', 'A94', 'A95', 'A96', 'A97', 'A98', 'A99', 'A100', 'A101', 'A102', 'A103', 'A104', 'A105', 'A106', 'A107', 'A108', 'B1', 'B2', 'B3', 'B4', 'B5', 'B6', 'B7', 'B8', 'B9', 'B10', 'B11', 'B12', 'B13', 'B14', 'B15', 'B16', 'B17', 'B18', 'B19', 'B20', 'B21', 'B22', 'B23', 'B24', 'B25', 'B26', 'B27', 'B28', 'B29', 'B30', 'B31', 'B32', 'B33', 'B34', 'B35', 'B36', 'B37', 'B38', 'B39', 'B40', 'B41', 'B42', 'B43', 'B44', 'B45', 'B46', 'B47', 'B48', 'B49', 'B50', 'B51', 'B52', 'B53', 'B54', 'B55', 'B56', 'B57', 'B58', 'B59', 'B60', 'B61', 'B62', 'B63', 'B64', 'B65', 'B66', 'B67', 'B68', 'B69', 'B70', 'B71', 'B72', 'B73', 'B74', 'B75', 'B76', 'B77', 'B78', 'B79', 'B80', 'B81', 'B82', 'B83', 'B84', 'B85', 'B86', 'B87', 'B88', 'B89', 'B90', 'B91', 'B92', 'B93', 'B94', 'B95', 'B96', 'B97', 'B98', 'B99', 'B100', 'B101', 'B102', 'B103', 'B104', 'B105', 'B106', 'B107', 'B108']
These residues will be fixed:  []
Designing HOMO-OLIGOMER
No ligand atoms parsed
Designing protein from this path: /wynton/home/rotation/geanhu/multi-state/data/string-sampling/combined/5KPE_2_4_9_combined.pdb
These residues will be redesigned:  ['A1', 'A2', 'A3', 'A4', 'A5', 'A6', 'A7', 'A8', 'A9', 'A10', 'A11', 'A12', 'A13', 'A14', 'A15', 'A16', 'A17', 'A18', 'A19', 'A20', 'A21', 'A22', 'A23', 'A24', 'A25', 'A26', 'A27', 'A28', 'A29', 'A30', 'A31', 'A32', 'A33', 'A34', 'A35', 'A36', 'A37', 'A38', 'A39', 'A40', 'A41', 'A42', 'A43', 'A44', 'A45', 'A46', 'A47', 'A48', 'A49', 'A50', 'A51', 'A52', 'A53', 'A54', 'A55', 'A56', 'A57', 'A58', 'A59', 'A60', 'A61', 'A62', 'A63', 'A64', 'A65', 'A66', 'A67', 'A68', 'A69', 'A70', 'A71', 'A72', 'A73', 'A74', 'A75', 'A76', 'A77', 'A78', 'A79', 'A80', 'A81', 'A82', 'A83', 'A84', 'A85', 'A86', 'A87', 'A88', 'A89', 'A90', 'A91', 'A92', 'A93', 'A94', 'A95', 'A96', 'A97', 'A98', 'A99', 'A100', 'A101', 'A102', 'A103', 'A104', 'A105', 'A106', 'A107', 'A108', 'B1', 'B2', 'B3', 'B4', 'B5', 'B6', 'B7', 'B8', 'B9', 'B10', 'B11', 'B12', 'B13', 'B14', 'B15', 'B16', 'B17', 'B18', 'B19', 'B20', 'B21', 'B22', 'B23', 'B24', 'B25', 'B26', 'B27', 'B28', 'B29', 'B30', 'B31', 'B32', 'B33', 'B34', 'B35', 'B36', 'B37', 'B38', 'B39', 'B40', 'B41', 'B42', 'B43', 'B44', 'B45', 'B46', 'B47', 'B48', 'B49', 'B50', 'B51', 'B52', 'B53', 'B54', 'B55', 'B56', 'B57', 'B58', 'B59', 'B60', 'B61', 'B62', 'B63', 'B64', 'B65', 'B66', 'B67', 'B68', 'B69', 'B70', 'B71', 'B72', 'B73', 'B74', 'B75', 'B76', 'B77', 'B78', 'B79', 'B80', 'B81', 'B82', 'B83', 'B84', 'B85', 'B86', 'B87', 'B88', 'B89', 'B90', 'B91', 'B92', 'B93', 'B94', 'B95', 'B96', 'B97', 'B98', 'B99', 'B100', 'B101', 'B102', 'B103', 'B104', 'B105', 'B106', 'B107', 'B108']
These residues will be fixed:  []
Designing HOMO-OLIGOMER
No ligand atoms parsed
Designing protein from this path: /wynton/home/rotation/geanhu/multi-state/data/string-sampling/combined/5KPE_2_6_0_combined.pdb
These residues will be redesigned:  ['A1', 'A2', 'A3', 'A4', 'A5', 'A6', 'A7', 'A8', 'A9', 'A10', 'A11', 'A12', 'A13', 'A14', 'A15', 'A16', 'A17', 'A18', 'A19', 'A20', 'A21', 'A22', 'A23', 'A24', 'A25', 'A26', 'A27', 'A28', 'A29', 'A30', 'A31', 'A32', 'A33', 'A34', 'A35', 'A36', 'A37', 'A38', 'A39', 'A40', 'A41', 'A42', 'A43', 'A44', 'A45', 'A46', 'A47', 'A48', 'A49', 'A50', 'A51', 'A52', 'A53', 'A54', 'A55', 'A56', 'A57', 'A58', 'A59', 'A60', 'A61', 'A62', 'A63', 'A64', 'A65', 'A66', 'A67', 'A68', 'A69', 'A70', 'A71', 'A72', 'A73', 'A74', 'A75', 'A76', 'A77', 'A78', 'A79', 'A80', 'A81', 'A82', 'A83', 'A84', 'A85', 'A86', 'A87', 'A88', 'A89', 'A90', 'A91', 'A92', 'A93', 'A94', 'A95', 'A96', 'A97', 'A98', 'A99', 'A100', 'A101', 'A102', 'A103', 'A104', 'A105', 'A106', 'A107', 'A108', 'B1', 'B2', 'B3', 'B4', 'B5', 'B6', 'B7', 'B8', 'B9', 'B10', 'B11', 'B12', 'B13', 'B14', 'B15', 'B16', 'B17', 'B18', 'B19', 'B20', 'B21', 'B22', 'B23', 'B24', 'B25', 'B26', 'B27', 'B28', 'B29', 'B30', 'B31', 'B32', 'B33', 'B34', 'B35', 'B36', 'B37', 'B38', 'B39', 'B40', 'B41', 'B42', 'B43', 'B44', 'B45', 'B46', 'B47', 'B48', 'B49', 'B50', 'B51', 'B52', 'B53', 'B54', 'B55', 'B56', 'B57', 'B58', 'B59', 'B60', 'B61', 'B62', 'B63', 'B64', 'B65', 'B66', 'B67', 'B68', 'B69', 'B70', 'B71', 'B72', 'B73', 'B74', 'B75', 'B76', 'B77', 'B78', 'B79', 'B80', 'B81', 'B82', 'B83', 'B84', 'B85', 'B86', 'B87', 'B88', 'B89', 'B90', 'B91', 'B92', 'B93', 'B94', 'B95', 'B96', 'B97', 'B98', 'B99', 'B100', 'B101', 'B102', 'B103', 'B104', 'B105', 'B106', 'B107', 'B108']
These residues will be fixed:  []
Designing HOMO-OLIGOMER
No ligand atoms parsed
Designing protein from this path: /wynton/home/rotation/geanhu/multi-state/data/string-sampling/combined/5KPE_2_6_1_combined.pdb
These residues will be redesigned:  ['A1', 'A2', 'A3', 'A4', 'A5', 'A6', 'A7', 'A8', 'A9', 'A10', 'A11', 'A12', 'A13', 'A14', 'A15', 'A16', 'A17', 'A18', 'A19', 'A20', 'A21', 'A22', 'A23', 'A24', 'A25', 'A26', 'A27', 'A28', 'A29', 'A30', 'A31', 'A32', 'A33', 'A34', 'A35', 'A36', 'A37', 'A38', 'A39', 'A40', 'A41', 'A42', 'A43', 'A44', 'A45', 'A46', 'A47', 'A48', 'A49', 'A50', 'A51', 'A52', 'A53', 'A54', 'A55', 'A56', 'A57', 'A58', 'A59', 'A60', 'A61', 'A62', 'A63', 'A64', 'A65', 'A66', 'A67', 'A68', 'A69', 'A70', 'A71', 'A72', 'A73', 'A74', 'A75', 'A76', 'A77', 'A78', 'A79', 'A80', 'A81', 'A82', 'A83', 'A84', 'A85', 'A86', 'A87', 'A88', 'A89', 'A90', 'A91', 'A92', 'A93', 'A94', 'A95', 'A96', 'A97', 'A98', 'A99', 'A100', 'A101', 'A102', 'A103', 'A104', 'A105', 'A106', 'A107', 'A108', 'B1', 'B2', 'B3', 'B4', 'B5', 'B6', 'B7', 'B8', 'B9', 'B10', 'B11', 'B12', 'B13', 'B14', 'B15', 'B16', 'B17', 'B18', 'B19', 'B20', 'B21', 'B22', 'B23', 'B24', 'B25', 'B26', 'B27', 'B28', 'B29', 'B30', 'B31', 'B32', 'B33', 'B34', 'B35', 'B36', 'B37', 'B38', 'B39', 'B40', 'B41', 'B42', 'B43', 'B44', 'B45', 'B46', 'B47', 'B48', 'B49', 'B50', 'B51', 'B52', 'B53', 'B54', 'B55', 'B56', 'B57', 'B58', 'B59', 'B60', 'B61', 'B62', 'B63', 'B64', 'B65', 'B66', 'B67', 'B68', 'B69', 'B70', 'B71', 'B72', 'B73', 'B74', 'B75', 'B76', 'B77', 'B78', 'B79', 'B80', 'B81', 'B82', 'B83', 'B84', 'B85', 'B86', 'B87', 'B88', 'B89', 'B90', 'B91', 'B92', 'B93', 'B94', 'B95', 'B96', 'B97', 'B98', 'B99', 'B100', 'B101', 'B102', 'B103', 'B104', 'B105', 'B106', 'B107', 'B108']
These residues will be fixed:  []
Designing HOMO-OLIGOMER
No ligand atoms parsed
Designing protein from this path: /wynton/home/rotation/geanhu/multi-state/data/string-sampling/combined/5KPE_2_6_2_combined.pdb
These residues will be redesigned:  ['A1', 'A2', 'A3', 'A4', 'A5', 'A6', 'A7', 'A8', 'A9', 'A10', 'A11', 'A12', 'A13', 'A14', 'A15', 'A16', 'A17', 'A18', 'A19', 'A20', 'A21', 'A22', 'A23', 'A24', 'A25', 'A26', 'A27', 'A28', 'A29', 'A30', 'A31', 'A32', 'A33', 'A34', 'A35', 'A36', 'A37', 'A38', 'A39', 'A40', 'A41', 'A42', 'A43', 'A44', 'A45', 'A46', 'A47', 'A48', 'A49', 'A50', 'A51', 'A52', 'A53', 'A54', 'A55', 'A56', 'A57', 'A58', 'A59', 'A60', 'A61', 'A62', 'A63', 'A64', 'A65', 'A66', 'A67', 'A68', 'A69', 'A70', 'A71', 'A72', 'A73', 'A74', 'A75', 'A76', 'A77', 'A78', 'A79', 'A80', 'A81', 'A82', 'A83', 'A84', 'A85', 'A86', 'A87', 'A88', 'A89', 'A90', 'A91', 'A92', 'A93', 'A94', 'A95', 'A96', 'A97', 'A98', 'A99', 'A100', 'A101', 'A102', 'A103', 'A104', 'A105', 'A106', 'A107', 'A108', 'B1', 'B2', 'B3', 'B4', 'B5', 'B6', 'B7', 'B8', 'B9', 'B10', 'B11', 'B12', 'B13', 'B14', 'B15', 'B16', 'B17', 'B18', 'B19', 'B20', 'B21', 'B22', 'B23', 'B24', 'B25', 'B26', 'B27', 'B28', 'B29', 'B30', 'B31', 'B32', 'B33', 'B34', 'B35', 'B36', 'B37', 'B38', 'B39', 'B40', 'B41', 'B42', 'B43', 'B44', 'B45', 'B46', 'B47', 'B48', 'B49', 'B50', 'B51', 'B52', 'B53', 'B54', 'B55', 'B56', 'B57', 'B58', 'B59', 'B60', 'B61', 'B62', 'B63', 'B64', 'B65', 'B66', 'B67', 'B68', 'B69', 'B70', 'B71', 'B72', 'B73', 'B74', 'B75', 'B76', 'B77', 'B78', 'B79', 'B80', 'B81', 'B82', 'B83', 'B84', 'B85', 'B86', 'B87', 'B88', 'B89', 'B90', 'B91', 'B92', 'B93', 'B94', 'B95', 'B96', 'B97', 'B98', 'B99', 'B100', 'B101', 'B102', 'B103', 'B104', 'B105', 'B106', 'B107', 'B108']
These residues will be fixed:  []
Designing HOMO-OLIGOMER
No ligand atoms parsed
Designing protein from this path: /wynton/home/rotation/geanhu/multi-state/data/string-sampling/combined/5KPE_2_6_3_combined.pdb
These residues will be redesigned:  ['A1', 'A2', 'A3', 'A4', 'A5', 'A6', 'A7', 'A8', 'A9', 'A10', 'A11', 'A12', 'A13', 'A14', 'A15', 'A16', 'A17', 'A18', 'A19', 'A20', 'A21', 'A22', 'A23', 'A24', 'A25', 'A26', 'A27', 'A28', 'A29', 'A30', 'A31', 'A32', 'A33', 'A34', 'A35', 'A36', 'A37', 'A38', 'A39', 'A40', 'A41', 'A42', 'A43', 'A44', 'A45', 'A46', 'A47', 'A48', 'A49', 'A50', 'A51', 'A52', 'A53', 'A54', 'A55', 'A56', 'A57', 'A58', 'A59', 'A60', 'A61', 'A62', 'A63', 'A64', 'A65', 'A66', 'A67', 'A68', 'A69', 'A70', 'A71', 'A72', 'A73', 'A74', 'A75', 'A76', 'A77', 'A78', 'A79', 'A80', 'A81', 'A82', 'A83', 'A84', 'A85', 'A86', 'A87', 'A88', 'A89', 'A90', 'A91', 'A92', 'A93', 'A94', 'A95', 'A96', 'A97', 'A98', 'A99', 'A100', 'A101', 'A102', 'A103', 'A104', 'A105', 'A106', 'A107', 'A108', 'B1', 'B2', 'B3', 'B4', 'B5', 'B6', 'B7', 'B8', 'B9', 'B10', 'B11', 'B12', 'B13', 'B14', 'B15', 'B16', 'B17', 'B18', 'B19', 'B20', 'B21', 'B22', 'B23', 'B24', 'B25', 'B26', 'B27', 'B28', 'B29', 'B30', 'B31', 'B32', 'B33', 'B34', 'B35', 'B36', 'B37', 'B38', 'B39', 'B40', 'B41', 'B42', 'B43', 'B44', 'B45', 'B46', 'B47', 'B48', 'B49', 'B50', 'B51', 'B52', 'B53', 'B54', 'B55', 'B56', 'B57', 'B58', 'B59', 'B60', 'B61', 'B62', 'B63', 'B64', 'B65', 'B66', 'B67', 'B68', 'B69', 'B70', 'B71', 'B72', 'B73', 'B74', 'B75', 'B76', 'B77', 'B78', 'B79', 'B80', 'B81', 'B82', 'B83', 'B84', 'B85', 'B86', 'B87', 'B88', 'B89', 'B90', 'B91', 'B92', 'B93', 'B94', 'B95', 'B96', 'B97', 'B98', 'B99', 'B100', 'B101', 'B102', 'B103', 'B104', 'B105', 'B106', 'B107', 'B108']
These residues will be fixed:  []
Designing HOMO-OLIGOMER
No ligand atoms parsed
Designing protein from this path: /wynton/home/rotation/geanhu/multi-state/data/string-sampling/combined/5KPE_2_6_4_combined.pdb
These residues will be redesigned:  ['A1', 'A2', 'A3', 'A4', 'A5', 'A6', 'A7', 'A8', 'A9', 'A10', 'A11', 'A12', 'A13', 'A14', 'A15', 'A16', 'A17', 'A18', 'A19', 'A20', 'A21', 'A22', 'A23', 'A24', 'A25', 'A26', 'A27', 'A28', 'A29', 'A30', 'A31', 'A32', 'A33', 'A34', 'A35', 'A36', 'A37', 'A38', 'A39', 'A40', 'A41', 'A42', 'A43', 'A44', 'A45', 'A46', 'A47', 'A48', 'A49', 'A50', 'A51', 'A52', 'A53', 'A54', 'A55', 'A56', 'A57', 'A58', 'A59', 'A60', 'A61', 'A62', 'A63', 'A64', 'A65', 'A66', 'A67', 'A68', 'A69', 'A70', 'A71', 'A72', 'A73', 'A74', 'A75', 'A76', 'A77', 'A78', 'A79', 'A80', 'A81', 'A82', 'A83', 'A84', 'A85', 'A86', 'A87', 'A88', 'A89', 'A90', 'A91', 'A92', 'A93', 'A94', 'A95', 'A96', 'A97', 'A98', 'A99', 'A100', 'A101', 'A102', 'A103', 'A104', 'A105', 'A106', 'A107', 'A108', 'B1', 'B2', 'B3', 'B4', 'B5', 'B6', 'B7', 'B8', 'B9', 'B10', 'B11', 'B12', 'B13', 'B14', 'B15', 'B16', 'B17', 'B18', 'B19', 'B20', 'B21', 'B22', 'B23', 'B24', 'B25', 'B26', 'B27', 'B28', 'B29', 'B30', 'B31', 'B32', 'B33', 'B34', 'B35', 'B36', 'B37', 'B38', 'B39', 'B40', 'B41', 'B42', 'B43', 'B44', 'B45', 'B46', 'B47', 'B48', 'B49', 'B50', 'B51', 'B52', 'B53', 'B54', 'B55', 'B56', 'B57', 'B58', 'B59', 'B60', 'B61', 'B62', 'B63', 'B64', 'B65', 'B66', 'B67', 'B68', 'B69', 'B70', 'B71', 'B72', 'B73', 'B74', 'B75', 'B76', 'B77', 'B78', 'B79', 'B80', 'B81', 'B82', 'B83', 'B84', 'B85', 'B86', 'B87', 'B88', 'B89', 'B90', 'B91', 'B92', 'B93', 'B94', 'B95', 'B96', 'B97', 'B98', 'B99', 'B100', 'B101', 'B102', 'B103', 'B104', 'B105', 'B106', 'B107', 'B108']
These residues will be fixed:  []
Designing HOMO-OLIGOMER
No ligand atoms parsed
Designing protein from this path: /wynton/home/rotation/geanhu/multi-state/data/string-sampling/combined/5KPE_2_6_5_combined.pdb
These residues will be redesigned:  ['A1', 'A2', 'A3', 'A4', 'A5', 'A6', 'A7', 'A8', 'A9', 'A10', 'A11', 'A12', 'A13', 'A14', 'A15', 'A16', 'A17', 'A18', 'A19', 'A20', 'A21', 'A22', 'A23', 'A24', 'A25', 'A26', 'A27', 'A28', 'A29', 'A30', 'A31', 'A32', 'A33', 'A34', 'A35', 'A36', 'A37', 'A38', 'A39', 'A40', 'A41', 'A42', 'A43', 'A44', 'A45', 'A46', 'A47', 'A48', 'A49', 'A50', 'A51', 'A52', 'A53', 'A54', 'A55', 'A56', 'A57', 'A58', 'A59', 'A60', 'A61', 'A62', 'A63', 'A64', 'A65', 'A66', 'A67', 'A68', 'A69', 'A70', 'A71', 'A72', 'A73', 'A74', 'A75', 'A76', 'A77', 'A78', 'A79', 'A80', 'A81', 'A82', 'A83', 'A84', 'A85', 'A86', 'A87', 'A88', 'A89', 'A90', 'A91', 'A92', 'A93', 'A94', 'A95', 'A96', 'A97', 'A98', 'A99', 'A100', 'A101', 'A102', 'A103', 'A104', 'A105', 'A106', 'A107', 'A108', 'B1', 'B2', 'B3', 'B4', 'B5', 'B6', 'B7', 'B8', 'B9', 'B10', 'B11', 'B12', 'B13', 'B14', 'B15', 'B16', 'B17', 'B18', 'B19', 'B20', 'B21', 'B22', 'B23', 'B24', 'B25', 'B26', 'B27', 'B28', 'B29', 'B30', 'B31', 'B32', 'B33', 'B34', 'B35', 'B36', 'B37', 'B38', 'B39', 'B40', 'B41', 'B42', 'B43', 'B44', 'B45', 'B46', 'B47', 'B48', 'B49', 'B50', 'B51', 'B52', 'B53', 'B54', 'B55', 'B56', 'B57', 'B58', 'B59', 'B60', 'B61', 'B62', 'B63', 'B64', 'B65', 'B66', 'B67', 'B68', 'B69', 'B70', 'B71', 'B72', 'B73', 'B74', 'B75', 'B76', 'B77', 'B78', 'B79', 'B80', 'B81', 'B82', 'B83', 'B84', 'B85', 'B86', 'B87', 'B88', 'B89', 'B90', 'B91', 'B92', 'B93', 'B94', 'B95', 'B96', 'B97', 'B98', 'B99', 'B100', 'B101', 'B102', 'B103', 'B104', 'B105', 'B106', 'B107', 'B108']
These residues will be fixed:  []
Designing HOMO-OLIGOMER
No ligand atoms parsed
Designing protein from this path: /wynton/home/rotation/geanhu/multi-state/data/string-sampling/combined/5KPE_2_6_6_combined.pdb
These residues will be redesigned:  ['A1', 'A2', 'A3', 'A4', 'A5', 'A6', 'A7', 'A8', 'A9', 'A10', 'A11', 'A12', 'A13', 'A14', 'A15', 'A16', 'A17', 'A18', 'A19', 'A20', 'A21', 'A22', 'A23', 'A24', 'A25', 'A26', 'A27', 'A28', 'A29', 'A30', 'A31', 'A32', 'A33', 'A34', 'A35', 'A36', 'A37', 'A38', 'A39', 'A40', 'A41', 'A42', 'A43', 'A44', 'A45', 'A46', 'A47', 'A48', 'A49', 'A50', 'A51', 'A52', 'A53', 'A54', 'A55', 'A56', 'A57', 'A58', 'A59', 'A60', 'A61', 'A62', 'A63', 'A64', 'A65', 'A66', 'A67', 'A68', 'A69', 'A70', 'A71', 'A72', 'A73', 'A74', 'A75', 'A76', 'A77', 'A78', 'A79', 'A80', 'A81', 'A82', 'A83', 'A84', 'A85', 'A86', 'A87', 'A88', 'A89', 'A90', 'A91', 'A92', 'A93', 'A94', 'A95', 'A96', 'A97', 'A98', 'A99', 'A100', 'A101', 'A102', 'A103', 'A104', 'A105', 'A106', 'A107', 'A108', 'B1', 'B2', 'B3', 'B4', 'B5', 'B6', 'B7', 'B8', 'B9', 'B10', 'B11', 'B12', 'B13', 'B14', 'B15', 'B16', 'B17', 'B18', 'B19', 'B20', 'B21', 'B22', 'B23', 'B24', 'B25', 'B26', 'B27', 'B28', 'B29', 'B30', 'B31', 'B32', 'B33', 'B34', 'B35', 'B36', 'B37', 'B38', 'B39', 'B40', 'B41', 'B42', 'B43', 'B44', 'B45', 'B46', 'B47', 'B48', 'B49', 'B50', 'B51', 'B52', 'B53', 'B54', 'B55', 'B56', 'B57', 'B58', 'B59', 'B60', 'B61', 'B62', 'B63', 'B64', 'B65', 'B66', 'B67', 'B68', 'B69', 'B70', 'B71', 'B72', 'B73', 'B74', 'B75', 'B76', 'B77', 'B78', 'B79', 'B80', 'B81', 'B82', 'B83', 'B84', 'B85', 'B86', 'B87', 'B88', 'B89', 'B90', 'B91', 'B92', 'B93', 'B94', 'B95', 'B96', 'B97', 'B98', 'B99', 'B100', 'B101', 'B102', 'B103', 'B104', 'B105', 'B106', 'B107', 'B108']
These residues will be fixed:  []
Designing HOMO-OLIGOMER
No ligand atoms parsed
Designing protein from this path: /wynton/home/rotation/geanhu/multi-state/data/string-sampling/combined/5KPE_2_6_7_combined.pdb
These residues will be redesigned:  ['A1', 'A2', 'A3', 'A4', 'A5', 'A6', 'A7', 'A8', 'A9', 'A10', 'A11', 'A12', 'A13', 'A14', 'A15', 'A16', 'A17', 'A18', 'A19', 'A20', 'A21', 'A22', 'A23', 'A24', 'A25', 'A26', 'A27', 'A28', 'A29', 'A30', 'A31', 'A32', 'A33', 'A34', 'A35', 'A36', 'A37', 'A38', 'A39', 'A40', 'A41', 'A42', 'A43', 'A44', 'A45', 'A46', 'A47', 'A48', 'A49', 'A50', 'A51', 'A52', 'A53', 'A54', 'A55', 'A56', 'A57', 'A58', 'A59', 'A60', 'A61', 'A62', 'A63', 'A64', 'A65', 'A66', 'A67', 'A68', 'A69', 'A70', 'A71', 'A72', 'A73', 'A74', 'A75', 'A76', 'A77', 'A78', 'A79', 'A80', 'A81', 'A82', 'A83', 'A84', 'A85', 'A86', 'A87', 'A88', 'A89', 'A90', 'A91', 'A92', 'A93', 'A94', 'A95', 'A96', 'A97', 'A98', 'A99', 'A100', 'A101', 'A102', 'A103', 'A104', 'A105', 'A106', 'A107', 'A108', 'B1', 'B2', 'B3', 'B4', 'B5', 'B6', 'B7', 'B8', 'B9', 'B10', 'B11', 'B12', 'B13', 'B14', 'B15', 'B16', 'B17', 'B18', 'B19', 'B20', 'B21', 'B22', 'B23', 'B24', 'B25', 'B26', 'B27', 'B28', 'B29', 'B30', 'B31', 'B32', 'B33', 'B34', 'B35', 'B36', 'B37', 'B38', 'B39', 'B40', 'B41', 'B42', 'B43', 'B44', 'B45', 'B46', 'B47', 'B48', 'B49', 'B50', 'B51', 'B52', 'B53', 'B54', 'B55', 'B56', 'B57', 'B58', 'B59', 'B60', 'B61', 'B62', 'B63', 'B64', 'B65', 'B66', 'B67', 'B68', 'B69', 'B70', 'B71', 'B72', 'B73', 'B74', 'B75', 'B76', 'B77', 'B78', 'B79', 'B80', 'B81', 'B82', 'B83', 'B84', 'B85', 'B86', 'B87', 'B88', 'B89', 'B90', 'B91', 'B92', 'B93', 'B94', 'B95', 'B96', 'B97', 'B98', 'B99', 'B100', 'B101', 'B102', 'B103', 'B104', 'B105', 'B106', 'B107', 'B108']
These residues will be fixed:  []
Designing HOMO-OLIGOMER
No ligand atoms parsed
Designing protein from this path: /wynton/home/rotation/geanhu/multi-state/data/string-sampling/combined/5KPE_2_6_8_combined.pdb
These residues will be redesigned:  ['A1', 'A2', 'A3', 'A4', 'A5', 'A6', 'A7', 'A8', 'A9', 'A10', 'A11', 'A12', 'A13', 'A14', 'A15', 'A16', 'A17', 'A18', 'A19', 'A20', 'A21', 'A22', 'A23', 'A24', 'A25', 'A26', 'A27', 'A28', 'A29', 'A30', 'A31', 'A32', 'A33', 'A34', 'A35', 'A36', 'A37', 'A38', 'A39', 'A40', 'A41', 'A42', 'A43', 'A44', 'A45', 'A46', 'A47', 'A48', 'A49', 'A50', 'A51', 'A52', 'A53', 'A54', 'A55', 'A56', 'A57', 'A58', 'A59', 'A60', 'A61', 'A62', 'A63', 'A64', 'A65', 'A66', 'A67', 'A68', 'A69', 'A70', 'A71', 'A72', 'A73', 'A74', 'A75', 'A76', 'A77', 'A78', 'A79', 'A80', 'A81', 'A82', 'A83', 'A84', 'A85', 'A86', 'A87', 'A88', 'A89', 'A90', 'A91', 'A92', 'A93', 'A94', 'A95', 'A96', 'A97', 'A98', 'A99', 'A100', 'A101', 'A102', 'A103', 'A104', 'A105', 'A106', 'A107', 'A108', 'B1', 'B2', 'B3', 'B4', 'B5', 'B6', 'B7', 'B8', 'B9', 'B10', 'B11', 'B12', 'B13', 'B14', 'B15', 'B16', 'B17', 'B18', 'B19', 'B20', 'B21', 'B22', 'B23', 'B24', 'B25', 'B26', 'B27', 'B28', 'B29', 'B30', 'B31', 'B32', 'B33', 'B34', 'B35', 'B36', 'B37', 'B38', 'B39', 'B40', 'B41', 'B42', 'B43', 'B44', 'B45', 'B46', 'B47', 'B48', 'B49', 'B50', 'B51', 'B52', 'B53', 'B54', 'B55', 'B56', 'B57', 'B58', 'B59', 'B60', 'B61', 'B62', 'B63', 'B64', 'B65', 'B66', 'B67', 'B68', 'B69', 'B70', 'B71', 'B72', 'B73', 'B74', 'B75', 'B76', 'B77', 'B78', 'B79', 'B80', 'B81', 'B82', 'B83', 'B84', 'B85', 'B86', 'B87', 'B88', 'B89', 'B90', 'B91', 'B92', 'B93', 'B94', 'B95', 'B96', 'B97', 'B98', 'B99', 'B100', 'B101', 'B102', 'B103', 'B104', 'B105', 'B106', 'B107', 'B108']
These residues will be fixed:  []
Designing HOMO-OLIGOMER
No ligand atoms parsed
Designing protein from this path: /wynton/home/rotation/geanhu/multi-state/data/string-sampling/combined/5KPE_2_6_9_combined.pdb
These residues will be redesigned:  ['A1', 'A2', 'A3', 'A4', 'A5', 'A6', 'A7', 'A8', 'A9', 'A10', 'A11', 'A12', 'A13', 'A14', 'A15', 'A16', 'A17', 'A18', 'A19', 'A20', 'A21', 'A22', 'A23', 'A24', 'A25', 'A26', 'A27', 'A28', 'A29', 'A30', 'A31', 'A32', 'A33', 'A34', 'A35', 'A36', 'A37', 'A38', 'A39', 'A40', 'A41', 'A42', 'A43', 'A44', 'A45', 'A46', 'A47', 'A48', 'A49', 'A50', 'A51', 'A52', 'A53', 'A54', 'A55', 'A56', 'A57', 'A58', 'A59', 'A60', 'A61', 'A62', 'A63', 'A64', 'A65', 'A66', 'A67', 'A68', 'A69', 'A70', 'A71', 'A72', 'A73', 'A74', 'A75', 'A76', 'A77', 'A78', 'A79', 'A80', 'A81', 'A82', 'A83', 'A84', 'A85', 'A86', 'A87', 'A88', 'A89', 'A90', 'A91', 'A92', 'A93', 'A94', 'A95', 'A96', 'A97', 'A98', 'A99', 'A100', 'A101', 'A102', 'A103', 'A104', 'A105', 'A106', 'A107', 'A108', 'B1', 'B2', 'B3', 'B4', 'B5', 'B6', 'B7', 'B8', 'B9', 'B10', 'B11', 'B12', 'B13', 'B14', 'B15', 'B16', 'B17', 'B18', 'B19', 'B20', 'B21', 'B22', 'B23', 'B24', 'B25', 'B26', 'B27', 'B28', 'B29', 'B30', 'B31', 'B32', 'B33', 'B34', 'B35', 'B36', 'B37', 'B38', 'B39', 'B40', 'B41', 'B42', 'B43', 'B44', 'B45', 'B46', 'B47', 'B48', 'B49', 'B50', 'B51', 'B52', 'B53', 'B54', 'B55', 'B56', 'B57', 'B58', 'B59', 'B60', 'B61', 'B62', 'B63', 'B64', 'B65', 'B66', 'B67', 'B68', 'B69', 'B70', 'B71', 'B72', 'B73', 'B74', 'B75', 'B76', 'B77', 'B78', 'B79', 'B80', 'B81', 'B82', 'B83', 'B84', 'B85', 'B86', 'B87', 'B88', 'B89', 'B90', 'B91', 'B92', 'B93', 'B94', 'B95', 'B96', 'B97', 'B98', 'B99', 'B100', 'B101', 'B102', 'B103', 'B104', 'B105', 'B106', 'B107', 'B108']
These residues will be fixed:  []
Designing HOMO-OLIGOMER
No ligand atoms parsed
Designing protein from this path: /wynton/home/rotation/geanhu/multi-state/data/string-sampling/combined/5KPE_2_8_0_combined.pdb
These residues will be redesigned:  ['A1', 'A2', 'A3', 'A4', 'A5', 'A6', 'A7', 'A8', 'A9', 'A10', 'A11', 'A12', 'A13', 'A14', 'A15', 'A16', 'A17', 'A18', 'A19', 'A20', 'A21', 'A22', 'A23', 'A24', 'A25', 'A26', 'A27', 'A28', 'A29', 'A30', 'A31', 'A32', 'A33', 'A34', 'A35', 'A36', 'A37', 'A38', 'A39', 'A40', 'A41', 'A42', 'A43', 'A44', 'A45', 'A46', 'A47', 'A48', 'A49', 'A50', 'A51', 'A52', 'A53', 'A54', 'A55', 'A56', 'A57', 'A58', 'A59', 'A60', 'A61', 'A62', 'A63', 'A64', 'A65', 'A66', 'A67', 'A68', 'A69', 'A70', 'A71', 'A72', 'A73', 'A74', 'A75', 'A76', 'A77', 'A78', 'A79', 'A80', 'A81', 'A82', 'A83', 'A84', 'A85', 'A86', 'A87', 'A88', 'A89', 'A90', 'A91', 'A92', 'A93', 'A94', 'A95', 'A96', 'A97', 'A98', 'A99', 'A100', 'A101', 'A102', 'A103', 'A104', 'A105', 'A106', 'A107', 'A108', 'B1', 'B2', 'B3', 'B4', 'B5', 'B6', 'B7', 'B8', 'B9', 'B10', 'B11', 'B12', 'B13', 'B14', 'B15', 'B16', 'B17', 'B18', 'B19', 'B20', 'B21', 'B22', 'B23', 'B24', 'B25', 'B26', 'B27', 'B28', 'B29', 'B30', 'B31', 'B32', 'B33', 'B34', 'B35', 'B36', 'B37', 'B38', 'B39', 'B40', 'B41', 'B42', 'B43', 'B44', 'B45', 'B46', 'B47', 'B48', 'B49', 'B50', 'B51', 'B52', 'B53', 'B54', 'B55', 'B56', 'B57', 'B58', 'B59', 'B60', 'B61', 'B62', 'B63', 'B64', 'B65', 'B66', 'B67', 'B68', 'B69', 'B70', 'B71', 'B72', 'B73', 'B74', 'B75', 'B76', 'B77', 'B78', 'B79', 'B80', 'B81', 'B82', 'B83', 'B84', 'B85', 'B86', 'B87', 'B88', 'B89', 'B90', 'B91', 'B92', 'B93', 'B94', 'B95', 'B96', 'B97', 'B98', 'B99', 'B100', 'B101', 'B102', 'B103', 'B104', 'B105', 'B106', 'B107', 'B108']
These residues will be fixed:  []
Designing HOMO-OLIGOMER
No ligand atoms parsed
Designing protein from this path: /wynton/home/rotation/geanhu/multi-state/data/string-sampling/combined/5KPE_2_8_1_combined.pdb
These residues will be redesigned:  ['A1', 'A2', 'A3', 'A4', 'A5', 'A6', 'A7', 'A8', 'A9', 'A10', 'A11', 'A12', 'A13', 'A14', 'A15', 'A16', 'A17', 'A18', 'A19', 'A20', 'A21', 'A22', 'A23', 'A24', 'A25', 'A26', 'A27', 'A28', 'A29', 'A30', 'A31', 'A32', 'A33', 'A34', 'A35', 'A36', 'A37', 'A38', 'A39', 'A40', 'A41', 'A42', 'A43', 'A44', 'A45', 'A46', 'A47', 'A48', 'A49', 'A50', 'A51', 'A52', 'A53', 'A54', 'A55', 'A56', 'A57', 'A58', 'A59', 'A60', 'A61', 'A62', 'A63', 'A64', 'A65', 'A66', 'A67', 'A68', 'A69', 'A70', 'A71', 'A72', 'A73', 'A74', 'A75', 'A76', 'A77', 'A78', 'A79', 'A80', 'A81', 'A82', 'A83', 'A84', 'A85', 'A86', 'A87', 'A88', 'A89', 'A90', 'A91', 'A92', 'A93', 'A94', 'A95', 'A96', 'A97', 'A98', 'A99', 'A100', 'A101', 'A102', 'A103', 'A104', 'A105', 'A106', 'A107', 'A108', 'B1', 'B2', 'B3', 'B4', 'B5', 'B6', 'B7', 'B8', 'B9', 'B10', 'B11', 'B12', 'B13', 'B14', 'B15', 'B16', 'B17', 'B18', 'B19', 'B20', 'B21', 'B22', 'B23', 'B24', 'B25', 'B26', 'B27', 'B28', 'B29', 'B30', 'B31', 'B32', 'B33', 'B34', 'B35', 'B36', 'B37', 'B38', 'B39', 'B40', 'B41', 'B42', 'B43', 'B44', 'B45', 'B46', 'B47', 'B48', 'B49', 'B50', 'B51', 'B52', 'B53', 'B54', 'B55', 'B56', 'B57', 'B58', 'B59', 'B60', 'B61', 'B62', 'B63', 'B64', 'B65', 'B66', 'B67', 'B68', 'B69', 'B70', 'B71', 'B72', 'B73', 'B74', 'B75', 'B76', 'B77', 'B78', 'B79', 'B80', 'B81', 'B82', 'B83', 'B84', 'B85', 'B86', 'B87', 'B88', 'B89', 'B90', 'B91', 'B92', 'B93', 'B94', 'B95', 'B96', 'B97', 'B98', 'B99', 'B100', 'B101', 'B102', 'B103', 'B104', 'B105', 'B106', 'B107', 'B108']
These residues will be fixed:  []
Designing HOMO-OLIGOMER
No ligand atoms parsed
Designing protein from this path: /wynton/home/rotation/geanhu/multi-state/data/string-sampling/combined/5KPE_2_8_2_combined.pdb
These residues will be redesigned:  ['A1', 'A2', 'A3', 'A4', 'A5', 'A6', 'A7', 'A8', 'A9', 'A10', 'A11', 'A12', 'A13', 'A14', 'A15', 'A16', 'A17', 'A18', 'A19', 'A20', 'A21', 'A22', 'A23', 'A24', 'A25', 'A26', 'A27', 'A28', 'A29', 'A30', 'A31', 'A32', 'A33', 'A34', 'A35', 'A36', 'A37', 'A38', 'A39', 'A40', 'A41', 'A42', 'A43', 'A44', 'A45', 'A46', 'A47', 'A48', 'A49', 'A50', 'A51', 'A52', 'A53', 'A54', 'A55', 'A56', 'A57', 'A58', 'A59', 'A60', 'A61', 'A62', 'A63', 'A64', 'A65', 'A66', 'A67', 'A68', 'A69', 'A70', 'A71', 'A72', 'A73', 'A74', 'A75', 'A76', 'A77', 'A78', 'A79', 'A80', 'A81', 'A82', 'A83', 'A84', 'A85', 'A86', 'A87', 'A88', 'A89', 'A90', 'A91', 'A92', 'A93', 'A94', 'A95', 'A96', 'A97', 'A98', 'A99', 'A100', 'A101', 'A102', 'A103', 'A104', 'A105', 'A106', 'A107', 'A108', 'B1', 'B2', 'B3', 'B4', 'B5', 'B6', 'B7', 'B8', 'B9', 'B10', 'B11', 'B12', 'B13', 'B14', 'B15', 'B16', 'B17', 'B18', 'B19', 'B20', 'B21', 'B22', 'B23', 'B24', 'B25', 'B26', 'B27', 'B28', 'B29', 'B30', 'B31', 'B32', 'B33', 'B34', 'B35', 'B36', 'B37', 'B38', 'B39', 'B40', 'B41', 'B42', 'B43', 'B44', 'B45', 'B46', 'B47', 'B48', 'B49', 'B50', 'B51', 'B52', 'B53', 'B54', 'B55', 'B56', 'B57', 'B58', 'B59', 'B60', 'B61', 'B62', 'B63', 'B64', 'B65', 'B66', 'B67', 'B68', 'B69', 'B70', 'B71', 'B72', 'B73', 'B74', 'B75', 'B76', 'B77', 'B78', 'B79', 'B80', 'B81', 'B82', 'B83', 'B84', 'B85', 'B86', 'B87', 'B88', 'B89', 'B90', 'B91', 'B92', 'B93', 'B94', 'B95', 'B96', 'B97', 'B98', 'B99', 'B100', 'B101', 'B102', 'B103', 'B104', 'B105', 'B106', 'B107', 'B108']
These residues will be fixed:  []
Designing HOMO-OLIGOMER
No ligand atoms parsed
Designing protein from this path: /wynton/home/rotation/geanhu/multi-state/data/string-sampling/combined/5KPE_2_8_3_combined.pdb
These residues will be redesigned:  ['A1', 'A2', 'A3', 'A4', 'A5', 'A6', 'A7', 'A8', 'A9', 'A10', 'A11', 'A12', 'A13', 'A14', 'A15', 'A16', 'A17', 'A18', 'A19', 'A20', 'A21', 'A22', 'A23', 'A24', 'A25', 'A26', 'A27', 'A28', 'A29', 'A30', 'A31', 'A32', 'A33', 'A34', 'A35', 'A36', 'A37', 'A38', 'A39', 'A40', 'A41', 'A42', 'A43', 'A44', 'A45', 'A46', 'A47', 'A48', 'A49', 'A50', 'A51', 'A52', 'A53', 'A54', 'A55', 'A56', 'A57', 'A58', 'A59', 'A60', 'A61', 'A62', 'A63', 'A64', 'A65', 'A66', 'A67', 'A68', 'A69', 'A70', 'A71', 'A72', 'A73', 'A74', 'A75', 'A76', 'A77', 'A78', 'A79', 'A80', 'A81', 'A82', 'A83', 'A84', 'A85', 'A86', 'A87', 'A88', 'A89', 'A90', 'A91', 'A92', 'A93', 'A94', 'A95', 'A96', 'A97', 'A98', 'A99', 'A100', 'A101', 'A102', 'A103', 'A104', 'A105', 'A106', 'A107', 'A108', 'B1', 'B2', 'B3', 'B4', 'B5', 'B6', 'B7', 'B8', 'B9', 'B10', 'B11', 'B12', 'B13', 'B14', 'B15', 'B16', 'B17', 'B18', 'B19', 'B20', 'B21', 'B22', 'B23', 'B24', 'B25', 'B26', 'B27', 'B28', 'B29', 'B30', 'B31', 'B32', 'B33', 'B34', 'B35', 'B36', 'B37', 'B38', 'B39', 'B40', 'B41', 'B42', 'B43', 'B44', 'B45', 'B46', 'B47', 'B48', 'B49', 'B50', 'B51', 'B52', 'B53', 'B54', 'B55', 'B56', 'B57', 'B58', 'B59', 'B60', 'B61', 'B62', 'B63', 'B64', 'B65', 'B66', 'B67', 'B68', 'B69', 'B70', 'B71', 'B72', 'B73', 'B74', 'B75', 'B76', 'B77', 'B78', 'B79', 'B80', 'B81', 'B82', 'B83', 'B84', 'B85', 'B86', 'B87', 'B88', 'B89', 'B90', 'B91', 'B92', 'B93', 'B94', 'B95', 'B96', 'B97', 'B98', 'B99', 'B100', 'B101', 'B102', 'B103', 'B104', 'B105', 'B106', 'B107', 'B108']
These residues will be fixed:  []
Designing HOMO-OLIGOMER
No ligand atoms parsed
Designing protein from this path: /wynton/home/rotation/geanhu/multi-state/data/string-sampling/combined/5KPE_2_8_4_combined.pdb
These residues will be redesigned:  ['A1', 'A2', 'A3', 'A4', 'A5', 'A6', 'A7', 'A8', 'A9', 'A10', 'A11', 'A12', 'A13', 'A14', 'A15', 'A16', 'A17', 'A18', 'A19', 'A20', 'A21', 'A22', 'A23', 'A24', 'A25', 'A26', 'A27', 'A28', 'A29', 'A30', 'A31', 'A32', 'A33', 'A34', 'A35', 'A36', 'A37', 'A38', 'A39', 'A40', 'A41', 'A42', 'A43', 'A44', 'A45', 'A46', 'A47', 'A48', 'A49', 'A50', 'A51', 'A52', 'A53', 'A54', 'A55', 'A56', 'A57', 'A58', 'A59', 'A60', 'A61', 'A62', 'A63', 'A64', 'A65', 'A66', 'A67', 'A68', 'A69', 'A70', 'A71', 'A72', 'A73', 'A74', 'A75', 'A76', 'A77', 'A78', 'A79', 'A80', 'A81', 'A82', 'A83', 'A84', 'A85', 'A86', 'A87', 'A88', 'A89', 'A90', 'A91', 'A92', 'A93', 'A94', 'A95', 'A96', 'A97', 'A98', 'A99', 'A100', 'A101', 'A102', 'A103', 'A104', 'A105', 'A106', 'A107', 'A108', 'B1', 'B2', 'B3', 'B4', 'B5', 'B6', 'B7', 'B8', 'B9', 'B10', 'B11', 'B12', 'B13', 'B14', 'B15', 'B16', 'B17', 'B18', 'B19', 'B20', 'B21', 'B22', 'B23', 'B24', 'B25', 'B26', 'B27', 'B28', 'B29', 'B30', 'B31', 'B32', 'B33', 'B34', 'B35', 'B36', 'B37', 'B38', 'B39', 'B40', 'B41', 'B42', 'B43', 'B44', 'B45', 'B46', 'B47', 'B48', 'B49', 'B50', 'B51', 'B52', 'B53', 'B54', 'B55', 'B56', 'B57', 'B58', 'B59', 'B60', 'B61', 'B62', 'B63', 'B64', 'B65', 'B66', 'B67', 'B68', 'B69', 'B70', 'B71', 'B72', 'B73', 'B74', 'B75', 'B76', 'B77', 'B78', 'B79', 'B80', 'B81', 'B82', 'B83', 'B84', 'B85', 'B86', 'B87', 'B88', 'B89', 'B90', 'B91', 'B92', 'B93', 'B94', 'B95', 'B96', 'B97', 'B98', 'B99', 'B100', 'B101', 'B102', 'B103', 'B104', 'B105', 'B106', 'B107', 'B108']
These residues will be fixed:  []
Designing HOMO-OLIGOMER
No ligand atoms parsed
Designing protein from this path: /wynton/home/rotation/geanhu/multi-state/data/string-sampling/combined/5KPE_2_8_5_combined.pdb
These residues will be redesigned:  ['A1', 'A2', 'A3', 'A4', 'A5', 'A6', 'A7', 'A8', 'A9', 'A10', 'A11', 'A12', 'A13', 'A14', 'A15', 'A16', 'A17', 'A18', 'A19', 'A20', 'A21', 'A22', 'A23', 'A24', 'A25', 'A26', 'A27', 'A28', 'A29', 'A30', 'A31', 'A32', 'A33', 'A34', 'A35', 'A36', 'A37', 'A38', 'A39', 'A40', 'A41', 'A42', 'A43', 'A44', 'A45', 'A46', 'A47', 'A48', 'A49', 'A50', 'A51', 'A52', 'A53', 'A54', 'A55', 'A56', 'A57', 'A58', 'A59', 'A60', 'A61', 'A62', 'A63', 'A64', 'A65', 'A66', 'A67', 'A68', 'A69', 'A70', 'A71', 'A72', 'A73', 'A74', 'A75', 'A76', 'A77', 'A78', 'A79', 'A80', 'A81', 'A82', 'A83', 'A84', 'A85', 'A86', 'A87', 'A88', 'A89', 'A90', 'A91', 'A92', 'A93', 'A94', 'A95', 'A96', 'A97', 'A98', 'A99', 'A100', 'A101', 'A102', 'A103', 'A104', 'A105', 'A106', 'A107', 'A108', 'B1', 'B2', 'B3', 'B4', 'B5', 'B6', 'B7', 'B8', 'B9', 'B10', 'B11', 'B12', 'B13', 'B14', 'B15', 'B16', 'B17', 'B18', 'B19', 'B20', 'B21', 'B22', 'B23', 'B24', 'B25', 'B26', 'B27', 'B28', 'B29', 'B30', 'B31', 'B32', 'B33', 'B34', 'B35', 'B36', 'B37', 'B38', 'B39', 'B40', 'B41', 'B42', 'B43', 'B44', 'B45', 'B46', 'B47', 'B48', 'B49', 'B50', 'B51', 'B52', 'B53', 'B54', 'B55', 'B56', 'B57', 'B58', 'B59', 'B60', 'B61', 'B62', 'B63', 'B64', 'B65', 'B66', 'B67', 'B68', 'B69', 'B70', 'B71', 'B72', 'B73', 'B74', 'B75', 'B76', 'B77', 'B78', 'B79', 'B80', 'B81', 'B82', 'B83', 'B84', 'B85', 'B86', 'B87', 'B88', 'B89', 'B90', 'B91', 'B92', 'B93', 'B94', 'B95', 'B96', 'B97', 'B98', 'B99', 'B100', 'B101', 'B102', 'B103', 'B104', 'B105', 'B106', 'B107', 'B108']
These residues will be fixed:  []
Designing HOMO-OLIGOMER
No ligand atoms parsed
Designing protein from this path: /wynton/home/rotation/geanhu/multi-state/data/string-sampling/combined/5KPE_2_8_6_combined.pdb
These residues will be redesigned:  ['A1', 'A2', 'A3', 'A4', 'A5', 'A6', 'A7', 'A8', 'A9', 'A10', 'A11', 'A12', 'A13', 'A14', 'A15', 'A16', 'A17', 'A18', 'A19', 'A20', 'A21', 'A22', 'A23', 'A24', 'A25', 'A26', 'A27', 'A28', 'A29', 'A30', 'A31', 'A32', 'A33', 'A34', 'A35', 'A36', 'A37', 'A38', 'A39', 'A40', 'A41', 'A42', 'A43', 'A44', 'A45', 'A46', 'A47', 'A48', 'A49', 'A50', 'A51', 'A52', 'A53', 'A54', 'A55', 'A56', 'A57', 'A58', 'A59', 'A60', 'A61', 'A62', 'A63', 'A64', 'A65', 'A66', 'A67', 'A68', 'A69', 'A70', 'A71', 'A72', 'A73', 'A74', 'A75', 'A76', 'A77', 'A78', 'A79', 'A80', 'A81', 'A82', 'A83', 'A84', 'A85', 'A86', 'A87', 'A88', 'A89', 'A90', 'A91', 'A92', 'A93', 'A94', 'A95', 'A96', 'A97', 'A98', 'A99', 'A100', 'A101', 'A102', 'A103', 'A104', 'A105', 'A106', 'A107', 'A108', 'B1', 'B2', 'B3', 'B4', 'B5', 'B6', 'B7', 'B8', 'B9', 'B10', 'B11', 'B12', 'B13', 'B14', 'B15', 'B16', 'B17', 'B18', 'B19', 'B20', 'B21', 'B22', 'B23', 'B24', 'B25', 'B26', 'B27', 'B28', 'B29', 'B30', 'B31', 'B32', 'B33', 'B34', 'B35', 'B36', 'B37', 'B38', 'B39', 'B40', 'B41', 'B42', 'B43', 'B44', 'B45', 'B46', 'B47', 'B48', 'B49', 'B50', 'B51', 'B52', 'B53', 'B54', 'B55', 'B56', 'B57', 'B58', 'B59', 'B60', 'B61', 'B62', 'B63', 'B64', 'B65', 'B66', 'B67', 'B68', 'B69', 'B70', 'B71', 'B72', 'B73', 'B74', 'B75', 'B76', 'B77', 'B78', 'B79', 'B80', 'B81', 'B82', 'B83', 'B84', 'B85', 'B86', 'B87', 'B88', 'B89', 'B90', 'B91', 'B92', 'B93', 'B94', 'B95', 'B96', 'B97', 'B98', 'B99', 'B100', 'B101', 'B102', 'B103', 'B104', 'B105', 'B106', 'B107', 'B108']
These residues will be fixed:  []
Designing HOMO-OLIGOMER
No ligand atoms parsed
Designing protein from this path: /wynton/home/rotation/geanhu/multi-state/data/string-sampling/combined/5KPE_2_8_7_combined.pdb
These residues will be redesigned:  ['A1', 'A2', 'A3', 'A4', 'A5', 'A6', 'A7', 'A8', 'A9', 'A10', 'A11', 'A12', 'A13', 'A14', 'A15', 'A16', 'A17', 'A18', 'A19', 'A20', 'A21', 'A22', 'A23', 'A24', 'A25', 'A26', 'A27', 'A28', 'A29', 'A30', 'A31', 'A32', 'A33', 'A34', 'A35', 'A36', 'A37', 'A38', 'A39', 'A40', 'A41', 'A42', 'A43', 'A44', 'A45', 'A46', 'A47', 'A48', 'A49', 'A50', 'A51', 'A52', 'A53', 'A54', 'A55', 'A56', 'A57', 'A58', 'A59', 'A60', 'A61', 'A62', 'A63', 'A64', 'A65', 'A66', 'A67', 'A68', 'A69', 'A70', 'A71', 'A72', 'A73', 'A74', 'A75', 'A76', 'A77', 'A78', 'A79', 'A80', 'A81', 'A82', 'A83', 'A84', 'A85', 'A86', 'A87', 'A88', 'A89', 'A90', 'A91', 'A92', 'A93', 'A94', 'A95', 'A96', 'A97', 'A98', 'A99', 'A100', 'A101', 'A102', 'A103', 'A104', 'A105', 'A106', 'A107', 'A108', 'B1', 'B2', 'B3', 'B4', 'B5', 'B6', 'B7', 'B8', 'B9', 'B10', 'B11', 'B12', 'B13', 'B14', 'B15', 'B16', 'B17', 'B18', 'B19', 'B20', 'B21', 'B22', 'B23', 'B24', 'B25', 'B26', 'B27', 'B28', 'B29', 'B30', 'B31', 'B32', 'B33', 'B34', 'B35', 'B36', 'B37', 'B38', 'B39', 'B40', 'B41', 'B42', 'B43', 'B44', 'B45', 'B46', 'B47', 'B48', 'B49', 'B50', 'B51', 'B52', 'B53', 'B54', 'B55', 'B56', 'B57', 'B58', 'B59', 'B60', 'B61', 'B62', 'B63', 'B64', 'B65', 'B66', 'B67', 'B68', 'B69', 'B70', 'B71', 'B72', 'B73', 'B74', 'B75', 'B76', 'B77', 'B78', 'B79', 'B80', 'B81', 'B82', 'B83', 'B84', 'B85', 'B86', 'B87', 'B88', 'B89', 'B90', 'B91', 'B92', 'B93', 'B94', 'B95', 'B96', 'B97', 'B98', 'B99', 'B100', 'B101', 'B102', 'B103', 'B104', 'B105', 'B106', 'B107', 'B108']
These residues will be fixed:  []
Designing HOMO-OLIGOMER
No ligand atoms parsed
Designing protein from this path: /wynton/home/rotation/geanhu/multi-state/data/string-sampling/combined/5KPE_2_8_8_combined.pdb
These residues will be redesigned:  ['A1', 'A2', 'A3', 'A4', 'A5', 'A6', 'A7', 'A8', 'A9', 'A10', 'A11', 'A12', 'A13', 'A14', 'A15', 'A16', 'A17', 'A18', 'A19', 'A20', 'A21', 'A22', 'A23', 'A24', 'A25', 'A26', 'A27', 'A28', 'A29', 'A30', 'A31', 'A32', 'A33', 'A34', 'A35', 'A36', 'A37', 'A38', 'A39', 'A40', 'A41', 'A42', 'A43', 'A44', 'A45', 'A46', 'A47', 'A48', 'A49', 'A50', 'A51', 'A52', 'A53', 'A54', 'A55', 'A56', 'A57', 'A58', 'A59', 'A60', 'A61', 'A62', 'A63', 'A64', 'A65', 'A66', 'A67', 'A68', 'A69', 'A70', 'A71', 'A72', 'A73', 'A74', 'A75', 'A76', 'A77', 'A78', 'A79', 'A80', 'A81', 'A82', 'A83', 'A84', 'A85', 'A86', 'A87', 'A88', 'A89', 'A90', 'A91', 'A92', 'A93', 'A94', 'A95', 'A96', 'A97', 'A98', 'A99', 'A100', 'A101', 'A102', 'A103', 'A104', 'A105', 'A106', 'A107', 'A108', 'B1', 'B2', 'B3', 'B4', 'B5', 'B6', 'B7', 'B8', 'B9', 'B10', 'B11', 'B12', 'B13', 'B14', 'B15', 'B16', 'B17', 'B18', 'B19', 'B20', 'B21', 'B22', 'B23', 'B24', 'B25', 'B26', 'B27', 'B28', 'B29', 'B30', 'B31', 'B32', 'B33', 'B34', 'B35', 'B36', 'B37', 'B38', 'B39', 'B40', 'B41', 'B42', 'B43', 'B44', 'B45', 'B46', 'B47', 'B48', 'B49', 'B50', 'B51', 'B52', 'B53', 'B54', 'B55', 'B56', 'B57', 'B58', 'B59', 'B60', 'B61', 'B62', 'B63', 'B64', 'B65', 'B66', 'B67', 'B68', 'B69', 'B70', 'B71', 'B72', 'B73', 'B74', 'B75', 'B76', 'B77', 'B78', 'B79', 'B80', 'B81', 'B82', 'B83', 'B84', 'B85', 'B86', 'B87', 'B88', 'B89', 'B90', 'B91', 'B92', 'B93', 'B94', 'B95', 'B96', 'B97', 'B98', 'B99', 'B100', 'B101', 'B102', 'B103', 'B104', 'B105', 'B106', 'B107', 'B108']
These residues will be fixed:  []
Designing HOMO-OLIGOMER
No ligand atoms parsed
Designing protein from this path: /wynton/home/rotation/geanhu/multi-state/data/string-sampling/combined/5KPE_2_8_9_combined.pdb
These residues will be redesigned:  ['A1', 'A2', 'A3', 'A4', 'A5', 'A6', 'A7', 'A8', 'A9', 'A10', 'A11', 'A12', 'A13', 'A14', 'A15', 'A16', 'A17', 'A18', 'A19', 'A20', 'A21', 'A22', 'A23', 'A24', 'A25', 'A26', 'A27', 'A28', 'A29', 'A30', 'A31', 'A32', 'A33', 'A34', 'A35', 'A36', 'A37', 'A38', 'A39', 'A40', 'A41', 'A42', 'A43', 'A44', 'A45', 'A46', 'A47', 'A48', 'A49', 'A50', 'A51', 'A52', 'A53', 'A54', 'A55', 'A56', 'A57', 'A58', 'A59', 'A60', 'A61', 'A62', 'A63', 'A64', 'A65', 'A66', 'A67', 'A68', 'A69', 'A70', 'A71', 'A72', 'A73', 'A74', 'A75', 'A76', 'A77', 'A78', 'A79', 'A80', 'A81', 'A82', 'A83', 'A84', 'A85', 'A86', 'A87', 'A88', 'A89', 'A90', 'A91', 'A92', 'A93', 'A94', 'A95', 'A96', 'A97', 'A98', 'A99', 'A100', 'A101', 'A102', 'A103', 'A104', 'A105', 'A106', 'A107', 'A108', 'B1', 'B2', 'B3', 'B4', 'B5', 'B6', 'B7', 'B8', 'B9', 'B10', 'B11', 'B12', 'B13', 'B14', 'B15', 'B16', 'B17', 'B18', 'B19', 'B20', 'B21', 'B22', 'B23', 'B24', 'B25', 'B26', 'B27', 'B28', 'B29', 'B30', 'B31', 'B32', 'B33', 'B34', 'B35', 'B36', 'B37', 'B38', 'B39', 'B40', 'B41', 'B42', 'B43', 'B44', 'B45', 'B46', 'B47', 'B48', 'B49', 'B50', 'B51', 'B52', 'B53', 'B54', 'B55', 'B56', 'B57', 'B58', 'B59', 'B60', 'B61', 'B62', 'B63', 'B64', 'B65', 'B66', 'B67', 'B68', 'B69', 'B70', 'B71', 'B72', 'B73', 'B74', 'B75', 'B76', 'B77', 'B78', 'B79', 'B80', 'B81', 'B82', 'B83', 'B84', 'B85', 'B86', 'B87', 'B88', 'B89', 'B90', 'B91', 'B92', 'B93', 'B94', 'B95', 'B96', 'B97', 'B98', 'B99', 'B100', 'B101', 'B102', 'B103', 'B104', 'B105', 'B106', 'B107', 'B108']
These residues will be fixed:  []
Designing HOMO-OLIGOMER
No ligand atoms parsed
Designing protein from this path: /wynton/home/rotation/geanhu/multi-state/data/string-sampling/combined/5KPE_4_2_0_combined.pdb
These residues will be redesigned:  ['A1', 'A2', 'A3', 'A4', 'A5', 'A6', 'A7', 'A8', 'A9', 'A10', 'A11', 'A12', 'A13', 'A14', 'A15', 'A16', 'A17', 'A18', 'A19', 'A20', 'A21', 'A22', 'A23', 'A24', 'A25', 'A26', 'A27', 'A28', 'A29', 'A30', 'A31', 'A32', 'A33', 'A34', 'A35', 'A36', 'A37', 'A38', 'A39', 'A40', 'A41', 'A42', 'A43', 'A44', 'A45', 'A46', 'A47', 'A48', 'A49', 'A50', 'A51', 'A52', 'A53', 'A54', 'A55', 'A56', 'A57', 'A58', 'A59', 'A60', 'A61', 'A62', 'A63', 'A64', 'A65', 'A66', 'A67', 'A68', 'A69', 'A70', 'A71', 'A72', 'A73', 'A74', 'A75', 'A76', 'A77', 'A78', 'A79', 'A80', 'A81', 'A82', 'A83', 'A84', 'A85', 'A86', 'A87', 'A88', 'A89', 'A90', 'A91', 'A92', 'A93', 'A94', 'A95', 'A96', 'A97', 'A98', 'A99', 'A100', 'A101', 'A102', 'A103', 'A104', 'A105', 'A106', 'A107', 'A108', 'B1', 'B2', 'B3', 'B4', 'B5', 'B6', 'B7', 'B8', 'B9', 'B10', 'B11', 'B12', 'B13', 'B14', 'B15', 'B16', 'B17', 'B18', 'B19', 'B20', 'B21', 'B22', 'B23', 'B24', 'B25', 'B26', 'B27', 'B28', 'B29', 'B30', 'B31', 'B32', 'B33', 'B34', 'B35', 'B36', 'B37', 'B38', 'B39', 'B40', 'B41', 'B42', 'B43', 'B44', 'B45', 'B46', 'B47', 'B48', 'B49', 'B50', 'B51', 'B52', 'B53', 'B54', 'B55', 'B56', 'B57', 'B58', 'B59', 'B60', 'B61', 'B62', 'B63', 'B64', 'B65', 'B66', 'B67', 'B68', 'B69', 'B70', 'B71', 'B72', 'B73', 'B74', 'B75', 'B76', 'B77', 'B78', 'B79', 'B80', 'B81', 'B82', 'B83', 'B84', 'B85', 'B86', 'B87', 'B88', 'B89', 'B90', 'B91', 'B92', 'B93', 'B94', 'B95', 'B96', 'B97', 'B98', 'B99', 'B100', 'B101', 'B102', 'B103', 'B104', 'B105', 'B106', 'B107', 'B108']
These residues will be fixed:  []
Designing HOMO-OLIGOMER
No ligand atoms parsed
Designing protein from this path: /wynton/home/rotation/geanhu/multi-state/data/string-sampling/combined/5KPE_4_2_2_combined.pdb
These residues will be redesigned:  ['A1', 'A2', 'A3', 'A4', 'A5', 'A6', 'A7', 'A8', 'A9', 'A10', 'A11', 'A12', 'A13', 'A14', 'A15', 'A16', 'A17', 'A18', 'A19', 'A20', 'A21', 'A22', 'A23', 'A24', 'A25', 'A26', 'A27', 'A28', 'A29', 'A30', 'A31', 'A32', 'A33', 'A34', 'A35', 'A36', 'A37', 'A38', 'A39', 'A40', 'A41', 'A42', 'A43', 'A44', 'A45', 'A46', 'A47', 'A48', 'A49', 'A50', 'A51', 'A52', 'A53', 'A54', 'A55', 'A56', 'A57', 'A58', 'A59', 'A60', 'A61', 'A62', 'A63', 'A64', 'A65', 'A66', 'A67', 'A68', 'A69', 'A70', 'A71', 'A72', 'A73', 'A74', 'A75', 'A76', 'A77', 'A78', 'A79', 'A80', 'A81', 'A82', 'A83', 'A84', 'A85', 'A86', 'A87', 'A88', 'A89', 'A90', 'A91', 'A92', 'A93', 'A94', 'A95', 'A96', 'A97', 'A98', 'A99', 'A100', 'A101', 'A102', 'A103', 'A104', 'A105', 'A106', 'A107', 'A108', 'B1', 'B2', 'B3', 'B4', 'B5', 'B6', 'B7', 'B8', 'B9', 'B10', 'B11', 'B12', 'B13', 'B14', 'B15', 'B16', 'B17', 'B18', 'B19', 'B20', 'B21', 'B22', 'B23', 'B24', 'B25', 'B26', 'B27', 'B28', 'B29', 'B30', 'B31', 'B32', 'B33', 'B34', 'B35', 'B36', 'B37', 'B38', 'B39', 'B40', 'B41', 'B42', 'B43', 'B44', 'B45', 'B46', 'B47', 'B48', 'B49', 'B50', 'B51', 'B52', 'B53', 'B54', 'B55', 'B56', 'B57', 'B58', 'B59', 'B60', 'B61', 'B62', 'B63', 'B64', 'B65', 'B66', 'B67', 'B68', 'B69', 'B70', 'B71', 'B72', 'B73', 'B74', 'B75', 'B76', 'B77', 'B78', 'B79', 'B80', 'B81', 'B82', 'B83', 'B84', 'B85', 'B86', 'B87', 'B88', 'B89', 'B90', 'B91', 'B92', 'B93', 'B94', 'B95', 'B96', 'B97', 'B98', 'B99', 'B100', 'B101', 'B102', 'B103', 'B104', 'B105', 'B106', 'B107', 'B108']
These residues will be fixed:  []
Designing HOMO-OLIGOMER
No ligand atoms parsed
Designing protein from this path: /wynton/home/rotation/geanhu/multi-state/data/string-sampling/combined/5KPE_4_2_3_combined.pdb
These residues will be redesigned:  ['A1', 'A2', 'A3', 'A4', 'A5', 'A6', 'A7', 'A8', 'A9', 'A10', 'A11', 'A12', 'A13', 'A14', 'A15', 'A16', 'A17', 'A18', 'A19', 'A20', 'A21', 'A22', 'A23', 'A24', 'A25', 'A26', 'A27', 'A28', 'A29', 'A30', 'A31', 'A32', 'A33', 'A34', 'A35', 'A36', 'A37', 'A38', 'A39', 'A40', 'A41', 'A42', 'A43', 'A44', 'A45', 'A46', 'A47', 'A48', 'A49', 'A50', 'A51', 'A52', 'A53', 'A54', 'A55', 'A56', 'A57', 'A58', 'A59', 'A60', 'A61', 'A62', 'A63', 'A64', 'A65', 'A66', 'A67', 'A68', 'A69', 'A70', 'A71', 'A72', 'A73', 'A74', 'A75', 'A76', 'A77', 'A78', 'A79', 'A80', 'A81', 'A82', 'A83', 'A84', 'A85', 'A86', 'A87', 'A88', 'A89', 'A90', 'A91', 'A92', 'A93', 'A94', 'A95', 'A96', 'A97', 'A98', 'A99', 'A100', 'A101', 'A102', 'A103', 'A104', 'A105', 'A106', 'A107', 'A108', 'B1', 'B2', 'B3', 'B4', 'B5', 'B6', 'B7', 'B8', 'B9', 'B10', 'B11', 'B12', 'B13', 'B14', 'B15', 'B16', 'B17', 'B18', 'B19', 'B20', 'B21', 'B22', 'B23', 'B24', 'B25', 'B26', 'B27', 'B28', 'B29', 'B30', 'B31', 'B32', 'B33', 'B34', 'B35', 'B36', 'B37', 'B38', 'B39', 'B40', 'B41', 'B42', 'B43', 'B44', 'B45', 'B46', 'B47', 'B48', 'B49', 'B50', 'B51', 'B52', 'B53', 'B54', 'B55', 'B56', 'B57', 'B58', 'B59', 'B60', 'B61', 'B62', 'B63', 'B64', 'B65', 'B66', 'B67', 'B68', 'B69', 'B70', 'B71', 'B72', 'B73', 'B74', 'B75', 'B76', 'B77', 'B78', 'B79', 'B80', 'B81', 'B82', 'B83', 'B84', 'B85', 'B86', 'B87', 'B88', 'B89', 'B90', 'B91', 'B92', 'B93', 'B94', 'B95', 'B96', 'B97', 'B98', 'B99', 'B100', 'B101', 'B102', 'B103', 'B104', 'B105', 'B106', 'B107', 'B108']
These residues will be fixed:  []
Designing HOMO-OLIGOMER
No ligand atoms parsed
Designing protein from this path: /wynton/home/rotation/geanhu/multi-state/data/string-sampling/combined/5KPE_4_2_4_combined.pdb
These residues will be redesigned:  ['A1', 'A2', 'A3', 'A4', 'A5', 'A6', 'A7', 'A8', 'A9', 'A10', 'A11', 'A12', 'A13', 'A14', 'A15', 'A16', 'A17', 'A18', 'A19', 'A20', 'A21', 'A22', 'A23', 'A24', 'A25', 'A26', 'A27', 'A28', 'A29', 'A30', 'A31', 'A32', 'A33', 'A34', 'A35', 'A36', 'A37', 'A38', 'A39', 'A40', 'A41', 'A42', 'A43', 'A44', 'A45', 'A46', 'A47', 'A48', 'A49', 'A50', 'A51', 'A52', 'A53', 'A54', 'A55', 'A56', 'A57', 'A58', 'A59', 'A60', 'A61', 'A62', 'A63', 'A64', 'A65', 'A66', 'A67', 'A68', 'A69', 'A70', 'A71', 'A72', 'A73', 'A74', 'A75', 'A76', 'A77', 'A78', 'A79', 'A80', 'A81', 'A82', 'A83', 'A84', 'A85', 'A86', 'A87', 'A88', 'A89', 'A90', 'A91', 'A92', 'A93', 'A94', 'A95', 'A96', 'A97', 'A98', 'A99', 'A100', 'A101', 'A102', 'A103', 'A104', 'A105', 'A106', 'A107', 'A108', 'B1', 'B2', 'B3', 'B4', 'B5', 'B6', 'B7', 'B8', 'B9', 'B10', 'B11', 'B12', 'B13', 'B14', 'B15', 'B16', 'B17', 'B18', 'B19', 'B20', 'B21', 'B22', 'B23', 'B24', 'B25', 'B26', 'B27', 'B28', 'B29', 'B30', 'B31', 'B32', 'B33', 'B34', 'B35', 'B36', 'B37', 'B38', 'B39', 'B40', 'B41', 'B42', 'B43', 'B44', 'B45', 'B46', 'B47', 'B48', 'B49', 'B50', 'B51', 'B52', 'B53', 'B54', 'B55', 'B56', 'B57', 'B58', 'B59', 'B60', 'B61', 'B62', 'B63', 'B64', 'B65', 'B66', 'B67', 'B68', 'B69', 'B70', 'B71', 'B72', 'B73', 'B74', 'B75', 'B76', 'B77', 'B78', 'B79', 'B80', 'B81', 'B82', 'B83', 'B84', 'B85', 'B86', 'B87', 'B88', 'B89', 'B90', 'B91', 'B92', 'B93', 'B94', 'B95', 'B96', 'B97', 'B98', 'B99', 'B100', 'B101', 'B102', 'B103', 'B104', 'B105', 'B106', 'B107', 'B108']
These residues will be fixed:  []
Designing HOMO-OLIGOMER
No ligand atoms parsed
Designing protein from this path: /wynton/home/rotation/geanhu/multi-state/data/string-sampling/combined/5KPE_4_2_5_combined.pdb
These residues will be redesigned:  ['A1', 'A2', 'A3', 'A4', 'A5', 'A6', 'A7', 'A8', 'A9', 'A10', 'A11', 'A12', 'A13', 'A14', 'A15', 'A16', 'A17', 'A18', 'A19', 'A20', 'A21', 'A22', 'A23', 'A24', 'A25', 'A26', 'A27', 'A28', 'A29', 'A30', 'A31', 'A32', 'A33', 'A34', 'A35', 'A36', 'A37', 'A38', 'A39', 'A40', 'A41', 'A42', 'A43', 'A44', 'A45', 'A46', 'A47', 'A48', 'A49', 'A50', 'A51', 'A52', 'A53', 'A54', 'A55', 'A56', 'A57', 'A58', 'A59', 'A60', 'A61', 'A62', 'A63', 'A64', 'A65', 'A66', 'A67', 'A68', 'A69', 'A70', 'A71', 'A72', 'A73', 'A74', 'A75', 'A76', 'A77', 'A78', 'A79', 'A80', 'A81', 'A82', 'A83', 'A84', 'A85', 'A86', 'A87', 'A88', 'A89', 'A90', 'A91', 'A92', 'A93', 'A94', 'A95', 'A96', 'A97', 'A98', 'A99', 'A100', 'A101', 'A102', 'A103', 'A104', 'A105', 'A106', 'A107', 'A108', 'B1', 'B2', 'B3', 'B4', 'B5', 'B6', 'B7', 'B8', 'B9', 'B10', 'B11', 'B12', 'B13', 'B14', 'B15', 'B16', 'B17', 'B18', 'B19', 'B20', 'B21', 'B22', 'B23', 'B24', 'B25', 'B26', 'B27', 'B28', 'B29', 'B30', 'B31', 'B32', 'B33', 'B34', 'B35', 'B36', 'B37', 'B38', 'B39', 'B40', 'B41', 'B42', 'B43', 'B44', 'B45', 'B46', 'B47', 'B48', 'B49', 'B50', 'B51', 'B52', 'B53', 'B54', 'B55', 'B56', 'B57', 'B58', 'B59', 'B60', 'B61', 'B62', 'B63', 'B64', 'B65', 'B66', 'B67', 'B68', 'B69', 'B70', 'B71', 'B72', 'B73', 'B74', 'B75', 'B76', 'B77', 'B78', 'B79', 'B80', 'B81', 'B82', 'B83', 'B84', 'B85', 'B86', 'B87', 'B88', 'B89', 'B90', 'B91', 'B92', 'B93', 'B94', 'B95', 'B96', 'B97', 'B98', 'B99', 'B100', 'B101', 'B102', 'B103', 'B104', 'B105', 'B106', 'B107', 'B108']
These residues will be fixed:  []
Designing HOMO-OLIGOMER
No ligand atoms parsed
Designing protein from this path: /wynton/home/rotation/geanhu/multi-state/data/string-sampling/combined/5KPE_4_2_6_combined.pdb
These residues will be redesigned:  ['A1', 'A2', 'A3', 'A4', 'A5', 'A6', 'A7', 'A8', 'A9', 'A10', 'A11', 'A12', 'A13', 'A14', 'A15', 'A16', 'A17', 'A18', 'A19', 'A20', 'A21', 'A22', 'A23', 'A24', 'A25', 'A26', 'A27', 'A28', 'A29', 'A30', 'A31', 'A32', 'A33', 'A34', 'A35', 'A36', 'A37', 'A38', 'A39', 'A40', 'A41', 'A42', 'A43', 'A44', 'A45', 'A46', 'A47', 'A48', 'A49', 'A50', 'A51', 'A52', 'A53', 'A54', 'A55', 'A56', 'A57', 'A58', 'A59', 'A60', 'A61', 'A62', 'A63', 'A64', 'A65', 'A66', 'A67', 'A68', 'A69', 'A70', 'A71', 'A72', 'A73', 'A74', 'A75', 'A76', 'A77', 'A78', 'A79', 'A80', 'A81', 'A82', 'A83', 'A84', 'A85', 'A86', 'A87', 'A88', 'A89', 'A90', 'A91', 'A92', 'A93', 'A94', 'A95', 'A96', 'A97', 'A98', 'A99', 'A100', 'A101', 'A102', 'A103', 'A104', 'A105', 'A106', 'A107', 'A108', 'B1', 'B2', 'B3', 'B4', 'B5', 'B6', 'B7', 'B8', 'B9', 'B10', 'B11', 'B12', 'B13', 'B14', 'B15', 'B16', 'B17', 'B18', 'B19', 'B20', 'B21', 'B22', 'B23', 'B24', 'B25', 'B26', 'B27', 'B28', 'B29', 'B30', 'B31', 'B32', 'B33', 'B34', 'B35', 'B36', 'B37', 'B38', 'B39', 'B40', 'B41', 'B42', 'B43', 'B44', 'B45', 'B46', 'B47', 'B48', 'B49', 'B50', 'B51', 'B52', 'B53', 'B54', 'B55', 'B56', 'B57', 'B58', 'B59', 'B60', 'B61', 'B62', 'B63', 'B64', 'B65', 'B66', 'B67', 'B68', 'B69', 'B70', 'B71', 'B72', 'B73', 'B74', 'B75', 'B76', 'B77', 'B78', 'B79', 'B80', 'B81', 'B82', 'B83', 'B84', 'B85', 'B86', 'B87', 'B88', 'B89', 'B90', 'B91', 'B92', 'B93', 'B94', 'B95', 'B96', 'B97', 'B98', 'B99', 'B100', 'B101', 'B102', 'B103', 'B104', 'B105', 'B106', 'B107', 'B108']
These residues will be fixed:  []
Designing HOMO-OLIGOMER
No ligand atoms parsed
Designing protein from this path: /wynton/home/rotation/geanhu/multi-state/data/string-sampling/combined/5KPE_4_2_7_combined.pdb
These residues will be redesigned:  ['A1', 'A2', 'A3', 'A4', 'A5', 'A6', 'A7', 'A8', 'A9', 'A10', 'A11', 'A12', 'A13', 'A14', 'A15', 'A16', 'A17', 'A18', 'A19', 'A20', 'A21', 'A22', 'A23', 'A24', 'A25', 'A26', 'A27', 'A28', 'A29', 'A30', 'A31', 'A32', 'A33', 'A34', 'A35', 'A36', 'A37', 'A38', 'A39', 'A40', 'A41', 'A42', 'A43', 'A44', 'A45', 'A46', 'A47', 'A48', 'A49', 'A50', 'A51', 'A52', 'A53', 'A54', 'A55', 'A56', 'A57', 'A58', 'A59', 'A60', 'A61', 'A62', 'A63', 'A64', 'A65', 'A66', 'A67', 'A68', 'A69', 'A70', 'A71', 'A72', 'A73', 'A74', 'A75', 'A76', 'A77', 'A78', 'A79', 'A80', 'A81', 'A82', 'A83', 'A84', 'A85', 'A86', 'A87', 'A88', 'A89', 'A90', 'A91', 'A92', 'A93', 'A94', 'A95', 'A96', 'A97', 'A98', 'A99', 'A100', 'A101', 'A102', 'A103', 'A104', 'A105', 'A106', 'A107', 'A108', 'B1', 'B2', 'B3', 'B4', 'B5', 'B6', 'B7', 'B8', 'B9', 'B10', 'B11', 'B12', 'B13', 'B14', 'B15', 'B16', 'B17', 'B18', 'B19', 'B20', 'B21', 'B22', 'B23', 'B24', 'B25', 'B26', 'B27', 'B28', 'B29', 'B30', 'B31', 'B32', 'B33', 'B34', 'B35', 'B36', 'B37', 'B38', 'B39', 'B40', 'B41', 'B42', 'B43', 'B44', 'B45', 'B46', 'B47', 'B48', 'B49', 'B50', 'B51', 'B52', 'B53', 'B54', 'B55', 'B56', 'B57', 'B58', 'B59', 'B60', 'B61', 'B62', 'B63', 'B64', 'B65', 'B66', 'B67', 'B68', 'B69', 'B70', 'B71', 'B72', 'B73', 'B74', 'B75', 'B76', 'B77', 'B78', 'B79', 'B80', 'B81', 'B82', 'B83', 'B84', 'B85', 'B86', 'B87', 'B88', 'B89', 'B90', 'B91', 'B92', 'B93', 'B94', 'B95', 'B96', 'B97', 'B98', 'B99', 'B100', 'B101', 'B102', 'B103', 'B104', 'B105', 'B106', 'B107', 'B108']
These residues will be fixed:  []
Designing HOMO-OLIGOMER
No ligand atoms parsed
Designing protein from this path: /wynton/home/rotation/geanhu/multi-state/data/string-sampling/combined/5KPE_4_2_8_combined.pdb
These residues will be redesigned:  ['A1', 'A2', 'A3', 'A4', 'A5', 'A6', 'A7', 'A8', 'A9', 'A10', 'A11', 'A12', 'A13', 'A14', 'A15', 'A16', 'A17', 'A18', 'A19', 'A20', 'A21', 'A22', 'A23', 'A24', 'A25', 'A26', 'A27', 'A28', 'A29', 'A30', 'A31', 'A32', 'A33', 'A34', 'A35', 'A36', 'A37', 'A38', 'A39', 'A40', 'A41', 'A42', 'A43', 'A44', 'A45', 'A46', 'A47', 'A48', 'A49', 'A50', 'A51', 'A52', 'A53', 'A54', 'A55', 'A56', 'A57', 'A58', 'A59', 'A60', 'A61', 'A62', 'A63', 'A64', 'A65', 'A66', 'A67', 'A68', 'A69', 'A70', 'A71', 'A72', 'A73', 'A74', 'A75', 'A76', 'A77', 'A78', 'A79', 'A80', 'A81', 'A82', 'A83', 'A84', 'A85', 'A86', 'A87', 'A88', 'A89', 'A90', 'A91', 'A92', 'A93', 'A94', 'A95', 'A96', 'A97', 'A98', 'A99', 'A100', 'A101', 'A102', 'A103', 'A104', 'A105', 'A106', 'A107', 'A108', 'B1', 'B2', 'B3', 'B4', 'B5', 'B6', 'B7', 'B8', 'B9', 'B10', 'B11', 'B12', 'B13', 'B14', 'B15', 'B16', 'B17', 'B18', 'B19', 'B20', 'B21', 'B22', 'B23', 'B24', 'B25', 'B26', 'B27', 'B28', 'B29', 'B30', 'B31', 'B32', 'B33', 'B34', 'B35', 'B36', 'B37', 'B38', 'B39', 'B40', 'B41', 'B42', 'B43', 'B44', 'B45', 'B46', 'B47', 'B48', 'B49', 'B50', 'B51', 'B52', 'B53', 'B54', 'B55', 'B56', 'B57', 'B58', 'B59', 'B60', 'B61', 'B62', 'B63', 'B64', 'B65', 'B66', 'B67', 'B68', 'B69', 'B70', 'B71', 'B72', 'B73', 'B74', 'B75', 'B76', 'B77', 'B78', 'B79', 'B80', 'B81', 'B82', 'B83', 'B84', 'B85', 'B86', 'B87', 'B88', 'B89', 'B90', 'B91', 'B92', 'B93', 'B94', 'B95', 'B96', 'B97', 'B98', 'B99', 'B100', 'B101', 'B102', 'B103', 'B104', 'B105', 'B106', 'B107', 'B108']
These residues will be fixed:  []
Designing HOMO-OLIGOMER
No ligand atoms parsed
Designing protein from this path: /wynton/home/rotation/geanhu/multi-state/data/string-sampling/combined/5KPE_4_2_9_combined.pdb
These residues will be redesigned:  ['A1', 'A2', 'A3', 'A4', 'A5', 'A6', 'A7', 'A8', 'A9', 'A10', 'A11', 'A12', 'A13', 'A14', 'A15', 'A16', 'A17', 'A18', 'A19', 'A20', 'A21', 'A22', 'A23', 'A24', 'A25', 'A26', 'A27', 'A28', 'A29', 'A30', 'A31', 'A32', 'A33', 'A34', 'A35', 'A36', 'A37', 'A38', 'A39', 'A40', 'A41', 'A42', 'A43', 'A44', 'A45', 'A46', 'A47', 'A48', 'A49', 'A50', 'A51', 'A52', 'A53', 'A54', 'A55', 'A56', 'A57', 'A58', 'A59', 'A60', 'A61', 'A62', 'A63', 'A64', 'A65', 'A66', 'A67', 'A68', 'A69', 'A70', 'A71', 'A72', 'A73', 'A74', 'A75', 'A76', 'A77', 'A78', 'A79', 'A80', 'A81', 'A82', 'A83', 'A84', 'A85', 'A86', 'A87', 'A88', 'A89', 'A90', 'A91', 'A92', 'A93', 'A94', 'A95', 'A96', 'A97', 'A98', 'A99', 'A100', 'A101', 'A102', 'A103', 'A104', 'A105', 'A106', 'A107', 'A108', 'B1', 'B2', 'B3', 'B4', 'B5', 'B6', 'B7', 'B8', 'B9', 'B10', 'B11', 'B12', 'B13', 'B14', 'B15', 'B16', 'B17', 'B18', 'B19', 'B20', 'B21', 'B22', 'B23', 'B24', 'B25', 'B26', 'B27', 'B28', 'B29', 'B30', 'B31', 'B32', 'B33', 'B34', 'B35', 'B36', 'B37', 'B38', 'B39', 'B40', 'B41', 'B42', 'B43', 'B44', 'B45', 'B46', 'B47', 'B48', 'B49', 'B50', 'B51', 'B52', 'B53', 'B54', 'B55', 'B56', 'B57', 'B58', 'B59', 'B60', 'B61', 'B62', 'B63', 'B64', 'B65', 'B66', 'B67', 'B68', 'B69', 'B70', 'B71', 'B72', 'B73', 'B74', 'B75', 'B76', 'B77', 'B78', 'B79', 'B80', 'B81', 'B82', 'B83', 'B84', 'B85', 'B86', 'B87', 'B88', 'B89', 'B90', 'B91', 'B92', 'B93', 'B94', 'B95', 'B96', 'B97', 'B98', 'B99', 'B100', 'B101', 'B102', 'B103', 'B104', 'B105', 'B106', 'B107', 'B108']
These residues will be fixed:  []
Designing HOMO-OLIGOMER
No ligand atoms parsed
Designing protein from this path: /wynton/home/rotation/geanhu/multi-state/data/string-sampling/combined/5KPE_4_4_0_combined.pdb
These residues will be redesigned:  ['A1', 'A2', 'A3', 'A4', 'A5', 'A6', 'A7', 'A8', 'A9', 'A10', 'A11', 'A12', 'A13', 'A14', 'A15', 'A16', 'A17', 'A18', 'A19', 'A20', 'A21', 'A22', 'A23', 'A24', 'A25', 'A26', 'A27', 'A28', 'A29', 'A30', 'A31', 'A32', 'A33', 'A34', 'A35', 'A36', 'A37', 'A38', 'A39', 'A40', 'A41', 'A42', 'A43', 'A44', 'A45', 'A46', 'A47', 'A48', 'A49', 'A50', 'A51', 'A52', 'A53', 'A54', 'A55', 'A56', 'A57', 'A58', 'A59', 'A60', 'A61', 'A62', 'A63', 'A64', 'A65', 'A66', 'A67', 'A68', 'A69', 'A70', 'A71', 'A72', 'A73', 'A74', 'A75', 'A76', 'A77', 'A78', 'A79', 'A80', 'A81', 'A82', 'A83', 'A84', 'A85', 'A86', 'A87', 'A88', 'A89', 'A90', 'A91', 'A92', 'A93', 'A94', 'A95', 'A96', 'A97', 'A98', 'A99', 'A100', 'A101', 'A102', 'A103', 'A104', 'A105', 'A106', 'A107', 'A108', 'B1', 'B2', 'B3', 'B4', 'B5', 'B6', 'B7', 'B8', 'B9', 'B10', 'B11', 'B12', 'B13', 'B14', 'B15', 'B16', 'B17', 'B18', 'B19', 'B20', 'B21', 'B22', 'B23', 'B24', 'B25', 'B26', 'B27', 'B28', 'B29', 'B30', 'B31', 'B32', 'B33', 'B34', 'B35', 'B36', 'B37', 'B38', 'B39', 'B40', 'B41', 'B42', 'B43', 'B44', 'B45', 'B46', 'B47', 'B48', 'B49', 'B50', 'B51', 'B52', 'B53', 'B54', 'B55', 'B56', 'B57', 'B58', 'B59', 'B60', 'B61', 'B62', 'B63', 'B64', 'B65', 'B66', 'B67', 'B68', 'B69', 'B70', 'B71', 'B72', 'B73', 'B74', 'B75', 'B76', 'B77', 'B78', 'B79', 'B80', 'B81', 'B82', 'B83', 'B84', 'B85', 'B86', 'B87', 'B88', 'B89', 'B90', 'B91', 'B92', 'B93', 'B94', 'B95', 'B96', 'B97', 'B98', 'B99', 'B100', 'B101', 'B102', 'B103', 'B104', 'B105', 'B106', 'B107', 'B108']
These residues will be fixed:  []
Designing HOMO-OLIGOMER
No ligand atoms parsed
Designing protein from this path: /wynton/home/rotation/geanhu/multi-state/data/string-sampling/combined/5KPE_4_4_1_combined.pdb
These residues will be redesigned:  ['A1', 'A2', 'A3', 'A4', 'A5', 'A6', 'A7', 'A8', 'A9', 'A10', 'A11', 'A12', 'A13', 'A14', 'A15', 'A16', 'A17', 'A18', 'A19', 'A20', 'A21', 'A22', 'A23', 'A24', 'A25', 'A26', 'A27', 'A28', 'A29', 'A30', 'A31', 'A32', 'A33', 'A34', 'A35', 'A36', 'A37', 'A38', 'A39', 'A40', 'A41', 'A42', 'A43', 'A44', 'A45', 'A46', 'A47', 'A48', 'A49', 'A50', 'A51', 'A52', 'A53', 'A54', 'A55', 'A56', 'A57', 'A58', 'A59', 'A60', 'A61', 'A62', 'A63', 'A64', 'A65', 'A66', 'A67', 'A68', 'A69', 'A70', 'A71', 'A72', 'A73', 'A74', 'A75', 'A76', 'A77', 'A78', 'A79', 'A80', 'A81', 'A82', 'A83', 'A84', 'A85', 'A86', 'A87', 'A88', 'A89', 'A90', 'A91', 'A92', 'A93', 'A94', 'A95', 'A96', 'A97', 'A98', 'A99', 'A100', 'A101', 'A102', 'A103', 'A104', 'A105', 'A106', 'A107', 'A108', 'B1', 'B2', 'B3', 'B4', 'B5', 'B6', 'B7', 'B8', 'B9', 'B10', 'B11', 'B12', 'B13', 'B14', 'B15', 'B16', 'B17', 'B18', 'B19', 'B20', 'B21', 'B22', 'B23', 'B24', 'B25', 'B26', 'B27', 'B28', 'B29', 'B30', 'B31', 'B32', 'B33', 'B34', 'B35', 'B36', 'B37', 'B38', 'B39', 'B40', 'B41', 'B42', 'B43', 'B44', 'B45', 'B46', 'B47', 'B48', 'B49', 'B50', 'B51', 'B52', 'B53', 'B54', 'B55', 'B56', 'B57', 'B58', 'B59', 'B60', 'B61', 'B62', 'B63', 'B64', 'B65', 'B66', 'B67', 'B68', 'B69', 'B70', 'B71', 'B72', 'B73', 'B74', 'B75', 'B76', 'B77', 'B78', 'B79', 'B80', 'B81', 'B82', 'B83', 'B84', 'B85', 'B86', 'B87', 'B88', 'B89', 'B90', 'B91', 'B92', 'B93', 'B94', 'B95', 'B96', 'B97', 'B98', 'B99', 'B100', 'B101', 'B102', 'B103', 'B104', 'B105', 'B106', 'B107', 'B108']
These residues will be fixed:  []
Designing HOMO-OLIGOMER
No ligand atoms parsed
Designing protein from this path: /wynton/home/rotation/geanhu/multi-state/data/string-sampling/combined/5KPE_4_4_2_combined.pdb
These residues will be redesigned:  ['A1', 'A2', 'A3', 'A4', 'A5', 'A6', 'A7', 'A8', 'A9', 'A10', 'A11', 'A12', 'A13', 'A14', 'A15', 'A16', 'A17', 'A18', 'A19', 'A20', 'A21', 'A22', 'A23', 'A24', 'A25', 'A26', 'A27', 'A28', 'A29', 'A30', 'A31', 'A32', 'A33', 'A34', 'A35', 'A36', 'A37', 'A38', 'A39', 'A40', 'A41', 'A42', 'A43', 'A44', 'A45', 'A46', 'A47', 'A48', 'A49', 'A50', 'A51', 'A52', 'A53', 'A54', 'A55', 'A56', 'A57', 'A58', 'A59', 'A60', 'A61', 'A62', 'A63', 'A64', 'A65', 'A66', 'A67', 'A68', 'A69', 'A70', 'A71', 'A72', 'A73', 'A74', 'A75', 'A76', 'A77', 'A78', 'A79', 'A80', 'A81', 'A82', 'A83', 'A84', 'A85', 'A86', 'A87', 'A88', 'A89', 'A90', 'A91', 'A92', 'A93', 'A94', 'A95', 'A96', 'A97', 'A98', 'A99', 'A100', 'A101', 'A102', 'A103', 'A104', 'A105', 'A106', 'A107', 'A108', 'B1', 'B2', 'B3', 'B4', 'B5', 'B6', 'B7', 'B8', 'B9', 'B10', 'B11', 'B12', 'B13', 'B14', 'B15', 'B16', 'B17', 'B18', 'B19', 'B20', 'B21', 'B22', 'B23', 'B24', 'B25', 'B26', 'B27', 'B28', 'B29', 'B30', 'B31', 'B32', 'B33', 'B34', 'B35', 'B36', 'B37', 'B38', 'B39', 'B40', 'B41', 'B42', 'B43', 'B44', 'B45', 'B46', 'B47', 'B48', 'B49', 'B50', 'B51', 'B52', 'B53', 'B54', 'B55', 'B56', 'B57', 'B58', 'B59', 'B60', 'B61', 'B62', 'B63', 'B64', 'B65', 'B66', 'B67', 'B68', 'B69', 'B70', 'B71', 'B72', 'B73', 'B74', 'B75', 'B76', 'B77', 'B78', 'B79', 'B80', 'B81', 'B82', 'B83', 'B84', 'B85', 'B86', 'B87', 'B88', 'B89', 'B90', 'B91', 'B92', 'B93', 'B94', 'B95', 'B96', 'B97', 'B98', 'B99', 'B100', 'B101', 'B102', 'B103', 'B104', 'B105', 'B106', 'B107', 'B108']
These residues will be fixed:  []
Designing HOMO-OLIGOMER
No ligand atoms parsed
Designing protein from this path: /wynton/home/rotation/geanhu/multi-state/data/string-sampling/combined/5KPE_4_4_4_combined.pdb
These residues will be redesigned:  ['A1', 'A2', 'A3', 'A4', 'A5', 'A6', 'A7', 'A8', 'A9', 'A10', 'A11', 'A12', 'A13', 'A14', 'A15', 'A16', 'A17', 'A18', 'A19', 'A20', 'A21', 'A22', 'A23', 'A24', 'A25', 'A26', 'A27', 'A28', 'A29', 'A30', 'A31', 'A32', 'A33', 'A34', 'A35', 'A36', 'A37', 'A38', 'A39', 'A40', 'A41', 'A42', 'A43', 'A44', 'A45', 'A46', 'A47', 'A48', 'A49', 'A50', 'A51', 'A52', 'A53', 'A54', 'A55', 'A56', 'A57', 'A58', 'A59', 'A60', 'A61', 'A62', 'A63', 'A64', 'A65', 'A66', 'A67', 'A68', 'A69', 'A70', 'A71', 'A72', 'A73', 'A74', 'A75', 'A76', 'A77', 'A78', 'A79', 'A80', 'A81', 'A82', 'A83', 'A84', 'A85', 'A86', 'A87', 'A88', 'A89', 'A90', 'A91', 'A92', 'A93', 'A94', 'A95', 'A96', 'A97', 'A98', 'A99', 'A100', 'A101', 'A102', 'A103', 'A104', 'A105', 'A106', 'A107', 'A108', 'B1', 'B2', 'B3', 'B4', 'B5', 'B6', 'B7', 'B8', 'B9', 'B10', 'B11', 'B12', 'B13', 'B14', 'B15', 'B16', 'B17', 'B18', 'B19', 'B20', 'B21', 'B22', 'B23', 'B24', 'B25', 'B26', 'B27', 'B28', 'B29', 'B30', 'B31', 'B32', 'B33', 'B34', 'B35', 'B36', 'B37', 'B38', 'B39', 'B40', 'B41', 'B42', 'B43', 'B44', 'B45', 'B46', 'B47', 'B48', 'B49', 'B50', 'B51', 'B52', 'B53', 'B54', 'B55', 'B56', 'B57', 'B58', 'B59', 'B60', 'B61', 'B62', 'B63', 'B64', 'B65', 'B66', 'B67', 'B68', 'B69', 'B70', 'B71', 'B72', 'B73', 'B74', 'B75', 'B76', 'B77', 'B78', 'B79', 'B80', 'B81', 'B82', 'B83', 'B84', 'B85', 'B86', 'B87', 'B88', 'B89', 'B90', 'B91', 'B92', 'B93', 'B94', 'B95', 'B96', 'B97', 'B98', 'B99', 'B100', 'B101', 'B102', 'B103', 'B104', 'B105', 'B106', 'B107', 'B108']
These residues will be fixed:  []
Designing HOMO-OLIGOMER
No ligand atoms parsed
Designing protein from this path: /wynton/home/rotation/geanhu/multi-state/data/string-sampling/combined/5KPE_4_4_5_combined.pdb
These residues will be redesigned:  ['A1', 'A2', 'A3', 'A4', 'A5', 'A6', 'A7', 'A8', 'A9', 'A10', 'A11', 'A12', 'A13', 'A14', 'A15', 'A16', 'A17', 'A18', 'A19', 'A20', 'A21', 'A22', 'A23', 'A24', 'A25', 'A26', 'A27', 'A28', 'A29', 'A30', 'A31', 'A32', 'A33', 'A34', 'A35', 'A36', 'A37', 'A38', 'A39', 'A40', 'A41', 'A42', 'A43', 'A44', 'A45', 'A46', 'A47', 'A48', 'A49', 'A50', 'A51', 'A52', 'A53', 'A54', 'A55', 'A56', 'A57', 'A58', 'A59', 'A60', 'A61', 'A62', 'A63', 'A64', 'A65', 'A66', 'A67', 'A68', 'A69', 'A70', 'A71', 'A72', 'A73', 'A74', 'A75', 'A76', 'A77', 'A78', 'A79', 'A80', 'A81', 'A82', 'A83', 'A84', 'A85', 'A86', 'A87', 'A88', 'A89', 'A90', 'A91', 'A92', 'A93', 'A94', 'A95', 'A96', 'A97', 'A98', 'A99', 'A100', 'A101', 'A102', 'A103', 'A104', 'A105', 'A106', 'A107', 'A108', 'B1', 'B2', 'B3', 'B4', 'B5', 'B6', 'B7', 'B8', 'B9', 'B10', 'B11', 'B12', 'B13', 'B14', 'B15', 'B16', 'B17', 'B18', 'B19', 'B20', 'B21', 'B22', 'B23', 'B24', 'B25', 'B26', 'B27', 'B28', 'B29', 'B30', 'B31', 'B32', 'B33', 'B34', 'B35', 'B36', 'B37', 'B38', 'B39', 'B40', 'B41', 'B42', 'B43', 'B44', 'B45', 'B46', 'B47', 'B48', 'B49', 'B50', 'B51', 'B52', 'B53', 'B54', 'B55', 'B56', 'B57', 'B58', 'B59', 'B60', 'B61', 'B62', 'B63', 'B64', 'B65', 'B66', 'B67', 'B68', 'B69', 'B70', 'B71', 'B72', 'B73', 'B74', 'B75', 'B76', 'B77', 'B78', 'B79', 'B80', 'B81', 'B82', 'B83', 'B84', 'B85', 'B86', 'B87', 'B88', 'B89', 'B90', 'B91', 'B92', 'B93', 'B94', 'B95', 'B96', 'B97', 'B98', 'B99', 'B100', 'B101', 'B102', 'B103', 'B104', 'B105', 'B106', 'B107', 'B108']
These residues will be fixed:  []
Designing HOMO-OLIGOMER
No ligand atoms parsed
Designing protein from this path: /wynton/home/rotation/geanhu/multi-state/data/string-sampling/combined/5KPE_4_4_6_combined.pdb
These residues will be redesigned:  ['A1', 'A2', 'A3', 'A4', 'A5', 'A6', 'A7', 'A8', 'A9', 'A10', 'A11', 'A12', 'A13', 'A14', 'A15', 'A16', 'A17', 'A18', 'A19', 'A20', 'A21', 'A22', 'A23', 'A24', 'A25', 'A26', 'A27', 'A28', 'A29', 'A30', 'A31', 'A32', 'A33', 'A34', 'A35', 'A36', 'A37', 'A38', 'A39', 'A40', 'A41', 'A42', 'A43', 'A44', 'A45', 'A46', 'A47', 'A48', 'A49', 'A50', 'A51', 'A52', 'A53', 'A54', 'A55', 'A56', 'A57', 'A58', 'A59', 'A60', 'A61', 'A62', 'A63', 'A64', 'A65', 'A66', 'A67', 'A68', 'A69', 'A70', 'A71', 'A72', 'A73', 'A74', 'A75', 'A76', 'A77', 'A78', 'A79', 'A80', 'A81', 'A82', 'A83', 'A84', 'A85', 'A86', 'A87', 'A88', 'A89', 'A90', 'A91', 'A92', 'A93', 'A94', 'A95', 'A96', 'A97', 'A98', 'A99', 'A100', 'A101', 'A102', 'A103', 'A104', 'A105', 'A106', 'A107', 'A108', 'B1', 'B2', 'B3', 'B4', 'B5', 'B6', 'B7', 'B8', 'B9', 'B10', 'B11', 'B12', 'B13', 'B14', 'B15', 'B16', 'B17', 'B18', 'B19', 'B20', 'B21', 'B22', 'B23', 'B24', 'B25', 'B26', 'B27', 'B28', 'B29', 'B30', 'B31', 'B32', 'B33', 'B34', 'B35', 'B36', 'B37', 'B38', 'B39', 'B40', 'B41', 'B42', 'B43', 'B44', 'B45', 'B46', 'B47', 'B48', 'B49', 'B50', 'B51', 'B52', 'B53', 'B54', 'B55', 'B56', 'B57', 'B58', 'B59', 'B60', 'B61', 'B62', 'B63', 'B64', 'B65', 'B66', 'B67', 'B68', 'B69', 'B70', 'B71', 'B72', 'B73', 'B74', 'B75', 'B76', 'B77', 'B78', 'B79', 'B80', 'B81', 'B82', 'B83', 'B84', 'B85', 'B86', 'B87', 'B88', 'B89', 'B90', 'B91', 'B92', 'B93', 'B94', 'B95', 'B96', 'B97', 'B98', 'B99', 'B100', 'B101', 'B102', 'B103', 'B104', 'B105', 'B106', 'B107', 'B108']
These residues will be fixed:  []
Designing HOMO-OLIGOMER
No ligand atoms parsed
Designing protein from this path: /wynton/home/rotation/geanhu/multi-state/data/string-sampling/combined/5KPE_4_4_7_combined.pdb
These residues will be redesigned:  ['A1', 'A2', 'A3', 'A4', 'A5', 'A6', 'A7', 'A8', 'A9', 'A10', 'A11', 'A12', 'A13', 'A14', 'A15', 'A16', 'A17', 'A18', 'A19', 'A20', 'A21', 'A22', 'A23', 'A24', 'A25', 'A26', 'A27', 'A28', 'A29', 'A30', 'A31', 'A32', 'A33', 'A34', 'A35', 'A36', 'A37', 'A38', 'A39', 'A40', 'A41', 'A42', 'A43', 'A44', 'A45', 'A46', 'A47', 'A48', 'A49', 'A50', 'A51', 'A52', 'A53', 'A54', 'A55', 'A56', 'A57', 'A58', 'A59', 'A60', 'A61', 'A62', 'A63', 'A64', 'A65', 'A66', 'A67', 'A68', 'A69', 'A70', 'A71', 'A72', 'A73', 'A74', 'A75', 'A76', 'A77', 'A78', 'A79', 'A80', 'A81', 'A82', 'A83', 'A84', 'A85', 'A86', 'A87', 'A88', 'A89', 'A90', 'A91', 'A92', 'A93', 'A94', 'A95', 'A96', 'A97', 'A98', 'A99', 'A100', 'A101', 'A102', 'A103', 'A104', 'A105', 'A106', 'A107', 'A108', 'B1', 'B2', 'B3', 'B4', 'B5', 'B6', 'B7', 'B8', 'B9', 'B10', 'B11', 'B12', 'B13', 'B14', 'B15', 'B16', 'B17', 'B18', 'B19', 'B20', 'B21', 'B22', 'B23', 'B24', 'B25', 'B26', 'B27', 'B28', 'B29', 'B30', 'B31', 'B32', 'B33', 'B34', 'B35', 'B36', 'B37', 'B38', 'B39', 'B40', 'B41', 'B42', 'B43', 'B44', 'B45', 'B46', 'B47', 'B48', 'B49', 'B50', 'B51', 'B52', 'B53', 'B54', 'B55', 'B56', 'B57', 'B58', 'B59', 'B60', 'B61', 'B62', 'B63', 'B64', 'B65', 'B66', 'B67', 'B68', 'B69', 'B70', 'B71', 'B72', 'B73', 'B74', 'B75', 'B76', 'B77', 'B78', 'B79', 'B80', 'B81', 'B82', 'B83', 'B84', 'B85', 'B86', 'B87', 'B88', 'B89', 'B90', 'B91', 'B92', 'B93', 'B94', 'B95', 'B96', 'B97', 'B98', 'B99', 'B100', 'B101', 'B102', 'B103', 'B104', 'B105', 'B106', 'B107', 'B108']
These residues will be fixed:  []
Designing HOMO-OLIGOMER
No ligand atoms parsed
Designing protein from this path: /wynton/home/rotation/geanhu/multi-state/data/string-sampling/combined/5KPE_4_4_8_combined.pdb
These residues will be redesigned:  ['A1', 'A2', 'A3', 'A4', 'A5', 'A6', 'A7', 'A8', 'A9', 'A10', 'A11', 'A12', 'A13', 'A14', 'A15', 'A16', 'A17', 'A18', 'A19', 'A20', 'A21', 'A22', 'A23', 'A24', 'A25', 'A26', 'A27', 'A28', 'A29', 'A30', 'A31', 'A32', 'A33', 'A34', 'A35', 'A36', 'A37', 'A38', 'A39', 'A40', 'A41', 'A42', 'A43', 'A44', 'A45', 'A46', 'A47', 'A48', 'A49', 'A50', 'A51', 'A52', 'A53', 'A54', 'A55', 'A56', 'A57', 'A58', 'A59', 'A60', 'A61', 'A62', 'A63', 'A64', 'A65', 'A66', 'A67', 'A68', 'A69', 'A70', 'A71', 'A72', 'A73', 'A74', 'A75', 'A76', 'A77', 'A78', 'A79', 'A80', 'A81', 'A82', 'A83', 'A84', 'A85', 'A86', 'A87', 'A88', 'A89', 'A90', 'A91', 'A92', 'A93', 'A94', 'A95', 'A96', 'A97', 'A98', 'A99', 'A100', 'A101', 'A102', 'A103', 'A104', 'A105', 'A106', 'A107', 'A108', 'B1', 'B2', 'B3', 'B4', 'B5', 'B6', 'B7', 'B8', 'B9', 'B10', 'B11', 'B12', 'B13', 'B14', 'B15', 'B16', 'B17', 'B18', 'B19', 'B20', 'B21', 'B22', 'B23', 'B24', 'B25', 'B26', 'B27', 'B28', 'B29', 'B30', 'B31', 'B32', 'B33', 'B34', 'B35', 'B36', 'B37', 'B38', 'B39', 'B40', 'B41', 'B42', 'B43', 'B44', 'B45', 'B46', 'B47', 'B48', 'B49', 'B50', 'B51', 'B52', 'B53', 'B54', 'B55', 'B56', 'B57', 'B58', 'B59', 'B60', 'B61', 'B62', 'B63', 'B64', 'B65', 'B66', 'B67', 'B68', 'B69', 'B70', 'B71', 'B72', 'B73', 'B74', 'B75', 'B76', 'B77', 'B78', 'B79', 'B80', 'B81', 'B82', 'B83', 'B84', 'B85', 'B86', 'B87', 'B88', 'B89', 'B90', 'B91', 'B92', 'B93', 'B94', 'B95', 'B96', 'B97', 'B98', 'B99', 'B100', 'B101', 'B102', 'B103', 'B104', 'B105', 'B106', 'B107', 'B108']
These residues will be fixed:  []
Designing HOMO-OLIGOMER
No ligand atoms parsed
Designing protein from this path: /wynton/home/rotation/geanhu/multi-state/data/string-sampling/combined/5KPE_4_4_9_combined.pdb
These residues will be redesigned:  ['A1', 'A2', 'A3', 'A4', 'A5', 'A6', 'A7', 'A8', 'A9', 'A10', 'A11', 'A12', 'A13', 'A14', 'A15', 'A16', 'A17', 'A18', 'A19', 'A20', 'A21', 'A22', 'A23', 'A24', 'A25', 'A26', 'A27', 'A28', 'A29', 'A30', 'A31', 'A32', 'A33', 'A34', 'A35', 'A36', 'A37', 'A38', 'A39', 'A40', 'A41', 'A42', 'A43', 'A44', 'A45', 'A46', 'A47', 'A48', 'A49', 'A50', 'A51', 'A52', 'A53', 'A54', 'A55', 'A56', 'A57', 'A58', 'A59', 'A60', 'A61', 'A62', 'A63', 'A64', 'A65', 'A66', 'A67', 'A68', 'A69', 'A70', 'A71', 'A72', 'A73', 'A74', 'A75', 'A76', 'A77', 'A78', 'A79', 'A80', 'A81', 'A82', 'A83', 'A84', 'A85', 'A86', 'A87', 'A88', 'A89', 'A90', 'A91', 'A92', 'A93', 'A94', 'A95', 'A96', 'A97', 'A98', 'A99', 'A100', 'A101', 'A102', 'A103', 'A104', 'A105', 'A106', 'A107', 'A108', 'B1', 'B2', 'B3', 'B4', 'B5', 'B6', 'B7', 'B8', 'B9', 'B10', 'B11', 'B12', 'B13', 'B14', 'B15', 'B16', 'B17', 'B18', 'B19', 'B20', 'B21', 'B22', 'B23', 'B24', 'B25', 'B26', 'B27', 'B28', 'B29', 'B30', 'B31', 'B32', 'B33', 'B34', 'B35', 'B36', 'B37', 'B38', 'B39', 'B40', 'B41', 'B42', 'B43', 'B44', 'B45', 'B46', 'B47', 'B48', 'B49', 'B50', 'B51', 'B52', 'B53', 'B54', 'B55', 'B56', 'B57', 'B58', 'B59', 'B60', 'B61', 'B62', 'B63', 'B64', 'B65', 'B66', 'B67', 'B68', 'B69', 'B70', 'B71', 'B72', 'B73', 'B74', 'B75', 'B76', 'B77', 'B78', 'B79', 'B80', 'B81', 'B82', 'B83', 'B84', 'B85', 'B86', 'B87', 'B88', 'B89', 'B90', 'B91', 'B92', 'B93', 'B94', 'B95', 'B96', 'B97', 'B98', 'B99', 'B100', 'B101', 'B102', 'B103', 'B104', 'B105', 'B106', 'B107', 'B108']
These residues will be fixed:  []
Designing HOMO-OLIGOMER
No ligand atoms parsed
Designing protein from this path: /wynton/home/rotation/geanhu/multi-state/data/string-sampling/combined/5KPE_4_6_0_combined.pdb
These residues will be redesigned:  ['A1', 'A2', 'A3', 'A4', 'A5', 'A6', 'A7', 'A8', 'A9', 'A10', 'A11', 'A12', 'A13', 'A14', 'A15', 'A16', 'A17', 'A18', 'A19', 'A20', 'A21', 'A22', 'A23', 'A24', 'A25', 'A26', 'A27', 'A28', 'A29', 'A30', 'A31', 'A32', 'A33', 'A34', 'A35', 'A36', 'A37', 'A38', 'A39', 'A40', 'A41', 'A42', 'A43', 'A44', 'A45', 'A46', 'A47', 'A48', 'A49', 'A50', 'A51', 'A52', 'A53', 'A54', 'A55', 'A56', 'A57', 'A58', 'A59', 'A60', 'A61', 'A62', 'A63', 'A64', 'A65', 'A66', 'A67', 'A68', 'A69', 'A70', 'A71', 'A72', 'A73', 'A74', 'A75', 'A76', 'A77', 'A78', 'A79', 'A80', 'A81', 'A82', 'A83', 'A84', 'A85', 'A86', 'A87', 'A88', 'A89', 'A90', 'A91', 'A92', 'A93', 'A94', 'A95', 'A96', 'A97', 'A98', 'A99', 'A100', 'A101', 'A102', 'A103', 'A104', 'A105', 'A106', 'A107', 'A108', 'B1', 'B2', 'B3', 'B4', 'B5', 'B6', 'B7', 'B8', 'B9', 'B10', 'B11', 'B12', 'B13', 'B14', 'B15', 'B16', 'B17', 'B18', 'B19', 'B20', 'B21', 'B22', 'B23', 'B24', 'B25', 'B26', 'B27', 'B28', 'B29', 'B30', 'B31', 'B32', 'B33', 'B34', 'B35', 'B36', 'B37', 'B38', 'B39', 'B40', 'B41', 'B42', 'B43', 'B44', 'B45', 'B46', 'B47', 'B48', 'B49', 'B50', 'B51', 'B52', 'B53', 'B54', 'B55', 'B56', 'B57', 'B58', 'B59', 'B60', 'B61', 'B62', 'B63', 'B64', 'B65', 'B66', 'B67', 'B68', 'B69', 'B70', 'B71', 'B72', 'B73', 'B74', 'B75', 'B76', 'B77', 'B78', 'B79', 'B80', 'B81', 'B82', 'B83', 'B84', 'B85', 'B86', 'B87', 'B88', 'B89', 'B90', 'B91', 'B92', 'B93', 'B94', 'B95', 'B96', 'B97', 'B98', 'B99', 'B100', 'B101', 'B102', 'B103', 'B104', 'B105', 'B106', 'B107', 'B108']
These residues will be fixed:  []
Designing HOMO-OLIGOMER
No ligand atoms parsed
Designing protein from this path: /wynton/home/rotation/geanhu/multi-state/data/string-sampling/combined/5KPE_4_6_1_combined.pdb
These residues will be redesigned:  ['A1', 'A2', 'A3', 'A4', 'A5', 'A6', 'A7', 'A8', 'A9', 'A10', 'A11', 'A12', 'A13', 'A14', 'A15', 'A16', 'A17', 'A18', 'A19', 'A20', 'A21', 'A22', 'A23', 'A24', 'A25', 'A26', 'A27', 'A28', 'A29', 'A30', 'A31', 'A32', 'A33', 'A34', 'A35', 'A36', 'A37', 'A38', 'A39', 'A40', 'A41', 'A42', 'A43', 'A44', 'A45', 'A46', 'A47', 'A48', 'A49', 'A50', 'A51', 'A52', 'A53', 'A54', 'A55', 'A56', 'A57', 'A58', 'A59', 'A60', 'A61', 'A62', 'A63', 'A64', 'A65', 'A66', 'A67', 'A68', 'A69', 'A70', 'A71', 'A72', 'A73', 'A74', 'A75', 'A76', 'A77', 'A78', 'A79', 'A80', 'A81', 'A82', 'A83', 'A84', 'A85', 'A86', 'A87', 'A88', 'A89', 'A90', 'A91', 'A92', 'A93', 'A94', 'A95', 'A96', 'A97', 'A98', 'A99', 'A100', 'A101', 'A102', 'A103', 'A104', 'A105', 'A106', 'A107', 'A108', 'B1', 'B2', 'B3', 'B4', 'B5', 'B6', 'B7', 'B8', 'B9', 'B10', 'B11', 'B12', 'B13', 'B14', 'B15', 'B16', 'B17', 'B18', 'B19', 'B20', 'B21', 'B22', 'B23', 'B24', 'B25', 'B26', 'B27', 'B28', 'B29', 'B30', 'B31', 'B32', 'B33', 'B34', 'B35', 'B36', 'B37', 'B38', 'B39', 'B40', 'B41', 'B42', 'B43', 'B44', 'B45', 'B46', 'B47', 'B48', 'B49', 'B50', 'B51', 'B52', 'B53', 'B54', 'B55', 'B56', 'B57', 'B58', 'B59', 'B60', 'B61', 'B62', 'B63', 'B64', 'B65', 'B66', 'B67', 'B68', 'B69', 'B70', 'B71', 'B72', 'B73', 'B74', 'B75', 'B76', 'B77', 'B78', 'B79', 'B80', 'B81', 'B82', 'B83', 'B84', 'B85', 'B86', 'B87', 'B88', 'B89', 'B90', 'B91', 'B92', 'B93', 'B94', 'B95', 'B96', 'B97', 'B98', 'B99', 'B100', 'B101', 'B102', 'B103', 'B104', 'B105', 'B106', 'B107', 'B108']
These residues will be fixed:  []
Designing HOMO-OLIGOMER
No ligand atoms parsed
Designing protein from this path: /wynton/home/rotation/geanhu/multi-state/data/string-sampling/combined/5KPE_4_6_2_combined.pdb
These residues will be redesigned:  ['A1', 'A2', 'A3', 'A4', 'A5', 'A6', 'A7', 'A8', 'A9', 'A10', 'A11', 'A12', 'A13', 'A14', 'A15', 'A16', 'A17', 'A18', 'A19', 'A20', 'A21', 'A22', 'A23', 'A24', 'A25', 'A26', 'A27', 'A28', 'A29', 'A30', 'A31', 'A32', 'A33', 'A34', 'A35', 'A36', 'A37', 'A38', 'A39', 'A40', 'A41', 'A42', 'A43', 'A44', 'A45', 'A46', 'A47', 'A48', 'A49', 'A50', 'A51', 'A52', 'A53', 'A54', 'A55', 'A56', 'A57', 'A58', 'A59', 'A60', 'A61', 'A62', 'A63', 'A64', 'A65', 'A66', 'A67', 'A68', 'A69', 'A70', 'A71', 'A72', 'A73', 'A74', 'A75', 'A76', 'A77', 'A78', 'A79', 'A80', 'A81', 'A82', 'A83', 'A84', 'A85', 'A86', 'A87', 'A88', 'A89', 'A90', 'A91', 'A92', 'A93', 'A94', 'A95', 'A96', 'A97', 'A98', 'A99', 'A100', 'A101', 'A102', 'A103', 'A104', 'A105', 'A106', 'A107', 'A108', 'B1', 'B2', 'B3', 'B4', 'B5', 'B6', 'B7', 'B8', 'B9', 'B10', 'B11', 'B12', 'B13', 'B14', 'B15', 'B16', 'B17', 'B18', 'B19', 'B20', 'B21', 'B22', 'B23', 'B24', 'B25', 'B26', 'B27', 'B28', 'B29', 'B30', 'B31', 'B32', 'B33', 'B34', 'B35', 'B36', 'B37', 'B38', 'B39', 'B40', 'B41', 'B42', 'B43', 'B44', 'B45', 'B46', 'B47', 'B48', 'B49', 'B50', 'B51', 'B52', 'B53', 'B54', 'B55', 'B56', 'B57', 'B58', 'B59', 'B60', 'B61', 'B62', 'B63', 'B64', 'B65', 'B66', 'B67', 'B68', 'B69', 'B70', 'B71', 'B72', 'B73', 'B74', 'B75', 'B76', 'B77', 'B78', 'B79', 'B80', 'B81', 'B82', 'B83', 'B84', 'B85', 'B86', 'B87', 'B88', 'B89', 'B90', 'B91', 'B92', 'B93', 'B94', 'B95', 'B96', 'B97', 'B98', 'B99', 'B100', 'B101', 'B102', 'B103', 'B104', 'B105', 'B106', 'B107', 'B108']
These residues will be fixed:  []
Designing HOMO-OLIGOMER
No ligand atoms parsed
Designing protein from this path: /wynton/home/rotation/geanhu/multi-state/data/string-sampling/combined/5KPE_4_6_3_combined.pdb
These residues will be redesigned:  ['A1', 'A2', 'A3', 'A4', 'A5', 'A6', 'A7', 'A8', 'A9', 'A10', 'A11', 'A12', 'A13', 'A14', 'A15', 'A16', 'A17', 'A18', 'A19', 'A20', 'A21', 'A22', 'A23', 'A24', 'A25', 'A26', 'A27', 'A28', 'A29', 'A30', 'A31', 'A32', 'A33', 'A34', 'A35', 'A36', 'A37', 'A38', 'A39', 'A40', 'A41', 'A42', 'A43', 'A44', 'A45', 'A46', 'A47', 'A48', 'A49', 'A50', 'A51', 'A52', 'A53', 'A54', 'A55', 'A56', 'A57', 'A58', 'A59', 'A60', 'A61', 'A62', 'A63', 'A64', 'A65', 'A66', 'A67', 'A68', 'A69', 'A70', 'A71', 'A72', 'A73', 'A74', 'A75', 'A76', 'A77', 'A78', 'A79', 'A80', 'A81', 'A82', 'A83', 'A84', 'A85', 'A86', 'A87', 'A88', 'A89', 'A90', 'A91', 'A92', 'A93', 'A94', 'A95', 'A96', 'A97', 'A98', 'A99', 'A100', 'A101', 'A102', 'A103', 'A104', 'A105', 'A106', 'A107', 'A108', 'B1', 'B2', 'B3', 'B4', 'B5', 'B6', 'B7', 'B8', 'B9', 'B10', 'B11', 'B12', 'B13', 'B14', 'B15', 'B16', 'B17', 'B18', 'B19', 'B20', 'B21', 'B22', 'B23', 'B24', 'B25', 'B26', 'B27', 'B28', 'B29', 'B30', 'B31', 'B32', 'B33', 'B34', 'B35', 'B36', 'B37', 'B38', 'B39', 'B40', 'B41', 'B42', 'B43', 'B44', 'B45', 'B46', 'B47', 'B48', 'B49', 'B50', 'B51', 'B52', 'B53', 'B54', 'B55', 'B56', 'B57', 'B58', 'B59', 'B60', 'B61', 'B62', 'B63', 'B64', 'B65', 'B66', 'B67', 'B68', 'B69', 'B70', 'B71', 'B72', 'B73', 'B74', 'B75', 'B76', 'B77', 'B78', 'B79', 'B80', 'B81', 'B82', 'B83', 'B84', 'B85', 'B86', 'B87', 'B88', 'B89', 'B90', 'B91', 'B92', 'B93', 'B94', 'B95', 'B96', 'B97', 'B98', 'B99', 'B100', 'B101', 'B102', 'B103', 'B104', 'B105', 'B106', 'B107', 'B108']
These residues will be fixed:  []
Designing HOMO-OLIGOMER
No ligand atoms parsed
Designing protein from this path: /wynton/home/rotation/geanhu/multi-state/data/string-sampling/combined/5KPE_4_6_4_combined.pdb
These residues will be redesigned:  ['A1', 'A2', 'A3', 'A4', 'A5', 'A6', 'A7', 'A8', 'A9', 'A10', 'A11', 'A12', 'A13', 'A14', 'A15', 'A16', 'A17', 'A18', 'A19', 'A20', 'A21', 'A22', 'A23', 'A24', 'A25', 'A26', 'A27', 'A28', 'A29', 'A30', 'A31', 'A32', 'A33', 'A34', 'A35', 'A36', 'A37', 'A38', 'A39', 'A40', 'A41', 'A42', 'A43', 'A44', 'A45', 'A46', 'A47', 'A48', 'A49', 'A50', 'A51', 'A52', 'A53', 'A54', 'A55', 'A56', 'A57', 'A58', 'A59', 'A60', 'A61', 'A62', 'A63', 'A64', 'A65', 'A66', 'A67', 'A68', 'A69', 'A70', 'A71', 'A72', 'A73', 'A74', 'A75', 'A76', 'A77', 'A78', 'A79', 'A80', 'A81', 'A82', 'A83', 'A84', 'A85', 'A86', 'A87', 'A88', 'A89', 'A90', 'A91', 'A92', 'A93', 'A94', 'A95', 'A96', 'A97', 'A98', 'A99', 'A100', 'A101', 'A102', 'A103', 'A104', 'A105', 'A106', 'A107', 'A108', 'B1', 'B2', 'B3', 'B4', 'B5', 'B6', 'B7', 'B8', 'B9', 'B10', 'B11', 'B12', 'B13', 'B14', 'B15', 'B16', 'B17', 'B18', 'B19', 'B20', 'B21', 'B22', 'B23', 'B24', 'B25', 'B26', 'B27', 'B28', 'B29', 'B30', 'B31', 'B32', 'B33', 'B34', 'B35', 'B36', 'B37', 'B38', 'B39', 'B40', 'B41', 'B42', 'B43', 'B44', 'B45', 'B46', 'B47', 'B48', 'B49', 'B50', 'B51', 'B52', 'B53', 'B54', 'B55', 'B56', 'B57', 'B58', 'B59', 'B60', 'B61', 'B62', 'B63', 'B64', 'B65', 'B66', 'B67', 'B68', 'B69', 'B70', 'B71', 'B72', 'B73', 'B74', 'B75', 'B76', 'B77', 'B78', 'B79', 'B80', 'B81', 'B82', 'B83', 'B84', 'B85', 'B86', 'B87', 'B88', 'B89', 'B90', 'B91', 'B92', 'B93', 'B94', 'B95', 'B96', 'B97', 'B98', 'B99', 'B100', 'B101', 'B102', 'B103', 'B104', 'B105', 'B106', 'B107', 'B108']
These residues will be fixed:  []
Designing HOMO-OLIGOMER
No ligand atoms parsed
Designing protein from this path: /wynton/home/rotation/geanhu/multi-state/data/string-sampling/combined/5KPE_4_6_5_combined.pdb
These residues will be redesigned:  ['A1', 'A2', 'A3', 'A4', 'A5', 'A6', 'A7', 'A8', 'A9', 'A10', 'A11', 'A12', 'A13', 'A14', 'A15', 'A16', 'A17', 'A18', 'A19', 'A20', 'A21', 'A22', 'A23', 'A24', 'A25', 'A26', 'A27', 'A28', 'A29', 'A30', 'A31', 'A32', 'A33', 'A34', 'A35', 'A36', 'A37', 'A38', 'A39', 'A40', 'A41', 'A42', 'A43', 'A44', 'A45', 'A46', 'A47', 'A48', 'A49', 'A50', 'A51', 'A52', 'A53', 'A54', 'A55', 'A56', 'A57', 'A58', 'A59', 'A60', 'A61', 'A62', 'A63', 'A64', 'A65', 'A66', 'A67', 'A68', 'A69', 'A70', 'A71', 'A72', 'A73', 'A74', 'A75', 'A76', 'A77', 'A78', 'A79', 'A80', 'A81', 'A82', 'A83', 'A84', 'A85', 'A86', 'A87', 'A88', 'A89', 'A90', 'A91', 'A92', 'A93', 'A94', 'A95', 'A96', 'A97', 'A98', 'A99', 'A100', 'A101', 'A102', 'A103', 'A104', 'A105', 'A106', 'A107', 'A108', 'B1', 'B2', 'B3', 'B4', 'B5', 'B6', 'B7', 'B8', 'B9', 'B10', 'B11', 'B12', 'B13', 'B14', 'B15', 'B16', 'B17', 'B18', 'B19', 'B20', 'B21', 'B22', 'B23', 'B24', 'B25', 'B26', 'B27', 'B28', 'B29', 'B30', 'B31', 'B32', 'B33', 'B34', 'B35', 'B36', 'B37', 'B38', 'B39', 'B40', 'B41', 'B42', 'B43', 'B44', 'B45', 'B46', 'B47', 'B48', 'B49', 'B50', 'B51', 'B52', 'B53', 'B54', 'B55', 'B56', 'B57', 'B58', 'B59', 'B60', 'B61', 'B62', 'B63', 'B64', 'B65', 'B66', 'B67', 'B68', 'B69', 'B70', 'B71', 'B72', 'B73', 'B74', 'B75', 'B76', 'B77', 'B78', 'B79', 'B80', 'B81', 'B82', 'B83', 'B84', 'B85', 'B86', 'B87', 'B88', 'B89', 'B90', 'B91', 'B92', 'B93', 'B94', 'B95', 'B96', 'B97', 'B98', 'B99', 'B100', 'B101', 'B102', 'B103', 'B104', 'B105', 'B106', 'B107', 'B108']
These residues will be fixed:  []
Designing HOMO-OLIGOMER
No ligand atoms parsed
Designing protein from this path: /wynton/home/rotation/geanhu/multi-state/data/string-sampling/combined/5KPE_4_6_6_combined.pdb
These residues will be redesigned:  ['A1', 'A2', 'A3', 'A4', 'A5', 'A6', 'A7', 'A8', 'A9', 'A10', 'A11', 'A12', 'A13', 'A14', 'A15', 'A16', 'A17', 'A18', 'A19', 'A20', 'A21', 'A22', 'A23', 'A24', 'A25', 'A26', 'A27', 'A28', 'A29', 'A30', 'A31', 'A32', 'A33', 'A34', 'A35', 'A36', 'A37', 'A38', 'A39', 'A40', 'A41', 'A42', 'A43', 'A44', 'A45', 'A46', 'A47', 'A48', 'A49', 'A50', 'A51', 'A52', 'A53', 'A54', 'A55', 'A56', 'A57', 'A58', 'A59', 'A60', 'A61', 'A62', 'A63', 'A64', 'A65', 'A66', 'A67', 'A68', 'A69', 'A70', 'A71', 'A72', 'A73', 'A74', 'A75', 'A76', 'A77', 'A78', 'A79', 'A80', 'A81', 'A82', 'A83', 'A84', 'A85', 'A86', 'A87', 'A88', 'A89', 'A90', 'A91', 'A92', 'A93', 'A94', 'A95', 'A96', 'A97', 'A98', 'A99', 'A100', 'A101', 'A102', 'A103', 'A104', 'A105', 'A106', 'A107', 'A108', 'B1', 'B2', 'B3', 'B4', 'B5', 'B6', 'B7', 'B8', 'B9', 'B10', 'B11', 'B12', 'B13', 'B14', 'B15', 'B16', 'B17', 'B18', 'B19', 'B20', 'B21', 'B22', 'B23', 'B24', 'B25', 'B26', 'B27', 'B28', 'B29', 'B30', 'B31', 'B32', 'B33', 'B34', 'B35', 'B36', 'B37', 'B38', 'B39', 'B40', 'B41', 'B42', 'B43', 'B44', 'B45', 'B46', 'B47', 'B48', 'B49', 'B50', 'B51', 'B52', 'B53', 'B54', 'B55', 'B56', 'B57', 'B58', 'B59', 'B60', 'B61', 'B62', 'B63', 'B64', 'B65', 'B66', 'B67', 'B68', 'B69', 'B70', 'B71', 'B72', 'B73', 'B74', 'B75', 'B76', 'B77', 'B78', 'B79', 'B80', 'B81', 'B82', 'B83', 'B84', 'B85', 'B86', 'B87', 'B88', 'B89', 'B90', 'B91', 'B92', 'B93', 'B94', 'B95', 'B96', 'B97', 'B98', 'B99', 'B100', 'B101', 'B102', 'B103', 'B104', 'B105', 'B106', 'B107', 'B108']
These residues will be fixed:  []
Designing HOMO-OLIGOMER
No ligand atoms parsed
Designing protein from this path: /wynton/home/rotation/geanhu/multi-state/data/string-sampling/combined/5KPE_4_6_7_combined.pdb
These residues will be redesigned:  ['A1', 'A2', 'A3', 'A4', 'A5', 'A6', 'A7', 'A8', 'A9', 'A10', 'A11', 'A12', 'A13', 'A14', 'A15', 'A16', 'A17', 'A18', 'A19', 'A20', 'A21', 'A22', 'A23', 'A24', 'A25', 'A26', 'A27', 'A28', 'A29', 'A30', 'A31', 'A32', 'A33', 'A34', 'A35', 'A36', 'A37', 'A38', 'A39', 'A40', 'A41', 'A42', 'A43', 'A44', 'A45', 'A46', 'A47', 'A48', 'A49', 'A50', 'A51', 'A52', 'A53', 'A54', 'A55', 'A56', 'A57', 'A58', 'A59', 'A60', 'A61', 'A62', 'A63', 'A64', 'A65', 'A66', 'A67', 'A68', 'A69', 'A70', 'A71', 'A72', 'A73', 'A74', 'A75', 'A76', 'A77', 'A78', 'A79', 'A80', 'A81', 'A82', 'A83', 'A84', 'A85', 'A86', 'A87', 'A88', 'A89', 'A90', 'A91', 'A92', 'A93', 'A94', 'A95', 'A96', 'A97', 'A98', 'A99', 'A100', 'A101', 'A102', 'A103', 'A104', 'A105', 'A106', 'A107', 'A108', 'B1', 'B2', 'B3', 'B4', 'B5', 'B6', 'B7', 'B8', 'B9', 'B10', 'B11', 'B12', 'B13', 'B14', 'B15', 'B16', 'B17', 'B18', 'B19', 'B20', 'B21', 'B22', 'B23', 'B24', 'B25', 'B26', 'B27', 'B28', 'B29', 'B30', 'B31', 'B32', 'B33', 'B34', 'B35', 'B36', 'B37', 'B38', 'B39', 'B40', 'B41', 'B42', 'B43', 'B44', 'B45', 'B46', 'B47', 'B48', 'B49', 'B50', 'B51', 'B52', 'B53', 'B54', 'B55', 'B56', 'B57', 'B58', 'B59', 'B60', 'B61', 'B62', 'B63', 'B64', 'B65', 'B66', 'B67', 'B68', 'B69', 'B70', 'B71', 'B72', 'B73', 'B74', 'B75', 'B76', 'B77', 'B78', 'B79', 'B80', 'B81', 'B82', 'B83', 'B84', 'B85', 'B86', 'B87', 'B88', 'B89', 'B90', 'B91', 'B92', 'B93', 'B94', 'B95', 'B96', 'B97', 'B98', 'B99', 'B100', 'B101', 'B102', 'B103', 'B104', 'B105', 'B106', 'B107', 'B108']
These residues will be fixed:  []
Designing HOMO-OLIGOMER
No ligand atoms parsed
Designing protein from this path: /wynton/home/rotation/geanhu/multi-state/data/string-sampling/combined/5KPE_4_6_8_combined.pdb
These residues will be redesigned:  ['A1', 'A2', 'A3', 'A4', 'A5', 'A6', 'A7', 'A8', 'A9', 'A10', 'A11', 'A12', 'A13', 'A14', 'A15', 'A16', 'A17', 'A18', 'A19', 'A20', 'A21', 'A22', 'A23', 'A24', 'A25', 'A26', 'A27', 'A28', 'A29', 'A30', 'A31', 'A32', 'A33', 'A34', 'A35', 'A36', 'A37', 'A38', 'A39', 'A40', 'A41', 'A42', 'A43', 'A44', 'A45', 'A46', 'A47', 'A48', 'A49', 'A50', 'A51', 'A52', 'A53', 'A54', 'A55', 'A56', 'A57', 'A58', 'A59', 'A60', 'A61', 'A62', 'A63', 'A64', 'A65', 'A66', 'A67', 'A68', 'A69', 'A70', 'A71', 'A72', 'A73', 'A74', 'A75', 'A76', 'A77', 'A78', 'A79', 'A80', 'A81', 'A82', 'A83', 'A84', 'A85', 'A86', 'A87', 'A88', 'A89', 'A90', 'A91', 'A92', 'A93', 'A94', 'A95', 'A96', 'A97', 'A98', 'A99', 'A100', 'A101', 'A102', 'A103', 'A104', 'A105', 'A106', 'A107', 'A108', 'B1', 'B2', 'B3', 'B4', 'B5', 'B6', 'B7', 'B8', 'B9', 'B10', 'B11', 'B12', 'B13', 'B14', 'B15', 'B16', 'B17', 'B18', 'B19', 'B20', 'B21', 'B22', 'B23', 'B24', 'B25', 'B26', 'B27', 'B28', 'B29', 'B30', 'B31', 'B32', 'B33', 'B34', 'B35', 'B36', 'B37', 'B38', 'B39', 'B40', 'B41', 'B42', 'B43', 'B44', 'B45', 'B46', 'B47', 'B48', 'B49', 'B50', 'B51', 'B52', 'B53', 'B54', 'B55', 'B56', 'B57', 'B58', 'B59', 'B60', 'B61', 'B62', 'B63', 'B64', 'B65', 'B66', 'B67', 'B68', 'B69', 'B70', 'B71', 'B72', 'B73', 'B74', 'B75', 'B76', 'B77', 'B78', 'B79', 'B80', 'B81', 'B82', 'B83', 'B84', 'B85', 'B86', 'B87', 'B88', 'B89', 'B90', 'B91', 'B92', 'B93', 'B94', 'B95', 'B96', 'B97', 'B98', 'B99', 'B100', 'B101', 'B102', 'B103', 'B104', 'B105', 'B106', 'B107', 'B108']
These residues will be fixed:  []
Designing HOMO-OLIGOMER
No ligand atoms parsed
Designing protein from this path: /wynton/home/rotation/geanhu/multi-state/data/string-sampling/combined/5KPE_4_6_9_combined.pdb
These residues will be redesigned:  ['A1', 'A2', 'A3', 'A4', 'A5', 'A6', 'A7', 'A8', 'A9', 'A10', 'A11', 'A12', 'A13', 'A14', 'A15', 'A16', 'A17', 'A18', 'A19', 'A20', 'A21', 'A22', 'A23', 'A24', 'A25', 'A26', 'A27', 'A28', 'A29', 'A30', 'A31', 'A32', 'A33', 'A34', 'A35', 'A36', 'A37', 'A38', 'A39', 'A40', 'A41', 'A42', 'A43', 'A44', 'A45', 'A46', 'A47', 'A48', 'A49', 'A50', 'A51', 'A52', 'A53', 'A54', 'A55', 'A56', 'A57', 'A58', 'A59', 'A60', 'A61', 'A62', 'A63', 'A64', 'A65', 'A66', 'A67', 'A68', 'A69', 'A70', 'A71', 'A72', 'A73', 'A74', 'A75', 'A76', 'A77', 'A78', 'A79', 'A80', 'A81', 'A82', 'A83', 'A84', 'A85', 'A86', 'A87', 'A88', 'A89', 'A90', 'A91', 'A92', 'A93', 'A94', 'A95', 'A96', 'A97', 'A98', 'A99', 'A100', 'A101', 'A102', 'A103', 'A104', 'A105', 'A106', 'A107', 'A108', 'B1', 'B2', 'B3', 'B4', 'B5', 'B6', 'B7', 'B8', 'B9', 'B10', 'B11', 'B12', 'B13', 'B14', 'B15', 'B16', 'B17', 'B18', 'B19', 'B20', 'B21', 'B22', 'B23', 'B24', 'B25', 'B26', 'B27', 'B28', 'B29', 'B30', 'B31', 'B32', 'B33', 'B34', 'B35', 'B36', 'B37', 'B38', 'B39', 'B40', 'B41', 'B42', 'B43', 'B44', 'B45', 'B46', 'B47', 'B48', 'B49', 'B50', 'B51', 'B52', 'B53', 'B54', 'B55', 'B56', 'B57', 'B58', 'B59', 'B60', 'B61', 'B62', 'B63', 'B64', 'B65', 'B66', 'B67', 'B68', 'B69', 'B70', 'B71', 'B72', 'B73', 'B74', 'B75', 'B76', 'B77', 'B78', 'B79', 'B80', 'B81', 'B82', 'B83', 'B84', 'B85', 'B86', 'B87', 'B88', 'B89', 'B90', 'B91', 'B92', 'B93', 'B94', 'B95', 'B96', 'B97', 'B98', 'B99', 'B100', 'B101', 'B102', 'B103', 'B104', 'B105', 'B106', 'B107', 'B108']
These residues will be fixed:  []
Designing HOMO-OLIGOMER
No ligand atoms parsed
Designing protein from this path: /wynton/home/rotation/geanhu/multi-state/data/string-sampling/combined/5KPE_4_8_0_combined.pdb
These residues will be redesigned:  ['A1', 'A2', 'A3', 'A4', 'A5', 'A6', 'A7', 'A8', 'A9', 'A10', 'A11', 'A12', 'A13', 'A14', 'A15', 'A16', 'A17', 'A18', 'A19', 'A20', 'A21', 'A22', 'A23', 'A24', 'A25', 'A26', 'A27', 'A28', 'A29', 'A30', 'A31', 'A32', 'A33', 'A34', 'A35', 'A36', 'A37', 'A38', 'A39', 'A40', 'A41', 'A42', 'A43', 'A44', 'A45', 'A46', 'A47', 'A48', 'A49', 'A50', 'A51', 'A52', 'A53', 'A54', 'A55', 'A56', 'A57', 'A58', 'A59', 'A60', 'A61', 'A62', 'A63', 'A64', 'A65', 'A66', 'A67', 'A68', 'A69', 'A70', 'A71', 'A72', 'A73', 'A74', 'A75', 'A76', 'A77', 'A78', 'A79', 'A80', 'A81', 'A82', 'A83', 'A84', 'A85', 'A86', 'A87', 'A88', 'A89', 'A90', 'A91', 'A92', 'A93', 'A94', 'A95', 'A96', 'A97', 'A98', 'A99', 'A100', 'A101', 'A102', 'A103', 'A104', 'A105', 'A106', 'A107', 'A108', 'B1', 'B2', 'B3', 'B4', 'B5', 'B6', 'B7', 'B8', 'B9', 'B10', 'B11', 'B12', 'B13', 'B14', 'B15', 'B16', 'B17', 'B18', 'B19', 'B20', 'B21', 'B22', 'B23', 'B24', 'B25', 'B26', 'B27', 'B28', 'B29', 'B30', 'B31', 'B32', 'B33', 'B34', 'B35', 'B36', 'B37', 'B38', 'B39', 'B40', 'B41', 'B42', 'B43', 'B44', 'B45', 'B46', 'B47', 'B48', 'B49', 'B50', 'B51', 'B52', 'B53', 'B54', 'B55', 'B56', 'B57', 'B58', 'B59', 'B60', 'B61', 'B62', 'B63', 'B64', 'B65', 'B66', 'B67', 'B68', 'B69', 'B70', 'B71', 'B72', 'B73', 'B74', 'B75', 'B76', 'B77', 'B78', 'B79', 'B80', 'B81', 'B82', 'B83', 'B84', 'B85', 'B86', 'B87', 'B88', 'B89', 'B90', 'B91', 'B92', 'B93', 'B94', 'B95', 'B96', 'B97', 'B98', 'B99', 'B100', 'B101', 'B102', 'B103', 'B104', 'B105', 'B106', 'B107', 'B108']
These residues will be fixed:  []
Designing HOMO-OLIGOMER
No ligand atoms parsed
Designing protein from this path: /wynton/home/rotation/geanhu/multi-state/data/string-sampling/combined/5KPE_4_8_1_combined.pdb
These residues will be redesigned:  ['A1', 'A2', 'A3', 'A4', 'A5', 'A6', 'A7', 'A8', 'A9', 'A10', 'A11', 'A12', 'A13', 'A14', 'A15', 'A16', 'A17', 'A18', 'A19', 'A20', 'A21', 'A22', 'A23', 'A24', 'A25', 'A26', 'A27', 'A28', 'A29', 'A30', 'A31', 'A32', 'A33', 'A34', 'A35', 'A36', 'A37', 'A38', 'A39', 'A40', 'A41', 'A42', 'A43', 'A44', 'A45', 'A46', 'A47', 'A48', 'A49', 'A50', 'A51', 'A52', 'A53', 'A54', 'A55', 'A56', 'A57', 'A58', 'A59', 'A60', 'A61', 'A62', 'A63', 'A64', 'A65', 'A66', 'A67', 'A68', 'A69', 'A70', 'A71', 'A72', 'A73', 'A74', 'A75', 'A76', 'A77', 'A78', 'A79', 'A80', 'A81', 'A82', 'A83', 'A84', 'A85', 'A86', 'A87', 'A88', 'A89', 'A90', 'A91', 'A92', 'A93', 'A94', 'A95', 'A96', 'A97', 'A98', 'A99', 'A100', 'A101', 'A102', 'A103', 'A104', 'A105', 'A106', 'A107', 'A108', 'B1', 'B2', 'B3', 'B4', 'B5', 'B6', 'B7', 'B8', 'B9', 'B10', 'B11', 'B12', 'B13', 'B14', 'B15', 'B16', 'B17', 'B18', 'B19', 'B20', 'B21', 'B22', 'B23', 'B24', 'B25', 'B26', 'B27', 'B28', 'B29', 'B30', 'B31', 'B32', 'B33', 'B34', 'B35', 'B36', 'B37', 'B38', 'B39', 'B40', 'B41', 'B42', 'B43', 'B44', 'B45', 'B46', 'B47', 'B48', 'B49', 'B50', 'B51', 'B52', 'B53', 'B54', 'B55', 'B56', 'B57', 'B58', 'B59', 'B60', 'B61', 'B62', 'B63', 'B64', 'B65', 'B66', 'B67', 'B68', 'B69', 'B70', 'B71', 'B72', 'B73', 'B74', 'B75', 'B76', 'B77', 'B78', 'B79', 'B80', 'B81', 'B82', 'B83', 'B84', 'B85', 'B86', 'B87', 'B88', 'B89', 'B90', 'B91', 'B92', 'B93', 'B94', 'B95', 'B96', 'B97', 'B98', 'B99', 'B100', 'B101', 'B102', 'B103', 'B104', 'B105', 'B106', 'B107', 'B108']
These residues will be fixed:  []
Designing HOMO-OLIGOMER
No ligand atoms parsed
Designing protein from this path: /wynton/home/rotation/geanhu/multi-state/data/string-sampling/combined/5KPE_4_8_2_combined.pdb
These residues will be redesigned:  ['A1', 'A2', 'A3', 'A4', 'A5', 'A6', 'A7', 'A8', 'A9', 'A10', 'A11', 'A12', 'A13', 'A14', 'A15', 'A16', 'A17', 'A18', 'A19', 'A20', 'A21', 'A22', 'A23', 'A24', 'A25', 'A26', 'A27', 'A28', 'A29', 'A30', 'A31', 'A32', 'A33', 'A34', 'A35', 'A36', 'A37', 'A38', 'A39', 'A40', 'A41', 'A42', 'A43', 'A44', 'A45', 'A46', 'A47', 'A48', 'A49', 'A50', 'A51', 'A52', 'A53', 'A54', 'A55', 'A56', 'A57', 'A58', 'A59', 'A60', 'A61', 'A62', 'A63', 'A64', 'A65', 'A66', 'A67', 'A68', 'A69', 'A70', 'A71', 'A72', 'A73', 'A74', 'A75', 'A76', 'A77', 'A78', 'A79', 'A80', 'A81', 'A82', 'A83', 'A84', 'A85', 'A86', 'A87', 'A88', 'A89', 'A90', 'A91', 'A92', 'A93', 'A94', 'A95', 'A96', 'A97', 'A98', 'A99', 'A100', 'A101', 'A102', 'A103', 'A104', 'A105', 'A106', 'A107', 'A108', 'B1', 'B2', 'B3', 'B4', 'B5', 'B6', 'B7', 'B8', 'B9', 'B10', 'B11', 'B12', 'B13', 'B14', 'B15', 'B16', 'B17', 'B18', 'B19', 'B20', 'B21', 'B22', 'B23', 'B24', 'B25', 'B26', 'B27', 'B28', 'B29', 'B30', 'B31', 'B32', 'B33', 'B34', 'B35', 'B36', 'B37', 'B38', 'B39', 'B40', 'B41', 'B42', 'B43', 'B44', 'B45', 'B46', 'B47', 'B48', 'B49', 'B50', 'B51', 'B52', 'B53', 'B54', 'B55', 'B56', 'B57', 'B58', 'B59', 'B60', 'B61', 'B62', 'B63', 'B64', 'B65', 'B66', 'B67', 'B68', 'B69', 'B70', 'B71', 'B72', 'B73', 'B74', 'B75', 'B76', 'B77', 'B78', 'B79', 'B80', 'B81', 'B82', 'B83', 'B84', 'B85', 'B86', 'B87', 'B88', 'B89', 'B90', 'B91', 'B92', 'B93', 'B94', 'B95', 'B96', 'B97', 'B98', 'B99', 'B100', 'B101', 'B102', 'B103', 'B104', 'B105', 'B106', 'B107', 'B108']
These residues will be fixed:  []
Designing HOMO-OLIGOMER
No ligand atoms parsed
Designing protein from this path: /wynton/home/rotation/geanhu/multi-state/data/string-sampling/combined/5KPE_4_8_3_combined.pdb
These residues will be redesigned:  ['A1', 'A2', 'A3', 'A4', 'A5', 'A6', 'A7', 'A8', 'A9', 'A10', 'A11', 'A12', 'A13', 'A14', 'A15', 'A16', 'A17', 'A18', 'A19', 'A20', 'A21', 'A22', 'A23', 'A24', 'A25', 'A26', 'A27', 'A28', 'A29', 'A30', 'A31', 'A32', 'A33', 'A34', 'A35', 'A36', 'A37', 'A38', 'A39', 'A40', 'A41', 'A42', 'A43', 'A44', 'A45', 'A46', 'A47', 'A48', 'A49', 'A50', 'A51', 'A52', 'A53', 'A54', 'A55', 'A56', 'A57', 'A58', 'A59', 'A60', 'A61', 'A62', 'A63', 'A64', 'A65', 'A66', 'A67', 'A68', 'A69', 'A70', 'A71', 'A72', 'A73', 'A74', 'A75', 'A76', 'A77', 'A78', 'A79', 'A80', 'A81', 'A82', 'A83', 'A84', 'A85', 'A86', 'A87', 'A88', 'A89', 'A90', 'A91', 'A92', 'A93', 'A94', 'A95', 'A96', 'A97', 'A98', 'A99', 'A100', 'A101', 'A102', 'A103', 'A104', 'A105', 'A106', 'A107', 'A108', 'B1', 'B2', 'B3', 'B4', 'B5', 'B6', 'B7', 'B8', 'B9', 'B10', 'B11', 'B12', 'B13', 'B14', 'B15', 'B16', 'B17', 'B18', 'B19', 'B20', 'B21', 'B22', 'B23', 'B24', 'B25', 'B26', 'B27', 'B28', 'B29', 'B30', 'B31', 'B32', 'B33', 'B34', 'B35', 'B36', 'B37', 'B38', 'B39', 'B40', 'B41', 'B42', 'B43', 'B44', 'B45', 'B46', 'B47', 'B48', 'B49', 'B50', 'B51', 'B52', 'B53', 'B54', 'B55', 'B56', 'B57', 'B58', 'B59', 'B60', 'B61', 'B62', 'B63', 'B64', 'B65', 'B66', 'B67', 'B68', 'B69', 'B70', 'B71', 'B72', 'B73', 'B74', 'B75', 'B76', 'B77', 'B78', 'B79', 'B80', 'B81', 'B82', 'B83', 'B84', 'B85', 'B86', 'B87', 'B88', 'B89', 'B90', 'B91', 'B92', 'B93', 'B94', 'B95', 'B96', 'B97', 'B98', 'B99', 'B100', 'B101', 'B102', 'B103', 'B104', 'B105', 'B106', 'B107', 'B108']
These residues will be fixed:  []
Designing HOMO-OLIGOMER
No ligand atoms parsed
Designing protein from this path: /wynton/home/rotation/geanhu/multi-state/data/string-sampling/combined/5KPE_4_8_4_combined.pdb
These residues will be redesigned:  ['A1', 'A2', 'A3', 'A4', 'A5', 'A6', 'A7', 'A8', 'A9', 'A10', 'A11', 'A12', 'A13', 'A14', 'A15', 'A16', 'A17', 'A18', 'A19', 'A20', 'A21', 'A22', 'A23', 'A24', 'A25', 'A26', 'A27', 'A28', 'A29', 'A30', 'A31', 'A32', 'A33', 'A34', 'A35', 'A36', 'A37', 'A38', 'A39', 'A40', 'A41', 'A42', 'A43', 'A44', 'A45', 'A46', 'A47', 'A48', 'A49', 'A50', 'A51', 'A52', 'A53', 'A54', 'A55', 'A56', 'A57', 'A58', 'A59', 'A60', 'A61', 'A62', 'A63', 'A64', 'A65', 'A66', 'A67', 'A68', 'A69', 'A70', 'A71', 'A72', 'A73', 'A74', 'A75', 'A76', 'A77', 'A78', 'A79', 'A80', 'A81', 'A82', 'A83', 'A84', 'A85', 'A86', 'A87', 'A88', 'A89', 'A90', 'A91', 'A92', 'A93', 'A94', 'A95', 'A96', 'A97', 'A98', 'A99', 'A100', 'A101', 'A102', 'A103', 'A104', 'A105', 'A106', 'A107', 'A108', 'B1', 'B2', 'B3', 'B4', 'B5', 'B6', 'B7', 'B8', 'B9', 'B10', 'B11', 'B12', 'B13', 'B14', 'B15', 'B16', 'B17', 'B18', 'B19', 'B20', 'B21', 'B22', 'B23', 'B24', 'B25', 'B26', 'B27', 'B28', 'B29', 'B30', 'B31', 'B32', 'B33', 'B34', 'B35', 'B36', 'B37', 'B38', 'B39', 'B40', 'B41', 'B42', 'B43', 'B44', 'B45', 'B46', 'B47', 'B48', 'B49', 'B50', 'B51', 'B52', 'B53', 'B54', 'B55', 'B56', 'B57', 'B58', 'B59', 'B60', 'B61', 'B62', 'B63', 'B64', 'B65', 'B66', 'B67', 'B68', 'B69', 'B70', 'B71', 'B72', 'B73', 'B74', 'B75', 'B76', 'B77', 'B78', 'B79', 'B80', 'B81', 'B82', 'B83', 'B84', 'B85', 'B86', 'B87', 'B88', 'B89', 'B90', 'B91', 'B92', 'B93', 'B94', 'B95', 'B96', 'B97', 'B98', 'B99', 'B100', 'B101', 'B102', 'B103', 'B104', 'B105', 'B106', 'B107', 'B108']
These residues will be fixed:  []
Designing HOMO-OLIGOMER
No ligand atoms parsed
Designing protein from this path: /wynton/home/rotation/geanhu/multi-state/data/string-sampling/combined/5KPE_4_8_5_combined.pdb
These residues will be redesigned:  ['A1', 'A2', 'A3', 'A4', 'A5', 'A6', 'A7', 'A8', 'A9', 'A10', 'A11', 'A12', 'A13', 'A14', 'A15', 'A16', 'A17', 'A18', 'A19', 'A20', 'A21', 'A22', 'A23', 'A24', 'A25', 'A26', 'A27', 'A28', 'A29', 'A30', 'A31', 'A32', 'A33', 'A34', 'A35', 'A36', 'A37', 'A38', 'A39', 'A40', 'A41', 'A42', 'A43', 'A44', 'A45', 'A46', 'A47', 'A48', 'A49', 'A50', 'A51', 'A52', 'A53', 'A54', 'A55', 'A56', 'A57', 'A58', 'A59', 'A60', 'A61', 'A62', 'A63', 'A64', 'A65', 'A66', 'A67', 'A68', 'A69', 'A70', 'A71', 'A72', 'A73', 'A74', 'A75', 'A76', 'A77', 'A78', 'A79', 'A80', 'A81', 'A82', 'A83', 'A84', 'A85', 'A86', 'A87', 'A88', 'A89', 'A90', 'A91', 'A92', 'A93', 'A94', 'A95', 'A96', 'A97', 'A98', 'A99', 'A100', 'A101', 'A102', 'A103', 'A104', 'A105', 'A106', 'A107', 'A108', 'B1', 'B2', 'B3', 'B4', 'B5', 'B6', 'B7', 'B8', 'B9', 'B10', 'B11', 'B12', 'B13', 'B14', 'B15', 'B16', 'B17', 'B18', 'B19', 'B20', 'B21', 'B22', 'B23', 'B24', 'B25', 'B26', 'B27', 'B28', 'B29', 'B30', 'B31', 'B32', 'B33', 'B34', 'B35', 'B36', 'B37', 'B38', 'B39', 'B40', 'B41', 'B42', 'B43', 'B44', 'B45', 'B46', 'B47', 'B48', 'B49', 'B50', 'B51', 'B52', 'B53', 'B54', 'B55', 'B56', 'B57', 'B58', 'B59', 'B60', 'B61', 'B62', 'B63', 'B64', 'B65', 'B66', 'B67', 'B68', 'B69', 'B70', 'B71', 'B72', 'B73', 'B74', 'B75', 'B76', 'B77', 'B78', 'B79', 'B80', 'B81', 'B82', 'B83', 'B84', 'B85', 'B86', 'B87', 'B88', 'B89', 'B90', 'B91', 'B92', 'B93', 'B94', 'B95', 'B96', 'B97', 'B98', 'B99', 'B100', 'B101', 'B102', 'B103', 'B104', 'B105', 'B106', 'B107', 'B108']
These residues will be fixed:  []
Designing HOMO-OLIGOMER
No ligand atoms parsed
Designing protein from this path: /wynton/home/rotation/geanhu/multi-state/data/string-sampling/combined/5KPE_4_8_6_combined.pdb
These residues will be redesigned:  ['A1', 'A2', 'A3', 'A4', 'A5', 'A6', 'A7', 'A8', 'A9', 'A10', 'A11', 'A12', 'A13', 'A14', 'A15', 'A16', 'A17', 'A18', 'A19', 'A20', 'A21', 'A22', 'A23', 'A24', 'A25', 'A26', 'A27', 'A28', 'A29', 'A30', 'A31', 'A32', 'A33', 'A34', 'A35', 'A36', 'A37', 'A38', 'A39', 'A40', 'A41', 'A42', 'A43', 'A44', 'A45', 'A46', 'A47', 'A48', 'A49', 'A50', 'A51', 'A52', 'A53', 'A54', 'A55', 'A56', 'A57', 'A58', 'A59', 'A60', 'A61', 'A62', 'A63', 'A64', 'A65', 'A66', 'A67', 'A68', 'A69', 'A70', 'A71', 'A72', 'A73', 'A74', 'A75', 'A76', 'A77', 'A78', 'A79', 'A80', 'A81', 'A82', 'A83', 'A84', 'A85', 'A86', 'A87', 'A88', 'A89', 'A90', 'A91', 'A92', 'A93', 'A94', 'A95', 'A96', 'A97', 'A98', 'A99', 'A100', 'A101', 'A102', 'A103', 'A104', 'A105', 'A106', 'A107', 'A108', 'B1', 'B2', 'B3', 'B4', 'B5', 'B6', 'B7', 'B8', 'B9', 'B10', 'B11', 'B12', 'B13', 'B14', 'B15', 'B16', 'B17', 'B18', 'B19', 'B20', 'B21', 'B22', 'B23', 'B24', 'B25', 'B26', 'B27', 'B28', 'B29', 'B30', 'B31', 'B32', 'B33', 'B34', 'B35', 'B36', 'B37', 'B38', 'B39', 'B40', 'B41', 'B42', 'B43', 'B44', 'B45', 'B46', 'B47', 'B48', 'B49', 'B50', 'B51', 'B52', 'B53', 'B54', 'B55', 'B56', 'B57', 'B58', 'B59', 'B60', 'B61', 'B62', 'B63', 'B64', 'B65', 'B66', 'B67', 'B68', 'B69', 'B70', 'B71', 'B72', 'B73', 'B74', 'B75', 'B76', 'B77', 'B78', 'B79', 'B80', 'B81', 'B82', 'B83', 'B84', 'B85', 'B86', 'B87', 'B88', 'B89', 'B90', 'B91', 'B92', 'B93', 'B94', 'B95', 'B96', 'B97', 'B98', 'B99', 'B100', 'B101', 'B102', 'B103', 'B104', 'B105', 'B106', 'B107', 'B108']
These residues will be fixed:  []
Designing HOMO-OLIGOMER
No ligand atoms parsed
Designing protein from this path: /wynton/home/rotation/geanhu/multi-state/data/string-sampling/combined/5KPE_4_8_7_combined.pdb
These residues will be redesigned:  ['A1', 'A2', 'A3', 'A4', 'A5', 'A6', 'A7', 'A8', 'A9', 'A10', 'A11', 'A12', 'A13', 'A14', 'A15', 'A16', 'A17', 'A18', 'A19', 'A20', 'A21', 'A22', 'A23', 'A24', 'A25', 'A26', 'A27', 'A28', 'A29', 'A30', 'A31', 'A32', 'A33', 'A34', 'A35', 'A36', 'A37', 'A38', 'A39', 'A40', 'A41', 'A42', 'A43', 'A44', 'A45', 'A46', 'A47', 'A48', 'A49', 'A50', 'A51', 'A52', 'A53', 'A54', 'A55', 'A56', 'A57', 'A58', 'A59', 'A60', 'A61', 'A62', 'A63', 'A64', 'A65', 'A66', 'A67', 'A68', 'A69', 'A70', 'A71', 'A72', 'A73', 'A74', 'A75', 'A76', 'A77', 'A78', 'A79', 'A80', 'A81', 'A82', 'A83', 'A84', 'A85', 'A86', 'A87', 'A88', 'A89', 'A90', 'A91', 'A92', 'A93', 'A94', 'A95', 'A96', 'A97', 'A98', 'A99', 'A100', 'A101', 'A102', 'A103', 'A104', 'A105', 'A106', 'A107', 'A108', 'B1', 'B2', 'B3', 'B4', 'B5', 'B6', 'B7', 'B8', 'B9', 'B10', 'B11', 'B12', 'B13', 'B14', 'B15', 'B16', 'B17', 'B18', 'B19', 'B20', 'B21', 'B22', 'B23', 'B24', 'B25', 'B26', 'B27', 'B28', 'B29', 'B30', 'B31', 'B32', 'B33', 'B34', 'B35', 'B36', 'B37', 'B38', 'B39', 'B40', 'B41', 'B42', 'B43', 'B44', 'B45', 'B46', 'B47', 'B48', 'B49', 'B50', 'B51', 'B52', 'B53', 'B54', 'B55', 'B56', 'B57', 'B58', 'B59', 'B60', 'B61', 'B62', 'B63', 'B64', 'B65', 'B66', 'B67', 'B68', 'B69', 'B70', 'B71', 'B72', 'B73', 'B74', 'B75', 'B76', 'B77', 'B78', 'B79', 'B80', 'B81', 'B82', 'B83', 'B84', 'B85', 'B86', 'B87', 'B88', 'B89', 'B90', 'B91', 'B92', 'B93', 'B94', 'B95', 'B96', 'B97', 'B98', 'B99', 'B100', 'B101', 'B102', 'B103', 'B104', 'B105', 'B106', 'B107', 'B108']
These residues will be fixed:  []
Designing HOMO-OLIGOMER
No ligand atoms parsed
Designing protein from this path: /wynton/home/rotation/geanhu/multi-state/data/string-sampling/combined/5KPE_4_8_8_combined.pdb
These residues will be redesigned:  ['A1', 'A2', 'A3', 'A4', 'A5', 'A6', 'A7', 'A8', 'A9', 'A10', 'A11', 'A12', 'A13', 'A14', 'A15', 'A16', 'A17', 'A18', 'A19', 'A20', 'A21', 'A22', 'A23', 'A24', 'A25', 'A26', 'A27', 'A28', 'A29', 'A30', 'A31', 'A32', 'A33', 'A34', 'A35', 'A36', 'A37', 'A38', 'A39', 'A40', 'A41', 'A42', 'A43', 'A44', 'A45', 'A46', 'A47', 'A48', 'A49', 'A50', 'A51', 'A52', 'A53', 'A54', 'A55', 'A56', 'A57', 'A58', 'A59', 'A60', 'A61', 'A62', 'A63', 'A64', 'A65', 'A66', 'A67', 'A68', 'A69', 'A70', 'A71', 'A72', 'A73', 'A74', 'A75', 'A76', 'A77', 'A78', 'A79', 'A80', 'A81', 'A82', 'A83', 'A84', 'A85', 'A86', 'A87', 'A88', 'A89', 'A90', 'A91', 'A92', 'A93', 'A94', 'A95', 'A96', 'A97', 'A98', 'A99', 'A100', 'A101', 'A102', 'A103', 'A104', 'A105', 'A106', 'A107', 'A108', 'B1', 'B2', 'B3', 'B4', 'B5', 'B6', 'B7', 'B8', 'B9', 'B10', 'B11', 'B12', 'B13', 'B14', 'B15', 'B16', 'B17', 'B18', 'B19', 'B20', 'B21', 'B22', 'B23', 'B24', 'B25', 'B26', 'B27', 'B28', 'B29', 'B30', 'B31', 'B32', 'B33', 'B34', 'B35', 'B36', 'B37', 'B38', 'B39', 'B40', 'B41', 'B42', 'B43', 'B44', 'B45', 'B46', 'B47', 'B48', 'B49', 'B50', 'B51', 'B52', 'B53', 'B54', 'B55', 'B56', 'B57', 'B58', 'B59', 'B60', 'B61', 'B62', 'B63', 'B64', 'B65', 'B66', 'B67', 'B68', 'B69', 'B70', 'B71', 'B72', 'B73', 'B74', 'B75', 'B76', 'B77', 'B78', 'B79', 'B80', 'B81', 'B82', 'B83', 'B84', 'B85', 'B86', 'B87', 'B88', 'B89', 'B90', 'B91', 'B92', 'B93', 'B94', 'B95', 'B96', 'B97', 'B98', 'B99', 'B100', 'B101', 'B102', 'B103', 'B104', 'B105', 'B106', 'B107', 'B108']
These residues will be fixed:  []
Designing HOMO-OLIGOMER
No ligand atoms parsed
Designing protein from this path: /wynton/home/rotation/geanhu/multi-state/data/string-sampling/combined/5KPE_4_8_9_combined.pdb
These residues will be redesigned:  ['A1', 'A2', 'A3', 'A4', 'A5', 'A6', 'A7', 'A8', 'A9', 'A10', 'A11', 'A12', 'A13', 'A14', 'A15', 'A16', 'A17', 'A18', 'A19', 'A20', 'A21', 'A22', 'A23', 'A24', 'A25', 'A26', 'A27', 'A28', 'A29', 'A30', 'A31', 'A32', 'A33', 'A34', 'A35', 'A36', 'A37', 'A38', 'A39', 'A40', 'A41', 'A42', 'A43', 'A44', 'A45', 'A46', 'A47', 'A48', 'A49', 'A50', 'A51', 'A52', 'A53', 'A54', 'A55', 'A56', 'A57', 'A58', 'A59', 'A60', 'A61', 'A62', 'A63', 'A64', 'A65', 'A66', 'A67', 'A68', 'A69', 'A70', 'A71', 'A72', 'A73', 'A74', 'A75', 'A76', 'A77', 'A78', 'A79', 'A80', 'A81', 'A82', 'A83', 'A84', 'A85', 'A86', 'A87', 'A88', 'A89', 'A90', 'A91', 'A92', 'A93', 'A94', 'A95', 'A96', 'A97', 'A98', 'A99', 'A100', 'A101', 'A102', 'A103', 'A104', 'A105', 'A106', 'A107', 'A108', 'B1', 'B2', 'B3', 'B4', 'B5', 'B6', 'B7', 'B8', 'B9', 'B10', 'B11', 'B12', 'B13', 'B14', 'B15', 'B16', 'B17', 'B18', 'B19', 'B20', 'B21', 'B22', 'B23', 'B24', 'B25', 'B26', 'B27', 'B28', 'B29', 'B30', 'B31', 'B32', 'B33', 'B34', 'B35', 'B36', 'B37', 'B38', 'B39', 'B40', 'B41', 'B42', 'B43', 'B44', 'B45', 'B46', 'B47', 'B48', 'B49', 'B50', 'B51', 'B52', 'B53', 'B54', 'B55', 'B56', 'B57', 'B58', 'B59', 'B60', 'B61', 'B62', 'B63', 'B64', 'B65', 'B66', 'B67', 'B68', 'B69', 'B70', 'B71', 'B72', 'B73', 'B74', 'B75', 'B76', 'B77', 'B78', 'B79', 'B80', 'B81', 'B82', 'B83', 'B84', 'B85', 'B86', 'B87', 'B88', 'B89', 'B90', 'B91', 'B92', 'B93', 'B94', 'B95', 'B96', 'B97', 'B98', 'B99', 'B100', 'B101', 'B102', 'B103', 'B104', 'B105', 'B106', 'B107', 'B108']
These residues will be fixed:  []
Designing HOMO-OLIGOMER
No ligand atoms parsed
Designing protein from this path: /wynton/home/rotation/geanhu/multi-state/data/string-sampling/combined/5KPE_6_2_0_combined.pdb
These residues will be redesigned:  ['A1', 'A2', 'A3', 'A4', 'A5', 'A6', 'A7', 'A8', 'A9', 'A10', 'A11', 'A12', 'A13', 'A14', 'A15', 'A16', 'A17', 'A18', 'A19', 'A20', 'A21', 'A22', 'A23', 'A24', 'A25', 'A26', 'A27', 'A28', 'A29', 'A30', 'A31', 'A32', 'A33', 'A34', 'A35', 'A36', 'A37', 'A38', 'A39', 'A40', 'A41', 'A42', 'A43', 'A44', 'A45', 'A46', 'A47', 'A48', 'A49', 'A50', 'A51', 'A52', 'A53', 'A54', 'A55', 'A56', 'A57', 'A58', 'A59', 'A60', 'A61', 'A62', 'A63', 'A64', 'A65', 'A66', 'A67', 'A68', 'A69', 'A70', 'A71', 'A72', 'A73', 'A74', 'A75', 'A76', 'A77', 'A78', 'A79', 'A80', 'A81', 'A82', 'A83', 'A84', 'A85', 'A86', 'A87', 'A88', 'A89', 'A90', 'A91', 'A92', 'A93', 'A94', 'A95', 'A96', 'A97', 'A98', 'A99', 'A100', 'A101', 'A102', 'A103', 'A104', 'A105', 'A106', 'A107', 'A108', 'B1', 'B2', 'B3', 'B4', 'B5', 'B6', 'B7', 'B8', 'B9', 'B10', 'B11', 'B12', 'B13', 'B14', 'B15', 'B16', 'B17', 'B18', 'B19', 'B20', 'B21', 'B22', 'B23', 'B24', 'B25', 'B26', 'B27', 'B28', 'B29', 'B30', 'B31', 'B32', 'B33', 'B34', 'B35', 'B36', 'B37', 'B38', 'B39', 'B40', 'B41', 'B42', 'B43', 'B44', 'B45', 'B46', 'B47', 'B48', 'B49', 'B50', 'B51', 'B52', 'B53', 'B54', 'B55', 'B56', 'B57', 'B58', 'B59', 'B60', 'B61', 'B62', 'B63', 'B64', 'B65', 'B66', 'B67', 'B68', 'B69', 'B70', 'B71', 'B72', 'B73', 'B74', 'B75', 'B76', 'B77', 'B78', 'B79', 'B80', 'B81', 'B82', 'B83', 'B84', 'B85', 'B86', 'B87', 'B88', 'B89', 'B90', 'B91', 'B92', 'B93', 'B94', 'B95', 'B96', 'B97', 'B98', 'B99', 'B100', 'B101', 'B102', 'B103', 'B104', 'B105', 'B106', 'B107', 'B108']
These residues will be fixed:  []
Designing HOMO-OLIGOMER
No ligand atoms parsed
Designing protein from this path: /wynton/home/rotation/geanhu/multi-state/data/string-sampling/combined/5KPE_6_4_6_combined.pdb
These residues will be redesigned:  ['A1', 'A2', 'A3', 'A4', 'A5', 'A6', 'A7', 'A8', 'A9', 'A10', 'A11', 'A12', 'A13', 'A14', 'A15', 'A16', 'A17', 'A18', 'A19', 'A20', 'A21', 'A22', 'A23', 'A24', 'A25', 'A26', 'A27', 'A28', 'A29', 'A30', 'A31', 'A32', 'A33', 'A34', 'A35', 'A36', 'A37', 'A38', 'A39', 'A40', 'A41', 'A42', 'A43', 'A44', 'A45', 'A46', 'A47', 'A48', 'A49', 'A50', 'A51', 'A52', 'A53', 'A54', 'A55', 'A56', 'A57', 'A58', 'A59', 'A60', 'A61', 'A62', 'A63', 'A64', 'A65', 'A66', 'A67', 'A68', 'A69', 'A70', 'A71', 'A72', 'A73', 'A74', 'A75', 'A76', 'A77', 'A78', 'A79', 'A80', 'A81', 'A82', 'A83', 'A84', 'A85', 'A86', 'A87', 'A88', 'A89', 'A90', 'A91', 'A92', 'A93', 'A94', 'A95', 'A96', 'A97', 'A98', 'A99', 'A100', 'A101', 'A102', 'A103', 'A104', 'A105', 'A106', 'A107', 'A108', 'B1', 'B2', 'B3', 'B4', 'B5', 'B6', 'B7', 'B8', 'B9', 'B10', 'B11', 'B12', 'B13', 'B14', 'B15', 'B16', 'B17', 'B18', 'B19', 'B20', 'B21', 'B22', 'B23', 'B24', 'B25', 'B26', 'B27', 'B28', 'B29', 'B30', 'B31', 'B32', 'B33', 'B34', 'B35', 'B36', 'B37', 'B38', 'B39', 'B40', 'B41', 'B42', 'B43', 'B44', 'B45', 'B46', 'B47', 'B48', 'B49', 'B50', 'B51', 'B52', 'B53', 'B54', 'B55', 'B56', 'B57', 'B58', 'B59', 'B60', 'B61', 'B62', 'B63', 'B64', 'B65', 'B66', 'B67', 'B68', 'B69', 'B70', 'B71', 'B72', 'B73', 'B74', 'B75', 'B76', 'B77', 'B78', 'B79', 'B80', 'B81', 'B82', 'B83', 'B84', 'B85', 'B86', 'B87', 'B88', 'B89', 'B90', 'B91', 'B92', 'B93', 'B94', 'B95', 'B96', 'B97', 'B98', 'B99', 'B100', 'B101', 'B102', 'B103', 'B104', 'B105', 'B106', 'B107', 'B108']
These residues will be fixed:  []
Designing HOMO-OLIGOMER
No ligand atoms parsed
Designing protein from this path: /wynton/home/rotation/geanhu/multi-state/data/string-sampling/combined/5KPE_6_4_7_combined.pdb
These residues will be redesigned:  ['A1', 'A2', 'A3', 'A4', 'A5', 'A6', 'A7', 'A8', 'A9', 'A10', 'A11', 'A12', 'A13', 'A14', 'A15', 'A16', 'A17', 'A18', 'A19', 'A20', 'A21', 'A22', 'A23', 'A24', 'A25', 'A26', 'A27', 'A28', 'A29', 'A30', 'A31', 'A32', 'A33', 'A34', 'A35', 'A36', 'A37', 'A38', 'A39', 'A40', 'A41', 'A42', 'A43', 'A44', 'A45', 'A46', 'A47', 'A48', 'A49', 'A50', 'A51', 'A52', 'A53', 'A54', 'A55', 'A56', 'A57', 'A58', 'A59', 'A60', 'A61', 'A62', 'A63', 'A64', 'A65', 'A66', 'A67', 'A68', 'A69', 'A70', 'A71', 'A72', 'A73', 'A74', 'A75', 'A76', 'A77', 'A78', 'A79', 'A80', 'A81', 'A82', 'A83', 'A84', 'A85', 'A86', 'A87', 'A88', 'A89', 'A90', 'A91', 'A92', 'A93', 'A94', 'A95', 'A96', 'A97', 'A98', 'A99', 'A100', 'A101', 'A102', 'A103', 'A104', 'A105', 'A106', 'A107', 'A108', 'B1', 'B2', 'B3', 'B4', 'B5', 'B6', 'B7', 'B8', 'B9', 'B10', 'B11', 'B12', 'B13', 'B14', 'B15', 'B16', 'B17', 'B18', 'B19', 'B20', 'B21', 'B22', 'B23', 'B24', 'B25', 'B26', 'B27', 'B28', 'B29', 'B30', 'B31', 'B32', 'B33', 'B34', 'B35', 'B36', 'B37', 'B38', 'B39', 'B40', 'B41', 'B42', 'B43', 'B44', 'B45', 'B46', 'B47', 'B48', 'B49', 'B50', 'B51', 'B52', 'B53', 'B54', 'B55', 'B56', 'B57', 'B58', 'B59', 'B60', 'B61', 'B62', 'B63', 'B64', 'B65', 'B66', 'B67', 'B68', 'B69', 'B70', 'B71', 'B72', 'B73', 'B74', 'B75', 'B76', 'B77', 'B78', 'B79', 'B80', 'B81', 'B82', 'B83', 'B84', 'B85', 'B86', 'B87', 'B88', 'B89', 'B90', 'B91', 'B92', 'B93', 'B94', 'B95', 'B96', 'B97', 'B98', 'B99', 'B100', 'B101', 'B102', 'B103', 'B104', 'B105', 'B106', 'B107', 'B108']
These residues will be fixed:  []
Designing HOMO-OLIGOMER
No ligand atoms parsed
Designing protein from this path: /wynton/home/rotation/geanhu/multi-state/data/string-sampling/combined/5KPE_6_6_2_combined.pdb
These residues will be redesigned:  ['A1', 'A2', 'A3', 'A4', 'A5', 'A6', 'A7', 'A8', 'A9', 'A10', 'A11', 'A12', 'A13', 'A14', 'A15', 'A16', 'A17', 'A18', 'A19', 'A20', 'A21', 'A22', 'A23', 'A24', 'A25', 'A26', 'A27', 'A28', 'A29', 'A30', 'A31', 'A32', 'A33', 'A34', 'A35', 'A36', 'A37', 'A38', 'A39', 'A40', 'A41', 'A42', 'A43', 'A44', 'A45', 'A46', 'A47', 'A48', 'A49', 'A50', 'A51', 'A52', 'A53', 'A54', 'A55', 'A56', 'A57', 'A58', 'A59', 'A60', 'A61', 'A62', 'A63', 'A64', 'A65', 'A66', 'A67', 'A68', 'A69', 'A70', 'A71', 'A72', 'A73', 'A74', 'A75', 'A76', 'A77', 'A78', 'A79', 'A80', 'A81', 'A82', 'A83', 'A84', 'A85', 'A86', 'A87', 'A88', 'A89', 'A90', 'A91', 'A92', 'A93', 'A94', 'A95', 'A96', 'A97', 'A98', 'A99', 'A100', 'A101', 'A102', 'A103', 'A104', 'A105', 'A106', 'A107', 'A108', 'B1', 'B2', 'B3', 'B4', 'B5', 'B6', 'B7', 'B8', 'B9', 'B10', 'B11', 'B12', 'B13', 'B14', 'B15', 'B16', 'B17', 'B18', 'B19', 'B20', 'B21', 'B22', 'B23', 'B24', 'B25', 'B26', 'B27', 'B28', 'B29', 'B30', 'B31', 'B32', 'B33', 'B34', 'B35', 'B36', 'B37', 'B38', 'B39', 'B40', 'B41', 'B42', 'B43', 'B44', 'B45', 'B46', 'B47', 'B48', 'B49', 'B50', 'B51', 'B52', 'B53', 'B54', 'B55', 'B56', 'B57', 'B58', 'B59', 'B60', 'B61', 'B62', 'B63', 'B64', 'B65', 'B66', 'B67', 'B68', 'B69', 'B70', 'B71', 'B72', 'B73', 'B74', 'B75', 'B76', 'B77', 'B78', 'B79', 'B80', 'B81', 'B82', 'B83', 'B84', 'B85', 'B86', 'B87', 'B88', 'B89', 'B90', 'B91', 'B92', 'B93', 'B94', 'B95', 'B96', 'B97', 'B98', 'B99', 'B100', 'B101', 'B102', 'B103', 'B104', 'B105', 'B106', 'B107', 'B108']
These residues will be fixed:  []
Designing HOMO-OLIGOMER
No ligand atoms parsed
Designing protein from this path: /wynton/home/rotation/geanhu/multi-state/data/string-sampling/combined/5KPE_6_6_8_combined.pdb
These residues will be redesigned:  ['A1', 'A2', 'A3', 'A4', 'A5', 'A6', 'A7', 'A8', 'A9', 'A10', 'A11', 'A12', 'A13', 'A14', 'A15', 'A16', 'A17', 'A18', 'A19', 'A20', 'A21', 'A22', 'A23', 'A24', 'A25', 'A26', 'A27', 'A28', 'A29', 'A30', 'A31', 'A32', 'A33', 'A34', 'A35', 'A36', 'A37', 'A38', 'A39', 'A40', 'A41', 'A42', 'A43', 'A44', 'A45', 'A46', 'A47', 'A48', 'A49', 'A50', 'A51', 'A52', 'A53', 'A54', 'A55', 'A56', 'A57', 'A58', 'A59', 'A60', 'A61', 'A62', 'A63', 'A64', 'A65', 'A66', 'A67', 'A68', 'A69', 'A70', 'A71', 'A72', 'A73', 'A74', 'A75', 'A76', 'A77', 'A78', 'A79', 'A80', 'A81', 'A82', 'A83', 'A84', 'A85', 'A86', 'A87', 'A88', 'A89', 'A90', 'A91', 'A92', 'A93', 'A94', 'A95', 'A96', 'A97', 'A98', 'A99', 'A100', 'A101', 'A102', 'A103', 'A104', 'A105', 'A106', 'A107', 'A108', 'B1', 'B2', 'B3', 'B4', 'B5', 'B6', 'B7', 'B8', 'B9', 'B10', 'B11', 'B12', 'B13', 'B14', 'B15', 'B16', 'B17', 'B18', 'B19', 'B20', 'B21', 'B22', 'B23', 'B24', 'B25', 'B26', 'B27', 'B28', 'B29', 'B30', 'B31', 'B32', 'B33', 'B34', 'B35', 'B36', 'B37', 'B38', 'B39', 'B40', 'B41', 'B42', 'B43', 'B44', 'B45', 'B46', 'B47', 'B48', 'B49', 'B50', 'B51', 'B52', 'B53', 'B54', 'B55', 'B56', 'B57', 'B58', 'B59', 'B60', 'B61', 'B62', 'B63', 'B64', 'B65', 'B66', 'B67', 'B68', 'B69', 'B70', 'B71', 'B72', 'B73', 'B74', 'B75', 'B76', 'B77', 'B78', 'B79', 'B80', 'B81', 'B82', 'B83', 'B84', 'B85', 'B86', 'B87', 'B88', 'B89', 'B90', 'B91', 'B92', 'B93', 'B94', 'B95', 'B96', 'B97', 'B98', 'B99', 'B100', 'B101', 'B102', 'B103', 'B104', 'B105', 'B106', 'B107', 'B108']
These residues will be fixed:  []
Designing HOMO-OLIGOMER
No ligand atoms parsed
Designing protein from this path: /wynton/home/rotation/geanhu/multi-state/data/string-sampling/combined/5KPE_6_8_5_combined.pdb
These residues will be redesigned:  ['A1', 'A2', 'A3', 'A4', 'A5', 'A6', 'A7', 'A8', 'A9', 'A10', 'A11', 'A12', 'A13', 'A14', 'A15', 'A16', 'A17', 'A18', 'A19', 'A20', 'A21', 'A22', 'A23', 'A24', 'A25', 'A26', 'A27', 'A28', 'A29', 'A30', 'A31', 'A32', 'A33', 'A34', 'A35', 'A36', 'A37', 'A38', 'A39', 'A40', 'A41', 'A42', 'A43', 'A44', 'A45', 'A46', 'A47', 'A48', 'A49', 'A50', 'A51', 'A52', 'A53', 'A54', 'A55', 'A56', 'A57', 'A58', 'A59', 'A60', 'A61', 'A62', 'A63', 'A64', 'A65', 'A66', 'A67', 'A68', 'A69', 'A70', 'A71', 'A72', 'A73', 'A74', 'A75', 'A76', 'A77', 'A78', 'A79', 'A80', 'A81', 'A82', 'A83', 'A84', 'A85', 'A86', 'A87', 'A88', 'A89', 'A90', 'A91', 'A92', 'A93', 'A94', 'A95', 'A96', 'A97', 'A98', 'A99', 'A100', 'A101', 'A102', 'A103', 'A104', 'A105', 'A106', 'A107', 'A108', 'B1', 'B2', 'B3', 'B4', 'B5', 'B6', 'B7', 'B8', 'B9', 'B10', 'B11', 'B12', 'B13', 'B14', 'B15', 'B16', 'B17', 'B18', 'B19', 'B20', 'B21', 'B22', 'B23', 'B24', 'B25', 'B26', 'B27', 'B28', 'B29', 'B30', 'B31', 'B32', 'B33', 'B34', 'B35', 'B36', 'B37', 'B38', 'B39', 'B40', 'B41', 'B42', 'B43', 'B44', 'B45', 'B46', 'B47', 'B48', 'B49', 'B50', 'B51', 'B52', 'B53', 'B54', 'B55', 'B56', 'B57', 'B58', 'B59', 'B60', 'B61', 'B62', 'B63', 'B64', 'B65', 'B66', 'B67', 'B68', 'B69', 'B70', 'B71', 'B72', 'B73', 'B74', 'B75', 'B76', 'B77', 'B78', 'B79', 'B80', 'B81', 'B82', 'B83', 'B84', 'B85', 'B86', 'B87', 'B88', 'B89', 'B90', 'B91', 'B92', 'B93', 'B94', 'B95', 'B96', 'B97', 'B98', 'B99', 'B100', 'B101', 'B102', 'B103', 'B104', 'B105', 'B106', 'B107', 'B108']
These residues will be fixed:  []
Designing HOMO-OLIGOMER
No ligand atoms parsed
Designing protein from this path: /wynton/home/rotation/geanhu/multi-state/data/string-sampling/combined/5KPE_8_2_7_combined.pdb
These residues will be redesigned:  ['A1', 'A2', 'A3', 'A4', 'A5', 'A6', 'A7', 'A8', 'A9', 'A10', 'A11', 'A12', 'A13', 'A14', 'A15', 'A16', 'A17', 'A18', 'A19', 'A20', 'A21', 'A22', 'A23', 'A24', 'A25', 'A26', 'A27', 'A28', 'A29', 'A30', 'A31', 'A32', 'A33', 'A34', 'A35', 'A36', 'A37', 'A38', 'A39', 'A40', 'A41', 'A42', 'A43', 'A44', 'A45', 'A46', 'A47', 'A48', 'A49', 'A50', 'A51', 'A52', 'A53', 'A54', 'A55', 'A56', 'A57', 'A58', 'A59', 'A60', 'A61', 'A62', 'A63', 'A64', 'A65', 'A66', 'A67', 'A68', 'A69', 'A70', 'A71', 'A72', 'A73', 'A74', 'A75', 'A76', 'A77', 'A78', 'A79', 'A80', 'A81', 'A82', 'A83', 'A84', 'A85', 'A86', 'A87', 'A88', 'A89', 'A90', 'A91', 'A92', 'A93', 'A94', 'A95', 'A96', 'A97', 'A98', 'A99', 'A100', 'A101', 'A102', 'A103', 'A104', 'A105', 'A106', 'A107', 'A108', 'B1', 'B2', 'B3', 'B4', 'B5', 'B6', 'B7', 'B8', 'B9', 'B10', 'B11', 'B12', 'B13', 'B14', 'B15', 'B16', 'B17', 'B18', 'B19', 'B20', 'B21', 'B22', 'B23', 'B24', 'B25', 'B26', 'B27', 'B28', 'B29', 'B30', 'B31', 'B32', 'B33', 'B34', 'B35', 'B36', 'B37', 'B38', 'B39', 'B40', 'B41', 'B42', 'B43', 'B44', 'B45', 'B46', 'B47', 'B48', 'B49', 'B50', 'B51', 'B52', 'B53', 'B54', 'B55', 'B56', 'B57', 'B58', 'B59', 'B60', 'B61', 'B62', 'B63', 'B64', 'B65', 'B66', 'B67', 'B68', 'B69', 'B70', 'B71', 'B72', 'B73', 'B74', 'B75', 'B76', 'B77', 'B78', 'B79', 'B80', 'B81', 'B82', 'B83', 'B84', 'B85', 'B86', 'B87', 'B88', 'B89', 'B90', 'B91', 'B92', 'B93', 'B94', 'B95', 'B96', 'B97', 'B98', 'B99', 'B100', 'B101', 'B102', 'B103', 'B104', 'B105', 'B106', 'B107', 'B108']
These residues will be fixed:  []
Designing HOMO-OLIGOMER
No ligand atoms parsed
Designing protein from this path: /wynton/home/rotation/geanhu/multi-state/data/string-sampling/combined/5KPH_2_2_0_combined.pdb
These residues will be redesigned:  ['A1', 'A2', 'A3', 'A4', 'A5', 'A6', 'A7', 'A8', 'A9', 'A10', 'A11', 'A12', 'A13', 'A14', 'A15', 'A16', 'A17', 'A18', 'A19', 'A20', 'A21', 'A22', 'A23', 'A24', 'A25', 'A26', 'A27', 'A28', 'A29', 'A30', 'A31', 'A32', 'A33', 'A34', 'A35', 'A36', 'A37', 'A38', 'A39', 'A40', 'A41', 'A42', 'A43', 'A44', 'A45', 'A46', 'A47', 'A48', 'A49', 'A50', 'A51', 'A52', 'A53', 'A54', 'A55', 'A56', 'A57', 'A58', 'A59', 'A60', 'A61', 'A62', 'A63', 'A64', 'A65', 'A66', 'A67', 'A68', 'A69', 'A70', 'A71', 'A72', 'B1', 'B2', 'B3', 'B4', 'B5', 'B6', 'B7', 'B8', 'B9', 'B10', 'B11', 'B12', 'B13', 'B14', 'B15', 'B16', 'B17', 'B18', 'B19', 'B20', 'B21', 'B22', 'B23', 'B24', 'B25', 'B26', 'B27', 'B28', 'B29', 'B30', 'B31', 'B32', 'B33', 'B34', 'B35', 'B36', 'B37', 'B38', 'B39', 'B40', 'B41', 'B42', 'B43', 'B44', 'B45', 'B46', 'B47', 'B48', 'B49', 'B50', 'B51', 'B52', 'B53', 'B54', 'B55', 'B56', 'B57', 'B58', 'B59', 'B60', 'B61', 'B62', 'B63', 'B64', 'B65', 'B66', 'B67', 'B68', 'B69', 'B70', 'B71', 'B72']
These residues will be fixed:  []
Designing HOMO-OLIGOMER
No ligand atoms parsed
Designing protein from this path: /wynton/home/rotation/geanhu/multi-state/data/string-sampling/combined/5KPH_2_2_1_combined.pdb
These residues will be redesigned:  ['A1', 'A2', 'A3', 'A4', 'A5', 'A6', 'A7', 'A8', 'A9', 'A10', 'A11', 'A12', 'A13', 'A14', 'A15', 'A16', 'A17', 'A18', 'A19', 'A20', 'A21', 'A22', 'A23', 'A24', 'A25', 'A26', 'A27', 'A28', 'A29', 'A30', 'A31', 'A32', 'A33', 'A34', 'A35', 'A36', 'A37', 'A38', 'A39', 'A40', 'A41', 'A42', 'A43', 'A44', 'A45', 'A46', 'A47', 'A48', 'A49', 'A50', 'A51', 'A52', 'A53', 'A54', 'A55', 'A56', 'A57', 'A58', 'A59', 'A60', 'A61', 'A62', 'A63', 'A64', 'A65', 'A66', 'A67', 'A68', 'A69', 'A70', 'A71', 'A72', 'B1', 'B2', 'B3', 'B4', 'B5', 'B6', 'B7', 'B8', 'B9', 'B10', 'B11', 'B12', 'B13', 'B14', 'B15', 'B16', 'B17', 'B18', 'B19', 'B20', 'B21', 'B22', 'B23', 'B24', 'B25', 'B26', 'B27', 'B28', 'B29', 'B30', 'B31', 'B32', 'B33', 'B34', 'B35', 'B36', 'B37', 'B38', 'B39', 'B40', 'B41', 'B42', 'B43', 'B44', 'B45', 'B46', 'B47', 'B48', 'B49', 'B50', 'B51', 'B52', 'B53', 'B54', 'B55', 'B56', 'B57', 'B58', 'B59', 'B60', 'B61', 'B62', 'B63', 'B64', 'B65', 'B66', 'B67', 'B68', 'B69', 'B70', 'B71', 'B72']
These residues will be fixed:  []
Designing HOMO-OLIGOMER
No ligand atoms parsed
Designing protein from this path: /wynton/home/rotation/geanhu/multi-state/data/string-sampling/combined/5KPH_2_2_2_combined.pdb
These residues will be redesigned:  ['A1', 'A2', 'A3', 'A4', 'A5', 'A6', 'A7', 'A8', 'A9', 'A10', 'A11', 'A12', 'A13', 'A14', 'A15', 'A16', 'A17', 'A18', 'A19', 'A20', 'A21', 'A22', 'A23', 'A24', 'A25', 'A26', 'A27', 'A28', 'A29', 'A30', 'A31', 'A32', 'A33', 'A34', 'A35', 'A36', 'A37', 'A38', 'A39', 'A40', 'A41', 'A42', 'A43', 'A44', 'A45', 'A46', 'A47', 'A48', 'A49', 'A50', 'A51', 'A52', 'A53', 'A54', 'A55', 'A56', 'A57', 'A58', 'A59', 'A60', 'A61', 'A62', 'A63', 'A64', 'A65', 'A66', 'A67', 'A68', 'A69', 'A70', 'A71', 'A72', 'B1', 'B2', 'B3', 'B4', 'B5', 'B6', 'B7', 'B8', 'B9', 'B10', 'B11', 'B12', 'B13', 'B14', 'B15', 'B16', 'B17', 'B18', 'B19', 'B20', 'B21', 'B22', 'B23', 'B24', 'B25', 'B26', 'B27', 'B28', 'B29', 'B30', 'B31', 'B32', 'B33', 'B34', 'B35', 'B36', 'B37', 'B38', 'B39', 'B40', 'B41', 'B42', 'B43', 'B44', 'B45', 'B46', 'B47', 'B48', 'B49', 'B50', 'B51', 'B52', 'B53', 'B54', 'B55', 'B56', 'B57', 'B58', 'B59', 'B60', 'B61', 'B62', 'B63', 'B64', 'B65', 'B66', 'B67', 'B68', 'B69', 'B70', 'B71', 'B72']
These residues will be fixed:  []
Designing HOMO-OLIGOMER
No ligand atoms parsed
Designing protein from this path: /wynton/home/rotation/geanhu/multi-state/data/string-sampling/combined/5KPH_2_2_3_combined.pdb
These residues will be redesigned:  ['A1', 'A2', 'A3', 'A4', 'A5', 'A6', 'A7', 'A8', 'A9', 'A10', 'A11', 'A12', 'A13', 'A14', 'A15', 'A16', 'A17', 'A18', 'A19', 'A20', 'A21', 'A22', 'A23', 'A24', 'A25', 'A26', 'A27', 'A28', 'A29', 'A30', 'A31', 'A32', 'A33', 'A34', 'A35', 'A36', 'A37', 'A38', 'A39', 'A40', 'A41', 'A42', 'A43', 'A44', 'A45', 'A46', 'A47', 'A48', 'A49', 'A50', 'A51', 'A52', 'A53', 'A54', 'A55', 'A56', 'A57', 'A58', 'A59', 'A60', 'A61', 'A62', 'A63', 'A64', 'A65', 'A66', 'A67', 'A68', 'A69', 'A70', 'A71', 'A72', 'B1', 'B2', 'B3', 'B4', 'B5', 'B6', 'B7', 'B8', 'B9', 'B10', 'B11', 'B12', 'B13', 'B14', 'B15', 'B16', 'B17', 'B18', 'B19', 'B20', 'B21', 'B22', 'B23', 'B24', 'B25', 'B26', 'B27', 'B28', 'B29', 'B30', 'B31', 'B32', 'B33', 'B34', 'B35', 'B36', 'B37', 'B38', 'B39', 'B40', 'B41', 'B42', 'B43', 'B44', 'B45', 'B46', 'B47', 'B48', 'B49', 'B50', 'B51', 'B52', 'B53', 'B54', 'B55', 'B56', 'B57', 'B58', 'B59', 'B60', 'B61', 'B62', 'B63', 'B64', 'B65', 'B66', 'B67', 'B68', 'B69', 'B70', 'B71', 'B72']
These residues will be fixed:  []
Designing HOMO-OLIGOMER
No ligand atoms parsed
Designing protein from this path: /wynton/home/rotation/geanhu/multi-state/data/string-sampling/combined/5KPH_2_2_4_combined.pdb
These residues will be redesigned:  ['A1', 'A2', 'A3', 'A4', 'A5', 'A6', 'A7', 'A8', 'A9', 'A10', 'A11', 'A12', 'A13', 'A14', 'A15', 'A16', 'A17', 'A18', 'A19', 'A20', 'A21', 'A22', 'A23', 'A24', 'A25', 'A26', 'A27', 'A28', 'A29', 'A30', 'A31', 'A32', 'A33', 'A34', 'A35', 'A36', 'A37', 'A38', 'A39', 'A40', 'A41', 'A42', 'A43', 'A44', 'A45', 'A46', 'A47', 'A48', 'A49', 'A50', 'A51', 'A52', 'A53', 'A54', 'A55', 'A56', 'A57', 'A58', 'A59', 'A60', 'A61', 'A62', 'A63', 'A64', 'A65', 'A66', 'A67', 'A68', 'A69', 'A70', 'A71', 'A72', 'B1', 'B2', 'B3', 'B4', 'B5', 'B6', 'B7', 'B8', 'B9', 'B10', 'B11', 'B12', 'B13', 'B14', 'B15', 'B16', 'B17', 'B18', 'B19', 'B20', 'B21', 'B22', 'B23', 'B24', 'B25', 'B26', 'B27', 'B28', 'B29', 'B30', 'B31', 'B32', 'B33', 'B34', 'B35', 'B36', 'B37', 'B38', 'B39', 'B40', 'B41', 'B42', 'B43', 'B44', 'B45', 'B46', 'B47', 'B48', 'B49', 'B50', 'B51', 'B52', 'B53', 'B54', 'B55', 'B56', 'B57', 'B58', 'B59', 'B60', 'B61', 'B62', 'B63', 'B64', 'B65', 'B66', 'B67', 'B68', 'B69', 'B70', 'B71', 'B72']
These residues will be fixed:  []
Designing HOMO-OLIGOMER
No ligand atoms parsed
Designing protein from this path: /wynton/home/rotation/geanhu/multi-state/data/string-sampling/combined/5KPH_2_2_5_combined.pdb
These residues will be redesigned:  ['A1', 'A2', 'A3', 'A4', 'A5', 'A6', 'A7', 'A8', 'A9', 'A10', 'A11', 'A12', 'A13', 'A14', 'A15', 'A16', 'A17', 'A18', 'A19', 'A20', 'A21', 'A22', 'A23', 'A24', 'A25', 'A26', 'A27', 'A28', 'A29', 'A30', 'A31', 'A32', 'A33', 'A34', 'A35', 'A36', 'A37', 'A38', 'A39', 'A40', 'A41', 'A42', 'A43', 'A44', 'A45', 'A46', 'A47', 'A48', 'A49', 'A50', 'A51', 'A52', 'A53', 'A54', 'A55', 'A56', 'A57', 'A58', 'A59', 'A60', 'A61', 'A62', 'A63', 'A64', 'A65', 'A66', 'A67', 'A68', 'A69', 'A70', 'A71', 'A72', 'B1', 'B2', 'B3', 'B4', 'B5', 'B6', 'B7', 'B8', 'B9', 'B10', 'B11', 'B12', 'B13', 'B14', 'B15', 'B16', 'B17', 'B18', 'B19', 'B20', 'B21', 'B22', 'B23', 'B24', 'B25', 'B26', 'B27', 'B28', 'B29', 'B30', 'B31', 'B32', 'B33', 'B34', 'B35', 'B36', 'B37', 'B38', 'B39', 'B40', 'B41', 'B42', 'B43', 'B44', 'B45', 'B46', 'B47', 'B48', 'B49', 'B50', 'B51', 'B52', 'B53', 'B54', 'B55', 'B56', 'B57', 'B58', 'B59', 'B60', 'B61', 'B62', 'B63', 'B64', 'B65', 'B66', 'B67', 'B68', 'B69', 'B70', 'B71', 'B72']
These residues will be fixed:  []
Designing HOMO-OLIGOMER
No ligand atoms parsed
Designing protein from this path: /wynton/home/rotation/geanhu/multi-state/data/string-sampling/combined/5KPH_2_2_6_combined.pdb
These residues will be redesigned:  ['A1', 'A2', 'A3', 'A4', 'A5', 'A6', 'A7', 'A8', 'A9', 'A10', 'A11', 'A12', 'A13', 'A14', 'A15', 'A16', 'A17', 'A18', 'A19', 'A20', 'A21', 'A22', 'A23', 'A24', 'A25', 'A26', 'A27', 'A28', 'A29', 'A30', 'A31', 'A32', 'A33', 'A34', 'A35', 'A36', 'A37', 'A38', 'A39', 'A40', 'A41', 'A42', 'A43', 'A44', 'A45', 'A46', 'A47', 'A48', 'A49', 'A50', 'A51', 'A52', 'A53', 'A54', 'A55', 'A56', 'A57', 'A58', 'A59', 'A60', 'A61', 'A62', 'A63', 'A64', 'A65', 'A66', 'A67', 'A68', 'A69', 'A70', 'A71', 'A72', 'B1', 'B2', 'B3', 'B4', 'B5', 'B6', 'B7', 'B8', 'B9', 'B10', 'B11', 'B12', 'B13', 'B14', 'B15', 'B16', 'B17', 'B18', 'B19', 'B20', 'B21', 'B22', 'B23', 'B24', 'B25', 'B26', 'B27', 'B28', 'B29', 'B30', 'B31', 'B32', 'B33', 'B34', 'B35', 'B36', 'B37', 'B38', 'B39', 'B40', 'B41', 'B42', 'B43', 'B44', 'B45', 'B46', 'B47', 'B48', 'B49', 'B50', 'B51', 'B52', 'B53', 'B54', 'B55', 'B56', 'B57', 'B58', 'B59', 'B60', 'B61', 'B62', 'B63', 'B64', 'B65', 'B66', 'B67', 'B68', 'B69', 'B70', 'B71', 'B72']
These residues will be fixed:  []
Designing HOMO-OLIGOMER
No ligand atoms parsed
Designing protein from this path: /wynton/home/rotation/geanhu/multi-state/data/string-sampling/combined/5KPH_2_2_7_combined.pdb
These residues will be redesigned:  ['A1', 'A2', 'A3', 'A4', 'A5', 'A6', 'A7', 'A8', 'A9', 'A10', 'A11', 'A12', 'A13', 'A14', 'A15', 'A16', 'A17', 'A18', 'A19', 'A20', 'A21', 'A22', 'A23', 'A24', 'A25', 'A26', 'A27', 'A28', 'A29', 'A30', 'A31', 'A32', 'A33', 'A34', 'A35', 'A36', 'A37', 'A38', 'A39', 'A40', 'A41', 'A42', 'A43', 'A44', 'A45', 'A46', 'A47', 'A48', 'A49', 'A50', 'A51', 'A52', 'A53', 'A54', 'A55', 'A56', 'A57', 'A58', 'A59', 'A60', 'A61', 'A62', 'A63', 'A64', 'A65', 'A66', 'A67', 'A68', 'A69', 'A70', 'A71', 'A72', 'B1', 'B2', 'B3', 'B4', 'B5', 'B6', 'B7', 'B8', 'B9', 'B10', 'B11', 'B12', 'B13', 'B14', 'B15', 'B16', 'B17', 'B18', 'B19', 'B20', 'B21', 'B22', 'B23', 'B24', 'B25', 'B26', 'B27', 'B28', 'B29', 'B30', 'B31', 'B32', 'B33', 'B34', 'B35', 'B36', 'B37', 'B38', 'B39', 'B40', 'B41', 'B42', 'B43', 'B44', 'B45', 'B46', 'B47', 'B48', 'B49', 'B50', 'B51', 'B52', 'B53', 'B54', 'B55', 'B56', 'B57', 'B58', 'B59', 'B60', 'B61', 'B62', 'B63', 'B64', 'B65', 'B66', 'B67', 'B68', 'B69', 'B70', 'B71', 'B72']
These residues will be fixed:  []
Designing HOMO-OLIGOMER
No ligand atoms parsed
Designing protein from this path: /wynton/home/rotation/geanhu/multi-state/data/string-sampling/combined/5KPH_2_2_8_combined.pdb
These residues will be redesigned:  ['A1', 'A2', 'A3', 'A4', 'A5', 'A6', 'A7', 'A8', 'A9', 'A10', 'A11', 'A12', 'A13', 'A14', 'A15', 'A16', 'A17', 'A18', 'A19', 'A20', 'A21', 'A22', 'A23', 'A24', 'A25', 'A26', 'A27', 'A28', 'A29', 'A30', 'A31', 'A32', 'A33', 'A34', 'A35', 'A36', 'A37', 'A38', 'A39', 'A40', 'A41', 'A42', 'A43', 'A44', 'A45', 'A46', 'A47', 'A48', 'A49', 'A50', 'A51', 'A52', 'A53', 'A54', 'A55', 'A56', 'A57', 'A58', 'A59', 'A60', 'A61', 'A62', 'A63', 'A64', 'A65', 'A66', 'A67', 'A68', 'A69', 'A70', 'A71', 'A72', 'B1', 'B2', 'B3', 'B4', 'B5', 'B6', 'B7', 'B8', 'B9', 'B10', 'B11', 'B12', 'B13', 'B14', 'B15', 'B16', 'B17', 'B18', 'B19', 'B20', 'B21', 'B22', 'B23', 'B24', 'B25', 'B26', 'B27', 'B28', 'B29', 'B30', 'B31', 'B32', 'B33', 'B34', 'B35', 'B36', 'B37', 'B38', 'B39', 'B40', 'B41', 'B42', 'B43', 'B44', 'B45', 'B46', 'B47', 'B48', 'B49', 'B50', 'B51', 'B52', 'B53', 'B54', 'B55', 'B56', 'B57', 'B58', 'B59', 'B60', 'B61', 'B62', 'B63', 'B64', 'B65', 'B66', 'B67', 'B68', 'B69', 'B70', 'B71', 'B72']
These residues will be fixed:  []
Designing HOMO-OLIGOMER
No ligand atoms parsed
Designing protein from this path: /wynton/home/rotation/geanhu/multi-state/data/string-sampling/combined/5KPH_2_2_9_combined.pdb
These residues will be redesigned:  ['A1', 'A2', 'A3', 'A4', 'A5', 'A6', 'A7', 'A8', 'A9', 'A10', 'A11', 'A12', 'A13', 'A14', 'A15', 'A16', 'A17', 'A18', 'A19', 'A20', 'A21', 'A22', 'A23', 'A24', 'A25', 'A26', 'A27', 'A28', 'A29', 'A30', 'A31', 'A32', 'A33', 'A34', 'A35', 'A36', 'A37', 'A38', 'A39', 'A40', 'A41', 'A42', 'A43', 'A44', 'A45', 'A46', 'A47', 'A48', 'A49', 'A50', 'A51', 'A52', 'A53', 'A54', 'A55', 'A56', 'A57', 'A58', 'A59', 'A60', 'A61', 'A62', 'A63', 'A64', 'A65', 'A66', 'A67', 'A68', 'A69', 'A70', 'A71', 'A72', 'B1', 'B2', 'B3', 'B4', 'B5', 'B6', 'B7', 'B8', 'B9', 'B10', 'B11', 'B12', 'B13', 'B14', 'B15', 'B16', 'B17', 'B18', 'B19', 'B20', 'B21', 'B22', 'B23', 'B24', 'B25', 'B26', 'B27', 'B28', 'B29', 'B30', 'B31', 'B32', 'B33', 'B34', 'B35', 'B36', 'B37', 'B38', 'B39', 'B40', 'B41', 'B42', 'B43', 'B44', 'B45', 'B46', 'B47', 'B48', 'B49', 'B50', 'B51', 'B52', 'B53', 'B54', 'B55', 'B56', 'B57', 'B58', 'B59', 'B60', 'B61', 'B62', 'B63', 'B64', 'B65', 'B66', 'B67', 'B68', 'B69', 'B70', 'B71', 'B72']
These residues will be fixed:  []
Designing HOMO-OLIGOMER
No ligand atoms parsed
Designing protein from this path: /wynton/home/rotation/geanhu/multi-state/data/string-sampling/combined/5KPH_2_4_0_combined.pdb
These residues will be redesigned:  ['A1', 'A2', 'A3', 'A4', 'A5', 'A6', 'A7', 'A8', 'A9', 'A10', 'A11', 'A12', 'A13', 'A14', 'A15', 'A16', 'A17', 'A18', 'A19', 'A20', 'A21', 'A22', 'A23', 'A24', 'A25', 'A26', 'A27', 'A28', 'A29', 'A30', 'A31', 'A32', 'A33', 'A34', 'A35', 'A36', 'A37', 'A38', 'A39', 'A40', 'A41', 'A42', 'A43', 'A44', 'A45', 'A46', 'A47', 'A48', 'A49', 'A50', 'A51', 'A52', 'A53', 'A54', 'A55', 'A56', 'A57', 'A58', 'A59', 'A60', 'A61', 'A62', 'A63', 'A64', 'A65', 'A66', 'A67', 'A68', 'A69', 'A70', 'A71', 'A72', 'B1', 'B2', 'B3', 'B4', 'B5', 'B6', 'B7', 'B8', 'B9', 'B10', 'B11', 'B12', 'B13', 'B14', 'B15', 'B16', 'B17', 'B18', 'B19', 'B20', 'B21', 'B22', 'B23', 'B24', 'B25', 'B26', 'B27', 'B28', 'B29', 'B30', 'B31', 'B32', 'B33', 'B34', 'B35', 'B36', 'B37', 'B38', 'B39', 'B40', 'B41', 'B42', 'B43', 'B44', 'B45', 'B46', 'B47', 'B48', 'B49', 'B50', 'B51', 'B52', 'B53', 'B54', 'B55', 'B56', 'B57', 'B58', 'B59', 'B60', 'B61', 'B62', 'B63', 'B64', 'B65', 'B66', 'B67', 'B68', 'B69', 'B70', 'B71', 'B72']
These residues will be fixed:  []
Designing HOMO-OLIGOMER
No ligand atoms parsed
Designing protein from this path: /wynton/home/rotation/geanhu/multi-state/data/string-sampling/combined/5KPH_2_4_1_combined.pdb
These residues will be redesigned:  ['A1', 'A2', 'A3', 'A4', 'A5', 'A6', 'A7', 'A8', 'A9', 'A10', 'A11', 'A12', 'A13', 'A14', 'A15', 'A16', 'A17', 'A18', 'A19', 'A20', 'A21', 'A22', 'A23', 'A24', 'A25', 'A26', 'A27', 'A28', 'A29', 'A30', 'A31', 'A32', 'A33', 'A34', 'A35', 'A36', 'A37', 'A38', 'A39', 'A40', 'A41', 'A42', 'A43', 'A44', 'A45', 'A46', 'A47', 'A48', 'A49', 'A50', 'A51', 'A52', 'A53', 'A54', 'A55', 'A56', 'A57', 'A58', 'A59', 'A60', 'A61', 'A62', 'A63', 'A64', 'A65', 'A66', 'A67', 'A68', 'A69', 'A70', 'A71', 'A72', 'B1', 'B2', 'B3', 'B4', 'B5', 'B6', 'B7', 'B8', 'B9', 'B10', 'B11', 'B12', 'B13', 'B14', 'B15', 'B16', 'B17', 'B18', 'B19', 'B20', 'B21', 'B22', 'B23', 'B24', 'B25', 'B26', 'B27', 'B28', 'B29', 'B30', 'B31', 'B32', 'B33', 'B34', 'B35', 'B36', 'B37', 'B38', 'B39', 'B40', 'B41', 'B42', 'B43', 'B44', 'B45', 'B46', 'B47', 'B48', 'B49', 'B50', 'B51', 'B52', 'B53', 'B54', 'B55', 'B56', 'B57', 'B58', 'B59', 'B60', 'B61', 'B62', 'B63', 'B64', 'B65', 'B66', 'B67', 'B68', 'B69', 'B70', 'B71', 'B72']
These residues will be fixed:  []
Designing HOMO-OLIGOMER
No ligand atoms parsed
Designing protein from this path: /wynton/home/rotation/geanhu/multi-state/data/string-sampling/combined/5KPH_2_4_2_combined.pdb
These residues will be redesigned:  ['A1', 'A2', 'A3', 'A4', 'A5', 'A6', 'A7', 'A8', 'A9', 'A10', 'A11', 'A12', 'A13', 'A14', 'A15', 'A16', 'A17', 'A18', 'A19', 'A20', 'A21', 'A22', 'A23', 'A24', 'A25', 'A26', 'A27', 'A28', 'A29', 'A30', 'A31', 'A32', 'A33', 'A34', 'A35', 'A36', 'A37', 'A38', 'A39', 'A40', 'A41', 'A42', 'A43', 'A44', 'A45', 'A46', 'A47', 'A48', 'A49', 'A50', 'A51', 'A52', 'A53', 'A54', 'A55', 'A56', 'A57', 'A58', 'A59', 'A60', 'A61', 'A62', 'A63', 'A64', 'A65', 'A66', 'A67', 'A68', 'A69', 'A70', 'A71', 'A72', 'B1', 'B2', 'B3', 'B4', 'B5', 'B6', 'B7', 'B8', 'B9', 'B10', 'B11', 'B12', 'B13', 'B14', 'B15', 'B16', 'B17', 'B18', 'B19', 'B20', 'B21', 'B22', 'B23', 'B24', 'B25', 'B26', 'B27', 'B28', 'B29', 'B30', 'B31', 'B32', 'B33', 'B34', 'B35', 'B36', 'B37', 'B38', 'B39', 'B40', 'B41', 'B42', 'B43', 'B44', 'B45', 'B46', 'B47', 'B48', 'B49', 'B50', 'B51', 'B52', 'B53', 'B54', 'B55', 'B56', 'B57', 'B58', 'B59', 'B60', 'B61', 'B62', 'B63', 'B64', 'B65', 'B66', 'B67', 'B68', 'B69', 'B70', 'B71', 'B72']
These residues will be fixed:  []
Designing HOMO-OLIGOMER
No ligand atoms parsed
Designing protein from this path: /wynton/home/rotation/geanhu/multi-state/data/string-sampling/combined/5KPH_2_4_3_combined.pdb
These residues will be redesigned:  ['A1', 'A2', 'A3', 'A4', 'A5', 'A6', 'A7', 'A8', 'A9', 'A10', 'A11', 'A12', 'A13', 'A14', 'A15', 'A16', 'A17', 'A18', 'A19', 'A20', 'A21', 'A22', 'A23', 'A24', 'A25', 'A26', 'A27', 'A28', 'A29', 'A30', 'A31', 'A32', 'A33', 'A34', 'A35', 'A36', 'A37', 'A38', 'A39', 'A40', 'A41', 'A42', 'A43', 'A44', 'A45', 'A46', 'A47', 'A48', 'A49', 'A50', 'A51', 'A52', 'A53', 'A54', 'A55', 'A56', 'A57', 'A58', 'A59', 'A60', 'A61', 'A62', 'A63', 'A64', 'A65', 'A66', 'A67', 'A68', 'A69', 'A70', 'A71', 'A72', 'B1', 'B2', 'B3', 'B4', 'B5', 'B6', 'B7', 'B8', 'B9', 'B10', 'B11', 'B12', 'B13', 'B14', 'B15', 'B16', 'B17', 'B18', 'B19', 'B20', 'B21', 'B22', 'B23', 'B24', 'B25', 'B26', 'B27', 'B28', 'B29', 'B30', 'B31', 'B32', 'B33', 'B34', 'B35', 'B36', 'B37', 'B38', 'B39', 'B40', 'B41', 'B42', 'B43', 'B44', 'B45', 'B46', 'B47', 'B48', 'B49', 'B50', 'B51', 'B52', 'B53', 'B54', 'B55', 'B56', 'B57', 'B58', 'B59', 'B60', 'B61', 'B62', 'B63', 'B64', 'B65', 'B66', 'B67', 'B68', 'B69', 'B70', 'B71', 'B72']
These residues will be fixed:  []
Designing HOMO-OLIGOMER
No ligand atoms parsed
Designing protein from this path: /wynton/home/rotation/geanhu/multi-state/data/string-sampling/combined/5KPH_2_4_4_combined.pdb
These residues will be redesigned:  ['A1', 'A2', 'A3', 'A4', 'A5', 'A6', 'A7', 'A8', 'A9', 'A10', 'A11', 'A12', 'A13', 'A14', 'A15', 'A16', 'A17', 'A18', 'A19', 'A20', 'A21', 'A22', 'A23', 'A24', 'A25', 'A26', 'A27', 'A28', 'A29', 'A30', 'A31', 'A32', 'A33', 'A34', 'A35', 'A36', 'A37', 'A38', 'A39', 'A40', 'A41', 'A42', 'A43', 'A44', 'A45', 'A46', 'A47', 'A48', 'A49', 'A50', 'A51', 'A52', 'A53', 'A54', 'A55', 'A56', 'A57', 'A58', 'A59', 'A60', 'A61', 'A62', 'A63', 'A64', 'A65', 'A66', 'A67', 'A68', 'A69', 'A70', 'A71', 'A72', 'B1', 'B2', 'B3', 'B4', 'B5', 'B6', 'B7', 'B8', 'B9', 'B10', 'B11', 'B12', 'B13', 'B14', 'B15', 'B16', 'B17', 'B18', 'B19', 'B20', 'B21', 'B22', 'B23', 'B24', 'B25', 'B26', 'B27', 'B28', 'B29', 'B30', 'B31', 'B32', 'B33', 'B34', 'B35', 'B36', 'B37', 'B38', 'B39', 'B40', 'B41', 'B42', 'B43', 'B44', 'B45', 'B46', 'B47', 'B48', 'B49', 'B50', 'B51', 'B52', 'B53', 'B54', 'B55', 'B56', 'B57', 'B58', 'B59', 'B60', 'B61', 'B62', 'B63', 'B64', 'B65', 'B66', 'B67', 'B68', 'B69', 'B70', 'B71', 'B72']
These residues will be fixed:  []
Designing HOMO-OLIGOMER
No ligand atoms parsed
Designing protein from this path: /wynton/home/rotation/geanhu/multi-state/data/string-sampling/combined/5KPH_2_4_5_combined.pdb
These residues will be redesigned:  ['A1', 'A2', 'A3', 'A4', 'A5', 'A6', 'A7', 'A8', 'A9', 'A10', 'A11', 'A12', 'A13', 'A14', 'A15', 'A16', 'A17', 'A18', 'A19', 'A20', 'A21', 'A22', 'A23', 'A24', 'A25', 'A26', 'A27', 'A28', 'A29', 'A30', 'A31', 'A32', 'A33', 'A34', 'A35', 'A36', 'A37', 'A38', 'A39', 'A40', 'A41', 'A42', 'A43', 'A44', 'A45', 'A46', 'A47', 'A48', 'A49', 'A50', 'A51', 'A52', 'A53', 'A54', 'A55', 'A56', 'A57', 'A58', 'A59', 'A60', 'A61', 'A62', 'A63', 'A64', 'A65', 'A66', 'A67', 'A68', 'A69', 'A70', 'A71', 'A72', 'B1', 'B2', 'B3', 'B4', 'B5', 'B6', 'B7', 'B8', 'B9', 'B10', 'B11', 'B12', 'B13', 'B14', 'B15', 'B16', 'B17', 'B18', 'B19', 'B20', 'B21', 'B22', 'B23', 'B24', 'B25', 'B26', 'B27', 'B28', 'B29', 'B30', 'B31', 'B32', 'B33', 'B34', 'B35', 'B36', 'B37', 'B38', 'B39', 'B40', 'B41', 'B42', 'B43', 'B44', 'B45', 'B46', 'B47', 'B48', 'B49', 'B50', 'B51', 'B52', 'B53', 'B54', 'B55', 'B56', 'B57', 'B58', 'B59', 'B60', 'B61', 'B62', 'B63', 'B64', 'B65', 'B66', 'B67', 'B68', 'B69', 'B70', 'B71', 'B72']
These residues will be fixed:  []
Designing HOMO-OLIGOMER
No ligand atoms parsed
Designing protein from this path: /wynton/home/rotation/geanhu/multi-state/data/string-sampling/combined/5KPH_2_4_6_combined.pdb
These residues will be redesigned:  ['A1', 'A2', 'A3', 'A4', 'A5', 'A6', 'A7', 'A8', 'A9', 'A10', 'A11', 'A12', 'A13', 'A14', 'A15', 'A16', 'A17', 'A18', 'A19', 'A20', 'A21', 'A22', 'A23', 'A24', 'A25', 'A26', 'A27', 'A28', 'A29', 'A30', 'A31', 'A32', 'A33', 'A34', 'A35', 'A36', 'A37', 'A38', 'A39', 'A40', 'A41', 'A42', 'A43', 'A44', 'A45', 'A46', 'A47', 'A48', 'A49', 'A50', 'A51', 'A52', 'A53', 'A54', 'A55', 'A56', 'A57', 'A58', 'A59', 'A60', 'A61', 'A62', 'A63', 'A64', 'A65', 'A66', 'A67', 'A68', 'A69', 'A70', 'A71', 'A72', 'B1', 'B2', 'B3', 'B4', 'B5', 'B6', 'B7', 'B8', 'B9', 'B10', 'B11', 'B12', 'B13', 'B14', 'B15', 'B16', 'B17', 'B18', 'B19', 'B20', 'B21', 'B22', 'B23', 'B24', 'B25', 'B26', 'B27', 'B28', 'B29', 'B30', 'B31', 'B32', 'B33', 'B34', 'B35', 'B36', 'B37', 'B38', 'B39', 'B40', 'B41', 'B42', 'B43', 'B44', 'B45', 'B46', 'B47', 'B48', 'B49', 'B50', 'B51', 'B52', 'B53', 'B54', 'B55', 'B56', 'B57', 'B58', 'B59', 'B60', 'B61', 'B62', 'B63', 'B64', 'B65', 'B66', 'B67', 'B68', 'B69', 'B70', 'B71', 'B72']
These residues will be fixed:  []
Designing HOMO-OLIGOMER
No ligand atoms parsed
Designing protein from this path: /wynton/home/rotation/geanhu/multi-state/data/string-sampling/combined/5KPH_2_4_7_combined.pdb
These residues will be redesigned:  ['A1', 'A2', 'A3', 'A4', 'A5', 'A6', 'A7', 'A8', 'A9', 'A10', 'A11', 'A12', 'A13', 'A14', 'A15', 'A16', 'A17', 'A18', 'A19', 'A20', 'A21', 'A22', 'A23', 'A24', 'A25', 'A26', 'A27', 'A28', 'A29', 'A30', 'A31', 'A32', 'A33', 'A34', 'A35', 'A36', 'A37', 'A38', 'A39', 'A40', 'A41', 'A42', 'A43', 'A44', 'A45', 'A46', 'A47', 'A48', 'A49', 'A50', 'A51', 'A52', 'A53', 'A54', 'A55', 'A56', 'A57', 'A58', 'A59', 'A60', 'A61', 'A62', 'A63', 'A64', 'A65', 'A66', 'A67', 'A68', 'A69', 'A70', 'A71', 'A72', 'B1', 'B2', 'B3', 'B4', 'B5', 'B6', 'B7', 'B8', 'B9', 'B10', 'B11', 'B12', 'B13', 'B14', 'B15', 'B16', 'B17', 'B18', 'B19', 'B20', 'B21', 'B22', 'B23', 'B24', 'B25', 'B26', 'B27', 'B28', 'B29', 'B30', 'B31', 'B32', 'B33', 'B34', 'B35', 'B36', 'B37', 'B38', 'B39', 'B40', 'B41', 'B42', 'B43', 'B44', 'B45', 'B46', 'B47', 'B48', 'B49', 'B50', 'B51', 'B52', 'B53', 'B54', 'B55', 'B56', 'B57', 'B58', 'B59', 'B60', 'B61', 'B62', 'B63', 'B64', 'B65', 'B66', 'B67', 'B68', 'B69', 'B70', 'B71', 'B72']
These residues will be fixed:  []
Designing HOMO-OLIGOMER
No ligand atoms parsed
Designing protein from this path: /wynton/home/rotation/geanhu/multi-state/data/string-sampling/combined/5KPH_2_4_8_combined.pdb
These residues will be redesigned:  ['A1', 'A2', 'A3', 'A4', 'A5', 'A6', 'A7', 'A8', 'A9', 'A10', 'A11', 'A12', 'A13', 'A14', 'A15', 'A16', 'A17', 'A18', 'A19', 'A20', 'A21', 'A22', 'A23', 'A24', 'A25', 'A26', 'A27', 'A28', 'A29', 'A30', 'A31', 'A32', 'A33', 'A34', 'A35', 'A36', 'A37', 'A38', 'A39', 'A40', 'A41', 'A42', 'A43', 'A44', 'A45', 'A46', 'A47', 'A48', 'A49', 'A50', 'A51', 'A52', 'A53', 'A54', 'A55', 'A56', 'A57', 'A58', 'A59', 'A60', 'A61', 'A62', 'A63', 'A64', 'A65', 'A66', 'A67', 'A68', 'A69', 'A70', 'A71', 'A72', 'B1', 'B2', 'B3', 'B4', 'B5', 'B6', 'B7', 'B8', 'B9', 'B10', 'B11', 'B12', 'B13', 'B14', 'B15', 'B16', 'B17', 'B18', 'B19', 'B20', 'B21', 'B22', 'B23', 'B24', 'B25', 'B26', 'B27', 'B28', 'B29', 'B30', 'B31', 'B32', 'B33', 'B34', 'B35', 'B36', 'B37', 'B38', 'B39', 'B40', 'B41', 'B42', 'B43', 'B44', 'B45', 'B46', 'B47', 'B48', 'B49', 'B50', 'B51', 'B52', 'B53', 'B54', 'B55', 'B56', 'B57', 'B58', 'B59', 'B60', 'B61', 'B62', 'B63', 'B64', 'B65', 'B66', 'B67', 'B68', 'B69', 'B70', 'B71', 'B72']
These residues will be fixed:  []
Designing HOMO-OLIGOMER
No ligand atoms parsed
Designing protein from this path: /wynton/home/rotation/geanhu/multi-state/data/string-sampling/combined/5KPH_2_4_9_combined.pdb
These residues will be redesigned:  ['A1', 'A2', 'A3', 'A4', 'A5', 'A6', 'A7', 'A8', 'A9', 'A10', 'A11', 'A12', 'A13', 'A14', 'A15', 'A16', 'A17', 'A18', 'A19', 'A20', 'A21', 'A22', 'A23', 'A24', 'A25', 'A26', 'A27', 'A28', 'A29', 'A30', 'A31', 'A32', 'A33', 'A34', 'A35', 'A36', 'A37', 'A38', 'A39', 'A40', 'A41', 'A42', 'A43', 'A44', 'A45', 'A46', 'A47', 'A48', 'A49', 'A50', 'A51', 'A52', 'A53', 'A54', 'A55', 'A56', 'A57', 'A58', 'A59', 'A60', 'A61', 'A62', 'A63', 'A64', 'A65', 'A66', 'A67', 'A68', 'A69', 'A70', 'A71', 'A72', 'B1', 'B2', 'B3', 'B4', 'B5', 'B6', 'B7', 'B8', 'B9', 'B10', 'B11', 'B12', 'B13', 'B14', 'B15', 'B16', 'B17', 'B18', 'B19', 'B20', 'B21', 'B22', 'B23', 'B24', 'B25', 'B26', 'B27', 'B28', 'B29', 'B30', 'B31', 'B32', 'B33', 'B34', 'B35', 'B36', 'B37', 'B38', 'B39', 'B40', 'B41', 'B42', 'B43', 'B44', 'B45', 'B46', 'B47', 'B48', 'B49', 'B50', 'B51', 'B52', 'B53', 'B54', 'B55', 'B56', 'B57', 'B58', 'B59', 'B60', 'B61', 'B62', 'B63', 'B64', 'B65', 'B66', 'B67', 'B68', 'B69', 'B70', 'B71', 'B72']
These residues will be fixed:  []
Designing HOMO-OLIGOMER
No ligand atoms parsed
Designing protein from this path: /wynton/home/rotation/geanhu/multi-state/data/string-sampling/combined/5KPH_2_6_0_combined.pdb
These residues will be redesigned:  ['A1', 'A2', 'A3', 'A4', 'A5', 'A6', 'A7', 'A8', 'A9', 'A10', 'A11', 'A12', 'A13', 'A14', 'A15', 'A16', 'A17', 'A18', 'A19', 'A20', 'A21', 'A22', 'A23', 'A24', 'A25', 'A26', 'A27', 'A28', 'A29', 'A30', 'A31', 'A32', 'A33', 'A34', 'A35', 'A36', 'A37', 'A38', 'A39', 'A40', 'A41', 'A42', 'A43', 'A44', 'A45', 'A46', 'A47', 'A48', 'A49', 'A50', 'A51', 'A52', 'A53', 'A54', 'A55', 'A56', 'A57', 'A58', 'A59', 'A60', 'A61', 'A62', 'A63', 'A64', 'A65', 'A66', 'A67', 'A68', 'A69', 'A70', 'A71', 'A72', 'B1', 'B2', 'B3', 'B4', 'B5', 'B6', 'B7', 'B8', 'B9', 'B10', 'B11', 'B12', 'B13', 'B14', 'B15', 'B16', 'B17', 'B18', 'B19', 'B20', 'B21', 'B22', 'B23', 'B24', 'B25', 'B26', 'B27', 'B28', 'B29', 'B30', 'B31', 'B32', 'B33', 'B34', 'B35', 'B36', 'B37', 'B38', 'B39', 'B40', 'B41', 'B42', 'B43', 'B44', 'B45', 'B46', 'B47', 'B48', 'B49', 'B50', 'B51', 'B52', 'B53', 'B54', 'B55', 'B56', 'B57', 'B58', 'B59', 'B60', 'B61', 'B62', 'B63', 'B64', 'B65', 'B66', 'B67', 'B68', 'B69', 'B70', 'B71', 'B72']
These residues will be fixed:  []
Designing HOMO-OLIGOMER
No ligand atoms parsed
Designing protein from this path: /wynton/home/rotation/geanhu/multi-state/data/string-sampling/combined/5KPH_2_6_1_combined.pdb
These residues will be redesigned:  ['A1', 'A2', 'A3', 'A4', 'A5', 'A6', 'A7', 'A8', 'A9', 'A10', 'A11', 'A12', 'A13', 'A14', 'A15', 'A16', 'A17', 'A18', 'A19', 'A20', 'A21', 'A22', 'A23', 'A24', 'A25', 'A26', 'A27', 'A28', 'A29', 'A30', 'A31', 'A32', 'A33', 'A34', 'A35', 'A36', 'A37', 'A38', 'A39', 'A40', 'A41', 'A42', 'A43', 'A44', 'A45', 'A46', 'A47', 'A48', 'A49', 'A50', 'A51', 'A52', 'A53', 'A54', 'A55', 'A56', 'A57', 'A58', 'A59', 'A60', 'A61', 'A62', 'A63', 'A64', 'A65', 'A66', 'A67', 'A68', 'A69', 'A70', 'A71', 'A72', 'B1', 'B2', 'B3', 'B4', 'B5', 'B6', 'B7', 'B8', 'B9', 'B10', 'B11', 'B12', 'B13', 'B14', 'B15', 'B16', 'B17', 'B18', 'B19', 'B20', 'B21', 'B22', 'B23', 'B24', 'B25', 'B26', 'B27', 'B28', 'B29', 'B30', 'B31', 'B32', 'B33', 'B34', 'B35', 'B36', 'B37', 'B38', 'B39', 'B40', 'B41', 'B42', 'B43', 'B44', 'B45', 'B46', 'B47', 'B48', 'B49', 'B50', 'B51', 'B52', 'B53', 'B54', 'B55', 'B56', 'B57', 'B58', 'B59', 'B60', 'B61', 'B62', 'B63', 'B64', 'B65', 'B66', 'B67', 'B68', 'B69', 'B70', 'B71', 'B72']
These residues will be fixed:  []
Designing HOMO-OLIGOMER
No ligand atoms parsed
Designing protein from this path: /wynton/home/rotation/geanhu/multi-state/data/string-sampling/combined/5KPH_2_6_2_combined.pdb
These residues will be redesigned:  ['A1', 'A2', 'A3', 'A4', 'A5', 'A6', 'A7', 'A8', 'A9', 'A10', 'A11', 'A12', 'A13', 'A14', 'A15', 'A16', 'A17', 'A18', 'A19', 'A20', 'A21', 'A22', 'A23', 'A24', 'A25', 'A26', 'A27', 'A28', 'A29', 'A30', 'A31', 'A32', 'A33', 'A34', 'A35', 'A36', 'A37', 'A38', 'A39', 'A40', 'A41', 'A42', 'A43', 'A44', 'A45', 'A46', 'A47', 'A48', 'A49', 'A50', 'A51', 'A52', 'A53', 'A54', 'A55', 'A56', 'A57', 'A58', 'A59', 'A60', 'A61', 'A62', 'A63', 'A64', 'A65', 'A66', 'A67', 'A68', 'A69', 'A70', 'A71', 'A72', 'B1', 'B2', 'B3', 'B4', 'B5', 'B6', 'B7', 'B8', 'B9', 'B10', 'B11', 'B12', 'B13', 'B14', 'B15', 'B16', 'B17', 'B18', 'B19', 'B20', 'B21', 'B22', 'B23', 'B24', 'B25', 'B26', 'B27', 'B28', 'B29', 'B30', 'B31', 'B32', 'B33', 'B34', 'B35', 'B36', 'B37', 'B38', 'B39', 'B40', 'B41', 'B42', 'B43', 'B44', 'B45', 'B46', 'B47', 'B48', 'B49', 'B50', 'B51', 'B52', 'B53', 'B54', 'B55', 'B56', 'B57', 'B58', 'B59', 'B60', 'B61', 'B62', 'B63', 'B64', 'B65', 'B66', 'B67', 'B68', 'B69', 'B70', 'B71', 'B72']
These residues will be fixed:  []
Designing HOMO-OLIGOMER
No ligand atoms parsed
Designing protein from this path: /wynton/home/rotation/geanhu/multi-state/data/string-sampling/combined/5KPH_2_6_3_combined.pdb
These residues will be redesigned:  ['A1', 'A2', 'A3', 'A4', 'A5', 'A6', 'A7', 'A8', 'A9', 'A10', 'A11', 'A12', 'A13', 'A14', 'A15', 'A16', 'A17', 'A18', 'A19', 'A20', 'A21', 'A22', 'A23', 'A24', 'A25', 'A26', 'A27', 'A28', 'A29', 'A30', 'A31', 'A32', 'A33', 'A34', 'A35', 'A36', 'A37', 'A38', 'A39', 'A40', 'A41', 'A42', 'A43', 'A44', 'A45', 'A46', 'A47', 'A48', 'A49', 'A50', 'A51', 'A52', 'A53', 'A54', 'A55', 'A56', 'A57', 'A58', 'A59', 'A60', 'A61', 'A62', 'A63', 'A64', 'A65', 'A66', 'A67', 'A68', 'A69', 'A70', 'A71', 'A72', 'B1', 'B2', 'B3', 'B4', 'B5', 'B6', 'B7', 'B8', 'B9', 'B10', 'B11', 'B12', 'B13', 'B14', 'B15', 'B16', 'B17', 'B18', 'B19', 'B20', 'B21', 'B22', 'B23', 'B24', 'B25', 'B26', 'B27', 'B28', 'B29', 'B30', 'B31', 'B32', 'B33', 'B34', 'B35', 'B36', 'B37', 'B38', 'B39', 'B40', 'B41', 'B42', 'B43', 'B44', 'B45', 'B46', 'B47', 'B48', 'B49', 'B50', 'B51', 'B52', 'B53', 'B54', 'B55', 'B56', 'B57', 'B58', 'B59', 'B60', 'B61', 'B62', 'B63', 'B64', 'B65', 'B66', 'B67', 'B68', 'B69', 'B70', 'B71', 'B72']
These residues will be fixed:  []
Designing HOMO-OLIGOMER
No ligand atoms parsed
Designing protein from this path: /wynton/home/rotation/geanhu/multi-state/data/string-sampling/combined/5KPH_2_6_4_combined.pdb
These residues will be redesigned:  ['A1', 'A2', 'A3', 'A4', 'A5', 'A6', 'A7', 'A8', 'A9', 'A10', 'A11', 'A12', 'A13', 'A14', 'A15', 'A16', 'A17', 'A18', 'A19', 'A20', 'A21', 'A22', 'A23', 'A24', 'A25', 'A26', 'A27', 'A28', 'A29', 'A30', 'A31', 'A32', 'A33', 'A34', 'A35', 'A36', 'A37', 'A38', 'A39', 'A40', 'A41', 'A42', 'A43', 'A44', 'A45', 'A46', 'A47', 'A48', 'A49', 'A50', 'A51', 'A52', 'A53', 'A54', 'A55', 'A56', 'A57', 'A58', 'A59', 'A60', 'A61', 'A62', 'A63', 'A64', 'A65', 'A66', 'A67', 'A68', 'A69', 'A70', 'A71', 'A72', 'B1', 'B2', 'B3', 'B4', 'B5', 'B6', 'B7', 'B8', 'B9', 'B10', 'B11', 'B12', 'B13', 'B14', 'B15', 'B16', 'B17', 'B18', 'B19', 'B20', 'B21', 'B22', 'B23', 'B24', 'B25', 'B26', 'B27', 'B28', 'B29', 'B30', 'B31', 'B32', 'B33', 'B34', 'B35', 'B36', 'B37', 'B38', 'B39', 'B40', 'B41', 'B42', 'B43', 'B44', 'B45', 'B46', 'B47', 'B48', 'B49', 'B50', 'B51', 'B52', 'B53', 'B54', 'B55', 'B56', 'B57', 'B58', 'B59', 'B60', 'B61', 'B62', 'B63', 'B64', 'B65', 'B66', 'B67', 'B68', 'B69', 'B70', 'B71', 'B72']
These residues will be fixed:  []
Designing HOMO-OLIGOMER
No ligand atoms parsed
Designing protein from this path: /wynton/home/rotation/geanhu/multi-state/data/string-sampling/combined/5KPH_2_6_5_combined.pdb
These residues will be redesigned:  ['A1', 'A2', 'A3', 'A4', 'A5', 'A6', 'A7', 'A8', 'A9', 'A10', 'A11', 'A12', 'A13', 'A14', 'A15', 'A16', 'A17', 'A18', 'A19', 'A20', 'A21', 'A22', 'A23', 'A24', 'A25', 'A26', 'A27', 'A28', 'A29', 'A30', 'A31', 'A32', 'A33', 'A34', 'A35', 'A36', 'A37', 'A38', 'A39', 'A40', 'A41', 'A42', 'A43', 'A44', 'A45', 'A46', 'A47', 'A48', 'A49', 'A50', 'A51', 'A52', 'A53', 'A54', 'A55', 'A56', 'A57', 'A58', 'A59', 'A60', 'A61', 'A62', 'A63', 'A64', 'A65', 'A66', 'A67', 'A68', 'A69', 'A70', 'A71', 'A72', 'B1', 'B2', 'B3', 'B4', 'B5', 'B6', 'B7', 'B8', 'B9', 'B10', 'B11', 'B12', 'B13', 'B14', 'B15', 'B16', 'B17', 'B18', 'B19', 'B20', 'B21', 'B22', 'B23', 'B24', 'B25', 'B26', 'B27', 'B28', 'B29', 'B30', 'B31', 'B32', 'B33', 'B34', 'B35', 'B36', 'B37', 'B38', 'B39', 'B40', 'B41', 'B42', 'B43', 'B44', 'B45', 'B46', 'B47', 'B48', 'B49', 'B50', 'B51', 'B52', 'B53', 'B54', 'B55', 'B56', 'B57', 'B58', 'B59', 'B60', 'B61', 'B62', 'B63', 'B64', 'B65', 'B66', 'B67', 'B68', 'B69', 'B70', 'B71', 'B72']
These residues will be fixed:  []
Designing HOMO-OLIGOMER
No ligand atoms parsed
Designing protein from this path: /wynton/home/rotation/geanhu/multi-state/data/string-sampling/combined/5KPH_2_6_6_combined.pdb
These residues will be redesigned:  ['A1', 'A2', 'A3', 'A4', 'A5', 'A6', 'A7', 'A8', 'A9', 'A10', 'A11', 'A12', 'A13', 'A14', 'A15', 'A16', 'A17', 'A18', 'A19', 'A20', 'A21', 'A22', 'A23', 'A24', 'A25', 'A26', 'A27', 'A28', 'A29', 'A30', 'A31', 'A32', 'A33', 'A34', 'A35', 'A36', 'A37', 'A38', 'A39', 'A40', 'A41', 'A42', 'A43', 'A44', 'A45', 'A46', 'A47', 'A48', 'A49', 'A50', 'A51', 'A52', 'A53', 'A54', 'A55', 'A56', 'A57', 'A58', 'A59', 'A60', 'A61', 'A62', 'A63', 'A64', 'A65', 'A66', 'A67', 'A68', 'A69', 'A70', 'A71', 'A72', 'B1', 'B2', 'B3', 'B4', 'B5', 'B6', 'B7', 'B8', 'B9', 'B10', 'B11', 'B12', 'B13', 'B14', 'B15', 'B16', 'B17', 'B18', 'B19', 'B20', 'B21', 'B22', 'B23', 'B24', 'B25', 'B26', 'B27', 'B28', 'B29', 'B30', 'B31', 'B32', 'B33', 'B34', 'B35', 'B36', 'B37', 'B38', 'B39', 'B40', 'B41', 'B42', 'B43', 'B44', 'B45', 'B46', 'B47', 'B48', 'B49', 'B50', 'B51', 'B52', 'B53', 'B54', 'B55', 'B56', 'B57', 'B58', 'B59', 'B60', 'B61', 'B62', 'B63', 'B64', 'B65', 'B66', 'B67', 'B68', 'B69', 'B70', 'B71', 'B72']
These residues will be fixed:  []
Designing HOMO-OLIGOMER
No ligand atoms parsed
Designing protein from this path: /wynton/home/rotation/geanhu/multi-state/data/string-sampling/combined/5KPH_2_6_7_combined.pdb
These residues will be redesigned:  ['A1', 'A2', 'A3', 'A4', 'A5', 'A6', 'A7', 'A8', 'A9', 'A10', 'A11', 'A12', 'A13', 'A14', 'A15', 'A16', 'A17', 'A18', 'A19', 'A20', 'A21', 'A22', 'A23', 'A24', 'A25', 'A26', 'A27', 'A28', 'A29', 'A30', 'A31', 'A32', 'A33', 'A34', 'A35', 'A36', 'A37', 'A38', 'A39', 'A40', 'A41', 'A42', 'A43', 'A44', 'A45', 'A46', 'A47', 'A48', 'A49', 'A50', 'A51', 'A52', 'A53', 'A54', 'A55', 'A56', 'A57', 'A58', 'A59', 'A60', 'A61', 'A62', 'A63', 'A64', 'A65', 'A66', 'A67', 'A68', 'A69', 'A70', 'A71', 'A72', 'B1', 'B2', 'B3', 'B4', 'B5', 'B6', 'B7', 'B8', 'B9', 'B10', 'B11', 'B12', 'B13', 'B14', 'B15', 'B16', 'B17', 'B18', 'B19', 'B20', 'B21', 'B22', 'B23', 'B24', 'B25', 'B26', 'B27', 'B28', 'B29', 'B30', 'B31', 'B32', 'B33', 'B34', 'B35', 'B36', 'B37', 'B38', 'B39', 'B40', 'B41', 'B42', 'B43', 'B44', 'B45', 'B46', 'B47', 'B48', 'B49', 'B50', 'B51', 'B52', 'B53', 'B54', 'B55', 'B56', 'B57', 'B58', 'B59', 'B60', 'B61', 'B62', 'B63', 'B64', 'B65', 'B66', 'B67', 'B68', 'B69', 'B70', 'B71', 'B72']
These residues will be fixed:  []
Designing HOMO-OLIGOMER
No ligand atoms parsed
Designing protein from this path: /wynton/home/rotation/geanhu/multi-state/data/string-sampling/combined/5KPH_2_6_8_combined.pdb
These residues will be redesigned:  ['A1', 'A2', 'A3', 'A4', 'A5', 'A6', 'A7', 'A8', 'A9', 'A10', 'A11', 'A12', 'A13', 'A14', 'A15', 'A16', 'A17', 'A18', 'A19', 'A20', 'A21', 'A22', 'A23', 'A24', 'A25', 'A26', 'A27', 'A28', 'A29', 'A30', 'A31', 'A32', 'A33', 'A34', 'A35', 'A36', 'A37', 'A38', 'A39', 'A40', 'A41', 'A42', 'A43', 'A44', 'A45', 'A46', 'A47', 'A48', 'A49', 'A50', 'A51', 'A52', 'A53', 'A54', 'A55', 'A56', 'A57', 'A58', 'A59', 'A60', 'A61', 'A62', 'A63', 'A64', 'A65', 'A66', 'A67', 'A68', 'A69', 'A70', 'A71', 'A72', 'B1', 'B2', 'B3', 'B4', 'B5', 'B6', 'B7', 'B8', 'B9', 'B10', 'B11', 'B12', 'B13', 'B14', 'B15', 'B16', 'B17', 'B18', 'B19', 'B20', 'B21', 'B22', 'B23', 'B24', 'B25', 'B26', 'B27', 'B28', 'B29', 'B30', 'B31', 'B32', 'B33', 'B34', 'B35', 'B36', 'B37', 'B38', 'B39', 'B40', 'B41', 'B42', 'B43', 'B44', 'B45', 'B46', 'B47', 'B48', 'B49', 'B50', 'B51', 'B52', 'B53', 'B54', 'B55', 'B56', 'B57', 'B58', 'B59', 'B60', 'B61', 'B62', 'B63', 'B64', 'B65', 'B66', 'B67', 'B68', 'B69', 'B70', 'B71', 'B72']
These residues will be fixed:  []
Designing HOMO-OLIGOMER
No ligand atoms parsed
Designing protein from this path: /wynton/home/rotation/geanhu/multi-state/data/string-sampling/combined/5KPH_2_6_9_combined.pdb
These residues will be redesigned:  ['A1', 'A2', 'A3', 'A4', 'A5', 'A6', 'A7', 'A8', 'A9', 'A10', 'A11', 'A12', 'A13', 'A14', 'A15', 'A16', 'A17', 'A18', 'A19', 'A20', 'A21', 'A22', 'A23', 'A24', 'A25', 'A26', 'A27', 'A28', 'A29', 'A30', 'A31', 'A32', 'A33', 'A34', 'A35', 'A36', 'A37', 'A38', 'A39', 'A40', 'A41', 'A42', 'A43', 'A44', 'A45', 'A46', 'A47', 'A48', 'A49', 'A50', 'A51', 'A52', 'A53', 'A54', 'A55', 'A56', 'A57', 'A58', 'A59', 'A60', 'A61', 'A62', 'A63', 'A64', 'A65', 'A66', 'A67', 'A68', 'A69', 'A70', 'A71', 'A72', 'B1', 'B2', 'B3', 'B4', 'B5', 'B6', 'B7', 'B8', 'B9', 'B10', 'B11', 'B12', 'B13', 'B14', 'B15', 'B16', 'B17', 'B18', 'B19', 'B20', 'B21', 'B22', 'B23', 'B24', 'B25', 'B26', 'B27', 'B28', 'B29', 'B30', 'B31', 'B32', 'B33', 'B34', 'B35', 'B36', 'B37', 'B38', 'B39', 'B40', 'B41', 'B42', 'B43', 'B44', 'B45', 'B46', 'B47', 'B48', 'B49', 'B50', 'B51', 'B52', 'B53', 'B54', 'B55', 'B56', 'B57', 'B58', 'B59', 'B60', 'B61', 'B62', 'B63', 'B64', 'B65', 'B66', 'B67', 'B68', 'B69', 'B70', 'B71', 'B72']
These residues will be fixed:  []
Designing HOMO-OLIGOMER
No ligand atoms parsed
Designing protein from this path: /wynton/home/rotation/geanhu/multi-state/data/string-sampling/combined/5KPH_2_8_0_combined.pdb
These residues will be redesigned:  ['A1', 'A2', 'A3', 'A4', 'A5', 'A6', 'A7', 'A8', 'A9', 'A10', 'A11', 'A12', 'A13', 'A14', 'A15', 'A16', 'A17', 'A18', 'A19', 'A20', 'A21', 'A22', 'A23', 'A24', 'A25', 'A26', 'A27', 'A28', 'A29', 'A30', 'A31', 'A32', 'A33', 'A34', 'A35', 'A36', 'A37', 'A38', 'A39', 'A40', 'A41', 'A42', 'A43', 'A44', 'A45', 'A46', 'A47', 'A48', 'A49', 'A50', 'A51', 'A52', 'A53', 'A54', 'A55', 'A56', 'A57', 'A58', 'A59', 'A60', 'A61', 'A62', 'A63', 'A64', 'A65', 'A66', 'A67', 'A68', 'A69', 'A70', 'A71', 'A72', 'B1', 'B2', 'B3', 'B4', 'B5', 'B6', 'B7', 'B8', 'B9', 'B10', 'B11', 'B12', 'B13', 'B14', 'B15', 'B16', 'B17', 'B18', 'B19', 'B20', 'B21', 'B22', 'B23', 'B24', 'B25', 'B26', 'B27', 'B28', 'B29', 'B30', 'B31', 'B32', 'B33', 'B34', 'B35', 'B36', 'B37', 'B38', 'B39', 'B40', 'B41', 'B42', 'B43', 'B44', 'B45', 'B46', 'B47', 'B48', 'B49', 'B50', 'B51', 'B52', 'B53', 'B54', 'B55', 'B56', 'B57', 'B58', 'B59', 'B60', 'B61', 'B62', 'B63', 'B64', 'B65', 'B66', 'B67', 'B68', 'B69', 'B70', 'B71', 'B72']
These residues will be fixed:  []
Designing HOMO-OLIGOMER
No ligand atoms parsed
Designing protein from this path: /wynton/home/rotation/geanhu/multi-state/data/string-sampling/combined/5KPH_2_8_1_combined.pdb
These residues will be redesigned:  ['A1', 'A2', 'A3', 'A4', 'A5', 'A6', 'A7', 'A8', 'A9', 'A10', 'A11', 'A12', 'A13', 'A14', 'A15', 'A16', 'A17', 'A18', 'A19', 'A20', 'A21', 'A22', 'A23', 'A24', 'A25', 'A26', 'A27', 'A28', 'A29', 'A30', 'A31', 'A32', 'A33', 'A34', 'A35', 'A36', 'A37', 'A38', 'A39', 'A40', 'A41', 'A42', 'A43', 'A44', 'A45', 'A46', 'A47', 'A48', 'A49', 'A50', 'A51', 'A52', 'A53', 'A54', 'A55', 'A56', 'A57', 'A58', 'A59', 'A60', 'A61', 'A62', 'A63', 'A64', 'A65', 'A66', 'A67', 'A68', 'A69', 'A70', 'A71', 'A72', 'B1', 'B2', 'B3', 'B4', 'B5', 'B6', 'B7', 'B8', 'B9', 'B10', 'B11', 'B12', 'B13', 'B14', 'B15', 'B16', 'B17', 'B18', 'B19', 'B20', 'B21', 'B22', 'B23', 'B24', 'B25', 'B26', 'B27', 'B28', 'B29', 'B30', 'B31', 'B32', 'B33', 'B34', 'B35', 'B36', 'B37', 'B38', 'B39', 'B40', 'B41', 'B42', 'B43', 'B44', 'B45', 'B46', 'B47', 'B48', 'B49', 'B50', 'B51', 'B52', 'B53', 'B54', 'B55', 'B56', 'B57', 'B58', 'B59', 'B60', 'B61', 'B62', 'B63', 'B64', 'B65', 'B66', 'B67', 'B68', 'B69', 'B70', 'B71', 'B72']
These residues will be fixed:  []
Designing HOMO-OLIGOMER
No ligand atoms parsed
Designing protein from this path: /wynton/home/rotation/geanhu/multi-state/data/string-sampling/combined/5KPH_2_8_2_combined.pdb
These residues will be redesigned:  ['A1', 'A2', 'A3', 'A4', 'A5', 'A6', 'A7', 'A8', 'A9', 'A10', 'A11', 'A12', 'A13', 'A14', 'A15', 'A16', 'A17', 'A18', 'A19', 'A20', 'A21', 'A22', 'A23', 'A24', 'A25', 'A26', 'A27', 'A28', 'A29', 'A30', 'A31', 'A32', 'A33', 'A34', 'A35', 'A36', 'A37', 'A38', 'A39', 'A40', 'A41', 'A42', 'A43', 'A44', 'A45', 'A46', 'A47', 'A48', 'A49', 'A50', 'A51', 'A52', 'A53', 'A54', 'A55', 'A56', 'A57', 'A58', 'A59', 'A60', 'A61', 'A62', 'A63', 'A64', 'A65', 'A66', 'A67', 'A68', 'A69', 'A70', 'A71', 'A72', 'B1', 'B2', 'B3', 'B4', 'B5', 'B6', 'B7', 'B8', 'B9', 'B10', 'B11', 'B12', 'B13', 'B14', 'B15', 'B16', 'B17', 'B18', 'B19', 'B20', 'B21', 'B22', 'B23', 'B24', 'B25', 'B26', 'B27', 'B28', 'B29', 'B30', 'B31', 'B32', 'B33', 'B34', 'B35', 'B36', 'B37', 'B38', 'B39', 'B40', 'B41', 'B42', 'B43', 'B44', 'B45', 'B46', 'B47', 'B48', 'B49', 'B50', 'B51', 'B52', 'B53', 'B54', 'B55', 'B56', 'B57', 'B58', 'B59', 'B60', 'B61', 'B62', 'B63', 'B64', 'B65', 'B66', 'B67', 'B68', 'B69', 'B70', 'B71', 'B72']
These residues will be fixed:  []
Designing HOMO-OLIGOMER
No ligand atoms parsed
Designing protein from this path: /wynton/home/rotation/geanhu/multi-state/data/string-sampling/combined/5KPH_2_8_3_combined.pdb
These residues will be redesigned:  ['A1', 'A2', 'A3', 'A4', 'A5', 'A6', 'A7', 'A8', 'A9', 'A10', 'A11', 'A12', 'A13', 'A14', 'A15', 'A16', 'A17', 'A18', 'A19', 'A20', 'A21', 'A22', 'A23', 'A24', 'A25', 'A26', 'A27', 'A28', 'A29', 'A30', 'A31', 'A32', 'A33', 'A34', 'A35', 'A36', 'A37', 'A38', 'A39', 'A40', 'A41', 'A42', 'A43', 'A44', 'A45', 'A46', 'A47', 'A48', 'A49', 'A50', 'A51', 'A52', 'A53', 'A54', 'A55', 'A56', 'A57', 'A58', 'A59', 'A60', 'A61', 'A62', 'A63', 'A64', 'A65', 'A66', 'A67', 'A68', 'A69', 'A70', 'A71', 'A72', 'B1', 'B2', 'B3', 'B4', 'B5', 'B6', 'B7', 'B8', 'B9', 'B10', 'B11', 'B12', 'B13', 'B14', 'B15', 'B16', 'B17', 'B18', 'B19', 'B20', 'B21', 'B22', 'B23', 'B24', 'B25', 'B26', 'B27', 'B28', 'B29', 'B30', 'B31', 'B32', 'B33', 'B34', 'B35', 'B36', 'B37', 'B38', 'B39', 'B40', 'B41', 'B42', 'B43', 'B44', 'B45', 'B46', 'B47', 'B48', 'B49', 'B50', 'B51', 'B52', 'B53', 'B54', 'B55', 'B56', 'B57', 'B58', 'B59', 'B60', 'B61', 'B62', 'B63', 'B64', 'B65', 'B66', 'B67', 'B68', 'B69', 'B70', 'B71', 'B72']
These residues will be fixed:  []
Designing HOMO-OLIGOMER
No ligand atoms parsed
Designing protein from this path: /wynton/home/rotation/geanhu/multi-state/data/string-sampling/combined/5KPH_2_8_4_combined.pdb
These residues will be redesigned:  ['A1', 'A2', 'A3', 'A4', 'A5', 'A6', 'A7', 'A8', 'A9', 'A10', 'A11', 'A12', 'A13', 'A14', 'A15', 'A16', 'A17', 'A18', 'A19', 'A20', 'A21', 'A22', 'A23', 'A24', 'A25', 'A26', 'A27', 'A28', 'A29', 'A30', 'A31', 'A32', 'A33', 'A34', 'A35', 'A36', 'A37', 'A38', 'A39', 'A40', 'A41', 'A42', 'A43', 'A44', 'A45', 'A46', 'A47', 'A48', 'A49', 'A50', 'A51', 'A52', 'A53', 'A54', 'A55', 'A56', 'A57', 'A58', 'A59', 'A60', 'A61', 'A62', 'A63', 'A64', 'A65', 'A66', 'A67', 'A68', 'A69', 'A70', 'A71', 'A72', 'B1', 'B2', 'B3', 'B4', 'B5', 'B6', 'B7', 'B8', 'B9', 'B10', 'B11', 'B12', 'B13', 'B14', 'B15', 'B16', 'B17', 'B18', 'B19', 'B20', 'B21', 'B22', 'B23', 'B24', 'B25', 'B26', 'B27', 'B28', 'B29', 'B30', 'B31', 'B32', 'B33', 'B34', 'B35', 'B36', 'B37', 'B38', 'B39', 'B40', 'B41', 'B42', 'B43', 'B44', 'B45', 'B46', 'B47', 'B48', 'B49', 'B50', 'B51', 'B52', 'B53', 'B54', 'B55', 'B56', 'B57', 'B58', 'B59', 'B60', 'B61', 'B62', 'B63', 'B64', 'B65', 'B66', 'B67', 'B68', 'B69', 'B70', 'B71', 'B72']
These residues will be fixed:  []
Designing HOMO-OLIGOMER
No ligand atoms parsed
Designing protein from this path: /wynton/home/rotation/geanhu/multi-state/data/string-sampling/combined/5KPH_2_8_5_combined.pdb
These residues will be redesigned:  ['A1', 'A2', 'A3', 'A4', 'A5', 'A6', 'A7', 'A8', 'A9', 'A10', 'A11', 'A12', 'A13', 'A14', 'A15', 'A16', 'A17', 'A18', 'A19', 'A20', 'A21', 'A22', 'A23', 'A24', 'A25', 'A26', 'A27', 'A28', 'A29', 'A30', 'A31', 'A32', 'A33', 'A34', 'A35', 'A36', 'A37', 'A38', 'A39', 'A40', 'A41', 'A42', 'A43', 'A44', 'A45', 'A46', 'A47', 'A48', 'A49', 'A50', 'A51', 'A52', 'A53', 'A54', 'A55', 'A56', 'A57', 'A58', 'A59', 'A60', 'A61', 'A62', 'A63', 'A64', 'A65', 'A66', 'A67', 'A68', 'A69', 'A70', 'A71', 'A72', 'B1', 'B2', 'B3', 'B4', 'B5', 'B6', 'B7', 'B8', 'B9', 'B10', 'B11', 'B12', 'B13', 'B14', 'B15', 'B16', 'B17', 'B18', 'B19', 'B20', 'B21', 'B22', 'B23', 'B24', 'B25', 'B26', 'B27', 'B28', 'B29', 'B30', 'B31', 'B32', 'B33', 'B34', 'B35', 'B36', 'B37', 'B38', 'B39', 'B40', 'B41', 'B42', 'B43', 'B44', 'B45', 'B46', 'B47', 'B48', 'B49', 'B50', 'B51', 'B52', 'B53', 'B54', 'B55', 'B56', 'B57', 'B58', 'B59', 'B60', 'B61', 'B62', 'B63', 'B64', 'B65', 'B66', 'B67', 'B68', 'B69', 'B70', 'B71', 'B72']
These residues will be fixed:  []
Designing HOMO-OLIGOMER
No ligand atoms parsed
Designing protein from this path: /wynton/home/rotation/geanhu/multi-state/data/string-sampling/combined/5KPH_2_8_6_combined.pdb
These residues will be redesigned:  ['A1', 'A2', 'A3', 'A4', 'A5', 'A6', 'A7', 'A8', 'A9', 'A10', 'A11', 'A12', 'A13', 'A14', 'A15', 'A16', 'A17', 'A18', 'A19', 'A20', 'A21', 'A22', 'A23', 'A24', 'A25', 'A26', 'A27', 'A28', 'A29', 'A30', 'A31', 'A32', 'A33', 'A34', 'A35', 'A36', 'A37', 'A38', 'A39', 'A40', 'A41', 'A42', 'A43', 'A44', 'A45', 'A46', 'A47', 'A48', 'A49', 'A50', 'A51', 'A52', 'A53', 'A54', 'A55', 'A56', 'A57', 'A58', 'A59', 'A60', 'A61', 'A62', 'A63', 'A64', 'A65', 'A66', 'A67', 'A68', 'A69', 'A70', 'A71', 'A72', 'B1', 'B2', 'B3', 'B4', 'B5', 'B6', 'B7', 'B8', 'B9', 'B10', 'B11', 'B12', 'B13', 'B14', 'B15', 'B16', 'B17', 'B18', 'B19', 'B20', 'B21', 'B22', 'B23', 'B24', 'B25', 'B26', 'B27', 'B28', 'B29', 'B30', 'B31', 'B32', 'B33', 'B34', 'B35', 'B36', 'B37', 'B38', 'B39', 'B40', 'B41', 'B42', 'B43', 'B44', 'B45', 'B46', 'B47', 'B48', 'B49', 'B50', 'B51', 'B52', 'B53', 'B54', 'B55', 'B56', 'B57', 'B58', 'B59', 'B60', 'B61', 'B62', 'B63', 'B64', 'B65', 'B66', 'B67', 'B68', 'B69', 'B70', 'B71', 'B72']
These residues will be fixed:  []
Designing HOMO-OLIGOMER
No ligand atoms parsed
Designing protein from this path: /wynton/home/rotation/geanhu/multi-state/data/string-sampling/combined/5KPH_2_8_7_combined.pdb
These residues will be redesigned:  ['A1', 'A2', 'A3', 'A4', 'A5', 'A6', 'A7', 'A8', 'A9', 'A10', 'A11', 'A12', 'A13', 'A14', 'A15', 'A16', 'A17', 'A18', 'A19', 'A20', 'A21', 'A22', 'A23', 'A24', 'A25', 'A26', 'A27', 'A28', 'A29', 'A30', 'A31', 'A32', 'A33', 'A34', 'A35', 'A36', 'A37', 'A38', 'A39', 'A40', 'A41', 'A42', 'A43', 'A44', 'A45', 'A46', 'A47', 'A48', 'A49', 'A50', 'A51', 'A52', 'A53', 'A54', 'A55', 'A56', 'A57', 'A58', 'A59', 'A60', 'A61', 'A62', 'A63', 'A64', 'A65', 'A66', 'A67', 'A68', 'A69', 'A70', 'A71', 'A72', 'B1', 'B2', 'B3', 'B4', 'B5', 'B6', 'B7', 'B8', 'B9', 'B10', 'B11', 'B12', 'B13', 'B14', 'B15', 'B16', 'B17', 'B18', 'B19', 'B20', 'B21', 'B22', 'B23', 'B24', 'B25', 'B26', 'B27', 'B28', 'B29', 'B30', 'B31', 'B32', 'B33', 'B34', 'B35', 'B36', 'B37', 'B38', 'B39', 'B40', 'B41', 'B42', 'B43', 'B44', 'B45', 'B46', 'B47', 'B48', 'B49', 'B50', 'B51', 'B52', 'B53', 'B54', 'B55', 'B56', 'B57', 'B58', 'B59', 'B60', 'B61', 'B62', 'B63', 'B64', 'B65', 'B66', 'B67', 'B68', 'B69', 'B70', 'B71', 'B72']
These residues will be fixed:  []
Designing HOMO-OLIGOMER
No ligand atoms parsed
Designing protein from this path: /wynton/home/rotation/geanhu/multi-state/data/string-sampling/combined/5KPH_2_8_8_combined.pdb
These residues will be redesigned:  ['A1', 'A2', 'A3', 'A4', 'A5', 'A6', 'A7', 'A8', 'A9', 'A10', 'A11', 'A12', 'A13', 'A14', 'A15', 'A16', 'A17', 'A18', 'A19', 'A20', 'A21', 'A22', 'A23', 'A24', 'A25', 'A26', 'A27', 'A28', 'A29', 'A30', 'A31', 'A32', 'A33', 'A34', 'A35', 'A36', 'A37', 'A38', 'A39', 'A40', 'A41', 'A42', 'A43', 'A44', 'A45', 'A46', 'A47', 'A48', 'A49', 'A50', 'A51', 'A52', 'A53', 'A54', 'A55', 'A56', 'A57', 'A58', 'A59', 'A60', 'A61', 'A62', 'A63', 'A64', 'A65', 'A66', 'A67', 'A68', 'A69', 'A70', 'A71', 'A72', 'B1', 'B2', 'B3', 'B4', 'B5', 'B6', 'B7', 'B8', 'B9', 'B10', 'B11', 'B12', 'B13', 'B14', 'B15', 'B16', 'B17', 'B18', 'B19', 'B20', 'B21', 'B22', 'B23', 'B24', 'B25', 'B26', 'B27', 'B28', 'B29', 'B30', 'B31', 'B32', 'B33', 'B34', 'B35', 'B36', 'B37', 'B38', 'B39', 'B40', 'B41', 'B42', 'B43', 'B44', 'B45', 'B46', 'B47', 'B48', 'B49', 'B50', 'B51', 'B52', 'B53', 'B54', 'B55', 'B56', 'B57', 'B58', 'B59', 'B60', 'B61', 'B62', 'B63', 'B64', 'B65', 'B66', 'B67', 'B68', 'B69', 'B70', 'B71', 'B72']
These residues will be fixed:  []
Designing HOMO-OLIGOMER
No ligand atoms parsed
Designing protein from this path: /wynton/home/rotation/geanhu/multi-state/data/string-sampling/combined/5KPH_2_8_9_combined.pdb
These residues will be redesigned:  ['A1', 'A2', 'A3', 'A4', 'A5', 'A6', 'A7', 'A8', 'A9', 'A10', 'A11', 'A12', 'A13', 'A14', 'A15', 'A16', 'A17', 'A18', 'A19', 'A20', 'A21', 'A22', 'A23', 'A24', 'A25', 'A26', 'A27', 'A28', 'A29', 'A30', 'A31', 'A32', 'A33', 'A34', 'A35', 'A36', 'A37', 'A38', 'A39', 'A40', 'A41', 'A42', 'A43', 'A44', 'A45', 'A46', 'A47', 'A48', 'A49', 'A50', 'A51', 'A52', 'A53', 'A54', 'A55', 'A56', 'A57', 'A58', 'A59', 'A60', 'A61', 'A62', 'A63', 'A64', 'A65', 'A66', 'A67', 'A68', 'A69', 'A70', 'A71', 'A72', 'B1', 'B2', 'B3', 'B4', 'B5', 'B6', 'B7', 'B8', 'B9', 'B10', 'B11', 'B12', 'B13', 'B14', 'B15', 'B16', 'B17', 'B18', 'B19', 'B20', 'B21', 'B22', 'B23', 'B24', 'B25', 'B26', 'B27', 'B28', 'B29', 'B30', 'B31', 'B32', 'B33', 'B34', 'B35', 'B36', 'B37', 'B38', 'B39', 'B40', 'B41', 'B42', 'B43', 'B44', 'B45', 'B46', 'B47', 'B48', 'B49', 'B50', 'B51', 'B52', 'B53', 'B54', 'B55', 'B56', 'B57', 'B58', 'B59', 'B60', 'B61', 'B62', 'B63', 'B64', 'B65', 'B66', 'B67', 'B68', 'B69', 'B70', 'B71', 'B72']
These residues will be fixed:  []
Designing HOMO-OLIGOMER
No ligand atoms parsed
Designing protein from this path: /wynton/home/rotation/geanhu/multi-state/data/string-sampling/combined/5KPH_4_2_0_combined.pdb
These residues will be redesigned:  ['A1', 'A2', 'A3', 'A4', 'A5', 'A6', 'A7', 'A8', 'A9', 'A10', 'A11', 'A12', 'A13', 'A14', 'A15', 'A16', 'A17', 'A18', 'A19', 'A20', 'A21', 'A22', 'A23', 'A24', 'A25', 'A26', 'A27', 'A28', 'A29', 'A30', 'A31', 'A32', 'A33', 'A34', 'A35', 'A36', 'A37', 'A38', 'A39', 'A40', 'A41', 'A42', 'A43', 'A44', 'A45', 'A46', 'A47', 'A48', 'A49', 'A50', 'A51', 'A52', 'A53', 'A54', 'A55', 'A56', 'A57', 'A58', 'A59', 'A60', 'A61', 'A62', 'A63', 'A64', 'A65', 'A66', 'A67', 'A68', 'A69', 'A70', 'A71', 'A72', 'B1', 'B2', 'B3', 'B4', 'B5', 'B6', 'B7', 'B8', 'B9', 'B10', 'B11', 'B12', 'B13', 'B14', 'B15', 'B16', 'B17', 'B18', 'B19', 'B20', 'B21', 'B22', 'B23', 'B24', 'B25', 'B26', 'B27', 'B28', 'B29', 'B30', 'B31', 'B32', 'B33', 'B34', 'B35', 'B36', 'B37', 'B38', 'B39', 'B40', 'B41', 'B42', 'B43', 'B44', 'B45', 'B46', 'B47', 'B48', 'B49', 'B50', 'B51', 'B52', 'B53', 'B54', 'B55', 'B56', 'B57', 'B58', 'B59', 'B60', 'B61', 'B62', 'B63', 'B64', 'B65', 'B66', 'B67', 'B68', 'B69', 'B70', 'B71', 'B72']
These residues will be fixed:  []
Designing HOMO-OLIGOMER
No ligand atoms parsed
Designing protein from this path: /wynton/home/rotation/geanhu/multi-state/data/string-sampling/combined/5KPH_4_2_1_combined.pdb
These residues will be redesigned:  ['A1', 'A2', 'A3', 'A4', 'A5', 'A6', 'A7', 'A8', 'A9', 'A10', 'A11', 'A12', 'A13', 'A14', 'A15', 'A16', 'A17', 'A18', 'A19', 'A20', 'A21', 'A22', 'A23', 'A24', 'A25', 'A26', 'A27', 'A28', 'A29', 'A30', 'A31', 'A32', 'A33', 'A34', 'A35', 'A36', 'A37', 'A38', 'A39', 'A40', 'A41', 'A42', 'A43', 'A44', 'A45', 'A46', 'A47', 'A48', 'A49', 'A50', 'A51', 'A52', 'A53', 'A54', 'A55', 'A56', 'A57', 'A58', 'A59', 'A60', 'A61', 'A62', 'A63', 'A64', 'A65', 'A66', 'A67', 'A68', 'A69', 'A70', 'A71', 'A72', 'B1', 'B2', 'B3', 'B4', 'B5', 'B6', 'B7', 'B8', 'B9', 'B10', 'B11', 'B12', 'B13', 'B14', 'B15', 'B16', 'B17', 'B18', 'B19', 'B20', 'B21', 'B22', 'B23', 'B24', 'B25', 'B26', 'B27', 'B28', 'B29', 'B30', 'B31', 'B32', 'B33', 'B34', 'B35', 'B36', 'B37', 'B38', 'B39', 'B40', 'B41', 'B42', 'B43', 'B44', 'B45', 'B46', 'B47', 'B48', 'B49', 'B50', 'B51', 'B52', 'B53', 'B54', 'B55', 'B56', 'B57', 'B58', 'B59', 'B60', 'B61', 'B62', 'B63', 'B64', 'B65', 'B66', 'B67', 'B68', 'B69', 'B70', 'B71', 'B72']
These residues will be fixed:  []
Designing HOMO-OLIGOMER
No ligand atoms parsed
Designing protein from this path: /wynton/home/rotation/geanhu/multi-state/data/string-sampling/combined/5KPH_4_2_2_combined.pdb
These residues will be redesigned:  ['A1', 'A2', 'A3', 'A4', 'A5', 'A6', 'A7', 'A8', 'A9', 'A10', 'A11', 'A12', 'A13', 'A14', 'A15', 'A16', 'A17', 'A18', 'A19', 'A20', 'A21', 'A22', 'A23', 'A24', 'A25', 'A26', 'A27', 'A28', 'A29', 'A30', 'A31', 'A32', 'A33', 'A34', 'A35', 'A36', 'A37', 'A38', 'A39', 'A40', 'A41', 'A42', 'A43', 'A44', 'A45', 'A46', 'A47', 'A48', 'A49', 'A50', 'A51', 'A52', 'A53', 'A54', 'A55', 'A56', 'A57', 'A58', 'A59', 'A60', 'A61', 'A62', 'A63', 'A64', 'A65', 'A66', 'A67', 'A68', 'A69', 'A70', 'A71', 'A72', 'B1', 'B2', 'B3', 'B4', 'B5', 'B6', 'B7', 'B8', 'B9', 'B10', 'B11', 'B12', 'B13', 'B14', 'B15', 'B16', 'B17', 'B18', 'B19', 'B20', 'B21', 'B22', 'B23', 'B24', 'B25', 'B26', 'B27', 'B28', 'B29', 'B30', 'B31', 'B32', 'B33', 'B34', 'B35', 'B36', 'B37', 'B38', 'B39', 'B40', 'B41', 'B42', 'B43', 'B44', 'B45', 'B46', 'B47', 'B48', 'B49', 'B50', 'B51', 'B52', 'B53', 'B54', 'B55', 'B56', 'B57', 'B58', 'B59', 'B60', 'B61', 'B62', 'B63', 'B64', 'B65', 'B66', 'B67', 'B68', 'B69', 'B70', 'B71', 'B72']
These residues will be fixed:  []
Designing HOMO-OLIGOMER
No ligand atoms parsed
Designing protein from this path: /wynton/home/rotation/geanhu/multi-state/data/string-sampling/combined/5KPH_4_2_3_combined.pdb
These residues will be redesigned:  ['A1', 'A2', 'A3', 'A4', 'A5', 'A6', 'A7', 'A8', 'A9', 'A10', 'A11', 'A12', 'A13', 'A14', 'A15', 'A16', 'A17', 'A18', 'A19', 'A20', 'A21', 'A22', 'A23', 'A24', 'A25', 'A26', 'A27', 'A28', 'A29', 'A30', 'A31', 'A32', 'A33', 'A34', 'A35', 'A36', 'A37', 'A38', 'A39', 'A40', 'A41', 'A42', 'A43', 'A44', 'A45', 'A46', 'A47', 'A48', 'A49', 'A50', 'A51', 'A52', 'A53', 'A54', 'A55', 'A56', 'A57', 'A58', 'A59', 'A60', 'A61', 'A62', 'A63', 'A64', 'A65', 'A66', 'A67', 'A68', 'A69', 'A70', 'A71', 'A72', 'B1', 'B2', 'B3', 'B4', 'B5', 'B6', 'B7', 'B8', 'B9', 'B10', 'B11', 'B12', 'B13', 'B14', 'B15', 'B16', 'B17', 'B18', 'B19', 'B20', 'B21', 'B22', 'B23', 'B24', 'B25', 'B26', 'B27', 'B28', 'B29', 'B30', 'B31', 'B32', 'B33', 'B34', 'B35', 'B36', 'B37', 'B38', 'B39', 'B40', 'B41', 'B42', 'B43', 'B44', 'B45', 'B46', 'B47', 'B48', 'B49', 'B50', 'B51', 'B52', 'B53', 'B54', 'B55', 'B56', 'B57', 'B58', 'B59', 'B60', 'B61', 'B62', 'B63', 'B64', 'B65', 'B66', 'B67', 'B68', 'B69', 'B70', 'B71', 'B72']
These residues will be fixed:  []
Designing HOMO-OLIGOMER
No ligand atoms parsed
Designing protein from this path: /wynton/home/rotation/geanhu/multi-state/data/string-sampling/combined/5KPH_4_2_4_combined.pdb
These residues will be redesigned:  ['A1', 'A2', 'A3', 'A4', 'A5', 'A6', 'A7', 'A8', 'A9', 'A10', 'A11', 'A12', 'A13', 'A14', 'A15', 'A16', 'A17', 'A18', 'A19', 'A20', 'A21', 'A22', 'A23', 'A24', 'A25', 'A26', 'A27', 'A28', 'A29', 'A30', 'A31', 'A32', 'A33', 'A34', 'A35', 'A36', 'A37', 'A38', 'A39', 'A40', 'A41', 'A42', 'A43', 'A44', 'A45', 'A46', 'A47', 'A48', 'A49', 'A50', 'A51', 'A52', 'A53', 'A54', 'A55', 'A56', 'A57', 'A58', 'A59', 'A60', 'A61', 'A62', 'A63', 'A64', 'A65', 'A66', 'A67', 'A68', 'A69', 'A70', 'A71', 'A72', 'B1', 'B2', 'B3', 'B4', 'B5', 'B6', 'B7', 'B8', 'B9', 'B10', 'B11', 'B12', 'B13', 'B14', 'B15', 'B16', 'B17', 'B18', 'B19', 'B20', 'B21', 'B22', 'B23', 'B24', 'B25', 'B26', 'B27', 'B28', 'B29', 'B30', 'B31', 'B32', 'B33', 'B34', 'B35', 'B36', 'B37', 'B38', 'B39', 'B40', 'B41', 'B42', 'B43', 'B44', 'B45', 'B46', 'B47', 'B48', 'B49', 'B50', 'B51', 'B52', 'B53', 'B54', 'B55', 'B56', 'B57', 'B58', 'B59', 'B60', 'B61', 'B62', 'B63', 'B64', 'B65', 'B66', 'B67', 'B68', 'B69', 'B70', 'B71', 'B72']
These residues will be fixed:  []
Designing HOMO-OLIGOMER
No ligand atoms parsed
Designing protein from this path: /wynton/home/rotation/geanhu/multi-state/data/string-sampling/combined/5KPH_4_2_5_combined.pdb
These residues will be redesigned:  ['A1', 'A2', 'A3', 'A4', 'A5', 'A6', 'A7', 'A8', 'A9', 'A10', 'A11', 'A12', 'A13', 'A14', 'A15', 'A16', 'A17', 'A18', 'A19', 'A20', 'A21', 'A22', 'A23', 'A24', 'A25', 'A26', 'A27', 'A28', 'A29', 'A30', 'A31', 'A32', 'A33', 'A34', 'A35', 'A36', 'A37', 'A38', 'A39', 'A40', 'A41', 'A42', 'A43', 'A44', 'A45', 'A46', 'A47', 'A48', 'A49', 'A50', 'A51', 'A52', 'A53', 'A54', 'A55', 'A56', 'A57', 'A58', 'A59', 'A60', 'A61', 'A62', 'A63', 'A64', 'A65', 'A66', 'A67', 'A68', 'A69', 'A70', 'A71', 'A72', 'B1', 'B2', 'B3', 'B4', 'B5', 'B6', 'B7', 'B8', 'B9', 'B10', 'B11', 'B12', 'B13', 'B14', 'B15', 'B16', 'B17', 'B18', 'B19', 'B20', 'B21', 'B22', 'B23', 'B24', 'B25', 'B26', 'B27', 'B28', 'B29', 'B30', 'B31', 'B32', 'B33', 'B34', 'B35', 'B36', 'B37', 'B38', 'B39', 'B40', 'B41', 'B42', 'B43', 'B44', 'B45', 'B46', 'B47', 'B48', 'B49', 'B50', 'B51', 'B52', 'B53', 'B54', 'B55', 'B56', 'B57', 'B58', 'B59', 'B60', 'B61', 'B62', 'B63', 'B64', 'B65', 'B66', 'B67', 'B68', 'B69', 'B70', 'B71', 'B72']
These residues will be fixed:  []
Designing HOMO-OLIGOMER
No ligand atoms parsed
Designing protein from this path: /wynton/home/rotation/geanhu/multi-state/data/string-sampling/combined/5KPH_4_2_6_combined.pdb
These residues will be redesigned:  ['A1', 'A2', 'A3', 'A4', 'A5', 'A6', 'A7', 'A8', 'A9', 'A10', 'A11', 'A12', 'A13', 'A14', 'A15', 'A16', 'A17', 'A18', 'A19', 'A20', 'A21', 'A22', 'A23', 'A24', 'A25', 'A26', 'A27', 'A28', 'A29', 'A30', 'A31', 'A32', 'A33', 'A34', 'A35', 'A36', 'A37', 'A38', 'A39', 'A40', 'A41', 'A42', 'A43', 'A44', 'A45', 'A46', 'A47', 'A48', 'A49', 'A50', 'A51', 'A52', 'A53', 'A54', 'A55', 'A56', 'A57', 'A58', 'A59', 'A60', 'A61', 'A62', 'A63', 'A64', 'A65', 'A66', 'A67', 'A68', 'A69', 'A70', 'A71', 'A72', 'B1', 'B2', 'B3', 'B4', 'B5', 'B6', 'B7', 'B8', 'B9', 'B10', 'B11', 'B12', 'B13', 'B14', 'B15', 'B16', 'B17', 'B18', 'B19', 'B20', 'B21', 'B22', 'B23', 'B24', 'B25', 'B26', 'B27', 'B28', 'B29', 'B30', 'B31', 'B32', 'B33', 'B34', 'B35', 'B36', 'B37', 'B38', 'B39', 'B40', 'B41', 'B42', 'B43', 'B44', 'B45', 'B46', 'B47', 'B48', 'B49', 'B50', 'B51', 'B52', 'B53', 'B54', 'B55', 'B56', 'B57', 'B58', 'B59', 'B60', 'B61', 'B62', 'B63', 'B64', 'B65', 'B66', 'B67', 'B68', 'B69', 'B70', 'B71', 'B72']
These residues will be fixed:  []
Designing HOMO-OLIGOMER
No ligand atoms parsed
Designing protein from this path: /wynton/home/rotation/geanhu/multi-state/data/string-sampling/combined/5KPH_4_2_7_combined.pdb
These residues will be redesigned:  ['A1', 'A2', 'A3', 'A4', 'A5', 'A6', 'A7', 'A8', 'A9', 'A10', 'A11', 'A12', 'A13', 'A14', 'A15', 'A16', 'A17', 'A18', 'A19', 'A20', 'A21', 'A22', 'A23', 'A24', 'A25', 'A26', 'A27', 'A28', 'A29', 'A30', 'A31', 'A32', 'A33', 'A34', 'A35', 'A36', 'A37', 'A38', 'A39', 'A40', 'A41', 'A42', 'A43', 'A44', 'A45', 'A46', 'A47', 'A48', 'A49', 'A50', 'A51', 'A52', 'A53', 'A54', 'A55', 'A56', 'A57', 'A58', 'A59', 'A60', 'A61', 'A62', 'A63', 'A64', 'A65', 'A66', 'A67', 'A68', 'A69', 'A70', 'A71', 'A72', 'B1', 'B2', 'B3', 'B4', 'B5', 'B6', 'B7', 'B8', 'B9', 'B10', 'B11', 'B12', 'B13', 'B14', 'B15', 'B16', 'B17', 'B18', 'B19', 'B20', 'B21', 'B22', 'B23', 'B24', 'B25', 'B26', 'B27', 'B28', 'B29', 'B30', 'B31', 'B32', 'B33', 'B34', 'B35', 'B36', 'B37', 'B38', 'B39', 'B40', 'B41', 'B42', 'B43', 'B44', 'B45', 'B46', 'B47', 'B48', 'B49', 'B50', 'B51', 'B52', 'B53', 'B54', 'B55', 'B56', 'B57', 'B58', 'B59', 'B60', 'B61', 'B62', 'B63', 'B64', 'B65', 'B66', 'B67', 'B68', 'B69', 'B70', 'B71', 'B72']
These residues will be fixed:  []
Designing HOMO-OLIGOMER
No ligand atoms parsed
Designing protein from this path: /wynton/home/rotation/geanhu/multi-state/data/string-sampling/combined/5KPH_4_2_8_combined.pdb
These residues will be redesigned:  ['A1', 'A2', 'A3', 'A4', 'A5', 'A6', 'A7', 'A8', 'A9', 'A10', 'A11', 'A12', 'A13', 'A14', 'A15', 'A16', 'A17', 'A18', 'A19', 'A20', 'A21', 'A22', 'A23', 'A24', 'A25', 'A26', 'A27', 'A28', 'A29', 'A30', 'A31', 'A32', 'A33', 'A34', 'A35', 'A36', 'A37', 'A38', 'A39', 'A40', 'A41', 'A42', 'A43', 'A44', 'A45', 'A46', 'A47', 'A48', 'A49', 'A50', 'A51', 'A52', 'A53', 'A54', 'A55', 'A56', 'A57', 'A58', 'A59', 'A60', 'A61', 'A62', 'A63', 'A64', 'A65', 'A66', 'A67', 'A68', 'A69', 'A70', 'A71', 'A72', 'B1', 'B2', 'B3', 'B4', 'B5', 'B6', 'B7', 'B8', 'B9', 'B10', 'B11', 'B12', 'B13', 'B14', 'B15', 'B16', 'B17', 'B18', 'B19', 'B20', 'B21', 'B22', 'B23', 'B24', 'B25', 'B26', 'B27', 'B28', 'B29', 'B30', 'B31', 'B32', 'B33', 'B34', 'B35', 'B36', 'B37', 'B38', 'B39', 'B40', 'B41', 'B42', 'B43', 'B44', 'B45', 'B46', 'B47', 'B48', 'B49', 'B50', 'B51', 'B52', 'B53', 'B54', 'B55', 'B56', 'B57', 'B58', 'B59', 'B60', 'B61', 'B62', 'B63', 'B64', 'B65', 'B66', 'B67', 'B68', 'B69', 'B70', 'B71', 'B72']
These residues will be fixed:  []
Designing HOMO-OLIGOMER
No ligand atoms parsed
Designing protein from this path: /wynton/home/rotation/geanhu/multi-state/data/string-sampling/combined/5KPH_4_2_9_combined.pdb
These residues will be redesigned:  ['A1', 'A2', 'A3', 'A4', 'A5', 'A6', 'A7', 'A8', 'A9', 'A10', 'A11', 'A12', 'A13', 'A14', 'A15', 'A16', 'A17', 'A18', 'A19', 'A20', 'A21', 'A22', 'A23', 'A24', 'A25', 'A26', 'A27', 'A28', 'A29', 'A30', 'A31', 'A32', 'A33', 'A34', 'A35', 'A36', 'A37', 'A38', 'A39', 'A40', 'A41', 'A42', 'A43', 'A44', 'A45', 'A46', 'A47', 'A48', 'A49', 'A50', 'A51', 'A52', 'A53', 'A54', 'A55', 'A56', 'A57', 'A58', 'A59', 'A60', 'A61', 'A62', 'A63', 'A64', 'A65', 'A66', 'A67', 'A68', 'A69', 'A70', 'A71', 'A72', 'B1', 'B2', 'B3', 'B4', 'B5', 'B6', 'B7', 'B8', 'B9', 'B10', 'B11', 'B12', 'B13', 'B14', 'B15', 'B16', 'B17', 'B18', 'B19', 'B20', 'B21', 'B22', 'B23', 'B24', 'B25', 'B26', 'B27', 'B28', 'B29', 'B30', 'B31', 'B32', 'B33', 'B34', 'B35', 'B36', 'B37', 'B38', 'B39', 'B40', 'B41', 'B42', 'B43', 'B44', 'B45', 'B46', 'B47', 'B48', 'B49', 'B50', 'B51', 'B52', 'B53', 'B54', 'B55', 'B56', 'B57', 'B58', 'B59', 'B60', 'B61', 'B62', 'B63', 'B64', 'B65', 'B66', 'B67', 'B68', 'B69', 'B70', 'B71', 'B72']
These residues will be fixed:  []
Designing HOMO-OLIGOMER
No ligand atoms parsed
Designing protein from this path: /wynton/home/rotation/geanhu/multi-state/data/string-sampling/combined/5KPH_4_4_0_combined.pdb
These residues will be redesigned:  ['A1', 'A2', 'A3', 'A4', 'A5', 'A6', 'A7', 'A8', 'A9', 'A10', 'A11', 'A12', 'A13', 'A14', 'A15', 'A16', 'A17', 'A18', 'A19', 'A20', 'A21', 'A22', 'A23', 'A24', 'A25', 'A26', 'A27', 'A28', 'A29', 'A30', 'A31', 'A32', 'A33', 'A34', 'A35', 'A36', 'A37', 'A38', 'A39', 'A40', 'A41', 'A42', 'A43', 'A44', 'A45', 'A46', 'A47', 'A48', 'A49', 'A50', 'A51', 'A52', 'A53', 'A54', 'A55', 'A56', 'A57', 'A58', 'A59', 'A60', 'A61', 'A62', 'A63', 'A64', 'A65', 'A66', 'A67', 'A68', 'A69', 'A70', 'A71', 'A72', 'B1', 'B2', 'B3', 'B4', 'B5', 'B6', 'B7', 'B8', 'B9', 'B10', 'B11', 'B12', 'B13', 'B14', 'B15', 'B16', 'B17', 'B18', 'B19', 'B20', 'B21', 'B22', 'B23', 'B24', 'B25', 'B26', 'B27', 'B28', 'B29', 'B30', 'B31', 'B32', 'B33', 'B34', 'B35', 'B36', 'B37', 'B38', 'B39', 'B40', 'B41', 'B42', 'B43', 'B44', 'B45', 'B46', 'B47', 'B48', 'B49', 'B50', 'B51', 'B52', 'B53', 'B54', 'B55', 'B56', 'B57', 'B58', 'B59', 'B60', 'B61', 'B62', 'B63', 'B64', 'B65', 'B66', 'B67', 'B68', 'B69', 'B70', 'B71', 'B72']
These residues will be fixed:  []
Designing HOMO-OLIGOMER
No ligand atoms parsed
Designing protein from this path: /wynton/home/rotation/geanhu/multi-state/data/string-sampling/combined/5KPH_4_4_1_combined.pdb
These residues will be redesigned:  ['A1', 'A2', 'A3', 'A4', 'A5', 'A6', 'A7', 'A8', 'A9', 'A10', 'A11', 'A12', 'A13', 'A14', 'A15', 'A16', 'A17', 'A18', 'A19', 'A20', 'A21', 'A22', 'A23', 'A24', 'A25', 'A26', 'A27', 'A28', 'A29', 'A30', 'A31', 'A32', 'A33', 'A34', 'A35', 'A36', 'A37', 'A38', 'A39', 'A40', 'A41', 'A42', 'A43', 'A44', 'A45', 'A46', 'A47', 'A48', 'A49', 'A50', 'A51', 'A52', 'A53', 'A54', 'A55', 'A56', 'A57', 'A58', 'A59', 'A60', 'A61', 'A62', 'A63', 'A64', 'A65', 'A66', 'A67', 'A68', 'A69', 'A70', 'A71', 'A72', 'B1', 'B2', 'B3', 'B4', 'B5', 'B6', 'B7', 'B8', 'B9', 'B10', 'B11', 'B12', 'B13', 'B14', 'B15', 'B16', 'B17', 'B18', 'B19', 'B20', 'B21', 'B22', 'B23', 'B24', 'B25', 'B26', 'B27', 'B28', 'B29', 'B30', 'B31', 'B32', 'B33', 'B34', 'B35', 'B36', 'B37', 'B38', 'B39', 'B40', 'B41', 'B42', 'B43', 'B44', 'B45', 'B46', 'B47', 'B48', 'B49', 'B50', 'B51', 'B52', 'B53', 'B54', 'B55', 'B56', 'B57', 'B58', 'B59', 'B60', 'B61', 'B62', 'B63', 'B64', 'B65', 'B66', 'B67', 'B68', 'B69', 'B70', 'B71', 'B72']
These residues will be fixed:  []
Designing HOMO-OLIGOMER
No ligand atoms parsed
Designing protein from this path: /wynton/home/rotation/geanhu/multi-state/data/string-sampling/combined/5KPH_4_4_2_combined.pdb
These residues will be redesigned:  ['A1', 'A2', 'A3', 'A4', 'A5', 'A6', 'A7', 'A8', 'A9', 'A10', 'A11', 'A12', 'A13', 'A14', 'A15', 'A16', 'A17', 'A18', 'A19', 'A20', 'A21', 'A22', 'A23', 'A24', 'A25', 'A26', 'A27', 'A28', 'A29', 'A30', 'A31', 'A32', 'A33', 'A34', 'A35', 'A36', 'A37', 'A38', 'A39', 'A40', 'A41', 'A42', 'A43', 'A44', 'A45', 'A46', 'A47', 'A48', 'A49', 'A50', 'A51', 'A52', 'A53', 'A54', 'A55', 'A56', 'A57', 'A58', 'A59', 'A60', 'A61', 'A62', 'A63', 'A64', 'A65', 'A66', 'A67', 'A68', 'A69', 'A70', 'A71', 'A72', 'B1', 'B2', 'B3', 'B4', 'B5', 'B6', 'B7', 'B8', 'B9', 'B10', 'B11', 'B12', 'B13', 'B14', 'B15', 'B16', 'B17', 'B18', 'B19', 'B20', 'B21', 'B22', 'B23', 'B24', 'B25', 'B26', 'B27', 'B28', 'B29', 'B30', 'B31', 'B32', 'B33', 'B34', 'B35', 'B36', 'B37', 'B38', 'B39', 'B40', 'B41', 'B42', 'B43', 'B44', 'B45', 'B46', 'B47', 'B48', 'B49', 'B50', 'B51', 'B52', 'B53', 'B54', 'B55', 'B56', 'B57', 'B58', 'B59', 'B60', 'B61', 'B62', 'B63', 'B64', 'B65', 'B66', 'B67', 'B68', 'B69', 'B70', 'B71', 'B72']
These residues will be fixed:  []
Designing HOMO-OLIGOMER
No ligand atoms parsed
Designing protein from this path: /wynton/home/rotation/geanhu/multi-state/data/string-sampling/combined/5KPH_4_4_3_combined.pdb
These residues will be redesigned:  ['A1', 'A2', 'A3', 'A4', 'A5', 'A6', 'A7', 'A8', 'A9', 'A10', 'A11', 'A12', 'A13', 'A14', 'A15', 'A16', 'A17', 'A18', 'A19', 'A20', 'A21', 'A22', 'A23', 'A24', 'A25', 'A26', 'A27', 'A28', 'A29', 'A30', 'A31', 'A32', 'A33', 'A34', 'A35', 'A36', 'A37', 'A38', 'A39', 'A40', 'A41', 'A42', 'A43', 'A44', 'A45', 'A46', 'A47', 'A48', 'A49', 'A50', 'A51', 'A52', 'A53', 'A54', 'A55', 'A56', 'A57', 'A58', 'A59', 'A60', 'A61', 'A62', 'A63', 'A64', 'A65', 'A66', 'A67', 'A68', 'A69', 'A70', 'A71', 'A72', 'B1', 'B2', 'B3', 'B4', 'B5', 'B6', 'B7', 'B8', 'B9', 'B10', 'B11', 'B12', 'B13', 'B14', 'B15', 'B16', 'B17', 'B18', 'B19', 'B20', 'B21', 'B22', 'B23', 'B24', 'B25', 'B26', 'B27', 'B28', 'B29', 'B30', 'B31', 'B32', 'B33', 'B34', 'B35', 'B36', 'B37', 'B38', 'B39', 'B40', 'B41', 'B42', 'B43', 'B44', 'B45', 'B46', 'B47', 'B48', 'B49', 'B50', 'B51', 'B52', 'B53', 'B54', 'B55', 'B56', 'B57', 'B58', 'B59', 'B60', 'B61', 'B62', 'B63', 'B64', 'B65', 'B66', 'B67', 'B68', 'B69', 'B70', 'B71', 'B72']
These residues will be fixed:  []
Designing HOMO-OLIGOMER
No ligand atoms parsed
Designing protein from this path: /wynton/home/rotation/geanhu/multi-state/data/string-sampling/combined/5KPH_4_4_4_combined.pdb
These residues will be redesigned:  ['A1', 'A2', 'A3', 'A4', 'A5', 'A6', 'A7', 'A8', 'A9', 'A10', 'A11', 'A12', 'A13', 'A14', 'A15', 'A16', 'A17', 'A18', 'A19', 'A20', 'A21', 'A22', 'A23', 'A24', 'A25', 'A26', 'A27', 'A28', 'A29', 'A30', 'A31', 'A32', 'A33', 'A34', 'A35', 'A36', 'A37', 'A38', 'A39', 'A40', 'A41', 'A42', 'A43', 'A44', 'A45', 'A46', 'A47', 'A48', 'A49', 'A50', 'A51', 'A52', 'A53', 'A54', 'A55', 'A56', 'A57', 'A58', 'A59', 'A60', 'A61', 'A62', 'A63', 'A64', 'A65', 'A66', 'A67', 'A68', 'A69', 'A70', 'A71', 'A72', 'B1', 'B2', 'B3', 'B4', 'B5', 'B6', 'B7', 'B8', 'B9', 'B10', 'B11', 'B12', 'B13', 'B14', 'B15', 'B16', 'B17', 'B18', 'B19', 'B20', 'B21', 'B22', 'B23', 'B24', 'B25', 'B26', 'B27', 'B28', 'B29', 'B30', 'B31', 'B32', 'B33', 'B34', 'B35', 'B36', 'B37', 'B38', 'B39', 'B40', 'B41', 'B42', 'B43', 'B44', 'B45', 'B46', 'B47', 'B48', 'B49', 'B50', 'B51', 'B52', 'B53', 'B54', 'B55', 'B56', 'B57', 'B58', 'B59', 'B60', 'B61', 'B62', 'B63', 'B64', 'B65', 'B66', 'B67', 'B68', 'B69', 'B70', 'B71', 'B72']
These residues will be fixed:  []
Designing HOMO-OLIGOMER
No ligand atoms parsed
Designing protein from this path: /wynton/home/rotation/geanhu/multi-state/data/string-sampling/combined/5KPH_4_4_5_combined.pdb
These residues will be redesigned:  ['A1', 'A2', 'A3', 'A4', 'A5', 'A6', 'A7', 'A8', 'A9', 'A10', 'A11', 'A12', 'A13', 'A14', 'A15', 'A16', 'A17', 'A18', 'A19', 'A20', 'A21', 'A22', 'A23', 'A24', 'A25', 'A26', 'A27', 'A28', 'A29', 'A30', 'A31', 'A32', 'A33', 'A34', 'A35', 'A36', 'A37', 'A38', 'A39', 'A40', 'A41', 'A42', 'A43', 'A44', 'A45', 'A46', 'A47', 'A48', 'A49', 'A50', 'A51', 'A52', 'A53', 'A54', 'A55', 'A56', 'A57', 'A58', 'A59', 'A60', 'A61', 'A62', 'A63', 'A64', 'A65', 'A66', 'A67', 'A68', 'A69', 'A70', 'A71', 'A72', 'B1', 'B2', 'B3', 'B4', 'B5', 'B6', 'B7', 'B8', 'B9', 'B10', 'B11', 'B12', 'B13', 'B14', 'B15', 'B16', 'B17', 'B18', 'B19', 'B20', 'B21', 'B22', 'B23', 'B24', 'B25', 'B26', 'B27', 'B28', 'B29', 'B30', 'B31', 'B32', 'B33', 'B34', 'B35', 'B36', 'B37', 'B38', 'B39', 'B40', 'B41', 'B42', 'B43', 'B44', 'B45', 'B46', 'B47', 'B48', 'B49', 'B50', 'B51', 'B52', 'B53', 'B54', 'B55', 'B56', 'B57', 'B58', 'B59', 'B60', 'B61', 'B62', 'B63', 'B64', 'B65', 'B66', 'B67', 'B68', 'B69', 'B70', 'B71', 'B72']
These residues will be fixed:  []
Designing HOMO-OLIGOMER
No ligand atoms parsed
Designing protein from this path: /wynton/home/rotation/geanhu/multi-state/data/string-sampling/combined/5KPH_4_4_6_combined.pdb
These residues will be redesigned:  ['A1', 'A2', 'A3', 'A4', 'A5', 'A6', 'A7', 'A8', 'A9', 'A10', 'A11', 'A12', 'A13', 'A14', 'A15', 'A16', 'A17', 'A18', 'A19', 'A20', 'A21', 'A22', 'A23', 'A24', 'A25', 'A26', 'A27', 'A28', 'A29', 'A30', 'A31', 'A32', 'A33', 'A34', 'A35', 'A36', 'A37', 'A38', 'A39', 'A40', 'A41', 'A42', 'A43', 'A44', 'A45', 'A46', 'A47', 'A48', 'A49', 'A50', 'A51', 'A52', 'A53', 'A54', 'A55', 'A56', 'A57', 'A58', 'A59', 'A60', 'A61', 'A62', 'A63', 'A64', 'A65', 'A66', 'A67', 'A68', 'A69', 'A70', 'A71', 'A72', 'B1', 'B2', 'B3', 'B4', 'B5', 'B6', 'B7', 'B8', 'B9', 'B10', 'B11', 'B12', 'B13', 'B14', 'B15', 'B16', 'B17', 'B18', 'B19', 'B20', 'B21', 'B22', 'B23', 'B24', 'B25', 'B26', 'B27', 'B28', 'B29', 'B30', 'B31', 'B32', 'B33', 'B34', 'B35', 'B36', 'B37', 'B38', 'B39', 'B40', 'B41', 'B42', 'B43', 'B44', 'B45', 'B46', 'B47', 'B48', 'B49', 'B50', 'B51', 'B52', 'B53', 'B54', 'B55', 'B56', 'B57', 'B58', 'B59', 'B60', 'B61', 'B62', 'B63', 'B64', 'B65', 'B66', 'B67', 'B68', 'B69', 'B70', 'B71', 'B72']
These residues will be fixed:  []
Designing HOMO-OLIGOMER
No ligand atoms parsed
Designing protein from this path: /wynton/home/rotation/geanhu/multi-state/data/string-sampling/combined/5KPH_4_4_7_combined.pdb
These residues will be redesigned:  ['A1', 'A2', 'A3', 'A4', 'A5', 'A6', 'A7', 'A8', 'A9', 'A10', 'A11', 'A12', 'A13', 'A14', 'A15', 'A16', 'A17', 'A18', 'A19', 'A20', 'A21', 'A22', 'A23', 'A24', 'A25', 'A26', 'A27', 'A28', 'A29', 'A30', 'A31', 'A32', 'A33', 'A34', 'A35', 'A36', 'A37', 'A38', 'A39', 'A40', 'A41', 'A42', 'A43', 'A44', 'A45', 'A46', 'A47', 'A48', 'A49', 'A50', 'A51', 'A52', 'A53', 'A54', 'A55', 'A56', 'A57', 'A58', 'A59', 'A60', 'A61', 'A62', 'A63', 'A64', 'A65', 'A66', 'A67', 'A68', 'A69', 'A70', 'A71', 'A72', 'B1', 'B2', 'B3', 'B4', 'B5', 'B6', 'B7', 'B8', 'B9', 'B10', 'B11', 'B12', 'B13', 'B14', 'B15', 'B16', 'B17', 'B18', 'B19', 'B20', 'B21', 'B22', 'B23', 'B24', 'B25', 'B26', 'B27', 'B28', 'B29', 'B30', 'B31', 'B32', 'B33', 'B34', 'B35', 'B36', 'B37', 'B38', 'B39', 'B40', 'B41', 'B42', 'B43', 'B44', 'B45', 'B46', 'B47', 'B48', 'B49', 'B50', 'B51', 'B52', 'B53', 'B54', 'B55', 'B56', 'B57', 'B58', 'B59', 'B60', 'B61', 'B62', 'B63', 'B64', 'B65', 'B66', 'B67', 'B68', 'B69', 'B70', 'B71', 'B72']
These residues will be fixed:  []
Designing HOMO-OLIGOMER
No ligand atoms parsed
Designing protein from this path: /wynton/home/rotation/geanhu/multi-state/data/string-sampling/combined/5KPH_4_4_9_combined.pdb
These residues will be redesigned:  ['A1', 'A2', 'A3', 'A4', 'A5', 'A6', 'A7', 'A8', 'A9', 'A10', 'A11', 'A12', 'A13', 'A14', 'A15', 'A16', 'A17', 'A18', 'A19', 'A20', 'A21', 'A22', 'A23', 'A24', 'A25', 'A26', 'A27', 'A28', 'A29', 'A30', 'A31', 'A32', 'A33', 'A34', 'A35', 'A36', 'A37', 'A38', 'A39', 'A40', 'A41', 'A42', 'A43', 'A44', 'A45', 'A46', 'A47', 'A48', 'A49', 'A50', 'A51', 'A52', 'A53', 'A54', 'A55', 'A56', 'A57', 'A58', 'A59', 'A60', 'A61', 'A62', 'A63', 'A64', 'A65', 'A66', 'A67', 'A68', 'A69', 'A70', 'A71', 'A72', 'B1', 'B2', 'B3', 'B4', 'B5', 'B6', 'B7', 'B8', 'B9', 'B10', 'B11', 'B12', 'B13', 'B14', 'B15', 'B16', 'B17', 'B18', 'B19', 'B20', 'B21', 'B22', 'B23', 'B24', 'B25', 'B26', 'B27', 'B28', 'B29', 'B30', 'B31', 'B32', 'B33', 'B34', 'B35', 'B36', 'B37', 'B38', 'B39', 'B40', 'B41', 'B42', 'B43', 'B44', 'B45', 'B46', 'B47', 'B48', 'B49', 'B50', 'B51', 'B52', 'B53', 'B54', 'B55', 'B56', 'B57', 'B58', 'B59', 'B60', 'B61', 'B62', 'B63', 'B64', 'B65', 'B66', 'B67', 'B68', 'B69', 'B70', 'B71', 'B72']
These residues will be fixed:  []
Designing HOMO-OLIGOMER
No ligand atoms parsed
Designing protein from this path: /wynton/home/rotation/geanhu/multi-state/data/string-sampling/combined/5KPH_4_6_0_combined.pdb
These residues will be redesigned:  ['A1', 'A2', 'A3', 'A4', 'A5', 'A6', 'A7', 'A8', 'A9', 'A10', 'A11', 'A12', 'A13', 'A14', 'A15', 'A16', 'A17', 'A18', 'A19', 'A20', 'A21', 'A22', 'A23', 'A24', 'A25', 'A26', 'A27', 'A28', 'A29', 'A30', 'A31', 'A32', 'A33', 'A34', 'A35', 'A36', 'A37', 'A38', 'A39', 'A40', 'A41', 'A42', 'A43', 'A44', 'A45', 'A46', 'A47', 'A48', 'A49', 'A50', 'A51', 'A52', 'A53', 'A54', 'A55', 'A56', 'A57', 'A58', 'A59', 'A60', 'A61', 'A62', 'A63', 'A64', 'A65', 'A66', 'A67', 'A68', 'A69', 'A70', 'A71', 'A72', 'B1', 'B2', 'B3', 'B4', 'B5', 'B6', 'B7', 'B8', 'B9', 'B10', 'B11', 'B12', 'B13', 'B14', 'B15', 'B16', 'B17', 'B18', 'B19', 'B20', 'B21', 'B22', 'B23', 'B24', 'B25', 'B26', 'B27', 'B28', 'B29', 'B30', 'B31', 'B32', 'B33', 'B34', 'B35', 'B36', 'B37', 'B38', 'B39', 'B40', 'B41', 'B42', 'B43', 'B44', 'B45', 'B46', 'B47', 'B48', 'B49', 'B50', 'B51', 'B52', 'B53', 'B54', 'B55', 'B56', 'B57', 'B58', 'B59', 'B60', 'B61', 'B62', 'B63', 'B64', 'B65', 'B66', 'B67', 'B68', 'B69', 'B70', 'B71', 'B72']
These residues will be fixed:  []
Designing HOMO-OLIGOMER
No ligand atoms parsed
Designing protein from this path: /wynton/home/rotation/geanhu/multi-state/data/string-sampling/combined/5KPH_4_6_2_combined.pdb
These residues will be redesigned:  ['A1', 'A2', 'A3', 'A4', 'A5', 'A6', 'A7', 'A8', 'A9', 'A10', 'A11', 'A12', 'A13', 'A14', 'A15', 'A16', 'A17', 'A18', 'A19', 'A20', 'A21', 'A22', 'A23', 'A24', 'A25', 'A26', 'A27', 'A28', 'A29', 'A30', 'A31', 'A32', 'A33', 'A34', 'A35', 'A36', 'A37', 'A38', 'A39', 'A40', 'A41', 'A42', 'A43', 'A44', 'A45', 'A46', 'A47', 'A48', 'A49', 'A50', 'A51', 'A52', 'A53', 'A54', 'A55', 'A56', 'A57', 'A58', 'A59', 'A60', 'A61', 'A62', 'A63', 'A64', 'A65', 'A66', 'A67', 'A68', 'A69', 'A70', 'A71', 'A72', 'B1', 'B2', 'B3', 'B4', 'B5', 'B6', 'B7', 'B8', 'B9', 'B10', 'B11', 'B12', 'B13', 'B14', 'B15', 'B16', 'B17', 'B18', 'B19', 'B20', 'B21', 'B22', 'B23', 'B24', 'B25', 'B26', 'B27', 'B28', 'B29', 'B30', 'B31', 'B32', 'B33', 'B34', 'B35', 'B36', 'B37', 'B38', 'B39', 'B40', 'B41', 'B42', 'B43', 'B44', 'B45', 'B46', 'B47', 'B48', 'B49', 'B50', 'B51', 'B52', 'B53', 'B54', 'B55', 'B56', 'B57', 'B58', 'B59', 'B60', 'B61', 'B62', 'B63', 'B64', 'B65', 'B66', 'B67', 'B68', 'B69', 'B70', 'B71', 'B72']
These residues will be fixed:  []
Designing HOMO-OLIGOMER
No ligand atoms parsed
Designing protein from this path: /wynton/home/rotation/geanhu/multi-state/data/string-sampling/combined/5KPH_4_6_3_combined.pdb
These residues will be redesigned:  ['A1', 'A2', 'A3', 'A4', 'A5', 'A6', 'A7', 'A8', 'A9', 'A10', 'A11', 'A12', 'A13', 'A14', 'A15', 'A16', 'A17', 'A18', 'A19', 'A20', 'A21', 'A22', 'A23', 'A24', 'A25', 'A26', 'A27', 'A28', 'A29', 'A30', 'A31', 'A32', 'A33', 'A34', 'A35', 'A36', 'A37', 'A38', 'A39', 'A40', 'A41', 'A42', 'A43', 'A44', 'A45', 'A46', 'A47', 'A48', 'A49', 'A50', 'A51', 'A52', 'A53', 'A54', 'A55', 'A56', 'A57', 'A58', 'A59', 'A60', 'A61', 'A62', 'A63', 'A64', 'A65', 'A66', 'A67', 'A68', 'A69', 'A70', 'A71', 'A72', 'B1', 'B2', 'B3', 'B4', 'B5', 'B6', 'B7', 'B8', 'B9', 'B10', 'B11', 'B12', 'B13', 'B14', 'B15', 'B16', 'B17', 'B18', 'B19', 'B20', 'B21', 'B22', 'B23', 'B24', 'B25', 'B26', 'B27', 'B28', 'B29', 'B30', 'B31', 'B32', 'B33', 'B34', 'B35', 'B36', 'B37', 'B38', 'B39', 'B40', 'B41', 'B42', 'B43', 'B44', 'B45', 'B46', 'B47', 'B48', 'B49', 'B50', 'B51', 'B52', 'B53', 'B54', 'B55', 'B56', 'B57', 'B58', 'B59', 'B60', 'B61', 'B62', 'B63', 'B64', 'B65', 'B66', 'B67', 'B68', 'B69', 'B70', 'B71', 'B72']
These residues will be fixed:  []
Designing HOMO-OLIGOMER
No ligand atoms parsed
Designing protein from this path: /wynton/home/rotation/geanhu/multi-state/data/string-sampling/combined/5KPH_4_6_4_combined.pdb
These residues will be redesigned:  ['A1', 'A2', 'A3', 'A4', 'A5', 'A6', 'A7', 'A8', 'A9', 'A10', 'A11', 'A12', 'A13', 'A14', 'A15', 'A16', 'A17', 'A18', 'A19', 'A20', 'A21', 'A22', 'A23', 'A24', 'A25', 'A26', 'A27', 'A28', 'A29', 'A30', 'A31', 'A32', 'A33', 'A34', 'A35', 'A36', 'A37', 'A38', 'A39', 'A40', 'A41', 'A42', 'A43', 'A44', 'A45', 'A46', 'A47', 'A48', 'A49', 'A50', 'A51', 'A52', 'A53', 'A54', 'A55', 'A56', 'A57', 'A58', 'A59', 'A60', 'A61', 'A62', 'A63', 'A64', 'A65', 'A66', 'A67', 'A68', 'A69', 'A70', 'A71', 'A72', 'B1', 'B2', 'B3', 'B4', 'B5', 'B6', 'B7', 'B8', 'B9', 'B10', 'B11', 'B12', 'B13', 'B14', 'B15', 'B16', 'B17', 'B18', 'B19', 'B20', 'B21', 'B22', 'B23', 'B24', 'B25', 'B26', 'B27', 'B28', 'B29', 'B30', 'B31', 'B32', 'B33', 'B34', 'B35', 'B36', 'B37', 'B38', 'B39', 'B40', 'B41', 'B42', 'B43', 'B44', 'B45', 'B46', 'B47', 'B48', 'B49', 'B50', 'B51', 'B52', 'B53', 'B54', 'B55', 'B56', 'B57', 'B58', 'B59', 'B60', 'B61', 'B62', 'B63', 'B64', 'B65', 'B66', 'B67', 'B68', 'B69', 'B70', 'B71', 'B72']
These residues will be fixed:  []
Designing HOMO-OLIGOMER
No ligand atoms parsed
Designing protein from this path: /wynton/home/rotation/geanhu/multi-state/data/string-sampling/combined/5KPH_4_6_5_combined.pdb
These residues will be redesigned:  ['A1', 'A2', 'A3', 'A4', 'A5', 'A6', 'A7', 'A8', 'A9', 'A10', 'A11', 'A12', 'A13', 'A14', 'A15', 'A16', 'A17', 'A18', 'A19', 'A20', 'A21', 'A22', 'A23', 'A24', 'A25', 'A26', 'A27', 'A28', 'A29', 'A30', 'A31', 'A32', 'A33', 'A34', 'A35', 'A36', 'A37', 'A38', 'A39', 'A40', 'A41', 'A42', 'A43', 'A44', 'A45', 'A46', 'A47', 'A48', 'A49', 'A50', 'A51', 'A52', 'A53', 'A54', 'A55', 'A56', 'A57', 'A58', 'A59', 'A60', 'A61', 'A62', 'A63', 'A64', 'A65', 'A66', 'A67', 'A68', 'A69', 'A70', 'A71', 'A72', 'B1', 'B2', 'B3', 'B4', 'B5', 'B6', 'B7', 'B8', 'B9', 'B10', 'B11', 'B12', 'B13', 'B14', 'B15', 'B16', 'B17', 'B18', 'B19', 'B20', 'B21', 'B22', 'B23', 'B24', 'B25', 'B26', 'B27', 'B28', 'B29', 'B30', 'B31', 'B32', 'B33', 'B34', 'B35', 'B36', 'B37', 'B38', 'B39', 'B40', 'B41', 'B42', 'B43', 'B44', 'B45', 'B46', 'B47', 'B48', 'B49', 'B50', 'B51', 'B52', 'B53', 'B54', 'B55', 'B56', 'B57', 'B58', 'B59', 'B60', 'B61', 'B62', 'B63', 'B64', 'B65', 'B66', 'B67', 'B68', 'B69', 'B70', 'B71', 'B72']
These residues will be fixed:  []
Designing HOMO-OLIGOMER
No ligand atoms parsed
Designing protein from this path: /wynton/home/rotation/geanhu/multi-state/data/string-sampling/combined/5KPH_4_6_6_combined.pdb
These residues will be redesigned:  ['A1', 'A2', 'A3', 'A4', 'A5', 'A6', 'A7', 'A8', 'A9', 'A10', 'A11', 'A12', 'A13', 'A14', 'A15', 'A16', 'A17', 'A18', 'A19', 'A20', 'A21', 'A22', 'A23', 'A24', 'A25', 'A26', 'A27', 'A28', 'A29', 'A30', 'A31', 'A32', 'A33', 'A34', 'A35', 'A36', 'A37', 'A38', 'A39', 'A40', 'A41', 'A42', 'A43', 'A44', 'A45', 'A46', 'A47', 'A48', 'A49', 'A50', 'A51', 'A52', 'A53', 'A54', 'A55', 'A56', 'A57', 'A58', 'A59', 'A60', 'A61', 'A62', 'A63', 'A64', 'A65', 'A66', 'A67', 'A68', 'A69', 'A70', 'A71', 'A72', 'B1', 'B2', 'B3', 'B4', 'B5', 'B6', 'B7', 'B8', 'B9', 'B10', 'B11', 'B12', 'B13', 'B14', 'B15', 'B16', 'B17', 'B18', 'B19', 'B20', 'B21', 'B22', 'B23', 'B24', 'B25', 'B26', 'B27', 'B28', 'B29', 'B30', 'B31', 'B32', 'B33', 'B34', 'B35', 'B36', 'B37', 'B38', 'B39', 'B40', 'B41', 'B42', 'B43', 'B44', 'B45', 'B46', 'B47', 'B48', 'B49', 'B50', 'B51', 'B52', 'B53', 'B54', 'B55', 'B56', 'B57', 'B58', 'B59', 'B60', 'B61', 'B62', 'B63', 'B64', 'B65', 'B66', 'B67', 'B68', 'B69', 'B70', 'B71', 'B72']
These residues will be fixed:  []
Designing HOMO-OLIGOMER
No ligand atoms parsed
Designing protein from this path: /wynton/home/rotation/geanhu/multi-state/data/string-sampling/combined/5KPH_4_6_7_combined.pdb
These residues will be redesigned:  ['A1', 'A2', 'A3', 'A4', 'A5', 'A6', 'A7', 'A8', 'A9', 'A10', 'A11', 'A12', 'A13', 'A14', 'A15', 'A16', 'A17', 'A18', 'A19', 'A20', 'A21', 'A22', 'A23', 'A24', 'A25', 'A26', 'A27', 'A28', 'A29', 'A30', 'A31', 'A32', 'A33', 'A34', 'A35', 'A36', 'A37', 'A38', 'A39', 'A40', 'A41', 'A42', 'A43', 'A44', 'A45', 'A46', 'A47', 'A48', 'A49', 'A50', 'A51', 'A52', 'A53', 'A54', 'A55', 'A56', 'A57', 'A58', 'A59', 'A60', 'A61', 'A62', 'A63', 'A64', 'A65', 'A66', 'A67', 'A68', 'A69', 'A70', 'A71', 'A72', 'B1', 'B2', 'B3', 'B4', 'B5', 'B6', 'B7', 'B8', 'B9', 'B10', 'B11', 'B12', 'B13', 'B14', 'B15', 'B16', 'B17', 'B18', 'B19', 'B20', 'B21', 'B22', 'B23', 'B24', 'B25', 'B26', 'B27', 'B28', 'B29', 'B30', 'B31', 'B32', 'B33', 'B34', 'B35', 'B36', 'B37', 'B38', 'B39', 'B40', 'B41', 'B42', 'B43', 'B44', 'B45', 'B46', 'B47', 'B48', 'B49', 'B50', 'B51', 'B52', 'B53', 'B54', 'B55', 'B56', 'B57', 'B58', 'B59', 'B60', 'B61', 'B62', 'B63', 'B64', 'B65', 'B66', 'B67', 'B68', 'B69', 'B70', 'B71', 'B72']
These residues will be fixed:  []
Designing HOMO-OLIGOMER
No ligand atoms parsed
Designing protein from this path: /wynton/home/rotation/geanhu/multi-state/data/string-sampling/combined/5KPH_4_6_8_combined.pdb
These residues will be redesigned:  ['A1', 'A2', 'A3', 'A4', 'A5', 'A6', 'A7', 'A8', 'A9', 'A10', 'A11', 'A12', 'A13', 'A14', 'A15', 'A16', 'A17', 'A18', 'A19', 'A20', 'A21', 'A22', 'A23', 'A24', 'A25', 'A26', 'A27', 'A28', 'A29', 'A30', 'A31', 'A32', 'A33', 'A34', 'A35', 'A36', 'A37', 'A38', 'A39', 'A40', 'A41', 'A42', 'A43', 'A44', 'A45', 'A46', 'A47', 'A48', 'A49', 'A50', 'A51', 'A52', 'A53', 'A54', 'A55', 'A56', 'A57', 'A58', 'A59', 'A60', 'A61', 'A62', 'A63', 'A64', 'A65', 'A66', 'A67', 'A68', 'A69', 'A70', 'A71', 'A72', 'B1', 'B2', 'B3', 'B4', 'B5', 'B6', 'B7', 'B8', 'B9', 'B10', 'B11', 'B12', 'B13', 'B14', 'B15', 'B16', 'B17', 'B18', 'B19', 'B20', 'B21', 'B22', 'B23', 'B24', 'B25', 'B26', 'B27', 'B28', 'B29', 'B30', 'B31', 'B32', 'B33', 'B34', 'B35', 'B36', 'B37', 'B38', 'B39', 'B40', 'B41', 'B42', 'B43', 'B44', 'B45', 'B46', 'B47', 'B48', 'B49', 'B50', 'B51', 'B52', 'B53', 'B54', 'B55', 'B56', 'B57', 'B58', 'B59', 'B60', 'B61', 'B62', 'B63', 'B64', 'B65', 'B66', 'B67', 'B68', 'B69', 'B70', 'B71', 'B72']
These residues will be fixed:  []
Designing HOMO-OLIGOMER
No ligand atoms parsed
Designing protein from this path: /wynton/home/rotation/geanhu/multi-state/data/string-sampling/combined/5KPH_4_6_9_combined.pdb
These residues will be redesigned:  ['A1', 'A2', 'A3', 'A4', 'A5', 'A6', 'A7', 'A8', 'A9', 'A10', 'A11', 'A12', 'A13', 'A14', 'A15', 'A16', 'A17', 'A18', 'A19', 'A20', 'A21', 'A22', 'A23', 'A24', 'A25', 'A26', 'A27', 'A28', 'A29', 'A30', 'A31', 'A32', 'A33', 'A34', 'A35', 'A36', 'A37', 'A38', 'A39', 'A40', 'A41', 'A42', 'A43', 'A44', 'A45', 'A46', 'A47', 'A48', 'A49', 'A50', 'A51', 'A52', 'A53', 'A54', 'A55', 'A56', 'A57', 'A58', 'A59', 'A60', 'A61', 'A62', 'A63', 'A64', 'A65', 'A66', 'A67', 'A68', 'A69', 'A70', 'A71', 'A72', 'B1', 'B2', 'B3', 'B4', 'B5', 'B6', 'B7', 'B8', 'B9', 'B10', 'B11', 'B12', 'B13', 'B14', 'B15', 'B16', 'B17', 'B18', 'B19', 'B20', 'B21', 'B22', 'B23', 'B24', 'B25', 'B26', 'B27', 'B28', 'B29', 'B30', 'B31', 'B32', 'B33', 'B34', 'B35', 'B36', 'B37', 'B38', 'B39', 'B40', 'B41', 'B42', 'B43', 'B44', 'B45', 'B46', 'B47', 'B48', 'B49', 'B50', 'B51', 'B52', 'B53', 'B54', 'B55', 'B56', 'B57', 'B58', 'B59', 'B60', 'B61', 'B62', 'B63', 'B64', 'B65', 'B66', 'B67', 'B68', 'B69', 'B70', 'B71', 'B72']
These residues will be fixed:  []
Designing HOMO-OLIGOMER
No ligand atoms parsed
Designing protein from this path: /wynton/home/rotation/geanhu/multi-state/data/string-sampling/combined/5KPH_4_8_0_combined.pdb
These residues will be redesigned:  ['A1', 'A2', 'A3', 'A4', 'A5', 'A6', 'A7', 'A8', 'A9', 'A10', 'A11', 'A12', 'A13', 'A14', 'A15', 'A16', 'A17', 'A18', 'A19', 'A20', 'A21', 'A22', 'A23', 'A24', 'A25', 'A26', 'A27', 'A28', 'A29', 'A30', 'A31', 'A32', 'A33', 'A34', 'A35', 'A36', 'A37', 'A38', 'A39', 'A40', 'A41', 'A42', 'A43', 'A44', 'A45', 'A46', 'A47', 'A48', 'A49', 'A50', 'A51', 'A52', 'A53', 'A54', 'A55', 'A56', 'A57', 'A58', 'A59', 'A60', 'A61', 'A62', 'A63', 'A64', 'A65', 'A66', 'A67', 'A68', 'A69', 'A70', 'A71', 'A72', 'B1', 'B2', 'B3', 'B4', 'B5', 'B6', 'B7', 'B8', 'B9', 'B10', 'B11', 'B12', 'B13', 'B14', 'B15', 'B16', 'B17', 'B18', 'B19', 'B20', 'B21', 'B22', 'B23', 'B24', 'B25', 'B26', 'B27', 'B28', 'B29', 'B30', 'B31', 'B32', 'B33', 'B34', 'B35', 'B36', 'B37', 'B38', 'B39', 'B40', 'B41', 'B42', 'B43', 'B44', 'B45', 'B46', 'B47', 'B48', 'B49', 'B50', 'B51', 'B52', 'B53', 'B54', 'B55', 'B56', 'B57', 'B58', 'B59', 'B60', 'B61', 'B62', 'B63', 'B64', 'B65', 'B66', 'B67', 'B68', 'B69', 'B70', 'B71', 'B72']
These residues will be fixed:  []
Designing HOMO-OLIGOMER
No ligand atoms parsed
Designing protein from this path: /wynton/home/rotation/geanhu/multi-state/data/string-sampling/combined/5KPH_4_8_2_combined.pdb
These residues will be redesigned:  ['A1', 'A2', 'A3', 'A4', 'A5', 'A6', 'A7', 'A8', 'A9', 'A10', 'A11', 'A12', 'A13', 'A14', 'A15', 'A16', 'A17', 'A18', 'A19', 'A20', 'A21', 'A22', 'A23', 'A24', 'A25', 'A26', 'A27', 'A28', 'A29', 'A30', 'A31', 'A32', 'A33', 'A34', 'A35', 'A36', 'A37', 'A38', 'A39', 'A40', 'A41', 'A42', 'A43', 'A44', 'A45', 'A46', 'A47', 'A48', 'A49', 'A50', 'A51', 'A52', 'A53', 'A54', 'A55', 'A56', 'A57', 'A58', 'A59', 'A60', 'A61', 'A62', 'A63', 'A64', 'A65', 'A66', 'A67', 'A68', 'A69', 'A70', 'A71', 'A72', 'B1', 'B2', 'B3', 'B4', 'B5', 'B6', 'B7', 'B8', 'B9', 'B10', 'B11', 'B12', 'B13', 'B14', 'B15', 'B16', 'B17', 'B18', 'B19', 'B20', 'B21', 'B22', 'B23', 'B24', 'B25', 'B26', 'B27', 'B28', 'B29', 'B30', 'B31', 'B32', 'B33', 'B34', 'B35', 'B36', 'B37', 'B38', 'B39', 'B40', 'B41', 'B42', 'B43', 'B44', 'B45', 'B46', 'B47', 'B48', 'B49', 'B50', 'B51', 'B52', 'B53', 'B54', 'B55', 'B56', 'B57', 'B58', 'B59', 'B60', 'B61', 'B62', 'B63', 'B64', 'B65', 'B66', 'B67', 'B68', 'B69', 'B70', 'B71', 'B72']
These residues will be fixed:  []
Designing HOMO-OLIGOMER
No ligand atoms parsed
Designing protein from this path: /wynton/home/rotation/geanhu/multi-state/data/string-sampling/combined/5KPH_4_8_3_combined.pdb
These residues will be redesigned:  ['A1', 'A2', 'A3', 'A4', 'A5', 'A6', 'A7', 'A8', 'A9', 'A10', 'A11', 'A12', 'A13', 'A14', 'A15', 'A16', 'A17', 'A18', 'A19', 'A20', 'A21', 'A22', 'A23', 'A24', 'A25', 'A26', 'A27', 'A28', 'A29', 'A30', 'A31', 'A32', 'A33', 'A34', 'A35', 'A36', 'A37', 'A38', 'A39', 'A40', 'A41', 'A42', 'A43', 'A44', 'A45', 'A46', 'A47', 'A48', 'A49', 'A50', 'A51', 'A52', 'A53', 'A54', 'A55', 'A56', 'A57', 'A58', 'A59', 'A60', 'A61', 'A62', 'A63', 'A64', 'A65', 'A66', 'A67', 'A68', 'A69', 'A70', 'A71', 'A72', 'B1', 'B2', 'B3', 'B4', 'B5', 'B6', 'B7', 'B8', 'B9', 'B10', 'B11', 'B12', 'B13', 'B14', 'B15', 'B16', 'B17', 'B18', 'B19', 'B20', 'B21', 'B22', 'B23', 'B24', 'B25', 'B26', 'B27', 'B28', 'B29', 'B30', 'B31', 'B32', 'B33', 'B34', 'B35', 'B36', 'B37', 'B38', 'B39', 'B40', 'B41', 'B42', 'B43', 'B44', 'B45', 'B46', 'B47', 'B48', 'B49', 'B50', 'B51', 'B52', 'B53', 'B54', 'B55', 'B56', 'B57', 'B58', 'B59', 'B60', 'B61', 'B62', 'B63', 'B64', 'B65', 'B66', 'B67', 'B68', 'B69', 'B70', 'B71', 'B72']
These residues will be fixed:  []
Designing HOMO-OLIGOMER
No ligand atoms parsed
Designing protein from this path: /wynton/home/rotation/geanhu/multi-state/data/string-sampling/combined/5KPH_4_8_4_combined.pdb
These residues will be redesigned:  ['A1', 'A2', 'A3', 'A4', 'A5', 'A6', 'A7', 'A8', 'A9', 'A10', 'A11', 'A12', 'A13', 'A14', 'A15', 'A16', 'A17', 'A18', 'A19', 'A20', 'A21', 'A22', 'A23', 'A24', 'A25', 'A26', 'A27', 'A28', 'A29', 'A30', 'A31', 'A32', 'A33', 'A34', 'A35', 'A36', 'A37', 'A38', 'A39', 'A40', 'A41', 'A42', 'A43', 'A44', 'A45', 'A46', 'A47', 'A48', 'A49', 'A50', 'A51', 'A52', 'A53', 'A54', 'A55', 'A56', 'A57', 'A58', 'A59', 'A60', 'A61', 'A62', 'A63', 'A64', 'A65', 'A66', 'A67', 'A68', 'A69', 'A70', 'A71', 'A72', 'B1', 'B2', 'B3', 'B4', 'B5', 'B6', 'B7', 'B8', 'B9', 'B10', 'B11', 'B12', 'B13', 'B14', 'B15', 'B16', 'B17', 'B18', 'B19', 'B20', 'B21', 'B22', 'B23', 'B24', 'B25', 'B26', 'B27', 'B28', 'B29', 'B30', 'B31', 'B32', 'B33', 'B34', 'B35', 'B36', 'B37', 'B38', 'B39', 'B40', 'B41', 'B42', 'B43', 'B44', 'B45', 'B46', 'B47', 'B48', 'B49', 'B50', 'B51', 'B52', 'B53', 'B54', 'B55', 'B56', 'B57', 'B58', 'B59', 'B60', 'B61', 'B62', 'B63', 'B64', 'B65', 'B66', 'B67', 'B68', 'B69', 'B70', 'B71', 'B72']
These residues will be fixed:  []
Designing HOMO-OLIGOMER
No ligand atoms parsed
Designing protein from this path: /wynton/home/rotation/geanhu/multi-state/data/string-sampling/combined/5KPH_4_8_5_combined.pdb
These residues will be redesigned:  ['A1', 'A2', 'A3', 'A4', 'A5', 'A6', 'A7', 'A8', 'A9', 'A10', 'A11', 'A12', 'A13', 'A14', 'A15', 'A16', 'A17', 'A18', 'A19', 'A20', 'A21', 'A22', 'A23', 'A24', 'A25', 'A26', 'A27', 'A28', 'A29', 'A30', 'A31', 'A32', 'A33', 'A34', 'A35', 'A36', 'A37', 'A38', 'A39', 'A40', 'A41', 'A42', 'A43', 'A44', 'A45', 'A46', 'A47', 'A48', 'A49', 'A50', 'A51', 'A52', 'A53', 'A54', 'A55', 'A56', 'A57', 'A58', 'A59', 'A60', 'A61', 'A62', 'A63', 'A64', 'A65', 'A66', 'A67', 'A68', 'A69', 'A70', 'A71', 'A72', 'B1', 'B2', 'B3', 'B4', 'B5', 'B6', 'B7', 'B8', 'B9', 'B10', 'B11', 'B12', 'B13', 'B14', 'B15', 'B16', 'B17', 'B18', 'B19', 'B20', 'B21', 'B22', 'B23', 'B24', 'B25', 'B26', 'B27', 'B28', 'B29', 'B30', 'B31', 'B32', 'B33', 'B34', 'B35', 'B36', 'B37', 'B38', 'B39', 'B40', 'B41', 'B42', 'B43', 'B44', 'B45', 'B46', 'B47', 'B48', 'B49', 'B50', 'B51', 'B52', 'B53', 'B54', 'B55', 'B56', 'B57', 'B58', 'B59', 'B60', 'B61', 'B62', 'B63', 'B64', 'B65', 'B66', 'B67', 'B68', 'B69', 'B70', 'B71', 'B72']
These residues will be fixed:  []
Designing HOMO-OLIGOMER
No ligand atoms parsed
Designing protein from this path: /wynton/home/rotation/geanhu/multi-state/data/string-sampling/combined/5KPH_4_8_6_combined.pdb
These residues will be redesigned:  ['A1', 'A2', 'A3', 'A4', 'A5', 'A6', 'A7', 'A8', 'A9', 'A10', 'A11', 'A12', 'A13', 'A14', 'A15', 'A16', 'A17', 'A18', 'A19', 'A20', 'A21', 'A22', 'A23', 'A24', 'A25', 'A26', 'A27', 'A28', 'A29', 'A30', 'A31', 'A32', 'A33', 'A34', 'A35', 'A36', 'A37', 'A38', 'A39', 'A40', 'A41', 'A42', 'A43', 'A44', 'A45', 'A46', 'A47', 'A48', 'A49', 'A50', 'A51', 'A52', 'A53', 'A54', 'A55', 'A56', 'A57', 'A58', 'A59', 'A60', 'A61', 'A62', 'A63', 'A64', 'A65', 'A66', 'A67', 'A68', 'A69', 'A70', 'A71', 'A72', 'B1', 'B2', 'B3', 'B4', 'B5', 'B6', 'B7', 'B8', 'B9', 'B10', 'B11', 'B12', 'B13', 'B14', 'B15', 'B16', 'B17', 'B18', 'B19', 'B20', 'B21', 'B22', 'B23', 'B24', 'B25', 'B26', 'B27', 'B28', 'B29', 'B30', 'B31', 'B32', 'B33', 'B34', 'B35', 'B36', 'B37', 'B38', 'B39', 'B40', 'B41', 'B42', 'B43', 'B44', 'B45', 'B46', 'B47', 'B48', 'B49', 'B50', 'B51', 'B52', 'B53', 'B54', 'B55', 'B56', 'B57', 'B58', 'B59', 'B60', 'B61', 'B62', 'B63', 'B64', 'B65', 'B66', 'B67', 'B68', 'B69', 'B70', 'B71', 'B72']
These residues will be fixed:  []
Designing HOMO-OLIGOMER
No ligand atoms parsed
Designing protein from this path: /wynton/home/rotation/geanhu/multi-state/data/string-sampling/combined/5KPH_4_8_7_combined.pdb
These residues will be redesigned:  ['A1', 'A2', 'A3', 'A4', 'A5', 'A6', 'A7', 'A8', 'A9', 'A10', 'A11', 'A12', 'A13', 'A14', 'A15', 'A16', 'A17', 'A18', 'A19', 'A20', 'A21', 'A22', 'A23', 'A24', 'A25', 'A26', 'A27', 'A28', 'A29', 'A30', 'A31', 'A32', 'A33', 'A34', 'A35', 'A36', 'A37', 'A38', 'A39', 'A40', 'A41', 'A42', 'A43', 'A44', 'A45', 'A46', 'A47', 'A48', 'A49', 'A50', 'A51', 'A52', 'A53', 'A54', 'A55', 'A56', 'A57', 'A58', 'A59', 'A60', 'A61', 'A62', 'A63', 'A64', 'A65', 'A66', 'A67', 'A68', 'A69', 'A70', 'A71', 'A72', 'B1', 'B2', 'B3', 'B4', 'B5', 'B6', 'B7', 'B8', 'B9', 'B10', 'B11', 'B12', 'B13', 'B14', 'B15', 'B16', 'B17', 'B18', 'B19', 'B20', 'B21', 'B22', 'B23', 'B24', 'B25', 'B26', 'B27', 'B28', 'B29', 'B30', 'B31', 'B32', 'B33', 'B34', 'B35', 'B36', 'B37', 'B38', 'B39', 'B40', 'B41', 'B42', 'B43', 'B44', 'B45', 'B46', 'B47', 'B48', 'B49', 'B50', 'B51', 'B52', 'B53', 'B54', 'B55', 'B56', 'B57', 'B58', 'B59', 'B60', 'B61', 'B62', 'B63', 'B64', 'B65', 'B66', 'B67', 'B68', 'B69', 'B70', 'B71', 'B72']
These residues will be fixed:  []
Designing HOMO-OLIGOMER
No ligand atoms parsed
Designing protein from this path: /wynton/home/rotation/geanhu/multi-state/data/string-sampling/combined/5KPH_4_8_8_combined.pdb
These residues will be redesigned:  ['A1', 'A2', 'A3', 'A4', 'A5', 'A6', 'A7', 'A8', 'A9', 'A10', 'A11', 'A12', 'A13', 'A14', 'A15', 'A16', 'A17', 'A18', 'A19', 'A20', 'A21', 'A22', 'A23', 'A24', 'A25', 'A26', 'A27', 'A28', 'A29', 'A30', 'A31', 'A32', 'A33', 'A34', 'A35', 'A36', 'A37', 'A38', 'A39', 'A40', 'A41', 'A42', 'A43', 'A44', 'A45', 'A46', 'A47', 'A48', 'A49', 'A50', 'A51', 'A52', 'A53', 'A54', 'A55', 'A56', 'A57', 'A58', 'A59', 'A60', 'A61', 'A62', 'A63', 'A64', 'A65', 'A66', 'A67', 'A68', 'A69', 'A70', 'A71', 'A72', 'B1', 'B2', 'B3', 'B4', 'B5', 'B6', 'B7', 'B8', 'B9', 'B10', 'B11', 'B12', 'B13', 'B14', 'B15', 'B16', 'B17', 'B18', 'B19', 'B20', 'B21', 'B22', 'B23', 'B24', 'B25', 'B26', 'B27', 'B28', 'B29', 'B30', 'B31', 'B32', 'B33', 'B34', 'B35', 'B36', 'B37', 'B38', 'B39', 'B40', 'B41', 'B42', 'B43', 'B44', 'B45', 'B46', 'B47', 'B48', 'B49', 'B50', 'B51', 'B52', 'B53', 'B54', 'B55', 'B56', 'B57', 'B58', 'B59', 'B60', 'B61', 'B62', 'B63', 'B64', 'B65', 'B66', 'B67', 'B68', 'B69', 'B70', 'B71', 'B72']
These residues will be fixed:  []
Designing HOMO-OLIGOMER
No ligand atoms parsed
Designing protein from this path: /wynton/home/rotation/geanhu/multi-state/data/string-sampling/combined/5KPH_4_8_9_combined.pdb
These residues will be redesigned:  ['A1', 'A2', 'A3', 'A4', 'A5', 'A6', 'A7', 'A8', 'A9', 'A10', 'A11', 'A12', 'A13', 'A14', 'A15', 'A16', 'A17', 'A18', 'A19', 'A20', 'A21', 'A22', 'A23', 'A24', 'A25', 'A26', 'A27', 'A28', 'A29', 'A30', 'A31', 'A32', 'A33', 'A34', 'A35', 'A36', 'A37', 'A38', 'A39', 'A40', 'A41', 'A42', 'A43', 'A44', 'A45', 'A46', 'A47', 'A48', 'A49', 'A50', 'A51', 'A52', 'A53', 'A54', 'A55', 'A56', 'A57', 'A58', 'A59', 'A60', 'A61', 'A62', 'A63', 'A64', 'A65', 'A66', 'A67', 'A68', 'A69', 'A70', 'A71', 'A72', 'B1', 'B2', 'B3', 'B4', 'B5', 'B6', 'B7', 'B8', 'B9', 'B10', 'B11', 'B12', 'B13', 'B14', 'B15', 'B16', 'B17', 'B18', 'B19', 'B20', 'B21', 'B22', 'B23', 'B24', 'B25', 'B26', 'B27', 'B28', 'B29', 'B30', 'B31', 'B32', 'B33', 'B34', 'B35', 'B36', 'B37', 'B38', 'B39', 'B40', 'B41', 'B42', 'B43', 'B44', 'B45', 'B46', 'B47', 'B48', 'B49', 'B50', 'B51', 'B52', 'B53', 'B54', 'B55', 'B56', 'B57', 'B58', 'B59', 'B60', 'B61', 'B62', 'B63', 'B64', 'B65', 'B66', 'B67', 'B68', 'B69', 'B70', 'B71', 'B72']
These residues will be fixed:  []
Designing HOMO-OLIGOMER
No ligand atoms parsed
Designing protein from this path: /wynton/home/rotation/geanhu/multi-state/data/string-sampling/combined/5KPH_6_2_5_combined.pdb
These residues will be redesigned:  ['A1', 'A2', 'A3', 'A4', 'A5', 'A6', 'A7', 'A8', 'A9', 'A10', 'A11', 'A12', 'A13', 'A14', 'A15', 'A16', 'A17', 'A18', 'A19', 'A20', 'A21', 'A22', 'A23', 'A24', 'A25', 'A26', 'A27', 'A28', 'A29', 'A30', 'A31', 'A32', 'A33', 'A34', 'A35', 'A36', 'A37', 'A38', 'A39', 'A40', 'A41', 'A42', 'A43', 'A44', 'A45', 'A46', 'A47', 'A48', 'A49', 'A50', 'A51', 'A52', 'A53', 'A54', 'A55', 'A56', 'A57', 'A58', 'A59', 'A60', 'A61', 'A62', 'A63', 'A64', 'A65', 'A66', 'A67', 'A68', 'A69', 'A70', 'A71', 'A72', 'B1', 'B2', 'B3', 'B4', 'B5', 'B6', 'B7', 'B8', 'B9', 'B10', 'B11', 'B12', 'B13', 'B14', 'B15', 'B16', 'B17', 'B18', 'B19', 'B20', 'B21', 'B22', 'B23', 'B24', 'B25', 'B26', 'B27', 'B28', 'B29', 'B30', 'B31', 'B32', 'B33', 'B34', 'B35', 'B36', 'B37', 'B38', 'B39', 'B40', 'B41', 'B42', 'B43', 'B44', 'B45', 'B46', 'B47', 'B48', 'B49', 'B50', 'B51', 'B52', 'B53', 'B54', 'B55', 'B56', 'B57', 'B58', 'B59', 'B60', 'B61', 'B62', 'B63', 'B64', 'B65', 'B66', 'B67', 'B68', 'B69', 'B70', 'B71', 'B72']
These residues will be fixed:  []
Designing HOMO-OLIGOMER
No ligand atoms parsed
Designing protein from this path: /wynton/home/rotation/geanhu/multi-state/data/string-sampling/combined/5KPH_6_2_8_combined.pdb
These residues will be redesigned:  ['A1', 'A2', 'A3', 'A4', 'A5', 'A6', 'A7', 'A8', 'A9', 'A10', 'A11', 'A12', 'A13', 'A14', 'A15', 'A16', 'A17', 'A18', 'A19', 'A20', 'A21', 'A22', 'A23', 'A24', 'A25', 'A26', 'A27', 'A28', 'A29', 'A30', 'A31', 'A32', 'A33', 'A34', 'A35', 'A36', 'A37', 'A38', 'A39', 'A40', 'A41', 'A42', 'A43', 'A44', 'A45', 'A46', 'A47', 'A48', 'A49', 'A50', 'A51', 'A52', 'A53', 'A54', 'A55', 'A56', 'A57', 'A58', 'A59', 'A60', 'A61', 'A62', 'A63', 'A64', 'A65', 'A66', 'A67', 'A68', 'A69', 'A70', 'A71', 'A72', 'B1', 'B2', 'B3', 'B4', 'B5', 'B6', 'B7', 'B8', 'B9', 'B10', 'B11', 'B12', 'B13', 'B14', 'B15', 'B16', 'B17', 'B18', 'B19', 'B20', 'B21', 'B22', 'B23', 'B24', 'B25', 'B26', 'B27', 'B28', 'B29', 'B30', 'B31', 'B32', 'B33', 'B34', 'B35', 'B36', 'B37', 'B38', 'B39', 'B40', 'B41', 'B42', 'B43', 'B44', 'B45', 'B46', 'B47', 'B48', 'B49', 'B50', 'B51', 'B52', 'B53', 'B54', 'B55', 'B56', 'B57', 'B58', 'B59', 'B60', 'B61', 'B62', 'B63', 'B64', 'B65', 'B66', 'B67', 'B68', 'B69', 'B70', 'B71', 'B72']
These residues will be fixed:  []
Designing HOMO-OLIGOMER
No ligand atoms parsed
Designing protein from this path: /wynton/home/rotation/geanhu/multi-state/data/string-sampling/combined/5KPH_6_2_9_combined.pdb
These residues will be redesigned:  ['A1', 'A2', 'A3', 'A4', 'A5', 'A6', 'A7', 'A8', 'A9', 'A10', 'A11', 'A12', 'A13', 'A14', 'A15', 'A16', 'A17', 'A18', 'A19', 'A20', 'A21', 'A22', 'A23', 'A24', 'A25', 'A26', 'A27', 'A28', 'A29', 'A30', 'A31', 'A32', 'A33', 'A34', 'A35', 'A36', 'A37', 'A38', 'A39', 'A40', 'A41', 'A42', 'A43', 'A44', 'A45', 'A46', 'A47', 'A48', 'A49', 'A50', 'A51', 'A52', 'A53', 'A54', 'A55', 'A56', 'A57', 'A58', 'A59', 'A60', 'A61', 'A62', 'A63', 'A64', 'A65', 'A66', 'A67', 'A68', 'A69', 'A70', 'A71', 'A72', 'B1', 'B2', 'B3', 'B4', 'B5', 'B6', 'B7', 'B8', 'B9', 'B10', 'B11', 'B12', 'B13', 'B14', 'B15', 'B16', 'B17', 'B18', 'B19', 'B20', 'B21', 'B22', 'B23', 'B24', 'B25', 'B26', 'B27', 'B28', 'B29', 'B30', 'B31', 'B32', 'B33', 'B34', 'B35', 'B36', 'B37', 'B38', 'B39', 'B40', 'B41', 'B42', 'B43', 'B44', 'B45', 'B46', 'B47', 'B48', 'B49', 'B50', 'B51', 'B52', 'B53', 'B54', 'B55', 'B56', 'B57', 'B58', 'B59', 'B60', 'B61', 'B62', 'B63', 'B64', 'B65', 'B66', 'B67', 'B68', 'B69', 'B70', 'B71', 'B72']
These residues will be fixed:  []
Designing HOMO-OLIGOMER
No ligand atoms parsed
Designing protein from this path: /wynton/home/rotation/geanhu/multi-state/data/string-sampling/combined/5KPH_6_4_0_combined.pdb
These residues will be redesigned:  ['A1', 'A2', 'A3', 'A4', 'A5', 'A6', 'A7', 'A8', 'A9', 'A10', 'A11', 'A12', 'A13', 'A14', 'A15', 'A16', 'A17', 'A18', 'A19', 'A20', 'A21', 'A22', 'A23', 'A24', 'A25', 'A26', 'A27', 'A28', 'A29', 'A30', 'A31', 'A32', 'A33', 'A34', 'A35', 'A36', 'A37', 'A38', 'A39', 'A40', 'A41', 'A42', 'A43', 'A44', 'A45', 'A46', 'A47', 'A48', 'A49', 'A50', 'A51', 'A52', 'A53', 'A54', 'A55', 'A56', 'A57', 'A58', 'A59', 'A60', 'A61', 'A62', 'A63', 'A64', 'A65', 'A66', 'A67', 'A68', 'A69', 'A70', 'A71', 'A72', 'B1', 'B2', 'B3', 'B4', 'B5', 'B6', 'B7', 'B8', 'B9', 'B10', 'B11', 'B12', 'B13', 'B14', 'B15', 'B16', 'B17', 'B18', 'B19', 'B20', 'B21', 'B22', 'B23', 'B24', 'B25', 'B26', 'B27', 'B28', 'B29', 'B30', 'B31', 'B32', 'B33', 'B34', 'B35', 'B36', 'B37', 'B38', 'B39', 'B40', 'B41', 'B42', 'B43', 'B44', 'B45', 'B46', 'B47', 'B48', 'B49', 'B50', 'B51', 'B52', 'B53', 'B54', 'B55', 'B56', 'B57', 'B58', 'B59', 'B60', 'B61', 'B62', 'B63', 'B64', 'B65', 'B66', 'B67', 'B68', 'B69', 'B70', 'B71', 'B72']
These residues will be fixed:  []
Designing HOMO-OLIGOMER
No ligand atoms parsed
Designing protein from this path: /wynton/home/rotation/geanhu/multi-state/data/string-sampling/combined/5KPH_6_4_1_combined.pdb
These residues will be redesigned:  ['A1', 'A2', 'A3', 'A4', 'A5', 'A6', 'A7', 'A8', 'A9', 'A10', 'A11', 'A12', 'A13', 'A14', 'A15', 'A16', 'A17', 'A18', 'A19', 'A20', 'A21', 'A22', 'A23', 'A24', 'A25', 'A26', 'A27', 'A28', 'A29', 'A30', 'A31', 'A32', 'A33', 'A34', 'A35', 'A36', 'A37', 'A38', 'A39', 'A40', 'A41', 'A42', 'A43', 'A44', 'A45', 'A46', 'A47', 'A48', 'A49', 'A50', 'A51', 'A52', 'A53', 'A54', 'A55', 'A56', 'A57', 'A58', 'A59', 'A60', 'A61', 'A62', 'A63', 'A64', 'A65', 'A66', 'A67', 'A68', 'A69', 'A70', 'A71', 'A72', 'B1', 'B2', 'B3', 'B4', 'B5', 'B6', 'B7', 'B8', 'B9', 'B10', 'B11', 'B12', 'B13', 'B14', 'B15', 'B16', 'B17', 'B18', 'B19', 'B20', 'B21', 'B22', 'B23', 'B24', 'B25', 'B26', 'B27', 'B28', 'B29', 'B30', 'B31', 'B32', 'B33', 'B34', 'B35', 'B36', 'B37', 'B38', 'B39', 'B40', 'B41', 'B42', 'B43', 'B44', 'B45', 'B46', 'B47', 'B48', 'B49', 'B50', 'B51', 'B52', 'B53', 'B54', 'B55', 'B56', 'B57', 'B58', 'B59', 'B60', 'B61', 'B62', 'B63', 'B64', 'B65', 'B66', 'B67', 'B68', 'B69', 'B70', 'B71', 'B72']
These residues will be fixed:  []
Designing HOMO-OLIGOMER
No ligand atoms parsed
Designing protein from this path: /wynton/home/rotation/geanhu/multi-state/data/string-sampling/combined/5KPH_6_4_4_combined.pdb
These residues will be redesigned:  ['A1', 'A2', 'A3', 'A4', 'A5', 'A6', 'A7', 'A8', 'A9', 'A10', 'A11', 'A12', 'A13', 'A14', 'A15', 'A16', 'A17', 'A18', 'A19', 'A20', 'A21', 'A22', 'A23', 'A24', 'A25', 'A26', 'A27', 'A28', 'A29', 'A30', 'A31', 'A32', 'A33', 'A34', 'A35', 'A36', 'A37', 'A38', 'A39', 'A40', 'A41', 'A42', 'A43', 'A44', 'A45', 'A46', 'A47', 'A48', 'A49', 'A50', 'A51', 'A52', 'A53', 'A54', 'A55', 'A56', 'A57', 'A58', 'A59', 'A60', 'A61', 'A62', 'A63', 'A64', 'A65', 'A66', 'A67', 'A68', 'A69', 'A70', 'A71', 'A72', 'B1', 'B2', 'B3', 'B4', 'B5', 'B6', 'B7', 'B8', 'B9', 'B10', 'B11', 'B12', 'B13', 'B14', 'B15', 'B16', 'B17', 'B18', 'B19', 'B20', 'B21', 'B22', 'B23', 'B24', 'B25', 'B26', 'B27', 'B28', 'B29', 'B30', 'B31', 'B32', 'B33', 'B34', 'B35', 'B36', 'B37', 'B38', 'B39', 'B40', 'B41', 'B42', 'B43', 'B44', 'B45', 'B46', 'B47', 'B48', 'B49', 'B50', 'B51', 'B52', 'B53', 'B54', 'B55', 'B56', 'B57', 'B58', 'B59', 'B60', 'B61', 'B62', 'B63', 'B64', 'B65', 'B66', 'B67', 'B68', 'B69', 'B70', 'B71', 'B72']
These residues will be fixed:  []
Designing HOMO-OLIGOMER
No ligand atoms parsed
Designing protein from this path: /wynton/home/rotation/geanhu/multi-state/data/string-sampling/combined/5KPH_6_6_8_combined.pdb
These residues will be redesigned:  ['A1', 'A2', 'A3', 'A4', 'A5', 'A6', 'A7', 'A8', 'A9', 'A10', 'A11', 'A12', 'A13', 'A14', 'A15', 'A16', 'A17', 'A18', 'A19', 'A20', 'A21', 'A22', 'A23', 'A24', 'A25', 'A26', 'A27', 'A28', 'A29', 'A30', 'A31', 'A32', 'A33', 'A34', 'A35', 'A36', 'A37', 'A38', 'A39', 'A40', 'A41', 'A42', 'A43', 'A44', 'A45', 'A46', 'A47', 'A48', 'A49', 'A50', 'A51', 'A52', 'A53', 'A54', 'A55', 'A56', 'A57', 'A58', 'A59', 'A60', 'A61', 'A62', 'A63', 'A64', 'A65', 'A66', 'A67', 'A68', 'A69', 'A70', 'A71', 'A72', 'B1', 'B2', 'B3', 'B4', 'B5', 'B6', 'B7', 'B8', 'B9', 'B10', 'B11', 'B12', 'B13', 'B14', 'B15', 'B16', 'B17', 'B18', 'B19', 'B20', 'B21', 'B22', 'B23', 'B24', 'B25', 'B26', 'B27', 'B28', 'B29', 'B30', 'B31', 'B32', 'B33', 'B34', 'B35', 'B36', 'B37', 'B38', 'B39', 'B40', 'B41', 'B42', 'B43', 'B44', 'B45', 'B46', 'B47', 'B48', 'B49', 'B50', 'B51', 'B52', 'B53', 'B54', 'B55', 'B56', 'B57', 'B58', 'B59', 'B60', 'B61', 'B62', 'B63', 'B64', 'B65', 'B66', 'B67', 'B68', 'B69', 'B70', 'B71', 'B72']
These residues will be fixed:  []
Designing HOMO-OLIGOMER
No ligand atoms parsed
Designing protein from this path: /wynton/home/rotation/geanhu/multi-state/data/string-sampling/combined/5KPH_8_6_4_combined.pdb
These residues will be redesigned:  ['A1', 'A2', 'A3', 'A4', 'A5', 'A6', 'A7', 'A8', 'A9', 'A10', 'A11', 'A12', 'A13', 'A14', 'A15', 'A16', 'A17', 'A18', 'A19', 'A20', 'A21', 'A22', 'A23', 'A24', 'A25', 'A26', 'A27', 'A28', 'A29', 'A30', 'A31', 'A32', 'A33', 'A34', 'A35', 'A36', 'A37', 'A38', 'A39', 'A40', 'A41', 'A42', 'A43', 'A44', 'A45', 'A46', 'A47', 'A48', 'A49', 'A50', 'A51', 'A52', 'A53', 'A54', 'A55', 'A56', 'A57', 'A58', 'A59', 'A60', 'A61', 'A62', 'A63', 'A64', 'A65', 'A66', 'A67', 'A68', 'A69', 'A70', 'A71', 'A72', 'B1', 'B2', 'B3', 'B4', 'B5', 'B6', 'B7', 'B8', 'B9', 'B10', 'B11', 'B12', 'B13', 'B14', 'B15', 'B16', 'B17', 'B18', 'B19', 'B20', 'B21', 'B22', 'B23', 'B24', 'B25', 'B26', 'B27', 'B28', 'B29', 'B30', 'B31', 'B32', 'B33', 'B34', 'B35', 'B36', 'B37', 'B38', 'B39', 'B40', 'B41', 'B42', 'B43', 'B44', 'B45', 'B46', 'B47', 'B48', 'B49', 'B50', 'B51', 'B52', 'B53', 'B54', 'B55', 'B56', 'B57', 'B58', 'B59', 'B60', 'B61', 'B62', 'B63', 'B64', 'B65', 'B66', 'B67', 'B68', 'B69', 'B70', 'B71', 'B72']
These residues will be fixed:  []
Designing HOMO-OLIGOMER
No ligand atoms parsed
Designing protein from this path: /wynton/home/rotation/geanhu/multi-state/data/string-sampling/combined/5KPH_8_8_0_combined.pdb
These residues will be redesigned:  ['A1', 'A2', 'A3', 'A4', 'A5', 'A6', 'A7', 'A8', 'A9', 'A10', 'A11', 'A12', 'A13', 'A14', 'A15', 'A16', 'A17', 'A18', 'A19', 'A20', 'A21', 'A22', 'A23', 'A24', 'A25', 'A26', 'A27', 'A28', 'A29', 'A30', 'A31', 'A32', 'A33', 'A34', 'A35', 'A36', 'A37', 'A38', 'A39', 'A40', 'A41', 'A42', 'A43', 'A44', 'A45', 'A46', 'A47', 'A48', 'A49', 'A50', 'A51', 'A52', 'A53', 'A54', 'A55', 'A56', 'A57', 'A58', 'A59', 'A60', 'A61', 'A62', 'A63', 'A64', 'A65', 'A66', 'A67', 'A68', 'A69', 'A70', 'A71', 'A72', 'B1', 'B2', 'B3', 'B4', 'B5', 'B6', 'B7', 'B8', 'B9', 'B10', 'B11', 'B12', 'B13', 'B14', 'B15', 'B16', 'B17', 'B18', 'B19', 'B20', 'B21', 'B22', 'B23', 'B24', 'B25', 'B26', 'B27', 'B28', 'B29', 'B30', 'B31', 'B32', 'B33', 'B34', 'B35', 'B36', 'B37', 'B38', 'B39', 'B40', 'B41', 'B42', 'B43', 'B44', 'B45', 'B46', 'B47', 'B48', 'B49', 'B50', 'B51', 'B52', 'B53', 'B54', 'B55', 'B56', 'B57', 'B58', 'B59', 'B60', 'B61', 'B62', 'B63', 'B64', 'B65', 'B66', 'B67', 'B68', 'B69', 'B70', 'B71', 'B72']
These residues will be fixed:  []
Designing HOMO-OLIGOMER
No ligand atoms parsed
Designing protein from this path: /wynton/home/rotation/geanhu/multi-state/data/string-sampling/combined/5KPH_8_8_5_combined.pdb
These residues will be redesigned:  ['A1', 'A2', 'A3', 'A4', 'A5', 'A6', 'A7', 'A8', 'A9', 'A10', 'A11', 'A12', 'A13', 'A14', 'A15', 'A16', 'A17', 'A18', 'A19', 'A20', 'A21', 'A22', 'A23', 'A24', 'A25', 'A26', 'A27', 'A28', 'A29', 'A30', 'A31', 'A32', 'A33', 'A34', 'A35', 'A36', 'A37', 'A38', 'A39', 'A40', 'A41', 'A42', 'A43', 'A44', 'A45', 'A46', 'A47', 'A48', 'A49', 'A50', 'A51', 'A52', 'A53', 'A54', 'A55', 'A56', 'A57', 'A58', 'A59', 'A60', 'A61', 'A62', 'A63', 'A64', 'A65', 'A66', 'A67', 'A68', 'A69', 'A70', 'A71', 'A72', 'B1', 'B2', 'B3', 'B4', 'B5', 'B6', 'B7', 'B8', 'B9', 'B10', 'B11', 'B12', 'B13', 'B14', 'B15', 'B16', 'B17', 'B18', 'B19', 'B20', 'B21', 'B22', 'B23', 'B24', 'B25', 'B26', 'B27', 'B28', 'B29', 'B30', 'B31', 'B32', 'B33', 'B34', 'B35', 'B36', 'B37', 'B38', 'B39', 'B40', 'B41', 'B42', 'B43', 'B44', 'B45', 'B46', 'B47', 'B48', 'B49', 'B50', 'B51', 'B52', 'B53', 'B54', 'B55', 'B56', 'B57', 'B58', 'B59', 'B60', 'B61', 'B62', 'B63', 'B64', 'B65', 'B66', 'B67', 'B68', 'B69', 'B70', 'B71', 'B72']
These residues will be fixed:  []
Designing HOMO-OLIGOMER
No ligand atoms parsed
Designing protein from this path: /wynton/home/rotation/geanhu/multi-state/data/string-sampling/combined/5KPH_8_8_9_combined.pdb
These residues will be redesigned:  ['A1', 'A2', 'A3', 'A4', 'A5', 'A6', 'A7', 'A8', 'A9', 'A10', 'A11', 'A12', 'A13', 'A14', 'A15', 'A16', 'A17', 'A18', 'A19', 'A20', 'A21', 'A22', 'A23', 'A24', 'A25', 'A26', 'A27', 'A28', 'A29', 'A30', 'A31', 'A32', 'A33', 'A34', 'A35', 'A36', 'A37', 'A38', 'A39', 'A40', 'A41', 'A42', 'A43', 'A44', 'A45', 'A46', 'A47', 'A48', 'A49', 'A50', 'A51', 'A52', 'A53', 'A54', 'A55', 'A56', 'A57', 'A58', 'A59', 'A60', 'A61', 'A62', 'A63', 'A64', 'A65', 'A66', 'A67', 'A68', 'A69', 'A70', 'A71', 'A72', 'B1', 'B2', 'B3', 'B4', 'B5', 'B6', 'B7', 'B8', 'B9', 'B10', 'B11', 'B12', 'B13', 'B14', 'B15', 'B16', 'B17', 'B18', 'B19', 'B20', 'B21', 'B22', 'B23', 'B24', 'B25', 'B26', 'B27', 'B28', 'B29', 'B30', 'B31', 'B32', 'B33', 'B34', 'B35', 'B36', 'B37', 'B38', 'B39', 'B40', 'B41', 'B42', 'B43', 'B44', 'B45', 'B46', 'B47', 'B48', 'B49', 'B50', 'B51', 'B52', 'B53', 'B54', 'B55', 'B56', 'B57', 'B58', 'B59', 'B60', 'B61', 'B62', 'B63', 'B64', 'B65', 'B66', 'B67', 'B68', 'B69', 'B70', 'B71', 'B72']
These residues will be fixed:  []
Designing HOMO-OLIGOMER
No ligand atoms parsed
End: Tue Jul 28 14:45:32 PDT 2026
