Start: Wed Jul 15 18:33:47 PDT 2026
qb3-atgpu12.wynton.ucsf.edu
==============================================================
job_number:                 4198491
exec_file:                  job_scripts/4198491
submission_time:            Wed Jul 15 18:24:17 2026
owner:                      geanhu
uid:                        64854
group:                      wynton-rotation
gid:                        60001
sge_o_home:                 /wynton/home/rotation/geanhu
sge_o_log_name:             geanhu
sge_o_path:                 /wynton/home/rotation/geanhu/.conda/envs/analysis/bin:/wynton/home/cbi/shared/software/CBI/miniforge3-26.3.2-2/condabin:/wynton/home/cbi/shared/software/CBI/miniforge3-26.3.2-2/bin:/wynton/home/ferrin/goddard/localcolabfold/localcolabfold/colabfold-conda/bin:/wynton/home/rotation/geanhu/.local/bin:/wynton/home/rotation/geanhu/bin:/opt/sge/bin:/opt/sge/bin/lx-amd64:/usr/local/bin:/usr/bin:/usr/local/sbin:/usr/sbin:/wynton/home/kortemme/xingjiepan/Softwares/Rosetta/Rosetta/main/source/bin
sge_o_shell:                /bin/bash
sge_o_workdir:              /wynton/home/rotation/geanhu/multi-state/scripts
sge_o_host:                 dev2
account:                    sge
cwd:                        /wynton/home/rotation/geanhu/multi-state/scripts
merge:                      y
hard resource_list:         compute_cap=80,gpu_mem=40G,h_rt=3600,mem_free=32G,scratch=32G,hostname=!qb3-idgpu18
mail_list:                  geanhu@dev2.wynton.ucsf.edu
notify:                     FALSE
job_name:                   fold
stdout_path_list:           NONE:NONE:logs/colabfold/$JOB_ID.log
jobshare:                   0
hard_queue_list:            gpu.q
shell_list:                 NONE:/bin/bash
env_list:                   TERM=NONE
script_file:                colabfold.sh
parallel environment:  smp range: 1
project:                    wynton-rotation
binding:                    NONE
job_type:                   NONE
usage         1:            cpu=00:00:00, mem=0.00000 GB s, io=0.00000 GB, vmem=N/A, maxvmem=N/A
binding       1:            NONE
scheduling info:            (Collecting of scheduler job information is turned off)
------Start of script-------
#!/bin/bash
#$ -S /bin/bash
#$ -q gpu.q
#$ -pe smp 1
#$ -l compute_cap=80,gpu_mem=40G
#$ -cwd
#$ -N fold
#$ -o logs/colabfold/$JOB_ID.log
#$ -j y
#$ -l h_rt=01:00:00
#$ -l mem_free=32G
#$ -l scratch=32G
#$ -l h=!qb3-idgpu18

# metadata
echo "Start: $(date)"
echo "$(hostname)"
[[ -n "$JOB_ID" ]] && qstat -j "$JOB_ID"
echo "------Start of script-------"
cat "$0"
echo ""
echo "-------End of script---------"

# run
exec colabfold_batch \
    --num-recycle 3 \
    --msa-mode single_sequence \
    --random-seed 42 \
    --num-seeds 1 \
    $HOME/multi-state/data/mpnn-output/5KPE-5KPH_missing/seqs/seqs.csv \
    $HOME/multi-state/data/colabfold-output/5KPE-5KPH_refined/

# end
echo "End: $(date)"
echo "-----------"
-------End of script---------
2026-07-15 18:36:16,434 Running colabfold 1.5.5 (a00ce1bcc477491d7693e3816d21ea3fc2cf40fd)
2026-07-15 18:36:20,779 Running on GPU
2026-07-15 18:36:32,802 Found 2 citations for tools or databases
2026-07-15 18:36:32,803 Query 1/80: 5KPH_2_6_3_0_id1 (length 72)
2026-07-15 18:36:50,955 Padding length to 82
2026-07-15 18:37:12,368 alphafold2_ptm_model_1_seed_042 recycle=0 pLDDT=81.8 pTM=0.555
2026-07-15 18:37:12,546 alphafold2_ptm_model_1_seed_042 recycle=1 pLDDT=84.9 pTM=0.594 tol=0.615
2026-07-15 18:37:12,720 alphafold2_ptm_model_1_seed_042 recycle=2 pLDDT=83 pTM=0.57 tol=0.197
2026-07-15 18:37:12,898 alphafold2_ptm_model_1_seed_042 recycle=3 pLDDT=83.1 pTM=0.563 tol=0.15
2026-07-15 18:37:12,898 alphafold2_ptm_model_1_seed_042 took 21.9s (3 recycles)
2026-07-15 18:37:13,204 alphafold2_ptm_model_2_seed_042 recycle=0 pLDDT=88.7 pTM=0.672
2026-07-15 18:37:13,381 alphafold2_ptm_model_2_seed_042 recycle=1 pLDDT=88.4 pTM=0.667 tol=0.152
2026-07-15 18:37:13,558 alphafold2_ptm_model_2_seed_042 recycle=2 pLDDT=87.9 pTM=0.663 tol=0.0925
2026-07-15 18:37:13,735 alphafold2_ptm_model_2_seed_042 recycle=3 pLDDT=87.9 pTM=0.662 tol=0.0488
2026-07-15 18:37:13,736 alphafold2_ptm_model_2_seed_042 took 0.7s (3 recycles)
2026-07-15 18:37:13,966 alphafold2_ptm_model_3_seed_042 recycle=0 pLDDT=82.2 pTM=0.577
2026-07-15 18:37:14,144 alphafold2_ptm_model_3_seed_042 recycle=1 pLDDT=85.7 pTM=0.632 tol=0.432
2026-07-15 18:37:14,321 alphafold2_ptm_model_3_seed_042 recycle=2 pLDDT=85.6 pTM=0.63 tol=0.251
2026-07-15 18:37:14,500 alphafold2_ptm_model_3_seed_042 recycle=3 pLDDT=86.2 pTM=0.639 tol=0.102
2026-07-15 18:37:14,500 alphafold2_ptm_model_3_seed_042 took 0.7s (3 recycles)
2026-07-15 18:37:14,729 alphafold2_ptm_model_4_seed_042 recycle=0 pLDDT=86.9 pTM=0.642
2026-07-15 18:37:14,908 alphafold2_ptm_model_4_seed_042 recycle=1 pLDDT=87.6 pTM=0.667 tol=0.31
2026-07-15 18:37:15,085 alphafold2_ptm_model_4_seed_042 recycle=2 pLDDT=87.6 pTM=0.666 tol=0.05
2026-07-15 18:37:15,263 alphafold2_ptm_model_4_seed_042 recycle=3 pLDDT=87.5 pTM=0.666 tol=0.0316
2026-07-15 18:37:15,263 alphafold2_ptm_model_4_seed_042 took 0.7s (3 recycles)
2026-07-15 18:37:15,461 alphafold2_ptm_model_5_seed_042 recycle=0 pLDDT=85.4 pTM=0.645
2026-07-15 18:37:15,634 alphafold2_ptm_model_5_seed_042 recycle=1 pLDDT=86.6 pTM=0.633 tol=0.551
2026-07-15 18:37:15,808 alphafold2_ptm_model_5_seed_042 recycle=2 pLDDT=84.9 pTM=0.615 tol=0.131
2026-07-15 18:37:15,984 alphafold2_ptm_model_5_seed_042 recycle=3 pLDDT=85.6 pTM=0.617 tol=0.142
2026-07-15 18:37:15,984 alphafold2_ptm_model_5_seed_042 took 0.7s (3 recycles)
2026-07-15 18:37:16,046 reranking models by 'plddt' metric
2026-07-15 18:37:16,046 rank_001_alphafold2_ptm_model_2_seed_042 pLDDT=87.9 pTM=0.662
2026-07-15 18:37:16,049 rank_002_alphafold2_ptm_model_4_seed_042 pLDDT=87.5 pTM=0.666
2026-07-15 18:37:16,051 rank_003_alphafold2_ptm_model_3_seed_042 pLDDT=86.2 pTM=0.639
2026-07-15 18:37:16,053 rank_004_alphafold2_ptm_model_5_seed_042 pLDDT=85.6 pTM=0.617
2026-07-15 18:37:16,055 rank_005_alphafold2_ptm_model_1_seed_042 pLDDT=83.1 pTM=0.563
2026-07-15 18:37:17,949 Query 2/80: 5KPH_2_6_3_0_id2 (length 72)
2026-07-15 18:37:19,376 Padding length to 82
2026-07-15 18:37:19,550 alphafold2_ptm_model_1_seed_042 recycle=0 pLDDT=58.1 pTM=0.402
2026-07-15 18:37:19,728 alphafold2_ptm_model_1_seed_042 recycle=1 pLDDT=88.4 pTM=0.664 tol=5.82
2026-07-15 18:37:19,903 alphafold2_ptm_model_1_seed_042 recycle=2 pLDDT=90.8 pTM=0.694 tol=0.136
2026-07-15 18:37:20,082 alphafold2_ptm_model_1_seed_042 recycle=3 pLDDT=91.1 pTM=0.704 tol=0.0504
2026-07-15 18:37:20,082 alphafold2_ptm_model_1_seed_042 took 0.7s (3 recycles)
2026-07-15 18:37:20,298 alphafold2_ptm_model_2_seed_042 recycle=0 pLDDT=91.1 pTM=0.724
2026-07-15 18:37:20,479 alphafold2_ptm_model_2_seed_042 recycle=1 pLDDT=93.6 pTM=0.77 tol=0.216
2026-07-15 18:37:20,660 alphafold2_ptm_model_2_seed_042 recycle=2 pLDDT=94.1 pTM=0.785 tol=0.0627
2026-07-15 18:37:20,840 alphafold2_ptm_model_2_seed_042 recycle=3 pLDDT=94.3 pTM=0.79 tol=0.0282
2026-07-15 18:37:20,840 alphafold2_ptm_model_2_seed_042 took 0.7s (3 recycles)
2026-07-15 18:37:21,046 alphafold2_ptm_model_3_seed_042 recycle=0 pLDDT=84.2 pTM=0.624
2026-07-15 18:37:21,221 alphafold2_ptm_model_3_seed_042 recycle=1 pLDDT=90.6 pTM=0.696 tol=0.32
2026-07-15 18:37:21,400 alphafold2_ptm_model_3_seed_042 recycle=2 pLDDT=91 pTM=0.708 tol=0.0755
2026-07-15 18:37:21,576 alphafold2_ptm_model_3_seed_042 recycle=3 pLDDT=91.4 pTM=0.714 tol=0.069
2026-07-15 18:37:21,576 alphafold2_ptm_model_3_seed_042 took 0.7s (3 recycles)
2026-07-15 18:37:21,956 alphafold2_ptm_model_4_seed_042 recycle=0 pLDDT=87.1 pTM=0.658
2026-07-15 18:37:22,135 alphafold2_ptm_model_4_seed_042 recycle=1 pLDDT=90.9 pTM=0.72 tol=0.265
2026-07-15 18:37:22,311 alphafold2_ptm_model_4_seed_042 recycle=2 pLDDT=91.4 pTM=0.728 tol=0.0376
2026-07-15 18:37:22,490 alphafold2_ptm_model_4_seed_042 recycle=3 pLDDT=91.6 pTM=0.733 tol=0.0291
2026-07-15 18:37:22,490 alphafold2_ptm_model_4_seed_042 took 0.7s (3 recycles)
2026-07-15 18:37:22,732 alphafold2_ptm_model_5_seed_042 recycle=0 pLDDT=49.6 pTM=0.353
2026-07-15 18:37:22,908 alphafold2_ptm_model_5_seed_042 recycle=1 pLDDT=80.1 pTM=0.562 tol=7.43
2026-07-15 18:37:23,085 alphafold2_ptm_model_5_seed_042 recycle=2 pLDDT=85.1 pTM=0.616 tol=2.08
2026-07-15 18:37:23,263 alphafold2_ptm_model_5_seed_042 recycle=3 pLDDT=88.9 pTM=0.65 tol=0.855
2026-07-15 18:37:23,263 alphafold2_ptm_model_5_seed_042 took 0.7s (3 recycles)
2026-07-15 18:37:23,296 reranking models by 'plddt' metric
2026-07-15 18:37:23,296 rank_001_alphafold2_ptm_model_2_seed_042 pLDDT=94.3 pTM=0.79
2026-07-15 18:37:23,298 rank_002_alphafold2_ptm_model_4_seed_042 pLDDT=91.6 pTM=0.733
2026-07-15 18:37:23,300 rank_003_alphafold2_ptm_model_3_seed_042 pLDDT=91.4 pTM=0.714
2026-07-15 18:37:23,302 rank_004_alphafold2_ptm_model_1_seed_042 pLDDT=91.1 pTM=0.704
2026-07-15 18:37:23,304 rank_005_alphafold2_ptm_model_5_seed_042 pLDDT=88.9 pTM=0.65
2026-07-15 18:37:25,131 Query 3/80: 5KPH_2_6_3_0_id3 (length 72)
2026-07-15 18:37:26,609 Padding length to 82
2026-07-15 18:37:26,784 alphafold2_ptm_model_1_seed_042 recycle=0 pLDDT=62.9 pTM=0.512
2026-07-15 18:37:26,965 alphafold2_ptm_model_1_seed_042 recycle=1 pLDDT=92.7 pTM=0.755 tol=3.03
2026-07-15 18:37:27,146 alphafold2_ptm_model_1_seed_042 recycle=2 pLDDT=93.4 pTM=0.767 tol=0.123
2026-07-15 18:37:27,325 alphafold2_ptm_model_1_seed_042 recycle=3 pLDDT=93.8 pTM=0.769 tol=0.0414
2026-07-15 18:37:27,325 alphafold2_ptm_model_1_seed_042 took 0.7s (3 recycles)
2026-07-15 18:37:27,577 alphafold2_ptm_model_2_seed_042 recycle=0 pLDDT=92.6 pTM=0.742
2026-07-15 18:37:27,759 alphafold2_ptm_model_2_seed_042 recycle=1 pLDDT=95.2 pTM=0.806 tol=0.179
2026-07-15 18:37:27,941 alphafold2_ptm_model_2_seed_042 recycle=2 pLDDT=95.6 pTM=0.813 tol=0.0452
2026-07-15 18:37:28,124 alphafold2_ptm_model_2_seed_042 recycle=3 pLDDT=95.7 pTM=0.815 tol=0.0297
2026-07-15 18:37:28,124 alphafold2_ptm_model_2_seed_042 took 0.7s (3 recycles)
2026-07-15 18:37:28,365 alphafold2_ptm_model_3_seed_042 recycle=0 pLDDT=88.9 pTM=0.688
2026-07-15 18:37:28,546 alphafold2_ptm_model_3_seed_042 recycle=1 pLDDT=93.2 pTM=0.769 tol=0.202
2026-07-15 18:37:28,728 alphafold2_ptm_model_3_seed_042 recycle=2 pLDDT=93.9 pTM=0.776 tol=0.0603
2026-07-15 18:37:28,909 alphafold2_ptm_model_3_seed_042 recycle=3 pLDDT=94.1 pTM=0.779 tol=0.0428
2026-07-15 18:37:28,909 alphafold2_ptm_model_3_seed_042 took 0.7s (3 recycles)
2026-07-15 18:37:29,154 alphafold2_ptm_model_4_seed_042 recycle=0 pLDDT=84.7 pTM=0.661
2026-07-15 18:37:29,336 alphafold2_ptm_model_4_seed_042 recycle=1 pLDDT=92.7 pTM=0.772 tol=0.417
2026-07-15 18:37:29,519 alphafold2_ptm_model_4_seed_042 recycle=2 pLDDT=93.6 pTM=0.787 tol=0.0684
2026-07-15 18:37:29,698 alphafold2_ptm_model_4_seed_042 recycle=3 pLDDT=93.9 pTM=0.791 tol=0.0306
2026-07-15 18:37:29,698 alphafold2_ptm_model_4_seed_042 took 0.7s (3 recycles)
2026-07-15 18:37:29,906 alphafold2_ptm_model_5_seed_042 recycle=0 pLDDT=55.8 pTM=0.439
2026-07-15 18:37:30,085 alphafold2_ptm_model_5_seed_042 recycle=1 pLDDT=88.1 pTM=0.72 tol=3.63
2026-07-15 18:37:30,266 alphafold2_ptm_model_5_seed_042 recycle=2 pLDDT=93.2 pTM=0.776 tol=0.312
2026-07-15 18:37:30,447 alphafold2_ptm_model_5_seed_042 recycle=3 pLDDT=94.2 pTM=0.784 tol=0.0605
2026-07-15 18:37:30,447 alphafold2_ptm_model_5_seed_042 took 0.7s (3 recycles)
2026-07-15 18:37:30,497 reranking models by 'plddt' metric
2026-07-15 18:37:30,497 rank_001_alphafold2_ptm_model_2_seed_042 pLDDT=95.7 pTM=0.815
2026-07-15 18:37:30,499 rank_002_alphafold2_ptm_model_5_seed_042 pLDDT=94.2 pTM=0.784
2026-07-15 18:37:30,502 rank_003_alphafold2_ptm_model_3_seed_042 pLDDT=94.1 pTM=0.779
2026-07-15 18:37:30,503 rank_004_alphafold2_ptm_model_4_seed_042 pLDDT=93.9 pTM=0.791
2026-07-15 18:37:30,505 rank_005_alphafold2_ptm_model_1_seed_042 pLDDT=93.8 pTM=0.769
2026-07-15 18:37:32,584 Query 4/80: 5KPH_2_6_3_0_id4 (length 72)
2026-07-15 18:37:34,010 Padding length to 82
2026-07-15 18:37:34,185 alphafold2_ptm_model_1_seed_042 recycle=0 pLDDT=78.4 pTM=0.525
2026-07-15 18:37:34,362 alphafold2_ptm_model_1_seed_042 recycle=1 pLDDT=83.5 pTM=0.571 tol=0.593
2026-07-15 18:37:34,538 alphafold2_ptm_model_1_seed_042 recycle=2 pLDDT=83.5 pTM=0.568 tol=0.156
2026-07-15 18:37:34,713 alphafold2_ptm_model_1_seed_042 recycle=3 pLDDT=82.9 pTM=0.56 tol=0.21
2026-07-15 18:37:34,713 alphafold2_ptm_model_1_seed_042 took 0.7s (3 recycles)
2026-07-15 18:37:34,946 alphafold2_ptm_model_2_seed_042 recycle=0 pLDDT=89.4 pTM=0.698
2026-07-15 18:37:35,125 alphafold2_ptm_model_2_seed_042 recycle=1 pLDDT=91.4 pTM=0.728 tol=0.148
2026-07-15 18:37:35,303 alphafold2_ptm_model_2_seed_042 recycle=2 pLDDT=91.4 pTM=0.732 tol=0.0505
2026-07-15 18:37:35,481 alphafold2_ptm_model_2_seed_042 recycle=3 pLDDT=91.6 pTM=0.737 tol=0.021
2026-07-15 18:37:35,481 alphafold2_ptm_model_2_seed_042 took 0.7s (3 recycles)
2026-07-15 18:37:35,686 alphafold2_ptm_model_3_seed_042 recycle=0 pLDDT=84.3 pTM=0.598
2026-07-15 18:37:35,864 alphafold2_ptm_model_3_seed_042 recycle=1 pLDDT=88.7 pTM=0.667 tol=0.17
2026-07-15 18:37:36,042 alphafold2_ptm_model_3_seed_042 recycle=2 pLDDT=88.8 pTM=0.67 tol=0.0583
2026-07-15 18:37:36,220 alphafold2_ptm_model_3_seed_042 recycle=3 pLDDT=89.1 pTM=0.677 tol=0.0545
2026-07-15 18:37:36,221 alphafold2_ptm_model_3_seed_042 took 0.7s (3 recycles)
2026-07-15 18:37:36,428 alphafold2_ptm_model_4_seed_042 recycle=0 pLDDT=87.2 pTM=0.641
2026-07-15 18:37:36,607 alphafold2_ptm_model_4_seed_042 recycle=1 pLDDT=89.7 pTM=0.678 tol=0.15
2026-07-15 18:37:36,785 alphafold2_ptm_model_4_seed_042 recycle=2 pLDDT=89.9 pTM=0.687 tol=0.0348
2026-07-15 18:37:36,964 alphafold2_ptm_model_4_seed_042 recycle=3 pLDDT=90.1 pTM=0.691 tol=0.0223
2026-07-15 18:37:36,964 alphafold2_ptm_model_4_seed_042 took 0.7s (3 recycles)
2026-07-15 18:37:37,204 alphafold2_ptm_model_5_seed_042 recycle=0 pLDDT=87.9 pTM=0.664
2026-07-15 18:37:37,379 alphafold2_ptm_model_5_seed_042 recycle=1 pLDDT=89.8 pTM=0.676 tol=0.276
2026-07-15 18:37:37,554 alphafold2_ptm_model_5_seed_042 recycle=2 pLDDT=90.2 pTM=0.681 tol=0.0671
2026-07-15 18:37:37,728 alphafold2_ptm_model_5_seed_042 recycle=3 pLDDT=90.4 pTM=0.683 tol=0.0403
2026-07-15 18:37:37,729 alphafold2_ptm_model_5_seed_042 took 0.7s (3 recycles)
2026-07-15 18:37:37,765 reranking models by 'plddt' metric
2026-07-15 18:37:37,765 rank_001_alphafold2_ptm_model_2_seed_042 pLDDT=91.6 pTM=0.737
2026-07-15 18:37:37,767 rank_002_alphafold2_ptm_model_5_seed_042 pLDDT=90.4 pTM=0.683
2026-07-15 18:37:37,769 rank_003_alphafold2_ptm_model_4_seed_042 pLDDT=90.1 pTM=0.691
2026-07-15 18:37:37,771 rank_004_alphafold2_ptm_model_3_seed_042 pLDDT=89.1 pTM=0.677
2026-07-15 18:37:37,772 rank_005_alphafold2_ptm_model_1_seed_042 pLDDT=82.9 pTM=0.56
2026-07-15 18:37:39,692 Query 5/80: 5KPH_2_6_3_0_id5 (length 72)
2026-07-15 18:37:41,084 Padding length to 82
2026-07-15 18:37:41,259 alphafold2_ptm_model_1_seed_042 recycle=0 pLDDT=69.8 pTM=0.516
2026-07-15 18:37:41,437 alphafold2_ptm_model_1_seed_042 recycle=1 pLDDT=89.8 pTM=0.695 tol=1.6
2026-07-15 18:37:41,616 alphafold2_ptm_model_1_seed_042 recycle=2 pLDDT=91 pTM=0.716 tol=0.0892
2026-07-15 18:37:41,795 alphafold2_ptm_model_1_seed_042 recycle=3 pLDDT=91.2 pTM=0.722 tol=0.0344
2026-07-15 18:37:41,795 alphafold2_ptm_model_1_seed_042 took 0.7s (3 recycles)
2026-07-15 18:37:42,025 alphafold2_ptm_model_2_seed_042 recycle=0 pLDDT=90.9 pTM=0.738
2026-07-15 18:37:42,206 alphafold2_ptm_model_2_seed_042 recycle=1 pLDDT=93.7 pTM=0.778 tol=0.185
2026-07-15 18:37:42,386 alphafold2_ptm_model_2_seed_042 recycle=2 pLDDT=94 pTM=0.789 tol=0.0497
2026-07-15 18:37:42,566 alphafold2_ptm_model_2_seed_042 recycle=3 pLDDT=94.1 pTM=0.79 tol=0.0182
2026-07-15 18:37:42,566 alphafold2_ptm_model_2_seed_042 took 0.7s (3 recycles)
2026-07-15 18:37:42,807 alphafold2_ptm_model_3_seed_042 recycle=0 pLDDT=69.9 pTM=0.52
2026-07-15 18:37:42,985 alphafold2_ptm_model_3_seed_042 recycle=1 pLDDT=90 pTM=0.702 tol=1.72
2026-07-15 18:37:43,164 alphafold2_ptm_model_3_seed_042 recycle=2 pLDDT=91.5 pTM=0.733 tol=0.111
2026-07-15 18:37:43,344 alphafold2_ptm_model_3_seed_042 recycle=3 pLDDT=91.9 pTM=0.74 tol=0.0516
2026-07-15 18:37:43,344 alphafold2_ptm_model_3_seed_042 took 0.7s (3 recycles)
2026-07-15 18:37:43,558 alphafold2_ptm_model_4_seed_042 recycle=0 pLDDT=86.3 pTM=0.673
2026-07-15 18:37:43,733 alphafold2_ptm_model_4_seed_042 recycle=1 pLDDT=91.2 pTM=0.738 tol=0.209
2026-07-15 18:37:43,909 alphafold2_ptm_model_4_seed_042 recycle=2 pLDDT=91.6 pTM=0.743 tol=0.0497
2026-07-15 18:37:44,088 alphafold2_ptm_model_4_seed_042 recycle=3 pLDDT=91.6 pTM=0.748 tol=0.0287
2026-07-15 18:37:44,088 alphafold2_ptm_model_4_seed_042 took 0.7s (3 recycles)
2026-07-15 18:37:44,340 alphafold2_ptm_model_5_seed_042 recycle=0 pLDDT=58.3 pTM=0.323
2026-07-15 18:37:44,516 alphafold2_ptm_model_5_seed_042 recycle=1 pLDDT=56.4 pTM=0.321 tol=1.6
2026-07-15 18:37:44,692 alphafold2_ptm_model_5_seed_042 recycle=2 pLDDT=57.2 pTM=0.327 tol=0.524
2026-07-15 18:37:44,868 alphafold2_ptm_model_5_seed_042 recycle=3 pLDDT=57.8 pTM=0.337 tol=0.862
2026-07-15 18:37:44,868 alphafold2_ptm_model_5_seed_042 took 0.7s (3 recycles)
2026-07-15 18:37:44,927 reranking models by 'plddt' metric
2026-07-15 18:37:44,927 rank_001_alphafold2_ptm_model_2_seed_042 pLDDT=94.1 pTM=0.79
2026-07-15 18:37:44,929 rank_002_alphafold2_ptm_model_3_seed_042 pLDDT=91.9 pTM=0.74
2026-07-15 18:37:44,931 rank_003_alphafold2_ptm_model_4_seed_042 pLDDT=91.6 pTM=0.748
2026-07-15 18:37:44,933 rank_004_alphafold2_ptm_model_1_seed_042 pLDDT=91.2 pTM=0.722
2026-07-15 18:37:44,935 rank_005_alphafold2_ptm_model_5_seed_042 pLDDT=57.8 pTM=0.337
2026-07-15 18:37:46,845 Query 6/80: 5KPH_2_6_3_0_id6 (length 72)
2026-07-15 18:37:48,310 Padding length to 82
2026-07-15 18:37:48,484 alphafold2_ptm_model_1_seed_042 recycle=0 pLDDT=73.9 pTM=0.535
2026-07-15 18:37:48,659 alphafold2_ptm_model_1_seed_042 recycle=1 pLDDT=89.2 pTM=0.673 tol=1.05
2026-07-15 18:37:48,837 alphafold2_ptm_model_1_seed_042 recycle=2 pLDDT=90.2 pTM=0.684 tol=0.0778
2026-07-15 18:37:49,011 alphafold2_ptm_model_1_seed_042 recycle=3 pLDDT=90.3 pTM=0.688 tol=0.0345
2026-07-15 18:37:49,012 alphafold2_ptm_model_1_seed_042 took 0.7s (3 recycles)
2026-07-15 18:37:49,266 alphafold2_ptm_model_2_seed_042 recycle=0 pLDDT=92 pTM=0.737
2026-07-15 18:37:49,442 alphafold2_ptm_model_2_seed_042 recycle=1 pLDDT=93.4 pTM=0.764 tol=0.0878
2026-07-15 18:37:49,623 alphafold2_ptm_model_2_seed_042 recycle=2 pLDDT=93.5 pTM=0.77 tol=0.0583
2026-07-15 18:37:49,799 alphafold2_ptm_model_2_seed_042 recycle=3 pLDDT=93.5 pTM=0.771 tol=0.026
2026-07-15 18:37:49,799 alphafold2_ptm_model_2_seed_042 took 0.7s (3 recycles)
2026-07-15 18:37:50,003 alphafold2_ptm_model_3_seed_042 recycle=0 pLDDT=83.3 pTM=0.585
2026-07-15 18:37:50,179 alphafold2_ptm_model_3_seed_042 recycle=1 pLDDT=89.8 pTM=0.675 tol=0.309
2026-07-15 18:37:50,357 alphafold2_ptm_model_3_seed_042 recycle=2 pLDDT=90.1 pTM=0.674 tol=0.0609
2026-07-15 18:37:50,531 alphafold2_ptm_model_3_seed_042 recycle=3 pLDDT=90.2 pTM=0.679 tol=0.0572
2026-07-15 18:37:50,532 alphafold2_ptm_model_3_seed_042 took 0.7s (3 recycles)
2026-07-15 18:37:50,754 alphafold2_ptm_model_4_seed_042 recycle=0 pLDDT=87.8 pTM=0.646
2026-07-15 18:37:50,929 alphafold2_ptm_model_4_seed_042 recycle=1 pLDDT=90.9 pTM=0.701 tol=0.17
2026-07-15 18:37:51,107 alphafold2_ptm_model_4_seed_042 recycle=2 pLDDT=91.1 pTM=0.707 tol=0.0463
2026-07-15 18:37:51,282 alphafold2_ptm_model_4_seed_042 recycle=3 pLDDT=91.2 pTM=0.708 tol=0.0204
2026-07-15 18:37:51,282 alphafold2_ptm_model_4_seed_042 took 0.7s (3 recycles)
2026-07-15 18:37:51,474 alphafold2_ptm_model_5_seed_042 recycle=0 pLDDT=56 pTM=0.445
2026-07-15 18:37:51,650 alphafold2_ptm_model_5_seed_042 recycle=1 pLDDT=77.1 pTM=0.587 tol=3.77
2026-07-15 18:37:51,827 alphafold2_ptm_model_5_seed_042 recycle=2 pLDDT=90 pTM=0.68 tol=0.723
2026-07-15 18:37:52,005 alphafold2_ptm_model_5_seed_042 recycle=3 pLDDT=91.1 pTM=0.688 tol=0.0514
2026-07-15 18:37:52,005 alphafold2_ptm_model_5_seed_042 took 0.7s (3 recycles)
2026-07-15 18:37:52,046 reranking models by 'plddt' metric
2026-07-15 18:37:52,046 rank_001_alphafold2_ptm_model_2_seed_042 pLDDT=93.5 pTM=0.771
2026-07-15 18:37:52,048 rank_002_alphafold2_ptm_model_4_seed_042 pLDDT=91.2 pTM=0.708
2026-07-15 18:37:52,050 rank_003_alphafold2_ptm_model_5_seed_042 pLDDT=91.1 pTM=0.688
2026-07-15 18:37:52,052 rank_004_alphafold2_ptm_model_1_seed_042 pLDDT=90.3 pTM=0.688
2026-07-15 18:37:52,054 rank_005_alphafold2_ptm_model_3_seed_042 pLDDT=90.2 pTM=0.679
2026-07-15 18:37:54,208 Query 7/80: 5KPH_2_6_3_0_id7 (length 72)
2026-07-15 18:37:55,588 Padding length to 82
2026-07-15 18:37:55,763 alphafold2_ptm_model_1_seed_042 recycle=0 pLDDT=82 pTM=0.547
2026-07-15 18:37:55,941 alphafold2_ptm_model_1_seed_042 recycle=1 pLDDT=89.3 pTM=0.668 tol=0.255
2026-07-15 18:37:56,116 alphafold2_ptm_model_1_seed_042 recycle=2 pLDDT=89.9 pTM=0.678 tol=0.0728
2026-07-15 18:37:56,294 alphafold2_ptm_model_1_seed_042 recycle=3 pLDDT=90.1 pTM=0.685 tol=0.033
2026-07-15 18:37:56,294 alphafold2_ptm_model_1_seed_042 took 0.7s (3 recycles)
2026-07-15 18:37:56,518 alphafold2_ptm_model_2_seed_042 recycle=0 pLDDT=84.4 pTM=0.629
2026-07-15 18:37:56,696 alphafold2_ptm_model_2_seed_042 recycle=1 pLDDT=90.8 pTM=0.711 tol=1.33
2026-07-15 18:37:56,876 alphafold2_ptm_model_2_seed_042 recycle=2 pLDDT=92 pTM=0.749 tol=0.146
2026-07-15 18:37:57,055 alphafold2_ptm_model_2_seed_042 recycle=3 pLDDT=92.2 pTM=0.76 tol=0.052
2026-07-15 18:37:57,055 alphafold2_ptm_model_2_seed_042 took 0.7s (3 recycles)
2026-07-15 18:37:57,303 alphafold2_ptm_model_3_seed_042 recycle=0 pLDDT=78.2 pTM=0.541
2026-07-15 18:37:57,481 alphafold2_ptm_model_3_seed_042 recycle=1 pLDDT=87.8 pTM=0.649 tol=1.17
2026-07-15 18:37:57,660 alphafold2_ptm_model_3_seed_042 recycle=2 pLDDT=89 pTM=0.667 tol=0.128
2026-07-15 18:37:57,838 alphafold2_ptm_model_3_seed_042 recycle=3 pLDDT=89.6 pTM=0.683 tol=0.0725
2026-07-15 18:37:57,839 alphafold2_ptm_model_3_seed_042 took 0.7s (3 recycles)
2026-07-15 18:37:58,033 alphafold2_ptm_model_4_seed_042 recycle=0 pLDDT=85.8 pTM=0.647
2026-07-15 18:37:58,211 alphafold2_ptm_model_4_seed_042 recycle=1 pLDDT=89.9 pTM=0.704 tol=0.214
2026-07-15 18:37:58,391 alphafold2_ptm_model_4_seed_042 recycle=2 pLDDT=90.3 pTM=0.714 tol=0.0765
2026-07-15 18:37:58,566 alphafold2_ptm_model_4_seed_042 recycle=3 pLDDT=90.4 pTM=0.719 tol=0.0335
2026-07-15 18:37:58,566 alphafold2_ptm_model_4_seed_042 took 0.7s (3 recycles)
2026-07-15 18:37:58,757 alphafold2_ptm_model_5_seed_042 recycle=0 pLDDT=79.6 pTM=0.57
2026-07-15 18:37:58,935 alphafold2_ptm_model_5_seed_042 recycle=1 pLDDT=86.7 pTM=0.655 tol=0.931
2026-07-15 18:37:59,112 alphafold2_ptm_model_5_seed_042 recycle=2 pLDDT=89.7 pTM=0.68 tol=0.168
2026-07-15 18:37:59,291 alphafold2_ptm_model_5_seed_042 recycle=3 pLDDT=90.6 pTM=0.69 tol=0.045
2026-07-15 18:37:59,291 alphafold2_ptm_model_5_seed_042 took 0.7s (3 recycles)
2026-07-15 18:37:59,351 reranking models by 'plddt' metric
2026-07-15 18:37:59,351 rank_001_alphafold2_ptm_model_2_seed_042 pLDDT=92.2 pTM=0.76
2026-07-15 18:37:59,353 rank_002_alphafold2_ptm_model_5_seed_042 pLDDT=90.6 pTM=0.69
2026-07-15 18:37:59,355 rank_003_alphafold2_ptm_model_4_seed_042 pLDDT=90.4 pTM=0.719
2026-07-15 18:37:59,358 rank_004_alphafold2_ptm_model_1_seed_042 pLDDT=90.1 pTM=0.685
2026-07-15 18:37:59,360 rank_005_alphafold2_ptm_model_3_seed_042 pLDDT=89.6 pTM=0.683
2026-07-15 18:38:01,214 Query 8/80: 5KPH_2_6_3_0_id8 (length 72)
2026-07-15 18:38:02,607 Padding length to 82
2026-07-15 18:38:02,782 alphafold2_ptm_model_1_seed_042 recycle=0 pLDDT=84.2 pTM=0.562
2026-07-15 18:38:02,956 alphafold2_ptm_model_1_seed_042 recycle=1 pLDDT=86.8 pTM=0.617 tol=0.179
2026-07-15 18:38:03,134 alphafold2_ptm_model_1_seed_042 recycle=2 pLDDT=86.8 pTM=0.62 tol=0.0553
2026-07-15 18:38:03,312 alphafold2_ptm_model_1_seed_042 recycle=3 pLDDT=86.8 pTM=0.62 tol=0.0389
2026-07-15 18:38:03,312 alphafold2_ptm_model_1_seed_042 took 0.7s (3 recycles)
2026-07-15 18:38:03,555 alphafold2_ptm_model_2_seed_042 recycle=0 pLDDT=88.5 pTM=0.659
2026-07-15 18:38:03,732 alphafold2_ptm_model_2_seed_042 recycle=1 pLDDT=87.4 pTM=0.651 tol=1.79
2026-07-15 18:38:03,910 alphafold2_ptm_model_2_seed_042 recycle=2 pLDDT=88.8 pTM=0.675 tol=0.246
2026-07-15 18:38:04,087 alphafold2_ptm_model_2_seed_042 recycle=3 pLDDT=88.7 pTM=0.674 tol=0.0808
2026-07-15 18:38:04,088 alphafold2_ptm_model_2_seed_042 took 0.7s (3 recycles)
2026-07-15 18:38:04,320 alphafold2_ptm_model_3_seed_042 recycle=0 pLDDT=84.7 pTM=0.604
2026-07-15 18:38:04,497 alphafold2_ptm_model_3_seed_042 recycle=1 pLDDT=87.7 pTM=0.64 tol=0.178
2026-07-15 18:38:04,674 alphafold2_ptm_model_3_seed_042 recycle=2 pLDDT=88 pTM=0.647 tol=0.0779
2026-07-15 18:38:04,849 alphafold2_ptm_model_3_seed_042 recycle=3 pLDDT=88.1 pTM=0.646 tol=0.0715
2026-07-15 18:38:04,849 alphafold2_ptm_model_3_seed_042 took 0.7s (3 recycles)
2026-07-15 18:38:05,074 alphafold2_ptm_model_4_seed_042 recycle=0 pLDDT=86.7 pTM=0.631
2026-07-15 18:38:05,252 alphafold2_ptm_model_4_seed_042 recycle=1 pLDDT=87.2 pTM=0.647 tol=0.15
2026-07-15 18:38:05,429 alphafold2_ptm_model_4_seed_042 recycle=2 pLDDT=87.2 pTM=0.648 tol=0.0442
2026-07-15 18:38:05,607 alphafold2_ptm_model_4_seed_042 recycle=3 pLDDT=87.2 pTM=0.65 tol=0.0303
2026-07-15 18:38:05,607 alphafold2_ptm_model_4_seed_042 took 0.7s (3 recycles)
2026-07-15 18:38:05,852 alphafold2_ptm_model_5_seed_042 recycle=0 pLDDT=87.1 pTM=0.647
2026-07-15 18:38:06,029 alphafold2_ptm_model_5_seed_042 recycle=1 pLDDT=87.5 pTM=0.644 tol=0.222
2026-07-15 18:38:06,207 alphafold2_ptm_model_5_seed_042 recycle=2 pLDDT=87.8 pTM=0.65 tol=0.0734
2026-07-15 18:38:06,385 alphafold2_ptm_model_5_seed_042 recycle=3 pLDDT=88.3 pTM=0.655 tol=0.0493
2026-07-15 18:38:06,385 alphafold2_ptm_model_5_seed_042 took 0.7s (3 recycles)
2026-07-15 18:38:06,434 reranking models by 'plddt' metric
2026-07-15 18:38:06,434 rank_001_alphafold2_ptm_model_2_seed_042 pLDDT=88.7 pTM=0.674
2026-07-15 18:38:06,436 rank_002_alphafold2_ptm_model_5_seed_042 pLDDT=88.3 pTM=0.655
2026-07-15 18:38:06,438 rank_003_alphafold2_ptm_model_3_seed_042 pLDDT=88.1 pTM=0.646
2026-07-15 18:38:06,440 rank_004_alphafold2_ptm_model_4_seed_042 pLDDT=87.2 pTM=0.65
2026-07-15 18:38:06,442 rank_005_alphafold2_ptm_model_1_seed_042 pLDDT=86.8 pTM=0.62
2026-07-15 18:38:08,328 Query 9/80: 5KPH_2_6_7_0_id1 (length 72)
2026-07-15 18:38:09,733 Padding length to 82
2026-07-15 18:38:09,908 alphafold2_ptm_model_1_seed_042 recycle=0 pLDDT=76.7 pTM=0.522
2026-07-15 18:38:10,086 alphafold2_ptm_model_1_seed_042 recycle=1 pLDDT=91.3 pTM=0.72 tol=1.09
2026-07-15 18:38:10,263 alphafold2_ptm_model_1_seed_042 recycle=2 pLDDT=91.9 pTM=0.731 tol=0.0969
2026-07-15 18:38:10,443 alphafold2_ptm_model_1_seed_042 recycle=3 pLDDT=92 pTM=0.733 tol=0.0394
2026-07-15 18:38:10,443 alphafold2_ptm_model_1_seed_042 took 0.7s (3 recycles)
2026-07-15 18:38:10,931 alphafold2_ptm_model_2_seed_042 recycle=0 pLDDT=92.8 pTM=0.759
2026-07-15 18:38:11,108 alphafold2_ptm_model_2_seed_042 recycle=1 pLDDT=93.6 pTM=0.776 tol=0.118
2026-07-15 18:38:11,287 alphafold2_ptm_model_2_seed_042 recycle=2 pLDDT=93.6 pTM=0.779 tol=0.0484
2026-07-15 18:38:11,467 alphafold2_ptm_model_2_seed_042 recycle=3 pLDDT=93.6 pTM=0.779 tol=0.0329
2026-07-15 18:38:11,467 alphafold2_ptm_model_2_seed_042 took 0.7s (3 recycles)
2026-07-15 18:38:11,685 alphafold2_ptm_model_3_seed_042 recycle=0 pLDDT=89.3 pTM=0.706
2026-07-15 18:38:11,863 alphafold2_ptm_model_3_seed_042 recycle=1 pLDDT=92.1 pTM=0.746 tol=0.139
2026-07-15 18:38:12,041 alphafold2_ptm_model_3_seed_042 recycle=2 pLDDT=92.6 pTM=0.759 tol=0.0665
2026-07-15 18:38:12,222 alphafold2_ptm_model_3_seed_042 recycle=3 pLDDT=92.8 pTM=0.759 tol=0.038
2026-07-15 18:38:12,222 alphafold2_ptm_model_3_seed_042 took 0.7s (3 recycles)
2026-07-15 18:38:12,444 alphafold2_ptm_model_4_seed_042 recycle=0 pLDDT=89.1 pTM=0.704
2026-07-15 18:38:12,621 alphafold2_ptm_model_4_seed_042 recycle=1 pLDDT=92.1 pTM=0.745 tol=0.181
2026-07-15 18:38:12,798 alphafold2_ptm_model_4_seed_042 recycle=2 pLDDT=92.4 pTM=0.751 tol=0.0504
2026-07-15 18:38:12,975 alphafold2_ptm_model_4_seed_042 recycle=3 pLDDT=92.6 pTM=0.757 tol=0.029
2026-07-15 18:38:12,975 alphafold2_ptm_model_4_seed_042 took 0.7s (3 recycles)
2026-07-15 18:38:13,186 alphafold2_ptm_model_5_seed_042 recycle=0 pLDDT=52.6 pTM=0.363
2026-07-15 18:38:13,363 alphafold2_ptm_model_5_seed_042 recycle=1 pLDDT=91.7 pTM=0.744 tol=5.34
2026-07-15 18:38:13,539 alphafold2_ptm_model_5_seed_042 recycle=2 pLDDT=92.6 pTM=0.755 tol=0.125
2026-07-15 18:38:13,716 alphafold2_ptm_model_5_seed_042 recycle=3 pLDDT=92.5 pTM=0.752 tol=0.0595
2026-07-15 18:38:13,716 alphafold2_ptm_model_5_seed_042 took 0.7s (3 recycles)
2026-07-15 18:38:13,731 reranking models by 'plddt' metric
2026-07-15 18:38:13,731 rank_001_alphafold2_ptm_model_2_seed_042 pLDDT=93.6 pTM=0.779
2026-07-15 18:38:13,733 rank_002_alphafold2_ptm_model_3_seed_042 pLDDT=92.8 pTM=0.759
2026-07-15 18:38:13,736 rank_003_alphafold2_ptm_model_4_seed_042 pLDDT=92.6 pTM=0.757
2026-07-15 18:38:13,737 rank_004_alphafold2_ptm_model_5_seed_042 pLDDT=92.5 pTM=0.752
2026-07-15 18:38:13,740 rank_005_alphafold2_ptm_model_1_seed_042 pLDDT=92 pTM=0.733
2026-07-15 18:38:15,835 Query 10/80: 5KPH_2_6_7_0_id2 (length 72)
2026-07-15 18:38:17,253 Padding length to 82
2026-07-15 18:38:17,428 alphafold2_ptm_model_1_seed_042 recycle=0 pLDDT=63.7 pTM=0.445
2026-07-15 18:38:17,605 alphafold2_ptm_model_1_seed_042 recycle=1 pLDDT=93.1 pTM=0.755 tol=2.6
2026-07-15 18:38:17,783 alphafold2_ptm_model_1_seed_042 recycle=2 pLDDT=93.6 pTM=0.769 tol=0.122
2026-07-15 18:38:17,962 alphafold2_ptm_model_1_seed_042 recycle=3 pLDDT=93.8 pTM=0.772 tol=0.0561
2026-07-15 18:38:17,962 alphafold2_ptm_model_1_seed_042 took 0.7s (3 recycles)
2026-07-15 18:38:18,213 alphafold2_ptm_model_2_seed_042 recycle=0 pLDDT=93.1 pTM=0.766
2026-07-15 18:38:18,392 alphafold2_ptm_model_2_seed_042 recycle=1 pLDDT=94.8 pTM=0.798 tol=0.257
2026-07-15 18:38:18,572 alphafold2_ptm_model_2_seed_042 recycle=2 pLDDT=94.9 pTM=0.8 tol=0.0595
2026-07-15 18:38:18,751 alphafold2_ptm_model_2_seed_042 recycle=3 pLDDT=94.9 pTM=0.8 tol=0.0373
2026-07-15 18:38:18,751 alphafold2_ptm_model_2_seed_042 took 0.7s (3 recycles)
2026-07-15 18:38:18,944 alphafold2_ptm_model_3_seed_042 recycle=0 pLDDT=88.8 pTM=0.698
2026-07-15 18:38:19,122 alphafold2_ptm_model_3_seed_042 recycle=1 pLDDT=93.8 pTM=0.781 tol=0.365
2026-07-15 18:38:19,301 alphafold2_ptm_model_3_seed_042 recycle=2 pLDDT=94.5 pTM=0.793 tol=0.0629
2026-07-15 18:38:19,481 alphafold2_ptm_model_3_seed_042 recycle=3 pLDDT=94.7 pTM=0.796 tol=0.0436
2026-07-15 18:38:19,481 alphafold2_ptm_model_3_seed_042 took 0.7s (3 recycles)
2026-07-15 18:38:19,703 alphafold2_ptm_model_4_seed_042 recycle=0 pLDDT=87.6 pTM=0.692
2026-07-15 18:38:19,881 alphafold2_ptm_model_4_seed_042 recycle=1 pLDDT=92.9 pTM=0.78 tol=0.53
2026-07-15 18:38:20,061 alphafold2_ptm_model_4_seed_042 recycle=2 pLDDT=93.7 pTM=0.792 tol=0.0598
2026-07-15 18:38:20,240 alphafold2_ptm_model_4_seed_042 recycle=3 pLDDT=93.9 pTM=0.794 tol=0.027
2026-07-15 18:38:20,240 alphafold2_ptm_model_4_seed_042 took 0.7s (3 recycles)
2026-07-15 18:38:20,429 alphafold2_ptm_model_5_seed_042 recycle=0 pLDDT=62.5 pTM=0.348
2026-07-15 18:38:20,607 alphafold2_ptm_model_5_seed_042 recycle=1 pLDDT=93.8 pTM=0.782 tol=3.24
2026-07-15 18:38:20,785 alphafold2_ptm_model_5_seed_042 recycle=2 pLDDT=94.2 pTM=0.79 tol=0.102
2026-07-15 18:38:20,964 alphafold2_ptm_model_5_seed_042 recycle=3 pLDDT=94.4 pTM=0.79 tol=0.048
2026-07-15 18:38:20,964 alphafold2_ptm_model_5_seed_042 took 0.7s (3 recycles)
2026-07-15 18:38:20,981 reranking models by 'plddt' metric
2026-07-15 18:38:20,981 rank_001_alphafold2_ptm_model_2_seed_042 pLDDT=94.9 pTM=0.8
2026-07-15 18:38:20,983 rank_002_alphafold2_ptm_model_3_seed_042 pLDDT=94.7 pTM=0.796
2026-07-15 18:38:20,985 rank_003_alphafold2_ptm_model_5_seed_042 pLDDT=94.4 pTM=0.79
2026-07-15 18:38:20,987 rank_004_alphafold2_ptm_model_4_seed_042 pLDDT=93.9 pTM=0.794
2026-07-15 18:38:20,988 rank_005_alphafold2_ptm_model_1_seed_042 pLDDT=93.8 pTM=0.772
2026-07-15 18:38:22,811 Query 11/80: 5KPH_2_6_7_0_id3 (length 72)
2026-07-15 18:38:24,205 Padding length to 82
2026-07-15 18:38:24,380 alphafold2_ptm_model_1_seed_042 recycle=0 pLDDT=47.4 pTM=0.342
2026-07-15 18:38:24,553 alphafold2_ptm_model_1_seed_042 recycle=1 pLDDT=47.3 pTM=0.352 tol=6.24
2026-07-15 18:38:24,731 alphafold2_ptm_model_1_seed_042 recycle=2 pLDDT=88.6 pTM=0.692 tol=4.68
2026-07-15 18:38:24,907 alphafold2_ptm_model_1_seed_042 recycle=3 pLDDT=91.6 pTM=0.732 tol=0.192
2026-07-15 18:38:24,907 alphafold2_ptm_model_1_seed_042 took 0.7s (3 recycles)
2026-07-15 18:38:25,164 alphafold2_ptm_model_2_seed_042 recycle=0 pLDDT=74.3 pTM=0.558
2026-07-15 18:38:25,340 alphafold2_ptm_model_2_seed_042 recycle=1 pLDDT=92.1 pTM=0.771 tol=1.71
2026-07-15 18:38:25,521 alphafold2_ptm_model_2_seed_042 recycle=2 pLDDT=93.1 pTM=0.777 tol=0.177
2026-07-15 18:38:25,698 alphafold2_ptm_model_2_seed_042 recycle=3 pLDDT=93.4 pTM=0.778 tol=0.0503
2026-07-15 18:38:25,698 alphafold2_ptm_model_2_seed_042 took 0.7s (3 recycles)
2026-07-15 18:38:25,886 alphafold2_ptm_model_3_seed_042 recycle=0 pLDDT=54.8 pTM=0.398
2026-07-15 18:38:26,058 alphafold2_ptm_model_3_seed_042 recycle=1 pLDDT=56.1 pTM=0.411 tol=0.97
2026-07-15 18:38:26,234 alphafold2_ptm_model_3_seed_042 recycle=2 pLDDT=56.8 pTM=0.421 tol=4.2
2026-07-15 18:38:26,407 alphafold2_ptm_model_3_seed_042 recycle=3 pLDDT=56.1 pTM=0.423 tol=0.433
2026-07-15 18:38:26,407 alphafold2_ptm_model_3_seed_042 took 0.7s (3 recycles)
2026-07-15 18:38:26,615 alphafold2_ptm_model_4_seed_042 recycle=0 pLDDT=62.2 pTM=0.48
2026-07-15 18:38:26,789 alphafold2_ptm_model_4_seed_042 recycle=1 pLDDT=64.4 pTM=0.509 tol=1.03
2026-07-15 18:38:26,962 alphafold2_ptm_model_4_seed_042 recycle=2 pLDDT=64.6 pTM=0.504 tol=0.65
2026-07-15 18:38:27,137 alphafold2_ptm_model_4_seed_042 recycle=3 pLDDT=66.1 pTM=0.519 tol=0.343
2026-07-15 18:38:27,137 alphafold2_ptm_model_4_seed_042 took 0.7s (3 recycles)
2026-07-15 18:38:27,355 alphafold2_ptm_model_5_seed_042 recycle=0 pLDDT=65.7 pTM=0.284
2026-07-15 18:38:27,527 alphafold2_ptm_model_5_seed_042 recycle=1 pLDDT=49.8 pTM=0.284 tol=13.4
2026-07-15 18:38:27,700 alphafold2_ptm_model_5_seed_042 recycle=2 pLDDT=55.3 pTM=0.417 tol=10.8
2026-07-15 18:38:27,872 alphafold2_ptm_model_5_seed_042 recycle=3 pLDDT=61.8 pTM=0.473 tol=1.11
2026-07-15 18:38:27,873 alphafold2_ptm_model_5_seed_042 took 0.7s (3 recycles)
2026-07-15 18:38:27,907 reranking models by 'plddt' metric
2026-07-15 18:38:27,907 rank_001_alphafold2_ptm_model_2_seed_042 pLDDT=93.4 pTM=0.778
2026-07-15 18:38:27,910 rank_002_alphafold2_ptm_model_1_seed_042 pLDDT=91.6 pTM=0.732
2026-07-15 18:38:27,912 rank_003_alphafold2_ptm_model_4_seed_042 pLDDT=66.1 pTM=0.519
2026-07-15 18:38:27,914 rank_004_alphafold2_ptm_model_5_seed_042 pLDDT=61.8 pTM=0.473
2026-07-15 18:38:27,916 rank_005_alphafold2_ptm_model_3_seed_042 pLDDT=56.1 pTM=0.423
2026-07-15 18:38:29,814 Query 12/80: 5KPH_2_6_7_0_id4 (length 72)
2026-07-15 18:38:31,466 Padding length to 82
2026-07-15 18:38:31,641 alphafold2_ptm_model_1_seed_042 recycle=0 pLDDT=86.2 pTM=0.61
2026-07-15 18:38:31,816 alphafold2_ptm_model_1_seed_042 recycle=1 pLDDT=89.1 pTM=0.667 tol=0.134
2026-07-15 18:38:31,994 alphafold2_ptm_model_1_seed_042 recycle=2 pLDDT=89.4 pTM=0.673 tol=0.102
2026-07-15 18:38:32,170 alphafold2_ptm_model_1_seed_042 recycle=3 pLDDT=89.6 pTM=0.68 tol=0.0689
2026-07-15 18:38:32,170 alphafold2_ptm_model_1_seed_042 took 0.7s (3 recycles)
2026-07-15 18:38:32,366 alphafold2_ptm_model_2_seed_042 recycle=0 pLDDT=90.2 pTM=0.707
2026-07-15 18:38:32,541 alphafold2_ptm_model_2_seed_042 recycle=1 pLDDT=90.3 pTM=0.714 tol=0.173
2026-07-15 18:38:32,719 alphafold2_ptm_model_2_seed_042 recycle=2 pLDDT=90.1 pTM=0.71 tol=0.129
2026-07-15 18:38:32,894 alphafold2_ptm_model_2_seed_042 recycle=3 pLDDT=90.2 pTM=0.713 tol=0.0662
2026-07-15 18:38:32,895 alphafold2_ptm_model_2_seed_042 took 0.7s (3 recycles)
2026-07-15 18:38:33,142 alphafold2_ptm_model_3_seed_042 recycle=0 pLDDT=84.6 pTM=0.615
2026-07-15 18:38:33,317 alphafold2_ptm_model_3_seed_042 recycle=1 pLDDT=88.4 pTM=0.667 tol=0.152
2026-07-15 18:38:33,496 alphafold2_ptm_model_3_seed_042 recycle=2 pLDDT=88.4 pTM=0.667 tol=0.0982
2026-07-15 18:38:33,671 alphafold2_ptm_model_3_seed_042 recycle=3 pLDDT=88.8 pTM=0.672 tol=0.0782
2026-07-15 18:38:33,671 alphafold2_ptm_model_3_seed_042 took 0.7s (3 recycles)
2026-07-15 18:38:33,903 alphafold2_ptm_model_4_seed_042 recycle=0 pLDDT=86.7 pTM=0.663
2026-07-15 18:38:34,077 alphafold2_ptm_model_4_seed_042 recycle=1 pLDDT=88.7 pTM=0.688 tol=0.183
2026-07-15 18:38:34,256 alphafold2_ptm_model_4_seed_042 recycle=2 pLDDT=88.8 pTM=0.687 tol=0.0731
2026-07-15 18:38:34,430 alphafold2_ptm_model_4_seed_042 recycle=3 pLDDT=88.8 pTM=0.687 tol=0.0549
2026-07-15 18:38:34,431 alphafold2_ptm_model_4_seed_042 took 0.7s (3 recycles)
2026-07-15 18:38:34,671 alphafold2_ptm_model_5_seed_042 recycle=0 pLDDT=88 pTM=0.672
2026-07-15 18:38:34,846 alphafold2_ptm_model_5_seed_042 recycle=1 pLDDT=90 pTM=0.694 tol=0.173
2026-07-15 18:38:35,024 alphafold2_ptm_model_5_seed_042 recycle=2 pLDDT=90.1 pTM=0.693 tol=0.0572
2026-07-15 18:38:35,200 alphafold2_ptm_model_5_seed_042 recycle=3 pLDDT=90.2 pTM=0.694 tol=0.0344
2026-07-15 18:38:35,200 alphafold2_ptm_model_5_seed_042 took 0.7s (3 recycles)
2026-07-15 18:38:35,216 reranking models by 'plddt' metric
2026-07-15 18:38:35,216 rank_001_alphafold2_ptm_model_2_seed_042 pLDDT=90.2 pTM=0.713
2026-07-15 18:38:35,218 rank_002_alphafold2_ptm_model_5_seed_042 pLDDT=90.2 pTM=0.694
2026-07-15 18:38:35,220 rank_003_alphafold2_ptm_model_1_seed_042 pLDDT=89.6 pTM=0.68
2026-07-15 18:38:35,222 rank_004_alphafold2_ptm_model_4_seed_042 pLDDT=88.8 pTM=0.687
2026-07-15 18:38:35,223 rank_005_alphafold2_ptm_model_3_seed_042 pLDDT=88.8 pTM=0.672
2026-07-15 18:38:37,050 Query 13/80: 5KPH_2_6_7_0_id5 (length 72)
2026-07-15 18:38:38,445 Padding length to 82
2026-07-15 18:38:38,620 alphafold2_ptm_model_1_seed_042 recycle=0 pLDDT=65.1 pTM=0.401
2026-07-15 18:38:38,794 alphafold2_ptm_model_1_seed_042 recycle=1 pLDDT=84.8 pTM=0.608 tol=1.39
2026-07-15 18:38:38,968 alphafold2_ptm_model_1_seed_042 recycle=2 pLDDT=85 pTM=0.613 tol=0.126
2026-07-15 18:38:39,141 alphafold2_ptm_model_1_seed_042 recycle=3 pLDDT=85.7 pTM=0.622 tol=0.0837
2026-07-15 18:38:39,142 alphafold2_ptm_model_1_seed_042 took 0.7s (3 recycles)
2026-07-15 18:38:39,360 alphafold2_ptm_model_2_seed_042 recycle=0 pLDDT=90.4 pTM=0.713
2026-07-15 18:38:39,536 alphafold2_ptm_model_2_seed_042 recycle=1 pLDDT=91.4 pTM=0.734 tol=0.13
2026-07-15 18:38:39,715 alphafold2_ptm_model_2_seed_042 recycle=2 pLDDT=91.6 pTM=0.739 tol=0.0981
2026-07-15 18:38:39,891 alphafold2_ptm_model_2_seed_042 recycle=3 pLDDT=91.6 pTM=0.741 tol=0.0272
2026-07-15 18:38:39,892 alphafold2_ptm_model_2_seed_042 took 0.7s (3 recycles)
2026-07-15 18:38:40,080 alphafold2_ptm_model_3_seed_042 recycle=0 pLDDT=80.6 pTM=0.564
2026-07-15 18:38:40,255 alphafold2_ptm_model_3_seed_042 recycle=1 pLDDT=88.2 pTM=0.668 tol=0.653
2026-07-15 18:38:40,430 alphafold2_ptm_model_3_seed_042 recycle=2 pLDDT=89.5 pTM=0.683 tol=0.127
2026-07-15 18:38:40,605 alphafold2_ptm_model_3_seed_042 recycle=3 pLDDT=89.8 pTM=0.687 tol=0.0551
2026-07-15 18:38:40,605 alphafold2_ptm_model_3_seed_042 took 0.7s (3 recycles)
2026-07-15 18:38:40,796 alphafold2_ptm_model_4_seed_042 recycle=0 pLDDT=86.9 pTM=0.646
2026-07-15 18:38:40,971 alphafold2_ptm_model_4_seed_042 recycle=1 pLDDT=89.9 pTM=0.698 tol=0.268
2026-07-15 18:38:41,146 alphafold2_ptm_model_4_seed_042 recycle=2 pLDDT=90.4 pTM=0.704 tol=0.0687
2026-07-15 18:38:41,322 alphafold2_ptm_model_4_seed_042 recycle=3 pLDDT=90.6 pTM=0.706 tol=0.0421
2026-07-15 18:38:41,322 alphafold2_ptm_model_4_seed_042 took 0.7s (3 recycles)
2026-07-15 18:38:41,576 alphafold2_ptm_model_5_seed_042 recycle=0 pLDDT=81.1 pTM=0.406
2026-07-15 18:38:41,748 alphafold2_ptm_model_5_seed_042 recycle=1 pLDDT=83.7 pTM=0.379 tol=2.32
2026-07-15 18:38:41,924 alphafold2_ptm_model_5_seed_042 recycle=2 pLDDT=81.8 pTM=0.357 tol=2
2026-07-15 18:38:42,097 alphafold2_ptm_model_5_seed_042 recycle=3 pLDDT=81.4 pTM=0.34 tol=0.934
2026-07-15 18:38:42,097 alphafold2_ptm_model_5_seed_042 took 0.7s (3 recycles)
2026-07-15 18:38:42,136 reranking models by 'plddt' metric
2026-07-15 18:38:42,136 rank_001_alphafold2_ptm_model_2_seed_042 pLDDT=91.6 pTM=0.741
2026-07-15 18:38:42,138 rank_002_alphafold2_ptm_model_4_seed_042 pLDDT=90.6 pTM=0.706
2026-07-15 18:38:42,140 rank_003_alphafold2_ptm_model_3_seed_042 pLDDT=89.8 pTM=0.687
2026-07-15 18:38:42,142 rank_004_alphafold2_ptm_model_1_seed_042 pLDDT=85.7 pTM=0.622
2026-07-15 18:38:42,143 rank_005_alphafold2_ptm_model_5_seed_042 pLDDT=81.4 pTM=0.34
2026-07-15 18:38:43,979 Query 14/80: 5KPH_2_6_7_0_id6 (length 72)
2026-07-15 18:38:45,361 Padding length to 82
2026-07-15 18:38:45,536 alphafold2_ptm_model_1_seed_042 recycle=0 pLDDT=82.3 pTM=0.59
2026-07-15 18:38:45,712 alphafold2_ptm_model_1_seed_042 recycle=1 pLDDT=90.7 pTM=0.7 tol=0.508
2026-07-15 18:38:45,888 alphafold2_ptm_model_1_seed_042 recycle=2 pLDDT=91.1 pTM=0.708 tol=0.0786
2026-07-15 18:38:46,063 alphafold2_ptm_model_1_seed_042 recycle=3 pLDDT=91.2 pTM=0.709 tol=0.0479
2026-07-15 18:38:46,063 alphafold2_ptm_model_1_seed_042 took 0.7s (3 recycles)
2026-07-15 18:38:46,289 alphafold2_ptm_model_2_seed_042 recycle=0 pLDDT=91.8 pTM=0.745
2026-07-15 18:38:46,467 alphafold2_ptm_model_2_seed_042 recycle=1 pLDDT=93.2 pTM=0.778 tol=0.127
2026-07-15 18:38:46,645 alphafold2_ptm_model_2_seed_042 recycle=2 pLDDT=93.1 pTM=0.779 tol=0.0547
2026-07-15 18:38:46,823 alphafold2_ptm_model_2_seed_042 recycle=3 pLDDT=93 pTM=0.779 tol=0.028
2026-07-15 18:38:46,823 alphafold2_ptm_model_2_seed_042 took 0.7s (3 recycles)
2026-07-15 18:38:47,049 alphafold2_ptm_model_3_seed_042 recycle=0 pLDDT=86.4 pTM=0.632
2026-07-15 18:38:47,225 alphafold2_ptm_model_3_seed_042 recycle=1 pLDDT=90.9 pTM=0.718 tol=0.155
2026-07-15 18:38:47,402 alphafold2_ptm_model_3_seed_042 recycle=2 pLDDT=91.3 pTM=0.728 tol=0.103
2026-07-15 18:38:47,578 alphafold2_ptm_model_3_seed_042 recycle=3 pLDDT=91.4 pTM=0.736 tol=0.0454
2026-07-15 18:38:47,578 alphafold2_ptm_model_3_seed_042 took 0.7s (3 recycles)
2026-07-15 18:38:47,770 alphafold2_ptm_model_4_seed_042 recycle=0 pLDDT=88.2 pTM=0.67
2026-07-15 18:38:47,945 alphafold2_ptm_model_4_seed_042 recycle=1 pLDDT=90.4 pTM=0.711 tol=0.125
2026-07-15 18:38:48,121 alphafold2_ptm_model_4_seed_042 recycle=2 pLDDT=90.7 pTM=0.722 tol=0.0506
2026-07-15 18:38:48,297 alphafold2_ptm_model_4_seed_042 recycle=3 pLDDT=90.9 pTM=0.728 tol=0.0275
2026-07-15 18:38:48,297 alphafold2_ptm_model_4_seed_042 took 0.7s (3 recycles)
2026-07-15 18:38:48,499 alphafold2_ptm_model_5_seed_042 recycle=0 pLDDT=75.1 pTM=0.53
2026-07-15 18:38:48,673 alphafold2_ptm_model_5_seed_042 recycle=1 pLDDT=91.2 pTM=0.729 tol=0.972
2026-07-15 18:38:48,849 alphafold2_ptm_model_5_seed_042 recycle=2 pLDDT=91.8 pTM=0.734 tol=0.0973
2026-07-15 18:38:49,024 alphafold2_ptm_model_5_seed_042 recycle=3 pLDDT=91.7 pTM=0.728 tol=0.059
2026-07-15 18:38:49,024 alphafold2_ptm_model_5_seed_042 took 0.7s (3 recycles)
2026-07-15 18:38:49,047 reranking models by 'plddt' metric
2026-07-15 18:38:49,047 rank_001_alphafold2_ptm_model_2_seed_042 pLDDT=93 pTM=0.779
2026-07-15 18:38:49,049 rank_002_alphafold2_ptm_model_5_seed_042 pLDDT=91.7 pTM=0.728
2026-07-15 18:38:49,051 rank_003_alphafold2_ptm_model_3_seed_042 pLDDT=91.4 pTM=0.736
2026-07-15 18:38:49,053 rank_004_alphafold2_ptm_model_1_seed_042 pLDDT=91.2 pTM=0.709
2026-07-15 18:38:49,054 rank_005_alphafold2_ptm_model_4_seed_042 pLDDT=90.9 pTM=0.728
2026-07-15 18:38:51,166 Query 15/80: 5KPH_2_6_7_0_id7 (length 72)
2026-07-15 18:38:52,526 Padding length to 82
2026-07-15 18:38:52,701 alphafold2_ptm_model_1_seed_042 recycle=0 pLDDT=78.6 pTM=0.387
2026-07-15 18:38:52,875 alphafold2_ptm_model_1_seed_042 recycle=1 pLDDT=85.2 pTM=0.413 tol=0.228
2026-07-15 18:38:53,048 alphafold2_ptm_model_1_seed_042 recycle=2 pLDDT=86.6 pTM=0.426 tol=0.0658
2026-07-15 18:38:53,222 alphafold2_ptm_model_1_seed_042 recycle=3 pLDDT=86.9 pTM=0.428 tol=0.0685
2026-07-15 18:38:53,222 alphafold2_ptm_model_1_seed_042 took 0.7s (3 recycles)
2026-07-15 18:38:53,412 alphafold2_ptm_model_2_seed_042 recycle=0 pLDDT=46.4 pTM=0.312
2026-07-15 18:38:53,587 alphafold2_ptm_model_2_seed_042 recycle=1 pLDDT=89.7 pTM=0.733 tol=8.82
2026-07-15 18:38:53,764 alphafold2_ptm_model_2_seed_042 recycle=2 pLDDT=91.2 pTM=0.759 tol=0.236
2026-07-15 18:38:53,941 alphafold2_ptm_model_2_seed_042 recycle=3 pLDDT=92.1 pTM=0.769 tol=0.463
2026-07-15 18:38:53,941 alphafold2_ptm_model_2_seed_042 took 0.7s (3 recycles)
2026-07-15 18:38:54,128 alphafold2_ptm_model_3_seed_042 recycle=0 pLDDT=61 pTM=0.279
2026-07-15 18:38:54,301 alphafold2_ptm_model_3_seed_042 recycle=1 pLDDT=76.6 pTM=0.339 tol=7.01
2026-07-15 18:38:54,474 alphafold2_ptm_model_3_seed_042 recycle=2 pLDDT=84.1 pTM=0.414 tol=0.918
2026-07-15 18:38:54,648 alphafold2_ptm_model_3_seed_042 recycle=3 pLDDT=86.7 pTM=0.455 tol=0.452
2026-07-15 18:38:54,648 alphafold2_ptm_model_3_seed_042 took 0.7s (3 recycles)
2026-07-15 18:38:54,841 alphafold2_ptm_model_4_seed_042 recycle=0 pLDDT=69.9 pTM=0.314
2026-07-15 18:38:55,013 alphafold2_ptm_model_4_seed_042 recycle=1 pLDDT=73.7 pTM=0.325 tol=2.47
2026-07-15 18:38:55,186 alphafold2_ptm_model_4_seed_042 recycle=2 pLDDT=73.1 pTM=0.319 tol=0.406
2026-07-15 18:38:55,358 alphafold2_ptm_model_4_seed_042 recycle=3 pLDDT=72.3 pTM=0.312 tol=0.175
2026-07-15 18:38:55,358 alphafold2_ptm_model_4_seed_042 took 0.7s (3 recycles)
2026-07-15 18:38:55,582 alphafold2_ptm_model_5_seed_042 recycle=0 pLDDT=88.1 pTM=0.436
2026-07-15 18:38:55,755 alphafold2_ptm_model_5_seed_042 recycle=1 pLDDT=91.7 pTM=0.483 tol=0.492
2026-07-15 18:38:55,928 alphafold2_ptm_model_5_seed_042 recycle=2 pLDDT=92.6 pTM=0.506 tol=0.0817
2026-07-15 18:38:56,102 alphafold2_ptm_model_5_seed_042 recycle=3 pLDDT=92.8 pTM=0.511 tol=0.0188
2026-07-15 18:38:56,102 alphafold2_ptm_model_5_seed_042 took 0.7s (3 recycles)
2026-07-15 18:38:56,138 reranking models by 'plddt' metric
2026-07-15 18:38:56,138 rank_001_alphafold2_ptm_model_5_seed_042 pLDDT=92.8 pTM=0.511
2026-07-15 18:38:56,141 rank_002_alphafold2_ptm_model_2_seed_042 pLDDT=92.1 pTM=0.769
2026-07-15 18:38:56,143 rank_003_alphafold2_ptm_model_1_seed_042 pLDDT=86.9 pTM=0.428
2026-07-15 18:38:56,144 rank_004_alphafold2_ptm_model_3_seed_042 pLDDT=86.7 pTM=0.455
2026-07-15 18:38:56,146 rank_005_alphafold2_ptm_model_4_seed_042 pLDDT=72.3 pTM=0.312
2026-07-15 18:38:57,998 Query 16/80: 5KPH_2_6_7_0_id8 (length 72)
2026-07-15 18:38:59,405 Padding length to 82
2026-07-15 18:38:59,580 alphafold2_ptm_model_1_seed_042 recycle=0 pLDDT=52.3 pTM=0.345
2026-07-15 18:38:59,753 alphafold2_ptm_model_1_seed_042 recycle=1 pLDDT=80.6 pTM=0.568 tol=6.36
2026-07-15 18:38:59,927 alphafold2_ptm_model_1_seed_042 recycle=2 pLDDT=85.7 pTM=0.632 tol=0.733
2026-07-15 18:39:00,101 alphafold2_ptm_model_1_seed_042 recycle=3 pLDDT=86 pTM=0.637 tol=0.204
2026-07-15 18:39:00,102 alphafold2_ptm_model_1_seed_042 took 0.7s (3 recycles)
2026-07-15 18:39:00,324 alphafold2_ptm_model_2_seed_042 recycle=0 pLDDT=86.6 pTM=0.665
2026-07-15 18:39:00,498 alphafold2_ptm_model_2_seed_042 recycle=1 pLDDT=88.9 pTM=0.695 tol=0.556
2026-07-15 18:39:00,673 alphafold2_ptm_model_2_seed_042 recycle=2 pLDDT=89.7 pTM=0.708 tol=0.0674
2026-07-15 18:39:00,848 alphafold2_ptm_model_2_seed_042 recycle=3 pLDDT=89.8 pTM=0.71 tol=0.0253
2026-07-15 18:39:00,848 alphafold2_ptm_model_2_seed_042 took 0.7s (3 recycles)
2026-07-15 18:39:01,076 alphafold2_ptm_model_3_seed_042 recycle=0 pLDDT=80.4 pTM=0.574
2026-07-15 18:39:01,250 alphafold2_ptm_model_3_seed_042 recycle=1 pLDDT=85.1 pTM=0.635 tol=0.25
2026-07-15 18:39:01,425 alphafold2_ptm_model_3_seed_042 recycle=2 pLDDT=85.1 pTM=0.64 tol=0.106
2026-07-15 18:39:01,599 alphafold2_ptm_model_3_seed_042 recycle=3 pLDDT=86.1 pTM=0.645 tol=0.0975
2026-07-15 18:39:01,599 alphafold2_ptm_model_3_seed_042 took 0.7s (3 recycles)
2026-07-15 18:39:01,790 alphafold2_ptm_model_4_seed_042 recycle=0 pLDDT=83.2 pTM=0.606
2026-07-15 18:39:01,964 alphafold2_ptm_model_4_seed_042 recycle=1 pLDDT=86.6 pTM=0.649 tol=0.274
2026-07-15 18:39:02,138 alphafold2_ptm_model_4_seed_042 recycle=2 pLDDT=86.8 pTM=0.648 tol=0.104
2026-07-15 18:39:02,312 alphafold2_ptm_model_4_seed_042 recycle=3 pLDDT=86.9 pTM=0.646 tol=0.0624
2026-07-15 18:39:02,313 alphafold2_ptm_model_4_seed_042 took 0.7s (3 recycles)
2026-07-15 18:39:02,516 alphafold2_ptm_model_5_seed_042 recycle=0 pLDDT=50.4 pTM=0.38
2026-07-15 18:39:02,690 alphafold2_ptm_model_5_seed_042 recycle=1 pLDDT=86.4 pTM=0.665 tol=3.43
2026-07-15 18:39:02,865 alphafold2_ptm_model_5_seed_042 recycle=2 pLDDT=88.2 pTM=0.678 tol=0.164
2026-07-15 18:39:03,040 alphafold2_ptm_model_5_seed_042 recycle=3 pLDDT=88.7 pTM=0.682 tol=0.0744
2026-07-15 18:39:03,040 alphafold2_ptm_model_5_seed_042 took 0.7s (3 recycles)
2026-07-15 18:39:03,056 reranking models by 'plddt' metric
2026-07-15 18:39:03,056 rank_001_alphafold2_ptm_model_2_seed_042 pLDDT=89.8 pTM=0.71
2026-07-15 18:39:03,058 rank_002_alphafold2_ptm_model_5_seed_042 pLDDT=88.7 pTM=0.682
2026-07-15 18:39:03,060 rank_003_alphafold2_ptm_model_4_seed_042 pLDDT=86.9 pTM=0.646
2026-07-15 18:39:03,061 rank_004_alphafold2_ptm_model_3_seed_042 pLDDT=86.1 pTM=0.645
2026-07-15 18:39:03,063 rank_005_alphafold2_ptm_model_1_seed_042 pLDDT=86 pTM=0.637
2026-07-15 18:39:04,891 Query 17/80: 5KPH_2_4_6_0_id1 (length 72)
2026-07-15 18:39:06,292 Padding length to 82
2026-07-15 18:39:06,467 alphafold2_ptm_model_1_seed_042 recycle=0 pLDDT=62.1 pTM=0.415
2026-07-15 18:39:06,641 alphafold2_ptm_model_1_seed_042 recycle=1 pLDDT=62 pTM=0.416 tol=0.499
2026-07-15 18:39:06,815 alphafold2_ptm_model_1_seed_042 recycle=2 pLDDT=57.5 pTM=0.396 tol=0.87
2026-07-15 18:39:06,988 alphafold2_ptm_model_1_seed_042 recycle=3 pLDDT=51.4 pTM=0.363 tol=2.69
2026-07-15 18:39:06,988 alphafold2_ptm_model_1_seed_042 took 0.7s (3 recycles)
2026-07-15 18:39:07,180 alphafold2_ptm_model_2_seed_042 recycle=0 pLDDT=49.4 pTM=0.373
2026-07-15 18:39:07,355 alphafold2_ptm_model_2_seed_042 recycle=1 pLDDT=67.3 pTM=0.496 tol=6.92
2026-07-15 18:39:07,535 alphafold2_ptm_model_2_seed_042 recycle=2 pLDDT=93.1 pTM=0.794 tol=2.25
2026-07-15 18:39:07,716 alphafold2_ptm_model_2_seed_042 recycle=3 pLDDT=95.8 pTM=0.818 tol=0.349
2026-07-15 18:39:07,716 alphafold2_ptm_model_2_seed_042 took 0.7s (3 recycles)
2026-07-15 18:39:07,906 alphafold2_ptm_model_3_seed_042 recycle=0 pLDDT=52.1 pTM=0.348
2026-07-15 18:39:08,081 alphafold2_ptm_model_3_seed_042 recycle=1 pLDDT=54.2 pTM=0.348 tol=1.8
2026-07-15 18:39:08,259 alphafold2_ptm_model_3_seed_042 recycle=2 pLDDT=53.5 pTM=0.353 tol=3.55
2026-07-15 18:39:08,432 alphafold2_ptm_model_3_seed_042 recycle=3 pLDDT=56.6 pTM=0.358 tol=5.09
2026-07-15 18:39:08,432 alphafold2_ptm_model_3_seed_042 took 0.7s (3 recycles)
2026-07-15 18:39:08,624 alphafold2_ptm_model_4_seed_042 recycle=0 pLDDT=67.4 pTM=0.432
2026-07-15 18:39:08,797 alphafold2_ptm_model_4_seed_042 recycle=1 pLDDT=68.2 pTM=0.424 tol=2.02
2026-07-15 18:39:08,971 alphafold2_ptm_model_4_seed_042 recycle=2 pLDDT=69.2 pTM=0.436 tol=0.681
2026-07-15 18:39:09,144 alphafold2_ptm_model_4_seed_042 recycle=3 pLDDT=69.3 pTM=0.44 tol=0.242
2026-07-15 18:39:09,144 alphafold2_ptm_model_4_seed_042 took 0.7s (3 recycles)
2026-07-15 18:39:09,336 alphafold2_ptm_model_5_seed_042 recycle=0 pLDDT=78.1 pTM=0.446
2026-07-15 18:39:09,511 alphafold2_ptm_model_5_seed_042 recycle=1 pLDDT=76.6 pTM=0.44 tol=4.47
2026-07-15 18:39:09,690 alphafold2_ptm_model_5_seed_042 recycle=2 pLDDT=74.8 pTM=0.44 tol=0.878
2026-07-15 18:39:09,864 alphafold2_ptm_model_5_seed_042 recycle=3 pLDDT=75.7 pTM=0.438 tol=0.906
2026-07-15 18:39:09,864 alphafold2_ptm_model_5_seed_042 took 0.7s (3 recycles)
2026-07-15 18:39:09,894 reranking models by 'plddt' metric
2026-07-15 18:39:09,894 rank_001_alphafold2_ptm_model_2_seed_042 pLDDT=95.8 pTM=0.818
2026-07-15 18:39:09,896 rank_002_alphafold2_ptm_model_5_seed_042 pLDDT=75.7 pTM=0.438
2026-07-15 18:39:09,898 rank_003_alphafold2_ptm_model_4_seed_042 pLDDT=69.3 pTM=0.44
2026-07-15 18:39:09,899 rank_004_alphafold2_ptm_model_3_seed_042 pLDDT=56.6 pTM=0.358
2026-07-15 18:39:09,902 rank_005_alphafold2_ptm_model_1_seed_042 pLDDT=51.4 pTM=0.363
2026-07-15 18:39:11,972 Query 18/80: 5KPH_2_4_6_0_id2 (length 72)
2026-07-15 18:39:13,380 Padding length to 82
2026-07-15 18:39:13,555 alphafold2_ptm_model_1_seed_042 recycle=0 pLDDT=55.7 pTM=0.426
2026-07-15 18:39:13,729 alphafold2_ptm_model_1_seed_042 recycle=1 pLDDT=61.2 pTM=0.473 tol=2.87
2026-07-15 18:39:13,902 alphafold2_ptm_model_1_seed_042 recycle=2 pLDDT=61.2 pTM=0.488 tol=1.3
2026-07-15 18:39:14,076 alphafold2_ptm_model_1_seed_042 recycle=3 pLDDT=62.3 pTM=0.484 tol=1.08
2026-07-15 18:39:14,076 alphafold2_ptm_model_1_seed_042 took 0.7s (3 recycles)
2026-07-15 18:39:14,268 alphafold2_ptm_model_2_seed_042 recycle=0 pLDDT=57.8 pTM=0.418
2026-07-15 18:39:14,440 alphafold2_ptm_model_2_seed_042 recycle=1 pLDDT=65.4 pTM=0.465 tol=2.18
2026-07-15 18:39:14,614 alphafold2_ptm_model_2_seed_042 recycle=2 pLDDT=66.9 pTM=0.499 tol=1.31
2026-07-15 18:39:14,787 alphafold2_ptm_model_2_seed_042 recycle=3 pLDDT=72.4 pTM=0.531 tol=8.99
2026-07-15 18:39:14,788 alphafold2_ptm_model_2_seed_042 took 0.7s (3 recycles)
2026-07-15 18:39:15,024 alphafold2_ptm_model_3_seed_042 recycle=0 pLDDT=68.8 pTM=0.478
2026-07-15 18:39:15,197 alphafold2_ptm_model_3_seed_042 recycle=1 pLDDT=67.6 pTM=0.484 tol=0.837
2026-07-15 18:39:15,373 alphafold2_ptm_model_3_seed_042 recycle=2 pLDDT=72.9 pTM=0.495 tol=0.713
2026-07-15 18:39:15,546 alphafold2_ptm_model_3_seed_042 recycle=3 pLDDT=67.1 pTM=0.476 tol=0.477
2026-07-15 18:39:15,546 alphafold2_ptm_model_3_seed_042 took 0.7s (3 recycles)
2026-07-15 18:39:15,737 alphafold2_ptm_model_4_seed_042 recycle=0 pLDDT=61.7 pTM=0.419
2026-07-15 18:39:15,910 alphafold2_ptm_model_4_seed_042 recycle=1 pLDDT=59 pTM=0.434 tol=1.06
2026-07-15 18:39:16,084 alphafold2_ptm_model_4_seed_042 recycle=2 pLDDT=62.1 pTM=0.463 tol=1.68
2026-07-15 18:39:16,257 alphafold2_ptm_model_4_seed_042 recycle=3 pLDDT=64.2 pTM=0.477 tol=0.663
2026-07-15 18:39:16,257 alphafold2_ptm_model_4_seed_042 took 0.7s (3 recycles)
2026-07-15 18:39:16,485 alphafold2_ptm_model_5_seed_042 recycle=0 pLDDT=49.5 pTM=0.289
2026-07-15 18:39:16,658 alphafold2_ptm_model_5_seed_042 recycle=1 pLDDT=55.6 pTM=0.368 tol=8.84
2026-07-15 18:39:16,831 alphafold2_ptm_model_5_seed_042 recycle=2 pLDDT=57.8 pTM=0.424 tol=1
2026-07-15 18:39:17,004 alphafold2_ptm_model_5_seed_042 recycle=3 pLDDT=56.7 pTM=0.417 tol=1.44
2026-07-15 18:39:17,004 alphafold2_ptm_model_5_seed_042 took 0.7s (3 recycles)
2026-07-15 18:39:17,038 reranking models by 'plddt' metric
2026-07-15 18:39:17,038 rank_001_alphafold2_ptm_model_2_seed_042 pLDDT=72.4 pTM=0.531
2026-07-15 18:39:17,039 rank_002_alphafold2_ptm_model_3_seed_042 pLDDT=67.1 pTM=0.476
2026-07-15 18:39:17,041 rank_003_alphafold2_ptm_model_4_seed_042 pLDDT=64.2 pTM=0.477
2026-07-15 18:39:17,042 rank_004_alphafold2_ptm_model_1_seed_042 pLDDT=62.3 pTM=0.484
2026-07-15 18:39:17,044 rank_005_alphafold2_ptm_model_5_seed_042 pLDDT=56.7 pTM=0.417
2026-07-15 18:39:18,917 Query 19/80: 5KPH_2_4_6_0_id3 (length 72)
2026-07-15 18:39:20,308 Padding length to 82
2026-07-15 18:39:20,483 alphafold2_ptm_model_1_seed_042 recycle=0 pLDDT=66.2 pTM=0.516
2026-07-15 18:39:20,659 alphafold2_ptm_model_1_seed_042 recycle=1 pLDDT=92.4 pTM=0.747 tol=2.82
2026-07-15 18:39:20,840 alphafold2_ptm_model_1_seed_042 recycle=2 pLDDT=94.4 pTM=0.775 tol=0.1
2026-07-15 18:39:21,019 alphafold2_ptm_model_1_seed_042 recycle=3 pLDDT=94.7 pTM=0.778 tol=0.0383
2026-07-15 18:39:21,019 alphafold2_ptm_model_1_seed_042 took 0.7s (3 recycles)
2026-07-15 18:39:21,214 alphafold2_ptm_model_2_seed_042 recycle=0 pLDDT=81.2 pTM=0.651
2026-07-15 18:39:21,391 alphafold2_ptm_model_2_seed_042 recycle=1 pLDDT=93.7 pTM=0.775 tol=2.48
2026-07-15 18:39:21,574 alphafold2_ptm_model_2_seed_042 recycle=2 pLDDT=96.2 pTM=0.815 tol=0.207
2026-07-15 18:39:21,754 alphafold2_ptm_model_2_seed_042 recycle=3 pLDDT=96.5 pTM=0.824 tol=0.0616
2026-07-15 18:39:21,754 alphafold2_ptm_model_2_seed_042 took 0.7s (3 recycles)
2026-07-15 18:39:21,967 alphafold2_ptm_model_3_seed_042 recycle=0 pLDDT=73.5 pTM=0.556
2026-07-15 18:39:22,145 alphafold2_ptm_model_3_seed_042 recycle=1 pLDDT=93.7 pTM=0.777 tol=2.4
2026-07-15 18:39:22,326 alphafold2_ptm_model_3_seed_042 recycle=2 pLDDT=95.2 pTM=0.793 tol=0.0969
2026-07-15 18:39:22,505 alphafold2_ptm_model_3_seed_042 recycle=3 pLDDT=95.4 pTM=0.796 tol=0.0501
2026-07-15 18:39:22,505 alphafold2_ptm_model_3_seed_042 took 0.7s (3 recycles)
2026-07-15 18:39:22,698 alphafold2_ptm_model_4_seed_042 recycle=0 pLDDT=66.8 pTM=0.516
2026-07-15 18:39:22,874 alphafold2_ptm_model_4_seed_042 recycle=1 pLDDT=86.4 pTM=0.709 tol=2.67
2026-07-15 18:39:23,056 alphafold2_ptm_model_4_seed_042 recycle=2 pLDDT=94.2 pTM=0.792 tol=0.366
2026-07-15 18:39:23,235 alphafold2_ptm_model_4_seed_042 recycle=3 pLDDT=94.8 pTM=0.8 tol=0.0441
2026-07-15 18:39:23,235 alphafold2_ptm_model_4_seed_042 took 0.7s (3 recycles)
2026-07-15 18:39:23,444 alphafold2_ptm_model_5_seed_042 recycle=0 pLDDT=48.7 pTM=0.352
2026-07-15 18:39:23,617 alphafold2_ptm_model_5_seed_042 recycle=1 pLDDT=77.4 pTM=0.609 tol=5.07
2026-07-15 18:39:23,799 alphafold2_ptm_model_5_seed_042 recycle=2 pLDDT=93.5 pTM=0.775 tol=1.87
2026-07-15 18:39:23,978 alphafold2_ptm_model_5_seed_042 recycle=3 pLDDT=95 pTM=0.792 tol=0.1
2026-07-15 18:39:23,978 alphafold2_ptm_model_5_seed_042 took 0.7s (3 recycles)
2026-07-15 18:39:23,994 reranking models by 'plddt' metric
2026-07-15 18:39:23,994 rank_001_alphafold2_ptm_model_2_seed_042 pLDDT=96.5 pTM=0.824
2026-07-15 18:39:23,996 rank_002_alphafold2_ptm_model_3_seed_042 pLDDT=95.4 pTM=0.796
2026-07-15 18:39:23,998 rank_003_alphafold2_ptm_model_5_seed_042 pLDDT=95 pTM=0.792
2026-07-15 18:39:24,000 rank_004_alphafold2_ptm_model_4_seed_042 pLDDT=94.8 pTM=0.8
2026-07-15 18:39:24,001 rank_005_alphafold2_ptm_model_1_seed_042 pLDDT=94.7 pTM=0.778
2026-07-15 18:39:25,914 Query 20/80: 5KPH_2_4_6_0_id4 (length 72)
2026-07-15 18:39:27,601 Padding length to 82
2026-07-15 18:39:27,777 alphafold2_ptm_model_1_seed_042 recycle=0 pLDDT=51.8 pTM=0.362
2026-07-15 18:39:27,951 alphafold2_ptm_model_1_seed_042 recycle=1 pLDDT=53.1 pTM=0.383 tol=3.03
2026-07-15 18:39:28,128 alphafold2_ptm_model_1_seed_042 recycle=2 pLDDT=53.8 pTM=0.382 tol=0.603
2026-07-15 18:39:28,301 alphafold2_ptm_model_1_seed_042 recycle=3 pLDDT=54 pTM=0.38 tol=0.351
2026-07-15 18:39:28,301 alphafold2_ptm_model_1_seed_042 took 0.7s (3 recycles)
2026-07-15 18:39:28,496 alphafold2_ptm_model_2_seed_042 recycle=0 pLDDT=57.7 pTM=0.41
2026-07-15 18:39:28,668 alphafold2_ptm_model_2_seed_042 recycle=1 pLDDT=54.5 pTM=0.399 tol=1
2026-07-15 18:39:28,845 alphafold2_ptm_model_2_seed_042 recycle=2 pLDDT=51.9 pTM=0.395 tol=0.94
2026-07-15 18:39:29,017 alphafold2_ptm_model_2_seed_042 recycle=3 pLDDT=50.8 pTM=0.378 tol=0.539
2026-07-15 18:39:29,017 alphafold2_ptm_model_2_seed_042 took 0.7s (3 recycles)
2026-07-15 18:39:29,208 alphafold2_ptm_model_3_seed_042 recycle=0 pLDDT=51.8 pTM=0.353
2026-07-15 18:39:29,381 alphafold2_ptm_model_3_seed_042 recycle=1 pLDDT=56.5 pTM=0.402 tol=3.56
2026-07-15 18:39:29,554 alphafold2_ptm_model_3_seed_042 recycle=2 pLDDT=59.1 pTM=0.406 tol=1.16
2026-07-15 18:39:29,727 alphafold2_ptm_model_3_seed_042 recycle=3 pLDDT=57.1 pTM=0.388 tol=0.683
2026-07-15 18:39:29,727 alphafold2_ptm_model_3_seed_042 took 0.7s (3 recycles)
2026-07-15 18:39:29,933 alphafold2_ptm_model_4_seed_042 recycle=0 pLDDT=51.9 pTM=0.354
2026-07-15 18:39:30,106 alphafold2_ptm_model_4_seed_042 recycle=1 pLDDT=52.8 pTM=0.372 tol=2.7
2026-07-15 18:39:30,283 alphafold2_ptm_model_4_seed_042 recycle=2 pLDDT=54.2 pTM=0.382 tol=1.07
2026-07-15 18:39:30,455 alphafold2_ptm_model_4_seed_042 recycle=3 pLDDT=53.8 pTM=0.374 tol=0.302
2026-07-15 18:39:30,455 alphafold2_ptm_model_4_seed_042 took 0.7s (3 recycles)
2026-07-15 18:39:30,688 alphafold2_ptm_model_5_seed_042 recycle=0 pLDDT=60.9 pTM=0.382
2026-07-15 18:39:30,861 alphafold2_ptm_model_5_seed_042 recycle=1 pLDDT=68.3 pTM=0.508 tol=1.73
2026-07-15 18:39:31,038 alphafold2_ptm_model_5_seed_042 recycle=2 pLDDT=78.3 pTM=0.606 tol=4.8
2026-07-15 18:39:31,211 alphafold2_ptm_model_5_seed_042 recycle=3 pLDDT=78.4 pTM=0.602 tol=0.529
2026-07-15 18:39:31,211 alphafold2_ptm_model_5_seed_042 took 0.7s (3 recycles)
2026-07-15 18:39:31,228 reranking models by 'plddt' metric
2026-07-15 18:39:31,228 rank_001_alphafold2_ptm_model_5_seed_042 pLDDT=78.4 pTM=0.602
2026-07-15 18:39:31,230 rank_002_alphafold2_ptm_model_3_seed_042 pLDDT=57.1 pTM=0.388
2026-07-15 18:39:31,231 rank_003_alphafold2_ptm_model_1_seed_042 pLDDT=54 pTM=0.38
2026-07-15 18:39:31,233 rank_004_alphafold2_ptm_model_4_seed_042 pLDDT=53.8 pTM=0.374
2026-07-15 18:39:31,235 rank_005_alphafold2_ptm_model_2_seed_042 pLDDT=50.8 pTM=0.378
2026-07-15 18:39:33,103 Query 21/80: 5KPH_2_4_6_0_id5 (length 72)
2026-07-15 18:39:34,476 Padding length to 82
2026-07-15 18:39:34,650 alphafold2_ptm_model_1_seed_042 recycle=0 pLDDT=49.8 pTM=0.327
2026-07-15 18:39:34,824 alphafold2_ptm_model_1_seed_042 recycle=1 pLDDT=56.3 pTM=0.422 tol=6.02
2026-07-15 18:39:35,001 alphafold2_ptm_model_1_seed_042 recycle=2 pLDDT=60.6 pTM=0.471 tol=0.836
2026-07-15 18:39:35,174 alphafold2_ptm_model_1_seed_042 recycle=3 pLDDT=61.1 pTM=0.483 tol=0.692
2026-07-15 18:39:35,174 alphafold2_ptm_model_1_seed_042 took 0.7s (3 recycles)
2026-07-15 18:39:35,367 alphafold2_ptm_model_2_seed_042 recycle=0 pLDDT=49.5 pTM=0.34
2026-07-15 18:39:35,540 alphafold2_ptm_model_2_seed_042 recycle=1 pLDDT=61.5 pTM=0.423 tol=5.66
2026-07-15 18:39:35,715 alphafold2_ptm_model_2_seed_042 recycle=2 pLDDT=66.4 pTM=0.479 tol=1.3
2026-07-15 18:39:35,888 alphafold2_ptm_model_2_seed_042 recycle=3 pLDDT=66.2 pTM=0.467 tol=0.275
2026-07-15 18:39:35,888 alphafold2_ptm_model_2_seed_042 took 0.7s (3 recycles)
2026-07-15 18:39:36,080 alphafold2_ptm_model_3_seed_042 recycle=0 pLDDT=53.5 pTM=0.372
2026-07-15 18:39:36,252 alphafold2_ptm_model_3_seed_042 recycle=1 pLDDT=52 pTM=0.347 tol=4.65
2026-07-15 18:39:36,429 alphafold2_ptm_model_3_seed_042 recycle=2 pLDDT=53.8 pTM=0.365 tol=1.56
2026-07-15 18:39:36,601 alphafold2_ptm_model_3_seed_042 recycle=3 pLDDT=53.8 pTM=0.359 tol=0.703
2026-07-15 18:39:36,602 alphafold2_ptm_model_3_seed_042 took 0.7s (3 recycles)
2026-07-15 18:39:36,793 alphafold2_ptm_model_4_seed_042 recycle=0 pLDDT=50.8 pTM=0.314
2026-07-15 18:39:36,966 alphafold2_ptm_model_4_seed_042 recycle=1 pLDDT=50.6 pTM=0.357 tol=1.84
2026-07-15 18:39:37,142 alphafold2_ptm_model_4_seed_042 recycle=2 pLDDT=50.2 pTM=0.365 tol=4.52
2026-07-15 18:39:37,315 alphafold2_ptm_model_4_seed_042 recycle=3 pLDDT=46.3 pTM=0.358 tol=3.06
2026-07-15 18:39:37,315 alphafold2_ptm_model_4_seed_042 took 0.7s (3 recycles)
2026-07-15 18:39:37,506 alphafold2_ptm_model_5_seed_042 recycle=0 pLDDT=50.3 pTM=0.289
2026-07-15 18:39:37,679 alphafold2_ptm_model_5_seed_042 recycle=1 pLDDT=45.6 pTM=0.32 tol=7.26
2026-07-15 18:39:37,855 alphafold2_ptm_model_5_seed_042 recycle=2 pLDDT=57.4 pTM=0.458 tol=3.67
2026-07-15 18:39:38,028 alphafold2_ptm_model_5_seed_042 recycle=3 pLDDT=62.7 pTM=0.52 tol=3.12
2026-07-15 18:39:38,028 alphafold2_ptm_model_5_seed_042 took 0.7s (3 recycles)
2026-07-15 18:39:38,060 reranking models by 'plddt' metric
2026-07-15 18:39:38,060 rank_001_alphafold2_ptm_model_2_seed_042 pLDDT=66.2 pTM=0.467
2026-07-15 18:39:38,063 rank_002_alphafold2_ptm_model_5_seed_042 pLDDT=62.7 pTM=0.52
2026-07-15 18:39:38,064 rank_003_alphafold2_ptm_model_1_seed_042 pLDDT=61.1 pTM=0.483
2026-07-15 18:39:38,066 rank_004_alphafold2_ptm_model_3_seed_042 pLDDT=53.8 pTM=0.359
2026-07-15 18:39:38,068 rank_005_alphafold2_ptm_model_4_seed_042 pLDDT=46.3 pTM=0.358
2026-07-15 18:39:39,923 Query 22/80: 5KPH_2_4_6_0_id6 (length 72)
2026-07-15 18:39:41,277 Padding length to 82
2026-07-15 18:39:41,452 alphafold2_ptm_model_1_seed_042 recycle=0 pLDDT=75.2 pTM=0.524
2026-07-15 18:39:41,627 alphafold2_ptm_model_1_seed_042 recycle=1 pLDDT=89.4 pTM=0.679 tol=0.996
2026-07-15 18:39:41,804 alphafold2_ptm_model_1_seed_042 recycle=2 pLDDT=90.5 pTM=0.696 tol=0.0862
2026-07-15 18:39:41,979 alphafold2_ptm_model_1_seed_042 recycle=3 pLDDT=90.7 pTM=0.697 tol=0.0455
2026-07-15 18:39:41,979 alphafold2_ptm_model_1_seed_042 took 0.7s (3 recycles)
2026-07-15 18:39:42,176 alphafold2_ptm_model_2_seed_042 recycle=0 pLDDT=91.1 pTM=0.709
2026-07-15 18:39:42,353 alphafold2_ptm_model_2_seed_042 recycle=1 pLDDT=92.6 pTM=0.742 tol=0.125
2026-07-15 18:39:42,533 alphafold2_ptm_model_2_seed_042 recycle=2 pLDDT=92.8 pTM=0.746 tol=0.0443
2026-07-15 18:39:42,709 alphafold2_ptm_model_2_seed_042 recycle=3 pLDDT=92.9 pTM=0.748 tol=0.0283
2026-07-15 18:39:42,710 alphafold2_ptm_model_2_seed_042 took 0.7s (3 recycles)
2026-07-15 18:39:42,918 alphafold2_ptm_model_3_seed_042 recycle=0 pLDDT=79.1 pTM=0.566
2026-07-15 18:39:43,093 alphafold2_ptm_model_3_seed_042 recycle=1 pLDDT=88.9 pTM=0.678 tol=0.425
2026-07-15 18:39:43,272 alphafold2_ptm_model_3_seed_042 recycle=2 pLDDT=89.6 pTM=0.694 tol=0.0686
2026-07-15 18:39:43,448 alphafold2_ptm_model_3_seed_042 recycle=3 pLDDT=89.8 pTM=0.689 tol=0.0479
2026-07-15 18:39:43,448 alphafold2_ptm_model_3_seed_042 took 0.7s (3 recycles)
2026-07-15 18:39:43,641 alphafold2_ptm_model_4_seed_042 recycle=0 pLDDT=86.1 pTM=0.638
2026-07-15 18:39:43,817 alphafold2_ptm_model_4_seed_042 recycle=1 pLDDT=89.9 pTM=0.701 tol=0.263
2026-07-15 18:39:43,995 alphafold2_ptm_model_4_seed_042 recycle=2 pLDDT=90.2 pTM=0.705 tol=0.053
2026-07-15 18:39:44,170 alphafold2_ptm_model_4_seed_042 recycle=3 pLDDT=90.3 pTM=0.705 tol=0.0317
2026-07-15 18:39:44,170 alphafold2_ptm_model_4_seed_042 took 0.7s (3 recycles)
2026-07-15 18:39:44,363 alphafold2_ptm_model_5_seed_042 recycle=0 pLDDT=75.7 pTM=0.538
2026-07-15 18:39:44,538 alphafold2_ptm_model_5_seed_042 recycle=1 pLDDT=89.5 pTM=0.691 tol=1.73
2026-07-15 18:39:44,717 alphafold2_ptm_model_5_seed_042 recycle=2 pLDDT=91.4 pTM=0.707 tol=0.097
2026-07-15 18:39:44,893 alphafold2_ptm_model_5_seed_042 recycle=3 pLDDT=91.9 pTM=0.71 tol=0.0407
2026-07-15 18:39:44,893 alphafold2_ptm_model_5_seed_042 took 0.7s (3 recycles)
2026-07-15 18:39:44,910 reranking models by 'plddt' metric
2026-07-15 18:39:44,910 rank_001_alphafold2_ptm_model_2_seed_042 pLDDT=92.9 pTM=0.748
2026-07-15 18:39:44,912 rank_002_alphafold2_ptm_model_5_seed_042 pLDDT=91.9 pTM=0.71
2026-07-15 18:39:44,914 rank_003_alphafold2_ptm_model_1_seed_042 pLDDT=90.7 pTM=0.697
2026-07-15 18:39:44,915 rank_004_alphafold2_ptm_model_4_seed_042 pLDDT=90.3 pTM=0.705
2026-07-15 18:39:44,917 rank_005_alphafold2_ptm_model_3_seed_042 pLDDT=89.8 pTM=0.689
2026-07-15 18:39:47,017 Query 23/80: 5KPH_2_4_6_0_id7 (length 72)
2026-07-15 18:39:48,461 Padding length to 82
2026-07-15 18:39:48,637 alphafold2_ptm_model_1_seed_042 recycle=0 pLDDT=52.6 pTM=0.358
2026-07-15 18:39:48,810 alphafold2_ptm_model_1_seed_042 recycle=1 pLDDT=60.8 pTM=0.423 tol=6.36
2026-07-15 18:39:48,987 alphafold2_ptm_model_1_seed_042 recycle=2 pLDDT=58.5 pTM=0.388 tol=0.967
2026-07-15 18:39:49,160 alphafold2_ptm_model_1_seed_042 recycle=3 pLDDT=57.2 pTM=0.373 tol=0.708
2026-07-15 18:39:49,160 alphafold2_ptm_model_1_seed_042 took 0.7s (3 recycles)
2026-07-15 18:39:49,351 alphafold2_ptm_model_2_seed_042 recycle=0 pLDDT=52.2 pTM=0.374
2026-07-15 18:39:49,524 alphafold2_ptm_model_2_seed_042 recycle=1 pLDDT=52.9 pTM=0.385 tol=3.6
2026-07-15 18:39:49,699 alphafold2_ptm_model_2_seed_042 recycle=2 pLDDT=59 pTM=0.403 tol=3.06
2026-07-15 18:39:49,872 alphafold2_ptm_model_2_seed_042 recycle=3 pLDDT=63.2 pTM=0.468 tol=1.7
2026-07-15 18:39:49,872 alphafold2_ptm_model_2_seed_042 took 0.7s (3 recycles)
2026-07-15 18:39:50,064 alphafold2_ptm_model_3_seed_042 recycle=0 pLDDT=56.6 pTM=0.353
2026-07-15 18:39:50,237 alphafold2_ptm_model_3_seed_042 recycle=1 pLDDT=57.2 pTM=0.379 tol=1.95
2026-07-15 18:39:50,410 alphafold2_ptm_model_3_seed_042 recycle=2 pLDDT=56.1 pTM=0.375 tol=0.646
2026-07-15 18:39:50,582 alphafold2_ptm_model_3_seed_042 recycle=3 pLDDT=57.1 pTM=0.381 tol=0.725
2026-07-15 18:39:50,582 alphafold2_ptm_model_3_seed_042 took 0.7s (3 recycles)
2026-07-15 18:39:50,772 alphafold2_ptm_model_4_seed_042 recycle=0 pLDDT=54.1 pTM=0.328
2026-07-15 18:39:50,945 alphafold2_ptm_model_4_seed_042 recycle=1 pLDDT=51 pTM=0.321 tol=2.49
2026-07-15 18:39:51,117 alphafold2_ptm_model_4_seed_042 recycle=2 pLDDT=54.9 pTM=0.378 tol=1.28
2026-07-15 18:39:51,290 alphafold2_ptm_model_4_seed_042 recycle=3 pLDDT=55.3 pTM=0.374 tol=0.728
2026-07-15 18:39:51,290 alphafold2_ptm_model_4_seed_042 took 0.7s (3 recycles)
2026-07-15 18:39:51,481 alphafold2_ptm_model_5_seed_042 recycle=0 pLDDT=42.3 pTM=0.291
2026-07-15 18:39:51,653 alphafold2_ptm_model_5_seed_042 recycle=1 pLDDT=51.2 pTM=0.418 tol=6.48
2026-07-15 18:39:51,826 alphafold2_ptm_model_5_seed_042 recycle=2 pLDDT=54.6 pTM=0.433 tol=3.06
2026-07-15 18:39:51,999 alphafold2_ptm_model_5_seed_042 recycle=3 pLDDT=58 pTM=0.459 tol=1.62
2026-07-15 18:39:51,999 alphafold2_ptm_model_5_seed_042 took 0.7s (3 recycles)
2026-07-15 18:39:52,061 reranking models by 'plddt' metric
2026-07-15 18:39:52,061 rank_001_alphafold2_ptm_model_2_seed_042 pLDDT=63.2 pTM=0.468
2026-07-15 18:39:52,062 rank_002_alphafold2_ptm_model_5_seed_042 pLDDT=58 pTM=0.459
2026-07-15 18:39:52,064 rank_003_alphafold2_ptm_model_1_seed_042 pLDDT=57.2 pTM=0.373
2026-07-15 18:39:52,066 rank_004_alphafold2_ptm_model_3_seed_042 pLDDT=57.1 pTM=0.381
2026-07-15 18:39:52,067 rank_005_alphafold2_ptm_model_4_seed_042 pLDDT=55.3 pTM=0.374
2026-07-15 18:39:53,956 Query 24/80: 5KPH_2_4_6_0_id8 (length 72)
2026-07-15 18:39:55,380 Padding length to 82
2026-07-15 18:39:55,556 alphafold2_ptm_model_1_seed_042 recycle=0 pLDDT=78.8 pTM=0.594
2026-07-15 18:39:55,731 alphafold2_ptm_model_1_seed_042 recycle=1 pLDDT=87.2 pTM=0.694 tol=0.535
2026-07-15 18:39:55,910 alphafold2_ptm_model_1_seed_042 recycle=2 pLDDT=88.6 pTM=0.703 tol=0.0936
2026-07-15 18:39:56,085 alphafold2_ptm_model_1_seed_042 recycle=3 pLDDT=88.6 pTM=0.7 tol=0.0516
2026-07-15 18:39:56,085 alphafold2_ptm_model_1_seed_042 took 0.7s (3 recycles)
2026-07-15 18:39:56,319 alphafold2_ptm_model_2_seed_042 recycle=0 pLDDT=94.2 pTM=0.769
2026-07-15 18:39:56,498 alphafold2_ptm_model_2_seed_042 recycle=1 pLDDT=95.1 pTM=0.79 tol=0.15
2026-07-15 18:39:56,678 alphafold2_ptm_model_2_seed_042 recycle=2 pLDDT=95.3 pTM=0.794 tol=0.0454
2026-07-15 18:39:56,857 alphafold2_ptm_model_2_seed_042 recycle=3 pLDDT=95.4 pTM=0.796 tol=0.0245
2026-07-15 18:39:56,857 alphafold2_ptm_model_2_seed_042 took 0.7s (3 recycles)
2026-07-15 18:39:57,084 alphafold2_ptm_model_3_seed_042 recycle=0 pLDDT=88 pTM=0.677
2026-07-15 18:39:57,261 alphafold2_ptm_model_3_seed_042 recycle=1 pLDDT=92.7 pTM=0.759 tol=0.24
2026-07-15 18:39:57,443 alphafold2_ptm_model_3_seed_042 recycle=2 pLDDT=93.5 pTM=0.769 tol=0.0773
2026-07-15 18:39:57,621 alphafold2_ptm_model_3_seed_042 recycle=3 pLDDT=93.9 pTM=0.773 tol=0.0403
2026-07-15 18:39:57,621 alphafold2_ptm_model_3_seed_042 took 0.7s (3 recycles)
2026-07-15 18:39:57,816 alphafold2_ptm_model_4_seed_042 recycle=0 pLDDT=88.8 pTM=0.705
2026-07-15 18:39:57,993 alphafold2_ptm_model_4_seed_042 recycle=1 pLDDT=92.1 pTM=0.759 tol=0.187
2026-07-15 18:39:58,173 alphafold2_ptm_model_4_seed_042 recycle=2 pLDDT=92.9 pTM=0.776 tol=0.045
2026-07-15 18:39:58,352 alphafold2_ptm_model_4_seed_042 recycle=3 pLDDT=93.3 pTM=0.784 tol=0.0349
2026-07-15 18:39:58,352 alphafold2_ptm_model_4_seed_042 took 0.7s (3 recycles)
2026-07-15 18:39:58,574 alphafold2_ptm_model_5_seed_042 recycle=0 pLDDT=44.6 pTM=0.336
2026-07-15 18:39:58,751 alphafold2_ptm_model_5_seed_042 recycle=1 pLDDT=93.1 pTM=0.765 tol=3.98
2026-07-15 18:39:58,933 alphafold2_ptm_model_5_seed_042 recycle=2 pLDDT=94.5 pTM=0.777 tol=0.144
2026-07-15 18:39:59,111 alphafold2_ptm_model_5_seed_042 recycle=3 pLDDT=94.8 pTM=0.78 tol=0.0442
2026-07-15 18:39:59,112 alphafold2_ptm_model_5_seed_042 took 0.7s (3 recycles)
2026-07-15 18:39:59,169 reranking models by 'plddt' metric
2026-07-15 18:39:59,169 rank_001_alphafold2_ptm_model_2_seed_042 pLDDT=95.4 pTM=0.796
2026-07-15 18:39:59,171 rank_002_alphafold2_ptm_model_5_seed_042 pLDDT=94.8 pTM=0.78
2026-07-15 18:39:59,172 rank_003_alphafold2_ptm_model_3_seed_042 pLDDT=93.9 pTM=0.773
2026-07-15 18:39:59,174 rank_004_alphafold2_ptm_model_4_seed_042 pLDDT=93.3 pTM=0.784
2026-07-15 18:39:59,175 rank_005_alphafold2_ptm_model_1_seed_042 pLDDT=88.6 pTM=0.7
2026-07-15 18:40:01,043 Query 25/80: 5KPE_8_2_3_0_id1 (length 108)
2026-07-15 18:40:18,334 alphafold2_ptm_model_1_seed_042 recycle=0 pLDDT=62.8 pTM=0.326
2026-07-15 18:40:18,579 alphafold2_ptm_model_1_seed_042 recycle=1 pLDDT=59.4 pTM=0.38 tol=18.4
2026-07-15 18:40:18,824 alphafold2_ptm_model_1_seed_042 recycle=2 pLDDT=76.6 pTM=0.497 tol=4.71
2026-07-15 18:40:19,070 alphafold2_ptm_model_1_seed_042 recycle=3 pLDDT=77.4 pTM=0.488 tol=5.76
2026-07-15 18:40:19,070 alphafold2_ptm_model_1_seed_042 took 16.6s (3 recycles)
2026-07-15 18:40:19,368 alphafold2_ptm_model_2_seed_042 recycle=0 pLDDT=82.5 pTM=0.533
2026-07-15 18:40:19,614 alphafold2_ptm_model_2_seed_042 recycle=1 pLDDT=78.4 pTM=0.535 tol=6.26
2026-07-15 18:40:19,866 alphafold2_ptm_model_2_seed_042 recycle=2 pLDDT=80.1 pTM=0.556 tol=0.838
2026-07-15 18:40:20,113 alphafold2_ptm_model_2_seed_042 recycle=3 pLDDT=81.8 pTM=0.563 tol=6.09
2026-07-15 18:40:20,113 alphafold2_ptm_model_2_seed_042 took 1.0s (3 recycles)
2026-07-15 18:40:20,385 alphafold2_ptm_model_3_seed_042 recycle=0 pLDDT=75.7 pTM=0.455
2026-07-15 18:40:20,630 alphafold2_ptm_model_3_seed_042 recycle=1 pLDDT=76.2 pTM=0.51 tol=6.9
2026-07-15 18:40:20,875 alphafold2_ptm_model_3_seed_042 recycle=2 pLDDT=75.1 pTM=0.495 tol=0.742
2026-07-15 18:40:21,122 alphafold2_ptm_model_3_seed_042 recycle=3 pLDDT=76.5 pTM=0.522 tol=0.913
2026-07-15 18:40:21,122 alphafold2_ptm_model_3_seed_042 took 1.0s (3 recycles)
2026-07-15 18:40:21,407 alphafold2_ptm_model_4_seed_042 recycle=0 pLDDT=74.9 pTM=0.48
2026-07-15 18:40:21,653 alphafold2_ptm_model_4_seed_042 recycle=1 pLDDT=77.1 pTM=0.51 tol=5.07
2026-07-15 18:40:21,899 alphafold2_ptm_model_4_seed_042 recycle=2 pLDDT=76.4 pTM=0.519 tol=0.957
2026-07-15 18:40:22,145 alphafold2_ptm_model_4_seed_042 recycle=3 pLDDT=76.2 pTM=0.516 tol=1.04
2026-07-15 18:40:22,145 alphafold2_ptm_model_4_seed_042 took 1.0s (3 recycles)
2026-07-15 18:40:22,441 alphafold2_ptm_model_5_seed_042 recycle=0 pLDDT=46 pTM=0.228
2026-07-15 18:40:22,686 alphafold2_ptm_model_5_seed_042 recycle=1 pLDDT=69.9 pTM=0.439 tol=15
2026-07-15 18:40:22,938 alphafold2_ptm_model_5_seed_042 recycle=2 pLDDT=72.3 pTM=0.489 tol=6.61
2026-07-15 18:40:23,183 alphafold2_ptm_model_5_seed_042 recycle=3 pLDDT=72.9 pTM=0.509 tol=0.987
2026-07-15 18:40:23,184 alphafold2_ptm_model_5_seed_042 took 1.0s (3 recycles)
2026-07-15 18:40:23,226 reranking models by 'plddt' metric
2026-07-15 18:40:23,226 rank_001_alphafold2_ptm_model_2_seed_042 pLDDT=81.8 pTM=0.563
2026-07-15 18:40:23,227 rank_002_alphafold2_ptm_model_1_seed_042 pLDDT=77.4 pTM=0.488
2026-07-15 18:40:23,229 rank_003_alphafold2_ptm_model_3_seed_042 pLDDT=76.5 pTM=0.522
2026-07-15 18:40:23,231 rank_004_alphafold2_ptm_model_4_seed_042 pLDDT=76.2 pTM=0.516
2026-07-15 18:40:23,232 rank_005_alphafold2_ptm_model_5_seed_042 pLDDT=72.9 pTM=0.509
2026-07-15 18:40:25,182 Query 26/80: 5KPE_8_2_3_0_id2 (length 108)
2026-07-15 18:40:26,801 alphafold2_ptm_model_1_seed_042 recycle=0 pLDDT=59.9 pTM=0.368
2026-07-15 18:40:27,052 alphafold2_ptm_model_1_seed_042 recycle=1 pLDDT=60.8 pTM=0.441 tol=2.66
2026-07-15 18:40:27,296 alphafold2_ptm_model_1_seed_042 recycle=2 pLDDT=69.4 pTM=0.458 tol=3.11
2026-07-15 18:40:27,547 alphafold2_ptm_model_1_seed_042 recycle=3 pLDDT=72.5 pTM=0.474 tol=6.1
2026-07-15 18:40:27,547 alphafold2_ptm_model_1_seed_042 took 1.0s (3 recycles)
2026-07-15 18:40:27,828 alphafold2_ptm_model_2_seed_042 recycle=0 pLDDT=65.3 pTM=0.456
2026-07-15 18:40:28,077 alphafold2_ptm_model_2_seed_042 recycle=1 pLDDT=73.9 pTM=0.501 tol=1.77
2026-07-15 18:40:28,322 alphafold2_ptm_model_2_seed_042 recycle=2 pLDDT=73.1 pTM=0.508 tol=8.16
2026-07-15 18:40:28,574 alphafold2_ptm_model_2_seed_042 recycle=3 pLDDT=73.2 pTM=0.51 tol=1.35
2026-07-15 18:40:28,574 alphafold2_ptm_model_2_seed_042 took 1.0s (3 recycles)
2026-07-15 18:40:28,855 alphafold2_ptm_model_3_seed_042 recycle=0 pLDDT=58.1 pTM=0.361
2026-07-15 18:40:29,106 alphafold2_ptm_model_3_seed_042 recycle=1 pLDDT=67.8 pTM=0.464 tol=7.18
2026-07-15 18:40:29,352 alphafold2_ptm_model_3_seed_042 recycle=2 pLDDT=67.9 pTM=0.472 tol=0.689
2026-07-15 18:40:29,597 alphafold2_ptm_model_3_seed_042 recycle=3 pLDDT=65.4 pTM=0.463 tol=6.29
2026-07-15 18:40:29,597 alphafold2_ptm_model_3_seed_042 took 1.0s (3 recycles)
2026-07-15 18:40:29,863 alphafold2_ptm_model_4_seed_042 recycle=0 pLDDT=54.7 pTM=0.362
2026-07-15 18:40:30,109 alphafold2_ptm_model_4_seed_042 recycle=1 pLDDT=60.4 pTM=0.437 tol=4.14
2026-07-15 18:40:30,354 alphafold2_ptm_model_4_seed_042 recycle=2 pLDDT=65.3 pTM=0.467 tol=2.81
2026-07-15 18:40:30,599 alphafold2_ptm_model_4_seed_042 recycle=3 pLDDT=69.8 pTM=0.487 tol=2
2026-07-15 18:40:30,600 alphafold2_ptm_model_4_seed_042 took 1.0s (3 recycles)
2026-07-15 18:40:30,884 alphafold2_ptm_model_5_seed_042 recycle=0 pLDDT=59.6 pTM=0.384
2026-07-15 18:40:31,134 alphafold2_ptm_model_5_seed_042 recycle=1 pLDDT=70.3 pTM=0.483 tol=4.47
2026-07-15 18:40:31,379 alphafold2_ptm_model_5_seed_042 recycle=2 pLDDT=71.7 pTM=0.49 tol=1.79
2026-07-15 18:40:31,631 alphafold2_ptm_model_5_seed_042 recycle=3 pLDDT=71.9 pTM=0.496 tol=0.855
2026-07-15 18:40:31,632 alphafold2_ptm_model_5_seed_042 took 1.0s (3 recycles)
2026-07-15 18:40:31,654 reranking models by 'plddt' metric
2026-07-15 18:40:31,654 rank_001_alphafold2_ptm_model_2_seed_042 pLDDT=73.2 pTM=0.51
2026-07-15 18:40:31,655 rank_002_alphafold2_ptm_model_1_seed_042 pLDDT=72.5 pTM=0.474
2026-07-15 18:40:31,657 rank_003_alphafold2_ptm_model_5_seed_042 pLDDT=71.9 pTM=0.496
2026-07-15 18:40:31,658 rank_004_alphafold2_ptm_model_4_seed_042 pLDDT=69.8 pTM=0.487
2026-07-15 18:40:31,661 rank_005_alphafold2_ptm_model_3_seed_042 pLDDT=65.4 pTM=0.463
2026-07-15 18:40:33,645 Query 27/80: 5KPE_8_2_3_0_id3 (length 108)
2026-07-15 18:40:35,279 alphafold2_ptm_model_1_seed_042 recycle=0 pLDDT=55.6 pTM=0.406
2026-07-15 18:40:35,530 alphafold2_ptm_model_1_seed_042 recycle=1 pLDDT=78.3 pTM=0.562 tol=1.63
2026-07-15 18:40:35,774 alphafold2_ptm_model_1_seed_042 recycle=2 pLDDT=78.6 pTM=0.575 tol=0.354
2026-07-15 18:40:36,025 alphafold2_ptm_model_1_seed_042 recycle=3 pLDDT=79.3 pTM=0.583 tol=0.237
2026-07-15 18:40:36,025 alphafold2_ptm_model_1_seed_042 took 1.0s (3 recycles)
2026-07-15 18:40:36,332 alphafold2_ptm_model_2_seed_042 recycle=0 pLDDT=75.1 pTM=0.544
2026-07-15 18:40:36,578 alphafold2_ptm_model_2_seed_042 recycle=1 pLDDT=77.9 pTM=0.588 tol=0.801
2026-07-15 18:40:36,824 alphafold2_ptm_model_2_seed_042 recycle=2 pLDDT=78 pTM=0.587 tol=0.237
2026-07-15 18:40:37,070 alphafold2_ptm_model_2_seed_042 recycle=3 pLDDT=77.9 pTM=0.582 tol=0.141
2026-07-15 18:40:37,070 alphafold2_ptm_model_2_seed_042 took 1.0s (3 recycles)
2026-07-15 18:40:37,339 alphafold2_ptm_model_3_seed_042 recycle=0 pLDDT=71.8 pTM=0.499
2026-07-15 18:40:37,590 alphafold2_ptm_model_3_seed_042 recycle=1 pLDDT=76.6 pTM=0.565 tol=0.794
2026-07-15 18:40:37,837 alphafold2_ptm_model_3_seed_042 recycle=2 pLDDT=76.5 pTM=0.572 tol=0.185
2026-07-15 18:40:38,088 alphafold2_ptm_model_3_seed_042 recycle=3 pLDDT=76.9 pTM=0.575 tol=0.0833
2026-07-15 18:40:38,089 alphafold2_ptm_model_3_seed_042 took 1.0s (3 recycles)
2026-07-15 18:40:38,355 alphafold2_ptm_model_4_seed_042 recycle=0 pLDDT=74.9 pTM=0.567
2026-07-15 18:40:38,608 alphafold2_ptm_model_4_seed_042 recycle=1 pLDDT=79.4 pTM=0.606 tol=1.04
2026-07-15 18:40:38,854 alphafold2_ptm_model_4_seed_042 recycle=2 pLDDT=78.8 pTM=0.605 tol=0.197
2026-07-15 18:40:39,105 alphafold2_ptm_model_4_seed_042 recycle=3 pLDDT=78.7 pTM=0.604 tol=0.0826
2026-07-15 18:40:39,105 alphafold2_ptm_model_4_seed_042 took 1.0s (3 recycles)
2026-07-15 18:40:39,372 alphafold2_ptm_model_5_seed_042 recycle=0 pLDDT=47.6 pTM=0.34
2026-07-15 18:40:39,620 alphafold2_ptm_model_5_seed_042 recycle=1 pLDDT=65 pTM=0.473 tol=4.72
2026-07-15 18:40:39,865 alphafold2_ptm_model_5_seed_042 recycle=2 pLDDT=73.8 pTM=0.527 tol=5.46
2026-07-15 18:40:40,116 alphafold2_ptm_model_5_seed_042 recycle=3 pLDDT=75.4 pTM=0.544 tol=0.439
2026-07-15 18:40:40,116 alphafold2_ptm_model_5_seed_042 took 1.0s (3 recycles)
2026-07-15 18:40:40,138 reranking models by 'plddt' metric
2026-07-15 18:40:40,138 rank_001_alphafold2_ptm_model_1_seed_042 pLDDT=79.3 pTM=0.583
2026-07-15 18:40:40,140 rank_002_alphafold2_ptm_model_4_seed_042 pLDDT=78.7 pTM=0.604
2026-07-15 18:40:40,142 rank_003_alphafold2_ptm_model_2_seed_042 pLDDT=77.9 pTM=0.582
2026-07-15 18:40:40,143 rank_004_alphafold2_ptm_model_3_seed_042 pLDDT=76.9 pTM=0.575
2026-07-15 18:40:40,145 rank_005_alphafold2_ptm_model_5_seed_042 pLDDT=75.4 pTM=0.544
2026-07-15 18:40:42,355 Query 28/80: 5KPE_8_2_3_0_id4 (length 108)
2026-07-15 18:40:43,943 alphafold2_ptm_model_1_seed_042 recycle=0 pLDDT=75.8 pTM=0.535
2026-07-15 18:40:44,189 alphafold2_ptm_model_1_seed_042 recycle=1 pLDDT=80.1 pTM=0.562 tol=1.55
2026-07-15 18:40:44,434 alphafold2_ptm_model_1_seed_042 recycle=2 pLDDT=80.9 pTM=0.566 tol=1.2
2026-07-15 18:40:44,680 alphafold2_ptm_model_1_seed_042 recycle=3 pLDDT=81.1 pTM=0.569 tol=0.647
2026-07-15 18:40:44,680 alphafold2_ptm_model_1_seed_042 took 1.0s (3 recycles)
2026-07-15 18:40:44,968 alphafold2_ptm_model_2_seed_042 recycle=0 pLDDT=79.3 pTM=0.587
2026-07-15 18:40:45,216 alphafold2_ptm_model_2_seed_042 recycle=1 pLDDT=80.9 pTM=0.583 tol=2.73
2026-07-15 18:40:45,463 alphafold2_ptm_model_2_seed_042 recycle=2 pLDDT=81 pTM=0.587 tol=0.895
2026-07-15 18:40:45,715 alphafold2_ptm_model_2_seed_042 recycle=3 pLDDT=81.1 pTM=0.586 tol=1.22
2026-07-15 18:40:45,715 alphafold2_ptm_model_2_seed_042 took 1.0s (3 recycles)
2026-07-15 18:40:45,983 alphafold2_ptm_model_3_seed_042 recycle=0 pLDDT=77.2 pTM=0.537
2026-07-15 18:40:46,233 alphafold2_ptm_model_3_seed_042 recycle=1 pLDDT=77.8 pTM=0.564 tol=1.62
2026-07-15 18:40:46,479 alphafold2_ptm_model_3_seed_042 recycle=2 pLDDT=77.6 pTM=0.57 tol=0.616
2026-07-15 18:40:46,731 alphafold2_ptm_model_3_seed_042 recycle=3 pLDDT=77.9 pTM=0.574 tol=0.355
2026-07-15 18:40:46,731 alphafold2_ptm_model_3_seed_042 took 1.0s (3 recycles)
2026-07-15 18:40:47,000 alphafold2_ptm_model_4_seed_042 recycle=0 pLDDT=76.6 pTM=0.548
2026-07-15 18:40:47,251 alphafold2_ptm_model_4_seed_042 recycle=1 pLDDT=78.5 pTM=0.559 tol=1.44
2026-07-15 18:40:47,497 alphafold2_ptm_model_4_seed_042 recycle=2 pLDDT=77.6 pTM=0.562 tol=0.358
2026-07-15 18:40:47,750 alphafold2_ptm_model_4_seed_042 recycle=3 pLDDT=77.2 pTM=0.562 tol=0.268
2026-07-15 18:40:47,750 alphafold2_ptm_model_4_seed_042 took 1.0s (3 recycles)
2026-07-15 18:40:48,018 alphafold2_ptm_model_5_seed_042 recycle=0 pLDDT=76.3 pTM=0.503
2026-07-15 18:40:48,265 alphafold2_ptm_model_5_seed_042 recycle=1 pLDDT=77.8 pTM=0.558 tol=4.87
2026-07-15 18:40:48,510 alphafold2_ptm_model_5_seed_042 recycle=2 pLDDT=78.1 pTM=0.557 tol=0.673
2026-07-15 18:40:48,757 alphafold2_ptm_model_5_seed_042 recycle=3 pLDDT=78.2 pTM=0.56 tol=0.224
2026-07-15 18:40:48,757 alphafold2_ptm_model_5_seed_042 took 1.0s (3 recycles)
2026-07-15 18:40:48,779 reranking models by 'plddt' metric
2026-07-15 18:40:48,779 rank_001_alphafold2_ptm_model_1_seed_042 pLDDT=81.1 pTM=0.569
2026-07-15 18:40:48,781 rank_002_alphafold2_ptm_model_2_seed_042 pLDDT=81.1 pTM=0.586
2026-07-15 18:40:48,782 rank_003_alphafold2_ptm_model_5_seed_042 pLDDT=78.2 pTM=0.56
2026-07-15 18:40:48,784 rank_004_alphafold2_ptm_model_3_seed_042 pLDDT=77.9 pTM=0.574
2026-07-15 18:40:48,785 rank_005_alphafold2_ptm_model_4_seed_042 pLDDT=77.2 pTM=0.562
2026-07-15 18:40:50,726 Query 29/80: 5KPE_8_2_3_0_id5 (length 108)
2026-07-15 18:40:52,353 alphafold2_ptm_model_1_seed_042 recycle=0 pLDDT=65.2 pTM=0.314
2026-07-15 18:40:52,604 alphafold2_ptm_model_1_seed_042 recycle=1 pLDDT=62 pTM=0.278 tol=2.49
2026-07-15 18:40:52,848 alphafold2_ptm_model_1_seed_042 recycle=2 pLDDT=59.1 pTM=0.274 tol=6.21
2026-07-15 18:40:53,097 alphafold2_ptm_model_1_seed_042 recycle=3 pLDDT=56.6 pTM=0.273 tol=3.46
2026-07-15 18:40:53,098 alphafold2_ptm_model_1_seed_042 took 1.0s (3 recycles)
2026-07-15 18:40:53,366 alphafold2_ptm_model_2_seed_042 recycle=0 pLDDT=56.7 pTM=0.359
2026-07-15 18:40:53,615 alphafold2_ptm_model_2_seed_042 recycle=1 pLDDT=62.1 pTM=0.474 tol=2.7
2026-07-15 18:40:53,860 alphafold2_ptm_model_2_seed_042 recycle=2 pLDDT=74.2 pTM=0.58 tol=5.81
2026-07-15 18:40:54,112 alphafold2_ptm_model_2_seed_042 recycle=3 pLDDT=78.1 pTM=0.608 tol=1.38
2026-07-15 18:40:54,112 alphafold2_ptm_model_2_seed_042 took 1.0s (3 recycles)
2026-07-15 18:40:54,380 alphafold2_ptm_model_3_seed_042 recycle=0 pLDDT=63.9 pTM=0.453
2026-07-15 18:40:54,631 alphafold2_ptm_model_3_seed_042 recycle=1 pLDDT=61.2 pTM=0.407 tol=2.21
2026-07-15 18:40:54,878 alphafold2_ptm_model_3_seed_042 recycle=2 pLDDT=81.9 pTM=0.673 tol=3.14
2026-07-15 18:40:55,131 alphafold2_ptm_model_3_seed_042 recycle=3 pLDDT=86.3 pTM=0.717 tol=0.344
2026-07-15 18:40:55,131 alphafold2_ptm_model_3_seed_042 took 1.0s (3 recycles)
2026-07-15 18:40:55,409 alphafold2_ptm_model_4_seed_042 recycle=0 pLDDT=48.7 pTM=0.324
2026-07-15 18:40:55,659 alphafold2_ptm_model_4_seed_042 recycle=1 pLDDT=73.2 pTM=0.54 tol=8.83
2026-07-15 18:40:55,904 alphafold2_ptm_model_4_seed_042 recycle=2 pLDDT=75 pTM=0.573 tol=1.18
2026-07-15 18:40:56,154 alphafold2_ptm_model_4_seed_042 recycle=3 pLDDT=70.6 pTM=0.519 tol=0.866
2026-07-15 18:40:56,155 alphafold2_ptm_model_4_seed_042 took 1.0s (3 recycles)
2026-07-15 18:40:56,425 alphafold2_ptm_model_5_seed_042 recycle=0 pLDDT=89.2 pTM=0.48
2026-07-15 18:40:56,676 alphafold2_ptm_model_5_seed_042 recycle=1 pLDDT=90.1 pTM=0.509 tol=0.498
2026-07-15 18:40:56,925 alphafold2_ptm_model_5_seed_042 recycle=2 pLDDT=90.2 pTM=0.515 tol=0.212
2026-07-15 18:40:57,179 alphafold2_ptm_model_5_seed_042 recycle=3 pLDDT=90.4 pTM=0.517 tol=0.0948
2026-07-15 18:40:57,179 alphafold2_ptm_model_5_seed_042 took 1.0s (3 recycles)
2026-07-15 18:40:57,242 reranking models by 'plddt' metric
2026-07-15 18:40:57,242 rank_001_alphafold2_ptm_model_5_seed_042 pLDDT=90.4 pTM=0.517
2026-07-15 18:40:57,244 rank_002_alphafold2_ptm_model_3_seed_042 pLDDT=86.3 pTM=0.717
2026-07-15 18:40:57,246 rank_003_alphafold2_ptm_model_2_seed_042 pLDDT=78.1 pTM=0.608
2026-07-15 18:40:57,248 rank_004_alphafold2_ptm_model_4_seed_042 pLDDT=70.6 pTM=0.519
2026-07-15 18:40:57,249 rank_005_alphafold2_ptm_model_1_seed_042 pLDDT=56.6 pTM=0.273
2026-07-15 18:40:59,232 Query 30/80: 5KPE_8_2_3_0_id6 (length 108)
2026-07-15 18:41:00,844 alphafold2_ptm_model_1_seed_042 recycle=0 pLDDT=65.6 pTM=0.429
2026-07-15 18:41:01,095 alphafold2_ptm_model_1_seed_042 recycle=1 pLDDT=77.9 pTM=0.571 tol=1.37
2026-07-15 18:41:01,340 alphafold2_ptm_model_1_seed_042 recycle=2 pLDDT=77 pTM=0.566 tol=0.258
2026-07-15 18:41:01,590 alphafold2_ptm_model_1_seed_042 recycle=3 pLDDT=78.4 pTM=0.568 tol=0.122
2026-07-15 18:41:01,590 alphafold2_ptm_model_1_seed_042 took 1.0s (3 recycles)
2026-07-15 18:41:01,859 alphafold2_ptm_model_2_seed_042 recycle=0 pLDDT=62.4 pTM=0.488
2026-07-15 18:41:02,111 alphafold2_ptm_model_2_seed_042 recycle=1 pLDDT=83.1 pTM=0.617 tol=4.94
2026-07-15 18:41:02,357 alphafold2_ptm_model_2_seed_042 recycle=2 pLDDT=83.7 pTM=0.64 tol=0.417
2026-07-15 18:41:02,609 alphafold2_ptm_model_2_seed_042 recycle=3 pLDDT=82.8 pTM=0.63 tol=0.0918
2026-07-15 18:41:02,609 alphafold2_ptm_model_2_seed_042 took 1.0s (3 recycles)
2026-07-15 18:41:02,893 alphafold2_ptm_model_3_seed_042 recycle=0 pLDDT=65.2 pTM=0.452
2026-07-15 18:41:03,144 alphafold2_ptm_model_3_seed_042 recycle=1 pLDDT=78.3 pTM=0.555 tol=2.93
2026-07-15 18:41:03,389 alphafold2_ptm_model_3_seed_042 recycle=2 pLDDT=76.8 pTM=0.543 tol=0.295
2026-07-15 18:41:03,638 alphafold2_ptm_model_3_seed_042 recycle=3 pLDDT=77 pTM=0.555 tol=0.305
2026-07-15 18:41:03,638 alphafold2_ptm_model_3_seed_042 took 1.0s (3 recycles)
2026-07-15 18:41:03,905 alphafold2_ptm_model_4_seed_042 recycle=0 pLDDT=64.7 pTM=0.447
2026-07-15 18:41:04,156 alphafold2_ptm_model_4_seed_042 recycle=1 pLDDT=80.7 pTM=0.607 tol=2.07
2026-07-15 18:41:04,401 alphafold2_ptm_model_4_seed_042 recycle=2 pLDDT=77.9 pTM=0.594 tol=0.346
2026-07-15 18:41:04,653 alphafold2_ptm_model_4_seed_042 recycle=3 pLDDT=77.9 pTM=0.592 tol=0.157
2026-07-15 18:41:04,653 alphafold2_ptm_model_4_seed_042 took 1.0s (3 recycles)
2026-07-15 18:41:05,178 alphafold2_ptm_model_5_seed_042 recycle=0 pLDDT=66.4 pTM=0.5
2026-07-15 18:41:05,430 alphafold2_ptm_model_5_seed_042 recycle=1 pLDDT=82.3 pTM=0.635 tol=2.47
2026-07-15 18:41:05,676 alphafold2_ptm_model_5_seed_042 recycle=2 pLDDT=82.2 pTM=0.622 tol=0.534
2026-07-15 18:41:05,927 alphafold2_ptm_model_5_seed_042 recycle=3 pLDDT=82.1 pTM=0.62 tol=0.0779
2026-07-15 18:41:05,927 alphafold2_ptm_model_5_seed_042 took 1.0s (3 recycles)
2026-07-15 18:41:05,987 reranking models by 'plddt' metric
2026-07-15 18:41:05,987 rank_001_alphafold2_ptm_model_2_seed_042 pLDDT=82.8 pTM=0.63
2026-07-15 18:41:05,988 rank_002_alphafold2_ptm_model_5_seed_042 pLDDT=82.1 pTM=0.62
2026-07-15 18:41:05,990 rank_003_alphafold2_ptm_model_1_seed_042 pLDDT=78.4 pTM=0.568
2026-07-15 18:41:05,991 rank_004_alphafold2_ptm_model_4_seed_042 pLDDT=77.9 pTM=0.592
2026-07-15 18:41:05,993 rank_005_alphafold2_ptm_model_3_seed_042 pLDDT=77 pTM=0.555
2026-07-15 18:41:08,257 Query 31/80: 5KPE_8_2_3_0_id7 (length 108)
2026-07-15 18:41:09,866 alphafold2_ptm_model_1_seed_042 recycle=0 pLDDT=77.1 pTM=0.545
2026-07-15 18:41:10,118 alphafold2_ptm_model_1_seed_042 recycle=1 pLDDT=76.9 pTM=0.555 tol=1.54
2026-07-15 18:41:10,363 alphafold2_ptm_model_1_seed_042 recycle=2 pLDDT=77.2 pTM=0.57 tol=0.425
2026-07-15 18:41:10,614 alphafold2_ptm_model_1_seed_042 recycle=3 pLDDT=77.2 pTM=0.574 tol=0.305
2026-07-15 18:41:10,615 alphafold2_ptm_model_1_seed_042 took 1.0s (3 recycles)
2026-07-15 18:41:10,885 alphafold2_ptm_model_2_seed_042 recycle=0 pLDDT=79.5 pTM=0.606
2026-07-15 18:41:11,135 alphafold2_ptm_model_2_seed_042 recycle=1 pLDDT=78.5 pTM=0.585 tol=1.58
2026-07-15 18:41:11,382 alphafold2_ptm_model_2_seed_042 recycle=2 pLDDT=78.9 pTM=0.578 tol=0.455
2026-07-15 18:41:11,634 alphafold2_ptm_model_2_seed_042 recycle=3 pLDDT=78.7 pTM=0.582 tol=0.18
2026-07-15 18:41:11,634 alphafold2_ptm_model_2_seed_042 took 1.0s (3 recycles)
2026-07-15 18:41:11,902 alphafold2_ptm_model_3_seed_042 recycle=0 pLDDT=66.8 pTM=0.432
2026-07-15 18:41:12,154 alphafold2_ptm_model_3_seed_042 recycle=1 pLDDT=71.3 pTM=0.496 tol=1.11
2026-07-15 18:41:12,398 alphafold2_ptm_model_3_seed_042 recycle=2 pLDDT=75.2 pTM=0.549 tol=0.367
2026-07-15 18:41:12,650 alphafold2_ptm_model_3_seed_042 recycle=3 pLDDT=76.1 pTM=0.559 tol=0.356
2026-07-15 18:41:12,650 alphafold2_ptm_model_3_seed_042 took 1.0s (3 recycles)
2026-07-15 18:41:12,918 alphafold2_ptm_model_4_seed_042 recycle=0 pLDDT=76.2 pTM=0.562
2026-07-15 18:41:13,170 alphafold2_ptm_model_4_seed_042 recycle=1 pLDDT=76.3 pTM=0.572 tol=0.778
2026-07-15 18:41:13,416 alphafold2_ptm_model_4_seed_042 recycle=2 pLDDT=76.3 pTM=0.573 tol=0.302
2026-07-15 18:41:13,664 alphafold2_ptm_model_4_seed_042 recycle=3 pLDDT=76.4 pTM=0.575 tol=0.552
2026-07-15 18:41:13,665 alphafold2_ptm_model_4_seed_042 took 1.0s (3 recycles)
2026-07-15 18:41:13,956 alphafold2_ptm_model_5_seed_042 recycle=0 pLDDT=60.5 pTM=0.412
2026-07-15 18:41:14,206 alphafold2_ptm_model_5_seed_042 recycle=1 pLDDT=71.9 pTM=0.507 tol=2.36
2026-07-15 18:41:14,451 alphafold2_ptm_model_5_seed_042 recycle=2 pLDDT=73.2 pTM=0.517 tol=1.22
2026-07-15 18:41:14,702 alphafold2_ptm_model_5_seed_042 recycle=3 pLDDT=74.4 pTM=0.523 tol=0.817
2026-07-15 18:41:14,703 alphafold2_ptm_model_5_seed_042 took 1.0s (3 recycles)
2026-07-15 18:41:14,725 reranking models by 'plddt' metric
2026-07-15 18:41:14,726 rank_001_alphafold2_ptm_model_2_seed_042 pLDDT=78.7 pTM=0.582
2026-07-15 18:41:14,727 rank_002_alphafold2_ptm_model_1_seed_042 pLDDT=77.2 pTM=0.574
2026-07-15 18:41:14,729 rank_003_alphafold2_ptm_model_4_seed_042 pLDDT=76.4 pTM=0.575
2026-07-15 18:41:14,731 rank_004_alphafold2_ptm_model_3_seed_042 pLDDT=76.1 pTM=0.559
2026-07-15 18:41:14,732 rank_005_alphafold2_ptm_model_5_seed_042 pLDDT=74.4 pTM=0.523
2026-07-15 18:41:16,695 Query 32/80: 5KPE_8_2_3_0_id8 (length 108)
2026-07-15 18:41:18,287 alphafold2_ptm_model_1_seed_042 recycle=0 pLDDT=63.8 pTM=0.425
2026-07-15 18:41:18,539 alphafold2_ptm_model_1_seed_042 recycle=1 pLDDT=73.3 pTM=0.497 tol=1.7
2026-07-15 18:41:18,783 alphafold2_ptm_model_1_seed_042 recycle=2 pLDDT=72.6 pTM=0.508 tol=0.37
2026-07-15 18:41:19,028 alphafold2_ptm_model_1_seed_042 recycle=3 pLDDT=72.6 pTM=0.506 tol=0.347
2026-07-15 18:41:19,029 alphafold2_ptm_model_1_seed_042 took 1.0s (3 recycles)
2026-07-15 18:41:19,363 alphafold2_ptm_model_2_seed_042 recycle=0 pLDDT=60.6 pTM=0.459
2026-07-15 18:41:19,613 alphafold2_ptm_model_2_seed_042 recycle=1 pLDDT=69.9 pTM=0.507 tol=4.3
2026-07-15 18:41:19,859 alphafold2_ptm_model_2_seed_042 recycle=2 pLDDT=72.9 pTM=0.528 tol=1.34
2026-07-15 18:41:20,111 alphafold2_ptm_model_2_seed_042 recycle=3 pLDDT=71.9 pTM=0.521 tol=0.513
2026-07-15 18:41:20,111 alphafold2_ptm_model_2_seed_042 took 1.0s (3 recycles)
2026-07-15 18:41:20,396 alphafold2_ptm_model_3_seed_042 recycle=0 pLDDT=61.9 pTM=0.435
2026-07-15 18:41:20,646 alphafold2_ptm_model_3_seed_042 recycle=1 pLDDT=70.9 pTM=0.5 tol=5.36
2026-07-15 18:41:20,892 alphafold2_ptm_model_3_seed_042 recycle=2 pLDDT=69.4 pTM=0.483 tol=0.639
2026-07-15 18:41:21,143 alphafold2_ptm_model_3_seed_042 recycle=3 pLDDT=70.9 pTM=0.505 tol=0.376
2026-07-15 18:41:21,144 alphafold2_ptm_model_3_seed_042 took 1.0s (3 recycles)
2026-07-15 18:41:21,425 alphafold2_ptm_model_4_seed_042 recycle=0 pLDDT=67.9 pTM=0.469
2026-07-15 18:41:21,676 alphafold2_ptm_model_4_seed_042 recycle=1 pLDDT=74.4 pTM=0.543 tol=1.44
2026-07-15 18:41:21,921 alphafold2_ptm_model_4_seed_042 recycle=2 pLDDT=73.1 pTM=0.534 tol=0.2
2026-07-15 18:41:22,166 alphafold2_ptm_model_4_seed_042 recycle=3 pLDDT=72.7 pTM=0.529 tol=0.204
2026-07-15 18:41:22,166 alphafold2_ptm_model_4_seed_042 took 1.0s (3 recycles)
2026-07-15 18:41:22,447 alphafold2_ptm_model_5_seed_042 recycle=0 pLDDT=59.1 pTM=0.466
2026-07-15 18:41:22,699 alphafold2_ptm_model_5_seed_042 recycle=1 pLDDT=64.1 pTM=0.485 tol=2.23
2026-07-15 18:41:22,944 alphafold2_ptm_model_5_seed_042 recycle=2 pLDDT=66.4 pTM=0.49 tol=2.33
2026-07-15 18:41:23,195 alphafold2_ptm_model_5_seed_042 recycle=3 pLDDT=68.1 pTM=0.498 tol=1.01
2026-07-15 18:41:23,196 alphafold2_ptm_model_5_seed_042 took 1.0s (3 recycles)
2026-07-15 18:41:23,218 reranking models by 'plddt' metric
2026-07-15 18:41:23,218 rank_001_alphafold2_ptm_model_4_seed_042 pLDDT=72.7 pTM=0.529
2026-07-15 18:41:23,220 rank_002_alphafold2_ptm_model_1_seed_042 pLDDT=72.6 pTM=0.506
2026-07-15 18:41:23,222 rank_003_alphafold2_ptm_model_2_seed_042 pLDDT=71.9 pTM=0.521
2026-07-15 18:41:23,223 rank_004_alphafold2_ptm_model_3_seed_042 pLDDT=70.9 pTM=0.505
2026-07-15 18:41:23,225 rank_005_alphafold2_ptm_model_5_seed_042 pLDDT=68.1 pTM=0.498
2026-07-15 18:41:25,208 Query 33/80: 5KPE_4_8_0_0_id1 (length 108)
2026-07-15 18:41:26,817 alphafold2_ptm_model_1_seed_042 recycle=0 pLDDT=64.6 pTM=0.487
2026-07-15 18:41:27,069 alphafold2_ptm_model_1_seed_042 recycle=1 pLDDT=60.7 pTM=0.499 tol=3.47
2026-07-15 18:41:27,313 alphafold2_ptm_model_1_seed_042 recycle=2 pLDDT=59.4 pTM=0.486 tol=1.7
2026-07-15 18:41:27,562 alphafold2_ptm_model_1_seed_042 recycle=3 pLDDT=59.5 pTM=0.468 tol=4.62
2026-07-15 18:41:27,562 alphafold2_ptm_model_1_seed_042 took 1.0s (3 recycles)
2026-07-15 18:41:27,832 alphafold2_ptm_model_2_seed_042 recycle=0 pLDDT=65.4 pTM=0.534
2026-07-15 18:41:28,082 alphafold2_ptm_model_2_seed_042 recycle=1 pLDDT=82.4 pTM=0.684 tol=6.25
2026-07-15 18:41:28,329 alphafold2_ptm_model_2_seed_042 recycle=2 pLDDT=82.9 pTM=0.708 tol=0.343
2026-07-15 18:41:28,581 alphafold2_ptm_model_2_seed_042 recycle=3 pLDDT=82.8 pTM=0.709 tol=0.141
2026-07-15 18:41:28,581 alphafold2_ptm_model_2_seed_042 took 1.0s (3 recycles)
2026-07-15 18:41:28,855 alphafold2_ptm_model_3_seed_042 recycle=0 pLDDT=63.1 pTM=0.482
2026-07-15 18:41:29,107 alphafold2_ptm_model_3_seed_042 recycle=1 pLDDT=79.9 pTM=0.621 tol=6.21
2026-07-15 18:41:29,353 alphafold2_ptm_model_3_seed_042 recycle=2 pLDDT=78.9 pTM=0.605 tol=0.235
2026-07-15 18:41:29,605 alphafold2_ptm_model_3_seed_042 recycle=3 pLDDT=80.1 pTM=0.617 tol=0.133
2026-07-15 18:41:29,605 alphafold2_ptm_model_3_seed_042 took 1.0s (3 recycles)
2026-07-15 18:41:29,880 alphafold2_ptm_model_4_seed_042 recycle=0 pLDDT=63.4 pTM=0.464
2026-07-15 18:41:30,131 alphafold2_ptm_model_4_seed_042 recycle=1 pLDDT=66.1 pTM=0.489 tol=2.25
2026-07-15 18:41:30,375 alphafold2_ptm_model_4_seed_042 recycle=2 pLDDT=66.1 pTM=0.48 tol=0.391
2026-07-15 18:41:30,625 alphafold2_ptm_model_4_seed_042 recycle=3 pLDDT=81.9 pTM=0.647 tol=6.53
2026-07-15 18:41:30,625 alphafold2_ptm_model_4_seed_042 took 1.0s (3 recycles)
2026-07-15 18:41:30,892 alphafold2_ptm_model_5_seed_042 recycle=0 pLDDT=62.7 pTM=0.477
2026-07-15 18:41:31,143 alphafold2_ptm_model_5_seed_042 recycle=1 pLDDT=64.8 pTM=0.485 tol=6.01
2026-07-15 18:41:31,388 alphafold2_ptm_model_5_seed_042 recycle=2 pLDDT=65.5 pTM=0.481 tol=1.42
2026-07-15 18:41:31,639 alphafold2_ptm_model_5_seed_042 recycle=3 pLDDT=73.9 pTM=0.564 tol=1
2026-07-15 18:41:31,639 alphafold2_ptm_model_5_seed_042 took 1.0s (3 recycles)
2026-07-15 18:41:31,661 reranking models by 'plddt' metric
2026-07-15 18:41:31,661 rank_001_alphafold2_ptm_model_2_seed_042 pLDDT=82.8 pTM=0.709
2026-07-15 18:41:31,663 rank_002_alphafold2_ptm_model_4_seed_042 pLDDT=81.9 pTM=0.647
2026-07-15 18:41:31,665 rank_003_alphafold2_ptm_model_3_seed_042 pLDDT=80.1 pTM=0.617
2026-07-15 18:41:31,666 rank_004_alphafold2_ptm_model_5_seed_042 pLDDT=73.9 pTM=0.564
2026-07-15 18:41:31,668 rank_005_alphafold2_ptm_model_1_seed_042 pLDDT=59.5 pTM=0.468
2026-07-15 18:41:33,906 Query 34/80: 5KPE_4_8_0_0_id2 (length 108)
2026-07-15 18:41:35,544 alphafold2_ptm_model_1_seed_042 recycle=0 pLDDT=66.6 pTM=0.491
2026-07-15 18:41:35,789 alphafold2_ptm_model_1_seed_042 recycle=1 pLDDT=66.8 pTM=0.517 tol=7.55
2026-07-15 18:41:36,035 alphafold2_ptm_model_1_seed_042 recycle=2 pLDDT=66.8 pTM=0.508 tol=0.633
2026-07-15 18:41:36,281 alphafold2_ptm_model_1_seed_042 recycle=3 pLDDT=65.2 pTM=0.497 tol=1.27
2026-07-15 18:41:36,281 alphafold2_ptm_model_1_seed_042 took 1.0s (3 recycles)
2026-07-15 18:41:36,685 alphafold2_ptm_model_2_seed_042 recycle=0 pLDDT=76.9 pTM=0.551
2026-07-15 18:41:36,931 alphafold2_ptm_model_2_seed_042 recycle=1 pLDDT=67 pTM=0.533 tol=9.44
2026-07-15 18:41:37,177 alphafold2_ptm_model_2_seed_042 recycle=2 pLDDT=64.1 pTM=0.512 tol=0.699
2026-07-15 18:41:37,423 alphafold2_ptm_model_2_seed_042 recycle=3 pLDDT=58.2 pTM=0.485 tol=4.2
2026-07-15 18:41:37,423 alphafold2_ptm_model_2_seed_042 took 1.0s (3 recycles)
2026-07-15 18:41:37,692 alphafold2_ptm_model_3_seed_042 recycle=0 pLDDT=73 pTM=0.476
2026-07-15 18:41:37,938 alphafold2_ptm_model_3_seed_042 recycle=1 pLDDT=71.8 pTM=0.479 tol=0.924
2026-07-15 18:41:38,184 alphafold2_ptm_model_3_seed_042 recycle=2 pLDDT=73.9 pTM=0.465 tol=1.74
2026-07-15 18:41:38,431 alphafold2_ptm_model_3_seed_042 recycle=3 pLDDT=76.1 pTM=0.49 tol=0.688
2026-07-15 18:41:38,431 alphafold2_ptm_model_3_seed_042 took 1.0s (3 recycles)
2026-07-15 18:41:38,715 alphafold2_ptm_model_4_seed_042 recycle=0 pLDDT=68.3 pTM=0.467
2026-07-15 18:41:38,960 alphafold2_ptm_model_4_seed_042 recycle=1 pLDDT=61.4 pTM=0.483 tol=2.9
2026-07-15 18:41:39,205 alphafold2_ptm_model_4_seed_042 recycle=2 pLDDT=63 pTM=0.481 tol=7.22
2026-07-15 18:41:39,451 alphafold2_ptm_model_4_seed_042 recycle=3 pLDDT=62.2 pTM=0.481 tol=4.68
2026-07-15 18:41:39,451 alphafold2_ptm_model_4_seed_042 took 1.0s (3 recycles)
2026-07-15 18:41:39,720 alphafold2_ptm_model_5_seed_042 recycle=0 pLDDT=71.7 pTM=0.48
2026-07-15 18:41:39,966 alphafold2_ptm_model_5_seed_042 recycle=1 pLDDT=71.4 pTM=0.485 tol=3.62
2026-07-15 18:41:40,212 alphafold2_ptm_model_5_seed_042 recycle=2 pLDDT=72.2 pTM=0.466 tol=1.01
2026-07-15 18:41:40,459 alphafold2_ptm_model_5_seed_042 recycle=3 pLDDT=72.9 pTM=0.474 tol=0.329
2026-07-15 18:41:40,459 alphafold2_ptm_model_5_seed_042 took 1.0s (3 recycles)
2026-07-15 18:41:40,499 reranking models by 'plddt' metric
2026-07-15 18:41:40,499 rank_001_alphafold2_ptm_model_3_seed_042 pLDDT=76.1 pTM=0.49
2026-07-15 18:41:40,501 rank_002_alphafold2_ptm_model_5_seed_042 pLDDT=72.9 pTM=0.474
2026-07-15 18:41:40,502 rank_003_alphafold2_ptm_model_1_seed_042 pLDDT=65.2 pTM=0.497
2026-07-15 18:41:40,503 rank_004_alphafold2_ptm_model_4_seed_042 pLDDT=62.2 pTM=0.481
2026-07-15 18:41:40,505 rank_005_alphafold2_ptm_model_2_seed_042 pLDDT=58.2 pTM=0.485
2026-07-15 18:41:42,456 Query 35/80: 5KPE_4_8_0_0_id3 (length 108)
2026-07-15 18:41:44,080 alphafold2_ptm_model_1_seed_042 recycle=0 pLDDT=56.9 pTM=0.458
2026-07-15 18:41:44,325 alphafold2_ptm_model_1_seed_042 recycle=1 pLDDT=76.8 pTM=0.59 tol=5.36
2026-07-15 18:41:44,570 alphafold2_ptm_model_1_seed_042 recycle=2 pLDDT=73.9 pTM=0.569 tol=0.946
2026-07-15 18:41:44,815 alphafold2_ptm_model_1_seed_042 recycle=3 pLDDT=76.4 pTM=0.589 tol=1.64
2026-07-15 18:41:44,815 alphafold2_ptm_model_1_seed_042 took 1.0s (3 recycles)
2026-07-15 18:41:45,117 alphafold2_ptm_model_2_seed_042 recycle=0 pLDDT=65.1 pTM=0.476
2026-07-15 18:41:45,362 alphafold2_ptm_model_2_seed_042 recycle=1 pLDDT=63.5 pTM=0.5 tol=5.21
2026-07-15 18:41:45,607 alphafold2_ptm_model_2_seed_042 recycle=2 pLDDT=75.4 pTM=0.578 tol=6.32
2026-07-15 18:41:45,854 alphafold2_ptm_model_2_seed_042 recycle=3 pLDDT=80.6 pTM=0.648 tol=1.8
2026-07-15 18:41:45,854 alphafold2_ptm_model_2_seed_042 took 1.0s (3 recycles)
2026-07-15 18:41:46,121 alphafold2_ptm_model_3_seed_042 recycle=0 pLDDT=60.2 pTM=0.446
2026-07-15 18:41:46,366 alphafold2_ptm_model_3_seed_042 recycle=1 pLDDT=60.9 pTM=0.431 tol=3.43
2026-07-15 18:41:46,612 alphafold2_ptm_model_3_seed_042 recycle=2 pLDDT=76.4 pTM=0.552 tol=6.63
2026-07-15 18:41:46,857 alphafold2_ptm_model_3_seed_042 recycle=3 pLDDT=72.8 pTM=0.541 tol=0.756
2026-07-15 18:41:46,857 alphafold2_ptm_model_3_seed_042 took 1.0s (3 recycles)
2026-07-15 18:41:47,123 alphafold2_ptm_model_4_seed_042 recycle=0 pLDDT=61.3 pTM=0.429
2026-07-15 18:41:47,368 alphafold2_ptm_model_4_seed_042 recycle=1 pLDDT=56.6 pTM=0.438 tol=7.25
2026-07-15 18:41:47,612 alphafold2_ptm_model_4_seed_042 recycle=2 pLDDT=61.2 pTM=0.459 tol=3.13
2026-07-15 18:41:47,857 alphafold2_ptm_model_4_seed_042 recycle=3 pLDDT=68.9 pTM=0.521 tol=5.49
2026-07-15 18:41:47,857 alphafold2_ptm_model_4_seed_042 took 1.0s (3 recycles)
2026-07-15 18:41:48,125 alphafold2_ptm_model_5_seed_042 recycle=0 pLDDT=62.3 pTM=0.483
2026-07-15 18:41:48,370 alphafold2_ptm_model_5_seed_042 recycle=1 pLDDT=60.4 pTM=0.451 tol=3.05
2026-07-15 18:41:48,615 alphafold2_ptm_model_5_seed_042 recycle=2 pLDDT=63.6 pTM=0.47 tol=0.734
2026-07-15 18:41:48,859 alphafold2_ptm_model_5_seed_042 recycle=3 pLDDT=70.9 pTM=0.533 tol=0.959
2026-07-15 18:41:48,860 alphafold2_ptm_model_5_seed_042 took 1.0s (3 recycles)
2026-07-15 18:41:48,899 reranking models by 'plddt' metric
2026-07-15 18:41:48,899 rank_001_alphafold2_ptm_model_2_seed_042 pLDDT=80.6 pTM=0.648
2026-07-15 18:41:48,900 rank_002_alphafold2_ptm_model_1_seed_042 pLDDT=76.4 pTM=0.589
2026-07-15 18:41:48,902 rank_003_alphafold2_ptm_model_3_seed_042 pLDDT=72.8 pTM=0.541
2026-07-15 18:41:48,903 rank_004_alphafold2_ptm_model_5_seed_042 pLDDT=70.9 pTM=0.533
2026-07-15 18:41:48,905 rank_005_alphafold2_ptm_model_4_seed_042 pLDDT=68.9 pTM=0.521
2026-07-15 18:41:50,886 Query 36/80: 5KPE_4_8_0_0_id4 (length 108)
2026-07-15 18:41:52,471 alphafold2_ptm_model_1_seed_042 recycle=0 pLDDT=63.1 pTM=0.478
2026-07-15 18:41:52,717 alphafold2_ptm_model_1_seed_042 recycle=1 pLDDT=68.9 pTM=0.543 tol=4.66
2026-07-15 18:41:52,962 alphafold2_ptm_model_1_seed_042 recycle=2 pLDDT=73 pTM=0.562 tol=1.26
2026-07-15 18:41:53,208 alphafold2_ptm_model_1_seed_042 recycle=3 pLDDT=71.6 pTM=0.544 tol=4.6
2026-07-15 18:41:53,208 alphafold2_ptm_model_1_seed_042 took 1.0s (3 recycles)
2026-07-15 18:41:53,476 alphafold2_ptm_model_2_seed_042 recycle=0 pLDDT=65.7 pTM=0.469
2026-07-15 18:41:53,722 alphafold2_ptm_model_2_seed_042 recycle=1 pLDDT=79.7 pTM=0.631 tol=2.74
2026-07-15 18:41:53,969 alphafold2_ptm_model_2_seed_042 recycle=2 pLDDT=84.1 pTM=0.708 tol=0.459
2026-07-15 18:41:54,216 alphafold2_ptm_model_2_seed_042 recycle=3 pLDDT=86.6 pTM=0.734 tol=0.193
2026-07-15 18:41:54,217 alphafold2_ptm_model_2_seed_042 took 1.0s (3 recycles)
2026-07-15 18:41:54,484 alphafold2_ptm_model_3_seed_042 recycle=0 pLDDT=63.9 pTM=0.475
2026-07-15 18:41:54,730 alphafold2_ptm_model_3_seed_042 recycle=1 pLDDT=72.8 pTM=0.536 tol=3.79
2026-07-15 18:41:54,978 alphafold2_ptm_model_3_seed_042 recycle=2 pLDDT=90.4 pTM=0.766 tol=1.07
2026-07-15 18:41:55,231 alphafold2_ptm_model_3_seed_042 recycle=3 pLDDT=92.8 pTM=0.806 tol=0.165
2026-07-15 18:41:55,231 alphafold2_ptm_model_3_seed_042 took 1.0s (3 recycles)
2026-07-15 18:41:55,510 alphafold2_ptm_model_4_seed_042 recycle=0 pLDDT=69.6 pTM=0.475
2026-07-15 18:41:55,755 alphafold2_ptm_model_4_seed_042 recycle=1 pLDDT=71.2 pTM=0.517 tol=9.92
2026-07-15 18:41:56,001 alphafold2_ptm_model_4_seed_042 recycle=2 pLDDT=69 pTM=0.512 tol=1.34
2026-07-15 18:41:56,246 alphafold2_ptm_model_4_seed_042 recycle=3 pLDDT=68.3 pTM=0.52 tol=0.619
2026-07-15 18:41:56,247 alphafold2_ptm_model_4_seed_042 took 1.0s (3 recycles)
2026-07-15 18:41:56,524 alphafold2_ptm_model_5_seed_042 recycle=0 pLDDT=62.2 pTM=0.404
2026-07-15 18:41:56,769 alphafold2_ptm_model_5_seed_042 recycle=1 pLDDT=73.9 pTM=0.556 tol=7.58
2026-07-15 18:41:57,015 alphafold2_ptm_model_5_seed_042 recycle=2 pLDDT=77.2 pTM=0.611 tol=0.786
2026-07-15 18:41:57,261 alphafold2_ptm_model_5_seed_042 recycle=3 pLDDT=80.6 pTM=0.655 tol=0.543
2026-07-15 18:41:57,262 alphafold2_ptm_model_5_seed_042 took 1.0s (3 recycles)
2026-07-15 18:41:57,310 reranking models by 'plddt' metric
2026-07-15 18:41:57,310 rank_001_alphafold2_ptm_model_3_seed_042 pLDDT=92.8 pTM=0.806
2026-07-15 18:41:57,312 rank_002_alphafold2_ptm_model_2_seed_042 pLDDT=86.6 pTM=0.734
2026-07-15 18:41:57,313 rank_003_alphafold2_ptm_model_5_seed_042 pLDDT=80.6 pTM=0.655
2026-07-15 18:41:57,315 rank_004_alphafold2_ptm_model_1_seed_042 pLDDT=71.6 pTM=0.544
2026-07-15 18:41:57,316 rank_005_alphafold2_ptm_model_4_seed_042 pLDDT=68.3 pTM=0.52
2026-07-15 18:41:59,561 Query 37/80: 5KPE_4_8_0_0_id5 (length 108)
2026-07-15 18:42:01,182 alphafold2_ptm_model_1_seed_042 recycle=0 pLDDT=65.4 pTM=0.464
2026-07-15 18:42:01,427 alphafold2_ptm_model_1_seed_042 recycle=1 pLDDT=68.2 pTM=0.505 tol=7.9
2026-07-15 18:42:01,672 alphafold2_ptm_model_1_seed_042 recycle=2 pLDDT=80.2 pTM=0.63 tol=1.78
2026-07-15 18:42:01,918 alphafold2_ptm_model_1_seed_042 recycle=3 pLDDT=83.5 pTM=0.696 tol=0.348
2026-07-15 18:42:01,918 alphafold2_ptm_model_1_seed_042 took 1.0s (3 recycles)
2026-07-15 18:42:02,196 alphafold2_ptm_model_2_seed_042 recycle=0 pLDDT=72.7 pTM=0.558
2026-07-15 18:42:02,442 alphafold2_ptm_model_2_seed_042 recycle=1 pLDDT=77.2 pTM=0.599 tol=5.06
2026-07-15 18:42:02,688 alphafold2_ptm_model_2_seed_042 recycle=2 pLDDT=83.8 pTM=0.7 tol=1.06
2026-07-15 18:42:02,935 alphafold2_ptm_model_2_seed_042 recycle=3 pLDDT=85.3 pTM=0.725 tol=0.37
2026-07-15 18:42:02,936 alphafold2_ptm_model_2_seed_042 took 1.0s (3 recycles)
2026-07-15 18:42:03,203 alphafold2_ptm_model_3_seed_042 recycle=0 pLDDT=69.2 pTM=0.51
2026-07-15 18:42:03,449 alphafold2_ptm_model_3_seed_042 recycle=1 pLDDT=76 pTM=0.565 tol=1.43
2026-07-15 18:42:03,695 alphafold2_ptm_model_3_seed_042 recycle=2 pLDDT=76.8 pTM=0.583 tol=0.35
2026-07-15 18:42:03,941 alphafold2_ptm_model_3_seed_042 recycle=3 pLDDT=79.2 pTM=0.6 tol=0.684
2026-07-15 18:42:03,942 alphafold2_ptm_model_3_seed_042 took 1.0s (3 recycles)
2026-07-15 18:42:04,226 alphafold2_ptm_model_4_seed_042 recycle=0 pLDDT=68.3 pTM=0.514
2026-07-15 18:42:04,472 alphafold2_ptm_model_4_seed_042 recycle=1 pLDDT=81.4 pTM=0.627 tol=2.68
2026-07-15 18:42:04,717 alphafold2_ptm_model_4_seed_042 recycle=2 pLDDT=84.4 pTM=0.677 tol=0.447
2026-07-15 18:42:04,965 alphafold2_ptm_model_4_seed_042 recycle=3 pLDDT=84.9 pTM=0.678 tol=0.206
2026-07-15 18:42:04,965 alphafold2_ptm_model_4_seed_042 took 1.0s (3 recycles)
2026-07-15 18:42:05,285 alphafold2_ptm_model_5_seed_042 recycle=0 pLDDT=69.2 pTM=0.499
2026-07-15 18:42:05,530 alphafold2_ptm_model_5_seed_042 recycle=1 pLDDT=72.7 pTM=0.531 tol=4.9
2026-07-15 18:42:05,775 alphafold2_ptm_model_5_seed_042 recycle=2 pLDDT=76.1 pTM=0.57 tol=0.91
2026-07-15 18:42:06,020 alphafold2_ptm_model_5_seed_042 recycle=3 pLDDT=75.3 pTM=0.562 tol=0.311
2026-07-15 18:42:06,021 alphafold2_ptm_model_5_seed_042 took 1.0s (3 recycles)
2026-07-15 18:42:06,043 reranking models by 'plddt' metric
2026-07-15 18:42:06,043 rank_001_alphafold2_ptm_model_2_seed_042 pLDDT=85.3 pTM=0.725
2026-07-15 18:42:06,045 rank_002_alphafold2_ptm_model_4_seed_042 pLDDT=84.9 pTM=0.678
2026-07-15 18:42:06,046 rank_003_alphafold2_ptm_model_1_seed_042 pLDDT=83.5 pTM=0.696
2026-07-15 18:42:06,048 rank_004_alphafold2_ptm_model_3_seed_042 pLDDT=79.2 pTM=0.6
2026-07-15 18:42:06,049 rank_005_alphafold2_ptm_model_5_seed_042 pLDDT=75.3 pTM=0.562
2026-07-15 18:42:08,056 Query 38/80: 5KPE_4_8_0_0_id6 (length 108)
2026-07-15 18:42:09,649 alphafold2_ptm_model_1_seed_042 recycle=0 pLDDT=61.6 pTM=0.465
2026-07-15 18:42:09,894 alphafold2_ptm_model_1_seed_042 recycle=1 pLDDT=71.4 pTM=0.575 tol=6.94
2026-07-15 18:42:10,141 alphafold2_ptm_model_1_seed_042 recycle=2 pLDDT=89.2 pTM=0.743 tol=1.81
2026-07-15 18:42:10,390 alphafold2_ptm_model_1_seed_042 recycle=3 pLDDT=90.8 pTM=0.765 tol=0.157
2026-07-15 18:42:10,390 alphafold2_ptm_model_1_seed_042 took 1.0s (3 recycles)
2026-07-15 18:42:10,659 alphafold2_ptm_model_2_seed_042 recycle=0 pLDDT=73.3 pTM=0.549
2026-07-15 18:42:10,904 alphafold2_ptm_model_2_seed_042 recycle=1 pLDDT=67.6 pTM=0.538 tol=1.23
2026-07-15 18:42:11,150 alphafold2_ptm_model_2_seed_042 recycle=2 pLDDT=67.9 pTM=0.562 tol=4.3
2026-07-15 18:42:11,395 alphafold2_ptm_model_2_seed_042 recycle=3 pLDDT=70.9 pTM=0.583 tol=0.824
2026-07-15 18:42:11,396 alphafold2_ptm_model_2_seed_042 took 1.0s (3 recycles)
2026-07-15 18:42:11,663 alphafold2_ptm_model_3_seed_042 recycle=0 pLDDT=62.2 pTM=0.46
2026-07-15 18:42:11,909 alphafold2_ptm_model_3_seed_042 recycle=1 pLDDT=67.4 pTM=0.52 tol=3.47
2026-07-15 18:42:12,156 alphafold2_ptm_model_3_seed_042 recycle=2 pLDDT=85.1 pTM=0.673 tol=6.69
2026-07-15 18:42:12,404 alphafold2_ptm_model_3_seed_042 recycle=3 pLDDT=90.8 pTM=0.772 tol=0.285
2026-07-15 18:42:12,405 alphafold2_ptm_model_3_seed_042 took 1.0s (3 recycles)
2026-07-15 18:42:12,706 alphafold2_ptm_model_4_seed_042 recycle=0 pLDDT=76.5 pTM=0.538
2026-07-15 18:42:12,950 alphafold2_ptm_model_4_seed_042 recycle=1 pLDDT=71.6 pTM=0.536 tol=2.37
2026-07-15 18:42:13,196 alphafold2_ptm_model_4_seed_042 recycle=2 pLDDT=77.1 pTM=0.583 tol=0.959
2026-07-15 18:42:13,441 alphafold2_ptm_model_4_seed_042 recycle=3 pLDDT=79.2 pTM=0.604 tol=0.294
2026-07-15 18:42:13,441 alphafold2_ptm_model_4_seed_042 took 1.0s (3 recycles)
2026-07-15 18:42:13,727 alphafold2_ptm_model_5_seed_042 recycle=0 pLDDT=66.2 pTM=0.528
2026-07-15 18:42:13,974 alphafold2_ptm_model_5_seed_042 recycle=1 pLDDT=88 pTM=0.711 tol=2.3
2026-07-15 18:42:14,222 alphafold2_ptm_model_5_seed_042 recycle=2 pLDDT=88.8 pTM=0.735 tol=1.06
2026-07-15 18:42:14,470 alphafold2_ptm_model_5_seed_042 recycle=3 pLDDT=89.9 pTM=0.748 tol=0.203
2026-07-15 18:42:14,470 alphafold2_ptm_model_5_seed_042 took 1.0s (3 recycles)
2026-07-15 18:42:14,492 reranking models by 'plddt' metric
2026-07-15 18:42:14,492 rank_001_alphafold2_ptm_model_3_seed_042 pLDDT=90.8 pTM=0.772
2026-07-15 18:42:14,494 rank_002_alphafold2_ptm_model_1_seed_042 pLDDT=90.8 pTM=0.765
2026-07-15 18:42:14,495 rank_003_alphafold2_ptm_model_5_seed_042 pLDDT=89.9 pTM=0.748
2026-07-15 18:42:14,497 rank_004_alphafold2_ptm_model_4_seed_042 pLDDT=79.2 pTM=0.604
2026-07-15 18:42:14,498 rank_005_alphafold2_ptm_model_2_seed_042 pLDDT=70.9 pTM=0.583
2026-07-15 18:42:16,535 Query 39/80: 5KPE_4_8_0_0_id7 (length 108)
2026-07-15 18:42:18,124 alphafold2_ptm_model_1_seed_042 recycle=0 pLDDT=64.9 pTM=0.482
2026-07-15 18:42:18,368 alphafold2_ptm_model_1_seed_042 recycle=1 pLDDT=64.9 pTM=0.5 tol=0.956
2026-07-15 18:42:18,613 alphafold2_ptm_model_1_seed_042 recycle=2 pLDDT=65.2 pTM=0.526 tol=3.43
2026-07-15 18:42:18,856 alphafold2_ptm_model_1_seed_042 recycle=3 pLDDT=68.2 pTM=0.531 tol=0.462
2026-07-15 18:42:18,857 alphafold2_ptm_model_1_seed_042 took 1.0s (3 recycles)
2026-07-15 18:42:19,138 alphafold2_ptm_model_2_seed_042 recycle=0 pLDDT=66.7 pTM=0.522
2026-07-15 18:42:19,384 alphafold2_ptm_model_2_seed_042 recycle=1 pLDDT=81.8 pTM=0.663 tol=6.21
2026-07-15 18:42:19,634 alphafold2_ptm_model_2_seed_042 recycle=2 pLDDT=90.8 pTM=0.772 tol=1.18
2026-07-15 18:42:19,892 alphafold2_ptm_model_2_seed_042 recycle=3 pLDDT=93.1 pTM=0.804 tol=0.156
2026-07-15 18:42:19,892 alphafold2_ptm_model_2_seed_042 took 1.0s (3 recycles)
2026-07-15 18:42:20,160 alphafold2_ptm_model_3_seed_042 recycle=0 pLDDT=54 pTM=0.373
2026-07-15 18:42:20,407 alphafold2_ptm_model_3_seed_042 recycle=1 pLDDT=86.2 pTM=0.676 tol=6.43
2026-07-15 18:42:20,656 alphafold2_ptm_model_3_seed_042 recycle=2 pLDDT=91.4 pTM=0.776 tol=0.247
2026-07-15 18:42:20,908 alphafold2_ptm_model_3_seed_042 recycle=3 pLDDT=92.2 pTM=0.791 tol=0.0725
2026-07-15 18:42:20,908 alphafold2_ptm_model_3_seed_042 took 1.0s (3 recycles)
2026-07-15 18:42:21,193 alphafold2_ptm_model_4_seed_042 recycle=0 pLDDT=54.9 pTM=0.38
2026-07-15 18:42:21,438 alphafold2_ptm_model_4_seed_042 recycle=1 pLDDT=59.8 pTM=0.465 tol=8.2
2026-07-15 18:42:21,686 alphafold2_ptm_model_4_seed_042 recycle=2 pLDDT=89.6 pTM=0.75 tol=2.52
2026-07-15 18:42:21,935 alphafold2_ptm_model_4_seed_042 recycle=3 pLDDT=91.3 pTM=0.774 tol=0.151
2026-07-15 18:42:21,936 alphafold2_ptm_model_4_seed_042 took 1.0s (3 recycles)
2026-07-15 18:42:22,202 alphafold2_ptm_model_5_seed_042 recycle=0 pLDDT=55.8 pTM=0.412
2026-07-15 18:42:22,447 alphafold2_ptm_model_5_seed_042 recycle=1 pLDDT=62 pTM=0.457 tol=4.12
2026-07-15 18:42:22,691 alphafold2_ptm_model_5_seed_042 recycle=2 pLDDT=65.9 pTM=0.516 tol=6.16
2026-07-15 18:42:22,936 alphafold2_ptm_model_5_seed_042 recycle=3 pLDDT=66.7 pTM=0.514 tol=0.204
2026-07-15 18:42:22,936 alphafold2_ptm_model_5_seed_042 took 1.0s (3 recycles)
2026-07-15 18:42:22,959 reranking models by 'plddt' metric
2026-07-15 18:42:22,960 rank_001_alphafold2_ptm_model_2_seed_042 pLDDT=93.1 pTM=0.804
2026-07-15 18:42:22,961 rank_002_alphafold2_ptm_model_3_seed_042 pLDDT=92.2 pTM=0.791
2026-07-15 18:42:22,963 rank_003_alphafold2_ptm_model_4_seed_042 pLDDT=91.3 pTM=0.774
2026-07-15 18:42:22,964 rank_004_alphafold2_ptm_model_1_seed_042 pLDDT=68.2 pTM=0.531
2026-07-15 18:42:22,966 rank_005_alphafold2_ptm_model_5_seed_042 pLDDT=66.7 pTM=0.514
2026-07-15 18:42:24,910 Query 40/80: 5KPE_4_8_0_0_id8 (length 108)
2026-07-15 18:42:26,841 alphafold2_ptm_model_1_seed_042 recycle=0 pLDDT=70.8 pTM=0.528
2026-07-15 18:42:27,086 alphafold2_ptm_model_1_seed_042 recycle=1 pLDDT=66.4 pTM=0.501 tol=1.15
2026-07-15 18:42:27,330 alphafold2_ptm_model_1_seed_042 recycle=2 pLDDT=65.9 pTM=0.521 tol=2.94
2026-07-15 18:42:27,575 alphafold2_ptm_model_1_seed_042 recycle=3 pLDDT=66.8 pTM=0.514 tol=0.391
2026-07-15 18:42:27,575 alphafold2_ptm_model_1_seed_042 took 1.0s (3 recycles)
2026-07-15 18:42:27,873 alphafold2_ptm_model_2_seed_042 recycle=0 pLDDT=63.4 pTM=0.474
2026-07-15 18:42:28,118 alphafold2_ptm_model_2_seed_042 recycle=1 pLDDT=68.3 pTM=0.507 tol=1.66
2026-07-15 18:42:28,363 alphafold2_ptm_model_2_seed_042 recycle=2 pLDDT=74 pTM=0.546 tol=0.523
2026-07-15 18:42:28,609 alphafold2_ptm_model_2_seed_042 recycle=3 pLDDT=74.5 pTM=0.546 tol=0.14
2026-07-15 18:42:28,609 alphafold2_ptm_model_2_seed_042 took 1.0s (3 recycles)
2026-07-15 18:42:28,877 alphafold2_ptm_model_3_seed_042 recycle=0 pLDDT=58.8 pTM=0.42
2026-07-15 18:42:29,122 alphafold2_ptm_model_3_seed_042 recycle=1 pLDDT=58.8 pTM=0.417 tol=5.87
2026-07-15 18:42:29,366 alphafold2_ptm_model_3_seed_042 recycle=2 pLDDT=57 pTM=0.426 tol=5.83
2026-07-15 18:42:29,612 alphafold2_ptm_model_3_seed_042 recycle=3 pLDDT=57.2 pTM=0.432 tol=3.57
2026-07-15 18:42:29,612 alphafold2_ptm_model_3_seed_042 took 1.0s (3 recycles)
2026-07-15 18:42:29,879 alphafold2_ptm_model_4_seed_042 recycle=0 pLDDT=64.6 pTM=0.475
2026-07-15 18:42:30,123 alphafold2_ptm_model_4_seed_042 recycle=1 pLDDT=63.8 pTM=0.496 tol=3.75
2026-07-15 18:42:30,368 alphafold2_ptm_model_4_seed_042 recycle=2 pLDDT=63.2 pTM=0.485 tol=0.752
2026-07-15 18:42:30,612 alphafold2_ptm_model_4_seed_042 recycle=3 pLDDT=63 pTM=0.468 tol=0.283
2026-07-15 18:42:30,612 alphafold2_ptm_model_4_seed_042 took 1.0s (3 recycles)
2026-07-15 18:42:30,893 alphafold2_ptm_model_5_seed_042 recycle=0 pLDDT=61.1 pTM=0.476
2026-07-15 18:42:31,138 alphafold2_ptm_model_5_seed_042 recycle=1 pLDDT=64.2 pTM=0.487 tol=6.15
2026-07-15 18:42:31,383 alphafold2_ptm_model_5_seed_042 recycle=2 pLDDT=63.1 pTM=0.462 tol=0.902
2026-07-15 18:42:31,628 alphafold2_ptm_model_5_seed_042 recycle=3 pLDDT=65.7 pTM=0.476 tol=0.392
2026-07-15 18:42:31,628 alphafold2_ptm_model_5_seed_042 took 1.0s (3 recycles)
2026-07-15 18:42:31,651 reranking models by 'plddt' metric
2026-07-15 18:42:31,651 rank_001_alphafold2_ptm_model_2_seed_042 pLDDT=74.5 pTM=0.546
2026-07-15 18:42:31,652 rank_002_alphafold2_ptm_model_1_seed_042 pLDDT=66.8 pTM=0.514
2026-07-15 18:42:31,654 rank_003_alphafold2_ptm_model_5_seed_042 pLDDT=65.7 pTM=0.476
2026-07-15 18:42:31,656 rank_004_alphafold2_ptm_model_4_seed_042 pLDDT=63 pTM=0.468
2026-07-15 18:42:31,657 rank_005_alphafold2_ptm_model_3_seed_042 pLDDT=57.2 pTM=0.432
2026-07-15 18:42:33,604 Query 41/80: 5KPE_4_8_1_0_id1 (length 108)
2026-07-15 18:42:35,192 alphafold2_ptm_model_1_seed_042 recycle=0 pLDDT=68.8 pTM=0.479
2026-07-15 18:42:35,438 alphafold2_ptm_model_1_seed_042 recycle=1 pLDDT=73.7 pTM=0.532 tol=0.508
2026-07-15 18:42:35,683 alphafold2_ptm_model_1_seed_042 recycle=2 pLDDT=72.8 pTM=0.529 tol=0.476
2026-07-15 18:42:35,929 alphafold2_ptm_model_1_seed_042 recycle=3 pLDDT=73.5 pTM=0.533 tol=0.17
2026-07-15 18:42:35,929 alphafold2_ptm_model_1_seed_042 took 1.0s (3 recycles)
2026-07-15 18:42:36,229 alphafold2_ptm_model_2_seed_042 recycle=0 pLDDT=69.4 pTM=0.462
2026-07-15 18:42:36,476 alphafold2_ptm_model_2_seed_042 recycle=1 pLDDT=76.1 pTM=0.507 tol=0.985
2026-07-15 18:42:36,722 alphafold2_ptm_model_2_seed_042 recycle=2 pLDDT=78 pTM=0.524 tol=0.268
2026-07-15 18:42:36,968 alphafold2_ptm_model_2_seed_042 recycle=3 pLDDT=77.7 pTM=0.521 tol=0.176
2026-07-15 18:42:36,969 alphafold2_ptm_model_2_seed_042 took 1.0s (3 recycles)
2026-07-15 18:42:37,237 alphafold2_ptm_model_3_seed_042 recycle=0 pLDDT=72.9 pTM=0.495
2026-07-15 18:42:37,483 alphafold2_ptm_model_3_seed_042 recycle=1 pLDDT=71.8 pTM=0.48 tol=0.633
2026-07-15 18:42:37,729 alphafold2_ptm_model_3_seed_042 recycle=2 pLDDT=78.3 pTM=0.529 tol=1.45
2026-07-15 18:42:37,976 alphafold2_ptm_model_3_seed_042 recycle=3 pLDDT=79.2 pTM=0.541 tol=0.421
2026-07-15 18:42:37,976 alphafold2_ptm_model_3_seed_042 took 1.0s (3 recycles)
2026-07-15 18:42:38,245 alphafold2_ptm_model_4_seed_042 recycle=0 pLDDT=66.2 pTM=0.453
2026-07-15 18:42:38,491 alphafold2_ptm_model_4_seed_042 recycle=1 pLDDT=72.3 pTM=0.519 tol=0.911
2026-07-15 18:42:38,737 alphafold2_ptm_model_4_seed_042 recycle=2 pLDDT=77.3 pTM=0.643 tol=0.964
2026-07-15 18:42:38,984 alphafold2_ptm_model_4_seed_042 recycle=3 pLDDT=77.3 pTM=0.659 tol=0.41
2026-07-15 18:42:38,985 alphafold2_ptm_model_4_seed_042 took 1.0s (3 recycles)
2026-07-15 18:42:39,297 alphafold2_ptm_model_5_seed_042 recycle=0 pLDDT=63.6 pTM=0.419
2026-07-15 18:42:39,544 alphafold2_ptm_model_5_seed_042 recycle=1 pLDDT=73.4 pTM=0.542 tol=1.53
2026-07-15 18:42:39,791 alphafold2_ptm_model_5_seed_042 recycle=2 pLDDT=81.2 pTM=0.701 tol=1.04
2026-07-15 18:42:40,038 alphafold2_ptm_model_5_seed_042 recycle=3 pLDDT=81.2 pTM=0.702 tol=0.266
2026-07-15 18:42:40,039 alphafold2_ptm_model_5_seed_042 took 1.0s (3 recycles)
2026-07-15 18:42:40,082 reranking models by 'plddt' metric
2026-07-15 18:42:40,082 rank_001_alphafold2_ptm_model_5_seed_042 pLDDT=81.2 pTM=0.702
2026-07-15 18:42:40,084 rank_002_alphafold2_ptm_model_3_seed_042 pLDDT=79.2 pTM=0.541
2026-07-15 18:42:40,085 rank_003_alphafold2_ptm_model_2_seed_042 pLDDT=77.7 pTM=0.521
2026-07-15 18:42:40,086 rank_004_alphafold2_ptm_model_4_seed_042 pLDDT=77.3 pTM=0.659
2026-07-15 18:42:40,088 rank_005_alphafold2_ptm_model_1_seed_042 pLDDT=73.5 pTM=0.533
2026-07-15 18:42:42,111 Query 42/80: 5KPE_4_8_1_0_id2 (length 108)
2026-07-15 18:42:43,747 alphafold2_ptm_model_1_seed_042 recycle=0 pLDDT=62.5 pTM=0.505
2026-07-15 18:42:44,000 alphafold2_ptm_model_1_seed_042 recycle=1 pLDDT=81.7 pTM=0.71 tol=7.18
2026-07-15 18:42:44,246 alphafold2_ptm_model_1_seed_042 recycle=2 pLDDT=80.3 pTM=0.694 tol=0.268
2026-07-15 18:42:44,500 alphafold2_ptm_model_1_seed_042 recycle=3 pLDDT=80.3 pTM=0.694 tol=0.131
2026-07-15 18:42:44,500 alphafold2_ptm_model_1_seed_042 took 1.0s (3 recycles)
2026-07-15 18:42:44,768 alphafold2_ptm_model_2_seed_042 recycle=0 pLDDT=69.8 pTM=0.505
2026-07-15 18:42:45,021 alphafold2_ptm_model_2_seed_042 recycle=1 pLDDT=70.5 pTM=0.59 tol=6.48
2026-07-15 18:42:45,268 alphafold2_ptm_model_2_seed_042 recycle=2 pLDDT=78.4 pTM=0.674 tol=5.76
2026-07-15 18:42:45,519 alphafold2_ptm_model_2_seed_042 recycle=3 pLDDT=76.6 pTM=0.626 tol=0.654
2026-07-15 18:42:45,519 alphafold2_ptm_model_2_seed_042 took 1.0s (3 recycles)
2026-07-15 18:42:45,788 alphafold2_ptm_model_3_seed_042 recycle=0 pLDDT=75.1 pTM=0.537
2026-07-15 18:42:46,040 alphafold2_ptm_model_3_seed_042 recycle=1 pLDDT=74.9 pTM=0.605 tol=7.82
2026-07-15 18:42:46,287 alphafold2_ptm_model_3_seed_042 recycle=2 pLDDT=80.2 pTM=0.667 tol=0.675
2026-07-15 18:42:46,540 alphafold2_ptm_model_3_seed_042 recycle=3 pLDDT=81.1 pTM=0.66 tol=0.115
2026-07-15 18:42:46,540 alphafold2_ptm_model_3_seed_042 took 1.0s (3 recycles)
2026-07-15 18:42:46,825 alphafold2_ptm_model_4_seed_042 recycle=0 pLDDT=68.8 pTM=0.478
2026-07-15 18:42:47,077 alphafold2_ptm_model_4_seed_042 recycle=1 pLDDT=67.6 pTM=0.563 tol=3.48
2026-07-15 18:42:47,324 alphafold2_ptm_model_4_seed_042 recycle=2 pLDDT=83.8 pTM=0.706 tol=7.69
2026-07-15 18:42:47,577 alphafold2_ptm_model_4_seed_042 recycle=3 pLDDT=81.8 pTM=0.695 tol=0.503
2026-07-15 18:42:47,577 alphafold2_ptm_model_4_seed_042 took 1.0s (3 recycles)
2026-07-15 18:42:47,845 alphafold2_ptm_model_5_seed_042 recycle=0 pLDDT=72.4 pTM=0.48
2026-07-15 18:42:48,097 alphafold2_ptm_model_5_seed_042 recycle=1 pLDDT=72.6 pTM=0.542 tol=1.36
2026-07-15 18:42:48,343 alphafold2_ptm_model_5_seed_042 recycle=2 pLDDT=72.5 pTM=0.554 tol=1.07
2026-07-15 18:42:48,592 alphafold2_ptm_model_5_seed_042 recycle=3 pLDDT=75.1 pTM=0.55 tol=0.522
2026-07-15 18:42:48,592 alphafold2_ptm_model_5_seed_042 took 1.0s (3 recycles)
2026-07-15 18:42:48,632 reranking models by 'plddt' metric
2026-07-15 18:42:48,632 rank_001_alphafold2_ptm_model_4_seed_042 pLDDT=81.8 pTM=0.695
2026-07-15 18:42:48,633 rank_002_alphafold2_ptm_model_3_seed_042 pLDDT=81.1 pTM=0.66
2026-07-15 18:42:48,635 rank_003_alphafold2_ptm_model_1_seed_042 pLDDT=80.3 pTM=0.694
2026-07-15 18:42:48,636 rank_004_alphafold2_ptm_model_2_seed_042 pLDDT=76.6 pTM=0.626
2026-07-15 18:42:48,638 rank_005_alphafold2_ptm_model_5_seed_042 pLDDT=75.1 pTM=0.55
2026-07-15 18:42:50,650 Query 43/80: 5KPE_4_8_1_0_id3 (length 108)
2026-07-15 18:42:52,569 alphafold2_ptm_model_1_seed_042 recycle=0 pLDDT=53 pTM=0.355
2026-07-15 18:42:52,814 alphafold2_ptm_model_1_seed_042 recycle=1 pLDDT=67.4 pTM=0.494 tol=7.22
2026-07-15 18:42:53,058 alphafold2_ptm_model_1_seed_042 recycle=2 pLDDT=82 pTM=0.609 tol=1.44
2026-07-15 18:42:53,304 alphafold2_ptm_model_1_seed_042 recycle=3 pLDDT=86.8 pTM=0.666 tol=0.229
2026-07-15 18:42:53,305 alphafold2_ptm_model_1_seed_042 took 1.0s (3 recycles)
2026-07-15 18:42:53,572 alphafold2_ptm_model_2_seed_042 recycle=0 pLDDT=50.3 pTM=0.323
2026-07-15 18:42:53,818 alphafold2_ptm_model_2_seed_042 recycle=1 pLDDT=73.8 pTM=0.592 tol=3.21
2026-07-15 18:42:54,063 alphafold2_ptm_model_2_seed_042 recycle=2 pLDDT=85.2 pTM=0.685 tol=0.728
2026-07-15 18:42:54,313 alphafold2_ptm_model_2_seed_042 recycle=3 pLDDT=87.6 pTM=0.707 tol=0.128
2026-07-15 18:42:54,313 alphafold2_ptm_model_2_seed_042 took 1.0s (3 recycles)
2026-07-15 18:42:54,580 alphafold2_ptm_model_3_seed_042 recycle=0 pLDDT=64.1 pTM=0.463
2026-07-15 18:42:54,830 alphafold2_ptm_model_3_seed_042 recycle=1 pLDDT=75.4 pTM=0.569 tol=2.1
2026-07-15 18:42:55,076 alphafold2_ptm_model_3_seed_042 recycle=2 pLDDT=81.8 pTM=0.628 tol=0.711
2026-07-15 18:42:55,327 alphafold2_ptm_model_3_seed_042 recycle=3 pLDDT=84.1 pTM=0.655 tol=0.204
2026-07-15 18:42:55,327 alphafold2_ptm_model_3_seed_042 took 1.0s (3 recycles)
2026-07-15 18:42:55,612 alphafold2_ptm_model_4_seed_042 recycle=0 pLDDT=64.1 pTM=0.487
2026-07-15 18:42:55,863 alphafold2_ptm_model_4_seed_042 recycle=1 pLDDT=77.7 pTM=0.606 tol=2.51
2026-07-15 18:42:56,108 alphafold2_ptm_model_4_seed_042 recycle=2 pLDDT=84.1 pTM=0.676 tol=0.438
2026-07-15 18:42:56,361 alphafold2_ptm_model_4_seed_042 recycle=3 pLDDT=86.1 pTM=0.689 tol=0.191
2026-07-15 18:42:56,361 alphafold2_ptm_model_4_seed_042 took 1.0s (3 recycles)
2026-07-15 18:42:56,628 alphafold2_ptm_model_5_seed_042 recycle=0 pLDDT=65.3 pTM=0.532
2026-07-15 18:42:56,876 alphafold2_ptm_model_5_seed_042 recycle=1 pLDDT=69.8 pTM=0.544 tol=1.18
2026-07-15 18:42:57,121 alphafold2_ptm_model_5_seed_042 recycle=2 pLDDT=83.1 pTM=0.629 tol=1.42
2026-07-15 18:42:57,373 alphafold2_ptm_model_5_seed_042 recycle=3 pLDDT=86.4 pTM=0.669 tol=0.135
2026-07-15 18:42:57,374 alphafold2_ptm_model_5_seed_042 took 1.0s (3 recycles)
2026-07-15 18:42:57,440 reranking models by 'plddt' metric
2026-07-15 18:42:57,440 rank_001_alphafold2_ptm_model_2_seed_042 pLDDT=87.6 pTM=0.707
2026-07-15 18:42:57,441 rank_002_alphafold2_ptm_model_1_seed_042 pLDDT=86.8 pTM=0.666
2026-07-15 18:42:57,443 rank_003_alphafold2_ptm_model_5_seed_042 pLDDT=86.4 pTM=0.669
2026-07-15 18:42:57,444 rank_004_alphafold2_ptm_model_4_seed_042 pLDDT=86.1 pTM=0.689
2026-07-15 18:42:57,445 rank_005_alphafold2_ptm_model_3_seed_042 pLDDT=84.1 pTM=0.655
2026-07-15 18:42:59,469 Query 44/80: 5KPE_4_8_1_0_id4 (length 108)
2026-07-15 18:43:01,133 alphafold2_ptm_model_1_seed_042 recycle=0 pLDDT=60.5 pTM=0.396
2026-07-15 18:43:01,377 alphafold2_ptm_model_1_seed_042 recycle=1 pLDDT=60.1 pTM=0.403 tol=3.06
2026-07-15 18:43:01,621 alphafold2_ptm_model_1_seed_042 recycle=2 pLDDT=61 pTM=0.416 tol=1.77
2026-07-15 18:43:01,866 alphafold2_ptm_model_1_seed_042 recycle=3 pLDDT=62.6 pTM=0.419 tol=0.243
2026-07-15 18:43:01,866 alphafold2_ptm_model_1_seed_042 took 1.0s (3 recycles)
2026-07-15 18:43:02,152 alphafold2_ptm_model_2_seed_042 recycle=0 pLDDT=57.2 pTM=0.37
2026-07-15 18:43:02,397 alphafold2_ptm_model_2_seed_042 recycle=1 pLDDT=63.3 pTM=0.485 tol=5.68
2026-07-15 18:43:02,643 alphafold2_ptm_model_2_seed_042 recycle=2 pLDDT=83.8 pTM=0.655 tol=10.4
2026-07-15 18:43:02,890 alphafold2_ptm_model_2_seed_042 recycle=3 pLDDT=86.7 pTM=0.689 tol=0.216
2026-07-15 18:43:02,890 alphafold2_ptm_model_2_seed_042 took 1.0s (3 recycles)
2026-07-15 18:43:03,193 alphafold2_ptm_model_3_seed_042 recycle=0 pLDDT=57.4 pTM=0.372
2026-07-15 18:43:03,438 alphafold2_ptm_model_3_seed_042 recycle=1 pLDDT=57.9 pTM=0.388 tol=2.51
2026-07-15 18:43:03,682 alphafold2_ptm_model_3_seed_042 recycle=2 pLDDT=74.1 pTM=0.528 tol=7.44
2026-07-15 18:43:03,928 alphafold2_ptm_model_3_seed_042 recycle=3 pLDDT=81.2 pTM=0.6 tol=1.72
2026-07-15 18:43:03,928 alphafold2_ptm_model_3_seed_042 took 1.0s (3 recycles)
2026-07-15 18:43:04,207 alphafold2_ptm_model_4_seed_042 recycle=0 pLDDT=58.1 pTM=0.385
2026-07-15 18:43:04,452 alphafold2_ptm_model_4_seed_042 recycle=1 pLDDT=61.9 pTM=0.426 tol=1.58
2026-07-15 18:43:04,697 alphafold2_ptm_model_4_seed_042 recycle=2 pLDDT=72.4 pTM=0.538 tol=7.22
2026-07-15 18:43:04,943 alphafold2_ptm_model_4_seed_042 recycle=3 pLDDT=83.4 pTM=0.65 tol=1.2
2026-07-15 18:43:04,943 alphafold2_ptm_model_4_seed_042 took 1.0s (3 recycles)
2026-07-15 18:43:05,211 alphafold2_ptm_model_5_seed_042 recycle=0 pLDDT=70.1 pTM=0.479
2026-07-15 18:43:05,456 alphafold2_ptm_model_5_seed_042 recycle=1 pLDDT=66.1 pTM=0.453 tol=3.34
2026-07-15 18:43:05,700 alphafold2_ptm_model_5_seed_042 recycle=2 pLDDT=61.1 pTM=0.409 tol=0.629
2026-07-15 18:43:05,945 alphafold2_ptm_model_5_seed_042 recycle=3 pLDDT=62.1 pTM=0.409 tol=0.612
2026-07-15 18:43:05,945 alphafold2_ptm_model_5_seed_042 took 1.0s (3 recycles)
2026-07-15 18:43:05,981 reranking models by 'plddt' metric
2026-07-15 18:43:05,981 rank_001_alphafold2_ptm_model_2_seed_042 pLDDT=86.7 pTM=0.689
2026-07-15 18:43:05,982 rank_002_alphafold2_ptm_model_4_seed_042 pLDDT=83.4 pTM=0.65
2026-07-15 18:43:05,984 rank_003_alphafold2_ptm_model_3_seed_042 pLDDT=81.2 pTM=0.6
2026-07-15 18:43:05,985 rank_004_alphafold2_ptm_model_1_seed_042 pLDDT=62.6 pTM=0.419
2026-07-15 18:43:05,987 rank_005_alphafold2_ptm_model_5_seed_042 pLDDT=62.1 pTM=0.409
2026-07-15 18:43:07,966 Query 45/80: 5KPE_4_8_1_0_id5 (length 108)
2026-07-15 18:43:09,595 alphafold2_ptm_model_1_seed_042 recycle=0 pLDDT=72.5 pTM=0.532
2026-07-15 18:43:09,840 alphafold2_ptm_model_1_seed_042 recycle=1 pLDDT=79 pTM=0.616 tol=0.91
2026-07-15 18:43:10,085 alphafold2_ptm_model_1_seed_042 recycle=2 pLDDT=81.2 pTM=0.638 tol=0.311
2026-07-15 18:43:10,337 alphafold2_ptm_model_1_seed_042 recycle=3 pLDDT=82.8 pTM=0.653 tol=0.158
2026-07-15 18:43:10,338 alphafold2_ptm_model_1_seed_042 took 1.0s (3 recycles)
2026-07-15 18:43:10,605 alphafold2_ptm_model_2_seed_042 recycle=0 pLDDT=71.8 pTM=0.575
2026-07-15 18:43:10,852 alphafold2_ptm_model_2_seed_042 recycle=1 pLDDT=83.2 pTM=0.672 tol=0.843
2026-07-15 18:43:11,098 alphafold2_ptm_model_2_seed_042 recycle=2 pLDDT=83.4 pTM=0.674 tol=0.0863
2026-07-15 18:43:11,346 alphafold2_ptm_model_2_seed_042 recycle=3 pLDDT=83.4 pTM=0.671 tol=0.101
2026-07-15 18:43:11,346 alphafold2_ptm_model_2_seed_042 took 1.0s (3 recycles)
2026-07-15 18:43:11,613 alphafold2_ptm_model_3_seed_042 recycle=0 pLDDT=55.6 pTM=0.405
2026-07-15 18:43:11,860 alphafold2_ptm_model_3_seed_042 recycle=1 pLDDT=82.3 pTM=0.626 tol=1.86
2026-07-15 18:43:12,106 alphafold2_ptm_model_3_seed_042 recycle=2 pLDDT=84.1 pTM=0.652 tol=0.181
2026-07-15 18:43:12,353 alphafold2_ptm_model_3_seed_042 recycle=3 pLDDT=84.9 pTM=0.661 tol=0.0852
2026-07-15 18:43:12,353 alphafold2_ptm_model_3_seed_042 took 1.0s (3 recycles)
2026-07-15 18:43:12,634 alphafold2_ptm_model_4_seed_042 recycle=0 pLDDT=63.7 pTM=0.452
2026-07-15 18:43:12,880 alphafold2_ptm_model_4_seed_042 recycle=1 pLDDT=82.9 pTM=0.672 tol=2.28
2026-07-15 18:43:13,127 alphafold2_ptm_model_4_seed_042 recycle=2 pLDDT=86.4 pTM=0.707 tol=0.397
2026-07-15 18:43:13,375 alphafold2_ptm_model_4_seed_042 recycle=3 pLDDT=86.8 pTM=0.712 tol=0.0701
2026-07-15 18:43:13,375 alphafold2_ptm_model_4_seed_042 took 1.0s (3 recycles)
2026-07-15 18:43:13,642 alphafold2_ptm_model_5_seed_042 recycle=0 pLDDT=53.7 pTM=0.414
2026-07-15 18:43:13,887 alphafold2_ptm_model_5_seed_042 recycle=1 pLDDT=78.8 pTM=0.64 tol=5.64
2026-07-15 18:43:14,133 alphafold2_ptm_model_5_seed_042 recycle=2 pLDDT=83.2 pTM=0.658 tol=0.594
2026-07-15 18:43:14,380 alphafold2_ptm_model_5_seed_042 recycle=3 pLDDT=85.1 pTM=0.674 tol=0.187
2026-07-15 18:43:14,380 alphafold2_ptm_model_5_seed_042 took 1.0s (3 recycles)
2026-07-15 18:43:14,411 reranking models by 'plddt' metric
2026-07-15 18:43:14,412 rank_001_alphafold2_ptm_model_4_seed_042 pLDDT=86.8 pTM=0.712
2026-07-15 18:43:14,413 rank_002_alphafold2_ptm_model_5_seed_042 pLDDT=85.1 pTM=0.674
2026-07-15 18:43:14,415 rank_003_alphafold2_ptm_model_3_seed_042 pLDDT=84.9 pTM=0.661
2026-07-15 18:43:14,416 rank_004_alphafold2_ptm_model_2_seed_042 pLDDT=83.4 pTM=0.671
2026-07-15 18:43:14,418 rank_005_alphafold2_ptm_model_1_seed_042 pLDDT=82.8 pTM=0.653
2026-07-15 18:43:16,357 Query 46/80: 5KPE_4_8_1_0_id6 (length 108)
2026-07-15 18:43:18,283 alphafold2_ptm_model_1_seed_042 recycle=0 pLDDT=63.1 pTM=0.439
2026-07-15 18:43:18,529 alphafold2_ptm_model_1_seed_042 recycle=1 pLDDT=63.4 pTM=0.516 tol=6.54
2026-07-15 18:43:18,774 alphafold2_ptm_model_1_seed_042 recycle=2 pLDDT=64.2 pTM=0.519 tol=1.01
2026-07-15 18:43:19,020 alphafold2_ptm_model_1_seed_042 recycle=3 pLDDT=64.9 pTM=0.517 tol=0.468
2026-07-15 18:43:19,020 alphafold2_ptm_model_1_seed_042 took 1.0s (3 recycles)
2026-07-15 18:43:19,346 alphafold2_ptm_model_2_seed_042 recycle=0 pLDDT=70.5 pTM=0.459
2026-07-15 18:43:19,592 alphafold2_ptm_model_2_seed_042 recycle=1 pLDDT=63.6 pTM=0.477 tol=8.37
2026-07-15 18:43:19,838 alphafold2_ptm_model_2_seed_042 recycle=2 pLDDT=65.1 pTM=0.481 tol=0.795
2026-07-15 18:43:20,083 alphafold2_ptm_model_2_seed_042 recycle=3 pLDDT=60.8 pTM=0.475 tol=1.63
2026-07-15 18:43:20,083 alphafold2_ptm_model_2_seed_042 took 1.0s (3 recycles)
2026-07-15 18:43:20,389 alphafold2_ptm_model_3_seed_042 recycle=0 pLDDT=64.6 pTM=0.434
2026-07-15 18:43:20,635 alphafold2_ptm_model_3_seed_042 recycle=1 pLDDT=62.8 pTM=0.444 tol=2.29
2026-07-15 18:43:20,880 alphafold2_ptm_model_3_seed_042 recycle=2 pLDDT=63.7 pTM=0.455 tol=4.91
2026-07-15 18:43:21,131 alphafold2_ptm_model_3_seed_042 recycle=3 pLDDT=60.2 pTM=0.444 tol=4.38
2026-07-15 18:43:21,131 alphafold2_ptm_model_3_seed_042 took 1.0s (3 recycles)
2026-07-15 18:43:21,424 alphafold2_ptm_model_4_seed_042 recycle=0 pLDDT=60.1 pTM=0.412
2026-07-15 18:43:21,669 alphafold2_ptm_model_4_seed_042 recycle=1 pLDDT=56.8 pTM=0.458 tol=3.05
2026-07-15 18:43:21,914 alphafold2_ptm_model_4_seed_042 recycle=2 pLDDT=56.5 pTM=0.444 tol=4.28
2026-07-15 18:43:22,165 alphafold2_ptm_model_4_seed_042 recycle=3 pLDDT=56 pTM=0.451 tol=1.32
2026-07-15 18:43:22,165 alphafold2_ptm_model_4_seed_042 took 1.0s (3 recycles)
2026-07-15 18:43:22,434 alphafold2_ptm_model_5_seed_042 recycle=0 pLDDT=66.4 pTM=0.372
2026-07-15 18:43:22,679 alphafold2_ptm_model_5_seed_042 recycle=1 pLDDT=67.8 pTM=0.421 tol=0.795
2026-07-15 18:43:22,924 alphafold2_ptm_model_5_seed_042 recycle=2 pLDDT=69.1 pTM=0.412 tol=1.62
2026-07-15 18:43:23,171 alphafold2_ptm_model_5_seed_042 recycle=3 pLDDT=69.9 pTM=0.41 tol=0.907
2026-07-15 18:43:23,171 alphafold2_ptm_model_5_seed_042 took 1.0s (3 recycles)
2026-07-15 18:43:23,194 reranking models by 'plddt' metric
2026-07-15 18:43:23,194 rank_001_alphafold2_ptm_model_5_seed_042 pLDDT=69.9 pTM=0.41
2026-07-15 18:43:23,196 rank_002_alphafold2_ptm_model_1_seed_042 pLDDT=64.9 pTM=0.517
2026-07-15 18:43:23,197 rank_003_alphafold2_ptm_model_2_seed_042 pLDDT=60.8 pTM=0.475
2026-07-15 18:43:23,199 rank_004_alphafold2_ptm_model_3_seed_042 pLDDT=60.2 pTM=0.444
2026-07-15 18:43:23,200 rank_005_alphafold2_ptm_model_4_seed_042 pLDDT=56 pTM=0.451
2026-07-15 18:43:25,314 Query 47/80: 5KPE_4_8_1_0_id7 (length 108)
2026-07-15 18:43:26,984 alphafold2_ptm_model_1_seed_042 recycle=0 pLDDT=60.6 pTM=0.429
2026-07-15 18:43:27,235 alphafold2_ptm_model_1_seed_042 recycle=1 pLDDT=73.1 pTM=0.534 tol=5.16
2026-07-15 18:43:27,480 alphafold2_ptm_model_1_seed_042 recycle=2 pLDDT=74.1 pTM=0.544 tol=0.245
2026-07-15 18:43:27,730 alphafold2_ptm_model_1_seed_042 recycle=3 pLDDT=72.2 pTM=0.529 tol=2.84
2026-07-15 18:43:27,730 alphafold2_ptm_model_1_seed_042 took 1.0s (3 recycles)
2026-07-15 18:43:27,997 alphafold2_ptm_model_2_seed_042 recycle=0 pLDDT=64.2 pTM=0.466
2026-07-15 18:43:28,245 alphafold2_ptm_model_2_seed_042 recycle=1 pLDDT=69.9 pTM=0.552 tol=2.53
2026-07-15 18:43:28,489 alphafold2_ptm_model_2_seed_042 recycle=2 pLDDT=73.4 pTM=0.565 tol=0.783
2026-07-15 18:43:28,740 alphafold2_ptm_model_2_seed_042 recycle=3 pLDDT=72.7 pTM=0.552 tol=0.481
2026-07-15 18:43:28,740 alphafold2_ptm_model_2_seed_042 took 1.0s (3 recycles)
2026-07-15 18:43:29,020 alphafold2_ptm_model_3_seed_042 recycle=0 pLDDT=58.4 pTM=0.361
2026-07-15 18:43:29,274 alphafold2_ptm_model_3_seed_042 recycle=1 pLDDT=87.6 pTM=0.702 tol=1.56
2026-07-15 18:43:29,522 alphafold2_ptm_model_3_seed_042 recycle=2 pLDDT=88.5 pTM=0.726 tol=0.14
2026-07-15 18:43:29,771 alphafold2_ptm_model_3_seed_042 recycle=3 pLDDT=89 pTM=0.737 tol=0.0569
2026-07-15 18:43:29,771 alphafold2_ptm_model_3_seed_042 took 1.0s (3 recycles)
2026-07-15 18:43:30,139 alphafold2_ptm_model_4_seed_042 recycle=0 pLDDT=68.6 pTM=0.49
2026-07-15 18:43:30,392 alphafold2_ptm_model_4_seed_042 recycle=1 pLDDT=86.4 pTM=0.692 tol=1.05
2026-07-15 18:43:30,640 alphafold2_ptm_model_4_seed_042 recycle=2 pLDDT=88.1 pTM=0.716 tol=0.145
2026-07-15 18:43:30,894 alphafold2_ptm_model_4_seed_042 recycle=3 pLDDT=88.5 pTM=0.725 tol=0.0737
2026-07-15 18:43:30,894 alphafold2_ptm_model_4_seed_042 took 1.0s (3 recycles)
2026-07-15 18:43:31,201 alphafold2_ptm_model_5_seed_042 recycle=0 pLDDT=42.3 pTM=0.28
2026-07-15 18:43:31,448 alphafold2_ptm_model_5_seed_042 recycle=1 pLDDT=42.3 pTM=0.262 tol=5.38
2026-07-15 18:43:31,691 alphafold2_ptm_model_5_seed_042 recycle=2 pLDDT=43.4 pTM=0.268 tol=1.14
2026-07-15 18:43:31,941 alphafold2_ptm_model_5_seed_042 recycle=3 pLDDT=44 pTM=0.274 tol=1.18
2026-07-15 18:43:31,941 alphafold2_ptm_model_5_seed_042 took 1.0s (3 recycles)
2026-07-15 18:43:31,976 reranking models by 'plddt' metric
2026-07-15 18:43:31,976 rank_001_alphafold2_ptm_model_3_seed_042 pLDDT=89 pTM=0.737
2026-07-15 18:43:31,977 rank_002_alphafold2_ptm_model_4_seed_042 pLDDT=88.5 pTM=0.725
2026-07-15 18:43:31,979 rank_003_alphafold2_ptm_model_2_seed_042 pLDDT=72.7 pTM=0.552
2026-07-15 18:43:31,981 rank_004_alphafold2_ptm_model_1_seed_042 pLDDT=72.2 pTM=0.529
2026-07-15 18:43:31,982 rank_005_alphafold2_ptm_model_5_seed_042 pLDDT=44 pTM=0.274
2026-07-15 18:43:34,014 Query 48/80: 5KPE_4_8_1_0_id8 (length 108)
2026-07-15 18:43:35,656 alphafold2_ptm_model_1_seed_042 recycle=0 pLDDT=70.3 pTM=0.53
2026-07-15 18:43:35,907 alphafold2_ptm_model_1_seed_042 recycle=1 pLDDT=82.2 pTM=0.603 tol=0.672
2026-07-15 18:43:36,152 alphafold2_ptm_model_1_seed_042 recycle=2 pLDDT=83.4 pTM=0.606 tol=0.145
2026-07-15 18:43:36,403 alphafold2_ptm_model_1_seed_042 recycle=3 pLDDT=83.4 pTM=0.607 tol=0.0838
2026-07-15 18:43:36,404 alphafold2_ptm_model_1_seed_042 took 1.0s (3 recycles)
2026-07-15 18:43:36,695 alphafold2_ptm_model_2_seed_042 recycle=0 pLDDT=70.6 pTM=0.518
2026-07-15 18:43:36,947 alphafold2_ptm_model_2_seed_042 recycle=1 pLDDT=77.7 pTM=0.571 tol=0.445
2026-07-15 18:43:37,193 alphafold2_ptm_model_2_seed_042 recycle=2 pLDDT=79.6 pTM=0.598 tol=0.352
2026-07-15 18:43:37,441 alphafold2_ptm_model_2_seed_042 recycle=3 pLDDT=81.2 pTM=0.624 tol=0.603
2026-07-15 18:43:37,441 alphafold2_ptm_model_2_seed_042 took 1.0s (3 recycles)
2026-07-15 18:43:37,726 alphafold2_ptm_model_3_seed_042 recycle=0 pLDDT=64.2 pTM=0.449
2026-07-15 18:43:37,977 alphafold2_ptm_model_3_seed_042 recycle=1 pLDDT=66.4 pTM=0.516 tol=1.06
2026-07-15 18:43:38,222 alphafold2_ptm_model_3_seed_042 recycle=2 pLDDT=66.2 pTM=0.516 tol=0.281
2026-07-15 18:43:38,472 alphafold2_ptm_model_3_seed_042 recycle=3 pLDDT=67.4 pTM=0.536 tol=0.455
2026-07-15 18:43:38,473 alphafold2_ptm_model_3_seed_042 took 1.0s (3 recycles)
2026-07-15 18:43:38,756 alphafold2_ptm_model_4_seed_042 recycle=0 pLDDT=70.9 pTM=0.555
2026-07-15 18:43:39,008 alphafold2_ptm_model_4_seed_042 recycle=1 pLDDT=74.8 pTM=0.581 tol=0.767
2026-07-15 18:43:39,253 alphafold2_ptm_model_4_seed_042 recycle=2 pLDDT=74.2 pTM=0.576 tol=0.281
2026-07-15 18:43:39,504 alphafold2_ptm_model_4_seed_042 recycle=3 pLDDT=74.1 pTM=0.574 tol=0.107
2026-07-15 18:43:39,504 alphafold2_ptm_model_4_seed_042 took 1.0s (3 recycles)
2026-07-15 18:43:39,788 alphafold2_ptm_model_5_seed_042 recycle=0 pLDDT=71 pTM=0.591
2026-07-15 18:43:40,036 alphafold2_ptm_model_5_seed_042 recycle=1 pLDDT=75.1 pTM=0.587 tol=1.38
2026-07-15 18:43:40,282 alphafold2_ptm_model_5_seed_042 recycle=2 pLDDT=74.5 pTM=0.578 tol=0.24
2026-07-15 18:43:40,528 alphafold2_ptm_model_5_seed_042 recycle=3 pLDDT=74.5 pTM=0.579 tol=0.174
2026-07-15 18:43:40,528 alphafold2_ptm_model_5_seed_042 took 1.0s (3 recycles)
2026-07-15 18:43:40,578 reranking models by 'plddt' metric
2026-07-15 18:43:40,578 rank_001_alphafold2_ptm_model_1_seed_042 pLDDT=83.4 pTM=0.607
2026-07-15 18:43:40,579 rank_002_alphafold2_ptm_model_2_seed_042 pLDDT=81.2 pTM=0.624
2026-07-15 18:43:40,581 rank_003_alphafold2_ptm_model_5_seed_042 pLDDT=74.5 pTM=0.579
2026-07-15 18:43:40,582 rank_004_alphafold2_ptm_model_4_seed_042 pLDDT=74.1 pTM=0.574
2026-07-15 18:43:40,583 rank_005_alphafold2_ptm_model_3_seed_042 pLDDT=67.4 pTM=0.536
2026-07-15 18:43:42,523 Query 49/80: 5KPE_8_6_9_0_id1 (length 108)
2026-07-15 18:43:44,401 alphafold2_ptm_model_1_seed_042 recycle=0 pLDDT=70.9 pTM=0.494
2026-07-15 18:43:44,646 alphafold2_ptm_model_1_seed_042 recycle=1 pLDDT=77.1 pTM=0.57 tol=1.29
2026-07-15 18:43:44,891 alphafold2_ptm_model_1_seed_042 recycle=2 pLDDT=75 pTM=0.546 tol=0.96
2026-07-15 18:43:45,136 alphafold2_ptm_model_1_seed_042 recycle=3 pLDDT=73.7 pTM=0.528 tol=0.784
2026-07-15 18:43:45,136 alphafold2_ptm_model_1_seed_042 took 1.0s (3 recycles)
2026-07-15 18:43:45,407 alphafold2_ptm_model_2_seed_042 recycle=0 pLDDT=66.7 pTM=0.485
2026-07-15 18:43:45,652 alphafold2_ptm_model_2_seed_042 recycle=1 pLDDT=73.4 pTM=0.535 tol=4
2026-07-15 18:43:45,897 alphafold2_ptm_model_2_seed_042 recycle=2 pLDDT=73.8 pTM=0.521 tol=1.12
2026-07-15 18:43:46,142 alphafold2_ptm_model_2_seed_042 recycle=3 pLDDT=72.4 pTM=0.516 tol=1.32
2026-07-15 18:43:46,143 alphafold2_ptm_model_2_seed_042 took 1.0s (3 recycles)
2026-07-15 18:43:46,410 alphafold2_ptm_model_3_seed_042 recycle=0 pLDDT=52.7 pTM=0.336
2026-07-15 18:43:46,655 alphafold2_ptm_model_3_seed_042 recycle=1 pLDDT=61.1 pTM=0.429 tol=2.75
2026-07-15 18:43:46,899 alphafold2_ptm_model_3_seed_042 recycle=2 pLDDT=61.9 pTM=0.443 tol=2.97
2026-07-15 18:43:47,144 alphafold2_ptm_model_3_seed_042 recycle=3 pLDDT=63.6 pTM=0.458 tol=1.28
2026-07-15 18:43:47,144 alphafold2_ptm_model_3_seed_042 took 1.0s (3 recycles)
2026-07-15 18:43:47,432 alphafold2_ptm_model_4_seed_042 recycle=0 pLDDT=60.3 pTM=0.44
2026-07-15 18:43:47,677 alphafold2_ptm_model_4_seed_042 recycle=1 pLDDT=63.4 pTM=0.481 tol=2.16
2026-07-15 18:43:47,922 alphafold2_ptm_model_4_seed_042 recycle=2 pLDDT=62.9 pTM=0.469 tol=4.12
2026-07-15 18:43:48,173 alphafold2_ptm_model_4_seed_042 recycle=3 pLDDT=64.3 pTM=0.483 tol=2.88
2026-07-15 18:43:48,173 alphafold2_ptm_model_4_seed_042 took 1.0s (3 recycles)
2026-07-15 18:43:48,459 alphafold2_ptm_model_5_seed_042 recycle=0 pLDDT=60.7 pTM=0.459
2026-07-15 18:43:48,703 alphafold2_ptm_model_5_seed_042 recycle=1 pLDDT=62.7 pTM=0.466 tol=3.82
2026-07-15 18:43:48,948 alphafold2_ptm_model_5_seed_042 recycle=2 pLDDT=63.5 pTM=0.485 tol=3.23
2026-07-15 18:43:49,193 alphafold2_ptm_model_5_seed_042 recycle=3 pLDDT=63.9 pTM=0.485 tol=0.426
2026-07-15 18:43:49,193 alphafold2_ptm_model_5_seed_042 took 1.0s (3 recycles)
2026-07-15 18:43:49,285 reranking models by 'plddt' metric
2026-07-15 18:43:49,285 rank_001_alphafold2_ptm_model_1_seed_042 pLDDT=73.7 pTM=0.528
2026-07-15 18:43:49,286 rank_002_alphafold2_ptm_model_2_seed_042 pLDDT=72.4 pTM=0.516
2026-07-15 18:43:49,288 rank_003_alphafold2_ptm_model_4_seed_042 pLDDT=64.3 pTM=0.483
2026-07-15 18:43:49,289 rank_004_alphafold2_ptm_model_5_seed_042 pLDDT=63.9 pTM=0.485
2026-07-15 18:43:49,291 rank_005_alphafold2_ptm_model_3_seed_042 pLDDT=63.6 pTM=0.458
2026-07-15 18:43:51,294 Query 50/80: 5KPE_8_6_9_0_id2 (length 108)
2026-07-15 18:43:52,918 alphafold2_ptm_model_1_seed_042 recycle=0 pLDDT=68.9 pTM=0.494
2026-07-15 18:43:53,169 alphafold2_ptm_model_1_seed_042 recycle=1 pLDDT=76.8 pTM=0.563 tol=4.48
2026-07-15 18:43:53,414 alphafold2_ptm_model_1_seed_042 recycle=2 pLDDT=80.1 pTM=0.618 tol=1.49
2026-07-15 18:43:53,666 alphafold2_ptm_model_1_seed_042 recycle=3 pLDDT=78.7 pTM=0.606 tol=0.239
2026-07-15 18:43:53,666 alphafold2_ptm_model_1_seed_042 took 1.0s (3 recycles)
2026-07-15 18:43:53,956 alphafold2_ptm_model_2_seed_042 recycle=0 pLDDT=86.6 pTM=0.693
2026-07-15 18:43:54,206 alphafold2_ptm_model_2_seed_042 recycle=1 pLDDT=83.3 pTM=0.66 tol=0.384
2026-07-15 18:43:54,452 alphafold2_ptm_model_2_seed_042 recycle=2 pLDDT=81.8 pTM=0.643 tol=0.135
2026-07-15 18:43:54,704 alphafold2_ptm_model_2_seed_042 recycle=3 pLDDT=81.1 pTM=0.638 tol=0.0656
2026-07-15 18:43:54,704 alphafold2_ptm_model_2_seed_042 took 1.0s (3 recycles)
2026-07-15 18:43:54,971 alphafold2_ptm_model_3_seed_042 recycle=0 pLDDT=60.4 pTM=0.403
2026-07-15 18:43:55,222 alphafold2_ptm_model_3_seed_042 recycle=1 pLDDT=67.9 pTM=0.456 tol=3.54
2026-07-15 18:43:55,466 alphafold2_ptm_model_3_seed_042 recycle=2 pLDDT=71.6 pTM=0.513 tol=1.54
2026-07-15 18:43:55,718 alphafold2_ptm_model_3_seed_042 recycle=3 pLDDT=70.8 pTM=0.499 tol=0.907
2026-07-15 18:43:55,718 alphafold2_ptm_model_3_seed_042 took 1.0s (3 recycles)
2026-07-15 18:43:55,985 alphafold2_ptm_model_4_seed_042 recycle=0 pLDDT=69.7 pTM=0.515
2026-07-15 18:43:56,237 alphafold2_ptm_model_4_seed_042 recycle=1 pLDDT=79.1 pTM=0.611 tol=1.02
2026-07-15 18:43:56,482 alphafold2_ptm_model_4_seed_042 recycle=2 pLDDT=79.6 pTM=0.615 tol=0.172
2026-07-15 18:43:56,734 alphafold2_ptm_model_4_seed_042 recycle=3 pLDDT=79.2 pTM=0.61 tol=0.0542
2026-07-15 18:43:56,734 alphafold2_ptm_model_4_seed_042 took 1.0s (3 recycles)
2026-07-15 18:43:57,013 alphafold2_ptm_model_5_seed_042 recycle=0 pLDDT=57.4 pTM=0.396
2026-07-15 18:43:57,261 alphafold2_ptm_model_5_seed_042 recycle=1 pLDDT=59.5 pTM=0.378 tol=1.16
2026-07-15 18:43:57,505 alphafold2_ptm_model_5_seed_042 recycle=2 pLDDT=70.1 pTM=0.482 tol=2.54
2026-07-15 18:43:57,756 alphafold2_ptm_model_5_seed_042 recycle=3 pLDDT=71.4 pTM=0.493 tol=0.816
2026-07-15 18:43:57,756 alphafold2_ptm_model_5_seed_042 took 1.0s (3 recycles)
2026-07-15 18:43:57,778 reranking models by 'plddt' metric
2026-07-15 18:43:57,778 rank_001_alphafold2_ptm_model_2_seed_042 pLDDT=81.1 pTM=0.638
2026-07-15 18:43:57,780 rank_002_alphafold2_ptm_model_4_seed_042 pLDDT=79.2 pTM=0.61
2026-07-15 18:43:57,781 rank_003_alphafold2_ptm_model_1_seed_042 pLDDT=78.7 pTM=0.606
2026-07-15 18:43:57,783 rank_004_alphafold2_ptm_model_5_seed_042 pLDDT=71.4 pTM=0.493
2026-07-15 18:43:57,784 rank_005_alphafold2_ptm_model_3_seed_042 pLDDT=70.8 pTM=0.499
2026-07-15 18:43:59,784 Query 51/80: 5KPE_8_6_9_0_id3 (length 108)
2026-07-15 18:44:01,389 alphafold2_ptm_model_1_seed_042 recycle=0 pLDDT=64.7 pTM=0.453
2026-07-15 18:44:01,638 alphafold2_ptm_model_1_seed_042 recycle=1 pLDDT=76.2 pTM=0.568 tol=5.49
2026-07-15 18:44:01,882 alphafold2_ptm_model_1_seed_042 recycle=2 pLDDT=76.4 pTM=0.548 tol=0.737
2026-07-15 18:44:02,132 alphafold2_ptm_model_1_seed_042 recycle=3 pLDDT=71 pTM=0.534 tol=4.86
2026-07-15 18:44:02,132 alphafold2_ptm_model_1_seed_042 took 1.0s (3 recycles)
2026-07-15 18:44:02,415 alphafold2_ptm_model_2_seed_042 recycle=0 pLDDT=70.9 pTM=0.522
2026-07-15 18:44:02,661 alphafold2_ptm_model_2_seed_042 recycle=1 pLDDT=81.9 pTM=0.638 tol=3.43
2026-07-15 18:44:02,906 alphafold2_ptm_model_2_seed_042 recycle=2 pLDDT=80.6 pTM=0.577 tol=0.636
2026-07-15 18:44:03,157 alphafold2_ptm_model_2_seed_042 recycle=3 pLDDT=76.9 pTM=0.567 tol=6.86
2026-07-15 18:44:03,158 alphafold2_ptm_model_2_seed_042 took 1.0s (3 recycles)
2026-07-15 18:44:03,425 alphafold2_ptm_model_3_seed_042 recycle=0 pLDDT=70.6 pTM=0.509
2026-07-15 18:44:03,677 alphafold2_ptm_model_3_seed_042 recycle=1 pLDDT=74.2 pTM=0.564 tol=2.17
2026-07-15 18:44:03,923 alphafold2_ptm_model_3_seed_042 recycle=2 pLDDT=83.3 pTM=0.61 tol=2.3
2026-07-15 18:44:04,175 alphafold2_ptm_model_3_seed_042 recycle=3 pLDDT=84.4 pTM=0.626 tol=0.148
2026-07-15 18:44:04,175 alphafold2_ptm_model_3_seed_042 took 1.0s (3 recycles)
2026-07-15 18:44:04,468 alphafold2_ptm_model_4_seed_042 recycle=0 pLDDT=73.8 pTM=0.545
2026-07-15 18:44:04,714 alphafold2_ptm_model_4_seed_042 recycle=1 pLDDT=79.8 pTM=0.584 tol=2.73
2026-07-15 18:44:04,959 alphafold2_ptm_model_4_seed_042 recycle=2 pLDDT=79.3 pTM=0.577 tol=1.56
2026-07-15 18:44:05,209 alphafold2_ptm_model_4_seed_042 recycle=3 pLDDT=79.1 pTM=0.583 tol=0.899
2026-07-15 18:44:05,209 alphafold2_ptm_model_4_seed_042 took 1.0s (3 recycles)
2026-07-15 18:44:05,476 alphafold2_ptm_model_5_seed_042 recycle=0 pLDDT=58.8 pTM=0.394
2026-07-15 18:44:05,726 alphafold2_ptm_model_5_seed_042 recycle=1 pLDDT=74.9 pTM=0.536 tol=4.55
2026-07-15 18:44:05,971 alphafold2_ptm_model_5_seed_042 recycle=2 pLDDT=79.6 pTM=0.569 tol=3.28
2026-07-15 18:44:06,222 alphafold2_ptm_model_5_seed_042 recycle=3 pLDDT=80.5 pTM=0.575 tol=0.694
2026-07-15 18:44:06,222 alphafold2_ptm_model_5_seed_042 took 1.0s (3 recycles)
2026-07-15 18:44:06,267 reranking models by 'plddt' metric
2026-07-15 18:44:06,267 rank_001_alphafold2_ptm_model_3_seed_042 pLDDT=84.4 pTM=0.626
2026-07-15 18:44:06,269 rank_002_alphafold2_ptm_model_5_seed_042 pLDDT=80.5 pTM=0.575
2026-07-15 18:44:06,270 rank_003_alphafold2_ptm_model_4_seed_042 pLDDT=79.1 pTM=0.583
2026-07-15 18:44:06,272 rank_004_alphafold2_ptm_model_2_seed_042 pLDDT=76.9 pTM=0.567
2026-07-15 18:44:06,273 rank_005_alphafold2_ptm_model_1_seed_042 pLDDT=71 pTM=0.534
2026-07-15 18:44:08,243 Query 52/80: 5KPE_8_6_9_0_id4 (length 108)
2026-07-15 18:44:10,137 alphafold2_ptm_model_1_seed_042 recycle=0 pLDDT=73.5 pTM=0.511
2026-07-15 18:44:10,383 alphafold2_ptm_model_1_seed_042 recycle=1 pLDDT=74.5 pTM=0.524 tol=2.72
2026-07-15 18:44:10,627 alphafold2_ptm_model_1_seed_042 recycle=2 pLDDT=72.6 pTM=0.516 tol=0.904
2026-07-15 18:44:10,872 alphafold2_ptm_model_1_seed_042 recycle=3 pLDDT=71.3 pTM=0.515 tol=1.72
2026-07-15 18:44:10,873 alphafold2_ptm_model_1_seed_042 took 1.0s (3 recycles)
2026-07-15 18:44:11,158 alphafold2_ptm_model_2_seed_042 recycle=0 pLDDT=75.4 pTM=0.533
2026-07-15 18:44:11,404 alphafold2_ptm_model_2_seed_042 recycle=1 pLDDT=73.6 pTM=0.533 tol=1.51
2026-07-15 18:44:11,649 alphafold2_ptm_model_2_seed_042 recycle=2 pLDDT=74.4 pTM=0.522 tol=2.48
2026-07-15 18:44:11,895 alphafold2_ptm_model_2_seed_042 recycle=3 pLDDT=76.2 pTM=0.544 tol=0.452
2026-07-15 18:44:11,896 alphafold2_ptm_model_2_seed_042 took 1.0s (3 recycles)
2026-07-15 18:44:12,190 alphafold2_ptm_model_3_seed_042 recycle=0 pLDDT=72.9 pTM=0.49
2026-07-15 18:44:12,436 alphafold2_ptm_model_3_seed_042 recycle=1 pLDDT=72.4 pTM=0.502 tol=1.39
2026-07-15 18:44:12,681 alphafold2_ptm_model_3_seed_042 recycle=2 pLDDT=73.3 pTM=0.512 tol=0.951
2026-07-15 18:44:12,927 alphafold2_ptm_model_3_seed_042 recycle=3 pLDDT=72.8 pTM=0.505 tol=0.749
2026-07-15 18:44:12,927 alphafold2_ptm_model_3_seed_042 took 1.0s (3 recycles)
2026-07-15 18:44:13,222 alphafold2_ptm_model_4_seed_042 recycle=0 pLDDT=72.4 pTM=0.537
2026-07-15 18:44:13,467 alphafold2_ptm_model_4_seed_042 recycle=1 pLDDT=72.3 pTM=0.526 tol=0.988
2026-07-15 18:44:13,713 alphafold2_ptm_model_4_seed_042 recycle=2 pLDDT=72.2 pTM=0.528 tol=0.602
2026-07-15 18:44:13,958 alphafold2_ptm_model_4_seed_042 recycle=3 pLDDT=70.6 pTM=0.512 tol=0.6
2026-07-15 18:44:13,958 alphafold2_ptm_model_4_seed_042 took 1.0s (3 recycles)
2026-07-15 18:44:14,416 alphafold2_ptm_model_5_seed_042 recycle=0 pLDDT=72 pTM=0.528
2026-07-15 18:44:14,661 alphafold2_ptm_model_5_seed_042 recycle=1 pLDDT=73.6 pTM=0.523 tol=1.03
2026-07-15 18:44:14,907 alphafold2_ptm_model_5_seed_042 recycle=2 pLDDT=71.3 pTM=0.503 tol=0.62
2026-07-15 18:44:15,151 alphafold2_ptm_model_5_seed_042 recycle=3 pLDDT=68.6 pTM=0.497 tol=1.69
2026-07-15 18:44:15,151 alphafold2_ptm_model_5_seed_042 took 1.0s (3 recycles)
2026-07-15 18:44:15,173 reranking models by 'plddt' metric
2026-07-15 18:44:15,173 rank_001_alphafold2_ptm_model_2_seed_042 pLDDT=76.2 pTM=0.544
2026-07-15 18:44:15,175 rank_002_alphafold2_ptm_model_3_seed_042 pLDDT=72.8 pTM=0.505
2026-07-15 18:44:15,176 rank_003_alphafold2_ptm_model_1_seed_042 pLDDT=71.3 pTM=0.515
2026-07-15 18:44:15,178 rank_004_alphafold2_ptm_model_4_seed_042 pLDDT=70.6 pTM=0.512
2026-07-15 18:44:15,180 rank_005_alphafold2_ptm_model_5_seed_042 pLDDT=68.6 pTM=0.497
2026-07-15 18:44:17,209 Query 53/80: 5KPE_8_6_9_0_id5 (length 108)
2026-07-15 18:44:18,866 alphafold2_ptm_model_1_seed_042 recycle=0 pLDDT=69.6 pTM=0.498
2026-07-15 18:44:19,110 alphafold2_ptm_model_1_seed_042 recycle=1 pLDDT=74.7 pTM=0.574 tol=2.29
2026-07-15 18:44:19,355 alphafold2_ptm_model_1_seed_042 recycle=2 pLDDT=78.8 pTM=0.604 tol=1.03
2026-07-15 18:44:19,601 alphafold2_ptm_model_1_seed_042 recycle=3 pLDDT=79.7 pTM=0.603 tol=0.704
2026-07-15 18:44:19,601 alphafold2_ptm_model_1_seed_042 took 1.0s (3 recycles)
2026-07-15 18:44:19,889 alphafold2_ptm_model_2_seed_042 recycle=0 pLDDT=75.7 pTM=0.579
2026-07-15 18:44:20,135 alphafold2_ptm_model_2_seed_042 recycle=1 pLDDT=78.9 pTM=0.621 tol=1.2
2026-07-15 18:44:20,382 alphafold2_ptm_model_2_seed_042 recycle=2 pLDDT=79.8 pTM=0.623 tol=0.255
2026-07-15 18:44:20,628 alphafold2_ptm_model_2_seed_042 recycle=3 pLDDT=80.6 pTM=0.626 tol=0.136
2026-07-15 18:44:20,628 alphafold2_ptm_model_2_seed_042 took 1.0s (3 recycles)
2026-07-15 18:44:20,896 alphafold2_ptm_model_3_seed_042 recycle=0 pLDDT=65.2 pTM=0.468
2026-07-15 18:44:21,140 alphafold2_ptm_model_3_seed_042 recycle=1 pLDDT=66.2 pTM=0.523 tol=2.5
2026-07-15 18:44:21,385 alphafold2_ptm_model_3_seed_042 recycle=2 pLDDT=69.8 pTM=0.519 tol=2.23
2026-07-15 18:44:21,630 alphafold2_ptm_model_3_seed_042 recycle=3 pLDDT=68.7 pTM=0.513 tol=3.22
2026-07-15 18:44:21,630 alphafold2_ptm_model_3_seed_042 took 1.0s (3 recycles)
2026-07-15 18:44:21,906 alphafold2_ptm_model_4_seed_042 recycle=0 pLDDT=70.4 pTM=0.523
2026-07-15 18:44:22,152 alphafold2_ptm_model_4_seed_042 recycle=1 pLDDT=74.5 pTM=0.588 tol=0.753
2026-07-15 18:44:22,398 alphafold2_ptm_model_4_seed_042 recycle=2 pLDDT=75 pTM=0.578 tol=2.01
2026-07-15 18:44:22,644 alphafold2_ptm_model_4_seed_042 recycle=3 pLDDT=74.3 pTM=0.576 tol=0.858
2026-07-15 18:44:22,645 alphafold2_ptm_model_4_seed_042 took 1.0s (3 recycles)
2026-07-15 18:44:22,926 alphafold2_ptm_model_5_seed_042 recycle=0 pLDDT=70.8 pTM=0.484
2026-07-15 18:44:23,172 alphafold2_ptm_model_5_seed_042 recycle=1 pLDDT=80.6 pTM=0.602 tol=1.38
2026-07-15 18:44:23,419 alphafold2_ptm_model_5_seed_042 recycle=2 pLDDT=79.2 pTM=0.586 tol=1.29
2026-07-15 18:44:23,665 alphafold2_ptm_model_5_seed_042 recycle=3 pLDDT=78.6 pTM=0.582 tol=0.675
2026-07-15 18:44:23,665 alphafold2_ptm_model_5_seed_042 took 1.0s (3 recycles)
2026-07-15 18:44:23,688 reranking models by 'plddt' metric
2026-07-15 18:44:23,688 rank_001_alphafold2_ptm_model_2_seed_042 pLDDT=80.6 pTM=0.626
2026-07-15 18:44:23,690 rank_002_alphafold2_ptm_model_1_seed_042 pLDDT=79.7 pTM=0.603
2026-07-15 18:44:23,691 rank_003_alphafold2_ptm_model_5_seed_042 pLDDT=78.6 pTM=0.582
2026-07-15 18:44:23,693 rank_004_alphafold2_ptm_model_4_seed_042 pLDDT=74.3 pTM=0.576
2026-07-15 18:44:23,695 rank_005_alphafold2_ptm_model_3_seed_042 pLDDT=68.7 pTM=0.513
2026-07-15 18:44:25,587 Query 54/80: 5KPE_8_6_9_0_id6 (length 108)
2026-07-15 18:44:27,186 alphafold2_ptm_model_1_seed_042 recycle=0 pLDDT=73.5 pTM=0.503
2026-07-15 18:44:27,436 alphafold2_ptm_model_1_seed_042 recycle=1 pLDDT=76.8 pTM=0.545 tol=2.16
2026-07-15 18:44:27,681 alphafold2_ptm_model_1_seed_042 recycle=2 pLDDT=76.4 pTM=0.554 tol=0.614
2026-07-15 18:44:27,931 alphafold2_ptm_model_1_seed_042 recycle=3 pLDDT=76.3 pTM=0.557 tol=0.207
2026-07-15 18:44:27,931 alphafold2_ptm_model_1_seed_042 took 1.0s (3 recycles)
2026-07-15 18:44:28,204 alphafold2_ptm_model_2_seed_042 recycle=0 pLDDT=76.3 pTM=0.588
2026-07-15 18:44:28,455 alphafold2_ptm_model_2_seed_042 recycle=1 pLDDT=79.5 pTM=0.616 tol=0.693
2026-07-15 18:44:28,700 alphafold2_ptm_model_2_seed_042 recycle=2 pLDDT=80.4 pTM=0.63 tol=0.823
2026-07-15 18:44:28,949 alphafold2_ptm_model_2_seed_042 recycle=3 pLDDT=80.3 pTM=0.628 tol=0.535
2026-07-15 18:44:28,949 alphafold2_ptm_model_2_seed_042 took 1.0s (3 recycles)
2026-07-15 18:44:29,216 alphafold2_ptm_model_3_seed_042 recycle=0 pLDDT=69.9 pTM=0.52
2026-07-15 18:44:29,468 alphafold2_ptm_model_3_seed_042 recycle=1 pLDDT=70.9 pTM=0.518 tol=1.38
2026-07-15 18:44:29,712 alphafold2_ptm_model_3_seed_042 recycle=2 pLDDT=69.6 pTM=0.514 tol=0.886
2026-07-15 18:44:29,957 alphafold2_ptm_model_3_seed_042 recycle=3 pLDDT=69.1 pTM=0.504 tol=0.511
2026-07-15 18:44:29,958 alphafold2_ptm_model_3_seed_042 took 1.0s (3 recycles)
2026-07-15 18:44:30,234 alphafold2_ptm_model_4_seed_042 recycle=0 pLDDT=70.1 pTM=0.486
2026-07-15 18:44:30,479 alphafold2_ptm_model_4_seed_042 recycle=1 pLDDT=73.4 pTM=0.529 tol=0.759
2026-07-15 18:44:30,724 alphafold2_ptm_model_4_seed_042 recycle=2 pLDDT=73.6 pTM=0.534 tol=0.683
2026-07-15 18:44:30,975 alphafold2_ptm_model_4_seed_042 recycle=3 pLDDT=73.8 pTM=0.539 tol=1.32
2026-07-15 18:44:30,975 alphafold2_ptm_model_4_seed_042 took 1.0s (3 recycles)
2026-07-15 18:44:31,272 alphafold2_ptm_model_5_seed_042 recycle=0 pLDDT=62.2 pTM=0.429
2026-07-15 18:44:31,518 alphafold2_ptm_model_5_seed_042 recycle=1 pLDDT=66.7 pTM=0.473 tol=1.59
2026-07-15 18:44:31,762 alphafold2_ptm_model_5_seed_042 recycle=2 pLDDT=67.9 pTM=0.484 tol=1.15
2026-07-15 18:44:32,012 alphafold2_ptm_model_5_seed_042 recycle=3 pLDDT=69.9 pTM=0.511 tol=0.546
2026-07-15 18:44:32,012 alphafold2_ptm_model_5_seed_042 took 1.0s (3 recycles)
2026-07-15 18:44:32,034 reranking models by 'plddt' metric
2026-07-15 18:44:32,034 rank_001_alphafold2_ptm_model_2_seed_042 pLDDT=80.3 pTM=0.628
2026-07-15 18:44:32,036 rank_002_alphafold2_ptm_model_1_seed_042 pLDDT=76.3 pTM=0.557
2026-07-15 18:44:32,037 rank_003_alphafold2_ptm_model_4_seed_042 pLDDT=73.8 pTM=0.539
2026-07-15 18:44:32,039 rank_004_alphafold2_ptm_model_5_seed_042 pLDDT=69.9 pTM=0.511
2026-07-15 18:44:32,040 rank_005_alphafold2_ptm_model_3_seed_042 pLDDT=69.1 pTM=0.504
2026-07-15 18:44:33,939 Query 55/80: 5KPE_8_6_9_0_id7 (length 108)
2026-07-15 18:44:35,503 alphafold2_ptm_model_1_seed_042 recycle=0 pLDDT=72.6 pTM=0.478
2026-07-15 18:44:35,754 alphafold2_ptm_model_1_seed_042 recycle=1 pLDDT=77.2 pTM=0.531 tol=1.92
2026-07-15 18:44:35,998 alphafold2_ptm_model_1_seed_042 recycle=2 pLDDT=78 pTM=0.548 tol=2.45
2026-07-15 18:44:36,243 alphafold2_ptm_model_1_seed_042 recycle=3 pLDDT=78.1 pTM=0.541 tol=2.25
2026-07-15 18:44:36,243 alphafold2_ptm_model_1_seed_042 took 1.0s (3 recycles)
2026-07-15 18:44:36,511 alphafold2_ptm_model_2_seed_042 recycle=0 pLDDT=79.3 pTM=0.588
2026-07-15 18:44:36,762 alphafold2_ptm_model_2_seed_042 recycle=1 pLDDT=78.8 pTM=0.588 tol=0.737
2026-07-15 18:44:37,006 alphafold2_ptm_model_2_seed_042 recycle=2 pLDDT=77.9 pTM=0.58 tol=0.435
2026-07-15 18:44:37,254 alphafold2_ptm_model_2_seed_042 recycle=3 pLDDT=77.6 pTM=0.573 tol=0.202
2026-07-15 18:44:37,255 alphafold2_ptm_model_2_seed_042 took 1.0s (3 recycles)
2026-07-15 18:44:37,522 alphafold2_ptm_model_3_seed_042 recycle=0 pLDDT=68.4 pTM=0.462
2026-07-15 18:44:37,773 alphafold2_ptm_model_3_seed_042 recycle=1 pLDDT=74.4 pTM=0.524 tol=2
2026-07-15 18:44:38,018 alphafold2_ptm_model_3_seed_042 recycle=2 pLDDT=72.8 pTM=0.524 tol=0.882
2026-07-15 18:44:38,266 alphafold2_ptm_model_3_seed_042 recycle=3 pLDDT=72.2 pTM=0.526 tol=2.21
2026-07-15 18:44:38,267 alphafold2_ptm_model_3_seed_042 took 1.0s (3 recycles)
2026-07-15 18:44:38,534 alphafold2_ptm_model_4_seed_042 recycle=0 pLDDT=70.2 pTM=0.508
2026-07-15 18:44:38,782 alphafold2_ptm_model_4_seed_042 recycle=1 pLDDT=74.1 pTM=0.553 tol=2.58
2026-07-15 18:44:39,027 alphafold2_ptm_model_4_seed_042 recycle=2 pLDDT=73.3 pTM=0.54 tol=0.601
2026-07-15 18:44:39,276 alphafold2_ptm_model_4_seed_042 recycle=3 pLDDT=74.8 pTM=0.534 tol=2.72
2026-07-15 18:44:39,276 alphafold2_ptm_model_4_seed_042 took 1.0s (3 recycles)
2026-07-15 18:44:39,548 alphafold2_ptm_model_5_seed_042 recycle=0 pLDDT=68.8 pTM=0.461
2026-07-15 18:44:39,796 alphafold2_ptm_model_5_seed_042 recycle=1 pLDDT=72.1 pTM=0.511 tol=4.33
2026-07-15 18:44:40,043 alphafold2_ptm_model_5_seed_042 recycle=2 pLDDT=72.3 pTM=0.501 tol=4.27
2026-07-15 18:44:40,291 alphafold2_ptm_model_5_seed_042 recycle=3 pLDDT=73.4 pTM=0.505 tol=2.88
2026-07-15 18:44:40,292 alphafold2_ptm_model_5_seed_042 took 1.0s (3 recycles)
2026-07-15 18:44:40,333 reranking models by 'plddt' metric
2026-07-15 18:44:40,333 rank_001_alphafold2_ptm_model_1_seed_042 pLDDT=78.1 pTM=0.541
2026-07-15 18:44:40,334 rank_002_alphafold2_ptm_model_2_seed_042 pLDDT=77.6 pTM=0.573
2026-07-15 18:44:40,336 rank_003_alphafold2_ptm_model_4_seed_042 pLDDT=74.8 pTM=0.534
2026-07-15 18:44:40,337 rank_004_alphafold2_ptm_model_5_seed_042 pLDDT=73.4 pTM=0.505
2026-07-15 18:44:40,339 rank_005_alphafold2_ptm_model_3_seed_042 pLDDT=72.2 pTM=0.526
2026-07-15 18:44:42,576 Query 56/80: 5KPE_8_6_9_0_id8 (length 108)
2026-07-15 18:44:44,188 alphafold2_ptm_model_1_seed_042 recycle=0 pLDDT=66.6 pTM=0.499
2026-07-15 18:44:44,435 alphafold2_ptm_model_1_seed_042 recycle=1 pLDDT=75.1 pTM=0.57 tol=3.38
2026-07-15 18:44:44,679 alphafold2_ptm_model_1_seed_042 recycle=2 pLDDT=74.1 pTM=0.559 tol=0.528
2026-07-15 18:44:44,927 alphafold2_ptm_model_1_seed_042 recycle=3 pLDDT=74.4 pTM=0.553 tol=0.913
2026-07-15 18:44:44,927 alphafold2_ptm_model_1_seed_042 took 1.0s (3 recycles)
2026-07-15 18:44:45,196 alphafold2_ptm_model_2_seed_042 recycle=0 pLDDT=74.5 pTM=0.551
2026-07-15 18:44:45,445 alphafold2_ptm_model_2_seed_042 recycle=1 pLDDT=76.4 pTM=0.606 tol=1.37
2026-07-15 18:44:45,691 alphafold2_ptm_model_2_seed_042 recycle=2 pLDDT=77.4 pTM=0.595 tol=0.849
2026-07-15 18:44:45,943 alphafold2_ptm_model_2_seed_042 recycle=3 pLDDT=76.9 pTM=0.596 tol=0.385
2026-07-15 18:44:45,944 alphafold2_ptm_model_2_seed_042 took 1.0s (3 recycles)
2026-07-15 18:44:46,224 alphafold2_ptm_model_3_seed_042 recycle=0 pLDDT=68.1 pTM=0.482
2026-07-15 18:44:46,470 alphafold2_ptm_model_3_seed_042 recycle=1 pLDDT=72.2 pTM=0.539 tol=3.81
2026-07-15 18:44:46,714 alphafold2_ptm_model_3_seed_042 recycle=2 pLDDT=73.4 pTM=0.551 tol=5.42
2026-07-15 18:44:46,960 alphafold2_ptm_model_3_seed_042 recycle=3 pLDDT=75.9 pTM=0.567 tol=0.49
2026-07-15 18:44:46,960 alphafold2_ptm_model_3_seed_042 took 1.0s (3 recycles)
2026-07-15 18:44:47,226 alphafold2_ptm_model_4_seed_042 recycle=0 pLDDT=63.4 pTM=0.443
2026-07-15 18:44:47,471 alphafold2_ptm_model_4_seed_042 recycle=1 pLDDT=73.4 pTM=0.57 tol=3.3
2026-07-15 18:44:47,716 alphafold2_ptm_model_4_seed_042 recycle=2 pLDDT=72.9 pTM=0.565 tol=0.568
2026-07-15 18:44:47,961 alphafold2_ptm_model_4_seed_042 recycle=3 pLDDT=73.3 pTM=0.565 tol=0.205
2026-07-15 18:44:47,961 alphafold2_ptm_model_4_seed_042 took 1.0s (3 recycles)
2026-07-15 18:44:48,251 alphafold2_ptm_model_5_seed_042 recycle=0 pLDDT=68.7 pTM=0.456
2026-07-15 18:44:48,496 alphafold2_ptm_model_5_seed_042 recycle=1 pLDDT=78.3 pTM=0.525 tol=6.43
2026-07-15 18:44:48,741 alphafold2_ptm_model_5_seed_042 recycle=2 pLDDT=81.2 pTM=0.562 tol=2.88
2026-07-15 18:44:48,988 alphafold2_ptm_model_5_seed_042 recycle=3 pLDDT=81.7 pTM=0.581 tol=0.564
2026-07-15 18:44:48,988 alphafold2_ptm_model_5_seed_042 took 1.0s (3 recycles)
2026-07-15 18:44:49,010 reranking models by 'plddt' metric
2026-07-15 18:44:49,010 rank_001_alphafold2_ptm_model_5_seed_042 pLDDT=81.7 pTM=0.581
2026-07-15 18:44:49,011 rank_002_alphafold2_ptm_model_2_seed_042 pLDDT=76.9 pTM=0.596
2026-07-15 18:44:49,013 rank_003_alphafold2_ptm_model_3_seed_042 pLDDT=75.9 pTM=0.567
2026-07-15 18:44:49,014 rank_004_alphafold2_ptm_model_1_seed_042 pLDDT=74.4 pTM=0.553
2026-07-15 18:44:49,016 rank_005_alphafold2_ptm_model_4_seed_042 pLDDT=73.3 pTM=0.565
2026-07-15 18:44:50,932 Query 57/80: 5KPE_8_2_6_0_id1 (length 108)
2026-07-15 18:44:52,584 alphafold2_ptm_model_1_seed_042 recycle=0 pLDDT=73.4 pTM=0.528
2026-07-15 18:44:52,829 alphafold2_ptm_model_1_seed_042 recycle=1 pLDDT=73.8 pTM=0.549 tol=1.13
2026-07-15 18:44:53,081 alphafold2_ptm_model_1_seed_042 recycle=2 pLDDT=73.4 pTM=0.549 tol=1.25
2026-07-15 18:44:53,331 alphafold2_ptm_model_1_seed_042 recycle=3 pLDDT=72.2 pTM=0.541 tol=0.608
2026-07-15 18:44:53,332 alphafold2_ptm_model_1_seed_042 took 1.0s (3 recycles)
2026-07-15 18:44:53,621 alphafold2_ptm_model_2_seed_042 recycle=0 pLDDT=77.1 pTM=0.548
2026-07-15 18:44:53,873 alphafold2_ptm_model_2_seed_042 recycle=1 pLDDT=81 pTM=0.613 tol=0.893
2026-07-15 18:44:54,127 alphafold2_ptm_model_2_seed_042 recycle=2 pLDDT=84.1 pTM=0.696 tol=0.989
2026-07-15 18:44:54,380 alphafold2_ptm_model_2_seed_042 recycle=3 pLDDT=83.6 pTM=0.697 tol=0.416
2026-07-15 18:44:54,380 alphafold2_ptm_model_2_seed_042 took 1.0s (3 recycles)
2026-07-15 18:44:54,648 alphafold2_ptm_model_3_seed_042 recycle=0 pLDDT=70.8 pTM=0.522
2026-07-15 18:44:54,895 alphafold2_ptm_model_3_seed_042 recycle=1 pLDDT=76.7 pTM=0.571 tol=2.82
2026-07-15 18:44:55,147 alphafold2_ptm_model_3_seed_042 recycle=2 pLDDT=76.4 pTM=0.561 tol=1.64
2026-07-15 18:44:55,399 alphafold2_ptm_model_3_seed_042 recycle=3 pLDDT=78.8 pTM=0.584 tol=0.325
2026-07-15 18:44:55,399 alphafold2_ptm_model_3_seed_042 took 1.0s (3 recycles)
2026-07-15 18:44:55,669 alphafold2_ptm_model_4_seed_042 recycle=0 pLDDT=75.2 pTM=0.565
2026-07-15 18:44:55,923 alphafold2_ptm_model_4_seed_042 recycle=1 pLDDT=81.8 pTM=0.646 tol=1.49
2026-07-15 18:44:56,171 alphafold2_ptm_model_4_seed_042 recycle=2 pLDDT=83.2 pTM=0.668 tol=1.01
2026-07-15 18:44:56,426 alphafold2_ptm_model_4_seed_042 recycle=3 pLDDT=84.1 pTM=0.679 tol=0.296
2026-07-15 18:44:56,427 alphafold2_ptm_model_4_seed_042 took 1.0s (3 recycles)
2026-07-15 18:44:56,709 alphafold2_ptm_model_5_seed_042 recycle=0 pLDDT=55.3 pTM=0.355
2026-07-15 18:44:56,960 alphafold2_ptm_model_5_seed_042 recycle=1 pLDDT=76.8 pTM=0.587 tol=5.92
2026-07-15 18:44:57,212 alphafold2_ptm_model_5_seed_042 recycle=2 pLDDT=76.4 pTM=0.569 tol=0.856
2026-07-15 18:44:57,461 alphafold2_ptm_model_5_seed_042 recycle=3 pLDDT=76.1 pTM=0.562 tol=0.271
2026-07-15 18:44:57,461 alphafold2_ptm_model_5_seed_042 took 1.0s (3 recycles)
2026-07-15 18:44:57,483 reranking models by 'plddt' metric
2026-07-15 18:44:57,483 rank_001_alphafold2_ptm_model_4_seed_042 pLDDT=84.1 pTM=0.679
2026-07-15 18:44:57,485 rank_002_alphafold2_ptm_model_2_seed_042 pLDDT=83.6 pTM=0.697
2026-07-15 18:44:57,486 rank_003_alphafold2_ptm_model_3_seed_042 pLDDT=78.8 pTM=0.584
2026-07-15 18:44:57,488 rank_004_alphafold2_ptm_model_5_seed_042 pLDDT=76.1 pTM=0.562
2026-07-15 18:44:57,489 rank_005_alphafold2_ptm_model_1_seed_042 pLDDT=72.2 pTM=0.541
2026-07-15 18:44:59,394 Query 58/80: 5KPE_8_2_6_0_id2 (length 108)
2026-07-15 18:45:00,990 alphafold2_ptm_model_1_seed_042 recycle=0 pLDDT=78.4 pTM=0.612
2026-07-15 18:45:01,234 alphafold2_ptm_model_1_seed_042 recycle=1 pLDDT=76.9 pTM=0.6 tol=0.823
2026-07-15 18:45:01,481 alphafold2_ptm_model_1_seed_042 recycle=2 pLDDT=77.6 pTM=0.604 tol=0.932
2026-07-15 18:45:01,726 alphafold2_ptm_model_1_seed_042 recycle=3 pLDDT=79.8 pTM=0.614 tol=0.396
2026-07-15 18:45:01,727 alphafold2_ptm_model_1_seed_042 took 1.0s (3 recycles)
2026-07-15 18:45:01,995 alphafold2_ptm_model_2_seed_042 recycle=0 pLDDT=82.1 pTM=0.651
2026-07-15 18:45:02,242 alphafold2_ptm_model_2_seed_042 recycle=1 pLDDT=83.2 pTM=0.671 tol=1.94
2026-07-15 18:45:02,494 alphafold2_ptm_model_2_seed_042 recycle=2 pLDDT=84.1 pTM=0.669 tol=0.549
2026-07-15 18:45:02,746 alphafold2_ptm_model_2_seed_042 recycle=3 pLDDT=85.9 pTM=0.688 tol=0.233
2026-07-15 18:45:02,746 alphafold2_ptm_model_2_seed_042 took 1.0s (3 recycles)
2026-07-15 18:45:03,362 alphafold2_ptm_model_3_seed_042 recycle=0 pLDDT=77.5 pTM=0.607
2026-07-15 18:45:03,608 alphafold2_ptm_model_3_seed_042 recycle=1 pLDDT=80.3 pTM=0.599 tol=1.2
2026-07-15 18:45:03,853 alphafold2_ptm_model_3_seed_042 recycle=2 pLDDT=80.2 pTM=0.601 tol=0.43
2026-07-15 18:45:04,104 alphafold2_ptm_model_3_seed_042 recycle=3 pLDDT=79.9 pTM=0.598 tol=0.312
2026-07-15 18:45:04,104 alphafold2_ptm_model_3_seed_042 took 1.0s (3 recycles)
2026-07-15 18:45:04,371 alphafold2_ptm_model_4_seed_042 recycle=0 pLDDT=78.5 pTM=0.61
2026-07-15 18:45:04,617 alphafold2_ptm_model_4_seed_042 recycle=1 pLDDT=82.4 pTM=0.648 tol=1.58
2026-07-15 18:45:04,868 alphafold2_ptm_model_4_seed_042 recycle=2 pLDDT=84.9 pTM=0.664 tol=0.372
2026-07-15 18:45:05,114 alphafold2_ptm_model_4_seed_042 recycle=3 pLDDT=85.1 pTM=0.661 tol=0.0992
2026-07-15 18:45:05,115 alphafold2_ptm_model_4_seed_042 took 1.0s (3 recycles)
2026-07-15 18:45:05,396 alphafold2_ptm_model_5_seed_042 recycle=0 pLDDT=74.9 pTM=0.613
2026-07-15 18:45:05,642 alphafold2_ptm_model_5_seed_042 recycle=1 pLDDT=82.8 pTM=0.652 tol=1.58
2026-07-15 18:45:05,894 alphafold2_ptm_model_5_seed_042 recycle=2 pLDDT=83.1 pTM=0.651 tol=0.303
2026-07-15 18:45:06,139 alphafold2_ptm_model_5_seed_042 recycle=3 pLDDT=83.1 pTM=0.648 tol=0.131
2026-07-15 18:45:06,139 alphafold2_ptm_model_5_seed_042 took 1.0s (3 recycles)
2026-07-15 18:45:06,161 reranking models by 'plddt' metric
2026-07-15 18:45:06,162 rank_001_alphafold2_ptm_model_2_seed_042 pLDDT=85.9 pTM=0.688
2026-07-15 18:45:06,163 rank_002_alphafold2_ptm_model_4_seed_042 pLDDT=85.1 pTM=0.661
2026-07-15 18:45:06,165 rank_003_alphafold2_ptm_model_5_seed_042 pLDDT=83.1 pTM=0.648
2026-07-15 18:45:06,166 rank_004_alphafold2_ptm_model_3_seed_042 pLDDT=79.9 pTM=0.598
2026-07-15 18:45:06,168 rank_005_alphafold2_ptm_model_1_seed_042 pLDDT=79.8 pTM=0.614
2026-07-15 18:45:08,389 Query 59/80: 5KPE_8_2_6_0_id3 (length 108)
2026-07-15 18:45:09,973 alphafold2_ptm_model_1_seed_042 recycle=0 pLDDT=58.3 pTM=0.327
2026-07-15 18:45:10,218 alphafold2_ptm_model_1_seed_042 recycle=1 pLDDT=53.2 pTM=0.35 tol=7.41
2026-07-15 18:45:10,467 alphafold2_ptm_model_1_seed_042 recycle=2 pLDDT=53.9 pTM=0.404 tol=3.1
2026-07-15 18:45:10,711 alphafold2_ptm_model_1_seed_042 recycle=3 pLDDT=55.2 pTM=0.441 tol=0.449
2026-07-15 18:45:10,712 alphafold2_ptm_model_1_seed_042 took 1.0s (3 recycles)
2026-07-15 18:45:11,002 alphafold2_ptm_model_2_seed_042 recycle=0 pLDDT=61.7 pTM=0.45
2026-07-15 18:45:11,247 alphafold2_ptm_model_2_seed_042 recycle=1 pLDDT=65.1 pTM=0.501 tol=2.28
2026-07-15 18:45:11,498 alphafold2_ptm_model_2_seed_042 recycle=2 pLDDT=68.4 pTM=0.509 tol=1.3
2026-07-15 18:45:11,745 alphafold2_ptm_model_2_seed_042 recycle=3 pLDDT=74.2 pTM=0.552 tol=0.738
2026-07-15 18:45:11,745 alphafold2_ptm_model_2_seed_042 took 1.0s (3 recycles)
2026-07-15 18:45:12,056 alphafold2_ptm_model_3_seed_042 recycle=0 pLDDT=66.6 pTM=0.478
2026-07-15 18:45:12,302 alphafold2_ptm_model_3_seed_042 recycle=1 pLDDT=77.7 pTM=0.58 tol=5.84
2026-07-15 18:45:12,552 alphafold2_ptm_model_3_seed_042 recycle=2 pLDDT=77.6 pTM=0.586 tol=0.48
2026-07-15 18:45:12,799 alphafold2_ptm_model_3_seed_042 recycle=3 pLDDT=81.9 pTM=0.628 tol=0.157
2026-07-15 18:45:12,799 alphafold2_ptm_model_3_seed_042 took 1.0s (3 recycles)
2026-07-15 18:45:13,073 alphafold2_ptm_model_4_seed_042 recycle=0 pLDDT=63.7 pTM=0.444
2026-07-15 18:45:13,319 alphafold2_ptm_model_4_seed_042 recycle=1 pLDDT=78.2 pTM=0.591 tol=5.39
2026-07-15 18:45:13,572 alphafold2_ptm_model_4_seed_042 recycle=2 pLDDT=83.4 pTM=0.665 tol=0.428
2026-07-15 18:45:13,819 alphafold2_ptm_model_4_seed_042 recycle=3 pLDDT=85.1 pTM=0.693 tol=0.284
2026-07-15 18:45:13,819 alphafold2_ptm_model_4_seed_042 took 1.0s (3 recycles)
2026-07-15 18:45:14,108 alphafold2_ptm_model_5_seed_042 recycle=0 pLDDT=58 pTM=0.277
2026-07-15 18:45:14,354 alphafold2_ptm_model_5_seed_042 recycle=1 pLDDT=59.5 pTM=0.28 tol=5.98
2026-07-15 18:45:14,601 alphafold2_ptm_model_5_seed_042 recycle=2 pLDDT=58.5 pTM=0.303 tol=8.16
2026-07-15 18:45:14,846 alphafold2_ptm_model_5_seed_042 recycle=3 pLDDT=53 pTM=0.294 tol=4.32
2026-07-15 18:45:14,846 alphafold2_ptm_model_5_seed_042 took 1.0s (3 recycles)
2026-07-15 18:45:14,868 reranking models by 'plddt' metric
2026-07-15 18:45:14,868 rank_001_alphafold2_ptm_model_4_seed_042 pLDDT=85.1 pTM=0.693
2026-07-15 18:45:14,870 rank_002_alphafold2_ptm_model_3_seed_042 pLDDT=81.9 pTM=0.628
2026-07-15 18:45:14,871 rank_003_alphafold2_ptm_model_2_seed_042 pLDDT=74.2 pTM=0.552
2026-07-15 18:45:14,872 rank_004_alphafold2_ptm_model_1_seed_042 pLDDT=55.2 pTM=0.441
2026-07-15 18:45:14,874 rank_005_alphafold2_ptm_model_5_seed_042 pLDDT=53 pTM=0.294
2026-07-15 18:45:16,785 Query 60/80: 5KPE_8_2_6_0_id4 (length 108)
2026-07-15 18:45:18,378 alphafold2_ptm_model_1_seed_042 recycle=0 pLDDT=67.1 pTM=0.443
2026-07-15 18:45:18,623 alphafold2_ptm_model_1_seed_042 recycle=1 pLDDT=73.1 pTM=0.557 tol=6.92
2026-07-15 18:45:18,868 alphafold2_ptm_model_1_seed_042 recycle=2 pLDDT=71.2 pTM=0.542 tol=3.55
2026-07-15 18:45:19,113 alphafold2_ptm_model_1_seed_042 recycle=3 pLDDT=70.7 pTM=0.541 tol=2.2
2026-07-15 18:45:19,113 alphafold2_ptm_model_1_seed_042 took 1.0s (3 recycles)
2026-07-15 18:45:19,381 alphafold2_ptm_model_2_seed_042 recycle=0 pLDDT=72.4 pTM=0.541
2026-07-15 18:45:19,627 alphafold2_ptm_model_2_seed_042 recycle=1 pLDDT=71.2 pTM=0.55 tol=2.28
2026-07-15 18:45:19,876 alphafold2_ptm_model_2_seed_042 recycle=2 pLDDT=72.7 pTM=0.577 tol=2.29
2026-07-15 18:45:20,123 alphafold2_ptm_model_2_seed_042 recycle=3 pLDDT=73.3 pTM=0.57 tol=2.47
2026-07-15 18:45:20,123 alphafold2_ptm_model_2_seed_042 took 1.0s (3 recycles)
2026-07-15 18:45:20,396 alphafold2_ptm_model_3_seed_042 recycle=0 pLDDT=75 pTM=0.539
2026-07-15 18:45:20,643 alphafold2_ptm_model_3_seed_042 recycle=1 pLDDT=84.8 pTM=0.639 tol=1.24
2026-07-15 18:45:20,896 alphafold2_ptm_model_3_seed_042 recycle=2 pLDDT=86 pTM=0.623 tol=0.549
2026-07-15 18:45:21,145 alphafold2_ptm_model_3_seed_042 recycle=3 pLDDT=89.5 pTM=0.705 tol=0.223
2026-07-15 18:45:21,145 alphafold2_ptm_model_3_seed_042 took 1.0s (3 recycles)
2026-07-15 18:45:21,426 alphafold2_ptm_model_4_seed_042 recycle=0 pLDDT=72.1 pTM=0.545
2026-07-15 18:45:21,672 alphafold2_ptm_model_4_seed_042 recycle=1 pLDDT=74.4 pTM=0.572 tol=2.12
2026-07-15 18:45:21,924 alphafold2_ptm_model_4_seed_042 recycle=2 pLDDT=78.2 pTM=0.599 tol=2.84
2026-07-15 18:45:22,172 alphafold2_ptm_model_4_seed_042 recycle=3 pLDDT=85.3 pTM=0.672 tol=0.929
2026-07-15 18:45:22,172 alphafold2_ptm_model_4_seed_042 took 1.0s (3 recycles)
2026-07-15 18:45:22,444 alphafold2_ptm_model_5_seed_042 recycle=0 pLDDT=45.8 pTM=0.274
2026-07-15 18:45:22,690 alphafold2_ptm_model_5_seed_042 recycle=1 pLDDT=71.1 pTM=0.555 tol=11.6
2026-07-15 18:45:22,941 alphafold2_ptm_model_5_seed_042 recycle=2 pLDDT=75.3 pTM=0.581 tol=0.898
2026-07-15 18:45:23,187 alphafold2_ptm_model_5_seed_042 recycle=3 pLDDT=75.9 pTM=0.584 tol=0.238
2026-07-15 18:45:23,187 alphafold2_ptm_model_5_seed_042 took 1.0s (3 recycles)
2026-07-15 18:45:23,210 reranking models by 'plddt' metric
2026-07-15 18:45:23,210 rank_001_alphafold2_ptm_model_3_seed_042 pLDDT=89.5 pTM=0.705
2026-07-15 18:45:23,211 rank_002_alphafold2_ptm_model_4_seed_042 pLDDT=85.3 pTM=0.672
2026-07-15 18:45:23,213 rank_003_alphafold2_ptm_model_5_seed_042 pLDDT=75.9 pTM=0.584
2026-07-15 18:45:23,214 rank_004_alphafold2_ptm_model_2_seed_042 pLDDT=73.3 pTM=0.57
2026-07-15 18:45:23,218 rank_005_alphafold2_ptm_model_1_seed_042 pLDDT=70.7 pTM=0.541
2026-07-15 18:45:25,172 Query 61/80: 5KPE_8_2_6_0_id5 (length 108)
2026-07-15 18:45:26,795 alphafold2_ptm_model_1_seed_042 recycle=0 pLDDT=61.8 pTM=0.469
2026-07-15 18:45:27,040 alphafold2_ptm_model_1_seed_042 recycle=1 pLDDT=66.2 pTM=0.498 tol=3.76
2026-07-15 18:45:27,290 alphafold2_ptm_model_1_seed_042 recycle=2 pLDDT=70.1 pTM=0.5 tol=1.21
2026-07-15 18:45:27,536 alphafold2_ptm_model_1_seed_042 recycle=3 pLDDT=70.6 pTM=0.491 tol=0.969
2026-07-15 18:45:27,536 alphafold2_ptm_model_1_seed_042 took 1.0s (3 recycles)
2026-07-15 18:45:27,805 alphafold2_ptm_model_2_seed_042 recycle=0 pLDDT=77.9 pTM=0.607
2026-07-15 18:45:28,059 alphafold2_ptm_model_2_seed_042 recycle=1 pLDDT=85.1 pTM=0.665 tol=1.84
2026-07-15 18:45:28,307 alphafold2_ptm_model_2_seed_042 recycle=2 pLDDT=85.4 pTM=0.695 tol=1.45
2026-07-15 18:45:28,557 alphafold2_ptm_model_2_seed_042 recycle=3 pLDDT=84.1 pTM=0.663 tol=0.361
2026-07-15 18:45:28,558 alphafold2_ptm_model_2_seed_042 took 1.0s (3 recycles)
2026-07-15 18:45:28,843 alphafold2_ptm_model_3_seed_042 recycle=0 pLDDT=78.3 pTM=0.596
2026-07-15 18:45:29,097 alphafold2_ptm_model_3_seed_042 recycle=1 pLDDT=85.4 pTM=0.677 tol=0.929
2026-07-15 18:45:29,344 alphafold2_ptm_model_3_seed_042 recycle=2 pLDDT=83.9 pTM=0.659 tol=0.894
2026-07-15 18:45:29,599 alphafold2_ptm_model_3_seed_042 recycle=3 pLDDT=85.7 pTM=0.675 tol=0.511
2026-07-15 18:45:29,599 alphafold2_ptm_model_3_seed_042 took 1.0s (3 recycles)
2026-07-15 18:45:29,868 alphafold2_ptm_model_4_seed_042 recycle=0 pLDDT=75.5 pTM=0.616
2026-07-15 18:45:30,122 alphafold2_ptm_model_4_seed_042 recycle=1 pLDDT=84.9 pTM=0.69 tol=1.06
2026-07-15 18:45:30,371 alphafold2_ptm_model_4_seed_042 recycle=2 pLDDT=85.6 pTM=0.708 tol=0.597
2026-07-15 18:45:30,626 alphafold2_ptm_model_4_seed_042 recycle=3 pLDDT=85.9 pTM=0.713 tol=0.108
2026-07-15 18:45:30,626 alphafold2_ptm_model_4_seed_042 took 1.0s (3 recycles)
2026-07-15 18:45:30,893 alphafold2_ptm_model_5_seed_042 recycle=0 pLDDT=56.9 pTM=0.317
2026-07-15 18:45:31,139 alphafold2_ptm_model_5_seed_042 recycle=1 pLDDT=75.9 pTM=0.468 tol=4.71
2026-07-15 18:45:31,385 alphafold2_ptm_model_5_seed_042 recycle=2 pLDDT=66.4 pTM=0.532 tol=12.8
2026-07-15 18:45:31,637 alphafold2_ptm_model_5_seed_042 recycle=3 pLDDT=77.9 pTM=0.577 tol=6.21
2026-07-15 18:45:31,637 alphafold2_ptm_model_5_seed_042 took 1.0s (3 recycles)
2026-07-15 18:45:31,687 reranking models by 'plddt' metric
2026-07-15 18:45:31,687 rank_001_alphafold2_ptm_model_4_seed_042 pLDDT=85.9 pTM=0.713
2026-07-15 18:45:31,689 rank_002_alphafold2_ptm_model_3_seed_042 pLDDT=85.7 pTM=0.675
2026-07-15 18:45:31,690 rank_003_alphafold2_ptm_model_2_seed_042 pLDDT=84.1 pTM=0.663
2026-07-15 18:45:31,692 rank_004_alphafold2_ptm_model_5_seed_042 pLDDT=77.9 pTM=0.577
2026-07-15 18:45:31,693 rank_005_alphafold2_ptm_model_1_seed_042 pLDDT=70.6 pTM=0.491
2026-07-15 18:45:33,908 Query 62/80: 5KPE_8_2_6_0_id6 (length 108)
2026-07-15 18:45:35,508 alphafold2_ptm_model_1_seed_042 recycle=0 pLDDT=80.2 pTM=0.582
2026-07-15 18:45:35,756 alphafold2_ptm_model_1_seed_042 recycle=1 pLDDT=87.4 pTM=0.68 tol=0.722
2026-07-15 18:45:36,008 alphafold2_ptm_model_1_seed_042 recycle=2 pLDDT=88.7 pTM=0.695 tol=0.434
2026-07-15 18:45:36,255 alphafold2_ptm_model_1_seed_042 recycle=3 pLDDT=89.2 pTM=0.705 tol=0.131
2026-07-15 18:45:36,256 alphafold2_ptm_model_1_seed_042 took 1.0s (3 recycles)
2026-07-15 18:45:36,542 alphafold2_ptm_model_2_seed_042 recycle=0 pLDDT=85.3 pTM=0.625
2026-07-15 18:45:36,791 alphafold2_ptm_model_2_seed_042 recycle=1 pLDDT=87.2 pTM=0.653 tol=0.513
2026-07-15 18:45:37,044 alphafold2_ptm_model_2_seed_042 recycle=2 pLDDT=86.4 pTM=0.638 tol=0.523
2026-07-15 18:45:37,293 alphafold2_ptm_model_2_seed_042 recycle=3 pLDDT=87.4 pTM=0.661 tol=0.578
2026-07-15 18:45:37,293 alphafold2_ptm_model_2_seed_042 took 1.0s (3 recycles)
2026-07-15 18:45:37,561 alphafold2_ptm_model_3_seed_042 recycle=0 pLDDT=81.5 pTM=0.571
2026-07-15 18:45:37,809 alphafold2_ptm_model_3_seed_042 recycle=1 pLDDT=86.1 pTM=0.64 tol=0.468
2026-07-15 18:45:38,062 alphafold2_ptm_model_3_seed_042 recycle=2 pLDDT=85.5 pTM=0.622 tol=0.3
2026-07-15 18:45:38,310 alphafold2_ptm_model_3_seed_042 recycle=3 pLDDT=86.4 pTM=0.635 tol=0.299
2026-07-15 18:45:38,310 alphafold2_ptm_model_3_seed_042 took 1.0s (3 recycles)
2026-07-15 18:45:38,578 alphafold2_ptm_model_4_seed_042 recycle=0 pLDDT=79.9 pTM=0.589
2026-07-15 18:45:38,824 alphafold2_ptm_model_4_seed_042 recycle=1 pLDDT=84.6 pTM=0.627 tol=0.939
2026-07-15 18:45:39,070 alphafold2_ptm_model_4_seed_042 recycle=2 pLDDT=86.1 pTM=0.645 tol=0.708
2026-07-15 18:45:39,318 alphafold2_ptm_model_4_seed_042 recycle=3 pLDDT=87.3 pTM=0.678 tol=0.17
2026-07-15 18:45:39,318 alphafold2_ptm_model_4_seed_042 took 1.0s (3 recycles)
2026-07-15 18:45:39,587 alphafold2_ptm_model_5_seed_042 recycle=0 pLDDT=84 pTM=0.636
2026-07-15 18:45:39,833 alphafold2_ptm_model_5_seed_042 recycle=1 pLDDT=84.7 pTM=0.636 tol=0.482
2026-07-15 18:45:40,086 alphafold2_ptm_model_5_seed_042 recycle=2 pLDDT=86 pTM=0.651 tol=0.162
2026-07-15 18:45:40,333 alphafold2_ptm_model_5_seed_042 recycle=3 pLDDT=86.6 pTM=0.655 tol=0.103
2026-07-15 18:45:40,333 alphafold2_ptm_model_5_seed_042 took 1.0s (3 recycles)
2026-07-15 18:45:40,355 reranking models by 'plddt' metric
2026-07-15 18:45:40,355 rank_001_alphafold2_ptm_model_1_seed_042 pLDDT=89.2 pTM=0.705
2026-07-15 18:45:40,357 rank_002_alphafold2_ptm_model_2_seed_042 pLDDT=87.4 pTM=0.661
2026-07-15 18:45:40,358 rank_003_alphafold2_ptm_model_4_seed_042 pLDDT=87.3 pTM=0.678
2026-07-15 18:45:40,359 rank_004_alphafold2_ptm_model_5_seed_042 pLDDT=86.6 pTM=0.655
2026-07-15 18:45:40,361 rank_005_alphafold2_ptm_model_3_seed_042 pLDDT=86.4 pTM=0.635
2026-07-15 18:45:42,362 Query 63/80: 5KPE_8_2_6_0_id7 (length 108)
2026-07-15 18:45:43,948 alphafold2_ptm_model_1_seed_042 recycle=0 pLDDT=70.2 pTM=0.497
2026-07-15 18:45:44,192 alphafold2_ptm_model_1_seed_042 recycle=1 pLDDT=77.9 pTM=0.582 tol=0.761
2026-07-15 18:45:44,442 alphafold2_ptm_model_1_seed_042 recycle=2 pLDDT=80.1 pTM=0.608 tol=0.222
2026-07-15 18:45:44,687 alphafold2_ptm_model_1_seed_042 recycle=3 pLDDT=81.3 pTM=0.621 tol=0.108
2026-07-15 18:45:44,688 alphafold2_ptm_model_1_seed_042 took 1.0s (3 recycles)
2026-07-15 18:45:44,955 alphafold2_ptm_model_2_seed_042 recycle=0 pLDDT=72.9 pTM=0.512
2026-07-15 18:45:45,201 alphafold2_ptm_model_2_seed_042 recycle=1 pLDDT=76.2 pTM=0.553 tol=1.08
2026-07-15 18:45:45,451 alphafold2_ptm_model_2_seed_042 recycle=2 pLDDT=72.1 pTM=0.516 tol=1.36
2026-07-15 18:45:45,696 alphafold2_ptm_model_2_seed_042 recycle=3 pLDDT=73.4 pTM=0.522 tol=1.35
2026-07-15 18:45:45,696 alphafold2_ptm_model_2_seed_042 took 1.0s (3 recycles)
2026-07-15 18:45:45,977 alphafold2_ptm_model_3_seed_042 recycle=0 pLDDT=75.4 pTM=0.561
2026-07-15 18:45:46,222 alphafold2_ptm_model_3_seed_042 recycle=1 pLDDT=78 pTM=0.565 tol=0.454
2026-07-15 18:45:46,470 alphafold2_ptm_model_3_seed_042 recycle=2 pLDDT=77.9 pTM=0.564 tol=0.252
2026-07-15 18:45:46,715 alphafold2_ptm_model_3_seed_042 recycle=3 pLDDT=77.7 pTM=0.556 tol=0.162
2026-07-15 18:45:46,715 alphafold2_ptm_model_3_seed_042 took 1.0s (3 recycles)
2026-07-15 18:45:47,023 alphafold2_ptm_model_4_seed_042 recycle=0 pLDDT=74 pTM=0.537
2026-07-15 18:45:47,268 alphafold2_ptm_model_4_seed_042 recycle=1 pLDDT=79.4 pTM=0.595 tol=0.563
2026-07-15 18:45:47,519 alphafold2_ptm_model_4_seed_042 recycle=2 pLDDT=80 pTM=0.598 tol=0.199
2026-07-15 18:45:47,764 alphafold2_ptm_model_4_seed_042 recycle=3 pLDDT=80.1 pTM=0.599 tol=0.0944
2026-07-15 18:45:47,764 alphafold2_ptm_model_4_seed_042 took 1.0s (3 recycles)
2026-07-15 18:45:48,047 alphafold2_ptm_model_5_seed_042 recycle=0 pLDDT=68.1 pTM=0.521
2026-07-15 18:45:48,292 alphafold2_ptm_model_5_seed_042 recycle=1 pLDDT=71.6 pTM=0.548 tol=1.17
2026-07-15 18:45:48,543 alphafold2_ptm_model_5_seed_042 recycle=2 pLDDT=72.2 pTM=0.552 tol=1.64
2026-07-15 18:45:48,788 alphafold2_ptm_model_5_seed_042 recycle=3 pLDDT=74 pTM=0.568 tol=0.67
2026-07-15 18:45:48,789 alphafold2_ptm_model_5_seed_042 took 1.0s (3 recycles)
2026-07-15 18:45:48,812 reranking models by 'plddt' metric
2026-07-15 18:45:48,812 rank_001_alphafold2_ptm_model_1_seed_042 pLDDT=81.3 pTM=0.621
2026-07-15 18:45:48,814 rank_002_alphafold2_ptm_model_4_seed_042 pLDDT=80.1 pTM=0.599
2026-07-15 18:45:48,815 rank_003_alphafold2_ptm_model_3_seed_042 pLDDT=77.7 pTM=0.556
2026-07-15 18:45:48,817 rank_004_alphafold2_ptm_model_5_seed_042 pLDDT=74 pTM=0.568
2026-07-15 18:45:48,819 rank_005_alphafold2_ptm_model_2_seed_042 pLDDT=73.4 pTM=0.522
2026-07-15 18:45:50,774 Query 64/80: 5KPE_8_2_6_0_id8 (length 108)
2026-07-15 18:45:52,392 alphafold2_ptm_model_1_seed_042 recycle=0 pLDDT=59.9 pTM=0.416
2026-07-15 18:45:52,637 alphafold2_ptm_model_1_seed_042 recycle=1 pLDDT=59 pTM=0.43 tol=4.79
2026-07-15 18:45:52,887 alphafold2_ptm_model_1_seed_042 recycle=2 pLDDT=62.5 pTM=0.448 tol=4.78
2026-07-15 18:45:53,132 alphafold2_ptm_model_1_seed_042 recycle=3 pLDDT=63.8 pTM=0.479 tol=1.25
2026-07-15 18:45:53,132 alphafold2_ptm_model_1_seed_042 took 1.0s (3 recycles)
2026-07-15 18:45:53,420 alphafold2_ptm_model_2_seed_042 recycle=0 pLDDT=58.2 pTM=0.419
2026-07-15 18:45:53,666 alphafold2_ptm_model_2_seed_042 recycle=1 pLDDT=60.2 pTM=0.435 tol=1.89
2026-07-15 18:45:53,917 alphafold2_ptm_model_2_seed_042 recycle=2 pLDDT=62.3 pTM=0.469 tol=1.75
2026-07-15 18:45:54,163 alphafold2_ptm_model_2_seed_042 recycle=3 pLDDT=69.1 pTM=0.533 tol=5.55
2026-07-15 18:45:54,164 alphafold2_ptm_model_2_seed_042 took 1.0s (3 recycles)
2026-07-15 18:45:54,444 alphafold2_ptm_model_3_seed_042 recycle=0 pLDDT=59.3 pTM=0.428
2026-07-15 18:45:54,690 alphafold2_ptm_model_3_seed_042 recycle=1 pLDDT=68.6 pTM=0.558 tol=3.6
2026-07-15 18:45:54,943 alphafold2_ptm_model_3_seed_042 recycle=2 pLDDT=72.9 pTM=0.582 tol=0.887
2026-07-15 18:45:55,189 alphafold2_ptm_model_3_seed_042 recycle=3 pLDDT=72.8 pTM=0.593 tol=0.457
2026-07-15 18:45:55,190 alphafold2_ptm_model_3_seed_042 took 1.0s (3 recycles)
2026-07-15 18:45:55,497 alphafold2_ptm_model_4_seed_042 recycle=0 pLDDT=62.8 pTM=0.451
2026-07-15 18:45:55,742 alphafold2_ptm_model_4_seed_042 recycle=1 pLDDT=66.8 pTM=0.538 tol=2.88
2026-07-15 18:45:55,994 alphafold2_ptm_model_4_seed_042 recycle=2 pLDDT=71.3 pTM=0.557 tol=1.49
2026-07-15 18:45:56,239 alphafold2_ptm_model_4_seed_042 recycle=3 pLDDT=71.7 pTM=0.551 tol=0.751
2026-07-15 18:45:56,239 alphafold2_ptm_model_4_seed_042 took 1.0s (3 recycles)
2026-07-15 18:45:56,506 alphafold2_ptm_model_5_seed_042 recycle=0 pLDDT=52.8 pTM=0.331
2026-07-15 18:45:56,752 alphafold2_ptm_model_5_seed_042 recycle=1 pLDDT=64.2 pTM=0.46 tol=8.34
2026-07-15 18:45:57,002 alphafold2_ptm_model_5_seed_042 recycle=2 pLDDT=66.6 pTM=0.484 tol=4.47
2026-07-15 18:45:57,248 alphafold2_ptm_model_5_seed_042 recycle=3 pLDDT=68.6 pTM=0.489 tol=1.67
2026-07-15 18:45:57,248 alphafold2_ptm_model_5_seed_042 took 1.0s (3 recycles)
2026-07-15 18:45:57,270 reranking models by 'plddt' metric
2026-07-15 18:45:57,271 rank_001_alphafold2_ptm_model_3_seed_042 pLDDT=72.8 pTM=0.593
2026-07-15 18:45:57,272 rank_002_alphafold2_ptm_model_4_seed_042 pLDDT=71.7 pTM=0.551
2026-07-15 18:45:57,273 rank_003_alphafold2_ptm_model_2_seed_042 pLDDT=69.1 pTM=0.533
2026-07-15 18:45:57,275 rank_004_alphafold2_ptm_model_5_seed_042 pLDDT=68.6 pTM=0.489
2026-07-15 18:45:57,276 rank_005_alphafold2_ptm_model_1_seed_042 pLDDT=63.8 pTM=0.479
2026-07-15 18:45:59,536 Query 65/80: 5KPE_6_6_6_0_id1 (length 108)
2026-07-15 18:46:01,160 alphafold2_ptm_model_1_seed_042 recycle=0 pLDDT=79.4 pTM=0.509
2026-07-15 18:46:01,411 alphafold2_ptm_model_1_seed_042 recycle=1 pLDDT=81.7 pTM=0.555 tol=1.08
2026-07-15 18:46:01,662 alphafold2_ptm_model_1_seed_042 recycle=2 pLDDT=82.5 pTM=0.561 tol=0.27
2026-07-15 18:46:01,914 alphafold2_ptm_model_1_seed_042 recycle=3 pLDDT=82.8 pTM=0.567 tol=0.174
2026-07-15 18:46:01,914 alphafold2_ptm_model_1_seed_042 took 1.0s (3 recycles)
2026-07-15 18:46:02,218 alphafold2_ptm_model_2_seed_042 recycle=0 pLDDT=80.1 pTM=0.507
2026-07-15 18:46:02,467 alphafold2_ptm_model_2_seed_042 recycle=1 pLDDT=82.1 pTM=0.533 tol=0.792
2026-07-15 18:46:02,717 alphafold2_ptm_model_2_seed_042 recycle=2 pLDDT=81.8 pTM=0.537 tol=0.227
2026-07-15 18:46:02,969 alphafold2_ptm_model_2_seed_042 recycle=3 pLDDT=83.2 pTM=0.552 tol=0.772
2026-07-15 18:46:02,969 alphafold2_ptm_model_2_seed_042 took 1.0s (3 recycles)
2026-07-15 18:46:03,260 alphafold2_ptm_model_3_seed_042 recycle=0 pLDDT=76.9 pTM=0.471
2026-07-15 18:46:03,511 alphafold2_ptm_model_3_seed_042 recycle=1 pLDDT=79.5 pTM=0.48 tol=1.44
2026-07-15 18:46:03,762 alphafold2_ptm_model_3_seed_042 recycle=2 pLDDT=80.2 pTM=0.484 tol=0.599
2026-07-15 18:46:04,013 alphafold2_ptm_model_3_seed_042 recycle=3 pLDDT=80.6 pTM=0.492 tol=0.431
2026-07-15 18:46:04,013 alphafold2_ptm_model_3_seed_042 took 1.0s (3 recycles)
2026-07-15 18:46:04,287 alphafold2_ptm_model_4_seed_042 recycle=0 pLDDT=79.7 pTM=0.516
2026-07-15 18:46:04,539 alphafold2_ptm_model_4_seed_042 recycle=1 pLDDT=78.9 pTM=0.552 tol=1.26
2026-07-15 18:46:04,788 alphafold2_ptm_model_4_seed_042 recycle=2 pLDDT=78.8 pTM=0.555 tol=0.334
2026-07-15 18:46:05,034 alphafold2_ptm_model_4_seed_042 recycle=3 pLDDT=78.1 pTM=0.556 tol=0.089
2026-07-15 18:46:05,034 alphafold2_ptm_model_4_seed_042 took 1.0s (3 recycles)
2026-07-15 18:46:05,303 alphafold2_ptm_model_5_seed_042 recycle=0 pLDDT=63.6 pTM=0.41
2026-07-15 18:46:05,554 alphafold2_ptm_model_5_seed_042 recycle=1 pLDDT=80 pTM=0.499 tol=1.37
2026-07-15 18:46:05,805 alphafold2_ptm_model_5_seed_042 recycle=2 pLDDT=81.6 pTM=0.507 tol=0.241
2026-07-15 18:46:06,056 alphafold2_ptm_model_5_seed_042 recycle=3 pLDDT=82.4 pTM=0.52 tol=0.108
2026-07-15 18:46:06,057 alphafold2_ptm_model_5_seed_042 took 1.0s (3 recycles)
2026-07-15 18:46:06,080 reranking models by 'plddt' metric
2026-07-15 18:46:06,080 rank_001_alphafold2_ptm_model_2_seed_042 pLDDT=83.2 pTM=0.552
2026-07-15 18:46:06,081 rank_002_alphafold2_ptm_model_1_seed_042 pLDDT=82.8 pTM=0.567
2026-07-15 18:46:06,083 rank_003_alphafold2_ptm_model_5_seed_042 pLDDT=82.4 pTM=0.52
2026-07-15 18:46:06,084 rank_004_alphafold2_ptm_model_3_seed_042 pLDDT=80.6 pTM=0.492
2026-07-15 18:46:06,085 rank_005_alphafold2_ptm_model_4_seed_042 pLDDT=78.1 pTM=0.556
2026-07-15 18:46:08,124 Query 66/80: 5KPE_6_6_6_0_id2 (length 108)
2026-07-15 18:46:09,756 alphafold2_ptm_model_1_seed_042 recycle=0 pLDDT=65.4 pTM=0.445
2026-07-15 18:46:10,000 alphafold2_ptm_model_1_seed_042 recycle=1 pLDDT=68.9 pTM=0.499 tol=1.43
2026-07-15 18:46:10,244 alphafold2_ptm_model_1_seed_042 recycle=2 pLDDT=67.9 pTM=0.504 tol=0.54
2026-07-15 18:46:10,489 alphafold2_ptm_model_1_seed_042 recycle=3 pLDDT=69.7 pTM=0.509 tol=0.552
2026-07-15 18:46:10,490 alphafold2_ptm_model_1_seed_042 took 1.0s (3 recycles)
2026-07-15 18:46:10,758 alphafold2_ptm_model_2_seed_042 recycle=0 pLDDT=67.4 pTM=0.512
2026-07-15 18:46:11,004 alphafold2_ptm_model_2_seed_042 recycle=1 pLDDT=68.4 pTM=0.529 tol=0.938
2026-07-15 18:46:11,248 alphafold2_ptm_model_2_seed_042 recycle=2 pLDDT=68.2 pTM=0.526 tol=0.632
2026-07-15 18:46:11,493 alphafold2_ptm_model_2_seed_042 recycle=3 pLDDT=67.6 pTM=0.523 tol=1.21
2026-07-15 18:46:11,493 alphafold2_ptm_model_2_seed_042 took 1.0s (3 recycles)
2026-07-15 18:46:11,761 alphafold2_ptm_model_3_seed_042 recycle=0 pLDDT=70.1 pTM=0.507
2026-07-15 18:46:12,007 alphafold2_ptm_model_3_seed_042 recycle=1 pLDDT=81 pTM=0.602 tol=1
2026-07-15 18:46:12,253 alphafold2_ptm_model_3_seed_042 recycle=2 pLDDT=81.1 pTM=0.612 tol=0.207
2026-07-15 18:46:12,499 alphafold2_ptm_model_3_seed_042 recycle=3 pLDDT=81.9 pTM=0.622 tol=0.224
2026-07-15 18:46:12,499 alphafold2_ptm_model_3_seed_042 took 1.0s (3 recycles)
2026-07-15 18:46:12,767 alphafold2_ptm_model_4_seed_042 recycle=0 pLDDT=73.9 pTM=0.569
2026-07-15 18:46:13,013 alphafold2_ptm_model_4_seed_042 recycle=1 pLDDT=76.4 pTM=0.613 tol=0.987
2026-07-15 18:46:13,258 alphafold2_ptm_model_4_seed_042 recycle=2 pLDDT=76.7 pTM=0.614 tol=0.254
2026-07-15 18:46:13,504 alphafold2_ptm_model_4_seed_042 recycle=3 pLDDT=76.8 pTM=0.613 tol=0.544
2026-07-15 18:46:13,504 alphafold2_ptm_model_4_seed_042 took 1.0s (3 recycles)
2026-07-15 18:46:13,791 alphafold2_ptm_model_5_seed_042 recycle=0 pLDDT=69.8 pTM=0.536
2026-07-15 18:46:14,036 alphafold2_ptm_model_5_seed_042 recycle=1 pLDDT=70 pTM=0.553 tol=0.51
2026-07-15 18:46:14,281 alphafold2_ptm_model_5_seed_042 recycle=2 pLDDT=71.4 pTM=0.569 tol=1.62
2026-07-15 18:46:14,526 alphafold2_ptm_model_5_seed_042 recycle=3 pLDDT=75.2 pTM=0.596 tol=1.25
2026-07-15 18:46:14,527 alphafold2_ptm_model_5_seed_042 took 1.0s (3 recycles)
2026-07-15 18:46:14,589 reranking models by 'plddt' metric
2026-07-15 18:46:14,589 rank_001_alphafold2_ptm_model_3_seed_042 pLDDT=81.9 pTM=0.622
2026-07-15 18:46:14,590 rank_002_alphafold2_ptm_model_4_seed_042 pLDDT=76.8 pTM=0.613
2026-07-15 18:46:14,592 rank_003_alphafold2_ptm_model_5_seed_042 pLDDT=75.2 pTM=0.596
2026-07-15 18:46:14,593 rank_004_alphafold2_ptm_model_1_seed_042 pLDDT=69.7 pTM=0.509
2026-07-15 18:46:14,594 rank_005_alphafold2_ptm_model_2_seed_042 pLDDT=67.6 pTM=0.523
2026-07-15 18:46:16,535 Query 67/80: 5KPE_6_6_6_0_id3 (length 108)
2026-07-15 18:46:18,153 alphafold2_ptm_model_1_seed_042 recycle=0 pLDDT=68.5 pTM=0.463
2026-07-15 18:46:18,398 alphafold2_ptm_model_1_seed_042 recycle=1 pLDDT=70.2 pTM=0.486 tol=0.423
2026-07-15 18:46:18,642 alphafold2_ptm_model_1_seed_042 recycle=2 pLDDT=73.1 pTM=0.521 tol=1.42
2026-07-15 18:46:18,887 alphafold2_ptm_model_1_seed_042 recycle=3 pLDDT=74.1 pTM=0.53 tol=0.64
2026-07-15 18:46:18,887 alphafold2_ptm_model_1_seed_042 took 1.0s (3 recycles)
2026-07-15 18:46:19,178 alphafold2_ptm_model_2_seed_042 recycle=0 pLDDT=60.5 pTM=0.441
2026-07-15 18:46:19,423 alphafold2_ptm_model_2_seed_042 recycle=1 pLDDT=69.3 pTM=0.481 tol=1.35
2026-07-15 18:46:19,668 alphafold2_ptm_model_2_seed_042 recycle=2 pLDDT=72.6 pTM=0.513 tol=0.475
2026-07-15 18:46:19,913 alphafold2_ptm_model_2_seed_042 recycle=3 pLDDT=72.9 pTM=0.512 tol=0.0867
2026-07-15 18:46:19,913 alphafold2_ptm_model_2_seed_042 took 1.0s (3 recycles)
2026-07-15 18:46:20,211 alphafold2_ptm_model_3_seed_042 recycle=0 pLDDT=66.7 pTM=0.431
2026-07-15 18:46:20,456 alphafold2_ptm_model_3_seed_042 recycle=1 pLDDT=69.5 pTM=0.46 tol=0.958
2026-07-15 18:46:20,700 alphafold2_ptm_model_3_seed_042 recycle=2 pLDDT=70.1 pTM=0.467 tol=0.321
2026-07-15 18:46:20,945 alphafold2_ptm_model_3_seed_042 recycle=3 pLDDT=69.4 pTM=0.461 tol=0.256
2026-07-15 18:46:20,946 alphafold2_ptm_model_3_seed_042 took 1.0s (3 recycles)
2026-07-15 18:46:21,225 alphafold2_ptm_model_4_seed_042 recycle=0 pLDDT=64.7 pTM=0.457
2026-07-15 18:46:21,470 alphafold2_ptm_model_4_seed_042 recycle=1 pLDDT=72.8 pTM=0.521 tol=0.652
2026-07-15 18:46:21,715 alphafold2_ptm_model_4_seed_042 recycle=2 pLDDT=74.8 pTM=0.542 tol=0.379
2026-07-15 18:46:21,961 alphafold2_ptm_model_4_seed_042 recycle=3 pLDDT=75.6 pTM=0.551 tol=0.216
2026-07-15 18:46:21,961 alphafold2_ptm_model_4_seed_042 took 1.0s (3 recycles)
2026-07-15 18:46:22,239 alphafold2_ptm_model_5_seed_042 recycle=0 pLDDT=69.6 pTM=0.504
2026-07-15 18:46:22,484 alphafold2_ptm_model_5_seed_042 recycle=1 pLDDT=75.2 pTM=0.546 tol=1.02
2026-07-15 18:46:22,729 alphafold2_ptm_model_5_seed_042 recycle=2 pLDDT=76.4 pTM=0.561 tol=0.445
2026-07-15 18:46:22,974 alphafold2_ptm_model_5_seed_042 recycle=3 pLDDT=77.4 pTM=0.57 tol=0.183
2026-07-15 18:46:22,975 alphafold2_ptm_model_5_seed_042 took 1.0s (3 recycles)
2026-07-15 18:46:23,012 reranking models by 'plddt' metric
2026-07-15 18:46:23,012 rank_001_alphafold2_ptm_model_5_seed_042 pLDDT=77.4 pTM=0.57
2026-07-15 18:46:23,013 rank_002_alphafold2_ptm_model_4_seed_042 pLDDT=75.6 pTM=0.551
2026-07-15 18:46:23,015 rank_003_alphafold2_ptm_model_1_seed_042 pLDDT=74.1 pTM=0.53
2026-07-15 18:46:23,017 rank_004_alphafold2_ptm_model_2_seed_042 pLDDT=72.9 pTM=0.512
2026-07-15 18:46:23,018 rank_005_alphafold2_ptm_model_3_seed_042 pLDDT=69.4 pTM=0.461
2026-07-15 18:46:25,256 Query 68/80: 5KPE_6_6_6_0_id4 (length 108)
2026-07-15 18:46:26,850 alphafold2_ptm_model_1_seed_042 recycle=0 pLDDT=67.1 pTM=0.501
2026-07-15 18:46:27,102 alphafold2_ptm_model_1_seed_042 recycle=1 pLDDT=74.9 pTM=0.534 tol=13.1
2026-07-15 18:46:27,348 alphafold2_ptm_model_1_seed_042 recycle=2 pLDDT=75.7 pTM=0.539 tol=1.6
2026-07-15 18:46:27,594 alphafold2_ptm_model_1_seed_042 recycle=3 pLDDT=76.1 pTM=0.545 tol=1.23
2026-07-15 18:46:27,594 alphafold2_ptm_model_1_seed_042 took 1.0s (3 recycles)
2026-07-15 18:46:27,891 alphafold2_ptm_model_2_seed_042 recycle=0 pLDDT=83.2 pTM=0.555
2026-07-15 18:46:28,138 alphafold2_ptm_model_2_seed_042 recycle=1 pLDDT=84.5 pTM=0.563 tol=1.01
2026-07-15 18:46:28,390 alphafold2_ptm_model_2_seed_042 recycle=2 pLDDT=84.5 pTM=0.562 tol=0.353
2026-07-15 18:46:28,642 alphafold2_ptm_model_2_seed_042 recycle=3 pLDDT=84.8 pTM=0.566 tol=0.309
2026-07-15 18:46:28,643 alphafold2_ptm_model_2_seed_042 took 1.0s (3 recycles)
2026-07-15 18:46:28,913 alphafold2_ptm_model_3_seed_042 recycle=0 pLDDT=70.6 pTM=0.49
2026-07-15 18:46:29,166 alphafold2_ptm_model_3_seed_042 recycle=1 pLDDT=68.8 pTM=0.514 tol=5.07
2026-07-15 18:46:29,417 alphafold2_ptm_model_3_seed_042 recycle=2 pLDDT=69.8 pTM=0.524 tol=0.746
2026-07-15 18:46:29,664 alphafold2_ptm_model_3_seed_042 recycle=3 pLDDT=69.1 pTM=0.534 tol=5.46
2026-07-15 18:46:29,664 alphafold2_ptm_model_3_seed_042 took 1.0s (3 recycles)
2026-07-15 18:46:29,937 alphafold2_ptm_model_4_seed_042 recycle=0 pLDDT=73.4 pTM=0.5
2026-07-15 18:46:30,183 alphafold2_ptm_model_4_seed_042 recycle=1 pLDDT=80.9 pTM=0.557 tol=1.32
2026-07-15 18:46:30,429 alphafold2_ptm_model_4_seed_042 recycle=2 pLDDT=81.6 pTM=0.567 tol=0.144
2026-07-15 18:46:30,683 alphafold2_ptm_model_4_seed_042 recycle=3 pLDDT=82.2 pTM=0.574 tol=0.16
2026-07-15 18:46:30,683 alphafold2_ptm_model_4_seed_042 took 1.0s (3 recycles)
2026-07-15 18:46:30,972 alphafold2_ptm_model_5_seed_042 recycle=0 pLDDT=81.2 pTM=0.521
2026-07-15 18:46:31,224 alphafold2_ptm_model_5_seed_042 recycle=1 pLDDT=85.8 pTM=0.59 tol=0.707
2026-07-15 18:46:31,471 alphafold2_ptm_model_5_seed_042 recycle=2 pLDDT=85.9 pTM=0.583 tol=0.243
2026-07-15 18:46:31,723 alphafold2_ptm_model_5_seed_042 recycle=3 pLDDT=86.1 pTM=0.581 tol=0.21
2026-07-15 18:46:31,724 alphafold2_ptm_model_5_seed_042 took 1.0s (3 recycles)
2026-07-15 18:46:31,746 reranking models by 'plddt' metric
2026-07-15 18:46:31,746 rank_001_alphafold2_ptm_model_5_seed_042 pLDDT=86.1 pTM=0.581
2026-07-15 18:46:31,748 rank_002_alphafold2_ptm_model_2_seed_042 pLDDT=84.8 pTM=0.566
2026-07-15 18:46:31,749 rank_003_alphafold2_ptm_model_4_seed_042 pLDDT=82.2 pTM=0.574
2026-07-15 18:46:31,750 rank_004_alphafold2_ptm_model_1_seed_042 pLDDT=76.1 pTM=0.545
2026-07-15 18:46:31,752 rank_005_alphafold2_ptm_model_3_seed_042 pLDDT=69.1 pTM=0.534
2026-07-15 18:46:33,682 Query 69/80: 5KPE_6_6_6_0_id5 (length 108)
2026-07-15 18:46:35,279 alphafold2_ptm_model_1_seed_042 recycle=0 pLDDT=68 pTM=0.479
2026-07-15 18:46:35,529 alphafold2_ptm_model_1_seed_042 recycle=1 pLDDT=67.4 pTM=0.482 tol=1.1
2026-07-15 18:46:35,773 alphafold2_ptm_model_1_seed_042 recycle=2 pLDDT=67.1 pTM=0.501 tol=1.1
2026-07-15 18:46:36,023 alphafold2_ptm_model_1_seed_042 recycle=3 pLDDT=66.5 pTM=0.497 tol=0.36
2026-07-15 18:46:36,024 alphafold2_ptm_model_1_seed_042 took 1.0s (3 recycles)
2026-07-15 18:46:36,292 alphafold2_ptm_model_2_seed_042 recycle=0 pLDDT=70.3 pTM=0.503
2026-07-15 18:46:36,540 alphafold2_ptm_model_2_seed_042 recycle=1 pLDDT=67.4 pTM=0.497 tol=3.47
2026-07-15 18:46:36,786 alphafold2_ptm_model_2_seed_042 recycle=2 pLDDT=69.5 pTM=0.514 tol=3.25
2026-07-15 18:46:37,038 alphafold2_ptm_model_2_seed_042 recycle=3 pLDDT=68.4 pTM=0.521 tol=0.513
2026-07-15 18:46:37,038 alphafold2_ptm_model_2_seed_042 took 1.0s (3 recycles)
2026-07-15 18:46:37,305 alphafold2_ptm_model_3_seed_042 recycle=0 pLDDT=68.5 pTM=0.494
2026-07-15 18:46:37,556 alphafold2_ptm_model_3_seed_042 recycle=1 pLDDT=67 pTM=0.461 tol=1.46
2026-07-15 18:46:37,806 alphafold2_ptm_model_3_seed_042 recycle=2 pLDDT=67.8 pTM=0.481 tol=0.755
2026-07-15 18:46:38,057 alphafold2_ptm_model_3_seed_042 recycle=3 pLDDT=69.1 pTM=0.478 tol=0.82
2026-07-15 18:46:38,057 alphafold2_ptm_model_3_seed_042 took 1.0s (3 recycles)
2026-07-15 18:46:38,324 alphafold2_ptm_model_4_seed_042 recycle=0 pLDDT=65.1 pTM=0.469
2026-07-15 18:46:38,575 alphafold2_ptm_model_4_seed_042 recycle=1 pLDDT=70.1 pTM=0.497 tol=1.62
2026-07-15 18:46:38,825 alphafold2_ptm_model_4_seed_042 recycle=2 pLDDT=66.8 pTM=0.501 tol=2.2
2026-07-15 18:46:39,076 alphafold2_ptm_model_4_seed_042 recycle=3 pLDDT=65.4 pTM=0.507 tol=1.02
2026-07-15 18:46:39,076 alphafold2_ptm_model_4_seed_042 took 1.0s (3 recycles)
2026-07-15 18:46:39,534 alphafold2_ptm_model_5_seed_042 recycle=0 pLDDT=66.1 pTM=0.436
2026-07-15 18:46:39,781 alphafold2_ptm_model_5_seed_042 recycle=1 pLDDT=69.1 pTM=0.47 tol=1.76
2026-07-15 18:46:40,031 alphafold2_ptm_model_5_seed_042 recycle=2 pLDDT=70.4 pTM=0.475 tol=3.35
2026-07-15 18:46:40,281 alphafold2_ptm_model_5_seed_042 recycle=3 pLDDT=69.6 pTM=0.476 tol=4.6
2026-07-15 18:46:40,281 alphafold2_ptm_model_5_seed_042 took 1.0s (3 recycles)
2026-07-15 18:46:40,303 reranking models by 'plddt' metric
2026-07-15 18:46:40,303 rank_001_alphafold2_ptm_model_5_seed_042 pLDDT=69.6 pTM=0.476
2026-07-15 18:46:40,304 rank_002_alphafold2_ptm_model_3_seed_042 pLDDT=69.1 pTM=0.478
2026-07-15 18:46:40,306 rank_003_alphafold2_ptm_model_2_seed_042 pLDDT=68.4 pTM=0.521
2026-07-15 18:46:40,307 rank_004_alphafold2_ptm_model_1_seed_042 pLDDT=66.5 pTM=0.497
2026-07-15 18:46:40,309 rank_005_alphafold2_ptm_model_4_seed_042 pLDDT=65.4 pTM=0.507
2026-07-15 18:46:42,272 Query 70/80: 5KPE_6_6_6_0_id6 (length 108)
2026-07-15 18:46:43,863 alphafold2_ptm_model_1_seed_042 recycle=0 pLDDT=67.1 pTM=0.433
2026-07-15 18:46:44,108 alphafold2_ptm_model_1_seed_042 recycle=1 pLDDT=73.6 pTM=0.49 tol=0.845
2026-07-15 18:46:44,353 alphafold2_ptm_model_1_seed_042 recycle=2 pLDDT=74 pTM=0.499 tol=0.312
2026-07-15 18:46:44,598 alphafold2_ptm_model_1_seed_042 recycle=3 pLDDT=74.7 pTM=0.504 tol=0.351
2026-07-15 18:46:44,599 alphafold2_ptm_model_1_seed_042 took 1.0s (3 recycles)
2026-07-15 18:46:44,869 alphafold2_ptm_model_2_seed_042 recycle=0 pLDDT=73.6 pTM=0.495
2026-07-15 18:46:45,119 alphafold2_ptm_model_2_seed_042 recycle=1 pLDDT=75.8 pTM=0.517 tol=3.22
2026-07-15 18:46:45,365 alphafold2_ptm_model_2_seed_042 recycle=2 pLDDT=77.1 pTM=0.524 tol=0.297
2026-07-15 18:46:45,610 alphafold2_ptm_model_2_seed_042 recycle=3 pLDDT=77.9 pTM=0.533 tol=0.292
2026-07-15 18:46:45,611 alphafold2_ptm_model_2_seed_042 took 1.0s (3 recycles)
2026-07-15 18:46:45,893 alphafold2_ptm_model_3_seed_042 recycle=0 pLDDT=52.6 pTM=0.366
2026-07-15 18:46:46,143 alphafold2_ptm_model_3_seed_042 recycle=1 pLDDT=51.2 pTM=0.356 tol=1.25
2026-07-15 18:46:46,387 alphafold2_ptm_model_3_seed_042 recycle=2 pLDDT=67.6 pTM=0.474 tol=2.35
2026-07-15 18:46:46,633 alphafold2_ptm_model_3_seed_042 recycle=3 pLDDT=72.1 pTM=0.507 tol=1.18
2026-07-15 18:46:46,633 alphafold2_ptm_model_3_seed_042 took 1.0s (3 recycles)
2026-07-15 18:46:46,902 alphafold2_ptm_model_4_seed_042 recycle=0 pLDDT=68.2 pTM=0.485
2026-07-15 18:46:47,147 alphafold2_ptm_model_4_seed_042 recycle=1 pLDDT=71.4 pTM=0.52 tol=1.42
2026-07-15 18:46:47,391 alphafold2_ptm_model_4_seed_042 recycle=2 pLDDT=73.3 pTM=0.532 tol=0.36
2026-07-15 18:46:47,637 alphafold2_ptm_model_4_seed_042 recycle=3 pLDDT=73.3 pTM=0.533 tol=0.181
2026-07-15 18:46:47,637 alphafold2_ptm_model_4_seed_042 took 1.0s (3 recycles)
2026-07-15 18:46:47,904 alphafold2_ptm_model_5_seed_042 recycle=0 pLDDT=51.2 pTM=0.371
2026-07-15 18:46:48,150 alphafold2_ptm_model_5_seed_042 recycle=1 pLDDT=69.4 pTM=0.52 tol=9.23
2026-07-15 18:46:48,395 alphafold2_ptm_model_5_seed_042 recycle=2 pLDDT=71.9 pTM=0.523 tol=1.21
2026-07-15 18:46:48,642 alphafold2_ptm_model_5_seed_042 recycle=3 pLDDT=73.2 pTM=0.534 tol=0.359
2026-07-15 18:46:48,642 alphafold2_ptm_model_5_seed_042 took 1.0s (3 recycles)
2026-07-15 18:46:48,664 reranking models by 'plddt' metric
2026-07-15 18:46:48,664 rank_001_alphafold2_ptm_model_2_seed_042 pLDDT=77.9 pTM=0.533
2026-07-15 18:46:48,666 rank_002_alphafold2_ptm_model_1_seed_042 pLDDT=74.7 pTM=0.504
2026-07-15 18:46:48,668 rank_003_alphafold2_ptm_model_4_seed_042 pLDDT=73.3 pTM=0.533
2026-07-15 18:46:48,669 rank_004_alphafold2_ptm_model_5_seed_042 pLDDT=73.2 pTM=0.534
2026-07-15 18:46:48,670 rank_005_alphafold2_ptm_model_3_seed_042 pLDDT=72.1 pTM=0.507
2026-07-15 18:46:50,893 Query 71/80: 5KPE_6_6_6_0_id7 (length 108)
2026-07-15 18:46:52,504 alphafold2_ptm_model_1_seed_042 recycle=0 pLDDT=51.7 pTM=0.364
2026-07-15 18:46:52,755 alphafold2_ptm_model_1_seed_042 recycle=1 pLDDT=64.6 pTM=0.406 tol=3.53
2026-07-15 18:46:53,005 alphafold2_ptm_model_1_seed_042 recycle=2 pLDDT=69.6 pTM=0.459 tol=2.95
2026-07-15 18:46:53,249 alphafold2_ptm_model_1_seed_042 recycle=3 pLDDT=71.5 pTM=0.473 tol=0.714
2026-07-15 18:46:53,249 alphafold2_ptm_model_1_seed_042 took 1.0s (3 recycles)
2026-07-15 18:46:53,517 alphafold2_ptm_model_2_seed_042 recycle=0 pLDDT=67.1 pTM=0.481
2026-07-15 18:46:53,768 alphafold2_ptm_model_2_seed_042 recycle=1 pLDDT=68.2 pTM=0.493 tol=3.64
2026-07-15 18:46:54,013 alphafold2_ptm_model_2_seed_042 recycle=2 pLDDT=71 pTM=0.493 tol=9.3
2026-07-15 18:46:54,261 alphafold2_ptm_model_2_seed_042 recycle=3 pLDDT=69 pTM=0.489 tol=2.92
2026-07-15 18:46:54,261 alphafold2_ptm_model_2_seed_042 took 1.0s (3 recycles)
2026-07-15 18:46:54,560 alphafold2_ptm_model_3_seed_042 recycle=0 pLDDT=51.2 pTM=0.338
2026-07-15 18:46:54,811 alphafold2_ptm_model_3_seed_042 recycle=1 pLDDT=48.9 pTM=0.326 tol=1.62
2026-07-15 18:46:55,059 alphafold2_ptm_model_3_seed_042 recycle=2 pLDDT=64.8 pTM=0.439 tol=3.01
2026-07-15 18:46:55,310 alphafold2_ptm_model_3_seed_042 recycle=3 pLDDT=67.3 pTM=0.449 tol=0.631
2026-07-15 18:46:55,311 alphafold2_ptm_model_3_seed_042 took 1.0s (3 recycles)
2026-07-15 18:46:55,583 alphafold2_ptm_model_4_seed_042 recycle=0 pLDDT=67.2 pTM=0.476
2026-07-15 18:46:55,834 alphafold2_ptm_model_4_seed_042 recycle=1 pLDDT=68.2 pTM=0.496 tol=0.382
2026-07-15 18:46:56,084 alphafold2_ptm_model_4_seed_042 recycle=2 pLDDT=69.1 pTM=0.494 tol=0.388
2026-07-15 18:46:56,335 alphafold2_ptm_model_4_seed_042 recycle=3 pLDDT=69.8 pTM=0.498 tol=0.302
2026-07-15 18:46:56,335 alphafold2_ptm_model_4_seed_042 took 1.0s (3 recycles)
2026-07-15 18:46:56,634 alphafold2_ptm_model_5_seed_042 recycle=0 pLDDT=50.4 pTM=0.372
2026-07-15 18:46:56,881 alphafold2_ptm_model_5_seed_042 recycle=1 pLDDT=49.5 pTM=0.372 tol=2.5
2026-07-15 18:46:57,130 alphafold2_ptm_model_5_seed_042 recycle=2 pLDDT=57.2 pTM=0.431 tol=3.13
2026-07-15 18:46:57,380 alphafold2_ptm_model_5_seed_042 recycle=3 pLDDT=62.4 pTM=0.462 tol=1.52
2026-07-15 18:46:57,380 alphafold2_ptm_model_5_seed_042 took 1.0s (3 recycles)
2026-07-15 18:46:57,402 reranking models by 'plddt' metric
2026-07-15 18:46:57,402 rank_001_alphafold2_ptm_model_1_seed_042 pLDDT=71.5 pTM=0.473
2026-07-15 18:46:57,404 rank_002_alphafold2_ptm_model_4_seed_042 pLDDT=69.8 pTM=0.498
2026-07-15 18:46:57,405 rank_003_alphafold2_ptm_model_2_seed_042 pLDDT=69 pTM=0.489
2026-07-15 18:46:57,407 rank_004_alphafold2_ptm_model_3_seed_042 pLDDT=67.3 pTM=0.449
2026-07-15 18:46:57,408 rank_005_alphafold2_ptm_model_5_seed_042 pLDDT=62.4 pTM=0.462
2026-07-15 18:46:59,403 Query 72/80: 5KPE_6_6_6_0_id8 (length 108)
2026-07-15 18:47:01,016 alphafold2_ptm_model_1_seed_042 recycle=0 pLDDT=71.1 pTM=0.5
2026-07-15 18:47:01,268 alphafold2_ptm_model_1_seed_042 recycle=1 pLDDT=86.5 pTM=0.703 tol=2.04
2026-07-15 18:47:01,522 alphafold2_ptm_model_1_seed_042 recycle=2 pLDDT=89.7 pTM=0.747 tol=0.118
2026-07-15 18:47:01,777 alphafold2_ptm_model_1_seed_042 recycle=3 pLDDT=90.1 pTM=0.755 tol=0.0464
2026-07-15 18:47:01,777 alphafold2_ptm_model_1_seed_042 took 1.0s (3 recycles)
2026-07-15 18:47:02,051 alphafold2_ptm_model_2_seed_042 recycle=0 pLDDT=72.6 pTM=0.576
2026-07-15 18:47:02,303 alphafold2_ptm_model_2_seed_042 recycle=1 pLDDT=89.7 pTM=0.767 tol=0.985
2026-07-15 18:47:02,561 alphafold2_ptm_model_2_seed_042 recycle=2 pLDDT=92.2 pTM=0.81 tol=0.117
2026-07-15 18:47:02,820 alphafold2_ptm_model_2_seed_042 recycle=3 pLDDT=92.8 pTM=0.821 tol=0.0458
2026-07-15 18:47:02,820 alphafold2_ptm_model_2_seed_042 took 1.0s (3 recycles)
2026-07-15 18:47:03,093 alphafold2_ptm_model_3_seed_042 recycle=0 pLDDT=69.6 pTM=0.48
2026-07-15 18:47:03,346 alphafold2_ptm_model_3_seed_042 recycle=1 pLDDT=81.9 pTM=0.663 tol=2.46
2026-07-15 18:47:03,593 alphafold2_ptm_model_3_seed_042 recycle=2 pLDDT=87.1 pTM=0.726 tol=0.246
2026-07-15 18:47:03,843 alphafold2_ptm_model_3_seed_042 recycle=3 pLDDT=89.1 pTM=0.759 tol=0.0951
2026-07-15 18:47:03,843 alphafold2_ptm_model_3_seed_042 took 1.0s (3 recycles)
2026-07-15 18:47:04,128 alphafold2_ptm_model_4_seed_042 recycle=0 pLDDT=71.9 pTM=0.472
2026-07-15 18:47:04,373 alphafold2_ptm_model_4_seed_042 recycle=1 pLDDT=69.6 pTM=0.53 tol=7.73
2026-07-15 18:47:04,625 alphafold2_ptm_model_4_seed_042 recycle=2 pLDDT=84.9 pTM=0.701 tol=1.33
2026-07-15 18:47:04,879 alphafold2_ptm_model_4_seed_042 recycle=3 pLDDT=87.5 pTM=0.745 tol=0.179
2026-07-15 18:47:04,879 alphafold2_ptm_model_4_seed_042 took 1.0s (3 recycles)
2026-07-15 18:47:05,172 alphafold2_ptm_model_5_seed_042 recycle=0 pLDDT=74.2 pTM=0.479
2026-07-15 18:47:05,420 alphafold2_ptm_model_5_seed_042 recycle=1 pLDDT=70 pTM=0.488 tol=5.49
2026-07-15 18:47:05,664 alphafold2_ptm_model_5_seed_042 recycle=2 pLDDT=70.9 pTM=0.486 tol=2.98
2026-07-15 18:47:05,910 alphafold2_ptm_model_5_seed_042 recycle=3 pLDDT=69.9 pTM=0.489 tol=0.868
2026-07-15 18:47:05,910 alphafold2_ptm_model_5_seed_042 took 1.0s (3 recycles)
2026-07-15 18:47:05,954 reranking models by 'plddt' metric
2026-07-15 18:47:05,954 rank_001_alphafold2_ptm_model_2_seed_042 pLDDT=92.8 pTM=0.821
2026-07-15 18:47:05,956 rank_002_alphafold2_ptm_model_1_seed_042 pLDDT=90.1 pTM=0.755
2026-07-15 18:47:05,957 rank_003_alphafold2_ptm_model_3_seed_042 pLDDT=89.1 pTM=0.759
2026-07-15 18:47:05,959 rank_004_alphafold2_ptm_model_4_seed_042 pLDDT=87.5 pTM=0.745
2026-07-15 18:47:05,960 rank_005_alphafold2_ptm_model_5_seed_042 pLDDT=69.9 pTM=0.489
2026-07-15 18:47:07,886 Query 73/80: 5KPE_8_6_8_0_id1 (length 108)
2026-07-15 18:47:09,505 alphafold2_ptm_model_1_seed_042 recycle=0 pLDDT=75.8 pTM=0.506
2026-07-15 18:47:09,751 alphafold2_ptm_model_1_seed_042 recycle=1 pLDDT=75.6 pTM=0.553 tol=9.73
2026-07-15 18:47:09,995 alphafold2_ptm_model_1_seed_042 recycle=2 pLDDT=76.2 pTM=0.572 tol=0.615
2026-07-15 18:47:10,241 alphafold2_ptm_model_1_seed_042 recycle=3 pLDDT=78.6 pTM=0.55 tol=7.97
2026-07-15 18:47:10,241 alphafold2_ptm_model_1_seed_042 took 1.0s (3 recycles)
2026-07-15 18:47:10,514 alphafold2_ptm_model_2_seed_042 recycle=0 pLDDT=69.6 pTM=0.456
2026-07-15 18:47:10,766 alphafold2_ptm_model_2_seed_042 recycle=1 pLDDT=70.4 pTM=0.495 tol=3.04
2026-07-15 18:47:11,015 alphafold2_ptm_model_2_seed_042 recycle=2 pLDDT=68.2 pTM=0.518 tol=13.2
2026-07-15 18:47:11,262 alphafold2_ptm_model_2_seed_042 recycle=3 pLDDT=68.7 pTM=0.528 tol=0.652
2026-07-15 18:47:11,262 alphafold2_ptm_model_2_seed_042 took 1.0s (3 recycles)
2026-07-15 18:47:11,530 alphafold2_ptm_model_3_seed_042 recycle=0 pLDDT=66.7 pTM=0.434
2026-07-15 18:47:11,775 alphafold2_ptm_model_3_seed_042 recycle=1 pLDDT=68.6 pTM=0.442 tol=1.19
2026-07-15 18:47:12,020 alphafold2_ptm_model_3_seed_042 recycle=2 pLDDT=69.2 pTM=0.44 tol=3.01
2026-07-15 18:47:12,265 alphafold2_ptm_model_3_seed_042 recycle=3 pLDDT=70.2 pTM=0.445 tol=1.62
2026-07-15 18:47:12,266 alphafold2_ptm_model_3_seed_042 took 1.0s (3 recycles)
2026-07-15 18:47:12,539 alphafold2_ptm_model_4_seed_042 recycle=0 pLDDT=70.7 pTM=0.478
2026-07-15 18:47:12,790 alphafold2_ptm_model_4_seed_042 recycle=1 pLDDT=73.8 pTM=0.511 tol=2.26
2026-07-15 18:47:13,040 alphafold2_ptm_model_4_seed_042 recycle=2 pLDDT=68.7 pTM=0.507 tol=6.07
2026-07-15 18:47:13,289 alphafold2_ptm_model_4_seed_042 recycle=3 pLDDT=71.2 pTM=0.543 tol=2.29
2026-07-15 18:47:13,290 alphafold2_ptm_model_4_seed_042 took 1.0s (3 recycles)
2026-07-15 18:47:13,557 alphafold2_ptm_model_5_seed_042 recycle=0 pLDDT=71.2 pTM=0.492
2026-07-15 18:47:13,806 alphafold2_ptm_model_5_seed_042 recycle=1 pLDDT=71.9 pTM=0.486 tol=0.384
2026-07-15 18:47:14,051 alphafold2_ptm_model_5_seed_042 recycle=2 pLDDT=70.6 pTM=0.463 tol=2.32
2026-07-15 18:47:14,296 alphafold2_ptm_model_5_seed_042 recycle=3 pLDDT=71.2 pTM=0.468 tol=0.834
2026-07-15 18:47:14,296 alphafold2_ptm_model_5_seed_042 took 1.0s (3 recycles)
2026-07-15 18:47:14,319 reranking models by 'plddt' metric
2026-07-15 18:47:14,319 rank_001_alphafold2_ptm_model_1_seed_042 pLDDT=78.6 pTM=0.55
2026-07-15 18:47:14,320 rank_002_alphafold2_ptm_model_4_seed_042 pLDDT=71.2 pTM=0.543
2026-07-15 18:47:14,322 rank_003_alphafold2_ptm_model_5_seed_042 pLDDT=71.2 pTM=0.468
2026-07-15 18:47:14,323 rank_004_alphafold2_ptm_model_3_seed_042 pLDDT=70.2 pTM=0.445
2026-07-15 18:47:14,324 rank_005_alphafold2_ptm_model_2_seed_042 pLDDT=68.7 pTM=0.528
2026-07-15 18:47:16,443 Query 74/80: 5KPE_8_6_8_0_id2 (length 108)
2026-07-15 18:47:18,343 alphafold2_ptm_model_1_seed_042 recycle=0 pLDDT=76.5 pTM=0.546
2026-07-15 18:47:18,594 alphafold2_ptm_model_1_seed_042 recycle=1 pLDDT=77.4 pTM=0.581 tol=0.812
2026-07-15 18:47:18,844 alphafold2_ptm_model_1_seed_042 recycle=2 pLDDT=78 pTM=0.587 tol=0.367
2026-07-15 18:47:19,089 alphafold2_ptm_model_1_seed_042 recycle=3 pLDDT=77.7 pTM=0.58 tol=0.275
2026-07-15 18:47:19,089 alphafold2_ptm_model_1_seed_042 took 1.0s (3 recycles)
2026-07-15 18:47:19,358 alphafold2_ptm_model_2_seed_042 recycle=0 pLDDT=78.9 pTM=0.592
2026-07-15 18:47:19,610 alphafold2_ptm_model_2_seed_042 recycle=1 pLDDT=78.1 pTM=0.625 tol=1.53
2026-07-15 18:47:19,859 alphafold2_ptm_model_2_seed_042 recycle=2 pLDDT=79.2 pTM=0.634 tol=0.437
2026-07-15 18:47:20,105 alphafold2_ptm_model_2_seed_042 recycle=3 pLDDT=79.2 pTM=0.63 tol=0.136
2026-07-15 18:47:20,106 alphafold2_ptm_model_2_seed_042 took 1.0s (3 recycles)
2026-07-15 18:47:20,392 alphafold2_ptm_model_3_seed_042 recycle=0 pLDDT=73.1 pTM=0.554
2026-07-15 18:47:20,644 alphafold2_ptm_model_3_seed_042 recycle=1 pLDDT=78 pTM=0.604 tol=0.678
2026-07-15 18:47:20,896 alphafold2_ptm_model_3_seed_042 recycle=2 pLDDT=78.1 pTM=0.595 tol=0.224
2026-07-15 18:47:21,146 alphafold2_ptm_model_3_seed_042 recycle=3 pLDDT=78.5 pTM=0.607 tol=0.063
2026-07-15 18:47:21,146 alphafold2_ptm_model_3_seed_042 took 1.0s (3 recycles)
2026-07-15 18:47:21,420 alphafold2_ptm_model_4_seed_042 recycle=0 pLDDT=76.1 pTM=0.55
2026-07-15 18:47:21,672 alphafold2_ptm_model_4_seed_042 recycle=1 pLDDT=79.8 pTM=0.614 tol=1.47
2026-07-15 18:47:21,923 alphafold2_ptm_model_4_seed_042 recycle=2 pLDDT=79.8 pTM=0.622 tol=0.321
2026-07-15 18:47:22,169 alphafold2_ptm_model_4_seed_042 recycle=3 pLDDT=79.6 pTM=0.622 tol=0.216
2026-07-15 18:47:22,169 alphafold2_ptm_model_4_seed_042 took 1.0s (3 recycles)
2026-07-15 18:47:22,451 alphafold2_ptm_model_5_seed_042 recycle=0 pLDDT=76.2 pTM=0.587
2026-07-15 18:47:22,697 alphafold2_ptm_model_5_seed_042 recycle=1 pLDDT=77.8 pTM=0.595 tol=0.888
2026-07-15 18:47:22,948 alphafold2_ptm_model_5_seed_042 recycle=2 pLDDT=78.4 pTM=0.608 tol=0.536
2026-07-15 18:47:23,200 alphafold2_ptm_model_5_seed_042 recycle=3 pLDDT=78.8 pTM=0.612 tol=0.164
2026-07-15 18:47:23,200 alphafold2_ptm_model_5_seed_042 took 1.0s (3 recycles)
2026-07-15 18:47:23,223 reranking models by 'plddt' metric
2026-07-15 18:47:23,223 rank_001_alphafold2_ptm_model_4_seed_042 pLDDT=79.6 pTM=0.622
2026-07-15 18:47:23,224 rank_002_alphafold2_ptm_model_2_seed_042 pLDDT=79.2 pTM=0.63
2026-07-15 18:47:23,226 rank_003_alphafold2_ptm_model_5_seed_042 pLDDT=78.8 pTM=0.612
2026-07-15 18:47:23,227 rank_004_alphafold2_ptm_model_3_seed_042 pLDDT=78.5 pTM=0.607
2026-07-15 18:47:23,229 rank_005_alphafold2_ptm_model_1_seed_042 pLDDT=77.7 pTM=0.58
2026-07-15 18:47:25,242 Query 75/80: 5KPE_8_6_8_0_id3 (length 108)
2026-07-15 18:47:26,831 alphafold2_ptm_model_1_seed_042 recycle=0 pLDDT=66.4 pTM=0.419
2026-07-15 18:47:27,079 alphafold2_ptm_model_1_seed_042 recycle=1 pLDDT=75.1 pTM=0.57 tol=7.12
2026-07-15 18:47:27,330 alphafold2_ptm_model_1_seed_042 recycle=2 pLDDT=76.9 pTM=0.603 tol=0.9
2026-07-15 18:47:27,582 alphafold2_ptm_model_1_seed_042 recycle=3 pLDDT=77.8 pTM=0.61 tol=0.338
2026-07-15 18:47:27,583 alphafold2_ptm_model_1_seed_042 took 1.0s (3 recycles)
2026-07-15 18:47:27,856 alphafold2_ptm_model_2_seed_042 recycle=0 pLDDT=70.2 pTM=0.453
2026-07-15 18:47:28,106 alphafold2_ptm_model_2_seed_042 recycle=1 pLDDT=70.4 pTM=0.553 tol=8.18
2026-07-15 18:47:28,355 alphafold2_ptm_model_2_seed_042 recycle=2 pLDDT=70.1 pTM=0.536 tol=1.99
2026-07-15 18:47:28,600 alphafold2_ptm_model_2_seed_042 recycle=3 pLDDT=72.2 pTM=0.55 tol=0.332
2026-07-15 18:47:28,600 alphafold2_ptm_model_2_seed_042 took 1.0s (3 recycles)
2026-07-15 18:47:28,869 alphafold2_ptm_model_3_seed_042 recycle=0 pLDDT=68.9 pTM=0.389
2026-07-15 18:47:29,121 alphafold2_ptm_model_3_seed_042 recycle=1 pLDDT=72.9 pTM=0.404 tol=2.51
2026-07-15 18:47:29,366 alphafold2_ptm_model_3_seed_042 recycle=2 pLDDT=78.6 pTM=0.455 tol=1.52
2026-07-15 18:47:29,611 alphafold2_ptm_model_3_seed_042 recycle=3 pLDDT=79.4 pTM=0.462 tol=0.415
2026-07-15 18:47:29,612 alphafold2_ptm_model_3_seed_042 took 1.0s (3 recycles)
2026-07-15 18:47:29,908 alphafold2_ptm_model_4_seed_042 recycle=0 pLDDT=68.9 pTM=0.444
2026-07-15 18:47:30,160 alphafold2_ptm_model_4_seed_042 recycle=1 pLDDT=80.1 pTM=0.546 tol=2.66
2026-07-15 18:47:30,411 alphafold2_ptm_model_4_seed_042 recycle=2 pLDDT=72.1 pTM=0.534 tol=6.73
2026-07-15 18:47:30,662 alphafold2_ptm_model_4_seed_042 recycle=3 pLDDT=73.6 pTM=0.579 tol=2.66
2026-07-15 18:47:30,662 alphafold2_ptm_model_4_seed_042 took 1.0s (3 recycles)
2026-07-15 18:47:30,930 alphafold2_ptm_model_5_seed_042 recycle=0 pLDDT=60.2 pTM=0.403
2026-07-15 18:47:31,182 alphafold2_ptm_model_5_seed_042 recycle=1 pLDDT=66.9 pTM=0.441 tol=2.49
2026-07-15 18:47:31,429 alphafold2_ptm_model_5_seed_042 recycle=2 pLDDT=65.9 pTM=0.408 tol=0.572
2026-07-15 18:47:31,681 alphafold2_ptm_model_5_seed_042 recycle=3 pLDDT=66.9 pTM=0.404 tol=0.527
2026-07-15 18:47:31,681 alphafold2_ptm_model_5_seed_042 took 1.0s (3 recycles)
2026-07-15 18:47:31,703 reranking models by 'plddt' metric
2026-07-15 18:47:31,703 rank_001_alphafold2_ptm_model_3_seed_042 pLDDT=79.4 pTM=0.462
2026-07-15 18:47:31,704 rank_002_alphafold2_ptm_model_1_seed_042 pLDDT=77.8 pTM=0.61
2026-07-15 18:47:31,706 rank_003_alphafold2_ptm_model_4_seed_042 pLDDT=73.6 pTM=0.579
2026-07-15 18:47:31,707 rank_004_alphafold2_ptm_model_2_seed_042 pLDDT=72.2 pTM=0.55
2026-07-15 18:47:31,709 rank_005_alphafold2_ptm_model_5_seed_042 pLDDT=66.9 pTM=0.404
2026-07-15 18:47:33,645 Query 76/80: 5KPE_8_6_8_0_id4 (length 108)
2026-07-15 18:47:35,238 alphafold2_ptm_model_1_seed_042 recycle=0 pLDDT=46.3 pTM=0.305
2026-07-15 18:47:35,482 alphafold2_ptm_model_1_seed_042 recycle=1 pLDDT=45.2 pTM=0.336 tol=4.85
2026-07-15 18:47:35,727 alphafold2_ptm_model_1_seed_042 recycle=2 pLDDT=50.8 pTM=0.383 tol=4.12
2026-07-15 18:47:35,972 alphafold2_ptm_model_1_seed_042 recycle=3 pLDDT=59.5 pTM=0.454 tol=1.87
2026-07-15 18:47:35,972 alphafold2_ptm_model_1_seed_042 took 1.0s (3 recycles)
2026-07-15 18:47:36,239 alphafold2_ptm_model_2_seed_042 recycle=0 pLDDT=50.1 pTM=0.31
2026-07-15 18:47:36,485 alphafold2_ptm_model_2_seed_042 recycle=1 pLDDT=49.2 pTM=0.326 tol=1.43
2026-07-15 18:47:36,729 alphafold2_ptm_model_2_seed_042 recycle=2 pLDDT=47.3 pTM=0.316 tol=0.999
2026-07-15 18:47:36,974 alphafold2_ptm_model_2_seed_042 recycle=3 pLDDT=45.4 pTM=0.304 tol=6.91
2026-07-15 18:47:36,975 alphafold2_ptm_model_2_seed_042 took 1.0s (3 recycles)
2026-07-15 18:47:37,243 alphafold2_ptm_model_3_seed_042 recycle=0 pLDDT=58.2 pTM=0.397
2026-07-15 18:47:37,489 alphafold2_ptm_model_3_seed_042 recycle=1 pLDDT=50.7 pTM=0.305 tol=4.6
2026-07-15 18:47:37,734 alphafold2_ptm_model_3_seed_042 recycle=2 pLDDT=48.8 pTM=0.324 tol=2.69
2026-07-15 18:47:37,979 alphafold2_ptm_model_3_seed_042 recycle=3 pLDDT=52.1 pTM=0.342 tol=4.04
2026-07-15 18:47:37,980 alphafold2_ptm_model_3_seed_042 took 1.0s (3 recycles)
2026-07-15 18:47:38,246 alphafold2_ptm_model_4_seed_042 recycle=0 pLDDT=47.5 pTM=0.274
2026-07-15 18:47:38,491 alphafold2_ptm_model_4_seed_042 recycle=1 pLDDT=48.1 pTM=0.311 tol=6.28
2026-07-15 18:47:38,735 alphafold2_ptm_model_4_seed_042 recycle=2 pLDDT=51.4 pTM=0.351 tol=6.94
2026-07-15 18:47:38,980 alphafold2_ptm_model_4_seed_042 recycle=3 pLDDT=69 pTM=0.519 tol=2.18
2026-07-15 18:47:38,980 alphafold2_ptm_model_4_seed_042 took 1.0s (3 recycles)
2026-07-15 18:47:39,261 alphafold2_ptm_model_5_seed_042 recycle=0 pLDDT=44.5 pTM=0.244
2026-07-15 18:47:39,506 alphafold2_ptm_model_5_seed_042 recycle=1 pLDDT=48.3 pTM=0.272 tol=4.16
2026-07-15 18:47:39,751 alphafold2_ptm_model_5_seed_042 recycle=2 pLDDT=49.4 pTM=0.27 tol=2.77
2026-07-15 18:47:39,996 alphafold2_ptm_model_5_seed_042 recycle=3 pLDDT=49.6 pTM=0.263 tol=1.13
2026-07-15 18:47:39,996 alphafold2_ptm_model_5_seed_042 took 1.0s (3 recycles)
2026-07-15 18:47:40,032 reranking models by 'plddt' metric
2026-07-15 18:47:40,032 rank_001_alphafold2_ptm_model_4_seed_042 pLDDT=69 pTM=0.519
2026-07-15 18:47:40,033 rank_002_alphafold2_ptm_model_1_seed_042 pLDDT=59.5 pTM=0.454
2026-07-15 18:47:40,035 rank_003_alphafold2_ptm_model_3_seed_042 pLDDT=52.1 pTM=0.342
2026-07-15 18:47:40,037 rank_004_alphafold2_ptm_model_5_seed_042 pLDDT=49.6 pTM=0.263
2026-07-15 18:47:40,039 rank_005_alphafold2_ptm_model_2_seed_042 pLDDT=45.4 pTM=0.304
2026-07-15 18:47:42,000 Query 77/80: 5KPE_8_6_8_0_id5 (length 108)
2026-07-15 18:47:43,876 alphafold2_ptm_model_1_seed_042 recycle=0 pLDDT=51.8 pTM=0.352
2026-07-15 18:47:44,128 alphafold2_ptm_model_1_seed_042 recycle=1 pLDDT=74.2 pTM=0.577 tol=3.03
2026-07-15 18:47:44,377 alphafold2_ptm_model_1_seed_042 recycle=2 pLDDT=77.8 pTM=0.602 tol=0.991
2026-07-15 18:47:44,629 alphafold2_ptm_model_1_seed_042 recycle=3 pLDDT=78.6 pTM=0.599 tol=0.257
2026-07-15 18:47:44,629 alphafold2_ptm_model_1_seed_042 took 1.0s (3 recycles)
2026-07-15 18:47:44,902 alphafold2_ptm_model_2_seed_042 recycle=0 pLDDT=51.8 pTM=0.374
2026-07-15 18:47:45,154 alphafold2_ptm_model_2_seed_042 recycle=1 pLDDT=75.6 pTM=0.605 tol=2.64
2026-07-15 18:47:45,405 alphafold2_ptm_model_2_seed_042 recycle=2 pLDDT=74.1 pTM=0.606 tol=0.413
2026-07-15 18:47:45,654 alphafold2_ptm_model_2_seed_042 recycle=3 pLDDT=76.7 pTM=0.606 tol=0.396
2026-07-15 18:47:45,654 alphafold2_ptm_model_2_seed_042 took 1.0s (3 recycles)
2026-07-15 18:47:45,922 alphafold2_ptm_model_3_seed_042 recycle=0 pLDDT=64.2 pTM=0.363
2026-07-15 18:47:46,173 alphafold2_ptm_model_3_seed_042 recycle=1 pLDDT=69.6 pTM=0.462 tol=4.79
2026-07-15 18:47:46,418 alphafold2_ptm_model_3_seed_042 recycle=2 pLDDT=70.3 pTM=0.531 tol=8.82
2026-07-15 18:47:46,669 alphafold2_ptm_model_3_seed_042 recycle=3 pLDDT=74.8 pTM=0.584 tol=0.803
2026-07-15 18:47:46,669 alphafold2_ptm_model_3_seed_042 took 1.0s (3 recycles)
2026-07-15 18:47:47,230 alphafold2_ptm_model_4_seed_042 recycle=0 pLDDT=77.6 pTM=0.482
2026-07-15 18:47:47,481 alphafold2_ptm_model_4_seed_042 recycle=1 pLDDT=71.5 pTM=0.556 tol=13.3
2026-07-15 18:47:47,726 alphafold2_ptm_model_4_seed_042 recycle=2 pLDDT=74.8 pTM=0.606 tol=1.14
2026-07-15 18:47:47,971 alphafold2_ptm_model_4_seed_042 recycle=3 pLDDT=74.1 pTM=0.596 tol=0.195
2026-07-15 18:47:47,972 alphafold2_ptm_model_4_seed_042 took 1.0s (3 recycles)
2026-07-15 18:47:48,259 alphafold2_ptm_model_5_seed_042 recycle=0 pLDDT=74.4 pTM=0.469
2026-07-15 18:47:48,507 alphafold2_ptm_model_5_seed_042 recycle=1 pLDDT=71.9 pTM=0.56 tol=14.4
2026-07-15 18:47:48,755 alphafold2_ptm_model_5_seed_042 recycle=2 pLDDT=71.2 pTM=0.565 tol=0.908
2026-07-15 18:47:49,006 alphafold2_ptm_model_5_seed_042 recycle=3 pLDDT=71.8 pTM=0.57 tol=0.356
2026-07-15 18:47:49,006 alphafold2_ptm_model_5_seed_042 took 1.0s (3 recycles)
2026-07-15 18:47:49,046 reranking models by 'plddt' metric
2026-07-15 18:47:49,046 rank_001_alphafold2_ptm_model_1_seed_042 pLDDT=78.6 pTM=0.599
2026-07-15 18:47:49,047 rank_002_alphafold2_ptm_model_2_seed_042 pLDDT=76.7 pTM=0.606
2026-07-15 18:47:49,049 rank_003_alphafold2_ptm_model_3_seed_042 pLDDT=74.8 pTM=0.584
2026-07-15 18:47:49,050 rank_004_alphafold2_ptm_model_4_seed_042 pLDDT=74.1 pTM=0.596
2026-07-15 18:47:49,052 rank_005_alphafold2_ptm_model_5_seed_042 pLDDT=71.8 pTM=0.57
2026-07-15 18:47:50,981 Query 78/80: 5KPE_8_6_8_0_id6 (length 108)
2026-07-15 18:47:52,571 alphafold2_ptm_model_1_seed_042 recycle=0 pLDDT=68.4 pTM=0.486
2026-07-15 18:47:52,816 alphafold2_ptm_model_1_seed_042 recycle=1 pLDDT=78.9 pTM=0.62 tol=0.692
2026-07-15 18:47:53,061 alphafold2_ptm_model_1_seed_042 recycle=2 pLDDT=80.9 pTM=0.651 tol=0.198
2026-07-15 18:47:53,312 alphafold2_ptm_model_1_seed_042 recycle=3 pLDDT=81.2 pTM=0.66 tol=0.102
2026-07-15 18:47:53,312 alphafold2_ptm_model_1_seed_042 took 1.0s (3 recycles)
2026-07-15 18:47:53,580 alphafold2_ptm_model_2_seed_042 recycle=0 pLDDT=65.7 pTM=0.482
2026-07-15 18:47:53,832 alphafold2_ptm_model_2_seed_042 recycle=1 pLDDT=79.8 pTM=0.654 tol=1.82
2026-07-15 18:47:54,081 alphafold2_ptm_model_2_seed_042 recycle=2 pLDDT=82.8 pTM=0.689 tol=0.219
2026-07-15 18:47:54,331 alphafold2_ptm_model_2_seed_042 recycle=3 pLDDT=83.2 pTM=0.699 tol=0.0898
2026-07-15 18:47:54,331 alphafold2_ptm_model_2_seed_042 took 1.0s (3 recycles)
2026-07-15 18:47:54,615 alphafold2_ptm_model_3_seed_042 recycle=0 pLDDT=58.9 pTM=0.415
2026-07-15 18:47:54,866 alphafold2_ptm_model_3_seed_042 recycle=1 pLDDT=78.7 pTM=0.611 tol=3.14
2026-07-15 18:47:55,118 alphafold2_ptm_model_3_seed_042 recycle=2 pLDDT=82.9 pTM=0.644 tol=0.261
2026-07-15 18:47:55,364 alphafold2_ptm_model_3_seed_042 recycle=3 pLDDT=83.1 pTM=0.638 tol=0.151
2026-07-15 18:47:55,364 alphafold2_ptm_model_3_seed_042 took 1.0s (3 recycles)
2026-07-15 18:47:55,631 alphafold2_ptm_model_4_seed_042 recycle=0 pLDDT=66.6 pTM=0.487
2026-07-15 18:47:55,882 alphafold2_ptm_model_4_seed_042 recycle=1 pLDDT=80.6 pTM=0.651 tol=1.45
2026-07-15 18:47:56,134 alphafold2_ptm_model_4_seed_042 recycle=2 pLDDT=81.8 pTM=0.665 tol=0.14
2026-07-15 18:47:56,386 alphafold2_ptm_model_4_seed_042 recycle=3 pLDDT=81.9 pTM=0.667 tol=0.094
2026-07-15 18:47:56,386 alphafold2_ptm_model_4_seed_042 took 1.0s (3 recycles)
2026-07-15 18:47:56,673 alphafold2_ptm_model_5_seed_042 recycle=0 pLDDT=64 pTM=0.499
2026-07-15 18:47:56,922 alphafold2_ptm_model_5_seed_042 recycle=1 pLDDT=79.1 pTM=0.639 tol=1.41
2026-07-15 18:47:57,173 alphafold2_ptm_model_5_seed_042 recycle=2 pLDDT=81.5 pTM=0.646 tol=0.195
2026-07-15 18:47:57,425 alphafold2_ptm_model_5_seed_042 recycle=3 pLDDT=81.9 pTM=0.646 tol=0.0803
2026-07-15 18:47:57,425 alphafold2_ptm_model_5_seed_042 took 1.0s (3 recycles)
2026-07-15 18:47:57,448 reranking models by 'plddt' metric
2026-07-15 18:47:57,448 rank_001_alphafold2_ptm_model_2_seed_042 pLDDT=83.2 pTM=0.699
2026-07-15 18:47:57,449 rank_002_alphafold2_ptm_model_3_seed_042 pLDDT=83.1 pTM=0.638
2026-07-15 18:47:57,451 rank_003_alphafold2_ptm_model_5_seed_042 pLDDT=81.9 pTM=0.646
2026-07-15 18:47:57,452 rank_004_alphafold2_ptm_model_4_seed_042 pLDDT=81.9 pTM=0.667
2026-07-15 18:47:57,454 rank_005_alphafold2_ptm_model_1_seed_042 pLDDT=81.2 pTM=0.66
2026-07-15 18:47:59,414 Query 79/80: 5KPE_8_6_8_0_id7 (length 108)
2026-07-15 18:48:01,014 alphafold2_ptm_model_1_seed_042 recycle=0 pLDDT=53.9 pTM=0.326
2026-07-15 18:48:01,260 alphafold2_ptm_model_1_seed_042 recycle=1 pLDDT=71.8 pTM=0.532 tol=6.45
2026-07-15 18:48:01,504 alphafold2_ptm_model_1_seed_042 recycle=2 pLDDT=75.5 pTM=0.563 tol=6.29
2026-07-15 18:48:01,749 alphafold2_ptm_model_1_seed_042 recycle=3 pLDDT=77.4 pTM=0.579 tol=1.02
2026-07-15 18:48:01,749 alphafold2_ptm_model_1_seed_042 took 1.0s (3 recycles)
2026-07-15 18:48:02,017 alphafold2_ptm_model_2_seed_042 recycle=0 pLDDT=52.7 pTM=0.341
2026-07-15 18:48:02,263 alphafold2_ptm_model_2_seed_042 recycle=1 pLDDT=73.7 pTM=0.566 tol=8.93
2026-07-15 18:48:02,508 alphafold2_ptm_model_2_seed_042 recycle=2 pLDDT=76.9 pTM=0.591 tol=0.673
2026-07-15 18:48:02,754 alphafold2_ptm_model_2_seed_042 recycle=3 pLDDT=77.7 pTM=0.595 tol=0.266
2026-07-15 18:48:02,754 alphafold2_ptm_model_2_seed_042 took 1.0s (3 recycles)
2026-07-15 18:48:03,055 alphafold2_ptm_model_3_seed_042 recycle=0 pLDDT=65.4 pTM=0.459
2026-07-15 18:48:03,301 alphafold2_ptm_model_3_seed_042 recycle=1 pLDDT=70.1 pTM=0.511 tol=1.92
2026-07-15 18:48:03,546 alphafold2_ptm_model_3_seed_042 recycle=2 pLDDT=68.8 pTM=0.514 tol=1.56
2026-07-15 18:48:03,792 alphafold2_ptm_model_3_seed_042 recycle=3 pLDDT=70.1 pTM=0.524 tol=1.32
2026-07-15 18:48:03,792 alphafold2_ptm_model_3_seed_042 took 1.0s (3 recycles)
2026-07-15 18:48:04,059 alphafold2_ptm_model_4_seed_042 recycle=0 pLDDT=69.4 pTM=0.47
2026-07-15 18:48:04,305 alphafold2_ptm_model_4_seed_042 recycle=1 pLDDT=77.1 pTM=0.584 tol=7.27
2026-07-15 18:48:04,550 alphafold2_ptm_model_4_seed_042 recycle=2 pLDDT=74.2 pTM=0.567 tol=0.687
2026-07-15 18:48:04,796 alphafold2_ptm_model_4_seed_042 recycle=3 pLDDT=74.5 pTM=0.571 tol=0.306
2026-07-15 18:48:04,796 alphafold2_ptm_model_4_seed_042 took 1.0s (3 recycles)
2026-07-15 18:48:05,090 alphafold2_ptm_model_5_seed_042 recycle=0 pLDDT=72 pTM=0.565
2026-07-15 18:48:05,336 alphafold2_ptm_model_5_seed_042 recycle=1 pLDDT=74.2 pTM=0.576 tol=3.88
2026-07-15 18:48:05,581 alphafold2_ptm_model_5_seed_042 recycle=2 pLDDT=74.9 pTM=0.575 tol=4.8
2026-07-15 18:48:05,827 alphafold2_ptm_model_5_seed_042 recycle=3 pLDDT=75.8 pTM=0.579 tol=0.303
2026-07-15 18:48:05,827 alphafold2_ptm_model_5_seed_042 took 1.0s (3 recycles)
2026-07-15 18:48:05,849 reranking models by 'plddt' metric
2026-07-15 18:48:05,849 rank_001_alphafold2_ptm_model_2_seed_042 pLDDT=77.7 pTM=0.595
2026-07-15 18:48:05,851 rank_002_alphafold2_ptm_model_1_seed_042 pLDDT=77.4 pTM=0.579
2026-07-15 18:48:05,853 rank_003_alphafold2_ptm_model_5_seed_042 pLDDT=75.8 pTM=0.579
2026-07-15 18:48:05,854 rank_004_alphafold2_ptm_model_4_seed_042 pLDDT=74.5 pTM=0.571
2026-07-15 18:48:05,856 rank_005_alphafold2_ptm_model_3_seed_042 pLDDT=70.1 pTM=0.524
2026-07-15 18:48:07,862 Query 80/80: 5KPE_8_6_8_0_id8 (length 108)
2026-07-15 18:48:09,743 alphafold2_ptm_model_1_seed_042 recycle=0 pLDDT=67 pTM=0.466
2026-07-15 18:48:09,991 alphafold2_ptm_model_1_seed_042 recycle=1 pLDDT=68.2 pTM=0.523 tol=0.65
2026-07-15 18:48:10,239 alphafold2_ptm_model_1_seed_042 recycle=2 pLDDT=69.6 pTM=0.533 tol=0.295
2026-07-15 18:48:10,483 alphafold2_ptm_model_1_seed_042 recycle=3 pLDDT=71.1 pTM=0.543 tol=0.412
2026-07-15 18:48:10,483 alphafold2_ptm_model_1_seed_042 took 1.0s (3 recycles)
2026-07-15 18:48:10,758 alphafold2_ptm_model_2_seed_042 recycle=0 pLDDT=71.4 pTM=0.532
2026-07-15 18:48:11,010 alphafold2_ptm_model_2_seed_042 recycle=1 pLDDT=74.1 pTM=0.571 tol=1.04
2026-07-15 18:48:11,261 alphafold2_ptm_model_2_seed_042 recycle=2 pLDDT=71.8 pTM=0.561 tol=1.03
2026-07-15 18:48:11,512 alphafold2_ptm_model_2_seed_042 recycle=3 pLDDT=73.6 pTM=0.566 tol=0.634
2026-07-15 18:48:11,513 alphafold2_ptm_model_2_seed_042 took 1.0s (3 recycles)
2026-07-15 18:48:11,802 alphafold2_ptm_model_3_seed_042 recycle=0 pLDDT=57.5 pTM=0.436
2026-07-15 18:48:12,053 alphafold2_ptm_model_3_seed_042 recycle=1 pLDDT=61.4 pTM=0.479 tol=7.04
2026-07-15 18:48:12,303 alphafold2_ptm_model_3_seed_042 recycle=2 pLDDT=65.9 pTM=0.512 tol=6.27
2026-07-15 18:48:12,554 alphafold2_ptm_model_3_seed_042 recycle=3 pLDDT=66.4 pTM=0.502 tol=0.435
2026-07-15 18:48:12,554 alphafold2_ptm_model_3_seed_042 took 1.0s (3 recycles)
2026-07-15 18:48:12,842 alphafold2_ptm_model_4_seed_042 recycle=0 pLDDT=66.4 pTM=0.511
2026-07-15 18:48:13,087 alphafold2_ptm_model_4_seed_042 recycle=1 pLDDT=69.4 pTM=0.541 tol=1.5
2026-07-15 18:48:13,331 alphafold2_ptm_model_4_seed_042 recycle=2 pLDDT=69.8 pTM=0.545 tol=1.38
2026-07-15 18:48:13,582 alphafold2_ptm_model_4_seed_042 recycle=3 pLDDT=66.4 pTM=0.538 tol=1.72
2026-07-15 18:48:13,582 alphafold2_ptm_model_4_seed_042 took 1.0s (3 recycles)
2026-07-15 18:48:13,883 alphafold2_ptm_model_5_seed_042 recycle=0 pLDDT=74.8 pTM=0.586
2026-07-15 18:48:14,134 alphafold2_ptm_model_5_seed_042 recycle=1 pLDDT=65.3 pTM=0.505 tol=0.989
2026-07-15 18:48:14,384 alphafold2_ptm_model_5_seed_042 recycle=2 pLDDT=59.4 pTM=0.489 tol=4.56
2026-07-15 18:48:14,634 alphafold2_ptm_model_5_seed_042 recycle=3 pLDDT=64.7 pTM=0.499 tol=4.75
2026-07-15 18:48:14,634 alphafold2_ptm_model_5_seed_042 took 1.0s (3 recycles)
2026-07-15 18:48:14,666 reranking models by 'plddt' metric
2026-07-15 18:48:14,666 rank_001_alphafold2_ptm_model_2_seed_042 pLDDT=73.6 pTM=0.566
2026-07-15 18:48:14,668 rank_002_alphafold2_ptm_model_1_seed_042 pLDDT=71.1 pTM=0.543
2026-07-15 18:48:14,669 rank_003_alphafold2_ptm_model_3_seed_042 pLDDT=66.4 pTM=0.502
2026-07-15 18:48:14,671 rank_004_alphafold2_ptm_model_4_seed_042 pLDDT=66.4 pTM=0.538
2026-07-15 18:48:14,672 rank_005_alphafold2_ptm_model_5_seed_042 pLDDT=64.7 pTM=0.499
2026-07-15 18:48:16,587 Done
