Start: Wed Jul 22 20:28:39 PDT 2026
qb3-id143.wynton.ucsf.edu
==============================================================
job_number:                 4262595
exec_file:                  job_scripts/4262595
submission_time:            Wed Jul 22 20:26:45 2026
owner:                      geanhu
uid:                        64854
group:                      wynton-rotation
gid:                        60001
sge_o_home:                 /wynton/home/rotation/geanhu
sge_o_log_name:             geanhu
sge_o_path:                 /wynton/home/rotation/geanhu/.conda/envs/analysis/bin:/wynton/home/cbi/shared/software/CBI/miniforge3-26.3.2-2/condabin:/wynton/home/cbi/shared/software/CBI/miniforge3-26.3.2-2/bin:/wynton/home/rotation/geanhu/.local/bin:/wynton/home/rotation/geanhu/bin:/opt/sge/bin:/opt/sge/bin/lx-amd64:/usr/local/bin:/usr/bin:/usr/local/sbin:/usr/sbin:/wynton/home/ferrin/goddard/localcolabfold/localcolabfold/colabfold-conda/bin:/wynton/home/kortemme/xingjiepan/Softwares/Rosetta/Rosetta/main/source/bin
sge_o_shell:                /bin/bash
sge_o_workdir:              /wynton/home/rotation/geanhu/multi-state/scripts
sge_o_host:                 dev2
account:                    sge
cwd:                        /wynton/home/rotation/geanhu/multi-state/scripts
merge:                      y
hard resource_list:         h_rt=259200,mem_free=64G,scratch=16G,hostname=!qb3-idgpu18
mail_list:                  geanhu@dev2.wynton.ucsf.edu
notify:                     FALSE
job_name:                   fold
stdout_path_list:           NONE:NONE:logs/colabfold/$JOB_ID.log
jobshare:                   0
hard_queue_list:            !*gpu.q
shell_list:                 NONE:/bin/bash
env_list:                   TERM=NONE
script_file:                colabfold.sh
project:                    wynton-rotation
binding:                    NONE
job_type:                   NONE
usage         1:            cpu=00:00:00, mem=0.00000 GB s, io=0.00000 GB, vmem=N/A, maxvmem=N/A
binding       1:            NONE
scheduling info:            (Collecting of scheduler job information is turned off)
------Start of script-------
#!/bin/bash
#$ -S /bin/bash
##$ -q gpu.q
##$ -pe smp 1
##$ -l compute_cap=80,gpu_mem=40G
#$ -cwd
#$ -N fold
#$ -o logs/colabfold/$JOB_ID.log
#$ -j y
#$ -l h_rt=72:00:00
#$ -l mem_free=64G
#$ -l scratch=16G
#$ -l h=!qb3-idgpu18

# metadata
echo "Start: $(date)"
echo "$(hostname)"
[[ -n "$JOB_ID" ]] && qstat -j "$JOB_ID"
echo "------Start of script-------"
cat "$0"
echo ""
echo "-------End of script---------"

#export CUDA_VISIBLE_DEVICES=$SGE_GPU

# run
exec colabfold_batch \
    --num-recycle 3 \
    --msa-mode single_sequence \
    --random-seed 42 \
    --num-seeds 3 \
    $HOME/multi-state/data/mpnn-output/5KPE-5KPH_multi-state2/temp1/seqs/filtered-seqs.csv \
    $HOME/multi-state/data/colabfold-output/5KPE-5KPH_multi-state2/temp1/

# end
echo "End: $(date)"
echo "-----------"
-------End of script---------
2026-07-22 20:28:55,723 Running colabfold 1.5.5 (a00ce1bcc477491d7693e3816d21ea3fc2cf40fd)
2026-07-22 20:28:55,883 WARNING: no GPU detected, will be using CPU
2026-07-22 20:28:57,330 Found 2 citations for tools or databases
2026-07-22 20:28:57,331 Query 1/723: 5KPH_8_8_5_0_combined_id3 (length 72)
2026-07-22 20:29:12,267 Padding length to 82
2026-07-22 20:30:02,943 alphafold2_ptm_model_1_seed_042 recycle=0 pLDDT=83.6 pTM=0.589
2026-07-22 20:30:18,385 alphafold2_ptm_model_1_seed_042 recycle=1 pLDDT=85.5 pTM=0.621 tol=0.188
2026-07-22 20:30:33,124 alphafold2_ptm_model_1_seed_042 recycle=2 pLDDT=85.3 pTM=0.617 tol=0.17
2026-07-22 20:30:45,965 alphafold2_ptm_model_1_seed_042 recycle=3 pLDDT=85.2 pTM=0.616 tol=0.122
2026-07-22 20:30:45,966 alphafold2_ptm_model_1_seed_042 took 93.7s (3 recycles)
2026-07-22 20:30:58,679 alphafold2_ptm_model_2_seed_042 recycle=0 pLDDT=85.6 pTM=0.615
2026-07-22 20:31:13,169 alphafold2_ptm_model_2_seed_042 recycle=1 pLDDT=85.2 pTM=0.604 tol=0.218
2026-07-22 20:31:27,377 alphafold2_ptm_model_2_seed_042 recycle=2 pLDDT=84.6 pTM=0.597 tol=0.0938
2026-07-22 20:31:42,048 alphafold2_ptm_model_2_seed_042 recycle=3 pLDDT=84.4 pTM=0.593 tol=0.0554
2026-07-22 20:31:42,049 alphafold2_ptm_model_2_seed_042 took 56.0s (3 recycles)
2026-07-22 20:31:54,357 alphafold2_ptm_model_3_seed_042 recycle=0 pLDDT=81.8 pTM=0.572
2026-07-22 20:32:05,928 alphafold2_ptm_model_3_seed_042 recycle=1 pLDDT=84.4 pTM=0.591 tol=0.231
2026-07-22 20:32:17,774 alphafold2_ptm_model_3_seed_042 recycle=2 pLDDT=84.3 pTM=0.594 tol=0.124
2026-07-22 20:32:29,187 alphafold2_ptm_model_3_seed_042 recycle=3 pLDDT=84.7 pTM=0.596 tol=0.0674
2026-07-22 20:32:29,188 alphafold2_ptm_model_3_seed_042 took 47.0s (3 recycles)
2026-07-22 20:32:40,832 alphafold2_ptm_model_4_seed_042 recycle=0 pLDDT=83.6 pTM=0.59
2026-07-22 20:32:52,614 alphafold2_ptm_model_4_seed_042 recycle=1 pLDDT=83.8 pTM=0.596 tol=0.27
2026-07-22 20:33:04,797 alphafold2_ptm_model_4_seed_042 recycle=2 pLDDT=84 pTM=0.597 tol=0.0773
2026-07-22 20:33:16,884 alphafold2_ptm_model_4_seed_042 recycle=3 pLDDT=84.3 pTM=0.601 tol=0.0323
2026-07-22 20:33:16,885 alphafold2_ptm_model_4_seed_042 took 47.6s (3 recycles)
2026-07-22 20:33:29,479 alphafold2_ptm_model_5_seed_042 recycle=0 pLDDT=86.2 pTM=0.646
2026-07-22 20:33:41,506 alphafold2_ptm_model_5_seed_042 recycle=1 pLDDT=86.4 pTM=0.654 tol=0.195
2026-07-22 20:33:53,603 alphafold2_ptm_model_5_seed_042 recycle=2 pLDDT=86 pTM=0.647 tol=0.178
2026-07-22 20:34:06,266 alphafold2_ptm_model_5_seed_042 recycle=3 pLDDT=85.9 pTM=0.646 tol=0.144
2026-07-22 20:34:06,267 alphafold2_ptm_model_5_seed_042 took 49.3s (3 recycles)
2026-07-22 20:34:08,164 Padding length to 82
2026-07-22 20:34:20,770 alphafold2_ptm_model_1_seed_043 recycle=0 pLDDT=83.4 pTM=0.58
2026-07-22 20:34:32,452 alphafold2_ptm_model_1_seed_043 recycle=1 pLDDT=84.8 pTM=0.605 tol=0.342
2026-07-22 20:34:43,941 alphafold2_ptm_model_1_seed_043 recycle=2 pLDDT=84.7 pTM=0.605 tol=0.133
2026-07-22 20:34:55,662 alphafold2_ptm_model_1_seed_043 recycle=3 pLDDT=84.7 pTM=0.607 tol=0.0657
2026-07-22 20:34:55,663 alphafold2_ptm_model_1_seed_043 took 47.5s (3 recycles)
2026-07-22 20:35:07,911 alphafold2_ptm_model_2_seed_043 recycle=0 pLDDT=84.8 pTM=0.604
2026-07-22 20:35:20,037 alphafold2_ptm_model_2_seed_043 recycle=1 pLDDT=85.4 pTM=0.617 tol=0.221
2026-07-22 20:35:32,450 alphafold2_ptm_model_2_seed_043 recycle=2 pLDDT=83.9 pTM=0.591 tol=0.115
2026-07-22 20:35:44,233 alphafold2_ptm_model_2_seed_043 recycle=3 pLDDT=84.6 pTM=0.602 tol=0.0986
2026-07-22 20:35:44,234 alphafold2_ptm_model_2_seed_043 took 48.5s (3 recycles)
2026-07-22 20:35:56,279 alphafold2_ptm_model_3_seed_043 recycle=0 pLDDT=81.6 pTM=0.572
2026-07-22 20:36:07,886 alphafold2_ptm_model_3_seed_043 recycle=1 pLDDT=84.2 pTM=0.592 tol=0.22
2026-07-22 20:36:19,691 alphafold2_ptm_model_3_seed_043 recycle=2 pLDDT=83.9 pTM=0.59 tol=0.128
2026-07-22 20:36:32,074 alphafold2_ptm_model_3_seed_043 recycle=3 pLDDT=84.3 pTM=0.59 tol=0.0536
2026-07-22 20:36:32,075 alphafold2_ptm_model_3_seed_043 took 47.8s (3 recycles)
2026-07-22 20:36:45,607 alphafold2_ptm_model_4_seed_043 recycle=0 pLDDT=83.4 pTM=0.585
2026-07-22 20:36:58,172 alphafold2_ptm_model_4_seed_043 recycle=1 pLDDT=84.1 pTM=0.599 tol=0.206
2026-07-22 20:37:10,607 alphafold2_ptm_model_4_seed_043 recycle=2 pLDDT=83.9 pTM=0.598 tol=0.109
2026-07-22 20:37:22,169 alphafold2_ptm_model_4_seed_043 recycle=3 pLDDT=84.1 pTM=0.599 tol=0.0797
2026-07-22 20:37:22,170 alphafold2_ptm_model_4_seed_043 took 50.0s (3 recycles)
2026-07-22 20:37:33,853 alphafold2_ptm_model_5_seed_043 recycle=0 pLDDT=86.8 pTM=0.655
2026-07-22 20:37:46,139 alphafold2_ptm_model_5_seed_043 recycle=1 pLDDT=87 pTM=0.665 tol=0.207
2026-07-22 20:37:58,280 alphafold2_ptm_model_5_seed_043 recycle=2 pLDDT=86.5 pTM=0.652 tol=0.179
2026-07-22 20:38:10,350 alphafold2_ptm_model_5_seed_043 recycle=3 pLDDT=86.2 pTM=0.648 tol=0.119
2026-07-22 20:38:10,350 alphafold2_ptm_model_5_seed_043 took 48.1s (3 recycles)
2026-07-22 20:38:11,783 Padding length to 82
2026-07-22 20:38:24,026 alphafold2_ptm_model_1_seed_044 recycle=0 pLDDT=84 pTM=0.588
2026-07-22 20:38:35,975 alphafold2_ptm_model_1_seed_044 recycle=1 pLDDT=85.5 pTM=0.619 tol=0.271
2026-07-22 20:38:48,263 alphafold2_ptm_model_1_seed_044 recycle=2 pLDDT=85.1 pTM=0.611 tol=0.158
2026-07-22 20:39:00,236 alphafold2_ptm_model_1_seed_044 recycle=3 pLDDT=85 pTM=0.609 tol=0.141
2026-07-22 20:39:00,237 alphafold2_ptm_model_1_seed_044 took 48.5s (3 recycles)
2026-07-22 20:39:12,094 alphafold2_ptm_model_2_seed_044 recycle=0 pLDDT=84.2 pTM=0.61
2026-07-22 20:39:23,916 alphafold2_ptm_model_2_seed_044 recycle=1 pLDDT=84.2 pTM=0.598 tol=0.2
2026-07-22 20:39:36,186 alphafold2_ptm_model_2_seed_044 recycle=2 pLDDT=84.9 pTM=0.604 tol=0.104
2026-07-22 20:39:48,548 alphafold2_ptm_model_2_seed_044 recycle=3 pLDDT=84.3 pTM=0.593 tol=0.148
2026-07-22 20:39:48,550 alphafold2_ptm_model_2_seed_044 took 48.3s (3 recycles)
2026-07-22 20:40:00,607 alphafold2_ptm_model_3_seed_044 recycle=0 pLDDT=81.2 pTM=0.569
2026-07-22 20:40:12,982 alphafold2_ptm_model_3_seed_044 recycle=1 pLDDT=84.2 pTM=0.59 tol=0.259
2026-07-22 20:40:24,905 alphafold2_ptm_model_3_seed_044 recycle=2 pLDDT=83.8 pTM=0.588 tol=0.147
2026-07-22 20:40:36,843 alphafold2_ptm_model_3_seed_044 recycle=3 pLDDT=84.2 pTM=0.589 tol=0.0709
2026-07-22 20:40:36,844 alphafold2_ptm_model_3_seed_044 took 48.2s (3 recycles)
2026-07-22 20:40:48,789 alphafold2_ptm_model_4_seed_044 recycle=0 pLDDT=83.6 pTM=0.587
2026-07-22 20:41:00,918 alphafold2_ptm_model_4_seed_044 recycle=1 pLDDT=84.1 pTM=0.599 tol=0.155
2026-07-22 20:41:12,337 alphafold2_ptm_model_4_seed_044 recycle=2 pLDDT=84 pTM=0.6 tol=0.12
2026-07-22 20:41:23,901 alphafold2_ptm_model_4_seed_044 recycle=3 pLDDT=84.2 pTM=0.601 tol=0.047
2026-07-22 20:41:23,901 alphafold2_ptm_model_4_seed_044 took 47.0s (3 recycles)
2026-07-22 20:41:35,474 alphafold2_ptm_model_5_seed_044 recycle=0 pLDDT=86.7 pTM=0.651
2026-07-22 20:41:47,862 alphafold2_ptm_model_5_seed_044 recycle=1 pLDDT=86.9 pTM=0.659 tol=0.207
2026-07-22 20:41:59,467 alphafold2_ptm_model_5_seed_044 recycle=2 pLDDT=86.6 pTM=0.652 tol=0.142
2026-07-22 20:42:11,368 alphafold2_ptm_model_5_seed_044 recycle=3 pLDDT=86.4 pTM=0.651 tol=0.107
2026-07-22 20:42:11,369 alphafold2_ptm_model_5_seed_044 took 47.4s (3 recycles)
2026-07-22 20:42:11,461 reranking models by 'plddt' metric
2026-07-22 20:42:11,461 rank_001_alphafold2_ptm_model_5_seed_044 pLDDT=86.4 pTM=0.651
2026-07-22 20:42:11,463 rank_002_alphafold2_ptm_model_5_seed_043 pLDDT=86.2 pTM=0.648
2026-07-22 20:42:11,465 rank_003_alphafold2_ptm_model_5_seed_042 pLDDT=85.9 pTM=0.646
2026-07-22 20:42:11,466 rank_004_alphafold2_ptm_model_1_seed_042 pLDDT=85.2 pTM=0.616
2026-07-22 20:42:11,468 rank_005_alphafold2_ptm_model_1_seed_044 pLDDT=85 pTM=0.609
2026-07-22 20:42:11,469 rank_006_alphafold2_ptm_model_1_seed_043 pLDDT=84.7 pTM=0.607
2026-07-22 20:42:11,471 rank_007_alphafold2_ptm_model_3_seed_042 pLDDT=84.7 pTM=0.596
2026-07-22 20:42:11,473 rank_008_alphafold2_ptm_model_2_seed_043 pLDDT=84.6 pTM=0.602
2026-07-22 20:42:11,474 rank_009_alphafold2_ptm_model_2_seed_042 pLDDT=84.4 pTM=0.593
2026-07-22 20:42:11,476 rank_010_alphafold2_ptm_model_2_seed_044 pLDDT=84.3 pTM=0.593
2026-07-22 20:42:11,478 rank_011_alphafold2_ptm_model_3_seed_043 pLDDT=84.3 pTM=0.59
2026-07-22 20:42:11,480 rank_012_alphafold2_ptm_model_4_seed_042 pLDDT=84.3 pTM=0.601
2026-07-22 20:42:11,481 rank_013_alphafold2_ptm_model_4_seed_044 pLDDT=84.2 pTM=0.601
2026-07-22 20:42:11,483 rank_014_alphafold2_ptm_model_3_seed_044 pLDDT=84.2 pTM=0.589
2026-07-22 20:42:11,484 rank_015_alphafold2_ptm_model_4_seed_043 pLDDT=84.1 pTM=0.599
2026-07-22 20:42:15,263 Query 2/723: 5KPH_8_8_5_0_combined_id5 (length 72)
2026-07-22 20:42:18,240 Padding length to 82
2026-07-22 20:42:30,871 alphafold2_ptm_model_1_seed_042 recycle=0 pLDDT=89.3 pTM=0.678
2026-07-22 20:42:42,725 alphafold2_ptm_model_1_seed_042 recycle=1 pLDDT=90.6 pTM=0.708 tol=0.116
2026-07-22 20:42:54,662 alphafold2_ptm_model_1_seed_042 recycle=2 pLDDT=90.9 pTM=0.716 tol=0.0495
2026-07-22 20:43:06,701 alphafold2_ptm_model_1_seed_042 recycle=3 pLDDT=91.1 pTM=0.72 tol=0.0291
2026-07-22 20:43:06,702 alphafold2_ptm_model_1_seed_042 took 48.5s (3 recycles)
2026-07-22 20:43:19,279 alphafold2_ptm_model_2_seed_042 recycle=0 pLDDT=92 pTM=0.749
2026-07-22 20:43:31,691 alphafold2_ptm_model_2_seed_042 recycle=1 pLDDT=92 pTM=0.748 tol=0.131
2026-07-22 20:43:43,707 alphafold2_ptm_model_2_seed_042 recycle=2 pLDDT=91.8 pTM=0.744 tol=0.0452
2026-07-22 20:43:55,386 alphafold2_ptm_model_2_seed_042 recycle=3 pLDDT=91.7 pTM=0.742 tol=0.0233
2026-07-22 20:43:55,387 alphafold2_ptm_model_2_seed_042 took 48.6s (3 recycles)
2026-07-22 20:44:07,170 alphafold2_ptm_model_3_seed_042 recycle=0 pLDDT=88.8 pTM=0.666
2026-07-22 20:44:19,037 alphafold2_ptm_model_3_seed_042 recycle=1 pLDDT=89.1 pTM=0.683 tol=0.16
2026-07-22 20:44:30,870 alphafold2_ptm_model_3_seed_042 recycle=2 pLDDT=89.2 pTM=0.686 tol=0.061
2026-07-22 20:44:42,832 alphafold2_ptm_model_3_seed_042 recycle=3 pLDDT=89.4 pTM=0.691 tol=0.0346
2026-07-22 20:44:42,833 alphafold2_ptm_model_3_seed_042 took 47.4s (3 recycles)
2026-07-22 20:44:55,063 alphafold2_ptm_model_4_seed_042 recycle=0 pLDDT=90.4 pTM=0.703
2026-07-22 20:45:06,780 alphafold2_ptm_model_4_seed_042 recycle=1 pLDDT=90.4 pTM=0.708 tol=0.0888
2026-07-22 20:45:18,297 alphafold2_ptm_model_4_seed_042 recycle=2 pLDDT=90.1 pTM=0.701 tol=0.0438
2026-07-22 20:45:30,031 alphafold2_ptm_model_4_seed_042 recycle=3 pLDDT=89.9 pTM=0.7 tol=0.0269
2026-07-22 20:45:30,032 alphafold2_ptm_model_4_seed_042 took 47.1s (3 recycles)
2026-07-22 20:45:41,443 alphafold2_ptm_model_5_seed_042 recycle=0 pLDDT=90.7 pTM=0.718
2026-07-22 20:45:53,004 alphafold2_ptm_model_5_seed_042 recycle=1 pLDDT=90.4 pTM=0.712 tol=0.112
2026-07-22 20:46:04,718 alphafold2_ptm_model_5_seed_042 recycle=2 pLDDT=90.2 pTM=0.708 tol=0.0381
2026-07-22 20:46:16,865 alphafold2_ptm_model_5_seed_042 recycle=3 pLDDT=90.2 pTM=0.707 tol=0.0278
2026-07-22 20:46:16,866 alphafold2_ptm_model_5_seed_042 took 46.8s (3 recycles)
2026-07-22 20:46:18,166 Padding length to 82
2026-07-22 20:46:30,557 alphafold2_ptm_model_1_seed_043 recycle=0 pLDDT=89.2 pTM=0.675
2026-07-22 20:46:43,198 alphafold2_ptm_model_1_seed_043 recycle=1 pLDDT=90.6 pTM=0.707 tol=0.122
2026-07-22 20:46:54,809 alphafold2_ptm_model_1_seed_043 recycle=2 pLDDT=90.9 pTM=0.715 tol=0.0496
2026-07-22 20:47:06,382 alphafold2_ptm_model_1_seed_043 recycle=3 pLDDT=91 pTM=0.719 tol=0.0327
2026-07-22 20:47:06,383 alphafold2_ptm_model_1_seed_043 took 48.2s (3 recycles)
2026-07-22 20:47:18,230 alphafold2_ptm_model_2_seed_043 recycle=0 pLDDT=92 pTM=0.746
2026-07-22 20:47:29,812 alphafold2_ptm_model_2_seed_043 recycle=1 pLDDT=91.9 pTM=0.746 tol=0.129
2026-07-22 20:47:41,176 alphafold2_ptm_model_2_seed_043 recycle=2 pLDDT=91.8 pTM=0.743 tol=0.0534
2026-07-22 20:47:52,903 alphafold2_ptm_model_2_seed_043 recycle=3 pLDDT=91.8 pTM=0.742 tol=0.0173
2026-07-22 20:47:52,903 alphafold2_ptm_model_2_seed_043 took 46.5s (3 recycles)
2026-07-22 20:48:04,468 alphafold2_ptm_model_3_seed_043 recycle=0 pLDDT=89 pTM=0.669
2026-07-22 20:48:16,402 alphafold2_ptm_model_3_seed_043 recycle=1 pLDDT=89.2 pTM=0.687 tol=0.151
2026-07-22 20:48:27,988 alphafold2_ptm_model_3_seed_043 recycle=2 pLDDT=89.1 pTM=0.685 tol=0.0582
2026-07-22 20:48:40,212 alphafold2_ptm_model_3_seed_043 recycle=3 pLDDT=89.2 pTM=0.689 tol=0.0347
2026-07-22 20:48:40,213 alphafold2_ptm_model_3_seed_043 took 47.3s (3 recycles)
2026-07-22 20:48:52,537 alphafold2_ptm_model_4_seed_043 recycle=0 pLDDT=90.2 pTM=0.7
2026-07-22 20:49:04,661 alphafold2_ptm_model_4_seed_043 recycle=1 pLDDT=90.3 pTM=0.706 tol=0.0864
2026-07-22 20:49:16,487 alphafold2_ptm_model_4_seed_043 recycle=2 pLDDT=90.1 pTM=0.699 tol=0.0397
2026-07-22 20:49:29,061 alphafold2_ptm_model_4_seed_043 recycle=3 pLDDT=89.9 pTM=0.699 tol=0.0231
2026-07-22 20:49:29,062 alphafold2_ptm_model_4_seed_043 took 48.8s (3 recycles)
2026-07-22 20:49:41,577 alphafold2_ptm_model_5_seed_043 recycle=0 pLDDT=90.8 pTM=0.722
2026-07-22 20:49:53,069 alphafold2_ptm_model_5_seed_043 recycle=1 pLDDT=90.6 pTM=0.715 tol=0.102
2026-07-22 20:50:05,126 alphafold2_ptm_model_5_seed_043 recycle=2 pLDDT=90.2 pTM=0.707 tol=0.0382
2026-07-22 20:50:17,608 alphafold2_ptm_model_5_seed_043 recycle=3 pLDDT=90.1 pTM=0.706 tol=0.0261
2026-07-22 20:50:17,610 alphafold2_ptm_model_5_seed_043 took 48.5s (3 recycles)
2026-07-22 20:50:19,256 Padding length to 82
2026-07-22 20:50:31,759 alphafold2_ptm_model_1_seed_044 recycle=0 pLDDT=89.2 pTM=0.674
2026-07-22 20:50:43,450 alphafold2_ptm_model_1_seed_044 recycle=1 pLDDT=90.6 pTM=0.707 tol=0.119
2026-07-22 20:50:55,281 alphafold2_ptm_model_1_seed_044 recycle=2 pLDDT=90.9 pTM=0.714 tol=0.0502
2026-07-22 20:51:07,876 alphafold2_ptm_model_1_seed_044 recycle=3 pLDDT=91.1 pTM=0.719 tol=0.0292
2026-07-22 20:51:07,877 alphafold2_ptm_model_1_seed_044 took 48.6s (3 recycles)
2026-07-22 20:51:20,492 alphafold2_ptm_model_2_seed_044 recycle=0 pLDDT=92 pTM=0.749
2026-07-22 20:51:32,434 alphafold2_ptm_model_2_seed_044 recycle=1 pLDDT=91.8 pTM=0.744 tol=0.137
2026-07-22 20:51:44,759 alphafold2_ptm_model_2_seed_044 recycle=2 pLDDT=91.6 pTM=0.739 tol=0.0488
2026-07-22 20:51:56,678 alphafold2_ptm_model_2_seed_044 recycle=3 pLDDT=91.7 pTM=0.74 tol=0.0168
2026-07-22 20:51:56,679 alphafold2_ptm_model_2_seed_044 took 48.7s (3 recycles)
2026-07-22 20:52:08,954 alphafold2_ptm_model_3_seed_044 recycle=0 pLDDT=89.1 pTM=0.67
2026-07-22 20:52:20,675 alphafold2_ptm_model_3_seed_044 recycle=1 pLDDT=89.2 pTM=0.682 tol=0.162
2026-07-22 20:52:32,180 alphafold2_ptm_model_3_seed_044 recycle=2 pLDDT=89.1 pTM=0.687 tol=0.0557
2026-07-22 20:52:43,879 alphafold2_ptm_model_3_seed_044 recycle=3 pLDDT=89.4 pTM=0.692 tol=0.037
2026-07-22 20:52:43,880 alphafold2_ptm_model_3_seed_044 took 47.2s (3 recycles)
2026-07-22 20:52:55,517 alphafold2_ptm_model_4_seed_044 recycle=0 pLDDT=90.4 pTM=0.704
2026-07-22 20:53:07,278 alphafold2_ptm_model_4_seed_044 recycle=1 pLDDT=90.3 pTM=0.706 tol=0.0884
2026-07-22 20:53:19,102 alphafold2_ptm_model_4_seed_044 recycle=2 pLDDT=90.1 pTM=0.701 tol=0.0382
2026-07-22 20:53:31,526 alphafold2_ptm_model_4_seed_044 recycle=3 pLDDT=90 pTM=0.7 tol=0.0299
2026-07-22 20:53:31,528 alphafold2_ptm_model_4_seed_044 took 47.6s (3 recycles)
2026-07-22 20:53:43,780 alphafold2_ptm_model_5_seed_044 recycle=0 pLDDT=90.6 pTM=0.716
2026-07-22 20:53:57,024 alphafold2_ptm_model_5_seed_044 recycle=1 pLDDT=90.3 pTM=0.708 tol=0.113
2026-07-22 20:54:08,738 alphafold2_ptm_model_5_seed_044 recycle=2 pLDDT=90.1 pTM=0.705 tol=0.0331
2026-07-22 20:54:20,692 alphafold2_ptm_model_5_seed_044 recycle=3 pLDDT=90.2 pTM=0.707 tol=0.0305
2026-07-22 20:54:20,692 alphafold2_ptm_model_5_seed_044 took 49.1s (3 recycles)
2026-07-22 20:54:20,784 reranking models by 'plddt' metric
2026-07-22 20:54:20,785 rank_001_alphafold2_ptm_model_2_seed_043 pLDDT=91.8 pTM=0.742
2026-07-22 20:54:20,787 rank_002_alphafold2_ptm_model_2_seed_044 pLDDT=91.7 pTM=0.74
2026-07-22 20:54:20,788 rank_003_alphafold2_ptm_model_2_seed_042 pLDDT=91.7 pTM=0.742
2026-07-22 20:54:20,791 rank_004_alphafold2_ptm_model_1_seed_044 pLDDT=91.1 pTM=0.719
2026-07-22 20:54:20,792 rank_005_alphafold2_ptm_model_1_seed_042 pLDDT=91.1 pTM=0.72
2026-07-22 20:54:20,794 rank_006_alphafold2_ptm_model_1_seed_043 pLDDT=91 pTM=0.719
2026-07-22 20:54:20,796 rank_007_alphafold2_ptm_model_5_seed_042 pLDDT=90.2 pTM=0.707
2026-07-22 20:54:20,797 rank_008_alphafold2_ptm_model_5_seed_044 pLDDT=90.2 pTM=0.707
2026-07-22 20:54:20,799 rank_009_alphafold2_ptm_model_5_seed_043 pLDDT=90.1 pTM=0.706
2026-07-22 20:54:20,800 rank_010_alphafold2_ptm_model_4_seed_044 pLDDT=90 pTM=0.7
2026-07-22 20:54:20,802 rank_011_alphafold2_ptm_model_4_seed_043 pLDDT=89.9 pTM=0.699
2026-07-22 20:54:20,804 rank_012_alphafold2_ptm_model_4_seed_042 pLDDT=89.9 pTM=0.7
2026-07-22 20:54:20,805 rank_013_alphafold2_ptm_model_3_seed_044 pLDDT=89.4 pTM=0.692
2026-07-22 20:54:20,807 rank_014_alphafold2_ptm_model_3_seed_042 pLDDT=89.4 pTM=0.691
2026-07-22 20:54:20,808 rank_015_alphafold2_ptm_model_3_seed_043 pLDDT=89.2 pTM=0.689
2026-07-22 20:54:24,692 Query 3/723: 5KPH_8_8_5_0_combined_id1 (length 72)
2026-07-22 20:54:28,128 Padding length to 82
2026-07-22 20:54:39,772 alphafold2_ptm_model_1_seed_042 recycle=0 pLDDT=92.5 pTM=0.745
2026-07-22 20:54:51,020 alphafold2_ptm_model_1_seed_042 recycle=1 pLDDT=92.6 pTM=0.749 tol=0.271
2026-07-22 20:55:03,060 alphafold2_ptm_model_1_seed_042 recycle=2 pLDDT=92.5 pTM=0.749 tol=0.0766
2026-07-22 20:55:14,819 alphafold2_ptm_model_1_seed_042 recycle=3 pLDDT=92.3 pTM=0.747 tol=0.1
2026-07-22 20:55:14,820 alphafold2_ptm_model_1_seed_042 took 46.7s (3 recycles)
2026-07-22 20:55:26,616 alphafold2_ptm_model_2_seed_042 recycle=0 pLDDT=93.4 pTM=0.76
2026-07-22 20:55:38,168 alphafold2_ptm_model_2_seed_042 recycle=1 pLDDT=93.3 pTM=0.76 tol=0.127
2026-07-22 20:55:49,757 alphafold2_ptm_model_2_seed_042 recycle=2 pLDDT=93.1 pTM=0.762 tol=0.11
2026-07-22 20:56:02,158 alphafold2_ptm_model_2_seed_042 recycle=3 pLDDT=93.3 pTM=0.763 tol=0.0572
2026-07-22 20:56:02,159 alphafold2_ptm_model_2_seed_042 took 47.3s (3 recycles)
2026-07-22 20:56:14,349 alphafold2_ptm_model_3_seed_042 recycle=0 pLDDT=92.2 pTM=0.745
2026-07-22 20:56:26,234 alphafold2_ptm_model_3_seed_042 recycle=1 pLDDT=89.8 pTM=0.703 tol=0.221
2026-07-22 20:56:37,727 alphafold2_ptm_model_3_seed_042 recycle=2 pLDDT=89.9 pTM=0.708 tol=0.101
2026-07-22 20:56:50,279 alphafold2_ptm_model_3_seed_042 recycle=3 pLDDT=90.5 pTM=0.708 tol=0.0718
2026-07-22 20:56:50,280 alphafold2_ptm_model_3_seed_042 took 48.1s (3 recycles)
2026-07-22 20:57:02,039 alphafold2_ptm_model_4_seed_042 recycle=0 pLDDT=92.2 pTM=0.76
2026-07-22 20:57:13,259 alphafold2_ptm_model_4_seed_042 recycle=1 pLDDT=92.9 pTM=0.766 tol=0.208
2026-07-22 20:57:25,484 alphafold2_ptm_model_4_seed_042 recycle=2 pLDDT=93 pTM=0.766 tol=0.0792
2026-07-22 20:57:37,184 alphafold2_ptm_model_4_seed_042 recycle=3 pLDDT=92.7 pTM=0.761 tol=0.0453
2026-07-22 20:57:37,185 alphafold2_ptm_model_4_seed_042 took 46.8s (3 recycles)
2026-07-22 20:57:49,276 alphafold2_ptm_model_5_seed_042 recycle=0 pLDDT=94.8 pTM=0.774
2026-07-22 20:58:01,136 alphafold2_ptm_model_5_seed_042 recycle=1 pLDDT=94.1 pTM=0.781 tol=0.189
2026-07-22 20:58:12,522 alphafold2_ptm_model_5_seed_042 recycle=2 pLDDT=94.2 pTM=0.784 tol=0.0589
2026-07-22 20:58:24,202 alphafold2_ptm_model_5_seed_042 recycle=3 pLDDT=94.4 pTM=0.787 tol=0.0215
2026-07-22 20:58:24,203 alphafold2_ptm_model_5_seed_042 took 47.0s (3 recycles)
2026-07-22 20:58:25,764 Padding length to 82
2026-07-22 20:58:38,448 alphafold2_ptm_model_1_seed_043 recycle=0 pLDDT=92.6 pTM=0.745
2026-07-22 20:58:50,863 alphafold2_ptm_model_1_seed_043 recycle=1 pLDDT=92.7 pTM=0.751 tol=0.332
2026-07-22 20:59:02,644 alphafold2_ptm_model_1_seed_043 recycle=2 pLDDT=92.7 pTM=0.748 tol=0.107
2026-07-22 20:59:14,832 alphafold2_ptm_model_1_seed_043 recycle=3 pLDDT=92.6 pTM=0.75 tol=0.0895
2026-07-22 20:59:14,833 alphafold2_ptm_model_1_seed_043 took 49.1s (3 recycles)
2026-07-22 20:59:27,640 alphafold2_ptm_model_2_seed_043 recycle=0 pLDDT=93.2 pTM=0.76
2026-07-22 20:59:39,816 alphafold2_ptm_model_2_seed_043 recycle=1 pLDDT=93.4 pTM=0.763 tol=0.126
2026-07-22 20:59:52,264 alphafold2_ptm_model_2_seed_043 recycle=2 pLDDT=93.4 pTM=0.765 tol=0.13
2026-07-22 21:00:04,182 alphafold2_ptm_model_2_seed_043 recycle=3 pLDDT=93.6 pTM=0.766 tol=0.0585
2026-07-22 21:00:04,183 alphafold2_ptm_model_2_seed_043 took 49.3s (3 recycles)
2026-07-22 21:00:16,439 alphafold2_ptm_model_3_seed_043 recycle=0 pLDDT=92.4 pTM=0.749
2026-07-22 21:00:27,800 alphafold2_ptm_model_3_seed_043 recycle=1 pLDDT=90.8 pTM=0.718 tol=0.166
2026-07-22 21:00:39,172 alphafold2_ptm_model_3_seed_043 recycle=2 pLDDT=90.8 pTM=0.726 tol=0.0936
2026-07-22 21:00:50,521 alphafold2_ptm_model_3_seed_043 recycle=3 pLDDT=91.2 pTM=0.721 tol=0.087
2026-07-22 21:00:50,522 alphafold2_ptm_model_3_seed_043 took 46.3s (3 recycles)
2026-07-22 21:01:02,021 alphafold2_ptm_model_4_seed_043 recycle=0 pLDDT=92.1 pTM=0.758
2026-07-22 21:01:13,415 alphafold2_ptm_model_4_seed_043 recycle=1 pLDDT=92.9 pTM=0.766 tol=0.183
2026-07-22 21:01:24,724 alphafold2_ptm_model_4_seed_043 recycle=2 pLDDT=92.9 pTM=0.765 tol=0.0614
2026-07-22 21:01:36,028 alphafold2_ptm_model_4_seed_043 recycle=3 pLDDT=92.8 pTM=0.763 tol=0.0356
2026-07-22 21:01:36,029 alphafold2_ptm_model_4_seed_043 took 45.4s (3 recycles)
2026-07-22 21:01:47,400 alphafold2_ptm_model_5_seed_043 recycle=0 pLDDT=93.6 pTM=0.761
2026-07-22 21:01:58,830 alphafold2_ptm_model_5_seed_043 recycle=1 pLDDT=92.9 pTM=0.76 tol=0.169
2026-07-22 21:02:10,147 alphafold2_ptm_model_5_seed_043 recycle=2 pLDDT=93.2 pTM=0.767 tol=0.0697
2026-07-22 21:02:21,500 alphafold2_ptm_model_5_seed_043 recycle=3 pLDDT=93.5 pTM=0.769 tol=0.0359
2026-07-22 21:02:21,500 alphafold2_ptm_model_5_seed_043 took 45.4s (3 recycles)
2026-07-22 21:02:22,723 Padding length to 82
2026-07-22 21:02:34,163 alphafold2_ptm_model_1_seed_044 recycle=0 pLDDT=91.3 pTM=0.73
2026-07-22 21:02:45,495 alphafold2_ptm_model_1_seed_044 recycle=1 pLDDT=92.6 pTM=0.751 tol=0.265
2026-07-22 21:02:56,897 alphafold2_ptm_model_1_seed_044 recycle=2 pLDDT=92.4 pTM=0.747 tol=0.0792
2026-07-22 21:03:08,311 alphafold2_ptm_model_1_seed_044 recycle=3 pLDDT=92.3 pTM=0.747 tol=0.102
2026-07-22 21:03:08,312 alphafold2_ptm_model_1_seed_044 took 45.6s (3 recycles)
2026-07-22 21:03:19,718 alphafold2_ptm_model_2_seed_044 recycle=0 pLDDT=93.3 pTM=0.761
2026-07-22 21:03:31,118 alphafold2_ptm_model_2_seed_044 recycle=1 pLDDT=93.4 pTM=0.762 tol=0.133
2026-07-22 21:03:42,434 alphafold2_ptm_model_2_seed_044 recycle=2 pLDDT=93.3 pTM=0.763 tol=0.121
2026-07-22 21:03:53,817 alphafold2_ptm_model_2_seed_044 recycle=3 pLDDT=93.6 pTM=0.765 tol=0.0483
2026-07-22 21:03:53,817 alphafold2_ptm_model_2_seed_044 took 45.5s (3 recycles)
2026-07-22 21:04:05,224 alphafold2_ptm_model_3_seed_044 recycle=0 pLDDT=92.1 pTM=0.745
2026-07-22 21:04:16,696 alphafold2_ptm_model_3_seed_044 recycle=1 pLDDT=89.9 pTM=0.705 tol=0.181
2026-07-22 21:04:28,201 alphafold2_ptm_model_3_seed_044 recycle=2 pLDDT=90.1 pTM=0.712 tol=0.133
2026-07-22 21:04:39,793 alphafold2_ptm_model_3_seed_044 recycle=3 pLDDT=90.9 pTM=0.715 tol=0.0563
2026-07-22 21:04:39,794 alphafold2_ptm_model_3_seed_044 took 45.9s (3 recycles)
2026-07-22 21:04:51,367 alphafold2_ptm_model_4_seed_044 recycle=0 pLDDT=92.4 pTM=0.762
2026-07-22 21:05:02,811 alphafold2_ptm_model_4_seed_044 recycle=1 pLDDT=93.1 pTM=0.769 tol=0.174
2026-07-22 21:05:14,199 alphafold2_ptm_model_4_seed_044 recycle=2 pLDDT=93.1 pTM=0.768 tol=0.0616
2026-07-22 21:05:25,612 alphafold2_ptm_model_4_seed_044 recycle=3 pLDDT=93 pTM=0.766 tol=0.0393
2026-07-22 21:05:25,612 alphafold2_ptm_model_4_seed_044 took 45.8s (3 recycles)
2026-07-22 21:05:37,120 alphafold2_ptm_model_5_seed_044 recycle=0 pLDDT=94 pTM=0.766
2026-07-22 21:05:48,582 alphafold2_ptm_model_5_seed_044 recycle=1 pLDDT=93.4 pTM=0.767 tol=0.186
2026-07-22 21:06:00,449 alphafold2_ptm_model_5_seed_044 recycle=2 pLDDT=93.4 pTM=0.771 tol=0.0666
2026-07-22 21:06:12,415 alphafold2_ptm_model_5_seed_044 recycle=3 pLDDT=93.9 pTM=0.775 tol=0.031
2026-07-22 21:06:12,416 alphafold2_ptm_model_5_seed_044 took 46.8s (3 recycles)
2026-07-22 21:06:12,463 reranking models by 'plddt' metric
2026-07-22 21:06:12,463 rank_001_alphafold2_ptm_model_5_seed_042 pLDDT=94.4 pTM=0.787
2026-07-22 21:06:12,465 rank_002_alphafold2_ptm_model_5_seed_044 pLDDT=93.9 pTM=0.775
2026-07-22 21:06:12,466 rank_003_alphafold2_ptm_model_2_seed_043 pLDDT=93.6 pTM=0.766
2026-07-22 21:06:12,468 rank_004_alphafold2_ptm_model_2_seed_044 pLDDT=93.6 pTM=0.765
2026-07-22 21:06:12,470 rank_005_alphafold2_ptm_model_5_seed_043 pLDDT=93.5 pTM=0.769
2026-07-22 21:06:12,471 rank_006_alphafold2_ptm_model_2_seed_042 pLDDT=93.3 pTM=0.763
2026-07-22 21:06:12,473 rank_007_alphafold2_ptm_model_4_seed_044 pLDDT=93 pTM=0.766
2026-07-22 21:06:12,474 rank_008_alphafold2_ptm_model_4_seed_043 pLDDT=92.8 pTM=0.763
2026-07-22 21:06:12,475 rank_009_alphafold2_ptm_model_4_seed_042 pLDDT=92.7 pTM=0.761
2026-07-22 21:06:12,477 rank_010_alphafold2_ptm_model_1_seed_043 pLDDT=92.6 pTM=0.75
2026-07-22 21:06:12,478 rank_011_alphafold2_ptm_model_1_seed_044 pLDDT=92.3 pTM=0.747
2026-07-22 21:06:12,479 rank_012_alphafold2_ptm_model_1_seed_042 pLDDT=92.3 pTM=0.747
2026-07-22 21:06:12,480 rank_013_alphafold2_ptm_model_3_seed_043 pLDDT=91.2 pTM=0.721
2026-07-22 21:06:12,482 rank_014_alphafold2_ptm_model_3_seed_044 pLDDT=90.9 pTM=0.715
2026-07-22 21:06:12,483 rank_015_alphafold2_ptm_model_3_seed_042 pLDDT=90.5 pTM=0.708
2026-07-22 21:06:15,711 Query 4/723: 5KPH_6_2_5_0_combined_id5 (length 72)
2026-07-22 21:06:18,317 Padding length to 82
2026-07-22 21:06:31,556 alphafold2_ptm_model_1_seed_042 recycle=0 pLDDT=89.7 pTM=0.708
2026-07-22 21:06:43,892 alphafold2_ptm_model_1_seed_042 recycle=1 pLDDT=91.3 pTM=0.744 tol=0.466
2026-07-22 21:06:55,895 alphafold2_ptm_model_1_seed_042 recycle=2 pLDDT=92.6 pTM=0.765 tol=0.103
2026-07-22 21:07:07,586 alphafold2_ptm_model_1_seed_042 recycle=3 pLDDT=92.1 pTM=0.765 tol=0.123
2026-07-22 21:07:07,587 alphafold2_ptm_model_1_seed_042 took 49.3s (3 recycles)
2026-07-22 21:07:19,049 alphafold2_ptm_model_2_seed_042 recycle=0 pLDDT=86.4 pTM=0.679
2026-07-22 21:07:30,392 alphafold2_ptm_model_2_seed_042 recycle=1 pLDDT=89.3 pTM=0.72 tol=0.286
2026-07-22 21:07:41,745 alphafold2_ptm_model_2_seed_042 recycle=2 pLDDT=90.6 pTM=0.74 tol=0.189
2026-07-22 21:07:53,308 alphafold2_ptm_model_2_seed_042 recycle=3 pLDDT=91.7 pTM=0.759 tol=0.0831
2026-07-22 21:07:53,310 alphafold2_ptm_model_2_seed_042 took 45.7s (3 recycles)
2026-07-22 21:08:04,878 alphafold2_ptm_model_3_seed_042 recycle=0 pLDDT=85.5 pTM=0.658
2026-07-22 21:08:16,283 alphafold2_ptm_model_3_seed_042 recycle=1 pLDDT=86.1 pTM=0.681 tol=0.186
2026-07-22 21:08:27,823 alphafold2_ptm_model_3_seed_042 recycle=2 pLDDT=87.1 pTM=0.688 tol=0.104
2026-07-22 21:08:39,218 alphafold2_ptm_model_3_seed_042 recycle=3 pLDDT=87.4 pTM=0.697 tol=0.0529
2026-07-22 21:08:39,219 alphafold2_ptm_model_3_seed_042 took 45.9s (3 recycles)
2026-07-22 21:08:50,748 alphafold2_ptm_model_4_seed_042 recycle=0 pLDDT=87.9 pTM=0.712
2026-07-22 21:09:02,240 alphafold2_ptm_model_4_seed_042 recycle=1 pLDDT=89.4 pTM=0.742 tol=0.248
2026-07-22 21:09:13,634 alphafold2_ptm_model_4_seed_042 recycle=2 pLDDT=90.6 pTM=0.76 tol=0.192
2026-07-22 21:09:25,167 alphafold2_ptm_model_4_seed_042 recycle=3 pLDDT=91.3 pTM=0.771 tol=0.0418
2026-07-22 21:09:25,169 alphafold2_ptm_model_4_seed_042 took 45.9s (3 recycles)
2026-07-22 21:09:36,859 alphafold2_ptm_model_5_seed_042 recycle=0 pLDDT=80.6 pTM=0.624
2026-07-22 21:09:48,377 alphafold2_ptm_model_5_seed_042 recycle=1 pLDDT=89.9 pTM=0.73 tol=0.646
2026-07-22 21:09:59,967 alphafold2_ptm_model_5_seed_042 recycle=2 pLDDT=90 pTM=0.733 tol=0.0907
2026-07-22 21:10:11,741 alphafold2_ptm_model_5_seed_042 recycle=3 pLDDT=90.2 pTM=0.736 tol=0.0365
2026-07-22 21:10:11,742 alphafold2_ptm_model_5_seed_042 took 46.5s (3 recycles)
2026-07-22 21:10:13,034 Padding length to 82
2026-07-22 21:10:25,110 alphafold2_ptm_model_1_seed_043 recycle=0 pLDDT=89 pTM=0.704
2026-07-22 21:10:36,765 alphafold2_ptm_model_1_seed_043 recycle=1 pLDDT=91.7 pTM=0.75 tol=0.516
2026-07-22 21:10:48,204 alphafold2_ptm_model_1_seed_043 recycle=2 pLDDT=92.8 pTM=0.77 tol=0.109
2026-07-22 21:10:59,717 alphafold2_ptm_model_1_seed_043 recycle=3 pLDDT=92.2 pTM=0.768 tol=0.113
2026-07-22 21:10:59,718 alphafold2_ptm_model_1_seed_043 took 46.7s (3 recycles)
2026-07-22 21:11:11,226 alphafold2_ptm_model_2_seed_043 recycle=0 pLDDT=87.2 pTM=0.687
2026-07-22 21:11:22,759 alphafold2_ptm_model_2_seed_043 recycle=1 pLDDT=89.9 pTM=0.729 tol=0.28
2026-07-22 21:11:34,254 alphafold2_ptm_model_2_seed_043 recycle=2 pLDDT=91.1 pTM=0.747 tol=0.172
2026-07-22 21:11:46,362 alphafold2_ptm_model_2_seed_043 recycle=3 pLDDT=92.1 pTM=0.767 tol=0.0743
2026-07-22 21:11:46,362 alphafold2_ptm_model_2_seed_043 took 46.6s (3 recycles)
2026-07-22 21:11:57,994 alphafold2_ptm_model_3_seed_043 recycle=0 pLDDT=86 pTM=0.663
2026-07-22 21:12:10,336 alphafold2_ptm_model_3_seed_043 recycle=1 pLDDT=86.4 pTM=0.687 tol=0.191
2026-07-22 21:12:23,478 alphafold2_ptm_model_3_seed_043 recycle=2 pLDDT=87.4 pTM=0.693 tol=0.119
2026-07-22 21:12:36,377 alphafold2_ptm_model_3_seed_043 recycle=3 pLDDT=87.7 pTM=0.697 tol=0.0536
2026-07-22 21:12:36,378 alphafold2_ptm_model_3_seed_043 took 50.0s (3 recycles)
2026-07-22 21:12:49,985 alphafold2_ptm_model_4_seed_043 recycle=0 pLDDT=87.8 pTM=0.707
2026-07-22 21:13:03,010 alphafold2_ptm_model_4_seed_043 recycle=1 pLDDT=89.5 pTM=0.741 tol=0.231
2026-07-22 21:13:15,880 alphafold2_ptm_model_4_seed_043 recycle=2 pLDDT=90.6 pTM=0.758 tol=0.192
2026-07-22 21:13:28,849 alphafold2_ptm_model_4_seed_043 recycle=3 pLDDT=91.2 pTM=0.769 tol=0.0601
2026-07-22 21:13:28,849 alphafold2_ptm_model_4_seed_043 took 52.4s (3 recycles)
2026-07-22 21:13:43,726 alphafold2_ptm_model_5_seed_043 recycle=0 pLDDT=85.6 pTM=0.664
2026-07-22 21:13:57,474 alphafold2_ptm_model_5_seed_043 recycle=1 pLDDT=90.3 pTM=0.736 tol=0.317
2026-07-22 21:14:11,405 alphafold2_ptm_model_5_seed_043 recycle=2 pLDDT=90.9 pTM=0.747 tol=0.0934
2026-07-22 21:14:25,329 alphafold2_ptm_model_5_seed_043 recycle=3 pLDDT=91.4 pTM=0.756 tol=0.0336
2026-07-22 21:14:25,329 alphafold2_ptm_model_5_seed_043 took 56.4s (3 recycles)
2026-07-22 21:14:27,437 Padding length to 82
2026-07-22 21:14:41,558 alphafold2_ptm_model_1_seed_044 recycle=0 pLDDT=89.9 pTM=0.711
2026-07-22 21:14:54,800 alphafold2_ptm_model_1_seed_044 recycle=1 pLDDT=91.6 pTM=0.75 tol=0.469
2026-07-22 21:15:07,327 alphafold2_ptm_model_1_seed_044 recycle=2 pLDDT=92.6 pTM=0.769 tol=0.103
2026-07-22 21:15:19,366 alphafold2_ptm_model_1_seed_044 recycle=3 pLDDT=92.1 pTM=0.766 tol=0.111
2026-07-22 21:15:19,367 alphafold2_ptm_model_1_seed_044 took 51.9s (3 recycles)
2026-07-22 21:15:32,093 alphafold2_ptm_model_2_seed_044 recycle=0 pLDDT=87.7 pTM=0.695
2026-07-22 21:15:44,595 alphafold2_ptm_model_2_seed_044 recycle=1 pLDDT=89.2 pTM=0.718 tol=0.213
2026-07-22 21:15:56,903 alphafold2_ptm_model_2_seed_044 recycle=2 pLDDT=90.4 pTM=0.738 tol=0.216
2026-07-22 21:16:09,126 alphafold2_ptm_model_2_seed_044 recycle=3 pLDDT=91.6 pTM=0.757 tol=0.0839
2026-07-22 21:16:09,127 alphafold2_ptm_model_2_seed_044 took 49.7s (3 recycles)
2026-07-22 21:16:21,860 alphafold2_ptm_model_3_seed_044 recycle=0 pLDDT=85.8 pTM=0.661
2026-07-22 21:16:34,231 alphafold2_ptm_model_3_seed_044 recycle=1 pLDDT=86.1 pTM=0.682 tol=0.172
2026-07-22 21:16:46,956 alphafold2_ptm_model_3_seed_044 recycle=2 pLDDT=87.2 pTM=0.69 tol=0.0853
2026-07-22 21:16:59,708 alphafold2_ptm_model_3_seed_044 recycle=3 pLDDT=87.8 pTM=0.696 tol=0.0714
2026-07-22 21:16:59,709 alphafold2_ptm_model_3_seed_044 took 50.5s (3 recycles)
2026-07-22 21:17:12,667 alphafold2_ptm_model_4_seed_044 recycle=0 pLDDT=87.8 pTM=0.709
2026-07-22 21:17:25,264 alphafold2_ptm_model_4_seed_044 recycle=1 pLDDT=89.4 pTM=0.74 tol=0.223
2026-07-22 21:17:37,768 alphafold2_ptm_model_4_seed_044 recycle=2 pLDDT=90.4 pTM=0.757 tol=0.223
2026-07-22 21:17:50,453 alphafold2_ptm_model_4_seed_044 recycle=3 pLDDT=91.2 pTM=0.769 tol=0.0536
2026-07-22 21:17:50,453 alphafold2_ptm_model_4_seed_044 took 50.7s (3 recycles)
2026-07-22 21:18:03,015 alphafold2_ptm_model_5_seed_044 recycle=0 pLDDT=84.6 pTM=0.653
2026-07-22 21:18:15,599 alphafold2_ptm_model_5_seed_044 recycle=1 pLDDT=90.3 pTM=0.735 tol=0.328
2026-07-22 21:18:28,211 alphafold2_ptm_model_5_seed_044 recycle=2 pLDDT=90.9 pTM=0.746 tol=0.11
2026-07-22 21:18:41,117 alphafold2_ptm_model_5_seed_044 recycle=3 pLDDT=91.4 pTM=0.755 tol=0.0311
2026-07-22 21:18:41,118 alphafold2_ptm_model_5_seed_044 took 50.6s (3 recycles)
2026-07-22 21:18:41,170 reranking models by 'plddt' metric
2026-07-22 21:18:41,171 rank_001_alphafold2_ptm_model_1_seed_043 pLDDT=92.2 pTM=0.768
2026-07-22 21:18:41,173 rank_002_alphafold2_ptm_model_1_seed_044 pLDDT=92.1 pTM=0.766
2026-07-22 21:18:41,174 rank_003_alphafold2_ptm_model_2_seed_043 pLDDT=92.1 pTM=0.767
2026-07-22 21:18:41,176 rank_004_alphafold2_ptm_model_1_seed_042 pLDDT=92.1 pTM=0.765
2026-07-22 21:18:41,177 rank_005_alphafold2_ptm_model_2_seed_042 pLDDT=91.7 pTM=0.759
2026-07-22 21:18:41,179 rank_006_alphafold2_ptm_model_2_seed_044 pLDDT=91.6 pTM=0.757
2026-07-22 21:18:41,180 rank_007_alphafold2_ptm_model_5_seed_043 pLDDT=91.4 pTM=0.756
2026-07-22 21:18:41,182 rank_008_alphafold2_ptm_model_5_seed_044 pLDDT=91.4 pTM=0.755
2026-07-22 21:18:41,183 rank_009_alphafold2_ptm_model_4_seed_042 pLDDT=91.3 pTM=0.771
2026-07-22 21:18:41,185 rank_010_alphafold2_ptm_model_4_seed_044 pLDDT=91.2 pTM=0.769
2026-07-22 21:18:41,186 rank_011_alphafold2_ptm_model_4_seed_043 pLDDT=91.2 pTM=0.769
2026-07-22 21:18:41,187 rank_012_alphafold2_ptm_model_5_seed_042 pLDDT=90.2 pTM=0.736
2026-07-22 21:18:41,189 rank_013_alphafold2_ptm_model_3_seed_044 pLDDT=87.8 pTM=0.696
2026-07-22 21:18:41,190 rank_014_alphafold2_ptm_model_3_seed_043 pLDDT=87.7 pTM=0.697
2026-07-22 21:18:41,191 rank_015_alphafold2_ptm_model_3_seed_042 pLDDT=87.4 pTM=0.697
2026-07-22 21:18:46,303 Query 5/723: 5KPH_6_2_5_0_combined_id2 (length 72)
2026-07-22 21:18:49,626 Padding length to 82
2026-07-22 21:19:02,913 alphafold2_ptm_model_1_seed_042 recycle=0 pLDDT=85.8 pTM=0.649
2026-07-22 21:19:15,970 alphafold2_ptm_model_1_seed_042 recycle=1 pLDDT=88.3 pTM=0.698 tol=0.446
2026-07-22 21:19:29,070 alphafold2_ptm_model_1_seed_042 recycle=2 pLDDT=90 pTM=0.725 tol=0.187
2026-07-22 21:19:41,722 alphafold2_ptm_model_1_seed_042 recycle=3 pLDDT=90.9 pTM=0.738 tol=0.0549
2026-07-22 21:19:41,723 alphafold2_ptm_model_1_seed_042 took 52.1s (3 recycles)
2026-07-22 21:19:55,094 alphafold2_ptm_model_2_seed_042 recycle=0 pLDDT=85.4 pTM=0.655
2026-07-22 21:20:08,022 alphafold2_ptm_model_2_seed_042 recycle=1 pLDDT=86.8 pTM=0.683 tol=0.504
2026-07-22 21:20:20,491 alphafold2_ptm_model_2_seed_042 recycle=2 pLDDT=87.8 pTM=0.694 tol=0.231
2026-07-22 21:20:33,365 alphafold2_ptm_model_2_seed_042 recycle=3 pLDDT=88 pTM=0.698 tol=0.0943
2026-07-22 21:20:33,365 alphafold2_ptm_model_2_seed_042 took 51.5s (3 recycles)
2026-07-22 21:20:46,161 alphafold2_ptm_model_3_seed_042 recycle=0 pLDDT=88.4 pTM=0.686
2026-07-22 21:20:59,384 alphafold2_ptm_model_3_seed_042 recycle=1 pLDDT=87.5 pTM=0.672 tol=0.472
2026-07-22 21:21:12,490 alphafold2_ptm_model_3_seed_042 recycle=2 pLDDT=89.2 pTM=0.694 tol=0.144
2026-07-22 21:21:25,703 alphafold2_ptm_model_3_seed_042 recycle=3 pLDDT=90.1 pTM=0.706 tol=0.0975
2026-07-22 21:21:25,704 alphafold2_ptm_model_3_seed_042 took 52.3s (3 recycles)
2026-07-22 21:21:39,153 alphafold2_ptm_model_4_seed_042 recycle=0 pLDDT=88.9 pTM=0.708
2026-07-22 21:21:52,270 alphafold2_ptm_model_4_seed_042 recycle=1 pLDDT=87.4 pTM=0.686 tol=0.29
2026-07-22 21:22:05,254 alphafold2_ptm_model_4_seed_042 recycle=2 pLDDT=90.3 pTM=0.722 tol=0.188
2026-07-22 21:22:18,168 alphafold2_ptm_model_4_seed_042 recycle=3 pLDDT=89.8 pTM=0.716 tol=0.0925
2026-07-22 21:22:18,169 alphafold2_ptm_model_4_seed_042 took 52.4s (3 recycles)
2026-07-22 21:22:29,764 alphafold2_ptm_model_5_seed_042 recycle=0 pLDDT=79.9 pTM=0.571
2026-07-22 21:22:41,298 alphafold2_ptm_model_5_seed_042 recycle=1 pLDDT=82.1 pTM=0.631 tol=1.77
2026-07-22 21:22:52,756 alphafold2_ptm_model_5_seed_042 recycle=2 pLDDT=83.1 pTM=0.648 tol=0.233
2026-07-22 21:23:04,209 alphafold2_ptm_model_5_seed_042 recycle=3 pLDDT=82.7 pTM=0.649 tol=0.319
2026-07-22 21:23:04,209 alphafold2_ptm_model_5_seed_042 took 46.0s (3 recycles)
2026-07-22 21:23:05,410 Padding length to 82
2026-07-22 21:23:16,866 alphafold2_ptm_model_1_seed_043 recycle=0 pLDDT=86.3 pTM=0.654
2026-07-22 21:23:28,316 alphafold2_ptm_model_1_seed_043 recycle=1 pLDDT=89.4 pTM=0.715 tol=0.447
2026-07-22 21:23:39,664 alphafold2_ptm_model_1_seed_043 recycle=2 pLDDT=90.6 pTM=0.735 tol=0.162
2026-07-22 21:23:51,023 alphafold2_ptm_model_1_seed_043 recycle=3 pLDDT=91.1 pTM=0.742 tol=0.0389
2026-07-22 21:23:51,024 alphafold2_ptm_model_1_seed_043 took 45.6s (3 recycles)
2026-07-22 21:24:02,623 alphafold2_ptm_model_2_seed_043 recycle=0 pLDDT=86.1 pTM=0.651
2026-07-22 21:24:14,158 alphafold2_ptm_model_2_seed_043 recycle=1 pLDDT=87.9 pTM=0.693 tol=0.665
2026-07-22 21:24:25,487 alphafold2_ptm_model_2_seed_043 recycle=2 pLDDT=88.2 pTM=0.699 tol=0.15
2026-07-22 21:24:36,987 alphafold2_ptm_model_2_seed_043 recycle=3 pLDDT=88.8 pTM=0.705 tol=0.0814
2026-07-22 21:24:36,988 alphafold2_ptm_model_2_seed_043 took 45.9s (3 recycles)
2026-07-22 21:24:48,474 alphafold2_ptm_model_3_seed_043 recycle=0 pLDDT=86.9 pTM=0.672
2026-07-22 21:24:59,858 alphafold2_ptm_model_3_seed_043 recycle=1 pLDDT=84.4 pTM=0.642 tol=0.502
2026-07-22 21:25:11,325 alphafold2_ptm_model_3_seed_043 recycle=2 pLDDT=86.6 pTM=0.666 tol=0.589
2026-07-22 21:25:22,744 alphafold2_ptm_model_3_seed_043 recycle=3 pLDDT=88.8 pTM=0.686 tol=0.264
2026-07-22 21:25:22,744 alphafold2_ptm_model_3_seed_043 took 45.7s (3 recycles)
2026-07-22 21:25:34,251 alphafold2_ptm_model_4_seed_043 recycle=0 pLDDT=87.8 pTM=0.696
2026-07-22 21:25:45,890 alphafold2_ptm_model_4_seed_043 recycle=1 pLDDT=86.4 pTM=0.678 tol=0.24
2026-07-22 21:25:58,526 alphafold2_ptm_model_4_seed_043 recycle=2 pLDDT=89.7 pTM=0.714 tol=0.294
2026-07-22 21:26:11,570 alphafold2_ptm_model_4_seed_043 recycle=3 pLDDT=89.5 pTM=0.713 tol=0.0693
2026-07-22 21:26:11,571 alphafold2_ptm_model_4_seed_043 took 48.8s (3 recycles)
2026-07-22 21:26:24,556 alphafold2_ptm_model_5_seed_043 recycle=0 pLDDT=55.5 pTM=0.395
2026-07-22 21:26:37,416 alphafold2_ptm_model_5_seed_043 recycle=1 pLDDT=83.2 pTM=0.646 tol=3.44
2026-07-22 21:26:50,129 alphafold2_ptm_model_5_seed_043 recycle=2 pLDDT=83.2 pTM=0.652 tol=0.23
2026-07-22 21:27:02,806 alphafold2_ptm_model_5_seed_043 recycle=3 pLDDT=82.5 pTM=0.654 tol=0.366
2026-07-22 21:27:02,807 alphafold2_ptm_model_5_seed_043 took 51.2s (3 recycles)
2026-07-22 21:27:04,363 Padding length to 82
2026-07-22 21:27:16,876 alphafold2_ptm_model_1_seed_044 recycle=0 pLDDT=82.3 pTM=0.613
2026-07-22 21:27:29,414 alphafold2_ptm_model_1_seed_044 recycle=1 pLDDT=87 pTM=0.678 tol=0.546
2026-07-22 21:27:43,128 alphafold2_ptm_model_1_seed_044 recycle=2 pLDDT=89 pTM=0.712 tol=0.238
2026-07-22 21:27:57,419 alphafold2_ptm_model_1_seed_044 recycle=3 pLDDT=90.3 pTM=0.729 tol=0.0477
2026-07-22 21:27:57,421 alphafold2_ptm_model_1_seed_044 took 53.1s (3 recycles)
2026-07-22 21:28:11,007 alphafold2_ptm_model_2_seed_044 recycle=0 pLDDT=85.2 pTM=0.656
2026-07-22 21:28:24,917 alphafold2_ptm_model_2_seed_044 recycle=1 pLDDT=86.4 pTM=0.679 tol=0.433
2026-07-22 21:28:38,817 alphafold2_ptm_model_2_seed_044 recycle=2 pLDDT=87.6 pTM=0.691 tol=0.279
2026-07-22 21:28:52,893 alphafold2_ptm_model_2_seed_044 recycle=3 pLDDT=88.1 pTM=0.699 tol=0.0953
2026-07-22 21:28:52,894 alphafold2_ptm_model_2_seed_044 took 55.4s (3 recycles)
2026-07-22 21:29:06,920 alphafold2_ptm_model_3_seed_044 recycle=0 pLDDT=85.6 pTM=0.656
2026-07-22 21:29:19,638 alphafold2_ptm_model_3_seed_044 recycle=1 pLDDT=86.6 pTM=0.663 tol=0.623
2026-07-22 21:29:33,291 alphafold2_ptm_model_3_seed_044 recycle=2 pLDDT=87.5 pTM=0.673 tol=0.188
2026-07-22 21:29:47,175 alphafold2_ptm_model_3_seed_044 recycle=3 pLDDT=89.4 pTM=0.694 tol=0.144
2026-07-22 21:29:47,176 alphafold2_ptm_model_3_seed_044 took 54.2s (3 recycles)
2026-07-22 21:30:00,048 alphafold2_ptm_model_4_seed_044 recycle=0 pLDDT=88.4 pTM=0.703
2026-07-22 21:30:13,120 alphafold2_ptm_model_4_seed_044 recycle=1 pLDDT=86.6 pTM=0.679 tol=0.259
2026-07-22 21:30:26,227 alphafold2_ptm_model_4_seed_044 recycle=2 pLDDT=89.8 pTM=0.717 tol=0.318
2026-07-22 21:30:40,183 alphafold2_ptm_model_4_seed_044 recycle=3 pLDDT=89.4 pTM=0.713 tol=0.0961
2026-07-22 21:30:40,184 alphafold2_ptm_model_4_seed_044 took 53.0s (3 recycles)
2026-07-22 21:30:53,726 alphafold2_ptm_model_5_seed_044 recycle=0 pLDDT=45.3 pTM=0.34
2026-07-22 21:31:07,208 alphafold2_ptm_model_5_seed_044 recycle=1 pLDDT=86.2 pTM=0.665 tol=5.92
2026-07-22 21:31:20,897 alphafold2_ptm_model_5_seed_044 recycle=2 pLDDT=82.8 pTM=0.646 tol=0.706
2026-07-22 21:31:34,721 alphafold2_ptm_model_5_seed_044 recycle=3 pLDDT=84.4 pTM=0.665 tol=0.159
2026-07-22 21:31:34,721 alphafold2_ptm_model_5_seed_044 took 54.5s (3 recycles)
2026-07-22 21:31:34,785 reranking models by 'plddt' metric
2026-07-22 21:31:34,785 rank_001_alphafold2_ptm_model_1_seed_043 pLDDT=91.1 pTM=0.742
2026-07-22 21:31:34,787 rank_002_alphafold2_ptm_model_1_seed_042 pLDDT=90.9 pTM=0.738
2026-07-22 21:31:34,789 rank_003_alphafold2_ptm_model_1_seed_044 pLDDT=90.3 pTM=0.729
2026-07-22 21:31:34,790 rank_004_alphafold2_ptm_model_3_seed_042 pLDDT=90.1 pTM=0.706
2026-07-22 21:31:34,792 rank_005_alphafold2_ptm_model_4_seed_042 pLDDT=89.8 pTM=0.716
2026-07-22 21:31:34,793 rank_006_alphafold2_ptm_model_4_seed_043 pLDDT=89.5 pTM=0.713
2026-07-22 21:31:34,795 rank_007_alphafold2_ptm_model_3_seed_044 pLDDT=89.4 pTM=0.694
2026-07-22 21:31:34,796 rank_008_alphafold2_ptm_model_4_seed_044 pLDDT=89.4 pTM=0.713
2026-07-22 21:31:34,797 rank_009_alphafold2_ptm_model_2_seed_043 pLDDT=88.8 pTM=0.705
2026-07-22 21:31:34,799 rank_010_alphafold2_ptm_model_3_seed_043 pLDDT=88.8 pTM=0.686
2026-07-22 21:31:34,801 rank_011_alphafold2_ptm_model_2_seed_044 pLDDT=88.1 pTM=0.699
2026-07-22 21:31:34,802 rank_012_alphafold2_ptm_model_2_seed_042 pLDDT=88 pTM=0.698
2026-07-22 21:31:34,804 rank_013_alphafold2_ptm_model_5_seed_044 pLDDT=84.4 pTM=0.665
2026-07-22 21:31:34,805 rank_014_alphafold2_ptm_model_5_seed_042 pLDDT=82.7 pTM=0.649
2026-07-22 21:31:34,807 rank_015_alphafold2_ptm_model_5_seed_043 pLDDT=82.5 pTM=0.654
2026-07-22 21:31:39,262 Query 6/723: 5KPH_4_6_6_0_combined_id2 (length 72)
2026-07-22 21:31:42,389 Padding length to 82
2026-07-22 21:31:55,611 alphafold2_ptm_model_1_seed_042 recycle=0 pLDDT=86.5 pTM=0.63
2026-07-22 21:32:09,051 alphafold2_ptm_model_1_seed_042 recycle=1 pLDDT=88.7 pTM=0.673 tol=0.177
2026-07-22 21:32:22,433 alphafold2_ptm_model_1_seed_042 recycle=2 pLDDT=88.6 pTM=0.682 tol=0.0847
2026-07-22 21:32:34,782 alphafold2_ptm_model_1_seed_042 recycle=3 pLDDT=88.8 pTM=0.685 tol=0.05
2026-07-22 21:32:34,783 alphafold2_ptm_model_1_seed_042 took 52.4s (3 recycles)
2026-07-22 21:32:47,554 alphafold2_ptm_model_2_seed_042 recycle=0 pLDDT=88.9 pTM=0.704
2026-07-22 21:32:59,284 alphafold2_ptm_model_2_seed_042 recycle=1 pLDDT=89.9 pTM=0.732 tol=0.156
2026-07-22 21:33:11,242 alphafold2_ptm_model_2_seed_042 recycle=2 pLDDT=89.9 pTM=0.734 tol=0.08
2026-07-22 21:33:23,775 alphafold2_ptm_model_2_seed_042 recycle=3 pLDDT=89.9 pTM=0.733 tol=0.0562
2026-07-22 21:33:23,776 alphafold2_ptm_model_2_seed_042 took 49.0s (3 recycles)
2026-07-22 21:33:36,263 alphafold2_ptm_model_3_seed_042 recycle=0 pLDDT=86.1 pTM=0.624
2026-07-22 21:33:48,975 alphafold2_ptm_model_3_seed_042 recycle=1 pLDDT=88.4 pTM=0.677 tol=0.315
2026-07-22 21:34:01,384 alphafold2_ptm_model_3_seed_042 recycle=2 pLDDT=89 pTM=0.68 tol=0.0562
2026-07-22 21:34:13,245 alphafold2_ptm_model_3_seed_042 recycle=3 pLDDT=88.9 pTM=0.689 tol=0.0533
2026-07-22 21:34:13,246 alphafold2_ptm_model_3_seed_042 took 49.4s (3 recycles)
2026-07-22 21:34:25,977 alphafold2_ptm_model_4_seed_042 recycle=0 pLDDT=86.9 pTM=0.656
2026-07-22 21:34:38,446 alphafold2_ptm_model_4_seed_042 recycle=1 pLDDT=88.1 pTM=0.681 tol=0.14
2026-07-22 21:34:50,491 alphafold2_ptm_model_4_seed_042 recycle=2 pLDDT=88.5 pTM=0.689 tol=0.0772
2026-07-22 21:35:03,389 alphafold2_ptm_model_4_seed_042 recycle=3 pLDDT=88.6 pTM=0.692 tol=0.0308
2026-07-22 21:35:03,390 alphafold2_ptm_model_4_seed_042 took 50.1s (3 recycles)
2026-07-22 21:35:16,248 alphafold2_ptm_model_5_seed_042 recycle=0 pLDDT=86.8 pTM=0.643
2026-07-22 21:35:28,522 alphafold2_ptm_model_5_seed_042 recycle=1 pLDDT=89.1 pTM=0.677 tol=0.18
2026-07-22 21:35:41,248 alphafold2_ptm_model_5_seed_042 recycle=2 pLDDT=89.6 pTM=0.692 tol=0.055
2026-07-22 21:35:54,115 alphafold2_ptm_model_5_seed_042 recycle=3 pLDDT=89.9 pTM=0.697 tol=0.0368
2026-07-22 21:35:54,116 alphafold2_ptm_model_5_seed_042 took 50.6s (3 recycles)
2026-07-22 21:35:56,268 Padding length to 82
2026-07-22 21:36:08,762 alphafold2_ptm_model_1_seed_043 recycle=0 pLDDT=86.4 pTM=0.63
2026-07-22 21:36:21,868 alphafold2_ptm_model_1_seed_043 recycle=1 pLDDT=88.7 pTM=0.675 tol=0.187
2026-07-22 21:36:35,433 alphafold2_ptm_model_1_seed_043 recycle=2 pLDDT=88.6 pTM=0.685 tol=0.0759
2026-07-22 21:36:47,968 alphafold2_ptm_model_1_seed_043 recycle=3 pLDDT=88.9 pTM=0.685 tol=0.0469
2026-07-22 21:36:47,969 alphafold2_ptm_model_1_seed_043 took 51.7s (3 recycles)
2026-07-22 21:37:00,769 alphafold2_ptm_model_2_seed_043 recycle=0 pLDDT=88.8 pTM=0.701
2026-07-22 21:37:13,498 alphafold2_ptm_model_2_seed_043 recycle=1 pLDDT=89.7 pTM=0.729 tol=0.156
2026-07-22 21:37:26,161 alphafold2_ptm_model_2_seed_043 recycle=2 pLDDT=89.9 pTM=0.733 tol=0.0627
2026-07-22 21:37:39,193 alphafold2_ptm_model_2_seed_043 recycle=3 pLDDT=89.9 pTM=0.733 tol=0.0541
2026-07-22 21:37:39,194 alphafold2_ptm_model_2_seed_043 took 51.1s (3 recycles)
2026-07-22 21:37:51,693 alphafold2_ptm_model_3_seed_043 recycle=0 pLDDT=86.1 pTM=0.627
2026-07-22 21:38:04,155 alphafold2_ptm_model_3_seed_043 recycle=1 pLDDT=88.5 pTM=0.679 tol=0.337
2026-07-22 21:38:16,969 alphafold2_ptm_model_3_seed_043 recycle=2 pLDDT=89 pTM=0.679 tol=0.0591
2026-07-22 21:38:29,814 alphafold2_ptm_model_3_seed_043 recycle=3 pLDDT=89.1 pTM=0.688 tol=0.0588
2026-07-22 21:38:29,815 alphafold2_ptm_model_3_seed_043 took 50.6s (3 recycles)
2026-07-22 21:38:42,953 alphafold2_ptm_model_4_seed_043 recycle=0 pLDDT=86.9 pTM=0.657
2026-07-22 21:38:55,860 alphafold2_ptm_model_4_seed_043 recycle=1 pLDDT=88.2 pTM=0.681 tol=0.125
2026-07-22 21:39:08,820 alphafold2_ptm_model_4_seed_043 recycle=2 pLDDT=88.6 pTM=0.689 tol=0.109
2026-07-22 21:39:21,337 alphafold2_ptm_model_4_seed_043 recycle=3 pLDDT=88.6 pTM=0.691 tol=0.0356
2026-07-22 21:39:21,338 alphafold2_ptm_model_4_seed_043 took 51.5s (3 recycles)
2026-07-22 21:39:34,347 alphafold2_ptm_model_5_seed_043 recycle=0 pLDDT=87.6 pTM=0.65
2026-07-22 21:39:47,429 alphafold2_ptm_model_5_seed_043 recycle=1 pLDDT=89.9 pTM=0.69 tol=0.167
2026-07-22 21:40:01,007 alphafold2_ptm_model_5_seed_043 recycle=2 pLDDT=90.2 pTM=0.698 tol=0.0489
2026-07-22 21:40:13,773 alphafold2_ptm_model_5_seed_043 recycle=3 pLDDT=90.4 pTM=0.702 tol=0.0384
2026-07-22 21:40:13,773 alphafold2_ptm_model_5_seed_043 took 52.4s (3 recycles)
2026-07-22 21:40:15,410 Padding length to 82
2026-07-22 21:40:28,296 alphafold2_ptm_model_1_seed_044 recycle=0 pLDDT=86 pTM=0.625
2026-07-22 21:40:40,763 alphafold2_ptm_model_1_seed_044 recycle=1 pLDDT=88.3 pTM=0.668 tol=0.168
2026-07-22 21:40:53,741 alphafold2_ptm_model_1_seed_044 recycle=2 pLDDT=88.6 pTM=0.683 tol=0.0861
2026-07-22 21:41:06,276 alphafold2_ptm_model_1_seed_044 recycle=3 pLDDT=88.8 pTM=0.683 tol=0.0495
2026-07-22 21:41:06,277 alphafold2_ptm_model_1_seed_044 took 50.9s (3 recycles)
2026-07-22 21:41:19,179 alphafold2_ptm_model_2_seed_044 recycle=0 pLDDT=88.6 pTM=0.698
2026-07-22 21:41:32,158 alphafold2_ptm_model_2_seed_044 recycle=1 pLDDT=89.8 pTM=0.731 tol=0.169
2026-07-22 21:41:44,760 alphafold2_ptm_model_2_seed_044 recycle=2 pLDDT=89.9 pTM=0.733 tol=0.0884
2026-07-22 21:41:57,146 alphafold2_ptm_model_2_seed_044 recycle=3 pLDDT=89.9 pTM=0.733 tol=0.0418
2026-07-22 21:41:57,147 alphafold2_ptm_model_2_seed_044 took 50.8s (3 recycles)
2026-07-22 21:42:09,728 alphafold2_ptm_model_3_seed_044 recycle=0 pLDDT=86.1 pTM=0.626
2026-07-22 21:42:22,541 alphafold2_ptm_model_3_seed_044 recycle=1 pLDDT=88.3 pTM=0.671 tol=0.293
2026-07-22 21:42:34,812 alphafold2_ptm_model_3_seed_044 recycle=2 pLDDT=88.9 pTM=0.676 tol=0.0629
2026-07-22 21:42:47,349 alphafold2_ptm_model_3_seed_044 recycle=3 pLDDT=88.9 pTM=0.686 tol=0.0525
2026-07-22 21:42:47,350 alphafold2_ptm_model_3_seed_044 took 50.1s (3 recycles)
2026-07-22 21:43:00,115 alphafold2_ptm_model_4_seed_044 recycle=0 pLDDT=87.2 pTM=0.659
2026-07-22 21:43:12,630 alphafold2_ptm_model_4_seed_044 recycle=1 pLDDT=88.2 pTM=0.68 tol=0.121
2026-07-22 21:43:25,293 alphafold2_ptm_model_4_seed_044 recycle=2 pLDDT=88.6 pTM=0.688 tol=0.087
2026-07-22 21:43:37,804 alphafold2_ptm_model_4_seed_044 recycle=3 pLDDT=88.6 pTM=0.691 tol=0.0369
2026-07-22 21:43:37,805 alphafold2_ptm_model_4_seed_044 took 50.4s (3 recycles)
2026-07-22 21:43:50,830 alphafold2_ptm_model_5_seed_044 recycle=0 pLDDT=87.6 pTM=0.646
2026-07-22 21:44:03,987 alphafold2_ptm_model_5_seed_044 recycle=1 pLDDT=90.1 pTM=0.688 tol=0.161
2026-07-22 21:44:16,513 alphafold2_ptm_model_5_seed_044 recycle=2 pLDDT=90.2 pTM=0.696 tol=0.053
2026-07-22 21:44:29,209 alphafold2_ptm_model_5_seed_044 recycle=3 pLDDT=90.6 pTM=0.704 tol=0.0374
2026-07-22 21:44:29,210 alphafold2_ptm_model_5_seed_044 took 51.3s (3 recycles)
2026-07-22 21:44:29,250 reranking models by 'plddt' metric
2026-07-22 21:44:29,250 rank_001_alphafold2_ptm_model_5_seed_044 pLDDT=90.6 pTM=0.704
2026-07-22 21:44:29,252 rank_002_alphafold2_ptm_model_5_seed_043 pLDDT=90.4 pTM=0.702
2026-07-22 21:44:29,254 rank_003_alphafold2_ptm_model_2_seed_043 pLDDT=89.9 pTM=0.733
2026-07-22 21:44:29,255 rank_004_alphafold2_ptm_model_2_seed_044 pLDDT=89.9 pTM=0.733
2026-07-22 21:44:29,257 rank_005_alphafold2_ptm_model_5_seed_042 pLDDT=89.9 pTM=0.697
2026-07-22 21:44:29,259 rank_006_alphafold2_ptm_model_2_seed_042 pLDDT=89.9 pTM=0.733
2026-07-22 21:44:29,260 rank_007_alphafold2_ptm_model_3_seed_043 pLDDT=89.1 pTM=0.688
2026-07-22 21:44:29,261 rank_008_alphafold2_ptm_model_3_seed_044 pLDDT=88.9 pTM=0.686
2026-07-22 21:44:29,263 rank_009_alphafold2_ptm_model_3_seed_042 pLDDT=88.9 pTM=0.689
2026-07-22 21:44:29,264 rank_010_alphafold2_ptm_model_1_seed_043 pLDDT=88.9 pTM=0.685
2026-07-22 21:44:29,266 rank_011_alphafold2_ptm_model_1_seed_042 pLDDT=88.8 pTM=0.685
2026-07-22 21:44:29,268 rank_012_alphafold2_ptm_model_1_seed_044 pLDDT=88.8 pTM=0.683
2026-07-22 21:44:29,269 rank_013_alphafold2_ptm_model_4_seed_044 pLDDT=88.6 pTM=0.691
2026-07-22 21:44:29,271 rank_014_alphafold2_ptm_model_4_seed_043 pLDDT=88.6 pTM=0.691
2026-07-22 21:44:29,272 rank_015_alphafold2_ptm_model_4_seed_042 pLDDT=88.6 pTM=0.692
2026-07-22 21:44:33,002 Query 7/723: 5KPH_4_6_6_0_combined_id3 (length 72)
2026-07-22 21:44:36,423 Padding length to 82
2026-07-22 21:44:48,725 alphafold2_ptm_model_1_seed_042 recycle=0 pLDDT=86.9 pTM=0.625
2026-07-22 21:45:01,953 alphafold2_ptm_model_1_seed_042 recycle=1 pLDDT=89.9 pTM=0.69 tol=0.148
2026-07-22 21:45:14,691 alphafold2_ptm_model_1_seed_042 recycle=2 pLDDT=90.4 pTM=0.701 tol=0.0529
2026-07-22 21:45:27,423 alphafold2_ptm_model_1_seed_042 recycle=3 pLDDT=90.5 pTM=0.704 tol=0.0263
2026-07-22 21:45:27,423 alphafold2_ptm_model_1_seed_042 took 51.0s (3 recycles)
2026-07-22 21:45:40,222 alphafold2_ptm_model_2_seed_042 recycle=0 pLDDT=91.2 pTM=0.729
2026-07-22 21:45:53,318 alphafold2_ptm_model_2_seed_042 recycle=1 pLDDT=91.8 pTM=0.742 tol=0.126
2026-07-22 21:46:06,025 alphafold2_ptm_model_2_seed_042 recycle=2 pLDDT=91.8 pTM=0.746 tol=0.0515
2026-07-22 21:46:18,664 alphafold2_ptm_model_2_seed_042 recycle=3 pLDDT=91.9 pTM=0.747 tol=0.0218
2026-07-22 21:46:18,665 alphafold2_ptm_model_2_seed_042 took 51.2s (3 recycles)
2026-07-22 21:46:31,576 alphafold2_ptm_model_3_seed_042 recycle=0 pLDDT=88.2 pTM=0.672
2026-07-22 21:46:44,677 alphafold2_ptm_model_3_seed_042 recycle=1 pLDDT=89.6 pTM=0.693 tol=0.188
2026-07-22 21:46:57,623 alphafold2_ptm_model_3_seed_042 recycle=2 pLDDT=90.3 pTM=0.708 tol=0.0892
2026-07-22 21:47:10,153 alphafold2_ptm_model_3_seed_042 recycle=3 pLDDT=90.6 pTM=0.715 tol=0.0648
2026-07-22 21:47:10,154 alphafold2_ptm_model_3_seed_042 took 51.5s (3 recycles)
2026-07-22 21:47:22,881 alphafold2_ptm_model_4_seed_042 recycle=0 pLDDT=87.6 pTM=0.667
2026-07-22 21:47:35,386 alphafold2_ptm_model_4_seed_042 recycle=1 pLDDT=90.4 pTM=0.707 tol=0.142
2026-07-22 21:47:48,182 alphafold2_ptm_model_4_seed_042 recycle=2 pLDDT=90.7 pTM=0.713 tol=0.0533
2026-07-22 21:48:00,866 alphafold2_ptm_model_4_seed_042 recycle=3 pLDDT=90.8 pTM=0.712 tol=0.0453
2026-07-22 21:48:00,867 alphafold2_ptm_model_4_seed_042 took 50.7s (3 recycles)
2026-07-22 21:48:13,597 alphafold2_ptm_model_5_seed_042 recycle=0 pLDDT=89.2 pTM=0.689
2026-07-22 21:48:25,917 alphafold2_ptm_model_5_seed_042 recycle=1 pLDDT=90.6 pTM=0.704 tol=0.182
2026-07-22 21:48:38,625 alphafold2_ptm_model_5_seed_042 recycle=2 pLDDT=91.2 pTM=0.713 tol=0.0623
2026-07-22 21:48:51,156 alphafold2_ptm_model_5_seed_042 recycle=3 pLDDT=91.4 pTM=0.714 tol=0.0376
2026-07-22 21:48:51,156 alphafold2_ptm_model_5_seed_042 took 50.2s (3 recycles)
2026-07-22 21:48:52,868 Padding length to 82
2026-07-22 21:49:05,358 alphafold2_ptm_model_1_seed_043 recycle=0 pLDDT=86.6 pTM=0.617
2026-07-22 21:49:18,240 alphafold2_ptm_model_1_seed_043 recycle=1 pLDDT=89.9 pTM=0.689 tol=0.161
2026-07-22 21:49:30,711 alphafold2_ptm_model_1_seed_043 recycle=2 pLDDT=90.4 pTM=0.699 tol=0.0612
2026-07-22 21:49:42,920 alphafold2_ptm_model_1_seed_043 recycle=3 pLDDT=90.5 pTM=0.703 tol=0.0343
2026-07-22 21:49:42,921 alphafold2_ptm_model_1_seed_043 took 50.1s (3 recycles)
2026-07-22 21:49:54,930 alphafold2_ptm_model_2_seed_043 recycle=0 pLDDT=91.4 pTM=0.731
2026-07-22 21:50:07,353 alphafold2_ptm_model_2_seed_043 recycle=1 pLDDT=92 pTM=0.747 tol=0.141
2026-07-22 21:50:19,895 alphafold2_ptm_model_2_seed_043 recycle=2 pLDDT=91.9 pTM=0.747 tol=0.0512
2026-07-22 21:50:32,061 alphafold2_ptm_model_2_seed_043 recycle=3 pLDDT=92 pTM=0.748 tol=0.0192
2026-07-22 21:50:32,062 alphafold2_ptm_model_2_seed_043 took 49.1s (3 recycles)
2026-07-22 21:50:44,610 alphafold2_ptm_model_3_seed_043 recycle=0 pLDDT=87.9 pTM=0.667
2026-07-22 21:50:57,297 alphafold2_ptm_model_3_seed_043 recycle=1 pLDDT=89.7 pTM=0.695 tol=0.168
2026-07-22 21:51:09,617 alphafold2_ptm_model_3_seed_043 recycle=2 pLDDT=90.2 pTM=0.707 tol=0.081
2026-07-22 21:51:22,540 alphafold2_ptm_model_3_seed_043 recycle=3 pLDDT=90.6 pTM=0.713 tol=0.0713
2026-07-22 21:51:22,541 alphafold2_ptm_model_3_seed_043 took 50.4s (3 recycles)
2026-07-22 21:51:35,386 alphafold2_ptm_model_4_seed_043 recycle=0 pLDDT=87.6 pTM=0.663
2026-07-22 21:51:47,812 alphafold2_ptm_model_4_seed_043 recycle=1 pLDDT=90.4 pTM=0.708 tol=0.137
2026-07-22 21:52:00,299 alphafold2_ptm_model_4_seed_043 recycle=2 pLDDT=90.7 pTM=0.712 tol=0.0551
2026-07-22 21:52:13,060 alphafold2_ptm_model_4_seed_043 recycle=3 pLDDT=90.9 pTM=0.714 tol=0.0377
2026-07-22 21:52:13,061 alphafold2_ptm_model_4_seed_043 took 50.5s (3 recycles)
2026-07-22 21:52:26,135 alphafold2_ptm_model_5_seed_043 recycle=0 pLDDT=88.9 pTM=0.68
2026-07-22 21:52:39,107 alphafold2_ptm_model_5_seed_043 recycle=1 pLDDT=90.7 pTM=0.706 tol=0.155
2026-07-22 21:52:52,824 alphafold2_ptm_model_5_seed_043 recycle=2 pLDDT=91.1 pTM=0.711 tol=0.0572
2026-07-22 21:53:05,654 alphafold2_ptm_model_5_seed_043 recycle=3 pLDDT=91.4 pTM=0.715 tol=0.0363
2026-07-22 21:53:05,654 alphafold2_ptm_model_5_seed_043 took 52.5s (3 recycles)
2026-07-22 21:53:07,259 Padding length to 82
2026-07-22 21:53:19,682 alphafold2_ptm_model_1_seed_044 recycle=0 pLDDT=86.4 pTM=0.614
2026-07-22 21:53:31,620 alphafold2_ptm_model_1_seed_044 recycle=1 pLDDT=89.9 pTM=0.689 tol=0.142
2026-07-22 21:53:43,944 alphafold2_ptm_model_1_seed_044 recycle=2 pLDDT=90.4 pTM=0.699 tol=0.0554
2026-07-22 21:53:56,819 alphafold2_ptm_model_1_seed_044 recycle=3 pLDDT=90.5 pTM=0.703 tol=0.0289
2026-07-22 21:53:56,819 alphafold2_ptm_model_1_seed_044 took 49.6s (3 recycles)
2026-07-22 21:54:09,795 alphafold2_ptm_model_2_seed_044 recycle=0 pLDDT=91.2 pTM=0.729
2026-07-22 21:54:22,069 alphafold2_ptm_model_2_seed_044 recycle=1 pLDDT=91.9 pTM=0.744 tol=0.131
2026-07-22 21:54:34,016 alphafold2_ptm_model_2_seed_044 recycle=2 pLDDT=91.9 pTM=0.746 tol=0.0544
2026-07-22 21:54:46,436 alphafold2_ptm_model_2_seed_044 recycle=3 pLDDT=92 pTM=0.748 tol=0.0197
2026-07-22 21:54:46,437 alphafold2_ptm_model_2_seed_044 took 49.5s (3 recycles)
2026-07-22 21:54:58,838 alphafold2_ptm_model_3_seed_044 recycle=0 pLDDT=88.4 pTM=0.677
2026-07-22 21:55:11,679 alphafold2_ptm_model_3_seed_044 recycle=1 pLDDT=89.6 pTM=0.692 tol=0.187
2026-07-22 21:55:23,319 alphafold2_ptm_model_3_seed_044 recycle=2 pLDDT=90.3 pTM=0.708 tol=0.0835
2026-07-22 21:55:35,224 alphafold2_ptm_model_3_seed_044 recycle=3 pLDDT=90.6 pTM=0.714 tol=0.0743
2026-07-22 21:55:35,225 alphafold2_ptm_model_3_seed_044 took 48.7s (3 recycles)
2026-07-22 21:55:48,047 alphafold2_ptm_model_4_seed_044 recycle=0 pLDDT=87.8 pTM=0.666
2026-07-22 21:56:00,539 alphafold2_ptm_model_4_seed_044 recycle=1 pLDDT=90.4 pTM=0.706 tol=0.142
2026-07-22 21:56:12,823 alphafold2_ptm_model_4_seed_044 recycle=2 pLDDT=90.8 pTM=0.712 tol=0.0557
2026-07-22 21:56:25,288 alphafold2_ptm_model_4_seed_044 recycle=3 pLDDT=90.8 pTM=0.714 tol=0.0432
2026-07-22 21:56:25,289 alphafold2_ptm_model_4_seed_044 took 50.0s (3 recycles)
2026-07-22 21:56:37,866 alphafold2_ptm_model_5_seed_044 recycle=0 pLDDT=89.1 pTM=0.685
2026-07-22 21:56:50,245 alphafold2_ptm_model_5_seed_044 recycle=1 pLDDT=90.8 pTM=0.705 tol=0.169
2026-07-22 21:57:01,928 alphafold2_ptm_model_5_seed_044 recycle=2 pLDDT=91.2 pTM=0.711 tol=0.0655
2026-07-22 21:57:14,232 alphafold2_ptm_model_5_seed_044 recycle=3 pLDDT=91.4 pTM=0.715 tol=0.04
2026-07-22 21:57:14,234 alphafold2_ptm_model_5_seed_044 took 48.9s (3 recycles)
2026-07-22 21:57:14,278 reranking models by 'plddt' metric
2026-07-22 21:57:14,278 rank_001_alphafold2_ptm_model_2_seed_044 pLDDT=92 pTM=0.748
2026-07-22 21:57:14,280 rank_002_alphafold2_ptm_model_2_seed_043 pLDDT=92 pTM=0.748
2026-07-22 21:57:14,282 rank_003_alphafold2_ptm_model_2_seed_042 pLDDT=91.9 pTM=0.747
2026-07-22 21:57:14,284 rank_004_alphafold2_ptm_model_5_seed_043 pLDDT=91.4 pTM=0.715
2026-07-22 21:57:14,286 rank_005_alphafold2_ptm_model_5_seed_044 pLDDT=91.4 pTM=0.715
2026-07-22 21:57:14,287 rank_006_alphafold2_ptm_model_5_seed_042 pLDDT=91.4 pTM=0.714
2026-07-22 21:57:14,289 rank_007_alphafold2_ptm_model_4_seed_043 pLDDT=90.9 pTM=0.714
2026-07-22 21:57:14,291 rank_008_alphafold2_ptm_model_4_seed_044 pLDDT=90.8 pTM=0.714
2026-07-22 21:57:14,292 rank_009_alphafold2_ptm_model_4_seed_042 pLDDT=90.8 pTM=0.712
2026-07-22 21:57:14,294 rank_010_alphafold2_ptm_model_3_seed_044 pLDDT=90.6 pTM=0.714
2026-07-22 21:57:14,296 rank_011_alphafold2_ptm_model_3_seed_042 pLDDT=90.6 pTM=0.715
2026-07-22 21:57:14,298 rank_012_alphafold2_ptm_model_3_seed_043 pLDDT=90.6 pTM=0.713
2026-07-22 21:57:14,299 rank_013_alphafold2_ptm_model_1_seed_044 pLDDT=90.5 pTM=0.703
2026-07-22 21:57:14,301 rank_014_alphafold2_ptm_model_1_seed_043 pLDDT=90.5 pTM=0.703
2026-07-22 21:57:14,303 rank_015_alphafold2_ptm_model_1_seed_042 pLDDT=90.5 pTM=0.704
2026-07-22 21:57:18,341 Query 8/723: 5KPH_4_6_6_0_combined_id4 (length 72)
2026-07-22 21:57:22,036 Padding length to 82
2026-07-22 21:57:34,596 alphafold2_ptm_model_1_seed_042 recycle=0 pLDDT=82.8 pTM=0.646
2026-07-22 21:57:47,173 alphafold2_ptm_model_1_seed_042 recycle=1 pLDDT=84.1 pTM=0.666 tol=0.287
2026-07-22 21:58:00,275 alphafold2_ptm_model_1_seed_042 recycle=2 pLDDT=84.1 pTM=0.668 tol=0.108
2026-07-22 21:58:13,510 alphafold2_ptm_model_1_seed_042 recycle=3 pLDDT=84 pTM=0.666 tol=0.224
2026-07-22 21:58:13,511 alphafold2_ptm_model_1_seed_042 took 51.5s (3 recycles)
2026-07-22 21:58:26,709 alphafold2_ptm_model_2_seed_042 recycle=0 pLDDT=85 pTM=0.662
2026-07-22 21:58:39,390 alphafold2_ptm_model_2_seed_042 recycle=1 pLDDT=85.7 pTM=0.673 tol=0.317
2026-07-22 21:58:51,666 alphafold2_ptm_model_2_seed_042 recycle=2 pLDDT=85.4 pTM=0.664 tol=0.493
2026-07-22 21:59:03,891 alphafold2_ptm_model_2_seed_042 recycle=3 pLDDT=85.6 pTM=0.667 tol=0.343
2026-07-22 21:59:03,892 alphafold2_ptm_model_2_seed_042 took 50.3s (3 recycles)
2026-07-22 21:59:16,377 alphafold2_ptm_model_3_seed_042 recycle=0 pLDDT=83.4 pTM=0.64
2026-07-22 21:59:28,835 alphafold2_ptm_model_3_seed_042 recycle=1 pLDDT=85.2 pTM=0.667 tol=1.02
2026-07-22 21:59:41,156 alphafold2_ptm_model_3_seed_042 recycle=2 pLDDT=85.4 pTM=0.666 tol=0.616
2026-07-22 21:59:53,648 alphafold2_ptm_model_3_seed_042 recycle=3 pLDDT=85.6 pTM=0.67 tol=0.311
2026-07-22 21:59:53,649 alphafold2_ptm_model_3_seed_042 took 49.7s (3 recycles)
2026-07-22 22:00:06,506 alphafold2_ptm_model_4_seed_042 recycle=0 pLDDT=84.6 pTM=0.669
2026-07-22 22:00:18,091 alphafold2_ptm_model_4_seed_042 recycle=1 pLDDT=84.6 pTM=0.673 tol=0.693
2026-07-22 22:00:30,274 alphafold2_ptm_model_4_seed_042 recycle=2 pLDDT=84.1 pTM=0.676 tol=0.395
2026-07-22 22:00:42,362 alphafold2_ptm_model_4_seed_042 recycle=3 pLDDT=84.8 pTM=0.675 tol=0.81
2026-07-22 22:00:42,362 alphafold2_ptm_model_4_seed_042 took 48.6s (3 recycles)
2026-07-22 22:00:54,553 alphafold2_ptm_model_5_seed_042 recycle=0 pLDDT=84.5 pTM=0.641
2026-07-22 22:01:07,581 alphafold2_ptm_model_5_seed_042 recycle=1 pLDDT=85.9 pTM=0.668 tol=0.266
2026-07-22 22:01:20,357 alphafold2_ptm_model_5_seed_042 recycle=2 pLDDT=86.5 pTM=0.67 tol=0.0693
2026-07-22 22:01:32,282 alphafold2_ptm_model_5_seed_042 recycle=3 pLDDT=87.2 pTM=0.675 tol=0.0411
2026-07-22 22:01:32,283 alphafold2_ptm_model_5_seed_042 took 49.9s (3 recycles)
2026-07-22 22:01:33,673 Padding length to 82
2026-07-22 22:01:45,726 alphafold2_ptm_model_1_seed_043 recycle=0 pLDDT=82.9 pTM=0.648
2026-07-22 22:01:58,311 alphafold2_ptm_model_1_seed_043 recycle=1 pLDDT=84 pTM=0.667 tol=0.256
2026-07-22 22:02:11,201 alphafold2_ptm_model_1_seed_043 recycle=2 pLDDT=84.1 pTM=0.669 tol=0.124
2026-07-22 22:02:23,580 alphafold2_ptm_model_1_seed_043 recycle=3 pLDDT=84.1 pTM=0.666 tol=0.165
2026-07-22 22:02:23,581 alphafold2_ptm_model_1_seed_043 took 49.9s (3 recycles)
2026-07-22 22:02:36,840 alphafold2_ptm_model_2_seed_043 recycle=0 pLDDT=85 pTM=0.661
2026-07-22 22:02:49,819 alphafold2_ptm_model_2_seed_043 recycle=1 pLDDT=85.6 pTM=0.676 tol=0.277
2026-07-22 22:03:02,089 alphafold2_ptm_model_2_seed_043 recycle=2 pLDDT=85.1 pTM=0.663 tol=0.413
2026-07-22 22:03:14,564 alphafold2_ptm_model_2_seed_043 recycle=3 pLDDT=85.4 pTM=0.668 tol=0.311
2026-07-22 22:03:14,564 alphafold2_ptm_model_2_seed_043 took 50.9s (3 recycles)
2026-07-22 22:03:27,252 alphafold2_ptm_model_3_seed_043 recycle=0 pLDDT=83.4 pTM=0.637
2026-07-22 22:03:39,863 alphafold2_ptm_model_3_seed_043 recycle=1 pLDDT=84.9 pTM=0.667 tol=1.14
2026-07-22 22:03:52,184 alphafold2_ptm_model_3_seed_043 recycle=2 pLDDT=85.3 pTM=0.667 tol=0.605
2026-07-22 22:04:05,238 alphafold2_ptm_model_3_seed_043 recycle=3 pLDDT=85.7 pTM=0.672 tol=0.349
2026-07-22 22:04:05,239 alphafold2_ptm_model_3_seed_043 took 50.4s (3 recycles)
2026-07-22 22:04:18,703 alphafold2_ptm_model_4_seed_043 recycle=0 pLDDT=84.9 pTM=0.669
2026-07-22 22:04:31,793 alphafold2_ptm_model_4_seed_043 recycle=1 pLDDT=84.6 pTM=0.672 tol=0.989
2026-07-22 22:04:45,274 alphafold2_ptm_model_4_seed_043 recycle=2 pLDDT=83.9 pTM=0.681 tol=1.03
2026-07-22 22:04:59,100 alphafold2_ptm_model_4_seed_043 recycle=3 pLDDT=84.8 pTM=0.675 tol=0.618
2026-07-22 22:04:59,102 alphafold2_ptm_model_4_seed_043 took 53.8s (3 recycles)
2026-07-22 22:05:11,999 alphafold2_ptm_model_5_seed_043 recycle=0 pLDDT=83.9 pTM=0.635
2026-07-22 22:05:24,354 alphafold2_ptm_model_5_seed_043 recycle=1 pLDDT=85.8 pTM=0.666 tol=0.266
2026-07-22 22:05:37,695 alphafold2_ptm_model_5_seed_043 recycle=2 pLDDT=86.3 pTM=0.667 tol=0.076
2026-07-22 22:05:50,276 alphafold2_ptm_model_5_seed_043 recycle=3 pLDDT=86.9 pTM=0.673 tol=0.0315
2026-07-22 22:05:50,277 alphafold2_ptm_model_5_seed_043 took 51.1s (3 recycles)
2026-07-22 22:05:52,424 Padding length to 82
2026-07-22 22:06:05,524 alphafold2_ptm_model_1_seed_044 recycle=0 pLDDT=83 pTM=0.649
2026-07-22 22:06:18,718 alphafold2_ptm_model_1_seed_044 recycle=1 pLDDT=84.2 pTM=0.67 tol=0.257
2026-07-22 22:06:32,329 alphafold2_ptm_model_1_seed_044 recycle=2 pLDDT=84.4 pTM=0.672 tol=0.163
2026-07-22 22:06:45,544 alphafold2_ptm_model_1_seed_044 recycle=3 pLDDT=84.1 pTM=0.667 tol=0.18
2026-07-22 22:06:45,545 alphafold2_ptm_model_1_seed_044 took 53.1s (3 recycles)
2026-07-22 22:06:58,375 alphafold2_ptm_model_2_seed_044 recycle=0 pLDDT=84.9 pTM=0.662
2026-07-22 22:07:10,895 alphafold2_ptm_model_2_seed_044 recycle=1 pLDDT=85.2 pTM=0.674 tol=0.454
2026-07-22 22:07:23,442 alphafold2_ptm_model_2_seed_044 recycle=2 pLDDT=85.4 pTM=0.666 tol=0.566
2026-07-22 22:07:36,312 alphafold2_ptm_model_2_seed_044 recycle=3 pLDDT=85.6 pTM=0.667 tol=0.375
2026-07-22 22:07:36,313 alphafold2_ptm_model_2_seed_044 took 50.7s (3 recycles)
2026-07-22 22:07:48,975 alphafold2_ptm_model_3_seed_044 recycle=0 pLDDT=82.9 pTM=0.637
2026-07-22 22:08:01,665 alphafold2_ptm_model_3_seed_044 recycle=1 pLDDT=85.1 pTM=0.667 tol=0.986
2026-07-22 22:08:14,922 alphafold2_ptm_model_3_seed_044 recycle=2 pLDDT=85.2 pTM=0.666 tol=0.625
2026-07-22 22:08:27,188 alphafold2_ptm_model_3_seed_044 recycle=3 pLDDT=85.6 pTM=0.671 tol=0.364
2026-07-22 22:08:27,189 alphafold2_ptm_model_3_seed_044 took 50.8s (3 recycles)
2026-07-22 22:08:39,901 alphafold2_ptm_model_4_seed_044 recycle=0 pLDDT=84.8 pTM=0.671
2026-07-22 22:08:53,223 alphafold2_ptm_model_4_seed_044 recycle=1 pLDDT=85.1 pTM=0.683 tol=0.701
2026-07-22 22:09:05,940 alphafold2_ptm_model_4_seed_044 recycle=2 pLDDT=84.2 pTM=0.681 tol=0.246
2026-07-22 22:09:18,914 alphafold2_ptm_model_4_seed_044 recycle=3 pLDDT=85.1 pTM=0.682 tol=0.588
2026-07-22 22:09:18,915 alphafold2_ptm_model_4_seed_044 took 51.6s (3 recycles)
2026-07-22 22:09:32,444 alphafold2_ptm_model_5_seed_044 recycle=0 pLDDT=84.2 pTM=0.639
2026-07-22 22:09:44,765 alphafold2_ptm_model_5_seed_044 recycle=1 pLDDT=85.6 pTM=0.666 tol=0.28
2026-07-22 22:09:56,772 alphafold2_ptm_model_5_seed_044 recycle=2 pLDDT=86.4 pTM=0.667 tol=0.0654
2026-07-22 22:10:09,131 alphafold2_ptm_model_5_seed_044 recycle=3 pLDDT=87.1 pTM=0.674 tol=0.0432
2026-07-22 22:10:09,132 alphafold2_ptm_model_5_seed_044 took 50.2s (3 recycles)
2026-07-22 22:10:09,190 reranking models by 'plddt' metric
2026-07-22 22:10:09,190 rank_001_alphafold2_ptm_model_5_seed_042 pLDDT=87.2 pTM=0.675
2026-07-22 22:10:09,192 rank_002_alphafold2_ptm_model_5_seed_044 pLDDT=87.1 pTM=0.674
2026-07-22 22:10:09,194 rank_003_alphafold2_ptm_model_5_seed_043 pLDDT=86.9 pTM=0.673
2026-07-22 22:10:09,196 rank_004_alphafold2_ptm_model_3_seed_043 pLDDT=85.7 pTM=0.672
2026-07-22 22:10:09,197 rank_005_alphafold2_ptm_model_3_seed_042 pLDDT=85.6 pTM=0.67
2026-07-22 22:10:09,199 rank_006_alphafold2_ptm_model_3_seed_044 pLDDT=85.6 pTM=0.671
2026-07-22 22:10:09,201 rank_007_alphafold2_ptm_model_2_seed_044 pLDDT=85.6 pTM=0.667
2026-07-22 22:10:09,202 rank_008_alphafold2_ptm_model_2_seed_042 pLDDT=85.6 pTM=0.667
2026-07-22 22:10:09,204 rank_009_alphafold2_ptm_model_2_seed_043 pLDDT=85.4 pTM=0.668
2026-07-22 22:10:09,206 rank_010_alphafold2_ptm_model_4_seed_044 pLDDT=85.1 pTM=0.682
2026-07-22 22:10:09,207 rank_011_alphafold2_ptm_model_4_seed_043 pLDDT=84.8 pTM=0.675
2026-07-22 22:10:09,209 rank_012_alphafold2_ptm_model_4_seed_042 pLDDT=84.8 pTM=0.675
2026-07-22 22:10:09,210 rank_013_alphafold2_ptm_model_1_seed_044 pLDDT=84.1 pTM=0.667
2026-07-22 22:10:09,212 rank_014_alphafold2_ptm_model_1_seed_043 pLDDT=84.1 pTM=0.666
2026-07-22 22:10:09,214 rank_015_alphafold2_ptm_model_1_seed_042 pLDDT=84 pTM=0.666
2026-07-22 22:10:12,820 Query 9/723: 5KPH_4_6_6_0_combined_id7 (length 72)
2026-07-22 22:10:16,147 Padding length to 82
2026-07-22 22:10:28,886 alphafold2_ptm_model_1_seed_042 recycle=0 pLDDT=83.8 pTM=0.642
2026-07-22 22:10:41,793 alphafold2_ptm_model_1_seed_042 recycle=1 pLDDT=84.8 pTM=0.662 tol=0.338
2026-07-22 22:10:54,280 alphafold2_ptm_model_1_seed_042 recycle=2 pLDDT=85.1 pTM=0.669 tol=0.192
2026-07-22 22:11:08,278 alphafold2_ptm_model_1_seed_042 recycle=3 pLDDT=84.9 pTM=0.666 tol=0.0978
2026-07-22 22:11:08,278 alphafold2_ptm_model_1_seed_042 took 52.1s (3 recycles)
2026-07-22 22:11:21,763 alphafold2_ptm_model_2_seed_042 recycle=0 pLDDT=85.2 pTM=0.669
2026-07-22 22:11:34,447 alphafold2_ptm_model_2_seed_042 recycle=1 pLDDT=86.2 pTM=0.671 tol=0.521
2026-07-22 22:11:47,563 alphafold2_ptm_model_2_seed_042 recycle=2 pLDDT=85.9 pTM=0.666 tol=0.292
2026-07-22 22:11:59,140 alphafold2_ptm_model_2_seed_042 recycle=3 pLDDT=86 pTM=0.667 tol=0.181
2026-07-22 22:11:59,141 alphafold2_ptm_model_2_seed_042 took 50.8s (3 recycles)
2026-07-22 22:12:10,781 alphafold2_ptm_model_3_seed_042 recycle=0 pLDDT=83.5 pTM=0.621
2026-07-22 22:12:22,298 alphafold2_ptm_model_3_seed_042 recycle=1 pLDDT=85.2 pTM=0.642 tol=0.526
2026-07-22 22:12:34,150 alphafold2_ptm_model_3_seed_042 recycle=2 pLDDT=86.1 pTM=0.652 tol=0.26
2026-07-22 22:12:45,994 alphafold2_ptm_model_3_seed_042 recycle=3 pLDDT=86.4 pTM=0.653 tol=0.125
2026-07-22 22:12:45,994 alphafold2_ptm_model_3_seed_042 took 46.8s (3 recycles)
2026-07-22 22:12:58,012 alphafold2_ptm_model_4_seed_042 recycle=0 pLDDT=87 pTM=0.682
2026-07-22 22:13:11,770 alphafold2_ptm_model_4_seed_042 recycle=1 pLDDT=85.2 pTM=0.67 tol=0.324
2026-07-22 22:13:24,398 alphafold2_ptm_model_4_seed_042 recycle=2 pLDDT=85.2 pTM=0.673 tol=0.188
2026-07-22 22:13:37,068 alphafold2_ptm_model_4_seed_042 recycle=3 pLDDT=84.9 pTM=0.666 tol=0.115
2026-07-22 22:13:37,069 alphafold2_ptm_model_4_seed_042 took 51.0s (3 recycles)
2026-07-22 22:13:48,733 alphafold2_ptm_model_5_seed_042 recycle=0 pLDDT=82.1 pTM=0.612
2026-07-22 22:14:00,834 alphafold2_ptm_model_5_seed_042 recycle=1 pLDDT=85.4 pTM=0.651 tol=0.301
2026-07-22 22:14:13,841 alphafold2_ptm_model_5_seed_042 recycle=2 pLDDT=85.6 pTM=0.654 tol=0.106
2026-07-22 22:14:26,883 alphafold2_ptm_model_5_seed_042 recycle=3 pLDDT=85.9 pTM=0.652 tol=0.071
2026-07-22 22:14:26,884 alphafold2_ptm_model_5_seed_042 took 49.8s (3 recycles)
2026-07-22 22:14:28,957 Padding length to 82
2026-07-22 22:14:42,301 alphafold2_ptm_model_1_seed_043 recycle=0 pLDDT=83.1 pTM=0.635
2026-07-22 22:14:54,647 alphafold2_ptm_model_1_seed_043 recycle=1 pLDDT=84.8 pTM=0.664 tol=0.345
2026-07-22 22:15:07,214 alphafold2_ptm_model_1_seed_043 recycle=2 pLDDT=84.9 pTM=0.667 tol=0.2
2026-07-22 22:15:19,567 alphafold2_ptm_model_1_seed_043 recycle=3 pLDDT=84.8 pTM=0.666 tol=0.082
2026-07-22 22:15:19,567 alphafold2_ptm_model_1_seed_043 took 50.6s (3 recycles)
2026-07-22 22:15:32,537 alphafold2_ptm_model_2_seed_043 recycle=0 pLDDT=84.6 pTM=0.665
2026-07-22 22:15:44,926 alphafold2_ptm_model_2_seed_043 recycle=1 pLDDT=86.3 pTM=0.673 tol=0.525
2026-07-22 22:15:57,457 alphafold2_ptm_model_2_seed_043 recycle=2 pLDDT=85.9 pTM=0.665 tol=0.284
2026-07-22 22:16:09,251 alphafold2_ptm_model_2_seed_043 recycle=3 pLDDT=85.9 pTM=0.666 tol=0.0953
2026-07-22 22:16:09,251 alphafold2_ptm_model_2_seed_043 took 49.6s (3 recycles)
2026-07-22 22:16:21,282 alphafold2_ptm_model_3_seed_043 recycle=0 pLDDT=83.3 pTM=0.619
2026-07-22 22:16:33,381 alphafold2_ptm_model_3_seed_043 recycle=1 pLDDT=85.2 pTM=0.644 tol=0.473
2026-07-22 22:16:45,782 alphafold2_ptm_model_3_seed_043 recycle=2 pLDDT=86.1 pTM=0.651 tol=0.234
2026-07-22 22:16:57,518 alphafold2_ptm_model_3_seed_043 recycle=3 pLDDT=86.4 pTM=0.652 tol=0.115
2026-07-22 22:16:57,519 alphafold2_ptm_model_3_seed_043 took 48.2s (3 recycles)
2026-07-22 22:17:09,956 alphafold2_ptm_model_4_seed_043 recycle=0 pLDDT=86.8 pTM=0.678
2026-07-22 22:17:21,960 alphafold2_ptm_model_4_seed_043 recycle=1 pLDDT=85.3 pTM=0.672 tol=0.362
2026-07-22 22:17:34,152 alphafold2_ptm_model_4_seed_043 recycle=2 pLDDT=85.1 pTM=0.669 tol=0.168
2026-07-22 22:17:46,673 alphafold2_ptm_model_4_seed_043 recycle=3 pLDDT=84.9 pTM=0.666 tol=0.182
2026-07-22 22:17:46,673 alphafold2_ptm_model_4_seed_043 took 49.0s (3 recycles)
2026-07-22 22:17:59,599 alphafold2_ptm_model_5_seed_043 recycle=0 pLDDT=83.2 pTM=0.621
2026-07-22 22:18:12,103 alphafold2_ptm_model_5_seed_043 recycle=1 pLDDT=85.7 pTM=0.657 tol=0.507
2026-07-22 22:18:25,096 alphafold2_ptm_model_5_seed_043 recycle=2 pLDDT=85.8 pTM=0.654 tol=0.138
2026-07-22 22:18:37,208 alphafold2_ptm_model_5_seed_043 recycle=3 pLDDT=85.9 pTM=0.654 tol=0.0717
2026-07-22 22:18:37,209 alphafold2_ptm_model_5_seed_043 took 50.5s (3 recycles)
2026-07-22 22:18:38,916 Padding length to 82
2026-07-22 22:18:51,567 alphafold2_ptm_model_1_seed_044 recycle=0 pLDDT=83.3 pTM=0.64
2026-07-22 22:19:03,730 alphafold2_ptm_model_1_seed_044 recycle=1 pLDDT=84.8 pTM=0.664 tol=0.395
2026-07-22 22:19:17,476 alphafold2_ptm_model_1_seed_044 recycle=2 pLDDT=85.2 pTM=0.669 tol=0.217
2026-07-22 22:19:30,716 alphafold2_ptm_model_1_seed_044 recycle=3 pLDDT=84.9 pTM=0.666 tol=0.0781
2026-07-22 22:19:30,717 alphafold2_ptm_model_1_seed_044 took 51.8s (3 recycles)
2026-07-22 22:19:44,158 alphafold2_ptm_model_2_seed_044 recycle=0 pLDDT=85.6 pTM=0.675
2026-07-22 22:19:57,529 alphafold2_ptm_model_2_seed_044 recycle=1 pLDDT=86.4 pTM=0.674 tol=0.65
2026-07-22 22:20:09,800 alphafold2_ptm_model_2_seed_044 recycle=2 pLDDT=85.9 pTM=0.664 tol=0.305
2026-07-22 22:20:22,542 alphafold2_ptm_model_2_seed_044 recycle=3 pLDDT=86.1 pTM=0.667 tol=0.127
2026-07-22 22:20:22,543 alphafold2_ptm_model_2_seed_044 took 51.8s (3 recycles)
2026-07-22 22:20:34,768 alphafold2_ptm_model_3_seed_044 recycle=0 pLDDT=83.4 pTM=0.624
2026-07-22 22:20:48,417 alphafold2_ptm_model_3_seed_044 recycle=1 pLDDT=85.4 pTM=0.646 tol=0.473
2026-07-22 22:21:02,255 alphafold2_ptm_model_3_seed_044 recycle=2 pLDDT=86.1 pTM=0.65 tol=0.196
2026-07-22 22:21:14,647 alphafold2_ptm_model_3_seed_044 recycle=3 pLDDT=86.4 pTM=0.654 tol=0.0902
2026-07-22 22:21:14,647 alphafold2_ptm_model_3_seed_044 took 52.0s (3 recycles)
2026-07-22 22:21:27,192 alphafold2_ptm_model_4_seed_044 recycle=0 pLDDT=86.8 pTM=0.677
2026-07-22 22:21:39,373 alphafold2_ptm_model_4_seed_044 recycle=1 pLDDT=85.4 pTM=0.672 tol=0.402
2026-07-22 22:21:51,247 alphafold2_ptm_model_4_seed_044 recycle=2 pLDDT=85 pTM=0.668 tol=0.171
2026-07-22 22:22:03,325 alphafold2_ptm_model_4_seed_044 recycle=3 pLDDT=85 pTM=0.667 tol=0.179
2026-07-22 22:22:03,326 alphafold2_ptm_model_4_seed_044 took 48.6s (3 recycles)
2026-07-22 22:22:15,617 alphafold2_ptm_model_5_seed_044 recycle=0 pLDDT=81.6 pTM=0.608
2026-07-22 22:22:27,394 alphafold2_ptm_model_5_seed_044 recycle=1 pLDDT=85.4 pTM=0.652 tol=0.261
2026-07-22 22:22:39,887 alphafold2_ptm_model_5_seed_044 recycle=2 pLDDT=85.6 pTM=0.651 tol=0.116
2026-07-22 22:22:52,651 alphafold2_ptm_model_5_seed_044 recycle=3 pLDDT=85.9 pTM=0.653 tol=0.054
2026-07-22 22:22:52,652 alphafold2_ptm_model_5_seed_044 took 49.2s (3 recycles)
2026-07-22 22:22:52,710 reranking models by 'plddt' metric
2026-07-22 22:22:52,711 rank_001_alphafold2_ptm_model_3_seed_044 pLDDT=86.4 pTM=0.654
2026-07-22 22:22:52,712 rank_002_alphafold2_ptm_model_3_seed_042 pLDDT=86.4 pTM=0.653
2026-07-22 22:22:52,714 rank_003_alphafold2_ptm_model_3_seed_043 pLDDT=86.4 pTM=0.652
2026-07-22 22:22:52,716 rank_004_alphafold2_ptm_model_2_seed_044 pLDDT=86.1 pTM=0.667
2026-07-22 22:22:52,718 rank_005_alphafold2_ptm_model_2_seed_042 pLDDT=86 pTM=0.667
2026-07-22 22:22:52,720 rank_006_alphafold2_ptm_model_5_seed_043 pLDDT=85.9 pTM=0.654
2026-07-22 22:22:52,721 rank_007_alphafold2_ptm_model_5_seed_044 pLDDT=85.9 pTM=0.653
2026-07-22 22:22:52,723 rank_008_alphafold2_ptm_model_2_seed_043 pLDDT=85.9 pTM=0.666
2026-07-22 22:22:52,725 rank_009_alphafold2_ptm_model_5_seed_042 pLDDT=85.9 pTM=0.652
2026-07-22 22:22:52,727 rank_010_alphafold2_ptm_model_4_seed_044 pLDDT=85 pTM=0.667
2026-07-22 22:22:52,728 rank_011_alphafold2_ptm_model_1_seed_044 pLDDT=84.9 pTM=0.666
2026-07-22 22:22:52,730 rank_012_alphafold2_ptm_model_4_seed_042 pLDDT=84.9 pTM=0.666
2026-07-22 22:22:52,732 rank_013_alphafold2_ptm_model_4_seed_043 pLDDT=84.9 pTM=0.666
2026-07-22 22:22:52,734 rank_014_alphafold2_ptm_model_1_seed_042 pLDDT=84.9 pTM=0.666
2026-07-22 22:22:52,736 rank_015_alphafold2_ptm_model_1_seed_043 pLDDT=84.8 pTM=0.666
2026-07-22 22:22:57,105 Query 10/723: 5KPH_4_6_6_0_combined_id8 (length 72)
2026-07-22 22:23:00,040 Padding length to 82
2026-07-22 22:23:13,819 alphafold2_ptm_model_1_seed_042 recycle=0 pLDDT=87.7 pTM=0.653
2026-07-22 22:23:27,328 alphafold2_ptm_model_1_seed_042 recycle=1 pLDDT=90.8 pTM=0.706 tol=0.21
2026-07-22 22:23:39,870 alphafold2_ptm_model_1_seed_042 recycle=2 pLDDT=91.4 pTM=0.721 tol=0.0562
2026-07-22 22:23:52,509 alphafold2_ptm_model_1_seed_042 recycle=3 pLDDT=91.6 pTM=0.726 tol=0.0303
2026-07-22 22:23:52,509 alphafold2_ptm_model_1_seed_042 took 52.5s (3 recycles)
2026-07-22 22:24:06,278 alphafold2_ptm_model_2_seed_042 recycle=0 pLDDT=90.9 pTM=0.723
2026-07-22 22:24:19,126 alphafold2_ptm_model_2_seed_042 recycle=1 pLDDT=93.1 pTM=0.768 tol=0.21
2026-07-22 22:24:31,660 alphafold2_ptm_model_2_seed_042 recycle=2 pLDDT=93.8 pTM=0.782 tol=0.0663
2026-07-22 22:24:44,262 alphafold2_ptm_model_2_seed_042 recycle=3 pLDDT=93.9 pTM=0.786 tol=0.0315
2026-07-22 22:24:44,263 alphafold2_ptm_model_2_seed_042 took 51.7s (3 recycles)
2026-07-22 22:24:57,868 alphafold2_ptm_model_3_seed_042 recycle=0 pLDDT=90.1 pTM=0.684
2026-07-22 22:25:11,226 alphafold2_ptm_model_3_seed_042 recycle=1 pLDDT=91.4 pTM=0.716 tol=0.215
2026-07-22 22:25:23,586 alphafold2_ptm_model_3_seed_042 recycle=2 pLDDT=91.7 pTM=0.717 tol=0.0558
2026-07-22 22:25:36,191 alphafold2_ptm_model_3_seed_042 recycle=3 pLDDT=91.8 pTM=0.717 tol=0.0432
2026-07-22 22:25:36,191 alphafold2_ptm_model_3_seed_042 took 51.7s (3 recycles)
2026-07-22 22:25:49,411 alphafold2_ptm_model_4_seed_042 recycle=0 pLDDT=88.6 pTM=0.671
2026-07-22 22:26:02,375 alphafold2_ptm_model_4_seed_042 recycle=1 pLDDT=90.9 pTM=0.704 tol=0.187
2026-07-22 22:26:14,505 alphafold2_ptm_model_4_seed_042 recycle=2 pLDDT=91.2 pTM=0.709 tol=0.0617
2026-07-22 22:26:26,300 alphafold2_ptm_model_4_seed_042 recycle=3 pLDDT=91.3 pTM=0.711 tol=0.0321
2026-07-22 22:26:26,301 alphafold2_ptm_model_4_seed_042 took 50.0s (3 recycles)
2026-07-22 22:26:38,616 alphafold2_ptm_model_5_seed_042 recycle=0 pLDDT=89.2 pTM=0.697
2026-07-22 22:26:50,733 alphafold2_ptm_model_5_seed_042 recycle=1 pLDDT=92.4 pTM=0.737 tol=0.205
2026-07-22 22:27:02,512 alphafold2_ptm_model_5_seed_042 recycle=2 pLDDT=92.6 pTM=0.742 tol=0.0476
2026-07-22 22:27:14,964 alphafold2_ptm_model_5_seed_042 recycle=3 pLDDT=92.8 pTM=0.743 tol=0.0312
2026-07-22 22:27:14,966 alphafold2_ptm_model_5_seed_042 took 48.6s (3 recycles)
2026-07-22 22:27:16,934 Padding length to 82
2026-07-22 22:27:29,712 alphafold2_ptm_model_1_seed_043 recycle=0 pLDDT=88.2 pTM=0.659
2026-07-22 22:27:42,258 alphafold2_ptm_model_1_seed_043 recycle=1 pLDDT=90.9 pTM=0.708 tol=0.209
2026-07-22 22:27:54,233 alphafold2_ptm_model_1_seed_043 recycle=2 pLDDT=91.4 pTM=0.722 tol=0.0589
2026-07-22 22:28:06,676 alphafold2_ptm_model_1_seed_043 recycle=3 pLDDT=91.7 pTM=0.727 tol=0.0375
2026-07-22 22:28:06,677 alphafold2_ptm_model_1_seed_043 took 49.7s (3 recycles)
2026-07-22 22:28:18,977 alphafold2_ptm_model_2_seed_043 recycle=0 pLDDT=91.2 pTM=0.727
2026-07-22 22:28:31,118 alphafold2_ptm_model_2_seed_043 recycle=1 pLDDT=93.3 pTM=0.772 tol=0.189
2026-07-22 22:28:42,901 alphafold2_ptm_model_2_seed_043 recycle=2 pLDDT=93.8 pTM=0.782 tol=0.0788
2026-07-22 22:28:55,161 alphafold2_ptm_model_2_seed_043 recycle=3 pLDDT=94 pTM=0.788 tol=0.0326
2026-07-22 22:28:55,162 alphafold2_ptm_model_2_seed_043 took 48.4s (3 recycles)
2026-07-22 22:29:07,086 alphafold2_ptm_model_3_seed_043 recycle=0 pLDDT=90.1 pTM=0.686
2026-07-22 22:29:19,127 alphafold2_ptm_model_3_seed_043 recycle=1 pLDDT=91.4 pTM=0.717 tol=0.222
2026-07-22 22:29:31,036 alphafold2_ptm_model_3_seed_043 recycle=2 pLDDT=91.7 pTM=0.718 tol=0.069
2026-07-22 22:29:42,936 alphafold2_ptm_model_3_seed_043 recycle=3 pLDDT=91.8 pTM=0.719 tol=0.0417
2026-07-22 22:29:42,937 alphafold2_ptm_model_3_seed_043 took 47.7s (3 recycles)
2026-07-22 22:29:54,907 alphafold2_ptm_model_4_seed_043 recycle=0 pLDDT=88.8 pTM=0.672
2026-07-22 22:30:07,024 alphafold2_ptm_model_4_seed_043 recycle=1 pLDDT=90.8 pTM=0.702 tol=0.167
2026-07-22 22:30:19,476 alphafold2_ptm_model_4_seed_043 recycle=2 pLDDT=91.2 pTM=0.708 tol=0.0612
2026-07-22 22:30:31,372 alphafold2_ptm_model_4_seed_043 recycle=3 pLDDT=91.4 pTM=0.711 tol=0.0332
2026-07-22 22:30:31,372 alphafold2_ptm_model_4_seed_043 took 48.4s (3 recycles)
2026-07-22 22:30:43,267 alphafold2_ptm_model_5_seed_043 recycle=0 pLDDT=89.9 pTM=0.71
2026-07-22 22:30:55,128 alphafold2_ptm_model_5_seed_043 recycle=1 pLDDT=92.6 pTM=0.744 tol=0.188
2026-07-22 22:31:07,437 alphafold2_ptm_model_5_seed_043 recycle=2 pLDDT=92.9 pTM=0.75 tol=0.0552
2026-07-22 22:31:20,327 alphafold2_ptm_model_5_seed_043 recycle=3 pLDDT=92.9 pTM=0.751 tol=0.0247
2026-07-22 22:31:20,327 alphafold2_ptm_model_5_seed_043 took 48.8s (3 recycles)
2026-07-22 22:31:22,021 Padding length to 82
2026-07-22 22:31:34,898 alphafold2_ptm_model_1_seed_044 recycle=0 pLDDT=87.9 pTM=0.656
2026-07-22 22:31:48,014 alphafold2_ptm_model_1_seed_044 recycle=1 pLDDT=90.9 pTM=0.707 tol=0.225
2026-07-22 22:32:00,578 alphafold2_ptm_model_1_seed_044 recycle=2 pLDDT=91.4 pTM=0.721 tol=0.0632
2026-07-22 22:32:13,002 alphafold2_ptm_model_1_seed_044 recycle=3 pLDDT=91.6 pTM=0.726 tol=0.0361
2026-07-22 22:32:13,004 alphafold2_ptm_model_1_seed_044 took 51.0s (3 recycles)
2026-07-22 22:32:25,897 alphafold2_ptm_model_2_seed_044 recycle=0 pLDDT=91.1 pTM=0.724
2026-07-22 22:32:38,474 alphafold2_ptm_model_2_seed_044 recycle=1 pLDDT=93.2 pTM=0.771 tol=0.171
2026-07-22 22:32:50,580 alphafold2_ptm_model_2_seed_044 recycle=2 pLDDT=93.8 pTM=0.782 tol=0.0895
2026-07-22 22:33:03,421 alphafold2_ptm_model_2_seed_044 recycle=3 pLDDT=94 pTM=0.787 tol=0.0389
2026-07-22 22:33:03,422 alphafold2_ptm_model_2_seed_044 took 50.4s (3 recycles)
2026-07-22 22:33:15,899 alphafold2_ptm_model_3_seed_044 recycle=0 pLDDT=90.1 pTM=0.688
2026-07-22 22:33:27,840 alphafold2_ptm_model_3_seed_044 recycle=1 pLDDT=91.4 pTM=0.714 tol=0.22
2026-07-22 22:33:39,963 alphafold2_ptm_model_3_seed_044 recycle=2 pLDDT=91.6 pTM=0.716 tol=0.0673
2026-07-22 22:33:53,410 alphafold2_ptm_model_3_seed_044 recycle=3 pLDDT=91.9 pTM=0.719 tol=0.042
2026-07-22 22:33:53,410 alphafold2_ptm_model_3_seed_044 took 49.9s (3 recycles)
2026-07-22 22:34:06,381 alphafold2_ptm_model_4_seed_044 recycle=0 pLDDT=88.9 pTM=0.675
2026-07-22 22:34:18,963 alphafold2_ptm_model_4_seed_044 recycle=1 pLDDT=90.8 pTM=0.702 tol=0.179
2026-07-22 22:34:32,042 alphafold2_ptm_model_4_seed_044 recycle=2 pLDDT=91.2 pTM=0.708 tol=0.0538
2026-07-22 22:34:44,465 alphafold2_ptm_model_4_seed_044 recycle=3 pLDDT=91.4 pTM=0.712 tol=0.0434
2026-07-22 22:34:44,466 alphafold2_ptm_model_4_seed_044 took 51.0s (3 recycles)
2026-07-22 22:34:57,813 alphafold2_ptm_model_5_seed_044 recycle=0 pLDDT=89.4 pTM=0.7
2026-07-22 22:35:11,003 alphafold2_ptm_model_5_seed_044 recycle=1 pLDDT=92.3 pTM=0.736 tol=0.194
2026-07-22 22:35:24,735 alphafold2_ptm_model_5_seed_044 recycle=2 pLDDT=92.6 pTM=0.74 tol=0.0457
2026-07-22 22:35:37,335 alphafold2_ptm_model_5_seed_044 recycle=3 pLDDT=92.9 pTM=0.745 tol=0.0304
2026-07-22 22:35:37,336 alphafold2_ptm_model_5_seed_044 took 52.8s (3 recycles)
2026-07-22 22:35:37,383 reranking models by 'plddt' metric
2026-07-22 22:35:37,383 rank_001_alphafold2_ptm_model_2_seed_044 pLDDT=94 pTM=0.787
2026-07-22 22:35:37,385 rank_002_alphafold2_ptm_model_2_seed_043 pLDDT=94 pTM=0.788
2026-07-22 22:35:37,387 rank_003_alphafold2_ptm_model_2_seed_042 pLDDT=93.9 pTM=0.786
2026-07-22 22:35:37,389 rank_004_alphafold2_ptm_model_5_seed_043 pLDDT=92.9 pTM=0.751
2026-07-22 22:35:37,390 rank_005_alphafold2_ptm_model_5_seed_044 pLDDT=92.9 pTM=0.745
2026-07-22 22:35:37,392 rank_006_alphafold2_ptm_model_5_seed_042 pLDDT=92.8 pTM=0.743
2026-07-22 22:35:37,394 rank_007_alphafold2_ptm_model_3_seed_044 pLDDT=91.9 pTM=0.719
2026-07-22 22:35:37,395 rank_008_alphafold2_ptm_model_3_seed_043 pLDDT=91.8 pTM=0.719
2026-07-22 22:35:37,397 rank_009_alphafold2_ptm_model_3_seed_042 pLDDT=91.8 pTM=0.717
2026-07-22 22:35:37,398 rank_010_alphafold2_ptm_model_1_seed_043 pLDDT=91.7 pTM=0.727
2026-07-22 22:35:37,400 rank_011_alphafold2_ptm_model_1_seed_044 pLDDT=91.6 pTM=0.726
2026-07-22 22:35:37,402 rank_012_alphafold2_ptm_model_1_seed_042 pLDDT=91.6 pTM=0.726
2026-07-22 22:35:37,404 rank_013_alphafold2_ptm_model_4_seed_044 pLDDT=91.4 pTM=0.712
2026-07-22 22:35:37,405 rank_014_alphafold2_ptm_model_4_seed_043 pLDDT=91.4 pTM=0.711
2026-07-22 22:35:37,407 rank_015_alphafold2_ptm_model_4_seed_042 pLDDT=91.3 pTM=0.711
2026-07-22 22:35:41,324 Skipping 5KPH_4_6_6_0_combined_id3 (already done)
2026-07-22 22:35:41,325 Query 12/723: 5KPH_4_6_6_0_combined_id6 (length 72)
2026-07-22 22:35:44,205 Padding length to 82
2026-07-22 22:35:56,331 alphafold2_ptm_model_1_seed_042 recycle=0 pLDDT=83.9 pTM=0.602
2026-07-22 22:36:08,716 alphafold2_ptm_model_1_seed_042 recycle=1 pLDDT=85 pTM=0.62 tol=0.312
2026-07-22 22:36:20,341 alphafold2_ptm_model_1_seed_042 recycle=2 pLDDT=85.2 pTM=0.619 tol=0.123
2026-07-22 22:36:31,919 alphafold2_ptm_model_1_seed_042 recycle=3 pLDDT=85.4 pTM=0.62 tol=0.0607
2026-07-22 22:36:31,920 alphafold2_ptm_model_1_seed_042 took 47.7s (3 recycles)
2026-07-22 22:36:44,087 alphafold2_ptm_model_2_seed_042 recycle=0 pLDDT=88.1 pTM=0.686
2026-07-22 22:36:55,832 alphafold2_ptm_model_2_seed_042 recycle=1 pLDDT=87.2 pTM=0.676 tol=0.285
2026-07-22 22:37:07,461 alphafold2_ptm_model_2_seed_042 recycle=2 pLDDT=86 pTM=0.654 tol=0.225
2026-07-22 22:37:19,860 alphafold2_ptm_model_2_seed_042 recycle=3 pLDDT=86.1 pTM=0.655 tol=0.0639
2026-07-22 22:37:19,860 alphafold2_ptm_model_2_seed_042 took 47.8s (3 recycles)
2026-07-22 22:37:33,766 alphafold2_ptm_model_3_seed_042 recycle=0 pLDDT=86.3 pTM=0.626
2026-07-22 22:37:46,502 alphafold2_ptm_model_3_seed_042 recycle=1 pLDDT=87.5 pTM=0.644 tol=0.2
2026-07-22 22:37:59,078 alphafold2_ptm_model_3_seed_042 recycle=2 pLDDT=87.9 pTM=0.648 tol=0.0587
2026-07-22 22:38:11,276 alphafold2_ptm_model_3_seed_042 recycle=3 pLDDT=87.7 pTM=0.649 tol=0.0619
2026-07-22 22:38:11,277 alphafold2_ptm_model_3_seed_042 took 51.4s (3 recycles)
2026-07-22 22:38:23,503 alphafold2_ptm_model_4_seed_042 recycle=0 pLDDT=87.7 pTM=0.661
2026-07-22 22:38:35,311 alphafold2_ptm_model_4_seed_042 recycle=1 pLDDT=89 pTM=0.676 tol=0.287
2026-07-22 22:38:47,534 alphafold2_ptm_model_4_seed_042 recycle=2 pLDDT=88.9 pTM=0.676 tol=0.0544
2026-07-22 22:38:59,684 alphafold2_ptm_model_4_seed_042 recycle=3 pLDDT=89.1 pTM=0.678 tol=0.029
2026-07-22 22:38:59,685 alphafold2_ptm_model_4_seed_042 took 48.2s (3 recycles)
2026-07-22 22:39:11,960 alphafold2_ptm_model_5_seed_042 recycle=0 pLDDT=85.6 pTM=0.64
2026-07-22 22:39:24,421 alphafold2_ptm_model_5_seed_042 recycle=1 pLDDT=87.7 pTM=0.659 tol=0.303
2026-07-22 22:39:36,032 alphafold2_ptm_model_5_seed_042 recycle=2 pLDDT=87.5 pTM=0.659 tol=0.0906
2026-07-22 22:39:47,733 alphafold2_ptm_model_5_seed_042 recycle=3 pLDDT=87.4 pTM=0.657 tol=0.0541
2026-07-22 22:39:47,733 alphafold2_ptm_model_5_seed_042 took 48.0s (3 recycles)
2026-07-22 22:39:48,997 Padding length to 82
2026-07-22 22:40:00,576 alphafold2_ptm_model_1_seed_043 recycle=0 pLDDT=83.1 pTM=0.59
2026-07-22 22:40:11,886 alphafold2_ptm_model_1_seed_043 recycle=1 pLDDT=85.2 pTM=0.621 tol=0.28
2026-07-22 22:40:23,238 alphafold2_ptm_model_1_seed_043 recycle=2 pLDDT=85.2 pTM=0.62 tol=0.0831
2026-07-22 22:40:34,594 alphafold2_ptm_model_1_seed_043 recycle=3 pLDDT=85.6 pTM=0.62 tol=0.122
2026-07-22 22:40:34,594 alphafold2_ptm_model_1_seed_043 took 45.6s (3 recycles)
2026-07-22 22:40:46,055 alphafold2_ptm_model_2_seed_043 recycle=0 pLDDT=88.2 pTM=0.688
2026-07-22 22:40:57,430 alphafold2_ptm_model_2_seed_043 recycle=1 pLDDT=86.9 pTM=0.668 tol=0.263
2026-07-22 22:41:08,800 alphafold2_ptm_model_2_seed_043 recycle=2 pLDDT=86 pTM=0.654 tol=0.23
2026-07-22 22:41:20,239 alphafold2_ptm_model_2_seed_043 recycle=3 pLDDT=86.3 pTM=0.656 tol=0.0684
2026-07-22 22:41:20,240 alphafold2_ptm_model_2_seed_043 took 45.6s (3 recycles)
2026-07-22 22:41:31,691 alphafold2_ptm_model_3_seed_043 recycle=0 pLDDT=86.1 pTM=0.624
2026-07-22 22:41:43,136 alphafold2_ptm_model_3_seed_043 recycle=1 pLDDT=87.8 pTM=0.647 tol=0.189
2026-07-22 22:41:54,513 alphafold2_ptm_model_3_seed_043 recycle=2 pLDDT=87.8 pTM=0.647 tol=0.0519
2026-07-22 22:42:05,894 alphafold2_ptm_model_3_seed_043 recycle=3 pLDDT=87.6 pTM=0.648 tol=0.0806
2026-07-22 22:42:05,895 alphafold2_ptm_model_3_seed_043 took 45.6s (3 recycles)
2026-07-22 22:42:17,352 alphafold2_ptm_model_4_seed_043 recycle=0 pLDDT=87.7 pTM=0.659
2026-07-22 22:42:28,702 alphafold2_ptm_model_4_seed_043 recycle=1 pLDDT=88.9 pTM=0.674 tol=0.265
2026-07-22 22:42:40,054 alphafold2_ptm_model_4_seed_043 recycle=2 pLDDT=88.8 pTM=0.676 tol=0.057
2026-07-22 22:42:51,430 alphafold2_ptm_model_4_seed_043 recycle=3 pLDDT=89.1 pTM=0.68 tol=0.0305
2026-07-22 22:42:51,431 alphafold2_ptm_model_4_seed_043 took 45.5s (3 recycles)
2026-07-22 22:43:02,820 alphafold2_ptm_model_5_seed_043 recycle=0 pLDDT=85.1 pTM=0.634
2026-07-22 22:43:14,154 alphafold2_ptm_model_5_seed_043 recycle=1 pLDDT=87.5 pTM=0.66 tol=0.297
2026-07-22 22:43:25,509 alphafold2_ptm_model_5_seed_043 recycle=2 pLDDT=87.3 pTM=0.657 tol=0.101
2026-07-22 22:43:36,893 alphafold2_ptm_model_5_seed_043 recycle=3 pLDDT=87.2 pTM=0.654 tol=0.0701
2026-07-22 22:43:36,893 alphafold2_ptm_model_5_seed_043 took 45.4s (3 recycles)
2026-07-22 22:43:38,581 Padding length to 82
2026-07-22 22:43:50,248 alphafold2_ptm_model_1_seed_044 recycle=0 pLDDT=84.4 pTM=0.605
2026-07-22 22:44:02,084 alphafold2_ptm_model_1_seed_044 recycle=1 pLDDT=85.8 pTM=0.628 tol=0.346
2026-07-22 22:44:14,681 alphafold2_ptm_model_1_seed_044 recycle=2 pLDDT=85.8 pTM=0.625 tol=0.132
2026-07-22 22:44:27,836 alphafold2_ptm_model_1_seed_044 recycle=3 pLDDT=85.8 pTM=0.624 tol=0.106
2026-07-22 22:44:27,837 alphafold2_ptm_model_1_seed_044 took 49.3s (3 recycles)
2026-07-22 22:44:40,224 alphafold2_ptm_model_2_seed_044 recycle=0 pLDDT=88.4 pTM=0.689
2026-07-22 22:44:52,911 alphafold2_ptm_model_2_seed_044 recycle=1 pLDDT=87.1 pTM=0.673 tol=0.305
2026-07-22 22:45:05,705 alphafold2_ptm_model_2_seed_044 recycle=2 pLDDT=86 pTM=0.654 tol=0.215
2026-07-22 22:45:18,428 alphafold2_ptm_model_2_seed_044 recycle=3 pLDDT=86.2 pTM=0.655 tol=0.0609
2026-07-22 22:45:18,429 alphafold2_ptm_model_2_seed_044 took 50.6s (3 recycles)
2026-07-22 22:45:30,865 alphafold2_ptm_model_3_seed_044 recycle=0 pLDDT=86.5 pTM=0.629
2026-07-22 22:45:43,436 alphafold2_ptm_model_3_seed_044 recycle=1 pLDDT=87 pTM=0.635 tol=0.237
2026-07-22 22:45:57,451 alphafold2_ptm_model_3_seed_044 recycle=2 pLDDT=87.6 pTM=0.644 tol=0.0766
2026-07-22 22:46:10,357 alphafold2_ptm_model_3_seed_044 recycle=3 pLDDT=87.5 pTM=0.647 tol=0.0562
2026-07-22 22:46:10,359 alphafold2_ptm_model_3_seed_044 took 51.9s (3 recycles)
2026-07-22 22:46:21,933 alphafold2_ptm_model_4_seed_044 recycle=0 pLDDT=87.9 pTM=0.662
2026-07-22 22:46:33,783 alphafold2_ptm_model_4_seed_044 recycle=1 pLDDT=88.8 pTM=0.676 tol=0.283
2026-07-22 22:46:45,619 alphafold2_ptm_model_4_seed_044 recycle=2 pLDDT=88.6 pTM=0.676 tol=0.0547
2026-07-22 22:46:57,920 alphafold2_ptm_model_4_seed_044 recycle=3 pLDDT=88.9 pTM=0.679 tol=0.0289
2026-07-22 22:46:57,922 alphafold2_ptm_model_4_seed_044 took 47.4s (3 recycles)
2026-07-22 22:47:09,808 alphafold2_ptm_model_5_seed_044 recycle=0 pLDDT=85.9 pTM=0.644
2026-07-22 22:47:23,130 alphafold2_ptm_model_5_seed_044 recycle=1 pLDDT=87.9 pTM=0.663 tol=0.305
2026-07-22 22:47:35,878 alphafold2_ptm_model_5_seed_044 recycle=2 pLDDT=87.7 pTM=0.662 tol=0.0869
2026-07-22 22:47:48,532 alphafold2_ptm_model_5_seed_044 recycle=3 pLDDT=87.6 pTM=0.659 tol=0.0465
2026-07-22 22:47:48,533 alphafold2_ptm_model_5_seed_044 took 50.5s (3 recycles)
2026-07-22 22:47:48,629 reranking models by 'plddt' metric
2026-07-22 22:47:48,630 rank_001_alphafold2_ptm_model_4_seed_043 pLDDT=89.1 pTM=0.68
2026-07-22 22:47:48,632 rank_002_alphafold2_ptm_model_4_seed_042 pLDDT=89.1 pTM=0.678
2026-07-22 22:47:48,633 rank_003_alphafold2_ptm_model_4_seed_044 pLDDT=88.9 pTM=0.679
2026-07-22 22:47:48,635 rank_004_alphafold2_ptm_model_3_seed_042 pLDDT=87.7 pTM=0.649
2026-07-22 22:47:48,637 rank_005_alphafold2_ptm_model_5_seed_044 pLDDT=87.6 pTM=0.659
2026-07-22 22:47:48,638 rank_006_alphafold2_ptm_model_3_seed_043 pLDDT=87.6 pTM=0.648
2026-07-22 22:47:48,640 rank_007_alphafold2_ptm_model_3_seed_044 pLDDT=87.5 pTM=0.647
2026-07-22 22:47:48,641 rank_008_alphafold2_ptm_model_5_seed_042 pLDDT=87.4 pTM=0.657
2026-07-22 22:47:48,643 rank_009_alphafold2_ptm_model_5_seed_043 pLDDT=87.2 pTM=0.654
2026-07-22 22:47:48,645 rank_010_alphafold2_ptm_model_2_seed_043 pLDDT=86.3 pTM=0.656
2026-07-22 22:47:48,646 rank_011_alphafold2_ptm_model_2_seed_044 pLDDT=86.2 pTM=0.655
2026-07-22 22:47:48,648 rank_012_alphafold2_ptm_model_2_seed_042 pLDDT=86.1 pTM=0.655
2026-07-22 22:47:48,649 rank_013_alphafold2_ptm_model_1_seed_044 pLDDT=85.8 pTM=0.624
2026-07-22 22:47:48,651 rank_014_alphafold2_ptm_model_1_seed_043 pLDDT=85.6 pTM=0.62
2026-07-22 22:47:48,652 rank_015_alphafold2_ptm_model_1_seed_042 pLDDT=85.4 pTM=0.62
2026-07-22 22:47:52,713 Query 13/723: 5KPH_2_2_0_0_combined_id8 (length 72)
2026-07-22 22:47:56,391 Padding length to 82
2026-07-22 22:48:09,742 alphafold2_ptm_model_1_seed_042 recycle=0 pLDDT=85.6 pTM=0.615
2026-07-22 22:48:23,487 alphafold2_ptm_model_1_seed_042 recycle=1 pLDDT=90.1 pTM=0.703 tol=0.285
2026-07-22 22:48:35,750 alphafold2_ptm_model_1_seed_042 recycle=2 pLDDT=90.3 pTM=0.712 tol=0.0712
2026-07-22 22:48:48,652 alphafold2_ptm_model_1_seed_042 recycle=3 pLDDT=90.3 pTM=0.712 tol=0.0341
2026-07-22 22:48:48,654 alphafold2_ptm_model_1_seed_042 took 52.3s (3 recycles)
2026-07-22 22:49:02,611 alphafold2_ptm_model_2_seed_042 recycle=0 pLDDT=80 pTM=0.612
2026-07-22 22:49:15,369 alphafold2_ptm_model_2_seed_042 recycle=1 pLDDT=91.9 pTM=0.752 tol=0.519
2026-07-22 22:49:27,964 alphafold2_ptm_model_2_seed_042 recycle=2 pLDDT=92.5 pTM=0.768 tol=0.0556
2026-07-22 22:49:40,471 alphafold2_ptm_model_2_seed_042 recycle=3 pLDDT=92.7 pTM=0.771 tol=0.0254
2026-07-22 22:49:40,471 alphafold2_ptm_model_2_seed_042 took 51.8s (3 recycles)
2026-07-22 22:49:52,984 alphafold2_ptm_model_3_seed_042 recycle=0 pLDDT=88.2 pTM=0.668
2026-07-22 22:50:05,072 alphafold2_ptm_model_3_seed_042 recycle=1 pLDDT=90 pTM=0.699 tol=0.181
2026-07-22 22:50:16,946 alphafold2_ptm_model_3_seed_042 recycle=2 pLDDT=90.4 pTM=0.705 tol=0.0968
2026-07-22 22:50:28,420 alphafold2_ptm_model_3_seed_042 recycle=3 pLDDT=90.6 pTM=0.708 tol=0.0421
2026-07-22 22:50:28,421 alphafold2_ptm_model_3_seed_042 took 47.9s (3 recycles)
2026-07-22 22:50:39,875 alphafold2_ptm_model_4_seed_042 recycle=0 pLDDT=87.9 pTM=0.661
2026-07-22 22:50:51,201 alphafold2_ptm_model_4_seed_042 recycle=1 pLDDT=90 pTM=0.7 tol=0.21
2026-07-22 22:51:02,538 alphafold2_ptm_model_4_seed_042 recycle=2 pLDDT=90.5 pTM=0.713 tol=0.0983
2026-07-22 22:51:13,867 alphafold2_ptm_model_4_seed_042 recycle=3 pLDDT=90.1 pTM=0.705 tol=0.0762
2026-07-22 22:51:13,868 alphafold2_ptm_model_4_seed_042 took 45.4s (3 recycles)
2026-07-22 22:51:25,268 alphafold2_ptm_model_5_seed_042 recycle=0 pLDDT=87.9 pTM=0.677
2026-07-22 22:51:36,583 alphafold2_ptm_model_5_seed_042 recycle=1 pLDDT=90.8 pTM=0.707 tol=0.257
2026-07-22 22:51:47,931 alphafold2_ptm_model_5_seed_042 recycle=2 pLDDT=90.7 pTM=0.708 tol=0.0559
2026-07-22 22:51:59,320 alphafold2_ptm_model_5_seed_042 recycle=3 pLDDT=90.8 pTM=0.708 tol=0.0422
2026-07-22 22:51:59,320 alphafold2_ptm_model_5_seed_042 took 45.4s (3 recycles)
2026-07-22 22:52:00,595 Padding length to 82
2026-07-22 22:52:12,011 alphafold2_ptm_model_1_seed_043 recycle=0 pLDDT=84.4 pTM=0.598
2026-07-22 22:52:23,401 alphafold2_ptm_model_1_seed_043 recycle=1 pLDDT=90.2 pTM=0.704 tol=0.281
2026-07-22 22:52:34,771 alphafold2_ptm_model_1_seed_043 recycle=2 pLDDT=90.1 pTM=0.708 tol=0.0639
2026-07-22 22:52:46,134 alphafold2_ptm_model_1_seed_043 recycle=3 pLDDT=90.3 pTM=0.713 tol=0.0411
2026-07-22 22:52:46,135 alphafold2_ptm_model_1_seed_043 took 45.5s (3 recycles)
2026-07-22 22:52:57,556 alphafold2_ptm_model_2_seed_043 recycle=0 pLDDT=75.6 pTM=0.581
2026-07-22 22:53:08,926 alphafold2_ptm_model_2_seed_043 recycle=1 pLDDT=91.9 pTM=0.75 tol=1.66
2026-07-22 22:53:20,318 alphafold2_ptm_model_2_seed_043 recycle=2 pLDDT=92.4 pTM=0.764 tol=0.0603
2026-07-22 22:53:31,637 alphafold2_ptm_model_2_seed_043 recycle=3 pLDDT=92.8 pTM=0.771 tol=0.0287
2026-07-22 22:53:31,638 alphafold2_ptm_model_2_seed_043 took 45.5s (3 recycles)
2026-07-22 22:53:43,130 alphafold2_ptm_model_3_seed_043 recycle=0 pLDDT=87.9 pTM=0.663
2026-07-22 22:53:54,473 alphafold2_ptm_model_3_seed_043 recycle=1 pLDDT=90.1 pTM=0.697 tol=0.171
2026-07-22 22:54:05,751 alphafold2_ptm_model_3_seed_043 recycle=2 pLDDT=90.4 pTM=0.704 tol=0.0899
2026-07-22 22:54:17,081 alphafold2_ptm_model_3_seed_043 recycle=3 pLDDT=90.5 pTM=0.71 tol=0.092
2026-07-22 22:54:17,082 alphafold2_ptm_model_3_seed_043 took 45.4s (3 recycles)
2026-07-22 22:54:28,491 alphafold2_ptm_model_4_seed_043 recycle=0 pLDDT=86.6 pTM=0.649
2026-07-22 22:54:40,051 alphafold2_ptm_model_4_seed_043 recycle=1 pLDDT=89.9 pTM=0.699 tol=0.3
2026-07-22 22:54:51,596 alphafold2_ptm_model_4_seed_043 recycle=2 pLDDT=89.8 pTM=0.697 tol=0.138
2026-07-22 22:55:06,089 alphafold2_ptm_model_4_seed_043 recycle=3 pLDDT=89.8 pTM=0.694 tol=0.0637
2026-07-22 22:55:06,090 alphafold2_ptm_model_4_seed_043 took 49.0s (3 recycles)
2026-07-22 22:55:22,086 alphafold2_ptm_model_5_seed_043 recycle=0 pLDDT=87.9 pTM=0.673
2026-07-22 22:55:36,236 alphafold2_ptm_model_5_seed_043 recycle=1 pLDDT=90.8 pTM=0.708 tol=0.242
2026-07-22 22:55:47,808 alphafold2_ptm_model_5_seed_043 recycle=2 pLDDT=90.9 pTM=0.708 tol=0.058
2026-07-22 22:55:59,271 alphafold2_ptm_model_5_seed_043 recycle=3 pLDDT=90.8 pTM=0.708 tol=0.0365
2026-07-22 22:55:59,272 alphafold2_ptm_model_5_seed_043 took 53.1s (3 recycles)
2026-07-22 22:56:00,461 Padding length to 82
2026-07-22 22:56:11,890 alphafold2_ptm_model_1_seed_044 recycle=0 pLDDT=84.6 pTM=0.6
2026-07-22 22:56:23,245 alphafold2_ptm_model_1_seed_044 recycle=1 pLDDT=90.2 pTM=0.704 tol=0.328
2026-07-22 22:56:34,983 alphafold2_ptm_model_1_seed_044 recycle=2 pLDDT=90 pTM=0.708 tol=0.0828
2026-07-22 22:56:47,104 alphafold2_ptm_model_1_seed_044 recycle=3 pLDDT=90.5 pTM=0.715 tol=0.0544
2026-07-22 22:56:47,105 alphafold2_ptm_model_1_seed_044 took 46.6s (3 recycles)
2026-07-22 22:56:59,806 alphafold2_ptm_model_2_seed_044 recycle=0 pLDDT=89.2 pTM=0.708
2026-07-22 22:57:11,982 alphafold2_ptm_model_2_seed_044 recycle=1 pLDDT=91.9 pTM=0.752 tol=0.226
2026-07-22 22:57:24,284 alphafold2_ptm_model_2_seed_044 recycle=2 pLDDT=92.4 pTM=0.765 tol=0.05
2026-07-22 22:57:36,409 alphafold2_ptm_model_2_seed_044 recycle=3 pLDDT=92.7 pTM=0.772 tol=0.0243
2026-07-22 22:57:36,410 alphafold2_ptm_model_2_seed_044 took 49.3s (3 recycles)
2026-07-22 22:57:49,451 alphafold2_ptm_model_3_seed_044 recycle=0 pLDDT=88.2 pTM=0.667
2026-07-22 22:58:01,297 alphafold2_ptm_model_3_seed_044 recycle=1 pLDDT=90.1 pTM=0.696 tol=0.182
2026-07-22 22:58:13,110 alphafold2_ptm_model_3_seed_044 recycle=2 pLDDT=90.2 pTM=0.7 tol=0.0961
2026-07-22 22:58:25,368 alphafold2_ptm_model_3_seed_044 recycle=3 pLDDT=90.4 pTM=0.708 tol=0.0882
2026-07-22 22:58:25,369 alphafold2_ptm_model_3_seed_044 took 48.9s (3 recycles)
2026-07-22 22:58:43,583 alphafold2_ptm_model_4_seed_044 recycle=0 pLDDT=87 pTM=0.65
2026-07-22 22:58:59,892 alphafold2_ptm_model_4_seed_044 recycle=1 pLDDT=89.8 pTM=0.697 tol=0.31
2026-07-22 22:59:15,532 alphafold2_ptm_model_4_seed_044 recycle=2 pLDDT=89.8 pTM=0.695 tol=0.182
2026-07-22 22:59:31,490 alphafold2_ptm_model_4_seed_044 recycle=3 pLDDT=89.8 pTM=0.692 tol=0.0787
2026-07-22 22:59:31,492 alphafold2_ptm_model_4_seed_044 took 66.1s (3 recycles)
2026-07-22 22:59:47,590 alphafold2_ptm_model_5_seed_044 recycle=0 pLDDT=87.4 pTM=0.67
2026-07-22 23:00:03,395 alphafold2_ptm_model_5_seed_044 recycle=1 pLDDT=90.4 pTM=0.704 tol=0.274
2026-07-22 23:00:19,582 alphafold2_ptm_model_5_seed_044 recycle=2 pLDDT=90.6 pTM=0.704 tol=0.0561
2026-07-22 23:00:36,221 alphafold2_ptm_model_5_seed_044 recycle=3 pLDDT=90.8 pTM=0.708 tol=0.0479
2026-07-22 23:00:36,223 alphafold2_ptm_model_5_seed_044 took 64.7s (3 recycles)
2026-07-22 23:00:36,269 reranking models by 'plddt' metric
2026-07-22 23:00:36,270 rank_001_alphafold2_ptm_model_2_seed_043 pLDDT=92.8 pTM=0.771
2026-07-22 23:00:36,271 rank_002_alphafold2_ptm_model_2_seed_044 pLDDT=92.7 pTM=0.772
2026-07-22 23:00:36,273 rank_003_alphafold2_ptm_model_2_seed_042 pLDDT=92.7 pTM=0.771
2026-07-22 23:00:36,274 rank_004_alphafold2_ptm_model_5_seed_044 pLDDT=90.8 pTM=0.708
2026-07-22 23:00:36,275 rank_005_alphafold2_ptm_model_5_seed_043 pLDDT=90.8 pTM=0.708
2026-07-22 23:00:36,279 rank_006_alphafold2_ptm_model_5_seed_042 pLDDT=90.8 pTM=0.708
2026-07-22 23:00:36,282 rank_007_alphafold2_ptm_model_3_seed_042 pLDDT=90.6 pTM=0.708
2026-07-22 23:00:36,283 rank_008_alphafold2_ptm_model_1_seed_044 pLDDT=90.5 pTM=0.715
2026-07-22 23:00:36,285 rank_009_alphafold2_ptm_model_3_seed_043 pLDDT=90.5 pTM=0.71
2026-07-22 23:00:36,287 rank_010_alphafold2_ptm_model_3_seed_044 pLDDT=90.4 pTM=0.708
2026-07-22 23:00:36,289 rank_011_alphafold2_ptm_model_1_seed_043 pLDDT=90.3 pTM=0.713
2026-07-22 23:00:36,290 rank_012_alphafold2_ptm_model_1_seed_042 pLDDT=90.3 pTM=0.712
2026-07-22 23:00:36,292 rank_013_alphafold2_ptm_model_4_seed_042 pLDDT=90.1 pTM=0.705
2026-07-22 23:00:36,293 rank_014_alphafold2_ptm_model_4_seed_043 pLDDT=89.8 pTM=0.694
2026-07-22 23:00:36,295 rank_015_alphafold2_ptm_model_4_seed_044 pLDDT=89.8 pTM=0.692
2026-07-22 23:00:40,190 Query 14/723: 5KPH_4_4_2_0_combined_id9 (length 72)
2026-07-22 23:00:44,075 Padding length to 82
2026-07-22 23:01:00,796 alphafold2_ptm_model_1_seed_042 recycle=0 pLDDT=88.2 pTM=0.683
2026-07-22 23:01:15,343 alphafold2_ptm_model_1_seed_042 recycle=1 pLDDT=87.8 pTM=0.691 tol=0.311
2026-07-22 23:01:30,177 alphafold2_ptm_model_1_seed_042 recycle=2 pLDDT=87.6 pTM=0.694 tol=0.0635
2026-07-22 23:01:44,454 alphafold2_ptm_model_1_seed_042 recycle=3 pLDDT=87.5 pTM=0.694 tol=0.0408
2026-07-22 23:01:44,455 alphafold2_ptm_model_1_seed_042 took 60.4s (3 recycles)
2026-07-22 23:01:59,209 alphafold2_ptm_model_2_seed_042 recycle=0 pLDDT=91.4 pTM=0.749
2026-07-22 23:02:13,314 alphafold2_ptm_model_2_seed_042 recycle=1 pLDDT=89.7 pTM=0.731 tol=0.125
2026-07-22 23:02:27,910 alphafold2_ptm_model_2_seed_042 recycle=2 pLDDT=89.1 pTM=0.723 tol=0.0831
2026-07-22 23:02:42,528 alphafold2_ptm_model_2_seed_042 recycle=3 pLDDT=88.9 pTM=0.721 tol=0.0238
2026-07-22 23:02:42,530 alphafold2_ptm_model_2_seed_042 took 58.0s (3 recycles)
2026-07-22 23:02:57,122 alphafold2_ptm_model_3_seed_042 recycle=0 pLDDT=86.9 pTM=0.665
2026-07-22 23:03:11,946 alphafold2_ptm_model_3_seed_042 recycle=1 pLDDT=85.8 pTM=0.663 tol=0.226
2026-07-22 23:03:26,070 alphafold2_ptm_model_3_seed_042 recycle=2 pLDDT=86.2 pTM=0.672 tol=0.118
2026-07-22 23:03:40,362 alphafold2_ptm_model_3_seed_042 recycle=3 pLDDT=86 pTM=0.669 tol=0.0801
2026-07-22 23:03:40,363 alphafold2_ptm_model_3_seed_042 took 57.8s (3 recycles)
2026-07-22 23:03:54,957 alphafold2_ptm_model_4_seed_042 recycle=0 pLDDT=88.7 pTM=0.716
2026-07-22 23:04:09,742 alphafold2_ptm_model_4_seed_042 recycle=1 pLDDT=87.4 pTM=0.708 tol=0.174
2026-07-22 23:04:24,040 alphafold2_ptm_model_4_seed_042 recycle=2 pLDDT=86.9 pTM=0.708 tol=0.0643
2026-07-22 23:04:38,756 alphafold2_ptm_model_4_seed_042 recycle=3 pLDDT=86.6 pTM=0.705 tol=0.0517
2026-07-22 23:04:38,760 alphafold2_ptm_model_4_seed_042 took 58.3s (3 recycles)
2026-07-22 23:04:53,702 alphafold2_ptm_model_5_seed_042 recycle=0 pLDDT=88.1 pTM=0.685
2026-07-22 23:05:08,413 alphafold2_ptm_model_5_seed_042 recycle=1 pLDDT=87.8 pTM=0.694 tol=0.223
2026-07-22 23:05:22,896 alphafold2_ptm_model_5_seed_042 recycle=2 pLDDT=88.5 pTM=0.706 tol=0.112
2026-07-22 23:05:37,636 alphafold2_ptm_model_5_seed_042 recycle=3 pLDDT=89.1 pTM=0.714 tol=0.0724
2026-07-22 23:05:37,637 alphafold2_ptm_model_5_seed_042 took 58.8s (3 recycles)
2026-07-22 23:05:39,625 Padding length to 82
2026-07-22 23:05:54,370 alphafold2_ptm_model_1_seed_043 recycle=0 pLDDT=88.1 pTM=0.681
2026-07-22 23:06:08,778 alphafold2_ptm_model_1_seed_043 recycle=1 pLDDT=87.9 pTM=0.693 tol=0.334
2026-07-22 23:06:23,181 alphafold2_ptm_model_1_seed_043 recycle=2 pLDDT=87.6 pTM=0.695 tol=0.0656
2026-07-22 23:06:37,478 alphafold2_ptm_model_1_seed_043 recycle=3 pLDDT=87.4 pTM=0.693 tol=0.0318
2026-07-22 23:06:37,479 alphafold2_ptm_model_1_seed_043 took 57.9s (3 recycles)
2026-07-22 23:06:51,480 alphafold2_ptm_model_2_seed_043 recycle=0 pLDDT=91 pTM=0.745
2026-07-22 23:07:05,533 alphafold2_ptm_model_2_seed_043 recycle=1 pLDDT=89.8 pTM=0.732 tol=0.134
2026-07-22 23:07:19,536 alphafold2_ptm_model_2_seed_043 recycle=2 pLDDT=89.1 pTM=0.722 tol=0.0807
2026-07-22 23:07:34,005 alphafold2_ptm_model_2_seed_043 recycle=3 pLDDT=88.7 pTM=0.718 tol=0.0391
2026-07-22 23:07:34,006 alphafold2_ptm_model_2_seed_043 took 56.5s (3 recycles)
2026-07-22 23:07:48,328 alphafold2_ptm_model_3_seed_043 recycle=0 pLDDT=87.8 pTM=0.679
2026-07-22 23:08:02,775 alphafold2_ptm_model_3_seed_043 recycle=1 pLDDT=86.1 pTM=0.667 tol=0.232
2026-07-22 23:08:16,353 alphafold2_ptm_model_3_seed_043 recycle=2 pLDDT=86.4 pTM=0.674 tol=0.114
2026-07-22 23:08:29,980 alphafold2_ptm_model_3_seed_043 recycle=3 pLDDT=86.2 pTM=0.67 tol=0.0821
2026-07-22 23:08:29,980 alphafold2_ptm_model_3_seed_043 took 55.9s (3 recycles)
2026-07-22 23:08:44,102 alphafold2_ptm_model_4_seed_043 recycle=0 pLDDT=88 pTM=0.704
2026-07-22 23:08:57,914 alphafold2_ptm_model_4_seed_043 recycle=1 pLDDT=87.2 pTM=0.706 tol=0.24
2026-07-22 23:09:11,949 alphafold2_ptm_model_4_seed_043 recycle=2 pLDDT=86.6 pTM=0.705 tol=0.0769
2026-07-22 23:09:25,718 alphafold2_ptm_model_4_seed_043 recycle=3 pLDDT=86.4 pTM=0.703 tol=0.0405
2026-07-22 23:09:25,719 alphafold2_ptm_model_4_seed_043 took 55.7s (3 recycles)
2026-07-22 23:09:39,220 alphafold2_ptm_model_5_seed_043 recycle=0 pLDDT=88.4 pTM=0.688
2026-07-22 23:09:52,659 alphafold2_ptm_model_5_seed_043 recycle=1 pLDDT=87.9 pTM=0.696 tol=0.248
2026-07-22 23:10:06,659 alphafold2_ptm_model_5_seed_043 recycle=2 pLDDT=88.8 pTM=0.708 tol=0.107
2026-07-22 23:10:20,629 alphafold2_ptm_model_5_seed_043 recycle=3 pLDDT=89.3 pTM=0.715 tol=0.0591
2026-07-22 23:10:20,630 alphafold2_ptm_model_5_seed_043 took 54.8s (3 recycles)
2026-07-22 23:10:22,549 Padding length to 82
2026-07-22 23:10:36,698 alphafold2_ptm_model_1_seed_044 recycle=0 pLDDT=88.2 pTM=0.683
2026-07-22 23:10:51,120 alphafold2_ptm_model_1_seed_044 recycle=1 pLDDT=88 pTM=0.691 tol=0.291
2026-07-22 23:11:04,647 alphafold2_ptm_model_1_seed_044 recycle=2 pLDDT=87.7 pTM=0.695 tol=0.0629
2026-07-22 23:11:18,465 alphafold2_ptm_model_1_seed_044 recycle=3 pLDDT=87.6 pTM=0.694 tol=0.0307
2026-07-22 23:11:18,466 alphafold2_ptm_model_1_seed_044 took 55.9s (3 recycles)
2026-07-22 23:11:32,904 alphafold2_ptm_model_2_seed_044 recycle=0 pLDDT=91.2 pTM=0.748
2026-07-22 23:11:46,726 alphafold2_ptm_model_2_seed_044 recycle=1 pLDDT=89.6 pTM=0.73 tol=0.137
2026-07-22 23:12:00,330 alphafold2_ptm_model_2_seed_044 recycle=2 pLDDT=88.9 pTM=0.721 tol=0.0889
2026-07-22 23:12:13,250 alphafold2_ptm_model_2_seed_044 recycle=3 pLDDT=88.7 pTM=0.719 tol=0.0334
2026-07-22 23:12:13,251 alphafold2_ptm_model_2_seed_044 took 54.7s (3 recycles)
2026-07-22 23:12:25,072 alphafold2_ptm_model_3_seed_044 recycle=0 pLDDT=87.2 pTM=0.674
2026-07-22 23:12:37,704 alphafold2_ptm_model_3_seed_044 recycle=1 pLDDT=85.9 pTM=0.665 tol=0.252
2026-07-22 23:12:49,485 alphafold2_ptm_model_3_seed_044 recycle=2 pLDDT=86.3 pTM=0.674 tol=0.115
2026-07-22 23:13:01,585 alphafold2_ptm_model_3_seed_044 recycle=3 pLDDT=86.1 pTM=0.671 tol=0.0818
2026-07-22 23:13:01,585 alphafold2_ptm_model_3_seed_044 took 48.3s (3 recycles)
2026-07-22 23:13:13,717 alphafold2_ptm_model_4_seed_044 recycle=0 pLDDT=88.2 pTM=0.709
2026-07-22 23:13:26,679 alphafold2_ptm_model_4_seed_044 recycle=1 pLDDT=87.2 pTM=0.706 tol=0.234
2026-07-22 23:13:38,513 alphafold2_ptm_model_4_seed_044 recycle=2 pLDDT=86.8 pTM=0.707 tol=0.0634
2026-07-22 23:13:51,037 alphafold2_ptm_model_4_seed_044 recycle=3 pLDDT=86.6 pTM=0.705 tol=0.044
2026-07-22 23:13:51,039 alphafold2_ptm_model_4_seed_044 took 49.4s (3 recycles)
2026-07-22 23:14:03,171 alphafold2_ptm_model_5_seed_044 recycle=0 pLDDT=87.4 pTM=0.679
2026-07-22 23:14:15,930 alphafold2_ptm_model_5_seed_044 recycle=1 pLDDT=87.5 pTM=0.69 tol=0.249
2026-07-22 23:14:27,522 alphafold2_ptm_model_5_seed_044 recycle=2 pLDDT=88.4 pTM=0.705 tol=0.11
2026-07-22 23:14:39,307 alphafold2_ptm_model_5_seed_044 recycle=3 pLDDT=89.2 pTM=0.715 tol=0.0624
2026-07-22 23:14:39,307 alphafold2_ptm_model_5_seed_044 took 48.2s (3 recycles)
2026-07-22 23:14:39,420 reranking models by 'plddt' metric
2026-07-22 23:14:39,421 rank_001_alphafold2_ptm_model_5_seed_043 pLDDT=89.3 pTM=0.715
2026-07-22 23:14:39,422 rank_002_alphafold2_ptm_model_5_seed_044 pLDDT=89.2 pTM=0.715
2026-07-22 23:14:39,424 rank_003_alphafold2_ptm_model_5_seed_042 pLDDT=89.1 pTM=0.714
2026-07-22 23:14:39,425 rank_004_alphafold2_ptm_model_2_seed_042 pLDDT=88.9 pTM=0.721
2026-07-22 23:14:39,427 rank_005_alphafold2_ptm_model_2_seed_044 pLDDT=88.7 pTM=0.719
2026-07-22 23:14:39,428 rank_006_alphafold2_ptm_model_2_seed_043 pLDDT=88.7 pTM=0.718
2026-07-22 23:14:39,430 rank_007_alphafold2_ptm_model_1_seed_044 pLDDT=87.6 pTM=0.694
2026-07-22 23:14:39,431 rank_008_alphafold2_ptm_model_1_seed_042 pLDDT=87.5 pTM=0.694
2026-07-22 23:14:39,432 rank_009_alphafold2_ptm_model_1_seed_043 pLDDT=87.4 pTM=0.693
2026-07-22 23:14:39,434 rank_010_alphafold2_ptm_model_4_seed_044 pLDDT=86.6 pTM=0.705
2026-07-22 23:14:39,436 rank_011_alphafold2_ptm_model_4_seed_042 pLDDT=86.6 pTM=0.705
2026-07-22 23:14:39,437 rank_012_alphafold2_ptm_model_4_seed_043 pLDDT=86.4 pTM=0.703
2026-07-22 23:14:39,438 rank_013_alphafold2_ptm_model_3_seed_043 pLDDT=86.2 pTM=0.67
2026-07-22 23:14:39,440 rank_014_alphafold2_ptm_model_3_seed_044 pLDDT=86.1 pTM=0.671
2026-07-22 23:14:39,441 rank_015_alphafold2_ptm_model_3_seed_042 pLDDT=86 pTM=0.669
2026-07-22 23:14:42,312 Query 15/723: 5KPH_4_4_1_0_combined_id0 (length 72)
2026-07-22 23:14:44,963 Padding length to 82
2026-07-22 23:14:56,697 alphafold2_ptm_model_1_seed_042 recycle=0 pLDDT=88.5 pTM=0.667
2026-07-22 23:15:08,823 alphafold2_ptm_model_1_seed_042 recycle=1 pLDDT=90.2 pTM=0.7 tol=0.152
2026-07-22 23:15:20,427 alphafold2_ptm_model_1_seed_042 recycle=2 pLDDT=90.2 pTM=0.707 tol=0.0688
2026-07-22 23:15:33,213 alphafold2_ptm_model_1_seed_042 recycle=3 pLDDT=90.4 pTM=0.709 tol=0.0405
2026-07-22 23:15:33,214 alphafold2_ptm_model_1_seed_042 took 48.3s (3 recycles)
2026-07-22 23:15:45,285 alphafold2_ptm_model_2_seed_042 recycle=0 pLDDT=89.9 pTM=0.705
2026-07-22 23:15:56,898 alphafold2_ptm_model_2_seed_042 recycle=1 pLDDT=90.9 pTM=0.74 tol=0.169
2026-07-22 23:16:08,617 alphafold2_ptm_model_2_seed_042 recycle=2 pLDDT=90.9 pTM=0.743 tol=0.0574
2026-07-22 23:16:20,378 alphafold2_ptm_model_2_seed_042 recycle=3 pLDDT=91.2 pTM=0.748 tol=0.0423
2026-07-22 23:16:20,379 alphafold2_ptm_model_2_seed_042 took 47.1s (3 recycles)
2026-07-22 23:16:32,260 alphafold2_ptm_model_3_seed_042 recycle=0 pLDDT=88.8 pTM=0.681
2026-07-22 23:16:43,933 alphafold2_ptm_model_3_seed_042 recycle=1 pLDDT=90.8 pTM=0.716 tol=0.123
2026-07-22 23:16:55,973 alphafold2_ptm_model_3_seed_042 recycle=2 pLDDT=91.1 pTM=0.718 tol=0.0733
2026-07-22 23:17:07,823 alphafold2_ptm_model_3_seed_042 recycle=3 pLDDT=91.2 pTM=0.724 tol=0.0465
2026-07-22 23:17:07,824 alphafold2_ptm_model_3_seed_042 took 47.4s (3 recycles)
2026-07-22 23:17:19,590 alphafold2_ptm_model_4_seed_042 recycle=0 pLDDT=89.1 pTM=0.683
2026-07-22 23:17:31,843 alphafold2_ptm_model_4_seed_042 recycle=1 pLDDT=89.9 pTM=0.7 tol=0.152
2026-07-22 23:17:47,367 alphafold2_ptm_model_4_seed_042 recycle=2 pLDDT=90.1 pTM=0.703 tol=0.0689
2026-07-22 23:18:02,514 alphafold2_ptm_model_4_seed_042 recycle=3 pLDDT=90.3 pTM=0.707 tol=0.0472
2026-07-22 23:18:02,514 alphafold2_ptm_model_4_seed_042 took 54.7s (3 recycles)
2026-07-22 23:18:17,079 alphafold2_ptm_model_5_seed_042 recycle=0 pLDDT=89.3 pTM=0.69
2026-07-22 23:18:31,990 alphafold2_ptm_model_5_seed_042 recycle=1 pLDDT=90.4 pTM=0.705 tol=0.136
2026-07-22 23:18:47,042 alphafold2_ptm_model_5_seed_042 recycle=2 pLDDT=90.6 pTM=0.706 tol=0.0477
2026-07-22 23:19:01,275 alphafold2_ptm_model_5_seed_042 recycle=3 pLDDT=90.6 pTM=0.707 tol=0.0317
2026-07-22 23:19:01,276 alphafold2_ptm_model_5_seed_042 took 58.7s (3 recycles)
2026-07-22 23:19:03,275 Padding length to 82
2026-07-22 23:19:16,208 alphafold2_ptm_model_1_seed_043 recycle=0 pLDDT=88.4 pTM=0.666
2026-07-22 23:19:28,943 alphafold2_ptm_model_1_seed_043 recycle=1 pLDDT=90.1 pTM=0.699 tol=0.142
2026-07-22 23:19:41,844 alphafold2_ptm_model_1_seed_043 recycle=2 pLDDT=90.2 pTM=0.705 tol=0.0646
2026-07-22 23:19:55,584 alphafold2_ptm_model_1_seed_043 recycle=3 pLDDT=90.3 pTM=0.708 tol=0.0468
2026-07-22 23:19:55,586 alphafold2_ptm_model_1_seed_043 took 52.3s (3 recycles)
2026-07-22 23:20:09,386 alphafold2_ptm_model_2_seed_043 recycle=0 pLDDT=89.8 pTM=0.701
2026-07-22 23:20:22,677 alphafold2_ptm_model_2_seed_043 recycle=1 pLDDT=90.8 pTM=0.739 tol=0.207
2026-07-22 23:20:36,611 alphafold2_ptm_model_2_seed_043 recycle=2 pLDDT=90.8 pTM=0.742 tol=0.0606
2026-07-22 23:20:50,189 alphafold2_ptm_model_2_seed_043 recycle=3 pLDDT=91.1 pTM=0.745 tol=0.047
2026-07-22 23:20:50,189 alphafold2_ptm_model_2_seed_043 took 54.5s (3 recycles)
2026-07-22 23:21:03,738 alphafold2_ptm_model_3_seed_043 recycle=0 pLDDT=88.7 pTM=0.681
2026-07-22 23:21:17,712 alphafold2_ptm_model_3_seed_043 recycle=1 pLDDT=90.8 pTM=0.713 tol=0.132
2026-07-22 23:21:31,030 alphafold2_ptm_model_3_seed_043 recycle=2 pLDDT=91.1 pTM=0.717 tol=0.0633
2026-07-22 23:21:44,901 alphafold2_ptm_model_3_seed_043 recycle=3 pLDDT=91.2 pTM=0.721 tol=0.0487
2026-07-22 23:21:44,902 alphafold2_ptm_model_3_seed_043 took 54.7s (3 recycles)
2026-07-22 23:21:59,048 alphafold2_ptm_model_4_seed_043 recycle=0 pLDDT=88.4 pTM=0.683
2026-07-22 23:22:12,277 alphafold2_ptm_model_4_seed_043 recycle=1 pLDDT=90 pTM=0.702 tol=0.162
2026-07-22 23:22:25,412 alphafold2_ptm_model_4_seed_043 recycle=2 pLDDT=90 pTM=0.701 tol=0.0746
2026-07-22 23:22:38,923 alphafold2_ptm_model_4_seed_043 recycle=3 pLDDT=90.3 pTM=0.707 tol=0.0526
2026-07-22 23:22:38,926 alphafold2_ptm_model_4_seed_043 took 54.0s (3 recycles)
2026-07-22 23:22:52,864 alphafold2_ptm_model_5_seed_043 recycle=0 pLDDT=89.1 pTM=0.688
2026-07-22 23:23:06,888 alphafold2_ptm_model_5_seed_043 recycle=1 pLDDT=90.5 pTM=0.706 tol=0.136
2026-07-22 23:23:20,396 alphafold2_ptm_model_5_seed_043 recycle=2 pLDDT=90.6 pTM=0.704 tol=0.05
2026-07-22 23:23:34,251 alphafold2_ptm_model_5_seed_043 recycle=3 pLDDT=90.6 pTM=0.705 tol=0.038
2026-07-22 23:23:34,252 alphafold2_ptm_model_5_seed_043 took 55.2s (3 recycles)
2026-07-22 23:23:36,518 Padding length to 82
2026-07-22 23:23:50,777 alphafold2_ptm_model_1_seed_044 recycle=0 pLDDT=88.6 pTM=0.667
2026-07-22 23:24:04,890 alphafold2_ptm_model_1_seed_044 recycle=1 pLDDT=90.1 pTM=0.698 tol=0.141
2026-07-22 23:24:18,489 alphafold2_ptm_model_1_seed_044 recycle=2 pLDDT=90.2 pTM=0.706 tol=0.0682
2026-07-22 23:24:32,550 alphafold2_ptm_model_1_seed_044 recycle=3 pLDDT=90.3 pTM=0.709 tol=0.0406
2026-07-22 23:24:32,551 alphafold2_ptm_model_1_seed_044 took 56.0s (3 recycles)
2026-07-22 23:24:46,084 alphafold2_ptm_model_2_seed_044 recycle=0 pLDDT=90 pTM=0.707
2026-07-22 23:24:59,992 alphafold2_ptm_model_2_seed_044 recycle=1 pLDDT=90.9 pTM=0.741 tol=0.169
2026-07-22 23:25:14,056 alphafold2_ptm_model_2_seed_044 recycle=2 pLDDT=91 pTM=0.744 tol=0.0566
2026-07-22 23:25:27,960 alphafold2_ptm_model_2_seed_044 recycle=3 pLDDT=91.2 pTM=0.747 tol=0.0484
2026-07-22 23:25:27,963 alphafold2_ptm_model_2_seed_044 took 55.4s (3 recycles)
2026-07-22 23:25:41,902 alphafold2_ptm_model_3_seed_044 recycle=0 pLDDT=88.9 pTM=0.685
2026-07-22 23:25:55,896 alphafold2_ptm_model_3_seed_044 recycle=1 pLDDT=90.8 pTM=0.712 tol=0.13
2026-07-22 23:26:09,800 alphafold2_ptm_model_3_seed_044 recycle=2 pLDDT=91.1 pTM=0.719 tol=0.059
2026-07-22 23:26:23,754 alphafold2_ptm_model_3_seed_044 recycle=3 pLDDT=91.3 pTM=0.722 tol=0.0448
2026-07-22 23:26:23,755 alphafold2_ptm_model_3_seed_044 took 55.7s (3 recycles)
2026-07-22 23:26:37,031 alphafold2_ptm_model_4_seed_044 recycle=0 pLDDT=88.9 pTM=0.683
2026-07-22 23:26:49,257 alphafold2_ptm_model_4_seed_044 recycle=1 pLDDT=90.1 pTM=0.702 tol=0.159
2026-07-22 23:27:01,398 alphafold2_ptm_model_4_seed_044 recycle=2 pLDDT=90.2 pTM=0.706 tol=0.0692
2026-07-22 23:27:13,605 alphafold2_ptm_model_4_seed_044 recycle=3 pLDDT=90.4 pTM=0.708 tol=0.045
2026-07-22 23:27:13,606 alphafold2_ptm_model_4_seed_044 took 49.8s (3 recycles)
2026-07-22 23:27:25,822 alphafold2_ptm_model_5_seed_044 recycle=0 pLDDT=89.1 pTM=0.688
2026-07-22 23:27:38,085 alphafold2_ptm_model_5_seed_044 recycle=1 pLDDT=90.4 pTM=0.705 tol=0.149
2026-07-22 23:27:50,274 alphafold2_ptm_model_5_seed_044 recycle=2 pLDDT=90.6 pTM=0.706 tol=0.0473
2026-07-22 23:28:02,491 alphafold2_ptm_model_5_seed_044 recycle=3 pLDDT=90.7 pTM=0.708 tol=0.0297
2026-07-22 23:28:02,492 alphafold2_ptm_model_5_seed_044 took 48.8s (3 recycles)
2026-07-22 23:28:02,555 reranking models by 'plddt' metric
2026-07-22 23:28:02,556 rank_001_alphafold2_ptm_model_3_seed_044 pLDDT=91.3 pTM=0.722
2026-07-22 23:28:02,558 rank_002_alphafold2_ptm_model_3_seed_042 pLDDT=91.2 pTM=0.724
2026-07-22 23:28:02,559 rank_003_alphafold2_ptm_model_2_seed_042 pLDDT=91.2 pTM=0.748
2026-07-22 23:28:02,561 rank_004_alphafold2_ptm_model_2_seed_044 pLDDT=91.2 pTM=0.747
2026-07-22 23:28:02,562 rank_005_alphafold2_ptm_model_3_seed_043 pLDDT=91.2 pTM=0.721
2026-07-22 23:28:02,563 rank_006_alphafold2_ptm_model_2_seed_043 pLDDT=91.1 pTM=0.745
2026-07-22 23:28:02,565 rank_007_alphafold2_ptm_model_5_seed_044 pLDDT=90.7 pTM=0.708
2026-07-22 23:28:02,566 rank_008_alphafold2_ptm_model_5_seed_043 pLDDT=90.6 pTM=0.705
2026-07-22 23:28:02,567 rank_009_alphafold2_ptm_model_5_seed_042 pLDDT=90.6 pTM=0.707
2026-07-22 23:28:02,569 rank_010_alphafold2_ptm_model_4_seed_044 pLDDT=90.4 pTM=0.708
2026-07-22 23:28:02,570 rank_011_alphafold2_ptm_model_1_seed_042 pLDDT=90.4 pTM=0.709
2026-07-22 23:28:02,571 rank_012_alphafold2_ptm_model_1_seed_044 pLDDT=90.3 pTM=0.709
2026-07-22 23:28:02,572 rank_013_alphafold2_ptm_model_4_seed_043 pLDDT=90.3 pTM=0.707
2026-07-22 23:28:02,574 rank_014_alphafold2_ptm_model_1_seed_043 pLDDT=90.3 pTM=0.708
2026-07-22 23:28:02,575 rank_015_alphafold2_ptm_model_4_seed_042 pLDDT=90.3 pTM=0.707
2026-07-22 23:28:06,159 Query 16/723: 5KPH_4_4_1_0_combined_id5 (length 72)
2026-07-22 23:28:08,614 Padding length to 82
2026-07-22 23:28:20,882 alphafold2_ptm_model_1_seed_042 recycle=0 pLDDT=90.1 pTM=0.692
2026-07-22 23:28:33,219 alphafold2_ptm_model_1_seed_042 recycle=1 pLDDT=91.3 pTM=0.724 tol=0.093
2026-07-22 23:28:45,685 alphafold2_ptm_model_1_seed_042 recycle=2 pLDDT=91.7 pTM=0.73 tol=0.0521
2026-07-22 23:28:58,261 alphafold2_ptm_model_1_seed_042 recycle=3 pLDDT=91.8 pTM=0.733 tol=0.0349
2026-07-22 23:28:58,264 alphafold2_ptm_model_1_seed_042 took 49.6s (3 recycles)
2026-07-22 23:29:10,742 alphafold2_ptm_model_2_seed_042 recycle=0 pLDDT=93.4 pTM=0.773
2026-07-22 23:29:22,921 alphafold2_ptm_model_2_seed_042 recycle=1 pLDDT=94.1 pTM=0.787 tol=0.0974
2026-07-22 23:29:35,602 alphafold2_ptm_model_2_seed_042 recycle=2 pLDDT=94.2 pTM=0.79 tol=0.0254
2026-07-22 23:29:47,877 alphafold2_ptm_model_2_seed_042 recycle=3 pLDDT=94.2 pTM=0.791 tol=0.0198
2026-07-22 23:29:47,878 alphafold2_ptm_model_2_seed_042 took 49.6s (3 recycles)
2026-07-22 23:30:00,043 alphafold2_ptm_model_3_seed_042 recycle=0 pLDDT=90.2 pTM=0.704
2026-07-22 23:30:12,165 alphafold2_ptm_model_3_seed_042 recycle=1 pLDDT=92.4 pTM=0.741 tol=0.105
2026-07-22 23:30:24,396 alphafold2_ptm_model_3_seed_042 recycle=2 pLDDT=92.8 pTM=0.751 tol=0.0602
2026-07-22 23:30:36,644 alphafold2_ptm_model_3_seed_042 recycle=3 pLDDT=93.2 pTM=0.758 tol=0.0503
2026-07-22 23:30:36,645 alphafold2_ptm_model_3_seed_042 took 48.7s (3 recycles)
2026-07-22 23:30:48,738 alphafold2_ptm_model_4_seed_042 recycle=0 pLDDT=91.4 pTM=0.731
2026-07-22 23:31:00,908 alphafold2_ptm_model_4_seed_042 recycle=1 pLDDT=92.8 pTM=0.759 tol=0.0809
2026-07-22 23:31:13,815 alphafold2_ptm_model_4_seed_042 recycle=2 pLDDT=93.2 pTM=0.769 tol=0.0316
2026-07-22 23:31:26,607 alphafold2_ptm_model_4_seed_042 recycle=3 pLDDT=93.3 pTM=0.771 tol=0.0219
2026-07-22 23:31:26,608 alphafold2_ptm_model_4_seed_042 took 49.9s (3 recycles)
2026-07-22 23:31:39,242 alphafold2_ptm_model_5_seed_042 recycle=0 pLDDT=91.4 pTM=0.736
2026-07-22 23:31:52,283 alphafold2_ptm_model_5_seed_042 recycle=1 pLDDT=92.6 pTM=0.747 tol=0.114
2026-07-22 23:32:04,456 alphafold2_ptm_model_5_seed_042 recycle=2 pLDDT=92.9 pTM=0.752 tol=0.0425
2026-07-22 23:32:18,333 alphafold2_ptm_model_5_seed_042 recycle=3 pLDDT=93.1 pTM=0.752 tol=0.0239
2026-07-22 23:32:18,334 alphafold2_ptm_model_5_seed_042 took 51.7s (3 recycles)
2026-07-22 23:32:20,025 Padding length to 82
2026-07-22 23:32:34,320 alphafold2_ptm_model_1_seed_043 recycle=0 pLDDT=90.2 pTM=0.697
2026-07-22 23:32:48,222 alphafold2_ptm_model_1_seed_043 recycle=1 pLDDT=91.4 pTM=0.724 tol=0.0824
2026-07-22 23:33:02,598 alphafold2_ptm_model_1_seed_043 recycle=2 pLDDT=91.8 pTM=0.729 tol=0.0563
2026-07-22 23:33:16,524 alphafold2_ptm_model_1_seed_043 recycle=3 pLDDT=91.9 pTM=0.735 tol=0.0382
2026-07-22 23:33:16,526 alphafold2_ptm_model_1_seed_043 took 56.5s (3 recycles)
2026-07-22 23:33:30,512 alphafold2_ptm_model_2_seed_043 recycle=0 pLDDT=93.7 pTM=0.777
2026-07-22 23:33:44,848 alphafold2_ptm_model_2_seed_043 recycle=1 pLDDT=94.2 pTM=0.788 tol=0.101
2026-07-22 23:33:58,908 alphafold2_ptm_model_2_seed_043 recycle=2 pLDDT=94.3 pTM=0.792 tol=0.0295
2026-07-22 23:34:12,882 alphafold2_ptm_model_2_seed_043 recycle=3 pLDDT=94.2 pTM=0.791 tol=0.0145
2026-07-22 23:34:12,884 alphafold2_ptm_model_2_seed_043 took 56.3s (3 recycles)
2026-07-22 23:34:26,517 alphafold2_ptm_model_3_seed_043 recycle=0 pLDDT=90.4 pTM=0.706
2026-07-22 23:34:40,434 alphafold2_ptm_model_3_seed_043 recycle=1 pLDDT=92.3 pTM=0.74 tol=0.102
2026-07-22 23:34:54,496 alphafold2_ptm_model_3_seed_043 recycle=2 pLDDT=92.7 pTM=0.75 tol=0.0546
2026-07-22 23:35:08,935 alphafold2_ptm_model_3_seed_043 recycle=3 pLDDT=93.1 pTM=0.754 tol=0.0499
2026-07-22 23:35:08,936 alphafold2_ptm_model_3_seed_043 took 56.0s (3 recycles)
2026-07-22 23:35:23,203 alphafold2_ptm_model_4_seed_043 recycle=0 pLDDT=91.6 pTM=0.731
2026-07-22 23:35:37,427 alphafold2_ptm_model_4_seed_043 recycle=1 pLDDT=92.8 pTM=0.76 tol=0.0824
2026-07-22 23:35:51,409 alphafold2_ptm_model_4_seed_043 recycle=2 pLDDT=93.2 pTM=0.769 tol=0.03
2026-07-22 23:36:05,195 alphafold2_ptm_model_4_seed_043 recycle=3 pLDDT=93.3 pTM=0.771 tol=0.0179
2026-07-22 23:36:05,197 alphafold2_ptm_model_4_seed_043 took 56.2s (3 recycles)
2026-07-22 23:36:19,370 alphafold2_ptm_model_5_seed_043 recycle=0 pLDDT=91.6 pTM=0.741
2026-07-22 23:36:33,389 alphafold2_ptm_model_5_seed_043 recycle=1 pLDDT=92.6 pTM=0.75 tol=0.114
2026-07-22 23:36:47,461 alphafold2_ptm_model_5_seed_043 recycle=2 pLDDT=93 pTM=0.752 tol=0.0486
2026-07-22 23:37:01,376 alphafold2_ptm_model_5_seed_043 recycle=3 pLDDT=93.1 pTM=0.753 tol=0.0226
2026-07-22 23:37:01,377 alphafold2_ptm_model_5_seed_043 took 56.1s (3 recycles)
2026-07-22 23:37:03,071 Padding length to 82
2026-07-22 23:37:17,179 alphafold2_ptm_model_1_seed_044 recycle=0 pLDDT=89.8 pTM=0.687
2026-07-22 23:37:30,848 alphafold2_ptm_model_1_seed_044 recycle=1 pLDDT=91.2 pTM=0.721 tol=0.102
2026-07-22 23:37:44,983 alphafold2_ptm_model_1_seed_044 recycle=2 pLDDT=91.7 pTM=0.731 tol=0.0615
2026-07-22 23:37:59,174 alphafold2_ptm_model_1_seed_044 recycle=3 pLDDT=91.9 pTM=0.735 tol=0.0348
2026-07-22 23:37:59,175 alphafold2_ptm_model_1_seed_044 took 56.1s (3 recycles)
2026-07-22 23:38:13,205 alphafold2_ptm_model_2_seed_044 recycle=0 pLDDT=93.6 pTM=0.775
2026-07-22 23:38:27,355 alphafold2_ptm_model_2_seed_044 recycle=1 pLDDT=94.2 pTM=0.789 tol=0.0915
2026-07-22 23:38:41,254 alphafold2_ptm_model_2_seed_044 recycle=2 pLDDT=94.2 pTM=0.79 tol=0.0372
2026-07-22 23:38:55,331 alphafold2_ptm_model_2_seed_044 recycle=3 pLDDT=94.2 pTM=0.791 tol=0.0156
2026-07-22 23:38:55,332 alphafold2_ptm_model_2_seed_044 took 56.1s (3 recycles)
2026-07-22 23:39:09,287 alphafold2_ptm_model_3_seed_044 recycle=0 pLDDT=90.4 pTM=0.707
2026-07-22 23:39:23,065 alphafold2_ptm_model_3_seed_044 recycle=1 pLDDT=92.2 pTM=0.737 tol=0.0952
2026-07-22 23:39:36,901 alphafold2_ptm_model_3_seed_044 recycle=2 pLDDT=92.6 pTM=0.746 tol=0.0561
2026-07-22 23:39:50,452 alphafold2_ptm_model_3_seed_044 recycle=3 pLDDT=93.1 pTM=0.755 tol=0.0475
2026-07-22 23:39:50,453 alphafold2_ptm_model_3_seed_044 took 55.1s (3 recycles)
2026-07-22 23:40:04,367 alphafold2_ptm_model_4_seed_044 recycle=0 pLDDT=91.4 pTM=0.731
2026-07-22 23:40:17,919 alphafold2_ptm_model_4_seed_044 recycle=1 pLDDT=92.8 pTM=0.758 tol=0.082
2026-07-22 23:40:31,561 alphafold2_ptm_model_4_seed_044 recycle=2 pLDDT=93.1 pTM=0.767 tol=0.035
2026-07-22 23:40:45,291 alphafold2_ptm_model_4_seed_044 recycle=3 pLDDT=93.2 pTM=0.771 tol=0.0203
2026-07-22 23:40:45,292 alphafold2_ptm_model_4_seed_044 took 54.8s (3 recycles)
2026-07-22 23:40:59,032 alphafold2_ptm_model_5_seed_044 recycle=0 pLDDT=91.2 pTM=0.729
2026-07-22 23:41:12,761 alphafold2_ptm_model_5_seed_044 recycle=1 pLDDT=92.4 pTM=0.744 tol=0.114
2026-07-22 23:41:26,421 alphafold2_ptm_model_5_seed_044 recycle=2 pLDDT=92.8 pTM=0.75 tol=0.0452
2026-07-22 23:41:40,241 alphafold2_ptm_model_5_seed_044 recycle=3 pLDDT=93.1 pTM=0.754 tol=0.0272
2026-07-22 23:41:40,242 alphafold2_ptm_model_5_seed_044 took 54.9s (3 recycles)
2026-07-22 23:41:40,270 reranking models by 'plddt' metric
2026-07-22 23:41:40,271 rank_001_alphafold2_ptm_model_2_seed_044 pLDDT=94.2 pTM=0.791
2026-07-22 23:41:40,272 rank_002_alphafold2_ptm_model_2_seed_043 pLDDT=94.2 pTM=0.791
2026-07-22 23:41:40,274 rank_003_alphafold2_ptm_model_2_seed_042 pLDDT=94.2 pTM=0.791
2026-07-22 23:41:40,275 rank_004_alphafold2_ptm_model_4_seed_043 pLDDT=93.3 pTM=0.771
2026-07-22 23:41:40,276 rank_005_alphafold2_ptm_model_4_seed_042 pLDDT=93.3 pTM=0.771
2026-07-22 23:41:40,277 rank_006_alphafold2_ptm_model_4_seed_044 pLDDT=93.2 pTM=0.771
2026-07-22 23:41:40,279 rank_007_alphafold2_ptm_model_3_seed_042 pLDDT=93.2 pTM=0.758
2026-07-22 23:41:40,280 rank_008_alphafold2_ptm_model_5_seed_044 pLDDT=93.1 pTM=0.754
2026-07-22 23:41:40,282 rank_009_alphafold2_ptm_model_5_seed_043 pLDDT=93.1 pTM=0.753
2026-07-22 23:41:40,283 rank_010_alphafold2_ptm_model_3_seed_044 pLDDT=93.1 pTM=0.755
2026-07-22 23:41:40,284 rank_011_alphafold2_ptm_model_3_seed_043 pLDDT=93.1 pTM=0.754
2026-07-22 23:41:40,286 rank_012_alphafold2_ptm_model_5_seed_042 pLDDT=93.1 pTM=0.752
2026-07-22 23:41:40,287 rank_013_alphafold2_ptm_model_1_seed_044 pLDDT=91.9 pTM=0.735
2026-07-22 23:41:40,288 rank_014_alphafold2_ptm_model_1_seed_043 pLDDT=91.9 pTM=0.735
2026-07-22 23:41:40,290 rank_015_alphafold2_ptm_model_1_seed_042 pLDDT=91.8 pTM=0.733
2026-07-22 23:41:43,856 Query 17/723: 5KPH_4_4_1_0_combined_id9 (length 72)
2026-07-22 23:41:47,008 Padding length to 82
2026-07-22 23:42:00,795 alphafold2_ptm_model_1_seed_042 recycle=0 pLDDT=93.7 pTM=0.759
2026-07-22 23:42:14,233 alphafold2_ptm_model_1_seed_042 recycle=1 pLDDT=95.1 pTM=0.802 tol=0.165
2026-07-22 23:42:28,073 alphafold2_ptm_model_1_seed_042 recycle=2 pLDDT=95.1 pTM=0.806 tol=0.049
2026-07-22 23:42:41,820 alphafold2_ptm_model_1_seed_042 recycle=3 pLDDT=95.2 pTM=0.808 tol=0.0262
2026-07-22 23:42:41,820 alphafold2_ptm_model_1_seed_042 took 54.8s (3 recycles)
2026-07-22 23:42:55,629 alphafold2_ptm_model_2_seed_042 recycle=0 pLDDT=95.8 pTM=0.813
2026-07-22 23:43:09,415 alphafold2_ptm_model_2_seed_042 recycle=1 pLDDT=96.1 pTM=0.83 tol=0.142
2026-07-22 23:43:22,779 alphafold2_ptm_model_2_seed_042 recycle=2 pLDDT=96.1 pTM=0.832 tol=0.0422
2026-07-22 23:43:36,349 alphafold2_ptm_model_2_seed_042 recycle=3 pLDDT=96.2 pTM=0.832 tol=0.0246
2026-07-22 23:43:36,350 alphafold2_ptm_model_2_seed_042 took 54.5s (3 recycles)
2026-07-22 23:43:50,153 alphafold2_ptm_model_3_seed_042 recycle=0 pLDDT=93.4 pTM=0.77
2026-07-22 23:44:03,788 alphafold2_ptm_model_3_seed_042 recycle=1 pLDDT=94.9 pTM=0.804 tol=0.161
2026-07-22 23:44:17,720 alphafold2_ptm_model_3_seed_042 recycle=2 pLDDT=95.6 pTM=0.816 tol=0.0546
2026-07-22 23:44:31,395 alphafold2_ptm_model_3_seed_042 recycle=3 pLDDT=95.7 pTM=0.818 tol=0.0367
2026-07-22 23:44:31,396 alphafold2_ptm_model_3_seed_042 took 55.0s (3 recycles)
2026-07-22 23:44:45,134 alphafold2_ptm_model_4_seed_042 recycle=0 pLDDT=94.6 pTM=0.806
2026-07-22 23:44:58,811 alphafold2_ptm_model_4_seed_042 recycle=1 pLDDT=95.2 pTM=0.822 tol=0.18
2026-07-22 23:45:12,315 alphafold2_ptm_model_4_seed_042 recycle=2 pLDDT=95.4 pTM=0.827 tol=0.0533
2026-07-22 23:45:26,128 alphafold2_ptm_model_4_seed_042 recycle=3 pLDDT=95.4 pTM=0.827 tol=0.0292
2026-07-22 23:45:26,129 alphafold2_ptm_model_4_seed_042 took 54.7s (3 recycles)
2026-07-22 23:45:39,776 alphafold2_ptm_model_5_seed_042 recycle=0 pLDDT=93.9 pTM=0.789
2026-07-22 23:45:53,450 alphafold2_ptm_model_5_seed_042 recycle=1 pLDDT=94.8 pTM=0.812 tol=0.23
2026-07-22 23:46:07,033 alphafold2_ptm_model_5_seed_042 recycle=2 pLDDT=95.2 pTM=0.818 tol=0.0696
2026-07-22 23:46:20,798 alphafold2_ptm_model_5_seed_042 recycle=3 pLDDT=95.4 pTM=0.821 tol=0.0351
2026-07-22 23:46:20,799 alphafold2_ptm_model_5_seed_042 took 54.6s (3 recycles)
2026-07-22 23:46:22,710 Padding length to 82
2026-07-22 23:46:36,213 alphafold2_ptm_model_1_seed_043 recycle=0 pLDDT=93.8 pTM=0.762
2026-07-22 23:46:49,564 alphafold2_ptm_model_1_seed_043 recycle=1 pLDDT=95.1 pTM=0.802 tol=0.171
2026-07-22 23:47:02,934 alphafold2_ptm_model_1_seed_043 recycle=2 pLDDT=95.1 pTM=0.808 tol=0.0557
2026-07-22 23:47:16,407 alphafold2_ptm_model_1_seed_043 recycle=3 pLDDT=95.1 pTM=0.808 tol=0.035
2026-07-22 23:47:16,408 alphafold2_ptm_model_1_seed_043 took 53.7s (3 recycles)
2026-07-22 23:47:28,799 alphafold2_ptm_model_2_seed_043 recycle=0 pLDDT=95.6 pTM=0.806
2026-07-22 23:47:40,083 alphafold2_ptm_model_2_seed_043 recycle=1 pLDDT=96.1 pTM=0.83 tol=0.146
2026-07-22 23:47:51,551 alphafold2_ptm_model_2_seed_043 recycle=2 pLDDT=96.1 pTM=0.832 tol=0.043
2026-07-22 23:48:03,161 alphafold2_ptm_model_2_seed_043 recycle=3 pLDDT=96.2 pTM=0.832 tol=0.0267
2026-07-22 23:48:03,162 alphafold2_ptm_model_2_seed_043 took 46.7s (3 recycles)
2026-07-22 23:48:14,762 alphafold2_ptm_model_3_seed_043 recycle=0 pLDDT=93.5 pTM=0.771
2026-07-22 23:48:26,328 alphafold2_ptm_model_3_seed_043 recycle=1 pLDDT=95 pTM=0.804 tol=0.162
2026-07-22 23:48:39,181 alphafold2_ptm_model_3_seed_043 recycle=2 pLDDT=95.6 pTM=0.817 tol=0.0558
2026-07-22 23:48:52,762 alphafold2_ptm_model_3_seed_043 recycle=3 pLDDT=95.7 pTM=0.817 tol=0.0501
2026-07-22 23:48:52,763 alphafold2_ptm_model_3_seed_043 took 49.6s (3 recycles)
2026-07-22 23:49:06,505 alphafold2_ptm_model_4_seed_043 recycle=0 pLDDT=94.2 pTM=0.801
2026-07-22 23:49:20,132 alphafold2_ptm_model_4_seed_043 recycle=1 pLDDT=95.1 pTM=0.821 tol=0.195
2026-07-22 23:49:33,334 alphafold2_ptm_model_4_seed_043 recycle=2 pLDDT=95.4 pTM=0.826 tol=0.0477
2026-07-22 23:49:46,919 alphafold2_ptm_model_4_seed_043 recycle=3 pLDDT=95.4 pTM=0.827 tol=0.0244
2026-07-22 23:49:46,921 alphafold2_ptm_model_4_seed_043 took 54.1s (3 recycles)
2026-07-22 23:49:59,690 alphafold2_ptm_model_5_seed_043 recycle=0 pLDDT=94.1 pTM=0.791
2026-07-22 23:50:13,192 alphafold2_ptm_model_5_seed_043 recycle=1 pLDDT=94.8 pTM=0.812 tol=0.237
2026-07-22 23:50:26,987 alphafold2_ptm_model_5_seed_043 recycle=2 pLDDT=95.2 pTM=0.819 tol=0.0668
2026-07-22 23:50:40,362 alphafold2_ptm_model_5_seed_043 recycle=3 pLDDT=95.4 pTM=0.822 tol=0.0325
2026-07-22 23:50:40,363 alphafold2_ptm_model_5_seed_043 took 53.4s (3 recycles)
2026-07-22 23:50:42,125 Padding length to 82
2026-07-22 23:50:55,307 alphafold2_ptm_model_1_seed_044 recycle=0 pLDDT=93.6 pTM=0.756
2026-07-22 23:51:08,693 alphafold2_ptm_model_1_seed_044 recycle=1 pLDDT=95.1 pTM=0.802 tol=0.17
2026-07-22 23:51:21,878 alphafold2_ptm_model_1_seed_044 recycle=2 pLDDT=95.1 pTM=0.807 tol=0.0523
2026-07-22 23:51:35,558 alphafold2_ptm_model_1_seed_044 recycle=3 pLDDT=95.2 pTM=0.808 tol=0.0323
2026-07-22 23:51:35,559 alphafold2_ptm_model_1_seed_044 took 53.4s (3 recycles)
2026-07-22 23:51:48,781 alphafold2_ptm_model_2_seed_044 recycle=0 pLDDT=95.8 pTM=0.812
2026-07-22 23:52:02,345 alphafold2_ptm_model_2_seed_044 recycle=1 pLDDT=96 pTM=0.829 tol=0.139
2026-07-22 23:52:15,681 alphafold2_ptm_model_2_seed_044 recycle=2 pLDDT=96.1 pTM=0.83 tol=0.0442
2026-07-22 23:52:28,870 alphafold2_ptm_model_2_seed_044 recycle=3 pLDDT=96.2 pTM=0.832 tol=0.0255
2026-07-22 23:52:28,871 alphafold2_ptm_model_2_seed_044 took 53.3s (3 recycles)
2026-07-22 23:52:42,033 alphafold2_ptm_model_3_seed_044 recycle=0 pLDDT=93.6 pTM=0.774
2026-07-22 23:52:54,823 alphafold2_ptm_model_3_seed_044 recycle=1 pLDDT=95 pTM=0.805 tol=0.156
2026-07-22 23:53:08,158 alphafold2_ptm_model_3_seed_044 recycle=2 pLDDT=95.4 pTM=0.814 tol=0.0496
2026-07-22 23:53:21,229 alphafold2_ptm_model_3_seed_044 recycle=3 pLDDT=95.7 pTM=0.82 tol=0.0327
2026-07-22 23:53:21,230 alphafold2_ptm_model_3_seed_044 took 52.3s (3 recycles)
2026-07-22 23:53:34,094 alphafold2_ptm_model_4_seed_044 recycle=0 pLDDT=94.2 pTM=0.799
2026-07-22 23:53:46,245 alphafold2_ptm_model_4_seed_044 recycle=1 pLDDT=95.1 pTM=0.821 tol=0.202
2026-07-22 23:53:58,234 alphafold2_ptm_model_4_seed_044 recycle=2 pLDDT=95.3 pTM=0.825 tol=0.052
2026-07-22 23:54:10,149 alphafold2_ptm_model_4_seed_044 recycle=3 pLDDT=95.4 pTM=0.826 tol=0.0304
2026-07-22 23:54:10,151 alphafold2_ptm_model_4_seed_044 took 48.9s (3 recycles)
2026-07-22 23:54:22,322 alphafold2_ptm_model_5_seed_044 recycle=0 pLDDT=94 pTM=0.788
2026-07-22 23:54:34,217 alphafold2_ptm_model_5_seed_044 recycle=1 pLDDT=94.8 pTM=0.812 tol=0.233
2026-07-22 23:54:46,330 alphafold2_ptm_model_5_seed_044 recycle=2 pLDDT=95.2 pTM=0.817 tol=0.0603
2026-07-22 23:54:58,162 alphafold2_ptm_model_5_seed_044 recycle=3 pLDDT=95.4 pTM=0.82 tol=0.0331
2026-07-22 23:54:58,163 alphafold2_ptm_model_5_seed_044 took 47.9s (3 recycles)
2026-07-22 23:54:58,188 reranking models by 'plddt' metric
2026-07-22 23:54:58,189 rank_001_alphafold2_ptm_model_2_seed_044 pLDDT=96.2 pTM=0.832
2026-07-22 23:54:58,190 rank_002_alphafold2_ptm_model_2_seed_043 pLDDT=96.2 pTM=0.832
2026-07-22 23:54:58,192 rank_003_alphafold2_ptm_model_2_seed_042 pLDDT=96.2 pTM=0.832
2026-07-22 23:54:58,193 rank_004_alphafold2_ptm_model_3_seed_044 pLDDT=95.7 pTM=0.82
2026-07-22 23:54:58,195 rank_005_alphafold2_ptm_model_3_seed_043 pLDDT=95.7 pTM=0.817
2026-07-22 23:54:58,196 rank_006_alphafold2_ptm_model_3_seed_042 pLDDT=95.7 pTM=0.818
2026-07-22 23:54:58,197 rank_007_alphafold2_ptm_model_4_seed_043 pLDDT=95.4 pTM=0.827
2026-07-22 23:54:58,199 rank_008_alphafold2_ptm_model_4_seed_042 pLDDT=95.4 pTM=0.827
2026-07-22 23:54:58,200 rank_009_alphafold2_ptm_model_5_seed_044 pLDDT=95.4 pTM=0.82
2026-07-22 23:54:58,201 rank_010_alphafold2_ptm_model_4_seed_044 pLDDT=95.4 pTM=0.826
2026-07-22 23:54:58,202 rank_011_alphafold2_ptm_model_5_seed_043 pLDDT=95.4 pTM=0.822
2026-07-22 23:54:58,204 rank_012_alphafold2_ptm_model_5_seed_042 pLDDT=95.4 pTM=0.821
2026-07-22 23:54:58,205 rank_013_alphafold2_ptm_model_1_seed_044 pLDDT=95.2 pTM=0.808
2026-07-22 23:54:58,207 rank_014_alphafold2_ptm_model_1_seed_042 pLDDT=95.2 pTM=0.808
2026-07-22 23:54:58,208 rank_015_alphafold2_ptm_model_1_seed_043 pLDDT=95.1 pTM=0.808
2026-07-22 23:55:00,853 Query 18/723: 5KPH_4_2_7_0_combined_id2 (length 72)
2026-07-22 23:55:03,055 Padding length to 82
2026-07-22 23:55:14,781 alphafold2_ptm_model_1_seed_042 recycle=0 pLDDT=93.3 pTM=0.755
2026-07-22 23:55:26,344 alphafold2_ptm_model_1_seed_042 recycle=1 pLDDT=95.4 pTM=0.804 tol=0.188
2026-07-22 23:55:38,074 alphafold2_ptm_model_1_seed_042 recycle=2 pLDDT=95.8 pTM=0.814 tol=0.0446
2026-07-22 23:55:49,516 alphafold2_ptm_model_1_seed_042 recycle=3 pLDDT=95.9 pTM=0.817 tol=0.0258
2026-07-22 23:55:49,517 alphafold2_ptm_model_1_seed_042 took 46.5s (3 recycles)
2026-07-22 23:56:01,210 alphafold2_ptm_model_2_seed_042 recycle=0 pLDDT=96.1 pTM=0.817
2026-07-22 23:56:12,819 alphafold2_ptm_model_2_seed_042 recycle=1 pLDDT=96.8 pTM=0.836 tol=0.166
2026-07-22 23:56:24,432 alphafold2_ptm_model_2_seed_042 recycle=2 pLDDT=96.8 pTM=0.839 tol=0.041
2026-07-22 23:56:35,899 alphafold2_ptm_model_2_seed_042 recycle=3 pLDDT=96.9 pTM=0.839 tol=0.0172
2026-07-22 23:56:35,899 alphafold2_ptm_model_2_seed_042 took 46.3s (3 recycles)
2026-07-22 23:56:47,542 alphafold2_ptm_model_3_seed_042 recycle=0 pLDDT=92.2 pTM=0.745
2026-07-22 23:56:59,026 alphafold2_ptm_model_3_seed_042 recycle=1 pLDDT=94.8 pTM=0.8 tol=0.158
2026-07-22 23:57:10,584 alphafold2_ptm_model_3_seed_042 recycle=2 pLDDT=95.4 pTM=0.81 tol=0.0618
2026-07-22 23:57:22,083 alphafold2_ptm_model_3_seed_042 recycle=3 pLDDT=95.7 pTM=0.816 tol=0.044
2026-07-22 23:57:22,085 alphafold2_ptm_model_3_seed_042 took 46.1s (3 recycles)
2026-07-22 23:57:33,827 alphafold2_ptm_model_4_seed_042 recycle=0 pLDDT=92.8 pTM=0.76
2026-07-22 23:57:45,656 alphafold2_ptm_model_4_seed_042 recycle=1 pLDDT=94.8 pTM=0.814 tol=0.219
2026-07-22 23:57:58,835 alphafold2_ptm_model_4_seed_042 recycle=2 pLDDT=95.5 pTM=0.822 tol=0.0487
2026-07-22 23:58:12,102 alphafold2_ptm_model_4_seed_042 recycle=3 pLDDT=95.8 pTM=0.824 tol=0.0258
2026-07-22 23:58:12,102 alphafold2_ptm_model_4_seed_042 took 50.0s (3 recycles)
2026-07-22 23:58:23,698 alphafold2_ptm_model_5_seed_042 recycle=0 pLDDT=91.8 pTM=0.74
2026-07-22 23:58:37,824 alphafold2_ptm_model_5_seed_042 recycle=1 pLDDT=94.4 pTM=0.794 tol=0.165
2026-07-22 23:58:53,209 alphafold2_ptm_model_5_seed_042 recycle=2 pLDDT=95.1 pTM=0.806 tol=0.0444
2026-07-22 23:59:08,714 alphafold2_ptm_model_5_seed_042 recycle=3 pLDDT=95.4 pTM=0.811 tol=0.0343
2026-07-22 23:59:08,714 alphafold2_ptm_model_5_seed_042 took 56.6s (3 recycles)
2026-07-22 23:59:11,039 Padding length to 82
2026-07-22 23:59:27,134 alphafold2_ptm_model_1_seed_043 recycle=0 pLDDT=93.6 pTM=0.756
2026-07-22 23:59:41,935 alphafold2_ptm_model_1_seed_043 recycle=1 pLDDT=95.4 pTM=0.805 tol=0.188
2026-07-22 23:59:55,817 alphafold2_ptm_model_1_seed_043 recycle=2 pLDDT=95.8 pTM=0.814 tol=0.0432
2026-07-23 00:00:15,958 alphafold2_ptm_model_1_seed_043 recycle=3 pLDDT=95.9 pTM=0.817 tol=0.0257
2026-07-23 00:00:15,959 alphafold2_ptm_model_1_seed_043 took 64.9s (3 recycles)
2026-07-23 00:00:30,194 alphafold2_ptm_model_2_seed_043 recycle=0 pLDDT=95.9 pTM=0.816
2026-07-23 00:00:44,579 alphafold2_ptm_model_2_seed_043 recycle=1 pLDDT=96.6 pTM=0.836 tol=0.196
2026-07-23 00:00:58,168 alphafold2_ptm_model_2_seed_043 recycle=2 pLDDT=96.8 pTM=0.838 tol=0.0454
2026-07-23 00:01:11,926 alphafold2_ptm_model_2_seed_043 recycle=3 pLDDT=96.9 pTM=0.839 tol=0.0197
2026-07-23 00:01:11,927 alphafold2_ptm_model_2_seed_043 took 55.9s (3 recycles)
2026-07-23 00:01:25,974 alphafold2_ptm_model_3_seed_043 recycle=0 pLDDT=92.4 pTM=0.752
2026-07-23 00:01:39,346 alphafold2_ptm_model_3_seed_043 recycle=1 pLDDT=94.8 pTM=0.803 tol=0.154
2026-07-23 00:01:53,102 alphafold2_ptm_model_3_seed_043 recycle=2 pLDDT=95.4 pTM=0.809 tol=0.0557
2026-07-23 00:02:07,159 alphafold2_ptm_model_3_seed_043 recycle=3 pLDDT=95.7 pTM=0.816 tol=0.048
2026-07-23 00:02:07,160 alphafold2_ptm_model_3_seed_043 took 55.2s (3 recycles)
2026-07-23 00:02:20,954 alphafold2_ptm_model_4_seed_043 recycle=0 pLDDT=92.9 pTM=0.771
2026-07-23 00:02:35,055 alphafold2_ptm_model_4_seed_043 recycle=1 pLDDT=94.6 pTM=0.814 tol=0.188
2026-07-23 00:02:48,785 alphafold2_ptm_model_4_seed_043 recycle=2 pLDDT=95 pTM=0.818 tol=0.0517
2026-07-23 00:03:02,623 alphafold2_ptm_model_4_seed_043 recycle=3 pLDDT=95.2 pTM=0.821 tol=0.0258
2026-07-23 00:03:02,625 alphafold2_ptm_model_4_seed_043 took 55.4s (3 recycles)
2026-07-23 00:03:16,595 alphafold2_ptm_model_5_seed_043 recycle=0 pLDDT=92.6 pTM=0.751
2026-07-23 00:03:30,797 alphafold2_ptm_model_5_seed_043 recycle=1 pLDDT=94.6 pTM=0.798 tol=0.162
2026-07-23 00:03:44,981 alphafold2_ptm_model_5_seed_043 recycle=2 pLDDT=95.1 pTM=0.806 tol=0.0443
2026-07-23 00:03:59,228 alphafold2_ptm_model_5_seed_043 recycle=3 pLDDT=95.5 pTM=0.811 tol=0.0332
2026-07-23 00:03:59,229 alphafold2_ptm_model_5_seed_043 took 56.5s (3 recycles)
2026-07-23 00:04:01,235 Padding length to 82
2026-07-23 00:04:15,646 alphafold2_ptm_model_1_seed_044 recycle=0 pLDDT=93.1 pTM=0.749
2026-07-23 00:04:29,910 alphafold2_ptm_model_1_seed_044 recycle=1 pLDDT=95.4 pTM=0.805 tol=0.193
2026-07-23 00:04:44,380 alphafold2_ptm_model_1_seed_044 recycle=2 pLDDT=95.8 pTM=0.813 tol=0.0481
2026-07-23 00:04:58,393 alphafold2_ptm_model_1_seed_044 recycle=3 pLDDT=95.9 pTM=0.817 tol=0.026
2026-07-23 00:04:58,393 alphafold2_ptm_model_1_seed_044 took 57.2s (3 recycles)
2026-07-23 00:05:12,210 alphafold2_ptm_model_2_seed_044 recycle=0 pLDDT=95.9 pTM=0.817
2026-07-23 00:05:26,243 alphafold2_ptm_model_2_seed_044 recycle=1 pLDDT=96.7 pTM=0.836 tol=0.183
2026-07-23 00:05:39,706 alphafold2_ptm_model_2_seed_044 recycle=2 pLDDT=96.8 pTM=0.838 tol=0.0492
2026-07-23 00:05:53,793 alphafold2_ptm_model_2_seed_044 recycle=3 pLDDT=96.9 pTM=0.839 tol=0.0176
2026-07-23 00:05:53,794 alphafold2_ptm_model_2_seed_044 took 55.3s (3 recycles)
2026-07-23 00:06:07,645 alphafold2_ptm_model_3_seed_044 recycle=0 pLDDT=92.1 pTM=0.744
2026-07-23 00:06:22,426 alphafold2_ptm_model_3_seed_044 recycle=1 pLDDT=94.6 pTM=0.799 tol=0.159
2026-07-23 00:06:36,305 alphafold2_ptm_model_3_seed_044 recycle=2 pLDDT=95.2 pTM=0.807 tol=0.0586
2026-07-23 00:06:50,108 alphafold2_ptm_model_3_seed_044 recycle=3 pLDDT=95.6 pTM=0.814 tol=0.0432
2026-07-23 00:06:50,109 alphafold2_ptm_model_3_seed_044 took 56.2s (3 recycles)
2026-07-23 00:07:04,954 alphafold2_ptm_model_4_seed_044 recycle=0 pLDDT=92.8 pTM=0.763
2026-07-23 00:07:19,315 alphafold2_ptm_model_4_seed_044 recycle=1 pLDDT=94.4 pTM=0.812 tol=0.202
2026-07-23 00:07:33,854 alphafold2_ptm_model_4_seed_044 recycle=2 pLDDT=94.8 pTM=0.817 tol=0.0519
2026-07-23 00:07:47,942 alphafold2_ptm_model_4_seed_044 recycle=3 pLDDT=95.1 pTM=0.82 tol=0.0228
2026-07-23 00:07:47,943 alphafold2_ptm_model_4_seed_044 took 57.8s (3 recycles)
2026-07-23 00:08:02,706 alphafold2_ptm_model_5_seed_044 recycle=0 pLDDT=91.1 pTM=0.728
2026-07-23 00:08:17,291 alphafold2_ptm_model_5_seed_044 recycle=1 pLDDT=94.3 pTM=0.794 tol=0.172
2026-07-23 00:08:31,942 alphafold2_ptm_model_5_seed_044 recycle=2 pLDDT=94.9 pTM=0.805 tol=0.0437
2026-07-23 00:08:45,988 alphafold2_ptm_model_5_seed_044 recycle=3 pLDDT=95.4 pTM=0.81 tol=0.0343
2026-07-23 00:08:45,989 alphafold2_ptm_model_5_seed_044 took 57.6s (3 recycles)
2026-07-23 00:08:46,042 reranking models by 'plddt' metric
2026-07-23 00:08:46,043 rank_001_alphafold2_ptm_model_2_seed_044 pLDDT=96.9 pTM=0.839
2026-07-23 00:08:46,045 rank_002_alphafold2_ptm_model_2_seed_043 pLDDT=96.9 pTM=0.839
2026-07-23 00:08:46,047 rank_003_alphafold2_ptm_model_2_seed_042 pLDDT=96.9 pTM=0.839
2026-07-23 00:08:46,050 rank_004_alphafold2_ptm_model_1_seed_044 pLDDT=95.9 pTM=0.817
2026-07-23 00:08:46,052 rank_005_alphafold2_ptm_model_1_seed_043 pLDDT=95.9 pTM=0.817
2026-07-23 00:08:46,056 rank_006_alphafold2_ptm_model_1_seed_042 pLDDT=95.9 pTM=0.817
2026-07-23 00:08:46,057 rank_007_alphafold2_ptm_model_4_seed_042 pLDDT=95.8 pTM=0.824
2026-07-23 00:08:46,060 rank_008_alphafold2_ptm_model_3_seed_043 pLDDT=95.7 pTM=0.816
2026-07-23 00:08:46,062 rank_009_alphafold2_ptm_model_3_seed_042 pLDDT=95.7 pTM=0.816
2026-07-23 00:08:46,063 rank_010_alphafold2_ptm_model_3_seed_044 pLDDT=95.6 pTM=0.814
2026-07-23 00:08:46,065 rank_011_alphafold2_ptm_model_5_seed_043 pLDDT=95.5 pTM=0.811
2026-07-23 00:08:46,066 rank_012_alphafold2_ptm_model_5_seed_042 pLDDT=95.4 pTM=0.811
2026-07-23 00:08:46,068 rank_013_alphafold2_ptm_model_5_seed_044 pLDDT=95.4 pTM=0.81
2026-07-23 00:08:46,070 rank_014_alphafold2_ptm_model_4_seed_043 pLDDT=95.2 pTM=0.821
2026-07-23 00:08:46,072 rank_015_alphafold2_ptm_model_4_seed_044 pLDDT=95.1 pTM=0.82
2026-07-23 00:08:50,379 Skipping 5KPH_4_2_7_0_combined_id2 (already done)
2026-07-23 00:08:50,382 Query 20/723: 5KPH_4_2_7_0_combined_id1 (length 72)
2026-07-23 00:08:54,489 Padding length to 82
2026-07-23 00:09:08,914 alphafold2_ptm_model_1_seed_042 recycle=0 pLDDT=88.4 pTM=0.654
2026-07-23 00:09:21,439 alphafold2_ptm_model_1_seed_042 recycle=1 pLDDT=90.8 pTM=0.707 tol=0.108
2026-07-23 00:09:33,603 alphafold2_ptm_model_1_seed_042 recycle=2 pLDDT=90.9 pTM=0.714 tol=0.0358
2026-07-23 00:09:46,718 alphafold2_ptm_model_1_seed_042 recycle=3 pLDDT=91 pTM=0.718 tol=0.0299
2026-07-23 00:09:46,719 alphafold2_ptm_model_1_seed_042 took 52.2s (3 recycles)
2026-07-23 00:09:59,335 alphafold2_ptm_model_2_seed_042 recycle=0 pLDDT=88.2 pTM=0.683
2026-07-23 00:10:12,196 alphafold2_ptm_model_2_seed_042 recycle=1 pLDDT=92.4 pTM=0.761 tol=0.241
2026-07-23 00:10:25,341 alphafold2_ptm_model_2_seed_042 recycle=2 pLDDT=93.1 pTM=0.776 tol=0.0505
2026-07-23 00:10:38,727 alphafold2_ptm_model_2_seed_042 recycle=3 pLDDT=93.4 pTM=0.781 tol=0.0289
2026-07-23 00:10:38,728 alphafold2_ptm_model_2_seed_042 took 52.0s (3 recycles)
2026-07-23 00:10:52,040 alphafold2_ptm_model_3_seed_042 recycle=0 pLDDT=87.3 pTM=0.659
2026-07-23 00:11:05,162 alphafold2_ptm_model_3_seed_042 recycle=1 pLDDT=91.3 pTM=0.729 tol=0.259
2026-07-23 00:11:18,015 alphafold2_ptm_model_3_seed_042 recycle=2 pLDDT=91.9 pTM=0.744 tol=0.0811
2026-07-23 00:11:32,401 alphafold2_ptm_model_3_seed_042 recycle=3 pLDDT=92.2 pTM=0.751 tol=0.075
2026-07-23 00:11:32,402 alphafold2_ptm_model_3_seed_042 took 53.6s (3 recycles)
2026-07-23 00:11:47,014 alphafold2_ptm_model_4_seed_042 recycle=0 pLDDT=89.2 pTM=0.693
2026-07-23 00:12:00,679 alphafold2_ptm_model_4_seed_042 recycle=1 pLDDT=91.2 pTM=0.734 tol=0.14
2026-07-23 00:12:14,350 alphafold2_ptm_model_4_seed_042 recycle=2 pLDDT=91.4 pTM=0.739 tol=0.0473
2026-07-23 00:12:27,565 alphafold2_ptm_model_4_seed_042 recycle=3 pLDDT=91.5 pTM=0.74 tol=0.033
2026-07-23 00:12:27,566 alphafold2_ptm_model_4_seed_042 took 55.1s (3 recycles)
2026-07-23 00:12:40,236 alphafold2_ptm_model_5_seed_042 recycle=0 pLDDT=90.4 pTM=0.706
2026-07-23 00:12:53,455 alphafold2_ptm_model_5_seed_042 recycle=1 pLDDT=92.1 pTM=0.725 tol=0.156
2026-07-23 00:13:06,539 alphafold2_ptm_model_5_seed_042 recycle=2 pLDDT=92.5 pTM=0.735 tol=0.0467
2026-07-23 00:13:19,088 alphafold2_ptm_model_5_seed_042 recycle=3 pLDDT=92.6 pTM=0.738 tol=0.0342
2026-07-23 00:13:19,089 alphafold2_ptm_model_5_seed_042 took 51.5s (3 recycles)
2026-07-23 00:13:21,023 Padding length to 82
2026-07-23 00:13:34,338 alphafold2_ptm_model_1_seed_043 recycle=0 pLDDT=87.7 pTM=0.638
2026-07-23 00:13:47,236 alphafold2_ptm_model_1_seed_043 recycle=1 pLDDT=90.8 pTM=0.707 tol=0.126
2026-07-23 00:14:00,313 alphafold2_ptm_model_1_seed_043 recycle=2 pLDDT=90.9 pTM=0.714 tol=0.0401
2026-07-23 00:14:12,191 alphafold2_ptm_model_1_seed_043 recycle=3 pLDDT=91 pTM=0.718 tol=0.0317
2026-07-23 00:14:12,191 alphafold2_ptm_model_1_seed_043 took 51.2s (3 recycles)
2026-07-23 00:14:25,161 alphafold2_ptm_model_2_seed_043 recycle=0 pLDDT=87.9 pTM=0.68
2026-07-23 00:14:38,200 alphafold2_ptm_model_2_seed_043 recycle=1 pLDDT=92.6 pTM=0.762 tol=0.265
2026-07-23 00:14:50,964 alphafold2_ptm_model_2_seed_043 recycle=2 pLDDT=93.1 pTM=0.775 tol=0.0468
2026-07-23 00:15:04,781 alphafold2_ptm_model_2_seed_043 recycle=3 pLDDT=93.3 pTM=0.781 tol=0.0267
2026-07-23 00:15:04,782 alphafold2_ptm_model_2_seed_043 took 52.5s (3 recycles)
2026-07-23 00:15:18,659 alphafold2_ptm_model_3_seed_043 recycle=0 pLDDT=87.3 pTM=0.657
2026-07-23 00:15:31,895 alphafold2_ptm_model_3_seed_043 recycle=1 pLDDT=91.2 pTM=0.728 tol=0.268
2026-07-23 00:15:44,782 alphafold2_ptm_model_3_seed_043 recycle=2 pLDDT=91.8 pTM=0.741 tol=0.0782
2026-07-23 00:15:57,817 alphafold2_ptm_model_3_seed_043 recycle=3 pLDDT=92.1 pTM=0.749 tol=0.0812
2026-07-23 00:15:57,817 alphafold2_ptm_model_3_seed_043 took 52.9s (3 recycles)
2026-07-23 00:16:11,091 alphafold2_ptm_model_4_seed_043 recycle=0 pLDDT=88.9 pTM=0.688
2026-07-23 00:16:24,325 alphafold2_ptm_model_4_seed_043 recycle=1 pLDDT=91.1 pTM=0.732 tol=0.136
2026-07-23 00:16:37,582 alphafold2_ptm_model_4_seed_043 recycle=2 pLDDT=91.4 pTM=0.737 tol=0.0439
2026-07-23 00:16:51,060 alphafold2_ptm_model_4_seed_043 recycle=3 pLDDT=91.6 pTM=0.741 tol=0.0335
2026-07-23 00:16:51,061 alphafold2_ptm_model_4_seed_043 took 53.2s (3 recycles)
2026-07-23 00:17:04,665 alphafold2_ptm_model_5_seed_043 recycle=0 pLDDT=90.2 pTM=0.703
2026-07-23 00:17:18,123 alphafold2_ptm_model_5_seed_043 recycle=1 pLDDT=92.1 pTM=0.728 tol=0.177
2026-07-23 00:17:31,907 alphafold2_ptm_model_5_seed_043 recycle=2 pLDDT=92.4 pTM=0.734 tol=0.0504
2026-07-23 00:17:46,334 alphafold2_ptm_model_5_seed_043 recycle=3 pLDDT=92.6 pTM=0.737 tol=0.0323
2026-07-23 00:17:46,335 alphafold2_ptm_model_5_seed_043 took 55.2s (3 recycles)
2026-07-23 00:17:48,504 Padding length to 82
2026-07-23 00:18:02,532 alphafold2_ptm_model_1_seed_044 recycle=0 pLDDT=88.1 pTM=0.65
2026-07-23 00:18:15,782 alphafold2_ptm_model_1_seed_044 recycle=1 pLDDT=90.8 pTM=0.709 tol=0.122
2026-07-23 00:18:29,098 alphafold2_ptm_model_1_seed_044 recycle=2 pLDDT=90.9 pTM=0.714 tol=0.0394
2026-07-23 00:18:41,788 alphafold2_ptm_model_1_seed_044 recycle=3 pLDDT=91 pTM=0.72 tol=0.0341
2026-07-23 00:18:41,789 alphafold2_ptm_model_1_seed_044 took 53.3s (3 recycles)
2026-07-23 00:18:54,776 alphafold2_ptm_model_2_seed_044 recycle=0 pLDDT=90.6 pTM=0.725
2026-07-23 00:19:08,019 alphafold2_ptm_model_2_seed_044 recycle=1 pLDDT=92.8 pTM=0.769 tol=0.165
2026-07-23 00:19:20,691 alphafold2_ptm_model_2_seed_044 recycle=2 pLDDT=93.2 pTM=0.778 tol=0.0451
2026-07-23 00:19:33,884 alphafold2_ptm_model_2_seed_044 recycle=3 pLDDT=93.4 pTM=0.781 tol=0.0231
2026-07-23 00:19:33,886 alphafold2_ptm_model_2_seed_044 took 52.0s (3 recycles)
2026-07-23 00:19:46,504 alphafold2_ptm_model_3_seed_044 recycle=0 pLDDT=87.5 pTM=0.66
2026-07-23 00:19:58,945 alphafold2_ptm_model_3_seed_044 recycle=1 pLDDT=91.1 pTM=0.727 tol=0.248
2026-07-23 00:20:11,561 alphafold2_ptm_model_3_seed_044 recycle=2 pLDDT=91.8 pTM=0.74 tol=0.0866
2026-07-23 00:20:23,950 alphafold2_ptm_model_3_seed_044 recycle=3 pLDDT=92.1 pTM=0.749 tol=0.0842
2026-07-23 00:20:23,951 alphafold2_ptm_model_3_seed_044 took 50.0s (3 recycles)
2026-07-23 00:20:36,278 alphafold2_ptm_model_4_seed_044 recycle=0 pLDDT=89.2 pTM=0.693
2026-07-23 00:20:48,892 alphafold2_ptm_model_4_seed_044 recycle=1 pLDDT=91.1 pTM=0.733 tol=0.139
2026-07-23 00:21:01,928 alphafold2_ptm_model_4_seed_044 recycle=2 pLDDT=91.4 pTM=0.738 tol=0.0518
2026-07-23 00:21:14,854 alphafold2_ptm_model_4_seed_044 recycle=3 pLDDT=91.5 pTM=0.741 tol=0.0335
2026-07-23 00:21:14,855 alphafold2_ptm_model_4_seed_044 took 50.8s (3 recycles)
2026-07-23 00:21:27,939 alphafold2_ptm_model_5_seed_044 recycle=0 pLDDT=90.2 pTM=0.701
2026-07-23 00:21:40,708 alphafold2_ptm_model_5_seed_044 recycle=1 pLDDT=92 pTM=0.728 tol=0.155
2026-07-23 00:21:52,787 alphafold2_ptm_model_5_seed_044 recycle=2 pLDDT=92.4 pTM=0.734 tol=0.0468
2026-07-23 00:22:05,035 alphafold2_ptm_model_5_seed_044 recycle=3 pLDDT=92.6 pTM=0.737 tol=0.033
2026-07-23 00:22:05,036 alphafold2_ptm_model_5_seed_044 took 50.1s (3 recycles)
2026-07-23 00:22:05,083 reranking models by 'plddt' metric
2026-07-23 00:22:05,084 rank_001_alphafold2_ptm_model_2_seed_044 pLDDT=93.4 pTM=0.781
2026-07-23 00:22:05,086 rank_002_alphafold2_ptm_model_2_seed_042 pLDDT=93.4 pTM=0.781
2026-07-23 00:22:05,088 rank_003_alphafold2_ptm_model_2_seed_043 pLDDT=93.3 pTM=0.781
2026-07-23 00:22:05,090 rank_004_alphafold2_ptm_model_5_seed_044 pLDDT=92.6 pTM=0.737
2026-07-23 00:22:05,091 rank_005_alphafold2_ptm_model_5_seed_043 pLDDT=92.6 pTM=0.737
2026-07-23 00:22:05,093 rank_006_alphafold2_ptm_model_5_seed_042 pLDDT=92.6 pTM=0.738
2026-07-23 00:22:05,095 rank_007_alphafold2_ptm_model_3_seed_042 pLDDT=92.2 pTM=0.751
2026-07-23 00:22:05,096 rank_008_alphafold2_ptm_model_3_seed_044 pLDDT=92.1 pTM=0.749
2026-07-23 00:22:05,098 rank_009_alphafold2_ptm_model_3_seed_043 pLDDT=92.1 pTM=0.749
2026-07-23 00:22:05,099 rank_010_alphafold2_ptm_model_4_seed_043 pLDDT=91.6 pTM=0.741
2026-07-23 00:22:05,101 rank_011_alphafold2_ptm_model_4_seed_044 pLDDT=91.5 pTM=0.741
2026-07-23 00:22:05,102 rank_012_alphafold2_ptm_model_4_seed_042 pLDDT=91.5 pTM=0.74
2026-07-23 00:22:05,105 rank_013_alphafold2_ptm_model_1_seed_044 pLDDT=91 pTM=0.72
2026-07-23 00:22:05,108 rank_014_alphafold2_ptm_model_1_seed_043 pLDDT=91 pTM=0.718
2026-07-23 00:22:05,109 rank_015_alphafold2_ptm_model_1_seed_042 pLDDT=91 pTM=0.718
2026-07-23 00:22:08,966 Query 21/723: 5KPH_2_4_5_0_combined_id5 (length 72)
2026-07-23 00:22:12,078 Padding length to 82
2026-07-23 00:22:25,292 alphafold2_ptm_model_1_seed_042 recycle=0 pLDDT=85.9 pTM=0.649
2026-07-23 00:22:37,445 alphafold2_ptm_model_1_seed_042 recycle=1 pLDDT=87.7 pTM=0.666 tol=0.182
2026-07-23 00:22:49,440 alphafold2_ptm_model_1_seed_042 recycle=2 pLDDT=87.9 pTM=0.664 tol=0.0688
2026-07-23 00:23:01,287 alphafold2_ptm_model_1_seed_042 recycle=3 pLDDT=88 pTM=0.664 tol=0.0281
2026-07-23 00:23:01,288 alphafold2_ptm_model_1_seed_042 took 49.2s (3 recycles)
2026-07-23 00:23:13,647 alphafold2_ptm_model_2_seed_042 recycle=0 pLDDT=89.1 pTM=0.713
2026-07-23 00:23:26,090 alphafold2_ptm_model_2_seed_042 recycle=1 pLDDT=87.9 pTM=0.701 tol=0.231
2026-07-23 00:23:38,673 alphafold2_ptm_model_2_seed_042 recycle=2 pLDDT=88 pTM=0.705 tol=0.0872
2026-07-23 00:23:51,006 alphafold2_ptm_model_2_seed_042 recycle=3 pLDDT=89.1 pTM=0.714 tol=0.219
2026-07-23 00:23:51,006 alphafold2_ptm_model_2_seed_042 took 49.7s (3 recycles)
2026-07-23 00:24:04,042 alphafold2_ptm_model_3_seed_042 recycle=0 pLDDT=87.4 pTM=0.674
2026-07-23 00:24:15,539 alphafold2_ptm_model_3_seed_042 recycle=1 pLDDT=89.2 pTM=0.69 tol=0.328
2026-07-23 00:24:26,855 alphafold2_ptm_model_3_seed_042 recycle=2 pLDDT=89.2 pTM=0.688 tol=0.137
2026-07-23 00:24:38,204 alphafold2_ptm_model_3_seed_042 recycle=3 pLDDT=89.4 pTM=0.695 tol=0.0655
2026-07-23 00:24:38,206 alphafold2_ptm_model_3_seed_042 took 47.1s (3 recycles)
2026-07-23 00:24:49,522 alphafold2_ptm_model_4_seed_042 recycle=0 pLDDT=88 pTM=0.682
2026-07-23 00:25:00,937 alphafold2_ptm_model_4_seed_042 recycle=1 pLDDT=88.8 pTM=0.683 tol=0.137
2026-07-23 00:25:12,274 alphafold2_ptm_model_4_seed_042 recycle=2 pLDDT=88.7 pTM=0.681 tol=0.105
2026-07-23 00:25:23,706 alphafold2_ptm_model_4_seed_042 recycle=3 pLDDT=88.6 pTM=0.681 tol=0.0673
2026-07-23 00:25:23,706 alphafold2_ptm_model_4_seed_042 took 45.5s (3 recycles)
2026-07-23 00:25:35,154 alphafold2_ptm_model_5_seed_042 recycle=0 pLDDT=87.4 pTM=0.678
2026-07-23 00:25:46,567 alphafold2_ptm_model_5_seed_042 recycle=1 pLDDT=88.6 pTM=0.687 tol=0.198
2026-07-23 00:25:57,943 alphafold2_ptm_model_5_seed_042 recycle=2 pLDDT=88.9 pTM=0.69 tol=0.135
2026-07-23 00:26:09,296 alphafold2_ptm_model_5_seed_042 recycle=3 pLDDT=89.1 pTM=0.689 tol=0.131
2026-07-23 00:26:09,297 alphafold2_ptm_model_5_seed_042 took 45.6s (3 recycles)
2026-07-23 00:26:10,498 Padding length to 82
2026-07-23 00:26:21,843 alphafold2_ptm_model_1_seed_043 recycle=0 pLDDT=85.9 pTM=0.647
2026-07-23 00:26:33,206 alphafold2_ptm_model_1_seed_043 recycle=1 pLDDT=87.6 pTM=0.665 tol=0.186
2026-07-23 00:26:44,503 alphafold2_ptm_model_1_seed_043 recycle=2 pLDDT=87.9 pTM=0.662 tol=0.0629
2026-07-23 00:26:55,827 alphafold2_ptm_model_1_seed_043 recycle=3 pLDDT=87.8 pTM=0.661 tol=0.037
2026-07-23 00:26:55,828 alphafold2_ptm_model_1_seed_043 took 45.3s (3 recycles)
2026-07-23 00:27:07,209 alphafold2_ptm_model_2_seed_043 recycle=0 pLDDT=89.4 pTM=0.715
2026-07-23 00:27:18,570 alphafold2_ptm_model_2_seed_043 recycle=1 pLDDT=87.6 pTM=0.704 tol=0.292
2026-07-23 00:27:29,880 alphafold2_ptm_model_2_seed_043 recycle=2 pLDDT=88.2 pTM=0.708 tol=0.0867
2026-07-23 00:27:41,244 alphafold2_ptm_model_2_seed_043 recycle=3 pLDDT=88.8 pTM=0.711 tol=0.223
2026-07-23 00:27:41,244 alphafold2_ptm_model_2_seed_043 took 45.4s (3 recycles)
2026-07-23 00:27:52,617 alphafold2_ptm_model_3_seed_043 recycle=0 pLDDT=87.4 pTM=0.669
2026-07-23 00:28:03,986 alphafold2_ptm_model_3_seed_043 recycle=1 pLDDT=89.2 pTM=0.691 tol=0.204
2026-07-23 00:28:15,338 alphafold2_ptm_model_3_seed_043 recycle=2 pLDDT=89.2 pTM=0.689 tol=0.12
2026-07-23 00:28:26,685 alphafold2_ptm_model_3_seed_043 recycle=3 pLDDT=89.3 pTM=0.692 tol=0.0635
2026-07-23 00:28:26,685 alphafold2_ptm_model_3_seed_043 took 45.4s (3 recycles)
2026-07-23 00:28:38,235 alphafold2_ptm_model_4_seed_043 recycle=0 pLDDT=87.6 pTM=0.673
2026-07-23 00:28:49,904 alphafold2_ptm_model_4_seed_043 recycle=1 pLDDT=89 pTM=0.686 tol=0.123
2026-07-23 00:29:01,656 alphafold2_ptm_model_4_seed_043 recycle=2 pLDDT=88.8 pTM=0.683 tol=0.107
2026-07-23 00:29:14,867 alphafold2_ptm_model_4_seed_043 recycle=3 pLDDT=88.6 pTM=0.681 tol=0.103
2026-07-23 00:29:14,868 alphafold2_ptm_model_4_seed_043 took 48.2s (3 recycles)
2026-07-23 00:29:28,473 alphafold2_ptm_model_5_seed_043 recycle=0 pLDDT=87.2 pTM=0.677
2026-07-23 00:29:41,610 alphafold2_ptm_model_5_seed_043 recycle=1 pLDDT=88.7 pTM=0.688 tol=0.228
2026-07-23 00:29:53,714 alphafold2_ptm_model_5_seed_043 recycle=2 pLDDT=88.9 pTM=0.691 tol=0.155
2026-07-23 00:30:06,146 alphafold2_ptm_model_5_seed_043 recycle=3 pLDDT=89 pTM=0.689 tol=0.135
2026-07-23 00:30:06,146 alphafold2_ptm_model_5_seed_043 took 51.2s (3 recycles)
2026-07-23 00:30:07,877 Padding length to 82
2026-07-23 00:30:21,187 alphafold2_ptm_model_1_seed_044 recycle=0 pLDDT=85.9 pTM=0.648
2026-07-23 00:30:36,188 alphafold2_ptm_model_1_seed_044 recycle=1 pLDDT=87.6 pTM=0.668 tol=0.199
2026-07-23 00:30:51,189 alphafold2_ptm_model_1_seed_044 recycle=2 pLDDT=87.9 pTM=0.665 tol=0.0693
2026-07-23 00:31:07,359 alphafold2_ptm_model_1_seed_044 recycle=3 pLDDT=87.9 pTM=0.663 tol=0.04
2026-07-23 00:31:07,361 alphafold2_ptm_model_1_seed_044 took 59.5s (3 recycles)
2026-07-23 00:31:23,344 alphafold2_ptm_model_2_seed_044 recycle=0 pLDDT=89.2 pTM=0.714
2026-07-23 00:31:37,766 alphafold2_ptm_model_2_seed_044 recycle=1 pLDDT=88.1 pTM=0.7 tol=0.187
2026-07-23 00:31:52,798 alphafold2_ptm_model_2_seed_044 recycle=2 pLDDT=87.2 pTM=0.699 tol=0.0762
2026-07-23 00:32:07,710 alphafold2_ptm_model_2_seed_044 recycle=3 pLDDT=88.9 pTM=0.709 tol=0.145
2026-07-23 00:32:07,712 alphafold2_ptm_model_2_seed_044 took 60.3s (3 recycles)
2026-07-23 00:32:22,469 alphafold2_ptm_model_3_seed_044 recycle=0 pLDDT=87.6 pTM=0.672
2026-07-23 00:32:37,435 alphafold2_ptm_model_3_seed_044 recycle=1 pLDDT=89.1 pTM=0.688 tol=0.215
2026-07-23 00:32:53,061 alphafold2_ptm_model_3_seed_044 recycle=2 pLDDT=89.1 pTM=0.688 tol=0.123
2026-07-23 00:33:08,074 alphafold2_ptm_model_3_seed_044 recycle=3 pLDDT=89.4 pTM=0.696 tol=0.0726
2026-07-23 00:33:08,074 alphafold2_ptm_model_3_seed_044 took 60.3s (3 recycles)
2026-07-23 00:33:23,200 alphafold2_ptm_model_4_seed_044 recycle=0 pLDDT=87.6 pTM=0.674
2026-07-23 00:33:38,123 alphafold2_ptm_model_4_seed_044 recycle=1 pLDDT=88.8 pTM=0.681 tol=0.128
2026-07-23 00:33:53,453 alphafold2_ptm_model_4_seed_044 recycle=2 pLDDT=88.7 pTM=0.681 tol=0.0872
2026-07-23 00:34:08,307 alphafold2_ptm_model_4_seed_044 recycle=3 pLDDT=88.6 pTM=0.682 tol=0.0684
2026-07-23 00:34:08,308 alphafold2_ptm_model_4_seed_044 took 60.1s (3 recycles)
2026-07-23 00:34:23,589 alphafold2_ptm_model_5_seed_044 recycle=0 pLDDT=87.2 pTM=0.674
2026-07-23 00:34:38,573 alphafold2_ptm_model_5_seed_044 recycle=1 pLDDT=88.6 pTM=0.685 tol=0.207
2026-07-23 00:34:54,253 alphafold2_ptm_model_5_seed_044 recycle=2 pLDDT=88.9 pTM=0.689 tol=0.126
2026-07-23 00:35:09,339 alphafold2_ptm_model_5_seed_044 recycle=3 pLDDT=89.1 pTM=0.689 tol=0.137
2026-07-23 00:35:09,340 alphafold2_ptm_model_5_seed_044 took 61.0s (3 recycles)
2026-07-23 00:35:09,549 reranking models by 'plddt' metric
2026-07-23 00:35:09,549 rank_001_alphafold2_ptm_model_3_seed_044 pLDDT=89.4 pTM=0.696
2026-07-23 00:35:09,558 rank_002_alphafold2_ptm_model_3_seed_042 pLDDT=89.4 pTM=0.695
2026-07-23 00:35:09,567 rank_003_alphafold2_ptm_model_3_seed_043 pLDDT=89.3 pTM=0.692
2026-07-23 00:35:09,574 rank_004_alphafold2_ptm_model_2_seed_042 pLDDT=89.1 pTM=0.714
2026-07-23 00:35:09,582 rank_005_alphafold2_ptm_model_5_seed_044 pLDDT=89.1 pTM=0.689
2026-07-23 00:35:09,591 rank_006_alphafold2_ptm_model_5_seed_042 pLDDT=89.1 pTM=0.689
2026-07-23 00:35:09,597 rank_007_alphafold2_ptm_model_5_seed_043 pLDDT=89 pTM=0.689
2026-07-23 00:35:09,604 rank_008_alphafold2_ptm_model_2_seed_044 pLDDT=88.9 pTM=0.709
2026-07-23 00:35:09,612 rank_009_alphafold2_ptm_model_2_seed_043 pLDDT=88.8 pTM=0.711
2026-07-23 00:35:09,622 rank_010_alphafold2_ptm_model_4_seed_044 pLDDT=88.6 pTM=0.682
2026-07-23 00:35:09,630 rank_011_alphafold2_ptm_model_4_seed_043 pLDDT=88.6 pTM=0.681
2026-07-23 00:35:09,641 rank_012_alphafold2_ptm_model_4_seed_042 pLDDT=88.6 pTM=0.681
2026-07-23 00:35:09,648 rank_013_alphafold2_ptm_model_1_seed_042 pLDDT=88 pTM=0.664
2026-07-23 00:35:09,657 rank_014_alphafold2_ptm_model_1_seed_044 pLDDT=87.9 pTM=0.663
2026-07-23 00:35:09,670 rank_015_alphafold2_ptm_model_1_seed_043 pLDDT=87.8 pTM=0.661
2026-07-23 00:35:14,635 Query 22/723: 5KPH_2_4_5_0_combined_id8 (length 72)
2026-07-23 00:35:18,273 Padding length to 82
2026-07-23 00:35:33,481 alphafold2_ptm_model_1_seed_042 recycle=0 pLDDT=83.5 pTM=0.594
2026-07-23 00:35:49,340 alphafold2_ptm_model_1_seed_042 recycle=1 pLDDT=86.3 pTM=0.635 tol=0.337
2026-07-23 00:36:04,333 alphafold2_ptm_model_1_seed_042 recycle=2 pLDDT=86.3 pTM=0.637 tol=0.183
2026-07-23 00:36:20,014 alphafold2_ptm_model_1_seed_042 recycle=3 pLDDT=86.4 pTM=0.636 tol=0.116
2026-07-23 00:36:20,014 alphafold2_ptm_model_1_seed_042 took 61.7s (3 recycles)
2026-07-23 00:36:34,856 alphafold2_ptm_model_2_seed_042 recycle=0 pLDDT=88 pTM=0.7
2026-07-23 00:36:49,790 alphafold2_ptm_model_2_seed_042 recycle=1 pLDDT=86.7 pTM=0.675 tol=0.281
2026-07-23 00:37:05,289 alphafold2_ptm_model_2_seed_042 recycle=2 pLDDT=85.5 pTM=0.662 tol=0.144
2026-07-23 00:37:21,500 alphafold2_ptm_model_2_seed_042 recycle=3 pLDDT=86.9 pTM=0.675 tol=0.0964
2026-07-23 00:37:21,500 alphafold2_ptm_model_2_seed_042 took 61.4s (3 recycles)
2026-07-23 00:37:37,166 alphafold2_ptm_model_3_seed_042 recycle=0 pLDDT=85 pTM=0.62
2026-07-23 00:37:52,234 alphafold2_ptm_model_3_seed_042 recycle=1 pLDDT=84.9 pTM=0.623 tol=0.318
2026-07-23 00:38:07,435 alphafold2_ptm_model_3_seed_042 recycle=2 pLDDT=86.3 pTM=0.642 tol=0.325
2026-07-23 00:38:23,084 alphafold2_ptm_model_3_seed_042 recycle=3 pLDDT=86.1 pTM=0.643 tol=0.104
2026-07-23 00:38:23,085 alphafold2_ptm_model_3_seed_042 took 61.5s (3 recycles)
2026-07-23 00:38:38,503 alphafold2_ptm_model_4_seed_042 recycle=0 pLDDT=86.4 pTM=0.664
2026-07-23 00:38:53,557 alphafold2_ptm_model_4_seed_042 recycle=1 pLDDT=86.8 pTM=0.671 tol=0.424
2026-07-23 00:39:09,047 alphafold2_ptm_model_4_seed_042 recycle=2 pLDDT=86.2 pTM=0.661 tol=0.256
2026-07-23 00:39:23,933 alphafold2_ptm_model_4_seed_042 recycle=3 pLDDT=86.7 pTM=0.667 tol=0.277
2026-07-23 00:39:23,934 alphafold2_ptm_model_4_seed_042 took 60.8s (3 recycles)
2026-07-23 00:39:39,530 alphafold2_ptm_model_5_seed_042 recycle=0 pLDDT=82 pTM=0.624
2026-07-23 00:39:54,311 alphafold2_ptm_model_5_seed_042 recycle=1 pLDDT=85.4 pTM=0.655 tol=0.335
2026-07-23 00:40:09,297 alphafold2_ptm_model_5_seed_042 recycle=2 pLDDT=85.4 pTM=0.653 tol=0.0737
2026-07-23 00:40:24,038 alphafold2_ptm_model_5_seed_042 recycle=3 pLDDT=85.6 pTM=0.651 tol=0.0492
2026-07-23 00:40:24,039 alphafold2_ptm_model_5_seed_042 took 60.0s (3 recycles)
2026-07-23 00:40:26,246 Padding length to 82
2026-07-23 00:40:41,597 alphafold2_ptm_model_1_seed_043 recycle=0 pLDDT=84.7 pTM=0.609
2026-07-23 00:40:56,572 alphafold2_ptm_model_1_seed_043 recycle=1 pLDDT=86.1 pTM=0.631 tol=0.282
2026-07-23 00:41:11,724 alphafold2_ptm_model_1_seed_043 recycle=2 pLDDT=86.3 pTM=0.636 tol=0.204
2026-07-23 00:41:27,930 alphafold2_ptm_model_1_seed_043 recycle=3 pLDDT=86.8 pTM=0.641 tol=0.0901
2026-07-23 00:41:27,931 alphafold2_ptm_model_1_seed_043 took 61.7s (3 recycles)
2026-07-23 00:41:43,644 alphafold2_ptm_model_2_seed_043 recycle=0 pLDDT=88.4 pTM=0.704
2026-07-23 00:41:58,696 alphafold2_ptm_model_2_seed_043 recycle=1 pLDDT=87.1 pTM=0.683 tol=0.312
2026-07-23 00:42:14,530 alphafold2_ptm_model_2_seed_043 recycle=2 pLDDT=85.5 pTM=0.664 tol=0.147
2026-07-23 00:42:29,727 alphafold2_ptm_model_2_seed_043 recycle=3 pLDDT=86.7 pTM=0.671 tol=0.072
2026-07-23 00:42:29,728 alphafold2_ptm_model_2_seed_043 took 61.7s (3 recycles)
2026-07-23 00:42:45,911 alphafold2_ptm_model_3_seed_043 recycle=0 pLDDT=84.8 pTM=0.617
2026-07-23 00:43:01,386 alphafold2_ptm_model_3_seed_043 recycle=1 pLDDT=85 pTM=0.623 tol=0.289
2026-07-23 00:43:17,300 alphafold2_ptm_model_3_seed_043 recycle=2 pLDDT=86.1 pTM=0.639 tol=0.255
2026-07-23 00:43:32,284 alphafold2_ptm_model_3_seed_043 recycle=3 pLDDT=86 pTM=0.64 tol=0.111
2026-07-23 00:43:32,285 alphafold2_ptm_model_3_seed_043 took 62.5s (3 recycles)
2026-07-23 00:43:47,923 alphafold2_ptm_model_4_seed_043 recycle=0 pLDDT=86.4 pTM=0.663
2026-07-23 00:44:03,097 alphafold2_ptm_model_4_seed_043 recycle=1 pLDDT=86.8 pTM=0.673 tol=0.528
2026-07-23 00:44:18,137 alphafold2_ptm_model_4_seed_043 recycle=2 pLDDT=86.2 pTM=0.659 tol=0.289
2026-07-23 00:44:33,027 alphafold2_ptm_model_4_seed_043 recycle=3 pLDDT=86.8 pTM=0.668 tol=0.263
2026-07-23 00:44:33,028 alphafold2_ptm_model_4_seed_043 took 60.7s (3 recycles)
2026-07-23 00:44:48,787 alphafold2_ptm_model_5_seed_043 recycle=0 pLDDT=82.7 pTM=0.63
2026-07-23 00:45:05,055 alphafold2_ptm_model_5_seed_043 recycle=1 pLDDT=87 pTM=0.676 tol=0.748
2026-07-23 00:45:20,065 alphafold2_ptm_model_5_seed_043 recycle=2 pLDDT=85.6 pTM=0.656 tol=0.153
2026-07-23 00:45:35,308 alphafold2_ptm_model_5_seed_043 recycle=3 pLDDT=85.9 pTM=0.655 tol=0.139
2026-07-23 00:45:35,308 alphafold2_ptm_model_5_seed_043 took 62.2s (3 recycles)
2026-07-23 00:45:37,276 Padding length to 82
2026-07-23 00:45:52,917 alphafold2_ptm_model_1_seed_044 recycle=0 pLDDT=83.8 pTM=0.597
2026-07-23 00:46:08,420 alphafold2_ptm_model_1_seed_044 recycle=1 pLDDT=86.4 pTM=0.638 tol=0.311
2026-07-23 00:46:23,487 alphafold2_ptm_model_1_seed_044 recycle=2 pLDDT=86.5 pTM=0.64 tol=0.179
2026-07-23 00:46:38,452 alphafold2_ptm_model_1_seed_044 recycle=3 pLDDT=86.6 pTM=0.639 tol=0.128
2026-07-23 00:46:38,453 alphafold2_ptm_model_1_seed_044 took 61.2s (3 recycles)
2026-07-23 00:46:54,387 alphafold2_ptm_model_2_seed_044 recycle=0 pLDDT=88.4 pTM=0.703
2026-07-23 00:47:10,757 alphafold2_ptm_model_2_seed_044 recycle=1 pLDDT=86.6 pTM=0.674 tol=0.318
2026-07-23 00:47:26,406 alphafold2_ptm_model_2_seed_044 recycle=2 pLDDT=85.2 pTM=0.658 tol=0.13
2026-07-23 00:47:41,720 alphafold2_ptm_model_2_seed_044 recycle=3 pLDDT=87.1 pTM=0.675 tol=0.0845
2026-07-23 00:47:41,721 alphafold2_ptm_model_2_seed_044 took 63.2s (3 recycles)
2026-07-23 00:47:57,309 alphafold2_ptm_model_3_seed_044 recycle=0 pLDDT=85.1 pTM=0.624
2026-07-23 00:48:11,801 alphafold2_ptm_model_3_seed_044 recycle=1 pLDDT=84.8 pTM=0.621 tol=0.322
2026-07-23 00:48:25,511 alphafold2_ptm_model_3_seed_044 recycle=2 pLDDT=86.1 pTM=0.635 tol=0.24
2026-07-23 00:48:38,318 alphafold2_ptm_model_3_seed_044 recycle=3 pLDDT=85.8 pTM=0.638 tol=0.082
2026-07-23 00:48:38,318 alphafold2_ptm_model_3_seed_044 took 56.5s (3 recycles)
2026-07-23 00:48:52,153 alphafold2_ptm_model_4_seed_044 recycle=0 pLDDT=86.4 pTM=0.664
2026-07-23 00:49:05,583 alphafold2_ptm_model_4_seed_044 recycle=1 pLDDT=86.7 pTM=0.671 tol=0.407
2026-07-23 00:49:18,609 alphafold2_ptm_model_4_seed_044 recycle=2 pLDDT=86.3 pTM=0.662 tol=0.262
2026-07-23 00:49:31,897 alphafold2_ptm_model_4_seed_044 recycle=3 pLDDT=86.8 pTM=0.669 tol=0.285
2026-07-23 00:49:31,898 alphafold2_ptm_model_4_seed_044 took 53.5s (3 recycles)
2026-07-23 00:49:45,326 alphafold2_ptm_model_5_seed_044 recycle=0 pLDDT=82.7 pTM=0.631
2026-07-23 00:49:59,439 alphafold2_ptm_model_5_seed_044 recycle=1 pLDDT=85.6 pTM=0.655 tol=0.479
2026-07-23 00:50:13,291 alphafold2_ptm_model_5_seed_044 recycle=2 pLDDT=85.3 pTM=0.652 tol=0.0881
2026-07-23 00:50:26,221 alphafold2_ptm_model_5_seed_044 recycle=3 pLDDT=85.6 pTM=0.651 tol=0.0688
2026-07-23 00:50:26,223 alphafold2_ptm_model_5_seed_044 took 54.3s (3 recycles)
2026-07-23 00:50:26,274 reranking models by 'plddt' metric
2026-07-23 00:50:26,274 rank_001_alphafold2_ptm_model_2_seed_044 pLDDT=87.1 pTM=0.675
2026-07-23 00:50:26,284 rank_002_alphafold2_ptm_model_2_seed_042 pLDDT=86.9 pTM=0.675
2026-07-23 00:50:26,293 rank_003_alphafold2_ptm_model_4_seed_044 pLDDT=86.8 pTM=0.669
2026-07-23 00:50:26,296 rank_004_alphafold2_ptm_model_4_seed_043 pLDDT=86.8 pTM=0.668
2026-07-23 00:50:26,298 rank_005_alphafold2_ptm_model_1_seed_043 pLDDT=86.8 pTM=0.641
2026-07-23 00:50:26,299 rank_006_alphafold2_ptm_model_2_seed_043 pLDDT=86.7 pTM=0.671
2026-07-23 00:50:26,301 rank_007_alphafold2_ptm_model_4_seed_042 pLDDT=86.7 pTM=0.667
2026-07-23 00:50:26,303 rank_008_alphafold2_ptm_model_1_seed_044 pLDDT=86.6 pTM=0.639
2026-07-23 00:50:26,304 rank_009_alphafold2_ptm_model_1_seed_042 pLDDT=86.4 pTM=0.636
2026-07-23 00:50:26,306 rank_010_alphafold2_ptm_model_3_seed_042 pLDDT=86.1 pTM=0.643
2026-07-23 00:50:26,307 rank_011_alphafold2_ptm_model_3_seed_043 pLDDT=86 pTM=0.64
2026-07-23 00:50:26,309 rank_012_alphafold2_ptm_model_5_seed_043 pLDDT=85.9 pTM=0.655
2026-07-23 00:50:26,310 rank_013_alphafold2_ptm_model_3_seed_044 pLDDT=85.8 pTM=0.638
2026-07-23 00:50:26,312 rank_014_alphafold2_ptm_model_5_seed_044 pLDDT=85.6 pTM=0.651
2026-07-23 00:50:26,313 rank_015_alphafold2_ptm_model_5_seed_042 pLDDT=85.6 pTM=0.651
2026-07-23 00:50:30,615 Query 23/723: 5KPH_2_4_5_0_combined_id1 (length 72)
2026-07-23 00:50:33,855 Padding length to 82
2026-07-23 00:50:47,477 alphafold2_ptm_model_1_seed_042 recycle=0 pLDDT=50.4 pTM=0.32
2026-07-23 00:51:00,507 alphafold2_ptm_model_1_seed_042 recycle=1 pLDDT=86.1 pTM=0.616 tol=3.11
2026-07-23 00:51:13,522 alphafold2_ptm_model_1_seed_042 recycle=2 pLDDT=86 pTM=0.623 tol=0.351
2026-07-23 00:51:28,193 alphafold2_ptm_model_1_seed_042 recycle=3 pLDDT=85.6 pTM=0.615 tol=0.504
2026-07-23 00:51:28,194 alphafold2_ptm_model_1_seed_042 took 54.3s (3 recycles)
2026-07-23 00:51:43,734 alphafold2_ptm_model_2_seed_042 recycle=0 pLDDT=85.8 pTM=0.636
2026-07-23 00:51:58,319 alphafold2_ptm_model_2_seed_042 recycle=1 pLDDT=87.1 pTM=0.647 tol=0.26
2026-07-23 00:52:12,524 alphafold2_ptm_model_2_seed_042 recycle=2 pLDDT=85.9 pTM=0.638 tol=0.125
2026-07-23 00:52:26,487 alphafold2_ptm_model_2_seed_042 recycle=3 pLDDT=85.9 pTM=0.637 tol=0.182
2026-07-23 00:52:26,487 alphafold2_ptm_model_2_seed_042 took 58.3s (3 recycles)
2026-07-23 00:52:41,066 alphafold2_ptm_model_3_seed_042 recycle=0 pLDDT=83.4 pTM=0.589
2026-07-23 00:52:55,179 alphafold2_ptm_model_3_seed_042 recycle=1 pLDDT=86.9 pTM=0.64 tol=0.2
2026-07-23 00:53:08,135 alphafold2_ptm_model_3_seed_042 recycle=2 pLDDT=86.9 pTM=0.643 tol=0.158
2026-07-23 00:53:20,901 alphafold2_ptm_model_3_seed_042 recycle=3 pLDDT=87.1 pTM=0.65 tol=0.0673
2026-07-23 00:53:20,902 alphafold2_ptm_model_3_seed_042 took 54.3s (3 recycles)
2026-07-23 00:53:33,716 alphafold2_ptm_model_4_seed_042 recycle=0 pLDDT=82.9 pTM=0.593
2026-07-23 00:53:46,542 alphafold2_ptm_model_4_seed_042 recycle=1 pLDDT=85.7 pTM=0.628 tol=0.233
2026-07-23 00:53:59,971 alphafold2_ptm_model_4_seed_042 recycle=2 pLDDT=85.8 pTM=0.633 tol=0.222
2026-07-23 00:54:13,252 alphafold2_ptm_model_4_seed_042 recycle=3 pLDDT=85.8 pTM=0.631 tol=0.33
2026-07-23 00:54:13,254 alphafold2_ptm_model_4_seed_042 took 52.3s (3 recycles)
2026-07-23 00:54:26,829 alphafold2_ptm_model_5_seed_042 recycle=0 pLDDT=59.2 pTM=0.412
2026-07-23 00:54:40,327 alphafold2_ptm_model_5_seed_042 recycle=1 pLDDT=57.2 pTM=0.415 tol=4.96
2026-07-23 00:54:52,861 alphafold2_ptm_model_5_seed_042 recycle=2 pLDDT=86.6 pTM=0.648 tol=6.34
2026-07-23 00:55:05,807 alphafold2_ptm_model_5_seed_042 recycle=3 pLDDT=86.5 pTM=0.649 tol=0.189
2026-07-23 00:55:05,808 alphafold2_ptm_model_5_seed_042 took 52.5s (3 recycles)
2026-07-23 00:55:07,959 Padding length to 82
2026-07-23 00:55:21,742 alphafold2_ptm_model_1_seed_043 recycle=0 pLDDT=46.8 pTM=0.32
2026-07-23 00:55:35,452 alphafold2_ptm_model_1_seed_043 recycle=1 pLDDT=85.7 pTM=0.607 tol=8.55
2026-07-23 00:55:48,752 alphafold2_ptm_model_1_seed_043 recycle=2 pLDDT=86.1 pTM=0.626 tol=0.496
2026-07-23 00:56:01,567 alphafold2_ptm_model_1_seed_043 recycle=3 pLDDT=85.4 pTM=0.616 tol=0.493
2026-07-23 00:56:01,568 alphafold2_ptm_model_1_seed_043 took 53.6s (3 recycles)
2026-07-23 00:56:14,042 alphafold2_ptm_model_2_seed_043 recycle=0 pLDDT=85.1 pTM=0.629
2026-07-23 00:56:27,610 alphafold2_ptm_model_2_seed_043 recycle=1 pLDDT=86.2 pTM=0.641 tol=0.464
2026-07-23 00:56:40,657 alphafold2_ptm_model_2_seed_043 recycle=2 pLDDT=87.8 pTM=0.655 tol=0.868
2026-07-23 00:56:53,970 alphafold2_ptm_model_2_seed_043 recycle=3 pLDDT=88.8 pTM=0.672 tol=0.173
2026-07-23 00:56:53,971 alphafold2_ptm_model_2_seed_043 took 52.3s (3 recycles)
2026-07-23 00:57:07,540 alphafold2_ptm_model_3_seed_043 recycle=0 pLDDT=81.4 pTM=0.572
2026-07-23 00:57:20,585 alphafold2_ptm_model_3_seed_043 recycle=1 pLDDT=86.4 pTM=0.635 tol=0.29
2026-07-23 00:57:33,580 alphafold2_ptm_model_3_seed_043 recycle=2 pLDDT=86.4 pTM=0.638 tol=0.219
2026-07-23 00:57:46,782 alphafold2_ptm_model_3_seed_043 recycle=3 pLDDT=86.8 pTM=0.644 tol=0.0684
2026-07-23 00:57:46,783 alphafold2_ptm_model_3_seed_043 took 52.8s (3 recycles)
2026-07-23 00:58:00,360 alphafold2_ptm_model_4_seed_043 recycle=0 pLDDT=84.1 pTM=0.599
2026-07-23 00:58:13,158 alphafold2_ptm_model_4_seed_043 recycle=1 pLDDT=87.4 pTM=0.651 tol=0.37
2026-07-23 00:58:25,727 alphafold2_ptm_model_4_seed_043 recycle=2 pLDDT=86.8 pTM=0.641 tol=0.144
2026-07-23 00:58:38,179 alphafold2_ptm_model_4_seed_043 recycle=3 pLDDT=86.4 pTM=0.637 tol=0.113
2026-07-23 00:58:38,179 alphafold2_ptm_model_4_seed_043 took 51.3s (3 recycles)
2026-07-23 00:58:51,681 alphafold2_ptm_model_5_seed_043 recycle=0 pLDDT=50.3 pTM=0.338
2026-07-23 00:59:04,551 alphafold2_ptm_model_5_seed_043 recycle=1 pLDDT=86.4 pTM=0.645 tol=7.68
2026-07-23 00:59:18,298 alphafold2_ptm_model_5_seed_043 recycle=2 pLDDT=86.6 pTM=0.65 tol=0.261
2026-07-23 00:59:32,425 alphafold2_ptm_model_5_seed_043 recycle=3 pLDDT=85.9 pTM=0.635 tol=0.117
2026-07-23 00:59:32,425 alphafold2_ptm_model_5_seed_043 took 54.2s (3 recycles)
2026-07-23 00:59:34,636 Padding length to 82
2026-07-23 00:59:49,217 alphafold2_ptm_model_1_seed_044 recycle=0 pLDDT=48.8 pTM=0.309
2026-07-23 01:00:02,810 alphafold2_ptm_model_1_seed_044 recycle=1 pLDDT=85.2 pTM=0.604 tol=7.86
2026-07-23 01:00:16,398 alphafold2_ptm_model_1_seed_044 recycle=2 pLDDT=85.4 pTM=0.616 tol=0.491
2026-07-23 01:00:28,581 alphafold2_ptm_model_1_seed_044 recycle=3 pLDDT=86.4 pTM=0.622 tol=0.633
2026-07-23 01:00:28,582 alphafold2_ptm_model_1_seed_044 took 53.9s (3 recycles)
2026-07-23 01:00:40,621 alphafold2_ptm_model_2_seed_044 recycle=0 pLDDT=86.1 pTM=0.64
2026-07-23 01:00:53,873 alphafold2_ptm_model_2_seed_044 recycle=1 pLDDT=86.8 pTM=0.648 tol=0.657
2026-07-23 01:01:06,576 alphafold2_ptm_model_2_seed_044 recycle=2 pLDDT=87.9 pTM=0.659 tol=0.889
2026-07-23 01:01:18,645 alphafold2_ptm_model_2_seed_044 recycle=3 pLDDT=88.8 pTM=0.672 tol=0.186
2026-07-23 01:01:18,646 alphafold2_ptm_model_2_seed_044 took 50.0s (3 recycles)
2026-07-23 01:01:32,687 alphafold2_ptm_model_3_seed_044 recycle=0 pLDDT=71.1 pTM=0.489
2026-07-23 01:01:45,869 alphafold2_ptm_model_3_seed_044 recycle=1 pLDDT=86.8 pTM=0.63 tol=2.24
2026-07-23 01:01:58,102 alphafold2_ptm_model_3_seed_044 recycle=2 pLDDT=87.2 pTM=0.646 tol=0.312
2026-07-23 01:02:10,220 alphafold2_ptm_model_3_seed_044 recycle=3 pLDDT=87.4 pTM=0.654 tol=0.152
2026-07-23 01:02:10,221 alphafold2_ptm_model_3_seed_044 took 51.5s (3 recycles)
2026-07-23 01:02:21,910 alphafold2_ptm_model_4_seed_044 recycle=0 pLDDT=83.9 pTM=0.592
2026-07-23 01:02:34,767 alphafold2_ptm_model_4_seed_044 recycle=1 pLDDT=87.4 pTM=0.652 tol=0.383
2026-07-23 01:02:47,601 alphafold2_ptm_model_4_seed_044 recycle=2 pLDDT=87.6 pTM=0.653 tol=0.11
2026-07-23 01:02:59,152 alphafold2_ptm_model_4_seed_044 recycle=3 pLDDT=87.4 pTM=0.65 tol=0.0456
2026-07-23 01:02:59,152 alphafold2_ptm_model_4_seed_044 took 48.9s (3 recycles)
2026-07-23 01:03:11,880 alphafold2_ptm_model_5_seed_044 recycle=0 pLDDT=52.1 pTM=0.357
2026-07-23 01:03:24,432 alphafold2_ptm_model_5_seed_044 recycle=1 pLDDT=79.4 pTM=0.556 tol=7.54
2026-07-23 01:03:36,939 alphafold2_ptm_model_5_seed_044 recycle=2 pLDDT=86.2 pTM=0.643 tol=0.489
2026-07-23 01:03:49,567 alphafold2_ptm_model_5_seed_044 recycle=3 pLDDT=87.7 pTM=0.654 tol=0.371
2026-07-23 01:03:49,568 alphafold2_ptm_model_5_seed_044 took 50.4s (3 recycles)
2026-07-23 01:03:49,655 reranking models by 'plddt' metric
2026-07-23 01:03:49,656 rank_001_alphafold2_ptm_model_2_seed_044 pLDDT=88.8 pTM=0.672
2026-07-23 01:03:49,658 rank_002_alphafold2_ptm_model_2_seed_043 pLDDT=88.8 pTM=0.672
2026-07-23 01:03:49,659 rank_003_alphafold2_ptm_model_5_seed_044 pLDDT=87.7 pTM=0.654
2026-07-23 01:03:49,661 rank_004_alphafold2_ptm_model_3_seed_044 pLDDT=87.4 pTM=0.654
2026-07-23 01:03:49,662 rank_005_alphafold2_ptm_model_4_seed_044 pLDDT=87.4 pTM=0.65
2026-07-23 01:03:49,664 rank_006_alphafold2_ptm_model_3_seed_042 pLDDT=87.1 pTM=0.65
2026-07-23 01:03:49,665 rank_007_alphafold2_ptm_model_3_seed_043 pLDDT=86.8 pTM=0.644
2026-07-23 01:03:49,667 rank_008_alphafold2_ptm_model_5_seed_042 pLDDT=86.5 pTM=0.649
2026-07-23 01:03:49,669 rank_009_alphafold2_ptm_model_1_seed_044 pLDDT=86.4 pTM=0.622
2026-07-23 01:03:49,670 rank_010_alphafold2_ptm_model_4_seed_043 pLDDT=86.4 pTM=0.637
2026-07-23 01:03:49,672 rank_011_alphafold2_ptm_model_2_seed_042 pLDDT=85.9 pTM=0.637
2026-07-23 01:03:49,674 rank_012_alphafold2_ptm_model_5_seed_043 pLDDT=85.9 pTM=0.635
2026-07-23 01:03:49,675 rank_013_alphafold2_ptm_model_4_seed_042 pLDDT=85.8 pTM=0.631
2026-07-23 01:03:49,677 rank_014_alphafold2_ptm_model_1_seed_042 pLDDT=85.6 pTM=0.615
2026-07-23 01:03:49,679 rank_015_alphafold2_ptm_model_1_seed_043 pLDDT=85.4 pTM=0.616
2026-07-23 01:03:53,273 Query 24/723: 5KPH_8_8_0_0_combined_id3 (length 72)
2026-07-23 01:03:56,615 Padding length to 82
2026-07-23 01:04:09,133 alphafold2_ptm_model_1_seed_042 recycle=0 pLDDT=92.2 pTM=0.729
2026-07-23 01:04:21,012 alphafold2_ptm_model_1_seed_042 recycle=1 pLDDT=94.2 pTM=0.771 tol=0.159
2026-07-23 01:04:33,080 alphafold2_ptm_model_1_seed_042 recycle=2 pLDDT=94.6 pTM=0.78 tol=0.0438
2026-07-23 01:04:45,614 alphafold2_ptm_model_1_seed_042 recycle=3 pLDDT=94.8 pTM=0.784 tol=0.0264
2026-07-23 01:04:45,616 alphafold2_ptm_model_1_seed_042 took 49.0s (3 recycles)
2026-07-23 01:04:58,343 alphafold2_ptm_model_2_seed_042 recycle=0 pLDDT=93.2 pTM=0.757
2026-07-23 01:05:10,165 alphafold2_ptm_model_2_seed_042 recycle=1 pLDDT=94.9 pTM=0.789 tol=0.208
2026-07-23 01:05:22,452 alphafold2_ptm_model_2_seed_042 recycle=2 pLDDT=95.6 pTM=0.802 tol=0.0631
2026-07-23 01:05:34,932 alphafold2_ptm_model_2_seed_042 recycle=3 pLDDT=95.9 pTM=0.809 tol=0.0288
2026-07-23 01:05:34,933 alphafold2_ptm_model_2_seed_042 took 49.2s (3 recycles)
2026-07-23 01:05:47,041 alphafold2_ptm_model_3_seed_042 recycle=0 pLDDT=90.6 pTM=0.713
2026-07-23 01:05:59,160 alphafold2_ptm_model_3_seed_042 recycle=1 pLDDT=93.1 pTM=0.76 tol=0.132
2026-07-23 01:06:11,558 alphafold2_ptm_model_3_seed_042 recycle=2 pLDDT=93.9 pTM=0.78 tol=0.055
2026-07-23 01:06:24,233 alphafold2_ptm_model_3_seed_042 recycle=3 pLDDT=94.8 pTM=0.788 tol=0.0373
2026-07-23 01:06:24,234 alphafold2_ptm_model_3_seed_042 took 49.2s (3 recycles)
2026-07-23 01:06:35,545 alphafold2_ptm_model_4_seed_042 recycle=0 pLDDT=91.8 pTM=0.743
2026-07-23 01:06:47,126 alphafold2_ptm_model_4_seed_042 recycle=1 pLDDT=93.9 pTM=0.782 tol=0.142
2026-07-23 01:06:59,209 alphafold2_ptm_model_4_seed_042 recycle=2 pLDDT=94.6 pTM=0.797 tol=0.0501
2026-07-23 01:07:10,650 alphafold2_ptm_model_4_seed_042 recycle=3 pLDDT=95 pTM=0.804 tol=0.0259
2026-07-23 01:07:10,651 alphafold2_ptm_model_4_seed_042 took 46.4s (3 recycles)
2026-07-23 01:07:23,017 alphafold2_ptm_model_5_seed_042 recycle=0 pLDDT=93.1 pTM=0.745
2026-07-23 01:07:34,816 alphafold2_ptm_model_5_seed_042 recycle=1 pLDDT=94.9 pTM=0.777 tol=0.156
2026-07-23 01:07:47,560 alphafold2_ptm_model_5_seed_042 recycle=2 pLDDT=95.4 pTM=0.785 tol=0.0366
2026-07-23 01:08:00,311 alphafold2_ptm_model_5_seed_042 recycle=3 pLDDT=95.6 pTM=0.79 tol=0.0223
2026-07-23 01:08:00,311 alphafold2_ptm_model_5_seed_042 took 49.6s (3 recycles)
2026-07-23 01:08:02,164 Padding length to 82
2026-07-23 01:08:14,662 alphafold2_ptm_model_1_seed_043 recycle=0 pLDDT=91.6 pTM=0.721
2026-07-23 01:08:27,807 alphafold2_ptm_model_1_seed_043 recycle=1 pLDDT=94.1 pTM=0.769 tol=0.179
2026-07-23 01:08:40,685 alphafold2_ptm_model_1_seed_043 recycle=2 pLDDT=94.5 pTM=0.777 tol=0.0471
2026-07-23 01:08:53,393 alphafold2_ptm_model_1_seed_043 recycle=3 pLDDT=94.7 pTM=0.782 tol=0.0235
2026-07-23 01:08:53,394 alphafold2_ptm_model_1_seed_043 took 51.2s (3 recycles)
2026-07-23 01:09:05,408 alphafold2_ptm_model_2_seed_043 recycle=0 pLDDT=93.1 pTM=0.754
2026-07-23 01:09:17,882 alphafold2_ptm_model_2_seed_043 recycle=1 pLDDT=95.1 pTM=0.792 tol=0.183
2026-07-23 01:09:30,298 alphafold2_ptm_model_2_seed_043 recycle=2 pLDDT=95.8 pTM=0.805 tol=0.0532
2026-07-23 01:09:41,883 alphafold2_ptm_model_2_seed_043 recycle=3 pLDDT=96 pTM=0.809 tol=0.0277
2026-07-23 01:09:41,885 alphafold2_ptm_model_2_seed_043 took 48.4s (3 recycles)
2026-07-23 01:09:54,250 alphafold2_ptm_model_3_seed_043 recycle=0 pLDDT=88.2 pTM=0.685
2026-07-23 01:10:06,422 alphafold2_ptm_model_3_seed_043 recycle=1 pLDDT=93 pTM=0.756 tol=0.164
2026-07-23 01:10:19,893 alphafold2_ptm_model_3_seed_043 recycle=2 pLDDT=93.9 pTM=0.778 tol=0.0588
2026-07-23 01:10:32,100 alphafold2_ptm_model_3_seed_043 recycle=3 pLDDT=94.8 pTM=0.787 tol=0.0382
2026-07-23 01:10:32,101 alphafold2_ptm_model_3_seed_043 took 50.2s (3 recycles)
2026-07-23 01:10:43,767 alphafold2_ptm_model_4_seed_043 recycle=0 pLDDT=91.8 pTM=0.743
2026-07-23 01:10:55,239 alphafold2_ptm_model_4_seed_043 recycle=1 pLDDT=94.1 pTM=0.785 tol=0.149
2026-07-23 01:11:06,757 alphafold2_ptm_model_4_seed_043 recycle=2 pLDDT=94.6 pTM=0.798 tol=0.0515
2026-07-23 01:11:19,323 alphafold2_ptm_model_4_seed_043 recycle=3 pLDDT=94.9 pTM=0.804 tol=0.0254
2026-07-23 01:11:19,324 alphafold2_ptm_model_4_seed_043 took 47.2s (3 recycles)
2026-07-23 01:11:31,470 alphafold2_ptm_model_5_seed_043 recycle=0 pLDDT=89.2 pTM=0.708
2026-07-23 01:11:42,976 alphafold2_ptm_model_5_seed_043 recycle=1 pLDDT=94.3 pTM=0.767 tol=0.485
2026-07-23 01:11:54,986 alphafold2_ptm_model_5_seed_043 recycle=2 pLDDT=95.1 pTM=0.779 tol=0.0439
2026-07-23 01:12:07,543 alphafold2_ptm_model_5_seed_043 recycle=3 pLDDT=95.4 pTM=0.784 tol=0.024
2026-07-23 01:12:07,544 alphafold2_ptm_model_5_seed_043 took 48.2s (3 recycles)
2026-07-23 01:12:09,139 Padding length to 82
2026-07-23 01:12:21,247 alphafold2_ptm_model_1_seed_044 recycle=0 pLDDT=90.9 pTM=0.712
2026-07-23 01:12:33,238 alphafold2_ptm_model_1_seed_044 recycle=1 pLDDT=93.9 pTM=0.766 tol=0.196
2026-07-23 01:12:45,604 alphafold2_ptm_model_1_seed_044 recycle=2 pLDDT=94.4 pTM=0.775 tol=0.0572
2026-07-23 01:12:57,453 alphafold2_ptm_model_1_seed_044 recycle=3 pLDDT=94.7 pTM=0.78 tol=0.0265
2026-07-23 01:12:57,453 alphafold2_ptm_model_1_seed_044 took 48.3s (3 recycles)
2026-07-23 01:13:09,384 alphafold2_ptm_model_2_seed_044 recycle=0 pLDDT=93.7 pTM=0.763
2026-07-23 01:13:22,519 alphafold2_ptm_model_2_seed_044 recycle=1 pLDDT=95 pTM=0.792 tol=0.19
2026-07-23 01:13:34,833 alphafold2_ptm_model_2_seed_044 recycle=2 pLDDT=95.6 pTM=0.803 tol=0.0583
2026-07-23 01:13:46,600 alphafold2_ptm_model_2_seed_044 recycle=3 pLDDT=96 pTM=0.81 tol=0.0223
2026-07-23 01:13:46,601 alphafold2_ptm_model_2_seed_044 took 49.1s (3 recycles)
2026-07-23 01:13:58,821 alphafold2_ptm_model_3_seed_044 recycle=0 pLDDT=91.2 pTM=0.724
2026-07-23 01:14:11,203 alphafold2_ptm_model_3_seed_044 recycle=1 pLDDT=93.2 pTM=0.766 tol=0.137
2026-07-23 01:14:22,828 alphafold2_ptm_model_3_seed_044 recycle=2 pLDDT=94 pTM=0.785 tol=0.0558
2026-07-23 01:14:34,190 alphafold2_ptm_model_3_seed_044 recycle=3 pLDDT=94.8 pTM=0.79 tol=0.0365
2026-07-23 01:14:34,191 alphafold2_ptm_model_3_seed_044 took 47.5s (3 recycles)
2026-07-23 01:14:45,815 alphafold2_ptm_model_4_seed_044 recycle=0 pLDDT=91.8 pTM=0.743
2026-07-23 01:14:57,951 alphafold2_ptm_model_4_seed_044 recycle=1 pLDDT=94 pTM=0.785 tol=0.156
2026-07-23 01:15:09,847 alphafold2_ptm_model_4_seed_044 recycle=2 pLDDT=94.6 pTM=0.799 tol=0.0496
2026-07-23 01:15:21,576 alphafold2_ptm_model_4_seed_044 recycle=3 pLDDT=94.9 pTM=0.803 tol=0.0245
2026-07-23 01:15:21,577 alphafold2_ptm_model_4_seed_044 took 47.3s (3 recycles)
2026-07-23 01:15:33,450 alphafold2_ptm_model_5_seed_044 recycle=0 pLDDT=91.6 pTM=0.727
2026-07-23 01:15:45,331 alphafold2_ptm_model_5_seed_044 recycle=1 pLDDT=94.5 pTM=0.771 tol=0.168
2026-07-23 01:15:57,088 alphafold2_ptm_model_5_seed_044 recycle=2 pLDDT=95.1 pTM=0.779 tol=0.0398
2026-07-23 01:16:09,178 alphafold2_ptm_model_5_seed_044 recycle=3 pLDDT=95.5 pTM=0.786 tol=0.0249
2026-07-23 01:16:09,178 alphafold2_ptm_model_5_seed_044 took 47.5s (3 recycles)
2026-07-23 01:16:09,232 reranking models by 'plddt' metric
2026-07-23 01:16:09,233 rank_001_alphafold2_ptm_model_2_seed_044 pLDDT=96 pTM=0.81
2026-07-23 01:16:09,235 rank_002_alphafold2_ptm_model_2_seed_043 pLDDT=96 pTM=0.809
2026-07-23 01:16:09,236 rank_003_alphafold2_ptm_model_2_seed_042 pLDDT=95.9 pTM=0.809
2026-07-23 01:16:09,238 rank_004_alphafold2_ptm_model_5_seed_042 pLDDT=95.6 pTM=0.79
2026-07-23 01:16:09,240 rank_005_alphafold2_ptm_model_5_seed_044 pLDDT=95.5 pTM=0.786
2026-07-23 01:16:09,241 rank_006_alphafold2_ptm_model_5_seed_043 pLDDT=95.4 pTM=0.784
2026-07-23 01:16:09,243 rank_007_alphafold2_ptm_model_4_seed_042 pLDDT=95 pTM=0.804
2026-07-23 01:16:09,244 rank_008_alphafold2_ptm_model_4_seed_044 pLDDT=94.9 pTM=0.803
2026-07-23 01:16:09,246 rank_009_alphafold2_ptm_model_4_seed_043 pLDDT=94.9 pTM=0.804
2026-07-23 01:16:09,248 rank_010_alphafold2_ptm_model_3_seed_044 pLDDT=94.8 pTM=0.79
2026-07-23 01:16:09,249 rank_011_alphafold2_ptm_model_1_seed_042 pLDDT=94.8 pTM=0.784
2026-07-23 01:16:09,251 rank_012_alphafold2_ptm_model_3_seed_043 pLDDT=94.8 pTM=0.787
2026-07-23 01:16:09,252 rank_013_alphafold2_ptm_model_3_seed_042 pLDDT=94.8 pTM=0.788
2026-07-23 01:16:09,254 rank_014_alphafold2_ptm_model_1_seed_044 pLDDT=94.7 pTM=0.78
2026-07-23 01:16:09,255 rank_015_alphafold2_ptm_model_1_seed_043 pLDDT=94.7 pTM=0.782
2026-07-23 01:16:12,922 Query 25/723: 5KPH_6_4_4_0_combined_id2 (length 72)
2026-07-23 01:16:15,819 Padding length to 82
2026-07-23 01:16:28,325 alphafold2_ptm_model_1_seed_042 recycle=0 pLDDT=87.1 pTM=0.619
2026-07-23 01:16:40,495 alphafold2_ptm_model_1_seed_042 recycle=1 pLDDT=89.1 pTM=0.675 tol=0.254
2026-07-23 01:16:52,956 alphafold2_ptm_model_1_seed_042 recycle=2 pLDDT=89.4 pTM=0.679 tol=0.07
2026-07-23 01:17:05,043 alphafold2_ptm_model_1_seed_042 recycle=3 pLDDT=89.5 pTM=0.68 tol=0.0288
2026-07-23 01:17:05,043 alphafold2_ptm_model_1_seed_042 took 49.2s (3 recycles)
2026-07-23 01:17:17,474 alphafold2_ptm_model_2_seed_042 recycle=0 pLDDT=57.1 pTM=0.357
2026-07-23 01:17:29,561 alphafold2_ptm_model_2_seed_042 recycle=1 pLDDT=61.1 pTM=0.358 tol=1.03
2026-07-23 01:17:41,642 alphafold2_ptm_model_2_seed_042 recycle=2 pLDDT=59.1 pTM=0.346 tol=0.412
2026-07-23 01:17:53,120 alphafold2_ptm_model_2_seed_042 recycle=3 pLDDT=60.1 pTM=0.348 tol=0.381
2026-07-23 01:17:53,120 alphafold2_ptm_model_2_seed_042 took 48.0s (3 recycles)
2026-07-23 01:18:04,916 alphafold2_ptm_model_3_seed_042 recycle=0 pLDDT=85.6 pTM=0.603
2026-07-23 01:18:16,030 alphafold2_ptm_model_3_seed_042 recycle=1 pLDDT=89.2 pTM=0.668 tol=0.333
2026-07-23 01:18:27,286 alphafold2_ptm_model_3_seed_042 recycle=2 pLDDT=89.9 pTM=0.679 tol=0.0786
2026-07-23 01:18:39,429 alphafold2_ptm_model_3_seed_042 recycle=3 pLDDT=90.8 pTM=0.7 tol=0.059
2026-07-23 01:18:39,429 alphafold2_ptm_model_3_seed_042 took 46.2s (3 recycles)
2026-07-23 01:18:52,044 alphafold2_ptm_model_4_seed_042 recycle=0 pLDDT=87 pTM=0.65
2026-07-23 01:19:04,522 alphafold2_ptm_model_4_seed_042 recycle=1 pLDDT=88.9 pTM=0.68 tol=0.131
2026-07-23 01:19:16,655 alphafold2_ptm_model_4_seed_042 recycle=2 pLDDT=89.7 pTM=0.693 tol=0.0529
2026-07-23 01:19:29,205 alphafold2_ptm_model_4_seed_042 recycle=3 pLDDT=90.2 pTM=0.699 tol=0.0345
2026-07-23 01:19:29,206 alphafold2_ptm_model_4_seed_042 took 49.7s (3 recycles)
2026-07-23 01:19:41,854 alphafold2_ptm_model_5_seed_042 recycle=0 pLDDT=88.2 pTM=0.656
2026-07-23 01:19:54,542 alphafold2_ptm_model_5_seed_042 recycle=1 pLDDT=89.1 pTM=0.676 tol=0.309
2026-07-23 01:20:06,921 alphafold2_ptm_model_5_seed_042 recycle=2 pLDDT=90 pTM=0.693 tol=0.132
2026-07-23 01:20:18,537 alphafold2_ptm_model_5_seed_042 recycle=3 pLDDT=90.6 pTM=0.703 tol=0.0909
2026-07-23 01:20:18,539 alphafold2_ptm_model_5_seed_042 took 49.3s (3 recycles)
2026-07-23 01:20:20,311 Padding length to 82
2026-07-23 01:20:31,949 alphafold2_ptm_model_1_seed_043 recycle=0 pLDDT=87.4 pTM=0.622
2026-07-23 01:20:43,546 alphafold2_ptm_model_1_seed_043 recycle=1 pLDDT=89.4 pTM=0.677 tol=0.2
2026-07-23 01:20:55,256 alphafold2_ptm_model_1_seed_043 recycle=2 pLDDT=89.4 pTM=0.678 tol=0.0716
2026-07-23 01:21:06,820 alphafold2_ptm_model_1_seed_043 recycle=3 pLDDT=89.6 pTM=0.678 tol=0.0263
2026-07-23 01:21:06,821 alphafold2_ptm_model_1_seed_043 took 46.5s (3 recycles)
2026-07-23 01:21:18,325 alphafold2_ptm_model_2_seed_043 recycle=0 pLDDT=56 pTM=0.396
2026-07-23 01:21:29,955 alphafold2_ptm_model_2_seed_043 recycle=1 pLDDT=89.6 pTM=0.695 tol=4.28
2026-07-23 01:21:41,607 alphafold2_ptm_model_2_seed_043 recycle=2 pLDDT=89.1 pTM=0.699 tol=0.115
2026-07-23 01:21:53,207 alphafold2_ptm_model_2_seed_043 recycle=3 pLDDT=89.7 pTM=0.709 tol=0.0471
2026-07-23 01:21:53,210 alphafold2_ptm_model_2_seed_043 took 46.4s (3 recycles)
2026-07-23 01:22:04,795 alphafold2_ptm_model_3_seed_043 recycle=0 pLDDT=85.9 pTM=0.605
2026-07-23 01:22:16,363 alphafold2_ptm_model_3_seed_043 recycle=1 pLDDT=89 pTM=0.668 tol=0.431
2026-07-23 01:22:27,923 alphafold2_ptm_model_3_seed_043 recycle=2 pLDDT=89.8 pTM=0.677 tol=0.0818
2026-07-23 01:22:39,512 alphafold2_ptm_model_3_seed_043 recycle=3 pLDDT=90.6 pTM=0.694 tol=0.0564
2026-07-23 01:22:39,512 alphafold2_ptm_model_3_seed_043 took 46.3s (3 recycles)
2026-07-23 01:22:51,121 alphafold2_ptm_model_4_seed_043 recycle=0 pLDDT=87.2 pTM=0.65
2026-07-23 01:23:02,706 alphafold2_ptm_model_4_seed_043 recycle=1 pLDDT=89 pTM=0.681 tol=0.15
2026-07-23 01:23:14,382 alphafold2_ptm_model_4_seed_043 recycle=2 pLDDT=89.6 pTM=0.69 tol=0.0425
2026-07-23 01:23:26,199 alphafold2_ptm_model_4_seed_043 recycle=3 pLDDT=90.1 pTM=0.694 tol=0.0325
2026-07-23 01:23:26,200 alphafold2_ptm_model_4_seed_043 took 46.7s (3 recycles)
2026-07-23 01:23:38,065 alphafold2_ptm_model_5_seed_043 recycle=0 pLDDT=88.1 pTM=0.657
2026-07-23 01:23:50,524 alphafold2_ptm_model_5_seed_043 recycle=1 pLDDT=89.5 pTM=0.684 tol=0.28
2026-07-23 01:24:02,766 alphafold2_ptm_model_5_seed_043 recycle=2 pLDDT=90.1 pTM=0.697 tol=0.145
2026-07-23 01:24:16,199 alphafold2_ptm_model_5_seed_043 recycle=3 pLDDT=90.6 pTM=0.704 tol=0.0881
2026-07-23 01:24:16,199 alphafold2_ptm_model_5_seed_043 took 50.0s (3 recycles)
2026-07-23 01:24:17,889 Padding length to 82
2026-07-23 01:24:31,625 alphafold2_ptm_model_1_seed_044 recycle=0 pLDDT=85.9 pTM=0.602
2026-07-23 01:24:44,588 alphafold2_ptm_model_1_seed_044 recycle=1 pLDDT=88.9 pTM=0.67 tol=0.233
2026-07-23 01:24:56,288 alphafold2_ptm_model_1_seed_044 recycle=2 pLDDT=89.2 pTM=0.677 tol=0.076
2026-07-23 01:25:07,786 alphafold2_ptm_model_1_seed_044 recycle=3 pLDDT=89.4 pTM=0.678 tol=0.0291
2026-07-23 01:25:07,786 alphafold2_ptm_model_1_seed_044 took 49.9s (3 recycles)
2026-07-23 01:25:19,941 alphafold2_ptm_model_2_seed_044 recycle=0 pLDDT=59.2 pTM=0.361
2026-07-23 01:25:31,486 alphafold2_ptm_model_2_seed_044 recycle=1 pLDDT=61.1 pTM=0.352 tol=0.897
2026-07-23 01:25:42,971 alphafold2_ptm_model_2_seed_044 recycle=2 pLDDT=58.6 pTM=0.346 tol=0.498
2026-07-23 01:25:54,483 alphafold2_ptm_model_2_seed_044 recycle=3 pLDDT=60.1 pTM=0.349 tol=0.506
2026-07-23 01:25:54,484 alphafold2_ptm_model_2_seed_044 took 46.7s (3 recycles)
2026-07-23 01:26:05,994 alphafold2_ptm_model_3_seed_044 recycle=0 pLDDT=86.2 pTM=0.608
2026-07-23 01:26:17,529 alphafold2_ptm_model_3_seed_044 recycle=1 pLDDT=88.8 pTM=0.662 tol=0.356
2026-07-23 01:26:29,016 alphafold2_ptm_model_3_seed_044 recycle=2 pLDDT=89.7 pTM=0.673 tol=0.0705
2026-07-23 01:26:40,542 alphafold2_ptm_model_3_seed_044 recycle=3 pLDDT=90.5 pTM=0.695 tol=0.0654
2026-07-23 01:26:40,544 alphafold2_ptm_model_3_seed_044 took 46.0s (3 recycles)
2026-07-23 01:26:52,084 alphafold2_ptm_model_4_seed_044 recycle=0 pLDDT=86.9 pTM=0.648
2026-07-23 01:27:03,560 alphafold2_ptm_model_4_seed_044 recycle=1 pLDDT=89.1 pTM=0.68 tol=0.155
2026-07-23 01:27:15,157 alphafold2_ptm_model_4_seed_044 recycle=2 pLDDT=89.6 pTM=0.69 tol=0.0553
2026-07-23 01:27:26,772 alphafold2_ptm_model_4_seed_044 recycle=3 pLDDT=90.1 pTM=0.697 tol=0.0397
2026-07-23 01:27:26,773 alphafold2_ptm_model_4_seed_044 took 46.2s (3 recycles)
2026-07-23 01:27:38,339 alphafold2_ptm_model_5_seed_044 recycle=0 pLDDT=87.9 pTM=0.649
2026-07-23 01:27:49,869 alphafold2_ptm_model_5_seed_044 recycle=1 pLDDT=89.1 pTM=0.677 tol=0.328
2026-07-23 01:28:01,292 alphafold2_ptm_model_5_seed_044 recycle=2 pLDDT=90 pTM=0.694 tol=0.13
2026-07-23 01:28:12,730 alphafold2_ptm_model_5_seed_044 recycle=3 pLDDT=90.6 pTM=0.703 tol=0.0978
2026-07-23 01:28:12,731 alphafold2_ptm_model_5_seed_044 took 45.9s (3 recycles)
2026-07-23 01:28:12,758 reranking models by 'plddt' metric
2026-07-23 01:28:12,758 rank_001_alphafold2_ptm_model_3_seed_042 pLDDT=90.8 pTM=0.7
2026-07-23 01:28:12,760 rank_002_alphafold2_ptm_model_5_seed_044 pLDDT=90.6 pTM=0.703
2026-07-23 01:28:12,761 rank_003_alphafold2_ptm_model_5_seed_043 pLDDT=90.6 pTM=0.704
2026-07-23 01:28:12,762 rank_004_alphafold2_ptm_model_3_seed_043 pLDDT=90.6 pTM=0.694
2026-07-23 01:28:12,764 rank_005_alphafold2_ptm_model_5_seed_042 pLDDT=90.6 pTM=0.703
2026-07-23 01:28:12,765 rank_006_alphafold2_ptm_model_3_seed_044 pLDDT=90.5 pTM=0.695
2026-07-23 01:28:12,767 rank_007_alphafold2_ptm_model_4_seed_042 pLDDT=90.2 pTM=0.699
2026-07-23 01:28:12,768 rank_008_alphafold2_ptm_model_4_seed_044 pLDDT=90.1 pTM=0.697
2026-07-23 01:28:12,770 rank_009_alphafold2_ptm_model_4_seed_043 pLDDT=90.1 pTM=0.694
2026-07-23 01:28:12,771 rank_010_alphafold2_ptm_model_2_seed_043 pLDDT=89.7 pTM=0.709
2026-07-23 01:28:12,772 rank_011_alphafold2_ptm_model_1_seed_043 pLDDT=89.6 pTM=0.678
2026-07-23 01:28:12,773 rank_012_alphafold2_ptm_model_1_seed_042 pLDDT=89.5 pTM=0.68
2026-07-23 01:28:12,775 rank_013_alphafold2_ptm_model_1_seed_044 pLDDT=89.4 pTM=0.678
2026-07-23 01:28:12,776 rank_014_alphafold2_ptm_model_2_seed_044 pLDDT=60.1 pTM=0.349
2026-07-23 01:28:12,777 rank_015_alphafold2_ptm_model_2_seed_042 pLDDT=60.1 pTM=0.348
2026-07-23 01:28:15,441 Query 26/723: 5KPH_6_4_4_0_combined_id6 (length 72)
2026-07-23 01:28:17,574 Padding length to 82
2026-07-23 01:28:29,063 alphafold2_ptm_model_1_seed_042 recycle=0 pLDDT=82.8 pTM=0.583
2026-07-23 01:28:40,454 alphafold2_ptm_model_1_seed_042 recycle=1 pLDDT=84.7 pTM=0.616 tol=0.216
2026-07-23 01:28:51,812 alphafold2_ptm_model_1_seed_042 recycle=2 pLDDT=85 pTM=0.626 tol=0.239
2026-07-23 01:29:03,230 alphafold2_ptm_model_1_seed_042 recycle=3 pLDDT=85.4 pTM=0.629 tol=0.0866
2026-07-23 01:29:03,231 alphafold2_ptm_model_1_seed_042 took 45.7s (3 recycles)
2026-07-23 01:29:14,903 alphafold2_ptm_model_2_seed_042 recycle=0 pLDDT=86.9 pTM=0.658
2026-07-23 01:29:28,436 alphafold2_ptm_model_2_seed_042 recycle=1 pLDDT=87.4 pTM=0.668 tol=0.499
2026-07-23 01:29:42,513 alphafold2_ptm_model_2_seed_042 recycle=2 pLDDT=86.8 pTM=0.66 tol=0.225
2026-07-23 01:29:56,387 alphafold2_ptm_model_2_seed_042 recycle=3 pLDDT=86.2 pTM=0.651 tol=0.15
2026-07-23 01:29:56,387 alphafold2_ptm_model_2_seed_042 took 53.1s (3 recycles)
2026-07-23 01:30:10,798 alphafold2_ptm_model_3_seed_042 recycle=0 pLDDT=84.9 pTM=0.603
2026-07-23 01:30:24,884 alphafold2_ptm_model_3_seed_042 recycle=1 pLDDT=86.9 pTM=0.636 tol=0.311
2026-07-23 01:30:38,737 alphafold2_ptm_model_3_seed_042 recycle=2 pLDDT=86.4 pTM=0.638 tol=0.128
2026-07-23 01:30:52,848 alphafold2_ptm_model_3_seed_042 recycle=3 pLDDT=86.8 pTM=0.654 tol=0.0966
2026-07-23 01:30:52,848 alphafold2_ptm_model_3_seed_042 took 56.4s (3 recycles)
2026-07-23 01:31:06,917 alphafold2_ptm_model_4_seed_042 recycle=0 pLDDT=85.4 pTM=0.627
2026-07-23 01:31:20,226 alphafold2_ptm_model_4_seed_042 recycle=1 pLDDT=84.7 pTM=0.625 tol=0.617
2026-07-23 01:31:33,532 alphafold2_ptm_model_4_seed_042 recycle=2 pLDDT=84.4 pTM=0.616 tol=0.0584
2026-07-23 01:31:46,922 alphafold2_ptm_model_4_seed_042 recycle=3 pLDDT=84.6 pTM=0.62 tol=0.12
2026-07-23 01:31:46,923 alphafold2_ptm_model_4_seed_042 took 54.0s (3 recycles)
2026-07-23 01:32:00,527 alphafold2_ptm_model_5_seed_042 recycle=0 pLDDT=83.1 pTM=0.603
2026-07-23 01:32:13,849 alphafold2_ptm_model_5_seed_042 recycle=1 pLDDT=86.5 pTM=0.638 tol=0.562
2026-07-23 01:32:27,181 alphafold2_ptm_model_5_seed_042 recycle=2 pLDDT=86.7 pTM=0.644 tol=0.198
2026-07-23 01:32:40,987 alphafold2_ptm_model_5_seed_042 recycle=3 pLDDT=86.8 pTM=0.644 tol=0.161
2026-07-23 01:32:40,987 alphafold2_ptm_model_5_seed_042 took 54.0s (3 recycles)
2026-07-23 01:32:42,905 Padding length to 82
2026-07-23 01:32:56,414 alphafold2_ptm_model_1_seed_043 recycle=0 pLDDT=82.4 pTM=0.579
2026-07-23 01:33:09,978 alphafold2_ptm_model_1_seed_043 recycle=1 pLDDT=84.9 pTM=0.622 tol=0.212
2026-07-23 01:33:23,271 alphafold2_ptm_model_1_seed_043 recycle=2 pLDDT=84.8 pTM=0.624 tol=0.208
2026-07-23 01:33:36,711 alphafold2_ptm_model_1_seed_043 recycle=3 pLDDT=85.5 pTM=0.628 tol=0.123
2026-07-23 01:33:36,713 alphafold2_ptm_model_1_seed_043 took 53.8s (3 recycles)
2026-07-23 01:33:50,357 alphafold2_ptm_model_2_seed_043 recycle=0 pLDDT=87.5 pTM=0.662
2026-07-23 01:34:04,005 alphafold2_ptm_model_2_seed_043 recycle=1 pLDDT=87.8 pTM=0.675 tol=0.489
2026-07-23 01:34:18,122 alphafold2_ptm_model_2_seed_043 recycle=2 pLDDT=86.8 pTM=0.66 tol=0.295
2026-07-23 01:34:32,131 alphafold2_ptm_model_2_seed_043 recycle=3 pLDDT=86.4 pTM=0.653 tol=0.175
2026-07-23 01:34:32,132 alphafold2_ptm_model_2_seed_043 took 55.4s (3 recycles)
2026-07-23 01:34:45,910 alphafold2_ptm_model_3_seed_043 recycle=0 pLDDT=84.9 pTM=0.607
2026-07-23 01:34:59,264 alphafold2_ptm_model_3_seed_043 recycle=1 pLDDT=86.9 pTM=0.638 tol=0.367
2026-07-23 01:35:12,518 alphafold2_ptm_model_3_seed_043 recycle=2 pLDDT=86.4 pTM=0.639 tol=0.158
2026-07-23 01:35:25,704 alphafold2_ptm_model_3_seed_043 recycle=3 pLDDT=86.6 pTM=0.649 tol=0.069
2026-07-23 01:35:25,705 alphafold2_ptm_model_3_seed_043 took 53.5s (3 recycles)
2026-07-23 01:35:39,029 alphafold2_ptm_model_4_seed_043 recycle=0 pLDDT=85.6 pTM=0.627
2026-07-23 01:35:52,881 alphafold2_ptm_model_4_seed_043 recycle=1 pLDDT=84.7 pTM=0.624 tol=0.642
2026-07-23 01:36:06,656 alphafold2_ptm_model_4_seed_043 recycle=2 pLDDT=84.2 pTM=0.614 tol=0.0887
2026-07-23 01:36:20,229 alphafold2_ptm_model_4_seed_043 recycle=3 pLDDT=84.7 pTM=0.619 tol=0.193
2026-07-23 01:36:20,230 alphafold2_ptm_model_4_seed_043 took 54.4s (3 recycles)
2026-07-23 01:36:34,033 alphafold2_ptm_model_5_seed_043 recycle=0 pLDDT=82.6 pTM=0.602
2026-07-23 01:36:48,196 alphafold2_ptm_model_5_seed_043 recycle=1 pLDDT=86.2 pTM=0.636 tol=0.604
2026-07-23 01:37:01,749 alphafold2_ptm_model_5_seed_043 recycle=2 pLDDT=86.3 pTM=0.638 tol=0.148
2026-07-23 01:37:15,360 alphafold2_ptm_model_5_seed_043 recycle=3 pLDDT=86.6 pTM=0.641 tol=0.113
2026-07-23 01:37:15,362 alphafold2_ptm_model_5_seed_043 took 55.1s (3 recycles)
2026-07-23 01:37:17,475 Padding length to 82
2026-07-23 01:37:31,320 alphafold2_ptm_model_1_seed_044 recycle=0 pLDDT=82.8 pTM=0.583
2026-07-23 01:37:45,315 alphafold2_ptm_model_1_seed_044 recycle=1 pLDDT=84.8 pTM=0.622 tol=0.277
2026-07-23 01:37:59,587 alphafold2_ptm_model_1_seed_044 recycle=2 pLDDT=85 pTM=0.626 tol=0.285
2026-07-23 01:38:13,353 alphafold2_ptm_model_1_seed_044 recycle=3 pLDDT=85.5 pTM=0.63 tol=0.101
2026-07-23 01:38:13,354 alphafold2_ptm_model_1_seed_044 took 55.9s (3 recycles)
2026-07-23 01:38:26,966 alphafold2_ptm_model_2_seed_044 recycle=0 pLDDT=86.9 pTM=0.654
2026-07-23 01:38:40,301 alphafold2_ptm_model_2_seed_044 recycle=1 pLDDT=88.2 pTM=0.682 tol=0.573
2026-07-23 01:38:53,877 alphafold2_ptm_model_2_seed_044 recycle=2 pLDDT=87.6 pTM=0.671 tol=0.32
2026-07-23 01:39:07,258 alphafold2_ptm_model_2_seed_044 recycle=3 pLDDT=86.6 pTM=0.657 tol=0.116
2026-07-23 01:39:07,259 alphafold2_ptm_model_2_seed_044 took 53.9s (3 recycles)
2026-07-23 01:39:21,354 alphafold2_ptm_model_3_seed_044 recycle=0 pLDDT=84.6 pTM=0.601
2026-07-23 01:39:34,926 alphafold2_ptm_model_3_seed_044 recycle=1 pLDDT=86.5 pTM=0.632 tol=0.341
2026-07-23 01:39:48,436 alphafold2_ptm_model_3_seed_044 recycle=2 pLDDT=86.2 pTM=0.635 tol=0.112
2026-07-23 01:40:01,926 alphafold2_ptm_model_3_seed_044 recycle=3 pLDDT=86.7 pTM=0.649 tol=0.122
2026-07-23 01:40:01,927 alphafold2_ptm_model_3_seed_044 took 54.6s (3 recycles)
2026-07-23 01:40:15,651 alphafold2_ptm_model_4_seed_044 recycle=0 pLDDT=85.1 pTM=0.624
2026-07-23 01:40:29,218 alphafold2_ptm_model_4_seed_044 recycle=1 pLDDT=84.3 pTM=0.625 tol=0.631
2026-07-23 01:40:42,682 alphafold2_ptm_model_4_seed_044 recycle=2 pLDDT=83.9 pTM=0.61 tol=0.0709
2026-07-23 01:40:56,340 alphafold2_ptm_model_4_seed_044 recycle=3 pLDDT=84.4 pTM=0.619 tol=0.139
2026-07-23 01:40:56,343 alphafold2_ptm_model_4_seed_044 took 54.4s (3 recycles)
2026-07-23 01:41:10,274 alphafold2_ptm_model_5_seed_044 recycle=0 pLDDT=82.6 pTM=0.601
2026-07-23 01:41:23,839 alphafold2_ptm_model_5_seed_044 recycle=1 pLDDT=86.3 pTM=0.635 tol=0.526
2026-07-23 01:41:37,618 alphafold2_ptm_model_5_seed_044 recycle=2 pLDDT=86.5 pTM=0.639 tol=0.198
2026-07-23 01:41:51,345 alphafold2_ptm_model_5_seed_044 recycle=3 pLDDT=86.7 pTM=0.641 tol=0.166
2026-07-23 01:41:51,346 alphafold2_ptm_model_5_seed_044 took 55.0s (3 recycles)
2026-07-23 01:41:51,401 reranking models by 'plddt' metric
2026-07-23 01:41:51,401 rank_001_alphafold2_ptm_model_5_seed_042 pLDDT=86.8 pTM=0.644
2026-07-23 01:41:51,404 rank_002_alphafold2_ptm_model_3_seed_042 pLDDT=86.8 pTM=0.654
2026-07-23 01:41:51,407 rank_003_alphafold2_ptm_model_5_seed_044 pLDDT=86.7 pTM=0.641
2026-07-23 01:41:51,409 rank_004_alphafold2_ptm_model_3_seed_044 pLDDT=86.7 pTM=0.649
2026-07-23 01:41:51,410 rank_005_alphafold2_ptm_model_2_seed_044 pLDDT=86.6 pTM=0.657
2026-07-23 01:41:51,413 rank_006_alphafold2_ptm_model_5_seed_043 pLDDT=86.6 pTM=0.641
2026-07-23 01:41:51,414 rank_007_alphafold2_ptm_model_3_seed_043 pLDDT=86.6 pTM=0.649
2026-07-23 01:41:51,417 rank_008_alphafold2_ptm_model_2_seed_043 pLDDT=86.4 pTM=0.653
2026-07-23 01:41:51,418 rank_009_alphafold2_ptm_model_2_seed_042 pLDDT=86.2 pTM=0.651
2026-07-23 01:41:51,420 rank_010_alphafold2_ptm_model_1_seed_044 pLDDT=85.5 pTM=0.63
2026-07-23 01:41:51,421 rank_011_alphafold2_ptm_model_1_seed_043 pLDDT=85.5 pTM=0.628
2026-07-23 01:41:51,423 rank_012_alphafold2_ptm_model_1_seed_042 pLDDT=85.4 pTM=0.629
2026-07-23 01:41:51,424 rank_013_alphafold2_ptm_model_4_seed_043 pLDDT=84.7 pTM=0.619
2026-07-23 01:41:51,427 rank_014_alphafold2_ptm_model_4_seed_042 pLDDT=84.6 pTM=0.62
2026-07-23 01:41:51,428 rank_015_alphafold2_ptm_model_4_seed_044 pLDDT=84.4 pTM=0.619
2026-07-23 01:41:54,950 Query 27/723: 5KPH_6_4_4_0_combined_id7 (length 72)
2026-07-23 01:41:58,735 Padding length to 82
2026-07-23 01:42:12,939 alphafold2_ptm_model_1_seed_042 recycle=0 pLDDT=87.4 pTM=0.665
2026-07-23 01:42:26,964 alphafold2_ptm_model_1_seed_042 recycle=1 pLDDT=90.8 pTM=0.726 tol=0.249
2026-07-23 01:42:41,396 alphafold2_ptm_model_1_seed_042 recycle=2 pLDDT=91 pTM=0.73 tol=0.12
2026-07-23 01:42:55,819 alphafold2_ptm_model_1_seed_042 recycle=3 pLDDT=91.2 pTM=0.736 tol=0.0394
2026-07-23 01:42:55,820 alphafold2_ptm_model_1_seed_042 took 57.1s (3 recycles)
2026-07-23 01:43:10,194 alphafold2_ptm_model_2_seed_042 recycle=0 pLDDT=48.4 pTM=0.396
2026-07-23 01:43:24,096 alphafold2_ptm_model_2_seed_042 recycle=1 pLDDT=93.1 pTM=0.75 tol=3.32
2026-07-23 01:43:37,881 alphafold2_ptm_model_2_seed_042 recycle=2 pLDDT=93.6 pTM=0.774 tol=0.202
2026-07-23 01:43:51,612 alphafold2_ptm_model_2_seed_042 recycle=3 pLDDT=94 pTM=0.784 tol=0.0486
2026-07-23 01:43:51,612 alphafold2_ptm_model_2_seed_042 took 55.8s (3 recycles)
2026-07-23 01:44:05,695 alphafold2_ptm_model_3_seed_042 recycle=0 pLDDT=90.8 pTM=0.725
2026-07-23 01:44:20,019 alphafold2_ptm_model_3_seed_042 recycle=1 pLDDT=90.3 pTM=0.72 tol=0.467
2026-07-23 01:44:34,681 alphafold2_ptm_model_3_seed_042 recycle=2 pLDDT=90.6 pTM=0.728 tol=0.128
2026-07-23 01:44:48,893 alphafold2_ptm_model_3_seed_042 recycle=3 pLDDT=91.4 pTM=0.746 tol=0.0654
2026-07-23 01:44:48,894 alphafold2_ptm_model_3_seed_042 took 57.2s (3 recycles)
2026-07-23 01:45:02,960 alphafold2_ptm_model_4_seed_042 recycle=0 pLDDT=89.9 pTM=0.722
2026-07-23 01:45:16,615 alphafold2_ptm_model_4_seed_042 recycle=1 pLDDT=90.2 pTM=0.736 tol=0.417
2026-07-23 01:45:30,048 alphafold2_ptm_model_4_seed_042 recycle=2 pLDDT=90.8 pTM=0.745 tol=0.152
2026-07-23 01:45:44,152 alphafold2_ptm_model_4_seed_042 recycle=3 pLDDT=91.4 pTM=0.754 tol=0.043
2026-07-23 01:45:44,153 alphafold2_ptm_model_4_seed_042 took 55.2s (3 recycles)
2026-07-23 01:45:58,899 alphafold2_ptm_model_5_seed_042 recycle=0 pLDDT=52.3 pTM=0.373
2026-07-23 01:46:12,737 alphafold2_ptm_model_5_seed_042 recycle=1 pLDDT=86.1 pTM=0.669 tol=4.02
2026-07-23 01:46:26,673 alphafold2_ptm_model_5_seed_042 recycle=2 pLDDT=92.4 pTM=0.759 tol=0.554
2026-07-23 01:46:40,491 alphafold2_ptm_model_5_seed_042 recycle=3 pLDDT=92.5 pTM=0.762 tol=0.136
2026-07-23 01:46:40,491 alphafold2_ptm_model_5_seed_042 took 56.2s (3 recycles)
2026-07-23 01:46:42,537 Padding length to 82
2026-07-23 01:46:56,134 alphafold2_ptm_model_1_seed_043 recycle=0 pLDDT=88.8 pTM=0.676
2026-07-23 01:47:09,813 alphafold2_ptm_model_1_seed_043 recycle=1 pLDDT=91.1 pTM=0.733 tol=0.269
2026-07-23 01:47:23,461 alphafold2_ptm_model_1_seed_043 recycle=2 pLDDT=90.7 pTM=0.729 tol=0.148
2026-07-23 01:47:36,641 alphafold2_ptm_model_1_seed_043 recycle=3 pLDDT=90.9 pTM=0.729 tol=0.0803
2026-07-23 01:47:36,642 alphafold2_ptm_model_1_seed_043 took 54.1s (3 recycles)
2026-07-23 01:47:50,518 alphafold2_ptm_model_2_seed_043 recycle=0 pLDDT=86.7 pTM=0.692
2026-07-23 01:48:04,232 alphafold2_ptm_model_2_seed_043 recycle=1 pLDDT=93.8 pTM=0.772 tol=0.713
2026-07-23 01:48:17,907 alphafold2_ptm_model_2_seed_043 recycle=2 pLDDT=93.8 pTM=0.783 tol=0.123
2026-07-23 01:48:31,701 alphafold2_ptm_model_2_seed_043 recycle=3 pLDDT=94 pTM=0.786 tol=0.0381
2026-07-23 01:48:31,702 alphafold2_ptm_model_2_seed_043 took 55.0s (3 recycles)
2026-07-23 01:48:45,422 alphafold2_ptm_model_3_seed_043 recycle=0 pLDDT=90.5 pTM=0.72
2026-07-23 01:48:59,240 alphafold2_ptm_model_3_seed_043 recycle=1 pLDDT=90.5 pTM=0.729 tol=0.394
2026-07-23 01:49:13,036 alphafold2_ptm_model_3_seed_043 recycle=2 pLDDT=90.6 pTM=0.73 tol=0.0995
2026-07-23 01:49:27,039 alphafold2_ptm_model_3_seed_043 recycle=3 pLDDT=91.4 pTM=0.745 tol=0.0689
2026-07-23 01:49:27,040 alphafold2_ptm_model_3_seed_043 took 55.2s (3 recycles)
2026-07-23 01:49:41,071 alphafold2_ptm_model_4_seed_043 recycle=0 pLDDT=89.9 pTM=0.722
2026-07-23 01:49:54,677 alphafold2_ptm_model_4_seed_043 recycle=1 pLDDT=91.2 pTM=0.751 tol=0.37
2026-07-23 01:50:08,123 alphafold2_ptm_model_4_seed_043 recycle=2 pLDDT=91.8 pTM=0.761 tol=0.139
2026-07-23 01:50:21,817 alphafold2_ptm_model_4_seed_043 recycle=3 pLDDT=92.4 pTM=0.772 tol=0.0641
2026-07-23 01:50:21,818 alphafold2_ptm_model_4_seed_043 took 54.6s (3 recycles)
2026-07-23 01:50:35,739 alphafold2_ptm_model_5_seed_043 recycle=0 pLDDT=55.7 pTM=0.407
2026-07-23 01:50:49,809 alphafold2_ptm_model_5_seed_043 recycle=1 pLDDT=91.7 pTM=0.751 tol=2.93
2026-07-23 01:51:03,956 alphafold2_ptm_model_5_seed_043 recycle=2 pLDDT=92.6 pTM=0.763 tol=0.334
2026-07-23 01:51:17,764 alphafold2_ptm_model_5_seed_043 recycle=3 pLDDT=92.9 pTM=0.766 tol=0.0948
2026-07-23 01:51:17,765 alphafold2_ptm_model_5_seed_043 took 55.9s (3 recycles)
2026-07-23 01:51:19,723 Padding length to 82
2026-07-23 01:51:33,527 alphafold2_ptm_model_1_seed_044 recycle=0 pLDDT=88.8 pTM=0.676
2026-07-23 01:51:47,169 alphafold2_ptm_model_1_seed_044 recycle=1 pLDDT=91 pTM=0.731 tol=0.26
2026-07-23 01:52:00,658 alphafold2_ptm_model_1_seed_044 recycle=2 pLDDT=90.9 pTM=0.732 tol=0.119
2026-07-23 01:52:14,516 alphafold2_ptm_model_1_seed_044 recycle=3 pLDDT=91.2 pTM=0.733 tol=0.0434
2026-07-23 01:52:14,517 alphafold2_ptm_model_1_seed_044 took 54.8s (3 recycles)
2026-07-23 01:52:28,492 alphafold2_ptm_model_2_seed_044 recycle=0 pLDDT=80 pTM=0.604
2026-07-23 01:52:42,014 alphafold2_ptm_model_2_seed_044 recycle=1 pLDDT=94 pTM=0.771 tol=0.967
2026-07-23 01:52:55,634 alphafold2_ptm_model_2_seed_044 recycle=2 pLDDT=93.9 pTM=0.784 tol=0.125
2026-07-23 01:53:09,131 alphafold2_ptm_model_2_seed_044 recycle=3 pLDDT=94.2 pTM=0.787 tol=0.0361
2026-07-23 01:53:09,132 alphafold2_ptm_model_2_seed_044 took 54.6s (3 recycles)
2026-07-23 01:53:22,930 alphafold2_ptm_model_3_seed_044 recycle=0 pLDDT=90.4 pTM=0.711
2026-07-23 01:53:36,647 alphafold2_ptm_model_3_seed_044 recycle=1 pLDDT=89.9 pTM=0.711 tol=0.412
2026-07-23 01:53:50,263 alphafold2_ptm_model_3_seed_044 recycle=2 pLDDT=90.7 pTM=0.73 tol=0.0997
2026-07-23 01:54:04,199 alphafold2_ptm_model_3_seed_044 recycle=3 pLDDT=91.2 pTM=0.746 tol=0.0601
2026-07-23 01:54:04,200 alphafold2_ptm_model_3_seed_044 took 55.0s (3 recycles)
2026-07-23 01:54:17,787 alphafold2_ptm_model_4_seed_044 recycle=0 pLDDT=90.7 pTM=0.734
2026-07-23 01:54:31,073 alphafold2_ptm_model_4_seed_044 recycle=1 pLDDT=91.4 pTM=0.754 tol=0.364
2026-07-23 01:54:44,580 alphafold2_ptm_model_4_seed_044 recycle=2 pLDDT=92 pTM=0.767 tol=0.138
2026-07-23 01:54:58,032 alphafold2_ptm_model_4_seed_044 recycle=3 pLDDT=92.6 pTM=0.777 tol=0.0464
2026-07-23 01:54:58,034 alphafold2_ptm_model_4_seed_044 took 53.8s (3 recycles)
2026-07-23 01:55:11,328 alphafold2_ptm_model_5_seed_044 recycle=0 pLDDT=56.8 pTM=0.391
2026-07-23 01:55:24,646 alphafold2_ptm_model_5_seed_044 recycle=1 pLDDT=92.1 pTM=0.752 tol=3.53
2026-07-23 01:55:37,807 alphafold2_ptm_model_5_seed_044 recycle=2 pLDDT=93.1 pTM=0.771 tol=0.305
2026-07-23 01:55:50,981 alphafold2_ptm_model_5_seed_044 recycle=3 pLDDT=93 pTM=0.769 tol=0.108
2026-07-23 01:55:50,982 alphafold2_ptm_model_5_seed_044 took 52.9s (3 recycles)
2026-07-23 01:55:51,030 reranking models by 'plddt' metric
2026-07-23 01:55:51,030 rank_001_alphafold2_ptm_model_2_seed_044 pLDDT=94.2 pTM=0.787
2026-07-23 01:55:51,032 rank_002_alphafold2_ptm_model_2_seed_043 pLDDT=94 pTM=0.786
2026-07-23 01:55:51,034 rank_003_alphafold2_ptm_model_2_seed_042 pLDDT=94 pTM=0.784
2026-07-23 01:55:51,036 rank_004_alphafold2_ptm_model_5_seed_044 pLDDT=93 pTM=0.769
2026-07-23 01:55:51,038 rank_005_alphafold2_ptm_model_5_seed_043 pLDDT=92.9 pTM=0.766
2026-07-23 01:55:51,039 rank_006_alphafold2_ptm_model_4_seed_044 pLDDT=92.6 pTM=0.777
2026-07-23 01:55:51,041 rank_007_alphafold2_ptm_model_5_seed_042 pLDDT=92.5 pTM=0.762
2026-07-23 01:55:51,042 rank_008_alphafold2_ptm_model_4_seed_043 pLDDT=92.4 pTM=0.772
2026-07-23 01:55:51,043 rank_009_alphafold2_ptm_model_3_seed_043 pLDDT=91.4 pTM=0.745
2026-07-23 01:55:51,045 rank_010_alphafold2_ptm_model_4_seed_042 pLDDT=91.4 pTM=0.754
2026-07-23 01:55:51,046 rank_011_alphafold2_ptm_model_3_seed_042 pLDDT=91.4 pTM=0.746
2026-07-23 01:55:51,048 rank_012_alphafold2_ptm_model_3_seed_044 pLDDT=91.2 pTM=0.746
2026-07-23 01:55:51,050 rank_013_alphafold2_ptm_model_1_seed_044 pLDDT=91.2 pTM=0.733
2026-07-23 01:55:51,051 rank_014_alphafold2_ptm_model_1_seed_042 pLDDT=91.2 pTM=0.736
2026-07-23 01:55:51,053 rank_015_alphafold2_ptm_model_1_seed_043 pLDDT=90.9 pTM=0.729
2026-07-23 01:55:54,467 Query 28/723: 5KPH_6_4_4_0_combined_id0 (length 72)
2026-07-23 01:55:57,556 Padding length to 82
2026-07-23 01:56:11,001 alphafold2_ptm_model_1_seed_042 recycle=0 pLDDT=84.9 pTM=0.612
2026-07-23 01:56:24,434 alphafold2_ptm_model_1_seed_042 recycle=1 pLDDT=84.9 pTM=0.635 tol=0.179
2026-07-23 01:56:37,859 alphafold2_ptm_model_1_seed_042 recycle=2 pLDDT=85.6 pTM=0.647 tol=0.147
2026-07-23 01:56:51,558 alphafold2_ptm_model_1_seed_042 recycle=3 pLDDT=85.7 pTM=0.649 tol=0.0434
2026-07-23 01:56:51,559 alphafold2_ptm_model_1_seed_042 took 54.0s (3 recycles)
2026-07-23 01:57:04,859 alphafold2_ptm_model_2_seed_042 recycle=0 pLDDT=89.2 pTM=0.701
2026-07-23 01:57:16,634 alphafold2_ptm_model_2_seed_042 recycle=1 pLDDT=88.8 pTM=0.693 tol=0.372
2026-07-23 01:57:28,102 alphafold2_ptm_model_2_seed_042 recycle=2 pLDDT=88.6 pTM=0.693 tol=0.0695
2026-07-23 01:57:39,409 alphafold2_ptm_model_2_seed_042 recycle=3 pLDDT=88.2 pTM=0.687 tol=0.113
2026-07-23 01:57:39,410 alphafold2_ptm_model_2_seed_042 took 47.8s (3 recycles)
2026-07-23 01:57:50,920 alphafold2_ptm_model_3_seed_042 recycle=0 pLDDT=81.8 pTM=0.572
2026-07-23 01:58:02,283 alphafold2_ptm_model_3_seed_042 recycle=1 pLDDT=84.3 pTM=0.614 tol=0.396
2026-07-23 01:58:13,756 alphafold2_ptm_model_3_seed_042 recycle=2 pLDDT=84.9 pTM=0.62 tol=0.143
2026-07-23 01:58:25,665 alphafold2_ptm_model_3_seed_042 recycle=3 pLDDT=85.3 pTM=0.627 tol=0.126
2026-07-23 01:58:25,666 alphafold2_ptm_model_3_seed_042 took 46.2s (3 recycles)
2026-07-23 01:58:37,281 alphafold2_ptm_model_4_seed_042 recycle=0 pLDDT=85.1 pTM=0.635
2026-07-23 01:58:48,811 alphafold2_ptm_model_4_seed_042 recycle=1 pLDDT=84.3 pTM=0.631 tol=0.574
2026-07-23 01:59:00,562 alphafold2_ptm_model_4_seed_042 recycle=2 pLDDT=83.9 pTM=0.632 tol=0.19
2026-07-23 01:59:12,137 alphafold2_ptm_model_4_seed_042 recycle=3 pLDDT=83.4 pTM=0.628 tol=0.147
2026-07-23 01:59:12,137 alphafold2_ptm_model_4_seed_042 took 46.4s (3 recycles)
2026-07-23 01:59:23,695 alphafold2_ptm_model_5_seed_042 recycle=0 pLDDT=80.9 pTM=0.592
2026-07-23 01:59:35,303 alphafold2_ptm_model_5_seed_042 recycle=1 pLDDT=83.8 pTM=0.632 tol=0.379
2026-07-23 01:59:46,801 alphafold2_ptm_model_5_seed_042 recycle=2 pLDDT=84.1 pTM=0.638 tol=0.123
2026-07-23 01:59:58,498 alphafold2_ptm_model_5_seed_042 recycle=3 pLDDT=84.5 pTM=0.642 tol=0.11
2026-07-23 01:59:58,499 alphafold2_ptm_model_5_seed_042 took 46.3s (3 recycles)
2026-07-23 01:59:59,719 Padding length to 82
2026-07-23 02:00:11,300 alphafold2_ptm_model_1_seed_043 recycle=0 pLDDT=84.6 pTM=0.607
2026-07-23 02:00:22,717 alphafold2_ptm_model_1_seed_043 recycle=1 pLDDT=84.9 pTM=0.638 tol=0.156
2026-07-23 02:00:34,436 alphafold2_ptm_model_1_seed_043 recycle=2 pLDDT=85.8 pTM=0.65 tol=0.113
2026-07-23 02:00:45,931 alphafold2_ptm_model_1_seed_043 recycle=3 pLDDT=85.2 pTM=0.642 tol=0.0522
2026-07-23 02:00:45,932 alphafold2_ptm_model_1_seed_043 took 46.2s (3 recycles)
2026-07-23 02:00:57,565 alphafold2_ptm_model_2_seed_043 recycle=0 pLDDT=90 pTM=0.709
2026-07-23 02:01:09,140 alphafold2_ptm_model_2_seed_043 recycle=1 pLDDT=87.8 pTM=0.68 tol=0.437
2026-07-23 02:01:20,701 alphafold2_ptm_model_2_seed_043 recycle=2 pLDDT=88.6 pTM=0.693 tol=0.157
2026-07-23 02:01:32,080 alphafold2_ptm_model_2_seed_043 recycle=3 pLDDT=87.5 pTM=0.679 tol=0.226
2026-07-23 02:01:32,080 alphafold2_ptm_model_2_seed_043 took 46.1s (3 recycles)
2026-07-23 02:01:43,630 alphafold2_ptm_model_3_seed_043 recycle=0 pLDDT=81.6 pTM=0.571
2026-07-23 02:01:55,139 alphafold2_ptm_model_3_seed_043 recycle=1 pLDDT=84.1 pTM=0.613 tol=0.357
2026-07-23 02:02:06,713 alphafold2_ptm_model_3_seed_043 recycle=2 pLDDT=84.6 pTM=0.617 tol=0.136
2026-07-23 02:02:18,103 alphafold2_ptm_model_3_seed_043 recycle=3 pLDDT=85.2 pTM=0.626 tol=0.136
2026-07-23 02:02:18,104 alphafold2_ptm_model_3_seed_043 took 46.0s (3 recycles)
2026-07-23 02:02:29,555 alphafold2_ptm_model_4_seed_043 recycle=0 pLDDT=86 pTM=0.651
2026-07-23 02:02:40,962 alphafold2_ptm_model_4_seed_043 recycle=1 pLDDT=84.6 pTM=0.634 tol=0.576
2026-07-23 02:02:52,376 alphafold2_ptm_model_4_seed_043 recycle=2 pLDDT=84.1 pTM=0.631 tol=0.125
2026-07-23 02:03:03,896 alphafold2_ptm_model_4_seed_043 recycle=3 pLDDT=83.5 pTM=0.627 tol=0.112
2026-07-23 02:03:03,897 alphafold2_ptm_model_4_seed_043 took 45.8s (3 recycles)
2026-07-23 02:03:15,600 alphafold2_ptm_model_5_seed_043 recycle=0 pLDDT=81.4 pTM=0.594
2026-07-23 02:03:27,100 alphafold2_ptm_model_5_seed_043 recycle=1 pLDDT=85 pTM=0.639 tol=0.285
2026-07-23 02:03:38,932 alphafold2_ptm_model_5_seed_043 recycle=2 pLDDT=85 pTM=0.639 tol=0.151
2026-07-23 02:03:50,583 alphafold2_ptm_model_5_seed_043 recycle=3 pLDDT=85.4 pTM=0.643 tol=0.103
2026-07-23 02:03:50,584 alphafold2_ptm_model_5_seed_043 took 46.6s (3 recycles)
2026-07-23 02:03:51,850 Padding length to 82
2026-07-23 02:04:04,257 alphafold2_ptm_model_1_seed_044 recycle=0 pLDDT=84.6 pTM=0.607
2026-07-23 02:04:16,514 alphafold2_ptm_model_1_seed_044 recycle=1 pLDDT=85 pTM=0.637 tol=0.165
2026-07-23 02:04:28,394 alphafold2_ptm_model_1_seed_044 recycle=2 pLDDT=86.1 pTM=0.655 tol=0.141
2026-07-23 02:04:40,152 alphafold2_ptm_model_1_seed_044 recycle=3 pLDDT=85.1 pTM=0.643 tol=0.101
2026-07-23 02:04:40,153 alphafold2_ptm_model_1_seed_044 took 48.3s (3 recycles)
2026-07-23 02:04:52,281 alphafold2_ptm_model_2_seed_044 recycle=0 pLDDT=89.6 pTM=0.705
2026-07-23 02:05:04,086 alphafold2_ptm_model_2_seed_044 recycle=1 pLDDT=88.1 pTM=0.684 tol=0.373
2026-07-23 02:05:15,683 alphafold2_ptm_model_2_seed_044 recycle=2 pLDDT=88.8 pTM=0.696 tol=0.13
2026-07-23 02:05:27,235 alphafold2_ptm_model_2_seed_044 recycle=3 pLDDT=87.8 pTM=0.683 tol=0.166
2026-07-23 02:05:27,235 alphafold2_ptm_model_2_seed_044 took 47.1s (3 recycles)
2026-07-23 02:05:38,854 alphafold2_ptm_model_3_seed_044 recycle=0 pLDDT=81.2 pTM=0.566
2026-07-23 02:05:50,529 alphafold2_ptm_model_3_seed_044 recycle=1 pLDDT=83.9 pTM=0.608 tol=0.35
2026-07-23 02:06:02,298 alphafold2_ptm_model_3_seed_044 recycle=2 pLDDT=84.8 pTM=0.618 tol=0.128
2026-07-23 02:06:14,084 alphafold2_ptm_model_3_seed_044 recycle=3 pLDDT=85.1 pTM=0.627 tol=0.116
2026-07-23 02:06:14,086 alphafold2_ptm_model_3_seed_044 took 46.8s (3 recycles)
2026-07-23 02:06:26,088 alphafold2_ptm_model_4_seed_044 recycle=0 pLDDT=84.4 pTM=0.624
2026-07-23 02:06:37,886 alphafold2_ptm_model_4_seed_044 recycle=1 pLDDT=83.8 pTM=0.625 tol=0.507
2026-07-23 02:06:49,762 alphafold2_ptm_model_4_seed_044 recycle=2 pLDDT=83.6 pTM=0.63 tol=0.125
2026-07-23 02:07:01,588 alphafold2_ptm_model_4_seed_044 recycle=3 pLDDT=83.2 pTM=0.627 tol=0.0836
2026-07-23 02:07:01,589 alphafold2_ptm_model_4_seed_044 took 47.5s (3 recycles)
2026-07-23 02:07:13,457 alphafold2_ptm_model_5_seed_044 recycle=0 pLDDT=80.9 pTM=0.59
2026-07-23 02:07:25,244 alphafold2_ptm_model_5_seed_044 recycle=1 pLDDT=84.4 pTM=0.634 tol=0.365
2026-07-23 02:07:37,171 alphafold2_ptm_model_5_seed_044 recycle=2 pLDDT=84.7 pTM=0.637 tol=0.152
2026-07-23 02:07:49,006 alphafold2_ptm_model_5_seed_044 recycle=3 pLDDT=85.1 pTM=0.642 tol=0.0718
2026-07-23 02:07:49,008 alphafold2_ptm_model_5_seed_044 took 47.4s (3 recycles)
2026-07-23 02:07:49,061 reranking models by 'plddt' metric
2026-07-23 02:07:49,062 rank_001_alphafold2_ptm_model_2_seed_042 pLDDT=88.2 pTM=0.687
2026-07-23 02:07:49,064 rank_002_alphafold2_ptm_model_2_seed_044 pLDDT=87.8 pTM=0.683
2026-07-23 02:07:49,065 rank_003_alphafold2_ptm_model_2_seed_043 pLDDT=87.5 pTM=0.679
2026-07-23 02:07:49,067 rank_004_alphafold2_ptm_model_1_seed_042 pLDDT=85.7 pTM=0.649
2026-07-23 02:07:49,068 rank_005_alphafold2_ptm_model_5_seed_043 pLDDT=85.4 pTM=0.643
2026-07-23 02:07:49,070 rank_006_alphafold2_ptm_model_3_seed_042 pLDDT=85.3 pTM=0.627
2026-07-23 02:07:49,072 rank_007_alphafold2_ptm_model_3_seed_043 pLDDT=85.2 pTM=0.626
2026-07-23 02:07:49,074 rank_008_alphafold2_ptm_model_1_seed_043 pLDDT=85.2 pTM=0.642
2026-07-23 02:07:49,076 rank_009_alphafold2_ptm_model_5_seed_044 pLDDT=85.1 pTM=0.642
2026-07-23 02:07:49,078 rank_010_alphafold2_ptm_model_3_seed_044 pLDDT=85.1 pTM=0.627
2026-07-23 02:07:49,080 rank_011_alphafold2_ptm_model_1_seed_044 pLDDT=85.1 pTM=0.643
2026-07-23 02:07:49,081 rank_012_alphafold2_ptm_model_5_seed_042 pLDDT=84.5 pTM=0.642
2026-07-23 02:07:49,082 rank_013_alphafold2_ptm_model_4_seed_043 pLDDT=83.5 pTM=0.627
2026-07-23 02:07:49,084 rank_014_alphafold2_ptm_model_4_seed_042 pLDDT=83.4 pTM=0.628
2026-07-23 02:07:49,086 rank_015_alphafold2_ptm_model_4_seed_044 pLDDT=83.2 pTM=0.627
2026-07-23 02:07:52,201 Query 29/723: 5KPH_4_2_0_0_combined_id2 (length 72)
2026-07-23 02:07:54,388 Padding length to 82
2026-07-23 02:08:16,462 alphafold2_ptm_model_1_seed_042 recycle=0 pLDDT=93.9 pTM=0.777
2026-07-23 02:08:31,668 alphafold2_ptm_model_1_seed_042 recycle=1 pLDDT=94.9 pTM=0.804 tol=0.129
2026-07-23 02:08:44,556 alphafold2_ptm_model_1_seed_042 recycle=2 pLDDT=95 pTM=0.808 tol=0.0467
2026-07-23 02:08:57,294 alphafold2_ptm_model_1_seed_042 recycle=3 pLDDT=95.1 pTM=0.81 tol=0.0178
2026-07-23 02:08:57,294 alphafold2_ptm_model_1_seed_042 took 62.9s (3 recycles)
2026-07-23 02:09:10,208 alphafold2_ptm_model_2_seed_042 recycle=0 pLDDT=95.5 pTM=0.81
2026-07-23 02:09:23,009 alphafold2_ptm_model_2_seed_042 recycle=1 pLDDT=96.2 pTM=0.833 tol=0.101
2026-07-23 02:09:35,994 alphafold2_ptm_model_2_seed_042 recycle=2 pLDDT=96.3 pTM=0.835 tol=0.0321
2026-07-23 02:09:49,067 alphafold2_ptm_model_2_seed_042 recycle=3 pLDDT=96.4 pTM=0.836 tol=0.017
2026-07-23 02:09:49,067 alphafold2_ptm_model_2_seed_042 took 51.7s (3 recycles)
2026-07-23 02:10:02,612 alphafold2_ptm_model_3_seed_042 recycle=0 pLDDT=93.2 pTM=0.782
2026-07-23 02:10:25,766 alphafold2_ptm_model_3_seed_042 recycle=1 pLDDT=94.1 pTM=0.795 tol=0.202
2026-07-23 02:10:39,440 alphafold2_ptm_model_3_seed_042 recycle=2 pLDDT=94.9 pTM=0.805 tol=0.0485
2026-07-23 02:10:53,510 alphafold2_ptm_model_3_seed_042 recycle=3 pLDDT=95.5 pTM=0.812 tol=0.0416
2026-07-23 02:10:53,510 alphafold2_ptm_model_3_seed_042 took 64.4s (3 recycles)
2026-07-23 02:11:06,991 alphafold2_ptm_model_4_seed_042 recycle=0 pLDDT=93.9 pTM=0.802
2026-07-23 02:11:21,192 alphafold2_ptm_model_4_seed_042 recycle=1 pLDDT=94.6 pTM=0.818 tol=0.162
2026-07-23 02:11:35,120 alphafold2_ptm_model_4_seed_042 recycle=2 pLDDT=94.8 pTM=0.82 tol=0.03
2026-07-23 02:11:49,153 alphafold2_ptm_model_4_seed_042 recycle=3 pLDDT=94.9 pTM=0.82 tol=0.0227
2026-07-23 02:11:49,154 alphafold2_ptm_model_4_seed_042 took 55.6s (3 recycles)
2026-07-23 02:12:03,545 alphafold2_ptm_model_5_seed_042 recycle=0 pLDDT=94.1 pTM=0.796
2026-07-23 02:12:17,937 alphafold2_ptm_model_5_seed_042 recycle=1 pLDDT=94.6 pTM=0.809 tol=0.165
2026-07-23 02:12:32,504 alphafold2_ptm_model_5_seed_042 recycle=2 pLDDT=95.1 pTM=0.814 tol=0.0434
2026-07-23 02:12:46,827 alphafold2_ptm_model_5_seed_042 recycle=3 pLDDT=95.4 pTM=0.816 tol=0.0328
2026-07-23 02:12:46,829 alphafold2_ptm_model_5_seed_042 took 57.6s (3 recycles)
2026-07-23 02:12:48,992 Padding length to 82
2026-07-23 02:13:03,131 alphafold2_ptm_model_1_seed_043 recycle=0 pLDDT=94.1 pTM=0.782
2026-07-23 02:13:16,922 alphafold2_ptm_model_1_seed_043 recycle=1 pLDDT=94.9 pTM=0.805 tol=0.123
2026-07-23 02:13:31,065 alphafold2_ptm_model_1_seed_043 recycle=2 pLDDT=95.1 pTM=0.81 tol=0.0547
2026-07-23 02:13:45,384 alphafold2_ptm_model_1_seed_043 recycle=3 pLDDT=95 pTM=0.808 tol=0.0216
2026-07-23 02:13:45,385 alphafold2_ptm_model_1_seed_043 took 56.4s (3 recycles)
2026-07-23 02:13:59,704 alphafold2_ptm_model_2_seed_043 recycle=0 pLDDT=95.3 pTM=0.806
2026-07-23 02:14:13,674 alphafold2_ptm_model_2_seed_043 recycle=1 pLDDT=96.2 pTM=0.835 tol=0.112
2026-07-23 02:14:27,778 alphafold2_ptm_model_2_seed_043 recycle=2 pLDDT=96.4 pTM=0.836 tol=0.0352
2026-07-23 02:14:42,091 alphafold2_ptm_model_2_seed_043 recycle=3 pLDDT=96.4 pTM=0.835 tol=0.0201
2026-07-23 02:14:42,092 alphafold2_ptm_model_2_seed_043 took 56.7s (3 recycles)
2026-07-23 02:14:56,302 alphafold2_ptm_model_3_seed_043 recycle=0 pLDDT=93.2 pTM=0.784
2026-07-23 02:15:10,627 alphafold2_ptm_model_3_seed_043 recycle=1 pLDDT=94.1 pTM=0.797 tol=0.201
2026-07-23 02:15:24,706 alphafold2_ptm_model_3_seed_043 recycle=2 pLDDT=94.6 pTM=0.802 tol=0.0534
2026-07-23 02:15:38,598 alphafold2_ptm_model_3_seed_043 recycle=3 pLDDT=95.3 pTM=0.809 tol=0.05
2026-07-23 02:15:38,600 alphafold2_ptm_model_3_seed_043 took 56.5s (3 recycles)
2026-07-23 02:15:52,965 alphafold2_ptm_model_4_seed_043 recycle=0 pLDDT=93.6 pTM=0.797
2026-07-23 02:16:07,859 alphafold2_ptm_model_4_seed_043 recycle=1 pLDDT=94.7 pTM=0.819 tol=0.148
2026-07-23 02:16:25,787 alphafold2_ptm_model_4_seed_043 recycle=2 pLDDT=94.8 pTM=0.819 tol=0.0269
2026-07-23 02:16:40,072 alphafold2_ptm_model_4_seed_043 recycle=3 pLDDT=94.8 pTM=0.82 tol=0.0209
2026-07-23 02:16:40,073 alphafold2_ptm_model_4_seed_043 took 61.4s (3 recycles)
2026-07-23 02:16:54,415 alphafold2_ptm_model_5_seed_043 recycle=0 pLDDT=93.6 pTM=0.792
2026-07-23 02:17:08,706 alphafold2_ptm_model_5_seed_043 recycle=1 pLDDT=94.8 pTM=0.809 tol=0.168
2026-07-23 02:17:22,932 alphafold2_ptm_model_5_seed_043 recycle=2 pLDDT=95.2 pTM=0.812 tol=0.0441
2026-07-23 02:17:37,386 alphafold2_ptm_model_5_seed_043 recycle=3 pLDDT=95.5 pTM=0.815 tol=0.0264
2026-07-23 02:17:37,386 alphafold2_ptm_model_5_seed_043 took 57.3s (3 recycles)
2026-07-23 02:17:39,529 Padding length to 82
2026-07-23 02:17:53,676 alphafold2_ptm_model_1_seed_044 recycle=0 pLDDT=94 pTM=0.778
2026-07-23 02:18:07,589 alphafold2_ptm_model_1_seed_044 recycle=1 pLDDT=94.9 pTM=0.805 tol=0.123
2026-07-23 02:18:21,252 alphafold2_ptm_model_1_seed_044 recycle=2 pLDDT=95 pTM=0.809 tol=0.0484
2026-07-23 02:18:35,005 alphafold2_ptm_model_1_seed_044 recycle=3 pLDDT=95.1 pTM=0.81 tol=0.0211
2026-07-23 02:18:35,006 alphafold2_ptm_model_1_seed_044 took 55.5s (3 recycles)
2026-07-23 02:18:49,201 alphafold2_ptm_model_2_seed_044 recycle=0 pLDDT=95.6 pTM=0.81
2026-07-23 02:19:03,503 alphafold2_ptm_model_2_seed_044 recycle=1 pLDDT=96.1 pTM=0.833 tol=0.0975
2026-07-23 02:19:17,638 alphafold2_ptm_model_2_seed_044 recycle=2 pLDDT=96.3 pTM=0.835 tol=0.0333
2026-07-23 02:19:31,051 alphafold2_ptm_model_2_seed_044 recycle=3 pLDDT=96.4 pTM=0.835 tol=0.0171
2026-07-23 02:19:31,052 alphafold2_ptm_model_2_seed_044 took 56.0s (3 recycles)
2026-07-23 02:19:43,798 alphafold2_ptm_model_3_seed_044 recycle=0 pLDDT=93.1 pTM=0.779
2026-07-23 02:19:57,824 alphafold2_ptm_model_3_seed_044 recycle=1 pLDDT=94 pTM=0.794 tol=0.188
2026-07-23 02:20:10,456 alphafold2_ptm_model_3_seed_044 recycle=2 pLDDT=94.6 pTM=0.803 tol=0.053
2026-07-23 02:20:22,932 alphafold2_ptm_model_3_seed_044 recycle=3 pLDDT=95.3 pTM=0.808 tol=0.0526
2026-07-23 02:20:22,933 alphafold2_ptm_model_3_seed_044 took 51.8s (3 recycles)
2026-07-23 02:20:35,291 alphafold2_ptm_model_4_seed_044 recycle=0 pLDDT=93.8 pTM=0.8
2026-07-23 02:20:48,017 alphafold2_ptm_model_4_seed_044 recycle=1 pLDDT=94.5 pTM=0.817 tol=0.156
2026-07-23 02:21:00,659 alphafold2_ptm_model_4_seed_044 recycle=2 pLDDT=94.7 pTM=0.818 tol=0.0306
2026-07-23 02:21:13,063 alphafold2_ptm_model_4_seed_044 recycle=3 pLDDT=94.8 pTM=0.82 tol=0.0233
2026-07-23 02:21:13,064 alphafold2_ptm_model_4_seed_044 took 50.1s (3 recycles)
2026-07-23 02:21:25,760 alphafold2_ptm_model_5_seed_044 recycle=0 pLDDT=93.6 pTM=0.79
2026-07-23 02:21:38,209 alphafold2_ptm_model_5_seed_044 recycle=1 pLDDT=94.8 pTM=0.808 tol=0.168
2026-07-23 02:21:50,375 alphafold2_ptm_model_5_seed_044 recycle=2 pLDDT=95.2 pTM=0.812 tol=0.0448
2026-07-23 02:22:03,193 alphafold2_ptm_model_5_seed_044 recycle=3 pLDDT=95.5 pTM=0.815 tol=0.0226
2026-07-23 02:22:03,194 alphafold2_ptm_model_5_seed_044 took 50.1s (3 recycles)
2026-07-23 02:22:03,253 reranking models by 'plddt' metric
2026-07-23 02:22:03,253 rank_001_alphafold2_ptm_model_2_seed_042 pLDDT=96.4 pTM=0.836
2026-07-23 02:22:03,256 rank_002_alphafold2_ptm_model_2_seed_044 pLDDT=96.4 pTM=0.835
2026-07-23 02:22:03,258 rank_003_alphafold2_ptm_model_2_seed_043 pLDDT=96.4 pTM=0.835
2026-07-23 02:22:03,261 rank_004_alphafold2_ptm_model_5_seed_044 pLDDT=95.5 pTM=0.815
2026-07-23 02:22:03,262 rank_005_alphafold2_ptm_model_5_seed_043 pLDDT=95.5 pTM=0.815
2026-07-23 02:22:03,264 rank_006_alphafold2_ptm_model_3_seed_042 pLDDT=95.5 pTM=0.812
2026-07-23 02:22:03,266 rank_007_alphafold2_ptm_model_5_seed_042 pLDDT=95.4 pTM=0.816
2026-07-23 02:22:03,268 rank_008_alphafold2_ptm_model_3_seed_044 pLDDT=95.3 pTM=0.808
2026-07-23 02:22:03,269 rank_009_alphafold2_ptm_model_3_seed_043 pLDDT=95.3 pTM=0.809
2026-07-23 02:22:03,271 rank_010_alphafold2_ptm_model_1_seed_044 pLDDT=95.1 pTM=0.81
2026-07-23 02:22:03,273 rank_011_alphafold2_ptm_model_1_seed_042 pLDDT=95.1 pTM=0.81
2026-07-23 02:22:03,274 rank_012_alphafold2_ptm_model_1_seed_043 pLDDT=95 pTM=0.808
2026-07-23 02:22:03,276 rank_013_alphafold2_ptm_model_4_seed_042 pLDDT=94.9 pTM=0.82
2026-07-23 02:22:03,279 rank_014_alphafold2_ptm_model_4_seed_044 pLDDT=94.8 pTM=0.82
2026-07-23 02:22:03,280 rank_015_alphafold2_ptm_model_4_seed_043 pLDDT=94.8 pTM=0.82
2026-07-23 02:22:07,170 Query 30/723: 5KPH_4_2_0_0_combined_id9 (length 72)
2026-07-23 02:22:10,293 Padding length to 82
2026-07-23 02:22:23,038 alphafold2_ptm_model_1_seed_042 recycle=0 pLDDT=92.9 pTM=0.758
2026-07-23 02:22:35,419 alphafold2_ptm_model_1_seed_042 recycle=1 pLDDT=94.1 pTM=0.792 tol=0.105
2026-07-23 02:22:47,900 alphafold2_ptm_model_1_seed_042 recycle=2 pLDDT=94.3 pTM=0.799 tol=0.0473
2026-07-23 02:23:00,301 alphafold2_ptm_model_1_seed_042 recycle=3 pLDDT=94.4 pTM=0.801 tol=0.0223
2026-07-23 02:23:00,302 alphafold2_ptm_model_1_seed_042 took 50.0s (3 recycles)
2026-07-23 02:23:13,113 alphafold2_ptm_model_2_seed_042 recycle=0 pLDDT=94.8 pTM=0.801
2026-07-23 02:23:25,265 alphafold2_ptm_model_2_seed_042 recycle=1 pLDDT=95.4 pTM=0.825 tol=0.0842
2026-07-23 02:23:37,813 alphafold2_ptm_model_2_seed_042 recycle=2 pLDDT=95.4 pTM=0.826 tol=0.0321
2026-07-23 02:23:50,131 alphafold2_ptm_model_2_seed_042 recycle=3 pLDDT=95.5 pTM=0.826 tol=0.0179
2026-07-23 02:23:50,132 alphafold2_ptm_model_2_seed_042 took 49.8s (3 recycles)
2026-07-23 02:24:02,469 alphafold2_ptm_model_3_seed_042 recycle=0 pLDDT=93.2 pTM=0.773
2026-07-23 02:24:19,481 alphafold2_ptm_model_3_seed_042 recycle=1 pLDDT=93.9 pTM=0.789 tol=0.109
2026-07-23 02:24:32,378 alphafold2_ptm_model_3_seed_042 recycle=2 pLDDT=94.2 pTM=0.792 tol=0.0569
2026-07-23 02:24:45,361 alphafold2_ptm_model_3_seed_042 recycle=3 pLDDT=94.4 pTM=0.799 tol=0.0427
2026-07-23 02:24:45,362 alphafold2_ptm_model_3_seed_042 took 55.2s (3 recycles)
2026-07-23 02:24:58,106 alphafold2_ptm_model_4_seed_042 recycle=0 pLDDT=93.8 pTM=0.801
2026-07-23 02:25:10,823 alphafold2_ptm_model_4_seed_042 recycle=1 pLDDT=94.8 pTM=0.815 tol=0.088
2026-07-23 02:25:23,756 alphafold2_ptm_model_4_seed_042 recycle=2 pLDDT=94.7 pTM=0.814 tol=0.0375
2026-07-23 02:25:36,339 alphafold2_ptm_model_4_seed_042 recycle=3 pLDDT=94.8 pTM=0.814 tol=0.0267
2026-07-23 02:25:36,340 alphafold2_ptm_model_4_seed_042 took 50.9s (3 recycles)
2026-07-23 02:25:48,708 alphafold2_ptm_model_5_seed_042 recycle=0 pLDDT=93.4 pTM=0.791
2026-07-23 02:26:01,253 alphafold2_ptm_model_5_seed_042 recycle=1 pLDDT=93.9 pTM=0.8 tol=0.119
2026-07-23 02:26:17,428 alphafold2_ptm_model_5_seed_042 recycle=2 pLDDT=93.9 pTM=0.8 tol=0.0357
2026-07-23 02:26:31,305 alphafold2_ptm_model_5_seed_042 recycle=3 pLDDT=94 pTM=0.801 tol=0.0338
2026-07-23 02:26:31,306 alphafold2_ptm_model_5_seed_042 took 54.9s (3 recycles)
2026-07-23 02:26:33,112 Padding length to 82
2026-07-23 02:26:47,125 alphafold2_ptm_model_1_seed_043 recycle=0 pLDDT=93.2 pTM=0.764
2026-07-23 02:27:00,908 alphafold2_ptm_model_1_seed_043 recycle=1 pLDDT=94.1 pTM=0.794 tol=0.0922
2026-07-23 02:27:14,483 alphafold2_ptm_model_1_seed_043 recycle=2 pLDDT=94.3 pTM=0.8 tol=0.0463
2026-07-23 02:27:28,097 alphafold2_ptm_model_1_seed_043 recycle=3 pLDDT=94.3 pTM=0.8 tol=0.0227
2026-07-23 02:27:28,098 alphafold2_ptm_model_1_seed_043 took 55.0s (3 recycles)
2026-07-23 02:27:41,589 alphafold2_ptm_model_2_seed_043 recycle=0 pLDDT=94.8 pTM=0.8
2026-07-23 02:27:54,873 alphafold2_ptm_model_2_seed_043 recycle=1 pLDDT=95.4 pTM=0.826 tol=0.0857
2026-07-23 02:28:08,397 alphafold2_ptm_model_2_seed_043 recycle=2 pLDDT=95.4 pTM=0.826 tol=0.0343
2026-07-23 02:28:22,410 alphafold2_ptm_model_2_seed_043 recycle=3 pLDDT=95.4 pTM=0.826 tol=0.0175
2026-07-23 02:28:22,414 alphafold2_ptm_model_2_seed_043 took 54.3s (3 recycles)
2026-07-23 02:28:36,933 alphafold2_ptm_model_3_seed_043 recycle=0 pLDDT=93.1 pTM=0.771
2026-07-23 02:28:50,922 alphafold2_ptm_model_3_seed_043 recycle=1 pLDDT=93.9 pTM=0.789 tol=0.103
2026-07-23 02:29:05,534 alphafold2_ptm_model_3_seed_043 recycle=2 pLDDT=94.1 pTM=0.79 tol=0.0598
2026-07-23 02:29:19,769 alphafold2_ptm_model_3_seed_043 recycle=3 pLDDT=94.3 pTM=0.798 tol=0.0415
2026-07-23 02:29:19,769 alphafold2_ptm_model_3_seed_043 took 57.3s (3 recycles)
2026-07-23 02:29:33,696 alphafold2_ptm_model_4_seed_043 recycle=0 pLDDT=93.6 pTM=0.799
2026-07-23 02:29:47,953 alphafold2_ptm_model_4_seed_043 recycle=1 pLDDT=94.6 pTM=0.814 tol=0.0817
2026-07-23 02:30:02,333 alphafold2_ptm_model_4_seed_043 recycle=2 pLDDT=94.6 pTM=0.814 tol=0.0388
2026-07-23 02:30:16,433 alphafold2_ptm_model_4_seed_043 recycle=3 pLDDT=94.7 pTM=0.814 tol=0.0231
2026-07-23 02:30:16,435 alphafold2_ptm_model_4_seed_043 took 56.6s (3 recycles)
2026-07-23 02:30:30,048 alphafold2_ptm_model_5_seed_043 recycle=0 pLDDT=93.3 pTM=0.789
2026-07-23 02:30:43,728 alphafold2_ptm_model_5_seed_043 recycle=1 pLDDT=93.9 pTM=0.799 tol=0.118
2026-07-23 02:30:57,064 alphafold2_ptm_model_5_seed_043 recycle=2 pLDDT=93.9 pTM=0.8 tol=0.0354
2026-07-23 02:31:10,245 alphafold2_ptm_model_5_seed_043 recycle=3 pLDDT=94 pTM=0.8 tol=0.0248
2026-07-23 02:31:10,246 alphafold2_ptm_model_5_seed_043 took 53.8s (3 recycles)
2026-07-23 02:31:11,537 Padding length to 82
2026-07-23 02:31:24,901 alphafold2_ptm_model_1_seed_044 recycle=0 pLDDT=93.1 pTM=0.762
2026-07-23 02:31:38,425 alphafold2_ptm_model_1_seed_044 recycle=1 pLDDT=93.9 pTM=0.792 tol=0.0989
2026-07-23 02:31:52,127 alphafold2_ptm_model_1_seed_044 recycle=2 pLDDT=94.2 pTM=0.798 tol=0.0459
2026-07-23 02:32:08,824 alphafold2_ptm_model_1_seed_044 recycle=3 pLDDT=94.3 pTM=0.8 tol=0.0183
2026-07-23 02:32:08,825 alphafold2_ptm_model_1_seed_044 took 57.3s (3 recycles)
2026-07-23 02:32:23,737 alphafold2_ptm_model_2_seed_044 recycle=0 pLDDT=94.9 pTM=0.803
2026-07-23 02:32:37,560 alphafold2_ptm_model_2_seed_044 recycle=1 pLDDT=95.4 pTM=0.825 tol=0.0814
2026-07-23 02:32:51,535 alphafold2_ptm_model_2_seed_044 recycle=2 pLDDT=95.4 pTM=0.826 tol=0.0336
2026-07-23 02:33:05,230 alphafold2_ptm_model_2_seed_044 recycle=3 pLDDT=95.4 pTM=0.825 tol=0.0176
2026-07-23 02:33:05,231 alphafold2_ptm_model_2_seed_044 took 56.4s (3 recycles)
2026-07-23 02:33:18,775 alphafold2_ptm_model_3_seed_044 recycle=0 pLDDT=93.1 pTM=0.773
2026-07-23 02:33:32,227 alphafold2_ptm_model_3_seed_044 recycle=1 pLDDT=93.8 pTM=0.787 tol=0.106
2026-07-23 02:33:45,468 alphafold2_ptm_model_3_seed_044 recycle=2 pLDDT=94 pTM=0.789 tol=0.0596
2026-07-23 02:33:58,874 alphafold2_ptm_model_3_seed_044 recycle=3 pLDDT=94.2 pTM=0.797 tol=0.0424
2026-07-23 02:33:58,875 alphafold2_ptm_model_3_seed_044 took 53.6s (3 recycles)
2026-07-23 02:34:13,829 alphafold2_ptm_model_4_seed_044 recycle=0 pLDDT=93.8 pTM=0.8
2026-07-23 02:34:26,956 alphafold2_ptm_model_4_seed_044 recycle=1 pLDDT=94.6 pTM=0.813 tol=0.085
2026-07-23 02:34:40,645 alphafold2_ptm_model_4_seed_044 recycle=2 pLDDT=94.6 pTM=0.813 tol=0.0383
2026-07-23 02:34:54,352 alphafold2_ptm_model_4_seed_044 recycle=3 pLDDT=94.7 pTM=0.814 tol=0.0222
2026-07-23 02:34:54,353 alphafold2_ptm_model_4_seed_044 took 55.4s (3 recycles)
2026-07-23 02:35:07,872 alphafold2_ptm_model_5_seed_044 recycle=0 pLDDT=93.2 pTM=0.788
2026-07-23 02:35:21,249 alphafold2_ptm_model_5_seed_044 recycle=1 pLDDT=93.8 pTM=0.799 tol=0.122
2026-07-23 02:35:34,565 alphafold2_ptm_model_5_seed_044 recycle=2 pLDDT=93.8 pTM=0.797 tol=0.0374
2026-07-23 02:35:48,139 alphafold2_ptm_model_5_seed_044 recycle=3 pLDDT=93.9 pTM=0.798 tol=0.0256
2026-07-23 02:35:48,139 alphafold2_ptm_model_5_seed_044 took 53.7s (3 recycles)
2026-07-23 02:35:48,176 reranking models by 'plddt' metric
2026-07-23 02:35:48,176 rank_001_alphafold2_ptm_model_2_seed_042 pLDDT=95.5 pTM=0.826
2026-07-23 02:35:48,178 rank_002_alphafold2_ptm_model_2_seed_044 pLDDT=95.4 pTM=0.825
2026-07-23 02:35:48,180 rank_003_alphafold2_ptm_model_2_seed_043 pLDDT=95.4 pTM=0.826
2026-07-23 02:35:48,182 rank_004_alphafold2_ptm_model_4_seed_042 pLDDT=94.8 pTM=0.814
2026-07-23 02:35:48,185 rank_005_alphafold2_ptm_model_4_seed_044 pLDDT=94.7 pTM=0.814
2026-07-23 02:35:48,187 rank_006_alphafold2_ptm_model_4_seed_043 pLDDT=94.7 pTM=0.814
2026-07-23 02:35:48,189 rank_007_alphafold2_ptm_model_3_seed_042 pLDDT=94.4 pTM=0.799
2026-07-23 02:35:48,191 rank_008_alphafold2_ptm_model_1_seed_042 pLDDT=94.4 pTM=0.801
2026-07-23 02:35:48,193 rank_009_alphafold2_ptm_model_1_seed_044 pLDDT=94.3 pTM=0.8
2026-07-23 02:35:48,195 rank_010_alphafold2_ptm_model_3_seed_043 pLDDT=94.3 pTM=0.798
2026-07-23 02:35:48,197 rank_011_alphafold2_ptm_model_1_seed_043 pLDDT=94.3 pTM=0.8
2026-07-23 02:35:48,198 rank_012_alphafold2_ptm_model_3_seed_044 pLDDT=94.2 pTM=0.797
2026-07-23 02:35:48,200 rank_013_alphafold2_ptm_model_5_seed_043 pLDDT=94 pTM=0.8
2026-07-23 02:35:48,201 rank_014_alphafold2_ptm_model_5_seed_042 pLDDT=94 pTM=0.801
2026-07-23 02:35:48,203 rank_015_alphafold2_ptm_model_5_seed_044 pLDDT=93.9 pTM=0.798
2026-07-23 02:35:51,642 Skipping 5KPH_4_2_0_0_combined_id2 (already done)
2026-07-23 02:35:51,643 Query 32/723: 5KPH_4_2_8_0_combined_id4 (length 72)
2026-07-23 02:35:54,820 Padding length to 82
2026-07-23 02:36:08,904 alphafold2_ptm_model_1_seed_042 recycle=0 pLDDT=90.4 pTM=0.702
2026-07-23 02:36:22,955 alphafold2_ptm_model_1_seed_042 recycle=1 pLDDT=88.8 pTM=0.691 tol=0.49
2026-07-23 02:36:36,910 alphafold2_ptm_model_1_seed_042 recycle=2 pLDDT=88.2 pTM=0.693 tol=0.182
2026-07-23 02:36:50,540 alphafold2_ptm_model_1_seed_042 recycle=3 pLDDT=87.9 pTM=0.687 tol=0.215
2026-07-23 02:36:50,542 alphafold2_ptm_model_1_seed_042 took 55.7s (3 recycles)
2026-07-23 02:37:03,661 alphafold2_ptm_model_2_seed_042 recycle=0 pLDDT=91.8 pTM=0.735
2026-07-23 02:37:16,734 alphafold2_ptm_model_2_seed_042 recycle=1 pLDDT=90.9 pTM=0.736 tol=0.256
2026-07-23 02:37:30,069 alphafold2_ptm_model_2_seed_042 recycle=2 pLDDT=90.9 pTM=0.738 tol=0.0861
2026-07-23 02:37:43,263 alphafold2_ptm_model_2_seed_042 recycle=3 pLDDT=90.9 pTM=0.736 tol=0.0507
2026-07-23 02:37:43,264 alphafold2_ptm_model_2_seed_042 took 52.7s (3 recycles)
2026-07-23 02:37:56,416 alphafold2_ptm_model_3_seed_042 recycle=0 pLDDT=86.2 pTM=0.648
2026-07-23 02:38:09,470 alphafold2_ptm_model_3_seed_042 recycle=1 pLDDT=87.1 pTM=0.668 tol=0.315
2026-07-23 02:38:22,767 alphafold2_ptm_model_3_seed_042 recycle=2 pLDDT=87.7 pTM=0.676 tol=0.148
2026-07-23 02:38:35,709 alphafold2_ptm_model_3_seed_042 recycle=3 pLDDT=87.8 pTM=0.682 tol=0.167
2026-07-23 02:38:35,710 alphafold2_ptm_model_3_seed_042 took 52.4s (3 recycles)
2026-07-23 02:38:48,695 alphafold2_ptm_model_4_seed_042 recycle=0 pLDDT=88.6 pTM=0.693
2026-07-23 02:39:01,554 alphafold2_ptm_model_4_seed_042 recycle=1 pLDDT=87.1 pTM=0.675 tol=0.804
2026-07-23 02:39:14,044 alphafold2_ptm_model_4_seed_042 recycle=2 pLDDT=87.8 pTM=0.685 tol=0.543
2026-07-23 02:39:26,676 alphafold2_ptm_model_4_seed_042 recycle=3 pLDDT=86.8 pTM=0.672 tol=0.497
2026-07-23 02:39:26,676 alphafold2_ptm_model_4_seed_042 took 50.9s (3 recycles)
2026-07-23 02:39:41,246 alphafold2_ptm_model_5_seed_042 recycle=0 pLDDT=87.3 pTM=0.669
2026-07-23 02:39:55,563 alphafold2_ptm_model_5_seed_042 recycle=1 pLDDT=89.1 pTM=0.702 tol=0.184
2026-07-23 02:40:09,575 alphafold2_ptm_model_5_seed_042 recycle=2 pLDDT=88.7 pTM=0.693 tol=0.157
2026-07-23 02:40:24,096 alphafold2_ptm_model_5_seed_042 recycle=3 pLDDT=88.8 pTM=0.694 tol=0.102
2026-07-23 02:40:24,097 alphafold2_ptm_model_5_seed_042 took 57.4s (3 recycles)
2026-07-23 02:40:26,025 Padding length to 82
2026-07-23 02:40:40,123 alphafold2_ptm_model_1_seed_043 recycle=0 pLDDT=90.1 pTM=0.696
2026-07-23 02:40:54,318 alphafold2_ptm_model_1_seed_043 recycle=1 pLDDT=89.2 pTM=0.698 tol=0.312
2026-07-23 02:41:08,388 alphafold2_ptm_model_1_seed_043 recycle=2 pLDDT=88.1 pTM=0.691 tol=0.291
2026-07-23 02:41:22,206 alphafold2_ptm_model_1_seed_043 recycle=3 pLDDT=88.2 pTM=0.69 tol=0.147
2026-07-23 02:41:22,208 alphafold2_ptm_model_1_seed_043 took 56.2s (3 recycles)
2026-07-23 02:41:37,677 alphafold2_ptm_model_2_seed_043 recycle=0 pLDDT=91.6 pTM=0.731
2026-07-23 02:41:52,015 alphafold2_ptm_model_2_seed_043 recycle=1 pLDDT=90.8 pTM=0.733 tol=0.236
2026-07-23 02:42:06,570 alphafold2_ptm_model_2_seed_043 recycle=2 pLDDT=90.6 pTM=0.732 tol=0.0623
2026-07-23 02:42:20,727 alphafold2_ptm_model_2_seed_043 recycle=3 pLDDT=90.2 pTM=0.728 tol=0.0706
2026-07-23 02:42:20,729 alphafold2_ptm_model_2_seed_043 took 58.5s (3 recycles)
2026-07-23 02:42:34,996 alphafold2_ptm_model_3_seed_043 recycle=0 pLDDT=86.4 pTM=0.652
2026-07-23 02:42:49,075 alphafold2_ptm_model_3_seed_043 recycle=1 pLDDT=87.1 pTM=0.671 tol=0.376
2026-07-23 02:43:03,685 alphafold2_ptm_model_3_seed_043 recycle=2 pLDDT=87.8 pTM=0.677 tol=0.164
2026-07-23 02:43:18,768 alphafold2_ptm_model_3_seed_043 recycle=3 pLDDT=87.9 pTM=0.684 tol=0.144
2026-07-23 02:43:18,769 alphafold2_ptm_model_3_seed_043 took 58.0s (3 recycles)
2026-07-23 02:43:33,350 alphafold2_ptm_model_4_seed_043 recycle=0 pLDDT=88.8 pTM=0.695
2026-07-23 02:43:47,741 alphafold2_ptm_model_4_seed_043 recycle=1 pLDDT=86.9 pTM=0.674 tol=0.95
2026-07-23 02:44:01,640 alphafold2_ptm_model_4_seed_043 recycle=2 pLDDT=87.8 pTM=0.686 tol=0.574
2026-07-23 02:44:15,807 alphafold2_ptm_model_4_seed_043 recycle=3 pLDDT=86.9 pTM=0.672 tol=0.483
2026-07-23 02:44:15,810 alphafold2_ptm_model_4_seed_043 took 57.0s (3 recycles)
2026-07-23 02:44:29,871 alphafold2_ptm_model_5_seed_043 recycle=0 pLDDT=87.7 pTM=0.677
2026-07-23 02:44:44,114 alphafold2_ptm_model_5_seed_043 recycle=1 pLDDT=89.1 pTM=0.704 tol=0.229
2026-07-23 02:44:58,641 alphafold2_ptm_model_5_seed_043 recycle=2 pLDDT=88.7 pTM=0.695 tol=0.135
2026-07-23 02:45:13,250 alphafold2_ptm_model_5_seed_043 recycle=3 pLDDT=88.9 pTM=0.695 tol=0.107
2026-07-23 02:45:13,250 alphafold2_ptm_model_5_seed_043 took 57.4s (3 recycles)
2026-07-23 02:45:15,195 Padding length to 82
2026-07-23 02:45:29,646 alphafold2_ptm_model_1_seed_044 recycle=0 pLDDT=90.4 pTM=0.701
2026-07-23 02:45:44,019 alphafold2_ptm_model_1_seed_044 recycle=1 pLDDT=88.6 pTM=0.691 tol=0.568
2026-07-23 02:45:58,436 alphafold2_ptm_model_1_seed_044 recycle=2 pLDDT=88.1 pTM=0.692 tol=0.183
2026-07-23 02:46:12,964 alphafold2_ptm_model_1_seed_044 recycle=3 pLDDT=87.9 pTM=0.687 tol=0.265
2026-07-23 02:46:12,965 alphafold2_ptm_model_1_seed_044 took 57.8s (3 recycles)
2026-07-23 02:46:27,628 alphafold2_ptm_model_2_seed_044 recycle=0 pLDDT=92.2 pTM=0.739
2026-07-23 02:46:42,275 alphafold2_ptm_model_2_seed_044 recycle=1 pLDDT=91.2 pTM=0.741 tol=0.269
2026-07-23 02:46:56,748 alphafold2_ptm_model_2_seed_044 recycle=2 pLDDT=91.2 pTM=0.742 tol=0.114
2026-07-23 02:47:12,302 alphafold2_ptm_model_2_seed_044 recycle=3 pLDDT=91.6 pTM=0.745 tol=0.0939
2026-07-23 02:47:12,304 alphafold2_ptm_model_2_seed_044 took 59.3s (3 recycles)
2026-07-23 02:47:26,715 alphafold2_ptm_model_3_seed_044 recycle=0 pLDDT=86.4 pTM=0.652
2026-07-23 02:47:41,320 alphafold2_ptm_model_3_seed_044 recycle=1 pLDDT=86.9 pTM=0.667 tol=0.268
2026-07-23 02:47:55,420 alphafold2_ptm_model_3_seed_044 recycle=2 pLDDT=87.6 pTM=0.673 tol=0.131
2026-07-23 02:48:09,767 alphafold2_ptm_model_3_seed_044 recycle=3 pLDDT=87.8 pTM=0.681 tol=0.144
2026-07-23 02:48:09,768 alphafold2_ptm_model_3_seed_044 took 57.4s (3 recycles)
2026-07-23 02:48:24,034 alphafold2_ptm_model_4_seed_044 recycle=0 pLDDT=88.6 pTM=0.695
2026-07-23 02:48:38,248 alphafold2_ptm_model_4_seed_044 recycle=1 pLDDT=87.2 pTM=0.677 tol=0.835
2026-07-23 02:48:52,531 alphafold2_ptm_model_4_seed_044 recycle=2 pLDDT=87.8 pTM=0.685 tol=0.521
2026-07-23 02:49:06,644 alphafold2_ptm_model_4_seed_044 recycle=3 pLDDT=86.9 pTM=0.673 tol=0.466
2026-07-23 02:49:06,644 alphafold2_ptm_model_4_seed_044 took 56.8s (3 recycles)
2026-07-23 02:49:20,638 alphafold2_ptm_model_5_seed_044 recycle=0 pLDDT=88 pTM=0.676
2026-07-23 02:49:35,077 alphafold2_ptm_model_5_seed_044 recycle=1 pLDDT=89.2 pTM=0.703 tol=0.259
2026-07-23 02:49:49,301 alphafold2_ptm_model_5_seed_044 recycle=2 pLDDT=88.8 pTM=0.693 tol=0.151
2026-07-23 02:50:03,304 alphafold2_ptm_model_5_seed_044 recycle=3 pLDDT=88.8 pTM=0.693 tol=0.123
2026-07-23 02:50:03,306 alphafold2_ptm_model_5_seed_044 took 56.6s (3 recycles)
2026-07-23 02:50:03,374 reranking models by 'plddt' metric
2026-07-23 02:50:03,375 rank_001_alphafold2_ptm_model_2_seed_044 pLDDT=91.6 pTM=0.745
2026-07-23 02:50:03,377 rank_002_alphafold2_ptm_model_2_seed_042 pLDDT=90.9 pTM=0.736
2026-07-23 02:50:03,379 rank_003_alphafold2_ptm_model_2_seed_043 pLDDT=90.2 pTM=0.728
2026-07-23 02:50:03,380 rank_004_alphafold2_ptm_model_5_seed_043 pLDDT=88.9 pTM=0.695
2026-07-23 02:50:03,382 rank_005_alphafold2_ptm_model_5_seed_044 pLDDT=88.8 pTM=0.693
2026-07-23 02:50:03,383 rank_006_alphafold2_ptm_model_5_seed_042 pLDDT=88.8 pTM=0.694
2026-07-23 02:50:03,386 rank_007_alphafold2_ptm_model_1_seed_043 pLDDT=88.2 pTM=0.69
2026-07-23 02:50:03,387 rank_008_alphafold2_ptm_model_3_seed_043 pLDDT=87.9 pTM=0.684
2026-07-23 02:50:03,389 rank_009_alphafold2_ptm_model_1_seed_042 pLDDT=87.9 pTM=0.687
2026-07-23 02:50:03,391 rank_010_alphafold2_ptm_model_1_seed_044 pLDDT=87.9 pTM=0.687
2026-07-23 02:50:03,392 rank_011_alphafold2_ptm_model_3_seed_044 pLDDT=87.8 pTM=0.681
2026-07-23 02:50:03,393 rank_012_alphafold2_ptm_model_3_seed_042 pLDDT=87.8 pTM=0.682
2026-07-23 02:50:03,396 rank_013_alphafold2_ptm_model_4_seed_044 pLDDT=86.9 pTM=0.673
2026-07-23 02:50:03,398 rank_014_alphafold2_ptm_model_4_seed_043 pLDDT=86.9 pTM=0.672
2026-07-23 02:50:03,400 rank_015_alphafold2_ptm_model_4_seed_042 pLDDT=86.8 pTM=0.672
2026-07-23 02:50:08,302 Query 33/723: 5KPH_4_6_3_0_combined_id5 (length 72)
2026-07-23 02:50:11,488 Padding length to 82
2026-07-23 02:50:25,858 alphafold2_ptm_model_1_seed_042 recycle=0 pLDDT=86.3 pTM=0.657
2026-07-23 02:50:39,748 alphafold2_ptm_model_1_seed_042 recycle=1 pLDDT=84.1 pTM=0.653 tol=0.402
2026-07-23 02:50:54,471 alphafold2_ptm_model_1_seed_042 recycle=2 pLDDT=84.1 pTM=0.651 tol=0.333
2026-07-23 02:51:08,841 alphafold2_ptm_model_1_seed_042 recycle=3 pLDDT=83.8 pTM=0.644 tol=0.125
2026-07-23 02:51:08,844 alphafold2_ptm_model_1_seed_042 took 57.4s (3 recycles)
2026-07-23 02:51:23,521 alphafold2_ptm_model_2_seed_042 recycle=0 pLDDT=87.4 pTM=0.688
2026-07-23 02:51:37,743 alphafold2_ptm_model_2_seed_042 recycle=1 pLDDT=87.5 pTM=0.692 tol=0.967
2026-07-23 02:51:52,076 alphafold2_ptm_model_2_seed_042 recycle=2 pLDDT=87.4 pTM=0.68 tol=0.399
2026-07-23 02:52:06,688 alphafold2_ptm_model_2_seed_042 recycle=3 pLDDT=86.8 pTM=0.667 tol=0.22
2026-07-23 02:52:06,690 alphafold2_ptm_model_2_seed_042 took 57.8s (3 recycles)
2026-07-23 02:52:21,717 alphafold2_ptm_model_3_seed_042 recycle=0 pLDDT=85.1 pTM=0.639
2026-07-23 02:52:36,440 alphafold2_ptm_model_3_seed_042 recycle=1 pLDDT=84.6 pTM=0.637 tol=0.572
2026-07-23 02:52:51,463 alphafold2_ptm_model_3_seed_042 recycle=2 pLDDT=85.9 pTM=0.637 tol=0.37
2026-07-23 02:53:06,308 alphafold2_ptm_model_3_seed_042 recycle=3 pLDDT=86.2 pTM=0.638 tol=0.128
2026-07-23 02:53:06,309 alphafold2_ptm_model_3_seed_042 took 59.6s (3 recycles)
2026-07-23 02:53:21,304 alphafold2_ptm_model_4_seed_042 recycle=0 pLDDT=86.1 pTM=0.68
2026-07-23 02:53:35,699 alphafold2_ptm_model_4_seed_042 recycle=1 pLDDT=83.8 pTM=0.667 tol=0.585
2026-07-23 02:53:50,031 alphafold2_ptm_model_4_seed_042 recycle=2 pLDDT=84 pTM=0.664 tol=0.585
2026-07-23 02:54:04,519 alphafold2_ptm_model_4_seed_042 recycle=3 pLDDT=83.6 pTM=0.658 tol=0.329
2026-07-23 02:54:04,520 alphafold2_ptm_model_4_seed_042 took 58.2s (3 recycles)
2026-07-23 02:54:18,908 alphafold2_ptm_model_5_seed_042 recycle=0 pLDDT=84.6 pTM=0.636
2026-07-23 02:54:33,151 alphafold2_ptm_model_5_seed_042 recycle=1 pLDDT=84.3 pTM=0.648 tol=0.345
2026-07-23 02:54:47,656 alphafold2_ptm_model_5_seed_042 recycle=2 pLDDT=85 pTM=0.639 tol=0.257
2026-07-23 02:55:01,814 alphafold2_ptm_model_5_seed_042 recycle=3 pLDDT=84.6 pTM=0.637 tol=0.173
2026-07-23 02:55:01,815 alphafold2_ptm_model_5_seed_042 took 57.3s (3 recycles)
2026-07-23 02:55:03,420 Padding length to 82
2026-07-23 02:55:17,878 alphafold2_ptm_model_1_seed_043 recycle=0 pLDDT=85.3 pTM=0.647
2026-07-23 02:55:32,592 alphafold2_ptm_model_1_seed_043 recycle=1 pLDDT=83.9 pTM=0.65 tol=0.423
2026-07-23 02:55:46,233 alphafold2_ptm_model_1_seed_043 recycle=2 pLDDT=83.4 pTM=0.642 tol=0.379
2026-07-23 02:56:00,265 alphafold2_ptm_model_1_seed_043 recycle=3 pLDDT=83.4 pTM=0.636 tol=0.172
2026-07-23 02:56:00,266 alphafold2_ptm_model_1_seed_043 took 56.8s (3 recycles)
2026-07-23 02:56:14,097 alphafold2_ptm_model_2_seed_043 recycle=0 pLDDT=88.7 pTM=0.7
2026-07-23 02:56:27,840 alphafold2_ptm_model_2_seed_043 recycle=1 pLDDT=87.6 pTM=0.695 tol=1.14
2026-07-23 02:56:42,995 alphafold2_ptm_model_2_seed_043 recycle=2 pLDDT=86.8 pTM=0.676 tol=0.429
2026-07-23 02:56:57,546 alphafold2_ptm_model_2_seed_043 recycle=3 pLDDT=85.7 pTM=0.662 tol=0.273
2026-07-23 02:56:57,547 alphafold2_ptm_model_2_seed_043 took 57.2s (3 recycles)
2026-07-23 02:57:11,740 alphafold2_ptm_model_3_seed_043 recycle=0 pLDDT=85 pTM=0.639
2026-07-23 02:57:25,803 alphafold2_ptm_model_3_seed_043 recycle=1 pLDDT=84.6 pTM=0.638 tol=0.562
2026-07-23 02:57:39,978 alphafold2_ptm_model_3_seed_043 recycle=2 pLDDT=86.1 pTM=0.641 tol=0.457
2026-07-23 02:57:54,058 alphafold2_ptm_model_3_seed_043 recycle=3 pLDDT=86.4 pTM=0.64 tol=0.16
2026-07-23 02:57:54,060 alphafold2_ptm_model_3_seed_043 took 56.5s (3 recycles)
2026-07-23 02:58:08,507 alphafold2_ptm_model_4_seed_043 recycle=0 pLDDT=86.3 pTM=0.68
2026-07-23 02:58:23,149 alphafold2_ptm_model_4_seed_043 recycle=1 pLDDT=83.8 pTM=0.666 tol=0.42
2026-07-23 02:58:45,876 alphafold2_ptm_model_4_seed_043 recycle=2 pLDDT=83.7 pTM=0.658 tol=0.552
2026-07-23 02:59:00,401 alphafold2_ptm_model_4_seed_043 recycle=3 pLDDT=83.6 pTM=0.656 tol=0.317
2026-07-23 02:59:00,403 alphafold2_ptm_model_4_seed_043 took 66.3s (3 recycles)
2026-07-23 02:59:14,856 alphafold2_ptm_model_5_seed_043 recycle=0 pLDDT=83.8 pTM=0.627
2026-07-23 02:59:28,997 alphafold2_ptm_model_5_seed_043 recycle=1 pLDDT=84.1 pTM=0.646 tol=0.318
2026-07-23 02:59:43,178 alphafold2_ptm_model_5_seed_043 recycle=2 pLDDT=84.8 pTM=0.635 tol=0.287
2026-07-23 02:59:57,194 alphafold2_ptm_model_5_seed_043 recycle=3 pLDDT=84.4 pTM=0.636 tol=0.126
2026-07-23 02:59:57,197 alphafold2_ptm_model_5_seed_043 took 56.8s (3 recycles)
2026-07-23 02:59:59,258 Padding length to 82
2026-07-23 03:00:13,387 alphafold2_ptm_model_1_seed_044 recycle=0 pLDDT=85.8 pTM=0.651
2026-07-23 03:00:27,150 alphafold2_ptm_model_1_seed_044 recycle=1 pLDDT=84.1 pTM=0.653 tol=0.408
2026-07-23 03:00:41,699 alphafold2_ptm_model_1_seed_044 recycle=2 pLDDT=83.9 pTM=0.648 tol=0.316
2026-07-23 03:00:56,503 alphafold2_ptm_model_1_seed_044 recycle=3 pLDDT=83.8 pTM=0.644 tol=0.104
2026-07-23 03:00:56,505 alphafold2_ptm_model_1_seed_044 took 57.2s (3 recycles)
2026-07-23 03:01:10,670 alphafold2_ptm_model_2_seed_044 recycle=0 pLDDT=87.4 pTM=0.685
2026-07-23 03:01:24,461 alphafold2_ptm_model_2_seed_044 recycle=1 pLDDT=87.5 pTM=0.69 tol=0.9
2026-07-23 03:01:38,225 alphafold2_ptm_model_2_seed_044 recycle=2 pLDDT=87.5 pTM=0.68 tol=0.441
2026-07-23 03:01:52,308 alphafold2_ptm_model_2_seed_044 recycle=3 pLDDT=87.3 pTM=0.671 tol=0.171
2026-07-23 03:01:52,309 alphafold2_ptm_model_2_seed_044 took 55.8s (3 recycles)
2026-07-23 03:02:06,454 alphafold2_ptm_model_3_seed_044 recycle=0 pLDDT=84.8 pTM=0.636
2026-07-23 03:02:20,525 alphafold2_ptm_model_3_seed_044 recycle=1 pLDDT=84.6 pTM=0.638 tol=0.603
2026-07-23 03:02:34,385 alphafold2_ptm_model_3_seed_044 recycle=2 pLDDT=85.9 pTM=0.64 tol=0.441
2026-07-23 03:02:48,337 alphafold2_ptm_model_3_seed_044 recycle=3 pLDDT=86.3 pTM=0.64 tol=0.202
2026-07-23 03:02:48,338 alphafold2_ptm_model_3_seed_044 took 56.0s (3 recycles)
2026-07-23 03:03:02,491 alphafold2_ptm_model_4_seed_044 recycle=0 pLDDT=86.4 pTM=0.679
2026-07-23 03:03:17,111 alphafold2_ptm_model_4_seed_044 recycle=1 pLDDT=83.4 pTM=0.66 tol=0.409
2026-07-23 03:03:31,549 alphafold2_ptm_model_4_seed_044 recycle=2 pLDDT=83.4 pTM=0.657 tol=0.507
2026-07-23 03:03:45,794 alphafold2_ptm_model_4_seed_044 recycle=3 pLDDT=83.3 pTM=0.654 tol=0.354
2026-07-23 03:03:45,796 alphafold2_ptm_model_4_seed_044 took 57.4s (3 recycles)
2026-07-23 03:04:00,213 alphafold2_ptm_model_5_seed_044 recycle=0 pLDDT=83.1 pTM=0.616
2026-07-23 03:04:14,528 alphafold2_ptm_model_5_seed_044 recycle=1 pLDDT=84.2 pTM=0.647 tol=0.394
2026-07-23 03:04:28,803 alphafold2_ptm_model_5_seed_044 recycle=2 pLDDT=84.6 pTM=0.634 tol=0.29
2026-07-23 03:04:43,092 alphafold2_ptm_model_5_seed_044 recycle=3 pLDDT=84.4 pTM=0.635 tol=0.131
2026-07-23 03:04:43,092 alphafold2_ptm_model_5_seed_044 took 57.2s (3 recycles)
2026-07-23 03:04:43,144 reranking models by 'plddt' metric
2026-07-23 03:04:43,145 rank_001_alphafold2_ptm_model_2_seed_044 pLDDT=87.3 pTM=0.671
2026-07-23 03:04:43,148 rank_002_alphafold2_ptm_model_2_seed_042 pLDDT=86.8 pTM=0.667
2026-07-23 03:04:43,149 rank_003_alphafold2_ptm_model_3_seed_043 pLDDT=86.4 pTM=0.64
2026-07-23 03:04:43,151 rank_004_alphafold2_ptm_model_3_seed_044 pLDDT=86.3 pTM=0.64
2026-07-23 03:04:43,153 rank_005_alphafold2_ptm_model_3_seed_042 pLDDT=86.2 pTM=0.638
2026-07-23 03:04:43,155 rank_006_alphafold2_ptm_model_2_seed_043 pLDDT=85.7 pTM=0.662
2026-07-23 03:04:43,158 rank_007_alphafold2_ptm_model_5_seed_042 pLDDT=84.6 pTM=0.637
2026-07-23 03:04:43,160 rank_008_alphafold2_ptm_model_5_seed_044 pLDDT=84.4 pTM=0.635
2026-07-23 03:04:43,162 rank_009_alphafold2_ptm_model_5_seed_043 pLDDT=84.4 pTM=0.636
2026-07-23 03:04:43,163 rank_010_alphafold2_ptm_model_1_seed_044 pLDDT=83.8 pTM=0.644
2026-07-23 03:04:43,165 rank_011_alphafold2_ptm_model_1_seed_042 pLDDT=83.8 pTM=0.644
2026-07-23 03:04:43,168 rank_012_alphafold2_ptm_model_4_seed_042 pLDDT=83.6 pTM=0.658
2026-07-23 03:04:43,171 rank_013_alphafold2_ptm_model_4_seed_043 pLDDT=83.6 pTM=0.656
2026-07-23 03:04:43,172 rank_014_alphafold2_ptm_model_1_seed_043 pLDDT=83.4 pTM=0.636
2026-07-23 03:04:43,174 rank_015_alphafold2_ptm_model_4_seed_044 pLDDT=83.3 pTM=0.654
2026-07-23 03:04:46,916 Query 34/723: 5KPH_4_6_3_0_combined_id8 (length 72)
2026-07-23 03:04:50,111 Padding length to 82
2026-07-23 03:05:04,348 alphafold2_ptm_model_1_seed_042 recycle=0 pLDDT=87.8 pTM=0.678
2026-07-23 03:05:18,636 alphafold2_ptm_model_1_seed_042 recycle=1 pLDDT=90.6 pTM=0.73 tol=0.202
2026-07-23 03:05:33,013 alphafold2_ptm_model_1_seed_042 recycle=2 pLDDT=92.3 pTM=0.758 tol=0.108
2026-07-23 03:05:47,017 alphafold2_ptm_model_1_seed_042 recycle=3 pLDDT=93.6 pTM=0.776 tol=0.108
2026-07-23 03:05:47,018 alphafold2_ptm_model_1_seed_042 took 56.9s (3 recycles)
2026-07-23 03:06:01,593 alphafold2_ptm_model_2_seed_042 recycle=0 pLDDT=91 pTM=0.748
2026-07-23 03:06:15,801 alphafold2_ptm_model_2_seed_042 recycle=1 pLDDT=89.9 pTM=0.747 tol=0.209
2026-07-23 03:06:30,115 alphafold2_ptm_model_2_seed_042 recycle=2 pLDDT=89.4 pTM=0.738 tol=0.083
2026-07-23 03:06:44,115 alphafold2_ptm_model_2_seed_042 recycle=3 pLDDT=88.5 pTM=0.724 tol=0.115
2026-07-23 03:06:44,116 alphafold2_ptm_model_2_seed_042 took 57.1s (3 recycles)
2026-07-23 03:06:58,061 alphafold2_ptm_model_3_seed_042 recycle=0 pLDDT=84.1 pTM=0.639
2026-07-23 03:07:12,763 alphafold2_ptm_model_3_seed_042 recycle=1 pLDDT=85.1 pTM=0.661 tol=0.309
2026-07-23 03:07:27,253 alphafold2_ptm_model_3_seed_042 recycle=2 pLDDT=86.8 pTM=0.682 tol=0.149
2026-07-23 03:07:40,873 alphafold2_ptm_model_3_seed_042 recycle=3 pLDDT=86.7 pTM=0.675 tol=0.0741
2026-07-23 03:07:40,874 alphafold2_ptm_model_3_seed_042 took 56.7s (3 recycles)
2026-07-23 03:07:54,602 alphafold2_ptm_model_4_seed_042 recycle=0 pLDDT=87.4 pTM=0.7
2026-07-23 03:08:07,882 alphafold2_ptm_model_4_seed_042 recycle=1 pLDDT=89.5 pTM=0.73 tol=0.604
2026-07-23 03:08:20,961 alphafold2_ptm_model_4_seed_042 recycle=2 pLDDT=90.2 pTM=0.736 tol=0.158
2026-07-23 03:08:34,225 alphafold2_ptm_model_4_seed_042 recycle=3 pLDDT=91.2 pTM=0.749 tol=0.118
2026-07-23 03:08:34,227 alphafold2_ptm_model_4_seed_042 took 53.3s (3 recycles)
2026-07-23 03:08:47,545 alphafold2_ptm_model_5_seed_042 recycle=0 pLDDT=90.5 pTM=0.72
2026-07-23 03:09:00,551 alphafold2_ptm_model_5_seed_042 recycle=1 pLDDT=91.8 pTM=0.749 tol=0.165
2026-07-23 03:09:13,798 alphafold2_ptm_model_5_seed_042 recycle=2 pLDDT=92.5 pTM=0.758 tol=0.066
2026-07-23 03:09:26,967 alphafold2_ptm_model_5_seed_042 recycle=3 pLDDT=93.1 pTM=0.768 tol=0.0432
2026-07-23 03:09:26,967 alphafold2_ptm_model_5_seed_042 took 52.7s (3 recycles)
2026-07-23 03:09:28,336 Padding length to 82
2026-07-23 03:09:41,307 alphafold2_ptm_model_1_seed_043 recycle=0 pLDDT=87.6 pTM=0.677
2026-07-23 03:09:54,942 alphafold2_ptm_model_1_seed_043 recycle=1 pLDDT=90.1 pTM=0.727 tol=0.224
2026-07-23 03:10:08,085 alphafold2_ptm_model_1_seed_043 recycle=2 pLDDT=91.4 pTM=0.744 tol=0.0975
2026-07-23 03:10:20,797 alphafold2_ptm_model_1_seed_043 recycle=3 pLDDT=92.7 pTM=0.764 tol=0.124
2026-07-23 03:10:20,798 alphafold2_ptm_model_1_seed_043 took 52.5s (3 recycles)
2026-07-23 03:10:34,017 alphafold2_ptm_model_2_seed_043 recycle=0 pLDDT=91.2 pTM=0.75
2026-07-23 03:10:46,616 alphafold2_ptm_model_2_seed_043 recycle=1 pLDDT=89.9 pTM=0.748 tol=0.208
2026-07-23 03:10:59,488 alphafold2_ptm_model_2_seed_043 recycle=2 pLDDT=89 pTM=0.731 tol=0.0936
2026-07-23 03:11:12,246 alphafold2_ptm_model_2_seed_043 recycle=3 pLDDT=88.3 pTM=0.721 tol=0.121
2026-07-23 03:11:12,248 alphafold2_ptm_model_2_seed_043 took 51.4s (3 recycles)
2026-07-23 03:11:25,310 alphafold2_ptm_model_3_seed_043 recycle=0 pLDDT=84.2 pTM=0.637
2026-07-23 03:11:37,845 alphafold2_ptm_model_3_seed_043 recycle=1 pLDDT=86.2 pTM=0.664 tol=0.437
2026-07-23 03:11:50,605 alphafold2_ptm_model_3_seed_043 recycle=2 pLDDT=86.4 pTM=0.669 tol=0.144
2026-07-23 03:12:03,035 alphafold2_ptm_model_3_seed_043 recycle=3 pLDDT=87.4 pTM=0.676 tol=0.14
2026-07-23 03:12:03,036 alphafold2_ptm_model_3_seed_043 took 50.8s (3 recycles)
2026-07-23 03:12:15,272 alphafold2_ptm_model_4_seed_043 recycle=0 pLDDT=87.6 pTM=0.702
2026-07-23 03:12:27,629 alphafold2_ptm_model_4_seed_043 recycle=1 pLDDT=90.3 pTM=0.736 tol=0.785
2026-07-23 03:12:39,878 alphafold2_ptm_model_4_seed_043 recycle=2 pLDDT=90.9 pTM=0.743 tol=0.131
2026-07-23 03:12:52,129 alphafold2_ptm_model_4_seed_043 recycle=3 pLDDT=91.8 pTM=0.755 tol=0.0862
2026-07-23 03:12:52,130 alphafold2_ptm_model_4_seed_043 took 49.1s (3 recycles)
2026-07-23 03:13:04,103 alphafold2_ptm_model_5_seed_043 recycle=0 pLDDT=90.9 pTM=0.723
2026-07-23 03:13:16,319 alphafold2_ptm_model_5_seed_043 recycle=1 pLDDT=91.8 pTM=0.749 tol=0.149
2026-07-23 03:13:28,385 alphafold2_ptm_model_5_seed_043 recycle=2 pLDDT=92.7 pTM=0.76 tol=0.064
2026-07-23 03:13:40,537 alphafold2_ptm_model_5_seed_043 recycle=3 pLDDT=93.2 pTM=0.77 tol=0.0366
2026-07-23 03:13:40,539 alphafold2_ptm_model_5_seed_043 took 48.4s (3 recycles)
2026-07-23 03:13:42,388 Padding length to 82
2026-07-23 03:13:54,668 alphafold2_ptm_model_1_seed_044 recycle=0 pLDDT=88.2 pTM=0.684
2026-07-23 03:14:07,099 alphafold2_ptm_model_1_seed_044 recycle=1 pLDDT=90.9 pTM=0.734 tol=0.236
2026-07-23 03:14:20,108 alphafold2_ptm_model_1_seed_044 recycle=2 pLDDT=92.3 pTM=0.758 tol=0.095
2026-07-23 03:14:33,143 alphafold2_ptm_model_1_seed_044 recycle=3 pLDDT=93.7 pTM=0.779 tol=0.113
2026-07-23 03:14:33,143 alphafold2_ptm_model_1_seed_044 took 50.8s (3 recycles)
2026-07-23 03:14:46,129 alphafold2_ptm_model_2_seed_044 recycle=0 pLDDT=90.8 pTM=0.745
2026-07-23 03:14:59,071 alphafold2_ptm_model_2_seed_044 recycle=1 pLDDT=90.6 pTM=0.755 tol=0.189
2026-07-23 03:15:11,688 alphafold2_ptm_model_2_seed_044 recycle=2 pLDDT=89.2 pTM=0.736 tol=0.111
2026-07-23 03:15:24,547 alphafold2_ptm_model_2_seed_044 recycle=3 pLDDT=88.7 pTM=0.725 tol=0.124
2026-07-23 03:15:24,547 alphafold2_ptm_model_2_seed_044 took 51.3s (3 recycles)
2026-07-23 03:15:37,086 alphafold2_ptm_model_3_seed_044 recycle=0 pLDDT=84.1 pTM=0.637
2026-07-23 03:15:49,531 alphafold2_ptm_model_3_seed_044 recycle=1 pLDDT=85.8 pTM=0.668 tol=0.335
2026-07-23 03:16:01,784 alphafold2_ptm_model_3_seed_044 recycle=2 pLDDT=86.8 pTM=0.681 tol=0.0627
2026-07-23 03:16:14,797 alphafold2_ptm_model_3_seed_044 recycle=3 pLDDT=87.1 pTM=0.681 tol=0.0687
2026-07-23 03:16:14,798 alphafold2_ptm_model_3_seed_044 took 50.2s (3 recycles)
2026-07-23 03:16:37,342 alphafold2_ptm_model_4_seed_044 recycle=0 pLDDT=87.4 pTM=0.7
2026-07-23 03:16:51,310 alphafold2_ptm_model_4_seed_044 recycle=1 pLDDT=89.9 pTM=0.731 tol=0.731
2026-07-23 03:17:04,970 alphafold2_ptm_model_4_seed_044 recycle=2 pLDDT=89.8 pTM=0.731 tol=0.112
2026-07-23 03:17:18,718 alphafold2_ptm_model_4_seed_044 recycle=3 pLDDT=91.3 pTM=0.75 tol=0.133
2026-07-23 03:17:18,720 alphafold2_ptm_model_4_seed_044 took 63.9s (3 recycles)
2026-07-23 03:17:32,364 alphafold2_ptm_model_5_seed_044 recycle=0 pLDDT=90.1 pTM=0.713
2026-07-23 03:17:46,247 alphafold2_ptm_model_5_seed_044 recycle=1 pLDDT=91.4 pTM=0.743 tol=0.171
2026-07-23 03:18:00,524 alphafold2_ptm_model_5_seed_044 recycle=2 pLDDT=92.4 pTM=0.754 tol=0.0583
2026-07-23 03:18:15,700 alphafold2_ptm_model_5_seed_044 recycle=3 pLDDT=93.1 pTM=0.769 tol=0.0424
2026-07-23 03:18:15,701 alphafold2_ptm_model_5_seed_044 took 56.9s (3 recycles)
2026-07-23 03:18:15,787 reranking models by 'plddt' metric
2026-07-23 03:18:15,788 rank_001_alphafold2_ptm_model_1_seed_044 pLDDT=93.7 pTM=0.779
2026-07-23 03:18:15,790 rank_002_alphafold2_ptm_model_1_seed_042 pLDDT=93.6 pTM=0.776
2026-07-23 03:18:15,792 rank_003_alphafold2_ptm_model_5_seed_043 pLDDT=93.2 pTM=0.77
2026-07-23 03:18:15,795 rank_004_alphafold2_ptm_model_5_seed_044 pLDDT=93.1 pTM=0.769
2026-07-23 03:18:15,796 rank_005_alphafold2_ptm_model_5_seed_042 pLDDT=93.1 pTM=0.768
2026-07-23 03:18:15,802 rank_006_alphafold2_ptm_model_1_seed_043 pLDDT=92.7 pTM=0.764
2026-07-23 03:18:15,806 rank_007_alphafold2_ptm_model_4_seed_043 pLDDT=91.8 pTM=0.755
2026-07-23 03:18:15,816 rank_008_alphafold2_ptm_model_4_seed_044 pLDDT=91.3 pTM=0.75
2026-07-23 03:18:15,835 rank_009_alphafold2_ptm_model_4_seed_042 pLDDT=91.2 pTM=0.749
2026-07-23 03:18:15,846 rank_010_alphafold2_ptm_model_2_seed_044 pLDDT=88.7 pTM=0.725
2026-07-23 03:18:15,858 rank_011_alphafold2_ptm_model_2_seed_042 pLDDT=88.5 pTM=0.724
2026-07-23 03:18:15,860 rank_012_alphafold2_ptm_model_2_seed_043 pLDDT=88.3 pTM=0.721
2026-07-23 03:18:15,864 rank_013_alphafold2_ptm_model_3_seed_043 pLDDT=87.4 pTM=0.676
2026-07-23 03:18:15,865 rank_014_alphafold2_ptm_model_3_seed_044 pLDDT=87.1 pTM=0.681
2026-07-23 03:18:15,883 rank_015_alphafold2_ptm_model_3_seed_042 pLDDT=86.7 pTM=0.675
2026-07-23 03:18:20,227 Query 35/723: 5KPH_4_6_3_0_combined_id9 (length 72)
2026-07-23 03:18:23,553 Padding length to 82
2026-07-23 03:18:38,052 alphafold2_ptm_model_1_seed_042 recycle=0 pLDDT=88.8 pTM=0.695
2026-07-23 03:18:52,513 alphafold2_ptm_model_1_seed_042 recycle=1 pLDDT=87.6 pTM=0.695 tol=0.296
2026-07-23 03:19:06,569 alphafold2_ptm_model_1_seed_042 recycle=2 pLDDT=88.4 pTM=0.707 tol=0.273
2026-07-23 03:19:20,762 alphafold2_ptm_model_1_seed_042 recycle=3 pLDDT=87.4 pTM=0.697 tol=0.282
2026-07-23 03:19:20,763 alphafold2_ptm_model_1_seed_042 took 57.2s (3 recycles)
2026-07-23 03:19:34,900 alphafold2_ptm_model_2_seed_042 recycle=0 pLDDT=90.9 pTM=0.749
2026-07-23 03:19:49,573 alphafold2_ptm_model_2_seed_042 recycle=1 pLDDT=88 pTM=0.718 tol=0.244
2026-07-23 03:20:04,078 alphafold2_ptm_model_2_seed_042 recycle=2 pLDDT=88.7 pTM=0.725 tol=0.25
2026-07-23 03:20:18,597 alphafold2_ptm_model_2_seed_042 recycle=3 pLDDT=87.8 pTM=0.716 tol=0.153
2026-07-23 03:20:18,601 alphafold2_ptm_model_2_seed_042 took 57.8s (3 recycles)
2026-07-23 03:20:33,761 alphafold2_ptm_model_3_seed_042 recycle=0 pLDDT=86.9 pTM=0.689
2026-07-23 03:20:48,089 alphafold2_ptm_model_3_seed_042 recycle=1 pLDDT=86.2 pTM=0.69 tol=0.327
2026-07-23 03:21:02,559 alphafold2_ptm_model_3_seed_042 recycle=2 pLDDT=87.1 pTM=0.697 tol=0.242
2026-07-23 03:21:17,515 alphafold2_ptm_model_3_seed_042 recycle=3 pLDDT=86.8 pTM=0.7 tol=0.291
2026-07-23 03:21:17,516 alphafold2_ptm_model_3_seed_042 took 58.8s (3 recycles)
2026-07-23 03:21:32,343 alphafold2_ptm_model_4_seed_042 recycle=0 pLDDT=90.1 pTM=0.734
2026-07-23 03:21:46,785 alphafold2_ptm_model_4_seed_042 recycle=1 pLDDT=87.2 pTM=0.716 tol=0.631
2026-07-23 03:22:01,271 alphafold2_ptm_model_4_seed_042 recycle=2 pLDDT=88.6 pTM=0.729 tol=0.357
2026-07-23 03:22:16,041 alphafold2_ptm_model_4_seed_042 recycle=3 pLDDT=88.8 pTM=0.735 tol=0.102
2026-07-23 03:22:16,042 alphafold2_ptm_model_4_seed_042 took 58.5s (3 recycles)
2026-07-23 03:22:30,813 alphafold2_ptm_model_5_seed_042 recycle=0 pLDDT=87.7 pTM=0.699
2026-07-23 03:22:44,969 alphafold2_ptm_model_5_seed_042 recycle=1 pLDDT=88.4 pTM=0.712 tol=0.203
2026-07-23 03:22:58,984 alphafold2_ptm_model_5_seed_042 recycle=2 pLDDT=89.1 pTM=0.715 tol=0.133
2026-07-23 03:23:13,620 alphafold2_ptm_model_5_seed_042 recycle=3 pLDDT=89.5 pTM=0.718 tol=0.0742
2026-07-23 03:23:13,621 alphafold2_ptm_model_5_seed_042 took 57.5s (3 recycles)
2026-07-23 03:23:15,613 Padding length to 82
2026-07-23 03:23:30,286 alphafold2_ptm_model_1_seed_043 recycle=0 pLDDT=89.3 pTM=0.704
2026-07-23 03:23:44,797 alphafold2_ptm_model_1_seed_043 recycle=1 pLDDT=87.9 pTM=0.699 tol=0.221
2026-07-23 03:23:59,512 alphafold2_ptm_model_1_seed_043 recycle=2 pLDDT=88 pTM=0.701 tol=0.0748
2026-07-23 03:24:13,270 alphafold2_ptm_model_1_seed_043 recycle=3 pLDDT=87.6 pTM=0.695 tol=0.0952
2026-07-23 03:24:13,271 alphafold2_ptm_model_1_seed_043 took 57.7s (3 recycles)
2026-07-23 03:24:28,270 alphafold2_ptm_model_2_seed_043 recycle=0 pLDDT=90.5 pTM=0.742
2026-07-23 03:24:42,931 alphafold2_ptm_model_2_seed_043 recycle=1 pLDDT=89 pTM=0.729 tol=0.244
2026-07-23 03:24:57,380 alphafold2_ptm_model_2_seed_043 recycle=2 pLDDT=88.7 pTM=0.726 tol=0.12
2026-07-23 03:25:12,368 alphafold2_ptm_model_2_seed_043 recycle=3 pLDDT=87.6 pTM=0.714 tol=0.217
2026-07-23 03:25:12,369 alphafold2_ptm_model_2_seed_043 took 59.0s (3 recycles)
2026-07-23 03:25:27,288 alphafold2_ptm_model_3_seed_043 recycle=0 pLDDT=87.2 pTM=0.692
2026-07-23 03:25:41,402 alphafold2_ptm_model_3_seed_043 recycle=1 pLDDT=86.2 pTM=0.69 tol=0.272
2026-07-23 03:25:56,095 alphafold2_ptm_model_3_seed_043 recycle=2 pLDDT=87.1 pTM=0.698 tol=0.167
2026-07-23 03:26:10,280 alphafold2_ptm_model_3_seed_043 recycle=3 pLDDT=86.8 pTM=0.701 tol=0.118
2026-07-23 03:26:10,282 alphafold2_ptm_model_3_seed_043 took 57.9s (3 recycles)
2026-07-23 03:26:24,608 alphafold2_ptm_model_4_seed_043 recycle=0 pLDDT=90.1 pTM=0.73
2026-07-23 03:26:39,000 alphafold2_ptm_model_4_seed_043 recycle=1 pLDDT=86.9 pTM=0.714 tol=0.835
2026-07-23 03:26:52,654 alphafold2_ptm_model_4_seed_043 recycle=2 pLDDT=88.2 pTM=0.726 tol=0.567
2026-07-23 03:27:06,567 alphafold2_ptm_model_4_seed_043 recycle=3 pLDDT=88.8 pTM=0.735 tol=0.119
2026-07-23 03:27:06,568 alphafold2_ptm_model_4_seed_043 took 56.2s (3 recycles)
2026-07-23 03:27:20,445 alphafold2_ptm_model_5_seed_043 recycle=0 pLDDT=87.3 pTM=0.692
2026-07-23 03:27:34,174 alphafold2_ptm_model_5_seed_043 recycle=1 pLDDT=88.6 pTM=0.714 tol=0.198
2026-07-23 03:27:48,816 alphafold2_ptm_model_5_seed_043 recycle=2 pLDDT=89.3 pTM=0.716 tol=0.131
2026-07-23 03:28:02,848 alphafold2_ptm_model_5_seed_043 recycle=3 pLDDT=89.6 pTM=0.719 tol=0.0584
2026-07-23 03:28:02,849 alphafold2_ptm_model_5_seed_043 took 56.2s (3 recycles)
2026-07-23 03:28:04,760 Padding length to 82
2026-07-23 03:28:19,183 alphafold2_ptm_model_1_seed_044 recycle=0 pLDDT=89.2 pTM=0.702
2026-07-23 03:28:33,117 alphafold2_ptm_model_1_seed_044 recycle=1 pLDDT=87.9 pTM=0.698 tol=0.208
2026-07-23 03:28:47,406 alphafold2_ptm_model_1_seed_044 recycle=2 pLDDT=88.2 pTM=0.704 tol=0.118
2026-07-23 03:29:01,699 alphafold2_ptm_model_1_seed_044 recycle=3 pLDDT=87.6 pTM=0.697 tol=0.164
2026-07-23 03:29:01,700 alphafold2_ptm_model_1_seed_044 took 56.9s (3 recycles)
2026-07-23 03:29:16,283 alphafold2_ptm_model_2_seed_044 recycle=0 pLDDT=90.9 pTM=0.746
2026-07-23 03:29:30,320 alphafold2_ptm_model_2_seed_044 recycle=1 pLDDT=89.1 pTM=0.729 tol=0.198
2026-07-23 03:29:44,722 alphafold2_ptm_model_2_seed_044 recycle=2 pLDDT=88.1 pTM=0.721 tol=0.172
2026-07-23 03:29:59,056 alphafold2_ptm_model_2_seed_044 recycle=3 pLDDT=87.7 pTM=0.716 tol=0.0878
2026-07-23 03:29:59,057 alphafold2_ptm_model_2_seed_044 took 57.3s (3 recycles)
2026-07-23 03:30:13,403 alphafold2_ptm_model_3_seed_044 recycle=0 pLDDT=87.8 pTM=0.701
2026-07-23 03:30:27,899 alphafold2_ptm_model_3_seed_044 recycle=1 pLDDT=86.1 pTM=0.689 tol=0.387
2026-07-23 03:30:41,062 alphafold2_ptm_model_3_seed_044 recycle=2 pLDDT=87.1 pTM=0.698 tol=0.306
2026-07-23 03:30:54,584 alphafold2_ptm_model_3_seed_044 recycle=3 pLDDT=86.6 pTM=0.701 tol=0.29
2026-07-23 03:30:54,585 alphafold2_ptm_model_3_seed_044 took 55.5s (3 recycles)
2026-07-23 03:31:08,059 alphafold2_ptm_model_4_seed_044 recycle=0 pLDDT=89.8 pTM=0.729
2026-07-23 03:31:21,531 alphafold2_ptm_model_4_seed_044 recycle=1 pLDDT=87.1 pTM=0.716 tol=0.857
2026-07-23 03:31:35,087 alphafold2_ptm_model_4_seed_044 recycle=2 pLDDT=88 pTM=0.724 tol=0.551
2026-07-23 03:31:48,725 alphafold2_ptm_model_4_seed_044 recycle=3 pLDDT=88.9 pTM=0.735 tol=0.123
2026-07-23 03:31:48,726 alphafold2_ptm_model_4_seed_044 took 54.1s (3 recycles)
2026-07-23 03:32:01,792 alphafold2_ptm_model_5_seed_044 recycle=0 pLDDT=87 pTM=0.689
2026-07-23 03:32:16,105 alphafold2_ptm_model_5_seed_044 recycle=1 pLDDT=88.6 pTM=0.713 tol=0.198
2026-07-23 03:32:30,396 alphafold2_ptm_model_5_seed_044 recycle=2 pLDDT=89.1 pTM=0.713 tol=0.111
2026-07-23 03:32:44,695 alphafold2_ptm_model_5_seed_044 recycle=3 pLDDT=89.6 pTM=0.72 tol=0.0731
2026-07-23 03:32:44,697 alphafold2_ptm_model_5_seed_044 took 55.9s (3 recycles)
2026-07-23 03:32:44,728 reranking models by 'plddt' metric
2026-07-23 03:32:44,728 rank_001_alphafold2_ptm_model_5_seed_043 pLDDT=89.6 pTM=0.719
2026-07-23 03:32:44,731 rank_002_alphafold2_ptm_model_5_seed_044 pLDDT=89.6 pTM=0.72
2026-07-23 03:32:44,733 rank_003_alphafold2_ptm_model_5_seed_042 pLDDT=89.5 pTM=0.718
2026-07-23 03:32:44,736 rank_004_alphafold2_ptm_model_4_seed_044 pLDDT=88.9 pTM=0.735
2026-07-23 03:32:44,738 rank_005_alphafold2_ptm_model_4_seed_043 pLDDT=88.8 pTM=0.735
2026-07-23 03:32:44,740 rank_006_alphafold2_ptm_model_4_seed_042 pLDDT=88.8 pTM=0.735
2026-07-23 03:32:44,741 rank_007_alphafold2_ptm_model_2_seed_042 pLDDT=87.8 pTM=0.716
2026-07-23 03:32:44,745 rank_008_alphafold2_ptm_model_2_seed_044 pLDDT=87.7 pTM=0.716
2026-07-23 03:32:44,746 rank_009_alphafold2_ptm_model_1_seed_043 pLDDT=87.6 pTM=0.695
2026-07-23 03:32:44,749 rank_010_alphafold2_ptm_model_1_seed_044 pLDDT=87.6 pTM=0.697
2026-07-23 03:32:44,750 rank_011_alphafold2_ptm_model_2_seed_043 pLDDT=87.6 pTM=0.714
2026-07-23 03:32:44,752 rank_012_alphafold2_ptm_model_1_seed_042 pLDDT=87.4 pTM=0.697
2026-07-23 03:32:44,754 rank_013_alphafold2_ptm_model_3_seed_043 pLDDT=86.8 pTM=0.701
2026-07-23 03:32:44,756 rank_014_alphafold2_ptm_model_3_seed_042 pLDDT=86.8 pTM=0.7
2026-07-23 03:32:44,759 rank_015_alphafold2_ptm_model_3_seed_044 pLDDT=86.6 pTM=0.701
2026-07-23 03:32:47,845 Query 36/723: 5KPH_4_6_3_0_combined_id7 (length 72)
2026-07-23 03:32:50,411 Padding length to 82
2026-07-23 03:33:03,789 alphafold2_ptm_model_1_seed_042 recycle=0 pLDDT=89.4 pTM=0.663
2026-07-23 03:33:17,299 alphafold2_ptm_model_1_seed_042 recycle=1 pLDDT=91.9 pTM=0.72 tol=0.208
2026-07-23 03:33:30,814 alphafold2_ptm_model_1_seed_042 recycle=2 pLDDT=92.2 pTM=0.734 tol=0.077
2026-07-23 03:33:43,758 alphafold2_ptm_model_1_seed_042 recycle=3 pLDDT=92.4 pTM=0.738 tol=0.0367
2026-07-23 03:33:43,759 alphafold2_ptm_model_1_seed_042 took 53.3s (3 recycles)
2026-07-23 03:33:57,001 alphafold2_ptm_model_2_seed_042 recycle=0 pLDDT=92.1 pTM=0.751
2026-07-23 03:34:10,213 alphafold2_ptm_model_2_seed_042 recycle=1 pLDDT=93.9 pTM=0.779 tol=0.151
2026-07-23 03:34:24,888 alphafold2_ptm_model_2_seed_042 recycle=2 pLDDT=94.1 pTM=0.784 tol=0.0782
2026-07-23 03:34:38,758 alphafold2_ptm_model_2_seed_042 recycle=3 pLDDT=94.1 pTM=0.785 tol=0.0361
2026-07-23 03:34:38,759 alphafold2_ptm_model_2_seed_042 took 55.0s (3 recycles)
2026-07-23 03:34:52,316 alphafold2_ptm_model_3_seed_042 recycle=0 pLDDT=87.1 pTM=0.634
2026-07-23 03:35:05,886 alphafold2_ptm_model_3_seed_042 recycle=1 pLDDT=90.9 pTM=0.708 tol=0.16
2026-07-23 03:35:19,413 alphafold2_ptm_model_3_seed_042 recycle=2 pLDDT=91.4 pTM=0.713 tol=0.0664
2026-07-23 03:35:33,033 alphafold2_ptm_model_3_seed_042 recycle=3 pLDDT=91.6 pTM=0.72 tol=0.0562
2026-07-23 03:35:33,034 alphafold2_ptm_model_3_seed_042 took 54.2s (3 recycles)
2026-07-23 03:35:46,185 alphafold2_ptm_model_4_seed_042 recycle=0 pLDDT=87.6 pTM=0.658
2026-07-23 03:35:59,127 alphafold2_ptm_model_4_seed_042 recycle=1 pLDDT=91.2 pTM=0.721 tol=0.252
2026-07-23 03:36:12,006 alphafold2_ptm_model_4_seed_042 recycle=2 pLDDT=91.8 pTM=0.729 tol=0.0592
2026-07-23 03:36:25,313 alphafold2_ptm_model_4_seed_042 recycle=3 pLDDT=92.1 pTM=0.734 tol=0.0434
2026-07-23 03:36:25,315 alphafold2_ptm_model_4_seed_042 took 52.3s (3 recycles)
2026-07-23 03:36:39,094 alphafold2_ptm_model_5_seed_042 recycle=0 pLDDT=89.5 pTM=0.679
2026-07-23 03:36:52,021 alphafold2_ptm_model_5_seed_042 recycle=1 pLDDT=92.4 pTM=0.721 tol=0.231
2026-07-23 03:37:05,432 alphafold2_ptm_model_5_seed_042 recycle=2 pLDDT=92.9 pTM=0.729 tol=0.0596
2026-07-23 03:37:19,293 alphafold2_ptm_model_5_seed_042 recycle=3 pLDDT=93.1 pTM=0.732 tol=0.0388
2026-07-23 03:37:19,294 alphafold2_ptm_model_5_seed_042 took 53.9s (3 recycles)
2026-07-23 03:37:21,418 Padding length to 82
2026-07-23 03:37:34,759 alphafold2_ptm_model_1_seed_043 recycle=0 pLDDT=89.6 pTM=0.666
2026-07-23 03:37:48,340 alphafold2_ptm_model_1_seed_043 recycle=1 pLDDT=91.9 pTM=0.721 tol=0.192
2026-07-23 03:38:01,677 alphafold2_ptm_model_1_seed_043 recycle=2 pLDDT=92.1 pTM=0.732 tol=0.0735
2026-07-23 03:38:15,441 alphafold2_ptm_model_1_seed_043 recycle=3 pLDDT=92.4 pTM=0.739 tol=0.0396
2026-07-23 03:38:15,443 alphafold2_ptm_model_1_seed_043 took 54.0s (3 recycles)
2026-07-23 03:38:29,208 alphafold2_ptm_model_2_seed_043 recycle=0 pLDDT=92 pTM=0.745
2026-07-23 03:38:42,931 alphafold2_ptm_model_2_seed_043 recycle=1 pLDDT=94 pTM=0.779 tol=0.153
2026-07-23 03:38:56,371 alphafold2_ptm_model_2_seed_043 recycle=2 pLDDT=94.1 pTM=0.786 tol=0.0653
2026-07-23 03:39:09,390 alphafold2_ptm_model_2_seed_043 recycle=3 pLDDT=94.2 pTM=0.788 tol=0.0407
2026-07-23 03:39:09,390 alphafold2_ptm_model_2_seed_043 took 53.9s (3 recycles)
2026-07-23 03:39:23,331 alphafold2_ptm_model_3_seed_043 recycle=0 pLDDT=87.6 pTM=0.642
2026-07-23 03:39:36,709 alphafold2_ptm_model_3_seed_043 recycle=1 pLDDT=91.1 pTM=0.71 tol=0.158
2026-07-23 03:39:49,887 alphafold2_ptm_model_3_seed_043 recycle=2 pLDDT=91.4 pTM=0.712 tol=0.0604
2026-07-23 03:40:03,582 alphafold2_ptm_model_3_seed_043 recycle=3 pLDDT=91.7 pTM=0.722 tol=0.0566
2026-07-23 03:40:03,583 alphafold2_ptm_model_3_seed_043 took 54.2s (3 recycles)
2026-07-23 03:40:17,082 alphafold2_ptm_model_4_seed_043 recycle=0 pLDDT=88 pTM=0.664
2026-07-23 03:40:33,804 alphafold2_ptm_model_4_seed_043 recycle=1 pLDDT=91.4 pTM=0.722 tol=0.258
2026-07-23 03:40:48,638 alphafold2_ptm_model_4_seed_043 recycle=2 pLDDT=91.9 pTM=0.731 tol=0.0554
2026-07-23 03:41:02,834 alphafold2_ptm_model_4_seed_043 recycle=3 pLDDT=92.2 pTM=0.735 tol=0.0403
2026-07-23 03:41:02,835 alphafold2_ptm_model_4_seed_043 took 59.2s (3 recycles)
2026-07-23 03:41:16,919 alphafold2_ptm_model_5_seed_043 recycle=0 pLDDT=89.8 pTM=0.68
2026-07-23 03:41:30,584 alphafold2_ptm_model_5_seed_043 recycle=1 pLDDT=92.5 pTM=0.728 tol=0.245
2026-07-23 03:41:45,009 alphafold2_ptm_model_5_seed_043 recycle=2 pLDDT=93.1 pTM=0.731 tol=0.0674
2026-07-23 03:41:58,835 alphafold2_ptm_model_5_seed_043 recycle=3 pLDDT=93.2 pTM=0.734 tol=0.0379
2026-07-23 03:41:58,837 alphafold2_ptm_model_5_seed_043 took 55.9s (3 recycles)
2026-07-23 03:42:00,913 Padding length to 82
2026-07-23 03:42:15,608 alphafold2_ptm_model_1_seed_044 recycle=0 pLDDT=89.1 pTM=0.653
2026-07-23 03:42:29,100 alphafold2_ptm_model_1_seed_044 recycle=1 pLDDT=91.8 pTM=0.719 tol=0.199
2026-07-23 03:42:42,609 alphafold2_ptm_model_1_seed_044 recycle=2 pLDDT=92.1 pTM=0.733 tol=0.0703
2026-07-23 03:42:56,464 alphafold2_ptm_model_1_seed_044 recycle=3 pLDDT=92.3 pTM=0.737 tol=0.0381
2026-07-23 03:42:56,465 alphafold2_ptm_model_1_seed_044 took 55.6s (3 recycles)
2026-07-23 03:43:10,895 alphafold2_ptm_model_2_seed_044 recycle=0 pLDDT=91.9 pTM=0.745
2026-07-23 03:43:24,822 alphafold2_ptm_model_2_seed_044 recycle=1 pLDDT=93.8 pTM=0.775 tol=0.156
2026-07-23 03:43:38,314 alphafold2_ptm_model_2_seed_044 recycle=2 pLDDT=93.9 pTM=0.78 tol=0.0692
2026-07-23 03:43:52,551 alphafold2_ptm_model_2_seed_044 recycle=3 pLDDT=94 pTM=0.783 tol=0.0369
2026-07-23 03:43:52,552 alphafold2_ptm_model_2_seed_044 took 56.1s (3 recycles)
2026-07-23 03:44:06,055 alphafold2_ptm_model_3_seed_044 recycle=0 pLDDT=87.8 pTM=0.644
2026-07-23 03:44:19,943 alphafold2_ptm_model_3_seed_044 recycle=1 pLDDT=90.6 pTM=0.699 tol=0.17
2026-07-23 03:44:33,871 alphafold2_ptm_model_3_seed_044 recycle=2 pLDDT=91.2 pTM=0.708 tol=0.0881
2026-07-23 03:44:47,691 alphafold2_ptm_model_3_seed_044 recycle=3 pLDDT=91.6 pTM=0.719 tol=0.0571
2026-07-23 03:44:47,692 alphafold2_ptm_model_3_seed_044 took 55.1s (3 recycles)
2026-07-23 03:45:02,133 alphafold2_ptm_model_4_seed_044 recycle=0 pLDDT=87.4 pTM=0.656
2026-07-23 03:45:16,206 alphafold2_ptm_model_4_seed_044 recycle=1 pLDDT=91.1 pTM=0.718 tol=0.309
2026-07-23 03:45:30,087 alphafold2_ptm_model_4_seed_044 recycle=2 pLDDT=91.8 pTM=0.729 tol=0.0627
2026-07-23 03:45:44,229 alphafold2_ptm_model_4_seed_044 recycle=3 pLDDT=92.1 pTM=0.733 tol=0.0452
2026-07-23 03:45:44,230 alphafold2_ptm_model_4_seed_044 took 56.5s (3 recycles)
2026-07-23 03:45:59,077 alphafold2_ptm_model_5_seed_044 recycle=0 pLDDT=89.3 pTM=0.673
2026-07-23 03:46:13,182 alphafold2_ptm_model_5_seed_044 recycle=1 pLDDT=92.6 pTM=0.72 tol=0.255
2026-07-23 03:46:27,693 alphafold2_ptm_model_5_seed_044 recycle=2 pLDDT=93.2 pTM=0.73 tol=0.0574
2026-07-23 03:46:43,177 alphafold2_ptm_model_5_seed_044 recycle=3 pLDDT=93.7 pTM=0.74 tol=0.0389
2026-07-23 03:46:43,178 alphafold2_ptm_model_5_seed_044 took 58.9s (3 recycles)
2026-07-23 03:46:43,232 reranking models by 'plddt' metric
2026-07-23 03:46:43,232 rank_001_alphafold2_ptm_model_2_seed_043 pLDDT=94.2 pTM=0.788
2026-07-23 03:46:43,234 rank_002_alphafold2_ptm_model_2_seed_042 pLDDT=94.1 pTM=0.785
2026-07-23 03:46:43,238 rank_003_alphafold2_ptm_model_2_seed_044 pLDDT=94 pTM=0.783
2026-07-23 03:46:43,240 rank_004_alphafold2_ptm_model_5_seed_044 pLDDT=93.7 pTM=0.74
2026-07-23 03:46:43,242 rank_005_alphafold2_ptm_model_5_seed_043 pLDDT=93.2 pTM=0.734
2026-07-23 03:46:43,243 rank_006_alphafold2_ptm_model_5_seed_042 pLDDT=93.1 pTM=0.732
2026-07-23 03:46:43,246 rank_007_alphafold2_ptm_model_1_seed_043 pLDDT=92.4 pTM=0.739
2026-07-23 03:46:43,247 rank_008_alphafold2_ptm_model_1_seed_042 pLDDT=92.4 pTM=0.738
2026-07-23 03:46:43,249 rank_009_alphafold2_ptm_model_1_seed_044 pLDDT=92.3 pTM=0.737
2026-07-23 03:46:43,250 rank_010_alphafold2_ptm_model_4_seed_043 pLDDT=92.2 pTM=0.735
2026-07-23 03:46:43,252 rank_011_alphafold2_ptm_model_4_seed_044 pLDDT=92.1 pTM=0.733
2026-07-23 03:46:43,254 rank_012_alphafold2_ptm_model_4_seed_042 pLDDT=92.1 pTM=0.734
2026-07-23 03:46:43,257 rank_013_alphafold2_ptm_model_3_seed_043 pLDDT=91.7 pTM=0.722
2026-07-23 03:46:43,259 rank_014_alphafold2_ptm_model_3_seed_042 pLDDT=91.6 pTM=0.72
2026-07-23 03:46:43,260 rank_015_alphafold2_ptm_model_3_seed_044 pLDDT=91.6 pTM=0.719
2026-07-23 03:46:46,867 Query 37/723: 5KPH_4_6_3_0_combined_id1 (length 72)
2026-07-23 03:46:50,209 Padding length to 82
2026-07-23 03:47:04,702 alphafold2_ptm_model_1_seed_042 recycle=0 pLDDT=80.7 pTM=0.576
2026-07-23 03:47:19,185 alphafold2_ptm_model_1_seed_042 recycle=1 pLDDT=82.8 pTM=0.615 tol=0.372
2026-07-23 03:47:33,703 alphafold2_ptm_model_1_seed_042 recycle=2 pLDDT=84.8 pTM=0.635 tol=0.411
2026-07-23 03:47:48,103 alphafold2_ptm_model_1_seed_042 recycle=3 pLDDT=85.3 pTM=0.64 tol=0.272
2026-07-23 03:47:48,104 alphafold2_ptm_model_1_seed_042 took 57.9s (3 recycles)
2026-07-23 03:48:02,880 alphafold2_ptm_model_2_seed_042 recycle=0 pLDDT=85.4 pTM=0.654
2026-07-23 03:48:17,505 alphafold2_ptm_model_2_seed_042 recycle=1 pLDDT=86.8 pTM=0.664 tol=0.505
2026-07-23 03:48:31,997 alphafold2_ptm_model_2_seed_042 recycle=2 pLDDT=87.9 pTM=0.67 tol=0.53
2026-07-23 03:48:46,396 alphafold2_ptm_model_2_seed_042 recycle=3 pLDDT=88.9 pTM=0.678 tol=0.267
2026-07-23 03:48:46,398 alphafold2_ptm_model_2_seed_042 took 58.3s (3 recycles)
2026-07-23 03:49:01,216 alphafold2_ptm_model_3_seed_042 recycle=0 pLDDT=82 pTM=0.609
2026-07-23 03:49:15,244 alphafold2_ptm_model_3_seed_042 recycle=1 pLDDT=83.4 pTM=0.619 tol=0.329
2026-07-23 03:49:29,365 alphafold2_ptm_model_3_seed_042 recycle=2 pLDDT=84.5 pTM=0.623 tol=0.153
2026-07-23 03:49:43,453 alphafold2_ptm_model_3_seed_042 recycle=3 pLDDT=84.2 pTM=0.625 tol=0.141
2026-07-23 03:49:43,454 alphafold2_ptm_model_3_seed_042 took 57.0s (3 recycles)
2026-07-23 03:49:57,630 alphafold2_ptm_model_4_seed_042 recycle=0 pLDDT=82.9 pTM=0.628
2026-07-23 03:50:12,120 alphafold2_ptm_model_4_seed_042 recycle=1 pLDDT=83.2 pTM=0.635 tol=0.376
2026-07-23 03:50:26,165 alphafold2_ptm_model_4_seed_042 recycle=2 pLDDT=83.4 pTM=0.636 tol=0.153
2026-07-23 03:50:40,138 alphafold2_ptm_model_4_seed_042 recycle=3 pLDDT=83.4 pTM=0.635 tol=0.149
2026-07-23 03:50:40,139 alphafold2_ptm_model_4_seed_042 took 56.6s (3 recycles)
2026-07-23 03:50:54,098 alphafold2_ptm_model_5_seed_042 recycle=0 pLDDT=83.2 pTM=0.628
2026-07-23 03:51:08,405 alphafold2_ptm_model_5_seed_042 recycle=1 pLDDT=84.4 pTM=0.633 tol=0.273
2026-07-23 03:51:22,110 alphafold2_ptm_model_5_seed_042 recycle=2 pLDDT=84.9 pTM=0.641 tol=0.107
2026-07-23 03:51:36,682 alphafold2_ptm_model_5_seed_042 recycle=3 pLDDT=85 pTM=0.642 tol=0.0833
2026-07-23 03:51:36,683 alphafold2_ptm_model_5_seed_042 took 56.5s (3 recycles)
2026-07-23 03:51:38,529 Padding length to 82
2026-07-23 03:51:53,263 alphafold2_ptm_model_1_seed_043 recycle=0 pLDDT=80.6 pTM=0.574
2026-07-23 03:52:07,914 alphafold2_ptm_model_1_seed_043 recycle=1 pLDDT=83.3 pTM=0.62 tol=0.36
2026-07-23 03:52:22,473 alphafold2_ptm_model_1_seed_043 recycle=2 pLDDT=85.4 pTM=0.64 tol=0.381
2026-07-23 03:52:37,081 alphafold2_ptm_model_1_seed_043 recycle=3 pLDDT=85.8 pTM=0.645 tol=0.228
2026-07-23 03:52:37,082 alphafold2_ptm_model_1_seed_043 took 58.6s (3 recycles)
2026-07-23 03:52:51,793 alphafold2_ptm_model_2_seed_043 recycle=0 pLDDT=85.2 pTM=0.652
2026-07-23 03:53:06,448 alphafold2_ptm_model_2_seed_043 recycle=1 pLDDT=86.3 pTM=0.66 tol=0.502
2026-07-23 03:53:20,526 alphafold2_ptm_model_2_seed_043 recycle=2 pLDDT=87.8 pTM=0.669 tol=0.555
2026-07-23 03:53:35,146 alphafold2_ptm_model_2_seed_043 recycle=3 pLDDT=89.2 pTM=0.682 tol=0.283
2026-07-23 03:53:35,148 alphafold2_ptm_model_2_seed_043 took 58.0s (3 recycles)
2026-07-23 03:53:49,552 alphafold2_ptm_model_3_seed_043 recycle=0 pLDDT=82.1 pTM=0.604
2026-07-23 03:54:03,393 alphafold2_ptm_model_3_seed_043 recycle=1 pLDDT=83.5 pTM=0.62 tol=0.284
2026-07-23 03:54:17,396 alphafold2_ptm_model_3_seed_043 recycle=2 pLDDT=84.6 pTM=0.619 tol=0.152
2026-07-23 03:54:31,703 alphafold2_ptm_model_3_seed_043 recycle=3 pLDDT=84.6 pTM=0.625 tol=0.105
2026-07-23 03:54:31,704 alphafold2_ptm_model_3_seed_043 took 56.5s (3 recycles)
2026-07-23 03:54:45,155 alphafold2_ptm_model_4_seed_043 recycle=0 pLDDT=83.2 pTM=0.633
2026-07-23 03:54:59,115 alphafold2_ptm_model_4_seed_043 recycle=1 pLDDT=83.4 pTM=0.635 tol=0.433
2026-07-23 03:55:13,794 alphafold2_ptm_model_4_seed_043 recycle=2 pLDDT=83.4 pTM=0.636 tol=0.152
2026-07-23 03:55:27,885 alphafold2_ptm_model_4_seed_043 recycle=3 pLDDT=83.9 pTM=0.64 tol=0.199
2026-07-23 03:55:27,886 alphafold2_ptm_model_4_seed_043 took 56.1s (3 recycles)
2026-07-23 03:55:42,401 alphafold2_ptm_model_5_seed_043 recycle=0 pLDDT=83.4 pTM=0.635
2026-07-23 03:55:56,859 alphafold2_ptm_model_5_seed_043 recycle=1 pLDDT=84.6 pTM=0.641 tol=0.281
2026-07-23 03:56:10,775 alphafold2_ptm_model_5_seed_043 recycle=2 pLDDT=85.4 pTM=0.646 tol=0.135
2026-07-23 03:56:24,612 alphafold2_ptm_model_5_seed_043 recycle=3 pLDDT=85.2 pTM=0.644 tol=0.0749
2026-07-23 03:56:24,614 alphafold2_ptm_model_5_seed_043 took 56.7s (3 recycles)
2026-07-23 03:56:26,598 Padding length to 82
2026-07-23 03:56:40,843 alphafold2_ptm_model_1_seed_044 recycle=0 pLDDT=80.9 pTM=0.574
2026-07-23 03:56:55,226 alphafold2_ptm_model_1_seed_044 recycle=1 pLDDT=83.2 pTM=0.619 tol=0.357
2026-07-23 03:57:09,421 alphafold2_ptm_model_1_seed_044 recycle=2 pLDDT=85.2 pTM=0.641 tol=0.398
2026-07-23 03:57:23,071 alphafold2_ptm_model_1_seed_044 recycle=3 pLDDT=85.7 pTM=0.645 tol=0.198
2026-07-23 03:57:23,072 alphafold2_ptm_model_1_seed_044 took 56.5s (3 recycles)
2026-07-23 03:57:36,771 alphafold2_ptm_model_2_seed_044 recycle=0 pLDDT=83.9 pTM=0.647
2026-07-23 03:57:50,624 alphafold2_ptm_model_2_seed_044 recycle=1 pLDDT=83.8 pTM=0.641 tol=0.374
2026-07-23 03:58:04,007 alphafold2_ptm_model_2_seed_044 recycle=2 pLDDT=85.1 pTM=0.649 tol=0.442
2026-07-23 03:58:17,582 alphafold2_ptm_model_2_seed_044 recycle=3 pLDDT=86.7 pTM=0.659 tol=0.42
2026-07-23 03:58:17,583 alphafold2_ptm_model_2_seed_044 took 54.4s (3 recycles)
2026-07-23 03:58:31,975 alphafold2_ptm_model_3_seed_044 recycle=0 pLDDT=82.4 pTM=0.608
2026-07-23 03:58:45,465 alphafold2_ptm_model_3_seed_044 recycle=1 pLDDT=83.5 pTM=0.618 tol=0.333
2026-07-23 03:58:59,328 alphafold2_ptm_model_3_seed_044 recycle=2 pLDDT=84.7 pTM=0.623 tol=0.158
2026-07-23 03:59:12,829 alphafold2_ptm_model_3_seed_044 recycle=3 pLDDT=84.4 pTM=0.626 tol=0.107
2026-07-23 03:59:12,831 alphafold2_ptm_model_3_seed_044 took 55.2s (3 recycles)
2026-07-23 03:59:26,176 alphafold2_ptm_model_4_seed_044 recycle=0 pLDDT=83.1 pTM=0.631
2026-07-23 03:59:39,647 alphafold2_ptm_model_4_seed_044 recycle=1 pLDDT=83.2 pTM=0.633 tol=0.367
2026-07-23 03:59:53,937 alphafold2_ptm_model_4_seed_044 recycle=2 pLDDT=83.2 pTM=0.633 tol=0.137
2026-07-23 04:00:08,300 alphafold2_ptm_model_4_seed_044 recycle=3 pLDDT=83.3 pTM=0.634 tol=0.105
2026-07-23 04:00:08,301 alphafold2_ptm_model_4_seed_044 took 55.4s (3 recycles)
2026-07-23 04:00:22,756 alphafold2_ptm_model_5_seed_044 recycle=0 pLDDT=82.8 pTM=0.627
2026-07-23 04:00:37,179 alphafold2_ptm_model_5_seed_044 recycle=1 pLDDT=84.4 pTM=0.638 tol=0.292
2026-07-23 04:00:51,174 alphafold2_ptm_model_5_seed_044 recycle=2 pLDDT=84.4 pTM=0.645 tol=0.14
2026-07-23 04:01:06,107 alphafold2_ptm_model_5_seed_044 recycle=3 pLDDT=84.9 pTM=0.645 tol=0.0538
2026-07-23 04:01:06,108 alphafold2_ptm_model_5_seed_044 took 57.8s (3 recycles)
2026-07-23 04:01:06,179 reranking models by 'plddt' metric
2026-07-23 04:01:06,180 rank_001_alphafold2_ptm_model_2_seed_043 pLDDT=89.2 pTM=0.682
2026-07-23 04:01:06,187 rank_002_alphafold2_ptm_model_2_seed_042 pLDDT=88.9 pTM=0.678
2026-07-23 04:01:06,194 rank_003_alphafold2_ptm_model_2_seed_044 pLDDT=86.7 pTM=0.659
2026-07-23 04:01:06,196 rank_004_alphafold2_ptm_model_1_seed_043 pLDDT=85.8 pTM=0.645
2026-07-23 04:01:06,199 rank_005_alphafold2_ptm_model_1_seed_044 pLDDT=85.7 pTM=0.645
2026-07-23 04:01:06,216 rank_006_alphafold2_ptm_model_1_seed_042 pLDDT=85.3 pTM=0.64
2026-07-23 04:01:06,240 rank_007_alphafold2_ptm_model_5_seed_043 pLDDT=85.2 pTM=0.644
2026-07-23 04:01:06,242 rank_008_alphafold2_ptm_model_5_seed_042 pLDDT=85 pTM=0.642
2026-07-23 04:01:06,247 rank_009_alphafold2_ptm_model_5_seed_044 pLDDT=84.9 pTM=0.645
2026-07-23 04:01:06,250 rank_010_alphafold2_ptm_model_3_seed_043 pLDDT=84.6 pTM=0.625
2026-07-23 04:01:06,253 rank_011_alphafold2_ptm_model_3_seed_044 pLDDT=84.4 pTM=0.626
2026-07-23 04:01:06,255 rank_012_alphafold2_ptm_model_3_seed_042 pLDDT=84.2 pTM=0.625
2026-07-23 04:01:06,257 rank_013_alphafold2_ptm_model_4_seed_043 pLDDT=83.9 pTM=0.64
2026-07-23 04:01:06,259 rank_014_alphafold2_ptm_model_4_seed_042 pLDDT=83.4 pTM=0.635
2026-07-23 04:01:06,260 rank_015_alphafold2_ptm_model_4_seed_044 pLDDT=83.3 pTM=0.634
2026-07-23 04:01:12,053 Query 38/723: 5KPH_4_6_3_0_combined_id2 (length 72)
2026-07-23 04:01:17,067 Padding length to 82
2026-07-23 04:01:32,063 alphafold2_ptm_model_1_seed_042 recycle=0 pLDDT=83.2 pTM=0.552
2026-07-23 04:01:47,066 alphafold2_ptm_model_1_seed_042 recycle=1 pLDDT=86.8 pTM=0.621 tol=0.296
2026-07-23 04:02:01,824 alphafold2_ptm_model_1_seed_042 recycle=2 pLDDT=87.1 pTM=0.628 tol=0.101
2026-07-23 04:02:16,185 alphafold2_ptm_model_1_seed_042 recycle=3 pLDDT=87.2 pTM=0.632 tol=0.036
2026-07-23 04:02:16,186 alphafold2_ptm_model_1_seed_042 took 59.1s (3 recycles)
2026-07-23 04:02:30,821 alphafold2_ptm_model_2_seed_042 recycle=0 pLDDT=86.1 pTM=0.646
2026-07-23 04:02:45,643 alphafold2_ptm_model_2_seed_042 recycle=1 pLDDT=87.1 pTM=0.662 tol=0.489
2026-07-23 04:02:59,679 alphafold2_ptm_model_2_seed_042 recycle=2 pLDDT=86.9 pTM=0.665 tol=0.0524
2026-07-23 04:03:14,133 alphafold2_ptm_model_2_seed_042 recycle=3 pLDDT=86.9 pTM=0.668 tol=0.0958
2026-07-23 04:03:14,134 alphafold2_ptm_model_2_seed_042 took 57.9s (3 recycles)
2026-07-23 04:03:28,507 alphafold2_ptm_model_3_seed_042 recycle=0 pLDDT=82.4 pTM=0.569
2026-07-23 04:03:42,913 alphafold2_ptm_model_3_seed_042 recycle=1 pLDDT=86.4 pTM=0.619 tol=0.465
2026-07-23 04:03:57,365 alphafold2_ptm_model_3_seed_042 recycle=2 pLDDT=86.6 pTM=0.624 tol=0.359
2026-07-23 04:04:11,896 alphafold2_ptm_model_3_seed_042 recycle=3 pLDDT=86.8 pTM=0.628 tol=0.249
2026-07-23 04:04:11,898 alphafold2_ptm_model_3_seed_042 took 57.7s (3 recycles)
2026-07-23 04:04:26,180 alphafold2_ptm_model_4_seed_042 recycle=0 pLDDT=85.5 pTM=0.619
2026-07-23 04:04:40,521 alphafold2_ptm_model_4_seed_042 recycle=1 pLDDT=86.6 pTM=0.637 tol=0.303
2026-07-23 04:04:55,504 alphafold2_ptm_model_4_seed_042 recycle=2 pLDDT=86.3 pTM=0.635 tol=0.103
2026-07-23 04:05:10,010 alphafold2_ptm_model_4_seed_042 recycle=3 pLDDT=86.4 pTM=0.636 tol=0.0933
2026-07-23 04:05:10,011 alphafold2_ptm_model_4_seed_042 took 58.0s (3 recycles)
2026-07-23 04:05:24,579 alphafold2_ptm_model_5_seed_042 recycle=0 pLDDT=86 pTM=0.632
2026-07-23 04:05:38,721 alphafold2_ptm_model_5_seed_042 recycle=1 pLDDT=87.5 pTM=0.651 tol=0.194
2026-07-23 04:05:53,318 alphafold2_ptm_model_5_seed_042 recycle=2 pLDDT=87.6 pTM=0.645 tol=0.103
2026-07-23 04:06:07,806 alphafold2_ptm_model_5_seed_042 recycle=3 pLDDT=87.5 pTM=0.643 tol=0.0987
2026-07-23 04:06:07,808 alphafold2_ptm_model_5_seed_042 took 57.7s (3 recycles)
2026-07-23 04:06:09,834 Padding length to 82
2026-07-23 04:06:24,219 alphafold2_ptm_model_1_seed_043 recycle=0 pLDDT=83.9 pTM=0.562
2026-07-23 04:06:39,032 alphafold2_ptm_model_1_seed_043 recycle=1 pLDDT=86.9 pTM=0.624 tol=0.234
2026-07-23 04:06:53,638 alphafold2_ptm_model_1_seed_043 recycle=2 pLDDT=87.2 pTM=0.631 tol=0.0858
2026-07-23 04:07:07,921 alphafold2_ptm_model_1_seed_043 recycle=3 pLDDT=87.2 pTM=0.631 tol=0.0317
2026-07-23 04:07:07,922 alphafold2_ptm_model_1_seed_043 took 58.1s (3 recycles)
2026-07-23 04:07:22,748 alphafold2_ptm_model_2_seed_043 recycle=0 pLDDT=86.5 pTM=0.651
2026-07-23 04:07:37,417 alphafold2_ptm_model_2_seed_043 recycle=1 pLDDT=87.1 pTM=0.665 tol=0.414
2026-07-23 04:07:51,999 alphafold2_ptm_model_2_seed_043 recycle=2 pLDDT=86.8 pTM=0.666 tol=0.102
2026-07-23 04:08:06,717 alphafold2_ptm_model_2_seed_043 recycle=3 pLDDT=86.8 pTM=0.668 tol=0.0897
2026-07-23 04:08:06,718 alphafold2_ptm_model_2_seed_043 took 58.8s (3 recycles)
2026-07-23 04:08:21,622 alphafold2_ptm_model_3_seed_043 recycle=0 pLDDT=82.5 pTM=0.57
2026-07-23 04:08:36,413 alphafold2_ptm_model_3_seed_043 recycle=1 pLDDT=86.4 pTM=0.619 tol=0.452
2026-07-23 04:08:51,008 alphafold2_ptm_model_3_seed_043 recycle=2 pLDDT=86.6 pTM=0.624 tol=0.366
2026-07-23 04:09:05,745 alphafold2_ptm_model_3_seed_043 recycle=3 pLDDT=86.8 pTM=0.629 tol=0.273
2026-07-23 04:09:05,746 alphafold2_ptm_model_3_seed_043 took 59.0s (3 recycles)
2026-07-23 04:09:20,602 alphafold2_ptm_model_4_seed_043 recycle=0 pLDDT=85.8 pTM=0.622
2026-07-23 04:09:35,619 alphafold2_ptm_model_4_seed_043 recycle=1 pLDDT=86.6 pTM=0.636 tol=0.299
2026-07-23 04:09:50,404 alphafold2_ptm_model_4_seed_043 recycle=2 pLDDT=86.4 pTM=0.634 tol=0.1
2026-07-23 04:10:05,230 alphafold2_ptm_model_4_seed_043 recycle=3 pLDDT=86.2 pTM=0.635 tol=0.0793
2026-07-23 04:10:05,231 alphafold2_ptm_model_4_seed_043 took 59.4s (3 recycles)
2026-07-23 04:10:20,365 alphafold2_ptm_model_5_seed_043 recycle=0 pLDDT=85.8 pTM=0.63
2026-07-23 04:10:35,215 alphafold2_ptm_model_5_seed_043 recycle=1 pLDDT=87.7 pTM=0.648 tol=0.201
2026-07-23 04:10:49,925 alphafold2_ptm_model_5_seed_043 recycle=2 pLDDT=87.5 pTM=0.643 tol=0.0929
2026-07-23 04:11:04,557 alphafold2_ptm_model_5_seed_043 recycle=3 pLDDT=87.5 pTM=0.642 tol=0.0836
2026-07-23 04:11:04,558 alphafold2_ptm_model_5_seed_043 took 59.3s (3 recycles)
2026-07-23 04:11:06,585 Padding length to 82
2026-07-23 04:11:20,785 alphafold2_ptm_model_1_seed_044 recycle=0 pLDDT=83.1 pTM=0.553
2026-07-23 04:11:35,448 alphafold2_ptm_model_1_seed_044 recycle=1 pLDDT=86.8 pTM=0.625 tol=0.32
2026-07-23 04:11:50,144 alphafold2_ptm_model_1_seed_044 recycle=2 pLDDT=87.2 pTM=0.631 tol=0.113
2026-07-23 04:12:04,625 alphafold2_ptm_model_1_seed_044 recycle=3 pLDDT=87.2 pTM=0.632 tol=0.0275
2026-07-23 04:12:04,626 alphafold2_ptm_model_1_seed_044 took 58.0s (3 recycles)
2026-07-23 04:12:19,015 alphafold2_ptm_model_2_seed_044 recycle=0 pLDDT=86.3 pTM=0.648
2026-07-23 04:12:33,357 alphafold2_ptm_model_2_seed_044 recycle=1 pLDDT=87.1 pTM=0.664 tol=0.498
2026-07-23 04:12:47,661 alphafold2_ptm_model_2_seed_044 recycle=2 pLDDT=87 pTM=0.667 tol=0.0695
2026-07-23 04:13:01,798 alphafold2_ptm_model_2_seed_044 recycle=3 pLDDT=86.8 pTM=0.666 tol=0.0851
2026-07-23 04:13:01,799 alphafold2_ptm_model_2_seed_044 took 57.1s (3 recycles)
2026-07-23 04:13:16,519 alphafold2_ptm_model_3_seed_044 recycle=0 pLDDT=82.8 pTM=0.574
2026-07-23 04:13:30,939 alphafold2_ptm_model_3_seed_044 recycle=1 pLDDT=86.2 pTM=0.616 tol=0.471
2026-07-23 04:13:45,390 alphafold2_ptm_model_3_seed_044 recycle=2 pLDDT=86.7 pTM=0.623 tol=0.371
2026-07-23 04:13:59,900 alphafold2_ptm_model_3_seed_044 recycle=3 pLDDT=86.8 pTM=0.629 tol=0.267
2026-07-23 04:13:59,901 alphafold2_ptm_model_3_seed_044 took 58.0s (3 recycles)
2026-07-23 04:14:14,553 alphafold2_ptm_model_4_seed_044 recycle=0 pLDDT=85.6 pTM=0.62
2026-07-23 04:14:29,301 alphafold2_ptm_model_4_seed_044 recycle=1 pLDDT=86.6 pTM=0.637 tol=0.276
2026-07-23 04:14:43,588 alphafold2_ptm_model_4_seed_044 recycle=2 pLDDT=86.5 pTM=0.634 tol=0.128
2026-07-23 04:14:58,217 alphafold2_ptm_model_4_seed_044 recycle=3 pLDDT=86.4 pTM=0.635 tol=0.0756
2026-07-23 04:14:58,218 alphafold2_ptm_model_4_seed_044 took 58.3s (3 recycles)
2026-07-23 04:15:13,135 alphafold2_ptm_model_5_seed_044 recycle=0 pLDDT=85.3 pTM=0.626
2026-07-23 04:15:28,515 alphafold2_ptm_model_5_seed_044 recycle=1 pLDDT=87.3 pTM=0.649 tol=0.215
2026-07-23 04:15:42,853 alphafold2_ptm_model_5_seed_044 recycle=2 pLDDT=87.4 pTM=0.646 tol=0.0981
2026-07-23 04:15:57,893 alphafold2_ptm_model_5_seed_044 recycle=3 pLDDT=87.6 pTM=0.645 tol=0.0755
2026-07-23 04:15:57,895 alphafold2_ptm_model_5_seed_044 took 59.6s (3 recycles)
2026-07-23 04:15:57,934 reranking models by 'plddt' metric
2026-07-23 04:15:57,934 rank_001_alphafold2_ptm_model_5_seed_044 pLDDT=87.6 pTM=0.645
2026-07-23 04:15:57,936 rank_002_alphafold2_ptm_model_5_seed_043 pLDDT=87.5 pTM=0.642
2026-07-23 04:15:57,937 rank_003_alphafold2_ptm_model_5_seed_042 pLDDT=87.5 pTM=0.643
2026-07-23 04:15:57,939 rank_004_alphafold2_ptm_model_1_seed_044 pLDDT=87.2 pTM=0.632
2026-07-23 04:15:57,941 rank_005_alphafold2_ptm_model_1_seed_043 pLDDT=87.2 pTM=0.631
2026-07-23 04:15:57,943 rank_006_alphafold2_ptm_model_1_seed_042 pLDDT=87.2 pTM=0.632
2026-07-23 04:15:57,944 rank_007_alphafold2_ptm_model_2_seed_042 pLDDT=86.9 pTM=0.668
2026-07-23 04:15:57,947 rank_008_alphafold2_ptm_model_3_seed_043 pLDDT=86.8 pTM=0.629
2026-07-23 04:15:57,948 rank_009_alphafold2_ptm_model_3_seed_042 pLDDT=86.8 pTM=0.628
2026-07-23 04:15:57,951 rank_010_alphafold2_ptm_model_3_seed_044 pLDDT=86.8 pTM=0.629
2026-07-23 04:15:57,952 rank_011_alphafold2_ptm_model_2_seed_044 pLDDT=86.8 pTM=0.666
2026-07-23 04:15:57,954 rank_012_alphafold2_ptm_model_2_seed_043 pLDDT=86.8 pTM=0.668
2026-07-23 04:15:57,955 rank_013_alphafold2_ptm_model_4_seed_044 pLDDT=86.4 pTM=0.635
2026-07-23 04:15:57,957 rank_014_alphafold2_ptm_model_4_seed_042 pLDDT=86.4 pTM=0.636
2026-07-23 04:15:57,958 rank_015_alphafold2_ptm_model_4_seed_043 pLDDT=86.2 pTM=0.635
2026-07-23 04:16:01,578 Query 39/723: 5KPH_6_4_0_0_combined_id5 (length 72)
2026-07-23 04:16:04,851 Padding length to 82
2026-07-23 04:16:19,313 alphafold2_ptm_model_1_seed_042 recycle=0 pLDDT=84.2 pTM=0.598
2026-07-23 04:16:33,533 alphafold2_ptm_model_1_seed_042 recycle=1 pLDDT=85.6 pTM=0.62 tol=0.278
2026-07-23 04:16:48,094 alphafold2_ptm_model_1_seed_042 recycle=2 pLDDT=84.2 pTM=0.605 tol=0.172
2026-07-23 04:17:02,496 alphafold2_ptm_model_1_seed_042 recycle=3 pLDDT=83.4 pTM=0.597 tol=0.0867
2026-07-23 04:17:02,497 alphafold2_ptm_model_1_seed_042 took 57.6s (3 recycles)
2026-07-23 04:17:16,465 alphafold2_ptm_model_2_seed_042 recycle=0 pLDDT=89.2 pTM=0.691
2026-07-23 04:17:30,916 alphafold2_ptm_model_2_seed_042 recycle=1 pLDDT=87.9 pTM=0.679 tol=0.268
2026-07-23 04:17:45,433 alphafold2_ptm_model_2_seed_042 recycle=2 pLDDT=86.8 pTM=0.665 tol=0.135
2026-07-23 04:17:59,631 alphafold2_ptm_model_2_seed_042 recycle=3 pLDDT=85.9 pTM=0.652 tol=0.0969
2026-07-23 04:17:59,632 alphafold2_ptm_model_2_seed_042 took 57.1s (3 recycles)
2026-07-23 04:18:14,298 alphafold2_ptm_model_3_seed_042 recycle=0 pLDDT=74.2 pTM=0.529
2026-07-23 04:18:28,807 alphafold2_ptm_model_3_seed_042 recycle=1 pLDDT=86.2 pTM=0.634 tol=0.936
2026-07-23 04:18:43,260 alphafold2_ptm_model_3_seed_042 recycle=2 pLDDT=86.3 pTM=0.628 tol=0.194
2026-07-23 04:18:57,494 alphafold2_ptm_model_3_seed_042 recycle=3 pLDDT=85.6 pTM=0.626 tol=0.101
2026-07-23 04:18:57,495 alphafold2_ptm_model_3_seed_042 took 57.8s (3 recycles)
2026-07-23 04:19:12,047 alphafold2_ptm_model_4_seed_042 recycle=0 pLDDT=87.7 pTM=0.666
2026-07-23 04:19:26,599 alphafold2_ptm_model_4_seed_042 recycle=1 pLDDT=86.7 pTM=0.65 tol=0.168
2026-07-23 04:19:40,958 alphafold2_ptm_model_4_seed_042 recycle=2 pLDDT=86.7 pTM=0.646 tol=0.0716
2026-07-23 04:19:55,531 alphafold2_ptm_model_4_seed_042 recycle=3 pLDDT=86.7 pTM=0.645 tol=0.0324
2026-07-23 04:19:55,532 alphafold2_ptm_model_4_seed_042 took 58.0s (3 recycles)
2026-07-23 04:20:10,332 alphafold2_ptm_model_5_seed_042 recycle=0 pLDDT=88.2 pTM=0.681
2026-07-23 04:20:24,440 alphafold2_ptm_model_5_seed_042 recycle=1 pLDDT=88.9 pTM=0.681 tol=0.191
2026-07-23 04:20:38,054 alphafold2_ptm_model_5_seed_042 recycle=2 pLDDT=88.5 pTM=0.671 tol=0.0684
2026-07-23 04:20:51,538 alphafold2_ptm_model_5_seed_042 recycle=3 pLDDT=88.3 pTM=0.669 tol=0.0402
2026-07-23 04:20:51,539 alphafold2_ptm_model_5_seed_042 took 56.0s (3 recycles)
2026-07-23 04:20:52,811 Padding length to 82
2026-07-23 04:21:06,428 alphafold2_ptm_model_1_seed_043 recycle=0 pLDDT=85.3 pTM=0.612
2026-07-23 04:21:20,730 alphafold2_ptm_model_1_seed_043 recycle=1 pLDDT=86.2 pTM=0.628 tol=0.334
2026-07-23 04:21:35,097 alphafold2_ptm_model_1_seed_043 recycle=2 pLDDT=84.5 pTM=0.608 tol=0.141
2026-07-23 04:21:49,434 alphafold2_ptm_model_1_seed_043 recycle=3 pLDDT=83.6 pTM=0.6 tol=0.0995
2026-07-23 04:21:49,435 alphafold2_ptm_model_1_seed_043 took 56.6s (3 recycles)
2026-07-23 04:22:03,751 alphafold2_ptm_model_2_seed_043 recycle=0 pLDDT=88.7 pTM=0.685
2026-07-23 04:22:17,729 alphafold2_ptm_model_2_seed_043 recycle=1 pLDDT=87.2 pTM=0.662 tol=0.253
2026-07-23 04:22:31,393 alphafold2_ptm_model_2_seed_043 recycle=2 pLDDT=86.1 pTM=0.647 tol=0.124
2026-07-23 04:22:45,612 alphafold2_ptm_model_2_seed_043 recycle=3 pLDDT=85.3 pTM=0.64 tol=0.0923
2026-07-23 04:22:45,614 alphafold2_ptm_model_2_seed_043 took 56.1s (3 recycles)
2026-07-23 04:22:59,869 alphafold2_ptm_model_3_seed_043 recycle=0 pLDDT=66.1 pTM=0.484
2026-07-23 04:23:14,418 alphafold2_ptm_model_3_seed_043 recycle=1 pLDDT=85.2 pTM=0.625 tol=2.85
2026-07-23 04:23:28,801 alphafold2_ptm_model_3_seed_043 recycle=2 pLDDT=85.9 pTM=0.62 tol=0.21
2026-07-23 04:23:42,619 alphafold2_ptm_model_3_seed_043 recycle=3 pLDDT=85 pTM=0.618 tol=0.125
2026-07-23 04:23:42,622 alphafold2_ptm_model_3_seed_043 took 57.0s (3 recycles)
2026-07-23 04:23:56,933 alphafold2_ptm_model_4_seed_043 recycle=0 pLDDT=87.5 pTM=0.661
2026-07-23 04:24:11,000 alphafold2_ptm_model_4_seed_043 recycle=1 pLDDT=86.6 pTM=0.65 tol=0.18
2026-07-23 04:24:25,024 alphafold2_ptm_model_4_seed_043 recycle=2 pLDDT=86.6 pTM=0.644 tol=0.0694
2026-07-23 04:24:38,818 alphafold2_ptm_model_4_seed_043 recycle=3 pLDDT=86.6 pTM=0.645 tol=0.0377
2026-07-23 04:24:38,819 alphafold2_ptm_model_4_seed_043 took 56.1s (3 recycles)
2026-07-23 04:24:52,117 alphafold2_ptm_model_5_seed_043 recycle=0 pLDDT=88.4 pTM=0.683
2026-07-23 04:25:06,161 alphafold2_ptm_model_5_seed_043 recycle=1 pLDDT=88.6 pTM=0.675 tol=0.187
2026-07-23 04:25:21,328 alphafold2_ptm_model_5_seed_043 recycle=2 pLDDT=88.3 pTM=0.662 tol=0.0937
2026-07-23 04:25:35,528 alphafold2_ptm_model_5_seed_043 recycle=3 pLDDT=88.3 pTM=0.664 tol=0.0588
2026-07-23 04:25:35,530 alphafold2_ptm_model_5_seed_043 took 56.7s (3 recycles)
2026-07-23 04:25:36,985 Padding length to 82
2026-07-23 04:25:50,866 alphafold2_ptm_model_1_seed_044 recycle=0 pLDDT=85.6 pTM=0.614
2026-07-23 04:26:04,988 alphafold2_ptm_model_1_seed_044 recycle=1 pLDDT=86.2 pTM=0.631 tol=0.321
2026-07-23 04:26:18,945 alphafold2_ptm_model_1_seed_044 recycle=2 pLDDT=84.6 pTM=0.611 tol=0.151
2026-07-23 04:26:33,355 alphafold2_ptm_model_1_seed_044 recycle=3 pLDDT=83.8 pTM=0.602 tol=0.0916
2026-07-23 04:26:33,357 alphafold2_ptm_model_1_seed_044 took 56.4s (3 recycles)
2026-07-23 04:26:47,845 alphafold2_ptm_model_2_seed_044 recycle=0 pLDDT=88.9 pTM=0.687
2026-07-23 04:27:02,420 alphafold2_ptm_model_2_seed_044 recycle=1 pLDDT=87.2 pTM=0.664 tol=0.242
2026-07-23 04:27:17,990 alphafold2_ptm_model_2_seed_044 recycle=2 pLDDT=86.1 pTM=0.647 tol=0.117
2026-07-23 04:27:32,546 alphafold2_ptm_model_2_seed_044 recycle=3 pLDDT=85.3 pTM=0.639 tol=0.0864
2026-07-23 04:27:32,547 alphafold2_ptm_model_2_seed_044 took 59.1s (3 recycles)
2026-07-23 04:27:46,737 alphafold2_ptm_model_3_seed_044 recycle=0 pLDDT=75.4 pTM=0.561
2026-07-23 04:28:01,045 alphafold2_ptm_model_3_seed_044 recycle=1 pLDDT=83.5 pTM=0.592 tol=0.725
2026-07-23 04:28:15,216 alphafold2_ptm_model_3_seed_044 recycle=2 pLDDT=83.6 pTM=0.606 tol=0.192
2026-07-23 04:28:29,200 alphafold2_ptm_model_3_seed_044 recycle=3 pLDDT=84.5 pTM=0.604 tol=0.101
2026-07-23 04:28:29,201 alphafold2_ptm_model_3_seed_044 took 56.6s (3 recycles)
2026-07-23 04:28:43,522 alphafold2_ptm_model_4_seed_044 recycle=0 pLDDT=87.7 pTM=0.667
2026-07-23 04:28:57,382 alphafold2_ptm_model_4_seed_044 recycle=1 pLDDT=86.7 pTM=0.651 tol=0.186
2026-07-23 04:29:11,334 alphafold2_ptm_model_4_seed_044 recycle=2 pLDDT=86.7 pTM=0.645 tol=0.0699
2026-07-23 04:29:25,628 alphafold2_ptm_model_4_seed_044 recycle=3 pLDDT=86.6 pTM=0.645 tol=0.0273
2026-07-23 04:29:25,630 alphafold2_ptm_model_4_seed_044 took 56.4s (3 recycles)
2026-07-23 04:29:39,771 alphafold2_ptm_model_5_seed_044 recycle=0 pLDDT=88.5 pTM=0.681
2026-07-23 04:29:54,258 alphafold2_ptm_model_5_seed_044 recycle=1 pLDDT=88.4 pTM=0.672 tol=0.169
2026-07-23 04:30:08,405 alphafold2_ptm_model_5_seed_044 recycle=2 pLDDT=88.1 pTM=0.665 tol=0.0677
2026-07-23 04:30:22,766 alphafold2_ptm_model_5_seed_044 recycle=3 pLDDT=88.2 pTM=0.667 tol=0.0383
2026-07-23 04:30:22,770 alphafold2_ptm_model_5_seed_044 took 57.1s (3 recycles)
2026-07-23 04:30:22,830 reranking models by 'plddt' metric
2026-07-23 04:30:22,830 rank_001_alphafold2_ptm_model_5_seed_043 pLDDT=88.3 pTM=0.664
2026-07-23 04:30:22,833 rank_002_alphafold2_ptm_model_5_seed_042 pLDDT=88.3 pTM=0.669
2026-07-23 04:30:22,835 rank_003_alphafold2_ptm_model_5_seed_044 pLDDT=88.2 pTM=0.667
2026-07-23 04:30:22,836 rank_004_alphafold2_ptm_model_4_seed_042 pLDDT=86.7 pTM=0.645
2026-07-23 04:30:22,838 rank_005_alphafold2_ptm_model_4_seed_044 pLDDT=86.6 pTM=0.645
2026-07-23 04:30:22,840 rank_006_alphafold2_ptm_model_4_seed_043 pLDDT=86.6 pTM=0.645
2026-07-23 04:30:22,842 rank_007_alphafold2_ptm_model_2_seed_042 pLDDT=85.9 pTM=0.652
2026-07-23 04:30:22,844 rank_008_alphafold2_ptm_model_3_seed_042 pLDDT=85.6 pTM=0.626
2026-07-23 04:30:22,846 rank_009_alphafold2_ptm_model_2_seed_044 pLDDT=85.3 pTM=0.639
2026-07-23 04:30:22,848 rank_010_alphafold2_ptm_model_2_seed_043 pLDDT=85.3 pTM=0.64
2026-07-23 04:30:22,850 rank_011_alphafold2_ptm_model_3_seed_043 pLDDT=85 pTM=0.618
2026-07-23 04:30:22,852 rank_012_alphafold2_ptm_model_3_seed_044 pLDDT=84.5 pTM=0.604
2026-07-23 04:30:22,854 rank_013_alphafold2_ptm_model_1_seed_044 pLDDT=83.8 pTM=0.602
2026-07-23 04:30:22,855 rank_014_alphafold2_ptm_model_1_seed_043 pLDDT=83.6 pTM=0.6
2026-07-23 04:30:22,857 rank_015_alphafold2_ptm_model_1_seed_042 pLDDT=83.4 pTM=0.597
2026-07-23 04:30:27,060 Query 40/723: 5KPH_6_4_0_0_combined_id9 (length 72)
2026-07-23 04:30:30,235 Padding length to 82
2026-07-23 04:30:45,218 alphafold2_ptm_model_1_seed_042 recycle=0 pLDDT=86.3 pTM=0.629
2026-07-23 04:30:59,928 alphafold2_ptm_model_1_seed_042 recycle=1 pLDDT=86.6 pTM=0.651 tol=0.304
2026-07-23 04:31:14,791 alphafold2_ptm_model_1_seed_042 recycle=2 pLDDT=86.1 pTM=0.648 tol=0.0807
2026-07-23 04:31:29,895 alphafold2_ptm_model_1_seed_042 recycle=3 pLDDT=86.5 pTM=0.652 tol=0.0493
2026-07-23 04:31:29,896 alphafold2_ptm_model_1_seed_042 took 59.7s (3 recycles)
2026-07-23 04:31:44,881 alphafold2_ptm_model_2_seed_042 recycle=0 pLDDT=86.4 pTM=0.661
2026-07-23 04:31:59,923 alphafold2_ptm_model_2_seed_042 recycle=1 pLDDT=87.5 pTM=0.684 tol=0.465
2026-07-23 04:32:14,817 alphafold2_ptm_model_2_seed_042 recycle=2 pLDDT=87.5 pTM=0.69 tol=0.228
2026-07-23 04:32:29,749 alphafold2_ptm_model_2_seed_042 recycle=3 pLDDT=87.8 pTM=0.696 tol=0.136
2026-07-23 04:32:29,750 alphafold2_ptm_model_2_seed_042 took 59.8s (3 recycles)
2026-07-23 04:32:44,812 alphafold2_ptm_model_3_seed_042 recycle=0 pLDDT=85.1 pTM=0.604
2026-07-23 04:32:59,704 alphafold2_ptm_model_3_seed_042 recycle=1 pLDDT=85.8 pTM=0.631 tol=0.213
2026-07-23 04:33:14,335 alphafold2_ptm_model_3_seed_042 recycle=2 pLDDT=86.1 pTM=0.634 tol=0.108
2026-07-23 04:33:29,144 alphafold2_ptm_model_3_seed_042 recycle=3 pLDDT=86.1 pTM=0.64 tol=0.0798
2026-07-23 04:33:29,145 alphafold2_ptm_model_3_seed_042 took 59.3s (3 recycles)
2026-07-23 04:33:43,452 alphafold2_ptm_model_4_seed_042 recycle=0 pLDDT=87.3 pTM=0.658
2026-07-23 04:33:58,484 alphafold2_ptm_model_4_seed_042 recycle=1 pLDDT=85 pTM=0.643 tol=0.218
2026-07-23 04:34:13,448 alphafold2_ptm_model_4_seed_042 recycle=2 pLDDT=84.8 pTM=0.644 tol=0.0922
2026-07-23 04:34:28,408 alphafold2_ptm_model_4_seed_042 recycle=3 pLDDT=84.6 pTM=0.643 tol=0.0437
2026-07-23 04:34:28,409 alphafold2_ptm_model_4_seed_042 took 59.2s (3 recycles)
2026-07-23 04:34:43,241 alphafold2_ptm_model_5_seed_042 recycle=0 pLDDT=86.2 pTM=0.643
2026-07-23 04:34:57,515 alphafold2_ptm_model_5_seed_042 recycle=1 pLDDT=87.1 pTM=0.653 tol=0.212
2026-07-23 04:35:12,452 alphafold2_ptm_model_5_seed_042 recycle=2 pLDDT=87 pTM=0.656 tol=0.208
2026-07-23 04:35:27,144 alphafold2_ptm_model_5_seed_042 recycle=3 pLDDT=86.4 pTM=0.652 tol=0.102
2026-07-23 04:35:27,145 alphafold2_ptm_model_5_seed_042 took 58.7s (3 recycles)
2026-07-23 04:35:29,112 Padding length to 82
2026-07-23 04:35:43,950 alphafold2_ptm_model_1_seed_043 recycle=0 pLDDT=85.4 pTM=0.615
2026-07-23 04:35:58,753 alphafold2_ptm_model_1_seed_043 recycle=1 pLDDT=86.2 pTM=0.647 tol=0.135
2026-07-23 04:36:13,392 alphafold2_ptm_model_1_seed_043 recycle=2 pLDDT=86.1 pTM=0.646 tol=0.109
2026-07-23 04:36:27,975 alphafold2_ptm_model_1_seed_043 recycle=3 pLDDT=86.2 pTM=0.649 tol=0.0414
2026-07-23 04:36:27,976 alphafold2_ptm_model_1_seed_043 took 58.9s (3 recycles)
2026-07-23 04:36:42,858 alphafold2_ptm_model_2_seed_043 recycle=0 pLDDT=86.3 pTM=0.658
2026-07-23 04:36:57,552 alphafold2_ptm_model_2_seed_043 recycle=1 pLDDT=87.1 pTM=0.68 tol=0.412
2026-07-23 04:37:12,154 alphafold2_ptm_model_2_seed_043 recycle=2 pLDDT=87.4 pTM=0.688 tol=0.283
2026-07-23 04:37:26,810 alphafold2_ptm_model_2_seed_043 recycle=3 pLDDT=87.1 pTM=0.686 tol=0.0635
2026-07-23 04:37:26,812 alphafold2_ptm_model_2_seed_043 took 58.8s (3 recycles)
2026-07-23 04:37:41,472 alphafold2_ptm_model_3_seed_043 recycle=0 pLDDT=85.4 pTM=0.607
2026-07-23 04:37:56,142 alphafold2_ptm_model_3_seed_043 recycle=1 pLDDT=85.8 pTM=0.634 tol=0.286
2026-07-23 04:38:10,581 alphafold2_ptm_model_3_seed_043 recycle=2 pLDDT=86.3 pTM=0.634 tol=0.0693
2026-07-23 04:38:25,244 alphafold2_ptm_model_3_seed_043 recycle=3 pLDDT=86.2 pTM=0.641 tol=0.119
2026-07-23 04:38:25,245 alphafold2_ptm_model_3_seed_043 took 58.4s (3 recycles)
2026-07-23 04:38:40,152 alphafold2_ptm_model_4_seed_043 recycle=0 pLDDT=87.2 pTM=0.657
2026-07-23 04:38:55,095 alphafold2_ptm_model_4_seed_043 recycle=1 pLDDT=85.1 pTM=0.645 tol=0.219
2026-07-23 04:39:09,675 alphafold2_ptm_model_4_seed_043 recycle=2 pLDDT=84.8 pTM=0.642 tol=0.151
2026-07-23 04:39:23,978 alphafold2_ptm_model_4_seed_043 recycle=3 pLDDT=84.6 pTM=0.642 tol=0.0412
2026-07-23 04:39:23,980 alphafold2_ptm_model_4_seed_043 took 58.7s (3 recycles)
2026-07-23 04:39:38,851 alphafold2_ptm_model_5_seed_043 recycle=0 pLDDT=86.2 pTM=0.645
2026-07-23 04:39:53,270 alphafold2_ptm_model_5_seed_043 recycle=1 pLDDT=86.8 pTM=0.652 tol=0.376
2026-07-23 04:40:08,036 alphafold2_ptm_model_5_seed_043 recycle=2 pLDDT=86.9 pTM=0.658 tol=0.275
2026-07-23 04:40:22,336 alphafold2_ptm_model_5_seed_043 recycle=3 pLDDT=86.6 pTM=0.651 tol=0.116
2026-07-23 04:40:22,336 alphafold2_ptm_model_5_seed_043 took 58.3s (3 recycles)
2026-07-23 04:40:24,337 Padding length to 82
2026-07-23 04:40:38,974 alphafold2_ptm_model_1_seed_044 recycle=0 pLDDT=86.4 pTM=0.628
2026-07-23 04:40:53,156 alphafold2_ptm_model_1_seed_044 recycle=1 pLDDT=86.9 pTM=0.655 tol=0.435
2026-07-23 04:41:07,666 alphafold2_ptm_model_1_seed_044 recycle=2 pLDDT=86.4 pTM=0.65 tol=0.104
2026-07-23 04:41:22,139 alphafold2_ptm_model_1_seed_044 recycle=3 pLDDT=86.6 pTM=0.654 tol=0.0497
2026-07-23 04:41:22,140 alphafold2_ptm_model_1_seed_044 took 57.8s (3 recycles)
2026-07-23 04:41:36,738 alphafold2_ptm_model_2_seed_044 recycle=0 pLDDT=86.1 pTM=0.656
2026-07-23 04:41:51,319 alphafold2_ptm_model_2_seed_044 recycle=1 pLDDT=87 pTM=0.679 tol=0.282
2026-07-23 04:42:05,629 alphafold2_ptm_model_2_seed_044 recycle=2 pLDDT=87.4 pTM=0.688 tol=0.253
2026-07-23 04:42:19,946 alphafold2_ptm_model_2_seed_044 recycle=3 pLDDT=87.4 pTM=0.691 tol=0.102
2026-07-23 04:42:19,947 alphafold2_ptm_model_2_seed_044 took 57.7s (3 recycles)
2026-07-23 04:42:34,494 alphafold2_ptm_model_3_seed_044 recycle=0 pLDDT=86.2 pTM=0.614
2026-07-23 04:42:48,569 alphafold2_ptm_model_3_seed_044 recycle=1 pLDDT=85.7 pTM=0.625 tol=0.279
2026-07-23 04:43:03,085 alphafold2_ptm_model_3_seed_044 recycle=2 pLDDT=87.6 pTM=0.652 tol=0.332
2026-07-23 04:43:17,565 alphafold2_ptm_model_3_seed_044 recycle=3 pLDDT=86.2 pTM=0.645 tol=0.248
2026-07-23 04:43:17,567 alphafold2_ptm_model_3_seed_044 took 57.5s (3 recycles)
2026-07-23 04:43:32,210 alphafold2_ptm_model_4_seed_044 recycle=0 pLDDT=87.1 pTM=0.653
2026-07-23 04:43:46,865 alphafold2_ptm_model_4_seed_044 recycle=1 pLDDT=85.2 pTM=0.642 tol=0.209
2026-07-23 04:44:01,394 alphafold2_ptm_model_4_seed_044 recycle=2 pLDDT=84.8 pTM=0.644 tol=0.0936
2026-07-23 04:44:15,964 alphafold2_ptm_model_4_seed_044 recycle=3 pLDDT=84.6 pTM=0.643 tol=0.0508
2026-07-23 04:44:15,967 alphafold2_ptm_model_4_seed_044 took 58.3s (3 recycles)
2026-07-23 04:44:30,576 alphafold2_ptm_model_5_seed_044 recycle=0 pLDDT=87.2 pTM=0.652
2026-07-23 04:44:45,128 alphafold2_ptm_model_5_seed_044 recycle=1 pLDDT=87.7 pTM=0.662 tol=0.588
2026-07-23 04:44:59,326 alphafold2_ptm_model_5_seed_044 recycle=2 pLDDT=86.9 pTM=0.653 tol=0.147
2026-07-23 04:45:13,768 alphafold2_ptm_model_5_seed_044 recycle=3 pLDDT=86.6 pTM=0.654 tol=0.0595
2026-07-23 04:45:13,770 alphafold2_ptm_model_5_seed_044 took 57.7s (3 recycles)
2026-07-23 04:45:13,808 reranking models by 'plddt' metric
2026-07-23 04:45:13,808 rank_001_alphafold2_ptm_model_2_seed_042 pLDDT=87.8 pTM=0.696
2026-07-23 04:45:13,810 rank_002_alphafold2_ptm_model_2_seed_044 pLDDT=87.4 pTM=0.691
2026-07-23 04:45:13,812 rank_003_alphafold2_ptm_model_2_seed_043 pLDDT=87.1 pTM=0.686
2026-07-23 04:45:13,814 rank_004_alphafold2_ptm_model_1_seed_044 pLDDT=86.6 pTM=0.654
2026-07-23 04:45:13,816 rank_005_alphafold2_ptm_model_5_seed_044 pLDDT=86.6 pTM=0.654
2026-07-23 04:45:13,817 rank_006_alphafold2_ptm_model_5_seed_043 pLDDT=86.6 pTM=0.651
2026-07-23 04:45:13,819 rank_007_alphafold2_ptm_model_1_seed_042 pLDDT=86.5 pTM=0.652
2026-07-23 04:45:13,821 rank_008_alphafold2_ptm_model_5_seed_042 pLDDT=86.4 pTM=0.652
2026-07-23 04:45:13,822 rank_009_alphafold2_ptm_model_3_seed_044 pLDDT=86.2 pTM=0.645
2026-07-23 04:45:13,824 rank_010_alphafold2_ptm_model_3_seed_043 pLDDT=86.2 pTM=0.641
2026-07-23 04:45:13,825 rank_011_alphafold2_ptm_model_1_seed_043 pLDDT=86.2 pTM=0.649
2026-07-23 04:45:13,827 rank_012_alphafold2_ptm_model_3_seed_042 pLDDT=86.1 pTM=0.64
2026-07-23 04:45:13,828 rank_013_alphafold2_ptm_model_4_seed_044 pLDDT=84.6 pTM=0.643
2026-07-23 04:45:13,830 rank_014_alphafold2_ptm_model_4_seed_043 pLDDT=84.6 pTM=0.642
2026-07-23 04:45:13,831 rank_015_alphafold2_ptm_model_4_seed_042 pLDDT=84.6 pTM=0.643
2026-07-23 04:45:17,333 Query 41/723: 5KPH_6_4_0_0_combined_id2 (length 72)
2026-07-23 04:45:20,491 Padding length to 82
2026-07-23 04:45:34,741 alphafold2_ptm_model_1_seed_042 recycle=0 pLDDT=88.4 pTM=0.693
2026-07-23 04:45:49,020 alphafold2_ptm_model_1_seed_042 recycle=1 pLDDT=87.6 pTM=0.697 tol=0.575
2026-07-23 04:46:03,020 alphafold2_ptm_model_1_seed_042 recycle=2 pLDDT=86.7 pTM=0.689 tol=0.17
2026-07-23 04:46:17,318 alphafold2_ptm_model_1_seed_042 recycle=3 pLDDT=86.9 pTM=0.692 tol=0.0939
2026-07-23 04:46:17,319 alphafold2_ptm_model_1_seed_042 took 56.8s (3 recycles)
2026-07-23 04:46:32,199 alphafold2_ptm_model_2_seed_042 recycle=0 pLDDT=92.2 pTM=0.76
2026-07-23 04:46:46,459 alphafold2_ptm_model_2_seed_042 recycle=1 pLDDT=92.7 pTM=0.777 tol=0.356
2026-07-23 04:47:01,215 alphafold2_ptm_model_2_seed_042 recycle=2 pLDDT=92.9 pTM=0.784 tol=0.0634
2026-07-23 04:47:15,300 alphafold2_ptm_model_2_seed_042 recycle=3 pLDDT=93.1 pTM=0.788 tol=0.0367
2026-07-23 04:47:15,301 alphafold2_ptm_model_2_seed_042 took 57.9s (3 recycles)
2026-07-23 04:47:29,690 alphafold2_ptm_model_3_seed_042 recycle=0 pLDDT=89.9 pTM=0.718
2026-07-23 04:47:43,939 alphafold2_ptm_model_3_seed_042 recycle=1 pLDDT=87.9 pTM=0.698 tol=0.434
2026-07-23 04:47:57,790 alphafold2_ptm_model_3_seed_042 recycle=2 pLDDT=88.9 pTM=0.708 tol=0.4
2026-07-23 04:48:11,664 alphafold2_ptm_model_3_seed_042 recycle=3 pLDDT=89.8 pTM=0.716 tol=0.082
2026-07-23 04:48:11,666 alphafold2_ptm_model_3_seed_042 took 56.3s (3 recycles)
2026-07-23 04:48:25,773 alphafold2_ptm_model_4_seed_042 recycle=0 pLDDT=90.1 pTM=0.729
2026-07-23 04:48:39,774 alphafold2_ptm_model_4_seed_042 recycle=1 pLDDT=88.9 pTM=0.719 tol=0.369
2026-07-23 04:48:53,941 alphafold2_ptm_model_4_seed_042 recycle=2 pLDDT=90.5 pTM=0.739 tol=0.271
2026-07-23 04:49:08,361 alphafold2_ptm_model_4_seed_042 recycle=3 pLDDT=91.5 pTM=0.758 tol=0.18
2026-07-23 04:49:08,363 alphafold2_ptm_model_4_seed_042 took 56.6s (3 recycles)
2026-07-23 04:49:22,698 alphafold2_ptm_model_5_seed_042 recycle=0 pLDDT=88.6 pTM=0.695
2026-07-23 04:49:36,634 alphafold2_ptm_model_5_seed_042 recycle=1 pLDDT=88.1 pTM=0.702 tol=0.432
2026-07-23 04:49:51,035 alphafold2_ptm_model_5_seed_042 recycle=2 pLDDT=88.6 pTM=0.703 tol=0.119
2026-07-23 04:50:05,253 alphafold2_ptm_model_5_seed_042 recycle=3 pLDDT=89.1 pTM=0.707 tol=0.0462
2026-07-23 04:50:05,254 alphafold2_ptm_model_5_seed_042 took 56.8s (3 recycles)
2026-07-23 04:50:07,460 Padding length to 82
2026-07-23 04:50:21,430 alphafold2_ptm_model_1_seed_043 recycle=0 pLDDT=88 pTM=0.688
2026-07-23 04:50:35,572 alphafold2_ptm_model_1_seed_043 recycle=1 pLDDT=87.1 pTM=0.69 tol=0.389
2026-07-23 04:50:49,180 alphafold2_ptm_model_1_seed_043 recycle=2 pLDDT=87 pTM=0.69 tol=0.188
2026-07-23 04:51:02,981 alphafold2_ptm_model_1_seed_043 recycle=3 pLDDT=87.2 pTM=0.696 tol=0.0517
2026-07-23 04:51:02,982 alphafold2_ptm_model_1_seed_043 took 55.5s (3 recycles)
2026-07-23 04:51:16,705 alphafold2_ptm_model_2_seed_043 recycle=0 pLDDT=92.1 pTM=0.767
2026-07-23 04:51:30,164 alphafold2_ptm_model_2_seed_043 recycle=1 pLDDT=92.7 pTM=0.78 tol=0.377
2026-07-23 04:51:43,133 alphafold2_ptm_model_2_seed_043 recycle=2 pLDDT=92.8 pTM=0.784 tol=0.0872
2026-07-23 04:51:56,512 alphafold2_ptm_model_2_seed_043 recycle=3 pLDDT=92.9 pTM=0.786 tol=0.0586
2026-07-23 04:51:56,513 alphafold2_ptm_model_2_seed_043 took 53.5s (3 recycles)
2026-07-23 04:52:10,206 alphafold2_ptm_model_3_seed_043 recycle=0 pLDDT=90.1 pTM=0.719
2026-07-23 04:52:25,031 alphafold2_ptm_model_3_seed_043 recycle=1 pLDDT=88.1 pTM=0.695 tol=0.408
2026-07-23 04:52:38,712 alphafold2_ptm_model_3_seed_043 recycle=2 pLDDT=89.2 pTM=0.71 tol=0.432
2026-07-23 04:52:52,767 alphafold2_ptm_model_3_seed_043 recycle=3 pLDDT=89.8 pTM=0.716 tol=0.12
2026-07-23 04:52:52,768 alphafold2_ptm_model_3_seed_043 took 56.2s (3 recycles)
2026-07-23 04:53:06,412 alphafold2_ptm_model_4_seed_043 recycle=0 pLDDT=90.2 pTM=0.73
2026-07-23 04:53:20,581 alphafold2_ptm_model_4_seed_043 recycle=1 pLDDT=89.1 pTM=0.721 tol=0.406
2026-07-23 04:53:34,585 alphafold2_ptm_model_4_seed_043 recycle=2 pLDDT=90.9 pTM=0.744 tol=0.233
2026-07-23 04:53:48,340 alphafold2_ptm_model_4_seed_043 recycle=3 pLDDT=91.7 pTM=0.763 tol=0.163
2026-07-23 04:53:48,341 alphafold2_ptm_model_4_seed_043 took 55.5s (3 recycles)
2026-07-23 04:54:02,553 alphafold2_ptm_model_5_seed_043 recycle=0 pLDDT=87.6 pTM=0.685
2026-07-23 04:54:16,753 alphafold2_ptm_model_5_seed_043 recycle=1 pLDDT=87.6 pTM=0.696 tol=0.282
2026-07-23 04:54:30,777 alphafold2_ptm_model_5_seed_043 recycle=2 pLDDT=88.4 pTM=0.699 tol=0.104
2026-07-23 04:54:45,087 alphafold2_ptm_model_5_seed_043 recycle=3 pLDDT=88.9 pTM=0.704 tol=0.0445
2026-07-23 04:54:45,088 alphafold2_ptm_model_5_seed_043 took 56.7s (3 recycles)
2026-07-23 04:54:47,826 Padding length to 82
2026-07-23 04:55:02,862 alphafold2_ptm_model_1_seed_044 recycle=0 pLDDT=88.7 pTM=0.697
2026-07-23 04:55:17,905 alphafold2_ptm_model_1_seed_044 recycle=1 pLDDT=88.6 pTM=0.708 tol=0.545
2026-07-23 04:55:33,102 alphafold2_ptm_model_1_seed_044 recycle=2 pLDDT=86.9 pTM=0.692 tol=0.167
2026-07-23 04:55:48,208 alphafold2_ptm_model_1_seed_044 recycle=3 pLDDT=87.1 pTM=0.691 tol=0.165
2026-07-23 04:55:48,209 alphafold2_ptm_model_1_seed_044 took 60.4s (3 recycles)
2026-07-23 04:56:03,645 alphafold2_ptm_model_2_seed_044 recycle=0 pLDDT=92 pTM=0.761
2026-07-23 04:56:18,712 alphafold2_ptm_model_2_seed_044 recycle=1 pLDDT=92.9 pTM=0.782 tol=0.346
2026-07-23 04:56:33,290 alphafold2_ptm_model_2_seed_044 recycle=2 pLDDT=93.1 pTM=0.787 tol=0.0721
2026-07-23 04:56:47,852 alphafold2_ptm_model_2_seed_044 recycle=3 pLDDT=93.1 pTM=0.789 tol=0.0297
2026-07-23 04:56:47,853 alphafold2_ptm_model_2_seed_044 took 59.3s (3 recycles)
2026-07-23 04:57:02,319 alphafold2_ptm_model_3_seed_044 recycle=0 pLDDT=90.4 pTM=0.721
2026-07-23 04:57:17,114 alphafold2_ptm_model_3_seed_044 recycle=1 pLDDT=88.6 pTM=0.703 tol=0.699
2026-07-23 04:57:31,732 alphafold2_ptm_model_3_seed_044 recycle=2 pLDDT=88.9 pTM=0.712 tol=0.469
2026-07-23 04:57:46,134 alphafold2_ptm_model_3_seed_044 recycle=3 pLDDT=89.4 pTM=0.713 tol=0.0881
2026-07-23 04:57:46,135 alphafold2_ptm_model_3_seed_044 took 58.2s (3 recycles)
2026-07-23 04:58:01,062 alphafold2_ptm_model_4_seed_044 recycle=0 pLDDT=90.5 pTM=0.732
2026-07-23 04:58:15,905 alphafold2_ptm_model_4_seed_044 recycle=1 pLDDT=89.6 pTM=0.727 tol=0.441
2026-07-23 04:58:30,763 alphafold2_ptm_model_4_seed_044 recycle=2 pLDDT=91 pTM=0.746 tol=0.215
2026-07-23 04:58:45,739 alphafold2_ptm_model_4_seed_044 recycle=3 pLDDT=91.8 pTM=0.765 tol=0.178
2026-07-23 04:58:45,740 alphafold2_ptm_model_4_seed_044 took 59.5s (3 recycles)
2026-07-23 04:59:00,955 alphafold2_ptm_model_5_seed_044 recycle=0 pLDDT=90.3 pTM=0.707
2026-07-23 04:59:15,238 alphafold2_ptm_model_5_seed_044 recycle=1 pLDDT=90.2 pTM=0.731 tol=0.521
2026-07-23 04:59:29,719 alphafold2_ptm_model_5_seed_044 recycle=2 pLDDT=89.9 pTM=0.722 tol=0.101
2026-07-23 04:59:44,721 alphafold2_ptm_model_5_seed_044 recycle=3 pLDDT=90 pTM=0.721 tol=0.0376
2026-07-23 04:59:44,723 alphafold2_ptm_model_5_seed_044 took 58.9s (3 recycles)
2026-07-23 04:59:44,790 reranking models by 'plddt' metric
2026-07-23 04:59:44,791 rank_001_alphafold2_ptm_model_2_seed_044 pLDDT=93.1 pTM=0.789
2026-07-23 04:59:44,793 rank_002_alphafold2_ptm_model_2_seed_042 pLDDT=93.1 pTM=0.788
2026-07-23 04:59:44,794 rank_003_alphafold2_ptm_model_2_seed_043 pLDDT=92.9 pTM=0.786
2026-07-23 04:59:44,797 rank_004_alphafold2_ptm_model_4_seed_044 pLDDT=91.8 pTM=0.765
2026-07-23 04:59:44,798 rank_005_alphafold2_ptm_model_4_seed_043 pLDDT=91.7 pTM=0.763
2026-07-23 04:59:44,800 rank_006_alphafold2_ptm_model_4_seed_042 pLDDT=91.5 pTM=0.758
2026-07-23 04:59:44,802 rank_007_alphafold2_ptm_model_5_seed_044 pLDDT=90 pTM=0.721
2026-07-23 04:59:44,803 rank_008_alphafold2_ptm_model_3_seed_043 pLDDT=89.8 pTM=0.716
2026-07-23 04:59:44,805 rank_009_alphafold2_ptm_model_3_seed_042 pLDDT=89.8 pTM=0.716
2026-07-23 04:59:44,807 rank_010_alphafold2_ptm_model_3_seed_044 pLDDT=89.4 pTM=0.713
2026-07-23 04:59:44,808 rank_011_alphafold2_ptm_model_5_seed_042 pLDDT=89.1 pTM=0.707
2026-07-23 04:59:44,810 rank_012_alphafold2_ptm_model_5_seed_043 pLDDT=88.9 pTM=0.704
2026-07-23 04:59:44,812 rank_013_alphafold2_ptm_model_1_seed_043 pLDDT=87.2 pTM=0.696
2026-07-23 04:59:44,813 rank_014_alphafold2_ptm_model_1_seed_044 pLDDT=87.1 pTM=0.691
2026-07-23 04:59:44,815 rank_015_alphafold2_ptm_model_1_seed_042 pLDDT=86.9 pTM=0.692
2026-07-23 04:59:48,608 Query 42/723: 5KPH_6_4_0_0_combined_id3 (length 72)
2026-07-23 04:59:52,010 Padding length to 82
2026-07-23 05:00:06,482 alphafold2_ptm_model_1_seed_042 recycle=0 pLDDT=86.5 pTM=0.627
2026-07-23 05:00:21,432 alphafold2_ptm_model_1_seed_042 recycle=1 pLDDT=87.6 pTM=0.665 tol=0.351
2026-07-23 05:00:36,761 alphafold2_ptm_model_1_seed_042 recycle=2 pLDDT=88.1 pTM=0.678 tol=0.141
2026-07-23 05:00:51,619 alphafold2_ptm_model_1_seed_042 recycle=3 pLDDT=88.3 pTM=0.681 tol=0.074
2026-07-23 05:00:51,621 alphafold2_ptm_model_1_seed_042 took 59.6s (3 recycles)
2026-07-23 05:01:06,502 alphafold2_ptm_model_2_seed_042 recycle=0 pLDDT=87.4 pTM=0.677
2026-07-23 05:01:21,221 alphafold2_ptm_model_2_seed_042 recycle=1 pLDDT=86.6 pTM=0.669 tol=0.179
2026-07-23 05:01:36,194 alphafold2_ptm_model_2_seed_042 recycle=2 pLDDT=85.9 pTM=0.664 tol=0.157
2026-07-23 05:01:51,175 alphafold2_ptm_model_2_seed_042 recycle=3 pLDDT=85.9 pTM=0.663 tol=0.0704
2026-07-23 05:01:51,177 alphafold2_ptm_model_2_seed_042 took 59.5s (3 recycles)
2026-07-23 05:02:05,923 alphafold2_ptm_model_3_seed_042 recycle=0 pLDDT=85.4 pTM=0.628
2026-07-23 05:02:20,485 alphafold2_ptm_model_3_seed_042 recycle=1 pLDDT=85.2 pTM=0.632 tol=0.328
2026-07-23 05:02:35,233 alphafold2_ptm_model_3_seed_042 recycle=2 pLDDT=85.7 pTM=0.637 tol=0.111
2026-07-23 05:02:50,051 alphafold2_ptm_model_3_seed_042 recycle=3 pLDDT=86.1 pTM=0.644 tol=0.0763
2026-07-23 05:02:50,052 alphafold2_ptm_model_3_seed_042 took 58.8s (3 recycles)
2026-07-23 05:03:04,941 alphafold2_ptm_model_4_seed_042 recycle=0 pLDDT=85.2 pTM=0.645
2026-07-23 05:03:19,889 alphafold2_ptm_model_4_seed_042 recycle=1 pLDDT=85.3 pTM=0.655 tol=0.291
2026-07-23 05:03:34,633 alphafold2_ptm_model_4_seed_042 recycle=2 pLDDT=85.1 pTM=0.654 tol=0.12
2026-07-23 05:03:49,615 alphafold2_ptm_model_4_seed_042 recycle=3 pLDDT=85.1 pTM=0.652 tol=0.0574
2026-07-23 05:03:49,617 alphafold2_ptm_model_4_seed_042 took 59.5s (3 recycles)
2026-07-23 05:04:04,879 alphafold2_ptm_model_5_seed_042 recycle=0 pLDDT=86.9 pTM=0.67
2026-07-23 05:04:19,843 alphafold2_ptm_model_5_seed_042 recycle=1 pLDDT=86.9 pTM=0.666 tol=0.15
2026-07-23 05:04:34,660 alphafold2_ptm_model_5_seed_042 recycle=2 pLDDT=86.9 pTM=0.668 tol=0.0642
2026-07-23 05:04:49,858 alphafold2_ptm_model_5_seed_042 recycle=3 pLDDT=86.9 pTM=0.667 tol=0.0374
2026-07-23 05:04:49,859 alphafold2_ptm_model_5_seed_042 took 60.2s (3 recycles)
2026-07-23 05:04:51,870 Padding length to 82
2026-07-23 05:05:06,709 alphafold2_ptm_model_1_seed_043 recycle=0 pLDDT=86.2 pTM=0.628
2026-07-23 05:05:21,154 alphafold2_ptm_model_1_seed_043 recycle=1 pLDDT=87.9 pTM=0.672 tol=0.287
2026-07-23 05:05:35,823 alphafold2_ptm_model_1_seed_043 recycle=2 pLDDT=88.1 pTM=0.679 tol=0.111
2026-07-23 05:05:50,165 alphafold2_ptm_model_1_seed_043 recycle=3 pLDDT=88.1 pTM=0.679 tol=0.0733
2026-07-23 05:05:50,165 alphafold2_ptm_model_1_seed_043 took 58.3s (3 recycles)
2026-07-23 05:06:04,420 alphafold2_ptm_model_2_seed_043 recycle=0 pLDDT=86.9 pTM=0.675
2026-07-23 05:06:18,872 alphafold2_ptm_model_2_seed_043 recycle=1 pLDDT=85.9 pTM=0.671 tol=0.227
2026-07-23 05:06:33,527 alphafold2_ptm_model_2_seed_043 recycle=2 pLDDT=85.5 pTM=0.664 tol=0.162
2026-07-23 05:06:47,756 alphafold2_ptm_model_2_seed_043 recycle=3 pLDDT=85.4 pTM=0.664 tol=0.163
2026-07-23 05:06:47,757 alphafold2_ptm_model_2_seed_043 took 57.5s (3 recycles)
2026-07-23 05:07:01,869 alphafold2_ptm_model_3_seed_043 recycle=0 pLDDT=85.6 pTM=0.63
2026-07-23 05:07:16,298 alphafold2_ptm_model_3_seed_043 recycle=1 pLDDT=85.3 pTM=0.633 tol=0.382
2026-07-23 05:07:30,268 alphafold2_ptm_model_3_seed_043 recycle=2 pLDDT=85.6 pTM=0.636 tol=0.0973
2026-07-23 05:07:44,713 alphafold2_ptm_model_3_seed_043 recycle=3 pLDDT=86 pTM=0.645 tol=0.0764
2026-07-23 05:07:44,714 alphafold2_ptm_model_3_seed_043 took 56.9s (3 recycles)
2026-07-23 05:07:58,584 alphafold2_ptm_model_4_seed_043 recycle=0 pLDDT=85.1 pTM=0.644
2026-07-23 05:08:12,924 alphafold2_ptm_model_4_seed_043 recycle=1 pLDDT=85.4 pTM=0.655 tol=0.309
2026-07-23 05:08:27,633 alphafold2_ptm_model_4_seed_043 recycle=2 pLDDT=85.2 pTM=0.653 tol=0.102
2026-07-23 05:08:41,973 alphafold2_ptm_model_4_seed_043 recycle=3 pLDDT=84.9 pTM=0.649 tol=0.0851
2026-07-23 05:08:41,974 alphafold2_ptm_model_4_seed_043 took 57.2s (3 recycles)
2026-07-23 05:08:56,229 alphafold2_ptm_model_5_seed_043 recycle=0 pLDDT=86.8 pTM=0.667
2026-07-23 05:09:10,303 alphafold2_ptm_model_5_seed_043 recycle=1 pLDDT=87.1 pTM=0.669 tol=0.143
2026-07-23 05:09:24,546 alphafold2_ptm_model_5_seed_043 recycle=2 pLDDT=87.1 pTM=0.669 tol=0.0686
2026-07-23 05:09:38,737 alphafold2_ptm_model_5_seed_043 recycle=3 pLDDT=87 pTM=0.667 tol=0.0368
2026-07-23 05:09:38,738 alphafold2_ptm_model_5_seed_043 took 56.7s (3 recycles)
2026-07-23 05:09:40,367 Padding length to 82
2026-07-23 05:09:54,669 alphafold2_ptm_model_1_seed_044 recycle=0 pLDDT=86.4 pTM=0.623
2026-07-23 05:10:08,764 alphafold2_ptm_model_1_seed_044 recycle=1 pLDDT=87.8 pTM=0.667 tol=0.299
2026-07-23 05:10:22,448 alphafold2_ptm_model_1_seed_044 recycle=2 pLDDT=88.2 pTM=0.68 tol=0.146
2026-07-23 05:10:36,976 alphafold2_ptm_model_1_seed_044 recycle=3 pLDDT=88.3 pTM=0.681 tol=0.0745
2026-07-23 05:10:36,979 alphafold2_ptm_model_1_seed_044 took 56.6s (3 recycles)
2026-07-23 05:10:51,186 alphafold2_ptm_model_2_seed_044 recycle=0 pLDDT=87.4 pTM=0.672
2026-07-23 05:11:05,125 alphafold2_ptm_model_2_seed_044 recycle=1 pLDDT=86.8 pTM=0.672 tol=0.282
2026-07-23 05:11:19,492 alphafold2_ptm_model_2_seed_044 recycle=2 pLDDT=86.2 pTM=0.664 tol=0.12
2026-07-23 05:11:33,867 alphafold2_ptm_model_2_seed_044 recycle=3 pLDDT=85.8 pTM=0.662 tol=0.0768
2026-07-23 05:11:33,868 alphafold2_ptm_model_2_seed_044 took 56.8s (3 recycles)
2026-07-23 05:11:48,487 alphafold2_ptm_model_3_seed_044 recycle=0 pLDDT=85.9 pTM=0.633
2026-07-23 05:12:02,550 alphafold2_ptm_model_3_seed_044 recycle=1 pLDDT=85.1 pTM=0.63 tol=0.409
2026-07-23 05:12:16,640 alphafold2_ptm_model_3_seed_044 recycle=2 pLDDT=85.7 pTM=0.636 tol=0.0932
2026-07-23 05:12:30,218 alphafold2_ptm_model_3_seed_044 recycle=3 pLDDT=86.1 pTM=0.644 tol=0.0773
2026-07-23 05:12:30,219 alphafold2_ptm_model_3_seed_044 took 56.3s (3 recycles)
2026-07-23 05:12:44,616 alphafold2_ptm_model_4_seed_044 recycle=0 pLDDT=85.2 pTM=0.646
2026-07-23 05:12:58,735 alphafold2_ptm_model_4_seed_044 recycle=1 pLDDT=85.3 pTM=0.653 tol=0.276
2026-07-23 05:13:12,963 alphafold2_ptm_model_4_seed_044 recycle=2 pLDDT=85.1 pTM=0.653 tol=0.136
2026-07-23 05:13:26,860 alphafold2_ptm_model_4_seed_044 recycle=3 pLDDT=85 pTM=0.651 tol=0.0829
2026-07-23 05:13:26,861 alphafold2_ptm_model_4_seed_044 took 56.5s (3 recycles)
2026-07-23 05:13:41,451 alphafold2_ptm_model_5_seed_044 recycle=0 pLDDT=86.8 pTM=0.667
2026-07-23 05:13:55,673 alphafold2_ptm_model_5_seed_044 recycle=1 pLDDT=87.1 pTM=0.668 tol=0.149
2026-07-23 05:14:09,519 alphafold2_ptm_model_5_seed_044 recycle=2 pLDDT=87.1 pTM=0.669 tol=0.0659
2026-07-23 05:14:23,764 alphafold2_ptm_model_5_seed_044 recycle=3 pLDDT=87.1 pTM=0.67 tol=0.0444
2026-07-23 05:14:23,765 alphafold2_ptm_model_5_seed_044 took 56.8s (3 recycles)
2026-07-23 05:14:23,820 reranking models by 'plddt' metric
2026-07-23 05:14:23,820 rank_001_alphafold2_ptm_model_1_seed_044 pLDDT=88.3 pTM=0.681
2026-07-23 05:14:23,822 rank_002_alphafold2_ptm_model_1_seed_042 pLDDT=88.3 pTM=0.681
2026-07-23 05:14:23,825 rank_003_alphafold2_ptm_model_1_seed_043 pLDDT=88.1 pTM=0.679
2026-07-23 05:14:23,827 rank_004_alphafold2_ptm_model_5_seed_044 pLDDT=87.1 pTM=0.67
2026-07-23 05:14:23,829 rank_005_alphafold2_ptm_model_5_seed_043 pLDDT=87 pTM=0.667
2026-07-23 05:14:23,830 rank_006_alphafold2_ptm_model_5_seed_042 pLDDT=86.9 pTM=0.667
2026-07-23 05:14:23,832 rank_007_alphafold2_ptm_model_3_seed_044 pLDDT=86.1 pTM=0.644
2026-07-23 05:14:23,833 rank_008_alphafold2_ptm_model_3_seed_042 pLDDT=86.1 pTM=0.644
2026-07-23 05:14:23,835 rank_009_alphafold2_ptm_model_3_seed_043 pLDDT=86 pTM=0.645
2026-07-23 05:14:23,837 rank_010_alphafold2_ptm_model_2_seed_042 pLDDT=85.9 pTM=0.663
2026-07-23 05:14:23,839 rank_011_alphafold2_ptm_model_2_seed_044 pLDDT=85.8 pTM=0.662
2026-07-23 05:14:23,841 rank_012_alphafold2_ptm_model_2_seed_043 pLDDT=85.4 pTM=0.664
2026-07-23 05:14:23,842 rank_013_alphafold2_ptm_model_4_seed_042 pLDDT=85.1 pTM=0.652
2026-07-23 05:14:23,844 rank_014_alphafold2_ptm_model_4_seed_044 pLDDT=85 pTM=0.651
2026-07-23 05:14:23,845 rank_015_alphafold2_ptm_model_4_seed_043 pLDDT=84.9 pTM=0.649
2026-07-23 05:14:27,369 Query 43/723: 5KPH_6_4_0_0_combined_id4 (length 72)
2026-07-23 05:14:31,129 Padding length to 82
2026-07-23 05:14:45,751 alphafold2_ptm_model_1_seed_042 recycle=0 pLDDT=85.1 pTM=0.604
2026-07-23 05:15:00,195 alphafold2_ptm_model_1_seed_042 recycle=1 pLDDT=87.9 pTM=0.656 tol=0.156
2026-07-23 05:15:14,036 alphafold2_ptm_model_1_seed_042 recycle=2 pLDDT=88.1 pTM=0.661 tol=0.0591
2026-07-23 05:15:27,987 alphafold2_ptm_model_1_seed_042 recycle=3 pLDDT=88.1 pTM=0.662 tol=0.0359
2026-07-23 05:15:27,987 alphafold2_ptm_model_1_seed_042 took 56.9s (3 recycles)
2026-07-23 05:15:42,284 alphafold2_ptm_model_2_seed_042 recycle=0 pLDDT=89.4 pTM=0.705
2026-07-23 05:15:56,940 alphafold2_ptm_model_2_seed_042 recycle=1 pLDDT=90.3 pTM=0.721 tol=0.187
2026-07-23 05:16:11,685 alphafold2_ptm_model_2_seed_042 recycle=2 pLDDT=90.4 pTM=0.726 tol=0.046
2026-07-23 05:16:26,223 alphafold2_ptm_model_2_seed_042 recycle=3 pLDDT=90.5 pTM=0.729 tol=0.0233
2026-07-23 05:16:26,225 alphafold2_ptm_model_2_seed_042 took 58.2s (3 recycles)
2026-07-23 05:16:40,810 alphafold2_ptm_model_3_seed_042 recycle=0 pLDDT=85.8 pTM=0.631
2026-07-23 05:16:54,980 alphafold2_ptm_model_3_seed_042 recycle=1 pLDDT=87 pTM=0.656 tol=0.173
2026-07-23 05:17:09,642 alphafold2_ptm_model_3_seed_042 recycle=2 pLDDT=88.1 pTM=0.667 tol=0.0875
2026-07-23 05:17:24,094 alphafold2_ptm_model_3_seed_042 recycle=3 pLDDT=88.4 pTM=0.674 tol=0.0663
2026-07-23 05:17:24,096 alphafold2_ptm_model_3_seed_042 took 57.8s (3 recycles)
2026-07-23 05:17:38,452 alphafold2_ptm_model_4_seed_042 recycle=0 pLDDT=86.9 pTM=0.666
2026-07-23 05:17:53,108 alphafold2_ptm_model_4_seed_042 recycle=1 pLDDT=88.4 pTM=0.696 tol=0.141
2026-07-23 05:18:07,791 alphafold2_ptm_model_4_seed_042 recycle=2 pLDDT=88.4 pTM=0.697 tol=0.0773
2026-07-23 05:18:22,238 alphafold2_ptm_model_4_seed_042 recycle=3 pLDDT=88.4 pTM=0.698 tol=0.0557
2026-07-23 05:18:22,239 alphafold2_ptm_model_4_seed_042 took 58.0s (3 recycles)
2026-07-23 05:18:37,141 alphafold2_ptm_model_5_seed_042 recycle=0 pLDDT=85.9 pTM=0.648
2026-07-23 05:18:51,894 alphafold2_ptm_model_5_seed_042 recycle=1 pLDDT=88.6 pTM=0.674 tol=0.172
2026-07-23 05:19:06,921 alphafold2_ptm_model_5_seed_042 recycle=2 pLDDT=89.1 pTM=0.684 tol=0.0666
2026-07-23 05:19:21,946 alphafold2_ptm_model_5_seed_042 recycle=3 pLDDT=89.3 pTM=0.687 tol=0.0476
2026-07-23 05:19:21,948 alphafold2_ptm_model_5_seed_042 took 59.6s (3 recycles)
2026-07-23 05:19:23,724 Padding length to 82
2026-07-23 05:19:38,570 alphafold2_ptm_model_1_seed_043 recycle=0 pLDDT=84.6 pTM=0.596
2026-07-23 05:19:53,363 alphafold2_ptm_model_1_seed_043 recycle=1 pLDDT=87.8 pTM=0.654 tol=0.186
2026-07-23 05:20:08,146 alphafold2_ptm_model_1_seed_043 recycle=2 pLDDT=88 pTM=0.658 tol=0.0596
2026-07-23 05:20:22,758 alphafold2_ptm_model_1_seed_043 recycle=3 pLDDT=87.9 pTM=0.659 tol=0.0557
2026-07-23 05:20:22,759 alphafold2_ptm_model_1_seed_043 took 59.0s (3 recycles)
2026-07-23 05:20:37,256 alphafold2_ptm_model_2_seed_043 recycle=0 pLDDT=89.3 pTM=0.706
2026-07-23 05:20:51,932 alphafold2_ptm_model_2_seed_043 recycle=1 pLDDT=90.3 pTM=0.723 tol=0.18
2026-07-23 05:21:06,434 alphafold2_ptm_model_2_seed_043 recycle=2 pLDDT=90.4 pTM=0.726 tol=0.0388
2026-07-23 05:21:21,135 alphafold2_ptm_model_2_seed_043 recycle=3 pLDDT=90.4 pTM=0.727 tol=0.0241
2026-07-23 05:21:21,136 alphafold2_ptm_model_2_seed_043 took 58.3s (3 recycles)
2026-07-23 05:21:35,962 alphafold2_ptm_model_3_seed_043 recycle=0 pLDDT=85.9 pTM=0.632
2026-07-23 05:21:50,959 alphafold2_ptm_model_3_seed_043 recycle=1 pLDDT=86.9 pTM=0.655 tol=0.176
2026-07-23 05:22:05,759 alphafold2_ptm_model_3_seed_043 recycle=2 pLDDT=88.1 pTM=0.663 tol=0.0961
2026-07-23 05:22:20,418 alphafold2_ptm_model_3_seed_043 recycle=3 pLDDT=88.1 pTM=0.671 tol=0.0611
2026-07-23 05:22:20,419 alphafold2_ptm_model_3_seed_043 took 59.2s (3 recycles)
2026-07-23 05:22:35,609 alphafold2_ptm_model_4_seed_043 recycle=0 pLDDT=87.1 pTM=0.664
2026-07-23 05:22:50,487 alphafold2_ptm_model_4_seed_043 recycle=1 pLDDT=88.2 pTM=0.694 tol=0.14
2026-07-23 05:23:05,103 alphafold2_ptm_model_4_seed_043 recycle=2 pLDDT=88.2 pTM=0.695 tol=0.0961
2026-07-23 05:23:20,229 alphafold2_ptm_model_4_seed_043 recycle=3 pLDDT=88.3 pTM=0.696 tol=0.062
2026-07-23 05:23:20,229 alphafold2_ptm_model_4_seed_043 took 59.7s (3 recycles)
2026-07-23 05:23:34,740 alphafold2_ptm_model_5_seed_043 recycle=0 pLDDT=85.5 pTM=0.64
2026-07-23 05:23:49,691 alphafold2_ptm_model_5_seed_043 recycle=1 pLDDT=88.2 pTM=0.67 tol=0.197
2026-07-23 05:24:04,647 alphafold2_ptm_model_5_seed_043 recycle=2 pLDDT=88.9 pTM=0.681 tol=0.0643
2026-07-23 05:24:19,460 alphafold2_ptm_model_5_seed_043 recycle=3 pLDDT=89.1 pTM=0.684 tol=0.054
2026-07-23 05:24:19,462 alphafold2_ptm_model_5_seed_043 took 59.2s (3 recycles)
2026-07-23 05:24:21,469 Padding length to 82
2026-07-23 05:24:36,096 alphafold2_ptm_model_1_seed_044 recycle=0 pLDDT=85 pTM=0.602
2026-07-23 05:24:50,633 alphafold2_ptm_model_1_seed_044 recycle=1 pLDDT=88 pTM=0.658 tol=0.179
2026-07-23 05:25:04,927 alphafold2_ptm_model_1_seed_044 recycle=2 pLDDT=88.1 pTM=0.661 tol=0.0658
2026-07-23 05:25:19,856 alphafold2_ptm_model_1_seed_044 recycle=3 pLDDT=88.1 pTM=0.659 tol=0.0438
2026-07-23 05:25:19,857 alphafold2_ptm_model_1_seed_044 took 58.4s (3 recycles)
2026-07-23 05:25:34,693 alphafold2_ptm_model_2_seed_044 recycle=0 pLDDT=89.1 pTM=0.703
2026-07-23 05:25:49,315 alphafold2_ptm_model_2_seed_044 recycle=1 pLDDT=90.4 pTM=0.723 tol=0.193
2026-07-23 05:26:03,827 alphafold2_ptm_model_2_seed_044 recycle=2 pLDDT=90.4 pTM=0.726 tol=0.0408
2026-07-23 05:26:18,375 alphafold2_ptm_model_2_seed_044 recycle=3 pLDDT=90.6 pTM=0.729 tol=0.034
2026-07-23 05:26:18,376 alphafold2_ptm_model_2_seed_044 took 58.3s (3 recycles)
2026-07-23 05:26:33,049 alphafold2_ptm_model_3_seed_044 recycle=0 pLDDT=85.9 pTM=0.628
2026-07-23 05:26:47,850 alphafold2_ptm_model_3_seed_044 recycle=1 pLDDT=86.6 pTM=0.649 tol=0.166
2026-07-23 05:27:02,222 alphafold2_ptm_model_3_seed_044 recycle=2 pLDDT=88.1 pTM=0.665 tol=0.0918
2026-07-23 05:27:16,947 alphafold2_ptm_model_3_seed_044 recycle=3 pLDDT=88.4 pTM=0.673 tol=0.0668
2026-07-23 05:27:16,948 alphafold2_ptm_model_3_seed_044 took 58.5s (3 recycles)
2026-07-23 05:27:31,535 alphafold2_ptm_model_4_seed_044 recycle=0 pLDDT=86.9 pTM=0.664
2026-07-23 05:27:46,043 alphafold2_ptm_model_4_seed_044 recycle=1 pLDDT=88.2 pTM=0.694 tol=0.128
2026-07-23 05:27:59,745 alphafold2_ptm_model_4_seed_044 recycle=2 pLDDT=88.4 pTM=0.697 tol=0.0938
2026-07-23 05:28:14,211 alphafold2_ptm_model_4_seed_044 recycle=3 pLDDT=88.4 pTM=0.697 tol=0.0735
2026-07-23 05:28:14,212 alphafold2_ptm_model_4_seed_044 took 57.2s (3 recycles)
2026-07-23 05:28:28,888 alphafold2_ptm_model_5_seed_044 recycle=0 pLDDT=85.4 pTM=0.639
2026-07-23 05:28:43,445 alphafold2_ptm_model_5_seed_044 recycle=1 pLDDT=88.2 pTM=0.67 tol=0.204
2026-07-23 05:28:57,893 alphafold2_ptm_model_5_seed_044 recycle=2 pLDDT=88.9 pTM=0.682 tol=0.0643
2026-07-23 05:29:12,445 alphafold2_ptm_model_5_seed_044 recycle=3 pLDDT=89.2 pTM=0.686 tol=0.046
2026-07-23 05:29:12,446 alphafold2_ptm_model_5_seed_044 took 58.2s (3 recycles)
2026-07-23 05:29:12,505 reranking models by 'plddt' metric
2026-07-23 05:29:12,506 rank_001_alphafold2_ptm_model_2_seed_044 pLDDT=90.6 pTM=0.729
2026-07-23 05:29:12,508 rank_002_alphafold2_ptm_model_2_seed_042 pLDDT=90.5 pTM=0.729
2026-07-23 05:29:12,510 rank_003_alphafold2_ptm_model_2_seed_043 pLDDT=90.4 pTM=0.727
2026-07-23 05:29:12,512 rank_004_alphafold2_ptm_model_5_seed_042 pLDDT=89.3 pTM=0.687
2026-07-23 05:29:12,514 rank_005_alphafold2_ptm_model_5_seed_044 pLDDT=89.2 pTM=0.686
2026-07-23 05:29:12,515 rank_006_alphafold2_ptm_model_5_seed_043 pLDDT=89.1 pTM=0.684
2026-07-23 05:29:12,517 rank_007_alphafold2_ptm_model_4_seed_042 pLDDT=88.4 pTM=0.698
2026-07-23 05:29:12,518 rank_008_alphafold2_ptm_model_4_seed_044 pLDDT=88.4 pTM=0.697
2026-07-23 05:29:12,520 rank_009_alphafold2_ptm_model_3_seed_044 pLDDT=88.4 pTM=0.673
2026-07-23 05:29:12,521 rank_010_alphafold2_ptm_model_3_seed_042 pLDDT=88.4 pTM=0.674
2026-07-23 05:29:12,524 rank_011_alphafold2_ptm_model_4_seed_043 pLDDT=88.3 pTM=0.696
2026-07-23 05:29:12,525 rank_012_alphafold2_ptm_model_3_seed_043 pLDDT=88.1 pTM=0.671
2026-07-23 05:29:12,527 rank_013_alphafold2_ptm_model_1_seed_042 pLDDT=88.1 pTM=0.662
2026-07-23 05:29:12,528 rank_014_alphafold2_ptm_model_1_seed_044 pLDDT=88.1 pTM=0.659
2026-07-23 05:29:12,530 rank_015_alphafold2_ptm_model_1_seed_043 pLDDT=87.9 pTM=0.659
2026-07-23 05:29:16,175 Query 44/723: 5KPH_6_4_0_0_combined_id6 (length 72)
2026-07-23 05:29:19,398 Padding length to 82
2026-07-23 05:29:33,768 alphafold2_ptm_model_1_seed_042 recycle=0 pLDDT=89.9 pTM=0.703
2026-07-23 05:29:48,546 alphafold2_ptm_model_1_seed_042 recycle=1 pLDDT=87.9 pTM=0.701 tol=0.192
2026-07-23 05:30:03,057 alphafold2_ptm_model_1_seed_042 recycle=2 pLDDT=86.4 pTM=0.677 tol=0.368
2026-07-23 05:30:17,388 alphafold2_ptm_model_1_seed_042 recycle=3 pLDDT=85.6 pTM=0.661 tol=0.289
2026-07-23 05:30:17,389 alphafold2_ptm_model_1_seed_042 took 58.0s (3 recycles)
2026-07-23 05:30:31,856 alphafold2_ptm_model_2_seed_042 recycle=0 pLDDT=92 pTM=0.758
2026-07-23 05:30:46,521 alphafold2_ptm_model_2_seed_042 recycle=1 pLDDT=89.1 pTM=0.721 tol=0.302
2026-07-23 05:31:00,683 alphafold2_ptm_model_2_seed_042 recycle=2 pLDDT=87 pTM=0.688 tol=0.401
2026-07-23 05:31:15,374 alphafold2_ptm_model_2_seed_042 recycle=3 pLDDT=86.6 pTM=0.677 tol=0.224
2026-07-23 05:31:15,375 alphafold2_ptm_model_2_seed_042 took 57.9s (3 recycles)
2026-07-23 05:31:30,359 alphafold2_ptm_model_3_seed_042 recycle=0 pLDDT=84.5 pTM=0.628
2026-07-23 05:31:45,019 alphafold2_ptm_model_3_seed_042 recycle=1 pLDDT=85.1 pTM=0.663 tol=0.513
2026-07-23 05:31:59,501 alphafold2_ptm_model_3_seed_042 recycle=2 pLDDT=85.4 pTM=0.657 tol=0.18
2026-07-23 05:32:13,949 alphafold2_ptm_model_3_seed_042 recycle=3 pLDDT=85.4 pTM=0.664 tol=0.0897
2026-07-23 05:32:13,949 alphafold2_ptm_model_3_seed_042 took 58.5s (3 recycles)
2026-07-23 05:32:28,327 alphafold2_ptm_model_4_seed_042 recycle=0 pLDDT=89.2 pTM=0.732
2026-07-23 05:32:42,933 alphafold2_ptm_model_4_seed_042 recycle=1 pLDDT=86.9 pTM=0.703 tol=0.3
2026-07-23 05:32:57,462 alphafold2_ptm_model_4_seed_042 recycle=2 pLDDT=86.8 pTM=0.699 tol=0.129
2026-07-23 05:33:11,629 alphafold2_ptm_model_4_seed_042 recycle=3 pLDDT=86.6 pTM=0.695 tol=0.0914
2026-07-23 05:33:11,630 alphafold2_ptm_model_4_seed_042 took 57.6s (3 recycles)
2026-07-23 05:33:26,409 alphafold2_ptm_model_5_seed_042 recycle=0 pLDDT=84.9 pTM=0.635
2026-07-23 05:33:40,839 alphafold2_ptm_model_5_seed_042 recycle=1 pLDDT=86.6 pTM=0.681 tol=0.328
2026-07-23 05:33:55,193 alphafold2_ptm_model_5_seed_042 recycle=2 pLDDT=85.8 pTM=0.665 tol=0.204
2026-07-23 05:34:09,813 alphafold2_ptm_model_5_seed_042 recycle=3 pLDDT=85.8 pTM=0.663 tol=0.126
2026-07-23 05:34:09,814 alphafold2_ptm_model_5_seed_042 took 58.1s (3 recycles)
2026-07-23 05:34:11,979 Padding length to 82
2026-07-23 05:34:26,346 alphafold2_ptm_model_1_seed_043 recycle=0 pLDDT=89.2 pTM=0.7
2026-07-23 05:34:40,774 alphafold2_ptm_model_1_seed_043 recycle=1 pLDDT=89.1 pTM=0.719 tol=0.22
2026-07-23 05:34:54,827 alphafold2_ptm_model_1_seed_043 recycle=2 pLDDT=87.4 pTM=0.689 tol=0.318
2026-07-23 05:35:09,415 alphafold2_ptm_model_1_seed_043 recycle=3 pLDDT=85.7 pTM=0.661 tol=0.281
2026-07-23 05:35:09,416 alphafold2_ptm_model_1_seed_043 took 57.4s (3 recycles)
2026-07-23 05:35:23,992 alphafold2_ptm_model_2_seed_043 recycle=0 pLDDT=91.6 pTM=0.75
2026-07-23 05:35:38,749 alphafold2_ptm_model_2_seed_043 recycle=1 pLDDT=89 pTM=0.719 tol=0.297
2026-07-23 05:35:53,246 alphafold2_ptm_model_2_seed_043 recycle=2 pLDDT=87 pTM=0.687 tol=0.455
2026-07-23 05:36:07,817 alphafold2_ptm_model_2_seed_043 recycle=3 pLDDT=86.5 pTM=0.677 tol=0.203
2026-07-23 05:36:07,817 alphafold2_ptm_model_2_seed_043 took 58.4s (3 recycles)
2026-07-23 05:36:22,419 alphafold2_ptm_model_3_seed_043 recycle=0 pLDDT=84.8 pTM=0.635
2026-07-23 05:36:37,142 alphafold2_ptm_model_3_seed_043 recycle=1 pLDDT=85.2 pTM=0.663 tol=0.435
2026-07-23 05:36:51,642 alphafold2_ptm_model_3_seed_043 recycle=2 pLDDT=85.4 pTM=0.657 tol=0.2
2026-07-23 05:37:06,172 alphafold2_ptm_model_3_seed_043 recycle=3 pLDDT=85.2 pTM=0.66 tol=0.0854
2026-07-23 05:37:06,173 alphafold2_ptm_model_3_seed_043 took 58.3s (3 recycles)
2026-07-23 05:37:20,730 alphafold2_ptm_model_4_seed_043 recycle=0 pLDDT=88.9 pTM=0.725
2026-07-23 05:37:35,345 alphafold2_ptm_model_4_seed_043 recycle=1 pLDDT=87.1 pTM=0.706 tol=0.247
2026-07-23 05:37:50,109 alphafold2_ptm_model_4_seed_043 recycle=2 pLDDT=86.8 pTM=0.697 tol=0.14
2026-07-23 05:38:04,493 alphafold2_ptm_model_4_seed_043 recycle=3 pLDDT=86.4 pTM=0.691 tol=0.0929
2026-07-23 05:38:04,496 alphafold2_ptm_model_4_seed_043 took 58.2s (3 recycles)
2026-07-23 05:38:19,155 alphafold2_ptm_model_5_seed_043 recycle=0 pLDDT=82.9 pTM=0.608
2026-07-23 05:38:33,155 alphafold2_ptm_model_5_seed_043 recycle=1 pLDDT=86.7 pTM=0.683 tol=0.375
2026-07-23 05:38:47,393 alphafold2_ptm_model_5_seed_043 recycle=2 pLDDT=85.5 pTM=0.661 tol=0.236
2026-07-23 05:39:01,560 alphafold2_ptm_model_5_seed_043 recycle=3 pLDDT=85.4 pTM=0.656 tol=0.138
2026-07-23 05:39:01,561 alphafold2_ptm_model_5_seed_043 took 57.0s (3 recycles)
2026-07-23 05:39:03,558 Padding length to 82
2026-07-23 05:39:18,252 alphafold2_ptm_model_1_seed_044 recycle=0 pLDDT=87.5 pTM=0.68
2026-07-23 05:39:32,910 alphafold2_ptm_model_1_seed_044 recycle=1 pLDDT=87.4 pTM=0.69 tol=0.477
2026-07-23 05:39:46,981 alphafold2_ptm_model_1_seed_044 recycle=2 pLDDT=86.4 pTM=0.67 tol=0.241
2026-07-23 05:40:01,463 alphafold2_ptm_model_1_seed_044 recycle=3 pLDDT=85.8 pTM=0.66 tol=0.0708
2026-07-23 05:40:01,464 alphafold2_ptm_model_1_seed_044 took 57.9s (3 recycles)
2026-07-23 05:40:16,118 alphafold2_ptm_model_2_seed_044 recycle=0 pLDDT=92.3 pTM=0.757
2026-07-23 05:40:30,569 alphafold2_ptm_model_2_seed_044 recycle=1 pLDDT=89.2 pTM=0.72 tol=0.313
2026-07-23 05:40:44,673 alphafold2_ptm_model_2_seed_044 recycle=2 pLDDT=87 pTM=0.687 tol=0.453
2026-07-23 05:40:58,851 alphafold2_ptm_model_2_seed_044 recycle=3 pLDDT=86.6 pTM=0.678 tol=0.158
2026-07-23 05:40:58,852 alphafold2_ptm_model_2_seed_044 took 57.3s (3 recycles)
2026-07-23 05:41:13,446 alphafold2_ptm_model_3_seed_044 recycle=0 pLDDT=84.9 pTM=0.64
2026-07-23 05:41:28,084 alphafold2_ptm_model_3_seed_044 recycle=1 pLDDT=85.3 pTM=0.663 tol=0.402
2026-07-23 05:41:42,762 alphafold2_ptm_model_3_seed_044 recycle=2 pLDDT=85.2 pTM=0.655 tol=0.194
2026-07-23 05:41:57,382 alphafold2_ptm_model_3_seed_044 recycle=3 pLDDT=85.4 pTM=0.664 tol=0.0912
2026-07-23 05:41:57,384 alphafold2_ptm_model_3_seed_044 took 58.4s (3 recycles)
2026-07-23 05:42:12,012 alphafold2_ptm_model_4_seed_044 recycle=0 pLDDT=89.3 pTM=0.731
2026-07-23 05:42:26,463 alphafold2_ptm_model_4_seed_044 recycle=1 pLDDT=86.9 pTM=0.705 tol=0.275
2026-07-23 05:42:41,044 alphafold2_ptm_model_4_seed_044 recycle=2 pLDDT=86.6 pTM=0.696 tol=0.117
2026-07-23 05:42:55,469 alphafold2_ptm_model_4_seed_044 recycle=3 pLDDT=86.8 pTM=0.698 tol=0.0726
2026-07-23 05:42:55,472 alphafold2_ptm_model_4_seed_044 took 58.0s (3 recycles)
2026-07-23 05:43:09,996 alphafold2_ptm_model_5_seed_044 recycle=0 pLDDT=77.6 pTM=0.551
2026-07-23 05:43:24,434 alphafold2_ptm_model_5_seed_044 recycle=1 pLDDT=87.4 pTM=0.691 tol=1.82
2026-07-23 05:43:38,879 alphafold2_ptm_model_5_seed_044 recycle=2 pLDDT=86.1 pTM=0.672 tol=0.173
2026-07-23 05:43:52,919 alphafold2_ptm_model_5_seed_044 recycle=3 pLDDT=85.8 pTM=0.664 tol=0.157
2026-07-23 05:43:52,919 alphafold2_ptm_model_5_seed_044 took 57.4s (3 recycles)
2026-07-23 05:43:52,979 reranking models by 'plddt' metric
2026-07-23 05:43:52,979 rank_001_alphafold2_ptm_model_4_seed_044 pLDDT=86.8 pTM=0.698
2026-07-23 05:43:52,981 rank_002_alphafold2_ptm_model_2_seed_044 pLDDT=86.6 pTM=0.678
2026-07-23 05:43:52,983 rank_003_alphafold2_ptm_model_4_seed_042 pLDDT=86.6 pTM=0.695
2026-07-23 05:43:52,985 rank_004_alphafold2_ptm_model_2_seed_042 pLDDT=86.6 pTM=0.677
2026-07-23 05:43:52,988 rank_005_alphafold2_ptm_model_2_seed_043 pLDDT=86.5 pTM=0.677
2026-07-23 05:43:52,990 rank_006_alphafold2_ptm_model_4_seed_043 pLDDT=86.4 pTM=0.691
2026-07-23 05:43:52,992 rank_007_alphafold2_ptm_model_5_seed_044 pLDDT=85.8 pTM=0.664
2026-07-23 05:43:52,993 rank_008_alphafold2_ptm_model_1_seed_044 pLDDT=85.8 pTM=0.66
2026-07-23 05:43:52,995 rank_009_alphafold2_ptm_model_5_seed_042 pLDDT=85.8 pTM=0.663
2026-07-23 05:43:52,997 rank_010_alphafold2_ptm_model_1_seed_043 pLDDT=85.7 pTM=0.661
2026-07-23 05:43:52,998 rank_011_alphafold2_ptm_model_1_seed_042 pLDDT=85.6 pTM=0.661
2026-07-23 05:43:53,001 rank_012_alphafold2_ptm_model_3_seed_044 pLDDT=85.4 pTM=0.664
2026-07-23 05:43:53,003 rank_013_alphafold2_ptm_model_3_seed_042 pLDDT=85.4 pTM=0.664
2026-07-23 05:43:53,004 rank_014_alphafold2_ptm_model_5_seed_043 pLDDT=85.4 pTM=0.656
2026-07-23 05:43:53,006 rank_015_alphafold2_ptm_model_3_seed_043 pLDDT=85.2 pTM=0.66
2026-07-23 05:43:57,481 Query 45/723: 5KPH_8_8_9_0_combined_id4 (length 72)
2026-07-23 05:44:01,064 Padding length to 82
2026-07-23 05:44:16,471 alphafold2_ptm_model_1_seed_042 recycle=0 pLDDT=73.8 pTM=0.468
2026-07-23 05:44:31,482 alphafold2_ptm_model_1_seed_042 recycle=1 pLDDT=76 pTM=0.5 tol=0.376
2026-07-23 05:44:46,347 alphafold2_ptm_model_1_seed_042 recycle=2 pLDDT=76.8 pTM=0.514 tol=0.128
2026-07-23 05:45:01,362 alphafold2_ptm_model_1_seed_042 recycle=3 pLDDT=77.4 pTM=0.522 tol=0.225
2026-07-23 05:45:01,363 alphafold2_ptm_model_1_seed_042 took 60.3s (3 recycles)
2026-07-23 05:45:16,327 alphafold2_ptm_model_2_seed_042 recycle=0 pLDDT=78.6 pTM=0.548
2026-07-23 05:45:31,265 alphafold2_ptm_model_2_seed_042 recycle=1 pLDDT=79.1 pTM=0.554 tol=0.427
2026-07-23 05:45:46,408 alphafold2_ptm_model_2_seed_042 recycle=2 pLDDT=79.4 pTM=0.556 tol=0.259
2026-07-23 05:46:01,348 alphafold2_ptm_model_2_seed_042 recycle=3 pLDDT=79.7 pTM=0.555 tol=0.103
2026-07-23 05:46:01,349 alphafold2_ptm_model_2_seed_042 took 59.9s (3 recycles)
2026-07-23 05:46:16,169 alphafold2_ptm_model_3_seed_042 recycle=0 pLDDT=79.4 pTM=0.524
2026-07-23 05:46:31,192 alphafold2_ptm_model_3_seed_042 recycle=1 pLDDT=79.9 pTM=0.525 tol=0.719
2026-07-23 05:46:46,136 alphafold2_ptm_model_3_seed_042 recycle=2 pLDDT=79.4 pTM=0.546 tol=0.297
2026-07-23 05:47:00,643 alphafold2_ptm_model_3_seed_042 recycle=3 pLDDT=80.3 pTM=0.549 tol=0.092
2026-07-23 05:47:00,644 alphafold2_ptm_model_3_seed_042 took 59.2s (3 recycles)
2026-07-23 05:47:15,681 alphafold2_ptm_model_4_seed_042 recycle=0 pLDDT=81.7 pTM=0.562
2026-07-23 05:47:30,534 alphafold2_ptm_model_4_seed_042 recycle=1 pLDDT=82.2 pTM=0.57 tol=0.433
2026-07-23 05:47:45,808 alphafold2_ptm_model_4_seed_042 recycle=2 pLDDT=81.7 pTM=0.569 tol=0.112
2026-07-23 05:48:00,933 alphafold2_ptm_model_4_seed_042 recycle=3 pLDDT=82.3 pTM=0.576 tol=0.0593
2026-07-23 05:48:00,933 alphafold2_ptm_model_4_seed_042 took 60.2s (3 recycles)
2026-07-23 05:48:15,901 alphafold2_ptm_model_5_seed_042 recycle=0 pLDDT=81.8 pTM=0.574
2026-07-23 05:48:30,690 alphafold2_ptm_model_5_seed_042 recycle=1 pLDDT=85.6 pTM=0.623 tol=0.272
2026-07-23 05:48:45,356 alphafold2_ptm_model_5_seed_042 recycle=2 pLDDT=85.9 pTM=0.621 tol=0.113
2026-07-23 05:48:59,783 alphafold2_ptm_model_5_seed_042 recycle=3 pLDDT=85.9 pTM=0.62 tol=0.0683
2026-07-23 05:48:59,784 alphafold2_ptm_model_5_seed_042 took 58.8s (3 recycles)
2026-07-23 05:49:01,790 Padding length to 82
2026-07-23 05:49:16,733 alphafold2_ptm_model_1_seed_043 recycle=0 pLDDT=74.2 pTM=0.472
2026-07-23 05:49:31,329 alphafold2_ptm_model_1_seed_043 recycle=1 pLDDT=76.8 pTM=0.511 tol=0.294
2026-07-23 05:49:46,213 alphafold2_ptm_model_1_seed_043 recycle=2 pLDDT=79.1 pTM=0.524 tol=0.572
2026-07-23 05:50:01,254 alphafold2_ptm_model_1_seed_043 recycle=3 pLDDT=79.7 pTM=0.543 tol=0.236
2026-07-23 05:50:01,255 alphafold2_ptm_model_1_seed_043 took 59.5s (3 recycles)
2026-07-23 05:50:16,362 alphafold2_ptm_model_2_seed_043 recycle=0 pLDDT=78 pTM=0.546
2026-07-23 05:50:31,264 alphafold2_ptm_model_2_seed_043 recycle=1 pLDDT=79.1 pTM=0.553 tol=0.427
2026-07-23 05:50:46,303 alphafold2_ptm_model_2_seed_043 recycle=2 pLDDT=79.4 pTM=0.552 tol=0.246
2026-07-23 05:51:01,354 alphafold2_ptm_model_2_seed_043 recycle=3 pLDDT=79.9 pTM=0.554 tol=0.184
2026-07-23 05:51:01,355 alphafold2_ptm_model_2_seed_043 took 60.0s (3 recycles)
2026-07-23 05:51:16,122 alphafold2_ptm_model_3_seed_043 recycle=0 pLDDT=78.6 pTM=0.499
2026-07-23 05:51:30,900 alphafold2_ptm_model_3_seed_043 recycle=1 pLDDT=78.6 pTM=0.52 tol=0.237
2026-07-23 05:51:45,508 alphafold2_ptm_model_3_seed_043 recycle=2 pLDDT=79.5 pTM=0.538 tol=0.296
2026-07-23 05:52:00,016 alphafold2_ptm_model_3_seed_043 recycle=3 pLDDT=79.2 pTM=0.538 tol=0.11
2026-07-23 05:52:00,017 alphafold2_ptm_model_3_seed_043 took 58.6s (3 recycles)
2026-07-23 05:52:15,006 alphafold2_ptm_model_4_seed_043 recycle=0 pLDDT=80.6 pTM=0.556
2026-07-23 05:52:29,781 alphafold2_ptm_model_4_seed_043 recycle=1 pLDDT=80.5 pTM=0.551 tol=0.383
2026-07-23 05:52:44,508 alphafold2_ptm_model_4_seed_043 recycle=2 pLDDT=80.8 pTM=0.555 tol=0.176
2026-07-23 05:52:59,320 alphafold2_ptm_model_4_seed_043 recycle=3 pLDDT=81.4 pTM=0.564 tol=0.0741
2026-07-23 05:52:59,321 alphafold2_ptm_model_4_seed_043 took 59.2s (3 recycles)
2026-07-23 05:53:14,270 alphafold2_ptm_model_5_seed_043 recycle=0 pLDDT=82.4 pTM=0.577
2026-07-23 05:53:28,920 alphafold2_ptm_model_5_seed_043 recycle=1 pLDDT=85.7 pTM=0.626 tol=0.276
2026-07-23 05:53:43,990 alphafold2_ptm_model_5_seed_043 recycle=2 pLDDT=85.8 pTM=0.621 tol=0.12
2026-07-23 05:53:58,529 alphafold2_ptm_model_5_seed_043 recycle=3 pLDDT=86 pTM=0.622 tol=0.0659
2026-07-23 05:53:58,532 alphafold2_ptm_model_5_seed_043 took 59.1s (3 recycles)
2026-07-23 05:54:00,561 Padding length to 82
2026-07-23 05:54:15,014 alphafold2_ptm_model_1_seed_044 recycle=0 pLDDT=73.3 pTM=0.462
2026-07-23 05:54:29,810 alphafold2_ptm_model_1_seed_044 recycle=1 pLDDT=75.8 pTM=0.5 tol=0.475
2026-07-23 05:54:44,552 alphafold2_ptm_model_1_seed_044 recycle=2 pLDDT=77.8 pTM=0.511 tol=0.595
2026-07-23 05:54:59,090 alphafold2_ptm_model_1_seed_044 recycle=3 pLDDT=78.2 pTM=0.539 tol=0.389
2026-07-23 05:54:59,092 alphafold2_ptm_model_1_seed_044 took 58.5s (3 recycles)
2026-07-23 05:55:13,455 alphafold2_ptm_model_2_seed_044 recycle=0 pLDDT=78.9 pTM=0.552
2026-07-23 05:55:28,224 alphafold2_ptm_model_2_seed_044 recycle=1 pLDDT=78.9 pTM=0.558 tol=0.341
2026-07-23 05:55:42,605 alphafold2_ptm_model_2_seed_044 recycle=2 pLDDT=79.2 pTM=0.552 tol=0.214
2026-07-23 05:55:57,010 alphafold2_ptm_model_2_seed_044 recycle=3 pLDDT=79.6 pTM=0.551 tol=0.227
2026-07-23 05:55:57,011 alphafold2_ptm_model_2_seed_044 took 57.9s (3 recycles)
2026-07-23 05:56:11,783 alphafold2_ptm_model_3_seed_044 recycle=0 pLDDT=78.9 pTM=0.503
2026-07-23 05:56:26,335 alphafold2_ptm_model_3_seed_044 recycle=1 pLDDT=78.6 pTM=0.524 tol=0.349
2026-07-23 05:56:40,967 alphafold2_ptm_model_3_seed_044 recycle=2 pLDDT=79.1 pTM=0.536 tol=0.135
2026-07-23 05:56:55,283 alphafold2_ptm_model_3_seed_044 recycle=3 pLDDT=79.1 pTM=0.536 tol=0.0995
2026-07-23 05:56:55,284 alphafold2_ptm_model_3_seed_044 took 58.2s (3 recycles)
2026-07-23 05:57:09,733 alphafold2_ptm_model_4_seed_044 recycle=0 pLDDT=81.1 pTM=0.558
2026-07-23 05:57:24,364 alphafold2_ptm_model_4_seed_044 recycle=1 pLDDT=81.1 pTM=0.559 tol=0.379
2026-07-23 05:57:38,975 alphafold2_ptm_model_4_seed_044 recycle=2 pLDDT=80.8 pTM=0.556 tol=0.108
2026-07-23 05:57:53,576 alphafold2_ptm_model_4_seed_044 recycle=3 pLDDT=81.4 pTM=0.564 tol=0.0635
2026-07-23 05:57:53,577 alphafold2_ptm_model_4_seed_044 took 58.2s (3 recycles)
2026-07-23 05:58:08,136 alphafold2_ptm_model_5_seed_044 recycle=0 pLDDT=81.1 pTM=0.564
2026-07-23 05:58:22,237 alphafold2_ptm_model_5_seed_044 recycle=1 pLDDT=85.1 pTM=0.615 tol=0.296
2026-07-23 05:58:36,679 alphafold2_ptm_model_5_seed_044 recycle=2 pLDDT=85.6 pTM=0.617 tol=0.123
2026-07-23 05:58:50,721 alphafold2_ptm_model_5_seed_044 recycle=3 pLDDT=85.9 pTM=0.619 tol=0.0548
2026-07-23 05:58:50,723 alphafold2_ptm_model_5_seed_044 took 57.1s (3 recycles)
2026-07-23 05:58:50,815 reranking models by 'plddt' metric
2026-07-23 05:58:50,816 rank_001_alphafold2_ptm_model_5_seed_043 pLDDT=86 pTM=0.622
2026-07-23 05:58:50,818 rank_002_alphafold2_ptm_model_5_seed_044 pLDDT=85.9 pTM=0.619
2026-07-23 05:58:50,820 rank_003_alphafold2_ptm_model_5_seed_042 pLDDT=85.9 pTM=0.62
2026-07-23 05:58:50,822 rank_004_alphafold2_ptm_model_4_seed_042 pLDDT=82.3 pTM=0.576
2026-07-23 05:58:50,823 rank_005_alphafold2_ptm_model_4_seed_044 pLDDT=81.4 pTM=0.564
2026-07-23 05:58:50,825 rank_006_alphafold2_ptm_model_4_seed_043 pLDDT=81.4 pTM=0.564
2026-07-23 05:58:50,827 rank_007_alphafold2_ptm_model_3_seed_042 pLDDT=80.3 pTM=0.549
2026-07-23 05:58:50,828 rank_008_alphafold2_ptm_model_2_seed_043 pLDDT=79.9 pTM=0.554
2026-07-23 05:58:50,830 rank_009_alphafold2_ptm_model_1_seed_043 pLDDT=79.7 pTM=0.543
2026-07-23 05:58:50,833 rank_010_alphafold2_ptm_model_2_seed_042 pLDDT=79.7 pTM=0.555
2026-07-23 05:58:50,835 rank_011_alphafold2_ptm_model_2_seed_044 pLDDT=79.6 pTM=0.551
2026-07-23 05:58:50,837 rank_012_alphafold2_ptm_model_3_seed_043 pLDDT=79.2 pTM=0.538
2026-07-23 05:58:50,839 rank_013_alphafold2_ptm_model_3_seed_044 pLDDT=79.1 pTM=0.536
2026-07-23 05:58:50,841 rank_014_alphafold2_ptm_model_1_seed_044 pLDDT=78.2 pTM=0.539
2026-07-23 05:58:50,842 rank_015_alphafold2_ptm_model_1_seed_042 pLDDT=77.4 pTM=0.522
2026-07-23 05:58:54,258 Query 46/723: 5KPE_2_2_9_0_combined_id2 (length 108)
2026-07-23 05:59:49,868 alphafold2_ptm_model_1_seed_042 recycle=0 pLDDT=60.4 pTM=0.497
2026-07-23 06:00:16,542 alphafold2_ptm_model_1_seed_042 recycle=1 pLDDT=77.4 pTM=0.623 tol=2.02
2026-07-23 06:00:42,987 alphafold2_ptm_model_1_seed_042 recycle=2 pLDDT=86.5 pTM=0.69 tol=0.547
2026-07-23 06:01:09,127 alphafold2_ptm_model_1_seed_042 recycle=3 pLDDT=85.8 pTM=0.678 tol=0.271
2026-07-23 06:01:09,129 alphafold2_ptm_model_1_seed_042 took 131.7s (3 recycles)
2026-07-23 06:01:35,563 alphafold2_ptm_model_2_seed_042 recycle=0 pLDDT=57.7 pTM=0.461
2026-07-23 06:02:01,604 alphafold2_ptm_model_2_seed_042 recycle=1 pLDDT=56.2 pTM=0.486 tol=4.45
2026-07-23 06:02:27,815 alphafold2_ptm_model_2_seed_042 recycle=2 pLDDT=59.7 pTM=0.502 tol=4.42
2026-07-23 06:02:54,425 alphafold2_ptm_model_2_seed_042 recycle=3 pLDDT=60.3 pTM=0.493 tol=2.43
2026-07-23 06:02:54,427 alphafold2_ptm_model_2_seed_042 took 105.2s (3 recycles)
2026-07-23 06:03:21,662 alphafold2_ptm_model_3_seed_042 recycle=0 pLDDT=60.8 pTM=0.474
2026-07-23 06:03:48,195 alphafold2_ptm_model_3_seed_042 recycle=1 pLDDT=80.7 pTM=0.653 tol=5.12
2026-07-23 06:04:14,451 alphafold2_ptm_model_3_seed_042 recycle=2 pLDDT=87.1 pTM=0.698 tol=0.467
2026-07-23 06:04:41,151 alphafold2_ptm_model_3_seed_042 recycle=3 pLDDT=87.9 pTM=0.72 tol=0.125
2026-07-23 06:04:41,153 alphafold2_ptm_model_3_seed_042 took 106.6s (3 recycles)
2026-07-23 06:05:08,080 alphafold2_ptm_model_4_seed_042 recycle=0 pLDDT=53 pTM=0.447
2026-07-23 06:05:34,610 alphafold2_ptm_model_4_seed_042 recycle=1 pLDDT=77.8 pTM=0.645 tol=3.87
2026-07-23 06:06:01,470 alphafold2_ptm_model_4_seed_042 recycle=2 pLDDT=85.6 pTM=0.689 tol=0.739
2026-07-23 06:06:27,860 alphafold2_ptm_model_4_seed_042 recycle=3 pLDDT=85.9 pTM=0.698 tol=0.185
2026-07-23 06:06:27,862 alphafold2_ptm_model_4_seed_042 took 106.6s (3 recycles)
2026-07-23 06:06:54,356 alphafold2_ptm_model_5_seed_042 recycle=0 pLDDT=51.2 pTM=0.411
2026-07-23 06:07:20,443 alphafold2_ptm_model_5_seed_042 recycle=1 pLDDT=58 pTM=0.449 tol=7.15
2026-07-23 06:07:45,785 alphafold2_ptm_model_5_seed_042 recycle=2 pLDDT=59.3 pTM=0.454 tol=0.675
2026-07-23 06:08:12,633 alphafold2_ptm_model_5_seed_042 recycle=3 pLDDT=57.5 pTM=0.457 tol=3.83
2026-07-23 06:08:12,635 alphafold2_ptm_model_5_seed_042 took 104.7s (3 recycles)
2026-07-23 06:08:41,609 alphafold2_ptm_model_1_seed_043 recycle=0 pLDDT=57.5 pTM=0.485
2026-07-23 06:09:08,187 alphafold2_ptm_model_1_seed_043 recycle=1 pLDDT=65.4 pTM=0.54 tol=2.42
2026-07-23 06:09:34,974 alphafold2_ptm_model_1_seed_043 recycle=2 pLDDT=83 pTM=0.66 tol=1.45
2026-07-23 06:10:01,107 alphafold2_ptm_model_1_seed_043 recycle=3 pLDDT=86.2 pTM=0.683 tol=0.222
2026-07-23 06:10:01,109 alphafold2_ptm_model_1_seed_043 took 106.2s (3 recycles)
2026-07-23 06:10:27,030 alphafold2_ptm_model_2_seed_043 recycle=0 pLDDT=57.8 pTM=0.462
2026-07-23 06:10:53,492 alphafold2_ptm_model_2_seed_043 recycle=1 pLDDT=57.1 pTM=0.481 tol=4.7
2026-07-23 06:11:19,418 alphafold2_ptm_model_2_seed_043 recycle=2 pLDDT=57.8 pTM=0.485 tol=3.94
2026-07-23 06:11:45,609 alphafold2_ptm_model_2_seed_043 recycle=3 pLDDT=60.6 pTM=0.486 tol=3.41
2026-07-23 06:11:45,612 alphafold2_ptm_model_2_seed_043 took 104.4s (3 recycles)
2026-07-23 06:12:12,590 alphafold2_ptm_model_3_seed_043 recycle=0 pLDDT=57.4 pTM=0.447
2026-07-23 06:12:38,732 alphafold2_ptm_model_3_seed_043 recycle=1 pLDDT=86 pTM=0.683 tol=5.88
2026-07-23 06:13:04,638 alphafold2_ptm_model_3_seed_043 recycle=2 pLDDT=88.5 pTM=0.739 tol=0.316
2026-07-23 06:13:31,344 alphafold2_ptm_model_3_seed_043 recycle=3 pLDDT=89.2 pTM=0.755 tol=0.108
2026-07-23 06:13:31,348 alphafold2_ptm_model_3_seed_043 took 104.7s (3 recycles)
2026-07-23 06:13:58,335 alphafold2_ptm_model_4_seed_043 recycle=0 pLDDT=55.3 pTM=0.451
2026-07-23 06:14:24,553 alphafold2_ptm_model_4_seed_043 recycle=1 pLDDT=57.2 pTM=0.474 tol=4.13
2026-07-23 06:14:50,673 alphafold2_ptm_model_4_seed_043 recycle=2 pLDDT=59 pTM=0.486 tol=4.54
2026-07-23 06:15:17,250 alphafold2_ptm_model_4_seed_043 recycle=3 pLDDT=60.5 pTM=0.504 tol=3.8
2026-07-23 06:15:17,252 alphafold2_ptm_model_4_seed_043 took 105.7s (3 recycles)
2026-07-23 06:15:44,170 alphafold2_ptm_model_5_seed_043 recycle=0 pLDDT=53.2 pTM=0.463
2026-07-23 06:16:10,771 alphafold2_ptm_model_5_seed_043 recycle=1 pLDDT=56.2 pTM=0.453 tol=5.34
2026-07-23 06:16:37,496 alphafold2_ptm_model_5_seed_043 recycle=2 pLDDT=57.5 pTM=0.484 tol=2.65
2026-07-23 06:17:03,618 alphafold2_ptm_model_5_seed_043 recycle=3 pLDDT=60 pTM=0.495 tol=0.583
2026-07-23 06:17:03,620 alphafold2_ptm_model_5_seed_043 took 106.2s (3 recycles)
2026-07-23 06:17:31,565 alphafold2_ptm_model_1_seed_044 recycle=0 pLDDT=58 pTM=0.482
2026-07-23 06:17:58,135 alphafold2_ptm_model_1_seed_044 recycle=1 pLDDT=67.6 pTM=0.556 tol=3.01
2026-07-23 06:18:24,913 alphafold2_ptm_model_1_seed_044 recycle=2 pLDDT=84.6 pTM=0.674 tol=1.29
2026-07-23 06:18:50,978 alphafold2_ptm_model_1_seed_044 recycle=3 pLDDT=85.9 pTM=0.682 tol=0.257
2026-07-23 06:18:50,979 alphafold2_ptm_model_1_seed_044 took 106.0s (3 recycles)
2026-07-23 06:19:17,262 alphafold2_ptm_model_2_seed_044 recycle=0 pLDDT=57.6 pTM=0.451
2026-07-23 06:19:42,936 alphafold2_ptm_model_2_seed_044 recycle=1 pLDDT=57.3 pTM=0.49 tol=5.89
2026-07-23 06:20:09,057 alphafold2_ptm_model_2_seed_044 recycle=2 pLDDT=60.4 pTM=0.518 tol=5.87
2026-07-23 06:20:34,827 alphafold2_ptm_model_2_seed_044 recycle=3 pLDDT=62.1 pTM=0.505 tol=3.14
2026-07-23 06:20:34,828 alphafold2_ptm_model_2_seed_044 took 103.8s (3 recycles)
2026-07-23 06:21:01,145 alphafold2_ptm_model_3_seed_044 recycle=0 pLDDT=60.1 pTM=0.474
2026-07-23 06:21:27,141 alphafold2_ptm_model_3_seed_044 recycle=1 pLDDT=81.6 pTM=0.668 tol=5.55
2026-07-23 06:21:53,309 alphafold2_ptm_model_3_seed_044 recycle=2 pLDDT=88.9 pTM=0.727 tol=0.344
2026-07-23 06:22:19,560 alphafold2_ptm_model_3_seed_044 recycle=3 pLDDT=89.8 pTM=0.744 tol=0.11
2026-07-23 06:22:19,563 alphafold2_ptm_model_3_seed_044 took 104.7s (3 recycles)
2026-07-23 06:22:45,745 alphafold2_ptm_model_4_seed_044 recycle=0 pLDDT=57.3 pTM=0.466
2026-07-23 06:23:11,922 alphafold2_ptm_model_4_seed_044 recycle=1 pLDDT=67.1 pTM=0.555 tol=5.25
2026-07-23 06:23:38,488 alphafold2_ptm_model_4_seed_044 recycle=2 pLDDT=86.6 pTM=0.703 tol=1.51
2026-07-23 06:24:04,989 alphafold2_ptm_model_4_seed_044 recycle=3 pLDDT=86.2 pTM=0.699 tol=0.229
2026-07-23 06:24:04,992 alphafold2_ptm_model_4_seed_044 took 105.3s (3 recycles)
2026-07-23 06:24:31,506 alphafold2_ptm_model_5_seed_044 recycle=0 pLDDT=52.7 pTM=0.464
2026-07-23 06:24:57,564 alphafold2_ptm_model_5_seed_044 recycle=1 pLDDT=57.3 pTM=0.456 tol=3.12
2026-07-23 06:25:23,373 alphafold2_ptm_model_5_seed_044 recycle=2 pLDDT=61.2 pTM=0.499 tol=3.68
2026-07-23 06:25:49,024 alphafold2_ptm_model_5_seed_044 recycle=3 pLDDT=76.1 pTM=0.598 tol=1.3
2026-07-23 06:25:49,025 alphafold2_ptm_model_5_seed_044 took 103.9s (3 recycles)
2026-07-23 06:25:49,144 reranking models by 'plddt' metric
2026-07-23 06:25:49,145 rank_001_alphafold2_ptm_model_3_seed_044 pLDDT=89.8 pTM=0.744
2026-07-23 06:25:49,148 rank_002_alphafold2_ptm_model_3_seed_043 pLDDT=89.2 pTM=0.755
2026-07-23 06:25:49,149 rank_003_alphafold2_ptm_model_3_seed_042 pLDDT=87.9 pTM=0.72
2026-07-23 06:25:49,152 rank_004_alphafold2_ptm_model_4_seed_044 pLDDT=86.2 pTM=0.699
2026-07-23 06:25:49,154 rank_005_alphafold2_ptm_model_1_seed_043 pLDDT=86.2 pTM=0.683
2026-07-23 06:25:49,158 rank_006_alphafold2_ptm_model_1_seed_044 pLDDT=85.9 pTM=0.682
2026-07-23 06:25:49,160 rank_007_alphafold2_ptm_model_4_seed_042 pLDDT=85.9 pTM=0.698
2026-07-23 06:25:49,163 rank_008_alphafold2_ptm_model_1_seed_042 pLDDT=85.8 pTM=0.678
2026-07-23 06:25:49,166 rank_009_alphafold2_ptm_model_5_seed_044 pLDDT=76.1 pTM=0.598
2026-07-23 06:25:49,168 rank_010_alphafold2_ptm_model_2_seed_044 pLDDT=62.1 pTM=0.505
2026-07-23 06:25:49,170 rank_011_alphafold2_ptm_model_2_seed_043 pLDDT=60.6 pTM=0.486
2026-07-23 06:25:49,172 rank_012_alphafold2_ptm_model_4_seed_043 pLDDT=60.5 pTM=0.504
2026-07-23 06:25:49,173 rank_013_alphafold2_ptm_model_2_seed_042 pLDDT=60.3 pTM=0.493
2026-07-23 06:25:49,176 rank_014_alphafold2_ptm_model_5_seed_043 pLDDT=60 pTM=0.495
2026-07-23 06:25:49,178 rank_015_alphafold2_ptm_model_5_seed_042 pLDDT=57.5 pTM=0.457
2026-07-23 06:25:53,209 Query 47/723: 5KPE_2_2_9_0_combined_id3 (length 108)
2026-07-23 06:26:22,568 alphafold2_ptm_model_1_seed_042 recycle=0 pLDDT=88.1 pTM=0.754
2026-07-23 06:26:48,861 alphafold2_ptm_model_1_seed_042 recycle=1 pLDDT=89.2 pTM=0.763 tol=0.412
2026-07-23 06:27:15,348 alphafold2_ptm_model_1_seed_042 recycle=2 pLDDT=88.3 pTM=0.744 tol=0.123
2026-07-23 06:27:41,214 alphafold2_ptm_model_1_seed_042 recycle=3 pLDDT=87.7 pTM=0.73 tol=0.0799
2026-07-23 06:27:41,215 alphafold2_ptm_model_1_seed_042 took 104.8s (3 recycles)
2026-07-23 06:28:07,265 alphafold2_ptm_model_2_seed_042 recycle=0 pLDDT=87.9 pTM=0.746
2026-07-23 06:28:33,597 alphafold2_ptm_model_2_seed_042 recycle=1 pLDDT=88.9 pTM=0.74 tol=0.668
2026-07-23 06:28:59,459 alphafold2_ptm_model_2_seed_042 recycle=2 pLDDT=88.9 pTM=0.74 tol=0.168
2026-07-23 06:29:25,176 alphafold2_ptm_model_2_seed_042 recycle=3 pLDDT=88.8 pTM=0.742 tol=0.0634
2026-07-23 06:29:25,178 alphafold2_ptm_model_2_seed_042 took 103.9s (3 recycles)
2026-07-23 06:29:51,377 alphafold2_ptm_model_3_seed_042 recycle=0 pLDDT=88.4 pTM=0.742
2026-07-23 06:30:17,178 alphafold2_ptm_model_3_seed_042 recycle=1 pLDDT=88.7 pTM=0.751 tol=0.373
2026-07-23 06:30:43,056 alphafold2_ptm_model_3_seed_042 recycle=2 pLDDT=90.1 pTM=0.772 tol=0.291
2026-07-23 06:31:09,061 alphafold2_ptm_model_3_seed_042 recycle=3 pLDDT=88.9 pTM=0.756 tol=0.282
2026-07-23 06:31:09,063 alphafold2_ptm_model_3_seed_042 took 103.8s (3 recycles)
2026-07-23 06:31:35,196 alphafold2_ptm_model_4_seed_042 recycle=0 pLDDT=87.2 pTM=0.731
2026-07-23 06:32:00,639 alphafold2_ptm_model_4_seed_042 recycle=1 pLDDT=90.1 pTM=0.777 tol=0.407
2026-07-23 06:32:25,950 alphafold2_ptm_model_4_seed_042 recycle=2 pLDDT=89.8 pTM=0.778 tol=0.1
2026-07-23 06:32:51,222 alphafold2_ptm_model_4_seed_042 recycle=3 pLDDT=89.9 pTM=0.782 tol=0.0536
2026-07-23 06:32:51,223 alphafold2_ptm_model_4_seed_042 took 102.0s (3 recycles)
2026-07-23 06:33:16,131 alphafold2_ptm_model_5_seed_042 recycle=0 pLDDT=86.6 pTM=0.741
2026-07-23 06:33:41,176 alphafold2_ptm_model_5_seed_042 recycle=1 pLDDT=88.5 pTM=0.752 tol=0.838
2026-07-23 06:34:05,276 alphafold2_ptm_model_5_seed_042 recycle=2 pLDDT=89.5 pTM=0.773 tol=0.171
2026-07-23 06:34:29,430 alphafold2_ptm_model_5_seed_042 recycle=3 pLDDT=89.8 pTM=0.775 tol=0.0505
2026-07-23 06:34:29,432 alphafold2_ptm_model_5_seed_042 took 98.1s (3 recycles)
2026-07-23 06:34:55,109 alphafold2_ptm_model_1_seed_043 recycle=0 pLDDT=87.1 pTM=0.75
2026-07-23 06:35:19,512 alphafold2_ptm_model_1_seed_043 recycle=1 pLDDT=88.7 pTM=0.762 tol=0.449
2026-07-23 06:35:45,625 alphafold2_ptm_model_1_seed_043 recycle=2 pLDDT=88.4 pTM=0.748 tol=0.115
2026-07-23 06:36:10,993 alphafold2_ptm_model_1_seed_043 recycle=3 pLDDT=87.9 pTM=0.737 tol=0.098
2026-07-23 06:36:10,994 alphafold2_ptm_model_1_seed_043 took 100.0s (3 recycles)
2026-07-23 06:36:36,498 alphafold2_ptm_model_2_seed_043 recycle=0 pLDDT=88.2 pTM=0.752
2026-07-23 06:37:01,447 alphafold2_ptm_model_2_seed_043 recycle=1 pLDDT=88.8 pTM=0.743 tol=0.791
2026-07-23 06:37:26,823 alphafold2_ptm_model_2_seed_043 recycle=2 pLDDT=88.9 pTM=0.743 tol=0.188
2026-07-23 06:37:52,564 alphafold2_ptm_model_2_seed_043 recycle=3 pLDDT=89.1 pTM=0.749 tol=0.0736
2026-07-23 06:37:52,565 alphafold2_ptm_model_2_seed_043 took 101.5s (3 recycles)
2026-07-23 06:38:18,476 alphafold2_ptm_model_3_seed_043 recycle=0 pLDDT=88.1 pTM=0.728
2026-07-23 06:38:43,604 alphafold2_ptm_model_3_seed_043 recycle=1 pLDDT=88.6 pTM=0.742 tol=0.355
2026-07-23 06:39:09,007 alphafold2_ptm_model_3_seed_043 recycle=2 pLDDT=90.2 pTM=0.773 tol=0.395
2026-07-23 06:39:34,857 alphafold2_ptm_model_3_seed_043 recycle=3 pLDDT=89 pTM=0.754 tol=0.316
2026-07-23 06:39:34,859 alphafold2_ptm_model_3_seed_043 took 102.2s (3 recycles)
2026-07-23 06:40:00,594 alphafold2_ptm_model_4_seed_043 recycle=0 pLDDT=87.3 pTM=0.733
2026-07-23 06:40:26,643 alphafold2_ptm_model_4_seed_043 recycle=1 pLDDT=88.9 pTM=0.751 tol=0.496
2026-07-23 06:40:52,464 alphafold2_ptm_model_4_seed_043 recycle=2 pLDDT=89.9 pTM=0.776 tol=0.219
2026-07-23 06:41:17,833 alphafold2_ptm_model_4_seed_043 recycle=3 pLDDT=89.8 pTM=0.773 tol=0.0998
2026-07-23 06:41:17,834 alphafold2_ptm_model_4_seed_043 took 102.9s (3 recycles)
2026-07-23 06:41:43,579 alphafold2_ptm_model_5_seed_043 recycle=0 pLDDT=84.7 pTM=0.733
2026-07-23 06:42:09,430 alphafold2_ptm_model_5_seed_043 recycle=1 pLDDT=89.1 pTM=0.767 tol=0.965
2026-07-23 06:42:35,245 alphafold2_ptm_model_5_seed_043 recycle=2 pLDDT=89.7 pTM=0.776 tol=0.125
2026-07-23 06:43:01,446 alphafold2_ptm_model_5_seed_043 recycle=3 pLDDT=90 pTM=0.778 tol=0.051
2026-07-23 06:43:01,448 alphafold2_ptm_model_5_seed_043 took 103.5s (3 recycles)
2026-07-23 06:43:28,842 alphafold2_ptm_model_1_seed_044 recycle=0 pLDDT=89.2 pTM=0.766
2026-07-23 06:43:54,807 alphafold2_ptm_model_1_seed_044 recycle=1 pLDDT=89.9 pTM=0.769 tol=0.399
2026-07-23 06:44:20,802 alphafold2_ptm_model_1_seed_044 recycle=2 pLDDT=88.8 pTM=0.746 tol=0.139
2026-07-23 06:44:46,793 alphafold2_ptm_model_1_seed_044 recycle=3 pLDDT=88.1 pTM=0.731 tol=0.0977
2026-07-23 06:44:46,795 alphafold2_ptm_model_1_seed_044 took 103.9s (3 recycles)
2026-07-23 06:45:12,891 alphafold2_ptm_model_2_seed_044 recycle=0 pLDDT=89.2 pTM=0.758
2026-07-23 06:45:39,077 alphafold2_ptm_model_2_seed_044 recycle=1 pLDDT=89 pTM=0.734 tol=0.6
2026-07-23 06:46:04,973 alphafold2_ptm_model_2_seed_044 recycle=2 pLDDT=89.1 pTM=0.744 tol=0.129
2026-07-23 06:46:30,831 alphafold2_ptm_model_2_seed_044 recycle=3 pLDDT=88.8 pTM=0.739 tol=0.057
2026-07-23 06:46:30,832 alphafold2_ptm_model_2_seed_044 took 103.9s (3 recycles)
2026-07-23 06:46:56,659 alphafold2_ptm_model_3_seed_044 recycle=0 pLDDT=87.4 pTM=0.724
2026-07-23 06:47:22,377 alphafold2_ptm_model_3_seed_044 recycle=1 pLDDT=89.4 pTM=0.763 tol=0.524
2026-07-23 06:47:47,929 alphafold2_ptm_model_3_seed_044 recycle=2 pLDDT=90.2 pTM=0.772 tol=0.208
2026-07-23 06:48:13,517 alphafold2_ptm_model_3_seed_044 recycle=3 pLDDT=89.2 pTM=0.758 tol=0.243
2026-07-23 06:48:13,519 alphafold2_ptm_model_3_seed_044 took 102.6s (3 recycles)
2026-07-23 06:48:39,417 alphafold2_ptm_model_4_seed_044 recycle=0 pLDDT=86.1 pTM=0.718
2026-07-23 06:49:05,419 alphafold2_ptm_model_4_seed_044 recycle=1 pLDDT=88.3 pTM=0.752 tol=0.67
2026-07-23 06:49:31,460 alphafold2_ptm_model_4_seed_044 recycle=2 pLDDT=90.1 pTM=0.783 tol=0.419
2026-07-23 06:49:57,516 alphafold2_ptm_model_4_seed_044 recycle=3 pLDDT=89.9 pTM=0.776 tol=0.185
2026-07-23 06:49:57,517 alphafold2_ptm_model_4_seed_044 took 103.9s (3 recycles)
2026-07-23 06:50:22,957 alphafold2_ptm_model_5_seed_044 recycle=0 pLDDT=85.4 pTM=0.729
2026-07-23 06:50:49,140 alphafold2_ptm_model_5_seed_044 recycle=1 pLDDT=88.5 pTM=0.757 tol=0.776
2026-07-23 06:51:14,908 alphafold2_ptm_model_5_seed_044 recycle=2 pLDDT=89.6 pTM=0.775 tol=0.158
2026-07-23 06:51:40,917 alphafold2_ptm_model_5_seed_044 recycle=3 pLDDT=89.9 pTM=0.777 tol=0.0469
2026-07-23 06:51:40,919 alphafold2_ptm_model_5_seed_044 took 103.3s (3 recycles)
2026-07-23 06:51:41,325 reranking models by 'plddt' metric
2026-07-23 06:51:41,326 rank_001_alphafold2_ptm_model_5_seed_043 pLDDT=90 pTM=0.778
2026-07-23 06:51:41,328 rank_002_alphafold2_ptm_model_5_seed_044 pLDDT=89.9 pTM=0.777
2026-07-23 06:51:41,330 rank_003_alphafold2_ptm_model_4_seed_044 pLDDT=89.9 pTM=0.776
2026-07-23 06:51:41,331 rank_004_alphafold2_ptm_model_4_seed_042 pLDDT=89.9 pTM=0.782
2026-07-23 06:51:41,335 rank_005_alphafold2_ptm_model_4_seed_043 pLDDT=89.8 pTM=0.773
2026-07-23 06:51:41,336 rank_006_alphafold2_ptm_model_5_seed_042 pLDDT=89.8 pTM=0.775
2026-07-23 06:51:41,338 rank_007_alphafold2_ptm_model_3_seed_044 pLDDT=89.2 pTM=0.758
2026-07-23 06:51:41,341 rank_008_alphafold2_ptm_model_2_seed_043 pLDDT=89.1 pTM=0.749
2026-07-23 06:51:41,343 rank_009_alphafold2_ptm_model_3_seed_043 pLDDT=89 pTM=0.754
2026-07-23 06:51:41,345 rank_010_alphafold2_ptm_model_3_seed_042 pLDDT=88.9 pTM=0.756
2026-07-23 06:51:41,348 rank_011_alphafold2_ptm_model_2_seed_044 pLDDT=88.8 pTM=0.739
2026-07-23 06:51:41,350 rank_012_alphafold2_ptm_model_2_seed_042 pLDDT=88.8 pTM=0.742
2026-07-23 06:51:41,354 rank_013_alphafold2_ptm_model_1_seed_044 pLDDT=88.1 pTM=0.731
2026-07-23 06:51:41,355 rank_014_alphafold2_ptm_model_1_seed_043 pLDDT=87.9 pTM=0.737
2026-07-23 06:51:41,358 rank_015_alphafold2_ptm_model_1_seed_042 pLDDT=87.7 pTM=0.73
2026-07-23 06:51:45,359 Query 48/723: 5KPE_2_2_9_0_combined_id6 (length 108)
2026-07-23 06:52:13,966 alphafold2_ptm_model_1_seed_042 recycle=0 pLDDT=59.3 pTM=0.52
2026-07-23 06:52:39,981 alphafold2_ptm_model_1_seed_042 recycle=1 pLDDT=80.9 pTM=0.685 tol=6.71
2026-07-23 06:53:05,959 alphafold2_ptm_model_1_seed_042 recycle=2 pLDDT=89.2 pTM=0.727 tol=0.593
2026-07-23 06:53:32,199 alphafold2_ptm_model_1_seed_042 recycle=3 pLDDT=88.9 pTM=0.717 tol=0.0982
2026-07-23 06:53:32,201 alphafold2_ptm_model_1_seed_042 took 104.3s (3 recycles)
2026-07-23 06:53:58,616 alphafold2_ptm_model_2_seed_042 recycle=0 pLDDT=62.5 pTM=0.538
2026-07-23 06:54:25,208 alphafold2_ptm_model_2_seed_042 recycle=1 pLDDT=64.9 pTM=0.571 tol=1.29
2026-07-23 06:54:51,191 alphafold2_ptm_model_2_seed_042 recycle=2 pLDDT=65.1 pTM=0.562 tol=0.27
2026-07-23 06:55:17,904 alphafold2_ptm_model_2_seed_042 recycle=3 pLDDT=65.2 pTM=0.563 tol=0.334
2026-07-23 06:55:17,906 alphafold2_ptm_model_2_seed_042 took 105.6s (3 recycles)
2026-07-23 06:55:44,295 alphafold2_ptm_model_3_seed_042 recycle=0 pLDDT=66 pTM=0.519
2026-07-23 06:56:09,151 alphafold2_ptm_model_3_seed_042 recycle=1 pLDDT=65.3 pTM=0.529 tol=0.421
2026-07-23 06:56:34,552 alphafold2_ptm_model_3_seed_042 recycle=2 pLDDT=76.4 pTM=0.618 tol=6.22
2026-07-23 06:57:00,142 alphafold2_ptm_model_3_seed_042 recycle=3 pLDDT=86.5 pTM=0.669 tol=0.915
2026-07-23 06:57:00,145 alphafold2_ptm_model_3_seed_042 took 102.2s (3 recycles)
2026-07-23 06:57:25,475 alphafold2_ptm_model_4_seed_042 recycle=0 pLDDT=67 pTM=0.546
2026-07-23 06:57:51,642 alphafold2_ptm_model_4_seed_042 recycle=1 pLDDT=65.4 pTM=0.552 tol=0.876
2026-07-23 06:58:17,118 alphafold2_ptm_model_4_seed_042 recycle=2 pLDDT=65.7 pTM=0.562 tol=0.431
2026-07-23 06:58:42,652 alphafold2_ptm_model_4_seed_042 recycle=3 pLDDT=65.2 pTM=0.551 tol=0.107
2026-07-23 06:58:42,654 alphafold2_ptm_model_4_seed_042 took 102.4s (3 recycles)
2026-07-23 06:59:08,756 alphafold2_ptm_model_5_seed_042 recycle=0 pLDDT=62.6 pTM=0.514
2026-07-23 06:59:34,181 alphafold2_ptm_model_5_seed_042 recycle=1 pLDDT=65.1 pTM=0.555 tol=0.775
2026-07-23 06:59:59,324 alphafold2_ptm_model_5_seed_042 recycle=2 pLDDT=65.6 pTM=0.559 tol=0.712
2026-07-23 07:00:24,580 alphafold2_ptm_model_5_seed_042 recycle=3 pLDDT=66.2 pTM=0.563 tol=0.223
2026-07-23 07:00:24,582 alphafold2_ptm_model_5_seed_042 took 101.8s (3 recycles)
2026-07-23 07:00:51,875 alphafold2_ptm_model_1_seed_043 recycle=0 pLDDT=57.9 pTM=0.52
2026-07-23 07:01:17,223 alphafold2_ptm_model_1_seed_043 recycle=1 pLDDT=81.8 pTM=0.689 tol=6.39
2026-07-23 07:01:42,502 alphafold2_ptm_model_1_seed_043 recycle=2 pLDDT=89.1 pTM=0.729 tol=0.631
2026-07-23 07:02:08,841 alphafold2_ptm_model_1_seed_043 recycle=3 pLDDT=89.2 pTM=0.722 tol=0.0881
2026-07-23 07:02:08,844 alphafold2_ptm_model_1_seed_043 took 102.3s (3 recycles)
2026-07-23 07:02:35,234 alphafold2_ptm_model_2_seed_043 recycle=0 pLDDT=62.4 pTM=0.537
2026-07-23 07:03:00,477 alphafold2_ptm_model_2_seed_043 recycle=1 pLDDT=65.5 pTM=0.569 tol=1.21
2026-07-23 07:03:25,960 alphafold2_ptm_model_2_seed_043 recycle=2 pLDDT=65.5 pTM=0.564 tol=0.329
2026-07-23 07:03:52,000 alphafold2_ptm_model_2_seed_043 recycle=3 pLDDT=65.9 pTM=0.574 tol=0.323
2026-07-23 07:03:52,003 alphafold2_ptm_model_2_seed_043 took 103.1s (3 recycles)
2026-07-23 07:04:16,850 alphafold2_ptm_model_3_seed_043 recycle=0 pLDDT=63.6 pTM=0.496
2026-07-23 07:04:41,930 alphafold2_ptm_model_3_seed_043 recycle=1 pLDDT=63.5 pTM=0.542 tol=1.16
2026-07-23 07:05:07,224 alphafold2_ptm_model_3_seed_043 recycle=2 pLDDT=76.8 pTM=0.627 tol=6.24
2026-07-23 07:05:33,586 alphafold2_ptm_model_3_seed_043 recycle=3 pLDDT=86.7 pTM=0.675 tol=0.612
2026-07-23 07:05:33,591 alphafold2_ptm_model_3_seed_043 took 101.5s (3 recycles)
2026-07-23 07:05:58,270 alphafold2_ptm_model_4_seed_043 recycle=0 pLDDT=65.1 pTM=0.529
2026-07-23 07:06:24,047 alphafold2_ptm_model_4_seed_043 recycle=1 pLDDT=65.1 pTM=0.551 tol=0.948
2026-07-23 07:06:50,189 alphafold2_ptm_model_4_seed_043 recycle=2 pLDDT=65.6 pTM=0.561 tol=0.321
2026-07-23 07:07:15,386 alphafold2_ptm_model_4_seed_043 recycle=3 pLDDT=65.1 pTM=0.553 tol=0.177
2026-07-23 07:07:15,389 alphafold2_ptm_model_4_seed_043 took 101.7s (3 recycles)
2026-07-23 07:07:41,255 alphafold2_ptm_model_5_seed_043 recycle=0 pLDDT=62.1 pTM=0.521
2026-07-23 07:08:08,249 alphafold2_ptm_model_5_seed_043 recycle=1 pLDDT=65.5 pTM=0.559 tol=0.737
2026-07-23 07:08:34,649 alphafold2_ptm_model_5_seed_043 recycle=2 pLDDT=65.5 pTM=0.558 tol=0.792
2026-07-23 07:09:00,875 alphafold2_ptm_model_5_seed_043 recycle=3 pLDDT=66.1 pTM=0.562 tol=0.292
2026-07-23 07:09:00,878 alphafold2_ptm_model_5_seed_043 took 105.4s (3 recycles)
2026-07-23 07:09:28,630 alphafold2_ptm_model_1_seed_044 recycle=0 pLDDT=58.7 pTM=0.525
2026-07-23 07:09:54,740 alphafold2_ptm_model_1_seed_044 recycle=1 pLDDT=82.8 pTM=0.704 tol=6.43
2026-07-23 07:10:20,513 alphafold2_ptm_model_1_seed_044 recycle=2 pLDDT=89.2 pTM=0.727 tol=0.665
2026-07-23 07:10:47,026 alphafold2_ptm_model_1_seed_044 recycle=3 pLDDT=88.9 pTM=0.715 tol=0.0966
2026-07-23 07:10:47,028 alphafold2_ptm_model_1_seed_044 took 104.3s (3 recycles)
2026-07-23 07:11:13,633 alphafold2_ptm_model_2_seed_044 recycle=0 pLDDT=61.4 pTM=0.53
2026-07-23 07:11:39,543 alphafold2_ptm_model_2_seed_044 recycle=1 pLDDT=64.8 pTM=0.566 tol=1.17
2026-07-23 07:12:05,691 alphafold2_ptm_model_2_seed_044 recycle=2 pLDDT=65.1 pTM=0.562 tol=0.339
2026-07-23 07:12:32,030 alphafold2_ptm_model_2_seed_044 recycle=3 pLDDT=66 pTM=0.571 tol=0.312
2026-07-23 07:12:32,032 alphafold2_ptm_model_2_seed_044 took 104.9s (3 recycles)
2026-07-23 07:12:58,554 alphafold2_ptm_model_3_seed_044 recycle=0 pLDDT=67.6 pTM=0.541
2026-07-23 07:13:24,614 alphafold2_ptm_model_3_seed_044 recycle=1 pLDDT=67.2 pTM=0.546 tol=0.639
2026-07-23 07:13:50,582 alphafold2_ptm_model_3_seed_044 recycle=2 pLDDT=61.9 pTM=0.502 tol=4.29
2026-07-23 07:14:16,652 alphafold2_ptm_model_3_seed_044 recycle=3 pLDDT=65.3 pTM=0.542 tol=3.8
2026-07-23 07:14:16,655 alphafold2_ptm_model_3_seed_044 took 104.5s (3 recycles)
2026-07-23 07:14:42,967 alphafold2_ptm_model_4_seed_044 recycle=0 pLDDT=64.9 pTM=0.524
2026-07-23 07:15:09,110 alphafold2_ptm_model_4_seed_044 recycle=1 pLDDT=65.6 pTM=0.546 tol=0.624
2026-07-23 07:15:34,983 alphafold2_ptm_model_4_seed_044 recycle=2 pLDDT=65.8 pTM=0.562 tol=1
2026-07-23 07:16:00,819 alphafold2_ptm_model_4_seed_044 recycle=3 pLDDT=65.4 pTM=0.555 tol=0.274
2026-07-23 07:16:00,821 alphafold2_ptm_model_4_seed_044 took 104.0s (3 recycles)
2026-07-23 07:16:27,000 alphafold2_ptm_model_5_seed_044 recycle=0 pLDDT=62.8 pTM=0.527
2026-07-23 07:16:52,816 alphafold2_ptm_model_5_seed_044 recycle=1 pLDDT=65.7 pTM=0.56 tol=0.878
2026-07-23 07:17:18,317 alphafold2_ptm_model_5_seed_044 recycle=2 pLDDT=65.1 pTM=0.554 tol=0.741
2026-07-23 07:17:44,635 alphafold2_ptm_model_5_seed_044 recycle=3 pLDDT=65.7 pTM=0.56 tol=0.446
2026-07-23 07:17:44,637 alphafold2_ptm_model_5_seed_044 took 103.7s (3 recycles)
2026-07-23 07:17:44,743 reranking models by 'plddt' metric
2026-07-23 07:17:44,744 rank_001_alphafold2_ptm_model_1_seed_043 pLDDT=89.2 pTM=0.722
2026-07-23 07:17:44,746 rank_002_alphafold2_ptm_model_1_seed_042 pLDDT=88.9 pTM=0.717
2026-07-23 07:17:44,749 rank_003_alphafold2_ptm_model_1_seed_044 pLDDT=88.9 pTM=0.715
2026-07-23 07:17:44,751 rank_004_alphafold2_ptm_model_3_seed_043 pLDDT=86.7 pTM=0.675
2026-07-23 07:17:44,753 rank_005_alphafold2_ptm_model_3_seed_042 pLDDT=86.5 pTM=0.669
2026-07-23 07:17:44,754 rank_006_alphafold2_ptm_model_5_seed_042 pLDDT=66.2 pTM=0.563
2026-07-23 07:17:44,758 rank_007_alphafold2_ptm_model_5_seed_043 pLDDT=66.1 pTM=0.562
2026-07-23 07:17:44,759 rank_008_alphafold2_ptm_model_2_seed_044 pLDDT=66 pTM=0.571
2026-07-23 07:17:44,761 rank_009_alphafold2_ptm_model_2_seed_043 pLDDT=65.9 pTM=0.574
2026-07-23 07:17:44,763 rank_010_alphafold2_ptm_model_5_seed_044 pLDDT=65.7 pTM=0.56
2026-07-23 07:17:44,764 rank_011_alphafold2_ptm_model_4_seed_044 pLDDT=65.4 pTM=0.555
2026-07-23 07:17:44,766 rank_012_alphafold2_ptm_model_3_seed_044 pLDDT=65.3 pTM=0.542
2026-07-23 07:17:44,767 rank_013_alphafold2_ptm_model_2_seed_042 pLDDT=65.2 pTM=0.563
2026-07-23 07:17:44,770 rank_014_alphafold2_ptm_model_4_seed_042 pLDDT=65.2 pTM=0.551
2026-07-23 07:17:44,773 rank_015_alphafold2_ptm_model_4_seed_043 pLDDT=65.1 pTM=0.553
2026-07-23 07:17:49,067 Query 49/723: 5KPE_2_2_9_0_combined_id9 (length 108)
2026-07-23 07:18:17,783 alphafold2_ptm_model_1_seed_042 recycle=0 pLDDT=72.1 pTM=0.64
2026-07-23 07:18:43,348 alphafold2_ptm_model_1_seed_042 recycle=1 pLDDT=83.1 pTM=0.738 tol=1.59
2026-07-23 07:19:08,910 alphafold2_ptm_model_1_seed_042 recycle=2 pLDDT=81.8 pTM=0.722 tol=0.281
2026-07-23 07:19:33,745 alphafold2_ptm_model_1_seed_042 recycle=3 pLDDT=81.6 pTM=0.729 tol=0.211
2026-07-23 07:19:33,746 alphafold2_ptm_model_1_seed_042 took 101.4s (3 recycles)
2026-07-23 07:19:58,512 alphafold2_ptm_model_2_seed_042 recycle=0 pLDDT=75 pTM=0.623
2026-07-23 07:20:22,990 alphafold2_ptm_model_2_seed_042 recycle=1 pLDDT=88.4 pTM=0.772 tol=2.02
2026-07-23 07:20:47,289 alphafold2_ptm_model_2_seed_042 recycle=2 pLDDT=91.3 pTM=0.791 tol=0.213
2026-07-23 07:21:12,347 alphafold2_ptm_model_2_seed_042 recycle=3 pLDDT=91.2 pTM=0.783 tol=0.236
2026-07-23 07:21:12,349 alphafold2_ptm_model_2_seed_042 took 98.6s (3 recycles)
2026-07-23 07:21:41,047 alphafold2_ptm_model_3_seed_042 recycle=0 pLDDT=73.4 pTM=0.588
2026-07-23 07:22:06,555 alphafold2_ptm_model_3_seed_042 recycle=1 pLDDT=87 pTM=0.728 tol=2
2026-07-23 07:22:31,507 alphafold2_ptm_model_3_seed_042 recycle=2 pLDDT=85.6 pTM=0.722 tol=0.649
2026-07-23 07:22:56,998 alphafold2_ptm_model_3_seed_042 recycle=3 pLDDT=88.1 pTM=0.738 tol=0.23
2026-07-23 07:22:57,000 alphafold2_ptm_model_3_seed_042 took 104.6s (3 recycles)
2026-07-23 07:23:21,919 alphafold2_ptm_model_4_seed_042 recycle=0 pLDDT=77.7 pTM=0.688
2026-07-23 07:23:45,555 alphafold2_ptm_model_4_seed_042 recycle=1 pLDDT=84.5 pTM=0.731 tol=1.55
2026-07-23 07:24:08,891 alphafold2_ptm_model_4_seed_042 recycle=2 pLDDT=85.1 pTM=0.721 tol=0.439
2026-07-23 07:24:32,650 alphafold2_ptm_model_4_seed_042 recycle=3 pLDDT=83.1 pTM=0.702 tol=0.318
2026-07-23 07:24:32,651 alphafold2_ptm_model_4_seed_042 took 95.4s (3 recycles)
2026-07-23 07:24:58,454 alphafold2_ptm_model_5_seed_042 recycle=0 pLDDT=69.8 pTM=0.566
2026-07-23 07:25:23,662 alphafold2_ptm_model_5_seed_042 recycle=1 pLDDT=86.4 pTM=0.732 tol=1.49
2026-07-23 07:25:48,910 alphafold2_ptm_model_5_seed_042 recycle=2 pLDDT=86.1 pTM=0.722 tol=0.485
2026-07-23 07:26:14,825 alphafold2_ptm_model_5_seed_042 recycle=3 pLDDT=87.6 pTM=0.735 tol=0.115
2026-07-23 07:26:14,826 alphafold2_ptm_model_5_seed_042 took 102.0s (3 recycles)
2026-07-23 07:26:42,352 alphafold2_ptm_model_1_seed_043 recycle=0 pLDDT=69.5 pTM=0.623
2026-07-23 07:27:09,064 alphafold2_ptm_model_1_seed_043 recycle=1 pLDDT=82.3 pTM=0.729 tol=1.67
2026-07-23 07:27:35,276 alphafold2_ptm_model_1_seed_043 recycle=2 pLDDT=80.9 pTM=0.714 tol=0.29
2026-07-23 07:28:00,972 alphafold2_ptm_model_1_seed_043 recycle=3 pLDDT=81.6 pTM=0.721 tol=0.25
2026-07-23 07:28:00,979 alphafold2_ptm_model_1_seed_043 took 104.7s (3 recycles)
2026-07-23 07:28:27,102 alphafold2_ptm_model_2_seed_043 recycle=0 pLDDT=84.5 pTM=0.717
2026-07-23 07:28:52,745 alphafold2_ptm_model_2_seed_043 recycle=1 pLDDT=90.8 pTM=0.788 tol=1.21
2026-07-23 07:29:18,535 alphafold2_ptm_model_2_seed_043 recycle=2 pLDDT=91.6 pTM=0.791 tol=0.195
2026-07-23 07:29:44,277 alphafold2_ptm_model_2_seed_043 recycle=3 pLDDT=91.3 pTM=0.786 tol=0.281
2026-07-23 07:29:44,278 alphafold2_ptm_model_2_seed_043 took 103.1s (3 recycles)
2026-07-23 07:30:10,730 alphafold2_ptm_model_3_seed_043 recycle=0 pLDDT=77 pTM=0.635
2026-07-23 07:30:36,725 alphafold2_ptm_model_3_seed_043 recycle=1 pLDDT=87.7 pTM=0.734 tol=1.88
2026-07-23 07:31:02,744 alphafold2_ptm_model_3_seed_043 recycle=2 pLDDT=86.9 pTM=0.729 tol=0.316
2026-07-23 07:31:28,745 alphafold2_ptm_model_3_seed_043 recycle=3 pLDDT=88.3 pTM=0.737 tol=0.44
2026-07-23 07:31:28,748 alphafold2_ptm_model_3_seed_043 took 104.4s (3 recycles)
2026-07-23 07:31:54,347 alphafold2_ptm_model_4_seed_043 recycle=0 pLDDT=78.5 pTM=0.67
2026-07-23 07:32:20,622 alphafold2_ptm_model_4_seed_043 recycle=1 pLDDT=87.6 pTM=0.75 tol=1.31
2026-07-23 07:32:46,245 alphafold2_ptm_model_4_seed_043 recycle=2 pLDDT=86.6 pTM=0.736 tol=0.487
2026-07-23 07:33:11,911 alphafold2_ptm_model_4_seed_043 recycle=3 pLDDT=87.3 pTM=0.736 tol=0.534
2026-07-23 07:33:11,913 alphafold2_ptm_model_4_seed_043 took 103.0s (3 recycles)
2026-07-23 07:33:37,589 alphafold2_ptm_model_5_seed_043 recycle=0 pLDDT=73.4 pTM=0.589
2026-07-23 07:34:03,361 alphafold2_ptm_model_5_seed_043 recycle=1 pLDDT=85.7 pTM=0.729 tol=1.37
2026-07-23 07:34:29,518 alphafold2_ptm_model_5_seed_043 recycle=2 pLDDT=86.6 pTM=0.728 tol=0.463
2026-07-23 07:34:55,677 alphafold2_ptm_model_5_seed_043 recycle=3 pLDDT=87.9 pTM=0.739 tol=0.1
2026-07-23 07:34:55,678 alphafold2_ptm_model_5_seed_043 took 103.7s (3 recycles)
2026-07-23 07:35:23,515 alphafold2_ptm_model_1_seed_044 recycle=0 pLDDT=68.8 pTM=0.608
2026-07-23 07:35:48,913 alphafold2_ptm_model_1_seed_044 recycle=1 pLDDT=84.7 pTM=0.73 tol=2.33
2026-07-23 07:36:14,256 alphafold2_ptm_model_1_seed_044 recycle=2 pLDDT=89.8 pTM=0.771 tol=0.601
2026-07-23 07:36:40,303 alphafold2_ptm_model_1_seed_044 recycle=3 pLDDT=90.5 pTM=0.771 tol=0.126
2026-07-23 07:36:40,305 alphafold2_ptm_model_1_seed_044 took 102.7s (3 recycles)
2026-07-23 07:37:07,238 alphafold2_ptm_model_2_seed_044 recycle=0 pLDDT=81.3 pTM=0.672
2026-07-23 07:37:32,862 alphafold2_ptm_model_2_seed_044 recycle=1 pLDDT=90.7 pTM=0.788 tol=1.25
2026-07-23 07:37:58,025 alphafold2_ptm_model_2_seed_044 recycle=2 pLDDT=91.9 pTM=0.794 tol=0.21
2026-07-23 07:38:21,973 alphafold2_ptm_model_2_seed_044 recycle=3 pLDDT=91.6 pTM=0.789 tol=0.179
2026-07-23 07:38:21,974 alphafold2_ptm_model_2_seed_044 took 101.5s (3 recycles)
2026-07-23 07:38:46,741 alphafold2_ptm_model_3_seed_044 recycle=0 pLDDT=72.3 pTM=0.557
2026-07-23 07:39:11,128 alphafold2_ptm_model_3_seed_044 recycle=1 pLDDT=86.6 pTM=0.732 tol=1.8
2026-07-23 07:39:35,243 alphafold2_ptm_model_3_seed_044 recycle=2 pLDDT=89.1 pTM=0.755 tol=0.29
2026-07-23 07:39:59,385 alphafold2_ptm_model_3_seed_044 recycle=3 pLDDT=90.2 pTM=0.756 tol=0.0887
2026-07-23 07:39:59,387 alphafold2_ptm_model_3_seed_044 took 97.2s (3 recycles)
2026-07-23 07:40:23,086 alphafold2_ptm_model_4_seed_044 recycle=0 pLDDT=79.8 pTM=0.671
2026-07-23 07:40:46,694 alphafold2_ptm_model_4_seed_044 recycle=1 pLDDT=86.3 pTM=0.744 tol=1.52
2026-07-23 07:41:10,581 alphafold2_ptm_model_4_seed_044 recycle=2 pLDDT=85.4 pTM=0.73 tol=0.637
2026-07-23 07:41:34,511 alphafold2_ptm_model_4_seed_044 recycle=3 pLDDT=87.9 pTM=0.741 tol=0.263
2026-07-23 07:41:34,512 alphafold2_ptm_model_4_seed_044 took 95.1s (3 recycles)
2026-07-23 07:41:58,369 alphafold2_ptm_model_5_seed_044 recycle=0 pLDDT=71.4 pTM=0.567
2026-07-23 07:42:21,844 alphafold2_ptm_model_5_seed_044 recycle=1 pLDDT=86 pTM=0.734 tol=1.45
2026-07-23 07:42:45,437 alphafold2_ptm_model_5_seed_044 recycle=2 pLDDT=86.9 pTM=0.732 tol=0.412
2026-07-23 07:43:09,180 alphafold2_ptm_model_5_seed_044 recycle=3 pLDDT=88.1 pTM=0.741 tol=0.105
2026-07-23 07:43:09,181 alphafold2_ptm_model_5_seed_044 took 94.6s (3 recycles)
2026-07-23 07:43:09,260 reranking models by 'plddt' metric
2026-07-23 07:43:09,261 rank_001_alphafold2_ptm_model_2_seed_044 pLDDT=91.6 pTM=0.789
2026-07-23 07:43:09,263 rank_002_alphafold2_ptm_model_2_seed_043 pLDDT=91.3 pTM=0.786
2026-07-23 07:43:09,266 rank_003_alphafold2_ptm_model_2_seed_042 pLDDT=91.2 pTM=0.783
2026-07-23 07:43:09,268 rank_004_alphafold2_ptm_model_1_seed_044 pLDDT=90.5 pTM=0.771
2026-07-23 07:43:09,269 rank_005_alphafold2_ptm_model_3_seed_044 pLDDT=90.2 pTM=0.756
2026-07-23 07:43:09,271 rank_006_alphafold2_ptm_model_3_seed_043 pLDDT=88.3 pTM=0.737
2026-07-23 07:43:09,273 rank_007_alphafold2_ptm_model_5_seed_044 pLDDT=88.1 pTM=0.741
2026-07-23 07:43:09,274 rank_008_alphafold2_ptm_model_3_seed_042 pLDDT=88.1 pTM=0.738
2026-07-23 07:43:09,276 rank_009_alphafold2_ptm_model_4_seed_044 pLDDT=87.9 pTM=0.741
2026-07-23 07:43:09,278 rank_010_alphafold2_ptm_model_5_seed_043 pLDDT=87.9 pTM=0.739
2026-07-23 07:43:09,279 rank_011_alphafold2_ptm_model_5_seed_042 pLDDT=87.6 pTM=0.735
2026-07-23 07:43:09,282 rank_012_alphafold2_ptm_model_4_seed_043 pLDDT=87.3 pTM=0.736
2026-07-23 07:43:09,283 rank_013_alphafold2_ptm_model_4_seed_042 pLDDT=83.1 pTM=0.702
2026-07-23 07:43:09,285 rank_014_alphafold2_ptm_model_1_seed_043 pLDDT=81.6 pTM=0.721
2026-07-23 07:43:09,287 rank_015_alphafold2_ptm_model_1_seed_042 pLDDT=81.6 pTM=0.729
2026-07-23 07:43:12,590 Query 50/723: 5KPE_2_2_9_0_combined_id1 (length 108)
2026-07-23 07:43:39,102 alphafold2_ptm_model_1_seed_042 recycle=0 pLDDT=82.8 pTM=0.701
2026-07-23 07:44:02,971 alphafold2_ptm_model_1_seed_042 recycle=1 pLDDT=89.8 pTM=0.756 tol=1.12
2026-07-23 07:44:26,461 alphafold2_ptm_model_1_seed_042 recycle=2 pLDDT=91.4 pTM=0.784 tol=0.123
2026-07-23 07:44:50,313 alphafold2_ptm_model_1_seed_042 recycle=3 pLDDT=91.8 pTM=0.785 tol=0.0714
2026-07-23 07:44:50,313 alphafold2_ptm_model_1_seed_042 took 95.2s (3 recycles)
2026-07-23 07:45:15,836 alphafold2_ptm_model_2_seed_042 recycle=0 pLDDT=86 pTM=0.724
2026-07-23 07:45:39,977 alphafold2_ptm_model_2_seed_042 recycle=1 pLDDT=86.5 pTM=0.746 tol=0.724
2026-07-23 07:46:04,130 alphafold2_ptm_model_2_seed_042 recycle=2 pLDDT=91.9 pTM=0.802 tol=0.53
2026-07-23 07:46:28,399 alphafold2_ptm_model_2_seed_042 recycle=3 pLDDT=93.4 pTM=0.819 tol=0.109
2026-07-23 07:46:28,399 alphafold2_ptm_model_2_seed_042 took 98.0s (3 recycles)
2026-07-23 07:46:52,193 alphafold2_ptm_model_3_seed_042 recycle=0 pLDDT=86.8 pTM=0.708
2026-07-23 07:47:27,957 alphafold2_ptm_model_3_seed_042 recycle=1 pLDDT=92 pTM=0.802 tol=0.358
2026-07-23 07:47:54,125 alphafold2_ptm_model_3_seed_042 recycle=2 pLDDT=92.9 pTM=0.81 tol=0.0997
2026-07-23 07:48:20,292 alphafold2_ptm_model_3_seed_042 recycle=3 pLDDT=93.7 pTM=0.823 tol=0.0651
2026-07-23 07:48:20,293 alphafold2_ptm_model_3_seed_042 took 111.7s (3 recycles)
2026-07-23 07:48:45,848 alphafold2_ptm_model_4_seed_042 recycle=0 pLDDT=87.2 pTM=0.726
2026-07-23 07:49:11,779 alphafold2_ptm_model_4_seed_042 recycle=1 pLDDT=92.4 pTM=0.811 tol=0.296
2026-07-23 07:49:37,709 alphafold2_ptm_model_4_seed_042 recycle=2 pLDDT=93.5 pTM=0.826 tol=0.0778
2026-07-23 07:50:03,394 alphafold2_ptm_model_4_seed_042 recycle=3 pLDDT=93.7 pTM=0.828 tol=0.0296
2026-07-23 07:50:03,394 alphafold2_ptm_model_4_seed_042 took 103.0s (3 recycles)
2026-07-23 07:50:30,299 alphafold2_ptm_model_5_seed_042 recycle=0 pLDDT=84 pTM=0.697
2026-07-23 07:50:55,963 alphafold2_ptm_model_5_seed_042 recycle=1 pLDDT=87.8 pTM=0.728 tol=0.398
2026-07-23 07:51:21,692 alphafold2_ptm_model_5_seed_042 recycle=2 pLDDT=88.9 pTM=0.733 tol=0.163
2026-07-23 07:51:47,134 alphafold2_ptm_model_5_seed_042 recycle=3 pLDDT=89.1 pTM=0.731 tol=0.0629
2026-07-23 07:51:47,135 alphafold2_ptm_model_5_seed_042 took 103.6s (3 recycles)
2026-07-23 07:52:14,854 alphafold2_ptm_model_1_seed_043 recycle=0 pLDDT=81.6 pTM=0.69
2026-07-23 07:52:40,647 alphafold2_ptm_model_1_seed_043 recycle=1 pLDDT=90 pTM=0.76 tol=0.877
2026-07-23 07:53:06,467 alphafold2_ptm_model_1_seed_043 recycle=2 pLDDT=91.8 pTM=0.787 tol=0.137
2026-07-23 07:53:32,341 alphafold2_ptm_model_1_seed_043 recycle=3 pLDDT=92.2 pTM=0.791 tol=0.0665
2026-07-23 07:53:32,342 alphafold2_ptm_model_1_seed_043 took 103.3s (3 recycles)
2026-07-23 07:53:57,913 alphafold2_ptm_model_2_seed_043 recycle=0 pLDDT=86.3 pTM=0.727
2026-07-23 07:54:23,717 alphafold2_ptm_model_2_seed_043 recycle=1 pLDDT=86.7 pTM=0.743 tol=0.759
2026-07-23 07:54:49,496 alphafold2_ptm_model_2_seed_043 recycle=2 pLDDT=92.4 pTM=0.806 tol=0.479
2026-07-23 07:55:15,291 alphafold2_ptm_model_2_seed_043 recycle=3 pLDDT=93.8 pTM=0.824 tol=0.09
2026-07-23 07:55:15,293 alphafold2_ptm_model_2_seed_043 took 102.9s (3 recycles)
2026-07-23 07:55:40,814 alphafold2_ptm_model_3_seed_043 recycle=0 pLDDT=86.6 pTM=0.705
2026-07-23 07:56:06,935 alphafold2_ptm_model_3_seed_043 recycle=1 pLDDT=91.9 pTM=0.798 tol=0.392
2026-07-23 07:56:32,766 alphafold2_ptm_model_3_seed_043 recycle=2 pLDDT=93.2 pTM=0.814 tol=0.0835
2026-07-23 07:56:58,722 alphafold2_ptm_model_3_seed_043 recycle=3 pLDDT=93.8 pTM=0.824 tol=0.0667
2026-07-23 07:56:58,725 alphafold2_ptm_model_3_seed_043 took 103.3s (3 recycles)
2026-07-23 07:57:24,455 alphafold2_ptm_model_4_seed_043 recycle=0 pLDDT=87.4 pTM=0.729
2026-07-23 07:57:50,112 alphafold2_ptm_model_4_seed_043 recycle=1 pLDDT=92.6 pTM=0.814 tol=0.248
2026-07-23 07:58:16,097 alphafold2_ptm_model_4_seed_043 recycle=2 pLDDT=93.6 pTM=0.829 tol=0.0781
2026-07-23 07:58:41,602 alphafold2_ptm_model_4_seed_043 recycle=3 pLDDT=93.8 pTM=0.829 tol=0.0281
2026-07-23 07:58:41,603 alphafold2_ptm_model_4_seed_043 took 102.8s (3 recycles)
2026-07-23 07:59:07,660 alphafold2_ptm_model_5_seed_043 recycle=0 pLDDT=84.2 pTM=0.697
2026-07-23 07:59:33,837 alphafold2_ptm_model_5_seed_043 recycle=1 pLDDT=88.1 pTM=0.732 tol=0.456
2026-07-23 07:59:59,717 alphafold2_ptm_model_5_seed_043 recycle=2 pLDDT=89 pTM=0.733 tol=0.175
2026-07-23 08:00:25,162 alphafold2_ptm_model_5_seed_043 recycle=3 pLDDT=89.2 pTM=0.731 tol=0.066
2026-07-23 08:00:25,167 alphafold2_ptm_model_5_seed_043 took 103.5s (3 recycles)
2026-07-23 08:00:51,863 alphafold2_ptm_model_1_seed_044 recycle=0 pLDDT=81.9 pTM=0.691
2026-07-23 08:01:17,815 alphafold2_ptm_model_1_seed_044 recycle=1 pLDDT=89.7 pTM=0.757 tol=0.966
2026-07-23 08:01:43,965 alphafold2_ptm_model_1_seed_044 recycle=2 pLDDT=91.6 pTM=0.786 tol=0.139
2026-07-23 08:02:10,044 alphafold2_ptm_model_1_seed_044 recycle=3 pLDDT=92.1 pTM=0.79 tol=0.077
2026-07-23 08:02:10,052 alphafold2_ptm_model_1_seed_044 took 103.3s (3 recycles)
2026-07-23 08:02:35,128 alphafold2_ptm_model_2_seed_044 recycle=0 pLDDT=85.1 pTM=0.71
2026-07-23 08:03:00,852 alphafold2_ptm_model_2_seed_044 recycle=1 pLDDT=88.1 pTM=0.76 tol=0.842
2026-07-23 08:03:26,643 alphafold2_ptm_model_2_seed_044 recycle=2 pLDDT=93.1 pTM=0.815 tol=0.367
2026-07-23 08:03:51,925 alphafold2_ptm_model_2_seed_044 recycle=3 pLDDT=94.1 pTM=0.828 tol=0.0787
2026-07-23 08:03:51,931 alphafold2_ptm_model_2_seed_044 took 101.8s (3 recycles)
2026-07-23 08:04:16,585 alphafold2_ptm_model_3_seed_044 recycle=0 pLDDT=86.1 pTM=0.701
2026-07-23 08:04:40,328 alphafold2_ptm_model_3_seed_044 recycle=1 pLDDT=91.9 pTM=0.799 tol=0.463
2026-07-23 08:05:04,396 alphafold2_ptm_model_3_seed_044 recycle=2 pLDDT=92.8 pTM=0.807 tol=0.115
2026-07-23 08:05:28,171 alphafold2_ptm_model_3_seed_044 recycle=3 pLDDT=93.6 pTM=0.819 tol=0.0702
2026-07-23 08:05:28,172 alphafold2_ptm_model_3_seed_044 took 95.8s (3 recycles)
2026-07-23 08:05:53,487 alphafold2_ptm_model_4_seed_044 recycle=0 pLDDT=87 pTM=0.723
2026-07-23 08:06:17,812 alphafold2_ptm_model_4_seed_044 recycle=1 pLDDT=92.6 pTM=0.814 tol=0.314
2026-07-23 08:06:41,866 alphafold2_ptm_model_4_seed_044 recycle=2 pLDDT=93.6 pTM=0.828 tol=0.0792
2026-07-23 08:07:05,921 alphafold2_ptm_model_4_seed_044 recycle=3 pLDDT=93.8 pTM=0.829 tol=0.0278
2026-07-23 08:07:05,922 alphafold2_ptm_model_4_seed_044 took 97.5s (3 recycles)
2026-07-23 08:07:29,933 alphafold2_ptm_model_5_seed_044 recycle=0 pLDDT=83.2 pTM=0.685
2026-07-23 08:07:58,348 alphafold2_ptm_model_5_seed_044 recycle=1 pLDDT=87.2 pTM=0.727 tol=0.505
2026-07-23 08:08:23,903 alphafold2_ptm_model_5_seed_044 recycle=2 pLDDT=88.7 pTM=0.731 tol=0.222
2026-07-23 08:08:49,059 alphafold2_ptm_model_5_seed_044 recycle=3 pLDDT=89 pTM=0.731 tol=0.0765
2026-07-23 08:08:49,061 alphafold2_ptm_model_5_seed_044 took 103.1s (3 recycles)
2026-07-23 08:08:49,160 reranking models by 'plddt' metric
2026-07-23 08:08:49,160 rank_001_alphafold2_ptm_model_2_seed_044 pLDDT=94.1 pTM=0.828
2026-07-23 08:08:49,162 rank_002_alphafold2_ptm_model_4_seed_043 pLDDT=93.8 pTM=0.829
2026-07-23 08:08:49,164 rank_003_alphafold2_ptm_model_3_seed_043 pLDDT=93.8 pTM=0.824
2026-07-23 08:08:49,167 rank_004_alphafold2_ptm_model_2_seed_043 pLDDT=93.8 pTM=0.824
2026-07-23 08:08:49,169 rank_005_alphafold2_ptm_model_4_seed_044 pLDDT=93.8 pTM=0.829
2026-07-23 08:08:49,171 rank_006_alphafold2_ptm_model_4_seed_042 pLDDT=93.7 pTM=0.828
2026-07-23 08:08:49,174 rank_007_alphafold2_ptm_model_3_seed_042 pLDDT=93.7 pTM=0.823
2026-07-23 08:08:49,176 rank_008_alphafold2_ptm_model_3_seed_044 pLDDT=93.6 pTM=0.819
2026-07-23 08:08:49,178 rank_009_alphafold2_ptm_model_2_seed_042 pLDDT=93.4 pTM=0.819
2026-07-23 08:08:49,179 rank_010_alphafold2_ptm_model_1_seed_043 pLDDT=92.2 pTM=0.791
2026-07-23 08:08:49,181 rank_011_alphafold2_ptm_model_1_seed_044 pLDDT=92.1 pTM=0.79
2026-07-23 08:08:49,182 rank_012_alphafold2_ptm_model_1_seed_042 pLDDT=91.8 pTM=0.785
2026-07-23 08:08:49,185 rank_013_alphafold2_ptm_model_5_seed_043 pLDDT=89.2 pTM=0.731
2026-07-23 08:08:49,187 rank_014_alphafold2_ptm_model_5_seed_042 pLDDT=89.1 pTM=0.731
2026-07-23 08:08:49,188 rank_015_alphafold2_ptm_model_5_seed_044 pLDDT=89 pTM=0.731
2026-07-23 08:08:52,964 Query 51/723: 5KPE_2_2_9_0_combined_id4 (length 108)
2026-07-23 08:09:20,097 alphafold2_ptm_model_1_seed_042 recycle=0 pLDDT=63.8 pTM=0.529
2026-07-23 08:09:47,937 alphafold2_ptm_model_1_seed_042 recycle=1 pLDDT=84.1 pTM=0.688 tol=2.36
2026-07-23 08:10:14,174 alphafold2_ptm_model_1_seed_042 recycle=2 pLDDT=84.1 pTM=0.686 tol=0.394
2026-07-23 08:10:40,019 alphafold2_ptm_model_1_seed_042 recycle=3 pLDDT=83.6 pTM=0.676 tol=0.163
2026-07-23 08:10:40,024 alphafold2_ptm_model_1_seed_042 took 104.4s (3 recycles)
2026-07-23 08:11:05,587 alphafold2_ptm_model_2_seed_042 recycle=0 pLDDT=62.6 pTM=0.514
2026-07-23 08:11:31,006 alphafold2_ptm_model_2_seed_042 recycle=1 pLDDT=85.9 pTM=0.708 tol=2.23
2026-07-23 08:11:55,287 alphafold2_ptm_model_2_seed_042 recycle=2 pLDDT=85.4 pTM=0.696 tol=0.366
2026-07-23 08:12:20,555 alphafold2_ptm_model_2_seed_042 recycle=3 pLDDT=85.7 pTM=0.687 tol=0.213
2026-07-23 08:12:20,556 alphafold2_ptm_model_2_seed_042 took 100.5s (3 recycles)
2026-07-23 08:12:46,542 alphafold2_ptm_model_3_seed_042 recycle=0 pLDDT=72.5 pTM=0.553
2026-07-23 08:13:12,439 alphafold2_ptm_model_3_seed_042 recycle=1 pLDDT=87.9 pTM=0.707 tol=1.83
2026-07-23 08:13:37,905 alphafold2_ptm_model_3_seed_042 recycle=2 pLDDT=88.9 pTM=0.721 tol=0.352
2026-07-23 08:14:03,557 alphafold2_ptm_model_3_seed_042 recycle=3 pLDDT=89.2 pTM=0.713 tol=0.0952
2026-07-23 08:14:03,558 alphafold2_ptm_model_3_seed_042 took 102.8s (3 recycles)
2026-07-23 08:14:29,552 alphafold2_ptm_model_4_seed_042 recycle=0 pLDDT=63.7 pTM=0.519
2026-07-23 08:14:55,455 alphafold2_ptm_model_4_seed_042 recycle=1 pLDDT=66.9 pTM=0.555 tol=4.22
2026-07-23 08:15:21,471 alphafold2_ptm_model_4_seed_042 recycle=2 pLDDT=82.6 pTM=0.677 tol=1.71
2026-07-23 08:15:48,691 alphafold2_ptm_model_4_seed_042 recycle=3 pLDDT=83.4 pTM=0.673 tol=0.576
2026-07-23 08:15:48,692 alphafold2_ptm_model_4_seed_042 took 105.0s (3 recycles)
2026-07-23 08:16:15,147 alphafold2_ptm_model_5_seed_042 recycle=0 pLDDT=67 pTM=0.537
2026-07-23 08:16:41,288 alphafold2_ptm_model_5_seed_042 recycle=1 pLDDT=84.2 pTM=0.67 tol=2.7
2026-07-23 08:17:06,850 alphafold2_ptm_model_5_seed_042 recycle=2 pLDDT=85.1 pTM=0.67 tol=0.304
2026-07-23 08:17:33,530 alphafold2_ptm_model_5_seed_042 recycle=3 pLDDT=85.6 pTM=0.67 tol=0.15
2026-07-23 08:17:33,533 alphafold2_ptm_model_5_seed_042 took 104.6s (3 recycles)
2026-07-23 08:18:02,201 alphafold2_ptm_model_1_seed_043 recycle=0 pLDDT=60.1 pTM=0.487
2026-07-23 08:18:28,347 alphafold2_ptm_model_1_seed_043 recycle=1 pLDDT=82.8 pTM=0.676 tol=1.99
2026-07-23 08:18:54,326 alphafold2_ptm_model_1_seed_043 recycle=2 pLDDT=84.4 pTM=0.689 tol=0.488
2026-07-23 08:19:20,325 alphafold2_ptm_model_1_seed_043 recycle=3 pLDDT=84 pTM=0.676 tol=0.183
2026-07-23 08:19:20,330 alphafold2_ptm_model_1_seed_043 took 104.2s (3 recycles)
2026-07-23 08:19:51,657 alphafold2_ptm_model_2_seed_043 recycle=0 pLDDT=62.4 pTM=0.518
2026-07-23 08:20:17,867 alphafold2_ptm_model_2_seed_043 recycle=1 pLDDT=64.4 pTM=0.517 tol=0.751
2026-07-23 08:20:44,875 alphafold2_ptm_model_2_seed_043 recycle=2 pLDDT=85.7 pTM=0.698 tol=4.01
2026-07-23 08:21:11,116 alphafold2_ptm_model_2_seed_043 recycle=3 pLDDT=85.1 pTM=0.684 tol=0.289
2026-07-23 08:21:11,117 alphafold2_ptm_model_2_seed_043 took 110.7s (3 recycles)
2026-07-23 08:21:37,517 alphafold2_ptm_model_3_seed_043 recycle=0 pLDDT=73.6 pTM=0.568
2026-07-23 08:22:03,804 alphafold2_ptm_model_3_seed_043 recycle=1 pLDDT=88 pTM=0.71 tol=1.8
2026-07-23 08:22:30,220 alphafold2_ptm_model_3_seed_043 recycle=2 pLDDT=88.8 pTM=0.72 tol=0.395
2026-07-23 08:22:56,291 alphafold2_ptm_model_3_seed_043 recycle=3 pLDDT=89.1 pTM=0.713 tol=0.122
2026-07-23 08:22:56,293 alphafold2_ptm_model_3_seed_043 took 105.0s (3 recycles)
2026-07-23 08:23:22,805 alphafold2_ptm_model_4_seed_043 recycle=0 pLDDT=65.1 pTM=0.536
2026-07-23 08:23:50,745 alphafold2_ptm_model_4_seed_043 recycle=1 pLDDT=64.2 pTM=0.54 tol=4.17
2026-07-23 08:24:16,972 alphafold2_ptm_model_4_seed_043 recycle=2 pLDDT=87.1 pTM=0.72 tol=1.55
2026-07-23 08:24:43,182 alphafold2_ptm_model_4_seed_043 recycle=3 pLDDT=85.6 pTM=0.697 tol=0.31
2026-07-23 08:24:43,184 alphafold2_ptm_model_4_seed_043 took 106.8s (3 recycles)
2026-07-23 08:25:10,045 alphafold2_ptm_model_5_seed_043 recycle=0 pLDDT=67.8 pTM=0.542
2026-07-23 08:25:36,266 alphafold2_ptm_model_5_seed_043 recycle=1 pLDDT=83.8 pTM=0.665 tol=2.76
2026-07-23 08:26:02,646 alphafold2_ptm_model_5_seed_043 recycle=2 pLDDT=85.1 pTM=0.669 tol=0.317
2026-07-23 08:26:29,024 alphafold2_ptm_model_5_seed_043 recycle=3 pLDDT=85.3 pTM=0.667 tol=0.13
2026-07-23 08:26:29,025 alphafold2_ptm_model_5_seed_043 took 105.7s (3 recycles)
2026-07-23 08:26:57,024 alphafold2_ptm_model_1_seed_044 recycle=0 pLDDT=60.7 pTM=0.497
2026-07-23 08:27:22,924 alphafold2_ptm_model_1_seed_044 recycle=1 pLDDT=84.6 pTM=0.691 tol=2.08
2026-07-23 08:27:48,825 alphafold2_ptm_model_1_seed_044 recycle=2 pLDDT=84.6 pTM=0.691 tol=0.382
2026-07-23 08:28:14,901 alphafold2_ptm_model_1_seed_044 recycle=3 pLDDT=84.1 pTM=0.678 tol=0.141
2026-07-23 08:28:14,902 alphafold2_ptm_model_1_seed_044 took 104.0s (3 recycles)
2026-07-23 08:28:41,162 alphafold2_ptm_model_2_seed_044 recycle=0 pLDDT=61.6 pTM=0.51
2026-07-23 08:29:07,523 alphafold2_ptm_model_2_seed_044 recycle=1 pLDDT=84.3 pTM=0.685 tol=2.31
2026-07-23 08:29:33,605 alphafold2_ptm_model_2_seed_044 recycle=2 pLDDT=85.5 pTM=0.692 tol=0.278
2026-07-23 08:29:59,481 alphafold2_ptm_model_2_seed_044 recycle=3 pLDDT=85.3 pTM=0.679 tol=0.152
2026-07-23 08:29:59,482 alphafold2_ptm_model_2_seed_044 took 104.5s (3 recycles)
2026-07-23 08:30:26,249 alphafold2_ptm_model_3_seed_044 recycle=0 pLDDT=72.2 pTM=0.557
2026-07-23 08:30:52,375 alphafold2_ptm_model_3_seed_044 recycle=1 pLDDT=84 pTM=0.657 tol=1.95
2026-07-23 08:31:18,697 alphafold2_ptm_model_3_seed_044 recycle=2 pLDDT=87.6 pTM=0.707 tol=0.739
2026-07-23 08:31:43,108 alphafold2_ptm_model_3_seed_044 recycle=3 pLDDT=88.6 pTM=0.706 tol=0.112
2026-07-23 08:31:43,110 alphafold2_ptm_model_3_seed_044 took 103.5s (3 recycles)
2026-07-23 08:32:08,403 alphafold2_ptm_model_4_seed_044 recycle=0 pLDDT=62.7 pTM=0.511
2026-07-23 08:32:33,674 alphafold2_ptm_model_4_seed_044 recycle=1 pLDDT=64.4 pTM=0.538 tol=4.05
2026-07-23 08:32:59,820 alphafold2_ptm_model_4_seed_044 recycle=2 pLDDT=86.6 pTM=0.72 tol=1.5
2026-07-23 08:33:24,510 alphafold2_ptm_model_4_seed_044 recycle=3 pLDDT=84.8 pTM=0.689 tol=0.456
2026-07-23 08:33:24,514 alphafold2_ptm_model_4_seed_044 took 101.3s (3 recycles)
2026-07-23 08:33:48,586 alphafold2_ptm_model_5_seed_044 recycle=0 pLDDT=66.6 pTM=0.533
2026-07-23 08:34:12,549 alphafold2_ptm_model_5_seed_044 recycle=1 pLDDT=83.9 pTM=0.668 tol=2.73
2026-07-23 08:34:36,419 alphafold2_ptm_model_5_seed_044 recycle=2 pLDDT=84.8 pTM=0.669 tol=0.334
2026-07-23 08:35:01,151 alphafold2_ptm_model_5_seed_044 recycle=3 pLDDT=85.1 pTM=0.667 tol=0.127
2026-07-23 08:35:01,153 alphafold2_ptm_model_5_seed_044 took 96.6s (3 recycles)
2026-07-23 08:35:01,227 reranking models by 'plddt' metric
2026-07-23 08:35:01,227 rank_001_alphafold2_ptm_model_3_seed_042 pLDDT=89.2 pTM=0.713
2026-07-23 08:35:01,230 rank_002_alphafold2_ptm_model_3_seed_043 pLDDT=89.1 pTM=0.713
2026-07-23 08:35:01,233 rank_003_alphafold2_ptm_model_3_seed_044 pLDDT=88.6 pTM=0.706
2026-07-23 08:35:01,234 rank_004_alphafold2_ptm_model_2_seed_042 pLDDT=85.7 pTM=0.687
2026-07-23 08:35:01,237 rank_005_alphafold2_ptm_model_4_seed_043 pLDDT=85.6 pTM=0.697
2026-07-23 08:35:01,239 rank_006_alphafold2_ptm_model_5_seed_042 pLDDT=85.6 pTM=0.67
2026-07-23 08:35:01,241 rank_007_alphafold2_ptm_model_2_seed_044 pLDDT=85.3 pTM=0.679
2026-07-23 08:35:01,243 rank_008_alphafold2_ptm_model_5_seed_043 pLDDT=85.3 pTM=0.667
2026-07-23 08:35:01,246 rank_009_alphafold2_ptm_model_5_seed_044 pLDDT=85.1 pTM=0.667
2026-07-23 08:35:01,247 rank_010_alphafold2_ptm_model_2_seed_043 pLDDT=85.1 pTM=0.684
2026-07-23 08:35:01,249 rank_011_alphafold2_ptm_model_4_seed_044 pLDDT=84.8 pTM=0.689
2026-07-23 08:35:01,250 rank_012_alphafold2_ptm_model_1_seed_044 pLDDT=84.1 pTM=0.678
2026-07-23 08:35:01,252 rank_013_alphafold2_ptm_model_1_seed_043 pLDDT=84 pTM=0.676
2026-07-23 08:35:01,255 rank_014_alphafold2_ptm_model_1_seed_042 pLDDT=83.6 pTM=0.676
2026-07-23 08:35:01,257 rank_015_alphafold2_ptm_model_4_seed_042 pLDDT=83.4 pTM=0.673
2026-07-23 08:35:04,868 Query 52/723: 5KPE_2_2_9_0_combined_id7 (length 108)
2026-07-23 08:35:31,347 alphafold2_ptm_model_1_seed_042 recycle=0 pLDDT=70.2 pTM=0.609
2026-07-23 08:35:55,435 alphafold2_ptm_model_1_seed_042 recycle=1 pLDDT=75.5 pTM=0.626 tol=1.01
2026-07-23 08:36:19,529 alphafold2_ptm_model_1_seed_042 recycle=2 pLDDT=88.8 pTM=0.714 tol=1.5
2026-07-23 08:36:44,687 alphafold2_ptm_model_1_seed_042 recycle=3 pLDDT=89.7 pTM=0.719 tol=0.153
2026-07-23 08:36:44,694 alphafold2_ptm_model_1_seed_042 took 97.3s (3 recycles)
2026-07-23 08:37:14,836 alphafold2_ptm_model_2_seed_042 recycle=0 pLDDT=66.1 pTM=0.557
2026-07-23 08:37:41,016 alphafold2_ptm_model_2_seed_042 recycle=1 pLDDT=88.9 pTM=0.752 tol=1.77
2026-07-23 08:38:07,023 alphafold2_ptm_model_2_seed_042 recycle=2 pLDDT=90.4 pTM=0.744 tol=0.379
2026-07-23 08:38:33,215 alphafold2_ptm_model_2_seed_042 recycle=3 pLDDT=90.4 pTM=0.74 tol=0.103
2026-07-23 08:38:33,216 alphafold2_ptm_model_2_seed_042 took 108.4s (3 recycles)
2026-07-23 08:38:59,494 alphafold2_ptm_model_3_seed_042 recycle=0 pLDDT=67.2 pTM=0.507
2026-07-23 08:39:25,674 alphafold2_ptm_model_3_seed_042 recycle=1 pLDDT=84.8 pTM=0.683 tol=2.37
2026-07-23 08:39:52,129 alphafold2_ptm_model_3_seed_042 recycle=2 pLDDT=88.9 pTM=0.715 tol=0.378
2026-07-23 08:40:17,694 alphafold2_ptm_model_3_seed_042 recycle=3 pLDDT=89.2 pTM=0.716 tol=0.079
2026-07-23 08:40:17,695 alphafold2_ptm_model_3_seed_042 took 104.4s (3 recycles)
2026-07-23 08:40:44,014 alphafold2_ptm_model_4_seed_042 recycle=0 pLDDT=66.7 pTM=0.526
2026-07-23 08:41:10,114 alphafold2_ptm_model_4_seed_042 recycle=1 pLDDT=86.8 pTM=0.711 tol=4.37
2026-07-23 08:41:35,885 alphafold2_ptm_model_4_seed_042 recycle=2 pLDDT=89.1 pTM=0.72 tol=0.562
2026-07-23 08:42:00,001 alphafold2_ptm_model_4_seed_042 recycle=3 pLDDT=89.1 pTM=0.718 tol=0.227
2026-07-23 08:42:00,002 alphafold2_ptm_model_4_seed_042 took 102.2s (3 recycles)
2026-07-23 08:42:24,598 alphafold2_ptm_model_5_seed_042 recycle=0 pLDDT=72.5 pTM=0.599
2026-07-23 08:42:49,004 alphafold2_ptm_model_5_seed_042 recycle=1 pLDDT=88.6 pTM=0.716 tol=0.782
2026-07-23 08:43:13,358 alphafold2_ptm_model_5_seed_042 recycle=2 pLDDT=89.3 pTM=0.707 tol=0.249
2026-07-23 08:43:37,151 alphafold2_ptm_model_5_seed_042 recycle=3 pLDDT=89.1 pTM=0.702 tol=0.113
2026-07-23 08:43:37,152 alphafold2_ptm_model_5_seed_042 took 97.1s (3 recycles)
2026-07-23 08:44:02,487 alphafold2_ptm_model_1_seed_043 recycle=0 pLDDT=66.8 pTM=0.575
2026-07-23 08:44:28,156 alphafold2_ptm_model_1_seed_043 recycle=1 pLDDT=85.6 pTM=0.693 tol=1.82
2026-07-23 08:44:52,841 alphafold2_ptm_model_1_seed_043 recycle=2 pLDDT=89.7 pTM=0.72 tol=0.503
2026-07-23 08:45:17,815 alphafold2_ptm_model_1_seed_043 recycle=3 pLDDT=89.9 pTM=0.713 tol=0.126
2026-07-23 08:45:17,816 alphafold2_ptm_model_1_seed_043 took 99.3s (3 recycles)
2026-07-23 08:45:43,394 alphafold2_ptm_model_2_seed_043 recycle=0 pLDDT=66.9 pTM=0.565
2026-07-23 08:46:09,341 alphafold2_ptm_model_2_seed_043 recycle=1 pLDDT=88.8 pTM=0.757 tol=1.67
2026-07-23 08:46:35,696 alphafold2_ptm_model_2_seed_043 recycle=2 pLDDT=90.7 pTM=0.75 tol=0.423
2026-07-23 08:47:01,956 alphafold2_ptm_model_2_seed_043 recycle=3 pLDDT=90.5 pTM=0.74 tol=0.0852
2026-07-23 08:47:01,957 alphafold2_ptm_model_2_seed_043 took 104.0s (3 recycles)
2026-07-23 08:47:27,464 alphafold2_ptm_model_3_seed_043 recycle=0 pLDDT=67.8 pTM=0.514
2026-07-23 08:47:52,824 alphafold2_ptm_model_3_seed_043 recycle=1 pLDDT=84.5 pTM=0.679 tol=2.31
2026-07-23 08:48:18,321 alphafold2_ptm_model_3_seed_043 recycle=2 pLDDT=88.9 pTM=0.713 tol=0.436
2026-07-23 08:48:43,855 alphafold2_ptm_model_3_seed_043 recycle=3 pLDDT=89.1 pTM=0.711 tol=0.103
2026-07-23 08:48:43,856 alphafold2_ptm_model_3_seed_043 took 101.8s (3 recycles)
2026-07-23 08:49:09,913 alphafold2_ptm_model_4_seed_043 recycle=0 pLDDT=68.4 pTM=0.549
2026-07-23 08:49:36,001 alphafold2_ptm_model_4_seed_043 recycle=1 pLDDT=87.5 pTM=0.713 tol=2.86
2026-07-23 08:50:02,024 alphafold2_ptm_model_4_seed_043 recycle=2 pLDDT=89.2 pTM=0.72 tol=0.46
2026-07-23 08:50:27,763 alphafold2_ptm_model_4_seed_043 recycle=3 pLDDT=89.1 pTM=0.719 tol=0.191
2026-07-23 08:50:27,763 alphafold2_ptm_model_4_seed_043 took 103.8s (3 recycles)
2026-07-23 08:50:53,950 alphafold2_ptm_model_5_seed_043 recycle=0 pLDDT=79.4 pTM=0.646
2026-07-23 08:51:19,588 alphafold2_ptm_model_5_seed_043 recycle=1 pLDDT=88.4 pTM=0.713 tol=0.839
2026-07-23 08:51:45,544 alphafold2_ptm_model_5_seed_043 recycle=2 pLDDT=89.1 pTM=0.702 tol=0.232
2026-07-23 08:52:10,336 alphafold2_ptm_model_5_seed_043 recycle=3 pLDDT=88.9 pTM=0.7 tol=0.104
2026-07-23 08:52:10,337 alphafold2_ptm_model_5_seed_043 took 102.5s (3 recycles)
2026-07-23 08:52:35,418 alphafold2_ptm_model_1_seed_044 recycle=0 pLDDT=69.1 pTM=0.593
2026-07-23 08:52:59,106 alphafold2_ptm_model_1_seed_044 recycle=1 pLDDT=75.1 pTM=0.619 tol=1.17
2026-07-23 08:53:23,227 alphafold2_ptm_model_1_seed_044 recycle=2 pLDDT=88.9 pTM=0.714 tol=1.44
2026-07-23 08:53:47,003 alphafold2_ptm_model_1_seed_044 recycle=3 pLDDT=89.9 pTM=0.722 tol=0.143
2026-07-23 08:53:47,009 alphafold2_ptm_model_1_seed_044 took 95.3s (3 recycles)
2026-07-23 08:54:12,478 alphafold2_ptm_model_2_seed_044 recycle=0 pLDDT=66.6 pTM=0.563
2026-07-23 08:54:37,826 alphafold2_ptm_model_2_seed_044 recycle=1 pLDDT=89.6 pTM=0.753 tol=1.64
2026-07-23 08:55:02,792 alphafold2_ptm_model_2_seed_044 recycle=2 pLDDT=90.5 pTM=0.743 tol=0.441
2026-07-23 08:55:28,764 alphafold2_ptm_model_2_seed_044 recycle=3 pLDDT=90.3 pTM=0.737 tol=0.0959
2026-07-23 08:55:28,770 alphafold2_ptm_model_2_seed_044 took 101.7s (3 recycles)
2026-07-23 08:55:55,050 alphafold2_ptm_model_3_seed_044 recycle=0 pLDDT=66.8 pTM=0.51
2026-07-23 08:56:20,680 alphafold2_ptm_model_3_seed_044 recycle=1 pLDDT=86.2 pTM=0.697 tol=2.32
2026-07-23 08:56:46,484 alphafold2_ptm_model_3_seed_044 recycle=2 pLDDT=89.2 pTM=0.718 tol=0.401
2026-07-23 08:57:12,392 alphafold2_ptm_model_3_seed_044 recycle=3 pLDDT=89.4 pTM=0.716 tol=0.0889
2026-07-23 08:57:12,395 alphafold2_ptm_model_3_seed_044 took 103.5s (3 recycles)
2026-07-23 08:57:38,729 alphafold2_ptm_model_4_seed_044 recycle=0 pLDDT=72.1 pTM=0.62
2026-07-23 08:58:04,530 alphafold2_ptm_model_4_seed_044 recycle=1 pLDDT=77.3 pTM=0.645 tol=1.58
2026-07-23 08:58:30,919 alphafold2_ptm_model_4_seed_044 recycle=2 pLDDT=87 pTM=0.703 tol=1.38
2026-07-23 08:58:56,775 alphafold2_ptm_model_4_seed_044 recycle=3 pLDDT=88.9 pTM=0.713 tol=0.429
2026-07-23 08:58:56,778 alphafold2_ptm_model_4_seed_044 took 104.3s (3 recycles)
2026-07-23 08:59:23,279 alphafold2_ptm_model_5_seed_044 recycle=0 pLDDT=79.3 pTM=0.653
2026-07-23 08:59:49,415 alphafold2_ptm_model_5_seed_044 recycle=1 pLDDT=88.6 pTM=0.715 tol=0.701
2026-07-23 09:00:15,993 alphafold2_ptm_model_5_seed_044 recycle=2 pLDDT=89.2 pTM=0.704 tol=0.223
2026-07-23 09:00:41,903 alphafold2_ptm_model_5_seed_044 recycle=3 pLDDT=89.1 pTM=0.7 tol=0.0861
2026-07-23 09:00:41,907 alphafold2_ptm_model_5_seed_044 took 105.0s (3 recycles)
2026-07-23 09:00:42,025 reranking models by 'plddt' metric
2026-07-23 09:00:42,025 rank_001_alphafold2_ptm_model_2_seed_043 pLDDT=90.5 pTM=0.74
2026-07-23 09:00:42,028 rank_002_alphafold2_ptm_model_2_seed_042 pLDDT=90.4 pTM=0.74
2026-07-23 09:00:42,029 rank_003_alphafold2_ptm_model_2_seed_044 pLDDT=90.3 pTM=0.737
2026-07-23 09:00:42,031 rank_004_alphafold2_ptm_model_1_seed_044 pLDDT=89.9 pTM=0.722
2026-07-23 09:00:42,033 rank_005_alphafold2_ptm_model_1_seed_043 pLDDT=89.9 pTM=0.713
2026-07-23 09:00:42,036 rank_006_alphafold2_ptm_model_1_seed_042 pLDDT=89.7 pTM=0.719
2026-07-23 09:00:42,039 rank_007_alphafold2_ptm_model_3_seed_044 pLDDT=89.4 pTM=0.716
2026-07-23 09:00:42,040 rank_008_alphafold2_ptm_model_3_seed_042 pLDDT=89.2 pTM=0.716
2026-07-23 09:00:42,043 rank_009_alphafold2_ptm_model_4_seed_043 pLDDT=89.1 pTM=0.719
2026-07-23 09:00:42,045 rank_010_alphafold2_ptm_model_3_seed_043 pLDDT=89.1 pTM=0.711
2026-07-23 09:00:42,047 rank_011_alphafold2_ptm_model_5_seed_042 pLDDT=89.1 pTM=0.702
2026-07-23 09:00:42,049 rank_012_alphafold2_ptm_model_4_seed_042 pLDDT=89.1 pTM=0.718
2026-07-23 09:00:42,051 rank_013_alphafold2_ptm_model_5_seed_044 pLDDT=89.1 pTM=0.7
2026-07-23 09:00:42,052 rank_014_alphafold2_ptm_model_5_seed_043 pLDDT=88.9 pTM=0.7
2026-07-23 09:00:42,054 rank_015_alphafold2_ptm_model_4_seed_044 pLDDT=88.9 pTM=0.713
2026-07-23 09:00:46,293 Query 53/723: 5KPE_2_2_9_0_combined_id8 (length 108)
2026-07-23 09:01:18,107 alphafold2_ptm_model_1_seed_042 recycle=0 pLDDT=59.5 pTM=0.504
2026-07-23 09:01:44,863 alphafold2_ptm_model_1_seed_042 recycle=1 pLDDT=78.5 pTM=0.636 tol=2.34
2026-07-23 09:02:12,269 alphafold2_ptm_model_1_seed_042 recycle=2 pLDDT=87.2 pTM=0.708 tol=0.387
2026-07-23 09:02:39,140 alphafold2_ptm_model_1_seed_042 recycle=3 pLDDT=87.9 pTM=0.711 tol=0.225
2026-07-23 09:02:39,142 alphafold2_ptm_model_1_seed_042 took 108.7s (3 recycles)
2026-07-23 09:03:06,951 alphafold2_ptm_model_2_seed_042 recycle=0 pLDDT=62.8 pTM=0.512
2026-07-23 09:03:34,993 alphafold2_ptm_model_2_seed_042 recycle=1 pLDDT=89.5 pTM=0.761 tol=1.95
2026-07-23 09:04:03,595 alphafold2_ptm_model_2_seed_042 recycle=2 pLDDT=89.3 pTM=0.763 tol=0.591
2026-07-23 09:04:31,069 alphafold2_ptm_model_2_seed_042 recycle=3 pLDDT=88.6 pTM=0.764 tol=0.178
2026-07-23 09:04:31,072 alphafold2_ptm_model_2_seed_042 took 111.8s (3 recycles)
2026-07-23 09:04:57,612 alphafold2_ptm_model_3_seed_042 recycle=0 pLDDT=59.9 pTM=0.474
2026-07-23 09:05:23,694 alphafold2_ptm_model_3_seed_042 recycle=1 pLDDT=86.6 pTM=0.713 tol=2.29
2026-07-23 09:05:48,185 alphafold2_ptm_model_3_seed_042 recycle=2 pLDDT=88.3 pTM=0.728 tol=0.332
2026-07-23 09:06:13,584 alphafold2_ptm_model_3_seed_042 recycle=3 pLDDT=88.9 pTM=0.739 tol=0.154
2026-07-23 09:06:13,585 alphafold2_ptm_model_3_seed_042 took 102.3s (3 recycles)
2026-07-23 09:06:38,738 alphafold2_ptm_model_4_seed_042 recycle=0 pLDDT=62.5 pTM=0.502
2026-07-23 09:07:03,732 alphafold2_ptm_model_4_seed_042 recycle=1 pLDDT=65.4 pTM=0.538 tol=3.34
2026-07-23 09:07:28,566 alphafold2_ptm_model_4_seed_042 recycle=2 pLDDT=84.1 pTM=0.699 tol=2
2026-07-23 09:07:53,732 alphafold2_ptm_model_4_seed_042 recycle=3 pLDDT=90 pTM=0.761 tol=0.461
2026-07-23 09:07:53,733 alphafold2_ptm_model_4_seed_042 took 100.1s (3 recycles)
2026-07-23 09:08:18,794 alphafold2_ptm_model_5_seed_042 recycle=0 pLDDT=56.4 pTM=0.479
2026-07-23 09:08:47,281 alphafold2_ptm_model_5_seed_042 recycle=1 pLDDT=78.9 pTM=0.65 tol=2.79
2026-07-23 09:09:13,580 alphafold2_ptm_model_5_seed_042 recycle=2 pLDDT=87.8 pTM=0.719 tol=0.335
2026-07-23 09:09:39,766 alphafold2_ptm_model_5_seed_042 recycle=3 pLDDT=87.8 pTM=0.708 tol=0.13
2026-07-23 09:09:39,767 alphafold2_ptm_model_5_seed_042 took 105.9s (3 recycles)
2026-07-23 09:10:07,850 alphafold2_ptm_model_1_seed_043 recycle=0 pLDDT=65.6 pTM=0.523
2026-07-23 09:10:33,323 alphafold2_ptm_model_1_seed_043 recycle=1 pLDDT=86.4 pTM=0.704 tol=0.806
2026-07-23 09:10:59,069 alphafold2_ptm_model_1_seed_043 recycle=2 pLDDT=88.4 pTM=0.727 tol=0.288
2026-07-23 09:11:24,695 alphafold2_ptm_model_1_seed_043 recycle=3 pLDDT=88.6 pTM=0.724 tol=0.174
2026-07-23 09:11:24,696 alphafold2_ptm_model_1_seed_043 took 102.9s (3 recycles)
2026-07-23 09:11:51,076 alphafold2_ptm_model_2_seed_043 recycle=0 pLDDT=58.5 pTM=0.491
2026-07-23 09:12:16,621 alphafold2_ptm_model_2_seed_043 recycle=1 pLDDT=62.3 pTM=0.52 tol=1.86
2026-07-23 09:12:42,162 alphafold2_ptm_model_2_seed_043 recycle=2 pLDDT=63.5 pTM=0.528 tol=0.741
2026-07-23 09:13:07,984 alphafold2_ptm_model_2_seed_043 recycle=3 pLDDT=62.6 pTM=0.508 tol=3.53
2026-07-23 09:13:07,986 alphafold2_ptm_model_2_seed_043 took 103.2s (3 recycles)
2026-07-23 09:13:34,013 alphafold2_ptm_model_3_seed_043 recycle=0 pLDDT=60.8 pTM=0.478
2026-07-23 09:13:59,968 alphafold2_ptm_model_3_seed_043 recycle=1 pLDDT=88.4 pTM=0.736 tol=1.98
2026-07-23 09:14:25,848 alphafold2_ptm_model_3_seed_043 recycle=2 pLDDT=88.5 pTM=0.729 tol=0.303
2026-07-23 09:14:50,437 alphafold2_ptm_model_3_seed_043 recycle=3 pLDDT=88.9 pTM=0.74 tol=0.151
2026-07-23 09:14:50,438 alphafold2_ptm_model_3_seed_043 took 102.4s (3 recycles)
2026-07-23 09:15:15,518 alphafold2_ptm_model_4_seed_043 recycle=0 pLDDT=59.3 pTM=0.485
2026-07-23 09:15:41,096 alphafold2_ptm_model_4_seed_043 recycle=1 pLDDT=72.6 pTM=0.598 tol=3.34
2026-07-23 09:16:07,122 alphafold2_ptm_model_4_seed_043 recycle=2 pLDDT=90.6 pTM=0.774 tol=0.882
2026-07-23 09:16:31,561 alphafold2_ptm_model_4_seed_043 recycle=3 pLDDT=90.5 pTM=0.774 tol=0.105
2026-07-23 09:16:31,564 alphafold2_ptm_model_4_seed_043 took 101.0s (3 recycles)
2026-07-23 09:16:56,206 alphafold2_ptm_model_5_seed_043 recycle=0 pLDDT=60.8 pTM=0.505
2026-07-23 09:17:19,865 alphafold2_ptm_model_5_seed_043 recycle=1 pLDDT=88.4 pTM=0.731 tol=2.08
2026-07-23 09:17:44,131 alphafold2_ptm_model_5_seed_043 recycle=2 pLDDT=88.6 pTM=0.717 tol=0.31
2026-07-23 09:18:08,397 alphafold2_ptm_model_5_seed_043 recycle=3 pLDDT=88 pTM=0.707 tol=0.0686
2026-07-23 09:18:08,398 alphafold2_ptm_model_5_seed_043 took 96.7s (3 recycles)
2026-07-23 09:18:34,137 alphafold2_ptm_model_1_seed_044 recycle=0 pLDDT=59 pTM=0.491
2026-07-23 09:19:00,806 alphafold2_ptm_model_1_seed_044 recycle=1 pLDDT=84.1 pTM=0.688 tol=2.06
2026-07-23 09:19:25,130 alphafold2_ptm_model_1_seed_044 recycle=2 pLDDT=88.3 pTM=0.721 tol=0.413
2026-07-23 09:19:49,662 alphafold2_ptm_model_1_seed_044 recycle=3 pLDDT=88.7 pTM=0.723 tol=0.211
2026-07-23 09:19:49,662 alphafold2_ptm_model_1_seed_044 took 99.9s (3 recycles)
2026-07-23 09:20:15,255 alphafold2_ptm_model_2_seed_044 recycle=0 pLDDT=60 pTM=0.493
2026-07-23 09:20:39,573 alphafold2_ptm_model_2_seed_044 recycle=1 pLDDT=85.4 pTM=0.706 tol=2.89
2026-07-23 09:21:04,356 alphafold2_ptm_model_2_seed_044 recycle=2 pLDDT=89.6 pTM=0.771 tol=0.698
2026-07-23 09:21:28,915 alphafold2_ptm_model_2_seed_044 recycle=3 pLDDT=89 pTM=0.761 tol=0.162
2026-07-23 09:21:28,916 alphafold2_ptm_model_2_seed_044 took 99.0s (3 recycles)
2026-07-23 09:21:52,894 alphafold2_ptm_model_3_seed_044 recycle=0 pLDDT=59.3 pTM=0.474
2026-07-23 09:22:19,399 alphafold2_ptm_model_3_seed_044 recycle=1 pLDDT=87 pTM=0.717 tol=2.99
2026-07-23 09:22:45,379 alphafold2_ptm_model_3_seed_044 recycle=2 pLDDT=88.6 pTM=0.731 tol=0.436
2026-07-23 09:23:11,357 alphafold2_ptm_model_3_seed_044 recycle=3 pLDDT=89 pTM=0.739 tol=0.164
2026-07-23 09:23:11,359 alphafold2_ptm_model_3_seed_044 took 102.3s (3 recycles)
2026-07-23 09:23:37,946 alphafold2_ptm_model_4_seed_044 recycle=0 pLDDT=61.3 pTM=0.497
2026-07-23 09:24:04,138 alphafold2_ptm_model_4_seed_044 recycle=1 pLDDT=69.2 pTM=0.561 tol=3.31
2026-07-23 09:24:30,735 alphafold2_ptm_model_4_seed_044 recycle=2 pLDDT=90.8 pTM=0.777 tol=1.27
2026-07-23 09:24:56,825 alphafold2_ptm_model_4_seed_044 recycle=3 pLDDT=90.8 pTM=0.778 tol=0.11
2026-07-23 09:24:56,832 alphafold2_ptm_model_4_seed_044 took 105.0s (3 recycles)
2026-07-23 09:25:23,630 alphafold2_ptm_model_5_seed_044 recycle=0 pLDDT=58.2 pTM=0.492
2026-07-23 09:25:48,272 alphafold2_ptm_model_5_seed_044 recycle=1 pLDDT=88.6 pTM=0.734 tol=2.34
2026-07-23 09:26:13,404 alphafold2_ptm_model_5_seed_044 recycle=2 pLDDT=88.8 pTM=0.72 tol=0.332
2026-07-23 09:26:38,614 alphafold2_ptm_model_5_seed_044 recycle=3 pLDDT=88.1 pTM=0.709 tol=0.0659
2026-07-23 09:26:38,616 alphafold2_ptm_model_5_seed_044 took 101.7s (3 recycles)
2026-07-23 09:26:39,264 reranking models by 'plddt' metric
2026-07-23 09:26:39,265 rank_001_alphafold2_ptm_model_4_seed_044 pLDDT=90.8 pTM=0.778
2026-07-23 09:26:39,267 rank_002_alphafold2_ptm_model_4_seed_043 pLDDT=90.5 pTM=0.774
2026-07-23 09:26:39,269 rank_003_alphafold2_ptm_model_4_seed_042 pLDDT=90 pTM=0.761
2026-07-23 09:26:39,271 rank_004_alphafold2_ptm_model_3_seed_044 pLDDT=89 pTM=0.739
2026-07-23 09:26:39,272 rank_005_alphafold2_ptm_model_2_seed_044 pLDDT=89 pTM=0.761
2026-07-23 09:26:39,274 rank_006_alphafold2_ptm_model_3_seed_043 pLDDT=88.9 pTM=0.74
2026-07-23 09:26:39,276 rank_007_alphafold2_ptm_model_3_seed_042 pLDDT=88.9 pTM=0.739
2026-07-23 09:26:39,278 rank_008_alphafold2_ptm_model_1_seed_044 pLDDT=88.7 pTM=0.723
2026-07-23 09:26:39,280 rank_009_alphafold2_ptm_model_1_seed_043 pLDDT=88.6 pTM=0.724
2026-07-23 09:26:39,282 rank_010_alphafold2_ptm_model_2_seed_042 pLDDT=88.6 pTM=0.764
2026-07-23 09:26:39,284 rank_011_alphafold2_ptm_model_5_seed_044 pLDDT=88.1 pTM=0.709
2026-07-23 09:26:39,286 rank_012_alphafold2_ptm_model_5_seed_043 pLDDT=88 pTM=0.707
2026-07-23 09:26:39,287 rank_013_alphafold2_ptm_model_1_seed_042 pLDDT=87.9 pTM=0.711
2026-07-23 09:26:39,289 rank_014_alphafold2_ptm_model_5_seed_042 pLDDT=87.8 pTM=0.708
2026-07-23 09:26:39,291 rank_015_alphafold2_ptm_model_2_seed_043 pLDDT=62.6 pTM=0.508
2026-07-23 09:26:42,939 Skipping 5KPE_2_2_9_0_combined_id9 (already done)
2026-07-23 09:26:42,940 Query 55/723: 5KPE_2_2_9_0_combined_id0 (length 108)
2026-07-23 09:27:09,745 alphafold2_ptm_model_1_seed_042 recycle=0 pLDDT=65.5 pTM=0.427
2026-07-23 09:27:33,812 alphafold2_ptm_model_1_seed_042 recycle=1 pLDDT=64.6 pTM=0.473 tol=0.813
2026-07-23 09:27:58,849 alphafold2_ptm_model_1_seed_042 recycle=2 pLDDT=70.6 pTM=0.502 tol=5.89
2026-07-23 09:28:23,074 alphafold2_ptm_model_1_seed_042 recycle=3 pLDDT=77.2 pTM=0.605 tol=1.17
2026-07-23 09:28:23,078 alphafold2_ptm_model_1_seed_042 took 97.7s (3 recycles)
2026-07-23 09:28:47,064 alphafold2_ptm_model_2_seed_042 recycle=0 pLDDT=68.4 pTM=0.509
2026-07-23 09:29:11,944 alphafold2_ptm_model_2_seed_042 recycle=1 pLDDT=65.1 pTM=0.488 tol=0.499
2026-07-23 09:29:36,832 alphafold2_ptm_model_2_seed_042 recycle=2 pLDDT=76.8 pTM=0.633 tol=6.13
2026-07-23 09:30:01,877 alphafold2_ptm_model_2_seed_042 recycle=3 pLDDT=86.1 pTM=0.721 tol=1.39
2026-07-23 09:30:01,878 alphafold2_ptm_model_2_seed_042 took 98.7s (3 recycles)
2026-07-23 09:30:26,359 alphafold2_ptm_model_3_seed_042 recycle=0 pLDDT=65 pTM=0.453
2026-07-23 09:30:51,162 alphafold2_ptm_model_3_seed_042 recycle=1 pLDDT=72.2 pTM=0.57 tol=2.27
2026-07-23 09:31:15,929 alphafold2_ptm_model_3_seed_042 recycle=2 pLDDT=70.4 pTM=0.554 tol=0.499
2026-07-23 09:31:42,399 alphafold2_ptm_model_3_seed_042 recycle=3 pLDDT=72.8 pTM=0.573 tol=0.202
2026-07-23 09:31:42,399 alphafold2_ptm_model_3_seed_042 took 100.4s (3 recycles)
2026-07-23 09:32:08,741 alphafold2_ptm_model_4_seed_042 recycle=0 pLDDT=69.6 pTM=0.54
2026-07-23 09:32:35,003 alphafold2_ptm_model_4_seed_042 recycle=1 pLDDT=67.9 pTM=0.489 tol=0.502
2026-07-23 09:33:01,206 alphafold2_ptm_model_4_seed_042 recycle=2 pLDDT=63 pTM=0.437 tol=0.222
2026-07-23 09:33:28,385 alphafold2_ptm_model_4_seed_042 recycle=3 pLDDT=61.1 pTM=0.391 tol=0.399
2026-07-23 09:33:28,388 alphafold2_ptm_model_4_seed_042 took 105.9s (3 recycles)
2026-07-23 09:33:54,740 alphafold2_ptm_model_5_seed_042 recycle=0 pLDDT=51 pTM=0.421
2026-07-23 09:34:21,120 alphafold2_ptm_model_5_seed_042 recycle=1 pLDDT=78.2 pTM=0.605 tol=6.12
2026-07-23 09:34:47,787 alphafold2_ptm_model_5_seed_042 recycle=2 pLDDT=77.6 pTM=0.583 tol=0.691
2026-07-23 09:35:16,125 alphafold2_ptm_model_5_seed_042 recycle=3 pLDDT=76.1 pTM=0.573 tol=0.614
2026-07-23 09:35:16,127 alphafold2_ptm_model_5_seed_042 took 107.7s (3 recycles)
2026-07-23 09:35:44,538 alphafold2_ptm_model_1_seed_043 recycle=0 pLDDT=65.9 pTM=0.448
2026-07-23 09:36:10,585 alphafold2_ptm_model_1_seed_043 recycle=1 pLDDT=64.2 pTM=0.483 tol=1.42
2026-07-23 09:36:36,759 alphafold2_ptm_model_1_seed_043 recycle=2 pLDDT=69.2 pTM=0.496 tol=5.9
2026-07-23 09:37:02,925 alphafold2_ptm_model_1_seed_043 recycle=3 pLDDT=76.8 pTM=0.586 tol=0.679
2026-07-23 09:37:02,926 alphafold2_ptm_model_1_seed_043 took 104.8s (3 recycles)
2026-07-23 09:37:28,955 alphafold2_ptm_model_2_seed_043 recycle=0 pLDDT=69 pTM=0.514
2026-07-23 09:37:55,004 alphafold2_ptm_model_2_seed_043 recycle=1 pLDDT=64.2 pTM=0.482 tol=0.415
2026-07-23 09:38:21,111 alphafold2_ptm_model_2_seed_043 recycle=2 pLDDT=77.2 pTM=0.63 tol=6.13
2026-07-23 09:38:47,491 alphafold2_ptm_model_2_seed_043 recycle=3 pLDDT=85.9 pTM=0.723 tol=1.43
2026-07-23 09:38:47,492 alphafold2_ptm_model_2_seed_043 took 104.4s (3 recycles)
2026-07-23 09:39:14,123 alphafold2_ptm_model_3_seed_043 recycle=0 pLDDT=63.7 pTM=0.431
2026-07-23 09:39:40,376 alphafold2_ptm_model_3_seed_043 recycle=1 pLDDT=74.2 pTM=0.591 tol=1.5
2026-07-23 09:40:06,243 alphafold2_ptm_model_3_seed_043 recycle=2 pLDDT=71.3 pTM=0.556 tol=0.264
2026-07-23 09:40:32,429 alphafold2_ptm_model_3_seed_043 recycle=3 pLDDT=72.6 pTM=0.574 tol=0.438
2026-07-23 09:40:32,430 alphafold2_ptm_model_3_seed_043 took 104.8s (3 recycles)
2026-07-23 09:40:58,568 alphafold2_ptm_model_4_seed_043 recycle=0 pLDDT=67.3 pTM=0.513
2026-07-23 09:41:24,528 alphafold2_ptm_model_4_seed_043 recycle=1 pLDDT=65 pTM=0.437 tol=0.864
2026-07-23 09:41:50,313 alphafold2_ptm_model_4_seed_043 recycle=2 pLDDT=51.8 pTM=0.36 tol=1.85
2026-07-23 09:42:16,185 alphafold2_ptm_model_4_seed_043 recycle=3 pLDDT=58.7 pTM=0.493 tol=5.8
2026-07-23 09:42:16,186 alphafold2_ptm_model_4_seed_043 took 103.7s (3 recycles)
2026-07-23 09:42:42,396 alphafold2_ptm_model_5_seed_043 recycle=0 pLDDT=54.2 pTM=0.457
2026-07-23 09:43:08,185 alphafold2_ptm_model_5_seed_043 recycle=1 pLDDT=75.8 pTM=0.585 tol=2.23
2026-07-23 09:43:32,182 alphafold2_ptm_model_5_seed_043 recycle=2 pLDDT=82.2 pTM=0.628 tol=1.37
2026-07-23 09:43:56,206 alphafold2_ptm_model_5_seed_043 recycle=3 pLDDT=84.7 pTM=0.67 tol=0.249
2026-07-23 09:43:56,207 alphafold2_ptm_model_5_seed_043 took 99.9s (3 recycles)
2026-07-23 09:44:21,790 alphafold2_ptm_model_1_seed_044 recycle=0 pLDDT=60.3 pTM=0.396
2026-07-23 09:44:45,563 alphafold2_ptm_model_1_seed_044 recycle=1 pLDDT=60.1 pTM=0.444 tol=1.07
2026-07-23 09:45:09,799 alphafold2_ptm_model_1_seed_044 recycle=2 pLDDT=62.5 pTM=0.475 tol=5.93
2026-07-23 09:45:32,949 alphafold2_ptm_model_1_seed_044 recycle=3 pLDDT=76.1 pTM=0.569 tol=1.79
2026-07-23 09:45:32,950 alphafold2_ptm_model_1_seed_044 took 95.3s (3 recycles)
2026-07-23 09:45:56,929 alphafold2_ptm_model_2_seed_044 recycle=0 pLDDT=69.4 pTM=0.518
2026-07-23 09:46:20,192 alphafold2_ptm_model_2_seed_044 recycle=1 pLDDT=64.2 pTM=0.481 tol=0.417
2026-07-23 09:46:43,235 alphafold2_ptm_model_2_seed_044 recycle=2 pLDDT=77.7 pTM=0.633 tol=6.11
2026-07-23 09:47:06,770 alphafold2_ptm_model_2_seed_044 recycle=3 pLDDT=85.4 pTM=0.715 tol=1.45
2026-07-23 09:47:06,771 alphafold2_ptm_model_2_seed_044 took 93.6s (3 recycles)
2026-07-23 09:47:30,962 alphafold2_ptm_model_3_seed_044 recycle=0 pLDDT=62 pTM=0.406
2026-07-23 09:47:54,605 alphafold2_ptm_model_3_seed_044 recycle=1 pLDDT=72.9 pTM=0.572 tol=1.89
2026-07-23 09:48:19,866 alphafold2_ptm_model_3_seed_044 recycle=2 pLDDT=72.3 pTM=0.57 tol=0.517
2026-07-23 09:48:43,484 alphafold2_ptm_model_3_seed_044 recycle=3 pLDDT=74.7 pTM=0.596 tol=0.188
2026-07-23 09:48:43,485 alphafold2_ptm_model_3_seed_044 took 96.6s (3 recycles)
2026-07-23 09:49:15,129 alphafold2_ptm_model_4_seed_044 recycle=0 pLDDT=71.4 pTM=0.555
2026-07-23 09:49:40,341 alphafold2_ptm_model_4_seed_044 recycle=1 pLDDT=66.6 pTM=0.486 tol=0.594
2026-07-23 09:50:05,908 alphafold2_ptm_model_4_seed_044 recycle=2 pLDDT=52.1 pTM=0.358 tol=3.67
2026-07-23 09:50:32,129 alphafold2_ptm_model_4_seed_044 recycle=3 pLDDT=71.5 pTM=0.525 tol=4.51
2026-07-23 09:50:32,130 alphafold2_ptm_model_4_seed_044 took 108.5s (3 recycles)
2026-07-23 09:50:58,896 alphafold2_ptm_model_5_seed_044 recycle=0 pLDDT=54.1 pTM=0.439
2026-07-23 09:51:24,562 alphafold2_ptm_model_5_seed_044 recycle=1 pLDDT=73.8 pTM=0.574 tol=2.43
2026-07-23 09:51:50,312 alphafold2_ptm_model_5_seed_044 recycle=2 pLDDT=83.8 pTM=0.66 tol=1.26
2026-07-23 09:52:15,852 alphafold2_ptm_model_5_seed_044 recycle=3 pLDDT=85.2 pTM=0.679 tol=0.12
2026-07-23 09:52:15,853 alphafold2_ptm_model_5_seed_044 took 103.6s (3 recycles)
2026-07-23 09:52:15,999 reranking models by 'plddt' metric
2026-07-23 09:52:16,000 rank_001_alphafold2_ptm_model_2_seed_042 pLDDT=86.1 pTM=0.721
2026-07-23 09:52:16,002 rank_002_alphafold2_ptm_model_2_seed_043 pLDDT=85.9 pTM=0.723
2026-07-23 09:52:16,005 rank_003_alphafold2_ptm_model_2_seed_044 pLDDT=85.4 pTM=0.715
2026-07-23 09:52:16,006 rank_004_alphafold2_ptm_model_5_seed_044 pLDDT=85.2 pTM=0.679
2026-07-23 09:52:16,008 rank_005_alphafold2_ptm_model_5_seed_043 pLDDT=84.7 pTM=0.67
2026-07-23 09:52:16,011 rank_006_alphafold2_ptm_model_1_seed_042 pLDDT=77.2 pTM=0.605
2026-07-23 09:52:16,013 rank_007_alphafold2_ptm_model_1_seed_043 pLDDT=76.8 pTM=0.586
2026-07-23 09:52:16,016 rank_008_alphafold2_ptm_model_1_seed_044 pLDDT=76.1 pTM=0.569
2026-07-23 09:52:16,018 rank_009_alphafold2_ptm_model_5_seed_042 pLDDT=76.1 pTM=0.573
2026-07-23 09:52:16,019 rank_010_alphafold2_ptm_model_3_seed_044 pLDDT=74.7 pTM=0.596
2026-07-23 09:52:16,021 rank_011_alphafold2_ptm_model_3_seed_042 pLDDT=72.8 pTM=0.573
2026-07-23 09:52:16,023 rank_012_alphafold2_ptm_model_3_seed_043 pLDDT=72.6 pTM=0.574
2026-07-23 09:52:16,025 rank_013_alphafold2_ptm_model_4_seed_044 pLDDT=71.5 pTM=0.525
2026-07-23 09:52:16,026 rank_014_alphafold2_ptm_model_4_seed_042 pLDDT=61.1 pTM=0.391
2026-07-23 09:52:16,028 rank_015_alphafold2_ptm_model_4_seed_043 pLDDT=58.7 pTM=0.493
2026-07-23 09:52:20,149 Skipping 5KPE_2_2_9_0_combined_id3 (already done)
2026-07-23 09:52:20,150 Skipping 5KPE_2_2_9_0_combined_id4 (already done)
2026-07-23 09:52:20,150 Query 58/723: 5KPE_2_6_1_0_combined_id1 (length 108)
2026-07-23 09:52:50,597 alphafold2_ptm_model_1_seed_042 recycle=0 pLDDT=60.7 pTM=0.454
2026-07-23 09:53:17,132 alphafold2_ptm_model_1_seed_042 recycle=1 pLDDT=75.9 pTM=0.605 tol=4.22
2026-07-23 09:53:43,720 alphafold2_ptm_model_1_seed_042 recycle=2 pLDDT=83.7 pTM=0.662 tol=0.393
2026-07-23 09:54:10,002 alphafold2_ptm_model_1_seed_042 recycle=3 pLDDT=84.1 pTM=0.66 tol=0.197
2026-07-23 09:54:10,006 alphafold2_ptm_model_1_seed_042 took 105.6s (3 recycles)
2026-07-23 09:54:36,266 alphafold2_ptm_model_2_seed_042 recycle=0 pLDDT=60.7 pTM=0.492
2026-07-23 09:55:02,232 alphafold2_ptm_model_2_seed_042 recycle=1 pLDDT=77.9 pTM=0.642 tol=4.62
2026-07-23 09:55:27,994 alphafold2_ptm_model_2_seed_042 recycle=2 pLDDT=81.6 pTM=0.678 tol=0.344
2026-07-23 09:55:54,108 alphafold2_ptm_model_2_seed_042 recycle=3 pLDDT=82.9 pTM=0.691 tol=0.218
2026-07-23 09:55:54,114 alphafold2_ptm_model_2_seed_042 took 104.0s (3 recycles)
2026-07-23 09:56:20,269 alphafold2_ptm_model_3_seed_042 recycle=0 pLDDT=60.8 pTM=0.457
2026-07-23 09:56:46,700 alphafold2_ptm_model_3_seed_042 recycle=1 pLDDT=76.6 pTM=0.607 tol=5.34
2026-07-23 09:57:12,938 alphafold2_ptm_model_3_seed_042 recycle=2 pLDDT=84.3 pTM=0.688 tol=0.426
2026-07-23 09:57:39,509 alphafold2_ptm_model_3_seed_042 recycle=3 pLDDT=85.7 pTM=0.701 tol=0.167
2026-07-23 09:57:39,511 alphafold2_ptm_model_3_seed_042 took 105.3s (3 recycles)
2026-07-23 09:58:06,290 alphafold2_ptm_model_4_seed_042 recycle=0 pLDDT=56.3 pTM=0.444
2026-07-23 09:58:32,552 alphafold2_ptm_model_4_seed_042 recycle=1 pLDDT=85.2 pTM=0.694 tol=2.72
2026-07-23 09:58:58,892 alphafold2_ptm_model_4_seed_042 recycle=2 pLDDT=84.8 pTM=0.695 tol=0.289
2026-07-23 09:59:25,149 alphafold2_ptm_model_4_seed_042 recycle=3 pLDDT=84.7 pTM=0.691 tol=0.113
2026-07-23 09:59:25,154 alphafold2_ptm_model_4_seed_042 took 105.5s (3 recycles)
2026-07-23 09:59:51,543 alphafold2_ptm_model_5_seed_042 recycle=0 pLDDT=60.4 pTM=0.512
2026-07-23 10:00:17,885 alphafold2_ptm_model_5_seed_042 recycle=1 pLDDT=85.5 pTM=0.688 tol=1.64
2026-07-23 10:00:43,924 alphafold2_ptm_model_5_seed_042 recycle=2 pLDDT=86.6 pTM=0.693 tol=0.116
2026-07-23 10:01:08,713 alphafold2_ptm_model_5_seed_042 recycle=3 pLDDT=86.4 pTM=0.688 tol=0.111
2026-07-23 10:01:08,714 alphafold2_ptm_model_5_seed_042 took 103.4s (3 recycles)
2026-07-23 10:01:35,025 alphafold2_ptm_model_1_seed_043 recycle=0 pLDDT=58.3 pTM=0.446
2026-07-23 10:01:59,096 alphafold2_ptm_model_1_seed_043 recycle=1 pLDDT=76.3 pTM=0.613 tol=4
2026-07-23 10:02:24,015 alphafold2_ptm_model_1_seed_043 recycle=2 pLDDT=83.6 pTM=0.664 tol=0.502
2026-07-23 10:02:48,109 alphafold2_ptm_model_1_seed_043 recycle=3 pLDDT=84.5 pTM=0.665 tol=0.261
2026-07-23 10:02:48,109 alphafold2_ptm_model_1_seed_043 took 97.9s (3 recycles)
2026-07-23 10:03:12,972 alphafold2_ptm_model_2_seed_043 recycle=0 pLDDT=62.4 pTM=0.495
2026-07-23 10:03:37,594 alphafold2_ptm_model_2_seed_043 recycle=1 pLDDT=77.6 pTM=0.633 tol=4.45
2026-07-23 10:04:01,558 alphafold2_ptm_model_2_seed_043 recycle=2 pLDDT=82 pTM=0.682 tol=0.336
2026-07-23 10:04:25,333 alphafold2_ptm_model_2_seed_043 recycle=3 pLDDT=83 pTM=0.692 tol=0.24
2026-07-23 10:04:25,334 alphafold2_ptm_model_2_seed_043 took 97.1s (3 recycles)
2026-07-23 10:04:49,273 alphafold2_ptm_model_3_seed_043 recycle=0 pLDDT=60.6 pTM=0.453
2026-07-23 10:05:14,059 alphafold2_ptm_model_3_seed_043 recycle=1 pLDDT=75.8 pTM=0.593 tol=5.33
2026-07-23 10:05:38,315 alphafold2_ptm_model_3_seed_043 recycle=2 pLDDT=84.2 pTM=0.688 tol=0.424
2026-07-23 10:06:03,009 alphafold2_ptm_model_3_seed_043 recycle=3 pLDDT=85.8 pTM=0.7 tol=0.159
2026-07-23 10:06:03,010 alphafold2_ptm_model_3_seed_043 took 97.4s (3 recycles)
2026-07-23 10:06:29,167 alphafold2_ptm_model_4_seed_043 recycle=0 pLDDT=58 pTM=0.454
2026-07-23 10:06:53,895 alphafold2_ptm_model_4_seed_043 recycle=1 pLDDT=85.8 pTM=0.701 tol=2.83
2026-07-23 10:07:22,504 alphafold2_ptm_model_4_seed_043 recycle=2 pLDDT=84.8 pTM=0.696 tol=0.307
2026-07-23 10:07:48,373 alphafold2_ptm_model_4_seed_043 recycle=3 pLDDT=84.8 pTM=0.694 tol=0.101
2026-07-23 10:07:48,374 alphafold2_ptm_model_4_seed_043 took 105.3s (3 recycles)
2026-07-23 10:08:14,146 alphafold2_ptm_model_5_seed_043 recycle=0 pLDDT=65.4 pTM=0.537
2026-07-23 10:08:40,162 alphafold2_ptm_model_5_seed_043 recycle=1 pLDDT=85.8 pTM=0.687 tol=1.36
2026-07-23 10:09:06,382 alphafold2_ptm_model_5_seed_043 recycle=2 pLDDT=86.6 pTM=0.695 tol=0.106
2026-07-23 10:09:32,831 alphafold2_ptm_model_5_seed_043 recycle=3 pLDDT=86.4 pTM=0.686 tol=0.114
2026-07-23 10:09:32,832 alphafold2_ptm_model_5_seed_043 took 104.4s (3 recycles)
2026-07-23 10:10:00,061 alphafold2_ptm_model_1_seed_044 recycle=0 pLDDT=61.5 pTM=0.46
2026-07-23 10:10:26,256 alphafold2_ptm_model_1_seed_044 recycle=1 pLDDT=76.9 pTM=0.609 tol=4.28
2026-07-23 10:10:52,462 alphafold2_ptm_model_1_seed_044 recycle=2 pLDDT=83.8 pTM=0.664 tol=0.366
2026-07-23 10:11:19,453 alphafold2_ptm_model_1_seed_044 recycle=3 pLDDT=84.1 pTM=0.66 tol=0.176
2026-07-23 10:11:19,454 alphafold2_ptm_model_1_seed_044 took 105.2s (3 recycles)
2026-07-23 10:11:45,663 alphafold2_ptm_model_2_seed_044 recycle=0 pLDDT=60.4 pTM=0.491
2026-07-23 10:12:11,999 alphafold2_ptm_model_2_seed_044 recycle=1 pLDDT=77.6 pTM=0.635 tol=4.78
2026-07-23 10:12:37,699 alphafold2_ptm_model_2_seed_044 recycle=2 pLDDT=81.8 pTM=0.679 tol=0.362
2026-07-23 10:13:03,743 alphafold2_ptm_model_2_seed_044 recycle=3 pLDDT=82.8 pTM=0.689 tol=0.23
2026-07-23 10:13:03,743 alphafold2_ptm_model_2_seed_044 took 104.2s (3 recycles)
2026-07-23 10:13:29,851 alphafold2_ptm_model_3_seed_044 recycle=0 pLDDT=61.6 pTM=0.457
2026-07-23 10:13:55,765 alphafold2_ptm_model_3_seed_044 recycle=1 pLDDT=73.6 pTM=0.573 tol=5.34
2026-07-23 10:14:20,235 alphafold2_ptm_model_3_seed_044 recycle=2 pLDDT=83.9 pTM=0.68 tol=0.452
2026-07-23 10:14:45,573 alphafold2_ptm_model_3_seed_044 recycle=3 pLDDT=85.2 pTM=0.695 tol=0.199
2026-07-23 10:14:45,576 alphafold2_ptm_model_3_seed_044 took 101.5s (3 recycles)
2026-07-23 10:15:12,548 alphafold2_ptm_model_4_seed_044 recycle=0 pLDDT=55.4 pTM=0.438
2026-07-23 10:15:38,157 alphafold2_ptm_model_4_seed_044 recycle=1 pLDDT=85 pTM=0.693 tol=2.49
2026-07-23 10:16:03,647 alphafold2_ptm_model_4_seed_044 recycle=2 pLDDT=84.6 pTM=0.694 tol=0.297
2026-07-23 10:16:29,647 alphafold2_ptm_model_4_seed_044 recycle=3 pLDDT=84.6 pTM=0.692 tol=0.121
2026-07-23 10:16:29,649 alphafold2_ptm_model_4_seed_044 took 104.0s (3 recycles)
2026-07-23 10:16:55,147 alphafold2_ptm_model_5_seed_044 recycle=0 pLDDT=61.3 pTM=0.519
2026-07-23 10:17:20,798 alphafold2_ptm_model_5_seed_044 recycle=1 pLDDT=85.7 pTM=0.687 tol=1.6
2026-07-23 10:17:46,423 alphafold2_ptm_model_5_seed_044 recycle=2 pLDDT=86.4 pTM=0.693 tol=0.112
2026-07-23 10:18:12,182 alphafold2_ptm_model_5_seed_044 recycle=3 pLDDT=86.4 pTM=0.687 tol=0.125
2026-07-23 10:18:12,183 alphafold2_ptm_model_5_seed_044 took 102.4s (3 recycles)
2026-07-23 10:18:12,302 reranking models by 'plddt' metric
2026-07-23 10:18:12,303 rank_001_alphafold2_ptm_model_5_seed_043 pLDDT=86.4 pTM=0.686
2026-07-23 10:18:12,306 rank_002_alphafold2_ptm_model_5_seed_042 pLDDT=86.4 pTM=0.688
2026-07-23 10:18:12,310 rank_003_alphafold2_ptm_model_5_seed_044 pLDDT=86.4 pTM=0.687
2026-07-23 10:18:12,312 rank_004_alphafold2_ptm_model_3_seed_043 pLDDT=85.8 pTM=0.7
2026-07-23 10:18:12,314 rank_005_alphafold2_ptm_model_3_seed_042 pLDDT=85.7 pTM=0.701
2026-07-23 10:18:12,318 rank_006_alphafold2_ptm_model_3_seed_044 pLDDT=85.2 pTM=0.695
2026-07-23 10:18:12,320 rank_007_alphafold2_ptm_model_4_seed_043 pLDDT=84.8 pTM=0.694
2026-07-23 10:18:12,322 rank_008_alphafold2_ptm_model_4_seed_042 pLDDT=84.7 pTM=0.691
2026-07-23 10:18:12,326 rank_009_alphafold2_ptm_model_4_seed_044 pLDDT=84.6 pTM=0.692
2026-07-23 10:18:12,327 rank_010_alphafold2_ptm_model_1_seed_043 pLDDT=84.5 pTM=0.665
2026-07-23 10:18:12,329 rank_011_alphafold2_ptm_model_1_seed_044 pLDDT=84.1 pTM=0.66
2026-07-23 10:18:12,331 rank_012_alphafold2_ptm_model_1_seed_042 pLDDT=84.1 pTM=0.66
2026-07-23 10:18:12,334 rank_013_alphafold2_ptm_model_2_seed_043 pLDDT=83 pTM=0.692
2026-07-23 10:18:12,336 rank_014_alphafold2_ptm_model_2_seed_042 pLDDT=82.9 pTM=0.691
2026-07-23 10:18:12,338 rank_015_alphafold2_ptm_model_2_seed_044 pLDDT=82.8 pTM=0.689
2026-07-23 10:18:16,347 Query 59/723: 5KPE_2_6_1_0_combined_id2 (length 108)
2026-07-23 10:18:44,282 alphafold2_ptm_model_1_seed_042 recycle=0 pLDDT=61.6 pTM=0.507
2026-07-23 10:19:10,649 alphafold2_ptm_model_1_seed_042 recycle=1 pLDDT=65.8 pTM=0.578 tol=4.97
2026-07-23 10:19:35,682 alphafold2_ptm_model_1_seed_042 recycle=2 pLDDT=80.4 pTM=0.68 tol=1.67
2026-07-23 10:20:00,170 alphafold2_ptm_model_1_seed_042 recycle=3 pLDDT=80.9 pTM=0.671 tol=0.531
2026-07-23 10:20:00,171 alphafold2_ptm_model_1_seed_042 took 100.7s (3 recycles)
2026-07-23 10:20:25,010 alphafold2_ptm_model_2_seed_042 recycle=0 pLDDT=57.3 pTM=0.469
2026-07-23 10:20:51,449 alphafold2_ptm_model_2_seed_042 recycle=1 pLDDT=60.8 pTM=0.519 tol=5.29
2026-07-23 10:21:16,939 alphafold2_ptm_model_2_seed_042 recycle=2 pLDDT=61.4 pTM=0.522 tol=1.5
2026-07-23 10:21:42,460 alphafold2_ptm_model_2_seed_042 recycle=3 pLDDT=59.6 pTM=0.517 tol=4.03
2026-07-23 10:21:42,461 alphafold2_ptm_model_2_seed_042 took 102.2s (3 recycles)
2026-07-23 10:22:08,366 alphafold2_ptm_model_3_seed_042 recycle=0 pLDDT=62.8 pTM=0.468
2026-07-23 10:22:33,801 alphafold2_ptm_model_3_seed_042 recycle=1 pLDDT=65.1 pTM=0.513 tol=2.19
2026-07-23 10:23:00,047 alphafold2_ptm_model_3_seed_042 recycle=2 pLDDT=72.5 pTM=0.56 tol=5.21
2026-07-23 10:23:25,720 alphafold2_ptm_model_3_seed_042 recycle=3 pLDDT=82.8 pTM=0.65 tol=0.529
2026-07-23 10:23:25,725 alphafold2_ptm_model_3_seed_042 took 103.2s (3 recycles)
2026-07-23 10:23:52,009 alphafold2_ptm_model_4_seed_042 recycle=0 pLDDT=63.2 pTM=0.478
2026-07-23 10:24:17,879 alphafold2_ptm_model_4_seed_042 recycle=1 pLDDT=63.1 pTM=0.517 tol=4.95
2026-07-23 10:24:43,706 alphafold2_ptm_model_4_seed_042 recycle=2 pLDDT=61.3 pTM=0.513 tol=0.645
2026-07-23 10:25:09,701 alphafold2_ptm_model_4_seed_042 recycle=3 pLDDT=60.6 pTM=0.51 tol=0.581
2026-07-23 10:25:09,702 alphafold2_ptm_model_4_seed_042 took 103.8s (3 recycles)
2026-07-23 10:25:35,630 alphafold2_ptm_model_5_seed_042 recycle=0 pLDDT=56.5 pTM=0.474
2026-07-23 10:26:01,888 alphafold2_ptm_model_5_seed_042 recycle=1 pLDDT=59.5 pTM=0.503 tol=3.78
2026-07-23 10:26:28,377 alphafold2_ptm_model_5_seed_042 recycle=2 pLDDT=59.5 pTM=0.503 tol=0.529
2026-07-23 10:26:54,214 alphafold2_ptm_model_5_seed_042 recycle=3 pLDDT=59 pTM=0.503 tol=2.06
2026-07-23 10:26:54,215 alphafold2_ptm_model_5_seed_042 took 104.4s (3 recycles)
2026-07-23 10:27:22,384 alphafold2_ptm_model_1_seed_043 recycle=0 pLDDT=57.2 pTM=0.461
2026-07-23 10:27:48,120 alphafold2_ptm_model_1_seed_043 recycle=1 pLDDT=64.8 pTM=0.563 tol=5.55
2026-07-23 10:28:14,251 alphafold2_ptm_model_1_seed_043 recycle=2 pLDDT=79.2 pTM=0.659 tol=1.12
2026-07-23 10:28:38,297 alphafold2_ptm_model_1_seed_043 recycle=3 pLDDT=82.4 pTM=0.672 tol=0.464
2026-07-23 10:28:38,299 alphafold2_ptm_model_1_seed_043 took 102.2s (3 recycles)
2026-07-23 10:29:02,522 alphafold2_ptm_model_2_seed_043 recycle=0 pLDDT=57.8 pTM=0.467
2026-07-23 10:29:26,265 alphafold2_ptm_model_2_seed_043 recycle=1 pLDDT=60.8 pTM=0.516 tol=5.41
2026-07-23 10:29:51,386 alphafold2_ptm_model_2_seed_043 recycle=2 pLDDT=61.6 pTM=0.521 tol=1.17
2026-07-23 10:30:15,457 alphafold2_ptm_model_2_seed_043 recycle=3 pLDDT=59.6 pTM=0.513 tol=1.5
2026-07-23 10:30:15,464 alphafold2_ptm_model_2_seed_043 took 97.0s (3 recycles)
2026-07-23 10:30:40,476 alphafold2_ptm_model_3_seed_043 recycle=0 pLDDT=62.9 pTM=0.469
2026-07-23 10:31:06,404 alphafold2_ptm_model_3_seed_043 recycle=1 pLDDT=63.3 pTM=0.51 tol=2.62
2026-07-23 10:31:31,625 alphafold2_ptm_model_3_seed_043 recycle=2 pLDDT=64.4 pTM=0.514 tol=5.51
2026-07-23 10:31:56,933 alphafold2_ptm_model_3_seed_043 recycle=3 pLDDT=65.3 pTM=0.516 tol=1.13
2026-07-23 10:31:56,942 alphafold2_ptm_model_3_seed_043 took 101.4s (3 recycles)
2026-07-23 10:32:22,279 alphafold2_ptm_model_4_seed_043 recycle=0 pLDDT=63.7 pTM=0.474
2026-07-23 10:32:49,738 alphafold2_ptm_model_4_seed_043 recycle=1 pLDDT=62.7 pTM=0.511 tol=5.46
2026-07-23 10:33:16,068 alphafold2_ptm_model_4_seed_043 recycle=2 pLDDT=62.1 pTM=0.518 tol=0.709
2026-07-23 10:33:42,072 alphafold2_ptm_model_4_seed_043 recycle=3 pLDDT=60.5 pTM=0.509 tol=0.593
2026-07-23 10:33:42,074 alphafold2_ptm_model_4_seed_043 took 105.0s (3 recycles)
2026-07-23 10:34:08,651 alphafold2_ptm_model_5_seed_043 recycle=0 pLDDT=57.8 pTM=0.478
2026-07-23 10:34:34,734 alphafold2_ptm_model_5_seed_043 recycle=1 pLDDT=59.6 pTM=0.5 tol=3.77
2026-07-23 10:35:00,911 alphafold2_ptm_model_5_seed_043 recycle=2 pLDDT=58.8 pTM=0.502 tol=1.95
2026-07-23 10:35:26,903 alphafold2_ptm_model_5_seed_043 recycle=3 pLDDT=58.8 pTM=0.499 tol=0.876
2026-07-23 10:35:26,912 alphafold2_ptm_model_5_seed_043 took 104.7s (3 recycles)
2026-07-23 10:35:54,663 alphafold2_ptm_model_1_seed_044 recycle=0 pLDDT=58.2 pTM=0.47
2026-07-23 10:36:20,690 alphafold2_ptm_model_1_seed_044 recycle=1 pLDDT=64.7 pTM=0.563 tol=5.5
2026-07-23 10:36:47,148 alphafold2_ptm_model_1_seed_044 recycle=2 pLDDT=79.7 pTM=0.661 tol=1.27
2026-07-23 10:37:13,379 alphafold2_ptm_model_1_seed_044 recycle=3 pLDDT=82.2 pTM=0.67 tol=0.333
2026-07-23 10:37:13,381 alphafold2_ptm_model_1_seed_044 took 104.5s (3 recycles)
2026-07-23 10:37:39,387 alphafold2_ptm_model_2_seed_044 recycle=0 pLDDT=57.7 pTM=0.469
2026-07-23 10:38:04,943 alphafold2_ptm_model_2_seed_044 recycle=1 pLDDT=62.2 pTM=0.532 tol=6.56
2026-07-23 10:38:30,498 alphafold2_ptm_model_2_seed_044 recycle=2 pLDDT=80.9 pTM=0.67 tol=2.07
2026-07-23 10:38:55,950 alphafold2_ptm_model_2_seed_044 recycle=3 pLDDT=81.5 pTM=0.665 tol=0.33
2026-07-23 10:38:55,958 alphafold2_ptm_model_2_seed_044 took 102.5s (3 recycles)
2026-07-23 10:39:21,866 alphafold2_ptm_model_3_seed_044 recycle=0 pLDDT=63.2 pTM=0.462
2026-07-23 10:39:46,425 alphafold2_ptm_model_3_seed_044 recycle=1 pLDDT=65.5 pTM=0.513 tol=5.11
2026-07-23 10:40:10,201 alphafold2_ptm_model_3_seed_044 recycle=2 pLDDT=72.1 pTM=0.56 tol=5.14
2026-07-23 10:40:34,093 alphafold2_ptm_model_3_seed_044 recycle=3 pLDDT=82 pTM=0.646 tol=0.499
2026-07-23 10:40:34,094 alphafold2_ptm_model_3_seed_044 took 98.0s (3 recycles)
2026-07-23 10:40:57,711 alphafold2_ptm_model_4_seed_044 recycle=0 pLDDT=63.2 pTM=0.473
2026-07-23 10:41:22,308 alphafold2_ptm_model_4_seed_044 recycle=1 pLDDT=63.2 pTM=0.519 tol=5.27
2026-07-23 10:41:47,303 alphafold2_ptm_model_4_seed_044 recycle=2 pLDDT=59.9 pTM=0.511 tol=1.14
2026-07-23 10:42:13,446 alphafold2_ptm_model_4_seed_044 recycle=3 pLDDT=78.8 pTM=0.647 tol=5.52
2026-07-23 10:42:13,447 alphafold2_ptm_model_4_seed_044 took 99.3s (3 recycles)
2026-07-23 10:42:38,689 alphafold2_ptm_model_5_seed_044 recycle=0 pLDDT=59.4 pTM=0.492
2026-07-23 10:43:04,329 alphafold2_ptm_model_5_seed_044 recycle=1 pLDDT=59 pTM=0.498 tol=3.55
2026-07-23 10:43:28,923 alphafold2_ptm_model_5_seed_044 recycle=2 pLDDT=59.2 pTM=0.501 tol=2.15
2026-07-23 10:43:54,275 alphafold2_ptm_model_5_seed_044 recycle=3 pLDDT=58.6 pTM=0.5 tol=0.638
2026-07-23 10:43:54,276 alphafold2_ptm_model_5_seed_044 took 100.7s (3 recycles)
2026-07-23 10:43:54,464 reranking models by 'plddt' metric
2026-07-23 10:43:54,464 rank_001_alphafold2_ptm_model_3_seed_042 pLDDT=82.8 pTM=0.65
2026-07-23 10:43:54,467 rank_002_alphafold2_ptm_model_1_seed_043 pLDDT=82.4 pTM=0.672
2026-07-23 10:43:54,470 rank_003_alphafold2_ptm_model_1_seed_044 pLDDT=82.2 pTM=0.67
2026-07-23 10:43:54,472 rank_004_alphafold2_ptm_model_3_seed_044 pLDDT=82 pTM=0.646
2026-07-23 10:43:54,474 rank_005_alphafold2_ptm_model_2_seed_044 pLDDT=81.5 pTM=0.665
2026-07-23 10:43:54,476 rank_006_alphafold2_ptm_model_1_seed_042 pLDDT=80.9 pTM=0.671
2026-07-23 10:43:54,479 rank_007_alphafold2_ptm_model_4_seed_044 pLDDT=78.8 pTM=0.647
2026-07-23 10:43:54,481 rank_008_alphafold2_ptm_model_3_seed_043 pLDDT=65.3 pTM=0.516
2026-07-23 10:43:54,483 rank_009_alphafold2_ptm_model_4_seed_042 pLDDT=60.6 pTM=0.51
2026-07-23 10:43:54,485 rank_010_alphafold2_ptm_model_4_seed_043 pLDDT=60.5 pTM=0.509
2026-07-23 10:43:54,488 rank_011_alphafold2_ptm_model_2_seed_043 pLDDT=59.6 pTM=0.513
2026-07-23 10:43:54,490 rank_012_alphafold2_ptm_model_2_seed_042 pLDDT=59.6 pTM=0.517
2026-07-23 10:43:54,493 rank_013_alphafold2_ptm_model_5_seed_042 pLDDT=59 pTM=0.503
2026-07-23 10:43:54,495 rank_014_alphafold2_ptm_model_5_seed_043 pLDDT=58.8 pTM=0.499
2026-07-23 10:43:54,497 rank_015_alphafold2_ptm_model_5_seed_044 pLDDT=58.6 pTM=0.5
2026-07-23 10:43:58,645 Query 60/723: 5KPE_2_6_1_0_combined_id3 (length 108)
2026-07-23 10:44:28,518 alphafold2_ptm_model_1_seed_042 recycle=0 pLDDT=87 pTM=0.706
2026-07-23 10:44:54,575 alphafold2_ptm_model_1_seed_042 recycle=1 pLDDT=87.6 pTM=0.719 tol=0.334
2026-07-23 10:45:21,006 alphafold2_ptm_model_1_seed_042 recycle=2 pLDDT=88.8 pTM=0.732 tol=0.315
2026-07-23 10:45:46,987 alphafold2_ptm_model_1_seed_042 recycle=3 pLDDT=89.1 pTM=0.74 tol=0.341
2026-07-23 10:45:46,988 alphafold2_ptm_model_1_seed_042 took 104.6s (3 recycles)
2026-07-23 10:46:13,125 alphafold2_ptm_model_2_seed_042 recycle=0 pLDDT=86.8 pTM=0.708
2026-07-23 10:46:39,357 alphafold2_ptm_model_2_seed_042 recycle=1 pLDDT=88.4 pTM=0.743 tol=0.492
2026-07-23 10:47:05,801 alphafold2_ptm_model_2_seed_042 recycle=2 pLDDT=89.8 pTM=0.764 tol=0.658
2026-07-23 10:47:32,361 alphafold2_ptm_model_2_seed_042 recycle=3 pLDDT=89 pTM=0.759 tol=0.602
2026-07-23 10:47:32,362 alphafold2_ptm_model_2_seed_042 took 105.3s (3 recycles)
2026-07-23 10:47:58,812 alphafold2_ptm_model_3_seed_042 recycle=0 pLDDT=86.9 pTM=0.693
2026-07-23 10:48:25,207 alphafold2_ptm_model_3_seed_042 recycle=1 pLDDT=89.5 pTM=0.752 tol=0.33
2026-07-23 10:48:51,277 alphafold2_ptm_model_3_seed_042 recycle=2 pLDDT=89.8 pTM=0.758 tol=0.0742
2026-07-23 10:49:17,694 alphafold2_ptm_model_3_seed_042 recycle=3 pLDDT=90.2 pTM=0.766 tol=0.051
2026-07-23 10:49:17,695 alphafold2_ptm_model_3_seed_042 took 105.2s (3 recycles)
2026-07-23 10:49:43,432 alphafold2_ptm_model_4_seed_042 recycle=0 pLDDT=87.2 pTM=0.731
2026-07-23 10:50:09,851 alphafold2_ptm_model_4_seed_042 recycle=1 pLDDT=88.6 pTM=0.746 tol=0.231
2026-07-23 10:50:36,713 alphafold2_ptm_model_4_seed_042 recycle=2 pLDDT=89.9 pTM=0.771 tol=0.327
2026-07-23 10:51:03,059 alphafold2_ptm_model_4_seed_042 recycle=3 pLDDT=89.8 pTM=0.774 tol=0.219
2026-07-23 10:51:03,061 alphafold2_ptm_model_4_seed_042 took 105.3s (3 recycles)
2026-07-23 10:51:30,255 alphafold2_ptm_model_5_seed_042 recycle=0 pLDDT=86 pTM=0.715
2026-07-23 10:51:55,606 alphafold2_ptm_model_5_seed_042 recycle=1 pLDDT=88.6 pTM=0.731 tol=0.57
2026-07-23 10:52:19,679 alphafold2_ptm_model_5_seed_042 recycle=2 pLDDT=88.7 pTM=0.741 tol=0.142
2026-07-23 10:52:44,023 alphafold2_ptm_model_5_seed_042 recycle=3 pLDDT=89.4 pTM=0.749 tol=0.124
2026-07-23 10:52:44,024 alphafold2_ptm_model_5_seed_042 took 100.9s (3 recycles)
2026-07-23 10:53:08,958 alphafold2_ptm_model_1_seed_043 recycle=0 pLDDT=87.8 pTM=0.711
2026-07-23 10:53:34,052 alphafold2_ptm_model_1_seed_043 recycle=1 pLDDT=88.4 pTM=0.731 tol=0.229
2026-07-23 10:53:58,471 alphafold2_ptm_model_1_seed_043 recycle=2 pLDDT=89.1 pTM=0.736 tol=0.252
2026-07-23 10:54:24,196 alphafold2_ptm_model_1_seed_043 recycle=3 pLDDT=89.2 pTM=0.739 tol=0.32
2026-07-23 10:54:24,197 alphafold2_ptm_model_1_seed_043 took 98.8s (3 recycles)
2026-07-23 10:54:49,352 alphafold2_ptm_model_2_seed_043 recycle=0 pLDDT=86.6 pTM=0.703
2026-07-23 10:55:13,512 alphafold2_ptm_model_2_seed_043 recycle=1 pLDDT=88.2 pTM=0.738 tol=0.463
2026-07-23 10:55:39,334 alphafold2_ptm_model_2_seed_043 recycle=2 pLDDT=89.3 pTM=0.754 tol=0.701
2026-07-23 10:56:04,099 alphafold2_ptm_model_2_seed_043 recycle=3 pLDDT=89.2 pTM=0.76 tol=0.6
2026-07-23 10:56:04,099 alphafold2_ptm_model_2_seed_043 took 99.8s (3 recycles)
2026-07-23 10:56:28,811 alphafold2_ptm_model_3_seed_043 recycle=0 pLDDT=87 pTM=0.693
2026-07-23 10:56:53,507 alphafold2_ptm_model_3_seed_043 recycle=1 pLDDT=89.7 pTM=0.755 tol=0.314
2026-07-23 10:57:17,918 alphafold2_ptm_model_3_seed_043 recycle=2 pLDDT=89.9 pTM=0.759 tol=0.076
2026-07-23 10:57:42,665 alphafold2_ptm_model_3_seed_043 recycle=3 pLDDT=90.3 pTM=0.765 tol=0.0441
2026-07-23 10:57:42,666 alphafold2_ptm_model_3_seed_043 took 98.5s (3 recycles)
2026-07-23 10:58:06,929 alphafold2_ptm_model_4_seed_043 recycle=0 pLDDT=87.1 pTM=0.73
2026-07-23 10:58:30,892 alphafold2_ptm_model_4_seed_043 recycle=1 pLDDT=88.9 pTM=0.75 tol=0.278
2026-07-23 10:58:58,609 alphafold2_ptm_model_4_seed_043 recycle=2 pLDDT=89.8 pTM=0.769 tol=0.249
2026-07-23 10:59:25,678 alphafold2_ptm_model_4_seed_043 recycle=3 pLDDT=89.8 pTM=0.772 tol=0.238
2026-07-23 10:59:25,678 alphafold2_ptm_model_4_seed_043 took 102.9s (3 recycles)
2026-07-23 10:59:52,447 alphafold2_ptm_model_5_seed_043 recycle=0 pLDDT=85.9 pTM=0.72
2026-07-23 11:00:18,633 alphafold2_ptm_model_5_seed_043 recycle=1 pLDDT=88.8 pTM=0.732 tol=0.565
2026-07-23 11:00:45,406 alphafold2_ptm_model_5_seed_043 recycle=2 pLDDT=88.9 pTM=0.742 tol=0.107
2026-07-23 11:01:13,662 alphafold2_ptm_model_5_seed_043 recycle=3 pLDDT=89.5 pTM=0.748 tol=0.116
2026-07-23 11:01:13,663 alphafold2_ptm_model_5_seed_043 took 107.9s (3 recycles)
2026-07-23 11:01:42,338 alphafold2_ptm_model_1_seed_044 recycle=0 pLDDT=87.9 pTM=0.715
2026-07-23 11:02:09,210 alphafold2_ptm_model_1_seed_044 recycle=1 pLDDT=88.1 pTM=0.733 tol=0.316
2026-07-23 11:02:35,246 alphafold2_ptm_model_1_seed_044 recycle=2 pLDDT=89.1 pTM=0.739 tol=0.354
2026-07-23 11:03:01,932 alphafold2_ptm_model_1_seed_044 recycle=3 pLDDT=89.4 pTM=0.746 tol=0.355
2026-07-23 11:03:01,933 alphafold2_ptm_model_1_seed_044 took 106.3s (3 recycles)
2026-07-23 11:03:28,118 alphafold2_ptm_model_2_seed_044 recycle=0 pLDDT=86.8 pTM=0.706
2026-07-23 11:03:54,079 alphafold2_ptm_model_2_seed_044 recycle=1 pLDDT=88.5 pTM=0.744 tol=0.51
2026-07-23 11:04:20,562 alphafold2_ptm_model_2_seed_044 recycle=2 pLDDT=89.8 pTM=0.762 tol=0.682
2026-07-23 11:04:47,155 alphafold2_ptm_model_2_seed_044 recycle=3 pLDDT=89.3 pTM=0.765 tol=0.612
2026-07-23 11:04:47,155 alphafold2_ptm_model_2_seed_044 took 105.1s (3 recycles)
2026-07-23 11:05:13,465 alphafold2_ptm_model_3_seed_044 recycle=0 pLDDT=86.9 pTM=0.69
2026-07-23 11:05:39,179 alphafold2_ptm_model_3_seed_044 recycle=1 pLDDT=89.8 pTM=0.757 tol=0.296
2026-07-23 11:06:05,287 alphafold2_ptm_model_3_seed_044 recycle=2 pLDDT=89.9 pTM=0.758 tol=0.0643
2026-07-23 11:06:30,531 alphafold2_ptm_model_3_seed_044 recycle=3 pLDDT=90.3 pTM=0.767 tol=0.0421
2026-07-23 11:06:30,539 alphafold2_ptm_model_3_seed_044 took 103.3s (3 recycles)
2026-07-23 11:06:57,456 alphafold2_ptm_model_4_seed_044 recycle=0 pLDDT=87.2 pTM=0.729
2026-07-23 11:07:26,718 alphafold2_ptm_model_4_seed_044 recycle=1 pLDDT=89.2 pTM=0.757 tol=0.289
2026-07-23 11:07:56,668 alphafold2_ptm_model_4_seed_044 recycle=2 pLDDT=90.1 pTM=0.772 tol=0.195
2026-07-23 11:08:24,934 alphafold2_ptm_model_4_seed_044 recycle=3 pLDDT=89.9 pTM=0.775 tol=0.191
2026-07-23 11:08:24,937 alphafold2_ptm_model_4_seed_044 took 114.3s (3 recycles)
2026-07-23 11:08:50,665 alphafold2_ptm_model_5_seed_044 recycle=0 pLDDT=87 pTM=0.725
2026-07-23 11:09:15,314 alphafold2_ptm_model_5_seed_044 recycle=1 pLDDT=88.9 pTM=0.737 tol=0.492
2026-07-23 11:09:40,678 alphafold2_ptm_model_5_seed_044 recycle=2 pLDDT=89.1 pTM=0.747 tol=0.0972
2026-07-23 11:10:09,791 alphafold2_ptm_model_5_seed_044 recycle=3 pLDDT=89.5 pTM=0.751 tol=0.121
2026-07-23 11:10:09,792 alphafold2_ptm_model_5_seed_044 took 104.8s (3 recycles)
2026-07-23 11:10:09,838 reranking models by 'plddt' metric
2026-07-23 11:10:09,839 rank_001_alphafold2_ptm_model_3_seed_044 pLDDT=90.3 pTM=0.767
2026-07-23 11:10:09,840 rank_002_alphafold2_ptm_model_3_seed_043 pLDDT=90.3 pTM=0.765
2026-07-23 11:10:09,843 rank_003_alphafold2_ptm_model_3_seed_042 pLDDT=90.2 pTM=0.766
2026-07-23 11:10:09,846 rank_004_alphafold2_ptm_model_4_seed_044 pLDDT=89.9 pTM=0.775
2026-07-23 11:10:09,848 rank_005_alphafold2_ptm_model_4_seed_043 pLDDT=89.8 pTM=0.772
2026-07-23 11:10:09,852 rank_006_alphafold2_ptm_model_4_seed_042 pLDDT=89.8 pTM=0.774
2026-07-23 11:10:09,854 rank_007_alphafold2_ptm_model_5_seed_044 pLDDT=89.5 pTM=0.751
2026-07-23 11:10:09,856 rank_008_alphafold2_ptm_model_5_seed_043 pLDDT=89.5 pTM=0.748
2026-07-23 11:10:09,858 rank_009_alphafold2_ptm_model_1_seed_044 pLDDT=89.4 pTM=0.746
2026-07-23 11:10:09,861 rank_010_alphafold2_ptm_model_5_seed_042 pLDDT=89.4 pTM=0.749
2026-07-23 11:10:09,864 rank_011_alphafold2_ptm_model_2_seed_044 pLDDT=89.3 pTM=0.765
2026-07-23 11:10:09,866 rank_012_alphafold2_ptm_model_1_seed_043 pLDDT=89.2 pTM=0.739
2026-07-23 11:10:09,869 rank_013_alphafold2_ptm_model_2_seed_043 pLDDT=89.2 pTM=0.76
2026-07-23 11:10:09,871 rank_014_alphafold2_ptm_model_1_seed_042 pLDDT=89.1 pTM=0.74
2026-07-23 11:10:09,875 rank_015_alphafold2_ptm_model_2_seed_042 pLDDT=89 pTM=0.759
2026-07-23 11:10:14,021 Query 61/723: 5KPE_2_6_1_0_combined_id4 (length 108)
2026-07-23 11:10:45,768 alphafold2_ptm_model_1_seed_042 recycle=0 pLDDT=76 pTM=0.612
2026-07-23 11:11:12,522 alphafold2_ptm_model_1_seed_042 recycle=1 pLDDT=73.3 pTM=0.583 tol=0.543
2026-07-23 11:11:36,436 alphafold2_ptm_model_1_seed_042 recycle=2 pLDDT=71.1 pTM=0.557 tol=0.26
2026-07-23 11:12:00,214 alphafold2_ptm_model_1_seed_042 recycle=3 pLDDT=70.3 pTM=0.55 tol=0.208
2026-07-23 11:12:00,217 alphafold2_ptm_model_1_seed_042 took 103.4s (3 recycles)
2026-07-23 11:12:24,511 alphafold2_ptm_model_2_seed_042 recycle=0 pLDDT=62.8 pTM=0.519
2026-07-23 11:12:48,291 alphafold2_ptm_model_2_seed_042 recycle=1 pLDDT=60.6 pTM=0.504 tol=0.914
2026-07-23 11:13:12,033 alphafold2_ptm_model_2_seed_042 recycle=2 pLDDT=57.5 pTM=0.482 tol=5.91
2026-07-23 11:13:35,944 alphafold2_ptm_model_2_seed_042 recycle=3 pLDDT=58.5 pTM=0.488 tol=5.16
2026-07-23 11:13:35,945 alphafold2_ptm_model_2_seed_042 took 95.4s (3 recycles)
2026-07-23 11:13:59,584 alphafold2_ptm_model_3_seed_042 recycle=0 pLDDT=62.4 pTM=0.485
2026-07-23 11:14:23,142 alphafold2_ptm_model_3_seed_042 recycle=1 pLDDT=62.7 pTM=0.495 tol=4.18
2026-07-23 11:14:46,781 alphafold2_ptm_model_3_seed_042 recycle=2 pLDDT=62.7 pTM=0.511 tol=3.85
2026-07-23 11:15:11,169 alphafold2_ptm_model_3_seed_042 recycle=3 pLDDT=65.9 pTM=0.539 tol=1.67
2026-07-23 11:15:11,170 alphafold2_ptm_model_3_seed_042 took 95.2s (3 recycles)
2026-07-23 11:15:35,440 alphafold2_ptm_model_4_seed_042 recycle=0 pLDDT=68.8 pTM=0.54
2026-07-23 11:15:59,484 alphafold2_ptm_model_4_seed_042 recycle=1 pLDDT=72.4 pTM=0.575 tol=0.345
2026-07-23 11:16:23,744 alphafold2_ptm_model_4_seed_042 recycle=2 pLDDT=69.2 pTM=0.544 tol=0.18
2026-07-23 11:16:54,221 alphafold2_ptm_model_4_seed_042 recycle=3 pLDDT=69.4 pTM=0.546 tol=0.197
2026-07-23 11:16:54,222 alphafold2_ptm_model_4_seed_042 took 103.0s (3 recycles)
2026-07-23 11:17:19,214 alphafold2_ptm_model_5_seed_042 recycle=0 pLDDT=71.7 pTM=0.558
2026-07-23 11:17:44,622 alphafold2_ptm_model_5_seed_042 recycle=1 pLDDT=72.6 pTM=0.575 tol=0.607
2026-07-23 11:18:10,277 alphafold2_ptm_model_5_seed_042 recycle=2 pLDDT=72.1 pTM=0.571 tol=0.324
2026-07-23 11:18:34,543 alphafold2_ptm_model_5_seed_042 recycle=3 pLDDT=72.1 pTM=0.573 tol=0.102
2026-07-23 11:18:34,544 alphafold2_ptm_model_5_seed_042 took 100.2s (3 recycles)
2026-07-23 11:19:00,089 alphafold2_ptm_model_1_seed_043 recycle=0 pLDDT=72.1 pTM=0.582
2026-07-23 11:19:24,443 alphafold2_ptm_model_1_seed_043 recycle=1 pLDDT=70.1 pTM=0.563 tol=0.52
2026-07-23 11:19:48,590 alphafold2_ptm_model_1_seed_043 recycle=2 pLDDT=69.2 pTM=0.552 tol=0.425
2026-07-23 11:20:13,827 alphafold2_ptm_model_1_seed_043 recycle=3 pLDDT=69.8 pTM=0.545 tol=0.218
2026-07-23 11:20:13,828 alphafold2_ptm_model_1_seed_043 took 97.9s (3 recycles)
2026-07-23 11:20:38,189 alphafold2_ptm_model_2_seed_043 recycle=0 pLDDT=61.4 pTM=0.512
2026-07-23 11:21:11,996 alphafold2_ptm_model_2_seed_043 recycle=1 pLDDT=58.3 pTM=0.492 tol=3.62
2026-07-23 11:21:37,923 alphafold2_ptm_model_2_seed_043 recycle=2 pLDDT=59.7 pTM=0.494 tol=5.61
2026-07-23 11:22:03,982 alphafold2_ptm_model_2_seed_043 recycle=3 pLDDT=68.4 pTM=0.551 tol=1.18
2026-07-23 11:22:03,983 alphafold2_ptm_model_2_seed_043 took 110.0s (3 recycles)
2026-07-23 11:22:30,001 alphafold2_ptm_model_3_seed_043 recycle=0 pLDDT=61.7 pTM=0.483
2026-07-23 11:22:55,605 alphafold2_ptm_model_3_seed_043 recycle=1 pLDDT=76.4 pTM=0.588 tol=5.89
2026-07-23 11:23:21,086 alphafold2_ptm_model_3_seed_043 recycle=2 pLDDT=85.1 pTM=0.673 tol=0.729
2026-07-23 11:23:46,689 alphafold2_ptm_model_3_seed_043 recycle=3 pLDDT=84.9 pTM=0.664 tol=0.522
2026-07-23 11:23:46,690 alphafold2_ptm_model_3_seed_043 took 102.6s (3 recycles)
2026-07-23 11:24:12,150 alphafold2_ptm_model_4_seed_043 recycle=0 pLDDT=67.4 pTM=0.531
2026-07-23 11:24:37,675 alphafold2_ptm_model_4_seed_043 recycle=1 pLDDT=71.8 pTM=0.568 tol=0.543
2026-07-23 11:25:03,470 alphafold2_ptm_model_4_seed_043 recycle=2 pLDDT=69.5 pTM=0.546 tol=0.125
2026-07-23 11:25:29,176 alphafold2_ptm_model_4_seed_043 recycle=3 pLDDT=68.8 pTM=0.542 tol=0.236
2026-07-23 11:25:29,183 alphafold2_ptm_model_4_seed_043 took 102.4s (3 recycles)
2026-07-23 11:25:55,693 alphafold2_ptm_model_5_seed_043 recycle=0 pLDDT=70.7 pTM=0.545
2026-07-23 11:26:21,559 alphafold2_ptm_model_5_seed_043 recycle=1 pLDDT=73.2 pTM=0.581 tol=0.562
2026-07-23 11:26:47,303 alphafold2_ptm_model_5_seed_043 recycle=2 pLDDT=72.6 pTM=0.573 tol=0.305
2026-07-23 11:27:13,308 alphafold2_ptm_model_5_seed_043 recycle=3 pLDDT=72 pTM=0.573 tol=0.121
2026-07-23 11:27:13,310 alphafold2_ptm_model_5_seed_043 took 104.0s (3 recycles)
2026-07-23 11:27:41,548 alphafold2_ptm_model_1_seed_044 recycle=0 pLDDT=73.1 pTM=0.589
2026-07-23 11:28:08,034 alphafold2_ptm_model_1_seed_044 recycle=1 pLDDT=71.4 pTM=0.569 tol=0.492
2026-07-23 11:28:33,747 alphafold2_ptm_model_1_seed_044 recycle=2 pLDDT=69.3 pTM=0.549 tol=0.492
2026-07-23 11:28:59,878 alphafold2_ptm_model_1_seed_044 recycle=3 pLDDT=69.5 pTM=0.541 tol=0.205
2026-07-23 11:28:59,879 alphafold2_ptm_model_1_seed_044 took 104.7s (3 recycles)
2026-07-23 11:29:26,232 alphafold2_ptm_model_2_seed_044 recycle=0 pLDDT=63 pTM=0.52
2026-07-23 11:29:56,946 alphafold2_ptm_model_2_seed_044 recycle=1 pLDDT=60 pTM=0.5 tol=0.875
2026-07-23 11:30:22,841 alphafold2_ptm_model_2_seed_044 recycle=2 pLDDT=60.6 pTM=0.494 tol=6.17
2026-07-23 11:30:49,068 alphafold2_ptm_model_2_seed_044 recycle=3 pLDDT=59.2 pTM=0.507 tol=1.28
2026-07-23 11:30:49,069 alphafold2_ptm_model_2_seed_044 took 109.0s (3 recycles)
2026-07-23 11:31:15,125 alphafold2_ptm_model_3_seed_044 recycle=0 pLDDT=60.9 pTM=0.473
2026-07-23 11:31:41,219 alphafold2_ptm_model_3_seed_044 recycle=1 pLDDT=61 pTM=0.498 tol=4
2026-07-23 11:32:06,764 alphafold2_ptm_model_3_seed_044 recycle=2 pLDDT=64.4 pTM=0.527 tol=2.21
2026-07-23 11:32:32,446 alphafold2_ptm_model_3_seed_044 recycle=3 pLDDT=69.6 pTM=0.554 tol=4.68
2026-07-23 11:32:32,446 alphafold2_ptm_model_3_seed_044 took 103.2s (3 recycles)
2026-07-23 11:32:58,288 alphafold2_ptm_model_4_seed_044 recycle=0 pLDDT=67.2 pTM=0.528
2026-07-23 11:33:24,285 alphafold2_ptm_model_4_seed_044 recycle=1 pLDDT=71.1 pTM=0.564 tol=0.402
2026-07-23 11:33:50,515 alphafold2_ptm_model_4_seed_044 recycle=2 pLDDT=68.8 pTM=0.542 tol=0.136
2026-07-23 11:34:16,419 alphafold2_ptm_model_4_seed_044 recycle=3 pLDDT=68.7 pTM=0.541 tol=0.162
2026-07-23 11:34:16,420 alphafold2_ptm_model_4_seed_044 took 103.8s (3 recycles)
2026-07-23 11:34:42,253 alphafold2_ptm_model_5_seed_044 recycle=0 pLDDT=69.2 pTM=0.538
2026-07-23 11:35:07,495 alphafold2_ptm_model_5_seed_044 recycle=1 pLDDT=71.7 pTM=0.572 tol=0.583
2026-07-23 11:35:31,612 alphafold2_ptm_model_5_seed_044 recycle=2 pLDDT=71.6 pTM=0.569 tol=0.337
2026-07-23 11:35:56,759 alphafold2_ptm_model_5_seed_044 recycle=3 pLDDT=71.5 pTM=0.569 tol=0.117
2026-07-23 11:35:56,765 alphafold2_ptm_model_5_seed_044 took 100.2s (3 recycles)
2026-07-23 11:35:56,845 reranking models by 'plddt' metric
2026-07-23 11:35:56,845 rank_001_alphafold2_ptm_model_3_seed_043 pLDDT=84.9 pTM=0.664
2026-07-23 11:35:56,849 rank_002_alphafold2_ptm_model_5_seed_042 pLDDT=72.1 pTM=0.573
2026-07-23 11:35:56,851 rank_003_alphafold2_ptm_model_5_seed_043 pLDDT=72 pTM=0.573
2026-07-23 11:35:56,853 rank_004_alphafold2_ptm_model_5_seed_044 pLDDT=71.5 pTM=0.569
2026-07-23 11:35:56,855 rank_005_alphafold2_ptm_model_1_seed_042 pLDDT=70.3 pTM=0.55
2026-07-23 11:35:56,857 rank_006_alphafold2_ptm_model_1_seed_043 pLDDT=69.8 pTM=0.545
2026-07-23 11:35:56,861 rank_007_alphafold2_ptm_model_3_seed_044 pLDDT=69.6 pTM=0.554
2026-07-23 11:35:56,862 rank_008_alphafold2_ptm_model_1_seed_044 pLDDT=69.5 pTM=0.541
2026-07-23 11:35:56,865 rank_009_alphafold2_ptm_model_4_seed_042 pLDDT=69.4 pTM=0.546
2026-07-23 11:35:56,867 rank_010_alphafold2_ptm_model_4_seed_043 pLDDT=68.8 pTM=0.542
2026-07-23 11:35:56,868 rank_011_alphafold2_ptm_model_4_seed_044 pLDDT=68.7 pTM=0.541
2026-07-23 11:35:56,870 rank_012_alphafold2_ptm_model_2_seed_043 pLDDT=68.4 pTM=0.551
2026-07-23 11:35:56,872 rank_013_alphafold2_ptm_model_3_seed_042 pLDDT=65.9 pTM=0.539
2026-07-23 11:35:56,874 rank_014_alphafold2_ptm_model_2_seed_044 pLDDT=59.2 pTM=0.507
2026-07-23 11:35:56,876 rank_015_alphafold2_ptm_model_2_seed_042 pLDDT=58.5 pTM=0.488
2026-07-23 11:36:00,727 Query 62/723: 5KPE_2_6_1_0_combined_id5 (length 108)
2026-07-23 11:36:27,918 alphafold2_ptm_model_1_seed_042 recycle=0 pLDDT=81.3 pTM=0.612
2026-07-23 11:36:57,404 alphafold2_ptm_model_1_seed_042 recycle=1 pLDDT=83.2 pTM=0.624 tol=0.485
2026-07-23 11:37:26,003 alphafold2_ptm_model_1_seed_042 recycle=2 pLDDT=84.2 pTM=0.631 tol=0.173
2026-07-23 11:37:52,585 alphafold2_ptm_model_1_seed_042 recycle=3 pLDDT=85 pTM=0.639 tol=0.116
2026-07-23 11:37:52,589 alphafold2_ptm_model_1_seed_042 took 109.6s (3 recycles)
2026-07-23 11:38:19,170 alphafold2_ptm_model_2_seed_042 recycle=0 pLDDT=79.1 pTM=0.549
2026-07-23 11:38:45,510 alphafold2_ptm_model_2_seed_042 recycle=1 pLDDT=81.7 pTM=0.623 tol=0.853
2026-07-23 11:39:12,191 alphafold2_ptm_model_2_seed_042 recycle=2 pLDDT=83.2 pTM=0.646 tol=0.266
2026-07-23 11:39:38,584 alphafold2_ptm_model_2_seed_042 recycle=3 pLDDT=83.4 pTM=0.648 tol=0.0779
2026-07-23 11:39:38,589 alphafold2_ptm_model_2_seed_042 took 105.9s (3 recycles)
2026-07-23 11:40:05,273 alphafold2_ptm_model_3_seed_042 recycle=0 pLDDT=72.5 pTM=0.453
2026-07-23 11:40:31,557 alphafold2_ptm_model_3_seed_042 recycle=1 pLDDT=84.1 pTM=0.612 tol=1.22
2026-07-23 11:40:58,011 alphafold2_ptm_model_3_seed_042 recycle=2 pLDDT=83.4 pTM=0.613 tol=0.149
2026-07-23 11:41:24,784 alphafold2_ptm_model_3_seed_042 recycle=3 pLDDT=84.3 pTM=0.622 tol=0.102
2026-07-23 11:41:24,791 alphafold2_ptm_model_3_seed_042 took 106.1s (3 recycles)
2026-07-23 11:41:51,367 alphafold2_ptm_model_4_seed_042 recycle=0 pLDDT=68.1 pTM=0.493
2026-07-23 11:42:17,776 alphafold2_ptm_model_4_seed_042 recycle=1 pLDDT=84 pTM=0.634 tol=1.39
2026-07-23 11:42:44,628 alphafold2_ptm_model_4_seed_042 recycle=2 pLDDT=84.2 pTM=0.639 tol=0.115
2026-07-23 11:43:11,201 alphafold2_ptm_model_4_seed_042 recycle=3 pLDDT=84.4 pTM=0.637 tol=0.153
2026-07-23 11:43:11,212 alphafold2_ptm_model_4_seed_042 took 106.4s (3 recycles)
2026-07-23 11:43:37,709 alphafold2_ptm_model_5_seed_042 recycle=0 pLDDT=82.8 pTM=0.616
2026-07-23 11:44:03,620 alphafold2_ptm_model_5_seed_042 recycle=1 pLDDT=84.8 pTM=0.645 tol=0.799
2026-07-23 11:44:29,664 alphafold2_ptm_model_5_seed_042 recycle=2 pLDDT=85.8 pTM=0.662 tol=0.204
2026-07-23 11:44:55,252 alphafold2_ptm_model_5_seed_042 recycle=3 pLDDT=86.2 pTM=0.659 tol=0.0605
2026-07-23 11:44:55,254 alphafold2_ptm_model_5_seed_042 took 104.0s (3 recycles)
2026-07-23 11:45:23,363 alphafold2_ptm_model_1_seed_043 recycle=0 pLDDT=83 pTM=0.633
2026-07-23 11:45:48,236 alphafold2_ptm_model_1_seed_043 recycle=1 pLDDT=83.7 pTM=0.634 tol=0.368
2026-07-23 11:46:13,130 alphafold2_ptm_model_1_seed_043 recycle=2 pLDDT=84.1 pTM=0.632 tol=0.22
2026-07-23 11:46:37,706 alphafold2_ptm_model_1_seed_043 recycle=3 pLDDT=85 pTM=0.641 tol=0.161
2026-07-23 11:46:37,708 alphafold2_ptm_model_1_seed_043 took 100.5s (3 recycles)
2026-07-23 11:47:03,246 alphafold2_ptm_model_2_seed_043 recycle=0 pLDDT=84.5 pTM=0.66
2026-07-23 11:47:27,983 alphafold2_ptm_model_2_seed_043 recycle=1 pLDDT=83.6 pTM=0.652 tol=0.426
2026-07-23 11:47:52,079 alphafold2_ptm_model_2_seed_043 recycle=2 pLDDT=83.8 pTM=0.655 tol=0.14
2026-07-23 11:48:16,551 alphafold2_ptm_model_2_seed_043 recycle=3 pLDDT=83.9 pTM=0.657 tol=0.13
2026-07-23 11:48:16,552 alphafold2_ptm_model_2_seed_043 took 98.8s (3 recycles)
2026-07-23 11:48:41,338 alphafold2_ptm_model_3_seed_043 recycle=0 pLDDT=71.1 pTM=0.449
2026-07-23 11:49:06,899 alphafold2_ptm_model_3_seed_043 recycle=1 pLDDT=83.9 pTM=0.607 tol=1.17
2026-07-23 11:49:32,859 alphafold2_ptm_model_3_seed_043 recycle=2 pLDDT=83.4 pTM=0.612 tol=0.147
2026-07-23 11:49:58,233 alphafold2_ptm_model_3_seed_043 recycle=3 pLDDT=84.2 pTM=0.618 tol=0.0978
2026-07-23 11:49:58,235 alphafold2_ptm_model_3_seed_043 took 101.6s (3 recycles)
2026-07-23 11:50:23,390 alphafold2_ptm_model_4_seed_043 recycle=0 pLDDT=62 pTM=0.467
2026-07-23 11:50:48,733 alphafold2_ptm_model_4_seed_043 recycle=1 pLDDT=84.6 pTM=0.642 tol=2.23
2026-07-23 11:51:13,826 alphafold2_ptm_model_4_seed_043 recycle=2 pLDDT=84.5 pTM=0.646 tol=0.277
2026-07-23 11:51:38,772 alphafold2_ptm_model_4_seed_043 recycle=3 pLDDT=84.5 pTM=0.636 tol=0.262
2026-07-23 11:51:38,773 alphafold2_ptm_model_4_seed_043 took 100.4s (3 recycles)
2026-07-23 11:52:03,414 alphafold2_ptm_model_5_seed_043 recycle=0 pLDDT=83.2 pTM=0.617
2026-07-23 11:52:27,675 alphafold2_ptm_model_5_seed_043 recycle=1 pLDDT=84.8 pTM=0.647 tol=0.787
2026-07-23 11:52:51,581 alphafold2_ptm_model_5_seed_043 recycle=2 pLDDT=85.8 pTM=0.66 tol=0.175
2026-07-23 11:53:16,222 alphafold2_ptm_model_5_seed_043 recycle=3 pLDDT=86.2 pTM=0.659 tol=0.0614
2026-07-23 11:53:16,223 alphafold2_ptm_model_5_seed_043 took 97.4s (3 recycles)
2026-07-23 11:53:41,681 alphafold2_ptm_model_1_seed_044 recycle=0 pLDDT=79.8 pTM=0.585
2026-07-23 11:54:07,861 alphafold2_ptm_model_1_seed_044 recycle=1 pLDDT=83.2 pTM=0.624 tol=0.513
2026-07-23 11:54:32,458 alphafold2_ptm_model_1_seed_044 recycle=2 pLDDT=84 pTM=0.627 tol=0.18
2026-07-23 11:54:56,992 alphafold2_ptm_model_1_seed_044 recycle=3 pLDDT=84.8 pTM=0.638 tol=0.144
2026-07-23 11:54:56,993 alphafold2_ptm_model_1_seed_044 took 99.5s (3 recycles)
2026-07-23 11:55:21,475 alphafold2_ptm_model_2_seed_044 recycle=0 pLDDT=68.1 pTM=0.487
2026-07-23 11:55:45,143 alphafold2_ptm_model_2_seed_044 recycle=1 pLDDT=82.4 pTM=0.63 tol=1.5
2026-07-23 11:56:08,969 alphafold2_ptm_model_2_seed_044 recycle=2 pLDDT=82.6 pTM=0.639 tol=0.263
2026-07-23 11:56:32,547 alphafold2_ptm_model_2_seed_044 recycle=3 pLDDT=83.2 pTM=0.645 tol=0.137
2026-07-23 11:56:32,548 alphafold2_ptm_model_2_seed_044 took 95.4s (3 recycles)
2026-07-23 11:56:56,995 alphafold2_ptm_model_3_seed_044 recycle=0 pLDDT=69.8 pTM=0.438
2026-07-23 11:57:20,559 alphafold2_ptm_model_3_seed_044 recycle=1 pLDDT=83.5 pTM=0.602 tol=1.35
2026-07-23 11:57:44,726 alphafold2_ptm_model_3_seed_044 recycle=2 pLDDT=83.2 pTM=0.608 tol=0.17
2026-07-23 11:58:07,927 alphafold2_ptm_model_3_seed_044 recycle=3 pLDDT=84.2 pTM=0.619 tol=0.122
2026-07-23 11:58:07,928 alphafold2_ptm_model_3_seed_044 took 95.3s (3 recycles)
2026-07-23 11:58:31,188 alphafold2_ptm_model_4_seed_044 recycle=0 pLDDT=63.4 pTM=0.468
2026-07-23 11:58:54,752 alphafold2_ptm_model_4_seed_044 recycle=1 pLDDT=84.5 pTM=0.637 tol=1.96
2026-07-23 11:59:18,216 alphafold2_ptm_model_4_seed_044 recycle=2 pLDDT=84.4 pTM=0.642 tol=0.144
2026-07-23 11:59:41,716 alphafold2_ptm_model_4_seed_044 recycle=3 pLDDT=84.5 pTM=0.637 tol=0.188
2026-07-23 11:59:41,717 alphafold2_ptm_model_4_seed_044 took 93.7s (3 recycles)
2026-07-23 12:00:05,457 alphafold2_ptm_model_5_seed_044 recycle=0 pLDDT=78.8 pTM=0.56
2026-07-23 12:00:29,081 alphafold2_ptm_model_5_seed_044 recycle=1 pLDDT=85.1 pTM=0.649 tol=0.969
2026-07-23 12:00:53,168 alphafold2_ptm_model_5_seed_044 recycle=2 pLDDT=85.8 pTM=0.657 tol=0.116
2026-07-23 12:01:16,846 alphafold2_ptm_model_5_seed_044 recycle=3 pLDDT=86.2 pTM=0.658 tol=0.0609
2026-07-23 12:01:16,846 alphafold2_ptm_model_5_seed_044 took 95.1s (3 recycles)
2026-07-23 12:01:16,917 reranking models by 'plddt' metric
2026-07-23 12:01:16,918 rank_001_alphafold2_ptm_model_5_seed_044 pLDDT=86.2 pTM=0.658
2026-07-23 12:01:16,920 rank_002_alphafold2_ptm_model_5_seed_042 pLDDT=86.2 pTM=0.659
2026-07-23 12:01:16,924 rank_003_alphafold2_ptm_model_5_seed_043 pLDDT=86.2 pTM=0.659
2026-07-23 12:01:16,927 rank_004_alphafold2_ptm_model_1_seed_043 pLDDT=85 pTM=0.641
2026-07-23 12:01:16,930 rank_005_alphafold2_ptm_model_1_seed_042 pLDDT=85 pTM=0.639
2026-07-23 12:01:16,933 rank_006_alphafold2_ptm_model_1_seed_044 pLDDT=84.8 pTM=0.638
2026-07-23 12:01:16,937 rank_007_alphafold2_ptm_model_4_seed_044 pLDDT=84.5 pTM=0.637
2026-07-23 12:01:16,939 rank_008_alphafold2_ptm_model_4_seed_043 pLDDT=84.5 pTM=0.636
2026-07-23 12:01:16,940 rank_009_alphafold2_ptm_model_4_seed_042 pLDDT=84.4 pTM=0.637
2026-07-23 12:01:16,942 rank_010_alphafold2_ptm_model_3_seed_042 pLDDT=84.3 pTM=0.622
2026-07-23 12:01:16,945 rank_011_alphafold2_ptm_model_3_seed_043 pLDDT=84.2 pTM=0.618
2026-07-23 12:01:16,948 rank_012_alphafold2_ptm_model_3_seed_044 pLDDT=84.2 pTM=0.619
2026-07-23 12:01:16,949 rank_013_alphafold2_ptm_model_2_seed_043 pLDDT=83.9 pTM=0.657
2026-07-23 12:01:16,951 rank_014_alphafold2_ptm_model_2_seed_042 pLDDT=83.4 pTM=0.648
2026-07-23 12:01:16,953 rank_015_alphafold2_ptm_model_2_seed_044 pLDDT=83.2 pTM=0.645
2026-07-23 12:01:20,009 Query 63/723: 5KPE_2_6_1_0_combined_id6 (length 108)
2026-07-23 12:01:45,728 alphafold2_ptm_model_1_seed_042 recycle=0 pLDDT=72.9 pTM=0.576
2026-07-23 12:02:09,003 alphafold2_ptm_model_1_seed_042 recycle=1 pLDDT=86.8 pTM=0.696 tol=1.29
2026-07-23 12:02:32,367 alphafold2_ptm_model_1_seed_042 recycle=2 pLDDT=86.1 pTM=0.69 tol=0.197
2026-07-23 12:02:55,941 alphafold2_ptm_model_1_seed_042 recycle=3 pLDDT=85.2 pTM=0.675 tol=0.121
2026-07-23 12:02:55,942 alphafold2_ptm_model_1_seed_042 took 93.8s (3 recycles)
2026-07-23 12:03:19,442 alphafold2_ptm_model_2_seed_042 recycle=0 pLDDT=74.3 pTM=0.556
2026-07-23 12:03:43,187 alphafold2_ptm_model_2_seed_042 recycle=1 pLDDT=83.6 pTM=0.705 tol=2.67
2026-07-23 12:04:13,475 alphafold2_ptm_model_2_seed_042 recycle=2 pLDDT=86.9 pTM=0.718 tol=0.557
2026-07-23 12:04:38,228 alphafold2_ptm_model_2_seed_042 recycle=3 pLDDT=86.1 pTM=0.707 tol=0.212
2026-07-23 12:04:38,229 alphafold2_ptm_model_2_seed_042 took 102.2s (3 recycles)
2026-07-23 12:05:03,303 alphafold2_ptm_model_3_seed_042 recycle=0 pLDDT=70.9 pTM=0.513
2026-07-23 12:05:28,402 alphafold2_ptm_model_3_seed_042 recycle=1 pLDDT=80.5 pTM=0.636 tol=1.39
2026-07-23 12:05:53,535 alphafold2_ptm_model_3_seed_042 recycle=2 pLDDT=80.9 pTM=0.652 tol=0.449
2026-07-23 12:06:17,985 alphafold2_ptm_model_3_seed_042 recycle=3 pLDDT=80.9 pTM=0.633 tol=0.395
2026-07-23 12:06:17,986 alphafold2_ptm_model_3_seed_042 took 99.7s (3 recycles)
2026-07-23 12:06:43,246 alphafold2_ptm_model_4_seed_042 recycle=0 pLDDT=75.1 pTM=0.573
2026-07-23 12:07:07,696 alphafold2_ptm_model_4_seed_042 recycle=1 pLDDT=79.6 pTM=0.632 tol=0.971
2026-07-23 12:07:32,038 alphafold2_ptm_model_4_seed_042 recycle=2 pLDDT=83.4 pTM=0.649 tol=1.72
2026-07-23 12:07:56,880 alphafold2_ptm_model_4_seed_042 recycle=3 pLDDT=83.9 pTM=0.652 tol=0.291
2026-07-23 12:07:56,881 alphafold2_ptm_model_4_seed_042 took 98.7s (3 recycles)
2026-07-23 12:08:23,092 alphafold2_ptm_model_5_seed_042 recycle=0 pLDDT=65.8 pTM=0.458
2026-07-23 12:08:48,091 alphafold2_ptm_model_5_seed_042 recycle=1 pLDDT=81.2 pTM=0.654 tol=2.93
2026-07-23 12:09:12,347 alphafold2_ptm_model_5_seed_042 recycle=2 pLDDT=85.9 pTM=0.68 tol=0.837
2026-07-23 12:09:36,225 alphafold2_ptm_model_5_seed_042 recycle=3 pLDDT=86 pTM=0.67 tol=0.11
2026-07-23 12:09:36,226 alphafold2_ptm_model_5_seed_042 took 98.8s (3 recycles)
2026-07-23 12:10:03,831 alphafold2_ptm_model_1_seed_043 recycle=0 pLDDT=73.2 pTM=0.579
2026-07-23 12:10:32,055 alphafold2_ptm_model_1_seed_043 recycle=1 pLDDT=87.1 pTM=0.701 tol=1.48
2026-07-23 12:10:58,598 alphafold2_ptm_model_1_seed_043 recycle=2 pLDDT=86.2 pTM=0.692 tol=0.219
2026-07-23 12:11:22,672 alphafold2_ptm_model_1_seed_043 recycle=3 pLDDT=85.1 pTM=0.672 tol=0.127
2026-07-23 12:11:22,673 alphafold2_ptm_model_1_seed_043 took 104.9s (3 recycles)
2026-07-23 12:11:48,675 alphafold2_ptm_model_2_seed_043 recycle=0 pLDDT=74.9 pTM=0.564
2026-07-23 12:12:14,710 alphafold2_ptm_model_2_seed_043 recycle=1 pLDDT=83.9 pTM=0.708 tol=2.56
2026-07-23 12:12:39,934 alphafold2_ptm_model_2_seed_043 recycle=2 pLDDT=87 pTM=0.721 tol=0.472
2026-07-23 12:13:05,163 alphafold2_ptm_model_2_seed_043 recycle=3 pLDDT=85.6 pTM=0.7 tol=0.111
2026-07-23 12:13:05,168 alphafold2_ptm_model_2_seed_043 took 102.4s (3 recycles)
2026-07-23 12:13:31,368 alphafold2_ptm_model_3_seed_043 recycle=0 pLDDT=69.3 pTM=0.487
2026-07-23 12:13:56,771 alphafold2_ptm_model_3_seed_043 recycle=1 pLDDT=81 pTM=0.637 tol=1.87
2026-07-23 12:14:25,616 alphafold2_ptm_model_3_seed_043 recycle=2 pLDDT=81.9 pTM=0.647 tol=0.443
2026-07-23 12:14:53,973 alphafold2_ptm_model_3_seed_043 recycle=3 pLDDT=82.3 pTM=0.646 tol=0.37
2026-07-23 12:14:53,976 alphafold2_ptm_model_3_seed_043 took 108.7s (3 recycles)
2026-07-23 12:15:19,873 alphafold2_ptm_model_4_seed_043 recycle=0 pLDDT=68.5 pTM=0.507
2026-07-23 12:15:44,826 alphafold2_ptm_model_4_seed_043 recycle=1 pLDDT=80 pTM=0.633 tol=1.09
2026-07-23 12:16:08,818 alphafold2_ptm_model_4_seed_043 recycle=2 pLDDT=80.1 pTM=0.63 tol=0.189
2026-07-23 12:16:34,081 alphafold2_ptm_model_4_seed_043 recycle=3 pLDDT=80.1 pTM=0.63 tol=0.0594
2026-07-23 12:16:34,081 alphafold2_ptm_model_4_seed_043 took 100.0s (3 recycles)
2026-07-23 12:16:58,766 alphafold2_ptm_model_5_seed_043 recycle=0 pLDDT=63.2 pTM=0.442
2026-07-23 12:17:22,964 alphafold2_ptm_model_5_seed_043 recycle=1 pLDDT=83.9 pTM=0.68 tol=3.01
2026-07-23 12:17:46,893 alphafold2_ptm_model_5_seed_043 recycle=2 pLDDT=86.3 pTM=0.685 tol=0.314
2026-07-23 12:18:11,000 alphafold2_ptm_model_5_seed_043 recycle=3 pLDDT=86.5 pTM=0.679 tol=0.149
2026-07-23 12:18:11,011 alphafold2_ptm_model_5_seed_043 took 96.8s (3 recycles)
2026-07-23 12:18:36,313 alphafold2_ptm_model_1_seed_044 recycle=0 pLDDT=71.6 pTM=0.554
2026-07-23 12:18:59,499 alphafold2_ptm_model_1_seed_044 recycle=1 pLDDT=87 pTM=0.693 tol=1.43
2026-07-23 12:19:22,986 alphafold2_ptm_model_1_seed_044 recycle=2 pLDDT=85.9 pTM=0.687 tol=0.224
2026-07-23 12:19:46,605 alphafold2_ptm_model_1_seed_044 recycle=3 pLDDT=85.1 pTM=0.673 tol=0.123
2026-07-23 12:19:46,606 alphafold2_ptm_model_1_seed_044 took 93.9s (3 recycles)
2026-07-23 12:20:09,947 alphafold2_ptm_model_2_seed_044 recycle=0 pLDDT=72.2 pTM=0.548
2026-07-23 12:20:38,183 alphafold2_ptm_model_2_seed_044 recycle=1 pLDDT=80.5 pTM=0.669 tol=2.18
2026-07-23 12:21:08,639 alphafold2_ptm_model_2_seed_044 recycle=2 pLDDT=86.4 pTM=0.711 tol=0.725
2026-07-23 12:21:35,597 alphafold2_ptm_model_2_seed_044 recycle=3 pLDDT=85.6 pTM=0.699 tol=0.0851
2026-07-23 12:21:35,601 alphafold2_ptm_model_2_seed_044 took 108.8s (3 recycles)
2026-07-23 12:21:59,726 alphafold2_ptm_model_3_seed_044 recycle=0 pLDDT=70.2 pTM=0.502
2026-07-23 12:22:23,699 alphafold2_ptm_model_3_seed_044 recycle=1 pLDDT=80.5 pTM=0.637 tol=1.72
2026-07-23 12:22:47,146 alphafold2_ptm_model_3_seed_044 recycle=2 pLDDT=81 pTM=0.655 tol=0.545
2026-07-23 12:23:10,964 alphafold2_ptm_model_3_seed_044 recycle=3 pLDDT=80.5 pTM=0.632 tol=0.426
2026-07-23 12:23:10,966 alphafold2_ptm_model_3_seed_044 took 95.2s (3 recycles)
2026-07-23 12:23:35,036 alphafold2_ptm_model_4_seed_044 recycle=0 pLDDT=67.9 pTM=0.497
2026-07-23 12:23:58,708 alphafold2_ptm_model_4_seed_044 recycle=1 pLDDT=79.8 pTM=0.631 tol=1.12
2026-07-23 12:24:22,300 alphafold2_ptm_model_4_seed_044 recycle=2 pLDDT=79.5 pTM=0.626 tol=0.254
2026-07-23 12:24:45,674 alphafold2_ptm_model_4_seed_044 recycle=3 pLDDT=79.2 pTM=0.62 tol=0.067
2026-07-23 12:24:45,675 alphafold2_ptm_model_4_seed_044 took 94.6s (3 recycles)
2026-07-23 12:25:10,036 alphafold2_ptm_model_5_seed_044 recycle=0 pLDDT=64.1 pTM=0.452
2026-07-23 12:25:33,686 alphafold2_ptm_model_5_seed_044 recycle=1 pLDDT=81.8 pTM=0.666 tol=2.96
2026-07-23 12:25:57,151 alphafold2_ptm_model_5_seed_044 recycle=2 pLDDT=85.7 pTM=0.68 tol=0.61
2026-07-23 12:26:20,565 alphafold2_ptm_model_5_seed_044 recycle=3 pLDDT=85.8 pTM=0.67 tol=0.131
2026-07-23 12:26:20,565 alphafold2_ptm_model_5_seed_044 took 94.3s (3 recycles)
2026-07-23 12:26:20,661 reranking models by 'plddt' metric
2026-07-23 12:26:20,661 rank_001_alphafold2_ptm_model_5_seed_043 pLDDT=86.5 pTM=0.679
2026-07-23 12:26:20,668 rank_002_alphafold2_ptm_model_2_seed_042 pLDDT=86.1 pTM=0.707
2026-07-23 12:26:20,673 rank_003_alphafold2_ptm_model_5_seed_042 pLDDT=86 pTM=0.67
2026-07-23 12:26:20,678 rank_004_alphafold2_ptm_model_5_seed_044 pLDDT=85.8 pTM=0.67
2026-07-23 12:26:20,682 rank_005_alphafold2_ptm_model_2_seed_044 pLDDT=85.6 pTM=0.699
2026-07-23 12:26:20,686 rank_006_alphafold2_ptm_model_2_seed_043 pLDDT=85.6 pTM=0.7
2026-07-23 12:26:20,688 rank_007_alphafold2_ptm_model_1_seed_042 pLDDT=85.2 pTM=0.675
2026-07-23 12:26:20,693 rank_008_alphafold2_ptm_model_1_seed_044 pLDDT=85.1 pTM=0.673
2026-07-23 12:26:20,701 rank_009_alphafold2_ptm_model_1_seed_043 pLDDT=85.1 pTM=0.672
2026-07-23 12:26:20,705 rank_010_alphafold2_ptm_model_4_seed_042 pLDDT=83.9 pTM=0.652
2026-07-23 12:26:20,708 rank_011_alphafold2_ptm_model_3_seed_043 pLDDT=82.3 pTM=0.646
2026-07-23 12:26:20,711 rank_012_alphafold2_ptm_model_3_seed_042 pLDDT=80.9 pTM=0.633
2026-07-23 12:26:20,718 rank_013_alphafold2_ptm_model_3_seed_044 pLDDT=80.5 pTM=0.632
2026-07-23 12:26:20,723 rank_014_alphafold2_ptm_model_4_seed_043 pLDDT=80.1 pTM=0.63
2026-07-23 12:26:20,727 rank_015_alphafold2_ptm_model_4_seed_044 pLDDT=79.2 pTM=0.62
2026-07-23 12:26:24,695 Query 64/723: 5KPE_2_6_1_0_combined_id7 (length 108)
2026-07-23 12:26:51,336 alphafold2_ptm_model_1_seed_042 recycle=0 pLDDT=87.4 pTM=0.705
2026-07-23 12:27:15,482 alphafold2_ptm_model_1_seed_042 recycle=1 pLDDT=89.8 pTM=0.74 tol=0.428
2026-07-23 12:27:39,587 alphafold2_ptm_model_1_seed_042 recycle=2 pLDDT=90.3 pTM=0.754 tol=0.449
2026-07-23 12:28:05,172 alphafold2_ptm_model_1_seed_042 recycle=3 pLDDT=89.9 pTM=0.747 tol=0.0881
2026-07-23 12:28:05,173 alphafold2_ptm_model_1_seed_042 took 97.8s (3 recycles)
2026-07-23 12:28:29,185 alphafold2_ptm_model_2_seed_042 recycle=0 pLDDT=88.6 pTM=0.737
2026-07-23 12:28:53,259 alphafold2_ptm_model_2_seed_042 recycle=1 pLDDT=90.9 pTM=0.779 tol=0.388
2026-07-23 12:29:17,424 alphafold2_ptm_model_2_seed_042 recycle=2 pLDDT=90.2 pTM=0.776 tol=0.122
2026-07-23 12:29:41,332 alphafold2_ptm_model_2_seed_042 recycle=3 pLDDT=89.8 pTM=0.768 tol=0.0731
2026-07-23 12:29:41,332 alphafold2_ptm_model_2_seed_042 took 96.1s (3 recycles)
2026-07-23 12:30:05,385 alphafold2_ptm_model_3_seed_042 recycle=0 pLDDT=86.2 pTM=0.675
2026-07-23 12:30:29,552 alphafold2_ptm_model_3_seed_042 recycle=1 pLDDT=89.8 pTM=0.747 tol=0.551
2026-07-23 12:30:53,504 alphafold2_ptm_model_3_seed_042 recycle=2 pLDDT=90.9 pTM=0.765 tol=0.193
2026-07-23 12:31:21,601 alphafold2_ptm_model_3_seed_042 recycle=3 pLDDT=90.8 pTM=0.764 tol=0.0555
2026-07-23 12:31:21,603 alphafold2_ptm_model_3_seed_042 took 100.2s (3 recycles)
2026-07-23 12:31:48,084 alphafold2_ptm_model_4_seed_042 recycle=0 pLDDT=86.2 pTM=0.688
2026-07-23 12:32:13,888 alphafold2_ptm_model_4_seed_042 recycle=1 pLDDT=89.9 pTM=0.757 tol=0.605
2026-07-23 12:32:39,085 alphafold2_ptm_model_4_seed_042 recycle=2 pLDDT=90.2 pTM=0.764 tol=0.242
2026-07-23 12:33:04,005 alphafold2_ptm_model_4_seed_042 recycle=3 pLDDT=90.6 pTM=0.771 tol=0.0601
2026-07-23 12:33:04,005 alphafold2_ptm_model_4_seed_042 took 102.3s (3 recycles)
2026-07-23 12:33:29,434 alphafold2_ptm_model_5_seed_042 recycle=0 pLDDT=86.9 pTM=0.706
2026-07-23 12:33:54,747 alphafold2_ptm_model_5_seed_042 recycle=1 pLDDT=89.1 pTM=0.734 tol=0.453
2026-07-23 12:34:21,308 alphafold2_ptm_model_5_seed_042 recycle=2 pLDDT=88.9 pTM=0.734 tol=0.117
2026-07-23 12:34:46,258 alphafold2_ptm_model_5_seed_042 recycle=3 pLDDT=88.6 pTM=0.735 tol=0.0384
2026-07-23 12:34:46,259 alphafold2_ptm_model_5_seed_042 took 102.2s (3 recycles)
2026-07-23 12:35:12,437 alphafold2_ptm_model_1_seed_043 recycle=0 pLDDT=87.6 pTM=0.708
2026-07-23 12:35:37,380 alphafold2_ptm_model_1_seed_043 recycle=1 pLDDT=89.9 pTM=0.74 tol=0.399
2026-07-23 12:36:01,980 alphafold2_ptm_model_1_seed_043 recycle=2 pLDDT=90.2 pTM=0.753 tol=0.466
2026-07-23 12:36:27,086 alphafold2_ptm_model_1_seed_043 recycle=3 pLDDT=89.8 pTM=0.742 tol=0.0885
2026-07-23 12:36:27,087 alphafold2_ptm_model_1_seed_043 took 99.3s (3 recycles)
2026-07-23 12:36:52,058 alphafold2_ptm_model_2_seed_043 recycle=0 pLDDT=88.1 pTM=0.733
2026-07-23 12:37:16,895 alphafold2_ptm_model_2_seed_043 recycle=1 pLDDT=90.5 pTM=0.774 tol=0.437
2026-07-23 12:37:41,843 alphafold2_ptm_model_2_seed_043 recycle=2 pLDDT=90.1 pTM=0.773 tol=0.12
2026-07-23 12:38:06,803 alphafold2_ptm_model_2_seed_043 recycle=3 pLDDT=89.6 pTM=0.764 tol=0.0691
2026-07-23 12:38:06,805 alphafold2_ptm_model_2_seed_043 took 99.6s (3 recycles)
2026-07-23 12:38:31,868 alphafold2_ptm_model_3_seed_043 recycle=0 pLDDT=85.2 pTM=0.659
2026-07-23 12:38:57,223 alphafold2_ptm_model_3_seed_043 recycle=1 pLDDT=89.4 pTM=0.741 tol=0.66
2026-07-23 12:39:22,214 alphafold2_ptm_model_3_seed_043 recycle=2 pLDDT=90.6 pTM=0.765 tol=0.128
2026-07-23 12:39:47,027 alphafold2_ptm_model_3_seed_043 recycle=3 pLDDT=90.8 pTM=0.761 tol=0.0622
2026-07-23 12:39:47,027 alphafold2_ptm_model_3_seed_043 took 99.9s (3 recycles)
2026-07-23 12:40:12,947 alphafold2_ptm_model_4_seed_043 recycle=0 pLDDT=86.7 pTM=0.698
2026-07-23 12:40:37,538 alphafold2_ptm_model_4_seed_043 recycle=1 pLDDT=90 pTM=0.76 tol=0.525
2026-07-23 12:41:02,470 alphafold2_ptm_model_4_seed_043 recycle=2 pLDDT=90.2 pTM=0.765 tol=0.208
2026-07-23 12:41:27,353 alphafold2_ptm_model_4_seed_043 recycle=3 pLDDT=90.6 pTM=0.771 tol=0.0542
2026-07-23 12:41:27,356 alphafold2_ptm_model_4_seed_043 took 100.3s (3 recycles)
2026-07-23 12:41:52,247 alphafold2_ptm_model_5_seed_043 recycle=0 pLDDT=86.4 pTM=0.7
2026-07-23 12:42:17,063 alphafold2_ptm_model_5_seed_043 recycle=1 pLDDT=88.9 pTM=0.727 tol=0.55
2026-07-23 12:42:43,937 alphafold2_ptm_model_5_seed_043 recycle=2 pLDDT=89 pTM=0.727 tol=0.172
2026-07-23 12:43:11,336 alphafold2_ptm_model_5_seed_043 recycle=3 pLDDT=89 pTM=0.729 tol=0.0931
2026-07-23 12:43:11,337 alphafold2_ptm_model_5_seed_043 took 103.9s (3 recycles)
2026-07-23 12:43:38,905 alphafold2_ptm_model_1_seed_044 recycle=0 pLDDT=87.5 pTM=0.705
2026-07-23 12:44:04,546 alphafold2_ptm_model_1_seed_044 recycle=1 pLDDT=89.8 pTM=0.74 tol=0.338
2026-07-23 12:44:30,211 alphafold2_ptm_model_1_seed_044 recycle=2 pLDDT=90.2 pTM=0.755 tol=0.405
2026-07-23 12:44:55,901 alphafold2_ptm_model_1_seed_044 recycle=3 pLDDT=89.9 pTM=0.747 tol=0.0693
2026-07-23 12:44:55,902 alphafold2_ptm_model_1_seed_044 took 102.7s (3 recycles)
2026-07-23 12:45:21,495 alphafold2_ptm_model_2_seed_044 recycle=0 pLDDT=87.7 pTM=0.715
2026-07-23 12:45:47,225 alphafold2_ptm_model_2_seed_044 recycle=1 pLDDT=90.7 pTM=0.776 tol=0.459
2026-07-23 12:46:12,738 alphafold2_ptm_model_2_seed_044 recycle=2 pLDDT=90.2 pTM=0.772 tol=0.146
2026-07-23 12:46:38,497 alphafold2_ptm_model_2_seed_044 recycle=3 pLDDT=89.6 pTM=0.764 tol=0.0908
2026-07-23 12:46:38,498 alphafold2_ptm_model_2_seed_044 took 102.5s (3 recycles)
2026-07-23 12:47:04,379 alphafold2_ptm_model_3_seed_044 recycle=0 pLDDT=84.8 pTM=0.662
2026-07-23 12:47:30,043 alphafold2_ptm_model_3_seed_044 recycle=1 pLDDT=89.8 pTM=0.753 tol=0.659
2026-07-23 12:47:55,798 alphafold2_ptm_model_3_seed_044 recycle=2 pLDDT=90.9 pTM=0.768 tol=0.121
2026-07-23 12:48:20,129 alphafold2_ptm_model_3_seed_044 recycle=3 pLDDT=91 pTM=0.767 tol=0.0588
2026-07-23 12:48:20,133 alphafold2_ptm_model_3_seed_044 took 101.5s (3 recycles)
2026-07-23 12:48:44,416 alphafold2_ptm_model_4_seed_044 recycle=0 pLDDT=86.3 pTM=0.69
2026-07-23 12:49:08,801 alphafold2_ptm_model_4_seed_044 recycle=1 pLDDT=90.1 pTM=0.758 tol=0.52
2026-07-23 12:49:33,050 alphafold2_ptm_model_4_seed_044 recycle=2 pLDDT=90.1 pTM=0.763 tol=0.327
2026-07-23 12:49:56,608 alphafold2_ptm_model_4_seed_044 recycle=3 pLDDT=90.5 pTM=0.768 tol=0.062
2026-07-23 12:49:56,611 alphafold2_ptm_model_4_seed_044 took 96.4s (3 recycles)
2026-07-23 12:50:20,575 alphafold2_ptm_model_5_seed_044 recycle=0 pLDDT=86.3 pTM=0.699
2026-07-23 12:50:44,635 alphafold2_ptm_model_5_seed_044 recycle=1 pLDDT=89.1 pTM=0.734 tol=0.548
2026-07-23 12:51:08,239 alphafold2_ptm_model_5_seed_044 recycle=2 pLDDT=89 pTM=0.734 tol=0.161
2026-07-23 12:51:31,396 alphafold2_ptm_model_5_seed_044 recycle=3 pLDDT=88.7 pTM=0.734 tol=0.0539
2026-07-23 12:51:31,400 alphafold2_ptm_model_5_seed_044 took 94.7s (3 recycles)
2026-07-23 12:51:31,512 reranking models by 'plddt' metric
2026-07-23 12:51:31,513 rank_001_alphafold2_ptm_model_3_seed_044 pLDDT=91 pTM=0.767
2026-07-23 12:51:31,516 rank_002_alphafold2_ptm_model_3_seed_042 pLDDT=90.8 pTM=0.764
2026-07-23 12:51:31,520 rank_003_alphafold2_ptm_model_3_seed_043 pLDDT=90.8 pTM=0.761
2026-07-23 12:51:31,525 rank_004_alphafold2_ptm_model_4_seed_043 pLDDT=90.6 pTM=0.771
2026-07-23 12:51:31,528 rank_005_alphafold2_ptm_model_4_seed_042 pLDDT=90.6 pTM=0.771
2026-07-23 12:51:31,532 rank_006_alphafold2_ptm_model_4_seed_044 pLDDT=90.5 pTM=0.768
2026-07-23 12:51:31,534 rank_007_alphafold2_ptm_model_1_seed_044 pLDDT=89.9 pTM=0.747
2026-07-23 12:51:31,537 rank_008_alphafold2_ptm_model_1_seed_042 pLDDT=89.9 pTM=0.747
2026-07-23 12:51:31,539 rank_009_alphafold2_ptm_model_2_seed_042 pLDDT=89.8 pTM=0.768
2026-07-23 12:51:31,541 rank_010_alphafold2_ptm_model_1_seed_043 pLDDT=89.8 pTM=0.742
2026-07-23 12:51:31,543 rank_011_alphafold2_ptm_model_2_seed_044 pLDDT=89.6 pTM=0.764
2026-07-23 12:51:31,548 rank_012_alphafold2_ptm_model_2_seed_043 pLDDT=89.6 pTM=0.764
2026-07-23 12:51:31,551 rank_013_alphafold2_ptm_model_5_seed_043 pLDDT=89 pTM=0.729
2026-07-23 12:51:31,554 rank_014_alphafold2_ptm_model_5_seed_044 pLDDT=88.7 pTM=0.734
2026-07-23 12:51:31,556 rank_015_alphafold2_ptm_model_5_seed_042 pLDDT=88.6 pTM=0.735
2026-07-23 12:51:35,307 Query 65/723: 5KPE_2_6_1_0_combined_id8 (length 108)
2026-07-23 12:52:01,105 alphafold2_ptm_model_1_seed_042 recycle=0 pLDDT=88.8 pTM=0.728
2026-07-23 12:52:24,134 alphafold2_ptm_model_1_seed_042 recycle=1 pLDDT=91 pTM=0.781 tol=0.4
2026-07-23 12:52:47,534 alphafold2_ptm_model_1_seed_042 recycle=2 pLDDT=91.1 pTM=0.777 tol=0.174
2026-07-23 12:53:10,897 alphafold2_ptm_model_1_seed_042 recycle=3 pLDDT=91.2 pTM=0.775 tol=0.063
2026-07-23 12:53:10,899 alphafold2_ptm_model_1_seed_042 took 93.1s (3 recycles)
2026-07-23 12:53:34,391 alphafold2_ptm_model_2_seed_042 recycle=0 pLDDT=89.4 pTM=0.745
2026-07-23 12:53:57,838 alphafold2_ptm_model_2_seed_042 recycle=1 pLDDT=92.6 pTM=0.815 tol=0.433
2026-07-23 12:54:28,922 alphafold2_ptm_model_2_seed_042 recycle=2 pLDDT=91.9 pTM=0.791 tol=0.153
2026-07-23 12:54:53,877 alphafold2_ptm_model_2_seed_042 recycle=3 pLDDT=92.3 pTM=0.803 tol=0.0845
2026-07-23 12:54:53,878 alphafold2_ptm_model_2_seed_042 took 102.9s (3 recycles)
2026-07-23 12:55:18,397 alphafold2_ptm_model_3_seed_042 recycle=0 pLDDT=88.3 pTM=0.728
2026-07-23 12:55:42,451 alphafold2_ptm_model_3_seed_042 recycle=1 pLDDT=91.8 pTM=0.799 tol=0.305
2026-07-23 12:56:07,079 alphafold2_ptm_model_3_seed_042 recycle=2 pLDDT=92 pTM=0.804 tol=0.11
2026-07-23 12:56:30,864 alphafold2_ptm_model_3_seed_042 recycle=3 pLDDT=92.2 pTM=0.803 tol=0.0624
2026-07-23 12:56:30,865 alphafold2_ptm_model_3_seed_042 took 96.9s (3 recycles)
2026-07-23 12:56:55,266 alphafold2_ptm_model_4_seed_042 recycle=0 pLDDT=88.9 pTM=0.765
2026-07-23 12:57:22,930 alphafold2_ptm_model_4_seed_042 recycle=1 pLDDT=90.5 pTM=0.786 tol=0.364
2026-07-23 12:57:48,085 alphafold2_ptm_model_4_seed_042 recycle=2 pLDDT=89.8 pTM=0.765 tol=0.136
2026-07-23 12:58:13,384 alphafold2_ptm_model_4_seed_042 recycle=3 pLDDT=89.9 pTM=0.768 tol=0.0604
2026-07-23 12:58:13,385 alphafold2_ptm_model_4_seed_042 took 102.4s (3 recycles)
2026-07-23 12:58:39,251 alphafold2_ptm_model_5_seed_042 recycle=0 pLDDT=87.9 pTM=0.723
2026-07-23 12:59:04,908 alphafold2_ptm_model_5_seed_042 recycle=1 pLDDT=90.6 pTM=0.761 tol=0.656
2026-07-23 12:59:29,526 alphafold2_ptm_model_5_seed_042 recycle=2 pLDDT=90.2 pTM=0.74 tol=0.11
2026-07-23 12:59:53,283 alphafold2_ptm_model_5_seed_042 recycle=3 pLDDT=90.4 pTM=0.74 tol=0.0406
2026-07-23 12:59:53,284 alphafold2_ptm_model_5_seed_042 took 99.8s (3 recycles)
2026-07-23 13:00:18,714 alphafold2_ptm_model_1_seed_043 recycle=0 pLDDT=88.7 pTM=0.724
2026-07-23 13:00:42,282 alphafold2_ptm_model_1_seed_043 recycle=1 pLDDT=90.9 pTM=0.776 tol=0.379
2026-07-23 13:01:06,331 alphafold2_ptm_model_1_seed_043 recycle=2 pLDDT=91.1 pTM=0.776 tol=0.162
2026-07-23 13:01:30,179 alphafold2_ptm_model_1_seed_043 recycle=3 pLDDT=91.3 pTM=0.775 tol=0.0485
2026-07-23 13:01:30,182 alphafold2_ptm_model_1_seed_043 took 95.4s (3 recycles)
2026-07-23 13:01:54,157 alphafold2_ptm_model_2_seed_043 recycle=0 pLDDT=90.2 pTM=0.76
2026-07-23 13:02:18,202 alphafold2_ptm_model_2_seed_043 recycle=1 pLDDT=92.4 pTM=0.808 tol=0.322
2026-07-23 13:02:42,474 alphafold2_ptm_model_2_seed_043 recycle=2 pLDDT=91.9 pTM=0.791 tol=0.109
2026-07-23 13:03:06,799 alphafold2_ptm_model_2_seed_043 recycle=3 pLDDT=92.1 pTM=0.798 tol=0.0444
2026-07-23 13:03:06,799 alphafold2_ptm_model_2_seed_043 took 96.5s (3 recycles)
2026-07-23 13:03:30,573 alphafold2_ptm_model_3_seed_043 recycle=0 pLDDT=88.7 pTM=0.736
2026-07-23 13:03:53,978 alphafold2_ptm_model_3_seed_043 recycle=1 pLDDT=91.6 pTM=0.794 tol=0.318
2026-07-23 13:04:18,035 alphafold2_ptm_model_3_seed_043 recycle=2 pLDDT=91.9 pTM=0.803 tol=0.118
2026-07-23 13:04:42,289 alphafold2_ptm_model_3_seed_043 recycle=3 pLDDT=92.2 pTM=0.802 tol=0.0678
2026-07-23 13:04:42,290 alphafold2_ptm_model_3_seed_043 took 95.4s (3 recycles)
2026-07-23 13:05:06,230 alphafold2_ptm_model_4_seed_043 recycle=0 pLDDT=89 pTM=0.766
2026-07-23 13:05:29,374 alphafold2_ptm_model_4_seed_043 recycle=1 pLDDT=90.4 pTM=0.785 tol=0.366
2026-07-23 13:05:52,523 alphafold2_ptm_model_4_seed_043 recycle=2 pLDDT=89.9 pTM=0.766 tol=0.135
2026-07-23 13:06:15,641 alphafold2_ptm_model_4_seed_043 recycle=3 pLDDT=89.9 pTM=0.767 tol=0.0575
2026-07-23 13:06:15,642 alphafold2_ptm_model_4_seed_043 took 93.3s (3 recycles)
2026-07-23 13:06:39,042 alphafold2_ptm_model_5_seed_043 recycle=0 pLDDT=88.8 pTM=0.738
2026-07-23 13:07:02,466 alphafold2_ptm_model_5_seed_043 recycle=1 pLDDT=90.8 pTM=0.767 tol=0.618
2026-07-23 13:07:25,709 alphafold2_ptm_model_5_seed_043 recycle=2 pLDDT=90.3 pTM=0.742 tol=0.108
2026-07-23 13:07:48,980 alphafold2_ptm_model_5_seed_043 recycle=3 pLDDT=90.4 pTM=0.74 tol=0.051
2026-07-23 13:07:48,981 alphafold2_ptm_model_5_seed_043 took 93.2s (3 recycles)
2026-07-23 13:08:13,824 alphafold2_ptm_model_1_seed_044 recycle=0 pLDDT=88.2 pTM=0.712
2026-07-23 13:08:36,975 alphafold2_ptm_model_1_seed_044 recycle=1 pLDDT=91.1 pTM=0.781 tol=0.39
2026-07-23 13:09:01,073 alphafold2_ptm_model_1_seed_044 recycle=2 pLDDT=91.2 pTM=0.778 tol=0.144
2026-07-23 13:09:23,864 alphafold2_ptm_model_1_seed_044 recycle=3 pLDDT=91.4 pTM=0.778 tol=0.0514
2026-07-23 13:09:23,865 alphafold2_ptm_model_1_seed_044 took 93.6s (3 recycles)
2026-07-23 13:09:47,307 alphafold2_ptm_model_2_seed_044 recycle=0 pLDDT=90.2 pTM=0.758
2026-07-23 13:10:11,564 alphafold2_ptm_model_2_seed_044 recycle=1 pLDDT=92.4 pTM=0.807 tol=0.254
2026-07-23 13:10:35,362 alphafold2_ptm_model_2_seed_044 recycle=2 pLDDT=91.9 pTM=0.792 tol=0.104
2026-07-23 13:10:59,692 alphafold2_ptm_model_2_seed_044 recycle=3 pLDDT=92.2 pTM=0.801 tol=0.0388
2026-07-23 13:10:59,692 alphafold2_ptm_model_2_seed_044 took 95.7s (3 recycles)
2026-07-23 13:11:23,365 alphafold2_ptm_model_3_seed_044 recycle=0 pLDDT=88.4 pTM=0.728
2026-07-23 13:11:46,743 alphafold2_ptm_model_3_seed_044 recycle=1 pLDDT=91.8 pTM=0.799 tol=0.307
2026-07-23 13:12:09,738 alphafold2_ptm_model_3_seed_044 recycle=2 pLDDT=92 pTM=0.803 tol=0.107
2026-07-23 13:12:33,100 alphafold2_ptm_model_3_seed_044 recycle=3 pLDDT=92.2 pTM=0.803 tol=0.0591
2026-07-23 13:12:33,101 alphafold2_ptm_model_3_seed_044 took 93.3s (3 recycles)
2026-07-23 13:12:57,142 alphafold2_ptm_model_4_seed_044 recycle=0 pLDDT=88.6 pTM=0.759
2026-07-23 13:13:20,859 alphafold2_ptm_model_4_seed_044 recycle=1 pLDDT=90.5 pTM=0.785 tol=0.379
2026-07-23 13:13:44,407 alphafold2_ptm_model_4_seed_044 recycle=2 pLDDT=89.9 pTM=0.768 tol=0.121
2026-07-23 13:14:08,407 alphafold2_ptm_model_4_seed_044 recycle=3 pLDDT=90 pTM=0.768 tol=0.0645
2026-07-23 13:14:08,412 alphafold2_ptm_model_4_seed_044 took 95.1s (3 recycles)
2026-07-23 13:14:36,295 alphafold2_ptm_model_5_seed_044 recycle=0 pLDDT=88.5 pTM=0.729
2026-07-23 13:15:00,176 alphafold2_ptm_model_5_seed_044 recycle=1 pLDDT=90.7 pTM=0.763 tol=0.605
2026-07-23 13:15:24,243 alphafold2_ptm_model_5_seed_044 recycle=2 pLDDT=90.3 pTM=0.741 tol=0.104
2026-07-23 13:15:48,308 alphafold2_ptm_model_5_seed_044 recycle=3 pLDDT=90.4 pTM=0.741 tol=0.0535
2026-07-23 13:15:48,317 alphafold2_ptm_model_5_seed_044 took 99.8s (3 recycles)
2026-07-23 13:15:48,433 reranking models by 'plddt' metric
2026-07-23 13:15:48,433 rank_001_alphafold2_ptm_model_2_seed_042 pLDDT=92.3 pTM=0.803
2026-07-23 13:15:48,436 rank_002_alphafold2_ptm_model_3_seed_044 pLDDT=92.2 pTM=0.803
2026-07-23 13:15:48,439 rank_003_alphafold2_ptm_model_2_seed_044 pLDDT=92.2 pTM=0.801
2026-07-23 13:15:48,441 rank_004_alphafold2_ptm_model_3_seed_043 pLDDT=92.2 pTM=0.802
2026-07-23 13:15:48,444 rank_005_alphafold2_ptm_model_3_seed_042 pLDDT=92.2 pTM=0.803
2026-07-23 13:15:48,447 rank_006_alphafold2_ptm_model_2_seed_043 pLDDT=92.1 pTM=0.798
2026-07-23 13:15:48,449 rank_007_alphafold2_ptm_model_1_seed_044 pLDDT=91.4 pTM=0.778
2026-07-23 13:15:48,451 rank_008_alphafold2_ptm_model_1_seed_043 pLDDT=91.3 pTM=0.775
2026-07-23 13:15:48,453 rank_009_alphafold2_ptm_model_1_seed_042 pLDDT=91.2 pTM=0.775
2026-07-23 13:15:48,455 rank_010_alphafold2_ptm_model_5_seed_043 pLDDT=90.4 pTM=0.74
2026-07-23 13:15:48,456 rank_011_alphafold2_ptm_model_5_seed_044 pLDDT=90.4 pTM=0.741
2026-07-23 13:15:48,458 rank_012_alphafold2_ptm_model_5_seed_042 pLDDT=90.4 pTM=0.74
2026-07-23 13:15:48,460 rank_013_alphafold2_ptm_model_4_seed_044 pLDDT=90 pTM=0.768
2026-07-23 13:15:48,462 rank_014_alphafold2_ptm_model_4_seed_043 pLDDT=89.9 pTM=0.767
2026-07-23 13:15:48,464 rank_015_alphafold2_ptm_model_4_seed_042 pLDDT=89.9 pTM=0.768
2026-07-23 13:15:52,307 Query 66/723: 5KPE_2_6_1_0_combined_id0 (length 108)
2026-07-23 13:16:18,287 alphafold2_ptm_model_1_seed_042 recycle=0 pLDDT=84.1 pTM=0.676
2026-07-23 13:16:41,894 alphafold2_ptm_model_1_seed_042 recycle=1 pLDDT=89.2 pTM=0.741 tol=0.648
2026-07-23 13:17:06,000 alphafold2_ptm_model_1_seed_042 recycle=2 pLDDT=88.1 pTM=0.733 tol=0.198
2026-07-23 13:17:29,412 alphafold2_ptm_model_1_seed_042 recycle=3 pLDDT=88.1 pTM=0.727 tol=0.128
2026-07-23 13:17:29,419 alphafold2_ptm_model_1_seed_042 took 94.8s (3 recycles)
2026-07-23 13:17:52,844 alphafold2_ptm_model_2_seed_042 recycle=0 pLDDT=83.1 pTM=0.663
2026-07-23 13:18:16,482 alphafold2_ptm_model_2_seed_042 recycle=1 pLDDT=88.8 pTM=0.754 tol=0.733
2026-07-23 13:18:40,524 alphafold2_ptm_model_2_seed_042 recycle=2 pLDDT=89.5 pTM=0.758 tol=0.255
2026-07-23 13:19:04,468 alphafold2_ptm_model_2_seed_042 recycle=3 pLDDT=89.8 pTM=0.76 tol=0.131
2026-07-23 13:19:04,469 alphafold2_ptm_model_2_seed_042 took 95.0s (3 recycles)
2026-07-23 13:19:28,231 alphafold2_ptm_model_3_seed_042 recycle=0 pLDDT=73.7 pTM=0.565
2026-07-23 13:19:52,162 alphafold2_ptm_model_3_seed_042 recycle=1 pLDDT=88.7 pTM=0.733 tol=0.744
2026-07-23 13:20:16,071 alphafold2_ptm_model_3_seed_042 recycle=2 pLDDT=88.8 pTM=0.732 tol=0.111
2026-07-23 13:20:40,295 alphafold2_ptm_model_3_seed_042 recycle=3 pLDDT=89.1 pTM=0.742 tol=0.0711
2026-07-23 13:20:40,300 alphafold2_ptm_model_3_seed_042 took 95.8s (3 recycles)
2026-07-23 13:21:04,957 alphafold2_ptm_model_4_seed_042 recycle=0 pLDDT=70.8 pTM=0.553
2026-07-23 13:21:28,820 alphafold2_ptm_model_4_seed_042 recycle=1 pLDDT=89.5 pTM=0.758 tol=1.22
2026-07-23 13:21:52,892 alphafold2_ptm_model_4_seed_042 recycle=2 pLDDT=88.6 pTM=0.754 tol=0.117
2026-07-23 13:22:17,225 alphafold2_ptm_model_4_seed_042 recycle=3 pLDDT=88.5 pTM=0.75 tol=0.0934
2026-07-23 13:22:17,227 alphafold2_ptm_model_4_seed_042 took 96.9s (3 recycles)
2026-07-23 13:22:41,985 alphafold2_ptm_model_5_seed_042 recycle=0 pLDDT=82.2 pTM=0.663
2026-07-23 13:23:06,171 alphafold2_ptm_model_5_seed_042 recycle=1 pLDDT=90.1 pTM=0.745 tol=0.805
2026-07-23 13:23:30,577 alphafold2_ptm_model_5_seed_042 recycle=2 pLDDT=88.9 pTM=0.722 tol=0.105
2026-07-23 13:23:54,856 alphafold2_ptm_model_5_seed_042 recycle=3 pLDDT=88.9 pTM=0.72 tol=0.0634
2026-07-23 13:23:54,860 alphafold2_ptm_model_5_seed_042 took 97.6s (3 recycles)
2026-07-23 13:24:20,301 alphafold2_ptm_model_1_seed_043 recycle=0 pLDDT=85 pTM=0.693
2026-07-23 13:24:43,996 alphafold2_ptm_model_1_seed_043 recycle=1 pLDDT=89.6 pTM=0.744 tol=0.564
2026-07-23 13:25:08,261 alphafold2_ptm_model_1_seed_043 recycle=2 pLDDT=88.5 pTM=0.738 tol=0.187
2026-07-23 13:25:45,950 alphafold2_ptm_model_1_seed_043 recycle=3 pLDDT=88.1 pTM=0.725 tol=0.151
2026-07-23 13:25:45,953 alphafold2_ptm_model_1_seed_043 took 109.9s (3 recycles)
2026-07-23 13:26:12,112 alphafold2_ptm_model_2_seed_043 recycle=0 pLDDT=82.4 pTM=0.635
2026-07-23 13:26:37,803 alphafold2_ptm_model_2_seed_043 recycle=1 pLDDT=90.1 pTM=0.767 tol=0.757
2026-07-23 13:27:03,219 alphafold2_ptm_model_2_seed_043 recycle=2 pLDDT=90.1 pTM=0.764 tol=0.138
2026-07-23 13:27:28,741 alphafold2_ptm_model_2_seed_043 recycle=3 pLDDT=90.1 pTM=0.763 tol=0.112
2026-07-23 13:27:28,746 alphafold2_ptm_model_2_seed_043 took 102.7s (3 recycles)
2026-07-23 13:27:54,216 alphafold2_ptm_model_3_seed_043 recycle=0 pLDDT=66.2 pTM=0.508
2026-07-23 13:28:19,316 alphafold2_ptm_model_3_seed_043 recycle=1 pLDDT=87.7 pTM=0.728 tol=6.95
2026-07-23 13:28:45,150 alphafold2_ptm_model_3_seed_043 recycle=2 pLDDT=88.9 pTM=0.73 tol=0.257
2026-07-23 13:29:09,132 alphafold2_ptm_model_3_seed_043 recycle=3 pLDDT=89.1 pTM=0.734 tol=0.119
2026-07-23 13:29:09,132 alphafold2_ptm_model_3_seed_043 took 100.3s (3 recycles)
2026-07-23 13:29:33,826 alphafold2_ptm_model_4_seed_043 recycle=0 pLDDT=58.8 pTM=0.513
2026-07-23 13:29:57,800 alphafold2_ptm_model_4_seed_043 recycle=1 pLDDT=89 pTM=0.758 tol=6.75
2026-07-23 13:30:21,753 alphafold2_ptm_model_4_seed_043 recycle=2 pLDDT=88 pTM=0.744 tol=0.221
2026-07-23 13:30:46,130 alphafold2_ptm_model_4_seed_043 recycle=3 pLDDT=87.9 pTM=0.741 tol=0.0774
2026-07-23 13:30:46,131 alphafold2_ptm_model_4_seed_043 took 96.9s (3 recycles)
2026-07-23 13:31:10,383 alphafold2_ptm_model_5_seed_043 recycle=0 pLDDT=76.2 pTM=0.625
2026-07-23 13:31:34,969 alphafold2_ptm_model_5_seed_043 recycle=1 pLDDT=89.9 pTM=0.744 tol=1.03
2026-07-23 13:31:59,699 alphafold2_ptm_model_5_seed_043 recycle=2 pLDDT=88.7 pTM=0.719 tol=0.147
2026-07-23 13:32:24,226 alphafold2_ptm_model_5_seed_043 recycle=3 pLDDT=88.8 pTM=0.715 tol=0.0523
2026-07-23 13:32:24,227 alphafold2_ptm_model_5_seed_043 took 98.0s (3 recycles)
2026-07-23 13:32:50,515 alphafold2_ptm_model_1_seed_044 recycle=0 pLDDT=84.5 pTM=0.674
2026-07-23 13:33:14,654 alphafold2_ptm_model_1_seed_044 recycle=1 pLDDT=89.2 pTM=0.736 tol=0.574
2026-07-23 13:33:38,485 alphafold2_ptm_model_1_seed_044 recycle=2 pLDDT=88.2 pTM=0.73 tol=0.149
2026-07-23 13:34:02,582 alphafold2_ptm_model_1_seed_044 recycle=3 pLDDT=88 pTM=0.724 tol=0.138
2026-07-23 13:34:02,582 alphafold2_ptm_model_1_seed_044 took 97.0s (3 recycles)
2026-07-23 13:34:26,159 alphafold2_ptm_model_2_seed_044 recycle=0 pLDDT=83.4 pTM=0.668
2026-07-23 13:34:49,847 alphafold2_ptm_model_2_seed_044 recycle=1 pLDDT=88.9 pTM=0.757 tol=0.831
2026-07-23 13:35:12,862 alphafold2_ptm_model_2_seed_044 recycle=2 pLDDT=89.9 pTM=0.763 tol=0.293
2026-07-23 13:35:37,117 alphafold2_ptm_model_2_seed_044 recycle=3 pLDDT=90.1 pTM=0.763 tol=0.135
2026-07-23 13:35:37,118 alphafold2_ptm_model_2_seed_044 took 94.3s (3 recycles)
2026-07-23 13:36:00,897 alphafold2_ptm_model_3_seed_044 recycle=0 pLDDT=61.1 pTM=0.495
2026-07-23 13:36:24,891 alphafold2_ptm_model_3_seed_044 recycle=1 pLDDT=88.4 pTM=0.739 tol=7.21
2026-07-23 13:36:48,582 alphafold2_ptm_model_3_seed_044 recycle=2 pLDDT=89.4 pTM=0.741 tol=0.286
2026-07-23 13:37:12,274 alphafold2_ptm_model_3_seed_044 recycle=3 pLDDT=89.5 pTM=0.742 tol=0.111
2026-07-23 13:37:12,275 alphafold2_ptm_model_3_seed_044 took 95.1s (3 recycles)
2026-07-23 13:37:36,755 alphafold2_ptm_model_4_seed_044 recycle=0 pLDDT=79.8 pTM=0.619
2026-07-23 13:38:01,199 alphafold2_ptm_model_4_seed_044 recycle=1 pLDDT=89.4 pTM=0.757 tol=0.81
2026-07-23 13:38:25,521 alphafold2_ptm_model_4_seed_044 recycle=2 pLDDT=88.8 pTM=0.756 tol=0.163
2026-07-23 13:38:49,749 alphafold2_ptm_model_4_seed_044 recycle=3 pLDDT=88.5 pTM=0.75 tol=0.0778
2026-07-23 13:38:49,750 alphafold2_ptm_model_4_seed_044 took 97.4s (3 recycles)
2026-07-23 13:39:14,514 alphafold2_ptm_model_5_seed_044 recycle=0 pLDDT=83 pTM=0.671
2026-07-23 13:39:38,390 alphafold2_ptm_model_5_seed_044 recycle=1 pLDDT=90.2 pTM=0.746 tol=0.792
2026-07-23 13:40:01,501 alphafold2_ptm_model_5_seed_044 recycle=2 pLDDT=89 pTM=0.723 tol=0.104
2026-07-23 13:40:25,107 alphafold2_ptm_model_5_seed_044 recycle=3 pLDDT=88.9 pTM=0.719 tol=0.0567
2026-07-23 13:40:25,108 alphafold2_ptm_model_5_seed_044 took 95.3s (3 recycles)
2026-07-23 13:40:25,370 reranking models by 'plddt' metric
2026-07-23 13:40:25,370 rank_001_alphafold2_ptm_model_2_seed_044 pLDDT=90.1 pTM=0.763
2026-07-23 13:40:25,373 rank_002_alphafold2_ptm_model_2_seed_043 pLDDT=90.1 pTM=0.763
2026-07-23 13:40:25,377 rank_003_alphafold2_ptm_model_2_seed_042 pLDDT=89.8 pTM=0.76
2026-07-23 13:40:25,381 rank_004_alphafold2_ptm_model_3_seed_044 pLDDT=89.5 pTM=0.742
2026-07-23 13:40:25,383 rank_005_alphafold2_ptm_model_3_seed_043 pLDDT=89.1 pTM=0.734
2026-07-23 13:40:25,386 rank_006_alphafold2_ptm_model_3_seed_042 pLDDT=89.1 pTM=0.742
2026-07-23 13:40:25,390 rank_007_alphafold2_ptm_model_5_seed_044 pLDDT=88.9 pTM=0.719
2026-07-23 13:40:25,392 rank_008_alphafold2_ptm_model_5_seed_042 pLDDT=88.9 pTM=0.72
2026-07-23 13:40:25,394 rank_009_alphafold2_ptm_model_5_seed_043 pLDDT=88.8 pTM=0.715
2026-07-23 13:40:25,397 rank_010_alphafold2_ptm_model_4_seed_044 pLDDT=88.5 pTM=0.75
2026-07-23 13:40:25,399 rank_011_alphafold2_ptm_model_4_seed_042 pLDDT=88.5 pTM=0.75
2026-07-23 13:40:25,401 rank_012_alphafold2_ptm_model_1_seed_042 pLDDT=88.1 pTM=0.727
2026-07-23 13:40:25,403 rank_013_alphafold2_ptm_model_1_seed_043 pLDDT=88.1 pTM=0.725
2026-07-23 13:40:25,405 rank_014_alphafold2_ptm_model_1_seed_044 pLDDT=88 pTM=0.724
2026-07-23 13:40:25,406 rank_015_alphafold2_ptm_model_4_seed_043 pLDDT=87.9 pTM=0.741
2026-07-23 13:40:28,630 Skipping 5KPE_2_6_1_0_combined_id1 (already done)
2026-07-23 13:40:28,632 Skipping 5KPE_2_6_1_0_combined_id2 (already done)
2026-07-23 13:40:28,632 Skipping 5KPE_2_6_1_0_combined_id3 (already done)
2026-07-23 13:40:28,635 Skipping 5KPE_2_6_1_0_combined_id4 (already done)
2026-07-23 13:40:28,636 Skipping 5KPE_2_6_1_0_combined_id5 (already done)
2026-07-23 13:40:28,637 Skipping 5KPE_2_6_1_0_combined_id6 (already done)
2026-07-23 13:40:28,639 Skipping 5KPE_2_6_1_0_combined_id7 (already done)
2026-07-23 13:40:28,640 Skipping 5KPE_2_6_1_0_combined_id8 (already done)
2026-07-23 13:40:28,640 Query 75/723: 5KPE_2_6_1_0_combined_id9 (length 108)
2026-07-23 13:40:54,022 alphafold2_ptm_model_1_seed_042 recycle=0 pLDDT=67 pTM=0.572
2026-07-23 13:41:17,525 alphafold2_ptm_model_1_seed_042 recycle=1 pLDDT=85.1 pTM=0.687 tol=2.02
2026-07-23 13:41:41,006 alphafold2_ptm_model_1_seed_042 recycle=2 pLDDT=87.2 pTM=0.695 tol=0.352
2026-07-23 13:42:04,147 alphafold2_ptm_model_1_seed_042 recycle=3 pLDDT=87.4 pTM=0.682 tol=0.384
2026-07-23 13:42:04,148 alphafold2_ptm_model_1_seed_042 took 93.3s (3 recycles)
2026-07-23 13:42:27,371 alphafold2_ptm_model_2_seed_042 recycle=0 pLDDT=63.6 pTM=0.525
2026-07-23 13:42:50,576 alphafold2_ptm_model_2_seed_042 recycle=1 pLDDT=87.2 pTM=0.721 tol=2.39
2026-07-23 13:43:13,827 alphafold2_ptm_model_2_seed_042 recycle=2 pLDDT=87.8 pTM=0.712 tol=0.558
2026-07-23 13:43:37,232 alphafold2_ptm_model_2_seed_042 recycle=3 pLDDT=87.9 pTM=0.703 tol=0.457
2026-07-23 13:43:37,232 alphafold2_ptm_model_2_seed_042 took 92.8s (3 recycles)
2026-07-23 13:44:00,460 alphafold2_ptm_model_3_seed_042 recycle=0 pLDDT=62.9 pTM=0.482
2026-07-23 13:44:23,435 alphafold2_ptm_model_3_seed_042 recycle=1 pLDDT=66.1 pTM=0.502 tol=2.85
2026-07-23 13:44:46,998 alphafold2_ptm_model_3_seed_042 recycle=2 pLDDT=85.1 pTM=0.675 tol=4.53
2026-07-23 13:45:10,319 alphafold2_ptm_model_3_seed_042 recycle=3 pLDDT=87.8 pTM=0.689 tol=0.442
2026-07-23 13:45:10,320 alphafold2_ptm_model_3_seed_042 took 93.0s (3 recycles)
2026-07-23 13:45:36,875 alphafold2_ptm_model_4_seed_042 recycle=0 pLDDT=70.4 pTM=0.541
2026-07-23 13:46:01,347 alphafold2_ptm_model_4_seed_042 recycle=1 pLDDT=86.8 pTM=0.706 tol=1.17
2026-07-23 13:46:25,876 alphafold2_ptm_model_4_seed_042 recycle=2 pLDDT=87.8 pTM=0.702 tol=0.236
2026-07-23 13:46:49,759 alphafold2_ptm_model_4_seed_042 recycle=3 pLDDT=87.8 pTM=0.696 tol=0.123
2026-07-23 13:46:49,759 alphafold2_ptm_model_4_seed_042 took 99.3s (3 recycles)
2026-07-23 13:47:13,782 alphafold2_ptm_model_5_seed_042 recycle=0 pLDDT=77.1 pTM=0.558
2026-07-23 13:47:37,545 alphafold2_ptm_model_5_seed_042 recycle=1 pLDDT=87.4 pTM=0.689 tol=1.08
2026-07-23 13:48:00,609 alphafold2_ptm_model_5_seed_042 recycle=2 pLDDT=88 pTM=0.689 tol=0.168
2026-07-23 13:48:23,792 alphafold2_ptm_model_5_seed_042 recycle=3 pLDDT=88.2 pTM=0.69 tol=0.133
2026-07-23 13:48:23,793 alphafold2_ptm_model_5_seed_042 took 93.9s (3 recycles)
2026-07-23 13:48:48,623 alphafold2_ptm_model_1_seed_043 recycle=0 pLDDT=84.2 pTM=0.685
2026-07-23 13:49:12,232 alphafold2_ptm_model_1_seed_043 recycle=1 pLDDT=87.1 pTM=0.697 tol=0.759
2026-07-23 13:49:36,128 alphafold2_ptm_model_1_seed_043 recycle=2 pLDDT=88.5 pTM=0.701 tol=0.283
2026-07-23 13:49:59,695 alphafold2_ptm_model_1_seed_043 recycle=3 pLDDT=88.9 pTM=0.707 tol=0.13
2026-07-23 13:49:59,696 alphafold2_ptm_model_1_seed_043 took 94.6s (3 recycles)
2026-07-23 13:50:23,080 alphafold2_ptm_model_2_seed_043 recycle=0 pLDDT=63.7 pTM=0.521
2026-07-23 13:50:46,557 alphafold2_ptm_model_2_seed_043 recycle=1 pLDDT=88.3 pTM=0.736 tol=2.38
2026-07-23 13:51:10,131 alphafold2_ptm_model_2_seed_043 recycle=2 pLDDT=88.4 pTM=0.723 tol=0.525
2026-07-23 13:51:33,573 alphafold2_ptm_model_2_seed_043 recycle=3 pLDDT=88.1 pTM=0.71 tol=0.424
2026-07-23 13:51:33,575 alphafold2_ptm_model_2_seed_043 took 93.8s (3 recycles)
2026-07-23 13:51:56,662 alphafold2_ptm_model_3_seed_043 recycle=0 pLDDT=61.7 pTM=0.474
2026-07-23 13:52:19,622 alphafold2_ptm_model_3_seed_043 recycle=1 pLDDT=64.9 pTM=0.501 tol=2.78
2026-07-23 13:52:42,619 alphafold2_ptm_model_3_seed_043 recycle=2 pLDDT=85.1 pTM=0.675 tol=4.49
2026-07-23 13:53:05,896 alphafold2_ptm_model_3_seed_043 recycle=3 pLDDT=87.8 pTM=0.691 tol=0.483
2026-07-23 13:53:05,902 alphafold2_ptm_model_3_seed_043 took 92.3s (3 recycles)
2026-07-23 13:53:29,415 alphafold2_ptm_model_4_seed_043 recycle=0 pLDDT=71.4 pTM=0.552
2026-07-23 13:53:54,497 alphafold2_ptm_model_4_seed_043 recycle=1 pLDDT=86.9 pTM=0.707 tol=1.11
2026-07-23 13:54:19,202 alphafold2_ptm_model_4_seed_043 recycle=2 pLDDT=87.8 pTM=0.701 tol=0.215
2026-07-23 13:54:42,891 alphafold2_ptm_model_4_seed_043 recycle=3 pLDDT=87.9 pTM=0.696 tol=0.144
2026-07-23 13:54:42,892 alphafold2_ptm_model_4_seed_043 took 96.9s (3 recycles)
2026-07-23 13:55:06,543 alphafold2_ptm_model_5_seed_043 recycle=0 pLDDT=70.8 pTM=0.507
2026-07-23 13:55:30,252 alphafold2_ptm_model_5_seed_043 recycle=1 pLDDT=87.8 pTM=0.708 tol=1.5
2026-07-23 13:55:53,857 alphafold2_ptm_model_5_seed_043 recycle=2 pLDDT=87.8 pTM=0.699 tol=0.245
2026-07-23 13:56:17,353 alphafold2_ptm_model_5_seed_043 recycle=3 pLDDT=88.2 pTM=0.7 tol=0.149
2026-07-23 13:56:17,355 alphafold2_ptm_model_5_seed_043 took 94.3s (3 recycles)
2026-07-23 13:56:42,144 alphafold2_ptm_model_1_seed_044 recycle=0 pLDDT=68.6 pTM=0.578
2026-07-23 13:57:05,682 alphafold2_ptm_model_1_seed_044 recycle=1 pLDDT=85.5 pTM=0.689 tol=2.08
2026-07-23 13:57:29,192 alphafold2_ptm_model_1_seed_044 recycle=2 pLDDT=87.2 pTM=0.695 tol=0.353
2026-07-23 13:57:52,571 alphafold2_ptm_model_1_seed_044 recycle=3 pLDDT=87.5 pTM=0.681 tol=0.371
2026-07-23 13:57:52,571 alphafold2_ptm_model_1_seed_044 took 94.0s (3 recycles)
2026-07-23 13:58:16,084 alphafold2_ptm_model_2_seed_044 recycle=0 pLDDT=62.1 pTM=0.514
2026-07-23 13:58:40,109 alphafold2_ptm_model_2_seed_044 recycle=1 pLDDT=88.4 pTM=0.737 tol=2.69
2026-07-23 13:59:05,372 alphafold2_ptm_model_2_seed_044 recycle=2 pLDDT=88.2 pTM=0.718 tol=0.557
2026-07-23 13:59:29,225 alphafold2_ptm_model_2_seed_044 recycle=3 pLDDT=88.1 pTM=0.707 tol=0.432
2026-07-23 13:59:29,226 alphafold2_ptm_model_2_seed_044 took 96.6s (3 recycles)
2026-07-23 13:59:52,447 alphafold2_ptm_model_3_seed_044 recycle=0 pLDDT=63.6 pTM=0.48
2026-07-23 14:00:16,021 alphafold2_ptm_model_3_seed_044 recycle=1 pLDDT=65.8 pTM=0.506 tol=2.83
2026-07-23 14:00:39,494 alphafold2_ptm_model_3_seed_044 recycle=2 pLDDT=83.3 pTM=0.656 tol=4.51
2026-07-23 14:01:03,226 alphafold2_ptm_model_3_seed_044 recycle=3 pLDDT=87.6 pTM=0.686 tol=0.51
2026-07-23 14:01:03,229 alphafold2_ptm_model_3_seed_044 took 93.9s (3 recycles)
2026-07-23 14:01:30,432 alphafold2_ptm_model_4_seed_044 recycle=0 pLDDT=69.5 pTM=0.532
2026-07-23 14:01:53,803 alphafold2_ptm_model_4_seed_044 recycle=1 pLDDT=87.1 pTM=0.712 tol=1.31
2026-07-23 14:02:17,529 alphafold2_ptm_model_4_seed_044 recycle=2 pLDDT=87.9 pTM=0.707 tol=0.229
2026-07-23 14:02:41,899 alphafold2_ptm_model_4_seed_044 recycle=3 pLDDT=88 pTM=0.699 tol=0.135
2026-07-23 14:02:41,900 alphafold2_ptm_model_4_seed_044 took 98.6s (3 recycles)
2026-07-23 14:03:06,860 alphafold2_ptm_model_5_seed_044 recycle=0 pLDDT=73 pTM=0.515
2026-07-23 14:03:32,117 alphafold2_ptm_model_5_seed_044 recycle=1 pLDDT=87.8 pTM=0.702 tol=1.28
2026-07-23 14:03:57,348 alphafold2_ptm_model_5_seed_044 recycle=2 pLDDT=88 pTM=0.697 tol=0.278
2026-07-23 14:04:21,035 alphafold2_ptm_model_5_seed_044 recycle=3 pLDDT=88.2 pTM=0.696 tol=0.126
2026-07-23 14:04:21,035 alphafold2_ptm_model_5_seed_044 took 99.1s (3 recycles)
2026-07-23 14:04:21,115 reranking models by 'plddt' metric
2026-07-23 14:04:21,115 rank_001_alphafold2_ptm_model_1_seed_043 pLDDT=88.9 pTM=0.707
2026-07-23 14:04:21,118 rank_002_alphafold2_ptm_model_5_seed_044 pLDDT=88.2 pTM=0.696
2026-07-23 14:04:21,120 rank_003_alphafold2_ptm_model_5_seed_042 pLDDT=88.2 pTM=0.69
2026-07-23 14:04:21,123 rank_004_alphafold2_ptm_model_5_seed_043 pLDDT=88.2 pTM=0.7
2026-07-23 14:04:21,126 rank_005_alphafold2_ptm_model_2_seed_044 pLDDT=88.1 pTM=0.707
2026-07-23 14:04:21,128 rank_006_alphafold2_ptm_model_2_seed_043 pLDDT=88.1 pTM=0.71
2026-07-23 14:04:21,130 rank_007_alphafold2_ptm_model_4_seed_044 pLDDT=88 pTM=0.699
2026-07-23 14:04:21,132 rank_008_alphafold2_ptm_model_4_seed_043 pLDDT=87.9 pTM=0.696
2026-07-23 14:04:21,134 rank_009_alphafold2_ptm_model_2_seed_042 pLDDT=87.9 pTM=0.703
2026-07-23 14:04:21,137 rank_010_alphafold2_ptm_model_4_seed_042 pLDDT=87.8 pTM=0.696
2026-07-23 14:04:21,139 rank_011_alphafold2_ptm_model_3_seed_043 pLDDT=87.8 pTM=0.691
2026-07-23 14:04:21,142 rank_012_alphafold2_ptm_model_3_seed_042 pLDDT=87.8 pTM=0.689
2026-07-23 14:04:21,144 rank_013_alphafold2_ptm_model_3_seed_044 pLDDT=87.6 pTM=0.686
2026-07-23 14:04:21,146 rank_014_alphafold2_ptm_model_1_seed_044 pLDDT=87.5 pTM=0.681
2026-07-23 14:04:21,148 rank_015_alphafold2_ptm_model_1_seed_042 pLDDT=87.4 pTM=0.682
2026-07-23 14:04:24,868 Skipping 5KPE_2_6_1_0_combined_id0 (already done)
2026-07-23 14:04:24,869 Skipping 5KPE_2_6_1_0_combined_id1 (already done)
2026-07-23 14:04:24,870 Skipping 5KPE_2_6_1_0_combined_id2 (already done)
2026-07-23 14:04:24,872 Skipping 5KPE_2_6_1_0_combined_id3 (already done)
2026-07-23 14:04:24,873 Skipping 5KPE_2_6_1_0_combined_id4 (already done)
2026-07-23 14:04:24,874 Query 81/723: 5KPE_4_2_4_0_combined_id1 (length 108)
2026-07-23 14:04:50,826 alphafold2_ptm_model_1_seed_042 recycle=0 pLDDT=62.5 pTM=0.506
2026-07-23 14:05:14,346 alphafold2_ptm_model_1_seed_042 recycle=1 pLDDT=83.6 pTM=0.653 tol=3.7
2026-07-23 14:05:37,866 alphafold2_ptm_model_1_seed_042 recycle=2 pLDDT=84.8 pTM=0.659 tol=0.437
2026-07-23 14:06:01,567 alphafold2_ptm_model_1_seed_042 recycle=3 pLDDT=85.6 pTM=0.655 tol=0.248
2026-07-23 14:06:01,567 alphafold2_ptm_model_1_seed_042 took 94.2s (3 recycles)
2026-07-23 14:06:25,123 alphafold2_ptm_model_2_seed_042 recycle=0 pLDDT=63.5 pTM=0.54
2026-07-23 14:06:49,000 alphafold2_ptm_model_2_seed_042 recycle=1 pLDDT=67.9 pTM=0.561 tol=1.35
2026-07-23 14:07:12,667 alphafold2_ptm_model_2_seed_042 recycle=2 pLDDT=67.8 pTM=0.553 tol=0.775
2026-07-23 14:07:37,017 alphafold2_ptm_model_2_seed_042 recycle=3 pLDDT=68.6 pTM=0.563 tol=0.736
2026-07-23 14:07:37,021 alphafold2_ptm_model_2_seed_042 took 95.4s (3 recycles)
2026-07-23 14:08:00,503 alphafold2_ptm_model_3_seed_042 recycle=0 pLDDT=67.6 pTM=0.541
2026-07-23 14:08:24,132 alphafold2_ptm_model_3_seed_042 recycle=1 pLDDT=72.9 pTM=0.591 tol=1.19
2026-07-23 14:08:49,772 alphafold2_ptm_model_3_seed_042 recycle=2 pLDDT=75.9 pTM=0.626 tol=0.379
2026-07-23 14:09:16,016 alphafold2_ptm_model_3_seed_042 recycle=3 pLDDT=76.2 pTM=0.628 tol=0.199
2026-07-23 14:09:16,018 alphafold2_ptm_model_3_seed_042 took 98.9s (3 recycles)
2026-07-23 14:09:41,308 alphafold2_ptm_model_4_seed_042 recycle=0 pLDDT=71.8 pTM=0.586
2026-07-23 14:10:05,895 alphafold2_ptm_model_4_seed_042 recycle=1 pLDDT=75.7 pTM=0.623 tol=1.36
2026-07-23 14:10:31,453 alphafold2_ptm_model_4_seed_042 recycle=2 pLDDT=76.6 pTM=0.632 tol=0.651
2026-07-23 14:10:55,696 alphafold2_ptm_model_4_seed_042 recycle=3 pLDDT=76.3 pTM=0.628 tol=0.543
2026-07-23 14:10:55,700 alphafold2_ptm_model_4_seed_042 took 99.6s (3 recycles)
2026-07-23 14:11:19,010 alphafold2_ptm_model_5_seed_042 recycle=0 pLDDT=63.6 pTM=0.544
2026-07-23 14:11:42,320 alphafold2_ptm_model_5_seed_042 recycle=1 pLDDT=73.6 pTM=0.612 tol=0.827
2026-07-23 14:12:05,697 alphafold2_ptm_model_5_seed_042 recycle=2 pLDDT=75.1 pTM=0.623 tol=0.195
2026-07-23 14:12:29,285 alphafold2_ptm_model_5_seed_042 recycle=3 pLDDT=75.4 pTM=0.626 tol=0.0944
2026-07-23 14:12:29,288 alphafold2_ptm_model_5_seed_042 took 93.5s (3 recycles)
2026-07-23 14:12:53,561 alphafold2_ptm_model_1_seed_043 recycle=0 pLDDT=61.3 pTM=0.51
2026-07-23 14:13:16,936 alphafold2_ptm_model_1_seed_043 recycle=1 pLDDT=67.3 pTM=0.553 tol=0.956
2026-07-23 14:13:40,130 alphafold2_ptm_model_1_seed_043 recycle=2 pLDDT=67.2 pTM=0.549 tol=0.599
2026-07-23 14:14:03,190 alphafold2_ptm_model_1_seed_043 recycle=3 pLDDT=64.9 pTM=0.517 tol=4.04
2026-07-23 14:14:03,191 alphafold2_ptm_model_1_seed_043 took 92.7s (3 recycles)
2026-07-23 14:14:26,490 alphafold2_ptm_model_2_seed_043 recycle=0 pLDDT=62.5 pTM=0.536
2026-07-23 14:14:49,561 alphafold2_ptm_model_2_seed_043 recycle=1 pLDDT=67.3 pTM=0.561 tol=1.39
2026-07-23 14:15:15,205 alphafold2_ptm_model_2_seed_043 recycle=2 pLDDT=67.6 pTM=0.55 tol=0.901
2026-07-23 14:15:39,613 alphafold2_ptm_model_2_seed_043 recycle=3 pLDDT=68.2 pTM=0.562 tol=0.706
2026-07-23 14:15:39,613 alphafold2_ptm_model_2_seed_043 took 96.3s (3 recycles)
2026-07-23 14:16:03,038 alphafold2_ptm_model_3_seed_043 recycle=0 pLDDT=68.2 pTM=0.544
2026-07-23 14:16:26,270 alphafold2_ptm_model_3_seed_043 recycle=1 pLDDT=73.2 pTM=0.592 tol=1.4
2026-07-23 14:16:49,181 alphafold2_ptm_model_3_seed_043 recycle=2 pLDDT=75.6 pTM=0.625 tol=0.365
2026-07-23 14:17:12,303 alphafold2_ptm_model_3_seed_043 recycle=3 pLDDT=76 pTM=0.624 tol=0.181
2026-07-23 14:17:12,304 alphafold2_ptm_model_3_seed_043 took 92.5s (3 recycles)
2026-07-23 14:17:35,384 alphafold2_ptm_model_4_seed_043 recycle=0 pLDDT=72 pTM=0.581
2026-07-23 14:17:58,516 alphafold2_ptm_model_4_seed_043 recycle=1 pLDDT=74.8 pTM=0.615 tol=1.45
2026-07-23 14:18:21,672 alphafold2_ptm_model_4_seed_043 recycle=2 pLDDT=76.3 pTM=0.627 tol=0.808
2026-07-23 14:18:44,459 alphafold2_ptm_model_4_seed_043 recycle=3 pLDDT=75.8 pTM=0.623 tol=0.649
2026-07-23 14:18:44,460 alphafold2_ptm_model_4_seed_043 took 92.1s (3 recycles)
2026-07-23 14:19:07,757 alphafold2_ptm_model_5_seed_043 recycle=0 pLDDT=62 pTM=0.539
2026-07-23 14:19:33,390 alphafold2_ptm_model_5_seed_043 recycle=1 pLDDT=73.8 pTM=0.615 tol=1.55
2026-07-23 14:19:58,352 alphafold2_ptm_model_5_seed_043 recycle=2 pLDDT=75.4 pTM=0.623 tol=0.224
2026-07-23 14:20:22,922 alphafold2_ptm_model_5_seed_043 recycle=3 pLDDT=75.4 pTM=0.626 tol=0.118
2026-07-23 14:20:22,923 alphafold2_ptm_model_5_seed_043 took 98.4s (3 recycles)
2026-07-23 14:20:47,536 alphafold2_ptm_model_1_seed_044 recycle=0 pLDDT=60.1 pTM=0.5
2026-07-23 14:21:11,002 alphafold2_ptm_model_1_seed_044 recycle=1 pLDDT=74.8 pTM=0.564 tol=4.47
2026-07-23 14:21:40,102 alphafold2_ptm_model_1_seed_044 recycle=2 pLDDT=84.9 pTM=0.65 tol=0.513
2026-07-23 14:22:04,154 alphafold2_ptm_model_1_seed_044 recycle=3 pLDDT=85.5 pTM=0.652 tol=0.179
2026-07-23 14:22:04,155 alphafold2_ptm_model_1_seed_044 took 100.0s (3 recycles)
2026-07-23 14:22:27,820 alphafold2_ptm_model_2_seed_044 recycle=0 pLDDT=64.6 pTM=0.548
2026-07-23 14:22:51,177 alphafold2_ptm_model_2_seed_044 recycle=1 pLDDT=68.1 pTM=0.562 tol=1.24
2026-07-23 14:23:14,780 alphafold2_ptm_model_2_seed_044 recycle=2 pLDDT=67.9 pTM=0.552 tol=0.774
2026-07-23 14:23:47,079 alphafold2_ptm_model_2_seed_044 recycle=3 pLDDT=68.6 pTM=0.57 tol=0.786
2026-07-23 14:23:47,081 alphafold2_ptm_model_2_seed_044 took 102.8s (3 recycles)
2026-07-23 14:24:12,812 alphafold2_ptm_model_3_seed_044 recycle=0 pLDDT=68 pTM=0.546
2026-07-23 14:24:37,732 alphafold2_ptm_model_3_seed_044 recycle=1 pLDDT=73.1 pTM=0.596 tol=1.04
2026-07-23 14:25:02,886 alphafold2_ptm_model_3_seed_044 recycle=2 pLDDT=75.9 pTM=0.63 tol=0.332
2026-07-23 14:25:27,429 alphafold2_ptm_model_3_seed_044 recycle=3 pLDDT=76.2 pTM=0.628 tol=0.165
2026-07-23 14:25:27,431 alphafold2_ptm_model_3_seed_044 took 100.3s (3 recycles)
2026-07-23 14:25:53,219 alphafold2_ptm_model_4_seed_044 recycle=0 pLDDT=74.6 pTM=0.613
2026-07-23 14:26:19,084 alphafold2_ptm_model_4_seed_044 recycle=1 pLDDT=75.8 pTM=0.623 tol=1.2
2026-07-23 14:26:44,413 alphafold2_ptm_model_4_seed_044 recycle=2 pLDDT=76.1 pTM=0.627 tol=0.593
2026-07-23 14:27:09,851 alphafold2_ptm_model_4_seed_044 recycle=3 pLDDT=76.1 pTM=0.626 tol=0.497
2026-07-23 14:27:09,852 alphafold2_ptm_model_4_seed_044 took 102.3s (3 recycles)
2026-07-23 14:27:33,734 alphafold2_ptm_model_5_seed_044 recycle=0 pLDDT=65.9 pTM=0.552
2026-07-23 14:27:58,043 alphafold2_ptm_model_5_seed_044 recycle=1 pLDDT=73.4 pTM=0.609 tol=0.866
2026-07-23 14:28:23,560 alphafold2_ptm_model_5_seed_044 recycle=2 pLDDT=75.1 pTM=0.621 tol=0.199
2026-07-23 14:28:48,973 alphafold2_ptm_model_5_seed_044 recycle=3 pLDDT=75.4 pTM=0.625 tol=0.0946
2026-07-23 14:28:48,974 alphafold2_ptm_model_5_seed_044 took 99.1s (3 recycles)
2026-07-23 14:28:49,072 reranking models by 'plddt' metric
2026-07-23 14:28:49,072 rank_001_alphafold2_ptm_model_1_seed_042 pLDDT=85.6 pTM=0.655
2026-07-23 14:28:49,074 rank_002_alphafold2_ptm_model_1_seed_044 pLDDT=85.5 pTM=0.652
2026-07-23 14:28:49,079 rank_003_alphafold2_ptm_model_4_seed_042 pLDDT=76.3 pTM=0.628
2026-07-23 14:28:49,081 rank_004_alphafold2_ptm_model_3_seed_042 pLDDT=76.2 pTM=0.628
2026-07-23 14:28:49,083 rank_005_alphafold2_ptm_model_3_seed_044 pLDDT=76.2 pTM=0.628
2026-07-23 14:28:49,085 rank_006_alphafold2_ptm_model_4_seed_044 pLDDT=76.1 pTM=0.626
2026-07-23 14:28:49,087 rank_007_alphafold2_ptm_model_3_seed_043 pLDDT=76 pTM=0.624
2026-07-23 14:28:49,089 rank_008_alphafold2_ptm_model_4_seed_043 pLDDT=75.8 pTM=0.623
2026-07-23 14:28:49,091 rank_009_alphafold2_ptm_model_5_seed_042 pLDDT=75.4 pTM=0.626
2026-07-23 14:28:49,093 rank_010_alphafold2_ptm_model_5_seed_044 pLDDT=75.4 pTM=0.625
2026-07-23 14:28:49,094 rank_011_alphafold2_ptm_model_5_seed_043 pLDDT=75.4 pTM=0.626
2026-07-23 14:28:49,096 rank_012_alphafold2_ptm_model_2_seed_044 pLDDT=68.6 pTM=0.57
2026-07-23 14:28:49,098 rank_013_alphafold2_ptm_model_2_seed_042 pLDDT=68.6 pTM=0.563
2026-07-23 14:28:49,100 rank_014_alphafold2_ptm_model_2_seed_043 pLDDT=68.2 pTM=0.562
2026-07-23 14:28:49,102 rank_015_alphafold2_ptm_model_1_seed_043 pLDDT=64.9 pTM=0.517
2026-07-23 14:28:53,028 Query 82/723: 5KPE_4_2_4_0_combined_id2 (length 108)
2026-07-23 14:29:20,353 alphafold2_ptm_model_1_seed_042 recycle=0 pLDDT=69.6 pTM=0.587
2026-07-23 14:29:44,209 alphafold2_ptm_model_1_seed_042 recycle=1 pLDDT=85.4 pTM=0.703 tol=1.73
2026-07-23 14:30:07,806 alphafold2_ptm_model_1_seed_042 recycle=2 pLDDT=88.4 pTM=0.72 tol=0.268
2026-07-23 14:30:31,703 alphafold2_ptm_model_1_seed_042 recycle=3 pLDDT=88.2 pTM=0.715 tol=0.088
2026-07-23 14:30:31,704 alphafold2_ptm_model_1_seed_042 took 96.0s (3 recycles)
2026-07-23 14:30:56,159 alphafold2_ptm_model_2_seed_042 recycle=0 pLDDT=71.7 pTM=0.575
2026-07-23 14:31:19,960 alphafold2_ptm_model_2_seed_042 recycle=1 pLDDT=89.9 pTM=0.768 tol=2.19
