Start: Wed Jul 22 19:22:07 PDT 2026
qb3-id294.wynton.ucsf.edu
==============================================================
job_number:                 4262176
exec_file:                  job_scripts/4262176
submission_time:            Wed Jul 22 19:02:21 2026
owner:                      geanhu
uid:                        64854
group:                      wynton-rotation
gid:                        60001
sge_o_home:                 /wynton/home/rotation/geanhu
sge_o_log_name:             geanhu
sge_o_path:                 /wynton/home/cbi/shared/software/CBI/miniforge3-26.3.2-2/condabin:/wynton/home/cbi/shared/software/CBI/miniforge3-26.3.2-2/bin:/wynton/home/rotation/geanhu/.local/bin:/wynton/home/rotation/geanhu/bin:/opt/sge/bin:/opt/sge/bin/lx-amd64:/usr/local/bin:/usr/bin:/usr/local/sbin:/usr/sbin:/wynton/home/ferrin/goddard/localcolabfold/localcolabfold/colabfold-conda/bin:/wynton/home/kortemme/xingjiepan/Softwares/Rosetta/Rosetta/main/source/bin
sge_o_shell:                /bin/bash
sge_o_workdir:              /wynton/home/rotation/geanhu/multi-state/scripts
sge_o_host:                 dev2
account:                    sge
cwd:                        /wynton/home/rotation/geanhu/multi-state/scripts
merge:                      y
hard resource_list:         h_rt=259200,mem_free=64G,scratch=16G,hostname=!qb3-idgpu18
mail_list:                  geanhu@dev2.wynton.ucsf.edu
notify:                     FALSE
job_name:                   fold
stdout_path_list:           NONE:NONE:logs/colabfold/$JOB_ID.log
jobshare:                   0
hard_queue_list:            !*gpu.q
shell_list:                 NONE:/bin/bash
env_list:                   TERM=NONE
script_file:                colabfold.sh
project:                    wynton-rotation
binding:                    NONE
job_type:                   NONE
usage         1:            cpu=00:00:00, mem=0.00000 GB s, io=0.00000 GB, vmem=N/A, maxvmem=N/A
binding       1:            NONE
scheduling info:            (Collecting of scheduler job information is turned off)
------Start of script-------
#!/bin/bash
#$ -S /bin/bash
##$ -q gpu.q
##$ -pe smp 1
##$ -l compute_cap=80,gpu_mem=40G
#$ -cwd
#$ -N fold
#$ -o logs/colabfold/$JOB_ID.log
#$ -j y
#$ -l h_rt=72:00:00
#$ -l mem_free=64G
#$ -l scratch=16G
#$ -l h=!qb3-idgpu18

# metadata
echo "Start: $(date)"
echo "$(hostname)"
[[ -n "$JOB_ID" ]] && qstat -j "$JOB_ID"
echo "------Start of script-------"
cat "$0"
echo ""
echo "-------End of script---------"

#export CUDA_VISIBLE_DEVICES=$SGE_GPU

# run
exec colabfold_batch \
    --num-recycle 3 \
    --msa-mode single_sequence \
    --random-seed 42 \
    --num-seeds 3 \
    $HOME/multi-state/data/mpnn-output/5KPE-5KPH_multi-state/temp2/seqs/filtered-seqs.csv \
    $HOME/multi-state/data/colabfold-output/5KPE-5KPH_multi-state/temp2/

# end
echo "End: $(date)"
echo "-----------"
-------End of script---------
2026-07-22 19:23:50,913 Running colabfold 1.5.5 (a00ce1bcc477491d7693e3816d21ea3fc2cf40fd)
2026-07-22 19:23:51,359 WARNING: no GPU detected, will be using CPU
2026-07-22 19:23:59,560 Found 2 citations for tools or databases
2026-07-22 19:23:59,561 Query 1/586: 5KPH_4_2_7_0_combined_id4 (length 72)
2026-07-22 19:24:20,450 Padding length to 82
2026-07-22 19:24:59,408 alphafold2_ptm_model_1_seed_042 recycle=0 pLDDT=89.9 pTM=0.695
2026-07-22 19:25:16,850 alphafold2_ptm_model_1_seed_042 recycle=1 pLDDT=91.6 pTM=0.739 tol=0.204
2026-07-22 19:25:33,738 alphafold2_ptm_model_1_seed_042 recycle=2 pLDDT=92 pTM=0.75 tol=0.0519
2026-07-22 19:25:51,036 alphafold2_ptm_model_1_seed_042 recycle=3 pLDDT=92.2 pTM=0.754 tol=0.026
2026-07-22 19:25:51,037 alphafold2_ptm_model_1_seed_042 took 90.6s (3 recycles)
2026-07-22 19:26:07,308 alphafold2_ptm_model_2_seed_042 recycle=0 pLDDT=93.1 pTM=0.772
2026-07-22 19:26:23,648 alphafold2_ptm_model_2_seed_042 recycle=1 pLDDT=93.8 pTM=0.802 tol=0.143
2026-07-22 19:26:40,237 alphafold2_ptm_model_2_seed_042 recycle=2 pLDDT=94.1 pTM=0.809 tol=0.0548
2026-07-22 19:26:56,529 alphafold2_ptm_model_2_seed_042 recycle=3 pLDDT=94.4 pTM=0.813 tol=0.0356
2026-07-22 19:26:56,531 alphafold2_ptm_model_2_seed_042 took 65.4s (3 recycles)
2026-07-22 19:27:13,395 alphafold2_ptm_model_3_seed_042 recycle=0 pLDDT=87.7 pTM=0.666
2026-07-22 19:27:30,154 alphafold2_ptm_model_3_seed_042 recycle=1 pLDDT=90.9 pTM=0.738 tol=0.353
2026-07-22 19:27:46,530 alphafold2_ptm_model_3_seed_042 recycle=2 pLDDT=90.9 pTM=0.734 tol=0.068
2026-07-22 19:28:02,913 alphafold2_ptm_model_3_seed_042 recycle=3 pLDDT=91.4 pTM=0.748 tol=0.0659
2026-07-22 19:28:02,913 alphafold2_ptm_model_3_seed_042 took 66.3s (3 recycles)
2026-07-22 19:28:19,667 alphafold2_ptm_model_4_seed_042 recycle=0 pLDDT=89.6 pTM=0.724
2026-07-22 19:28:35,920 alphafold2_ptm_model_4_seed_042 recycle=1 pLDDT=91.4 pTM=0.756 tol=0.225
2026-07-22 19:28:52,463 alphafold2_ptm_model_4_seed_042 recycle=2 pLDDT=91.6 pTM=0.763 tol=0.0586
2026-07-22 19:29:09,351 alphafold2_ptm_model_4_seed_042 recycle=3 pLDDT=91.9 pTM=0.768 tol=0.05
2026-07-22 19:29:09,352 alphafold2_ptm_model_4_seed_042 took 66.4s (3 recycles)
2026-07-22 19:29:26,213 alphafold2_ptm_model_5_seed_042 recycle=0 pLDDT=90.2 pTM=0.713
2026-07-22 19:29:43,048 alphafold2_ptm_model_5_seed_042 recycle=1 pLDDT=92.1 pTM=0.748 tol=0.156
2026-07-22 19:29:59,517 alphafold2_ptm_model_5_seed_042 recycle=2 pLDDT=92.4 pTM=0.754 tol=0.0532
2026-07-22 19:30:16,706 alphafold2_ptm_model_5_seed_042 recycle=3 pLDDT=92.8 pTM=0.76 tol=0.0309
2026-07-22 19:30:16,707 alphafold2_ptm_model_5_seed_042 took 67.3s (3 recycles)
2026-07-22 19:30:18,172 Padding length to 82
2026-07-22 19:30:35,069 alphafold2_ptm_model_1_seed_043 recycle=0 pLDDT=89.8 pTM=0.69
2026-07-22 19:30:51,506 alphafold2_ptm_model_1_seed_043 recycle=1 pLDDT=91.4 pTM=0.733 tol=0.177
2026-07-22 19:31:08,145 alphafold2_ptm_model_1_seed_043 recycle=2 pLDDT=91.8 pTM=0.75 tol=0.0586
2026-07-22 19:31:24,627 alphafold2_ptm_model_1_seed_043 recycle=3 pLDDT=91.9 pTM=0.753 tol=0.0362
2026-07-22 19:31:24,628 alphafold2_ptm_model_1_seed_043 took 66.5s (3 recycles)
2026-07-22 19:31:41,417 alphafold2_ptm_model_2_seed_043 recycle=0 pLDDT=93.1 pTM=0.772
2026-07-22 19:31:58,160 alphafold2_ptm_model_2_seed_043 recycle=1 pLDDT=93.9 pTM=0.803 tol=0.153
2026-07-22 19:32:15,332 alphafold2_ptm_model_2_seed_043 recycle=2 pLDDT=94.2 pTM=0.812 tol=0.069
2026-07-22 19:32:32,907 alphafold2_ptm_model_2_seed_043 recycle=3 pLDDT=94.4 pTM=0.813 tol=0.0401
2026-07-22 19:32:32,907 alphafold2_ptm_model_2_seed_043 took 68.2s (3 recycles)
2026-07-22 19:32:50,190 alphafold2_ptm_model_3_seed_043 recycle=0 pLDDT=87.6 pTM=0.663
2026-07-22 19:33:07,158 alphafold2_ptm_model_3_seed_043 recycle=1 pLDDT=90.9 pTM=0.739 tol=0.389
2026-07-22 19:33:24,143 alphafold2_ptm_model_3_seed_043 recycle=2 pLDDT=90.9 pTM=0.734 tol=0.0714
2026-07-22 19:33:41,226 alphafold2_ptm_model_3_seed_043 recycle=3 pLDDT=91.2 pTM=0.746 tol=0.0568
2026-07-22 19:33:41,229 alphafold2_ptm_model_3_seed_043 took 68.3s (3 recycles)
2026-07-22 19:33:58,345 alphafold2_ptm_model_4_seed_043 recycle=0 pLDDT=89.2 pTM=0.716
2026-07-22 19:34:15,530 alphafold2_ptm_model_4_seed_043 recycle=1 pLDDT=91.5 pTM=0.757 tol=0.317
2026-07-22 19:34:32,598 alphafold2_ptm_model_4_seed_043 recycle=2 pLDDT=91.7 pTM=0.763 tol=0.0618
2026-07-22 19:34:49,112 alphafold2_ptm_model_4_seed_043 recycle=3 pLDDT=91.9 pTM=0.769 tol=0.047
2026-07-22 19:34:49,114 alphafold2_ptm_model_4_seed_043 took 67.8s (3 recycles)
2026-07-22 19:35:06,197 alphafold2_ptm_model_5_seed_043 recycle=0 pLDDT=90.2 pTM=0.715
2026-07-22 19:35:22,660 alphafold2_ptm_model_5_seed_043 recycle=1 pLDDT=91.4 pTM=0.749 tol=0.165
2026-07-22 19:35:40,088 alphafold2_ptm_model_5_seed_043 recycle=2 pLDDT=92.3 pTM=0.752 tol=0.0592
2026-07-22 19:35:57,213 alphafold2_ptm_model_5_seed_043 recycle=3 pLDDT=92.4 pTM=0.751 tol=0.0296
2026-07-22 19:35:57,214 alphafold2_ptm_model_5_seed_043 took 68.0s (3 recycles)
2026-07-22 19:35:58,286 Padding length to 82
2026-07-22 19:36:14,822 alphafold2_ptm_model_1_seed_044 recycle=0 pLDDT=89.8 pTM=0.693
2026-07-22 19:36:31,595 alphafold2_ptm_model_1_seed_044 recycle=1 pLDDT=91.4 pTM=0.732 tol=0.193
2026-07-22 19:36:48,700 alphafold2_ptm_model_1_seed_044 recycle=2 pLDDT=91.8 pTM=0.749 tol=0.0591
2026-07-22 19:37:05,970 alphafold2_ptm_model_1_seed_044 recycle=3 pLDDT=92 pTM=0.754 tol=0.0334
2026-07-22 19:37:05,971 alphafold2_ptm_model_1_seed_044 took 67.7s (3 recycles)
2026-07-22 19:37:23,183 alphafold2_ptm_model_2_seed_044 recycle=0 pLDDT=93.2 pTM=0.777
2026-07-22 19:37:40,623 alphafold2_ptm_model_2_seed_044 recycle=1 pLDDT=93.8 pTM=0.801 tol=0.136
2026-07-22 19:37:57,824 alphafold2_ptm_model_2_seed_044 recycle=2 pLDDT=94.1 pTM=0.811 tol=0.0693
2026-07-22 19:38:14,690 alphafold2_ptm_model_2_seed_044 recycle=3 pLDDT=94.4 pTM=0.813 tol=0.0314
2026-07-22 19:38:14,691 alphafold2_ptm_model_2_seed_044 took 68.6s (3 recycles)
2026-07-22 19:38:31,697 alphafold2_ptm_model_3_seed_044 recycle=0 pLDDT=88.2 pTM=0.674
2026-07-22 19:38:49,062 alphafold2_ptm_model_3_seed_044 recycle=1 pLDDT=91 pTM=0.736 tol=0.289
2026-07-22 19:39:06,099 alphafold2_ptm_model_3_seed_044 recycle=2 pLDDT=90.8 pTM=0.731 tol=0.0659
2026-07-22 19:39:22,485 alphafold2_ptm_model_3_seed_044 recycle=3 pLDDT=91.5 pTM=0.748 tol=0.0671
2026-07-22 19:39:22,486 alphafold2_ptm_model_3_seed_044 took 67.7s (3 recycles)
2026-07-22 19:39:39,423 alphafold2_ptm_model_4_seed_044 recycle=0 pLDDT=89.4 pTM=0.72
2026-07-22 19:39:56,208 alphafold2_ptm_model_4_seed_044 recycle=1 pLDDT=91.4 pTM=0.756 tol=0.259
2026-07-22 19:40:12,869 alphafold2_ptm_model_4_seed_044 recycle=2 pLDDT=91.6 pTM=0.763 tol=0.0578
2026-07-22 19:40:29,679 alphafold2_ptm_model_4_seed_044 recycle=3 pLDDT=91.9 pTM=0.768 tol=0.0496
2026-07-22 19:40:29,680 alphafold2_ptm_model_4_seed_044 took 67.2s (3 recycles)
2026-07-22 19:40:46,481 alphafold2_ptm_model_5_seed_044 recycle=0 pLDDT=89.9 pTM=0.708
2026-07-22 19:41:03,768 alphafold2_ptm_model_5_seed_044 recycle=1 pLDDT=91.9 pTM=0.749 tol=0.161
2026-07-22 19:41:20,337 alphafold2_ptm_model_5_seed_044 recycle=2 pLDDT=92.4 pTM=0.752 tol=0.0466
2026-07-22 19:41:36,911 alphafold2_ptm_model_5_seed_044 recycle=3 pLDDT=92.7 pTM=0.759 tol=0.0346
2026-07-22 19:41:36,911 alphafold2_ptm_model_5_seed_044 took 67.2s (3 recycles)
2026-07-22 19:41:36,977 reranking models by 'plddt' metric
2026-07-22 19:41:36,977 rank_001_alphafold2_ptm_model_2_seed_044 pLDDT=94.4 pTM=0.813
2026-07-22 19:41:36,979 rank_002_alphafold2_ptm_model_2_seed_043 pLDDT=94.4 pTM=0.813
2026-07-22 19:41:36,981 rank_003_alphafold2_ptm_model_2_seed_042 pLDDT=94.4 pTM=0.813
2026-07-22 19:41:36,983 rank_004_alphafold2_ptm_model_5_seed_042 pLDDT=92.8 pTM=0.76
2026-07-22 19:41:36,984 rank_005_alphafold2_ptm_model_5_seed_044 pLDDT=92.7 pTM=0.759
2026-07-22 19:41:36,986 rank_006_alphafold2_ptm_model_5_seed_043 pLDDT=92.4 pTM=0.751
2026-07-22 19:41:36,987 rank_007_alphafold2_ptm_model_1_seed_042 pLDDT=92.2 pTM=0.754
2026-07-22 19:41:36,989 rank_008_alphafold2_ptm_model_1_seed_044 pLDDT=92 pTM=0.754
2026-07-22 19:41:36,990 rank_009_alphafold2_ptm_model_4_seed_043 pLDDT=91.9 pTM=0.769
2026-07-22 19:41:36,992 rank_010_alphafold2_ptm_model_1_seed_043 pLDDT=91.9 pTM=0.753
2026-07-22 19:41:36,993 rank_011_alphafold2_ptm_model_4_seed_044 pLDDT=91.9 pTM=0.768
2026-07-22 19:41:36,995 rank_012_alphafold2_ptm_model_4_seed_042 pLDDT=91.9 pTM=0.768
2026-07-22 19:41:36,996 rank_013_alphafold2_ptm_model_3_seed_044 pLDDT=91.5 pTM=0.748
2026-07-22 19:41:36,998 rank_014_alphafold2_ptm_model_3_seed_042 pLDDT=91.4 pTM=0.748
2026-07-22 19:41:36,999 rank_015_alphafold2_ptm_model_3_seed_043 pLDDT=91.2 pTM=0.746
2026-07-22 19:41:40,568 Query 2/586: 5KPH_4_2_7_0_combined_id5 (length 72)
2026-07-22 19:41:43,063 Padding length to 82
2026-07-22 19:41:59,949 alphafold2_ptm_model_1_seed_042 recycle=0 pLDDT=83.8 pTM=0.65
2026-07-22 19:42:16,628 alphafold2_ptm_model_1_seed_042 recycle=1 pLDDT=87.4 pTM=0.699 tol=0.445
2026-07-22 19:42:33,445 alphafold2_ptm_model_1_seed_042 recycle=2 pLDDT=87.9 pTM=0.704 tol=0.257
2026-07-22 19:42:50,289 alphafold2_ptm_model_1_seed_042 recycle=3 pLDDT=88.8 pTM=0.72 tol=0.0752
2026-07-22 19:42:50,291 alphafold2_ptm_model_1_seed_042 took 67.2s (3 recycles)
2026-07-22 19:43:07,761 alphafold2_ptm_model_2_seed_042 recycle=0 pLDDT=88.7 pTM=0.726
2026-07-22 19:43:24,814 alphafold2_ptm_model_2_seed_042 recycle=1 pLDDT=87.3 pTM=0.714 tol=0.492
2026-07-22 19:43:42,171 alphafold2_ptm_model_2_seed_042 recycle=2 pLDDT=84.9 pTM=0.686 tol=0.419
2026-07-22 19:43:59,459 alphafold2_ptm_model_2_seed_042 recycle=3 pLDDT=88 pTM=0.726 tol=0.674
2026-07-22 19:43:59,460 alphafold2_ptm_model_2_seed_042 took 69.1s (3 recycles)
2026-07-22 19:44:16,227 alphafold2_ptm_model_3_seed_042 recycle=0 pLDDT=83.8 pTM=0.626
2026-07-22 19:44:32,518 alphafold2_ptm_model_3_seed_042 recycle=1 pLDDT=84 pTM=0.636 tol=0.728
2026-07-22 19:44:49,382 alphafold2_ptm_model_3_seed_042 recycle=2 pLDDT=85.1 pTM=0.658 tol=0.282
2026-07-22 19:45:06,412 alphafold2_ptm_model_3_seed_042 recycle=3 pLDDT=85 pTM=0.655 tol=0.356
2026-07-22 19:45:06,417 alphafold2_ptm_model_3_seed_042 took 66.9s (3 recycles)
2026-07-22 19:45:24,012 alphafold2_ptm_model_4_seed_042 recycle=0 pLDDT=84.7 pTM=0.656
2026-07-22 19:45:40,798 alphafold2_ptm_model_4_seed_042 recycle=1 pLDDT=84.2 pTM=0.652 tol=0.883
2026-07-22 19:45:58,043 alphafold2_ptm_model_4_seed_042 recycle=2 pLDDT=86.7 pTM=0.692 tol=0.18
2026-07-22 19:46:15,170 alphafold2_ptm_model_4_seed_042 recycle=3 pLDDT=87.2 pTM=0.694 tol=0.19
2026-07-22 19:46:15,171 alphafold2_ptm_model_4_seed_042 took 68.7s (3 recycles)
2026-07-22 19:46:31,917 alphafold2_ptm_model_5_seed_042 recycle=0 pLDDT=83.6 pTM=0.624
2026-07-22 19:46:49,325 alphafold2_ptm_model_5_seed_042 recycle=1 pLDDT=88.9 pTM=0.696 tol=0.338
2026-07-22 19:47:06,496 alphafold2_ptm_model_5_seed_042 recycle=2 pLDDT=89.7 pTM=0.705 tol=0.0839
2026-07-22 19:47:22,972 alphafold2_ptm_model_5_seed_042 recycle=3 pLDDT=90.1 pTM=0.71 tol=0.0297
2026-07-22 19:47:22,974 alphafold2_ptm_model_5_seed_042 took 67.8s (3 recycles)
2026-07-22 19:47:24,241 Padding length to 82
2026-07-22 19:47:41,246 alphafold2_ptm_model_1_seed_043 recycle=0 pLDDT=83.4 pTM=0.646
2026-07-22 19:47:57,953 alphafold2_ptm_model_1_seed_043 recycle=1 pLDDT=87.6 pTM=0.702 tol=0.439
2026-07-22 19:48:15,007 alphafold2_ptm_model_1_seed_043 recycle=2 pLDDT=87.4 pTM=0.698 tol=0.122
2026-07-22 19:48:31,783 alphafold2_ptm_model_1_seed_043 recycle=3 pLDDT=88.1 pTM=0.71 tol=0.0574
2026-07-22 19:48:31,784 alphafold2_ptm_model_1_seed_043 took 67.5s (3 recycles)
2026-07-22 19:48:48,841 alphafold2_ptm_model_2_seed_043 recycle=0 pLDDT=84.8 pTM=0.688
2026-07-22 19:49:06,067 alphafold2_ptm_model_2_seed_043 recycle=1 pLDDT=87.5 pTM=0.715 tol=0.651
2026-07-22 19:49:22,619 alphafold2_ptm_model_2_seed_043 recycle=2 pLDDT=86.1 pTM=0.698 tol=0.59
2026-07-22 19:49:39,614 alphafold2_ptm_model_2_seed_043 recycle=3 pLDDT=86.2 pTM=0.701 tol=0.671
2026-07-22 19:49:39,615 alphafold2_ptm_model_2_seed_043 took 67.8s (3 recycles)
2026-07-22 19:49:57,029 alphafold2_ptm_model_3_seed_043 recycle=0 pLDDT=84.1 pTM=0.629
2026-07-22 19:50:13,302 alphafold2_ptm_model_3_seed_043 recycle=1 pLDDT=84.4 pTM=0.643 tol=0.708
2026-07-22 19:50:29,637 alphafold2_ptm_model_3_seed_043 recycle=2 pLDDT=85.1 pTM=0.653 tol=0.431
2026-07-22 19:50:46,399 alphafold2_ptm_model_3_seed_043 recycle=3 pLDDT=85.1 pTM=0.656 tol=0.401
2026-07-22 19:50:46,403 alphafold2_ptm_model_3_seed_043 took 66.8s (3 recycles)
2026-07-22 19:51:03,839 alphafold2_ptm_model_4_seed_043 recycle=0 pLDDT=85.2 pTM=0.659
2026-07-22 19:51:21,348 alphafold2_ptm_model_4_seed_043 recycle=1 pLDDT=84.4 pTM=0.654 tol=0.701
2026-07-22 19:51:38,189 alphafold2_ptm_model_4_seed_043 recycle=2 pLDDT=86.2 pTM=0.684 tol=0.125
2026-07-22 19:51:54,963 alphafold2_ptm_model_4_seed_043 recycle=3 pLDDT=87.5 pTM=0.696 tol=0.26
2026-07-22 19:51:54,965 alphafold2_ptm_model_4_seed_043 took 68.5s (3 recycles)
2026-07-22 19:52:12,010 alphafold2_ptm_model_5_seed_043 recycle=0 pLDDT=84.5 pTM=0.637
2026-07-22 19:52:29,226 alphafold2_ptm_model_5_seed_043 recycle=1 pLDDT=88.9 pTM=0.696 tol=0.308
2026-07-22 19:52:46,000 alphafold2_ptm_model_5_seed_043 recycle=2 pLDDT=89.4 pTM=0.699 tol=0.0729
2026-07-22 19:53:03,042 alphafold2_ptm_model_5_seed_043 recycle=3 pLDDT=89.8 pTM=0.706 tol=0.0356
2026-07-22 19:53:03,043 alphafold2_ptm_model_5_seed_043 took 68.0s (3 recycles)
2026-07-22 19:53:04,196 Padding length to 82
2026-07-22 19:53:20,734 alphafold2_ptm_model_1_seed_044 recycle=0 pLDDT=85.6 pTM=0.667
2026-07-22 19:53:37,387 alphafold2_ptm_model_1_seed_044 recycle=1 pLDDT=87.5 pTM=0.7 tol=0.416
2026-07-22 19:53:53,742 alphafold2_ptm_model_1_seed_044 recycle=2 pLDDT=87.8 pTM=0.702 tol=0.185
2026-07-22 19:54:11,192 alphafold2_ptm_model_1_seed_044 recycle=3 pLDDT=88.6 pTM=0.717 tol=0.0643
2026-07-22 19:54:11,192 alphafold2_ptm_model_1_seed_044 took 67.0s (3 recycles)
2026-07-22 19:54:28,546 alphafold2_ptm_model_2_seed_044 recycle=0 pLDDT=87.8 pTM=0.718
2026-07-22 19:54:46,127 alphafold2_ptm_model_2_seed_044 recycle=1 pLDDT=87.9 pTM=0.724 tol=0.379
2026-07-22 19:55:03,567 alphafold2_ptm_model_2_seed_044 recycle=2 pLDDT=85.2 pTM=0.688 tol=0.526
2026-07-22 19:55:21,241 alphafold2_ptm_model_2_seed_044 recycle=3 pLDDT=86.1 pTM=0.699 tol=0.33
2026-07-22 19:55:21,243 alphafold2_ptm_model_2_seed_044 took 70.0s (3 recycles)
2026-07-22 19:55:38,362 alphafold2_ptm_model_3_seed_044 recycle=0 pLDDT=84 pTM=0.63
2026-07-22 19:55:55,267 alphafold2_ptm_model_3_seed_044 recycle=1 pLDDT=83.9 pTM=0.635 tol=0.691
2026-07-22 19:56:11,699 alphafold2_ptm_model_3_seed_044 recycle=2 pLDDT=85.1 pTM=0.655 tol=0.363
2026-07-22 19:56:28,584 alphafold2_ptm_model_3_seed_044 recycle=3 pLDDT=85.1 pTM=0.656 tol=0.451
2026-07-22 19:56:28,585 alphafold2_ptm_model_3_seed_044 took 67.3s (3 recycles)
2026-07-22 19:56:45,833 alphafold2_ptm_model_4_seed_044 recycle=0 pLDDT=84.2 pTM=0.644
2026-07-22 19:57:03,247 alphafold2_ptm_model_4_seed_044 recycle=1 pLDDT=83.9 pTM=0.646 tol=0.899
2026-07-22 19:57:20,401 alphafold2_ptm_model_4_seed_044 recycle=2 pLDDT=86.7 pTM=0.691 tol=0.421
2026-07-22 19:57:38,156 alphafold2_ptm_model_4_seed_044 recycle=3 pLDDT=87.1 pTM=0.692 tol=0.12
2026-07-22 19:57:38,157 alphafold2_ptm_model_4_seed_044 took 69.5s (3 recycles)
2026-07-22 19:57:54,875 alphafold2_ptm_model_5_seed_044 recycle=0 pLDDT=82.2 pTM=0.603
2026-07-22 19:58:11,915 alphafold2_ptm_model_5_seed_044 recycle=1 pLDDT=88.6 pTM=0.692 tol=0.41
2026-07-22 19:58:28,405 alphafold2_ptm_model_5_seed_044 recycle=2 pLDDT=89.2 pTM=0.698 tol=0.0964
2026-07-22 19:58:45,264 alphafold2_ptm_model_5_seed_044 recycle=3 pLDDT=89.9 pTM=0.705 tol=0.0388
2026-07-22 19:58:45,265 alphafold2_ptm_model_5_seed_044 took 66.9s (3 recycles)
2026-07-22 19:58:45,312 reranking models by 'plddt' metric
2026-07-22 19:58:45,312 rank_001_alphafold2_ptm_model_5_seed_042 pLDDT=90.1 pTM=0.71
2026-07-22 19:58:45,315 rank_002_alphafold2_ptm_model_5_seed_044 pLDDT=89.9 pTM=0.705
2026-07-22 19:58:45,317 rank_003_alphafold2_ptm_model_5_seed_043 pLDDT=89.8 pTM=0.706
2026-07-22 19:58:45,320 rank_004_alphafold2_ptm_model_1_seed_042 pLDDT=88.8 pTM=0.72
2026-07-22 19:58:45,321 rank_005_alphafold2_ptm_model_1_seed_044 pLDDT=88.6 pTM=0.717
2026-07-22 19:58:45,322 rank_006_alphafold2_ptm_model_1_seed_043 pLDDT=88.1 pTM=0.71
2026-07-22 19:58:45,323 rank_007_alphafold2_ptm_model_2_seed_042 pLDDT=88 pTM=0.726
2026-07-22 19:58:45,325 rank_008_alphafold2_ptm_model_4_seed_043 pLDDT=87.5 pTM=0.696
2026-07-22 19:58:45,326 rank_009_alphafold2_ptm_model_4_seed_042 pLDDT=87.2 pTM=0.694
2026-07-22 19:58:45,327 rank_010_alphafold2_ptm_model_4_seed_044 pLDDT=87.1 pTM=0.692
2026-07-22 19:58:45,328 rank_011_alphafold2_ptm_model_2_seed_043 pLDDT=86.2 pTM=0.701
2026-07-22 19:58:45,330 rank_012_alphafold2_ptm_model_2_seed_044 pLDDT=86.1 pTM=0.699
2026-07-22 19:58:45,331 rank_013_alphafold2_ptm_model_3_seed_044 pLDDT=85.1 pTM=0.656
2026-07-22 19:58:45,332 rank_014_alphafold2_ptm_model_3_seed_043 pLDDT=85.1 pTM=0.656
2026-07-22 19:58:45,333 rank_015_alphafold2_ptm_model_3_seed_042 pLDDT=85 pTM=0.655
2026-07-22 19:58:48,784 Skipping 5KPH_4_2_7_0_combined_id4 (already done)
2026-07-22 19:58:48,785 Query 4/586: 5KPH_4_2_7_0_combined_id1 (length 72)
2026-07-22 19:58:51,797 Padding length to 82
2026-07-22 19:59:08,569 alphafold2_ptm_model_1_seed_042 recycle=0 pLDDT=87.7 pTM=0.688
2026-07-22 19:59:24,984 alphafold2_ptm_model_1_seed_042 recycle=1 pLDDT=89.6 pTM=0.717 tol=0.621
2026-07-22 19:59:42,330 alphafold2_ptm_model_1_seed_042 recycle=2 pLDDT=88.4 pTM=0.704 tol=0.182
2026-07-22 20:00:00,167 alphafold2_ptm_model_1_seed_042 recycle=3 pLDDT=88.9 pTM=0.706 tol=0.235
2026-07-22 20:00:00,168 alphafold2_ptm_model_1_seed_042 took 68.4s (3 recycles)
2026-07-22 20:00:18,236 alphafold2_ptm_model_2_seed_042 recycle=0 pLDDT=89.6 pTM=0.729
2026-07-22 20:00:35,351 alphafold2_ptm_model_2_seed_042 recycle=1 pLDDT=91.3 pTM=0.767 tol=0.471
2026-07-22 20:00:52,761 alphafold2_ptm_model_2_seed_042 recycle=2 pLDDT=91.2 pTM=0.765 tol=0.169
2026-07-22 20:01:10,575 alphafold2_ptm_model_2_seed_042 recycle=3 pLDDT=91.6 pTM=0.77 tol=0.0659
2026-07-22 20:01:10,576 alphafold2_ptm_model_2_seed_042 took 70.4s (3 recycles)
2026-07-22 20:01:27,456 alphafold2_ptm_model_3_seed_042 recycle=0 pLDDT=87.4 pTM=0.674
2026-07-22 20:01:45,036 alphafold2_ptm_model_3_seed_042 recycle=1 pLDDT=86.6 pTM=0.666 tol=0.287
2026-07-22 20:02:02,559 alphafold2_ptm_model_3_seed_042 recycle=2 pLDDT=87.1 pTM=0.668 tol=0.124
2026-07-22 20:02:20,526 alphafold2_ptm_model_3_seed_042 recycle=3 pLDDT=87.7 pTM=0.678 tol=0.048
2026-07-22 20:02:20,526 alphafold2_ptm_model_3_seed_042 took 69.9s (3 recycles)
2026-07-22 20:02:37,709 alphafold2_ptm_model_4_seed_042 recycle=0 pLDDT=91.2 pTM=0.748
2026-07-22 20:02:55,532 alphafold2_ptm_model_4_seed_042 recycle=1 pLDDT=91.8 pTM=0.764 tol=0.141
2026-07-22 20:03:12,883 alphafold2_ptm_model_4_seed_042 recycle=2 pLDDT=92.7 pTM=0.779 tol=0.092
2026-07-22 20:03:30,061 alphafold2_ptm_model_4_seed_042 recycle=3 pLDDT=93.1 pTM=0.785 tol=0.0371
2026-07-22 20:03:30,062 alphafold2_ptm_model_4_seed_042 took 69.5s (3 recycles)
2026-07-22 20:03:47,532 alphafold2_ptm_model_5_seed_042 recycle=0 pLDDT=87.9 pTM=0.68
2026-07-22 20:04:04,263 alphafold2_ptm_model_5_seed_042 recycle=1 pLDDT=88.8 pTM=0.703 tol=0.873
2026-07-22 20:04:21,899 alphafold2_ptm_model_5_seed_042 recycle=2 pLDDT=88.5 pTM=0.704 tol=0.158
2026-07-22 20:04:38,919 alphafold2_ptm_model_5_seed_042 recycle=3 pLDDT=88.4 pTM=0.701 tol=0.0997
2026-07-22 20:04:38,921 alphafold2_ptm_model_5_seed_042 took 68.8s (3 recycles)
2026-07-22 20:04:40,246 Padding length to 82
2026-07-22 20:04:57,228 alphafold2_ptm_model_1_seed_043 recycle=0 pLDDT=87.9 pTM=0.691
2026-07-22 20:05:14,879 alphafold2_ptm_model_1_seed_043 recycle=1 pLDDT=88.8 pTM=0.707 tol=0.591
2026-07-22 20:05:32,656 alphafold2_ptm_model_1_seed_043 recycle=2 pLDDT=88.5 pTM=0.702 tol=0.276
2026-07-22 20:05:49,648 alphafold2_ptm_model_1_seed_043 recycle=3 pLDDT=88.7 pTM=0.703 tol=0.131
2026-07-22 20:05:49,648 alphafold2_ptm_model_1_seed_043 took 69.4s (3 recycles)
2026-07-22 20:06:07,014 alphafold2_ptm_model_2_seed_043 recycle=0 pLDDT=90 pTM=0.732
2026-07-22 20:06:24,434 alphafold2_ptm_model_2_seed_043 recycle=1 pLDDT=92.8 pTM=0.786 tol=0.333
2026-07-22 20:06:41,947 alphafold2_ptm_model_2_seed_043 recycle=2 pLDDT=92.2 pTM=0.78 tol=0.13
2026-07-22 20:06:59,500 alphafold2_ptm_model_2_seed_043 recycle=3 pLDDT=92 pTM=0.775 tol=0.0901
2026-07-22 20:06:59,500 alphafold2_ptm_model_2_seed_043 took 69.8s (3 recycles)
2026-07-22 20:07:17,037 alphafold2_ptm_model_3_seed_043 recycle=0 pLDDT=87.4 pTM=0.674
2026-07-22 20:07:33,935 alphafold2_ptm_model_3_seed_043 recycle=1 pLDDT=86.7 pTM=0.667 tol=0.325
2026-07-22 20:07:50,585 alphafold2_ptm_model_3_seed_043 recycle=2 pLDDT=87.1 pTM=0.668 tol=0.123
2026-07-22 20:08:07,747 alphafold2_ptm_model_3_seed_043 recycle=3 pLDDT=87.6 pTM=0.676 tol=0.0547
2026-07-22 20:08:07,748 alphafold2_ptm_model_3_seed_043 took 68.2s (3 recycles)
2026-07-22 20:08:25,396 alphafold2_ptm_model_4_seed_043 recycle=0 pLDDT=92 pTM=0.757
2026-07-22 20:08:42,917 alphafold2_ptm_model_4_seed_043 recycle=1 pLDDT=92.2 pTM=0.771 tol=0.151
2026-07-22 20:08:59,981 alphafold2_ptm_model_4_seed_043 recycle=2 pLDDT=92.8 pTM=0.78 tol=0.0431
2026-07-22 20:09:17,021 alphafold2_ptm_model_4_seed_043 recycle=3 pLDDT=93.1 pTM=0.784 tol=0.0271
2026-07-22 20:09:17,021 alphafold2_ptm_model_4_seed_043 took 69.2s (3 recycles)
2026-07-22 20:09:34,548 alphafold2_ptm_model_5_seed_043 recycle=0 pLDDT=88.1 pTM=0.679
2026-07-22 20:09:52,059 alphafold2_ptm_model_5_seed_043 recycle=1 pLDDT=89.2 pTM=0.71 tol=0.796
2026-07-22 20:10:08,642 alphafold2_ptm_model_5_seed_043 recycle=2 pLDDT=88.9 pTM=0.709 tol=0.233
2026-07-22 20:10:25,330 alphafold2_ptm_model_5_seed_043 recycle=3 pLDDT=88.8 pTM=0.705 tol=0.0472
2026-07-22 20:10:25,331 alphafold2_ptm_model_5_seed_043 took 68.3s (3 recycles)
2026-07-22 20:10:26,469 Padding length to 82
2026-07-22 20:10:43,957 alphafold2_ptm_model_1_seed_044 recycle=0 pLDDT=87.5 pTM=0.685
2026-07-22 20:11:01,276 alphafold2_ptm_model_1_seed_044 recycle=1 pLDDT=89.8 pTM=0.718 tol=0.66
2026-07-22 20:11:17,674 alphafold2_ptm_model_1_seed_044 recycle=2 pLDDT=88.8 pTM=0.705 tol=0.253
2026-07-22 20:11:34,457 alphafold2_ptm_model_1_seed_044 recycle=3 pLDDT=89.2 pTM=0.708 tol=0.255
2026-07-22 20:11:34,457 alphafold2_ptm_model_1_seed_044 took 68.0s (3 recycles)
2026-07-22 20:11:51,536 alphafold2_ptm_model_2_seed_044 recycle=0 pLDDT=89.7 pTM=0.728
2026-07-22 20:12:07,929 alphafold2_ptm_model_2_seed_044 recycle=1 pLDDT=92.8 pTM=0.785 tol=0.376
2026-07-22 20:12:25,875 alphafold2_ptm_model_2_seed_044 recycle=2 pLDDT=91.9 pTM=0.775 tol=0.151
2026-07-22 20:12:43,325 alphafold2_ptm_model_2_seed_044 recycle=3 pLDDT=91.9 pTM=0.773 tol=0.062
2026-07-22 20:12:43,326 alphafold2_ptm_model_2_seed_044 took 68.8s (3 recycles)
2026-07-22 20:13:00,841 alphafold2_ptm_model_3_seed_044 recycle=0 pLDDT=87.5 pTM=0.678
2026-07-22 20:13:18,651 alphafold2_ptm_model_3_seed_044 recycle=1 pLDDT=86.7 pTM=0.667 tol=0.295
2026-07-22 20:13:36,527 alphafold2_ptm_model_3_seed_044 recycle=2 pLDDT=87.1 pTM=0.67 tol=0.0992
2026-07-22 20:13:53,353 alphafold2_ptm_model_3_seed_044 recycle=3 pLDDT=87.7 pTM=0.679 tol=0.0491
2026-07-22 20:13:53,354 alphafold2_ptm_model_3_seed_044 took 70.0s (3 recycles)
2026-07-22 20:14:10,990 alphafold2_ptm_model_4_seed_044 recycle=0 pLDDT=91.7 pTM=0.75
2026-07-22 20:14:28,142 alphafold2_ptm_model_4_seed_044 recycle=1 pLDDT=91.9 pTM=0.768 tol=0.149
2026-07-22 20:14:44,727 alphafold2_ptm_model_4_seed_044 recycle=2 pLDDT=92.6 pTM=0.777 tol=0.0492
2026-07-22 20:15:01,672 alphafold2_ptm_model_4_seed_044 recycle=3 pLDDT=93.1 pTM=0.784 tol=0.0435
2026-07-22 20:15:01,672 alphafold2_ptm_model_4_seed_044 took 68.3s (3 recycles)
2026-07-22 20:15:19,177 alphafold2_ptm_model_5_seed_044 recycle=0 pLDDT=85.4 pTM=0.635
2026-07-22 20:15:36,410 alphafold2_ptm_model_5_seed_044 recycle=1 pLDDT=89.8 pTM=0.718 tol=0.807
2026-07-22 20:15:52,608 alphafold2_ptm_model_5_seed_044 recycle=2 pLDDT=88.8 pTM=0.708 tol=0.158
2026-07-22 20:16:09,807 alphafold2_ptm_model_5_seed_044 recycle=3 pLDDT=89 pTM=0.708 tol=0.0417
2026-07-22 20:16:09,808 alphafold2_ptm_model_5_seed_044 took 68.1s (3 recycles)
2026-07-22 20:16:09,848 reranking models by 'plddt' metric
2026-07-22 20:16:09,849 rank_001_alphafold2_ptm_model_4_seed_042 pLDDT=93.1 pTM=0.785
2026-07-22 20:16:09,850 rank_002_alphafold2_ptm_model_4_seed_044 pLDDT=93.1 pTM=0.784
2026-07-22 20:16:09,852 rank_003_alphafold2_ptm_model_4_seed_043 pLDDT=93.1 pTM=0.784
2026-07-22 20:16:09,853 rank_004_alphafold2_ptm_model_2_seed_043 pLDDT=92 pTM=0.775
2026-07-22 20:16:09,854 rank_005_alphafold2_ptm_model_2_seed_044 pLDDT=91.9 pTM=0.773
2026-07-22 20:16:09,856 rank_006_alphafold2_ptm_model_2_seed_042 pLDDT=91.6 pTM=0.77
2026-07-22 20:16:09,857 rank_007_alphafold2_ptm_model_1_seed_044 pLDDT=89.2 pTM=0.708
2026-07-22 20:16:09,859 rank_008_alphafold2_ptm_model_5_seed_044 pLDDT=89 pTM=0.708
2026-07-22 20:16:09,860 rank_009_alphafold2_ptm_model_1_seed_042 pLDDT=88.9 pTM=0.706
2026-07-22 20:16:09,862 rank_010_alphafold2_ptm_model_5_seed_043 pLDDT=88.8 pTM=0.705
2026-07-22 20:16:09,863 rank_011_alphafold2_ptm_model_1_seed_043 pLDDT=88.7 pTM=0.703
2026-07-22 20:16:09,865 rank_012_alphafold2_ptm_model_5_seed_042 pLDDT=88.4 pTM=0.701
2026-07-22 20:16:09,869 rank_013_alphafold2_ptm_model_3_seed_044 pLDDT=87.7 pTM=0.679
2026-07-22 20:16:09,871 rank_014_alphafold2_ptm_model_3_seed_042 pLDDT=87.7 pTM=0.678
2026-07-22 20:16:09,874 rank_015_alphafold2_ptm_model_3_seed_043 pLDDT=87.6 pTM=0.676
2026-07-22 20:16:13,425 Query 5/586: 5KPH_4_4_9_0_combined_id7 (length 72)
2026-07-22 20:16:15,969 Padding length to 82
2026-07-22 20:16:32,773 alphafold2_ptm_model_1_seed_042 recycle=0 pLDDT=90.1 pTM=0.697
2026-07-22 20:16:50,223 alphafold2_ptm_model_1_seed_042 recycle=1 pLDDT=91.8 pTM=0.746 tol=0.0942
2026-07-22 20:17:08,389 alphafold2_ptm_model_1_seed_042 recycle=2 pLDDT=92 pTM=0.756 tol=0.0387
2026-07-22 20:17:25,820 alphafold2_ptm_model_1_seed_042 recycle=3 pLDDT=92.1 pTM=0.758 tol=0.0193
2026-07-22 20:17:25,820 alphafold2_ptm_model_1_seed_042 took 69.9s (3 recycles)
2026-07-22 20:17:43,147 alphafold2_ptm_model_2_seed_042 recycle=0 pLDDT=93.4 pTM=0.774
2026-07-22 20:18:00,233 alphafold2_ptm_model_2_seed_042 recycle=1 pLDDT=94.2 pTM=0.802 tol=0.135
2026-07-22 20:18:17,153 alphafold2_ptm_model_2_seed_042 recycle=2 pLDDT=94.6 pTM=0.808 tol=0.0294
2026-07-22 20:18:33,995 alphafold2_ptm_model_2_seed_042 recycle=3 pLDDT=94.6 pTM=0.81 tol=0.0149
2026-07-22 20:18:33,995 alphafold2_ptm_model_2_seed_042 took 68.1s (3 recycles)
2026-07-22 20:18:51,328 alphafold2_ptm_model_3_seed_042 recycle=0 pLDDT=90.8 pTM=0.722
2026-07-22 20:19:08,552 alphafold2_ptm_model_3_seed_042 recycle=1 pLDDT=91.9 pTM=0.749 tol=0.156
2026-07-22 20:19:25,658 alphafold2_ptm_model_3_seed_042 recycle=2 pLDDT=92.4 pTM=0.765 tol=0.0659
2026-07-22 20:19:43,067 alphafold2_ptm_model_3_seed_042 recycle=3 pLDDT=92.9 pTM=0.767 tol=0.0431
2026-07-22 20:19:43,068 alphafold2_ptm_model_3_seed_042 took 69.0s (3 recycles)
2026-07-22 20:19:59,905 alphafold2_ptm_model_4_seed_042 recycle=0 pLDDT=91.3 pTM=0.743
2026-07-22 20:20:17,679 alphafold2_ptm_model_4_seed_042 recycle=1 pLDDT=92.1 pTM=0.763 tol=0.161
2026-07-22 20:20:34,617 alphafold2_ptm_model_4_seed_042 recycle=2 pLDDT=92.4 pTM=0.772 tol=0.0449
2026-07-22 20:20:51,670 alphafold2_ptm_model_4_seed_042 recycle=3 pLDDT=92.7 pTM=0.777 tol=0.0352
2026-07-22 20:20:51,671 alphafold2_ptm_model_4_seed_042 took 68.6s (3 recycles)
2026-07-22 20:21:09,225 alphafold2_ptm_model_5_seed_042 recycle=0 pLDDT=92.4 pTM=0.75
2026-07-22 20:21:26,501 alphafold2_ptm_model_5_seed_042 recycle=1 pLDDT=93.1 pTM=0.764 tol=0.141
2026-07-22 20:21:43,843 alphafold2_ptm_model_5_seed_042 recycle=2 pLDDT=93.4 pTM=0.774 tol=0.0413
2026-07-22 20:22:00,673 alphafold2_ptm_model_5_seed_042 recycle=3 pLDDT=93.5 pTM=0.774 tol=0.0245
2026-07-22 20:22:00,673 alphafold2_ptm_model_5_seed_042 took 69.0s (3 recycles)
2026-07-22 20:22:02,146 Padding length to 82
2026-07-22 20:22:18,997 alphafold2_ptm_model_1_seed_043 recycle=0 pLDDT=89.9 pTM=0.692
2026-07-22 20:22:36,182 alphafold2_ptm_model_1_seed_043 recycle=1 pLDDT=91.9 pTM=0.748 tol=0.0973
2026-07-22 20:22:53,313 alphafold2_ptm_model_1_seed_043 recycle=2 pLDDT=92.1 pTM=0.757 tol=0.0429
2026-07-22 20:23:10,434 alphafold2_ptm_model_1_seed_043 recycle=3 pLDDT=92.1 pTM=0.76 tol=0.0218
2026-07-22 20:23:10,435 alphafold2_ptm_model_1_seed_043 took 68.3s (3 recycles)
2026-07-22 20:23:28,191 alphafold2_ptm_model_2_seed_043 recycle=0 pLDDT=93.2 pTM=0.773
2026-07-22 20:23:45,778 alphafold2_ptm_model_2_seed_043 recycle=1 pLDDT=94.3 pTM=0.803 tol=0.15
2026-07-22 20:24:02,668 alphafold2_ptm_model_2_seed_043 recycle=2 pLDDT=94.5 pTM=0.808 tol=0.0244
2026-07-22 20:24:19,808 alphafold2_ptm_model_2_seed_043 recycle=3 pLDDT=94.6 pTM=0.809 tol=0.0142
2026-07-22 20:24:19,808 alphafold2_ptm_model_2_seed_043 took 69.3s (3 recycles)
2026-07-22 20:24:37,053 alphafold2_ptm_model_3_seed_043 recycle=0 pLDDT=91.1 pTM=0.727
2026-07-22 20:24:54,863 alphafold2_ptm_model_3_seed_043 recycle=1 pLDDT=92.1 pTM=0.755 tol=0.127
2026-07-22 20:25:12,669 alphafold2_ptm_model_3_seed_043 recycle=2 pLDDT=92.6 pTM=0.77 tol=0.0517
2026-07-22 20:25:29,915 alphafold2_ptm_model_3_seed_043 recycle=3 pLDDT=93 pTM=0.771 tol=0.0406
2026-07-22 20:25:29,916 alphafold2_ptm_model_3_seed_043 took 70.0s (3 recycles)
2026-07-22 20:25:46,748 alphafold2_ptm_model_4_seed_043 recycle=0 pLDDT=91.3 pTM=0.741
2026-07-22 20:26:03,394 alphafold2_ptm_model_4_seed_043 recycle=1 pLDDT=92.1 pTM=0.761 tol=0.164
2026-07-22 20:26:20,854 alphafold2_ptm_model_4_seed_043 recycle=2 pLDDT=92.4 pTM=0.771 tol=0.0469
2026-07-22 20:26:38,037 alphafold2_ptm_model_4_seed_043 recycle=3 pLDDT=92.7 pTM=0.777 tol=0.0263
2026-07-22 20:26:38,039 alphafold2_ptm_model_4_seed_043 took 68.1s (3 recycles)
2026-07-22 20:26:55,181 alphafold2_ptm_model_5_seed_043 recycle=0 pLDDT=92.1 pTM=0.748
2026-07-22 20:27:12,111 alphafold2_ptm_model_5_seed_043 recycle=1 pLDDT=93.1 pTM=0.762 tol=0.138
2026-07-22 20:27:28,771 alphafold2_ptm_model_5_seed_043 recycle=2 pLDDT=93.4 pTM=0.771 tol=0.0386
2026-07-22 20:27:45,704 alphafold2_ptm_model_5_seed_043 recycle=3 pLDDT=93.6 pTM=0.775 tol=0.0295
2026-07-22 20:27:45,705 alphafold2_ptm_model_5_seed_043 took 67.6s (3 recycles)
2026-07-22 20:27:46,900 Padding length to 82
2026-07-22 20:28:03,815 alphafold2_ptm_model_1_seed_044 recycle=0 pLDDT=90.2 pTM=0.693
2026-07-22 20:28:21,093 alphafold2_ptm_model_1_seed_044 recycle=1 pLDDT=91.7 pTM=0.744 tol=0.103
2026-07-22 20:28:38,001 alphafold2_ptm_model_1_seed_044 recycle=2 pLDDT=91.9 pTM=0.755 tol=0.0385
2026-07-22 20:28:55,696 alphafold2_ptm_model_1_seed_044 recycle=3 pLDDT=92 pTM=0.757 tol=0.0201
2026-07-22 20:28:55,697 alphafold2_ptm_model_1_seed_044 took 68.8s (3 recycles)
2026-07-22 20:29:13,222 alphafold2_ptm_model_2_seed_044 recycle=0 pLDDT=93.4 pTM=0.775
2026-07-22 20:29:30,454 alphafold2_ptm_model_2_seed_044 recycle=1 pLDDT=94.4 pTM=0.805 tol=0.143
2026-07-22 20:29:48,142 alphafold2_ptm_model_2_seed_044 recycle=2 pLDDT=94.6 pTM=0.809 tol=0.0263
2026-07-22 20:30:05,021 alphafold2_ptm_model_2_seed_044 recycle=3 pLDDT=94.6 pTM=0.809 tol=0.0144
2026-07-22 20:30:05,022 alphafold2_ptm_model_2_seed_044 took 69.2s (3 recycles)
2026-07-22 20:30:22,334 alphafold2_ptm_model_3_seed_044 recycle=0 pLDDT=90.9 pTM=0.727
2026-07-22 20:30:39,766 alphafold2_ptm_model_3_seed_044 recycle=1 pLDDT=91.8 pTM=0.747 tol=0.162
2026-07-22 20:30:57,333 alphafold2_ptm_model_3_seed_044 recycle=2 pLDDT=92.4 pTM=0.765 tol=0.0649
2026-07-22 20:31:14,534 alphafold2_ptm_model_3_seed_044 recycle=3 pLDDT=92.9 pTM=0.77 tol=0.0393
2026-07-22 20:31:14,536 alphafold2_ptm_model_3_seed_044 took 69.4s (3 recycles)
2026-07-22 20:31:31,894 alphafold2_ptm_model_4_seed_044 recycle=0 pLDDT=91.2 pTM=0.741
2026-07-22 20:31:49,034 alphafold2_ptm_model_4_seed_044 recycle=1 pLDDT=92 pTM=0.759 tol=0.153
2026-07-22 20:32:06,401 alphafold2_ptm_model_4_seed_044 recycle=2 pLDDT=92.4 pTM=0.772 tol=0.0554
2026-07-22 20:32:23,465 alphafold2_ptm_model_4_seed_044 recycle=3 pLDDT=92.6 pTM=0.776 tol=0.0252
2026-07-22 20:32:23,467 alphafold2_ptm_model_4_seed_044 took 68.9s (3 recycles)
2026-07-22 20:32:40,591 alphafold2_ptm_model_5_seed_044 recycle=0 pLDDT=92.1 pTM=0.747
2026-07-22 20:32:58,247 alphafold2_ptm_model_5_seed_044 recycle=1 pLDDT=93 pTM=0.762 tol=0.144
2026-07-22 20:33:15,525 alphafold2_ptm_model_5_seed_044 recycle=2 pLDDT=93.3 pTM=0.771 tol=0.0404
2026-07-22 20:33:33,248 alphafold2_ptm_model_5_seed_044 recycle=3 pLDDT=93.5 pTM=0.775 tol=0.0262
2026-07-22 20:33:33,248 alphafold2_ptm_model_5_seed_044 took 69.6s (3 recycles)
2026-07-22 20:33:33,269 reranking models by 'plddt' metric
2026-07-22 20:33:33,269 rank_001_alphafold2_ptm_model_2_seed_044 pLDDT=94.6 pTM=0.809
2026-07-22 20:33:33,271 rank_002_alphafold2_ptm_model_2_seed_043 pLDDT=94.6 pTM=0.809
2026-07-22 20:33:33,272 rank_003_alphafold2_ptm_model_2_seed_042 pLDDT=94.6 pTM=0.81
2026-07-22 20:33:33,273 rank_004_alphafold2_ptm_model_5_seed_043 pLDDT=93.6 pTM=0.775
2026-07-22 20:33:33,274 rank_005_alphafold2_ptm_model_5_seed_044 pLDDT=93.5 pTM=0.775
2026-07-22 20:33:33,276 rank_006_alphafold2_ptm_model_5_seed_042 pLDDT=93.5 pTM=0.774
2026-07-22 20:33:33,277 rank_007_alphafold2_ptm_model_3_seed_043 pLDDT=93 pTM=0.771
2026-07-22 20:33:33,278 rank_008_alphafold2_ptm_model_3_seed_044 pLDDT=92.9 pTM=0.77
2026-07-22 20:33:33,279 rank_009_alphafold2_ptm_model_3_seed_042 pLDDT=92.9 pTM=0.767
2026-07-22 20:33:33,280 rank_010_alphafold2_ptm_model_4_seed_043 pLDDT=92.7 pTM=0.777
2026-07-22 20:33:33,282 rank_011_alphafold2_ptm_model_4_seed_042 pLDDT=92.7 pTM=0.777
2026-07-22 20:33:33,283 rank_012_alphafold2_ptm_model_4_seed_044 pLDDT=92.6 pTM=0.776
2026-07-22 20:33:33,284 rank_013_alphafold2_ptm_model_1_seed_043 pLDDT=92.1 pTM=0.76
2026-07-22 20:33:33,285 rank_014_alphafold2_ptm_model_1_seed_042 pLDDT=92.1 pTM=0.758
2026-07-22 20:33:33,287 rank_015_alphafold2_ptm_model_1_seed_044 pLDDT=92 pTM=0.757
2026-07-22 20:33:37,177 Query 6/586: 5KPH_4_4_4_0_combined_id3 (length 72)
2026-07-22 20:33:39,589 Padding length to 82
2026-07-22 20:33:57,046 alphafold2_ptm_model_1_seed_042 recycle=0 pLDDT=86 pTM=0.643
2026-07-22 20:34:14,334 alphafold2_ptm_model_1_seed_042 recycle=1 pLDDT=88.3 pTM=0.691 tol=0.234
2026-07-22 20:34:31,554 alphafold2_ptm_model_1_seed_042 recycle=2 pLDDT=88.7 pTM=0.699 tol=0.12
2026-07-22 20:34:49,170 alphafold2_ptm_model_1_seed_042 recycle=3 pLDDT=88.9 pTM=0.703 tol=0.0513
2026-07-22 20:34:49,171 alphafold2_ptm_model_1_seed_042 took 69.6s (3 recycles)
2026-07-22 20:35:06,319 alphafold2_ptm_model_2_seed_042 recycle=0 pLDDT=88.3 pTM=0.695
2026-07-22 20:35:23,875 alphafold2_ptm_model_2_seed_042 recycle=1 pLDDT=89.9 pTM=0.723 tol=0.118
2026-07-22 20:35:41,362 alphafold2_ptm_model_2_seed_042 recycle=2 pLDDT=90.5 pTM=0.729 tol=0.103
2026-07-22 20:35:59,406 alphafold2_ptm_model_2_seed_042 recycle=3 pLDDT=90.8 pTM=0.734 tol=0.0467
2026-07-22 20:35:59,406 alphafold2_ptm_model_2_seed_042 took 70.2s (3 recycles)
2026-07-22 20:36:16,877 alphafold2_ptm_model_3_seed_042 recycle=0 pLDDT=87.4 pTM=0.667
2026-07-22 20:36:34,033 alphafold2_ptm_model_3_seed_042 recycle=1 pLDDT=88.8 pTM=0.692 tol=0.261
2026-07-22 20:36:50,142 alphafold2_ptm_model_3_seed_042 recycle=2 pLDDT=89.6 pTM=0.7 tol=0.141
2026-07-22 20:37:06,995 alphafold2_ptm_model_3_seed_042 recycle=3 pLDDT=90.4 pTM=0.713 tol=0.0948
2026-07-22 20:37:06,995 alphafold2_ptm_model_3_seed_042 took 67.6s (3 recycles)
2026-07-22 20:37:23,621 alphafold2_ptm_model_4_seed_042 recycle=0 pLDDT=84.8 pTM=0.647
2026-07-22 20:37:40,817 alphafold2_ptm_model_4_seed_042 recycle=1 pLDDT=86.1 pTM=0.677 tol=0.247
2026-07-22 20:37:58,519 alphafold2_ptm_model_4_seed_042 recycle=2 pLDDT=87 pTM=0.688 tol=0.174
2026-07-22 20:38:16,617 alphafold2_ptm_model_4_seed_042 recycle=3 pLDDT=87.3 pTM=0.69 tol=0.0901
2026-07-22 20:38:16,617 alphafold2_ptm_model_4_seed_042 took 69.6s (3 recycles)
2026-07-22 20:38:34,145 alphafold2_ptm_model_5_seed_042 recycle=0 pLDDT=87.4 pTM=0.683
2026-07-22 20:38:52,077 alphafold2_ptm_model_5_seed_042 recycle=1 pLDDT=90.3 pTM=0.727 tol=0.16
2026-07-22 20:39:09,441 alphafold2_ptm_model_5_seed_042 recycle=2 pLDDT=90.4 pTM=0.729 tol=0.0712
2026-07-22 20:39:27,217 alphafold2_ptm_model_5_seed_042 recycle=3 pLDDT=90.6 pTM=0.732 tol=0.0558
2026-07-22 20:39:27,218 alphafold2_ptm_model_5_seed_042 took 70.5s (3 recycles)
2026-07-22 20:39:28,368 Padding length to 82
2026-07-22 20:39:46,217 alphafold2_ptm_model_1_seed_043 recycle=0 pLDDT=86.4 pTM=0.649
2026-07-22 20:40:04,067 alphafold2_ptm_model_1_seed_043 recycle=1 pLDDT=88.3 pTM=0.69 tol=0.222
2026-07-22 20:40:21,216 alphafold2_ptm_model_1_seed_043 recycle=2 pLDDT=88.6 pTM=0.699 tol=0.118
2026-07-22 20:40:37,939 alphafold2_ptm_model_1_seed_043 recycle=3 pLDDT=88.7 pTM=0.701 tol=0.0633
2026-07-22 20:40:37,941 alphafold2_ptm_model_1_seed_043 took 69.6s (3 recycles)
2026-07-22 20:40:54,813 alphafold2_ptm_model_2_seed_043 recycle=0 pLDDT=88.4 pTM=0.696
2026-07-22 20:41:12,146 alphafold2_ptm_model_2_seed_043 recycle=1 pLDDT=90 pTM=0.73 tol=0.128
2026-07-22 20:41:29,165 alphafold2_ptm_model_2_seed_043 recycle=2 pLDDT=90.8 pTM=0.736 tol=0.0952
2026-07-22 20:41:46,655 alphafold2_ptm_model_2_seed_043 recycle=3 pLDDT=91.2 pTM=0.739 tol=0.0533
2026-07-22 20:41:46,655 alphafold2_ptm_model_2_seed_043 took 68.6s (3 recycles)
2026-07-22 20:42:05,158 alphafold2_ptm_model_3_seed_043 recycle=0 pLDDT=87.3 pTM=0.666
2026-07-22 20:42:23,181 alphafold2_ptm_model_3_seed_043 recycle=1 pLDDT=88.9 pTM=0.694 tol=0.261
2026-07-22 20:42:40,467 alphafold2_ptm_model_3_seed_043 recycle=2 pLDDT=89.6 pTM=0.701 tol=0.14
2026-07-22 20:42:58,047 alphafold2_ptm_model_3_seed_043 recycle=3 pLDDT=90.4 pTM=0.713 tol=0.109
2026-07-22 20:42:58,048 alphafold2_ptm_model_3_seed_043 took 71.3s (3 recycles)
2026-07-22 20:43:15,406 alphafold2_ptm_model_4_seed_043 recycle=0 pLDDT=84.2 pTM=0.646
2026-07-22 20:43:33,424 alphafold2_ptm_model_4_seed_043 recycle=1 pLDDT=84.8 pTM=0.669 tol=0.224
2026-07-22 20:43:50,533 alphafold2_ptm_model_4_seed_043 recycle=2 pLDDT=84.7 pTM=0.667 tol=0.101
2026-07-22 20:44:08,577 alphafold2_ptm_model_4_seed_043 recycle=3 pLDDT=84.6 pTM=0.666 tol=0.188
2026-07-22 20:44:08,577 alphafold2_ptm_model_4_seed_043 took 70.5s (3 recycles)
2026-07-22 20:44:25,709 alphafold2_ptm_model_5_seed_043 recycle=0 pLDDT=87.3 pTM=0.681
2026-07-22 20:44:43,592 alphafold2_ptm_model_5_seed_043 recycle=1 pLDDT=90.1 pTM=0.726 tol=0.163
2026-07-22 20:45:00,982 alphafold2_ptm_model_5_seed_043 recycle=2 pLDDT=90.2 pTM=0.728 tol=0.0791
2026-07-22 20:45:18,093 alphafold2_ptm_model_5_seed_043 recycle=3 pLDDT=90.5 pTM=0.73 tol=0.0505
2026-07-22 20:45:18,094 alphafold2_ptm_model_5_seed_043 took 69.5s (3 recycles)
2026-07-22 20:45:19,132 Padding length to 82
2026-07-22 20:45:35,742 alphafold2_ptm_model_1_seed_044 recycle=0 pLDDT=86.5 pTM=0.647
2026-07-22 20:45:52,402 alphafold2_ptm_model_1_seed_044 recycle=1 pLDDT=88.4 pTM=0.692 tol=0.219
2026-07-22 20:46:09,168 alphafold2_ptm_model_1_seed_044 recycle=2 pLDDT=88.6 pTM=0.698 tol=0.117
2026-07-22 20:46:26,074 alphafold2_ptm_model_1_seed_044 recycle=3 pLDDT=88.8 pTM=0.701 tol=0.0434
2026-07-22 20:46:26,075 alphafold2_ptm_model_1_seed_044 took 66.9s (3 recycles)
2026-07-22 20:46:42,980 alphafold2_ptm_model_2_seed_044 recycle=0 pLDDT=88.8 pTM=0.702
2026-07-22 20:46:59,785 alphafold2_ptm_model_2_seed_044 recycle=1 pLDDT=90.2 pTM=0.728 tol=0.125
2026-07-22 20:47:16,608 alphafold2_ptm_model_2_seed_044 recycle=2 pLDDT=90.6 pTM=0.73 tol=0.0708
2026-07-22 20:47:33,303 alphafold2_ptm_model_2_seed_044 recycle=3 pLDDT=90.9 pTM=0.736 tol=0.0518
2026-07-22 20:47:33,304 alphafold2_ptm_model_2_seed_044 took 67.2s (3 recycles)
2026-07-22 20:47:50,087 alphafold2_ptm_model_3_seed_044 recycle=0 pLDDT=87.7 pTM=0.676
2026-07-22 20:48:06,670 alphafold2_ptm_model_3_seed_044 recycle=1 pLDDT=88.8 pTM=0.692 tol=0.252
2026-07-22 20:48:23,555 alphafold2_ptm_model_3_seed_044 recycle=2 pLDDT=89.6 pTM=0.699 tol=0.143
2026-07-22 20:48:40,135 alphafold2_ptm_model_3_seed_044 recycle=3 pLDDT=90.3 pTM=0.713 tol=0.0998
2026-07-22 20:48:40,135 alphafold2_ptm_model_3_seed_044 took 66.8s (3 recycles)
2026-07-22 20:48:56,918 alphafold2_ptm_model_4_seed_044 recycle=0 pLDDT=85.2 pTM=0.653
2026-07-22 20:49:13,598 alphafold2_ptm_model_4_seed_044 recycle=1 pLDDT=87.6 pTM=0.694 tol=0.272
2026-07-22 20:49:30,695 alphafold2_ptm_model_4_seed_044 recycle=2 pLDDT=88.2 pTM=0.7 tol=0.146
2026-07-22 20:49:47,989 alphafold2_ptm_model_4_seed_044 recycle=3 pLDDT=87.9 pTM=0.697 tol=0.0709
2026-07-22 20:49:47,990 alphafold2_ptm_model_4_seed_044 took 67.8s (3 recycles)
2026-07-22 20:50:05,831 alphafold2_ptm_model_5_seed_044 recycle=0 pLDDT=87.4 pTM=0.682
2026-07-22 20:50:23,323 alphafold2_ptm_model_5_seed_044 recycle=1 pLDDT=90.2 pTM=0.727 tol=0.16
2026-07-22 20:50:40,787 alphafold2_ptm_model_5_seed_044 recycle=2 pLDDT=90.1 pTM=0.726 tol=0.0789
2026-07-22 20:50:58,024 alphafold2_ptm_model_5_seed_044 recycle=3 pLDDT=90.5 pTM=0.73 tol=0.0499
2026-07-22 20:50:58,027 alphafold2_ptm_model_5_seed_044 took 70.0s (3 recycles)
2026-07-22 20:50:58,066 reranking models by 'plddt' metric
2026-07-22 20:50:58,067 rank_001_alphafold2_ptm_model_2_seed_043 pLDDT=91.2 pTM=0.739
2026-07-22 20:50:58,069 rank_002_alphafold2_ptm_model_2_seed_044 pLDDT=90.9 pTM=0.736
2026-07-22 20:50:58,071 rank_003_alphafold2_ptm_model_2_seed_042 pLDDT=90.8 pTM=0.734
2026-07-22 20:50:58,072 rank_004_alphafold2_ptm_model_5_seed_042 pLDDT=90.6 pTM=0.732
2026-07-22 20:50:58,074 rank_005_alphafold2_ptm_model_5_seed_044 pLDDT=90.5 pTM=0.73
2026-07-22 20:50:58,075 rank_006_alphafold2_ptm_model_5_seed_043 pLDDT=90.5 pTM=0.73
2026-07-22 20:50:58,077 rank_007_alphafold2_ptm_model_3_seed_043 pLDDT=90.4 pTM=0.713
2026-07-22 20:50:58,079 rank_008_alphafold2_ptm_model_3_seed_042 pLDDT=90.4 pTM=0.713
2026-07-22 20:50:58,080 rank_009_alphafold2_ptm_model_3_seed_044 pLDDT=90.3 pTM=0.713
2026-07-22 20:50:58,082 rank_010_alphafold2_ptm_model_1_seed_042 pLDDT=88.9 pTM=0.703
2026-07-22 20:50:58,083 rank_011_alphafold2_ptm_model_1_seed_044 pLDDT=88.8 pTM=0.701
2026-07-22 20:50:58,084 rank_012_alphafold2_ptm_model_1_seed_043 pLDDT=88.7 pTM=0.701
2026-07-22 20:50:58,085 rank_013_alphafold2_ptm_model_4_seed_044 pLDDT=87.9 pTM=0.697
2026-07-22 20:50:58,087 rank_014_alphafold2_ptm_model_4_seed_042 pLDDT=87.3 pTM=0.69
2026-07-22 20:50:58,088 rank_015_alphafold2_ptm_model_4_seed_043 pLDDT=84.6 pTM=0.666
2026-07-22 20:51:02,363 Query 7/586: 5KPH_4_4_1_0_combined_id2 (length 72)
2026-07-22 20:51:05,499 Padding length to 82
2026-07-22 20:51:22,128 alphafold2_ptm_model_1_seed_042 recycle=0 pLDDT=91.6 pTM=0.731
2026-07-22 20:51:39,365 alphafold2_ptm_model_1_seed_042 recycle=1 pLDDT=92.6 pTM=0.766 tol=0.123
2026-07-22 20:51:56,944 alphafold2_ptm_model_1_seed_042 recycle=2 pLDDT=93.2 pTM=0.781 tol=0.0546
2026-07-22 20:52:14,218 alphafold2_ptm_model_1_seed_042 recycle=3 pLDDT=93.2 pTM=0.782 tol=0.0293
2026-07-22 20:52:14,219 alphafold2_ptm_model_1_seed_042 took 68.7s (3 recycles)
2026-07-22 20:52:31,538 alphafold2_ptm_model_2_seed_042 recycle=0 pLDDT=94.7 pTM=0.8
2026-07-22 20:52:48,227 alphafold2_ptm_model_2_seed_042 recycle=1 pLDDT=95.1 pTM=0.818 tol=0.112
2026-07-22 20:53:04,974 alphafold2_ptm_model_2_seed_042 recycle=2 pLDDT=95 pTM=0.819 tol=0.0466
2026-07-22 20:53:21,527 alphafold2_ptm_model_2_seed_042 recycle=3 pLDDT=95 pTM=0.819 tol=0.0297
2026-07-22 20:53:21,528 alphafold2_ptm_model_2_seed_042 took 67.3s (3 recycles)
2026-07-22 20:53:38,245 alphafold2_ptm_model_3_seed_042 recycle=0 pLDDT=92.2 pTM=0.748
2026-07-22 20:53:55,637 alphafold2_ptm_model_3_seed_042 recycle=1 pLDDT=93.5 pTM=0.778 tol=0.124
2026-07-22 20:54:13,483 alphafold2_ptm_model_3_seed_042 recycle=2 pLDDT=94 pTM=0.787 tol=0.0514
2026-07-22 20:54:30,936 alphafold2_ptm_model_3_seed_042 recycle=3 pLDDT=94.6 pTM=0.796 tol=0.0478
2026-07-22 20:54:30,938 alphafold2_ptm_model_3_seed_042 took 69.4s (3 recycles)
2026-07-22 20:54:48,781 alphafold2_ptm_model_4_seed_042 recycle=0 pLDDT=91.8 pTM=0.769
2026-07-22 20:55:05,599 alphafold2_ptm_model_4_seed_042 recycle=1 pLDDT=93 pTM=0.791 tol=0.124
2026-07-22 20:55:23,128 alphafold2_ptm_model_4_seed_042 recycle=2 pLDDT=93.4 pTM=0.798 tol=0.0414
2026-07-22 20:55:40,718 alphafold2_ptm_model_4_seed_042 recycle=3 pLDDT=93.6 pTM=0.8 tol=0.0207
2026-07-22 20:55:40,719 alphafold2_ptm_model_4_seed_042 took 69.7s (3 recycles)
2026-07-22 20:55:57,846 alphafold2_ptm_model_5_seed_042 recycle=0 pLDDT=92.3 pTM=0.767
2026-07-22 20:56:14,733 alphafold2_ptm_model_5_seed_042 recycle=1 pLDDT=93.3 pTM=0.782 tol=0.149
2026-07-22 20:56:31,507 alphafold2_ptm_model_5_seed_042 recycle=2 pLDDT=93.6 pTM=0.786 tol=0.0409
2026-07-22 20:56:49,448 alphafold2_ptm_model_5_seed_042 recycle=3 pLDDT=93.8 pTM=0.789 tol=0.0233
2026-07-22 20:56:49,448 alphafold2_ptm_model_5_seed_042 took 68.7s (3 recycles)
2026-07-22 20:56:51,252 Padding length to 82
2026-07-22 20:57:08,125 alphafold2_ptm_model_1_seed_043 recycle=0 pLDDT=91.6 pTM=0.733
2026-07-22 20:57:24,792 alphafold2_ptm_model_1_seed_043 recycle=1 pLDDT=92.6 pTM=0.767 tol=0.129
2026-07-22 20:57:42,186 alphafold2_ptm_model_1_seed_043 recycle=2 pLDDT=93.1 pTM=0.779 tol=0.0546
2026-07-22 20:57:59,500 alphafold2_ptm_model_1_seed_043 recycle=3 pLDDT=93.2 pTM=0.781 tol=0.0268
2026-07-22 20:57:59,501 alphafold2_ptm_model_1_seed_043 took 68.2s (3 recycles)
2026-07-22 20:58:17,549 alphafold2_ptm_model_2_seed_043 recycle=0 pLDDT=94.6 pTM=0.8
2026-07-22 20:58:35,656 alphafold2_ptm_model_2_seed_043 recycle=1 pLDDT=95 pTM=0.818 tol=0.115
2026-07-22 20:58:53,618 alphafold2_ptm_model_2_seed_043 recycle=2 pLDDT=95 pTM=0.819 tol=0.0383
2026-07-22 20:59:10,757 alphafold2_ptm_model_2_seed_043 recycle=3 pLDDT=95 pTM=0.819 tol=0.0252
2026-07-22 20:59:10,758 alphafold2_ptm_model_2_seed_043 took 71.2s (3 recycles)
2026-07-22 20:59:27,394 alphafold2_ptm_model_3_seed_043 recycle=0 pLDDT=92.2 pTM=0.75
2026-07-22 20:59:44,806 alphafold2_ptm_model_3_seed_043 recycle=1 pLDDT=93.6 pTM=0.78 tol=0.121
2026-07-22 21:00:01,973 alphafold2_ptm_model_3_seed_043 recycle=2 pLDDT=94.1 pTM=0.788 tol=0.0476
2026-07-22 21:00:18,849 alphafold2_ptm_model_3_seed_043 recycle=3 pLDDT=94.7 pTM=0.798 tol=0.0435
2026-07-22 21:00:18,850 alphafold2_ptm_model_3_seed_043 took 68.1s (3 recycles)
2026-07-22 21:00:35,595 alphafold2_ptm_model_4_seed_043 recycle=0 pLDDT=91.7 pTM=0.765
2026-07-22 21:00:52,532 alphafold2_ptm_model_4_seed_043 recycle=1 pLDDT=93.1 pTM=0.792 tol=0.114
2026-07-22 21:01:10,090 alphafold2_ptm_model_4_seed_043 recycle=2 pLDDT=93.4 pTM=0.797 tol=0.0405
2026-07-22 21:01:28,189 alphafold2_ptm_model_4_seed_043 recycle=3 pLDDT=93.6 pTM=0.8 tol=0.0235
2026-07-22 21:01:28,190 alphafold2_ptm_model_4_seed_043 took 69.3s (3 recycles)
2026-07-22 21:01:45,704 alphafold2_ptm_model_5_seed_043 recycle=0 pLDDT=92.4 pTM=0.766
2026-07-22 21:02:03,166 alphafold2_ptm_model_5_seed_043 recycle=1 pLDDT=93.4 pTM=0.784 tol=0.138
2026-07-22 21:02:20,269 alphafold2_ptm_model_5_seed_043 recycle=2 pLDDT=93.6 pTM=0.786 tol=0.0456
2026-07-22 21:02:38,008 alphafold2_ptm_model_5_seed_043 recycle=3 pLDDT=93.7 pTM=0.788 tol=0.0222
2026-07-22 21:02:38,008 alphafold2_ptm_model_5_seed_043 took 69.8s (3 recycles)
2026-07-22 21:02:39,140 Padding length to 82
2026-07-22 21:02:56,454 alphafold2_ptm_model_1_seed_044 recycle=0 pLDDT=91.7 pTM=0.732
2026-07-22 21:03:14,321 alphafold2_ptm_model_1_seed_044 recycle=1 pLDDT=92.7 pTM=0.767 tol=0.122
2026-07-22 21:03:32,126 alphafold2_ptm_model_1_seed_044 recycle=2 pLDDT=93.1 pTM=0.78 tol=0.0566
2026-07-22 21:03:49,502 alphafold2_ptm_model_1_seed_044 recycle=3 pLDDT=93.2 pTM=0.782 tol=0.0258
2026-07-22 21:03:49,503 alphafold2_ptm_model_1_seed_044 took 70.4s (3 recycles)
2026-07-22 21:04:06,833 alphafold2_ptm_model_2_seed_044 recycle=0 pLDDT=94.8 pTM=0.803
2026-07-22 21:04:23,857 alphafold2_ptm_model_2_seed_044 recycle=1 pLDDT=95.1 pTM=0.818 tol=0.123
2026-07-22 21:04:40,750 alphafold2_ptm_model_2_seed_044 recycle=2 pLDDT=95 pTM=0.818 tol=0.0506
2026-07-22 21:04:58,789 alphafold2_ptm_model_2_seed_044 recycle=3 pLDDT=95 pTM=0.819 tol=0.0249
2026-07-22 21:04:58,790 alphafold2_ptm_model_2_seed_044 took 69.2s (3 recycles)
2026-07-22 21:05:16,148 alphafold2_ptm_model_3_seed_044 recycle=0 pLDDT=92.2 pTM=0.75
2026-07-22 21:05:34,002 alphafold2_ptm_model_3_seed_044 recycle=1 pLDDT=93.4 pTM=0.779 tol=0.121
2026-07-22 21:05:51,319 alphafold2_ptm_model_3_seed_044 recycle=2 pLDDT=94.1 pTM=0.788 tol=0.048
2026-07-22 21:06:08,351 alphafold2_ptm_model_3_seed_044 recycle=3 pLDDT=94.6 pTM=0.796 tol=0.0284
2026-07-22 21:06:08,352 alphafold2_ptm_model_3_seed_044 took 69.5s (3 recycles)
2026-07-22 21:06:25,615 alphafold2_ptm_model_4_seed_044 recycle=0 pLDDT=91.7 pTM=0.765
2026-07-22 21:06:43,317 alphafold2_ptm_model_4_seed_044 recycle=1 pLDDT=93.1 pTM=0.792 tol=0.117
2026-07-22 21:07:00,949 alphafold2_ptm_model_4_seed_044 recycle=2 pLDDT=93.4 pTM=0.798 tol=0.0393
2026-07-22 21:07:18,363 alphafold2_ptm_model_4_seed_044 recycle=3 pLDDT=93.6 pTM=0.801 tol=0.0269
2026-07-22 21:07:18,364 alphafold2_ptm_model_4_seed_044 took 70.0s (3 recycles)
2026-07-22 21:07:35,445 alphafold2_ptm_model_5_seed_044 recycle=0 pLDDT=92.1 pTM=0.761
2026-07-22 21:07:52,878 alphafold2_ptm_model_5_seed_044 recycle=1 pLDDT=93.3 pTM=0.782 tol=0.152
2026-07-22 21:08:09,892 alphafold2_ptm_model_5_seed_044 recycle=2 pLDDT=93.6 pTM=0.785 tol=0.0409
2026-07-22 21:08:27,343 alphafold2_ptm_model_5_seed_044 recycle=3 pLDDT=93.8 pTM=0.789 tol=0.0231
2026-07-22 21:08:27,344 alphafold2_ptm_model_5_seed_044 took 68.9s (3 recycles)
2026-07-22 21:08:27,405 reranking models by 'plddt' metric
2026-07-22 21:08:27,405 rank_001_alphafold2_ptm_model_2_seed_044 pLDDT=95 pTM=0.819
2026-07-22 21:08:27,407 rank_002_alphafold2_ptm_model_2_seed_043 pLDDT=95 pTM=0.819
2026-07-22 21:08:27,408 rank_003_alphafold2_ptm_model_2_seed_042 pLDDT=95 pTM=0.819
2026-07-22 21:08:27,409 rank_004_alphafold2_ptm_model_3_seed_043 pLDDT=94.7 pTM=0.798
2026-07-22 21:08:27,411 rank_005_alphafold2_ptm_model_3_seed_044 pLDDT=94.6 pTM=0.796
2026-07-22 21:08:27,412 rank_006_alphafold2_ptm_model_3_seed_042 pLDDT=94.6 pTM=0.796
2026-07-22 21:08:27,413 rank_007_alphafold2_ptm_model_5_seed_044 pLDDT=93.8 pTM=0.789
2026-07-22 21:08:27,414 rank_008_alphafold2_ptm_model_5_seed_042 pLDDT=93.8 pTM=0.789
2026-07-22 21:08:27,415 rank_009_alphafold2_ptm_model_5_seed_043 pLDDT=93.7 pTM=0.788
2026-07-22 21:08:27,417 rank_010_alphafold2_ptm_model_4_seed_044 pLDDT=93.6 pTM=0.801
2026-07-22 21:08:27,418 rank_011_alphafold2_ptm_model_4_seed_043 pLDDT=93.6 pTM=0.8
2026-07-22 21:08:27,419 rank_012_alphafold2_ptm_model_4_seed_042 pLDDT=93.6 pTM=0.8
2026-07-22 21:08:27,420 rank_013_alphafold2_ptm_model_1_seed_044 pLDDT=93.2 pTM=0.782
2026-07-22 21:08:27,421 rank_014_alphafold2_ptm_model_1_seed_042 pLDDT=93.2 pTM=0.782
2026-07-22 21:08:27,423 rank_015_alphafold2_ptm_model_1_seed_043 pLDDT=93.2 pTM=0.781
2026-07-22 21:08:30,839 Query 8/586: 5KPH_4_6_6_0_combined_id9 (length 72)
2026-07-22 21:08:33,521 Padding length to 82
2026-07-22 21:08:50,693 alphafold2_ptm_model_1_seed_042 recycle=0 pLDDT=87.2 pTM=0.646
2026-07-22 21:09:08,040 alphafold2_ptm_model_1_seed_042 recycle=1 pLDDT=90.3 pTM=0.704 tol=0.351
2026-07-22 21:09:24,925 alphafold2_ptm_model_1_seed_042 recycle=2 pLDDT=90.9 pTM=0.713 tol=0.0823
2026-07-22 21:09:42,394 alphafold2_ptm_model_1_seed_042 recycle=3 pLDDT=91.2 pTM=0.717 tol=0.0407
2026-07-22 21:09:42,394 alphafold2_ptm_model_1_seed_042 took 68.9s (3 recycles)
2026-07-22 21:10:00,086 alphafold2_ptm_model_2_seed_042 recycle=0 pLDDT=90.8 pTM=0.73
2026-07-22 21:10:17,590 alphafold2_ptm_model_2_seed_042 recycle=1 pLDDT=93.1 pTM=0.773 tol=0.242
2026-07-22 21:10:35,404 alphafold2_ptm_model_2_seed_042 recycle=2 pLDDT=93.6 pTM=0.785 tol=0.0522
2026-07-22 21:10:53,227 alphafold2_ptm_model_2_seed_042 recycle=3 pLDDT=93.9 pTM=0.79 tol=0.0263
2026-07-22 21:10:53,228 alphafold2_ptm_model_2_seed_042 took 70.8s (3 recycles)
2026-07-22 21:11:10,384 alphafold2_ptm_model_3_seed_042 recycle=0 pLDDT=88.4 pTM=0.684
2026-07-22 21:11:27,235 alphafold2_ptm_model_3_seed_042 recycle=1 pLDDT=88.2 pTM=0.681 tol=0.226
2026-07-22 21:11:44,084 alphafold2_ptm_model_3_seed_042 recycle=2 pLDDT=88.4 pTM=0.689 tol=0.134
2026-07-22 21:12:01,768 alphafold2_ptm_model_3_seed_042 recycle=3 pLDDT=88.6 pTM=0.691 tol=0.08
2026-07-22 21:12:01,769 alphafold2_ptm_model_3_seed_042 took 68.5s (3 recycles)
2026-07-22 21:12:19,096 alphafold2_ptm_model_4_seed_042 recycle=0 pLDDT=89.1 pTM=0.693
2026-07-22 21:12:36,342 alphafold2_ptm_model_4_seed_042 recycle=1 pLDDT=90.4 pTM=0.724 tol=0.161
2026-07-22 21:12:53,204 alphafold2_ptm_model_4_seed_042 recycle=2 pLDDT=90.9 pTM=0.734 tol=0.0507
2026-07-22 21:13:10,436 alphafold2_ptm_model_4_seed_042 recycle=3 pLDDT=91.6 pTM=0.744 tol=0.0351
2026-07-22 21:13:10,436 alphafold2_ptm_model_4_seed_042 took 68.6s (3 recycles)
2026-07-22 21:13:28,130 alphafold2_ptm_model_5_seed_042 recycle=0 pLDDT=86.9 pTM=0.678
2026-07-22 21:13:44,941 alphafold2_ptm_model_5_seed_042 recycle=1 pLDDT=88.6 pTM=0.687 tol=0.265
2026-07-22 21:14:01,652 alphafold2_ptm_model_5_seed_042 recycle=2 pLDDT=88.2 pTM=0.684 tol=0.0693
2026-07-22 21:14:18,740 alphafold2_ptm_model_5_seed_042 recycle=3 pLDDT=88.1 pTM=0.682 tol=0.0539
2026-07-22 21:14:18,740 alphafold2_ptm_model_5_seed_042 took 68.3s (3 recycles)
2026-07-22 21:14:20,110 Padding length to 82
2026-07-22 21:14:37,083 alphafold2_ptm_model_1_seed_043 recycle=0 pLDDT=86.8 pTM=0.638
2026-07-22 21:14:54,479 alphafold2_ptm_model_1_seed_043 recycle=1 pLDDT=90.3 pTM=0.702 tol=0.329
2026-07-22 21:15:11,468 alphafold2_ptm_model_1_seed_043 recycle=2 pLDDT=91 pTM=0.712 tol=0.0723
2026-07-22 21:15:28,597 alphafold2_ptm_model_1_seed_043 recycle=3 pLDDT=91.1 pTM=0.715 tol=0.0391
2026-07-22 21:15:28,598 alphafold2_ptm_model_1_seed_043 took 68.5s (3 recycles)
2026-07-22 21:15:45,492 alphafold2_ptm_model_2_seed_043 recycle=0 pLDDT=90.8 pTM=0.73
2026-07-22 21:16:02,309 alphafold2_ptm_model_2_seed_043 recycle=1 pLDDT=93.2 pTM=0.775 tol=0.247
2026-07-22 21:16:20,073 alphafold2_ptm_model_2_seed_043 recycle=2 pLDDT=93.6 pTM=0.784 tol=0.0493
2026-07-22 21:16:37,660 alphafold2_ptm_model_2_seed_043 recycle=3 pLDDT=93.8 pTM=0.788 tol=0.024
2026-07-22 21:16:37,660 alphafold2_ptm_model_2_seed_043 took 69.0s (3 recycles)
2026-07-22 21:16:54,550 alphafold2_ptm_model_3_seed_043 recycle=0 pLDDT=88.4 pTM=0.685
2026-07-22 21:17:11,966 alphafold2_ptm_model_3_seed_043 recycle=1 pLDDT=88 pTM=0.682 tol=0.191
2026-07-22 21:17:28,224 alphafold2_ptm_model_3_seed_043 recycle=2 pLDDT=87.9 pTM=0.683 tol=0.114
2026-07-22 21:17:44,985 alphafold2_ptm_model_3_seed_043 recycle=3 pLDDT=88 pTM=0.686 tol=0.0709
2026-07-22 21:17:44,985 alphafold2_ptm_model_3_seed_043 took 67.3s (3 recycles)
2026-07-22 21:18:01,395 alphafold2_ptm_model_4_seed_043 recycle=0 pLDDT=88.8 pTM=0.69
2026-07-22 21:18:18,587 alphafold2_ptm_model_4_seed_043 recycle=1 pLDDT=90.4 pTM=0.723 tol=0.168
2026-07-22 21:18:35,462 alphafold2_ptm_model_4_seed_043 recycle=2 pLDDT=91.1 pTM=0.735 tol=0.049
2026-07-22 21:18:51,907 alphafold2_ptm_model_4_seed_043 recycle=3 pLDDT=91.6 pTM=0.744 tol=0.0282
2026-07-22 21:18:51,908 alphafold2_ptm_model_4_seed_043 took 66.9s (3 recycles)
2026-07-22 21:19:08,437 alphafold2_ptm_model_5_seed_043 recycle=0 pLDDT=86.3 pTM=0.673
2026-07-22 21:19:24,993 alphafold2_ptm_model_5_seed_043 recycle=1 pLDDT=87.2 pTM=0.673 tol=0.237
2026-07-22 21:19:41,740 alphafold2_ptm_model_5_seed_043 recycle=2 pLDDT=86.9 pTM=0.667 tol=0.0779
2026-07-22 21:19:58,573 alphafold2_ptm_model_5_seed_043 recycle=3 pLDDT=86.9 pTM=0.667 tol=0.0511
2026-07-22 21:19:58,574 alphafold2_ptm_model_5_seed_043 took 66.6s (3 recycles)
2026-07-22 21:19:59,588 Padding length to 82
2026-07-22 21:20:16,170 alphafold2_ptm_model_1_seed_044 recycle=0 pLDDT=86.6 pTM=0.63
2026-07-22 21:20:33,044 alphafold2_ptm_model_1_seed_044 recycle=1 pLDDT=90.2 pTM=0.7 tol=0.311
2026-07-22 21:20:49,644 alphafold2_ptm_model_1_seed_044 recycle=2 pLDDT=90.9 pTM=0.71 tol=0.0875
2026-07-22 21:21:06,377 alphafold2_ptm_model_1_seed_044 recycle=3 pLDDT=91.1 pTM=0.715 tol=0.0377
2026-07-22 21:21:06,378 alphafold2_ptm_model_1_seed_044 took 66.8s (3 recycles)
2026-07-22 21:21:23,220 alphafold2_ptm_model_2_seed_044 recycle=0 pLDDT=90.7 pTM=0.729
2026-07-22 21:21:39,459 alphafold2_ptm_model_2_seed_044 recycle=1 pLDDT=93.3 pTM=0.778 tol=0.248
2026-07-22 21:21:55,683 alphafold2_ptm_model_2_seed_044 recycle=2 pLDDT=93.7 pTM=0.785 tol=0.0446
2026-07-22 21:22:12,177 alphafold2_ptm_model_2_seed_044 recycle=3 pLDDT=93.8 pTM=0.789 tol=0.0215
2026-07-22 21:22:12,177 alphafold2_ptm_model_2_seed_044 took 65.7s (3 recycles)
2026-07-22 21:22:28,984 alphafold2_ptm_model_3_seed_044 recycle=0 pLDDT=88.4 pTM=0.684
2026-07-22 21:22:45,436 alphafold2_ptm_model_3_seed_044 recycle=1 pLDDT=87.9 pTM=0.679 tol=0.206
2026-07-22 21:23:01,847 alphafold2_ptm_model_3_seed_044 recycle=2 pLDDT=88.1 pTM=0.683 tol=0.11
2026-07-22 21:23:18,536 alphafold2_ptm_model_3_seed_044 recycle=3 pLDDT=88.3 pTM=0.689 tol=0.09
2026-07-22 21:23:18,542 alphafold2_ptm_model_3_seed_044 took 66.3s (3 recycles)
2026-07-22 21:23:34,899 alphafold2_ptm_model_4_seed_044 recycle=0 pLDDT=88.9 pTM=0.692
2026-07-22 21:23:51,365 alphafold2_ptm_model_4_seed_044 recycle=1 pLDDT=90.3 pTM=0.722 tol=0.15
2026-07-22 21:24:08,030 alphafold2_ptm_model_4_seed_044 recycle=2 pLDDT=90.9 pTM=0.734 tol=0.0546
2026-07-22 21:24:25,017 alphafold2_ptm_model_4_seed_044 recycle=3 pLDDT=91.7 pTM=0.746 tol=0.0395
2026-07-22 21:24:25,018 alphafold2_ptm_model_4_seed_044 took 66.4s (3 recycles)
2026-07-22 21:24:43,165 alphafold2_ptm_model_5_seed_044 recycle=0 pLDDT=86.7 pTM=0.674
2026-07-22 21:25:01,269 alphafold2_ptm_model_5_seed_044 recycle=1 pLDDT=88.2 pTM=0.684 tol=0.264
2026-07-22 21:25:18,794 alphafold2_ptm_model_5_seed_044 recycle=2 pLDDT=88 pTM=0.681 tol=0.0777
2026-07-22 21:25:35,963 alphafold2_ptm_model_5_seed_044 recycle=3 pLDDT=87.9 pTM=0.68 tol=0.0452
2026-07-22 21:25:35,964 alphafold2_ptm_model_5_seed_044 took 70.9s (3 recycles)
2026-07-22 21:25:36,012 reranking models by 'plddt' metric
2026-07-22 21:25:36,012 rank_001_alphafold2_ptm_model_2_seed_042 pLDDT=93.9 pTM=0.79
2026-07-22 21:25:36,013 rank_002_alphafold2_ptm_model_2_seed_044 pLDDT=93.8 pTM=0.789
2026-07-22 21:25:36,015 rank_003_alphafold2_ptm_model_2_seed_043 pLDDT=93.8 pTM=0.788
2026-07-22 21:25:36,016 rank_004_alphafold2_ptm_model_4_seed_044 pLDDT=91.7 pTM=0.746
2026-07-22 21:25:36,017 rank_005_alphafold2_ptm_model_4_seed_043 pLDDT=91.6 pTM=0.744
2026-07-22 21:25:36,018 rank_006_alphafold2_ptm_model_4_seed_042 pLDDT=91.6 pTM=0.744
2026-07-22 21:25:36,020 rank_007_alphafold2_ptm_model_1_seed_042 pLDDT=91.2 pTM=0.717
2026-07-22 21:25:36,021 rank_008_alphafold2_ptm_model_1_seed_043 pLDDT=91.1 pTM=0.715
2026-07-22 21:25:36,022 rank_009_alphafold2_ptm_model_1_seed_044 pLDDT=91.1 pTM=0.715
2026-07-22 21:25:36,023 rank_010_alphafold2_ptm_model_3_seed_042 pLDDT=88.6 pTM=0.691
2026-07-22 21:25:36,025 rank_011_alphafold2_ptm_model_3_seed_044 pLDDT=88.3 pTM=0.689
2026-07-22 21:25:36,026 rank_012_alphafold2_ptm_model_5_seed_042 pLDDT=88.1 pTM=0.682
2026-07-22 21:25:36,027 rank_013_alphafold2_ptm_model_3_seed_043 pLDDT=88 pTM=0.686
2026-07-22 21:25:36,028 rank_014_alphafold2_ptm_model_5_seed_044 pLDDT=87.9 pTM=0.68
2026-07-22 21:25:36,030 rank_015_alphafold2_ptm_model_5_seed_043 pLDDT=86.9 pTM=0.667
2026-07-22 21:25:39,199 Query 9/586: 5KPH_4_6_6_0_combined_id4 (length 72)
2026-07-22 21:25:41,867 Padding length to 82
2026-07-22 21:25:58,522 alphafold2_ptm_model_1_seed_042 recycle=0 pLDDT=84.4 pTM=0.593
2026-07-22 21:26:15,219 alphafold2_ptm_model_1_seed_042 recycle=1 pLDDT=86.4 pTM=0.65 tol=0.524
2026-07-22 21:26:31,948 alphafold2_ptm_model_1_seed_042 recycle=2 pLDDT=86.4 pTM=0.641 tol=0.239
2026-07-22 21:26:48,701 alphafold2_ptm_model_1_seed_042 recycle=3 pLDDT=86.6 pTM=0.643 tol=0.192
2026-07-22 21:26:48,701 alphafold2_ptm_model_1_seed_042 took 66.8s (3 recycles)
2026-07-22 21:27:05,855 alphafold2_ptm_model_2_seed_042 recycle=0 pLDDT=87.8 pTM=0.667
2026-07-22 21:27:22,219 alphafold2_ptm_model_2_seed_042 recycle=1 pLDDT=87.2 pTM=0.662 tol=0.525
2026-07-22 21:27:38,919 alphafold2_ptm_model_2_seed_042 recycle=2 pLDDT=88.7 pTM=0.683 tol=0.217
2026-07-22 21:27:55,929 alphafold2_ptm_model_2_seed_042 recycle=3 pLDDT=88.3 pTM=0.681 tol=0.592
2026-07-22 21:27:55,930 alphafold2_ptm_model_2_seed_042 took 67.2s (3 recycles)
2026-07-22 21:28:13,438 alphafold2_ptm_model_3_seed_042 recycle=0 pLDDT=87.2 pTM=0.641
2026-07-22 21:28:31,291 alphafold2_ptm_model_3_seed_042 recycle=1 pLDDT=86.6 pTM=0.636 tol=0.194
2026-07-22 21:28:48,963 alphafold2_ptm_model_3_seed_042 recycle=2 pLDDT=87.2 pTM=0.647 tol=0.0895
2026-07-22 21:29:05,763 alphafold2_ptm_model_3_seed_042 recycle=3 pLDDT=86.4 pTM=0.64 tol=0.0867
2026-07-22 21:29:05,765 alphafold2_ptm_model_3_seed_042 took 69.8s (3 recycles)
2026-07-22 21:29:23,295 alphafold2_ptm_model_4_seed_042 recycle=0 pLDDT=85.5 pTM=0.63
2026-07-22 21:29:41,106 alphafold2_ptm_model_4_seed_042 recycle=1 pLDDT=87.3 pTM=0.657 tol=0.721
2026-07-22 21:29:58,642 alphafold2_ptm_model_4_seed_042 recycle=2 pLDDT=86.9 pTM=0.652 tol=0.215
2026-07-22 21:30:16,114 alphafold2_ptm_model_4_seed_042 recycle=3 pLDDT=86.2 pTM=0.645 tol=0.146
2026-07-22 21:30:16,115 alphafold2_ptm_model_4_seed_042 took 70.3s (3 recycles)
2026-07-22 21:30:33,935 alphafold2_ptm_model_5_seed_042 recycle=0 pLDDT=84.3 pTM=0.629
2026-07-22 21:30:51,527 alphafold2_ptm_model_5_seed_042 recycle=1 pLDDT=87.5 pTM=0.662 tol=0.46
2026-07-22 21:31:08,748 alphafold2_ptm_model_5_seed_042 recycle=2 pLDDT=87.2 pTM=0.659 tol=0.244
2026-07-22 21:31:26,035 alphafold2_ptm_model_5_seed_042 recycle=3 pLDDT=87.2 pTM=0.66 tol=0.13
2026-07-22 21:31:26,036 alphafold2_ptm_model_5_seed_042 took 69.9s (3 recycles)
2026-07-22 21:31:27,389 Padding length to 82
2026-07-22 21:31:44,852 alphafold2_ptm_model_1_seed_043 recycle=0 pLDDT=82.8 pTM=0.567
2026-07-22 21:32:02,574 alphafold2_ptm_model_1_seed_043 recycle=1 pLDDT=86.4 pTM=0.648 tol=0.345
2026-07-22 21:32:20,434 alphafold2_ptm_model_1_seed_043 recycle=2 pLDDT=86.6 pTM=0.642 tol=0.265
2026-07-22 21:32:38,142 alphafold2_ptm_model_1_seed_043 recycle=3 pLDDT=86.6 pTM=0.643 tol=0.127
2026-07-22 21:32:38,143 alphafold2_ptm_model_1_seed_043 took 70.8s (3 recycles)
2026-07-22 21:32:55,171 alphafold2_ptm_model_2_seed_043 recycle=0 pLDDT=87.4 pTM=0.661
2026-07-22 21:33:12,285 alphafold2_ptm_model_2_seed_043 recycle=1 pLDDT=86.9 pTM=0.658 tol=0.469
2026-07-22 21:33:30,333 alphafold2_ptm_model_2_seed_043 recycle=2 pLDDT=88.6 pTM=0.68 tol=0.266
2026-07-22 21:33:48,863 alphafold2_ptm_model_2_seed_043 recycle=3 pLDDT=88.2 pTM=0.679 tol=0.622
2026-07-22 21:33:48,863 alphafold2_ptm_model_2_seed_043 took 70.6s (3 recycles)
2026-07-22 21:34:07,295 alphafold2_ptm_model_3_seed_043 recycle=0 pLDDT=87.2 pTM=0.639
2026-07-22 21:34:24,974 alphafold2_ptm_model_3_seed_043 recycle=1 pLDDT=87.4 pTM=0.646 tol=0.154
2026-07-22 21:34:42,948 alphafold2_ptm_model_3_seed_043 recycle=2 pLDDT=86.7 pTM=0.638 tol=0.2
2026-07-22 21:35:00,844 alphafold2_ptm_model_3_seed_043 recycle=3 pLDDT=86.7 pTM=0.641 tol=0.0941
2026-07-22 21:35:00,845 alphafold2_ptm_model_3_seed_043 took 71.9s (3 recycles)
2026-07-22 21:35:18,785 alphafold2_ptm_model_4_seed_043 recycle=0 pLDDT=84.9 pTM=0.624
2026-07-22 21:35:36,258 alphafold2_ptm_model_4_seed_043 recycle=1 pLDDT=87.2 pTM=0.657 tol=0.716
2026-07-22 21:35:54,456 alphafold2_ptm_model_4_seed_043 recycle=2 pLDDT=86.8 pTM=0.652 tol=0.235
2026-07-22 21:36:12,226 alphafold2_ptm_model_4_seed_043 recycle=3 pLDDT=86.3 pTM=0.646 tol=0.185
2026-07-22 21:36:12,227 alphafold2_ptm_model_4_seed_043 took 71.4s (3 recycles)
2026-07-22 21:36:30,491 alphafold2_ptm_model_5_seed_043 recycle=0 pLDDT=84.1 pTM=0.629
2026-07-22 21:36:49,210 alphafold2_ptm_model_5_seed_043 recycle=1 pLDDT=87.5 pTM=0.664 tol=0.441
2026-07-22 21:37:07,097 alphafold2_ptm_model_5_seed_043 recycle=2 pLDDT=87.3 pTM=0.659 tol=0.233
2026-07-22 21:37:25,237 alphafold2_ptm_model_5_seed_043 recycle=3 pLDDT=87.2 pTM=0.66 tol=0.112
2026-07-22 21:37:25,237 alphafold2_ptm_model_5_seed_043 took 73.0s (3 recycles)
2026-07-22 21:37:27,074 Padding length to 82
2026-07-22 21:37:44,253 alphafold2_ptm_model_1_seed_044 recycle=0 pLDDT=83 pTM=0.57
2026-07-22 21:38:01,602 alphafold2_ptm_model_1_seed_044 recycle=1 pLDDT=86.2 pTM=0.65 tol=0.409
2026-07-22 21:38:20,223 alphafold2_ptm_model_1_seed_044 recycle=2 pLDDT=86.8 pTM=0.644 tol=0.232
2026-07-22 21:38:38,424 alphafold2_ptm_model_1_seed_044 recycle=3 pLDDT=86.4 pTM=0.643 tol=0.207
2026-07-22 21:38:38,424 alphafold2_ptm_model_1_seed_044 took 71.3s (3 recycles)
2026-07-22 21:38:56,985 alphafold2_ptm_model_2_seed_044 recycle=0 pLDDT=87.7 pTM=0.665
2026-07-22 21:39:14,494 alphafold2_ptm_model_2_seed_044 recycle=1 pLDDT=87.4 pTM=0.668 tol=0.763
2026-07-22 21:39:32,599 alphafold2_ptm_model_2_seed_044 recycle=2 pLDDT=88.6 pTM=0.684 tol=0.218
2026-07-22 21:39:50,200 alphafold2_ptm_model_2_seed_044 recycle=3 pLDDT=88.3 pTM=0.681 tol=0.596
2026-07-22 21:39:50,200 alphafold2_ptm_model_2_seed_044 took 71.7s (3 recycles)
2026-07-22 21:40:08,607 alphafold2_ptm_model_3_seed_044 recycle=0 pLDDT=87.1 pTM=0.64
2026-07-22 21:40:26,765 alphafold2_ptm_model_3_seed_044 recycle=1 pLDDT=87.5 pTM=0.649 tol=0.154
2026-07-22 21:40:45,284 alphafold2_ptm_model_3_seed_044 recycle=2 pLDDT=86.9 pTM=0.644 tol=0.161
2026-07-22 21:41:03,778 alphafold2_ptm_model_3_seed_044 recycle=3 pLDDT=86.9 pTM=0.645 tol=0.0807
2026-07-22 21:41:03,778 alphafold2_ptm_model_3_seed_044 took 73.5s (3 recycles)
2026-07-22 21:41:22,262 alphafold2_ptm_model_4_seed_044 recycle=0 pLDDT=85 pTM=0.625
2026-07-22 21:41:41,156 alphafold2_ptm_model_4_seed_044 recycle=1 pLDDT=87.2 pTM=0.656 tol=0.635
2026-07-22 21:41:59,610 alphafold2_ptm_model_4_seed_044 recycle=2 pLDDT=86.9 pTM=0.652 tol=0.19
2026-07-22 21:42:17,061 alphafold2_ptm_model_4_seed_044 recycle=3 pLDDT=86.4 pTM=0.646 tol=0.16
2026-07-22 21:42:17,062 alphafold2_ptm_model_4_seed_044 took 73.2s (3 recycles)
2026-07-22 21:42:35,222 alphafold2_ptm_model_5_seed_044 recycle=0 pLDDT=84.6 pTM=0.632
2026-07-22 21:42:52,924 alphafold2_ptm_model_5_seed_044 recycle=1 pLDDT=87.1 pTM=0.661 tol=0.672
2026-07-22 21:43:10,489 alphafold2_ptm_model_5_seed_044 recycle=2 pLDDT=87.4 pTM=0.662 tol=0.225
2026-07-22 21:43:28,451 alphafold2_ptm_model_5_seed_044 recycle=3 pLDDT=87.4 pTM=0.664 tol=0.0976
2026-07-22 21:43:28,452 alphafold2_ptm_model_5_seed_044 took 71.4s (3 recycles)
2026-07-22 21:43:28,492 reranking models by 'plddt' metric
2026-07-22 21:43:28,500 rank_001_alphafold2_ptm_model_2_seed_044 pLDDT=88.3 pTM=0.681
2026-07-22 21:43:28,521 rank_002_alphafold2_ptm_model_2_seed_042 pLDDT=88.3 pTM=0.681
2026-07-22 21:43:28,523 rank_003_alphafold2_ptm_model_2_seed_043 pLDDT=88.2 pTM=0.679
2026-07-22 21:43:28,525 rank_004_alphafold2_ptm_model_5_seed_044 pLDDT=87.4 pTM=0.664
2026-07-22 21:43:28,526 rank_005_alphafold2_ptm_model_5_seed_043 pLDDT=87.2 pTM=0.66
2026-07-22 21:43:28,528 rank_006_alphafold2_ptm_model_5_seed_042 pLDDT=87.2 pTM=0.66
2026-07-22 21:43:28,529 rank_007_alphafold2_ptm_model_3_seed_044 pLDDT=86.9 pTM=0.645
2026-07-22 21:43:28,531 rank_008_alphafold2_ptm_model_3_seed_043 pLDDT=86.7 pTM=0.641
2026-07-22 21:43:28,532 rank_009_alphafold2_ptm_model_1_seed_043 pLDDT=86.6 pTM=0.643
2026-07-22 21:43:28,534 rank_010_alphafold2_ptm_model_1_seed_042 pLDDT=86.6 pTM=0.643
2026-07-22 21:43:28,535 rank_011_alphafold2_ptm_model_1_seed_044 pLDDT=86.4 pTM=0.643
2026-07-22 21:43:28,536 rank_012_alphafold2_ptm_model_3_seed_042 pLDDT=86.4 pTM=0.64
2026-07-22 21:43:28,538 rank_013_alphafold2_ptm_model_4_seed_044 pLDDT=86.4 pTM=0.646
2026-07-22 21:43:28,539 rank_014_alphafold2_ptm_model_4_seed_043 pLDDT=86.3 pTM=0.646
2026-07-22 21:43:28,540 rank_015_alphafold2_ptm_model_4_seed_042 pLDDT=86.2 pTM=0.645
2026-07-22 21:43:31,864 Query 10/586: 5KPH_4_4_0_0_combined_id2 (length 72)
2026-07-22 21:43:34,244 Padding length to 82
2026-07-22 21:43:51,983 alphafold2_ptm_model_1_seed_042 recycle=0 pLDDT=85.4 pTM=0.62
2026-07-22 21:44:09,203 alphafold2_ptm_model_1_seed_042 recycle=1 pLDDT=87.4 pTM=0.67 tol=0.126
2026-07-22 21:44:26,658 alphafold2_ptm_model_1_seed_042 recycle=2 pLDDT=87.4 pTM=0.671 tol=0.0584
2026-07-22 21:44:44,190 alphafold2_ptm_model_1_seed_042 recycle=3 pLDDT=87.4 pTM=0.673 tol=0.0318
2026-07-22 21:44:44,191 alphafold2_ptm_model_1_seed_042 took 69.9s (3 recycles)
2026-07-22 21:45:01,407 alphafold2_ptm_model_2_seed_042 recycle=0 pLDDT=86.8 pTM=0.668
2026-07-22 21:45:19,289 alphafold2_ptm_model_2_seed_042 recycle=1 pLDDT=87.9 pTM=0.694 tol=0.207
2026-07-22 21:45:37,884 alphafold2_ptm_model_2_seed_042 recycle=2 pLDDT=88.2 pTM=0.696 tol=0.0962
2026-07-22 21:45:55,773 alphafold2_ptm_model_2_seed_042 recycle=3 pLDDT=88.2 pTM=0.697 tol=0.0419
2026-07-22 21:45:55,774 alphafold2_ptm_model_2_seed_042 took 71.5s (3 recycles)
2026-07-22 21:46:14,002 alphafold2_ptm_model_3_seed_042 recycle=0 pLDDT=84.3 pTM=0.629
2026-07-22 21:46:31,772 alphafold2_ptm_model_3_seed_042 recycle=1 pLDDT=87 pTM=0.664 tol=0.351
2026-07-22 21:46:49,475 alphafold2_ptm_model_3_seed_042 recycle=2 pLDDT=86.4 pTM=0.659 tol=0.085
2026-07-22 21:47:06,985 alphafold2_ptm_model_3_seed_042 recycle=3 pLDDT=86.5 pTM=0.655 tol=0.0917
2026-07-22 21:47:06,985 alphafold2_ptm_model_3_seed_042 took 71.2s (3 recycles)
2026-07-22 21:47:25,053 alphafold2_ptm_model_4_seed_042 recycle=0 pLDDT=86.2 pTM=0.665
2026-07-22 21:47:42,566 alphafold2_ptm_model_4_seed_042 recycle=1 pLDDT=87.2 pTM=0.683 tol=0.264
2026-07-22 21:47:59,709 alphafold2_ptm_model_4_seed_042 recycle=2 pLDDT=86.8 pTM=0.676 tol=0.0844
2026-07-22 21:48:17,339 alphafold2_ptm_model_4_seed_042 recycle=3 pLDDT=86.6 pTM=0.674 tol=0.0545
2026-07-22 21:48:17,340 alphafold2_ptm_model_4_seed_042 took 70.3s (3 recycles)
2026-07-22 21:48:34,547 alphafold2_ptm_model_5_seed_042 recycle=0 pLDDT=85.2 pTM=0.662
2026-07-22 21:48:52,910 alphafold2_ptm_model_5_seed_042 recycle=1 pLDDT=87.6 pTM=0.688 tol=0.388
2026-07-22 21:49:10,698 alphafold2_ptm_model_5_seed_042 recycle=2 pLDDT=87.8 pTM=0.684 tol=0.0971
2026-07-22 21:49:28,827 alphafold2_ptm_model_5_seed_042 recycle=3 pLDDT=87.8 pTM=0.683 tol=0.0567
2026-07-22 21:49:28,828 alphafold2_ptm_model_5_seed_042 took 71.4s (3 recycles)
2026-07-22 21:49:29,968 Padding length to 82
2026-07-22 21:49:47,997 alphafold2_ptm_model_1_seed_043 recycle=0 pLDDT=85.6 pTM=0.623
2026-07-22 21:50:05,340 alphafold2_ptm_model_1_seed_043 recycle=1 pLDDT=87.6 pTM=0.672 tol=0.123
2026-07-22 21:50:22,945 alphafold2_ptm_model_1_seed_043 recycle=2 pLDDT=87.4 pTM=0.673 tol=0.0667
2026-07-22 21:50:40,336 alphafold2_ptm_model_1_seed_043 recycle=3 pLDDT=87.4 pTM=0.674 tol=0.0388
2026-07-22 21:50:40,337 alphafold2_ptm_model_1_seed_043 took 70.4s (3 recycles)
2026-07-22 21:50:57,967 alphafold2_ptm_model_2_seed_043 recycle=0 pLDDT=86.9 pTM=0.674
2026-07-22 21:51:16,533 alphafold2_ptm_model_2_seed_043 recycle=1 pLDDT=88 pTM=0.695 tol=0.214
2026-07-22 21:51:34,372 alphafold2_ptm_model_2_seed_043 recycle=2 pLDDT=88.2 pTM=0.696 tol=0.0935
2026-07-22 21:51:52,179 alphafold2_ptm_model_2_seed_043 recycle=3 pLDDT=88.4 pTM=0.697 tol=0.0312
2026-07-22 21:51:52,179 alphafold2_ptm_model_2_seed_043 took 71.8s (3 recycles)
2026-07-22 21:52:10,191 alphafold2_ptm_model_3_seed_043 recycle=0 pLDDT=84.1 pTM=0.627
2026-07-22 21:52:28,289 alphafold2_ptm_model_3_seed_043 recycle=1 pLDDT=86.9 pTM=0.662 tol=0.382
2026-07-22 21:52:45,952 alphafold2_ptm_model_3_seed_043 recycle=2 pLDDT=86.2 pTM=0.657 tol=0.0895
2026-07-22 21:53:03,358 alphafold2_ptm_model_3_seed_043 recycle=3 pLDDT=86.4 pTM=0.653 tol=0.0894
2026-07-22 21:53:03,358 alphafold2_ptm_model_3_seed_043 took 71.1s (3 recycles)
2026-07-22 21:53:21,821 alphafold2_ptm_model_4_seed_043 recycle=0 pLDDT=86.2 pTM=0.666
2026-07-22 21:53:40,024 alphafold2_ptm_model_4_seed_043 recycle=1 pLDDT=86.9 pTM=0.68 tol=0.277
2026-07-22 21:53:57,928 alphafold2_ptm_model_4_seed_043 recycle=2 pLDDT=86.4 pTM=0.672 tol=0.0917
2026-07-22 21:54:15,616 alphafold2_ptm_model_4_seed_043 recycle=3 pLDDT=86.4 pTM=0.671 tol=0.0727
2026-07-22 21:54:15,617 alphafold2_ptm_model_4_seed_043 took 72.2s (3 recycles)
2026-07-22 21:54:33,682 alphafold2_ptm_model_5_seed_043 recycle=0 pLDDT=85.4 pTM=0.666
2026-07-22 21:54:51,720 alphafold2_ptm_model_5_seed_043 recycle=1 pLDDT=87.8 pTM=0.689 tol=0.372
2026-07-22 21:55:09,775 alphafold2_ptm_model_5_seed_043 recycle=2 pLDDT=87.8 pTM=0.684 tol=0.0981
2026-07-22 21:55:26,819 alphafold2_ptm_model_5_seed_043 recycle=3 pLDDT=87.8 pTM=0.682 tol=0.0551
2026-07-22 21:55:26,819 alphafold2_ptm_model_5_seed_043 took 71.1s (3 recycles)
2026-07-22 21:55:28,015 Padding length to 82
2026-07-22 21:55:46,317 alphafold2_ptm_model_1_seed_044 recycle=0 pLDDT=85.4 pTM=0.621
2026-07-22 21:56:04,387 alphafold2_ptm_model_1_seed_044 recycle=1 pLDDT=87.4 pTM=0.67 tol=0.127
2026-07-22 21:56:22,324 alphafold2_ptm_model_1_seed_044 recycle=2 pLDDT=87.4 pTM=0.671 tol=0.0777
2026-07-22 21:56:40,432 alphafold2_ptm_model_1_seed_044 recycle=3 pLDDT=87.4 pTM=0.672 tol=0.0448
2026-07-22 21:56:40,432 alphafold2_ptm_model_1_seed_044 took 72.4s (3 recycles)
2026-07-22 21:56:58,853 alphafold2_ptm_model_2_seed_044 recycle=0 pLDDT=87.2 pTM=0.675
2026-07-22 21:57:16,877 alphafold2_ptm_model_2_seed_044 recycle=1 pLDDT=88.1 pTM=0.697 tol=0.214
2026-07-22 21:57:35,033 alphafold2_ptm_model_2_seed_044 recycle=2 pLDDT=88.4 pTM=0.697 tol=0.0926
2026-07-22 21:57:53,133 alphafold2_ptm_model_2_seed_044 recycle=3 pLDDT=88.2 pTM=0.695 tol=0.0456
2026-07-22 21:57:53,134 alphafold2_ptm_model_2_seed_044 took 72.7s (3 recycles)
2026-07-22 21:58:11,244 alphafold2_ptm_model_3_seed_044 recycle=0 pLDDT=84.1 pTM=0.626
2026-07-22 21:58:28,944 alphafold2_ptm_model_3_seed_044 recycle=1 pLDDT=87 pTM=0.664 tol=0.288
2026-07-22 21:58:46,778 alphafold2_ptm_model_3_seed_044 recycle=2 pLDDT=86.6 pTM=0.661 tol=0.0796
2026-07-22 21:59:05,042 alphafold2_ptm_model_3_seed_044 recycle=3 pLDDT=86.6 pTM=0.655 tol=0.107
2026-07-22 21:59:05,044 alphafold2_ptm_model_3_seed_044 took 71.9s (3 recycles)
2026-07-22 21:59:23,089 alphafold2_ptm_model_4_seed_044 recycle=0 pLDDT=86.1 pTM=0.663
2026-07-22 21:59:41,319 alphafold2_ptm_model_4_seed_044 recycle=1 pLDDT=87 pTM=0.682 tol=0.274
2026-07-22 21:59:58,941 alphafold2_ptm_model_4_seed_044 recycle=2 pLDDT=86.6 pTM=0.675 tol=0.0922
2026-07-22 22:00:15,974 alphafold2_ptm_model_4_seed_044 recycle=3 pLDDT=86.3 pTM=0.671 tol=0.0663
2026-07-22 22:00:15,974 alphafold2_ptm_model_4_seed_044 took 70.9s (3 recycles)
2026-07-22 22:00:33,391 alphafold2_ptm_model_5_seed_044 recycle=0 pLDDT=85.2 pTM=0.659
2026-07-22 22:00:50,460 alphafold2_ptm_model_5_seed_044 recycle=1 pLDDT=87.7 pTM=0.688 tol=0.386
2026-07-22 22:01:07,404 alphafold2_ptm_model_5_seed_044 recycle=2 pLDDT=87.9 pTM=0.684 tol=0.101
2026-07-22 22:01:23,918 alphafold2_ptm_model_5_seed_044 recycle=3 pLDDT=87.9 pTM=0.684 tol=0.0541
2026-07-22 22:01:23,918 alphafold2_ptm_model_5_seed_044 took 67.9s (3 recycles)
2026-07-22 22:01:23,984 reranking models by 'plddt' metric
2026-07-22 22:01:23,985 rank_001_alphafold2_ptm_model_2_seed_043 pLDDT=88.4 pTM=0.697
2026-07-22 22:01:23,987 rank_002_alphafold2_ptm_model_2_seed_044 pLDDT=88.2 pTM=0.695
2026-07-22 22:01:23,988 rank_003_alphafold2_ptm_model_2_seed_042 pLDDT=88.2 pTM=0.697
2026-07-22 22:01:23,990 rank_004_alphafold2_ptm_model_5_seed_044 pLDDT=87.9 pTM=0.684
2026-07-22 22:01:23,992 rank_005_alphafold2_ptm_model_5_seed_043 pLDDT=87.8 pTM=0.682
2026-07-22 22:01:23,994 rank_006_alphafold2_ptm_model_5_seed_042 pLDDT=87.8 pTM=0.683
2026-07-22 22:01:23,995 rank_007_alphafold2_ptm_model_1_seed_043 pLDDT=87.4 pTM=0.674
2026-07-22 22:01:23,997 rank_008_alphafold2_ptm_model_1_seed_044 pLDDT=87.4 pTM=0.672
2026-07-22 22:01:23,999 rank_009_alphafold2_ptm_model_1_seed_042 pLDDT=87.4 pTM=0.673
2026-07-22 22:01:24,001 rank_010_alphafold2_ptm_model_3_seed_044 pLDDT=86.6 pTM=0.655
2026-07-22 22:01:24,002 rank_011_alphafold2_ptm_model_4_seed_042 pLDDT=86.6 pTM=0.674
2026-07-22 22:01:24,003 rank_012_alphafold2_ptm_model_3_seed_042 pLDDT=86.5 pTM=0.655
2026-07-22 22:01:24,004 rank_013_alphafold2_ptm_model_4_seed_043 pLDDT=86.4 pTM=0.671
2026-07-22 22:01:24,005 rank_014_alphafold2_ptm_model_3_seed_043 pLDDT=86.4 pTM=0.653
2026-07-22 22:01:24,006 rank_015_alphafold2_ptm_model_4_seed_044 pLDDT=86.3 pTM=0.671
2026-07-22 22:01:27,453 Query 11/586: 5KPH_2_2_0_0_combined_id0 (length 72)
2026-07-22 22:01:29,637 Padding length to 82
2026-07-22 22:01:46,753 alphafold2_ptm_model_1_seed_042 recycle=0 pLDDT=91.8 pTM=0.744
2026-07-22 22:02:04,014 alphafold2_ptm_model_1_seed_042 recycle=1 pLDDT=93.4 pTM=0.778 tol=0.148
2026-07-22 22:02:21,453 alphafold2_ptm_model_1_seed_042 recycle=2 pLDDT=93.8 pTM=0.785 tol=0.0502
2026-07-22 22:02:39,001 alphafold2_ptm_model_1_seed_042 recycle=3 pLDDT=93.9 pTM=0.786 tol=0.036
2026-07-22 22:02:39,002 alphafold2_ptm_model_1_seed_042 took 69.4s (3 recycles)
2026-07-22 22:02:56,065 alphafold2_ptm_model_2_seed_042 recycle=0 pLDDT=93.2 pTM=0.784
2026-07-22 22:03:13,281 alphafold2_ptm_model_2_seed_042 recycle=1 pLDDT=95 pTM=0.814 tol=0.15
2026-07-22 22:03:30,343 alphafold2_ptm_model_2_seed_042 recycle=2 pLDDT=95.2 pTM=0.817 tol=0.0452
2026-07-22 22:03:47,417 alphafold2_ptm_model_2_seed_042 recycle=3 pLDDT=95.2 pTM=0.817 tol=0.0193
2026-07-22 22:03:47,418 alphafold2_ptm_model_2_seed_042 took 68.4s (3 recycles)
2026-07-22 22:04:04,709 alphafold2_ptm_model_3_seed_042 recycle=0 pLDDT=90.2 pTM=0.72
2026-07-22 22:04:21,680 alphafold2_ptm_model_3_seed_042 recycle=1 pLDDT=93.6 pTM=0.775 tol=0.212
2026-07-22 22:04:38,738 alphafold2_ptm_model_3_seed_042 recycle=2 pLDDT=94.5 pTM=0.792 tol=0.0627
2026-07-22 22:04:56,025 alphafold2_ptm_model_3_seed_042 recycle=3 pLDDT=94.6 pTM=0.793 tol=0.0492
2026-07-22 22:04:56,025 alphafold2_ptm_model_3_seed_042 took 68.2s (3 recycles)
2026-07-22 22:05:13,029 alphafold2_ptm_model_4_seed_042 recycle=0 pLDDT=90.3 pTM=0.746
2026-07-22 22:05:30,112 alphafold2_ptm_model_4_seed_042 recycle=1 pLDDT=93.4 pTM=0.79 tol=0.116
2026-07-22 22:05:47,426 alphafold2_ptm_model_4_seed_042 recycle=2 pLDDT=94.2 pTM=0.804 tol=0.046
2026-07-22 22:06:04,437 alphafold2_ptm_model_4_seed_042 recycle=3 pLDDT=94.6 pTM=0.81 tol=0.0308
2026-07-22 22:06:04,439 alphafold2_ptm_model_4_seed_042 took 68.4s (3 recycles)
2026-07-22 22:06:21,611 alphafold2_ptm_model_5_seed_042 recycle=0 pLDDT=92.7 pTM=0.765
2026-07-22 22:06:39,936 alphafold2_ptm_model_5_seed_042 recycle=1 pLDDT=94.1 pTM=0.792 tol=0.233
2026-07-22 22:06:57,867 alphafold2_ptm_model_5_seed_042 recycle=2 pLDDT=94.6 pTM=0.802 tol=0.0778
2026-07-22 22:07:15,999 alphafold2_ptm_model_5_seed_042 recycle=3 pLDDT=95 pTM=0.806 tol=0.0336
2026-07-22 22:07:16,000 alphafold2_ptm_model_5_seed_042 took 71.5s (3 recycles)
2026-07-22 22:07:17,371 Padding length to 82
2026-07-22 22:07:35,603 alphafold2_ptm_model_1_seed_043 recycle=0 pLDDT=91.8 pTM=0.745
2026-07-22 22:07:52,968 alphafold2_ptm_model_1_seed_043 recycle=1 pLDDT=93.5 pTM=0.78 tol=0.156
2026-07-22 22:08:10,273 alphafold2_ptm_model_1_seed_043 recycle=2 pLDDT=93.8 pTM=0.785 tol=0.0454
2026-07-22 22:08:27,636 alphafold2_ptm_model_1_seed_043 recycle=3 pLDDT=93.9 pTM=0.784 tol=0.027
2026-07-22 22:08:27,636 alphafold2_ptm_model_1_seed_043 took 70.3s (3 recycles)
2026-07-22 22:08:45,836 alphafold2_ptm_model_2_seed_043 recycle=0 pLDDT=93.1 pTM=0.786
2026-07-22 22:09:03,129 alphafold2_ptm_model_2_seed_043 recycle=1 pLDDT=95 pTM=0.815 tol=0.137
2026-07-22 22:09:20,582 alphafold2_ptm_model_2_seed_043 recycle=2 pLDDT=95.2 pTM=0.817 tol=0.0386
2026-07-22 22:09:38,165 alphafold2_ptm_model_2_seed_043 recycle=3 pLDDT=95.2 pTM=0.816 tol=0.0201
2026-07-22 22:09:38,165 alphafold2_ptm_model_2_seed_043 took 70.5s (3 recycles)
2026-07-22 22:09:56,544 alphafold2_ptm_model_3_seed_043 recycle=0 pLDDT=90.4 pTM=0.722
2026-07-22 22:10:14,807 alphafold2_ptm_model_3_seed_043 recycle=1 pLDDT=93.7 pTM=0.778 tol=0.214
2026-07-22 22:10:32,642 alphafold2_ptm_model_3_seed_043 recycle=2 pLDDT=94.6 pTM=0.792 tol=0.062
2026-07-22 22:10:50,614 alphafold2_ptm_model_3_seed_043 recycle=3 pLDDT=94.6 pTM=0.794 tol=0.0516
2026-07-22 22:10:50,615 alphafold2_ptm_model_3_seed_043 took 72.4s (3 recycles)
2026-07-22 22:11:08,189 alphafold2_ptm_model_4_seed_043 recycle=0 pLDDT=90.2 pTM=0.739
2026-07-22 22:11:25,785 alphafold2_ptm_model_4_seed_043 recycle=1 pLDDT=93.6 pTM=0.787 tol=0.136
2026-07-22 22:11:43,751 alphafold2_ptm_model_4_seed_043 recycle=2 pLDDT=94.4 pTM=0.801 tol=0.0473
2026-07-22 22:12:01,624 alphafold2_ptm_model_4_seed_043 recycle=3 pLDDT=94.7 pTM=0.807 tol=0.0278
2026-07-22 22:12:01,625 alphafold2_ptm_model_4_seed_043 took 71.0s (3 recycles)
2026-07-22 22:12:18,965 alphafold2_ptm_model_5_seed_043 recycle=0 pLDDT=92.7 pTM=0.768
2026-07-22 22:12:36,444 alphafold2_ptm_model_5_seed_043 recycle=1 pLDDT=94.2 pTM=0.796 tol=0.253
2026-07-22 22:12:54,111 alphafold2_ptm_model_5_seed_043 recycle=2 pLDDT=94.8 pTM=0.803 tol=0.0739
2026-07-22 22:13:11,710 alphafold2_ptm_model_5_seed_043 recycle=3 pLDDT=95.1 pTM=0.805 tol=0.0349
2026-07-22 22:13:11,710 alphafold2_ptm_model_5_seed_043 took 70.0s (3 recycles)
2026-07-22 22:13:12,953 Padding length to 82
2026-07-22 22:13:30,443 alphafold2_ptm_model_1_seed_044 recycle=0 pLDDT=91.6 pTM=0.741
2026-07-22 22:13:48,080 alphafold2_ptm_model_1_seed_044 recycle=1 pLDDT=93.3 pTM=0.777 tol=0.172
2026-07-22 22:14:05,901 alphafold2_ptm_model_1_seed_044 recycle=2 pLDDT=93.7 pTM=0.782 tol=0.0526
2026-07-22 22:14:23,998 alphafold2_ptm_model_1_seed_044 recycle=3 pLDDT=93.9 pTM=0.785 tol=0.0286
2026-07-22 22:14:23,998 alphafold2_ptm_model_1_seed_044 took 71.0s (3 recycles)
2026-07-22 22:14:42,392 alphafold2_ptm_model_2_seed_044 recycle=0 pLDDT=93.1 pTM=0.786
2026-07-22 22:15:00,045 alphafold2_ptm_model_2_seed_044 recycle=1 pLDDT=94.9 pTM=0.814 tol=0.155
2026-07-22 22:15:18,215 alphafold2_ptm_model_2_seed_044 recycle=2 pLDDT=95.1 pTM=0.817 tol=0.0439
2026-07-22 22:15:36,277 alphafold2_ptm_model_2_seed_044 recycle=3 pLDDT=95.2 pTM=0.817 tol=0.02
2026-07-22 22:15:36,277 alphafold2_ptm_model_2_seed_044 took 72.2s (3 recycles)
2026-07-22 22:15:54,117 alphafold2_ptm_model_3_seed_044 recycle=0 pLDDT=90 pTM=0.716
2026-07-22 22:16:12,249 alphafold2_ptm_model_3_seed_044 recycle=1 pLDDT=93.6 pTM=0.776 tol=0.242
2026-07-22 22:16:30,885 alphafold2_ptm_model_3_seed_044 recycle=2 pLDDT=94.4 pTM=0.79 tol=0.0642
2026-07-22 22:16:49,862 alphafold2_ptm_model_3_seed_044 recycle=3 pLDDT=94.6 pTM=0.794 tol=0.0521
2026-07-22 22:16:49,862 alphafold2_ptm_model_3_seed_044 took 73.5s (3 recycles)
2026-07-22 22:17:08,464 alphafold2_ptm_model_4_seed_044 recycle=0 pLDDT=90.6 pTM=0.747
2026-07-22 22:17:26,294 alphafold2_ptm_model_4_seed_044 recycle=1 pLDDT=93.9 pTM=0.793 tol=0.16
2026-07-22 22:17:44,320 alphafold2_ptm_model_4_seed_044 recycle=2 pLDDT=94.5 pTM=0.804 tol=0.0445
2026-07-22 22:18:01,601 alphafold2_ptm_model_4_seed_044 recycle=3 pLDDT=94.8 pTM=0.809 tol=0.0343
2026-07-22 22:18:01,602 alphafold2_ptm_model_4_seed_044 took 71.7s (3 recycles)
2026-07-22 22:18:20,063 alphafold2_ptm_model_5_seed_044 recycle=0 pLDDT=92.5 pTM=0.762
2026-07-22 22:18:38,545 alphafold2_ptm_model_5_seed_044 recycle=1 pLDDT=94.2 pTM=0.794 tol=0.261
2026-07-22 22:18:56,360 alphafold2_ptm_model_5_seed_044 recycle=2 pLDDT=94.6 pTM=0.8 tol=0.0776
2026-07-22 22:19:13,736 alphafold2_ptm_model_5_seed_044 recycle=3 pLDDT=95.1 pTM=0.806 tol=0.0302
2026-07-22 22:19:13,737 alphafold2_ptm_model_5_seed_044 took 72.1s (3 recycles)
2026-07-22 22:19:13,833 reranking models by 'plddt' metric
2026-07-22 22:19:13,834 rank_001_alphafold2_ptm_model_2_seed_043 pLDDT=95.2 pTM=0.816
2026-07-22 22:19:13,850 rank_002_alphafold2_ptm_model_2_seed_042 pLDDT=95.2 pTM=0.817
2026-07-22 22:19:13,857 rank_003_alphafold2_ptm_model_2_seed_044 pLDDT=95.2 pTM=0.817
2026-07-22 22:19:13,859 rank_004_alphafold2_ptm_model_5_seed_044 pLDDT=95.1 pTM=0.806
2026-07-22 22:19:13,861 rank_005_alphafold2_ptm_model_5_seed_043 pLDDT=95.1 pTM=0.805
2026-07-22 22:19:13,862 rank_006_alphafold2_ptm_model_5_seed_042 pLDDT=95 pTM=0.806
2026-07-22 22:19:13,863 rank_007_alphafold2_ptm_model_4_seed_044 pLDDT=94.8 pTM=0.809
2026-07-22 22:19:13,864 rank_008_alphafold2_ptm_model_4_seed_043 pLDDT=94.7 pTM=0.807
2026-07-22 22:19:13,866 rank_009_alphafold2_ptm_model_3_seed_043 pLDDT=94.6 pTM=0.794
2026-07-22 22:19:13,867 rank_010_alphafold2_ptm_model_3_seed_042 pLDDT=94.6 pTM=0.793
2026-07-22 22:19:13,868 rank_011_alphafold2_ptm_model_3_seed_044 pLDDT=94.6 pTM=0.794
2026-07-22 22:19:13,870 rank_012_alphafold2_ptm_model_4_seed_042 pLDDT=94.6 pTM=0.81
2026-07-22 22:19:13,871 rank_013_alphafold2_ptm_model_1_seed_042 pLDDT=93.9 pTM=0.786
2026-07-22 22:19:13,872 rank_014_alphafold2_ptm_model_1_seed_044 pLDDT=93.9 pTM=0.785
2026-07-22 22:19:13,873 rank_015_alphafold2_ptm_model_1_seed_043 pLDDT=93.9 pTM=0.784
2026-07-22 22:19:17,463 Query 12/586: 5KPH_4_8_3_0_combined_id1 (length 72)
2026-07-22 22:19:19,770 Padding length to 82
2026-07-22 22:19:36,884 alphafold2_ptm_model_1_seed_042 recycle=0 pLDDT=86.2 pTM=0.659
2026-07-22 22:19:54,618 alphafold2_ptm_model_1_seed_042 recycle=1 pLDDT=91.6 pTM=0.748 tol=0.317
2026-07-22 22:20:12,874 alphafold2_ptm_model_1_seed_042 recycle=2 pLDDT=92.8 pTM=0.768 tol=0.0841
2026-07-22 22:20:30,546 alphafold2_ptm_model_1_seed_042 recycle=3 pLDDT=93.5 pTM=0.78 tol=0.0531
2026-07-22 22:20:30,546 alphafold2_ptm_model_1_seed_042 took 70.8s (3 recycles)
2026-07-22 22:20:48,571 alphafold2_ptm_model_2_seed_042 recycle=0 pLDDT=86.5 pTM=0.685
2026-07-22 22:21:06,805 alphafold2_ptm_model_2_seed_042 recycle=1 pLDDT=93.3 pTM=0.777 tol=0.4
2026-07-22 22:21:24,822 alphafold2_ptm_model_2_seed_042 recycle=2 pLDDT=94.2 pTM=0.797 tol=0.0651
2026-07-22 22:21:42,800 alphafold2_ptm_model_2_seed_042 recycle=3 pLDDT=95 pTM=0.807 tol=0.0409
2026-07-22 22:21:42,800 alphafold2_ptm_model_2_seed_042 took 72.2s (3 recycles)
2026-07-22 22:22:00,675 alphafold2_ptm_model_3_seed_042 recycle=0 pLDDT=86.5 pTM=0.668
2026-07-22 22:22:17,487 alphafold2_ptm_model_3_seed_042 recycle=1 pLDDT=86.9 pTM=0.682 tol=0.323
2026-07-22 22:22:35,300 alphafold2_ptm_model_3_seed_042 recycle=2 pLDDT=87.2 pTM=0.687 tol=0.0908
2026-07-22 22:22:53,068 alphafold2_ptm_model_3_seed_042 recycle=3 pLDDT=88.3 pTM=0.698 tol=0.0641
2026-07-22 22:22:53,069 alphafold2_ptm_model_3_seed_042 took 70.2s (3 recycles)
2026-07-22 22:23:11,321 alphafold2_ptm_model_4_seed_042 recycle=0 pLDDT=88.5 pTM=0.713
2026-07-22 22:23:29,704 alphafold2_ptm_model_4_seed_042 recycle=1 pLDDT=92.3 pTM=0.772 tol=0.182
2026-07-22 22:23:47,594 alphafold2_ptm_model_4_seed_042 recycle=2 pLDDT=93.8 pTM=0.792 tol=0.0544
2026-07-22 22:24:05,532 alphafold2_ptm_model_4_seed_042 recycle=3 pLDDT=94.4 pTM=0.799 tol=0.0234
2026-07-22 22:24:05,534 alphafold2_ptm_model_4_seed_042 took 72.4s (3 recycles)
2026-07-22 22:24:23,829 alphafold2_ptm_model_5_seed_042 recycle=0 pLDDT=87.7 pTM=0.683
2026-07-22 22:24:41,398 alphafold2_ptm_model_5_seed_042 recycle=1 pLDDT=91.6 pTM=0.751 tol=0.181
2026-07-22 22:24:58,634 alphafold2_ptm_model_5_seed_042 recycle=2 pLDDT=92.7 pTM=0.767 tol=0.0746
2026-07-22 22:25:16,779 alphafold2_ptm_model_5_seed_042 recycle=3 pLDDT=93.4 pTM=0.775 tol=0.0343
2026-07-22 22:25:16,780 alphafold2_ptm_model_5_seed_042 took 71.2s (3 recycles)
2026-07-22 22:25:18,030 Padding length to 82
2026-07-22 22:25:35,627 alphafold2_ptm_model_1_seed_043 recycle=0 pLDDT=83.9 pTM=0.619
2026-07-22 22:25:54,160 alphafold2_ptm_model_1_seed_043 recycle=1 pLDDT=89.7 pTM=0.718 tol=0.354
2026-07-22 22:26:11,421 alphafold2_ptm_model_1_seed_043 recycle=2 pLDDT=91.9 pTM=0.75 tol=0.0868
2026-07-22 22:26:29,573 alphafold2_ptm_model_1_seed_043 recycle=3 pLDDT=93.1 pTM=0.773 tol=0.083
2026-07-22 22:26:29,573 alphafold2_ptm_model_1_seed_043 took 71.5s (3 recycles)
2026-07-22 22:26:47,330 alphafold2_ptm_model_2_seed_043 recycle=0 pLDDT=83.5 pTM=0.657
2026-07-22 22:27:05,275 alphafold2_ptm_model_2_seed_043 recycle=1 pLDDT=92.6 pTM=0.769 tol=1.12
2026-07-22 22:27:23,398 alphafold2_ptm_model_2_seed_043 recycle=2 pLDDT=93.9 pTM=0.792 tol=0.0979
2026-07-22 22:27:41,472 alphafold2_ptm_model_2_seed_043 recycle=3 pLDDT=94.7 pTM=0.803 tol=0.0479
2026-07-22 22:27:41,473 alphafold2_ptm_model_2_seed_043 took 71.8s (3 recycles)
2026-07-22 22:27:59,800 alphafold2_ptm_model_3_seed_043 recycle=0 pLDDT=86.9 pTM=0.673
2026-07-22 22:28:17,563 alphafold2_ptm_model_3_seed_043 recycle=1 pLDDT=87.7 pTM=0.695 tol=0.206
2026-07-22 22:28:35,652 alphafold2_ptm_model_3_seed_043 recycle=2 pLDDT=88.7 pTM=0.704 tol=0.064
2026-07-22 22:28:53,646 alphafold2_ptm_model_3_seed_043 recycle=3 pLDDT=89.8 pTM=0.718 tol=0.057
2026-07-22 22:28:53,646 alphafold2_ptm_model_3_seed_043 took 72.0s (3 recycles)
2026-07-22 22:29:11,999 alphafold2_ptm_model_4_seed_043 recycle=0 pLDDT=90.4 pTM=0.736
2026-07-22 22:29:29,868 alphafold2_ptm_model_4_seed_043 recycle=1 pLDDT=92.8 pTM=0.776 tol=0.149
2026-07-22 22:29:47,221 alphafold2_ptm_model_4_seed_043 recycle=2 pLDDT=94.1 pTM=0.794 tol=0.0588
2026-07-22 22:30:04,668 alphafold2_ptm_model_4_seed_043 recycle=3 pLDDT=94.5 pTM=0.801 tol=0.0248
2026-07-22 22:30:04,669 alphafold2_ptm_model_4_seed_043 took 71.0s (3 recycles)
2026-07-22 22:30:23,002 alphafold2_ptm_model_5_seed_043 recycle=0 pLDDT=87.4 pTM=0.68
2026-07-22 22:30:41,002 alphafold2_ptm_model_5_seed_043 recycle=1 pLDDT=91.5 pTM=0.748 tol=0.213
2026-07-22 22:30:58,346 alphafold2_ptm_model_5_seed_043 recycle=2 pLDDT=92.4 pTM=0.761 tol=0.0682
2026-07-22 22:31:15,959 alphafold2_ptm_model_5_seed_043 recycle=3 pLDDT=93.2 pTM=0.774 tol=0.0437
2026-07-22 22:31:15,959 alphafold2_ptm_model_5_seed_043 took 71.2s (3 recycles)
2026-07-22 22:31:17,482 Padding length to 82
2026-07-22 22:31:35,737 alphafold2_ptm_model_1_seed_044 recycle=0 pLDDT=85.6 pTM=0.64
2026-07-22 22:31:54,203 alphafold2_ptm_model_1_seed_044 recycle=1 pLDDT=91 pTM=0.739 tol=0.266
2026-07-22 22:32:12,846 alphafold2_ptm_model_1_seed_044 recycle=2 pLDDT=92.4 pTM=0.76 tol=0.0695
2026-07-22 22:32:30,933 alphafold2_ptm_model_1_seed_044 recycle=3 pLDDT=93.2 pTM=0.776 tol=0.0668
2026-07-22 22:32:30,934 alphafold2_ptm_model_1_seed_044 took 73.5s (3 recycles)
2026-07-22 22:32:49,040 alphafold2_ptm_model_2_seed_044 recycle=0 pLDDT=89.9 pTM=0.725
2026-07-22 22:33:07,432 alphafold2_ptm_model_2_seed_044 recycle=1 pLDDT=93.9 pTM=0.786 tol=0.243
2026-07-22 22:33:26,062 alphafold2_ptm_model_2_seed_044 recycle=2 pLDDT=94.4 pTM=0.8 tol=0.0549
2026-07-22 22:33:44,675 alphafold2_ptm_model_2_seed_044 recycle=3 pLDDT=94.9 pTM=0.807 tol=0.0369
2026-07-22 22:33:44,675 alphafold2_ptm_model_2_seed_044 took 73.7s (3 recycles)
2026-07-22 22:34:02,990 alphafold2_ptm_model_3_seed_044 recycle=0 pLDDT=86.5 pTM=0.67
2026-07-22 22:34:21,352 alphafold2_ptm_model_3_seed_044 recycle=1 pLDDT=86.8 pTM=0.677 tol=0.283
2026-07-22 22:34:39,924 alphafold2_ptm_model_3_seed_044 recycle=2 pLDDT=87.6 pTM=0.692 tol=0.0795
2026-07-22 22:34:57,962 alphafold2_ptm_model_3_seed_044 recycle=3 pLDDT=88.7 pTM=0.704 tol=0.0689
2026-07-22 22:34:57,962 alphafold2_ptm_model_3_seed_044 took 73.2s (3 recycles)
2026-07-22 22:35:16,312 alphafold2_ptm_model_4_seed_044 recycle=0 pLDDT=90.1 pTM=0.734
2026-07-22 22:35:34,107 alphafold2_ptm_model_4_seed_044 recycle=1 pLDDT=92.6 pTM=0.774 tol=0.151
2026-07-22 22:35:52,108 alphafold2_ptm_model_4_seed_044 recycle=2 pLDDT=93.9 pTM=0.793 tol=0.0518
2026-07-22 22:36:10,351 alphafold2_ptm_model_4_seed_044 recycle=3 pLDDT=94.5 pTM=0.801 tol=0.0268
2026-07-22 22:36:10,352 alphafold2_ptm_model_4_seed_044 took 72.3s (3 recycles)
2026-07-22 22:36:28,582 alphafold2_ptm_model_5_seed_044 recycle=0 pLDDT=87.6 pTM=0.678
2026-07-22 22:36:46,683 alphafold2_ptm_model_5_seed_044 recycle=1 pLDDT=91.5 pTM=0.75 tol=0.193
2026-07-22 22:37:04,896 alphafold2_ptm_model_5_seed_044 recycle=2 pLDDT=92.7 pTM=0.765 tol=0.0791
2026-07-22 22:37:23,196 alphafold2_ptm_model_5_seed_044 recycle=3 pLDDT=93.5 pTM=0.776 tol=0.0383
2026-07-22 22:37:23,196 alphafold2_ptm_model_5_seed_044 took 72.8s (3 recycles)
2026-07-22 22:37:23,289 reranking models by 'plddt' metric
2026-07-22 22:37:23,290 rank_001_alphafold2_ptm_model_2_seed_042 pLDDT=95 pTM=0.807
2026-07-22 22:37:23,291 rank_002_alphafold2_ptm_model_2_seed_044 pLDDT=94.9 pTM=0.807
2026-07-22 22:37:23,293 rank_003_alphafold2_ptm_model_2_seed_043 pLDDT=94.7 pTM=0.803
2026-07-22 22:37:23,294 rank_004_alphafold2_ptm_model_4_seed_044 pLDDT=94.5 pTM=0.801
2026-07-22 22:37:23,296 rank_005_alphafold2_ptm_model_4_seed_043 pLDDT=94.5 pTM=0.801
2026-07-22 22:37:23,297 rank_006_alphafold2_ptm_model_4_seed_042 pLDDT=94.4 pTM=0.799
2026-07-22 22:37:23,298 rank_007_alphafold2_ptm_model_5_seed_044 pLDDT=93.5 pTM=0.776
2026-07-22 22:37:23,300 rank_008_alphafold2_ptm_model_1_seed_042 pLDDT=93.5 pTM=0.78
2026-07-22 22:37:23,301 rank_009_alphafold2_ptm_model_5_seed_042 pLDDT=93.4 pTM=0.775
2026-07-22 22:37:23,303 rank_010_alphafold2_ptm_model_5_seed_043 pLDDT=93.2 pTM=0.774
2026-07-22 22:37:23,304 rank_011_alphafold2_ptm_model_1_seed_044 pLDDT=93.2 pTM=0.776
2026-07-22 22:37:23,306 rank_012_alphafold2_ptm_model_1_seed_043 pLDDT=93.1 pTM=0.773
2026-07-22 22:37:23,307 rank_013_alphafold2_ptm_model_3_seed_043 pLDDT=89.8 pTM=0.718
2026-07-22 22:37:23,308 rank_014_alphafold2_ptm_model_3_seed_044 pLDDT=88.7 pTM=0.704
2026-07-22 22:37:23,311 rank_015_alphafold2_ptm_model_3_seed_042 pLDDT=88.3 pTM=0.698
2026-07-22 22:37:26,848 Query 13/586: 5KPH_4_8_3_0_combined_id9 (length 72)
2026-07-22 22:37:29,307 Padding length to 82
2026-07-22 22:37:47,014 alphafold2_ptm_model_1_seed_042 recycle=0 pLDDT=86.4 pTM=0.616
2026-07-22 22:38:05,157 alphafold2_ptm_model_1_seed_042 recycle=1 pLDDT=89 pTM=0.665 tol=0.118
2026-07-22 22:38:23,411 alphafold2_ptm_model_1_seed_042 recycle=2 pLDDT=89.1 pTM=0.677 tol=0.0681
2026-07-22 22:38:41,765 alphafold2_ptm_model_1_seed_042 recycle=3 pLDDT=89.2 pTM=0.68 tol=0.0357
2026-07-22 22:38:41,766 alphafold2_ptm_model_1_seed_042 took 72.5s (3 recycles)
2026-07-22 22:39:00,339 alphafold2_ptm_model_2_seed_042 recycle=0 pLDDT=89.8 pTM=0.701
2026-07-22 22:39:18,277 alphafold2_ptm_model_2_seed_042 recycle=1 pLDDT=90.6 pTM=0.724 tol=0.115
2026-07-22 22:39:36,149 alphafold2_ptm_model_2_seed_042 recycle=2 pLDDT=90.3 pTM=0.725 tol=0.0414
2026-07-22 22:39:54,211 alphafold2_ptm_model_2_seed_042 recycle=3 pLDDT=90.2 pTM=0.725 tol=0.0244
2026-07-22 22:39:54,211 alphafold2_ptm_model_2_seed_042 took 72.4s (3 recycles)
2026-07-22 22:40:12,326 alphafold2_ptm_model_3_seed_042 recycle=0 pLDDT=86.9 pTM=0.641
2026-07-22 22:40:31,123 alphafold2_ptm_model_3_seed_042 recycle=1 pLDDT=89.4 pTM=0.683 tol=0.185
2026-07-22 22:40:50,003 alphafold2_ptm_model_3_seed_042 recycle=2 pLDDT=90.3 pTM=0.698 tol=0.0845
2026-07-22 22:41:07,913 alphafold2_ptm_model_3_seed_042 recycle=3 pLDDT=90.6 pTM=0.706 tol=0.0795
2026-07-22 22:41:07,914 alphafold2_ptm_model_3_seed_042 took 73.6s (3 recycles)
2026-07-22 22:41:26,519 alphafold2_ptm_model_4_seed_042 recycle=0 pLDDT=86.6 pTM=0.656
2026-07-22 22:41:45,302 alphafold2_ptm_model_4_seed_042 recycle=1 pLDDT=88.6 pTM=0.686 tol=0.152
2026-07-22 22:42:03,278 alphafold2_ptm_model_4_seed_042 recycle=2 pLDDT=89.1 pTM=0.69 tol=0.0544
2026-07-22 22:42:21,447 alphafold2_ptm_model_4_seed_042 recycle=3 pLDDT=89.3 pTM=0.692 tol=0.0365
2026-07-22 22:42:21,448 alphafold2_ptm_model_4_seed_042 took 73.4s (3 recycles)
2026-07-22 22:42:39,747 alphafold2_ptm_model_5_seed_042 recycle=0 pLDDT=86.8 pTM=0.661
2026-07-22 22:42:57,631 alphafold2_ptm_model_5_seed_042 recycle=1 pLDDT=88.9 pTM=0.686 tol=0.19
2026-07-22 22:43:15,084 alphafold2_ptm_model_5_seed_042 recycle=2 pLDDT=88.9 pTM=0.683 tol=0.0639
2026-07-22 22:43:32,918 alphafold2_ptm_model_5_seed_042 recycle=3 pLDDT=88.9 pTM=0.681 tol=0.0432
2026-07-22 22:43:32,919 alphafold2_ptm_model_5_seed_042 took 71.4s (3 recycles)
2026-07-22 22:43:34,211 Padding length to 82
2026-07-22 22:43:52,062 alphafold2_ptm_model_1_seed_043 recycle=0 pLDDT=82.6 pTM=0.577
2026-07-22 22:44:09,670 alphafold2_ptm_model_1_seed_043 recycle=1 pLDDT=84.9 pTM=0.613 tol=0.346
2026-07-22 22:44:27,871 alphafold2_ptm_model_1_seed_043 recycle=2 pLDDT=85.8 pTM=0.63 tol=0.131
2026-07-22 22:44:45,591 alphafold2_ptm_model_1_seed_043 recycle=3 pLDDT=86.1 pTM=0.634 tol=0.0767
2026-07-22 22:44:45,593 alphafold2_ptm_model_1_seed_043 took 71.4s (3 recycles)
2026-07-22 22:45:02,761 alphafold2_ptm_model_2_seed_043 recycle=0 pLDDT=89 pTM=0.686
2026-07-22 22:45:20,730 alphafold2_ptm_model_2_seed_043 recycle=1 pLDDT=90.4 pTM=0.721 tol=0.125
2026-07-22 22:45:38,626 alphafold2_ptm_model_2_seed_043 recycle=2 pLDDT=90.2 pTM=0.723 tol=0.048
2026-07-22 22:45:56,339 alphafold2_ptm_model_2_seed_043 recycle=3 pLDDT=90.1 pTM=0.723 tol=0.0201
2026-07-22 22:45:56,339 alphafold2_ptm_model_2_seed_043 took 70.6s (3 recycles)
2026-07-22 22:46:14,553 alphafold2_ptm_model_3_seed_043 recycle=0 pLDDT=86.9 pTM=0.64
2026-07-22 22:46:32,480 alphafold2_ptm_model_3_seed_043 recycle=1 pLDDT=89.4 pTM=0.682 tol=0.169
2026-07-22 22:46:50,535 alphafold2_ptm_model_3_seed_043 recycle=2 pLDDT=90.1 pTM=0.696 tol=0.0782
2026-07-22 22:47:09,122 alphafold2_ptm_model_3_seed_043 recycle=3 pLDDT=90.6 pTM=0.705 tol=0.0881
2026-07-22 22:47:09,122 alphafold2_ptm_model_3_seed_043 took 72.7s (3 recycles)
2026-07-22 22:47:27,181 alphafold2_ptm_model_4_seed_043 recycle=0 pLDDT=85.9 pTM=0.649
2026-07-22 22:47:45,497 alphafold2_ptm_model_4_seed_043 recycle=1 pLDDT=88.6 pTM=0.686 tol=0.153
2026-07-22 22:48:03,229 alphafold2_ptm_model_4_seed_043 recycle=2 pLDDT=89.2 pTM=0.691 tol=0.0515
2026-07-22 22:48:21,227 alphafold2_ptm_model_4_seed_043 recycle=3 pLDDT=89.4 pTM=0.695 tol=0.037
2026-07-22 22:48:21,228 alphafold2_ptm_model_4_seed_043 took 72.1s (3 recycles)
2026-07-22 22:48:38,942 alphafold2_ptm_model_5_seed_043 recycle=0 pLDDT=87.1 pTM=0.669
2026-07-22 22:48:56,816 alphafold2_ptm_model_5_seed_043 recycle=1 pLDDT=88.9 pTM=0.687 tol=0.186
2026-07-22 22:49:14,993 alphafold2_ptm_model_5_seed_043 recycle=2 pLDDT=89 pTM=0.683 tol=0.0643
2026-07-22 22:49:33,091 alphafold2_ptm_model_5_seed_043 recycle=3 pLDDT=88.9 pTM=0.681 tol=0.0458
2026-07-22 22:49:33,091 alphafold2_ptm_model_5_seed_043 took 71.8s (3 recycles)
2026-07-22 22:49:34,338 Padding length to 82
2026-07-22 22:49:52,383 alphafold2_ptm_model_1_seed_044 recycle=0 pLDDT=83.9 pTM=0.592
2026-07-22 22:50:09,791 alphafold2_ptm_model_1_seed_044 recycle=1 pLDDT=88.4 pTM=0.658 tol=0.207
2026-07-22 22:50:27,460 alphafold2_ptm_model_1_seed_044 recycle=2 pLDDT=89.1 pTM=0.678 tol=0.0686
2026-07-22 22:50:45,272 alphafold2_ptm_model_1_seed_044 recycle=3 pLDDT=89.2 pTM=0.68 tol=0.0582
2026-07-22 22:50:45,273 alphafold2_ptm_model_1_seed_044 took 70.9s (3 recycles)
2026-07-22 22:51:02,669 alphafold2_ptm_model_2_seed_044 recycle=0 pLDDT=88.3 pTM=0.681
2026-07-22 22:51:20,733 alphafold2_ptm_model_2_seed_044 recycle=1 pLDDT=90.2 pTM=0.721 tol=0.433
2026-07-22 22:51:38,552 alphafold2_ptm_model_2_seed_044 recycle=2 pLDDT=90.2 pTM=0.722 tol=0.0606
2026-07-22 22:51:56,843 alphafold2_ptm_model_2_seed_044 recycle=3 pLDDT=90.2 pTM=0.724 tol=0.0262
2026-07-22 22:51:56,843 alphafold2_ptm_model_2_seed_044 took 71.5s (3 recycles)
2026-07-22 22:52:15,501 alphafold2_ptm_model_3_seed_044 recycle=0 pLDDT=87.2 pTM=0.645
2026-07-22 22:52:33,961 alphafold2_ptm_model_3_seed_044 recycle=1 pLDDT=89.2 pTM=0.681 tol=0.17
2026-07-22 22:52:51,886 alphafold2_ptm_model_3_seed_044 recycle=2 pLDDT=90.2 pTM=0.697 tol=0.0907
2026-07-22 22:53:09,537 alphafold2_ptm_model_3_seed_044 recycle=3 pLDDT=90.6 pTM=0.705 tol=0.0872
2026-07-22 22:53:09,537 alphafold2_ptm_model_3_seed_044 took 72.6s (3 recycles)
2026-07-22 22:53:27,274 alphafold2_ptm_model_4_seed_044 recycle=0 pLDDT=86.3 pTM=0.653
2026-07-22 22:53:45,265 alphafold2_ptm_model_4_seed_044 recycle=1 pLDDT=88.6 pTM=0.685 tol=0.157
2026-07-22 22:54:02,623 alphafold2_ptm_model_4_seed_044 recycle=2 pLDDT=89.1 pTM=0.69 tol=0.057
2026-07-22 22:54:20,927 alphafold2_ptm_model_4_seed_044 recycle=3 pLDDT=89.4 pTM=0.693 tol=0.0338
2026-07-22 22:54:20,927 alphafold2_ptm_model_4_seed_044 took 71.3s (3 recycles)
2026-07-22 22:54:38,664 alphafold2_ptm_model_5_seed_044 recycle=0 pLDDT=87 pTM=0.667
2026-07-22 22:54:56,493 alphafold2_ptm_model_5_seed_044 recycle=1 pLDDT=88.8 pTM=0.684 tol=0.187
2026-07-22 22:55:14,195 alphafold2_ptm_model_5_seed_044 recycle=2 pLDDT=88.8 pTM=0.68 tol=0.0607
2026-07-22 22:55:31,781 alphafold2_ptm_model_5_seed_044 recycle=3 pLDDT=88.9 pTM=0.68 tol=0.0516
2026-07-22 22:55:31,781 alphafold2_ptm_model_5_seed_044 took 70.8s (3 recycles)
2026-07-22 22:55:31,842 reranking models by 'plddt' metric
2026-07-22 22:55:31,843 rank_001_alphafold2_ptm_model_3_seed_044 pLDDT=90.6 pTM=0.705
2026-07-22 22:55:31,850 rank_002_alphafold2_ptm_model_3_seed_042 pLDDT=90.6 pTM=0.706
2026-07-22 22:55:31,853 rank_003_alphafold2_ptm_model_3_seed_043 pLDDT=90.6 pTM=0.705
2026-07-22 22:55:31,855 rank_004_alphafold2_ptm_model_2_seed_042 pLDDT=90.2 pTM=0.725
2026-07-22 22:55:31,857 rank_005_alphafold2_ptm_model_2_seed_044 pLDDT=90.2 pTM=0.724
2026-07-22 22:55:31,858 rank_006_alphafold2_ptm_model_2_seed_043 pLDDT=90.1 pTM=0.723
2026-07-22 22:55:31,860 rank_007_alphafold2_ptm_model_4_seed_043 pLDDT=89.4 pTM=0.695
2026-07-22 22:55:31,861 rank_008_alphafold2_ptm_model_4_seed_044 pLDDT=89.4 pTM=0.693
2026-07-22 22:55:31,862 rank_009_alphafold2_ptm_model_4_seed_042 pLDDT=89.3 pTM=0.692
2026-07-22 22:55:31,864 rank_010_alphafold2_ptm_model_1_seed_044 pLDDT=89.2 pTM=0.68
2026-07-22 22:55:31,865 rank_011_alphafold2_ptm_model_1_seed_042 pLDDT=89.2 pTM=0.68
2026-07-22 22:55:31,866 rank_012_alphafold2_ptm_model_5_seed_043 pLDDT=88.9 pTM=0.681
2026-07-22 22:55:31,868 rank_013_alphafold2_ptm_model_5_seed_044 pLDDT=88.9 pTM=0.68
2026-07-22 22:55:31,869 rank_014_alphafold2_ptm_model_5_seed_042 pLDDT=88.9 pTM=0.681
2026-07-22 22:55:31,870 rank_015_alphafold2_ptm_model_1_seed_043 pLDDT=86.1 pTM=0.634
2026-07-22 22:55:35,473 Query 14/586: 5KPH_6_4_0_0_combined_id1 (length 72)
2026-07-22 22:55:38,377 Padding length to 82
2026-07-22 22:55:56,399 alphafold2_ptm_model_1_seed_042 recycle=0 pLDDT=87.1 pTM=0.656
2026-07-22 22:56:14,516 alphafold2_ptm_model_1_seed_042 recycle=1 pLDDT=86.9 pTM=0.66 tol=0.417
2026-07-22 22:56:32,716 alphafold2_ptm_model_1_seed_042 recycle=2 pLDDT=86.7 pTM=0.66 tol=0.132
2026-07-22 22:56:50,480 alphafold2_ptm_model_1_seed_042 recycle=3 pLDDT=86.3 pTM=0.663 tol=0.152
2026-07-22 22:56:50,481 alphafold2_ptm_model_1_seed_042 took 72.1s (3 recycles)
2026-07-22 22:57:08,927 alphafold2_ptm_model_2_seed_042 recycle=0 pLDDT=91.4 pTM=0.731
2026-07-22 22:57:26,986 alphafold2_ptm_model_2_seed_042 recycle=1 pLDDT=91.7 pTM=0.759 tol=0.331
2026-07-22 22:57:44,425 alphafold2_ptm_model_2_seed_042 recycle=2 pLDDT=91.3 pTM=0.757 tol=0.0697
2026-07-22 22:58:02,301 alphafold2_ptm_model_2_seed_042 recycle=3 pLDDT=91.1 pTM=0.754 tol=0.0352
2026-07-22 22:58:02,301 alphafold2_ptm_model_2_seed_042 took 71.8s (3 recycles)
2026-07-22 22:58:20,583 alphafold2_ptm_model_3_seed_042 recycle=0 pLDDT=72.1 pTM=0.529
2026-07-22 22:58:38,844 alphafold2_ptm_model_3_seed_042 recycle=1 pLDDT=68.2 pTM=0.454 tol=0.799
2026-07-22 22:58:57,709 alphafold2_ptm_model_3_seed_042 recycle=2 pLDDT=76.5 pTM=0.557 tol=7.03
2026-07-22 22:59:16,136 alphafold2_ptm_model_3_seed_042 recycle=3 pLDDT=87.2 pTM=0.685 tol=0.808
2026-07-22 22:59:16,136 alphafold2_ptm_model_3_seed_042 took 73.7s (3 recycles)
2026-07-22 22:59:34,516 alphafold2_ptm_model_4_seed_042 recycle=0 pLDDT=89.5 pTM=0.728
2026-07-22 22:59:52,081 alphafold2_ptm_model_4_seed_042 recycle=1 pLDDT=90.4 pTM=0.752 tol=0.365
2026-07-22 23:00:09,754 alphafold2_ptm_model_4_seed_042 recycle=2 pLDDT=90.2 pTM=0.753 tol=0.101
2026-07-22 23:00:28,129 alphafold2_ptm_model_4_seed_042 recycle=3 pLDDT=90.2 pTM=0.754 tol=0.0362
2026-07-22 23:00:28,130 alphafold2_ptm_model_4_seed_042 took 71.9s (3 recycles)
2026-07-22 23:00:46,286 alphafold2_ptm_model_5_seed_042 recycle=0 pLDDT=91 pTM=0.736
2026-07-22 23:01:03,816 alphafold2_ptm_model_5_seed_042 recycle=1 pLDDT=88.8 pTM=0.72 tol=0.319
2026-07-22 23:01:21,770 alphafold2_ptm_model_5_seed_042 recycle=2 pLDDT=88.6 pTM=0.719 tol=0.085
2026-07-22 23:01:39,368 alphafold2_ptm_model_5_seed_042 recycle=3 pLDDT=88.7 pTM=0.72 tol=0.0348
2026-07-22 23:01:39,368 alphafold2_ptm_model_5_seed_042 took 71.2s (3 recycles)
2026-07-22 23:01:40,494 Padding length to 82
2026-07-22 23:01:58,091 alphafold2_ptm_model_1_seed_043 recycle=0 pLDDT=87.6 pTM=0.67
2026-07-22 23:02:16,592 alphafold2_ptm_model_1_seed_043 recycle=1 pLDDT=87.7 pTM=0.689 tol=0.277
2026-07-22 23:02:35,442 alphafold2_ptm_model_1_seed_043 recycle=2 pLDDT=88.2 pTM=0.695 tol=0.0925
2026-07-22 23:02:53,558 alphafold2_ptm_model_1_seed_043 recycle=3 pLDDT=88.2 pTM=0.694 tol=0.048
2026-07-22 23:02:53,558 alphafold2_ptm_model_1_seed_043 took 73.1s (3 recycles)
2026-07-22 23:03:11,285 alphafold2_ptm_model_2_seed_043 recycle=0 pLDDT=91.9 pTM=0.744
2026-07-22 23:03:30,229 alphafold2_ptm_model_2_seed_043 recycle=1 pLDDT=91.9 pTM=0.761 tol=0.261
2026-07-22 23:03:48,961 alphafold2_ptm_model_2_seed_043 recycle=2 pLDDT=91.1 pTM=0.755 tol=0.0899
2026-07-22 23:04:07,033 alphafold2_ptm_model_2_seed_043 recycle=3 pLDDT=90.8 pTM=0.751 tol=0.0339
2026-07-22 23:04:07,034 alphafold2_ptm_model_2_seed_043 took 73.4s (3 recycles)
2026-07-22 23:04:25,570 alphafold2_ptm_model_3_seed_043 recycle=0 pLDDT=73.5 pTM=0.546
2026-07-22 23:04:43,036 alphafold2_ptm_model_3_seed_043 recycle=1 pLDDT=68.8 pTM=0.457 tol=0.824
2026-07-22 23:05:01,575 alphafold2_ptm_model_3_seed_043 recycle=2 pLDDT=66.6 pTM=0.479 tol=7.07
2026-07-22 23:05:20,465 alphafold2_ptm_model_3_seed_043 recycle=3 pLDDT=87 pTM=0.679 tol=2.49
2026-07-22 23:05:20,465 alphafold2_ptm_model_3_seed_043 took 73.4s (3 recycles)
2026-07-22 23:05:38,894 alphafold2_ptm_model_4_seed_043 recycle=0 pLDDT=91.1 pTM=0.755
2026-07-22 23:05:56,364 alphafold2_ptm_model_4_seed_043 recycle=1 pLDDT=90.7 pTM=0.757 tol=0.211
2026-07-22 23:06:13,371 alphafold2_ptm_model_4_seed_043 recycle=2 pLDDT=90.4 pTM=0.755 tol=0.0808
2026-07-22 23:06:30,796 alphafold2_ptm_model_4_seed_043 recycle=3 pLDDT=90.6 pTM=0.757 tol=0.0263
2026-07-22 23:06:30,796 alphafold2_ptm_model_4_seed_043 took 70.1s (3 recycles)
2026-07-22 23:06:49,083 alphafold2_ptm_model_5_seed_043 recycle=0 pLDDT=90.9 pTM=0.729
2026-07-22 23:07:07,156 alphafold2_ptm_model_5_seed_043 recycle=1 pLDDT=88.3 pTM=0.713 tol=0.316
2026-07-22 23:07:24,433 alphafold2_ptm_model_5_seed_043 recycle=2 pLDDT=88.5 pTM=0.715 tol=0.0901
2026-07-22 23:07:41,929 alphafold2_ptm_model_5_seed_043 recycle=3 pLDDT=88.5 pTM=0.718 tol=0.0335
2026-07-22 23:07:41,930 alphafold2_ptm_model_5_seed_043 took 71.1s (3 recycles)
2026-07-22 23:07:43,132 Padding length to 82
2026-07-22 23:08:00,830 alphafold2_ptm_model_1_seed_044 recycle=0 pLDDT=86.5 pTM=0.65
2026-07-22 23:08:18,655 alphafold2_ptm_model_1_seed_044 recycle=1 pLDDT=87.1 pTM=0.665 tol=0.361
2026-07-22 23:08:35,819 alphafold2_ptm_model_1_seed_044 recycle=2 pLDDT=86.7 pTM=0.661 tol=0.107
2026-07-22 23:08:53,334 alphafold2_ptm_model_1_seed_044 recycle=3 pLDDT=86.4 pTM=0.664 tol=0.149
2026-07-22 23:08:53,334 alphafold2_ptm_model_1_seed_044 took 70.2s (3 recycles)
2026-07-22 23:09:11,545 alphafold2_ptm_model_2_seed_044 recycle=0 pLDDT=91.6 pTM=0.733
2026-07-22 23:09:29,184 alphafold2_ptm_model_2_seed_044 recycle=1 pLDDT=91.8 pTM=0.761 tol=0.282
2026-07-22 23:09:47,948 alphafold2_ptm_model_2_seed_044 recycle=2 pLDDT=90.9 pTM=0.753 tol=0.0892
2026-07-22 23:10:05,422 alphafold2_ptm_model_2_seed_044 recycle=3 pLDDT=90.8 pTM=0.751 tol=0.0331
2026-07-22 23:10:05,423 alphafold2_ptm_model_2_seed_044 took 72.0s (3 recycles)
2026-07-22 23:10:22,909 alphafold2_ptm_model_3_seed_044 recycle=0 pLDDT=66.2 pTM=0.473
2026-07-22 23:10:41,247 alphafold2_ptm_model_3_seed_044 recycle=1 pLDDT=64.1 pTM=0.442 tol=0.835
2026-07-22 23:10:59,342 alphafold2_ptm_model_3_seed_044 recycle=2 pLDDT=86.3 pTM=0.664 tol=7.17
2026-07-22 23:11:17,674 alphafold2_ptm_model_3_seed_044 recycle=3 pLDDT=85.8 pTM=0.65 tol=0.153
2026-07-22 23:11:17,677 alphafold2_ptm_model_3_seed_044 took 72.2s (3 recycles)
2026-07-22 23:11:35,342 alphafold2_ptm_model_4_seed_044 recycle=0 pLDDT=90.1 pTM=0.743
2026-07-22 23:11:52,559 alphafold2_ptm_model_4_seed_044 recycle=1 pLDDT=90.1 pTM=0.75 tol=0.243
2026-07-22 23:12:10,993 alphafold2_ptm_model_4_seed_044 recycle=2 pLDDT=90.2 pTM=0.752 tol=0.0994
2026-07-22 23:12:29,019 alphafold2_ptm_model_4_seed_044 recycle=3 pLDDT=90.3 pTM=0.753 tol=0.0296
2026-07-22 23:12:29,020 alphafold2_ptm_model_4_seed_044 took 71.3s (3 recycles)
2026-07-22 23:12:46,999 alphafold2_ptm_model_5_seed_044 recycle=0 pLDDT=90.9 pTM=0.734
2026-07-22 23:13:04,967 alphafold2_ptm_model_5_seed_044 recycle=1 pLDDT=88.8 pTM=0.723 tol=0.282
2026-07-22 23:13:22,845 alphafold2_ptm_model_5_seed_044 recycle=2 pLDDT=88.6 pTM=0.719 tol=0.0823
2026-07-22 23:13:41,704 alphafold2_ptm_model_5_seed_044 recycle=3 pLDDT=88.9 pTM=0.723 tol=0.0349
2026-07-22 23:13:41,707 alphafold2_ptm_model_5_seed_044 took 72.6s (3 recycles)
2026-07-22 23:13:41,774 reranking models by 'plddt' metric
2026-07-22 23:13:41,774 rank_001_alphafold2_ptm_model_2_seed_042 pLDDT=91.1 pTM=0.754
2026-07-22 23:13:41,783 rank_002_alphafold2_ptm_model_2_seed_044 pLDDT=90.8 pTM=0.751
2026-07-22 23:13:41,790 rank_003_alphafold2_ptm_model_2_seed_043 pLDDT=90.8 pTM=0.751
2026-07-22 23:13:41,797 rank_004_alphafold2_ptm_model_4_seed_043 pLDDT=90.6 pTM=0.757
2026-07-22 23:13:41,799 rank_005_alphafold2_ptm_model_4_seed_044 pLDDT=90.3 pTM=0.753
2026-07-22 23:13:41,800 rank_006_alphafold2_ptm_model_4_seed_042 pLDDT=90.2 pTM=0.754
2026-07-22 23:13:41,802 rank_007_alphafold2_ptm_model_5_seed_044 pLDDT=88.9 pTM=0.723
2026-07-22 23:13:41,803 rank_008_alphafold2_ptm_model_5_seed_042 pLDDT=88.7 pTM=0.72
2026-07-22 23:13:41,804 rank_009_alphafold2_ptm_model_5_seed_043 pLDDT=88.5 pTM=0.718
2026-07-22 23:13:41,806 rank_010_alphafold2_ptm_model_1_seed_043 pLDDT=88.2 pTM=0.694
2026-07-22 23:13:41,807 rank_011_alphafold2_ptm_model_3_seed_042 pLDDT=87.2 pTM=0.685
2026-07-22 23:13:41,809 rank_012_alphafold2_ptm_model_3_seed_043 pLDDT=87 pTM=0.679
2026-07-22 23:13:41,810 rank_013_alphafold2_ptm_model_1_seed_044 pLDDT=86.4 pTM=0.664
2026-07-22 23:13:41,811 rank_014_alphafold2_ptm_model_1_seed_042 pLDDT=86.3 pTM=0.663
2026-07-22 23:13:41,813 rank_015_alphafold2_ptm_model_3_seed_044 pLDDT=85.8 pTM=0.65
2026-07-22 23:13:45,483 Query 15/586: 5KPH_6_4_0_0_combined_id6 (length 72)
2026-07-22 23:13:48,052 Padding length to 82
2026-07-22 23:14:05,483 alphafold2_ptm_model_1_seed_042 recycle=0 pLDDT=87.2 pTM=0.617
2026-07-22 23:14:23,447 alphafold2_ptm_model_1_seed_042 recycle=1 pLDDT=88.6 pTM=0.669 tol=0.216
2026-07-22 23:14:41,593 alphafold2_ptm_model_1_seed_042 recycle=2 pLDDT=88.6 pTM=0.67 tol=0.105
2026-07-22 23:14:59,374 alphafold2_ptm_model_1_seed_042 recycle=3 pLDDT=88.8 pTM=0.678 tol=0.108
2026-07-22 23:14:59,374 alphafold2_ptm_model_1_seed_042 took 71.3s (3 recycles)
2026-07-22 23:15:17,500 alphafold2_ptm_model_2_seed_042 recycle=0 pLDDT=91.9 pTM=0.733
2026-07-22 23:15:35,234 alphafold2_ptm_model_2_seed_042 recycle=1 pLDDT=91.5 pTM=0.738 tol=0.208
2026-07-22 23:15:52,455 alphafold2_ptm_model_2_seed_042 recycle=2 pLDDT=89.8 pTM=0.713 tol=0.106
2026-07-22 23:16:09,649 alphafold2_ptm_model_2_seed_042 recycle=3 pLDDT=91 pTM=0.73 tol=0.0673
2026-07-22 23:16:09,649 alphafold2_ptm_model_2_seed_042 took 70.2s (3 recycles)
2026-07-22 23:16:27,257 alphafold2_ptm_model_3_seed_042 recycle=0 pLDDT=87.8 pTM=0.626
2026-07-22 23:16:44,788 alphafold2_ptm_model_3_seed_042 recycle=1 pLDDT=84.9 pTM=0.616 tol=0.545
2026-07-22 23:17:01,736 alphafold2_ptm_model_3_seed_042 recycle=2 pLDDT=84.1 pTM=0.598 tol=0.688
2026-07-22 23:17:18,293 alphafold2_ptm_model_3_seed_042 recycle=3 pLDDT=85.9 pTM=0.628 tol=0.265
2026-07-22 23:17:18,294 alphafold2_ptm_model_3_seed_042 took 68.4s (3 recycles)
2026-07-22 23:17:35,036 alphafold2_ptm_model_4_seed_042 recycle=0 pLDDT=89.2 pTM=0.676
2026-07-22 23:17:52,311 alphafold2_ptm_model_4_seed_042 recycle=1 pLDDT=90.1 pTM=0.703 tol=0.27
2026-07-22 23:18:09,322 alphafold2_ptm_model_4_seed_042 recycle=2 pLDDT=89.9 pTM=0.703 tol=0.154
2026-07-22 23:18:26,513 alphafold2_ptm_model_4_seed_042 recycle=3 pLDDT=90.1 pTM=0.708 tol=0.0871
2026-07-22 23:18:26,513 alphafold2_ptm_model_4_seed_042 took 68.2s (3 recycles)
2026-07-22 23:18:43,385 alphafold2_ptm_model_5_seed_042 recycle=0 pLDDT=90.1 pTM=0.697
2026-07-22 23:19:00,111 alphafold2_ptm_model_5_seed_042 recycle=1 pLDDT=89.5 pTM=0.686 tol=0.246
2026-07-22 23:19:16,971 alphafold2_ptm_model_5_seed_042 recycle=2 pLDDT=89.5 pTM=0.69 tol=0.082
2026-07-22 23:19:33,613 alphafold2_ptm_model_5_seed_042 recycle=3 pLDDT=89.6 pTM=0.691 tol=0.0547
2026-07-22 23:19:33,614 alphafold2_ptm_model_5_seed_042 took 67.1s (3 recycles)
2026-07-22 23:19:34,576 Padding length to 82
2026-07-22 23:19:51,699 alphafold2_ptm_model_1_seed_043 recycle=0 pLDDT=87 pTM=0.611
2026-07-22 23:20:08,313 alphafold2_ptm_model_1_seed_043 recycle=1 pLDDT=88.1 pTM=0.662 tol=0.188
2026-07-22 23:20:25,074 alphafold2_ptm_model_1_seed_043 recycle=2 pLDDT=88.8 pTM=0.672 tol=0.109
2026-07-22 23:20:42,128 alphafold2_ptm_model_1_seed_043 recycle=3 pLDDT=88.9 pTM=0.678 tol=0.138
2026-07-22 23:20:42,128 alphafold2_ptm_model_1_seed_043 took 67.6s (3 recycles)
2026-07-22 23:20:59,219 alphafold2_ptm_model_2_seed_043 recycle=0 pLDDT=91.8 pTM=0.732
2026-07-22 23:21:16,209 alphafold2_ptm_model_2_seed_043 recycle=1 pLDDT=91.5 pTM=0.74 tol=0.226
2026-07-22 23:21:33,214 alphafold2_ptm_model_2_seed_043 recycle=2 pLDDT=89.7 pTM=0.713 tol=0.0984
2026-07-22 23:21:50,045 alphafold2_ptm_model_2_seed_043 recycle=3 pLDDT=90.6 pTM=0.724 tol=0.0633
2026-07-22 23:21:50,045 alphafold2_ptm_model_2_seed_043 took 67.8s (3 recycles)
2026-07-22 23:22:06,801 alphafold2_ptm_model_3_seed_043 recycle=0 pLDDT=87.6 pTM=0.622
2026-07-22 23:22:24,254 alphafold2_ptm_model_3_seed_043 recycle=1 pLDDT=86.1 pTM=0.631 tol=0.44
2026-07-22 23:22:41,732 alphafold2_ptm_model_3_seed_043 recycle=2 pLDDT=85.1 pTM=0.606 tol=0.814
2026-07-22 23:22:58,948 alphafold2_ptm_model_3_seed_043 recycle=3 pLDDT=85.7 pTM=0.626 tol=0.221
2026-07-22 23:22:58,949 alphafold2_ptm_model_3_seed_043 took 68.9s (3 recycles)
2026-07-22 23:23:16,801 alphafold2_ptm_model_4_seed_043 recycle=0 pLDDT=89.2 pTM=0.675
2026-07-22 23:23:33,748 alphafold2_ptm_model_4_seed_043 recycle=1 pLDDT=90 pTM=0.702 tol=0.257
2026-07-22 23:23:51,288 alphafold2_ptm_model_4_seed_043 recycle=2 pLDDT=89.9 pTM=0.704 tol=0.153
2026-07-22 23:24:08,721 alphafold2_ptm_model_4_seed_043 recycle=3 pLDDT=90 pTM=0.706 tol=0.0928
2026-07-22 23:24:08,722 alphafold2_ptm_model_4_seed_043 took 69.7s (3 recycles)
2026-07-22 23:24:26,241 alphafold2_ptm_model_5_seed_043 recycle=0 pLDDT=90.2 pTM=0.699
2026-07-22 23:24:43,937 alphafold2_ptm_model_5_seed_043 recycle=1 pLDDT=89.5 pTM=0.688 tol=0.271
2026-07-22 23:25:01,638 alphafold2_ptm_model_5_seed_043 recycle=2 pLDDT=89.5 pTM=0.69 tol=0.104
2026-07-22 23:25:18,853 alphafold2_ptm_model_5_seed_043 recycle=3 pLDDT=89.6 pTM=0.69 tol=0.0898
2026-07-22 23:25:18,854 alphafold2_ptm_model_5_seed_043 took 70.1s (3 recycles)
2026-07-22 23:25:20,203 Padding length to 82
2026-07-22 23:25:37,992 alphafold2_ptm_model_1_seed_044 recycle=0 pLDDT=86.8 pTM=0.608
2026-07-22 23:25:55,710 alphafold2_ptm_model_1_seed_044 recycle=1 pLDDT=87.6 pTM=0.659 tol=0.314
2026-07-22 23:26:14,050 alphafold2_ptm_model_1_seed_044 recycle=2 pLDDT=85.6 pTM=0.637 tol=0.612
2026-07-22 23:26:31,902 alphafold2_ptm_model_1_seed_044 recycle=3 pLDDT=88.2 pTM=0.658 tol=0.519
2026-07-22 23:26:31,902 alphafold2_ptm_model_1_seed_044 took 71.7s (3 recycles)
2026-07-22 23:26:49,858 alphafold2_ptm_model_2_seed_044 recycle=0 pLDDT=91.6 pTM=0.728
2026-07-22 23:27:07,494 alphafold2_ptm_model_2_seed_044 recycle=1 pLDDT=91.2 pTM=0.732 tol=0.245
2026-07-22 23:27:25,297 alphafold2_ptm_model_2_seed_044 recycle=2 pLDDT=89.5 pTM=0.711 tol=0.102
2026-07-22 23:27:43,070 alphafold2_ptm_model_2_seed_044 recycle=3 pLDDT=90.8 pTM=0.727 tol=0.0823
2026-07-22 23:27:43,070 alphafold2_ptm_model_2_seed_044 took 71.1s (3 recycles)
2026-07-22 23:28:00,823 alphafold2_ptm_model_3_seed_044 recycle=0 pLDDT=87.8 pTM=0.623
2026-07-22 23:28:18,542 alphafold2_ptm_model_3_seed_044 recycle=1 pLDDT=86.6 pTM=0.639 tol=0.386
2026-07-22 23:28:36,615 alphafold2_ptm_model_3_seed_044 recycle=2 pLDDT=87.6 pTM=0.654 tol=0.915
2026-07-22 23:28:54,781 alphafold2_ptm_model_3_seed_044 recycle=3 pLDDT=85.4 pTM=0.629 tol=0.176
2026-07-22 23:28:54,782 alphafold2_ptm_model_3_seed_044 took 71.7s (3 recycles)
2026-07-22 23:29:13,594 alphafold2_ptm_model_4_seed_044 recycle=0 pLDDT=89.1 pTM=0.674
2026-07-22 23:29:31,714 alphafold2_ptm_model_4_seed_044 recycle=1 pLDDT=89.8 pTM=0.698 tol=0.271
2026-07-22 23:29:49,741 alphafold2_ptm_model_4_seed_044 recycle=2 pLDDT=89.9 pTM=0.705 tol=0.155
2026-07-22 23:30:07,712 alphafold2_ptm_model_4_seed_044 recycle=3 pLDDT=89.9 pTM=0.706 tol=0.0776
2026-07-22 23:30:07,713 alphafold2_ptm_model_4_seed_044 took 72.9s (3 recycles)
2026-07-22 23:30:26,083 alphafold2_ptm_model_5_seed_044 recycle=0 pLDDT=89.7 pTM=0.692
2026-07-22 23:30:43,889 alphafold2_ptm_model_5_seed_044 recycle=1 pLDDT=89.1 pTM=0.681 tol=0.27
2026-07-22 23:31:01,735 alphafold2_ptm_model_5_seed_044 recycle=2 pLDDT=89.4 pTM=0.687 tol=0.102
2026-07-22 23:31:18,903 alphafold2_ptm_model_5_seed_044 recycle=3 pLDDT=89.5 pTM=0.688 tol=0.0517
2026-07-22 23:31:18,903 alphafold2_ptm_model_5_seed_044 took 71.1s (3 recycles)
2026-07-22 23:31:18,955 reranking models by 'plddt' metric
2026-07-22 23:31:18,955 rank_001_alphafold2_ptm_model_2_seed_042 pLDDT=91 pTM=0.73
2026-07-22 23:31:18,957 rank_002_alphafold2_ptm_model_2_seed_044 pLDDT=90.8 pTM=0.727
2026-07-22 23:31:18,958 rank_003_alphafold2_ptm_model_2_seed_043 pLDDT=90.6 pTM=0.724
2026-07-22 23:31:18,959 rank_004_alphafold2_ptm_model_4_seed_042 pLDDT=90.1 pTM=0.708
2026-07-22 23:31:18,961 rank_005_alphafold2_ptm_model_4_seed_043 pLDDT=90 pTM=0.706
2026-07-22 23:31:18,962 rank_006_alphafold2_ptm_model_4_seed_044 pLDDT=89.9 pTM=0.706
2026-07-22 23:31:18,963 rank_007_alphafold2_ptm_model_5_seed_042 pLDDT=89.6 pTM=0.691
2026-07-22 23:31:18,964 rank_008_alphafold2_ptm_model_5_seed_043 pLDDT=89.6 pTM=0.69
2026-07-22 23:31:18,965 rank_009_alphafold2_ptm_model_5_seed_044 pLDDT=89.5 pTM=0.688
2026-07-22 23:31:18,967 rank_010_alphafold2_ptm_model_1_seed_043 pLDDT=88.9 pTM=0.678
2026-07-22 23:31:18,968 rank_011_alphafold2_ptm_model_1_seed_042 pLDDT=88.8 pTM=0.678
2026-07-22 23:31:18,969 rank_012_alphafold2_ptm_model_1_seed_044 pLDDT=88.2 pTM=0.658
2026-07-22 23:31:18,971 rank_013_alphafold2_ptm_model_3_seed_042 pLDDT=85.9 pTM=0.628
2026-07-22 23:31:18,972 rank_014_alphafold2_ptm_model_3_seed_043 pLDDT=85.7 pTM=0.626
2026-07-22 23:31:18,973 rank_015_alphafold2_ptm_model_3_seed_044 pLDDT=85.4 pTM=0.629
2026-07-22 23:31:23,040 Skipping 5KPH_6_4_0_0_combined_id1 (already done)
2026-07-22 23:31:23,040 Query 17/586: 5KPH_4_8_5_0_combined_id5 (length 72)
2026-07-22 23:31:25,635 Padding length to 82
2026-07-22 23:31:43,620 alphafold2_ptm_model_1_seed_042 recycle=0 pLDDT=85.1 pTM=0.648
2026-07-22 23:32:01,906 alphafold2_ptm_model_1_seed_042 recycle=1 pLDDT=86.8 pTM=0.684 tol=0.758
2026-07-22 23:32:19,457 alphafold2_ptm_model_1_seed_042 recycle=2 pLDDT=86.3 pTM=0.681 tol=0.083
2026-07-22 23:32:37,541 alphafold2_ptm_model_1_seed_042 recycle=3 pLDDT=86.1 pTM=0.676 tol=0.0315
2026-07-22 23:32:37,541 alphafold2_ptm_model_1_seed_042 took 71.9s (3 recycles)
2026-07-22 23:32:56,022 alphafold2_ptm_model_2_seed_042 recycle=0 pLDDT=88.6 pTM=0.699
2026-07-22 23:33:13,503 alphafold2_ptm_model_2_seed_042 recycle=1 pLDDT=86.4 pTM=0.685 tol=1.61
2026-07-22 23:33:31,808 alphafold2_ptm_model_2_seed_042 recycle=2 pLDDT=87.2 pTM=0.706 tol=0.27
2026-07-22 23:33:49,648 alphafold2_ptm_model_2_seed_042 recycle=3 pLDDT=87.8 pTM=0.708 tol=0.172
2026-07-22 23:33:49,649 alphafold2_ptm_model_2_seed_042 took 72.1s (3 recycles)
2026-07-22 23:34:07,299 alphafold2_ptm_model_3_seed_042 recycle=0 pLDDT=85.2 pTM=0.666
2026-07-22 23:34:25,435 alphafold2_ptm_model_3_seed_042 recycle=1 pLDDT=85.5 pTM=0.664 tol=0.334
2026-07-22 23:34:43,405 alphafold2_ptm_model_3_seed_042 recycle=2 pLDDT=86.4 pTM=0.665 tol=0.283
2026-07-22 23:35:02,145 alphafold2_ptm_model_3_seed_042 recycle=3 pLDDT=87.4 pTM=0.688 tol=0.163
2026-07-22 23:35:02,146 alphafold2_ptm_model_3_seed_042 took 72.5s (3 recycles)
2026-07-22 23:35:20,639 alphafold2_ptm_model_4_seed_042 recycle=0 pLDDT=83.9 pTM=0.652
2026-07-22 23:35:38,459 alphafold2_ptm_model_4_seed_042 recycle=1 pLDDT=85.1 pTM=0.668 tol=0.159
2026-07-22 23:35:57,494 alphafold2_ptm_model_4_seed_042 recycle=2 pLDDT=86.6 pTM=0.686 tol=0.345
2026-07-22 23:36:15,856 alphafold2_ptm_model_4_seed_042 recycle=3 pLDDT=86.3 pTM=0.686 tol=0.116
2026-07-22 23:36:15,857 alphafold2_ptm_model_4_seed_042 took 73.7s (3 recycles)
2026-07-22 23:36:34,401 alphafold2_ptm_model_5_seed_042 recycle=0 pLDDT=86.8 pTM=0.682
2026-07-22 23:36:52,583 alphafold2_ptm_model_5_seed_042 recycle=1 pLDDT=89.9 pTM=0.746 tol=0.366
2026-07-22 23:37:10,506 alphafold2_ptm_model_5_seed_042 recycle=2 pLDDT=90.4 pTM=0.75 tol=0.0963
2026-07-22 23:37:28,384 alphafold2_ptm_model_5_seed_042 recycle=3 pLDDT=90.4 pTM=0.753 tol=0.0933
2026-07-22 23:37:28,385 alphafold2_ptm_model_5_seed_042 took 72.5s (3 recycles)
2026-07-22 23:37:29,647 Padding length to 82
2026-07-22 23:37:47,779 alphafold2_ptm_model_1_seed_043 recycle=0 pLDDT=84.2 pTM=0.639
2026-07-22 23:38:05,882 alphafold2_ptm_model_1_seed_043 recycle=1 pLDDT=86.5 pTM=0.681 tol=0.677
2026-07-22 23:38:24,027 alphafold2_ptm_model_1_seed_043 recycle=2 pLDDT=85.6 pTM=0.675 tol=0.0901
2026-07-22 23:38:41,601 alphafold2_ptm_model_1_seed_043 recycle=3 pLDDT=85.2 pTM=0.669 tol=0.0505
2026-07-22 23:38:41,601 alphafold2_ptm_model_1_seed_043 took 72.0s (3 recycles)
2026-07-22 23:38:58,877 alphafold2_ptm_model_2_seed_043 recycle=0 pLDDT=87.7 pTM=0.686
2026-07-22 23:39:16,506 alphafold2_ptm_model_2_seed_043 recycle=1 pLDDT=85.8 pTM=0.68 tol=1.52
2026-07-22 23:39:34,635 alphafold2_ptm_model_2_seed_043 recycle=2 pLDDT=87.4 pTM=0.708 tol=0.379
2026-07-22 23:39:52,368 alphafold2_ptm_model_2_seed_043 recycle=3 pLDDT=87.6 pTM=0.705 tol=0.1
2026-07-22 23:39:52,369 alphafold2_ptm_model_2_seed_043 took 70.7s (3 recycles)
2026-07-22 23:40:10,502 alphafold2_ptm_model_3_seed_043 recycle=0 pLDDT=85.9 pTM=0.669
2026-07-22 23:40:28,591 alphafold2_ptm_model_3_seed_043 recycle=1 pLDDT=84.4 pTM=0.654 tol=0.376
2026-07-22 23:40:46,780 alphafold2_ptm_model_3_seed_043 recycle=2 pLDDT=86.3 pTM=0.665 tol=0.526
2026-07-22 23:41:05,379 alphafold2_ptm_model_3_seed_043 recycle=3 pLDDT=87 pTM=0.683 tol=0.207
2026-07-22 23:41:05,380 alphafold2_ptm_model_3_seed_043 took 72.9s (3 recycles)
2026-07-22 23:41:23,379 alphafold2_ptm_model_4_seed_043 recycle=0 pLDDT=83.9 pTM=0.649
2026-07-22 23:41:41,557 alphafold2_ptm_model_4_seed_043 recycle=1 pLDDT=85.1 pTM=0.67 tol=0.254
2026-07-22 23:41:59,525 alphafold2_ptm_model_4_seed_043 recycle=2 pLDDT=86 pTM=0.681 tol=0.23
2026-07-22 23:42:17,362 alphafold2_ptm_model_4_seed_043 recycle=3 pLDDT=85.9 pTM=0.681 tol=0.0798
2026-07-22 23:42:17,363 alphafold2_ptm_model_4_seed_043 took 71.9s (3 recycles)
2026-07-22 23:42:35,442 alphafold2_ptm_model_5_seed_043 recycle=0 pLDDT=88 pTM=0.694
2026-07-22 23:42:53,800 alphafold2_ptm_model_5_seed_043 recycle=1 pLDDT=90 pTM=0.756 tol=0.289
2026-07-22 23:43:11,955 alphafold2_ptm_model_5_seed_043 recycle=2 pLDDT=90.7 pTM=0.754 tol=0.075
2026-07-22 23:43:29,688 alphafold2_ptm_model_5_seed_043 recycle=3 pLDDT=90.8 pTM=0.757 tol=0.0714
2026-07-22 23:43:29,689 alphafold2_ptm_model_5_seed_043 took 72.3s (3 recycles)
2026-07-22 23:43:30,787 Padding length to 82
2026-07-22 23:43:47,809 alphafold2_ptm_model_1_seed_044 recycle=0 pLDDT=84.4 pTM=0.639
2026-07-22 23:44:04,967 alphafold2_ptm_model_1_seed_044 recycle=1 pLDDT=86.8 pTM=0.683 tol=0.702
2026-07-22 23:44:22,301 alphafold2_ptm_model_1_seed_044 recycle=2 pLDDT=85.9 pTM=0.675 tol=0.0851
2026-07-22 23:44:39,406 alphafold2_ptm_model_1_seed_044 recycle=3 pLDDT=86.7 pTM=0.683 tol=0.131
2026-07-22 23:44:39,406 alphafold2_ptm_model_1_seed_044 took 68.6s (3 recycles)
2026-07-22 23:44:57,281 alphafold2_ptm_model_2_seed_044 recycle=0 pLDDT=88.5 pTM=0.7
2026-07-22 23:45:14,200 alphafold2_ptm_model_2_seed_044 recycle=1 pLDDT=89.6 pTM=0.711 tol=2.04
2026-07-22 23:45:31,926 alphafold2_ptm_model_2_seed_044 recycle=2 pLDDT=89.3 pTM=0.718 tol=0.324
2026-07-22 23:45:49,487 alphafold2_ptm_model_2_seed_044 recycle=3 pLDDT=90.1 pTM=0.726 tol=0.19
2026-07-22 23:45:49,488 alphafold2_ptm_model_2_seed_044 took 70.1s (3 recycles)
2026-07-22 23:46:07,648 alphafold2_ptm_model_3_seed_044 recycle=0 pLDDT=86.1 pTM=0.676
2026-07-22 23:46:25,320 alphafold2_ptm_model_3_seed_044 recycle=1 pLDDT=85.1 pTM=0.663 tol=0.337
2026-07-22 23:46:43,429 alphafold2_ptm_model_3_seed_044 recycle=2 pLDDT=87.5 pTM=0.682 tol=0.468
2026-07-22 23:47:01,489 alphafold2_ptm_model_3_seed_044 recycle=3 pLDDT=88.2 pTM=0.697 tol=0.188
2026-07-22 23:47:01,491 alphafold2_ptm_model_3_seed_044 took 71.9s (3 recycles)
2026-07-22 23:47:19,554 alphafold2_ptm_model_4_seed_044 recycle=0 pLDDT=83.8 pTM=0.649
2026-07-22 23:47:37,133 alphafold2_ptm_model_4_seed_044 recycle=1 pLDDT=85.4 pTM=0.67 tol=0.165
2026-07-22 23:47:56,744 alphafold2_ptm_model_4_seed_044 recycle=2 pLDDT=86.3 pTM=0.684 tol=0.318
2026-07-22 23:48:14,272 alphafold2_ptm_model_4_seed_044 recycle=3 pLDDT=86 pTM=0.682 tol=0.13
2026-07-22 23:48:14,273 alphafold2_ptm_model_4_seed_044 took 72.7s (3 recycles)
2026-07-22 23:48:31,295 alphafold2_ptm_model_5_seed_044 recycle=0 pLDDT=86.6 pTM=0.678
2026-07-22 23:48:48,837 alphafold2_ptm_model_5_seed_044 recycle=1 pLDDT=90.1 pTM=0.75 tol=0.255
2026-07-22 23:49:05,510 alphafold2_ptm_model_5_seed_044 recycle=2 pLDDT=90 pTM=0.748 tol=0.0804
2026-07-22 23:49:22,776 alphafold2_ptm_model_5_seed_044 recycle=3 pLDDT=90.4 pTM=0.751 tol=0.0575
2026-07-22 23:49:22,777 alphafold2_ptm_model_5_seed_044 took 68.5s (3 recycles)
2026-07-22 23:49:22,811 reranking models by 'plddt' metric
2026-07-22 23:49:22,812 rank_001_alphafold2_ptm_model_5_seed_043 pLDDT=90.8 pTM=0.757
2026-07-22 23:49:22,813 rank_002_alphafold2_ptm_model_5_seed_044 pLDDT=90.4 pTM=0.751
2026-07-22 23:49:22,815 rank_003_alphafold2_ptm_model_5_seed_042 pLDDT=90.4 pTM=0.753
2026-07-22 23:49:22,816 rank_004_alphafold2_ptm_model_2_seed_044 pLDDT=90.1 pTM=0.726
2026-07-22 23:49:22,817 rank_005_alphafold2_ptm_model_3_seed_044 pLDDT=88.2 pTM=0.697
2026-07-22 23:49:22,819 rank_006_alphafold2_ptm_model_2_seed_042 pLDDT=87.8 pTM=0.708
2026-07-22 23:49:22,820 rank_007_alphafold2_ptm_model_2_seed_043 pLDDT=87.6 pTM=0.705
2026-07-22 23:49:22,822 rank_008_alphafold2_ptm_model_3_seed_042 pLDDT=87.4 pTM=0.688
2026-07-22 23:49:22,823 rank_009_alphafold2_ptm_model_3_seed_043 pLDDT=87 pTM=0.683
2026-07-22 23:49:22,824 rank_010_alphafold2_ptm_model_1_seed_044 pLDDT=86.7 pTM=0.683
2026-07-22 23:49:22,825 rank_011_alphafold2_ptm_model_4_seed_042 pLDDT=86.3 pTM=0.686
2026-07-22 23:49:22,827 rank_012_alphafold2_ptm_model_1_seed_042 pLDDT=86.1 pTM=0.676
2026-07-22 23:49:22,828 rank_013_alphafold2_ptm_model_4_seed_044 pLDDT=86 pTM=0.682
2026-07-22 23:49:22,829 rank_014_alphafold2_ptm_model_4_seed_043 pLDDT=85.9 pTM=0.681
2026-07-22 23:49:22,831 rank_015_alphafold2_ptm_model_1_seed_043 pLDDT=85.2 pTM=0.669
2026-07-22 23:49:26,270 Query 18/586: 5KPH_4_2_0_0_combined_id7 (length 72)
2026-07-22 23:49:28,763 Padding length to 82
2026-07-22 23:49:45,839 alphafold2_ptm_model_1_seed_042 recycle=0 pLDDT=90.8 pTM=0.72
2026-07-22 23:50:03,241 alphafold2_ptm_model_1_seed_042 recycle=1 pLDDT=94.4 pTM=0.796 tol=0.219
2026-07-22 23:50:20,328 alphafold2_ptm_model_1_seed_042 recycle=2 pLDDT=95.3 pTM=0.812 tol=0.0514
2026-07-22 23:50:37,200 alphafold2_ptm_model_1_seed_042 recycle=3 pLDDT=95.8 pTM=0.82 tol=0.0244
2026-07-22 23:50:37,200 alphafold2_ptm_model_1_seed_042 took 68.4s (3 recycles)
2026-07-22 23:50:55,048 alphafold2_ptm_model_2_seed_042 recycle=0 pLDDT=92.8 pTM=0.777
2026-07-22 23:51:12,185 alphafold2_ptm_model_2_seed_042 recycle=1 pLDDT=95.7 pTM=0.827 tol=0.185
2026-07-22 23:51:29,462 alphafold2_ptm_model_2_seed_042 recycle=2 pLDDT=96.2 pTM=0.835 tol=0.0998
2026-07-22 23:51:47,027 alphafold2_ptm_model_2_seed_042 recycle=3 pLDDT=96.6 pTM=0.839 tol=0.0347
2026-07-22 23:51:47,039 alphafold2_ptm_model_2_seed_042 took 69.8s (3 recycles)
2026-07-22 23:52:04,976 alphafold2_ptm_model_3_seed_042 recycle=0 pLDDT=92.4 pTM=0.764
2026-07-22 23:52:23,075 alphafold2_ptm_model_3_seed_042 recycle=1 pLDDT=94.8 pTM=0.805 tol=0.164
2026-07-22 23:52:40,570 alphafold2_ptm_model_3_seed_042 recycle=2 pLDDT=96.2 pTM=0.826 tol=0.067
2026-07-22 23:52:58,190 alphafold2_ptm_model_3_seed_042 recycle=3 pLDDT=96.6 pTM=0.832 tol=0.0433
2026-07-22 23:52:58,190 alphafold2_ptm_model_3_seed_042 took 71.1s (3 recycles)
2026-07-22 23:53:15,390 alphafold2_ptm_model_4_seed_042 recycle=0 pLDDT=92.6 pTM=0.781
2026-07-22 23:53:32,638 alphafold2_ptm_model_4_seed_042 recycle=1 pLDDT=94.9 pTM=0.822 tol=0.206
2026-07-22 23:53:49,696 alphafold2_ptm_model_4_seed_042 recycle=2 pLDDT=95.7 pTM=0.833 tol=0.0485
2026-07-22 23:54:06,793 alphafold2_ptm_model_4_seed_042 recycle=3 pLDDT=95.9 pTM=0.835 tol=0.0279
2026-07-22 23:54:06,794 alphafold2_ptm_model_4_seed_042 took 68.6s (3 recycles)
2026-07-22 23:54:23,587 alphafold2_ptm_model_5_seed_042 recycle=0 pLDDT=93.1 pTM=0.777
2026-07-22 23:54:41,149 alphafold2_ptm_model_5_seed_042 recycle=1 pLDDT=95.2 pTM=0.816 tol=0.148
2026-07-22 23:54:56,982 alphafold2_ptm_model_5_seed_042 recycle=2 pLDDT=95.8 pTM=0.825 tol=0.0621
2026-07-22 23:55:14,721 alphafold2_ptm_model_5_seed_042 recycle=3 pLDDT=96.1 pTM=0.829 tol=0.0652
2026-07-22 23:55:14,721 alphafold2_ptm_model_5_seed_042 took 67.9s (3 recycles)
2026-07-22 23:55:16,059 Padding length to 82
2026-07-22 23:55:33,498 alphafold2_ptm_model_1_seed_043 recycle=0 pLDDT=91.4 pTM=0.736
2026-07-22 23:55:51,285 alphafold2_ptm_model_1_seed_043 recycle=1 pLDDT=94.7 pTM=0.803 tol=0.203
2026-07-22 23:56:08,495 alphafold2_ptm_model_1_seed_043 recycle=2 pLDDT=95.4 pTM=0.814 tol=0.052
2026-07-22 23:56:25,530 alphafold2_ptm_model_1_seed_043 recycle=3 pLDDT=95.9 pTM=0.82 tol=0.0284
2026-07-22 23:56:25,531 alphafold2_ptm_model_1_seed_043 took 69.5s (3 recycles)
2026-07-22 23:56:42,916 alphafold2_ptm_model_2_seed_043 recycle=0 pLDDT=92.9 pTM=0.779
2026-07-22 23:56:59,995 alphafold2_ptm_model_2_seed_043 recycle=1 pLDDT=95.8 pTM=0.829 tol=0.182
2026-07-22 23:57:17,734 alphafold2_ptm_model_2_seed_043 recycle=2 pLDDT=96.2 pTM=0.835 tol=0.1
2026-07-22 23:57:34,749 alphafold2_ptm_model_2_seed_043 recycle=3 pLDDT=96.5 pTM=0.838 tol=0.0387
2026-07-22 23:57:34,750 alphafold2_ptm_model_2_seed_043 took 69.2s (3 recycles)
2026-07-22 23:57:52,366 alphafold2_ptm_model_3_seed_043 recycle=0 pLDDT=92.1 pTM=0.761
2026-07-22 23:58:09,584 alphafold2_ptm_model_3_seed_043 recycle=1 pLDDT=94.9 pTM=0.805 tol=0.168
2026-07-22 23:58:26,776 alphafold2_ptm_model_3_seed_043 recycle=2 pLDDT=96.2 pTM=0.827 tol=0.0631
2026-07-22 23:58:43,285 alphafold2_ptm_model_3_seed_043 recycle=3 pLDDT=96.6 pTM=0.832 tol=0.0466
2026-07-22 23:58:43,286 alphafold2_ptm_model_3_seed_043 took 68.5s (3 recycles)
2026-07-22 23:59:00,096 alphafold2_ptm_model_4_seed_043 recycle=0 pLDDT=92.7 pTM=0.786
2026-07-22 23:59:17,236 alphafold2_ptm_model_4_seed_043 recycle=1 pLDDT=95 pTM=0.825 tol=0.188
2026-07-22 23:59:34,825 alphafold2_ptm_model_4_seed_043 recycle=2 pLDDT=95.8 pTM=0.834 tol=0.0469
2026-07-22 23:59:52,530 alphafold2_ptm_model_4_seed_043 recycle=3 pLDDT=96 pTM=0.836 tol=0.0282
2026-07-22 23:59:52,531 alphafold2_ptm_model_4_seed_043 took 69.2s (3 recycles)
2026-07-23 00:00:10,258 alphafold2_ptm_model_5_seed_043 recycle=0 pLDDT=92.8 pTM=0.775
2026-07-23 00:00:27,545 alphafold2_ptm_model_5_seed_043 recycle=1 pLDDT=94.7 pTM=0.81 tol=0.167
2026-07-23 00:00:45,313 alphafold2_ptm_model_5_seed_043 recycle=2 pLDDT=95.6 pTM=0.821 tol=0.082
2026-07-23 00:01:02,863 alphafold2_ptm_model_5_seed_043 recycle=3 pLDDT=96.1 pTM=0.827 tol=0.0536
2026-07-23 00:01:02,864 alphafold2_ptm_model_5_seed_043 took 70.3s (3 recycles)
2026-07-23 00:01:04,444 Padding length to 82
2026-07-23 00:01:22,356 alphafold2_ptm_model_1_seed_044 recycle=0 pLDDT=91.2 pTM=0.737
2026-07-23 00:01:40,238 alphafold2_ptm_model_1_seed_044 recycle=1 pLDDT=94.7 pTM=0.802 tol=0.171
2026-07-23 00:01:57,985 alphafold2_ptm_model_1_seed_044 recycle=2 pLDDT=95.4 pTM=0.814 tol=0.0544
2026-07-23 00:02:16,288 alphafold2_ptm_model_1_seed_044 recycle=3 pLDDT=95.9 pTM=0.821 tol=0.0263
2026-07-23 00:02:16,288 alphafold2_ptm_model_1_seed_044 took 71.8s (3 recycles)
2026-07-23 00:02:33,893 alphafold2_ptm_model_2_seed_044 recycle=0 pLDDT=93 pTM=0.78
2026-07-23 00:02:51,602 alphafold2_ptm_model_2_seed_044 recycle=1 pLDDT=95.8 pTM=0.828 tol=0.184
2026-07-23 00:03:10,163 alphafold2_ptm_model_2_seed_044 recycle=2 pLDDT=96.2 pTM=0.835 tol=0.106
2026-07-23 00:03:28,108 alphafold2_ptm_model_2_seed_044 recycle=3 pLDDT=96.5 pTM=0.838 tol=0.0431
2026-07-23 00:03:28,108 alphafold2_ptm_model_2_seed_044 took 71.8s (3 recycles)
2026-07-23 00:03:46,456 alphafold2_ptm_model_3_seed_044 recycle=0 pLDDT=91.8 pTM=0.757
2026-07-23 00:04:04,537 alphafold2_ptm_model_3_seed_044 recycle=1 pLDDT=94.8 pTM=0.802 tol=0.162
2026-07-23 00:04:22,622 alphafold2_ptm_model_3_seed_044 recycle=2 pLDDT=96.1 pTM=0.824 tol=0.0651
2026-07-23 00:04:40,553 alphafold2_ptm_model_3_seed_044 recycle=3 pLDDT=96.6 pTM=0.831 tol=0.044
2026-07-23 00:04:40,554 alphafold2_ptm_model_3_seed_044 took 72.4s (3 recycles)
2026-07-23 00:04:58,301 alphafold2_ptm_model_4_seed_044 recycle=0 pLDDT=92.8 pTM=0.786
2026-07-23 00:05:15,482 alphafold2_ptm_model_4_seed_044 recycle=1 pLDDT=95.2 pTM=0.824 tol=0.19
2026-07-23 00:05:33,483 alphafold2_ptm_model_4_seed_044 recycle=2 pLDDT=95.8 pTM=0.833 tol=0.0452
2026-07-23 00:05:51,218 alphafold2_ptm_model_4_seed_044 recycle=3 pLDDT=96 pTM=0.837 tol=0.0263
2026-07-23 00:05:51,219 alphafold2_ptm_model_4_seed_044 took 70.6s (3 recycles)
2026-07-23 00:06:09,220 alphafold2_ptm_model_5_seed_044 recycle=0 pLDDT=93 pTM=0.775
2026-07-23 00:06:27,069 alphafold2_ptm_model_5_seed_044 recycle=1 pLDDT=95 pTM=0.813 tol=0.147
2026-07-23 00:06:44,950 alphafold2_ptm_model_5_seed_044 recycle=2 pLDDT=95.6 pTM=0.822 tol=0.0698
2026-07-23 00:07:02,738 alphafold2_ptm_model_5_seed_044 recycle=3 pLDDT=96.1 pTM=0.827 tol=0.0575
2026-07-23 00:07:02,739 alphafold2_ptm_model_5_seed_044 took 71.4s (3 recycles)
2026-07-23 00:07:02,789 reranking models by 'plddt' metric
2026-07-23 00:07:02,789 rank_001_alphafold2_ptm_model_3_seed_043 pLDDT=96.6 pTM=0.832
2026-07-23 00:07:02,791 rank_002_alphafold2_ptm_model_2_seed_042 pLDDT=96.6 pTM=0.839
2026-07-23 00:07:02,793 rank_003_alphafold2_ptm_model_3_seed_044 pLDDT=96.6 pTM=0.831
2026-07-23 00:07:02,797 rank_004_alphafold2_ptm_model_3_seed_042 pLDDT=96.6 pTM=0.832
2026-07-23 00:07:02,800 rank_005_alphafold2_ptm_model_2_seed_044 pLDDT=96.5 pTM=0.838
2026-07-23 00:07:02,802 rank_006_alphafold2_ptm_model_2_seed_043 pLDDT=96.5 pTM=0.838
2026-07-23 00:07:02,804 rank_007_alphafold2_ptm_model_5_seed_042 pLDDT=96.1 pTM=0.829
2026-07-23 00:07:02,808 rank_008_alphafold2_ptm_model_5_seed_044 pLDDT=96.1 pTM=0.827
2026-07-23 00:07:02,828 rank_009_alphafold2_ptm_model_5_seed_043 pLDDT=96.1 pTM=0.827
2026-07-23 00:07:02,830 rank_010_alphafold2_ptm_model_4_seed_044 pLDDT=96 pTM=0.837
2026-07-23 00:07:02,832 rank_011_alphafold2_ptm_model_4_seed_043 pLDDT=96 pTM=0.836
2026-07-23 00:07:02,835 rank_012_alphafold2_ptm_model_1_seed_044 pLDDT=95.9 pTM=0.821
2026-07-23 00:07:02,837 rank_013_alphafold2_ptm_model_1_seed_043 pLDDT=95.9 pTM=0.82
2026-07-23 00:07:02,839 rank_014_alphafold2_ptm_model_4_seed_042 pLDDT=95.9 pTM=0.835
2026-07-23 00:07:02,842 rank_015_alphafold2_ptm_model_1_seed_042 pLDDT=95.8 pTM=0.82
2026-07-23 00:07:06,391 Query 19/586: 5KPH_4_4_2_0_combined_id6 (length 72)
2026-07-23 00:07:08,902 Padding length to 82
2026-07-23 00:07:26,398 alphafold2_ptm_model_1_seed_042 recycle=0 pLDDT=83.1 pTM=0.562
2026-07-23 00:07:43,747 alphafold2_ptm_model_1_seed_042 recycle=1 pLDDT=85.5 pTM=0.609 tol=0.3
2026-07-23 00:08:00,706 alphafold2_ptm_model_1_seed_042 recycle=2 pLDDT=85.4 pTM=0.613 tol=0.465
2026-07-23 00:08:17,772 alphafold2_ptm_model_1_seed_042 recycle=3 pLDDT=85.9 pTM=0.625 tol=0.207
2026-07-23 00:08:17,772 alphafold2_ptm_model_1_seed_042 took 68.9s (3 recycles)
2026-07-23 00:08:35,246 alphafold2_ptm_model_2_seed_042 recycle=0 pLDDT=88.1 pTM=0.663
2026-07-23 00:08:52,783 alphafold2_ptm_model_2_seed_042 recycle=1 pLDDT=86.6 pTM=0.658 tol=0.4
2026-07-23 00:09:10,167 alphafold2_ptm_model_2_seed_042 recycle=2 pLDDT=85.8 pTM=0.646 tol=0.399
2026-07-23 00:09:28,008 alphafold2_ptm_model_2_seed_042 recycle=3 pLDDT=86.3 pTM=0.657 tol=0.245
2026-07-23 00:09:28,008 alphafold2_ptm_model_2_seed_042 took 70.2s (3 recycles)
2026-07-23 00:09:45,405 alphafold2_ptm_model_3_seed_042 recycle=0 pLDDT=85.5 pTM=0.605
2026-07-23 00:10:03,418 alphafold2_ptm_model_3_seed_042 recycle=1 pLDDT=86.6 pTM=0.635 tol=0.407
2026-07-23 00:10:21,572 alphafold2_ptm_model_3_seed_042 recycle=2 pLDDT=87.1 pTM=0.642 tol=0.129
2026-07-23 00:10:38,572 alphafold2_ptm_model_3_seed_042 recycle=3 pLDDT=87.2 pTM=0.651 tol=0.195
2026-07-23 00:10:38,572 alphafold2_ptm_model_3_seed_042 took 70.5s (3 recycles)
2026-07-23 00:10:56,429 alphafold2_ptm_model_4_seed_042 recycle=0 pLDDT=85.6 pTM=0.608
2026-07-23 00:11:13,561 alphafold2_ptm_model_4_seed_042 recycle=1 pLDDT=86.4 pTM=0.637 tol=0.715
2026-07-23 00:11:31,234 alphafold2_ptm_model_4_seed_042 recycle=2 pLDDT=86.1 pTM=0.636 tol=0.27
2026-07-23 00:11:48,914 alphafold2_ptm_model_4_seed_042 recycle=3 pLDDT=86.3 pTM=0.638 tol=0.13
2026-07-23 00:11:48,916 alphafold2_ptm_model_4_seed_042 took 70.3s (3 recycles)
2026-07-23 00:12:06,752 alphafold2_ptm_model_5_seed_042 recycle=0 pLDDT=88.2 pTM=0.67
2026-07-23 00:12:24,079 alphafold2_ptm_model_5_seed_042 recycle=1 pLDDT=91.4 pTM=0.707 tol=0.228
2026-07-23 00:12:41,699 alphafold2_ptm_model_5_seed_042 recycle=2 pLDDT=91.8 pTM=0.716 tol=0.0564
2026-07-23 00:12:59,013 alphafold2_ptm_model_5_seed_042 recycle=3 pLDDT=91.9 pTM=0.72 tol=0.0316
2026-07-23 00:12:59,014 alphafold2_ptm_model_5_seed_042 took 70.0s (3 recycles)
2026-07-23 00:13:00,137 Padding length to 82
2026-07-23 00:13:17,537 alphafold2_ptm_model_1_seed_043 recycle=0 pLDDT=81.9 pTM=0.558
2026-07-23 00:13:35,862 alphafold2_ptm_model_1_seed_043 recycle=1 pLDDT=85.4 pTM=0.61 tol=0.284
2026-07-23 00:13:53,635 alphafold2_ptm_model_1_seed_043 recycle=2 pLDDT=85.6 pTM=0.614 tol=0.428
2026-07-23 00:14:11,300 alphafold2_ptm_model_1_seed_043 recycle=3 pLDDT=85.9 pTM=0.622 tol=0.108
2026-07-23 00:14:11,300 alphafold2_ptm_model_1_seed_043 took 71.2s (3 recycles)
2026-07-23 00:14:29,407 alphafold2_ptm_model_2_seed_043 recycle=0 pLDDT=88.8 pTM=0.671
2026-07-23 00:14:47,559 alphafold2_ptm_model_2_seed_043 recycle=1 pLDDT=86.7 pTM=0.658 tol=0.33
2026-07-23 00:15:05,411 alphafold2_ptm_model_2_seed_043 recycle=2 pLDDT=86.6 pTM=0.654 tol=0.117
2026-07-23 00:15:23,380 alphafold2_ptm_model_2_seed_043 recycle=3 pLDDT=86.4 pTM=0.657 tol=0.223
2026-07-23 00:15:23,380 alphafold2_ptm_model_2_seed_043 took 72.0s (3 recycles)
2026-07-23 00:15:40,871 alphafold2_ptm_model_3_seed_043 recycle=0 pLDDT=85.9 pTM=0.611
2026-07-23 00:15:57,975 alphafold2_ptm_model_3_seed_043 recycle=1 pLDDT=86.5 pTM=0.633 tol=0.459
2026-07-23 00:16:15,483 alphafold2_ptm_model_3_seed_043 recycle=2 pLDDT=86.8 pTM=0.638 tol=0.126
2026-07-23 00:16:32,956 alphafold2_ptm_model_3_seed_043 recycle=3 pLDDT=87.1 pTM=0.649 tol=0.162
2026-07-23 00:16:32,956 alphafold2_ptm_model_3_seed_043 took 69.5s (3 recycles)
2026-07-23 00:16:50,861 alphafold2_ptm_model_4_seed_043 recycle=0 pLDDT=85.2 pTM=0.604
2026-07-23 00:17:08,671 alphafold2_ptm_model_4_seed_043 recycle=1 pLDDT=86.3 pTM=0.636 tol=0.685
2026-07-23 00:17:26,176 alphafold2_ptm_model_4_seed_043 recycle=2 pLDDT=86 pTM=0.637 tol=0.356
2026-07-23 00:17:43,822 alphafold2_ptm_model_4_seed_043 recycle=3 pLDDT=86.5 pTM=0.639 tol=0.127
2026-07-23 00:17:43,824 alphafold2_ptm_model_4_seed_043 took 70.8s (3 recycles)
2026-07-23 00:18:01,662 alphafold2_ptm_model_5_seed_043 recycle=0 pLDDT=88.1 pTM=0.672
2026-07-23 00:18:19,370 alphafold2_ptm_model_5_seed_043 recycle=1 pLDDT=91.3 pTM=0.707 tol=0.233
2026-07-23 00:18:36,886 alphafold2_ptm_model_5_seed_043 recycle=2 pLDDT=91.8 pTM=0.715 tol=0.0479
2026-07-23 00:18:55,035 alphafold2_ptm_model_5_seed_043 recycle=3 pLDDT=91.9 pTM=0.721 tol=0.0335
2026-07-23 00:18:55,035 alphafold2_ptm_model_5_seed_043 took 71.2s (3 recycles)
2026-07-23 00:18:56,155 Padding length to 82
2026-07-23 00:19:13,594 alphafold2_ptm_model_1_seed_044 recycle=0 pLDDT=84 pTM=0.575
2026-07-23 00:19:31,263 alphafold2_ptm_model_1_seed_044 recycle=1 pLDDT=86.3 pTM=0.614 tol=0.68
2026-07-23 00:19:48,567 alphafold2_ptm_model_1_seed_044 recycle=2 pLDDT=86.3 pTM=0.624 tol=0.181
2026-07-23 00:20:06,189 alphafold2_ptm_model_1_seed_044 recycle=3 pLDDT=85.8 pTM=0.616 tol=0.0518
2026-07-23 00:20:06,190 alphafold2_ptm_model_1_seed_044 took 70.0s (3 recycles)
2026-07-23 00:20:24,005 alphafold2_ptm_model_2_seed_044 recycle=0 pLDDT=88.6 pTM=0.667
2026-07-23 00:20:41,830 alphafold2_ptm_model_2_seed_044 recycle=1 pLDDT=86.8 pTM=0.661 tol=0.417
2026-07-23 00:20:59,398 alphafold2_ptm_model_2_seed_044 recycle=2 pLDDT=86.4 pTM=0.651 tol=0.313
2026-07-23 00:21:17,454 alphafold2_ptm_model_2_seed_044 recycle=3 pLDDT=86.7 pTM=0.661 tol=0.332
2026-07-23 00:21:17,454 alphafold2_ptm_model_2_seed_044 took 71.2s (3 recycles)
2026-07-23 00:21:35,985 alphafold2_ptm_model_3_seed_044 recycle=0 pLDDT=86.2 pTM=0.614
2026-07-23 00:21:54,098 alphafold2_ptm_model_3_seed_044 recycle=1 pLDDT=86.6 pTM=0.634 tol=0.482
2026-07-23 00:22:12,096 alphafold2_ptm_model_3_seed_044 recycle=2 pLDDT=86.5 pTM=0.636 tol=0.152
2026-07-23 00:22:29,815 alphafold2_ptm_model_3_seed_044 recycle=3 pLDDT=86.9 pTM=0.645 tol=0.14
2026-07-23 00:22:29,822 alphafold2_ptm_model_3_seed_044 took 72.3s (3 recycles)
2026-07-23 00:22:47,390 alphafold2_ptm_model_4_seed_044 recycle=0 pLDDT=84.6 pTM=0.601
2026-07-23 00:23:04,795 alphafold2_ptm_model_4_seed_044 recycle=1 pLDDT=86.2 pTM=0.637 tol=0.68
2026-07-23 00:23:21,435 alphafold2_ptm_model_4_seed_044 recycle=2 pLDDT=86.2 pTM=0.636 tol=0.263
2026-07-23 00:23:39,168 alphafold2_ptm_model_4_seed_044 recycle=3 pLDDT=86.3 pTM=0.636 tol=0.117
2026-07-23 00:23:39,169 alphafold2_ptm_model_4_seed_044 took 69.3s (3 recycles)
2026-07-23 00:23:56,653 alphafold2_ptm_model_5_seed_044 recycle=0 pLDDT=87.6 pTM=0.665
2026-07-23 00:24:14,631 alphafold2_ptm_model_5_seed_044 recycle=1 pLDDT=91 pTM=0.704 tol=0.247
2026-07-23 00:24:32,793 alphafold2_ptm_model_5_seed_044 recycle=2 pLDDT=91.6 pTM=0.713 tol=0.0525
2026-07-23 00:24:50,434 alphafold2_ptm_model_5_seed_044 recycle=3 pLDDT=91.9 pTM=0.721 tol=0.0373
2026-07-23 00:24:50,434 alphafold2_ptm_model_5_seed_044 took 71.2s (3 recycles)
2026-07-23 00:24:50,464 reranking models by 'plddt' metric
2026-07-23 00:24:50,464 rank_001_alphafold2_ptm_model_5_seed_044 pLDDT=91.9 pTM=0.721
2026-07-23 00:24:50,466 rank_002_alphafold2_ptm_model_5_seed_043 pLDDT=91.9 pTM=0.721
2026-07-23 00:24:50,472 rank_003_alphafold2_ptm_model_5_seed_042 pLDDT=91.9 pTM=0.72
2026-07-23 00:24:50,480 rank_004_alphafold2_ptm_model_3_seed_042 pLDDT=87.2 pTM=0.651
2026-07-23 00:24:50,487 rank_005_alphafold2_ptm_model_3_seed_043 pLDDT=87.1 pTM=0.649
2026-07-23 00:24:50,501 rank_006_alphafold2_ptm_model_3_seed_044 pLDDT=86.9 pTM=0.645
2026-07-23 00:24:50,503 rank_007_alphafold2_ptm_model_2_seed_044 pLDDT=86.7 pTM=0.661
2026-07-23 00:24:50,504 rank_008_alphafold2_ptm_model_4_seed_043 pLDDT=86.5 pTM=0.639
2026-07-23 00:24:50,506 rank_009_alphafold2_ptm_model_2_seed_043 pLDDT=86.4 pTM=0.657
2026-07-23 00:24:50,507 rank_010_alphafold2_ptm_model_4_seed_044 pLDDT=86.3 pTM=0.636
2026-07-23 00:24:50,509 rank_011_alphafold2_ptm_model_4_seed_042 pLDDT=86.3 pTM=0.638
2026-07-23 00:24:50,510 rank_012_alphafold2_ptm_model_2_seed_042 pLDDT=86.3 pTM=0.657
2026-07-23 00:24:50,512 rank_013_alphafold2_ptm_model_1_seed_043 pLDDT=85.9 pTM=0.622
2026-07-23 00:24:50,513 rank_014_alphafold2_ptm_model_1_seed_042 pLDDT=85.9 pTM=0.625
2026-07-23 00:24:50,515 rank_015_alphafold2_ptm_model_1_seed_044 pLDDT=85.8 pTM=0.616
2026-07-23 00:24:53,944 Query 20/586: 5KPH_4_6_7_0_combined_id1 (length 72)
2026-07-23 00:24:56,954 Padding length to 82
2026-07-23 00:25:14,975 alphafold2_ptm_model_1_seed_042 recycle=0 pLDDT=61.1 pTM=0.448
2026-07-23 00:25:32,833 alphafold2_ptm_model_1_seed_042 recycle=1 pLDDT=86.4 pTM=0.67 tol=1.52
2026-07-23 00:25:49,896 alphafold2_ptm_model_1_seed_042 recycle=2 pLDDT=90.6 pTM=0.73 tol=1.02
2026-07-23 00:26:07,202 alphafold2_ptm_model_1_seed_042 recycle=3 pLDDT=92 pTM=0.749 tol=0.166
2026-07-23 00:26:07,203 alphafold2_ptm_model_1_seed_042 took 70.2s (3 recycles)
2026-07-23 00:26:25,620 alphafold2_ptm_model_2_seed_042 recycle=0 pLDDT=78 pTM=0.593
2026-07-23 00:26:43,434 alphafold2_ptm_model_2_seed_042 recycle=1 pLDDT=86.9 pTM=0.683 tol=1.54
2026-07-23 00:27:01,577 alphafold2_ptm_model_2_seed_042 recycle=2 pLDDT=88.1 pTM=0.704 tol=1.02
2026-07-23 00:27:18,928 alphafold2_ptm_model_2_seed_042 recycle=3 pLDDT=93.8 pTM=0.773 tol=0.376
2026-07-23 00:27:18,929 alphafold2_ptm_model_2_seed_042 took 71.7s (3 recycles)
2026-07-23 00:27:37,073 alphafold2_ptm_model_3_seed_042 recycle=0 pLDDT=84.6 pTM=0.637
2026-07-23 00:27:55,064 alphafold2_ptm_model_3_seed_042 recycle=1 pLDDT=92 pTM=0.743 tol=1.07
2026-07-23 00:28:12,868 alphafold2_ptm_model_3_seed_042 recycle=2 pLDDT=92.6 pTM=0.754 tol=0.122
2026-07-23 00:28:30,477 alphafold2_ptm_model_3_seed_042 recycle=3 pLDDT=93.3 pTM=0.76 tol=0.0654
2026-07-23 00:28:30,477 alphafold2_ptm_model_3_seed_042 took 71.5s (3 recycles)
2026-07-23 00:28:48,693 alphafold2_ptm_model_4_seed_042 recycle=0 pLDDT=83.5 pTM=0.647
2026-07-23 00:29:06,305 alphafold2_ptm_model_4_seed_042 recycle=1 pLDDT=93.4 pTM=0.777 tol=0.828
2026-07-23 00:29:24,206 alphafold2_ptm_model_4_seed_042 recycle=2 pLDDT=93.6 pTM=0.783 tol=0.0604
2026-07-23 00:29:42,491 alphafold2_ptm_model_4_seed_042 recycle=3 pLDDT=93.8 pTM=0.785 tol=0.0437
2026-07-23 00:29:42,492 alphafold2_ptm_model_4_seed_042 took 72.0s (3 recycles)
2026-07-23 00:29:59,926 alphafold2_ptm_model_5_seed_042 recycle=0 pLDDT=65.1 pTM=0.47
2026-07-23 00:30:17,892 alphafold2_ptm_model_5_seed_042 recycle=1 pLDDT=77.8 pTM=0.586 tol=1.77
2026-07-23 00:30:35,213 alphafold2_ptm_model_5_seed_042 recycle=2 pLDDT=84.8 pTM=0.65 tol=1.91
2026-07-23 00:30:52,348 alphafold2_ptm_model_5_seed_042 recycle=3 pLDDT=90.7 pTM=0.727 tol=0.397
2026-07-23 00:30:52,349 alphafold2_ptm_model_5_seed_042 took 69.8s (3 recycles)
2026-07-23 00:30:53,805 Padding length to 82
2026-07-23 00:31:11,665 alphafold2_ptm_model_1_seed_043 recycle=0 pLDDT=63.8 pTM=0.475
2026-07-23 00:31:29,767 alphafold2_ptm_model_1_seed_043 recycle=1 pLDDT=86.6 pTM=0.667 tol=1.28
2026-07-23 00:31:47,849 alphafold2_ptm_model_1_seed_043 recycle=2 pLDDT=90.3 pTM=0.729 tol=1.03
2026-07-23 00:32:05,459 alphafold2_ptm_model_1_seed_043 recycle=3 pLDDT=91.7 pTM=0.746 tol=0.182
2026-07-23 00:32:05,460 alphafold2_ptm_model_1_seed_043 took 71.7s (3 recycles)
2026-07-23 00:32:23,353 alphafold2_ptm_model_2_seed_043 recycle=0 pLDDT=79.9 pTM=0.615
2026-07-23 00:32:40,802 alphafold2_ptm_model_2_seed_043 recycle=1 pLDDT=88 pTM=0.688 tol=2.28
2026-07-23 00:32:58,679 alphafold2_ptm_model_2_seed_043 recycle=2 pLDDT=89.8 pTM=0.723 tol=1.17
2026-07-23 00:33:15,952 alphafold2_ptm_model_2_seed_043 recycle=3 pLDDT=93.9 pTM=0.776 tol=0.269
2026-07-23 00:33:15,953 alphafold2_ptm_model_2_seed_043 took 70.5s (3 recycles)
2026-07-23 00:33:33,474 alphafold2_ptm_model_3_seed_043 recycle=0 pLDDT=83.9 pTM=0.63
2026-07-23 00:33:51,646 alphafold2_ptm_model_3_seed_043 recycle=1 pLDDT=91.9 pTM=0.747 tol=0.766
2026-07-23 00:34:09,784 alphafold2_ptm_model_3_seed_043 recycle=2 pLDDT=92.7 pTM=0.753 tol=0.0812
2026-07-23 00:34:27,357 alphafold2_ptm_model_3_seed_043 recycle=3 pLDDT=92.9 pTM=0.758 tol=0.0488
2026-07-23 00:34:27,358 alphafold2_ptm_model_3_seed_043 took 71.3s (3 recycles)
2026-07-23 00:34:44,177 alphafold2_ptm_model_4_seed_043 recycle=0 pLDDT=81.9 pTM=0.622
2026-07-23 00:35:01,032 alphafold2_ptm_model_4_seed_043 recycle=1 pLDDT=92.6 pTM=0.766 tol=1.23
2026-07-23 00:35:17,849 alphafold2_ptm_model_4_seed_043 recycle=2 pLDDT=93.4 pTM=0.779 tol=0.0607
2026-07-23 00:35:35,102 alphafold2_ptm_model_4_seed_043 recycle=3 pLDDT=93.6 pTM=0.782 tol=0.03
2026-07-23 00:35:35,103 alphafold2_ptm_model_4_seed_043 took 67.7s (3 recycles)
2026-07-23 00:35:52,015 alphafold2_ptm_model_5_seed_043 recycle=0 pLDDT=55.1 pTM=0.4
2026-07-23 00:36:08,776 alphafold2_ptm_model_5_seed_043 recycle=1 pLDDT=88.8 pTM=0.708 tol=2.27
2026-07-23 00:36:25,843 alphafold2_ptm_model_5_seed_043 recycle=2 pLDDT=91.7 pTM=0.744 tol=0.338
2026-07-23 00:36:42,936 alphafold2_ptm_model_5_seed_043 recycle=3 pLDDT=91.9 pTM=0.744 tol=0.0831
2026-07-23 00:36:42,936 alphafold2_ptm_model_5_seed_043 took 67.8s (3 recycles)
2026-07-23 00:36:44,009 Padding length to 82
2026-07-23 00:37:00,998 alphafold2_ptm_model_1_seed_044 recycle=0 pLDDT=61 pTM=0.467
2026-07-23 00:37:18,025 alphafold2_ptm_model_1_seed_044 recycle=1 pLDDT=85.4 pTM=0.651 tol=1.94
2026-07-23 00:37:35,157 alphafold2_ptm_model_1_seed_044 recycle=2 pLDDT=88.7 pTM=0.71 tol=0.864
2026-07-23 00:37:52,297 alphafold2_ptm_model_1_seed_044 recycle=3 pLDDT=90.5 pTM=0.731 tol=0.212
2026-07-23 00:37:52,297 alphafold2_ptm_model_1_seed_044 took 68.3s (3 recycles)
2026-07-23 00:38:09,496 alphafold2_ptm_model_2_seed_044 recycle=0 pLDDT=87.6 pTM=0.671
2026-07-23 00:38:26,243 alphafold2_ptm_model_2_seed_044 recycle=1 pLDDT=92.4 pTM=0.755 tol=1.41
2026-07-23 00:38:43,600 alphafold2_ptm_model_2_seed_044 recycle=2 pLDDT=94.4 pTM=0.785 tol=0.303
2026-07-23 00:39:00,520 alphafold2_ptm_model_2_seed_044 recycle=3 pLDDT=94.9 pTM=0.792 tol=0.0487
2026-07-23 00:39:00,521 alphafold2_ptm_model_2_seed_044 took 68.1s (3 recycles)
2026-07-23 00:39:17,733 alphafold2_ptm_model_3_seed_044 recycle=0 pLDDT=83 pTM=0.619
2026-07-23 00:39:34,766 alphafold2_ptm_model_3_seed_044 recycle=1 pLDDT=91.4 pTM=0.737 tol=0.79
2026-07-23 00:39:51,920 alphafold2_ptm_model_3_seed_044 recycle=2 pLDDT=92.2 pTM=0.75 tol=0.146
2026-07-23 00:40:08,754 alphafold2_ptm_model_3_seed_044 recycle=3 pLDDT=93.1 pTM=0.76 tol=0.061
2026-07-23 00:40:08,754 alphafold2_ptm_model_3_seed_044 took 68.2s (3 recycles)
2026-07-23 00:40:25,127 alphafold2_ptm_model_4_seed_044 recycle=0 pLDDT=82.7 pTM=0.637
2026-07-23 00:40:41,613 alphafold2_ptm_model_4_seed_044 recycle=1 pLDDT=92.6 pTM=0.763 tol=1.33
2026-07-23 00:40:59,345 alphafold2_ptm_model_4_seed_044 recycle=2 pLDDT=93.2 pTM=0.778 tol=0.0649
2026-07-23 00:41:16,839 alphafold2_ptm_model_4_seed_044 recycle=3 pLDDT=93.6 pTM=0.782 tol=0.0443
2026-07-23 00:41:16,839 alphafold2_ptm_model_4_seed_044 took 68.0s (3 recycles)
2026-07-23 00:41:34,293 alphafold2_ptm_model_5_seed_044 recycle=0 pLDDT=66.1 pTM=0.474
2026-07-23 00:41:52,254 alphafold2_ptm_model_5_seed_044 recycle=1 pLDDT=79.7 pTM=0.611 tol=1.68
2026-07-23 00:42:10,170 alphafold2_ptm_model_5_seed_044 recycle=2 pLDDT=84.6 pTM=0.646 tol=1.93
2026-07-23 00:42:27,132 alphafold2_ptm_model_5_seed_044 recycle=3 pLDDT=89.8 pTM=0.715 tol=0.463
2026-07-23 00:42:27,133 alphafold2_ptm_model_5_seed_044 took 70.3s (3 recycles)
2026-07-23 00:42:27,198 reranking models by 'plddt' metric
2026-07-23 00:42:27,198 rank_001_alphafold2_ptm_model_2_seed_044 pLDDT=94.9 pTM=0.792
2026-07-23 00:42:27,200 rank_002_alphafold2_ptm_model_2_seed_043 pLDDT=93.9 pTM=0.776
2026-07-23 00:42:27,202 rank_003_alphafold2_ptm_model_4_seed_042 pLDDT=93.8 pTM=0.785
2026-07-23 00:42:27,203 rank_004_alphafold2_ptm_model_2_seed_042 pLDDT=93.8 pTM=0.773
2026-07-23 00:42:27,204 rank_005_alphafold2_ptm_model_4_seed_044 pLDDT=93.6 pTM=0.782
2026-07-23 00:42:27,206 rank_006_alphafold2_ptm_model_4_seed_043 pLDDT=93.6 pTM=0.782
2026-07-23 00:42:27,207 rank_007_alphafold2_ptm_model_3_seed_042 pLDDT=93.3 pTM=0.76
2026-07-23 00:42:27,209 rank_008_alphafold2_ptm_model_3_seed_044 pLDDT=93.1 pTM=0.76
2026-07-23 00:42:27,210 rank_009_alphafold2_ptm_model_3_seed_043 pLDDT=92.9 pTM=0.758
2026-07-23 00:42:27,211 rank_010_alphafold2_ptm_model_1_seed_042 pLDDT=92 pTM=0.749
2026-07-23 00:42:27,213 rank_011_alphafold2_ptm_model_5_seed_043 pLDDT=91.9 pTM=0.744
2026-07-23 00:42:27,214 rank_012_alphafold2_ptm_model_1_seed_043 pLDDT=91.7 pTM=0.746
2026-07-23 00:42:27,216 rank_013_alphafold2_ptm_model_5_seed_042 pLDDT=90.7 pTM=0.727
2026-07-23 00:42:27,217 rank_014_alphafold2_ptm_model_1_seed_044 pLDDT=90.5 pTM=0.731
2026-07-23 00:42:27,218 rank_015_alphafold2_ptm_model_5_seed_044 pLDDT=89.8 pTM=0.715
2026-07-23 00:42:30,612 Query 21/586: 5KPH_6_2_5_0_combined_id6 (length 72)
2026-07-23 00:42:33,162 Padding length to 82
2026-07-23 00:42:49,527 alphafold2_ptm_model_1_seed_042 recycle=0 pLDDT=85.9 pTM=0.666
2026-07-23 00:43:06,754 alphafold2_ptm_model_1_seed_042 recycle=1 pLDDT=86.2 pTM=0.679 tol=0.32
2026-07-23 00:43:22,947 alphafold2_ptm_model_1_seed_042 recycle=2 pLDDT=86.3 pTM=0.686 tol=0.225
2026-07-23 00:43:39,296 alphafold2_ptm_model_1_seed_042 recycle=3 pLDDT=87.8 pTM=0.702 tol=0.304
2026-07-23 00:43:39,297 alphafold2_ptm_model_1_seed_042 took 66.1s (3 recycles)
2026-07-23 00:43:57,019 alphafold2_ptm_model_2_seed_042 recycle=0 pLDDT=88.8 pTM=0.721
2026-07-23 00:44:14,212 alphafold2_ptm_model_2_seed_042 recycle=1 pLDDT=88.8 pTM=0.723 tol=0.342
2026-07-23 00:44:31,419 alphafold2_ptm_model_2_seed_042 recycle=2 pLDDT=88.8 pTM=0.727 tol=0.0963
2026-07-23 00:44:48,407 alphafold2_ptm_model_2_seed_042 recycle=3 pLDDT=88.7 pTM=0.727 tol=0.0388
2026-07-23 00:44:48,407 alphafold2_ptm_model_2_seed_042 took 69.1s (3 recycles)
2026-07-23 00:45:05,952 alphafold2_ptm_model_3_seed_042 recycle=0 pLDDT=84.3 pTM=0.64
2026-07-23 00:45:23,399 alphafold2_ptm_model_3_seed_042 recycle=1 pLDDT=84.2 pTM=0.646 tol=0.129
2026-07-23 00:45:40,187 alphafold2_ptm_model_3_seed_042 recycle=2 pLDDT=84.3 pTM=0.647 tol=0.0853
2026-07-23 00:45:58,122 alphafold2_ptm_model_3_seed_042 recycle=3 pLDDT=84.9 pTM=0.655 tol=0.0411
2026-07-23 00:45:58,122 alphafold2_ptm_model_3_seed_042 took 69.7s (3 recycles)
2026-07-23 00:46:15,972 alphafold2_ptm_model_4_seed_042 recycle=0 pLDDT=89 pTM=0.728
2026-07-23 00:46:32,536 alphafold2_ptm_model_4_seed_042 recycle=1 pLDDT=86.4 pTM=0.698 tol=0.35
2026-07-23 00:46:49,942 alphafold2_ptm_model_4_seed_042 recycle=2 pLDDT=86.6 pTM=0.701 tol=0.105
2026-07-23 00:47:06,557 alphafold2_ptm_model_4_seed_042 recycle=3 pLDDT=86.4 pTM=0.698 tol=0.044
2026-07-23 00:47:06,558 alphafold2_ptm_model_4_seed_042 took 68.4s (3 recycles)
2026-07-23 00:47:24,352 alphafold2_ptm_model_5_seed_042 recycle=0 pLDDT=87.4 pTM=0.696
2026-07-23 00:47:41,481 alphafold2_ptm_model_5_seed_042 recycle=1 pLDDT=86.5 pTM=0.686 tol=0.205
2026-07-23 00:47:58,980 alphafold2_ptm_model_5_seed_042 recycle=2 pLDDT=86.2 pTM=0.682 tol=0.109
2026-07-23 00:48:15,859 alphafold2_ptm_model_5_seed_042 recycle=3 pLDDT=86.2 pTM=0.683 tol=0.0486
2026-07-23 00:48:15,860 alphafold2_ptm_model_5_seed_042 took 69.1s (3 recycles)
2026-07-23 00:48:17,117 Padding length to 82
2026-07-23 00:48:34,010 alphafold2_ptm_model_1_seed_043 recycle=0 pLDDT=85.2 pTM=0.659
2026-07-23 00:48:51,555 alphafold2_ptm_model_1_seed_043 recycle=1 pLDDT=86 pTM=0.679 tol=0.381
2026-07-23 00:49:08,633 alphafold2_ptm_model_1_seed_043 recycle=2 pLDDT=85.8 pTM=0.681 tol=0.174
2026-07-23 00:49:25,569 alphafold2_ptm_model_1_seed_043 recycle=3 pLDDT=86.8 pTM=0.692 tol=0.22
2026-07-23 00:49:25,570 alphafold2_ptm_model_1_seed_043 took 68.5s (3 recycles)
2026-07-23 00:49:43,100 alphafold2_ptm_model_2_seed_043 recycle=0 pLDDT=88.7 pTM=0.718
2026-07-23 00:49:59,739 alphafold2_ptm_model_2_seed_043 recycle=1 pLDDT=88.9 pTM=0.726 tol=0.308
2026-07-23 00:50:16,667 alphafold2_ptm_model_2_seed_043 recycle=2 pLDDT=88.9 pTM=0.728 tol=0.103
2026-07-23 00:50:34,251 alphafold2_ptm_model_2_seed_043 recycle=3 pLDDT=88.6 pTM=0.726 tol=0.0401
2026-07-23 00:50:34,252 alphafold2_ptm_model_2_seed_043 took 68.6s (3 recycles)
2026-07-23 00:50:51,615 alphafold2_ptm_model_3_seed_043 recycle=0 pLDDT=83.7 pTM=0.634
2026-07-23 00:51:08,733 alphafold2_ptm_model_3_seed_043 recycle=1 pLDDT=84.4 pTM=0.646 tol=0.36
2026-07-23 00:51:25,837 alphafold2_ptm_model_3_seed_043 recycle=2 pLDDT=84.3 pTM=0.649 tol=0.0663
2026-07-23 00:51:43,516 alphafold2_ptm_model_3_seed_043 recycle=3 pLDDT=84.7 pTM=0.655 tol=0.0495
2026-07-23 00:51:43,517 alphafold2_ptm_model_3_seed_043 took 69.2s (3 recycles)
2026-07-23 00:52:01,484 alphafold2_ptm_model_4_seed_043 recycle=0 pLDDT=88.6 pTM=0.719
2026-07-23 00:52:18,885 alphafold2_ptm_model_4_seed_043 recycle=1 pLDDT=85.8 pTM=0.691 tol=0.327
2026-07-23 00:52:36,649 alphafold2_ptm_model_4_seed_043 recycle=2 pLDDT=86 pTM=0.695 tol=0.0751
2026-07-23 00:52:54,406 alphafold2_ptm_model_4_seed_043 recycle=3 pLDDT=86.1 pTM=0.695 tol=0.0889
2026-07-23 00:52:54,406 alphafold2_ptm_model_4_seed_043 took 70.9s (3 recycles)
2026-07-23 00:53:11,946 alphafold2_ptm_model_5_seed_043 recycle=0 pLDDT=87.3 pTM=0.693
2026-07-23 00:53:29,736 alphafold2_ptm_model_5_seed_043 recycle=1 pLDDT=86.3 pTM=0.683 tol=0.224
2026-07-23 00:53:47,082 alphafold2_ptm_model_5_seed_043 recycle=2 pLDDT=86.1 pTM=0.679 tol=0.0849
2026-07-23 00:54:04,968 alphafold2_ptm_model_5_seed_043 recycle=3 pLDDT=86.1 pTM=0.679 tol=0.0502
2026-07-23 00:54:04,969 alphafold2_ptm_model_5_seed_043 took 70.5s (3 recycles)
2026-07-23 00:54:06,126 Padding length to 82
2026-07-23 00:54:23,549 alphafold2_ptm_model_1_seed_044 recycle=0 pLDDT=86.6 pTM=0.673
2026-07-23 00:54:40,414 alphafold2_ptm_model_1_seed_044 recycle=1 pLDDT=86.5 pTM=0.684 tol=0.341
2026-07-23 00:54:57,701 alphafold2_ptm_model_1_seed_044 recycle=2 pLDDT=86 pTM=0.682 tol=0.171
2026-07-23 00:55:15,187 alphafold2_ptm_model_1_seed_044 recycle=3 pLDDT=86.3 pTM=0.686 tol=0.147
2026-07-23 00:55:15,188 alphafold2_ptm_model_1_seed_044 took 69.1s (3 recycles)
2026-07-23 00:55:32,645 alphafold2_ptm_model_2_seed_044 recycle=0 pLDDT=88.9 pTM=0.721
2026-07-23 00:55:50,261 alphafold2_ptm_model_2_seed_044 recycle=1 pLDDT=88.9 pTM=0.724 tol=0.351
2026-07-23 00:56:08,050 alphafold2_ptm_model_2_seed_044 recycle=2 pLDDT=88.8 pTM=0.726 tol=0.113
2026-07-23 00:56:25,778 alphafold2_ptm_model_2_seed_044 recycle=3 pLDDT=88.6 pTM=0.726 tol=0.0428
2026-07-23 00:56:25,778 alphafold2_ptm_model_2_seed_044 took 70.6s (3 recycles)
2026-07-23 00:56:43,332 alphafold2_ptm_model_3_seed_044 recycle=0 pLDDT=84.2 pTM=0.644
2026-07-23 00:57:00,860 alphafold2_ptm_model_3_seed_044 recycle=1 pLDDT=84.3 pTM=0.65 tol=0.165
2026-07-23 00:57:18,587 alphafold2_ptm_model_3_seed_044 recycle=2 pLDDT=84.8 pTM=0.655 tol=0.0779
2026-07-23 00:57:35,986 alphafold2_ptm_model_3_seed_044 recycle=3 pLDDT=85.3 pTM=0.666 tol=0.102
2026-07-23 00:57:35,986 alphafold2_ptm_model_3_seed_044 took 70.2s (3 recycles)
2026-07-23 00:57:53,470 alphafold2_ptm_model_4_seed_044 recycle=0 pLDDT=88.6 pTM=0.718
2026-07-23 00:58:10,776 alphafold2_ptm_model_4_seed_044 recycle=1 pLDDT=86.2 pTM=0.696 tol=0.312
2026-07-23 00:58:27,701 alphafold2_ptm_model_4_seed_044 recycle=2 pLDDT=86.1 pTM=0.697 tol=0.0692
2026-07-23 00:58:45,300 alphafold2_ptm_model_4_seed_044 recycle=3 pLDDT=86.2 pTM=0.698 tol=0.0831
2026-07-23 00:58:45,300 alphafold2_ptm_model_4_seed_044 took 69.3s (3 recycles)
2026-07-23 00:59:02,804 alphafold2_ptm_model_5_seed_044 recycle=0 pLDDT=88.4 pTM=0.705
2026-07-23 00:59:20,976 alphafold2_ptm_model_5_seed_044 recycle=1 pLDDT=86.6 pTM=0.686 tol=0.213
2026-07-23 00:59:38,530 alphafold2_ptm_model_5_seed_044 recycle=2 pLDDT=86.1 pTM=0.68 tol=0.0908
2026-07-23 00:59:56,194 alphafold2_ptm_model_5_seed_044 recycle=3 pLDDT=86.3 pTM=0.681 tol=0.0506
2026-07-23 00:59:56,194 alphafold2_ptm_model_5_seed_044 took 70.8s (3 recycles)
2026-07-23 00:59:56,254 reranking models by 'plddt' metric
2026-07-23 00:59:56,255 rank_001_alphafold2_ptm_model_2_seed_042 pLDDT=88.7 pTM=0.727
2026-07-23 00:59:56,257 rank_002_alphafold2_ptm_model_2_seed_044 pLDDT=88.6 pTM=0.726
2026-07-23 00:59:56,258 rank_003_alphafold2_ptm_model_2_seed_043 pLDDT=88.6 pTM=0.726
2026-07-23 00:59:56,260 rank_004_alphafold2_ptm_model_1_seed_042 pLDDT=87.8 pTM=0.702
2026-07-23 00:59:56,261 rank_005_alphafold2_ptm_model_1_seed_043 pLDDT=86.8 pTM=0.692
2026-07-23 00:59:56,262 rank_006_alphafold2_ptm_model_4_seed_042 pLDDT=86.4 pTM=0.698
2026-07-23 00:59:56,276 rank_007_alphafold2_ptm_model_5_seed_044 pLDDT=86.3 pTM=0.681
2026-07-23 00:59:56,284 rank_008_alphafold2_ptm_model_1_seed_044 pLDDT=86.3 pTM=0.686
2026-07-23 00:59:56,296 rank_009_alphafold2_ptm_model_5_seed_042 pLDDT=86.2 pTM=0.683
2026-07-23 00:59:56,298 rank_010_alphafold2_ptm_model_4_seed_044 pLDDT=86.2 pTM=0.698
2026-07-23 00:59:56,299 rank_011_alphafold2_ptm_model_5_seed_043 pLDDT=86.1 pTM=0.679
2026-07-23 00:59:56,300 rank_012_alphafold2_ptm_model_4_seed_043 pLDDT=86.1 pTM=0.695
2026-07-23 00:59:56,302 rank_013_alphafold2_ptm_model_3_seed_044 pLDDT=85.3 pTM=0.666
2026-07-23 00:59:56,303 rank_014_alphafold2_ptm_model_3_seed_042 pLDDT=84.9 pTM=0.655
2026-07-23 00:59:56,304 rank_015_alphafold2_ptm_model_3_seed_043 pLDDT=84.7 pTM=0.655
2026-07-23 01:00:00,170 Query 22/586: 5KPH_4_8_9_0_combined_id3 (length 72)
2026-07-23 01:00:02,574 Padding length to 82
2026-07-23 01:00:19,989 alphafold2_ptm_model_1_seed_042 recycle=0 pLDDT=89.8 pTM=0.718
2026-07-23 01:00:38,148 alphafold2_ptm_model_1_seed_042 recycle=1 pLDDT=88.4 pTM=0.728 tol=0.252
2026-07-23 01:00:55,968 alphafold2_ptm_model_1_seed_042 recycle=2 pLDDT=87.2 pTM=0.72 tol=0.0941
2026-07-23 01:01:13,424 alphafold2_ptm_model_1_seed_042 recycle=3 pLDDT=86.7 pTM=0.712 tol=0.0421
2026-07-23 01:01:13,424 alphafold2_ptm_model_1_seed_042 took 70.9s (3 recycles)
2026-07-23 01:01:31,216 alphafold2_ptm_model_2_seed_042 recycle=0 pLDDT=88.4 pTM=0.712
2026-07-23 01:01:48,710 alphafold2_ptm_model_2_seed_042 recycle=1 pLDDT=87.2 pTM=0.718 tol=0.169
2026-07-23 01:02:06,963 alphafold2_ptm_model_2_seed_042 recycle=2 pLDDT=86.4 pTM=0.708 tol=0.0692
2026-07-23 01:02:24,221 alphafold2_ptm_model_2_seed_042 recycle=3 pLDDT=86 pTM=0.699 tol=0.0545
2026-07-23 01:02:24,221 alphafold2_ptm_model_2_seed_042 took 70.7s (3 recycles)
2026-07-23 01:02:41,382 alphafold2_ptm_model_3_seed_042 recycle=0 pLDDT=83.8 pTM=0.636
2026-07-23 01:02:59,724 alphafold2_ptm_model_3_seed_042 recycle=1 pLDDT=84.8 pTM=0.663 tol=0.158
2026-07-23 01:03:17,907 alphafold2_ptm_model_3_seed_042 recycle=2 pLDDT=85.1 pTM=0.67 tol=0.11
2026-07-23 01:03:34,879 alphafold2_ptm_model_3_seed_042 recycle=3 pLDDT=85.9 pTM=0.674 tol=0.116
2026-07-23 01:03:34,880 alphafold2_ptm_model_3_seed_042 took 70.6s (3 recycles)
2026-07-23 01:03:52,208 alphafold2_ptm_model_4_seed_042 recycle=0 pLDDT=83.2 pTM=0.667
2026-07-23 01:04:10,085 alphafold2_ptm_model_4_seed_042 recycle=1 pLDDT=85.1 pTM=0.695 tol=0.295
2026-07-23 01:04:27,462 alphafold2_ptm_model_4_seed_042 recycle=2 pLDDT=85.8 pTM=0.701 tol=0.0765
2026-07-23 01:04:45,675 alphafold2_ptm_model_4_seed_042 recycle=3 pLDDT=85.8 pTM=0.699 tol=0.0349
2026-07-23 01:04:45,675 alphafold2_ptm_model_4_seed_042 took 70.8s (3 recycles)
2026-07-23 01:05:04,139 alphafold2_ptm_model_5_seed_042 recycle=0 pLDDT=90.7 pTM=0.735
2026-07-23 01:05:22,051 alphafold2_ptm_model_5_seed_042 recycle=1 pLDDT=88 pTM=0.709 tol=0.193
2026-07-23 01:05:39,831 alphafold2_ptm_model_5_seed_042 recycle=2 pLDDT=86.9 pTM=0.695 tol=0.118
2026-07-23 01:05:57,888 alphafold2_ptm_model_5_seed_042 recycle=3 pLDDT=86.4 pTM=0.687 tol=0.0712
2026-07-23 01:05:57,888 alphafold2_ptm_model_5_seed_042 took 71.8s (3 recycles)
2026-07-23 01:05:59,286 Padding length to 82
2026-07-23 01:06:17,179 alphafold2_ptm_model_1_seed_043 recycle=0 pLDDT=91.4 pTM=0.735
2026-07-23 01:06:34,303 alphafold2_ptm_model_1_seed_043 recycle=1 pLDDT=89.6 pTM=0.74 tol=0.212
2026-07-23 01:06:52,400 alphafold2_ptm_model_1_seed_043 recycle=2 pLDDT=87.9 pTM=0.727 tol=0.097
2026-07-23 01:07:09,941 alphafold2_ptm_model_1_seed_043 recycle=3 pLDDT=87.2 pTM=0.717 tol=0.0488
2026-07-23 01:07:09,942 alphafold2_ptm_model_1_seed_043 took 70.7s (3 recycles)
2026-07-23 01:07:28,484 alphafold2_ptm_model_2_seed_043 recycle=0 pLDDT=88.9 pTM=0.716
2026-07-23 01:07:46,384 alphafold2_ptm_model_2_seed_043 recycle=1 pLDDT=87.4 pTM=0.723 tol=0.157
2026-07-23 01:08:04,062 alphafold2_ptm_model_2_seed_043 recycle=2 pLDDT=86.4 pTM=0.708 tol=0.0823
2026-07-23 01:08:21,738 alphafold2_ptm_model_2_seed_043 recycle=3 pLDDT=85.9 pTM=0.698 tol=0.0525
2026-07-23 01:08:21,739 alphafold2_ptm_model_2_seed_043 took 71.8s (3 recycles)
2026-07-23 01:08:39,247 alphafold2_ptm_model_3_seed_043 recycle=0 pLDDT=83.7 pTM=0.637
2026-07-23 01:08:56,079 alphafold2_ptm_model_3_seed_043 recycle=1 pLDDT=84.6 pTM=0.663 tol=0.125
2026-07-23 01:09:12,243 alphafold2_ptm_model_3_seed_043 recycle=2 pLDDT=84.9 pTM=0.669 tol=0.136
2026-07-23 01:09:29,882 alphafold2_ptm_model_3_seed_043 recycle=3 pLDDT=85.6 pTM=0.671 tol=0.137
2026-07-23 01:09:29,882 alphafold2_ptm_model_3_seed_043 took 68.1s (3 recycles)
2026-07-23 01:09:47,572 alphafold2_ptm_model_4_seed_043 recycle=0 pLDDT=83 pTM=0.671
2026-07-23 01:10:05,511 alphafold2_ptm_model_4_seed_043 recycle=1 pLDDT=84.5 pTM=0.695 tol=0.308
2026-07-23 01:10:22,020 alphafold2_ptm_model_4_seed_043 recycle=2 pLDDT=85.1 pTM=0.695 tol=0.077
2026-07-23 01:10:38,076 alphafold2_ptm_model_4_seed_043 recycle=3 pLDDT=85.6 pTM=0.699 tol=0.0629
2026-07-23 01:10:38,079 alphafold2_ptm_model_4_seed_043 took 68.2s (3 recycles)
2026-07-23 01:10:53,925 alphafold2_ptm_model_5_seed_043 recycle=0 pLDDT=90.8 pTM=0.737
2026-07-23 01:11:09,518 alphafold2_ptm_model_5_seed_043 recycle=1 pLDDT=87.6 pTM=0.703 tol=0.224
2026-07-23 01:11:26,023 alphafold2_ptm_model_5_seed_043 recycle=2 pLDDT=86.5 pTM=0.688 tol=0.133
2026-07-23 01:11:42,586 alphafold2_ptm_model_5_seed_043 recycle=3 pLDDT=86.1 pTM=0.683 tol=0.0557
2026-07-23 01:11:42,586 alphafold2_ptm_model_5_seed_043 took 64.4s (3 recycles)
2026-07-23 01:11:43,643 Padding length to 82
2026-07-23 01:12:00,961 alphafold2_ptm_model_1_seed_044 recycle=0 pLDDT=90.3 pTM=0.726
2026-07-23 01:12:18,205 alphafold2_ptm_model_1_seed_044 recycle=1 pLDDT=89.1 pTM=0.734 tol=0.267
2026-07-23 01:12:35,774 alphafold2_ptm_model_1_seed_044 recycle=2 pLDDT=87.4 pTM=0.72 tol=0.12
2026-07-23 01:12:52,960 alphafold2_ptm_model_1_seed_044 recycle=3 pLDDT=87 pTM=0.716 tol=0.0443
2026-07-23 01:12:52,961 alphafold2_ptm_model_1_seed_044 took 69.3s (3 recycles)
2026-07-23 01:13:10,182 alphafold2_ptm_model_2_seed_044 recycle=0 pLDDT=88.7 pTM=0.716
2026-07-23 01:13:27,595 alphafold2_ptm_model_2_seed_044 recycle=1 pLDDT=87.4 pTM=0.723 tol=0.176
2026-07-23 01:13:44,962 alphafold2_ptm_model_2_seed_044 recycle=2 pLDDT=86.4 pTM=0.707 tol=0.0809
2026-07-23 01:14:02,494 alphafold2_ptm_model_2_seed_044 recycle=3 pLDDT=85.9 pTM=0.699 tol=0.0469
2026-07-23 01:14:02,494 alphafold2_ptm_model_2_seed_044 took 69.5s (3 recycles)
2026-07-23 01:14:19,575 alphafold2_ptm_model_3_seed_044 recycle=0 pLDDT=83.5 pTM=0.637
2026-07-23 01:14:36,813 alphafold2_ptm_model_3_seed_044 recycle=1 pLDDT=84.7 pTM=0.662 tol=0.138
2026-07-23 01:14:53,936 alphafold2_ptm_model_3_seed_044 recycle=2 pLDDT=84.8 pTM=0.669 tol=0.123
2026-07-23 01:15:10,929 alphafold2_ptm_model_3_seed_044 recycle=3 pLDDT=85.6 pTM=0.671 tol=0.135
2026-07-23 01:15:10,929 alphafold2_ptm_model_3_seed_044 took 68.4s (3 recycles)
2026-07-23 01:15:28,234 alphafold2_ptm_model_4_seed_044 recycle=0 pLDDT=83.1 pTM=0.668
2026-07-23 01:15:45,031 alphafold2_ptm_model_4_seed_044 recycle=1 pLDDT=84.8 pTM=0.694 tol=0.211
2026-07-23 01:16:01,932 alphafold2_ptm_model_4_seed_044 recycle=2 pLDDT=85.5 pTM=0.698 tol=0.0876
2026-07-23 01:16:19,666 alphafold2_ptm_model_4_seed_044 recycle=3 pLDDT=85.7 pTM=0.699 tol=0.0451
2026-07-23 01:16:19,667 alphafold2_ptm_model_4_seed_044 took 68.7s (3 recycles)
2026-07-23 01:16:36,992 alphafold2_ptm_model_5_seed_044 recycle=0 pLDDT=90.8 pTM=0.735
2026-07-23 01:16:54,623 alphafold2_ptm_model_5_seed_044 recycle=1 pLDDT=87.6 pTM=0.702 tol=0.214
2026-07-23 01:17:11,845 alphafold2_ptm_model_5_seed_044 recycle=2 pLDDT=86.4 pTM=0.687 tol=0.118
2026-07-23 01:17:29,147 alphafold2_ptm_model_5_seed_044 recycle=3 pLDDT=86.2 pTM=0.684 tol=0.067
2026-07-23 01:17:29,148 alphafold2_ptm_model_5_seed_044 took 69.4s (3 recycles)
2026-07-23 01:17:29,192 reranking models by 'plddt' metric
2026-07-23 01:17:29,193 rank_001_alphafold2_ptm_model_1_seed_043 pLDDT=87.2 pTM=0.717
2026-07-23 01:17:29,194 rank_002_alphafold2_ptm_model_1_seed_044 pLDDT=87 pTM=0.716
2026-07-23 01:17:29,196 rank_003_alphafold2_ptm_model_1_seed_042 pLDDT=86.7 pTM=0.712
2026-07-23 01:17:29,198 rank_004_alphafold2_ptm_model_5_seed_042 pLDDT=86.4 pTM=0.687
2026-07-23 01:17:29,199 rank_005_alphafold2_ptm_model_5_seed_044 pLDDT=86.2 pTM=0.684
2026-07-23 01:17:29,201 rank_006_alphafold2_ptm_model_5_seed_043 pLDDT=86.1 pTM=0.683
2026-07-23 01:17:29,202 rank_007_alphafold2_ptm_model_2_seed_042 pLDDT=86 pTM=0.699
2026-07-23 01:17:29,204 rank_008_alphafold2_ptm_model_2_seed_044 pLDDT=85.9 pTM=0.699
2026-07-23 01:17:29,205 rank_009_alphafold2_ptm_model_2_seed_043 pLDDT=85.9 pTM=0.698
2026-07-23 01:17:29,206 rank_010_alphafold2_ptm_model_3_seed_042 pLDDT=85.9 pTM=0.674
2026-07-23 01:17:29,208 rank_011_alphafold2_ptm_model_4_seed_042 pLDDT=85.8 pTM=0.699
2026-07-23 01:17:29,210 rank_012_alphafold2_ptm_model_4_seed_044 pLDDT=85.7 pTM=0.699
2026-07-23 01:17:29,211 rank_013_alphafold2_ptm_model_3_seed_044 pLDDT=85.6 pTM=0.671
2026-07-23 01:17:29,213 rank_014_alphafold2_ptm_model_4_seed_043 pLDDT=85.6 pTM=0.699
2026-07-23 01:17:29,214 rank_015_alphafold2_ptm_model_3_seed_043 pLDDT=85.6 pTM=0.671
2026-07-23 01:17:32,728 Query 23/586: 5KPH_8_8_0_0_combined_id3 (length 72)
2026-07-23 01:17:35,160 Padding length to 82
2026-07-23 01:17:52,438 alphafold2_ptm_model_1_seed_042 recycle=0 pLDDT=83.1 pTM=0.6
2026-07-23 01:18:09,605 alphafold2_ptm_model_1_seed_042 recycle=1 pLDDT=94.2 pTM=0.792 tol=0.369
2026-07-23 01:18:26,812 alphafold2_ptm_model_1_seed_042 recycle=2 pLDDT=94.5 pTM=0.801 tol=0.0726
2026-07-23 01:18:43,979 alphafold2_ptm_model_1_seed_042 recycle=3 pLDDT=94.8 pTM=0.806 tol=0.0475
2026-07-23 01:18:43,979 alphafold2_ptm_model_1_seed_042 took 68.8s (3 recycles)
2026-07-23 01:19:01,153 alphafold2_ptm_model_2_seed_042 recycle=0 pLDDT=92.6 pTM=0.769
2026-07-23 01:19:19,308 alphafold2_ptm_model_2_seed_042 recycle=1 pLDDT=95.1 pTM=0.808 tol=0.245
2026-07-23 01:19:36,583 alphafold2_ptm_model_2_seed_042 recycle=2 pLDDT=95.1 pTM=0.812 tol=0.0583
2026-07-23 01:19:54,060 alphafold2_ptm_model_2_seed_042 recycle=3 pLDDT=95.2 pTM=0.814 tol=0.031
2026-07-23 01:19:54,063 alphafold2_ptm_model_2_seed_042 took 70.0s (3 recycles)
2026-07-23 01:20:11,590 alphafold2_ptm_model_3_seed_042 recycle=0 pLDDT=90.6 pTM=0.728
2026-07-23 01:20:29,448 alphafold2_ptm_model_3_seed_042 recycle=1 pLDDT=92.5 pTM=0.772 tol=0.171
2026-07-23 01:20:46,534 alphafold2_ptm_model_3_seed_042 recycle=2 pLDDT=93.2 pTM=0.783 tol=0.0523
2026-07-23 01:21:04,267 alphafold2_ptm_model_3_seed_042 recycle=3 pLDDT=93.6 pTM=0.789 tol=0.0327
2026-07-23 01:21:04,268 alphafold2_ptm_model_3_seed_042 took 70.1s (3 recycles)
2026-07-23 01:21:22,558 alphafold2_ptm_model_4_seed_042 recycle=0 pLDDT=92.9 pTM=0.788
2026-07-23 01:21:40,596 alphafold2_ptm_model_4_seed_042 recycle=1 pLDDT=93.6 pTM=0.805 tol=0.132
2026-07-23 01:21:58,385 alphafold2_ptm_model_4_seed_042 recycle=2 pLDDT=93.5 pTM=0.806 tol=0.0495
2026-07-23 01:22:16,320 alphafold2_ptm_model_4_seed_042 recycle=3 pLDDT=93.8 pTM=0.808 tol=0.0316
2026-07-23 01:22:16,321 alphafold2_ptm_model_4_seed_042 took 71.9s (3 recycles)
2026-07-23 01:22:34,550 alphafold2_ptm_model_5_seed_042 recycle=0 pLDDT=93.1 pTM=0.773
2026-07-23 01:22:52,908 alphafold2_ptm_model_5_seed_042 recycle=1 pLDDT=94.1 pTM=0.801 tol=0.205
2026-07-23 01:23:11,097 alphafold2_ptm_model_5_seed_042 recycle=2 pLDDT=94.4 pTM=0.805 tol=0.0497
2026-07-23 01:23:28,595 alphafold2_ptm_model_5_seed_042 recycle=3 pLDDT=94.6 pTM=0.808 tol=0.0249
2026-07-23 01:23:28,596 alphafold2_ptm_model_5_seed_042 took 72.3s (3 recycles)
2026-07-23 01:23:29,917 Padding length to 82
2026-07-23 01:23:47,517 alphafold2_ptm_model_1_seed_043 recycle=0 pLDDT=81.3 pTM=0.574
2026-07-23 01:24:04,941 alphafold2_ptm_model_1_seed_043 recycle=1 pLDDT=94.1 pTM=0.791 tol=1.32
2026-07-23 01:24:22,127 alphafold2_ptm_model_1_seed_043 recycle=2 pLDDT=94.6 pTM=0.802 tol=0.0745
2026-07-23 01:24:39,270 alphafold2_ptm_model_1_seed_043 recycle=3 pLDDT=94.8 pTM=0.806 tol=0.0535
2026-07-23 01:24:39,271 alphafold2_ptm_model_1_seed_043 took 69.4s (3 recycles)
2026-07-23 01:24:57,346 alphafold2_ptm_model_2_seed_043 recycle=0 pLDDT=92.2 pTM=0.768
2026-07-23 01:25:15,308 alphafold2_ptm_model_2_seed_043 recycle=1 pLDDT=95.1 pTM=0.811 tol=0.205
2026-07-23 01:25:33,436 alphafold2_ptm_model_2_seed_043 recycle=2 pLDDT=95.1 pTM=0.812 tol=0.0559
2026-07-23 01:25:50,592 alphafold2_ptm_model_2_seed_043 recycle=3 pLDDT=95.2 pTM=0.815 tol=0.0297
2026-07-23 01:25:50,595 alphafold2_ptm_model_2_seed_043 took 71.3s (3 recycles)
2026-07-23 01:26:08,516 alphafold2_ptm_model_3_seed_043 recycle=0 pLDDT=91 pTM=0.737
2026-07-23 01:26:26,087 alphafold2_ptm_model_3_seed_043 recycle=1 pLDDT=92.8 pTM=0.776 tol=0.166
2026-07-23 01:26:44,054 alphafold2_ptm_model_3_seed_043 recycle=2 pLDDT=93.2 pTM=0.783 tol=0.0523
2026-07-23 01:27:01,884 alphafold2_ptm_model_3_seed_043 recycle=3 pLDDT=93.5 pTM=0.788 tol=0.0335
2026-07-23 01:27:01,884 alphafold2_ptm_model_3_seed_043 took 71.2s (3 recycles)
2026-07-23 01:27:19,833 alphafold2_ptm_model_4_seed_043 recycle=0 pLDDT=92.2 pTM=0.776
2026-07-23 01:27:37,394 alphafold2_ptm_model_4_seed_043 recycle=1 pLDDT=93.7 pTM=0.804 tol=0.154
2026-07-23 01:27:55,134 alphafold2_ptm_model_4_seed_043 recycle=2 pLDDT=93.6 pTM=0.804 tol=0.0479
2026-07-23 01:28:12,376 alphafold2_ptm_model_4_seed_043 recycle=3 pLDDT=93.7 pTM=0.807 tol=0.0236
2026-07-23 01:28:12,376 alphafold2_ptm_model_4_seed_043 took 70.4s (3 recycles)
2026-07-23 01:28:29,915 alphafold2_ptm_model_5_seed_043 recycle=0 pLDDT=92.1 pTM=0.756
2026-07-23 01:28:47,688 alphafold2_ptm_model_5_seed_043 recycle=1 pLDDT=93.9 pTM=0.799 tol=0.192
2026-07-23 01:29:05,436 alphafold2_ptm_model_5_seed_043 recycle=2 pLDDT=94.2 pTM=0.803 tol=0.0437
2026-07-23 01:29:22,776 alphafold2_ptm_model_5_seed_043 recycle=3 pLDDT=94.5 pTM=0.806 tol=0.0206
2026-07-23 01:29:22,777 alphafold2_ptm_model_5_seed_043 took 70.3s (3 recycles)
2026-07-23 01:29:24,620 Padding length to 82
2026-07-23 01:29:41,944 alphafold2_ptm_model_1_seed_044 recycle=0 pLDDT=80.8 pTM=0.565
2026-07-23 01:30:00,305 alphafold2_ptm_model_1_seed_044 recycle=1 pLDDT=94.1 pTM=0.79 tol=1.08
2026-07-23 01:30:18,331 alphafold2_ptm_model_1_seed_044 recycle=2 pLDDT=94.6 pTM=0.802 tol=0.0794
2026-07-23 01:30:35,863 alphafold2_ptm_model_1_seed_044 recycle=3 pLDDT=94.8 pTM=0.806 tol=0.0398
2026-07-23 01:30:35,864 alphafold2_ptm_model_1_seed_044 took 71.2s (3 recycles)
2026-07-23 01:30:53,753 alphafold2_ptm_model_2_seed_044 recycle=0 pLDDT=91.3 pTM=0.754
2026-07-23 01:31:11,773 alphafold2_ptm_model_2_seed_044 recycle=1 pLDDT=94.8 pTM=0.806 tol=0.278
2026-07-23 01:31:29,477 alphafold2_ptm_model_2_seed_044 recycle=2 pLDDT=95 pTM=0.81 tol=0.0577
2026-07-23 01:31:48,256 alphafold2_ptm_model_2_seed_044 recycle=3 pLDDT=95.2 pTM=0.814 tol=0.0262
2026-07-23 01:31:48,256 alphafold2_ptm_model_2_seed_044 took 72.3s (3 recycles)
2026-07-23 01:32:06,524 alphafold2_ptm_model_3_seed_044 recycle=0 pLDDT=90.9 pTM=0.733
2026-07-23 01:32:24,761 alphafold2_ptm_model_3_seed_044 recycle=1 pLDDT=92.5 pTM=0.772 tol=0.16
2026-07-23 01:32:43,201 alphafold2_ptm_model_3_seed_044 recycle=2 pLDDT=93.1 pTM=0.783 tol=0.0434
2026-07-23 01:33:00,941 alphafold2_ptm_model_3_seed_044 recycle=3 pLDDT=93.7 pTM=0.791 tol=0.0238
2026-07-23 01:33:00,945 alphafold2_ptm_model_3_seed_044 took 72.7s (3 recycles)
2026-07-23 01:33:19,517 alphafold2_ptm_model_4_seed_044 recycle=0 pLDDT=91.9 pTM=0.77
2026-07-23 01:33:37,198 alphafold2_ptm_model_4_seed_044 recycle=1 pLDDT=93.6 pTM=0.804 tol=0.142
2026-07-23 01:33:55,562 alphafold2_ptm_model_4_seed_044 recycle=2 pLDDT=93.6 pTM=0.806 tol=0.0438
2026-07-23 01:34:13,972 alphafold2_ptm_model_4_seed_044 recycle=3 pLDDT=93.8 pTM=0.808 tol=0.0203
2026-07-23 01:34:13,973 alphafold2_ptm_model_4_seed_044 took 73.0s (3 recycles)
2026-07-23 01:34:31,790 alphafold2_ptm_model_5_seed_044 recycle=0 pLDDT=92.5 pTM=0.763
2026-07-23 01:34:49,334 alphafold2_ptm_model_5_seed_044 recycle=1 pLDDT=94.1 pTM=0.8 tol=0.208
2026-07-23 01:35:06,943 alphafold2_ptm_model_5_seed_044 recycle=2 pLDDT=94.4 pTM=0.804 tol=0.0434
2026-07-23 01:35:24,854 alphafold2_ptm_model_5_seed_044 recycle=3 pLDDT=94.6 pTM=0.808 tol=0.0234
2026-07-23 01:35:24,855 alphafold2_ptm_model_5_seed_044 took 70.8s (3 recycles)
2026-07-23 01:35:24,899 reranking models by 'plddt' metric
2026-07-23 01:35:24,899 rank_001_alphafold2_ptm_model_2_seed_043 pLDDT=95.2 pTM=0.815
2026-07-23 01:35:24,902 rank_002_alphafold2_ptm_model_2_seed_044 pLDDT=95.2 pTM=0.814
2026-07-23 01:35:24,903 rank_003_alphafold2_ptm_model_2_seed_042 pLDDT=95.2 pTM=0.814
2026-07-23 01:35:24,905 rank_004_alphafold2_ptm_model_1_seed_044 pLDDT=94.8 pTM=0.806
2026-07-23 01:35:24,907 rank_005_alphafold2_ptm_model_1_seed_043 pLDDT=94.8 pTM=0.806
2026-07-23 01:35:24,908 rank_006_alphafold2_ptm_model_1_seed_042 pLDDT=94.8 pTM=0.806
2026-07-23 01:35:24,910 rank_007_alphafold2_ptm_model_5_seed_044 pLDDT=94.6 pTM=0.808
2026-07-23 01:35:24,911 rank_008_alphafold2_ptm_model_5_seed_042 pLDDT=94.6 pTM=0.808
2026-07-23 01:35:24,913 rank_009_alphafold2_ptm_model_5_seed_043 pLDDT=94.5 pTM=0.806
2026-07-23 01:35:24,915 rank_010_alphafold2_ptm_model_4_seed_044 pLDDT=93.8 pTM=0.808
2026-07-23 01:35:24,917 rank_011_alphafold2_ptm_model_4_seed_042 pLDDT=93.8 pTM=0.808
2026-07-23 01:35:24,926 rank_012_alphafold2_ptm_model_3_seed_044 pLDDT=93.7 pTM=0.791
2026-07-23 01:35:24,932 rank_013_alphafold2_ptm_model_4_seed_043 pLDDT=93.7 pTM=0.807
2026-07-23 01:35:24,941 rank_014_alphafold2_ptm_model_3_seed_042 pLDDT=93.6 pTM=0.789
2026-07-23 01:35:24,943 rank_015_alphafold2_ptm_model_3_seed_043 pLDDT=93.5 pTM=0.788
2026-07-23 01:35:28,513 Query 24/586: 5KPH_2_8_6_0_combined_id0 (length 72)
2026-07-23 01:35:31,066 Padding length to 82
2026-07-23 01:35:48,883 alphafold2_ptm_model_1_seed_042 recycle=0 pLDDT=88.2 pTM=0.659
2026-07-23 01:36:06,555 alphafold2_ptm_model_1_seed_042 recycle=1 pLDDT=89.9 pTM=0.699 tol=0.145
2026-07-23 01:36:24,596 alphafold2_ptm_model_1_seed_042 recycle=2 pLDDT=90.4 pTM=0.71 tol=0.0426
2026-07-23 01:36:42,301 alphafold2_ptm_model_1_seed_042 recycle=3 pLDDT=90.7 pTM=0.715 tol=0.0287
2026-07-23 01:36:42,302 alphafold2_ptm_model_1_seed_042 took 71.2s (3 recycles)
2026-07-23 01:37:00,044 alphafold2_ptm_model_2_seed_042 recycle=0 pLDDT=92.6 pTM=0.761
2026-07-23 01:37:18,100 alphafold2_ptm_model_2_seed_042 recycle=1 pLDDT=92.1 pTM=0.768 tol=0.19
2026-07-23 01:37:35,941 alphafold2_ptm_model_2_seed_042 recycle=2 pLDDT=91.4 pTM=0.761 tol=0.0987
2026-07-23 01:37:54,200 alphafold2_ptm_model_2_seed_042 recycle=3 pLDDT=91.1 pTM=0.757 tol=0.0695
2026-07-23 01:37:54,200 alphafold2_ptm_model_2_seed_042 took 71.8s (3 recycles)
2026-07-23 01:38:12,570 alphafold2_ptm_model_3_seed_042 recycle=0 pLDDT=89.6 pTM=0.686
2026-07-23 01:38:30,829 alphafold2_ptm_model_3_seed_042 recycle=1 pLDDT=90.1 pTM=0.706 tol=0.234
2026-07-23 01:38:48,959 alphafold2_ptm_model_3_seed_042 recycle=2 pLDDT=90.1 pTM=0.697 tol=0.0608
2026-07-23 01:39:07,245 alphafold2_ptm_model_3_seed_042 recycle=3 pLDDT=90.2 pTM=0.702 tol=0.0456
2026-07-23 01:39:07,246 alphafold2_ptm_model_3_seed_042 took 73.0s (3 recycles)
2026-07-23 01:39:25,473 alphafold2_ptm_model_4_seed_042 recycle=0 pLDDT=90.2 pTM=0.708
2026-07-23 01:39:43,555 alphafold2_ptm_model_4_seed_042 recycle=1 pLDDT=90.9 pTM=0.718 tol=0.141
2026-07-23 01:40:01,319 alphafold2_ptm_model_4_seed_042 recycle=2 pLDDT=90.6 pTM=0.71 tol=0.0439
2026-07-23 01:40:19,333 alphafold2_ptm_model_4_seed_042 recycle=3 pLDDT=90.6 pTM=0.708 tol=0.0256
2026-07-23 01:40:19,334 alphafold2_ptm_model_4_seed_042 took 72.0s (3 recycles)
2026-07-23 01:40:37,140 alphafold2_ptm_model_5_seed_042 recycle=0 pLDDT=90.4 pTM=0.709
2026-07-23 01:40:55,294 alphafold2_ptm_model_5_seed_042 recycle=1 pLDDT=92.1 pTM=0.734 tol=0.162
2026-07-23 01:41:13,509 alphafold2_ptm_model_5_seed_042 recycle=2 pLDDT=92.4 pTM=0.738 tol=0.041
2026-07-23 01:41:31,564 alphafold2_ptm_model_5_seed_042 recycle=3 pLDDT=92.4 pTM=0.738 tol=0.0277
2026-07-23 01:41:31,565 alphafold2_ptm_model_5_seed_042 took 72.1s (3 recycles)
2026-07-23 01:41:32,807 Padding length to 82
2026-07-23 01:41:50,874 alphafold2_ptm_model_1_seed_043 recycle=0 pLDDT=88.5 pTM=0.666
2026-07-23 01:42:08,705 alphafold2_ptm_model_1_seed_043 recycle=1 pLDDT=90.2 pTM=0.705 tol=0.17
2026-07-23 01:42:26,686 alphafold2_ptm_model_1_seed_043 recycle=2 pLDDT=90.6 pTM=0.715 tol=0.0491
2026-07-23 01:42:43,836 alphafold2_ptm_model_1_seed_043 recycle=3 pLDDT=90.8 pTM=0.718 tol=0.0266
2026-07-23 01:42:43,836 alphafold2_ptm_model_1_seed_043 took 71.0s (3 recycles)
2026-07-23 01:43:01,513 alphafold2_ptm_model_2_seed_043 recycle=0 pLDDT=92.6 pTM=0.762
2026-07-23 01:43:18,535 alphafold2_ptm_model_2_seed_043 recycle=1 pLDDT=92.2 pTM=0.77 tol=0.19
2026-07-23 01:43:36,147 alphafold2_ptm_model_2_seed_043 recycle=2 pLDDT=91.7 pTM=0.766 tol=0.11
2026-07-23 01:43:53,601 alphafold2_ptm_model_2_seed_043 recycle=3 pLDDT=91.2 pTM=0.758 tol=0.0702
2026-07-23 01:43:53,602 alphafold2_ptm_model_2_seed_043 took 69.7s (3 recycles)
2026-07-23 01:44:11,538 alphafold2_ptm_model_3_seed_043 recycle=0 pLDDT=89.4 pTM=0.682
2026-07-23 01:44:28,499 alphafold2_ptm_model_3_seed_043 recycle=1 pLDDT=90.1 pTM=0.708 tol=0.238
2026-07-23 01:44:46,351 alphafold2_ptm_model_3_seed_043 recycle=2 pLDDT=90.1 pTM=0.698 tol=0.0642
2026-07-23 01:45:04,192 alphafold2_ptm_model_3_seed_043 recycle=3 pLDDT=90.2 pTM=0.703 tol=0.0537
2026-07-23 01:45:04,192 alphafold2_ptm_model_3_seed_043 took 70.5s (3 recycles)
2026-07-23 01:45:21,506 alphafold2_ptm_model_4_seed_043 recycle=0 pLDDT=90.1 pTM=0.706
2026-07-23 01:45:38,741 alphafold2_ptm_model_4_seed_043 recycle=1 pLDDT=90.9 pTM=0.716 tol=0.132
2026-07-23 01:45:55,277 alphafold2_ptm_model_4_seed_043 recycle=2 pLDDT=90.6 pTM=0.709 tol=0.0389
2026-07-23 01:46:12,442 alphafold2_ptm_model_4_seed_043 recycle=3 pLDDT=90.6 pTM=0.709 tol=0.0263
2026-07-23 01:46:12,443 alphafold2_ptm_model_4_seed_043 took 68.1s (3 recycles)
2026-07-23 01:46:29,823 alphafold2_ptm_model_5_seed_043 recycle=0 pLDDT=90.2 pTM=0.709
2026-07-23 01:46:47,252 alphafold2_ptm_model_5_seed_043 recycle=1 pLDDT=92.1 pTM=0.735 tol=0.155
2026-07-23 01:47:04,355 alphafold2_ptm_model_5_seed_043 recycle=2 pLDDT=92.3 pTM=0.737 tol=0.0462
2026-07-23 01:47:21,675 alphafold2_ptm_model_5_seed_043 recycle=3 pLDDT=92.4 pTM=0.738 tol=0.0261
2026-07-23 01:47:21,675 alphafold2_ptm_model_5_seed_043 took 69.2s (3 recycles)
2026-07-23 01:47:22,809 Padding length to 82
2026-07-23 01:47:40,022 alphafold2_ptm_model_1_seed_044 recycle=0 pLDDT=88.4 pTM=0.665
2026-07-23 01:47:57,895 alphafold2_ptm_model_1_seed_044 recycle=1 pLDDT=90 pTM=0.701 tol=0.167
2026-07-23 01:48:15,811 alphafold2_ptm_model_1_seed_044 recycle=2 pLDDT=90.4 pTM=0.711 tol=0.0442
2026-07-23 01:48:32,867 alphafold2_ptm_model_1_seed_044 recycle=3 pLDDT=90.6 pTM=0.714 tol=0.0255
2026-07-23 01:48:32,867 alphafold2_ptm_model_1_seed_044 took 70.1s (3 recycles)
2026-07-23 01:48:50,770 alphafold2_ptm_model_2_seed_044 recycle=0 pLDDT=92.7 pTM=0.764
2026-07-23 01:49:08,216 alphafold2_ptm_model_2_seed_044 recycle=1 pLDDT=92.1 pTM=0.768 tol=0.207
2026-07-23 01:49:25,073 alphafold2_ptm_model_2_seed_044 recycle=2 pLDDT=91.4 pTM=0.762 tol=0.124
2026-07-23 01:49:42,451 alphafold2_ptm_model_2_seed_044 recycle=3 pLDDT=90.9 pTM=0.754 tol=0.0702
2026-07-23 01:49:42,452 alphafold2_ptm_model_2_seed_044 took 69.5s (3 recycles)
2026-07-23 01:50:00,123 alphafold2_ptm_model_3_seed_044 recycle=0 pLDDT=89.8 pTM=0.689
2026-07-23 01:50:17,062 alphafold2_ptm_model_3_seed_044 recycle=1 pLDDT=90.1 pTM=0.704 tol=0.26
2026-07-23 01:50:34,467 alphafold2_ptm_model_3_seed_044 recycle=2 pLDDT=89.9 pTM=0.695 tol=0.066
2026-07-23 01:50:51,589 alphafold2_ptm_model_3_seed_044 recycle=3 pLDDT=90.1 pTM=0.7 tol=0.0503
2026-07-23 01:50:51,593 alphafold2_ptm_model_3_seed_044 took 69.1s (3 recycles)
2026-07-23 01:51:08,838 alphafold2_ptm_model_4_seed_044 recycle=0 pLDDT=90.2 pTM=0.708
2026-07-23 01:51:25,531 alphafold2_ptm_model_4_seed_044 recycle=1 pLDDT=90.8 pTM=0.714 tol=0.129
2026-07-23 01:51:42,377 alphafold2_ptm_model_4_seed_044 recycle=2 pLDDT=90.5 pTM=0.709 tol=0.0451
2026-07-23 01:51:59,170 alphafold2_ptm_model_4_seed_044 recycle=3 pLDDT=90.5 pTM=0.707 tol=0.0311
2026-07-23 01:51:59,171 alphafold2_ptm_model_4_seed_044 took 67.5s (3 recycles)
2026-07-23 01:52:16,700 alphafold2_ptm_model_5_seed_044 recycle=0 pLDDT=89.9 pTM=0.7
2026-07-23 01:52:34,245 alphafold2_ptm_model_5_seed_044 recycle=1 pLDDT=91.8 pTM=0.726 tol=0.175
2026-07-23 01:52:51,872 alphafold2_ptm_model_5_seed_044 recycle=2 pLDDT=92.1 pTM=0.73 tol=0.0367
2026-07-23 01:53:09,113 alphafold2_ptm_model_5_seed_044 recycle=3 pLDDT=92.4 pTM=0.736 tol=0.0412
2026-07-23 01:53:09,114 alphafold2_ptm_model_5_seed_044 took 69.9s (3 recycles)
2026-07-23 01:53:09,153 reranking models by 'plddt' metric
2026-07-23 01:53:09,153 rank_001_alphafold2_ptm_model_5_seed_042 pLDDT=92.4 pTM=0.738
2026-07-23 01:53:09,155 rank_002_alphafold2_ptm_model_5_seed_044 pLDDT=92.4 pTM=0.736
2026-07-23 01:53:09,157 rank_003_alphafold2_ptm_model_5_seed_043 pLDDT=92.4 pTM=0.738
2026-07-23 01:53:09,158 rank_004_alphafold2_ptm_model_2_seed_043 pLDDT=91.2 pTM=0.758
2026-07-23 01:53:09,161 rank_005_alphafold2_ptm_model_2_seed_042 pLDDT=91.1 pTM=0.757
2026-07-23 01:53:09,163 rank_006_alphafold2_ptm_model_2_seed_044 pLDDT=90.9 pTM=0.754
2026-07-23 01:53:09,165 rank_007_alphafold2_ptm_model_1_seed_043 pLDDT=90.8 pTM=0.718
2026-07-23 01:53:09,167 rank_008_alphafold2_ptm_model_1_seed_042 pLDDT=90.7 pTM=0.715
2026-07-23 01:53:09,169 rank_009_alphafold2_ptm_model_4_seed_043 pLDDT=90.6 pTM=0.709
2026-07-23 01:53:09,171 rank_010_alphafold2_ptm_model_1_seed_044 pLDDT=90.6 pTM=0.714
2026-07-23 01:53:09,173 rank_011_alphafold2_ptm_model_4_seed_042 pLDDT=90.6 pTM=0.708
2026-07-23 01:53:09,175 rank_012_alphafold2_ptm_model_4_seed_044 pLDDT=90.5 pTM=0.707
2026-07-23 01:53:09,177 rank_013_alphafold2_ptm_model_3_seed_043 pLDDT=90.2 pTM=0.703
2026-07-23 01:53:09,179 rank_014_alphafold2_ptm_model_3_seed_042 pLDDT=90.2 pTM=0.702
2026-07-23 01:53:09,181 rank_015_alphafold2_ptm_model_3_seed_044 pLDDT=90.1 pTM=0.7
2026-07-23 01:53:12,322 Query 25/586: 5KPH_6_4_4_0_combined_id2 (length 72)
2026-07-23 01:53:14,697 Padding length to 82
2026-07-23 01:53:31,752 alphafold2_ptm_model_1_seed_042 recycle=0 pLDDT=85.6 pTM=0.614
2026-07-23 01:53:49,326 alphafold2_ptm_model_1_seed_042 recycle=1 pLDDT=89.8 pTM=0.695 tol=0.362
2026-07-23 01:54:06,684 alphafold2_ptm_model_1_seed_042 recycle=2 pLDDT=89.1 pTM=0.687 tol=0.225
2026-07-23 01:54:23,774 alphafold2_ptm_model_1_seed_042 recycle=3 pLDDT=89.5 pTM=0.698 tol=0.163
2026-07-23 01:54:23,775 alphafold2_ptm_model_1_seed_042 took 69.1s (3 recycles)
2026-07-23 01:54:40,905 alphafold2_ptm_model_2_seed_042 recycle=0 pLDDT=89.9 pTM=0.713
2026-07-23 01:54:58,548 alphafold2_ptm_model_2_seed_042 recycle=1 pLDDT=90.9 pTM=0.734 tol=0.275
2026-07-23 01:55:15,598 alphafold2_ptm_model_2_seed_042 recycle=2 pLDDT=89.5 pTM=0.717 tol=0.204
2026-07-23 01:55:32,245 alphafold2_ptm_model_2_seed_042 recycle=3 pLDDT=90.2 pTM=0.729 tol=0.129
2026-07-23 01:55:32,245 alphafold2_ptm_model_2_seed_042 took 68.4s (3 recycles)
2026-07-23 01:55:49,127 alphafold2_ptm_model_3_seed_042 recycle=0 pLDDT=88.1 pTM=0.664
2026-07-23 01:56:06,156 alphafold2_ptm_model_3_seed_042 recycle=1 pLDDT=87.3 pTM=0.667 tol=0.562
2026-07-23 01:56:23,377 alphafold2_ptm_model_3_seed_042 recycle=2 pLDDT=88.2 pTM=0.679 tol=0.203
2026-07-23 01:56:40,677 alphafold2_ptm_model_3_seed_042 recycle=3 pLDDT=87.9 pTM=0.674 tol=0.0921
2026-07-23 01:56:40,677 alphafold2_ptm_model_3_seed_042 took 68.4s (3 recycles)
2026-07-23 01:56:57,153 alphafold2_ptm_model_4_seed_042 recycle=0 pLDDT=88.1 pTM=0.672
2026-07-23 01:57:13,970 alphafold2_ptm_model_4_seed_042 recycle=1 pLDDT=87.2 pTM=0.671 tol=0.435
2026-07-23 01:57:30,743 alphafold2_ptm_model_4_seed_042 recycle=2 pLDDT=89.6 pTM=0.703 tol=0.354
2026-07-23 01:57:47,436 alphafold2_ptm_model_4_seed_042 recycle=3 pLDDT=89.2 pTM=0.699 tol=0.208
2026-07-23 01:57:47,437 alphafold2_ptm_model_4_seed_042 took 66.7s (3 recycles)
2026-07-23 01:58:04,192 alphafold2_ptm_model_5_seed_042 recycle=0 pLDDT=86.7 pTM=0.657
2026-07-23 01:58:20,794 alphafold2_ptm_model_5_seed_042 recycle=1 pLDDT=89.8 pTM=0.702 tol=0.319
2026-07-23 01:58:37,678 alphafold2_ptm_model_5_seed_042 recycle=2 pLDDT=89.7 pTM=0.698 tol=0.13
2026-07-23 01:58:54,280 alphafold2_ptm_model_5_seed_042 recycle=3 pLDDT=89.8 pTM=0.7 tol=0.0528
2026-07-23 01:58:54,281 alphafold2_ptm_model_5_seed_042 took 66.8s (3 recycles)
2026-07-23 01:58:55,652 Padding length to 82
2026-07-23 01:59:12,574 alphafold2_ptm_model_1_seed_043 recycle=0 pLDDT=84.4 pTM=0.599
2026-07-23 01:59:29,667 alphafold2_ptm_model_1_seed_043 recycle=1 pLDDT=90 pTM=0.701 tol=0.285
2026-07-23 01:59:46,716 alphafold2_ptm_model_1_seed_043 recycle=2 pLDDT=88.9 pTM=0.687 tol=0.254
2026-07-23 02:00:03,349 alphafold2_ptm_model_1_seed_043 recycle=3 pLDDT=89.4 pTM=0.696 tol=0.152
2026-07-23 02:00:03,349 alphafold2_ptm_model_1_seed_043 took 67.7s (3 recycles)
2026-07-23 02:00:20,216 alphafold2_ptm_model_2_seed_043 recycle=0 pLDDT=89.8 pTM=0.709
2026-07-23 02:00:37,269 alphafold2_ptm_model_2_seed_043 recycle=1 pLDDT=90.6 pTM=0.729 tol=0.232
2026-07-23 02:00:54,216 alphafold2_ptm_model_2_seed_043 recycle=2 pLDDT=89.2 pTM=0.712 tol=0.193
2026-07-23 02:01:11,493 alphafold2_ptm_model_2_seed_043 recycle=3 pLDDT=90.3 pTM=0.731 tol=0.135
2026-07-23 02:01:11,493 alphafold2_ptm_model_2_seed_043 took 68.1s (3 recycles)
2026-07-23 02:01:28,945 alphafold2_ptm_model_3_seed_043 recycle=0 pLDDT=87.9 pTM=0.669
2026-07-23 02:01:45,971 alphafold2_ptm_model_3_seed_043 recycle=1 pLDDT=87.8 pTM=0.676 tol=0.627
2026-07-23 02:02:02,397 alphafold2_ptm_model_3_seed_043 recycle=2 pLDDT=88.1 pTM=0.678 tol=0.174
2026-07-23 02:02:18,993 alphafold2_ptm_model_3_seed_043 recycle=3 pLDDT=87.8 pTM=0.674 tol=0.129
2026-07-23 02:02:18,994 alphafold2_ptm_model_3_seed_043 took 67.5s (3 recycles)
2026-07-23 02:02:36,269 alphafold2_ptm_model_4_seed_043 recycle=0 pLDDT=88.2 pTM=0.669
2026-07-23 02:02:54,262 alphafold2_ptm_model_4_seed_043 recycle=1 pLDDT=87.6 pTM=0.676 tol=0.43
2026-07-23 02:03:12,121 alphafold2_ptm_model_4_seed_043 recycle=2 pLDDT=89.6 pTM=0.704 tol=0.319
2026-07-23 02:03:29,064 alphafold2_ptm_model_4_seed_043 recycle=3 pLDDT=89.2 pTM=0.7 tol=0.209
2026-07-23 02:03:29,065 alphafold2_ptm_model_4_seed_043 took 70.0s (3 recycles)
2026-07-23 02:03:46,490 alphafold2_ptm_model_5_seed_043 recycle=0 pLDDT=85.2 pTM=0.644
2026-07-23 02:04:04,024 alphafold2_ptm_model_5_seed_043 recycle=1 pLDDT=89.8 pTM=0.705 tol=0.394
2026-07-23 02:04:22,135 alphafold2_ptm_model_5_seed_043 recycle=2 pLDDT=89.6 pTM=0.698 tol=0.158
2026-07-23 02:04:39,489 alphafold2_ptm_model_5_seed_043 recycle=3 pLDDT=89.8 pTM=0.701 tol=0.0604
2026-07-23 02:04:39,490 alphafold2_ptm_model_5_seed_043 took 70.4s (3 recycles)
2026-07-23 02:04:40,709 Padding length to 82
2026-07-23 02:04:57,134 alphafold2_ptm_model_1_seed_044 recycle=0 pLDDT=85.6 pTM=0.61
2026-07-23 02:05:13,897 alphafold2_ptm_model_1_seed_044 recycle=1 pLDDT=90.1 pTM=0.699 tol=0.339
2026-07-23 02:05:31,098 alphafold2_ptm_model_1_seed_044 recycle=2 pLDDT=89.3 pTM=0.691 tol=0.227
2026-07-23 02:05:48,301 alphafold2_ptm_model_1_seed_044 recycle=3 pLDDT=89.6 pTM=0.697 tol=0.165
2026-07-23 02:05:48,302 alphafold2_ptm_model_1_seed_044 took 67.6s (3 recycles)
2026-07-23 02:06:05,481 alphafold2_ptm_model_2_seed_044 recycle=0 pLDDT=89.9 pTM=0.711
2026-07-23 02:06:22,635 alphafold2_ptm_model_2_seed_044 recycle=1 pLDDT=90.2 pTM=0.724 tol=0.234
2026-07-23 02:06:40,300 alphafold2_ptm_model_2_seed_044 recycle=2 pLDDT=89.5 pTM=0.716 tol=0.0949
2026-07-23 02:06:55,774 alphafold2_ptm_model_2_seed_044 recycle=3 pLDDT=90 pTM=0.727 tol=0.0795
2026-07-23 02:06:55,775 alphafold2_ptm_model_2_seed_044 took 67.4s (3 recycles)
2026-07-23 02:07:08,240 alphafold2_ptm_model_3_seed_044 recycle=0 pLDDT=88.6 pTM=0.678
2026-07-23 02:07:20,899 alphafold2_ptm_model_3_seed_044 recycle=1 pLDDT=88.2 pTM=0.677 tol=0.467
2026-07-23 02:07:33,481 alphafold2_ptm_model_3_seed_044 recycle=2 pLDDT=87.8 pTM=0.675 tol=0.122
2026-07-23 02:07:45,682 alphafold2_ptm_model_3_seed_044 recycle=3 pLDDT=87.9 pTM=0.674 tol=0.0613
2026-07-23 02:07:45,683 alphafold2_ptm_model_3_seed_044 took 49.9s (3 recycles)
2026-07-23 02:07:58,821 alphafold2_ptm_model_4_seed_044 recycle=0 pLDDT=87.8 pTM=0.666
2026-07-23 02:08:11,367 alphafold2_ptm_model_4_seed_044 recycle=1 pLDDT=89.2 pTM=0.695 tol=0.219
2026-07-23 02:08:23,757 alphafold2_ptm_model_4_seed_044 recycle=2 pLDDT=88.6 pTM=0.69 tol=0.289
2026-07-23 02:08:36,548 alphafold2_ptm_model_4_seed_044 recycle=3 pLDDT=89.8 pTM=0.706 tol=0.229
2026-07-23 02:08:36,549 alphafold2_ptm_model_4_seed_044 took 50.8s (3 recycles)
2026-07-23 02:08:49,218 alphafold2_ptm_model_5_seed_044 recycle=0 pLDDT=84.9 pTM=0.637
2026-07-23 02:09:02,124 alphafold2_ptm_model_5_seed_044 recycle=1 pLDDT=89.8 pTM=0.703 tol=0.444
2026-07-23 02:09:14,959 alphafold2_ptm_model_5_seed_044 recycle=2 pLDDT=89.7 pTM=0.701 tol=0.161
2026-07-23 02:09:27,697 alphafold2_ptm_model_5_seed_044 recycle=3 pLDDT=89.8 pTM=0.7 tol=0.0702
2026-07-23 02:09:27,697 alphafold2_ptm_model_5_seed_044 took 51.1s (3 recycles)
2026-07-23 02:09:27,751 reranking models by 'plddt' metric
2026-07-23 02:09:27,751 rank_001_alphafold2_ptm_model_2_seed_043 pLDDT=90.3 pTM=0.731
2026-07-23 02:09:27,754 rank_002_alphafold2_ptm_model_2_seed_042 pLDDT=90.2 pTM=0.729
2026-07-23 02:09:27,756 rank_003_alphafold2_ptm_model_2_seed_044 pLDDT=90 pTM=0.727
2026-07-23 02:09:27,758 rank_004_alphafold2_ptm_model_5_seed_043 pLDDT=89.8 pTM=0.701
2026-07-23 02:09:27,760 rank_005_alphafold2_ptm_model_5_seed_042 pLDDT=89.8 pTM=0.7
2026-07-23 02:09:27,761 rank_006_alphafold2_ptm_model_5_seed_044 pLDDT=89.8 pTM=0.7
2026-07-23 02:09:27,763 rank_007_alphafold2_ptm_model_4_seed_044 pLDDT=89.8 pTM=0.706
2026-07-23 02:09:27,765 rank_008_alphafold2_ptm_model_1_seed_044 pLDDT=89.6 pTM=0.697
2026-07-23 02:09:27,766 rank_009_alphafold2_ptm_model_1_seed_042 pLDDT=89.5 pTM=0.698
2026-07-23 02:09:27,768 rank_010_alphafold2_ptm_model_1_seed_043 pLDDT=89.4 pTM=0.696
2026-07-23 02:09:27,770 rank_011_alphafold2_ptm_model_4_seed_043 pLDDT=89.2 pTM=0.7
2026-07-23 02:09:27,771 rank_012_alphafold2_ptm_model_4_seed_042 pLDDT=89.2 pTM=0.699
2026-07-23 02:09:27,773 rank_013_alphafold2_ptm_model_3_seed_044 pLDDT=87.9 pTM=0.674
2026-07-23 02:09:27,774 rank_014_alphafold2_ptm_model_3_seed_042 pLDDT=87.9 pTM=0.674
2026-07-23 02:09:27,776 rank_015_alphafold2_ptm_model_3_seed_043 pLDDT=87.8 pTM=0.674
2026-07-23 02:09:30,252 Query 26/586: 5KPH_6_4_4_0_combined_id7 (length 72)
2026-07-23 02:09:31,970 Padding length to 82
2026-07-23 02:09:44,529 alphafold2_ptm_model_1_seed_042 recycle=0 pLDDT=90.2 pTM=0.722
2026-07-23 02:09:57,108 alphafold2_ptm_model_1_seed_042 recycle=1 pLDDT=91.4 pTM=0.729 tol=0.53
2026-07-23 02:10:09,561 alphafold2_ptm_model_1_seed_042 recycle=2 pLDDT=90.1 pTM=0.72 tol=0.189
2026-07-23 02:10:22,508 alphafold2_ptm_model_1_seed_042 recycle=3 pLDDT=88.4 pTM=0.705 tol=0.228
2026-07-23 02:10:22,509 alphafold2_ptm_model_1_seed_042 took 50.5s (3 recycles)
2026-07-23 02:10:35,348 alphafold2_ptm_model_2_seed_042 recycle=0 pLDDT=91.4 pTM=0.732
2026-07-23 02:10:47,969 alphafold2_ptm_model_2_seed_042 recycle=1 pLDDT=89.8 pTM=0.717 tol=0.418
2026-07-23 02:10:59,549 alphafold2_ptm_model_2_seed_042 recycle=2 pLDDT=87.6 pTM=0.692 tol=0.287
2026-07-23 02:11:11,582 alphafold2_ptm_model_2_seed_042 recycle=3 pLDDT=87.1 pTM=0.688 tol=0.0858
2026-07-23 02:11:11,582 alphafold2_ptm_model_2_seed_042 took 49.1s (3 recycles)
2026-07-23 02:11:24,172 alphafold2_ptm_model_3_seed_042 recycle=0 pLDDT=90.3 pTM=0.721
2026-07-23 02:11:35,012 alphafold2_ptm_model_3_seed_042 recycle=1 pLDDT=88 pTM=0.69 tol=0.38
2026-07-23 02:11:47,631 alphafold2_ptm_model_3_seed_042 recycle=2 pLDDT=87.4 pTM=0.684 tol=0.205
2026-07-23 02:12:00,217 alphafold2_ptm_model_3_seed_042 recycle=3 pLDDT=87.9 pTM=0.688 tol=0.0948
2026-07-23 02:12:00,218 alphafold2_ptm_model_3_seed_042 took 48.6s (3 recycles)
2026-07-23 02:12:13,036 alphafold2_ptm_model_4_seed_042 recycle=0 pLDDT=90.1 pTM=0.742
2026-07-23 02:12:25,715 alphafold2_ptm_model_4_seed_042 recycle=1 pLDDT=89.2 pTM=0.727 tol=0.354
2026-07-23 02:12:38,132 alphafold2_ptm_model_4_seed_042 recycle=2 pLDDT=88.4 pTM=0.72 tol=0.162
2026-07-23 02:12:50,531 alphafold2_ptm_model_4_seed_042 recycle=3 pLDDT=88.1 pTM=0.715 tol=0.0529
2026-07-23 02:12:50,532 alphafold2_ptm_model_4_seed_042 took 50.3s (3 recycles)
2026-07-23 02:13:03,175 alphafold2_ptm_model_5_seed_042 recycle=0 pLDDT=50.1 pTM=0.336
2026-07-23 02:13:15,575 alphafold2_ptm_model_5_seed_042 recycle=1 pLDDT=88.5 pTM=0.716 tol=3.8
2026-07-23 02:13:28,312 alphafold2_ptm_model_5_seed_042 recycle=2 pLDDT=86.2 pTM=0.688 tol=0.177
2026-07-23 02:13:40,829 alphafold2_ptm_model_5_seed_042 recycle=3 pLDDT=86.4 pTM=0.687 tol=0.0978
2026-07-23 02:13:40,829 alphafold2_ptm_model_5_seed_042 took 50.2s (3 recycles)
2026-07-23 02:13:41,928 Padding length to 82
2026-07-23 02:13:53,679 alphafold2_ptm_model_1_seed_043 recycle=0 pLDDT=90.1 pTM=0.717
2026-07-23 02:14:05,836 alphafold2_ptm_model_1_seed_043 recycle=1 pLDDT=91.6 pTM=0.733 tol=0.516
2026-07-23 02:14:20,058 alphafold2_ptm_model_1_seed_043 recycle=2 pLDDT=90.2 pTM=0.724 tol=0.186
2026-07-23 02:14:38,775 alphafold2_ptm_model_1_seed_043 recycle=3 pLDDT=88.9 pTM=0.712 tol=0.184
2026-07-23 02:14:38,776 alphafold2_ptm_model_1_seed_043 took 56.8s (3 recycles)
2026-07-23 02:14:50,753 alphafold2_ptm_model_2_seed_043 recycle=0 pLDDT=91.4 pTM=0.731
2026-07-23 02:15:02,585 alphafold2_ptm_model_2_seed_043 recycle=1 pLDDT=89.8 pTM=0.718 tol=0.428
2026-07-23 02:15:14,235 alphafold2_ptm_model_2_seed_043 recycle=2 pLDDT=87.2 pTM=0.688 tol=0.306
2026-07-23 02:15:25,869 alphafold2_ptm_model_2_seed_043 recycle=3 pLDDT=86.9 pTM=0.686 tol=0.106
2026-07-23 02:15:25,870 alphafold2_ptm_model_2_seed_043 took 47.0s (3 recycles)
2026-07-23 02:15:37,873 alphafold2_ptm_model_3_seed_043 recycle=0 pLDDT=90.4 pTM=0.726
2026-07-23 02:15:49,986 alphafold2_ptm_model_3_seed_043 recycle=1 pLDDT=88.6 pTM=0.696 tol=0.369
2026-07-23 02:16:02,394 alphafold2_ptm_model_3_seed_043 recycle=2 pLDDT=87.3 pTM=0.681 tol=0.209
2026-07-23 02:16:14,674 alphafold2_ptm_model_3_seed_043 recycle=3 pLDDT=88.2 pTM=0.691 tol=0.106
2026-07-23 02:16:14,675 alphafold2_ptm_model_3_seed_043 took 48.8s (3 recycles)
2026-07-23 02:16:26,386 alphafold2_ptm_model_4_seed_043 recycle=0 pLDDT=89.6 pTM=0.732
2026-07-23 02:16:38,532 alphafold2_ptm_model_4_seed_043 recycle=1 pLDDT=89.6 pTM=0.729 tol=0.402
2026-07-23 02:16:50,876 alphafold2_ptm_model_4_seed_043 recycle=2 pLDDT=88.8 pTM=0.723 tol=0.136
2026-07-23 02:17:03,118 alphafold2_ptm_model_4_seed_043 recycle=3 pLDDT=88.4 pTM=0.718 tol=0.073
2026-07-23 02:17:03,120 alphafold2_ptm_model_4_seed_043 took 48.4s (3 recycles)
2026-07-23 02:17:14,872 alphafold2_ptm_model_5_seed_043 recycle=0 pLDDT=49.6 pTM=0.322
2026-07-23 02:17:26,647 alphafold2_ptm_model_5_seed_043 recycle=1 pLDDT=90.8 pTM=0.742 tol=4.86
2026-07-23 02:17:38,677 alphafold2_ptm_model_5_seed_043 recycle=2 pLDDT=86.2 pTM=0.689 tol=0.226
2026-07-23 02:17:50,080 alphafold2_ptm_model_5_seed_043 recycle=3 pLDDT=87.4 pTM=0.703 tol=0.0585
2026-07-23 02:17:50,080 alphafold2_ptm_model_5_seed_043 took 46.9s (3 recycles)
2026-07-23 02:17:51,245 Padding length to 82
2026-07-23 02:18:02,903 alphafold2_ptm_model_1_seed_044 recycle=0 pLDDT=90.1 pTM=0.716
2026-07-23 02:18:14,096 alphafold2_ptm_model_1_seed_044 recycle=1 pLDDT=91.4 pTM=0.729 tol=0.501
2026-07-23 02:18:25,501 alphafold2_ptm_model_1_seed_044 recycle=2 pLDDT=89.8 pTM=0.719 tol=0.21
2026-07-23 02:18:37,123 alphafold2_ptm_model_1_seed_044 recycle=3 pLDDT=88.3 pTM=0.706 tol=0.227
2026-07-23 02:18:37,123 alphafold2_ptm_model_1_seed_044 took 45.9s (3 recycles)
2026-07-23 02:18:49,249 alphafold2_ptm_model_2_seed_044 recycle=0 pLDDT=91.2 pTM=0.726
2026-07-23 02:19:01,133 alphafold2_ptm_model_2_seed_044 recycle=1 pLDDT=89.4 pTM=0.713 tol=0.495
2026-07-23 02:19:13,077 alphafold2_ptm_model_2_seed_044 recycle=2 pLDDT=86.8 pTM=0.683 tol=0.353
2026-07-23 02:19:24,810 alphafold2_ptm_model_2_seed_044 recycle=3 pLDDT=86.6 pTM=0.681 tol=0.137
2026-07-23 02:19:24,811 alphafold2_ptm_model_2_seed_044 took 47.7s (3 recycles)
2026-07-23 02:19:36,197 alphafold2_ptm_model_3_seed_044 recycle=0 pLDDT=90.4 pTM=0.722
2026-07-23 02:19:48,074 alphafold2_ptm_model_3_seed_044 recycle=1 pLDDT=88.2 pTM=0.689 tol=0.408
2026-07-23 02:19:59,860 alphafold2_ptm_model_3_seed_044 recycle=2 pLDDT=87.1 pTM=0.681 tol=0.201
2026-07-23 02:20:11,699 alphafold2_ptm_model_3_seed_044 recycle=3 pLDDT=87.7 pTM=0.684 tol=0.0984
2026-07-23 02:20:11,700 alphafold2_ptm_model_3_seed_044 took 46.9s (3 recycles)
2026-07-23 02:20:22,966 alphafold2_ptm_model_4_seed_044 recycle=0 pLDDT=88.9 pTM=0.725
2026-07-23 02:20:34,640 alphafold2_ptm_model_4_seed_044 recycle=1 pLDDT=89.2 pTM=0.726 tol=0.478
2026-07-23 02:20:46,454 alphafold2_ptm_model_4_seed_044 recycle=2 pLDDT=88.5 pTM=0.719 tol=0.172
2026-07-23 02:20:58,267 alphafold2_ptm_model_4_seed_044 recycle=3 pLDDT=88.2 pTM=0.716 tol=0.0507
2026-07-23 02:20:58,268 alphafold2_ptm_model_4_seed_044 took 46.5s (3 recycles)
2026-07-23 02:21:10,000 alphafold2_ptm_model_5_seed_044 recycle=0 pLDDT=49.8 pTM=0.326
2026-07-23 02:21:22,215 alphafold2_ptm_model_5_seed_044 recycle=1 pLDDT=90.9 pTM=0.74 tol=4.63
2026-07-23 02:21:34,484 alphafold2_ptm_model_5_seed_044 recycle=2 pLDDT=86.8 pTM=0.691 tol=0.232
2026-07-23 02:21:47,008 alphafold2_ptm_model_5_seed_044 recycle=3 pLDDT=87.6 pTM=0.7 tol=0.0694
2026-07-23 02:21:47,009 alphafold2_ptm_model_5_seed_044 took 48.7s (3 recycles)
2026-07-23 02:21:47,033 reranking models by 'plddt' metric
2026-07-23 02:21:47,034 rank_001_alphafold2_ptm_model_1_seed_043 pLDDT=88.9 pTM=0.712
2026-07-23 02:21:47,037 rank_002_alphafold2_ptm_model_4_seed_043 pLDDT=88.4 pTM=0.718
2026-07-23 02:21:47,038 rank_003_alphafold2_ptm_model_1_seed_042 pLDDT=88.4 pTM=0.705
2026-07-23 02:21:47,040 rank_004_alphafold2_ptm_model_1_seed_044 pLDDT=88.3 pTM=0.706
2026-07-23 02:21:47,042 rank_005_alphafold2_ptm_model_4_seed_044 pLDDT=88.2 pTM=0.716
2026-07-23 02:21:47,044 rank_006_alphafold2_ptm_model_3_seed_043 pLDDT=88.2 pTM=0.691
2026-07-23 02:21:47,045 rank_007_alphafold2_ptm_model_4_seed_042 pLDDT=88.1 pTM=0.715
2026-07-23 02:21:47,047 rank_008_alphafold2_ptm_model_3_seed_042 pLDDT=87.9 pTM=0.688
2026-07-23 02:21:47,049 rank_009_alphafold2_ptm_model_3_seed_044 pLDDT=87.7 pTM=0.684
2026-07-23 02:21:47,051 rank_010_alphafold2_ptm_model_5_seed_044 pLDDT=87.6 pTM=0.7
2026-07-23 02:21:47,052 rank_011_alphafold2_ptm_model_5_seed_043 pLDDT=87.4 pTM=0.703
2026-07-23 02:21:47,054 rank_012_alphafold2_ptm_model_2_seed_042 pLDDT=87.1 pTM=0.688
2026-07-23 02:21:47,055 rank_013_alphafold2_ptm_model_2_seed_043 pLDDT=86.9 pTM=0.686
2026-07-23 02:21:47,057 rank_014_alphafold2_ptm_model_2_seed_044 pLDDT=86.6 pTM=0.681
2026-07-23 02:21:47,058 rank_015_alphafold2_ptm_model_5_seed_042 pLDDT=86.4 pTM=0.687
2026-07-23 02:21:49,954 Query 27/586: 5KPH_6_4_4_0_combined_id9 (length 72)
2026-07-23 02:21:52,079 Padding length to 82
2026-07-23 02:22:04,527 alphafold2_ptm_model_1_seed_042 recycle=0 pLDDT=78.6 pTM=0.526
2026-07-23 02:22:17,202 alphafold2_ptm_model_1_seed_042 recycle=1 pLDDT=82.8 pTM=0.591 tol=1.01
2026-07-23 02:22:29,885 alphafold2_ptm_model_1_seed_042 recycle=2 pLDDT=84.8 pTM=0.611 tol=0.155
2026-07-23 02:22:42,158 alphafold2_ptm_model_1_seed_042 recycle=3 pLDDT=85.3 pTM=0.619 tol=0.0938
2026-07-23 02:22:42,158 alphafold2_ptm_model_1_seed_042 took 50.1s (3 recycles)
2026-07-23 02:22:54,905 alphafold2_ptm_model_2_seed_042 recycle=0 pLDDT=85.6 pTM=0.618
2026-07-23 02:23:07,381 alphafold2_ptm_model_2_seed_042 recycle=1 pLDDT=86.7 pTM=0.655 tol=0.346
2026-07-23 02:23:20,156 alphafold2_ptm_model_2_seed_042 recycle=2 pLDDT=86.9 pTM=0.659 tol=0.24
2026-07-23 02:23:32,607 alphafold2_ptm_model_2_seed_042 recycle=3 pLDDT=87.2 pTM=0.66 tol=0.213
2026-07-23 02:23:32,607 alphafold2_ptm_model_2_seed_042 took 50.4s (3 recycles)
2026-07-23 02:23:44,885 alphafold2_ptm_model_3_seed_042 recycle=0 pLDDT=65.2 pTM=0.4
2026-07-23 02:23:57,198 alphafold2_ptm_model_3_seed_042 recycle=1 pLDDT=66.2 pTM=0.427 tol=1.15
2026-07-23 02:24:09,566 alphafold2_ptm_model_3_seed_042 recycle=2 pLDDT=82.6 pTM=0.603 tol=4.98
2026-07-23 02:24:25,664 alphafold2_ptm_model_3_seed_042 recycle=3 pLDDT=85.8 pTM=0.638 tol=0.774
2026-07-23 02:24:25,664 alphafold2_ptm_model_3_seed_042 took 53.0s (3 recycles)
2026-07-23 02:24:38,184 alphafold2_ptm_model_4_seed_042 recycle=0 pLDDT=81.7 pTM=0.579
2026-07-23 02:24:50,740 alphafold2_ptm_model_4_seed_042 recycle=1 pLDDT=86.3 pTM=0.647 tol=1.34
2026-07-23 02:25:03,576 alphafold2_ptm_model_4_seed_042 recycle=2 pLDDT=86.2 pTM=0.636 tol=0.115
2026-07-23 02:25:16,450 alphafold2_ptm_model_4_seed_042 recycle=3 pLDDT=85.6 pTM=0.626 tol=0.069
2026-07-23 02:25:16,451 alphafold2_ptm_model_4_seed_042 took 50.7s (3 recycles)
2026-07-23 02:25:28,872 alphafold2_ptm_model_5_seed_042 recycle=0 pLDDT=85.1 pTM=0.635
2026-07-23 02:25:41,527 alphafold2_ptm_model_5_seed_042 recycle=1 pLDDT=87.8 pTM=0.664 tol=0.603
2026-07-23 02:25:54,074 alphafold2_ptm_model_5_seed_042 recycle=2 pLDDT=87.8 pTM=0.664 tol=0.0856
2026-07-23 02:26:06,995 alphafold2_ptm_model_5_seed_042 recycle=3 pLDDT=87.8 pTM=0.664 tol=0.0417
2026-07-23 02:26:06,996 alphafold2_ptm_model_5_seed_042 took 50.5s (3 recycles)
2026-07-23 02:26:08,071 Padding length to 82
2026-07-23 02:26:23,731 alphafold2_ptm_model_1_seed_043 recycle=0 pLDDT=78.6 pTM=0.534
2026-07-23 02:26:35,978 alphafold2_ptm_model_1_seed_043 recycle=1 pLDDT=86.7 pTM=0.633 tol=0.833
2026-07-23 02:26:48,275 alphafold2_ptm_model_1_seed_043 recycle=2 pLDDT=85.8 pTM=0.626 tol=0.292
2026-07-23 02:27:00,318 alphafold2_ptm_model_1_seed_043 recycle=3 pLDDT=85.8 pTM=0.629 tol=0.146
2026-07-23 02:27:00,318 alphafold2_ptm_model_1_seed_043 took 52.2s (3 recycles)
2026-07-23 02:27:12,536 alphafold2_ptm_model_2_seed_043 recycle=0 pLDDT=85.6 pTM=0.616
2026-07-23 02:27:24,938 alphafold2_ptm_model_2_seed_043 recycle=1 pLDDT=86.8 pTM=0.652 tol=0.4
2026-07-23 02:27:37,161 alphafold2_ptm_model_2_seed_043 recycle=2 pLDDT=87.1 pTM=0.661 tol=0.161
2026-07-23 02:27:48,862 alphafold2_ptm_model_2_seed_043 recycle=3 pLDDT=87.4 pTM=0.662 tol=0.151
2026-07-23 02:27:48,862 alphafold2_ptm_model_2_seed_043 took 48.5s (3 recycles)
2026-07-23 02:28:00,895 alphafold2_ptm_model_3_seed_043 recycle=0 pLDDT=77.1 pTM=0.544
2026-07-23 02:28:13,133 alphafold2_ptm_model_3_seed_043 recycle=1 pLDDT=83.2 pTM=0.605 tol=1.23
2026-07-23 02:28:25,600 alphafold2_ptm_model_3_seed_043 recycle=2 pLDDT=84.5 pTM=0.619 tol=0.375
2026-07-23 02:28:38,024 alphafold2_ptm_model_3_seed_043 recycle=3 pLDDT=84.9 pTM=0.626 tol=0.0756
2026-07-23 02:28:38,025 alphafold2_ptm_model_3_seed_043 took 49.1s (3 recycles)
2026-07-23 02:28:50,326 alphafold2_ptm_model_4_seed_043 recycle=0 pLDDT=80.3 pTM=0.57
2026-07-23 02:29:02,769 alphafold2_ptm_model_4_seed_043 recycle=1 pLDDT=86.4 pTM=0.644 tol=0.902
2026-07-23 02:29:14,936 alphafold2_ptm_model_4_seed_043 recycle=2 pLDDT=85.8 pTM=0.628 tol=0.126
2026-07-23 02:29:27,313 alphafold2_ptm_model_4_seed_043 recycle=3 pLDDT=85.5 pTM=0.627 tol=0.0551
2026-07-23 02:29:27,314 alphafold2_ptm_model_4_seed_043 took 49.3s (3 recycles)
2026-07-23 02:29:39,564 alphafold2_ptm_model_5_seed_043 recycle=0 pLDDT=83.4 pTM=0.619
2026-07-23 02:29:51,998 alphafold2_ptm_model_5_seed_043 recycle=1 pLDDT=86.2 pTM=0.646 tol=1.02
2026-07-23 02:30:04,491 alphafold2_ptm_model_5_seed_043 recycle=2 pLDDT=86.9 pTM=0.652 tol=0.133
2026-07-23 02:30:17,137 alphafold2_ptm_model_5_seed_043 recycle=3 pLDDT=87 pTM=0.652 tol=0.067
2026-07-23 02:30:17,137 alphafold2_ptm_model_5_seed_043 took 49.8s (3 recycles)
2026-07-23 02:30:18,182 Padding length to 82
2026-07-23 02:30:30,710 alphafold2_ptm_model_1_seed_044 recycle=0 pLDDT=78.1 pTM=0.519
2026-07-23 02:30:42,829 alphafold2_ptm_model_1_seed_044 recycle=1 pLDDT=85 pTM=0.614 tol=1.28
2026-07-23 02:30:55,034 alphafold2_ptm_model_1_seed_044 recycle=2 pLDDT=85.4 pTM=0.619 tol=0.272
2026-07-23 02:31:07,355 alphafold2_ptm_model_1_seed_044 recycle=3 pLDDT=85.8 pTM=0.626 tol=0.116
2026-07-23 02:31:07,355 alphafold2_ptm_model_1_seed_044 took 49.2s (3 recycles)
2026-07-23 02:31:19,925 alphafold2_ptm_model_2_seed_044 recycle=0 pLDDT=83.9 pTM=0.611
2026-07-23 02:31:32,082 alphafold2_ptm_model_2_seed_044 recycle=1 pLDDT=86.6 pTM=0.65 tol=0.294
2026-07-23 02:31:44,540 alphafold2_ptm_model_2_seed_044 recycle=2 pLDDT=87.1 pTM=0.659 tol=0.141
2026-07-23 02:31:56,980 alphafold2_ptm_model_2_seed_044 recycle=3 pLDDT=87.2 pTM=0.661 tol=0.0401
2026-07-23 02:31:56,981 alphafold2_ptm_model_2_seed_044 took 49.6s (3 recycles)
2026-07-23 02:32:09,757 alphafold2_ptm_model_3_seed_044 recycle=0 pLDDT=77.1 pTM=0.546
2026-07-23 02:32:22,428 alphafold2_ptm_model_3_seed_044 recycle=1 pLDDT=85.8 pTM=0.626 tol=1.38
2026-07-23 02:32:34,823 alphafold2_ptm_model_3_seed_044 recycle=2 pLDDT=85.6 pTM=0.632 tol=0.29
2026-07-23 02:32:47,609 alphafold2_ptm_model_3_seed_044 recycle=3 pLDDT=86 pTM=0.64 tol=0.103
2026-07-23 02:32:47,610 alphafold2_ptm_model_3_seed_044 took 50.6s (3 recycles)
2026-07-23 02:33:00,110 alphafold2_ptm_model_4_seed_044 recycle=0 pLDDT=80.6 pTM=0.57
2026-07-23 02:33:12,438 alphafold2_ptm_model_4_seed_044 recycle=1 pLDDT=86.8 pTM=0.65 tol=0.981
2026-07-23 02:33:24,607 alphafold2_ptm_model_4_seed_044 recycle=2 pLDDT=86.1 pTM=0.632 tol=0.134
2026-07-23 02:33:37,308 alphafold2_ptm_model_4_seed_044 recycle=3 pLDDT=85.6 pTM=0.628 tol=0.0528
2026-07-23 02:33:37,308 alphafold2_ptm_model_4_seed_044 took 49.7s (3 recycles)
2026-07-23 02:33:50,107 alphafold2_ptm_model_5_seed_044 recycle=0 pLDDT=85.1 pTM=0.631
2026-07-23 02:34:02,838 alphafold2_ptm_model_5_seed_044 recycle=1 pLDDT=88 pTM=0.667 tol=0.577
2026-07-23 02:34:15,216 alphafold2_ptm_model_5_seed_044 recycle=2 pLDDT=87.8 pTM=0.665 tol=0.0811
2026-07-23 02:34:27,426 alphafold2_ptm_model_5_seed_044 recycle=3 pLDDT=87.8 pTM=0.664 tol=0.0424
2026-07-23 02:34:27,427 alphafold2_ptm_model_5_seed_044 took 50.1s (3 recycles)
2026-07-23 02:34:27,459 reranking models by 'plddt' metric
2026-07-23 02:34:27,460 rank_001_alphafold2_ptm_model_5_seed_044 pLDDT=87.8 pTM=0.664
2026-07-23 02:34:27,461 rank_002_alphafold2_ptm_model_5_seed_042 pLDDT=87.8 pTM=0.664
2026-07-23 02:34:27,463 rank_003_alphafold2_ptm_model_2_seed_043 pLDDT=87.4 pTM=0.662
2026-07-23 02:34:27,465 rank_004_alphafold2_ptm_model_2_seed_044 pLDDT=87.2 pTM=0.661
2026-07-23 02:34:27,467 rank_005_alphafold2_ptm_model_2_seed_042 pLDDT=87.2 pTM=0.66
2026-07-23 02:34:27,469 rank_006_alphafold2_ptm_model_5_seed_043 pLDDT=87 pTM=0.652
2026-07-23 02:34:27,470 rank_007_alphafold2_ptm_model_3_seed_044 pLDDT=86 pTM=0.64
2026-07-23 02:34:27,472 rank_008_alphafold2_ptm_model_1_seed_043 pLDDT=85.8 pTM=0.629
2026-07-23 02:34:27,474 rank_009_alphafold2_ptm_model_3_seed_042 pLDDT=85.8 pTM=0.638
2026-07-23 02:34:27,475 rank_010_alphafold2_ptm_model_1_seed_044 pLDDT=85.8 pTM=0.626
2026-07-23 02:34:27,477 rank_011_alphafold2_ptm_model_4_seed_044 pLDDT=85.6 pTM=0.628
2026-07-23 02:34:27,479 rank_012_alphafold2_ptm_model_4_seed_042 pLDDT=85.6 pTM=0.626
2026-07-23 02:34:27,480 rank_013_alphafold2_ptm_model_4_seed_043 pLDDT=85.5 pTM=0.627
2026-07-23 02:34:27,482 rank_014_alphafold2_ptm_model_1_seed_042 pLDDT=85.3 pTM=0.619
2026-07-23 02:34:27,484 rank_015_alphafold2_ptm_model_3_seed_043 pLDDT=84.9 pTM=0.626
2026-07-23 02:34:30,204 Skipping 5KPH_6_4_4_0_combined_id9 (already done)
2026-07-23 02:34:30,204 Skipping 5KPH_6_4_4_0_combined_id2 (already done)
2026-07-23 02:34:30,205 Query 30/586: 5KPH_6_4_4_0_combined_id3 (length 72)
2026-07-23 02:34:32,163 Padding length to 82
2026-07-23 02:34:44,811 alphafold2_ptm_model_1_seed_042 recycle=0 pLDDT=84.3 pTM=0.624
2026-07-23 02:34:57,362 alphafold2_ptm_model_1_seed_042 recycle=1 pLDDT=84.4 pTM=0.649 tol=0.938
2026-07-23 02:35:09,562 alphafold2_ptm_model_1_seed_042 recycle=2 pLDDT=85.8 pTM=0.663 tol=0.486
2026-07-23 02:35:21,924 alphafold2_ptm_model_1_seed_042 recycle=3 pLDDT=85.9 pTM=0.664 tol=0.149
2026-07-23 02:35:21,924 alphafold2_ptm_model_1_seed_042 took 49.8s (3 recycles)
2026-07-23 02:35:34,827 alphafold2_ptm_model_2_seed_042 recycle=0 pLDDT=86.2 pTM=0.663
2026-07-23 02:35:47,084 alphafold2_ptm_model_2_seed_042 recycle=1 pLDDT=86.7 pTM=0.672 tol=0.254
2026-07-23 02:35:59,160 alphafold2_ptm_model_2_seed_042 recycle=2 pLDDT=86.6 pTM=0.67 tol=0.0763
2026-07-23 02:36:11,551 alphafold2_ptm_model_2_seed_042 recycle=3 pLDDT=86.9 pTM=0.675 tol=0.119
2026-07-23 02:36:11,552 alphafold2_ptm_model_2_seed_042 took 49.6s (3 recycles)
2026-07-23 02:36:23,816 alphafold2_ptm_model_3_seed_042 recycle=0 pLDDT=82.3 pTM=0.607
2026-07-23 02:36:36,102 alphafold2_ptm_model_3_seed_042 recycle=1 pLDDT=84.2 pTM=0.628 tol=0.46
2026-07-23 02:36:48,662 alphafold2_ptm_model_3_seed_042 recycle=2 pLDDT=84.6 pTM=0.637 tol=0.167
2026-07-23 02:37:01,187 alphafold2_ptm_model_3_seed_042 recycle=3 pLDDT=84.8 pTM=0.631 tol=0.104
2026-07-23 02:37:01,188 alphafold2_ptm_model_3_seed_042 took 49.6s (3 recycles)
2026-07-23 02:37:13,570 alphafold2_ptm_model_4_seed_042 recycle=0 pLDDT=88.2 pTM=0.686
2026-07-23 02:37:25,635 alphafold2_ptm_model_4_seed_042 recycle=1 pLDDT=88 pTM=0.689 tol=0.205
2026-07-23 02:37:37,468 alphafold2_ptm_model_4_seed_042 recycle=2 pLDDT=86.9 pTM=0.677 tol=0.212
2026-07-23 02:37:50,461 alphafold2_ptm_model_4_seed_042 recycle=3 pLDDT=86.5 pTM=0.675 tol=0.167
2026-07-23 02:37:50,461 alphafold2_ptm_model_4_seed_042 took 49.2s (3 recycles)
2026-07-23 02:38:03,324 alphafold2_ptm_model_5_seed_042 recycle=0 pLDDT=81.6 pTM=0.595
2026-07-23 02:38:15,884 alphafold2_ptm_model_5_seed_042 recycle=1 pLDDT=85.8 pTM=0.639 tol=0.265
2026-07-23 02:38:28,410 alphafold2_ptm_model_5_seed_042 recycle=2 pLDDT=85.8 pTM=0.64 tol=0.259
2026-07-23 02:38:41,023 alphafold2_ptm_model_5_seed_042 recycle=3 pLDDT=86.2 pTM=0.643 tol=0.155
2026-07-23 02:38:41,024 alphafold2_ptm_model_5_seed_042 took 50.5s (3 recycles)
2026-07-23 02:38:42,154 Padding length to 82
2026-07-23 02:38:53,954 alphafold2_ptm_model_1_seed_043 recycle=0 pLDDT=84.3 pTM=0.621
2026-07-23 02:39:06,151 alphafold2_ptm_model_1_seed_043 recycle=1 pLDDT=85.4 pTM=0.655 tol=0.525
2026-07-23 02:39:17,996 alphafold2_ptm_model_1_seed_043 recycle=2 pLDDT=86.2 pTM=0.665 tol=0.183
2026-07-23 02:39:30,010 alphafold2_ptm_model_1_seed_043 recycle=3 pLDDT=86.2 pTM=0.665 tol=0.142
2026-07-23 02:39:30,010 alphafold2_ptm_model_1_seed_043 took 47.9s (3 recycles)
2026-07-23 02:39:41,836 alphafold2_ptm_model_2_seed_043 recycle=0 pLDDT=86.1 pTM=0.659
2026-07-23 02:39:54,101 alphafold2_ptm_model_2_seed_043 recycle=1 pLDDT=86.6 pTM=0.672 tol=0.227
2026-07-23 02:40:05,767 alphafold2_ptm_model_2_seed_043 recycle=2 pLDDT=87.1 pTM=0.676 tol=0.154
2026-07-23 02:40:18,338 alphafold2_ptm_model_2_seed_043 recycle=3 pLDDT=86.4 pTM=0.67 tol=0.234
2026-07-23 02:40:18,338 alphafold2_ptm_model_2_seed_043 took 48.3s (3 recycles)
2026-07-23 02:40:30,177 alphafold2_ptm_model_3_seed_043 recycle=0 pLDDT=83.1 pTM=0.61
2026-07-23 02:40:42,500 alphafold2_ptm_model_3_seed_043 recycle=1 pLDDT=84 pTM=0.626 tol=0.392
2026-07-23 02:40:53,655 alphafold2_ptm_model_3_seed_043 recycle=2 pLDDT=85.1 pTM=0.641 tol=0.138
2026-07-23 02:41:06,254 alphafold2_ptm_model_3_seed_043 recycle=3 pLDDT=85 pTM=0.631 tol=0.1
2026-07-23 02:41:06,255 alphafold2_ptm_model_3_seed_043 took 47.9s (3 recycles)
2026-07-23 02:41:18,209 alphafold2_ptm_model_4_seed_043 recycle=0 pLDDT=86.9 pTM=0.671
2026-07-23 02:41:30,704 alphafold2_ptm_model_4_seed_043 recycle=1 pLDDT=86.8 pTM=0.676 tol=0.218
2026-07-23 02:41:42,692 alphafold2_ptm_model_4_seed_043 recycle=2 pLDDT=86.7 pTM=0.674 tol=0.182
2026-07-23 02:41:54,836 alphafold2_ptm_model_4_seed_043 recycle=3 pLDDT=86.4 pTM=0.672 tol=0.0933
2026-07-23 02:41:54,836 alphafold2_ptm_model_4_seed_043 took 48.6s (3 recycles)
2026-07-23 02:42:07,457 alphafold2_ptm_model_5_seed_043 recycle=0 pLDDT=82.2 pTM=0.601
2026-07-23 02:42:20,327 alphafold2_ptm_model_5_seed_043 recycle=1 pLDDT=85.9 pTM=0.64 tol=0.24
2026-07-23 02:42:33,178 alphafold2_ptm_model_5_seed_043 recycle=2 pLDDT=85.8 pTM=0.639 tol=0.296
2026-07-23 02:42:45,780 alphafold2_ptm_model_5_seed_043 recycle=3 pLDDT=86.2 pTM=0.643 tol=0.148
2026-07-23 02:42:45,780 alphafold2_ptm_model_5_seed_043 took 50.9s (3 recycles)
2026-07-23 02:42:46,702 Padding length to 82
2026-07-23 02:42:59,002 alphafold2_ptm_model_1_seed_044 recycle=0 pLDDT=84.5 pTM=0.624
2026-07-23 02:43:11,148 alphafold2_ptm_model_1_seed_044 recycle=1 pLDDT=86 pTM=0.659 tol=0.452
2026-07-23 02:43:24,014 alphafold2_ptm_model_1_seed_044 recycle=2 pLDDT=85.7 pTM=0.659 tol=0.143
2026-07-23 02:43:36,474 alphafold2_ptm_model_1_seed_044 recycle=3 pLDDT=86 pTM=0.66 tol=0.0656
2026-07-23 02:43:36,475 alphafold2_ptm_model_1_seed_044 took 49.8s (3 recycles)
2026-07-23 02:43:49,009 alphafold2_ptm_model_2_seed_044 recycle=0 pLDDT=86.2 pTM=0.664
2026-07-23 02:44:01,741 alphafold2_ptm_model_2_seed_044 recycle=1 pLDDT=87.1 pTM=0.675 tol=0.215
2026-07-23 02:44:14,076 alphafold2_ptm_model_2_seed_044 recycle=2 pLDDT=86.5 pTM=0.67 tol=0.104
2026-07-23 02:44:26,501 alphafold2_ptm_model_2_seed_044 recycle=3 pLDDT=86.7 pTM=0.672 tol=0.115
2026-07-23 02:44:26,502 alphafold2_ptm_model_2_seed_044 took 50.0s (3 recycles)
2026-07-23 02:44:38,703 alphafold2_ptm_model_3_seed_044 recycle=0 pLDDT=83.1 pTM=0.614
2026-07-23 02:44:51,105 alphafold2_ptm_model_3_seed_044 recycle=1 pLDDT=84.1 pTM=0.625 tol=0.514
2026-07-23 02:45:03,706 alphafold2_ptm_model_3_seed_044 recycle=2 pLDDT=84.4 pTM=0.627 tol=0.132
2026-07-23 02:45:16,556 alphafold2_ptm_model_3_seed_044 recycle=3 pLDDT=85.2 pTM=0.629 tol=0.0823
2026-07-23 02:45:16,557 alphafold2_ptm_model_3_seed_044 took 50.0s (3 recycles)
2026-07-23 02:45:29,584 alphafold2_ptm_model_4_seed_044 recycle=0 pLDDT=87.4 pTM=0.678
2026-07-23 02:45:42,081 alphafold2_ptm_model_4_seed_044 recycle=1 pLDDT=87.2 pTM=0.679 tol=0.362
2026-07-23 02:45:54,405 alphafold2_ptm_model_4_seed_044 recycle=2 pLDDT=86.6 pTM=0.673 tol=0.188
2026-07-23 02:46:06,694 alphafold2_ptm_model_4_seed_044 recycle=3 pLDDT=86.3 pTM=0.672 tol=0.116
2026-07-23 02:46:06,695 alphafold2_ptm_model_4_seed_044 took 50.1s (3 recycles)
2026-07-23 02:46:18,562 alphafold2_ptm_model_5_seed_044 recycle=0 pLDDT=81.1 pTM=0.588
2026-07-23 02:46:30,827 alphafold2_ptm_model_5_seed_044 recycle=1 pLDDT=85.9 pTM=0.639 tol=0.348
2026-07-23 02:46:43,242 alphafold2_ptm_model_5_seed_044 recycle=2 pLDDT=85.9 pTM=0.64 tol=0.246
2026-07-23 02:46:55,407 alphafold2_ptm_model_5_seed_044 recycle=3 pLDDT=86.1 pTM=0.641 tol=0.126
2026-07-23 02:46:55,407 alphafold2_ptm_model_5_seed_044 took 48.7s (3 recycles)
2026-07-23 02:46:55,439 reranking models by 'plddt' metric
2026-07-23 02:46:55,439 rank_001_alphafold2_ptm_model_2_seed_042 pLDDT=86.9 pTM=0.675
2026-07-23 02:46:55,443 rank_002_alphafold2_ptm_model_2_seed_044 pLDDT=86.7 pTM=0.672
2026-07-23 02:46:55,444 rank_003_alphafold2_ptm_model_4_seed_042 pLDDT=86.5 pTM=0.675
2026-07-23 02:46:55,446 rank_004_alphafold2_ptm_model_4_seed_043 pLDDT=86.4 pTM=0.672
2026-07-23 02:46:55,447 rank_005_alphafold2_ptm_model_2_seed_043 pLDDT=86.4 pTM=0.67
2026-07-23 02:46:55,449 rank_006_alphafold2_ptm_model_4_seed_044 pLDDT=86.3 pTM=0.672
2026-07-23 02:46:55,450 rank_007_alphafold2_ptm_model_5_seed_043 pLDDT=86.2 pTM=0.643
2026-07-23 02:46:55,452 rank_008_alphafold2_ptm_model_5_seed_042 pLDDT=86.2 pTM=0.643
2026-07-23 02:46:55,454 rank_009_alphafold2_ptm_model_1_seed_043 pLDDT=86.2 pTM=0.665
2026-07-23 02:46:55,455 rank_010_alphafold2_ptm_model_5_seed_044 pLDDT=86.1 pTM=0.641
2026-07-23 02:46:55,457 rank_011_alphafold2_ptm_model_1_seed_044 pLDDT=86 pTM=0.66
2026-07-23 02:46:55,458 rank_012_alphafold2_ptm_model_1_seed_042 pLDDT=85.9 pTM=0.664
2026-07-23 02:46:55,460 rank_013_alphafold2_ptm_model_3_seed_044 pLDDT=85.2 pTM=0.629
2026-07-23 02:46:55,461 rank_014_alphafold2_ptm_model_3_seed_043 pLDDT=85 pTM=0.631
2026-07-23 02:46:55,463 rank_015_alphafold2_ptm_model_3_seed_042 pLDDT=84.8 pTM=0.631
2026-07-23 02:46:58,480 Query 31/586: 5KPH_2_4_5_0_combined_id7 (length 72)
2026-07-23 02:47:00,489 Padding length to 82
2026-07-23 02:47:13,900 alphafold2_ptm_model_1_seed_042 recycle=0 pLDDT=90.1 pTM=0.702
2026-07-23 02:47:26,727 alphafold2_ptm_model_1_seed_042 recycle=1 pLDDT=90.9 pTM=0.729 tol=0.119
2026-07-23 02:47:38,956 alphafold2_ptm_model_1_seed_042 recycle=2 pLDDT=90.8 pTM=0.734 tol=0.144
2026-07-23 02:47:51,283 alphafold2_ptm_model_1_seed_042 recycle=3 pLDDT=90.9 pTM=0.736 tol=0.123
2026-07-23 02:47:51,283 alphafold2_ptm_model_1_seed_042 took 50.8s (3 recycles)
2026-07-23 02:48:03,879 alphafold2_ptm_model_2_seed_042 recycle=0 pLDDT=93.4 pTM=0.779
2026-07-23 02:48:15,793 alphafold2_ptm_model_2_seed_042 recycle=1 pLDDT=93.6 pTM=0.795 tol=0.121
2026-07-23 02:48:28,707 alphafold2_ptm_model_2_seed_042 recycle=2 pLDDT=93 pTM=0.794 tol=0.117
2026-07-23 02:48:41,443 alphafold2_ptm_model_2_seed_042 recycle=3 pLDDT=92.8 pTM=0.793 tol=0.0914
2026-07-23 02:48:41,444 alphafold2_ptm_model_2_seed_042 took 50.1s (3 recycles)
2026-07-23 02:48:53,723 alphafold2_ptm_model_3_seed_042 recycle=0 pLDDT=90.8 pTM=0.712
2026-07-23 02:49:06,543 alphafold2_ptm_model_3_seed_042 recycle=1 pLDDT=91.2 pTM=0.729 tol=0.152
2026-07-23 02:49:19,090 alphafold2_ptm_model_3_seed_042 recycle=2 pLDDT=91.1 pTM=0.724 tol=0.0944
2026-07-23 02:49:31,580 alphafold2_ptm_model_3_seed_042 recycle=3 pLDDT=91.3 pTM=0.729 tol=0.0594
2026-07-23 02:49:31,581 alphafold2_ptm_model_3_seed_042 took 50.1s (3 recycles)
2026-07-23 02:49:44,107 alphafold2_ptm_model_4_seed_042 recycle=0 pLDDT=91.1 pTM=0.735
2026-07-23 02:49:57,064 alphafold2_ptm_model_4_seed_042 recycle=1 pLDDT=91.6 pTM=0.745 tol=0.104
2026-07-23 02:50:09,953 alphafold2_ptm_model_4_seed_042 recycle=2 pLDDT=91.3 pTM=0.744 tol=0.0758
2026-07-23 02:50:22,850 alphafold2_ptm_model_4_seed_042 recycle=3 pLDDT=91.1 pTM=0.742 tol=0.049
2026-07-23 02:50:22,851 alphafold2_ptm_model_4_seed_042 took 51.2s (3 recycles)
2026-07-23 02:50:35,815 alphafold2_ptm_model_5_seed_042 recycle=0 pLDDT=91.3 pTM=0.739
2026-07-23 02:50:49,646 alphafold2_ptm_model_5_seed_042 recycle=1 pLDDT=91.9 pTM=0.739 tol=0.104
2026-07-23 02:51:03,098 alphafold2_ptm_model_5_seed_042 recycle=2 pLDDT=91.7 pTM=0.739 tol=0.0529
2026-07-23 02:51:16,741 alphafold2_ptm_model_5_seed_042 recycle=3 pLDDT=91.7 pTM=0.742 tol=0.0371
2026-07-23 02:51:16,742 alphafold2_ptm_model_5_seed_042 took 53.8s (3 recycles)
2026-07-23 02:51:17,523 Padding length to 82
2026-07-23 02:51:30,975 alphafold2_ptm_model_1_seed_043 recycle=0 pLDDT=90.1 pTM=0.701
2026-07-23 02:51:44,480 alphafold2_ptm_model_1_seed_043 recycle=1 pLDDT=90.9 pTM=0.73 tol=0.115
2026-07-23 02:51:57,912 alphafold2_ptm_model_1_seed_043 recycle=2 pLDDT=90.8 pTM=0.734 tol=0.139
2026-07-23 02:52:11,386 alphafold2_ptm_model_1_seed_043 recycle=3 pLDDT=90.8 pTM=0.734 tol=0.114
2026-07-23 02:52:11,386 alphafold2_ptm_model_1_seed_043 took 53.9s (3 recycles)
2026-07-23 02:52:24,967 alphafold2_ptm_model_2_seed_043 recycle=0 pLDDT=93.5 pTM=0.781
2026-07-23 02:52:38,211 alphafold2_ptm_model_2_seed_043 recycle=1 pLDDT=93.5 pTM=0.794 tol=0.123
2026-07-23 02:52:51,608 alphafold2_ptm_model_2_seed_043 recycle=2 pLDDT=93.1 pTM=0.794 tol=0.11
2026-07-23 02:53:05,317 alphafold2_ptm_model_2_seed_043 recycle=3 pLDDT=92.8 pTM=0.792 tol=0.0598
2026-07-23 02:53:05,318 alphafold2_ptm_model_2_seed_043 took 53.9s (3 recycles)
2026-07-23 02:53:18,873 alphafold2_ptm_model_3_seed_043 recycle=0 pLDDT=90.6 pTM=0.709
2026-07-23 02:53:31,565 alphafold2_ptm_model_3_seed_043 recycle=1 pLDDT=91.2 pTM=0.729 tol=0.125
2026-07-23 02:53:44,896 alphafold2_ptm_model_3_seed_043 recycle=2 pLDDT=91 pTM=0.725 tol=0.0865
2026-07-23 02:53:58,950 alphafold2_ptm_model_3_seed_043 recycle=3 pLDDT=91.2 pTM=0.725 tol=0.0541
2026-07-23 02:53:58,950 alphafold2_ptm_model_3_seed_043 took 53.6s (3 recycles)
2026-07-23 02:54:11,975 alphafold2_ptm_model_4_seed_043 recycle=0 pLDDT=90.8 pTM=0.729
2026-07-23 02:54:25,320 alphafold2_ptm_model_4_seed_043 recycle=1 pLDDT=91.4 pTM=0.747 tol=0.11
2026-07-23 02:54:38,117 alphafold2_ptm_model_4_seed_043 recycle=2 pLDDT=91.2 pTM=0.745 tol=0.0616
2026-07-23 02:54:51,148 alphafold2_ptm_model_4_seed_043 recycle=3 pLDDT=91.1 pTM=0.743 tol=0.0322
2026-07-23 02:54:51,148 alphafold2_ptm_model_4_seed_043 took 52.2s (3 recycles)
2026-07-23 02:55:04,547 alphafold2_ptm_model_5_seed_043 recycle=0 pLDDT=91.4 pTM=0.741
2026-07-23 02:55:16,681 alphafold2_ptm_model_5_seed_043 recycle=1 pLDDT=92.1 pTM=0.741 tol=0.116
2026-07-23 02:55:28,901 alphafold2_ptm_model_5_seed_043 recycle=2 pLDDT=91.8 pTM=0.739 tol=0.0481
2026-07-23 02:55:41,760 alphafold2_ptm_model_5_seed_043 recycle=3 pLDDT=91.8 pTM=0.741 tol=0.0379
2026-07-23 02:55:41,761 alphafold2_ptm_model_5_seed_043 took 50.6s (3 recycles)
2026-07-23 02:55:42,875 Padding length to 82
2026-07-23 02:55:55,182 alphafold2_ptm_model_1_seed_044 recycle=0 pLDDT=90.2 pTM=0.703
2026-07-23 02:56:07,722 alphafold2_ptm_model_1_seed_044 recycle=1 pLDDT=90.9 pTM=0.73 tol=0.119
2026-07-23 02:56:20,530 alphafold2_ptm_model_1_seed_044 recycle=2 pLDDT=90.8 pTM=0.734 tol=0.136
2026-07-23 02:56:33,181 alphafold2_ptm_model_1_seed_044 recycle=3 pLDDT=90.9 pTM=0.737 tol=0.123
2026-07-23 02:56:33,182 alphafold2_ptm_model_1_seed_044 took 50.3s (3 recycles)
2026-07-23 02:56:45,662 alphafold2_ptm_model_2_seed_044 recycle=0 pLDDT=93.6 pTM=0.782
2026-07-23 02:56:58,723 alphafold2_ptm_model_2_seed_044 recycle=1 pLDDT=93.6 pTM=0.795 tol=0.12
2026-07-23 02:57:11,506 alphafold2_ptm_model_2_seed_044 recycle=2 pLDDT=93.1 pTM=0.792 tol=0.108
2026-07-23 02:57:24,265 alphafold2_ptm_model_2_seed_044 recycle=3 pLDDT=92.8 pTM=0.792 tol=0.0709
2026-07-23 02:57:24,266 alphafold2_ptm_model_2_seed_044 took 51.1s (3 recycles)
2026-07-23 02:57:37,204 alphafold2_ptm_model_3_seed_044 recycle=0 pLDDT=90.6 pTM=0.71
2026-07-23 02:57:50,554 alphafold2_ptm_model_3_seed_044 recycle=1 pLDDT=91.1 pTM=0.725 tol=0.137
2026-07-23 02:58:02,670 alphafold2_ptm_model_3_seed_044 recycle=2 pLDDT=90.9 pTM=0.721 tol=0.0932
2026-07-23 02:58:15,288 alphafold2_ptm_model_3_seed_044 recycle=3 pLDDT=91.2 pTM=0.726 tol=0.0597
2026-07-23 02:58:15,288 alphafold2_ptm_model_3_seed_044 took 51.0s (3 recycles)
2026-07-23 02:58:27,988 alphafold2_ptm_model_4_seed_044 recycle=0 pLDDT=90.6 pTM=0.728
2026-07-23 02:58:40,545 alphafold2_ptm_model_4_seed_044 recycle=1 pLDDT=91.3 pTM=0.744 tol=0.112
2026-07-23 02:58:53,642 alphafold2_ptm_model_4_seed_044 recycle=2 pLDDT=91.1 pTM=0.741 tol=0.0684
2026-07-23 02:59:06,144 alphafold2_ptm_model_4_seed_044 recycle=3 pLDDT=91 pTM=0.74 tol=0.0332
2026-07-23 02:59:06,145 alphafold2_ptm_model_4_seed_044 took 50.8s (3 recycles)
2026-07-23 02:59:19,227 alphafold2_ptm_model_5_seed_044 recycle=0 pLDDT=91.2 pTM=0.734
2026-07-23 02:59:31,952 alphafold2_ptm_model_5_seed_044 recycle=1 pLDDT=91.6 pTM=0.736 tol=0.125
2026-07-23 02:59:44,170 alphafold2_ptm_model_5_seed_044 recycle=2 pLDDT=91.4 pTM=0.736 tol=0.0439
2026-07-23 02:59:56,191 alphafold2_ptm_model_5_seed_044 recycle=3 pLDDT=91.4 pTM=0.737 tol=0.0344
2026-07-23 02:59:56,192 alphafold2_ptm_model_5_seed_044 took 50.0s (3 recycles)
2026-07-23 02:59:56,215 reranking models by 'plddt' metric
2026-07-23 02:59:56,215 rank_001_alphafold2_ptm_model_2_seed_043 pLDDT=92.8 pTM=0.792
2026-07-23 02:59:56,217 rank_002_alphafold2_ptm_model_2_seed_044 pLDDT=92.8 pTM=0.792
2026-07-23 02:59:56,219 rank_003_alphafold2_ptm_model_2_seed_042 pLDDT=92.8 pTM=0.793
2026-07-23 02:59:56,221 rank_004_alphafold2_ptm_model_5_seed_043 pLDDT=91.8 pTM=0.741
2026-07-23 02:59:56,222 rank_005_alphafold2_ptm_model_5_seed_042 pLDDT=91.7 pTM=0.742
2026-07-23 02:59:56,224 rank_006_alphafold2_ptm_model_5_seed_044 pLDDT=91.4 pTM=0.737
2026-07-23 02:59:56,225 rank_007_alphafold2_ptm_model_3_seed_042 pLDDT=91.3 pTM=0.729
2026-07-23 02:59:56,227 rank_008_alphafold2_ptm_model_3_seed_044 pLDDT=91.2 pTM=0.726
2026-07-23 02:59:56,228 rank_009_alphafold2_ptm_model_3_seed_043 pLDDT=91.2 pTM=0.725
2026-07-23 02:59:56,230 rank_010_alphafold2_ptm_model_4_seed_043 pLDDT=91.1 pTM=0.743
2026-07-23 02:59:56,231 rank_011_alphafold2_ptm_model_4_seed_042 pLDDT=91.1 pTM=0.742
2026-07-23 02:59:56,233 rank_012_alphafold2_ptm_model_4_seed_044 pLDDT=91 pTM=0.74
2026-07-23 02:59:56,234 rank_013_alphafold2_ptm_model_1_seed_044 pLDDT=90.9 pTM=0.737
2026-07-23 02:59:56,235 rank_014_alphafold2_ptm_model_1_seed_042 pLDDT=90.9 pTM=0.736
2026-07-23 02:59:56,237 rank_015_alphafold2_ptm_model_1_seed_043 pLDDT=90.8 pTM=0.734
2026-07-23 02:59:58,917 Query 32/586: 5KPH_2_4_5_0_combined_id2 (length 72)
2026-07-23 03:00:00,883 Padding length to 82
2026-07-23 03:00:13,262 alphafold2_ptm_model_1_seed_042 recycle=0 pLDDT=76.4 pTM=0.568
2026-07-23 03:00:25,129 alphafold2_ptm_model_1_seed_042 recycle=1 pLDDT=93.8 pTM=0.781 tol=0.793
2026-07-23 03:00:38,114 alphafold2_ptm_model_1_seed_042 recycle=2 pLDDT=94.2 pTM=0.79 tol=0.0947
2026-07-23 03:00:50,989 alphafold2_ptm_model_1_seed_042 recycle=3 pLDDT=94.1 pTM=0.79 tol=0.0415
2026-07-23 03:00:50,990 alphafold2_ptm_model_1_seed_042 took 50.1s (3 recycles)
2026-07-23 03:01:03,667 alphafold2_ptm_model_2_seed_042 recycle=0 pLDDT=91.1 pTM=0.745
2026-07-23 03:01:16,832 alphafold2_ptm_model_2_seed_042 recycle=1 pLDDT=95.4 pTM=0.812 tol=0.562
2026-07-23 03:01:29,393 alphafold2_ptm_model_2_seed_042 recycle=2 pLDDT=95.7 pTM=0.817 tol=0.0851
2026-07-23 03:01:42,194 alphafold2_ptm_model_2_seed_042 recycle=3 pLDDT=95.8 pTM=0.818 tol=0.0352
2026-07-23 03:01:42,194 alphafold2_ptm_model_2_seed_042 took 51.2s (3 recycles)
2026-07-23 03:01:54,646 alphafold2_ptm_model_3_seed_042 recycle=0 pLDDT=90.2 pTM=0.72
2026-07-23 03:02:07,241 alphafold2_ptm_model_3_seed_042 recycle=1 pLDDT=93.1 pTM=0.775 tol=0.294
2026-07-23 03:02:19,714 alphafold2_ptm_model_3_seed_042 recycle=2 pLDDT=93.9 pTM=0.786 tol=0.0711
2026-07-23 03:02:32,439 alphafold2_ptm_model_3_seed_042 recycle=3 pLDDT=94.1 pTM=0.788 tol=0.0579
2026-07-23 03:02:32,440 alphafold2_ptm_model_3_seed_042 took 50.2s (3 recycles)
2026-07-23 03:02:44,880 alphafold2_ptm_model_4_seed_042 recycle=0 pLDDT=92.7 pTM=0.779
2026-07-23 03:02:57,593 alphafold2_ptm_model_4_seed_042 recycle=1 pLDDT=93.7 pTM=0.8 tol=0.24
2026-07-23 03:03:09,903 alphafold2_ptm_model_4_seed_042 recycle=2 pLDDT=93.9 pTM=0.807 tol=0.279
2026-07-23 03:03:22,780 alphafold2_ptm_model_4_seed_042 recycle=3 pLDDT=94.5 pTM=0.812 tol=0.121
2026-07-23 03:03:22,781 alphafold2_ptm_model_4_seed_042 took 50.3s (3 recycles)
2026-07-23 03:03:35,635 alphafold2_ptm_model_5_seed_042 recycle=0 pLDDT=70.7 pTM=0.533
2026-07-23 03:03:48,796 alphafold2_ptm_model_5_seed_042 recycle=1 pLDDT=93.2 pTM=0.774 tol=2.88
2026-07-23 03:04:01,165 alphafold2_ptm_model_5_seed_042 recycle=2 pLDDT=93.8 pTM=0.788 tol=0.127
2026-07-23 03:04:14,253 alphafold2_ptm_model_5_seed_042 recycle=3 pLDDT=94 pTM=0.79 tol=0.0608
2026-07-23 03:04:14,254 alphafold2_ptm_model_5_seed_042 took 51.4s (3 recycles)
2026-07-23 03:04:15,831 Padding length to 82
2026-07-23 03:04:28,607 alphafold2_ptm_model_1_seed_043 recycle=0 pLDDT=74.1 pTM=0.563
2026-07-23 03:04:41,653 alphafold2_ptm_model_1_seed_043 recycle=1 pLDDT=93.9 pTM=0.784 tol=1.34
2026-07-23 03:04:54,485 alphafold2_ptm_model_1_seed_043 recycle=2 pLDDT=94.2 pTM=0.791 tol=0.0993
2026-07-23 03:05:06,765 alphafold2_ptm_model_1_seed_043 recycle=3 pLDDT=94.1 pTM=0.788 tol=0.0291
2026-07-23 03:05:06,765 alphafold2_ptm_model_1_seed_043 took 50.9s (3 recycles)
2026-07-23 03:05:19,953 alphafold2_ptm_model_2_seed_043 recycle=0 pLDDT=91.8 pTM=0.75
2026-07-23 03:05:32,347 alphafold2_ptm_model_2_seed_043 recycle=1 pLDDT=95.6 pTM=0.816 tol=0.323
2026-07-23 03:05:45,365 alphafold2_ptm_model_2_seed_043 recycle=2 pLDDT=95.8 pTM=0.818 tol=0.0565
2026-07-23 03:05:58,882 alphafold2_ptm_model_2_seed_043 recycle=3 pLDDT=95.8 pTM=0.817 tol=0.0154
2026-07-23 03:05:58,883 alphafold2_ptm_model_2_seed_043 took 52.1s (3 recycles)
2026-07-23 03:06:11,587 alphafold2_ptm_model_3_seed_043 recycle=0 pLDDT=90.2 pTM=0.72
2026-07-23 03:06:25,023 alphafold2_ptm_model_3_seed_043 recycle=1 pLDDT=93.2 pTM=0.776 tol=0.245
2026-07-23 03:06:38,492 alphafold2_ptm_model_3_seed_043 recycle=2 pLDDT=93.9 pTM=0.786 tol=0.0701
2026-07-23 03:06:51,441 alphafold2_ptm_model_3_seed_043 recycle=3 pLDDT=94.1 pTM=0.788 tol=0.0532
2026-07-23 03:06:51,442 alphafold2_ptm_model_3_seed_043 took 52.5s (3 recycles)
2026-07-23 03:07:03,653 alphafold2_ptm_model_4_seed_043 recycle=0 pLDDT=92.2 pTM=0.771
2026-07-23 03:07:15,423 alphafold2_ptm_model_4_seed_043 recycle=1 pLDDT=93.6 pTM=0.8 tol=0.357
2026-07-23 03:07:28,463 alphafold2_ptm_model_4_seed_043 recycle=2 pLDDT=94.3 pTM=0.811 tol=0.183
2026-07-23 03:07:41,128 alphafold2_ptm_model_4_seed_043 recycle=3 pLDDT=94.6 pTM=0.813 tol=0.0476
2026-07-23 03:07:41,128 alphafold2_ptm_model_4_seed_043 took 49.6s (3 recycles)
2026-07-23 03:07:54,067 alphafold2_ptm_model_5_seed_043 recycle=0 pLDDT=68.6 pTM=0.507
2026-07-23 03:08:07,469 alphafold2_ptm_model_5_seed_043 recycle=1 pLDDT=93.2 pTM=0.774 tol=2.92
2026-07-23 03:08:20,342 alphafold2_ptm_model_5_seed_043 recycle=2 pLDDT=93.9 pTM=0.789 tol=0.104
2026-07-23 03:08:32,657 alphafold2_ptm_model_5_seed_043 recycle=3 pLDDT=93.9 pTM=0.789 tol=0.0583
2026-07-23 03:08:32,657 alphafold2_ptm_model_5_seed_043 took 51.5s (3 recycles)
2026-07-23 03:08:33,794 Padding length to 82
2026-07-23 03:08:46,601 alphafold2_ptm_model_1_seed_044 recycle=0 pLDDT=50.6 pTM=0.386
2026-07-23 03:08:59,507 alphafold2_ptm_model_1_seed_044 recycle=1 pLDDT=92.2 pTM=0.763 tol=3.58
2026-07-23 03:09:11,304 alphafold2_ptm_model_1_seed_044 recycle=2 pLDDT=94 pTM=0.788 tol=0.237
2026-07-23 03:09:23,296 alphafold2_ptm_model_1_seed_044 recycle=3 pLDDT=94 pTM=0.787 tol=0.0321
2026-07-23 03:09:23,296 alphafold2_ptm_model_1_seed_044 took 49.5s (3 recycles)
2026-07-23 03:09:35,547 alphafold2_ptm_model_2_seed_044 recycle=0 pLDDT=93.8 pTM=0.777
2026-07-23 03:09:48,719 alphafold2_ptm_model_2_seed_044 recycle=1 pLDDT=95.7 pTM=0.818 tol=0.232
2026-07-23 03:10:01,362 alphafold2_ptm_model_2_seed_044 recycle=2 pLDDT=95.8 pTM=0.818 tol=0.0647
2026-07-23 03:10:13,840 alphafold2_ptm_model_2_seed_044 recycle=3 pLDDT=95.8 pTM=0.817 tol=0.0181
2026-07-23 03:10:13,840 alphafold2_ptm_model_2_seed_044 took 50.5s (3 recycles)
2026-07-23 03:10:26,980 alphafold2_ptm_model_3_seed_044 recycle=0 pLDDT=89.6 pTM=0.71
2026-07-23 03:10:39,373 alphafold2_ptm_model_3_seed_044 recycle=1 pLDDT=93.2 pTM=0.775 tol=0.311
2026-07-23 03:10:52,615 alphafold2_ptm_model_3_seed_044 recycle=2 pLDDT=93.9 pTM=0.785 tol=0.0724
2026-07-23 03:11:05,124 alphafold2_ptm_model_3_seed_044 recycle=3 pLDDT=94.1 pTM=0.788 tol=0.0556
2026-07-23 03:11:05,124 alphafold2_ptm_model_3_seed_044 took 51.2s (3 recycles)
2026-07-23 03:11:16,844 alphafold2_ptm_model_4_seed_044 recycle=0 pLDDT=92.1 pTM=0.77
2026-07-23 03:11:30,235 alphafold2_ptm_model_4_seed_044 recycle=1 pLDDT=93.5 pTM=0.798 tol=0.316
2026-07-23 03:11:42,958 alphafold2_ptm_model_4_seed_044 recycle=2 pLDDT=94.2 pTM=0.81 tol=0.256
2026-07-23 03:11:55,836 alphafold2_ptm_model_4_seed_044 recycle=3 pLDDT=94.6 pTM=0.813 tol=0.0545
2026-07-23 03:11:55,836 alphafold2_ptm_model_4_seed_044 took 50.7s (3 recycles)
2026-07-23 03:12:09,329 alphafold2_ptm_model_5_seed_044 recycle=0 pLDDT=59.6 pTM=0.417
2026-07-23 03:12:22,716 alphafold2_ptm_model_5_seed_044 recycle=1 pLDDT=93.4 pTM=0.776 tol=3.47
2026-07-23 03:12:36,513 alphafold2_ptm_model_5_seed_044 recycle=2 pLDDT=93.8 pTM=0.787 tol=0.106
2026-07-23 03:12:50,627 alphafold2_ptm_model_5_seed_044 recycle=3 pLDDT=93.9 pTM=0.79 tol=0.0523
2026-07-23 03:12:50,627 alphafold2_ptm_model_5_seed_044 took 54.8s (3 recycles)
2026-07-23 03:12:50,649 reranking models by 'plddt' metric
2026-07-23 03:12:50,649 rank_001_alphafold2_ptm_model_2_seed_044 pLDDT=95.8 pTM=0.817
2026-07-23 03:12:50,651 rank_002_alphafold2_ptm_model_2_seed_042 pLDDT=95.8 pTM=0.818
2026-07-23 03:12:50,654 rank_003_alphafold2_ptm_model_2_seed_043 pLDDT=95.8 pTM=0.817
2026-07-23 03:12:50,657 rank_004_alphafold2_ptm_model_4_seed_044 pLDDT=94.6 pTM=0.813
2026-07-23 03:12:50,659 rank_005_alphafold2_ptm_model_4_seed_043 pLDDT=94.6 pTM=0.813
2026-07-23 03:12:50,662 rank_006_alphafold2_ptm_model_4_seed_042 pLDDT=94.5 pTM=0.812
2026-07-23 03:12:50,664 rank_007_alphafold2_ptm_model_3_seed_044 pLDDT=94.1 pTM=0.788
2026-07-23 03:12:50,666 rank_008_alphafold2_ptm_model_1_seed_042 pLDDT=94.1 pTM=0.79
2026-07-23 03:12:50,668 rank_009_alphafold2_ptm_model_3_seed_043 pLDDT=94.1 pTM=0.788
2026-07-23 03:12:50,671 rank_010_alphafold2_ptm_model_1_seed_043 pLDDT=94.1 pTM=0.788
2026-07-23 03:12:50,673 rank_011_alphafold2_ptm_model_3_seed_042 pLDDT=94.1 pTM=0.788
2026-07-23 03:12:50,675 rank_012_alphafold2_ptm_model_1_seed_044 pLDDT=94 pTM=0.787
2026-07-23 03:12:50,677 rank_013_alphafold2_ptm_model_5_seed_042 pLDDT=94 pTM=0.79
2026-07-23 03:12:50,679 rank_014_alphafold2_ptm_model_5_seed_044 pLDDT=93.9 pTM=0.79
2026-07-23 03:12:50,680 rank_015_alphafold2_ptm_model_5_seed_043 pLDDT=93.9 pTM=0.789
2026-07-23 03:12:52,878 Query 33/586: 5KPH_4_6_0_0_combined_id7 (length 72)
2026-07-23 03:12:54,786 Padding length to 82
2026-07-23 03:13:08,515 alphafold2_ptm_model_1_seed_042 recycle=0 pLDDT=85.4 pTM=0.608
2026-07-23 03:13:23,144 alphafold2_ptm_model_1_seed_042 recycle=1 pLDDT=89.1 pTM=0.673 tol=0.513
2026-07-23 03:13:36,882 alphafold2_ptm_model_1_seed_042 recycle=2 pLDDT=89.7 pTM=0.687 tol=0.0637
2026-07-23 03:13:50,659 alphafold2_ptm_model_1_seed_042 recycle=3 pLDDT=89.9 pTM=0.693 tol=0.0433
2026-07-23 03:13:50,659 alphafold2_ptm_model_1_seed_042 took 55.9s (3 recycles)
2026-07-23 03:14:03,918 alphafold2_ptm_model_2_seed_042 recycle=0 pLDDT=88.7 pTM=0.674
2026-07-23 03:14:17,559 alphafold2_ptm_model_2_seed_042 recycle=1 pLDDT=90.3 pTM=0.714 tol=0.173
2026-07-23 03:14:31,364 alphafold2_ptm_model_2_seed_042 recycle=2 pLDDT=91.2 pTM=0.736 tol=0.0707
2026-07-23 03:14:45,208 alphafold2_ptm_model_2_seed_042 recycle=3 pLDDT=91.7 pTM=0.745 tol=0.0357
2026-07-23 03:14:45,209 alphafold2_ptm_model_2_seed_042 took 54.5s (3 recycles)
2026-07-23 03:14:58,516 alphafold2_ptm_model_3_seed_042 recycle=0 pLDDT=86.1 pTM=0.619
2026-07-23 03:15:11,813 alphafold2_ptm_model_3_seed_042 recycle=1 pLDDT=87.5 pTM=0.646 tol=0.143
2026-07-23 03:15:25,046 alphafold2_ptm_model_3_seed_042 recycle=2 pLDDT=87.3 pTM=0.644 tol=0.208
2026-07-23 03:15:38,510 alphafold2_ptm_model_3_seed_042 recycle=3 pLDDT=87.5 pTM=0.651 tol=0.275
2026-07-23 03:15:38,510 alphafold2_ptm_model_3_seed_042 took 53.3s (3 recycles)
2026-07-23 03:15:51,148 alphafold2_ptm_model_4_seed_042 recycle=0 pLDDT=88 pTM=0.664
2026-07-23 03:16:03,325 alphafold2_ptm_model_4_seed_042 recycle=1 pLDDT=89.8 pTM=0.691 tol=0.134
2026-07-23 03:16:15,897 alphafold2_ptm_model_4_seed_042 recycle=2 pLDDT=90 pTM=0.698 tol=0.0574
2026-07-23 03:16:29,434 alphafold2_ptm_model_4_seed_042 recycle=3 pLDDT=90.1 pTM=0.698 tol=0.0362
2026-07-23 03:16:29,434 alphafold2_ptm_model_4_seed_042 took 50.9s (3 recycles)
2026-07-23 03:16:42,215 alphafold2_ptm_model_5_seed_042 recycle=0 pLDDT=89.1 pTM=0.677
2026-07-23 03:16:54,279 alphafold2_ptm_model_5_seed_042 recycle=1 pLDDT=90.9 pTM=0.699 tol=0.192
2026-07-23 03:17:07,245 alphafold2_ptm_model_5_seed_042 recycle=2 pLDDT=91.1 pTM=0.699 tol=0.0597
2026-07-23 03:17:20,011 alphafold2_ptm_model_5_seed_042 recycle=3 pLDDT=91.1 pTM=0.698 tol=0.0421
2026-07-23 03:17:20,012 alphafold2_ptm_model_5_seed_042 took 50.5s (3 recycles)
2026-07-23 03:17:20,922 Padding length to 82
2026-07-23 03:17:33,325 alphafold2_ptm_model_1_seed_043 recycle=0 pLDDT=85.2 pTM=0.605
2026-07-23 03:17:45,679 alphafold2_ptm_model_1_seed_043 recycle=1 pLDDT=89.1 pTM=0.675 tol=0.508
2026-07-23 03:17:58,825 alphafold2_ptm_model_1_seed_043 recycle=2 pLDDT=89.6 pTM=0.688 tol=0.0608
2026-07-23 03:18:11,112 alphafold2_ptm_model_1_seed_043 recycle=3 pLDDT=89.9 pTM=0.694 tol=0.0457
2026-07-23 03:18:11,112 alphafold2_ptm_model_1_seed_043 took 50.2s (3 recycles)
2026-07-23 03:18:24,556 alphafold2_ptm_model_2_seed_043 recycle=0 pLDDT=88.8 pTM=0.679
2026-07-23 03:18:37,171 alphafold2_ptm_model_2_seed_043 recycle=1 pLDDT=90.1 pTM=0.712 tol=0.165
2026-07-23 03:18:49,629 alphafold2_ptm_model_2_seed_043 recycle=2 pLDDT=91 pTM=0.733 tol=0.0703
2026-07-23 03:19:02,209 alphafold2_ptm_model_2_seed_043 recycle=3 pLDDT=91.6 pTM=0.742 tol=0.0435
2026-07-23 03:19:02,209 alphafold2_ptm_model_2_seed_043 took 51.1s (3 recycles)
2026-07-23 03:19:14,769 alphafold2_ptm_model_3_seed_043 recycle=0 pLDDT=86.4 pTM=0.625
2026-07-23 03:19:27,845 alphafold2_ptm_model_3_seed_043 recycle=1 pLDDT=87.5 pTM=0.649 tol=0.196
2026-07-23 03:19:40,279 alphafold2_ptm_model_3_seed_043 recycle=2 pLDDT=87.1 pTM=0.639 tol=0.128
2026-07-23 03:19:53,059 alphafold2_ptm_model_3_seed_043 recycle=3 pLDDT=87.6 pTM=0.65 tol=0.129
2026-07-23 03:19:53,060 alphafold2_ptm_model_3_seed_043 took 50.7s (3 recycles)
2026-07-23 03:20:05,619 alphafold2_ptm_model_4_seed_043 recycle=0 pLDDT=88.1 pTM=0.665
2026-07-23 03:20:18,362 alphafold2_ptm_model_4_seed_043 recycle=1 pLDDT=89.8 pTM=0.691 tol=0.128
2026-07-23 03:20:30,886 alphafold2_ptm_model_4_seed_043 recycle=2 pLDDT=90 pTM=0.697 tol=0.0525
2026-07-23 03:20:43,903 alphafold2_ptm_model_4_seed_043 recycle=3 pLDDT=90.2 pTM=0.7 tol=0.0394
2026-07-23 03:20:43,904 alphafold2_ptm_model_4_seed_043 took 50.8s (3 recycles)
2026-07-23 03:20:56,650 alphafold2_ptm_model_5_seed_043 recycle=0 pLDDT=89.4 pTM=0.68
2026-07-23 03:21:10,035 alphafold2_ptm_model_5_seed_043 recycle=1 pLDDT=91.1 pTM=0.703 tol=0.179
2026-07-23 03:21:22,741 alphafold2_ptm_model_5_seed_043 recycle=2 pLDDT=91.2 pTM=0.7 tol=0.0629
2026-07-23 03:21:35,751 alphafold2_ptm_model_5_seed_043 recycle=3 pLDDT=91.2 pTM=0.699 tol=0.0414
2026-07-23 03:21:35,752 alphafold2_ptm_model_5_seed_043 took 51.8s (3 recycles)
2026-07-23 03:21:36,778 Padding length to 82
2026-07-23 03:21:49,064 alphafold2_ptm_model_1_seed_044 recycle=0 pLDDT=85.2 pTM=0.604
2026-07-23 03:22:01,002 alphafold2_ptm_model_1_seed_044 recycle=1 pLDDT=89.1 pTM=0.673 tol=0.543
2026-07-23 03:22:13,727 alphafold2_ptm_model_1_seed_044 recycle=2 pLDDT=89.8 pTM=0.69 tol=0.0612
2026-07-23 03:22:26,631 alphafold2_ptm_model_1_seed_044 recycle=3 pLDDT=90 pTM=0.694 tol=0.0383
2026-07-23 03:22:26,632 alphafold2_ptm_model_1_seed_044 took 49.9s (3 recycles)
2026-07-23 03:22:39,391 alphafold2_ptm_model_2_seed_044 recycle=0 pLDDT=89.1 pTM=0.683
2026-07-23 03:22:52,090 alphafold2_ptm_model_2_seed_044 recycle=1 pLDDT=90.4 pTM=0.72 tol=0.169
2026-07-23 03:23:04,774 alphafold2_ptm_model_2_seed_044 recycle=2 pLDDT=91.2 pTM=0.737 tol=0.0659
2026-07-23 03:23:17,803 alphafold2_ptm_model_2_seed_044 recycle=3 pLDDT=91.6 pTM=0.744 tol=0.0362
2026-07-23 03:23:17,803 alphafold2_ptm_model_2_seed_044 took 51.1s (3 recycles)
2026-07-23 03:23:30,709 alphafold2_ptm_model_3_seed_044 recycle=0 pLDDT=86.4 pTM=0.626
2026-07-23 03:23:43,916 alphafold2_ptm_model_3_seed_044 recycle=1 pLDDT=87.6 pTM=0.647 tol=0.172
2026-07-23 03:23:56,414 alphafold2_ptm_model_3_seed_044 recycle=2 pLDDT=87.2 pTM=0.641 tol=0.158
2026-07-23 03:24:08,700 alphafold2_ptm_model_3_seed_044 recycle=3 pLDDT=87.6 pTM=0.652 tol=0.153
2026-07-23 03:24:08,700 alphafold2_ptm_model_3_seed_044 took 50.8s (3 recycles)
2026-07-23 03:24:21,638 alphafold2_ptm_model_4_seed_044 recycle=0 pLDDT=88.2 pTM=0.665
2026-07-23 03:24:34,173 alphafold2_ptm_model_4_seed_044 recycle=1 pLDDT=89.8 pTM=0.69 tol=0.143
2026-07-23 03:24:47,051 alphafold2_ptm_model_4_seed_044 recycle=2 pLDDT=90.1 pTM=0.697 tol=0.0555
2026-07-23 03:25:00,069 alphafold2_ptm_model_4_seed_044 recycle=3 pLDDT=90.1 pTM=0.698 tol=0.0419
2026-07-23 03:25:00,069 alphafold2_ptm_model_4_seed_044 took 51.3s (3 recycles)
2026-07-23 03:25:13,108 alphafold2_ptm_model_5_seed_044 recycle=0 pLDDT=88.8 pTM=0.673
2026-07-23 03:25:25,436 alphafold2_ptm_model_5_seed_044 recycle=1 pLDDT=90.7 pTM=0.697 tol=0.204
2026-07-23 03:25:37,958 alphafold2_ptm_model_5_seed_044 recycle=2 pLDDT=90.9 pTM=0.698 tol=0.061
2026-07-23 03:25:50,829 alphafold2_ptm_model_5_seed_044 recycle=3 pLDDT=90.9 pTM=0.697 tol=0.0412
2026-07-23 03:25:50,829 alphafold2_ptm_model_5_seed_044 took 50.6s (3 recycles)
2026-07-23 03:25:50,854 reranking models by 'plddt' metric
2026-07-23 03:25:50,855 rank_001_alphafold2_ptm_model_2_seed_042 pLDDT=91.7 pTM=0.745
2026-07-23 03:25:50,858 rank_002_alphafold2_ptm_model_2_seed_044 pLDDT=91.6 pTM=0.744
2026-07-23 03:25:50,860 rank_003_alphafold2_ptm_model_2_seed_043 pLDDT=91.6 pTM=0.742
2026-07-23 03:25:50,862 rank_004_alphafold2_ptm_model_5_seed_043 pLDDT=91.2 pTM=0.699
2026-07-23 03:25:50,864 rank_005_alphafold2_ptm_model_5_seed_042 pLDDT=91.1 pTM=0.698
2026-07-23 03:25:50,866 rank_006_alphafold2_ptm_model_5_seed_044 pLDDT=90.9 pTM=0.697
2026-07-23 03:25:50,868 rank_007_alphafold2_ptm_model_4_seed_043 pLDDT=90.2 pTM=0.7
2026-07-23 03:25:50,870 rank_008_alphafold2_ptm_model_4_seed_042 pLDDT=90.1 pTM=0.698
2026-07-23 03:25:50,872 rank_009_alphafold2_ptm_model_4_seed_044 pLDDT=90.1 pTM=0.698
2026-07-23 03:25:50,873 rank_010_alphafold2_ptm_model_1_seed_044 pLDDT=90 pTM=0.694
2026-07-23 03:25:50,875 rank_011_alphafold2_ptm_model_1_seed_043 pLDDT=89.9 pTM=0.694
2026-07-23 03:25:50,877 rank_012_alphafold2_ptm_model_1_seed_042 pLDDT=89.9 pTM=0.693
2026-07-23 03:25:50,880 rank_013_alphafold2_ptm_model_3_seed_044 pLDDT=87.6 pTM=0.652
2026-07-23 03:25:50,881 rank_014_alphafold2_ptm_model_3_seed_043 pLDDT=87.6 pTM=0.65
2026-07-23 03:25:50,882 rank_015_alphafold2_ptm_model_3_seed_042 pLDDT=87.5 pTM=0.651
2026-07-23 03:25:54,230 Query 34/586: 5KPH_4_6_3_0_combined_id2 (length 72)
2026-07-23 03:25:56,111 Padding length to 82
2026-07-23 03:26:09,396 alphafold2_ptm_model_1_seed_042 recycle=0 pLDDT=89.9 pTM=0.668
2026-07-23 03:26:22,812 alphafold2_ptm_model_1_seed_042 recycle=1 pLDDT=91.4 pTM=0.709 tol=0.168
2026-07-23 03:26:35,775 alphafold2_ptm_model_1_seed_042 recycle=2 pLDDT=91.3 pTM=0.713 tol=0.0643
2026-07-23 03:26:49,064 alphafold2_ptm_model_1_seed_042 recycle=3 pLDDT=91.3 pTM=0.715 tol=0.0254
2026-07-23 03:26:49,064 alphafold2_ptm_model_1_seed_042 took 53.0s (3 recycles)
2026-07-23 03:27:02,345 alphafold2_ptm_model_2_seed_042 recycle=0 pLDDT=92.9 pTM=0.748
2026-07-23 03:27:15,564 alphafold2_ptm_model_2_seed_042 recycle=1 pLDDT=93.1 pTM=0.764 tol=0.12
2026-07-23 03:27:27,750 alphafold2_ptm_model_2_seed_042 recycle=2 pLDDT=92.8 pTM=0.766 tol=0.052
2026-07-23 03:27:41,035 alphafold2_ptm_model_2_seed_042 recycle=3 pLDDT=92.6 pTM=0.765 tol=0.024
2026-07-23 03:27:41,036 alphafold2_ptm_model_2_seed_042 took 52.0s (3 recycles)
2026-07-23 03:27:53,784 alphafold2_ptm_model_3_seed_042 recycle=0 pLDDT=88.8 pTM=0.663
2026-07-23 03:28:06,980 alphafold2_ptm_model_3_seed_042 recycle=1 pLDDT=90.6 pTM=0.697 tol=0.15
2026-07-23 03:28:20,174 alphafold2_ptm_model_3_seed_042 recycle=2 pLDDT=90.3 pTM=0.697 tol=0.0573
2026-07-23 03:28:33,188 alphafold2_ptm_model_3_seed_042 recycle=3 pLDDT=90.3 pTM=0.698 tol=0.0691
2026-07-23 03:28:33,188 alphafold2_ptm_model_3_seed_042 took 52.1s (3 recycles)
2026-07-23 03:28:46,346 alphafold2_ptm_model_4_seed_042 recycle=0 pLDDT=90.1 pTM=0.688
2026-07-23 03:28:59,212 alphafold2_ptm_model_4_seed_042 recycle=1 pLDDT=92.6 pTM=0.728 tol=0.154
2026-07-23 03:29:12,153 alphafold2_ptm_model_4_seed_042 recycle=2 pLDDT=92.5 pTM=0.727 tol=0.0359
2026-07-23 03:29:25,339 alphafold2_ptm_model_4_seed_042 recycle=3 pLDDT=92.6 pTM=0.728 tol=0.0297
2026-07-23 03:29:25,339 alphafold2_ptm_model_4_seed_042 took 52.1s (3 recycles)
2026-07-23 03:29:38,386 alphafold2_ptm_model_5_seed_042 recycle=0 pLDDT=90.2 pTM=0.698
2026-07-23 03:29:51,477 alphafold2_ptm_model_5_seed_042 recycle=1 pLDDT=92.1 pTM=0.712 tol=0.186
2026-07-23 03:30:04,070 alphafold2_ptm_model_5_seed_042 recycle=2 pLDDT=92 pTM=0.711 tol=0.0476
2026-07-23 03:30:17,280 alphafold2_ptm_model_5_seed_042 recycle=3 pLDDT=92 pTM=0.715 tol=0.0338
2026-07-23 03:30:17,281 alphafold2_ptm_model_5_seed_042 took 51.9s (3 recycles)
2026-07-23 03:30:18,426 Padding length to 82
2026-07-23 03:30:30,785 alphafold2_ptm_model_1_seed_043 recycle=0 pLDDT=90.1 pTM=0.675
2026-07-23 03:30:43,772 alphafold2_ptm_model_1_seed_043 recycle=1 pLDDT=91.5 pTM=0.71 tol=0.156
2026-07-23 03:30:56,559 alphafold2_ptm_model_1_seed_043 recycle=2 pLDDT=91.2 pTM=0.715 tol=0.0593
2026-07-23 03:31:09,678 alphafold2_ptm_model_1_seed_043 recycle=3 pLDDT=91.3 pTM=0.716 tol=0.0282
2026-07-23 03:31:09,678 alphafold2_ptm_model_1_seed_043 took 51.3s (3 recycles)
2026-07-23 03:31:23,091 alphafold2_ptm_model_2_seed_043 recycle=0 pLDDT=92.8 pTM=0.747
2026-07-23 03:31:36,185 alphafold2_ptm_model_2_seed_043 recycle=1 pLDDT=92.9 pTM=0.762 tol=0.136
2026-07-23 03:31:49,271 alphafold2_ptm_model_2_seed_043 recycle=2 pLDDT=92.7 pTM=0.766 tol=0.0329
2026-07-23 03:32:02,438 alphafold2_ptm_model_2_seed_043 recycle=3 pLDDT=92.6 pTM=0.766 tol=0.0309
2026-07-23 03:32:02,439 alphafold2_ptm_model_2_seed_043 took 52.7s (3 recycles)
2026-07-23 03:32:15,083 alphafold2_ptm_model_3_seed_043 recycle=0 pLDDT=88.6 pTM=0.661
2026-07-23 03:32:27,873 alphafold2_ptm_model_3_seed_043 recycle=1 pLDDT=90.6 pTM=0.696 tol=0.151
2026-07-23 03:32:40,964 alphafold2_ptm_model_3_seed_043 recycle=2 pLDDT=90.3 pTM=0.697 tol=0.0604
2026-07-23 03:32:54,284 alphafold2_ptm_model_3_seed_043 recycle=3 pLDDT=90.2 pTM=0.697 tol=0.0708
2026-07-23 03:32:54,285 alphafold2_ptm_model_3_seed_043 took 51.8s (3 recycles)
2026-07-23 03:33:07,039 alphafold2_ptm_model_4_seed_043 recycle=0 pLDDT=90.1 pTM=0.69
2026-07-23 03:33:20,468 alphafold2_ptm_model_4_seed_043 recycle=1 pLDDT=92.5 pTM=0.726 tol=0.15
2026-07-23 03:33:33,497 alphafold2_ptm_model_4_seed_043 recycle=2 pLDDT=92.5 pTM=0.726 tol=0.0356
2026-07-23 03:33:46,446 alphafold2_ptm_model_4_seed_043 recycle=3 pLDDT=92.6 pTM=0.727 tol=0.0322
2026-07-23 03:33:46,447 alphafold2_ptm_model_4_seed_043 took 52.1s (3 recycles)
2026-07-23 03:33:59,605 alphafold2_ptm_model_5_seed_043 recycle=0 pLDDT=90.1 pTM=0.698
2026-07-23 03:34:12,745 alphafold2_ptm_model_5_seed_043 recycle=1 pLDDT=92.1 pTM=0.712 tol=0.18
2026-07-23 03:34:25,838 alphafold2_ptm_model_5_seed_043 recycle=2 pLDDT=92 pTM=0.713 tol=0.0439
2026-07-23 03:34:39,138 alphafold2_ptm_model_5_seed_043 recycle=3 pLDDT=92 pTM=0.716 tol=0.0314
2026-07-23 03:34:39,139 alphafold2_ptm_model_5_seed_043 took 52.6s (3 recycles)
2026-07-23 03:34:40,277 Padding length to 82
2026-07-23 03:34:53,343 alphafold2_ptm_model_1_seed_044 recycle=0 pLDDT=89.5 pTM=0.662
2026-07-23 03:35:06,418 alphafold2_ptm_model_1_seed_044 recycle=1 pLDDT=91.2 pTM=0.706 tol=0.174
2026-07-23 03:35:19,077 alphafold2_ptm_model_1_seed_044 recycle=2 pLDDT=91.2 pTM=0.712 tol=0.0715
2026-07-23 03:35:31,118 alphafold2_ptm_model_1_seed_044 recycle=3 pLDDT=91.3 pTM=0.715 tol=0.0224
2026-07-23 03:35:31,119 alphafold2_ptm_model_1_seed_044 took 50.8s (3 recycles)
2026-07-23 03:35:44,113 alphafold2_ptm_model_2_seed_044 recycle=0 pLDDT=92.9 pTM=0.75
2026-07-23 03:35:56,459 alphafold2_ptm_model_2_seed_044 recycle=1 pLDDT=93 pTM=0.763 tol=0.129
2026-07-23 03:36:09,559 alphafold2_ptm_model_2_seed_044 recycle=2 pLDDT=92.6 pTM=0.763 tol=0.0551
2026-07-23 03:36:22,312 alphafold2_ptm_model_2_seed_044 recycle=3 pLDDT=92.6 pTM=0.765 tol=0.0259
2026-07-23 03:36:22,312 alphafold2_ptm_model_2_seed_044 took 51.2s (3 recycles)
2026-07-23 03:36:35,352 alphafold2_ptm_model_3_seed_044 recycle=0 pLDDT=88.8 pTM=0.664
2026-07-23 03:36:48,356 alphafold2_ptm_model_3_seed_044 recycle=1 pLDDT=90.3 pTM=0.689 tol=0.165
2026-07-23 03:37:01,830 alphafold2_ptm_model_3_seed_044 recycle=2 pLDDT=90 pTM=0.691 tol=0.0734
2026-07-23 03:37:15,190 alphafold2_ptm_model_3_seed_044 recycle=3 pLDDT=90.2 pTM=0.698 tol=0.0673
2026-07-23 03:37:15,190 alphafold2_ptm_model_3_seed_044 took 52.8s (3 recycles)
2026-07-23 03:37:28,166 alphafold2_ptm_model_4_seed_044 recycle=0 pLDDT=90.2 pTM=0.688
2026-07-23 03:37:41,031 alphafold2_ptm_model_4_seed_044 recycle=1 pLDDT=92.4 pTM=0.724 tol=0.151
2026-07-23 03:37:53,995 alphafold2_ptm_model_4_seed_044 recycle=2 pLDDT=92.4 pTM=0.726 tol=0.0361
2026-07-23 03:38:06,700 alphafold2_ptm_model_4_seed_044 recycle=3 pLDDT=92.5 pTM=0.727 tol=0.0281
2026-07-23 03:38:06,700 alphafold2_ptm_model_4_seed_044 took 51.4s (3 recycles)
2026-07-23 03:38:19,917 alphafold2_ptm_model_5_seed_044 recycle=0 pLDDT=89.8 pTM=0.691
2026-07-23 03:38:33,208 alphafold2_ptm_model_5_seed_044 recycle=1 pLDDT=91.8 pTM=0.707 tol=0.198
2026-07-23 03:38:46,319 alphafold2_ptm_model_5_seed_044 recycle=2 pLDDT=91.8 pTM=0.711 tol=0.0496
2026-07-23 03:38:59,464 alphafold2_ptm_model_5_seed_044 recycle=3 pLDDT=91.9 pTM=0.715 tol=0.0265
2026-07-23 03:38:59,465 alphafold2_ptm_model_5_seed_044 took 52.7s (3 recycles)
2026-07-23 03:38:59,488 reranking models by 'plddt' metric
2026-07-23 03:38:59,488 rank_001_alphafold2_ptm_model_2_seed_044 pLDDT=92.6 pTM=0.765
2026-07-23 03:38:59,491 rank_002_alphafold2_ptm_model_4_seed_043 pLDDT=92.6 pTM=0.727
2026-07-23 03:38:59,493 rank_003_alphafold2_ptm_model_2_seed_043 pLDDT=92.6 pTM=0.766
2026-07-23 03:38:59,495 rank_004_alphafold2_ptm_model_4_seed_042 pLDDT=92.6 pTM=0.728
2026-07-23 03:38:59,498 rank_005_alphafold2_ptm_model_2_seed_042 pLDDT=92.6 pTM=0.765
2026-07-23 03:38:59,500 rank_006_alphafold2_ptm_model_4_seed_044 pLDDT=92.5 pTM=0.727
2026-07-23 03:38:59,502 rank_007_alphafold2_ptm_model_5_seed_043 pLDDT=92 pTM=0.716
2026-07-23 03:38:59,504 rank_008_alphafold2_ptm_model_5_seed_042 pLDDT=92 pTM=0.715
2026-07-23 03:38:59,506 rank_009_alphafold2_ptm_model_5_seed_044 pLDDT=91.9 pTM=0.715
2026-07-23 03:38:59,508 rank_010_alphafold2_ptm_model_1_seed_044 pLDDT=91.3 pTM=0.715
2026-07-23 03:38:59,509 rank_011_alphafold2_ptm_model_1_seed_043 pLDDT=91.3 pTM=0.716
2026-07-23 03:38:59,511 rank_012_alphafold2_ptm_model_1_seed_042 pLDDT=91.3 pTM=0.715
2026-07-23 03:38:59,513 rank_013_alphafold2_ptm_model_3_seed_042 pLDDT=90.3 pTM=0.698
2026-07-23 03:38:59,515 rank_014_alphafold2_ptm_model_3_seed_044 pLDDT=90.2 pTM=0.698
2026-07-23 03:38:59,517 rank_015_alphafold2_ptm_model_3_seed_043 pLDDT=90.2 pTM=0.697
2026-07-23 03:39:02,434 Query 35/586: 5KPH_4_6_8_0_combined_id9 (length 72)
2026-07-23 03:39:04,561 Padding length to 82
2026-07-23 03:39:17,647 alphafold2_ptm_model_1_seed_042 recycle=0 pLDDT=68.1 pTM=0.486
2026-07-23 03:39:30,579 alphafold2_ptm_model_1_seed_042 recycle=1 pLDDT=92.1 pTM=0.736 tol=2.37
2026-07-23 03:39:43,292 alphafold2_ptm_model_1_seed_042 recycle=2 pLDDT=91.7 pTM=0.746 tol=0.277
2026-07-23 03:39:56,357 alphafold2_ptm_model_1_seed_042 recycle=3 pLDDT=92.2 pTM=0.75 tol=0.311
2026-07-23 03:39:56,358 alphafold2_ptm_model_1_seed_042 took 51.8s (3 recycles)
2026-07-23 03:40:09,488 alphafold2_ptm_model_2_seed_042 recycle=0 pLDDT=92.6 pTM=0.77
2026-07-23 03:40:22,527 alphafold2_ptm_model_2_seed_042 recycle=1 pLDDT=92.7 pTM=0.773 tol=0.209
2026-07-23 03:40:35,433 alphafold2_ptm_model_2_seed_042 recycle=2 pLDDT=93.9 pTM=0.784 tol=0.207
2026-07-23 03:40:48,611 alphafold2_ptm_model_2_seed_042 recycle=3 pLDDT=94.6 pTM=0.793 tol=0.056
2026-07-23 03:40:48,612 alphafold2_ptm_model_2_seed_042 took 52.2s (3 recycles)
2026-07-23 03:41:01,551 alphafold2_ptm_model_3_seed_042 recycle=0 pLDDT=87.6 pTM=0.677
2026-07-23 03:41:14,377 alphafold2_ptm_model_3_seed_042 recycle=1 pLDDT=90.9 pTM=0.734 tol=0.42
2026-07-23 03:41:27,505 alphafold2_ptm_model_3_seed_042 recycle=2 pLDDT=91.2 pTM=0.74 tol=0.203
2026-07-23 03:41:40,644 alphafold2_ptm_model_3_seed_042 recycle=3 pLDDT=91.2 pTM=0.741 tol=0.267
2026-07-23 03:41:40,644 alphafold2_ptm_model_3_seed_042 took 52.0s (3 recycles)
2026-07-23 03:41:53,469 alphafold2_ptm_model_4_seed_042 recycle=0 pLDDT=87.1 pTM=0.691
2026-07-23 03:42:06,848 alphafold2_ptm_model_4_seed_042 recycle=1 pLDDT=92.7 pTM=0.774 tol=1.06
2026-07-23 03:42:19,861 alphafold2_ptm_model_4_seed_042 recycle=2 pLDDT=93.4 pTM=0.793 tol=0.0992
2026-07-23 03:42:32,784 alphafold2_ptm_model_4_seed_042 recycle=3 pLDDT=93.7 pTM=0.797 tol=0.0295
2026-07-23 03:42:32,784 alphafold2_ptm_model_4_seed_042 took 52.1s (3 recycles)
2026-07-23 03:42:45,741 alphafold2_ptm_model_5_seed_042 recycle=0 pLDDT=53.6 pTM=0.344
2026-07-23 03:42:58,259 alphafold2_ptm_model_5_seed_042 recycle=1 pLDDT=91.6 pTM=0.765 tol=2.8
2026-07-23 03:43:11,408 alphafold2_ptm_model_5_seed_042 recycle=2 pLDDT=92.2 pTM=0.773 tol=0.343
2026-07-23 03:43:24,526 alphafold2_ptm_model_5_seed_042 recycle=3 pLDDT=92.8 pTM=0.775 tol=0.105
2026-07-23 03:43:24,526 alphafold2_ptm_model_5_seed_042 took 51.7s (3 recycles)
2026-07-23 03:43:25,792 Padding length to 82
2026-07-23 03:43:38,717 alphafold2_ptm_model_1_seed_043 recycle=0 pLDDT=58.2 pTM=0.393
2026-07-23 03:43:51,537 alphafold2_ptm_model_1_seed_043 recycle=1 pLDDT=91.4 pTM=0.728 tol=2.69
2026-07-23 03:44:04,317 alphafold2_ptm_model_1_seed_043 recycle=2 pLDDT=92.2 pTM=0.75 tol=0.164
2026-07-23 03:44:17,460 alphafold2_ptm_model_1_seed_043 recycle=3 pLDDT=92.7 pTM=0.76 tol=0.0501
2026-07-23 03:44:17,461 alphafold2_ptm_model_1_seed_043 took 51.7s (3 recycles)
2026-07-23 03:44:30,656 alphafold2_ptm_model_2_seed_043 recycle=0 pLDDT=92.9 pTM=0.774
2026-07-23 03:44:43,515 alphafold2_ptm_model_2_seed_043 recycle=1 pLDDT=92.8 pTM=0.773 tol=0.163
2026-07-23 03:44:56,448 alphafold2_ptm_model_2_seed_043 recycle=2 pLDDT=93.9 pTM=0.784 tol=0.173
2026-07-23 03:45:09,112 alphafold2_ptm_model_2_seed_043 recycle=3 pLDDT=94.4 pTM=0.791 tol=0.0564
2026-07-23 03:45:09,113 alphafold2_ptm_model_2_seed_043 took 51.6s (3 recycles)
2026-07-23 03:45:22,118 alphafold2_ptm_model_3_seed_043 recycle=0 pLDDT=88.2 pTM=0.679
2026-07-23 03:45:34,460 alphafold2_ptm_model_3_seed_043 recycle=1 pLDDT=90.9 pTM=0.736 tol=0.483
2026-07-23 03:45:47,409 alphafold2_ptm_model_3_seed_043 recycle=2 pLDDT=91.2 pTM=0.74 tol=0.211
2026-07-23 03:46:00,732 alphafold2_ptm_model_3_seed_043 recycle=3 pLDDT=91.1 pTM=0.739 tol=0.28
2026-07-23 03:46:00,733 alphafold2_ptm_model_3_seed_043 took 51.5s (3 recycles)
2026-07-23 03:46:13,724 alphafold2_ptm_model_4_seed_043 recycle=0 pLDDT=78.1 pTM=0.585
2026-07-23 03:46:26,303 alphafold2_ptm_model_4_seed_043 recycle=1 pLDDT=92.3 pTM=0.762 tol=2.19
2026-07-23 03:46:39,396 alphafold2_ptm_model_4_seed_043 recycle=2 pLDDT=92.4 pTM=0.772 tol=0.171
2026-07-23 03:46:52,205 alphafold2_ptm_model_4_seed_043 recycle=3 pLDDT=93.2 pTM=0.788 tol=0.0558
2026-07-23 03:46:52,205 alphafold2_ptm_model_4_seed_043 took 51.4s (3 recycles)
2026-07-23 03:47:04,874 alphafold2_ptm_model_5_seed_043 recycle=0 pLDDT=50 pTM=0.316
2026-07-23 03:47:17,395 alphafold2_ptm_model_5_seed_043 recycle=1 pLDDT=93.1 pTM=0.78 tol=3.93
2026-07-23 03:47:29,923 alphafold2_ptm_model_5_seed_043 recycle=2 pLDDT=93.8 pTM=0.796 tol=0.154
2026-07-23 03:47:42,817 alphafold2_ptm_model_5_seed_043 recycle=3 pLDDT=93.2 pTM=0.786 tol=0.13
2026-07-23 03:47:42,818 alphafold2_ptm_model_5_seed_043 took 50.6s (3 recycles)
2026-07-23 03:47:44,307 Padding length to 82
2026-07-23 03:47:57,369 alphafold2_ptm_model_1_seed_044 recycle=0 pLDDT=44.9 pTM=0.365
2026-07-23 03:48:10,525 alphafold2_ptm_model_1_seed_044 recycle=1 pLDDT=90.9 pTM=0.724 tol=5.32
2026-07-23 03:48:23,434 alphafold2_ptm_model_1_seed_044 recycle=2 pLDDT=91.2 pTM=0.735 tol=0.163
2026-07-23 03:48:36,533 alphafold2_ptm_model_1_seed_044 recycle=3 pLDDT=92.1 pTM=0.746 tol=0.142
2026-07-23 03:48:36,533 alphafold2_ptm_model_1_seed_044 took 52.2s (3 recycles)
2026-07-23 03:48:49,606 alphafold2_ptm_model_2_seed_044 recycle=0 pLDDT=92.9 pTM=0.773
2026-07-23 03:49:02,589 alphafold2_ptm_model_2_seed_044 recycle=1 pLDDT=92.8 pTM=0.771 tol=0.215
2026-07-23 03:49:15,734 alphafold2_ptm_model_2_seed_044 recycle=2 pLDDT=93.9 pTM=0.785 tol=0.114
2026-07-23 03:49:28,692 alphafold2_ptm_model_2_seed_044 recycle=3 pLDDT=94.4 pTM=0.793 tol=0.0603
2026-07-23 03:49:28,692 alphafold2_ptm_model_2_seed_044 took 52.1s (3 recycles)
2026-07-23 03:49:41,495 alphafold2_ptm_model_3_seed_044 recycle=0 pLDDT=88.3 pTM=0.681
2026-07-23 03:49:54,834 alphafold2_ptm_model_3_seed_044 recycle=1 pLDDT=90.9 pTM=0.735 tol=0.491
2026-07-23 03:50:08,132 alphafold2_ptm_model_3_seed_044 recycle=2 pLDDT=91.2 pTM=0.742 tol=0.158
2026-07-23 03:50:21,291 alphafold2_ptm_model_3_seed_044 recycle=3 pLDDT=90.7 pTM=0.733 tol=0.233
2026-07-23 03:50:21,291 alphafold2_ptm_model_3_seed_044 took 52.5s (3 recycles)
2026-07-23 03:50:34,639 alphafold2_ptm_model_4_seed_044 recycle=0 pLDDT=77.8 pTM=0.587
2026-07-23 03:50:47,765 alphafold2_ptm_model_4_seed_044 recycle=1 pLDDT=92.1 pTM=0.757 tol=2.23
2026-07-23 03:51:00,936 alphafold2_ptm_model_4_seed_044 recycle=2 pLDDT=92.2 pTM=0.77 tol=0.208
2026-07-23 03:51:14,471 alphafold2_ptm_model_4_seed_044 recycle=3 pLDDT=93.2 pTM=0.787 tol=0.0623
2026-07-23 03:51:14,472 alphafold2_ptm_model_4_seed_044 took 53.1s (3 recycles)
2026-07-23 03:51:27,546 alphafold2_ptm_model_5_seed_044 recycle=0 pLDDT=50.1 pTM=0.315
2026-07-23 03:51:40,683 alphafold2_ptm_model_5_seed_044 recycle=1 pLDDT=93.1 pTM=0.778 tol=4.08
2026-07-23 03:51:53,506 alphafold2_ptm_model_5_seed_044 recycle=2 pLDDT=93.4 pTM=0.789 tol=0.175
2026-07-23 03:52:06,736 alphafold2_ptm_model_5_seed_044 recycle=3 pLDDT=92.9 pTM=0.784 tol=0.249
2026-07-23 03:52:06,736 alphafold2_ptm_model_5_seed_044 took 52.2s (3 recycles)
2026-07-23 03:52:06,797 reranking models by 'plddt' metric
2026-07-23 03:52:06,797 rank_001_alphafold2_ptm_model_2_seed_042 pLDDT=94.6 pTM=0.793
2026-07-23 03:52:06,800 rank_002_alphafold2_ptm_model_2_seed_044 pLDDT=94.4 pTM=0.793
2026-07-23 03:52:06,802 rank_003_alphafold2_ptm_model_2_seed_043 pLDDT=94.4 pTM=0.791
2026-07-23 03:52:06,804 rank_004_alphafold2_ptm_model_4_seed_042 pLDDT=93.7 pTM=0.797
2026-07-23 03:52:06,806 rank_005_alphafold2_ptm_model_5_seed_043 pLDDT=93.2 pTM=0.786
2026-07-23 03:52:06,809 rank_006_alphafold2_ptm_model_4_seed_043 pLDDT=93.2 pTM=0.788
2026-07-23 03:52:06,810 rank_007_alphafold2_ptm_model_4_seed_044 pLDDT=93.2 pTM=0.787
2026-07-23 03:52:06,812 rank_008_alphafold2_ptm_model_5_seed_044 pLDDT=92.9 pTM=0.784
2026-07-23 03:52:06,813 rank_009_alphafold2_ptm_model_5_seed_042 pLDDT=92.8 pTM=0.775
2026-07-23 03:52:06,816 rank_010_alphafold2_ptm_model_1_seed_043 pLDDT=92.7 pTM=0.76
2026-07-23 03:52:06,817 rank_011_alphafold2_ptm_model_1_seed_042 pLDDT=92.2 pTM=0.75
2026-07-23 03:52:06,819 rank_012_alphafold2_ptm_model_1_seed_044 pLDDT=92.1 pTM=0.746
2026-07-23 03:52:06,821 rank_013_alphafold2_ptm_model_3_seed_042 pLDDT=91.2 pTM=0.741
2026-07-23 03:52:06,822 rank_014_alphafold2_ptm_model_3_seed_043 pLDDT=91.1 pTM=0.739
2026-07-23 03:52:06,825 rank_015_alphafold2_ptm_model_3_seed_044 pLDDT=90.7 pTM=0.733
2026-07-23 03:52:09,951 Query 36/586: 5KPH_8_8_5_0_combined_id8 (length 72)
2026-07-23 03:52:12,264 Padding length to 82
2026-07-23 03:52:25,380 alphafold2_ptm_model_1_seed_042 recycle=0 pLDDT=84.4 pTM=0.611
2026-07-23 03:52:38,394 alphafold2_ptm_model_1_seed_042 recycle=1 pLDDT=86.5 pTM=0.648 tol=0.315
2026-07-23 03:52:51,634 alphafold2_ptm_model_1_seed_042 recycle=2 pLDDT=83.2 pTM=0.621 tol=0.474
2026-07-23 03:53:04,378 alphafold2_ptm_model_1_seed_042 recycle=3 pLDDT=86.8 pTM=0.655 tol=0.552
2026-07-23 03:53:04,378 alphafold2_ptm_model_1_seed_042 took 52.1s (3 recycles)
2026-07-23 03:53:17,637 alphafold2_ptm_model_2_seed_042 recycle=0 pLDDT=88.2 pTM=0.683
2026-07-23 03:53:30,802 alphafold2_ptm_model_2_seed_042 recycle=1 pLDDT=86.3 pTM=0.671 tol=1.6
2026-07-23 03:53:44,015 alphafold2_ptm_model_2_seed_042 recycle=2 pLDDT=88.3 pTM=0.703 tol=0.231
2026-07-23 03:53:57,361 alphafold2_ptm_model_2_seed_042 recycle=3 pLDDT=85.6 pTM=0.675 tol=0.755
2026-07-23 03:53:57,362 alphafold2_ptm_model_2_seed_042 took 52.9s (3 recycles)
2026-07-23 03:54:10,557 alphafold2_ptm_model_3_seed_042 recycle=0 pLDDT=86.8 pTM=0.655
2026-07-23 03:54:23,645 alphafold2_ptm_model_3_seed_042 recycle=1 pLDDT=84.2 pTM=0.638 tol=0.743
2026-07-23 03:54:36,392 alphafold2_ptm_model_3_seed_042 recycle=2 pLDDT=86.6 pTM=0.654 tol=0.734
2026-07-23 03:54:49,668 alphafold2_ptm_model_3_seed_042 recycle=3 pLDDT=85.2 pTM=0.654 tol=0.362
2026-07-23 03:54:49,668 alphafold2_ptm_model_3_seed_042 took 52.3s (3 recycles)
2026-07-23 03:55:03,106 alphafold2_ptm_model_4_seed_042 recycle=0 pLDDT=87.1 pTM=0.659
2026-07-23 03:55:16,363 alphafold2_ptm_model_4_seed_042 recycle=1 pLDDT=86.6 pTM=0.659 tol=0.466
2026-07-23 03:55:29,739 alphafold2_ptm_model_4_seed_042 recycle=2 pLDDT=83.8 pTM=0.622 tol=0.6
2026-07-23 03:55:42,713 alphafold2_ptm_model_4_seed_042 recycle=3 pLDDT=86.2 pTM=0.651 tol=0.577
2026-07-23 03:55:42,714 alphafold2_ptm_model_4_seed_042 took 52.9s (3 recycles)
2026-07-23 03:55:56,256 alphafold2_ptm_model_5_seed_042 recycle=0 pLDDT=85.1 pTM=0.623
2026-07-23 03:56:09,277 alphafold2_ptm_model_5_seed_042 recycle=1 pLDDT=86 pTM=0.642 tol=0.527
2026-07-23 03:56:22,402 alphafold2_ptm_model_5_seed_042 recycle=2 pLDDT=85.2 pTM=0.623 tol=1.03
2026-07-23 03:56:35,957 alphafold2_ptm_model_5_seed_042 recycle=3 pLDDT=85.2 pTM=0.628 tol=0.361
2026-07-23 03:56:35,958 alphafold2_ptm_model_5_seed_042 took 53.2s (3 recycles)
2026-07-23 03:56:37,014 Padding length to 82
2026-07-23 03:56:49,982 alphafold2_ptm_model_1_seed_043 recycle=0 pLDDT=82.7 pTM=0.602
2026-07-23 03:57:03,249 alphafold2_ptm_model_1_seed_043 recycle=1 pLDDT=86.4 pTM=0.643 tol=0.667
2026-07-23 03:57:16,273 alphafold2_ptm_model_1_seed_043 recycle=2 pLDDT=84.6 pTM=0.633 tol=1.03
2026-07-23 03:57:29,244 alphafold2_ptm_model_1_seed_043 recycle=3 pLDDT=85.8 pTM=0.652 tol=0.536
2026-07-23 03:57:29,244 alphafold2_ptm_model_1_seed_043 took 52.2s (3 recycles)
2026-07-23 03:57:42,384 alphafold2_ptm_model_2_seed_043 recycle=0 pLDDT=84.2 pTM=0.647
2026-07-23 03:57:55,522 alphafold2_ptm_model_2_seed_043 recycle=1 pLDDT=86.6 pTM=0.671 tol=0.473
2026-07-23 03:58:08,778 alphafold2_ptm_model_2_seed_043 recycle=2 pLDDT=86.9 pTM=0.673 tol=0.097
2026-07-23 03:58:21,894 alphafold2_ptm_model_2_seed_043 recycle=3 pLDDT=82.2 pTM=0.636 tol=0.466
2026-07-23 03:58:21,894 alphafold2_ptm_model_2_seed_043 took 52.6s (3 recycles)
2026-07-23 03:58:34,943 alphafold2_ptm_model_3_seed_043 recycle=0 pLDDT=86.7 pTM=0.653
2026-07-23 03:58:47,834 alphafold2_ptm_model_3_seed_043 recycle=1 pLDDT=83.8 pTM=0.633 tol=0.841
2026-07-23 03:59:00,462 alphafold2_ptm_model_3_seed_043 recycle=2 pLDDT=86.3 pTM=0.649 tol=0.846
2026-07-23 03:59:13,120 alphafold2_ptm_model_3_seed_043 recycle=3 pLDDT=85.2 pTM=0.652 tol=0.348
2026-07-23 03:59:13,120 alphafold2_ptm_model_3_seed_043 took 51.2s (3 recycles)
2026-07-23 03:59:25,928 alphafold2_ptm_model_4_seed_043 recycle=0 pLDDT=86.1 pTM=0.64
2026-07-23 03:59:38,858 alphafold2_ptm_model_4_seed_043 recycle=1 pLDDT=85.8 pTM=0.647 tol=0.654
2026-07-23 03:59:51,954 alphafold2_ptm_model_4_seed_043 recycle=2 pLDDT=83.7 pTM=0.625 tol=0.613
2026-07-23 04:00:04,850 alphafold2_ptm_model_4_seed_043 recycle=3 pLDDT=85.2 pTM=0.641 tol=0.59
2026-07-23 04:00:04,850 alphafold2_ptm_model_4_seed_043 took 51.7s (3 recycles)
2026-07-23 04:00:18,276 alphafold2_ptm_model_5_seed_043 recycle=0 pLDDT=85.8 pTM=0.64
2026-07-23 04:00:31,463 alphafold2_ptm_model_5_seed_043 recycle=1 pLDDT=86.5 pTM=0.655 tol=0.541
2026-07-23 04:00:44,558 alphafold2_ptm_model_5_seed_043 recycle=2 pLDDT=84.1 pTM=0.612 tol=0.563
2026-07-23 04:00:57,587 alphafold2_ptm_model_5_seed_043 recycle=3 pLDDT=84.1 pTM=0.621 tol=0.495
2026-07-23 04:00:57,587 alphafold2_ptm_model_5_seed_043 took 52.3s (3 recycles)
2026-07-23 04:00:58,588 Padding length to 82
2026-07-23 04:01:11,655 alphafold2_ptm_model_1_seed_044 recycle=0 pLDDT=84.9 pTM=0.618
2026-07-23 04:01:24,576 alphafold2_ptm_model_1_seed_044 recycle=1 pLDDT=86.5 pTM=0.647 tol=0.42
2026-07-23 04:01:37,344 alphafold2_ptm_model_1_seed_044 recycle=2 pLDDT=82.9 pTM=0.617 tol=0.436
2026-07-23 04:01:50,652 alphafold2_ptm_model_1_seed_044 recycle=3 pLDDT=86.9 pTM=0.658 tol=0.558
2026-07-23 04:01:50,652 alphafold2_ptm_model_1_seed_044 took 52.1s (3 recycles)
2026-07-23 04:02:03,865 alphafold2_ptm_model_2_seed_044 recycle=0 pLDDT=88.2 pTM=0.682
2026-07-23 04:02:16,833 alphafold2_ptm_model_2_seed_044 recycle=1 pLDDT=85.6 pTM=0.665 tol=1.57
2026-07-23 04:02:29,967 alphafold2_ptm_model_2_seed_044 recycle=2 pLDDT=87.6 pTM=0.695 tol=0.381
2026-07-23 04:02:42,575 alphafold2_ptm_model_2_seed_044 recycle=3 pLDDT=83.6 pTM=0.652 tol=0.182
2026-07-23 04:02:42,576 alphafold2_ptm_model_2_seed_044 took 51.9s (3 recycles)
2026-07-23 04:02:55,274 alphafold2_ptm_model_3_seed_044 recycle=0 pLDDT=87.2 pTM=0.66
2026-07-23 04:03:08,049 alphafold2_ptm_model_3_seed_044 recycle=1 pLDDT=85 pTM=0.645 tol=0.582
2026-07-23 04:03:21,207 alphafold2_ptm_model_3_seed_044 recycle=2 pLDDT=86.4 pTM=0.654 tol=0.549
2026-07-23 04:03:34,476 alphafold2_ptm_model_3_seed_044 recycle=3 pLDDT=85.8 pTM=0.657 tol=0.377
2026-07-23 04:03:34,476 alphafold2_ptm_model_3_seed_044 took 51.8s (3 recycles)
2026-07-23 04:03:47,956 alphafold2_ptm_model_4_seed_044 recycle=0 pLDDT=86.8 pTM=0.657
2026-07-23 04:04:00,710 alphafold2_ptm_model_4_seed_044 recycle=1 pLDDT=86.2 pTM=0.652 tol=0.422
2026-07-23 04:04:13,849 alphafold2_ptm_model_4_seed_044 recycle=2 pLDDT=83.6 pTM=0.623 tol=0.596
2026-07-23 04:04:27,166 alphafold2_ptm_model_4_seed_044 recycle=3 pLDDT=86 pTM=0.648 tol=0.584
2026-07-23 04:04:27,167 alphafold2_ptm_model_4_seed_044 took 52.7s (3 recycles)
2026-07-23 04:04:40,027 alphafold2_ptm_model_5_seed_044 recycle=0 pLDDT=83.9 pTM=0.606
2026-07-23 04:04:53,276 alphafold2_ptm_model_5_seed_044 recycle=1 pLDDT=85.8 pTM=0.635 tol=0.516
2026-07-23 04:05:06,431 alphafold2_ptm_model_5_seed_044 recycle=2 pLDDT=86.1 pTM=0.631 tol=1.07
2026-07-23 04:05:19,661 alphafold2_ptm_model_5_seed_044 recycle=3 pLDDT=86.1 pTM=0.637 tol=0.318
2026-07-23 04:05:19,662 alphafold2_ptm_model_5_seed_044 took 52.5s (3 recycles)
2026-07-23 04:05:19,687 reranking models by 'plddt' metric
2026-07-23 04:05:19,687 rank_001_alphafold2_ptm_model_1_seed_044 pLDDT=86.9 pTM=0.658
2026-07-23 04:05:19,689 rank_002_alphafold2_ptm_model_1_seed_042 pLDDT=86.8 pTM=0.655
2026-07-23 04:05:19,692 rank_003_alphafold2_ptm_model_4_seed_042 pLDDT=86.2 pTM=0.651
2026-07-23 04:05:19,694 rank_004_alphafold2_ptm_model_5_seed_044 pLDDT=86.1 pTM=0.637
2026-07-23 04:05:19,696 rank_005_alphafold2_ptm_model_4_seed_044 pLDDT=86 pTM=0.648
2026-07-23 04:05:19,698 rank_006_alphafold2_ptm_model_3_seed_044 pLDDT=85.8 pTM=0.657
2026-07-23 04:05:19,699 rank_007_alphafold2_ptm_model_1_seed_043 pLDDT=85.8 pTM=0.652
2026-07-23 04:05:19,701 rank_008_alphafold2_ptm_model_2_seed_042 pLDDT=85.6 pTM=0.675
2026-07-23 04:05:19,704 rank_009_alphafold2_ptm_model_5_seed_042 pLDDT=85.2 pTM=0.628
2026-07-23 04:05:19,705 rank_010_alphafold2_ptm_model_3_seed_042 pLDDT=85.2 pTM=0.654
2026-07-23 04:05:19,708 rank_011_alphafold2_ptm_model_4_seed_043 pLDDT=85.2 pTM=0.641
2026-07-23 04:05:19,710 rank_012_alphafold2_ptm_model_3_seed_043 pLDDT=85.2 pTM=0.652
2026-07-23 04:05:19,711 rank_013_alphafold2_ptm_model_5_seed_043 pLDDT=84.1 pTM=0.621
2026-07-23 04:05:19,713 rank_014_alphafold2_ptm_model_2_seed_044 pLDDT=83.6 pTM=0.652
2026-07-23 04:05:19,715 rank_015_alphafold2_ptm_model_2_seed_043 pLDDT=82.2 pTM=0.636
2026-07-23 04:05:22,985 Query 37/586: 5KPH_6_4_1_0_combined_id7 (length 72)
2026-07-23 04:05:25,165 Padding length to 82
2026-07-23 04:05:38,049 alphafold2_ptm_model_1_seed_042 recycle=0 pLDDT=85.9 pTM=0.66
2026-07-23 04:05:50,750 alphafold2_ptm_model_1_seed_042 recycle=1 pLDDT=90.6 pTM=0.731 tol=0.252
2026-07-23 04:06:03,777 alphafold2_ptm_model_1_seed_042 recycle=2 pLDDT=91.1 pTM=0.741 tol=0.0664
2026-07-23 04:06:16,344 alphafold2_ptm_model_1_seed_042 recycle=3 pLDDT=91.3 pTM=0.745 tol=0.0317
2026-07-23 04:06:16,345 alphafold2_ptm_model_1_seed_042 took 51.2s (3 recycles)
2026-07-23 04:06:29,469 alphafold2_ptm_model_2_seed_042 recycle=0 pLDDT=92.3 pTM=0.753
2026-07-23 04:06:42,334 alphafold2_ptm_model_2_seed_042 recycle=1 pLDDT=94.1 pTM=0.791 tol=0.16
2026-07-23 04:06:54,875 alphafold2_ptm_model_2_seed_042 recycle=2 pLDDT=94 pTM=0.794 tol=0.0475
2026-07-23 04:07:07,814 alphafold2_ptm_model_2_seed_042 recycle=3 pLDDT=93.9 pTM=0.794 tol=0.0241
2026-07-23 04:07:07,814 alphafold2_ptm_model_2_seed_042 took 51.4s (3 recycles)
2026-07-23 04:07:20,751 alphafold2_ptm_model_3_seed_042 recycle=0 pLDDT=90.1 pTM=0.712
2026-07-23 04:07:33,672 alphafold2_ptm_model_3_seed_042 recycle=1 pLDDT=91.3 pTM=0.737 tol=0.127
2026-07-23 04:07:46,809 alphafold2_ptm_model_3_seed_042 recycle=2 pLDDT=91.6 pTM=0.746 tol=0.0908
2026-07-23 04:07:59,430 alphafold2_ptm_model_3_seed_042 recycle=3 pLDDT=92.1 pTM=0.751 tol=0.0436
2026-07-23 04:07:59,431 alphafold2_ptm_model_3_seed_042 took 51.5s (3 recycles)
2026-07-23 04:08:12,061 alphafold2_ptm_model_4_seed_042 recycle=0 pLDDT=91.5 pTM=0.754
2026-07-23 04:08:24,840 alphafold2_ptm_model_4_seed_042 recycle=1 pLDDT=92.7 pTM=0.783 tol=0.119
2026-07-23 04:08:37,871 alphafold2_ptm_model_4_seed_042 recycle=2 pLDDT=92.8 pTM=0.787 tol=0.0417
2026-07-23 04:08:51,054 alphafold2_ptm_model_4_seed_042 recycle=3 pLDDT=92.3 pTM=0.786 tol=0.0274
2026-07-23 04:08:51,055 alphafold2_ptm_model_4_seed_042 took 51.5s (3 recycles)
2026-07-23 04:09:04,191 alphafold2_ptm_model_5_seed_042 recycle=0 pLDDT=91.5 pTM=0.737
2026-07-23 04:09:16,743 alphafold2_ptm_model_5_seed_042 recycle=1 pLDDT=93.2 pTM=0.764 tol=0.172
2026-07-23 04:09:29,245 alphafold2_ptm_model_5_seed_042 recycle=2 pLDDT=93.2 pTM=0.765 tol=0.0503
2026-07-23 04:09:42,256 alphafold2_ptm_model_5_seed_042 recycle=3 pLDDT=93.4 pTM=0.767 tol=0.0271
2026-07-23 04:09:42,256 alphafold2_ptm_model_5_seed_042 took 51.2s (3 recycles)
2026-07-23 04:09:43,740 Padding length to 82
2026-07-23 04:09:56,704 alphafold2_ptm_model_1_seed_043 recycle=0 pLDDT=78.6 pTM=0.591
2026-07-23 04:10:09,540 alphafold2_ptm_model_1_seed_043 recycle=1 pLDDT=90.2 pTM=0.725 tol=1.17
2026-07-23 04:10:22,604 alphafold2_ptm_model_1_seed_043 recycle=2 pLDDT=90.8 pTM=0.737 tol=0.0776
2026-07-23 04:10:35,525 alphafold2_ptm_model_1_seed_043 recycle=3 pLDDT=91.2 pTM=0.743 tol=0.0319
2026-07-23 04:10:35,525 alphafold2_ptm_model_1_seed_043 took 51.8s (3 recycles)
2026-07-23 04:10:48,704 alphafold2_ptm_model_2_seed_043 recycle=0 pLDDT=91.2 pTM=0.734
2026-07-23 04:11:01,189 alphafold2_ptm_model_2_seed_043 recycle=1 pLDDT=93.8 pTM=0.787 tol=0.177
2026-07-23 04:11:13,996 alphafold2_ptm_model_2_seed_043 recycle=2 pLDDT=93.8 pTM=0.792 tol=0.0527
2026-07-23 04:11:27,061 alphafold2_ptm_model_2_seed_043 recycle=3 pLDDT=93.6 pTM=0.792 tol=0.0278
2026-07-23 04:11:27,061 alphafold2_ptm_model_2_seed_043 took 51.5s (3 recycles)
2026-07-23 04:11:39,786 alphafold2_ptm_model_3_seed_043 recycle=0 pLDDT=90.1 pTM=0.713
2026-07-23 04:11:52,679 alphafold2_ptm_model_3_seed_043 recycle=1 pLDDT=91.6 pTM=0.743 tol=0.154
2026-07-23 04:12:05,458 alphafold2_ptm_model_3_seed_043 recycle=2 pLDDT=91.6 pTM=0.746 tol=0.0893
2026-07-23 04:12:18,355 alphafold2_ptm_model_3_seed_043 recycle=3 pLDDT=92.1 pTM=0.751 tol=0.0401
2026-07-23 04:12:18,356 alphafold2_ptm_model_3_seed_043 took 51.2s (3 recycles)
2026-07-23 04:12:31,131 alphafold2_ptm_model_4_seed_043 recycle=0 pLDDT=90.8 pTM=0.742
2026-07-23 04:12:42,868 alphafold2_ptm_model_4_seed_043 recycle=1 pLDDT=92.4 pTM=0.783 tol=0.136
2026-07-23 04:12:55,687 alphafold2_ptm_model_4_seed_043 recycle=2 pLDDT=92.4 pTM=0.786 tol=0.0427
2026-07-23 04:13:08,269 alphafold2_ptm_model_4_seed_043 recycle=3 pLDDT=92.6 pTM=0.785 tol=0.0234
2026-07-23 04:13:08,270 alphafold2_ptm_model_4_seed_043 took 49.9s (3 recycles)
2026-07-23 04:13:21,268 alphafold2_ptm_model_5_seed_043 recycle=0 pLDDT=89.8 pTM=0.706
2026-07-23 04:13:34,204 alphafold2_ptm_model_5_seed_043 recycle=1 pLDDT=93.1 pTM=0.762 tol=0.204
2026-07-23 04:13:47,016 alphafold2_ptm_model_5_seed_043 recycle=2 pLDDT=93 pTM=0.762 tol=0.054
2026-07-23 04:13:59,921 alphafold2_ptm_model_5_seed_043 recycle=3 pLDDT=93.2 pTM=0.764 tol=0.0256
2026-07-23 04:13:59,921 alphafold2_ptm_model_5_seed_043 took 51.6s (3 recycles)
2026-07-23 04:14:01,070 Padding length to 82
2026-07-23 04:14:13,798 alphafold2_ptm_model_1_seed_044 recycle=0 pLDDT=79.6 pTM=0.596
2026-07-23 04:14:26,186 alphafold2_ptm_model_1_seed_044 recycle=1 pLDDT=90.8 pTM=0.731 tol=0.874
2026-07-23 04:14:38,845 alphafold2_ptm_model_1_seed_044 recycle=2 pLDDT=91.3 pTM=0.744 tol=0.0712
2026-07-23 04:14:51,531 alphafold2_ptm_model_1_seed_044 recycle=3 pLDDT=91.6 pTM=0.749 tol=0.0303
2026-07-23 04:14:51,532 alphafold2_ptm_model_1_seed_044 took 50.5s (3 recycles)
2026-07-23 04:15:04,309 alphafold2_ptm_model_2_seed_044 recycle=0 pLDDT=91.3 pTM=0.737
2026-07-23 04:15:17,295 alphafold2_ptm_model_2_seed_044 recycle=1 pLDDT=93.6 pTM=0.785 tol=0.174
2026-07-23 04:15:30,070 alphafold2_ptm_model_2_seed_044 recycle=2 pLDDT=93.8 pTM=0.79 tol=0.0462
2026-07-23 04:15:42,748 alphafold2_ptm_model_2_seed_044 recycle=3 pLDDT=93.8 pTM=0.792 tol=0.0273
2026-07-23 04:15:42,748 alphafold2_ptm_model_2_seed_044 took 51.2s (3 recycles)
2026-07-23 04:15:55,331 alphafold2_ptm_model_3_seed_044 recycle=0 pLDDT=90.7 pTM=0.721
2026-07-23 04:16:08,281 alphafold2_ptm_model_3_seed_044 recycle=1 pLDDT=91.2 pTM=0.736 tol=0.134
2026-07-23 04:16:20,881 alphafold2_ptm_model_3_seed_044 recycle=2 pLDDT=91.7 pTM=0.746 tol=0.0831
2026-07-23 04:16:33,733 alphafold2_ptm_model_3_seed_044 recycle=3 pLDDT=91.9 pTM=0.75 tol=0.0392
2026-07-23 04:16:33,733 alphafold2_ptm_model_3_seed_044 took 50.9s (3 recycles)
2026-07-23 04:16:46,090 alphafold2_ptm_model_4_seed_044 recycle=0 pLDDT=91.2 pTM=0.749
2026-07-23 04:16:59,078 alphafold2_ptm_model_4_seed_044 recycle=1 pLDDT=92.4 pTM=0.781 tol=0.128
2026-07-23 04:17:12,185 alphafold2_ptm_model_4_seed_044 recycle=2 pLDDT=92.4 pTM=0.785 tol=0.0404
2026-07-23 04:17:24,841 alphafold2_ptm_model_4_seed_044 recycle=3 pLDDT=92.5 pTM=0.785 tol=0.0259
2026-07-23 04:17:24,841 alphafold2_ptm_model_4_seed_044 took 51.1s (3 recycles)
2026-07-23 04:17:37,467 alphafold2_ptm_model_5_seed_044 recycle=0 pLDDT=90.2 pTM=0.715
2026-07-23 04:17:50,283 alphafold2_ptm_model_5_seed_044 recycle=1 pLDDT=92.8 pTM=0.758 tol=0.205
2026-07-23 04:18:03,060 alphafold2_ptm_model_5_seed_044 recycle=2 pLDDT=92.9 pTM=0.76 tol=0.0471
2026-07-23 04:18:15,814 alphafold2_ptm_model_5_seed_044 recycle=3 pLDDT=93.2 pTM=0.766 tol=0.0256
2026-07-23 04:18:15,814 alphafold2_ptm_model_5_seed_044 took 50.9s (3 recycles)
2026-07-23 04:18:15,853 reranking models by 'plddt' metric
2026-07-23 04:18:15,854 rank_001_alphafold2_ptm_model_2_seed_042 pLDDT=93.9 pTM=0.794
2026-07-23 04:18:15,857 rank_002_alphafold2_ptm_model_2_seed_044 pLDDT=93.8 pTM=0.792
2026-07-23 04:18:15,859 rank_003_alphafold2_ptm_model_2_seed_043 pLDDT=93.6 pTM=0.792
2026-07-23 04:18:15,861 rank_004_alphafold2_ptm_model_5_seed_042 pLDDT=93.4 pTM=0.767
2026-07-23 04:18:15,862 rank_005_alphafold2_ptm_model_5_seed_044 pLDDT=93.2 pTM=0.766
2026-07-23 04:18:15,864 rank_006_alphafold2_ptm_model_5_seed_043 pLDDT=93.2 pTM=0.764
2026-07-23 04:18:15,865 rank_007_alphafold2_ptm_model_4_seed_043 pLDDT=92.6 pTM=0.785
2026-07-23 04:18:15,868 rank_008_alphafold2_ptm_model_4_seed_044 pLDDT=92.5 pTM=0.785
2026-07-23 04:18:15,869 rank_009_alphafold2_ptm_model_4_seed_042 pLDDT=92.3 pTM=0.786
2026-07-23 04:18:15,870 rank_010_alphafold2_ptm_model_3_seed_043 pLDDT=92.1 pTM=0.751
2026-07-23 04:18:15,872 rank_011_alphafold2_ptm_model_3_seed_042 pLDDT=92.1 pTM=0.751
2026-07-23 04:18:15,874 rank_012_alphafold2_ptm_model_3_seed_044 pLDDT=91.9 pTM=0.75
2026-07-23 04:18:15,875 rank_013_alphafold2_ptm_model_1_seed_044 pLDDT=91.6 pTM=0.749
2026-07-23 04:18:15,877 rank_014_alphafold2_ptm_model_1_seed_042 pLDDT=91.3 pTM=0.745
2026-07-23 04:18:15,878 rank_015_alphafold2_ptm_model_1_seed_043 pLDDT=91.2 pTM=0.743
2026-07-23 04:18:18,782 Query 38/586: 5KPE_2_6_7_0_combined_id4 (length 108)
2026-07-23 04:18:53,939 alphafold2_ptm_model_1_seed_042 recycle=0 pLDDT=62 pTM=0.484
2026-07-23 04:19:15,961 alphafold2_ptm_model_1_seed_042 recycle=1 pLDDT=83.7 pTM=0.685 tol=2.47
2026-07-23 04:19:37,841 alphafold2_ptm_model_1_seed_042 recycle=2 pLDDT=88.8 pTM=0.744 tol=0.424
2026-07-23 04:19:59,954 alphafold2_ptm_model_1_seed_042 recycle=3 pLDDT=88.8 pTM=0.746 tol=0.0948
2026-07-23 04:19:59,957 alphafold2_ptm_model_1_seed_042 took 99.0s (3 recycles)
2026-07-23 04:20:22,281 alphafold2_ptm_model_2_seed_042 recycle=0 pLDDT=61.6 pTM=0.506
2026-07-23 04:20:44,752 alphafold2_ptm_model_2_seed_042 recycle=1 pLDDT=85.1 pTM=0.695 tol=2.94
2026-07-23 04:21:06,946 alphafold2_ptm_model_2_seed_042 recycle=2 pLDDT=90.1 pTM=0.772 tol=1.26
2026-07-23 04:21:29,289 alphafold2_ptm_model_2_seed_042 recycle=3 pLDDT=89.4 pTM=0.764 tol=0.194
2026-07-23 04:21:29,290 alphafold2_ptm_model_2_seed_042 took 89.3s (3 recycles)
2026-07-23 04:21:51,819 alphafold2_ptm_model_3_seed_042 recycle=0 pLDDT=58.5 pTM=0.458
2026-07-23 04:22:13,248 alphafold2_ptm_model_3_seed_042 recycle=1 pLDDT=59.2 pTM=0.502 tol=4.59
2026-07-23 04:22:35,174 alphafold2_ptm_model_3_seed_042 recycle=2 pLDDT=65.5 pTM=0.516 tol=4.55
2026-07-23 04:22:57,538 alphafold2_ptm_model_3_seed_042 recycle=3 pLDDT=67.9 pTM=0.534 tol=0.749
2026-07-23 04:22:57,539 alphafold2_ptm_model_3_seed_042 took 88.1s (3 recycles)
2026-07-23 04:23:18,951 alphafold2_ptm_model_4_seed_042 recycle=0 pLDDT=63.8 pTM=0.51
2026-07-23 04:23:41,548 alphafold2_ptm_model_4_seed_042 recycle=1 pLDDT=65.6 pTM=0.533 tol=0.787
2026-07-23 04:24:03,852 alphafold2_ptm_model_4_seed_042 recycle=2 pLDDT=68.3 pTM=0.537 tol=1.19
2026-07-23 04:24:25,935 alphafold2_ptm_model_4_seed_042 recycle=3 pLDDT=70.4 pTM=0.558 tol=1.92
2026-07-23 04:24:25,936 alphafold2_ptm_model_4_seed_042 took 88.3s (3 recycles)
2026-07-23 04:24:48,426 alphafold2_ptm_model_5_seed_042 recycle=0 pLDDT=52.2 pTM=0.408
2026-07-23 04:25:10,240 alphafold2_ptm_model_5_seed_042 recycle=1 pLDDT=77.6 pTM=0.623 tol=2.98
2026-07-23 04:25:32,761 alphafold2_ptm_model_5_seed_042 recycle=2 pLDDT=78.2 pTM=0.613 tol=0.978
2026-07-23 04:25:54,966 alphafold2_ptm_model_5_seed_042 recycle=3 pLDDT=84.4 pTM=0.671 tol=1.21
2026-07-23 04:25:54,966 alphafold2_ptm_model_5_seed_042 took 89.0s (3 recycles)
2026-07-23 04:26:18,642 alphafold2_ptm_model_1_seed_043 recycle=0 pLDDT=63.3 pTM=0.49
2026-07-23 04:26:40,573 alphafold2_ptm_model_1_seed_043 recycle=1 pLDDT=83.6 pTM=0.681 tol=2.5
2026-07-23 04:27:02,678 alphafold2_ptm_model_1_seed_043 recycle=2 pLDDT=88.8 pTM=0.742 tol=0.492
2026-07-23 04:27:24,880 alphafold2_ptm_model_1_seed_043 recycle=3 pLDDT=88.6 pTM=0.74 tol=0.0913
2026-07-23 04:27:24,881 alphafold2_ptm_model_1_seed_043 took 88.9s (3 recycles)
2026-07-23 04:27:47,079 alphafold2_ptm_model_2_seed_043 recycle=0 pLDDT=62.3 pTM=0.497
2026-07-23 04:28:08,957 alphafold2_ptm_model_2_seed_043 recycle=1 pLDDT=70.2 pTM=0.524 tol=2.2
2026-07-23 04:28:30,920 alphafold2_ptm_model_2_seed_043 recycle=2 pLDDT=73.1 pTM=0.588 tol=1.6
2026-07-23 04:28:52,689 alphafold2_ptm_model_2_seed_043 recycle=3 pLDDT=87.8 pTM=0.728 tol=1.38
2026-07-23 04:28:52,690 alphafold2_ptm_model_2_seed_043 took 87.8s (3 recycles)
2026-07-23 04:29:15,250 alphafold2_ptm_model_3_seed_043 recycle=0 pLDDT=58.8 pTM=0.454
2026-07-23 04:29:37,381 alphafold2_ptm_model_3_seed_043 recycle=1 pLDDT=63.2 pTM=0.497 tol=1.06
2026-07-23 04:29:59,372 alphafold2_ptm_model_3_seed_043 recycle=2 pLDDT=71.3 pTM=0.529 tol=1.76
2026-07-23 04:30:21,052 alphafold2_ptm_model_3_seed_043 recycle=3 pLDDT=83.6 pTM=0.668 tol=1.39
2026-07-23 04:30:21,053 alphafold2_ptm_model_3_seed_043 took 88.3s (3 recycles)
2026-07-23 04:30:43,132 alphafold2_ptm_model_4_seed_043 recycle=0 pLDDT=62.8 pTM=0.51
2026-07-23 04:31:04,985 alphafold2_ptm_model_4_seed_043 recycle=1 pLDDT=64.7 pTM=0.524 tol=0.594
2026-07-23 04:31:27,862 alphafold2_ptm_model_4_seed_043 recycle=2 pLDDT=67.4 pTM=0.531 tol=1.27
2026-07-23 04:31:50,399 alphafold2_ptm_model_4_seed_043 recycle=3 pLDDT=67.9 pTM=0.535 tol=1.16
2026-07-23 04:31:50,400 alphafold2_ptm_model_4_seed_043 took 89.1s (3 recycles)
2026-07-23 04:32:12,657 alphafold2_ptm_model_5_seed_043 recycle=0 pLDDT=52.2 pTM=0.411
2026-07-23 04:32:34,780 alphafold2_ptm_model_5_seed_043 recycle=1 pLDDT=78.6 pTM=0.636 tol=2.8
2026-07-23 04:32:56,908 alphafold2_ptm_model_5_seed_043 recycle=2 pLDDT=79.1 pTM=0.63 tol=0.825
2026-07-23 04:33:18,253 alphafold2_ptm_model_5_seed_043 recycle=3 pLDDT=84.1 pTM=0.672 tol=1.47
2026-07-23 04:33:18,254 alphafold2_ptm_model_5_seed_043 took 87.8s (3 recycles)
2026-07-23 04:33:41,122 alphafold2_ptm_model_1_seed_044 recycle=0 pLDDT=67 pTM=0.504
2026-07-23 04:34:02,610 alphafold2_ptm_model_1_seed_044 recycle=1 pLDDT=86 pTM=0.707 tol=2.3
2026-07-23 04:34:24,436 alphafold2_ptm_model_1_seed_044 recycle=2 pLDDT=88.2 pTM=0.735 tol=0.237
2026-07-23 04:34:46,272 alphafold2_ptm_model_1_seed_044 recycle=3 pLDDT=88.7 pTM=0.745 tol=0.0754
2026-07-23 04:34:46,272 alphafold2_ptm_model_1_seed_044 took 87.0s (3 recycles)
2026-07-23 04:35:08,435 alphafold2_ptm_model_2_seed_044 recycle=0 pLDDT=63.6 pTM=0.508
2026-07-23 04:35:30,141 alphafold2_ptm_model_2_seed_044 recycle=1 pLDDT=69.8 pTM=0.542 tol=3.19
2026-07-23 04:35:51,718 alphafold2_ptm_model_2_seed_044 recycle=2 pLDDT=70.8 pTM=0.584 tol=1.57
2026-07-23 04:36:13,595 alphafold2_ptm_model_2_seed_044 recycle=3 pLDDT=69.4 pTM=0.556 tol=0.785
2026-07-23 04:36:13,596 alphafold2_ptm_model_2_seed_044 took 87.3s (3 recycles)
2026-07-23 04:36:35,508 alphafold2_ptm_model_3_seed_044 recycle=0 pLDDT=58.4 pTM=0.456
2026-07-23 04:36:57,150 alphafold2_ptm_model_3_seed_044 recycle=1 pLDDT=59.4 pTM=0.502 tol=4.64
2026-07-23 04:37:18,322 alphafold2_ptm_model_3_seed_044 recycle=2 pLDDT=65.6 pTM=0.519 tol=4.62
2026-07-23 04:37:39,857 alphafold2_ptm_model_3_seed_044 recycle=3 pLDDT=68.1 pTM=0.536 tol=0.755
2026-07-23 04:37:39,858 alphafold2_ptm_model_3_seed_044 took 86.0s (3 recycles)
2026-07-23 04:38:01,429 alphafold2_ptm_model_4_seed_044 recycle=0 pLDDT=62.6 pTM=0.512
2026-07-23 04:38:22,897 alphafold2_ptm_model_4_seed_044 recycle=1 pLDDT=64.9 pTM=0.527 tol=0.594
2026-07-23 04:38:44,599 alphafold2_ptm_model_4_seed_044 recycle=2 pLDDT=67.8 pTM=0.532 tol=1.44
2026-07-23 04:39:06,549 alphafold2_ptm_model_4_seed_044 recycle=3 pLDDT=67.6 pTM=0.534 tol=1.08
2026-07-23 04:39:06,550 alphafold2_ptm_model_4_seed_044 took 86.6s (3 recycles)
2026-07-23 04:39:28,738 alphafold2_ptm_model_5_seed_044 recycle=0 pLDDT=53.5 pTM=0.426
2026-07-23 04:39:50,054 alphafold2_ptm_model_5_seed_044 recycle=1 pLDDT=78.4 pTM=0.637 tol=2.74
2026-07-23 04:40:12,104 alphafold2_ptm_model_5_seed_044 recycle=2 pLDDT=79.1 pTM=0.621 tol=1.24
2026-07-23 04:40:33,963 alphafold2_ptm_model_5_seed_044 recycle=3 pLDDT=84.3 pTM=0.671 tol=1.05
2026-07-23 04:40:33,964 alphafold2_ptm_model_5_seed_044 took 87.3s (3 recycles)
2026-07-23 04:40:34,009 reranking models by 'plddt' metric
2026-07-23 04:40:34,010 rank_001_alphafold2_ptm_model_2_seed_042 pLDDT=89.4 pTM=0.764
2026-07-23 04:40:34,013 rank_002_alphafold2_ptm_model_1_seed_042 pLDDT=88.8 pTM=0.746
2026-07-23 04:40:34,016 rank_003_alphafold2_ptm_model_1_seed_044 pLDDT=88.7 pTM=0.745
2026-07-23 04:40:34,018 rank_004_alphafold2_ptm_model_1_seed_043 pLDDT=88.6 pTM=0.74
2026-07-23 04:40:34,020 rank_005_alphafold2_ptm_model_2_seed_043 pLDDT=87.8 pTM=0.728
2026-07-23 04:40:34,021 rank_006_alphafold2_ptm_model_5_seed_042 pLDDT=84.4 pTM=0.671
2026-07-23 04:40:34,023 rank_007_alphafold2_ptm_model_5_seed_044 pLDDT=84.3 pTM=0.671
2026-07-23 04:40:34,024 rank_008_alphafold2_ptm_model_5_seed_043 pLDDT=84.1 pTM=0.672
2026-07-23 04:40:34,026 rank_009_alphafold2_ptm_model_3_seed_043 pLDDT=83.6 pTM=0.668
2026-07-23 04:40:34,027 rank_010_alphafold2_ptm_model_4_seed_042 pLDDT=70.4 pTM=0.558
2026-07-23 04:40:34,029 rank_011_alphafold2_ptm_model_2_seed_044 pLDDT=69.4 pTM=0.556
2026-07-23 04:40:34,030 rank_012_alphafold2_ptm_model_3_seed_044 pLDDT=68.1 pTM=0.536
2026-07-23 04:40:34,032 rank_013_alphafold2_ptm_model_3_seed_042 pLDDT=67.9 pTM=0.534
2026-07-23 04:40:34,033 rank_014_alphafold2_ptm_model_4_seed_043 pLDDT=67.9 pTM=0.535
2026-07-23 04:40:34,035 rank_015_alphafold2_ptm_model_4_seed_044 pLDDT=67.6 pTM=0.534
2026-07-23 04:40:36,837 Query 39/586: 5KPE_2_6_7_0_combined_id7 (length 108)
2026-07-23 04:41:00,826 alphafold2_ptm_model_1_seed_042 recycle=0 pLDDT=66.1 pTM=0.515
2026-07-23 04:41:22,527 alphafold2_ptm_model_1_seed_042 recycle=1 pLDDT=72.6 pTM=0.596 tol=0.858
2026-07-23 04:41:44,155 alphafold2_ptm_model_1_seed_042 recycle=2 pLDDT=72 pTM=0.584 tol=0.753
2026-07-23 04:42:05,781 alphafold2_ptm_model_1_seed_042 recycle=3 pLDDT=72.1 pTM=0.583 tol=0.323
2026-07-23 04:42:05,781 alphafold2_ptm_model_1_seed_042 took 86.9s (3 recycles)
2026-07-23 04:42:27,764 alphafold2_ptm_model_2_seed_042 recycle=0 pLDDT=75.5 pTM=0.638
2026-07-23 04:42:49,561 alphafold2_ptm_model_2_seed_042 recycle=1 pLDDT=75.3 pTM=0.635 tol=1.11
2026-07-23 04:43:11,968 alphafold2_ptm_model_2_seed_042 recycle=2 pLDDT=75.7 pTM=0.637 tol=0.165
2026-07-23 04:43:33,839 alphafold2_ptm_model_2_seed_042 recycle=3 pLDDT=75 pTM=0.625 tol=0.119
2026-07-23 04:43:33,840 alphafold2_ptm_model_2_seed_042 took 88.0s (3 recycles)
2026-07-23 04:43:55,481 alphafold2_ptm_model_3_seed_042 recycle=0 pLDDT=63.8 pTM=0.501
2026-07-23 04:44:17,250 alphafold2_ptm_model_3_seed_042 recycle=1 pLDDT=80.4 pTM=0.664 tol=3.25
2026-07-23 04:44:39,028 alphafold2_ptm_model_3_seed_042 recycle=2 pLDDT=79.5 pTM=0.64 tol=0.423
2026-07-23 04:45:00,555 alphafold2_ptm_model_3_seed_042 recycle=3 pLDDT=79.6 pTM=0.64 tol=0.144
2026-07-23 04:45:00,556 alphafold2_ptm_model_3_seed_042 took 86.7s (3 recycles)
2026-07-23 04:45:21,782 alphafold2_ptm_model_4_seed_042 recycle=0 pLDDT=74.1 pTM=0.601
2026-07-23 04:45:42,879 alphafold2_ptm_model_4_seed_042 recycle=1 pLDDT=74.1 pTM=0.599 tol=0.572
2026-07-23 04:46:03,887 alphafold2_ptm_model_4_seed_042 recycle=2 pLDDT=73.4 pTM=0.59 tol=0.212
2026-07-23 04:46:25,522 alphafold2_ptm_model_4_seed_042 recycle=3 pLDDT=72.8 pTM=0.576 tol=0.151
2026-07-23 04:46:25,523 alphafold2_ptm_model_4_seed_042 took 84.9s (3 recycles)
2026-07-23 04:46:47,507 alphafold2_ptm_model_5_seed_042 recycle=0 pLDDT=66.5 pTM=0.549
2026-07-23 04:47:09,515 alphafold2_ptm_model_5_seed_042 recycle=1 pLDDT=74.9 pTM=0.616 tol=1.12
2026-07-23 04:47:31,538 alphafold2_ptm_model_5_seed_042 recycle=2 pLDDT=75.4 pTM=0.612 tol=0.296
2026-07-23 04:47:53,692 alphafold2_ptm_model_5_seed_042 recycle=3 pLDDT=76.4 pTM=0.617 tol=0.163
2026-07-23 04:47:53,694 alphafold2_ptm_model_5_seed_042 took 88.1s (3 recycles)
2026-07-23 04:48:16,805 alphafold2_ptm_model_1_seed_043 recycle=0 pLDDT=69.9 pTM=0.556
2026-07-23 04:48:38,817 alphafold2_ptm_model_1_seed_043 recycle=1 pLDDT=70.7 pTM=0.574 tol=0.721
2026-07-23 04:49:00,832 alphafold2_ptm_model_1_seed_043 recycle=2 pLDDT=73.2 pTM=0.599 tol=0.436
2026-07-23 04:49:23,076 alphafold2_ptm_model_1_seed_043 recycle=3 pLDDT=72.6 pTM=0.587 tol=0.353
2026-07-23 04:49:23,076 alphafold2_ptm_model_1_seed_043 took 88.5s (3 recycles)
2026-07-23 04:49:45,000 alphafold2_ptm_model_2_seed_043 recycle=0 pLDDT=74.8 pTM=0.627
2026-07-23 04:50:07,064 alphafold2_ptm_model_2_seed_043 recycle=1 pLDDT=76.1 pTM=0.646 tol=1.09
2026-07-23 04:50:29,333 alphafold2_ptm_model_2_seed_043 recycle=2 pLDDT=75 pTM=0.626 tol=0.241
2026-07-23 04:50:51,678 alphafold2_ptm_model_2_seed_043 recycle=3 pLDDT=75.9 pTM=0.637 tol=0.118
2026-07-23 04:50:51,679 alphafold2_ptm_model_2_seed_043 took 88.5s (3 recycles)
2026-07-23 04:51:13,905 alphafold2_ptm_model_3_seed_043 recycle=0 pLDDT=70.7 pTM=0.532
2026-07-23 04:51:35,802 alphafold2_ptm_model_3_seed_043 recycle=1 pLDDT=80 pTM=0.648 tol=0.559
2026-07-23 04:51:57,964 alphafold2_ptm_model_3_seed_043 recycle=2 pLDDT=78.3 pTM=0.621 tol=0.318
2026-07-23 04:52:19,244 alphafold2_ptm_model_3_seed_043 recycle=3 pLDDT=78.8 pTM=0.626 tol=0.153
2026-07-23 04:52:19,245 alphafold2_ptm_model_3_seed_043 took 87.5s (3 recycles)
2026-07-23 04:52:40,897 alphafold2_ptm_model_4_seed_043 recycle=0 pLDDT=73 pTM=0.589
2026-07-23 04:53:02,293 alphafold2_ptm_model_4_seed_043 recycle=1 pLDDT=74.4 pTM=0.604 tol=0.492
2026-07-23 04:53:23,808 alphafold2_ptm_model_4_seed_043 recycle=2 pLDDT=73.6 pTM=0.59 tol=0.239
2026-07-23 04:53:45,230 alphafold2_ptm_model_4_seed_043 recycle=3 pLDDT=73.3 pTM=0.583 tol=0.161
2026-07-23 04:53:45,232 alphafold2_ptm_model_4_seed_043 took 85.9s (3 recycles)
2026-07-23 04:54:07,008 alphafold2_ptm_model_5_seed_043 recycle=0 pLDDT=73.6 pTM=0.613
2026-07-23 04:54:28,899 alphafold2_ptm_model_5_seed_043 recycle=1 pLDDT=74.8 pTM=0.61 tol=0.528
2026-07-23 04:54:51,115 alphafold2_ptm_model_5_seed_043 recycle=2 pLDDT=76.4 pTM=0.622 tol=0.175
2026-07-23 04:55:12,909 alphafold2_ptm_model_5_seed_043 recycle=3 pLDDT=76.6 pTM=0.62 tol=0.134
2026-07-23 04:55:12,909 alphafold2_ptm_model_5_seed_043 took 87.6s (3 recycles)
2026-07-23 04:55:36,100 alphafold2_ptm_model_1_seed_044 recycle=0 pLDDT=63.4 pTM=0.488
2026-07-23 04:55:58,086 alphafold2_ptm_model_1_seed_044 recycle=1 pLDDT=69.5 pTM=0.56 tol=1.32
2026-07-23 04:56:20,367 alphafold2_ptm_model_1_seed_044 recycle=2 pLDDT=73.4 pTM=0.6 tol=0.393
2026-07-23 04:56:42,342 alphafold2_ptm_model_1_seed_044 recycle=3 pLDDT=73.3 pTM=0.591 tol=0.326
2026-07-23 04:56:42,343 alphafold2_ptm_model_1_seed_044 took 88.3s (3 recycles)
2026-07-23 04:57:04,296 alphafold2_ptm_model_2_seed_044 recycle=0 pLDDT=76.2 pTM=0.642
2026-07-23 04:57:26,597 alphafold2_ptm_model_2_seed_044 recycle=1 pLDDT=76 pTM=0.642 tol=0.434
2026-07-23 04:57:48,604 alphafold2_ptm_model_2_seed_044 recycle=2 pLDDT=75.8 pTM=0.636 tol=0.105
2026-07-23 04:58:10,555 alphafold2_ptm_model_2_seed_044 recycle=3 pLDDT=75.4 pTM=0.628 tol=0.0844
2026-07-23 04:58:10,555 alphafold2_ptm_model_2_seed_044 took 88.1s (3 recycles)
2026-07-23 04:58:32,829 alphafold2_ptm_model_3_seed_044 recycle=0 pLDDT=72.3 pTM=0.547
2026-07-23 04:58:54,473 alphafold2_ptm_model_3_seed_044 recycle=1 pLDDT=80.1 pTM=0.646 tol=0.519
2026-07-23 04:59:16,528 alphafold2_ptm_model_3_seed_044 recycle=2 pLDDT=79.1 pTM=0.631 tol=0.259
2026-07-23 04:59:38,642 alphafold2_ptm_model_3_seed_044 recycle=3 pLDDT=79.1 pTM=0.631 tol=0.118
2026-07-23 04:59:38,643 alphafold2_ptm_model_3_seed_044 took 87.8s (3 recycles)
2026-07-23 05:00:00,602 alphafold2_ptm_model_4_seed_044 recycle=0 pLDDT=74.1 pTM=0.605
2026-07-23 05:00:22,517 alphafold2_ptm_model_4_seed_044 recycle=1 pLDDT=75.1 pTM=0.614 tol=0.438
2026-07-23 05:00:43,667 alphafold2_ptm_model_4_seed_044 recycle=2 pLDDT=74.3 pTM=0.599 tol=0.3
2026-07-23 05:01:05,302 alphafold2_ptm_model_4_seed_044 recycle=3 pLDDT=73.6 pTM=0.586 tol=0.0923
2026-07-23 05:01:05,303 alphafold2_ptm_model_4_seed_044 took 86.6s (3 recycles)
2026-07-23 05:01:26,896 alphafold2_ptm_model_5_seed_044 recycle=0 pLDDT=71 pTM=0.593
2026-07-23 05:01:48,720 alphafold2_ptm_model_5_seed_044 recycle=1 pLDDT=74.1 pTM=0.605 tol=0.458
2026-07-23 05:02:10,386 alphafold2_ptm_model_5_seed_044 recycle=2 pLDDT=75.6 pTM=0.613 tol=0.168
2026-07-23 05:02:32,126 alphafold2_ptm_model_5_seed_044 recycle=3 pLDDT=76.1 pTM=0.615 tol=0.117
2026-07-23 05:02:32,128 alphafold2_ptm_model_5_seed_044 took 86.8s (3 recycles)
2026-07-23 05:02:32,207 reranking models by 'plddt' metric
2026-07-23 05:02:32,207 rank_001_alphafold2_ptm_model_3_seed_042 pLDDT=79.6 pTM=0.64
2026-07-23 05:02:32,209 rank_002_alphafold2_ptm_model_3_seed_044 pLDDT=79.1 pTM=0.631
2026-07-23 05:02:32,211 rank_003_alphafold2_ptm_model_3_seed_043 pLDDT=78.8 pTM=0.626
2026-07-23 05:02:32,213 rank_004_alphafold2_ptm_model_5_seed_043 pLDDT=76.6 pTM=0.62
2026-07-23 05:02:32,214 rank_005_alphafold2_ptm_model_5_seed_042 pLDDT=76.4 pTM=0.617
2026-07-23 05:02:32,216 rank_006_alphafold2_ptm_model_5_seed_044 pLDDT=76.1 pTM=0.615
2026-07-23 05:02:32,218 rank_007_alphafold2_ptm_model_2_seed_043 pLDDT=75.9 pTM=0.637
2026-07-23 05:02:32,220 rank_008_alphafold2_ptm_model_2_seed_044 pLDDT=75.4 pTM=0.628
2026-07-23 05:02:32,222 rank_009_alphafold2_ptm_model_2_seed_042 pLDDT=75 pTM=0.625
2026-07-23 05:02:32,223 rank_010_alphafold2_ptm_model_4_seed_044 pLDDT=73.6 pTM=0.586
2026-07-23 05:02:32,225 rank_011_alphafold2_ptm_model_1_seed_044 pLDDT=73.3 pTM=0.591
2026-07-23 05:02:32,226 rank_012_alphafold2_ptm_model_4_seed_043 pLDDT=73.3 pTM=0.583
2026-07-23 05:02:32,228 rank_013_alphafold2_ptm_model_4_seed_042 pLDDT=72.8 pTM=0.576
2026-07-23 05:02:32,229 rank_014_alphafold2_ptm_model_1_seed_043 pLDDT=72.6 pTM=0.587
2026-07-23 05:02:32,230 rank_015_alphafold2_ptm_model_1_seed_042 pLDDT=72.1 pTM=0.583
2026-07-23 05:02:35,425 Query 40/586: 5KPE_2_6_7_0_combined_id0 (length 108)
2026-07-23 05:03:00,080 alphafold2_ptm_model_1_seed_042 recycle=0 pLDDT=56.2 pTM=0.364
2026-07-23 05:03:22,727 alphafold2_ptm_model_1_seed_042 recycle=1 pLDDT=70.6 pTM=0.547 tol=1.76
2026-07-23 05:03:45,162 alphafold2_ptm_model_1_seed_042 recycle=2 pLDDT=73.9 pTM=0.579 tol=0.636
2026-07-23 05:04:07,678 alphafold2_ptm_model_1_seed_042 recycle=3 pLDDT=77.8 pTM=0.62 tol=0.167
2026-07-23 05:04:07,678 alphafold2_ptm_model_1_seed_042 took 89.9s (3 recycles)
2026-07-23 05:04:29,871 alphafold2_ptm_model_2_seed_042 recycle=0 pLDDT=68.9 pTM=0.525
2026-07-23 05:04:52,481 alphafold2_ptm_model_2_seed_042 recycle=1 pLDDT=77.1 pTM=0.616 tol=0.953
2026-07-23 05:05:14,949 alphafold2_ptm_model_2_seed_042 recycle=2 pLDDT=81.9 pTM=0.668 tol=0.352
2026-07-23 05:05:37,120 alphafold2_ptm_model_2_seed_042 recycle=3 pLDDT=85.3 pTM=0.716 tol=0.182
2026-07-23 05:05:37,121 alphafold2_ptm_model_2_seed_042 took 89.4s (3 recycles)
2026-07-23 05:05:59,414 alphafold2_ptm_model_3_seed_042 recycle=0 pLDDT=70.7 pTM=0.495
2026-07-23 05:06:21,581 alphafold2_ptm_model_3_seed_042 recycle=1 pLDDT=84.5 pTM=0.678 tol=1.86
2026-07-23 05:06:43,909 alphafold2_ptm_model_3_seed_042 recycle=2 pLDDT=85 pTM=0.701 tol=0.299
2026-07-23 05:07:06,350 alphafold2_ptm_model_3_seed_042 recycle=3 pLDDT=87.1 pTM=0.728 tol=0.126
2026-07-23 05:07:06,350 alphafold2_ptm_model_3_seed_042 took 89.0s (3 recycles)
2026-07-23 05:07:28,382 alphafold2_ptm_model_4_seed_042 recycle=0 pLDDT=62.8 pTM=0.402
2026-07-23 05:07:50,624 alphafold2_ptm_model_4_seed_042 recycle=1 pLDDT=75.1 pTM=0.596 tol=2.73
2026-07-23 05:08:12,944 alphafold2_ptm_model_4_seed_042 recycle=2 pLDDT=82.6 pTM=0.675 tol=0.52
2026-07-23 05:08:35,390 alphafold2_ptm_model_4_seed_042 recycle=3 pLDDT=83.9 pTM=0.697 tol=0.193
2026-07-23 05:08:35,391 alphafold2_ptm_model_4_seed_042 took 89.0s (3 recycles)
2026-07-23 05:08:57,883 alphafold2_ptm_model_5_seed_042 recycle=0 pLDDT=59.9 pTM=0.327
2026-07-23 05:09:20,493 alphafold2_ptm_model_5_seed_042 recycle=1 pLDDT=66.6 pTM=0.511 tol=9.51
2026-07-23 05:09:42,836 alphafold2_ptm_model_5_seed_042 recycle=2 pLDDT=65.9 pTM=0.513 tol=0.633
2026-07-23 05:10:05,315 alphafold2_ptm_model_5_seed_042 recycle=3 pLDDT=66.8 pTM=0.511 tol=2.87
2026-07-23 05:10:05,315 alphafold2_ptm_model_5_seed_042 took 89.9s (3 recycles)
2026-07-23 05:10:28,657 alphafold2_ptm_model_1_seed_043 recycle=0 pLDDT=55.4 pTM=0.347
2026-07-23 05:10:51,072 alphafold2_ptm_model_1_seed_043 recycle=1 pLDDT=68.2 pTM=0.532 tol=2.96
2026-07-23 05:11:13,488 alphafold2_ptm_model_1_seed_043 recycle=2 pLDDT=72.4 pTM=0.563 tol=0.847
2026-07-23 05:11:35,460 alphafold2_ptm_model_1_seed_043 recycle=3 pLDDT=75.2 pTM=0.588 tol=0.164
2026-07-23 05:11:35,460 alphafold2_ptm_model_1_seed_043 took 89.1s (3 recycles)
2026-07-23 05:11:58,131 alphafold2_ptm_model_2_seed_043 recycle=0 pLDDT=68.6 pTM=0.52
2026-07-23 05:12:20,570 alphafold2_ptm_model_2_seed_043 recycle=1 pLDDT=76.6 pTM=0.608 tol=0.85
2026-07-23 05:12:42,613 alphafold2_ptm_model_2_seed_043 recycle=2 pLDDT=81.3 pTM=0.657 tol=0.366
2026-07-23 05:13:04,985 alphafold2_ptm_model_2_seed_043 recycle=3 pLDDT=85.4 pTM=0.717 tol=0.217
2026-07-23 05:13:04,986 alphafold2_ptm_model_2_seed_043 took 89.4s (3 recycles)
2026-07-23 05:13:27,039 alphafold2_ptm_model_3_seed_043 recycle=0 pLDDT=69.6 pTM=0.485
2026-07-23 05:13:49,120 alphafold2_ptm_model_3_seed_043 recycle=1 pLDDT=84.3 pTM=0.675 tol=1.83
2026-07-23 05:14:11,671 alphafold2_ptm_model_3_seed_043 recycle=2 pLDDT=84.8 pTM=0.694 tol=0.248
2026-07-23 05:14:33,910 alphafold2_ptm_model_3_seed_043 recycle=3 pLDDT=86.6 pTM=0.721 tol=0.108
2026-07-23 05:14:33,911 alphafold2_ptm_model_3_seed_043 took 88.8s (3 recycles)
2026-07-23 05:14:56,370 alphafold2_ptm_model_4_seed_043 recycle=0 pLDDT=63.8 pTM=0.407
2026-07-23 05:15:18,522 alphafold2_ptm_model_4_seed_043 recycle=1 pLDDT=75.4 pTM=0.599 tol=2.68
2026-07-23 05:15:40,495 alphafold2_ptm_model_4_seed_043 recycle=2 pLDDT=82.9 pTM=0.673 tol=0.714
2026-07-23 05:16:02,674 alphafold2_ptm_model_4_seed_043 recycle=3 pLDDT=84.6 pTM=0.699 tol=0.214
2026-07-23 05:16:02,675 alphafold2_ptm_model_4_seed_043 took 88.7s (3 recycles)
2026-07-23 05:16:24,660 alphafold2_ptm_model_5_seed_043 recycle=0 pLDDT=62.2 pTM=0.319
2026-07-23 05:16:46,763 alphafold2_ptm_model_5_seed_043 recycle=1 pLDDT=65.9 pTM=0.512 tol=9.8
2026-07-23 05:17:09,048 alphafold2_ptm_model_5_seed_043 recycle=2 pLDDT=66.4 pTM=0.521 tol=0.636
2026-07-23 05:17:31,209 alphafold2_ptm_model_5_seed_043 recycle=3 pLDDT=67.6 pTM=0.521 tol=2.78
2026-07-23 05:17:31,210 alphafold2_ptm_model_5_seed_043 took 88.5s (3 recycles)
2026-07-23 05:17:54,168 alphafold2_ptm_model_1_seed_044 recycle=0 pLDDT=56.8 pTM=0.379
2026-07-23 05:18:16,299 alphafold2_ptm_model_1_seed_044 recycle=1 pLDDT=69.9 pTM=0.541 tol=1.57
2026-07-23 05:18:38,049 alphafold2_ptm_model_1_seed_044 recycle=2 pLDDT=72.7 pTM=0.565 tol=0.38
2026-07-23 05:19:00,191 alphafold2_ptm_model_1_seed_044 recycle=3 pLDDT=77.4 pTM=0.614 tol=0.212
2026-07-23 05:19:00,191 alphafold2_ptm_model_1_seed_044 took 87.9s (3 recycles)
2026-07-23 05:19:22,112 alphafold2_ptm_model_2_seed_044 recycle=0 pLDDT=68.4 pTM=0.524
2026-07-23 05:19:44,029 alphafold2_ptm_model_2_seed_044 recycle=1 pLDDT=78.1 pTM=0.625 tol=0.898
2026-07-23 05:20:06,126 alphafold2_ptm_model_2_seed_044 recycle=2 pLDDT=82.4 pTM=0.672 tol=0.368
2026-07-23 05:20:28,075 alphafold2_ptm_model_2_seed_044 recycle=3 pLDDT=85.7 pTM=0.72 tol=0.193
2026-07-23 05:20:28,076 alphafold2_ptm_model_2_seed_044 took 87.8s (3 recycles)
2026-07-23 05:20:50,216 alphafold2_ptm_model_3_seed_044 recycle=0 pLDDT=71.8 pTM=0.511
2026-07-23 05:21:12,078 alphafold2_ptm_model_3_seed_044 recycle=1 pLDDT=84.7 pTM=0.683 tol=1.83
2026-07-23 05:21:34,048 alphafold2_ptm_model_3_seed_044 recycle=2 pLDDT=84.9 pTM=0.699 tol=0.234
2026-07-23 05:21:55,675 alphafold2_ptm_model_3_seed_044 recycle=3 pLDDT=87.2 pTM=0.728 tol=0.111
2026-07-23 05:21:55,676 alphafold2_ptm_model_3_seed_044 took 87.5s (3 recycles)
2026-07-23 05:22:17,511 alphafold2_ptm_model_4_seed_044 recycle=0 pLDDT=63.8 pTM=0.41
2026-07-23 05:22:39,552 alphafold2_ptm_model_4_seed_044 recycle=1 pLDDT=77.7 pTM=0.628 tol=2.35
2026-07-23 05:23:02,057 alphafold2_ptm_model_4_seed_044 recycle=2 pLDDT=83.3 pTM=0.684 tol=0.452
2026-07-23 05:23:23,741 alphafold2_ptm_model_4_seed_044 recycle=3 pLDDT=84.7 pTM=0.705 tol=0.164
2026-07-23 05:23:23,742 alphafold2_ptm_model_4_seed_044 took 88.0s (3 recycles)
2026-07-23 05:23:45,809 alphafold2_ptm_model_5_seed_044 recycle=0 pLDDT=60.7 pTM=0.327
2026-07-23 05:24:07,777 alphafold2_ptm_model_5_seed_044 recycle=1 pLDDT=66.9 pTM=0.51 tol=12.5
2026-07-23 05:24:29,788 alphafold2_ptm_model_5_seed_044 recycle=2 pLDDT=67 pTM=0.522 tol=0.758
2026-07-23 05:24:52,173 alphafold2_ptm_model_5_seed_044 recycle=3 pLDDT=68.2 pTM=0.527 tol=2.75
2026-07-23 05:24:52,174 alphafold2_ptm_model_5_seed_044 took 88.4s (3 recycles)
2026-07-23 05:24:52,257 reranking models by 'plddt' metric
2026-07-23 05:24:52,257 rank_001_alphafold2_ptm_model_3_seed_044 pLDDT=87.2 pTM=0.728
2026-07-23 05:24:52,260 rank_002_alphafold2_ptm_model_3_seed_042 pLDDT=87.1 pTM=0.728
2026-07-23 05:24:52,262 rank_003_alphafold2_ptm_model_3_seed_043 pLDDT=86.6 pTM=0.721
2026-07-23 05:24:52,264 rank_004_alphafold2_ptm_model_2_seed_044 pLDDT=85.7 pTM=0.72
2026-07-23 05:24:52,266 rank_005_alphafold2_ptm_model_2_seed_043 pLDDT=85.4 pTM=0.717
2026-07-23 05:24:52,268 rank_006_alphafold2_ptm_model_2_seed_042 pLDDT=85.3 pTM=0.716
2026-07-23 05:24:52,270 rank_007_alphafold2_ptm_model_4_seed_044 pLDDT=84.7 pTM=0.705
2026-07-23 05:24:52,272 rank_008_alphafold2_ptm_model_4_seed_043 pLDDT=84.6 pTM=0.699
2026-07-23 05:24:52,274 rank_009_alphafold2_ptm_model_4_seed_042 pLDDT=83.9 pTM=0.697
2026-07-23 05:24:52,276 rank_010_alphafold2_ptm_model_1_seed_042 pLDDT=77.8 pTM=0.62
2026-07-23 05:24:52,278 rank_011_alphafold2_ptm_model_1_seed_044 pLDDT=77.4 pTM=0.614
2026-07-23 05:24:52,279 rank_012_alphafold2_ptm_model_1_seed_043 pLDDT=75.2 pTM=0.588
2026-07-23 05:24:52,281 rank_013_alphafold2_ptm_model_5_seed_044 pLDDT=68.2 pTM=0.527
2026-07-23 05:24:52,283 rank_014_alphafold2_ptm_model_5_seed_043 pLDDT=67.6 pTM=0.521
2026-07-23 05:24:52,284 rank_015_alphafold2_ptm_model_5_seed_042 pLDDT=66.8 pTM=0.511
2026-07-23 05:24:55,718 Query 41/586: 5KPE_2_6_7_0_combined_id2 (length 108)
2026-07-23 05:25:19,502 alphafold2_ptm_model_1_seed_042 recycle=0 pLDDT=71.6 pTM=0.529
2026-07-23 05:25:41,484 alphafold2_ptm_model_1_seed_042 recycle=1 pLDDT=72.5 pTM=0.572 tol=5.16
2026-07-23 05:26:03,520 alphafold2_ptm_model_1_seed_042 recycle=2 pLDDT=69.6 pTM=0.566 tol=0.58
2026-07-23 05:26:25,625 alphafold2_ptm_model_1_seed_042 recycle=3 pLDDT=69.2 pTM=0.566 tol=0.491
2026-07-23 05:26:25,626 alphafold2_ptm_model_1_seed_042 took 88.1s (3 recycles)
2026-07-23 05:26:47,934 alphafold2_ptm_model_2_seed_042 recycle=0 pLDDT=71.4 pTM=0.526
2026-07-23 05:27:10,090 alphafold2_ptm_model_2_seed_042 recycle=1 pLDDT=67.2 pTM=0.532 tol=2.09
2026-07-23 05:27:32,100 alphafold2_ptm_model_2_seed_042 recycle=2 pLDDT=67.6 pTM=0.552 tol=7.43
2026-07-23 05:27:54,470 alphafold2_ptm_model_2_seed_042 recycle=3 pLDDT=67.2 pTM=0.538 tol=2.73
2026-07-23 05:27:54,471 alphafold2_ptm_model_2_seed_042 took 88.8s (3 recycles)
2026-07-23 05:28:16,234 alphafold2_ptm_model_3_seed_042 recycle=0 pLDDT=70.7 pTM=0.499
2026-07-23 05:28:38,285 alphafold2_ptm_model_3_seed_042 recycle=1 pLDDT=71.9 pTM=0.539 tol=4.29
2026-07-23 05:29:00,608 alphafold2_ptm_model_3_seed_042 recycle=2 pLDDT=70.5 pTM=0.536 tol=0.931
2026-07-23 05:29:22,845 alphafold2_ptm_model_3_seed_042 recycle=3 pLDDT=66 pTM=0.518 tol=4.14
2026-07-23 05:29:22,846 alphafold2_ptm_model_3_seed_042 took 88.3s (3 recycles)
2026-07-23 05:29:44,886 alphafold2_ptm_model_4_seed_042 recycle=0 pLDDT=67.7 pTM=0.499
2026-07-23 05:30:07,205 alphafold2_ptm_model_4_seed_042 recycle=1 pLDDT=71 pTM=0.572 tol=0.912
2026-07-23 05:30:29,381 alphafold2_ptm_model_4_seed_042 recycle=2 pLDDT=68.6 pTM=0.539 tol=2.04
2026-07-23 05:30:51,590 alphafold2_ptm_model_4_seed_042 recycle=3 pLDDT=68.9 pTM=0.541 tol=0.413
2026-07-23 05:30:51,591 alphafold2_ptm_model_4_seed_042 took 88.6s (3 recycles)
2026-07-23 05:31:13,821 alphafold2_ptm_model_5_seed_042 recycle=0 pLDDT=71.2 pTM=0.526
2026-07-23 05:31:35,737 alphafold2_ptm_model_5_seed_042 recycle=1 pLDDT=73.5 pTM=0.573 tol=7.33
2026-07-23 05:31:57,932 alphafold2_ptm_model_5_seed_042 recycle=2 pLDDT=72.4 pTM=0.571 tol=1.02
2026-07-23 05:32:19,199 alphafold2_ptm_model_5_seed_042 recycle=3 pLDDT=71.6 pTM=0.56 tol=0.269
2026-07-23 05:32:19,200 alphafold2_ptm_model_5_seed_042 took 87.5s (3 recycles)
2026-07-23 05:32:42,068 alphafold2_ptm_model_1_seed_043 recycle=0 pLDDT=70.9 pTM=0.521
2026-07-23 05:33:04,165 alphafold2_ptm_model_1_seed_043 recycle=1 pLDDT=70.1 pTM=0.561 tol=5.51
2026-07-23 05:33:25,941 alphafold2_ptm_model_1_seed_043 recycle=2 pLDDT=67.8 pTM=0.56 tol=0.591
2026-07-23 05:33:47,886 alphafold2_ptm_model_1_seed_043 recycle=3 pLDDT=64.2 pTM=0.542 tol=3.49
2026-07-23 05:33:47,893 alphafold2_ptm_model_1_seed_043 took 87.7s (3 recycles)
2026-07-23 05:34:10,201 alphafold2_ptm_model_2_seed_043 recycle=0 pLDDT=70.8 pTM=0.515
2026-07-23 05:34:32,169 alphafold2_ptm_model_2_seed_043 recycle=1 pLDDT=66.6 pTM=0.527 tol=1.7
2026-07-23 05:34:54,546 alphafold2_ptm_model_2_seed_043 recycle=2 pLDDT=67.3 pTM=0.542 tol=6
2026-07-23 05:35:16,218 alphafold2_ptm_model_2_seed_043 recycle=3 pLDDT=67 pTM=0.537 tol=0.603
2026-07-23 05:35:16,219 alphafold2_ptm_model_2_seed_043 took 88.2s (3 recycles)
2026-07-23 05:35:37,942 alphafold2_ptm_model_3_seed_043 recycle=0 pLDDT=69.7 pTM=0.486
2026-07-23 05:35:59,900 alphafold2_ptm_model_3_seed_043 recycle=1 pLDDT=69.7 pTM=0.531 tol=2.91
2026-07-23 05:36:21,799 alphafold2_ptm_model_3_seed_043 recycle=2 pLDDT=69.8 pTM=0.534 tol=2.32
2026-07-23 05:36:43,958 alphafold2_ptm_model_3_seed_043 recycle=3 pLDDT=65.2 pTM=0.513 tol=3.93
2026-07-23 05:36:43,959 alphafold2_ptm_model_3_seed_043 took 87.7s (3 recycles)
2026-07-23 05:37:05,591 alphafold2_ptm_model_4_seed_043 recycle=0 pLDDT=67.1 pTM=0.504
2026-07-23 05:37:27,617 alphafold2_ptm_model_4_seed_043 recycle=1 pLDDT=69.2 pTM=0.561 tol=1.25
2026-07-23 05:37:49,713 alphafold2_ptm_model_4_seed_043 recycle=2 pLDDT=67.8 pTM=0.541 tol=2.02
2026-07-23 05:38:12,083 alphafold2_ptm_model_4_seed_043 recycle=3 pLDDT=67.5 pTM=0.532 tol=1.37
2026-07-23 05:38:12,084 alphafold2_ptm_model_4_seed_043 took 88.1s (3 recycles)
2026-07-23 05:38:34,422 alphafold2_ptm_model_5_seed_043 recycle=0 pLDDT=66.9 pTM=0.491
2026-07-23 05:38:56,221 alphafold2_ptm_model_5_seed_043 recycle=1 pLDDT=72.3 pTM=0.564 tol=4.52
2026-07-23 05:39:17,704 alphafold2_ptm_model_5_seed_043 recycle=2 pLDDT=72 pTM=0.569 tol=1.15
2026-07-23 05:39:39,458 alphafold2_ptm_model_5_seed_043 recycle=3 pLDDT=71.1 pTM=0.556 tol=0.412
2026-07-23 05:39:39,459 alphafold2_ptm_model_5_seed_043 took 87.2s (3 recycles)
2026-07-23 05:40:01,811 alphafold2_ptm_model_1_seed_044 recycle=0 pLDDT=72.8 pTM=0.525
2026-07-23 05:40:23,641 alphafold2_ptm_model_1_seed_044 recycle=1 pLDDT=71.8 pTM=0.567 tol=7.41
2026-07-23 05:40:45,447 alphafold2_ptm_model_1_seed_044 recycle=2 pLDDT=69.1 pTM=0.562 tol=0.634
2026-07-23 05:41:07,435 alphafold2_ptm_model_1_seed_044 recycle=3 pLDDT=67.9 pTM=0.557 tol=0.826
2026-07-23 05:41:07,436 alphafold2_ptm_model_1_seed_044 took 87.1s (3 recycles)
2026-07-23 05:41:29,228 alphafold2_ptm_model_2_seed_044 recycle=0 pLDDT=69.6 pTM=0.513
2026-07-23 05:41:51,218 alphafold2_ptm_model_2_seed_044 recycle=1 pLDDT=67.6 pTM=0.529 tol=2.6
2026-07-23 05:42:12,647 alphafold2_ptm_model_2_seed_044 recycle=2 pLDDT=67.2 pTM=0.54 tol=6.54
2026-07-23 05:42:34,078 alphafold2_ptm_model_2_seed_044 recycle=3 pLDDT=66.6 pTM=0.536 tol=0.735
2026-07-23 05:42:34,079 alphafold2_ptm_model_2_seed_044 took 86.5s (3 recycles)
2026-07-23 05:42:55,681 alphafold2_ptm_model_3_seed_044 recycle=0 pLDDT=68.6 pTM=0.461
2026-07-23 05:43:17,542 alphafold2_ptm_model_3_seed_044 recycle=1 pLDDT=69.7 pTM=0.529 tol=1.16
2026-07-23 05:43:39,345 alphafold2_ptm_model_3_seed_044 recycle=2 pLDDT=69 pTM=0.526 tol=3.73
2026-07-23 05:44:00,935 alphafold2_ptm_model_3_seed_044 recycle=3 pLDDT=64.9 pTM=0.515 tol=3.62
2026-07-23 05:44:00,935 alphafold2_ptm_model_3_seed_044 took 86.8s (3 recycles)
2026-07-23 05:44:22,274 alphafold2_ptm_model_4_seed_044 recycle=0 pLDDT=68.2 pTM=0.516
2026-07-23 05:44:43,783 alphafold2_ptm_model_4_seed_044 recycle=1 pLDDT=70.9 pTM=0.571 tol=0.971
2026-07-23 05:45:05,582 alphafold2_ptm_model_4_seed_044 recycle=2 pLDDT=68.6 pTM=0.538 tol=1.92
2026-07-23 05:45:27,157 alphafold2_ptm_model_4_seed_044 recycle=3 pLDDT=68.6 pTM=0.542 tol=0.757
2026-07-23 05:45:27,158 alphafold2_ptm_model_4_seed_044 took 86.0s (3 recycles)
2026-07-23 05:45:48,850 alphafold2_ptm_model_5_seed_044 recycle=0 pLDDT=70.4 pTM=0.517
2026-07-23 05:46:10,833 alphafold2_ptm_model_5_seed_044 recycle=1 pLDDT=73.4 pTM=0.575 tol=8.8
2026-07-23 05:46:32,417 alphafold2_ptm_model_5_seed_044 recycle=2 pLDDT=72.2 pTM=0.569 tol=0.895
2026-07-23 05:46:53,657 alphafold2_ptm_model_5_seed_044 recycle=3 pLDDT=71.3 pTM=0.558 tol=0.258
2026-07-23 05:46:53,658 alphafold2_ptm_model_5_seed_044 took 86.4s (3 recycles)
2026-07-23 05:46:53,691 reranking models by 'plddt' metric
2026-07-23 05:46:53,691 rank_001_alphafold2_ptm_model_5_seed_042 pLDDT=71.6 pTM=0.56
2026-07-23 05:46:53,695 rank_002_alphafold2_ptm_model_5_seed_044 pLDDT=71.3 pTM=0.558
2026-07-23 05:46:53,696 rank_003_alphafold2_ptm_model_5_seed_043 pLDDT=71.1 pTM=0.556
2026-07-23 05:46:53,698 rank_004_alphafold2_ptm_model_1_seed_042 pLDDT=69.2 pTM=0.566
2026-07-23 05:46:53,700 rank_005_alphafold2_ptm_model_4_seed_042 pLDDT=68.9 pTM=0.541
2026-07-23 05:46:53,703 rank_006_alphafold2_ptm_model_4_seed_044 pLDDT=68.6 pTM=0.542
2026-07-23 05:46:53,704 rank_007_alphafold2_ptm_model_1_seed_044 pLDDT=67.9 pTM=0.557
2026-07-23 05:46:53,706 rank_008_alphafold2_ptm_model_4_seed_043 pLDDT=67.5 pTM=0.532
2026-07-23 05:46:53,708 rank_009_alphafold2_ptm_model_2_seed_042 pLDDT=67.2 pTM=0.538
2026-07-23 05:46:53,709 rank_010_alphafold2_ptm_model_2_seed_043 pLDDT=67 pTM=0.537
2026-07-23 05:46:53,711 rank_011_alphafold2_ptm_model_2_seed_044 pLDDT=66.6 pTM=0.536
2026-07-23 05:46:53,713 rank_012_alphafold2_ptm_model_3_seed_042 pLDDT=66 pTM=0.518
2026-07-23 05:46:53,715 rank_013_alphafold2_ptm_model_3_seed_043 pLDDT=65.2 pTM=0.513
2026-07-23 05:46:53,717 rank_014_alphafold2_ptm_model_3_seed_044 pLDDT=64.9 pTM=0.515
2026-07-23 05:46:53,719 rank_015_alphafold2_ptm_model_1_seed_043 pLDDT=64.2 pTM=0.542
2026-07-23 05:46:57,040 Query 42/586: 5KPE_2_6_7_0_combined_id3 (length 108)
2026-07-23 05:47:21,877 alphafold2_ptm_model_1_seed_042 recycle=0 pLDDT=60.3 pTM=0.465
2026-07-23 05:47:43,894 alphafold2_ptm_model_1_seed_042 recycle=1 pLDDT=79.8 pTM=0.655 tol=2.59
2026-07-23 05:48:06,167 alphafold2_ptm_model_1_seed_042 recycle=2 pLDDT=88.3 pTM=0.73 tol=0.438
2026-07-23 05:48:27,988 alphafold2_ptm_model_1_seed_042 recycle=3 pLDDT=89.1 pTM=0.736 tol=0.102
2026-07-23 05:48:27,988 alphafold2_ptm_model_1_seed_042 took 88.2s (3 recycles)
2026-07-23 05:48:50,460 alphafold2_ptm_model_2_seed_042 recycle=0 pLDDT=65.7 pTM=0.502
2026-07-23 05:49:12,696 alphafold2_ptm_model_2_seed_042 recycle=1 pLDDT=81.3 pTM=0.683 tol=1.49
2026-07-23 05:49:34,635 alphafold2_ptm_model_2_seed_042 recycle=2 pLDDT=90.5 pTM=0.787 tol=0.367
2026-07-23 05:49:56,229 alphafold2_ptm_model_2_seed_042 recycle=3 pLDDT=92.6 pTM=0.82 tol=0.167
2026-07-23 05:49:56,230 alphafold2_ptm_model_2_seed_042 took 88.2s (3 recycles)
2026-07-23 05:50:17,896 alphafold2_ptm_model_3_seed_042 recycle=0 pLDDT=67.4 pTM=0.499
2026-07-23 05:50:39,873 alphafold2_ptm_model_3_seed_042 recycle=1 pLDDT=85.7 pTM=0.712 tol=0.982
2026-07-23 05:51:02,215 alphafold2_ptm_model_3_seed_042 recycle=2 pLDDT=88.9 pTM=0.759 tol=0.264
2026-07-23 05:51:23,700 alphafold2_ptm_model_3_seed_042 recycle=3 pLDDT=89.8 pTM=0.773 tol=0.0825
2026-07-23 05:51:23,700 alphafold2_ptm_model_3_seed_042 took 87.4s (3 recycles)
2026-07-23 05:51:45,524 alphafold2_ptm_model_4_seed_042 recycle=0 pLDDT=53.7 pTM=0.349
2026-07-23 05:52:07,756 alphafold2_ptm_model_4_seed_042 recycle=1 pLDDT=76.8 pTM=0.617 tol=3.42
2026-07-23 05:52:29,746 alphafold2_ptm_model_4_seed_042 recycle=2 pLDDT=85 pTM=0.715 tol=0.547
2026-07-23 05:52:52,093 alphafold2_ptm_model_4_seed_042 recycle=3 pLDDT=86.8 pTM=0.739 tol=0.21
2026-07-23 05:52:52,100 alphafold2_ptm_model_4_seed_042 took 88.3s (3 recycles)
2026-07-23 05:53:14,229 alphafold2_ptm_model_5_seed_042 recycle=0 pLDDT=56.2 pTM=0.417
2026-07-23 05:53:36,649 alphafold2_ptm_model_5_seed_042 recycle=1 pLDDT=73.4 pTM=0.593 tol=1.96
2026-07-23 05:53:59,145 alphafold2_ptm_model_5_seed_042 recycle=2 pLDDT=79.2 pTM=0.637 tol=0.654
2026-07-23 05:54:21,477 alphafold2_ptm_model_5_seed_042 recycle=3 pLDDT=82.2 pTM=0.674 tol=0.203
2026-07-23 05:54:21,477 alphafold2_ptm_model_5_seed_042 took 89.3s (3 recycles)
2026-07-23 05:54:44,205 alphafold2_ptm_model_1_seed_043 recycle=0 pLDDT=58.3 pTM=0.464
2026-07-23 05:55:06,413 alphafold2_ptm_model_1_seed_043 recycle=1 pLDDT=76.6 pTM=0.625 tol=2.19
2026-07-23 05:55:28,558 alphafold2_ptm_model_1_seed_043 recycle=2 pLDDT=86.5 pTM=0.712 tol=0.44
2026-07-23 05:55:50,330 alphafold2_ptm_model_1_seed_043 recycle=3 pLDDT=88.4 pTM=0.727 tol=0.116
2026-07-23 05:55:50,330 alphafold2_ptm_model_1_seed_043 took 88.0s (3 recycles)
2026-07-23 05:56:12,208 alphafold2_ptm_model_2_seed_043 recycle=0 pLDDT=65.8 pTM=0.502
2026-07-23 05:56:33,212 alphafold2_ptm_model_2_seed_043 recycle=1 pLDDT=78.3 pTM=0.654 tol=1.36
2026-07-23 05:56:55,036 alphafold2_ptm_model_2_seed_043 recycle=2 pLDDT=90.2 pTM=0.776 tol=0.538
2026-07-23 05:57:17,028 alphafold2_ptm_model_2_seed_043 recycle=3 pLDDT=92.2 pTM=0.812 tol=0.195
2026-07-23 05:57:17,028 alphafold2_ptm_model_2_seed_043 took 86.6s (3 recycles)
2026-07-23 05:57:38,886 alphafold2_ptm_model_3_seed_043 recycle=0 pLDDT=67.1 pTM=0.51
2026-07-23 05:58:00,700 alphafold2_ptm_model_3_seed_043 recycle=1 pLDDT=83.3 pTM=0.679 tol=1.65
2026-07-23 05:58:22,443 alphafold2_ptm_model_3_seed_043 recycle=2 pLDDT=88.8 pTM=0.756 tol=0.4
2026-07-23 05:58:44,057 alphafold2_ptm_model_3_seed_043 recycle=3 pLDDT=89.5 pTM=0.769 tol=0.0753
2026-07-23 05:58:44,057 alphafold2_ptm_model_3_seed_043 took 86.9s (3 recycles)
2026-07-23 05:59:05,867 alphafold2_ptm_model_4_seed_043 recycle=0 pLDDT=53.5 pTM=0.37
2026-07-23 05:59:27,416 alphafold2_ptm_model_4_seed_043 recycle=1 pLDDT=59.2 pTM=0.439 tol=3.84
2026-07-23 05:59:48,716 alphafold2_ptm_model_4_seed_043 recycle=2 pLDDT=81.8 pTM=0.668 tol=2.04
2026-07-23 06:00:10,047 alphafold2_ptm_model_4_seed_043 recycle=3 pLDDT=86.8 pTM=0.736 tol=0.392
2026-07-23 06:00:10,048 alphafold2_ptm_model_4_seed_043 took 85.9s (3 recycles)
2026-07-23 06:00:32,220 alphafold2_ptm_model_5_seed_043 recycle=0 pLDDT=56.2 pTM=0.428
2026-07-23 06:00:54,485 alphafold2_ptm_model_5_seed_043 recycle=1 pLDDT=69.6 pTM=0.551 tol=2.78
2026-07-23 06:01:16,454 alphafold2_ptm_model_5_seed_043 recycle=2 pLDDT=75.4 pTM=0.593 tol=0.671
2026-07-23 06:01:38,446 alphafold2_ptm_model_5_seed_043 recycle=3 pLDDT=78.8 pTM=0.633 tol=0.224
2026-07-23 06:01:38,446 alphafold2_ptm_model_5_seed_043 took 88.3s (3 recycles)
2026-07-23 06:02:01,592 alphafold2_ptm_model_1_seed_044 recycle=0 pLDDT=58.1 pTM=0.457
2026-07-23 06:02:23,435 alphafold2_ptm_model_1_seed_044 recycle=1 pLDDT=72.9 pTM=0.597 tol=2.61
2026-07-23 06:02:44,863 alphafold2_ptm_model_1_seed_044 recycle=2 pLDDT=85.1 pTM=0.704 tol=0.518
2026-07-23 06:03:07,338 alphafold2_ptm_model_1_seed_044 recycle=3 pLDDT=87.8 pTM=0.721 tol=0.268
2026-07-23 06:03:07,338 alphafold2_ptm_model_1_seed_044 took 88.1s (3 recycles)
2026-07-23 06:03:27,864 alphafold2_ptm_model_2_seed_044 recycle=0 pLDDT=66.9 pTM=0.516
2026-07-23 06:03:49,086 alphafold2_ptm_model_2_seed_044 recycle=1 pLDDT=79.3 pTM=0.664 tol=1.26
2026-07-23 06:04:11,061 alphafold2_ptm_model_2_seed_044 recycle=2 pLDDT=91.2 pTM=0.787 tol=0.375
2026-07-23 06:04:33,330 alphafold2_ptm_model_2_seed_044 recycle=3 pLDDT=92.6 pTM=0.816 tol=0.16
2026-07-23 06:04:33,331 alphafold2_ptm_model_2_seed_044 took 85.9s (3 recycles)
2026-07-23 06:04:55,181 alphafold2_ptm_model_3_seed_044 recycle=0 pLDDT=67.1 pTM=0.484
2026-07-23 06:05:17,349 alphafold2_ptm_model_3_seed_044 recycle=1 pLDDT=84.2 pTM=0.701 tol=1.21
2026-07-23 06:05:39,646 alphafold2_ptm_model_3_seed_044 recycle=2 pLDDT=89.3 pTM=0.765 tol=0.321
2026-07-23 06:06:01,508 alphafold2_ptm_model_3_seed_044 recycle=3 pLDDT=89.7 pTM=0.772 tol=0.068
2026-07-23 06:06:01,508 alphafold2_ptm_model_3_seed_044 took 88.1s (3 recycles)
2026-07-23 06:06:23,568 alphafold2_ptm_model_4_seed_044 recycle=0 pLDDT=52.1 pTM=0.321
2026-07-23 06:06:44,965 alphafold2_ptm_model_4_seed_044 recycle=1 pLDDT=78 pTM=0.63 tol=3.82
2026-07-23 06:07:07,078 alphafold2_ptm_model_4_seed_044 recycle=2 pLDDT=86.9 pTM=0.745 tol=0.589
2026-07-23 06:07:28,716 alphafold2_ptm_model_4_seed_044 recycle=3 pLDDT=87.9 pTM=0.754 tol=0.139
2026-07-23 06:07:28,717 alphafold2_ptm_model_4_seed_044 took 87.1s (3 recycles)
2026-07-23 06:07:50,967 alphafold2_ptm_model_5_seed_044 recycle=0 pLDDT=56.6 pTM=0.43
2026-07-23 06:08:13,142 alphafold2_ptm_model_5_seed_044 recycle=1 pLDDT=75.2 pTM=0.607 tol=2.59
2026-07-23 06:08:35,569 alphafold2_ptm_model_5_seed_044 recycle=2 pLDDT=81.4 pTM=0.66 tol=0.736
2026-07-23 06:08:58,398 alphafold2_ptm_model_5_seed_044 recycle=3 pLDDT=82.8 pTM=0.683 tol=0.161
2026-07-23 06:08:58,399 alphafold2_ptm_model_5_seed_044 took 89.6s (3 recycles)
2026-07-23 06:08:58,495 reranking models by 'plddt' metric
2026-07-23 06:08:58,495 rank_001_alphafold2_ptm_model_2_seed_042 pLDDT=92.6 pTM=0.82
2026-07-23 06:08:58,501 rank_002_alphafold2_ptm_model_2_seed_044 pLDDT=92.6 pTM=0.816
2026-07-23 06:08:58,503 rank_003_alphafold2_ptm_model_2_seed_043 pLDDT=92.2 pTM=0.812
2026-07-23 06:08:58,508 rank_004_alphafold2_ptm_model_3_seed_042 pLDDT=89.8 pTM=0.773
2026-07-23 06:08:58,511 rank_005_alphafold2_ptm_model_3_seed_044 pLDDT=89.7 pTM=0.772
2026-07-23 06:08:58,514 rank_006_alphafold2_ptm_model_3_seed_043 pLDDT=89.5 pTM=0.769
2026-07-23 06:08:58,516 rank_007_alphafold2_ptm_model_1_seed_042 pLDDT=89.1 pTM=0.736
2026-07-23 06:08:58,520 rank_008_alphafold2_ptm_model_1_seed_043 pLDDT=88.4 pTM=0.727
2026-07-23 06:08:58,522 rank_009_alphafold2_ptm_model_4_seed_044 pLDDT=87.9 pTM=0.754
2026-07-23 06:08:58,524 rank_010_alphafold2_ptm_model_1_seed_044 pLDDT=87.8 pTM=0.721
2026-07-23 06:08:58,526 rank_011_alphafold2_ptm_model_4_seed_043 pLDDT=86.8 pTM=0.736
2026-07-23 06:08:58,528 rank_012_alphafold2_ptm_model_4_seed_042 pLDDT=86.8 pTM=0.739
2026-07-23 06:08:58,530 rank_013_alphafold2_ptm_model_5_seed_044 pLDDT=82.8 pTM=0.683
2026-07-23 06:08:58,532 rank_014_alphafold2_ptm_model_5_seed_042 pLDDT=82.2 pTM=0.674
2026-07-23 06:08:58,535 rank_015_alphafold2_ptm_model_5_seed_043 pLDDT=78.8 pTM=0.633
2026-07-23 06:09:01,790 Query 43/586: 5KPE_2_6_7_0_combined_id5 (length 108)
2026-07-23 06:09:25,370 alphafold2_ptm_model_1_seed_042 recycle=0 pLDDT=69.4 pTM=0.567
2026-07-23 06:09:46,528 alphafold2_ptm_model_1_seed_042 recycle=1 pLDDT=67.2 pTM=0.567 tol=1.05
2026-07-23 06:10:08,320 alphafold2_ptm_model_1_seed_042 recycle=2 pLDDT=67 pTM=0.567 tol=0.436
2026-07-23 06:10:29,682 alphafold2_ptm_model_1_seed_042 recycle=3 pLDDT=78.8 pTM=0.634 tol=5.38
2026-07-23 06:10:29,683 alphafold2_ptm_model_1_seed_042 took 86.0s (3 recycles)
2026-07-23 06:10:51,111 alphafold2_ptm_model_2_seed_042 recycle=0 pLDDT=60.4 pTM=0.545
2026-07-23 06:11:12,469 alphafold2_ptm_model_2_seed_042 recycle=1 pLDDT=83.1 pTM=0.68 tol=6.11
2026-07-23 06:11:33,973 alphafold2_ptm_model_2_seed_042 recycle=2 pLDDT=84.4 pTM=0.666 tol=0.29
2026-07-23 06:11:55,187 alphafold2_ptm_model_2_seed_042 recycle=3 pLDDT=85.9 pTM=0.674 tol=0.0844
2026-07-23 06:11:55,188 alphafold2_ptm_model_2_seed_042 took 85.4s (3 recycles)
2026-07-23 06:12:16,215 alphafold2_ptm_model_3_seed_042 recycle=0 pLDDT=71.2 pTM=0.56
2026-07-23 06:12:37,403 alphafold2_ptm_model_3_seed_042 recycle=1 pLDDT=84.6 pTM=0.683 tol=2.04
2026-07-23 06:12:59,876 alphafold2_ptm_model_3_seed_042 recycle=2 pLDDT=86.2 pTM=0.671 tol=0.366
2026-07-23 06:13:21,362 alphafold2_ptm_model_3_seed_042 recycle=3 pLDDT=86.6 pTM=0.694 tol=0.212
2026-07-23 06:13:21,363 alphafold2_ptm_model_3_seed_042 took 86.1s (3 recycles)
2026-07-23 06:13:42,139 alphafold2_ptm_model_4_seed_042 recycle=0 pLDDT=70.1 pTM=0.596
2026-07-23 06:14:03,323 alphafold2_ptm_model_4_seed_042 recycle=1 pLDDT=86.4 pTM=0.716 tol=2.05
2026-07-23 06:14:24,758 alphafold2_ptm_model_4_seed_042 recycle=2 pLDDT=88.7 pTM=0.737 tol=0.233
2026-07-23 06:14:46,209 alphafold2_ptm_model_4_seed_042 recycle=3 pLDDT=89.1 pTM=0.745 tol=0.092
2026-07-23 06:14:46,210 alphafold2_ptm_model_4_seed_042 took 84.7s (3 recycles)
2026-07-23 06:15:08,141 alphafold2_ptm_model_5_seed_042 recycle=0 pLDDT=64.2 pTM=0.539
2026-07-23 06:15:29,778 alphafold2_ptm_model_5_seed_042 recycle=1 pLDDT=69.7 pTM=0.553 tol=1.62
2026-07-23 06:15:51,720 alphafold2_ptm_model_5_seed_042 recycle=2 pLDDT=83.6 pTM=0.665 tol=0.918
2026-07-23 06:16:13,313 alphafold2_ptm_model_5_seed_042 recycle=3 pLDDT=86.4 pTM=0.688 tol=0.16
2026-07-23 06:16:13,313 alphafold2_ptm_model_5_seed_042 took 87.0s (3 recycles)
2026-07-23 06:16:36,583 alphafold2_ptm_model_1_seed_043 recycle=0 pLDDT=70.9 pTM=0.573
2026-07-23 06:16:58,187 alphafold2_ptm_model_1_seed_043 recycle=1 pLDDT=66.9 pTM=0.568 tol=1.17
2026-07-23 06:17:19,772 alphafold2_ptm_model_1_seed_043 recycle=2 pLDDT=67.1 pTM=0.565 tol=0.998
2026-07-23 06:17:41,200 alphafold2_ptm_model_1_seed_043 recycle=3 pLDDT=79.9 pTM=0.644 tol=5.26
2026-07-23 06:17:41,201 alphafold2_ptm_model_1_seed_043 took 86.8s (3 recycles)
2026-07-23 06:18:02,706 alphafold2_ptm_model_2_seed_043 recycle=0 pLDDT=64.8 pTM=0.549
2026-07-23 06:18:24,001 alphafold2_ptm_model_2_seed_043 recycle=1 pLDDT=85.4 pTM=0.699 tol=3.42
2026-07-23 06:18:45,849 alphafold2_ptm_model_2_seed_043 recycle=2 pLDDT=86.8 pTM=0.692 tol=0.205
2026-07-23 06:19:07,397 alphafold2_ptm_model_2_seed_043 recycle=3 pLDDT=86.9 pTM=0.687 tol=0.0898
2026-07-23 06:19:07,397 alphafold2_ptm_model_2_seed_043 took 86.1s (3 recycles)
2026-07-23 06:19:28,751 alphafold2_ptm_model_3_seed_043 recycle=0 pLDDT=71.1 pTM=0.558
2026-07-23 06:19:49,944 alphafold2_ptm_model_3_seed_043 recycle=1 pLDDT=85.3 pTM=0.689 tol=1.92
2026-07-23 06:20:11,469 alphafold2_ptm_model_3_seed_043 recycle=2 pLDDT=86.4 pTM=0.676 tol=0.301
2026-07-23 06:20:34,453 alphafold2_ptm_model_3_seed_043 recycle=3 pLDDT=86.8 pTM=0.695 tol=0.135
2026-07-23 06:20:34,454 alphafold2_ptm_model_3_seed_043 took 87.0s (3 recycles)
2026-07-23 06:20:55,691 alphafold2_ptm_model_4_seed_043 recycle=0 pLDDT=70.8 pTM=0.598
2026-07-23 06:21:16,954 alphafold2_ptm_model_4_seed_043 recycle=1 pLDDT=86.5 pTM=0.715 tol=2.13
2026-07-23 06:21:38,476 alphafold2_ptm_model_4_seed_043 recycle=2 pLDDT=88.9 pTM=0.742 tol=0.252
2026-07-23 06:21:59,933 alphafold2_ptm_model_4_seed_043 recycle=3 pLDDT=89.1 pTM=0.745 tol=0.0753
2026-07-23 06:21:59,934 alphafold2_ptm_model_4_seed_043 took 85.4s (3 recycles)
2026-07-23 06:22:21,844 alphafold2_ptm_model_5_seed_043 recycle=0 pLDDT=63.4 pTM=0.534
2026-07-23 06:22:43,279 alphafold2_ptm_model_5_seed_043 recycle=1 pLDDT=67.4 pTM=0.538 tol=1.69
2026-07-23 06:23:04,875 alphafold2_ptm_model_5_seed_043 recycle=2 pLDDT=81.6 pTM=0.644 tol=1.3
2026-07-23 06:23:26,304 alphafold2_ptm_model_5_seed_043 recycle=3 pLDDT=85.4 pTM=0.678 tol=0.239
2026-07-23 06:23:26,308 alphafold2_ptm_model_5_seed_043 took 86.3s (3 recycles)
2026-07-23 06:23:49,203 alphafold2_ptm_model_1_seed_044 recycle=0 pLDDT=70.4 pTM=0.575
2026-07-23 06:24:10,680 alphafold2_ptm_model_1_seed_044 recycle=1 pLDDT=67.1 pTM=0.568 tol=1.24
2026-07-23 06:24:31,887 alphafold2_ptm_model_1_seed_044 recycle=2 pLDDT=66.6 pTM=0.563 tol=1.27
2026-07-23 06:24:53,356 alphafold2_ptm_model_1_seed_044 recycle=3 pLDDT=77.1 pTM=0.622 tol=5.38
2026-07-23 06:24:53,357 alphafold2_ptm_model_1_seed_044 took 86.0s (3 recycles)
2026-07-23 06:25:14,749 alphafold2_ptm_model_2_seed_044 recycle=0 pLDDT=61.2 pTM=0.545
2026-07-23 06:25:35,995 alphafold2_ptm_model_2_seed_044 recycle=1 pLDDT=84.5 pTM=0.69 tol=6.85
2026-07-23 06:25:57,412 alphafold2_ptm_model_2_seed_044 recycle=2 pLDDT=85.8 pTM=0.682 tol=0.235
2026-07-23 06:26:18,631 alphafold2_ptm_model_2_seed_044 recycle=3 pLDDT=86.4 pTM=0.679 tol=0.111
2026-07-23 06:26:18,631 alphafold2_ptm_model_2_seed_044 took 85.2s (3 recycles)
2026-07-23 06:26:39,426 alphafold2_ptm_model_3_seed_044 recycle=0 pLDDT=69.8 pTM=0.546
2026-07-23 06:27:01,104 alphafold2_ptm_model_3_seed_044 recycle=1 pLDDT=85.2 pTM=0.686 tol=2.13
2026-07-23 06:27:22,294 alphafold2_ptm_model_3_seed_044 recycle=2 pLDDT=86.1 pTM=0.67 tol=0.282
2026-07-23 06:27:43,350 alphafold2_ptm_model_3_seed_044 recycle=3 pLDDT=86.6 pTM=0.687 tol=0.142
2026-07-23 06:27:43,351 alphafold2_ptm_model_3_seed_044 took 84.7s (3 recycles)
2026-07-23 06:28:05,763 alphafold2_ptm_model_4_seed_044 recycle=0 pLDDT=72.1 pTM=0.61
2026-07-23 06:28:27,030 alphafold2_ptm_model_4_seed_044 recycle=1 pLDDT=86.4 pTM=0.713 tol=2
2026-07-23 06:28:48,356 alphafold2_ptm_model_4_seed_044 recycle=2 pLDDT=88.7 pTM=0.735 tol=0.324
2026-07-23 06:29:09,937 alphafold2_ptm_model_4_seed_044 recycle=3 pLDDT=88.9 pTM=0.74 tol=0.0981
2026-07-23 06:29:09,943 alphafold2_ptm_model_4_seed_044 took 86.5s (3 recycles)
2026-07-23 06:29:31,300 alphafold2_ptm_model_5_seed_044 recycle=0 pLDDT=67.1 pTM=0.56
2026-07-23 06:29:52,391 alphafold2_ptm_model_5_seed_044 recycle=1 pLDDT=85.4 pTM=0.695 tol=2.24
2026-07-23 06:30:13,566 alphafold2_ptm_model_5_seed_044 recycle=2 pLDDT=88.2 pTM=0.722 tol=0.227
2026-07-23 06:30:34,858 alphafold2_ptm_model_5_seed_044 recycle=3 pLDDT=89 pTM=0.722 tol=0.125
2026-07-23 06:30:34,858 alphafold2_ptm_model_5_seed_044 took 84.8s (3 recycles)
2026-07-23 06:30:34,937 reranking models by 'plddt' metric
2026-07-23 06:30:34,938 rank_001_alphafold2_ptm_model_4_seed_043 pLDDT=89.1 pTM=0.745
2026-07-23 06:30:34,940 rank_002_alphafold2_ptm_model_4_seed_042 pLDDT=89.1 pTM=0.745
2026-07-23 06:30:34,943 rank_003_alphafold2_ptm_model_5_seed_044 pLDDT=89 pTM=0.722
2026-07-23 06:30:34,945 rank_004_alphafold2_ptm_model_4_seed_044 pLDDT=88.9 pTM=0.74
2026-07-23 06:30:34,946 rank_005_alphafold2_ptm_model_2_seed_043 pLDDT=86.9 pTM=0.687
2026-07-23 06:30:34,949 rank_006_alphafold2_ptm_model_3_seed_043 pLDDT=86.8 pTM=0.695
2026-07-23 06:30:34,950 rank_007_alphafold2_ptm_model_3_seed_044 pLDDT=86.6 pTM=0.687
2026-07-23 06:30:34,952 rank_008_alphafold2_ptm_model_3_seed_042 pLDDT=86.6 pTM=0.694
2026-07-23 06:30:34,954 rank_009_alphafold2_ptm_model_2_seed_044 pLDDT=86.4 pTM=0.679
2026-07-23 06:30:34,955 rank_010_alphafold2_ptm_model_5_seed_042 pLDDT=86.4 pTM=0.688
2026-07-23 06:30:34,957 rank_011_alphafold2_ptm_model_2_seed_042 pLDDT=85.9 pTM=0.674
2026-07-23 06:30:34,960 rank_012_alphafold2_ptm_model_5_seed_043 pLDDT=85.4 pTM=0.678
2026-07-23 06:30:34,961 rank_013_alphafold2_ptm_model_1_seed_043 pLDDT=79.9 pTM=0.644
2026-07-23 06:30:34,963 rank_014_alphafold2_ptm_model_1_seed_042 pLDDT=78.8 pTM=0.634
2026-07-23 06:30:34,965 rank_015_alphafold2_ptm_model_1_seed_044 pLDDT=77.1 pTM=0.622
2026-07-23 06:30:37,966 Query 44/586: 5KPE_2_6_7_0_combined_id1 (length 108)
2026-07-23 06:31:02,195 alphafold2_ptm_model_1_seed_042 recycle=0 pLDDT=61.9 pTM=0.514
2026-07-23 06:31:24,369 alphafold2_ptm_model_1_seed_042 recycle=1 pLDDT=63.8 pTM=0.531 tol=4.97
2026-07-23 06:31:46,538 alphafold2_ptm_model_1_seed_042 recycle=2 pLDDT=62.3 pTM=0.526 tol=4.2
2026-07-23 06:32:08,572 alphafold2_ptm_model_1_seed_042 recycle=3 pLDDT=67.2 pTM=0.553 tol=1.88
2026-07-23 06:32:08,573 alphafold2_ptm_model_1_seed_042 took 88.3s (3 recycles)
2026-07-23 06:32:30,414 alphafold2_ptm_model_2_seed_042 recycle=0 pLDDT=70.4 pTM=0.576
2026-07-23 06:32:53,211 alphafold2_ptm_model_2_seed_042 recycle=1 pLDDT=65 pTM=0.553 tol=4.8
2026-07-23 06:33:15,503 alphafold2_ptm_model_2_seed_042 recycle=2 pLDDT=78.4 pTM=0.662 tol=2.21
2026-07-23 06:33:37,497 alphafold2_ptm_model_2_seed_042 recycle=3 pLDDT=84.7 pTM=0.698 tol=0.523
2026-07-23 06:33:37,498 alphafold2_ptm_model_2_seed_042 took 88.8s (3 recycles)
2026-07-23 06:34:00,144 alphafold2_ptm_model_3_seed_042 recycle=0 pLDDT=59.2 pTM=0.46
2026-07-23 06:34:22,369 alphafold2_ptm_model_3_seed_042 recycle=1 pLDDT=73.2 pTM=0.564 tol=5.3
2026-07-23 06:34:44,363 alphafold2_ptm_model_3_seed_042 recycle=2 pLDDT=86.9 pTM=0.694 tol=0.621
2026-07-23 06:35:05,535 alphafold2_ptm_model_3_seed_042 recycle=3 pLDDT=86.9 pTM=0.688 tol=0.249
2026-07-23 06:35:05,536 alphafold2_ptm_model_3_seed_042 took 88.0s (3 recycles)
2026-07-23 06:35:26,911 alphafold2_ptm_model_4_seed_042 recycle=0 pLDDT=63.3 pTM=0.48
2026-07-23 06:35:47,966 alphafold2_ptm_model_4_seed_042 recycle=1 pLDDT=63.1 pTM=0.515 tol=5.44
2026-07-23 06:36:10,000 alphafold2_ptm_model_4_seed_042 recycle=2 pLDDT=64.6 pTM=0.525 tol=0.974
2026-07-23 06:36:31,260 alphafold2_ptm_model_4_seed_042 recycle=3 pLDDT=65.6 pTM=0.527 tol=0.3
2026-07-23 06:36:31,261 alphafold2_ptm_model_4_seed_042 took 85.7s (3 recycles)
2026-07-23 06:36:52,955 alphafold2_ptm_model_5_seed_042 recycle=0 pLDDT=58.8 pTM=0.494
2026-07-23 06:37:14,611 alphafold2_ptm_model_5_seed_042 recycle=1 pLDDT=66.2 pTM=0.535 tol=0.376
2026-07-23 06:37:36,176 alphafold2_ptm_model_5_seed_042 recycle=2 pLDDT=67.4 pTM=0.536 tol=0.324
2026-07-23 06:37:58,100 alphafold2_ptm_model_5_seed_042 recycle=3 pLDDT=68.5 pTM=0.543 tol=0.188
2026-07-23 06:37:58,100 alphafold2_ptm_model_5_seed_042 took 86.8s (3 recycles)
2026-07-23 06:38:20,373 alphafold2_ptm_model_1_seed_043 recycle=0 pLDDT=60.7 pTM=0.507
2026-07-23 06:38:42,155 alphafold2_ptm_model_1_seed_043 recycle=1 pLDDT=64.9 pTM=0.566 tol=5.88
2026-07-23 06:39:04,113 alphafold2_ptm_model_1_seed_043 recycle=2 pLDDT=65.1 pTM=0.548 tol=1.1
2026-07-23 06:39:25,927 alphafold2_ptm_model_1_seed_043 recycle=3 pLDDT=66.7 pTM=0.545 tol=1.36
2026-07-23 06:39:25,928 alphafold2_ptm_model_1_seed_043 took 86.8s (3 recycles)
2026-07-23 06:39:47,790 alphafold2_ptm_model_2_seed_043 recycle=0 pLDDT=70.2 pTM=0.571
2026-07-23 06:40:09,443 alphafold2_ptm_model_2_seed_043 recycle=1 pLDDT=64.3 pTM=0.55 tol=4.76
2026-07-23 06:40:31,200 alphafold2_ptm_model_2_seed_043 recycle=2 pLDDT=74.2 pTM=0.622 tol=2.19
2026-07-23 06:40:52,801 alphafold2_ptm_model_2_seed_043 recycle=3 pLDDT=84.9 pTM=0.699 tol=0.7
2026-07-23 06:40:52,802 alphafold2_ptm_model_2_seed_043 took 86.7s (3 recycles)
2026-07-23 06:41:14,953 alphafold2_ptm_model_3_seed_043 recycle=0 pLDDT=59.1 pTM=0.46
2026-07-23 06:41:36,846 alphafold2_ptm_model_3_seed_043 recycle=1 pLDDT=75.8 pTM=0.588 tol=5.4
2026-07-23 06:41:58,909 alphafold2_ptm_model_3_seed_043 recycle=2 pLDDT=87 pTM=0.694 tol=0.449
2026-07-23 06:42:21,110 alphafold2_ptm_model_3_seed_043 recycle=3 pLDDT=87.1 pTM=0.687 tol=0.261
2026-07-23 06:42:21,111 alphafold2_ptm_model_3_seed_043 took 88.2s (3 recycles)
2026-07-23 06:42:42,827 alphafold2_ptm_model_4_seed_043 recycle=0 pLDDT=61.9 pTM=0.474
2026-07-23 06:43:05,369 alphafold2_ptm_model_4_seed_043 recycle=1 pLDDT=62.9 pTM=0.512 tol=5.36
2026-07-23 06:43:27,603 alphafold2_ptm_model_4_seed_043 recycle=2 pLDDT=63.3 pTM=0.521 tol=0.617
2026-07-23 06:43:48,791 alphafold2_ptm_model_4_seed_043 recycle=3 pLDDT=64.6 pTM=0.524 tol=0.422
2026-07-23 06:43:48,792 alphafold2_ptm_model_4_seed_043 took 87.4s (3 recycles)
2026-07-23 06:44:11,085 alphafold2_ptm_model_5_seed_043 recycle=0 pLDDT=58.7 pTM=0.496
2026-07-23 06:44:32,768 alphafold2_ptm_model_5_seed_043 recycle=1 pLDDT=66.3 pTM=0.534 tol=0.528
2026-07-23 06:44:54,769 alphafold2_ptm_model_5_seed_043 recycle=2 pLDDT=67.4 pTM=0.536 tol=0.374
2026-07-23 06:45:16,504 alphafold2_ptm_model_5_seed_043 recycle=3 pLDDT=68.7 pTM=0.543 tol=0.175
2026-07-23 06:45:16,505 alphafold2_ptm_model_5_seed_043 took 87.7s (3 recycles)
2026-07-23 06:45:39,282 alphafold2_ptm_model_1_seed_044 recycle=0 pLDDT=62.6 pTM=0.513
2026-07-23 06:46:00,581 alphafold2_ptm_model_1_seed_044 recycle=1 pLDDT=62.1 pTM=0.54 tol=5.79
2026-07-23 06:46:22,372 alphafold2_ptm_model_1_seed_044 recycle=2 pLDDT=66.3 pTM=0.542 tol=1.97
2026-07-23 06:46:44,318 alphafold2_ptm_model_1_seed_044 recycle=3 pLDDT=78 pTM=0.624 tol=1.01
2026-07-23 06:46:44,318 alphafold2_ptm_model_1_seed_044 took 86.8s (3 recycles)
2026-07-23 06:47:06,176 alphafold2_ptm_model_2_seed_044 recycle=0 pLDDT=68.2 pTM=0.56
2026-07-23 06:47:27,806 alphafold2_ptm_model_2_seed_044 recycle=1 pLDDT=67.5 pTM=0.562 tol=5.27
2026-07-23 06:47:49,513 alphafold2_ptm_model_2_seed_044 recycle=2 pLDDT=78.8 pTM=0.649 tol=1.15
2026-07-23 06:48:10,969 alphafold2_ptm_model_2_seed_044 recycle=3 pLDDT=87 pTM=0.71 tol=0.313
2026-07-23 06:48:10,969 alphafold2_ptm_model_2_seed_044 took 86.6s (3 recycles)
2026-07-23 06:48:32,527 alphafold2_ptm_model_3_seed_044 recycle=0 pLDDT=59 pTM=0.454
2026-07-23 06:48:54,472 alphafold2_ptm_model_3_seed_044 recycle=1 pLDDT=75.6 pTM=0.589 tol=5.48
2026-07-23 06:49:17,303 alphafold2_ptm_model_3_seed_044 recycle=2 pLDDT=87.4 pTM=0.702 tol=0.467
2026-07-23 06:49:38,739 alphafold2_ptm_model_3_seed_044 recycle=3 pLDDT=87.1 pTM=0.69 tol=0.265
2026-07-23 06:49:38,740 alphafold2_ptm_model_3_seed_044 took 87.7s (3 recycles)
2026-07-23 06:50:00,187 alphafold2_ptm_model_4_seed_044 recycle=0 pLDDT=61.6 pTM=0.468
2026-07-23 06:50:22,003 alphafold2_ptm_model_4_seed_044 recycle=1 pLDDT=63.1 pTM=0.514 tol=5.43
2026-07-23 06:50:44,041 alphafold2_ptm_model_4_seed_044 recycle=2 pLDDT=63.9 pTM=0.522 tol=0.78
2026-07-23 06:51:05,776 alphafold2_ptm_model_4_seed_044 recycle=3 pLDDT=65.1 pTM=0.524 tol=0.409
2026-07-23 06:51:05,777 alphafold2_ptm_model_4_seed_044 took 87.0s (3 recycles)
2026-07-23 06:51:27,796 alphafold2_ptm_model_5_seed_044 recycle=0 pLDDT=59.5 pTM=0.497
2026-07-23 06:51:49,087 alphafold2_ptm_model_5_seed_044 recycle=1 pLDDT=65.7 pTM=0.529 tol=0.803
2026-07-23 06:52:11,703 alphafold2_ptm_model_5_seed_044 recycle=2 pLDDT=67.8 pTM=0.542 tol=0.417
2026-07-23 06:52:33,387 alphafold2_ptm_model_5_seed_044 recycle=3 pLDDT=68.2 pTM=0.542 tol=0.187
2026-07-23 06:52:33,387 alphafold2_ptm_model_5_seed_044 took 87.5s (3 recycles)
2026-07-23 06:52:33,471 reranking models by 'plddt' metric
2026-07-23 06:52:33,472 rank_001_alphafold2_ptm_model_3_seed_044 pLDDT=87.1 pTM=0.69
2026-07-23 06:52:33,475 rank_002_alphafold2_ptm_model_3_seed_043 pLDDT=87.1 pTM=0.687
2026-07-23 06:52:33,477 rank_003_alphafold2_ptm_model_2_seed_044 pLDDT=87 pTM=0.71
2026-07-23 06:52:33,479 rank_004_alphafold2_ptm_model_3_seed_042 pLDDT=86.9 pTM=0.688
2026-07-23 06:52:33,482 rank_005_alphafold2_ptm_model_2_seed_043 pLDDT=84.9 pTM=0.699
2026-07-23 06:52:33,484 rank_006_alphafold2_ptm_model_2_seed_042 pLDDT=84.7 pTM=0.698
2026-07-23 06:52:33,487 rank_007_alphafold2_ptm_model_1_seed_044 pLDDT=78 pTM=0.624
2026-07-23 06:52:33,488 rank_008_alphafold2_ptm_model_5_seed_043 pLDDT=68.7 pTM=0.543
2026-07-23 06:52:33,490 rank_009_alphafold2_ptm_model_5_seed_042 pLDDT=68.5 pTM=0.543
2026-07-23 06:52:33,492 rank_010_alphafold2_ptm_model_5_seed_044 pLDDT=68.2 pTM=0.542
2026-07-23 06:52:33,494 rank_011_alphafold2_ptm_model_1_seed_042 pLDDT=67.2 pTM=0.553
2026-07-23 06:52:33,495 rank_012_alphafold2_ptm_model_1_seed_043 pLDDT=66.7 pTM=0.545
2026-07-23 06:52:33,497 rank_013_alphafold2_ptm_model_4_seed_042 pLDDT=65.6 pTM=0.527
2026-07-23 06:52:33,499 rank_014_alphafold2_ptm_model_4_seed_044 pLDDT=65.1 pTM=0.524
2026-07-23 06:52:33,500 rank_015_alphafold2_ptm_model_4_seed_043 pLDDT=64.6 pTM=0.524
2026-07-23 06:52:36,755 Skipping 5KPE_2_6_7_0_combined_id3 (already done)
2026-07-23 06:52:36,756 Query 46/586: 5KPE_4_2_7_0_combined_id8 (length 108)
2026-07-23 06:53:00,427 alphafold2_ptm_model_1_seed_042 recycle=0 pLDDT=63.2 pTM=0.548
2026-07-23 06:53:21,673 alphafold2_ptm_model_1_seed_042 recycle=1 pLDDT=66 pTM=0.576 tol=1.02
2026-07-23 06:53:43,078 alphafold2_ptm_model_1_seed_042 recycle=2 pLDDT=66.2 pTM=0.575 tol=0.914
2026-07-23 06:54:04,782 alphafold2_ptm_model_1_seed_042 recycle=3 pLDDT=66.7 pTM=0.584 tol=0.392
2026-07-23 06:54:04,782 alphafold2_ptm_model_1_seed_042 took 86.0s (3 recycles)
2026-07-23 06:54:26,139 alphafold2_ptm_model_2_seed_042 recycle=0 pLDDT=60.8 pTM=0.52
2026-07-23 06:54:47,758 alphafold2_ptm_model_2_seed_042 recycle=1 pLDDT=62.3 pTM=0.539 tol=3.46
2026-07-23 06:55:09,596 alphafold2_ptm_model_2_seed_042 recycle=2 pLDDT=63.1 pTM=0.537 tol=4.62
2026-07-23 06:55:31,550 alphafold2_ptm_model_2_seed_042 recycle=3 pLDDT=64.5 pTM=0.559 tol=3.43
2026-07-23 06:55:31,551 alphafold2_ptm_model_2_seed_042 took 86.7s (3 recycles)
2026-07-23 06:55:52,657 alphafold2_ptm_model_3_seed_042 recycle=0 pLDDT=65.2 pTM=0.508
2026-07-23 06:56:14,321 alphafold2_ptm_model_3_seed_042 recycle=1 pLDDT=63.9 pTM=0.503 tol=0.691
2026-07-23 06:56:35,822 alphafold2_ptm_model_3_seed_042 recycle=2 pLDDT=66.2 pTM=0.533 tol=0.621
2026-07-23 06:56:57,507 alphafold2_ptm_model_3_seed_042 recycle=3 pLDDT=62.3 pTM=0.491 tol=0.552
2026-07-23 06:56:57,507 alphafold2_ptm_model_3_seed_042 took 85.9s (3 recycles)
2026-07-23 06:57:18,723 alphafold2_ptm_model_4_seed_042 recycle=0 pLDDT=63.2 pTM=0.525
2026-07-23 06:57:40,261 alphafold2_ptm_model_4_seed_042 recycle=1 pLDDT=69.2 pTM=0.592 tol=1.07
2026-07-23 06:58:01,508 alphafold2_ptm_model_4_seed_042 recycle=2 pLDDT=68.6 pTM=0.584 tol=0.639
2026-07-23 06:58:23,163 alphafold2_ptm_model_4_seed_042 recycle=3 pLDDT=68.3 pTM=0.585 tol=0.629
2026-07-23 06:58:23,163 alphafold2_ptm_model_4_seed_042 took 85.6s (3 recycles)
2026-07-23 06:58:44,721 alphafold2_ptm_model_5_seed_042 recycle=0 pLDDT=58.6 pTM=0.497
2026-07-23 06:59:06,447 alphafold2_ptm_model_5_seed_042 recycle=1 pLDDT=63.5 pTM=0.528 tol=1.5
2026-07-23 06:59:28,030 alphafold2_ptm_model_5_seed_042 recycle=2 pLDDT=64 pTM=0.527 tol=0.394
2026-07-23 06:59:49,190 alphafold2_ptm_model_5_seed_042 recycle=3 pLDDT=64.2 pTM=0.529 tol=0.289
2026-07-23 06:59:49,191 alphafold2_ptm_model_5_seed_042 took 85.9s (3 recycles)
2026-07-23 07:00:11,661 alphafold2_ptm_model_1_seed_043 recycle=0 pLDDT=63.8 pTM=0.55
2026-07-23 07:00:33,210 alphafold2_ptm_model_1_seed_043 recycle=1 pLDDT=65.5 pTM=0.569 tol=0.772
2026-07-23 07:00:54,622 alphafold2_ptm_model_1_seed_043 recycle=2 pLDDT=66.1 pTM=0.576 tol=1.4
2026-07-23 07:01:16,267 alphafold2_ptm_model_1_seed_043 recycle=3 pLDDT=66.9 pTM=0.582 tol=1.05
2026-07-23 07:01:16,267 alphafold2_ptm_model_1_seed_043 took 86.0s (3 recycles)
2026-07-23 07:01:37,985 alphafold2_ptm_model_2_seed_043 recycle=0 pLDDT=59.6 pTM=0.512
2026-07-23 07:01:59,449 alphafold2_ptm_model_2_seed_043 recycle=1 pLDDT=62.2 pTM=0.535 tol=3.49
2026-07-23 07:02:20,956 alphafold2_ptm_model_2_seed_043 recycle=2 pLDDT=62.2 pTM=0.53 tol=4.57
2026-07-23 07:02:42,429 alphafold2_ptm_model_2_seed_043 recycle=3 pLDDT=59.2 pTM=0.52 tol=5.34
2026-07-23 07:02:42,430 alphafold2_ptm_model_2_seed_043 took 86.1s (3 recycles)
2026-07-23 07:03:03,819 alphafold2_ptm_model_3_seed_043 recycle=0 pLDDT=66.8 pTM=0.539
2026-07-23 07:03:24,866 alphafold2_ptm_model_3_seed_043 recycle=1 pLDDT=69.3 pTM=0.558 tol=0.607
2026-07-23 07:03:46,808 alphafold2_ptm_model_3_seed_043 recycle=2 pLDDT=69.6 pTM=0.573 tol=0.337
2026-07-23 07:04:08,298 alphafold2_ptm_model_3_seed_043 recycle=3 pLDDT=70.5 pTM=0.58 tol=0.202
2026-07-23 07:04:08,299 alphafold2_ptm_model_3_seed_043 took 85.8s (3 recycles)
2026-07-23 07:04:29,570 alphafold2_ptm_model_4_seed_043 recycle=0 pLDDT=69.5 pTM=0.595
2026-07-23 07:04:51,209 alphafold2_ptm_model_4_seed_043 recycle=1 pLDDT=70.6 pTM=0.607 tol=0.442
2026-07-23 07:05:12,823 alphafold2_ptm_model_4_seed_043 recycle=2 pLDDT=69.7 pTM=0.6 tol=0.6
2026-07-23 07:05:33,624 alphafold2_ptm_model_4_seed_043 recycle=3 pLDDT=68.9 pTM=0.588 tol=0.39
2026-07-23 07:05:33,624 alphafold2_ptm_model_4_seed_043 took 85.2s (3 recycles)
2026-07-23 07:05:55,183 alphafold2_ptm_model_5_seed_043 recycle=0 pLDDT=53.6 pTM=0.492
2026-07-23 07:06:16,723 alphafold2_ptm_model_5_seed_043 recycle=1 pLDDT=52.6 pTM=0.49 tol=5.63
2026-07-23 07:06:37,849 alphafold2_ptm_model_5_seed_043 recycle=2 pLDDT=60.7 pTM=0.515 tol=4.13
2026-07-23 07:06:59,357 alphafold2_ptm_model_5_seed_043 recycle=3 pLDDT=61.5 pTM=0.515 tol=0.647
2026-07-23 07:06:59,359 alphafold2_ptm_model_5_seed_043 took 85.7s (3 recycles)
2026-07-23 07:07:22,180 alphafold2_ptm_model_1_seed_044 recycle=0 pLDDT=64.3 pTM=0.554
2026-07-23 07:07:44,097 alphafold2_ptm_model_1_seed_044 recycle=1 pLDDT=65.7 pTM=0.573 tol=0.983
2026-07-23 07:08:06,316 alphafold2_ptm_model_1_seed_044 recycle=2 pLDDT=65.8 pTM=0.575 tol=1.1
2026-07-23 07:08:28,773 alphafold2_ptm_model_1_seed_044 recycle=3 pLDDT=66.8 pTM=0.583 tol=0.856
2026-07-23 07:08:28,774 alphafold2_ptm_model_1_seed_044 took 88.6s (3 recycles)
2026-07-23 07:08:50,183 alphafold2_ptm_model_2_seed_044 recycle=0 pLDDT=59.8 pTM=0.515
2026-07-23 07:09:11,877 alphafold2_ptm_model_2_seed_044 recycle=1 pLDDT=62.5 pTM=0.535 tol=3.44
2026-07-23 07:09:33,271 alphafold2_ptm_model_2_seed_044 recycle=2 pLDDT=67.9 pTM=0.558 tol=4.5
2026-07-23 07:09:54,680 alphafold2_ptm_model_2_seed_044 recycle=3 pLDDT=70.8 pTM=0.564 tol=0.516
2026-07-23 07:09:54,681 alphafold2_ptm_model_2_seed_044 took 85.9s (3 recycles)
2026-07-23 07:10:16,127 alphafold2_ptm_model_3_seed_044 recycle=0 pLDDT=67.9 pTM=0.553
2026-07-23 07:10:37,997 alphafold2_ptm_model_3_seed_044 recycle=1 pLDDT=70.7 pTM=0.572 tol=0.594
2026-07-23 07:10:59,385 alphafold2_ptm_model_3_seed_044 recycle=2 pLDDT=70.2 pTM=0.577 tol=0.409
2026-07-23 07:11:20,738 alphafold2_ptm_model_3_seed_044 recycle=3 pLDDT=71.1 pTM=0.587 tol=0.265
2026-07-23 07:11:20,739 alphafold2_ptm_model_3_seed_044 took 86.0s (3 recycles)
2026-07-23 07:11:42,210 alphafold2_ptm_model_4_seed_044 recycle=0 pLDDT=68.7 pTM=0.585
2026-07-23 07:12:02,692 alphafold2_ptm_model_4_seed_044 recycle=1 pLDDT=70.1 pTM=0.601 tol=0.613
2026-07-23 07:12:24,010 alphafold2_ptm_model_4_seed_044 recycle=2 pLDDT=69.6 pTM=0.6 tol=0.671
2026-07-23 07:12:45,030 alphafold2_ptm_model_4_seed_044 recycle=3 pLDDT=68.6 pTM=0.586 tol=0.946
2026-07-23 07:12:45,031 alphafold2_ptm_model_4_seed_044 took 84.2s (3 recycles)
2026-07-23 07:13:06,518 alphafold2_ptm_model_5_seed_044 recycle=0 pLDDT=58.4 pTM=0.547
2026-07-23 07:13:27,903 alphafold2_ptm_model_5_seed_044 recycle=1 pLDDT=64.5 pTM=0.578 tol=4.89
2026-07-23 07:13:49,921 alphafold2_ptm_model_5_seed_044 recycle=2 pLDDT=65.9 pTM=0.568 tol=1.05
2026-07-23 07:14:11,425 alphafold2_ptm_model_5_seed_044 recycle=3 pLDDT=66.6 pTM=0.57 tol=0.174
2026-07-23 07:14:11,425 alphafold2_ptm_model_5_seed_044 took 86.3s (3 recycles)
2026-07-23 07:14:11,461 reranking models by 'plddt' metric
2026-07-23 07:14:11,461 rank_001_alphafold2_ptm_model_3_seed_044 pLDDT=71.1 pTM=0.587
2026-07-23 07:14:11,463 rank_002_alphafold2_ptm_model_2_seed_044 pLDDT=70.8 pTM=0.564
2026-07-23 07:14:11,465 rank_003_alphafold2_ptm_model_3_seed_043 pLDDT=70.5 pTM=0.58
2026-07-23 07:14:11,466 rank_004_alphafold2_ptm_model_4_seed_043 pLDDT=68.9 pTM=0.588
2026-07-23 07:14:11,468 rank_005_alphafold2_ptm_model_4_seed_044 pLDDT=68.6 pTM=0.586
2026-07-23 07:14:11,469 rank_006_alphafold2_ptm_model_4_seed_042 pLDDT=68.3 pTM=0.585
2026-07-23 07:14:11,472 rank_007_alphafold2_ptm_model_1_seed_043 pLDDT=66.9 pTM=0.582
2026-07-23 07:14:11,474 rank_008_alphafold2_ptm_model_1_seed_044 pLDDT=66.8 pTM=0.583
2026-07-23 07:14:11,475 rank_009_alphafold2_ptm_model_1_seed_042 pLDDT=66.7 pTM=0.584
2026-07-23 07:14:11,478 rank_010_alphafold2_ptm_model_5_seed_044 pLDDT=66.6 pTM=0.57
2026-07-23 07:14:11,479 rank_011_alphafold2_ptm_model_2_seed_042 pLDDT=64.5 pTM=0.559
2026-07-23 07:14:11,481 rank_012_alphafold2_ptm_model_5_seed_042 pLDDT=64.2 pTM=0.529
2026-07-23 07:14:11,483 rank_013_alphafold2_ptm_model_3_seed_042 pLDDT=62.3 pTM=0.491
2026-07-23 07:14:11,484 rank_014_alphafold2_ptm_model_5_seed_043 pLDDT=61.5 pTM=0.515
2026-07-23 07:14:11,486 rank_015_alphafold2_ptm_model_2_seed_043 pLDDT=59.2 pTM=0.52
2026-07-23 07:14:14,734 Query 47/586: 5KPE_4_2_7_0_combined_id2 (length 108)
2026-07-23 07:14:38,621 alphafold2_ptm_model_1_seed_042 recycle=0 pLDDT=60.6 pTM=0.489
2026-07-23 07:15:00,456 alphafold2_ptm_model_1_seed_042 recycle=1 pLDDT=66.7 pTM=0.539 tol=0.995
2026-07-23 07:15:22,388 alphafold2_ptm_model_1_seed_042 recycle=2 pLDDT=74.1 pTM=0.61 tol=0.798
2026-07-23 07:15:44,196 alphafold2_ptm_model_1_seed_042 recycle=3 pLDDT=73.6 pTM=0.613 tol=0.648
2026-07-23 07:15:44,197 alphafold2_ptm_model_1_seed_042 took 87.2s (3 recycles)
2026-07-23 07:16:06,487 alphafold2_ptm_model_2_seed_042 recycle=0 pLDDT=57.4 pTM=0.47
2026-07-23 07:16:28,521 alphafold2_ptm_model_2_seed_042 recycle=1 pLDDT=67.9 pTM=0.594 tol=2.42
2026-07-23 07:16:50,867 alphafold2_ptm_model_2_seed_042 recycle=2 pLDDT=73.3 pTM=0.644 tol=0.371
2026-07-23 07:17:12,825 alphafold2_ptm_model_2_seed_042 recycle=3 pLDDT=75.3 pTM=0.66 tol=0.207
2026-07-23 07:17:12,826 alphafold2_ptm_model_2_seed_042 took 88.6s (3 recycles)
2026-07-23 07:17:34,537 alphafold2_ptm_model_3_seed_042 recycle=0 pLDDT=62.9 pTM=0.478
2026-07-23 07:17:56,777 alphafold2_ptm_model_3_seed_042 recycle=1 pLDDT=71.8 pTM=0.567 tol=0.997
2026-07-23 07:18:19,111 alphafold2_ptm_model_3_seed_042 recycle=2 pLDDT=75.4 pTM=0.612 tol=0.825
2026-07-23 07:18:41,223 alphafold2_ptm_model_3_seed_042 recycle=3 pLDDT=75.4 pTM=0.619 tol=0.854
2026-07-23 07:18:41,223 alphafold2_ptm_model_3_seed_042 took 88.3s (3 recycles)
2026-07-23 07:19:03,434 alphafold2_ptm_model_4_seed_042 recycle=0 pLDDT=69.1 pTM=0.567
2026-07-23 07:19:25,465 alphafold2_ptm_model_4_seed_042 recycle=1 pLDDT=72.7 pTM=0.6 tol=1.72
2026-07-23 07:19:47,583 alphafold2_ptm_model_4_seed_042 recycle=2 pLDDT=73.2 pTM=0.604 tol=0.711
2026-07-23 07:20:09,633 alphafold2_ptm_model_4_seed_042 recycle=3 pLDDT=73.2 pTM=0.605 tol=0.154
2026-07-23 07:20:09,633 alphafold2_ptm_model_4_seed_042 took 88.3s (3 recycles)
2026-07-23 07:20:31,842 alphafold2_ptm_model_5_seed_042 recycle=0 pLDDT=51.1 pTM=0.447
2026-07-23 07:20:54,261 alphafold2_ptm_model_5_seed_042 recycle=1 pLDDT=63.9 pTM=0.507 tol=3.59
2026-07-23 07:21:16,382 alphafold2_ptm_model_5_seed_042 recycle=2 pLDDT=67.6 pTM=0.532 tol=0.71
2026-07-23 07:21:38,379 alphafold2_ptm_model_5_seed_042 recycle=3 pLDDT=68.6 pTM=0.539 tol=0.277
2026-07-23 07:21:38,380 alphafold2_ptm_model_5_seed_042 took 88.7s (3 recycles)
2026-07-23 07:22:01,542 alphafold2_ptm_model_1_seed_043 recycle=0 pLDDT=56.5 pTM=0.451
2026-07-23 07:22:23,472 alphafold2_ptm_model_1_seed_043 recycle=1 pLDDT=70.1 pTM=0.578 tol=5.74
2026-07-23 07:22:45,209 alphafold2_ptm_model_1_seed_043 recycle=2 pLDDT=86 pTM=0.705 tol=1.41
2026-07-23 07:23:07,433 alphafold2_ptm_model_1_seed_043 recycle=3 pLDDT=86.8 pTM=0.716 tol=0.196
2026-07-23 07:23:07,434 alphafold2_ptm_model_1_seed_043 took 88.0s (3 recycles)
2026-07-23 07:23:29,844 alphafold2_ptm_model_2_seed_043 recycle=0 pLDDT=57.4 pTM=0.471
2026-07-23 07:23:52,410 alphafold2_ptm_model_2_seed_043 recycle=1 pLDDT=67.1 pTM=0.592 tol=2.94
2026-07-23 07:24:14,673 alphafold2_ptm_model_2_seed_043 recycle=2 pLDDT=70.8 pTM=0.615 tol=0.544
2026-07-23 07:24:36,745 alphafold2_ptm_model_2_seed_043 recycle=3 pLDDT=73.2 pTM=0.64 tol=0.296
2026-07-23 07:24:36,746 alphafold2_ptm_model_2_seed_043 took 89.2s (3 recycles)
2026-07-23 07:24:58,667 alphafold2_ptm_model_3_seed_043 recycle=0 pLDDT=62.4 pTM=0.474
2026-07-23 07:25:20,872 alphafold2_ptm_model_3_seed_043 recycle=1 pLDDT=71.9 pTM=0.57 tol=0.942
2026-07-23 07:25:42,720 alphafold2_ptm_model_3_seed_043 recycle=2 pLDDT=75.8 pTM=0.614 tol=0.776
2026-07-23 07:26:04,766 alphafold2_ptm_model_3_seed_043 recycle=3 pLDDT=75.9 pTM=0.626 tol=0.902
2026-07-23 07:26:04,767 alphafold2_ptm_model_3_seed_043 took 87.9s (3 recycles)
2026-07-23 07:26:26,908 alphafold2_ptm_model_4_seed_043 recycle=0 pLDDT=69.8 pTM=0.578
2026-07-23 07:26:48,672 alphafold2_ptm_model_4_seed_043 recycle=1 pLDDT=72.9 pTM=0.608 tol=1.73
2026-07-23 07:27:10,075 alphafold2_ptm_model_4_seed_043 recycle=2 pLDDT=73.3 pTM=0.609 tol=0.709
2026-07-23 07:27:32,128 alphafold2_ptm_model_4_seed_043 recycle=3 pLDDT=73.4 pTM=0.609 tol=0.136
2026-07-23 07:27:32,128 alphafold2_ptm_model_4_seed_043 took 87.3s (3 recycles)
2026-07-23 07:27:54,539 alphafold2_ptm_model_5_seed_043 recycle=0 pLDDT=57.7 pTM=0.469
2026-07-23 07:28:16,664 alphafold2_ptm_model_5_seed_043 recycle=1 pLDDT=64.8 pTM=0.512 tol=2.56
2026-07-23 07:28:38,623 alphafold2_ptm_model_5_seed_043 recycle=2 pLDDT=67.5 pTM=0.527 tol=0.711
2026-07-23 07:29:00,469 alphafold2_ptm_model_5_seed_043 recycle=3 pLDDT=68.6 pTM=0.535 tol=0.34
2026-07-23 07:29:00,470 alphafold2_ptm_model_5_seed_043 took 88.2s (3 recycles)
2026-07-23 07:29:24,018 alphafold2_ptm_model_1_seed_044 recycle=0 pLDDT=58.1 pTM=0.479
2026-07-23 07:29:45,692 alphafold2_ptm_model_1_seed_044 recycle=1 pLDDT=67.4 pTM=0.567 tol=0.879
2026-07-23 07:30:08,164 alphafold2_ptm_model_1_seed_044 recycle=2 pLDDT=70.8 pTM=0.601 tol=0.3
2026-07-23 07:30:30,051 alphafold2_ptm_model_1_seed_044 recycle=3 pLDDT=72.8 pTM=0.624 tol=0.23
2026-07-23 07:30:30,051 alphafold2_ptm_model_1_seed_044 took 88.2s (3 recycles)
2026-07-23 07:30:51,869 alphafold2_ptm_model_2_seed_044 recycle=0 pLDDT=57.8 pTM=0.475
2026-07-23 07:31:13,505 alphafold2_ptm_model_2_seed_044 recycle=1 pLDDT=68.2 pTM=0.601 tol=3.36
2026-07-23 07:31:35,779 alphafold2_ptm_model_2_seed_044 recycle=2 pLDDT=73.4 pTM=0.645 tol=0.472
2026-07-23 07:31:57,774 alphafold2_ptm_model_2_seed_044 recycle=3 pLDDT=75.2 pTM=0.658 tol=0.249
2026-07-23 07:31:57,775 alphafold2_ptm_model_2_seed_044 took 87.6s (3 recycles)
2026-07-23 07:32:20,106 alphafold2_ptm_model_3_seed_044 recycle=0 pLDDT=64.3 pTM=0.496
2026-07-23 07:32:42,316 alphafold2_ptm_model_3_seed_044 recycle=1 pLDDT=72.5 pTM=0.577 tol=1.04
2026-07-23 07:33:04,469 alphafold2_ptm_model_3_seed_044 recycle=2 pLDDT=74.7 pTM=0.6 tol=0.677
2026-07-23 07:33:26,270 alphafold2_ptm_model_3_seed_044 recycle=3 pLDDT=75.8 pTM=0.625 tol=0.797
2026-07-23 07:33:26,271 alphafold2_ptm_model_3_seed_044 took 88.1s (3 recycles)
2026-07-23 07:33:48,190 alphafold2_ptm_model_4_seed_044 recycle=0 pLDDT=68.7 pTM=0.567
2026-07-23 07:34:09,656 alphafold2_ptm_model_4_seed_044 recycle=1 pLDDT=72.4 pTM=0.599 tol=1.93
2026-07-23 07:34:31,734 alphafold2_ptm_model_4_seed_044 recycle=2 pLDDT=72.5 pTM=0.599 tol=0.695
2026-07-23 07:34:53,756 alphafold2_ptm_model_4_seed_044 recycle=3 pLDDT=72.8 pTM=0.599 tol=0.155
2026-07-23 07:34:53,757 alphafold2_ptm_model_4_seed_044 took 87.4s (3 recycles)
2026-07-23 07:35:16,057 alphafold2_ptm_model_5_seed_044 recycle=0 pLDDT=55 pTM=0.459
2026-07-23 07:35:37,928 alphafold2_ptm_model_5_seed_044 recycle=1 pLDDT=65.9 pTM=0.517 tol=4.01
2026-07-23 07:35:59,908 alphafold2_ptm_model_5_seed_044 recycle=2 pLDDT=67.9 pTM=0.531 tol=0.478
2026-07-23 07:36:21,832 alphafold2_ptm_model_5_seed_044 recycle=3 pLDDT=68.3 pTM=0.533 tol=0.208
2026-07-23 07:36:21,833 alphafold2_ptm_model_5_seed_044 took 88.0s (3 recycles)
2026-07-23 07:36:21,888 reranking models by 'plddt' metric
2026-07-23 07:36:21,889 rank_001_alphafold2_ptm_model_1_seed_043 pLDDT=86.8 pTM=0.716
2026-07-23 07:36:21,891 rank_002_alphafold2_ptm_model_3_seed_043 pLDDT=75.9 pTM=0.626
2026-07-23 07:36:21,893 rank_003_alphafold2_ptm_model_3_seed_044 pLDDT=75.8 pTM=0.625
2026-07-23 07:36:21,896 rank_004_alphafold2_ptm_model_3_seed_042 pLDDT=75.4 pTM=0.619
2026-07-23 07:36:21,898 rank_005_alphafold2_ptm_model_2_seed_042 pLDDT=75.3 pTM=0.66
2026-07-23 07:36:21,901 rank_006_alphafold2_ptm_model_2_seed_044 pLDDT=75.2 pTM=0.658
2026-07-23 07:36:21,902 rank_007_alphafold2_ptm_model_1_seed_042 pLDDT=73.6 pTM=0.613
2026-07-23 07:36:21,904 rank_008_alphafold2_ptm_model_4_seed_043 pLDDT=73.4 pTM=0.609
2026-07-23 07:36:21,906 rank_009_alphafold2_ptm_model_4_seed_042 pLDDT=73.2 pTM=0.605
2026-07-23 07:36:21,908 rank_010_alphafold2_ptm_model_2_seed_043 pLDDT=73.2 pTM=0.64
2026-07-23 07:36:21,910 rank_011_alphafold2_ptm_model_1_seed_044 pLDDT=72.8 pTM=0.624
2026-07-23 07:36:21,912 rank_012_alphafold2_ptm_model_4_seed_044 pLDDT=72.8 pTM=0.599
2026-07-23 07:36:21,914 rank_013_alphafold2_ptm_model_5_seed_043 pLDDT=68.6 pTM=0.535
2026-07-23 07:36:21,915 rank_014_alphafold2_ptm_model_5_seed_042 pLDDT=68.6 pTM=0.539
2026-07-23 07:36:21,917 rank_015_alphafold2_ptm_model_5_seed_044 pLDDT=68.3 pTM=0.533
2026-07-23 07:36:25,226 Query 48/586: 5KPE_4_2_7_0_combined_id4 (length 108)
2026-07-23 07:36:48,888 alphafold2_ptm_model_1_seed_042 recycle=0 pLDDT=61 pTM=0.502
2026-07-23 07:37:10,696 alphafold2_ptm_model_1_seed_042 recycle=1 pLDDT=60.7 pTM=0.511 tol=0.534
2026-07-23 07:37:32,504 alphafold2_ptm_model_1_seed_042 recycle=2 pLDDT=58.4 pTM=0.472 tol=1.07
2026-07-23 07:37:54,214 alphafold2_ptm_model_1_seed_042 recycle=3 pLDDT=56.7 pTM=0.452 tol=0.429
2026-07-23 07:37:54,214 alphafold2_ptm_model_1_seed_042 took 87.0s (3 recycles)
2026-07-23 07:38:15,975 alphafold2_ptm_model_2_seed_042 recycle=0 pLDDT=58 pTM=0.466
2026-07-23 07:38:37,834 alphafold2_ptm_model_2_seed_042 recycle=1 pLDDT=59.7 pTM=0.499 tol=0.406
2026-07-23 07:38:59,255 alphafold2_ptm_model_2_seed_042 recycle=2 pLDDT=58.5 pTM=0.487 tol=0.342
2026-07-23 07:39:21,235 alphafold2_ptm_model_2_seed_042 recycle=3 pLDDT=60.2 pTM=0.509 tol=0.338
2026-07-23 07:39:21,235 alphafold2_ptm_model_2_seed_042 took 87.0s (3 recycles)
2026-07-23 07:39:42,933 alphafold2_ptm_model_3_seed_042 recycle=0 pLDDT=61.3 pTM=0.454
2026-07-23 07:40:04,967 alphafold2_ptm_model_3_seed_042 recycle=1 pLDDT=62.5 pTM=0.468 tol=2.47
2026-07-23 07:40:26,773 alphafold2_ptm_model_3_seed_042 recycle=2 pLDDT=62.9 pTM=0.454 tol=2.33
2026-07-23 07:40:48,901 alphafold2_ptm_model_3_seed_042 recycle=3 pLDDT=63.1 pTM=0.485 tol=1.2
2026-07-23 07:40:48,902 alphafold2_ptm_model_3_seed_042 took 87.6s (3 recycles)
2026-07-23 07:41:10,649 alphafold2_ptm_model_4_seed_042 recycle=0 pLDDT=60.6 pTM=0.461
2026-07-23 07:41:32,263 alphafold2_ptm_model_4_seed_042 recycle=1 pLDDT=59.6 pTM=0.454 tol=1.1
2026-07-23 07:41:54,152 alphafold2_ptm_model_4_seed_042 recycle=2 pLDDT=59.3 pTM=0.474 tol=0.843
2026-07-23 07:42:15,827 alphafold2_ptm_model_4_seed_042 recycle=3 pLDDT=57.8 pTM=0.43 tol=0.695
2026-07-23 07:42:15,827 alphafold2_ptm_model_4_seed_042 took 86.9s (3 recycles)
2026-07-23 07:42:37,552 alphafold2_ptm_model_5_seed_042 recycle=0 pLDDT=59.2 pTM=0.465
2026-07-23 07:42:59,533 alphafold2_ptm_model_5_seed_042 recycle=1 pLDDT=57.6 pTM=0.444 tol=0.81
2026-07-23 07:43:21,372 alphafold2_ptm_model_5_seed_042 recycle=2 pLDDT=58.4 pTM=0.457 tol=0.602
2026-07-23 07:43:43,073 alphafold2_ptm_model_5_seed_042 recycle=3 pLDDT=58.5 pTM=0.453 tol=0.849
2026-07-23 07:43:43,074 alphafold2_ptm_model_5_seed_042 took 87.1s (3 recycles)
2026-07-23 07:44:06,360 alphafold2_ptm_model_1_seed_043 recycle=0 pLDDT=60.4 pTM=0.515
2026-07-23 07:44:28,415 alphafold2_ptm_model_1_seed_043 recycle=1 pLDDT=61.8 pTM=0.511 tol=0.924
2026-07-23 07:44:50,282 alphafold2_ptm_model_1_seed_043 recycle=2 pLDDT=59.8 pTM=0.48 tol=0.375
2026-07-23 07:45:12,263 alphafold2_ptm_model_1_seed_043 recycle=3 pLDDT=59.6 pTM=0.474 tol=0.362
2026-07-23 07:45:12,264 alphafold2_ptm_model_1_seed_043 took 88.2s (3 recycles)
2026-07-23 07:45:33,957 alphafold2_ptm_model_2_seed_043 recycle=0 pLDDT=58.6 pTM=0.477
2026-07-23 07:45:55,867 alphafold2_ptm_model_2_seed_043 recycle=1 pLDDT=59.7 pTM=0.499 tol=0.5
2026-07-23 07:46:17,587 alphafold2_ptm_model_2_seed_043 recycle=2 pLDDT=58.6 pTM=0.484 tol=0.396
2026-07-23 07:46:39,677 alphafold2_ptm_model_2_seed_043 recycle=3 pLDDT=55.2 pTM=0.465 tol=4.71
2026-07-23 07:46:39,677 alphafold2_ptm_model_2_seed_043 took 87.3s (3 recycles)
2026-07-23 07:47:01,591 alphafold2_ptm_model_3_seed_043 recycle=0 pLDDT=60.7 pTM=0.43
2026-07-23 07:47:23,535 alphafold2_ptm_model_3_seed_043 recycle=1 pLDDT=59.7 pTM=0.449 tol=1.41
2026-07-23 07:47:45,286 alphafold2_ptm_model_3_seed_043 recycle=2 pLDDT=59.4 pTM=0.406 tol=1.26
2026-07-23 07:48:06,709 alphafold2_ptm_model_3_seed_043 recycle=3 pLDDT=60.6 pTM=0.448 tol=1.17
2026-07-23 07:48:06,710 alphafold2_ptm_model_3_seed_043 took 87.0s (3 recycles)
2026-07-23 07:48:28,337 alphafold2_ptm_model_4_seed_043 recycle=0 pLDDT=59.2 pTM=0.468
2026-07-23 07:48:50,283 alphafold2_ptm_model_4_seed_043 recycle=1 pLDDT=58.1 pTM=0.428 tol=0.614
2026-07-23 07:49:11,812 alphafold2_ptm_model_4_seed_043 recycle=2 pLDDT=57.5 pTM=0.417 tol=0.588
2026-07-23 07:49:33,704 alphafold2_ptm_model_4_seed_043 recycle=3 pLDDT=58.2 pTM=0.427 tol=0.497
2026-07-23 07:49:33,704 alphafold2_ptm_model_4_seed_043 took 86.9s (3 recycles)
2026-07-23 07:49:55,437 alphafold2_ptm_model_5_seed_043 recycle=0 pLDDT=59.4 pTM=0.47
2026-07-23 07:50:17,384 alphafold2_ptm_model_5_seed_043 recycle=1 pLDDT=57.1 pTM=0.441 tol=0.752
2026-07-23 07:50:39,073 alphafold2_ptm_model_5_seed_043 recycle=2 pLDDT=58.6 pTM=0.461 tol=0.506
2026-07-23 07:51:00,916 alphafold2_ptm_model_5_seed_043 recycle=3 pLDDT=58.1 pTM=0.446 tol=0.995
2026-07-23 07:51:00,917 alphafold2_ptm_model_5_seed_043 took 87.0s (3 recycles)
2026-07-23 07:51:23,460 alphafold2_ptm_model_1_seed_044 recycle=0 pLDDT=62.5 pTM=0.527
2026-07-23 07:51:45,501 alphafold2_ptm_model_1_seed_044 recycle=1 pLDDT=63.2 pTM=0.529 tol=1.02
2026-07-23 07:52:07,004 alphafold2_ptm_model_1_seed_044 recycle=2 pLDDT=60.9 pTM=0.496 tol=0.415
2026-07-23 07:52:28,527 alphafold2_ptm_model_1_seed_044 recycle=3 pLDDT=60.1 pTM=0.481 tol=0.261
2026-07-23 07:52:28,527 alphafold2_ptm_model_1_seed_044 took 86.6s (3 recycles)
2026-07-23 07:52:50,275 alphafold2_ptm_model_2_seed_044 recycle=0 pLDDT=58.5 pTM=0.465
2026-07-23 07:53:12,260 alphafold2_ptm_model_2_seed_044 recycle=1 pLDDT=59.5 pTM=0.492 tol=0.354
2026-07-23 07:53:33,917 alphafold2_ptm_model_2_seed_044 recycle=2 pLDDT=59.7 pTM=0.496 tol=0.26
2026-07-23 07:53:55,811 alphafold2_ptm_model_2_seed_044 recycle=3 pLDDT=58.4 pTM=0.478 tol=0.153
2026-07-23 07:53:55,811 alphafold2_ptm_model_2_seed_044 took 87.2s (3 recycles)
2026-07-23 07:54:17,655 alphafold2_ptm_model_3_seed_044 recycle=0 pLDDT=60.1 pTM=0.424
2026-07-23 07:54:39,445 alphafold2_ptm_model_3_seed_044 recycle=1 pLDDT=59.6 pTM=0.44 tol=2.27
2026-07-23 07:55:01,251 alphafold2_ptm_model_3_seed_044 recycle=2 pLDDT=62.9 pTM=0.457 tol=2.15
2026-07-23 07:55:22,704 alphafold2_ptm_model_3_seed_044 recycle=3 pLDDT=61.2 pTM=0.449 tol=1.36
2026-07-23 07:55:22,705 alphafold2_ptm_model_3_seed_044 took 86.8s (3 recycles)
2026-07-23 07:55:44,324 alphafold2_ptm_model_4_seed_044 recycle=0 pLDDT=59.2 pTM=0.461
2026-07-23 07:56:06,032 alphafold2_ptm_model_4_seed_044 recycle=1 pLDDT=58.2 pTM=0.421 tol=0.795
2026-07-23 07:56:27,590 alphafold2_ptm_model_4_seed_044 recycle=2 pLDDT=57.8 pTM=0.43 tol=0.383
2026-07-23 07:56:49,128 alphafold2_ptm_model_4_seed_044 recycle=3 pLDDT=58.3 pTM=0.45 tol=0.811
2026-07-23 07:56:49,128 alphafold2_ptm_model_4_seed_044 took 86.4s (3 recycles)
2026-07-23 07:57:10,949 alphafold2_ptm_model_5_seed_044 recycle=0 pLDDT=59.9 pTM=0.474
2026-07-23 07:57:32,290 alphafold2_ptm_model_5_seed_044 recycle=1 pLDDT=58.1 pTM=0.455 tol=0.902
2026-07-23 07:57:53,869 alphafold2_ptm_model_5_seed_044 recycle=2 pLDDT=58.6 pTM=0.468 tol=0.592
2026-07-23 07:58:16,292 alphafold2_ptm_model_5_seed_044 recycle=3 pLDDT=58.5 pTM=0.458 tol=0.634
2026-07-23 07:58:16,293 alphafold2_ptm_model_5_seed_044 took 87.1s (3 recycles)
2026-07-23 07:58:16,379 reranking models by 'plddt' metric
2026-07-23 07:58:16,379 rank_001_alphafold2_ptm_model_3_seed_042 pLDDT=63.1 pTM=0.485
2026-07-23 07:58:16,381 rank_002_alphafold2_ptm_model_3_seed_044 pLDDT=61.2 pTM=0.449
2026-07-23 07:58:16,383 rank_003_alphafold2_ptm_model_3_seed_043 pLDDT=60.6 pTM=0.448
2026-07-23 07:58:16,386 rank_004_alphafold2_ptm_model_2_seed_042 pLDDT=60.2 pTM=0.509
2026-07-23 07:58:16,389 rank_005_alphafold2_ptm_model_1_seed_044 pLDDT=60.1 pTM=0.481
2026-07-23 07:58:16,391 rank_006_alphafold2_ptm_model_1_seed_043 pLDDT=59.6 pTM=0.474
2026-07-23 07:58:16,393 rank_007_alphafold2_ptm_model_5_seed_044 pLDDT=58.5 pTM=0.458
2026-07-23 07:58:16,394 rank_008_alphafold2_ptm_model_5_seed_042 pLDDT=58.5 pTM=0.453
2026-07-23 07:58:16,396 rank_009_alphafold2_ptm_model_2_seed_044 pLDDT=58.4 pTM=0.478
2026-07-23 07:58:16,399 rank_010_alphafold2_ptm_model_4_seed_044 pLDDT=58.3 pTM=0.45
2026-07-23 07:58:16,401 rank_011_alphafold2_ptm_model_4_seed_043 pLDDT=58.2 pTM=0.427
2026-07-23 07:58:16,403 rank_012_alphafold2_ptm_model_5_seed_043 pLDDT=58.1 pTM=0.446
2026-07-23 07:58:16,405 rank_013_alphafold2_ptm_model_4_seed_042 pLDDT=57.8 pTM=0.43
2026-07-23 07:58:16,407 rank_014_alphafold2_ptm_model_1_seed_042 pLDDT=56.7 pTM=0.452
2026-07-23 07:58:16,409 rank_015_alphafold2_ptm_model_2_seed_043 pLDDT=55.2 pTM=0.465
2026-07-23 07:58:20,358 Query 49/586: 5KPE_4_2_7_0_combined_id5 (length 108)
2026-07-23 07:58:44,789 alphafold2_ptm_model_1_seed_042 recycle=0 pLDDT=68.6 pTM=0.558
2026-07-23 07:59:07,156 alphafold2_ptm_model_1_seed_042 recycle=1 pLDDT=77.4 pTM=0.626 tol=0.911
2026-07-23 07:59:29,607 alphafold2_ptm_model_1_seed_042 recycle=2 pLDDT=78.9 pTM=0.633 tol=0.301
2026-07-23 07:59:52,507 alphafold2_ptm_model_1_seed_042 recycle=3 pLDDT=79.4 pTM=0.623 tol=0.327
2026-07-23 07:59:52,507 alphafold2_ptm_model_1_seed_042 took 90.2s (3 recycles)
2026-07-23 08:00:14,902 alphafold2_ptm_model_2_seed_042 recycle=0 pLDDT=70.4 pTM=0.552
2026-07-23 08:00:37,486 alphafold2_ptm_model_2_seed_042 recycle=1 pLDDT=74.8 pTM=0.613 tol=1.76
2026-07-23 08:00:59,859 alphafold2_ptm_model_2_seed_042 recycle=2 pLDDT=77.3 pTM=0.615 tol=0.474
2026-07-23 08:01:22,442 alphafold2_ptm_model_2_seed_042 recycle=3 pLDDT=77.9 pTM=0.607 tol=0.235
2026-07-23 08:01:22,443 alphafold2_ptm_model_2_seed_042 took 89.9s (3 recycles)
2026-07-23 08:01:44,801 alphafold2_ptm_model_3_seed_042 recycle=0 pLDDT=64.6 pTM=0.496
2026-07-23 08:02:07,638 alphafold2_ptm_model_3_seed_042 recycle=1 pLDDT=72.9 pTM=0.515 tol=2.46
2026-07-23 08:02:29,556 alphafold2_ptm_model_3_seed_042 recycle=2 pLDDT=77.1 pTM=0.548 tol=0.905
2026-07-23 08:02:51,816 alphafold2_ptm_model_3_seed_042 recycle=3 pLDDT=78.9 pTM=0.553 tol=0.247
2026-07-23 08:02:51,817 alphafold2_ptm_model_3_seed_042 took 89.3s (3 recycles)
2026-07-23 08:03:13,372 alphafold2_ptm_model_4_seed_042 recycle=0 pLDDT=63 pTM=0.52
2026-07-23 08:03:35,757 alphafold2_ptm_model_4_seed_042 recycle=1 pLDDT=63 pTM=0.525 tol=4.71
2026-07-23 08:03:57,952 alphafold2_ptm_model_4_seed_042 recycle=2 pLDDT=76.1 pTM=0.574 tol=1.89
2026-07-23 08:04:20,365 alphafold2_ptm_model_4_seed_042 recycle=3 pLDDT=77.4 pTM=0.573 tol=0.438
2026-07-23 08:04:20,366 alphafold2_ptm_model_4_seed_042 took 88.5s (3 recycles)
2026-07-23 08:04:43,159 alphafold2_ptm_model_5_seed_042 recycle=0 pLDDT=62.9 pTM=0.513
2026-07-23 08:05:05,264 alphafold2_ptm_model_5_seed_042 recycle=1 pLDDT=66.8 pTM=0.542 tol=2.78
2026-07-23 08:05:27,461 alphafold2_ptm_model_5_seed_042 recycle=2 pLDDT=68.4 pTM=0.542 tol=0.533
2026-07-23 08:05:50,104 alphafold2_ptm_model_5_seed_042 recycle=3 pLDDT=69.9 pTM=0.549 tol=0.171
2026-07-23 08:05:50,105 alphafold2_ptm_model_5_seed_042 took 89.7s (3 recycles)
2026-07-23 08:06:13,129 alphafold2_ptm_model_1_seed_043 recycle=0 pLDDT=68.6 pTM=0.555
2026-07-23 08:06:35,409 alphafold2_ptm_model_1_seed_043 recycle=1 pLDDT=78.2 pTM=0.64 tol=1.23
2026-07-23 08:06:57,621 alphafold2_ptm_model_1_seed_043 recycle=2 pLDDT=79.8 pTM=0.625 tol=0.396
2026-07-23 08:07:20,229 alphafold2_ptm_model_1_seed_043 recycle=3 pLDDT=80.5 pTM=0.625 tol=0.288
2026-07-23 08:07:20,229 alphafold2_ptm_model_1_seed_043 took 89.1s (3 recycles)
2026-07-23 08:07:42,538 alphafold2_ptm_model_2_seed_043 recycle=0 pLDDT=71.8 pTM=0.556
2026-07-23 08:08:04,883 alphafold2_ptm_model_2_seed_043 recycle=1 pLDDT=68.8 pTM=0.555 tol=1.2
2026-07-23 08:08:26,703 alphafold2_ptm_model_2_seed_043 recycle=2 pLDDT=70.1 pTM=0.542 tol=2.68
2026-07-23 08:08:48,562 alphafold2_ptm_model_2_seed_043 recycle=3 pLDDT=75.2 pTM=0.588 tol=1.52
2026-07-23 08:08:48,563 alphafold2_ptm_model_2_seed_043 took 88.3s (3 recycles)
2026-07-23 08:09:10,699 alphafold2_ptm_model_3_seed_043 recycle=0 pLDDT=65.8 pTM=0.501
2026-07-23 08:09:32,690 alphafold2_ptm_model_3_seed_043 recycle=1 pLDDT=74.7 pTM=0.528 tol=2.43
2026-07-23 08:09:54,793 alphafold2_ptm_model_3_seed_043 recycle=2 pLDDT=78.3 pTM=0.556 tol=0.858
2026-07-23 08:10:16,333 alphafold2_ptm_model_3_seed_043 recycle=3 pLDDT=79.4 pTM=0.554 tol=0.333
2026-07-23 08:10:16,334 alphafold2_ptm_model_3_seed_043 took 87.7s (3 recycles)
2026-07-23 08:10:38,116 alphafold2_ptm_model_4_seed_043 recycle=0 pLDDT=64.4 pTM=0.522
2026-07-23 08:10:59,996 alphafold2_ptm_model_4_seed_043 recycle=1 pLDDT=74.1 pTM=0.565 tol=2.28
2026-07-23 08:11:22,064 alphafold2_ptm_model_4_seed_043 recycle=2 pLDDT=76.2 pTM=0.568 tol=0.875
2026-07-23 08:11:43,956 alphafold2_ptm_model_4_seed_043 recycle=3 pLDDT=78.7 pTM=0.583 tol=0.903
2026-07-23 08:11:43,957 alphafold2_ptm_model_4_seed_043 took 87.5s (3 recycles)
2026-07-23 08:12:05,771 alphafold2_ptm_model_5_seed_043 recycle=0 pLDDT=61.8 pTM=0.51
2026-07-23 08:12:27,019 alphafold2_ptm_model_5_seed_043 recycle=1 pLDDT=67.9 pTM=0.549 tol=3.01
2026-07-23 08:12:48,986 alphafold2_ptm_model_5_seed_043 recycle=2 pLDDT=69.1 pTM=0.546 tol=0.441
2026-07-23 08:13:10,849 alphafold2_ptm_model_5_seed_043 recycle=3 pLDDT=70 pTM=0.55 tol=0.155
2026-07-23 08:13:10,850 alphafold2_ptm_model_5_seed_043 took 86.8s (3 recycles)
2026-07-23 08:13:33,603 alphafold2_ptm_model_1_seed_044 recycle=0 pLDDT=67.4 pTM=0.546
2026-07-23 08:13:54,882 alphafold2_ptm_model_1_seed_044 recycle=1 pLDDT=78.6 pTM=0.638 tol=1.19
2026-07-23 08:14:16,687 alphafold2_ptm_model_1_seed_044 recycle=2 pLDDT=79.2 pTM=0.62 tol=0.369
2026-07-23 08:14:39,183 alphafold2_ptm_model_1_seed_044 recycle=3 pLDDT=80.1 pTM=0.61 tol=0.269
2026-07-23 08:14:39,183 alphafold2_ptm_model_1_seed_044 took 87.2s (3 recycles)
2026-07-23 08:15:00,441 alphafold2_ptm_model_2_seed_044 recycle=0 pLDDT=70.4 pTM=0.556
2026-07-23 08:15:22,118 alphafold2_ptm_model_2_seed_044 recycle=1 pLDDT=68.2 pTM=0.56 tol=1.29
2026-07-23 08:15:44,045 alphafold2_ptm_model_2_seed_044 recycle=2 pLDDT=71.1 pTM=0.557 tol=2.07
2026-07-23 08:16:05,635 alphafold2_ptm_model_2_seed_044 recycle=3 pLDDT=80.1 pTM=0.647 tol=2.02
2026-07-23 08:16:05,635 alphafold2_ptm_model_2_seed_044 took 86.4s (3 recycles)
2026-07-23 08:16:26,810 alphafold2_ptm_model_3_seed_044 recycle=0 pLDDT=66.1 pTM=0.504
2026-07-23 08:16:48,879 alphafold2_ptm_model_3_seed_044 recycle=1 pLDDT=73.5 pTM=0.522 tol=2.37
2026-07-23 08:17:10,597 alphafold2_ptm_model_3_seed_044 recycle=2 pLDDT=77.9 pTM=0.556 tol=0.937
2026-07-23 08:17:32,734 alphafold2_ptm_model_3_seed_044 recycle=3 pLDDT=79.3 pTM=0.554 tol=0.335
2026-07-23 08:17:32,734 alphafold2_ptm_model_3_seed_044 took 87.0s (3 recycles)
2026-07-23 08:17:54,394 alphafold2_ptm_model_4_seed_044 recycle=0 pLDDT=61.9 pTM=0.513
2026-07-23 08:18:16,100 alphafold2_ptm_model_4_seed_044 recycle=1 pLDDT=58.6 pTM=0.481 tol=1.7
2026-07-23 08:18:37,187 alphafold2_ptm_model_4_seed_044 recycle=2 pLDDT=73.2 pTM=0.576 tol=5.29
2026-07-23 08:18:58,991 alphafold2_ptm_model_4_seed_044 recycle=3 pLDDT=75.4 pTM=0.562 tol=0.988
2026-07-23 08:18:58,991 alphafold2_ptm_model_4_seed_044 took 86.2s (3 recycles)
2026-07-23 08:19:20,859 alphafold2_ptm_model_5_seed_044 recycle=0 pLDDT=62.9 pTM=0.517
2026-07-23 08:19:43,132 alphafold2_ptm_model_5_seed_044 recycle=1 pLDDT=67.4 pTM=0.546 tol=2.48
2026-07-23 08:20:04,977 alphafold2_ptm_model_5_seed_044 recycle=2 pLDDT=69.1 pTM=0.542 tol=0.458
2026-07-23 08:20:26,838 alphafold2_ptm_model_5_seed_044 recycle=3 pLDDT=70.1 pTM=0.546 tol=0.142
2026-07-23 08:20:26,838 alphafold2_ptm_model_5_seed_044 took 87.8s (3 recycles)
2026-07-23 08:20:26,950 reranking models by 'plddt' metric
2026-07-23 08:20:26,950 rank_001_alphafold2_ptm_model_1_seed_043 pLDDT=80.5 pTM=0.625
2026-07-23 08:20:26,952 rank_002_alphafold2_ptm_model_2_seed_044 pLDDT=80.1 pTM=0.647
2026-07-23 08:20:26,954 rank_003_alphafold2_ptm_model_1_seed_044 pLDDT=80.1 pTM=0.61
2026-07-23 08:20:26,955 rank_004_alphafold2_ptm_model_1_seed_042 pLDDT=79.4 pTM=0.623
2026-07-23 08:20:26,957 rank_005_alphafold2_ptm_model_3_seed_043 pLDDT=79.4 pTM=0.554
2026-07-23 08:20:26,959 rank_006_alphafold2_ptm_model_3_seed_044 pLDDT=79.3 pTM=0.554
2026-07-23 08:20:26,961 rank_007_alphafold2_ptm_model_3_seed_042 pLDDT=78.9 pTM=0.553
2026-07-23 08:20:26,962 rank_008_alphafold2_ptm_model_4_seed_043 pLDDT=78.7 pTM=0.583
2026-07-23 08:20:26,964 rank_009_alphafold2_ptm_model_2_seed_042 pLDDT=77.9 pTM=0.607
2026-07-23 08:20:26,965 rank_010_alphafold2_ptm_model_4_seed_042 pLDDT=77.4 pTM=0.573
2026-07-23 08:20:26,967 rank_011_alphafold2_ptm_model_4_seed_044 pLDDT=75.4 pTM=0.562
2026-07-23 08:20:26,969 rank_012_alphafold2_ptm_model_2_seed_043 pLDDT=75.2 pTM=0.588
2026-07-23 08:20:26,970 rank_013_alphafold2_ptm_model_5_seed_044 pLDDT=70.1 pTM=0.546
2026-07-23 08:20:26,971 rank_014_alphafold2_ptm_model_5_seed_043 pLDDT=70 pTM=0.55
2026-07-23 08:20:26,973 rank_015_alphafold2_ptm_model_5_seed_042 pLDDT=69.9 pTM=0.549
2026-07-23 08:20:30,339 Query 50/586: 5KPE_4_2_7_0_combined_id9 (length 108)
2026-07-23 08:20:53,923 alphafold2_ptm_model_1_seed_042 recycle=0 pLDDT=65.2 pTM=0.544
2026-07-23 08:21:15,784 alphafold2_ptm_model_1_seed_042 recycle=1 pLDDT=68.2 pTM=0.571 tol=1.49
2026-07-23 08:21:37,373 alphafold2_ptm_model_1_seed_042 recycle=2 pLDDT=65.7 pTM=0.552 tol=0.771
2026-07-23 08:21:59,175 alphafold2_ptm_model_1_seed_042 recycle=3 pLDDT=66.8 pTM=0.549 tol=0.622
2026-07-23 08:21:59,175 alphafold2_ptm_model_1_seed_042 took 87.0s (3 recycles)
2026-07-23 08:22:20,889 alphafold2_ptm_model_2_seed_042 recycle=0 pLDDT=64.2 pTM=0.527
2026-07-23 08:22:42,645 alphafold2_ptm_model_2_seed_042 recycle=1 pLDDT=67.9 pTM=0.588 tol=0.97
2026-07-23 08:23:04,525 alphafold2_ptm_model_2_seed_042 recycle=2 pLDDT=77.2 pTM=0.659 tol=5.88
2026-07-23 08:23:26,752 alphafold2_ptm_model_2_seed_042 recycle=3 pLDDT=82.9 pTM=0.66 tol=1.37
2026-07-23 08:23:26,753 alphafold2_ptm_model_2_seed_042 took 87.5s (3 recycles)
2026-07-23 08:23:48,536 alphafold2_ptm_model_3_seed_042 recycle=0 pLDDT=69.9 pTM=0.548
2026-07-23 08:24:10,155 alphafold2_ptm_model_3_seed_042 recycle=1 pLDDT=70.2 pTM=0.572 tol=0.41
2026-07-23 08:24:31,855 alphafold2_ptm_model_3_seed_042 recycle=2 pLDDT=71.2 pTM=0.578 tol=0.19
2026-07-23 08:24:53,409 alphafold2_ptm_model_3_seed_042 recycle=3 pLDDT=70.4 pTM=0.575 tol=0.213
2026-07-23 08:24:53,412 alphafold2_ptm_model_3_seed_042 took 86.6s (3 recycles)
2026-07-23 08:25:14,432 alphafold2_ptm_model_4_seed_042 recycle=0 pLDDT=68.8 pTM=0.558
2026-07-23 08:25:36,504 alphafold2_ptm_model_4_seed_042 recycle=1 pLDDT=69.8 pTM=0.571 tol=1.16
2026-07-23 08:25:57,729 alphafold2_ptm_model_4_seed_042 recycle=2 pLDDT=69.2 pTM=0.572 tol=0.227
2026-07-23 08:26:19,512 alphafold2_ptm_model_4_seed_042 recycle=3 pLDDT=68.4 pTM=0.563 tol=0.327
2026-07-23 08:26:19,513 alphafold2_ptm_model_4_seed_042 took 86.0s (3 recycles)
2026-07-23 08:26:40,441 alphafold2_ptm_model_5_seed_042 recycle=0 pLDDT=66.1 pTM=0.523
2026-07-23 08:27:02,283 alphafold2_ptm_model_5_seed_042 recycle=1 pLDDT=68.9 pTM=0.552 tol=0.346
2026-07-23 08:27:23,787 alphafold2_ptm_model_5_seed_042 recycle=2 pLDDT=69.6 pTM=0.566 tol=0.184
2026-07-23 08:27:45,090 alphafold2_ptm_model_5_seed_042 recycle=3 pLDDT=71.1 pTM=0.58 tol=0.173
2026-07-23 08:27:45,090 alphafold2_ptm_model_5_seed_042 took 85.5s (3 recycles)
2026-07-23 08:28:07,602 alphafold2_ptm_model_1_seed_043 recycle=0 pLDDT=65.2 pTM=0.542
2026-07-23 08:28:29,384 alphafold2_ptm_model_1_seed_043 recycle=1 pLDDT=64.9 pTM=0.539 tol=0.852
2026-07-23 08:28:51,060 alphafold2_ptm_model_1_seed_043 recycle=2 pLDDT=68.3 pTM=0.583 tol=0.477
2026-07-23 08:29:12,367 alphafold2_ptm_model_1_seed_043 recycle=3 pLDDT=64.2 pTM=0.553 tol=0.466
2026-07-23 08:29:12,368 alphafold2_ptm_model_1_seed_043 took 86.2s (3 recycles)
2026-07-23 08:29:33,409 alphafold2_ptm_model_2_seed_043 recycle=0 pLDDT=66.7 pTM=0.562
2026-07-23 08:29:54,351 alphafold2_ptm_model_2_seed_043 recycle=1 pLDDT=64.4 pTM=0.523 tol=0.956
2026-07-23 08:30:15,544 alphafold2_ptm_model_2_seed_043 recycle=2 pLDDT=67.5 pTM=0.585 tol=1.27
2026-07-23 08:30:37,195 alphafold2_ptm_model_2_seed_043 recycle=3 pLDDT=65.9 pTM=0.568 tol=0.295
2026-07-23 08:30:37,195 alphafold2_ptm_model_2_seed_043 took 84.8s (3 recycles)
2026-07-23 08:30:58,631 alphafold2_ptm_model_3_seed_043 recycle=0 pLDDT=70.6 pTM=0.555
2026-07-23 08:31:21,068 alphafold2_ptm_model_3_seed_043 recycle=1 pLDDT=70.4 pTM=0.576 tol=0.411
2026-07-23 08:31:42,925 alphafold2_ptm_model_3_seed_043 recycle=2 pLDDT=70.8 pTM=0.579 tol=0.23
2026-07-23 08:32:04,778 alphafold2_ptm_model_3_seed_043 recycle=3 pLDDT=70.6 pTM=0.575 tol=0.213
2026-07-23 08:32:04,779 alphafold2_ptm_model_3_seed_043 took 87.5s (3 recycles)
2026-07-23 08:32:25,880 alphafold2_ptm_model_4_seed_043 recycle=0 pLDDT=69.7 pTM=0.566
2026-07-23 08:32:47,428 alphafold2_ptm_model_4_seed_043 recycle=1 pLDDT=70.6 pTM=0.575 tol=1.41
2026-07-23 08:33:09,467 alphafold2_ptm_model_4_seed_043 recycle=2 pLDDT=68.9 pTM=0.567 tol=0.15
2026-07-23 08:33:31,482 alphafold2_ptm_model_4_seed_043 recycle=3 pLDDT=68.8 pTM=0.565 tol=0.265
2026-07-23 08:33:31,483 alphafold2_ptm_model_4_seed_043 took 86.6s (3 recycles)
2026-07-23 08:33:53,223 alphafold2_ptm_model_5_seed_043 recycle=0 pLDDT=66.6 pTM=0.529
2026-07-23 08:34:15,345 alphafold2_ptm_model_5_seed_043 recycle=1 pLDDT=69.4 pTM=0.552 tol=0.432
2026-07-23 08:34:37,154 alphafold2_ptm_model_5_seed_043 recycle=2 pLDDT=70.2 pTM=0.569 tol=0.165
2026-07-23 08:34:59,168 alphafold2_ptm_model_5_seed_043 recycle=3 pLDDT=71.8 pTM=0.583 tol=0.18
2026-07-23 08:34:59,169 alphafold2_ptm_model_5_seed_043 took 87.6s (3 recycles)
2026-07-23 08:35:22,330 alphafold2_ptm_model_1_seed_044 recycle=0 pLDDT=65 pTM=0.539
2026-07-23 08:35:43,608 alphafold2_ptm_model_1_seed_044 recycle=1 pLDDT=63.6 pTM=0.528 tol=1.38
2026-07-23 08:36:05,302 alphafold2_ptm_model_1_seed_044 recycle=2 pLDDT=68.9 pTM=0.589 tol=1.01
2026-07-23 08:36:26,492 alphafold2_ptm_model_1_seed_044 recycle=3 pLDDT=64.2 pTM=0.552 tol=0.26
2026-07-23 08:36:26,493 alphafold2_ptm_model_1_seed_044 took 86.6s (3 recycles)
2026-07-23 08:36:48,740 alphafold2_ptm_model_2_seed_044 recycle=0 pLDDT=65.5 pTM=0.543
2026-07-23 08:37:10,872 alphafold2_ptm_model_2_seed_044 recycle=1 pLDDT=67.7 pTM=0.585 tol=1.23
2026-07-23 08:37:32,274 alphafold2_ptm_model_2_seed_044 recycle=2 pLDDT=58.6 pTM=0.518 tol=3.29
2026-07-23 08:37:53,581 alphafold2_ptm_model_2_seed_044 recycle=3 pLDDT=74.8 pTM=0.562 tol=4.52
2026-07-23 08:37:53,582 alphafold2_ptm_model_2_seed_044 took 86.9s (3 recycles)
2026-07-23 08:38:15,243 alphafold2_ptm_model_3_seed_044 recycle=0 pLDDT=69.9 pTM=0.548
2026-07-23 08:38:36,375 alphafold2_ptm_model_3_seed_044 recycle=1 pLDDT=70.9 pTM=0.577 tol=0.311
2026-07-23 08:38:57,750 alphafold2_ptm_model_3_seed_044 recycle=2 pLDDT=70.9 pTM=0.579 tol=0.188
2026-07-23 08:39:19,626 alphafold2_ptm_model_3_seed_044 recycle=3 pLDDT=70.9 pTM=0.58 tol=0.186
2026-07-23 08:39:19,626 alphafold2_ptm_model_3_seed_044 took 85.9s (3 recycles)
2026-07-23 08:39:40,446 alphafold2_ptm_model_4_seed_044 recycle=0 pLDDT=68.9 pTM=0.563
2026-07-23 08:40:02,308 alphafold2_ptm_model_4_seed_044 recycle=1 pLDDT=69.4 pTM=0.571 tol=0.747
2026-07-23 08:40:24,273 alphafold2_ptm_model_4_seed_044 recycle=2 pLDDT=69.2 pTM=0.575 tol=0.281
2026-07-23 08:40:46,123 alphafold2_ptm_model_4_seed_044 recycle=3 pLDDT=67.9 pTM=0.562 tol=0.224
2026-07-23 08:40:46,123 alphafold2_ptm_model_4_seed_044 took 86.4s (3 recycles)
2026-07-23 08:41:08,427 alphafold2_ptm_model_5_seed_044 recycle=0 pLDDT=65.6 pTM=0.516
2026-07-23 08:41:30,247 alphafold2_ptm_model_5_seed_044 recycle=1 pLDDT=69.3 pTM=0.553 tol=0.433
2026-07-23 08:41:51,807 alphafold2_ptm_model_5_seed_044 recycle=2 pLDDT=70 pTM=0.568 tol=0.259
2026-07-23 08:42:13,698 alphafold2_ptm_model_5_seed_044 recycle=3 pLDDT=71.5 pTM=0.583 tol=0.15
2026-07-23 08:42:13,698 alphafold2_ptm_model_5_seed_044 took 87.5s (3 recycles)
2026-07-23 08:42:13,751 reranking models by 'plddt' metric
2026-07-23 08:42:13,751 rank_001_alphafold2_ptm_model_2_seed_042 pLDDT=82.9 pTM=0.66
2026-07-23 08:42:13,754 rank_002_alphafold2_ptm_model_2_seed_044 pLDDT=74.8 pTM=0.562
2026-07-23 08:42:13,755 rank_003_alphafold2_ptm_model_5_seed_043 pLDDT=71.8 pTM=0.583
2026-07-23 08:42:13,757 rank_004_alphafold2_ptm_model_5_seed_044 pLDDT=71.5 pTM=0.583
2026-07-23 08:42:13,758 rank_005_alphafold2_ptm_model_5_seed_042 pLDDT=71.1 pTM=0.58
2026-07-23 08:42:13,760 rank_006_alphafold2_ptm_model_3_seed_044 pLDDT=70.9 pTM=0.58
2026-07-23 08:42:13,761 rank_007_alphafold2_ptm_model_3_seed_043 pLDDT=70.6 pTM=0.575
2026-07-23 08:42:13,763 rank_008_alphafold2_ptm_model_3_seed_042 pLDDT=70.4 pTM=0.575
2026-07-23 08:42:13,765 rank_009_alphafold2_ptm_model_4_seed_043 pLDDT=68.8 pTM=0.565
2026-07-23 08:42:13,767 rank_010_alphafold2_ptm_model_4_seed_042 pLDDT=68.4 pTM=0.563
2026-07-23 08:42:13,769 rank_011_alphafold2_ptm_model_4_seed_044 pLDDT=67.9 pTM=0.562
2026-07-23 08:42:13,770 rank_012_alphafold2_ptm_model_1_seed_042 pLDDT=66.8 pTM=0.549
2026-07-23 08:42:13,771 rank_013_alphafold2_ptm_model_2_seed_043 pLDDT=65.9 pTM=0.568
2026-07-23 08:42:13,773 rank_014_alphafold2_ptm_model_1_seed_044 pLDDT=64.2 pTM=0.552
2026-07-23 08:42:13,774 rank_015_alphafold2_ptm_model_1_seed_043 pLDDT=64.2 pTM=0.553
2026-07-23 08:42:17,225 Query 51/586: 5KPE_2_6_9_0_combined_id5 (length 108)
2026-07-23 08:42:41,895 alphafold2_ptm_model_1_seed_042 recycle=0 pLDDT=84.2 pTM=0.64
2026-07-23 08:43:04,124 alphafold2_ptm_model_1_seed_042 recycle=1 pLDDT=78.1 pTM=0.575 tol=0.814
2026-07-23 08:43:25,727 alphafold2_ptm_model_1_seed_042 recycle=2 pLDDT=84.9 pTM=0.701 tol=7.55
2026-07-23 08:43:47,624 alphafold2_ptm_model_1_seed_042 recycle=3 pLDDT=90.4 pTM=0.755 tol=0.575
2026-07-23 08:43:47,625 alphafold2_ptm_model_1_seed_042 took 88.3s (3 recycles)
2026-07-23 08:44:09,445 alphafold2_ptm_model_2_seed_042 recycle=0 pLDDT=84.4 pTM=0.616
2026-07-23 08:44:31,437 alphafold2_ptm_model_2_seed_042 recycle=1 pLDDT=82.3 pTM=0.609 tol=0.368
2026-07-23 08:44:54,040 alphafold2_ptm_model_2_seed_042 recycle=2 pLDDT=78.2 pTM=0.592 tol=0.435
2026-07-23 08:45:16,530 alphafold2_ptm_model_2_seed_042 recycle=3 pLDDT=76.8 pTM=0.601 tol=7.34
2026-07-23 08:45:16,531 alphafold2_ptm_model_2_seed_042 took 88.8s (3 recycles)
2026-07-23 08:45:37,900 alphafold2_ptm_model_3_seed_042 recycle=0 pLDDT=72.8 pTM=0.5
2026-07-23 08:46:00,045 alphafold2_ptm_model_3_seed_042 recycle=1 pLDDT=90.8 pTM=0.781 tol=2.45
2026-07-23 08:46:22,007 alphafold2_ptm_model_3_seed_042 recycle=2 pLDDT=90.8 pTM=0.77 tol=0.216
2026-07-23 08:46:43,444 alphafold2_ptm_model_3_seed_042 recycle=3 pLDDT=92.1 pTM=0.789 tol=0.0993
2026-07-23 08:46:43,445 alphafold2_ptm_model_3_seed_042 took 86.8s (3 recycles)
2026-07-23 08:47:04,896 alphafold2_ptm_model_4_seed_042 recycle=0 pLDDT=80.8 pTM=0.608
2026-07-23 08:47:25,729 alphafold2_ptm_model_4_seed_042 recycle=1 pLDDT=79.4 pTM=0.583 tol=0.316
2026-07-23 08:47:47,307 alphafold2_ptm_model_4_seed_042 recycle=2 pLDDT=76.8 pTM=0.559 tol=0.26
2026-07-23 08:48:08,827 alphafold2_ptm_model_4_seed_042 recycle=3 pLDDT=71.5 pTM=0.55 tol=6.44
2026-07-23 08:48:08,828 alphafold2_ptm_model_4_seed_042 took 85.3s (3 recycles)
2026-07-23 08:48:30,458 alphafold2_ptm_model_5_seed_042 recycle=0 pLDDT=81.2 pTM=0.557
2026-07-23 08:48:51,186 alphafold2_ptm_model_5_seed_042 recycle=1 pLDDT=84.1 pTM=0.588 tol=0.253
2026-07-23 08:49:13,044 alphafold2_ptm_model_5_seed_042 recycle=2 pLDDT=83.9 pTM=0.574 tol=0.212
2026-07-23 08:49:34,514 alphafold2_ptm_model_5_seed_042 recycle=3 pLDDT=84 pTM=0.561 tol=0.326
2026-07-23 08:49:34,515 alphafold2_ptm_model_5_seed_042 took 85.6s (3 recycles)
2026-07-23 08:49:57,721 alphafold2_ptm_model_1_seed_043 recycle=0 pLDDT=83.8 pTM=0.634
2026-07-23 08:50:19,643 alphafold2_ptm_model_1_seed_043 recycle=1 pLDDT=78.7 pTM=0.577 tol=0.667
2026-07-23 08:50:41,130 alphafold2_ptm_model_1_seed_043 recycle=2 pLDDT=77.8 pTM=0.625 tol=7.21
2026-07-23 08:51:02,995 alphafold2_ptm_model_1_seed_043 recycle=3 pLDDT=90.2 pTM=0.765 tol=1.32
2026-07-23 08:51:02,996 alphafold2_ptm_model_1_seed_043 took 87.5s (3 recycles)
2026-07-23 08:51:24,943 alphafold2_ptm_model_2_seed_043 recycle=0 pLDDT=83.8 pTM=0.596
2026-07-23 08:51:46,982 alphafold2_ptm_model_2_seed_043 recycle=1 pLDDT=81.8 pTM=0.599 tol=0.332
2026-07-23 08:52:08,302 alphafold2_ptm_model_2_seed_043 recycle=2 pLDDT=78.4 pTM=0.588 tol=0.303
2026-07-23 08:52:29,904 alphafold2_ptm_model_2_seed_043 recycle=3 pLDDT=78.1 pTM=0.609 tol=7.63
2026-07-23 08:52:29,905 alphafold2_ptm_model_2_seed_043 took 86.8s (3 recycles)
2026-07-23 08:52:51,955 alphafold2_ptm_model_3_seed_043 recycle=0 pLDDT=77.8 pTM=0.575
2026-07-23 08:53:13,883 alphafold2_ptm_model_3_seed_043 recycle=1 pLDDT=90.5 pTM=0.779 tol=1.43
2026-07-23 08:53:35,868 alphafold2_ptm_model_3_seed_043 recycle=2 pLDDT=90.1 pTM=0.754 tol=0.244
2026-07-23 08:53:58,170 alphafold2_ptm_model_3_seed_043 recycle=3 pLDDT=91.9 pTM=0.785 tol=0.125
2026-07-23 08:53:58,171 alphafold2_ptm_model_3_seed_043 took 88.2s (3 recycles)
2026-07-23 08:54:20,071 alphafold2_ptm_model_4_seed_043 recycle=0 pLDDT=81.1 pTM=0.632
2026-07-23 08:54:42,194 alphafold2_ptm_model_4_seed_043 recycle=1 pLDDT=80.1 pTM=0.577 tol=1.58
2026-07-23 08:55:03,833 alphafold2_ptm_model_4_seed_043 recycle=2 pLDDT=78.6 pTM=0.562 tol=0.257
2026-07-23 08:55:26,126 alphafold2_ptm_model_4_seed_043 recycle=3 pLDDT=77.2 pTM=0.554 tol=0.241
2026-07-23 08:55:26,127 alphafold2_ptm_model_4_seed_043 took 87.9s (3 recycles)
2026-07-23 08:55:48,632 alphafold2_ptm_model_5_seed_043 recycle=0 pLDDT=79.9 pTM=0.527
2026-07-23 08:56:10,589 alphafold2_ptm_model_5_seed_043 recycle=1 pLDDT=80.8 pTM=0.53 tol=0.621
2026-07-23 08:56:32,841 alphafold2_ptm_model_5_seed_043 recycle=2 pLDDT=81.9 pTM=0.527 tol=0.222
2026-07-23 08:56:54,626 alphafold2_ptm_model_5_seed_043 recycle=3 pLDDT=83.1 pTM=0.535 tol=0.154
2026-07-23 08:56:54,626 alphafold2_ptm_model_5_seed_043 took 88.4s (3 recycles)
2026-07-23 08:57:17,424 alphafold2_ptm_model_1_seed_044 recycle=0 pLDDT=83.4 pTM=0.631
2026-07-23 08:57:39,591 alphafold2_ptm_model_1_seed_044 recycle=1 pLDDT=77.6 pTM=0.573 tol=0.723
2026-07-23 08:58:01,244 alphafold2_ptm_model_1_seed_044 recycle=2 pLDDT=82.4 pTM=0.675 tol=7.39
2026-07-23 08:58:21,902 alphafold2_ptm_model_1_seed_044 recycle=3 pLDDT=90 pTM=0.754 tol=0.818
2026-07-23 08:58:21,903 alphafold2_ptm_model_1_seed_044 took 86.3s (3 recycles)
2026-07-23 08:58:44,912 alphafold2_ptm_model_2_seed_044 recycle=0 pLDDT=84.1 pTM=0.607
2026-07-23 08:59:09,302 alphafold2_ptm_model_2_seed_044 recycle=1 pLDDT=82.5 pTM=0.61 tol=0.349
2026-07-23 08:59:33,537 alphafold2_ptm_model_2_seed_044 recycle=2 pLDDT=79.6 pTM=0.595 tol=0.263
2026-07-23 08:59:58,036 alphafold2_ptm_model_2_seed_044 recycle=3 pLDDT=77.5 pTM=0.606 tol=7.15
2026-07-23 08:59:58,038 alphafold2_ptm_model_2_seed_044 took 96.0s (3 recycles)
2026-07-23 09:00:20,205 alphafold2_ptm_model_3_seed_044 recycle=0 pLDDT=72.1 pTM=0.497
2026-07-23 09:00:41,625 alphafold2_ptm_model_3_seed_044 recycle=1 pLDDT=89.5 pTM=0.75 tol=7.43
2026-07-23 09:01:03,368 alphafold2_ptm_model_3_seed_044 recycle=2 pLDDT=91 pTM=0.771 tol=0.265
2026-07-23 09:01:25,071 alphafold2_ptm_model_3_seed_044 recycle=3 pLDDT=91.9 pTM=0.78 tol=0.0807
2026-07-23 09:01:25,071 alphafold2_ptm_model_3_seed_044 took 86.9s (3 recycles)
2026-07-23 09:01:46,083 alphafold2_ptm_model_4_seed_044 recycle=0 pLDDT=78.8 pTM=0.569
2026-07-23 09:02:07,238 alphafold2_ptm_model_4_seed_044 recycle=1 pLDDT=79.7 pTM=0.575 tol=1.44
2026-07-23 09:02:29,010 alphafold2_ptm_model_4_seed_044 recycle=2 pLDDT=78.6 pTM=0.563 tol=0.236
2026-07-23 09:02:50,871 alphafold2_ptm_model_4_seed_044 recycle=3 pLDDT=76.6 pTM=0.553 tol=0.176
2026-07-23 09:02:50,873 alphafold2_ptm_model_4_seed_044 took 85.7s (3 recycles)
2026-07-23 09:03:12,622 alphafold2_ptm_model_5_seed_044 recycle=0 pLDDT=80.4 pTM=0.532
2026-07-23 09:03:34,356 alphafold2_ptm_model_5_seed_044 recycle=1 pLDDT=82.9 pTM=0.558 tol=0.433
2026-07-23 09:03:55,819 alphafold2_ptm_model_5_seed_044 recycle=2 pLDDT=83 pTM=0.539 tol=0.364
2026-07-23 09:04:17,452 alphafold2_ptm_model_5_seed_044 recycle=3 pLDDT=83.5 pTM=0.54 tol=0.156
2026-07-23 09:04:17,453 alphafold2_ptm_model_5_seed_044 took 86.5s (3 recycles)
2026-07-23 09:04:17,580 reranking models by 'plddt' metric
2026-07-23 09:04:17,580 rank_001_alphafold2_ptm_model_3_seed_042 pLDDT=92.1 pTM=0.789
2026-07-23 09:04:17,583 rank_002_alphafold2_ptm_model_3_seed_043 pLDDT=91.9 pTM=0.785
2026-07-23 09:04:17,584 rank_003_alphafold2_ptm_model_3_seed_044 pLDDT=91.9 pTM=0.78
2026-07-23 09:04:17,586 rank_004_alphafold2_ptm_model_1_seed_042 pLDDT=90.4 pTM=0.755
2026-07-23 09:04:17,588 rank_005_alphafold2_ptm_model_1_seed_043 pLDDT=90.2 pTM=0.765
2026-07-23 09:04:17,590 rank_006_alphafold2_ptm_model_1_seed_044 pLDDT=90 pTM=0.754
2026-07-23 09:04:17,593 rank_007_alphafold2_ptm_model_5_seed_042 pLDDT=84 pTM=0.561
2026-07-23 09:04:17,594 rank_008_alphafold2_ptm_model_5_seed_044 pLDDT=83.5 pTM=0.54
2026-07-23 09:04:17,596 rank_009_alphafold2_ptm_model_5_seed_043 pLDDT=83.1 pTM=0.535
2026-07-23 09:04:17,598 rank_010_alphafold2_ptm_model_2_seed_043 pLDDT=78.1 pTM=0.609
2026-07-23 09:04:17,599 rank_011_alphafold2_ptm_model_2_seed_044 pLDDT=77.5 pTM=0.606
2026-07-23 09:04:17,601 rank_012_alphafold2_ptm_model_4_seed_043 pLDDT=77.2 pTM=0.554
2026-07-23 09:04:17,603 rank_013_alphafold2_ptm_model_2_seed_042 pLDDT=76.8 pTM=0.601
2026-07-23 09:04:17,606 rank_014_alphafold2_ptm_model_4_seed_044 pLDDT=76.6 pTM=0.553
2026-07-23 09:04:17,608 rank_015_alphafold2_ptm_model_4_seed_042 pLDDT=71.5 pTM=0.55
2026-07-23 09:04:20,758 Query 52/586: 5KPE_2_6_9_0_combined_id8 (length 108)
2026-07-23 09:04:44,818 alphafold2_ptm_model_1_seed_042 recycle=0 pLDDT=73.2 pTM=0.617
2026-07-23 09:05:06,886 alphafold2_ptm_model_1_seed_042 recycle=1 pLDDT=90.6 pTM=0.783 tol=1.07
2026-07-23 09:05:28,379 alphafold2_ptm_model_1_seed_042 recycle=2 pLDDT=90.8 pTM=0.778 tol=0.162
2026-07-23 09:05:50,000 alphafold2_ptm_model_1_seed_042 recycle=3 pLDDT=91.4 pTM=0.789 tol=0.121
2026-07-23 09:05:50,001 alphafold2_ptm_model_1_seed_042 took 87.3s (3 recycles)
2026-07-23 09:06:11,467 alphafold2_ptm_model_2_seed_042 recycle=0 pLDDT=88.9 pTM=0.735
2026-07-23 09:06:36,200 alphafold2_ptm_model_2_seed_042 recycle=1 pLDDT=91.4 pTM=0.794 tol=0.381
2026-07-23 09:07:03,485 alphafold2_ptm_model_2_seed_042 recycle=2 pLDDT=91.3 pTM=0.797 tol=0.124
2026-07-23 09:07:30,956 alphafold2_ptm_model_2_seed_042 recycle=3 pLDDT=91.6 pTM=0.801 tol=0.0346
2026-07-23 09:07:30,957 alphafold2_ptm_model_2_seed_042 took 100.9s (3 recycles)
2026-07-23 09:07:59,698 alphafold2_ptm_model_3_seed_042 recycle=0 pLDDT=74.8 pTM=0.606
2026-07-23 09:08:22,181 alphafold2_ptm_model_3_seed_042 recycle=1 pLDDT=89.9 pTM=0.763 tol=4.02
2026-07-23 09:08:44,836 alphafold2_ptm_model_3_seed_042 recycle=2 pLDDT=90.5 pTM=0.77 tol=0.307
2026-07-23 09:09:07,129 alphafold2_ptm_model_3_seed_042 recycle=3 pLDDT=90.6 pTM=0.775 tol=0.0995
2026-07-23 09:09:07,132 alphafold2_ptm_model_3_seed_042 took 96.1s (3 recycles)
2026-07-23 09:09:29,801 alphafold2_ptm_model_4_seed_042 recycle=0 pLDDT=84.9 pTM=0.713
2026-07-23 09:09:51,483 alphafold2_ptm_model_4_seed_042 recycle=1 pLDDT=90.1 pTM=0.77 tol=0.376
2026-07-23 09:10:13,383 alphafold2_ptm_model_4_seed_042 recycle=2 pLDDT=90.4 pTM=0.775 tol=0.113
2026-07-23 09:10:34,939 alphafold2_ptm_model_4_seed_042 recycle=3 pLDDT=89.9 pTM=0.766 tol=0.124
2026-07-23 09:10:34,939 alphafold2_ptm_model_4_seed_042 took 87.7s (3 recycles)
2026-07-23 09:10:56,908 alphafold2_ptm_model_5_seed_042 recycle=0 pLDDT=86.8 pTM=0.702
2026-07-23 09:11:17,989 alphafold2_ptm_model_5_seed_042 recycle=1 pLDDT=90.4 pTM=0.77 tol=0.449
2026-07-23 09:11:41,093 alphafold2_ptm_model_5_seed_042 recycle=2 pLDDT=90.2 pTM=0.763 tol=0.134
2026-07-23 09:12:08,926 alphafold2_ptm_model_5_seed_042 recycle=3 pLDDT=90.6 pTM=0.768 tol=0.0759
2026-07-23 09:12:08,927 alphafold2_ptm_model_5_seed_042 took 93.9s (3 recycles)
2026-07-23 09:12:37,072 alphafold2_ptm_model_1_seed_043 recycle=0 pLDDT=73.4 pTM=0.617
2026-07-23 09:13:03,787 alphafold2_ptm_model_1_seed_043 recycle=1 pLDDT=90.8 pTM=0.787 tol=1.02
2026-07-23 09:13:28,531 alphafold2_ptm_model_1_seed_043 recycle=2 pLDDT=90.8 pTM=0.781 tol=0.135
2026-07-23 09:13:50,224 alphafold2_ptm_model_1_seed_043 recycle=3 pLDDT=91.4 pTM=0.788 tol=0.0925
2026-07-23 09:13:50,224 alphafold2_ptm_model_1_seed_043 took 99.9s (3 recycles)
2026-07-23 09:14:12,135 alphafold2_ptm_model_2_seed_043 recycle=0 pLDDT=88.5 pTM=0.736
2026-07-23 09:14:38,743 alphafold2_ptm_model_2_seed_043 recycle=1 pLDDT=90.9 pTM=0.786 tol=0.563
2026-07-23 09:15:06,706 alphafold2_ptm_model_2_seed_043 recycle=2 pLDDT=91.1 pTM=0.794 tol=0.158
2026-07-23 09:15:34,851 alphafold2_ptm_model_2_seed_043 recycle=3 pLDDT=91.2 pTM=0.797 tol=0.0369
2026-07-23 09:15:34,852 alphafold2_ptm_model_2_seed_043 took 104.4s (3 recycles)
2026-07-23 09:16:02,769 alphafold2_ptm_model_3_seed_043 recycle=0 pLDDT=87.3 pTM=0.717
2026-07-23 09:16:28,482 alphafold2_ptm_model_3_seed_043 recycle=1 pLDDT=90.6 pTM=0.775 tol=0.39
2026-07-23 09:16:51,179 alphafold2_ptm_model_3_seed_043 recycle=2 pLDDT=89.6 pTM=0.756 tol=0.207
2026-07-23 09:17:13,361 alphafold2_ptm_model_3_seed_043 recycle=3 pLDDT=90.2 pTM=0.772 tol=0.0835
2026-07-23 09:17:13,361 alphafold2_ptm_model_3_seed_043 took 98.4s (3 recycles)
2026-07-23 09:17:34,811 alphafold2_ptm_model_4_seed_043 recycle=0 pLDDT=85.7 pTM=0.725
2026-07-23 09:17:55,896 alphafold2_ptm_model_4_seed_043 recycle=1 pLDDT=90.3 pTM=0.776 tol=0.334
2026-07-23 09:18:17,697 alphafold2_ptm_model_4_seed_043 recycle=2 pLDDT=90.2 pTM=0.773 tol=0.163
2026-07-23 09:18:39,339 alphafold2_ptm_model_4_seed_043 recycle=3 pLDDT=90.4 pTM=0.776 tol=0.098
2026-07-23 09:18:39,340 alphafold2_ptm_model_4_seed_043 took 85.9s (3 recycles)
2026-07-23 09:19:00,889 alphafold2_ptm_model_5_seed_043 recycle=0 pLDDT=87.8 pTM=0.715
2026-07-23 09:19:22,722 alphafold2_ptm_model_5_seed_043 recycle=1 pLDDT=90.2 pTM=0.769 tol=0.408
2026-07-23 09:19:44,732 alphafold2_ptm_model_5_seed_043 recycle=2 pLDDT=90.1 pTM=0.763 tol=0.151
2026-07-23 09:20:06,283 alphafold2_ptm_model_5_seed_043 recycle=3 pLDDT=90.8 pTM=0.768 tol=0.0444
2026-07-23 09:20:06,284 alphafold2_ptm_model_5_seed_043 took 86.9s (3 recycles)
2026-07-23 09:20:29,268 alphafold2_ptm_model_1_seed_044 recycle=0 pLDDT=73.8 pTM=0.624
2026-07-23 09:20:51,246 alphafold2_ptm_model_1_seed_044 recycle=1 pLDDT=91 pTM=0.789 tol=1.1
2026-07-23 09:21:13,183 alphafold2_ptm_model_1_seed_044 recycle=2 pLDDT=90.7 pTM=0.778 tol=0.161
2026-07-23 09:21:35,194 alphafold2_ptm_model_1_seed_044 recycle=3 pLDDT=91.4 pTM=0.788 tol=0.0619
2026-07-23 09:21:35,194 alphafold2_ptm_model_1_seed_044 took 87.9s (3 recycles)
2026-07-23 09:21:57,370 alphafold2_ptm_model_2_seed_044 recycle=0 pLDDT=88.6 pTM=0.734
2026-07-23 09:22:19,514 alphafold2_ptm_model_2_seed_044 recycle=1 pLDDT=90.3 pTM=0.774 tol=0.516
2026-07-23 09:22:41,584 alphafold2_ptm_model_2_seed_044 recycle=2 pLDDT=91.1 pTM=0.794 tol=0.252
2026-07-23 09:23:02,969 alphafold2_ptm_model_2_seed_044 recycle=3 pLDDT=91.1 pTM=0.795 tol=0.0619
2026-07-23 09:23:02,970 alphafold2_ptm_model_2_seed_044 took 87.7s (3 recycles)
2026-07-23 09:23:24,170 alphafold2_ptm_model_3_seed_044 recycle=0 pLDDT=72.9 pTM=0.593
2026-07-23 09:23:45,741 alphafold2_ptm_model_3_seed_044 recycle=1 pLDDT=90.6 pTM=0.776 tol=3.8
2026-07-23 09:24:07,561 alphafold2_ptm_model_3_seed_044 recycle=2 pLDDT=89.2 pTM=0.749 tol=0.332
2026-07-23 09:24:29,319 alphafold2_ptm_model_3_seed_044 recycle=3 pLDDT=90.1 pTM=0.767 tol=0.105
2026-07-23 09:24:29,320 alphafold2_ptm_model_3_seed_044 took 86.3s (3 recycles)
2026-07-23 09:24:50,679 alphafold2_ptm_model_4_seed_044 recycle=0 pLDDT=82.6 pTM=0.678
2026-07-23 09:25:12,187 alphafold2_ptm_model_4_seed_044 recycle=1 pLDDT=90.2 pTM=0.769 tol=0.563
2026-07-23 09:25:33,269 alphafold2_ptm_model_4_seed_044 recycle=2 pLDDT=90.1 pTM=0.77 tol=0.198
2026-07-23 09:25:54,922 alphafold2_ptm_model_4_seed_044 recycle=3 pLDDT=89.8 pTM=0.761 tol=0.0772
2026-07-23 09:25:54,923 alphafold2_ptm_model_4_seed_044 took 85.5s (3 recycles)
2026-07-23 09:26:17,169 alphafold2_ptm_model_5_seed_044 recycle=0 pLDDT=87.8 pTM=0.718
2026-07-23 09:26:39,038 alphafold2_ptm_model_5_seed_044 recycle=1 pLDDT=90.2 pTM=0.765 tol=0.469
2026-07-23 09:27:01,204 alphafold2_ptm_model_5_seed_044 recycle=2 pLDDT=90.3 pTM=0.766 tol=0.139
2026-07-23 09:27:22,607 alphafold2_ptm_model_5_seed_044 recycle=3 pLDDT=90.3 pTM=0.766 tol=0.135
2026-07-23 09:27:22,607 alphafold2_ptm_model_5_seed_044 took 87.5s (3 recycles)
2026-07-23 09:27:22,716 reranking models by 'plddt' metric
2026-07-23 09:27:22,716 rank_001_alphafold2_ptm_model_2_seed_042 pLDDT=91.6 pTM=0.801
2026-07-23 09:27:22,718 rank_002_alphafold2_ptm_model_1_seed_042 pLDDT=91.4 pTM=0.789
2026-07-23 09:27:22,720 rank_003_alphafold2_ptm_model_1_seed_044 pLDDT=91.4 pTM=0.788
2026-07-23 09:27:22,722 rank_004_alphafold2_ptm_model_1_seed_043 pLDDT=91.4 pTM=0.788
2026-07-23 09:27:22,724 rank_005_alphafold2_ptm_model_2_seed_043 pLDDT=91.2 pTM=0.797
2026-07-23 09:27:22,726 rank_006_alphafold2_ptm_model_2_seed_044 pLDDT=91.1 pTM=0.795
2026-07-23 09:27:22,728 rank_007_alphafold2_ptm_model_5_seed_043 pLDDT=90.8 pTM=0.768
2026-07-23 09:27:22,730 rank_008_alphafold2_ptm_model_5_seed_042 pLDDT=90.6 pTM=0.768
2026-07-23 09:27:22,732 rank_009_alphafold2_ptm_model_3_seed_042 pLDDT=90.6 pTM=0.775
2026-07-23 09:27:22,734 rank_010_alphafold2_ptm_model_4_seed_043 pLDDT=90.4 pTM=0.776
2026-07-23 09:27:22,735 rank_011_alphafold2_ptm_model_5_seed_044 pLDDT=90.3 pTM=0.766
2026-07-23 09:27:22,737 rank_012_alphafold2_ptm_model_3_seed_043 pLDDT=90.2 pTM=0.772
2026-07-23 09:27:22,739 rank_013_alphafold2_ptm_model_3_seed_044 pLDDT=90.1 pTM=0.767
2026-07-23 09:27:22,741 rank_014_alphafold2_ptm_model_4_seed_042 pLDDT=89.9 pTM=0.766
2026-07-23 09:27:22,742 rank_015_alphafold2_ptm_model_4_seed_044 pLDDT=89.8 pTM=0.761
2026-07-23 09:27:26,867 Skipping 5KPE_2_6_9_0_combined_id8 (already done)
2026-07-23 09:27:26,867 Query 54/586: 5KPE_2_6_2_0_combined_id3 (length 108)
2026-07-23 09:27:51,846 alphafold2_ptm_model_1_seed_042 recycle=0 pLDDT=62 pTM=0.51
2026-07-23 09:28:14,547 alphafold2_ptm_model_1_seed_042 recycle=1 pLDDT=64.6 pTM=0.523 tol=5.46
2026-07-23 09:28:36,616 alphafold2_ptm_model_1_seed_042 recycle=2 pLDDT=81.9 pTM=0.651 tol=1.42
2026-07-23 09:28:59,027 alphafold2_ptm_model_1_seed_042 recycle=3 pLDDT=82.7 pTM=0.657 tol=0.174
2026-07-23 09:28:59,027 alphafold2_ptm_model_1_seed_042 took 89.9s (3 recycles)
2026-07-23 09:29:21,431 alphafold2_ptm_model_2_seed_042 recycle=0 pLDDT=59.2 pTM=0.489
2026-07-23 09:29:43,274 alphafold2_ptm_model_2_seed_042 recycle=1 pLDDT=61 pTM=0.504 tol=6.24
2026-07-23 09:30:05,668 alphafold2_ptm_model_2_seed_042 recycle=2 pLDDT=60.6 pTM=0.526 tol=5.77
2026-07-23 09:30:27,485 alphafold2_ptm_model_2_seed_042 recycle=3 pLDDT=62.5 pTM=0.531 tol=0.898
2026-07-23 09:30:27,485 alphafold2_ptm_model_2_seed_042 took 88.4s (3 recycles)
2026-07-23 09:30:48,975 alphafold2_ptm_model_3_seed_042 recycle=0 pLDDT=64.9 pTM=0.504
2026-07-23 09:31:11,453 alphafold2_ptm_model_3_seed_042 recycle=1 pLDDT=64.4 pTM=0.475 tol=5.86
2026-07-23 09:31:34,060 alphafold2_ptm_model_3_seed_042 recycle=2 pLDDT=67.1 pTM=0.538 tol=5.73
2026-07-23 09:31:56,337 alphafold2_ptm_model_3_seed_042 recycle=3 pLDDT=63.3 pTM=0.489 tol=5.75
2026-07-23 09:31:56,337 alphafold2_ptm_model_3_seed_042 took 88.7s (3 recycles)
2026-07-23 09:32:18,276 alphafold2_ptm_model_4_seed_042 recycle=0 pLDDT=61.8 pTM=0.497
2026-07-23 09:32:40,911 alphafold2_ptm_model_4_seed_042 recycle=1 pLDDT=62.8 pTM=0.5 tol=0.842
2026-07-23 09:33:03,227 alphafold2_ptm_model_4_seed_042 recycle=2 pLDDT=63.4 pTM=0.508 tol=0.426
2026-07-23 09:33:25,547 alphafold2_ptm_model_4_seed_042 recycle=3 pLDDT=61.4 pTM=0.499 tol=0.672
2026-07-23 09:33:25,548 alphafold2_ptm_model_4_seed_042 took 89.1s (3 recycles)
2026-07-23 09:33:47,753 alphafold2_ptm_model_5_seed_042 recycle=0 pLDDT=56.2 pTM=0.49
2026-07-23 09:34:09,878 alphafold2_ptm_model_5_seed_042 recycle=1 pLDDT=59.4 pTM=0.503 tol=2.42
2026-07-23 09:34:31,872 alphafold2_ptm_model_5_seed_042 recycle=2 pLDDT=59.4 pTM=0.492 tol=0.747
2026-07-23 09:34:54,541 alphafold2_ptm_model_5_seed_042 recycle=3 pLDDT=60.6 pTM=0.506 tol=0.749
2026-07-23 09:34:54,541 alphafold2_ptm_model_5_seed_042 took 88.9s (3 recycles)
2026-07-23 09:35:17,975 alphafold2_ptm_model_1_seed_043 recycle=0 pLDDT=60.7 pTM=0.501
2026-07-23 09:35:40,456 alphafold2_ptm_model_1_seed_043 recycle=1 pLDDT=73.4 pTM=0.596 tol=5.98
2026-07-23 09:36:02,919 alphafold2_ptm_model_1_seed_043 recycle=2 pLDDT=81.2 pTM=0.64 tol=0.51
2026-07-23 09:36:25,286 alphafold2_ptm_model_1_seed_043 recycle=3 pLDDT=83 pTM=0.653 tol=0.165
2026-07-23 09:36:25,287 alphafold2_ptm_model_1_seed_043 took 89.7s (3 recycles)
2026-07-23 09:36:47,426 alphafold2_ptm_model_2_seed_043 recycle=0 pLDDT=58.2 pTM=0.497
2026-07-23 09:37:10,156 alphafold2_ptm_model_2_seed_043 recycle=1 pLDDT=61.5 pTM=0.503 tol=6.61
2026-07-23 09:37:32,217 alphafold2_ptm_model_2_seed_043 recycle=2 pLDDT=69.6 pTM=0.575 tol=2.52
2026-07-23 09:37:54,221 alphafold2_ptm_model_2_seed_043 recycle=3 pLDDT=77.5 pTM=0.611 tol=1.42
2026-07-23 09:37:54,222 alphafold2_ptm_model_2_seed_043 took 88.8s (3 recycles)
2026-07-23 09:38:16,336 alphafold2_ptm_model_3_seed_043 recycle=0 pLDDT=64.1 pTM=0.497
2026-07-23 09:38:37,619 alphafold2_ptm_model_3_seed_043 recycle=1 pLDDT=65.3 pTM=0.48 tol=5.71
2026-07-23 09:38:59,876 alphafold2_ptm_model_3_seed_043 recycle=2 pLDDT=66.8 pTM=0.536 tol=5.61
2026-07-23 09:39:22,556 alphafold2_ptm_model_3_seed_043 recycle=3 pLDDT=63.4 pTM=0.487 tol=5.88
2026-07-23 09:39:22,556 alphafold2_ptm_model_3_seed_043 took 88.2s (3 recycles)
2026-07-23 09:39:44,578 alphafold2_ptm_model_4_seed_043 recycle=0 pLDDT=61.4 pTM=0.492
2026-07-23 09:40:06,929 alphafold2_ptm_model_4_seed_043 recycle=1 pLDDT=62.8 pTM=0.503 tol=0.72
2026-07-23 09:40:28,283 alphafold2_ptm_model_4_seed_043 recycle=2 pLDDT=62.4 pTM=0.507 tol=0.281
2026-07-23 09:40:50,427 alphafold2_ptm_model_4_seed_043 recycle=3 pLDDT=60.8 pTM=0.494 tol=0.522
2026-07-23 09:40:50,427 alphafold2_ptm_model_4_seed_043 took 87.7s (3 recycles)
2026-07-23 09:41:12,643 alphafold2_ptm_model_5_seed_043 recycle=0 pLDDT=56.8 pTM=0.486
2026-07-23 09:41:34,387 alphafold2_ptm_model_5_seed_043 recycle=1 pLDDT=59.7 pTM=0.503 tol=2.31
2026-07-23 09:41:56,318 alphafold2_ptm_model_5_seed_043 recycle=2 pLDDT=60.5 pTM=0.498 tol=0.592
2026-07-23 09:42:18,431 alphafold2_ptm_model_5_seed_043 recycle=3 pLDDT=61.4 pTM=0.503 tol=0.297
2026-07-23 09:42:18,432 alphafold2_ptm_model_5_seed_043 took 87.9s (3 recycles)
2026-07-23 09:42:41,321 alphafold2_ptm_model_1_seed_044 recycle=0 pLDDT=62.5 pTM=0.512
2026-07-23 09:43:03,215 alphafold2_ptm_model_1_seed_044 recycle=1 pLDDT=61.9 pTM=0.519 tol=2.11
2026-07-23 09:43:25,461 alphafold2_ptm_model_1_seed_044 recycle=2 pLDDT=83 pTM=0.672 tol=5.46
2026-07-23 09:43:47,786 alphafold2_ptm_model_1_seed_044 recycle=3 pLDDT=82.1 pTM=0.662 tol=0.2
2026-07-23 09:43:47,787 alphafold2_ptm_model_1_seed_044 took 88.4s (3 recycles)
2026-07-23 09:44:09,878 alphafold2_ptm_model_2_seed_044 recycle=0 pLDDT=60.6 pTM=0.493
2026-07-23 09:44:32,028 alphafold2_ptm_model_2_seed_044 recycle=1 pLDDT=61.6 pTM=0.504 tol=6.19
2026-07-23 09:44:53,719 alphafold2_ptm_model_2_seed_044 recycle=2 pLDDT=69.9 pTM=0.59 tol=2.81
2026-07-23 09:45:15,606 alphafold2_ptm_model_2_seed_044 recycle=3 pLDDT=77.8 pTM=0.609 tol=0.893
2026-07-23 09:45:15,606 alphafold2_ptm_model_2_seed_044 took 87.7s (3 recycles)
2026-07-23 09:45:37,456 alphafold2_ptm_model_3_seed_044 recycle=0 pLDDT=65.7 pTM=0.509
2026-07-23 09:45:59,264 alphafold2_ptm_model_3_seed_044 recycle=1 pLDDT=67.4 pTM=0.531 tol=0.693
2026-07-23 09:46:21,533 alphafold2_ptm_model_3_seed_044 recycle=2 pLDDT=66.6 pTM=0.52 tol=0.496
2026-07-23 09:46:43,453 alphafold2_ptm_model_3_seed_044 recycle=3 pLDDT=66 pTM=0.523 tol=0.429
2026-07-23 09:46:43,454 alphafold2_ptm_model_3_seed_044 took 87.8s (3 recycles)
2026-07-23 09:47:05,197 alphafold2_ptm_model_4_seed_044 recycle=0 pLDDT=61.9 pTM=0.492
2026-07-23 09:47:26,847 alphafold2_ptm_model_4_seed_044 recycle=1 pLDDT=64.9 pTM=0.52 tol=0.654
2026-07-23 09:47:48,105 alphafold2_ptm_model_4_seed_044 recycle=2 pLDDT=63.8 pTM=0.52 tol=0.36
2026-07-23 09:48:09,594 alphafold2_ptm_model_4_seed_044 recycle=3 pLDDT=63.3 pTM=0.515 tol=0.239
2026-07-23 09:48:09,594 alphafold2_ptm_model_4_seed_044 took 86.0s (3 recycles)
2026-07-23 09:48:31,363 alphafold2_ptm_model_5_seed_044 recycle=0 pLDDT=56.1 pTM=0.492
2026-07-23 09:48:53,135 alphafold2_ptm_model_5_seed_044 recycle=1 pLDDT=56.4 pTM=0.497 tol=2.36
2026-07-23 09:49:15,767 alphafold2_ptm_model_5_seed_044 recycle=2 pLDDT=59.4 pTM=0.496 tol=1.29
2026-07-23 09:49:38,358 alphafold2_ptm_model_5_seed_044 recycle=3 pLDDT=60.3 pTM=0.501 tol=0.412
2026-07-23 09:49:38,359 alphafold2_ptm_model_5_seed_044 took 88.7s (3 recycles)
2026-07-23 09:49:38,458 reranking models by 'plddt' metric
2026-07-23 09:49:38,458 rank_001_alphafold2_ptm_model_1_seed_043 pLDDT=83 pTM=0.653
2026-07-23 09:49:38,461 rank_002_alphafold2_ptm_model_1_seed_042 pLDDT=82.7 pTM=0.657
2026-07-23 09:49:38,464 rank_003_alphafold2_ptm_model_1_seed_044 pLDDT=82.1 pTM=0.662
2026-07-23 09:49:38,466 rank_004_alphafold2_ptm_model_2_seed_044 pLDDT=77.8 pTM=0.609
2026-07-23 09:49:38,467 rank_005_alphafold2_ptm_model_2_seed_043 pLDDT=77.5 pTM=0.611
2026-07-23 09:49:38,469 rank_006_alphafold2_ptm_model_3_seed_044 pLDDT=66 pTM=0.523
2026-07-23 09:49:38,471 rank_007_alphafold2_ptm_model_3_seed_043 pLDDT=63.4 pTM=0.487
2026-07-23 09:49:38,473 rank_008_alphafold2_ptm_model_4_seed_044 pLDDT=63.3 pTM=0.515
2026-07-23 09:49:38,474 rank_009_alphafold2_ptm_model_3_seed_042 pLDDT=63.3 pTM=0.489
2026-07-23 09:49:38,476 rank_010_alphafold2_ptm_model_2_seed_042 pLDDT=62.5 pTM=0.531
2026-07-23 09:49:38,478 rank_011_alphafold2_ptm_model_5_seed_043 pLDDT=61.4 pTM=0.503
2026-07-23 09:49:38,480 rank_012_alphafold2_ptm_model_4_seed_042 pLDDT=61.4 pTM=0.499
2026-07-23 09:49:38,481 rank_013_alphafold2_ptm_model_4_seed_043 pLDDT=60.8 pTM=0.494
2026-07-23 09:49:38,484 rank_014_alphafold2_ptm_model_5_seed_042 pLDDT=60.6 pTM=0.506
2026-07-23 09:49:38,485 rank_015_alphafold2_ptm_model_5_seed_044 pLDDT=60.3 pTM=0.501
2026-07-23 09:49:41,942 Query 55/586: 5KPE_2_6_2_0_combined_id4 (length 108)
2026-07-23 09:50:06,586 alphafold2_ptm_model_1_seed_042 recycle=0 pLDDT=72 pTM=0.545
2026-07-23 09:50:28,378 alphafold2_ptm_model_1_seed_042 recycle=1 pLDDT=74.8 pTM=0.562 tol=0.829
2026-07-23 09:50:50,934 alphafold2_ptm_model_1_seed_042 recycle=2 pLDDT=75 pTM=0.561 tol=0.935
2026-07-23 09:51:13,229 alphafold2_ptm_model_1_seed_042 recycle=3 pLDDT=75 pTM=0.559 tol=0.59
2026-07-23 09:51:13,230 alphafold2_ptm_model_1_seed_042 took 88.6s (3 recycles)
2026-07-23 09:51:35,125 alphafold2_ptm_model_2_seed_042 recycle=0 pLDDT=73.6 pTM=0.582
2026-07-23 09:51:56,898 alphafold2_ptm_model_2_seed_042 recycle=1 pLDDT=74.5 pTM=0.575 tol=0.786
2026-07-23 09:52:18,808 alphafold2_ptm_model_2_seed_042 recycle=2 pLDDT=74.3 pTM=0.569 tol=1.15
2026-07-23 09:52:40,607 alphafold2_ptm_model_2_seed_042 recycle=3 pLDDT=74.6 pTM=0.566 tol=0.771
2026-07-23 09:52:40,607 alphafold2_ptm_model_2_seed_042 took 87.3s (3 recycles)
2026-07-23 09:53:02,294 alphafold2_ptm_model_3_seed_042 recycle=0 pLDDT=75.9 pTM=0.585
2026-07-23 09:53:24,332 alphafold2_ptm_model_3_seed_042 recycle=1 pLDDT=76.8 pTM=0.595 tol=0.572
2026-07-23 09:53:45,842 alphafold2_ptm_model_3_seed_042 recycle=2 pLDDT=77.2 pTM=0.601 tol=0.248
2026-07-23 09:54:08,079 alphafold2_ptm_model_3_seed_042 recycle=3 pLDDT=76.8 pTM=0.595 tol=0.289
2026-07-23 09:54:08,079 alphafold2_ptm_model_3_seed_042 took 87.3s (3 recycles)
2026-07-23 09:54:29,766 alphafold2_ptm_model_4_seed_042 recycle=0 pLDDT=75.4 pTM=0.604
2026-07-23 09:54:51,591 alphafold2_ptm_model_4_seed_042 recycle=1 pLDDT=75.1 pTM=0.604 tol=0.481
2026-07-23 09:55:13,443 alphafold2_ptm_model_4_seed_042 recycle=2 pLDDT=74.6 pTM=0.593 tol=0.56
2026-07-23 09:55:35,433 alphafold2_ptm_model_4_seed_042 recycle=3 pLDDT=74.4 pTM=0.587 tol=0.546
2026-07-23 09:55:35,435 alphafold2_ptm_model_4_seed_042 took 87.1s (3 recycles)
2026-07-23 09:55:57,546 alphafold2_ptm_model_5_seed_042 recycle=0 pLDDT=74.8 pTM=0.599
2026-07-23 09:56:18,984 alphafold2_ptm_model_5_seed_042 recycle=1 pLDDT=75.5 pTM=0.59 tol=0.484
2026-07-23 09:56:40,751 alphafold2_ptm_model_5_seed_042 recycle=2 pLDDT=75.9 pTM=0.594 tol=0.486
2026-07-23 09:57:03,079 alphafold2_ptm_model_5_seed_042 recycle=3 pLDDT=76.1 pTM=0.588 tol=0.48
2026-07-23 09:57:03,080 alphafold2_ptm_model_5_seed_042 took 87.6s (3 recycles)
2026-07-23 09:57:26,201 alphafold2_ptm_model_1_seed_043 recycle=0 pLDDT=72.1 pTM=0.548
2026-07-23 09:57:48,385 alphafold2_ptm_model_1_seed_043 recycle=1 pLDDT=75 pTM=0.567 tol=0.778
2026-07-23 09:58:10,632 alphafold2_ptm_model_1_seed_043 recycle=2 pLDDT=75.2 pTM=0.563 tol=0.53
2026-07-23 09:58:32,339 alphafold2_ptm_model_1_seed_043 recycle=3 pLDDT=75.3 pTM=0.56 tol=0.521
2026-07-23 09:58:32,340 alphafold2_ptm_model_1_seed_043 took 88.2s (3 recycles)
2026-07-23 09:58:54,352 alphafold2_ptm_model_2_seed_043 recycle=0 pLDDT=73.7 pTM=0.574
2026-07-23 09:59:16,199 alphafold2_ptm_model_2_seed_043 recycle=1 pLDDT=74.4 pTM=0.57 tol=0.691
2026-07-23 09:59:37,798 alphafold2_ptm_model_2_seed_043 recycle=2 pLDDT=74.1 pTM=0.569 tol=0.712
2026-07-23 09:59:59,227 alphafold2_ptm_model_2_seed_043 recycle=3 pLDDT=74.6 pTM=0.568 tol=0.889
2026-07-23 09:59:59,228 alphafold2_ptm_model_2_seed_043 took 86.8s (3 recycles)
2026-07-23 10:00:20,778 alphafold2_ptm_model_3_seed_043 recycle=0 pLDDT=76.4 pTM=0.583
2026-07-23 10:00:42,431 alphafold2_ptm_model_3_seed_043 recycle=1 pLDDT=77.1 pTM=0.595 tol=0.355
2026-07-23 10:01:03,970 alphafold2_ptm_model_3_seed_043 recycle=2 pLDDT=77.7 pTM=0.603 tol=0.272
2026-07-23 10:01:25,739 alphafold2_ptm_model_3_seed_043 recycle=3 pLDDT=77.1 pTM=0.598 tol=0.252
2026-07-23 10:01:25,739 alphafold2_ptm_model_3_seed_043 took 86.4s (3 recycles)
2026-07-23 10:01:46,904 alphafold2_ptm_model_4_seed_043 recycle=0 pLDDT=75.8 pTM=0.608
2026-07-23 10:02:08,616 alphafold2_ptm_model_4_seed_043 recycle=1 pLDDT=75.6 pTM=0.61 tol=0.286
2026-07-23 10:02:29,975 alphafold2_ptm_model_4_seed_043 recycle=2 pLDDT=74.8 pTM=0.6 tol=0.587
2026-07-23 10:02:50,992 alphafold2_ptm_model_4_seed_043 recycle=3 pLDDT=74.5 pTM=0.587 tol=0.341
2026-07-23 10:02:50,992 alphafold2_ptm_model_4_seed_043 took 85.2s (3 recycles)
2026-07-23 10:03:12,987 alphafold2_ptm_model_5_seed_043 recycle=0 pLDDT=75.8 pTM=0.607
2026-07-23 10:03:34,798 alphafold2_ptm_model_5_seed_043 recycle=1 pLDDT=75.9 pTM=0.597 tol=0.48
2026-07-23 10:03:56,166 alphafold2_ptm_model_5_seed_043 recycle=2 pLDDT=76.1 pTM=0.601 tol=0.331
2026-07-23 10:04:17,665 alphafold2_ptm_model_5_seed_043 recycle=3 pLDDT=75.9 pTM=0.595 tol=0.429
2026-07-23 10:04:17,666 alphafold2_ptm_model_5_seed_043 took 86.6s (3 recycles)
2026-07-23 10:04:40,345 alphafold2_ptm_model_1_seed_044 recycle=0 pLDDT=72.4 pTM=0.546
2026-07-23 10:05:02,080 alphafold2_ptm_model_1_seed_044 recycle=1 pLDDT=74.8 pTM=0.561 tol=0.538
2026-07-23 10:05:23,467 alphafold2_ptm_model_1_seed_044 recycle=2 pLDDT=75.1 pTM=0.562 tol=0.839
2026-07-23 10:05:45,327 alphafold2_ptm_model_1_seed_044 recycle=3 pLDDT=75.1 pTM=0.559 tol=0.513
2026-07-23 10:05:45,328 alphafold2_ptm_model_1_seed_044 took 86.6s (3 recycles)
2026-07-23 10:06:07,144 alphafold2_ptm_model_2_seed_044 recycle=0 pLDDT=74.1 pTM=0.574
2026-07-23 10:06:28,919 alphafold2_ptm_model_2_seed_044 recycle=1 pLDDT=74.5 pTM=0.578 tol=1.28
2026-07-23 10:06:51,283 alphafold2_ptm_model_2_seed_044 recycle=2 pLDDT=74.5 pTM=0.57 tol=0.544
2026-07-23 10:07:13,061 alphafold2_ptm_model_2_seed_044 recycle=3 pLDDT=74.6 pTM=0.57 tol=0.756
2026-07-23 10:07:13,062 alphafold2_ptm_model_2_seed_044 took 87.7s (3 recycles)
2026-07-23 10:07:34,722 alphafold2_ptm_model_3_seed_044 recycle=0 pLDDT=76.2 pTM=0.584
2026-07-23 10:07:56,687 alphafold2_ptm_model_3_seed_044 recycle=1 pLDDT=76.8 pTM=0.594 tol=0.461
2026-07-23 10:08:19,025 alphafold2_ptm_model_3_seed_044 recycle=2 pLDDT=77.4 pTM=0.602 tol=0.274
2026-07-23 10:08:41,462 alphafold2_ptm_model_3_seed_044 recycle=3 pLDDT=77 pTM=0.598 tol=0.249
2026-07-23 10:08:41,462 alphafold2_ptm_model_3_seed_044 took 88.3s (3 recycles)
2026-07-23 10:09:03,448 alphafold2_ptm_model_4_seed_044 recycle=0 pLDDT=74.9 pTM=0.604
2026-07-23 10:09:25,598 alphafold2_ptm_model_4_seed_044 recycle=1 pLDDT=74.6 pTM=0.598 tol=0.602
2026-07-23 10:09:47,701 alphafold2_ptm_model_4_seed_044 recycle=2 pLDDT=74.3 pTM=0.588 tol=0.617
2026-07-23 10:10:09,599 alphafold2_ptm_model_4_seed_044 recycle=3 pLDDT=74.2 pTM=0.584 tol=0.49
2026-07-23 10:10:09,600 alphafold2_ptm_model_4_seed_044 took 88.1s (3 recycles)
2026-07-23 10:10:31,756 alphafold2_ptm_model_5_seed_044 recycle=0 pLDDT=75 pTM=0.599
2026-07-23 10:10:53,592 alphafold2_ptm_model_5_seed_044 recycle=1 pLDDT=75.2 pTM=0.589 tol=0.479
2026-07-23 10:11:15,346 alphafold2_ptm_model_5_seed_044 recycle=2 pLDDT=75.8 pTM=0.591 tol=0.521
2026-07-23 10:11:37,826 alphafold2_ptm_model_5_seed_044 recycle=3 pLDDT=76 pTM=0.586 tol=0.491
2026-07-23 10:11:37,826 alphafold2_ptm_model_5_seed_044 took 88.1s (3 recycles)
2026-07-23 10:11:37,934 reranking models by 'plddt' metric
2026-07-23 10:11:37,935 rank_001_alphafold2_ptm_model_3_seed_043 pLDDT=77.1 pTM=0.598
2026-07-23 10:11:37,938 rank_002_alphafold2_ptm_model_3_seed_044 pLDDT=77 pTM=0.598
2026-07-23 10:11:37,940 rank_003_alphafold2_ptm_model_3_seed_042 pLDDT=76.8 pTM=0.595
2026-07-23 10:11:37,943 rank_004_alphafold2_ptm_model_5_seed_042 pLDDT=76.1 pTM=0.588
2026-07-23 10:11:37,946 rank_005_alphafold2_ptm_model_5_seed_044 pLDDT=76 pTM=0.586
2026-07-23 10:11:37,948 rank_006_alphafold2_ptm_model_5_seed_043 pLDDT=75.9 pTM=0.595
2026-07-23 10:11:37,950 rank_007_alphafold2_ptm_model_1_seed_043 pLDDT=75.3 pTM=0.56
2026-07-23 10:11:37,952 rank_008_alphafold2_ptm_model_1_seed_044 pLDDT=75.1 pTM=0.559
2026-07-23 10:11:37,954 rank_009_alphafold2_ptm_model_1_seed_042 pLDDT=75 pTM=0.559
2026-07-23 10:11:37,957 rank_010_alphafold2_ptm_model_2_seed_042 pLDDT=74.6 pTM=0.566
2026-07-23 10:11:37,959 rank_011_alphafold2_ptm_model_2_seed_044 pLDDT=74.6 pTM=0.57
2026-07-23 10:11:37,960 rank_012_alphafold2_ptm_model_2_seed_043 pLDDT=74.6 pTM=0.568
2026-07-23 10:11:37,962 rank_013_alphafold2_ptm_model_4_seed_043 pLDDT=74.5 pTM=0.587
2026-07-23 10:11:37,964 rank_014_alphafold2_ptm_model_4_seed_042 pLDDT=74.4 pTM=0.587
2026-07-23 10:11:37,966 rank_015_alphafold2_ptm_model_4_seed_044 pLDDT=74.2 pTM=0.584
2026-07-23 10:11:41,182 Query 56/586: 5KPE_2_6_2_0_combined_id5 (length 108)
2026-07-23 10:12:05,627 alphafold2_ptm_model_1_seed_042 recycle=0 pLDDT=73.2 pTM=0.557
2026-07-23 10:12:28,038 alphafold2_ptm_model_1_seed_042 recycle=1 pLDDT=89.6 pTM=0.724 tol=1.02
2026-07-23 10:12:50,746 alphafold2_ptm_model_1_seed_042 recycle=2 pLDDT=88.6 pTM=0.713 tol=0.341
2026-07-23 10:13:14,500 alphafold2_ptm_model_1_seed_042 recycle=3 pLDDT=89.4 pTM=0.724 tol=0.129
2026-07-23 10:13:14,501 alphafold2_ptm_model_1_seed_042 took 91.4s (3 recycles)
2026-07-23 10:13:37,303 alphafold2_ptm_model_2_seed_042 recycle=0 pLDDT=64.4 pTM=0.507
2026-07-23 10:14:00,117 alphafold2_ptm_model_2_seed_042 recycle=1 pLDDT=90.2 pTM=0.759 tol=2.51
2026-07-23 10:14:23,006 alphafold2_ptm_model_2_seed_042 recycle=2 pLDDT=90.5 pTM=0.748 tol=0.511
2026-07-23 10:14:45,705 alphafold2_ptm_model_2_seed_042 recycle=3 pLDDT=89.1 pTM=0.732 tol=0.185
2026-07-23 10:14:45,705 alphafold2_ptm_model_2_seed_042 took 91.1s (3 recycles)
2026-07-23 10:15:09,072 alphafold2_ptm_model_3_seed_042 recycle=0 pLDDT=67 pTM=0.485
2026-07-23 10:15:31,906 alphafold2_ptm_model_3_seed_042 recycle=1 pLDDT=88.1 pTM=0.706 tol=2.14
2026-07-23 10:15:54,394 alphafold2_ptm_model_3_seed_042 recycle=2 pLDDT=87 pTM=0.666 tol=0.308
2026-07-23 10:16:17,228 alphafold2_ptm_model_3_seed_042 recycle=3 pLDDT=88.6 pTM=0.708 tol=0.288
2026-07-23 10:16:17,228 alphafold2_ptm_model_3_seed_042 took 91.4s (3 recycles)
2026-07-23 10:16:39,497 alphafold2_ptm_model_4_seed_042 recycle=0 pLDDT=64.9 pTM=0.514
2026-07-23 10:17:02,003 alphafold2_ptm_model_4_seed_042 recycle=1 pLDDT=88.5 pTM=0.724 tol=2.68
2026-07-23 10:17:23,891 alphafold2_ptm_model_4_seed_042 recycle=2 pLDDT=88.6 pTM=0.729 tol=0.214
2026-07-23 10:17:46,724 alphafold2_ptm_model_4_seed_042 recycle=3 pLDDT=88.5 pTM=0.732 tol=0.0684
2026-07-23 10:17:46,724 alphafold2_ptm_model_4_seed_042 took 89.4s (3 recycles)
2026-07-23 10:18:08,674 alphafold2_ptm_model_5_seed_042 recycle=0 pLDDT=66.4 pTM=0.515
2026-07-23 10:18:31,298 alphafold2_ptm_model_5_seed_042 recycle=1 pLDDT=87.6 pTM=0.702 tol=1.73
2026-07-23 10:18:54,274 alphafold2_ptm_model_5_seed_042 recycle=2 pLDDT=88.9 pTM=0.708 tol=0.362
2026-07-23 10:19:16,728 alphafold2_ptm_model_5_seed_042 recycle=3 pLDDT=88.9 pTM=0.708 tol=0.087
2026-07-23 10:19:16,729 alphafold2_ptm_model_5_seed_042 took 89.9s (3 recycles)
2026-07-23 10:19:40,464 alphafold2_ptm_model_1_seed_043 recycle=0 pLDDT=72.6 pTM=0.548
2026-07-23 10:20:03,168 alphafold2_ptm_model_1_seed_043 recycle=1 pLDDT=89.4 pTM=0.719 tol=1.14
2026-07-23 10:20:25,993 alphafold2_ptm_model_1_seed_043 recycle=2 pLDDT=88.8 pTM=0.713 tol=0.384
2026-07-23 10:20:48,438 alphafold2_ptm_model_1_seed_043 recycle=3 pLDDT=89.5 pTM=0.725 tol=0.139
2026-07-23 10:20:48,439 alphafold2_ptm_model_1_seed_043 took 90.8s (3 recycles)
2026-07-23 10:21:10,530 alphafold2_ptm_model_2_seed_043 recycle=0 pLDDT=64.2 pTM=0.491
2026-07-23 10:21:32,792 alphafold2_ptm_model_2_seed_043 recycle=1 pLDDT=76.6 pTM=0.614 tol=3.34
2026-07-23 10:21:55,172 alphafold2_ptm_model_2_seed_043 recycle=2 pLDDT=90.8 pTM=0.753 tol=2.32
2026-07-23 10:22:17,477 alphafold2_ptm_model_2_seed_043 recycle=3 pLDDT=88.6 pTM=0.718 tol=0.407
2026-07-23 10:22:17,477 alphafold2_ptm_model_2_seed_043 took 88.9s (3 recycles)
2026-07-23 10:22:39,793 alphafold2_ptm_model_3_seed_043 recycle=0 pLDDT=66.6 pTM=0.482
2026-07-23 10:23:02,145 alphafold2_ptm_model_3_seed_043 recycle=1 pLDDT=88.1 pTM=0.703 tol=2.01
2026-07-23 10:23:24,511 alphafold2_ptm_model_3_seed_043 recycle=2 pLDDT=87.1 pTM=0.667 tol=0.278
2026-07-23 10:23:46,959 alphafold2_ptm_model_3_seed_043 recycle=3 pLDDT=88.6 pTM=0.708 tol=0.281
2026-07-23 10:23:46,960 alphafold2_ptm_model_3_seed_043 took 89.4s (3 recycles)
2026-07-23 10:24:09,388 alphafold2_ptm_model_4_seed_043 recycle=0 pLDDT=68.3 pTM=0.534
2026-07-23 10:24:31,266 alphafold2_ptm_model_4_seed_043 recycle=1 pLDDT=89.2 pTM=0.735 tol=1.99
2026-07-23 10:24:53,824 alphafold2_ptm_model_4_seed_043 recycle=2 pLDDT=88.2 pTM=0.722 tol=0.25
2026-07-23 10:25:15,312 alphafold2_ptm_model_4_seed_043 recycle=3 pLDDT=88.9 pTM=0.739 tol=0.112
2026-07-23 10:25:15,312 alphafold2_ptm_model_4_seed_043 took 88.2s (3 recycles)
2026-07-23 10:25:38,276 alphafold2_ptm_model_5_seed_043 recycle=0 pLDDT=70.8 pTM=0.552
2026-07-23 10:26:01,155 alphafold2_ptm_model_5_seed_043 recycle=1 pLDDT=87.8 pTM=0.713 tol=1.54
2026-07-23 10:26:23,960 alphafold2_ptm_model_5_seed_043 recycle=2 pLDDT=88.4 pTM=0.714 tol=0.227
2026-07-23 10:26:46,628 alphafold2_ptm_model_5_seed_043 recycle=3 pLDDT=88.9 pTM=0.713 tol=0.0705
2026-07-23 10:26:46,629 alphafold2_ptm_model_5_seed_043 took 91.2s (3 recycles)
2026-07-23 10:27:09,780 alphafold2_ptm_model_1_seed_044 recycle=0 pLDDT=73.3 pTM=0.555
2026-07-23 10:27:32,368 alphafold2_ptm_model_1_seed_044 recycle=1 pLDDT=89.7 pTM=0.725 tol=1.09
2026-07-23 10:27:54,890 alphafold2_ptm_model_1_seed_044 recycle=2 pLDDT=88.6 pTM=0.712 tol=0.365
2026-07-23 10:28:17,132 alphafold2_ptm_model_1_seed_044 recycle=3 pLDDT=89.3 pTM=0.722 tol=0.148
2026-07-23 10:28:17,132 alphafold2_ptm_model_1_seed_044 took 89.4s (3 recycles)
2026-07-23 10:28:39,717 alphafold2_ptm_model_2_seed_044 recycle=0 pLDDT=66.5 pTM=0.515
2026-07-23 10:29:01,931 alphafold2_ptm_model_2_seed_044 recycle=1 pLDDT=90.7 pTM=0.761 tol=1.77
2026-07-23 10:29:24,316 alphafold2_ptm_model_2_seed_044 recycle=2 pLDDT=89.9 pTM=0.737 tol=0.355
2026-07-23 10:29:46,446 alphafold2_ptm_model_2_seed_044 recycle=3 pLDDT=89.1 pTM=0.73 tol=0.0668
2026-07-23 10:29:46,447 alphafold2_ptm_model_2_seed_044 took 89.2s (3 recycles)
2026-07-23 10:30:08,391 alphafold2_ptm_model_3_seed_044 recycle=0 pLDDT=67.5 pTM=0.492
2026-07-23 10:30:30,109 alphafold2_ptm_model_3_seed_044 recycle=1 pLDDT=88.1 pTM=0.704 tol=1.71
2026-07-23 10:30:52,249 alphafold2_ptm_model_3_seed_044 recycle=2 pLDDT=87.1 pTM=0.663 tol=0.326
2026-07-23 10:31:14,126 alphafold2_ptm_model_3_seed_044 recycle=3 pLDDT=88.6 pTM=0.708 tol=0.301
2026-07-23 10:31:14,126 alphafold2_ptm_model_3_seed_044 took 87.6s (3 recycles)
2026-07-23 10:31:36,447 alphafold2_ptm_model_4_seed_044 recycle=0 pLDDT=72.2 pTM=0.568
2026-07-23 10:31:58,921 alphafold2_ptm_model_4_seed_044 recycle=1 pLDDT=89.4 pTM=0.736 tol=1.69
2026-07-23 10:32:21,371 alphafold2_ptm_model_4_seed_044 recycle=2 pLDDT=87.8 pTM=0.714 tol=0.442
2026-07-23 10:32:43,630 alphafold2_ptm_model_4_seed_044 recycle=3 pLDDT=88.9 pTM=0.739 tol=0.199
2026-07-23 10:32:43,631 alphafold2_ptm_model_4_seed_044 took 89.3s (3 recycles)
2026-07-23 10:33:05,757 alphafold2_ptm_model_5_seed_044 recycle=0 pLDDT=70.3 pTM=0.545
2026-07-23 10:33:27,978 alphafold2_ptm_model_5_seed_044 recycle=1 pLDDT=88.1 pTM=0.714 tol=1.61
2026-07-23 10:33:50,291 alphafold2_ptm_model_5_seed_044 recycle=2 pLDDT=88.5 pTM=0.714 tol=0.213
2026-07-23 10:34:12,044 alphafold2_ptm_model_5_seed_044 recycle=3 pLDDT=88.7 pTM=0.715 tol=0.0839
2026-07-23 10:34:12,045 alphafold2_ptm_model_5_seed_044 took 88.3s (3 recycles)
2026-07-23 10:34:12,110 reranking models by 'plddt' metric
2026-07-23 10:34:12,111 rank_001_alphafold2_ptm_model_1_seed_043 pLDDT=89.5 pTM=0.725
2026-07-23 10:34:12,114 rank_002_alphafold2_ptm_model_1_seed_042 pLDDT=89.4 pTM=0.724
2026-07-23 10:34:12,117 rank_003_alphafold2_ptm_model_1_seed_044 pLDDT=89.3 pTM=0.722
2026-07-23 10:34:12,119 rank_004_alphafold2_ptm_model_2_seed_042 pLDDT=89.1 pTM=0.732
2026-07-23 10:34:12,121 rank_005_alphafold2_ptm_model_2_seed_044 pLDDT=89.1 pTM=0.73
2026-07-23 10:34:12,123 rank_006_alphafold2_ptm_model_4_seed_044 pLDDT=88.9 pTM=0.739
2026-07-23 10:34:12,125 rank_007_alphafold2_ptm_model_4_seed_043 pLDDT=88.9 pTM=0.739
2026-07-23 10:34:12,126 rank_008_alphafold2_ptm_model_5_seed_043 pLDDT=88.9 pTM=0.713
2026-07-23 10:34:12,128 rank_009_alphafold2_ptm_model_5_seed_042 pLDDT=88.9 pTM=0.708
2026-07-23 10:34:12,130 rank_010_alphafold2_ptm_model_5_seed_044 pLDDT=88.7 pTM=0.715
2026-07-23 10:34:12,131 rank_011_alphafold2_ptm_model_3_seed_044 pLDDT=88.6 pTM=0.708
2026-07-23 10:34:12,133 rank_012_alphafold2_ptm_model_3_seed_043 pLDDT=88.6 pTM=0.708
2026-07-23 10:34:12,134 rank_013_alphafold2_ptm_model_2_seed_043 pLDDT=88.6 pTM=0.718
2026-07-23 10:34:12,136 rank_014_alphafold2_ptm_model_3_seed_042 pLDDT=88.6 pTM=0.708
2026-07-23 10:34:12,138 rank_015_alphafold2_ptm_model_4_seed_042 pLDDT=88.5 pTM=0.732
2026-07-23 10:34:15,406 Query 57/586: 5KPE_2_6_2_0_combined_id6 (length 108)
2026-07-23 10:34:39,099 alphafold2_ptm_model_1_seed_042 recycle=0 pLDDT=63.7 pTM=0.505
2026-07-23 10:35:00,735 alphafold2_ptm_model_1_seed_042 recycle=1 pLDDT=62.4 pTM=0.512 tol=3.96
2026-07-23 10:35:22,781 alphafold2_ptm_model_1_seed_042 recycle=2 pLDDT=85.1 pTM=0.674 tol=4.57
2026-07-23 10:35:45,010 alphafold2_ptm_model_1_seed_042 recycle=3 pLDDT=87.9 pTM=0.697 tol=0.895
2026-07-23 10:35:45,011 alphafold2_ptm_model_1_seed_042 took 87.7s (3 recycles)
2026-07-23 10:36:07,147 alphafold2_ptm_model_2_seed_042 recycle=0 pLDDT=69.4 pTM=0.565
2026-07-23 10:36:29,436 alphafold2_ptm_model_2_seed_042 recycle=1 pLDDT=69.5 pTM=0.56 tol=0.615
2026-07-23 10:36:51,580 alphafold2_ptm_model_2_seed_042 recycle=2 pLDDT=69.4 pTM=0.56 tol=0.369
2026-07-23 10:37:13,591 alphafold2_ptm_model_2_seed_042 recycle=3 pLDDT=69.4 pTM=0.557 tol=0.65
2026-07-23 10:37:13,592 alphafold2_ptm_model_2_seed_042 took 88.5s (3 recycles)
2026-07-23 10:37:35,390 alphafold2_ptm_model_3_seed_042 recycle=0 pLDDT=68.9 pTM=0.502
2026-07-23 10:37:57,445 alphafold2_ptm_model_3_seed_042 recycle=1 pLDDT=63.2 pTM=0.54 tol=3.41
2026-07-23 10:38:19,168 alphafold2_ptm_model_3_seed_042 recycle=2 pLDDT=79.7 pTM=0.611 tol=4.77
2026-07-23 10:38:41,462 alphafold2_ptm_model_3_seed_042 recycle=3 pLDDT=89.6 pTM=0.74 tol=1.29
2026-07-23 10:38:41,471 alphafold2_ptm_model_3_seed_042 took 87.8s (3 recycles)
2026-07-23 10:39:03,091 alphafold2_ptm_model_4_seed_042 recycle=0 pLDDT=70.5 pTM=0.525
2026-07-23 10:39:24,930 alphafold2_ptm_model_4_seed_042 recycle=1 pLDDT=72.1 pTM=0.556 tol=1.45
2026-07-23 10:39:46,803 alphafold2_ptm_model_4_seed_042 recycle=2 pLDDT=70.1 pTM=0.538 tol=0.476
2026-07-23 10:40:08,162 alphafold2_ptm_model_4_seed_042 recycle=3 pLDDT=68.8 pTM=0.53 tol=0.81
2026-07-23 10:40:08,162 alphafold2_ptm_model_4_seed_042 took 86.6s (3 recycles)
2026-07-23 10:40:29,833 alphafold2_ptm_model_5_seed_042 recycle=0 pLDDT=63.5 pTM=0.491
2026-07-23 10:40:51,885 alphafold2_ptm_model_5_seed_042 recycle=1 pLDDT=68.9 pTM=0.527 tol=2.33
2026-07-23 10:41:13,899 alphafold2_ptm_model_5_seed_042 recycle=2 pLDDT=69.8 pTM=0.53 tol=0.272
2026-07-23 10:41:35,379 alphafold2_ptm_model_5_seed_042 recycle=3 pLDDT=69.9 pTM=0.53 tol=0.122
2026-07-23 10:41:35,380 alphafold2_ptm_model_5_seed_042 took 87.2s (3 recycles)
2026-07-23 10:41:58,360 alphafold2_ptm_model_1_seed_043 recycle=0 pLDDT=63.1 pTM=0.502
2026-07-23 10:42:20,346 alphafold2_ptm_model_1_seed_043 recycle=1 pLDDT=62.2 pTM=0.513 tol=3.44
2026-07-23 10:42:41,817 alphafold2_ptm_model_1_seed_043 recycle=2 pLDDT=84.8 pTM=0.671 tol=4.9
2026-07-23 10:43:03,709 alphafold2_ptm_model_1_seed_043 recycle=3 pLDDT=88.1 pTM=0.702 tol=0.903
2026-07-23 10:43:03,714 alphafold2_ptm_model_1_seed_043 took 87.2s (3 recycles)
2026-07-23 10:43:25,357 alphafold2_ptm_model_2_seed_043 recycle=0 pLDDT=66.8 pTM=0.54
2026-07-23 10:43:47,668 alphafold2_ptm_model_2_seed_043 recycle=1 pLDDT=66.5 pTM=0.538 tol=0.671
2026-07-23 10:44:09,312 alphafold2_ptm_model_2_seed_043 recycle=2 pLDDT=67.1 pTM=0.542 tol=1.61
2026-07-23 10:44:30,981 alphafold2_ptm_model_2_seed_043 recycle=3 pLDDT=67.6 pTM=0.542 tol=0.488
2026-07-23 10:44:30,984 alphafold2_ptm_model_2_seed_043 took 87.2s (3 recycles)
2026-07-23 10:44:52,455 alphafold2_ptm_model_3_seed_043 recycle=0 pLDDT=68.1 pTM=0.496
2026-07-23 10:45:14,039 alphafold2_ptm_model_3_seed_043 recycle=1 pLDDT=64.8 pTM=0.569 tol=3.72
2026-07-23 10:45:35,848 alphafold2_ptm_model_3_seed_043 recycle=2 pLDDT=80.1 pTM=0.606 tol=3.71
2026-07-23 10:45:57,597 alphafold2_ptm_model_3_seed_043 recycle=3 pLDDT=89.8 pTM=0.745 tol=0.839
2026-07-23 10:45:57,598 alphafold2_ptm_model_3_seed_043 took 86.6s (3 recycles)
2026-07-23 10:46:19,043 alphafold2_ptm_model_4_seed_043 recycle=0 pLDDT=69.7 pTM=0.527
2026-07-23 10:46:41,035 alphafold2_ptm_model_4_seed_043 recycle=1 pLDDT=71.5 pTM=0.551 tol=1.65
2026-07-23 10:47:02,618 alphafold2_ptm_model_4_seed_043 recycle=2 pLDDT=69.6 pTM=0.533 tol=0.62
2026-07-23 10:47:24,382 alphafold2_ptm_model_4_seed_043 recycle=3 pLDDT=61.6 pTM=0.504 tol=1.65
2026-07-23 10:47:24,383 alphafold2_ptm_model_4_seed_043 took 86.7s (3 recycles)
2026-07-23 10:47:46,172 alphafold2_ptm_model_5_seed_043 recycle=0 pLDDT=63.6 pTM=0.491
2026-07-23 10:48:07,717 alphafold2_ptm_model_5_seed_043 recycle=1 pLDDT=66.6 pTM=0.514 tol=0.812
2026-07-23 10:48:29,611 alphafold2_ptm_model_5_seed_043 recycle=2 pLDDT=68.3 pTM=0.519 tol=1.36
2026-07-23 10:48:51,183 alphafold2_ptm_model_5_seed_043 recycle=3 pLDDT=69.3 pTM=0.526 tol=0.481
2026-07-23 10:48:51,183 alphafold2_ptm_model_5_seed_043 took 86.7s (3 recycles)
2026-07-23 10:49:15,205 alphafold2_ptm_model_1_seed_044 recycle=0 pLDDT=64.8 pTM=0.511
2026-07-23 10:49:37,993 alphafold2_ptm_model_1_seed_044 recycle=1 pLDDT=65.8 pTM=0.518 tol=1.7
2026-07-23 10:50:00,532 alphafold2_ptm_model_1_seed_044 recycle=2 pLDDT=82.8 pTM=0.654 tol=6.37
2026-07-23 10:50:23,144 alphafold2_ptm_model_1_seed_044 recycle=3 pLDDT=88.6 pTM=0.707 tol=0.99
2026-07-23 10:50:23,145 alphafold2_ptm_model_1_seed_044 took 90.6s (3 recycles)
2026-07-23 10:50:45,681 alphafold2_ptm_model_2_seed_044 recycle=0 pLDDT=68.9 pTM=0.552
2026-07-23 10:51:07,807 alphafold2_ptm_model_2_seed_044 recycle=1 pLDDT=69.4 pTM=0.56 tol=1.3
2026-07-23 10:51:30,553 alphafold2_ptm_model_2_seed_044 recycle=2 pLDDT=69.1 pTM=0.556 tol=0.216
2026-07-23 10:51:53,075 alphafold2_ptm_model_2_seed_044 recycle=3 pLDDT=69.1 pTM=0.552 tol=0.263
2026-07-23 10:51:53,075 alphafold2_ptm_model_2_seed_044 took 89.9s (3 recycles)
2026-07-23 10:52:15,100 alphafold2_ptm_model_3_seed_044 recycle=0 pLDDT=68.5 pTM=0.498
2026-07-23 10:52:37,262 alphafold2_ptm_model_3_seed_044 recycle=1 pLDDT=66.1 pTM=0.555 tol=4.24
2026-07-23 10:52:59,131 alphafold2_ptm_model_3_seed_044 recycle=2 pLDDT=80.3 pTM=0.61 tol=4.11
2026-07-23 10:53:21,051 alphafold2_ptm_model_3_seed_044 recycle=3 pLDDT=89.8 pTM=0.742 tol=0.79
2026-07-23 10:53:21,052 alphafold2_ptm_model_3_seed_044 took 87.9s (3 recycles)
2026-07-23 10:53:42,757 alphafold2_ptm_model_4_seed_044 recycle=0 pLDDT=70.8 pTM=0.536
2026-07-23 10:54:05,032 alphafold2_ptm_model_4_seed_044 recycle=1 pLDDT=72.6 pTM=0.559 tol=1.55
2026-07-23 10:54:26,728 alphafold2_ptm_model_4_seed_044 recycle=2 pLDDT=70.6 pTM=0.541 tol=0.313
2026-07-23 10:54:48,423 alphafold2_ptm_model_4_seed_044 recycle=3 pLDDT=70.1 pTM=0.542 tol=0.616
2026-07-23 10:54:48,423 alphafold2_ptm_model_4_seed_044 took 87.3s (3 recycles)
2026-07-23 10:55:10,747 alphafold2_ptm_model_5_seed_044 recycle=0 pLDDT=64 pTM=0.495
2026-07-23 10:55:33,083 alphafold2_ptm_model_5_seed_044 recycle=1 pLDDT=68.1 pTM=0.523 tol=2.17
2026-07-23 10:55:54,939 alphafold2_ptm_model_5_seed_044 recycle=2 pLDDT=69.6 pTM=0.531 tol=0.401
2026-07-23 10:56:17,055 alphafold2_ptm_model_5_seed_044 recycle=3 pLDDT=69.8 pTM=0.53 tol=0.11
2026-07-23 10:56:17,056 alphafold2_ptm_model_5_seed_044 took 88.6s (3 recycles)
2026-07-23 10:56:17,115 reranking models by 'plddt' metric
2026-07-23 10:56:17,115 rank_001_alphafold2_ptm_model_3_seed_043 pLDDT=89.8 pTM=0.745
2026-07-23 10:56:17,118 rank_002_alphafold2_ptm_model_3_seed_044 pLDDT=89.8 pTM=0.742
2026-07-23 10:56:17,120 rank_003_alphafold2_ptm_model_3_seed_042 pLDDT=89.6 pTM=0.74
2026-07-23 10:56:17,123 rank_004_alphafold2_ptm_model_1_seed_044 pLDDT=88.6 pTM=0.707
2026-07-23 10:56:17,125 rank_005_alphafold2_ptm_model_1_seed_043 pLDDT=88.1 pTM=0.702
2026-07-23 10:56:17,128 rank_006_alphafold2_ptm_model_1_seed_042 pLDDT=87.9 pTM=0.697
2026-07-23 10:56:17,131 rank_007_alphafold2_ptm_model_4_seed_044 pLDDT=70.1 pTM=0.542
2026-07-23 10:56:17,132 rank_008_alphafold2_ptm_model_5_seed_042 pLDDT=69.9 pTM=0.53
2026-07-23 10:56:17,134 rank_009_alphafold2_ptm_model_5_seed_044 pLDDT=69.8 pTM=0.53
2026-07-23 10:56:17,136 rank_010_alphafold2_ptm_model_2_seed_042 pLDDT=69.4 pTM=0.557
2026-07-23 10:56:17,137 rank_011_alphafold2_ptm_model_5_seed_043 pLDDT=69.3 pTM=0.526
2026-07-23 10:56:17,139 rank_012_alphafold2_ptm_model_2_seed_044 pLDDT=69.1 pTM=0.552
2026-07-23 10:56:17,141 rank_013_alphafold2_ptm_model_4_seed_042 pLDDT=68.8 pTM=0.53
2026-07-23 10:56:17,143 rank_014_alphafold2_ptm_model_2_seed_043 pLDDT=67.6 pTM=0.542
2026-07-23 10:56:17,144 rank_015_alphafold2_ptm_model_4_seed_043 pLDDT=61.6 pTM=0.504
2026-07-23 10:56:20,445 Query 58/586: 5KPE_2_6_2_0_combined_id8 (length 108)
2026-07-23 10:56:44,912 alphafold2_ptm_model_1_seed_042 recycle=0 pLDDT=69.9 pTM=0.528
2026-07-23 10:57:07,387 alphafold2_ptm_model_1_seed_042 recycle=1 pLDDT=74.6 pTM=0.562 tol=1
2026-07-23 10:57:29,514 alphafold2_ptm_model_1_seed_042 recycle=2 pLDDT=76.1 pTM=0.583 tol=0.153
2026-07-23 10:57:52,564 alphafold2_ptm_model_1_seed_042 recycle=3 pLDDT=76.8 pTM=0.591 tol=0.117
2026-07-23 10:57:52,565 alphafold2_ptm_model_1_seed_042 took 89.9s (3 recycles)
2026-07-23 10:58:15,170 alphafold2_ptm_model_2_seed_042 recycle=0 pLDDT=70.3 pTM=0.564
2026-07-23 10:58:37,180 alphafold2_ptm_model_2_seed_042 recycle=1 pLDDT=72.8 pTM=0.577 tol=1.13
2026-07-23 10:58:59,710 alphafold2_ptm_model_2_seed_042 recycle=2 pLDDT=71 pTM=0.562 tol=0.405
2026-07-23 10:59:22,146 alphafold2_ptm_model_2_seed_042 recycle=3 pLDDT=70.2 pTM=0.552 tol=0.182
2026-07-23 10:59:22,147 alphafold2_ptm_model_2_seed_042 took 89.5s (3 recycles)
2026-07-23 10:59:44,561 alphafold2_ptm_model_3_seed_042 recycle=0 pLDDT=69.9 pTM=0.521
2026-07-23 11:00:06,947 alphafold2_ptm_model_3_seed_042 recycle=1 pLDDT=73.4 pTM=0.556 tol=0.466
2026-07-23 11:00:29,473 alphafold2_ptm_model_3_seed_042 recycle=2 pLDDT=73.8 pTM=0.564 tol=0.162
2026-07-23 11:00:51,365 alphafold2_ptm_model_3_seed_042 recycle=3 pLDDT=74.6 pTM=0.571 tol=0.121
2026-07-23 11:00:51,366 alphafold2_ptm_model_3_seed_042 took 89.1s (3 recycles)
2026-07-23 11:01:13,371 alphafold2_ptm_model_4_seed_042 recycle=0 pLDDT=70.8 pTM=0.551
2026-07-23 11:01:35,578 alphafold2_ptm_model_4_seed_042 recycle=1 pLDDT=72.8 pTM=0.565 tol=1.01
2026-07-23 11:01:57,586 alphafold2_ptm_model_4_seed_042 recycle=2 pLDDT=73.2 pTM=0.568 tol=0.135
2026-07-23 11:02:19,473 alphafold2_ptm_model_4_seed_042 recycle=3 pLDDT=73.5 pTM=0.571 tol=0.0814
2026-07-23 11:02:19,474 alphafold2_ptm_model_4_seed_042 took 88.0s (3 recycles)
2026-07-23 11:02:41,738 alphafold2_ptm_model_5_seed_042 recycle=0 pLDDT=71 pTM=0.54
2026-07-23 11:03:04,036 alphafold2_ptm_model_5_seed_042 recycle=1 pLDDT=72.9 pTM=0.554 tol=0.392
2026-07-23 11:03:25,954 alphafold2_ptm_model_5_seed_042 recycle=2 pLDDT=73.4 pTM=0.56 tol=0.167
2026-07-23 11:03:48,063 alphafold2_ptm_model_5_seed_042 recycle=3 pLDDT=74.2 pTM=0.566 tol=0.144
2026-07-23 11:03:48,064 alphafold2_ptm_model_5_seed_042 took 88.5s (3 recycles)
2026-07-23 11:04:11,378 alphafold2_ptm_model_1_seed_043 recycle=0 pLDDT=69.1 pTM=0.521
2026-07-23 11:04:33,756 alphafold2_ptm_model_1_seed_043 recycle=1 pLDDT=73.8 pTM=0.561 tol=0.854
2026-07-23 11:04:56,208 alphafold2_ptm_model_1_seed_043 recycle=2 pLDDT=75.6 pTM=0.581 tol=0.16
2026-07-23 11:05:18,204 alphafold2_ptm_model_1_seed_043 recycle=3 pLDDT=76.5 pTM=0.588 tol=0.163
2026-07-23 11:05:18,204 alphafold2_ptm_model_1_seed_043 took 89.3s (3 recycles)
2026-07-23 11:05:40,325 alphafold2_ptm_model_2_seed_043 recycle=0 pLDDT=65.6 pTM=0.5
2026-07-23 11:06:02,561 alphafold2_ptm_model_2_seed_043 recycle=1 pLDDT=69.4 pTM=0.553 tol=0.496
2026-07-23 11:06:25,212 alphafold2_ptm_model_2_seed_043 recycle=2 pLDDT=68.4 pTM=0.544 tol=0.321
2026-07-23 11:06:47,832 alphafold2_ptm_model_2_seed_043 recycle=3 pLDDT=71.8 pTM=0.571 tol=3.02
2026-07-23 11:06:47,833 alphafold2_ptm_model_2_seed_043 took 89.6s (3 recycles)
2026-07-23 11:07:12,236 alphafold2_ptm_model_3_seed_043 recycle=0 pLDDT=66.6 pTM=0.492
2026-07-23 11:07:36,115 alphafold2_ptm_model_3_seed_043 recycle=1 pLDDT=72.4 pTM=0.551 tol=0.561
2026-07-23 11:07:59,840 alphafold2_ptm_model_3_seed_043 recycle=2 pLDDT=73.2 pTM=0.559 tol=0.199
2026-07-23 11:08:23,868 alphafold2_ptm_model_3_seed_043 recycle=3 pLDDT=73.6 pTM=0.56 tol=0.0959
2026-07-23 11:08:23,868 alphafold2_ptm_model_3_seed_043 took 95.9s (3 recycles)
2026-07-23 11:08:47,657 alphafold2_ptm_model_4_seed_043 recycle=0 pLDDT=69.5 pTM=0.542
2026-07-23 11:09:10,714 alphafold2_ptm_model_4_seed_043 recycle=1 pLDDT=72.4 pTM=0.565 tol=0.813
2026-07-23 11:09:33,296 alphafold2_ptm_model_4_seed_043 recycle=2 pLDDT=72.8 pTM=0.568 tol=0.112
2026-07-23 11:09:55,534 alphafold2_ptm_model_4_seed_043 recycle=3 pLDDT=73.1 pTM=0.569 tol=0.079
2026-07-23 11:09:55,535 alphafold2_ptm_model_4_seed_043 took 91.6s (3 recycles)
2026-07-23 11:10:18,036 alphafold2_ptm_model_5_seed_043 recycle=0 pLDDT=71.6 pTM=0.55
2026-07-23 11:10:40,378 alphafold2_ptm_model_5_seed_043 recycle=1 pLDDT=72.8 pTM=0.555 tol=0.416
2026-07-23 11:11:02,604 alphafold2_ptm_model_5_seed_043 recycle=2 pLDDT=73.8 pTM=0.564 tol=0.182
2026-07-23 11:11:24,654 alphafold2_ptm_model_5_seed_043 recycle=3 pLDDT=74.6 pTM=0.569 tol=0.189
2026-07-23 11:11:24,654 alphafold2_ptm_model_5_seed_043 took 89.1s (3 recycles)
2026-07-23 11:11:47,492 alphafold2_ptm_model_1_seed_044 recycle=0 pLDDT=69.3 pTM=0.52
2026-07-23 11:12:09,847 alphafold2_ptm_model_1_seed_044 recycle=1 pLDDT=74.5 pTM=0.562 tol=0.786
2026-07-23 11:12:33,203 alphafold2_ptm_model_1_seed_044 recycle=2 pLDDT=76 pTM=0.582 tol=0.156
2026-07-23 11:12:58,072 alphafold2_ptm_model_1_seed_044 recycle=3 pLDDT=76.6 pTM=0.589 tol=0.109
2026-07-23 11:12:58,072 alphafold2_ptm_model_1_seed_044 took 92.3s (3 recycles)
2026-07-23 11:13:22,343 alphafold2_ptm_model_2_seed_044 recycle=0 pLDDT=67.6 pTM=0.534
2026-07-23 11:13:46,394 alphafold2_ptm_model_2_seed_044 recycle=1 pLDDT=67.6 pTM=0.541 tol=0.599
2026-07-23 11:14:08,421 alphafold2_ptm_model_2_seed_044 recycle=2 pLDDT=73.6 pTM=0.599 tol=3.01
2026-07-23 11:14:30,331 alphafold2_ptm_model_2_seed_044 recycle=3 pLDDT=73.4 pTM=0.587 tol=0.946
2026-07-23 11:14:30,332 alphafold2_ptm_model_2_seed_044 took 92.1s (3 recycles)
2026-07-23 11:14:51,909 alphafold2_ptm_model_3_seed_044 recycle=0 pLDDT=70 pTM=0.522
2026-07-23 11:15:14,073 alphafold2_ptm_model_3_seed_044 recycle=1 pLDDT=72.8 pTM=0.552 tol=0.414
2026-07-23 11:15:41,106 alphafold2_ptm_model_3_seed_044 recycle=2 pLDDT=73.2 pTM=0.56 tol=0.172
2026-07-23 11:16:07,731 alphafold2_ptm_model_3_seed_044 recycle=3 pLDDT=73.9 pTM=0.565 tol=0.0974
2026-07-23 11:16:07,732 alphafold2_ptm_model_3_seed_044 took 97.3s (3 recycles)
2026-07-23 11:16:34,220 alphafold2_ptm_model_4_seed_044 recycle=0 pLDDT=70.1 pTM=0.544
2026-07-23 11:17:03,033 alphafold2_ptm_model_4_seed_044 recycle=1 pLDDT=72.6 pTM=0.564 tol=0.904
2026-07-23 11:17:31,173 alphafold2_ptm_model_4_seed_044 recycle=2 pLDDT=73.1 pTM=0.569 tol=0.13
2026-07-23 11:18:00,760 alphafold2_ptm_model_4_seed_044 recycle=3 pLDDT=73.3 pTM=0.57 tol=0.082
2026-07-23 11:18:00,761 alphafold2_ptm_model_4_seed_044 took 112.9s (3 recycles)
2026-07-23 11:18:26,498 alphafold2_ptm_model_5_seed_044 recycle=0 pLDDT=69.6 pTM=0.535
2026-07-23 11:18:49,598 alphafold2_ptm_model_5_seed_044 recycle=1 pLDDT=72.6 pTM=0.552 tol=0.368
2026-07-23 11:19:11,634 alphafold2_ptm_model_5_seed_044 recycle=2 pLDDT=73.3 pTM=0.562 tol=0.18
2026-07-23 11:19:33,522 alphafold2_ptm_model_5_seed_044 recycle=3 pLDDT=73.8 pTM=0.564 tol=0.174
2026-07-23 11:19:33,523 alphafold2_ptm_model_5_seed_044 took 92.5s (3 recycles)
2026-07-23 11:19:33,570 reranking models by 'plddt' metric
2026-07-23 11:19:33,570 rank_001_alphafold2_ptm_model_1_seed_042 pLDDT=76.8 pTM=0.591
2026-07-23 11:19:33,573 rank_002_alphafold2_ptm_model_1_seed_044 pLDDT=76.6 pTM=0.589
2026-07-23 11:19:33,576 rank_003_alphafold2_ptm_model_1_seed_043 pLDDT=76.5 pTM=0.588
2026-07-23 11:19:33,578 rank_004_alphafold2_ptm_model_5_seed_043 pLDDT=74.6 pTM=0.569
2026-07-23 11:19:33,581 rank_005_alphafold2_ptm_model_3_seed_042 pLDDT=74.6 pTM=0.571
2026-07-23 11:19:33,584 rank_006_alphafold2_ptm_model_5_seed_042 pLDDT=74.2 pTM=0.566
2026-07-23 11:19:33,586 rank_007_alphafold2_ptm_model_3_seed_044 pLDDT=73.9 pTM=0.565
2026-07-23 11:19:33,589 rank_008_alphafold2_ptm_model_5_seed_044 pLDDT=73.8 pTM=0.564
2026-07-23 11:19:33,590 rank_009_alphafold2_ptm_model_3_seed_043 pLDDT=73.6 pTM=0.56
2026-07-23 11:19:33,592 rank_010_alphafold2_ptm_model_4_seed_042 pLDDT=73.5 pTM=0.571
2026-07-23 11:19:33,596 rank_011_alphafold2_ptm_model_2_seed_044 pLDDT=73.4 pTM=0.587
2026-07-23 11:19:33,597 rank_012_alphafold2_ptm_model_4_seed_044 pLDDT=73.3 pTM=0.57
2026-07-23 11:19:33,599 rank_013_alphafold2_ptm_model_4_seed_043 pLDDT=73.1 pTM=0.569
2026-07-23 11:19:33,600 rank_014_alphafold2_ptm_model_2_seed_043 pLDDT=71.8 pTM=0.571
2026-07-23 11:19:33,602 rank_015_alphafold2_ptm_model_2_seed_042 pLDDT=70.2 pTM=0.552
2026-07-23 11:19:36,828 Query 59/586: 5KPE_2_6_2_0_combined_id9 (length 108)
2026-07-23 11:20:00,298 alphafold2_ptm_model_1_seed_042 recycle=0 pLDDT=63.2 pTM=0.482
2026-07-23 11:20:22,100 alphafold2_ptm_model_1_seed_042 recycle=1 pLDDT=68.1 pTM=0.523 tol=1.06
2026-07-23 11:20:44,076 alphafold2_ptm_model_1_seed_042 recycle=2 pLDDT=68.4 pTM=0.522 tol=1.49
2026-07-23 11:21:07,415 alphafold2_ptm_model_1_seed_042 recycle=3 pLDDT=68.2 pTM=0.531 tol=1.52
2026-07-23 11:21:07,416 alphafold2_ptm_model_1_seed_042 took 88.7s (3 recycles)
2026-07-23 11:21:29,409 alphafold2_ptm_model_2_seed_042 recycle=0 pLDDT=62.2 pTM=0.491
2026-07-23 11:21:51,407 alphafold2_ptm_model_2_seed_042 recycle=1 pLDDT=67.9 pTM=0.528 tol=1.15
2026-07-23 11:22:12,852 alphafold2_ptm_model_2_seed_042 recycle=2 pLDDT=68.1 pTM=0.526 tol=3.51
2026-07-23 11:22:34,915 alphafold2_ptm_model_2_seed_042 recycle=3 pLDDT=69.1 pTM=0.534 tol=1.77
2026-07-23 11:22:34,916 alphafold2_ptm_model_2_seed_042 took 87.5s (3 recycles)
2026-07-23 11:22:56,809 alphafold2_ptm_model_3_seed_042 recycle=0 pLDDT=63.1 pTM=0.472
2026-07-23 11:23:18,682 alphafold2_ptm_model_3_seed_042 recycle=1 pLDDT=65.2 pTM=0.499 tol=0.837
2026-07-23 11:23:40,757 alphafold2_ptm_model_3_seed_042 recycle=2 pLDDT=64.2 pTM=0.491 tol=0.931
2026-07-23 11:24:03,397 alphafold2_ptm_model_3_seed_042 recycle=3 pLDDT=64.6 pTM=0.495 tol=1.47
2026-07-23 11:24:03,398 alphafold2_ptm_model_3_seed_042 took 88.4s (3 recycles)
2026-07-23 11:24:26,388 alphafold2_ptm_model_4_seed_042 recycle=0 pLDDT=65 pTM=0.517
2026-07-23 11:24:48,694 alphafold2_ptm_model_4_seed_042 recycle=1 pLDDT=66.8 pTM=0.522 tol=1.42
2026-07-23 11:25:10,128 alphafold2_ptm_model_4_seed_042 recycle=2 pLDDT=65 pTM=0.513 tol=0.566
2026-07-23 11:25:31,829 alphafold2_ptm_model_4_seed_042 recycle=3 pLDDT=65.4 pTM=0.516 tol=0.401
2026-07-23 11:25:31,829 alphafold2_ptm_model_4_seed_042 took 88.3s (3 recycles)
2026-07-23 11:25:53,316 alphafold2_ptm_model_5_seed_042 recycle=0 pLDDT=66.3 pTM=0.505
2026-07-23 11:26:14,911 alphafold2_ptm_model_5_seed_042 recycle=1 pLDDT=67.7 pTM=0.529 tol=3.47
2026-07-23 11:26:36,586 alphafold2_ptm_model_5_seed_042 recycle=2 pLDDT=67.4 pTM=0.524 tol=1.19
2026-07-23 11:26:58,368 alphafold2_ptm_model_5_seed_042 recycle=3 pLDDT=67.2 pTM=0.52 tol=0.94
2026-07-23 11:26:58,369 alphafold2_ptm_model_5_seed_042 took 86.5s (3 recycles)
2026-07-23 11:27:20,828 alphafold2_ptm_model_1_seed_043 recycle=0 pLDDT=62.9 pTM=0.483
2026-07-23 11:27:42,528 alphafold2_ptm_model_1_seed_043 recycle=1 pLDDT=67.2 pTM=0.518 tol=1.06
2026-07-23 11:28:04,329 alphafold2_ptm_model_1_seed_043 recycle=2 pLDDT=67.2 pTM=0.521 tol=0.742
2026-07-23 11:28:26,184 alphafold2_ptm_model_1_seed_043 recycle=3 pLDDT=67.3 pTM=0.52 tol=0.484
2026-07-23 11:28:26,185 alphafold2_ptm_model_1_seed_043 took 86.7s (3 recycles)
2026-07-23 11:28:47,858 alphafold2_ptm_model_2_seed_043 recycle=0 pLDDT=62 pTM=0.494
2026-07-23 11:29:09,359 alphafold2_ptm_model_2_seed_043 recycle=1 pLDDT=67.8 pTM=0.524 tol=1.59
2026-07-23 11:29:31,020 alphafold2_ptm_model_2_seed_043 recycle=2 pLDDT=68.2 pTM=0.527 tol=2.96
2026-07-23 11:29:52,502 alphafold2_ptm_model_2_seed_043 recycle=3 pLDDT=68.9 pTM=0.532 tol=1.88
2026-07-23 11:29:52,502 alphafold2_ptm_model_2_seed_043 took 86.2s (3 recycles)
2026-07-23 11:30:14,104 alphafold2_ptm_model_3_seed_043 recycle=0 pLDDT=62.2 pTM=0.471
2026-07-23 11:30:35,721 alphafold2_ptm_model_3_seed_043 recycle=1 pLDDT=65.6 pTM=0.501 tol=1.07
2026-07-23 11:30:57,694 alphafold2_ptm_model_3_seed_043 recycle=2 pLDDT=64.1 pTM=0.491 tol=0.703
2026-07-23 11:31:19,848 alphafold2_ptm_model_3_seed_043 recycle=3 pLDDT=63.9 pTM=0.49 tol=0.277
2026-07-23 11:31:19,850 alphafold2_ptm_model_3_seed_043 took 87.2s (3 recycles)
2026-07-23 11:31:41,565 alphafold2_ptm_model_4_seed_043 recycle=0 pLDDT=65 pTM=0.519
2026-07-23 11:32:02,848 alphafold2_ptm_model_4_seed_043 recycle=1 pLDDT=65.5 pTM=0.521 tol=0.86
2026-07-23 11:32:24,035 alphafold2_ptm_model_4_seed_043 recycle=2 pLDDT=64.6 pTM=0.515 tol=1.21
2026-07-23 11:32:45,586 alphafold2_ptm_model_4_seed_043 recycle=3 pLDDT=64.2 pTM=0.509 tol=0.289
2026-07-23 11:32:45,586 alphafold2_ptm_model_4_seed_043 took 85.7s (3 recycles)
2026-07-23 11:33:07,104 alphafold2_ptm_model_5_seed_043 recycle=0 pLDDT=67.4 pTM=0.52
2026-07-23 11:33:30,010 alphafold2_ptm_model_5_seed_043 recycle=1 pLDDT=66.7 pTM=0.516 tol=3.52
2026-07-23 11:33:52,402 alphafold2_ptm_model_5_seed_043 recycle=2 pLDDT=66.8 pTM=0.521 tol=0.923
2026-07-23 11:34:13,974 alphafold2_ptm_model_5_seed_043 recycle=3 pLDDT=66.9 pTM=0.519 tol=1.08
2026-07-23 11:34:13,975 alphafold2_ptm_model_5_seed_043 took 88.3s (3 recycles)
2026-07-23 11:34:37,645 alphafold2_ptm_model_1_seed_044 recycle=0 pLDDT=62.9 pTM=0.48
2026-07-23 11:35:00,161 alphafold2_ptm_model_1_seed_044 recycle=1 pLDDT=67.9 pTM=0.52 tol=1.39
2026-07-23 11:35:22,873 alphafold2_ptm_model_1_seed_044 recycle=2 pLDDT=67.9 pTM=0.525 tol=1.36
2026-07-23 11:35:45,456 alphafold2_ptm_model_1_seed_044 recycle=3 pLDDT=68 pTM=0.528 tol=1.73
2026-07-23 11:35:45,459 alphafold2_ptm_model_1_seed_044 took 90.3s (3 recycles)
2026-07-23 11:36:08,319 alphafold2_ptm_model_2_seed_044 recycle=0 pLDDT=62.5 pTM=0.496
2026-07-23 11:36:30,415 alphafold2_ptm_model_2_seed_044 recycle=1 pLDDT=67.9 pTM=0.526 tol=2.21
2026-07-23 11:36:52,148 alphafold2_ptm_model_2_seed_044 recycle=2 pLDDT=68.1 pTM=0.527 tol=3.89
2026-07-23 11:37:15,121 alphafold2_ptm_model_2_seed_044 recycle=3 pLDDT=68.9 pTM=0.533 tol=1.7
2026-07-23 11:37:15,122 alphafold2_ptm_model_2_seed_044 took 89.6s (3 recycles)
2026-07-23 11:37:37,210 alphafold2_ptm_model_3_seed_044 recycle=0 pLDDT=62.9 pTM=0.471
2026-07-23 11:37:59,351 alphafold2_ptm_model_3_seed_044 recycle=1 pLDDT=64.9 pTM=0.493 tol=0.619
2026-07-23 11:38:21,629 alphafold2_ptm_model_3_seed_044 recycle=2 pLDDT=63.9 pTM=0.49 tol=0.884
2026-07-23 11:38:43,232 alphafold2_ptm_model_3_seed_044 recycle=3 pLDDT=64 pTM=0.49 tol=0.944
2026-07-23 11:38:43,234 alphafold2_ptm_model_3_seed_044 took 88.0s (3 recycles)
2026-07-23 11:39:04,913 alphafold2_ptm_model_4_seed_044 recycle=0 pLDDT=64.6 pTM=0.522
2026-07-23 11:39:27,784 alphafold2_ptm_model_4_seed_044 recycle=1 pLDDT=64.9 pTM=0.515 tol=1.01
2026-07-23 11:39:50,300 alphafold2_ptm_model_4_seed_044 recycle=2 pLDDT=64.1 pTM=0.51 tol=1.05
2026-07-23 11:40:12,902 alphafold2_ptm_model_4_seed_044 recycle=3 pLDDT=63.7 pTM=0.506 tol=0.239
2026-07-23 11:40:12,902 alphafold2_ptm_model_4_seed_044 took 89.6s (3 recycles)
2026-07-23 11:40:35,947 alphafold2_ptm_model_5_seed_044 recycle=0 pLDDT=67.4 pTM=0.517
2026-07-23 11:40:57,810 alphafold2_ptm_model_5_seed_044 recycle=1 pLDDT=67.7 pTM=0.528 tol=3.29
2026-07-23 11:41:19,783 alphafold2_ptm_model_5_seed_044 recycle=2 pLDDT=67.3 pTM=0.524 tol=1.09
2026-07-23 11:41:42,296 alphafold2_ptm_model_5_seed_044 recycle=3 pLDDT=66.9 pTM=0.519 tol=1.02
2026-07-23 11:41:42,297 alphafold2_ptm_model_5_seed_044 took 89.3s (3 recycles)
2026-07-23 11:41:42,334 reranking models by 'plddt' metric
2026-07-23 11:41:42,334 rank_001_alphafold2_ptm_model_2_seed_042 pLDDT=69.1 pTM=0.534
2026-07-23 11:41:42,336 rank_002_alphafold2_ptm_model_2_seed_043 pLDDT=68.9 pTM=0.532
2026-07-23 11:41:42,338 rank_003_alphafold2_ptm_model_2_seed_044 pLDDT=68.9 pTM=0.533
2026-07-23 11:41:42,339 rank_004_alphafold2_ptm_model_1_seed_042 pLDDT=68.2 pTM=0.531
2026-07-23 11:41:42,341 rank_005_alphafold2_ptm_model_1_seed_044 pLDDT=68 pTM=0.528
2026-07-23 11:41:42,343 rank_006_alphafold2_ptm_model_1_seed_043 pLDDT=67.3 pTM=0.52
2026-07-23 11:41:42,344 rank_007_alphafold2_ptm_model_5_seed_042 pLDDT=67.2 pTM=0.52
2026-07-23 11:41:42,346 rank_008_alphafold2_ptm_model_5_seed_043 pLDDT=66.9 pTM=0.519
2026-07-23 11:41:42,347 rank_009_alphafold2_ptm_model_5_seed_044 pLDDT=66.9 pTM=0.519
2026-07-23 11:41:42,349 rank_010_alphafold2_ptm_model_4_seed_042 pLDDT=65.4 pTM=0.516
2026-07-23 11:41:42,350 rank_011_alphafold2_ptm_model_3_seed_042 pLDDT=64.6 pTM=0.495
2026-07-23 11:41:42,352 rank_012_alphafold2_ptm_model_4_seed_043 pLDDT=64.2 pTM=0.509
2026-07-23 11:41:42,353 rank_013_alphafold2_ptm_model_3_seed_044 pLDDT=64 pTM=0.49
2026-07-23 11:41:42,354 rank_014_alphafold2_ptm_model_3_seed_043 pLDDT=63.9 pTM=0.49
2026-07-23 11:41:42,356 rank_015_alphafold2_ptm_model_4_seed_044 pLDDT=63.7 pTM=0.506
2026-07-23 11:41:45,148 Query 60/586: 5KPE_2_6_2_0_combined_id0 (length 108)
2026-07-23 11:42:09,432 alphafold2_ptm_model_1_seed_042 recycle=0 pLDDT=57.7 pTM=0.495
2026-07-23 11:42:31,436 alphafold2_ptm_model_1_seed_042 recycle=1 pLDDT=84.8 pTM=0.708 tol=5.98
2026-07-23 11:42:53,375 alphafold2_ptm_model_1_seed_042 recycle=2 pLDDT=87.3 pTM=0.72 tol=0.263
2026-07-23 11:43:15,309 alphafold2_ptm_model_1_seed_042 recycle=3 pLDDT=88.2 pTM=0.721 tol=0.0681
2026-07-23 11:43:15,309 alphafold2_ptm_model_1_seed_042 took 88.5s (3 recycles)
2026-07-23 11:43:37,475 alphafold2_ptm_model_2_seed_042 recycle=0 pLDDT=87.2 pTM=0.725
2026-07-23 11:43:59,747 alphafold2_ptm_model_2_seed_042 recycle=1 pLDDT=87.6 pTM=0.722 tol=0.659
2026-07-23 11:44:21,842 alphafold2_ptm_model_2_seed_042 recycle=2 pLDDT=89.1 pTM=0.741 tol=0.218
2026-07-23 11:44:43,898 alphafold2_ptm_model_2_seed_042 recycle=3 pLDDT=88.5 pTM=0.73 tol=0.113
2026-07-23 11:44:43,899 alphafold2_ptm_model_2_seed_042 took 88.5s (3 recycles)
2026-07-23 11:45:06,395 alphafold2_ptm_model_3_seed_042 recycle=0 pLDDT=65.1 pTM=0.509
2026-07-23 11:45:29,151 alphafold2_ptm_model_3_seed_042 recycle=1 pLDDT=81.4 pTM=0.646 tol=1.66
2026-07-23 11:45:51,424 alphafold2_ptm_model_3_seed_042 recycle=2 pLDDT=83.4 pTM=0.657 tol=0.29
2026-07-23 11:46:13,983 alphafold2_ptm_model_3_seed_042 recycle=3 pLDDT=85.4 pTM=0.672 tol=0.141
2026-07-23 11:46:13,984 alphafold2_ptm_model_3_seed_042 took 90.0s (3 recycles)
2026-07-23 11:46:36,297 alphafold2_ptm_model_4_seed_042 recycle=0 pLDDT=68.6 pTM=0.556
2026-07-23 11:46:58,999 alphafold2_ptm_model_4_seed_042 recycle=1 pLDDT=85.4 pTM=0.701 tol=3.5
2026-07-23 11:47:21,282 alphafold2_ptm_model_4_seed_042 recycle=2 pLDDT=88.4 pTM=0.737 tol=0.294
2026-07-23 11:47:43,692 alphafold2_ptm_model_4_seed_042 recycle=3 pLDDT=89 pTM=0.743 tol=0.0545
2026-07-23 11:47:43,692 alphafold2_ptm_model_4_seed_042 took 89.7s (3 recycles)
2026-07-23 11:48:06,041 alphafold2_ptm_model_5_seed_042 recycle=0 pLDDT=63.6 pTM=0.531
2026-07-23 11:48:28,540 alphafold2_ptm_model_5_seed_042 recycle=1 pLDDT=82.2 pTM=0.666 tol=2.27
2026-07-23 11:48:50,960 alphafold2_ptm_model_5_seed_042 recycle=2 pLDDT=86.7 pTM=0.704 tol=0.298
2026-07-23 11:49:13,692 alphafold2_ptm_model_5_seed_042 recycle=3 pLDDT=87.7 pTM=0.708 tol=0.0741
2026-07-23 11:49:13,693 alphafold2_ptm_model_5_seed_042 took 89.9s (3 recycles)
2026-07-23 11:49:37,001 alphafold2_ptm_model_1_seed_043 recycle=0 pLDDT=63.8 pTM=0.518
2026-07-23 11:49:59,068 alphafold2_ptm_model_1_seed_043 recycle=1 pLDDT=84.8 pTM=0.696 tol=3.71
2026-07-23 11:50:21,517 alphafold2_ptm_model_1_seed_043 recycle=2 pLDDT=87.4 pTM=0.709 tol=0.254
2026-07-23 11:50:43,722 alphafold2_ptm_model_1_seed_043 recycle=3 pLDDT=87.6 pTM=0.705 tol=0.0799
2026-07-23 11:50:43,723 alphafold2_ptm_model_1_seed_043 took 89.2s (3 recycles)
2026-07-23 11:51:06,430 alphafold2_ptm_model_2_seed_043 recycle=0 pLDDT=86.4 pTM=0.711
2026-07-23 11:51:28,357 alphafold2_ptm_model_2_seed_043 recycle=1 pLDDT=86.9 pTM=0.715 tol=0.713
2026-07-23 11:51:49,968 alphafold2_ptm_model_2_seed_043 recycle=2 pLDDT=88.9 pTM=0.74 tol=0.315
2026-07-23 11:52:12,608 alphafold2_ptm_model_2_seed_043 recycle=3 pLDDT=88.3 pTM=0.728 tol=0.107
2026-07-23 11:52:12,608 alphafold2_ptm_model_2_seed_043 took 88.8s (3 recycles)
2026-07-23 11:52:34,531 alphafold2_ptm_model_3_seed_043 recycle=0 pLDDT=66.4 pTM=0.525
2026-07-23 11:52:56,903 alphafold2_ptm_model_3_seed_043 recycle=1 pLDDT=82.2 pTM=0.653 tol=1.51
2026-07-23 11:53:19,197 alphafold2_ptm_model_3_seed_043 recycle=2 pLDDT=83.8 pTM=0.661 tol=0.307
2026-07-23 11:53:41,257 alphafold2_ptm_model_3_seed_043 recycle=3 pLDDT=84.8 pTM=0.674 tol=0.114
2026-07-23 11:53:41,258 alphafold2_ptm_model_3_seed_043 took 88.6s (3 recycles)
2026-07-23 11:54:03,774 alphafold2_ptm_model_4_seed_043 recycle=0 pLDDT=68.6 pTM=0.561
2026-07-23 11:54:25,723 alphafold2_ptm_model_4_seed_043 recycle=1 pLDDT=84.9 pTM=0.695 tol=3.67
2026-07-23 11:54:48,126 alphafold2_ptm_model_4_seed_043 recycle=2 pLDDT=88.3 pTM=0.736 tol=0.31
2026-07-23 11:55:10,761 alphafold2_ptm_model_4_seed_043 recycle=3 pLDDT=89.1 pTM=0.745 tol=0.0778
2026-07-23 11:55:10,761 alphafold2_ptm_model_4_seed_043 took 89.4s (3 recycles)
2026-07-23 11:55:33,205 alphafold2_ptm_model_5_seed_043 recycle=0 pLDDT=62 pTM=0.518
2026-07-23 11:55:55,200 alphafold2_ptm_model_5_seed_043 recycle=1 pLDDT=83.3 pTM=0.681 tol=2.23
2026-07-23 11:56:17,750 alphafold2_ptm_model_5_seed_043 recycle=2 pLDDT=87.1 pTM=0.707 tol=0.305
2026-07-23 11:56:39,963 alphafold2_ptm_model_5_seed_043 recycle=3 pLDDT=88 pTM=0.708 tol=0.0727
2026-07-23 11:56:39,964 alphafold2_ptm_model_5_seed_043 took 89.1s (3 recycles)
2026-07-23 11:57:02,739 alphafold2_ptm_model_1_seed_044 recycle=0 pLDDT=58.6 pTM=0.497
2026-07-23 11:57:25,194 alphafold2_ptm_model_1_seed_044 recycle=1 pLDDT=84.6 pTM=0.701 tol=4.78
2026-07-23 11:57:47,120 alphafold2_ptm_model_1_seed_044 recycle=2 pLDDT=85.9 pTM=0.698 tol=0.265
2026-07-23 11:58:09,053 alphafold2_ptm_model_1_seed_044 recycle=3 pLDDT=86.6 pTM=0.695 tol=0.0952
2026-07-23 11:58:09,053 alphafold2_ptm_model_1_seed_044 took 88.3s (3 recycles)
2026-07-23 11:58:30,697 alphafold2_ptm_model_2_seed_044 recycle=0 pLDDT=86.4 pTM=0.713
2026-07-23 11:58:52,258 alphafold2_ptm_model_2_seed_044 recycle=1 pLDDT=87.2 pTM=0.719 tol=0.651
2026-07-23 11:59:13,923 alphafold2_ptm_model_2_seed_044 recycle=2 pLDDT=89.1 pTM=0.743 tol=0.27
2026-07-23 11:59:35,573 alphafold2_ptm_model_2_seed_044 recycle=3 pLDDT=88.4 pTM=0.73 tol=0.0947
2026-07-23 11:59:35,573 alphafold2_ptm_model_2_seed_044 took 86.5s (3 recycles)
2026-07-23 11:59:57,938 alphafold2_ptm_model_3_seed_044 recycle=0 pLDDT=66.3 pTM=0.527
2026-07-23 12:00:20,177 alphafold2_ptm_model_3_seed_044 recycle=1 pLDDT=82 pTM=0.647 tol=1.66
2026-07-23 12:00:41,999 alphafold2_ptm_model_3_seed_044 recycle=2 pLDDT=83.9 pTM=0.661 tol=0.311
2026-07-23 12:01:04,151 alphafold2_ptm_model_3_seed_044 recycle=3 pLDDT=84.9 pTM=0.678 tol=0.102
2026-07-23 12:01:04,152 alphafold2_ptm_model_3_seed_044 took 88.5s (3 recycles)
2026-07-23 12:01:26,139 alphafold2_ptm_model_4_seed_044 recycle=0 pLDDT=67.4 pTM=0.547
2026-07-23 12:01:49,088 alphafold2_ptm_model_4_seed_044 recycle=1 pLDDT=85.3 pTM=0.696 tol=3.49
2026-07-23 12:02:10,621 alphafold2_ptm_model_4_seed_044 recycle=2 pLDDT=88.4 pTM=0.737 tol=0.28
2026-07-23 12:02:32,303 alphafold2_ptm_model_4_seed_044 recycle=3 pLDDT=89 pTM=0.743 tol=0.0626
2026-07-23 12:02:32,303 alphafold2_ptm_model_4_seed_044 took 88.1s (3 recycles)
2026-07-23 12:02:54,320 alphafold2_ptm_model_5_seed_044 recycle=0 pLDDT=58.3 pTM=0.496
2026-07-23 12:03:16,172 alphafold2_ptm_model_5_seed_044 recycle=1 pLDDT=62.3 pTM=0.531 tol=6.31
2026-07-23 12:03:38,301 alphafold2_ptm_model_5_seed_044 recycle=2 pLDDT=83.6 pTM=0.675 tol=1.47
2026-07-23 12:04:00,261 alphafold2_ptm_model_5_seed_044 recycle=3 pLDDT=86 pTM=0.686 tol=0.267
2026-07-23 12:04:00,262 alphafold2_ptm_model_5_seed_044 took 87.9s (3 recycles)
2026-07-23 12:04:00,353 reranking models by 'plddt' metric
2026-07-23 12:04:00,353 rank_001_alphafold2_ptm_model_4_seed_043 pLDDT=89.1 pTM=0.745
2026-07-23 12:04:00,357 rank_002_alphafold2_ptm_model_4_seed_044 pLDDT=89 pTM=0.743
2026-07-23 12:04:00,358 rank_003_alphafold2_ptm_model_4_seed_042 pLDDT=89 pTM=0.743
2026-07-23 12:04:00,361 rank_004_alphafold2_ptm_model_2_seed_042 pLDDT=88.5 pTM=0.73
2026-07-23 12:04:00,364 rank_005_alphafold2_ptm_model_2_seed_044 pLDDT=88.4 pTM=0.73
2026-07-23 12:04:00,366 rank_006_alphafold2_ptm_model_2_seed_043 pLDDT=88.3 pTM=0.728
2026-07-23 12:04:00,368 rank_007_alphafold2_ptm_model_1_seed_042 pLDDT=88.2 pTM=0.721
2026-07-23 12:04:00,370 rank_008_alphafold2_ptm_model_5_seed_043 pLDDT=88 pTM=0.708
2026-07-23 12:04:00,372 rank_009_alphafold2_ptm_model_5_seed_042 pLDDT=87.7 pTM=0.708
2026-07-23 12:04:00,374 rank_010_alphafold2_ptm_model_1_seed_043 pLDDT=87.6 pTM=0.705
2026-07-23 12:04:00,376 rank_011_alphafold2_ptm_model_1_seed_044 pLDDT=86.6 pTM=0.695
2026-07-23 12:04:00,377 rank_012_alphafold2_ptm_model_5_seed_044 pLDDT=86 pTM=0.686
2026-07-23 12:04:00,379 rank_013_alphafold2_ptm_model_3_seed_042 pLDDT=85.4 pTM=0.672
2026-07-23 12:04:00,381 rank_014_alphafold2_ptm_model_3_seed_044 pLDDT=84.9 pTM=0.678
2026-07-23 12:04:00,382 rank_015_alphafold2_ptm_model_3_seed_043 pLDDT=84.8 pTM=0.674
2026-07-23 12:04:02,901 Skipping 5KPE_2_6_2_0_combined_id3 (already done)
2026-07-23 12:04:02,901 Query 62/586: 5KPE_2_8_3_0_combined_id1 (length 108)
2026-07-23 12:04:26,491 alphafold2_ptm_model_1_seed_042 recycle=0 pLDDT=73.4 pTM=0.571
2026-07-23 12:04:48,271 alphafold2_ptm_model_1_seed_042 recycle=1 pLDDT=89.3 pTM=0.736 tol=0.655
2026-07-23 12:05:10,316 alphafold2_ptm_model_1_seed_042 recycle=2 pLDDT=90.1 pTM=0.75 tol=0.0967
2026-07-23 12:05:32,334 alphafold2_ptm_model_1_seed_042 recycle=3 pLDDT=90.2 pTM=0.751 tol=0.0336
2026-07-23 12:05:32,335 alphafold2_ptm_model_1_seed_042 took 87.6s (3 recycles)
2026-07-23 12:05:53,917 alphafold2_ptm_model_2_seed_042 recycle=0 pLDDT=74.1 pTM=0.57
2026-07-23 12:06:15,643 alphafold2_ptm_model_2_seed_042 recycle=1 pLDDT=89.9 pTM=0.757 tol=0.77
2026-07-23 12:06:37,317 alphafold2_ptm_model_2_seed_042 recycle=2 pLDDT=91.2 pTM=0.78 tol=0.15
2026-07-23 12:06:59,350 alphafold2_ptm_model_2_seed_042 recycle=3 pLDDT=91.3 pTM=0.784 tol=0.0408
2026-07-23 12:06:59,355 alphafold2_ptm_model_2_seed_042 took 87.0s (3 recycles)
2026-07-23 12:07:21,240 alphafold2_ptm_model_3_seed_042 recycle=0 pLDDT=71.1 pTM=0.525
2026-07-23 12:07:43,055 alphafold2_ptm_model_3_seed_042 recycle=1 pLDDT=87.3 pTM=0.699 tol=1.09
2026-07-23 12:08:04,761 alphafold2_ptm_model_3_seed_042 recycle=2 pLDDT=88.6 pTM=0.715 tol=0.124
2026-07-23 12:08:26,625 alphafold2_ptm_model_3_seed_042 recycle=3 pLDDT=89.3 pTM=0.73 tol=0.0696
2026-07-23 12:08:26,628 alphafold2_ptm_model_3_seed_042 took 87.2s (3 recycles)
2026-07-23 12:08:48,402 alphafold2_ptm_model_4_seed_042 recycle=0 pLDDT=69.9 pTM=0.536
2026-07-23 12:09:10,167 alphafold2_ptm_model_4_seed_042 recycle=1 pLDDT=85.8 pTM=0.691 tol=1.29
2026-07-23 12:09:31,835 alphafold2_ptm_model_4_seed_042 recycle=2 pLDDT=88.5 pTM=0.741 tol=0.145
2026-07-23 12:09:53,158 alphafold2_ptm_model_4_seed_042 recycle=3 pLDDT=88.9 pTM=0.747 tol=0.0579
2026-07-23 12:09:53,159 alphafold2_ptm_model_4_seed_042 took 86.5s (3 recycles)
2026-07-23 12:10:15,127 alphafold2_ptm_model_5_seed_042 recycle=0 pLDDT=68.9 pTM=0.538
2026-07-23 12:10:37,104 alphafold2_ptm_model_5_seed_042 recycle=1 pLDDT=84.2 pTM=0.648 tol=1.23
2026-07-23 12:10:59,175 alphafold2_ptm_model_5_seed_042 recycle=2 pLDDT=88.7 pTM=0.697 tol=0.329
2026-07-23 12:11:21,075 alphafold2_ptm_model_5_seed_042 recycle=3 pLDDT=89.1 pTM=0.701 tol=0.0556
2026-07-23 12:11:21,076 alphafold2_ptm_model_5_seed_042 took 87.8s (3 recycles)
2026-07-23 12:11:43,971 alphafold2_ptm_model_1_seed_043 recycle=0 pLDDT=72.4 pTM=0.562
2026-07-23 12:12:05,690 alphafold2_ptm_model_1_seed_043 recycle=1 pLDDT=89.7 pTM=0.743 tol=0.765
2026-07-23 12:12:28,186 alphafold2_ptm_model_1_seed_043 recycle=2 pLDDT=90.2 pTM=0.753 tol=0.0928
2026-07-23 12:12:50,301 alphafold2_ptm_model_1_seed_043 recycle=3 pLDDT=90.2 pTM=0.755 tol=0.0374
2026-07-23 12:12:50,303 alphafold2_ptm_model_1_seed_043 took 88.4s (3 recycles)
2026-07-23 12:13:12,489 alphafold2_ptm_model_2_seed_043 recycle=0 pLDDT=74.8 pTM=0.573
2026-07-23 12:13:34,427 alphafold2_ptm_model_2_seed_043 recycle=1 pLDDT=90.1 pTM=0.759 tol=0.699
2026-07-23 12:13:56,015 alphafold2_ptm_model_2_seed_043 recycle=2 pLDDT=91.4 pTM=0.785 tol=0.138
2026-07-23 12:14:18,705 alphafold2_ptm_model_2_seed_043 recycle=3 pLDDT=91.5 pTM=0.788 tol=0.0352
2026-07-23 12:14:18,706 alphafold2_ptm_model_2_seed_043 took 88.3s (3 recycles)
2026-07-23 12:14:44,850 alphafold2_ptm_model_3_seed_043 recycle=0 pLDDT=71.8 pTM=0.537
2026-07-23 12:15:09,173 alphafold2_ptm_model_3_seed_043 recycle=1 pLDDT=87.4 pTM=0.7 tol=1.1
2026-07-23 12:15:30,499 alphafold2_ptm_model_3_seed_043 recycle=2 pLDDT=88.7 pTM=0.716 tol=0.12
2026-07-23 12:15:52,372 alphafold2_ptm_model_3_seed_043 recycle=3 pLDDT=89.3 pTM=0.73 tol=0.0543
2026-07-23 12:15:52,373 alphafold2_ptm_model_3_seed_043 took 93.6s (3 recycles)
2026-07-23 12:16:14,195 alphafold2_ptm_model_4_seed_043 recycle=0 pLDDT=69.8 pTM=0.54
2026-07-23 12:16:35,955 alphafold2_ptm_model_4_seed_043 recycle=1 pLDDT=85.9 pTM=0.683 tol=1.28
2026-07-23 12:16:58,004 alphafold2_ptm_model_4_seed_043 recycle=2 pLDDT=89.1 pTM=0.745 tol=0.152
2026-07-23 12:17:19,482 alphafold2_ptm_model_4_seed_043 recycle=3 pLDDT=89.4 pTM=0.751 tol=0.086
2026-07-23 12:17:19,483 alphafold2_ptm_model_4_seed_043 took 87.0s (3 recycles)
2026-07-23 12:17:46,774 alphafold2_ptm_model_5_seed_043 recycle=0 pLDDT=69.6 pTM=0.542
2026-07-23 12:18:13,277 alphafold2_ptm_model_5_seed_043 recycle=1 pLDDT=86.6 pTM=0.671 tol=1.25
2026-07-23 12:18:35,366 alphafold2_ptm_model_5_seed_043 recycle=2 pLDDT=89.2 pTM=0.704 tol=0.248
2026-07-23 12:18:57,581 alphafold2_ptm_model_5_seed_043 recycle=3 pLDDT=89.4 pTM=0.706 tol=0.0579
2026-07-23 12:18:57,582 alphafold2_ptm_model_5_seed_043 took 98.0s (3 recycles)
2026-07-23 12:19:21,160 alphafold2_ptm_model_1_seed_044 recycle=0 pLDDT=69.2 pTM=0.541
2026-07-23 12:19:43,726 alphafold2_ptm_model_1_seed_044 recycle=1 pLDDT=88.1 pTM=0.721 tol=1.05
2026-07-23 12:20:06,379 alphafold2_ptm_model_1_seed_044 recycle=2 pLDDT=90 pTM=0.736 tol=0.205
2026-07-23 12:20:28,754 alphafold2_ptm_model_1_seed_044 recycle=3 pLDDT=90.2 pTM=0.742 tol=0.0455
2026-07-23 12:20:28,754 alphafold2_ptm_model_1_seed_044 took 89.9s (3 recycles)
2026-07-23 12:20:56,026 alphafold2_ptm_model_2_seed_044 recycle=0 pLDDT=72.1 pTM=0.551
2026-07-23 12:21:23,173 alphafold2_ptm_model_2_seed_044 recycle=1 pLDDT=89.1 pTM=0.741 tol=0.941
2026-07-23 12:21:46,614 alphafold2_ptm_model_2_seed_044 recycle=2 pLDDT=91.1 pTM=0.776 tol=0.184
2026-07-23 12:22:09,705 alphafold2_ptm_model_2_seed_044 recycle=3 pLDDT=91.4 pTM=0.786 tol=0.0425
2026-07-23 12:22:09,706 alphafold2_ptm_model_2_seed_044 took 100.9s (3 recycles)
2026-07-23 12:22:32,698 alphafold2_ptm_model_3_seed_044 recycle=0 pLDDT=67.9 pTM=0.502
2026-07-23 12:22:55,084 alphafold2_ptm_model_3_seed_044 recycle=1 pLDDT=88.2 pTM=0.713 tol=1.88
2026-07-23 12:23:17,291 alphafold2_ptm_model_3_seed_044 recycle=2 pLDDT=89.1 pTM=0.722 tol=0.114
2026-07-23 12:23:39,741 alphafold2_ptm_model_3_seed_044 recycle=3 pLDDT=89.7 pTM=0.737 tol=0.054
2026-07-23 12:23:39,743 alphafold2_ptm_model_3_seed_044 took 89.9s (3 recycles)
2026-07-23 12:24:02,860 alphafold2_ptm_model_4_seed_044 recycle=0 pLDDT=69.4 pTM=0.53
2026-07-23 12:24:25,632 alphafold2_ptm_model_4_seed_044 recycle=1 pLDDT=80.9 pTM=0.631 tol=3.56
2026-07-23 12:24:48,428 alphafold2_ptm_model_4_seed_044 recycle=2 pLDDT=88.1 pTM=0.733 tol=0.365
2026-07-23 12:25:10,831 alphafold2_ptm_model_4_seed_044 recycle=3 pLDDT=88.8 pTM=0.741 tol=0.0893
2026-07-23 12:25:10,832 alphafold2_ptm_model_4_seed_044 took 91.0s (3 recycles)
2026-07-23 12:25:35,650 alphafold2_ptm_model_5_seed_044 recycle=0 pLDDT=68.9 pTM=0.559
2026-07-23 12:25:57,065 alphafold2_ptm_model_5_seed_044 recycle=1 pLDDT=76.2 pTM=0.585 tol=3.57
2026-07-23 12:26:18,811 alphafold2_ptm_model_5_seed_044 recycle=2 pLDDT=87.5 pTM=0.685 tol=0.654
2026-07-23 12:26:41,160 alphafold2_ptm_model_5_seed_044 recycle=3 pLDDT=88.5 pTM=0.694 tol=0.102
2026-07-23 12:26:41,161 alphafold2_ptm_model_5_seed_044 took 89.5s (3 recycles)
2026-07-23 12:26:41,228 reranking models by 'plddt' metric
2026-07-23 12:26:41,228 rank_001_alphafold2_ptm_model_2_seed_043 pLDDT=91.5 pTM=0.788
2026-07-23 12:26:41,232 rank_002_alphafold2_ptm_model_2_seed_044 pLDDT=91.4 pTM=0.786
2026-07-23 12:26:41,234 rank_003_alphafold2_ptm_model_2_seed_042 pLDDT=91.3 pTM=0.784
2026-07-23 12:26:41,237 rank_004_alphafold2_ptm_model_1_seed_044 pLDDT=90.2 pTM=0.742
2026-07-23 12:26:41,238 rank_005_alphafold2_ptm_model_1_seed_043 pLDDT=90.2 pTM=0.755
2026-07-23 12:26:41,240 rank_006_alphafold2_ptm_model_1_seed_042 pLDDT=90.2 pTM=0.751
2026-07-23 12:26:41,242 rank_007_alphafold2_ptm_model_3_seed_044 pLDDT=89.7 pTM=0.737
2026-07-23 12:26:41,244 rank_008_alphafold2_ptm_model_5_seed_043 pLDDT=89.4 pTM=0.706
2026-07-23 12:26:41,245 rank_009_alphafold2_ptm_model_4_seed_043 pLDDT=89.4 pTM=0.751
2026-07-23 12:26:41,247 rank_010_alphafold2_ptm_model_3_seed_043 pLDDT=89.3 pTM=0.73
2026-07-23 12:26:41,249 rank_011_alphafold2_ptm_model_3_seed_042 pLDDT=89.3 pTM=0.73
2026-07-23 12:26:41,251 rank_012_alphafold2_ptm_model_5_seed_042 pLDDT=89.1 pTM=0.701
2026-07-23 12:26:41,253 rank_013_alphafold2_ptm_model_4_seed_042 pLDDT=88.9 pTM=0.747
2026-07-23 12:26:41,255 rank_014_alphafold2_ptm_model_4_seed_044 pLDDT=88.8 pTM=0.741
2026-07-23 12:26:41,256 rank_015_alphafold2_ptm_model_5_seed_044 pLDDT=88.5 pTM=0.694
2026-07-23 12:26:44,280 Query 63/586: 5KPE_2_8_3_0_combined_id8 (length 108)
2026-07-23 12:27:08,149 alphafold2_ptm_model_1_seed_042 recycle=0 pLDDT=60.5 pTM=0.521
2026-07-23 12:27:30,465 alphafold2_ptm_model_1_seed_042 recycle=1 pLDDT=69.1 pTM=0.593 tol=1.17
2026-07-23 12:27:52,927 alphafold2_ptm_model_1_seed_042 recycle=2 pLDDT=71.4 pTM=0.612 tol=0.659
2026-07-23 12:28:15,368 alphafold2_ptm_model_1_seed_042 recycle=3 pLDDT=72.3 pTM=0.616 tol=0.257
2026-07-23 12:28:15,369 alphafold2_ptm_model_1_seed_042 took 89.4s (3 recycles)
2026-07-23 12:28:37,650 alphafold2_ptm_model_2_seed_042 recycle=0 pLDDT=60.4 pTM=0.518
2026-07-23 12:28:59,888 alphafold2_ptm_model_2_seed_042 recycle=1 pLDDT=64.5 pTM=0.548 tol=3.84
2026-07-23 12:29:22,303 alphafold2_ptm_model_2_seed_042 recycle=2 pLDDT=64.2 pTM=0.545 tol=1.78
2026-07-23 12:29:44,369 alphafold2_ptm_model_2_seed_042 recycle=3 pLDDT=65.1 pTM=0.548 tol=2.62
2026-07-23 12:29:44,370 alphafold2_ptm_model_2_seed_042 took 88.9s (3 recycles)
2026-07-23 12:30:06,720 alphafold2_ptm_model_3_seed_042 recycle=0 pLDDT=56.8 pTM=0.448
2026-07-23 12:30:28,466 alphafold2_ptm_model_3_seed_042 recycle=1 pLDDT=70.1 pTM=0.566 tol=1.72
2026-07-23 12:30:50,800 alphafold2_ptm_model_3_seed_042 recycle=2 pLDDT=71.1 pTM=0.587 tol=0.482
2026-07-23 12:31:12,613 alphafold2_ptm_model_3_seed_042 recycle=3 pLDDT=72.1 pTM=0.598 tol=0.276
2026-07-23 12:31:12,613 alphafold2_ptm_model_3_seed_042 took 88.1s (3 recycles)
2026-07-23 12:31:35,165 alphafold2_ptm_model_4_seed_042 recycle=0 pLDDT=64 pTM=0.542
2026-07-23 12:31:57,331 alphafold2_ptm_model_4_seed_042 recycle=1 pLDDT=75.6 pTM=0.649 tol=0.937
2026-07-23 12:32:19,929 alphafold2_ptm_model_4_seed_042 recycle=2 pLDDT=75.4 pTM=0.642 tol=0.31
2026-07-23 12:32:42,069 alphafold2_ptm_model_4_seed_042 recycle=3 pLDDT=76.6 pTM=0.648 tol=0.164
2026-07-23 12:32:42,070 alphafold2_ptm_model_4_seed_042 took 89.1s (3 recycles)
2026-07-23 12:33:04,497 alphafold2_ptm_model_5_seed_042 recycle=0 pLDDT=62.5 pTM=0.547
2026-07-23 12:33:27,044 alphafold2_ptm_model_5_seed_042 recycle=1 pLDDT=73.1 pTM=0.631 tol=1.42
2026-07-23 12:33:49,626 alphafold2_ptm_model_5_seed_042 recycle=2 pLDDT=77.1 pTM=0.655 tol=0.284
2026-07-23 12:34:12,120 alphafold2_ptm_model_5_seed_042 recycle=3 pLDDT=77.8 pTM=0.659 tol=0.146
2026-07-23 12:34:12,121 alphafold2_ptm_model_5_seed_042 took 90.0s (3 recycles)
2026-07-23 12:34:35,645 alphafold2_ptm_model_1_seed_043 recycle=0 pLDDT=60.3 pTM=0.522
2026-07-23 12:34:58,125 alphafold2_ptm_model_1_seed_043 recycle=1 pLDDT=70.9 pTM=0.611 tol=1.47
2026-07-23 12:35:20,509 alphafold2_ptm_model_1_seed_043 recycle=2 pLDDT=73.1 pTM=0.628 tol=0.638
2026-07-23 12:35:42,709 alphafold2_ptm_model_1_seed_043 recycle=3 pLDDT=73.5 pTM=0.624 tol=0.206
2026-07-23 12:35:42,710 alphafold2_ptm_model_1_seed_043 took 89.7s (3 recycles)
2026-07-23 12:36:05,472 alphafold2_ptm_model_2_seed_043 recycle=0 pLDDT=59.4 pTM=0.51
2026-07-23 12:36:28,207 alphafold2_ptm_model_2_seed_043 recycle=1 pLDDT=65.7 pTM=0.563 tol=1.69
2026-07-23 12:36:50,696 alphafold2_ptm_model_2_seed_043 recycle=2 pLDDT=68.5 pTM=0.594 tol=0.919
2026-07-23 12:37:12,959 alphafold2_ptm_model_2_seed_043 recycle=3 pLDDT=68.7 pTM=0.585 tol=0.16
2026-07-23 12:37:12,960 alphafold2_ptm_model_2_seed_043 took 90.1s (3 recycles)
2026-07-23 12:37:35,366 alphafold2_ptm_model_3_seed_043 recycle=0 pLDDT=58.8 pTM=0.463
2026-07-23 12:37:57,992 alphafold2_ptm_model_3_seed_043 recycle=1 pLDDT=70.3 pTM=0.576 tol=2.15
2026-07-23 12:38:20,328 alphafold2_ptm_model_3_seed_043 recycle=2 pLDDT=72.4 pTM=0.601 tol=0.416
2026-07-23 12:38:42,840 alphafold2_ptm_model_3_seed_043 recycle=3 pLDDT=73 pTM=0.605 tol=0.21
2026-07-23 12:38:42,842 alphafold2_ptm_model_3_seed_043 took 89.8s (3 recycles)
2026-07-23 12:39:05,599 alphafold2_ptm_model_4_seed_043 recycle=0 pLDDT=61.7 pTM=0.526
2026-07-23 12:39:27,833 alphafold2_ptm_model_4_seed_043 recycle=1 pLDDT=73.4 pTM=0.625 tol=1.6
2026-07-23 12:39:50,220 alphafold2_ptm_model_4_seed_043 recycle=2 pLDDT=74.6 pTM=0.633 tol=0.342
2026-07-23 12:40:12,716 alphafold2_ptm_model_4_seed_043 recycle=3 pLDDT=75.6 pTM=0.639 tol=0.158
2026-07-23 12:40:12,716 alphafold2_ptm_model_4_seed_043 took 89.8s (3 recycles)
2026-07-23 12:40:35,168 alphafold2_ptm_model_5_seed_043 recycle=0 pLDDT=63.3 pTM=0.558
2026-07-23 12:40:57,345 alphafold2_ptm_model_5_seed_043 recycle=1 pLDDT=74.2 pTM=0.646 tol=1.38
2026-07-23 12:41:19,696 alphafold2_ptm_model_5_seed_043 recycle=2 pLDDT=77.2 pTM=0.657 tol=0.244
2026-07-23 12:41:41,969 alphafold2_ptm_model_5_seed_043 recycle=3 pLDDT=77.5 pTM=0.659 tol=0.211
2026-07-23 12:41:41,970 alphafold2_ptm_model_5_seed_043 took 89.2s (3 recycles)
2026-07-23 12:42:05,311 alphafold2_ptm_model_1_seed_044 recycle=0 pLDDT=61.1 pTM=0.535
2026-07-23 12:42:27,344 alphafold2_ptm_model_1_seed_044 recycle=1 pLDDT=71.8 pTM=0.619 tol=1.7
2026-07-23 12:42:49,161 alphafold2_ptm_model_1_seed_044 recycle=2 pLDDT=73.5 pTM=0.628 tol=0.626
2026-07-23 12:43:11,479 alphafold2_ptm_model_1_seed_044 recycle=3 pLDDT=74 pTM=0.629 tol=0.13
2026-07-23 12:43:11,485 alphafold2_ptm_model_1_seed_044 took 88.5s (3 recycles)
2026-07-23 12:43:34,004 alphafold2_ptm_model_2_seed_044 recycle=0 pLDDT=59.9 pTM=0.515
2026-07-23 12:43:55,974 alphafold2_ptm_model_2_seed_044 recycle=1 pLDDT=63.8 pTM=0.544 tol=3.79
2026-07-23 12:44:18,150 alphafold2_ptm_model_2_seed_044 recycle=2 pLDDT=63.4 pTM=0.539 tol=2.67
2026-07-23 12:44:40,177 alphafold2_ptm_model_2_seed_044 recycle=3 pLDDT=66.2 pTM=0.556 tol=2.93
2026-07-23 12:44:40,178 alphafold2_ptm_model_2_seed_044 took 88.6s (3 recycles)
2026-07-23 12:45:02,339 alphafold2_ptm_model_3_seed_044 recycle=0 pLDDT=57.6 pTM=0.457
2026-07-23 12:45:24,429 alphafold2_ptm_model_3_seed_044 recycle=1 pLDDT=70.1 pTM=0.567 tol=1.4
2026-07-23 12:45:45,986 alphafold2_ptm_model_3_seed_044 recycle=2 pLDDT=71.6 pTM=0.589 tol=0.399
2026-07-23 12:46:08,095 alphafold2_ptm_model_3_seed_044 recycle=3 pLDDT=72.2 pTM=0.597 tol=0.185
2026-07-23 12:46:08,096 alphafold2_ptm_model_3_seed_044 took 87.8s (3 recycles)
2026-07-23 12:46:30,508 alphafold2_ptm_model_4_seed_044 recycle=0 pLDDT=60.3 pTM=0.513
2026-07-23 12:46:52,594 alphafold2_ptm_model_4_seed_044 recycle=1 pLDDT=72.6 pTM=0.619 tol=1.28
2026-07-23 12:47:14,880 alphafold2_ptm_model_4_seed_044 recycle=2 pLDDT=74.4 pTM=0.629 tol=0.324
2026-07-23 12:47:36,836 alphafold2_ptm_model_4_seed_044 recycle=3 pLDDT=75.7 pTM=0.639 tol=0.196
2026-07-23 12:47:36,837 alphafold2_ptm_model_4_seed_044 took 88.4s (3 recycles)
2026-07-23 12:47:59,157 alphafold2_ptm_model_5_seed_044 recycle=0 pLDDT=58.7 pTM=0.514
2026-07-23 12:48:21,818 alphafold2_ptm_model_5_seed_044 recycle=1 pLDDT=71.2 pTM=0.616 tol=1.44
2026-07-23 12:48:43,754 alphafold2_ptm_model_5_seed_044 recycle=2 pLDDT=75.9 pTM=0.647 tol=0.388
2026-07-23 12:49:05,617 alphafold2_ptm_model_5_seed_044 recycle=3 pLDDT=76.9 pTM=0.654 tol=0.221
2026-07-23 12:49:05,618 alphafold2_ptm_model_5_seed_044 took 88.6s (3 recycles)
2026-07-23 12:49:05,678 reranking models by 'plddt' metric
2026-07-23 12:49:05,678 rank_001_alphafold2_ptm_model_5_seed_042 pLDDT=77.8 pTM=0.659
2026-07-23 12:49:05,681 rank_002_alphafold2_ptm_model_5_seed_043 pLDDT=77.5 pTM=0.659
2026-07-23 12:49:05,685 rank_003_alphafold2_ptm_model_5_seed_044 pLDDT=76.9 pTM=0.654
2026-07-23 12:49:05,687 rank_004_alphafold2_ptm_model_4_seed_042 pLDDT=76.6 pTM=0.648
2026-07-23 12:49:05,690 rank_005_alphafold2_ptm_model_4_seed_044 pLDDT=75.7 pTM=0.639
2026-07-23 12:49:05,692 rank_006_alphafold2_ptm_model_4_seed_043 pLDDT=75.6 pTM=0.639
2026-07-23 12:49:05,695 rank_007_alphafold2_ptm_model_1_seed_044 pLDDT=74 pTM=0.629
2026-07-23 12:49:05,697 rank_008_alphafold2_ptm_model_1_seed_043 pLDDT=73.5 pTM=0.624
2026-07-23 12:49:05,699 rank_009_alphafold2_ptm_model_3_seed_043 pLDDT=73 pTM=0.605
2026-07-23 12:49:05,702 rank_010_alphafold2_ptm_model_1_seed_042 pLDDT=72.3 pTM=0.616
2026-07-23 12:49:05,704 rank_011_alphafold2_ptm_model_3_seed_044 pLDDT=72.2 pTM=0.597
2026-07-23 12:49:05,706 rank_012_alphafold2_ptm_model_3_seed_042 pLDDT=72.1 pTM=0.598
2026-07-23 12:49:05,707 rank_013_alphafold2_ptm_model_2_seed_043 pLDDT=68.7 pTM=0.585
2026-07-23 12:49:05,708 rank_014_alphafold2_ptm_model_2_seed_044 pLDDT=66.2 pTM=0.556
2026-07-23 12:49:05,710 rank_015_alphafold2_ptm_model_2_seed_042 pLDDT=65.1 pTM=0.548
2026-07-23 12:49:08,770 Query 64/586: 5KPE_2_8_3_0_combined_id9 (length 108)
2026-07-23 12:49:32,543 alphafold2_ptm_model_1_seed_042 recycle=0 pLDDT=59.9 pTM=0.47
2026-07-23 12:49:54,879 alphafold2_ptm_model_1_seed_042 recycle=1 pLDDT=82.6 pTM=0.645 tol=5.81
2026-07-23 12:50:17,137 alphafold2_ptm_model_1_seed_042 recycle=2 pLDDT=90.1 pTM=0.745 tol=0.452
2026-07-23 12:50:38,513 alphafold2_ptm_model_1_seed_042 recycle=3 pLDDT=91.3 pTM=0.769 tol=0.118
2026-07-23 12:50:38,513 alphafold2_ptm_model_1_seed_042 took 88.0s (3 recycles)
2026-07-23 12:51:00,486 alphafold2_ptm_model_2_seed_042 recycle=0 pLDDT=57.4 pTM=0.462
2026-07-23 12:51:22,905 alphafold2_ptm_model_2_seed_042 recycle=1 pLDDT=59.3 pTM=0.53 tol=6.11
2026-07-23 12:51:45,090 alphafold2_ptm_model_2_seed_042 recycle=2 pLDDT=85.8 pTM=0.681 tol=5.22
2026-07-23 12:52:06,957 alphafold2_ptm_model_2_seed_042 recycle=3 pLDDT=91.4 pTM=0.788 tol=0.383
2026-07-23 12:52:06,961 alphafold2_ptm_model_2_seed_042 took 88.4s (3 recycles)
2026-07-23 12:52:28,887 alphafold2_ptm_model_3_seed_042 recycle=0 pLDDT=74 pTM=0.539
2026-07-23 12:52:50,575 alphafold2_ptm_model_3_seed_042 recycle=1 pLDDT=89.4 pTM=0.742 tol=0.848
2026-07-23 12:53:12,155 alphafold2_ptm_model_3_seed_042 recycle=2 pLDDT=90.9 pTM=0.766 tol=0.149
2026-07-23 12:53:33,902 alphafold2_ptm_model_3_seed_042 recycle=3 pLDDT=91.6 pTM=0.789 tol=0.0533
2026-07-23 12:53:33,902 alphafold2_ptm_model_3_seed_042 took 86.8s (3 recycles)
2026-07-23 12:53:56,079 alphafold2_ptm_model_4_seed_042 recycle=0 pLDDT=63.4 pTM=0.451
2026-07-23 12:54:16,278 alphafold2_ptm_model_4_seed_042 recycle=1 pLDDT=78.6 pTM=0.593 tol=2.44
2026-07-23 12:54:36,561 alphafold2_ptm_model_4_seed_042 recycle=2 pLDDT=87.5 pTM=0.709 tol=0.855
2026-07-23 12:54:57,259 alphafold2_ptm_model_4_seed_042 recycle=3 pLDDT=89.7 pTM=0.756 tol=0.249
2026-07-23 12:54:57,260 alphafold2_ptm_model_4_seed_042 took 83.3s (3 recycles)
2026-07-23 12:55:20,248 alphafold2_ptm_model_5_seed_042 recycle=0 pLDDT=58.2 pTM=0.341
2026-07-23 12:55:43,236 alphafold2_ptm_model_5_seed_042 recycle=1 pLDDT=53 pTM=0.322 tol=1.02
2026-07-23 12:56:04,283 alphafold2_ptm_model_5_seed_042 recycle=2 pLDDT=50.4 pTM=0.329 tol=4.86
2026-07-23 12:56:25,619 alphafold2_ptm_model_5_seed_042 recycle=3 pLDDT=66.9 pTM=0.46 tol=5.2
2026-07-23 12:56:25,619 alphafold2_ptm_model_5_seed_042 took 87.6s (3 recycles)
2026-07-23 12:56:49,026 alphafold2_ptm_model_1_seed_043 recycle=0 pLDDT=57.9 pTM=0.46
2026-07-23 12:57:10,900 alphafold2_ptm_model_1_seed_043 recycle=1 pLDDT=80.4 pTM=0.621 tol=5.61
2026-07-23 12:57:32,672 alphafold2_ptm_model_1_seed_043 recycle=2 pLDDT=89.9 pTM=0.742 tol=0.541
2026-07-23 12:57:54,867 alphafold2_ptm_model_1_seed_043 recycle=3 pLDDT=91.1 pTM=0.765 tol=0.109
2026-07-23 12:57:54,868 alphafold2_ptm_model_1_seed_043 took 87.9s (3 recycles)
2026-07-23 12:58:17,427 alphafold2_ptm_model_2_seed_043 recycle=0 pLDDT=56.4 pTM=0.461
2026-07-23 12:58:39,413 alphafold2_ptm_model_2_seed_043 recycle=1 pLDDT=67.5 pTM=0.555 tol=6.99
2026-07-23 12:59:01,679 alphafold2_ptm_model_2_seed_043 recycle=2 pLDDT=91 pTM=0.778 tol=1.41
2026-07-23 12:59:23,743 alphafold2_ptm_model_2_seed_043 recycle=3 pLDDT=92.1 pTM=0.805 tol=0.186
2026-07-23 12:59:23,744 alphafold2_ptm_model_2_seed_043 took 88.7s (3 recycles)
2026-07-23 12:59:46,047 alphafold2_ptm_model_3_seed_043 recycle=0 pLDDT=71.5 pTM=0.51
2026-07-23 13:00:08,385 alphafold2_ptm_model_3_seed_043 recycle=1 pLDDT=88.1 pTM=0.711 tol=1.23
2026-07-23 13:00:30,816 alphafold2_ptm_model_3_seed_043 recycle=2 pLDDT=90.4 pTM=0.758 tol=0.186
2026-07-23 13:00:52,987 alphafold2_ptm_model_3_seed_043 recycle=3 pLDDT=91.3 pTM=0.784 tol=0.0651
2026-07-23 13:00:52,988 alphafold2_ptm_model_3_seed_043 took 89.2s (3 recycles)
2026-07-23 13:01:15,304 alphafold2_ptm_model_4_seed_043 recycle=0 pLDDT=63.4 pTM=0.45
2026-07-23 13:01:37,596 alphafold2_ptm_model_4_seed_043 recycle=1 pLDDT=76.9 pTM=0.575 tol=2.96
2026-07-23 13:01:59,888 alphafold2_ptm_model_4_seed_043 recycle=2 pLDDT=88.1 pTM=0.723 tol=0.874
2026-07-23 13:02:21,884 alphafold2_ptm_model_4_seed_043 recycle=3 pLDDT=89.8 pTM=0.758 tol=0.21
2026-07-23 13:02:21,885 alphafold2_ptm_model_4_seed_043 took 88.8s (3 recycles)
2026-07-23 13:02:44,267 alphafold2_ptm_model_5_seed_043 recycle=0 pLDDT=61.5 pTM=0.374
2026-07-23 13:03:06,383 alphafold2_ptm_model_5_seed_043 recycle=1 pLDDT=54.9 pTM=0.336 tol=0.778
2026-07-23 13:03:29,000 alphafold2_ptm_model_5_seed_043 recycle=2 pLDDT=50 pTM=0.339 tol=6.2
2026-07-23 13:03:51,363 alphafold2_ptm_model_5_seed_043 recycle=3 pLDDT=72.6 pTM=0.502 tol=4.39
2026-07-23 13:03:51,363 alphafold2_ptm_model_5_seed_043 took 89.4s (3 recycles)
2026-07-23 13:04:14,630 alphafold2_ptm_model_1_seed_044 recycle=0 pLDDT=58.9 pTM=0.455
2026-07-23 13:04:36,688 alphafold2_ptm_model_1_seed_044 recycle=1 pLDDT=79.6 pTM=0.616 tol=7.26
2026-07-23 13:04:58,939 alphafold2_ptm_model_1_seed_044 recycle=2 pLDDT=89.9 pTM=0.742 tol=0.565
2026-07-23 13:05:20,978 alphafold2_ptm_model_1_seed_044 recycle=3 pLDDT=91.2 pTM=0.766 tol=0.106
2026-07-23 13:05:20,979 alphafold2_ptm_model_1_seed_044 took 88.7s (3 recycles)
2026-07-23 13:05:43,380 alphafold2_ptm_model_2_seed_044 recycle=0 pLDDT=57.7 pTM=0.464
2026-07-23 13:06:05,740 alphafold2_ptm_model_2_seed_044 recycle=1 pLDDT=67.5 pTM=0.548 tol=6.95
2026-07-23 13:06:28,259 alphafold2_ptm_model_2_seed_044 recycle=2 pLDDT=91.2 pTM=0.783 tol=1.36
2026-07-23 13:06:50,581 alphafold2_ptm_model_2_seed_044 recycle=3 pLDDT=92.1 pTM=0.807 tol=0.179
2026-07-23 13:06:50,585 alphafold2_ptm_model_2_seed_044 took 89.5s (3 recycles)
2026-07-23 13:07:13,255 alphafold2_ptm_model_3_seed_044 recycle=0 pLDDT=70.1 pTM=0.497
2026-07-23 13:07:36,011 alphafold2_ptm_model_3_seed_044 recycle=1 pLDDT=87.5 pTM=0.707 tol=1.2
2026-07-23 13:07:58,212 alphafold2_ptm_model_3_seed_044 recycle=2 pLDDT=90.5 pTM=0.757 tol=0.231
2026-07-23 13:08:20,834 alphafold2_ptm_model_3_seed_044 recycle=3 pLDDT=91.4 pTM=0.784 tol=0.0635
2026-07-23 13:08:20,834 alphafold2_ptm_model_3_seed_044 took 90.2s (3 recycles)
2026-07-23 13:08:42,500 alphafold2_ptm_model_4_seed_044 recycle=0 pLDDT=56.5 pTM=0.431
2026-07-23 13:09:04,145 alphafold2_ptm_model_4_seed_044 recycle=1 pLDDT=81.8 pTM=0.628 tol=3.15
2026-07-23 13:09:26,433 alphafold2_ptm_model_4_seed_044 recycle=2 pLDDT=89.1 pTM=0.756 tol=0.346
2026-07-23 13:09:48,853 alphafold2_ptm_model_4_seed_044 recycle=3 pLDDT=90.2 pTM=0.767 tol=0.1
2026-07-23 13:09:48,854 alphafold2_ptm_model_4_seed_044 took 87.9s (3 recycles)
2026-07-23 13:10:11,276 alphafold2_ptm_model_5_seed_044 recycle=0 pLDDT=59.2 pTM=0.351
2026-07-23 13:10:33,697 alphafold2_ptm_model_5_seed_044 recycle=1 pLDDT=54.8 pTM=0.329 tol=0.641
2026-07-23 13:10:55,840 alphafold2_ptm_model_5_seed_044 recycle=2 pLDDT=51.9 pTM=0.335 tol=0.663
2026-07-23 13:11:17,826 alphafold2_ptm_model_5_seed_044 recycle=3 pLDDT=58.9 pTM=0.414 tol=8.1
2026-07-23 13:11:17,826 alphafold2_ptm_model_5_seed_044 took 88.9s (3 recycles)
2026-07-23 13:11:17,878 reranking models by 'plddt' metric
2026-07-23 13:11:17,878 rank_001_alphafold2_ptm_model_2_seed_044 pLDDT=92.1 pTM=0.807
2026-07-23 13:11:17,881 rank_002_alphafold2_ptm_model_2_seed_043 pLDDT=92.1 pTM=0.805
2026-07-23 13:11:17,882 rank_003_alphafold2_ptm_model_3_seed_042 pLDDT=91.6 pTM=0.789
2026-07-23 13:11:17,885 rank_004_alphafold2_ptm_model_3_seed_044 pLDDT=91.4 pTM=0.784
2026-07-23 13:11:17,887 rank_005_alphafold2_ptm_model_2_seed_042 pLDDT=91.4 pTM=0.788
2026-07-23 13:11:17,889 rank_006_alphafold2_ptm_model_3_seed_043 pLDDT=91.3 pTM=0.784
2026-07-23 13:11:17,891 rank_007_alphafold2_ptm_model_1_seed_042 pLDDT=91.3 pTM=0.769
2026-07-23 13:11:17,893 rank_008_alphafold2_ptm_model_1_seed_044 pLDDT=91.2 pTM=0.766
2026-07-23 13:11:17,895 rank_009_alphafold2_ptm_model_1_seed_043 pLDDT=91.1 pTM=0.765
2026-07-23 13:11:17,897 rank_010_alphafold2_ptm_model_4_seed_044 pLDDT=90.2 pTM=0.767
2026-07-23 13:11:17,898 rank_011_alphafold2_ptm_model_4_seed_043 pLDDT=89.8 pTM=0.758
2026-07-23 13:11:17,900 rank_012_alphafold2_ptm_model_4_seed_042 pLDDT=89.7 pTM=0.756
2026-07-23 13:11:17,903 rank_013_alphafold2_ptm_model_5_seed_043 pLDDT=72.6 pTM=0.502
2026-07-23 13:11:17,904 rank_014_alphafold2_ptm_model_5_seed_042 pLDDT=66.9 pTM=0.46
2026-07-23 13:11:17,905 rank_015_alphafold2_ptm_model_5_seed_044 pLDDT=58.9 pTM=0.414
2026-07-23 13:11:21,109 Query 65/586: 5KPE_2_8_3_0_combined_id5 (length 108)
2026-07-23 13:11:45,136 alphafold2_ptm_model_1_seed_042 recycle=0 pLDDT=65.5 pTM=0.555
2026-07-23 13:12:07,114 alphafold2_ptm_model_1_seed_042 recycle=1 pLDDT=72.9 pTM=0.588 tol=1.85
2026-07-23 13:12:29,220 alphafold2_ptm_model_1_seed_042 recycle=2 pLDDT=83.4 pTM=0.662 tol=1.56
2026-07-23 13:12:51,224 alphafold2_ptm_model_1_seed_042 recycle=3 pLDDT=84.8 pTM=0.666 tol=0.247
2026-07-23 13:12:51,225 alphafold2_ptm_model_1_seed_042 took 88.1s (3 recycles)
2026-07-23 13:13:13,539 alphafold2_ptm_model_2_seed_042 recycle=0 pLDDT=63.9 pTM=0.526
2026-07-23 13:13:35,572 alphafold2_ptm_model_2_seed_042 recycle=1 pLDDT=67.1 pTM=0.553 tol=4.91
2026-07-23 13:13:57,892 alphafold2_ptm_model_2_seed_042 recycle=2 pLDDT=68.6 pTM=0.547 tol=0.528
2026-07-23 13:14:20,327 alphafold2_ptm_model_2_seed_042 recycle=3 pLDDT=78.8 pTM=0.631 tol=1.15
2026-07-23 13:14:20,328 alphafold2_ptm_model_2_seed_042 took 89.1s (3 recycles)
2026-07-23 13:14:42,036 alphafold2_ptm_model_3_seed_042 recycle=0 pLDDT=56.3 pTM=0.413
2026-07-23 13:15:03,855 alphafold2_ptm_model_3_seed_042 recycle=1 pLDDT=63 pTM=0.433 tol=5.57
2026-07-23 13:15:25,825 alphafold2_ptm_model_3_seed_042 recycle=2 pLDDT=84 pTM=0.672 tol=1.58
2026-07-23 13:15:48,503 alphafold2_ptm_model_3_seed_042 recycle=3 pLDDT=80.9 pTM=0.634 tol=0.318
2026-07-23 13:15:48,505 alphafold2_ptm_model_3_seed_042 took 88.1s (3 recycles)
2026-07-23 13:16:11,444 alphafold2_ptm_model_4_seed_042 recycle=0 pLDDT=65.8 pTM=0.527
2026-07-23 13:16:33,718 alphafold2_ptm_model_4_seed_042 recycle=1 pLDDT=74.6 pTM=0.612 tol=2.43
2026-07-23 13:16:56,135 alphafold2_ptm_model_4_seed_042 recycle=2 pLDDT=72.3 pTM=0.572 tol=0.337
2026-07-23 13:17:18,546 alphafold2_ptm_model_4_seed_042 recycle=3 pLDDT=75.8 pTM=0.589 tol=1.16
2026-07-23 13:17:18,546 alphafold2_ptm_model_4_seed_042 took 90.0s (3 recycles)
2026-07-23 13:17:41,016 alphafold2_ptm_model_5_seed_042 recycle=0 pLDDT=56.4 pTM=0.433
2026-07-23 13:18:03,442 alphafold2_ptm_model_5_seed_042 recycle=1 pLDDT=62.2 pTM=0.492 tol=2
2026-07-23 13:18:25,849 alphafold2_ptm_model_5_seed_042 recycle=2 pLDDT=65.6 pTM=0.514 tol=1.03
2026-07-23 13:18:48,269 alphafold2_ptm_model_5_seed_042 recycle=3 pLDDT=68.6 pTM=0.537 tol=0.572
2026-07-23 13:18:48,270 alphafold2_ptm_model_5_seed_042 took 89.7s (3 recycles)
2026-07-23 13:19:11,366 alphafold2_ptm_model_1_seed_043 recycle=0 pLDDT=63.9 pTM=0.533
2026-07-23 13:19:33,101 alphafold2_ptm_model_1_seed_043 recycle=1 pLDDT=71.8 pTM=0.575 tol=1.93
2026-07-23 13:19:55,261 alphafold2_ptm_model_1_seed_043 recycle=2 pLDDT=83.2 pTM=0.659 tol=1.48
2026-07-23 13:20:16,959 alphafold2_ptm_model_1_seed_043 recycle=3 pLDDT=84.6 pTM=0.661 tol=0.244
2026-07-23 13:20:16,960 alphafold2_ptm_model_1_seed_043 took 87.8s (3 recycles)
2026-07-23 13:20:38,996 alphafold2_ptm_model_2_seed_043 recycle=0 pLDDT=64.9 pTM=0.536
2026-07-23 13:21:01,109 alphafold2_ptm_model_2_seed_043 recycle=1 pLDDT=68.1 pTM=0.557 tol=2.58
2026-07-23 13:21:23,236 alphafold2_ptm_model_2_seed_043 recycle=2 pLDDT=70.9 pTM=0.558 tol=1.02
2026-07-23 13:21:45,659 alphafold2_ptm_model_2_seed_043 recycle=3 pLDDT=82.1 pTM=0.649 tol=0.902
2026-07-23 13:21:45,659 alphafold2_ptm_model_2_seed_043 took 88.6s (3 recycles)
2026-07-23 13:22:07,153 alphafold2_ptm_model_3_seed_043 recycle=0 pLDDT=56.4 pTM=0.412
2026-07-23 13:22:29,575 alphafold2_ptm_model_3_seed_043 recycle=1 pLDDT=66.9 pTM=0.465 tol=5.42
2026-07-23 13:22:52,146 alphafold2_ptm_model_3_seed_043 recycle=2 pLDDT=83.2 pTM=0.663 tol=1.32
2026-07-23 13:23:14,018 alphafold2_ptm_model_3_seed_043 recycle=3 pLDDT=80.1 pTM=0.63 tol=0.356
2026-07-23 13:23:14,019 alphafold2_ptm_model_3_seed_043 took 88.3s (3 recycles)
2026-07-23 13:23:36,342 alphafold2_ptm_model_4_seed_043 recycle=0 pLDDT=62.6 pTM=0.5
2026-07-23 13:23:58,048 alphafold2_ptm_model_4_seed_043 recycle=1 pLDDT=75.1 pTM=0.613 tol=3.01
2026-07-23 13:24:20,224 alphafold2_ptm_model_4_seed_043 recycle=2 pLDDT=76.7 pTM=0.614 tol=0.627
2026-07-23 13:24:42,314 alphafold2_ptm_model_4_seed_043 recycle=3 pLDDT=76.2 pTM=0.6 tol=0.912
2026-07-23 13:24:42,314 alphafold2_ptm_model_4_seed_043 took 88.2s (3 recycles)
2026-07-23 13:25:04,583 alphafold2_ptm_model_5_seed_043 recycle=0 pLDDT=55.4 pTM=0.437
2026-07-23 13:25:26,508 alphafold2_ptm_model_5_seed_043 recycle=1 pLDDT=62.5 pTM=0.491 tol=3.12
2026-07-23 13:25:48,793 alphafold2_ptm_model_5_seed_043 recycle=2 pLDDT=66 pTM=0.516 tol=1.15
2026-07-23 13:26:10,742 alphafold2_ptm_model_5_seed_043 recycle=3 pLDDT=69.1 pTM=0.541 tol=0.747
2026-07-23 13:26:10,743 alphafold2_ptm_model_5_seed_043 took 88.4s (3 recycles)
2026-07-23 13:26:33,932 alphafold2_ptm_model_1_seed_044 recycle=0 pLDDT=67.6 pTM=0.572
2026-07-23 13:26:56,085 alphafold2_ptm_model_1_seed_044 recycle=1 pLDDT=72.2 pTM=0.578 tol=1.63
2026-07-23 13:27:18,441 alphafold2_ptm_model_1_seed_044 recycle=2 pLDDT=82.6 pTM=0.654 tol=1.59
2026-07-23 13:27:40,405 alphafold2_ptm_model_1_seed_044 recycle=3 pLDDT=84.5 pTM=0.663 tol=0.254
2026-07-23 13:27:40,407 alphafold2_ptm_model_1_seed_044 took 88.8s (3 recycles)
2026-07-23 13:28:02,213 alphafold2_ptm_model_2_seed_044 recycle=0 pLDDT=65 pTM=0.534
2026-07-23 13:28:24,331 alphafold2_ptm_model_2_seed_044 recycle=1 pLDDT=67.6 pTM=0.552 tol=2.79
2026-07-23 13:28:46,392 alphafold2_ptm_model_2_seed_044 recycle=2 pLDDT=78.9 pTM=0.628 tol=1.52
2026-07-23 13:29:08,233 alphafold2_ptm_model_2_seed_044 recycle=3 pLDDT=86.1 pTM=0.685 tol=0.477
2026-07-23 13:29:08,234 alphafold2_ptm_model_2_seed_044 took 87.8s (3 recycles)
2026-07-23 13:29:30,283 alphafold2_ptm_model_3_seed_044 recycle=0 pLDDT=56.7 pTM=0.422
2026-07-23 13:29:51,695 alphafold2_ptm_model_3_seed_044 recycle=1 pLDDT=75.6 pTM=0.549 tol=6.07
2026-07-23 13:30:13,209 alphafold2_ptm_model_3_seed_044 recycle=2 pLDDT=81.9 pTM=0.635 tol=0.897
2026-07-23 13:30:35,008 alphafold2_ptm_model_3_seed_044 recycle=3 pLDDT=79.3 pTM=0.632 tol=0.457
2026-07-23 13:30:35,009 alphafold2_ptm_model_3_seed_044 took 86.7s (3 recycles)
2026-07-23 13:30:57,057 alphafold2_ptm_model_4_seed_044 recycle=0 pLDDT=67.9 pTM=0.546
2026-07-23 13:31:19,330 alphafold2_ptm_model_4_seed_044 recycle=1 pLDDT=75.6 pTM=0.623 tol=2.19
2026-07-23 13:31:41,484 alphafold2_ptm_model_4_seed_044 recycle=2 pLDDT=73.1 pTM=0.576 tol=0.521
2026-07-23 13:32:03,216 alphafold2_ptm_model_4_seed_044 recycle=3 pLDDT=80 pTM=0.623 tol=1.07
2026-07-23 13:32:03,216 alphafold2_ptm_model_4_seed_044 took 88.1s (3 recycles)
2026-07-23 13:32:25,497 alphafold2_ptm_model_5_seed_044 recycle=0 pLDDT=55.3 pTM=0.437
2026-07-23 13:32:47,288 alphafold2_ptm_model_5_seed_044 recycle=1 pLDDT=62.4 pTM=0.486 tol=2.38
2026-07-23 13:33:09,096 alphafold2_ptm_model_5_seed_044 recycle=2 pLDDT=64.9 pTM=0.506 tol=1.04
2026-07-23 13:33:31,059 alphafold2_ptm_model_5_seed_044 recycle=3 pLDDT=68.5 pTM=0.534 tol=0.631
2026-07-23 13:33:31,060 alphafold2_ptm_model_5_seed_044 took 87.4s (3 recycles)
2026-07-23 13:33:31,118 reranking models by 'plddt' metric
2026-07-23 13:33:31,118 rank_001_alphafold2_ptm_model_2_seed_044 pLDDT=86.1 pTM=0.685
2026-07-23 13:33:31,120 rank_002_alphafold2_ptm_model_1_seed_042 pLDDT=84.8 pTM=0.666
2026-07-23 13:33:31,122 rank_003_alphafold2_ptm_model_1_seed_043 pLDDT=84.6 pTM=0.661
2026-07-23 13:33:31,125 rank_004_alphafold2_ptm_model_1_seed_044 pLDDT=84.5 pTM=0.663
2026-07-23 13:33:31,126 rank_005_alphafold2_ptm_model_2_seed_043 pLDDT=82.1 pTM=0.649
2026-07-23 13:33:31,129 rank_006_alphafold2_ptm_model_3_seed_042 pLDDT=80.9 pTM=0.634
2026-07-23 13:33:31,131 rank_007_alphafold2_ptm_model_3_seed_043 pLDDT=80.1 pTM=0.63
2026-07-23 13:33:31,134 rank_008_alphafold2_ptm_model_4_seed_044 pLDDT=80 pTM=0.623
2026-07-23 13:33:31,136 rank_009_alphafold2_ptm_model_3_seed_044 pLDDT=79.3 pTM=0.632
2026-07-23 13:33:31,137 rank_010_alphafold2_ptm_model_2_seed_042 pLDDT=78.8 pTM=0.631
2026-07-23 13:33:31,138 rank_011_alphafold2_ptm_model_4_seed_043 pLDDT=76.2 pTM=0.6
2026-07-23 13:33:31,140 rank_012_alphafold2_ptm_model_4_seed_042 pLDDT=75.8 pTM=0.589
2026-07-23 13:33:31,142 rank_013_alphafold2_ptm_model_5_seed_043 pLDDT=69.1 pTM=0.541
2026-07-23 13:33:31,144 rank_014_alphafold2_ptm_model_5_seed_042 pLDDT=68.6 pTM=0.537
2026-07-23 13:33:31,145 rank_015_alphafold2_ptm_model_5_seed_044 pLDDT=68.5 pTM=0.534
2026-07-23 13:33:33,770 Query 66/586: 5KPE_2_8_3_0_combined_id2 (length 108)
2026-07-23 13:33:57,744 alphafold2_ptm_model_1_seed_042 recycle=0 pLDDT=65.6 pTM=0.523
2026-07-23 13:34:19,961 alphafold2_ptm_model_1_seed_042 recycle=1 pLDDT=68.8 pTM=0.591 tol=3.07
2026-07-23 13:34:41,763 alphafold2_ptm_model_1_seed_042 recycle=2 pLDDT=69.9 pTM=0.586 tol=0.312
2026-07-23 13:35:03,720 alphafold2_ptm_model_1_seed_042 recycle=3 pLDDT=70.8 pTM=0.595 tol=0.23
2026-07-23 13:35:03,720 alphafold2_ptm_model_1_seed_042 took 88.0s (3 recycles)
2026-07-23 13:35:25,416 alphafold2_ptm_model_2_seed_042 recycle=0 pLDDT=70.6 pTM=0.556
2026-07-23 13:35:47,411 alphafold2_ptm_model_2_seed_042 recycle=1 pLDDT=72.5 pTM=0.594 tol=3.82
2026-07-23 13:36:09,317 alphafold2_ptm_model_2_seed_042 recycle=2 pLDDT=70.6 pTM=0.556 tol=0.816
2026-07-23 13:36:31,662 alphafold2_ptm_model_2_seed_042 recycle=3 pLDDT=70.9 pTM=0.564 tol=0.53
2026-07-23 13:36:31,663 alphafold2_ptm_model_2_seed_042 took 87.9s (3 recycles)
2026-07-23 13:36:53,535 alphafold2_ptm_model_3_seed_042 recycle=0 pLDDT=66.6 pTM=0.474
2026-07-23 13:37:15,807 alphafold2_ptm_model_3_seed_042 recycle=1 pLDDT=68.1 pTM=0.492 tol=0.996
2026-07-23 13:37:37,707 alphafold2_ptm_model_3_seed_042 recycle=2 pLDDT=62.4 pTM=0.481 tol=2.29
2026-07-23 13:38:00,055 alphafold2_ptm_model_3_seed_042 recycle=3 pLDDT=68.6 pTM=0.52 tol=2.06
2026-07-23 13:38:00,056 alphafold2_ptm_model_3_seed_042 took 88.3s (3 recycles)
2026-07-23 13:38:22,690 alphafold2_ptm_model_4_seed_042 recycle=0 pLDDT=69.6 pTM=0.54
2026-07-23 13:38:44,944 alphafold2_ptm_model_4_seed_042 recycle=1 pLDDT=68.6 pTM=0.531 tol=0.845
2026-07-23 13:39:06,876 alphafold2_ptm_model_4_seed_042 recycle=2 pLDDT=68.8 pTM=0.538 tol=0.541
2026-07-23 13:39:28,828 alphafold2_ptm_model_4_seed_042 recycle=3 pLDDT=69.3 pTM=0.538 tol=0.313
2026-07-23 13:39:28,829 alphafold2_ptm_model_4_seed_042 took 88.7s (3 recycles)
2026-07-23 13:39:50,951 alphafold2_ptm_model_5_seed_042 recycle=0 pLDDT=66.8 pTM=0.521
2026-07-23 13:40:12,576 alphafold2_ptm_model_5_seed_042 recycle=1 pLDDT=69.9 pTM=0.542 tol=0.923
2026-07-23 13:40:34,300 alphafold2_ptm_model_5_seed_042 recycle=2 pLDDT=65.3 pTM=0.511 tol=1.76
2026-07-23 13:40:56,730 alphafold2_ptm_model_5_seed_042 recycle=3 pLDDT=66.1 pTM=0.51 tol=3.09
2026-07-23 13:40:56,731 alphafold2_ptm_model_5_seed_042 took 87.8s (3 recycles)
2026-07-23 13:41:19,586 alphafold2_ptm_model_1_seed_043 recycle=0 pLDDT=66.1 pTM=0.522
2026-07-23 13:41:41,425 alphafold2_ptm_model_1_seed_043 recycle=1 pLDDT=69 pTM=0.591 tol=2.88
2026-07-23 13:42:03,482 alphafold2_ptm_model_1_seed_043 recycle=2 pLDDT=69.9 pTM=0.585 tol=0.398
2026-07-23 13:42:25,524 alphafold2_ptm_model_1_seed_043 recycle=3 pLDDT=70.7 pTM=0.593 tol=0.204
2026-07-23 13:42:25,524 alphafold2_ptm_model_1_seed_043 took 88.0s (3 recycles)
2026-07-23 13:42:48,024 alphafold2_ptm_model_2_seed_043 recycle=0 pLDDT=70.8 pTM=0.562
2026-07-23 13:43:10,278 alphafold2_ptm_model_2_seed_043 recycle=1 pLDDT=70.4 pTM=0.566 tol=0.909
2026-07-23 13:43:33,173 alphafold2_ptm_model_2_seed_043 recycle=2 pLDDT=71.3 pTM=0.57 tol=0.625
2026-07-23 13:43:56,612 alphafold2_ptm_model_2_seed_043 recycle=3 pLDDT=72.7 pTM=0.579 tol=0.295
2026-07-23 13:43:56,613 alphafold2_ptm_model_2_seed_043 took 91.0s (3 recycles)
2026-07-23 13:44:18,111 alphafold2_ptm_model_3_seed_043 recycle=0 pLDDT=68.6 pTM=0.478
2026-07-23 13:44:40,233 alphafold2_ptm_model_3_seed_043 recycle=1 pLDDT=68.8 pTM=0.5 tol=0.928
2026-07-23 13:45:02,353 alphafold2_ptm_model_3_seed_043 recycle=2 pLDDT=64.6 pTM=0.483 tol=2.73
2026-07-23 13:45:24,619 alphafold2_ptm_model_3_seed_043 recycle=3 pLDDT=69.8 pTM=0.524 tol=2.74
2026-07-23 13:45:24,620 alphafold2_ptm_model_3_seed_043 took 87.9s (3 recycles)
2026-07-23 13:45:46,983 alphafold2_ptm_model_4_seed_043 recycle=0 pLDDT=70.1 pTM=0.543
2026-07-23 13:46:09,147 alphafold2_ptm_model_4_seed_043 recycle=1 pLDDT=69.6 pTM=0.54 tol=0.799
2026-07-23 13:46:31,330 alphafold2_ptm_model_4_seed_043 recycle=2 pLDDT=69.9 pTM=0.546 tol=0.476
2026-07-23 13:46:53,617 alphafold2_ptm_model_4_seed_043 recycle=3 pLDDT=70.1 pTM=0.542 tol=0.29
2026-07-23 13:46:53,618 alphafold2_ptm_model_4_seed_043 took 88.9s (3 recycles)
2026-07-23 13:47:15,741 alphafold2_ptm_model_5_seed_043 recycle=0 pLDDT=69.3 pTM=0.533
2026-07-23 13:47:38,437 alphafold2_ptm_model_5_seed_043 recycle=1 pLDDT=70.1 pTM=0.538 tol=0.694
2026-07-23 13:48:00,698 alphafold2_ptm_model_5_seed_043 recycle=2 pLDDT=66.9 pTM=0.512 tol=1.14
2026-07-23 13:48:22,727 alphafold2_ptm_model_5_seed_043 recycle=3 pLDDT=68.5 pTM=0.521 tol=0.902
2026-07-23 13:48:22,730 alphafold2_ptm_model_5_seed_043 took 89.1s (3 recycles)
2026-07-23 13:48:45,954 alphafold2_ptm_model_1_seed_044 recycle=0 pLDDT=65.2 pTM=0.519
2026-07-23 13:49:08,277 alphafold2_ptm_model_1_seed_044 recycle=1 pLDDT=68.3 pTM=0.585 tol=2.86
2026-07-23 13:49:30,604 alphafold2_ptm_model_1_seed_044 recycle=2 pLDDT=69.3 pTM=0.582 tol=0.388
2026-07-23 13:49:52,689 alphafold2_ptm_model_1_seed_044 recycle=3 pLDDT=69.7 pTM=0.586 tol=0.196
2026-07-23 13:49:52,690 alphafold2_ptm_model_1_seed_044 took 89.0s (3 recycles)
2026-07-23 13:50:14,881 alphafold2_ptm_model_2_seed_044 recycle=0 pLDDT=69.5 pTM=0.556
2026-07-23 13:50:37,052 alphafold2_ptm_model_2_seed_044 recycle=1 pLDDT=68.5 pTM=0.554 tol=3.55
2026-07-23 13:50:58,894 alphafold2_ptm_model_2_seed_044 recycle=2 pLDDT=68.6 pTM=0.544 tol=0.737
2026-07-23 13:51:21,083 alphafold2_ptm_model_2_seed_044 recycle=3 pLDDT=69.3 pTM=0.552 tol=0.445
2026-07-23 13:51:21,084 alphafold2_ptm_model_2_seed_044 took 88.3s (3 recycles)
2026-07-23 13:51:43,373 alphafold2_ptm_model_3_seed_044 recycle=0 pLDDT=67.6 pTM=0.469
2026-07-23 13:52:05,548 alphafold2_ptm_model_3_seed_044 recycle=1 pLDDT=68.3 pTM=0.494 tol=1.02
2026-07-23 13:52:27,740 alphafold2_ptm_model_3_seed_044 recycle=2 pLDDT=63.5 pTM=0.482 tol=2.65
2026-07-23 13:52:49,501 alphafold2_ptm_model_3_seed_044 recycle=3 pLDDT=64.8 pTM=0.485 tol=2.17
2026-07-23 13:52:49,502 alphafold2_ptm_model_3_seed_044 took 88.3s (3 recycles)
2026-07-23 13:53:11,686 alphafold2_ptm_model_4_seed_044 recycle=0 pLDDT=68.6 pTM=0.535
2026-07-23 13:53:33,245 alphafold2_ptm_model_4_seed_044 recycle=1 pLDDT=69.6 pTM=0.541 tol=0.872
2026-07-23 13:53:55,193 alphafold2_ptm_model_4_seed_044 recycle=2 pLDDT=68.6 pTM=0.536 tol=0.459
2026-07-23 13:54:17,517 alphafold2_ptm_model_4_seed_044 recycle=3 pLDDT=69.6 pTM=0.539 tol=0.318
2026-07-23 13:54:17,518 alphafold2_ptm_model_4_seed_044 took 88.0s (3 recycles)
2026-07-23 13:54:39,376 alphafold2_ptm_model_5_seed_044 recycle=0 pLDDT=64.8 pTM=0.503
2026-07-23 13:55:01,533 alphafold2_ptm_model_5_seed_044 recycle=1 pLDDT=69.1 pTM=0.533 tol=1.6
2026-07-23 13:55:23,279 alphafold2_ptm_model_5_seed_044 recycle=2 pLDDT=66.2 pTM=0.511 tol=1.31
2026-07-23 13:55:45,454 alphafold2_ptm_model_5_seed_044 recycle=3 pLDDT=67.1 pTM=0.514 tol=0.565
2026-07-23 13:55:45,454 alphafold2_ptm_model_5_seed_044 took 87.9s (3 recycles)
2026-07-23 13:55:45,541 reranking models by 'plddt' metric
2026-07-23 13:55:45,541 rank_001_alphafold2_ptm_model_2_seed_043 pLDDT=72.7 pTM=0.579
2026-07-23 13:55:45,545 rank_002_alphafold2_ptm_model_2_seed_042 pLDDT=70.9 pTM=0.564
2026-07-23 13:55:45,549 rank_003_alphafold2_ptm_model_1_seed_042 pLDDT=70.8 pTM=0.595
2026-07-23 13:55:45,551 rank_004_alphafold2_ptm_model_1_seed_043 pLDDT=70.7 pTM=0.593
2026-07-23 13:55:45,552 rank_005_alphafold2_ptm_model_4_seed_043 pLDDT=70.1 pTM=0.542
2026-07-23 13:55:45,554 rank_006_alphafold2_ptm_model_3_seed_043 pLDDT=69.8 pTM=0.524
2026-07-23 13:55:45,555 rank_007_alphafold2_ptm_model_1_seed_044 pLDDT=69.7 pTM=0.586
2026-07-23 13:55:45,557 rank_008_alphafold2_ptm_model_4_seed_044 pLDDT=69.6 pTM=0.539
2026-07-23 13:55:45,558 rank_009_alphafold2_ptm_model_2_seed_044 pLDDT=69.3 pTM=0.552
2026-07-23 13:55:45,560 rank_010_alphafold2_ptm_model_4_seed_042 pLDDT=69.3 pTM=0.538
2026-07-23 13:55:45,561 rank_011_alphafold2_ptm_model_3_seed_042 pLDDT=68.6 pTM=0.52
2026-07-23 13:55:45,563 rank_012_alphafold2_ptm_model_5_seed_043 pLDDT=68.5 pTM=0.521
2026-07-23 13:55:45,564 rank_013_alphafold2_ptm_model_5_seed_044 pLDDT=67.1 pTM=0.514
2026-07-23 13:55:45,565 rank_014_alphafold2_ptm_model_5_seed_042 pLDDT=66.1 pTM=0.51
2026-07-23 13:55:45,567 rank_015_alphafold2_ptm_model_3_seed_044 pLDDT=64.8 pTM=0.485
2026-07-23 13:55:47,948 Query 67/586: 5KPE_2_4_2_0_combined_id1 (length 108)
2026-07-23 13:56:12,370 alphafold2_ptm_model_1_seed_042 recycle=0 pLDDT=81.4 pTM=0.684
2026-07-23 13:56:34,289 alphafold2_ptm_model_1_seed_042 recycle=1 pLDDT=87.2 pTM=0.746 tol=0.755
2026-07-23 13:56:55,904 alphafold2_ptm_model_1_seed_042 recycle=2 pLDDT=87.9 pTM=0.75 tol=0.172
2026-07-23 13:57:17,827 alphafold2_ptm_model_1_seed_042 recycle=3 pLDDT=87.8 pTM=0.747 tol=0.123
2026-07-23 13:57:17,827 alphafold2_ptm_model_1_seed_042 took 88.0s (3 recycles)
2026-07-23 13:57:40,030 alphafold2_ptm_model_2_seed_042 recycle=0 pLDDT=78.8 pTM=0.66
2026-07-23 13:58:01,513 alphafold2_ptm_model_2_seed_042 recycle=1 pLDDT=86.9 pTM=0.749 tol=1.01
2026-07-23 13:58:23,157 alphafold2_ptm_model_2_seed_042 recycle=2 pLDDT=86.8 pTM=0.741 tol=0.194
2026-07-23 13:58:45,205 alphafold2_ptm_model_2_seed_042 recycle=3 pLDDT=87.3 pTM=0.74 tol=0.0752
2026-07-23 13:58:45,206 alphafold2_ptm_model_2_seed_042 took 87.3s (3 recycles)
2026-07-23 13:59:06,904 alphafold2_ptm_model_3_seed_042 recycle=0 pLDDT=83.8 pTM=0.692
2026-07-23 13:59:28,616 alphafold2_ptm_model_3_seed_042 recycle=1 pLDDT=88.8 pTM=0.755 tol=0.819
2026-07-23 13:59:50,220 alphafold2_ptm_model_3_seed_042 recycle=2 pLDDT=90.2 pTM=0.767 tol=0.147
2026-07-23 14:00:11,997 alphafold2_ptm_model_3_seed_042 recycle=3 pLDDT=91.2 pTM=0.778 tol=0.0654
2026-07-23 14:00:11,997 alphafold2_ptm_model_3_seed_042 took 86.7s (3 recycles)
2026-07-23 14:00:33,996 alphafold2_ptm_model_4_seed_042 recycle=0 pLDDT=81.9 pTM=0.701
2026-07-23 14:00:55,536 alphafold2_ptm_model_4_seed_042 recycle=1 pLDDT=88.4 pTM=0.771 tol=0.894
2026-07-23 14:01:16,576 alphafold2_ptm_model_4_seed_042 recycle=2 pLDDT=89.4 pTM=0.778 tol=0.155
2026-07-23 14:01:37,988 alphafold2_ptm_model_4_seed_042 recycle=3 pLDDT=89.9 pTM=0.781 tol=0.0732
2026-07-23 14:01:37,989 alphafold2_ptm_model_4_seed_042 took 85.9s (3 recycles)
2026-07-23 14:01:59,578 alphafold2_ptm_model_5_seed_042 recycle=0 pLDDT=74.4 pTM=0.611
2026-07-23 14:02:21,495 alphafold2_ptm_model_5_seed_042 recycle=1 pLDDT=87.4 pTM=0.73 tol=1.09
2026-07-23 14:02:43,541 alphafold2_ptm_model_5_seed_042 recycle=2 pLDDT=87.3 pTM=0.722 tol=0.208
2026-07-23 14:03:05,098 alphafold2_ptm_model_5_seed_042 recycle=3 pLDDT=87.8 pTM=0.719 tol=0.0573
2026-07-23 14:03:05,099 alphafold2_ptm_model_5_seed_042 took 87.1s (3 recycles)
2026-07-23 14:03:27,325 alphafold2_ptm_model_1_seed_043 recycle=0 pLDDT=79.6 pTM=0.655
2026-07-23 14:03:48,927 alphafold2_ptm_model_1_seed_043 recycle=1 pLDDT=87.9 pTM=0.748 tol=0.861
2026-07-23 14:04:10,489 alphafold2_ptm_model_1_seed_043 recycle=2 pLDDT=87.9 pTM=0.748 tol=0.244
2026-07-23 14:04:32,021 alphafold2_ptm_model_1_seed_043 recycle=3 pLDDT=88 pTM=0.743 tol=0.131
2026-07-23 14:04:32,021 alphafold2_ptm_model_1_seed_043 took 86.1s (3 recycles)
2026-07-23 14:04:53,532 alphafold2_ptm_model_2_seed_043 recycle=0 pLDDT=76 pTM=0.611
2026-07-23 14:05:14,741 alphafold2_ptm_model_2_seed_043 recycle=1 pLDDT=85.6 pTM=0.727 tol=1.12
2026-07-23 14:05:36,224 alphafold2_ptm_model_2_seed_043 recycle=2 pLDDT=86.1 pTM=0.732 tol=0.189
2026-07-23 14:05:57,324 alphafold2_ptm_model_2_seed_043 recycle=3 pLDDT=87 pTM=0.737 tol=0.0897
2026-07-23 14:05:57,324 alphafold2_ptm_model_2_seed_043 took 85.3s (3 recycles)
2026-07-23 14:06:18,384 alphafold2_ptm_model_3_seed_043 recycle=0 pLDDT=83.5 pTM=0.691
2026-07-23 14:06:39,839 alphafold2_ptm_model_3_seed_043 recycle=1 pLDDT=89.2 pTM=0.755 tol=0.738
2026-07-23 14:07:01,526 alphafold2_ptm_model_3_seed_043 recycle=2 pLDDT=89.8 pTM=0.762 tol=0.13
2026-07-23 14:07:23,424 alphafold2_ptm_model_3_seed_043 recycle=3 pLDDT=90.9 pTM=0.775 tol=0.0629
2026-07-23 14:07:23,424 alphafold2_ptm_model_3_seed_043 took 86.0s (3 recycles)
2026-07-23 14:07:45,926 alphafold2_ptm_model_4_seed_043 recycle=0 pLDDT=77.7 pTM=0.634
2026-07-23 14:08:07,660 alphafold2_ptm_model_4_seed_043 recycle=1 pLDDT=87.4 pTM=0.753 tol=1.15
2026-07-23 14:08:29,188 alphafold2_ptm_model_4_seed_043 recycle=2 pLDDT=88.5 pTM=0.765 tol=0.311
2026-07-23 14:08:51,543 alphafold2_ptm_model_4_seed_043 recycle=3 pLDDT=89.5 pTM=0.775 tol=0.0707
2026-07-23 14:08:51,545 alphafold2_ptm_model_4_seed_043 took 88.1s (3 recycles)
2026-07-23 14:09:13,322 alphafold2_ptm_model_5_seed_043 recycle=0 pLDDT=68.1 pTM=0.563
2026-07-23 14:09:34,763 alphafold2_ptm_model_5_seed_043 recycle=1 pLDDT=84.9 pTM=0.718 tol=1.27
2026-07-23 14:09:56,243 alphafold2_ptm_model_5_seed_043 recycle=2 pLDDT=86.6 pTM=0.714 tol=0.399
2026-07-23 14:10:17,643 alphafold2_ptm_model_5_seed_043 recycle=3 pLDDT=87 pTM=0.711 tol=0.0693
2026-07-23 14:10:17,643 alphafold2_ptm_model_5_seed_043 took 86.0s (3 recycles)
2026-07-23 14:10:39,925 alphafold2_ptm_model_1_seed_044 recycle=0 pLDDT=79 pTM=0.649
2026-07-23 14:11:01,060 alphafold2_ptm_model_1_seed_044 recycle=1 pLDDT=87.3 pTM=0.742 tol=0.855
2026-07-23 14:11:22,199 alphafold2_ptm_model_1_seed_044 recycle=2 pLDDT=87.7 pTM=0.745 tol=0.221
2026-07-23 14:11:43,300 alphafold2_ptm_model_1_seed_044 recycle=3 pLDDT=87.9 pTM=0.743 tol=0.126
2026-07-23 14:11:43,301 alphafold2_ptm_model_1_seed_044 took 84.9s (3 recycles)
2026-07-23 14:12:04,650 alphafold2_ptm_model_2_seed_044 recycle=0 pLDDT=77.9 pTM=0.646
2026-07-23 14:12:25,757 alphafold2_ptm_model_2_seed_044 recycle=1 pLDDT=86.9 pTM=0.744 tol=1.08
2026-07-23 14:12:46,920 alphafold2_ptm_model_2_seed_044 recycle=2 pLDDT=86.9 pTM=0.741 tol=0.172
2026-07-23 14:13:08,254 alphafold2_ptm_model_2_seed_044 recycle=3 pLDDT=87.4 pTM=0.744 tol=0.0533
2026-07-23 14:13:08,256 alphafold2_ptm_model_2_seed_044 took 84.9s (3 recycles)
2026-07-23 14:13:30,112 alphafold2_ptm_model_3_seed_044 recycle=0 pLDDT=83.8 pTM=0.694
2026-07-23 14:13:51,219 alphafold2_ptm_model_3_seed_044 recycle=1 pLDDT=89.6 pTM=0.76 tol=0.778
2026-07-23 14:14:12,291 alphafold2_ptm_model_3_seed_044 recycle=2 pLDDT=90.4 pTM=0.765 tol=0.153
2026-07-23 14:14:33,375 alphafold2_ptm_model_3_seed_044 recycle=3 pLDDT=91.2 pTM=0.777 tol=0.0739
2026-07-23 14:14:33,376 alphafold2_ptm_model_3_seed_044 took 85.1s (3 recycles)
2026-07-23 14:14:55,193 alphafold2_ptm_model_4_seed_044 recycle=0 pLDDT=81.8 pTM=0.694
2026-07-23 14:15:16,710 alphafold2_ptm_model_4_seed_044 recycle=1 pLDDT=88.8 pTM=0.773 tol=0.805
2026-07-23 14:15:37,690 alphafold2_ptm_model_4_seed_044 recycle=2 pLDDT=89.4 pTM=0.777 tol=0.201
2026-07-23 14:15:58,927 alphafold2_ptm_model_4_seed_044 recycle=3 pLDDT=90.1 pTM=0.783 tol=0.115
2026-07-23 14:15:58,928 alphafold2_ptm_model_4_seed_044 took 85.1s (3 recycles)
2026-07-23 14:16:20,347 alphafold2_ptm_model_5_seed_044 recycle=0 pLDDT=68.6 pTM=0.563
2026-07-23 14:16:41,621 alphafold2_ptm_model_5_seed_044 recycle=1 pLDDT=86.8 pTM=0.729 tol=1.26
2026-07-23 14:17:03,133 alphafold2_ptm_model_5_seed_044 recycle=2 pLDDT=87 pTM=0.719 tol=0.256
2026-07-23 14:17:24,433 alphafold2_ptm_model_5_seed_044 recycle=3 pLDDT=87.4 pTM=0.716 tol=0.0618
2026-07-23 14:17:24,434 alphafold2_ptm_model_5_seed_044 took 85.4s (3 recycles)
2026-07-23 14:17:24,463 reranking models by 'plddt' metric
2026-07-23 14:17:24,463 rank_001_alphafold2_ptm_model_3_seed_044 pLDDT=91.2 pTM=0.777
2026-07-23 14:17:24,465 rank_002_alphafold2_ptm_model_3_seed_042 pLDDT=91.2 pTM=0.778
2026-07-23 14:17:24,468 rank_003_alphafold2_ptm_model_3_seed_043 pLDDT=90.9 pTM=0.775
2026-07-23 14:17:24,470 rank_004_alphafold2_ptm_model_4_seed_044 pLDDT=90.1 pTM=0.783
2026-07-23 14:17:24,471 rank_005_alphafold2_ptm_model_4_seed_042 pLDDT=89.9 pTM=0.781
2026-07-23 14:17:24,473 rank_006_alphafold2_ptm_model_4_seed_043 pLDDT=89.5 pTM=0.775
2026-07-23 14:17:24,475 rank_007_alphafold2_ptm_model_1_seed_043 pLDDT=88 pTM=0.743
2026-07-23 14:17:24,476 rank_008_alphafold2_ptm_model_1_seed_044 pLDDT=87.9 pTM=0.743
2026-07-23 14:17:24,477 rank_009_alphafold2_ptm_model_1_seed_042 pLDDT=87.8 pTM=0.747
2026-07-23 14:17:24,479 rank_010_alphafold2_ptm_model_5_seed_042 pLDDT=87.8 pTM=0.719
2026-07-23 14:17:24,481 rank_011_alphafold2_ptm_model_5_seed_044 pLDDT=87.4 pTM=0.716
2026-07-23 14:17:24,482 rank_012_alphafold2_ptm_model_2_seed_044 pLDDT=87.4 pTM=0.744
2026-07-23 14:17:24,483 rank_013_alphafold2_ptm_model_2_seed_042 pLDDT=87.3 pTM=0.74
2026-07-23 14:17:24,485 rank_014_alphafold2_ptm_model_5_seed_043 pLDDT=87 pTM=0.711
2026-07-23 14:17:24,487 rank_015_alphafold2_ptm_model_2_seed_043 pLDDT=87 pTM=0.737
2026-07-23 14:17:27,299 Query 68/586: 5KPE_2_4_2_0_combined_id3 (length 108)
2026-07-23 14:17:50,549 alphafold2_ptm_model_1_seed_042 recycle=0 pLDDT=68.3 pTM=0.602
2026-07-23 14:18:12,027 alphafold2_ptm_model_1_seed_042 recycle=1 pLDDT=83.2 pTM=0.699 tol=1.58
2026-07-23 14:18:33,246 alphafold2_ptm_model_1_seed_042 recycle=2 pLDDT=89.1 pTM=0.774 tol=0.333
2026-07-23 14:18:54,815 alphafold2_ptm_model_1_seed_042 recycle=3 pLDDT=88.7 pTM=0.767 tol=0.0876
2026-07-23 14:18:54,815 alphafold2_ptm_model_1_seed_042 took 85.4s (3 recycles)
2026-07-23 14:19:16,491 alphafold2_ptm_model_2_seed_042 recycle=0 pLDDT=62.2 pTM=0.552
2026-07-23 14:19:38,347 alphafold2_ptm_model_2_seed_042 recycle=1 pLDDT=83.4 pTM=0.723 tol=1.46
2026-07-23 14:20:00,046 alphafold2_ptm_model_2_seed_042 recycle=2 pLDDT=87.5 pTM=0.761 tol=0.452
2026-07-23 14:20:21,576 alphafold2_ptm_model_2_seed_042 recycle=3 pLDDT=88.3 pTM=0.771 tol=0.116
2026-07-23 14:20:21,576 alphafold2_ptm_model_2_seed_042 took 86.7s (3 recycles)
2026-07-23 14:20:43,509 alphafold2_ptm_model_3_seed_042 recycle=0 pLDDT=66.5 pTM=0.527
2026-07-23 14:21:04,966 alphafold2_ptm_model_3_seed_042 recycle=1 pLDDT=67.3 pTM=0.542 tol=0.905
2026-07-23 14:21:26,386 alphafold2_ptm_model_3_seed_042 recycle=2 pLDDT=67.4 pTM=0.555 tol=0.947
2026-07-23 14:21:47,908 alphafold2_ptm_model_3_seed_042 recycle=3 pLDDT=69.6 pTM=0.571 tol=0.788
2026-07-23 14:21:47,909 alphafold2_ptm_model_3_seed_042 took 86.3s (3 recycles)
2026-07-23 14:22:09,464 alphafold2_ptm_model_4_seed_042 recycle=0 pLDDT=66.2 pTM=0.562
2026-07-23 14:22:31,161 alphafold2_ptm_model_4_seed_042 recycle=1 pLDDT=69.2 pTM=0.617 tol=4.05
2026-07-23 14:22:52,948 alphafold2_ptm_model_4_seed_042 recycle=2 pLDDT=67.2 pTM=0.578 tol=1.06
2026-07-23 14:23:14,833 alphafold2_ptm_model_4_seed_042 recycle=3 pLDDT=68.8 pTM=0.593 tol=1.01
2026-07-23 14:23:14,834 alphafold2_ptm_model_4_seed_042 took 86.9s (3 recycles)
2026-07-23 14:23:36,521 alphafold2_ptm_model_5_seed_042 recycle=0 pLDDT=66.9 pTM=0.527
2026-07-23 14:23:58,278 alphafold2_ptm_model_5_seed_042 recycle=1 pLDDT=67.6 pTM=0.54 tol=0.965
2026-07-23 14:24:20,100 alphafold2_ptm_model_5_seed_042 recycle=2 pLDDT=65.6 pTM=0.53 tol=0.538
2026-07-23 14:24:42,009 alphafold2_ptm_model_5_seed_042 recycle=3 pLDDT=66.3 pTM=0.528 tol=0.41
2026-07-23 14:24:42,010 alphafold2_ptm_model_5_seed_042 took 87.1s (3 recycles)
2026-07-23 14:25:04,334 alphafold2_ptm_model_1_seed_043 recycle=0 pLDDT=68.6 pTM=0.606
2026-07-23 14:25:25,988 alphafold2_ptm_model_1_seed_043 recycle=1 pLDDT=80.6 pTM=0.676 tol=1.51
2026-07-23 14:25:47,780 alphafold2_ptm_model_1_seed_043 recycle=2 pLDDT=88.8 pTM=0.769 tol=0.362
2026-07-23 14:26:09,597 alphafold2_ptm_model_1_seed_043 recycle=3 pLDDT=88.6 pTM=0.765 tol=0.084
2026-07-23 14:26:09,598 alphafold2_ptm_model_1_seed_043 took 86.8s (3 recycles)
2026-07-23 14:26:30,994 alphafold2_ptm_model_2_seed_043 recycle=0 pLDDT=63 pTM=0.559
2026-07-23 14:26:52,541 alphafold2_ptm_model_2_seed_043 recycle=1 pLDDT=81.2 pTM=0.699 tol=1.44
2026-07-23 14:27:14,250 alphafold2_ptm_model_2_seed_043 recycle=2 pLDDT=85.2 pTM=0.733 tol=0.677
2026-07-23 14:27:35,720 alphafold2_ptm_model_2_seed_043 recycle=3 pLDDT=86.3 pTM=0.744 tol=0.189
2026-07-23 14:27:35,720 alphafold2_ptm_model_2_seed_043 took 86.0s (3 recycles)
2026-07-23 14:27:57,407 alphafold2_ptm_model_3_seed_043 recycle=0 pLDDT=66.9 pTM=0.529
2026-07-23 14:28:19,236 alphafold2_ptm_model_3_seed_043 recycle=1 pLDDT=75.1 pTM=0.596 tol=1.61
2026-07-23 14:28:40,864 alphafold2_ptm_model_3_seed_043 recycle=2 pLDDT=86.2 pTM=0.719 tol=0.829
2026-07-23 14:29:02,629 alphafold2_ptm_model_3_seed_043 recycle=3 pLDDT=86.1 pTM=0.722 tol=0.351
2026-07-23 14:29:02,629 alphafold2_ptm_model_3_seed_043 took 86.9s (3 recycles)
2026-07-23 14:29:24,391 alphafold2_ptm_model_4_seed_043 recycle=0 pLDDT=66.7 pTM=0.576
2026-07-23 14:29:46,238 alphafold2_ptm_model_4_seed_043 recycle=1 pLDDT=67.6 pTM=0.594 tol=4.14
2026-07-23 14:30:08,023 alphafold2_ptm_model_4_seed_043 recycle=2 pLDDT=66.2 pTM=0.583 tol=0.983
2026-07-23 14:30:30,041 alphafold2_ptm_model_4_seed_043 recycle=3 pLDDT=67.1 pTM=0.583 tol=0.938
2026-07-23 14:30:30,041 alphafold2_ptm_model_4_seed_043 took 87.4s (3 recycles)
2026-07-23 14:30:51,993 alphafold2_ptm_model_5_seed_043 recycle=0 pLDDT=65.5 pTM=0.52
2026-07-23 14:31:13,532 alphafold2_ptm_model_5_seed_043 recycle=1 pLDDT=66.8 pTM=0.538 tol=0.843
2026-07-23 14:31:34,698 alphafold2_ptm_model_5_seed_043 recycle=2 pLDDT=66.6 pTM=0.53 tol=0.384
2026-07-23 14:31:56,732 alphafold2_ptm_model_5_seed_043 recycle=3 pLDDT=65.4 pTM=0.53 tol=0.655
2026-07-23 14:31:56,733 alphafold2_ptm_model_5_seed_043 took 86.6s (3 recycles)
2026-07-23 14:32:19,170 alphafold2_ptm_model_1_seed_044 recycle=0 pLDDT=68.6 pTM=0.605
2026-07-23 14:32:40,381 alphafold2_ptm_model_1_seed_044 recycle=1 pLDDT=80.3 pTM=0.67 tol=1.51
2026-07-23 14:33:02,122 alphafold2_ptm_model_1_seed_044 recycle=2 pLDDT=88.4 pTM=0.766 tol=0.465
2026-07-23 14:33:23,547 alphafold2_ptm_model_1_seed_044 recycle=3 pLDDT=88.6 pTM=0.766 tol=0.0966
2026-07-23 14:33:23,547 alphafold2_ptm_model_1_seed_044 took 86.0s (3 recycles)
2026-07-23 14:33:45,606 alphafold2_ptm_model_2_seed_044 recycle=0 pLDDT=65 pTM=0.563
2026-07-23 14:34:07,596 alphafold2_ptm_model_2_seed_044 recycle=1 pLDDT=80.8 pTM=0.696 tol=1.39
2026-07-23 14:34:29,146 alphafold2_ptm_model_2_seed_044 recycle=2 pLDDT=85.2 pTM=0.735 tol=0.599
2026-07-23 14:34:50,806 alphafold2_ptm_model_2_seed_044 recycle=3 pLDDT=87.2 pTM=0.754 tol=0.268
2026-07-23 14:34:50,807 alphafold2_ptm_model_2_seed_044 took 87.2s (3 recycles)
2026-07-23 14:35:11,986 alphafold2_ptm_model_3_seed_044 recycle=0 pLDDT=65.6 pTM=0.515
2026-07-23 14:35:33,394 alphafold2_ptm_model_3_seed_044 recycle=1 pLDDT=66.4 pTM=0.536 tol=1.28
2026-07-23 14:35:55,245 alphafold2_ptm_model_3_seed_044 recycle=2 pLDDT=67.4 pTM=0.552 tol=1.14
2026-07-23 14:36:16,930 alphafold2_ptm_model_3_seed_044 recycle=3 pLDDT=69.6 pTM=0.564 tol=0.988
2026-07-23 14:36:16,930 alphafold2_ptm_model_3_seed_044 took 86.0s (3 recycles)
2026-07-23 14:36:38,637 alphafold2_ptm_model_4_seed_044 recycle=0 pLDDT=62.9 pTM=0.549
2026-07-23 14:37:00,097 alphafold2_ptm_model_4_seed_044 recycle=1 pLDDT=84.1 pTM=0.721 tol=1.95
2026-07-23 14:37:21,568 alphafold2_ptm_model_4_seed_044 recycle=2 pLDDT=87.2 pTM=0.762 tol=0.448
2026-07-23 14:37:43,400 alphafold2_ptm_model_4_seed_044 recycle=3 pLDDT=87.6 pTM=0.762 tol=0.141
2026-07-23 14:37:43,400 alphafold2_ptm_model_4_seed_044 took 86.4s (3 recycles)
2026-07-23 14:38:05,112 alphafold2_ptm_model_5_seed_044 recycle=0 pLDDT=66.3 pTM=0.519
2026-07-23 14:38:26,826 alphafold2_ptm_model_5_seed_044 recycle=1 pLDDT=67.7 pTM=0.537 tol=0.929
2026-07-23 14:38:48,435 alphafold2_ptm_model_5_seed_044 recycle=2 pLDDT=65.8 pTM=0.532 tol=0.38
2026-07-23 14:39:10,142 alphafold2_ptm_model_5_seed_044 recycle=3 pLDDT=66.3 pTM=0.527 tol=0.323
2026-07-23 14:39:10,143 alphafold2_ptm_model_5_seed_044 took 86.7s (3 recycles)
2026-07-23 14:39:10,210 reranking models by 'plddt' metric
2026-07-23 14:39:10,211 rank_001_alphafold2_ptm_model_1_seed_042 pLDDT=88.7 pTM=0.767
2026-07-23 14:39:10,215 rank_002_alphafold2_ptm_model_1_seed_044 pLDDT=88.6 pTM=0.766
2026-07-23 14:39:10,218 rank_003_alphafold2_ptm_model_1_seed_043 pLDDT=88.6 pTM=0.765
2026-07-23 14:39:10,221 rank_004_alphafold2_ptm_model_2_seed_042 pLDDT=88.3 pTM=0.771
2026-07-23 14:39:10,224 rank_005_alphafold2_ptm_model_4_seed_044 pLDDT=87.6 pTM=0.762
2026-07-23 14:39:10,227 rank_006_alphafold2_ptm_model_2_seed_044 pLDDT=87.2 pTM=0.754
2026-07-23 14:39:10,229 rank_007_alphafold2_ptm_model_2_seed_043 pLDDT=86.3 pTM=0.744
2026-07-23 14:39:10,231 rank_008_alphafold2_ptm_model_3_seed_043 pLDDT=86.1 pTM=0.722
2026-07-23 14:39:10,233 rank_009_alphafold2_ptm_model_3_seed_042 pLDDT=69.6 pTM=0.571
2026-07-23 14:39:10,236 rank_010_alphafold2_ptm_model_3_seed_044 pLDDT=69.6 pTM=0.564
2026-07-23 14:39:10,238 rank_011_alphafold2_ptm_model_4_seed_042 pLDDT=68.8 pTM=0.593
2026-07-23 14:39:10,240 rank_012_alphafold2_ptm_model_4_seed_043 pLDDT=67.1 pTM=0.583
2026-07-23 14:39:10,242 rank_013_alphafold2_ptm_model_5_seed_044 pLDDT=66.3 pTM=0.527
2026-07-23 14:39:10,244 rank_014_alphafold2_ptm_model_5_seed_042 pLDDT=66.3 pTM=0.528
2026-07-23 14:39:10,246 rank_015_alphafold2_ptm_model_5_seed_043 pLDDT=65.4 pTM=0.53
2026-07-23 14:39:12,976 Query 69/586: 5KPE_2_4_2_0_combined_id4 (length 108)
2026-07-23 14:39:36,091 alphafold2_ptm_model_1_seed_042 recycle=0 pLDDT=75.9 pTM=0.6
2026-07-23 14:39:57,061 alphafold2_ptm_model_1_seed_042 recycle=1 pLDDT=80.8 pTM=0.643 tol=0.413
2026-07-23 14:40:18,813 alphafold2_ptm_model_1_seed_042 recycle=2 pLDDT=82.2 pTM=0.663 tol=0.577
2026-07-23 14:40:40,344 alphafold2_ptm_model_1_seed_042 recycle=3 pLDDT=82.6 pTM=0.66 tol=0.268
2026-07-23 14:40:40,344 alphafold2_ptm_model_1_seed_042 took 85.3s (3 recycles)
2026-07-23 14:41:01,601 alphafold2_ptm_model_2_seed_042 recycle=0 pLDDT=64.1 pTM=0.555
2026-07-23 14:41:23,035 alphafold2_ptm_model_2_seed_042 recycle=1 pLDDT=83.8 pTM=0.7 tol=2.23
2026-07-23 14:41:44,136 alphafold2_ptm_model_2_seed_042 recycle=2 pLDDT=85.2 pTM=0.697 tol=0.258
2026-07-23 14:42:05,765 alphafold2_ptm_model_2_seed_042 recycle=3 pLDDT=86.6 pTM=0.712 tol=0.0712
2026-07-23 14:42:05,766 alphafold2_ptm_model_2_seed_042 took 85.4s (3 recycles)
2026-07-23 14:42:27,287 alphafold2_ptm_model_3_seed_042 recycle=0 pLDDT=64.3 pTM=0.494
2026-07-23 14:42:48,708 alphafold2_ptm_model_3_seed_042 recycle=1 pLDDT=73.1 pTM=0.591 tol=3.71
2026-07-23 14:43:10,241 alphafold2_ptm_model_3_seed_042 recycle=2 pLDDT=73.2 pTM=0.575 tol=0.593
2026-07-23 14:43:31,543 alphafold2_ptm_model_3_seed_042 recycle=3 pLDDT=74.5 pTM=0.599 tol=0.552
2026-07-23 14:43:31,543 alphafold2_ptm_model_3_seed_042 took 85.7s (3 recycles)
2026-07-23 14:43:53,009 alphafold2_ptm_model_4_seed_042 recycle=0 pLDDT=65 pTM=0.531
2026-07-23 14:44:14,298 alphafold2_ptm_model_4_seed_042 recycle=1 pLDDT=76.4 pTM=0.656 tol=3.39
2026-07-23 14:44:35,645 alphafold2_ptm_model_4_seed_042 recycle=2 pLDDT=77.1 pTM=0.658 tol=0.534
2026-07-23 14:44:57,189 alphafold2_ptm_model_4_seed_042 recycle=3 pLDDT=78 pTM=0.662 tol=0.216
2026-07-23 14:44:57,190 alphafold2_ptm_model_4_seed_042 took 85.6s (3 recycles)
2026-07-23 14:45:18,496 alphafold2_ptm_model_5_seed_042 recycle=0 pLDDT=75.4 pTM=0.633
2026-07-23 14:45:39,532 alphafold2_ptm_model_5_seed_042 recycle=1 pLDDT=76.8 pTM=0.644 tol=0.854
2026-07-23 14:46:00,624 alphafold2_ptm_model_5_seed_042 recycle=2 pLDDT=76.2 pTM=0.631 tol=0.561
2026-07-23 14:46:21,920 alphafold2_ptm_model_5_seed_042 recycle=3 pLDDT=76.2 pTM=0.634 tol=0.265
2026-07-23 14:46:21,920 alphafold2_ptm_model_5_seed_042 took 84.7s (3 recycles)
2026-07-23 14:46:43,724 alphafold2_ptm_model_1_seed_043 recycle=0 pLDDT=69.3 pTM=0.584
2026-07-23 14:47:05,190 alphafold2_ptm_model_1_seed_043 recycle=1 pLDDT=71.2 pTM=0.593 tol=0.798
2026-07-23 14:47:26,214 alphafold2_ptm_model_1_seed_043 recycle=2 pLDDT=74.9 pTM=0.646 tol=0.711
2026-07-23 14:47:47,316 alphafold2_ptm_model_1_seed_043 recycle=3 pLDDT=73.5 pTM=0.624 tol=0.389
2026-07-23 14:47:47,316 alphafold2_ptm_model_1_seed_043 took 84.6s (3 recycles)
2026-07-23 14:48:08,690 alphafold2_ptm_model_2_seed_043 recycle=0 pLDDT=64.3 pTM=0.555
2026-07-23 14:48:30,424 alphafold2_ptm_model_2_seed_043 recycle=1 pLDDT=83.4 pTM=0.693 tol=2.23
2026-07-23 14:48:51,660 alphafold2_ptm_model_2_seed_043 recycle=2 pLDDT=84.9 pTM=0.692 tol=0.294
2026-07-23 14:49:13,212 alphafold2_ptm_model_2_seed_043 recycle=3 pLDDT=86.4 pTM=0.709 tol=0.0725
2026-07-23 14:49:13,213 alphafold2_ptm_model_2_seed_043 took 85.8s (3 recycles)
2026-07-23 14:49:34,939 alphafold2_ptm_model_3_seed_043 recycle=0 pLDDT=63.2 pTM=0.498
2026-07-23 14:49:56,221 alphafold2_ptm_model_3_seed_043 recycle=1 pLDDT=70.1 pTM=0.562 tol=3.48
2026-07-23 14:50:17,599 alphafold2_ptm_model_3_seed_043 recycle=2 pLDDT=73.2 pTM=0.566 tol=1.34
2026-07-23 14:50:38,776 alphafold2_ptm_model_3_seed_043 recycle=3 pLDDT=76.9 pTM=0.604 tol=0.537
2026-07-23 14:50:38,777 alphafold2_ptm_model_3_seed_043 took 85.5s (3 recycles)
2026-07-23 14:51:00,088 alphafold2_ptm_model_4_seed_043 recycle=0 pLDDT=64 pTM=0.536
2026-07-23 14:51:21,601 alphafold2_ptm_model_4_seed_043 recycle=1 pLDDT=77.6 pTM=0.665 tol=3.23
2026-07-23 14:51:42,730 alphafold2_ptm_model_4_seed_043 recycle=2 pLDDT=78 pTM=0.668 tol=0.614
2026-07-23 14:52:04,276 alphafold2_ptm_model_4_seed_043 recycle=3 pLDDT=78.8 pTM=0.671 tol=0.153
2026-07-23 14:52:04,276 alphafold2_ptm_model_4_seed_043 took 85.4s (3 recycles)
2026-07-23 14:52:25,634 alphafold2_ptm_model_5_seed_043 recycle=0 pLDDT=76.2 pTM=0.635
2026-07-23 14:52:46,952 alphafold2_ptm_model_5_seed_043 recycle=1 pLDDT=76.6 pTM=0.641 tol=0.83
2026-07-23 14:53:08,202 alphafold2_ptm_model_5_seed_043 recycle=2 pLDDT=76.1 pTM=0.631 tol=0.54
2026-07-23 14:53:29,640 alphafold2_ptm_model_5_seed_043 recycle=3 pLDDT=75.8 pTM=0.63 tol=0.238
2026-07-23 14:53:29,640 alphafold2_ptm_model_5_seed_043 took 85.3s (3 recycles)
2026-07-23 14:53:51,606 alphafold2_ptm_model_1_seed_044 recycle=0 pLDDT=70.1 pTM=0.592
2026-07-23 14:54:12,977 alphafold2_ptm_model_1_seed_044 recycle=1 pLDDT=73.4 pTM=0.612 tol=0.467
2026-07-23 14:54:34,049 alphafold2_ptm_model_1_seed_044 recycle=2 pLDDT=72.8 pTM=0.618 tol=0.203
2026-07-23 14:54:55,456 alphafold2_ptm_model_1_seed_044 recycle=3 pLDDT=71.2 pTM=0.608 tol=0.294
2026-07-23 14:54:55,457 alphafold2_ptm_model_1_seed_044 took 85.0s (3 recycles)
2026-07-23 14:55:16,814 alphafold2_ptm_model_2_seed_044 recycle=0 pLDDT=63.2 pTM=0.553
2026-07-23 14:55:38,277 alphafold2_ptm_model_2_seed_044 recycle=1 pLDDT=84 pTM=0.701 tol=2.49
2026-07-23 14:55:59,561 alphafold2_ptm_model_2_seed_044 recycle=2 pLDDT=85.4 pTM=0.698 tol=0.273
2026-07-23 14:56:20,916 alphafold2_ptm_model_2_seed_044 recycle=3 pLDDT=86.6 pTM=0.714 tol=0.0789
2026-07-23 14:56:20,917 alphafold2_ptm_model_2_seed_044 took 85.4s (3 recycles)
2026-07-23 14:56:42,235 alphafold2_ptm_model_3_seed_044 recycle=0 pLDDT=62.9 pTM=0.493
2026-07-23 14:57:03,436 alphafold2_ptm_model_3_seed_044 recycle=1 pLDDT=65.5 pTM=0.522 tol=3.82
2026-07-23 14:57:24,540 alphafold2_ptm_model_3_seed_044 recycle=2 pLDDT=72.8 pTM=0.57 tol=1.7
2026-07-23 14:57:45,384 alphafold2_ptm_model_3_seed_044 recycle=3 pLDDT=77.2 pTM=0.595 tol=0.286
2026-07-23 14:57:45,384 alphafold2_ptm_model_3_seed_044 took 84.4s (3 recycles)
2026-07-23 14:58:06,681 alphafold2_ptm_model_4_seed_044 recycle=0 pLDDT=64.8 pTM=0.534
2026-07-23 14:58:27,734 alphafold2_ptm_model_4_seed_044 recycle=1 pLDDT=76.8 pTM=0.658 tol=3.23
2026-07-23 14:58:48,697 alphafold2_ptm_model_4_seed_044 recycle=2 pLDDT=78.2 pTM=0.669 tol=0.448
2026-07-23 14:59:09,840 alphafold2_ptm_model_4_seed_044 recycle=3 pLDDT=78.2 pTM=0.665 tol=0.341
2026-07-23 14:59:09,841 alphafold2_ptm_model_4_seed_044 took 84.4s (3 recycles)
2026-07-23 14:59:31,243 alphafold2_ptm_model_5_seed_044 recycle=0 pLDDT=75.6 pTM=0.627
2026-07-23 14:59:52,634 alphafold2_ptm_model_5_seed_044 recycle=1 pLDDT=76.7 pTM=0.644 tol=0.861
2026-07-23 15:00:13,404 alphafold2_ptm_model_5_seed_044 recycle=2 pLDDT=76.1 pTM=0.629 tol=0.487
2026-07-23 15:00:34,682 alphafold2_ptm_model_5_seed_044 recycle=3 pLDDT=75.9 pTM=0.635 tol=0.448
2026-07-23 15:00:34,684 alphafold2_ptm_model_5_seed_044 took 84.8s (3 recycles)
2026-07-23 15:00:34,743 reranking models by 'plddt' metric
2026-07-23 15:00:34,744 rank_001_alphafold2_ptm_model_2_seed_044 pLDDT=86.6 pTM=0.714
2026-07-23 15:00:34,746 rank_002_alphafold2_ptm_model_2_seed_042 pLDDT=86.6 pTM=0.712
2026-07-23 15:00:34,748 rank_003_alphafold2_ptm_model_2_seed_043 pLDDT=86.4 pTM=0.709
2026-07-23 15:00:34,751 rank_004_alphafold2_ptm_model_1_seed_042 pLDDT=82.6 pTM=0.66
2026-07-23 15:00:34,754 rank_005_alphafold2_ptm_model_4_seed_043 pLDDT=78.8 pTM=0.671
2026-07-23 15:00:34,756 rank_006_alphafold2_ptm_model_4_seed_044 pLDDT=78.2 pTM=0.665
2026-07-23 15:00:34,758 rank_007_alphafold2_ptm_model_4_seed_042 pLDDT=78 pTM=0.662
2026-07-23 15:00:34,760 rank_008_alphafold2_ptm_model_3_seed_044 pLDDT=77.2 pTM=0.595
2026-07-23 15:00:34,763 rank_009_alphafold2_ptm_model_3_seed_043 pLDDT=76.9 pTM=0.604
2026-07-23 15:00:34,765 rank_010_alphafold2_ptm_model_5_seed_042 pLDDT=76.2 pTM=0.634
2026-07-23 15:00:34,767 rank_011_alphafold2_ptm_model_5_seed_044 pLDDT=75.9 pTM=0.635
2026-07-23 15:00:34,769 rank_012_alphafold2_ptm_model_5_seed_043 pLDDT=75.8 pTM=0.63
2026-07-23 15:00:34,771 rank_013_alphafold2_ptm_model_3_seed_042 pLDDT=74.5 pTM=0.599
2026-07-23 15:00:34,774 rank_014_alphafold2_ptm_model_1_seed_043 pLDDT=73.5 pTM=0.624
2026-07-23 15:00:34,776 rank_015_alphafold2_ptm_model_1_seed_044 pLDDT=71.2 pTM=0.608
2026-07-23 15:00:37,622 Query 70/586: 5KPE_2_4_2_0_combined_id6 (length 108)
2026-07-23 15:01:01,611 alphafold2_ptm_model_1_seed_042 recycle=0 pLDDT=80.1 pTM=0.59
2026-07-23 15:01:23,778 alphafold2_ptm_model_1_seed_042 recycle=1 pLDDT=87.4 pTM=0.694 tol=0.74
2026-07-23 15:01:45,645 alphafold2_ptm_model_1_seed_042 recycle=2 pLDDT=87.8 pTM=0.696 tol=0.181
2026-07-23 15:02:07,122 alphafold2_ptm_model_1_seed_042 recycle=3 pLDDT=88.1 pTM=0.695 tol=0.0597
2026-07-23 15:02:07,123 alphafold2_ptm_model_1_seed_042 took 87.3s (3 recycles)
2026-07-23 15:02:28,836 alphafold2_ptm_model_2_seed_042 recycle=0 pLDDT=86.4 pTM=0.672
2026-07-23 15:02:50,494 alphafold2_ptm_model_2_seed_042 recycle=1 pLDDT=88.4 pTM=0.705 tol=0.551
2026-07-23 15:03:12,087 alphafold2_ptm_model_2_seed_042 recycle=2 pLDDT=88.3 pTM=0.705 tol=0.237
2026-07-23 15:03:34,013 alphafold2_ptm_model_2_seed_042 recycle=3 pLDDT=88.8 pTM=0.705 tol=0.099
2026-07-23 15:03:34,014 alphafold2_ptm_model_2_seed_042 took 86.8s (3 recycles)
2026-07-23 15:03:55,695 alphafold2_ptm_model_3_seed_042 recycle=0 pLDDT=82.4 pTM=0.622
2026-07-23 15:04:17,410 alphafold2_ptm_model_3_seed_042 recycle=1 pLDDT=85.4 pTM=0.644 tol=0.657
2026-07-23 15:04:39,161 alphafold2_ptm_model_3_seed_042 recycle=2 pLDDT=86.6 pTM=0.673 tol=0.781
2026-07-23 15:05:00,658 alphafold2_ptm_model_3_seed_042 recycle=3 pLDDT=86.2 pTM=0.653 tol=0.45
2026-07-23 15:05:00,659 alphafold2_ptm_model_3_seed_042 took 86.5s (3 recycles)
2026-07-23 15:05:22,594 alphafold2_ptm_model_4_seed_042 recycle=0 pLDDT=82.5 pTM=0.641
2026-07-23 15:05:44,258 alphafold2_ptm_model_4_seed_042 recycle=1 pLDDT=86.2 pTM=0.695 tol=0.377
2026-07-23 15:06:05,632 alphafold2_ptm_model_4_seed_042 recycle=2 pLDDT=86.9 pTM=0.696 tol=0.418
2026-07-23 15:06:27,879 alphafold2_ptm_model_4_seed_042 recycle=3 pLDDT=86.8 pTM=0.691 tol=0.441
2026-07-23 15:06:27,880 alphafold2_ptm_model_4_seed_042 took 87.2s (3 recycles)
2026-07-23 15:06:49,538 alphafold2_ptm_model_5_seed_042 recycle=0 pLDDT=81.6 pTM=0.626
2026-07-23 15:07:11,373 alphafold2_ptm_model_5_seed_042 recycle=1 pLDDT=84.9 pTM=0.633 tol=1.38
2026-07-23 15:07:33,105 alphafold2_ptm_model_5_seed_042 recycle=2 pLDDT=88.2 pTM=0.691 tol=0.334
2026-07-23 15:07:55,062 alphafold2_ptm_model_5_seed_042 recycle=3 pLDDT=86.8 pTM=0.653 tol=0.112
2026-07-23 15:07:55,063 alphafold2_ptm_model_5_seed_042 took 87.1s (3 recycles)
2026-07-23 15:08:17,596 alphafold2_ptm_model_1_seed_043 recycle=0 pLDDT=79.4 pTM=0.592
2026-07-23 15:08:38,972 alphafold2_ptm_model_1_seed_043 recycle=1 pLDDT=86.9 pTM=0.685 tol=0.821
2026-07-23 15:09:00,365 alphafold2_ptm_model_1_seed_043 recycle=2 pLDDT=87.4 pTM=0.686 tol=0.163
2026-07-23 15:09:22,038 alphafold2_ptm_model_1_seed_043 recycle=3 pLDDT=88.1 pTM=0.697 tol=0.0731
2026-07-23 15:09:22,040 alphafold2_ptm_model_1_seed_043 took 86.2s (3 recycles)
2026-07-23 15:09:43,965 alphafold2_ptm_model_2_seed_043 recycle=0 pLDDT=86.1 pTM=0.673
2026-07-23 15:10:05,680 alphafold2_ptm_model_2_seed_043 recycle=1 pLDDT=87.6 pTM=0.69 tol=0.439
2026-07-23 15:10:27,310 alphafold2_ptm_model_2_seed_043 recycle=2 pLDDT=88.8 pTM=0.708 tol=0.114
2026-07-23 15:10:49,076 alphafold2_ptm_model_2_seed_043 recycle=3 pLDDT=88.6 pTM=0.702 tol=0.142
2026-07-23 15:10:49,076 alphafold2_ptm_model_2_seed_043 took 87.0s (3 recycles)
2026-07-23 15:11:11,157 alphafold2_ptm_model_3_seed_043 recycle=0 pLDDT=82.7 pTM=0.612
2026-07-23 15:11:32,774 alphafold2_ptm_model_3_seed_043 recycle=1 pLDDT=86.2 pTM=0.661 tol=0.601
2026-07-23 15:11:54,350 alphafold2_ptm_model_3_seed_043 recycle=2 pLDDT=86.8 pTM=0.681 tol=0.692
2026-07-23 15:12:15,943 alphafold2_ptm_model_3_seed_043 recycle=3 pLDDT=86.6 pTM=0.66 tol=0.48
2026-07-23 15:12:15,944 alphafold2_ptm_model_3_seed_043 took 86.8s (3 recycles)
