Start: Wed Jul 22 19:08:35 PDT 2026
qb3-atgpu36.wynton.ucsf.edu
==============================================================
job_number:                 4262174
exec_file:                  job_scripts/4262174
submission_time:            Wed Jul 22 19:02:06 2026
owner:                      geanhu
uid:                        64854
group:                      wynton-rotation
gid:                        60001
sge_o_home:                 /wynton/home/rotation/geanhu
sge_o_log_name:             geanhu
sge_o_path:                 /wynton/home/cbi/shared/software/CBI/miniforge3-26.3.2-2/condabin:/wynton/home/cbi/shared/software/CBI/miniforge3-26.3.2-2/bin:/wynton/home/rotation/geanhu/.local/bin:/wynton/home/rotation/geanhu/bin:/opt/sge/bin:/opt/sge/bin/lx-amd64:/usr/local/bin:/usr/bin:/usr/local/sbin:/usr/sbin:/wynton/home/ferrin/goddard/localcolabfold/localcolabfold/colabfold-conda/bin:/wynton/home/kortemme/xingjiepan/Softwares/Rosetta/Rosetta/main/source/bin
sge_o_shell:                /bin/bash
sge_o_workdir:              /wynton/home/rotation/geanhu/multi-state/scripts
sge_o_host:                 dev2
account:                    sge
cwd:                        /wynton/home/rotation/geanhu/multi-state/scripts
merge:                      y
hard resource_list:         h_rt=259200,mem_free=64G,scratch=16G,hostname=!qb3-idgpu18
mail_list:                  geanhu@dev2.wynton.ucsf.edu
notify:                     FALSE
job_name:                   fold
stdout_path_list:           NONE:NONE:logs/colabfold/$JOB_ID.log
jobshare:                   0
hard_queue_list:            !*gpu.q
shell_list:                 NONE:/bin/bash
env_list:                   TERM=NONE
script_file:                colabfold.sh
project:                    wynton-rotation
binding:                    NONE
job_type:                   NONE
usage         1:            cpu=00:00:00, mem=0.00000 GB s, io=0.00000 GB, vmem=N/A, maxvmem=N/A
binding       1:            NONE
scheduling info:            (Collecting of scheduler job information is turned off)
------Start of script-------
#!/bin/bash
#$ -S /bin/bash
##$ -q gpu.q
##$ -pe smp 1
##$ -l compute_cap=80,gpu_mem=40G
#$ -cwd
#$ -N fold
#$ -o logs/colabfold/$JOB_ID.log
#$ -j y
#$ -l h_rt=72:00:00
#$ -l mem_free=64G
#$ -l scratch=16G
#$ -l h=!qb3-idgpu18

# metadata
echo "Start: $(date)"
echo "$(hostname)"
[[ -n "$JOB_ID" ]] && qstat -j "$JOB_ID"
echo "------Start of script-------"
cat "$0"
echo ""
echo "-------End of script---------"

#export CUDA_VISIBLE_DEVICES=$SGE_GPU

# run
exec colabfold_batch \
    --num-recycle 3 \
    --msa-mode single_sequence \
    --random-seed 42 \
    --num-seeds 3 \
    $HOME/multi-state/data/mpnn-output/5KPE-5KPH_multi-state/temp1/seqs/filtered-seqs.csv \
    $HOME/multi-state/data/colabfold-output/5KPE-5KPH_multi-state/temp1/

# end
echo "End: $(date)"
echo "-----------"
-------End of script---------
2026-07-22 19:10:48,008 Running colabfold 1.5.5 (a00ce1bcc477491d7693e3816d21ea3fc2cf40fd)
2026-07-22 19:10:53,180 Running on GPU
2026-07-22 19:11:05,554 Found 2 citations for tools or databases
2026-07-22 19:11:05,554 Query 1/426: 5KPH_6_4_4_0_combined_id2 (length 72)
2026-07-22 19:11:26,255 Padding length to 82
2026-07-22 19:11:51,031 alphafold2_ptm_model_1_seed_042 recycle=0 pLDDT=84.8 pTM=0.614
2026-07-22 19:11:51,226 alphafold2_ptm_model_1_seed_042 recycle=1 pLDDT=88.8 pTM=0.688 tol=0.391
2026-07-22 19:11:51,420 alphafold2_ptm_model_1_seed_042 recycle=2 pLDDT=88.4 pTM=0.681 tol=0.18
2026-07-22 19:11:51,614 alphafold2_ptm_model_1_seed_042 recycle=3 pLDDT=88.5 pTM=0.688 tol=0.0685
2026-07-22 19:11:51,614 alphafold2_ptm_model_1_seed_042 took 25.4s (3 recycles)
2026-07-22 19:11:51,829 alphafold2_ptm_model_2_seed_042 recycle=0 pLDDT=87.6 pTM=0.682
2026-07-22 19:11:52,024 alphafold2_ptm_model_2_seed_042 recycle=1 pLDDT=88.8 pTM=0.705 tol=0.239
2026-07-22 19:11:52,218 alphafold2_ptm_model_2_seed_042 recycle=2 pLDDT=88.6 pTM=0.707 tol=0.183
2026-07-22 19:11:52,412 alphafold2_ptm_model_2_seed_042 recycle=3 pLDDT=89.2 pTM=0.712 tol=0.11
2026-07-22 19:11:52,412 alphafold2_ptm_model_2_seed_042 took 0.8s (3 recycles)
2026-07-22 19:11:52,638 alphafold2_ptm_model_3_seed_042 recycle=0 pLDDT=86.6 pTM=0.648
2026-07-22 19:11:52,832 alphafold2_ptm_model_3_seed_042 recycle=1 pLDDT=86.1 pTM=0.655 tol=0.722
2026-07-22 19:11:53,027 alphafold2_ptm_model_3_seed_042 recycle=2 pLDDT=88.8 pTM=0.691 tol=0.424
2026-07-22 19:11:53,221 alphafold2_ptm_model_3_seed_042 recycle=3 pLDDT=88.4 pTM=0.692 tol=0.127
2026-07-22 19:11:53,222 alphafold2_ptm_model_3_seed_042 took 0.8s (3 recycles)
2026-07-22 19:11:53,438 alphafold2_ptm_model_4_seed_042 recycle=0 pLDDT=87.6 pTM=0.671
2026-07-22 19:11:53,634 alphafold2_ptm_model_4_seed_042 recycle=1 pLDDT=88.5 pTM=0.695 tol=0.252
2026-07-22 19:11:53,830 alphafold2_ptm_model_4_seed_042 recycle=2 pLDDT=89.2 pTM=0.707 tol=0.122
2026-07-22 19:11:54,024 alphafold2_ptm_model_4_seed_042 recycle=3 pLDDT=89.4 pTM=0.711 tol=0.133
2026-07-22 19:11:54,025 alphafold2_ptm_model_4_seed_042 took 0.8s (3 recycles)
2026-07-22 19:11:54,258 alphafold2_ptm_model_5_seed_042 recycle=0 pLDDT=87.4 pTM=0.671
2026-07-22 19:11:54,453 alphafold2_ptm_model_5_seed_042 recycle=1 pLDDT=89.8 pTM=0.704 tol=0.285
2026-07-22 19:11:54,647 alphafold2_ptm_model_5_seed_042 recycle=2 pLDDT=89.9 pTM=0.707 tol=0.084
2026-07-22 19:11:54,841 alphafold2_ptm_model_5_seed_042 recycle=3 pLDDT=90.1 pTM=0.709 tol=0.0469
2026-07-22 19:11:54,841 alphafold2_ptm_model_5_seed_042 took 0.8s (3 recycles)
2026-07-22 19:11:55,591 Padding length to 82
2026-07-22 19:11:55,785 alphafold2_ptm_model_1_seed_043 recycle=0 pLDDT=85.2 pTM=0.609
2026-07-22 19:11:55,979 alphafold2_ptm_model_1_seed_043 recycle=1 pLDDT=88.9 pTM=0.691 tol=0.417
2026-07-22 19:11:56,173 alphafold2_ptm_model_1_seed_043 recycle=2 pLDDT=88.4 pTM=0.684 tol=0.191
2026-07-22 19:11:56,366 alphafold2_ptm_model_1_seed_043 recycle=3 pLDDT=88.6 pTM=0.685 tol=0.077
2026-07-22 19:11:56,366 alphafold2_ptm_model_1_seed_043 took 0.8s (3 recycles)
2026-07-22 19:11:56,585 alphafold2_ptm_model_2_seed_043 recycle=0 pLDDT=87.1 pTM=0.676
2026-07-22 19:11:56,779 alphafold2_ptm_model_2_seed_043 recycle=1 pLDDT=88.9 pTM=0.707 tol=0.293
2026-07-22 19:11:56,973 alphafold2_ptm_model_2_seed_043 recycle=2 pLDDT=88.6 pTM=0.705 tol=0.186
2026-07-22 19:11:57,167 alphafold2_ptm_model_2_seed_043 recycle=3 pLDDT=88.9 pTM=0.707 tol=0.0895
2026-07-22 19:11:57,167 alphafold2_ptm_model_2_seed_043 took 0.8s (3 recycles)
2026-07-22 19:11:57,378 alphafold2_ptm_model_3_seed_043 recycle=0 pLDDT=85.1 pTM=0.625
2026-07-22 19:11:57,573 alphafold2_ptm_model_3_seed_043 recycle=1 pLDDT=87.3 pTM=0.681 tol=0.278
2026-07-22 19:11:57,768 alphafold2_ptm_model_3_seed_043 recycle=2 pLDDT=86.7 pTM=0.669 tol=0.207
2026-07-22 19:11:57,962 alphafold2_ptm_model_3_seed_043 recycle=3 pLDDT=87.2 pTM=0.676 tol=0.146
2026-07-22 19:11:57,962 alphafold2_ptm_model_3_seed_043 took 0.8s (3 recycles)
2026-07-22 19:11:58,175 alphafold2_ptm_model_4_seed_043 recycle=0 pLDDT=87.4 pTM=0.657
2026-07-22 19:11:58,369 alphafold2_ptm_model_4_seed_043 recycle=1 pLDDT=88.2 pTM=0.692 tol=0.333
2026-07-22 19:11:58,564 alphafold2_ptm_model_4_seed_043 recycle=2 pLDDT=89.1 pTM=0.705 tol=0.206
2026-07-22 19:11:58,758 alphafold2_ptm_model_4_seed_043 recycle=3 pLDDT=89.3 pTM=0.711 tol=0.134
2026-07-22 19:11:58,758 alphafold2_ptm_model_4_seed_043 took 0.8s (3 recycles)
2026-07-22 19:11:58,966 alphafold2_ptm_model_5_seed_043 recycle=0 pLDDT=81.2 pTM=0.621
2026-07-22 19:11:59,160 alphafold2_ptm_model_5_seed_043 recycle=1 pLDDT=88.3 pTM=0.688 tol=1.22
2026-07-22 19:11:59,354 alphafold2_ptm_model_5_seed_043 recycle=2 pLDDT=89.1 pTM=0.694 tol=0.137
2026-07-22 19:11:59,548 alphafold2_ptm_model_5_seed_043 recycle=3 pLDDT=89.6 pTM=0.701 tol=0.0793
2026-07-22 19:11:59,548 alphafold2_ptm_model_5_seed_043 took 0.8s (3 recycles)
2026-07-22 19:12:00,234 Padding length to 82
2026-07-22 19:12:00,427 alphafold2_ptm_model_1_seed_044 recycle=0 pLDDT=82.6 pTM=0.583
2026-07-22 19:12:00,621 alphafold2_ptm_model_1_seed_044 recycle=1 pLDDT=87.9 pTM=0.678 tol=0.708
2026-07-22 19:12:00,814 alphafold2_ptm_model_1_seed_044 recycle=2 pLDDT=87.8 pTM=0.674 tol=0.116
2026-07-22 19:12:01,008 alphafold2_ptm_model_1_seed_044 recycle=3 pLDDT=88.2 pTM=0.683 tol=0.0745
2026-07-22 19:12:01,008 alphafold2_ptm_model_1_seed_044 took 0.8s (3 recycles)
2026-07-22 19:12:01,231 alphafold2_ptm_model_2_seed_044 recycle=0 pLDDT=87.8 pTM=0.683
2026-07-22 19:12:01,424 alphafold2_ptm_model_2_seed_044 recycle=1 pLDDT=88.1 pTM=0.696 tol=0.22
2026-07-22 19:12:01,617 alphafold2_ptm_model_2_seed_044 recycle=2 pLDDT=88.1 pTM=0.694 tol=0.081
2026-07-22 19:12:01,810 alphafold2_ptm_model_2_seed_044 recycle=3 pLDDT=88.9 pTM=0.708 tol=0.146
2026-07-22 19:12:01,810 alphafold2_ptm_model_2_seed_044 took 0.8s (3 recycles)
2026-07-22 19:12:02,017 alphafold2_ptm_model_3_seed_044 recycle=0 pLDDT=85.5 pTM=0.63
2026-07-22 19:12:02,211 alphafold2_ptm_model_3_seed_044 recycle=1 pLDDT=87.1 pTM=0.667 tol=0.289
2026-07-22 19:12:02,405 alphafold2_ptm_model_3_seed_044 recycle=2 pLDDT=88.4 pTM=0.686 tol=0.205
2026-07-22 19:12:02,599 alphafold2_ptm_model_3_seed_044 recycle=3 pLDDT=88.1 pTM=0.684 tol=0.102
2026-07-22 19:12:02,600 alphafold2_ptm_model_3_seed_044 took 0.8s (3 recycles)
2026-07-22 19:12:02,811 alphafold2_ptm_model_4_seed_044 recycle=0 pLDDT=87.7 pTM=0.663
2026-07-22 19:12:03,006 alphafold2_ptm_model_4_seed_044 recycle=1 pLDDT=88.2 pTM=0.69 tol=0.299
2026-07-22 19:12:03,201 alphafold2_ptm_model_4_seed_044 recycle=2 pLDDT=88.7 pTM=0.699 tol=0.134
2026-07-22 19:12:03,395 alphafold2_ptm_model_4_seed_044 recycle=3 pLDDT=89.6 pTM=0.713 tol=0.18
2026-07-22 19:12:03,395 alphafold2_ptm_model_4_seed_044 took 0.8s (3 recycles)
2026-07-22 19:12:03,607 alphafold2_ptm_model_5_seed_044 recycle=0 pLDDT=85.9 pTM=0.664
2026-07-22 19:12:03,802 alphafold2_ptm_model_5_seed_044 recycle=1 pLDDT=88.9 pTM=0.696 tol=0.429
2026-07-22 19:12:03,997 alphafold2_ptm_model_5_seed_044 recycle=2 pLDDT=89.4 pTM=0.699 tol=0.0984
2026-07-22 19:12:04,192 alphafold2_ptm_model_5_seed_044 recycle=3 pLDDT=89.8 pTM=0.704 tol=0.0536
2026-07-22 19:12:04,193 alphafold2_ptm_model_5_seed_044 took 0.8s (3 recycles)
2026-07-22 19:12:04,226 reranking models by 'plddt' metric
2026-07-22 19:12:04,226 rank_001_alphafold2_ptm_model_5_seed_042 pLDDT=90.1 pTM=0.709
2026-07-22 19:12:04,228 rank_002_alphafold2_ptm_model_5_seed_044 pLDDT=89.8 pTM=0.704
2026-07-22 19:12:04,229 rank_003_alphafold2_ptm_model_4_seed_044 pLDDT=89.6 pTM=0.713
2026-07-22 19:12:04,230 rank_004_alphafold2_ptm_model_5_seed_043 pLDDT=89.6 pTM=0.701
2026-07-22 19:12:04,231 rank_005_alphafold2_ptm_model_4_seed_042 pLDDT=89.4 pTM=0.711
2026-07-22 19:12:04,232 rank_006_alphafold2_ptm_model_4_seed_043 pLDDT=89.3 pTM=0.711
2026-07-22 19:12:04,234 rank_007_alphafold2_ptm_model_2_seed_042 pLDDT=89.2 pTM=0.712
2026-07-22 19:12:04,235 rank_008_alphafold2_ptm_model_2_seed_044 pLDDT=88.9 pTM=0.708
2026-07-22 19:12:04,236 rank_009_alphafold2_ptm_model_2_seed_043 pLDDT=88.9 pTM=0.707
2026-07-22 19:12:04,237 rank_010_alphafold2_ptm_model_1_seed_043 pLDDT=88.6 pTM=0.685
2026-07-22 19:12:04,239 rank_011_alphafold2_ptm_model_1_seed_042 pLDDT=88.5 pTM=0.688
2026-07-22 19:12:04,240 rank_012_alphafold2_ptm_model_3_seed_042 pLDDT=88.4 pTM=0.692
2026-07-22 19:12:04,241 rank_013_alphafold2_ptm_model_1_seed_044 pLDDT=88.2 pTM=0.683
2026-07-22 19:12:04,242 rank_014_alphafold2_ptm_model_3_seed_044 pLDDT=88.1 pTM=0.684
2026-07-22 19:12:04,244 rank_015_alphafold2_ptm_model_3_seed_043 pLDDT=87.2 pTM=0.676
2026-07-22 19:12:06,401 Query 2/426: 5KPH_6_4_4_0_combined_id9 (length 72)
2026-07-22 19:12:08,015 Padding length to 82
2026-07-22 19:12:08,212 alphafold2_ptm_model_1_seed_042 recycle=0 pLDDT=89.7 pTM=0.704
2026-07-22 19:12:08,407 alphafold2_ptm_model_1_seed_042 recycle=1 pLDDT=88.1 pTM=0.709 tol=0.172
2026-07-22 19:12:08,603 alphafold2_ptm_model_1_seed_042 recycle=2 pLDDT=89.4 pTM=0.726 tol=0.162
2026-07-22 19:12:08,799 alphafold2_ptm_model_1_seed_042 recycle=3 pLDDT=89.9 pTM=0.732 tol=0.0453
2026-07-22 19:12:08,799 alphafold2_ptm_model_1_seed_042 took 0.8s (3 recycles)
2026-07-22 19:12:09,012 alphafold2_ptm_model_2_seed_042 recycle=0 pLDDT=86.8 pTM=0.691
2026-07-22 19:12:09,207 alphafold2_ptm_model_2_seed_042 recycle=1 pLDDT=89.2 pTM=0.717 tol=0.557
2026-07-22 19:12:09,402 alphafold2_ptm_model_2_seed_042 recycle=2 pLDDT=89.2 pTM=0.717 tol=0.152
2026-07-22 19:12:09,598 alphafold2_ptm_model_2_seed_042 recycle=3 pLDDT=89.7 pTM=0.727 tol=0.0454
2026-07-22 19:12:09,598 alphafold2_ptm_model_2_seed_042 took 0.8s (3 recycles)
2026-07-22 19:12:09,809 alphafold2_ptm_model_3_seed_042 recycle=0 pLDDT=73.8 pTM=0.549
2026-07-22 19:12:10,004 alphafold2_ptm_model_3_seed_042 recycle=1 pLDDT=88.8 pTM=0.723 tol=1.67
2026-07-22 19:12:10,199 alphafold2_ptm_model_3_seed_042 recycle=2 pLDDT=89.1 pTM=0.724 tol=0.226
2026-07-22 19:12:10,395 alphafold2_ptm_model_3_seed_042 recycle=3 pLDDT=89.9 pTM=0.736 tol=0.103
2026-07-22 19:12:10,395 alphafold2_ptm_model_3_seed_042 took 0.8s (3 recycles)
2026-07-22 19:12:10,646 alphafold2_ptm_model_4_seed_042 recycle=0 pLDDT=90.8 pTM=0.747
2026-07-22 19:12:10,841 alphafold2_ptm_model_4_seed_042 recycle=1 pLDDT=88.4 pTM=0.733 tol=0.198
2026-07-22 19:12:11,035 alphafold2_ptm_model_4_seed_042 recycle=2 pLDDT=88.7 pTM=0.738 tol=0.0684
2026-07-22 19:12:11,231 alphafold2_ptm_model_4_seed_042 recycle=3 pLDDT=89.2 pTM=0.742 tol=0.0503
2026-07-22 19:12:11,231 alphafold2_ptm_model_4_seed_042 took 0.8s (3 recycles)
2026-07-22 19:12:11,455 alphafold2_ptm_model_5_seed_042 recycle=0 pLDDT=89.8 pTM=0.713
2026-07-22 19:12:11,650 alphafold2_ptm_model_5_seed_042 recycle=1 pLDDT=86.1 pTM=0.675 tol=0.298
2026-07-22 19:12:11,846 alphafold2_ptm_model_5_seed_042 recycle=2 pLDDT=87.4 pTM=0.697 tol=0.146
2026-07-22 19:12:12,041 alphafold2_ptm_model_5_seed_042 recycle=3 pLDDT=88.8 pTM=0.714 tol=0.181
2026-07-22 19:12:12,042 alphafold2_ptm_model_5_seed_042 took 0.8s (3 recycles)
2026-07-22 19:12:12,812 Padding length to 82
2026-07-22 19:12:13,007 alphafold2_ptm_model_1_seed_043 recycle=0 pLDDT=90.9 pTM=0.724
2026-07-22 19:12:13,203 alphafold2_ptm_model_1_seed_043 recycle=1 pLDDT=88.4 pTM=0.715 tol=0.227
2026-07-22 19:12:13,400 alphafold2_ptm_model_1_seed_043 recycle=2 pLDDT=89.8 pTM=0.729 tol=0.122
2026-07-22 19:12:13,596 alphafold2_ptm_model_1_seed_043 recycle=3 pLDDT=90 pTM=0.733 tol=0.0615
2026-07-22 19:12:13,596 alphafold2_ptm_model_1_seed_043 took 0.8s (3 recycles)
2026-07-22 19:12:13,806 alphafold2_ptm_model_2_seed_043 recycle=0 pLDDT=64.6 pTM=0.511
2026-07-22 19:12:14,002 alphafold2_ptm_model_2_seed_043 recycle=1 pLDDT=91.5 pTM=0.748 tol=2.04
2026-07-22 19:12:14,197 alphafold2_ptm_model_2_seed_043 recycle=2 pLDDT=88.9 pTM=0.716 tol=0.325
2026-07-22 19:12:14,393 alphafold2_ptm_model_2_seed_043 recycle=3 pLDDT=89.7 pTM=0.729 tol=0.0898
2026-07-22 19:12:14,393 alphafold2_ptm_model_2_seed_043 took 0.8s (3 recycles)
2026-07-22 19:12:14,602 alphafold2_ptm_model_3_seed_043 recycle=0 pLDDT=65.7 pTM=0.492
2026-07-22 19:12:14,797 alphafold2_ptm_model_3_seed_043 recycle=1 pLDDT=89.4 pTM=0.729 tol=2.54
2026-07-22 19:12:14,992 alphafold2_ptm_model_3_seed_043 recycle=2 pLDDT=89.4 pTM=0.726 tol=0.24
2026-07-22 19:12:15,187 alphafold2_ptm_model_3_seed_043 recycle=3 pLDDT=90.2 pTM=0.738 tol=0.0883
2026-07-22 19:12:15,187 alphafold2_ptm_model_3_seed_043 took 0.8s (3 recycles)
2026-07-22 19:12:15,406 alphafold2_ptm_model_4_seed_043 recycle=0 pLDDT=91.4 pTM=0.763
2026-07-22 19:12:15,603 alphafold2_ptm_model_4_seed_043 recycle=1 pLDDT=89.3 pTM=0.747 tol=0.257
2026-07-22 19:12:15,799 alphafold2_ptm_model_4_seed_043 recycle=2 pLDDT=89.2 pTM=0.746 tol=0.126
2026-07-22 19:12:15,994 alphafold2_ptm_model_4_seed_043 recycle=3 pLDDT=89.6 pTM=0.75 tol=0.032
2026-07-22 19:12:15,994 alphafold2_ptm_model_4_seed_043 took 0.8s (3 recycles)
2026-07-22 19:12:16,204 alphafold2_ptm_model_5_seed_043 recycle=0 pLDDT=82.6 pTM=0.644
2026-07-22 19:12:16,398 alphafold2_ptm_model_5_seed_043 recycle=1 pLDDT=87.9 pTM=0.701 tol=0.78
2026-07-22 19:12:16,592 alphafold2_ptm_model_5_seed_043 recycle=2 pLDDT=87.5 pTM=0.698 tol=0.303
2026-07-22 19:12:16,786 alphafold2_ptm_model_5_seed_043 recycle=3 pLDDT=88.8 pTM=0.715 tol=0.127
2026-07-22 19:12:16,786 alphafold2_ptm_model_5_seed_043 took 0.8s (3 recycles)
2026-07-22 19:12:17,578 Padding length to 82
2026-07-22 19:12:17,772 alphafold2_ptm_model_1_seed_044 recycle=0 pLDDT=59.3 pTM=0.461
2026-07-22 19:12:17,968 alphafold2_ptm_model_1_seed_044 recycle=1 pLDDT=90.8 pTM=0.74 tol=6.04
2026-07-22 19:12:18,163 alphafold2_ptm_model_1_seed_044 recycle=2 pLDDT=89.6 pTM=0.729 tol=0.173
2026-07-22 19:12:18,359 alphafold2_ptm_model_1_seed_044 recycle=3 pLDDT=89.5 pTM=0.729 tol=0.059
2026-07-22 19:12:18,359 alphafold2_ptm_model_1_seed_044 took 0.8s (3 recycles)
2026-07-22 19:12:18,569 alphafold2_ptm_model_2_seed_044 recycle=0 pLDDT=77.5 pTM=0.603
2026-07-22 19:12:18,764 alphafold2_ptm_model_2_seed_044 recycle=1 pLDDT=90.5 pTM=0.74 tol=1.04
2026-07-22 19:12:18,958 alphafold2_ptm_model_2_seed_044 recycle=2 pLDDT=89.3 pTM=0.722 tol=0.154
2026-07-22 19:12:19,153 alphafold2_ptm_model_2_seed_044 recycle=3 pLDDT=89.8 pTM=0.73 tol=0.0472
2026-07-22 19:12:19,153 alphafold2_ptm_model_2_seed_044 took 0.8s (3 recycles)
2026-07-22 19:12:19,376 alphafold2_ptm_model_3_seed_044 recycle=0 pLDDT=64.8 pTM=0.486
2026-07-22 19:12:19,571 alphafold2_ptm_model_3_seed_044 recycle=1 pLDDT=88.9 pTM=0.723 tol=2.4
2026-07-22 19:12:19,766 alphafold2_ptm_model_3_seed_044 recycle=2 pLDDT=89.1 pTM=0.723 tol=0.243
2026-07-22 19:12:19,961 alphafold2_ptm_model_3_seed_044 recycle=3 pLDDT=90.1 pTM=0.736 tol=0.0826
2026-07-22 19:12:19,962 alphafold2_ptm_model_3_seed_044 took 0.8s (3 recycles)
2026-07-22 19:12:20,176 alphafold2_ptm_model_4_seed_044 recycle=0 pLDDT=91.2 pTM=0.76
2026-07-22 19:12:20,372 alphafold2_ptm_model_4_seed_044 recycle=1 pLDDT=89.5 pTM=0.747 tol=0.197
2026-07-22 19:12:20,568 alphafold2_ptm_model_4_seed_044 recycle=2 pLDDT=89.6 pTM=0.75 tol=0.117
2026-07-22 19:12:20,765 alphafold2_ptm_model_4_seed_044 recycle=3 pLDDT=89.9 pTM=0.752 tol=0.0317
2026-07-22 19:12:20,765 alphafold2_ptm_model_4_seed_044 took 0.8s (3 recycles)
2026-07-22 19:12:20,976 alphafold2_ptm_model_5_seed_044 recycle=0 pLDDT=83.1 pTM=0.638
2026-07-22 19:12:21,170 alphafold2_ptm_model_5_seed_044 recycle=1 pLDDT=86.2 pTM=0.682 tol=0.67
2026-07-22 19:12:21,365 alphafold2_ptm_model_5_seed_044 recycle=2 pLDDT=86.9 pTM=0.69 tol=0.249
2026-07-22 19:12:21,560 alphafold2_ptm_model_5_seed_044 recycle=3 pLDDT=88.5 pTM=0.71 tol=0.152
2026-07-22 19:12:21,560 alphafold2_ptm_model_5_seed_044 took 0.8s (3 recycles)
2026-07-22 19:12:21,597 reranking models by 'plddt' metric
2026-07-22 19:12:21,597 rank_001_alphafold2_ptm_model_3_seed_043 pLDDT=90.2 pTM=0.738
2026-07-22 19:12:21,598 rank_002_alphafold2_ptm_model_3_seed_044 pLDDT=90.1 pTM=0.736
2026-07-22 19:12:21,599 rank_003_alphafold2_ptm_model_1_seed_043 pLDDT=90 pTM=0.733
2026-07-22 19:12:21,600 rank_004_alphafold2_ptm_model_4_seed_044 pLDDT=89.9 pTM=0.752
2026-07-22 19:12:21,601 rank_005_alphafold2_ptm_model_3_seed_042 pLDDT=89.9 pTM=0.736
2026-07-22 19:12:21,603 rank_006_alphafold2_ptm_model_1_seed_042 pLDDT=89.9 pTM=0.732
2026-07-22 19:12:21,604 rank_007_alphafold2_ptm_model_2_seed_044 pLDDT=89.8 pTM=0.73
2026-07-22 19:12:21,605 rank_008_alphafold2_ptm_model_2_seed_043 pLDDT=89.7 pTM=0.729
2026-07-22 19:12:21,606 rank_009_alphafold2_ptm_model_2_seed_042 pLDDT=89.7 pTM=0.727
2026-07-22 19:12:21,607 rank_010_alphafold2_ptm_model_4_seed_043 pLDDT=89.6 pTM=0.75
2026-07-22 19:12:21,608 rank_011_alphafold2_ptm_model_1_seed_044 pLDDT=89.5 pTM=0.729
2026-07-22 19:12:21,609 rank_012_alphafold2_ptm_model_4_seed_042 pLDDT=89.2 pTM=0.742
2026-07-22 19:12:21,611 rank_013_alphafold2_ptm_model_5_seed_043 pLDDT=88.8 pTM=0.715
2026-07-22 19:12:21,612 rank_014_alphafold2_ptm_model_5_seed_042 pLDDT=88.8 pTM=0.714
2026-07-22 19:12:21,613 rank_015_alphafold2_ptm_model_5_seed_044 pLDDT=88.5 pTM=0.71
2026-07-22 19:12:23,909 Skipping 5KPH_6_4_4_0_combined_id2 (already done)
2026-07-22 19:12:23,909 Query 4/426: 5KPH_2_4_5_0_combined_id1 (length 72)
2026-07-22 19:12:25,403 Padding length to 82
2026-07-22 19:12:25,598 alphafold2_ptm_model_1_seed_042 recycle=0 pLDDT=89.9 pTM=0.699
2026-07-22 19:12:25,795 alphafold2_ptm_model_1_seed_042 recycle=1 pLDDT=93.2 pTM=0.756 tol=0.353
2026-07-22 19:12:25,992 alphafold2_ptm_model_1_seed_042 recycle=2 pLDDT=93.5 pTM=0.766 tol=0.081
2026-07-22 19:12:26,190 alphafold2_ptm_model_1_seed_042 recycle=3 pLDDT=92.8 pTM=0.762 tol=0.139
2026-07-22 19:12:26,190 alphafold2_ptm_model_1_seed_042 took 0.8s (3 recycles)
2026-07-22 19:12:26,402 alphafold2_ptm_model_2_seed_042 recycle=0 pLDDT=91.9 pTM=0.754
2026-07-22 19:12:26,599 alphafold2_ptm_model_2_seed_042 recycle=1 pLDDT=93.7 pTM=0.779 tol=0.26
2026-07-22 19:12:26,797 alphafold2_ptm_model_2_seed_042 recycle=2 pLDDT=94.9 pTM=0.793 tol=0.0708
2026-07-22 19:12:26,995 alphafold2_ptm_model_2_seed_042 recycle=3 pLDDT=94.4 pTM=0.796 tol=0.148
2026-07-22 19:12:26,995 alphafold2_ptm_model_2_seed_042 took 0.8s (3 recycles)
2026-07-22 19:12:27,205 alphafold2_ptm_model_3_seed_042 recycle=0 pLDDT=90 pTM=0.717
2026-07-22 19:12:27,402 alphafold2_ptm_model_3_seed_042 recycle=1 pLDDT=93.1 pTM=0.764 tol=0.256
2026-07-22 19:12:27,599 alphafold2_ptm_model_3_seed_042 recycle=2 pLDDT=93.7 pTM=0.77 tol=0.089
2026-07-22 19:12:27,797 alphafold2_ptm_model_3_seed_042 recycle=3 pLDDT=94 pTM=0.776 tol=0.0339
2026-07-22 19:12:27,797 alphafold2_ptm_model_3_seed_042 took 0.8s (3 recycles)
2026-07-22 19:12:28,011 alphafold2_ptm_model_4_seed_042 recycle=0 pLDDT=92.6 pTM=0.769
2026-07-22 19:12:28,209 alphafold2_ptm_model_4_seed_042 recycle=1 pLDDT=94.2 pTM=0.8 tol=0.125
2026-07-22 19:12:28,407 alphafold2_ptm_model_4_seed_042 recycle=2 pLDDT=94.5 pTM=0.806 tol=0.0298
2026-07-22 19:12:28,606 alphafold2_ptm_model_4_seed_042 recycle=3 pLDDT=94.6 pTM=0.807 tol=0.0282
2026-07-22 19:12:28,607 alphafold2_ptm_model_4_seed_042 took 0.8s (3 recycles)
2026-07-22 19:12:28,836 alphafold2_ptm_model_5_seed_042 recycle=0 pLDDT=91.4 pTM=0.75
2026-07-22 19:12:29,033 alphafold2_ptm_model_5_seed_042 recycle=1 pLDDT=93.8 pTM=0.776 tol=0.31
2026-07-22 19:12:29,230 alphafold2_ptm_model_5_seed_042 recycle=2 pLDDT=93.8 pTM=0.778 tol=0.0495
2026-07-22 19:12:29,427 alphafold2_ptm_model_5_seed_042 recycle=3 pLDDT=94.2 pTM=0.781 tol=0.0284
2026-07-22 19:12:29,427 alphafold2_ptm_model_5_seed_042 took 0.8s (3 recycles)
2026-07-22 19:12:30,234 Padding length to 82
2026-07-22 19:12:30,430 alphafold2_ptm_model_1_seed_043 recycle=0 pLDDT=90.1 pTM=0.701
2026-07-22 19:12:30,629 alphafold2_ptm_model_1_seed_043 recycle=1 pLDDT=93.2 pTM=0.757 tol=0.294
2026-07-22 19:12:30,827 alphafold2_ptm_model_1_seed_043 recycle=2 pLDDT=93.6 pTM=0.766 tol=0.0714
2026-07-22 19:12:31,024 alphafold2_ptm_model_1_seed_043 recycle=3 pLDDT=92.9 pTM=0.761 tol=0.127
2026-07-22 19:12:31,025 alphafold2_ptm_model_1_seed_043 took 0.8s (3 recycles)
2026-07-22 19:12:31,238 alphafold2_ptm_model_2_seed_043 recycle=0 pLDDT=91.7 pTM=0.753
2026-07-22 19:12:31,435 alphafold2_ptm_model_2_seed_043 recycle=1 pLDDT=93.8 pTM=0.78 tol=0.311
2026-07-22 19:12:31,635 alphafold2_ptm_model_2_seed_043 recycle=2 pLDDT=95.1 pTM=0.794 tol=0.0634
2026-07-22 19:12:31,833 alphafold2_ptm_model_2_seed_043 recycle=3 pLDDT=94.4 pTM=0.796 tol=0.153
2026-07-22 19:12:31,834 alphafold2_ptm_model_2_seed_043 took 0.8s (3 recycles)
2026-07-22 19:12:32,044 alphafold2_ptm_model_3_seed_043 recycle=0 pLDDT=89.6 pTM=0.711
2026-07-22 19:12:32,241 alphafold2_ptm_model_3_seed_043 recycle=1 pLDDT=92.4 pTM=0.753 tol=0.226
2026-07-22 19:12:32,439 alphafold2_ptm_model_3_seed_043 recycle=2 pLDDT=93 pTM=0.758 tol=0.0818
2026-07-22 19:12:32,637 alphafold2_ptm_model_3_seed_043 recycle=3 pLDDT=93.8 pTM=0.771 tol=0.0422
2026-07-22 19:12:32,637 alphafold2_ptm_model_3_seed_043 took 0.8s (3 recycles)
2026-07-22 19:12:32,852 alphafold2_ptm_model_4_seed_043 recycle=0 pLDDT=91.9 pTM=0.759
2026-07-22 19:12:33,051 alphafold2_ptm_model_4_seed_043 recycle=1 pLDDT=94 pTM=0.797 tol=0.129
2026-07-22 19:12:33,251 alphafold2_ptm_model_4_seed_043 recycle=2 pLDDT=94.4 pTM=0.804 tol=0.0358
2026-07-22 19:12:33,450 alphafold2_ptm_model_4_seed_043 recycle=3 pLDDT=94.6 pTM=0.807 tol=0.0235
2026-07-22 19:12:33,450 alphafold2_ptm_model_4_seed_043 took 0.8s (3 recycles)
2026-07-22 19:12:33,676 alphafold2_ptm_model_5_seed_043 recycle=0 pLDDT=91.1 pTM=0.746
2026-07-22 19:12:33,873 alphafold2_ptm_model_5_seed_043 recycle=1 pLDDT=93.8 pTM=0.774 tol=0.312
2026-07-22 19:12:34,070 alphafold2_ptm_model_5_seed_043 recycle=2 pLDDT=93.6 pTM=0.776 tol=0.0488
2026-07-22 19:12:34,267 alphafold2_ptm_model_5_seed_043 recycle=3 pLDDT=94.1 pTM=0.779 tol=0.031
2026-07-22 19:12:34,268 alphafold2_ptm_model_5_seed_043 took 0.8s (3 recycles)
2026-07-22 19:12:34,943 Padding length to 82
2026-07-22 19:12:35,139 alphafold2_ptm_model_1_seed_044 recycle=0 pLDDT=90 pTM=0.699
2026-07-22 19:12:35,336 alphafold2_ptm_model_1_seed_044 recycle=1 pLDDT=93.4 pTM=0.76 tol=0.356
2026-07-22 19:12:35,533 alphafold2_ptm_model_1_seed_044 recycle=2 pLDDT=93.6 pTM=0.768 tol=0.0764
2026-07-22 19:12:35,730 alphafold2_ptm_model_1_seed_044 recycle=3 pLDDT=93 pTM=0.763 tol=0.127
2026-07-22 19:12:35,730 alphafold2_ptm_model_1_seed_044 took 0.8s (3 recycles)
2026-07-22 19:12:35,952 alphafold2_ptm_model_2_seed_044 recycle=0 pLDDT=91.6 pTM=0.751
2026-07-22 19:12:36,150 alphafold2_ptm_model_2_seed_044 recycle=1 pLDDT=93.8 pTM=0.781 tol=0.287
2026-07-22 19:12:36,349 alphafold2_ptm_model_2_seed_044 recycle=2 pLDDT=95.1 pTM=0.794 tol=0.0733
2026-07-22 19:12:36,548 alphafold2_ptm_model_2_seed_044 recycle=3 pLDDT=94.5 pTM=0.797 tol=0.15
2026-07-22 19:12:36,549 alphafold2_ptm_model_2_seed_044 took 0.8s (3 recycles)
2026-07-22 19:12:36,761 alphafold2_ptm_model_3_seed_044 recycle=0 pLDDT=90.2 pTM=0.72
2026-07-22 19:12:36,959 alphafold2_ptm_model_3_seed_044 recycle=1 pLDDT=92.8 pTM=0.757 tol=0.214
2026-07-22 19:12:37,156 alphafold2_ptm_model_3_seed_044 recycle=2 pLDDT=93.4 pTM=0.764 tol=0.077
2026-07-22 19:12:37,354 alphafold2_ptm_model_3_seed_044 recycle=3 pLDDT=93.9 pTM=0.772 tol=0.0364
2026-07-22 19:12:37,355 alphafold2_ptm_model_3_seed_044 took 0.8s (3 recycles)
2026-07-22 19:12:37,572 alphafold2_ptm_model_4_seed_044 recycle=0 pLDDT=92.1 pTM=0.763
2026-07-22 19:12:37,771 alphafold2_ptm_model_4_seed_044 recycle=1 pLDDT=94 pTM=0.797 tol=0.124
2026-07-22 19:12:37,970 alphafold2_ptm_model_4_seed_044 recycle=2 pLDDT=94.4 pTM=0.804 tol=0.03
2026-07-22 19:12:38,169 alphafold2_ptm_model_4_seed_044 recycle=3 pLDDT=94.6 pTM=0.806 tol=0.0267
2026-07-22 19:12:38,169 alphafold2_ptm_model_4_seed_044 took 0.8s (3 recycles)
2026-07-22 19:12:38,378 alphafold2_ptm_model_5_seed_044 recycle=0 pLDDT=90.6 pTM=0.739
2026-07-22 19:12:38,575 alphafold2_ptm_model_5_seed_044 recycle=1 pLDDT=93.4 pTM=0.771 tol=0.274
2026-07-22 19:12:38,772 alphafold2_ptm_model_5_seed_044 recycle=2 pLDDT=93.7 pTM=0.776 tol=0.0467
2026-07-22 19:12:38,970 alphafold2_ptm_model_5_seed_044 recycle=3 pLDDT=94.1 pTM=0.78 tol=0.0273
2026-07-22 19:12:38,970 alphafold2_ptm_model_5_seed_044 took 0.8s (3 recycles)
2026-07-22 19:12:38,986 reranking models by 'plddt' metric
2026-07-22 19:12:38,986 rank_001_alphafold2_ptm_model_4_seed_043 pLDDT=94.6 pTM=0.807
2026-07-22 19:12:38,988 rank_002_alphafold2_ptm_model_4_seed_042 pLDDT=94.6 pTM=0.807
2026-07-22 19:12:38,989 rank_003_alphafold2_ptm_model_4_seed_044 pLDDT=94.6 pTM=0.806
2026-07-22 19:12:38,990 rank_004_alphafold2_ptm_model_2_seed_044 pLDDT=94.5 pTM=0.797
2026-07-22 19:12:38,992 rank_005_alphafold2_ptm_model_2_seed_043 pLDDT=94.4 pTM=0.796
2026-07-22 19:12:38,993 rank_006_alphafold2_ptm_model_2_seed_042 pLDDT=94.4 pTM=0.796
2026-07-22 19:12:38,994 rank_007_alphafold2_ptm_model_5_seed_042 pLDDT=94.2 pTM=0.781
2026-07-22 19:12:38,995 rank_008_alphafold2_ptm_model_5_seed_044 pLDDT=94.1 pTM=0.78
2026-07-22 19:12:38,997 rank_009_alphafold2_ptm_model_5_seed_043 pLDDT=94.1 pTM=0.779
2026-07-22 19:12:38,998 rank_010_alphafold2_ptm_model_3_seed_042 pLDDT=94 pTM=0.776
2026-07-22 19:12:38,999 rank_011_alphafold2_ptm_model_3_seed_044 pLDDT=93.9 pTM=0.772
2026-07-22 19:12:39,000 rank_012_alphafold2_ptm_model_3_seed_043 pLDDT=93.8 pTM=0.771
2026-07-22 19:12:39,001 rank_013_alphafold2_ptm_model_1_seed_044 pLDDT=93 pTM=0.763
2026-07-22 19:12:39,003 rank_014_alphafold2_ptm_model_1_seed_043 pLDDT=92.9 pTM=0.761
2026-07-22 19:12:39,004 rank_015_alphafold2_ptm_model_1_seed_042 pLDDT=92.8 pTM=0.762
2026-07-22 19:12:40,926 Query 5/426: 5KPH_4_4_2_0_combined_id7 (length 72)
2026-07-22 19:12:42,453 Padding length to 82
2026-07-22 19:12:42,648 alphafold2_ptm_model_1_seed_042 recycle=0 pLDDT=88.3 pTM=0.651
2026-07-22 19:12:42,844 alphafold2_ptm_model_1_seed_042 recycle=1 pLDDT=90.9 pTM=0.71 tol=0.149
2026-07-22 19:12:43,041 alphafold2_ptm_model_1_seed_042 recycle=2 pLDDT=91.1 pTM=0.717 tol=0.055
2026-07-22 19:12:43,237 alphafold2_ptm_model_1_seed_042 recycle=3 pLDDT=91.2 pTM=0.72 tol=0.0265
2026-07-22 19:12:43,237 alphafold2_ptm_model_1_seed_042 took 0.8s (3 recycles)
2026-07-22 19:12:43,450 alphafold2_ptm_model_2_seed_042 recycle=0 pLDDT=91.8 pTM=0.735
2026-07-22 19:12:43,646 alphafold2_ptm_model_2_seed_042 recycle=1 pLDDT=92.9 pTM=0.767 tol=0.111
2026-07-22 19:12:43,843 alphafold2_ptm_model_2_seed_042 recycle=2 pLDDT=92.9 pTM=0.771 tol=0.0404
2026-07-22 19:12:44,039 alphafold2_ptm_model_2_seed_042 recycle=3 pLDDT=93 pTM=0.774 tol=0.0126
2026-07-22 19:12:44,039 alphafold2_ptm_model_2_seed_042 took 0.8s (3 recycles)
2026-07-22 19:12:44,248 alphafold2_ptm_model_3_seed_042 recycle=0 pLDDT=90.4 pTM=0.697
2026-07-22 19:12:44,444 alphafold2_ptm_model_3_seed_042 recycle=1 pLDDT=91.8 pTM=0.728 tol=0.124
2026-07-22 19:12:44,639 alphafold2_ptm_model_3_seed_042 recycle=2 pLDDT=91.9 pTM=0.725 tol=0.0483
2026-07-22 19:12:44,835 alphafold2_ptm_model_3_seed_042 recycle=3 pLDDT=92 pTM=0.731 tol=0.0436
2026-07-22 19:12:44,835 alphafold2_ptm_model_3_seed_042 took 0.8s (3 recycles)
2026-07-22 19:12:45,047 alphafold2_ptm_model_4_seed_042 recycle=0 pLDDT=90 pTM=0.696
2026-07-22 19:12:45,242 alphafold2_ptm_model_4_seed_042 recycle=1 pLDDT=91.9 pTM=0.731 tol=0.112
2026-07-22 19:12:45,438 alphafold2_ptm_model_4_seed_042 recycle=2 pLDDT=92.2 pTM=0.744 tol=0.0331
2026-07-22 19:12:45,633 alphafold2_ptm_model_4_seed_042 recycle=3 pLDDT=92.5 pTM=0.749 tol=0.0262
2026-07-22 19:12:45,633 alphafold2_ptm_model_4_seed_042 took 0.8s (3 recycles)
2026-07-22 19:12:45,844 alphafold2_ptm_model_5_seed_042 recycle=0 pLDDT=89.9 pTM=0.69
2026-07-22 19:12:46,040 alphafold2_ptm_model_5_seed_042 recycle=1 pLDDT=92 pTM=0.732 tol=0.16
2026-07-22 19:12:46,237 alphafold2_ptm_model_5_seed_042 recycle=2 pLDDT=92.5 pTM=0.743 tol=0.0574
2026-07-22 19:12:46,433 alphafold2_ptm_model_5_seed_042 recycle=3 pLDDT=92.7 pTM=0.746 tol=0.03
2026-07-22 19:12:46,433 alphafold2_ptm_model_5_seed_042 took 0.8s (3 recycles)
2026-07-22 19:12:47,218 Padding length to 82
2026-07-22 19:12:47,412 alphafold2_ptm_model_1_seed_043 recycle=0 pLDDT=88.4 pTM=0.65
2026-07-22 19:12:47,607 alphafold2_ptm_model_1_seed_043 recycle=1 pLDDT=90.9 pTM=0.711 tol=0.152
2026-07-22 19:12:47,802 alphafold2_ptm_model_1_seed_043 recycle=2 pLDDT=91.1 pTM=0.717 tol=0.0619
2026-07-22 19:12:47,997 alphafold2_ptm_model_1_seed_043 recycle=3 pLDDT=91.1 pTM=0.72 tol=0.0256
2026-07-22 19:12:47,997 alphafold2_ptm_model_1_seed_043 took 0.8s (3 recycles)
2026-07-22 19:12:48,208 alphafold2_ptm_model_2_seed_043 recycle=0 pLDDT=91.9 pTM=0.737
2026-07-22 19:12:48,404 alphafold2_ptm_model_2_seed_043 recycle=1 pLDDT=93 pTM=0.768 tol=0.0978
2026-07-22 19:12:48,601 alphafold2_ptm_model_2_seed_043 recycle=2 pLDDT=92.9 pTM=0.772 tol=0.0375
2026-07-22 19:12:48,797 alphafold2_ptm_model_2_seed_043 recycle=3 pLDDT=92.9 pTM=0.772 tol=0.0196
2026-07-22 19:12:48,797 alphafold2_ptm_model_2_seed_043 took 0.8s (3 recycles)
2026-07-22 19:12:49,004 alphafold2_ptm_model_3_seed_043 recycle=0 pLDDT=90.5 pTM=0.697
2026-07-22 19:12:49,200 alphafold2_ptm_model_3_seed_043 recycle=1 pLDDT=91.9 pTM=0.729 tol=0.123
2026-07-22 19:12:49,395 alphafold2_ptm_model_3_seed_043 recycle=2 pLDDT=91.9 pTM=0.725 tol=0.0517
2026-07-22 19:12:49,590 alphafold2_ptm_model_3_seed_043 recycle=3 pLDDT=92 pTM=0.732 tol=0.0434
2026-07-22 19:12:49,590 alphafold2_ptm_model_3_seed_043 took 0.8s (3 recycles)
2026-07-22 19:12:49,808 alphafold2_ptm_model_4_seed_043 recycle=0 pLDDT=89.8 pTM=0.691
2026-07-22 19:12:50,004 alphafold2_ptm_model_4_seed_043 recycle=1 pLDDT=91.9 pTM=0.732 tol=0.113
2026-07-22 19:12:50,201 alphafold2_ptm_model_4_seed_043 recycle=2 pLDDT=92.2 pTM=0.742 tol=0.0345
2026-07-22 19:12:50,397 alphafold2_ptm_model_4_seed_043 recycle=3 pLDDT=92.5 pTM=0.75 tol=0.0263
2026-07-22 19:12:50,397 alphafold2_ptm_model_4_seed_043 took 0.8s (3 recycles)
2026-07-22 19:12:50,608 alphafold2_ptm_model_5_seed_043 recycle=0 pLDDT=90.1 pTM=0.694
2026-07-22 19:12:50,804 alphafold2_ptm_model_5_seed_043 recycle=1 pLDDT=92.1 pTM=0.734 tol=0.121
2026-07-22 19:12:51,001 alphafold2_ptm_model_5_seed_043 recycle=2 pLDDT=92.6 pTM=0.744 tol=0.0471
2026-07-22 19:12:51,197 alphafold2_ptm_model_5_seed_043 recycle=3 pLDDT=92.8 pTM=0.746 tol=0.032
2026-07-22 19:12:51,197 alphafold2_ptm_model_5_seed_043 took 0.8s (3 recycles)
2026-07-22 19:12:52,292 Padding length to 82
2026-07-22 19:12:52,487 alphafold2_ptm_model_1_seed_044 recycle=0 pLDDT=88.1 pTM=0.643
2026-07-22 19:12:52,683 alphafold2_ptm_model_1_seed_044 recycle=1 pLDDT=90.8 pTM=0.708 tol=0.145
2026-07-22 19:12:52,879 alphafold2_ptm_model_1_seed_044 recycle=2 pLDDT=91.1 pTM=0.716 tol=0.0549
2026-07-22 19:12:53,075 alphafold2_ptm_model_1_seed_044 recycle=3 pLDDT=91.2 pTM=0.72 tol=0.0266
2026-07-22 19:12:53,075 alphafold2_ptm_model_1_seed_044 took 0.8s (3 recycles)
2026-07-22 19:12:53,289 alphafold2_ptm_model_2_seed_044 recycle=0 pLDDT=92.1 pTM=0.74
2026-07-22 19:12:53,486 alphafold2_ptm_model_2_seed_044 recycle=1 pLDDT=92.9 pTM=0.768 tol=0.103
2026-07-22 19:12:53,684 alphafold2_ptm_model_2_seed_044 recycle=2 pLDDT=92.9 pTM=0.771 tol=0.0463
2026-07-22 19:12:53,881 alphafold2_ptm_model_2_seed_044 recycle=3 pLDDT=92.9 pTM=0.773 tol=0.0151
2026-07-22 19:12:53,882 alphafold2_ptm_model_2_seed_044 took 0.8s (3 recycles)
2026-07-22 19:12:54,096 alphafold2_ptm_model_3_seed_044 recycle=0 pLDDT=90.4 pTM=0.699
2026-07-22 19:12:54,293 alphafold2_ptm_model_3_seed_044 recycle=1 pLDDT=91.8 pTM=0.727 tol=0.127
2026-07-22 19:12:54,490 alphafold2_ptm_model_3_seed_044 recycle=2 pLDDT=91.9 pTM=0.724 tol=0.0558
2026-07-22 19:12:54,687 alphafold2_ptm_model_3_seed_044 recycle=3 pLDDT=92 pTM=0.732 tol=0.0417
2026-07-22 19:12:54,687 alphafold2_ptm_model_3_seed_044 took 0.8s (3 recycles)
2026-07-22 19:12:54,899 alphafold2_ptm_model_4_seed_044 recycle=0 pLDDT=89.9 pTM=0.692
2026-07-22 19:12:55,094 alphafold2_ptm_model_4_seed_044 recycle=1 pLDDT=91.9 pTM=0.731 tol=0.119
2026-07-22 19:12:55,290 alphafold2_ptm_model_4_seed_044 recycle=2 pLDDT=92.1 pTM=0.741 tol=0.036
2026-07-22 19:12:55,485 alphafold2_ptm_model_4_seed_044 recycle=3 pLDDT=92.4 pTM=0.749 tol=0.0345
2026-07-22 19:12:55,485 alphafold2_ptm_model_4_seed_044 took 0.8s (3 recycles)
2026-07-22 19:12:55,695 alphafold2_ptm_model_5_seed_044 recycle=0 pLDDT=89.7 pTM=0.687
2026-07-22 19:12:55,890 alphafold2_ptm_model_5_seed_044 recycle=1 pLDDT=91.9 pTM=0.73 tol=0.146
2026-07-22 19:12:56,086 alphafold2_ptm_model_5_seed_044 recycle=2 pLDDT=92.4 pTM=0.742 tol=0.0509
2026-07-22 19:12:56,282 alphafold2_ptm_model_5_seed_044 recycle=3 pLDDT=92.8 pTM=0.747 tol=0.0317
2026-07-22 19:12:56,283 alphafold2_ptm_model_5_seed_044 took 0.8s (3 recycles)
2026-07-22 19:12:56,321 reranking models by 'plddt' metric
2026-07-22 19:12:56,321 rank_001_alphafold2_ptm_model_2_seed_042 pLDDT=93 pTM=0.774
2026-07-22 19:12:56,322 rank_002_alphafold2_ptm_model_2_seed_044 pLDDT=92.9 pTM=0.773
2026-07-22 19:12:56,324 rank_003_alphafold2_ptm_model_2_seed_043 pLDDT=92.9 pTM=0.772
2026-07-22 19:12:56,325 rank_004_alphafold2_ptm_model_5_seed_044 pLDDT=92.8 pTM=0.747
2026-07-22 19:12:56,326 rank_005_alphafold2_ptm_model_5_seed_043 pLDDT=92.8 pTM=0.746
2026-07-22 19:12:56,328 rank_006_alphafold2_ptm_model_5_seed_042 pLDDT=92.7 pTM=0.746
2026-07-22 19:12:56,329 rank_007_alphafold2_ptm_model_4_seed_043 pLDDT=92.5 pTM=0.75
2026-07-22 19:12:56,330 rank_008_alphafold2_ptm_model_4_seed_042 pLDDT=92.5 pTM=0.749
2026-07-22 19:12:56,331 rank_009_alphafold2_ptm_model_4_seed_044 pLDDT=92.4 pTM=0.749
2026-07-22 19:12:56,332 rank_010_alphafold2_ptm_model_3_seed_044 pLDDT=92 pTM=0.732
2026-07-22 19:12:56,333 rank_011_alphafold2_ptm_model_3_seed_043 pLDDT=92 pTM=0.732
2026-07-22 19:12:56,334 rank_012_alphafold2_ptm_model_3_seed_042 pLDDT=92 pTM=0.731
2026-07-22 19:12:56,335 rank_013_alphafold2_ptm_model_1_seed_044 pLDDT=91.2 pTM=0.72
2026-07-22 19:12:56,337 rank_014_alphafold2_ptm_model_1_seed_042 pLDDT=91.2 pTM=0.72
2026-07-22 19:12:56,338 rank_015_alphafold2_ptm_model_1_seed_043 pLDDT=91.1 pTM=0.72
2026-07-22 19:12:58,375 Query 6/426: 5KPH_4_4_2_0_combined_id6 (length 72)
2026-07-22 19:12:59,910 Padding length to 82
2026-07-22 19:13:00,105 alphafold2_ptm_model_1_seed_042 recycle=0 pLDDT=85.6 pTM=0.602
2026-07-22 19:13:00,298 alphafold2_ptm_model_1_seed_042 recycle=1 pLDDT=87.3 pTM=0.643 tol=0.302
2026-07-22 19:13:00,492 alphafold2_ptm_model_1_seed_042 recycle=2 pLDDT=88.1 pTM=0.656 tol=0.059
2026-07-22 19:13:00,686 alphafold2_ptm_model_1_seed_042 recycle=3 pLDDT=88.5 pTM=0.665 tol=0.0366
2026-07-22 19:13:00,686 alphafold2_ptm_model_1_seed_042 took 0.8s (3 recycles)
2026-07-22 19:13:00,900 alphafold2_ptm_model_2_seed_042 recycle=0 pLDDT=89.4 pTM=0.687
2026-07-22 19:13:01,094 alphafold2_ptm_model_2_seed_042 recycle=1 pLDDT=89.3 pTM=0.707 tol=0.218
2026-07-22 19:13:01,289 alphafold2_ptm_model_2_seed_042 recycle=2 pLDDT=89.6 pTM=0.715 tol=0.0551
2026-07-22 19:13:01,484 alphafold2_ptm_model_2_seed_042 recycle=3 pLDDT=89.9 pTM=0.723 tol=0.0308
2026-07-22 19:13:01,485 alphafold2_ptm_model_2_seed_042 took 0.8s (3 recycles)
2026-07-22 19:13:01,709 alphafold2_ptm_model_3_seed_042 recycle=0 pLDDT=86.3 pTM=0.62
2026-07-22 19:13:01,904 alphafold2_ptm_model_3_seed_042 recycle=1 pLDDT=89.6 pTM=0.685 tol=0.221
2026-07-22 19:13:02,099 alphafold2_ptm_model_3_seed_042 recycle=2 pLDDT=90.2 pTM=0.699 tol=0.0687
2026-07-22 19:13:02,294 alphafold2_ptm_model_3_seed_042 recycle=3 pLDDT=90.5 pTM=0.704 tol=0.0499
2026-07-22 19:13:02,295 alphafold2_ptm_model_3_seed_042 took 0.8s (3 recycles)
2026-07-22 19:13:02,506 alphafold2_ptm_model_4_seed_042 recycle=0 pLDDT=86.9 pTM=0.632
2026-07-22 19:13:02,700 alphafold2_ptm_model_4_seed_042 recycle=1 pLDDT=89 pTM=0.679 tol=0.183
2026-07-22 19:13:02,894 alphafold2_ptm_model_4_seed_042 recycle=2 pLDDT=89.2 pTM=0.687 tol=0.0804
2026-07-22 19:13:03,088 alphafold2_ptm_model_4_seed_042 recycle=3 pLDDT=89.7 pTM=0.694 tol=0.0663
2026-07-22 19:13:03,089 alphafold2_ptm_model_4_seed_042 took 0.8s (3 recycles)
2026-07-22 19:13:03,297 alphafold2_ptm_model_5_seed_042 recycle=0 pLDDT=88.3 pTM=0.676
2026-07-22 19:13:03,492 alphafold2_ptm_model_5_seed_042 recycle=1 pLDDT=90.6 pTM=0.711 tol=0.234
2026-07-22 19:13:03,687 alphafold2_ptm_model_5_seed_042 recycle=2 pLDDT=91.1 pTM=0.721 tol=0.0671
2026-07-22 19:13:03,882 alphafold2_ptm_model_5_seed_042 recycle=3 pLDDT=91.4 pTM=0.725 tol=0.0347
2026-07-22 19:13:03,882 alphafold2_ptm_model_5_seed_042 took 0.8s (3 recycles)
2026-07-22 19:13:04,639 Padding length to 82
2026-07-22 19:13:04,834 alphafold2_ptm_model_1_seed_043 recycle=0 pLDDT=84.5 pTM=0.584
2026-07-22 19:13:05,028 alphafold2_ptm_model_1_seed_043 recycle=1 pLDDT=86.5 pTM=0.63 tol=0.402
2026-07-22 19:13:05,222 alphafold2_ptm_model_1_seed_043 recycle=2 pLDDT=87.2 pTM=0.643 tol=0.0592
2026-07-22 19:13:05,416 alphafold2_ptm_model_1_seed_043 recycle=3 pLDDT=87.7 pTM=0.651 tol=0.0588
2026-07-22 19:13:05,417 alphafold2_ptm_model_1_seed_043 took 0.8s (3 recycles)
2026-07-22 19:13:05,627 alphafold2_ptm_model_2_seed_043 recycle=0 pLDDT=88.9 pTM=0.679
2026-07-22 19:13:05,821 alphafold2_ptm_model_2_seed_043 recycle=1 pLDDT=89 pTM=0.702 tol=0.224
2026-07-22 19:13:06,016 alphafold2_ptm_model_2_seed_043 recycle=2 pLDDT=89.4 pTM=0.712 tol=0.0723
2026-07-22 19:13:06,210 alphafold2_ptm_model_2_seed_043 recycle=3 pLDDT=89.8 pTM=0.72 tol=0.0376
2026-07-22 19:13:06,210 alphafold2_ptm_model_2_seed_043 took 0.8s (3 recycles)
2026-07-22 19:13:06,420 alphafold2_ptm_model_3_seed_043 recycle=0 pLDDT=86.2 pTM=0.62
2026-07-22 19:13:06,616 alphafold2_ptm_model_3_seed_043 recycle=1 pLDDT=89.6 pTM=0.684 tol=0.167
2026-07-22 19:13:06,810 alphafold2_ptm_model_3_seed_043 recycle=2 pLDDT=90.2 pTM=0.699 tol=0.0643
2026-07-22 19:13:07,006 alphafold2_ptm_model_3_seed_043 recycle=3 pLDDT=90.4 pTM=0.701 tol=0.0471
2026-07-22 19:13:07,006 alphafold2_ptm_model_3_seed_043 took 0.8s (3 recycles)
2026-07-22 19:13:07,220 alphafold2_ptm_model_4_seed_043 recycle=0 pLDDT=86.6 pTM=0.626
2026-07-22 19:13:07,415 alphafold2_ptm_model_4_seed_043 recycle=1 pLDDT=89.2 pTM=0.673 tol=0.217
2026-07-22 19:13:07,609 alphafold2_ptm_model_4_seed_043 recycle=2 pLDDT=89.6 pTM=0.681 tol=0.0647
2026-07-22 19:13:07,803 alphafold2_ptm_model_4_seed_043 recycle=3 pLDDT=89.9 pTM=0.687 tol=0.0433
2026-07-22 19:13:07,803 alphafold2_ptm_model_4_seed_043 took 0.8s (3 recycles)
2026-07-22 19:13:08,011 alphafold2_ptm_model_5_seed_043 recycle=0 pLDDT=87.9 pTM=0.675
2026-07-22 19:13:08,204 alphafold2_ptm_model_5_seed_043 recycle=1 pLDDT=90.6 pTM=0.708 tol=0.237
2026-07-22 19:13:08,398 alphafold2_ptm_model_5_seed_043 recycle=2 pLDDT=91.1 pTM=0.72 tol=0.067
2026-07-22 19:13:08,593 alphafold2_ptm_model_5_seed_043 recycle=3 pLDDT=91.3 pTM=0.724 tol=0.038
2026-07-22 19:13:08,593 alphafold2_ptm_model_5_seed_043 took 0.8s (3 recycles)
2026-07-22 19:13:09,390 Padding length to 82
2026-07-22 19:13:09,586 alphafold2_ptm_model_1_seed_044 recycle=0 pLDDT=86.1 pTM=0.604
2026-07-22 19:13:09,781 alphafold2_ptm_model_1_seed_044 recycle=1 pLDDT=88.1 pTM=0.655 tol=0.233
2026-07-22 19:13:09,976 alphafold2_ptm_model_1_seed_044 recycle=2 pLDDT=88.7 pTM=0.667 tol=0.0694
2026-07-22 19:13:10,174 alphafold2_ptm_model_1_seed_044 recycle=3 pLDDT=89 pTM=0.673 tol=0.0326
2026-07-22 19:13:10,174 alphafold2_ptm_model_1_seed_044 took 0.8s (3 recycles)
2026-07-22 19:13:10,394 alphafold2_ptm_model_2_seed_044 recycle=0 pLDDT=89.2 pTM=0.684
2026-07-22 19:13:10,589 alphafold2_ptm_model_2_seed_044 recycle=1 pLDDT=89.2 pTM=0.706 tol=0.227
2026-07-22 19:13:10,783 alphafold2_ptm_model_2_seed_044 recycle=2 pLDDT=89.4 pTM=0.713 tol=0.0532
2026-07-22 19:13:10,976 alphafold2_ptm_model_2_seed_044 recycle=3 pLDDT=89.8 pTM=0.722 tol=0.0417
2026-07-22 19:13:10,976 alphafold2_ptm_model_2_seed_044 took 0.8s (3 recycles)
2026-07-22 19:13:11,183 alphafold2_ptm_model_3_seed_044 recycle=0 pLDDT=86.6 pTM=0.627
2026-07-22 19:13:11,377 alphafold2_ptm_model_3_seed_044 recycle=1 pLDDT=89.6 pTM=0.684 tol=0.2
2026-07-22 19:13:11,571 alphafold2_ptm_model_3_seed_044 recycle=2 pLDDT=90.2 pTM=0.697 tol=0.0573
2026-07-22 19:13:11,765 alphafold2_ptm_model_3_seed_044 recycle=3 pLDDT=90.4 pTM=0.702 tol=0.0531
2026-07-22 19:13:11,765 alphafold2_ptm_model_3_seed_044 took 0.8s (3 recycles)
2026-07-22 19:13:11,981 alphafold2_ptm_model_4_seed_044 recycle=0 pLDDT=86.7 pTM=0.626
2026-07-22 19:13:12,177 alphafold2_ptm_model_4_seed_044 recycle=1 pLDDT=89 pTM=0.671 tol=0.225
2026-07-22 19:13:12,371 alphafold2_ptm_model_4_seed_044 recycle=2 pLDDT=89.6 pTM=0.681 tol=0.0616
2026-07-22 19:13:12,564 alphafold2_ptm_model_4_seed_044 recycle=3 pLDDT=89.8 pTM=0.686 tol=0.0428
2026-07-22 19:13:12,564 alphafold2_ptm_model_4_seed_044 took 0.8s (3 recycles)
2026-07-22 19:13:12,775 alphafold2_ptm_model_5_seed_044 recycle=0 pLDDT=88.2 pTM=0.67
2026-07-22 19:13:12,970 alphafold2_ptm_model_5_seed_044 recycle=1 pLDDT=90.4 pTM=0.708 tol=0.272
2026-07-22 19:13:13,164 alphafold2_ptm_model_5_seed_044 recycle=2 pLDDT=91.3 pTM=0.715 tol=0.0739
2026-07-22 19:13:13,360 alphafold2_ptm_model_5_seed_044 recycle=3 pLDDT=91.8 pTM=0.718 tol=0.0492
2026-07-22 19:13:13,360 alphafold2_ptm_model_5_seed_044 took 0.8s (3 recycles)
2026-07-22 19:13:13,394 reranking models by 'plddt' metric
2026-07-22 19:13:13,394 rank_001_alphafold2_ptm_model_5_seed_044 pLDDT=91.8 pTM=0.718
2026-07-22 19:13:13,395 rank_002_alphafold2_ptm_model_5_seed_042 pLDDT=91.4 pTM=0.725
2026-07-22 19:13:13,397 rank_003_alphafold2_ptm_model_5_seed_043 pLDDT=91.3 pTM=0.724
2026-07-22 19:13:13,398 rank_004_alphafold2_ptm_model_3_seed_042 pLDDT=90.5 pTM=0.704
2026-07-22 19:13:13,399 rank_005_alphafold2_ptm_model_3_seed_044 pLDDT=90.4 pTM=0.702
2026-07-22 19:13:13,400 rank_006_alphafold2_ptm_model_3_seed_043 pLDDT=90.4 pTM=0.701
2026-07-22 19:13:13,402 rank_007_alphafold2_ptm_model_4_seed_043 pLDDT=89.9 pTM=0.687
2026-07-22 19:13:13,403 rank_008_alphafold2_ptm_model_2_seed_042 pLDDT=89.9 pTM=0.723
2026-07-22 19:13:13,404 rank_009_alphafold2_ptm_model_4_seed_044 pLDDT=89.8 pTM=0.686
2026-07-22 19:13:13,405 rank_010_alphafold2_ptm_model_2_seed_044 pLDDT=89.8 pTM=0.722
2026-07-22 19:13:13,407 rank_011_alphafold2_ptm_model_2_seed_043 pLDDT=89.8 pTM=0.72
2026-07-22 19:13:13,408 rank_012_alphafold2_ptm_model_4_seed_042 pLDDT=89.7 pTM=0.694
2026-07-22 19:13:13,409 rank_013_alphafold2_ptm_model_1_seed_044 pLDDT=89 pTM=0.673
2026-07-22 19:13:13,410 rank_014_alphafold2_ptm_model_1_seed_042 pLDDT=88.5 pTM=0.665
2026-07-22 19:13:13,412 rank_015_alphafold2_ptm_model_1_seed_043 pLDDT=87.7 pTM=0.651
2026-07-22 19:13:15,520 Query 7/426: 5KPH_4_6_0_0_combined_id5 (length 72)
2026-07-22 19:13:16,972 Padding length to 82
2026-07-22 19:13:17,168 alphafold2_ptm_model_1_seed_042 recycle=0 pLDDT=92.1 pTM=0.734
2026-07-22 19:13:17,367 alphafold2_ptm_model_1_seed_042 recycle=1 pLDDT=94.5 pTM=0.785 tol=0.175
2026-07-22 19:13:17,567 alphafold2_ptm_model_1_seed_042 recycle=2 pLDDT=95.2 pTM=0.801 tol=0.0348
2026-07-22 19:13:17,767 alphafold2_ptm_model_1_seed_042 recycle=3 pLDDT=95.4 pTM=0.805 tol=0.0196
2026-07-22 19:13:17,767 alphafold2_ptm_model_1_seed_042 took 0.8s (3 recycles)
2026-07-22 19:13:17,983 alphafold2_ptm_model_2_seed_042 recycle=0 pLDDT=93.9 pTM=0.764
2026-07-22 19:13:18,182 alphafold2_ptm_model_2_seed_042 recycle=1 pLDDT=95.3 pTM=0.798 tol=0.135
2026-07-22 19:13:18,383 alphafold2_ptm_model_2_seed_042 recycle=2 pLDDT=95.9 pTM=0.811 tol=0.046
2026-07-22 19:13:18,585 alphafold2_ptm_model_2_seed_042 recycle=3 pLDDT=96.2 pTM=0.815 tol=0.0192
2026-07-22 19:13:18,585 alphafold2_ptm_model_2_seed_042 took 0.8s (3 recycles)
2026-07-22 19:13:18,797 alphafold2_ptm_model_3_seed_042 recycle=0 pLDDT=91.4 pTM=0.736
2026-07-22 19:13:18,994 alphafold2_ptm_model_3_seed_042 recycle=1 pLDDT=92 pTM=0.754 tol=0.148
2026-07-22 19:13:19,191 alphafold2_ptm_model_3_seed_042 recycle=2 pLDDT=93.1 pTM=0.772 tol=0.0665
2026-07-22 19:13:19,389 alphafold2_ptm_model_3_seed_042 recycle=3 pLDDT=94.2 pTM=0.789 tol=0.056
2026-07-22 19:13:19,390 alphafold2_ptm_model_3_seed_042 took 0.8s (3 recycles)
2026-07-22 19:13:19,604 alphafold2_ptm_model_4_seed_042 recycle=0 pLDDT=91.9 pTM=0.771
2026-07-22 19:13:19,802 alphafold2_ptm_model_4_seed_042 recycle=1 pLDDT=93.7 pTM=0.796 tol=0.121
2026-07-22 19:13:20,002 alphafold2_ptm_model_4_seed_042 recycle=2 pLDDT=94.6 pTM=0.809 tol=0.0412
2026-07-22 19:13:20,202 alphafold2_ptm_model_4_seed_042 recycle=3 pLDDT=95.1 pTM=0.814 tol=0.031
2026-07-22 19:13:20,203 alphafold2_ptm_model_4_seed_042 took 0.8s (3 recycles)
2026-07-22 19:13:20,425 alphafold2_ptm_model_5_seed_042 recycle=0 pLDDT=93.1 pTM=0.757
2026-07-22 19:13:20,624 alphafold2_ptm_model_5_seed_042 recycle=1 pLDDT=94.9 pTM=0.788 tol=0.12
2026-07-22 19:13:20,823 alphafold2_ptm_model_5_seed_042 recycle=2 pLDDT=95.3 pTM=0.795 tol=0.0497
2026-07-22 19:13:21,022 alphafold2_ptm_model_5_seed_042 recycle=3 pLDDT=95.6 pTM=0.798 tol=0.0244
2026-07-22 19:13:21,023 alphafold2_ptm_model_5_seed_042 took 0.8s (3 recycles)
2026-07-22 19:13:22,067 Padding length to 82
2026-07-22 19:13:22,264 alphafold2_ptm_model_1_seed_043 recycle=0 pLDDT=92.8 pTM=0.742
2026-07-22 19:13:22,464 alphafold2_ptm_model_1_seed_043 recycle=1 pLDDT=94.9 pTM=0.789 tol=0.158
2026-07-22 19:13:22,664 alphafold2_ptm_model_1_seed_043 recycle=2 pLDDT=95.4 pTM=0.799 tol=0.0329
2026-07-22 19:13:22,865 alphafold2_ptm_model_1_seed_043 recycle=3 pLDDT=95.6 pTM=0.802 tol=0.0211
2026-07-22 19:13:22,865 alphafold2_ptm_model_1_seed_043 took 0.8s (3 recycles)
2026-07-22 19:13:23,079 alphafold2_ptm_model_2_seed_043 recycle=0 pLDDT=94.3 pTM=0.77
2026-07-22 19:13:23,278 alphafold2_ptm_model_2_seed_043 recycle=1 pLDDT=95.4 pTM=0.801 tol=0.132
2026-07-22 19:13:23,478 alphafold2_ptm_model_2_seed_043 recycle=2 pLDDT=95.9 pTM=0.811 tol=0.0396
2026-07-22 19:13:23,679 alphafold2_ptm_model_2_seed_043 recycle=3 pLDDT=96.2 pTM=0.816 tol=0.0186
2026-07-22 19:13:23,679 alphafold2_ptm_model_2_seed_043 took 0.8s (3 recycles)
2026-07-22 19:13:23,890 alphafold2_ptm_model_3_seed_043 recycle=0 pLDDT=90.9 pTM=0.728
2026-07-22 19:13:24,086 alphafold2_ptm_model_3_seed_043 recycle=1 pLDDT=91.9 pTM=0.754 tol=0.174
2026-07-22 19:13:24,285 alphafold2_ptm_model_3_seed_043 recycle=2 pLDDT=92.9 pTM=0.769 tol=0.0706
2026-07-22 19:13:24,484 alphafold2_ptm_model_3_seed_043 recycle=3 pLDDT=94.1 pTM=0.786 tol=0.0508
2026-07-22 19:13:24,484 alphafold2_ptm_model_3_seed_043 took 0.8s (3 recycles)
2026-07-22 19:13:24,701 alphafold2_ptm_model_4_seed_043 recycle=0 pLDDT=90.6 pTM=0.75
2026-07-22 19:13:24,900 alphafold2_ptm_model_4_seed_043 recycle=1 pLDDT=93.3 pTM=0.792 tol=0.129
2026-07-22 19:13:25,099 alphafold2_ptm_model_4_seed_043 recycle=2 pLDDT=94.4 pTM=0.805 tol=0.0459
2026-07-22 19:13:25,299 alphafold2_ptm_model_4_seed_043 recycle=3 pLDDT=95 pTM=0.812 tol=0.0312
2026-07-22 19:13:25,300 alphafold2_ptm_model_4_seed_043 took 0.8s (3 recycles)
2026-07-22 19:13:25,514 alphafold2_ptm_model_5_seed_043 recycle=0 pLDDT=93.1 pTM=0.758
2026-07-22 19:13:25,713 alphafold2_ptm_model_5_seed_043 recycle=1 pLDDT=95.1 pTM=0.791 tol=0.122
2026-07-22 19:13:25,914 alphafold2_ptm_model_5_seed_043 recycle=2 pLDDT=95.4 pTM=0.796 tol=0.0512
2026-07-22 19:13:26,115 alphafold2_ptm_model_5_seed_043 recycle=3 pLDDT=95.8 pTM=0.799 tol=0.0231
2026-07-22 19:13:26,116 alphafold2_ptm_model_5_seed_043 took 0.8s (3 recycles)
2026-07-22 19:13:26,834 Padding length to 82
2026-07-22 19:13:27,030 alphafold2_ptm_model_1_seed_044 recycle=0 pLDDT=92.6 pTM=0.741
2026-07-22 19:13:27,229 alphafold2_ptm_model_1_seed_044 recycle=1 pLDDT=94.7 pTM=0.787 tol=0.164
2026-07-22 19:13:27,429 alphafold2_ptm_model_1_seed_044 recycle=2 pLDDT=95.3 pTM=0.798 tol=0.0329
2026-07-22 19:13:27,630 alphafold2_ptm_model_1_seed_044 recycle=3 pLDDT=95.5 pTM=0.802 tol=0.0199
2026-07-22 19:13:27,630 alphafold2_ptm_model_1_seed_044 took 0.8s (3 recycles)
2026-07-22 19:13:27,871 alphafold2_ptm_model_2_seed_044 recycle=0 pLDDT=94.1 pTM=0.767
2026-07-22 19:13:28,071 alphafold2_ptm_model_2_seed_044 recycle=1 pLDDT=95.5 pTM=0.803 tol=0.136
2026-07-22 19:13:28,271 alphafold2_ptm_model_2_seed_044 recycle=2 pLDDT=96 pTM=0.812 tol=0.0386
2026-07-22 19:13:28,471 alphafold2_ptm_model_2_seed_044 recycle=3 pLDDT=96.2 pTM=0.817 tol=0.0201
2026-07-22 19:13:28,472 alphafold2_ptm_model_2_seed_044 took 0.8s (3 recycles)
2026-07-22 19:13:28,686 alphafold2_ptm_model_3_seed_044 recycle=0 pLDDT=91.1 pTM=0.73
2026-07-22 19:13:28,884 alphafold2_ptm_model_3_seed_044 recycle=1 pLDDT=91.8 pTM=0.75 tol=0.178
2026-07-22 19:13:29,082 alphafold2_ptm_model_3_seed_044 recycle=2 pLDDT=92.7 pTM=0.767 tol=0.0742
2026-07-22 19:13:29,280 alphafold2_ptm_model_3_seed_044 recycle=3 pLDDT=93.9 pTM=0.783 tol=0.0522
2026-07-22 19:13:29,280 alphafold2_ptm_model_3_seed_044 took 0.8s (3 recycles)
2026-07-22 19:13:29,495 alphafold2_ptm_model_4_seed_044 recycle=0 pLDDT=91.4 pTM=0.755
2026-07-22 19:13:29,693 alphafold2_ptm_model_4_seed_044 recycle=1 pLDDT=93.4 pTM=0.795 tol=0.143
2026-07-22 19:13:29,892 alphafold2_ptm_model_4_seed_044 recycle=2 pLDDT=94.3 pTM=0.805 tol=0.0457
2026-07-22 19:13:30,091 alphafold2_ptm_model_4_seed_044 recycle=3 pLDDT=94.9 pTM=0.812 tol=0.032
2026-07-22 19:13:30,091 alphafold2_ptm_model_4_seed_044 took 0.8s (3 recycles)
2026-07-22 19:13:30,318 alphafold2_ptm_model_5_seed_044 recycle=0 pLDDT=93.1 pTM=0.756
2026-07-22 19:13:30,518 alphafold2_ptm_model_5_seed_044 recycle=1 pLDDT=95.1 pTM=0.79 tol=0.125
2026-07-22 19:13:30,718 alphafold2_ptm_model_5_seed_044 recycle=2 pLDDT=95.4 pTM=0.796 tol=0.0489
2026-07-22 19:13:30,918 alphafold2_ptm_model_5_seed_044 recycle=3 pLDDT=95.8 pTM=0.8 tol=0.0301
2026-07-22 19:13:30,918 alphafold2_ptm_model_5_seed_044 took 0.8s (3 recycles)
2026-07-22 19:13:30,936 reranking models by 'plddt' metric
2026-07-22 19:13:30,937 rank_001_alphafold2_ptm_model_2_seed_044 pLDDT=96.2 pTM=0.817
2026-07-22 19:13:30,938 rank_002_alphafold2_ptm_model_2_seed_043 pLDDT=96.2 pTM=0.816
2026-07-22 19:13:30,939 rank_003_alphafold2_ptm_model_2_seed_042 pLDDT=96.2 pTM=0.815
2026-07-22 19:13:30,940 rank_004_alphafold2_ptm_model_5_seed_044 pLDDT=95.8 pTM=0.8
2026-07-22 19:13:30,942 rank_005_alphafold2_ptm_model_5_seed_043 pLDDT=95.8 pTM=0.799
2026-07-22 19:13:30,943 rank_006_alphafold2_ptm_model_5_seed_042 pLDDT=95.6 pTM=0.798
2026-07-22 19:13:30,944 rank_007_alphafold2_ptm_model_1_seed_043 pLDDT=95.6 pTM=0.802
2026-07-22 19:13:30,945 rank_008_alphafold2_ptm_model_1_seed_044 pLDDT=95.5 pTM=0.802
2026-07-22 19:13:30,947 rank_009_alphafold2_ptm_model_1_seed_042 pLDDT=95.4 pTM=0.805
2026-07-22 19:13:30,948 rank_010_alphafold2_ptm_model_4_seed_042 pLDDT=95.1 pTM=0.814
2026-07-22 19:13:30,949 rank_011_alphafold2_ptm_model_4_seed_043 pLDDT=95 pTM=0.812
2026-07-22 19:13:30,951 rank_012_alphafold2_ptm_model_4_seed_044 pLDDT=94.9 pTM=0.812
2026-07-22 19:13:30,952 rank_013_alphafold2_ptm_model_3_seed_042 pLDDT=94.2 pTM=0.789
2026-07-22 19:13:30,953 rank_014_alphafold2_ptm_model_3_seed_043 pLDDT=94.1 pTM=0.786
2026-07-22 19:13:30,954 rank_015_alphafold2_ptm_model_3_seed_044 pLDDT=93.9 pTM=0.783
2026-07-22 19:13:32,931 Query 8/426: 5KPH_6_4_0_0_combined_id1 (length 72)
2026-07-22 19:13:34,374 Padding length to 82
2026-07-22 19:13:34,568 alphafold2_ptm_model_1_seed_042 recycle=0 pLDDT=87.6 pTM=0.672
2026-07-22 19:13:34,763 alphafold2_ptm_model_1_seed_042 recycle=1 pLDDT=86.5 pTM=0.672 tol=0.24
2026-07-22 19:13:34,957 alphafold2_ptm_model_1_seed_042 recycle=2 pLDDT=86.6 pTM=0.677 tol=0.127
2026-07-22 19:13:35,154 alphafold2_ptm_model_1_seed_042 recycle=3 pLDDT=86.2 pTM=0.674 tol=0.0836
2026-07-22 19:13:35,155 alphafold2_ptm_model_1_seed_042 took 0.8s (3 recycles)
2026-07-22 19:13:35,365 alphafold2_ptm_model_2_seed_042 recycle=0 pLDDT=90 pTM=0.729
2026-07-22 19:13:35,559 alphafold2_ptm_model_2_seed_042 recycle=1 pLDDT=88.1 pTM=0.712 tol=0.367
2026-07-22 19:13:35,753 alphafold2_ptm_model_2_seed_042 recycle=2 pLDDT=88.3 pTM=0.714 tol=0.0604
2026-07-22 19:13:35,948 alphafold2_ptm_model_2_seed_042 recycle=3 pLDDT=88.1 pTM=0.71 tol=0.0404
2026-07-22 19:13:35,948 alphafold2_ptm_model_2_seed_042 took 0.8s (3 recycles)
2026-07-22 19:13:36,168 alphafold2_ptm_model_3_seed_042 recycle=0 pLDDT=86.5 pTM=0.679
2026-07-22 19:13:36,362 alphafold2_ptm_model_3_seed_042 recycle=1 pLDDT=85.6 pTM=0.671 tol=0.192
2026-07-22 19:13:36,558 alphafold2_ptm_model_3_seed_042 recycle=2 pLDDT=85.8 pTM=0.663 tol=0.114
2026-07-22 19:13:36,752 alphafold2_ptm_model_3_seed_042 recycle=3 pLDDT=85.9 pTM=0.663 tol=0.123
2026-07-22 19:13:36,753 alphafold2_ptm_model_3_seed_042 took 0.8s (3 recycles)
2026-07-22 19:13:36,964 alphafold2_ptm_model_4_seed_042 recycle=0 pLDDT=89.7 pTM=0.745
2026-07-22 19:13:37,158 alphafold2_ptm_model_4_seed_042 recycle=1 pLDDT=87.4 pTM=0.72 tol=0.279
2026-07-22 19:13:37,354 alphafold2_ptm_model_4_seed_042 recycle=2 pLDDT=87.8 pTM=0.725 tol=0.111
2026-07-22 19:13:37,548 alphafold2_ptm_model_4_seed_042 recycle=3 pLDDT=87.9 pTM=0.725 tol=0.0202
2026-07-22 19:13:37,549 alphafold2_ptm_model_4_seed_042 took 0.8s (3 recycles)
2026-07-22 19:13:37,758 alphafold2_ptm_model_5_seed_042 recycle=0 pLDDT=90.5 pTM=0.732
2026-07-22 19:13:37,952 alphafold2_ptm_model_5_seed_042 recycle=1 pLDDT=85.2 pTM=0.675 tol=0.279
2026-07-22 19:13:38,146 alphafold2_ptm_model_5_seed_042 recycle=2 pLDDT=85.9 pTM=0.687 tol=0.367
2026-07-22 19:13:38,341 alphafold2_ptm_model_5_seed_042 recycle=3 pLDDT=86.8 pTM=0.699 tol=0.093
2026-07-22 19:13:38,341 alphafold2_ptm_model_5_seed_042 took 0.8s (3 recycles)
2026-07-22 19:13:39,113 Padding length to 82
2026-07-22 19:13:39,308 alphafold2_ptm_model_1_seed_043 recycle=0 pLDDT=87.4 pTM=0.673
2026-07-22 19:13:39,503 alphafold2_ptm_model_1_seed_043 recycle=1 pLDDT=86.5 pTM=0.677 tol=0.253
2026-07-22 19:13:39,698 alphafold2_ptm_model_1_seed_043 recycle=2 pLDDT=86.4 pTM=0.675 tol=0.0751
2026-07-22 19:13:39,893 alphafold2_ptm_model_1_seed_043 recycle=3 pLDDT=86.2 pTM=0.675 tol=0.0399
2026-07-22 19:13:39,893 alphafold2_ptm_model_1_seed_043 took 0.8s (3 recycles)
2026-07-22 19:13:40,120 alphafold2_ptm_model_2_seed_043 recycle=0 pLDDT=89.1 pTM=0.723
2026-07-22 19:13:40,315 alphafold2_ptm_model_2_seed_043 recycle=1 pLDDT=87.1 pTM=0.701 tol=0.408
2026-07-22 19:13:40,509 alphafold2_ptm_model_2_seed_043 recycle=2 pLDDT=87.4 pTM=0.697 tol=0.0621
2026-07-22 19:13:40,704 alphafold2_ptm_model_2_seed_043 recycle=3 pLDDT=87.8 pTM=0.703 tol=0.0618
2026-07-22 19:13:40,704 alphafold2_ptm_model_2_seed_043 took 0.8s (3 recycles)
2026-07-22 19:13:40,915 alphafold2_ptm_model_3_seed_043 recycle=0 pLDDT=86.2 pTM=0.675
2026-07-22 19:13:41,109 alphafold2_ptm_model_3_seed_043 recycle=1 pLDDT=85.2 pTM=0.668 tol=0.192
2026-07-22 19:13:41,304 alphafold2_ptm_model_3_seed_043 recycle=2 pLDDT=85.8 pTM=0.665 tol=0.137
2026-07-22 19:13:41,498 alphafold2_ptm_model_3_seed_043 recycle=3 pLDDT=85.7 pTM=0.661 tol=0.149
2026-07-22 19:13:41,498 alphafold2_ptm_model_3_seed_043 took 0.8s (3 recycles)
2026-07-22 19:13:41,712 alphafold2_ptm_model_4_seed_043 recycle=0 pLDDT=90.2 pTM=0.745
2026-07-22 19:13:41,907 alphafold2_ptm_model_4_seed_043 recycle=1 pLDDT=87.6 pTM=0.721 tol=0.24
2026-07-22 19:13:42,100 alphafold2_ptm_model_4_seed_043 recycle=2 pLDDT=88.1 pTM=0.727 tol=0.167
2026-07-22 19:13:42,296 alphafold2_ptm_model_4_seed_043 recycle=3 pLDDT=87.6 pTM=0.721 tol=0.0402
2026-07-22 19:13:42,296 alphafold2_ptm_model_4_seed_043 took 0.8s (3 recycles)
2026-07-22 19:13:42,506 alphafold2_ptm_model_5_seed_043 recycle=0 pLDDT=89.4 pTM=0.714
2026-07-22 19:13:42,700 alphafold2_ptm_model_5_seed_043 recycle=1 pLDDT=84.9 pTM=0.675 tol=0.22
2026-07-22 19:13:42,895 alphafold2_ptm_model_5_seed_043 recycle=2 pLDDT=85.9 pTM=0.684 tol=0.198
2026-07-22 19:13:43,089 alphafold2_ptm_model_5_seed_043 recycle=3 pLDDT=86.3 pTM=0.69 tol=0.0573
2026-07-22 19:13:43,089 alphafold2_ptm_model_5_seed_043 took 0.8s (3 recycles)
2026-07-22 19:13:43,859 Padding length to 82
2026-07-22 19:13:44,054 alphafold2_ptm_model_1_seed_044 recycle=0 pLDDT=87.1 pTM=0.667
2026-07-22 19:13:44,248 alphafold2_ptm_model_1_seed_044 recycle=1 pLDDT=86.7 pTM=0.674 tol=0.28
2026-07-22 19:13:44,443 alphafold2_ptm_model_1_seed_044 recycle=2 pLDDT=86.5 pTM=0.676 tol=0.0891
2026-07-22 19:13:44,638 alphafold2_ptm_model_1_seed_044 recycle=3 pLDDT=86.2 pTM=0.674 tol=0.0641
2026-07-22 19:13:44,638 alphafold2_ptm_model_1_seed_044 took 0.8s (3 recycles)
2026-07-22 19:13:44,848 alphafold2_ptm_model_2_seed_044 recycle=0 pLDDT=88.6 pTM=0.712
2026-07-22 19:13:45,043 alphafold2_ptm_model_2_seed_044 recycle=1 pLDDT=87.3 pTM=0.698 tol=0.414
2026-07-22 19:13:45,236 alphafold2_ptm_model_2_seed_044 recycle=2 pLDDT=87.2 pTM=0.699 tol=0.0568
2026-07-22 19:13:45,430 alphafold2_ptm_model_2_seed_044 recycle=3 pLDDT=87.1 pTM=0.694 tol=0.0381
2026-07-22 19:13:45,430 alphafold2_ptm_model_2_seed_044 took 0.8s (3 recycles)
2026-07-22 19:13:45,639 alphafold2_ptm_model_3_seed_044 recycle=0 pLDDT=86.2 pTM=0.665
2026-07-22 19:13:45,833 alphafold2_ptm_model_3_seed_044 recycle=1 pLDDT=85.6 pTM=0.667 tol=0.22
2026-07-22 19:13:46,028 alphafold2_ptm_model_3_seed_044 recycle=2 pLDDT=85.9 pTM=0.661 tol=0.074
2026-07-22 19:13:46,222 alphafold2_ptm_model_3_seed_044 recycle=3 pLDDT=86.2 pTM=0.66 tol=0.064
2026-07-22 19:13:46,223 alphafold2_ptm_model_3_seed_044 took 0.8s (3 recycles)
2026-07-22 19:13:46,437 alphafold2_ptm_model_4_seed_044 recycle=0 pLDDT=89.7 pTM=0.737
2026-07-22 19:13:46,632 alphafold2_ptm_model_4_seed_044 recycle=1 pLDDT=87.6 pTM=0.722 tol=0.285
2026-07-22 19:13:46,830 alphafold2_ptm_model_4_seed_044 recycle=2 pLDDT=87.8 pTM=0.725 tol=0.0957
2026-07-22 19:13:47,024 alphafold2_ptm_model_4_seed_044 recycle=3 pLDDT=87.8 pTM=0.723 tol=0.027
2026-07-22 19:13:47,025 alphafold2_ptm_model_4_seed_044 took 0.8s (3 recycles)
2026-07-22 19:13:47,236 alphafold2_ptm_model_5_seed_044 recycle=0 pLDDT=89.2 pTM=0.709
2026-07-22 19:13:47,430 alphafold2_ptm_model_5_seed_044 recycle=1 pLDDT=84.8 pTM=0.673 tol=0.22
2026-07-22 19:13:47,625 alphafold2_ptm_model_5_seed_044 recycle=2 pLDDT=86 pTM=0.688 tol=0.18
2026-07-22 19:13:47,819 alphafold2_ptm_model_5_seed_044 recycle=3 pLDDT=86.2 pTM=0.689 tol=0.0367
2026-07-22 19:13:47,819 alphafold2_ptm_model_5_seed_044 took 0.8s (3 recycles)
2026-07-22 19:13:47,838 reranking models by 'plddt' metric
2026-07-22 19:13:47,838 rank_001_alphafold2_ptm_model_2_seed_042 pLDDT=88.1 pTM=0.71
2026-07-22 19:13:47,839 rank_002_alphafold2_ptm_model_4_seed_042 pLDDT=87.9 pTM=0.725
2026-07-22 19:13:47,841 rank_003_alphafold2_ptm_model_4_seed_044 pLDDT=87.8 pTM=0.723
2026-07-22 19:13:47,842 rank_004_alphafold2_ptm_model_2_seed_043 pLDDT=87.8 pTM=0.703
2026-07-22 19:13:47,843 rank_005_alphafold2_ptm_model_4_seed_043 pLDDT=87.6 pTM=0.721
2026-07-22 19:13:47,845 rank_006_alphafold2_ptm_model_2_seed_044 pLDDT=87.1 pTM=0.694
2026-07-22 19:13:47,846 rank_007_alphafold2_ptm_model_5_seed_042 pLDDT=86.8 pTM=0.699
2026-07-22 19:13:47,847 rank_008_alphafold2_ptm_model_5_seed_043 pLDDT=86.3 pTM=0.69
2026-07-22 19:13:47,848 rank_009_alphafold2_ptm_model_5_seed_044 pLDDT=86.2 pTM=0.689
2026-07-22 19:13:47,849 rank_010_alphafold2_ptm_model_3_seed_044 pLDDT=86.2 pTM=0.66
2026-07-22 19:13:47,850 rank_011_alphafold2_ptm_model_1_seed_044 pLDDT=86.2 pTM=0.674
2026-07-22 19:13:47,852 rank_012_alphafold2_ptm_model_1_seed_043 pLDDT=86.2 pTM=0.675
2026-07-22 19:13:47,853 rank_013_alphafold2_ptm_model_1_seed_042 pLDDT=86.2 pTM=0.674
2026-07-22 19:13:47,854 rank_014_alphafold2_ptm_model_3_seed_042 pLDDT=85.9 pTM=0.663
2026-07-22 19:13:47,855 rank_015_alphafold2_ptm_model_3_seed_043 pLDDT=85.7 pTM=0.661
2026-07-22 19:13:49,873 Query 9/426: 5KPH_6_4_0_0_combined_id7 (length 72)
2026-07-22 19:13:51,724 Padding length to 82
2026-07-22 19:13:51,918 alphafold2_ptm_model_1_seed_042 recycle=0 pLDDT=86.4 pTM=0.619
2026-07-22 19:13:52,113 alphafold2_ptm_model_1_seed_042 recycle=1 pLDDT=88.7 pTM=0.673 tol=0.157
2026-07-22 19:13:52,308 alphafold2_ptm_model_1_seed_042 recycle=2 pLDDT=88.8 pTM=0.679 tol=0.0618
2026-07-22 19:13:52,502 alphafold2_ptm_model_1_seed_042 recycle=3 pLDDT=88.7 pTM=0.678 tol=0.0246
2026-07-22 19:13:52,502 alphafold2_ptm_model_1_seed_042 took 0.8s (3 recycles)
2026-07-22 19:13:52,712 alphafold2_ptm_model_2_seed_042 recycle=0 pLDDT=88.1 pTM=0.671
2026-07-22 19:13:52,907 alphafold2_ptm_model_2_seed_042 recycle=1 pLDDT=89.1 pTM=0.689 tol=0.249
2026-07-22 19:13:53,101 alphafold2_ptm_model_2_seed_042 recycle=2 pLDDT=89.3 pTM=0.698 tol=0.0698
2026-07-22 19:13:53,295 alphafold2_ptm_model_2_seed_042 recycle=3 pLDDT=89.6 pTM=0.703 tol=0.0272
2026-07-22 19:13:53,295 alphafold2_ptm_model_2_seed_042 took 0.8s (3 recycles)
2026-07-22 19:13:53,505 alphafold2_ptm_model_3_seed_042 recycle=0 pLDDT=82.6 pTM=0.591
2026-07-22 19:13:53,698 alphafold2_ptm_model_3_seed_042 recycle=1 pLDDT=84.9 pTM=0.611 tol=0.386
2026-07-22 19:13:53,894 alphafold2_ptm_model_3_seed_042 recycle=2 pLDDT=86.8 pTM=0.646 tol=0.332
2026-07-22 19:13:54,089 alphafold2_ptm_model_3_seed_042 recycle=3 pLDDT=87.2 pTM=0.646 tol=0.129
2026-07-22 19:13:54,089 alphafold2_ptm_model_3_seed_042 took 0.8s (3 recycles)
2026-07-22 19:13:54,301 alphafold2_ptm_model_4_seed_042 recycle=0 pLDDT=87.6 pTM=0.665
2026-07-22 19:13:54,494 alphafold2_ptm_model_4_seed_042 recycle=1 pLDDT=88.9 pTM=0.697 tol=0.133
2026-07-22 19:13:54,688 alphafold2_ptm_model_4_seed_042 recycle=2 pLDDT=89.1 pTM=0.7 tol=0.0505
2026-07-22 19:13:54,882 alphafold2_ptm_model_4_seed_042 recycle=3 pLDDT=89.2 pTM=0.701 tol=0.0393
2026-07-22 19:13:54,883 alphafold2_ptm_model_4_seed_042 took 0.8s (3 recycles)
2026-07-22 19:13:55,089 alphafold2_ptm_model_5_seed_042 recycle=0 pLDDT=88.1 pTM=0.655
2026-07-22 19:13:55,283 alphafold2_ptm_model_5_seed_042 recycle=1 pLDDT=89.6 pTM=0.677 tol=0.208
2026-07-22 19:13:55,477 alphafold2_ptm_model_5_seed_042 recycle=2 pLDDT=89.7 pTM=0.681 tol=0.0699
2026-07-22 19:13:55,671 alphafold2_ptm_model_5_seed_042 recycle=3 pLDDT=89.6 pTM=0.683 tol=0.0449
2026-07-22 19:13:55,671 alphafold2_ptm_model_5_seed_042 took 0.8s (3 recycles)
2026-07-22 19:13:56,433 Padding length to 82
2026-07-22 19:13:56,627 alphafold2_ptm_model_1_seed_043 recycle=0 pLDDT=86.4 pTM=0.62
2026-07-22 19:13:56,820 alphafold2_ptm_model_1_seed_043 recycle=1 pLDDT=88.7 pTM=0.675 tol=0.161
2026-07-22 19:13:57,014 alphafold2_ptm_model_1_seed_043 recycle=2 pLDDT=88.6 pTM=0.676 tol=0.0757
2026-07-22 19:13:57,207 alphafold2_ptm_model_1_seed_043 recycle=3 pLDDT=88.6 pTM=0.676 tol=0.0343
2026-07-22 19:13:57,208 alphafold2_ptm_model_1_seed_043 took 0.8s (3 recycles)
2026-07-22 19:13:57,422 alphafold2_ptm_model_2_seed_043 recycle=0 pLDDT=88.3 pTM=0.675
2026-07-22 19:13:57,616 alphafold2_ptm_model_2_seed_043 recycle=1 pLDDT=87.8 pTM=0.664 tol=0.206
2026-07-22 19:13:57,810 alphafold2_ptm_model_2_seed_043 recycle=2 pLDDT=88 pTM=0.677 tol=0.0923
2026-07-22 19:13:58,004 alphafold2_ptm_model_2_seed_043 recycle=3 pLDDT=88.4 pTM=0.686 tol=0.0588
2026-07-22 19:13:58,004 alphafold2_ptm_model_2_seed_043 took 0.8s (3 recycles)
2026-07-22 19:13:58,215 alphafold2_ptm_model_3_seed_043 recycle=0 pLDDT=83 pTM=0.594
2026-07-22 19:13:58,411 alphafold2_ptm_model_3_seed_043 recycle=1 pLDDT=85.2 pTM=0.611 tol=0.363
2026-07-22 19:13:58,605 alphafold2_ptm_model_3_seed_043 recycle=2 pLDDT=86.2 pTM=0.637 tol=0.289
2026-07-22 19:13:58,798 alphafold2_ptm_model_3_seed_043 recycle=3 pLDDT=86.8 pTM=0.641 tol=0.116
2026-07-22 19:13:58,798 alphafold2_ptm_model_3_seed_043 took 0.8s (3 recycles)
2026-07-22 19:13:59,041 alphafold2_ptm_model_4_seed_043 recycle=0 pLDDT=87.5 pTM=0.666
2026-07-22 19:13:59,236 alphafold2_ptm_model_4_seed_043 recycle=1 pLDDT=88.9 pTM=0.696 tol=0.125
2026-07-22 19:13:59,432 alphafold2_ptm_model_4_seed_043 recycle=2 pLDDT=89 pTM=0.698 tol=0.0513
2026-07-22 19:13:59,628 alphafold2_ptm_model_4_seed_043 recycle=3 pLDDT=89 pTM=0.699 tol=0.0392
2026-07-22 19:13:59,628 alphafold2_ptm_model_4_seed_043 took 0.8s (3 recycles)
2026-07-22 19:13:59,842 alphafold2_ptm_model_5_seed_043 recycle=0 pLDDT=87.1 pTM=0.646
2026-07-22 19:14:00,037 alphafold2_ptm_model_5_seed_043 recycle=1 pLDDT=89.3 pTM=0.676 tol=0.214
2026-07-22 19:14:00,230 alphafold2_ptm_model_5_seed_043 recycle=2 pLDDT=89.4 pTM=0.679 tol=0.0799
2026-07-22 19:14:00,425 alphafold2_ptm_model_5_seed_043 recycle=3 pLDDT=89.4 pTM=0.68 tol=0.0506
2026-07-22 19:14:00,425 alphafold2_ptm_model_5_seed_043 took 0.8s (3 recycles)
2026-07-22 19:14:01,161 Padding length to 82
2026-07-22 19:14:01,355 alphafold2_ptm_model_1_seed_044 recycle=0 pLDDT=86.6 pTM=0.622
2026-07-22 19:14:01,552 alphafold2_ptm_model_1_seed_044 recycle=1 pLDDT=88.5 pTM=0.675 tol=0.159
2026-07-22 19:14:01,747 alphafold2_ptm_model_1_seed_044 recycle=2 pLDDT=88.8 pTM=0.678 tol=0.0583
2026-07-22 19:14:01,942 alphafold2_ptm_model_1_seed_044 recycle=3 pLDDT=88.5 pTM=0.676 tol=0.0261
2026-07-22 19:14:01,942 alphafold2_ptm_model_1_seed_044 took 0.8s (3 recycles)
2026-07-22 19:14:02,169 alphafold2_ptm_model_2_seed_044 recycle=0 pLDDT=88.8 pTM=0.683
2026-07-22 19:14:02,363 alphafold2_ptm_model_2_seed_044 recycle=1 pLDDT=89.7 pTM=0.701 tol=0.189
2026-07-22 19:14:02,556 alphafold2_ptm_model_2_seed_044 recycle=2 pLDDT=89.6 pTM=0.701 tol=0.0542
2026-07-22 19:14:02,750 alphafold2_ptm_model_2_seed_044 recycle=3 pLDDT=89.6 pTM=0.703 tol=0.0213
2026-07-22 19:14:02,750 alphafold2_ptm_model_2_seed_044 took 0.8s (3 recycles)
2026-07-22 19:14:02,957 alphafold2_ptm_model_3_seed_044 recycle=0 pLDDT=83 pTM=0.594
2026-07-22 19:14:03,150 alphafold2_ptm_model_3_seed_044 recycle=1 pLDDT=85.1 pTM=0.607 tol=0.431
2026-07-22 19:14:03,343 alphafold2_ptm_model_3_seed_044 recycle=2 pLDDT=86.2 pTM=0.635 tol=0.251
2026-07-22 19:14:03,541 alphafold2_ptm_model_3_seed_044 recycle=3 pLDDT=86.8 pTM=0.643 tol=0.121
2026-07-22 19:14:03,541 alphafold2_ptm_model_3_seed_044 took 0.8s (3 recycles)
2026-07-22 19:14:03,756 alphafold2_ptm_model_4_seed_044 recycle=0 pLDDT=87.8 pTM=0.667
2026-07-22 19:14:03,950 alphafold2_ptm_model_4_seed_044 recycle=1 pLDDT=89.1 pTM=0.695 tol=0.118
2026-07-22 19:14:04,144 alphafold2_ptm_model_4_seed_044 recycle=2 pLDDT=89.1 pTM=0.698 tol=0.0571
2026-07-22 19:14:04,339 alphafold2_ptm_model_4_seed_044 recycle=3 pLDDT=89.1 pTM=0.698 tol=0.0652
2026-07-22 19:14:04,339 alphafold2_ptm_model_4_seed_044 took 0.8s (3 recycles)
2026-07-22 19:14:04,549 alphafold2_ptm_model_5_seed_044 recycle=0 pLDDT=87.8 pTM=0.653
2026-07-22 19:14:04,744 alphafold2_ptm_model_5_seed_044 recycle=1 pLDDT=89.5 pTM=0.68 tol=0.146
2026-07-22 19:14:04,938 alphafold2_ptm_model_5_seed_044 recycle=2 pLDDT=89.6 pTM=0.681 tol=0.0647
2026-07-22 19:14:05,132 alphafold2_ptm_model_5_seed_044 recycle=3 pLDDT=89.6 pTM=0.684 tol=0.0357
2026-07-22 19:14:05,132 alphafold2_ptm_model_5_seed_044 took 0.8s (3 recycles)
2026-07-22 19:14:05,148 reranking models by 'plddt' metric
2026-07-22 19:14:05,148 rank_001_alphafold2_ptm_model_5_seed_042 pLDDT=89.6 pTM=0.683
2026-07-22 19:14:05,149 rank_002_alphafold2_ptm_model_5_seed_044 pLDDT=89.6 pTM=0.684
2026-07-22 19:14:05,151 rank_003_alphafold2_ptm_model_2_seed_044 pLDDT=89.6 pTM=0.703
2026-07-22 19:14:05,152 rank_004_alphafold2_ptm_model_2_seed_042 pLDDT=89.6 pTM=0.703
2026-07-22 19:14:05,153 rank_005_alphafold2_ptm_model_5_seed_043 pLDDT=89.4 pTM=0.68
2026-07-22 19:14:05,154 rank_006_alphafold2_ptm_model_4_seed_042 pLDDT=89.2 pTM=0.701
2026-07-22 19:14:05,155 rank_007_alphafold2_ptm_model_4_seed_044 pLDDT=89.1 pTM=0.698
2026-07-22 19:14:05,156 rank_008_alphafold2_ptm_model_4_seed_043 pLDDT=89 pTM=0.699
2026-07-22 19:14:05,157 rank_009_alphafold2_ptm_model_1_seed_042 pLDDT=88.7 pTM=0.678
2026-07-22 19:14:05,158 rank_010_alphafold2_ptm_model_1_seed_043 pLDDT=88.6 pTM=0.676
2026-07-22 19:14:05,160 rank_011_alphafold2_ptm_model_1_seed_044 pLDDT=88.5 pTM=0.676
2026-07-22 19:14:05,161 rank_012_alphafold2_ptm_model_2_seed_043 pLDDT=88.4 pTM=0.686
2026-07-22 19:14:05,162 rank_013_alphafold2_ptm_model_3_seed_042 pLDDT=87.2 pTM=0.646
2026-07-22 19:14:05,163 rank_014_alphafold2_ptm_model_3_seed_044 pLDDT=86.8 pTM=0.643
2026-07-22 19:14:05,164 rank_015_alphafold2_ptm_model_3_seed_043 pLDDT=86.8 pTM=0.641
2026-07-22 19:14:07,085 Query 10/426: 5KPH_6_4_0_0_combined_id2 (length 72)
2026-07-22 19:14:08,519 Padding length to 82
2026-07-22 19:14:08,713 alphafold2_ptm_model_1_seed_042 recycle=0 pLDDT=88.6 pTM=0.665
2026-07-22 19:14:08,907 alphafold2_ptm_model_1_seed_042 recycle=1 pLDDT=90.3 pTM=0.71 tol=0.131
2026-07-22 19:14:09,102 alphafold2_ptm_model_1_seed_042 recycle=2 pLDDT=90.2 pTM=0.712 tol=0.0723
2026-07-22 19:14:09,296 alphafold2_ptm_model_1_seed_042 recycle=3 pLDDT=90.1 pTM=0.71 tol=0.029
2026-07-22 19:14:09,296 alphafold2_ptm_model_1_seed_042 took 0.8s (3 recycles)
2026-07-22 19:14:09,506 alphafold2_ptm_model_2_seed_042 recycle=0 pLDDT=91.1 pTM=0.718
2026-07-22 19:14:09,701 alphafold2_ptm_model_2_seed_042 recycle=1 pLDDT=92.3 pTM=0.755 tol=0.314
2026-07-22 19:14:09,896 alphafold2_ptm_model_2_seed_042 recycle=2 pLDDT=92.5 pTM=0.763 tol=0.115
2026-07-22 19:14:10,092 alphafold2_ptm_model_2_seed_042 recycle=3 pLDDT=92.4 pTM=0.762 tol=0.092
2026-07-22 19:14:10,092 alphafold2_ptm_model_2_seed_042 took 0.8s (3 recycles)
2026-07-22 19:14:10,302 alphafold2_ptm_model_3_seed_042 recycle=0 pLDDT=89.2 pTM=0.68
2026-07-22 19:14:10,498 alphafold2_ptm_model_3_seed_042 recycle=1 pLDDT=90.4 pTM=0.708 tol=0.208
2026-07-22 19:14:10,693 alphafold2_ptm_model_3_seed_042 recycle=2 pLDDT=90.1 pTM=0.701 tol=0.112
2026-07-22 19:14:10,888 alphafold2_ptm_model_3_seed_042 recycle=3 pLDDT=90.1 pTM=0.706 tol=0.0681
2026-07-22 19:14:10,888 alphafold2_ptm_model_3_seed_042 took 0.8s (3 recycles)
2026-07-22 19:14:11,116 alphafold2_ptm_model_4_seed_042 recycle=0 pLDDT=88.4 pTM=0.666
2026-07-22 19:14:11,311 alphafold2_ptm_model_4_seed_042 recycle=1 pLDDT=90 pTM=0.695 tol=0.112
2026-07-22 19:14:11,505 alphafold2_ptm_model_4_seed_042 recycle=2 pLDDT=90 pTM=0.699 tol=0.0853
2026-07-22 19:14:11,699 alphafold2_ptm_model_4_seed_042 recycle=3 pLDDT=90.1 pTM=0.702 tol=0.0662
2026-07-22 19:14:11,699 alphafold2_ptm_model_4_seed_042 took 0.8s (3 recycles)
2026-07-22 19:14:11,909 alphafold2_ptm_model_5_seed_042 recycle=0 pLDDT=90 pTM=0.694
2026-07-22 19:14:12,103 alphafold2_ptm_model_5_seed_042 recycle=1 pLDDT=90.7 pTM=0.707 tol=0.194
2026-07-22 19:14:12,299 alphafold2_ptm_model_5_seed_042 recycle=2 pLDDT=90.8 pTM=0.71 tol=0.0766
2026-07-22 19:14:12,494 alphafold2_ptm_model_5_seed_042 recycle=3 pLDDT=90.6 pTM=0.709 tol=0.0825
2026-07-22 19:14:12,494 alphafold2_ptm_model_5_seed_042 took 0.8s (3 recycles)
2026-07-22 19:14:13,316 Padding length to 82
2026-07-22 19:14:13,511 alphafold2_ptm_model_1_seed_043 recycle=0 pLDDT=88.4 pTM=0.658
2026-07-22 19:14:13,705 alphafold2_ptm_model_1_seed_043 recycle=1 pLDDT=90.2 pTM=0.708 tol=0.165
2026-07-22 19:14:13,900 alphafold2_ptm_model_1_seed_043 recycle=2 pLDDT=90.2 pTM=0.711 tol=0.0903
2026-07-22 19:14:14,094 alphafold2_ptm_model_1_seed_043 recycle=3 pLDDT=90 pTM=0.71 tol=0.0528
2026-07-22 19:14:14,094 alphafold2_ptm_model_1_seed_043 took 0.8s (3 recycles)
2026-07-22 19:14:14,306 alphafold2_ptm_model_2_seed_043 recycle=0 pLDDT=91.6 pTM=0.729
2026-07-22 19:14:14,501 alphafold2_ptm_model_2_seed_043 recycle=1 pLDDT=92.4 pTM=0.759 tol=0.178
2026-07-22 19:14:14,697 alphafold2_ptm_model_2_seed_043 recycle=2 pLDDT=92.6 pTM=0.763 tol=0.0846
2026-07-22 19:14:14,893 alphafold2_ptm_model_2_seed_043 recycle=3 pLDDT=92.4 pTM=0.762 tol=0.0708
2026-07-22 19:14:14,893 alphafold2_ptm_model_2_seed_043 took 0.8s (3 recycles)
2026-07-22 19:14:15,101 alphafold2_ptm_model_3_seed_043 recycle=0 pLDDT=89.2 pTM=0.682
2026-07-22 19:14:15,296 alphafold2_ptm_model_3_seed_043 recycle=1 pLDDT=90.4 pTM=0.708 tol=0.203
2026-07-22 19:14:15,491 alphafold2_ptm_model_3_seed_043 recycle=2 pLDDT=90.2 pTM=0.704 tol=0.0992
2026-07-22 19:14:15,686 alphafold2_ptm_model_3_seed_043 recycle=3 pLDDT=90.2 pTM=0.708 tol=0.0562
2026-07-22 19:14:15,686 alphafold2_ptm_model_3_seed_043 took 0.8s (3 recycles)
2026-07-22 19:14:15,897 alphafold2_ptm_model_4_seed_043 recycle=0 pLDDT=88.2 pTM=0.662
2026-07-22 19:14:16,090 alphafold2_ptm_model_4_seed_043 recycle=1 pLDDT=89.9 pTM=0.693 tol=0.113
2026-07-22 19:14:16,283 alphafold2_ptm_model_4_seed_043 recycle=2 pLDDT=90.1 pTM=0.698 tol=0.0665
2026-07-22 19:14:16,477 alphafold2_ptm_model_4_seed_043 recycle=3 pLDDT=90.1 pTM=0.702 tol=0.0457
2026-07-22 19:14:16,478 alphafold2_ptm_model_4_seed_043 took 0.8s (3 recycles)
2026-07-22 19:14:16,687 alphafold2_ptm_model_5_seed_043 recycle=0 pLDDT=90.1 pTM=0.695
2026-07-22 19:14:16,882 alphafold2_ptm_model_5_seed_043 recycle=1 pLDDT=90.6 pTM=0.708 tol=0.194
2026-07-22 19:14:17,077 alphafold2_ptm_model_5_seed_043 recycle=2 pLDDT=90.7 pTM=0.709 tol=0.0819
2026-07-22 19:14:17,271 alphafold2_ptm_model_5_seed_043 recycle=3 pLDDT=90.6 pTM=0.709 tol=0.0802
2026-07-22 19:14:17,272 alphafold2_ptm_model_5_seed_043 took 0.8s (3 recycles)
2026-07-22 19:14:18,337 Padding length to 82
2026-07-22 19:14:18,533 alphafold2_ptm_model_1_seed_044 recycle=0 pLDDT=87.9 pTM=0.652
2026-07-22 19:14:18,728 alphafold2_ptm_model_1_seed_044 recycle=1 pLDDT=90 pTM=0.704 tol=0.17
2026-07-22 19:14:18,923 alphafold2_ptm_model_1_seed_044 recycle=2 pLDDT=90.2 pTM=0.71 tol=0.0828
2026-07-22 19:14:19,117 alphafold2_ptm_model_1_seed_044 recycle=3 pLDDT=90 pTM=0.71 tol=0.0366
2026-07-22 19:14:19,117 alphafold2_ptm_model_1_seed_044 took 0.8s (3 recycles)
2026-07-22 19:14:19,349 alphafold2_ptm_model_2_seed_044 recycle=0 pLDDT=91.4 pTM=0.722
2026-07-22 19:14:19,545 alphafold2_ptm_model_2_seed_044 recycle=1 pLDDT=92.3 pTM=0.757 tol=0.25
2026-07-22 19:14:19,742 alphafold2_ptm_model_2_seed_044 recycle=2 pLDDT=92.6 pTM=0.762 tol=0.0841
2026-07-22 19:14:19,939 alphafold2_ptm_model_2_seed_044 recycle=3 pLDDT=92.4 pTM=0.764 tol=0.0745
2026-07-22 19:14:19,939 alphafold2_ptm_model_2_seed_044 took 0.8s (3 recycles)
2026-07-22 19:14:20,153 alphafold2_ptm_model_3_seed_044 recycle=0 pLDDT=89.1 pTM=0.681
2026-07-22 19:14:20,348 alphafold2_ptm_model_3_seed_044 recycle=1 pLDDT=90.2 pTM=0.703 tol=0.208
2026-07-22 19:14:20,543 alphafold2_ptm_model_3_seed_044 recycle=2 pLDDT=90.1 pTM=0.701 tol=0.0941
2026-07-22 19:14:20,740 alphafold2_ptm_model_3_seed_044 recycle=3 pLDDT=90.2 pTM=0.708 tol=0.0584
2026-07-22 19:14:20,740 alphafold2_ptm_model_3_seed_044 took 0.8s (3 recycles)
2026-07-22 19:14:20,951 alphafold2_ptm_model_4_seed_044 recycle=0 pLDDT=88.3 pTM=0.664
2026-07-22 19:14:21,148 alphafold2_ptm_model_4_seed_044 recycle=1 pLDDT=89.8 pTM=0.69 tol=0.136
2026-07-22 19:14:21,343 alphafold2_ptm_model_4_seed_044 recycle=2 pLDDT=90 pTM=0.698 tol=0.0815
2026-07-22 19:14:21,538 alphafold2_ptm_model_4_seed_044 recycle=3 pLDDT=90.1 pTM=0.7 tol=0.0847
2026-07-22 19:14:21,538 alphafold2_ptm_model_4_seed_044 took 0.8s (3 recycles)
2026-07-22 19:14:21,750 alphafold2_ptm_model_5_seed_044 recycle=0 pLDDT=89.8 pTM=0.69
2026-07-22 19:14:21,945 alphafold2_ptm_model_5_seed_044 recycle=1 pLDDT=90.5 pTM=0.705 tol=0.207
2026-07-22 19:14:22,141 alphafold2_ptm_model_5_seed_044 recycle=2 pLDDT=90.7 pTM=0.708 tol=0.0941
2026-07-22 19:14:22,336 alphafold2_ptm_model_5_seed_044 recycle=3 pLDDT=90.6 pTM=0.709 tol=0.0989
2026-07-22 19:14:22,336 alphafold2_ptm_model_5_seed_044 took 0.8s (3 recycles)
2026-07-22 19:14:22,369 reranking models by 'plddt' metric
2026-07-22 19:14:22,369 rank_001_alphafold2_ptm_model_2_seed_044 pLDDT=92.4 pTM=0.764
2026-07-22 19:14:22,370 rank_002_alphafold2_ptm_model_2_seed_042 pLDDT=92.4 pTM=0.762
2026-07-22 19:14:22,371 rank_003_alphafold2_ptm_model_2_seed_043 pLDDT=92.4 pTM=0.762
2026-07-22 19:14:22,372 rank_004_alphafold2_ptm_model_5_seed_044 pLDDT=90.6 pTM=0.709
2026-07-22 19:14:22,374 rank_005_alphafold2_ptm_model_5_seed_043 pLDDT=90.6 pTM=0.709
2026-07-22 19:14:22,375 rank_006_alphafold2_ptm_model_5_seed_042 pLDDT=90.6 pTM=0.709
2026-07-22 19:14:22,376 rank_007_alphafold2_ptm_model_3_seed_043 pLDDT=90.2 pTM=0.708
2026-07-22 19:14:22,377 rank_008_alphafold2_ptm_model_3_seed_044 pLDDT=90.2 pTM=0.708
2026-07-22 19:14:22,378 rank_009_alphafold2_ptm_model_4_seed_044 pLDDT=90.1 pTM=0.7
2026-07-22 19:14:22,379 rank_010_alphafold2_ptm_model_4_seed_043 pLDDT=90.1 pTM=0.702
2026-07-22 19:14:22,381 rank_011_alphafold2_ptm_model_4_seed_042 pLDDT=90.1 pTM=0.702
2026-07-22 19:14:22,382 rank_012_alphafold2_ptm_model_3_seed_042 pLDDT=90.1 pTM=0.706
2026-07-22 19:14:22,383 rank_013_alphafold2_ptm_model_1_seed_042 pLDDT=90.1 pTM=0.71
2026-07-22 19:14:22,384 rank_014_alphafold2_ptm_model_1_seed_044 pLDDT=90 pTM=0.71
2026-07-22 19:14:22,386 rank_015_alphafold2_ptm_model_1_seed_043 pLDDT=90 pTM=0.71
2026-07-22 19:14:24,529 Query 11/426: 5KPH_6_4_0_0_combined_id4 (length 72)
2026-07-22 19:14:26,153 Padding length to 82
2026-07-22 19:14:26,349 alphafold2_ptm_model_1_seed_042 recycle=0 pLDDT=89.2 pTM=0.691
2026-07-22 19:14:26,544 alphafold2_ptm_model_1_seed_042 recycle=1 pLDDT=87.9 pTM=0.693 tol=0.445
2026-07-22 19:14:26,737 alphafold2_ptm_model_1_seed_042 recycle=2 pLDDT=85.6 pTM=0.667 tol=0.258
2026-07-22 19:14:26,933 alphafold2_ptm_model_1_seed_042 recycle=3 pLDDT=84.1 pTM=0.651 tol=0.127
2026-07-22 19:14:26,933 alphafold2_ptm_model_1_seed_042 took 0.8s (3 recycles)
2026-07-22 19:14:27,150 alphafold2_ptm_model_2_seed_042 recycle=0 pLDDT=84.6 pTM=0.654
2026-07-22 19:14:27,344 alphafold2_ptm_model_2_seed_042 recycle=1 pLDDT=89.8 pTM=0.727 tol=0.528
2026-07-22 19:14:27,538 alphafold2_ptm_model_2_seed_042 recycle=2 pLDDT=88.2 pTM=0.723 tol=0.207
2026-07-22 19:14:27,731 alphafold2_ptm_model_2_seed_042 recycle=3 pLDDT=88.3 pTM=0.71 tol=0.118
2026-07-22 19:14:27,731 alphafold2_ptm_model_2_seed_042 took 0.8s (3 recycles)
2026-07-22 19:14:27,942 alphafold2_ptm_model_3_seed_042 recycle=0 pLDDT=85.8 pTM=0.652
2026-07-22 19:14:28,136 alphafold2_ptm_model_3_seed_042 recycle=1 pLDDT=82.9 pTM=0.628 tol=0.384
2026-07-22 19:14:28,332 alphafold2_ptm_model_3_seed_042 recycle=2 pLDDT=84.2 pTM=0.622 tol=0.507
2026-07-22 19:14:28,526 alphafold2_ptm_model_3_seed_042 recycle=3 pLDDT=84.2 pTM=0.629 tol=0.199
2026-07-22 19:14:28,526 alphafold2_ptm_model_3_seed_042 took 0.8s (3 recycles)
2026-07-22 19:14:28,741 alphafold2_ptm_model_4_seed_042 recycle=0 pLDDT=89.9 pTM=0.734
2026-07-22 19:14:28,936 alphafold2_ptm_model_4_seed_042 recycle=1 pLDDT=88.8 pTM=0.715 tol=0.336
2026-07-22 19:14:29,131 alphafold2_ptm_model_4_seed_042 recycle=2 pLDDT=87.5 pTM=0.708 tol=0.214
2026-07-22 19:14:29,325 alphafold2_ptm_model_4_seed_042 recycle=3 pLDDT=87.1 pTM=0.703 tol=0.075
2026-07-22 19:14:29,325 alphafold2_ptm_model_4_seed_042 took 0.8s (3 recycles)
2026-07-22 19:14:29,534 alphafold2_ptm_model_5_seed_042 recycle=0 pLDDT=82.3 pTM=0.636
2026-07-22 19:14:29,728 alphafold2_ptm_model_5_seed_042 recycle=1 pLDDT=87.1 pTM=0.69 tol=0.816
2026-07-22 19:14:29,922 alphafold2_ptm_model_5_seed_042 recycle=2 pLDDT=85.1 pTM=0.655 tol=0.325
2026-07-22 19:14:30,115 alphafold2_ptm_model_5_seed_042 recycle=3 pLDDT=85.2 pTM=0.645 tol=0.102
2026-07-22 19:14:30,115 alphafold2_ptm_model_5_seed_042 took 0.8s (3 recycles)
2026-07-22 19:14:30,930 Padding length to 82
2026-07-22 19:14:31,125 alphafold2_ptm_model_1_seed_043 recycle=0 pLDDT=88.6 pTM=0.682
2026-07-22 19:14:31,319 alphafold2_ptm_model_1_seed_043 recycle=1 pLDDT=87.8 pTM=0.693 tol=0.461
2026-07-22 19:14:31,514 alphafold2_ptm_model_1_seed_043 recycle=2 pLDDT=85.5 pTM=0.667 tol=0.27
2026-07-22 19:14:31,708 alphafold2_ptm_model_1_seed_043 recycle=3 pLDDT=84.1 pTM=0.65 tol=0.136
2026-07-22 19:14:31,708 alphafold2_ptm_model_1_seed_043 took 0.8s (3 recycles)
2026-07-22 19:14:31,920 alphafold2_ptm_model_2_seed_043 recycle=0 pLDDT=70.5 pTM=0.502
2026-07-22 19:14:32,114 alphafold2_ptm_model_2_seed_043 recycle=1 pLDDT=87.6 pTM=0.694 tol=2.01
2026-07-22 19:14:32,308 alphafold2_ptm_model_2_seed_043 recycle=2 pLDDT=88.1 pTM=0.706 tol=0.207
2026-07-22 19:14:32,501 alphafold2_ptm_model_2_seed_043 recycle=3 pLDDT=87.6 pTM=0.699 tol=0.0682
2026-07-22 19:14:32,502 alphafold2_ptm_model_2_seed_043 took 0.8s (3 recycles)
2026-07-22 19:14:32,710 alphafold2_ptm_model_3_seed_043 recycle=0 pLDDT=86.2 pTM=0.655
2026-07-22 19:14:32,903 alphafold2_ptm_model_3_seed_043 recycle=1 pLDDT=83.1 pTM=0.628 tol=0.407
2026-07-22 19:14:33,096 alphafold2_ptm_model_3_seed_043 recycle=2 pLDDT=84.2 pTM=0.619 tol=0.52
2026-07-22 19:14:33,289 alphafold2_ptm_model_3_seed_043 recycle=3 pLDDT=84.5 pTM=0.624 tol=0.246
2026-07-22 19:14:33,290 alphafold2_ptm_model_3_seed_043 took 0.8s (3 recycles)
2026-07-22 19:14:33,501 alphafold2_ptm_model_4_seed_043 recycle=0 pLDDT=90.1 pTM=0.739
2026-07-22 19:14:33,696 alphafold2_ptm_model_4_seed_043 recycle=1 pLDDT=89.5 pTM=0.725 tol=0.301
2026-07-22 19:14:33,891 alphafold2_ptm_model_4_seed_043 recycle=2 pLDDT=87.9 pTM=0.708 tol=0.247
2026-07-22 19:14:34,086 alphafold2_ptm_model_4_seed_043 recycle=3 pLDDT=87.1 pTM=0.702 tol=0.0776
2026-07-22 19:14:34,086 alphafold2_ptm_model_4_seed_043 took 0.8s (3 recycles)
2026-07-22 19:14:34,298 alphafold2_ptm_model_5_seed_043 recycle=0 pLDDT=86 pTM=0.677
2026-07-22 19:14:34,492 alphafold2_ptm_model_5_seed_043 recycle=1 pLDDT=88.1 pTM=0.706 tol=0.64
2026-07-22 19:14:34,685 alphafold2_ptm_model_5_seed_043 recycle=2 pLDDT=85.9 pTM=0.666 tol=0.362
2026-07-22 19:14:34,878 alphafold2_ptm_model_5_seed_043 recycle=3 pLDDT=85.4 pTM=0.652 tol=0.138
2026-07-22 19:14:34,878 alphafold2_ptm_model_5_seed_043 took 0.8s (3 recycles)
2026-07-22 19:14:35,635 Padding length to 82
2026-07-22 19:14:35,831 alphafold2_ptm_model_1_seed_044 recycle=0 pLDDT=89.6 pTM=0.69
2026-07-22 19:14:36,025 alphafold2_ptm_model_1_seed_044 recycle=1 pLDDT=88.2 pTM=0.696 tol=0.459
2026-07-22 19:14:36,220 alphafold2_ptm_model_1_seed_044 recycle=2 pLDDT=85.9 pTM=0.672 tol=0.291
2026-07-22 19:14:36,414 alphafold2_ptm_model_1_seed_044 recycle=3 pLDDT=84.6 pTM=0.655 tol=0.127
2026-07-22 19:14:36,414 alphafold2_ptm_model_1_seed_044 took 0.8s (3 recycles)
2026-07-22 19:14:36,630 alphafold2_ptm_model_2_seed_044 recycle=0 pLDDT=87.1 pTM=0.689
2026-07-22 19:14:36,825 alphafold2_ptm_model_2_seed_044 recycle=1 pLDDT=89.1 pTM=0.72 tol=0.655
2026-07-22 19:14:37,020 alphafold2_ptm_model_2_seed_044 recycle=2 pLDDT=86.9 pTM=0.721 tol=0.199
2026-07-22 19:14:37,215 alphafold2_ptm_model_2_seed_044 recycle=3 pLDDT=88.2 pTM=0.709 tol=0.108
2026-07-22 19:14:37,215 alphafold2_ptm_model_2_seed_044 took 0.8s (3 recycles)
2026-07-22 19:14:37,426 alphafold2_ptm_model_3_seed_044 recycle=0 pLDDT=85.6 pTM=0.649
2026-07-22 19:14:37,621 alphafold2_ptm_model_3_seed_044 recycle=1 pLDDT=83.1 pTM=0.631 tol=0.414
2026-07-22 19:14:37,815 alphafold2_ptm_model_3_seed_044 recycle=2 pLDDT=84.1 pTM=0.623 tol=0.533
2026-07-22 19:14:38,010 alphafold2_ptm_model_3_seed_044 recycle=3 pLDDT=84.2 pTM=0.634 tol=0.219
2026-07-22 19:14:38,010 alphafold2_ptm_model_3_seed_044 took 0.8s (3 recycles)
2026-07-22 19:14:38,224 alphafold2_ptm_model_4_seed_044 recycle=0 pLDDT=89.9 pTM=0.734
2026-07-22 19:14:38,419 alphafold2_ptm_model_4_seed_044 recycle=1 pLDDT=89.3 pTM=0.723 tol=0.304
2026-07-22 19:14:38,615 alphafold2_ptm_model_4_seed_044 recycle=2 pLDDT=87.7 pTM=0.706 tol=0.249
2026-07-22 19:14:38,808 alphafold2_ptm_model_4_seed_044 recycle=3 pLDDT=87.2 pTM=0.703 tol=0.083
2026-07-22 19:14:38,808 alphafold2_ptm_model_4_seed_044 took 0.8s (3 recycles)
2026-07-22 19:14:39,019 alphafold2_ptm_model_5_seed_044 recycle=0 pLDDT=84.6 pTM=0.657
2026-07-22 19:14:39,212 alphafold2_ptm_model_5_seed_044 recycle=1 pLDDT=87.4 pTM=0.695 tol=0.75
2026-07-22 19:14:39,405 alphafold2_ptm_model_5_seed_044 recycle=2 pLDDT=85.2 pTM=0.657 tol=0.323
2026-07-22 19:14:39,599 alphafold2_ptm_model_5_seed_044 recycle=3 pLDDT=85.4 pTM=0.65 tol=0.0955
2026-07-22 19:14:39,599 alphafold2_ptm_model_5_seed_044 took 0.8s (3 recycles)
2026-07-22 19:14:39,618 reranking models by 'plddt' metric
2026-07-22 19:14:39,618 rank_001_alphafold2_ptm_model_2_seed_042 pLDDT=88.3 pTM=0.71
2026-07-22 19:14:39,619 rank_002_alphafold2_ptm_model_2_seed_044 pLDDT=88.2 pTM=0.709
2026-07-22 19:14:39,621 rank_003_alphafold2_ptm_model_2_seed_043 pLDDT=87.6 pTM=0.699
2026-07-22 19:14:39,622 rank_004_alphafold2_ptm_model_4_seed_044 pLDDT=87.2 pTM=0.703
2026-07-22 19:14:39,623 rank_005_alphafold2_ptm_model_4_seed_043 pLDDT=87.1 pTM=0.702
2026-07-22 19:14:39,624 rank_006_alphafold2_ptm_model_4_seed_042 pLDDT=87.1 pTM=0.703
2026-07-22 19:14:39,626 rank_007_alphafold2_ptm_model_5_seed_044 pLDDT=85.4 pTM=0.65
2026-07-22 19:14:39,627 rank_008_alphafold2_ptm_model_5_seed_043 pLDDT=85.4 pTM=0.652
2026-07-22 19:14:39,628 rank_009_alphafold2_ptm_model_5_seed_042 pLDDT=85.2 pTM=0.645
2026-07-22 19:14:39,630 rank_010_alphafold2_ptm_model_1_seed_044 pLDDT=84.6 pTM=0.655
2026-07-22 19:14:39,631 rank_011_alphafold2_ptm_model_3_seed_043 pLDDT=84.5 pTM=0.624
2026-07-22 19:14:39,632 rank_012_alphafold2_ptm_model_3_seed_044 pLDDT=84.2 pTM=0.634
2026-07-22 19:14:39,634 rank_013_alphafold2_ptm_model_3_seed_042 pLDDT=84.2 pTM=0.629
2026-07-22 19:14:39,635 rank_014_alphafold2_ptm_model_1_seed_042 pLDDT=84.1 pTM=0.651
2026-07-22 19:14:39,636 rank_015_alphafold2_ptm_model_1_seed_043 pLDDT=84.1 pTM=0.65
2026-07-22 19:14:41,768 Query 12/426: 5KPH_2_2_0_0_combined_id8 (length 72)
2026-07-22 19:14:43,670 Padding length to 82
2026-07-22 19:14:43,864 alphafold2_ptm_model_1_seed_042 recycle=0 pLDDT=58.3 pTM=0.344
2026-07-22 19:14:44,056 alphafold2_ptm_model_1_seed_042 recycle=1 pLDDT=67.8 pTM=0.463 tol=2.24
2026-07-22 19:14:44,249 alphafold2_ptm_model_1_seed_042 recycle=2 pLDDT=71.4 pTM=0.491 tol=0.644
2026-07-22 19:14:44,442 alphafold2_ptm_model_1_seed_042 recycle=3 pLDDT=72.1 pTM=0.507 tol=0.653
2026-07-22 19:14:44,442 alphafold2_ptm_model_1_seed_042 took 0.8s (3 recycles)
2026-07-22 19:14:44,653 alphafold2_ptm_model_2_seed_042 recycle=0 pLDDT=69.7 pTM=0.524
2026-07-22 19:14:44,846 alphafold2_ptm_model_2_seed_042 recycle=1 pLDDT=72.1 pTM=0.553 tol=0.769
2026-07-22 19:14:45,038 alphafold2_ptm_model_2_seed_042 recycle=2 pLDDT=73.9 pTM=0.566 tol=0.634
2026-07-22 19:14:45,230 alphafold2_ptm_model_2_seed_042 recycle=3 pLDDT=70.7 pTM=0.542 tol=0.526
2026-07-22 19:14:45,230 alphafold2_ptm_model_2_seed_042 took 0.8s (3 recycles)
2026-07-22 19:14:45,452 alphafold2_ptm_model_3_seed_042 recycle=0 pLDDT=53.5 pTM=0.345
2026-07-22 19:14:45,644 alphafold2_ptm_model_3_seed_042 recycle=1 pLDDT=62.8 pTM=0.447 tol=1.73
2026-07-22 19:14:45,836 alphafold2_ptm_model_3_seed_042 recycle=2 pLDDT=65.2 pTM=0.465 tol=1.79
2026-07-22 19:14:46,028 alphafold2_ptm_model_3_seed_042 recycle=3 pLDDT=64.4 pTM=0.439 tol=0.663
2026-07-22 19:14:46,029 alphafold2_ptm_model_3_seed_042 took 0.8s (3 recycles)
2026-07-22 19:14:46,239 alphafold2_ptm_model_4_seed_042 recycle=0 pLDDT=74.1 pTM=0.544
2026-07-22 19:14:46,431 alphafold2_ptm_model_4_seed_042 recycle=1 pLDDT=71.2 pTM=0.518 tol=1.67
2026-07-22 19:14:46,623 alphafold2_ptm_model_4_seed_042 recycle=2 pLDDT=70.9 pTM=0.505 tol=0.48
2026-07-22 19:14:46,815 alphafold2_ptm_model_4_seed_042 recycle=3 pLDDT=69.8 pTM=0.505 tol=0.579
2026-07-22 19:14:46,816 alphafold2_ptm_model_4_seed_042 took 0.8s (3 recycles)
2026-07-22 19:14:47,023 alphafold2_ptm_model_5_seed_042 recycle=0 pLDDT=56.4 pTM=0.362
2026-07-22 19:14:47,215 alphafold2_ptm_model_5_seed_042 recycle=1 pLDDT=63.6 pTM=0.429 tol=1.5
2026-07-22 19:14:47,408 alphafold2_ptm_model_5_seed_042 recycle=2 pLDDT=68.6 pTM=0.472 tol=2.78
2026-07-22 19:14:47,601 alphafold2_ptm_model_5_seed_042 recycle=3 pLDDT=70.5 pTM=0.501 tol=0.46
2026-07-22 19:14:47,601 alphafold2_ptm_model_5_seed_042 took 0.8s (3 recycles)
2026-07-22 19:14:48,467 Padding length to 82
2026-07-22 19:14:48,662 alphafold2_ptm_model_1_seed_043 recycle=0 pLDDT=57.1 pTM=0.34
2026-07-22 19:14:48,855 alphafold2_ptm_model_1_seed_043 recycle=1 pLDDT=67.6 pTM=0.453 tol=2.51
2026-07-22 19:14:49,047 alphafold2_ptm_model_1_seed_043 recycle=2 pLDDT=71.5 pTM=0.499 tol=0.659
2026-07-22 19:14:49,243 alphafold2_ptm_model_1_seed_043 recycle=3 pLDDT=71.9 pTM=0.505 tol=0.752
2026-07-22 19:14:49,244 alphafold2_ptm_model_1_seed_043 took 0.8s (3 recycles)
2026-07-22 19:14:49,458 alphafold2_ptm_model_2_seed_043 recycle=0 pLDDT=56.2 pTM=0.423
2026-07-22 19:14:49,649 alphafold2_ptm_model_2_seed_043 recycle=1 pLDDT=58.4 pTM=0.445 tol=2.65
2026-07-22 19:14:49,841 alphafold2_ptm_model_2_seed_043 recycle=2 pLDDT=58.9 pTM=0.411 tol=3.24
2026-07-22 19:14:50,033 alphafold2_ptm_model_2_seed_043 recycle=3 pLDDT=54.8 pTM=0.366 tol=3.96
2026-07-22 19:14:50,033 alphafold2_ptm_model_2_seed_043 took 0.8s (3 recycles)
2026-07-22 19:14:50,241 alphafold2_ptm_model_3_seed_043 recycle=0 pLDDT=57.5 pTM=0.351
2026-07-22 19:14:50,433 alphafold2_ptm_model_3_seed_043 recycle=1 pLDDT=64.9 pTM=0.452 tol=1.81
2026-07-22 19:14:50,625 alphafold2_ptm_model_3_seed_043 recycle=2 pLDDT=65.9 pTM=0.456 tol=1.14
2026-07-22 19:14:50,817 alphafold2_ptm_model_3_seed_043 recycle=3 pLDDT=65.4 pTM=0.458 tol=1.47
2026-07-22 19:14:50,817 alphafold2_ptm_model_3_seed_043 took 0.8s (3 recycles)
2026-07-22 19:14:51,032 alphafold2_ptm_model_4_seed_043 recycle=0 pLDDT=74.8 pTM=0.545
2026-07-22 19:14:51,225 alphafold2_ptm_model_4_seed_043 recycle=1 pLDDT=71.7 pTM=0.514 tol=1.53
2026-07-22 19:14:51,418 alphafold2_ptm_model_4_seed_043 recycle=2 pLDDT=71.2 pTM=0.506 tol=0.388
2026-07-22 19:14:51,611 alphafold2_ptm_model_4_seed_043 recycle=3 pLDDT=69.9 pTM=0.504 tol=0.615
2026-07-22 19:14:51,612 alphafold2_ptm_model_4_seed_043 took 0.8s (3 recycles)
2026-07-22 19:14:51,818 alphafold2_ptm_model_5_seed_043 recycle=0 pLDDT=55 pTM=0.36
2026-07-22 19:14:52,009 alphafold2_ptm_model_5_seed_043 recycle=1 pLDDT=59.4 pTM=0.378 tol=2.08
2026-07-22 19:14:52,200 alphafold2_ptm_model_5_seed_043 recycle=2 pLDDT=66.8 pTM=0.458 tol=2.86
2026-07-22 19:14:52,391 alphafold2_ptm_model_5_seed_043 recycle=3 pLDDT=70.1 pTM=0.495 tol=0.633
2026-07-22 19:14:52,391 alphafold2_ptm_model_5_seed_043 took 0.8s (3 recycles)
2026-07-22 19:14:53,234 Padding length to 82
2026-07-22 19:14:53,427 alphafold2_ptm_model_1_seed_044 recycle=0 pLDDT=55.5 pTM=0.331
2026-07-22 19:14:53,619 alphafold2_ptm_model_1_seed_044 recycle=1 pLDDT=60.6 pTM=0.375 tol=1.3
2026-07-22 19:14:53,812 alphafold2_ptm_model_1_seed_044 recycle=2 pLDDT=68.2 pTM=0.46 tol=2.03
2026-07-22 19:14:54,004 alphafold2_ptm_model_1_seed_044 recycle=3 pLDDT=71.4 pTM=0.5 tol=0.502
2026-07-22 19:14:54,004 alphafold2_ptm_model_1_seed_044 took 0.8s (3 recycles)
2026-07-22 19:14:54,212 alphafold2_ptm_model_2_seed_044 recycle=0 pLDDT=72.4 pTM=0.548
2026-07-22 19:14:54,403 alphafold2_ptm_model_2_seed_044 recycle=1 pLDDT=66.8 pTM=0.487 tol=1.74
2026-07-22 19:14:54,594 alphafold2_ptm_model_2_seed_044 recycle=2 pLDDT=68.5 pTM=0.478 tol=1.39
2026-07-22 19:14:54,785 alphafold2_ptm_model_2_seed_044 recycle=3 pLDDT=70.4 pTM=0.492 tol=0.6
2026-07-22 19:14:54,785 alphafold2_ptm_model_2_seed_044 took 0.8s (3 recycles)
2026-07-22 19:14:54,991 alphafold2_ptm_model_3_seed_044 recycle=0 pLDDT=57.3 pTM=0.359
2026-07-22 19:14:55,182 alphafold2_ptm_model_3_seed_044 recycle=1 pLDDT=63.8 pTM=0.442 tol=1.95
2026-07-22 19:14:55,373 alphafold2_ptm_model_3_seed_044 recycle=2 pLDDT=65.4 pTM=0.453 tol=1.18
2026-07-22 19:14:55,565 alphafold2_ptm_model_3_seed_044 recycle=3 pLDDT=65.9 pTM=0.463 tol=1.57
2026-07-22 19:14:55,565 alphafold2_ptm_model_3_seed_044 took 0.8s (3 recycles)
2026-07-22 19:14:55,808 alphafold2_ptm_model_4_seed_044 recycle=0 pLDDT=73.8 pTM=0.54
2026-07-22 19:14:56,000 alphafold2_ptm_model_4_seed_044 recycle=1 pLDDT=71.9 pTM=0.521 tol=1.6
2026-07-22 19:14:56,192 alphafold2_ptm_model_4_seed_044 recycle=2 pLDDT=71 pTM=0.506 tol=0.607
2026-07-22 19:14:56,383 alphafold2_ptm_model_4_seed_044 recycle=3 pLDDT=69.8 pTM=0.503 tol=0.679
2026-07-22 19:14:56,383 alphafold2_ptm_model_4_seed_044 took 0.8s (3 recycles)
2026-07-22 19:14:56,589 alphafold2_ptm_model_5_seed_044 recycle=0 pLDDT=55.6 pTM=0.367
2026-07-22 19:14:56,780 alphafold2_ptm_model_5_seed_044 recycle=1 pLDDT=62.2 pTM=0.408 tol=1.68
2026-07-22 19:14:56,971 alphafold2_ptm_model_5_seed_044 recycle=2 pLDDT=68 pTM=0.466 tol=3.1
2026-07-22 19:14:57,162 alphafold2_ptm_model_5_seed_044 recycle=3 pLDDT=70.4 pTM=0.499 tol=0.434
2026-07-22 19:14:57,162 alphafold2_ptm_model_5_seed_044 took 0.8s (3 recycles)
2026-07-22 19:14:57,188 reranking models by 'plddt' metric
2026-07-22 19:14:57,188 rank_001_alphafold2_ptm_model_1_seed_042 pLDDT=72.1 pTM=0.507
2026-07-22 19:14:57,189 rank_002_alphafold2_ptm_model_1_seed_043 pLDDT=71.9 pTM=0.505
2026-07-22 19:14:57,190 rank_003_alphafold2_ptm_model_1_seed_044 pLDDT=71.4 pTM=0.5
2026-07-22 19:14:57,191 rank_004_alphafold2_ptm_model_2_seed_042 pLDDT=70.7 pTM=0.542
2026-07-22 19:14:57,192 rank_005_alphafold2_ptm_model_5_seed_042 pLDDT=70.5 pTM=0.501
2026-07-22 19:14:57,194 rank_006_alphafold2_ptm_model_5_seed_044 pLDDT=70.4 pTM=0.499
2026-07-22 19:14:57,195 rank_007_alphafold2_ptm_model_2_seed_044 pLDDT=70.4 pTM=0.492
2026-07-22 19:14:57,196 rank_008_alphafold2_ptm_model_5_seed_043 pLDDT=70.1 pTM=0.495
2026-07-22 19:14:57,197 rank_009_alphafold2_ptm_model_4_seed_043 pLDDT=69.9 pTM=0.504
2026-07-22 19:14:57,198 rank_010_alphafold2_ptm_model_4_seed_044 pLDDT=69.8 pTM=0.503
2026-07-22 19:14:57,200 rank_011_alphafold2_ptm_model_4_seed_042 pLDDT=69.8 pTM=0.505
2026-07-22 19:14:57,201 rank_012_alphafold2_ptm_model_3_seed_044 pLDDT=65.9 pTM=0.463
2026-07-22 19:14:57,202 rank_013_alphafold2_ptm_model_3_seed_043 pLDDT=65.4 pTM=0.458
2026-07-22 19:14:57,203 rank_014_alphafold2_ptm_model_3_seed_042 pLDDT=64.4 pTM=0.439
2026-07-22 19:14:57,204 rank_015_alphafold2_ptm_model_2_seed_043 pLDDT=54.8 pTM=0.366
2026-07-22 19:14:59,177 Query 13/426: 5KPH_4_6_6_0_combined_id7 (length 72)
2026-07-22 19:15:00,708 Padding length to 82
2026-07-22 19:15:00,901 alphafold2_ptm_model_1_seed_042 recycle=0 pLDDT=82.2 pTM=0.565
2026-07-22 19:15:01,093 alphafold2_ptm_model_1_seed_042 recycle=1 pLDDT=85.1 pTM=0.609 tol=0.207
2026-07-22 19:15:01,285 alphafold2_ptm_model_1_seed_042 recycle=2 pLDDT=85.3 pTM=0.613 tol=0.168
2026-07-22 19:15:01,477 alphafold2_ptm_model_1_seed_042 recycle=3 pLDDT=85.5 pTM=0.62 tol=0.0845
2026-07-22 19:15:01,478 alphafold2_ptm_model_1_seed_042 took 0.8s (3 recycles)
2026-07-22 19:15:01,863 alphafold2_ptm_model_2_seed_042 recycle=0 pLDDT=86.4 pTM=0.644
2026-07-22 19:15:02,055 alphafold2_ptm_model_2_seed_042 recycle=1 pLDDT=86.4 pTM=0.647 tol=0.158
2026-07-22 19:15:02,250 alphafold2_ptm_model_2_seed_042 recycle=2 pLDDT=87.1 pTM=0.659 tol=0.116
2026-07-22 19:15:02,442 alphafold2_ptm_model_2_seed_042 recycle=3 pLDDT=87.5 pTM=0.67 tol=0.0864
2026-07-22 19:15:02,442 alphafold2_ptm_model_2_seed_042 took 0.8s (3 recycles)
2026-07-22 19:15:02,648 alphafold2_ptm_model_3_seed_042 recycle=0 pLDDT=84.6 pTM=0.605
2026-07-22 19:15:02,841 alphafold2_ptm_model_3_seed_042 recycle=1 pLDDT=85.8 pTM=0.619 tol=0.294
2026-07-22 19:15:03,034 alphafold2_ptm_model_3_seed_042 recycle=2 pLDDT=86.2 pTM=0.627 tol=0.129
2026-07-22 19:15:03,226 alphafold2_ptm_model_3_seed_042 recycle=3 pLDDT=85.8 pTM=0.63 tol=0.0723
2026-07-22 19:15:03,227 alphafold2_ptm_model_3_seed_042 took 0.8s (3 recycles)
2026-07-22 19:15:03,434 alphafold2_ptm_model_4_seed_042 recycle=0 pLDDT=86.6 pTM=0.638
2026-07-22 19:15:03,627 alphafold2_ptm_model_4_seed_042 recycle=1 pLDDT=87.1 pTM=0.645 tol=0.13
2026-07-22 19:15:03,819 alphafold2_ptm_model_4_seed_042 recycle=2 pLDDT=87.3 pTM=0.646 tol=0.103
2026-07-22 19:15:04,012 alphafold2_ptm_model_4_seed_042 recycle=3 pLDDT=87.4 pTM=0.647 tol=0.0633
2026-07-22 19:15:04,012 alphafold2_ptm_model_4_seed_042 took 0.8s (3 recycles)
2026-07-22 19:15:04,217 alphafold2_ptm_model_5_seed_042 recycle=0 pLDDT=85.2 pTM=0.628
2026-07-22 19:15:04,411 alphafold2_ptm_model_5_seed_042 recycle=1 pLDDT=88.8 pTM=0.675 tol=0.202
2026-07-22 19:15:04,604 alphafold2_ptm_model_5_seed_042 recycle=2 pLDDT=89.1 pTM=0.683 tol=0.0648
2026-07-22 19:15:04,797 alphafold2_ptm_model_5_seed_042 recycle=3 pLDDT=89 pTM=0.682 tol=0.0368
2026-07-22 19:15:04,797 alphafold2_ptm_model_5_seed_042 took 0.8s (3 recycles)
2026-07-22 19:15:05,483 Padding length to 82
2026-07-22 19:15:05,676 alphafold2_ptm_model_1_seed_043 recycle=0 pLDDT=82.2 pTM=0.556
2026-07-22 19:15:05,868 alphafold2_ptm_model_1_seed_043 recycle=1 pLDDT=85 pTM=0.605 tol=0.375
2026-07-22 19:15:06,060 alphafold2_ptm_model_1_seed_043 recycle=2 pLDDT=85.1 pTM=0.61 tol=0.14
2026-07-22 19:15:06,252 alphafold2_ptm_model_1_seed_043 recycle=3 pLDDT=85.5 pTM=0.618 tol=0.123
2026-07-22 19:15:06,253 alphafold2_ptm_model_1_seed_043 took 0.8s (3 recycles)
2026-07-22 19:15:06,463 alphafold2_ptm_model_2_seed_043 recycle=0 pLDDT=86.2 pTM=0.639
2026-07-22 19:15:06,656 alphafold2_ptm_model_2_seed_043 recycle=1 pLDDT=86.2 pTM=0.646 tol=0.266
2026-07-22 19:15:06,849 alphafold2_ptm_model_2_seed_043 recycle=2 pLDDT=86.8 pTM=0.652 tol=0.112
2026-07-22 19:15:07,041 alphafold2_ptm_model_2_seed_043 recycle=3 pLDDT=87.4 pTM=0.667 tol=0.0898
2026-07-22 19:15:07,042 alphafold2_ptm_model_2_seed_043 took 0.8s (3 recycles)
2026-07-22 19:15:07,252 alphafold2_ptm_model_3_seed_043 recycle=0 pLDDT=84.5 pTM=0.603
2026-07-22 19:15:07,445 alphafold2_ptm_model_3_seed_043 recycle=1 pLDDT=85.8 pTM=0.619 tol=0.29
2026-07-22 19:15:07,638 alphafold2_ptm_model_3_seed_043 recycle=2 pLDDT=86.1 pTM=0.625 tol=0.0806
2026-07-22 19:15:07,831 alphafold2_ptm_model_3_seed_043 recycle=3 pLDDT=85.5 pTM=0.625 tol=0.0989
2026-07-22 19:15:07,831 alphafold2_ptm_model_3_seed_043 took 0.8s (3 recycles)
2026-07-22 19:15:08,052 alphafold2_ptm_model_4_seed_043 recycle=0 pLDDT=86.5 pTM=0.638
2026-07-22 19:15:08,244 alphafold2_ptm_model_4_seed_043 recycle=1 pLDDT=87 pTM=0.645 tol=0.136
2026-07-22 19:15:08,437 alphafold2_ptm_model_4_seed_043 recycle=2 pLDDT=87.3 pTM=0.647 tol=0.0881
2026-07-22 19:15:08,629 alphafold2_ptm_model_4_seed_043 recycle=3 pLDDT=87.4 pTM=0.649 tol=0.0486
2026-07-22 19:15:08,629 alphafold2_ptm_model_4_seed_043 took 0.8s (3 recycles)
2026-07-22 19:15:08,836 alphafold2_ptm_model_5_seed_043 recycle=0 pLDDT=84.4 pTM=0.624
2026-07-22 19:15:09,029 alphafold2_ptm_model_5_seed_043 recycle=1 pLDDT=88.6 pTM=0.673 tol=0.223
2026-07-22 19:15:09,222 alphafold2_ptm_model_5_seed_043 recycle=2 pLDDT=88.9 pTM=0.681 tol=0.0659
2026-07-22 19:15:09,415 alphafold2_ptm_model_5_seed_043 recycle=3 pLDDT=88.9 pTM=0.682 tol=0.0374
2026-07-22 19:15:09,415 alphafold2_ptm_model_5_seed_043 took 0.8s (3 recycles)
2026-07-22 19:15:10,112 Padding length to 82
2026-07-22 19:15:10,304 alphafold2_ptm_model_1_seed_044 recycle=0 pLDDT=81.6 pTM=0.546
2026-07-22 19:15:10,497 alphafold2_ptm_model_1_seed_044 recycle=1 pLDDT=84.6 pTM=0.596 tol=0.298
2026-07-22 19:15:10,689 alphafold2_ptm_model_1_seed_044 recycle=2 pLDDT=85 pTM=0.606 tol=0.136
2026-07-22 19:15:10,881 alphafold2_ptm_model_1_seed_044 recycle=3 pLDDT=85.1 pTM=0.61 tol=0.129
2026-07-22 19:15:10,881 alphafold2_ptm_model_1_seed_044 took 0.8s (3 recycles)
2026-07-22 19:15:11,093 alphafold2_ptm_model_2_seed_044 recycle=0 pLDDT=86 pTM=0.637
2026-07-22 19:15:11,287 alphafold2_ptm_model_2_seed_044 recycle=1 pLDDT=86.1 pTM=0.645 tol=0.203
2026-07-22 19:15:11,481 alphafold2_ptm_model_2_seed_044 recycle=2 pLDDT=86.4 pTM=0.647 tol=0.105
2026-07-22 19:15:11,674 alphafold2_ptm_model_2_seed_044 recycle=3 pLDDT=87.2 pTM=0.662 tol=0.118
2026-07-22 19:15:11,674 alphafold2_ptm_model_2_seed_044 took 0.8s (3 recycles)
2026-07-22 19:15:11,882 alphafold2_ptm_model_3_seed_044 recycle=0 pLDDT=84.8 pTM=0.606
2026-07-22 19:15:12,076 alphafold2_ptm_model_3_seed_044 recycle=1 pLDDT=85.7 pTM=0.615 tol=0.301
2026-07-22 19:15:12,269 alphafold2_ptm_model_3_seed_044 recycle=2 pLDDT=86.2 pTM=0.626 tol=0.114
2026-07-22 19:15:12,461 alphafold2_ptm_model_3_seed_044 recycle=3 pLDDT=85.7 pTM=0.628 tol=0.0775
2026-07-22 19:15:12,461 alphafold2_ptm_model_3_seed_044 took 0.8s (3 recycles)
2026-07-22 19:15:12,672 alphafold2_ptm_model_4_seed_044 recycle=0 pLDDT=86.6 pTM=0.637
2026-07-22 19:15:12,865 alphafold2_ptm_model_4_seed_044 recycle=1 pLDDT=87.1 pTM=0.645 tol=0.12
2026-07-22 19:15:13,058 alphafold2_ptm_model_4_seed_044 recycle=2 pLDDT=87.4 pTM=0.646 tol=0.0892
2026-07-22 19:15:13,250 alphafold2_ptm_model_4_seed_044 recycle=3 pLDDT=87.4 pTM=0.648 tol=0.0522
2026-07-22 19:15:13,250 alphafold2_ptm_model_4_seed_044 took 0.8s (3 recycles)
2026-07-22 19:15:13,477 alphafold2_ptm_model_5_seed_044 recycle=0 pLDDT=84.2 pTM=0.621
2026-07-22 19:15:13,670 alphafold2_ptm_model_5_seed_044 recycle=1 pLDDT=88.6 pTM=0.669 tol=0.249
2026-07-22 19:15:13,864 alphafold2_ptm_model_5_seed_044 recycle=2 pLDDT=89 pTM=0.679 tol=0.0617
2026-07-22 19:15:14,057 alphafold2_ptm_model_5_seed_044 recycle=3 pLDDT=89.1 pTM=0.682 tol=0.0515
2026-07-22 19:15:14,057 alphafold2_ptm_model_5_seed_044 took 0.8s (3 recycles)
2026-07-22 19:15:14,074 reranking models by 'plddt' metric
2026-07-22 19:15:14,074 rank_001_alphafold2_ptm_model_5_seed_044 pLDDT=89.1 pTM=0.682
2026-07-22 19:15:14,076 rank_002_alphafold2_ptm_model_5_seed_042 pLDDT=89 pTM=0.682
2026-07-22 19:15:14,077 rank_003_alphafold2_ptm_model_5_seed_043 pLDDT=88.9 pTM=0.682
2026-07-22 19:15:14,078 rank_004_alphafold2_ptm_model_2_seed_042 pLDDT=87.5 pTM=0.67
2026-07-22 19:15:14,080 rank_005_alphafold2_ptm_model_4_seed_044 pLDDT=87.4 pTM=0.648
2026-07-22 19:15:14,081 rank_006_alphafold2_ptm_model_4_seed_043 pLDDT=87.4 pTM=0.649
2026-07-22 19:15:14,082 rank_007_alphafold2_ptm_model_2_seed_043 pLDDT=87.4 pTM=0.667
2026-07-22 19:15:14,083 rank_008_alphafold2_ptm_model_4_seed_042 pLDDT=87.4 pTM=0.647
2026-07-22 19:15:14,084 rank_009_alphafold2_ptm_model_2_seed_044 pLDDT=87.2 pTM=0.662
2026-07-22 19:15:14,086 rank_010_alphafold2_ptm_model_3_seed_042 pLDDT=85.8 pTM=0.63
2026-07-22 19:15:14,087 rank_011_alphafold2_ptm_model_3_seed_044 pLDDT=85.7 pTM=0.628
2026-07-22 19:15:14,088 rank_012_alphafold2_ptm_model_3_seed_043 pLDDT=85.5 pTM=0.625
2026-07-22 19:15:14,089 rank_013_alphafold2_ptm_model_1_seed_043 pLDDT=85.5 pTM=0.618
2026-07-22 19:15:14,091 rank_014_alphafold2_ptm_model_1_seed_042 pLDDT=85.5 pTM=0.62
2026-07-22 19:15:14,092 rank_015_alphafold2_ptm_model_1_seed_044 pLDDT=85.1 pTM=0.61
2026-07-22 19:15:16,449 Query 14/426: 5KPH_4_2_0_0_combined_id7 (length 72)
2026-07-22 19:15:18,080 Padding length to 82
2026-07-22 19:15:18,276 alphafold2_ptm_model_1_seed_042 recycle=0 pLDDT=89.2 pTM=0.694
2026-07-22 19:15:18,473 alphafold2_ptm_model_1_seed_042 recycle=1 pLDDT=92.8 pTM=0.766 tol=0.237
2026-07-22 19:15:18,671 alphafold2_ptm_model_1_seed_042 recycle=2 pLDDT=93.6 pTM=0.778 tol=0.0632
2026-07-22 19:15:18,869 alphafold2_ptm_model_1_seed_042 recycle=3 pLDDT=93.8 pTM=0.781 tol=0.0224
2026-07-22 19:15:18,869 alphafold2_ptm_model_1_seed_042 took 0.8s (3 recycles)
2026-07-22 19:15:19,101 alphafold2_ptm_model_2_seed_042 recycle=0 pLDDT=93.5 pTM=0.789
2026-07-22 19:15:19,299 alphafold2_ptm_model_2_seed_042 recycle=1 pLDDT=94.8 pTM=0.812 tol=0.192
2026-07-22 19:15:19,496 alphafold2_ptm_model_2_seed_042 recycle=2 pLDDT=95.2 pTM=0.817 tol=0.0801
2026-07-22 19:15:19,694 alphafold2_ptm_model_2_seed_042 recycle=3 pLDDT=95.2 pTM=0.818 tol=0.0238
2026-07-22 19:15:19,694 alphafold2_ptm_model_2_seed_042 took 0.8s (3 recycles)
2026-07-22 19:15:19,904 alphafold2_ptm_model_3_seed_042 recycle=0 pLDDT=86.8 pTM=0.665
2026-07-22 19:15:20,101 alphafold2_ptm_model_3_seed_042 recycle=1 pLDDT=92.7 pTM=0.76 tol=0.549
2026-07-22 19:15:20,298 alphafold2_ptm_model_3_seed_042 recycle=2 pLDDT=93.4 pTM=0.775 tol=0.0653
2026-07-22 19:15:20,495 alphafold2_ptm_model_3_seed_042 recycle=3 pLDDT=94.1 pTM=0.787 tol=0.0453
2026-07-22 19:15:20,495 alphafold2_ptm_model_3_seed_042 took 0.8s (3 recycles)
2026-07-22 19:15:20,708 alphafold2_ptm_model_4_seed_042 recycle=0 pLDDT=87.9 pTM=0.706
2026-07-22 19:15:20,902 alphafold2_ptm_model_4_seed_042 recycle=1 pLDDT=90.6 pTM=0.752 tol=0.2
2026-07-22 19:15:21,097 alphafold2_ptm_model_4_seed_042 recycle=2 pLDDT=90.6 pTM=0.756 tol=0.0509
2026-07-22 19:15:21,290 alphafold2_ptm_model_4_seed_042 recycle=3 pLDDT=90.6 pTM=0.755 tol=0.0157
2026-07-22 19:15:21,291 alphafold2_ptm_model_4_seed_042 took 0.8s (3 recycles)
2026-07-22 19:15:21,510 alphafold2_ptm_model_5_seed_042 recycle=0 pLDDT=84.8 pTM=0.673
2026-07-22 19:15:21,705 alphafold2_ptm_model_5_seed_042 recycle=1 pLDDT=91 pTM=0.752 tol=0.682
2026-07-22 19:15:21,902 alphafold2_ptm_model_5_seed_042 recycle=2 pLDDT=91.4 pTM=0.761 tol=0.126
2026-07-22 19:15:22,098 alphafold2_ptm_model_5_seed_042 recycle=3 pLDDT=91.9 pTM=0.765 tol=0.0321
2026-07-22 19:15:22,098 alphafold2_ptm_model_5_seed_042 took 0.8s (3 recycles)
2026-07-22 19:15:22,927 Padding length to 82
2026-07-22 19:15:23,123 alphafold2_ptm_model_1_seed_043 recycle=0 pLDDT=90.1 pTM=0.712
2026-07-22 19:15:23,319 alphafold2_ptm_model_1_seed_043 recycle=1 pLDDT=92.8 pTM=0.762 tol=0.183
2026-07-22 19:15:23,516 alphafold2_ptm_model_1_seed_043 recycle=2 pLDDT=93.2 pTM=0.773 tol=0.0505
2026-07-22 19:15:23,713 alphafold2_ptm_model_1_seed_043 recycle=3 pLDDT=93.2 pTM=0.773 tol=0.0233
2026-07-22 19:15:23,713 alphafold2_ptm_model_1_seed_043 took 0.8s (3 recycles)
2026-07-22 19:15:23,936 alphafold2_ptm_model_2_seed_043 recycle=0 pLDDT=93.8 pTM=0.793
2026-07-22 19:15:24,136 alphafold2_ptm_model_2_seed_043 recycle=1 pLDDT=94.9 pTM=0.815 tol=0.168
2026-07-22 19:15:24,333 alphafold2_ptm_model_2_seed_043 recycle=2 pLDDT=95.2 pTM=0.818 tol=0.119
2026-07-22 19:15:24,531 alphafold2_ptm_model_2_seed_043 recycle=3 pLDDT=95.3 pTM=0.818 tol=0.0374
2026-07-22 19:15:24,531 alphafold2_ptm_model_2_seed_043 took 0.8s (3 recycles)
2026-07-22 19:15:24,739 alphafold2_ptm_model_3_seed_043 recycle=0 pLDDT=86.7 pTM=0.665
2026-07-22 19:15:24,933 alphafold2_ptm_model_3_seed_043 recycle=1 pLDDT=92.7 pTM=0.759 tol=0.57
2026-07-22 19:15:25,128 alphafold2_ptm_model_3_seed_043 recycle=2 pLDDT=93.2 pTM=0.771 tol=0.0731
2026-07-22 19:15:25,324 alphafold2_ptm_model_3_seed_043 recycle=3 pLDDT=94.2 pTM=0.787 tol=0.0527
2026-07-22 19:15:25,324 alphafold2_ptm_model_3_seed_043 took 0.8s (3 recycles)
2026-07-22 19:15:25,556 alphafold2_ptm_model_4_seed_043 recycle=0 pLDDT=88 pTM=0.702
2026-07-22 19:15:25,751 alphafold2_ptm_model_4_seed_043 recycle=1 pLDDT=90.2 pTM=0.745 tol=0.185
2026-07-22 19:15:25,946 alphafold2_ptm_model_4_seed_043 recycle=2 pLDDT=90.3 pTM=0.749 tol=0.0387
2026-07-22 19:15:26,140 alphafold2_ptm_model_4_seed_043 recycle=3 pLDDT=90.5 pTM=0.752 tol=0.0321
2026-07-22 19:15:26,140 alphafold2_ptm_model_4_seed_043 took 0.8s (3 recycles)
2026-07-22 19:15:26,351 alphafold2_ptm_model_5_seed_043 recycle=0 pLDDT=83.3 pTM=0.664
2026-07-22 19:15:26,546 alphafold2_ptm_model_5_seed_043 recycle=1 pLDDT=90.8 pTM=0.749 tol=0.663
2026-07-22 19:15:26,741 alphafold2_ptm_model_5_seed_043 recycle=2 pLDDT=91.2 pTM=0.755 tol=0.086
2026-07-22 19:15:26,936 alphafold2_ptm_model_5_seed_043 recycle=3 pLDDT=91.6 pTM=0.76 tol=0.0269
2026-07-22 19:15:26,936 alphafold2_ptm_model_5_seed_043 took 0.8s (3 recycles)
2026-07-22 19:15:27,786 Padding length to 82
2026-07-22 19:15:27,982 alphafold2_ptm_model_1_seed_044 recycle=0 pLDDT=90 pTM=0.706
2026-07-22 19:15:28,179 alphafold2_ptm_model_1_seed_044 recycle=1 pLDDT=92.9 pTM=0.766 tol=0.188
2026-07-22 19:15:28,376 alphafold2_ptm_model_1_seed_044 recycle=2 pLDDT=93.6 pTM=0.777 tol=0.0748
2026-07-22 19:15:28,574 alphafold2_ptm_model_1_seed_044 recycle=3 pLDDT=93.8 pTM=0.782 tol=0.0198
2026-07-22 19:15:28,574 alphafold2_ptm_model_1_seed_044 took 0.8s (3 recycles)
2026-07-22 19:15:28,790 alphafold2_ptm_model_2_seed_044 recycle=0 pLDDT=93.8 pTM=0.791
2026-07-22 19:15:28,988 alphafold2_ptm_model_2_seed_044 recycle=1 pLDDT=94.8 pTM=0.813 tol=0.162
2026-07-22 19:15:29,186 alphafold2_ptm_model_2_seed_044 recycle=2 pLDDT=95.1 pTM=0.817 tol=0.108
2026-07-22 19:15:29,384 alphafold2_ptm_model_2_seed_044 recycle=3 pLDDT=95.2 pTM=0.817 tol=0.032
2026-07-22 19:15:29,385 alphafold2_ptm_model_2_seed_044 took 0.8s (3 recycles)
2026-07-22 19:15:29,595 alphafold2_ptm_model_3_seed_044 recycle=0 pLDDT=86 pTM=0.655
2026-07-22 19:15:29,794 alphafold2_ptm_model_3_seed_044 recycle=1 pLDDT=92.4 pTM=0.751 tol=0.711
2026-07-22 19:15:29,989 alphafold2_ptm_model_3_seed_044 recycle=2 pLDDT=93.1 pTM=0.77 tol=0.077
2026-07-22 19:15:30,184 alphafold2_ptm_model_3_seed_044 recycle=3 pLDDT=94.1 pTM=0.785 tol=0.0502
2026-07-22 19:15:30,185 alphafold2_ptm_model_3_seed_044 took 0.8s (3 recycles)
2026-07-22 19:15:30,399 alphafold2_ptm_model_4_seed_044 recycle=0 pLDDT=88 pTM=0.707
2026-07-22 19:15:30,593 alphafold2_ptm_model_4_seed_044 recycle=1 pLDDT=90.4 pTM=0.75 tol=0.141
2026-07-22 19:15:30,787 alphafold2_ptm_model_4_seed_044 recycle=2 pLDDT=90.4 pTM=0.75 tol=0.0534
2026-07-22 19:15:30,981 alphafold2_ptm_model_4_seed_044 recycle=3 pLDDT=90.6 pTM=0.753 tol=0.0342
2026-07-22 19:15:30,982 alphafold2_ptm_model_4_seed_044 took 0.8s (3 recycles)
2026-07-22 19:15:31,193 alphafold2_ptm_model_5_seed_044 recycle=0 pLDDT=85.2 pTM=0.683
2026-07-22 19:15:31,391 alphafold2_ptm_model_5_seed_044 recycle=1 pLDDT=90.9 pTM=0.751 tol=0.62
2026-07-22 19:15:31,586 alphafold2_ptm_model_5_seed_044 recycle=2 pLDDT=91.3 pTM=0.758 tol=0.105
2026-07-22 19:15:31,780 alphafold2_ptm_model_5_seed_044 recycle=3 pLDDT=91.9 pTM=0.764 tol=0.0275
2026-07-22 19:15:31,780 alphafold2_ptm_model_5_seed_044 took 0.8s (3 recycles)
2026-07-22 19:15:31,807 reranking models by 'plddt' metric
2026-07-22 19:15:31,807 rank_001_alphafold2_ptm_model_2_seed_043 pLDDT=95.3 pTM=0.818
2026-07-22 19:15:31,809 rank_002_alphafold2_ptm_model_2_seed_044 pLDDT=95.2 pTM=0.817
2026-07-22 19:15:31,810 rank_003_alphafold2_ptm_model_2_seed_042 pLDDT=95.2 pTM=0.818
2026-07-22 19:15:31,811 rank_004_alphafold2_ptm_model_3_seed_043 pLDDT=94.2 pTM=0.787
2026-07-22 19:15:31,812 rank_005_alphafold2_ptm_model_3_seed_042 pLDDT=94.1 pTM=0.787
2026-07-22 19:15:31,814 rank_006_alphafold2_ptm_model_3_seed_044 pLDDT=94.1 pTM=0.785
2026-07-22 19:15:31,815 rank_007_alphafold2_ptm_model_1_seed_044 pLDDT=93.8 pTM=0.782
2026-07-22 19:15:31,816 rank_008_alphafold2_ptm_model_1_seed_042 pLDDT=93.8 pTM=0.781
2026-07-22 19:15:31,817 rank_009_alphafold2_ptm_model_1_seed_043 pLDDT=93.2 pTM=0.773
2026-07-22 19:15:31,819 rank_010_alphafold2_ptm_model_5_seed_042 pLDDT=91.9 pTM=0.765
2026-07-22 19:15:31,820 rank_011_alphafold2_ptm_model_5_seed_044 pLDDT=91.9 pTM=0.764
2026-07-22 19:15:31,821 rank_012_alphafold2_ptm_model_5_seed_043 pLDDT=91.6 pTM=0.76
2026-07-22 19:15:31,823 rank_013_alphafold2_ptm_model_4_seed_044 pLDDT=90.6 pTM=0.753
2026-07-22 19:15:31,824 rank_014_alphafold2_ptm_model_4_seed_042 pLDDT=90.6 pTM=0.755
2026-07-22 19:15:31,825 rank_015_alphafold2_ptm_model_4_seed_043 pLDDT=90.5 pTM=0.752
2026-07-22 19:15:34,053 Query 15/426: 5KPH_8_6_4_0_combined_id2 (length 72)
2026-07-22 19:15:35,717 Padding length to 82
2026-07-22 19:15:35,912 alphafold2_ptm_model_1_seed_042 recycle=0 pLDDT=86.3 pTM=0.653
2026-07-22 19:15:36,107 alphafold2_ptm_model_1_seed_042 recycle=1 pLDDT=89.3 pTM=0.696 tol=0.401
2026-07-22 19:15:36,302 alphafold2_ptm_model_1_seed_042 recycle=2 pLDDT=90.8 pTM=0.73 tol=0.163
2026-07-22 19:15:36,496 alphafold2_ptm_model_1_seed_042 recycle=3 pLDDT=90.6 pTM=0.73 tol=0.0715
2026-07-22 19:15:36,496 alphafold2_ptm_model_1_seed_042 took 0.8s (3 recycles)
2026-07-22 19:15:36,720 alphafold2_ptm_model_2_seed_042 recycle=0 pLDDT=90.1 pTM=0.713
2026-07-22 19:15:36,913 alphafold2_ptm_model_2_seed_042 recycle=1 pLDDT=89.9 pTM=0.715 tol=0.295
2026-07-22 19:15:37,108 alphafold2_ptm_model_2_seed_042 recycle=2 pLDDT=90.9 pTM=0.739 tol=0.264
2026-07-22 19:15:37,302 alphafold2_ptm_model_2_seed_042 recycle=3 pLDDT=90.6 pTM=0.74 tol=0.0961
2026-07-22 19:15:37,302 alphafold2_ptm_model_2_seed_042 took 0.8s (3 recycles)
2026-07-22 19:15:37,511 alphafold2_ptm_model_3_seed_042 recycle=0 pLDDT=88.3 pTM=0.674
2026-07-22 19:15:37,705 alphafold2_ptm_model_3_seed_042 recycle=1 pLDDT=87.4 pTM=0.686 tol=0.248
2026-07-22 19:15:37,899 alphafold2_ptm_model_3_seed_042 recycle=2 pLDDT=88.8 pTM=0.702 tol=0.129
2026-07-22 19:15:38,094 alphafold2_ptm_model_3_seed_042 recycle=3 pLDDT=89.4 pTM=0.71 tol=0.105
2026-07-22 19:15:38,094 alphafold2_ptm_model_3_seed_042 took 0.8s (3 recycles)
2026-07-22 19:15:38,305 alphafold2_ptm_model_4_seed_042 recycle=0 pLDDT=88.2 pTM=0.692
2026-07-22 19:15:38,503 alphafold2_ptm_model_4_seed_042 recycle=1 pLDDT=92.7 pTM=0.762 tol=0.367
2026-07-22 19:15:38,700 alphafold2_ptm_model_4_seed_042 recycle=2 pLDDT=91.8 pTM=0.758 tol=0.133
2026-07-22 19:15:38,896 alphafold2_ptm_model_4_seed_042 recycle=3 pLDDT=91.7 pTM=0.755 tol=0.113
2026-07-22 19:15:38,896 alphafold2_ptm_model_4_seed_042 took 0.8s (3 recycles)
2026-07-22 19:15:39,106 alphafold2_ptm_model_5_seed_042 recycle=0 pLDDT=83.2 pTM=0.645
2026-07-22 19:15:39,301 alphafold2_ptm_model_5_seed_042 recycle=1 pLDDT=89.7 pTM=0.705 tol=0.569
2026-07-22 19:15:39,499 alphafold2_ptm_model_5_seed_042 recycle=2 pLDDT=90.3 pTM=0.721 tol=0.165
2026-07-22 19:15:39,693 alphafold2_ptm_model_5_seed_042 recycle=3 pLDDT=90.7 pTM=0.727 tol=0.111
2026-07-22 19:15:39,694 alphafold2_ptm_model_5_seed_042 took 0.8s (3 recycles)
2026-07-22 19:15:40,507 Padding length to 82
2026-07-22 19:15:40,703 alphafold2_ptm_model_1_seed_043 recycle=0 pLDDT=84.9 pTM=0.644
2026-07-22 19:15:40,898 alphafold2_ptm_model_1_seed_043 recycle=1 pLDDT=88.5 pTM=0.678 tol=1.17
2026-07-22 19:15:41,094 alphafold2_ptm_model_1_seed_043 recycle=2 pLDDT=90.2 pTM=0.718 tol=0.166
2026-07-22 19:15:41,289 alphafold2_ptm_model_1_seed_043 recycle=3 pLDDT=91.1 pTM=0.736 tol=0.199
2026-07-22 19:15:41,290 alphafold2_ptm_model_1_seed_043 took 0.8s (3 recycles)
2026-07-22 19:15:41,509 alphafold2_ptm_model_2_seed_043 recycle=0 pLDDT=88.1 pTM=0.712
2026-07-22 19:15:41,704 alphafold2_ptm_model_2_seed_043 recycle=1 pLDDT=90.8 pTM=0.731 tol=0.841
2026-07-22 19:15:41,899 alphafold2_ptm_model_2_seed_043 recycle=2 pLDDT=91.5 pTM=0.75 tol=0.23
2026-07-22 19:15:42,094 alphafold2_ptm_model_2_seed_043 recycle=3 pLDDT=91.1 pTM=0.747 tol=0.0865
2026-07-22 19:15:42,095 alphafold2_ptm_model_2_seed_043 took 0.8s (3 recycles)
2026-07-22 19:15:42,313 alphafold2_ptm_model_3_seed_043 recycle=0 pLDDT=88.6 pTM=0.687
2026-07-22 19:15:42,508 alphafold2_ptm_model_3_seed_043 recycle=1 pLDDT=89.7 pTM=0.712 tol=0.224
2026-07-22 19:15:42,703 alphafold2_ptm_model_3_seed_043 recycle=2 pLDDT=89.8 pTM=0.715 tol=0.137
2026-07-22 19:15:42,898 alphafold2_ptm_model_3_seed_043 recycle=3 pLDDT=90.2 pTM=0.721 tol=0.106
2026-07-22 19:15:42,899 alphafold2_ptm_model_3_seed_043 took 0.8s (3 recycles)
2026-07-22 19:15:43,111 alphafold2_ptm_model_4_seed_043 recycle=0 pLDDT=87.1 pTM=0.683
2026-07-22 19:15:43,310 alphafold2_ptm_model_4_seed_043 recycle=1 pLDDT=91.1 pTM=0.731 tol=0.325
2026-07-22 19:15:43,506 alphafold2_ptm_model_4_seed_043 recycle=2 pLDDT=92.1 pTM=0.758 tol=0.275
2026-07-22 19:15:43,701 alphafold2_ptm_model_4_seed_043 recycle=3 pLDDT=91.4 pTM=0.748 tol=0.104
2026-07-22 19:15:43,701 alphafold2_ptm_model_4_seed_043 took 0.8s (3 recycles)
2026-07-22 19:15:43,909 alphafold2_ptm_model_5_seed_043 recycle=0 pLDDT=82.7 pTM=0.642
2026-07-22 19:15:44,102 alphafold2_ptm_model_5_seed_043 recycle=1 pLDDT=89.7 pTM=0.706 tol=0.686
2026-07-22 19:15:44,296 alphafold2_ptm_model_5_seed_043 recycle=2 pLDDT=90.2 pTM=0.719 tol=0.167
2026-07-22 19:15:44,490 alphafold2_ptm_model_5_seed_043 recycle=3 pLDDT=90.7 pTM=0.725 tol=0.0866
2026-07-22 19:15:44,491 alphafold2_ptm_model_5_seed_043 took 0.8s (3 recycles)
2026-07-22 19:15:45,458 Padding length to 82
2026-07-22 19:15:45,652 alphafold2_ptm_model_1_seed_044 recycle=0 pLDDT=84.5 pTM=0.637
2026-07-22 19:15:45,847 alphafold2_ptm_model_1_seed_044 recycle=1 pLDDT=88.6 pTM=0.679 tol=1.21
2026-07-22 19:15:46,041 alphafold2_ptm_model_1_seed_044 recycle=2 pLDDT=90.4 pTM=0.715 tol=0.165
2026-07-22 19:15:46,236 alphafold2_ptm_model_1_seed_044 recycle=3 pLDDT=91.2 pTM=0.738 tol=0.203
2026-07-22 19:15:46,237 alphafold2_ptm_model_1_seed_044 took 0.8s (3 recycles)
2026-07-22 19:15:46,466 alphafold2_ptm_model_2_seed_044 recycle=0 pLDDT=86.5 pTM=0.683
2026-07-22 19:15:46,660 alphafold2_ptm_model_2_seed_044 recycle=1 pLDDT=90.7 pTM=0.728 tol=1.01
2026-07-22 19:15:46,854 alphafold2_ptm_model_2_seed_044 recycle=2 pLDDT=91.1 pTM=0.743 tol=0.175
2026-07-22 19:15:47,048 alphafold2_ptm_model_2_seed_044 recycle=3 pLDDT=90.7 pTM=0.742 tol=0.149
2026-07-22 19:15:47,048 alphafold2_ptm_model_2_seed_044 took 0.8s (3 recycles)
2026-07-22 19:15:47,254 alphafold2_ptm_model_3_seed_044 recycle=0 pLDDT=87.1 pTM=0.662
2026-07-22 19:15:47,448 alphafold2_ptm_model_3_seed_044 recycle=1 pLDDT=89 pTM=0.705 tol=0.288
2026-07-22 19:15:47,642 alphafold2_ptm_model_3_seed_044 recycle=2 pLDDT=89.5 pTM=0.71 tol=0.0883
2026-07-22 19:15:47,836 alphafold2_ptm_model_3_seed_044 recycle=3 pLDDT=90.1 pTM=0.719 tol=0.157
2026-07-22 19:15:47,836 alphafold2_ptm_model_3_seed_044 took 0.8s (3 recycles)
2026-07-22 19:15:48,046 alphafold2_ptm_model_4_seed_044 recycle=0 pLDDT=86.6 pTM=0.673
2026-07-22 19:15:48,240 alphafold2_ptm_model_4_seed_044 recycle=1 pLDDT=90.2 pTM=0.715 tol=0.52
2026-07-22 19:15:48,434 alphafold2_ptm_model_4_seed_044 recycle=2 pLDDT=92.1 pTM=0.755 tol=0.331
2026-07-22 19:15:48,629 alphafold2_ptm_model_4_seed_044 recycle=3 pLDDT=91.4 pTM=0.747 tol=0.0951
2026-07-22 19:15:48,629 alphafold2_ptm_model_4_seed_044 took 0.8s (3 recycles)
2026-07-22 19:15:48,835 alphafold2_ptm_model_5_seed_044 recycle=0 pLDDT=81.9 pTM=0.632
2026-07-22 19:15:49,029 alphafold2_ptm_model_5_seed_044 recycle=1 pLDDT=89.6 pTM=0.705 tol=0.656
2026-07-22 19:15:49,222 alphafold2_ptm_model_5_seed_044 recycle=2 pLDDT=90.2 pTM=0.72 tol=0.174
2026-07-22 19:15:49,417 alphafold2_ptm_model_5_seed_044 recycle=3 pLDDT=90.8 pTM=0.729 tol=0.104
2026-07-22 19:15:49,417 alphafold2_ptm_model_5_seed_044 took 0.8s (3 recycles)
2026-07-22 19:15:49,432 reranking models by 'plddt' metric
2026-07-22 19:15:49,432 rank_001_alphafold2_ptm_model_4_seed_042 pLDDT=91.7 pTM=0.755
2026-07-22 19:15:49,433 rank_002_alphafold2_ptm_model_4_seed_044 pLDDT=91.4 pTM=0.747
2026-07-22 19:15:49,434 rank_003_alphafold2_ptm_model_4_seed_043 pLDDT=91.4 pTM=0.748
2026-07-22 19:15:49,435 rank_004_alphafold2_ptm_model_1_seed_044 pLDDT=91.2 pTM=0.738
2026-07-22 19:15:49,436 rank_005_alphafold2_ptm_model_2_seed_043 pLDDT=91.1 pTM=0.747
2026-07-22 19:15:49,437 rank_006_alphafold2_ptm_model_1_seed_043 pLDDT=91.1 pTM=0.736
2026-07-22 19:15:49,439 rank_007_alphafold2_ptm_model_5_seed_044 pLDDT=90.8 pTM=0.729
2026-07-22 19:15:49,440 rank_008_alphafold2_ptm_model_2_seed_044 pLDDT=90.7 pTM=0.742
2026-07-22 19:15:49,441 rank_009_alphafold2_ptm_model_5_seed_043 pLDDT=90.7 pTM=0.725
2026-07-22 19:15:49,442 rank_010_alphafold2_ptm_model_5_seed_042 pLDDT=90.7 pTM=0.727
2026-07-22 19:15:49,443 rank_011_alphafold2_ptm_model_1_seed_042 pLDDT=90.6 pTM=0.73
2026-07-22 19:15:49,444 rank_012_alphafold2_ptm_model_2_seed_042 pLDDT=90.6 pTM=0.74
2026-07-22 19:15:49,445 rank_013_alphafold2_ptm_model_3_seed_043 pLDDT=90.2 pTM=0.721
2026-07-22 19:15:49,446 rank_014_alphafold2_ptm_model_3_seed_044 pLDDT=90.1 pTM=0.719
2026-07-22 19:15:49,447 rank_015_alphafold2_ptm_model_3_seed_042 pLDDT=89.4 pTM=0.71
2026-07-22 19:15:51,361 Query 16/426: 5KPE_4_2_0_0_combined_id7 (length 108)
2026-07-22 19:16:17,598 alphafold2_ptm_model_1_seed_042 recycle=0 pLDDT=84.6 pTM=0.692
2026-07-22 19:16:17,853 alphafold2_ptm_model_1_seed_042 recycle=1 pLDDT=86.9 pTM=0.72 tol=0.33
2026-07-22 19:16:18,109 alphafold2_ptm_model_1_seed_042 recycle=2 pLDDT=87.1 pTM=0.719 tol=0.0847
2026-07-22 19:16:18,363 alphafold2_ptm_model_1_seed_042 recycle=3 pLDDT=87 pTM=0.718 tol=0.0524
2026-07-22 19:16:18,363 alphafold2_ptm_model_1_seed_042 took 25.6s (3 recycles)
2026-07-22 19:16:18,667 alphafold2_ptm_model_2_seed_042 recycle=0 pLDDT=81.1 pTM=0.651
2026-07-22 19:16:18,922 alphafold2_ptm_model_2_seed_042 recycle=1 pLDDT=84.5 pTM=0.724 tol=0.717
2026-07-22 19:16:19,177 alphafold2_ptm_model_2_seed_042 recycle=2 pLDDT=85 pTM=0.718 tol=0.13
2026-07-22 19:16:19,433 alphafold2_ptm_model_2_seed_042 recycle=3 pLDDT=85.6 pTM=0.723 tol=0.072
2026-07-22 19:16:19,434 alphafold2_ptm_model_2_seed_042 took 1.0s (3 recycles)
2026-07-22 19:16:19,714 alphafold2_ptm_model_3_seed_042 recycle=0 pLDDT=82.8 pTM=0.645
2026-07-22 19:16:19,969 alphafold2_ptm_model_3_seed_042 recycle=1 pLDDT=86.3 pTM=0.706 tol=0.758
2026-07-22 19:16:20,224 alphafold2_ptm_model_3_seed_042 recycle=2 pLDDT=86.5 pTM=0.712 tol=0.112
2026-07-22 19:16:20,479 alphafold2_ptm_model_3_seed_042 recycle=3 pLDDT=86.9 pTM=0.715 tol=0.0699
2026-07-22 19:16:20,479 alphafold2_ptm_model_3_seed_042 took 1.0s (3 recycles)
2026-07-22 19:16:20,758 alphafold2_ptm_model_4_seed_042 recycle=0 pLDDT=83.9 pTM=0.69
2026-07-22 19:16:21,014 alphafold2_ptm_model_4_seed_042 recycle=1 pLDDT=87.7 pTM=0.729 tol=0.523
2026-07-22 19:16:21,269 alphafold2_ptm_model_4_seed_042 recycle=2 pLDDT=87.4 pTM=0.728 tol=0.0804
2026-07-22 19:16:21,525 alphafold2_ptm_model_4_seed_042 recycle=3 pLDDT=87.6 pTM=0.73 tol=0.0602
2026-07-22 19:16:21,525 alphafold2_ptm_model_4_seed_042 took 1.0s (3 recycles)
2026-07-22 19:16:21,822 alphafold2_ptm_model_5_seed_042 recycle=0 pLDDT=55.4 pTM=0.474
2026-07-22 19:16:22,077 alphafold2_ptm_model_5_seed_042 recycle=1 pLDDT=84.9 pTM=0.695 tol=5.04
2026-07-22 19:16:22,333 alphafold2_ptm_model_5_seed_042 recycle=2 pLDDT=86.1 pTM=0.698 tol=0.409
2026-07-22 19:16:22,588 alphafold2_ptm_model_5_seed_042 recycle=3 pLDDT=86.4 pTM=0.696 tol=0.117
2026-07-22 19:16:22,588 alphafold2_ptm_model_5_seed_042 took 1.0s (3 recycles)
2026-07-22 19:16:23,632 alphafold2_ptm_model_1_seed_043 recycle=0 pLDDT=85.3 pTM=0.692
2026-07-22 19:16:23,888 alphafold2_ptm_model_1_seed_043 recycle=1 pLDDT=87.1 pTM=0.719 tol=0.318
2026-07-22 19:16:24,143 alphafold2_ptm_model_1_seed_043 recycle=2 pLDDT=87.3 pTM=0.72 tol=0.0803
2026-07-22 19:16:24,397 alphafold2_ptm_model_1_seed_043 recycle=3 pLDDT=87.1 pTM=0.718 tol=0.0541
2026-07-22 19:16:24,398 alphafold2_ptm_model_1_seed_043 took 1.0s (3 recycles)
2026-07-22 19:16:24,686 alphafold2_ptm_model_2_seed_043 recycle=0 pLDDT=82.1 pTM=0.66
2026-07-22 19:16:24,940 alphafold2_ptm_model_2_seed_043 recycle=1 pLDDT=85 pTM=0.717 tol=0.547
2026-07-22 19:16:25,194 alphafold2_ptm_model_2_seed_043 recycle=2 pLDDT=84.9 pTM=0.717 tol=0.112
2026-07-22 19:16:25,448 alphafold2_ptm_model_2_seed_043 recycle=3 pLDDT=85.2 pTM=0.722 tol=0.0477
2026-07-22 19:16:25,448 alphafold2_ptm_model_2_seed_043 took 1.0s (3 recycles)
2026-07-22 19:16:25,743 alphafold2_ptm_model_3_seed_043 recycle=0 pLDDT=83.2 pTM=0.661
2026-07-22 19:16:25,998 alphafold2_ptm_model_3_seed_043 recycle=1 pLDDT=85.8 pTM=0.7 tol=0.567
2026-07-22 19:16:26,254 alphafold2_ptm_model_3_seed_043 recycle=2 pLDDT=86.2 pTM=0.71 tol=0.115
2026-07-22 19:16:26,509 alphafold2_ptm_model_3_seed_043 recycle=3 pLDDT=86.5 pTM=0.709 tol=0.08
2026-07-22 19:16:26,510 alphafold2_ptm_model_3_seed_043 took 1.0s (3 recycles)
2026-07-22 19:16:26,789 alphafold2_ptm_model_4_seed_043 recycle=0 pLDDT=84.2 pTM=0.696
2026-07-22 19:16:27,045 alphafold2_ptm_model_4_seed_043 recycle=1 pLDDT=87.4 pTM=0.726 tol=0.461
2026-07-22 19:16:27,300 alphafold2_ptm_model_4_seed_043 recycle=2 pLDDT=87.5 pTM=0.729 tol=0.079
2026-07-22 19:16:27,556 alphafold2_ptm_model_4_seed_043 recycle=3 pLDDT=87.7 pTM=0.732 tol=0.0526
2026-07-22 19:16:27,556 alphafold2_ptm_model_4_seed_043 took 1.0s (3 recycles)
2026-07-22 19:16:27,833 alphafold2_ptm_model_5_seed_043 recycle=0 pLDDT=60.8 pTM=0.502
2026-07-22 19:16:28,087 alphafold2_ptm_model_5_seed_043 recycle=1 pLDDT=62.3 pTM=0.516 tol=0.887
2026-07-22 19:16:28,340 alphafold2_ptm_model_5_seed_043 recycle=2 pLDDT=65.9 pTM=0.548 tol=1.94
2026-07-22 19:16:28,593 alphafold2_ptm_model_5_seed_043 recycle=3 pLDDT=66.6 pTM=0.552 tol=0.485
2026-07-22 19:16:28,593 alphafold2_ptm_model_5_seed_043 took 1.0s (3 recycles)
2026-07-22 19:16:29,769 alphafold2_ptm_model_1_seed_044 recycle=0 pLDDT=85.9 pTM=0.693
2026-07-22 19:16:30,023 alphafold2_ptm_model_1_seed_044 recycle=1 pLDDT=87.4 pTM=0.725 tol=0.327
2026-07-22 19:16:30,279 alphafold2_ptm_model_1_seed_044 recycle=2 pLDDT=87.4 pTM=0.724 tol=0.0726
2026-07-22 19:16:30,535 alphafold2_ptm_model_1_seed_044 recycle=3 pLDDT=87.4 pTM=0.723 tol=0.0493
2026-07-22 19:16:30,535 alphafold2_ptm_model_1_seed_044 took 1.0s (3 recycles)
2026-07-22 19:16:30,820 alphafold2_ptm_model_2_seed_044 recycle=0 pLDDT=84.8 pTM=0.703
2026-07-22 19:16:31,077 alphafold2_ptm_model_2_seed_044 recycle=1 pLDDT=85.5 pTM=0.721 tol=0.416
2026-07-22 19:16:31,333 alphafold2_ptm_model_2_seed_044 recycle=2 pLDDT=85.5 pTM=0.725 tol=0.103
2026-07-22 19:16:31,589 alphafold2_ptm_model_2_seed_044 recycle=3 pLDDT=85.8 pTM=0.729 tol=0.0392
2026-07-22 19:16:31,589 alphafold2_ptm_model_2_seed_044 took 1.0s (3 recycles)
2026-07-22 19:16:31,871 alphafold2_ptm_model_3_seed_044 recycle=0 pLDDT=83.8 pTM=0.67
2026-07-22 19:16:32,128 alphafold2_ptm_model_3_seed_044 recycle=1 pLDDT=86.1 pTM=0.704 tol=0.615
2026-07-22 19:16:32,384 alphafold2_ptm_model_3_seed_044 recycle=2 pLDDT=86.4 pTM=0.712 tol=0.106
2026-07-22 19:16:32,640 alphafold2_ptm_model_3_seed_044 recycle=3 pLDDT=86.8 pTM=0.713 tol=0.0746
2026-07-22 19:16:32,641 alphafold2_ptm_model_3_seed_044 took 1.0s (3 recycles)
2026-07-22 19:16:32,923 alphafold2_ptm_model_4_seed_044 recycle=0 pLDDT=84.6 pTM=0.701
2026-07-22 19:16:33,178 alphafold2_ptm_model_4_seed_044 recycle=1 pLDDT=87.5 pTM=0.728 tol=0.381
2026-07-22 19:16:33,434 alphafold2_ptm_model_4_seed_044 recycle=2 pLDDT=87.5 pTM=0.73 tol=0.0776
2026-07-22 19:16:33,689 alphafold2_ptm_model_4_seed_044 recycle=3 pLDDT=87.8 pTM=0.733 tol=0.0548
2026-07-22 19:16:33,690 alphafold2_ptm_model_4_seed_044 took 1.0s (3 recycles)
2026-07-22 19:16:33,966 alphafold2_ptm_model_5_seed_044 recycle=0 pLDDT=55.5 pTM=0.47
2026-07-22 19:16:34,222 alphafold2_ptm_model_5_seed_044 recycle=1 pLDDT=84.7 pTM=0.688 tol=5.9
2026-07-22 19:16:34,477 alphafold2_ptm_model_5_seed_044 recycle=2 pLDDT=86.2 pTM=0.697 tol=0.434
2026-07-22 19:16:34,733 alphafold2_ptm_model_5_seed_044 recycle=3 pLDDT=86.3 pTM=0.692 tol=0.123
2026-07-22 19:16:34,733 alphafold2_ptm_model_5_seed_044 took 1.0s (3 recycles)
2026-07-22 19:16:34,772 reranking models by 'plddt' metric
2026-07-22 19:16:34,773 rank_001_alphafold2_ptm_model_4_seed_044 pLDDT=87.8 pTM=0.733
2026-07-22 19:16:34,774 rank_002_alphafold2_ptm_model_4_seed_043 pLDDT=87.7 pTM=0.732
2026-07-22 19:16:34,775 rank_003_alphafold2_ptm_model_4_seed_042 pLDDT=87.6 pTM=0.73
2026-07-22 19:16:34,777 rank_004_alphafold2_ptm_model_1_seed_044 pLDDT=87.4 pTM=0.723
2026-07-22 19:16:34,778 rank_005_alphafold2_ptm_model_1_seed_043 pLDDT=87.1 pTM=0.718
2026-07-22 19:16:34,779 rank_006_alphafold2_ptm_model_1_seed_042 pLDDT=87 pTM=0.718
2026-07-22 19:16:34,781 rank_007_alphafold2_ptm_model_3_seed_042 pLDDT=86.9 pTM=0.715
2026-07-22 19:16:34,782 rank_008_alphafold2_ptm_model_3_seed_044 pLDDT=86.8 pTM=0.713
2026-07-22 19:16:34,783 rank_009_alphafold2_ptm_model_3_seed_043 pLDDT=86.5 pTM=0.709
2026-07-22 19:16:34,784 rank_010_alphafold2_ptm_model_5_seed_042 pLDDT=86.4 pTM=0.696
2026-07-22 19:16:34,785 rank_011_alphafold2_ptm_model_5_seed_044 pLDDT=86.3 pTM=0.692
2026-07-22 19:16:34,786 rank_012_alphafold2_ptm_model_2_seed_044 pLDDT=85.8 pTM=0.729
2026-07-22 19:16:34,788 rank_013_alphafold2_ptm_model_2_seed_042 pLDDT=85.6 pTM=0.723
2026-07-22 19:16:34,789 rank_014_alphafold2_ptm_model_2_seed_043 pLDDT=85.2 pTM=0.722
2026-07-22 19:16:34,790 rank_015_alphafold2_ptm_model_5_seed_043 pLDDT=66.6 pTM=0.552
2026-07-22 19:16:37,147 Query 17/426: 5KPE_4_2_0_0_combined_id9 (length 108)
2026-07-22 19:16:39,061 alphafold2_ptm_model_1_seed_042 recycle=0 pLDDT=84.3 pTM=0.68
2026-07-22 19:16:39,316 alphafold2_ptm_model_1_seed_042 recycle=1 pLDDT=88.9 pTM=0.733 tol=0.37
2026-07-22 19:16:39,571 alphafold2_ptm_model_1_seed_042 recycle=2 pLDDT=90.1 pTM=0.754 tol=0.12
2026-07-22 19:16:39,827 alphafold2_ptm_model_1_seed_042 recycle=3 pLDDT=90.4 pTM=0.762 tol=0.0534
2026-07-22 19:16:39,827 alphafold2_ptm_model_1_seed_042 took 1.0s (3 recycles)
2026-07-22 19:16:40,107 alphafold2_ptm_model_2_seed_042 recycle=0 pLDDT=84.1 pTM=0.685
2026-07-22 19:16:40,364 alphafold2_ptm_model_2_seed_042 recycle=1 pLDDT=88.1 pTM=0.744 tol=0.519
2026-07-22 19:16:40,621 alphafold2_ptm_model_2_seed_042 recycle=2 pLDDT=90.4 pTM=0.778 tol=0.248
2026-07-22 19:16:40,879 alphafold2_ptm_model_2_seed_042 recycle=3 pLDDT=90.9 pTM=0.787 tol=0.054
2026-07-22 19:16:40,879 alphafold2_ptm_model_2_seed_042 took 1.0s (3 recycles)
2026-07-22 19:16:41,197 alphafold2_ptm_model_3_seed_042 recycle=0 pLDDT=60.8 pTM=0.427
2026-07-22 19:16:41,449 alphafold2_ptm_model_3_seed_042 recycle=1 pLDDT=62.2 pTM=0.449 tol=3.45
2026-07-22 19:16:41,703 alphafold2_ptm_model_3_seed_042 recycle=2 pLDDT=82 pTM=0.617 tol=5.27
2026-07-22 19:16:41,958 alphafold2_ptm_model_3_seed_042 recycle=3 pLDDT=85.5 pTM=0.693 tol=0.204
2026-07-22 19:16:41,958 alphafold2_ptm_model_3_seed_042 took 1.0s (3 recycles)
2026-07-22 19:16:42,235 alphafold2_ptm_model_4_seed_042 recycle=0 pLDDT=79.3 pTM=0.634
2026-07-22 19:16:42,490 alphafold2_ptm_model_4_seed_042 recycle=1 pLDDT=86.8 pTM=0.711 tol=0.78
2026-07-22 19:16:42,745 alphafold2_ptm_model_4_seed_042 recycle=2 pLDDT=88.5 pTM=0.744 tol=0.109
2026-07-22 19:16:43,000 alphafold2_ptm_model_4_seed_042 recycle=3 pLDDT=89 pTM=0.755 tol=0.055
2026-07-22 19:16:43,000 alphafold2_ptm_model_4_seed_042 took 1.0s (3 recycles)
2026-07-22 19:16:43,275 alphafold2_ptm_model_5_seed_042 recycle=0 pLDDT=62.7 pTM=0.476
2026-07-22 19:16:43,528 alphafold2_ptm_model_5_seed_042 recycle=1 pLDDT=84.4 pTM=0.66 tol=2.77
2026-07-22 19:16:43,783 alphafold2_ptm_model_5_seed_042 recycle=2 pLDDT=87.3 pTM=0.692 tol=0.837
2026-07-22 19:16:44,037 alphafold2_ptm_model_5_seed_042 recycle=3 pLDDT=88.2 pTM=0.705 tol=0.0944
2026-07-22 19:16:44,037 alphafold2_ptm_model_5_seed_042 took 1.0s (3 recycles)
2026-07-22 19:16:45,025 alphafold2_ptm_model_1_seed_043 recycle=0 pLDDT=78.4 pTM=0.619
2026-07-22 19:16:45,280 alphafold2_ptm_model_1_seed_043 recycle=1 pLDDT=88.4 pTM=0.728 tol=0.561
2026-07-22 19:16:45,536 alphafold2_ptm_model_1_seed_043 recycle=2 pLDDT=89.9 pTM=0.753 tol=0.14
2026-07-22 19:16:45,791 alphafold2_ptm_model_1_seed_043 recycle=3 pLDDT=90.4 pTM=0.762 tol=0.0576
2026-07-22 19:16:45,791 alphafold2_ptm_model_1_seed_043 took 1.0s (3 recycles)
2026-07-22 19:16:46,069 alphafold2_ptm_model_2_seed_043 recycle=0 pLDDT=86.2 pTM=0.714
2026-07-22 19:16:46,326 alphafold2_ptm_model_2_seed_043 recycle=1 pLDDT=88.8 pTM=0.75 tol=0.584
2026-07-22 19:16:46,585 alphafold2_ptm_model_2_seed_043 recycle=2 pLDDT=90.6 pTM=0.781 tol=0.174
2026-07-22 19:16:46,843 alphafold2_ptm_model_2_seed_043 recycle=3 pLDDT=91.2 pTM=0.79 tol=0.0546
2026-07-22 19:16:46,844 alphafold2_ptm_model_2_seed_043 took 1.0s (3 recycles)
2026-07-22 19:16:47,120 alphafold2_ptm_model_3_seed_043 recycle=0 pLDDT=62.4 pTM=0.458
2026-07-22 19:16:47,374 alphafold2_ptm_model_3_seed_043 recycle=1 pLDDT=58.7 pTM=0.415 tol=3.87
2026-07-22 19:16:47,628 alphafold2_ptm_model_3_seed_043 recycle=2 pLDDT=79.5 pTM=0.593 tol=5.98
2026-07-22 19:16:47,882 alphafold2_ptm_model_3_seed_043 recycle=3 pLDDT=85.2 pTM=0.669 tol=0.824
2026-07-22 19:16:47,882 alphafold2_ptm_model_3_seed_043 took 1.0s (3 recycles)
2026-07-22 19:16:48,157 alphafold2_ptm_model_4_seed_043 recycle=0 pLDDT=79.5 pTM=0.631
2026-07-22 19:16:48,412 alphafold2_ptm_model_4_seed_043 recycle=1 pLDDT=86.9 pTM=0.713 tol=0.809
2026-07-22 19:16:48,668 alphafold2_ptm_model_4_seed_043 recycle=2 pLDDT=88.2 pTM=0.743 tol=0.096
2026-07-22 19:16:48,923 alphafold2_ptm_model_4_seed_043 recycle=3 pLDDT=88.9 pTM=0.753 tol=0.0494
2026-07-22 19:16:48,924 alphafold2_ptm_model_4_seed_043 took 1.0s (3 recycles)
2026-07-22 19:16:49,201 alphafold2_ptm_model_5_seed_043 recycle=0 pLDDT=67.8 pTM=0.507
2026-07-22 19:16:49,456 alphafold2_ptm_model_5_seed_043 recycle=1 pLDDT=84.8 pTM=0.66 tol=2.12
2026-07-22 19:16:49,710 alphafold2_ptm_model_5_seed_043 recycle=2 pLDDT=87.1 pTM=0.687 tol=0.541
2026-07-22 19:16:49,965 alphafold2_ptm_model_5_seed_043 recycle=3 pLDDT=88.2 pTM=0.705 tol=0.0917
2026-07-22 19:16:49,965 alphafold2_ptm_model_5_seed_043 took 1.0s (3 recycles)
2026-07-22 19:16:50,936 alphafold2_ptm_model_1_seed_044 recycle=0 pLDDT=84.6 pTM=0.684
2026-07-22 19:16:51,192 alphafold2_ptm_model_1_seed_044 recycle=1 pLDDT=88.7 pTM=0.736 tol=0.361
2026-07-22 19:16:51,449 alphafold2_ptm_model_1_seed_044 recycle=2 pLDDT=89.9 pTM=0.753 tol=0.119
2026-07-22 19:16:51,707 alphafold2_ptm_model_1_seed_044 recycle=3 pLDDT=90.4 pTM=0.762 tol=0.0717
2026-07-22 19:16:51,708 alphafold2_ptm_model_1_seed_044 took 1.0s (3 recycles)
2026-07-22 19:16:51,989 alphafold2_ptm_model_2_seed_044 recycle=0 pLDDT=86.5 pTM=0.719
2026-07-22 19:16:52,246 alphafold2_ptm_model_2_seed_044 recycle=1 pLDDT=89.4 pTM=0.757 tol=0.608
2026-07-22 19:16:52,505 alphafold2_ptm_model_2_seed_044 recycle=2 pLDDT=90.9 pTM=0.786 tol=0.149
2026-07-22 19:16:52,764 alphafold2_ptm_model_2_seed_044 recycle=3 pLDDT=91.2 pTM=0.79 tol=0.0496
2026-07-22 19:16:52,764 alphafold2_ptm_model_2_seed_044 took 1.0s (3 recycles)
2026-07-22 19:16:53,045 alphafold2_ptm_model_3_seed_044 recycle=0 pLDDT=65.4 pTM=0.491
2026-07-22 19:16:53,298 alphafold2_ptm_model_3_seed_044 recycle=1 pLDDT=67.1 pTM=0.469 tol=1.33
2026-07-22 19:16:53,550 alphafold2_ptm_model_3_seed_044 recycle=2 pLDDT=63.9 pTM=0.437 tol=0.55
2026-07-22 19:16:53,802 alphafold2_ptm_model_3_seed_044 recycle=3 pLDDT=62.9 pTM=0.441 tol=2.79
2026-07-22 19:16:53,802 alphafold2_ptm_model_3_seed_044 took 1.0s (3 recycles)
2026-07-22 19:16:54,081 alphafold2_ptm_model_4_seed_044 recycle=0 pLDDT=78.9 pTM=0.622
2026-07-22 19:16:54,337 alphafold2_ptm_model_4_seed_044 recycle=1 pLDDT=87.1 pTM=0.719 tol=0.847
2026-07-22 19:16:54,594 alphafold2_ptm_model_4_seed_044 recycle=2 pLDDT=88.6 pTM=0.744 tol=0.0914
2026-07-22 19:16:54,852 alphafold2_ptm_model_4_seed_044 recycle=3 pLDDT=89 pTM=0.752 tol=0.0491
2026-07-22 19:16:54,852 alphafold2_ptm_model_4_seed_044 took 1.0s (3 recycles)
2026-07-22 19:16:55,130 alphafold2_ptm_model_5_seed_044 recycle=0 pLDDT=68.5 pTM=0.514
2026-07-22 19:16:55,384 alphafold2_ptm_model_5_seed_044 recycle=1 pLDDT=84.6 pTM=0.665 tol=2.16
2026-07-22 19:16:55,638 alphafold2_ptm_model_5_seed_044 recycle=2 pLDDT=87 pTM=0.698 tol=0.633
2026-07-22 19:16:55,893 alphafold2_ptm_model_5_seed_044 recycle=3 pLDDT=88.2 pTM=0.711 tol=0.088
2026-07-22 19:16:55,893 alphafold2_ptm_model_5_seed_044 took 1.0s (3 recycles)
2026-07-22 19:16:55,915 reranking models by 'plddt' metric
2026-07-22 19:16:55,915 rank_001_alphafold2_ptm_model_2_seed_044 pLDDT=91.2 pTM=0.79
2026-07-22 19:16:55,917 rank_002_alphafold2_ptm_model_2_seed_043 pLDDT=91.2 pTM=0.79
2026-07-22 19:16:55,918 rank_003_alphafold2_ptm_model_2_seed_042 pLDDT=90.9 pTM=0.787
2026-07-22 19:16:55,920 rank_004_alphafold2_ptm_model_1_seed_044 pLDDT=90.4 pTM=0.762
2026-07-22 19:16:55,921 rank_005_alphafold2_ptm_model_1_seed_042 pLDDT=90.4 pTM=0.762
2026-07-22 19:16:55,922 rank_006_alphafold2_ptm_model_1_seed_043 pLDDT=90.4 pTM=0.762
2026-07-22 19:16:55,923 rank_007_alphafold2_ptm_model_4_seed_044 pLDDT=89 pTM=0.752
2026-07-22 19:16:55,925 rank_008_alphafold2_ptm_model_4_seed_042 pLDDT=89 pTM=0.755
2026-07-22 19:16:55,926 rank_009_alphafold2_ptm_model_4_seed_043 pLDDT=88.9 pTM=0.753
2026-07-22 19:16:55,927 rank_010_alphafold2_ptm_model_5_seed_042 pLDDT=88.2 pTM=0.705
2026-07-22 19:16:55,929 rank_011_alphafold2_ptm_model_5_seed_044 pLDDT=88.2 pTM=0.711
2026-07-22 19:16:55,930 rank_012_alphafold2_ptm_model_5_seed_043 pLDDT=88.2 pTM=0.705
2026-07-22 19:16:55,931 rank_013_alphafold2_ptm_model_3_seed_042 pLDDT=85.5 pTM=0.693
2026-07-22 19:16:55,933 rank_014_alphafold2_ptm_model_3_seed_043 pLDDT=85.2 pTM=0.669
2026-07-22 19:16:55,934 rank_015_alphafold2_ptm_model_3_seed_044 pLDDT=62.9 pTM=0.441
2026-07-22 19:16:58,308 Query 18/426: 5KPE_4_2_0_0_combined_id4 (length 108)
2026-07-22 19:17:00,094 alphafold2_ptm_model_1_seed_042 recycle=0 pLDDT=79.1 pTM=0.632
2026-07-22 19:17:00,346 alphafold2_ptm_model_1_seed_042 recycle=1 pLDDT=83.3 pTM=0.655 tol=0.394
2026-07-22 19:17:00,598 alphafold2_ptm_model_1_seed_042 recycle=2 pLDDT=82.7 pTM=0.632 tol=0.236
2026-07-22 19:17:00,850 alphafold2_ptm_model_1_seed_042 recycle=3 pLDDT=82.4 pTM=0.627 tol=0.0789
2026-07-22 19:17:00,850 alphafold2_ptm_model_1_seed_042 took 1.0s (3 recycles)
2026-07-22 19:17:01,135 alphafold2_ptm_model_2_seed_042 recycle=0 pLDDT=74.3 pTM=0.566
2026-07-22 19:17:01,390 alphafold2_ptm_model_2_seed_042 recycle=1 pLDDT=82.8 pTM=0.664 tol=1.75
2026-07-22 19:17:01,644 alphafold2_ptm_model_2_seed_042 recycle=2 pLDDT=84 pTM=0.675 tol=0.223
2026-07-22 19:17:01,900 alphafold2_ptm_model_2_seed_042 recycle=3 pLDDT=84.6 pTM=0.679 tol=0.0756
2026-07-22 19:17:01,900 alphafold2_ptm_model_2_seed_042 took 1.0s (3 recycles)
2026-07-22 19:17:02,178 alphafold2_ptm_model_3_seed_042 recycle=0 pLDDT=81 pTM=0.632
2026-07-22 19:17:02,434 alphafold2_ptm_model_3_seed_042 recycle=1 pLDDT=85.8 pTM=0.704 tol=0.796
2026-07-22 19:17:02,689 alphafold2_ptm_model_3_seed_042 recycle=2 pLDDT=86.4 pTM=0.713 tol=0.262
2026-07-22 19:17:02,944 alphafold2_ptm_model_3_seed_042 recycle=3 pLDDT=85.9 pTM=0.705 tol=0.0612
2026-07-22 19:17:02,944 alphafold2_ptm_model_3_seed_042 took 1.0s (3 recycles)
2026-07-22 19:17:03,219 alphafold2_ptm_model_4_seed_042 recycle=0 pLDDT=78.8 pTM=0.632
2026-07-22 19:17:03,472 alphafold2_ptm_model_4_seed_042 recycle=1 pLDDT=85.1 pTM=0.696 tol=1.23
2026-07-22 19:17:03,726 alphafold2_ptm_model_4_seed_042 recycle=2 pLDDT=86.1 pTM=0.708 tol=0.218
2026-07-22 19:17:03,980 alphafold2_ptm_model_4_seed_042 recycle=3 pLDDT=86.4 pTM=0.714 tol=0.0434
2026-07-22 19:17:03,980 alphafold2_ptm_model_4_seed_042 took 1.0s (3 recycles)
2026-07-22 19:17:04,260 alphafold2_ptm_model_5_seed_042 recycle=0 pLDDT=81.1 pTM=0.628
2026-07-22 19:17:04,516 alphafold2_ptm_model_5_seed_042 recycle=1 pLDDT=83.7 pTM=0.66 tol=0.778
2026-07-22 19:17:04,770 alphafold2_ptm_model_5_seed_042 recycle=2 pLDDT=83.9 pTM=0.664 tol=0.157
2026-07-22 19:17:05,024 alphafold2_ptm_model_5_seed_042 recycle=3 pLDDT=84.3 pTM=0.67 tol=0.103
2026-07-22 19:17:05,024 alphafold2_ptm_model_5_seed_042 took 1.0s (3 recycles)
2026-07-22 19:17:06,276 alphafold2_ptm_model_1_seed_043 recycle=0 pLDDT=81.1 pTM=0.659
2026-07-22 19:17:06,529 alphafold2_ptm_model_1_seed_043 recycle=1 pLDDT=83.7 pTM=0.671 tol=0.416
2026-07-22 19:17:06,783 alphafold2_ptm_model_1_seed_043 recycle=2 pLDDT=84 pTM=0.663 tol=0.132
2026-07-22 19:17:07,036 alphafold2_ptm_model_1_seed_043 recycle=3 pLDDT=84.4 pTM=0.668 tol=0.0723
2026-07-22 19:17:07,037 alphafold2_ptm_model_1_seed_043 took 1.0s (3 recycles)
2026-07-22 19:17:07,313 alphafold2_ptm_model_2_seed_043 recycle=0 pLDDT=81.5 pTM=0.651
2026-07-22 19:17:07,567 alphafold2_ptm_model_2_seed_043 recycle=1 pLDDT=84.8 pTM=0.702 tol=0.369
2026-07-22 19:17:07,821 alphafold2_ptm_model_2_seed_043 recycle=2 pLDDT=84.3 pTM=0.695 tol=0.16
2026-07-22 19:17:08,075 alphafold2_ptm_model_2_seed_043 recycle=3 pLDDT=84.8 pTM=0.696 tol=0.0718
2026-07-22 19:17:08,075 alphafold2_ptm_model_2_seed_043 took 1.0s (3 recycles)
2026-07-22 19:17:08,353 alphafold2_ptm_model_3_seed_043 recycle=0 pLDDT=81.4 pTM=0.641
2026-07-22 19:17:08,608 alphafold2_ptm_model_3_seed_043 recycle=1 pLDDT=85.9 pTM=0.704 tol=0.727
2026-07-22 19:17:08,865 alphafold2_ptm_model_3_seed_043 recycle=2 pLDDT=86.3 pTM=0.711 tol=0.276
2026-07-22 19:17:09,122 alphafold2_ptm_model_3_seed_043 recycle=3 pLDDT=85.8 pTM=0.702 tol=0.0667
2026-07-22 19:17:09,122 alphafold2_ptm_model_3_seed_043 took 1.0s (3 recycles)
2026-07-22 19:17:09,404 alphafold2_ptm_model_4_seed_043 recycle=0 pLDDT=77.3 pTM=0.615
2026-07-22 19:17:09,658 alphafold2_ptm_model_4_seed_043 recycle=1 pLDDT=83.4 pTM=0.677 tol=1.33
2026-07-22 19:17:09,913 alphafold2_ptm_model_4_seed_043 recycle=2 pLDDT=85.6 pTM=0.703 tol=0.463
2026-07-22 19:17:10,168 alphafold2_ptm_model_4_seed_043 recycle=3 pLDDT=86.2 pTM=0.711 tol=0.0778
2026-07-22 19:17:10,168 alphafold2_ptm_model_4_seed_043 took 1.0s (3 recycles)
2026-07-22 19:17:10,444 alphafold2_ptm_model_5_seed_043 recycle=0 pLDDT=66.8 pTM=0.542
2026-07-22 19:17:10,697 alphafold2_ptm_model_5_seed_043 recycle=1 pLDDT=73.1 pTM=0.589 tol=0.817
2026-07-22 19:17:10,950 alphafold2_ptm_model_5_seed_043 recycle=2 pLDDT=73.3 pTM=0.588 tol=0.359
2026-07-22 19:17:11,202 alphafold2_ptm_model_5_seed_043 recycle=3 pLDDT=74.1 pTM=0.589 tol=0.213
2026-07-22 19:17:11,202 alphafold2_ptm_model_5_seed_043 took 1.0s (3 recycles)
2026-07-22 19:17:12,181 alphafold2_ptm_model_1_seed_044 recycle=0 pLDDT=81.2 pTM=0.657
2026-07-22 19:17:12,434 alphafold2_ptm_model_1_seed_044 recycle=1 pLDDT=83.6 pTM=0.668 tol=0.428
2026-07-22 19:17:12,687 alphafold2_ptm_model_1_seed_044 recycle=2 pLDDT=83.6 pTM=0.655 tol=0.171
2026-07-22 19:17:12,940 alphafold2_ptm_model_1_seed_044 recycle=3 pLDDT=84.1 pTM=0.659 tol=0.0533
2026-07-22 19:17:12,940 alphafold2_ptm_model_1_seed_044 took 1.0s (3 recycles)
2026-07-22 19:17:13,219 alphafold2_ptm_model_2_seed_044 recycle=0 pLDDT=82.9 pTM=0.667
2026-07-22 19:17:13,473 alphafold2_ptm_model_2_seed_044 recycle=1 pLDDT=85 pTM=0.704 tol=0.293
2026-07-22 19:17:13,728 alphafold2_ptm_model_2_seed_044 recycle=2 pLDDT=84.2 pTM=0.686 tol=0.0999
2026-07-22 19:17:13,981 alphafold2_ptm_model_2_seed_044 recycle=3 pLDDT=84 pTM=0.679 tol=0.0986
2026-07-22 19:17:13,982 alphafold2_ptm_model_2_seed_044 took 1.0s (3 recycles)
2026-07-22 19:17:14,267 alphafold2_ptm_model_3_seed_044 recycle=0 pLDDT=82.2 pTM=0.65
2026-07-22 19:17:14,522 alphafold2_ptm_model_3_seed_044 recycle=1 pLDDT=85.7 pTM=0.704 tol=0.642
2026-07-22 19:17:14,776 alphafold2_ptm_model_3_seed_044 recycle=2 pLDDT=86 pTM=0.708 tol=0.232
2026-07-22 19:17:15,031 alphafold2_ptm_model_3_seed_044 recycle=3 pLDDT=85.7 pTM=0.703 tol=0.0606
2026-07-22 19:17:15,031 alphafold2_ptm_model_3_seed_044 took 1.0s (3 recycles)
2026-07-22 19:17:15,307 alphafold2_ptm_model_4_seed_044 recycle=0 pLDDT=78.5 pTM=0.626
2026-07-22 19:17:15,561 alphafold2_ptm_model_4_seed_044 recycle=1 pLDDT=84.4 pTM=0.688 tol=1.29
2026-07-22 19:17:15,816 alphafold2_ptm_model_4_seed_044 recycle=2 pLDDT=85.9 pTM=0.707 tol=0.438
2026-07-22 19:17:16,070 alphafold2_ptm_model_4_seed_044 recycle=3 pLDDT=86.3 pTM=0.714 tol=0.0809
2026-07-22 19:17:16,070 alphafold2_ptm_model_4_seed_044 took 1.0s (3 recycles)
2026-07-22 19:17:16,345 alphafold2_ptm_model_5_seed_044 recycle=0 pLDDT=67.9 pTM=0.558
2026-07-22 19:17:16,597 alphafold2_ptm_model_5_seed_044 recycle=1 pLDDT=73.9 pTM=0.592 tol=0.815
2026-07-22 19:17:16,849 alphafold2_ptm_model_5_seed_044 recycle=2 pLDDT=73.8 pTM=0.59 tol=0.295
2026-07-22 19:17:17,101 alphafold2_ptm_model_5_seed_044 recycle=3 pLDDT=74.3 pTM=0.589 tol=0.156
2026-07-22 19:17:17,101 alphafold2_ptm_model_5_seed_044 took 1.0s (3 recycles)
2026-07-22 19:17:17,123 reranking models by 'plddt' metric
2026-07-22 19:17:17,123 rank_001_alphafold2_ptm_model_4_seed_042 pLDDT=86.4 pTM=0.714
2026-07-22 19:17:17,124 rank_002_alphafold2_ptm_model_4_seed_044 pLDDT=86.3 pTM=0.714
2026-07-22 19:17:17,126 rank_003_alphafold2_ptm_model_4_seed_043 pLDDT=86.2 pTM=0.711
2026-07-22 19:17:17,127 rank_004_alphafold2_ptm_model_3_seed_042 pLDDT=85.9 pTM=0.705
2026-07-22 19:17:17,128 rank_005_alphafold2_ptm_model_3_seed_043 pLDDT=85.8 pTM=0.702
2026-07-22 19:17:17,130 rank_006_alphafold2_ptm_model_3_seed_044 pLDDT=85.7 pTM=0.703
2026-07-22 19:17:17,131 rank_007_alphafold2_ptm_model_2_seed_043 pLDDT=84.8 pTM=0.696
2026-07-22 19:17:17,133 rank_008_alphafold2_ptm_model_2_seed_042 pLDDT=84.6 pTM=0.679
2026-07-22 19:17:17,134 rank_009_alphafold2_ptm_model_1_seed_043 pLDDT=84.4 pTM=0.668
2026-07-22 19:17:17,136 rank_010_alphafold2_ptm_model_5_seed_042 pLDDT=84.3 pTM=0.67
2026-07-22 19:17:17,137 rank_011_alphafold2_ptm_model_1_seed_044 pLDDT=84.1 pTM=0.659
2026-07-22 19:17:17,138 rank_012_alphafold2_ptm_model_2_seed_044 pLDDT=84 pTM=0.679
2026-07-22 19:17:17,140 rank_013_alphafold2_ptm_model_1_seed_042 pLDDT=82.4 pTM=0.627
2026-07-22 19:17:17,141 rank_014_alphafold2_ptm_model_5_seed_044 pLDDT=74.3 pTM=0.589
2026-07-22 19:17:17,143 rank_015_alphafold2_ptm_model_5_seed_043 pLDDT=74.1 pTM=0.589
2026-07-22 19:17:19,336 Skipping 5KPE_4_2_0_0_combined_id7 (already done)
2026-07-22 19:17:19,337 Query 20/426: 5KPE_4_6_8_0_combined_id6 (length 108)
2026-07-22 19:17:21,076 alphafold2_ptm_model_1_seed_042 recycle=0 pLDDT=70.5 pTM=0.586
2026-07-22 19:17:21,328 alphafold2_ptm_model_1_seed_042 recycle=1 pLDDT=75 pTM=0.628 tol=0.613
2026-07-22 19:17:21,580 alphafold2_ptm_model_1_seed_042 recycle=2 pLDDT=76.7 pTM=0.642 tol=0.275
2026-07-22 19:17:21,832 alphafold2_ptm_model_1_seed_042 recycle=3 pLDDT=76 pTM=0.636 tol=0.339
2026-07-22 19:17:21,832 alphafold2_ptm_model_1_seed_042 took 1.0s (3 recycles)
2026-07-22 19:17:22,110 alphafold2_ptm_model_2_seed_042 recycle=0 pLDDT=73.8 pTM=0.629
2026-07-22 19:17:22,364 alphafold2_ptm_model_2_seed_042 recycle=1 pLDDT=74.7 pTM=0.643 tol=0.764
2026-07-22 19:17:22,618 alphafold2_ptm_model_2_seed_042 recycle=2 pLDDT=74.1 pTM=0.633 tol=0.338
2026-07-22 19:17:22,871 alphafold2_ptm_model_2_seed_042 recycle=3 pLDDT=75.8 pTM=0.646 tol=0.203
2026-07-22 19:17:22,871 alphafold2_ptm_model_2_seed_042 took 1.0s (3 recycles)
2026-07-22 19:17:23,150 alphafold2_ptm_model_3_seed_042 recycle=0 pLDDT=73.2 pTM=0.582
2026-07-22 19:17:23,404 alphafold2_ptm_model_3_seed_042 recycle=1 pLDDT=78.4 pTM=0.662 tol=0.631
2026-07-22 19:17:23,657 alphafold2_ptm_model_3_seed_042 recycle=2 pLDDT=78.6 pTM=0.665 tol=0.251
2026-07-22 19:17:23,912 alphafold2_ptm_model_3_seed_042 recycle=3 pLDDT=79.2 pTM=0.662 tol=0.127
2026-07-22 19:17:23,912 alphafold2_ptm_model_3_seed_042 took 1.0s (3 recycles)
2026-07-22 19:17:24,186 alphafold2_ptm_model_4_seed_042 recycle=0 pLDDT=75.3 pTM=0.627
2026-07-22 19:17:24,440 alphafold2_ptm_model_4_seed_042 recycle=1 pLDDT=79.5 pTM=0.675 tol=0.734
2026-07-22 19:17:24,694 alphafold2_ptm_model_4_seed_042 recycle=2 pLDDT=80.5 pTM=0.679 tol=0.159
2026-07-22 19:17:24,948 alphafold2_ptm_model_4_seed_042 recycle=3 pLDDT=80.4 pTM=0.678 tol=0.0798
2026-07-22 19:17:24,948 alphafold2_ptm_model_4_seed_042 took 1.0s (3 recycles)
2026-07-22 19:17:25,224 alphafold2_ptm_model_5_seed_042 recycle=0 pLDDT=72.4 pTM=0.614
2026-07-22 19:17:25,477 alphafold2_ptm_model_5_seed_042 recycle=1 pLDDT=75.3 pTM=0.633 tol=0.601
2026-07-22 19:17:25,731 alphafold2_ptm_model_5_seed_042 recycle=2 pLDDT=76.5 pTM=0.636 tol=0.214
2026-07-22 19:17:25,985 alphafold2_ptm_model_5_seed_042 recycle=3 pLDDT=76.9 pTM=0.636 tol=0.0735
2026-07-22 19:17:25,985 alphafold2_ptm_model_5_seed_042 took 1.0s (3 recycles)
2026-07-22 19:17:26,994 alphafold2_ptm_model_1_seed_043 recycle=0 pLDDT=68.2 pTM=0.562
2026-07-22 19:17:27,247 alphafold2_ptm_model_1_seed_043 recycle=1 pLDDT=73.2 pTM=0.609 tol=0.723
2026-07-22 19:17:27,499 alphafold2_ptm_model_1_seed_043 recycle=2 pLDDT=76 pTM=0.634 tol=0.312
2026-07-22 19:17:27,752 alphafold2_ptm_model_1_seed_043 recycle=3 pLDDT=75.2 pTM=0.626 tol=0.198
2026-07-22 19:17:27,752 alphafold2_ptm_model_1_seed_043 took 1.0s (3 recycles)
2026-07-22 19:17:28,031 alphafold2_ptm_model_2_seed_043 recycle=0 pLDDT=70.8 pTM=0.603
2026-07-22 19:17:28,285 alphafold2_ptm_model_2_seed_043 recycle=1 pLDDT=72.9 pTM=0.622 tol=0.605
2026-07-22 19:17:28,539 alphafold2_ptm_model_2_seed_043 recycle=2 pLDDT=71.4 pTM=0.605 tol=0.219
2026-07-22 19:17:28,792 alphafold2_ptm_model_2_seed_043 recycle=3 pLDDT=69.8 pTM=0.588 tol=0.285
2026-07-22 19:17:28,792 alphafold2_ptm_model_2_seed_043 took 1.0s (3 recycles)
2026-07-22 19:17:29,071 alphafold2_ptm_model_3_seed_043 recycle=0 pLDDT=73.3 pTM=0.586
2026-07-22 19:17:29,326 alphafold2_ptm_model_3_seed_043 recycle=1 pLDDT=77.9 pTM=0.657 tol=0.623
2026-07-22 19:17:29,580 alphafold2_ptm_model_3_seed_043 recycle=2 pLDDT=78.4 pTM=0.664 tol=0.233
2026-07-22 19:17:29,834 alphafold2_ptm_model_3_seed_043 recycle=3 pLDDT=79.1 pTM=0.661 tol=0.136
2026-07-22 19:17:29,834 alphafold2_ptm_model_3_seed_043 took 1.0s (3 recycles)
2026-07-22 19:17:30,112 alphafold2_ptm_model_4_seed_043 recycle=0 pLDDT=75.1 pTM=0.626
2026-07-22 19:17:30,365 alphafold2_ptm_model_4_seed_043 recycle=1 pLDDT=80.1 pTM=0.681 tol=0.746
2026-07-22 19:17:30,619 alphafold2_ptm_model_4_seed_043 recycle=2 pLDDT=80.8 pTM=0.681 tol=0.128
2026-07-22 19:17:30,872 alphafold2_ptm_model_4_seed_043 recycle=3 pLDDT=80.4 pTM=0.679 tol=0.0717
2026-07-22 19:17:30,873 alphafold2_ptm_model_4_seed_043 took 1.0s (3 recycles)
2026-07-22 19:17:31,169 alphafold2_ptm_model_5_seed_043 recycle=0 pLDDT=71.9 pTM=0.611
2026-07-22 19:17:31,422 alphafold2_ptm_model_5_seed_043 recycle=1 pLDDT=76.1 pTM=0.644 tol=0.696
2026-07-22 19:17:31,676 alphafold2_ptm_model_5_seed_043 recycle=2 pLDDT=77.5 pTM=0.643 tol=0.187
2026-07-22 19:17:31,929 alphafold2_ptm_model_5_seed_043 recycle=3 pLDDT=78.2 pTM=0.646 tol=0.0851
2026-07-22 19:17:31,929 alphafold2_ptm_model_5_seed_043 took 1.0s (3 recycles)
2026-07-22 19:17:32,935 alphafold2_ptm_model_1_seed_044 recycle=0 pLDDT=69.5 pTM=0.574
2026-07-22 19:17:33,187 alphafold2_ptm_model_1_seed_044 recycle=1 pLDDT=75.2 pTM=0.625 tol=0.514
2026-07-22 19:17:33,441 alphafold2_ptm_model_1_seed_044 recycle=2 pLDDT=76.4 pTM=0.64 tol=0.204
2026-07-22 19:17:33,695 alphafold2_ptm_model_1_seed_044 recycle=3 pLDDT=75.6 pTM=0.632 tol=0.217
2026-07-22 19:17:33,695 alphafold2_ptm_model_1_seed_044 took 1.0s (3 recycles)
2026-07-22 19:17:33,973 alphafold2_ptm_model_2_seed_044 recycle=0 pLDDT=71 pTM=0.601
2026-07-22 19:17:34,227 alphafold2_ptm_model_2_seed_044 recycle=1 pLDDT=73.6 pTM=0.628 tol=0.704
2026-07-22 19:17:34,480 alphafold2_ptm_model_2_seed_044 recycle=2 pLDDT=72.6 pTM=0.616 tol=0.254
2026-07-22 19:17:34,733 alphafold2_ptm_model_2_seed_044 recycle=3 pLDDT=72.4 pTM=0.614 tol=0.263
2026-07-22 19:17:34,734 alphafold2_ptm_model_2_seed_044 took 1.0s (3 recycles)
2026-07-22 19:17:35,008 alphafold2_ptm_model_3_seed_044 recycle=0 pLDDT=74.1 pTM=0.59
2026-07-22 19:17:35,264 alphafold2_ptm_model_3_seed_044 recycle=1 pLDDT=78.4 pTM=0.659 tol=0.606
2026-07-22 19:17:35,518 alphafold2_ptm_model_3_seed_044 recycle=2 pLDDT=78.5 pTM=0.663 tol=0.224
2026-07-22 19:17:35,773 alphafold2_ptm_model_3_seed_044 recycle=3 pLDDT=79.7 pTM=0.664 tol=0.145
2026-07-22 19:17:35,773 alphafold2_ptm_model_3_seed_044 took 1.0s (3 recycles)
2026-07-22 19:17:36,144 alphafold2_ptm_model_4_seed_044 recycle=0 pLDDT=75.7 pTM=0.632
2026-07-22 19:17:36,398 alphafold2_ptm_model_4_seed_044 recycle=1 pLDDT=80.1 pTM=0.681 tol=0.731
2026-07-22 19:17:36,652 alphafold2_ptm_model_4_seed_044 recycle=2 pLDDT=80.7 pTM=0.681 tol=0.143
2026-07-22 19:17:36,906 alphafold2_ptm_model_4_seed_044 recycle=3 pLDDT=80.5 pTM=0.678 tol=0.0912
2026-07-22 19:17:36,906 alphafold2_ptm_model_4_seed_044 took 1.0s (3 recycles)
2026-07-22 19:17:37,182 alphafold2_ptm_model_5_seed_044 recycle=0 pLDDT=68.2 pTM=0.575
2026-07-22 19:17:37,435 alphafold2_ptm_model_5_seed_044 recycle=1 pLDDT=74.6 pTM=0.632 tol=0.56
2026-07-22 19:17:37,689 alphafold2_ptm_model_5_seed_044 recycle=2 pLDDT=76.1 pTM=0.634 tol=0.201
2026-07-22 19:17:37,942 alphafold2_ptm_model_5_seed_044 recycle=3 pLDDT=76.4 pTM=0.634 tol=0.0478
2026-07-22 19:17:37,943 alphafold2_ptm_model_5_seed_044 took 1.0s (3 recycles)
2026-07-22 19:17:37,980 reranking models by 'plddt' metric
2026-07-22 19:17:37,980 rank_001_alphafold2_ptm_model_4_seed_044 pLDDT=80.5 pTM=0.678
2026-07-22 19:17:37,982 rank_002_alphafold2_ptm_model_4_seed_042 pLDDT=80.4 pTM=0.678
2026-07-22 19:17:37,983 rank_003_alphafold2_ptm_model_4_seed_043 pLDDT=80.4 pTM=0.679
2026-07-22 19:17:37,985 rank_004_alphafold2_ptm_model_3_seed_044 pLDDT=79.7 pTM=0.664
2026-07-22 19:17:37,986 rank_005_alphafold2_ptm_model_3_seed_042 pLDDT=79.2 pTM=0.662
2026-07-22 19:17:37,987 rank_006_alphafold2_ptm_model_3_seed_043 pLDDT=79.1 pTM=0.661
2026-07-22 19:17:37,988 rank_007_alphafold2_ptm_model_5_seed_043 pLDDT=78.2 pTM=0.646
2026-07-22 19:17:37,989 rank_008_alphafold2_ptm_model_5_seed_042 pLDDT=76.9 pTM=0.636
2026-07-22 19:17:37,991 rank_009_alphafold2_ptm_model_5_seed_044 pLDDT=76.4 pTM=0.634
2026-07-22 19:17:37,992 rank_010_alphafold2_ptm_model_1_seed_042 pLDDT=76 pTM=0.636
2026-07-22 19:17:37,993 rank_011_alphafold2_ptm_model_2_seed_042 pLDDT=75.8 pTM=0.646
2026-07-22 19:17:37,994 rank_012_alphafold2_ptm_model_1_seed_044 pLDDT=75.6 pTM=0.632
2026-07-22 19:17:37,996 rank_013_alphafold2_ptm_model_1_seed_043 pLDDT=75.2 pTM=0.626
2026-07-22 19:17:37,997 rank_014_alphafold2_ptm_model_2_seed_044 pLDDT=72.4 pTM=0.614
2026-07-22 19:17:37,998 rank_015_alphafold2_ptm_model_2_seed_043 pLDDT=69.8 pTM=0.588
2026-07-22 19:17:40,366 Query 21/426: 5KPE_4_6_8_0_combined_id8 (length 108)
2026-07-22 19:17:42,230 alphafold2_ptm_model_1_seed_042 recycle=0 pLDDT=79.7 pTM=0.637
2026-07-22 19:17:42,483 alphafold2_ptm_model_1_seed_042 recycle=1 pLDDT=76.2 pTM=0.6 tol=0.459
2026-07-22 19:17:42,735 alphafold2_ptm_model_1_seed_042 recycle=2 pLDDT=75.5 pTM=0.566 tol=0.457
2026-07-22 19:17:42,988 alphafold2_ptm_model_1_seed_042 recycle=3 pLDDT=75.6 pTM=0.556 tol=0.465
2026-07-22 19:17:42,988 alphafold2_ptm_model_1_seed_042 took 1.0s (3 recycles)
2026-07-22 19:17:43,265 alphafold2_ptm_model_2_seed_042 recycle=0 pLDDT=80.2 pTM=0.623
2026-07-22 19:17:43,518 alphafold2_ptm_model_2_seed_042 recycle=1 pLDDT=76.4 pTM=0.573 tol=0.756
2026-07-22 19:17:43,771 alphafold2_ptm_model_2_seed_042 recycle=2 pLDDT=75.9 pTM=0.569 tol=0.382
2026-07-22 19:17:44,025 alphafold2_ptm_model_2_seed_042 recycle=3 pLDDT=76.4 pTM=0.568 tol=0.316
2026-07-22 19:17:44,025 alphafold2_ptm_model_2_seed_042 took 1.0s (3 recycles)
2026-07-22 19:17:44,301 alphafold2_ptm_model_3_seed_042 recycle=0 pLDDT=80.6 pTM=0.62
2026-07-22 19:17:44,555 alphafold2_ptm_model_3_seed_042 recycle=1 pLDDT=79.8 pTM=0.604 tol=0.541
2026-07-22 19:17:44,809 alphafold2_ptm_model_3_seed_042 recycle=2 pLDDT=79.9 pTM=0.588 tol=0.271
2026-07-22 19:17:45,062 alphafold2_ptm_model_3_seed_042 recycle=3 pLDDT=79.8 pTM=0.59 tol=0.343
2026-07-22 19:17:45,062 alphafold2_ptm_model_3_seed_042 took 1.0s (3 recycles)
2026-07-22 19:17:45,348 alphafold2_ptm_model_4_seed_042 recycle=0 pLDDT=81.5 pTM=0.663
2026-07-22 19:17:45,601 alphafold2_ptm_model_4_seed_042 recycle=1 pLDDT=83 pTM=0.661 tol=0.289
2026-07-22 19:17:45,855 alphafold2_ptm_model_4_seed_042 recycle=2 pLDDT=83.6 pTM=0.667 tol=0.0994
2026-07-22 19:17:46,109 alphafold2_ptm_model_4_seed_042 recycle=3 pLDDT=83.4 pTM=0.661 tol=0.0638
2026-07-22 19:17:46,109 alphafold2_ptm_model_4_seed_042 took 1.0s (3 recycles)
2026-07-22 19:17:46,385 alphafold2_ptm_model_5_seed_042 recycle=0 pLDDT=71.4 pTM=0.57
2026-07-22 19:17:46,638 alphafold2_ptm_model_5_seed_042 recycle=1 pLDDT=80.2 pTM=0.625 tol=1.46
2026-07-22 19:17:46,892 alphafold2_ptm_model_5_seed_042 recycle=2 pLDDT=80 pTM=0.614 tol=0.153
2026-07-22 19:17:47,145 alphafold2_ptm_model_5_seed_042 recycle=3 pLDDT=80.4 pTM=0.612 tol=0.0999
2026-07-22 19:17:47,145 alphafold2_ptm_model_5_seed_042 took 1.0s (3 recycles)
2026-07-22 19:17:48,569 alphafold2_ptm_model_1_seed_043 recycle=0 pLDDT=79.6 pTM=0.64
2026-07-22 19:17:48,823 alphafold2_ptm_model_1_seed_043 recycle=1 pLDDT=75.8 pTM=0.6 tol=0.575
2026-07-22 19:17:49,077 alphafold2_ptm_model_1_seed_043 recycle=2 pLDDT=75.2 pTM=0.565 tol=0.421
2026-07-22 19:17:49,331 alphafold2_ptm_model_1_seed_043 recycle=3 pLDDT=75.5 pTM=0.554 tol=0.505
2026-07-22 19:17:49,331 alphafold2_ptm_model_1_seed_043 took 1.0s (3 recycles)
2026-07-22 19:17:49,636 alphafold2_ptm_model_2_seed_043 recycle=0 pLDDT=79.1 pTM=0.612
2026-07-22 19:17:49,890 alphafold2_ptm_model_2_seed_043 recycle=1 pLDDT=76.1 pTM=0.581 tol=1.25
2026-07-22 19:17:50,143 alphafold2_ptm_model_2_seed_043 recycle=2 pLDDT=76.2 pTM=0.579 tol=0.433
2026-07-22 19:17:50,398 alphafold2_ptm_model_2_seed_043 recycle=3 pLDDT=76.8 pTM=0.571 tol=0.489
2026-07-22 19:17:50,398 alphafold2_ptm_model_2_seed_043 took 1.0s (3 recycles)
2026-07-22 19:17:50,679 alphafold2_ptm_model_3_seed_043 recycle=0 pLDDT=80.5 pTM=0.626
2026-07-22 19:17:50,933 alphafold2_ptm_model_3_seed_043 recycle=1 pLDDT=79.8 pTM=0.604 tol=0.473
2026-07-22 19:17:51,188 alphafold2_ptm_model_3_seed_043 recycle=2 pLDDT=80 pTM=0.592 tol=0.26
2026-07-22 19:17:51,443 alphafold2_ptm_model_3_seed_043 recycle=3 pLDDT=79.9 pTM=0.59 tol=0.335
2026-07-22 19:17:51,444 alphafold2_ptm_model_3_seed_043 took 1.0s (3 recycles)
2026-07-22 19:17:51,724 alphafold2_ptm_model_4_seed_043 recycle=0 pLDDT=81.4 pTM=0.667
2026-07-22 19:17:51,980 alphafold2_ptm_model_4_seed_043 recycle=1 pLDDT=83.1 pTM=0.665 tol=0.379
2026-07-22 19:17:52,236 alphafold2_ptm_model_4_seed_043 recycle=2 pLDDT=83.8 pTM=0.67 tol=0.0927
2026-07-22 19:17:52,491 alphafold2_ptm_model_4_seed_043 recycle=3 pLDDT=83.7 pTM=0.667 tol=0.0701
2026-07-22 19:17:52,492 alphafold2_ptm_model_4_seed_043 took 1.0s (3 recycles)
2026-07-22 19:17:52,773 alphafold2_ptm_model_5_seed_043 recycle=0 pLDDT=56.8 pTM=0.498
2026-07-22 19:17:53,028 alphafold2_ptm_model_5_seed_043 recycle=1 pLDDT=80 pTM=0.635 tol=7.27
2026-07-22 19:17:53,282 alphafold2_ptm_model_5_seed_043 recycle=2 pLDDT=81 pTM=0.63 tol=0.846
2026-07-22 19:17:53,536 alphafold2_ptm_model_5_seed_043 recycle=3 pLDDT=81.5 pTM=0.629 tol=0.121
2026-07-22 19:17:53,536 alphafold2_ptm_model_5_seed_043 took 1.0s (3 recycles)
2026-07-22 19:17:54,643 alphafold2_ptm_model_1_seed_044 recycle=0 pLDDT=78.2 pTM=0.62
2026-07-22 19:17:54,898 alphafold2_ptm_model_1_seed_044 recycle=1 pLDDT=77.3 pTM=0.61 tol=0.361
2026-07-22 19:17:55,152 alphafold2_ptm_model_1_seed_044 recycle=2 pLDDT=77.1 pTM=0.583 tol=0.395
2026-07-22 19:17:55,405 alphafold2_ptm_model_1_seed_044 recycle=3 pLDDT=76 pTM=0.567 tol=0.296
2026-07-22 19:17:55,405 alphafold2_ptm_model_1_seed_044 took 1.0s (3 recycles)
2026-07-22 19:17:55,693 alphafold2_ptm_model_2_seed_044 recycle=0 pLDDT=79.6 pTM=0.625
2026-07-22 19:17:55,947 alphafold2_ptm_model_2_seed_044 recycle=1 pLDDT=76 pTM=0.579 tol=0.784
2026-07-22 19:17:56,201 alphafold2_ptm_model_2_seed_044 recycle=2 pLDDT=75.8 pTM=0.572 tol=0.212
2026-07-22 19:17:56,455 alphafold2_ptm_model_2_seed_044 recycle=3 pLDDT=76.4 pTM=0.571 tol=0.449
2026-07-22 19:17:56,456 alphafold2_ptm_model_2_seed_044 took 1.0s (3 recycles)
2026-07-22 19:17:56,736 alphafold2_ptm_model_3_seed_044 recycle=0 pLDDT=80.1 pTM=0.614
2026-07-22 19:17:56,989 alphafold2_ptm_model_3_seed_044 recycle=1 pLDDT=79.6 pTM=0.594 tol=0.476
2026-07-22 19:17:57,244 alphafold2_ptm_model_3_seed_044 recycle=2 pLDDT=79.7 pTM=0.58 tol=0.285
2026-07-22 19:17:57,498 alphafold2_ptm_model_3_seed_044 recycle=3 pLDDT=79.8 pTM=0.582 tol=0.281
2026-07-22 19:17:57,498 alphafold2_ptm_model_3_seed_044 took 1.0s (3 recycles)
2026-07-22 19:17:57,778 alphafold2_ptm_model_4_seed_044 recycle=0 pLDDT=81.9 pTM=0.664
2026-07-22 19:17:58,034 alphafold2_ptm_model_4_seed_044 recycle=1 pLDDT=83.2 pTM=0.661 tol=0.309
2026-07-22 19:17:58,289 alphafold2_ptm_model_4_seed_044 recycle=2 pLDDT=83.8 pTM=0.668 tol=0.0994
2026-07-22 19:17:58,544 alphafold2_ptm_model_4_seed_044 recycle=3 pLDDT=83.7 pTM=0.665 tol=0.0576
2026-07-22 19:17:58,545 alphafold2_ptm_model_4_seed_044 took 1.0s (3 recycles)
2026-07-22 19:17:58,824 alphafold2_ptm_model_5_seed_044 recycle=0 pLDDT=56.7 pTM=0.492
2026-07-22 19:17:59,077 alphafold2_ptm_model_5_seed_044 recycle=1 pLDDT=78.8 pTM=0.623 tol=6.68
2026-07-22 19:17:59,330 alphafold2_ptm_model_5_seed_044 recycle=2 pLDDT=80.4 pTM=0.618 tol=0.763
2026-07-22 19:17:59,584 alphafold2_ptm_model_5_seed_044 recycle=3 pLDDT=80.6 pTM=0.615 tol=0.163
2026-07-22 19:17:59,584 alphafold2_ptm_model_5_seed_044 took 1.0s (3 recycles)
2026-07-22 19:17:59,608 reranking models by 'plddt' metric
2026-07-22 19:17:59,608 rank_001_alphafold2_ptm_model_4_seed_044 pLDDT=83.7 pTM=0.665
2026-07-22 19:17:59,609 rank_002_alphafold2_ptm_model_4_seed_043 pLDDT=83.7 pTM=0.667
2026-07-22 19:17:59,611 rank_003_alphafold2_ptm_model_4_seed_042 pLDDT=83.4 pTM=0.661
2026-07-22 19:17:59,612 rank_004_alphafold2_ptm_model_5_seed_043 pLDDT=81.5 pTM=0.629
2026-07-22 19:17:59,613 rank_005_alphafold2_ptm_model_5_seed_044 pLDDT=80.6 pTM=0.615
2026-07-22 19:17:59,614 rank_006_alphafold2_ptm_model_5_seed_042 pLDDT=80.4 pTM=0.612
2026-07-22 19:17:59,615 rank_007_alphafold2_ptm_model_3_seed_043 pLDDT=79.9 pTM=0.59
2026-07-22 19:17:59,617 rank_008_alphafold2_ptm_model_3_seed_044 pLDDT=79.8 pTM=0.582
2026-07-22 19:17:59,618 rank_009_alphafold2_ptm_model_3_seed_042 pLDDT=79.8 pTM=0.59
2026-07-22 19:17:59,620 rank_010_alphafold2_ptm_model_2_seed_043 pLDDT=76.8 pTM=0.571
2026-07-22 19:17:59,621 rank_011_alphafold2_ptm_model_2_seed_044 pLDDT=76.4 pTM=0.571
2026-07-22 19:17:59,622 rank_012_alphafold2_ptm_model_2_seed_042 pLDDT=76.4 pTM=0.568
2026-07-22 19:17:59,624 rank_013_alphafold2_ptm_model_1_seed_044 pLDDT=76 pTM=0.567
2026-07-22 19:17:59,625 rank_014_alphafold2_ptm_model_1_seed_042 pLDDT=75.6 pTM=0.556
2026-07-22 19:17:59,626 rank_015_alphafold2_ptm_model_1_seed_043 pLDDT=75.5 pTM=0.554
2026-07-22 19:18:01,976 Query 22/426: 5KPE_4_6_8_0_combined_id0 (length 108)
2026-07-22 19:18:03,654 alphafold2_ptm_model_1_seed_042 recycle=0 pLDDT=58.7 pTM=0.498
2026-07-22 19:18:03,906 alphafold2_ptm_model_1_seed_042 recycle=1 pLDDT=77.2 pTM=0.646 tol=6.56
2026-07-22 19:18:04,159 alphafold2_ptm_model_1_seed_042 recycle=2 pLDDT=77.6 pTM=0.645 tol=0.717
2026-07-22 19:18:04,411 alphafold2_ptm_model_1_seed_042 recycle=3 pLDDT=80.4 pTM=0.668 tol=0.405
2026-07-22 19:18:04,411 alphafold2_ptm_model_1_seed_042 took 1.0s (3 recycles)
2026-07-22 19:18:04,687 alphafold2_ptm_model_2_seed_042 recycle=0 pLDDT=77.4 pTM=0.636
2026-07-22 19:18:04,942 alphafold2_ptm_model_2_seed_042 recycle=1 pLDDT=81 pTM=0.694 tol=1.22
2026-07-22 19:18:05,197 alphafold2_ptm_model_2_seed_042 recycle=2 pLDDT=83 pTM=0.713 tol=0.731
2026-07-22 19:18:05,452 alphafold2_ptm_model_2_seed_042 recycle=3 pLDDT=83.9 pTM=0.714 tol=0.788
2026-07-22 19:18:05,452 alphafold2_ptm_model_2_seed_042 took 1.0s (3 recycles)
2026-07-22 19:18:05,728 alphafold2_ptm_model_3_seed_042 recycle=0 pLDDT=59.6 pTM=0.463
2026-07-22 19:18:05,983 alphafold2_ptm_model_3_seed_042 recycle=1 pLDDT=81 pTM=0.658 tol=6.02
2026-07-22 19:18:06,237 alphafold2_ptm_model_3_seed_042 recycle=2 pLDDT=77.8 pTM=0.622 tol=0.345
2026-07-22 19:18:06,491 alphafold2_ptm_model_3_seed_042 recycle=3 pLDDT=80.5 pTM=0.638 tol=0.359
2026-07-22 19:18:06,491 alphafold2_ptm_model_3_seed_042 took 1.0s (3 recycles)
2026-07-22 19:18:06,767 alphafold2_ptm_model_4_seed_042 recycle=0 pLDDT=64.1 pTM=0.53
2026-07-22 19:18:07,020 alphafold2_ptm_model_4_seed_042 recycle=1 pLDDT=64.3 pTM=0.519 tol=4.18
2026-07-22 19:18:07,273 alphafold2_ptm_model_4_seed_042 recycle=2 pLDDT=76.2 pTM=0.617 tol=1.43
2026-07-22 19:18:07,526 alphafold2_ptm_model_4_seed_042 recycle=3 pLDDT=76.7 pTM=0.593 tol=0.767
2026-07-22 19:18:07,526 alphafold2_ptm_model_4_seed_042 took 1.0s (3 recycles)
2026-07-22 19:18:07,805 alphafold2_ptm_model_5_seed_042 recycle=0 pLDDT=54.7 pTM=0.457
2026-07-22 19:18:08,058 alphafold2_ptm_model_5_seed_042 recycle=1 pLDDT=70.7 pTM=0.57 tol=6.19
2026-07-22 19:18:08,311 alphafold2_ptm_model_5_seed_042 recycle=2 pLDDT=78.5 pTM=0.637 tol=0.663
2026-07-22 19:18:08,564 alphafold2_ptm_model_5_seed_042 recycle=3 pLDDT=81.1 pTM=0.661 tol=0.104
2026-07-22 19:18:08,565 alphafold2_ptm_model_5_seed_042 took 1.0s (3 recycles)
2026-07-22 19:18:09,529 alphafold2_ptm_model_1_seed_043 recycle=0 pLDDT=58.2 pTM=0.489
2026-07-22 19:18:09,781 alphafold2_ptm_model_1_seed_043 recycle=1 pLDDT=78.6 pTM=0.662 tol=6.56
2026-07-22 19:18:10,034 alphafold2_ptm_model_1_seed_043 recycle=2 pLDDT=80.8 pTM=0.676 tol=0.93
2026-07-22 19:18:10,287 alphafold2_ptm_model_1_seed_043 recycle=3 pLDDT=83.1 pTM=0.695 tol=0.678
2026-07-22 19:18:10,287 alphafold2_ptm_model_1_seed_043 took 1.0s (3 recycles)
2026-07-22 19:18:10,564 alphafold2_ptm_model_2_seed_043 recycle=0 pLDDT=81.6 pTM=0.673
2026-07-22 19:18:10,817 alphafold2_ptm_model_2_seed_043 recycle=1 pLDDT=81.3 pTM=0.698 tol=0.402
2026-07-22 19:18:11,071 alphafold2_ptm_model_2_seed_043 recycle=2 pLDDT=81.7 pTM=0.703 tol=0.576
2026-07-22 19:18:11,324 alphafold2_ptm_model_2_seed_043 recycle=3 pLDDT=82.9 pTM=0.711 tol=0.186
2026-07-22 19:18:11,325 alphafold2_ptm_model_2_seed_043 took 1.0s (3 recycles)
2026-07-22 19:18:11,598 alphafold2_ptm_model_3_seed_043 recycle=0 pLDDT=59.2 pTM=0.469
2026-07-22 19:18:11,852 alphafold2_ptm_model_3_seed_043 recycle=1 pLDDT=78.1 pTM=0.622 tol=6.22
2026-07-22 19:18:12,104 alphafold2_ptm_model_3_seed_043 recycle=2 pLDDT=78.7 pTM=0.617 tol=0.475
2026-07-22 19:18:12,358 alphafold2_ptm_model_3_seed_043 recycle=3 pLDDT=80.6 pTM=0.646 tol=0.441
2026-07-22 19:18:12,358 alphafold2_ptm_model_3_seed_043 took 1.0s (3 recycles)
2026-07-22 19:18:12,643 alphafold2_ptm_model_4_seed_043 recycle=0 pLDDT=64.1 pTM=0.526
2026-07-22 19:18:12,897 alphafold2_ptm_model_4_seed_043 recycle=1 pLDDT=67.7 pTM=0.562 tol=4.22
2026-07-22 19:18:13,152 alphafold2_ptm_model_4_seed_043 recycle=2 pLDDT=76.8 pTM=0.617 tol=1.54
2026-07-22 19:18:13,406 alphafold2_ptm_model_4_seed_043 recycle=3 pLDDT=76.6 pTM=0.609 tol=0.538
2026-07-22 19:18:13,407 alphafold2_ptm_model_4_seed_043 took 1.0s (3 recycles)
2026-07-22 19:18:13,686 alphafold2_ptm_model_5_seed_043 recycle=0 pLDDT=55.5 pTM=0.456
2026-07-22 19:18:13,939 alphafold2_ptm_model_5_seed_043 recycle=1 pLDDT=59.9 pTM=0.521 tol=5.55
2026-07-22 19:18:14,193 alphafold2_ptm_model_5_seed_043 recycle=2 pLDDT=77.8 pTM=0.636 tol=2.06
2026-07-22 19:18:14,447 alphafold2_ptm_model_5_seed_043 recycle=3 pLDDT=79.7 pTM=0.638 tol=0.257
2026-07-22 19:18:14,447 alphafold2_ptm_model_5_seed_043 took 1.0s (3 recycles)
2026-07-22 19:18:15,448 alphafold2_ptm_model_1_seed_044 recycle=0 pLDDT=59.8 pTM=0.494
2026-07-22 19:18:15,700 alphafold2_ptm_model_1_seed_044 recycle=1 pLDDT=73.6 pTM=0.606 tol=6.34
2026-07-22 19:18:15,952 alphafold2_ptm_model_1_seed_044 recycle=2 pLDDT=77.6 pTM=0.637 tol=0.735
2026-07-22 19:18:16,205 alphafold2_ptm_model_1_seed_044 recycle=3 pLDDT=80.2 pTM=0.662 tol=0.533
2026-07-22 19:18:16,205 alphafold2_ptm_model_1_seed_044 took 1.0s (3 recycles)
2026-07-22 19:18:16,483 alphafold2_ptm_model_2_seed_044 recycle=0 pLDDT=79.6 pTM=0.656
2026-07-22 19:18:16,739 alphafold2_ptm_model_2_seed_044 recycle=1 pLDDT=80.2 pTM=0.694 tol=0.679
2026-07-22 19:18:16,995 alphafold2_ptm_model_2_seed_044 recycle=2 pLDDT=82.7 pTM=0.707 tol=0.719
2026-07-22 19:18:17,250 alphafold2_ptm_model_2_seed_044 recycle=3 pLDDT=83.6 pTM=0.718 tol=0.266
2026-07-22 19:18:17,250 alphafold2_ptm_model_2_seed_044 took 1.0s (3 recycles)
2026-07-22 19:18:17,530 alphafold2_ptm_model_3_seed_044 recycle=0 pLDDT=59.7 pTM=0.46
2026-07-22 19:18:17,783 alphafold2_ptm_model_3_seed_044 recycle=1 pLDDT=81.2 pTM=0.656 tol=4.65
2026-07-22 19:18:18,036 alphafold2_ptm_model_3_seed_044 recycle=2 pLDDT=77.5 pTM=0.616 tol=0.437
2026-07-22 19:18:18,289 alphafold2_ptm_model_3_seed_044 recycle=3 pLDDT=81.1 pTM=0.633 tol=0.187
2026-07-22 19:18:18,290 alphafold2_ptm_model_3_seed_044 took 1.0s (3 recycles)
2026-07-22 19:18:18,568 alphafold2_ptm_model_4_seed_044 recycle=0 pLDDT=63.6 pTM=0.52
2026-07-22 19:18:18,820 alphafold2_ptm_model_4_seed_044 recycle=1 pLDDT=69.7 pTM=0.584 tol=4.16
2026-07-22 19:18:19,073 alphafold2_ptm_model_4_seed_044 recycle=2 pLDDT=77 pTM=0.617 tol=1.48
2026-07-22 19:18:19,326 alphafold2_ptm_model_4_seed_044 recycle=3 pLDDT=78 pTM=0.62 tol=0.75
2026-07-22 19:18:19,326 alphafold2_ptm_model_4_seed_044 took 1.0s (3 recycles)
2026-07-22 19:18:19,609 alphafold2_ptm_model_5_seed_044 recycle=0 pLDDT=54.8 pTM=0.461
2026-07-22 19:18:19,861 alphafold2_ptm_model_5_seed_044 recycle=1 pLDDT=64.4 pTM=0.548 tol=5.62
2026-07-22 19:18:20,114 alphafold2_ptm_model_5_seed_044 recycle=2 pLDDT=80.8 pTM=0.659 tol=1.4
2026-07-22 19:18:20,366 alphafold2_ptm_model_5_seed_044 recycle=3 pLDDT=81.4 pTM=0.666 tol=0.188
2026-07-22 19:18:20,366 alphafold2_ptm_model_5_seed_044 took 1.0s (3 recycles)
2026-07-22 19:18:20,391 reranking models by 'plddt' metric
2026-07-22 19:18:20,391 rank_001_alphafold2_ptm_model_2_seed_042 pLDDT=83.9 pTM=0.714
2026-07-22 19:18:20,393 rank_002_alphafold2_ptm_model_2_seed_044 pLDDT=83.6 pTM=0.718
2026-07-22 19:18:20,394 rank_003_alphafold2_ptm_model_1_seed_043 pLDDT=83.1 pTM=0.695
2026-07-22 19:18:20,395 rank_004_alphafold2_ptm_model_2_seed_043 pLDDT=82.9 pTM=0.711
2026-07-22 19:18:20,397 rank_005_alphafold2_ptm_model_5_seed_044 pLDDT=81.4 pTM=0.666
2026-07-22 19:18:20,398 rank_006_alphafold2_ptm_model_3_seed_044 pLDDT=81.1 pTM=0.633
2026-07-22 19:18:20,399 rank_007_alphafold2_ptm_model_5_seed_042 pLDDT=81.1 pTM=0.661
2026-07-22 19:18:20,401 rank_008_alphafold2_ptm_model_3_seed_043 pLDDT=80.6 pTM=0.646
2026-07-22 19:18:20,402 rank_009_alphafold2_ptm_model_3_seed_042 pLDDT=80.5 pTM=0.638
2026-07-22 19:18:20,403 rank_010_alphafold2_ptm_model_1_seed_042 pLDDT=80.4 pTM=0.668
2026-07-22 19:18:20,404 rank_011_alphafold2_ptm_model_1_seed_044 pLDDT=80.2 pTM=0.662
2026-07-22 19:18:20,405 rank_012_alphafold2_ptm_model_5_seed_043 pLDDT=79.7 pTM=0.638
2026-07-22 19:18:20,407 rank_013_alphafold2_ptm_model_4_seed_044 pLDDT=78 pTM=0.62
2026-07-22 19:18:20,408 rank_014_alphafold2_ptm_model_4_seed_042 pLDDT=76.7 pTM=0.593
2026-07-22 19:18:20,409 rank_015_alphafold2_ptm_model_4_seed_043 pLDDT=76.6 pTM=0.609
2026-07-22 19:18:22,708 Query 23/426: 5KPE_4_6_8_0_combined_id3 (length 108)
2026-07-22 19:18:24,905 alphafold2_ptm_model_1_seed_042 recycle=0 pLDDT=67.1 pTM=0.519
2026-07-22 19:18:25,158 alphafold2_ptm_model_1_seed_042 recycle=1 pLDDT=81.6 pTM=0.658 tol=1.55
2026-07-22 19:18:25,412 alphafold2_ptm_model_1_seed_042 recycle=2 pLDDT=80.1 pTM=0.628 tol=0.433
2026-07-22 19:18:25,666 alphafold2_ptm_model_1_seed_042 recycle=3 pLDDT=80.8 pTM=0.634 tol=0.189
2026-07-22 19:18:25,666 alphafold2_ptm_model_1_seed_042 took 1.0s (3 recycles)
2026-07-22 19:18:25,947 alphafold2_ptm_model_2_seed_042 recycle=0 pLDDT=69.9 pTM=0.541
2026-07-22 19:18:26,201 alphafold2_ptm_model_2_seed_042 recycle=1 pLDDT=83.8 pTM=0.685 tol=0.835
2026-07-22 19:18:26,454 alphafold2_ptm_model_2_seed_042 recycle=2 pLDDT=81.4 pTM=0.654 tol=0.283
2026-07-22 19:18:26,708 alphafold2_ptm_model_2_seed_042 recycle=3 pLDDT=83.2 pTM=0.669 tol=0.156
2026-07-22 19:18:26,708 alphafold2_ptm_model_2_seed_042 took 1.0s (3 recycles)
2026-07-22 19:18:26,987 alphafold2_ptm_model_3_seed_042 recycle=0 pLDDT=74.4 pTM=0.539
2026-07-22 19:18:27,240 alphafold2_ptm_model_3_seed_042 recycle=1 pLDDT=80.9 pTM=0.641 tol=0.8
2026-07-22 19:18:27,494 alphafold2_ptm_model_3_seed_042 recycle=2 pLDDT=81.2 pTM=0.63 tol=0.412
2026-07-22 19:18:27,749 alphafold2_ptm_model_3_seed_042 recycle=3 pLDDT=81.6 pTM=0.625 tol=0.173
2026-07-22 19:18:27,749 alphafold2_ptm_model_3_seed_042 took 1.0s (3 recycles)
2026-07-22 19:18:28,028 alphafold2_ptm_model_4_seed_042 recycle=0 pLDDT=66.2 pTM=0.543
2026-07-22 19:18:28,281 alphafold2_ptm_model_4_seed_042 recycle=1 pLDDT=77.6 pTM=0.62 tol=7.28
2026-07-22 19:18:28,534 alphafold2_ptm_model_4_seed_042 recycle=2 pLDDT=78.5 pTM=0.611 tol=0.342
2026-07-22 19:18:28,786 alphafold2_ptm_model_4_seed_042 recycle=3 pLDDT=79.9 pTM=0.613 tol=0.216
2026-07-22 19:18:28,786 alphafold2_ptm_model_4_seed_042 took 1.0s (3 recycles)
2026-07-22 19:18:29,065 alphafold2_ptm_model_5_seed_042 recycle=0 pLDDT=64.4 pTM=0.502
2026-07-22 19:18:29,319 alphafold2_ptm_model_5_seed_042 recycle=1 pLDDT=61.7 pTM=0.498 tol=1.54
2026-07-22 19:18:29,572 alphafold2_ptm_model_5_seed_042 recycle=2 pLDDT=64.2 pTM=0.506 tol=4.69
2026-07-22 19:18:29,824 alphafold2_ptm_model_5_seed_042 recycle=3 pLDDT=64.4 pTM=0.507 tol=0.564
2026-07-22 19:18:29,824 alphafold2_ptm_model_5_seed_042 took 1.0s (3 recycles)
2026-07-22 19:18:30,869 alphafold2_ptm_model_1_seed_043 recycle=0 pLDDT=68.2 pTM=0.527
2026-07-22 19:18:31,123 alphafold2_ptm_model_1_seed_043 recycle=1 pLDDT=81.2 pTM=0.65 tol=1.39
2026-07-22 19:18:31,377 alphafold2_ptm_model_1_seed_043 recycle=2 pLDDT=80 pTM=0.628 tol=0.375
2026-07-22 19:18:31,629 alphafold2_ptm_model_1_seed_043 recycle=3 pLDDT=81.1 pTM=0.637 tol=0.188
2026-07-22 19:18:31,629 alphafold2_ptm_model_1_seed_043 took 1.0s (3 recycles)
2026-07-22 19:18:31,914 alphafold2_ptm_model_2_seed_043 recycle=0 pLDDT=66.2 pTM=0.514
2026-07-22 19:18:32,169 alphafold2_ptm_model_2_seed_043 recycle=1 pLDDT=84.7 pTM=0.707 tol=1.53
2026-07-22 19:18:32,423 alphafold2_ptm_model_2_seed_043 recycle=2 pLDDT=81.1 pTM=0.658 tol=0.376
2026-07-22 19:18:32,677 alphafold2_ptm_model_2_seed_043 recycle=3 pLDDT=83.7 pTM=0.678 tol=0.259
2026-07-22 19:18:32,677 alphafold2_ptm_model_2_seed_043 took 1.0s (3 recycles)
2026-07-22 19:18:32,959 alphafold2_ptm_model_3_seed_043 recycle=0 pLDDT=75.6 pTM=0.549
2026-07-22 19:18:33,212 alphafold2_ptm_model_3_seed_043 recycle=1 pLDDT=82.6 pTM=0.669 tol=0.624
2026-07-22 19:18:33,465 alphafold2_ptm_model_3_seed_043 recycle=2 pLDDT=81.9 pTM=0.644 tol=0.787
2026-07-22 19:18:33,718 alphafold2_ptm_model_3_seed_043 recycle=3 pLDDT=81.8 pTM=0.64 tol=0.204
2026-07-22 19:18:33,718 alphafold2_ptm_model_3_seed_043 took 1.0s (3 recycles)
2026-07-22 19:18:33,999 alphafold2_ptm_model_4_seed_043 recycle=0 pLDDT=66.4 pTM=0.528
2026-07-22 19:18:34,252 alphafold2_ptm_model_4_seed_043 recycle=1 pLDDT=83 pTM=0.667 tol=2.71
2026-07-22 19:18:34,507 alphafold2_ptm_model_4_seed_043 recycle=2 pLDDT=79.2 pTM=0.62 tol=0.261
2026-07-22 19:18:34,761 alphafold2_ptm_model_4_seed_043 recycle=3 pLDDT=80.4 pTM=0.625 tol=0.236
2026-07-22 19:18:34,762 alphafold2_ptm_model_4_seed_043 took 1.0s (3 recycles)
2026-07-22 19:18:35,045 alphafold2_ptm_model_5_seed_043 recycle=0 pLDDT=67.8 pTM=0.526
2026-07-22 19:18:35,297 alphafold2_ptm_model_5_seed_043 recycle=1 pLDDT=70 pTM=0.537 tol=6.09
2026-07-22 19:18:35,551 alphafold2_ptm_model_5_seed_043 recycle=2 pLDDT=78.9 pTM=0.608 tol=1.49
2026-07-22 19:18:35,804 alphafold2_ptm_model_5_seed_043 recycle=3 pLDDT=81 pTM=0.624 tol=0.191
2026-07-22 19:18:35,804 alphafold2_ptm_model_5_seed_043 took 1.0s (3 recycles)
2026-07-22 19:18:36,851 alphafold2_ptm_model_1_seed_044 recycle=0 pLDDT=69.8 pTM=0.536
2026-07-22 19:18:37,104 alphafold2_ptm_model_1_seed_044 recycle=1 pLDDT=81.6 pTM=0.65 tol=1.16
2026-07-22 19:18:37,357 alphafold2_ptm_model_1_seed_044 recycle=2 pLDDT=80.2 pTM=0.629 tol=0.302
2026-07-22 19:18:37,610 alphafold2_ptm_model_1_seed_044 recycle=3 pLDDT=81.2 pTM=0.636 tol=0.203
2026-07-22 19:18:37,610 alphafold2_ptm_model_1_seed_044 took 1.0s (3 recycles)
2026-07-22 19:18:37,889 alphafold2_ptm_model_2_seed_044 recycle=0 pLDDT=66.5 pTM=0.518
2026-07-22 19:18:38,143 alphafold2_ptm_model_2_seed_044 recycle=1 pLDDT=84.9 pTM=0.703 tol=1.28
2026-07-22 19:18:38,397 alphafold2_ptm_model_2_seed_044 recycle=2 pLDDT=81.4 pTM=0.658 tol=0.35
2026-07-22 19:18:38,651 alphafold2_ptm_model_2_seed_044 recycle=3 pLDDT=83.6 pTM=0.676 tol=0.2
2026-07-22 19:18:38,651 alphafold2_ptm_model_2_seed_044 took 1.0s (3 recycles)
2026-07-22 19:18:38,931 alphafold2_ptm_model_3_seed_044 recycle=0 pLDDT=71.3 pTM=0.515
2026-07-22 19:18:39,186 alphafold2_ptm_model_3_seed_044 recycle=1 pLDDT=82.9 pTM=0.656 tol=1.27
2026-07-22 19:18:39,439 alphafold2_ptm_model_3_seed_044 recycle=2 pLDDT=82.1 pTM=0.629 tol=0.237
2026-07-22 19:18:39,692 alphafold2_ptm_model_3_seed_044 recycle=3 pLDDT=82.6 pTM=0.632 tol=0.0931
2026-07-22 19:18:39,692 alphafold2_ptm_model_3_seed_044 took 1.0s (3 recycles)
2026-07-22 19:18:39,973 alphafold2_ptm_model_4_seed_044 recycle=0 pLDDT=63.5 pTM=0.529
2026-07-22 19:18:40,225 alphafold2_ptm_model_4_seed_044 recycle=1 pLDDT=78.3 pTM=0.63 tol=6.96
2026-07-22 19:18:40,477 alphafold2_ptm_model_4_seed_044 recycle=2 pLDDT=79.1 pTM=0.623 tol=0.428
2026-07-22 19:18:40,729 alphafold2_ptm_model_4_seed_044 recycle=3 pLDDT=79.9 pTM=0.617 tol=0.181
2026-07-22 19:18:40,730 alphafold2_ptm_model_4_seed_044 took 1.0s (3 recycles)
2026-07-22 19:18:41,013 alphafold2_ptm_model_5_seed_044 recycle=0 pLDDT=61.3 pTM=0.497
2026-07-22 19:18:41,266 alphafold2_ptm_model_5_seed_044 recycle=1 pLDDT=62 pTM=0.486 tol=5.36
2026-07-22 19:18:41,518 alphafold2_ptm_model_5_seed_044 recycle=2 pLDDT=65 pTM=0.509 tol=3.68
2026-07-22 19:18:41,771 alphafold2_ptm_model_5_seed_044 recycle=3 pLDDT=64.1 pTM=0.502 tol=0.591
2026-07-22 19:18:41,772 alphafold2_ptm_model_5_seed_044 took 1.0s (3 recycles)
2026-07-22 19:18:41,796 reranking models by 'plddt' metric
2026-07-22 19:18:41,796 rank_001_alphafold2_ptm_model_2_seed_043 pLDDT=83.7 pTM=0.678
2026-07-22 19:18:41,798 rank_002_alphafold2_ptm_model_2_seed_044 pLDDT=83.6 pTM=0.676
2026-07-22 19:18:41,799 rank_003_alphafold2_ptm_model_2_seed_042 pLDDT=83.2 pTM=0.669
2026-07-22 19:18:41,800 rank_004_alphafold2_ptm_model_3_seed_044 pLDDT=82.6 pTM=0.632
2026-07-22 19:18:41,801 rank_005_alphafold2_ptm_model_3_seed_043 pLDDT=81.8 pTM=0.64
2026-07-22 19:18:41,803 rank_006_alphafold2_ptm_model_3_seed_042 pLDDT=81.6 pTM=0.625
2026-07-22 19:18:41,804 rank_007_alphafold2_ptm_model_1_seed_044 pLDDT=81.2 pTM=0.636
2026-07-22 19:18:41,805 rank_008_alphafold2_ptm_model_1_seed_043 pLDDT=81.1 pTM=0.637
2026-07-22 19:18:41,806 rank_009_alphafold2_ptm_model_5_seed_043 pLDDT=81 pTM=0.624
2026-07-22 19:18:41,808 rank_010_alphafold2_ptm_model_1_seed_042 pLDDT=80.8 pTM=0.634
2026-07-22 19:18:41,810 rank_011_alphafold2_ptm_model_4_seed_043 pLDDT=80.4 pTM=0.625
2026-07-22 19:18:41,811 rank_012_alphafold2_ptm_model_4_seed_044 pLDDT=79.9 pTM=0.617
2026-07-22 19:18:41,812 rank_013_alphafold2_ptm_model_4_seed_042 pLDDT=79.9 pTM=0.613
2026-07-22 19:18:41,813 rank_014_alphafold2_ptm_model_5_seed_042 pLDDT=64.4 pTM=0.507
2026-07-22 19:18:41,814 rank_015_alphafold2_ptm_model_5_seed_044 pLDDT=64.1 pTM=0.502
2026-07-22 19:18:44,114 Query 24/426: 5KPE_2_2_6_0_combined_id1 (length 108)
2026-07-22 19:18:45,967 alphafold2_ptm_model_1_seed_042 recycle=0 pLDDT=77.8 pTM=0.614
2026-07-22 19:18:46,229 alphafold2_ptm_model_1_seed_042 recycle=1 pLDDT=93.4 pTM=0.817 tol=0.825
2026-07-22 19:18:46,495 alphafold2_ptm_model_1_seed_042 recycle=2 pLDDT=94.5 pTM=0.83 tol=0.0969
2026-07-22 19:18:46,758 alphafold2_ptm_model_1_seed_042 recycle=3 pLDDT=94.6 pTM=0.833 tol=0.0359
2026-07-22 19:18:46,759 alphafold2_ptm_model_1_seed_042 took 1.0s (3 recycles)
2026-07-22 19:18:47,040 alphafold2_ptm_model_2_seed_042 recycle=0 pLDDT=87.6 pTM=0.693
2026-07-22 19:18:47,303 alphafold2_ptm_model_2_seed_042 recycle=1 pLDDT=94.5 pTM=0.837 tol=0.545
2026-07-22 19:18:47,568 alphafold2_ptm_model_2_seed_042 recycle=2 pLDDT=95.1 pTM=0.844 tol=0.0858
2026-07-22 19:18:47,832 alphafold2_ptm_model_2_seed_042 recycle=3 pLDDT=95.2 pTM=0.845 tol=0.0334
2026-07-22 19:18:47,833 alphafold2_ptm_model_2_seed_042 took 1.0s (3 recycles)
2026-07-22 19:18:48,117 alphafold2_ptm_model_3_seed_042 recycle=0 pLDDT=71.8 pTM=0.552
2026-07-22 19:18:48,378 alphafold2_ptm_model_3_seed_042 recycle=1 pLDDT=92.2 pTM=0.807 tol=2.02
2026-07-22 19:18:48,643 alphafold2_ptm_model_3_seed_042 recycle=2 pLDDT=94.1 pTM=0.836 tol=0.184
2026-07-22 19:18:48,910 alphafold2_ptm_model_3_seed_042 recycle=3 pLDDT=94.6 pTM=0.843 tol=0.0609
2026-07-22 19:18:48,910 alphafold2_ptm_model_3_seed_042 took 1.0s (3 recycles)
2026-07-22 19:18:49,189 alphafold2_ptm_model_4_seed_042 recycle=0 pLDDT=72.2 pTM=0.607
2026-07-22 19:18:49,447 alphafold2_ptm_model_4_seed_042 recycle=1 pLDDT=88.5 pTM=0.743 tol=1.78
2026-07-22 19:18:49,709 alphafold2_ptm_model_4_seed_042 recycle=2 pLDDT=93.3 pTM=0.826 tol=0.261
2026-07-22 19:18:49,975 alphafold2_ptm_model_4_seed_042 recycle=3 pLDDT=93.9 pTM=0.836 tol=0.0634
2026-07-22 19:18:49,976 alphafold2_ptm_model_4_seed_042 took 1.0s (3 recycles)
2026-07-22 19:18:50,260 alphafold2_ptm_model_5_seed_042 recycle=0 pLDDT=89.8 pTM=0.754
2026-07-22 19:18:50,520 alphafold2_ptm_model_5_seed_042 recycle=1 pLDDT=92.2 pTM=0.806 tol=0.325
2026-07-22 19:18:50,779 alphafold2_ptm_model_5_seed_042 recycle=2 pLDDT=92.2 pTM=0.808 tol=0.065
2026-07-22 19:18:51,038 alphafold2_ptm_model_5_seed_042 recycle=3 pLDDT=92.3 pTM=0.805 tol=0.0506
2026-07-22 19:18:51,038 alphafold2_ptm_model_5_seed_042 took 1.0s (3 recycles)
2026-07-22 19:18:52,090 alphafold2_ptm_model_1_seed_043 recycle=0 pLDDT=73.8 pTM=0.625
2026-07-22 19:18:52,349 alphafold2_ptm_model_1_seed_043 recycle=1 pLDDT=93 pTM=0.809 tol=1.79
2026-07-22 19:18:52,612 alphafold2_ptm_model_1_seed_043 recycle=2 pLDDT=94.3 pTM=0.826 tol=0.143
2026-07-22 19:18:52,875 alphafold2_ptm_model_1_seed_043 recycle=3 pLDDT=94.6 pTM=0.83 tol=0.0386
2026-07-22 19:18:52,876 alphafold2_ptm_model_1_seed_043 took 1.0s (3 recycles)
2026-07-22 19:18:53,157 alphafold2_ptm_model_2_seed_043 recycle=0 pLDDT=90.9 pTM=0.761
2026-07-22 19:18:53,427 alphafold2_ptm_model_2_seed_043 recycle=1 pLDDT=94.4 pTM=0.836 tol=0.458
2026-07-22 19:18:53,694 alphafold2_ptm_model_2_seed_043 recycle=2 pLDDT=95.1 pTM=0.844 tol=0.0771
2026-07-22 19:18:53,960 alphafold2_ptm_model_2_seed_043 recycle=3 pLDDT=95.2 pTM=0.845 tol=0.033
2026-07-22 19:18:53,960 alphafold2_ptm_model_2_seed_043 took 1.1s (3 recycles)
2026-07-22 19:18:54,237 alphafold2_ptm_model_3_seed_043 recycle=0 pLDDT=71.2 pTM=0.549
2026-07-22 19:18:54,495 alphafold2_ptm_model_3_seed_043 recycle=1 pLDDT=92 pTM=0.806 tol=1.89
2026-07-22 19:18:54,758 alphafold2_ptm_model_3_seed_043 recycle=2 pLDDT=94.1 pTM=0.836 tol=0.18
2026-07-22 19:18:55,022 alphafold2_ptm_model_3_seed_043 recycle=3 pLDDT=94.6 pTM=0.843 tol=0.0619
2026-07-22 19:18:55,022 alphafold2_ptm_model_3_seed_043 took 1.0s (3 recycles)
2026-07-22 19:18:55,299 alphafold2_ptm_model_4_seed_043 recycle=0 pLDDT=67.4 pTM=0.562
2026-07-22 19:18:55,559 alphafold2_ptm_model_4_seed_043 recycle=1 pLDDT=91.3 pTM=0.803 tol=2.02
2026-07-22 19:18:55,821 alphafold2_ptm_model_4_seed_043 recycle=2 pLDDT=93.8 pTM=0.833 tol=0.168
2026-07-22 19:18:56,085 alphafold2_ptm_model_4_seed_043 recycle=3 pLDDT=94.2 pTM=0.839 tol=0.0505
2026-07-22 19:18:56,085 alphafold2_ptm_model_4_seed_043 took 1.0s (3 recycles)
2026-07-22 19:18:56,367 alphafold2_ptm_model_5_seed_043 recycle=0 pLDDT=90.6 pTM=0.775
2026-07-22 19:18:56,625 alphafold2_ptm_model_5_seed_043 recycle=1 pLDDT=92.2 pTM=0.806 tol=0.303
2026-07-22 19:18:56,883 alphafold2_ptm_model_5_seed_043 recycle=2 pLDDT=92.3 pTM=0.808 tol=0.0649
2026-07-22 19:18:57,141 alphafold2_ptm_model_5_seed_043 recycle=3 pLDDT=92.3 pTM=0.806 tol=0.0445
2026-07-22 19:18:57,141 alphafold2_ptm_model_5_seed_043 took 1.0s (3 recycles)
2026-07-22 19:18:58,302 alphafold2_ptm_model_1_seed_044 recycle=0 pLDDT=74.9 pTM=0.637
2026-07-22 19:18:58,563 alphafold2_ptm_model_1_seed_044 recycle=1 pLDDT=92.9 pTM=0.809 tol=1.67
2026-07-22 19:18:58,826 alphafold2_ptm_model_1_seed_044 recycle=2 pLDDT=94.2 pTM=0.825 tol=0.147
2026-07-22 19:18:59,090 alphafold2_ptm_model_1_seed_044 recycle=3 pLDDT=94.5 pTM=0.829 tol=0.0441
2026-07-22 19:18:59,090 alphafold2_ptm_model_1_seed_044 took 1.0s (3 recycles)
2026-07-22 19:18:59,369 alphafold2_ptm_model_2_seed_044 recycle=0 pLDDT=90.6 pTM=0.76
2026-07-22 19:18:59,634 alphafold2_ptm_model_2_seed_044 recycle=1 pLDDT=94.5 pTM=0.839 tol=0.458
2026-07-22 19:18:59,900 alphafold2_ptm_model_2_seed_044 recycle=2 pLDDT=95.1 pTM=0.845 tol=0.0745
2026-07-22 19:19:00,167 alphafold2_ptm_model_2_seed_044 recycle=3 pLDDT=95.2 pTM=0.846 tol=0.0373
2026-07-22 19:19:00,167 alphafold2_ptm_model_2_seed_044 took 1.1s (3 recycles)
2026-07-22 19:19:00,447 alphafold2_ptm_model_3_seed_044 recycle=0 pLDDT=70.6 pTM=0.547
2026-07-22 19:19:00,706 alphafold2_ptm_model_3_seed_044 recycle=1 pLDDT=92.1 pTM=0.805 tol=2.56
2026-07-22 19:19:00,970 alphafold2_ptm_model_3_seed_044 recycle=2 pLDDT=94.2 pTM=0.837 tol=0.18
2026-07-22 19:19:01,237 alphafold2_ptm_model_3_seed_044 recycle=3 pLDDT=94.6 pTM=0.844 tol=0.0618
2026-07-22 19:19:01,237 alphafold2_ptm_model_3_seed_044 took 1.0s (3 recycles)
2026-07-22 19:19:01,519 alphafold2_ptm_model_4_seed_044 recycle=0 pLDDT=68.5 pTM=0.578
2026-07-22 19:19:01,779 alphafold2_ptm_model_4_seed_044 recycle=1 pLDDT=92.2 pTM=0.815 tol=1.89
2026-07-22 19:19:02,043 alphafold2_ptm_model_4_seed_044 recycle=2 pLDDT=93.9 pTM=0.835 tol=0.121
2026-07-22 19:19:02,306 alphafold2_ptm_model_4_seed_044 recycle=3 pLDDT=94.3 pTM=0.84 tol=0.0419
2026-07-22 19:19:02,307 alphafold2_ptm_model_4_seed_044 took 1.0s (3 recycles)
2026-07-22 19:19:02,590 alphafold2_ptm_model_5_seed_044 recycle=0 pLDDT=90.1 pTM=0.76
2026-07-22 19:19:02,848 alphafold2_ptm_model_5_seed_044 recycle=1 pLDDT=92.1 pTM=0.806 tol=0.305
2026-07-22 19:19:03,106 alphafold2_ptm_model_5_seed_044 recycle=2 pLDDT=92.2 pTM=0.807 tol=0.0703
2026-07-22 19:19:03,368 alphafold2_ptm_model_5_seed_044 recycle=3 pLDDT=92.2 pTM=0.804 tol=0.0455
2026-07-22 19:19:03,368 alphafold2_ptm_model_5_seed_044 took 1.0s (3 recycles)
2026-07-22 19:19:03,392 reranking models by 'plddt' metric
2026-07-22 19:19:03,392 rank_001_alphafold2_ptm_model_2_seed_044 pLDDT=95.2 pTM=0.846
2026-07-22 19:19:03,394 rank_002_alphafold2_ptm_model_2_seed_043 pLDDT=95.2 pTM=0.845
2026-07-22 19:19:03,395 rank_003_alphafold2_ptm_model_2_seed_042 pLDDT=95.2 pTM=0.845
2026-07-22 19:19:03,396 rank_004_alphafold2_ptm_model_3_seed_044 pLDDT=94.6 pTM=0.844
2026-07-22 19:19:03,398 rank_005_alphafold2_ptm_model_1_seed_042 pLDDT=94.6 pTM=0.833
2026-07-22 19:19:03,399 rank_006_alphafold2_ptm_model_3_seed_043 pLDDT=94.6 pTM=0.843
2026-07-22 19:19:03,400 rank_007_alphafold2_ptm_model_1_seed_043 pLDDT=94.6 pTM=0.83
2026-07-22 19:19:03,402 rank_008_alphafold2_ptm_model_3_seed_042 pLDDT=94.6 pTM=0.843
2026-07-22 19:19:03,403 rank_009_alphafold2_ptm_model_1_seed_044 pLDDT=94.5 pTM=0.829
2026-07-22 19:19:03,404 rank_010_alphafold2_ptm_model_4_seed_044 pLDDT=94.3 pTM=0.84
2026-07-22 19:19:03,406 rank_011_alphafold2_ptm_model_4_seed_043 pLDDT=94.2 pTM=0.839
2026-07-22 19:19:03,407 rank_012_alphafold2_ptm_model_4_seed_042 pLDDT=93.9 pTM=0.836
2026-07-22 19:19:03,408 rank_013_alphafold2_ptm_model_5_seed_043 pLDDT=92.3 pTM=0.806
2026-07-22 19:19:03,410 rank_014_alphafold2_ptm_model_5_seed_042 pLDDT=92.3 pTM=0.805
2026-07-22 19:19:03,411 rank_015_alphafold2_ptm_model_5_seed_044 pLDDT=92.2 pTM=0.804
2026-07-22 19:19:05,707 Query 25/426: 5KPE_2_2_6_0_combined_id3 (length 108)
2026-07-22 19:19:07,930 alphafold2_ptm_model_1_seed_042 recycle=0 pLDDT=86.5 pTM=0.734
2026-07-22 19:19:08,188 alphafold2_ptm_model_1_seed_042 recycle=1 pLDDT=89.9 pTM=0.776 tol=0.332
2026-07-22 19:19:08,447 alphafold2_ptm_model_1_seed_042 recycle=2 pLDDT=90.2 pTM=0.782 tol=0.0821
2026-07-22 19:19:08,705 alphafold2_ptm_model_1_seed_042 recycle=3 pLDDT=90.2 pTM=0.787 tol=0.0622
2026-07-22 19:19:08,706 alphafold2_ptm_model_1_seed_042 took 1.0s (3 recycles)
2026-07-22 19:19:08,993 alphafold2_ptm_model_2_seed_042 recycle=0 pLDDT=90.6 pTM=0.787
2026-07-22 19:19:09,255 alphafold2_ptm_model_2_seed_042 recycle=1 pLDDT=91.8 pTM=0.823 tol=0.343
2026-07-22 19:19:09,518 alphafold2_ptm_model_2_seed_042 recycle=2 pLDDT=91.8 pTM=0.827 tol=0.116
2026-07-22 19:19:09,782 alphafold2_ptm_model_2_seed_042 recycle=3 pLDDT=92 pTM=0.828 tol=0.0387
2026-07-22 19:19:09,782 alphafold2_ptm_model_2_seed_042 took 1.1s (3 recycles)
2026-07-22 19:19:10,068 alphafold2_ptm_model_3_seed_042 recycle=0 pLDDT=88.1 pTM=0.743
2026-07-22 19:19:10,328 alphafold2_ptm_model_3_seed_042 recycle=1 pLDDT=91.1 pTM=0.801 tol=0.233
2026-07-22 19:19:10,589 alphafold2_ptm_model_3_seed_042 recycle=2 pLDDT=91.5 pTM=0.813 tol=0.0994
2026-07-22 19:19:10,849 alphafold2_ptm_model_3_seed_042 recycle=3 pLDDT=91.7 pTM=0.815 tol=0.105
2026-07-22 19:19:10,849 alphafold2_ptm_model_3_seed_042 took 1.0s (3 recycles)
2026-07-22 19:19:11,127 alphafold2_ptm_model_4_seed_042 recycle=0 pLDDT=85.5 pTM=0.741
2026-07-22 19:19:11,385 alphafold2_ptm_model_4_seed_042 recycle=1 pLDDT=89.8 pTM=0.792 tol=0.501
2026-07-22 19:19:11,643 alphafold2_ptm_model_4_seed_042 recycle=2 pLDDT=90.4 pTM=0.801 tol=0.109
2026-07-22 19:19:11,901 alphafold2_ptm_model_4_seed_042 recycle=3 pLDDT=90.6 pTM=0.806 tol=0.0578
2026-07-22 19:19:11,902 alphafold2_ptm_model_4_seed_042 took 1.0s (3 recycles)
2026-07-22 19:19:12,188 alphafold2_ptm_model_5_seed_042 recycle=0 pLDDT=89 pTM=0.757
2026-07-22 19:19:12,446 alphafold2_ptm_model_5_seed_042 recycle=1 pLDDT=90.3 pTM=0.783 tol=0.23
2026-07-22 19:19:12,709 alphafold2_ptm_model_5_seed_042 recycle=2 pLDDT=90.6 pTM=0.779 tol=0.116
2026-07-22 19:19:12,967 alphafold2_ptm_model_5_seed_042 recycle=3 pLDDT=90.8 pTM=0.776 tol=0.0517
2026-07-22 19:19:12,967 alphafold2_ptm_model_5_seed_042 took 1.0s (3 recycles)
2026-07-22 19:19:13,947 alphafold2_ptm_model_1_seed_043 recycle=0 pLDDT=82.3 pTM=0.688
2026-07-22 19:19:14,203 alphafold2_ptm_model_1_seed_043 recycle=1 pLDDT=89.2 pTM=0.764 tol=0.66
2026-07-22 19:19:14,460 alphafold2_ptm_model_1_seed_043 recycle=2 pLDDT=90 pTM=0.776 tol=0.128
2026-07-22 19:19:14,718 alphafold2_ptm_model_1_seed_043 recycle=3 pLDDT=90.2 pTM=0.782 tol=0.0701
2026-07-22 19:19:14,718 alphafold2_ptm_model_1_seed_043 took 1.0s (3 recycles)
2026-07-22 19:19:15,000 alphafold2_ptm_model_2_seed_043 recycle=0 pLDDT=90.4 pTM=0.784
2026-07-22 19:19:15,258 alphafold2_ptm_model_2_seed_043 recycle=1 pLDDT=91 pTM=0.806 tol=0.302
2026-07-22 19:19:15,520 alphafold2_ptm_model_2_seed_043 recycle=2 pLDDT=91.6 pTM=0.809 tol=0.205
2026-07-22 19:19:15,778 alphafold2_ptm_model_2_seed_043 recycle=3 pLDDT=91.6 pTM=0.803 tol=0.0944
2026-07-22 19:19:15,778 alphafold2_ptm_model_2_seed_043 took 1.0s (3 recycles)
2026-07-22 19:19:16,064 alphafold2_ptm_model_3_seed_043 recycle=0 pLDDT=88.3 pTM=0.743
2026-07-22 19:19:16,325 alphafold2_ptm_model_3_seed_043 recycle=1 pLDDT=90.9 pTM=0.802 tol=0.243
2026-07-22 19:19:16,587 alphafold2_ptm_model_3_seed_043 recycle=2 pLDDT=91.6 pTM=0.815 tol=0.105
2026-07-22 19:19:16,849 alphafold2_ptm_model_3_seed_043 recycle=3 pLDDT=91.8 pTM=0.82 tol=0.0958
2026-07-22 19:19:16,849 alphafold2_ptm_model_3_seed_043 took 1.0s (3 recycles)
2026-07-22 19:19:17,133 alphafold2_ptm_model_4_seed_043 recycle=0 pLDDT=84.1 pTM=0.723
2026-07-22 19:19:17,390 alphafold2_ptm_model_4_seed_043 recycle=1 pLDDT=89.6 pTM=0.791 tol=0.486
2026-07-22 19:19:17,647 alphafold2_ptm_model_4_seed_043 recycle=2 pLDDT=90.4 pTM=0.799 tol=0.309
2026-07-22 19:19:17,904 alphafold2_ptm_model_4_seed_043 recycle=3 pLDDT=90.5 pTM=0.803 tol=0.0626
2026-07-22 19:19:17,904 alphafold2_ptm_model_4_seed_043 took 1.0s (3 recycles)
2026-07-22 19:19:18,193 alphafold2_ptm_model_5_seed_043 recycle=0 pLDDT=88.3 pTM=0.747
2026-07-22 19:19:18,452 alphafold2_ptm_model_5_seed_043 recycle=1 pLDDT=90.2 pTM=0.773 tol=0.247
2026-07-22 19:19:18,710 alphafold2_ptm_model_5_seed_043 recycle=2 pLDDT=90.7 pTM=0.772 tol=0.123
2026-07-22 19:19:18,969 alphafold2_ptm_model_5_seed_043 recycle=3 pLDDT=90.6 pTM=0.772 tol=0.0439
2026-07-22 19:19:18,970 alphafold2_ptm_model_5_seed_043 took 1.0s (3 recycles)
2026-07-22 19:19:20,085 alphafold2_ptm_model_1_seed_044 recycle=0 pLDDT=80.8 pTM=0.682
2026-07-22 19:19:20,343 alphafold2_ptm_model_1_seed_044 recycle=1 pLDDT=89.1 pTM=0.766 tol=0.699
2026-07-22 19:19:20,604 alphafold2_ptm_model_1_seed_044 recycle=2 pLDDT=90.1 pTM=0.779 tol=0.121
2026-07-22 19:19:20,862 alphafold2_ptm_model_1_seed_044 recycle=3 pLDDT=90.3 pTM=0.783 tol=0.0731
2026-07-22 19:19:20,862 alphafold2_ptm_model_1_seed_044 took 1.0s (3 recycles)
2026-07-22 19:19:21,151 alphafold2_ptm_model_2_seed_044 recycle=0 pLDDT=90.5 pTM=0.787
2026-07-22 19:19:21,412 alphafold2_ptm_model_2_seed_044 recycle=1 pLDDT=91 pTM=0.81 tol=0.332
2026-07-22 19:19:21,673 alphafold2_ptm_model_2_seed_044 recycle=2 pLDDT=91.3 pTM=0.814 tol=0.11
2026-07-22 19:19:21,935 alphafold2_ptm_model_2_seed_044 recycle=3 pLDDT=91.4 pTM=0.817 tol=0.124
2026-07-22 19:19:21,935 alphafold2_ptm_model_2_seed_044 took 1.0s (3 recycles)
2026-07-22 19:19:22,219 alphafold2_ptm_model_3_seed_044 recycle=0 pLDDT=88 pTM=0.74
2026-07-22 19:19:22,481 alphafold2_ptm_model_3_seed_044 recycle=1 pLDDT=91.1 pTM=0.801 tol=0.238
2026-07-22 19:19:22,746 alphafold2_ptm_model_3_seed_044 recycle=2 pLDDT=91.6 pTM=0.812 tol=0.0855
2026-07-22 19:19:23,010 alphafold2_ptm_model_3_seed_044 recycle=3 pLDDT=91.8 pTM=0.815 tol=0.084
2026-07-22 19:19:23,010 alphafold2_ptm_model_3_seed_044 took 1.0s (3 recycles)
2026-07-22 19:19:23,311 alphafold2_ptm_model_4_seed_044 recycle=0 pLDDT=86.5 pTM=0.746
2026-07-22 19:19:23,572 alphafold2_ptm_model_4_seed_044 recycle=1 pLDDT=89.8 pTM=0.792 tol=0.369
2026-07-22 19:19:23,833 alphafold2_ptm_model_4_seed_044 recycle=2 pLDDT=90.4 pTM=0.801 tol=0.0894
2026-07-22 19:19:24,094 alphafold2_ptm_model_4_seed_044 recycle=3 pLDDT=90.6 pTM=0.806 tol=0.0627
2026-07-22 19:19:24,094 alphafold2_ptm_model_4_seed_044 took 1.0s (3 recycles)
2026-07-22 19:19:24,378 alphafold2_ptm_model_5_seed_044 recycle=0 pLDDT=88.4 pTM=0.748
2026-07-22 19:19:24,636 alphafold2_ptm_model_5_seed_044 recycle=1 pLDDT=90.4 pTM=0.777 tol=0.265
2026-07-22 19:19:24,895 alphafold2_ptm_model_5_seed_044 recycle=2 pLDDT=90.8 pTM=0.773 tol=0.124
2026-07-22 19:19:25,154 alphafold2_ptm_model_5_seed_044 recycle=3 pLDDT=90.7 pTM=0.776 tol=0.0497
2026-07-22 19:19:25,154 alphafold2_ptm_model_5_seed_044 took 1.0s (3 recycles)
2026-07-22 19:19:25,177 reranking models by 'plddt' metric
2026-07-22 19:19:25,177 rank_001_alphafold2_ptm_model_2_seed_042 pLDDT=92 pTM=0.828
2026-07-22 19:19:25,179 rank_002_alphafold2_ptm_model_3_seed_044 pLDDT=91.8 pTM=0.815
2026-07-22 19:19:25,181 rank_003_alphafold2_ptm_model_3_seed_043 pLDDT=91.8 pTM=0.82
2026-07-22 19:19:25,182 rank_004_alphafold2_ptm_model_3_seed_042 pLDDT=91.7 pTM=0.815
2026-07-22 19:19:25,184 rank_005_alphafold2_ptm_model_2_seed_043 pLDDT=91.6 pTM=0.803
2026-07-22 19:19:25,185 rank_006_alphafold2_ptm_model_2_seed_044 pLDDT=91.4 pTM=0.817
2026-07-22 19:19:25,186 rank_007_alphafold2_ptm_model_5_seed_042 pLDDT=90.8 pTM=0.776
2026-07-22 19:19:25,188 rank_008_alphafold2_ptm_model_5_seed_044 pLDDT=90.7 pTM=0.776
2026-07-22 19:19:25,189 rank_009_alphafold2_ptm_model_4_seed_044 pLDDT=90.6 pTM=0.806
2026-07-22 19:19:25,191 rank_010_alphafold2_ptm_model_5_seed_043 pLDDT=90.6 pTM=0.772
2026-07-22 19:19:25,192 rank_011_alphafold2_ptm_model_4_seed_042 pLDDT=90.6 pTM=0.806
2026-07-22 19:19:25,193 rank_012_alphafold2_ptm_model_4_seed_043 pLDDT=90.5 pTM=0.803
2026-07-22 19:19:25,195 rank_013_alphafold2_ptm_model_1_seed_044 pLDDT=90.3 pTM=0.783
2026-07-22 19:19:25,196 rank_014_alphafold2_ptm_model_1_seed_043 pLDDT=90.2 pTM=0.782
2026-07-22 19:19:25,197 rank_015_alphafold2_ptm_model_1_seed_042 pLDDT=90.2 pTM=0.787
2026-07-22 19:19:27,471 Query 26/426: 5KPE_2_2_6_0_combined_id5 (length 108)
2026-07-22 19:19:29,289 alphafold2_ptm_model_1_seed_042 recycle=0 pLDDT=70.8 pTM=0.542
2026-07-22 19:19:29,541 alphafold2_ptm_model_1_seed_042 recycle=1 pLDDT=72.4 pTM=0.577 tol=0.788
2026-07-22 19:19:29,795 alphafold2_ptm_model_1_seed_042 recycle=2 pLDDT=88.2 pTM=0.697 tol=1.59
2026-07-22 19:19:30,049 alphafold2_ptm_model_1_seed_042 recycle=3 pLDDT=89.6 pTM=0.73 tol=0.249
2026-07-22 19:19:30,049 alphafold2_ptm_model_1_seed_042 took 1.0s (3 recycles)
2026-07-22 19:19:30,336 alphafold2_ptm_model_2_seed_042 recycle=0 pLDDT=57.8 pTM=0.457
2026-07-22 19:19:30,592 alphafold2_ptm_model_2_seed_042 recycle=1 pLDDT=89.1 pTM=0.742 tol=2.38
2026-07-22 19:19:30,848 alphafold2_ptm_model_2_seed_042 recycle=2 pLDDT=90.1 pTM=0.767 tol=0.285
2026-07-22 19:19:31,105 alphafold2_ptm_model_2_seed_042 recycle=3 pLDDT=90.2 pTM=0.768 tol=0.0711
2026-07-22 19:19:31,105 alphafold2_ptm_model_2_seed_042 took 1.0s (3 recycles)
2026-07-22 19:19:31,382 alphafold2_ptm_model_3_seed_042 recycle=0 pLDDT=61.1 pTM=0.431
2026-07-22 19:19:31,638 alphafold2_ptm_model_3_seed_042 recycle=1 pLDDT=86.6 pTM=0.69 tol=2.28
2026-07-22 19:19:31,894 alphafold2_ptm_model_3_seed_042 recycle=2 pLDDT=87.4 pTM=0.729 tol=0.218
2026-07-22 19:19:32,150 alphafold2_ptm_model_3_seed_042 recycle=3 pLDDT=87.9 pTM=0.742 tol=0.103
2026-07-22 19:19:32,150 alphafold2_ptm_model_3_seed_042 took 1.0s (3 recycles)
2026-07-22 19:19:32,434 alphafold2_ptm_model_4_seed_042 recycle=0 pLDDT=66.3 pTM=0.5
2026-07-22 19:19:32,688 alphafold2_ptm_model_4_seed_042 recycle=1 pLDDT=86.3 pTM=0.727 tol=2.25
2026-07-22 19:19:32,944 alphafold2_ptm_model_4_seed_042 recycle=2 pLDDT=89.2 pTM=0.759 tol=0.318
2026-07-22 19:19:33,199 alphafold2_ptm_model_4_seed_042 recycle=3 pLDDT=89.6 pTM=0.76 tol=0.0709
2026-07-22 19:19:33,200 alphafold2_ptm_model_4_seed_042 took 1.0s (3 recycles)
2026-07-22 19:19:33,474 alphafold2_ptm_model_5_seed_042 recycle=0 pLDDT=58.6 pTM=0.455
2026-07-22 19:19:33,728 alphafold2_ptm_model_5_seed_042 recycle=1 pLDDT=87.2 pTM=0.707 tol=1.99
2026-07-22 19:19:33,983 alphafold2_ptm_model_5_seed_042 recycle=2 pLDDT=87.9 pTM=0.71 tol=0.145
2026-07-22 19:19:34,238 alphafold2_ptm_model_5_seed_042 recycle=3 pLDDT=88.1 pTM=0.713 tol=0.0693
2026-07-22 19:19:34,238 alphafold2_ptm_model_5_seed_042 took 1.0s (3 recycles)
2026-07-22 19:19:35,236 alphafold2_ptm_model_1_seed_043 recycle=0 pLDDT=70.8 pTM=0.555
2026-07-22 19:19:35,488 alphafold2_ptm_model_1_seed_043 recycle=1 pLDDT=73.7 pTM=0.591 tol=0.72
2026-07-22 19:19:35,742 alphafold2_ptm_model_1_seed_043 recycle=2 pLDDT=87.6 pTM=0.697 tol=1.52
2026-07-22 19:19:35,997 alphafold2_ptm_model_1_seed_043 recycle=3 pLDDT=89.4 pTM=0.726 tol=0.271
2026-07-22 19:19:35,997 alphafold2_ptm_model_1_seed_043 took 1.0s (3 recycles)
2026-07-22 19:19:36,270 alphafold2_ptm_model_2_seed_043 recycle=0 pLDDT=54.8 pTM=0.414
2026-07-22 19:19:36,526 alphafold2_ptm_model_2_seed_043 recycle=1 pLDDT=89.9 pTM=0.75 tol=2.38
2026-07-22 19:19:36,783 alphafold2_ptm_model_2_seed_043 recycle=2 pLDDT=90.5 pTM=0.769 tol=0.323
2026-07-22 19:19:37,040 alphafold2_ptm_model_2_seed_043 recycle=3 pLDDT=90.6 pTM=0.771 tol=0.0792
2026-07-22 19:19:37,040 alphafold2_ptm_model_2_seed_043 took 1.0s (3 recycles)
2026-07-22 19:19:37,324 alphafold2_ptm_model_3_seed_043 recycle=0 pLDDT=57 pTM=0.397
2026-07-22 19:19:37,579 alphafold2_ptm_model_3_seed_043 recycle=1 pLDDT=86.9 pTM=0.708 tol=2.36
2026-07-22 19:19:37,835 alphafold2_ptm_model_3_seed_043 recycle=2 pLDDT=87.7 pTM=0.734 tol=0.177
2026-07-22 19:19:38,091 alphafold2_ptm_model_3_seed_043 recycle=3 pLDDT=88.1 pTM=0.744 tol=0.0888
2026-07-22 19:19:38,091 alphafold2_ptm_model_3_seed_043 took 1.0s (3 recycles)
2026-07-22 19:19:38,368 alphafold2_ptm_model_4_seed_043 recycle=0 pLDDT=58.6 pTM=0.409
2026-07-22 19:19:38,623 alphafold2_ptm_model_4_seed_043 recycle=1 pLDDT=88.1 pTM=0.746 tol=2.32
2026-07-22 19:19:38,880 alphafold2_ptm_model_4_seed_043 recycle=2 pLDDT=89.3 pTM=0.761 tol=0.236
2026-07-22 19:19:39,136 alphafold2_ptm_model_4_seed_043 recycle=3 pLDDT=89.8 pTM=0.765 tol=0.0656
2026-07-22 19:19:39,136 alphafold2_ptm_model_4_seed_043 took 1.0s (3 recycles)
2026-07-22 19:19:39,427 alphafold2_ptm_model_5_seed_043 recycle=0 pLDDT=53.8 pTM=0.396
2026-07-22 19:19:39,679 alphafold2_ptm_model_5_seed_043 recycle=1 pLDDT=79.6 pTM=0.616 tol=5.75
2026-07-22 19:19:39,934 alphafold2_ptm_model_5_seed_043 recycle=2 pLDDT=86.8 pTM=0.697 tol=0.762
2026-07-22 19:19:40,188 alphafold2_ptm_model_5_seed_043 recycle=3 pLDDT=87.4 pTM=0.701 tol=0.111
2026-07-22 19:19:40,188 alphafold2_ptm_model_5_seed_043 took 1.0s (3 recycles)
2026-07-22 19:19:41,137 alphafold2_ptm_model_1_seed_044 recycle=0 pLDDT=66.7 pTM=0.519
2026-07-22 19:19:41,389 alphafold2_ptm_model_1_seed_044 recycle=1 pLDDT=76.2 pTM=0.568 tol=1.89
2026-07-22 19:19:41,643 alphafold2_ptm_model_1_seed_044 recycle=2 pLDDT=88.6 pTM=0.706 tol=0.841
2026-07-22 19:19:41,899 alphafold2_ptm_model_1_seed_044 recycle=3 pLDDT=89.5 pTM=0.735 tol=0.12
2026-07-22 19:19:41,899 alphafold2_ptm_model_1_seed_044 took 1.0s (3 recycles)
2026-07-22 19:19:42,176 alphafold2_ptm_model_2_seed_044 recycle=0 pLDDT=54.1 pTM=0.403
2026-07-22 19:19:42,432 alphafold2_ptm_model_2_seed_044 recycle=1 pLDDT=88.4 pTM=0.717 tol=2.88
2026-07-22 19:19:42,690 alphafold2_ptm_model_2_seed_044 recycle=2 pLDDT=90.6 pTM=0.77 tol=0.424
2026-07-22 19:19:42,947 alphafold2_ptm_model_2_seed_044 recycle=3 pLDDT=90.6 pTM=0.771 tol=0.0706
2026-07-22 19:19:42,947 alphafold2_ptm_model_2_seed_044 took 1.0s (3 recycles)
2026-07-22 19:19:43,221 alphafold2_ptm_model_3_seed_044 recycle=0 pLDDT=55.7 pTM=0.394
2026-07-22 19:19:43,475 alphafold2_ptm_model_3_seed_044 recycle=1 pLDDT=87 pTM=0.698 tol=2.41
2026-07-22 19:19:43,730 alphafold2_ptm_model_3_seed_044 recycle=2 pLDDT=87.8 pTM=0.73 tol=0.223
2026-07-22 19:19:43,985 alphafold2_ptm_model_3_seed_044 recycle=3 pLDDT=88.1 pTM=0.743 tol=0.0992
2026-07-22 19:19:43,985 alphafold2_ptm_model_3_seed_044 took 1.0s (3 recycles)
2026-07-22 19:19:44,259 alphafold2_ptm_model_4_seed_044 recycle=0 pLDDT=61.9 pTM=0.464
2026-07-22 19:19:44,514 alphafold2_ptm_model_4_seed_044 recycle=1 pLDDT=87.8 pTM=0.744 tol=2.38
2026-07-22 19:19:44,770 alphafold2_ptm_model_4_seed_044 recycle=2 pLDDT=89.3 pTM=0.762 tol=0.268
2026-07-22 19:19:45,025 alphafold2_ptm_model_4_seed_044 recycle=3 pLDDT=89.8 pTM=0.761 tol=0.0756
2026-07-22 19:19:45,026 alphafold2_ptm_model_4_seed_044 took 1.0s (3 recycles)
2026-07-22 19:19:45,300 alphafold2_ptm_model_5_seed_044 recycle=0 pLDDT=54.4 pTM=0.4
2026-07-22 19:19:45,553 alphafold2_ptm_model_5_seed_044 recycle=1 pLDDT=80.2 pTM=0.622 tol=5.42
2026-07-22 19:19:45,808 alphafold2_ptm_model_5_seed_044 recycle=2 pLDDT=86.6 pTM=0.695 tol=0.719
2026-07-22 19:19:46,062 alphafold2_ptm_model_5_seed_044 recycle=3 pLDDT=87.4 pTM=0.702 tol=0.104
2026-07-22 19:19:46,062 alphafold2_ptm_model_5_seed_044 took 1.0s (3 recycles)
2026-07-22 19:19:46,084 reranking models by 'plddt' metric
2026-07-22 19:19:46,085 rank_001_alphafold2_ptm_model_2_seed_044 pLDDT=90.6 pTM=0.771
2026-07-22 19:19:46,086 rank_002_alphafold2_ptm_model_2_seed_043 pLDDT=90.6 pTM=0.771
2026-07-22 19:19:46,087 rank_003_alphafold2_ptm_model_2_seed_042 pLDDT=90.2 pTM=0.768
2026-07-22 19:19:46,088 rank_004_alphafold2_ptm_model_4_seed_043 pLDDT=89.8 pTM=0.765
2026-07-22 19:19:46,089 rank_005_alphafold2_ptm_model_4_seed_044 pLDDT=89.8 pTM=0.761
2026-07-22 19:19:46,091 rank_006_alphafold2_ptm_model_4_seed_042 pLDDT=89.6 pTM=0.76
2026-07-22 19:19:46,092 rank_007_alphafold2_ptm_model_1_seed_042 pLDDT=89.6 pTM=0.73
2026-07-22 19:19:46,093 rank_008_alphafold2_ptm_model_1_seed_044 pLDDT=89.5 pTM=0.735
2026-07-22 19:19:46,094 rank_009_alphafold2_ptm_model_1_seed_043 pLDDT=89.4 pTM=0.726
2026-07-22 19:19:46,095 rank_010_alphafold2_ptm_model_3_seed_044 pLDDT=88.1 pTM=0.743
2026-07-22 19:19:46,096 rank_011_alphafold2_ptm_model_3_seed_043 pLDDT=88.1 pTM=0.744
2026-07-22 19:19:46,097 rank_012_alphafold2_ptm_model_5_seed_042 pLDDT=88.1 pTM=0.713
2026-07-22 19:19:46,098 rank_013_alphafold2_ptm_model_3_seed_042 pLDDT=87.9 pTM=0.742
2026-07-22 19:19:46,100 rank_014_alphafold2_ptm_model_5_seed_043 pLDDT=87.4 pTM=0.701
2026-07-22 19:19:46,101 rank_015_alphafold2_ptm_model_5_seed_044 pLDDT=87.4 pTM=0.702
2026-07-22 19:19:48,135 Query 27/426: 5KPE_2_2_6_0_combined_id7 (length 108)
2026-07-22 19:19:50,179 alphafold2_ptm_model_1_seed_042 recycle=0 pLDDT=63.7 pTM=0.528
2026-07-22 19:19:50,431 alphafold2_ptm_model_1_seed_042 recycle=1 pLDDT=66 pTM=0.538 tol=3.83
2026-07-22 19:19:50,684 alphafold2_ptm_model_1_seed_042 recycle=2 pLDDT=70.3 pTM=0.611 tol=6.11
2026-07-22 19:19:50,939 alphafold2_ptm_model_1_seed_042 recycle=3 pLDDT=88.1 pTM=0.734 tol=1.65
2026-07-22 19:19:50,939 alphafold2_ptm_model_1_seed_042 took 1.0s (3 recycles)
2026-07-22 19:19:51,214 alphafold2_ptm_model_2_seed_042 recycle=0 pLDDT=67.7 pTM=0.55
2026-07-22 19:19:51,467 alphafold2_ptm_model_2_seed_042 recycle=1 pLDDT=63.4 pTM=0.545 tol=3.13
2026-07-22 19:19:51,722 alphafold2_ptm_model_2_seed_042 recycle=2 pLDDT=85.9 pTM=0.735 tol=6.57
2026-07-22 19:19:51,983 alphafold2_ptm_model_2_seed_042 recycle=3 pLDDT=93.8 pTM=0.831 tol=0.786
2026-07-22 19:19:51,984 alphafold2_ptm_model_2_seed_042 took 1.0s (3 recycles)
2026-07-22 19:19:52,258 alphafold2_ptm_model_3_seed_042 recycle=0 pLDDT=69.2 pTM=0.485
2026-07-22 19:19:52,511 alphafold2_ptm_model_3_seed_042 recycle=1 pLDDT=65 pTM=0.507 tol=5.6
2026-07-22 19:19:52,766 alphafold2_ptm_model_3_seed_042 recycle=2 pLDDT=87.2 pTM=0.725 tol=3.91
2026-07-22 19:19:53,027 alphafold2_ptm_model_3_seed_042 recycle=3 pLDDT=92.6 pTM=0.816 tol=0.344
2026-07-22 19:19:53,027 alphafold2_ptm_model_3_seed_042 took 1.0s (3 recycles)
2026-07-22 19:19:53,306 alphafold2_ptm_model_4_seed_042 recycle=0 pLDDT=68.1 pTM=0.548
2026-07-22 19:19:53,559 alphafold2_ptm_model_4_seed_042 recycle=1 pLDDT=67.8 pTM=0.562 tol=0.371
2026-07-22 19:19:53,813 alphafold2_ptm_model_4_seed_042 recycle=2 pLDDT=69.9 pTM=0.584 tol=0.634
2026-07-22 19:19:54,067 alphafold2_ptm_model_4_seed_042 recycle=3 pLDDT=70.3 pTM=0.585 tol=0.101
2026-07-22 19:19:54,067 alphafold2_ptm_model_4_seed_042 took 1.0s (3 recycles)
2026-07-22 19:19:54,346 alphafold2_ptm_model_5_seed_042 recycle=0 pLDDT=65.5 pTM=0.477
2026-07-22 19:19:54,599 alphafold2_ptm_model_5_seed_042 recycle=1 pLDDT=68 pTM=0.503 tol=0.771
2026-07-22 19:19:54,853 alphafold2_ptm_model_5_seed_042 recycle=2 pLDDT=69.8 pTM=0.539 tol=1.24
2026-07-22 19:19:55,106 alphafold2_ptm_model_5_seed_042 recycle=3 pLDDT=70.4 pTM=0.531 tol=0.15
2026-07-22 19:19:55,106 alphafold2_ptm_model_5_seed_042 took 1.0s (3 recycles)
2026-07-22 19:19:56,123 alphafold2_ptm_model_1_seed_043 recycle=0 pLDDT=63.7 pTM=0.526
2026-07-22 19:19:56,376 alphafold2_ptm_model_1_seed_043 recycle=1 pLDDT=65.9 pTM=0.539 tol=3.96
2026-07-22 19:19:56,630 alphafold2_ptm_model_1_seed_043 recycle=2 pLDDT=70.6 pTM=0.616 tol=5.9
2026-07-22 19:19:56,885 alphafold2_ptm_model_1_seed_043 recycle=3 pLDDT=86 pTM=0.713 tol=1.68
2026-07-22 19:19:56,885 alphafold2_ptm_model_1_seed_043 took 1.0s (3 recycles)
2026-07-22 19:19:57,168 alphafold2_ptm_model_2_seed_043 recycle=0 pLDDT=67.7 pTM=0.542
2026-07-22 19:19:57,421 alphafold2_ptm_model_2_seed_043 recycle=1 pLDDT=62 pTM=0.541 tol=2.97
2026-07-22 19:19:57,676 alphafold2_ptm_model_2_seed_043 recycle=2 pLDDT=65.8 pTM=0.565 tol=6.21
2026-07-22 19:19:57,935 alphafold2_ptm_model_2_seed_043 recycle=3 pLDDT=91.6 pTM=0.787 tol=1.83
2026-07-22 19:19:57,935 alphafold2_ptm_model_2_seed_043 took 1.0s (3 recycles)
2026-07-22 19:19:58,213 alphafold2_ptm_model_3_seed_043 recycle=0 pLDDT=68.8 pTM=0.482
2026-07-22 19:19:58,465 alphafold2_ptm_model_3_seed_043 recycle=1 pLDDT=64.4 pTM=0.5 tol=5.43
2026-07-22 19:19:58,721 alphafold2_ptm_model_3_seed_043 recycle=2 pLDDT=86 pTM=0.714 tol=4.24
2026-07-22 19:19:58,980 alphafold2_ptm_model_3_seed_043 recycle=3 pLDDT=92.4 pTM=0.813 tol=0.428
2026-07-22 19:19:58,981 alphafold2_ptm_model_3_seed_043 took 1.0s (3 recycles)
2026-07-22 19:19:59,257 alphafold2_ptm_model_4_seed_043 recycle=0 pLDDT=68.4 pTM=0.548
2026-07-22 19:19:59,509 alphafold2_ptm_model_4_seed_043 recycle=1 pLDDT=67.9 pTM=0.562 tol=0.391
2026-07-22 19:19:59,762 alphafold2_ptm_model_4_seed_043 recycle=2 pLDDT=69.6 pTM=0.581 tol=0.622
2026-07-22 19:20:00,014 alphafold2_ptm_model_4_seed_043 recycle=3 pLDDT=69.8 pTM=0.58 tol=0.136
2026-07-22 19:20:00,014 alphafold2_ptm_model_4_seed_043 took 1.0s (3 recycles)
2026-07-22 19:20:00,303 alphafold2_ptm_model_5_seed_043 recycle=0 pLDDT=65 pTM=0.48
2026-07-22 19:20:00,555 alphafold2_ptm_model_5_seed_043 recycle=1 pLDDT=66.4 pTM=0.494 tol=0.79
2026-07-22 19:20:00,807 alphafold2_ptm_model_5_seed_043 recycle=2 pLDDT=68.1 pTM=0.526 tol=1.78
2026-07-22 19:20:01,059 alphafold2_ptm_model_5_seed_043 recycle=3 pLDDT=69.3 pTM=0.518 tol=0.255
2026-07-22 19:20:01,060 alphafold2_ptm_model_5_seed_043 took 1.0s (3 recycles)
2026-07-22 19:20:02,012 alphafold2_ptm_model_1_seed_044 recycle=0 pLDDT=62.4 pTM=0.523
2026-07-22 19:20:02,264 alphafold2_ptm_model_1_seed_044 recycle=1 pLDDT=66.1 pTM=0.548 tol=5.73
2026-07-22 19:20:02,520 alphafold2_ptm_model_1_seed_044 recycle=2 pLDDT=90.3 pTM=0.762 tol=2.23
2026-07-22 19:20:02,778 alphafold2_ptm_model_1_seed_044 recycle=3 pLDDT=92 pTM=0.796 tol=0.205
2026-07-22 19:20:02,778 alphafold2_ptm_model_1_seed_044 took 1.0s (3 recycles)
2026-07-22 19:20:03,073 alphafold2_ptm_model_2_seed_044 recycle=0 pLDDT=65.8 pTM=0.534
2026-07-22 19:20:03,327 alphafold2_ptm_model_2_seed_044 recycle=1 pLDDT=65.1 pTM=0.55 tol=3.31
2026-07-22 19:20:03,586 alphafold2_ptm_model_2_seed_044 recycle=2 pLDDT=88.8 pTM=0.755 tol=6.46
2026-07-22 19:20:03,847 alphafold2_ptm_model_2_seed_044 recycle=3 pLDDT=93.3 pTM=0.824 tol=0.382
2026-07-22 19:20:03,847 alphafold2_ptm_model_2_seed_044 took 1.0s (3 recycles)
2026-07-22 19:20:04,125 alphafold2_ptm_model_3_seed_044 recycle=0 pLDDT=68.4 pTM=0.476
2026-07-22 19:20:04,379 alphafold2_ptm_model_3_seed_044 recycle=1 pLDDT=62.6 pTM=0.497 tol=4.54
2026-07-22 19:20:04,634 alphafold2_ptm_model_3_seed_044 recycle=2 pLDDT=78.4 pTM=0.649 tol=5.32
2026-07-22 19:20:04,891 alphafold2_ptm_model_3_seed_044 recycle=3 pLDDT=87.6 pTM=0.741 tol=1.39
2026-07-22 19:20:04,891 alphafold2_ptm_model_3_seed_044 took 1.0s (3 recycles)
2026-07-22 19:20:05,170 alphafold2_ptm_model_4_seed_044 recycle=0 pLDDT=66.2 pTM=0.532
2026-07-22 19:20:05,424 alphafold2_ptm_model_4_seed_044 recycle=1 pLDDT=66.9 pTM=0.55 tol=0.319
2026-07-22 19:20:05,677 alphafold2_ptm_model_4_seed_044 recycle=2 pLDDT=68.6 pTM=0.572 tol=0.498
2026-07-22 19:20:05,929 alphafold2_ptm_model_4_seed_044 recycle=3 pLDDT=69.5 pTM=0.578 tol=0.149
2026-07-22 19:20:05,930 alphafold2_ptm_model_4_seed_044 took 1.0s (3 recycles)
2026-07-22 19:20:06,209 alphafold2_ptm_model_5_seed_044 recycle=0 pLDDT=64.4 pTM=0.469
2026-07-22 19:20:06,462 alphafold2_ptm_model_5_seed_044 recycle=1 pLDDT=67.5 pTM=0.5 tol=0.792
2026-07-22 19:20:06,715 alphafold2_ptm_model_5_seed_044 recycle=2 pLDDT=69.7 pTM=0.542 tol=1.48
2026-07-22 19:20:06,967 alphafold2_ptm_model_5_seed_044 recycle=3 pLDDT=70.3 pTM=0.532 tol=0.176
2026-07-22 19:20:06,968 alphafold2_ptm_model_5_seed_044 took 1.0s (3 recycles)
2026-07-22 19:20:06,994 reranking models by 'plddt' metric
2026-07-22 19:20:06,994 rank_001_alphafold2_ptm_model_2_seed_042 pLDDT=93.8 pTM=0.831
2026-07-22 19:20:06,996 rank_002_alphafold2_ptm_model_2_seed_044 pLDDT=93.3 pTM=0.824
2026-07-22 19:20:06,997 rank_003_alphafold2_ptm_model_3_seed_042 pLDDT=92.6 pTM=0.816
2026-07-22 19:20:06,998 rank_004_alphafold2_ptm_model_3_seed_043 pLDDT=92.4 pTM=0.813
2026-07-22 19:20:06,999 rank_005_alphafold2_ptm_model_1_seed_044 pLDDT=92 pTM=0.796
2026-07-22 19:20:07,001 rank_006_alphafold2_ptm_model_2_seed_043 pLDDT=91.6 pTM=0.787
2026-07-22 19:20:07,002 rank_007_alphafold2_ptm_model_1_seed_042 pLDDT=88.1 pTM=0.734
2026-07-22 19:20:07,004 rank_008_alphafold2_ptm_model_3_seed_044 pLDDT=87.6 pTM=0.741
2026-07-22 19:20:07,005 rank_009_alphafold2_ptm_model_1_seed_043 pLDDT=86 pTM=0.713
2026-07-22 19:20:07,007 rank_010_alphafold2_ptm_model_5_seed_042 pLDDT=70.4 pTM=0.531
2026-07-22 19:20:07,008 rank_011_alphafold2_ptm_model_5_seed_044 pLDDT=70.3 pTM=0.532
2026-07-22 19:20:07,010 rank_012_alphafold2_ptm_model_4_seed_042 pLDDT=70.3 pTM=0.585
2026-07-22 19:20:07,012 rank_013_alphafold2_ptm_model_4_seed_043 pLDDT=69.8 pTM=0.58
2026-07-22 19:20:07,013 rank_014_alphafold2_ptm_model_4_seed_044 pLDDT=69.5 pTM=0.578
2026-07-22 19:20:07,015 rank_015_alphafold2_ptm_model_5_seed_043 pLDDT=69.3 pTM=0.518
2026-07-22 19:20:09,269 Skipping 5KPE_2_2_6_0_combined_id3 (already done)
2026-07-22 19:20:09,269 Query 29/426: 5KPE_2_2_6_0_combined_id9 (length 108)
2026-07-22 19:20:11,060 alphafold2_ptm_model_1_seed_042 recycle=0 pLDDT=66.4 pTM=0.549
2026-07-22 19:20:11,317 alphafold2_ptm_model_1_seed_042 recycle=1 pLDDT=91.9 pTM=0.786 tol=3.55
2026-07-22 19:20:11,578 alphafold2_ptm_model_1_seed_042 recycle=2 pLDDT=93.7 pTM=0.818 tol=0.171
2026-07-22 19:20:11,840 alphafold2_ptm_model_1_seed_042 recycle=3 pLDDT=93.8 pTM=0.816 tol=0.0438
2026-07-22 19:20:11,840 alphafold2_ptm_model_1_seed_042 took 1.0s (3 recycles)
2026-07-22 19:20:12,121 alphafold2_ptm_model_2_seed_042 recycle=0 pLDDT=68.1 pTM=0.58
2026-07-22 19:20:12,382 alphafold2_ptm_model_2_seed_042 recycle=1 pLDDT=91.5 pTM=0.795 tol=4.56
2026-07-22 19:20:12,645 alphafold2_ptm_model_2_seed_042 recycle=2 pLDDT=93.6 pTM=0.829 tol=0.154
2026-07-22 19:20:12,909 alphafold2_ptm_model_2_seed_042 recycle=3 pLDDT=93.6 pTM=0.828 tol=0.0354
2026-07-22 19:20:12,910 alphafold2_ptm_model_2_seed_042 took 1.0s (3 recycles)
2026-07-22 19:20:13,190 alphafold2_ptm_model_3_seed_042 recycle=0 pLDDT=64.8 pTM=0.501
2026-07-22 19:20:13,449 alphafold2_ptm_model_3_seed_042 recycle=1 pLDDT=92 pTM=0.798 tol=1.81
2026-07-22 19:20:13,713 alphafold2_ptm_model_3_seed_042 recycle=2 pLDDT=93.7 pTM=0.824 tol=0.126
2026-07-22 19:20:13,978 alphafold2_ptm_model_3_seed_042 recycle=3 pLDDT=94.4 pTM=0.832 tol=0.0406
2026-07-22 19:20:13,979 alphafold2_ptm_model_3_seed_042 took 1.0s (3 recycles)
2026-07-22 19:20:14,258 alphafold2_ptm_model_4_seed_042 recycle=0 pLDDT=65.1 pTM=0.545
2026-07-22 19:20:14,513 alphafold2_ptm_model_4_seed_042 recycle=1 pLDDT=81.9 pTM=0.694 tol=4.06
2026-07-22 19:20:14,773 alphafold2_ptm_model_4_seed_042 recycle=2 pLDDT=91.9 pTM=0.811 tol=0.394
2026-07-22 19:20:15,036 alphafold2_ptm_model_4_seed_042 recycle=3 pLDDT=93.3 pTM=0.828 tol=0.0626
2026-07-22 19:20:15,036 alphafold2_ptm_model_4_seed_042 took 1.0s (3 recycles)
2026-07-22 19:20:15,316 alphafold2_ptm_model_5_seed_042 recycle=0 pLDDT=57.8 pTM=0.48
2026-07-22 19:20:15,575 alphafold2_ptm_model_5_seed_042 recycle=1 pLDDT=90.6 pTM=0.763 tol=3.78
2026-07-22 19:20:15,835 alphafold2_ptm_model_5_seed_042 recycle=2 pLDDT=92.6 pTM=0.796 tol=0.151
2026-07-22 19:20:16,096 alphafold2_ptm_model_5_seed_042 recycle=3 pLDDT=93.2 pTM=0.809 tol=0.0414
2026-07-22 19:20:16,096 alphafold2_ptm_model_5_seed_042 took 1.0s (3 recycles)
2026-07-22 19:20:17,100 alphafold2_ptm_model_1_seed_043 recycle=0 pLDDT=65.9 pTM=0.55
2026-07-22 19:20:17,357 alphafold2_ptm_model_1_seed_043 recycle=1 pLDDT=92 pTM=0.787 tol=3.72
2026-07-22 19:20:17,620 alphafold2_ptm_model_1_seed_043 recycle=2 pLDDT=93.7 pTM=0.817 tol=0.174
2026-07-22 19:20:17,882 alphafold2_ptm_model_1_seed_043 recycle=3 pLDDT=93.9 pTM=0.819 tol=0.0412
2026-07-22 19:20:17,882 alphafold2_ptm_model_1_seed_043 took 1.0s (3 recycles)
2026-07-22 19:20:18,161 alphafold2_ptm_model_2_seed_043 recycle=0 pLDDT=68.4 pTM=0.588
2026-07-22 19:20:18,420 alphafold2_ptm_model_2_seed_043 recycle=1 pLDDT=91.1 pTM=0.788 tol=4.52
2026-07-22 19:20:18,684 alphafold2_ptm_model_2_seed_043 recycle=2 pLDDT=93.6 pTM=0.829 tol=0.16
2026-07-22 19:20:18,948 alphafold2_ptm_model_2_seed_043 recycle=3 pLDDT=93.8 pTM=0.831 tol=0.0336
2026-07-22 19:20:18,948 alphafold2_ptm_model_2_seed_043 took 1.0s (3 recycles)
2026-07-22 19:20:19,226 alphafold2_ptm_model_3_seed_043 recycle=0 pLDDT=65.7 pTM=0.505
2026-07-22 19:20:19,485 alphafold2_ptm_model_3_seed_043 recycle=1 pLDDT=92.2 pTM=0.799 tol=1.83
2026-07-22 19:20:19,746 alphafold2_ptm_model_3_seed_043 recycle=2 pLDDT=93.8 pTM=0.826 tol=0.126
2026-07-22 19:20:20,009 alphafold2_ptm_model_3_seed_043 recycle=3 pLDDT=94.4 pTM=0.833 tol=0.043
2026-07-22 19:20:20,009 alphafold2_ptm_model_3_seed_043 took 1.0s (3 recycles)
2026-07-22 19:20:20,302 alphafold2_ptm_model_4_seed_043 recycle=0 pLDDT=62.8 pTM=0.528
2026-07-22 19:20:20,558 alphafold2_ptm_model_4_seed_043 recycle=1 pLDDT=83.8 pTM=0.71 tol=3.86
2026-07-22 19:20:20,817 alphafold2_ptm_model_4_seed_043 recycle=2 pLDDT=92.1 pTM=0.812 tol=0.36
2026-07-22 19:20:21,080 alphafold2_ptm_model_4_seed_043 recycle=3 pLDDT=93.4 pTM=0.828 tol=0.0611
2026-07-22 19:20:21,080 alphafold2_ptm_model_4_seed_043 took 1.0s (3 recycles)
2026-07-22 19:20:21,358 alphafold2_ptm_model_5_seed_043 recycle=0 pLDDT=60 pTM=0.483
2026-07-22 19:20:21,614 alphafold2_ptm_model_5_seed_043 recycle=1 pLDDT=90.8 pTM=0.765 tol=3.63
2026-07-22 19:20:21,872 alphafold2_ptm_model_5_seed_043 recycle=2 pLDDT=92.8 pTM=0.799 tol=0.169
2026-07-22 19:20:22,130 alphafold2_ptm_model_5_seed_043 recycle=3 pLDDT=93.3 pTM=0.81 tol=0.0433
2026-07-22 19:20:22,131 alphafold2_ptm_model_5_seed_043 took 1.0s (3 recycles)
2026-07-22 19:20:23,233 alphafold2_ptm_model_1_seed_044 recycle=0 pLDDT=65.4 pTM=0.536
2026-07-22 19:20:23,490 alphafold2_ptm_model_1_seed_044 recycle=1 pLDDT=91.8 pTM=0.787 tol=3.14
2026-07-22 19:20:23,751 alphafold2_ptm_model_1_seed_044 recycle=2 pLDDT=93.6 pTM=0.817 tol=0.172
2026-07-22 19:20:24,012 alphafold2_ptm_model_1_seed_044 recycle=3 pLDDT=93.8 pTM=0.818 tol=0.035
2026-07-22 19:20:24,012 alphafold2_ptm_model_1_seed_044 took 1.0s (3 recycles)
2026-07-22 19:20:24,302 alphafold2_ptm_model_2_seed_044 recycle=0 pLDDT=67.3 pTM=0.576
2026-07-22 19:20:24,560 alphafold2_ptm_model_2_seed_044 recycle=1 pLDDT=91.3 pTM=0.794 tol=4.52
2026-07-22 19:20:24,822 alphafold2_ptm_model_2_seed_044 recycle=2 pLDDT=93.8 pTM=0.829 tol=0.153
2026-07-22 19:20:25,084 alphafold2_ptm_model_2_seed_044 recycle=3 pLDDT=93.7 pTM=0.829 tol=0.0342
2026-07-22 19:20:25,084 alphafold2_ptm_model_2_seed_044 took 1.0s (3 recycles)
2026-07-22 19:20:25,361 alphafold2_ptm_model_3_seed_044 recycle=0 pLDDT=66.1 pTM=0.514
2026-07-22 19:20:25,619 alphafold2_ptm_model_3_seed_044 recycle=1 pLDDT=92.1 pTM=0.8 tol=2.02
2026-07-22 19:20:25,880 alphafold2_ptm_model_3_seed_044 recycle=2 pLDDT=93.9 pTM=0.826 tol=0.144
2026-07-22 19:20:26,142 alphafold2_ptm_model_3_seed_044 recycle=3 pLDDT=94.4 pTM=0.833 tol=0.041
2026-07-22 19:20:26,142 alphafold2_ptm_model_3_seed_044 took 1.0s (3 recycles)
2026-07-22 19:20:26,418 alphafold2_ptm_model_4_seed_044 recycle=0 pLDDT=62.8 pTM=0.53
2026-07-22 19:20:26,673 alphafold2_ptm_model_4_seed_044 recycle=1 pLDDT=82.2 pTM=0.696 tol=3.86
2026-07-22 19:20:26,933 alphafold2_ptm_model_4_seed_044 recycle=2 pLDDT=92.1 pTM=0.811 tol=0.483
2026-07-22 19:20:27,193 alphafold2_ptm_model_4_seed_044 recycle=3 pLDDT=93.4 pTM=0.828 tol=0.0601
2026-07-22 19:20:27,194 alphafold2_ptm_model_4_seed_044 took 1.0s (3 recycles)
2026-07-22 19:20:27,468 alphafold2_ptm_model_5_seed_044 recycle=0 pLDDT=60.1 pTM=0.484
2026-07-22 19:20:27,725 alphafold2_ptm_model_5_seed_044 recycle=1 pLDDT=91.2 pTM=0.773 tol=3.59
2026-07-22 19:20:27,983 alphafold2_ptm_model_5_seed_044 recycle=2 pLDDT=92.8 pTM=0.801 tol=0.149
2026-07-22 19:20:28,244 alphafold2_ptm_model_5_seed_044 recycle=3 pLDDT=93.2 pTM=0.811 tol=0.0382
2026-07-22 19:20:28,244 alphafold2_ptm_model_5_seed_044 took 1.0s (3 recycles)
2026-07-22 19:20:28,274 reranking models by 'plddt' metric
2026-07-22 19:20:28,275 rank_001_alphafold2_ptm_model_3_seed_043 pLDDT=94.4 pTM=0.833
2026-07-22 19:20:28,276 rank_002_alphafold2_ptm_model_3_seed_044 pLDDT=94.4 pTM=0.833
2026-07-22 19:20:28,277 rank_003_alphafold2_ptm_model_3_seed_042 pLDDT=94.4 pTM=0.832
2026-07-22 19:20:28,279 rank_004_alphafold2_ptm_model_1_seed_043 pLDDT=93.9 pTM=0.819
2026-07-22 19:20:28,280 rank_005_alphafold2_ptm_model_1_seed_044 pLDDT=93.8 pTM=0.818
2026-07-22 19:20:28,281 rank_006_alphafold2_ptm_model_2_seed_043 pLDDT=93.8 pTM=0.831
2026-07-22 19:20:28,282 rank_007_alphafold2_ptm_model_1_seed_042 pLDDT=93.8 pTM=0.816
2026-07-22 19:20:28,283 rank_008_alphafold2_ptm_model_2_seed_044 pLDDT=93.7 pTM=0.829
2026-07-22 19:20:28,285 rank_009_alphafold2_ptm_model_2_seed_042 pLDDT=93.6 pTM=0.828
2026-07-22 19:20:28,286 rank_010_alphafold2_ptm_model_4_seed_044 pLDDT=93.4 pTM=0.828
2026-07-22 19:20:28,287 rank_011_alphafold2_ptm_model_4_seed_043 pLDDT=93.4 pTM=0.828
2026-07-22 19:20:28,288 rank_012_alphafold2_ptm_model_5_seed_043 pLDDT=93.3 pTM=0.81
2026-07-22 19:20:28,289 rank_013_alphafold2_ptm_model_4_seed_042 pLDDT=93.3 pTM=0.828
2026-07-22 19:20:28,290 rank_014_alphafold2_ptm_model_5_seed_044 pLDDT=93.2 pTM=0.811
2026-07-22 19:20:28,292 rank_015_alphafold2_ptm_model_5_seed_042 pLDDT=93.2 pTM=0.809
2026-07-22 19:20:30,812 Query 30/426: 5KPE_2_2_6_0_combined_id4 (length 108)
2026-07-22 19:20:32,607 alphafold2_ptm_model_1_seed_042 recycle=0 pLDDT=82.8 pTM=0.64
2026-07-22 19:20:32,862 alphafold2_ptm_model_1_seed_042 recycle=1 pLDDT=89.1 pTM=0.73 tol=0.383
2026-07-22 19:20:33,117 alphafold2_ptm_model_1_seed_042 recycle=2 pLDDT=88.8 pTM=0.723 tol=0.151
2026-07-22 19:20:33,372 alphafold2_ptm_model_1_seed_042 recycle=3 pLDDT=88.8 pTM=0.721 tol=0.0874
2026-07-22 19:20:33,372 alphafold2_ptm_model_1_seed_042 took 1.0s (3 recycles)
2026-07-22 19:20:33,647 alphafold2_ptm_model_2_seed_042 recycle=0 pLDDT=79.9 pTM=0.64
2026-07-22 19:20:33,901 alphafold2_ptm_model_2_seed_042 recycle=1 pLDDT=87.2 pTM=0.715 tol=0.416
2026-07-22 19:20:34,156 alphafold2_ptm_model_2_seed_042 recycle=2 pLDDT=88.6 pTM=0.735 tol=0.177
2026-07-22 19:20:34,411 alphafold2_ptm_model_2_seed_042 recycle=3 pLDDT=88.6 pTM=0.733 tol=0.082
2026-07-22 19:20:34,412 alphafold2_ptm_model_2_seed_042 took 1.0s (3 recycles)
2026-07-22 19:20:34,686 alphafold2_ptm_model_3_seed_042 recycle=0 pLDDT=77.4 pTM=0.583
2026-07-22 19:20:34,940 alphafold2_ptm_model_3_seed_042 recycle=1 pLDDT=88.6 pTM=0.711 tol=0.473
2026-07-22 19:20:35,196 alphafold2_ptm_model_3_seed_042 recycle=2 pLDDT=89.5 pTM=0.733 tol=0.106
2026-07-22 19:20:35,451 alphafold2_ptm_model_3_seed_042 recycle=3 pLDDT=89.7 pTM=0.733 tol=0.0551
2026-07-22 19:20:35,452 alphafold2_ptm_model_3_seed_042 took 1.0s (3 recycles)
2026-07-22 19:20:35,726 alphafold2_ptm_model_4_seed_042 recycle=0 pLDDT=74.1 pTM=0.574
2026-07-22 19:20:35,980 alphafold2_ptm_model_4_seed_042 recycle=1 pLDDT=87.6 pTM=0.705 tol=0.714
2026-07-22 19:20:36,235 alphafold2_ptm_model_4_seed_042 recycle=2 pLDDT=87.8 pTM=0.714 tol=0.109
2026-07-22 19:20:36,489 alphafold2_ptm_model_4_seed_042 recycle=3 pLDDT=87.7 pTM=0.712 tol=0.0486
2026-07-22 19:20:36,490 alphafold2_ptm_model_4_seed_042 took 1.0s (3 recycles)
2026-07-22 19:20:36,765 alphafold2_ptm_model_5_seed_042 recycle=0 pLDDT=80 pTM=0.635
2026-07-22 19:20:37,019 alphafold2_ptm_model_5_seed_042 recycle=1 pLDDT=85.9 pTM=0.687 tol=0.66
2026-07-22 19:20:37,273 alphafold2_ptm_model_5_seed_042 recycle=2 pLDDT=86.1 pTM=0.68 tol=0.15
2026-07-22 19:20:37,527 alphafold2_ptm_model_5_seed_042 recycle=3 pLDDT=86.4 pTM=0.682 tol=0.0721
2026-07-22 19:20:37,527 alphafold2_ptm_model_5_seed_042 took 1.0s (3 recycles)
2026-07-22 19:20:38,514 alphafold2_ptm_model_1_seed_043 recycle=0 pLDDT=80.5 pTM=0.629
2026-07-22 19:20:38,768 alphafold2_ptm_model_1_seed_043 recycle=1 pLDDT=89 pTM=0.726 tol=0.449
2026-07-22 19:20:39,022 alphafold2_ptm_model_1_seed_043 recycle=2 pLDDT=88.8 pTM=0.723 tol=0.206
2026-07-22 19:20:39,277 alphafold2_ptm_model_1_seed_043 recycle=3 pLDDT=88.8 pTM=0.723 tol=0.112
2026-07-22 19:20:39,278 alphafold2_ptm_model_1_seed_043 took 1.0s (3 recycles)
2026-07-22 19:20:39,553 alphafold2_ptm_model_2_seed_043 recycle=0 pLDDT=80.8 pTM=0.638
2026-07-22 19:20:39,807 alphafold2_ptm_model_2_seed_043 recycle=1 pLDDT=87.2 pTM=0.712 tol=0.457
2026-07-22 19:20:40,061 alphafold2_ptm_model_2_seed_043 recycle=2 pLDDT=88.6 pTM=0.735 tol=0.113
2026-07-22 19:20:40,316 alphafold2_ptm_model_2_seed_043 recycle=3 pLDDT=88.2 pTM=0.73 tol=0.134
2026-07-22 19:20:40,316 alphafold2_ptm_model_2_seed_043 took 1.0s (3 recycles)
2026-07-22 19:20:40,590 alphafold2_ptm_model_3_seed_043 recycle=0 pLDDT=78.7 pTM=0.598
2026-07-22 19:20:40,844 alphafold2_ptm_model_3_seed_043 recycle=1 pLDDT=88.5 pTM=0.71 tol=0.431
2026-07-22 19:20:41,100 alphafold2_ptm_model_3_seed_043 recycle=2 pLDDT=89.4 pTM=0.729 tol=0.0972
2026-07-22 19:20:41,355 alphafold2_ptm_model_3_seed_043 recycle=3 pLDDT=89.4 pTM=0.728 tol=0.0511
2026-07-22 19:20:41,355 alphafold2_ptm_model_3_seed_043 took 1.0s (3 recycles)
2026-07-22 19:20:41,633 alphafold2_ptm_model_4_seed_043 recycle=0 pLDDT=68.2 pTM=0.543
2026-07-22 19:20:41,887 alphafold2_ptm_model_4_seed_043 recycle=1 pLDDT=81.8 pTM=0.662 tol=2.12
2026-07-22 19:20:42,142 alphafold2_ptm_model_4_seed_043 recycle=2 pLDDT=88.1 pTM=0.715 tol=0.606
2026-07-22 19:20:42,398 alphafold2_ptm_model_4_seed_043 recycle=3 pLDDT=88 pTM=0.718 tol=0.114
2026-07-22 19:20:42,398 alphafold2_ptm_model_4_seed_043 took 1.0s (3 recycles)
2026-07-22 19:20:42,677 alphafold2_ptm_model_5_seed_043 recycle=0 pLDDT=75.6 pTM=0.588
2026-07-22 19:20:42,931 alphafold2_ptm_model_5_seed_043 recycle=1 pLDDT=85.4 pTM=0.687 tol=0.847
2026-07-22 19:20:43,187 alphafold2_ptm_model_5_seed_043 recycle=2 pLDDT=85.9 pTM=0.683 tol=0.126
2026-07-22 19:20:43,441 alphafold2_ptm_model_5_seed_043 recycle=3 pLDDT=86.7 pTM=0.684 tol=0.059
2026-07-22 19:20:43,441 alphafold2_ptm_model_5_seed_043 took 1.0s (3 recycles)
2026-07-22 19:20:44,526 alphafold2_ptm_model_1_seed_044 recycle=0 pLDDT=77.8 pTM=0.596
2026-07-22 19:20:44,782 alphafold2_ptm_model_1_seed_044 recycle=1 pLDDT=88.8 pTM=0.72 tol=0.618
2026-07-22 19:20:45,037 alphafold2_ptm_model_1_seed_044 recycle=2 pLDDT=88.8 pTM=0.721 tol=0.161
2026-07-22 19:20:45,293 alphafold2_ptm_model_1_seed_044 recycle=3 pLDDT=88.8 pTM=0.723 tol=0.13
2026-07-22 19:20:45,293 alphafold2_ptm_model_1_seed_044 took 1.0s (3 recycles)
2026-07-22 19:20:45,572 alphafold2_ptm_model_2_seed_044 recycle=0 pLDDT=80.2 pTM=0.637
2026-07-22 19:20:45,828 alphafold2_ptm_model_2_seed_044 recycle=1 pLDDT=86.6 pTM=0.71 tol=0.424
2026-07-22 19:20:46,084 alphafold2_ptm_model_2_seed_044 recycle=2 pLDDT=88.4 pTM=0.73 tol=0.183
2026-07-22 19:20:46,341 alphafold2_ptm_model_2_seed_044 recycle=3 pLDDT=88.3 pTM=0.729 tol=0.105
2026-07-22 19:20:46,341 alphafold2_ptm_model_2_seed_044 took 1.0s (3 recycles)
2026-07-22 19:20:46,620 alphafold2_ptm_model_3_seed_044 recycle=0 pLDDT=75.9 pTM=0.573
2026-07-22 19:20:46,876 alphafold2_ptm_model_3_seed_044 recycle=1 pLDDT=88.3 pTM=0.707 tol=0.529
2026-07-22 19:20:47,132 alphafold2_ptm_model_3_seed_044 recycle=2 pLDDT=89.4 pTM=0.73 tol=0.0995
2026-07-22 19:20:47,390 alphafold2_ptm_model_3_seed_044 recycle=3 pLDDT=89.6 pTM=0.731 tol=0.048
2026-07-22 19:20:47,390 alphafold2_ptm_model_3_seed_044 took 1.0s (3 recycles)
2026-07-22 19:20:47,669 alphafold2_ptm_model_4_seed_044 recycle=0 pLDDT=74.1 pTM=0.576
2026-07-22 19:20:47,925 alphafold2_ptm_model_4_seed_044 recycle=1 pLDDT=87.9 pTM=0.713 tol=0.853
2026-07-22 19:20:48,180 alphafold2_ptm_model_4_seed_044 recycle=2 pLDDT=88.1 pTM=0.717 tol=0.126
2026-07-22 19:20:48,436 alphafold2_ptm_model_4_seed_044 recycle=3 pLDDT=87.8 pTM=0.711 tol=0.0551
2026-07-22 19:20:48,436 alphafold2_ptm_model_4_seed_044 took 1.0s (3 recycles)
2026-07-22 19:20:48,714 alphafold2_ptm_model_5_seed_044 recycle=0 pLDDT=82.1 pTM=0.65
2026-07-22 19:20:48,970 alphafold2_ptm_model_5_seed_044 recycle=1 pLDDT=86.5 pTM=0.691 tol=0.631
2026-07-22 19:20:49,224 alphafold2_ptm_model_5_seed_044 recycle=2 pLDDT=86.2 pTM=0.681 tol=0.146
2026-07-22 19:20:49,478 alphafold2_ptm_model_5_seed_044 recycle=3 pLDDT=86.4 pTM=0.683 tol=0.0641
2026-07-22 19:20:49,478 alphafold2_ptm_model_5_seed_044 took 1.0s (3 recycles)
2026-07-22 19:20:49,499 reranking models by 'plddt' metric
2026-07-22 19:20:49,499 rank_001_alphafold2_ptm_model_3_seed_042 pLDDT=89.7 pTM=0.733
2026-07-22 19:20:49,500 rank_002_alphafold2_ptm_model_3_seed_044 pLDDT=89.6 pTM=0.731
2026-07-22 19:20:49,502 rank_003_alphafold2_ptm_model_3_seed_043 pLDDT=89.4 pTM=0.728
2026-07-22 19:20:49,503 rank_004_alphafold2_ptm_model_1_seed_043 pLDDT=88.8 pTM=0.723
2026-07-22 19:20:49,504 rank_005_alphafold2_ptm_model_1_seed_044 pLDDT=88.8 pTM=0.723
2026-07-22 19:20:49,505 rank_006_alphafold2_ptm_model_1_seed_042 pLDDT=88.8 pTM=0.721
2026-07-22 19:20:49,506 rank_007_alphafold2_ptm_model_2_seed_042 pLDDT=88.6 pTM=0.733
2026-07-22 19:20:49,507 rank_008_alphafold2_ptm_model_2_seed_044 pLDDT=88.3 pTM=0.729
2026-07-22 19:20:49,508 rank_009_alphafold2_ptm_model_2_seed_043 pLDDT=88.2 pTM=0.73
2026-07-22 19:20:49,509 rank_010_alphafold2_ptm_model_4_seed_043 pLDDT=88 pTM=0.718
2026-07-22 19:20:49,510 rank_011_alphafold2_ptm_model_4_seed_044 pLDDT=87.8 pTM=0.711
2026-07-22 19:20:49,512 rank_012_alphafold2_ptm_model_4_seed_042 pLDDT=87.7 pTM=0.712
2026-07-22 19:20:49,513 rank_013_alphafold2_ptm_model_5_seed_043 pLDDT=86.7 pTM=0.684
2026-07-22 19:20:49,514 rank_014_alphafold2_ptm_model_5_seed_044 pLDDT=86.4 pTM=0.683
2026-07-22 19:20:49,515 rank_015_alphafold2_ptm_model_5_seed_042 pLDDT=86.4 pTM=0.682
2026-07-22 19:20:51,617 Query 31/426: 5KPE_4_8_6_0_combined_id6 (length 108)
2026-07-22 19:20:53,293 alphafold2_ptm_model_1_seed_042 recycle=0 pLDDT=81.4 pTM=0.635
2026-07-22 19:20:53,546 alphafold2_ptm_model_1_seed_042 recycle=1 pLDDT=83.9 pTM=0.673 tol=0.349
2026-07-22 19:20:53,798 alphafold2_ptm_model_1_seed_042 recycle=2 pLDDT=84.6 pTM=0.67 tol=0.139
2026-07-22 19:20:54,051 alphafold2_ptm_model_1_seed_042 recycle=3 pLDDT=85 pTM=0.673 tol=0.172
2026-07-22 19:20:54,051 alphafold2_ptm_model_1_seed_042 took 1.0s (3 recycles)
2026-07-22 19:20:54,336 alphafold2_ptm_model_2_seed_042 recycle=0 pLDDT=81.1 pTM=0.669
2026-07-22 19:20:54,591 alphafold2_ptm_model_2_seed_042 recycle=1 pLDDT=84.2 pTM=0.688 tol=0.44
2026-07-22 19:20:54,846 alphafold2_ptm_model_2_seed_042 recycle=2 pLDDT=83.8 pTM=0.685 tol=0.0887
2026-07-22 19:20:55,100 alphafold2_ptm_model_2_seed_042 recycle=3 pLDDT=84.1 pTM=0.683 tol=0.0878
2026-07-22 19:20:55,100 alphafold2_ptm_model_2_seed_042 took 1.0s (3 recycles)
2026-07-22 19:20:55,377 alphafold2_ptm_model_3_seed_042 recycle=0 pLDDT=79.1 pTM=0.616
2026-07-22 19:20:55,632 alphafold2_ptm_model_3_seed_042 recycle=1 pLDDT=86.2 pTM=0.681 tol=0.793
2026-07-22 19:20:55,888 alphafold2_ptm_model_3_seed_042 recycle=2 pLDDT=86.2 pTM=0.684 tol=0.258
2026-07-22 19:20:56,143 alphafold2_ptm_model_3_seed_042 recycle=3 pLDDT=86.8 pTM=0.684 tol=0.108
2026-07-22 19:20:56,143 alphafold2_ptm_model_3_seed_042 took 1.0s (3 recycles)
2026-07-22 19:20:56,424 alphafold2_ptm_model_4_seed_042 recycle=0 pLDDT=83.4 pTM=0.679
2026-07-22 19:20:56,679 alphafold2_ptm_model_4_seed_042 recycle=1 pLDDT=86.4 pTM=0.686 tol=0.517
2026-07-22 19:20:56,934 alphafold2_ptm_model_4_seed_042 recycle=2 pLDDT=86.4 pTM=0.686 tol=0.273
2026-07-22 19:20:57,190 alphafold2_ptm_model_4_seed_042 recycle=3 pLDDT=86.2 pTM=0.681 tol=0.376
2026-07-22 19:20:57,190 alphafold2_ptm_model_4_seed_042 took 1.0s (3 recycles)
2026-07-22 19:20:57,469 alphafold2_ptm_model_5_seed_042 recycle=0 pLDDT=77.2 pTM=0.617
2026-07-22 19:20:57,724 alphafold2_ptm_model_5_seed_042 recycle=1 pLDDT=86.9 pTM=0.688 tol=1.02
2026-07-22 19:20:57,980 alphafold2_ptm_model_5_seed_042 recycle=2 pLDDT=87.1 pTM=0.687 tol=0.109
2026-07-22 19:20:58,235 alphafold2_ptm_model_5_seed_042 recycle=3 pLDDT=87.5 pTM=0.692 tol=0.0563
2026-07-22 19:20:58,235 alphafold2_ptm_model_5_seed_042 took 1.0s (3 recycles)
2026-07-22 19:20:59,266 alphafold2_ptm_model_1_seed_043 recycle=0 pLDDT=82.1 pTM=0.638
2026-07-22 19:20:59,520 alphafold2_ptm_model_1_seed_043 recycle=1 pLDDT=84.5 pTM=0.676 tol=0.507
2026-07-22 19:20:59,774 alphafold2_ptm_model_1_seed_043 recycle=2 pLDDT=85.4 pTM=0.677 tol=0.176
2026-07-22 19:21:00,028 alphafold2_ptm_model_1_seed_043 recycle=3 pLDDT=85.8 pTM=0.684 tol=0.125
2026-07-22 19:21:00,029 alphafold2_ptm_model_1_seed_043 took 1.0s (3 recycles)
2026-07-22 19:21:00,313 alphafold2_ptm_model_2_seed_043 recycle=0 pLDDT=81.5 pTM=0.664
2026-07-22 19:21:00,568 alphafold2_ptm_model_2_seed_043 recycle=1 pLDDT=83.2 pTM=0.68 tol=0.45
2026-07-22 19:21:00,823 alphafold2_ptm_model_2_seed_043 recycle=2 pLDDT=84.9 pTM=0.693 tol=0.454
2026-07-22 19:21:01,076 alphafold2_ptm_model_2_seed_043 recycle=3 pLDDT=84.5 pTM=0.694 tol=0.268
2026-07-22 19:21:01,077 alphafold2_ptm_model_2_seed_043 took 1.0s (3 recycles)
2026-07-22 19:21:01,353 alphafold2_ptm_model_3_seed_043 recycle=0 pLDDT=78.3 pTM=0.603
2026-07-22 19:21:01,607 alphafold2_ptm_model_3_seed_043 recycle=1 pLDDT=85.6 pTM=0.675 tol=0.875
2026-07-22 19:21:01,862 alphafold2_ptm_model_3_seed_043 recycle=2 pLDDT=85.9 pTM=0.68 tol=0.21
2026-07-22 19:21:02,117 alphafold2_ptm_model_3_seed_043 recycle=3 pLDDT=86.2 pTM=0.676 tol=0.089
2026-07-22 19:21:02,117 alphafold2_ptm_model_3_seed_043 took 1.0s (3 recycles)
2026-07-22 19:21:02,394 alphafold2_ptm_model_4_seed_043 recycle=0 pLDDT=83.3 pTM=0.675
2026-07-22 19:21:02,648 alphafold2_ptm_model_4_seed_043 recycle=1 pLDDT=86.4 pTM=0.686 tol=0.509
2026-07-22 19:21:02,902 alphafold2_ptm_model_4_seed_043 recycle=2 pLDDT=86.6 pTM=0.688 tol=0.26
2026-07-22 19:21:03,156 alphafold2_ptm_model_4_seed_043 recycle=3 pLDDT=86.2 pTM=0.683 tol=0.387
2026-07-22 19:21:03,157 alphafold2_ptm_model_4_seed_043 took 1.0s (3 recycles)
2026-07-22 19:21:03,435 alphafold2_ptm_model_5_seed_043 recycle=0 pLDDT=80.6 pTM=0.646
2026-07-22 19:21:03,689 alphafold2_ptm_model_5_seed_043 recycle=1 pLDDT=86.8 pTM=0.678 tol=0.747
2026-07-22 19:21:03,944 alphafold2_ptm_model_5_seed_043 recycle=2 pLDDT=86.7 pTM=0.681 tol=0.104
2026-07-22 19:21:04,198 alphafold2_ptm_model_5_seed_043 recycle=3 pLDDT=87.3 pTM=0.692 tol=0.0529
2026-07-22 19:21:04,198 alphafold2_ptm_model_5_seed_043 took 1.0s (3 recycles)
2026-07-22 19:21:05,306 alphafold2_ptm_model_1_seed_044 recycle=0 pLDDT=78.4 pTM=0.616
2026-07-22 19:21:05,559 alphafold2_ptm_model_1_seed_044 recycle=1 pLDDT=84.5 pTM=0.685 tol=0.772
2026-07-22 19:21:05,812 alphafold2_ptm_model_1_seed_044 recycle=2 pLDDT=85.9 pTM=0.685 tol=0.434
2026-07-22 19:21:06,064 alphafold2_ptm_model_1_seed_044 recycle=3 pLDDT=85.5 pTM=0.682 tol=0.287
2026-07-22 19:21:06,064 alphafold2_ptm_model_1_seed_044 took 1.0s (3 recycles)
2026-07-22 19:21:06,340 alphafold2_ptm_model_2_seed_044 recycle=0 pLDDT=81.7 pTM=0.669
2026-07-22 19:21:06,593 alphafold2_ptm_model_2_seed_044 recycle=1 pLDDT=83.2 pTM=0.682 tol=0.421
2026-07-22 19:21:06,846 alphafold2_ptm_model_2_seed_044 recycle=2 pLDDT=85.1 pTM=0.693 tol=0.479
2026-07-22 19:21:07,099 alphafold2_ptm_model_2_seed_044 recycle=3 pLDDT=83.9 pTM=0.69 tol=0.332
2026-07-22 19:21:07,100 alphafold2_ptm_model_2_seed_044 took 1.0s (3 recycles)
2026-07-22 19:21:07,377 alphafold2_ptm_model_3_seed_044 recycle=0 pLDDT=78.2 pTM=0.602
2026-07-22 19:21:07,630 alphafold2_ptm_model_3_seed_044 recycle=1 pLDDT=85.3 pTM=0.673 tol=0.765
2026-07-22 19:21:07,884 alphafold2_ptm_model_3_seed_044 recycle=2 pLDDT=85.4 pTM=0.676 tol=0.217
2026-07-22 19:21:08,137 alphafold2_ptm_model_3_seed_044 recycle=3 pLDDT=85.6 pTM=0.677 tol=0.232
2026-07-22 19:21:08,137 alphafold2_ptm_model_3_seed_044 took 1.0s (3 recycles)
2026-07-22 19:21:08,419 alphafold2_ptm_model_4_seed_044 recycle=0 pLDDT=84.1 pTM=0.678
2026-07-22 19:21:08,673 alphafold2_ptm_model_4_seed_044 recycle=1 pLDDT=86.2 pTM=0.684 tol=0.406
2026-07-22 19:21:08,927 alphafold2_ptm_model_4_seed_044 recycle=2 pLDDT=86.4 pTM=0.685 tol=0.31
2026-07-22 19:21:09,181 alphafold2_ptm_model_4_seed_044 recycle=3 pLDDT=86.1 pTM=0.683 tol=0.386
2026-07-22 19:21:09,181 alphafold2_ptm_model_4_seed_044 took 1.0s (3 recycles)
2026-07-22 19:21:09,477 alphafold2_ptm_model_5_seed_044 recycle=0 pLDDT=77.2 pTM=0.611
2026-07-22 19:21:09,731 alphafold2_ptm_model_5_seed_044 recycle=1 pLDDT=86.7 pTM=0.682 tol=0.925
2026-07-22 19:21:09,985 alphafold2_ptm_model_5_seed_044 recycle=2 pLDDT=86.8 pTM=0.685 tol=0.1
2026-07-22 19:21:10,238 alphafold2_ptm_model_5_seed_044 recycle=3 pLDDT=87.3 pTM=0.692 tol=0.0521
2026-07-22 19:21:10,238 alphafold2_ptm_model_5_seed_044 took 1.0s (3 recycles)
2026-07-22 19:21:10,263 reranking models by 'plddt' metric
2026-07-22 19:21:10,263 rank_001_alphafold2_ptm_model_5_seed_042 pLDDT=87.5 pTM=0.692
2026-07-22 19:21:10,265 rank_002_alphafold2_ptm_model_5_seed_044 pLDDT=87.3 pTM=0.692
2026-07-22 19:21:10,266 rank_003_alphafold2_ptm_model_5_seed_043 pLDDT=87.3 pTM=0.692
2026-07-22 19:21:10,267 rank_004_alphafold2_ptm_model_3_seed_042 pLDDT=86.8 pTM=0.684
2026-07-22 19:21:10,269 rank_005_alphafold2_ptm_model_4_seed_043 pLDDT=86.2 pTM=0.683
2026-07-22 19:21:10,270 rank_006_alphafold2_ptm_model_3_seed_043 pLDDT=86.2 pTM=0.676
2026-07-22 19:21:10,271 rank_007_alphafold2_ptm_model_4_seed_042 pLDDT=86.2 pTM=0.681
2026-07-22 19:21:10,273 rank_008_alphafold2_ptm_model_4_seed_044 pLDDT=86.1 pTM=0.683
2026-07-22 19:21:10,274 rank_009_alphafold2_ptm_model_1_seed_043 pLDDT=85.8 pTM=0.684
2026-07-22 19:21:10,275 rank_010_alphafold2_ptm_model_3_seed_044 pLDDT=85.6 pTM=0.677
2026-07-22 19:21:10,276 rank_011_alphafold2_ptm_model_1_seed_044 pLDDT=85.5 pTM=0.682
2026-07-22 19:21:10,277 rank_012_alphafold2_ptm_model_1_seed_042 pLDDT=85 pTM=0.673
2026-07-22 19:21:10,279 rank_013_alphafold2_ptm_model_2_seed_043 pLDDT=84.5 pTM=0.694
2026-07-22 19:21:10,280 rank_014_alphafold2_ptm_model_2_seed_042 pLDDT=84.1 pTM=0.683
2026-07-22 19:21:10,281 rank_015_alphafold2_ptm_model_2_seed_044 pLDDT=83.9 pTM=0.69
2026-07-22 19:21:12,743 Query 32/426: 5KPE_4_8_6_0_combined_id0 (length 108)
2026-07-22 19:21:14,499 alphafold2_ptm_model_1_seed_042 recycle=0 pLDDT=79.5 pTM=0.626
2026-07-22 19:21:14,752 alphafold2_ptm_model_1_seed_042 recycle=1 pLDDT=85.2 pTM=0.711 tol=0.302
2026-07-22 19:21:15,006 alphafold2_ptm_model_1_seed_042 recycle=2 pLDDT=85.9 pTM=0.725 tol=0.202
2026-07-22 19:21:15,260 alphafold2_ptm_model_1_seed_042 recycle=3 pLDDT=84.9 pTM=0.709 tol=0.166
2026-07-22 19:21:15,260 alphafold2_ptm_model_1_seed_042 took 1.0s (3 recycles)
2026-07-22 19:21:15,658 alphafold2_ptm_model_2_seed_042 recycle=0 pLDDT=66.1 pTM=0.543
2026-07-22 19:21:15,912 alphafold2_ptm_model_2_seed_042 recycle=1 pLDDT=69.6 pTM=0.561 tol=2.42
2026-07-22 19:21:16,167 alphafold2_ptm_model_2_seed_042 recycle=2 pLDDT=85.4 pTM=0.718 tol=1.43
2026-07-22 19:21:16,426 alphafold2_ptm_model_2_seed_042 recycle=3 pLDDT=85.2 pTM=0.717 tol=0.338
2026-07-22 19:21:16,427 alphafold2_ptm_model_2_seed_042 took 1.0s (3 recycles)
2026-07-22 19:21:16,730 alphafold2_ptm_model_3_seed_042 recycle=0 pLDDT=73.6 pTM=0.59
2026-07-22 19:21:16,986 alphafold2_ptm_model_3_seed_042 recycle=1 pLDDT=87.9 pTM=0.76 tol=1.02
2026-07-22 19:21:17,242 alphafold2_ptm_model_3_seed_042 recycle=2 pLDDT=86.3 pTM=0.75 tol=0.197
2026-07-22 19:21:17,498 alphafold2_ptm_model_3_seed_042 recycle=3 pLDDT=87.7 pTM=0.76 tol=0.221
2026-07-22 19:21:17,498 alphafold2_ptm_model_3_seed_042 took 1.0s (3 recycles)
2026-07-22 19:21:17,777 alphafold2_ptm_model_4_seed_042 recycle=0 pLDDT=80.8 pTM=0.688
2026-07-22 19:21:18,033 alphafold2_ptm_model_4_seed_042 recycle=1 pLDDT=86.6 pTM=0.765 tol=0.664
2026-07-22 19:21:18,290 alphafold2_ptm_model_4_seed_042 recycle=2 pLDDT=86.7 pTM=0.767 tol=0.22
2026-07-22 19:21:18,545 alphafold2_ptm_model_4_seed_042 recycle=3 pLDDT=86.2 pTM=0.756 tol=0.165
2026-07-22 19:21:18,545 alphafold2_ptm_model_4_seed_042 took 1.0s (3 recycles)
2026-07-22 19:21:18,848 alphafold2_ptm_model_5_seed_042 recycle=0 pLDDT=56 pTM=0.481
2026-07-22 19:21:19,099 alphafold2_ptm_model_5_seed_042 recycle=1 pLDDT=61.7 pTM=0.487 tol=4.77
2026-07-22 19:21:19,350 alphafold2_ptm_model_5_seed_042 recycle=2 pLDDT=59.2 pTM=0.463 tol=1.85
2026-07-22 19:21:19,601 alphafold2_ptm_model_5_seed_042 recycle=3 pLDDT=54.5 pTM=0.454 tol=6.22
2026-07-22 19:21:19,601 alphafold2_ptm_model_5_seed_042 took 1.0s (3 recycles)
2026-07-22 19:21:20,563 alphafold2_ptm_model_1_seed_043 recycle=0 pLDDT=74.2 pTM=0.563
2026-07-22 19:21:20,816 alphafold2_ptm_model_1_seed_043 recycle=1 pLDDT=85.6 pTM=0.712 tol=0.375
2026-07-22 19:21:21,070 alphafold2_ptm_model_1_seed_043 recycle=2 pLDDT=86.2 pTM=0.729 tol=0.206
2026-07-22 19:21:21,324 alphafold2_ptm_model_1_seed_043 recycle=3 pLDDT=85.5 pTM=0.717 tol=0.182
2026-07-22 19:21:21,324 alphafold2_ptm_model_1_seed_043 took 1.0s (3 recycles)
2026-07-22 19:21:21,605 alphafold2_ptm_model_2_seed_043 recycle=0 pLDDT=67.6 pTM=0.539
2026-07-22 19:21:21,858 alphafold2_ptm_model_2_seed_043 recycle=1 pLDDT=71.1 pTM=0.59 tol=1.84
2026-07-22 19:21:22,113 alphafold2_ptm_model_2_seed_043 recycle=2 pLDDT=88.7 pTM=0.771 tol=1.64
2026-07-22 19:21:22,369 alphafold2_ptm_model_2_seed_043 recycle=3 pLDDT=87.6 pTM=0.744 tol=0.293
2026-07-22 19:21:22,369 alphafold2_ptm_model_2_seed_043 took 1.0s (3 recycles)
2026-07-22 19:21:22,671 alphafold2_ptm_model_3_seed_043 recycle=0 pLDDT=75.1 pTM=0.6
2026-07-22 19:21:22,928 alphafold2_ptm_model_3_seed_043 recycle=1 pLDDT=88.2 pTM=0.771 tol=1.07
2026-07-22 19:21:23,186 alphafold2_ptm_model_3_seed_043 recycle=2 pLDDT=85.8 pTM=0.74 tol=0.221
2026-07-22 19:21:23,442 alphafold2_ptm_model_3_seed_043 recycle=3 pLDDT=86.8 pTM=0.746 tol=0.207
2026-07-22 19:21:23,443 alphafold2_ptm_model_3_seed_043 took 1.0s (3 recycles)
2026-07-22 19:21:23,724 alphafold2_ptm_model_4_seed_043 recycle=0 pLDDT=82.5 pTM=0.688
2026-07-22 19:21:23,983 alphafold2_ptm_model_4_seed_043 recycle=1 pLDDT=87.6 pTM=0.775 tol=0.543
2026-07-22 19:21:24,241 alphafold2_ptm_model_4_seed_043 recycle=2 pLDDT=86.9 pTM=0.771 tol=0.257
2026-07-22 19:21:24,497 alphafold2_ptm_model_4_seed_043 recycle=3 pLDDT=87.2 pTM=0.768 tol=0.181
2026-07-22 19:21:24,497 alphafold2_ptm_model_4_seed_043 took 1.0s (3 recycles)
2026-07-22 19:21:24,789 alphafold2_ptm_model_5_seed_043 recycle=0 pLDDT=55.8 pTM=0.484
2026-07-22 19:21:25,041 alphafold2_ptm_model_5_seed_043 recycle=1 pLDDT=61.4 pTM=0.483 tol=4.8
2026-07-22 19:21:25,292 alphafold2_ptm_model_5_seed_043 recycle=2 pLDDT=59.1 pTM=0.458 tol=1.21
2026-07-22 19:21:25,542 alphafold2_ptm_model_5_seed_043 recycle=3 pLDDT=55 pTM=0.463 tol=6.13
2026-07-22 19:21:25,543 alphafold2_ptm_model_5_seed_043 took 1.0s (3 recycles)
2026-07-22 19:21:26,636 alphafold2_ptm_model_1_seed_044 recycle=0 pLDDT=76.5 pTM=0.601
2026-07-22 19:21:26,889 alphafold2_ptm_model_1_seed_044 recycle=1 pLDDT=84.9 pTM=0.72 tol=0.484
2026-07-22 19:21:27,142 alphafold2_ptm_model_1_seed_044 recycle=2 pLDDT=85.2 pTM=0.73 tol=0.157
2026-07-22 19:21:27,394 alphafold2_ptm_model_1_seed_044 recycle=3 pLDDT=85.8 pTM=0.729 tol=0.0977
2026-07-22 19:21:27,394 alphafold2_ptm_model_1_seed_044 took 1.0s (3 recycles)
2026-07-22 19:21:27,674 alphafold2_ptm_model_2_seed_044 recycle=0 pLDDT=65.3 pTM=0.538
2026-07-22 19:21:27,926 alphafold2_ptm_model_2_seed_044 recycle=1 pLDDT=68.2 pTM=0.539 tol=2.02
2026-07-22 19:21:28,180 alphafold2_ptm_model_2_seed_044 recycle=2 pLDDT=85.9 pTM=0.732 tol=1.3
2026-07-22 19:21:28,435 alphafold2_ptm_model_2_seed_044 recycle=3 pLDDT=84.4 pTM=0.707 tol=0.302
2026-07-22 19:21:28,435 alphafold2_ptm_model_2_seed_044 took 1.0s (3 recycles)
2026-07-22 19:21:28,733 alphafold2_ptm_model_3_seed_044 recycle=0 pLDDT=71.6 pTM=0.589
2026-07-22 19:21:28,987 alphafold2_ptm_model_3_seed_044 recycle=1 pLDDT=85.4 pTM=0.704 tol=2.11
2026-07-22 19:21:29,242 alphafold2_ptm_model_3_seed_044 recycle=2 pLDDT=86.2 pTM=0.731 tol=0.355
2026-07-22 19:21:29,499 alphafold2_ptm_model_3_seed_044 recycle=3 pLDDT=88.1 pTM=0.763 tol=0.164
2026-07-22 19:21:29,499 alphafold2_ptm_model_3_seed_044 took 1.0s (3 recycles)
2026-07-22 19:21:29,802 alphafold2_ptm_model_4_seed_044 recycle=0 pLDDT=83.9 pTM=0.709
2026-07-22 19:21:30,061 alphafold2_ptm_model_4_seed_044 recycle=1 pLDDT=87.2 pTM=0.773 tol=0.535
2026-07-22 19:21:30,319 alphafold2_ptm_model_4_seed_044 recycle=2 pLDDT=86.8 pTM=0.771 tol=0.219
2026-07-22 19:21:30,577 alphafold2_ptm_model_4_seed_044 recycle=3 pLDDT=87 pTM=0.766 tol=0.198
2026-07-22 19:21:30,577 alphafold2_ptm_model_4_seed_044 took 1.0s (3 recycles)
2026-07-22 19:21:30,861 alphafold2_ptm_model_5_seed_044 recycle=0 pLDDT=55.8 pTM=0.486
2026-07-22 19:21:31,113 alphafold2_ptm_model_5_seed_044 recycle=1 pLDDT=62.5 pTM=0.487 tol=4.61
2026-07-22 19:21:31,365 alphafold2_ptm_model_5_seed_044 recycle=2 pLDDT=64.9 pTM=0.489 tol=0.976
2026-07-22 19:21:31,616 alphafold2_ptm_model_5_seed_044 recycle=3 pLDDT=80.8 pTM=0.612 tol=0.863
2026-07-22 19:21:31,617 alphafold2_ptm_model_5_seed_044 took 1.0s (3 recycles)
2026-07-22 19:21:31,641 reranking models by 'plddt' metric
2026-07-22 19:21:31,641 rank_001_alphafold2_ptm_model_3_seed_044 pLDDT=88.1 pTM=0.763
2026-07-22 19:21:31,642 rank_002_alphafold2_ptm_model_3_seed_042 pLDDT=87.7 pTM=0.76
2026-07-22 19:21:31,644 rank_003_alphafold2_ptm_model_2_seed_043 pLDDT=87.6 pTM=0.744
2026-07-22 19:21:31,645 rank_004_alphafold2_ptm_model_4_seed_043 pLDDT=87.2 pTM=0.768
2026-07-22 19:21:31,646 rank_005_alphafold2_ptm_model_4_seed_044 pLDDT=87 pTM=0.766
2026-07-22 19:21:31,648 rank_006_alphafold2_ptm_model_3_seed_043 pLDDT=86.8 pTM=0.746
2026-07-22 19:21:31,649 rank_007_alphafold2_ptm_model_4_seed_042 pLDDT=86.2 pTM=0.756
2026-07-22 19:21:31,650 rank_008_alphafold2_ptm_model_1_seed_044 pLDDT=85.8 pTM=0.729
2026-07-22 19:21:31,652 rank_009_alphafold2_ptm_model_1_seed_043 pLDDT=85.5 pTM=0.717
2026-07-22 19:21:31,653 rank_010_alphafold2_ptm_model_2_seed_042 pLDDT=85.2 pTM=0.717
2026-07-22 19:21:31,654 rank_011_alphafold2_ptm_model_1_seed_042 pLDDT=84.9 pTM=0.709
2026-07-22 19:21:31,655 rank_012_alphafold2_ptm_model_2_seed_044 pLDDT=84.4 pTM=0.707
2026-07-22 19:21:31,657 rank_013_alphafold2_ptm_model_5_seed_044 pLDDT=80.8 pTM=0.612
2026-07-22 19:21:31,658 rank_014_alphafold2_ptm_model_5_seed_043 pLDDT=55 pTM=0.463
2026-07-22 19:21:31,659 rank_015_alphafold2_ptm_model_5_seed_042 pLDDT=54.5 pTM=0.454
2026-07-22 19:21:33,923 Query 33/426: 5KPE_2_4_3_0_combined_id2 (length 108)
2026-07-22 19:21:35,766 alphafold2_ptm_model_1_seed_042 recycle=0 pLDDT=59.2 pTM=0.473
2026-07-22 19:21:36,018 alphafold2_ptm_model_1_seed_042 recycle=1 pLDDT=75.8 pTM=0.602 tol=3.67
2026-07-22 19:21:36,272 alphafold2_ptm_model_1_seed_042 recycle=2 pLDDT=87.9 pTM=0.708 tol=0.956
2026-07-22 19:21:36,526 alphafold2_ptm_model_1_seed_042 recycle=3 pLDDT=89.8 pTM=0.75 tol=0.172
2026-07-22 19:21:36,527 alphafold2_ptm_model_1_seed_042 took 1.0s (3 recycles)
2026-07-22 19:21:36,805 alphafold2_ptm_model_2_seed_042 recycle=0 pLDDT=59.9 pTM=0.514
2026-07-22 19:21:37,057 alphafold2_ptm_model_2_seed_042 recycle=1 pLDDT=65.9 pTM=0.532 tol=4.98
2026-07-22 19:21:37,310 alphafold2_ptm_model_2_seed_042 recycle=2 pLDDT=66.6 pTM=0.525 tol=4.76
2026-07-22 19:21:37,563 alphafold2_ptm_model_2_seed_042 recycle=3 pLDDT=78.8 pTM=0.615 tol=4.82
2026-07-22 19:21:37,563 alphafold2_ptm_model_2_seed_042 took 1.0s (3 recycles)
2026-07-22 19:21:37,841 alphafold2_ptm_model_3_seed_042 recycle=0 pLDDT=58.1 pTM=0.461
2026-07-22 19:21:38,095 alphafold2_ptm_model_3_seed_042 recycle=1 pLDDT=63.2 pTM=0.487 tol=2.18
2026-07-22 19:21:38,348 alphafold2_ptm_model_3_seed_042 recycle=2 pLDDT=83 pTM=0.649 tol=4.22
2026-07-22 19:21:38,605 alphafold2_ptm_model_3_seed_042 recycle=3 pLDDT=88.8 pTM=0.756 tol=0.919
2026-07-22 19:21:38,605 alphafold2_ptm_model_3_seed_042 took 1.0s (3 recycles)
2026-07-22 19:21:38,902 alphafold2_ptm_model_4_seed_042 recycle=0 pLDDT=60.4 pTM=0.478
2026-07-22 19:21:39,157 alphafold2_ptm_model_4_seed_042 recycle=1 pLDDT=82.6 pTM=0.663 tol=2.54
2026-07-22 19:21:39,414 alphafold2_ptm_model_4_seed_042 recycle=2 pLDDT=87.9 pTM=0.734 tol=1.5
2026-07-22 19:21:39,670 alphafold2_ptm_model_4_seed_042 recycle=3 pLDDT=88.8 pTM=0.756 tol=0.196
2026-07-22 19:21:39,671 alphafold2_ptm_model_4_seed_042 took 1.0s (3 recycles)
2026-07-22 19:21:39,949 alphafold2_ptm_model_5_seed_042 recycle=0 pLDDT=60.9 pTM=0.495
2026-07-22 19:21:40,201 alphafold2_ptm_model_5_seed_042 recycle=1 pLDDT=65.9 pTM=0.522 tol=1.79
2026-07-22 19:21:40,454 alphafold2_ptm_model_5_seed_042 recycle=2 pLDDT=68.2 pTM=0.529 tol=0.569
2026-07-22 19:21:40,708 alphafold2_ptm_model_5_seed_042 recycle=3 pLDDT=67.4 pTM=0.521 tol=0.166
2026-07-22 19:21:40,708 alphafold2_ptm_model_5_seed_042 took 1.0s (3 recycles)
2026-07-22 19:21:41,722 alphafold2_ptm_model_1_seed_043 recycle=0 pLDDT=58.4 pTM=0.459
2026-07-22 19:21:41,973 alphafold2_ptm_model_1_seed_043 recycle=1 pLDDT=72.4 pTM=0.569 tol=4.05
2026-07-22 19:21:42,226 alphafold2_ptm_model_1_seed_043 recycle=2 pLDDT=87 pTM=0.69 tol=1.01
2026-07-22 19:21:42,480 alphafold2_ptm_model_1_seed_043 recycle=3 pLDDT=89.4 pTM=0.739 tol=0.165
2026-07-22 19:21:42,480 alphafold2_ptm_model_1_seed_043 took 1.0s (3 recycles)
2026-07-22 19:21:42,758 alphafold2_ptm_model_2_seed_043 recycle=0 pLDDT=59.8 pTM=0.506
2026-07-22 19:21:43,011 alphafold2_ptm_model_2_seed_043 recycle=1 pLDDT=65.5 pTM=0.529 tol=3.39
2026-07-22 19:21:43,264 alphafold2_ptm_model_2_seed_043 recycle=2 pLDDT=66.8 pTM=0.521 tol=1.63
2026-07-22 19:21:43,516 alphafold2_ptm_model_2_seed_043 recycle=3 pLDDT=66.9 pTM=0.521 tol=0.834
2026-07-22 19:21:43,517 alphafold2_ptm_model_2_seed_043 took 1.0s (3 recycles)
2026-07-22 19:21:43,794 alphafold2_ptm_model_3_seed_043 recycle=0 pLDDT=58.2 pTM=0.464
2026-07-22 19:21:44,047 alphafold2_ptm_model_3_seed_043 recycle=1 pLDDT=62.1 pTM=0.482 tol=2.17
2026-07-22 19:21:44,301 alphafold2_ptm_model_3_seed_043 recycle=2 pLDDT=82.8 pTM=0.65 tol=4.05
2026-07-22 19:21:44,556 alphafold2_ptm_model_3_seed_043 recycle=3 pLDDT=88.8 pTM=0.757 tol=0.963
2026-07-22 19:21:44,557 alphafold2_ptm_model_3_seed_043 took 1.0s (3 recycles)
2026-07-22 19:21:44,833 alphafold2_ptm_model_4_seed_043 recycle=0 pLDDT=60.9 pTM=0.48
2026-07-22 19:21:45,087 alphafold2_ptm_model_4_seed_043 recycle=1 pLDDT=82.6 pTM=0.662 tol=2.61
2026-07-22 19:21:45,343 alphafold2_ptm_model_4_seed_043 recycle=2 pLDDT=88.2 pTM=0.742 tol=1.47
2026-07-22 19:21:45,599 alphafold2_ptm_model_4_seed_043 recycle=3 pLDDT=89.1 pTM=0.759 tol=0.193
2026-07-22 19:21:45,599 alphafold2_ptm_model_4_seed_043 took 1.0s (3 recycles)
2026-07-22 19:21:45,876 alphafold2_ptm_model_5_seed_043 recycle=0 pLDDT=60.5 pTM=0.498
2026-07-22 19:21:46,129 alphafold2_ptm_model_5_seed_043 recycle=1 pLDDT=69.1 pTM=0.547 tol=1.75
2026-07-22 19:21:46,382 alphafold2_ptm_model_5_seed_043 recycle=2 pLDDT=67.6 pTM=0.526 tol=0.611
2026-07-22 19:21:46,634 alphafold2_ptm_model_5_seed_043 recycle=3 pLDDT=75.3 pTM=0.587 tol=3.27
2026-07-22 19:21:46,635 alphafold2_ptm_model_5_seed_043 took 1.0s (3 recycles)
2026-07-22 19:21:47,662 alphafold2_ptm_model_1_seed_044 recycle=0 pLDDT=61.3 pTM=0.474
2026-07-22 19:21:47,914 alphafold2_ptm_model_1_seed_044 recycle=1 pLDDT=81.3 pTM=0.649 tol=4.03
2026-07-22 19:21:48,168 alphafold2_ptm_model_1_seed_044 recycle=2 pLDDT=88.2 pTM=0.714 tol=0.821
2026-07-22 19:21:48,421 alphafold2_ptm_model_1_seed_044 recycle=3 pLDDT=89.4 pTM=0.74 tol=0.171
2026-07-22 19:21:48,421 alphafold2_ptm_model_1_seed_044 took 1.0s (3 recycles)
2026-07-22 19:21:48,700 alphafold2_ptm_model_2_seed_044 recycle=0 pLDDT=59.8 pTM=0.505
2026-07-22 19:21:48,954 alphafold2_ptm_model_2_seed_044 recycle=1 pLDDT=73.3 pTM=0.572 tol=5.39
2026-07-22 19:21:49,210 alphafold2_ptm_model_2_seed_044 recycle=2 pLDDT=88.2 pTM=0.71 tol=2.56
2026-07-22 19:21:49,467 alphafold2_ptm_model_2_seed_044 recycle=3 pLDDT=90.2 pTM=0.77 tol=0.259
2026-07-22 19:21:49,467 alphafold2_ptm_model_2_seed_044 took 1.0s (3 recycles)
2026-07-22 19:21:49,745 alphafold2_ptm_model_3_seed_044 recycle=0 pLDDT=57.5 pTM=0.455
2026-07-22 19:21:49,998 alphafold2_ptm_model_3_seed_044 recycle=1 pLDDT=62.6 pTM=0.481 tol=2.05
2026-07-22 19:21:50,254 alphafold2_ptm_model_3_seed_044 recycle=2 pLDDT=83.9 pTM=0.663 tol=4.17
2026-07-22 19:21:50,510 alphafold2_ptm_model_3_seed_044 recycle=3 pLDDT=89.1 pTM=0.761 tol=0.899
2026-07-22 19:21:50,510 alphafold2_ptm_model_3_seed_044 took 1.0s (3 recycles)
2026-07-22 19:21:50,790 alphafold2_ptm_model_4_seed_044 recycle=0 pLDDT=60 pTM=0.474
2026-07-22 19:21:51,043 alphafold2_ptm_model_4_seed_044 recycle=1 pLDDT=81.8 pTM=0.653 tol=2.61
2026-07-22 19:21:51,298 alphafold2_ptm_model_4_seed_044 recycle=2 pLDDT=88.2 pTM=0.743 tol=1.55
2026-07-22 19:21:51,555 alphafold2_ptm_model_4_seed_044 recycle=3 pLDDT=89.1 pTM=0.757 tol=0.199
2026-07-22 19:21:51,555 alphafold2_ptm_model_4_seed_044 took 1.0s (3 recycles)
2026-07-22 19:21:51,835 alphafold2_ptm_model_5_seed_044 recycle=0 pLDDT=55.2 pTM=0.471
2026-07-22 19:21:52,088 alphafold2_ptm_model_5_seed_044 recycle=1 pLDDT=63.9 pTM=0.518 tol=1.83
2026-07-22 19:21:52,339 alphafold2_ptm_model_5_seed_044 recycle=2 pLDDT=67.1 pTM=0.526 tol=1.88
2026-07-22 19:21:52,591 alphafold2_ptm_model_5_seed_044 recycle=3 pLDDT=67.1 pTM=0.523 tol=0.481
2026-07-22 19:21:52,591 alphafold2_ptm_model_5_seed_044 took 1.0s (3 recycles)
2026-07-22 19:21:52,617 reranking models by 'plddt' metric
2026-07-22 19:21:52,617 rank_001_alphafold2_ptm_model_2_seed_044 pLDDT=90.2 pTM=0.77
2026-07-22 19:21:52,618 rank_002_alphafold2_ptm_model_1_seed_042 pLDDT=89.8 pTM=0.75
2026-07-22 19:21:52,620 rank_003_alphafold2_ptm_model_1_seed_044 pLDDT=89.4 pTM=0.74
2026-07-22 19:21:52,621 rank_004_alphafold2_ptm_model_1_seed_043 pLDDT=89.4 pTM=0.739
2026-07-22 19:21:52,622 rank_005_alphafold2_ptm_model_4_seed_044 pLDDT=89.1 pTM=0.757
2026-07-22 19:21:52,623 rank_006_alphafold2_ptm_model_3_seed_044 pLDDT=89.1 pTM=0.761
2026-07-22 19:21:52,625 rank_007_alphafold2_ptm_model_4_seed_043 pLDDT=89.1 pTM=0.759
2026-07-22 19:21:52,626 rank_008_alphafold2_ptm_model_3_seed_043 pLDDT=88.8 pTM=0.757
2026-07-22 19:21:52,628 rank_009_alphafold2_ptm_model_4_seed_042 pLDDT=88.8 pTM=0.756
2026-07-22 19:21:52,629 rank_010_alphafold2_ptm_model_3_seed_042 pLDDT=88.8 pTM=0.756
2026-07-22 19:21:52,630 rank_011_alphafold2_ptm_model_2_seed_042 pLDDT=78.8 pTM=0.615
2026-07-22 19:21:52,632 rank_012_alphafold2_ptm_model_5_seed_043 pLDDT=75.3 pTM=0.587
2026-07-22 19:21:52,633 rank_013_alphafold2_ptm_model_5_seed_042 pLDDT=67.4 pTM=0.521
2026-07-22 19:21:52,634 rank_014_alphafold2_ptm_model_5_seed_044 pLDDT=67.1 pTM=0.523
2026-07-22 19:21:52,635 rank_015_alphafold2_ptm_model_2_seed_043 pLDDT=66.9 pTM=0.521
2026-07-22 19:21:55,213 Query 34/426: 5KPE_2_4_3_0_combined_id3 (length 108)
2026-07-22 19:21:57,013 alphafold2_ptm_model_1_seed_042 recycle=0 pLDDT=68.2 pTM=0.521
2026-07-22 19:21:57,264 alphafold2_ptm_model_1_seed_042 recycle=1 pLDDT=71.9 pTM=0.538 tol=0.354
2026-07-22 19:21:57,517 alphafold2_ptm_model_1_seed_042 recycle=2 pLDDT=73.4 pTM=0.549 tol=0.152
2026-07-22 19:21:57,769 alphafold2_ptm_model_1_seed_042 recycle=3 pLDDT=74.3 pTM=0.555 tol=0.095
2026-07-22 19:21:57,769 alphafold2_ptm_model_1_seed_042 took 1.0s (3 recycles)
2026-07-22 19:21:58,046 alphafold2_ptm_model_2_seed_042 recycle=0 pLDDT=68.9 pTM=0.525
2026-07-22 19:21:58,298 alphafold2_ptm_model_2_seed_042 recycle=1 pLDDT=67.4 pTM=0.522 tol=0.65
2026-07-22 19:21:58,549 alphafold2_ptm_model_2_seed_042 recycle=2 pLDDT=64.8 pTM=0.505 tol=2.5
2026-07-22 19:21:58,800 alphafold2_ptm_model_2_seed_042 recycle=3 pLDDT=67.5 pTM=0.518 tol=0.905
2026-07-22 19:21:58,801 alphafold2_ptm_model_2_seed_042 took 1.0s (3 recycles)
2026-07-22 19:21:59,082 alphafold2_ptm_model_3_seed_042 recycle=0 pLDDT=70.4 pTM=0.501
2026-07-22 19:21:59,334 alphafold2_ptm_model_3_seed_042 recycle=1 pLDDT=72.4 pTM=0.509 tol=0.437
2026-07-22 19:21:59,586 alphafold2_ptm_model_3_seed_042 recycle=2 pLDDT=70.7 pTM=0.5 tol=0.145
2026-07-22 19:21:59,837 alphafold2_ptm_model_3_seed_042 recycle=3 pLDDT=71.2 pTM=0.5 tol=0.215
2026-07-22 19:21:59,837 alphafold2_ptm_model_3_seed_042 took 1.0s (3 recycles)
2026-07-22 19:22:00,115 alphafold2_ptm_model_4_seed_042 recycle=0 pLDDT=68.6 pTM=0.504
2026-07-22 19:22:00,366 alphafold2_ptm_model_4_seed_042 recycle=1 pLDDT=70.8 pTM=0.528 tol=0.96
2026-07-22 19:22:00,617 alphafold2_ptm_model_4_seed_042 recycle=2 pLDDT=72.1 pTM=0.534 tol=0.516
2026-07-22 19:22:00,868 alphafold2_ptm_model_4_seed_042 recycle=3 pLDDT=72.5 pTM=0.547 tol=0.499
2026-07-22 19:22:00,868 alphafold2_ptm_model_4_seed_042 took 1.0s (3 recycles)
2026-07-22 19:22:01,158 alphafold2_ptm_model_5_seed_042 recycle=0 pLDDT=65.7 pTM=0.52
2026-07-22 19:22:01,409 alphafold2_ptm_model_5_seed_042 recycle=1 pLDDT=69.2 pTM=0.529 tol=0.703
2026-07-22 19:22:01,660 alphafold2_ptm_model_5_seed_042 recycle=2 pLDDT=72.1 pTM=0.546 tol=0.186
2026-07-22 19:22:01,911 alphafold2_ptm_model_5_seed_042 recycle=3 pLDDT=73.2 pTM=0.558 tol=0.146
2026-07-22 19:22:01,911 alphafold2_ptm_model_5_seed_042 took 1.0s (3 recycles)
2026-07-22 19:22:02,909 alphafold2_ptm_model_1_seed_043 recycle=0 pLDDT=66.2 pTM=0.5
2026-07-22 19:22:03,160 alphafold2_ptm_model_1_seed_043 recycle=1 pLDDT=71.1 pTM=0.532 tol=0.406
2026-07-22 19:22:03,411 alphafold2_ptm_model_1_seed_043 recycle=2 pLDDT=73.7 pTM=0.551 tol=0.183
2026-07-22 19:22:03,661 alphafold2_ptm_model_1_seed_043 recycle=3 pLDDT=75.2 pTM=0.566 tol=0.0798
2026-07-22 19:22:03,662 alphafold2_ptm_model_1_seed_043 took 1.0s (3 recycles)
2026-07-22 19:22:03,940 alphafold2_ptm_model_2_seed_043 recycle=0 pLDDT=66 pTM=0.496
2026-07-22 19:22:04,192 alphafold2_ptm_model_2_seed_043 recycle=1 pLDDT=64.9 pTM=0.499 tol=0.69
2026-07-22 19:22:04,444 alphafold2_ptm_model_2_seed_043 recycle=2 pLDDT=62.6 pTM=0.496 tol=2.49
2026-07-22 19:22:04,698 alphafold2_ptm_model_2_seed_043 recycle=3 pLDDT=66 pTM=0.508 tol=0.727
2026-07-22 19:22:04,699 alphafold2_ptm_model_2_seed_043 took 1.0s (3 recycles)
2026-07-22 19:22:04,978 alphafold2_ptm_model_3_seed_043 recycle=0 pLDDT=68.2 pTM=0.484
2026-07-22 19:22:05,231 alphafold2_ptm_model_3_seed_043 recycle=1 pLDDT=71.8 pTM=0.528 tol=2.32
2026-07-22 19:22:05,484 alphafold2_ptm_model_3_seed_043 recycle=2 pLDDT=72.9 pTM=0.532 tol=0.234
2026-07-22 19:22:05,736 alphafold2_ptm_model_3_seed_043 recycle=3 pLDDT=73.8 pTM=0.534 tol=0.164
2026-07-22 19:22:05,736 alphafold2_ptm_model_3_seed_043 took 1.0s (3 recycles)
2026-07-22 19:22:06,011 alphafold2_ptm_model_4_seed_043 recycle=0 pLDDT=66.8 pTM=0.497
2026-07-22 19:22:06,263 alphafold2_ptm_model_4_seed_043 recycle=1 pLDDT=68.2 pTM=0.507 tol=0.77
2026-07-22 19:22:06,515 alphafold2_ptm_model_4_seed_043 recycle=2 pLDDT=69.7 pTM=0.519 tol=0.276
2026-07-22 19:22:06,767 alphafold2_ptm_model_4_seed_043 recycle=3 pLDDT=70.4 pTM=0.521 tol=0.198
2026-07-22 19:22:06,768 alphafold2_ptm_model_4_seed_043 took 1.0s (3 recycles)
2026-07-22 19:22:07,048 alphafold2_ptm_model_5_seed_043 recycle=0 pLDDT=59.7 pTM=0.473
2026-07-22 19:22:07,300 alphafold2_ptm_model_5_seed_043 recycle=1 pLDDT=67.1 pTM=0.514 tol=0.914
2026-07-22 19:22:07,552 alphafold2_ptm_model_5_seed_043 recycle=2 pLDDT=70.8 pTM=0.533 tol=0.165
2026-07-22 19:22:07,804 alphafold2_ptm_model_5_seed_043 recycle=3 pLDDT=72.3 pTM=0.55 tol=0.156
2026-07-22 19:22:07,805 alphafold2_ptm_model_5_seed_043 took 1.0s (3 recycles)
2026-07-22 19:22:08,928 alphafold2_ptm_model_1_seed_044 recycle=0 pLDDT=65.6 pTM=0.492
2026-07-22 19:22:09,181 alphafold2_ptm_model_1_seed_044 recycle=1 pLDDT=71 pTM=0.527 tol=0.501
2026-07-22 19:22:09,433 alphafold2_ptm_model_1_seed_044 recycle=2 pLDDT=73.6 pTM=0.547 tol=0.156
2026-07-22 19:22:09,684 alphafold2_ptm_model_1_seed_044 recycle=3 pLDDT=75.6 pTM=0.568 tol=0.0914
2026-07-22 19:22:09,685 alphafold2_ptm_model_1_seed_044 took 1.0s (3 recycles)
2026-07-22 19:22:09,960 alphafold2_ptm_model_2_seed_044 recycle=0 pLDDT=65.8 pTM=0.5
2026-07-22 19:22:10,213 alphafold2_ptm_model_2_seed_044 recycle=1 pLDDT=64.9 pTM=0.5 tol=0.782
2026-07-22 19:22:10,466 alphafold2_ptm_model_2_seed_044 recycle=2 pLDDT=61.7 pTM=0.494 tol=2.51
2026-07-22 19:22:10,719 alphafold2_ptm_model_2_seed_044 recycle=3 pLDDT=65.6 pTM=0.501 tol=1
2026-07-22 19:22:10,719 alphafold2_ptm_model_2_seed_044 took 1.0s (3 recycles)
2026-07-22 19:22:11,048 alphafold2_ptm_model_3_seed_044 recycle=0 pLDDT=67.9 pTM=0.482
2026-07-22 19:22:11,302 alphafold2_ptm_model_3_seed_044 recycle=1 pLDDT=72 pTM=0.532 tol=2.34
2026-07-22 19:22:11,554 alphafold2_ptm_model_3_seed_044 recycle=2 pLDDT=73.5 pTM=0.538 tol=0.209
2026-07-22 19:22:11,808 alphafold2_ptm_model_3_seed_044 recycle=3 pLDDT=73.9 pTM=0.536 tol=0.127
2026-07-22 19:22:11,808 alphafold2_ptm_model_3_seed_044 took 1.0s (3 recycles)
2026-07-22 19:22:12,091 alphafold2_ptm_model_4_seed_044 recycle=0 pLDDT=66.1 pTM=0.488
2026-07-22 19:22:12,343 alphafold2_ptm_model_4_seed_044 recycle=1 pLDDT=68.6 pTM=0.511 tol=0.792
2026-07-22 19:22:12,595 alphafold2_ptm_model_4_seed_044 recycle=2 pLDDT=69.7 pTM=0.519 tol=0.275
2026-07-22 19:22:12,848 alphafold2_ptm_model_4_seed_044 recycle=3 pLDDT=70.6 pTM=0.524 tol=0.167
2026-07-22 19:22:12,848 alphafold2_ptm_model_4_seed_044 took 1.0s (3 recycles)
2026-07-22 19:22:13,129 alphafold2_ptm_model_5_seed_044 recycle=0 pLDDT=60.7 pTM=0.48
2026-07-22 19:22:13,381 alphafold2_ptm_model_5_seed_044 recycle=1 pLDDT=67.9 pTM=0.522 tol=0.905
2026-07-22 19:22:13,633 alphafold2_ptm_model_5_seed_044 recycle=2 pLDDT=71.6 pTM=0.54 tol=0.194
2026-07-22 19:22:13,884 alphafold2_ptm_model_5_seed_044 recycle=3 pLDDT=72.8 pTM=0.553 tol=0.168
2026-07-22 19:22:13,884 alphafold2_ptm_model_5_seed_044 took 1.0s (3 recycles)
2026-07-22 19:22:13,925 reranking models by 'plddt' metric
2026-07-22 19:22:13,925 rank_001_alphafold2_ptm_model_1_seed_044 pLDDT=75.6 pTM=0.568
2026-07-22 19:22:13,927 rank_002_alphafold2_ptm_model_1_seed_043 pLDDT=75.2 pTM=0.566
2026-07-22 19:22:13,928 rank_003_alphafold2_ptm_model_1_seed_042 pLDDT=74.3 pTM=0.555
2026-07-22 19:22:13,929 rank_004_alphafold2_ptm_model_3_seed_044 pLDDT=73.9 pTM=0.536
2026-07-22 19:22:13,931 rank_005_alphafold2_ptm_model_3_seed_043 pLDDT=73.8 pTM=0.534
2026-07-22 19:22:13,932 rank_006_alphafold2_ptm_model_5_seed_042 pLDDT=73.2 pTM=0.558
2026-07-22 19:22:13,933 rank_007_alphafold2_ptm_model_5_seed_044 pLDDT=72.8 pTM=0.553
2026-07-22 19:22:13,934 rank_008_alphafold2_ptm_model_4_seed_042 pLDDT=72.5 pTM=0.547
2026-07-22 19:22:13,936 rank_009_alphafold2_ptm_model_5_seed_043 pLDDT=72.3 pTM=0.55
2026-07-22 19:22:13,937 rank_010_alphafold2_ptm_model_3_seed_042 pLDDT=71.2 pTM=0.5
2026-07-22 19:22:13,938 rank_011_alphafold2_ptm_model_4_seed_044 pLDDT=70.6 pTM=0.524
2026-07-22 19:22:13,939 rank_012_alphafold2_ptm_model_4_seed_043 pLDDT=70.4 pTM=0.521
2026-07-22 19:22:13,940 rank_013_alphafold2_ptm_model_2_seed_042 pLDDT=67.5 pTM=0.518
2026-07-22 19:22:13,942 rank_014_alphafold2_ptm_model_2_seed_043 pLDDT=66 pTM=0.508
2026-07-22 19:22:13,943 rank_015_alphafold2_ptm_model_2_seed_044 pLDDT=65.6 pTM=0.501
2026-07-22 19:22:16,363 Query 35/426: 5KPE_2_4_3_0_combined_id7 (length 108)
2026-07-22 19:22:18,231 alphafold2_ptm_model_1_seed_042 recycle=0 pLDDT=58.8 pTM=0.452
2026-07-22 19:22:18,483 alphafold2_ptm_model_1_seed_042 recycle=1 pLDDT=65.9 pTM=0.53 tol=6.52
2026-07-22 19:22:18,737 alphafold2_ptm_model_1_seed_042 recycle=2 pLDDT=72.4 pTM=0.577 tol=1.23
2026-07-22 19:22:18,990 alphafold2_ptm_model_1_seed_042 recycle=3 pLDDT=76.2 pTM=0.598 tol=0.408
2026-07-22 19:22:18,990 alphafold2_ptm_model_1_seed_042 took 1.0s (3 recycles)
2026-07-22 19:22:19,270 alphafold2_ptm_model_2_seed_042 recycle=0 pLDDT=62.2 pTM=0.496
2026-07-22 19:22:19,523 alphafold2_ptm_model_2_seed_042 recycle=1 pLDDT=66.6 pTM=0.541 tol=6.57
2026-07-22 19:22:19,775 alphafold2_ptm_model_2_seed_042 recycle=2 pLDDT=71.4 pTM=0.605 tol=5.09
2026-07-22 19:22:20,028 alphafold2_ptm_model_2_seed_042 recycle=3 pLDDT=73.6 pTM=0.617 tol=0.521
2026-07-22 19:22:20,028 alphafold2_ptm_model_2_seed_042 took 1.0s (3 recycles)
2026-07-22 19:22:20,308 alphafold2_ptm_model_3_seed_042 recycle=0 pLDDT=57.9 pTM=0.435
2026-07-22 19:22:20,560 alphafold2_ptm_model_3_seed_042 recycle=1 pLDDT=62 pTM=0.513 tol=6.61
2026-07-22 19:22:20,812 alphafold2_ptm_model_3_seed_042 recycle=2 pLDDT=64.6 pTM=0.532 tol=1.76
2026-07-22 19:22:21,064 alphafold2_ptm_model_3_seed_042 recycle=3 pLDDT=65.9 pTM=0.533 tol=0.552
2026-07-22 19:22:21,064 alphafold2_ptm_model_3_seed_042 took 1.0s (3 recycles)
2026-07-22 19:22:21,346 alphafold2_ptm_model_4_seed_042 recycle=0 pLDDT=62 pTM=0.441
2026-07-22 19:22:21,600 alphafold2_ptm_model_4_seed_042 recycle=1 pLDDT=61.5 pTM=0.491 tol=4.49
2026-07-22 19:22:21,851 alphafold2_ptm_model_4_seed_042 recycle=2 pLDDT=64.3 pTM=0.517 tol=1.26
2026-07-22 19:22:22,101 alphafold2_ptm_model_4_seed_042 recycle=3 pLDDT=64.6 pTM=0.519 tol=0.26
2026-07-22 19:22:22,102 alphafold2_ptm_model_4_seed_042 took 1.0s (3 recycles)
2026-07-22 19:22:22,391 alphafold2_ptm_model_5_seed_042 recycle=0 pLDDT=57 pTM=0.457
2026-07-22 19:22:22,642 alphafold2_ptm_model_5_seed_042 recycle=1 pLDDT=62 pTM=0.508 tol=3.82
2026-07-22 19:22:22,894 alphafold2_ptm_model_5_seed_042 recycle=2 pLDDT=61.8 pTM=0.515 tol=3.38
2026-07-22 19:22:23,146 alphafold2_ptm_model_5_seed_042 recycle=3 pLDDT=65.1 pTM=0.545 tol=3.52
2026-07-22 19:22:23,146 alphafold2_ptm_model_5_seed_042 took 1.0s (3 recycles)
2026-07-22 19:22:24,132 alphafold2_ptm_model_1_seed_043 recycle=0 pLDDT=59.1 pTM=0.447
2026-07-22 19:22:24,384 alphafold2_ptm_model_1_seed_043 recycle=1 pLDDT=64.5 pTM=0.513 tol=6.61
2026-07-22 19:22:24,637 alphafold2_ptm_model_1_seed_043 recycle=2 pLDDT=75.2 pTM=0.598 tol=1.2
2026-07-22 19:22:24,889 alphafold2_ptm_model_1_seed_043 recycle=3 pLDDT=76.9 pTM=0.599 tol=0.302
2026-07-22 19:22:24,889 alphafold2_ptm_model_1_seed_043 took 1.0s (3 recycles)
2026-07-22 19:22:25,167 alphafold2_ptm_model_2_seed_043 recycle=0 pLDDT=62.1 pTM=0.487
2026-07-22 19:22:25,420 alphafold2_ptm_model_2_seed_043 recycle=1 pLDDT=67.1 pTM=0.542 tol=7.52
2026-07-22 19:22:25,673 alphafold2_ptm_model_2_seed_043 recycle=2 pLDDT=71.6 pTM=0.607 tol=5.02
2026-07-22 19:22:25,925 alphafold2_ptm_model_2_seed_043 recycle=3 pLDDT=73.8 pTM=0.622 tol=0.619
2026-07-22 19:22:25,926 alphafold2_ptm_model_2_seed_043 took 1.0s (3 recycles)
2026-07-22 19:22:26,201 alphafold2_ptm_model_3_seed_043 recycle=0 pLDDT=57.9 pTM=0.431
2026-07-22 19:22:26,453 alphafold2_ptm_model_3_seed_043 recycle=1 pLDDT=61.5 pTM=0.514 tol=6.7
2026-07-22 19:22:26,705 alphafold2_ptm_model_3_seed_043 recycle=2 pLDDT=63.8 pTM=0.527 tol=2.59
2026-07-22 19:22:26,956 alphafold2_ptm_model_3_seed_043 recycle=3 pLDDT=70.6 pTM=0.563 tol=1.99
2026-07-22 19:22:26,956 alphafold2_ptm_model_3_seed_043 took 1.0s (3 recycles)
2026-07-22 19:22:27,229 alphafold2_ptm_model_4_seed_043 recycle=0 pLDDT=60.2 pTM=0.429
2026-07-22 19:22:27,484 alphafold2_ptm_model_4_seed_043 recycle=1 pLDDT=61.9 pTM=0.505 tol=4.73
2026-07-22 19:22:27,735 alphafold2_ptm_model_4_seed_043 recycle=2 pLDDT=63.1 pTM=0.513 tol=0.618
2026-07-22 19:22:27,986 alphafold2_ptm_model_4_seed_043 recycle=3 pLDDT=60.2 pTM=0.51 tol=5.47
2026-07-22 19:22:27,986 alphafold2_ptm_model_4_seed_043 took 1.0s (3 recycles)
2026-07-22 19:22:28,265 alphafold2_ptm_model_5_seed_043 recycle=0 pLDDT=56.7 pTM=0.455
2026-07-22 19:22:28,516 alphafold2_ptm_model_5_seed_043 recycle=1 pLDDT=61.8 pTM=0.507 tol=4.24
2026-07-22 19:22:28,768 alphafold2_ptm_model_5_seed_043 recycle=2 pLDDT=60.8 pTM=0.517 tol=4.58
2026-07-22 19:22:29,020 alphafold2_ptm_model_5_seed_043 recycle=3 pLDDT=65.2 pTM=0.545 tol=3.5
2026-07-22 19:22:29,021 alphafold2_ptm_model_5_seed_043 took 1.0s (3 recycles)
2026-07-22 19:22:30,018 alphafold2_ptm_model_1_seed_044 recycle=0 pLDDT=58.3 pTM=0.447
2026-07-22 19:22:30,270 alphafold2_ptm_model_1_seed_044 recycle=1 pLDDT=64.7 pTM=0.513 tol=6.45
2026-07-22 19:22:30,522 alphafold2_ptm_model_1_seed_044 recycle=2 pLDDT=72.6 pTM=0.581 tol=1.29
2026-07-22 19:22:30,774 alphafold2_ptm_model_1_seed_044 recycle=3 pLDDT=75.6 pTM=0.594 tol=0.466
2026-07-22 19:22:30,774 alphafold2_ptm_model_1_seed_044 took 1.0s (3 recycles)
2026-07-22 19:22:31,048 alphafold2_ptm_model_2_seed_044 recycle=0 pLDDT=60.2 pTM=0.475
2026-07-22 19:22:31,301 alphafold2_ptm_model_2_seed_044 recycle=1 pLDDT=66.2 pTM=0.535 tol=6.35
2026-07-22 19:22:31,554 alphafold2_ptm_model_2_seed_044 recycle=2 pLDDT=70.6 pTM=0.597 tol=4.96
2026-07-22 19:22:31,807 alphafold2_ptm_model_2_seed_044 recycle=3 pLDDT=73.5 pTM=0.617 tol=0.612
2026-07-22 19:22:31,808 alphafold2_ptm_model_2_seed_044 took 1.0s (3 recycles)
2026-07-22 19:22:32,084 alphafold2_ptm_model_3_seed_044 recycle=0 pLDDT=57.9 pTM=0.432
2026-07-22 19:22:32,339 alphafold2_ptm_model_3_seed_044 recycle=1 pLDDT=62.2 pTM=0.515 tol=6.88
2026-07-22 19:22:32,594 alphafold2_ptm_model_3_seed_044 recycle=2 pLDDT=63.3 pTM=0.527 tol=1.61
2026-07-22 19:22:32,846 alphafold2_ptm_model_3_seed_044 recycle=3 pLDDT=63.8 pTM=0.53 tol=2.88
2026-07-22 19:22:32,846 alphafold2_ptm_model_3_seed_044 took 1.0s (3 recycles)
2026-07-22 19:22:33,119 alphafold2_ptm_model_4_seed_044 recycle=0 pLDDT=61 pTM=0.436
2026-07-22 19:22:33,370 alphafold2_ptm_model_4_seed_044 recycle=1 pLDDT=61.7 pTM=0.498 tol=4.75
2026-07-22 19:22:33,622 alphafold2_ptm_model_4_seed_044 recycle=2 pLDDT=63.2 pTM=0.51 tol=0.725
2026-07-22 19:22:33,873 alphafold2_ptm_model_4_seed_044 recycle=3 pLDDT=60.1 pTM=0.497 tol=1.68
2026-07-22 19:22:33,874 alphafold2_ptm_model_4_seed_044 took 1.0s (3 recycles)
2026-07-22 19:22:34,148 alphafold2_ptm_model_5_seed_044 recycle=0 pLDDT=56.6 pTM=0.453
2026-07-22 19:22:34,400 alphafold2_ptm_model_5_seed_044 recycle=1 pLDDT=62.1 pTM=0.51 tol=4.28
2026-07-22 19:22:34,653 alphafold2_ptm_model_5_seed_044 recycle=2 pLDDT=62.1 pTM=0.517 tol=1.94
2026-07-22 19:22:34,905 alphafold2_ptm_model_5_seed_044 recycle=3 pLDDT=64.2 pTM=0.539 tol=4.04
2026-07-22 19:22:34,905 alphafold2_ptm_model_5_seed_044 took 1.0s (3 recycles)
2026-07-22 19:22:34,926 reranking models by 'plddt' metric
2026-07-22 19:22:34,927 rank_001_alphafold2_ptm_model_1_seed_043 pLDDT=76.9 pTM=0.599
2026-07-22 19:22:34,928 rank_002_alphafold2_ptm_model_1_seed_042 pLDDT=76.2 pTM=0.598
2026-07-22 19:22:34,929 rank_003_alphafold2_ptm_model_1_seed_044 pLDDT=75.6 pTM=0.594
2026-07-22 19:22:34,930 rank_004_alphafold2_ptm_model_2_seed_043 pLDDT=73.8 pTM=0.622
2026-07-22 19:22:34,932 rank_005_alphafold2_ptm_model_2_seed_042 pLDDT=73.6 pTM=0.617
2026-07-22 19:22:34,933 rank_006_alphafold2_ptm_model_2_seed_044 pLDDT=73.5 pTM=0.617
2026-07-22 19:22:34,934 rank_007_alphafold2_ptm_model_3_seed_043 pLDDT=70.6 pTM=0.563
2026-07-22 19:22:34,935 rank_008_alphafold2_ptm_model_3_seed_042 pLDDT=65.9 pTM=0.533
2026-07-22 19:22:34,936 rank_009_alphafold2_ptm_model_5_seed_043 pLDDT=65.2 pTM=0.545
2026-07-22 19:22:34,938 rank_010_alphafold2_ptm_model_5_seed_042 pLDDT=65.1 pTM=0.545
2026-07-22 19:22:34,939 rank_011_alphafold2_ptm_model_4_seed_042 pLDDT=64.6 pTM=0.519
2026-07-22 19:22:34,940 rank_012_alphafold2_ptm_model_5_seed_044 pLDDT=64.2 pTM=0.539
2026-07-22 19:22:34,942 rank_013_alphafold2_ptm_model_3_seed_044 pLDDT=63.8 pTM=0.53
2026-07-22 19:22:34,944 rank_014_alphafold2_ptm_model_4_seed_043 pLDDT=60.2 pTM=0.51
2026-07-22 19:22:34,945 rank_015_alphafold2_ptm_model_4_seed_044 pLDDT=60.1 pTM=0.497
2026-07-22 19:22:37,460 Query 36/426: 5KPE_2_4_3_0_combined_id1 (length 108)
2026-07-22 19:22:39,261 alphafold2_ptm_model_1_seed_042 recycle=0 pLDDT=85.5 pTM=0.7
2026-07-22 19:22:39,515 alphafold2_ptm_model_1_seed_042 recycle=1 pLDDT=87.6 pTM=0.731 tol=0.206
2026-07-22 19:22:39,770 alphafold2_ptm_model_1_seed_042 recycle=2 pLDDT=87.2 pTM=0.721 tol=0.0942
2026-07-22 19:22:40,024 alphafold2_ptm_model_1_seed_042 recycle=3 pLDDT=87.2 pTM=0.725 tol=0.0674
2026-07-22 19:22:40,024 alphafold2_ptm_model_1_seed_042 took 1.0s (3 recycles)
2026-07-22 19:22:40,307 alphafold2_ptm_model_2_seed_042 recycle=0 pLDDT=86.9 pTM=0.725
2026-07-22 19:22:40,561 alphafold2_ptm_model_2_seed_042 recycle=1 pLDDT=87.4 pTM=0.74 tol=0.274
2026-07-22 19:22:40,815 alphafold2_ptm_model_2_seed_042 recycle=2 pLDDT=86.6 pTM=0.734 tol=0.126
2026-07-22 19:22:41,069 alphafold2_ptm_model_2_seed_042 recycle=3 pLDDT=86.8 pTM=0.733 tol=0.0959
2026-07-22 19:22:41,069 alphafold2_ptm_model_2_seed_042 took 1.0s (3 recycles)
2026-07-22 19:22:41,352 alphafold2_ptm_model_3_seed_042 recycle=0 pLDDT=70.4 pTM=0.555
2026-07-22 19:22:41,607 alphafold2_ptm_model_3_seed_042 recycle=1 pLDDT=87.1 pTM=0.705 tol=1.23
2026-07-22 19:22:41,860 alphafold2_ptm_model_3_seed_042 recycle=2 pLDDT=87.6 pTM=0.713 tol=0.142
2026-07-22 19:22:42,114 alphafold2_ptm_model_3_seed_042 recycle=3 pLDDT=88 pTM=0.723 tol=0.0391
2026-07-22 19:22:42,115 alphafold2_ptm_model_3_seed_042 took 1.0s (3 recycles)
2026-07-22 19:22:42,393 alphafold2_ptm_model_4_seed_042 recycle=0 pLDDT=85 pTM=0.705
2026-07-22 19:22:42,649 alphafold2_ptm_model_4_seed_042 recycle=1 pLDDT=87.2 pTM=0.731 tol=0.245
2026-07-22 19:22:42,905 alphafold2_ptm_model_4_seed_042 recycle=2 pLDDT=87.2 pTM=0.729 tol=0.0938
2026-07-22 19:22:43,159 alphafold2_ptm_model_4_seed_042 recycle=3 pLDDT=87.3 pTM=0.73 tol=0.0495
2026-07-22 19:22:43,160 alphafold2_ptm_model_4_seed_042 took 1.0s (3 recycles)
2026-07-22 19:22:43,548 alphafold2_ptm_model_5_seed_042 recycle=0 pLDDT=61.3 pTM=0.524
2026-07-22 19:22:43,805 alphafold2_ptm_model_5_seed_042 recycle=1 pLDDT=68.7 pTM=0.567 tol=3.91
2026-07-22 19:22:44,060 alphafold2_ptm_model_5_seed_042 recycle=2 pLDDT=86.9 pTM=0.71 tol=2.24
2026-07-22 19:22:44,314 alphafold2_ptm_model_5_seed_042 recycle=3 pLDDT=87.5 pTM=0.717 tol=0.11
2026-07-22 19:22:44,314 alphafold2_ptm_model_5_seed_042 took 1.0s (3 recycles)
2026-07-22 19:22:45,294 alphafold2_ptm_model_1_seed_043 recycle=0 pLDDT=84.2 pTM=0.684
2026-07-22 19:22:45,548 alphafold2_ptm_model_1_seed_043 recycle=1 pLDDT=87.4 pTM=0.729 tol=0.284
2026-07-22 19:22:45,801 alphafold2_ptm_model_1_seed_043 recycle=2 pLDDT=87.2 pTM=0.72 tol=0.0698
2026-07-22 19:22:46,054 alphafold2_ptm_model_1_seed_043 recycle=3 pLDDT=87.2 pTM=0.72 tol=0.0644
2026-07-22 19:22:46,054 alphafold2_ptm_model_1_seed_043 took 1.0s (3 recycles)
2026-07-22 19:22:46,336 alphafold2_ptm_model_2_seed_043 recycle=0 pLDDT=86.4 pTM=0.711
2026-07-22 19:22:46,592 alphafold2_ptm_model_2_seed_043 recycle=1 pLDDT=87.1 pTM=0.734 tol=0.294
2026-07-22 19:22:46,846 alphafold2_ptm_model_2_seed_043 recycle=2 pLDDT=86.8 pTM=0.732 tol=0.134
2026-07-22 19:22:47,101 alphafold2_ptm_model_2_seed_043 recycle=3 pLDDT=86.9 pTM=0.735 tol=0.105
2026-07-22 19:22:47,101 alphafold2_ptm_model_2_seed_043 took 1.0s (3 recycles)
2026-07-22 19:22:47,383 alphafold2_ptm_model_3_seed_043 recycle=0 pLDDT=72.1 pTM=0.572
2026-07-22 19:22:47,638 alphafold2_ptm_model_3_seed_043 recycle=1 pLDDT=86 pTM=0.694 tol=1.47
2026-07-22 19:22:47,893 alphafold2_ptm_model_3_seed_043 recycle=2 pLDDT=87.8 pTM=0.717 tol=0.21
2026-07-22 19:22:48,148 alphafold2_ptm_model_3_seed_043 recycle=3 pLDDT=88.3 pTM=0.727 tol=0.0507
2026-07-22 19:22:48,148 alphafold2_ptm_model_3_seed_043 took 1.0s (3 recycles)
2026-07-22 19:22:48,425 alphafold2_ptm_model_4_seed_043 recycle=0 pLDDT=84.2 pTM=0.698
2026-07-22 19:22:48,679 alphafold2_ptm_model_4_seed_043 recycle=1 pLDDT=87.2 pTM=0.731 tol=0.25
2026-07-22 19:22:48,934 alphafold2_ptm_model_4_seed_043 recycle=2 pLDDT=87.3 pTM=0.733 tol=0.0939
2026-07-22 19:22:49,189 alphafold2_ptm_model_4_seed_043 recycle=3 pLDDT=87.4 pTM=0.732 tol=0.0495
2026-07-22 19:22:49,189 alphafold2_ptm_model_4_seed_043 took 1.0s (3 recycles)
2026-07-22 19:22:49,483 alphafold2_ptm_model_5_seed_043 recycle=0 pLDDT=65.2 pTM=0.529
2026-07-22 19:22:49,736 alphafold2_ptm_model_5_seed_043 recycle=1 pLDDT=63 pTM=0.535 tol=3.39
2026-07-22 19:22:49,989 alphafold2_ptm_model_5_seed_043 recycle=2 pLDDT=73.4 pTM=0.581 tol=3.33
2026-07-22 19:22:50,243 alphafold2_ptm_model_5_seed_043 recycle=3 pLDDT=85.8 pTM=0.695 tol=0.571
2026-07-22 19:22:50,243 alphafold2_ptm_model_5_seed_043 took 1.0s (3 recycles)
2026-07-22 19:22:51,215 alphafold2_ptm_model_1_seed_044 recycle=0 pLDDT=84.9 pTM=0.693
2026-07-22 19:22:51,469 alphafold2_ptm_model_1_seed_044 recycle=1 pLDDT=87.5 pTM=0.728 tol=0.279
2026-07-22 19:22:51,723 alphafold2_ptm_model_1_seed_044 recycle=2 pLDDT=87.2 pTM=0.72 tol=0.0817
2026-07-22 19:22:51,976 alphafold2_ptm_model_1_seed_044 recycle=3 pLDDT=87.3 pTM=0.723 tol=0.0684
2026-07-22 19:22:51,977 alphafold2_ptm_model_1_seed_044 took 1.0s (3 recycles)
2026-07-22 19:22:52,263 alphafold2_ptm_model_2_seed_044 recycle=0 pLDDT=86.2 pTM=0.709
2026-07-22 19:22:52,517 alphafold2_ptm_model_2_seed_044 recycle=1 pLDDT=87.2 pTM=0.737 tol=0.311
2026-07-22 19:22:52,772 alphafold2_ptm_model_2_seed_044 recycle=2 pLDDT=86.7 pTM=0.732 tol=0.134
2026-07-22 19:22:53,026 alphafold2_ptm_model_2_seed_044 recycle=3 pLDDT=86.9 pTM=0.734 tol=0.107
2026-07-22 19:22:53,026 alphafold2_ptm_model_2_seed_044 took 1.0s (3 recycles)
2026-07-22 19:22:53,425 alphafold2_ptm_model_3_seed_044 recycle=0 pLDDT=70.5 pTM=0.555
2026-07-22 19:22:53,680 alphafold2_ptm_model_3_seed_044 recycle=1 pLDDT=86.8 pTM=0.707 tol=1.46
2026-07-22 19:22:53,935 alphafold2_ptm_model_3_seed_044 recycle=2 pLDDT=87.8 pTM=0.719 tol=0.204
2026-07-22 19:22:54,190 alphafold2_ptm_model_3_seed_044 recycle=3 pLDDT=88.4 pTM=0.729 tol=0.0492
2026-07-22 19:22:54,190 alphafold2_ptm_model_3_seed_044 took 1.0s (3 recycles)
2026-07-22 19:22:54,467 alphafold2_ptm_model_4_seed_044 recycle=0 pLDDT=84.2 pTM=0.697
2026-07-22 19:22:54,722 alphafold2_ptm_model_4_seed_044 recycle=1 pLDDT=87.2 pTM=0.732 tol=0.261
2026-07-22 19:22:54,976 alphafold2_ptm_model_4_seed_044 recycle=2 pLDDT=87.2 pTM=0.731 tol=0.106
2026-07-22 19:22:55,232 alphafold2_ptm_model_4_seed_044 recycle=3 pLDDT=87.4 pTM=0.732 tol=0.0588
2026-07-22 19:22:55,232 alphafold2_ptm_model_4_seed_044 took 1.0s (3 recycles)
2026-07-22 19:22:55,536 alphafold2_ptm_model_5_seed_044 recycle=0 pLDDT=63.3 pTM=0.535
2026-07-22 19:22:55,790 alphafold2_ptm_model_5_seed_044 recycle=1 pLDDT=69.8 pTM=0.579 tol=3.73
2026-07-22 19:22:56,046 alphafold2_ptm_model_5_seed_044 recycle=2 pLDDT=86.5 pTM=0.704 tol=1.73
2026-07-22 19:22:56,302 alphafold2_ptm_model_5_seed_044 recycle=3 pLDDT=87.4 pTM=0.716 tol=0.132
2026-07-22 19:22:56,302 alphafold2_ptm_model_5_seed_044 took 1.0s (3 recycles)
2026-07-22 19:22:56,327 reranking models by 'plddt' metric
2026-07-22 19:22:56,328 rank_001_alphafold2_ptm_model_3_seed_044 pLDDT=88.4 pTM=0.729
2026-07-22 19:22:56,329 rank_002_alphafold2_ptm_model_3_seed_043 pLDDT=88.3 pTM=0.727
2026-07-22 19:22:56,330 rank_003_alphafold2_ptm_model_3_seed_042 pLDDT=88 pTM=0.723
2026-07-22 19:22:56,332 rank_004_alphafold2_ptm_model_5_seed_042 pLDDT=87.5 pTM=0.717
2026-07-22 19:22:56,333 rank_005_alphafold2_ptm_model_5_seed_044 pLDDT=87.4 pTM=0.716
2026-07-22 19:22:56,334 rank_006_alphafold2_ptm_model_4_seed_043 pLDDT=87.4 pTM=0.732
2026-07-22 19:22:56,335 rank_007_alphafold2_ptm_model_4_seed_044 pLDDT=87.4 pTM=0.732
2026-07-22 19:22:56,336 rank_008_alphafold2_ptm_model_1_seed_044 pLDDT=87.3 pTM=0.723
2026-07-22 19:22:56,338 rank_009_alphafold2_ptm_model_4_seed_042 pLDDT=87.3 pTM=0.73
2026-07-22 19:22:56,339 rank_010_alphafold2_ptm_model_1_seed_042 pLDDT=87.2 pTM=0.725
2026-07-22 19:22:56,340 rank_011_alphafold2_ptm_model_1_seed_043 pLDDT=87.2 pTM=0.72
2026-07-22 19:22:56,341 rank_012_alphafold2_ptm_model_2_seed_044 pLDDT=86.9 pTM=0.734
2026-07-22 19:22:56,342 rank_013_alphafold2_ptm_model_2_seed_043 pLDDT=86.9 pTM=0.735
2026-07-22 19:22:56,343 rank_014_alphafold2_ptm_model_2_seed_042 pLDDT=86.8 pTM=0.733
2026-07-22 19:22:56,345 rank_015_alphafold2_ptm_model_5_seed_043 pLDDT=85.8 pTM=0.695
2026-07-22 19:22:58,528 Skipping 5KPE_2_4_3_0_combined_id2 (already done)
2026-07-22 19:22:58,528 Query 38/426: 5KPE_2_4_3_0_combined_id6 (length 108)
2026-07-22 19:23:00,307 alphafold2_ptm_model_1_seed_042 recycle=0 pLDDT=63.8 pTM=0.512
2026-07-22 19:23:00,559 alphafold2_ptm_model_1_seed_042 recycle=1 pLDDT=66.7 pTM=0.539 tol=1.27
2026-07-22 19:23:00,810 alphafold2_ptm_model_1_seed_042 recycle=2 pLDDT=66.5 pTM=0.531 tol=0.599
2026-07-22 19:23:01,062 alphafold2_ptm_model_1_seed_042 recycle=3 pLDDT=68.1 pTM=0.543 tol=1.06
2026-07-22 19:23:01,062 alphafold2_ptm_model_1_seed_042 took 1.0s (3 recycles)
2026-07-22 19:23:01,355 alphafold2_ptm_model_2_seed_042 recycle=0 pLDDT=61 pTM=0.512
2026-07-22 19:23:01,608 alphafold2_ptm_model_2_seed_042 recycle=1 pLDDT=63.6 pTM=0.532 tol=0.642
2026-07-22 19:23:01,862 alphafold2_ptm_model_2_seed_042 recycle=2 pLDDT=63.1 pTM=0.529 tol=0.481
2026-07-22 19:23:02,115 alphafold2_ptm_model_2_seed_042 recycle=3 pLDDT=71 pTM=0.582 tol=5.9
2026-07-22 19:23:02,115 alphafold2_ptm_model_2_seed_042 took 1.0s (3 recycles)
2026-07-22 19:23:02,393 alphafold2_ptm_model_3_seed_042 recycle=0 pLDDT=65.6 pTM=0.499
2026-07-22 19:23:02,645 alphafold2_ptm_model_3_seed_042 recycle=1 pLDDT=66.5 pTM=0.52 tol=0.919
2026-07-22 19:23:02,897 alphafold2_ptm_model_3_seed_042 recycle=2 pLDDT=63.8 pTM=0.504 tol=0.441
2026-07-22 19:23:03,150 alphafold2_ptm_model_3_seed_042 recycle=3 pLDDT=75.2 pTM=0.589 tol=5.57
2026-07-22 19:23:03,150 alphafold2_ptm_model_3_seed_042 took 1.0s (3 recycles)
2026-07-22 19:23:03,424 alphafold2_ptm_model_4_seed_042 recycle=0 pLDDT=59.8 pTM=0.493
2026-07-22 19:23:03,678 alphafold2_ptm_model_4_seed_042 recycle=1 pLDDT=70.2 pTM=0.582 tol=5.73
2026-07-22 19:23:03,931 alphafold2_ptm_model_4_seed_042 recycle=2 pLDDT=82.7 pTM=0.655 tol=0.718
2026-07-22 19:23:04,184 alphafold2_ptm_model_4_seed_042 recycle=3 pLDDT=83.2 pTM=0.655 tol=0.0811
2026-07-22 19:23:04,184 alphafold2_ptm_model_4_seed_042 took 1.0s (3 recycles)
2026-07-22 19:23:04,472 alphafold2_ptm_model_5_seed_042 recycle=0 pLDDT=67.4 pTM=0.546
2026-07-22 19:23:04,725 alphafold2_ptm_model_5_seed_042 recycle=1 pLDDT=70.1 pTM=0.554 tol=0.782
2026-07-22 19:23:04,978 alphafold2_ptm_model_5_seed_042 recycle=2 pLDDT=70.9 pTM=0.549 tol=0.455
2026-07-22 19:23:05,230 alphafold2_ptm_model_5_seed_042 recycle=3 pLDDT=71.4 pTM=0.551 tol=0.2
2026-07-22 19:23:05,231 alphafold2_ptm_model_5_seed_042 took 1.0s (3 recycles)
2026-07-22 19:23:06,165 alphafold2_ptm_model_1_seed_043 recycle=0 pLDDT=64.6 pTM=0.512
2026-07-22 19:23:06,417 alphafold2_ptm_model_1_seed_043 recycle=1 pLDDT=66.2 pTM=0.536 tol=1.61
2026-07-22 19:23:06,669 alphafold2_ptm_model_1_seed_043 recycle=2 pLDDT=67.4 pTM=0.539 tol=5.76
2026-07-22 19:23:06,921 alphafold2_ptm_model_1_seed_043 recycle=3 pLDDT=82.9 pTM=0.646 tol=0.987
2026-07-22 19:23:06,922 alphafold2_ptm_model_1_seed_043 took 1.0s (3 recycles)
2026-07-22 19:23:07,195 alphafold2_ptm_model_2_seed_043 recycle=0 pLDDT=60.2 pTM=0.509
2026-07-22 19:23:07,448 alphafold2_ptm_model_2_seed_043 recycle=1 pLDDT=62.6 pTM=0.529 tol=0.771
2026-07-22 19:23:07,700 alphafold2_ptm_model_2_seed_043 recycle=2 pLDDT=62.6 pTM=0.533 tol=0.386
2026-07-22 19:23:07,952 alphafold2_ptm_model_2_seed_043 recycle=3 pLDDT=72.3 pTM=0.585 tol=5.9
2026-07-22 19:23:07,952 alphafold2_ptm_model_2_seed_043 took 1.0s (3 recycles)
2026-07-22 19:23:08,226 alphafold2_ptm_model_3_seed_043 recycle=0 pLDDT=64.1 pTM=0.487
2026-07-22 19:23:08,479 alphafold2_ptm_model_3_seed_043 recycle=1 pLDDT=64.9 pTM=0.513 tol=0.925
2026-07-22 19:23:08,731 alphafold2_ptm_model_3_seed_043 recycle=2 pLDDT=63.4 pTM=0.502 tol=0.621
2026-07-22 19:23:08,984 alphafold2_ptm_model_3_seed_043 recycle=3 pLDDT=75 pTM=0.584 tol=5.57
2026-07-22 19:23:08,984 alphafold2_ptm_model_3_seed_043 took 1.0s (3 recycles)
2026-07-22 19:23:09,258 alphafold2_ptm_model_4_seed_043 recycle=0 pLDDT=59.4 pTM=0.49
2026-07-22 19:23:09,510 alphafold2_ptm_model_4_seed_043 recycle=1 pLDDT=70.9 pTM=0.585 tol=5.67
2026-07-22 19:23:09,764 alphafold2_ptm_model_4_seed_043 recycle=2 pLDDT=82.5 pTM=0.652 tol=0.65
2026-07-22 19:23:10,018 alphafold2_ptm_model_4_seed_043 recycle=3 pLDDT=83.1 pTM=0.655 tol=0.159
2026-07-22 19:23:10,018 alphafold2_ptm_model_4_seed_043 took 1.0s (3 recycles)
2026-07-22 19:23:10,314 alphafold2_ptm_model_5_seed_043 recycle=0 pLDDT=65.9 pTM=0.538
2026-07-22 19:23:10,567 alphafold2_ptm_model_5_seed_043 recycle=1 pLDDT=69.6 pTM=0.55 tol=0.677
2026-07-22 19:23:10,819 alphafold2_ptm_model_5_seed_043 recycle=2 pLDDT=70.4 pTM=0.546 tol=0.463
2026-07-22 19:23:11,072 alphafold2_ptm_model_5_seed_043 recycle=3 pLDDT=71 pTM=0.549 tol=0.173
2026-07-22 19:23:11,072 alphafold2_ptm_model_5_seed_043 took 1.0s (3 recycles)
2026-07-22 19:23:12,007 alphafold2_ptm_model_1_seed_044 recycle=0 pLDDT=64.8 pTM=0.513
2026-07-22 19:23:12,258 alphafold2_ptm_model_1_seed_044 recycle=1 pLDDT=66.8 pTM=0.534 tol=1.16
2026-07-22 19:23:12,510 alphafold2_ptm_model_1_seed_044 recycle=2 pLDDT=66.8 pTM=0.532 tol=0.398
2026-07-22 19:23:12,761 alphafold2_ptm_model_1_seed_044 recycle=3 pLDDT=67.9 pTM=0.54 tol=0.166
2026-07-22 19:23:12,762 alphafold2_ptm_model_1_seed_044 took 1.0s (3 recycles)
2026-07-22 19:23:13,061 alphafold2_ptm_model_2_seed_044 recycle=0 pLDDT=60.7 pTM=0.512
2026-07-22 19:23:13,313 alphafold2_ptm_model_2_seed_044 recycle=1 pLDDT=63.2 pTM=0.529 tol=0.724
2026-07-22 19:23:13,566 alphafold2_ptm_model_2_seed_044 recycle=2 pLDDT=62.8 pTM=0.529 tol=0.474
2026-07-22 19:23:13,818 alphafold2_ptm_model_2_seed_044 recycle=3 pLDDT=71.8 pTM=0.583 tol=5.92
2026-07-22 19:23:13,819 alphafold2_ptm_model_2_seed_044 took 1.0s (3 recycles)
2026-07-22 19:23:14,096 alphafold2_ptm_model_3_seed_044 recycle=0 pLDDT=64.5 pTM=0.49
2026-07-22 19:23:14,349 alphafold2_ptm_model_3_seed_044 recycle=1 pLDDT=65.3 pTM=0.515 tol=0.953
2026-07-22 19:23:14,601 alphafold2_ptm_model_3_seed_044 recycle=2 pLDDT=63.4 pTM=0.503 tol=0.548
2026-07-22 19:23:14,855 alphafold2_ptm_model_3_seed_044 recycle=3 pLDDT=74.8 pTM=0.583 tol=5.57
2026-07-22 19:23:14,855 alphafold2_ptm_model_3_seed_044 took 1.0s (3 recycles)
2026-07-22 19:23:15,132 alphafold2_ptm_model_4_seed_044 recycle=0 pLDDT=59.6 pTM=0.493
2026-07-22 19:23:15,384 alphafold2_ptm_model_4_seed_044 recycle=1 pLDDT=69.4 pTM=0.573 tol=5.69
2026-07-22 19:23:15,637 alphafold2_ptm_model_4_seed_044 recycle=2 pLDDT=82.2 pTM=0.65 tol=0.756
2026-07-22 19:23:15,890 alphafold2_ptm_model_4_seed_044 recycle=3 pLDDT=82.9 pTM=0.651 tol=0.0999
2026-07-22 19:23:15,890 alphafold2_ptm_model_4_seed_044 took 1.0s (3 recycles)
2026-07-22 19:23:16,164 alphafold2_ptm_model_5_seed_044 recycle=0 pLDDT=68.1 pTM=0.55
2026-07-22 19:23:16,416 alphafold2_ptm_model_5_seed_044 recycle=1 pLDDT=70.2 pTM=0.554 tol=0.732
2026-07-22 19:23:16,668 alphafold2_ptm_model_5_seed_044 recycle=2 pLDDT=70.7 pTM=0.549 tol=0.326
2026-07-22 19:23:16,920 alphafold2_ptm_model_5_seed_044 recycle=3 pLDDT=71.2 pTM=0.55 tol=0.145
2026-07-22 19:23:16,921 alphafold2_ptm_model_5_seed_044 took 1.0s (3 recycles)
2026-07-22 19:23:16,944 reranking models by 'plddt' metric
2026-07-22 19:23:16,944 rank_001_alphafold2_ptm_model_4_seed_042 pLDDT=83.2 pTM=0.655
2026-07-22 19:23:16,946 rank_002_alphafold2_ptm_model_4_seed_043 pLDDT=83.1 pTM=0.655
2026-07-22 19:23:16,947 rank_003_alphafold2_ptm_model_4_seed_044 pLDDT=82.9 pTM=0.651
2026-07-22 19:23:16,948 rank_004_alphafold2_ptm_model_1_seed_043 pLDDT=82.9 pTM=0.646
2026-07-22 19:23:16,949 rank_005_alphafold2_ptm_model_3_seed_042 pLDDT=75.2 pTM=0.589
2026-07-22 19:23:16,951 rank_006_alphafold2_ptm_model_3_seed_043 pLDDT=75 pTM=0.584
2026-07-22 19:23:16,952 rank_007_alphafold2_ptm_model_3_seed_044 pLDDT=74.8 pTM=0.583
2026-07-22 19:23:16,953 rank_008_alphafold2_ptm_model_2_seed_043 pLDDT=72.3 pTM=0.585
2026-07-22 19:23:16,954 rank_009_alphafold2_ptm_model_2_seed_044 pLDDT=71.8 pTM=0.583
2026-07-22 19:23:16,955 rank_010_alphafold2_ptm_model_5_seed_042 pLDDT=71.4 pTM=0.551
2026-07-22 19:23:16,956 rank_011_alphafold2_ptm_model_5_seed_044 pLDDT=71.2 pTM=0.55
2026-07-22 19:23:16,958 rank_012_alphafold2_ptm_model_5_seed_043 pLDDT=71 pTM=0.549
2026-07-22 19:23:16,959 rank_013_alphafold2_ptm_model_2_seed_042 pLDDT=71 pTM=0.582
2026-07-22 19:23:16,960 rank_014_alphafold2_ptm_model_1_seed_042 pLDDT=68.1 pTM=0.543
2026-07-22 19:23:16,961 rank_015_alphafold2_ptm_model_1_seed_044 pLDDT=67.9 pTM=0.54
2026-07-22 19:23:19,606 Skipping 5KPE_2_4_3_0_combined_id7 (already done)
2026-07-22 19:23:19,607 Query 40/426: 5KPE_4_4_9_0_combined_id3 (length 108)
2026-07-22 19:23:21,356 alphafold2_ptm_model_1_seed_042 recycle=0 pLDDT=74.9 pTM=0.568
2026-07-22 19:23:21,610 alphafold2_ptm_model_1_seed_042 recycle=1 pLDDT=87.6 pTM=0.699 tol=1.12
2026-07-22 19:23:21,864 alphafold2_ptm_model_1_seed_042 recycle=2 pLDDT=88.4 pTM=0.72 tol=0.154
2026-07-22 19:23:22,119 alphafold2_ptm_model_1_seed_042 recycle=3 pLDDT=89.1 pTM=0.729 tol=0.0641
2026-07-22 19:23:22,119 alphafold2_ptm_model_1_seed_042 took 1.0s (3 recycles)
2026-07-22 19:23:22,405 alphafold2_ptm_model_2_seed_042 recycle=0 pLDDT=59.5 pTM=0.513
2026-07-22 19:23:22,657 alphafold2_ptm_model_2_seed_042 recycle=1 pLDDT=61.2 pTM=0.504 tol=0.827
2026-07-22 19:23:22,910 alphafold2_ptm_model_2_seed_042 recycle=2 pLDDT=69.2 pTM=0.556 tol=6.25
2026-07-22 19:23:23,164 alphafold2_ptm_model_2_seed_042 recycle=3 pLDDT=86.3 pTM=0.716 tol=1.46
2026-07-22 19:23:23,164 alphafold2_ptm_model_2_seed_042 took 1.0s (3 recycles)
2026-07-22 19:23:23,443 alphafold2_ptm_model_3_seed_042 recycle=0 pLDDT=66 pTM=0.52
2026-07-22 19:23:23,695 alphafold2_ptm_model_3_seed_042 recycle=1 pLDDT=68.9 pTM=0.551 tol=0.579
2026-07-22 19:23:23,948 alphafold2_ptm_model_3_seed_042 recycle=2 pLDDT=68.3 pTM=0.55 tol=0.384
2026-07-22 19:23:24,200 alphafold2_ptm_model_3_seed_042 recycle=3 pLDDT=69.4 pTM=0.555 tol=0.279
2026-07-22 19:23:24,200 alphafold2_ptm_model_3_seed_042 took 1.0s (3 recycles)
2026-07-22 19:23:24,476 alphafold2_ptm_model_4_seed_042 recycle=0 pLDDT=67.1 pTM=0.554
2026-07-22 19:23:24,728 alphafold2_ptm_model_4_seed_042 recycle=1 pLDDT=70.2 pTM=0.573 tol=0.518
2026-07-22 19:23:24,979 alphafold2_ptm_model_4_seed_042 recycle=2 pLDDT=68.9 pTM=0.559 tol=0.287
2026-07-22 19:23:25,230 alphafold2_ptm_model_4_seed_042 recycle=3 pLDDT=68.5 pTM=0.553 tol=0.327
2026-07-22 19:23:25,230 alphafold2_ptm_model_4_seed_042 took 1.0s (3 recycles)
2026-07-22 19:23:25,503 alphafold2_ptm_model_5_seed_042 recycle=0 pLDDT=62.3 pTM=0.531
2026-07-22 19:23:25,755 alphafold2_ptm_model_5_seed_042 recycle=1 pLDDT=66.7 pTM=0.548 tol=0.518
2026-07-22 19:23:26,007 alphafold2_ptm_model_5_seed_042 recycle=2 pLDDT=69 pTM=0.561 tol=0.233
2026-07-22 19:23:26,259 alphafold2_ptm_model_5_seed_042 recycle=3 pLDDT=71.1 pTM=0.574 tol=0.226
2026-07-22 19:23:26,259 alphafold2_ptm_model_5_seed_042 took 1.0s (3 recycles)
2026-07-22 19:23:27,306 alphafold2_ptm_model_1_seed_043 recycle=0 pLDDT=68.3 pTM=0.522
2026-07-22 19:23:27,560 alphafold2_ptm_model_1_seed_043 recycle=1 pLDDT=86.2 pTM=0.691 tol=1.38
2026-07-22 19:23:27,817 alphafold2_ptm_model_1_seed_043 recycle=2 pLDDT=88.6 pTM=0.723 tol=0.241
2026-07-22 19:23:28,072 alphafold2_ptm_model_1_seed_043 recycle=3 pLDDT=88.9 pTM=0.729 tol=0.0562
2026-07-22 19:23:28,073 alphafold2_ptm_model_1_seed_043 took 1.0s (3 recycles)
2026-07-22 19:23:28,353 alphafold2_ptm_model_2_seed_043 recycle=0 pLDDT=59.8 pTM=0.51
2026-07-22 19:23:28,605 alphafold2_ptm_model_2_seed_043 recycle=1 pLDDT=61.7 pTM=0.511 tol=0.772
2026-07-22 19:23:28,860 alphafold2_ptm_model_2_seed_043 recycle=2 pLDDT=70.8 pTM=0.563 tol=6.16
2026-07-22 19:23:29,116 alphafold2_ptm_model_2_seed_043 recycle=3 pLDDT=86.4 pTM=0.714 tol=1.21
2026-07-22 19:23:29,116 alphafold2_ptm_model_2_seed_043 took 1.0s (3 recycles)
2026-07-22 19:23:29,396 alphafold2_ptm_model_3_seed_043 recycle=0 pLDDT=65.8 pTM=0.521
2026-07-22 19:23:29,651 alphafold2_ptm_model_3_seed_043 recycle=1 pLDDT=68.9 pTM=0.552 tol=0.51
2026-07-22 19:23:29,904 alphafold2_ptm_model_3_seed_043 recycle=2 pLDDT=67.9 pTM=0.547 tol=0.453
2026-07-22 19:23:30,156 alphafold2_ptm_model_3_seed_043 recycle=3 pLDDT=69.1 pTM=0.555 tol=0.362
2026-07-22 19:23:30,157 alphafold2_ptm_model_3_seed_043 took 1.0s (3 recycles)
2026-07-22 19:23:30,440 alphafold2_ptm_model_4_seed_043 recycle=0 pLDDT=68.2 pTM=0.559
2026-07-22 19:23:30,693 alphafold2_ptm_model_4_seed_043 recycle=1 pLDDT=69.6 pTM=0.566 tol=0.397
2026-07-22 19:23:30,945 alphafold2_ptm_model_4_seed_043 recycle=2 pLDDT=68.4 pTM=0.554 tol=0.233
2026-07-22 19:23:31,197 alphafold2_ptm_model_4_seed_043 recycle=3 pLDDT=69.2 pTM=0.558 tol=0.211
2026-07-22 19:23:31,198 alphafold2_ptm_model_4_seed_043 took 1.0s (3 recycles)
2026-07-22 19:23:31,475 alphafold2_ptm_model_5_seed_043 recycle=0 pLDDT=62.5 pTM=0.528
2026-07-22 19:23:31,728 alphafold2_ptm_model_5_seed_043 recycle=1 pLDDT=66.2 pTM=0.543 tol=0.436
2026-07-22 19:23:31,983 alphafold2_ptm_model_5_seed_043 recycle=2 pLDDT=68.4 pTM=0.561 tol=0.459
2026-07-22 19:23:32,235 alphafold2_ptm_model_5_seed_043 recycle=3 pLDDT=69.9 pTM=0.57 tol=0.237
2026-07-22 19:23:32,236 alphafold2_ptm_model_5_seed_043 took 1.0s (3 recycles)
2026-07-22 19:23:33,162 alphafold2_ptm_model_1_seed_044 recycle=0 pLDDT=58.4 pTM=0.47
2026-07-22 19:23:33,414 alphafold2_ptm_model_1_seed_044 recycle=1 pLDDT=79.9 pTM=0.641 tol=6.29
2026-07-22 19:23:33,669 alphafold2_ptm_model_1_seed_044 recycle=2 pLDDT=88.6 pTM=0.718 tol=0.874
2026-07-22 19:23:33,922 alphafold2_ptm_model_1_seed_044 recycle=3 pLDDT=88.8 pTM=0.725 tol=0.0867
2026-07-22 19:23:33,922 alphafold2_ptm_model_1_seed_044 took 1.0s (3 recycles)
2026-07-22 19:23:34,196 alphafold2_ptm_model_2_seed_044 recycle=0 pLDDT=59.4 pTM=0.507
2026-07-22 19:23:34,448 alphafold2_ptm_model_2_seed_044 recycle=1 pLDDT=61.8 pTM=0.512 tol=0.559
2026-07-22 19:23:34,700 alphafold2_ptm_model_2_seed_044 recycle=2 pLDDT=61.6 pTM=0.513 tol=0.536
2026-07-22 19:23:34,952 alphafold2_ptm_model_2_seed_044 recycle=3 pLDDT=62.6 pTM=0.513 tol=0.246
2026-07-22 19:23:34,952 alphafold2_ptm_model_2_seed_044 took 1.0s (3 recycles)
2026-07-22 19:23:35,225 alphafold2_ptm_model_3_seed_044 recycle=0 pLDDT=66.4 pTM=0.527
2026-07-22 19:23:35,477 alphafold2_ptm_model_3_seed_044 recycle=1 pLDDT=69.4 pTM=0.555 tol=0.94
2026-07-22 19:23:35,729 alphafold2_ptm_model_3_seed_044 recycle=2 pLDDT=68.4 pTM=0.55 tol=0.348
2026-07-22 19:23:35,980 alphafold2_ptm_model_3_seed_044 recycle=3 pLDDT=69.5 pTM=0.557 tol=0.285
2026-07-22 19:23:35,980 alphafold2_ptm_model_3_seed_044 took 1.0s (3 recycles)
2026-07-22 19:23:36,257 alphafold2_ptm_model_4_seed_044 recycle=0 pLDDT=68.5 pTM=0.563
2026-07-22 19:23:36,509 alphafold2_ptm_model_4_seed_044 recycle=1 pLDDT=69.9 pTM=0.57 tol=0.296
2026-07-22 19:23:36,761 alphafold2_ptm_model_4_seed_044 recycle=2 pLDDT=68.5 pTM=0.554 tol=0.227
2026-07-22 19:23:37,012 alphafold2_ptm_model_4_seed_044 recycle=3 pLDDT=69 pTM=0.556 tol=0.243
2026-07-22 19:23:37,012 alphafold2_ptm_model_4_seed_044 took 1.0s (3 recycles)
2026-07-22 19:23:37,289 alphafold2_ptm_model_5_seed_044 recycle=0 pLDDT=63.5 pTM=0.533
2026-07-22 19:23:37,541 alphafold2_ptm_model_5_seed_044 recycle=1 pLDDT=66.7 pTM=0.545 tol=0.614
2026-07-22 19:23:37,793 alphafold2_ptm_model_5_seed_044 recycle=2 pLDDT=68.8 pTM=0.558 tol=0.338
2026-07-22 19:23:38,046 alphafold2_ptm_model_5_seed_044 recycle=3 pLDDT=70.7 pTM=0.571 tol=0.211
2026-07-22 19:23:38,046 alphafold2_ptm_model_5_seed_044 took 1.0s (3 recycles)
2026-07-22 19:23:38,068 reranking models by 'plddt' metric
2026-07-22 19:23:38,068 rank_001_alphafold2_ptm_model_1_seed_042 pLDDT=89.1 pTM=0.729
2026-07-22 19:23:38,069 rank_002_alphafold2_ptm_model_1_seed_043 pLDDT=88.9 pTM=0.729
2026-07-22 19:23:38,070 rank_003_alphafold2_ptm_model_1_seed_044 pLDDT=88.8 pTM=0.725
2026-07-22 19:23:38,071 rank_004_alphafold2_ptm_model_2_seed_043 pLDDT=86.4 pTM=0.714
2026-07-22 19:23:38,072 rank_005_alphafold2_ptm_model_2_seed_042 pLDDT=86.3 pTM=0.716
2026-07-22 19:23:38,073 rank_006_alphafold2_ptm_model_5_seed_042 pLDDT=71.1 pTM=0.574
2026-07-22 19:23:38,075 rank_007_alphafold2_ptm_model_5_seed_044 pLDDT=70.7 pTM=0.571
2026-07-22 19:23:38,076 rank_008_alphafold2_ptm_model_5_seed_043 pLDDT=69.9 pTM=0.57
2026-07-22 19:23:38,077 rank_009_alphafold2_ptm_model_3_seed_044 pLDDT=69.5 pTM=0.557
2026-07-22 19:23:38,078 rank_010_alphafold2_ptm_model_3_seed_042 pLDDT=69.4 pTM=0.555
2026-07-22 19:23:38,079 rank_011_alphafold2_ptm_model_4_seed_043 pLDDT=69.2 pTM=0.558
2026-07-22 19:23:38,081 rank_012_alphafold2_ptm_model_3_seed_043 pLDDT=69.1 pTM=0.555
2026-07-22 19:23:38,082 rank_013_alphafold2_ptm_model_4_seed_044 pLDDT=69 pTM=0.556
2026-07-22 19:23:38,083 rank_014_alphafold2_ptm_model_4_seed_042 pLDDT=68.5 pTM=0.553
2026-07-22 19:23:38,084 rank_015_alphafold2_ptm_model_2_seed_044 pLDDT=62.6 pTM=0.513
2026-07-22 19:23:40,216 Query 41/426: 5KPE_4_4_9_0_combined_id4 (length 108)
2026-07-22 19:23:41,862 alphafold2_ptm_model_1_seed_042 recycle=0 pLDDT=56.7 pTM=0.454
2026-07-22 19:23:42,114 alphafold2_ptm_model_1_seed_042 recycle=1 pLDDT=77.6 pTM=0.595 tol=5.82
2026-07-22 19:23:42,368 alphafold2_ptm_model_1_seed_042 recycle=2 pLDDT=89.8 pTM=0.767 tol=1.71
2026-07-22 19:23:42,624 alphafold2_ptm_model_1_seed_042 recycle=3 pLDDT=90.8 pTM=0.787 tol=0.0911
2026-07-22 19:23:42,624 alphafold2_ptm_model_1_seed_042 took 1.0s (3 recycles)
2026-07-22 19:23:42,899 alphafold2_ptm_model_2_seed_042 recycle=0 pLDDT=57 pTM=0.476
2026-07-22 19:23:43,151 alphafold2_ptm_model_2_seed_042 recycle=1 pLDDT=78.3 pTM=0.609 tol=6.61
2026-07-22 19:23:43,405 alphafold2_ptm_model_2_seed_042 recycle=2 pLDDT=81.1 pTM=0.643 tol=1.91
2026-07-22 19:23:43,660 alphafold2_ptm_model_2_seed_042 recycle=3 pLDDT=89.8 pTM=0.785 tol=1.76
2026-07-22 19:23:43,660 alphafold2_ptm_model_2_seed_042 took 1.0s (3 recycles)
2026-07-22 19:23:43,937 alphafold2_ptm_model_3_seed_042 recycle=0 pLDDT=63.9 pTM=0.492
2026-07-22 19:23:44,190 alphafold2_ptm_model_3_seed_042 recycle=1 pLDDT=66.2 pTM=0.502 tol=5.98
2026-07-22 19:23:44,445 alphafold2_ptm_model_3_seed_042 recycle=2 pLDDT=86.4 pTM=0.722 tol=1.33
2026-07-22 19:23:44,702 alphafold2_ptm_model_3_seed_042 recycle=3 pLDDT=89.1 pTM=0.789 tol=0.166
2026-07-22 19:23:44,702 alphafold2_ptm_model_3_seed_042 took 1.0s (3 recycles)
2026-07-22 19:23:44,996 alphafold2_ptm_model_4_seed_042 recycle=0 pLDDT=61.4 pTM=0.443
2026-07-22 19:23:45,249 alphafold2_ptm_model_4_seed_042 recycle=1 pLDDT=60.1 pTM=0.42 tol=1.14
2026-07-22 19:23:45,500 alphafold2_ptm_model_4_seed_042 recycle=2 pLDDT=63.5 pTM=0.49 tol=0.802
2026-07-22 19:23:45,753 alphafold2_ptm_model_4_seed_042 recycle=3 pLDDT=63.2 pTM=0.48 tol=0.422
2026-07-22 19:23:45,753 alphafold2_ptm_model_4_seed_042 took 1.0s (3 recycles)
2026-07-22 19:23:46,045 alphafold2_ptm_model_5_seed_042 recycle=0 pLDDT=56.8 pTM=0.485
2026-07-22 19:23:46,297 alphafold2_ptm_model_5_seed_042 recycle=1 pLDDT=68.2 pTM=0.533 tol=6.57
2026-07-22 19:23:46,552 alphafold2_ptm_model_5_seed_042 recycle=2 pLDDT=87.9 pTM=0.749 tol=2.04
2026-07-22 19:23:46,807 alphafold2_ptm_model_5_seed_042 recycle=3 pLDDT=89.8 pTM=0.775 tol=0.12
2026-07-22 19:23:46,807 alphafold2_ptm_model_5_seed_042 took 1.0s (3 recycles)
2026-07-22 19:23:47,826 alphafold2_ptm_model_1_seed_043 recycle=0 pLDDT=56.6 pTM=0.456
2026-07-22 19:23:48,078 alphafold2_ptm_model_1_seed_043 recycle=1 pLDDT=77.4 pTM=0.596 tol=5.8
2026-07-22 19:23:48,333 alphafold2_ptm_model_1_seed_043 recycle=2 pLDDT=89.8 pTM=0.764 tol=1.81
2026-07-22 19:23:48,590 alphafold2_ptm_model_1_seed_043 recycle=3 pLDDT=90.7 pTM=0.786 tol=0.0913
2026-07-22 19:23:48,590 alphafold2_ptm_model_1_seed_043 took 1.0s (3 recycles)
2026-07-22 19:23:48,867 alphafold2_ptm_model_2_seed_043 recycle=0 pLDDT=57.5 pTM=0.482
2026-07-22 19:23:49,120 alphafold2_ptm_model_2_seed_043 recycle=1 pLDDT=76.6 pTM=0.594 tol=6.5
2026-07-22 19:23:49,373 alphafold2_ptm_model_2_seed_043 recycle=2 pLDDT=79.9 pTM=0.63 tol=1.83
2026-07-22 19:23:49,629 alphafold2_ptm_model_2_seed_043 recycle=3 pLDDT=89.7 pTM=0.784 tol=1.42
2026-07-22 19:23:49,629 alphafold2_ptm_model_2_seed_043 took 1.0s (3 recycles)
2026-07-22 19:23:49,907 alphafold2_ptm_model_3_seed_043 recycle=0 pLDDT=63.5 pTM=0.49
2026-07-22 19:23:50,161 alphafold2_ptm_model_3_seed_043 recycle=1 pLDDT=67.2 pTM=0.509 tol=5.99
2026-07-22 19:23:50,416 alphafold2_ptm_model_3_seed_043 recycle=2 pLDDT=86.1 pTM=0.722 tol=1.08
2026-07-22 19:23:50,674 alphafold2_ptm_model_3_seed_043 recycle=3 pLDDT=89.2 pTM=0.789 tol=0.199
2026-07-22 19:23:50,674 alphafold2_ptm_model_3_seed_043 took 1.0s (3 recycles)
2026-07-22 19:23:50,952 alphafold2_ptm_model_4_seed_043 recycle=0 pLDDT=60.6 pTM=0.43
2026-07-22 19:23:51,204 alphafold2_ptm_model_4_seed_043 recycle=1 pLDDT=61.5 pTM=0.448 tol=1.21
2026-07-22 19:23:51,457 alphafold2_ptm_model_4_seed_043 recycle=2 pLDDT=62.3 pTM=0.471 tol=0.441
2026-07-22 19:23:51,709 alphafold2_ptm_model_4_seed_043 recycle=3 pLDDT=61.7 pTM=0.483 tol=0.348
2026-07-22 19:23:51,709 alphafold2_ptm_model_4_seed_043 took 1.0s (3 recycles)
2026-07-22 19:23:51,986 alphafold2_ptm_model_5_seed_043 recycle=0 pLDDT=57.2 pTM=0.488
2026-07-22 19:23:52,239 alphafold2_ptm_model_5_seed_043 recycle=1 pLDDT=64.4 pTM=0.511 tol=6.6
2026-07-22 19:23:52,492 alphafold2_ptm_model_5_seed_043 recycle=2 pLDDT=80.1 pTM=0.604 tol=2.22
2026-07-22 19:23:52,746 alphafold2_ptm_model_5_seed_043 recycle=3 pLDDT=87.5 pTM=0.739 tol=0.465
2026-07-22 19:23:52,747 alphafold2_ptm_model_5_seed_043 took 1.0s (3 recycles)
2026-07-22 19:23:53,997 alphafold2_ptm_model_1_seed_044 recycle=0 pLDDT=57.1 pTM=0.464
2026-07-22 19:23:54,249 alphafold2_ptm_model_1_seed_044 recycle=1 pLDDT=77.9 pTM=0.59 tol=5.98
2026-07-22 19:23:54,503 alphafold2_ptm_model_1_seed_044 recycle=2 pLDDT=87.9 pTM=0.732 tol=0.583
2026-07-22 19:23:54,760 alphafold2_ptm_model_1_seed_044 recycle=3 pLDDT=90.5 pTM=0.781 tol=0.104
2026-07-22 19:23:54,760 alphafold2_ptm_model_1_seed_044 took 1.0s (3 recycles)
2026-07-22 19:23:55,036 alphafold2_ptm_model_2_seed_044 recycle=0 pLDDT=57.7 pTM=0.49
2026-07-22 19:23:55,288 alphafold2_ptm_model_2_seed_044 recycle=1 pLDDT=76.4 pTM=0.589 tol=6.5
2026-07-22 19:23:55,544 alphafold2_ptm_model_2_seed_044 recycle=2 pLDDT=89.8 pTM=0.792 tol=1.05
2026-07-22 19:23:55,802 alphafold2_ptm_model_2_seed_044 recycle=3 pLDDT=91.6 pTM=0.825 tol=0.0967
2026-07-22 19:23:55,802 alphafold2_ptm_model_2_seed_044 took 1.0s (3 recycles)
2026-07-22 19:23:56,096 alphafold2_ptm_model_3_seed_044 recycle=0 pLDDT=63.4 pTM=0.495
2026-07-22 19:23:56,348 alphafold2_ptm_model_3_seed_044 recycle=1 pLDDT=65.9 pTM=0.504 tol=6.02
2026-07-22 19:23:56,601 alphafold2_ptm_model_3_seed_044 recycle=2 pLDDT=86.2 pTM=0.714 tol=1.64
2026-07-22 19:23:56,856 alphafold2_ptm_model_3_seed_044 recycle=3 pLDDT=88.9 pTM=0.788 tol=0.182
2026-07-22 19:23:56,856 alphafold2_ptm_model_3_seed_044 took 1.0s (3 recycles)
2026-07-22 19:23:57,129 alphafold2_ptm_model_4_seed_044 recycle=0 pLDDT=60.2 pTM=0.468
2026-07-22 19:23:57,380 alphafold2_ptm_model_4_seed_044 recycle=1 pLDDT=60.9 pTM=0.45 tol=1.29
2026-07-22 19:23:57,631 alphafold2_ptm_model_4_seed_044 recycle=2 pLDDT=62.9 pTM=0.487 tol=0.434
2026-07-22 19:23:57,881 alphafold2_ptm_model_4_seed_044 recycle=3 pLDDT=62.3 pTM=0.467 tol=0.392
2026-07-22 19:23:57,881 alphafold2_ptm_model_4_seed_044 took 1.0s (3 recycles)
2026-07-22 19:23:58,175 alphafold2_ptm_model_5_seed_044 recycle=0 pLDDT=56.3 pTM=0.489
2026-07-22 19:23:58,427 alphafold2_ptm_model_5_seed_044 recycle=1 pLDDT=61.3 pTM=0.508 tol=1.9
2026-07-22 19:23:58,679 alphafold2_ptm_model_5_seed_044 recycle=2 pLDDT=61 pTM=0.502 tol=0.975
2026-07-22 19:23:58,930 alphafold2_ptm_model_5_seed_044 recycle=3 pLDDT=61.7 pTM=0.498 tol=0.234
2026-07-22 19:23:58,930 alphafold2_ptm_model_5_seed_044 took 1.0s (3 recycles)
2026-07-22 19:23:58,954 reranking models by 'plddt' metric
2026-07-22 19:23:58,954 rank_001_alphafold2_ptm_model_2_seed_044 pLDDT=91.6 pTM=0.825
2026-07-22 19:23:58,955 rank_002_alphafold2_ptm_model_1_seed_042 pLDDT=90.8 pTM=0.787
2026-07-22 19:23:58,956 rank_003_alphafold2_ptm_model_1_seed_043 pLDDT=90.7 pTM=0.786
2026-07-22 19:23:58,958 rank_004_alphafold2_ptm_model_1_seed_044 pLDDT=90.5 pTM=0.781
2026-07-22 19:23:58,959 rank_005_alphafold2_ptm_model_5_seed_042 pLDDT=89.8 pTM=0.775
2026-07-22 19:23:58,961 rank_006_alphafold2_ptm_model_2_seed_042 pLDDT=89.8 pTM=0.785
2026-07-22 19:23:58,962 rank_007_alphafold2_ptm_model_2_seed_043 pLDDT=89.7 pTM=0.784
2026-07-22 19:23:58,963 rank_008_alphafold2_ptm_model_3_seed_043 pLDDT=89.2 pTM=0.789
2026-07-22 19:23:58,964 rank_009_alphafold2_ptm_model_3_seed_042 pLDDT=89.1 pTM=0.789
2026-07-22 19:23:58,966 rank_010_alphafold2_ptm_model_3_seed_044 pLDDT=88.9 pTM=0.788
2026-07-22 19:23:58,967 rank_011_alphafold2_ptm_model_5_seed_043 pLDDT=87.5 pTM=0.739
2026-07-22 19:23:58,968 rank_012_alphafold2_ptm_model_4_seed_042 pLDDT=63.2 pTM=0.48
2026-07-22 19:23:58,969 rank_013_alphafold2_ptm_model_4_seed_044 pLDDT=62.3 pTM=0.467
2026-07-22 19:23:58,970 rank_014_alphafold2_ptm_model_4_seed_043 pLDDT=61.7 pTM=0.483
2026-07-22 19:23:58,972 rank_015_alphafold2_ptm_model_5_seed_044 pLDDT=61.7 pTM=0.498
2026-07-22 19:24:01,154 Query 42/426: 5KPE_4_4_9_0_combined_id5 (length 108)
2026-07-22 19:24:02,896 alphafold2_ptm_model_1_seed_042 recycle=0 pLDDT=61.7 pTM=0.499
2026-07-22 19:24:03,147 alphafold2_ptm_model_1_seed_042 recycle=1 pLDDT=62.7 pTM=0.499 tol=2.75
2026-07-22 19:24:03,399 alphafold2_ptm_model_1_seed_042 recycle=2 pLDDT=61.9 pTM=0.497 tol=2.79
2026-07-22 19:24:03,654 alphafold2_ptm_model_1_seed_042 recycle=3 pLDDT=89.8 pTM=0.756 tol=6.01
2026-07-22 19:24:03,654 alphafold2_ptm_model_1_seed_042 took 1.0s (3 recycles)
2026-07-22 19:24:03,932 alphafold2_ptm_model_2_seed_042 recycle=0 pLDDT=64.5 pTM=0.523
2026-07-22 19:24:04,185 alphafold2_ptm_model_2_seed_042 recycle=1 pLDDT=63.2 pTM=0.508 tol=1.44
2026-07-22 19:24:04,440 alphafold2_ptm_model_2_seed_042 recycle=2 pLDDT=63.2 pTM=0.508 tol=0.61
2026-07-22 19:24:04,693 alphafold2_ptm_model_2_seed_042 recycle=3 pLDDT=62.7 pTM=0.505 tol=0.466
2026-07-22 19:24:04,694 alphafold2_ptm_model_2_seed_042 took 1.0s (3 recycles)
2026-07-22 19:24:04,968 alphafold2_ptm_model_3_seed_042 recycle=0 pLDDT=65.8 pTM=0.491
2026-07-22 19:24:05,220 alphafold2_ptm_model_3_seed_042 recycle=1 pLDDT=66.1 pTM=0.5 tol=0.852
2026-07-22 19:24:05,473 alphafold2_ptm_model_3_seed_042 recycle=2 pLDDT=66.2 pTM=0.504 tol=0.385
2026-07-22 19:24:05,725 alphafold2_ptm_model_3_seed_042 recycle=3 pLDDT=67.8 pTM=0.521 tol=0.786
2026-07-22 19:24:05,726 alphafold2_ptm_model_3_seed_042 took 1.0s (3 recycles)
2026-07-22 19:24:06,002 alphafold2_ptm_model_4_seed_042 recycle=0 pLDDT=65.6 pTM=0.505
2026-07-22 19:24:06,254 alphafold2_ptm_model_4_seed_042 recycle=1 pLDDT=66 pTM=0.524 tol=0.828
2026-07-22 19:24:06,506 alphafold2_ptm_model_4_seed_042 recycle=2 pLDDT=64.8 pTM=0.517 tol=0.702
2026-07-22 19:24:06,759 alphafold2_ptm_model_4_seed_042 recycle=3 pLDDT=62.8 pTM=0.49 tol=0.775
2026-07-22 19:24:06,759 alphafold2_ptm_model_4_seed_042 took 1.0s (3 recycles)
2026-07-22 19:24:07,063 alphafold2_ptm_model_5_seed_042 recycle=0 pLDDT=62.8 pTM=0.51
2026-07-22 19:24:07,316 alphafold2_ptm_model_5_seed_042 recycle=1 pLDDT=65.3 pTM=0.515 tol=0.559
2026-07-22 19:24:07,568 alphafold2_ptm_model_5_seed_042 recycle=2 pLDDT=66 pTM=0.516 tol=0.327
2026-07-22 19:24:07,820 alphafold2_ptm_model_5_seed_042 recycle=3 pLDDT=66.5 pTM=0.52 tol=0.463
2026-07-22 19:24:07,820 alphafold2_ptm_model_5_seed_042 took 1.0s (3 recycles)
2026-07-22 19:24:08,778 alphafold2_ptm_model_1_seed_043 recycle=0 pLDDT=62.3 pTM=0.507
2026-07-22 19:24:09,030 alphafold2_ptm_model_1_seed_043 recycle=1 pLDDT=62.5 pTM=0.5 tol=0.838
2026-07-22 19:24:09,285 alphafold2_ptm_model_1_seed_043 recycle=2 pLDDT=88.5 pTM=0.738 tol=5.95
2026-07-22 19:24:09,542 alphafold2_ptm_model_1_seed_043 recycle=3 pLDDT=91.5 pTM=0.794 tol=0.303
2026-07-22 19:24:09,543 alphafold2_ptm_model_1_seed_043 took 1.0s (3 recycles)
2026-07-22 19:24:09,824 alphafold2_ptm_model_2_seed_043 recycle=0 pLDDT=64 pTM=0.521
2026-07-22 19:24:10,078 alphafold2_ptm_model_2_seed_043 recycle=1 pLDDT=63.5 pTM=0.508 tol=1.13
2026-07-22 19:24:10,331 alphafold2_ptm_model_2_seed_043 recycle=2 pLDDT=62.7 pTM=0.508 tol=0.623
2026-07-22 19:24:10,584 alphafold2_ptm_model_2_seed_043 recycle=3 pLDDT=62.1 pTM=0.504 tol=0.928
2026-07-22 19:24:10,584 alphafold2_ptm_model_2_seed_043 took 1.0s (3 recycles)
2026-07-22 19:24:10,859 alphafold2_ptm_model_3_seed_043 recycle=0 pLDDT=65.6 pTM=0.494
2026-07-22 19:24:11,111 alphafold2_ptm_model_3_seed_043 recycle=1 pLDDT=66.2 pTM=0.506 tol=1.3
2026-07-22 19:24:11,364 alphafold2_ptm_model_3_seed_043 recycle=2 pLDDT=66.7 pTM=0.51 tol=0.733
2026-07-22 19:24:11,615 alphafold2_ptm_model_3_seed_043 recycle=3 pLDDT=67.8 pTM=0.515 tol=0.529
2026-07-22 19:24:11,616 alphafold2_ptm_model_3_seed_043 took 1.0s (3 recycles)
2026-07-22 19:24:11,897 alphafold2_ptm_model_4_seed_043 recycle=0 pLDDT=65.6 pTM=0.506
2026-07-22 19:24:12,148 alphafold2_ptm_model_4_seed_043 recycle=1 pLDDT=67 pTM=0.534 tol=1.74
2026-07-22 19:24:12,400 alphafold2_ptm_model_4_seed_043 recycle=2 pLDDT=64.7 pTM=0.52 tol=0.346
2026-07-22 19:24:12,651 alphafold2_ptm_model_4_seed_043 recycle=3 pLDDT=64.6 pTM=0.506 tol=0.883
2026-07-22 19:24:12,651 alphafold2_ptm_model_4_seed_043 took 1.0s (3 recycles)
2026-07-22 19:24:12,953 alphafold2_ptm_model_5_seed_043 recycle=0 pLDDT=60.7 pTM=0.493
2026-07-22 19:24:13,204 alphafold2_ptm_model_5_seed_043 recycle=1 pLDDT=64.8 pTM=0.509 tol=0.692
2026-07-22 19:24:13,456 alphafold2_ptm_model_5_seed_043 recycle=2 pLDDT=64.8 pTM=0.5 tol=0.71
2026-07-22 19:24:13,707 alphafold2_ptm_model_5_seed_043 recycle=3 pLDDT=66.1 pTM=0.515 tol=0.452
2026-07-22 19:24:13,707 alphafold2_ptm_model_5_seed_043 took 1.0s (3 recycles)
2026-07-22 19:24:14,713 alphafold2_ptm_model_1_seed_044 recycle=0 pLDDT=61.6 pTM=0.495
2026-07-22 19:24:14,965 alphafold2_ptm_model_1_seed_044 recycle=1 pLDDT=62.2 pTM=0.499 tol=1.04
2026-07-22 19:24:15,220 alphafold2_ptm_model_1_seed_044 recycle=2 pLDDT=88.2 pTM=0.731 tol=6.02
2026-07-22 19:24:15,477 alphafold2_ptm_model_1_seed_044 recycle=3 pLDDT=91.6 pTM=0.795 tol=0.305
2026-07-22 19:24:15,477 alphafold2_ptm_model_1_seed_044 took 1.0s (3 recycles)
2026-07-22 19:24:15,756 alphafold2_ptm_model_2_seed_044 recycle=0 pLDDT=62.8 pTM=0.505
2026-07-22 19:24:16,010 alphafold2_ptm_model_2_seed_044 recycle=1 pLDDT=64.2 pTM=0.517 tol=1.43
2026-07-22 19:24:16,265 alphafold2_ptm_model_2_seed_044 recycle=2 pLDDT=62.5 pTM=0.501 tol=0.849
2026-07-22 19:24:16,518 alphafold2_ptm_model_2_seed_044 recycle=3 pLDDT=62.6 pTM=0.501 tol=0.538
2026-07-22 19:24:16,518 alphafold2_ptm_model_2_seed_044 took 1.0s (3 recycles)
2026-07-22 19:24:16,793 alphafold2_ptm_model_3_seed_044 recycle=0 pLDDT=66.4 pTM=0.498
2026-07-22 19:24:17,044 alphafold2_ptm_model_3_seed_044 recycle=1 pLDDT=66.4 pTM=0.507 tol=1.81
2026-07-22 19:24:17,297 alphafold2_ptm_model_3_seed_044 recycle=2 pLDDT=67.1 pTM=0.509 tol=1.21
2026-07-22 19:24:17,549 alphafold2_ptm_model_3_seed_044 recycle=3 pLDDT=67.1 pTM=0.518 tol=0.482
2026-07-22 19:24:17,549 alphafold2_ptm_model_3_seed_044 took 1.0s (3 recycles)
2026-07-22 19:24:17,838 alphafold2_ptm_model_4_seed_044 recycle=0 pLDDT=65.4 pTM=0.505
2026-07-22 19:24:18,090 alphafold2_ptm_model_4_seed_044 recycle=1 pLDDT=66.2 pTM=0.529 tol=1.25
2026-07-22 19:24:18,342 alphafold2_ptm_model_4_seed_044 recycle=2 pLDDT=65.1 pTM=0.52 tol=0.707
2026-07-22 19:24:18,593 alphafold2_ptm_model_4_seed_044 recycle=3 pLDDT=63.6 pTM=0.494 tol=0.882
2026-07-22 19:24:18,594 alphafold2_ptm_model_4_seed_044 took 1.0s (3 recycles)
2026-07-22 19:24:18,883 alphafold2_ptm_model_5_seed_044 recycle=0 pLDDT=61.7 pTM=0.502
2026-07-22 19:24:19,135 alphafold2_ptm_model_5_seed_044 recycle=1 pLDDT=65.6 pTM=0.52 tol=0.593
2026-07-22 19:24:19,387 alphafold2_ptm_model_5_seed_044 recycle=2 pLDDT=65.9 pTM=0.516 tol=0.229
2026-07-22 19:24:19,639 alphafold2_ptm_model_5_seed_044 recycle=3 pLDDT=66.1 pTM=0.514 tol=0.505
2026-07-22 19:24:19,639 alphafold2_ptm_model_5_seed_044 took 1.0s (3 recycles)
2026-07-22 19:24:19,664 reranking models by 'plddt' metric
2026-07-22 19:24:19,664 rank_001_alphafold2_ptm_model_1_seed_044 pLDDT=91.6 pTM=0.795
2026-07-22 19:24:19,665 rank_002_alphafold2_ptm_model_1_seed_043 pLDDT=91.5 pTM=0.794
2026-07-22 19:24:19,666 rank_003_alphafold2_ptm_model_1_seed_042 pLDDT=89.8 pTM=0.756
2026-07-22 19:24:19,668 rank_004_alphafold2_ptm_model_3_seed_043 pLDDT=67.8 pTM=0.515
2026-07-22 19:24:19,669 rank_005_alphafold2_ptm_model_3_seed_042 pLDDT=67.8 pTM=0.521
2026-07-22 19:24:19,670 rank_006_alphafold2_ptm_model_3_seed_044 pLDDT=67.1 pTM=0.518
2026-07-22 19:24:19,671 rank_007_alphafold2_ptm_model_5_seed_042 pLDDT=66.5 pTM=0.52
2026-07-22 19:24:19,673 rank_008_alphafold2_ptm_model_5_seed_044 pLDDT=66.1 pTM=0.514
2026-07-22 19:24:19,674 rank_009_alphafold2_ptm_model_5_seed_043 pLDDT=66.1 pTM=0.515
2026-07-22 19:24:19,675 rank_010_alphafold2_ptm_model_4_seed_043 pLDDT=64.6 pTM=0.506
2026-07-22 19:24:19,676 rank_011_alphafold2_ptm_model_4_seed_044 pLDDT=63.6 pTM=0.494
2026-07-22 19:24:19,677 rank_012_alphafold2_ptm_model_4_seed_042 pLDDT=62.8 pTM=0.49
2026-07-22 19:24:19,679 rank_013_alphafold2_ptm_model_2_seed_042 pLDDT=62.7 pTM=0.505
2026-07-22 19:24:19,680 rank_014_alphafold2_ptm_model_2_seed_044 pLDDT=62.6 pTM=0.501
2026-07-22 19:24:19,681 rank_015_alphafold2_ptm_model_2_seed_043 pLDDT=62.1 pTM=0.504
2026-07-22 19:24:21,922 Query 43/426: 5KPE_4_4_9_0_combined_id8 (length 108)
2026-07-22 19:24:23,688 alphafold2_ptm_model_1_seed_042 recycle=0 pLDDT=74.3 pTM=0.584
2026-07-22 19:24:23,941 alphafold2_ptm_model_1_seed_042 recycle=1 pLDDT=82.9 pTM=0.66 tol=0.862
2026-07-22 19:24:24,195 alphafold2_ptm_model_1_seed_042 recycle=2 pLDDT=86.1 pTM=0.69 tol=0.307
2026-07-22 19:24:24,449 alphafold2_ptm_model_1_seed_042 recycle=3 pLDDT=87.4 pTM=0.7 tol=0.084
2026-07-22 19:24:24,450 alphafold2_ptm_model_1_seed_042 took 1.0s (3 recycles)
2026-07-22 19:24:24,727 alphafold2_ptm_model_2_seed_042 recycle=0 pLDDT=60.9 pTM=0.528
2026-07-22 19:24:24,980 alphafold2_ptm_model_2_seed_042 recycle=1 pLDDT=57.8 pTM=0.52 tol=4.1
2026-07-22 19:24:25,234 alphafold2_ptm_model_2_seed_042 recycle=2 pLDDT=82.6 pTM=0.671 tol=5.13
2026-07-22 19:24:25,488 alphafold2_ptm_model_2_seed_042 recycle=3 pLDDT=83.6 pTM=0.678 tol=0.272
2026-07-22 19:24:25,488 alphafold2_ptm_model_2_seed_042 took 1.0s (3 recycles)
2026-07-22 19:24:25,766 alphafold2_ptm_model_3_seed_042 recycle=0 pLDDT=66.9 pTM=0.546
2026-07-22 19:24:26,019 alphafold2_ptm_model_3_seed_042 recycle=1 pLDDT=69.5 pTM=0.556 tol=0.806
2026-07-22 19:24:26,272 alphafold2_ptm_model_3_seed_042 recycle=2 pLDDT=69.2 pTM=0.557 tol=0.323
2026-07-22 19:24:26,524 alphafold2_ptm_model_3_seed_042 recycle=3 pLDDT=67.8 pTM=0.542 tol=0.22
2026-07-22 19:24:26,524 alphafold2_ptm_model_3_seed_042 took 1.0s (3 recycles)
2026-07-22 19:24:26,800 alphafold2_ptm_model_4_seed_042 recycle=0 pLDDT=64.4 pTM=0.521
2026-07-22 19:24:27,053 alphafold2_ptm_model_4_seed_042 recycle=1 pLDDT=72.9 pTM=0.559 tol=5.87
2026-07-22 19:24:27,307 alphafold2_ptm_model_4_seed_042 recycle=2 pLDDT=81.8 pTM=0.648 tol=1.49
2026-07-22 19:24:27,562 alphafold2_ptm_model_4_seed_042 recycle=3 pLDDT=85.9 pTM=0.693 tol=0.502
2026-07-22 19:24:27,563 alphafold2_ptm_model_4_seed_042 took 1.0s (3 recycles)
2026-07-22 19:24:27,841 alphafold2_ptm_model_5_seed_042 recycle=0 pLDDT=62.3 pTM=0.54
2026-07-22 19:24:28,095 alphafold2_ptm_model_5_seed_042 recycle=1 pLDDT=71.5 pTM=0.599 tol=1.01
2026-07-22 19:24:28,349 alphafold2_ptm_model_5_seed_042 recycle=2 pLDDT=69.9 pTM=0.581 tol=0.223
2026-07-22 19:24:28,602 alphafold2_ptm_model_5_seed_042 recycle=3 pLDDT=71.8 pTM=0.595 tol=0.218
2026-07-22 19:24:28,602 alphafold2_ptm_model_5_seed_042 took 1.0s (3 recycles)
2026-07-22 19:24:29,614 alphafold2_ptm_model_1_seed_043 recycle=0 pLDDT=73.8 pTM=0.578
2026-07-22 19:24:29,867 alphafold2_ptm_model_1_seed_043 recycle=1 pLDDT=83.2 pTM=0.664 tol=1.08
2026-07-22 19:24:30,121 alphafold2_ptm_model_1_seed_043 recycle=2 pLDDT=86.4 pTM=0.69 tol=0.301
2026-07-22 19:24:30,374 alphafold2_ptm_model_1_seed_043 recycle=3 pLDDT=87.8 pTM=0.701 tol=0.0785
2026-07-22 19:24:30,374 alphafold2_ptm_model_1_seed_043 took 1.0s (3 recycles)
2026-07-22 19:24:30,648 alphafold2_ptm_model_2_seed_043 recycle=0 pLDDT=61.2 pTM=0.52
2026-07-22 19:24:30,901 alphafold2_ptm_model_2_seed_043 recycle=1 pLDDT=81.5 pTM=0.646 tol=5.49
2026-07-22 19:24:31,154 alphafold2_ptm_model_2_seed_043 recycle=2 pLDDT=84.5 pTM=0.689 tol=0.42
2026-07-22 19:24:31,408 alphafold2_ptm_model_2_seed_043 recycle=3 pLDDT=83.7 pTM=0.683 tol=0.124
2026-07-22 19:24:31,408 alphafold2_ptm_model_2_seed_043 took 1.0s (3 recycles)
2026-07-22 19:24:31,683 alphafold2_ptm_model_3_seed_043 recycle=0 pLDDT=62.9 pTM=0.509
2026-07-22 19:24:31,935 alphafold2_ptm_model_3_seed_043 recycle=1 pLDDT=66.8 pTM=0.528 tol=2.23
2026-07-22 19:24:32,187 alphafold2_ptm_model_3_seed_043 recycle=2 pLDDT=67.2 pTM=0.539 tol=0.25
2026-07-22 19:24:32,440 alphafold2_ptm_model_3_seed_043 recycle=3 pLDDT=62.7 pTM=0.508 tol=3.84
2026-07-22 19:24:32,440 alphafold2_ptm_model_3_seed_043 took 1.0s (3 recycles)
2026-07-22 19:24:32,720 alphafold2_ptm_model_4_seed_043 recycle=0 pLDDT=63.6 pTM=0.528
2026-07-22 19:24:32,972 alphafold2_ptm_model_4_seed_043 recycle=1 pLDDT=73.2 pTM=0.598 tol=1.36
2026-07-22 19:24:33,224 alphafold2_ptm_model_4_seed_043 recycle=2 pLDDT=68.8 pTM=0.567 tol=0.359
2026-07-22 19:24:33,476 alphafold2_ptm_model_4_seed_043 recycle=3 pLDDT=71.9 pTM=0.594 tol=0.366
2026-07-22 19:24:33,477 alphafold2_ptm_model_4_seed_043 took 1.0s (3 recycles)
2026-07-22 19:24:33,751 alphafold2_ptm_model_5_seed_043 recycle=0 pLDDT=63.1 pTM=0.543
2026-07-22 19:24:34,004 alphafold2_ptm_model_5_seed_043 recycle=1 pLDDT=71.3 pTM=0.599 tol=1.13
2026-07-22 19:24:34,256 alphafold2_ptm_model_5_seed_043 recycle=2 pLDDT=70.2 pTM=0.582 tol=0.2
2026-07-22 19:24:34,508 alphafold2_ptm_model_5_seed_043 recycle=3 pLDDT=71.9 pTM=0.593 tol=0.211
2026-07-22 19:24:34,509 alphafold2_ptm_model_5_seed_043 took 1.0s (3 recycles)
2026-07-22 19:24:35,868 alphafold2_ptm_model_1_seed_044 recycle=0 pLDDT=68.1 pTM=0.542
2026-07-22 19:24:36,121 alphafold2_ptm_model_1_seed_044 recycle=1 pLDDT=81.8 pTM=0.653 tol=1.54
2026-07-22 19:24:36,379 alphafold2_ptm_model_1_seed_044 recycle=2 pLDDT=86.5 pTM=0.693 tol=0.329
2026-07-22 19:24:36,634 alphafold2_ptm_model_1_seed_044 recycle=3 pLDDT=87.9 pTM=0.706 tol=0.115
2026-07-22 19:24:36,634 alphafold2_ptm_model_1_seed_044 took 1.0s (3 recycles)
2026-07-22 19:24:36,912 alphafold2_ptm_model_2_seed_044 recycle=0 pLDDT=59.6 pTM=0.523
2026-07-22 19:24:37,166 alphafold2_ptm_model_2_seed_044 recycle=1 pLDDT=71.4 pTM=0.574 tol=6.58
2026-07-22 19:24:37,420 alphafold2_ptm_model_2_seed_044 recycle=2 pLDDT=75.5 pTM=0.587 tol=0.951
2026-07-22 19:24:37,674 alphafold2_ptm_model_2_seed_044 recycle=3 pLDDT=79.5 pTM=0.627 tol=0.6
2026-07-22 19:24:37,674 alphafold2_ptm_model_2_seed_044 took 1.0s (3 recycles)
2026-07-22 19:24:37,952 alphafold2_ptm_model_3_seed_044 recycle=0 pLDDT=63.6 pTM=0.516
2026-07-22 19:24:38,205 alphafold2_ptm_model_3_seed_044 recycle=1 pLDDT=68.4 pTM=0.545 tol=1.78
2026-07-22 19:24:38,457 alphafold2_ptm_model_3_seed_044 recycle=2 pLDDT=68.6 pTM=0.55 tol=0.273
2026-07-22 19:24:38,714 alphafold2_ptm_model_3_seed_044 recycle=3 pLDDT=66.5 pTM=0.531 tol=0.271
2026-07-22 19:24:38,715 alphafold2_ptm_model_3_seed_044 took 1.0s (3 recycles)
2026-07-22 19:24:38,994 alphafold2_ptm_model_4_seed_044 recycle=0 pLDDT=63.2 pTM=0.521
2026-07-22 19:24:39,249 alphafold2_ptm_model_4_seed_044 recycle=1 pLDDT=84.5 pTM=0.675 tol=5.6
2026-07-22 19:24:39,504 alphafold2_ptm_model_4_seed_044 recycle=2 pLDDT=84.1 pTM=0.676 tol=0.163
2026-07-22 19:24:39,761 alphafold2_ptm_model_4_seed_044 recycle=3 pLDDT=84.4 pTM=0.683 tol=0.0527
2026-07-22 19:24:39,761 alphafold2_ptm_model_4_seed_044 took 1.0s (3 recycles)
2026-07-22 19:24:40,064 alphafold2_ptm_model_5_seed_044 recycle=0 pLDDT=63.7 pTM=0.545
2026-07-22 19:24:40,318 alphafold2_ptm_model_5_seed_044 recycle=1 pLDDT=70.2 pTM=0.585 tol=0.898
2026-07-22 19:24:40,572 alphafold2_ptm_model_5_seed_044 recycle=2 pLDDT=70.9 pTM=0.586 tol=0.264
2026-07-22 19:24:40,826 alphafold2_ptm_model_5_seed_044 recycle=3 pLDDT=71.9 pTM=0.595 tol=0.153
2026-07-22 19:24:40,826 alphafold2_ptm_model_5_seed_044 took 1.0s (3 recycles)
2026-07-22 19:24:40,851 reranking models by 'plddt' metric
2026-07-22 19:24:40,851 rank_001_alphafold2_ptm_model_1_seed_044 pLDDT=87.9 pTM=0.706
2026-07-22 19:24:40,852 rank_002_alphafold2_ptm_model_1_seed_043 pLDDT=87.8 pTM=0.701
2026-07-22 19:24:40,853 rank_003_alphafold2_ptm_model_1_seed_042 pLDDT=87.4 pTM=0.7
2026-07-22 19:24:40,855 rank_004_alphafold2_ptm_model_4_seed_042 pLDDT=85.9 pTM=0.693
2026-07-22 19:24:40,856 rank_005_alphafold2_ptm_model_4_seed_044 pLDDT=84.4 pTM=0.683
2026-07-22 19:24:40,857 rank_006_alphafold2_ptm_model_2_seed_043 pLDDT=83.7 pTM=0.683
2026-07-22 19:24:40,859 rank_007_alphafold2_ptm_model_2_seed_042 pLDDT=83.6 pTM=0.678
2026-07-22 19:24:40,860 rank_008_alphafold2_ptm_model_2_seed_044 pLDDT=79.5 pTM=0.627
2026-07-22 19:24:40,862 rank_009_alphafold2_ptm_model_5_seed_044 pLDDT=71.9 pTM=0.595
2026-07-22 19:24:40,863 rank_010_alphafold2_ptm_model_4_seed_043 pLDDT=71.9 pTM=0.594
2026-07-22 19:24:40,864 rank_011_alphafold2_ptm_model_5_seed_043 pLDDT=71.9 pTM=0.593
2026-07-22 19:24:40,865 rank_012_alphafold2_ptm_model_5_seed_042 pLDDT=71.8 pTM=0.595
2026-07-22 19:24:40,866 rank_013_alphafold2_ptm_model_3_seed_042 pLDDT=67.8 pTM=0.542
2026-07-22 19:24:40,867 rank_014_alphafold2_ptm_model_3_seed_044 pLDDT=66.5 pTM=0.531
2026-07-22 19:24:40,869 rank_015_alphafold2_ptm_model_3_seed_043 pLDDT=62.7 pTM=0.508
2026-07-22 19:24:43,002 Skipping 5KPE_4_4_9_0_combined_id5 (already done)
2026-07-22 19:24:43,003 Query 45/426: 5KPE_4_4_9_0_combined_id6 (length 108)
2026-07-22 19:24:44,760 alphafold2_ptm_model_1_seed_042 recycle=0 pLDDT=62.4 pTM=0.492
2026-07-22 19:24:45,013 alphafold2_ptm_model_1_seed_042 recycle=1 pLDDT=85.4 pTM=0.68 tol=5.67
2026-07-22 19:24:45,267 alphafold2_ptm_model_1_seed_042 recycle=2 pLDDT=87.1 pTM=0.696 tol=0.261
2026-07-22 19:24:45,520 alphafold2_ptm_model_1_seed_042 recycle=3 pLDDT=87.5 pTM=0.696 tol=0.126
2026-07-22 19:24:45,521 alphafold2_ptm_model_1_seed_042 took 1.0s (3 recycles)
2026-07-22 19:24:45,799 alphafold2_ptm_model_2_seed_042 recycle=0 pLDDT=60.2 pTM=0.501
2026-07-22 19:24:46,052 alphafold2_ptm_model_2_seed_042 recycle=1 pLDDT=63.8 pTM=0.525 tol=1.02
2026-07-22 19:24:46,305 alphafold2_ptm_model_2_seed_042 recycle=2 pLDDT=62.1 pTM=0.508 tol=0.7
2026-07-22 19:24:46,558 alphafold2_ptm_model_2_seed_042 recycle=3 pLDDT=63.6 pTM=0.523 tol=0.603
2026-07-22 19:24:46,558 alphafold2_ptm_model_2_seed_042 took 1.0s (3 recycles)
2026-07-22 19:24:46,839 alphafold2_ptm_model_3_seed_042 recycle=0 pLDDT=62.6 pTM=0.473
2026-07-22 19:24:47,092 alphafold2_ptm_model_3_seed_042 recycle=1 pLDDT=67.3 pTM=0.513 tol=0.742
2026-07-22 19:24:47,344 alphafold2_ptm_model_3_seed_042 recycle=2 pLDDT=65.3 pTM=0.507 tol=0.588
2026-07-22 19:24:47,596 alphafold2_ptm_model_3_seed_042 recycle=3 pLDDT=67.7 pTM=0.524 tol=0.56
2026-07-22 19:24:47,596 alphafold2_ptm_model_3_seed_042 took 1.0s (3 recycles)
2026-07-22 19:24:47,874 alphafold2_ptm_model_4_seed_042 recycle=0 pLDDT=65.2 pTM=0.523
2026-07-22 19:24:48,126 alphafold2_ptm_model_4_seed_042 recycle=1 pLDDT=69.2 pTM=0.563 tol=2.05
2026-07-22 19:24:48,377 alphafold2_ptm_model_4_seed_042 recycle=2 pLDDT=66.9 pTM=0.54 tol=0.427
2026-07-22 19:24:48,630 alphafold2_ptm_model_4_seed_042 recycle=3 pLDDT=69.9 pTM=0.569 tol=0.557
2026-07-22 19:24:48,630 alphafold2_ptm_model_4_seed_042 took 1.0s (3 recycles)
2026-07-22 19:24:48,904 alphafold2_ptm_model_5_seed_042 recycle=0 pLDDT=60.2 pTM=0.495
2026-07-22 19:24:49,156 alphafold2_ptm_model_5_seed_042 recycle=1 pLDDT=63.7 pTM=0.519 tol=0.657
2026-07-22 19:24:49,408 alphafold2_ptm_model_5_seed_042 recycle=2 pLDDT=65.2 pTM=0.524 tol=0.663
2026-07-22 19:24:49,661 alphafold2_ptm_model_5_seed_042 recycle=3 pLDDT=66.6 pTM=0.536 tol=0.579
2026-07-22 19:24:49,661 alphafold2_ptm_model_5_seed_042 took 1.0s (3 recycles)
2026-07-22 19:24:50,711 alphafold2_ptm_model_1_seed_043 recycle=0 pLDDT=62.7 pTM=0.486
2026-07-22 19:24:50,964 alphafold2_ptm_model_1_seed_043 recycle=1 pLDDT=85.2 pTM=0.671 tol=5.95
2026-07-22 19:24:51,218 alphafold2_ptm_model_1_seed_043 recycle=2 pLDDT=86.8 pTM=0.686 tol=0.373
2026-07-22 19:24:51,471 alphafold2_ptm_model_1_seed_043 recycle=3 pLDDT=87.1 pTM=0.687 tol=0.131
2026-07-22 19:24:51,472 alphafold2_ptm_model_1_seed_043 took 1.0s (3 recycles)
2026-07-22 19:24:51,749 alphafold2_ptm_model_2_seed_043 recycle=0 pLDDT=58.1 pTM=0.487
2026-07-22 19:24:52,002 alphafold2_ptm_model_2_seed_043 recycle=1 pLDDT=59.6 pTM=0.501 tol=3.75
2026-07-22 19:24:52,257 alphafold2_ptm_model_2_seed_043 recycle=2 pLDDT=86.1 pTM=0.708 tol=4.6
2026-07-22 19:24:52,512 alphafold2_ptm_model_2_seed_043 recycle=3 pLDDT=85.8 pTM=0.704 tol=0.256
2026-07-22 19:24:52,512 alphafold2_ptm_model_2_seed_043 took 1.0s (3 recycles)
2026-07-22 19:24:53,108 alphafold2_ptm_model_3_seed_043 recycle=0 pLDDT=61.7 pTM=0.459
2026-07-22 19:24:53,360 alphafold2_ptm_model_3_seed_043 recycle=1 pLDDT=64 pTM=0.491 tol=0.976
2026-07-22 19:24:53,611 alphafold2_ptm_model_3_seed_043 recycle=2 pLDDT=62.8 pTM=0.492 tol=4.79
2026-07-22 19:24:53,863 alphafold2_ptm_model_3_seed_043 recycle=3 pLDDT=63.2 pTM=0.487 tol=0.587
2026-07-22 19:24:53,863 alphafold2_ptm_model_3_seed_043 took 1.0s (3 recycles)
2026-07-22 19:24:54,158 alphafold2_ptm_model_4_seed_043 recycle=0 pLDDT=64.9 pTM=0.522
2026-07-22 19:24:54,410 alphafold2_ptm_model_4_seed_043 recycle=1 pLDDT=68.9 pTM=0.561 tol=1.7
2026-07-22 19:24:54,662 alphafold2_ptm_model_4_seed_043 recycle=2 pLDDT=66.9 pTM=0.542 tol=0.436
2026-07-22 19:24:54,915 alphafold2_ptm_model_4_seed_043 recycle=3 pLDDT=69.4 pTM=0.567 tol=0.501
2026-07-22 19:24:54,915 alphafold2_ptm_model_4_seed_043 took 1.0s (3 recycles)
2026-07-22 19:24:55,190 alphafold2_ptm_model_5_seed_043 recycle=0 pLDDT=60.5 pTM=0.5
2026-07-22 19:24:55,443 alphafold2_ptm_model_5_seed_043 recycle=1 pLDDT=62.9 pTM=0.526 tol=4.02
2026-07-22 19:24:55,702 alphafold2_ptm_model_5_seed_043 recycle=2 pLDDT=62.8 pTM=0.518 tol=0.915
2026-07-22 19:24:55,956 alphafold2_ptm_model_5_seed_043 recycle=3 pLDDT=64.6 pTM=0.514 tol=0.451
2026-07-22 19:24:55,956 alphafold2_ptm_model_5_seed_043 took 1.0s (3 recycles)
2026-07-22 19:24:57,003 alphafold2_ptm_model_1_seed_044 recycle=0 pLDDT=61.7 pTM=0.486
2026-07-22 19:24:57,257 alphafold2_ptm_model_1_seed_044 recycle=1 pLDDT=84.8 pTM=0.667 tol=5.27
2026-07-22 19:24:57,512 alphafold2_ptm_model_1_seed_044 recycle=2 pLDDT=86.4 pTM=0.679 tol=0.486
2026-07-22 19:24:57,766 alphafold2_ptm_model_1_seed_044 recycle=3 pLDDT=86.9 pTM=0.681 tol=0.137
2026-07-22 19:24:57,766 alphafold2_ptm_model_1_seed_044 took 1.0s (3 recycles)
2026-07-22 19:24:58,046 alphafold2_ptm_model_2_seed_044 recycle=0 pLDDT=59.5 pTM=0.499
2026-07-22 19:24:58,299 alphafold2_ptm_model_2_seed_044 recycle=1 pLDDT=62.8 pTM=0.518 tol=0.438
2026-07-22 19:24:58,551 alphafold2_ptm_model_2_seed_044 recycle=2 pLDDT=61.6 pTM=0.508 tol=1.01
2026-07-22 19:24:58,802 alphafold2_ptm_model_2_seed_044 recycle=3 pLDDT=63.2 pTM=0.521 tol=0.798
2026-07-22 19:24:58,803 alphafold2_ptm_model_2_seed_044 took 1.0s (3 recycles)
2026-07-22 19:24:59,079 alphafold2_ptm_model_3_seed_044 recycle=0 pLDDT=62 pTM=0.466
2026-07-22 19:24:59,331 alphafold2_ptm_model_3_seed_044 recycle=1 pLDDT=66.5 pTM=0.507 tol=0.597
2026-07-22 19:24:59,586 alphafold2_ptm_model_3_seed_044 recycle=2 pLDDT=65.7 pTM=0.513 tol=0.515
2026-07-22 19:24:59,837 alphafold2_ptm_model_3_seed_044 recycle=3 pLDDT=67.5 pTM=0.521 tol=0.449
2026-07-22 19:24:59,838 alphafold2_ptm_model_3_seed_044 took 1.0s (3 recycles)
2026-07-22 19:25:00,116 alphafold2_ptm_model_4_seed_044 recycle=0 pLDDT=65.4 pTM=0.527
2026-07-22 19:25:00,369 alphafold2_ptm_model_4_seed_044 recycle=1 pLDDT=69.4 pTM=0.567 tol=2.12
2026-07-22 19:25:00,621 alphafold2_ptm_model_4_seed_044 recycle=2 pLDDT=66.9 pTM=0.542 tol=0.535
2026-07-22 19:25:00,874 alphafold2_ptm_model_4_seed_044 recycle=3 pLDDT=70 pTM=0.571 tol=0.631
2026-07-22 19:25:00,874 alphafold2_ptm_model_4_seed_044 took 1.0s (3 recycles)
2026-07-22 19:25:01,154 alphafold2_ptm_model_5_seed_044 recycle=0 pLDDT=60.5 pTM=0.5
2026-07-22 19:25:01,408 alphafold2_ptm_model_5_seed_044 recycle=1 pLDDT=62.2 pTM=0.525 tol=4.16
2026-07-22 19:25:01,660 alphafold2_ptm_model_5_seed_044 recycle=2 pLDDT=63 pTM=0.515 tol=1.09
2026-07-22 19:25:01,913 alphafold2_ptm_model_5_seed_044 recycle=3 pLDDT=64.6 pTM=0.511 tol=0.388
2026-07-22 19:25:01,914 alphafold2_ptm_model_5_seed_044 took 1.0s (3 recycles)
2026-07-22 19:25:01,939 reranking models by 'plddt' metric
2026-07-22 19:25:01,939 rank_001_alphafold2_ptm_model_1_seed_042 pLDDT=87.5 pTM=0.696
2026-07-22 19:25:01,941 rank_002_alphafold2_ptm_model_1_seed_043 pLDDT=87.1 pTM=0.687
2026-07-22 19:25:01,942 rank_003_alphafold2_ptm_model_1_seed_044 pLDDT=86.9 pTM=0.681
2026-07-22 19:25:01,943 rank_004_alphafold2_ptm_model_2_seed_043 pLDDT=85.8 pTM=0.704
2026-07-22 19:25:01,945 rank_005_alphafold2_ptm_model_4_seed_044 pLDDT=70 pTM=0.571
2026-07-22 19:25:01,946 rank_006_alphafold2_ptm_model_4_seed_042 pLDDT=69.9 pTM=0.569
2026-07-22 19:25:01,948 rank_007_alphafold2_ptm_model_4_seed_043 pLDDT=69.4 pTM=0.567
2026-07-22 19:25:01,949 rank_008_alphafold2_ptm_model_3_seed_042 pLDDT=67.7 pTM=0.524
2026-07-22 19:25:01,950 rank_009_alphafold2_ptm_model_3_seed_044 pLDDT=67.5 pTM=0.521
2026-07-22 19:25:01,951 rank_010_alphafold2_ptm_model_5_seed_042 pLDDT=66.6 pTM=0.536
2026-07-22 19:25:01,953 rank_011_alphafold2_ptm_model_5_seed_043 pLDDT=64.6 pTM=0.514
2026-07-22 19:25:01,954 rank_012_alphafold2_ptm_model_5_seed_044 pLDDT=64.6 pTM=0.511
2026-07-22 19:25:01,955 rank_013_alphafold2_ptm_model_2_seed_042 pLDDT=63.6 pTM=0.523
2026-07-22 19:25:01,956 rank_014_alphafold2_ptm_model_2_seed_044 pLDDT=63.2 pTM=0.521
2026-07-22 19:25:01,957 rank_015_alphafold2_ptm_model_3_seed_043 pLDDT=63.2 pTM=0.487
2026-07-22 19:25:04,159 Query 46/426: 5KPE_4_4_9_0_combined_id9 (length 108)
2026-07-22 19:25:05,938 alphafold2_ptm_model_1_seed_042 recycle=0 pLDDT=77.6 pTM=0.68
2026-07-22 19:25:06,191 alphafold2_ptm_model_1_seed_042 recycle=1 pLDDT=78.5 pTM=0.717 tol=0.705
2026-07-22 19:25:06,447 alphafold2_ptm_model_1_seed_042 recycle=2 pLDDT=79.8 pTM=0.721 tol=0.542
2026-07-22 19:25:06,701 alphafold2_ptm_model_1_seed_042 recycle=3 pLDDT=79.5 pTM=0.715 tol=0.173
2026-07-22 19:25:06,701 alphafold2_ptm_model_1_seed_042 took 1.0s (3 recycles)
2026-07-22 19:25:06,980 alphafold2_ptm_model_2_seed_042 recycle=0 pLDDT=59.5 pTM=0.504
2026-07-22 19:25:07,238 alphafold2_ptm_model_2_seed_042 recycle=1 pLDDT=90.6 pTM=0.806 tol=3.55
2026-07-22 19:25:07,498 alphafold2_ptm_model_2_seed_042 recycle=2 pLDDT=90.8 pTM=0.808 tol=0.135
2026-07-22 19:25:07,756 alphafold2_ptm_model_2_seed_042 recycle=3 pLDDT=91.2 pTM=0.816 tol=0.0402
2026-07-22 19:25:07,757 alphafold2_ptm_model_2_seed_042 took 1.0s (3 recycles)
2026-07-22 19:25:08,033 alphafold2_ptm_model_3_seed_042 recycle=0 pLDDT=61.2 pTM=0.473
2026-07-22 19:25:08,287 alphafold2_ptm_model_3_seed_042 recycle=1 pLDDT=85.3 pTM=0.693 tol=5.58
2026-07-22 19:25:08,543 alphafold2_ptm_model_3_seed_042 recycle=2 pLDDT=90.3 pTM=0.777 tol=0.295
2026-07-22 19:25:08,800 alphafold2_ptm_model_3_seed_042 recycle=3 pLDDT=91.4 pTM=0.799 tol=0.0861
2026-07-22 19:25:08,800 alphafold2_ptm_model_3_seed_042 took 1.0s (3 recycles)
2026-07-22 19:25:09,089 alphafold2_ptm_model_4_seed_042 recycle=0 pLDDT=60.5 pTM=0.499
2026-07-22 19:25:09,340 alphafold2_ptm_model_4_seed_042 recycle=1 pLDDT=59.5 pTM=0.509 tol=5.96
2026-07-22 19:25:09,595 alphafold2_ptm_model_4_seed_042 recycle=2 pLDDT=89.4 pTM=0.771 tol=2.06
2026-07-22 19:25:09,851 alphafold2_ptm_model_4_seed_042 recycle=3 pLDDT=90.6 pTM=0.798 tol=0.21
2026-07-22 19:25:09,851 alphafold2_ptm_model_4_seed_042 took 1.0s (3 recycles)
2026-07-22 19:25:10,140 alphafold2_ptm_model_5_seed_042 recycle=0 pLDDT=58.9 pTM=0.476
2026-07-22 19:25:10,391 alphafold2_ptm_model_5_seed_042 recycle=1 pLDDT=61.3 pTM=0.493 tol=0.979
2026-07-22 19:25:10,642 alphafold2_ptm_model_5_seed_042 recycle=2 pLDDT=61.8 pTM=0.503 tol=0.935
2026-07-22 19:25:10,894 alphafold2_ptm_model_5_seed_042 recycle=3 pLDDT=62.9 pTM=0.5 tol=1.63
2026-07-22 19:25:10,894 alphafold2_ptm_model_5_seed_042 took 1.0s (3 recycles)
2026-07-22 19:25:11,823 alphafold2_ptm_model_1_seed_043 recycle=0 pLDDT=77.8 pTM=0.677
2026-07-22 19:25:12,074 alphafold2_ptm_model_1_seed_043 recycle=1 pLDDT=78.6 pTM=0.717 tol=0.604
2026-07-22 19:25:12,327 alphafold2_ptm_model_1_seed_043 recycle=2 pLDDT=79.9 pTM=0.72 tol=0.471
2026-07-22 19:25:12,580 alphafold2_ptm_model_1_seed_043 recycle=3 pLDDT=79.4 pTM=0.714 tol=0.164
2026-07-22 19:25:12,580 alphafold2_ptm_model_1_seed_043 took 1.0s (3 recycles)
2026-07-22 19:25:12,860 alphafold2_ptm_model_2_seed_043 recycle=0 pLDDT=69.6 pTM=0.566
2026-07-22 19:25:13,117 alphafold2_ptm_model_2_seed_043 recycle=1 pLDDT=90.3 pTM=0.806 tol=1.39
2026-07-22 19:25:13,375 alphafold2_ptm_model_2_seed_043 recycle=2 pLDDT=91.1 pTM=0.813 tol=0.111
2026-07-22 19:25:13,632 alphafold2_ptm_model_2_seed_043 recycle=3 pLDDT=91.2 pTM=0.816 tol=0.055
2026-07-22 19:25:13,632 alphafold2_ptm_model_2_seed_043 took 1.0s (3 recycles)
2026-07-22 19:25:13,919 alphafold2_ptm_model_3_seed_043 recycle=0 pLDDT=61.1 pTM=0.47
2026-07-22 19:25:14,173 alphafold2_ptm_model_3_seed_043 recycle=1 pLDDT=86.1 pTM=0.704 tol=5.64
2026-07-22 19:25:14,428 alphafold2_ptm_model_3_seed_043 recycle=2 pLDDT=90.2 pTM=0.776 tol=0.27
2026-07-22 19:25:14,685 alphafold2_ptm_model_3_seed_043 recycle=3 pLDDT=91.3 pTM=0.796 tol=0.0767
2026-07-22 19:25:14,685 alphafold2_ptm_model_3_seed_043 took 1.0s (3 recycles)
2026-07-22 19:25:14,958 alphafold2_ptm_model_4_seed_043 recycle=0 pLDDT=60.7 pTM=0.496
2026-07-22 19:25:15,209 alphafold2_ptm_model_4_seed_043 recycle=1 pLDDT=63.7 pTM=0.537 tol=1.08
2026-07-22 19:25:15,461 alphafold2_ptm_model_4_seed_043 recycle=2 pLDDT=78.2 pTM=0.666 tol=5.98
2026-07-22 19:25:15,716 alphafold2_ptm_model_4_seed_043 recycle=3 pLDDT=90 pTM=0.78 tol=0.745
2026-07-22 19:25:15,716 alphafold2_ptm_model_4_seed_043 took 1.0s (3 recycles)
2026-07-22 19:25:15,994 alphafold2_ptm_model_5_seed_043 recycle=0 pLDDT=58.9 pTM=0.474
2026-07-22 19:25:16,247 alphafold2_ptm_model_5_seed_043 recycle=1 pLDDT=61.8 pTM=0.493 tol=0.853
2026-07-22 19:25:16,501 alphafold2_ptm_model_5_seed_043 recycle=2 pLDDT=62 pTM=0.503 tol=0.973
2026-07-22 19:25:16,753 alphafold2_ptm_model_5_seed_043 recycle=3 pLDDT=62.7 pTM=0.5 tol=1.86
2026-07-22 19:25:16,753 alphafold2_ptm_model_5_seed_043 took 1.0s (3 recycles)
2026-07-22 19:25:18,126 alphafold2_ptm_model_1_seed_044 recycle=0 pLDDT=77.5 pTM=0.681
2026-07-22 19:25:18,380 alphafold2_ptm_model_1_seed_044 recycle=1 pLDDT=78.8 pTM=0.718 tol=0.467
2026-07-22 19:25:18,635 alphafold2_ptm_model_1_seed_044 recycle=2 pLDDT=80.3 pTM=0.723 tol=0.492
2026-07-22 19:25:18,888 alphafold2_ptm_model_1_seed_044 recycle=3 pLDDT=79.9 pTM=0.719 tol=0.095
2026-07-22 19:25:18,888 alphafold2_ptm_model_1_seed_044 took 1.0s (3 recycles)
2026-07-22 19:25:19,206 alphafold2_ptm_model_2_seed_044 recycle=0 pLDDT=78 pTM=0.616
2026-07-22 19:25:19,464 alphafold2_ptm_model_2_seed_044 recycle=1 pLDDT=89.8 pTM=0.795 tol=0.919
2026-07-22 19:25:19,724 alphafold2_ptm_model_2_seed_044 recycle=2 pLDDT=90.5 pTM=0.808 tol=0.0922
2026-07-22 19:25:19,983 alphafold2_ptm_model_2_seed_044 recycle=3 pLDDT=90.8 pTM=0.807 tol=0.043
2026-07-22 19:25:19,983 alphafold2_ptm_model_2_seed_044 took 1.0s (3 recycles)
2026-07-22 19:25:20,261 alphafold2_ptm_model_3_seed_044 recycle=0 pLDDT=60.5 pTM=0.471
2026-07-22 19:25:20,518 alphafold2_ptm_model_3_seed_044 recycle=1 pLDDT=87 pTM=0.718 tol=5.63
2026-07-22 19:25:20,776 alphafold2_ptm_model_3_seed_044 recycle=2 pLDDT=90.3 pTM=0.779 tol=0.249
2026-07-22 19:25:21,036 alphafold2_ptm_model_3_seed_044 recycle=3 pLDDT=91.3 pTM=0.797 tol=0.0728
2026-07-22 19:25:21,036 alphafold2_ptm_model_3_seed_044 took 1.0s (3 recycles)
2026-07-22 19:25:21,315 alphafold2_ptm_model_4_seed_044 recycle=0 pLDDT=60.5 pTM=0.497
2026-07-22 19:25:21,568 alphafold2_ptm_model_4_seed_044 recycle=1 pLDDT=63.3 pTM=0.535 tol=0.811
2026-07-22 19:25:21,823 alphafold2_ptm_model_4_seed_044 recycle=2 pLDDT=86.1 pTM=0.717 tol=6.02
2026-07-22 19:25:22,080 alphafold2_ptm_model_4_seed_044 recycle=3 pLDDT=90.3 pTM=0.787 tol=0.306
2026-07-22 19:25:22,080 alphafold2_ptm_model_4_seed_044 took 1.0s (3 recycles)
2026-07-22 19:25:22,357 alphafold2_ptm_model_5_seed_044 recycle=0 pLDDT=60 pTM=0.48
2026-07-22 19:25:22,611 alphafold2_ptm_model_5_seed_044 recycle=1 pLDDT=61.9 pTM=0.495 tol=0.848
2026-07-22 19:25:22,864 alphafold2_ptm_model_5_seed_044 recycle=2 pLDDT=62.2 pTM=0.505 tol=1.01
2026-07-22 19:25:23,116 alphafold2_ptm_model_5_seed_044 recycle=3 pLDDT=63 pTM=0.502 tol=1.74
2026-07-22 19:25:23,116 alphafold2_ptm_model_5_seed_044 took 1.0s (3 recycles)
2026-07-22 19:25:23,142 reranking models by 'plddt' metric
2026-07-22 19:25:23,143 rank_001_alphafold2_ptm_model_3_seed_042 pLDDT=91.4 pTM=0.799
2026-07-22 19:25:23,144 rank_002_alphafold2_ptm_model_3_seed_044 pLDDT=91.3 pTM=0.797
2026-07-22 19:25:23,145 rank_003_alphafold2_ptm_model_3_seed_043 pLDDT=91.3 pTM=0.796
2026-07-22 19:25:23,146 rank_004_alphafold2_ptm_model_2_seed_043 pLDDT=91.2 pTM=0.816
2026-07-22 19:25:23,148 rank_005_alphafold2_ptm_model_2_seed_042 pLDDT=91.2 pTM=0.816
2026-07-22 19:25:23,149 rank_006_alphafold2_ptm_model_2_seed_044 pLDDT=90.8 pTM=0.807
2026-07-22 19:25:23,150 rank_007_alphafold2_ptm_model_4_seed_042 pLDDT=90.6 pTM=0.798
2026-07-22 19:25:23,152 rank_008_alphafold2_ptm_model_4_seed_044 pLDDT=90.3 pTM=0.787
2026-07-22 19:25:23,153 rank_009_alphafold2_ptm_model_4_seed_043 pLDDT=90 pTM=0.78
2026-07-22 19:25:23,154 rank_010_alphafold2_ptm_model_1_seed_044 pLDDT=79.9 pTM=0.719
2026-07-22 19:25:23,155 rank_011_alphafold2_ptm_model_1_seed_042 pLDDT=79.5 pTM=0.715
2026-07-22 19:25:23,156 rank_012_alphafold2_ptm_model_1_seed_043 pLDDT=79.4 pTM=0.714
2026-07-22 19:25:23,158 rank_013_alphafold2_ptm_model_5_seed_044 pLDDT=63 pTM=0.502
2026-07-22 19:25:23,159 rank_014_alphafold2_ptm_model_5_seed_042 pLDDT=62.9 pTM=0.5
2026-07-22 19:25:23,160 rank_015_alphafold2_ptm_model_5_seed_043 pLDDT=62.7 pTM=0.5
2026-07-22 19:25:25,315 Query 47/426: 5KPE_4_4_9_0_combined_id1 (length 108)
2026-07-22 19:25:27,070 alphafold2_ptm_model_1_seed_042 recycle=0 pLDDT=74.6 pTM=0.587
2026-07-22 19:25:27,324 alphafold2_ptm_model_1_seed_042 recycle=1 pLDDT=74.8 pTM=0.609 tol=5.95
2026-07-22 19:25:27,579 alphafold2_ptm_model_1_seed_042 recycle=2 pLDDT=73.8 pTM=0.604 tol=4.41
2026-07-22 19:25:27,833 alphafold2_ptm_model_1_seed_042 recycle=3 pLDDT=73.8 pTM=0.606 tol=0.515
2026-07-22 19:25:27,833 alphafold2_ptm_model_1_seed_042 took 1.0s (3 recycles)
2026-07-22 19:25:28,112 alphafold2_ptm_model_2_seed_042 recycle=0 pLDDT=73.5 pTM=0.61
2026-07-22 19:25:28,367 alphafold2_ptm_model_2_seed_042 recycle=1 pLDDT=74.7 pTM=0.628 tol=1.84
2026-07-22 19:25:28,622 alphafold2_ptm_model_2_seed_042 recycle=2 pLDDT=75.2 pTM=0.631 tol=0.544
2026-07-22 19:25:28,877 alphafold2_ptm_model_2_seed_042 recycle=3 pLDDT=76.4 pTM=0.631 tol=0.216
2026-07-22 19:25:28,877 alphafold2_ptm_model_2_seed_042 took 1.0s (3 recycles)
2026-07-22 19:25:29,157 alphafold2_ptm_model_3_seed_042 recycle=0 pLDDT=73.2 pTM=0.586
2026-07-22 19:25:29,412 alphafold2_ptm_model_3_seed_042 recycle=1 pLDDT=71.9 pTM=0.581 tol=0.55
2026-07-22 19:25:29,666 alphafold2_ptm_model_3_seed_042 recycle=2 pLDDT=74.4 pTM=0.606 tol=0.331
2026-07-22 19:25:29,921 alphafold2_ptm_model_3_seed_042 recycle=3 pLDDT=75.4 pTM=0.602 tol=0.32
2026-07-22 19:25:29,922 alphafold2_ptm_model_3_seed_042 took 1.0s (3 recycles)
2026-07-22 19:25:30,202 alphafold2_ptm_model_4_seed_042 recycle=0 pLDDT=71.6 pTM=0.626
2026-07-22 19:25:30,456 alphafold2_ptm_model_4_seed_042 recycle=1 pLDDT=74.7 pTM=0.638 tol=0.791
2026-07-22 19:25:30,711 alphafold2_ptm_model_4_seed_042 recycle=2 pLDDT=82.4 pTM=0.694 tol=1.36
2026-07-22 19:25:30,967 alphafold2_ptm_model_4_seed_042 recycle=3 pLDDT=87.6 pTM=0.751 tol=0.302
2026-07-22 19:25:30,967 alphafold2_ptm_model_4_seed_042 took 1.0s (3 recycles)
2026-07-22 19:25:31,247 alphafold2_ptm_model_5_seed_042 recycle=0 pLDDT=85.1 pTM=0.622
2026-07-22 19:25:31,504 alphafold2_ptm_model_5_seed_042 recycle=1 pLDDT=82.2 pTM=0.618 tol=7.21
2026-07-22 19:25:31,758 alphafold2_ptm_model_5_seed_042 recycle=2 pLDDT=83.6 pTM=0.629 tol=0.98
2026-07-22 19:25:32,012 alphafold2_ptm_model_5_seed_042 recycle=3 pLDDT=84.5 pTM=0.634 tol=0.173
2026-07-22 19:25:32,012 alphafold2_ptm_model_5_seed_042 took 1.0s (3 recycles)
2026-07-22 19:25:33,053 alphafold2_ptm_model_1_seed_043 recycle=0 pLDDT=77 pTM=0.591
2026-07-22 19:25:33,308 alphafold2_ptm_model_1_seed_043 recycle=1 pLDDT=75.3 pTM=0.61 tol=5.64
2026-07-22 19:25:33,563 alphafold2_ptm_model_1_seed_043 recycle=2 pLDDT=73.6 pTM=0.608 tol=4.45
2026-07-22 19:25:33,818 alphafold2_ptm_model_1_seed_043 recycle=3 pLDDT=73.6 pTM=0.606 tol=0.9
2026-07-22 19:25:33,819 alphafold2_ptm_model_1_seed_043 took 1.0s (3 recycles)
2026-07-22 19:25:34,113 alphafold2_ptm_model_2_seed_043 recycle=0 pLDDT=73.3 pTM=0.609
2026-07-22 19:25:34,370 alphafold2_ptm_model_2_seed_043 recycle=1 pLDDT=75.7 pTM=0.638 tol=1.96
2026-07-22 19:25:34,626 alphafold2_ptm_model_2_seed_043 recycle=2 pLDDT=74.9 pTM=0.634 tol=0.506
2026-07-22 19:25:34,883 alphafold2_ptm_model_2_seed_043 recycle=3 pLDDT=76.7 pTM=0.631 tol=0.508
2026-07-22 19:25:34,883 alphafold2_ptm_model_2_seed_043 took 1.0s (3 recycles)
2026-07-22 19:25:35,164 alphafold2_ptm_model_3_seed_043 recycle=0 pLDDT=70.7 pTM=0.562
2026-07-22 19:25:35,418 alphafold2_ptm_model_3_seed_043 recycle=1 pLDDT=68.9 pTM=0.548 tol=0.646
2026-07-22 19:25:35,672 alphafold2_ptm_model_3_seed_043 recycle=2 pLDDT=74.1 pTM=0.57 tol=1.35
2026-07-22 19:25:35,931 alphafold2_ptm_model_3_seed_043 recycle=3 pLDDT=90.3 pTM=0.763 tol=2.87
2026-07-22 19:25:35,931 alphafold2_ptm_model_3_seed_043 took 1.0s (3 recycles)
2026-07-22 19:25:36,211 alphafold2_ptm_model_4_seed_043 recycle=0 pLDDT=73.7 pTM=0.629
2026-07-22 19:25:36,465 alphafold2_ptm_model_4_seed_043 recycle=1 pLDDT=73.6 pTM=0.625 tol=3.93
2026-07-22 19:25:36,718 alphafold2_ptm_model_4_seed_043 recycle=2 pLDDT=75.3 pTM=0.647 tol=1.43
2026-07-22 19:25:36,972 alphafold2_ptm_model_4_seed_043 recycle=3 pLDDT=82.4 pTM=0.691 tol=0.593
2026-07-22 19:25:36,972 alphafold2_ptm_model_4_seed_043 took 1.0s (3 recycles)
2026-07-22 19:25:37,249 alphafold2_ptm_model_5_seed_043 recycle=0 pLDDT=83.5 pTM=0.602
2026-07-22 19:25:37,503 alphafold2_ptm_model_5_seed_043 recycle=1 pLDDT=81.9 pTM=0.613 tol=6.57
2026-07-22 19:25:37,756 alphafold2_ptm_model_5_seed_043 recycle=2 pLDDT=82.9 pTM=0.622 tol=0.853
2026-07-22 19:25:38,011 alphafold2_ptm_model_5_seed_043 recycle=3 pLDDT=84.2 pTM=0.625 tol=0.177
2026-07-22 19:25:38,012 alphafold2_ptm_model_5_seed_043 took 1.0s (3 recycles)
2026-07-22 19:25:39,101 alphafold2_ptm_model_1_seed_044 recycle=0 pLDDT=73.4 pTM=0.578
2026-07-22 19:25:39,354 alphafold2_ptm_model_1_seed_044 recycle=1 pLDDT=75.2 pTM=0.614 tol=6.71
2026-07-22 19:25:39,606 alphafold2_ptm_model_1_seed_044 recycle=2 pLDDT=72.9 pTM=0.604 tol=4.71
2026-07-22 19:25:39,858 alphafold2_ptm_model_1_seed_044 recycle=3 pLDDT=73.2 pTM=0.611 tol=1.02
2026-07-22 19:25:39,859 alphafold2_ptm_model_1_seed_044 took 1.0s (3 recycles)
2026-07-22 19:25:40,156 alphafold2_ptm_model_2_seed_044 recycle=0 pLDDT=73.3 pTM=0.608
2026-07-22 19:25:40,412 alphafold2_ptm_model_2_seed_044 recycle=1 pLDDT=74.7 pTM=0.629 tol=0.758
2026-07-22 19:25:40,667 alphafold2_ptm_model_2_seed_044 recycle=2 pLDDT=75.2 pTM=0.626 tol=0.676
2026-07-22 19:25:40,921 alphafold2_ptm_model_2_seed_044 recycle=3 pLDDT=76.2 pTM=0.629 tol=0.105
2026-07-22 19:25:40,922 alphafold2_ptm_model_2_seed_044 took 1.0s (3 recycles)
2026-07-22 19:25:41,197 alphafold2_ptm_model_3_seed_044 recycle=0 pLDDT=71.8 pTM=0.575
2026-07-22 19:25:41,449 alphafold2_ptm_model_3_seed_044 recycle=1 pLDDT=71.1 pTM=0.581 tol=4.52
2026-07-22 19:25:41,702 alphafold2_ptm_model_3_seed_044 recycle=2 pLDDT=73.6 pTM=0.601 tol=0.444
2026-07-22 19:25:41,954 alphafold2_ptm_model_3_seed_044 recycle=3 pLDDT=79.1 pTM=0.627 tol=1.4
2026-07-22 19:25:41,955 alphafold2_ptm_model_3_seed_044 took 1.0s (3 recycles)
2026-07-22 19:25:42,240 alphafold2_ptm_model_4_seed_044 recycle=0 pLDDT=73.4 pTM=0.632
2026-07-22 19:25:42,493 alphafold2_ptm_model_4_seed_044 recycle=1 pLDDT=71.6 pTM=0.61 tol=3.2
2026-07-22 19:25:42,746 alphafold2_ptm_model_4_seed_044 recycle=2 pLDDT=73.6 pTM=0.635 tol=1.86
2026-07-22 19:25:42,999 alphafold2_ptm_model_4_seed_044 recycle=3 pLDDT=73.8 pTM=0.626 tol=0.663
2026-07-22 19:25:42,999 alphafold2_ptm_model_4_seed_044 took 1.0s (3 recycles)
2026-07-22 19:25:43,275 alphafold2_ptm_model_5_seed_044 recycle=0 pLDDT=82.2 pTM=0.588
2026-07-22 19:25:43,528 alphafold2_ptm_model_5_seed_044 recycle=1 pLDDT=81.4 pTM=0.61 tol=5.96
2026-07-22 19:25:43,782 alphafold2_ptm_model_5_seed_044 recycle=2 pLDDT=82.9 pTM=0.621 tol=0.892
2026-07-22 19:25:44,035 alphafold2_ptm_model_5_seed_044 recycle=3 pLDDT=84.7 pTM=0.626 tol=0.221
2026-07-22 19:25:44,035 alphafold2_ptm_model_5_seed_044 took 1.0s (3 recycles)
2026-07-22 19:25:44,060 reranking models by 'plddt' metric
2026-07-22 19:25:44,060 rank_001_alphafold2_ptm_model_3_seed_043 pLDDT=90.3 pTM=0.763
2026-07-22 19:25:44,062 rank_002_alphafold2_ptm_model_4_seed_042 pLDDT=87.6 pTM=0.751
2026-07-22 19:25:44,063 rank_003_alphafold2_ptm_model_5_seed_044 pLDDT=84.7 pTM=0.626
2026-07-22 19:25:44,064 rank_004_alphafold2_ptm_model_5_seed_042 pLDDT=84.5 pTM=0.634
2026-07-22 19:25:44,065 rank_005_alphafold2_ptm_model_5_seed_043 pLDDT=84.2 pTM=0.625
2026-07-22 19:25:44,067 rank_006_alphafold2_ptm_model_4_seed_043 pLDDT=82.4 pTM=0.691
2026-07-22 19:25:44,068 rank_007_alphafold2_ptm_model_3_seed_044 pLDDT=79.1 pTM=0.627
2026-07-22 19:25:44,070 rank_008_alphafold2_ptm_model_2_seed_043 pLDDT=76.7 pTM=0.631
2026-07-22 19:25:44,071 rank_009_alphafold2_ptm_model_2_seed_042 pLDDT=76.4 pTM=0.631
2026-07-22 19:25:44,072 rank_010_alphafold2_ptm_model_2_seed_044 pLDDT=76.2 pTM=0.629
2026-07-22 19:25:44,073 rank_011_alphafold2_ptm_model_3_seed_042 pLDDT=75.4 pTM=0.602
2026-07-22 19:25:44,075 rank_012_alphafold2_ptm_model_4_seed_044 pLDDT=73.8 pTM=0.626
2026-07-22 19:25:44,076 rank_013_alphafold2_ptm_model_1_seed_042 pLDDT=73.8 pTM=0.606
2026-07-22 19:25:44,077 rank_014_alphafold2_ptm_model_1_seed_043 pLDDT=73.6 pTM=0.606
2026-07-22 19:25:44,078 rank_015_alphafold2_ptm_model_1_seed_044 pLDDT=73.2 pTM=0.611
2026-07-22 19:25:46,195 Query 48/426: 5KPE_4_4_9_0_combined_id2 (length 108)
2026-07-22 19:25:47,881 alphafold2_ptm_model_1_seed_042 recycle=0 pLDDT=77.8 pTM=0.611
2026-07-22 19:25:48,135 alphafold2_ptm_model_1_seed_042 recycle=1 pLDDT=87.9 pTM=0.715 tol=0.824
2026-07-22 19:25:48,390 alphafold2_ptm_model_1_seed_042 recycle=2 pLDDT=90.3 pTM=0.743 tol=0.164
2026-07-22 19:25:48,646 alphafold2_ptm_model_1_seed_042 recycle=3 pLDDT=91.1 pTM=0.748 tol=0.0654
2026-07-22 19:25:48,646 alphafold2_ptm_model_1_seed_042 took 1.0s (3 recycles)
2026-07-22 19:25:48,924 alphafold2_ptm_model_2_seed_042 recycle=0 pLDDT=59.7 pTM=0.488
2026-07-22 19:25:49,178 alphafold2_ptm_model_2_seed_042 recycle=1 pLDDT=78.2 pTM=0.602 tol=6.59
2026-07-22 19:25:49,433 alphafold2_ptm_model_2_seed_042 recycle=2 pLDDT=87.1 pTM=0.705 tol=0.794
2026-07-22 19:25:49,691 alphafold2_ptm_model_2_seed_042 recycle=3 pLDDT=89.9 pTM=0.742 tol=0.196
2026-07-22 19:25:49,691 alphafold2_ptm_model_2_seed_042 took 1.0s (3 recycles)
2026-07-22 19:25:49,976 alphafold2_ptm_model_3_seed_042 recycle=0 pLDDT=65.6 pTM=0.5
2026-07-22 19:25:50,228 alphafold2_ptm_model_3_seed_042 recycle=1 pLDDT=73.4 pTM=0.584 tol=0.6
2026-07-22 19:25:50,481 alphafold2_ptm_model_3_seed_042 recycle=2 pLDDT=73.4 pTM=0.572 tol=0.18
2026-07-22 19:25:50,733 alphafold2_ptm_model_3_seed_042 recycle=3 pLDDT=72.2 pTM=0.565 tol=0.311
2026-07-22 19:25:50,734 alphafold2_ptm_model_3_seed_042 took 1.0s (3 recycles)
2026-07-22 19:25:51,013 alphafold2_ptm_model_4_seed_042 recycle=0 pLDDT=67 pTM=0.542
2026-07-22 19:25:51,265 alphafold2_ptm_model_4_seed_042 recycle=1 pLDDT=66.3 pTM=0.534 tol=0.479
2026-07-22 19:25:51,519 alphafold2_ptm_model_4_seed_042 recycle=2 pLDDT=79.4 pTM=0.595 tol=5.88
2026-07-22 19:25:51,773 alphafold2_ptm_model_4_seed_042 recycle=3 pLDDT=84.4 pTM=0.65 tol=0.894
2026-07-22 19:25:51,773 alphafold2_ptm_model_4_seed_042 took 1.0s (3 recycles)
2026-07-22 19:25:52,052 alphafold2_ptm_model_5_seed_042 recycle=0 pLDDT=58.6 pTM=0.476
2026-07-22 19:25:52,306 alphafold2_ptm_model_5_seed_042 recycle=1 pLDDT=80.6 pTM=0.601 tol=6.61
2026-07-22 19:25:52,561 alphafold2_ptm_model_5_seed_042 recycle=2 pLDDT=84.1 pTM=0.633 tol=1.67
2026-07-22 19:25:52,820 alphafold2_ptm_model_5_seed_042 recycle=3 pLDDT=84.9 pTM=0.642 tol=0.409
2026-07-22 19:25:52,820 alphafold2_ptm_model_5_seed_042 took 1.0s (3 recycles)
2026-07-22 19:25:54,059 alphafold2_ptm_model_1_seed_043 recycle=0 pLDDT=73.5 pTM=0.575
2026-07-22 19:25:54,313 alphafold2_ptm_model_1_seed_043 recycle=1 pLDDT=86.6 pTM=0.693 tol=0.898
2026-07-22 19:25:54,567 alphafold2_ptm_model_1_seed_043 recycle=2 pLDDT=89.2 pTM=0.725 tol=0.188
2026-07-22 19:25:54,824 alphafold2_ptm_model_1_seed_043 recycle=3 pLDDT=90.2 pTM=0.74 tol=0.0632
2026-07-22 19:25:54,824 alphafold2_ptm_model_1_seed_043 took 1.0s (3 recycles)
2026-07-22 19:25:55,112 alphafold2_ptm_model_2_seed_043 recycle=0 pLDDT=59.9 pTM=0.487
2026-07-22 19:25:55,368 alphafold2_ptm_model_2_seed_043 recycle=1 pLDDT=81.6 pTM=0.629 tol=6.63
2026-07-22 19:25:55,622 alphafold2_ptm_model_2_seed_043 recycle=2 pLDDT=88.1 pTM=0.723 tol=0.654
2026-07-22 19:25:55,879 alphafold2_ptm_model_2_seed_043 recycle=3 pLDDT=90.4 pTM=0.751 tol=0.172
2026-07-22 19:25:55,879 alphafold2_ptm_model_2_seed_043 took 1.0s (3 recycles)
2026-07-22 19:25:56,172 alphafold2_ptm_model_3_seed_043 recycle=0 pLDDT=64.7 pTM=0.493
2026-07-22 19:25:56,425 alphafold2_ptm_model_3_seed_043 recycle=1 pLDDT=71.8 pTM=0.569 tol=0.536
2026-07-22 19:25:56,679 alphafold2_ptm_model_3_seed_043 recycle=2 pLDDT=72 pTM=0.558 tol=0.2
2026-07-22 19:25:56,933 alphafold2_ptm_model_3_seed_043 recycle=3 pLDDT=69.9 pTM=0.546 tol=0.331
2026-07-22 19:25:56,933 alphafold2_ptm_model_3_seed_043 took 1.0s (3 recycles)
2026-07-22 19:25:57,210 alphafold2_ptm_model_4_seed_043 recycle=0 pLDDT=67.1 pTM=0.546
2026-07-22 19:25:57,462 alphafold2_ptm_model_4_seed_043 recycle=1 pLDDT=73.8 pTM=0.598 tol=0.735
2026-07-22 19:25:57,714 alphafold2_ptm_model_4_seed_043 recycle=2 pLDDT=73.1 pTM=0.592 tol=0.254
2026-07-22 19:25:57,966 alphafold2_ptm_model_4_seed_043 recycle=3 pLDDT=73.5 pTM=0.593 tol=0.0826
2026-07-22 19:25:57,966 alphafold2_ptm_model_4_seed_043 took 1.0s (3 recycles)
2026-07-22 19:25:58,244 alphafold2_ptm_model_5_seed_043 recycle=0 pLDDT=59 pTM=0.476
2026-07-22 19:25:58,496 alphafold2_ptm_model_5_seed_043 recycle=1 pLDDT=70.3 pTM=0.532 tol=6.36
2026-07-22 19:25:58,750 alphafold2_ptm_model_5_seed_043 recycle=2 pLDDT=83.8 pTM=0.622 tol=1.52
2026-07-22 19:25:59,003 alphafold2_ptm_model_5_seed_043 recycle=3 pLDDT=84.9 pTM=0.636 tol=0.436
2026-07-22 19:25:59,003 alphafold2_ptm_model_5_seed_043 took 1.0s (3 recycles)
2026-07-22 19:25:59,972 alphafold2_ptm_model_1_seed_044 recycle=0 pLDDT=73 pTM=0.571
2026-07-22 19:26:00,226 alphafold2_ptm_model_1_seed_044 recycle=1 pLDDT=87.2 pTM=0.706 tol=0.886
2026-07-22 19:26:00,481 alphafold2_ptm_model_1_seed_044 recycle=2 pLDDT=88.9 pTM=0.721 tol=0.25
2026-07-22 19:26:00,737 alphafold2_ptm_model_1_seed_044 recycle=3 pLDDT=89.8 pTM=0.729 tol=0.106
2026-07-22 19:26:00,737 alphafold2_ptm_model_1_seed_044 took 1.0s (3 recycles)
2026-07-22 19:26:01,015 alphafold2_ptm_model_2_seed_044 recycle=0 pLDDT=58.9 pTM=0.472
2026-07-22 19:26:01,268 alphafold2_ptm_model_2_seed_044 recycle=1 pLDDT=77.6 pTM=0.611 tol=6.44
2026-07-22 19:26:01,527 alphafold2_ptm_model_2_seed_044 recycle=2 pLDDT=84.9 pTM=0.68 tol=1.13
2026-07-22 19:26:01,781 alphafold2_ptm_model_2_seed_044 recycle=3 pLDDT=88 pTM=0.711 tol=0.32
2026-07-22 19:26:01,781 alphafold2_ptm_model_2_seed_044 took 1.0s (3 recycles)
2026-07-22 19:26:02,056 alphafold2_ptm_model_3_seed_044 recycle=0 pLDDT=63.9 pTM=0.482
2026-07-22 19:26:02,308 alphafold2_ptm_model_3_seed_044 recycle=1 pLDDT=71.6 pTM=0.568 tol=0.885
2026-07-22 19:26:02,562 alphafold2_ptm_model_3_seed_044 recycle=2 pLDDT=72.2 pTM=0.56 tol=0.206
2026-07-22 19:26:02,815 alphafold2_ptm_model_3_seed_044 recycle=3 pLDDT=70.9 pTM=0.551 tol=0.339
2026-07-22 19:26:02,815 alphafold2_ptm_model_3_seed_044 took 1.0s (3 recycles)
2026-07-22 19:26:03,093 alphafold2_ptm_model_4_seed_044 recycle=0 pLDDT=67.9 pTM=0.555
2026-07-22 19:26:03,347 alphafold2_ptm_model_4_seed_044 recycle=1 pLDDT=74.4 pTM=0.604 tol=0.568
2026-07-22 19:26:03,600 alphafold2_ptm_model_4_seed_044 recycle=2 pLDDT=73.9 pTM=0.599 tol=0.183
2026-07-22 19:26:03,853 alphafold2_ptm_model_4_seed_044 recycle=3 pLDDT=74.6 pTM=0.603 tol=0.0847
2026-07-22 19:26:03,853 alphafold2_ptm_model_4_seed_044 took 1.0s (3 recycles)
2026-07-22 19:26:04,134 alphafold2_ptm_model_5_seed_044 recycle=0 pLDDT=58.3 pTM=0.471
2026-07-22 19:26:04,393 alphafold2_ptm_model_5_seed_044 recycle=1 pLDDT=81.8 pTM=0.618 tol=6.52
2026-07-22 19:26:04,647 alphafold2_ptm_model_5_seed_044 recycle=2 pLDDT=84.4 pTM=0.634 tol=1.33
2026-07-22 19:26:04,900 alphafold2_ptm_model_5_seed_044 recycle=3 pLDDT=85.1 pTM=0.641 tol=0.31
2026-07-22 19:26:04,900 alphafold2_ptm_model_5_seed_044 took 1.0s (3 recycles)
2026-07-22 19:26:04,924 reranking models by 'plddt' metric
2026-07-22 19:26:04,925 rank_001_alphafold2_ptm_model_1_seed_042 pLDDT=91.1 pTM=0.748
2026-07-22 19:26:04,926 rank_002_alphafold2_ptm_model_2_seed_043 pLDDT=90.4 pTM=0.751
2026-07-22 19:26:04,927 rank_003_alphafold2_ptm_model_1_seed_043 pLDDT=90.2 pTM=0.74
2026-07-22 19:26:04,928 rank_004_alphafold2_ptm_model_2_seed_042 pLDDT=89.9 pTM=0.742
2026-07-22 19:26:04,930 rank_005_alphafold2_ptm_model_1_seed_044 pLDDT=89.8 pTM=0.729
2026-07-22 19:26:04,931 rank_006_alphafold2_ptm_model_2_seed_044 pLDDT=88 pTM=0.711
2026-07-22 19:26:04,932 rank_007_alphafold2_ptm_model_5_seed_044 pLDDT=85.1 pTM=0.641
2026-07-22 19:26:04,934 rank_008_alphafold2_ptm_model_5_seed_043 pLDDT=84.9 pTM=0.636
2026-07-22 19:26:04,935 rank_009_alphafold2_ptm_model_5_seed_042 pLDDT=84.9 pTM=0.642
2026-07-22 19:26:04,936 rank_010_alphafold2_ptm_model_4_seed_042 pLDDT=84.4 pTM=0.65
2026-07-22 19:26:04,937 rank_011_alphafold2_ptm_model_4_seed_044 pLDDT=74.6 pTM=0.603
2026-07-22 19:26:04,939 rank_012_alphafold2_ptm_model_4_seed_043 pLDDT=73.5 pTM=0.593
2026-07-22 19:26:04,940 rank_013_alphafold2_ptm_model_3_seed_042 pLDDT=72.2 pTM=0.565
2026-07-22 19:26:04,941 rank_014_alphafold2_ptm_model_3_seed_044 pLDDT=70.9 pTM=0.551
2026-07-22 19:26:04,943 rank_015_alphafold2_ptm_model_3_seed_043 pLDDT=69.9 pTM=0.546
2026-07-22 19:26:07,091 Skipping 5KPE_4_4_9_0_combined_id4 (already done)
2026-07-22 19:26:07,091 Query 50/426: 5KPE_2_8_6_0_combined_id2 (length 108)
2026-07-22 19:26:08,858 alphafold2_ptm_model_1_seed_042 recycle=0 pLDDT=58.7 pTM=0.461
2026-07-22 19:26:09,109 alphafold2_ptm_model_1_seed_042 recycle=1 pLDDT=63.5 pTM=0.521 tol=3.66
2026-07-22 19:26:09,361 alphafold2_ptm_model_1_seed_042 recycle=2 pLDDT=66.8 pTM=0.54 tol=2.13
2026-07-22 19:26:09,612 alphafold2_ptm_model_1_seed_042 recycle=3 pLDDT=64.9 pTM=0.518 tol=1.05
2026-07-22 19:26:09,613 alphafold2_ptm_model_1_seed_042 took 1.0s (3 recycles)
2026-07-22 19:26:09,891 alphafold2_ptm_model_2_seed_042 recycle=0 pLDDT=59.1 pTM=0.489
2026-07-22 19:26:10,145 alphafold2_ptm_model_2_seed_042 recycle=1 pLDDT=65.8 pTM=0.527 tol=3.87
2026-07-22 19:26:10,399 alphafold2_ptm_model_2_seed_042 recycle=2 pLDDT=64.9 pTM=0.527 tol=0.859
2026-07-22 19:26:10,652 alphafold2_ptm_model_2_seed_042 recycle=3 pLDDT=67.2 pTM=0.531 tol=0.646
2026-07-22 19:26:10,652 alphafold2_ptm_model_2_seed_042 took 1.0s (3 recycles)
2026-07-22 19:26:10,939 alphafold2_ptm_model_3_seed_042 recycle=0 pLDDT=58.2 pTM=0.433
2026-07-22 19:26:11,190 alphafold2_ptm_model_3_seed_042 recycle=1 pLDDT=56.8 pTM=0.435 tol=4.44
2026-07-22 19:26:11,446 alphafold2_ptm_model_3_seed_042 recycle=2 pLDDT=63.4 pTM=0.49 tol=3.82
2026-07-22 19:26:11,702 alphafold2_ptm_model_3_seed_042 recycle=3 pLDDT=63.7 pTM=0.504 tol=0.589
2026-07-22 19:26:11,702 alphafold2_ptm_model_3_seed_042 took 1.0s (3 recycles)
2026-07-22 19:26:11,976 alphafold2_ptm_model_4_seed_042 recycle=0 pLDDT=57.8 pTM=0.453
2026-07-22 19:26:12,227 alphafold2_ptm_model_4_seed_042 recycle=1 pLDDT=60.6 pTM=0.489 tol=2.17
2026-07-22 19:26:12,479 alphafold2_ptm_model_4_seed_042 recycle=2 pLDDT=67.6 pTM=0.544 tol=3.21
2026-07-22 19:26:12,731 alphafold2_ptm_model_4_seed_042 recycle=3 pLDDT=65.5 pTM=0.518 tol=0.728
2026-07-22 19:26:12,731 alphafold2_ptm_model_4_seed_042 took 1.0s (3 recycles)
2026-07-22 19:26:13,005 alphafold2_ptm_model_5_seed_042 recycle=0 pLDDT=58.5 pTM=0.477
2026-07-22 19:26:13,256 alphafold2_ptm_model_5_seed_042 recycle=1 pLDDT=58.9 pTM=0.473 tol=0.897
2026-07-22 19:26:13,508 alphafold2_ptm_model_5_seed_042 recycle=2 pLDDT=58.4 pTM=0.476 tol=1.16
2026-07-22 19:26:13,759 alphafold2_ptm_model_5_seed_042 recycle=3 pLDDT=63 pTM=0.499 tol=1.12
2026-07-22 19:26:13,760 alphafold2_ptm_model_5_seed_042 took 1.0s (3 recycles)
2026-07-22 19:26:14,749 alphafold2_ptm_model_1_seed_043 recycle=0 pLDDT=58.1 pTM=0.453
2026-07-22 19:26:15,000 alphafold2_ptm_model_1_seed_043 recycle=1 pLDDT=64.2 pTM=0.53 tol=3.32
2026-07-22 19:26:15,251 alphafold2_ptm_model_1_seed_043 recycle=2 pLDDT=67.4 pTM=0.544 tol=2.54
2026-07-22 19:26:15,502 alphafold2_ptm_model_1_seed_043 recycle=3 pLDDT=66.4 pTM=0.539 tol=0.202
2026-07-22 19:26:15,503 alphafold2_ptm_model_1_seed_043 took 1.0s (3 recycles)
2026-07-22 19:26:15,777 alphafold2_ptm_model_2_seed_043 recycle=0 pLDDT=59.6 pTM=0.486
2026-07-22 19:26:16,029 alphafold2_ptm_model_2_seed_043 recycle=1 pLDDT=65.4 pTM=0.531 tol=3.63
2026-07-22 19:26:16,282 alphafold2_ptm_model_2_seed_043 recycle=2 pLDDT=65.6 pTM=0.523 tol=0.948
2026-07-22 19:26:16,534 alphafold2_ptm_model_2_seed_043 recycle=3 pLDDT=65.5 pTM=0.536 tol=0.529
2026-07-22 19:26:16,534 alphafold2_ptm_model_2_seed_043 took 1.0s (3 recycles)
2026-07-22 19:26:16,840 alphafold2_ptm_model_3_seed_043 recycle=0 pLDDT=59.2 pTM=0.439
2026-07-22 19:26:17,091 alphafold2_ptm_model_3_seed_043 recycle=1 pLDDT=67.4 pTM=0.51 tol=2.38
2026-07-22 19:26:17,342 alphafold2_ptm_model_3_seed_043 recycle=2 pLDDT=63.5 pTM=0.486 tol=3.25
2026-07-22 19:26:17,593 alphafold2_ptm_model_3_seed_043 recycle=3 pLDDT=57.8 pTM=0.456 tol=3.61
2026-07-22 19:26:17,593 alphafold2_ptm_model_3_seed_043 took 1.0s (3 recycles)
2026-07-22 19:26:17,866 alphafold2_ptm_model_4_seed_043 recycle=0 pLDDT=57.2 pTM=0.445
2026-07-22 19:26:18,121 alphafold2_ptm_model_4_seed_043 recycle=1 pLDDT=61.5 pTM=0.495 tol=2.31
2026-07-22 19:26:18,373 alphafold2_ptm_model_4_seed_043 recycle=2 pLDDT=66.4 pTM=0.536 tol=0.66
2026-07-22 19:26:18,624 alphafold2_ptm_model_4_seed_043 recycle=3 pLDDT=63.6 pTM=0.504 tol=0.936
2026-07-22 19:26:18,624 alphafold2_ptm_model_4_seed_043 took 1.0s (3 recycles)
2026-07-22 19:26:18,897 alphafold2_ptm_model_5_seed_043 recycle=0 pLDDT=56.7 pTM=0.458
2026-07-22 19:26:19,147 alphafold2_ptm_model_5_seed_043 recycle=1 pLDDT=57.9 pTM=0.462 tol=1.13
2026-07-22 19:26:19,399 alphafold2_ptm_model_5_seed_043 recycle=2 pLDDT=54.1 pTM=0.462 tol=3.44
2026-07-22 19:26:19,649 alphafold2_ptm_model_5_seed_043 recycle=3 pLDDT=60.8 pTM=0.482 tol=3.43
2026-07-22 19:26:19,650 alphafold2_ptm_model_5_seed_043 took 1.0s (3 recycles)
2026-07-22 19:26:20,598 alphafold2_ptm_model_1_seed_044 recycle=0 pLDDT=58 pTM=0.453
2026-07-22 19:26:20,850 alphafold2_ptm_model_1_seed_044 recycle=1 pLDDT=64.9 pTM=0.528 tol=3.38
2026-07-22 19:26:21,101 alphafold2_ptm_model_1_seed_044 recycle=2 pLDDT=67.4 pTM=0.544 tol=1.25
2026-07-22 19:26:21,353 alphafold2_ptm_model_1_seed_044 recycle=3 pLDDT=66.2 pTM=0.531 tol=0.942
2026-07-22 19:26:21,353 alphafold2_ptm_model_1_seed_044 took 1.0s (3 recycles)
2026-07-22 19:26:21,627 alphafold2_ptm_model_2_seed_044 recycle=0 pLDDT=60.3 pTM=0.487
2026-07-22 19:26:21,881 alphafold2_ptm_model_2_seed_044 recycle=1 pLDDT=65.5 pTM=0.523 tol=4.16
2026-07-22 19:26:22,134 alphafold2_ptm_model_2_seed_044 recycle=2 pLDDT=65.4 pTM=0.533 tol=0.68
2026-07-22 19:26:22,387 alphafold2_ptm_model_2_seed_044 recycle=3 pLDDT=64.9 pTM=0.527 tol=4.02
2026-07-22 19:26:22,387 alphafold2_ptm_model_2_seed_044 took 1.0s (3 recycles)
2026-07-22 19:26:22,660 alphafold2_ptm_model_3_seed_044 recycle=0 pLDDT=60.7 pTM=0.46
2026-07-22 19:26:22,910 alphafold2_ptm_model_3_seed_044 recycle=1 pLDDT=60.2 pTM=0.457 tol=2.14
2026-07-22 19:26:23,162 alphafold2_ptm_model_3_seed_044 recycle=2 pLDDT=65.6 pTM=0.508 tol=0.932
2026-07-22 19:26:23,417 alphafold2_ptm_model_3_seed_044 recycle=3 pLDDT=62.3 pTM=0.478 tol=0.573
2026-07-22 19:26:23,417 alphafold2_ptm_model_3_seed_044 took 1.0s (3 recycles)
2026-07-22 19:26:23,698 alphafold2_ptm_model_4_seed_044 recycle=0 pLDDT=58.1 pTM=0.459
2026-07-22 19:26:23,949 alphafold2_ptm_model_4_seed_044 recycle=1 pLDDT=60.9 pTM=0.49 tol=2.02
2026-07-22 19:26:24,202 alphafold2_ptm_model_4_seed_044 recycle=2 pLDDT=67.4 pTM=0.544 tol=3.06
2026-07-22 19:26:24,454 alphafold2_ptm_model_4_seed_044 recycle=3 pLDDT=65.4 pTM=0.516 tol=0.897
2026-07-22 19:26:24,454 alphafold2_ptm_model_4_seed_044 took 1.0s (3 recycles)
2026-07-22 19:26:24,734 alphafold2_ptm_model_5_seed_044 recycle=0 pLDDT=64.6 pTM=0.511
2026-07-22 19:26:24,989 alphafold2_ptm_model_5_seed_044 recycle=1 pLDDT=63.2 pTM=0.498 tol=0.879
2026-07-22 19:26:25,241 alphafold2_ptm_model_5_seed_044 recycle=2 pLDDT=65.9 pTM=0.521 tol=0.741
2026-07-22 19:26:25,493 alphafold2_ptm_model_5_seed_044 recycle=3 pLDDT=67 pTM=0.523 tol=0.256
2026-07-22 19:26:25,493 alphafold2_ptm_model_5_seed_044 took 1.0s (3 recycles)
2026-07-22 19:26:25,534 reranking models by 'plddt' metric
2026-07-22 19:26:25,534 rank_001_alphafold2_ptm_model_2_seed_042 pLDDT=67.2 pTM=0.531
2026-07-22 19:26:25,535 rank_002_alphafold2_ptm_model_5_seed_044 pLDDT=67 pTM=0.523
2026-07-22 19:26:25,537 rank_003_alphafold2_ptm_model_1_seed_043 pLDDT=66.4 pTM=0.539
2026-07-22 19:26:25,538 rank_004_alphafold2_ptm_model_1_seed_044 pLDDT=66.2 pTM=0.531
2026-07-22 19:26:25,540 rank_005_alphafold2_ptm_model_2_seed_043 pLDDT=65.5 pTM=0.536
2026-07-22 19:26:25,541 rank_006_alphafold2_ptm_model_4_seed_042 pLDDT=65.5 pTM=0.518
2026-07-22 19:26:25,542 rank_007_alphafold2_ptm_model_4_seed_044 pLDDT=65.4 pTM=0.516
2026-07-22 19:26:25,544 rank_008_alphafold2_ptm_model_2_seed_044 pLDDT=64.9 pTM=0.527
2026-07-22 19:26:25,545 rank_009_alphafold2_ptm_model_1_seed_042 pLDDT=64.9 pTM=0.518
2026-07-22 19:26:25,546 rank_010_alphafold2_ptm_model_3_seed_042 pLDDT=63.7 pTM=0.504
2026-07-22 19:26:25,548 rank_011_alphafold2_ptm_model_4_seed_043 pLDDT=63.6 pTM=0.504
2026-07-22 19:26:25,549 rank_012_alphafold2_ptm_model_5_seed_042 pLDDT=63 pTM=0.499
2026-07-22 19:26:25,550 rank_013_alphafold2_ptm_model_3_seed_044 pLDDT=62.3 pTM=0.478
2026-07-22 19:26:25,552 rank_014_alphafold2_ptm_model_5_seed_043 pLDDT=60.8 pTM=0.482
2026-07-22 19:26:25,553 rank_015_alphafold2_ptm_model_3_seed_043 pLDDT=57.8 pTM=0.456
2026-07-22 19:26:28,212 Query 51/426: 5KPE_2_8_6_0_combined_id8 (length 108)
2026-07-22 19:26:30,332 alphafold2_ptm_model_1_seed_042 recycle=0 pLDDT=68.1 pTM=0.538
2026-07-22 19:26:30,584 alphafold2_ptm_model_1_seed_042 recycle=1 pLDDT=71.2 pTM=0.573 tol=0.962
2026-07-22 19:26:30,836 alphafold2_ptm_model_1_seed_042 recycle=2 pLDDT=71.4 pTM=0.571 tol=0.594
2026-07-22 19:26:31,089 alphafold2_ptm_model_1_seed_042 recycle=3 pLDDT=73.6 pTM=0.59 tol=0.882
2026-07-22 19:26:31,089 alphafold2_ptm_model_1_seed_042 took 1.0s (3 recycles)
2026-07-22 19:26:31,366 alphafold2_ptm_model_2_seed_042 recycle=0 pLDDT=68.3 pTM=0.577
2026-07-22 19:26:31,619 alphafold2_ptm_model_2_seed_042 recycle=1 pLDDT=72.9 pTM=0.594 tol=0.828
2026-07-22 19:26:31,875 alphafold2_ptm_model_2_seed_042 recycle=2 pLDDT=70 pTM=0.586 tol=0.742
2026-07-22 19:26:32,128 alphafold2_ptm_model_2_seed_042 recycle=3 pLDDT=71.8 pTM=0.579 tol=0.721
2026-07-22 19:26:32,129 alphafold2_ptm_model_2_seed_042 took 1.0s (3 recycles)
2026-07-22 19:26:32,405 alphafold2_ptm_model_3_seed_042 recycle=0 pLDDT=71.8 pTM=0.542
2026-07-22 19:26:32,657 alphafold2_ptm_model_3_seed_042 recycle=1 pLDDT=69.9 pTM=0.533 tol=1.83
2026-07-22 19:26:32,914 alphafold2_ptm_model_3_seed_042 recycle=2 pLDDT=70.7 pTM=0.533 tol=0.427
2026-07-22 19:26:33,166 alphafold2_ptm_model_3_seed_042 recycle=3 pLDDT=70.2 pTM=0.538 tol=0.429
2026-07-22 19:26:33,166 alphafold2_ptm_model_3_seed_042 took 1.0s (3 recycles)
2026-07-22 19:26:33,456 alphafold2_ptm_model_4_seed_042 recycle=0 pLDDT=72.8 pTM=0.59
2026-07-22 19:26:33,708 alphafold2_ptm_model_4_seed_042 recycle=1 pLDDT=71.5 pTM=0.591 tol=2.62
2026-07-22 19:26:33,961 alphafold2_ptm_model_4_seed_042 recycle=2 pLDDT=71.7 pTM=0.574 tol=0.647
2026-07-22 19:26:34,213 alphafold2_ptm_model_4_seed_042 recycle=3 pLDDT=71.3 pTM=0.572 tol=0.326
2026-07-22 19:26:34,213 alphafold2_ptm_model_4_seed_042 took 1.0s (3 recycles)
2026-07-22 19:26:34,489 alphafold2_ptm_model_5_seed_042 recycle=0 pLDDT=75.2 pTM=0.609
2026-07-22 19:26:34,741 alphafold2_ptm_model_5_seed_042 recycle=1 pLDDT=72.8 pTM=0.593 tol=1.39
2026-07-22 19:26:34,994 alphafold2_ptm_model_5_seed_042 recycle=2 pLDDT=72.2 pTM=0.587 tol=0.779
2026-07-22 19:26:35,246 alphafold2_ptm_model_5_seed_042 recycle=3 pLDDT=73.2 pTM=0.587 tol=0.543
2026-07-22 19:26:35,246 alphafold2_ptm_model_5_seed_042 took 1.0s (3 recycles)
2026-07-22 19:26:36,229 alphafold2_ptm_model_1_seed_043 recycle=0 pLDDT=67.7 pTM=0.539
2026-07-22 19:26:36,481 alphafold2_ptm_model_1_seed_043 recycle=1 pLDDT=71.2 pTM=0.573 tol=0.921
2026-07-22 19:26:36,737 alphafold2_ptm_model_1_seed_043 recycle=2 pLDDT=70.6 pTM=0.565 tol=0.726
2026-07-22 19:26:36,990 alphafold2_ptm_model_1_seed_043 recycle=3 pLDDT=73.1 pTM=0.584 tol=1.19
2026-07-22 19:26:36,990 alphafold2_ptm_model_1_seed_043 took 1.0s (3 recycles)
2026-07-22 19:26:37,268 alphafold2_ptm_model_2_seed_043 recycle=0 pLDDT=68.2 pTM=0.566
2026-07-22 19:26:37,520 alphafold2_ptm_model_2_seed_043 recycle=1 pLDDT=72.6 pTM=0.588 tol=1.13
2026-07-22 19:26:37,773 alphafold2_ptm_model_2_seed_043 recycle=2 pLDDT=70.9 pTM=0.593 tol=1.17
2026-07-22 19:26:38,025 alphafold2_ptm_model_2_seed_043 recycle=3 pLDDT=71.8 pTM=0.583 tol=0.974
2026-07-22 19:26:38,026 alphafold2_ptm_model_2_seed_043 took 1.0s (3 recycles)
2026-07-22 19:26:38,307 alphafold2_ptm_model_3_seed_043 recycle=0 pLDDT=71.1 pTM=0.543
2026-07-22 19:26:38,559 alphafold2_ptm_model_3_seed_043 recycle=1 pLDDT=71.4 pTM=0.55 tol=1.62
2026-07-22 19:26:38,812 alphafold2_ptm_model_3_seed_043 recycle=2 pLDDT=71.7 pTM=0.546 tol=0.629
2026-07-22 19:26:39,063 alphafold2_ptm_model_3_seed_043 recycle=3 pLDDT=71.6 pTM=0.543 tol=0.287
2026-07-22 19:26:39,063 alphafold2_ptm_model_3_seed_043 took 1.0s (3 recycles)
2026-07-22 19:26:39,344 alphafold2_ptm_model_4_seed_043 recycle=0 pLDDT=71.2 pTM=0.579
2026-07-22 19:26:39,598 alphafold2_ptm_model_4_seed_043 recycle=1 pLDDT=73.5 pTM=0.602 tol=1.81
2026-07-22 19:26:39,852 alphafold2_ptm_model_4_seed_043 recycle=2 pLDDT=71.9 pTM=0.59 tol=0.537
2026-07-22 19:26:40,105 alphafold2_ptm_model_4_seed_043 recycle=3 pLDDT=71.3 pTM=0.569 tol=0.619
2026-07-22 19:26:40,106 alphafold2_ptm_model_4_seed_043 took 1.0s (3 recycles)
2026-07-22 19:26:40,387 alphafold2_ptm_model_5_seed_043 recycle=0 pLDDT=70.6 pTM=0.584
2026-07-22 19:26:40,640 alphafold2_ptm_model_5_seed_043 recycle=1 pLDDT=73.3 pTM=0.59 tol=1.03
2026-07-22 19:26:40,893 alphafold2_ptm_model_5_seed_043 recycle=2 pLDDT=73.8 pTM=0.597 tol=0.253
2026-07-22 19:26:41,145 alphafold2_ptm_model_5_seed_043 recycle=3 pLDDT=73.8 pTM=0.592 tol=0.781
2026-07-22 19:26:41,145 alphafold2_ptm_model_5_seed_043 took 1.0s (3 recycles)
2026-07-22 19:26:42,180 alphafold2_ptm_model_1_seed_044 recycle=0 pLDDT=68.4 pTM=0.54
2026-07-22 19:26:42,432 alphafold2_ptm_model_1_seed_044 recycle=1 pLDDT=71.1 pTM=0.57 tol=1.1
2026-07-22 19:26:42,687 alphafold2_ptm_model_1_seed_044 recycle=2 pLDDT=73 pTM=0.586 tol=0.501
2026-07-22 19:26:42,939 alphafold2_ptm_model_1_seed_044 recycle=3 pLDDT=73.7 pTM=0.592 tol=0.514
2026-07-22 19:26:42,940 alphafold2_ptm_model_1_seed_044 took 1.0s (3 recycles)
2026-07-22 19:26:43,217 alphafold2_ptm_model_2_seed_044 recycle=0 pLDDT=68.5 pTM=0.573
2026-07-22 19:26:43,470 alphafold2_ptm_model_2_seed_044 recycle=1 pLDDT=72.9 pTM=0.59 tol=0.586
2026-07-22 19:26:43,724 alphafold2_ptm_model_2_seed_044 recycle=2 pLDDT=69.9 pTM=0.584 tol=1.07
2026-07-22 19:26:43,977 alphafold2_ptm_model_2_seed_044 recycle=3 pLDDT=72.1 pTM=0.583 tol=0.943
2026-07-22 19:26:43,977 alphafold2_ptm_model_2_seed_044 took 1.0s (3 recycles)
2026-07-22 19:26:44,253 alphafold2_ptm_model_3_seed_044 recycle=0 pLDDT=71.2 pTM=0.539
2026-07-22 19:26:44,506 alphafold2_ptm_model_3_seed_044 recycle=1 pLDDT=69.9 pTM=0.535 tol=1.88
2026-07-22 19:26:44,759 alphafold2_ptm_model_3_seed_044 recycle=2 pLDDT=70.5 pTM=0.53 tol=0.869
2026-07-22 19:26:45,011 alphafold2_ptm_model_3_seed_044 recycle=3 pLDDT=69.6 pTM=0.532 tol=0.489
2026-07-22 19:26:45,012 alphafold2_ptm_model_3_seed_044 took 1.0s (3 recycles)
2026-07-22 19:26:45,288 alphafold2_ptm_model_4_seed_044 recycle=0 pLDDT=72.3 pTM=0.585
2026-07-22 19:26:45,540 alphafold2_ptm_model_4_seed_044 recycle=1 pLDDT=71.4 pTM=0.59 tol=2.22
2026-07-22 19:26:45,793 alphafold2_ptm_model_4_seed_044 recycle=2 pLDDT=70.9 pTM=0.57 tol=0.414
2026-07-22 19:26:46,047 alphafold2_ptm_model_4_seed_044 recycle=3 pLDDT=72.1 pTM=0.581 tol=0.326
2026-07-22 19:26:46,047 alphafold2_ptm_model_4_seed_044 took 1.0s (3 recycles)
2026-07-22 19:26:46,322 alphafold2_ptm_model_5_seed_044 recycle=0 pLDDT=72.7 pTM=0.596
2026-07-22 19:26:46,575 alphafold2_ptm_model_5_seed_044 recycle=1 pLDDT=73.8 pTM=0.597 tol=0.924
2026-07-22 19:26:46,827 alphafold2_ptm_model_5_seed_044 recycle=2 pLDDT=73.8 pTM=0.595 tol=0.499
2026-07-22 19:26:47,080 alphafold2_ptm_model_5_seed_044 recycle=3 pLDDT=73.6 pTM=0.588 tol=0.639
2026-07-22 19:26:47,080 alphafold2_ptm_model_5_seed_044 took 1.0s (3 recycles)
2026-07-22 19:26:47,103 reranking models by 'plddt' metric
2026-07-22 19:26:47,103 rank_001_alphafold2_ptm_model_5_seed_043 pLDDT=73.8 pTM=0.592
2026-07-22 19:26:47,104 rank_002_alphafold2_ptm_model_1_seed_044 pLDDT=73.7 pTM=0.592
2026-07-22 19:26:47,106 rank_003_alphafold2_ptm_model_5_seed_044 pLDDT=73.6 pTM=0.588
2026-07-22 19:26:47,107 rank_004_alphafold2_ptm_model_1_seed_042 pLDDT=73.6 pTM=0.59
2026-07-22 19:26:47,108 rank_005_alphafold2_ptm_model_5_seed_042 pLDDT=73.2 pTM=0.587
2026-07-22 19:26:47,110 rank_006_alphafold2_ptm_model_1_seed_043 pLDDT=73.1 pTM=0.584
2026-07-22 19:26:47,111 rank_007_alphafold2_ptm_model_4_seed_044 pLDDT=72.1 pTM=0.581
2026-07-22 19:26:47,113 rank_008_alphafold2_ptm_model_2_seed_044 pLDDT=72.1 pTM=0.583
2026-07-22 19:26:47,114 rank_009_alphafold2_ptm_model_2_seed_042 pLDDT=71.8 pTM=0.579
2026-07-22 19:26:47,115 rank_010_alphafold2_ptm_model_2_seed_043 pLDDT=71.8 pTM=0.583
2026-07-22 19:26:47,117 rank_011_alphafold2_ptm_model_3_seed_043 pLDDT=71.6 pTM=0.543
2026-07-22 19:26:47,118 rank_012_alphafold2_ptm_model_4_seed_043 pLDDT=71.3 pTM=0.569
2026-07-22 19:26:47,120 rank_013_alphafold2_ptm_model_4_seed_042 pLDDT=71.3 pTM=0.572
2026-07-22 19:26:47,121 rank_014_alphafold2_ptm_model_3_seed_042 pLDDT=70.2 pTM=0.538
2026-07-22 19:26:47,123 rank_015_alphafold2_ptm_model_3_seed_044 pLDDT=69.6 pTM=0.532
2026-07-22 19:26:49,319 Query 52/426: 5KPE_2_8_6_0_combined_id0 (length 108)
2026-07-22 19:26:51,079 alphafold2_ptm_model_1_seed_042 recycle=0 pLDDT=63.7 pTM=0.521
2026-07-22 19:26:51,333 alphafold2_ptm_model_1_seed_042 recycle=1 pLDDT=88.5 pTM=0.738 tol=1.89
2026-07-22 19:26:51,591 alphafold2_ptm_model_1_seed_042 recycle=2 pLDDT=91.9 pTM=0.79 tol=0.279
2026-07-22 19:26:51,848 alphafold2_ptm_model_1_seed_042 recycle=3 pLDDT=91.2 pTM=0.776 tol=0.117
2026-07-22 19:26:51,848 alphafold2_ptm_model_1_seed_042 took 1.0s (3 recycles)
2026-07-22 19:26:52,124 alphafold2_ptm_model_2_seed_042 recycle=0 pLDDT=61.1 pTM=0.521
2026-07-22 19:26:52,379 alphafold2_ptm_model_2_seed_042 recycle=1 pLDDT=88.2 pTM=0.724 tol=4.36
2026-07-22 19:26:52,638 alphafold2_ptm_model_2_seed_042 recycle=2 pLDDT=92.4 pTM=0.797 tol=0.386
2026-07-22 19:26:52,895 alphafold2_ptm_model_2_seed_042 recycle=3 pLDDT=92.1 pTM=0.787 tol=0.13
2026-07-22 19:26:52,895 alphafold2_ptm_model_2_seed_042 took 1.0s (3 recycles)
2026-07-22 19:26:53,173 alphafold2_ptm_model_3_seed_042 recycle=0 pLDDT=69.9 pTM=0.542
2026-07-22 19:26:53,435 alphafold2_ptm_model_3_seed_042 recycle=1 pLDDT=92.7 pTM=0.818 tol=1.78
2026-07-22 19:26:53,700 alphafold2_ptm_model_3_seed_042 recycle=2 pLDDT=94.6 pTM=0.849 tol=0.354
2026-07-22 19:26:53,966 alphafold2_ptm_model_3_seed_042 recycle=3 pLDDT=95.4 pTM=0.861 tol=0.066
2026-07-22 19:26:53,967 alphafold2_ptm_model_3_seed_042 took 1.0s (3 recycles)
2026-07-22 19:26:54,244 alphafold2_ptm_model_4_seed_042 recycle=0 pLDDT=62.8 pTM=0.496
2026-07-22 19:26:54,499 alphafold2_ptm_model_4_seed_042 recycle=1 pLDDT=87.2 pTM=0.716 tol=1.49
2026-07-22 19:26:54,759 alphafold2_ptm_model_4_seed_042 recycle=2 pLDDT=92.1 pTM=0.82 tol=0.436
2026-07-22 19:26:55,019 alphafold2_ptm_model_4_seed_042 recycle=3 pLDDT=93.1 pTM=0.834 tol=0.0913
2026-07-22 19:26:55,019 alphafold2_ptm_model_4_seed_042 took 1.0s (3 recycles)
2026-07-22 19:26:55,303 alphafold2_ptm_model_5_seed_042 recycle=0 pLDDT=58.4 pTM=0.465
2026-07-22 19:26:55,557 alphafold2_ptm_model_5_seed_042 recycle=1 pLDDT=62.3 pTM=0.501 tol=6.5
2026-07-22 19:26:55,813 alphafold2_ptm_model_5_seed_042 recycle=2 pLDDT=84.9 pTM=0.668 tol=1.25
2026-07-22 19:26:56,068 alphafold2_ptm_model_5_seed_042 recycle=3 pLDDT=89.5 pTM=0.734 tol=0.479
2026-07-22 19:26:56,069 alphafold2_ptm_model_5_seed_042 took 1.0s (3 recycles)
2026-07-22 19:26:57,148 alphafold2_ptm_model_1_seed_043 recycle=0 pLDDT=62.9 pTM=0.512
2026-07-22 19:26:57,404 alphafold2_ptm_model_1_seed_043 recycle=1 pLDDT=88.7 pTM=0.737 tol=1.89
2026-07-22 19:26:57,663 alphafold2_ptm_model_1_seed_043 recycle=2 pLDDT=92.1 pTM=0.792 tol=0.27
2026-07-22 19:26:57,921 alphafold2_ptm_model_1_seed_043 recycle=3 pLDDT=91.2 pTM=0.774 tol=0.13
2026-07-22 19:26:57,921 alphafold2_ptm_model_1_seed_043 took 1.0s (3 recycles)
2026-07-22 19:26:58,224 alphafold2_ptm_model_2_seed_043 recycle=0 pLDDT=70.8 pTM=0.588
2026-07-22 19:26:58,483 alphafold2_ptm_model_2_seed_043 recycle=1 pLDDT=89.7 pTM=0.757 tol=1.87
2026-07-22 19:26:58,743 alphafold2_ptm_model_2_seed_043 recycle=2 pLDDT=92.8 pTM=0.798 tol=0.345
2026-07-22 19:26:59,002 alphafold2_ptm_model_2_seed_043 recycle=3 pLDDT=92.2 pTM=0.788 tol=0.0836
2026-07-22 19:26:59,002 alphafold2_ptm_model_2_seed_043 took 1.0s (3 recycles)
2026-07-22 19:26:59,280 alphafold2_ptm_model_3_seed_043 recycle=0 pLDDT=73.6 pTM=0.573
2026-07-22 19:26:59,541 alphafold2_ptm_model_3_seed_043 recycle=1 pLDDT=92.6 pTM=0.812 tol=1.73
2026-07-22 19:26:59,808 alphafold2_ptm_model_3_seed_043 recycle=2 pLDDT=94.6 pTM=0.848 tol=0.362
2026-07-22 19:27:00,076 alphafold2_ptm_model_3_seed_043 recycle=3 pLDDT=95.3 pTM=0.859 tol=0.0661
2026-07-22 19:27:00,077 alphafold2_ptm_model_3_seed_043 took 1.1s (3 recycles)
2026-07-22 19:27:00,357 alphafold2_ptm_model_4_seed_043 recycle=0 pLDDT=83.1 pTM=0.656
2026-07-22 19:27:00,621 alphafold2_ptm_model_4_seed_043 recycle=1 pLDDT=92.5 pTM=0.831 tol=0.987
2026-07-22 19:27:00,887 alphafold2_ptm_model_4_seed_043 recycle=2 pLDDT=93.1 pTM=0.835 tol=0.109
2026-07-22 19:27:01,150 alphafold2_ptm_model_4_seed_043 recycle=3 pLDDT=93.6 pTM=0.84 tol=0.0628
2026-07-22 19:27:01,150 alphafold2_ptm_model_4_seed_043 took 1.0s (3 recycles)
2026-07-22 19:27:01,432 alphafold2_ptm_model_5_seed_043 recycle=0 pLDDT=51.1 pTM=0.422
2026-07-22 19:27:01,688 alphafold2_ptm_model_5_seed_043 recycle=1 pLDDT=84.8 pTM=0.684 tol=7.44
2026-07-22 19:27:01,945 alphafold2_ptm_model_5_seed_043 recycle=2 pLDDT=91.4 pTM=0.773 tol=0.612
2026-07-22 19:27:02,201 alphafold2_ptm_model_5_seed_043 recycle=3 pLDDT=90.2 pTM=0.741 tol=0.116
2026-07-22 19:27:02,202 alphafold2_ptm_model_5_seed_043 took 1.0s (3 recycles)
2026-07-22 19:27:03,247 alphafold2_ptm_model_1_seed_044 recycle=0 pLDDT=62.8 pTM=0.517
2026-07-22 19:27:03,503 alphafold2_ptm_model_1_seed_044 recycle=1 pLDDT=89.2 pTM=0.744 tol=1.92
2026-07-22 19:27:03,762 alphafold2_ptm_model_1_seed_044 recycle=2 pLDDT=91.6 pTM=0.783 tol=0.261
2026-07-22 19:27:04,019 alphafold2_ptm_model_1_seed_044 recycle=3 pLDDT=91.1 pTM=0.774 tol=0.105
2026-07-22 19:27:04,020 alphafold2_ptm_model_1_seed_044 took 1.0s (3 recycles)
2026-07-22 19:27:04,307 alphafold2_ptm_model_2_seed_044 recycle=0 pLDDT=68.8 pTM=0.563
2026-07-22 19:27:04,565 alphafold2_ptm_model_2_seed_044 recycle=1 pLDDT=89.4 pTM=0.755 tol=1.7
2026-07-22 19:27:04,825 alphafold2_ptm_model_2_seed_044 recycle=2 pLDDT=92.1 pTM=0.788 tol=0.314
2026-07-22 19:27:05,083 alphafold2_ptm_model_2_seed_044 recycle=3 pLDDT=91.4 pTM=0.778 tol=0.0775
2026-07-22 19:27:05,084 alphafold2_ptm_model_2_seed_044 took 1.0s (3 recycles)
2026-07-22 19:27:05,369 alphafold2_ptm_model_3_seed_044 recycle=0 pLDDT=72 pTM=0.558
2026-07-22 19:27:05,632 alphafold2_ptm_model_3_seed_044 recycle=1 pLDDT=92.6 pTM=0.812 tol=1.78
2026-07-22 19:27:05,897 alphafold2_ptm_model_3_seed_044 recycle=2 pLDDT=94.8 pTM=0.851 tol=0.375
2026-07-22 19:27:06,165 alphafold2_ptm_model_3_seed_044 recycle=3 pLDDT=95.4 pTM=0.86 tol=0.066
2026-07-22 19:27:06,165 alphafold2_ptm_model_3_seed_044 took 1.1s (3 recycles)
2026-07-22 19:27:06,454 alphafold2_ptm_model_4_seed_044 recycle=0 pLDDT=68.9 pTM=0.536
2026-07-22 19:27:06,709 alphafold2_ptm_model_4_seed_044 recycle=1 pLDDT=75.1 pTM=0.628 tol=1.17
2026-07-22 19:27:06,970 alphafold2_ptm_model_4_seed_044 recycle=2 pLDDT=91.2 pTM=0.806 tol=1.41
2026-07-22 19:27:07,233 alphafold2_ptm_model_4_seed_044 recycle=3 pLDDT=92.2 pTM=0.817 tol=0.186
2026-07-22 19:27:07,233 alphafold2_ptm_model_4_seed_044 took 1.0s (3 recycles)
2026-07-22 19:27:07,513 alphafold2_ptm_model_5_seed_044 recycle=0 pLDDT=54.3 pTM=0.386
2026-07-22 19:27:07,766 alphafold2_ptm_model_5_seed_044 recycle=1 pLDDT=77.8 pTM=0.609 tol=7.54
2026-07-22 19:27:08,022 alphafold2_ptm_model_5_seed_044 recycle=2 pLDDT=90.9 pTM=0.765 tol=0.673
2026-07-22 19:27:08,277 alphafold2_ptm_model_5_seed_044 recycle=3 pLDDT=89.4 pTM=0.729 tol=0.115
2026-07-22 19:27:08,278 alphafold2_ptm_model_5_seed_044 took 1.0s (3 recycles)
2026-07-22 19:27:08,306 reranking models by 'plddt' metric
2026-07-22 19:27:08,306 rank_001_alphafold2_ptm_model_3_seed_044 pLDDT=95.4 pTM=0.86
2026-07-22 19:27:08,307 rank_002_alphafold2_ptm_model_3_seed_042 pLDDT=95.4 pTM=0.861
2026-07-22 19:27:08,308 rank_003_alphafold2_ptm_model_3_seed_043 pLDDT=95.3 pTM=0.859
2026-07-22 19:27:08,309 rank_004_alphafold2_ptm_model_4_seed_043 pLDDT=93.6 pTM=0.84
2026-07-22 19:27:08,310 rank_005_alphafold2_ptm_model_4_seed_042 pLDDT=93.1 pTM=0.834
2026-07-22 19:27:08,312 rank_006_alphafold2_ptm_model_4_seed_044 pLDDT=92.2 pTM=0.817
2026-07-22 19:27:08,313 rank_007_alphafold2_ptm_model_2_seed_043 pLDDT=92.2 pTM=0.788
2026-07-22 19:27:08,314 rank_008_alphafold2_ptm_model_2_seed_042 pLDDT=92.1 pTM=0.787
2026-07-22 19:27:08,315 rank_009_alphafold2_ptm_model_2_seed_044 pLDDT=91.4 pTM=0.778
2026-07-22 19:27:08,317 rank_010_alphafold2_ptm_model_1_seed_043 pLDDT=91.2 pTM=0.774
2026-07-22 19:27:08,318 rank_011_alphafold2_ptm_model_1_seed_042 pLDDT=91.2 pTM=0.776
2026-07-22 19:27:08,319 rank_012_alphafold2_ptm_model_1_seed_044 pLDDT=91.1 pTM=0.774
2026-07-22 19:27:08,320 rank_013_alphafold2_ptm_model_5_seed_043 pLDDT=90.2 pTM=0.741
2026-07-22 19:27:08,321 rank_014_alphafold2_ptm_model_5_seed_042 pLDDT=89.5 pTM=0.734
2026-07-22 19:27:08,323 rank_015_alphafold2_ptm_model_5_seed_044 pLDDT=89.4 pTM=0.729
2026-07-22 19:27:10,538 Skipping 5KPE_2_8_6_0_combined_id2 (already done)
2026-07-22 19:27:10,538 Query 54/426: 5KPE_2_8_6_0_combined_id4 (length 108)
2026-07-22 19:27:12,605 alphafold2_ptm_model_1_seed_042 recycle=0 pLDDT=75.4 pTM=0.622
2026-07-22 19:27:12,857 alphafold2_ptm_model_1_seed_042 recycle=1 pLDDT=75.2 pTM=0.607 tol=0.421
2026-07-22 19:27:13,110 alphafold2_ptm_model_1_seed_042 recycle=2 pLDDT=74.9 pTM=0.596 tol=0.583
2026-07-22 19:27:13,362 alphafold2_ptm_model_1_seed_042 recycle=3 pLDDT=76.6 pTM=0.618 tol=0.292
2026-07-22 19:27:13,362 alphafold2_ptm_model_1_seed_042 took 1.0s (3 recycles)
2026-07-22 19:27:13,650 alphafold2_ptm_model_2_seed_042 recycle=0 pLDDT=76.2 pTM=0.633
2026-07-22 19:27:13,903 alphafold2_ptm_model_2_seed_042 recycle=1 pLDDT=75.2 pTM=0.627 tol=0.331
2026-07-22 19:27:14,162 alphafold2_ptm_model_2_seed_042 recycle=2 pLDDT=75.8 pTM=0.627 tol=0.24
2026-07-22 19:27:14,416 alphafold2_ptm_model_2_seed_042 recycle=3 pLDDT=75.6 pTM=0.625 tol=0.176
2026-07-22 19:27:14,416 alphafold2_ptm_model_2_seed_042 took 1.0s (3 recycles)
2026-07-22 19:27:14,697 alphafold2_ptm_model_3_seed_042 recycle=0 pLDDT=70.7 pTM=0.559
2026-07-22 19:27:14,950 alphafold2_ptm_model_3_seed_042 recycle=1 pLDDT=73.6 pTM=0.585 tol=0.352
2026-07-22 19:27:15,203 alphafold2_ptm_model_3_seed_042 recycle=2 pLDDT=74.5 pTM=0.596 tol=0.232
2026-07-22 19:27:15,455 alphafold2_ptm_model_3_seed_042 recycle=3 pLDDT=74.6 pTM=0.598 tol=0.116
2026-07-22 19:27:15,455 alphafold2_ptm_model_3_seed_042 took 1.0s (3 recycles)
2026-07-22 19:27:15,735 alphafold2_ptm_model_4_seed_042 recycle=0 pLDDT=79.5 pTM=0.67
2026-07-22 19:27:15,987 alphafold2_ptm_model_4_seed_042 recycle=1 pLDDT=79.2 pTM=0.662 tol=0.629
2026-07-22 19:27:16,240 alphafold2_ptm_model_4_seed_042 recycle=2 pLDDT=78.2 pTM=0.651 tol=0.205
2026-07-22 19:27:16,493 alphafold2_ptm_model_4_seed_042 recycle=3 pLDDT=77.5 pTM=0.642 tol=0.142
2026-07-22 19:27:16,493 alphafold2_ptm_model_4_seed_042 took 1.0s (3 recycles)
2026-07-22 19:27:16,774 alphafold2_ptm_model_5_seed_042 recycle=0 pLDDT=78.8 pTM=0.66
2026-07-22 19:27:17,027 alphafold2_ptm_model_5_seed_042 recycle=1 pLDDT=78.2 pTM=0.636 tol=0.366
2026-07-22 19:27:17,282 alphafold2_ptm_model_5_seed_042 recycle=2 pLDDT=77.9 pTM=0.632 tol=0.16
2026-07-22 19:27:17,535 alphafold2_ptm_model_5_seed_042 recycle=3 pLDDT=77.8 pTM=0.625 tol=0.104
2026-07-22 19:27:17,535 alphafold2_ptm_model_5_seed_042 took 1.0s (3 recycles)
2026-07-22 19:27:18,575 alphafold2_ptm_model_1_seed_043 recycle=0 pLDDT=74.5 pTM=0.614
2026-07-22 19:27:18,828 alphafold2_ptm_model_1_seed_043 recycle=1 pLDDT=75.8 pTM=0.608 tol=0.787
2026-07-22 19:27:19,080 alphafold2_ptm_model_1_seed_043 recycle=2 pLDDT=75.8 pTM=0.611 tol=0.497
2026-07-22 19:27:19,334 alphafold2_ptm_model_1_seed_043 recycle=3 pLDDT=76.4 pTM=0.616 tol=0.127
2026-07-22 19:27:19,334 alphafold2_ptm_model_1_seed_043 took 1.0s (3 recycles)
2026-07-22 19:27:19,615 alphafold2_ptm_model_2_seed_043 recycle=0 pLDDT=75.5 pTM=0.626
2026-07-22 19:27:19,870 alphafold2_ptm_model_2_seed_043 recycle=1 pLDDT=73.6 pTM=0.606 tol=0.286
2026-07-22 19:27:20,126 alphafold2_ptm_model_2_seed_043 recycle=2 pLDDT=74.9 pTM=0.62 tol=0.357
2026-07-22 19:27:20,384 alphafold2_ptm_model_2_seed_043 recycle=3 pLDDT=75.2 pTM=0.62 tol=0.156
2026-07-22 19:27:20,384 alphafold2_ptm_model_2_seed_043 took 1.0s (3 recycles)
2026-07-22 19:27:20,671 alphafold2_ptm_model_3_seed_043 recycle=0 pLDDT=70.2 pTM=0.557
2026-07-22 19:27:20,926 alphafold2_ptm_model_3_seed_043 recycle=1 pLDDT=73.7 pTM=0.583 tol=0.356
2026-07-22 19:27:21,182 alphafold2_ptm_model_3_seed_043 recycle=2 pLDDT=74.2 pTM=0.596 tol=0.235
2026-07-22 19:27:21,437 alphafold2_ptm_model_3_seed_043 recycle=3 pLDDT=74.2 pTM=0.593 tol=0.148
2026-07-22 19:27:21,438 alphafold2_ptm_model_3_seed_043 took 1.0s (3 recycles)
2026-07-22 19:27:21,745 alphafold2_ptm_model_4_seed_043 recycle=0 pLDDT=78.9 pTM=0.665
2026-07-22 19:27:21,999 alphafold2_ptm_model_4_seed_043 recycle=1 pLDDT=78.5 pTM=0.656 tol=0.573
2026-07-22 19:27:22,253 alphafold2_ptm_model_4_seed_043 recycle=2 pLDDT=77.3 pTM=0.643 tol=0.229
2026-07-22 19:27:22,507 alphafold2_ptm_model_4_seed_043 recycle=3 pLDDT=76.4 pTM=0.631 tol=0.339
2026-07-22 19:27:22,507 alphafold2_ptm_model_4_seed_043 took 1.0s (3 recycles)
2026-07-22 19:27:22,787 alphafold2_ptm_model_5_seed_043 recycle=0 pLDDT=78.6 pTM=0.66
2026-07-22 19:27:23,042 alphafold2_ptm_model_5_seed_043 recycle=1 pLDDT=78.1 pTM=0.636 tol=0.353
2026-07-22 19:27:23,296 alphafold2_ptm_model_5_seed_043 recycle=2 pLDDT=77.8 pTM=0.631 tol=0.159
2026-07-22 19:27:23,550 alphafold2_ptm_model_5_seed_043 recycle=3 pLDDT=77.8 pTM=0.627 tol=0.11
2026-07-22 19:27:23,550 alphafold2_ptm_model_5_seed_043 took 1.0s (3 recycles)
2026-07-22 19:27:24,659 alphafold2_ptm_model_1_seed_044 recycle=0 pLDDT=75.4 pTM=0.624
2026-07-22 19:27:24,913 alphafold2_ptm_model_1_seed_044 recycle=1 pLDDT=75.2 pTM=0.607 tol=0.355
2026-07-22 19:27:25,166 alphafold2_ptm_model_1_seed_044 recycle=2 pLDDT=75.4 pTM=0.603 tol=0.5
2026-07-22 19:27:25,419 alphafold2_ptm_model_1_seed_044 recycle=3 pLDDT=76.8 pTM=0.616 tol=0.329
2026-07-22 19:27:25,419 alphafold2_ptm_model_1_seed_044 took 1.0s (3 recycles)
2026-07-22 19:27:25,704 alphafold2_ptm_model_2_seed_044 recycle=0 pLDDT=77.1 pTM=0.644
2026-07-22 19:27:25,957 alphafold2_ptm_model_2_seed_044 recycle=1 pLDDT=74.9 pTM=0.627 tol=0.357
2026-07-22 19:27:26,210 alphafold2_ptm_model_2_seed_044 recycle=2 pLDDT=75.6 pTM=0.629 tol=0.26
2026-07-22 19:27:26,463 alphafold2_ptm_model_2_seed_044 recycle=3 pLDDT=75.6 pTM=0.625 tol=0.134
2026-07-22 19:27:26,463 alphafold2_ptm_model_2_seed_044 took 1.0s (3 recycles)
2026-07-22 19:27:26,740 alphafold2_ptm_model_3_seed_044 recycle=0 pLDDT=68.4 pTM=0.536
2026-07-22 19:27:26,992 alphafold2_ptm_model_3_seed_044 recycle=1 pLDDT=72.6 pTM=0.571 tol=0.41
2026-07-22 19:27:27,245 alphafold2_ptm_model_3_seed_044 recycle=2 pLDDT=73.2 pTM=0.581 tol=0.262
2026-07-22 19:27:27,498 alphafold2_ptm_model_3_seed_044 recycle=3 pLDDT=73.6 pTM=0.586 tol=0.135
2026-07-22 19:27:27,498 alphafold2_ptm_model_3_seed_044 took 1.0s (3 recycles)
2026-07-22 19:27:27,776 alphafold2_ptm_model_4_seed_044 recycle=0 pLDDT=79.9 pTM=0.676
2026-07-22 19:27:28,035 alphafold2_ptm_model_4_seed_044 recycle=1 pLDDT=78.4 pTM=0.655 tol=0.622
2026-07-22 19:27:28,288 alphafold2_ptm_model_4_seed_044 recycle=2 pLDDT=77 pTM=0.641 tol=0.39
2026-07-22 19:27:28,540 alphafold2_ptm_model_4_seed_044 recycle=3 pLDDT=76.2 pTM=0.632 tol=0.408
2026-07-22 19:27:28,541 alphafold2_ptm_model_4_seed_044 took 1.0s (3 recycles)
2026-07-22 19:27:28,821 alphafold2_ptm_model_5_seed_044 recycle=0 pLDDT=78.1 pTM=0.656
2026-07-22 19:27:29,076 alphafold2_ptm_model_5_seed_044 recycle=1 pLDDT=78.1 pTM=0.638 tol=0.354
2026-07-22 19:27:29,329 alphafold2_ptm_model_5_seed_044 recycle=2 pLDDT=77.9 pTM=0.63 tol=0.171
2026-07-22 19:27:29,582 alphafold2_ptm_model_5_seed_044 recycle=3 pLDDT=77.9 pTM=0.627 tol=0.133
2026-07-22 19:27:29,583 alphafold2_ptm_model_5_seed_044 took 1.0s (3 recycles)
2026-07-22 19:27:29,626 reranking models by 'plddt' metric
2026-07-22 19:27:29,627 rank_001_alphafold2_ptm_model_5_seed_044 pLDDT=77.9 pTM=0.627
2026-07-22 19:27:29,628 rank_002_alphafold2_ptm_model_5_seed_043 pLDDT=77.8 pTM=0.627
2026-07-22 19:27:29,629 rank_003_alphafold2_ptm_model_5_seed_042 pLDDT=77.8 pTM=0.625
2026-07-22 19:27:29,631 rank_004_alphafold2_ptm_model_4_seed_042 pLDDT=77.5 pTM=0.642
2026-07-22 19:27:29,632 rank_005_alphafold2_ptm_model_1_seed_044 pLDDT=76.8 pTM=0.616
2026-07-22 19:27:29,633 rank_006_alphafold2_ptm_model_1_seed_042 pLDDT=76.6 pTM=0.618
2026-07-22 19:27:29,635 rank_007_alphafold2_ptm_model_4_seed_043 pLDDT=76.4 pTM=0.631
2026-07-22 19:27:29,636 rank_008_alphafold2_ptm_model_1_seed_043 pLDDT=76.4 pTM=0.616
2026-07-22 19:27:29,637 rank_009_alphafold2_ptm_model_4_seed_044 pLDDT=76.2 pTM=0.632
2026-07-22 19:27:29,638 rank_010_alphafold2_ptm_model_2_seed_044 pLDDT=75.6 pTM=0.625
2026-07-22 19:27:29,640 rank_011_alphafold2_ptm_model_2_seed_042 pLDDT=75.6 pTM=0.625
2026-07-22 19:27:29,641 rank_012_alphafold2_ptm_model_2_seed_043 pLDDT=75.2 pTM=0.62
2026-07-22 19:27:29,642 rank_013_alphafold2_ptm_model_3_seed_042 pLDDT=74.6 pTM=0.598
2026-07-22 19:27:29,643 rank_014_alphafold2_ptm_model_3_seed_043 pLDDT=74.2 pTM=0.593
2026-07-22 19:27:29,644 rank_015_alphafold2_ptm_model_3_seed_044 pLDDT=73.6 pTM=0.586
2026-07-22 19:27:31,884 Query 55/426: 5KPE_2_2_3_0_combined_id5 (length 108)
2026-07-22 19:27:33,618 alphafold2_ptm_model_1_seed_042 recycle=0 pLDDT=66.8 pTM=0.603
2026-07-22 19:27:33,877 alphafold2_ptm_model_1_seed_042 recycle=1 pLDDT=88.4 pTM=0.767 tol=1.43
2026-07-22 19:27:34,135 alphafold2_ptm_model_1_seed_042 recycle=2 pLDDT=90.2 pTM=0.773 tol=0.407
2026-07-22 19:27:34,392 alphafold2_ptm_model_1_seed_042 recycle=3 pLDDT=90.9 pTM=0.776 tol=0.0635
2026-07-22 19:27:34,392 alphafold2_ptm_model_1_seed_042 took 1.0s (3 recycles)
2026-07-22 19:27:34,668 alphafold2_ptm_model_2_seed_042 recycle=0 pLDDT=67.5 pTM=0.604
2026-07-22 19:27:34,927 alphafold2_ptm_model_2_seed_042 recycle=1 pLDDT=91.1 pTM=0.8 tol=3.2
2026-07-22 19:27:35,188 alphafold2_ptm_model_2_seed_042 recycle=2 pLDDT=92.2 pTM=0.81 tol=0.146
2026-07-22 19:27:35,449 alphafold2_ptm_model_2_seed_042 recycle=3 pLDDT=92.3 pTM=0.811 tol=0.0278
2026-07-22 19:27:35,449 alphafold2_ptm_model_2_seed_042 took 1.0s (3 recycles)
2026-07-22 19:27:35,726 alphafold2_ptm_model_3_seed_042 recycle=0 pLDDT=67.5 pTM=0.579
2026-07-22 19:27:35,986 alphafold2_ptm_model_3_seed_042 recycle=1 pLDDT=87.6 pTM=0.768 tol=5.24
2026-07-22 19:27:36,245 alphafold2_ptm_model_3_seed_042 recycle=2 pLDDT=90.6 pTM=0.788 tol=0.438
2026-07-22 19:27:36,504 alphafold2_ptm_model_3_seed_042 recycle=3 pLDDT=90.9 pTM=0.789 tol=0.145
2026-07-22 19:27:36,504 alphafold2_ptm_model_3_seed_042 took 1.0s (3 recycles)
2026-07-22 19:27:36,782 alphafold2_ptm_model_4_seed_042 recycle=0 pLDDT=63.9 pTM=0.562
2026-07-22 19:27:37,036 alphafold2_ptm_model_4_seed_042 recycle=1 pLDDT=66.9 pTM=0.608 tol=2.06
2026-07-22 19:27:37,293 alphafold2_ptm_model_4_seed_042 recycle=2 pLDDT=87.7 pTM=0.773 tol=3.48
2026-07-22 19:27:37,552 alphafold2_ptm_model_4_seed_042 recycle=3 pLDDT=90.1 pTM=0.794 tol=0.369
2026-07-22 19:27:37,552 alphafold2_ptm_model_4_seed_042 took 1.0s (3 recycles)
2026-07-22 19:27:37,829 alphafold2_ptm_model_5_seed_042 recycle=0 pLDDT=62.8 pTM=0.542
2026-07-22 19:27:38,083 alphafold2_ptm_model_5_seed_042 recycle=1 pLDDT=65.6 pTM=0.564 tol=1.38
2026-07-22 19:27:38,338 alphafold2_ptm_model_5_seed_042 recycle=2 pLDDT=86.3 pTM=0.713 tol=5.22
2026-07-22 19:27:38,595 alphafold2_ptm_model_5_seed_042 recycle=3 pLDDT=89.8 pTM=0.737 tol=0.207
2026-07-22 19:27:38,595 alphafold2_ptm_model_5_seed_042 took 1.0s (3 recycles)
2026-07-22 19:27:39,631 alphafold2_ptm_model_1_seed_043 recycle=0 pLDDT=69.6 pTM=0.617
2026-07-22 19:27:39,888 alphafold2_ptm_model_1_seed_043 recycle=1 pLDDT=87.8 pTM=0.76 tol=1.18
2026-07-22 19:27:40,145 alphafold2_ptm_model_1_seed_043 recycle=2 pLDDT=90 pTM=0.776 tol=0.392
2026-07-22 19:27:40,402 alphafold2_ptm_model_1_seed_043 recycle=3 pLDDT=90.8 pTM=0.78 tol=0.0687
2026-07-22 19:27:40,402 alphafold2_ptm_model_1_seed_043 took 1.0s (3 recycles)
2026-07-22 19:27:40,680 alphafold2_ptm_model_2_seed_043 recycle=0 pLDDT=66.8 pTM=0.601
2026-07-22 19:27:40,942 alphafold2_ptm_model_2_seed_043 recycle=1 pLDDT=90.5 pTM=0.794 tol=3.3
2026-07-22 19:27:41,205 alphafold2_ptm_model_2_seed_043 recycle=2 pLDDT=92.3 pTM=0.809 tol=0.166
2026-07-22 19:27:41,466 alphafold2_ptm_model_2_seed_043 recycle=3 pLDDT=92.3 pTM=0.811 tol=0.0328
2026-07-22 19:27:41,466 alphafold2_ptm_model_2_seed_043 took 1.0s (3 recycles)
2026-07-22 19:27:41,756 alphafold2_ptm_model_3_seed_043 recycle=0 pLDDT=67.8 pTM=0.582
2026-07-22 19:27:42,013 alphafold2_ptm_model_3_seed_043 recycle=1 pLDDT=87.2 pTM=0.761 tol=5.38
2026-07-22 19:27:42,272 alphafold2_ptm_model_3_seed_043 recycle=2 pLDDT=90.7 pTM=0.789 tol=0.378
2026-07-22 19:27:42,530 alphafold2_ptm_model_3_seed_043 recycle=3 pLDDT=90.9 pTM=0.789 tol=0.144
2026-07-22 19:27:42,531 alphafold2_ptm_model_3_seed_043 took 1.0s (3 recycles)
2026-07-22 19:27:42,806 alphafold2_ptm_model_4_seed_043 recycle=0 pLDDT=66.4 pTM=0.583
2026-07-22 19:27:43,059 alphafold2_ptm_model_4_seed_043 recycle=1 pLDDT=75.2 pTM=0.666 tol=4.12
2026-07-22 19:27:43,316 alphafold2_ptm_model_4_seed_043 recycle=2 pLDDT=89.2 pTM=0.783 tol=0.966
2026-07-22 19:27:43,574 alphafold2_ptm_model_4_seed_043 recycle=3 pLDDT=90.2 pTM=0.792 tol=0.215
2026-07-22 19:27:43,574 alphafold2_ptm_model_4_seed_043 took 1.0s (3 recycles)
2026-07-22 19:27:43,866 alphafold2_ptm_model_5_seed_043 recycle=0 pLDDT=63.1 pTM=0.538
2026-07-22 19:27:44,121 alphafold2_ptm_model_5_seed_043 recycle=1 pLDDT=66.4 pTM=0.562 tol=5.73
2026-07-22 19:27:44,377 alphafold2_ptm_model_5_seed_043 recycle=2 pLDDT=89.8 pTM=0.737 tol=1.66
2026-07-22 19:27:44,633 alphafold2_ptm_model_5_seed_043 recycle=3 pLDDT=90.4 pTM=0.742 tol=0.107
2026-07-22 19:27:44,633 alphafold2_ptm_model_5_seed_043 took 1.0s (3 recycles)
2026-07-22 19:27:45,592 alphafold2_ptm_model_1_seed_044 recycle=0 pLDDT=65.8 pTM=0.593
2026-07-22 19:27:45,850 alphafold2_ptm_model_1_seed_044 recycle=1 pLDDT=88.8 pTM=0.769 tol=1.73
2026-07-22 19:27:46,106 alphafold2_ptm_model_1_seed_044 recycle=2 pLDDT=88.9 pTM=0.761 tol=0.224
2026-07-22 19:27:46,362 alphafold2_ptm_model_1_seed_044 recycle=3 pLDDT=89.1 pTM=0.761 tol=0.281
2026-07-22 19:27:46,362 alphafold2_ptm_model_1_seed_044 took 1.0s (3 recycles)
2026-07-22 19:27:46,639 alphafold2_ptm_model_2_seed_044 recycle=0 pLDDT=66.8 pTM=0.606
2026-07-22 19:27:46,898 alphafold2_ptm_model_2_seed_044 recycle=1 pLDDT=90.8 pTM=0.8 tol=3.44
2026-07-22 19:27:47,159 alphafold2_ptm_model_2_seed_044 recycle=2 pLDDT=92.4 pTM=0.812 tol=0.148
2026-07-22 19:27:47,419 alphafold2_ptm_model_2_seed_044 recycle=3 pLDDT=92.4 pTM=0.812 tol=0.029
2026-07-22 19:27:47,419 alphafold2_ptm_model_2_seed_044 took 1.0s (3 recycles)
2026-07-22 19:27:47,697 alphafold2_ptm_model_3_seed_044 recycle=0 pLDDT=68.1 pTM=0.582
2026-07-22 19:27:47,951 alphafold2_ptm_model_3_seed_044 recycle=1 pLDDT=66.9 pTM=0.599 tol=1.37
2026-07-22 19:27:48,209 alphafold2_ptm_model_3_seed_044 recycle=2 pLDDT=89.3 pTM=0.772 tol=5.62
2026-07-22 19:27:48,469 alphafold2_ptm_model_3_seed_044 recycle=3 pLDDT=90.9 pTM=0.789 tol=0.448
2026-07-22 19:27:48,469 alphafold2_ptm_model_3_seed_044 took 1.0s (3 recycles)
2026-07-22 19:27:48,747 alphafold2_ptm_model_4_seed_044 recycle=0 pLDDT=68.8 pTM=0.6
2026-07-22 19:27:49,005 alphafold2_ptm_model_4_seed_044 recycle=1 pLDDT=86.9 pTM=0.767 tol=3
2026-07-22 19:27:49,262 alphafold2_ptm_model_4_seed_044 recycle=2 pLDDT=90.3 pTM=0.796 tol=0.316
2026-07-22 19:27:49,521 alphafold2_ptm_model_4_seed_044 recycle=3 pLDDT=90.4 pTM=0.796 tol=0.136
2026-07-22 19:27:49,521 alphafold2_ptm_model_4_seed_044 took 1.0s (3 recycles)
2026-07-22 19:27:49,802 alphafold2_ptm_model_5_seed_044 recycle=0 pLDDT=83.1 pTM=0.683
2026-07-22 19:27:50,059 alphafold2_ptm_model_5_seed_044 recycle=1 pLDDT=90.1 pTM=0.757 tol=1.17
2026-07-22 19:27:50,317 alphafold2_ptm_model_5_seed_044 recycle=2 pLDDT=90.7 pTM=0.754 tol=0.126
2026-07-22 19:27:50,576 alphafold2_ptm_model_5_seed_044 recycle=3 pLDDT=91.2 pTM=0.762 tol=0.104
2026-07-22 19:27:50,576 alphafold2_ptm_model_5_seed_044 took 1.0s (3 recycles)
2026-07-22 19:27:50,601 reranking models by 'plddt' metric
2026-07-22 19:27:50,601 rank_001_alphafold2_ptm_model_2_seed_044 pLDDT=92.4 pTM=0.812
2026-07-22 19:27:50,603 rank_002_alphafold2_ptm_model_2_seed_043 pLDDT=92.3 pTM=0.811
2026-07-22 19:27:50,604 rank_003_alphafold2_ptm_model_2_seed_042 pLDDT=92.3 pTM=0.811
2026-07-22 19:27:50,605 rank_004_alphafold2_ptm_model_5_seed_044 pLDDT=91.2 pTM=0.762
2026-07-22 19:27:50,607 rank_005_alphafold2_ptm_model_3_seed_043 pLDDT=90.9 pTM=0.789
2026-07-22 19:27:50,608 rank_006_alphafold2_ptm_model_3_seed_044 pLDDT=90.9 pTM=0.789
2026-07-22 19:27:50,609 rank_007_alphafold2_ptm_model_3_seed_042 pLDDT=90.9 pTM=0.789
2026-07-22 19:27:50,610 rank_008_alphafold2_ptm_model_1_seed_042 pLDDT=90.9 pTM=0.776
2026-07-22 19:27:50,612 rank_009_alphafold2_ptm_model_1_seed_043 pLDDT=90.8 pTM=0.78
2026-07-22 19:27:50,613 rank_010_alphafold2_ptm_model_4_seed_044 pLDDT=90.4 pTM=0.796
2026-07-22 19:27:50,614 rank_011_alphafold2_ptm_model_5_seed_043 pLDDT=90.4 pTM=0.742
2026-07-22 19:27:50,615 rank_012_alphafold2_ptm_model_4_seed_043 pLDDT=90.2 pTM=0.792
2026-07-22 19:27:50,617 rank_013_alphafold2_ptm_model_4_seed_042 pLDDT=90.1 pTM=0.794
2026-07-22 19:27:50,618 rank_014_alphafold2_ptm_model_5_seed_042 pLDDT=89.8 pTM=0.737
2026-07-22 19:27:50,619 rank_015_alphafold2_ptm_model_1_seed_044 pLDDT=89.1 pTM=0.761
2026-07-22 19:27:52,765 Query 56/426: 5KPE_2_2_3_0_combined_id0 (length 108)
2026-07-22 19:27:54,821 alphafold2_ptm_model_1_seed_042 recycle=0 pLDDT=63.8 pTM=0.532
2026-07-22 19:27:55,077 alphafold2_ptm_model_1_seed_042 recycle=1 pLDDT=88.2 pTM=0.733 tol=2.22
2026-07-22 19:27:55,335 alphafold2_ptm_model_1_seed_042 recycle=2 pLDDT=89.8 pTM=0.76 tol=0.314
2026-07-22 19:27:55,593 alphafold2_ptm_model_1_seed_042 recycle=3 pLDDT=89.5 pTM=0.756 tol=0.0912
2026-07-22 19:27:55,593 alphafold2_ptm_model_1_seed_042 took 1.0s (3 recycles)
2026-07-22 19:27:55,879 alphafold2_ptm_model_2_seed_042 recycle=0 pLDDT=65.8 pTM=0.564
2026-07-22 19:27:56,139 alphafold2_ptm_model_2_seed_042 recycle=1 pLDDT=66.8 pTM=0.563 tol=1.38
2026-07-22 19:27:56,395 alphafold2_ptm_model_2_seed_042 recycle=2 pLDDT=65.8 pTM=0.552 tol=0.72
2026-07-22 19:27:56,651 alphafold2_ptm_model_2_seed_042 recycle=3 pLDDT=67.8 pTM=0.561 tol=0.411
2026-07-22 19:27:56,651 alphafold2_ptm_model_2_seed_042 took 1.0s (3 recycles)
2026-07-22 19:27:56,939 alphafold2_ptm_model_3_seed_042 recycle=0 pLDDT=67.1 pTM=0.474
2026-07-22 19:27:57,193 alphafold2_ptm_model_3_seed_042 recycle=1 pLDDT=64 pTM=0.489 tol=3.28
2026-07-22 19:27:57,447 alphafold2_ptm_model_3_seed_042 recycle=2 pLDDT=69.4 pTM=0.506 tol=2.67
2026-07-22 19:27:57,701 alphafold2_ptm_model_3_seed_042 recycle=3 pLDDT=71.7 pTM=0.509 tol=0.67
2026-07-22 19:27:57,701 alphafold2_ptm_model_3_seed_042 took 1.0s (3 recycles)
2026-07-22 19:27:57,986 alphafold2_ptm_model_4_seed_042 recycle=0 pLDDT=71.1 pTM=0.556
2026-07-22 19:27:58,239 alphafold2_ptm_model_4_seed_042 recycle=1 pLDDT=74.9 pTM=0.595 tol=0.472
2026-07-22 19:27:58,493 alphafold2_ptm_model_4_seed_042 recycle=2 pLDDT=79.9 pTM=0.654 tol=0.242
2026-07-22 19:27:58,748 alphafold2_ptm_model_4_seed_042 recycle=3 pLDDT=82.4 pTM=0.687 tol=0.137
2026-07-22 19:27:58,749 alphafold2_ptm_model_4_seed_042 took 1.0s (3 recycles)
2026-07-22 19:27:59,043 alphafold2_ptm_model_5_seed_042 recycle=0 pLDDT=68.4 pTM=0.524
2026-07-22 19:27:59,298 alphafold2_ptm_model_5_seed_042 recycle=1 pLDDT=72.2 pTM=0.534 tol=0.843
2026-07-22 19:27:59,552 alphafold2_ptm_model_5_seed_042 recycle=2 pLDDT=74.9 pTM=0.547 tol=0.193
2026-07-22 19:27:59,806 alphafold2_ptm_model_5_seed_042 recycle=3 pLDDT=76.8 pTM=0.568 tol=0.136
2026-07-22 19:27:59,806 alphafold2_ptm_model_5_seed_042 took 1.0s (3 recycles)
2026-07-22 19:28:00,842 alphafold2_ptm_model_1_seed_043 recycle=0 pLDDT=64.1 pTM=0.535
2026-07-22 19:28:01,099 alphafold2_ptm_model_1_seed_043 recycle=1 pLDDT=88.8 pTM=0.74 tol=2.24
2026-07-22 19:28:01,358 alphafold2_ptm_model_1_seed_043 recycle=2 pLDDT=90 pTM=0.765 tol=0.302
2026-07-22 19:28:01,616 alphafold2_ptm_model_1_seed_043 recycle=3 pLDDT=89.7 pTM=0.758 tol=0.0799
2026-07-22 19:28:01,617 alphafold2_ptm_model_1_seed_043 took 1.0s (3 recycles)
2026-07-22 19:28:01,897 alphafold2_ptm_model_2_seed_043 recycle=0 pLDDT=66.1 pTM=0.565
2026-07-22 19:28:02,151 alphafold2_ptm_model_2_seed_043 recycle=1 pLDDT=66 pTM=0.564 tol=1.46
2026-07-22 19:28:02,405 alphafold2_ptm_model_2_seed_043 recycle=2 pLDDT=66.2 pTM=0.556 tol=0.761
2026-07-22 19:28:02,664 alphafold2_ptm_model_2_seed_043 recycle=3 pLDDT=67.2 pTM=0.559 tol=0.268
2026-07-22 19:28:02,664 alphafold2_ptm_model_2_seed_043 took 1.0s (3 recycles)
2026-07-22 19:28:02,964 alphafold2_ptm_model_3_seed_043 recycle=0 pLDDT=65.6 pTM=0.465
2026-07-22 19:28:03,219 alphafold2_ptm_model_3_seed_043 recycle=1 pLDDT=62.9 pTM=0.486 tol=3.16
2026-07-22 19:28:03,472 alphafold2_ptm_model_3_seed_043 recycle=2 pLDDT=69.9 pTM=0.501 tol=2.72
2026-07-22 19:28:03,725 alphafold2_ptm_model_3_seed_043 recycle=3 pLDDT=71.4 pTM=0.507 tol=0.924
2026-07-22 19:28:03,725 alphafold2_ptm_model_3_seed_043 took 1.0s (3 recycles)
2026-07-22 19:28:04,003 alphafold2_ptm_model_4_seed_043 recycle=0 pLDDT=69.2 pTM=0.542
2026-07-22 19:28:04,256 alphafold2_ptm_model_4_seed_043 recycle=1 pLDDT=70.3 pTM=0.552 tol=0.388
2026-07-22 19:28:04,509 alphafold2_ptm_model_4_seed_043 recycle=2 pLDDT=70.2 pTM=0.565 tol=0.282
2026-07-22 19:28:04,762 alphafold2_ptm_model_4_seed_043 recycle=3 pLDDT=71.1 pTM=0.565 tol=0.349
2026-07-22 19:28:04,762 alphafold2_ptm_model_4_seed_043 took 1.0s (3 recycles)
2026-07-22 19:28:05,042 alphafold2_ptm_model_5_seed_043 recycle=0 pLDDT=66.3 pTM=0.5
2026-07-22 19:28:05,295 alphafold2_ptm_model_5_seed_043 recycle=1 pLDDT=65.9 pTM=0.498 tol=0.615
2026-07-22 19:28:05,547 alphafold2_ptm_model_5_seed_043 recycle=2 pLDDT=65.1 pTM=0.517 tol=5.56
2026-07-22 19:28:05,802 alphafold2_ptm_model_5_seed_043 recycle=3 pLDDT=64.8 pTM=0.507 tol=0.727
2026-07-22 19:28:05,802 alphafold2_ptm_model_5_seed_043 took 1.0s (3 recycles)
2026-07-22 19:28:06,828 alphafold2_ptm_model_1_seed_044 recycle=0 pLDDT=63.5 pTM=0.527
2026-07-22 19:28:07,085 alphafold2_ptm_model_1_seed_044 recycle=1 pLDDT=86.2 pTM=0.72 tol=2.19
2026-07-22 19:28:07,342 alphafold2_ptm_model_1_seed_044 recycle=2 pLDDT=88.8 pTM=0.743 tol=0.462
2026-07-22 19:28:07,599 alphafold2_ptm_model_1_seed_044 recycle=3 pLDDT=89.2 pTM=0.749 tol=0.106
2026-07-22 19:28:07,599 alphafold2_ptm_model_1_seed_044 took 1.0s (3 recycles)
2026-07-22 19:28:07,887 alphafold2_ptm_model_2_seed_044 recycle=0 pLDDT=65.2 pTM=0.554
2026-07-22 19:28:08,141 alphafold2_ptm_model_2_seed_044 recycle=1 pLDDT=66.1 pTM=0.559 tol=2.07
2026-07-22 19:28:08,399 alphafold2_ptm_model_2_seed_044 recycle=2 pLDDT=66.4 pTM=0.553 tol=0.413
2026-07-22 19:28:08,652 alphafold2_ptm_model_2_seed_044 recycle=3 pLDDT=67.6 pTM=0.561 tol=0.156
2026-07-22 19:28:08,652 alphafold2_ptm_model_2_seed_044 took 1.0s (3 recycles)
2026-07-22 19:28:08,931 alphafold2_ptm_model_3_seed_044 recycle=0 pLDDT=66.6 pTM=0.459
2026-07-22 19:28:09,186 alphafold2_ptm_model_3_seed_044 recycle=1 pLDDT=70.5 pTM=0.501 tol=1.24
2026-07-22 19:28:09,439 alphafold2_ptm_model_3_seed_044 recycle=2 pLDDT=72.6 pTM=0.52 tol=1.84
2026-07-22 19:28:09,692 alphafold2_ptm_model_3_seed_044 recycle=3 pLDDT=74.6 pTM=0.539 tol=0.333
2026-07-22 19:28:09,692 alphafold2_ptm_model_3_seed_044 took 1.0s (3 recycles)
2026-07-22 19:28:09,970 alphafold2_ptm_model_4_seed_044 recycle=0 pLDDT=69.8 pTM=0.542
2026-07-22 19:28:10,223 alphafold2_ptm_model_4_seed_044 recycle=1 pLDDT=74.5 pTM=0.59 tol=0.499
2026-07-22 19:28:10,478 alphafold2_ptm_model_4_seed_044 recycle=2 pLDDT=80.4 pTM=0.66 tol=0.247
2026-07-22 19:28:10,732 alphafold2_ptm_model_4_seed_044 recycle=3 pLDDT=82.6 pTM=0.687 tol=0.108
2026-07-22 19:28:10,732 alphafold2_ptm_model_4_seed_044 took 1.0s (3 recycles)
2026-07-22 19:28:11,011 alphafold2_ptm_model_5_seed_044 recycle=0 pLDDT=67.6 pTM=0.51
2026-07-22 19:28:11,264 alphafold2_ptm_model_5_seed_044 recycle=1 pLDDT=73 pTM=0.548 tol=1.07
2026-07-22 19:28:11,517 alphafold2_ptm_model_5_seed_044 recycle=2 pLDDT=75.1 pTM=0.552 tol=0.225
2026-07-22 19:28:11,771 alphafold2_ptm_model_5_seed_044 recycle=3 pLDDT=77.1 pTM=0.572 tol=0.158
2026-07-22 19:28:11,771 alphafold2_ptm_model_5_seed_044 took 1.0s (3 recycles)
2026-07-22 19:28:11,801 reranking models by 'plddt' metric
2026-07-22 19:28:11,801 rank_001_alphafold2_ptm_model_1_seed_043 pLDDT=89.7 pTM=0.758
2026-07-22 19:28:11,802 rank_002_alphafold2_ptm_model_1_seed_042 pLDDT=89.5 pTM=0.756
2026-07-22 19:28:11,803 rank_003_alphafold2_ptm_model_1_seed_044 pLDDT=89.2 pTM=0.749
2026-07-22 19:28:11,805 rank_004_alphafold2_ptm_model_4_seed_044 pLDDT=82.6 pTM=0.687
2026-07-22 19:28:11,806 rank_005_alphafold2_ptm_model_4_seed_042 pLDDT=82.4 pTM=0.687
2026-07-22 19:28:11,807 rank_006_alphafold2_ptm_model_5_seed_044 pLDDT=77.1 pTM=0.572
2026-07-22 19:28:11,808 rank_007_alphafold2_ptm_model_5_seed_042 pLDDT=76.8 pTM=0.568
2026-07-22 19:28:11,810 rank_008_alphafold2_ptm_model_3_seed_044 pLDDT=74.6 pTM=0.539
2026-07-22 19:28:11,811 rank_009_alphafold2_ptm_model_3_seed_042 pLDDT=71.7 pTM=0.509
2026-07-22 19:28:11,812 rank_010_alphafold2_ptm_model_3_seed_043 pLDDT=71.4 pTM=0.507
2026-07-22 19:28:11,814 rank_011_alphafold2_ptm_model_4_seed_043 pLDDT=71.1 pTM=0.565
2026-07-22 19:28:11,815 rank_012_alphafold2_ptm_model_2_seed_042 pLDDT=67.8 pTM=0.561
2026-07-22 19:28:11,816 rank_013_alphafold2_ptm_model_2_seed_044 pLDDT=67.6 pTM=0.561
2026-07-22 19:28:11,818 rank_014_alphafold2_ptm_model_2_seed_043 pLDDT=67.2 pTM=0.559
2026-07-22 19:28:11,819 rank_015_alphafold2_ptm_model_5_seed_043 pLDDT=64.8 pTM=0.507
2026-07-22 19:28:13,941 Skipping 5KPE_2_2_3_0_combined_id5 (already done)
2026-07-22 19:28:13,942 Query 58/426: 5KPE_2_2_3_0_combined_id6 (length 108)
2026-07-22 19:28:15,697 alphafold2_ptm_model_1_seed_042 recycle=0 pLDDT=66.8 pTM=0.563
2026-07-22 19:28:15,950 alphafold2_ptm_model_1_seed_042 recycle=1 pLDDT=87.1 pTM=0.696 tol=2.24
2026-07-22 19:28:16,204 alphafold2_ptm_model_1_seed_042 recycle=2 pLDDT=87.4 pTM=0.699 tol=0.254
2026-07-22 19:28:16,458 alphafold2_ptm_model_1_seed_042 recycle=3 pLDDT=87.4 pTM=0.696 tol=0.267
2026-07-22 19:28:16,458 alphafold2_ptm_model_1_seed_042 took 1.0s (3 recycles)
2026-07-22 19:28:16,736 alphafold2_ptm_model_2_seed_042 recycle=0 pLDDT=77.3 pTM=0.636
2026-07-22 19:28:16,990 alphafold2_ptm_model_2_seed_042 recycle=1 pLDDT=88.1 pTM=0.731 tol=1.49
2026-07-22 19:28:17,244 alphafold2_ptm_model_2_seed_042 recycle=2 pLDDT=86 pTM=0.701 tol=0.226
2026-07-22 19:28:17,499 alphafold2_ptm_model_2_seed_042 recycle=3 pLDDT=88.2 pTM=0.738 tol=0.257
2026-07-22 19:28:17,499 alphafold2_ptm_model_2_seed_042 took 1.0s (3 recycles)
2026-07-22 19:28:17,772 alphafold2_ptm_model_3_seed_042 recycle=0 pLDDT=55.6 pTM=0.422
2026-07-22 19:28:18,023 alphafold2_ptm_model_3_seed_042 recycle=1 pLDDT=54.8 pTM=0.409 tol=6.12
2026-07-22 19:28:18,274 alphafold2_ptm_model_3_seed_042 recycle=2 pLDDT=62.2 pTM=0.455 tol=4.29
2026-07-22 19:28:18,528 alphafold2_ptm_model_3_seed_042 recycle=3 pLDDT=86.8 pTM=0.703 tol=2.22
2026-07-22 19:28:18,528 alphafold2_ptm_model_3_seed_042 took 1.0s (3 recycles)
2026-07-22 19:28:18,806 alphafold2_ptm_model_4_seed_042 recycle=0 pLDDT=83.6 pTM=0.682
2026-07-22 19:28:19,063 alphafold2_ptm_model_4_seed_042 recycle=1 pLDDT=87.4 pTM=0.719 tol=0.408
2026-07-22 19:28:19,317 alphafold2_ptm_model_4_seed_042 recycle=2 pLDDT=87.7 pTM=0.721 tol=0.185
2026-07-22 19:28:19,573 alphafold2_ptm_model_4_seed_042 recycle=3 pLDDT=88.3 pTM=0.734 tol=0.06
2026-07-22 19:28:19,573 alphafold2_ptm_model_4_seed_042 took 1.0s (3 recycles)
2026-07-22 19:28:19,851 alphafold2_ptm_model_5_seed_042 recycle=0 pLDDT=71.4 pTM=0.536
2026-07-22 19:28:20,105 alphafold2_ptm_model_5_seed_042 recycle=1 pLDDT=87.1 pTM=0.707 tol=1.62
2026-07-22 19:28:20,359 alphafold2_ptm_model_5_seed_042 recycle=2 pLDDT=87.9 pTM=0.717 tol=0.107
2026-07-22 19:28:20,613 alphafold2_ptm_model_5_seed_042 recycle=3 pLDDT=88.1 pTM=0.721 tol=0.0502
2026-07-22 19:28:20,614 alphafold2_ptm_model_5_seed_042 took 1.0s (3 recycles)
2026-07-22 19:28:21,691 alphafold2_ptm_model_1_seed_043 recycle=0 pLDDT=67.6 pTM=0.57
2026-07-22 19:28:21,945 alphafold2_ptm_model_1_seed_043 recycle=1 pLDDT=86.6 pTM=0.698 tol=2.05
2026-07-22 19:28:22,198 alphafold2_ptm_model_1_seed_043 recycle=2 pLDDT=87.7 pTM=0.706 tol=0.266
2026-07-22 19:28:22,451 alphafold2_ptm_model_1_seed_043 recycle=3 pLDDT=87.4 pTM=0.696 tol=0.355
2026-07-22 19:28:22,451 alphafold2_ptm_model_1_seed_043 took 1.0s (3 recycles)
2026-07-22 19:28:22,729 alphafold2_ptm_model_2_seed_043 recycle=0 pLDDT=69.8 pTM=0.622
2026-07-22 19:28:22,982 alphafold2_ptm_model_2_seed_043 recycle=1 pLDDT=86.5 pTM=0.689 tol=2.72
2026-07-22 19:28:23,237 alphafold2_ptm_model_2_seed_043 recycle=2 pLDDT=85.9 pTM=0.682 tol=0.389
2026-07-22 19:28:23,492 alphafold2_ptm_model_2_seed_043 recycle=3 pLDDT=87.5 pTM=0.72 tol=0.308
2026-07-22 19:28:23,492 alphafold2_ptm_model_2_seed_043 took 1.0s (3 recycles)
2026-07-22 19:28:23,768 alphafold2_ptm_model_3_seed_043 recycle=0 pLDDT=53.9 pTM=0.39
2026-07-22 19:28:24,020 alphafold2_ptm_model_3_seed_043 recycle=1 pLDDT=55.9 pTM=0.42 tol=4.69
2026-07-22 19:28:24,271 alphafold2_ptm_model_3_seed_043 recycle=2 pLDDT=74.2 pTM=0.594 tol=4.09
2026-07-22 19:28:24,525 alphafold2_ptm_model_3_seed_043 recycle=3 pLDDT=87.4 pTM=0.71 tol=1.95
2026-07-22 19:28:24,525 alphafold2_ptm_model_3_seed_043 took 1.0s (3 recycles)
2026-07-22 19:28:24,817 alphafold2_ptm_model_4_seed_043 recycle=0 pLDDT=84.2 pTM=0.691
2026-07-22 19:28:25,073 alphafold2_ptm_model_4_seed_043 recycle=1 pLDDT=87.2 pTM=0.716 tol=0.358
2026-07-22 19:28:25,328 alphafold2_ptm_model_4_seed_043 recycle=2 pLDDT=87.8 pTM=0.723 tol=0.171
2026-07-22 19:28:25,583 alphafold2_ptm_model_4_seed_043 recycle=3 pLDDT=88.3 pTM=0.733 tol=0.0567
2026-07-22 19:28:25,583 alphafold2_ptm_model_4_seed_043 took 1.0s (3 recycles)
2026-07-22 19:28:25,865 alphafold2_ptm_model_5_seed_043 recycle=0 pLDDT=79.2 pTM=0.611
2026-07-22 19:28:26,119 alphafold2_ptm_model_5_seed_043 recycle=1 pLDDT=86.8 pTM=0.706 tol=1.58
2026-07-22 19:28:26,374 alphafold2_ptm_model_5_seed_043 recycle=2 pLDDT=87.4 pTM=0.71 tol=0.107
2026-07-22 19:28:26,628 alphafold2_ptm_model_5_seed_043 recycle=3 pLDDT=87.8 pTM=0.718 tol=0.0449
2026-07-22 19:28:26,628 alphafold2_ptm_model_5_seed_043 took 1.0s (3 recycles)
2026-07-22 19:28:27,734 alphafold2_ptm_model_1_seed_044 recycle=0 pLDDT=53.9 pTM=0.437
2026-07-22 19:28:27,987 alphafold2_ptm_model_1_seed_044 recycle=1 pLDDT=86.1 pTM=0.679 tol=3.98
2026-07-22 19:28:28,240 alphafold2_ptm_model_1_seed_044 recycle=2 pLDDT=87.2 pTM=0.693 tol=0.303
2026-07-22 19:28:28,494 alphafold2_ptm_model_1_seed_044 recycle=3 pLDDT=87.5 pTM=0.697 tol=0.127
2026-07-22 19:28:28,494 alphafold2_ptm_model_1_seed_044 took 1.0s (3 recycles)
2026-07-22 19:28:28,772 alphafold2_ptm_model_2_seed_044 recycle=0 pLDDT=75.7 pTM=0.598
2026-07-22 19:28:29,027 alphafold2_ptm_model_2_seed_044 recycle=1 pLDDT=88.1 pTM=0.732 tol=1.79
2026-07-22 19:28:29,281 alphafold2_ptm_model_2_seed_044 recycle=2 pLDDT=86.1 pTM=0.703 tol=0.24
2026-07-22 19:28:29,538 alphafold2_ptm_model_2_seed_044 recycle=3 pLDDT=88.1 pTM=0.733 tol=0.286
2026-07-22 19:28:29,539 alphafold2_ptm_model_2_seed_044 took 1.0s (3 recycles)
2026-07-22 19:28:29,817 alphafold2_ptm_model_3_seed_044 recycle=0 pLDDT=55.1 pTM=0.412
2026-07-22 19:28:30,069 alphafold2_ptm_model_3_seed_044 recycle=1 pLDDT=53.6 pTM=0.38 tol=5.84
2026-07-22 19:28:30,322 alphafold2_ptm_model_3_seed_044 recycle=2 pLDDT=72 pTM=0.571 tol=3.24
2026-07-22 19:28:30,577 alphafold2_ptm_model_3_seed_044 recycle=3 pLDDT=87.3 pTM=0.712 tol=2.02
2026-07-22 19:28:30,577 alphafold2_ptm_model_3_seed_044 took 1.0s (3 recycles)
2026-07-22 19:28:30,854 alphafold2_ptm_model_4_seed_044 recycle=0 pLDDT=76.1 pTM=0.614
2026-07-22 19:28:31,109 alphafold2_ptm_model_4_seed_044 recycle=1 pLDDT=86.2 pTM=0.707 tol=0.812
2026-07-22 19:28:31,365 alphafold2_ptm_model_4_seed_044 recycle=2 pLDDT=87 pTM=0.711 tol=0.276
2026-07-22 19:28:31,621 alphafold2_ptm_model_4_seed_044 recycle=3 pLDDT=88 pTM=0.729 tol=0.0916
2026-07-22 19:28:31,622 alphafold2_ptm_model_4_seed_044 took 1.0s (3 recycles)
2026-07-22 19:28:31,898 alphafold2_ptm_model_5_seed_044 recycle=0 pLDDT=77.6 pTM=0.592
2026-07-22 19:28:32,153 alphafold2_ptm_model_5_seed_044 recycle=1 pLDDT=87 pTM=0.707 tol=1.61
2026-07-22 19:28:32,407 alphafold2_ptm_model_5_seed_044 recycle=2 pLDDT=87.9 pTM=0.715 tol=0.11
2026-07-22 19:28:32,662 alphafold2_ptm_model_5_seed_044 recycle=3 pLDDT=88.1 pTM=0.721 tol=0.0413
2026-07-22 19:28:32,662 alphafold2_ptm_model_5_seed_044 took 1.0s (3 recycles)
2026-07-22 19:28:32,686 reranking models by 'plddt' metric
2026-07-22 19:28:32,686 rank_001_alphafold2_ptm_model_4_seed_043 pLDDT=88.3 pTM=0.733
2026-07-22 19:28:32,687 rank_002_alphafold2_ptm_model_4_seed_042 pLDDT=88.3 pTM=0.734
2026-07-22 19:28:32,688 rank_003_alphafold2_ptm_model_2_seed_042 pLDDT=88.2 pTM=0.738
2026-07-22 19:28:32,689 rank_004_alphafold2_ptm_model_5_seed_044 pLDDT=88.1 pTM=0.721
2026-07-22 19:28:32,691 rank_005_alphafold2_ptm_model_5_seed_042 pLDDT=88.1 pTM=0.721
2026-07-22 19:28:32,692 rank_006_alphafold2_ptm_model_2_seed_044 pLDDT=88.1 pTM=0.733
2026-07-22 19:28:32,693 rank_007_alphafold2_ptm_model_4_seed_044 pLDDT=88 pTM=0.729
2026-07-22 19:28:32,694 rank_008_alphafold2_ptm_model_5_seed_043 pLDDT=87.8 pTM=0.718
2026-07-22 19:28:32,695 rank_009_alphafold2_ptm_model_1_seed_044 pLDDT=87.5 pTM=0.697
2026-07-22 19:28:32,697 rank_010_alphafold2_ptm_model_2_seed_043 pLDDT=87.5 pTM=0.72
2026-07-22 19:28:32,698 rank_011_alphafold2_ptm_model_3_seed_043 pLDDT=87.4 pTM=0.71
2026-07-22 19:28:32,699 rank_012_alphafold2_ptm_model_1_seed_043 pLDDT=87.4 pTM=0.696
2026-07-22 19:28:32,701 rank_013_alphafold2_ptm_model_1_seed_042 pLDDT=87.4 pTM=0.696
2026-07-22 19:28:32,702 rank_014_alphafold2_ptm_model_3_seed_044 pLDDT=87.3 pTM=0.712
2026-07-22 19:28:32,703 rank_015_alphafold2_ptm_model_3_seed_042 pLDDT=86.8 pTM=0.703
2026-07-22 19:28:35,350 Skipping 5KPE_2_2_3_0_combined_id0 (already done)
2026-07-22 19:28:35,350 Query 60/426: 5KPE_2_2_3_0_combined_id4 (length 108)
2026-07-22 19:28:37,181 alphafold2_ptm_model_1_seed_042 recycle=0 pLDDT=63 pTM=0.554
2026-07-22 19:28:37,436 alphafold2_ptm_model_1_seed_042 recycle=1 pLDDT=90.1 pTM=0.753 tol=2.98
2026-07-22 19:28:37,692 alphafold2_ptm_model_1_seed_042 recycle=2 pLDDT=90.3 pTM=0.754 tol=0.143
2026-07-22 19:28:37,947 alphafold2_ptm_model_1_seed_042 recycle=3 pLDDT=90.1 pTM=0.748 tol=0.0471
2026-07-22 19:28:37,947 alphafold2_ptm_model_1_seed_042 took 1.0s (3 recycles)
2026-07-22 19:28:38,223 alphafold2_ptm_model_2_seed_042 recycle=0 pLDDT=65.4 pTM=0.545
2026-07-22 19:28:38,476 alphafold2_ptm_model_2_seed_042 recycle=1 pLDDT=67.9 pTM=0.582 tol=0.564
2026-07-22 19:28:38,730 alphafold2_ptm_model_2_seed_042 recycle=2 pLDDT=67.4 pTM=0.575 tol=0.173
2026-07-22 19:28:38,984 alphafold2_ptm_model_2_seed_042 recycle=3 pLDDT=70.1 pTM=0.585 tol=0.486
2026-07-22 19:28:38,984 alphafold2_ptm_model_2_seed_042 took 1.0s (3 recycles)
2026-07-22 19:28:39,262 alphafold2_ptm_model_3_seed_042 recycle=0 pLDDT=72.2 pTM=0.562
2026-07-22 19:28:39,517 alphafold2_ptm_model_3_seed_042 recycle=1 pLDDT=74 pTM=0.599 tol=0.954
2026-07-22 19:28:39,773 alphafold2_ptm_model_3_seed_042 recycle=2 pLDDT=74.6 pTM=0.604 tol=0.225
2026-07-22 19:28:40,031 alphafold2_ptm_model_3_seed_042 recycle=3 pLDDT=74.1 pTM=0.599 tol=0.119
2026-07-22 19:28:40,031 alphafold2_ptm_model_3_seed_042 took 1.0s (3 recycles)
2026-07-22 19:28:40,324 alphafold2_ptm_model_4_seed_042 recycle=0 pLDDT=69.8 pTM=0.58
2026-07-22 19:28:40,577 alphafold2_ptm_model_4_seed_042 recycle=1 pLDDT=71.9 pTM=0.596 tol=0.636
2026-07-22 19:28:40,829 alphafold2_ptm_model_4_seed_042 recycle=2 pLDDT=71.4 pTM=0.579 tol=0.489
2026-07-22 19:28:41,082 alphafold2_ptm_model_4_seed_042 recycle=3 pLDDT=71.6 pTM=0.578 tol=0.144
2026-07-22 19:28:41,082 alphafold2_ptm_model_4_seed_042 took 1.0s (3 recycles)
2026-07-22 19:28:41,360 alphafold2_ptm_model_5_seed_042 recycle=0 pLDDT=68.6 pTM=0.584
2026-07-22 19:28:41,614 alphafold2_ptm_model_5_seed_042 recycle=1 pLDDT=74.2 pTM=0.633 tol=0.835
2026-07-22 19:28:41,868 alphafold2_ptm_model_5_seed_042 recycle=2 pLDDT=75.2 pTM=0.635 tol=0.366
2026-07-22 19:28:42,122 alphafold2_ptm_model_5_seed_042 recycle=3 pLDDT=75.4 pTM=0.628 tol=0.441
2026-07-22 19:28:42,123 alphafold2_ptm_model_5_seed_042 took 1.0s (3 recycles)
2026-07-22 19:28:43,200 alphafold2_ptm_model_1_seed_043 recycle=0 pLDDT=62.6 pTM=0.546
2026-07-22 19:28:43,455 alphafold2_ptm_model_1_seed_043 recycle=1 pLDDT=90 pTM=0.754 tol=2.83
2026-07-22 19:28:43,711 alphafold2_ptm_model_1_seed_043 recycle=2 pLDDT=90.1 pTM=0.752 tol=0.151
2026-07-22 19:28:43,965 alphafold2_ptm_model_1_seed_043 recycle=3 pLDDT=89.9 pTM=0.744 tol=0.0511
2026-07-22 19:28:43,966 alphafold2_ptm_model_1_seed_043 took 1.0s (3 recycles)
2026-07-22 19:28:44,243 alphafold2_ptm_model_2_seed_043 recycle=0 pLDDT=64.7 pTM=0.537
2026-07-22 19:28:44,496 alphafold2_ptm_model_2_seed_043 recycle=1 pLDDT=68 pTM=0.579 tol=0.996
2026-07-22 19:28:44,749 alphafold2_ptm_model_2_seed_043 recycle=2 pLDDT=67.9 pTM=0.573 tol=0.119
2026-07-22 19:28:45,002 alphafold2_ptm_model_2_seed_043 recycle=3 pLDDT=69.7 pTM=0.584 tol=0.254
2026-07-22 19:28:45,002 alphafold2_ptm_model_2_seed_043 took 1.0s (3 recycles)
2026-07-22 19:28:45,285 alphafold2_ptm_model_3_seed_043 recycle=0 pLDDT=72.1 pTM=0.559
2026-07-22 19:28:45,539 alphafold2_ptm_model_3_seed_043 recycle=1 pLDDT=73.9 pTM=0.598 tol=0.865
2026-07-22 19:28:45,792 alphafold2_ptm_model_3_seed_043 recycle=2 pLDDT=74.9 pTM=0.61 tol=0.243
2026-07-22 19:28:46,046 alphafold2_ptm_model_3_seed_043 recycle=3 pLDDT=74.4 pTM=0.599 tol=0.129
2026-07-22 19:28:46,046 alphafold2_ptm_model_3_seed_043 took 1.0s (3 recycles)
2026-07-22 19:28:46,320 alphafold2_ptm_model_4_seed_043 recycle=0 pLDDT=70 pTM=0.58
2026-07-22 19:28:46,572 alphafold2_ptm_model_4_seed_043 recycle=1 pLDDT=72.7 pTM=0.601 tol=0.562
2026-07-22 19:28:46,824 alphafold2_ptm_model_4_seed_043 recycle=2 pLDDT=71.2 pTM=0.577 tol=0.435
2026-07-22 19:28:47,076 alphafold2_ptm_model_4_seed_043 recycle=3 pLDDT=71.6 pTM=0.578 tol=0.181
2026-07-22 19:28:47,076 alphafold2_ptm_model_4_seed_043 took 1.0s (3 recycles)
2026-07-22 19:28:47,352 alphafold2_ptm_model_5_seed_043 recycle=0 pLDDT=68.8 pTM=0.585
2026-07-22 19:28:47,605 alphafold2_ptm_model_5_seed_043 recycle=1 pLDDT=73.9 pTM=0.632 tol=0.936
2026-07-22 19:28:47,858 alphafold2_ptm_model_5_seed_043 recycle=2 pLDDT=75.8 pTM=0.64 tol=0.424
2026-07-22 19:28:48,111 alphafold2_ptm_model_5_seed_043 recycle=3 pLDDT=75.1 pTM=0.63 tol=0.433
2026-07-22 19:28:48,111 alphafold2_ptm_model_5_seed_043 took 1.0s (3 recycles)
2026-07-22 19:28:49,199 alphafold2_ptm_model_1_seed_044 recycle=0 pLDDT=63.5 pTM=0.559
2026-07-22 19:28:49,456 alphafold2_ptm_model_1_seed_044 recycle=1 pLDDT=90.1 pTM=0.752 tol=2.74
2026-07-22 19:28:49,714 alphafold2_ptm_model_1_seed_044 recycle=2 pLDDT=90.1 pTM=0.751 tol=0.144
2026-07-22 19:28:49,969 alphafold2_ptm_model_1_seed_044 recycle=3 pLDDT=89.9 pTM=0.746 tol=0.0462
2026-07-22 19:28:49,969 alphafold2_ptm_model_1_seed_044 took 1.0s (3 recycles)
2026-07-22 19:28:50,249 alphafold2_ptm_model_2_seed_044 recycle=0 pLDDT=64.1 pTM=0.537
2026-07-22 19:28:50,503 alphafold2_ptm_model_2_seed_044 recycle=1 pLDDT=66.7 pTM=0.577 tol=0.767
2026-07-22 19:28:50,758 alphafold2_ptm_model_2_seed_044 recycle=2 pLDDT=66.8 pTM=0.572 tol=0.299
2026-07-22 19:28:51,013 alphafold2_ptm_model_2_seed_044 recycle=3 pLDDT=68.7 pTM=0.579 tol=0.601
2026-07-22 19:28:51,013 alphafold2_ptm_model_2_seed_044 took 1.0s (3 recycles)
2026-07-22 19:28:51,292 alphafold2_ptm_model_3_seed_044 recycle=0 pLDDT=71.8 pTM=0.557
2026-07-22 19:28:51,546 alphafold2_ptm_model_3_seed_044 recycle=1 pLDDT=75.1 pTM=0.612 tol=1.01
2026-07-22 19:28:51,800 alphafold2_ptm_model_3_seed_044 recycle=2 pLDDT=74.7 pTM=0.602 tol=0.144
2026-07-22 19:28:52,053 alphafold2_ptm_model_3_seed_044 recycle=3 pLDDT=74.3 pTM=0.6 tol=0.0838
2026-07-22 19:28:52,054 alphafold2_ptm_model_3_seed_044 took 1.0s (3 recycles)
2026-07-22 19:28:52,331 alphafold2_ptm_model_4_seed_044 recycle=0 pLDDT=70.9 pTM=0.585
2026-07-22 19:28:52,583 alphafold2_ptm_model_4_seed_044 recycle=1 pLDDT=72.8 pTM=0.596 tol=0.459
2026-07-22 19:28:52,837 alphafold2_ptm_model_4_seed_044 recycle=2 pLDDT=72.1 pTM=0.579 tol=0.44
2026-07-22 19:28:53,100 alphafold2_ptm_model_4_seed_044 recycle=3 pLDDT=72.2 pTM=0.579 tol=0.187
2026-07-22 19:28:53,101 alphafold2_ptm_model_4_seed_044 took 1.0s (3 recycles)
2026-07-22 19:28:53,535 alphafold2_ptm_model_5_seed_044 recycle=0 pLDDT=69.4 pTM=0.596
2026-07-22 19:28:53,813 alphafold2_ptm_model_5_seed_044 recycle=1 pLDDT=76.1 pTM=0.649 tol=1.05
2026-07-22 19:28:54,079 alphafold2_ptm_model_5_seed_044 recycle=2 pLDDT=76.9 pTM=0.649 tol=0.232
2026-07-22 19:28:54,344 alphafold2_ptm_model_5_seed_044 recycle=3 pLDDT=76.3 pTM=0.641 tol=0.273
2026-07-22 19:28:54,344 alphafold2_ptm_model_5_seed_044 took 1.1s (3 recycles)
2026-07-22 19:28:54,423 reranking models by 'plddt' metric
2026-07-22 19:28:54,424 rank_001_alphafold2_ptm_model_1_seed_042 pLDDT=90.1 pTM=0.748
2026-07-22 19:28:54,425 rank_002_alphafold2_ptm_model_1_seed_044 pLDDT=89.9 pTM=0.746
2026-07-22 19:28:54,427 rank_003_alphafold2_ptm_model_1_seed_043 pLDDT=89.9 pTM=0.744
2026-07-22 19:28:54,428 rank_004_alphafold2_ptm_model_5_seed_044 pLDDT=76.3 pTM=0.641
2026-07-22 19:28:54,430 rank_005_alphafold2_ptm_model_5_seed_042 pLDDT=75.4 pTM=0.628
2026-07-22 19:28:54,431 rank_006_alphafold2_ptm_model_5_seed_043 pLDDT=75.1 pTM=0.63
2026-07-22 19:28:54,432 rank_007_alphafold2_ptm_model_3_seed_043 pLDDT=74.4 pTM=0.599
2026-07-22 19:28:54,434 rank_008_alphafold2_ptm_model_3_seed_044 pLDDT=74.3 pTM=0.6
2026-07-22 19:28:54,435 rank_009_alphafold2_ptm_model_3_seed_042 pLDDT=74.1 pTM=0.599
2026-07-22 19:28:54,437 rank_010_alphafold2_ptm_model_4_seed_044 pLDDT=72.2 pTM=0.579
2026-07-22 19:28:54,438 rank_011_alphafold2_ptm_model_4_seed_043 pLDDT=71.6 pTM=0.578
2026-07-22 19:28:54,440 rank_012_alphafold2_ptm_model_4_seed_042 pLDDT=71.6 pTM=0.578
2026-07-22 19:28:54,442 rank_013_alphafold2_ptm_model_2_seed_042 pLDDT=70.1 pTM=0.585
2026-07-22 19:28:54,443 rank_014_alphafold2_ptm_model_2_seed_043 pLDDT=69.7 pTM=0.584
2026-07-22 19:28:54,445 rank_015_alphafold2_ptm_model_2_seed_044 pLDDT=68.7 pTM=0.579
2026-07-22 19:28:57,495 Query 61/426: 5KPE_2_4_1_0_combined_id6 (length 108)
2026-07-22 19:28:59,239 alphafold2_ptm_model_1_seed_042 recycle=0 pLDDT=62.2 pTM=0.501
2026-07-22 19:28:59,491 alphafold2_ptm_model_1_seed_042 recycle=1 pLDDT=63.3 pTM=0.511 tol=0.68
2026-07-22 19:28:59,743 alphafold2_ptm_model_1_seed_042 recycle=2 pLDDT=65.1 pTM=0.51 tol=0.652
2026-07-22 19:28:59,996 alphafold2_ptm_model_1_seed_042 recycle=3 pLDDT=66.1 pTM=0.515 tol=1.16
2026-07-22 19:28:59,996 alphafold2_ptm_model_1_seed_042 took 1.0s (3 recycles)
2026-07-22 19:29:00,273 alphafold2_ptm_model_2_seed_042 recycle=0 pLDDT=61.6 pTM=0.521
2026-07-22 19:29:00,526 alphafold2_ptm_model_2_seed_042 recycle=1 pLDDT=63.7 pTM=0.538 tol=2.39
2026-07-22 19:29:00,779 alphafold2_ptm_model_2_seed_042 recycle=2 pLDDT=63.4 pTM=0.521 tol=1.01
2026-07-22 19:29:01,032 alphafold2_ptm_model_2_seed_042 recycle=3 pLDDT=63.5 pTM=0.513 tol=0.753
2026-07-22 19:29:01,033 alphafold2_ptm_model_2_seed_042 took 1.0s (3 recycles)
2026-07-22 19:29:01,308 alphafold2_ptm_model_3_seed_042 recycle=0 pLDDT=64.5 pTM=0.483
2026-07-22 19:29:01,560 alphafold2_ptm_model_3_seed_042 recycle=1 pLDDT=64.3 pTM=0.48 tol=1.18
2026-07-22 19:29:01,812 alphafold2_ptm_model_3_seed_042 recycle=2 pLDDT=64.6 pTM=0.49 tol=0.697
2026-07-22 19:29:02,066 alphafold2_ptm_model_3_seed_042 recycle=3 pLDDT=64.8 pTM=0.482 tol=0.353
2026-07-22 19:29:02,067 alphafold2_ptm_model_3_seed_042 took 1.0s (3 recycles)
2026-07-22 19:29:02,347 alphafold2_ptm_model_4_seed_042 recycle=0 pLDDT=65.9 pTM=0.533
2026-07-22 19:29:02,599 alphafold2_ptm_model_4_seed_042 recycle=1 pLDDT=63.6 pTM=0.512 tol=2.11
2026-07-22 19:29:02,851 alphafold2_ptm_model_4_seed_042 recycle=2 pLDDT=62.8 pTM=0.511 tol=1.24
2026-07-22 19:29:03,103 alphafold2_ptm_model_4_seed_042 recycle=3 pLDDT=62 pTM=0.499 tol=1.25
2026-07-22 19:29:03,103 alphafold2_ptm_model_4_seed_042 took 1.0s (3 recycles)
2026-07-22 19:29:03,381 alphafold2_ptm_model_5_seed_042 recycle=0 pLDDT=60 pTM=0.47
2026-07-22 19:29:03,633 alphafold2_ptm_model_5_seed_042 recycle=1 pLDDT=61.4 pTM=0.487 tol=1.06
2026-07-22 19:29:03,885 alphafold2_ptm_model_5_seed_042 recycle=2 pLDDT=62.6 pTM=0.489 tol=0.64
2026-07-22 19:29:04,137 alphafold2_ptm_model_5_seed_042 recycle=3 pLDDT=62.9 pTM=0.49 tol=0.221
2026-07-22 19:29:04,137 alphafold2_ptm_model_5_seed_042 took 1.0s (3 recycles)
2026-07-22 19:29:05,182 alphafold2_ptm_model_1_seed_043 recycle=0 pLDDT=68.5 pTM=0.528
2026-07-22 19:29:05,442 alphafold2_ptm_model_1_seed_043 recycle=1 pLDDT=92.2 pTM=0.793 tol=1.14
2026-07-22 19:29:05,703 alphafold2_ptm_model_1_seed_043 recycle=2 pLDDT=93.6 pTM=0.827 tol=0.169
2026-07-22 19:29:05,966 alphafold2_ptm_model_1_seed_043 recycle=3 pLDDT=94 pTM=0.833 tol=0.0666
2026-07-22 19:29:05,967 alphafold2_ptm_model_1_seed_043 took 1.0s (3 recycles)
2026-07-22 19:29:06,248 alphafold2_ptm_model_2_seed_043 recycle=0 pLDDT=63.4 pTM=0.526
2026-07-22 19:29:06,502 alphafold2_ptm_model_2_seed_043 recycle=1 pLDDT=64.7 pTM=0.535 tol=1.27
2026-07-22 19:29:06,756 alphafold2_ptm_model_2_seed_043 recycle=2 pLDDT=63.5 pTM=0.516 tol=1.25
2026-07-22 19:29:07,013 alphafold2_ptm_model_2_seed_043 recycle=3 pLDDT=64.1 pTM=0.509 tol=0.792
2026-07-22 19:29:07,014 alphafold2_ptm_model_2_seed_043 took 1.0s (3 recycles)
2026-07-22 19:29:07,298 alphafold2_ptm_model_3_seed_043 recycle=0 pLDDT=64 pTM=0.485
2026-07-22 19:29:07,552 alphafold2_ptm_model_3_seed_043 recycle=1 pLDDT=63.4 pTM=0.491 tol=1.08
2026-07-22 19:29:07,808 alphafold2_ptm_model_3_seed_043 recycle=2 pLDDT=63.4 pTM=0.488 tol=0.404
2026-07-22 19:29:08,061 alphafold2_ptm_model_3_seed_043 recycle=3 pLDDT=63.3 pTM=0.484 tol=0.262
2026-07-22 19:29:08,061 alphafold2_ptm_model_3_seed_043 took 1.0s (3 recycles)
2026-07-22 19:29:08,344 alphafold2_ptm_model_4_seed_043 recycle=0 pLDDT=66.1 pTM=0.541
2026-07-22 19:29:08,598 alphafold2_ptm_model_4_seed_043 recycle=1 pLDDT=64.1 pTM=0.517 tol=2.02
2026-07-22 19:29:08,851 alphafold2_ptm_model_4_seed_043 recycle=2 pLDDT=63 pTM=0.511 tol=1.27
2026-07-22 19:29:09,104 alphafold2_ptm_model_4_seed_043 recycle=3 pLDDT=62.1 pTM=0.501 tol=0.427
2026-07-22 19:29:09,105 alphafold2_ptm_model_4_seed_043 took 1.0s (3 recycles)
2026-07-22 19:29:09,383 alphafold2_ptm_model_5_seed_043 recycle=0 pLDDT=56.8 pTM=0.467
2026-07-22 19:29:09,636 alphafold2_ptm_model_5_seed_043 recycle=1 pLDDT=59.5 pTM=0.474 tol=3.92
2026-07-22 19:29:09,888 alphafold2_ptm_model_5_seed_043 recycle=2 pLDDT=61.1 pTM=0.474 tol=1
2026-07-22 19:29:10,141 alphafold2_ptm_model_5_seed_043 recycle=3 pLDDT=62.9 pTM=0.487 tol=1.59
2026-07-22 19:29:10,141 alphafold2_ptm_model_5_seed_043 took 1.0s (3 recycles)
2026-07-22 19:29:11,161 alphafold2_ptm_model_1_seed_044 recycle=0 pLDDT=76.4 pTM=0.582
2026-07-22 19:29:11,421 alphafold2_ptm_model_1_seed_044 recycle=1 pLDDT=92.8 pTM=0.809 tol=0.635
2026-07-22 19:29:11,684 alphafold2_ptm_model_1_seed_044 recycle=2 pLDDT=93.9 pTM=0.831 tol=0.147
2026-07-22 19:29:11,950 alphafold2_ptm_model_1_seed_044 recycle=3 pLDDT=94.1 pTM=0.834 tol=0.0496
2026-07-22 19:29:11,950 alphafold2_ptm_model_1_seed_044 took 1.0s (3 recycles)
2026-07-22 19:29:12,232 alphafold2_ptm_model_2_seed_044 recycle=0 pLDDT=61.6 pTM=0.522
2026-07-22 19:29:12,486 alphafold2_ptm_model_2_seed_044 recycle=1 pLDDT=63 pTM=0.528 tol=3.39
2026-07-22 19:29:12,741 alphafold2_ptm_model_2_seed_044 recycle=2 pLDDT=61.6 pTM=0.521 tol=0.429
2026-07-22 19:29:12,995 alphafold2_ptm_model_2_seed_044 recycle=3 pLDDT=62.7 pTM=0.519 tol=0.908
2026-07-22 19:29:12,995 alphafold2_ptm_model_2_seed_044 took 1.0s (3 recycles)
2026-07-22 19:29:13,277 alphafold2_ptm_model_3_seed_044 recycle=0 pLDDT=65.4 pTM=0.486
2026-07-22 19:29:13,532 alphafold2_ptm_model_3_seed_044 recycle=1 pLDDT=65.5 pTM=0.479 tol=1.32
2026-07-22 19:29:13,786 alphafold2_ptm_model_3_seed_044 recycle=2 pLDDT=66.1 pTM=0.485 tol=0.706
2026-07-22 19:29:14,042 alphafold2_ptm_model_3_seed_044 recycle=3 pLDDT=66.4 pTM=0.482 tol=0.402
2026-07-22 19:29:14,042 alphafold2_ptm_model_3_seed_044 took 1.0s (3 recycles)
2026-07-22 19:29:14,323 alphafold2_ptm_model_4_seed_044 recycle=0 pLDDT=66.2 pTM=0.534
2026-07-22 19:29:14,575 alphafold2_ptm_model_4_seed_044 recycle=1 pLDDT=63.6 pTM=0.511 tol=1.37
2026-07-22 19:29:14,828 alphafold2_ptm_model_4_seed_044 recycle=2 pLDDT=62.6 pTM=0.506 tol=0.819
2026-07-22 19:29:15,080 alphafold2_ptm_model_4_seed_044 recycle=3 pLDDT=61.9 pTM=0.498 tol=0.424
2026-07-22 19:29:15,080 alphafold2_ptm_model_4_seed_044 took 1.0s (3 recycles)
2026-07-22 19:29:15,358 alphafold2_ptm_model_5_seed_044 recycle=0 pLDDT=57.3 pTM=0.464
2026-07-22 19:29:15,610 alphafold2_ptm_model_5_seed_044 recycle=1 pLDDT=61.2 pTM=0.48 tol=1.37
2026-07-22 19:29:15,863 alphafold2_ptm_model_5_seed_044 recycle=2 pLDDT=62.9 pTM=0.484 tol=0.741
2026-07-22 19:29:16,116 alphafold2_ptm_model_5_seed_044 recycle=3 pLDDT=62.8 pTM=0.481 tol=1.12
2026-07-22 19:29:16,116 alphafold2_ptm_model_5_seed_044 took 1.0s (3 recycles)
2026-07-22 19:29:16,138 reranking models by 'plddt' metric
2026-07-22 19:29:16,139 rank_001_alphafold2_ptm_model_1_seed_044 pLDDT=94.1 pTM=0.834
2026-07-22 19:29:16,140 rank_002_alphafold2_ptm_model_1_seed_043 pLDDT=94 pTM=0.833
2026-07-22 19:29:16,142 rank_003_alphafold2_ptm_model_3_seed_044 pLDDT=66.4 pTM=0.482
2026-07-22 19:29:16,143 rank_004_alphafold2_ptm_model_1_seed_042 pLDDT=66.1 pTM=0.515
2026-07-22 19:29:16,145 rank_005_alphafold2_ptm_model_3_seed_042 pLDDT=64.8 pTM=0.482
2026-07-22 19:29:16,146 rank_006_alphafold2_ptm_model_2_seed_043 pLDDT=64.1 pTM=0.509
2026-07-22 19:29:16,147 rank_007_alphafold2_ptm_model_2_seed_042 pLDDT=63.5 pTM=0.513
2026-07-22 19:29:16,148 rank_008_alphafold2_ptm_model_3_seed_043 pLDDT=63.3 pTM=0.484
2026-07-22 19:29:16,149 rank_009_alphafold2_ptm_model_5_seed_042 pLDDT=62.9 pTM=0.49
2026-07-22 19:29:16,150 rank_010_alphafold2_ptm_model_5_seed_043 pLDDT=62.9 pTM=0.487
2026-07-22 19:29:16,151 rank_011_alphafold2_ptm_model_5_seed_044 pLDDT=62.8 pTM=0.481
2026-07-22 19:29:16,153 rank_012_alphafold2_ptm_model_2_seed_044 pLDDT=62.7 pTM=0.519
2026-07-22 19:29:16,154 rank_013_alphafold2_ptm_model_4_seed_043 pLDDT=62.1 pTM=0.501
2026-07-22 19:29:16,155 rank_014_alphafold2_ptm_model_4_seed_042 pLDDT=62 pTM=0.499
2026-07-22 19:29:16,156 rank_015_alphafold2_ptm_model_4_seed_044 pLDDT=61.9 pTM=0.498
2026-07-22 19:29:18,627 Query 62/426: 5KPE_2_4_1_0_combined_id3 (length 108)
2026-07-22 19:29:20,409 alphafold2_ptm_model_1_seed_042 recycle=0 pLDDT=64.1 pTM=0.523
2026-07-22 19:29:20,661 alphafold2_ptm_model_1_seed_042 recycle=1 pLDDT=64.8 pTM=0.526 tol=0.361
2026-07-22 19:29:20,912 alphafold2_ptm_model_1_seed_042 recycle=2 pLDDT=65.8 pTM=0.52 tol=0.511
2026-07-22 19:29:21,165 alphafold2_ptm_model_1_seed_042 recycle=3 pLDDT=66.8 pTM=0.529 tol=0.661
2026-07-22 19:29:21,165 alphafold2_ptm_model_1_seed_042 took 1.0s (3 recycles)
2026-07-22 19:29:21,441 alphafold2_ptm_model_2_seed_042 recycle=0 pLDDT=69 pTM=0.558
2026-07-22 19:29:21,694 alphafold2_ptm_model_2_seed_042 recycle=1 pLDDT=67.6 pTM=0.548 tol=1.55
2026-07-22 19:29:21,946 alphafold2_ptm_model_2_seed_042 recycle=2 pLDDT=72 pTM=0.588 tol=1.25
2026-07-22 19:29:22,198 alphafold2_ptm_model_2_seed_042 recycle=3 pLDDT=73.5 pTM=0.593 tol=0.452
2026-07-22 19:29:22,198 alphafold2_ptm_model_2_seed_042 took 1.0s (3 recycles)
2026-07-22 19:29:22,490 alphafold2_ptm_model_3_seed_042 recycle=0 pLDDT=65 pTM=0.5
2026-07-22 19:29:22,743 alphafold2_ptm_model_3_seed_042 recycle=1 pLDDT=68.2 pTM=0.539 tol=1.26
2026-07-22 19:29:22,996 alphafold2_ptm_model_3_seed_042 recycle=2 pLDDT=68.6 pTM=0.547 tol=0.703
2026-07-22 19:29:23,249 alphafold2_ptm_model_3_seed_042 recycle=3 pLDDT=70.2 pTM=0.555 tol=0.312
2026-07-22 19:29:23,250 alphafold2_ptm_model_3_seed_042 took 1.0s (3 recycles)
2026-07-22 19:29:23,529 alphafold2_ptm_model_4_seed_042 recycle=0 pLDDT=68.7 pTM=0.551
2026-07-22 19:29:23,781 alphafold2_ptm_model_4_seed_042 recycle=1 pLDDT=69.7 pTM=0.577 tol=1.72
2026-07-22 19:29:24,034 alphafold2_ptm_model_4_seed_042 recycle=2 pLDDT=69.9 pTM=0.574 tol=0.997
2026-07-22 19:29:24,286 alphafold2_ptm_model_4_seed_042 recycle=3 pLDDT=69.9 pTM=0.571 tol=0.839
2026-07-22 19:29:24,287 alphafold2_ptm_model_4_seed_042 took 1.0s (3 recycles)
2026-07-22 19:29:24,585 alphafold2_ptm_model_5_seed_042 recycle=0 pLDDT=71.6 pTM=0.583
2026-07-22 19:29:24,839 alphafold2_ptm_model_5_seed_042 recycle=1 pLDDT=72.6 pTM=0.587 tol=0.875
2026-07-22 19:29:25,093 alphafold2_ptm_model_5_seed_042 recycle=2 pLDDT=74.8 pTM=0.595 tol=0.44
2026-07-22 19:29:25,347 alphafold2_ptm_model_5_seed_042 recycle=3 pLDDT=76.2 pTM=0.604 tol=0.374
2026-07-22 19:29:25,347 alphafold2_ptm_model_5_seed_042 took 1.0s (3 recycles)
2026-07-22 19:29:26,375 alphafold2_ptm_model_1_seed_043 recycle=0 pLDDT=62.8 pTM=0.514
2026-07-22 19:29:26,628 alphafold2_ptm_model_1_seed_043 recycle=1 pLDDT=65.7 pTM=0.533 tol=0.354
2026-07-22 19:29:26,881 alphafold2_ptm_model_1_seed_043 recycle=2 pLDDT=65.9 pTM=0.519 tol=0.52
2026-07-22 19:29:27,135 alphafold2_ptm_model_1_seed_043 recycle=3 pLDDT=66.2 pTM=0.527 tol=0.481
2026-07-22 19:29:27,136 alphafold2_ptm_model_1_seed_043 took 1.0s (3 recycles)
2026-07-22 19:29:27,444 alphafold2_ptm_model_2_seed_043 recycle=0 pLDDT=67.1 pTM=0.541
2026-07-22 19:29:27,702 alphafold2_ptm_model_2_seed_043 recycle=1 pLDDT=67.9 pTM=0.552 tol=1.8
2026-07-22 19:29:27,960 alphafold2_ptm_model_2_seed_043 recycle=2 pLDDT=71.4 pTM=0.58 tol=0.89
2026-07-22 19:29:28,213 alphafold2_ptm_model_2_seed_043 recycle=3 pLDDT=72.6 pTM=0.585 tol=0.309
2026-07-22 19:29:28,213 alphafold2_ptm_model_2_seed_043 took 1.0s (3 recycles)
2026-07-22 19:29:28,488 alphafold2_ptm_model_3_seed_043 recycle=0 pLDDT=64.8 pTM=0.498
2026-07-22 19:29:28,741 alphafold2_ptm_model_3_seed_043 recycle=1 pLDDT=68.2 pTM=0.539 tol=1.41
2026-07-22 19:29:29,023 alphafold2_ptm_model_3_seed_043 recycle=2 pLDDT=68.9 pTM=0.546 tol=0.683
2026-07-22 19:29:29,320 alphafold2_ptm_model_3_seed_043 recycle=3 pLDDT=70.2 pTM=0.556 tol=0.336
2026-07-22 19:29:29,320 alphafold2_ptm_model_3_seed_043 took 1.1s (3 recycles)
2026-07-22 19:29:29,663 alphafold2_ptm_model_4_seed_043 recycle=0 pLDDT=67.4 pTM=0.542
2026-07-22 19:29:29,960 alphafold2_ptm_model_4_seed_043 recycle=1 pLDDT=69.7 pTM=0.58 tol=2.15
2026-07-22 19:29:30,257 alphafold2_ptm_model_4_seed_043 recycle=2 pLDDT=70.1 pTM=0.577 tol=0.495
2026-07-22 19:29:30,551 alphafold2_ptm_model_4_seed_043 recycle=3 pLDDT=70 pTM=0.573 tol=0.737
2026-07-22 19:29:30,551 alphafold2_ptm_model_4_seed_043 took 1.2s (3 recycles)
2026-07-22 19:29:30,883 alphafold2_ptm_model_5_seed_043 recycle=0 pLDDT=71.2 pTM=0.575
2026-07-22 19:29:31,177 alphafold2_ptm_model_5_seed_043 recycle=1 pLDDT=72.9 pTM=0.588 tol=0.885
2026-07-22 19:29:31,477 alphafold2_ptm_model_5_seed_043 recycle=2 pLDDT=75 pTM=0.598 tol=0.515
2026-07-22 19:29:31,733 alphafold2_ptm_model_5_seed_043 recycle=3 pLDDT=76.4 pTM=0.605 tol=0.417
2026-07-22 19:29:31,734 alphafold2_ptm_model_5_seed_043 took 1.1s (3 recycles)
2026-07-22 19:29:32,721 alphafold2_ptm_model_1_seed_044 recycle=0 pLDDT=63.7 pTM=0.517
2026-07-22 19:29:32,988 alphafold2_ptm_model_1_seed_044 recycle=1 pLDDT=66.7 pTM=0.537 tol=0.533
2026-07-22 19:29:33,257 alphafold2_ptm_model_1_seed_044 recycle=2 pLDDT=65.3 pTM=0.518 tol=0.794
2026-07-22 19:29:33,509 alphafold2_ptm_model_1_seed_044 recycle=3 pLDDT=68.2 pTM=0.54 tol=1.19
2026-07-22 19:29:33,509 alphafold2_ptm_model_1_seed_044 took 1.0s (3 recycles)
2026-07-22 19:29:33,785 alphafold2_ptm_model_2_seed_044 recycle=0 pLDDT=68.7 pTM=0.558
2026-07-22 19:29:34,037 alphafold2_ptm_model_2_seed_044 recycle=1 pLDDT=68.7 pTM=0.553 tol=0.854
2026-07-22 19:29:34,290 alphafold2_ptm_model_2_seed_044 recycle=2 pLDDT=71.1 pTM=0.579 tol=2.46
2026-07-22 19:29:34,543 alphafold2_ptm_model_2_seed_044 recycle=3 pLDDT=71.9 pTM=0.583 tol=0.501
2026-07-22 19:29:34,543 alphafold2_ptm_model_2_seed_044 took 1.0s (3 recycles)
2026-07-22 19:29:34,819 alphafold2_ptm_model_3_seed_044 recycle=0 pLDDT=65.8 pTM=0.504
2026-07-22 19:29:35,073 alphafold2_ptm_model_3_seed_044 recycle=1 pLDDT=68.8 pTM=0.544 tol=1.3
2026-07-22 19:29:35,326 alphafold2_ptm_model_3_seed_044 recycle=2 pLDDT=68.8 pTM=0.548 tol=0.69
2026-07-22 19:29:35,580 alphafold2_ptm_model_3_seed_044 recycle=3 pLDDT=70.7 pTM=0.56 tol=0.37
2026-07-22 19:29:35,580 alphafold2_ptm_model_3_seed_044 took 1.0s (3 recycles)
2026-07-22 19:29:35,857 alphafold2_ptm_model_4_seed_044 recycle=0 pLDDT=67.8 pTM=0.543
2026-07-22 19:29:36,113 alphafold2_ptm_model_4_seed_044 recycle=1 pLDDT=68.6 pTM=0.563 tol=1.32
2026-07-22 19:29:36,598 alphafold2_ptm_model_4_seed_044 recycle=2 pLDDT=69.3 pTM=0.572 tol=1.82
2026-07-22 19:29:37,182 alphafold2_ptm_model_4_seed_044 recycle=3 pLDDT=69.9 pTM=0.573 tol=0.417
2026-07-22 19:29:37,183 alphafold2_ptm_model_4_seed_044 took 1.6s (3 recycles)
2026-07-22 19:29:37,789 alphafold2_ptm_model_5_seed_044 recycle=0 pLDDT=72.8 pTM=0.587
2026-07-22 19:29:38,080 alphafold2_ptm_model_5_seed_044 recycle=1 pLDDT=72.9 pTM=0.589 tol=0.956
2026-07-22 19:29:38,502 alphafold2_ptm_model_5_seed_044 recycle=2 pLDDT=75.2 pTM=0.602 tol=0.526
2026-07-22 19:29:38,968 alphafold2_ptm_model_5_seed_044 recycle=3 pLDDT=76.6 pTM=0.608 tol=0.443
2026-07-22 19:29:38,968 alphafold2_ptm_model_5_seed_044 took 1.8s (3 recycles)
2026-07-22 19:29:38,990 reranking models by 'plddt' metric
2026-07-22 19:29:38,990 rank_001_alphafold2_ptm_model_5_seed_044 pLDDT=76.6 pTM=0.608
2026-07-22 19:29:38,991 rank_002_alphafold2_ptm_model_5_seed_043 pLDDT=76.4 pTM=0.605
2026-07-22 19:29:38,993 rank_003_alphafold2_ptm_model_5_seed_042 pLDDT=76.2 pTM=0.604
2026-07-22 19:29:38,994 rank_004_alphafold2_ptm_model_2_seed_042 pLDDT=73.5 pTM=0.593
2026-07-22 19:29:38,995 rank_005_alphafold2_ptm_model_2_seed_043 pLDDT=72.6 pTM=0.585
2026-07-22 19:29:38,996 rank_006_alphafold2_ptm_model_2_seed_044 pLDDT=71.9 pTM=0.583
2026-07-22 19:29:38,997 rank_007_alphafold2_ptm_model_3_seed_044 pLDDT=70.7 pTM=0.56
2026-07-22 19:29:38,999 rank_008_alphafold2_ptm_model_3_seed_043 pLDDT=70.2 pTM=0.556
2026-07-22 19:29:39,000 rank_009_alphafold2_ptm_model_3_seed_042 pLDDT=70.2 pTM=0.555
2026-07-22 19:29:39,001 rank_010_alphafold2_ptm_model_4_seed_043 pLDDT=70 pTM=0.573
2026-07-22 19:29:39,002 rank_011_alphafold2_ptm_model_4_seed_044 pLDDT=69.9 pTM=0.573
2026-07-22 19:29:39,003 rank_012_alphafold2_ptm_model_4_seed_042 pLDDT=69.9 pTM=0.571
2026-07-22 19:29:39,004 rank_013_alphafold2_ptm_model_1_seed_044 pLDDT=68.2 pTM=0.54
2026-07-22 19:29:39,005 rank_014_alphafold2_ptm_model_1_seed_042 pLDDT=66.8 pTM=0.529
2026-07-22 19:29:39,006 rank_015_alphafold2_ptm_model_1_seed_043 pLDDT=66.2 pTM=0.527
2026-07-22 19:29:41,164 Query 63/426: 5KPE_2_4_1_0_combined_id2 (length 108)
2026-07-22 19:29:43,166 alphafold2_ptm_model_1_seed_042 recycle=0 pLDDT=58.4 pTM=0.455
2026-07-22 19:29:43,634 alphafold2_ptm_model_1_seed_042 recycle=1 pLDDT=65.9 pTM=0.531 tol=3.61
2026-07-22 19:29:44,101 alphafold2_ptm_model_1_seed_042 recycle=2 pLDDT=66.8 pTM=0.533 tol=1.41
2026-07-22 19:29:44,563 alphafold2_ptm_model_1_seed_042 recycle=3 pLDDT=70.4 pTM=0.555 tol=0.453
2026-07-22 19:29:44,563 alphafold2_ptm_model_1_seed_042 took 1.9s (3 recycles)
2026-07-22 19:29:45,053 alphafold2_ptm_model_2_seed_042 recycle=0 pLDDT=60.2 pTM=0.499
2026-07-22 19:29:45,519 alphafold2_ptm_model_2_seed_042 recycle=1 pLDDT=60 pTM=0.495 tol=3.67
2026-07-22 19:29:45,991 alphafold2_ptm_model_2_seed_042 recycle=2 pLDDT=68.9 pTM=0.576 tol=3.05
2026-07-22 19:29:46,455 alphafold2_ptm_model_2_seed_042 recycle=3 pLDDT=65.9 pTM=0.545 tol=0.726
2026-07-22 19:29:46,456 alphafold2_ptm_model_2_seed_042 took 1.9s (3 recycles)
2026-07-22 19:29:46,948 alphafold2_ptm_model_3_seed_042 recycle=0 pLDDT=60.6 pTM=0.452
2026-07-22 19:29:47,411 alphafold2_ptm_model_3_seed_042 recycle=1 pLDDT=64.5 pTM=0.505 tol=3.67
2026-07-22 19:29:47,826 alphafold2_ptm_model_3_seed_042 recycle=2 pLDDT=66.1 pTM=0.522 tol=1.04
2026-07-22 19:29:48,085 alphafold2_ptm_model_3_seed_042 recycle=3 pLDDT=67.4 pTM=0.528 tol=0.446
2026-07-22 19:29:48,085 alphafold2_ptm_model_3_seed_042 took 1.6s (3 recycles)
2026-07-22 19:29:48,569 alphafold2_ptm_model_4_seed_042 recycle=0 pLDDT=68.2 pTM=0.576
2026-07-22 19:29:49,152 alphafold2_ptm_model_4_seed_042 recycle=1 pLDDT=68.3 pTM=0.559 tol=2.06
2026-07-22 19:29:49,738 alphafold2_ptm_model_4_seed_042 recycle=2 pLDDT=70 pTM=0.568 tol=0.302
2026-07-22 19:29:50,221 alphafold2_ptm_model_4_seed_042 recycle=3 pLDDT=67.8 pTM=0.549 tol=0.406
2026-07-22 19:29:50,221 alphafold2_ptm_model_4_seed_042 took 2.1s (3 recycles)
2026-07-22 19:29:50,726 alphafold2_ptm_model_5_seed_042 recycle=0 pLDDT=56.2 pTM=0.469
2026-07-22 19:29:51,195 alphafold2_ptm_model_5_seed_042 recycle=1 pLDDT=65.1 pTM=0.539 tol=3.73
2026-07-22 19:29:51,664 alphafold2_ptm_model_5_seed_042 recycle=2 pLDDT=66.7 pTM=0.542 tol=0.965
2026-07-22 19:29:52,129 alphafold2_ptm_model_5_seed_042 recycle=3 pLDDT=66.6 pTM=0.532 tol=0.195
2026-07-22 19:29:52,129 alphafold2_ptm_model_5_seed_042 took 1.9s (3 recycles)
2026-07-22 19:29:53,433 alphafold2_ptm_model_1_seed_043 recycle=0 pLDDT=58.6 pTM=0.473
2026-07-22 19:29:53,897 alphafold2_ptm_model_1_seed_043 recycle=1 pLDDT=65.9 pTM=0.532 tol=3.57
2026-07-22 19:29:54,362 alphafold2_ptm_model_1_seed_043 recycle=2 pLDDT=68 pTM=0.54 tol=0.963
2026-07-22 19:29:54,826 alphafold2_ptm_model_1_seed_043 recycle=3 pLDDT=69.4 pTM=0.545 tol=0.25
2026-07-22 19:29:54,826 alphafold2_ptm_model_1_seed_043 took 1.9s (3 recycles)
2026-07-22 19:29:55,319 alphafold2_ptm_model_2_seed_043 recycle=0 pLDDT=59.8 pTM=0.5
2026-07-22 19:29:55,787 alphafold2_ptm_model_2_seed_043 recycle=1 pLDDT=65.4 pTM=0.534 tol=3.66
2026-07-22 19:29:56,251 alphafold2_ptm_model_2_seed_043 recycle=2 pLDDT=65.8 pTM=0.544 tol=0.815
2026-07-22 19:29:56,715 alphafold2_ptm_model_2_seed_043 recycle=3 pLDDT=65.9 pTM=0.546 tol=0.32
2026-07-22 19:29:56,715 alphafold2_ptm_model_2_seed_043 took 1.9s (3 recycles)
2026-07-22 19:29:57,245 alphafold2_ptm_model_3_seed_043 recycle=0 pLDDT=60.5 pTM=0.45
2026-07-22 19:29:57,720 alphafold2_ptm_model_3_seed_043 recycle=1 pLDDT=65.9 pTM=0.518 tol=3.88
2026-07-22 19:29:58,197 alphafold2_ptm_model_3_seed_043 recycle=2 pLDDT=66.5 pTM=0.523 tol=0.782
2026-07-22 19:29:58,678 alphafold2_ptm_model_3_seed_043 recycle=3 pLDDT=67.2 pTM=0.524 tol=0.504
2026-07-22 19:29:58,679 alphafold2_ptm_model_3_seed_043 took 1.9s (3 recycles)
2026-07-22 19:29:59,192 alphafold2_ptm_model_4_seed_043 recycle=0 pLDDT=68 pTM=0.58
2026-07-22 19:29:59,671 alphafold2_ptm_model_4_seed_043 recycle=1 pLDDT=67.7 pTM=0.563 tol=2.1
2026-07-22 19:30:00,150 alphafold2_ptm_model_4_seed_043 recycle=2 pLDDT=68.5 pTM=0.56 tol=0.374
2026-07-22 19:30:00,619 alphafold2_ptm_model_4_seed_043 recycle=3 pLDDT=67.8 pTM=0.547 tol=0.507
2026-07-22 19:30:00,620 alphafold2_ptm_model_4_seed_043 took 1.9s (3 recycles)
2026-07-22 19:30:00,997 alphafold2_ptm_model_5_seed_043 recycle=0 pLDDT=55.9 pTM=0.469
2026-07-22 19:30:01,581 alphafold2_ptm_model_5_seed_043 recycle=1 pLDDT=65.1 pTM=0.537 tol=3.67
2026-07-22 19:30:02,163 alphafold2_ptm_model_5_seed_043 recycle=2 pLDDT=66.3 pTM=0.54 tol=0.802
2026-07-22 19:30:02,689 alphafold2_ptm_model_5_seed_043 recycle=3 pLDDT=66.8 pTM=0.535 tol=0.19
2026-07-22 19:30:02,689 alphafold2_ptm_model_5_seed_043 took 2.0s (3 recycles)
2026-07-22 19:30:03,879 alphafold2_ptm_model_1_seed_044 recycle=0 pLDDT=58.4 pTM=0.46
2026-07-22 19:30:04,354 alphafold2_ptm_model_1_seed_044 recycle=1 pLDDT=65.3 pTM=0.525 tol=3.64
2026-07-22 19:30:04,827 alphafold2_ptm_model_1_seed_044 recycle=2 pLDDT=68.3 pTM=0.539 tol=1.28
2026-07-22 19:30:05,301 alphafold2_ptm_model_1_seed_044 recycle=3 pLDDT=70.1 pTM=0.551 tol=0.34
2026-07-22 19:30:05,301 alphafold2_ptm_model_1_seed_044 took 1.9s (3 recycles)
2026-07-22 19:30:05,811 alphafold2_ptm_model_2_seed_044 recycle=0 pLDDT=60.6 pTM=0.5
2026-07-22 19:30:06,285 alphafold2_ptm_model_2_seed_044 recycle=1 pLDDT=62.7 pTM=0.51 tol=3.63
2026-07-22 19:30:06,759 alphafold2_ptm_model_2_seed_044 recycle=2 pLDDT=68.6 pTM=0.575 tol=1.77
2026-07-22 19:30:07,237 alphafold2_ptm_model_2_seed_044 recycle=3 pLDDT=65.4 pTM=0.542 tol=0.627
2026-07-22 19:30:07,237 alphafold2_ptm_model_2_seed_044 took 1.9s (3 recycles)
2026-07-22 19:30:07,740 alphafold2_ptm_model_3_seed_044 recycle=0 pLDDT=60.7 pTM=0.446
2026-07-22 19:30:08,218 alphafold2_ptm_model_3_seed_044 recycle=1 pLDDT=62.9 pTM=0.489 tol=3.74
2026-07-22 19:30:08,694 alphafold2_ptm_model_3_seed_044 recycle=2 pLDDT=66.3 pTM=0.518 tol=1.62
2026-07-22 19:30:09,176 alphafold2_ptm_model_3_seed_044 recycle=3 pLDDT=66.8 pTM=0.523 tol=0.505
2026-07-22 19:30:09,177 alphafold2_ptm_model_3_seed_044 took 1.9s (3 recycles)
2026-07-22 19:30:09,679 alphafold2_ptm_model_4_seed_044 recycle=0 pLDDT=69.2 pTM=0.585
2026-07-22 19:30:10,157 alphafold2_ptm_model_4_seed_044 recycle=1 pLDDT=68.5 pTM=0.558 tol=1.89
2026-07-22 19:30:10,629 alphafold2_ptm_model_4_seed_044 recycle=2 pLDDT=68.9 pTM=0.56 tol=0.382
2026-07-22 19:30:11,102 alphafold2_ptm_model_4_seed_044 recycle=3 pLDDT=67.6 pTM=0.546 tol=0.399
2026-07-22 19:30:11,103 alphafold2_ptm_model_4_seed_044 took 1.9s (3 recycles)
2026-07-22 19:30:11,622 alphafold2_ptm_model_5_seed_044 recycle=0 pLDDT=55 pTM=0.474
2026-07-22 19:30:12,097 alphafold2_ptm_model_5_seed_044 recycle=1 pLDDT=66.2 pTM=0.553 tol=3.65
2026-07-22 19:30:12,572 alphafold2_ptm_model_5_seed_044 recycle=2 pLDDT=66.4 pTM=0.547 tol=0.799
2026-07-22 19:30:13,027 alphafold2_ptm_model_5_seed_044 recycle=3 pLDDT=66.2 pTM=0.54 tol=0.226
2026-07-22 19:30:13,027 alphafold2_ptm_model_5_seed_044 took 1.9s (3 recycles)
2026-07-22 19:30:13,071 reranking models by 'plddt' metric
2026-07-22 19:30:13,072 rank_001_alphafold2_ptm_model_1_seed_042 pLDDT=70.4 pTM=0.555
2026-07-22 19:30:13,073 rank_002_alphafold2_ptm_model_1_seed_044 pLDDT=70.1 pTM=0.551
2026-07-22 19:30:13,074 rank_003_alphafold2_ptm_model_1_seed_043 pLDDT=69.4 pTM=0.545
2026-07-22 19:30:13,075 rank_004_alphafold2_ptm_model_4_seed_043 pLDDT=67.8 pTM=0.547
2026-07-22 19:30:13,077 rank_005_alphafold2_ptm_model_4_seed_042 pLDDT=67.8 pTM=0.549
2026-07-22 19:30:13,078 rank_006_alphafold2_ptm_model_4_seed_044 pLDDT=67.6 pTM=0.546
2026-07-22 19:30:13,079 rank_007_alphafold2_ptm_model_3_seed_042 pLDDT=67.4 pTM=0.528
2026-07-22 19:30:13,080 rank_008_alphafold2_ptm_model_3_seed_043 pLDDT=67.2 pTM=0.524
2026-07-22 19:30:13,081 rank_009_alphafold2_ptm_model_3_seed_044 pLDDT=66.8 pTM=0.523
2026-07-22 19:30:13,082 rank_010_alphafold2_ptm_model_5_seed_043 pLDDT=66.8 pTM=0.535
2026-07-22 19:30:13,084 rank_011_alphafold2_ptm_model_5_seed_042 pLDDT=66.6 pTM=0.532
2026-07-22 19:30:13,085 rank_012_alphafold2_ptm_model_5_seed_044 pLDDT=66.2 pTM=0.54
2026-07-22 19:30:13,086 rank_013_alphafold2_ptm_model_2_seed_043 pLDDT=65.9 pTM=0.546
2026-07-22 19:30:13,087 rank_014_alphafold2_ptm_model_2_seed_042 pLDDT=65.9 pTM=0.545
2026-07-22 19:30:13,088 rank_015_alphafold2_ptm_model_2_seed_044 pLDDT=65.4 pTM=0.542
2026-07-22 19:30:15,729 Query 64/426: 5KPE_4_2_3_0_combined_id9 (length 108)
2026-07-22 19:30:17,679 alphafold2_ptm_model_1_seed_042 recycle=0 pLDDT=61.4 pTM=0.512
2026-07-22 19:30:18,146 alphafold2_ptm_model_1_seed_042 recycle=1 pLDDT=83.8 pTM=0.679 tol=2.37
2026-07-22 19:30:18,611 alphafold2_ptm_model_1_seed_042 recycle=2 pLDDT=85.4 pTM=0.705 tol=0.327
2026-07-22 19:30:19,076 alphafold2_ptm_model_1_seed_042 recycle=3 pLDDT=87.1 pTM=0.728 tol=0.123
2026-07-22 19:30:19,076 alphafold2_ptm_model_1_seed_042 took 1.9s (3 recycles)
2026-07-22 19:30:19,570 alphafold2_ptm_model_2_seed_042 recycle=0 pLDDT=64.2 pTM=0.524
2026-07-22 19:30:20,036 alphafold2_ptm_model_2_seed_042 recycle=1 pLDDT=80.6 pTM=0.673 tol=5.63
2026-07-22 19:30:20,505 alphafold2_ptm_model_2_seed_042 recycle=2 pLDDT=88.4 pTM=0.74 tol=0.512
2026-07-22 19:30:20,971 alphafold2_ptm_model_2_seed_042 recycle=3 pLDDT=88.7 pTM=0.746 tol=0.105
2026-07-22 19:30:20,971 alphafold2_ptm_model_2_seed_042 took 1.9s (3 recycles)
2026-07-22 19:30:21,473 alphafold2_ptm_model_3_seed_042 recycle=0 pLDDT=75.8 pTM=0.62
2026-07-22 19:30:21,938 alphafold2_ptm_model_3_seed_042 recycle=1 pLDDT=84.9 pTM=0.713 tol=1.11
2026-07-22 19:30:22,407 alphafold2_ptm_model_3_seed_042 recycle=2 pLDDT=85.1 pTM=0.71 tol=0.231
2026-07-22 19:30:22,885 alphafold2_ptm_model_3_seed_042 recycle=3 pLDDT=87.6 pTM=0.726 tol=0.625
2026-07-22 19:30:22,885 alphafold2_ptm_model_3_seed_042 took 1.9s (3 recycles)
2026-07-22 19:30:23,381 alphafold2_ptm_model_4_seed_042 recycle=0 pLDDT=70.8 pTM=0.581
2026-07-22 19:30:23,788 alphafold2_ptm_model_4_seed_042 recycle=1 pLDDT=72.1 pTM=0.629 tol=4.01
2026-07-22 19:30:24,158 alphafold2_ptm_model_4_seed_042 recycle=2 pLDDT=81.3 pTM=0.693 tol=1.29
2026-07-22 19:30:24,744 alphafold2_ptm_model_4_seed_042 recycle=3 pLDDT=85.2 pTM=0.716 tol=0.308
2026-07-22 19:30:24,745 alphafold2_ptm_model_4_seed_042 took 1.8s (3 recycles)
2026-07-22 19:30:25,358 alphafold2_ptm_model_5_seed_042 recycle=0 pLDDT=63.4 pTM=0.529
2026-07-22 19:30:25,869 alphafold2_ptm_model_5_seed_042 recycle=1 pLDDT=81.6 pTM=0.671 tol=2.24
2026-07-22 19:30:26,337 alphafold2_ptm_model_5_seed_042 recycle=2 pLDDT=85.1 pTM=0.685 tol=0.839
2026-07-22 19:30:26,815 alphafold2_ptm_model_5_seed_042 recycle=3 pLDDT=86.5 pTM=0.693 tol=0.152
2026-07-22 19:30:26,815 alphafold2_ptm_model_5_seed_042 took 2.0s (3 recycles)
2026-07-22 19:30:28,062 alphafold2_ptm_model_1_seed_043 recycle=0 pLDDT=62.4 pTM=0.512
2026-07-22 19:30:28,531 alphafold2_ptm_model_1_seed_043 recycle=1 pLDDT=84.1 pTM=0.691 tol=2.4
2026-07-22 19:30:29,013 alphafold2_ptm_model_1_seed_043 recycle=2 pLDDT=86.9 pTM=0.719 tol=0.326
2026-07-22 19:30:29,497 alphafold2_ptm_model_1_seed_043 recycle=3 pLDDT=88.8 pTM=0.745 tol=0.147
2026-07-22 19:30:29,498 alphafold2_ptm_model_1_seed_043 took 1.9s (3 recycles)
2026-07-22 19:30:30,004 alphafold2_ptm_model_2_seed_043 recycle=0 pLDDT=64.3 pTM=0.521
2026-07-22 19:30:30,481 alphafold2_ptm_model_2_seed_043 recycle=1 pLDDT=82.3 pTM=0.69 tol=5.62
2026-07-22 19:30:30,958 alphafold2_ptm_model_2_seed_043 recycle=2 pLDDT=88.3 pTM=0.741 tol=0.583
2026-07-22 19:30:31,432 alphafold2_ptm_model_2_seed_043 recycle=3 pLDDT=88.6 pTM=0.74 tol=0.0963
2026-07-22 19:30:31,432 alphafold2_ptm_model_2_seed_043 took 1.9s (3 recycles)
2026-07-22 19:30:31,947 alphafold2_ptm_model_3_seed_043 recycle=0 pLDDT=71.9 pTM=0.574
2026-07-22 19:30:32,431 alphafold2_ptm_model_3_seed_043 recycle=1 pLDDT=84.3 pTM=0.703 tol=1.11
2026-07-22 19:30:32,903 alphafold2_ptm_model_3_seed_043 recycle=2 pLDDT=88.5 pTM=0.738 tol=0.69
2026-07-22 19:30:33,382 alphafold2_ptm_model_3_seed_043 recycle=3 pLDDT=88.9 pTM=0.737 tol=0.0695
2026-07-22 19:30:33,383 alphafold2_ptm_model_3_seed_043 took 1.9s (3 recycles)
2026-07-22 19:30:33,877 alphafold2_ptm_model_4_seed_043 recycle=0 pLDDT=71.2 pTM=0.584
2026-07-22 19:30:34,360 alphafold2_ptm_model_4_seed_043 recycle=1 pLDDT=72.4 pTM=0.632 tol=3.85
2026-07-22 19:30:34,836 alphafold2_ptm_model_4_seed_043 recycle=2 pLDDT=80.4 pTM=0.685 tol=1.27
2026-07-22 19:30:35,312 alphafold2_ptm_model_4_seed_043 recycle=3 pLDDT=85 pTM=0.713 tol=0.443
2026-07-22 19:30:35,312 alphafold2_ptm_model_4_seed_043 took 1.9s (3 recycles)
2026-07-22 19:30:35,809 alphafold2_ptm_model_5_seed_043 recycle=0 pLDDT=61.6 pTM=0.523
2026-07-22 19:30:36,200 alphafold2_ptm_model_5_seed_043 recycle=1 pLDDT=81.7 pTM=0.672 tol=2.62
2026-07-22 19:30:36,573 alphafold2_ptm_model_5_seed_043 recycle=2 pLDDT=86.6 pTM=0.697 tol=0.779
2026-07-22 19:30:37,162 alphafold2_ptm_model_5_seed_043 recycle=3 pLDDT=86.8 pTM=0.691 tol=0.114
2026-07-22 19:30:37,162 alphafold2_ptm_model_5_seed_043 took 1.8s (3 recycles)
2026-07-22 19:30:38,380 alphafold2_ptm_model_1_seed_044 recycle=0 pLDDT=64.6 pTM=0.534
2026-07-22 19:30:38,856 alphafold2_ptm_model_1_seed_044 recycle=1 pLDDT=85.9 pTM=0.704 tol=2.12
2026-07-22 19:30:39,319 alphafold2_ptm_model_1_seed_044 recycle=2 pLDDT=86.6 pTM=0.71 tol=0.294
2026-07-22 19:30:39,784 alphafold2_ptm_model_1_seed_044 recycle=3 pLDDT=88.1 pTM=0.73 tol=0.0854
2026-07-22 19:30:39,784 alphafold2_ptm_model_1_seed_044 took 1.9s (3 recycles)
2026-07-22 19:30:40,333 alphafold2_ptm_model_2_seed_044 recycle=0 pLDDT=64.2 pTM=0.534
2026-07-22 19:30:40,798 alphafold2_ptm_model_2_seed_044 recycle=1 pLDDT=82.6 pTM=0.699 tol=5.35
2026-07-22 19:30:41,262 alphafold2_ptm_model_2_seed_044 recycle=2 pLDDT=88.1 pTM=0.739 tol=0.577
2026-07-22 19:30:41,732 alphafold2_ptm_model_2_seed_044 recycle=3 pLDDT=88.7 pTM=0.742 tol=0.0834
2026-07-22 19:30:41,732 alphafold2_ptm_model_2_seed_044 took 1.9s (3 recycles)
2026-07-22 19:30:42,235 alphafold2_ptm_model_3_seed_044 recycle=0 pLDDT=73.4 pTM=0.593
2026-07-22 19:30:42,702 alphafold2_ptm_model_3_seed_044 recycle=1 pLDDT=85.2 pTM=0.716 tol=1.2
2026-07-22 19:30:43,167 alphafold2_ptm_model_3_seed_044 recycle=2 pLDDT=88.5 pTM=0.737 tol=0.343
2026-07-22 19:30:43,480 alphafold2_ptm_model_3_seed_044 recycle=3 pLDDT=89.1 pTM=0.741 tol=0.0687
2026-07-22 19:30:43,480 alphafold2_ptm_model_3_seed_044 took 1.7s (3 recycles)
2026-07-22 19:30:43,995 alphafold2_ptm_model_4_seed_044 recycle=0 pLDDT=71.5 pTM=0.59
2026-07-22 19:30:44,465 alphafold2_ptm_model_4_seed_044 recycle=1 pLDDT=71.3 pTM=0.624 tol=3.63
2026-07-22 19:30:44,930 alphafold2_ptm_model_4_seed_044 recycle=2 pLDDT=80.2 pTM=0.685 tol=1.43
2026-07-22 19:30:45,395 alphafold2_ptm_model_4_seed_044 recycle=3 pLDDT=85.1 pTM=0.715 tol=0.479
2026-07-22 19:30:45,395 alphafold2_ptm_model_4_seed_044 took 1.9s (3 recycles)
2026-07-22 19:30:45,880 alphafold2_ptm_model_5_seed_044 recycle=0 pLDDT=64.8 pTM=0.524
2026-07-22 19:30:46,347 alphafold2_ptm_model_5_seed_044 recycle=1 pLDDT=81.8 pTM=0.672 tol=1.62
2026-07-22 19:30:46,820 alphafold2_ptm_model_5_seed_044 recycle=2 pLDDT=86.7 pTM=0.696 tol=0.443
2026-07-22 19:30:47,293 alphafold2_ptm_model_5_seed_044 recycle=3 pLDDT=86.8 pTM=0.69 tol=0.0837
2026-07-22 19:30:47,294 alphafold2_ptm_model_5_seed_044 took 1.9s (3 recycles)
2026-07-22 19:30:47,335 reranking models by 'plddt' metric
2026-07-22 19:30:47,335 rank_001_alphafold2_ptm_model_3_seed_044 pLDDT=89.1 pTM=0.741
2026-07-22 19:30:47,336 rank_002_alphafold2_ptm_model_3_seed_043 pLDDT=88.9 pTM=0.737
2026-07-22 19:30:47,338 rank_003_alphafold2_ptm_model_1_seed_043 pLDDT=88.8 pTM=0.745
2026-07-22 19:30:47,339 rank_004_alphafold2_ptm_model_2_seed_044 pLDDT=88.7 pTM=0.742
2026-07-22 19:30:47,340 rank_005_alphafold2_ptm_model_2_seed_042 pLDDT=88.7 pTM=0.746
2026-07-22 19:30:47,342 rank_006_alphafold2_ptm_model_2_seed_043 pLDDT=88.6 pTM=0.74
2026-07-22 19:30:47,343 rank_007_alphafold2_ptm_model_1_seed_044 pLDDT=88.1 pTM=0.73
2026-07-22 19:30:47,344 rank_008_alphafold2_ptm_model_3_seed_042 pLDDT=87.6 pTM=0.726
2026-07-22 19:30:47,345 rank_009_alphafold2_ptm_model_1_seed_042 pLDDT=87.1 pTM=0.728
2026-07-22 19:30:47,347 rank_010_alphafold2_ptm_model_5_seed_044 pLDDT=86.8 pTM=0.69
2026-07-22 19:30:47,348 rank_011_alphafold2_ptm_model_5_seed_043 pLDDT=86.8 pTM=0.691
2026-07-22 19:30:47,349 rank_012_alphafold2_ptm_model_5_seed_042 pLDDT=86.5 pTM=0.693
2026-07-22 19:30:47,350 rank_013_alphafold2_ptm_model_4_seed_042 pLDDT=85.2 pTM=0.716
2026-07-22 19:30:47,352 rank_014_alphafold2_ptm_model_4_seed_044 pLDDT=85.1 pTM=0.715
2026-07-22 19:30:47,353 rank_015_alphafold2_ptm_model_4_seed_043 pLDDT=85 pTM=0.713
2026-07-22 19:30:49,617 Query 65/426: 5KPE_4_2_3_0_combined_id3 (length 108)
2026-07-22 19:30:51,657 alphafold2_ptm_model_1_seed_042 recycle=0 pLDDT=64.1 pTM=0.529
2026-07-22 19:30:52,141 alphafold2_ptm_model_1_seed_042 recycle=1 pLDDT=65.5 pTM=0.539 tol=1.74
2026-07-22 19:30:52,621 alphafold2_ptm_model_1_seed_042 recycle=2 pLDDT=68.1 pTM=0.555 tol=0.688
2026-07-22 19:30:53,087 alphafold2_ptm_model_1_seed_042 recycle=3 pLDDT=68.3 pTM=0.553 tol=0.332
2026-07-22 19:30:53,087 alphafold2_ptm_model_1_seed_042 took 1.9s (3 recycles)
2026-07-22 19:30:53,600 alphafold2_ptm_model_2_seed_042 recycle=0 pLDDT=76.4 pTM=0.619
2026-07-22 19:30:54,074 alphafold2_ptm_model_2_seed_042 recycle=1 pLDDT=75.3 pTM=0.599 tol=0.509
2026-07-22 19:30:54,551 alphafold2_ptm_model_2_seed_042 recycle=2 pLDDT=75.6 pTM=0.602 tol=0.306
2026-07-22 19:30:55,027 alphafold2_ptm_model_2_seed_042 recycle=3 pLDDT=75.4 pTM=0.599 tol=0.137
2026-07-22 19:30:55,027 alphafold2_ptm_model_2_seed_042 took 1.9s (3 recycles)
2026-07-22 19:30:55,522 alphafold2_ptm_model_3_seed_042 recycle=0 pLDDT=72.4 pTM=0.548
2026-07-22 19:30:56,008 alphafold2_ptm_model_3_seed_042 recycle=1 pLDDT=72.7 pTM=0.553 tol=0.435
2026-07-22 19:30:56,481 alphafold2_ptm_model_3_seed_042 recycle=2 pLDDT=74.5 pTM=0.578 tol=0.439
2026-07-22 19:30:56,957 alphafold2_ptm_model_3_seed_042 recycle=3 pLDDT=73.9 pTM=0.564 tol=0.236
2026-07-22 19:30:56,958 alphafold2_ptm_model_3_seed_042 took 1.9s (3 recycles)
2026-07-22 19:30:57,457 alphafold2_ptm_model_4_seed_042 recycle=0 pLDDT=79.7 pTM=0.64
2026-07-22 19:30:57,933 alphafold2_ptm_model_4_seed_042 recycle=1 pLDDT=79.1 pTM=0.639 tol=0.408
2026-07-22 19:30:58,396 alphafold2_ptm_model_4_seed_042 recycle=2 pLDDT=75.2 pTM=0.605 tol=0.611
2026-07-22 19:30:58,870 alphafold2_ptm_model_4_seed_042 recycle=3 pLDDT=74.9 pTM=0.602 tol=0.369
2026-07-22 19:30:58,870 alphafold2_ptm_model_4_seed_042 took 1.9s (3 recycles)
2026-07-22 19:30:59,377 alphafold2_ptm_model_5_seed_042 recycle=0 pLDDT=80.8 pTM=0.663
2026-07-22 19:30:59,857 alphafold2_ptm_model_5_seed_042 recycle=1 pLDDT=82.2 pTM=0.673 tol=0.398
2026-07-22 19:31:00,214 alphafold2_ptm_model_5_seed_042 recycle=2 pLDDT=82.8 pTM=0.677 tol=0.0762
2026-07-22 19:31:00,641 alphafold2_ptm_model_5_seed_042 recycle=3 pLDDT=83 pTM=0.673 tol=0.042
2026-07-22 19:31:00,641 alphafold2_ptm_model_5_seed_042 took 1.7s (3 recycles)
2026-07-22 19:31:02,081 alphafold2_ptm_model_1_seed_043 recycle=0 pLDDT=64.6 pTM=0.527
2026-07-22 19:31:02,384 alphafold2_ptm_model_1_seed_043 recycle=1 pLDDT=65 pTM=0.532 tol=4.4
2026-07-22 19:31:02,713 alphafold2_ptm_model_1_seed_043 recycle=2 pLDDT=65.3 pTM=0.544 tol=1.19
2026-07-22 19:31:03,016 alphafold2_ptm_model_1_seed_043 recycle=3 pLDDT=66.2 pTM=0.542 tol=1.91
2026-07-22 19:31:03,016 alphafold2_ptm_model_1_seed_043 took 1.3s (3 recycles)
2026-07-22 19:31:03,337 alphafold2_ptm_model_2_seed_043 recycle=0 pLDDT=73.1 pTM=0.589
2026-07-22 19:31:03,626 alphafold2_ptm_model_2_seed_043 recycle=1 pLDDT=74.2 pTM=0.591 tol=0.313
2026-07-22 19:31:03,929 alphafold2_ptm_model_2_seed_043 recycle=2 pLDDT=74.4 pTM=0.592 tol=0.255
2026-07-22 19:31:04,227 alphafold2_ptm_model_2_seed_043 recycle=3 pLDDT=74.4 pTM=0.59 tol=0.123
2026-07-22 19:31:04,228 alphafold2_ptm_model_2_seed_043 took 1.2s (3 recycles)
2026-07-22 19:31:04,637 alphafold2_ptm_model_3_seed_043 recycle=0 pLDDT=70.6 pTM=0.535
2026-07-22 19:31:04,954 alphafold2_ptm_model_3_seed_043 recycle=1 pLDDT=70.6 pTM=0.55 tol=1.22
2026-07-22 19:31:05,308 alphafold2_ptm_model_3_seed_043 recycle=2 pLDDT=75.9 pTM=0.592 tol=0.477
2026-07-22 19:31:05,660 alphafold2_ptm_model_3_seed_043 recycle=3 pLDDT=73.9 pTM=0.569 tol=0.328
2026-07-22 19:31:05,660 alphafold2_ptm_model_3_seed_043 took 1.4s (3 recycles)
2026-07-22 19:31:06,041 alphafold2_ptm_model_4_seed_043 recycle=0 pLDDT=79.2 pTM=0.634
2026-07-22 19:31:06,448 alphafold2_ptm_model_4_seed_043 recycle=1 pLDDT=78.9 pTM=0.638 tol=0.393
2026-07-22 19:31:06,867 alphafold2_ptm_model_4_seed_043 recycle=2 pLDDT=75.1 pTM=0.603 tol=0.523
2026-07-22 19:31:07,226 alphafold2_ptm_model_4_seed_043 recycle=3 pLDDT=73.7 pTM=0.594 tol=0.645
2026-07-22 19:31:07,227 alphafold2_ptm_model_4_seed_043 took 1.5s (3 recycles)
2026-07-22 19:31:07,581 alphafold2_ptm_model_5_seed_043 recycle=0 pLDDT=80.4 pTM=0.657
2026-07-22 19:31:07,840 alphafold2_ptm_model_5_seed_043 recycle=1 pLDDT=82.1 pTM=0.672 tol=0.369
2026-07-22 19:31:08,100 alphafold2_ptm_model_5_seed_043 recycle=2 pLDDT=82.8 pTM=0.676 tol=0.0735
2026-07-22 19:31:08,359 alphafold2_ptm_model_5_seed_043 recycle=3 pLDDT=82.9 pTM=0.673 tol=0.0489
2026-07-22 19:31:08,359 alphafold2_ptm_model_5_seed_043 took 1.1s (3 recycles)
2026-07-22 19:31:09,439 alphafold2_ptm_model_1_seed_044 recycle=0 pLDDT=62.4 pTM=0.514
2026-07-22 19:31:09,697 alphafold2_ptm_model_1_seed_044 recycle=1 pLDDT=63.8 pTM=0.532 tol=4.45
2026-07-22 19:31:09,954 alphafold2_ptm_model_1_seed_044 recycle=2 pLDDT=64.9 pTM=0.541 tol=1.37
2026-07-22 19:31:10,211 alphafold2_ptm_model_1_seed_044 recycle=3 pLDDT=65.6 pTM=0.542 tol=0.82
2026-07-22 19:31:10,211 alphafold2_ptm_model_1_seed_044 took 1.0s (3 recycles)
2026-07-22 19:31:10,508 alphafold2_ptm_model_2_seed_044 recycle=0 pLDDT=74.9 pTM=0.608
2026-07-22 19:31:10,766 alphafold2_ptm_model_2_seed_044 recycle=1 pLDDT=75.3 pTM=0.599 tol=0.343
2026-07-22 19:31:11,042 alphafold2_ptm_model_2_seed_044 recycle=2 pLDDT=75.6 pTM=0.602 tol=0.199
2026-07-22 19:31:11,296 alphafold2_ptm_model_2_seed_044 recycle=3 pLDDT=75.3 pTM=0.598 tol=0.157
2026-07-22 19:31:11,296 alphafold2_ptm_model_2_seed_044 took 1.0s (3 recycles)
2026-07-22 19:31:11,574 alphafold2_ptm_model_3_seed_044 recycle=0 pLDDT=71.8 pTM=0.539
2026-07-22 19:31:11,828 alphafold2_ptm_model_3_seed_044 recycle=1 pLDDT=72.1 pTM=0.549 tol=0.493
2026-07-22 19:31:12,207 alphafold2_ptm_model_3_seed_044 recycle=2 pLDDT=74.6 pTM=0.574 tol=0.435
2026-07-22 19:31:12,559 alphafold2_ptm_model_3_seed_044 recycle=3 pLDDT=73.9 pTM=0.562 tol=0.235
2026-07-22 19:31:12,559 alphafold2_ptm_model_3_seed_044 took 1.2s (3 recycles)
2026-07-22 19:31:13,062 alphafold2_ptm_model_4_seed_044 recycle=0 pLDDT=77.7 pTM=0.623
2026-07-22 19:31:13,514 alphafold2_ptm_model_4_seed_044 recycle=1 pLDDT=77.6 pTM=0.626 tol=0.455
2026-07-22 19:31:13,958 alphafold2_ptm_model_4_seed_044 recycle=2 pLDDT=72.9 pTM=0.588 tol=0.91
2026-07-22 19:31:14,412 alphafold2_ptm_model_4_seed_044 recycle=3 pLDDT=73.8 pTM=0.595 tol=0.53
2026-07-22 19:31:14,412 alphafold2_ptm_model_4_seed_044 took 1.8s (3 recycles)
2026-07-22 19:31:14,916 alphafold2_ptm_model_5_seed_044 recycle=0 pLDDT=80.6 pTM=0.66
2026-07-22 19:31:15,399 alphafold2_ptm_model_5_seed_044 recycle=1 pLDDT=82.2 pTM=0.674 tol=0.402
2026-07-22 19:31:15,886 alphafold2_ptm_model_5_seed_044 recycle=2 pLDDT=82.8 pTM=0.674 tol=0.0778
2026-07-22 19:31:16,374 alphafold2_ptm_model_5_seed_044 recycle=3 pLDDT=82.9 pTM=0.672 tol=0.0514
2026-07-22 19:31:16,374 alphafold2_ptm_model_5_seed_044 took 1.9s (3 recycles)
2026-07-22 19:31:16,400 reranking models by 'plddt' metric
2026-07-22 19:31:16,400 rank_001_alphafold2_ptm_model_5_seed_042 pLDDT=83 pTM=0.673
2026-07-22 19:31:16,402 rank_002_alphafold2_ptm_model_5_seed_044 pLDDT=82.9 pTM=0.672
2026-07-22 19:31:16,403 rank_003_alphafold2_ptm_model_5_seed_043 pLDDT=82.9 pTM=0.673
2026-07-22 19:31:16,404 rank_004_alphafold2_ptm_model_2_seed_042 pLDDT=75.4 pTM=0.599
2026-07-22 19:31:16,406 rank_005_alphafold2_ptm_model_2_seed_044 pLDDT=75.3 pTM=0.598
2026-07-22 19:31:16,407 rank_006_alphafold2_ptm_model_4_seed_042 pLDDT=74.9 pTM=0.602
2026-07-22 19:31:16,408 rank_007_alphafold2_ptm_model_2_seed_043 pLDDT=74.4 pTM=0.59
2026-07-22 19:31:16,410 rank_008_alphafold2_ptm_model_3_seed_044 pLDDT=73.9 pTM=0.562
2026-07-22 19:31:16,411 rank_009_alphafold2_ptm_model_3_seed_043 pLDDT=73.9 pTM=0.569
2026-07-22 19:31:16,412 rank_010_alphafold2_ptm_model_3_seed_042 pLDDT=73.9 pTM=0.564
2026-07-22 19:31:16,413 rank_011_alphafold2_ptm_model_4_seed_044 pLDDT=73.8 pTM=0.595
2026-07-22 19:31:16,414 rank_012_alphafold2_ptm_model_4_seed_043 pLDDT=73.7 pTM=0.594
2026-07-22 19:31:16,416 rank_013_alphafold2_ptm_model_1_seed_042 pLDDT=68.3 pTM=0.553
2026-07-22 19:31:16,417 rank_014_alphafold2_ptm_model_1_seed_043 pLDDT=66.2 pTM=0.542
2026-07-22 19:31:16,418 rank_015_alphafold2_ptm_model_1_seed_044 pLDDT=65.6 pTM=0.542
2026-07-22 19:31:19,790 Query 66/426: 5KPE_4_2_3_0_combined_id6 (length 108)
2026-07-22 19:31:22,213 alphafold2_ptm_model_1_seed_042 recycle=0 pLDDT=58.8 pTM=0.458
2026-07-22 19:31:22,675 alphafold2_ptm_model_1_seed_042 recycle=1 pLDDT=72.6 pTM=0.546 tol=1.7
2026-07-22 19:31:23,151 alphafold2_ptm_model_1_seed_042 recycle=2 pLDDT=81.2 pTM=0.604 tol=0.994
2026-07-22 19:31:23,623 alphafold2_ptm_model_1_seed_042 recycle=3 pLDDT=82.7 pTM=0.626 tol=0.267
2026-07-22 19:31:23,623 alphafold2_ptm_model_1_seed_042 took 1.9s (3 recycles)
2026-07-22 19:31:24,118 alphafold2_ptm_model_2_seed_042 recycle=0 pLDDT=63.9 pTM=0.542
2026-07-22 19:31:24,600 alphafold2_ptm_model_2_seed_042 recycle=1 pLDDT=64.5 pTM=0.543 tol=3.26
2026-07-22 19:31:25,076 alphafold2_ptm_model_2_seed_042 recycle=2 pLDDT=65 pTM=0.547 tol=0.993
2026-07-22 19:31:25,553 alphafold2_ptm_model_2_seed_042 recycle=3 pLDDT=66.1 pTM=0.536 tol=0.601
2026-07-22 19:31:25,554 alphafold2_ptm_model_2_seed_042 took 1.9s (3 recycles)
2026-07-22 19:31:26,057 alphafold2_ptm_model_3_seed_042 recycle=0 pLDDT=57.3 pTM=0.453
2026-07-22 19:31:26,530 alphafold2_ptm_model_3_seed_042 recycle=1 pLDDT=65.2 pTM=0.526 tol=2.93
2026-07-22 19:31:27,012 alphafold2_ptm_model_3_seed_042 recycle=2 pLDDT=69.1 pTM=0.55 tol=0.565
2026-07-22 19:31:27,488 alphafold2_ptm_model_3_seed_042 recycle=3 pLDDT=66.7 pTM=0.539 tol=0.47
2026-07-22 19:31:27,488 alphafold2_ptm_model_3_seed_042 took 1.9s (3 recycles)
2026-07-22 19:31:27,988 alphafold2_ptm_model_4_seed_042 recycle=0 pLDDT=58.6 pTM=0.466
2026-07-22 19:31:28,463 alphafold2_ptm_model_4_seed_042 recycle=1 pLDDT=64.8 pTM=0.514 tol=2.37
2026-07-22 19:31:28,941 alphafold2_ptm_model_4_seed_042 recycle=2 pLDDT=61.2 pTM=0.501 tol=3.33
2026-07-22 19:31:29,418 alphafold2_ptm_model_4_seed_042 recycle=3 pLDDT=60.6 pTM=0.489 tol=3.46
2026-07-22 19:31:29,418 alphafold2_ptm_model_4_seed_042 took 1.9s (3 recycles)
2026-07-22 19:31:29,919 alphafold2_ptm_model_5_seed_042 recycle=0 pLDDT=62.8 pTM=0.488
2026-07-22 19:31:30,394 alphafold2_ptm_model_5_seed_042 recycle=1 pLDDT=63.2 pTM=0.5 tol=1.56
2026-07-22 19:31:30,868 alphafold2_ptm_model_5_seed_042 recycle=2 pLDDT=63.8 pTM=0.506 tol=2.31
2026-07-22 19:31:31,346 alphafold2_ptm_model_5_seed_042 recycle=3 pLDDT=64.1 pTM=0.501 tol=0.224
2026-07-22 19:31:31,346 alphafold2_ptm_model_5_seed_042 took 1.9s (3 recycles)
2026-07-22 19:31:32,618 alphafold2_ptm_model_1_seed_043 recycle=0 pLDDT=60.5 pTM=0.483
2026-07-22 19:31:33,145 alphafold2_ptm_model_1_seed_043 recycle=1 pLDDT=71.1 pTM=0.543 tol=4.89
2026-07-22 19:31:33,618 alphafold2_ptm_model_1_seed_043 recycle=2 pLDDT=80.4 pTM=0.602 tol=1.39
2026-07-22 19:31:34,090 alphafold2_ptm_model_1_seed_043 recycle=3 pLDDT=82.5 pTM=0.623 tol=0.237
2026-07-22 19:31:34,090 alphafold2_ptm_model_1_seed_043 took 2.0s (3 recycles)
2026-07-22 19:31:34,589 alphafold2_ptm_model_2_seed_043 recycle=0 pLDDT=62.8 pTM=0.54
2026-07-22 19:31:35,061 alphafold2_ptm_model_2_seed_043 recycle=1 pLDDT=65.1 pTM=0.55 tol=3.8
2026-07-22 19:31:35,528 alphafold2_ptm_model_2_seed_043 recycle=2 pLDDT=65.4 pTM=0.547 tol=0.835
2026-07-22 19:31:36,008 alphafold2_ptm_model_2_seed_043 recycle=3 pLDDT=65.5 pTM=0.532 tol=0.646
2026-07-22 19:31:36,008 alphafold2_ptm_model_2_seed_043 took 1.9s (3 recycles)
2026-07-22 19:31:36,506 alphafold2_ptm_model_3_seed_043 recycle=0 pLDDT=60.8 pTM=0.457
2026-07-22 19:31:36,979 alphafold2_ptm_model_3_seed_043 recycle=1 pLDDT=61.9 pTM=0.485 tol=5.56
2026-07-22 19:31:37,446 alphafold2_ptm_model_3_seed_043 recycle=2 pLDDT=66 pTM=0.532 tol=5.99
2026-07-22 19:31:37,914 alphafold2_ptm_model_3_seed_043 recycle=3 pLDDT=66.4 pTM=0.526 tol=1.36
2026-07-22 19:31:37,914 alphafold2_ptm_model_3_seed_043 took 1.9s (3 recycles)
2026-07-22 19:31:38,428 alphafold2_ptm_model_4_seed_043 recycle=0 pLDDT=58.2 pTM=0.462
2026-07-22 19:31:38,899 alphafold2_ptm_model_4_seed_043 recycle=1 pLDDT=62.8 pTM=0.496 tol=2.39
2026-07-22 19:31:39,372 alphafold2_ptm_model_4_seed_043 recycle=2 pLDDT=61.8 pTM=0.502 tol=3.22
2026-07-22 19:31:39,844 alphafold2_ptm_model_4_seed_043 recycle=3 pLDDT=61.3 pTM=0.486 tol=5.44
2026-07-22 19:31:39,844 alphafold2_ptm_model_4_seed_043 took 1.9s (3 recycles)
2026-07-22 19:31:40,342 alphafold2_ptm_model_5_seed_043 recycle=0 pLDDT=60.2 pTM=0.471
2026-07-22 19:31:40,820 alphafold2_ptm_model_5_seed_043 recycle=1 pLDDT=59 pTM=0.483 tol=4.27
2026-07-22 19:31:41,294 alphafold2_ptm_model_5_seed_043 recycle=2 pLDDT=63.3 pTM=0.512 tol=3.38
2026-07-22 19:31:41,768 alphafold2_ptm_model_5_seed_043 recycle=3 pLDDT=65.3 pTM=0.505 tol=0.448
2026-07-22 19:31:41,768 alphafold2_ptm_model_5_seed_043 took 1.9s (3 recycles)
2026-07-22 19:31:43,017 alphafold2_ptm_model_1_seed_044 recycle=0 pLDDT=58.5 pTM=0.474
2026-07-22 19:31:43,498 alphafold2_ptm_model_1_seed_044 recycle=1 pLDDT=70.8 pTM=0.539 tol=3.48
2026-07-22 19:31:43,815 alphafold2_ptm_model_1_seed_044 recycle=2 pLDDT=82.1 pTM=0.617 tol=1.17
2026-07-22 19:31:44,285 alphafold2_ptm_model_1_seed_044 recycle=3 pLDDT=82.5 pTM=0.625 tol=0.146
2026-07-22 19:31:44,285 alphafold2_ptm_model_1_seed_044 took 1.7s (3 recycles)
2026-07-22 19:31:44,898 alphafold2_ptm_model_2_seed_044 recycle=0 pLDDT=62.6 pTM=0.536
2026-07-22 19:31:45,481 alphafold2_ptm_model_2_seed_044 recycle=1 pLDDT=65 pTM=0.549 tol=3.68
2026-07-22 19:31:45,954 alphafold2_ptm_model_2_seed_044 recycle=2 pLDDT=64.1 pTM=0.535 tol=1.17
2026-07-22 19:31:46,419 alphafold2_ptm_model_2_seed_044 recycle=3 pLDDT=64.2 pTM=0.524 tol=1.12
2026-07-22 19:31:46,420 alphafold2_ptm_model_2_seed_044 took 2.1s (3 recycles)
2026-07-22 19:31:46,910 alphafold2_ptm_model_3_seed_044 recycle=0 pLDDT=60 pTM=0.449
2026-07-22 19:31:47,388 alphafold2_ptm_model_3_seed_044 recycle=1 pLDDT=65.1 pTM=0.507 tol=4.7
2026-07-22 19:31:47,910 alphafold2_ptm_model_3_seed_044 recycle=2 pLDDT=64.7 pTM=0.508 tol=3.22
2026-07-22 19:31:48,423 alphafold2_ptm_model_3_seed_044 recycle=3 pLDDT=64.1 pTM=0.51 tol=0.363
2026-07-22 19:31:48,423 alphafold2_ptm_model_3_seed_044 took 2.0s (3 recycles)
2026-07-22 19:31:48,967 alphafold2_ptm_model_4_seed_044 recycle=0 pLDDT=60.9 pTM=0.478
2026-07-22 19:31:49,483 alphafold2_ptm_model_4_seed_044 recycle=1 pLDDT=62.6 pTM=0.504 tol=0.955
2026-07-22 19:31:50,007 alphafold2_ptm_model_4_seed_044 recycle=2 pLDDT=66.8 pTM=0.527 tol=5.43
2026-07-22 19:31:50,534 alphafold2_ptm_model_4_seed_044 recycle=3 pLDDT=76.6 pTM=0.585 tol=1.3
2026-07-22 19:31:50,534 alphafold2_ptm_model_4_seed_044 took 2.1s (3 recycles)
2026-07-22 19:31:51,091 alphafold2_ptm_model_5_seed_044 recycle=0 pLDDT=61.9 pTM=0.479
2026-07-22 19:31:51,614 alphafold2_ptm_model_5_seed_044 recycle=1 pLDDT=62.6 pTM=0.497 tol=1.8
2026-07-22 19:31:52,141 alphafold2_ptm_model_5_seed_044 recycle=2 pLDDT=64.2 pTM=0.51 tol=2.59
2026-07-22 19:31:52,667 alphafold2_ptm_model_5_seed_044 recycle=3 pLDDT=64.5 pTM=0.505 tol=0.231
2026-07-22 19:31:52,667 alphafold2_ptm_model_5_seed_044 took 2.1s (3 recycles)
2026-07-22 19:31:52,689 reranking models by 'plddt' metric
2026-07-22 19:31:52,689 rank_001_alphafold2_ptm_model_1_seed_042 pLDDT=82.7 pTM=0.626
2026-07-22 19:31:52,691 rank_002_alphafold2_ptm_model_1_seed_044 pLDDT=82.5 pTM=0.625
2026-07-22 19:31:52,692 rank_003_alphafold2_ptm_model_1_seed_043 pLDDT=82.5 pTM=0.623
2026-07-22 19:31:52,693 rank_004_alphafold2_ptm_model_4_seed_044 pLDDT=76.6 pTM=0.585
2026-07-22 19:31:52,694 rank_005_alphafold2_ptm_model_3_seed_042 pLDDT=66.7 pTM=0.539
2026-07-22 19:31:52,695 rank_006_alphafold2_ptm_model_3_seed_043 pLDDT=66.4 pTM=0.526
2026-07-22 19:31:52,697 rank_007_alphafold2_ptm_model_2_seed_042 pLDDT=66.1 pTM=0.536
2026-07-22 19:31:52,698 rank_008_alphafold2_ptm_model_2_seed_043 pLDDT=65.5 pTM=0.532
2026-07-22 19:31:52,699 rank_009_alphafold2_ptm_model_5_seed_043 pLDDT=65.3 pTM=0.505
2026-07-22 19:31:52,700 rank_010_alphafold2_ptm_model_5_seed_044 pLDDT=64.5 pTM=0.505
2026-07-22 19:31:52,701 rank_011_alphafold2_ptm_model_2_seed_044 pLDDT=64.2 pTM=0.524
2026-07-22 19:31:52,702 rank_012_alphafold2_ptm_model_5_seed_042 pLDDT=64.1 pTM=0.501
2026-07-22 19:31:52,703 rank_013_alphafold2_ptm_model_3_seed_044 pLDDT=64.1 pTM=0.51
2026-07-22 19:31:52,704 rank_014_alphafold2_ptm_model_4_seed_043 pLDDT=61.3 pTM=0.486
2026-07-22 19:31:52,705 rank_015_alphafold2_ptm_model_4_seed_042 pLDDT=60.6 pTM=0.489
2026-07-22 19:31:54,852 Query 67/426: 5KPE_4_2_3_0_combined_id1 (length 108)
2026-07-22 19:31:56,892 alphafold2_ptm_model_1_seed_042 recycle=0 pLDDT=71.1 pTM=0.55
2026-07-22 19:31:57,402 alphafold2_ptm_model_1_seed_042 recycle=1 pLDDT=67.2 pTM=0.545 tol=0.803
2026-07-22 19:31:57,867 alphafold2_ptm_model_1_seed_042 recycle=2 pLDDT=63.1 pTM=0.51 tol=4.78
2026-07-22 19:31:58,267 alphafold2_ptm_model_1_seed_042 recycle=3 pLDDT=63.9 pTM=0.51 tol=0.468
2026-07-22 19:31:58,267 alphafold2_ptm_model_1_seed_042 took 2.0s (3 recycles)
2026-07-22 19:31:58,724 alphafold2_ptm_model_2_seed_042 recycle=0 pLDDT=75.2 pTM=0.581
2026-07-22 19:31:59,200 alphafold2_ptm_model_2_seed_042 recycle=1 pLDDT=72.7 pTM=0.559 tol=0.614
2026-07-22 19:31:59,687 alphafold2_ptm_model_2_seed_042 recycle=2 pLDDT=71.9 pTM=0.553 tol=0.243
2026-07-22 19:32:00,710 alphafold2_ptm_model_2_seed_042 recycle=3 pLDDT=70.6 pTM=0.536 tol=0.151
2026-07-22 19:32:00,711 alphafold2_ptm_model_2_seed_042 took 2.4s (3 recycles)
2026-07-22 19:32:01,820 alphafold2_ptm_model_3_seed_042 recycle=0 pLDDT=71.2 pTM=0.502
2026-07-22 19:32:02,864 alphafold2_ptm_model_3_seed_042 recycle=1 pLDDT=73.3 pTM=0.518 tol=0.561
2026-07-22 19:32:03,537 alphafold2_ptm_model_3_seed_042 recycle=2 pLDDT=71.7 pTM=0.509 tol=0.171
2026-07-22 19:32:04,427 alphafold2_ptm_model_3_seed_042 recycle=3 pLDDT=72.4 pTM=0.498 tol=0.249
2026-07-22 19:32:04,427 alphafold2_ptm_model_3_seed_042 took 3.7s (3 recycles)
2026-07-22 19:32:05,358 alphafold2_ptm_model_4_seed_042 recycle=0 pLDDT=74.7 pTM=0.568
2026-07-22 19:32:06,258 alphafold2_ptm_model_4_seed_042 recycle=1 pLDDT=76.9 pTM=0.61 tol=0.49
2026-07-22 19:32:07,159 alphafold2_ptm_model_4_seed_042 recycle=2 pLDDT=77.2 pTM=0.604 tol=0.161
2026-07-22 19:32:08,063 alphafold2_ptm_model_4_seed_042 recycle=3 pLDDT=76.9 pTM=0.596 tol=0.0981
2026-07-22 19:32:08,064 alphafold2_ptm_model_4_seed_042 took 3.6s (3 recycles)
2026-07-22 19:32:09,020 alphafold2_ptm_model_5_seed_042 recycle=0 pLDDT=73.4 pTM=0.535
2026-07-22 19:32:09,909 alphafold2_ptm_model_5_seed_042 recycle=1 pLDDT=76.6 pTM=0.582 tol=1.05
2026-07-22 19:32:10,809 alphafold2_ptm_model_5_seed_042 recycle=2 pLDDT=77.3 pTM=0.588 tol=0.389
2026-07-22 19:32:11,711 alphafold2_ptm_model_5_seed_042 recycle=3 pLDDT=77.9 pTM=0.594 tol=0.085
2026-07-22 19:32:11,711 alphafold2_ptm_model_5_seed_042 took 3.6s (3 recycles)
2026-07-22 19:32:13,445 alphafold2_ptm_model_1_seed_043 recycle=0 pLDDT=71.4 pTM=0.547
2026-07-22 19:32:14,348 alphafold2_ptm_model_1_seed_043 recycle=1 pLDDT=69.1 pTM=0.554 tol=0.938
2026-07-22 19:32:15,245 alphafold2_ptm_model_1_seed_043 recycle=2 pLDDT=62.8 pTM=0.507 tol=4.96
2026-07-22 19:32:16,088 alphafold2_ptm_model_1_seed_043 recycle=3 pLDDT=65.3 pTM=0.516 tol=0.729
2026-07-22 19:32:16,088 alphafold2_ptm_model_1_seed_043 took 3.5s (3 recycles)
2026-07-22 19:32:17,049 alphafold2_ptm_model_2_seed_043 recycle=0 pLDDT=73 pTM=0.549
2026-07-22 19:32:18,051 alphafold2_ptm_model_2_seed_043 recycle=1 pLDDT=73.1 pTM=0.561 tol=0.759
2026-07-22 19:32:19,048 alphafold2_ptm_model_2_seed_043 recycle=2 pLDDT=72.3 pTM=0.553 tol=0.153
2026-07-22 19:32:19,957 alphafold2_ptm_model_2_seed_043 recycle=3 pLDDT=72.3 pTM=0.551 tol=0.153
2026-07-22 19:32:19,957 alphafold2_ptm_model_2_seed_043 took 3.8s (3 recycles)
2026-07-22 19:32:20,900 alphafold2_ptm_model_3_seed_043 recycle=0 pLDDT=70.9 pTM=0.501
2026-07-22 19:32:21,793 alphafold2_ptm_model_3_seed_043 recycle=1 pLDDT=73.9 pTM=0.522 tol=0.579
2026-07-22 19:32:22,699 alphafold2_ptm_model_3_seed_043 recycle=2 pLDDT=72.8 pTM=0.519 tol=0.189
2026-07-22 19:32:23,543 alphafold2_ptm_model_3_seed_043 recycle=3 pLDDT=74.2 pTM=0.515 tol=0.265
2026-07-22 19:32:23,544 alphafold2_ptm_model_3_seed_043 took 3.6s (3 recycles)
2026-07-22 19:32:24,205 alphafold2_ptm_model_4_seed_043 recycle=0 pLDDT=73.1 pTM=0.553
2026-07-22 19:32:25,313 alphafold2_ptm_model_4_seed_043 recycle=1 pLDDT=76.7 pTM=0.607 tol=0.483
2026-07-22 19:32:26,417 alphafold2_ptm_model_4_seed_043 recycle=2 pLDDT=77.2 pTM=0.603 tol=0.131
2026-07-22 19:32:27,447 alphafold2_ptm_model_4_seed_043 recycle=3 pLDDT=76.9 pTM=0.597 tol=0.063
2026-07-22 19:32:27,448 alphafold2_ptm_model_4_seed_043 took 3.9s (3 recycles)
2026-07-22 19:32:28,406 alphafold2_ptm_model_5_seed_043 recycle=0 pLDDT=72.8 pTM=0.527
2026-07-22 19:32:29,300 alphafold2_ptm_model_5_seed_043 recycle=1 pLDDT=77.5 pTM=0.592 tol=1.28
2026-07-22 19:32:30,202 alphafold2_ptm_model_5_seed_043 recycle=2 pLDDT=78.2 pTM=0.601 tol=0.304
2026-07-22 19:32:31,120 alphafold2_ptm_model_5_seed_043 recycle=3 pLDDT=79.1 pTM=0.61 tol=0.0742
2026-07-22 19:32:31,120 alphafold2_ptm_model_5_seed_043 took 3.6s (3 recycles)
2026-07-22 19:32:33,096 alphafold2_ptm_model_1_seed_044 recycle=0 pLDDT=70.8 pTM=0.554
2026-07-22 19:32:34,009 alphafold2_ptm_model_1_seed_044 recycle=1 pLDDT=69.3 pTM=0.564 tol=0.565
2026-07-22 19:32:34,911 alphafold2_ptm_model_1_seed_044 recycle=2 pLDDT=64.6 pTM=0.53 tol=5.25
2026-07-22 19:32:35,811 alphafold2_ptm_model_1_seed_044 recycle=3 pLDDT=65.8 pTM=0.53 tol=0.688
2026-07-22 19:32:35,811 alphafold2_ptm_model_1_seed_044 took 3.6s (3 recycles)
2026-07-22 19:32:36,752 alphafold2_ptm_model_2_seed_044 recycle=0 pLDDT=75.2 pTM=0.572
2026-07-22 19:32:37,658 alphafold2_ptm_model_2_seed_044 recycle=1 pLDDT=73.1 pTM=0.564 tol=0.878
2026-07-22 19:32:38,562 alphafold2_ptm_model_2_seed_044 recycle=2 pLDDT=72.9 pTM=0.561 tol=0.244
2026-07-22 19:32:39,443 alphafold2_ptm_model_2_seed_044 recycle=3 pLDDT=72.2 pTM=0.548 tol=0.131
2026-07-22 19:32:39,443 alphafold2_ptm_model_2_seed_044 took 3.6s (3 recycles)
2026-07-22 19:32:40,326 alphafold2_ptm_model_3_seed_044 recycle=0 pLDDT=71.2 pTM=0.504
2026-07-22 19:32:41,319 alphafold2_ptm_model_3_seed_044 recycle=1 pLDDT=74.1 pTM=0.526 tol=0.593
2026-07-22 19:32:42,320 alphafold2_ptm_model_3_seed_044 recycle=2 pLDDT=72.9 pTM=0.521 tol=0.188
2026-07-22 19:32:43,267 alphafold2_ptm_model_3_seed_044 recycle=3 pLDDT=74.6 pTM=0.518 tol=0.239
2026-07-22 19:32:43,267 alphafold2_ptm_model_3_seed_044 took 3.8s (3 recycles)
2026-07-22 19:32:44,203 alphafold2_ptm_model_4_seed_044 recycle=0 pLDDT=70 pTM=0.513
2026-07-22 19:32:45,112 alphafold2_ptm_model_4_seed_044 recycle=1 pLDDT=76.2 pTM=0.605 tol=0.685
2026-07-22 19:32:45,963 alphafold2_ptm_model_4_seed_044 recycle=2 pLDDT=77.9 pTM=0.611 tol=0.219
2026-07-22 19:32:46,701 alphafold2_ptm_model_4_seed_044 recycle=3 pLDDT=77.5 pTM=0.603 tol=0.0803
2026-07-22 19:32:46,702 alphafold2_ptm_model_4_seed_044 took 3.4s (3 recycles)
2026-07-22 19:32:47,487 alphafold2_ptm_model_5_seed_044 recycle=0 pLDDT=73.9 pTM=0.541
2026-07-22 19:32:48,134 alphafold2_ptm_model_5_seed_044 recycle=1 pLDDT=76.9 pTM=0.585 tol=1.2
2026-07-22 19:32:49,237 alphafold2_ptm_model_5_seed_044 recycle=2 pLDDT=77.9 pTM=0.599 tol=0.325
2026-07-22 19:32:50,330 alphafold2_ptm_model_5_seed_044 recycle=3 pLDDT=78.7 pTM=0.606 tol=0.0603
2026-07-22 19:32:50,330 alphafold2_ptm_model_5_seed_044 took 3.6s (3 recycles)
2026-07-22 19:32:50,352 reranking models by 'plddt' metric
2026-07-22 19:32:50,352 rank_001_alphafold2_ptm_model_5_seed_043 pLDDT=79.1 pTM=0.61
2026-07-22 19:32:50,353 rank_002_alphafold2_ptm_model_5_seed_044 pLDDT=78.7 pTM=0.606
2026-07-22 19:32:50,354 rank_003_alphafold2_ptm_model_5_seed_042 pLDDT=77.9 pTM=0.594
2026-07-22 19:32:50,356 rank_004_alphafold2_ptm_model_4_seed_044 pLDDT=77.5 pTM=0.603
2026-07-22 19:32:50,357 rank_005_alphafold2_ptm_model_4_seed_043 pLDDT=76.9 pTM=0.597
2026-07-22 19:32:50,358 rank_006_alphafold2_ptm_model_4_seed_042 pLDDT=76.9 pTM=0.596
2026-07-22 19:32:50,360 rank_007_alphafold2_ptm_model_3_seed_044 pLDDT=74.6 pTM=0.518
2026-07-22 19:32:50,361 rank_008_alphafold2_ptm_model_3_seed_043 pLDDT=74.2 pTM=0.515
2026-07-22 19:32:50,362 rank_009_alphafold2_ptm_model_3_seed_042 pLDDT=72.4 pTM=0.498
2026-07-22 19:32:50,363 rank_010_alphafold2_ptm_model_2_seed_043 pLDDT=72.3 pTM=0.551
2026-07-22 19:32:50,364 rank_011_alphafold2_ptm_model_2_seed_044 pLDDT=72.2 pTM=0.548
2026-07-22 19:32:50,365 rank_012_alphafold2_ptm_model_2_seed_042 pLDDT=70.6 pTM=0.536
2026-07-22 19:32:50,367 rank_013_alphafold2_ptm_model_1_seed_044 pLDDT=65.8 pTM=0.53
2026-07-22 19:32:50,368 rank_014_alphafold2_ptm_model_1_seed_043 pLDDT=65.3 pTM=0.516
2026-07-22 19:32:50,369 rank_015_alphafold2_ptm_model_1_seed_042 pLDDT=63.9 pTM=0.51
2026-07-22 19:32:53,022 Query 68/426: 5KPE_4_6_2_0_combined_id3 (length 108)
2026-07-22 19:32:55,690 alphafold2_ptm_model_1_seed_042 recycle=0 pLDDT=85 pTM=0.665
2026-07-22 19:32:56,594 alphafold2_ptm_model_1_seed_042 recycle=1 pLDDT=89.4 pTM=0.715 tol=0.475
2026-07-22 19:32:57,507 alphafold2_ptm_model_1_seed_042 recycle=2 pLDDT=89.2 pTM=0.721 tol=0.169
2026-07-22 19:32:58,420 alphafold2_ptm_model_1_seed_042 recycle=3 pLDDT=89.1 pTM=0.72 tol=0.0955
2026-07-22 19:32:58,420 alphafold2_ptm_model_1_seed_042 took 3.6s (3 recycles)
2026-07-22 19:32:59,329 alphafold2_ptm_model_2_seed_042 recycle=0 pLDDT=85.2 pTM=0.716
2026-07-22 19:33:00,227 alphafold2_ptm_model_2_seed_042 recycle=1 pLDDT=83 pTM=0.7 tol=0.257
2026-07-22 19:33:01,134 alphafold2_ptm_model_2_seed_042 recycle=2 pLDDT=83 pTM=0.708 tol=0.284
2026-07-22 19:33:01,991 alphafold2_ptm_model_2_seed_042 recycle=3 pLDDT=88.1 pTM=0.759 tol=1.51
2026-07-22 19:33:01,991 alphafold2_ptm_model_2_seed_042 took 3.5s (3 recycles)
2026-07-22 19:33:03,026 alphafold2_ptm_model_3_seed_042 recycle=0 pLDDT=83.2 pTM=0.652
2026-07-22 19:33:04,031 alphafold2_ptm_model_3_seed_042 recycle=1 pLDDT=85.8 pTM=0.69 tol=0.3
2026-07-22 19:33:05,025 alphafold2_ptm_model_3_seed_042 recycle=2 pLDDT=86.3 pTM=0.688 tol=0.169
2026-07-22 19:33:06,478 alphafold2_ptm_model_3_seed_042 recycle=3 pLDDT=86.8 pTM=0.698 tol=0.0598
2026-07-22 19:33:06,478 alphafold2_ptm_model_3_seed_042 took 4.4s (3 recycles)
2026-07-22 19:33:07,415 alphafold2_ptm_model_4_seed_042 recycle=0 pLDDT=82.7 pTM=0.682
2026-07-22 19:33:08,328 alphafold2_ptm_model_4_seed_042 recycle=1 pLDDT=84.8 pTM=0.692 tol=0.405
2026-07-22 19:33:09,231 alphafold2_ptm_model_4_seed_042 recycle=2 pLDDT=84.2 pTM=0.686 tol=0.143
2026-07-22 19:33:09,942 alphafold2_ptm_model_4_seed_042 recycle=3 pLDDT=84.5 pTM=0.69 tol=0.11
2026-07-22 19:33:09,943 alphafold2_ptm_model_4_seed_042 took 3.4s (3 recycles)
2026-07-22 19:33:10,865 alphafold2_ptm_model_5_seed_042 recycle=0 pLDDT=80.6 pTM=0.628
2026-07-22 19:33:11,968 alphafold2_ptm_model_5_seed_042 recycle=1 pLDDT=83.5 pTM=0.671 tol=0.597
2026-07-22 19:33:12,833 alphafold2_ptm_model_5_seed_042 recycle=2 pLDDT=84.9 pTM=0.68 tol=0.228
2026-07-22 19:33:13,261 alphafold2_ptm_model_5_seed_042 recycle=3 pLDDT=85.6 pTM=0.685 tol=0.0839
2026-07-22 19:33:13,261 alphafold2_ptm_model_5_seed_042 took 3.3s (3 recycles)
2026-07-22 19:33:14,577 alphafold2_ptm_model_1_seed_043 recycle=0 pLDDT=76.4 pTM=0.604
2026-07-22 19:33:14,839 alphafold2_ptm_model_1_seed_043 recycle=1 pLDDT=88.3 pTM=0.705 tol=0.75
2026-07-22 19:33:15,127 alphafold2_ptm_model_1_seed_043 recycle=2 pLDDT=89.1 pTM=0.717 tol=0.217
2026-07-22 19:33:40,326 alphafold2_ptm_model_1_seed_043 recycle=3 pLDDT=89 pTM=0.716 tol=0.168
2026-07-22 19:33:40,327 alphafold2_ptm_model_1_seed_043 took 26.0s (3 recycles)
2026-07-22 19:34:00,963 alphafold2_ptm_model_2_seed_043 recycle=0 pLDDT=85.6 pTM=0.721
2026-07-22 19:34:05,297 alphafold2_ptm_model_2_seed_043 recycle=1 pLDDT=82.4 pTM=0.696 tol=0.28
2026-07-22 19:34:06,160 alphafold2_ptm_model_2_seed_043 recycle=2 pLDDT=81.9 pTM=0.699 tol=0.321
2026-07-22 19:34:07,154 alphafold2_ptm_model_2_seed_043 recycle=3 pLDDT=88.1 pTM=0.756 tol=1.55
2026-07-22 19:34:07,155 alphafold2_ptm_model_2_seed_043 took 6.9s (3 recycles)
2026-07-22 19:34:08,125 alphafold2_ptm_model_3_seed_043 recycle=0 pLDDT=84 pTM=0.659
2026-07-22 19:34:08,512 alphafold2_ptm_model_3_seed_043 recycle=1 pLDDT=85.9 pTM=0.69 tol=0.415
2026-07-22 19:34:08,960 alphafold2_ptm_model_3_seed_043 recycle=2 pLDDT=86.6 pTM=0.692 tol=0.0802
2026-07-22 19:34:09,347 alphafold2_ptm_model_3_seed_043 recycle=3 pLDDT=86.8 pTM=0.696 tol=0.0909
2026-07-22 19:34:09,347 alphafold2_ptm_model_3_seed_043 took 2.0s (3 recycles)
2026-07-22 19:34:09,895 alphafold2_ptm_model_4_seed_043 recycle=0 pLDDT=81.7 pTM=0.672
2026-07-22 19:34:10,267 alphafold2_ptm_model_4_seed_043 recycle=1 pLDDT=84.8 pTM=0.691 tol=0.295
2026-07-22 19:34:10,733 alphafold2_ptm_model_4_seed_043 recycle=2 pLDDT=84.2 pTM=0.686 tol=0.155
2026-07-22 19:34:11,191 alphafold2_ptm_model_4_seed_043 recycle=3 pLDDT=84.7 pTM=0.69 tol=0.126
2026-07-22 19:34:11,192 alphafold2_ptm_model_4_seed_043 took 1.6s (3 recycles)
2026-07-22 19:34:11,592 alphafold2_ptm_model_5_seed_043 recycle=0 pLDDT=77.4 pTM=0.604
2026-07-22 19:34:12,203 alphafold2_ptm_model_5_seed_043 recycle=1 pLDDT=82.2 pTM=0.66 tol=0.792
2026-07-22 19:34:12,781 alphafold2_ptm_model_5_seed_043 recycle=2 pLDDT=84.4 pTM=0.697 tol=0.897
2026-07-22 19:34:13,344 alphafold2_ptm_model_5_seed_043 recycle=3 pLDDT=86.4 pTM=0.708 tol=0.435
2026-07-22 19:34:13,344 alphafold2_ptm_model_5_seed_043 took 2.1s (3 recycles)
2026-07-22 19:34:16,805 alphafold2_ptm_model_1_seed_044 recycle=0 pLDDT=83.1 pTM=0.653
2026-07-22 19:34:17,688 alphafold2_ptm_model_1_seed_044 recycle=1 pLDDT=89.2 pTM=0.716 tol=0.523
2026-07-22 19:34:18,561 alphafold2_ptm_model_1_seed_044 recycle=2 pLDDT=89.1 pTM=0.718 tol=0.182
2026-07-22 19:34:19,448 alphafold2_ptm_model_1_seed_044 recycle=3 pLDDT=88.9 pTM=0.716 tol=0.103
2026-07-22 19:34:19,448 alphafold2_ptm_model_1_seed_044 took 3.6s (3 recycles)
2026-07-22 19:34:20,402 alphafold2_ptm_model_2_seed_044 recycle=0 pLDDT=83.1 pTM=0.695
2026-07-22 19:34:21,302 alphafold2_ptm_model_2_seed_044 recycle=1 pLDDT=81.4 pTM=0.692 tol=0.223
2026-07-22 19:34:22,207 alphafold2_ptm_model_2_seed_044 recycle=2 pLDDT=86.9 pTM=0.739 tol=1.58
2026-07-22 19:34:23,096 alphafold2_ptm_model_2_seed_044 recycle=3 pLDDT=89.9 pTM=0.766 tol=0.43
2026-07-22 19:34:23,096 alphafold2_ptm_model_2_seed_044 took 3.6s (3 recycles)
2026-07-22 19:34:24,021 alphafold2_ptm_model_3_seed_044 recycle=0 pLDDT=82.4 pTM=0.644
2026-07-22 19:34:24,918 alphafold2_ptm_model_3_seed_044 recycle=1 pLDDT=85.6 pTM=0.69 tol=0.245
2026-07-22 19:34:25,829 alphafold2_ptm_model_3_seed_044 recycle=2 pLDDT=86.3 pTM=0.688 tol=0.166
2026-07-22 19:34:26,721 alphafold2_ptm_model_3_seed_044 recycle=3 pLDDT=86.7 pTM=0.697 tol=0.0562
2026-07-22 19:34:26,722 alphafold2_ptm_model_3_seed_044 took 3.6s (3 recycles)
2026-07-22 19:34:27,660 alphafold2_ptm_model_4_seed_044 recycle=0 pLDDT=81.2 pTM=0.665
2026-07-22 19:34:28,547 alphafold2_ptm_model_4_seed_044 recycle=1 pLDDT=84.5 pTM=0.692 tol=0.452
2026-07-22 19:34:29,455 alphafold2_ptm_model_4_seed_044 recycle=2 pLDDT=84.1 pTM=0.688 tol=0.095
2026-07-22 19:34:30,348 alphafold2_ptm_model_4_seed_044 recycle=3 pLDDT=84.5 pTM=0.69 tol=0.0822
2026-07-22 19:34:30,348 alphafold2_ptm_model_4_seed_044 took 3.6s (3 recycles)
2026-07-22 19:34:31,281 alphafold2_ptm_model_5_seed_044 recycle=0 pLDDT=74.7 pTM=0.58
2026-07-22 19:34:32,049 alphafold2_ptm_model_5_seed_044 recycle=1 pLDDT=85.8 pTM=0.709 tol=2.06
2026-07-22 19:34:33,041 alphafold2_ptm_model_5_seed_044 recycle=2 pLDDT=88.3 pTM=0.716 tol=0.508
2026-07-22 19:34:34,045 alphafold2_ptm_model_5_seed_044 recycle=3 pLDDT=88.8 pTM=0.716 tol=0.0587
2026-07-22 19:34:34,045 alphafold2_ptm_model_5_seed_044 took 3.7s (3 recycles)
2026-07-22 19:34:34,102 reranking models by 'plddt' metric
2026-07-22 19:34:34,102 rank_001_alphafold2_ptm_model_2_seed_044 pLDDT=89.9 pTM=0.766
2026-07-22 19:34:34,103 rank_002_alphafold2_ptm_model_1_seed_042 pLDDT=89.1 pTM=0.72
2026-07-22 19:34:34,105 rank_003_alphafold2_ptm_model_1_seed_043 pLDDT=89 pTM=0.716
2026-07-22 19:34:34,106 rank_004_alphafold2_ptm_model_1_seed_044 pLDDT=88.9 pTM=0.716
2026-07-22 19:34:34,107 rank_005_alphafold2_ptm_model_5_seed_044 pLDDT=88.8 pTM=0.716
2026-07-22 19:34:34,108 rank_006_alphafold2_ptm_model_2_seed_042 pLDDT=88.1 pTM=0.759
2026-07-22 19:34:34,110 rank_007_alphafold2_ptm_model_2_seed_043 pLDDT=88.1 pTM=0.756
2026-07-22 19:34:34,111 rank_008_alphafold2_ptm_model_3_seed_043 pLDDT=86.8 pTM=0.696
2026-07-22 19:34:34,112 rank_009_alphafold2_ptm_model_3_seed_042 pLDDT=86.8 pTM=0.698
2026-07-22 19:34:34,113 rank_010_alphafold2_ptm_model_3_seed_044 pLDDT=86.7 pTM=0.697
2026-07-22 19:34:34,114 rank_011_alphafold2_ptm_model_5_seed_043 pLDDT=86.4 pTM=0.708
2026-07-22 19:34:34,115 rank_012_alphafold2_ptm_model_5_seed_042 pLDDT=85.6 pTM=0.685
2026-07-22 19:34:34,117 rank_013_alphafold2_ptm_model_4_seed_043 pLDDT=84.7 pTM=0.69
2026-07-22 19:34:34,118 rank_014_alphafold2_ptm_model_4_seed_044 pLDDT=84.5 pTM=0.69
2026-07-22 19:34:34,119 rank_015_alphafold2_ptm_model_4_seed_042 pLDDT=84.5 pTM=0.69
2026-07-22 19:34:36,498 Skipping 5KPE_4_6_2_0_combined_id3 (already done)
2026-07-22 19:34:36,498 Query 70/426: 5KPE_4_6_2_0_combined_id5 (length 108)
2026-07-22 19:34:39,228 alphafold2_ptm_model_1_seed_042 recycle=0 pLDDT=85 pTM=0.679
2026-07-22 19:34:40,219 alphafold2_ptm_model_1_seed_042 recycle=1 pLDDT=88 pTM=0.716 tol=0.309
2026-07-22 19:34:41,178 alphafold2_ptm_model_1_seed_042 recycle=2 pLDDT=88.2 pTM=0.714 tol=0.0806
2026-07-22 19:34:42,073 alphafold2_ptm_model_1_seed_042 recycle=3 pLDDT=88.2 pTM=0.715 tol=0.0537
2026-07-22 19:34:42,073 alphafold2_ptm_model_1_seed_042 took 3.9s (3 recycles)
2026-07-22 19:34:43,004 alphafold2_ptm_model_2_seed_042 recycle=0 pLDDT=87.3 pTM=0.721
2026-07-22 19:34:43,901 alphafold2_ptm_model_2_seed_042 recycle=1 pLDDT=88.3 pTM=0.729 tol=0.217
2026-07-22 19:34:44,801 alphafold2_ptm_model_2_seed_042 recycle=2 pLDDT=88.2 pTM=0.725 tol=0.109
2026-07-22 19:34:45,704 alphafold2_ptm_model_2_seed_042 recycle=3 pLDDT=88.1 pTM=0.72 tol=0.075
2026-07-22 19:34:45,704 alphafold2_ptm_model_2_seed_042 took 3.6s (3 recycles)
2026-07-22 19:34:46,652 alphafold2_ptm_model_3_seed_042 recycle=0 pLDDT=84.7 pTM=0.646
2026-07-22 19:34:47,560 alphafold2_ptm_model_3_seed_042 recycle=1 pLDDT=87.9 pTM=0.694 tol=0.243
2026-07-22 19:34:48,462 alphafold2_ptm_model_3_seed_042 recycle=2 pLDDT=88.2 pTM=0.693 tol=0.0696
2026-07-22 19:34:49,356 alphafold2_ptm_model_3_seed_042 recycle=3 pLDDT=88.2 pTM=0.697 tol=0.0667
2026-07-22 19:34:49,357 alphafold2_ptm_model_3_seed_042 took 3.6s (3 recycles)
2026-07-22 19:34:50,279 alphafold2_ptm_model_4_seed_042 recycle=0 pLDDT=79 pTM=0.587
2026-07-22 19:34:51,196 alphafold2_ptm_model_4_seed_042 recycle=1 pLDDT=86 pTM=0.675 tol=0.508
2026-07-22 19:34:52,108 alphafold2_ptm_model_4_seed_042 recycle=2 pLDDT=86.8 pTM=0.685 tol=0.13
2026-07-22 19:34:53,023 alphafold2_ptm_model_4_seed_042 recycle=3 pLDDT=87 pTM=0.687 tol=0.0344
2026-07-22 19:34:53,023 alphafold2_ptm_model_4_seed_042 took 3.6s (3 recycles)
2026-07-22 19:34:53,890 alphafold2_ptm_model_5_seed_042 recycle=0 pLDDT=62.7 pTM=0.514
2026-07-22 19:34:54,740 alphafold2_ptm_model_5_seed_042 recycle=1 pLDDT=82.8 pTM=0.653 tol=5.21
2026-07-22 19:34:55,764 alphafold2_ptm_model_5_seed_042 recycle=2 pLDDT=88.1 pTM=0.693 tol=0.571
2026-07-22 19:34:56,820 alphafold2_ptm_model_5_seed_042 recycle=3 pLDDT=88.9 pTM=0.697 tol=0.104
2026-07-22 19:34:56,820 alphafold2_ptm_model_5_seed_042 took 3.8s (3 recycles)
2026-07-22 19:34:58,560 alphafold2_ptm_model_1_seed_043 recycle=0 pLDDT=85.5 pTM=0.685
2026-07-22 19:34:59,543 alphafold2_ptm_model_1_seed_043 recycle=1 pLDDT=88.1 pTM=0.717 tol=0.336
2026-07-22 19:35:00,401 alphafold2_ptm_model_1_seed_043 recycle=2 pLDDT=88.2 pTM=0.714 tol=0.0787
2026-07-22 19:35:01,488 alphafold2_ptm_model_1_seed_043 recycle=3 pLDDT=88.2 pTM=0.715 tol=0.0463
2026-07-22 19:35:01,488 alphafold2_ptm_model_1_seed_043 took 3.9s (3 recycles)
2026-07-22 19:35:02,496 alphafold2_ptm_model_2_seed_043 recycle=0 pLDDT=87.2 pTM=0.719
2026-07-22 19:35:03,648 alphafold2_ptm_model_2_seed_043 recycle=1 pLDDT=87.9 pTM=0.718 tol=0.226
2026-07-22 19:35:04,728 alphafold2_ptm_model_2_seed_043 recycle=2 pLDDT=88 pTM=0.718 tol=0.123
2026-07-22 19:35:05,760 alphafold2_ptm_model_2_seed_043 recycle=3 pLDDT=87.9 pTM=0.716 tol=0.0669
2026-07-22 19:35:05,761 alphafold2_ptm_model_2_seed_043 took 4.3s (3 recycles)
2026-07-22 19:35:06,778 alphafold2_ptm_model_3_seed_043 recycle=0 pLDDT=84.7 pTM=0.655
2026-07-22 19:35:07,765 alphafold2_ptm_model_3_seed_043 recycle=1 pLDDT=87.9 pTM=0.695 tol=0.258
2026-07-22 19:35:08,741 alphafold2_ptm_model_3_seed_043 recycle=2 pLDDT=88.2 pTM=0.693 tol=0.0721
2026-07-22 19:35:09,722 alphafold2_ptm_model_3_seed_043 recycle=3 pLDDT=88.1 pTM=0.694 tol=0.0692
2026-07-22 19:35:09,722 alphafold2_ptm_model_3_seed_043 took 3.9s (3 recycles)
2026-07-22 19:35:10,751 alphafold2_ptm_model_4_seed_043 recycle=0 pLDDT=79.7 pTM=0.612
2026-07-22 19:35:11,722 alphafold2_ptm_model_4_seed_043 recycle=1 pLDDT=84.8 pTM=0.664 tol=0.436
2026-07-22 19:35:12,710 alphafold2_ptm_model_4_seed_043 recycle=2 pLDDT=86.4 pTM=0.681 tol=0.123
2026-07-22 19:35:13,678 alphafold2_ptm_model_4_seed_043 recycle=3 pLDDT=86.7 pTM=0.683 tol=0.036
2026-07-22 19:35:13,679 alphafold2_ptm_model_4_seed_043 took 3.9s (3 recycles)
2026-07-22 19:35:14,672 alphafold2_ptm_model_5_seed_043 recycle=0 pLDDT=55.4 pTM=0.463
2026-07-22 19:35:15,655 alphafold2_ptm_model_5_seed_043 recycle=1 pLDDT=84.3 pTM=0.667 tol=3.41
2026-07-22 19:35:16,634 alphafold2_ptm_model_5_seed_043 recycle=2 pLDDT=88.1 pTM=0.69 tol=0.308
2026-07-22 19:35:17,622 alphafold2_ptm_model_5_seed_043 recycle=3 pLDDT=88.6 pTM=0.694 tol=0.0806
2026-07-22 19:35:17,622 alphafold2_ptm_model_5_seed_043 took 3.9s (3 recycles)
2026-07-22 19:35:19,495 alphafold2_ptm_model_1_seed_044 recycle=0 pLDDT=84.7 pTM=0.671
2026-07-22 19:35:20,552 alphafold2_ptm_model_1_seed_044 recycle=1 pLDDT=88 pTM=0.714 tol=0.32
2026-07-22 19:35:21,622 alphafold2_ptm_model_1_seed_044 recycle=2 pLDDT=88.1 pTM=0.713 tol=0.0843
2026-07-22 19:35:22,661 alphafold2_ptm_model_1_seed_044 recycle=3 pLDDT=88.2 pTM=0.712 tol=0.0403
2026-07-22 19:35:22,662 alphafold2_ptm_model_1_seed_044 took 4.0s (3 recycles)
2026-07-22 19:35:23,658 alphafold2_ptm_model_2_seed_044 recycle=0 pLDDT=87 pTM=0.715
2026-07-22 19:35:24,590 alphafold2_ptm_model_2_seed_044 recycle=1 pLDDT=88.1 pTM=0.723 tol=0.226
2026-07-22 19:35:25,208 alphafold2_ptm_model_2_seed_044 recycle=2 pLDDT=88.1 pTM=0.722 tol=0.117
2026-07-22 19:35:25,688 alphafold2_ptm_model_2_seed_044 recycle=3 pLDDT=88 pTM=0.719 tol=0.0444
2026-07-22 19:35:25,688 alphafold2_ptm_model_2_seed_044 took 3.0s (3 recycles)
2026-07-22 19:35:26,262 alphafold2_ptm_model_3_seed_044 recycle=0 pLDDT=84.6 pTM=0.648
2026-07-22 19:35:26,979 alphafold2_ptm_model_3_seed_044 recycle=1 pLDDT=87.9 pTM=0.697 tol=0.25
2026-07-22 19:35:28,460 alphafold2_ptm_model_3_seed_044 recycle=2 pLDDT=88.1 pTM=0.692 tol=0.0735
2026-07-22 19:35:30,078 alphafold2_ptm_model_3_seed_044 recycle=3 pLDDT=88.2 pTM=0.696 tol=0.0607
2026-07-22 19:35:30,078 alphafold2_ptm_model_3_seed_044 took 4.4s (3 recycles)
2026-07-22 19:35:32,442 alphafold2_ptm_model_4_seed_044 recycle=0 pLDDT=76.8 pTM=0.594
2026-07-22 19:35:34,370 alphafold2_ptm_model_4_seed_044 recycle=1 pLDDT=84.5 pTM=0.663 tol=0.821
2026-07-22 19:35:36,145 alphafold2_ptm_model_4_seed_044 recycle=2 pLDDT=86.3 pTM=0.679 tol=0.119
2026-07-22 19:35:37,837 alphafold2_ptm_model_4_seed_044 recycle=3 pLDDT=86.7 pTM=0.683 tol=0.0486
2026-07-22 19:35:37,837 alphafold2_ptm_model_4_seed_044 took 7.7s (3 recycles)
2026-07-22 19:35:39,601 alphafold2_ptm_model_5_seed_044 recycle=0 pLDDT=55.2 pTM=0.457
2026-07-22 19:35:41,341 alphafold2_ptm_model_5_seed_044 recycle=1 pLDDT=84.1 pTM=0.665 tol=3.57
2026-07-22 19:35:43,055 alphafold2_ptm_model_5_seed_044 recycle=2 pLDDT=88.1 pTM=0.69 tol=0.327
2026-07-22 19:35:44,781 alphafold2_ptm_model_5_seed_044 recycle=3 pLDDT=88.6 pTM=0.693 tol=0.0781
2026-07-22 19:35:44,781 alphafold2_ptm_model_5_seed_044 took 6.9s (3 recycles)
2026-07-22 19:35:44,805 reranking models by 'plddt' metric
2026-07-22 19:35:44,805 rank_001_alphafold2_ptm_model_5_seed_042 pLDDT=88.9 pTM=0.697
2026-07-22 19:35:44,807 rank_002_alphafold2_ptm_model_5_seed_044 pLDDT=88.6 pTM=0.693
2026-07-22 19:35:44,808 rank_003_alphafold2_ptm_model_5_seed_043 pLDDT=88.6 pTM=0.694
2026-07-22 19:35:44,809 rank_004_alphafold2_ptm_model_1_seed_043 pLDDT=88.2 pTM=0.715
2026-07-22 19:35:44,811 rank_005_alphafold2_ptm_model_3_seed_044 pLDDT=88.2 pTM=0.696
2026-07-22 19:35:44,812 rank_006_alphafold2_ptm_model_1_seed_044 pLDDT=88.2 pTM=0.712
2026-07-22 19:35:44,813 rank_007_alphafold2_ptm_model_3_seed_042 pLDDT=88.2 pTM=0.697
2026-07-22 19:35:44,815 rank_008_alphafold2_ptm_model_1_seed_042 pLDDT=88.2 pTM=0.715
2026-07-22 19:35:44,816 rank_009_alphafold2_ptm_model_3_seed_043 pLDDT=88.1 pTM=0.694
2026-07-22 19:35:44,817 rank_010_alphafold2_ptm_model_2_seed_042 pLDDT=88.1 pTM=0.72
2026-07-22 19:35:44,819 rank_011_alphafold2_ptm_model_2_seed_044 pLDDT=88 pTM=0.719
2026-07-22 19:35:44,820 rank_012_alphafold2_ptm_model_2_seed_043 pLDDT=87.9 pTM=0.716
2026-07-22 19:35:44,821 rank_013_alphafold2_ptm_model_4_seed_042 pLDDT=87 pTM=0.687
2026-07-22 19:35:44,822 rank_014_alphafold2_ptm_model_4_seed_044 pLDDT=86.7 pTM=0.683
2026-07-22 19:35:44,823 rank_015_alphafold2_ptm_model_4_seed_043 pLDDT=86.7 pTM=0.683
2026-07-22 19:35:46,927 Query 71/426: 5KPE_4_8_7_0_combined_id8 (length 108)
2026-07-22 19:35:50,078 alphafold2_ptm_model_1_seed_042 recycle=0 pLDDT=77.2 pTM=0.623
2026-07-22 19:35:51,802 alphafold2_ptm_model_1_seed_042 recycle=1 pLDDT=79.9 pTM=0.658 tol=0.42
2026-07-22 19:35:53,504 alphafold2_ptm_model_1_seed_042 recycle=2 pLDDT=82.8 pTM=0.683 tol=1.13
2026-07-22 19:35:55,248 alphafold2_ptm_model_1_seed_042 recycle=3 pLDDT=86 pTM=0.703 tol=0.366
2026-07-22 19:35:55,248 alphafold2_ptm_model_1_seed_042 took 6.9s (3 recycles)
2026-07-22 19:35:56,975 alphafold2_ptm_model_2_seed_042 recycle=0 pLDDT=80.6 pTM=0.68
2026-07-22 19:35:58,675 alphafold2_ptm_model_2_seed_042 recycle=1 pLDDT=78.5 pTM=0.668 tol=0.391
2026-07-22 19:36:00,295 alphafold2_ptm_model_2_seed_042 recycle=2 pLDDT=86.8 pTM=0.737 tol=1.27
2026-07-22 19:36:02,116 alphafold2_ptm_model_2_seed_042 recycle=3 pLDDT=87.8 pTM=0.741 tol=0.236
2026-07-22 19:36:02,116 alphafold2_ptm_model_2_seed_042 took 6.8s (3 recycles)
2026-07-22 19:36:04,066 alphafold2_ptm_model_3_seed_042 recycle=0 pLDDT=74.9 pTM=0.584
2026-07-22 19:36:05,849 alphafold2_ptm_model_3_seed_042 recycle=1 pLDDT=80.4 pTM=0.66 tol=0.563
2026-07-22 19:36:07,572 alphafold2_ptm_model_3_seed_042 recycle=2 pLDDT=84.5 pTM=0.698 tol=0.833
2026-07-22 19:36:09,279 alphafold2_ptm_model_3_seed_042 recycle=3 pLDDT=84.2 pTM=0.701 tol=0.155
2026-07-22 19:36:09,280 alphafold2_ptm_model_3_seed_042 took 7.0s (3 recycles)
2026-07-22 19:36:11,020 alphafold2_ptm_model_4_seed_042 recycle=0 pLDDT=78.9 pTM=0.644
2026-07-22 19:36:12,717 alphafold2_ptm_model_4_seed_042 recycle=1 pLDDT=80.6 pTM=0.66 tol=0.266
2026-07-22 19:36:14,230 alphafold2_ptm_model_4_seed_042 recycle=2 pLDDT=83.1 pTM=0.682 tol=1.24
2026-07-22 19:36:15,938 alphafold2_ptm_model_4_seed_042 recycle=3 pLDDT=86.3 pTM=0.712 tol=0.34
2026-07-22 19:36:15,939 alphafold2_ptm_model_4_seed_042 took 6.6s (3 recycles)
2026-07-22 19:36:18,096 alphafold2_ptm_model_5_seed_042 recycle=0 pLDDT=71.8 pTM=0.564
2026-07-22 19:36:20,297 alphafold2_ptm_model_5_seed_042 recycle=1 pLDDT=79.6 pTM=0.632 tol=0.589
2026-07-22 19:36:22,277 alphafold2_ptm_model_5_seed_042 recycle=2 pLDDT=80.1 pTM=0.634 tol=0.0972
2026-07-22 19:36:24,121 alphafold2_ptm_model_5_seed_042 recycle=3 pLDDT=80.6 pTM=0.637 tol=0.0574
2026-07-22 19:36:24,121 alphafold2_ptm_model_5_seed_042 took 8.1s (3 recycles)
2026-07-22 19:36:26,521 alphafold2_ptm_model_1_seed_043 recycle=0 pLDDT=77.6 pTM=0.622
2026-07-22 19:36:28,225 alphafold2_ptm_model_1_seed_043 recycle=1 pLDDT=80.8 pTM=0.667 tol=0.34
2026-07-22 19:36:29,960 alphafold2_ptm_model_1_seed_043 recycle=2 pLDDT=79.6 pTM=0.656 tol=0.221
2026-07-22 19:36:31,662 alphafold2_ptm_model_1_seed_043 recycle=3 pLDDT=79.6 pTM=0.656 tol=0.18
2026-07-22 19:36:31,662 alphafold2_ptm_model_1_seed_043 took 6.8s (3 recycles)
2026-07-22 19:36:33,379 alphafold2_ptm_model_2_seed_043 recycle=0 pLDDT=79.4 pTM=0.672
2026-07-22 19:36:35,104 alphafold2_ptm_model_2_seed_043 recycle=1 pLDDT=86.9 pTM=0.737 tol=1.26
2026-07-22 19:36:36,828 alphafold2_ptm_model_2_seed_043 recycle=2 pLDDT=88.5 pTM=0.749 tol=0.194
2026-07-22 19:36:38,528 alphafold2_ptm_model_2_seed_043 recycle=3 pLDDT=89 pTM=0.751 tol=0.0899
2026-07-22 19:36:38,528 alphafold2_ptm_model_2_seed_043 took 6.8s (3 recycles)
2026-07-22 19:36:40,291 alphafold2_ptm_model_3_seed_043 recycle=0 pLDDT=74.2 pTM=0.58
2026-07-22 19:36:41,986 alphafold2_ptm_model_3_seed_043 recycle=1 pLDDT=79.8 pTM=0.655 tol=0.457
2026-07-22 19:36:43,714 alphafold2_ptm_model_3_seed_043 recycle=2 pLDDT=82.4 pTM=0.68 tol=0.86
2026-07-22 19:36:45,426 alphafold2_ptm_model_3_seed_043 recycle=3 pLDDT=82.4 pTM=0.684 tol=0.157
2026-07-22 19:36:45,426 alphafold2_ptm_model_3_seed_043 took 6.9s (3 recycles)
2026-07-22 19:36:47,168 alphafold2_ptm_model_4_seed_043 recycle=0 pLDDT=75.8 pTM=0.661
2026-07-22 19:36:48,983 alphafold2_ptm_model_4_seed_043 recycle=1 pLDDT=80.6 pTM=0.668 tol=1.29
2026-07-22 19:36:50,782 alphafold2_ptm_model_4_seed_043 recycle=2 pLDDT=80.4 pTM=0.659 tol=0.226
2026-07-22 19:36:52,544 alphafold2_ptm_model_4_seed_043 recycle=3 pLDDT=82.9 pTM=0.682 tol=1.18
2026-07-22 19:36:52,544 alphafold2_ptm_model_4_seed_043 took 7.1s (3 recycles)
2026-07-22 19:36:54,285 alphafold2_ptm_model_5_seed_043 recycle=0 pLDDT=70.3 pTM=0.557
2026-07-22 19:36:55,988 alphafold2_ptm_model_5_seed_043 recycle=1 pLDDT=78.9 pTM=0.638 tol=0.963
2026-07-22 19:36:57,715 alphafold2_ptm_model_5_seed_043 recycle=2 pLDDT=84.9 pTM=0.678 tol=0.722
2026-07-22 19:36:59,418 alphafold2_ptm_model_5_seed_043 recycle=3 pLDDT=86.1 pTM=0.683 tol=0.13
2026-07-22 19:36:59,418 alphafold2_ptm_model_5_seed_043 took 6.9s (3 recycles)
2026-07-22 19:37:02,193 alphafold2_ptm_model_1_seed_044 recycle=0 pLDDT=76 pTM=0.617
2026-07-22 19:37:04,043 alphafold2_ptm_model_1_seed_044 recycle=1 pLDDT=81.9 pTM=0.68 tol=1.16
2026-07-22 19:37:06,111 alphafold2_ptm_model_1_seed_044 recycle=2 pLDDT=86.5 pTM=0.712 tol=0.505
2026-07-22 19:37:08,051 alphafold2_ptm_model_1_seed_044 recycle=3 pLDDT=87.2 pTM=0.715 tol=0.0881
2026-07-22 19:37:08,052 alphafold2_ptm_model_1_seed_044 took 7.8s (3 recycles)
2026-07-22 19:37:10,090 alphafold2_ptm_model_2_seed_044 recycle=0 pLDDT=79.4 pTM=0.675
2026-07-22 19:37:11,921 alphafold2_ptm_model_2_seed_044 recycle=1 pLDDT=81.9 pTM=0.696 tol=1.13
2026-07-22 19:37:13,650 alphafold2_ptm_model_2_seed_044 recycle=2 pLDDT=88.1 pTM=0.748 tol=0.567
2026-07-22 19:37:15,360 alphafold2_ptm_model_2_seed_044 recycle=3 pLDDT=88.4 pTM=0.746 tol=0.0839
2026-07-22 19:37:15,361 alphafold2_ptm_model_2_seed_044 took 7.3s (3 recycles)
2026-07-22 19:37:17,101 alphafold2_ptm_model_3_seed_044 recycle=0 pLDDT=74.9 pTM=0.586
2026-07-22 19:37:18,800 alphafold2_ptm_model_3_seed_044 recycle=1 pLDDT=79.9 pTM=0.656 tol=0.448
2026-07-22 19:37:20,516 alphafold2_ptm_model_3_seed_044 recycle=2 pLDDT=84.1 pTM=0.695 tol=0.793
2026-07-22 19:37:22,249 alphafold2_ptm_model_3_seed_044 recycle=3 pLDDT=83.6 pTM=0.696 tol=0.14
2026-07-22 19:37:22,249 alphafold2_ptm_model_3_seed_044 took 6.9s (3 recycles)
2026-07-22 19:37:23,999 alphafold2_ptm_model_4_seed_044 recycle=0 pLDDT=79.1 pTM=0.645
2026-07-22 19:37:25,722 alphafold2_ptm_model_4_seed_044 recycle=1 pLDDT=81.1 pTM=0.664 tol=0.25
2026-07-22 19:37:27,443 alphafold2_ptm_model_4_seed_044 recycle=2 pLDDT=81.8 pTM=0.672 tol=1.2
2026-07-22 19:37:29,153 alphafold2_ptm_model_4_seed_044 recycle=3 pLDDT=86.1 pTM=0.709 tol=0.417
2026-07-22 19:37:29,153 alphafold2_ptm_model_4_seed_044 took 6.9s (3 recycles)
2026-07-22 19:37:30,890 alphafold2_ptm_model_5_seed_044 recycle=0 pLDDT=69.8 pTM=0.559
2026-07-22 19:37:32,502 alphafold2_ptm_model_5_seed_044 recycle=1 pLDDT=83.8 pTM=0.677 tol=1.25
2026-07-22 19:37:34,322 alphafold2_ptm_model_5_seed_044 recycle=2 pLDDT=86.4 pTM=0.691 tol=0.381
2026-07-22 19:37:36,130 alphafold2_ptm_model_5_seed_044 recycle=3 pLDDT=86.9 pTM=0.693 tol=0.102
2026-07-22 19:37:36,130 alphafold2_ptm_model_5_seed_044 took 7.0s (3 recycles)
2026-07-22 19:37:36,152 reranking models by 'plddt' metric
2026-07-22 19:37:36,153 rank_001_alphafold2_ptm_model_2_seed_043 pLDDT=89 pTM=0.751
2026-07-22 19:37:36,154 rank_002_alphafold2_ptm_model_2_seed_044 pLDDT=88.4 pTM=0.746
2026-07-22 19:37:36,155 rank_003_alphafold2_ptm_model_2_seed_042 pLDDT=87.8 pTM=0.741
2026-07-22 19:37:36,157 rank_004_alphafold2_ptm_model_1_seed_044 pLDDT=87.2 pTM=0.715
2026-07-22 19:37:36,158 rank_005_alphafold2_ptm_model_5_seed_044 pLDDT=86.9 pTM=0.693
2026-07-22 19:37:36,159 rank_006_alphafold2_ptm_model_4_seed_042 pLDDT=86.3 pTM=0.712
2026-07-22 19:37:36,160 rank_007_alphafold2_ptm_model_4_seed_044 pLDDT=86.1 pTM=0.709
2026-07-22 19:37:36,161 rank_008_alphafold2_ptm_model_5_seed_043 pLDDT=86.1 pTM=0.683
2026-07-22 19:37:36,162 rank_009_alphafold2_ptm_model_1_seed_042 pLDDT=86 pTM=0.703
2026-07-22 19:37:36,163 rank_010_alphafold2_ptm_model_3_seed_042 pLDDT=84.2 pTM=0.701
2026-07-22 19:37:36,165 rank_011_alphafold2_ptm_model_3_seed_044 pLDDT=83.6 pTM=0.696
2026-07-22 19:37:36,166 rank_012_alphafold2_ptm_model_4_seed_043 pLDDT=82.9 pTM=0.682
2026-07-22 19:37:36,167 rank_013_alphafold2_ptm_model_3_seed_043 pLDDT=82.4 pTM=0.684
2026-07-22 19:37:36,168 rank_014_alphafold2_ptm_model_5_seed_042 pLDDT=80.6 pTM=0.637
2026-07-22 19:37:36,169 rank_015_alphafold2_ptm_model_1_seed_043 pLDDT=79.6 pTM=0.656
2026-07-22 19:37:38,290 Query 72/426: 5KPE_4_8_7_0_combined_id9 (length 108)
2026-07-22 19:37:41,410 alphafold2_ptm_model_1_seed_042 recycle=0 pLDDT=69.7 pTM=0.583
2026-07-22 19:37:43,125 alphafold2_ptm_model_1_seed_042 recycle=1 pLDDT=82.1 pTM=0.684 tol=1.3
2026-07-22 19:37:44,858 alphafold2_ptm_model_1_seed_042 recycle=2 pLDDT=84.2 pTM=0.699 tol=0.128
2026-07-22 19:37:46,301 alphafold2_ptm_model_1_seed_042 recycle=3 pLDDT=84.7 pTM=0.703 tol=0.0464
2026-07-22 19:37:46,302 alphafold2_ptm_model_1_seed_042 took 6.6s (3 recycles)
2026-07-22 19:37:48,341 alphafold2_ptm_model_2_seed_042 recycle=0 pLDDT=82.2 pTM=0.701
2026-07-22 19:37:50,341 alphafold2_ptm_model_2_seed_042 recycle=1 pLDDT=82.8 pTM=0.706 tol=0.838
2026-07-22 19:37:52,158 alphafold2_ptm_model_2_seed_042 recycle=2 pLDDT=83.9 pTM=0.714 tol=0.118
2026-07-22 19:37:53,977 alphafold2_ptm_model_2_seed_042 recycle=3 pLDDT=84.6 pTM=0.722 tol=0.0754
2026-07-22 19:37:53,977 alphafold2_ptm_model_2_seed_042 took 7.6s (3 recycles)
2026-07-22 19:37:55,913 alphafold2_ptm_model_3_seed_042 recycle=0 pLDDT=67 pTM=0.519
2026-07-22 19:37:57,918 alphafold2_ptm_model_3_seed_042 recycle=1 pLDDT=85.5 pTM=0.68 tol=3.42
2026-07-22 19:37:59,732 alphafold2_ptm_model_3_seed_042 recycle=2 pLDDT=86.3 pTM=0.702 tol=0.13
2026-07-22 19:38:01,497 alphafold2_ptm_model_3_seed_042 recycle=3 pLDDT=87.5 pTM=0.71 tol=0.0745
2026-07-22 19:38:01,497 alphafold2_ptm_model_3_seed_042 took 7.5s (3 recycles)
2026-07-22 19:38:03,220 alphafold2_ptm_model_4_seed_042 recycle=0 pLDDT=69.6 pTM=0.585
2026-07-22 19:38:04,924 alphafold2_ptm_model_4_seed_042 recycle=1 pLDDT=84.9 pTM=0.704 tol=1.08
2026-07-22 19:38:06,636 alphafold2_ptm_model_4_seed_042 recycle=2 pLDDT=85.9 pTM=0.709 tol=0.109
2026-07-22 19:38:08,360 alphafold2_ptm_model_4_seed_042 recycle=3 pLDDT=86.5 pTM=0.713 tol=0.0555
2026-07-22 19:38:08,361 alphafold2_ptm_model_4_seed_042 took 6.8s (3 recycles)
2026-07-22 19:38:10,104 alphafold2_ptm_model_5_seed_042 recycle=0 pLDDT=68.7 pTM=0.468
2026-07-22 19:38:11,817 alphafold2_ptm_model_5_seed_042 recycle=1 pLDDT=61.1 pTM=0.45 tol=2.41
2026-07-22 19:38:13,523 alphafold2_ptm_model_5_seed_042 recycle=2 pLDDT=60.6 pTM=0.446 tol=2.5
2026-07-22 19:38:15,237 alphafold2_ptm_model_5_seed_042 recycle=3 pLDDT=60.1 pTM=0.453 tol=2.49
2026-07-22 19:38:15,237 alphafold2_ptm_model_5_seed_042 took 6.8s (3 recycles)
2026-07-22 19:38:17,630 alphafold2_ptm_model_1_seed_043 recycle=0 pLDDT=66.1 pTM=0.56
2026-07-22 19:38:19,325 alphafold2_ptm_model_1_seed_043 recycle=1 pLDDT=79.1 pTM=0.655 tol=1.94
2026-07-22 19:38:21,127 alphafold2_ptm_model_1_seed_043 recycle=2 pLDDT=83.2 pTM=0.689 tol=0.502
2026-07-22 19:38:22,943 alphafold2_ptm_model_1_seed_043 recycle=3 pLDDT=84.3 pTM=0.699 tol=0.0711
2026-07-22 19:38:22,943 alphafold2_ptm_model_1_seed_043 took 7.0s (3 recycles)
2026-07-22 19:38:24,722 alphafold2_ptm_model_2_seed_043 recycle=0 pLDDT=81.4 pTM=0.683
2026-07-22 19:38:26,435 alphafold2_ptm_model_2_seed_043 recycle=1 pLDDT=81.8 pTM=0.699 tol=0.949
2026-07-22 19:38:28,160 alphafold2_ptm_model_2_seed_043 recycle=2 pLDDT=84.4 pTM=0.719 tol=0.228
2026-07-22 19:38:29,882 alphafold2_ptm_model_2_seed_043 recycle=3 pLDDT=84.5 pTM=0.722 tol=0.088
2026-07-22 19:38:29,882 alphafold2_ptm_model_2_seed_043 took 6.9s (3 recycles)
2026-07-22 19:38:31,612 alphafold2_ptm_model_3_seed_043 recycle=0 pLDDT=68.9 pTM=0.541
2026-07-22 19:38:33,094 alphafold2_ptm_model_3_seed_043 recycle=1 pLDDT=85.8 pTM=0.69 tol=3.14
2026-07-22 19:38:35,058 alphafold2_ptm_model_3_seed_043 recycle=2 pLDDT=86.8 pTM=0.708 tol=0.136
2026-07-22 19:38:37,069 alphafold2_ptm_model_3_seed_043 recycle=3 pLDDT=87.8 pTM=0.716 tol=0.0619
2026-07-22 19:38:37,070 alphafold2_ptm_model_3_seed_043 took 7.2s (3 recycles)
2026-07-22 19:38:39,018 alphafold2_ptm_model_4_seed_043 recycle=0 pLDDT=71.4 pTM=0.607
2026-07-22 19:38:40,575 alphafold2_ptm_model_4_seed_043 recycle=1 pLDDT=84.3 pTM=0.697 tol=1.08
2026-07-22 19:38:42,368 alphafold2_ptm_model_4_seed_043 recycle=2 pLDDT=85.8 pTM=0.707 tol=0.141
2026-07-22 19:38:44,266 alphafold2_ptm_model_4_seed_043 recycle=3 pLDDT=86.4 pTM=0.712 tol=0.0544
2026-07-22 19:38:44,267 alphafold2_ptm_model_4_seed_043 took 7.2s (3 recycles)
2026-07-22 19:38:46,318 alphafold2_ptm_model_5_seed_043 recycle=0 pLDDT=66.8 pTM=0.48
2026-07-22 19:38:48,175 alphafold2_ptm_model_5_seed_043 recycle=1 pLDDT=63.1 pTM=0.459 tol=1.03
2026-07-22 19:38:49,930 alphafold2_ptm_model_5_seed_043 recycle=2 pLDDT=59.6 pTM=0.444 tol=3.27
2026-07-22 19:38:51,640 alphafold2_ptm_model_5_seed_043 recycle=3 pLDDT=60.1 pTM=0.461 tol=2.44
2026-07-22 19:38:51,641 alphafold2_ptm_model_5_seed_043 took 7.4s (3 recycles)
2026-07-22 19:38:54,351 alphafold2_ptm_model_1_seed_044 recycle=0 pLDDT=63.6 pTM=0.535
2026-07-22 19:38:56,073 alphafold2_ptm_model_1_seed_044 recycle=1 pLDDT=79.2 pTM=0.655 tol=2.77
2026-07-22 19:38:57,793 alphafold2_ptm_model_1_seed_044 recycle=2 pLDDT=83.4 pTM=0.694 tol=0.221
2026-07-22 19:38:59,492 alphafold2_ptm_model_1_seed_044 recycle=3 pLDDT=84.2 pTM=0.699 tol=0.0728
2026-07-22 19:38:59,493 alphafold2_ptm_model_1_seed_044 took 6.9s (3 recycles)
2026-07-22 19:39:01,241 alphafold2_ptm_model_2_seed_044 recycle=0 pLDDT=80.9 pTM=0.685
2026-07-22 19:39:02,981 alphafold2_ptm_model_2_seed_044 recycle=1 pLDDT=82.7 pTM=0.708 tol=0.951
2026-07-22 19:39:04,586 alphafold2_ptm_model_2_seed_044 recycle=2 pLDDT=84.1 pTM=0.717 tol=0.151
2026-07-22 19:39:06,414 alphafold2_ptm_model_2_seed_044 recycle=3 pLDDT=84.8 pTM=0.724 tol=0.078
2026-07-22 19:39:06,414 alphafold2_ptm_model_2_seed_044 took 6.9s (3 recycles)
2026-07-22 19:39:08,235 alphafold2_ptm_model_3_seed_044 recycle=0 pLDDT=69 pTM=0.532
2026-07-22 19:39:10,011 alphafold2_ptm_model_3_seed_044 recycle=1 pLDDT=85.3 pTM=0.68 tol=2.47
2026-07-22 19:39:11,748 alphafold2_ptm_model_3_seed_044 recycle=2 pLDDT=86.4 pTM=0.706 tol=0.121
2026-07-22 19:39:13,475 alphafold2_ptm_model_3_seed_044 recycle=3 pLDDT=87.6 pTM=0.715 tol=0.0667
2026-07-22 19:39:13,475 alphafold2_ptm_model_3_seed_044 took 7.0s (3 recycles)
2026-07-22 19:39:15,263 alphafold2_ptm_model_4_seed_044 recycle=0 pLDDT=66.2 pTM=0.561
2026-07-22 19:39:16,967 alphafold2_ptm_model_4_seed_044 recycle=1 pLDDT=84.8 pTM=0.704 tol=1.4
2026-07-22 19:39:18,550 alphafold2_ptm_model_4_seed_044 recycle=2 pLDDT=85.9 pTM=0.711 tol=0.121
2026-07-22 19:39:20,244 alphafold2_ptm_model_4_seed_044 recycle=3 pLDDT=86.6 pTM=0.714 tol=0.0511
2026-07-22 19:39:20,244 alphafold2_ptm_model_4_seed_044 took 6.7s (3 recycles)
2026-07-22 19:39:22,287 alphafold2_ptm_model_5_seed_044 recycle=0 pLDDT=67.2 pTM=0.474
2026-07-22 19:39:24,306 alphafold2_ptm_model_5_seed_044 recycle=1 pLDDT=62.5 pTM=0.458 tol=2.16
2026-07-22 19:39:26,113 alphafold2_ptm_model_5_seed_044 recycle=2 pLDDT=61.3 pTM=0.455 tol=2.62
2026-07-22 19:39:27,815 alphafold2_ptm_model_5_seed_044 recycle=3 pLDDT=61.5 pTM=0.469 tol=1.2
2026-07-22 19:39:27,815 alphafold2_ptm_model_5_seed_044 took 7.5s (3 recycles)
2026-07-22 19:39:27,837 reranking models by 'plddt' metric
2026-07-22 19:39:27,837 rank_001_alphafold2_ptm_model_3_seed_043 pLDDT=87.8 pTM=0.716
2026-07-22 19:39:27,839 rank_002_alphafold2_ptm_model_3_seed_044 pLDDT=87.6 pTM=0.715
2026-07-22 19:39:27,840 rank_003_alphafold2_ptm_model_3_seed_042 pLDDT=87.5 pTM=0.71
2026-07-22 19:39:27,841 rank_004_alphafold2_ptm_model_4_seed_044 pLDDT=86.6 pTM=0.714
2026-07-22 19:39:27,843 rank_005_alphafold2_ptm_model_4_seed_042 pLDDT=86.5 pTM=0.713
2026-07-22 19:39:27,844 rank_006_alphafold2_ptm_model_4_seed_043 pLDDT=86.4 pTM=0.712
2026-07-22 19:39:27,845 rank_007_alphafold2_ptm_model_2_seed_044 pLDDT=84.8 pTM=0.724
2026-07-22 19:39:27,846 rank_008_alphafold2_ptm_model_1_seed_042 pLDDT=84.7 pTM=0.703
2026-07-22 19:39:27,847 rank_009_alphafold2_ptm_model_2_seed_042 pLDDT=84.6 pTM=0.722
2026-07-22 19:39:27,849 rank_010_alphafold2_ptm_model_2_seed_043 pLDDT=84.5 pTM=0.722
2026-07-22 19:39:27,850 rank_011_alphafold2_ptm_model_1_seed_043 pLDDT=84.3 pTM=0.699
2026-07-22 19:39:27,851 rank_012_alphafold2_ptm_model_1_seed_044 pLDDT=84.2 pTM=0.699
2026-07-22 19:39:27,852 rank_013_alphafold2_ptm_model_5_seed_044 pLDDT=61.5 pTM=0.469
2026-07-22 19:39:27,853 rank_014_alphafold2_ptm_model_5_seed_043 pLDDT=60.1 pTM=0.461
2026-07-22 19:39:27,854 rank_015_alphafold2_ptm_model_5_seed_042 pLDDT=60.1 pTM=0.453
2026-07-22 19:39:29,940 Query 73/426: 5KPE_4_8_7_0_combined_id3 (length 108)
2026-07-22 19:39:33,425 alphafold2_ptm_model_1_seed_042 recycle=0 pLDDT=58.2 pTM=0.471
2026-07-22 19:39:35,334 alphafold2_ptm_model_1_seed_042 recycle=1 pLDDT=65.9 pTM=0.595 tol=3.33
2026-07-22 19:39:37,121 alphafold2_ptm_model_1_seed_042 recycle=2 pLDDT=67.9 pTM=0.601 tol=4.57
2026-07-22 19:39:38,831 alphafold2_ptm_model_1_seed_042 recycle=3 pLDDT=75.8 pTM=0.661 tol=4.71
2026-07-22 19:39:38,831 alphafold2_ptm_model_1_seed_042 took 7.5s (3 recycles)
2026-07-22 19:39:40,578 alphafold2_ptm_model_2_seed_042 recycle=0 pLDDT=58.3 pTM=0.489
2026-07-22 19:39:42,322 alphafold2_ptm_model_2_seed_042 recycle=1 pLDDT=70.4 pTM=0.599 tol=2.4
2026-07-22 19:39:44,067 alphafold2_ptm_model_2_seed_042 recycle=2 pLDDT=75.8 pTM=0.65 tol=1.1
2026-07-22 19:39:45,800 alphafold2_ptm_model_2_seed_042 recycle=3 pLDDT=81.9 pTM=0.701 tol=0.553
2026-07-22 19:39:45,800 alphafold2_ptm_model_2_seed_042 took 6.9s (3 recycles)
2026-07-22 19:39:47,562 alphafold2_ptm_model_3_seed_042 recycle=0 pLDDT=58.7 pTM=0.437
2026-07-22 19:39:49,302 alphafold2_ptm_model_3_seed_042 recycle=1 pLDDT=69.8 pTM=0.562 tol=3.98
2026-07-22 19:39:50,927 alphafold2_ptm_model_3_seed_042 recycle=2 pLDDT=77.6 pTM=0.644 tol=1.07
2026-07-22 19:39:52,740 alphafold2_ptm_model_3_seed_042 recycle=3 pLDDT=80.6 pTM=0.668 tol=0.235
2026-07-22 19:39:52,740 alphafold2_ptm_model_3_seed_042 took 6.9s (3 recycles)
2026-07-22 19:39:54,574 alphafold2_ptm_model_4_seed_042 recycle=0 pLDDT=59.5 pTM=0.478
2026-07-22 19:39:56,344 alphafold2_ptm_model_4_seed_042 recycle=1 pLDDT=60.3 pTM=0.526 tol=3.7
2026-07-22 19:39:58,071 alphafold2_ptm_model_4_seed_042 recycle=2 pLDDT=60.7 pTM=0.536 tol=1.03
2026-07-22 19:39:59,787 alphafold2_ptm_model_4_seed_042 recycle=3 pLDDT=74.6 pTM=0.646 tol=3.73
2026-07-22 19:39:59,787 alphafold2_ptm_model_4_seed_042 took 7.0s (3 recycles)
2026-07-22 19:40:01,548 alphafold2_ptm_model_5_seed_042 recycle=0 pLDDT=58.7 pTM=0.485
2026-07-22 19:40:03,254 alphafold2_ptm_model_5_seed_042 recycle=1 pLDDT=63.2 pTM=0.49 tol=1.47
2026-07-22 19:40:04,810 alphafold2_ptm_model_5_seed_042 recycle=2 pLDDT=64.6 pTM=0.488 tol=0.844
2026-07-22 19:40:06,617 alphafold2_ptm_model_5_seed_042 recycle=3 pLDDT=65.8 pTM=0.506 tol=0.735
2026-07-22 19:40:06,617 alphafold2_ptm_model_5_seed_042 took 6.8s (3 recycles)
2026-07-22 19:40:09,357 alphafold2_ptm_model_1_seed_043 recycle=0 pLDDT=58.1 pTM=0.473
2026-07-22 19:40:11,241 alphafold2_ptm_model_1_seed_043 recycle=1 pLDDT=64.8 pTM=0.584 tol=3.91
2026-07-22 19:40:12,969 alphafold2_ptm_model_1_seed_043 recycle=2 pLDDT=67.4 pTM=0.594 tol=4.45
2026-07-22 19:40:14,695 alphafold2_ptm_model_1_seed_043 recycle=3 pLDDT=66.8 pTM=0.594 tol=4.63
2026-07-22 19:40:14,695 alphafold2_ptm_model_1_seed_043 took 7.3s (3 recycles)
2026-07-22 19:40:16,423 alphafold2_ptm_model_2_seed_043 recycle=0 pLDDT=56.5 pTM=0.473
2026-07-22 19:40:17,999 alphafold2_ptm_model_2_seed_043 recycle=1 pLDDT=68.4 pTM=0.592 tol=3.15
2026-07-22 19:40:19,837 alphafold2_ptm_model_2_seed_043 recycle=2 pLDDT=77 pTM=0.662 tol=1.41
2026-07-22 19:40:21,844 alphafold2_ptm_model_2_seed_043 recycle=3 pLDDT=82.2 pTM=0.702 tol=0.522
2026-07-22 19:40:21,844 alphafold2_ptm_model_2_seed_043 took 7.1s (3 recycles)
2026-07-22 19:40:23,787 alphafold2_ptm_model_3_seed_043 recycle=0 pLDDT=59.7 pTM=0.448
2026-07-22 19:40:25,586 alphafold2_ptm_model_3_seed_043 recycle=1 pLDDT=69.6 pTM=0.557 tol=3.71
2026-07-22 19:40:27,303 alphafold2_ptm_model_3_seed_043 recycle=2 pLDDT=76.1 pTM=0.626 tol=0.945
2026-07-22 19:40:29,012 alphafold2_ptm_model_3_seed_043 recycle=3 pLDDT=78.1 pTM=0.64 tol=0.191
2026-07-22 19:40:29,013 alphafold2_ptm_model_3_seed_043 took 7.1s (3 recycles)
2026-07-22 19:40:30,764 alphafold2_ptm_model_4_seed_043 recycle=0 pLDDT=60.7 pTM=0.49
2026-07-22 19:40:32,480 alphafold2_ptm_model_4_seed_043 recycle=1 pLDDT=60.3 pTM=0.499 tol=2.14
2026-07-22 19:40:34,194 alphafold2_ptm_model_4_seed_043 recycle=2 pLDDT=74.6 pTM=0.646 tol=3.76
2026-07-22 19:40:35,878 alphafold2_ptm_model_4_seed_043 recycle=3 pLDDT=87.2 pTM=0.763 tol=1.17
2026-07-22 19:40:35,878 alphafold2_ptm_model_4_seed_043 took 6.8s (3 recycles)
2026-07-22 19:40:37,647 alphafold2_ptm_model_5_seed_043 recycle=0 pLDDT=56.9 pTM=0.478
2026-07-22 19:40:39,465 alphafold2_ptm_model_5_seed_043 recycle=1 pLDDT=60.2 pTM=0.491 tol=4.66
2026-07-22 19:40:41,278 alphafold2_ptm_model_5_seed_043 recycle=2 pLDDT=56.6 pTM=0.452 tol=3.7
2026-07-22 19:40:43,002 alphafold2_ptm_model_5_seed_043 recycle=3 pLDDT=56.9 pTM=0.441 tol=0.984
2026-07-22 19:40:43,003 alphafold2_ptm_model_5_seed_043 took 7.1s (3 recycles)
2026-07-22 19:40:45,509 alphafold2_ptm_model_1_seed_044 recycle=0 pLDDT=57.8 pTM=0.476
2026-07-22 19:40:47,253 alphafold2_ptm_model_1_seed_044 recycle=1 pLDDT=77.8 pTM=0.681 tol=2.62
2026-07-22 19:40:48,976 alphafold2_ptm_model_1_seed_044 recycle=2 pLDDT=81.8 pTM=0.702 tol=1.25
2026-07-22 19:40:50,539 alphafold2_ptm_model_1_seed_044 recycle=3 pLDDT=81.6 pTM=0.685 tol=0.208
2026-07-22 19:40:50,540 alphafold2_ptm_model_1_seed_044 took 6.7s (3 recycles)
2026-07-22 19:40:52,248 alphafold2_ptm_model_2_seed_044 recycle=0 pLDDT=60.7 pTM=0.492
2026-07-22 19:40:54,283 alphafold2_ptm_model_2_seed_044 recycle=1 pLDDT=67.5 pTM=0.57 tol=4.88
2026-07-22 19:40:56,271 alphafold2_ptm_model_2_seed_044 recycle=2 pLDDT=78.2 pTM=0.68 tol=1.72
2026-07-22 19:40:58,102 alphafold2_ptm_model_2_seed_044 recycle=3 pLDDT=82.4 pTM=0.701 tol=0.566
2026-07-22 19:40:58,102 alphafold2_ptm_model_2_seed_044 took 7.5s (3 recycles)
2026-07-22 19:40:59,829 alphafold2_ptm_model_3_seed_044 recycle=0 pLDDT=58.5 pTM=0.44
2026-07-22 19:41:01,537 alphafold2_ptm_model_3_seed_044 recycle=1 pLDDT=71 pTM=0.565 tol=3.72
2026-07-22 19:41:03,279 alphafold2_ptm_model_3_seed_044 recycle=2 pLDDT=76.2 pTM=0.627 tol=0.72
2026-07-22 19:41:04,988 alphafold2_ptm_model_3_seed_044 recycle=3 pLDDT=77.9 pTM=0.636 tol=0.193
2026-07-22 19:41:04,988 alphafold2_ptm_model_3_seed_044 took 6.9s (3 recycles)
2026-07-22 19:41:06,576 alphafold2_ptm_model_4_seed_044 recycle=0 pLDDT=59.7 pTM=0.481
2026-07-22 19:41:08,407 alphafold2_ptm_model_4_seed_044 recycle=1 pLDDT=61 pTM=0.507 tol=2.44
2026-07-22 19:41:10,459 alphafold2_ptm_model_4_seed_044 recycle=2 pLDDT=71.6 pTM=0.619 tol=3.83
2026-07-22 19:41:12,387 alphafold2_ptm_model_4_seed_044 recycle=3 pLDDT=85.9 pTM=0.752 tol=1.6
2026-07-22 19:41:12,387 alphafold2_ptm_model_4_seed_044 took 7.4s (3 recycles)
2026-07-22 19:41:14,195 alphafold2_ptm_model_5_seed_044 recycle=0 pLDDT=56.8 pTM=0.477
2026-07-22 19:41:15,894 alphafold2_ptm_model_5_seed_044 recycle=1 pLDDT=60.6 pTM=0.491 tol=4.36
2026-07-22 19:41:17,630 alphafold2_ptm_model_5_seed_044 recycle=2 pLDDT=58.6 pTM=0.486 tol=3.86
2026-07-22 19:41:19,351 alphafold2_ptm_model_5_seed_044 recycle=3 pLDDT=59.2 pTM=0.499 tol=1.3
2026-07-22 19:41:19,351 alphafold2_ptm_model_5_seed_044 took 6.9s (3 recycles)
2026-07-22 19:41:19,373 reranking models by 'plddt' metric
2026-07-22 19:41:19,374 rank_001_alphafold2_ptm_model_4_seed_043 pLDDT=87.2 pTM=0.763
2026-07-22 19:41:19,375 rank_002_alphafold2_ptm_model_4_seed_044 pLDDT=85.9 pTM=0.752
2026-07-22 19:41:19,376 rank_003_alphafold2_ptm_model_2_seed_044 pLDDT=82.4 pTM=0.701
2026-07-22 19:41:19,378 rank_004_alphafold2_ptm_model_2_seed_043 pLDDT=82.2 pTM=0.702
2026-07-22 19:41:19,379 rank_005_alphafold2_ptm_model_2_seed_042 pLDDT=81.9 pTM=0.701
2026-07-22 19:41:19,380 rank_006_alphafold2_ptm_model_1_seed_044 pLDDT=81.6 pTM=0.685
2026-07-22 19:41:19,381 rank_007_alphafold2_ptm_model_3_seed_042 pLDDT=80.6 pTM=0.668
2026-07-22 19:41:19,383 rank_008_alphafold2_ptm_model_3_seed_043 pLDDT=78.1 pTM=0.64
2026-07-22 19:41:19,384 rank_009_alphafold2_ptm_model_3_seed_044 pLDDT=77.9 pTM=0.636
2026-07-22 19:41:19,385 rank_010_alphafold2_ptm_model_1_seed_042 pLDDT=75.8 pTM=0.661
2026-07-22 19:41:19,386 rank_011_alphafold2_ptm_model_4_seed_042 pLDDT=74.6 pTM=0.646
2026-07-22 19:41:19,387 rank_012_alphafold2_ptm_model_1_seed_043 pLDDT=66.8 pTM=0.594
2026-07-22 19:41:19,388 rank_013_alphafold2_ptm_model_5_seed_042 pLDDT=65.8 pTM=0.506
2026-07-22 19:41:19,390 rank_014_alphafold2_ptm_model_5_seed_044 pLDDT=59.2 pTM=0.499
2026-07-22 19:41:19,391 rank_015_alphafold2_ptm_model_5_seed_043 pLDDT=56.9 pTM=0.441
2026-07-22 19:41:21,596 Query 74/426: 5KPE_4_8_7_0_combined_id5 (length 108)
2026-07-22 19:41:24,885 alphafold2_ptm_model_1_seed_042 recycle=0 pLDDT=67.5 pTM=0.517
2026-07-22 19:41:26,711 alphafold2_ptm_model_1_seed_042 recycle=1 pLDDT=61.6 pTM=0.487 tol=1.55
2026-07-22 19:41:28,477 alphafold2_ptm_model_1_seed_042 recycle=2 pLDDT=59.7 pTM=0.485 tol=1.11
2026-07-22 19:41:30,178 alphafold2_ptm_model_1_seed_042 recycle=3 pLDDT=76.1 pTM=0.624 tol=7.79
2026-07-22 19:41:30,179 alphafold2_ptm_model_1_seed_042 took 7.1s (3 recycles)
2026-07-22 19:41:31,925 alphafold2_ptm_model_2_seed_042 recycle=0 pLDDT=68.3 pTM=0.512
2026-07-22 19:41:33,646 alphafold2_ptm_model_2_seed_042 recycle=1 pLDDT=64.9 pTM=0.499 tol=0.79
2026-07-22 19:41:35,367 alphafold2_ptm_model_2_seed_042 recycle=2 pLDDT=63 pTM=0.487 tol=3.44
2026-07-22 19:41:36,908 alphafold2_ptm_model_2_seed_042 recycle=3 pLDDT=64.9 pTM=0.486 tol=3.84
2026-07-22 19:41:36,908 alphafold2_ptm_model_2_seed_042 took 6.7s (3 recycles)
2026-07-22 19:41:38,739 alphafold2_ptm_model_3_seed_042 recycle=0 pLDDT=62.7 pTM=0.4
2026-07-22 19:41:40,748 alphafold2_ptm_model_3_seed_042 recycle=1 pLDDT=64.3 pTM=0.431 tol=0.594
2026-07-22 19:41:42,714 alphafold2_ptm_model_3_seed_042 recycle=2 pLDDT=58.2 pTM=0.439 tol=3.06
2026-07-22 19:41:44,494 alphafold2_ptm_model_3_seed_042 recycle=3 pLDDT=77.8 pTM=0.625 tol=6.54
2026-07-22 19:41:44,495 alphafold2_ptm_model_3_seed_042 took 7.6s (3 recycles)
2026-07-22 19:41:46,224 alphafold2_ptm_model_4_seed_042 recycle=0 pLDDT=64.6 pTM=0.445
2026-07-22 19:41:47,943 alphafold2_ptm_model_4_seed_042 recycle=1 pLDDT=60.2 pTM=0.411 tol=1.12
2026-07-22 19:41:49,642 alphafold2_ptm_model_4_seed_042 recycle=2 pLDDT=56.5 pTM=0.384 tol=1.19
2026-07-22 19:41:51,353 alphafold2_ptm_model_4_seed_042 recycle=3 pLDDT=56.8 pTM=0.417 tol=0.708
2026-07-22 19:41:51,353 alphafold2_ptm_model_4_seed_042 took 6.8s (3 recycles)
2026-07-22 19:41:53,089 alphafold2_ptm_model_5_seed_042 recycle=0 pLDDT=67.6 pTM=0.454
2026-07-22 19:41:54,633 alphafold2_ptm_model_5_seed_042 recycle=1 pLDDT=65.7 pTM=0.444 tol=0.84
2026-07-22 19:41:56,481 alphafold2_ptm_model_5_seed_042 recycle=2 pLDDT=66.6 pTM=0.451 tol=0.794
2026-07-22 19:41:58,506 alphafold2_ptm_model_5_seed_042 recycle=3 pLDDT=65.6 pTM=0.441 tol=1.5
2026-07-22 19:41:58,506 alphafold2_ptm_model_5_seed_042 took 7.1s (3 recycles)
2026-07-22 19:42:01,389 alphafold2_ptm_model_1_seed_043 recycle=0 pLDDT=66.7 pTM=0.51
2026-07-22 19:42:03,092 alphafold2_ptm_model_1_seed_043 recycle=1 pLDDT=59.6 pTM=0.484 tol=2.15
2026-07-22 19:42:04,804 alphafold2_ptm_model_1_seed_043 recycle=2 pLDDT=58.8 pTM=0.486 tol=1.14
2026-07-22 19:42:06,537 alphafold2_ptm_model_1_seed_043 recycle=3 pLDDT=77 pTM=0.635 tol=7.73
2026-07-22 19:42:06,537 alphafold2_ptm_model_1_seed_043 took 7.0s (3 recycles)
2026-07-22 19:42:08,182 alphafold2_ptm_model_2_seed_043 recycle=0 pLDDT=66.1 pTM=0.495
2026-07-22 19:42:10,012 alphafold2_ptm_model_2_seed_043 recycle=1 pLDDT=63.5 pTM=0.49 tol=4.01
2026-07-22 19:42:11,837 alphafold2_ptm_model_2_seed_043 recycle=2 pLDDT=63.8 pTM=0.486 tol=2.43
2026-07-22 19:42:13,617 alphafold2_ptm_model_2_seed_043 recycle=3 pLDDT=63 pTM=0.484 tol=2.61
2026-07-22 19:42:13,617 alphafold2_ptm_model_2_seed_043 took 7.1s (3 recycles)
2026-07-22 19:42:15,380 alphafold2_ptm_model_3_seed_043 recycle=0 pLDDT=62.7 pTM=0.399
2026-07-22 19:42:17,108 alphafold2_ptm_model_3_seed_043 recycle=1 pLDDT=63.8 pTM=0.424 tol=0.728
2026-07-22 19:42:18,836 alphafold2_ptm_model_3_seed_043 recycle=2 pLDDT=56.7 pTM=0.435 tol=4.99
2026-07-22 19:42:20,584 alphafold2_ptm_model_3_seed_043 recycle=3 pLDDT=85.1 pTM=0.716 tol=6.34
2026-07-22 19:42:20,584 alphafold2_ptm_model_3_seed_043 took 6.9s (3 recycles)
2026-07-22 19:42:22,243 alphafold2_ptm_model_4_seed_043 recycle=0 pLDDT=64.2 pTM=0.443
2026-07-22 19:42:23,894 alphafold2_ptm_model_4_seed_043 recycle=1 pLDDT=59.1 pTM=0.395 tol=1.34
2026-07-22 19:42:25,821 alphafold2_ptm_model_4_seed_043 recycle=2 pLDDT=59.5 pTM=0.446 tol=0.792
2026-07-22 19:42:27,845 alphafold2_ptm_model_4_seed_043 recycle=3 pLDDT=55.4 pTM=0.401 tol=2.77
2026-07-22 19:42:27,846 alphafold2_ptm_model_4_seed_043 took 7.2s (3 recycles)
2026-07-22 19:42:29,751 alphafold2_ptm_model_5_seed_043 recycle=0 pLDDT=67.6 pTM=0.455
2026-07-22 19:42:31,491 alphafold2_ptm_model_5_seed_043 recycle=1 pLDDT=64.8 pTM=0.426 tol=0.839
2026-07-22 19:42:33,222 alphafold2_ptm_model_5_seed_043 recycle=2 pLDDT=65.8 pTM=0.446 tol=0.441
2026-07-22 19:42:34,957 alphafold2_ptm_model_5_seed_043 recycle=3 pLDDT=64.8 pTM=0.442 tol=2.15
2026-07-22 19:42:34,957 alphafold2_ptm_model_5_seed_043 took 7.1s (3 recycles)
2026-07-22 19:42:37,468 alphafold2_ptm_model_1_seed_044 recycle=0 pLDDT=67.6 pTM=0.518
2026-07-22 19:42:39,182 alphafold2_ptm_model_1_seed_044 recycle=1 pLDDT=62.3 pTM=0.496 tol=0.904
2026-07-22 19:42:40,902 alphafold2_ptm_model_1_seed_044 recycle=2 pLDDT=59.8 pTM=0.487 tol=1.16
2026-07-22 19:42:42,420 alphafold2_ptm_model_1_seed_044 recycle=3 pLDDT=73.2 pTM=0.597 tol=7.82
2026-07-22 19:42:42,420 alphafold2_ptm_model_1_seed_044 took 6.7s (3 recycles)
2026-07-22 19:42:44,256 alphafold2_ptm_model_2_seed_044 recycle=0 pLDDT=67.6 pTM=0.512
2026-07-22 19:42:46,294 alphafold2_ptm_model_2_seed_044 recycle=1 pLDDT=65.2 pTM=0.499 tol=1.48
2026-07-22 19:42:48,318 alphafold2_ptm_model_2_seed_044 recycle=2 pLDDT=63.6 pTM=0.488 tol=3.24
2026-07-22 19:42:50,135 alphafold2_ptm_model_2_seed_044 recycle=3 pLDDT=63.7 pTM=0.481 tol=3.11
2026-07-22 19:42:50,136 alphafold2_ptm_model_2_seed_044 took 7.7s (3 recycles)
2026-07-22 19:42:51,879 alphafold2_ptm_model_3_seed_044 recycle=0 pLDDT=62.6 pTM=0.403
2026-07-22 19:42:53,563 alphafold2_ptm_model_3_seed_044 recycle=1 pLDDT=64.1 pTM=0.421 tol=0.841
2026-07-22 19:42:55,234 alphafold2_ptm_model_3_seed_044 recycle=2 pLDDT=56.6 pTM=0.431 tol=5.53
2026-07-22 19:42:57,065 alphafold2_ptm_model_3_seed_044 recycle=3 pLDDT=80 pTM=0.641 tol=6.16
2026-07-22 19:42:57,065 alphafold2_ptm_model_3_seed_044 took 6.9s (3 recycles)
2026-07-22 19:42:58,900 alphafold2_ptm_model_4_seed_044 recycle=0 pLDDT=68.8 pTM=0.51
2026-07-22 19:43:00,648 alphafold2_ptm_model_4_seed_044 recycle=1 pLDDT=62.6 pTM=0.433 tol=2.24
2026-07-22 19:43:02,384 alphafold2_ptm_model_4_seed_044 recycle=2 pLDDT=55 pTM=0.411 tol=6.03
2026-07-22 19:43:04,098 alphafold2_ptm_model_4_seed_044 recycle=3 pLDDT=56.4 pTM=0.416 tol=1.2
2026-07-22 19:43:04,098 alphafold2_ptm_model_4_seed_044 took 7.0s (3 recycles)
2026-07-22 19:43:05,866 alphafold2_ptm_model_5_seed_044 recycle=0 pLDDT=65.9 pTM=0.43
2026-07-22 19:43:07,579 alphafold2_ptm_model_5_seed_044 recycle=1 pLDDT=62.5 pTM=0.42 tol=1.47
2026-07-22 19:43:09,142 alphafold2_ptm_model_5_seed_044 recycle=2 pLDDT=63.7 pTM=0.444 tol=1.58
2026-07-22 19:43:10,851 alphafold2_ptm_model_5_seed_044 recycle=3 pLDDT=62.7 pTM=0.436 tol=2.87
2026-07-22 19:43:10,851 alphafold2_ptm_model_5_seed_044 took 6.7s (3 recycles)
2026-07-22 19:43:10,873 reranking models by 'plddt' metric
2026-07-22 19:43:10,873 rank_001_alphafold2_ptm_model_3_seed_043 pLDDT=85.1 pTM=0.716
2026-07-22 19:43:10,875 rank_002_alphafold2_ptm_model_3_seed_044 pLDDT=80 pTM=0.641
2026-07-22 19:43:10,876 rank_003_alphafold2_ptm_model_3_seed_042 pLDDT=77.8 pTM=0.625
