Start: Wed Jul 22 19:24:17 PDT 2026
qb3-as15.wynton.ucsf.edu
==============================================================
job_number:                 4262177
exec_file:                  job_scripts/4262177
submission_time:            Wed Jul 22 19:02:34 2026
owner:                      geanhu
uid:                        64854
group:                      wynton-rotation
gid:                        60001
sge_o_home:                 /wynton/home/rotation/geanhu
sge_o_log_name:             geanhu
sge_o_path:                 /wynton/home/cbi/shared/software/CBI/miniforge3-26.3.2-2/condabin:/wynton/home/cbi/shared/software/CBI/miniforge3-26.3.2-2/bin:/wynton/home/rotation/geanhu/.local/bin:/wynton/home/rotation/geanhu/bin:/opt/sge/bin:/opt/sge/bin/lx-amd64:/usr/local/bin:/usr/bin:/usr/local/sbin:/usr/sbin:/wynton/home/ferrin/goddard/localcolabfold/localcolabfold/colabfold-conda/bin:/wynton/home/kortemme/xingjiepan/Softwares/Rosetta/Rosetta/main/source/bin
sge_o_shell:                /bin/bash
sge_o_workdir:              /wynton/home/rotation/geanhu/multi-state/scripts
sge_o_host:                 dev2
account:                    sge
cwd:                        /wynton/home/rotation/geanhu/multi-state/scripts
merge:                      y
hard resource_list:         h_rt=259200,mem_free=64G,scratch=16G,hostname=!qb3-idgpu18
mail_list:                  geanhu@dev2.wynton.ucsf.edu
notify:                     FALSE
job_name:                   fold
stdout_path_list:           NONE:NONE:logs/colabfold/$JOB_ID.log
jobshare:                   0
hard_queue_list:            !*gpu.q
shell_list:                 NONE:/bin/bash
env_list:                   TERM=NONE
script_file:                colabfold.sh
project:                    wynton-rotation
binding:                    NONE
job_type:                   NONE
usage         1:            cpu=00:00:00, mem=0.00000 GB s, io=0.00000 GB, vmem=N/A, maxvmem=N/A
binding       1:            NONE
scheduling info:            (Collecting of scheduler job information is turned off)
------Start of script-------
#!/bin/bash
#$ -S /bin/bash
##$ -q gpu.q
##$ -pe smp 1
##$ -l compute_cap=80,gpu_mem=40G
#$ -cwd
#$ -N fold
#$ -o logs/colabfold/$JOB_ID.log
#$ -j y
#$ -l h_rt=72:00:00
#$ -l mem_free=64G
#$ -l scratch=16G
#$ -l h=!qb3-idgpu18

# metadata
echo "Start: $(date)"
echo "$(hostname)"
[[ -n "$JOB_ID" ]] && qstat -j "$JOB_ID"
echo "------Start of script-------"
cat "$0"
echo ""
echo "-------End of script---------"

#export CUDA_VISIBLE_DEVICES=$SGE_GPU

# run
exec colabfold_batch \
    --num-recycle 3 \
    --msa-mode single_sequence \
    --random-seed 42 \
    --num-seeds 3 \
    $HOME/multi-state/data/mpnn-output/5KPE-5KPH_multi-state/temp3/seqs/filtered-seqs.csv \
    $HOME/multi-state/data/colabfold-output/5KPE-5KPH_multi-state/temp3/

# end
echo "End: $(date)"
echo "-----------"
-------End of script---------
2026-07-22 19:24:32,864 Running colabfold 1.5.5 (a00ce1bcc477491d7693e3816d21ea3fc2cf40fd)
2026-07-22 19:24:33,126 WARNING: no GPU detected, will be using CPU
2026-07-22 19:24:34,347 Found 2 citations for tools or databases
2026-07-22 19:24:34,348 Query 1/786: 5KPH_4_2_7_0_combined_id4 (length 72)
2026-07-22 19:24:45,323 Padding length to 82
2026-07-22 19:25:22,765 alphafold2_ptm_model_1_seed_042 recycle=0 pLDDT=92.1 pTM=0.742
2026-07-22 19:25:39,240 alphafold2_ptm_model_1_seed_042 recycle=1 pLDDT=91.4 pTM=0.751 tol=0.308
2026-07-22 19:25:57,187 alphafold2_ptm_model_1_seed_042 recycle=2 pLDDT=92.9 pTM=0.771 tol=0.21
2026-07-22 19:26:12,471 alphafold2_ptm_model_1_seed_042 recycle=3 pLDDT=92.2 pTM=0.764 tol=0.134
2026-07-22 19:26:12,473 alphafold2_ptm_model_1_seed_042 took 87.1s (3 recycles)
2026-07-22 19:26:27,506 alphafold2_ptm_model_2_seed_042 recycle=0 pLDDT=94.8 pTM=0.804
2026-07-22 19:26:42,719 alphafold2_ptm_model_2_seed_042 recycle=1 pLDDT=93.4 pTM=0.798 tol=0.26
2026-07-22 19:26:57,244 alphafold2_ptm_model_2_seed_042 recycle=2 pLDDT=94.6 pTM=0.812 tol=0.195
2026-07-22 19:27:12,409 alphafold2_ptm_model_2_seed_042 recycle=3 pLDDT=93.1 pTM=0.796 tol=0.17
2026-07-22 19:27:12,410 alphafold2_ptm_model_2_seed_042 took 59.9s (3 recycles)
2026-07-22 19:27:29,609 alphafold2_ptm_model_3_seed_042 recycle=0 pLDDT=91.1 pTM=0.719
2026-07-22 19:27:42,617 alphafold2_ptm_model_3_seed_042 recycle=1 pLDDT=90.8 pTM=0.735 tol=0.238
2026-07-22 19:27:53,795 alphafold2_ptm_model_3_seed_042 recycle=2 pLDDT=92.2 pTM=0.749 tol=0.139
2026-07-22 19:28:04,966 alphafold2_ptm_model_3_seed_042 recycle=3 pLDDT=92.4 pTM=0.754 tol=0.0659
2026-07-22 19:28:04,967 alphafold2_ptm_model_3_seed_042 took 52.5s (3 recycles)
2026-07-22 19:28:17,713 alphafold2_ptm_model_4_seed_042 recycle=0 pLDDT=90.6 pTM=0.745
2026-07-22 19:28:33,090 alphafold2_ptm_model_4_seed_042 recycle=1 pLDDT=90.8 pTM=0.754 tol=0.112
2026-07-22 19:28:47,803 alphafold2_ptm_model_4_seed_042 recycle=2 pLDDT=91.8 pTM=0.772 tol=0.062
2026-07-22 19:29:01,117 alphafold2_ptm_model_4_seed_042 recycle=3 pLDDT=92 pTM=0.774 tol=0.0315
2026-07-22 19:29:01,118 alphafold2_ptm_model_4_seed_042 took 56.1s (3 recycles)
2026-07-22 19:29:16,684 alphafold2_ptm_model_5_seed_042 recycle=0 pLDDT=91.1 pTM=0.729
2026-07-22 19:29:30,606 alphafold2_ptm_model_5_seed_042 recycle=1 pLDDT=90.9 pTM=0.735 tol=0.146
2026-07-22 19:29:44,916 alphafold2_ptm_model_5_seed_042 recycle=2 pLDDT=91.4 pTM=0.741 tol=0.0673
2026-07-22 19:29:58,969 alphafold2_ptm_model_5_seed_042 recycle=3 pLDDT=91.8 pTM=0.745 tol=0.0349
2026-07-22 19:29:58,970 alphafold2_ptm_model_5_seed_042 took 57.7s (3 recycles)
2026-07-22 19:30:00,581 Padding length to 82
2026-07-22 19:30:14,101 alphafold2_ptm_model_1_seed_043 recycle=0 pLDDT=92 pTM=0.741
2026-07-22 19:30:28,009 alphafold2_ptm_model_1_seed_043 recycle=1 pLDDT=91.5 pTM=0.751 tol=0.304
2026-07-22 19:30:42,823 alphafold2_ptm_model_1_seed_043 recycle=2 pLDDT=92.8 pTM=0.77 tol=0.208
2026-07-22 19:30:58,631 alphafold2_ptm_model_1_seed_043 recycle=3 pLDDT=92.1 pTM=0.762 tol=0.112
2026-07-22 19:30:58,632 alphafold2_ptm_model_1_seed_043 took 58.1s (3 recycles)
2026-07-22 19:31:10,301 alphafold2_ptm_model_2_seed_043 recycle=0 pLDDT=94.9 pTM=0.806
2026-07-22 19:31:21,536 alphafold2_ptm_model_2_seed_043 recycle=1 pLDDT=93.7 pTM=0.801 tol=0.244
2026-07-22 19:31:36,257 alphafold2_ptm_model_2_seed_043 recycle=2 pLDDT=94.4 pTM=0.808 tol=0.142
2026-07-22 19:31:50,062 alphafold2_ptm_model_2_seed_043 recycle=3 pLDDT=93.2 pTM=0.796 tol=0.0987
2026-07-22 19:31:50,064 alphafold2_ptm_model_2_seed_043 took 51.4s (3 recycles)
2026-07-22 19:32:05,210 alphafold2_ptm_model_3_seed_043 recycle=0 pLDDT=91.2 pTM=0.722
2026-07-22 19:32:19,416 alphafold2_ptm_model_3_seed_043 recycle=1 pLDDT=90.9 pTM=0.738 tol=0.225
2026-07-22 19:32:32,575 alphafold2_ptm_model_3_seed_043 recycle=2 pLDDT=92.1 pTM=0.748 tol=0.118
2026-07-22 19:32:45,944 alphafold2_ptm_model_3_seed_043 recycle=3 pLDDT=92.3 pTM=0.753 tol=0.062
2026-07-22 19:32:45,945 alphafold2_ptm_model_3_seed_043 took 55.8s (3 recycles)
2026-07-22 19:32:59,617 alphafold2_ptm_model_4_seed_043 recycle=0 pLDDT=90.4 pTM=0.744
2026-07-22 19:33:14,943 alphafold2_ptm_model_4_seed_043 recycle=1 pLDDT=91.2 pTM=0.759 tol=0.104
2026-07-22 19:33:28,290 alphafold2_ptm_model_4_seed_043 recycle=2 pLDDT=91.6 pTM=0.769 tol=0.0575
2026-07-22 19:33:41,759 alphafold2_ptm_model_4_seed_043 recycle=3 pLDDT=92.1 pTM=0.774 tol=0.0494
2026-07-22 19:33:41,760 alphafold2_ptm_model_4_seed_043 took 55.8s (3 recycles)
2026-07-22 19:33:58,040 alphafold2_ptm_model_5_seed_043 recycle=0 pLDDT=91.6 pTM=0.736
2026-07-22 19:34:10,412 alphafold2_ptm_model_5_seed_043 recycle=1 pLDDT=91.2 pTM=0.739 tol=0.147
2026-07-22 19:34:21,442 alphafold2_ptm_model_5_seed_043 recycle=2 pLDDT=91.4 pTM=0.741 tol=0.066
2026-07-22 19:34:32,969 alphafold2_ptm_model_5_seed_043 recycle=3 pLDDT=91.6 pTM=0.743 tol=0.0302
2026-07-22 19:34:32,971 alphafold2_ptm_model_5_seed_043 took 51.1s (3 recycles)
2026-07-22 19:34:33,902 Padding length to 82
2026-07-22 19:34:48,212 alphafold2_ptm_model_1_seed_044 recycle=0 pLDDT=92.3 pTM=0.745
2026-07-22 19:35:03,362 alphafold2_ptm_model_1_seed_044 recycle=1 pLDDT=91.6 pTM=0.752 tol=0.256
2026-07-22 19:35:17,406 alphafold2_ptm_model_1_seed_044 recycle=2 pLDDT=92.8 pTM=0.769 tol=0.15
2026-07-22 19:35:31,964 alphafold2_ptm_model_1_seed_044 recycle=3 pLDDT=92.1 pTM=0.763 tol=0.102
2026-07-22 19:35:31,965 alphafold2_ptm_model_1_seed_044 took 58.1s (3 recycles)
2026-07-22 19:35:46,655 alphafold2_ptm_model_2_seed_044 recycle=0 pLDDT=94.9 pTM=0.808
2026-07-22 19:36:01,014 alphafold2_ptm_model_2_seed_044 recycle=1 pLDDT=93.6 pTM=0.8 tol=0.231
2026-07-22 19:36:14,221 alphafold2_ptm_model_2_seed_044 recycle=2 pLDDT=94.5 pTM=0.81 tol=0.168
2026-07-22 19:36:28,695 alphafold2_ptm_model_2_seed_044 recycle=3 pLDDT=93.1 pTM=0.796 tol=0.139
2026-07-22 19:36:28,697 alphafold2_ptm_model_2_seed_044 took 56.7s (3 recycles)
2026-07-22 19:36:43,571 alphafold2_ptm_model_3_seed_044 recycle=0 pLDDT=91.2 pTM=0.725
2026-07-22 19:36:58,604 alphafold2_ptm_model_3_seed_044 recycle=1 pLDDT=90.9 pTM=0.736 tol=0.21
2026-07-22 19:37:14,314 alphafold2_ptm_model_3_seed_044 recycle=2 pLDDT=91.9 pTM=0.743 tol=0.0955
2026-07-22 19:37:27,314 alphafold2_ptm_model_3_seed_044 recycle=3 pLDDT=92.2 pTM=0.751 tol=0.0608
2026-07-22 19:37:27,315 alphafold2_ptm_model_3_seed_044 took 58.6s (3 recycles)
2026-07-22 19:37:39,050 alphafold2_ptm_model_4_seed_044 recycle=0 pLDDT=90.8 pTM=0.748
2026-07-22 19:37:54,025 alphafold2_ptm_model_4_seed_044 recycle=1 pLDDT=91.1 pTM=0.759 tol=0.103
2026-07-22 19:38:08,809 alphafold2_ptm_model_4_seed_044 recycle=2 pLDDT=91.8 pTM=0.772 tol=0.0487
2026-07-22 19:38:23,841 alphafold2_ptm_model_4_seed_044 recycle=3 pLDDT=92.1 pTM=0.773 tol=0.0414
2026-07-22 19:38:23,842 alphafold2_ptm_model_4_seed_044 took 56.5s (3 recycles)
2026-07-22 19:38:39,927 alphafold2_ptm_model_5_seed_044 recycle=0 pLDDT=91.1 pTM=0.729
2026-07-22 19:38:54,350 alphafold2_ptm_model_5_seed_044 recycle=1 pLDDT=90.8 pTM=0.734 tol=0.15
2026-07-22 19:39:08,237 alphafold2_ptm_model_5_seed_044 recycle=2 pLDDT=91.4 pTM=0.739 tol=0.0687
2026-07-22 19:39:23,345 alphafold2_ptm_model_5_seed_044 recycle=3 pLDDT=91.6 pTM=0.743 tol=0.0333
2026-07-22 19:39:23,346 alphafold2_ptm_model_5_seed_044 took 59.5s (3 recycles)
2026-07-22 19:39:23,376 reranking models by 'plddt' metric
2026-07-22 19:39:23,377 rank_001_alphafold2_ptm_model_2_seed_043 pLDDT=93.2 pTM=0.796
2026-07-22 19:39:23,378 rank_002_alphafold2_ptm_model_2_seed_044 pLDDT=93.1 pTM=0.796
2026-07-22 19:39:23,380 rank_003_alphafold2_ptm_model_2_seed_042 pLDDT=93.1 pTM=0.796
2026-07-22 19:39:23,381 rank_004_alphafold2_ptm_model_3_seed_042 pLDDT=92.4 pTM=0.754
2026-07-22 19:39:23,384 rank_005_alphafold2_ptm_model_3_seed_043 pLDDT=92.3 pTM=0.753
2026-07-22 19:39:23,385 rank_006_alphafold2_ptm_model_1_seed_042 pLDDT=92.2 pTM=0.764
2026-07-22 19:39:23,387 rank_007_alphafold2_ptm_model_3_seed_044 pLDDT=92.2 pTM=0.751
2026-07-22 19:39:23,388 rank_008_alphafold2_ptm_model_1_seed_044 pLDDT=92.1 pTM=0.763
2026-07-22 19:39:23,389 rank_009_alphafold2_ptm_model_4_seed_044 pLDDT=92.1 pTM=0.773
2026-07-22 19:39:23,391 rank_010_alphafold2_ptm_model_4_seed_043 pLDDT=92.1 pTM=0.774
2026-07-22 19:39:23,392 rank_011_alphafold2_ptm_model_1_seed_043 pLDDT=92.1 pTM=0.762
2026-07-22 19:39:23,394 rank_012_alphafold2_ptm_model_4_seed_042 pLDDT=92 pTM=0.774
2026-07-22 19:39:23,395 rank_013_alphafold2_ptm_model_5_seed_042 pLDDT=91.8 pTM=0.745
2026-07-22 19:39:23,396 rank_014_alphafold2_ptm_model_5_seed_044 pLDDT=91.6 pTM=0.743
2026-07-22 19:39:23,398 rank_015_alphafold2_ptm_model_5_seed_043 pLDDT=91.6 pTM=0.743
2026-07-22 19:39:26,075 Query 2/786: 5KPH_4_2_7_0_combined_id5 (length 72)
2026-07-22 19:39:28,259 Padding length to 82
2026-07-22 19:39:44,212 alphafold2_ptm_model_1_seed_042 recycle=0 pLDDT=86.7 pTM=0.649
2026-07-22 19:39:58,478 alphafold2_ptm_model_1_seed_042 recycle=1 pLDDT=89 pTM=0.687 tol=0.204
2026-07-22 19:40:13,956 alphafold2_ptm_model_1_seed_042 recycle=2 pLDDT=87.3 pTM=0.665 tol=0.235
2026-07-22 19:40:28,793 alphafold2_ptm_model_1_seed_042 recycle=3 pLDDT=87 pTM=0.662 tol=0.161
2026-07-22 19:40:28,794 alphafold2_ptm_model_1_seed_042 took 60.5s (3 recycles)
2026-07-22 19:40:40,380 alphafold2_ptm_model_2_seed_042 recycle=0 pLDDT=90.1 pTM=0.72
2026-07-22 19:40:53,118 alphafold2_ptm_model_2_seed_042 recycle=1 pLDDT=92.1 pTM=0.75 tol=0.208
2026-07-22 19:41:05,941 alphafold2_ptm_model_2_seed_042 recycle=2 pLDDT=91.8 pTM=0.747 tol=0.0994
2026-07-22 19:41:19,641 alphafold2_ptm_model_2_seed_042 recycle=3 pLDDT=91.6 pTM=0.744 tol=0.0497
2026-07-22 19:41:19,642 alphafold2_ptm_model_2_seed_042 took 50.8s (3 recycles)
2026-07-22 19:41:33,282 alphafold2_ptm_model_3_seed_042 recycle=0 pLDDT=85.2 pTM=0.628
2026-07-22 19:41:47,467 alphafold2_ptm_model_3_seed_042 recycle=1 pLDDT=85.7 pTM=0.638 tol=0.69
2026-07-22 19:42:00,721 alphafold2_ptm_model_3_seed_042 recycle=2 pLDDT=86.1 pTM=0.648 tol=0.432
2026-07-22 19:42:15,059 alphafold2_ptm_model_3_seed_042 recycle=3 pLDDT=86.4 pTM=0.652 tol=0.394
2026-07-22 19:42:15,060 alphafold2_ptm_model_3_seed_042 took 55.4s (3 recycles)
2026-07-22 19:42:28,738 alphafold2_ptm_model_4_seed_042 recycle=0 pLDDT=86.2 pTM=0.664
2026-07-22 19:42:43,298 alphafold2_ptm_model_4_seed_042 recycle=1 pLDDT=87.8 pTM=0.685 tol=0.254
2026-07-22 19:43:00,190 alphafold2_ptm_model_4_seed_042 recycle=2 pLDDT=85.5 pTM=0.652 tol=0.21
2026-07-22 19:43:14,761 alphafold2_ptm_model_4_seed_042 recycle=3 pLDDT=85.5 pTM=0.655 tol=0.189
2026-07-22 19:43:14,762 alphafold2_ptm_model_4_seed_042 took 59.7s (3 recycles)
2026-07-22 19:43:32,679 alphafold2_ptm_model_5_seed_042 recycle=0 pLDDT=84.9 pTM=0.615
2026-07-22 19:43:46,339 alphafold2_ptm_model_5_seed_042 recycle=1 pLDDT=87.9 pTM=0.679 tol=0.35
2026-07-22 19:44:00,166 alphafold2_ptm_model_5_seed_042 recycle=2 pLDDT=87.2 pTM=0.67 tol=0.382
2026-07-22 19:44:14,079 alphafold2_ptm_model_5_seed_042 recycle=3 pLDDT=86.7 pTM=0.662 tol=0.191
2026-07-22 19:44:14,080 alphafold2_ptm_model_5_seed_042 took 59.3s (3 recycles)
2026-07-22 19:44:15,386 Padding length to 82
2026-07-22 19:44:29,866 alphafold2_ptm_model_1_seed_043 recycle=0 pLDDT=86.8 pTM=0.65
2026-07-22 19:44:45,332 alphafold2_ptm_model_1_seed_043 recycle=1 pLDDT=89.1 pTM=0.687 tol=0.153
2026-07-22 19:44:59,824 alphafold2_ptm_model_1_seed_043 recycle=2 pLDDT=87.3 pTM=0.665 tol=0.244
2026-07-22 19:45:15,688 alphafold2_ptm_model_1_seed_043 recycle=3 pLDDT=86.8 pTM=0.656 tol=0.131
2026-07-22 19:45:15,689 alphafold2_ptm_model_1_seed_043 took 60.3s (3 recycles)
2026-07-22 19:45:29,512 alphafold2_ptm_model_2_seed_043 recycle=0 pLDDT=89.5 pTM=0.708
2026-07-22 19:45:47,023 alphafold2_ptm_model_2_seed_043 recycle=1 pLDDT=92.1 pTM=0.75 tol=0.24
2026-07-22 19:46:02,799 alphafold2_ptm_model_2_seed_043 recycle=2 pLDDT=91.8 pTM=0.747 tol=0.125
2026-07-22 19:46:17,312 alphafold2_ptm_model_2_seed_043 recycle=3 pLDDT=91.7 pTM=0.746 tol=0.0419
2026-07-22 19:46:17,313 alphafold2_ptm_model_2_seed_043 took 61.6s (3 recycles)
2026-07-22 19:46:33,509 alphafold2_ptm_model_3_seed_043 recycle=0 pLDDT=84.9 pTM=0.625
2026-07-22 19:46:48,779 alphafold2_ptm_model_3_seed_043 recycle=1 pLDDT=86.1 pTM=0.649 tol=0.713
2026-07-22 19:47:02,904 alphafold2_ptm_model_3_seed_043 recycle=2 pLDDT=86.1 pTM=0.649 tol=0.372
2026-07-22 19:47:14,527 alphafold2_ptm_model_3_seed_043 recycle=3 pLDDT=86.1 pTM=0.648 tol=0.415
2026-07-22 19:47:14,528 alphafold2_ptm_model_3_seed_043 took 57.2s (3 recycles)
2026-07-22 19:47:27,990 alphafold2_ptm_model_4_seed_043 recycle=0 pLDDT=86.1 pTM=0.661
2026-07-22 19:47:42,207 alphafold2_ptm_model_4_seed_043 recycle=1 pLDDT=86.9 pTM=0.677 tol=0.327
2026-07-22 19:47:59,024 alphafold2_ptm_model_4_seed_043 recycle=2 pLDDT=84.9 pTM=0.646 tol=0.181
2026-07-22 19:48:15,420 alphafold2_ptm_model_4_seed_043 recycle=3 pLDDT=85.2 pTM=0.653 tol=0.266
2026-07-22 19:48:15,422 alphafold2_ptm_model_4_seed_043 took 60.8s (3 recycles)
2026-07-22 19:48:30,594 alphafold2_ptm_model_5_seed_043 recycle=0 pLDDT=84.6 pTM=0.614
2026-07-22 19:48:44,771 alphafold2_ptm_model_5_seed_043 recycle=1 pLDDT=87.9 pTM=0.68 tol=0.611
2026-07-22 19:48:59,955 alphafold2_ptm_model_5_seed_043 recycle=2 pLDDT=87.2 pTM=0.669 tol=0.384
2026-07-22 19:49:15,546 alphafold2_ptm_model_5_seed_043 recycle=3 pLDDT=86.8 pTM=0.664 tol=0.192
2026-07-22 19:49:15,548 alphafold2_ptm_model_5_seed_043 took 60.1s (3 recycles)
2026-07-22 19:49:16,847 Padding length to 82
2026-07-22 19:49:32,513 alphafold2_ptm_model_1_seed_044 recycle=0 pLDDT=86.6 pTM=0.648
2026-07-22 19:49:50,655 alphafold2_ptm_model_1_seed_044 recycle=1 pLDDT=89.2 pTM=0.69 tol=0.326
2026-07-22 19:50:06,381 alphafold2_ptm_model_1_seed_044 recycle=2 pLDDT=87.6 pTM=0.668 tol=0.246
2026-07-22 19:50:18,871 alphafold2_ptm_model_1_seed_044 recycle=3 pLDDT=87 pTM=0.66 tol=0.134
2026-07-22 19:50:18,872 alphafold2_ptm_model_1_seed_044 took 62.0s (3 recycles)
2026-07-22 19:50:31,243 alphafold2_ptm_model_2_seed_044 recycle=0 pLDDT=90.4 pTM=0.725
2026-07-22 19:50:49,591 alphafold2_ptm_model_2_seed_044 recycle=1 pLDDT=92.4 pTM=0.756 tol=0.196
2026-07-22 19:51:06,306 alphafold2_ptm_model_2_seed_044 recycle=2 pLDDT=91.9 pTM=0.75 tol=0.134
2026-07-22 19:51:27,485 alphafold2_ptm_model_2_seed_044 recycle=3 pLDDT=91.8 pTM=0.748 tol=0.0364
2026-07-22 19:51:27,486 alphafold2_ptm_model_2_seed_044 took 68.6s (3 recycles)
2026-07-22 19:51:44,185 alphafold2_ptm_model_3_seed_044 recycle=0 pLDDT=85.1 pTM=0.628
2026-07-22 19:51:58,201 alphafold2_ptm_model_3_seed_044 recycle=1 pLDDT=85.5 pTM=0.637 tol=0.594
2026-07-22 19:52:12,932 alphafold2_ptm_model_3_seed_044 recycle=2 pLDDT=86.6 pTM=0.65 tol=0.427
2026-07-22 19:52:27,175 alphafold2_ptm_model_3_seed_044 recycle=3 pLDDT=86.5 pTM=0.652 tol=0.292
2026-07-22 19:52:27,176 alphafold2_ptm_model_3_seed_044 took 59.7s (3 recycles)
2026-07-22 19:52:43,773 alphafold2_ptm_model_4_seed_044 recycle=0 pLDDT=86.3 pTM=0.665
2026-07-22 19:52:58,587 alphafold2_ptm_model_4_seed_044 recycle=1 pLDDT=88.1 pTM=0.69 tol=0.208
2026-07-22 19:53:13,244 alphafold2_ptm_model_4_seed_044 recycle=2 pLDDT=85.7 pTM=0.655 tol=0.315
2026-07-22 19:53:27,515 alphafold2_ptm_model_4_seed_044 recycle=3 pLDDT=85.4 pTM=0.652 tol=0.0537
2026-07-22 19:53:27,516 alphafold2_ptm_model_4_seed_044 took 60.3s (3 recycles)
2026-07-22 19:53:39,253 alphafold2_ptm_model_5_seed_044 recycle=0 pLDDT=84.5 pTM=0.613
2026-07-22 19:53:56,170 alphafold2_ptm_model_5_seed_044 recycle=1 pLDDT=87.8 pTM=0.68 tol=0.372
2026-07-22 19:54:11,455 alphafold2_ptm_model_5_seed_044 recycle=2 pLDDT=87 pTM=0.667 tol=0.409
2026-07-22 19:54:27,880 alphafold2_ptm_model_5_seed_044 recycle=3 pLDDT=86.4 pTM=0.659 tol=0.197
2026-07-22 19:54:27,881 alphafold2_ptm_model_5_seed_044 took 60.3s (3 recycles)
2026-07-22 19:54:27,910 reranking models by 'plddt' metric
2026-07-22 19:54:27,910 rank_001_alphafold2_ptm_model_2_seed_044 pLDDT=91.8 pTM=0.748
2026-07-22 19:54:27,912 rank_002_alphafold2_ptm_model_2_seed_043 pLDDT=91.7 pTM=0.746
2026-07-22 19:54:27,914 rank_003_alphafold2_ptm_model_2_seed_042 pLDDT=91.6 pTM=0.744
2026-07-22 19:54:27,916 rank_004_alphafold2_ptm_model_1_seed_044 pLDDT=87 pTM=0.66
2026-07-22 19:54:27,917 rank_005_alphafold2_ptm_model_1_seed_042 pLDDT=87 pTM=0.662
2026-07-22 19:54:27,919 rank_006_alphafold2_ptm_model_1_seed_043 pLDDT=86.8 pTM=0.656
2026-07-22 19:54:27,920 rank_007_alphafold2_ptm_model_5_seed_043 pLDDT=86.8 pTM=0.664
2026-07-22 19:54:27,922 rank_008_alphafold2_ptm_model_5_seed_042 pLDDT=86.7 pTM=0.662
2026-07-22 19:54:27,923 rank_009_alphafold2_ptm_model_3_seed_044 pLDDT=86.5 pTM=0.652
2026-07-22 19:54:27,925 rank_010_alphafold2_ptm_model_5_seed_044 pLDDT=86.4 pTM=0.659
2026-07-22 19:54:27,926 rank_011_alphafold2_ptm_model_3_seed_042 pLDDT=86.4 pTM=0.652
2026-07-22 19:54:27,928 rank_012_alphafold2_ptm_model_3_seed_043 pLDDT=86.1 pTM=0.648
2026-07-22 19:54:27,930 rank_013_alphafold2_ptm_model_4_seed_042 pLDDT=85.5 pTM=0.655
2026-07-22 19:54:27,931 rank_014_alphafold2_ptm_model_4_seed_044 pLDDT=85.4 pTM=0.652
2026-07-22 19:54:27,933 rank_015_alphafold2_ptm_model_4_seed_043 pLDDT=85.2 pTM=0.653
2026-07-22 19:54:31,095 Query 3/786: 5KPH_4_2_7_0_combined_id8 (length 72)
2026-07-22 19:54:33,612 Padding length to 82
2026-07-22 19:54:49,053 alphafold2_ptm_model_1_seed_042 recycle=0 pLDDT=91.2 pTM=0.737
2026-07-22 19:55:04,864 alphafold2_ptm_model_1_seed_042 recycle=1 pLDDT=91.9 pTM=0.767 tol=0.15
2026-07-22 19:55:20,182 alphafold2_ptm_model_1_seed_042 recycle=2 pLDDT=92 pTM=0.772 tol=0.0675
2026-07-22 19:55:39,783 alphafold2_ptm_model_1_seed_042 recycle=3 pLDDT=92.6 pTM=0.78 tol=0.0526
2026-07-22 19:55:39,785 alphafold2_ptm_model_1_seed_042 took 66.2s (3 recycles)
2026-07-22 19:55:56,982 alphafold2_ptm_model_2_seed_042 recycle=0 pLDDT=93.7 pTM=0.785
2026-07-22 19:56:14,182 alphafold2_ptm_model_2_seed_042 recycle=1 pLDDT=92.6 pTM=0.791 tol=0.125
2026-07-22 19:56:28,827 alphafold2_ptm_model_2_seed_042 recycle=2 pLDDT=92.7 pTM=0.795 tol=0.0528
2026-07-22 19:56:39,924 alphafold2_ptm_model_2_seed_042 recycle=3 pLDDT=92.6 pTM=0.793 tol=0.0302
2026-07-22 19:56:39,925 alphafold2_ptm_model_2_seed_042 took 60.1s (3 recycles)
2026-07-22 19:56:51,362 alphafold2_ptm_model_3_seed_042 recycle=0 pLDDT=90.4 pTM=0.737
2026-07-22 19:57:06,158 alphafold2_ptm_model_3_seed_042 recycle=1 pLDDT=90.1 pTM=0.739 tol=0.169
2026-07-22 19:57:22,174 alphafold2_ptm_model_3_seed_042 recycle=2 pLDDT=90.2 pTM=0.741 tol=0.0621
2026-07-22 19:57:37,044 alphafold2_ptm_model_3_seed_042 recycle=3 pLDDT=90.8 pTM=0.746 tol=0.0465
2026-07-22 19:57:37,044 alphafold2_ptm_model_3_seed_042 took 57.1s (3 recycles)
2026-07-22 19:57:54,194 alphafold2_ptm_model_4_seed_042 recycle=0 pLDDT=88.5 pTM=0.73
2026-07-22 19:58:09,051 alphafold2_ptm_model_4_seed_042 recycle=1 pLDDT=87.8 pTM=0.719 tol=0.312
2026-07-22 19:58:28,418 alphafold2_ptm_model_4_seed_042 recycle=2 pLDDT=89.5 pTM=0.75 tol=0.469
2026-07-22 19:58:45,013 alphafold2_ptm_model_4_seed_042 recycle=3 pLDDT=89.8 pTM=0.754 tol=0.0737
2026-07-22 19:58:45,014 alphafold2_ptm_model_4_seed_042 took 67.9s (3 recycles)
2026-07-22 19:59:00,854 alphafold2_ptm_model_5_seed_042 recycle=0 pLDDT=91.5 pTM=0.746
2026-07-22 19:59:14,948 alphafold2_ptm_model_5_seed_042 recycle=1 pLDDT=91.6 pTM=0.761 tol=0.117
2026-07-22 19:59:30,558 alphafold2_ptm_model_5_seed_042 recycle=2 pLDDT=91.9 pTM=0.768 tol=0.051
2026-07-22 19:59:44,374 alphafold2_ptm_model_5_seed_042 recycle=3 pLDDT=92.1 pTM=0.771 tol=0.0366
2026-07-22 19:59:44,375 alphafold2_ptm_model_5_seed_042 took 59.3s (3 recycles)
2026-07-22 19:59:45,626 Padding length to 82
2026-07-22 19:59:56,837 alphafold2_ptm_model_1_seed_043 recycle=0 pLDDT=91.6 pTM=0.742
2026-07-22 20:00:08,103 alphafold2_ptm_model_1_seed_043 recycle=1 pLDDT=92.2 pTM=0.772 tol=0.123
2026-07-22 20:00:20,866 alphafold2_ptm_model_1_seed_043 recycle=2 pLDDT=92.5 pTM=0.778 tol=0.0445
2026-07-22 20:00:38,451 alphafold2_ptm_model_1_seed_043 recycle=3 pLDDT=92.6 pTM=0.78 tol=0.0332
2026-07-22 20:00:38,453 alphafold2_ptm_model_1_seed_043 took 52.8s (3 recycles)
2026-07-22 20:00:53,621 alphafold2_ptm_model_2_seed_043 recycle=0 pLDDT=94.2 pTM=0.794
2026-07-22 20:01:08,277 alphafold2_ptm_model_2_seed_043 recycle=1 pLDDT=93.1 pTM=0.797 tol=0.127
2026-07-22 20:01:24,098 alphafold2_ptm_model_2_seed_043 recycle=2 pLDDT=92.9 pTM=0.798 tol=0.0592
2026-07-22 20:01:38,097 alphafold2_ptm_model_2_seed_043 recycle=3 pLDDT=93.1 pTM=0.801 tol=0.0343
2026-07-22 20:01:38,098 alphafold2_ptm_model_2_seed_043 took 59.6s (3 recycles)
2026-07-22 20:01:52,753 alphafold2_ptm_model_3_seed_043 recycle=0 pLDDT=90.2 pTM=0.735
2026-07-22 20:02:04,573 alphafold2_ptm_model_3_seed_043 recycle=1 pLDDT=89.8 pTM=0.735 tol=0.139
2026-07-22 20:02:19,137 alphafold2_ptm_model_3_seed_043 recycle=2 pLDDT=90.2 pTM=0.74 tol=0.0606
2026-07-22 20:02:35,868 alphafold2_ptm_model_3_seed_043 recycle=3 pLDDT=90.6 pTM=0.745 tol=0.0549
2026-07-22 20:02:35,868 alphafold2_ptm_model_3_seed_043 took 57.7s (3 recycles)
2026-07-22 20:02:51,328 alphafold2_ptm_model_4_seed_043 recycle=0 pLDDT=88.4 pTM=0.73
2026-07-22 20:03:02,903 alphafold2_ptm_model_4_seed_043 recycle=1 pLDDT=87.6 pTM=0.718 tol=0.367
2026-07-22 20:03:14,193 alphafold2_ptm_model_4_seed_043 recycle=2 pLDDT=89.9 pTM=0.754 tol=0.443
2026-07-22 20:03:25,275 alphafold2_ptm_model_4_seed_043 recycle=3 pLDDT=89.6 pTM=0.754 tol=0.0494
2026-07-22 20:03:25,276 alphafold2_ptm_model_4_seed_043 took 49.3s (3 recycles)
2026-07-22 20:03:36,735 alphafold2_ptm_model_5_seed_043 recycle=0 pLDDT=91.8 pTM=0.75
2026-07-22 20:03:50,068 alphafold2_ptm_model_5_seed_043 recycle=1 pLDDT=91.7 pTM=0.764 tol=0.125
2026-07-22 20:04:05,319 alphafold2_ptm_model_5_seed_043 recycle=2 pLDDT=92 pTM=0.769 tol=0.052
2026-07-22 20:04:19,755 alphafold2_ptm_model_5_seed_043 recycle=3 pLDDT=92.2 pTM=0.771 tol=0.0332
2026-07-22 20:04:19,756 alphafold2_ptm_model_5_seed_043 took 54.4s (3 recycles)
2026-07-22 20:04:20,998 Padding length to 82
2026-07-22 20:04:35,501 alphafold2_ptm_model_1_seed_044 recycle=0 pLDDT=91.7 pTM=0.739
2026-07-22 20:04:50,318 alphafold2_ptm_model_1_seed_044 recycle=1 pLDDT=92.4 pTM=0.771 tol=0.107
2026-07-22 20:05:05,085 alphafold2_ptm_model_1_seed_044 recycle=2 pLDDT=92.2 pTM=0.775 tol=0.0603
2026-07-22 20:05:20,819 alphafold2_ptm_model_1_seed_044 recycle=3 pLDDT=92.4 pTM=0.777 tol=0.0296
2026-07-22 20:05:20,820 alphafold2_ptm_model_1_seed_044 took 59.8s (3 recycles)
2026-07-22 20:05:35,913 alphafold2_ptm_model_2_seed_044 recycle=0 pLDDT=93.9 pTM=0.789
2026-07-22 20:05:52,092 alphafold2_ptm_model_2_seed_044 recycle=1 pLDDT=92.7 pTM=0.792 tol=0.133
2026-07-22 20:06:07,606 alphafold2_ptm_model_2_seed_044 recycle=2 pLDDT=92.8 pTM=0.795 tol=0.0456
2026-07-22 20:06:23,288 alphafold2_ptm_model_2_seed_044 recycle=3 pLDDT=92.8 pTM=0.795 tol=0.0217
2026-07-22 20:06:23,289 alphafold2_ptm_model_2_seed_044 took 62.4s (3 recycles)
2026-07-22 20:06:34,764 alphafold2_ptm_model_3_seed_044 recycle=0 pLDDT=90.3 pTM=0.736
2026-07-22 20:06:45,962 alphafold2_ptm_model_3_seed_044 recycle=1 pLDDT=89.4 pTM=0.731 tol=0.127
2026-07-22 20:06:58,845 alphafold2_ptm_model_3_seed_044 recycle=2 pLDDT=90 pTM=0.736 tol=0.0864
2026-07-22 20:07:12,952 alphafold2_ptm_model_3_seed_044 recycle=3 pLDDT=90.5 pTM=0.744 tol=0.0616
2026-07-22 20:07:12,952 alphafold2_ptm_model_3_seed_044 took 49.6s (3 recycles)
2026-07-22 20:07:27,517 alphafold2_ptm_model_4_seed_044 recycle=0 pLDDT=88.4 pTM=0.731
2026-07-22 20:07:41,749 alphafold2_ptm_model_4_seed_044 recycle=1 pLDDT=87.8 pTM=0.72 tol=0.334
2026-07-22 20:07:58,188 alphafold2_ptm_model_4_seed_044 recycle=2 pLDDT=89.8 pTM=0.751 tol=0.446
2026-07-22 20:08:11,529 alphafold2_ptm_model_4_seed_044 recycle=3 pLDDT=89.4 pTM=0.753 tol=0.0509
2026-07-22 20:08:11,529 alphafold2_ptm_model_4_seed_044 took 58.5s (3 recycles)
2026-07-22 20:08:26,445 alphafold2_ptm_model_5_seed_044 recycle=0 pLDDT=91.2 pTM=0.739
2026-07-22 20:08:41,570 alphafold2_ptm_model_5_seed_044 recycle=1 pLDDT=91.4 pTM=0.759 tol=0.125
2026-07-22 20:08:56,566 alphafold2_ptm_model_5_seed_044 recycle=2 pLDDT=91.8 pTM=0.764 tol=0.0533
2026-07-22 20:09:11,508 alphafold2_ptm_model_5_seed_044 recycle=3 pLDDT=92.2 pTM=0.771 tol=0.0309
2026-07-22 20:09:11,509 alphafold2_ptm_model_5_seed_044 took 60.0s (3 recycles)
2026-07-22 20:09:11,544 reranking models by 'plddt' metric
2026-07-22 20:09:11,545 rank_001_alphafold2_ptm_model_2_seed_043 pLDDT=93.1 pTM=0.801
2026-07-22 20:09:11,547 rank_002_alphafold2_ptm_model_2_seed_044 pLDDT=92.8 pTM=0.795
2026-07-22 20:09:11,548 rank_003_alphafold2_ptm_model_1_seed_043 pLDDT=92.6 pTM=0.78
2026-07-22 20:09:11,550 rank_004_alphafold2_ptm_model_1_seed_042 pLDDT=92.6 pTM=0.78
2026-07-22 20:09:11,552 rank_005_alphafold2_ptm_model_2_seed_042 pLDDT=92.6 pTM=0.793
2026-07-22 20:09:11,553 rank_006_alphafold2_ptm_model_1_seed_044 pLDDT=92.4 pTM=0.777
2026-07-22 20:09:11,555 rank_007_alphafold2_ptm_model_5_seed_044 pLDDT=92.2 pTM=0.771
2026-07-22 20:09:11,556 rank_008_alphafold2_ptm_model_5_seed_043 pLDDT=92.2 pTM=0.771
2026-07-22 20:09:11,558 rank_009_alphafold2_ptm_model_5_seed_042 pLDDT=92.1 pTM=0.771
2026-07-22 20:09:11,559 rank_010_alphafold2_ptm_model_3_seed_042 pLDDT=90.8 pTM=0.746
2026-07-22 20:09:11,561 rank_011_alphafold2_ptm_model_3_seed_043 pLDDT=90.6 pTM=0.745
2026-07-22 20:09:11,562 rank_012_alphafold2_ptm_model_3_seed_044 pLDDT=90.5 pTM=0.744
2026-07-22 20:09:11,564 rank_013_alphafold2_ptm_model_4_seed_042 pLDDT=89.8 pTM=0.754
2026-07-22 20:09:11,566 rank_014_alphafold2_ptm_model_4_seed_043 pLDDT=89.6 pTM=0.754
2026-07-22 20:09:11,567 rank_015_alphafold2_ptm_model_4_seed_044 pLDDT=89.4 pTM=0.753
2026-07-22 20:09:14,494 Query 4/786: 5KPH_4_2_7_0_combined_id2 (length 72)
2026-07-22 20:09:16,590 Padding length to 82
2026-07-22 20:09:31,039 alphafold2_ptm_model_1_seed_042 recycle=0 pLDDT=85.6 pTM=0.598
2026-07-22 20:09:43,407 alphafold2_ptm_model_1_seed_042 recycle=1 pLDDT=89.4 pTM=0.683 tol=0.286
2026-07-22 20:09:54,525 alphafold2_ptm_model_1_seed_042 recycle=2 pLDDT=89.9 pTM=0.702 tol=0.0977
2026-07-22 20:10:05,530 alphafold2_ptm_model_1_seed_042 recycle=3 pLDDT=90.2 pTM=0.708 tol=0.0443
2026-07-22 20:10:05,531 alphafold2_ptm_model_1_seed_042 took 48.9s (3 recycles)
2026-07-22 20:10:16,466 alphafold2_ptm_model_2_seed_042 recycle=0 pLDDT=90.9 pTM=0.733
2026-07-22 20:10:27,406 alphafold2_ptm_model_2_seed_042 recycle=1 pLDDT=92.1 pTM=0.757 tol=0.177
2026-07-22 20:10:38,238 alphafold2_ptm_model_2_seed_042 recycle=2 pLDDT=92.4 pTM=0.763 tol=0.0809
2026-07-22 20:10:49,149 alphafold2_ptm_model_2_seed_042 recycle=3 pLDDT=92.4 pTM=0.764 tol=0.0285
2026-07-22 20:10:49,150 alphafold2_ptm_model_2_seed_042 took 43.6s (3 recycles)
2026-07-22 20:11:00,329 alphafold2_ptm_model_3_seed_042 recycle=0 pLDDT=87.5 pTM=0.66
2026-07-22 20:11:11,065 alphafold2_ptm_model_3_seed_042 recycle=1 pLDDT=89.8 pTM=0.698 tol=0.203
2026-07-22 20:11:22,122 alphafold2_ptm_model_3_seed_042 recycle=2 pLDDT=89.9 pTM=0.703 tol=0.0964
2026-07-22 20:11:33,178 alphafold2_ptm_model_3_seed_042 recycle=3 pLDDT=90.2 pTM=0.707 tol=0.0579
2026-07-22 20:11:33,179 alphafold2_ptm_model_3_seed_042 took 44.0s (3 recycles)
2026-07-22 20:11:44,444 alphafold2_ptm_model_4_seed_042 recycle=0 pLDDT=88.6 pTM=0.681
2026-07-22 20:11:55,731 alphafold2_ptm_model_4_seed_042 recycle=1 pLDDT=90.6 pTM=0.718 tol=0.209
2026-07-22 20:12:06,982 alphafold2_ptm_model_4_seed_042 recycle=2 pLDDT=90.6 pTM=0.717 tol=0.075
2026-07-22 20:12:18,214 alphafold2_ptm_model_4_seed_042 recycle=3 pLDDT=90.6 pTM=0.716 tol=0.0408
2026-07-22 20:12:18,214 alphafold2_ptm_model_4_seed_042 took 45.0s (3 recycles)
2026-07-22 20:12:29,447 alphafold2_ptm_model_5_seed_042 recycle=0 pLDDT=86.6 pTM=0.65
2026-07-22 20:12:40,621 alphafold2_ptm_model_5_seed_042 recycle=1 pLDDT=90.2 pTM=0.709 tol=0.346
2026-07-22 20:12:51,843 alphafold2_ptm_model_5_seed_042 recycle=2 pLDDT=90.6 pTM=0.712 tol=0.0698
2026-07-22 20:13:03,216 alphafold2_ptm_model_5_seed_042 recycle=3 pLDDT=90.5 pTM=0.711 tol=0.0342
2026-07-22 20:13:03,217 alphafold2_ptm_model_5_seed_042 took 45.0s (3 recycles)
2026-07-22 20:13:04,144 Padding length to 82
2026-07-22 20:13:15,341 alphafold2_ptm_model_1_seed_043 recycle=0 pLDDT=83.8 pTM=0.575
2026-07-22 20:13:26,509 alphafold2_ptm_model_1_seed_043 recycle=1 pLDDT=89 pTM=0.675 tol=0.366
2026-07-22 20:13:37,705 alphafold2_ptm_model_1_seed_043 recycle=2 pLDDT=89.8 pTM=0.699 tol=0.126
2026-07-22 20:13:48,781 alphafold2_ptm_model_1_seed_043 recycle=3 pLDDT=90.1 pTM=0.706 tol=0.0543
2026-07-22 20:13:48,782 alphafold2_ptm_model_1_seed_043 took 44.6s (3 recycles)
2026-07-22 20:13:59,916 alphafold2_ptm_model_2_seed_043 recycle=0 pLDDT=91.1 pTM=0.732
2026-07-22 20:14:11,036 alphafold2_ptm_model_2_seed_043 recycle=1 pLDDT=92.1 pTM=0.756 tol=0.164
2026-07-22 20:14:22,117 alphafold2_ptm_model_2_seed_043 recycle=2 pLDDT=92.2 pTM=0.762 tol=0.0718
2026-07-22 20:14:33,221 alphafold2_ptm_model_2_seed_043 recycle=3 pLDDT=92.4 pTM=0.765 tol=0.0291
2026-07-22 20:14:33,222 alphafold2_ptm_model_2_seed_043 took 44.4s (3 recycles)
2026-07-22 20:14:44,270 alphafold2_ptm_model_3_seed_043 recycle=0 pLDDT=86.7 pTM=0.645
2026-07-22 20:14:55,348 alphafold2_ptm_model_3_seed_043 recycle=1 pLDDT=89.8 pTM=0.696 tol=0.252
2026-07-22 20:15:06,300 alphafold2_ptm_model_3_seed_043 recycle=2 pLDDT=89.9 pTM=0.702 tol=0.0914
2026-07-22 20:15:17,262 alphafold2_ptm_model_3_seed_043 recycle=3 pLDDT=90.1 pTM=0.706 tol=0.0608
2026-07-22 20:15:17,263 alphafold2_ptm_model_3_seed_043 took 44.0s (3 recycles)
2026-07-22 20:15:28,342 alphafold2_ptm_model_4_seed_043 recycle=0 pLDDT=86.6 pTM=0.649
2026-07-22 20:15:39,448 alphafold2_ptm_model_4_seed_043 recycle=1 pLDDT=90.2 pTM=0.713 tol=0.262
2026-07-22 20:15:50,426 alphafold2_ptm_model_4_seed_043 recycle=2 pLDDT=90.4 pTM=0.715 tol=0.0764
2026-07-22 20:16:01,542 alphafold2_ptm_model_4_seed_043 recycle=3 pLDDT=90.6 pTM=0.715 tol=0.0361
2026-07-22 20:16:01,543 alphafold2_ptm_model_4_seed_043 took 44.3s (3 recycles)
2026-07-22 20:16:12,779 alphafold2_ptm_model_5_seed_043 recycle=0 pLDDT=87.2 pTM=0.66
2026-07-22 20:16:23,856 alphafold2_ptm_model_5_seed_043 recycle=1 pLDDT=90.3 pTM=0.71 tol=0.304
2026-07-22 20:16:34,980 alphafold2_ptm_model_5_seed_043 recycle=2 pLDDT=90.5 pTM=0.711 tol=0.07
2026-07-22 20:16:46,212 alphafold2_ptm_model_5_seed_043 recycle=3 pLDDT=90.4 pTM=0.71 tol=0.0379
2026-07-22 20:16:46,212 alphafold2_ptm_model_5_seed_043 took 44.6s (3 recycles)
2026-07-22 20:16:47,205 Padding length to 82
2026-07-22 20:16:58,304 alphafold2_ptm_model_1_seed_044 recycle=0 pLDDT=84.8 pTM=0.584
2026-07-22 20:17:09,285 alphafold2_ptm_model_1_seed_044 recycle=1 pLDDT=89.1 pTM=0.678 tol=0.349
2026-07-22 20:17:20,239 alphafold2_ptm_model_1_seed_044 recycle=2 pLDDT=89.8 pTM=0.701 tol=0.109
2026-07-22 20:17:31,138 alphafold2_ptm_model_1_seed_044 recycle=3 pLDDT=90.1 pTM=0.707 tol=0.0514
2026-07-22 20:17:31,140 alphafold2_ptm_model_1_seed_044 took 43.9s (3 recycles)
2026-07-22 20:17:42,230 alphafold2_ptm_model_2_seed_044 recycle=0 pLDDT=91.1 pTM=0.734
2026-07-22 20:17:53,549 alphafold2_ptm_model_2_seed_044 recycle=1 pLDDT=92.1 pTM=0.757 tol=0.171
2026-07-22 20:18:04,722 alphafold2_ptm_model_2_seed_044 recycle=2 pLDDT=92.4 pTM=0.763 tol=0.0721
2026-07-22 20:18:15,859 alphafold2_ptm_model_2_seed_044 recycle=3 pLDDT=92.4 pTM=0.765 tol=0.0265
2026-07-22 20:18:15,860 alphafold2_ptm_model_2_seed_044 took 44.7s (3 recycles)
2026-07-22 20:18:27,077 alphafold2_ptm_model_3_seed_044 recycle=0 pLDDT=86.9 pTM=0.647
2026-07-22 20:18:38,224 alphafold2_ptm_model_3_seed_044 recycle=1 pLDDT=89.7 pTM=0.693 tol=0.261
2026-07-22 20:18:49,408 alphafold2_ptm_model_3_seed_044 recycle=2 pLDDT=89.8 pTM=0.7 tol=0.0874
2026-07-22 20:19:00,719 alphafold2_ptm_model_3_seed_044 recycle=3 pLDDT=90.2 pTM=0.707 tol=0.0561
2026-07-22 20:19:00,720 alphafold2_ptm_model_3_seed_044 took 44.8s (3 recycles)
2026-07-22 20:19:12,377 alphafold2_ptm_model_4_seed_044 recycle=0 pLDDT=86.9 pTM=0.651
2026-07-22 20:19:23,544 alphafold2_ptm_model_4_seed_044 recycle=1 pLDDT=90.2 pTM=0.713 tol=0.25
2026-07-22 20:19:34,714 alphafold2_ptm_model_4_seed_044 recycle=2 pLDDT=90.4 pTM=0.712 tol=0.0735
2026-07-22 20:19:45,793 alphafold2_ptm_model_4_seed_044 recycle=3 pLDDT=90.5 pTM=0.714 tol=0.034
2026-07-22 20:19:45,794 alphafold2_ptm_model_4_seed_044 took 44.7s (3 recycles)
2026-07-22 20:19:57,209 alphafold2_ptm_model_5_seed_044 recycle=0 pLDDT=87.1 pTM=0.656
2026-07-22 20:20:08,469 alphafold2_ptm_model_5_seed_044 recycle=1 pLDDT=90.1 pTM=0.707 tol=0.321
2026-07-22 20:20:19,734 alphafold2_ptm_model_5_seed_044 recycle=2 pLDDT=90.4 pTM=0.708 tol=0.0659
2026-07-22 20:20:30,938 alphafold2_ptm_model_5_seed_044 recycle=3 pLDDT=90.5 pTM=0.71 tol=0.0324
2026-07-22 20:20:30,939 alphafold2_ptm_model_5_seed_044 took 45.1s (3 recycles)
2026-07-22 20:20:30,967 reranking models by 'plddt' metric
2026-07-22 20:20:30,967 rank_001_alphafold2_ptm_model_2_seed_044 pLDDT=92.4 pTM=0.765
2026-07-22 20:20:30,969 rank_002_alphafold2_ptm_model_2_seed_043 pLDDT=92.4 pTM=0.765
2026-07-22 20:20:30,970 rank_003_alphafold2_ptm_model_2_seed_042 pLDDT=92.4 pTM=0.764
2026-07-22 20:20:30,971 rank_004_alphafold2_ptm_model_4_seed_042 pLDDT=90.6 pTM=0.716
2026-07-22 20:20:30,972 rank_005_alphafold2_ptm_model_4_seed_043 pLDDT=90.6 pTM=0.715
2026-07-22 20:20:30,974 rank_006_alphafold2_ptm_model_5_seed_044 pLDDT=90.5 pTM=0.71
2026-07-22 20:20:30,975 rank_007_alphafold2_ptm_model_4_seed_044 pLDDT=90.5 pTM=0.714
2026-07-22 20:20:30,976 rank_008_alphafold2_ptm_model_5_seed_042 pLDDT=90.5 pTM=0.711
2026-07-22 20:20:30,977 rank_009_alphafold2_ptm_model_5_seed_043 pLDDT=90.4 pTM=0.71
2026-07-22 20:20:30,979 rank_010_alphafold2_ptm_model_3_seed_044 pLDDT=90.2 pTM=0.707
2026-07-22 20:20:30,980 rank_011_alphafold2_ptm_model_3_seed_042 pLDDT=90.2 pTM=0.707
2026-07-22 20:20:30,981 rank_012_alphafold2_ptm_model_1_seed_042 pLDDT=90.2 pTM=0.708
2026-07-22 20:20:30,983 rank_013_alphafold2_ptm_model_1_seed_044 pLDDT=90.1 pTM=0.707
2026-07-22 20:20:30,984 rank_014_alphafold2_ptm_model_3_seed_043 pLDDT=90.1 pTM=0.706
2026-07-22 20:20:30,985 rank_015_alphafold2_ptm_model_1_seed_043 pLDDT=90.1 pTM=0.706
2026-07-22 20:20:34,089 Query 5/786: 5KPH_4_2_7_0_combined_id3 (length 72)
2026-07-22 20:20:35,834 Padding length to 82
2026-07-22 20:20:47,071 alphafold2_ptm_model_1_seed_042 recycle=0 pLDDT=88.4 pTM=0.686
2026-07-22 20:20:58,287 alphafold2_ptm_model_1_seed_042 recycle=1 pLDDT=89.1 pTM=0.728 tol=0.422
2026-07-22 20:21:09,409 alphafold2_ptm_model_1_seed_042 recycle=2 pLDDT=89.8 pTM=0.739 tol=0.271
2026-07-22 20:21:20,524 alphafold2_ptm_model_1_seed_042 recycle=3 pLDDT=89.9 pTM=0.743 tol=0.0373
2026-07-22 20:21:20,524 alphafold2_ptm_model_1_seed_042 took 44.7s (3 recycles)
2026-07-22 20:21:31,562 alphafold2_ptm_model_2_seed_042 recycle=0 pLDDT=90.6 pTM=0.751
2026-07-22 20:21:42,537 alphafold2_ptm_model_2_seed_042 recycle=1 pLDDT=90.6 pTM=0.77 tol=0.221
2026-07-22 20:21:53,553 alphafold2_ptm_model_2_seed_042 recycle=2 pLDDT=91.1 pTM=0.779 tol=0.057
2026-07-22 20:22:04,462 alphafold2_ptm_model_2_seed_042 recycle=3 pLDDT=91.2 pTM=0.781 tol=0.0259
2026-07-22 20:22:04,463 alphafold2_ptm_model_2_seed_042 took 43.9s (3 recycles)
2026-07-22 20:22:16,639 alphafold2_ptm_model_3_seed_042 recycle=0 pLDDT=87.8 pTM=0.682
2026-07-22 20:22:30,389 alphafold2_ptm_model_3_seed_042 recycle=1 pLDDT=88.8 pTM=0.714 tol=0.132
2026-07-22 20:22:41,307 alphafold2_ptm_model_3_seed_042 recycle=2 pLDDT=89.5 pTM=0.722 tol=0.0636
2026-07-22 20:22:52,318 alphafold2_ptm_model_3_seed_042 recycle=3 pLDDT=89.8 pTM=0.731 tol=0.0545
2026-07-22 20:22:52,318 alphafold2_ptm_model_3_seed_042 took 47.8s (3 recycles)
2026-07-22 20:23:03,582 alphafold2_ptm_model_4_seed_042 recycle=0 pLDDT=88.9 pTM=0.715
2026-07-22 20:23:14,676 alphafold2_ptm_model_4_seed_042 recycle=1 pLDDT=89.6 pTM=0.727 tol=0.0947
2026-07-22 20:23:25,795 alphafold2_ptm_model_4_seed_042 recycle=2 pLDDT=90 pTM=0.738 tol=0.0491
2026-07-22 20:23:36,812 alphafold2_ptm_model_4_seed_042 recycle=3 pLDDT=90.2 pTM=0.745 tol=0.0422
2026-07-22 20:23:36,813 alphafold2_ptm_model_4_seed_042 took 44.5s (3 recycles)
2026-07-22 20:23:47,996 alphafold2_ptm_model_5_seed_042 recycle=0 pLDDT=89.6 pTM=0.731
2026-07-22 20:23:59,176 alphafold2_ptm_model_5_seed_042 recycle=1 pLDDT=90.3 pTM=0.736 tol=0.173
2026-07-22 20:24:10,298 alphafold2_ptm_model_5_seed_042 recycle=2 pLDDT=90.4 pTM=0.734 tol=0.0533
2026-07-22 20:24:21,472 alphafold2_ptm_model_5_seed_042 recycle=3 pLDDT=90.4 pTM=0.735 tol=0.0227
2026-07-22 20:24:21,473 alphafold2_ptm_model_5_seed_042 took 44.6s (3 recycles)
2026-07-22 20:24:22,338 Padding length to 82
2026-07-22 20:24:33,402 alphafold2_ptm_model_1_seed_043 recycle=0 pLDDT=87.9 pTM=0.678
2026-07-22 20:24:44,521 alphafold2_ptm_model_1_seed_043 recycle=1 pLDDT=89.1 pTM=0.725 tol=0.445
2026-07-22 20:24:55,667 alphafold2_ptm_model_1_seed_043 recycle=2 pLDDT=89.7 pTM=0.738 tol=0.187
2026-07-22 20:25:06,972 alphafold2_ptm_model_1_seed_043 recycle=3 pLDDT=89.9 pTM=0.742 tol=0.0452
2026-07-22 20:25:06,973 alphafold2_ptm_model_1_seed_043 took 44.6s (3 recycles)
2026-07-22 20:25:18,252 alphafold2_ptm_model_2_seed_043 recycle=0 pLDDT=90.6 pTM=0.751
2026-07-22 20:25:29,621 alphafold2_ptm_model_2_seed_043 recycle=1 pLDDT=90.7 pTM=0.77 tol=0.145
2026-07-22 20:25:41,084 alphafold2_ptm_model_2_seed_043 recycle=2 pLDDT=91.1 pTM=0.778 tol=0.0513
2026-07-22 20:25:52,628 alphafold2_ptm_model_2_seed_043 recycle=3 pLDDT=91.3 pTM=0.782 tol=0.0222
2026-07-22 20:25:52,629 alphafold2_ptm_model_2_seed_043 took 45.6s (3 recycles)
2026-07-22 20:26:04,407 alphafold2_ptm_model_3_seed_043 recycle=0 pLDDT=88.1 pTM=0.687
2026-07-22 20:26:16,123 alphafold2_ptm_model_3_seed_043 recycle=1 pLDDT=88.5 pTM=0.713 tol=0.146
2026-07-22 20:26:27,718 alphafold2_ptm_model_3_seed_043 recycle=2 pLDDT=89.4 pTM=0.723 tol=0.0771
2026-07-22 20:26:39,213 alphafold2_ptm_model_3_seed_043 recycle=3 pLDDT=89.7 pTM=0.731 tol=0.0517
2026-07-22 20:26:39,214 alphafold2_ptm_model_3_seed_043 took 46.6s (3 recycles)
2026-07-22 20:26:50,793 alphafold2_ptm_model_4_seed_043 recycle=0 pLDDT=88.9 pTM=0.715
2026-07-22 20:27:02,253 alphafold2_ptm_model_4_seed_043 recycle=1 pLDDT=89.7 pTM=0.728 tol=0.109
2026-07-22 20:27:13,626 alphafold2_ptm_model_4_seed_043 recycle=2 pLDDT=89.9 pTM=0.737 tol=0.0465
2026-07-22 20:27:25,017 alphafold2_ptm_model_4_seed_043 recycle=3 pLDDT=90.2 pTM=0.744 tol=0.037
2026-07-22 20:27:25,017 alphafold2_ptm_model_4_seed_043 took 45.8s (3 recycles)
2026-07-22 20:27:36,622 alphafold2_ptm_model_5_seed_043 recycle=0 pLDDT=89.5 pTM=0.731
2026-07-22 20:27:48,092 alphafold2_ptm_model_5_seed_043 recycle=1 pLDDT=90.2 pTM=0.734 tol=0.173
2026-07-22 20:27:59,603 alphafold2_ptm_model_5_seed_043 recycle=2 pLDDT=90.3 pTM=0.733 tol=0.0473
2026-07-22 20:28:11,344 alphafold2_ptm_model_5_seed_043 recycle=3 pLDDT=90.3 pTM=0.734 tol=0.0245
2026-07-22 20:28:11,345 alphafold2_ptm_model_5_seed_043 took 46.3s (3 recycles)
2026-07-22 20:28:12,289 Padding length to 82
2026-07-22 20:28:23,794 alphafold2_ptm_model_1_seed_044 recycle=0 pLDDT=88.3 pTM=0.684
2026-07-22 20:28:35,357 alphafold2_ptm_model_1_seed_044 recycle=1 pLDDT=89.2 pTM=0.729 tol=0.44
2026-07-22 20:28:49,541 alphafold2_ptm_model_1_seed_044 recycle=2 pLDDT=89.8 pTM=0.738 tol=0.234
2026-07-22 20:29:00,877 alphafold2_ptm_model_1_seed_044 recycle=3 pLDDT=89.9 pTM=0.74 tol=0.0519
2026-07-22 20:29:00,878 alphafold2_ptm_model_1_seed_044 took 48.6s (3 recycles)
2026-07-22 20:29:12,144 alphafold2_ptm_model_2_seed_044 recycle=0 pLDDT=90.6 pTM=0.751
2026-07-22 20:29:23,435 alphafold2_ptm_model_2_seed_044 recycle=1 pLDDT=90.6 pTM=0.77 tol=0.458
2026-07-22 20:29:34,758 alphafold2_ptm_model_2_seed_044 recycle=2 pLDDT=91.2 pTM=0.778 tol=0.0886
2026-07-22 20:29:45,928 alphafold2_ptm_model_2_seed_044 recycle=3 pLDDT=91.2 pTM=0.78 tol=0.0292
2026-07-22 20:29:45,929 alphafold2_ptm_model_2_seed_044 took 45.0s (3 recycles)
2026-07-22 20:29:57,402 alphafold2_ptm_model_3_seed_044 recycle=0 pLDDT=88.1 pTM=0.689
2026-07-22 20:30:08,914 alphafold2_ptm_model_3_seed_044 recycle=1 pLDDT=88.8 pTM=0.715 tol=0.137
2026-07-22 20:30:20,675 alphafold2_ptm_model_3_seed_044 recycle=2 pLDDT=89.5 pTM=0.724 tol=0.0584
2026-07-22 20:30:31,982 alphafold2_ptm_model_3_seed_044 recycle=3 pLDDT=89.8 pTM=0.732 tol=0.0593
2026-07-22 20:30:31,983 alphafold2_ptm_model_3_seed_044 took 46.0s (3 recycles)
2026-07-22 20:30:43,616 alphafold2_ptm_model_4_seed_044 recycle=0 pLDDT=89.1 pTM=0.717
2026-07-22 20:30:54,967 alphafold2_ptm_model_4_seed_044 recycle=1 pLDDT=89.6 pTM=0.728 tol=0.0972
2026-07-22 20:31:06,337 alphafold2_ptm_model_4_seed_044 recycle=2 pLDDT=89.9 pTM=0.736 tol=0.0496
2026-07-22 20:31:17,661 alphafold2_ptm_model_4_seed_044 recycle=3 pLDDT=90.1 pTM=0.743 tol=0.0439
2026-07-22 20:31:17,662 alphafold2_ptm_model_4_seed_044 took 45.7s (3 recycles)
2026-07-22 20:31:29,642 alphafold2_ptm_model_5_seed_044 recycle=0 pLDDT=89.5 pTM=0.729
2026-07-22 20:31:40,732 alphafold2_ptm_model_5_seed_044 recycle=1 pLDDT=90.5 pTM=0.74 tol=0.163
2026-07-22 20:31:51,980 alphafold2_ptm_model_5_seed_044 recycle=2 pLDDT=90.4 pTM=0.735 tol=0.0577
2026-07-22 20:32:03,992 alphafold2_ptm_model_5_seed_044 recycle=3 pLDDT=90.4 pTM=0.736 tol=0.0363
2026-07-22 20:32:03,992 alphafold2_ptm_model_5_seed_044 took 46.3s (3 recycles)
2026-07-22 20:32:04,019 reranking models by 'plddt' metric
2026-07-22 20:32:04,019 rank_001_alphafold2_ptm_model_2_seed_043 pLDDT=91.3 pTM=0.782
2026-07-22 20:32:04,021 rank_002_alphafold2_ptm_model_2_seed_042 pLDDT=91.2 pTM=0.781
2026-07-22 20:32:04,023 rank_003_alphafold2_ptm_model_2_seed_044 pLDDT=91.2 pTM=0.78
2026-07-22 20:32:04,025 rank_004_alphafold2_ptm_model_5_seed_044 pLDDT=90.4 pTM=0.736
2026-07-22 20:32:04,026 rank_005_alphafold2_ptm_model_5_seed_042 pLDDT=90.4 pTM=0.735
2026-07-22 20:32:04,028 rank_006_alphafold2_ptm_model_5_seed_043 pLDDT=90.3 pTM=0.734
2026-07-22 20:32:04,030 rank_007_alphafold2_ptm_model_4_seed_043 pLDDT=90.2 pTM=0.744
2026-07-22 20:32:04,031 rank_008_alphafold2_ptm_model_4_seed_042 pLDDT=90.2 pTM=0.745
2026-07-22 20:32:04,033 rank_009_alphafold2_ptm_model_4_seed_044 pLDDT=90.1 pTM=0.743
2026-07-22 20:32:04,034 rank_010_alphafold2_ptm_model_1_seed_043 pLDDT=89.9 pTM=0.742
2026-07-22 20:32:04,036 rank_011_alphafold2_ptm_model_1_seed_042 pLDDT=89.9 pTM=0.743
2026-07-22 20:32:04,037 rank_012_alphafold2_ptm_model_1_seed_044 pLDDT=89.9 pTM=0.74
2026-07-22 20:32:04,039 rank_013_alphafold2_ptm_model_3_seed_044 pLDDT=89.8 pTM=0.732
2026-07-22 20:32:04,041 rank_014_alphafold2_ptm_model_3_seed_042 pLDDT=89.8 pTM=0.731
2026-07-22 20:32:04,042 rank_015_alphafold2_ptm_model_3_seed_043 pLDDT=89.7 pTM=0.731
2026-07-22 20:32:06,688 Skipping 5KPH_4_2_7_0_combined_id4 (already done)
2026-07-22 20:32:06,689 Skipping 5KPH_4_2_7_0_combined_id8 (already done)
2026-07-22 20:32:06,689 Query 8/786: 5KPH_4_2_7_0_combined_id0 (length 72)
2026-07-22 20:32:08,708 Padding length to 82
2026-07-22 20:32:19,912 alphafold2_ptm_model_1_seed_042 recycle=0 pLDDT=88.8 pTM=0.674
2026-07-22 20:32:31,184 alphafold2_ptm_model_1_seed_042 recycle=1 pLDDT=90.8 pTM=0.721 tol=0.136
2026-07-22 20:32:42,359 alphafold2_ptm_model_1_seed_042 recycle=2 pLDDT=90.8 pTM=0.731 tol=0.118
2026-07-22 20:32:53,622 alphafold2_ptm_model_1_seed_042 recycle=3 pLDDT=91 pTM=0.733 tol=0.0776
2026-07-22 20:32:53,623 alphafold2_ptm_model_1_seed_042 took 44.9s (3 recycles)
2026-07-22 20:33:05,138 alphafold2_ptm_model_2_seed_042 recycle=0 pLDDT=90.4 pTM=0.733
2026-07-22 20:33:16,241 alphafold2_ptm_model_2_seed_042 recycle=1 pLDDT=92.2 pTM=0.773 tol=0.13
2026-07-22 20:33:27,558 alphafold2_ptm_model_2_seed_042 recycle=2 pLDDT=92.6 pTM=0.782 tol=0.0361
2026-07-22 20:33:38,878 alphafold2_ptm_model_2_seed_042 recycle=3 pLDDT=92.9 pTM=0.786 tol=0.0238
2026-07-22 20:33:38,879 alphafold2_ptm_model_2_seed_042 took 45.2s (3 recycles)
2026-07-22 20:33:50,520 alphafold2_ptm_model_3_seed_042 recycle=0 pLDDT=87.8 pTM=0.67
2026-07-22 20:34:01,826 alphafold2_ptm_model_3_seed_042 recycle=1 pLDDT=89.4 pTM=0.708 tol=0.115
2026-07-22 20:34:12,973 alphafold2_ptm_model_3_seed_042 recycle=2 pLDDT=89.8 pTM=0.715 tol=0.0893
2026-07-22 20:34:24,124 alphafold2_ptm_model_3_seed_042 recycle=3 pLDDT=90.1 pTM=0.727 tol=0.0577
2026-07-22 20:34:24,124 alphafold2_ptm_model_3_seed_042 took 45.2s (3 recycles)
2026-07-22 20:34:35,450 alphafold2_ptm_model_4_seed_042 recycle=0 pLDDT=89.2 pTM=0.71
2026-07-22 20:34:46,555 alphafold2_ptm_model_4_seed_042 recycle=1 pLDDT=90.6 pTM=0.731 tol=0.156
2026-07-22 20:34:57,684 alphafold2_ptm_model_4_seed_042 recycle=2 pLDDT=90.6 pTM=0.733 tol=0.0453
2026-07-22 20:35:08,812 alphafold2_ptm_model_4_seed_042 recycle=3 pLDDT=90.8 pTM=0.736 tol=0.0335
2026-07-22 20:35:08,815 alphafold2_ptm_model_4_seed_042 took 44.7s (3 recycles)
2026-07-22 20:35:20,411 alphafold2_ptm_model_5_seed_042 recycle=0 pLDDT=88.4 pTM=0.701
2026-07-22 20:35:31,575 alphafold2_ptm_model_5_seed_042 recycle=1 pLDDT=90.3 pTM=0.72 tol=0.175
2026-07-22 20:35:42,689 alphafold2_ptm_model_5_seed_042 recycle=2 pLDDT=90.6 pTM=0.724 tol=0.0983
2026-07-22 20:35:53,981 alphafold2_ptm_model_5_seed_042 recycle=3 pLDDT=90.8 pTM=0.728 tol=0.0373
2026-07-22 20:35:53,982 alphafold2_ptm_model_5_seed_042 took 45.1s (3 recycles)
2026-07-22 20:35:55,623 Padding length to 82
2026-07-22 20:36:06,868 alphafold2_ptm_model_1_seed_043 recycle=0 pLDDT=88.5 pTM=0.667
2026-07-22 20:36:18,204 alphafold2_ptm_model_1_seed_043 recycle=1 pLDDT=90.8 pTM=0.72 tol=0.112
2026-07-22 20:36:29,511 alphafold2_ptm_model_1_seed_043 recycle=2 pLDDT=90.8 pTM=0.728 tol=0.0876
2026-07-22 20:36:40,857 alphafold2_ptm_model_1_seed_043 recycle=3 pLDDT=91 pTM=0.733 tol=0.0333
2026-07-22 20:36:40,858 alphafold2_ptm_model_1_seed_043 took 45.2s (3 recycles)
2026-07-22 20:36:52,308 alphafold2_ptm_model_2_seed_043 recycle=0 pLDDT=89.8 pTM=0.723
2026-07-22 20:37:03,868 alphafold2_ptm_model_2_seed_043 recycle=1 pLDDT=92.2 pTM=0.772 tol=0.144
2026-07-22 20:37:15,079 alphafold2_ptm_model_2_seed_043 recycle=2 pLDDT=92.6 pTM=0.781 tol=0.0374
2026-07-22 20:37:26,629 alphafold2_ptm_model_2_seed_043 recycle=3 pLDDT=92.8 pTM=0.785 tol=0.0262
2026-07-22 20:37:26,630 alphafold2_ptm_model_2_seed_043 took 45.7s (3 recycles)
2026-07-22 20:37:37,986 alphafold2_ptm_model_3_seed_043 recycle=0 pLDDT=87.6 pTM=0.668
2026-07-22 20:37:49,403 alphafold2_ptm_model_3_seed_043 recycle=1 pLDDT=89.5 pTM=0.708 tol=0.13
2026-07-22 20:38:00,746 alphafold2_ptm_model_3_seed_043 recycle=2 pLDDT=89.8 pTM=0.716 tol=0.0983
2026-07-22 20:38:12,029 alphafold2_ptm_model_3_seed_043 recycle=3 pLDDT=90.2 pTM=0.726 tol=0.0616
2026-07-22 20:38:12,030 alphafold2_ptm_model_3_seed_043 took 45.4s (3 recycles)
2026-07-22 20:38:23,364 alphafold2_ptm_model_4_seed_043 recycle=0 pLDDT=88.8 pTM=0.703
2026-07-22 20:38:35,633 alphafold2_ptm_model_4_seed_043 recycle=1 pLDDT=90.4 pTM=0.726 tol=0.181
2026-07-22 20:38:47,133 alphafold2_ptm_model_4_seed_043 recycle=2 pLDDT=90.4 pTM=0.732 tol=0.0414
2026-07-22 20:38:58,231 alphafold2_ptm_model_4_seed_043 recycle=3 pLDDT=90.6 pTM=0.733 tol=0.0332
2026-07-22 20:38:58,231 alphafold2_ptm_model_4_seed_043 took 46.1s (3 recycles)
2026-07-22 20:39:09,428 alphafold2_ptm_model_5_seed_043 recycle=0 pLDDT=88.9 pTM=0.709
2026-07-22 20:39:20,541 alphafold2_ptm_model_5_seed_043 recycle=1 pLDDT=90.4 pTM=0.722 tol=0.174
2026-07-22 20:39:31,682 alphafold2_ptm_model_5_seed_043 recycle=2 pLDDT=90.7 pTM=0.723 tol=0.0919
2026-07-22 20:39:42,888 alphafold2_ptm_model_5_seed_043 recycle=3 pLDDT=90.8 pTM=0.726 tol=0.0315
2026-07-22 20:39:42,889 alphafold2_ptm_model_5_seed_043 took 44.6s (3 recycles)
2026-07-22 20:39:43,870 Padding length to 82
2026-07-22 20:39:55,135 alphafold2_ptm_model_1_seed_044 recycle=0 pLDDT=88.8 pTM=0.671
2026-07-22 20:40:06,183 alphafold2_ptm_model_1_seed_044 recycle=1 pLDDT=90.8 pTM=0.722 tol=0.12
2026-07-22 20:40:17,378 alphafold2_ptm_model_1_seed_044 recycle=2 pLDDT=90.9 pTM=0.732 tol=0.151
2026-07-22 20:40:28,522 alphafold2_ptm_model_1_seed_044 recycle=3 pLDDT=90.9 pTM=0.732 tol=0.0816
2026-07-22 20:40:28,523 alphafold2_ptm_model_1_seed_044 took 44.7s (3 recycles)
2026-07-22 20:40:39,825 alphafold2_ptm_model_2_seed_044 recycle=0 pLDDT=90.3 pTM=0.735
2026-07-22 20:40:51,002 alphafold2_ptm_model_2_seed_044 recycle=1 pLDDT=92.2 pTM=0.773 tol=0.227
2026-07-22 20:41:02,212 alphafold2_ptm_model_2_seed_044 recycle=2 pLDDT=92.7 pTM=0.783 tol=0.0418
2026-07-22 20:41:13,559 alphafold2_ptm_model_2_seed_044 recycle=3 pLDDT=92.7 pTM=0.784 tol=0.0249
2026-07-22 20:41:13,567 alphafold2_ptm_model_2_seed_044 took 45.0s (3 recycles)
2026-07-22 20:41:24,996 alphafold2_ptm_model_3_seed_044 recycle=0 pLDDT=87.8 pTM=0.67
2026-07-22 20:41:36,308 alphafold2_ptm_model_3_seed_044 recycle=1 pLDDT=89.4 pTM=0.706 tol=0.134
2026-07-22 20:41:47,493 alphafold2_ptm_model_3_seed_044 recycle=2 pLDDT=89.8 pTM=0.713 tol=0.097
2026-07-22 20:41:58,628 alphafold2_ptm_model_3_seed_044 recycle=3 pLDDT=90.1 pTM=0.723 tol=0.065
2026-07-22 20:41:58,629 alphafold2_ptm_model_3_seed_044 took 45.0s (3 recycles)
2026-07-22 20:42:10,183 alphafold2_ptm_model_4_seed_044 recycle=0 pLDDT=88.9 pTM=0.704
2026-07-22 20:42:21,482 alphafold2_ptm_model_4_seed_044 recycle=1 pLDDT=90.1 pTM=0.727 tol=0.489
2026-07-22 20:42:32,635 alphafold2_ptm_model_4_seed_044 recycle=2 pLDDT=90.4 pTM=0.733 tol=0.351
2026-07-22 20:42:43,696 alphafold2_ptm_model_4_seed_044 recycle=3 pLDDT=90.6 pTM=0.732 tol=0.0365
2026-07-22 20:42:43,698 alphafold2_ptm_model_4_seed_044 took 45.0s (3 recycles)
2026-07-22 20:42:55,245 alphafold2_ptm_model_5_seed_044 recycle=0 pLDDT=88.4 pTM=0.7
2026-07-22 20:43:06,455 alphafold2_ptm_model_5_seed_044 recycle=1 pLDDT=90.2 pTM=0.718 tol=0.193
2026-07-22 20:43:17,631 alphafold2_ptm_model_5_seed_044 recycle=2 pLDDT=90.6 pTM=0.722 tol=0.0588
2026-07-22 20:43:28,753 alphafold2_ptm_model_5_seed_044 recycle=3 pLDDT=90.7 pTM=0.726 tol=0.0388
2026-07-22 20:43:28,754 alphafold2_ptm_model_5_seed_044 took 45.0s (3 recycles)
2026-07-22 20:43:28,782 reranking models by 'plddt' metric
2026-07-22 20:43:28,782 rank_001_alphafold2_ptm_model_2_seed_042 pLDDT=92.9 pTM=0.786
2026-07-22 20:43:28,785 rank_002_alphafold2_ptm_model_2_seed_043 pLDDT=92.8 pTM=0.785
2026-07-22 20:43:28,786 rank_003_alphafold2_ptm_model_2_seed_044 pLDDT=92.7 pTM=0.784
2026-07-22 20:43:28,788 rank_004_alphafold2_ptm_model_1_seed_043 pLDDT=91 pTM=0.733
2026-07-22 20:43:28,789 rank_005_alphafold2_ptm_model_1_seed_042 pLDDT=91 pTM=0.733
2026-07-22 20:43:28,791 rank_006_alphafold2_ptm_model_1_seed_044 pLDDT=90.9 pTM=0.732
2026-07-22 20:43:28,792 rank_007_alphafold2_ptm_model_5_seed_043 pLDDT=90.8 pTM=0.726
2026-07-22 20:43:28,794 rank_008_alphafold2_ptm_model_5_seed_042 pLDDT=90.8 pTM=0.728
2026-07-22 20:43:28,795 rank_009_alphafold2_ptm_model_4_seed_042 pLDDT=90.8 pTM=0.736
2026-07-22 20:43:28,797 rank_010_alphafold2_ptm_model_5_seed_044 pLDDT=90.7 pTM=0.726
2026-07-22 20:43:28,799 rank_011_alphafold2_ptm_model_4_seed_044 pLDDT=90.6 pTM=0.732
2026-07-22 20:43:28,800 rank_012_alphafold2_ptm_model_4_seed_043 pLDDT=90.6 pTM=0.733
2026-07-22 20:43:28,802 rank_013_alphafold2_ptm_model_3_seed_043 pLDDT=90.2 pTM=0.726
2026-07-22 20:43:28,804 rank_014_alphafold2_ptm_model_3_seed_044 pLDDT=90.1 pTM=0.723
2026-07-22 20:43:28,805 rank_015_alphafold2_ptm_model_3_seed_042 pLDDT=90.1 pTM=0.727
2026-07-22 20:43:32,004 Skipping 5KPH_4_2_7_0_combined_id3 (already done)
2026-07-22 20:43:32,004 Query 10/786: 5KPH_2_6_1_0_combined_id2 (length 72)
2026-07-22 20:43:34,140 Padding length to 82
2026-07-22 20:43:45,182 alphafold2_ptm_model_1_seed_042 recycle=0 pLDDT=84.9 pTM=0.61
2026-07-22 20:43:56,221 alphafold2_ptm_model_1_seed_042 recycle=1 pLDDT=89 pTM=0.691 tol=0.221
2026-07-22 20:44:07,400 alphafold2_ptm_model_1_seed_042 recycle=2 pLDDT=89.7 pTM=0.702 tol=0.0683
2026-07-22 20:44:18,682 alphafold2_ptm_model_1_seed_042 recycle=3 pLDDT=90 pTM=0.709 tol=0.0286
2026-07-22 20:44:18,683 alphafold2_ptm_model_1_seed_042 took 44.5s (3 recycles)
2026-07-22 20:44:30,166 alphafold2_ptm_model_2_seed_042 recycle=0 pLDDT=89.5 pTM=0.721
2026-07-22 20:44:41,361 alphafold2_ptm_model_2_seed_042 recycle=1 pLDDT=88.7 pTM=0.719 tol=0.253
2026-07-22 20:44:52,448 alphafold2_ptm_model_2_seed_042 recycle=2 pLDDT=91.7 pTM=0.756 tol=0.742
2026-07-22 20:45:03,538 alphafold2_ptm_model_2_seed_042 recycle=3 pLDDT=92.8 pTM=0.771 tol=0.122
2026-07-22 20:45:03,540 alphafold2_ptm_model_2_seed_042 took 44.8s (3 recycles)
2026-07-22 20:45:15,142 alphafold2_ptm_model_3_seed_042 recycle=0 pLDDT=85.7 pTM=0.642
2026-07-22 20:45:26,466 alphafold2_ptm_model_3_seed_042 recycle=1 pLDDT=90.2 pTM=0.709 tol=0.284
2026-07-22 20:45:37,581 alphafold2_ptm_model_3_seed_042 recycle=2 pLDDT=90.4 pTM=0.722 tol=0.0678
2026-07-22 20:45:48,788 alphafold2_ptm_model_3_seed_042 recycle=3 pLDDT=90.8 pTM=0.727 tol=0.0747
2026-07-22 20:45:48,789 alphafold2_ptm_model_3_seed_042 took 45.2s (3 recycles)
2026-07-22 20:46:00,246 alphafold2_ptm_model_4_seed_042 recycle=0 pLDDT=88.7 pTM=0.698
2026-07-22 20:46:11,654 alphafold2_ptm_model_4_seed_042 recycle=1 pLDDT=90.6 pTM=0.728 tol=0.124
2026-07-22 20:46:23,009 alphafold2_ptm_model_4_seed_042 recycle=2 pLDDT=90.8 pTM=0.732 tol=0.0387
2026-07-22 20:46:34,011 alphafold2_ptm_model_4_seed_042 recycle=3 pLDDT=90.9 pTM=0.734 tol=0.0243
2026-07-22 20:46:34,012 alphafold2_ptm_model_4_seed_042 took 45.2s (3 recycles)
2026-07-22 20:46:45,272 alphafold2_ptm_model_5_seed_042 recycle=0 pLDDT=85.9 pTM=0.674
2026-07-22 20:46:56,551 alphafold2_ptm_model_5_seed_042 recycle=1 pLDDT=89.7 pTM=0.714 tol=0.411
2026-07-22 20:47:07,866 alphafold2_ptm_model_5_seed_042 recycle=2 pLDDT=90.5 pTM=0.722 tol=0.078
2026-07-22 20:47:19,114 alphafold2_ptm_model_5_seed_042 recycle=3 pLDDT=90.8 pTM=0.73 tol=0.0384
2026-07-22 20:47:19,115 alphafold2_ptm_model_5_seed_042 took 45.0s (3 recycles)
2026-07-22 20:47:20,083 Padding length to 82
2026-07-22 20:47:31,325 alphafold2_ptm_model_1_seed_043 recycle=0 pLDDT=85.6 pTM=0.62
2026-07-22 20:47:42,410 alphafold2_ptm_model_1_seed_043 recycle=1 pLDDT=89.5 pTM=0.699 tol=0.237
2026-07-22 20:47:53,451 alphafold2_ptm_model_1_seed_043 recycle=2 pLDDT=89.9 pTM=0.707 tol=0.0706
2026-07-22 20:48:04,565 alphafold2_ptm_model_1_seed_043 recycle=3 pLDDT=90.3 pTM=0.714 tol=0.0405
2026-07-22 20:48:04,566 alphafold2_ptm_model_1_seed_043 took 44.5s (3 recycles)
2026-07-22 20:48:15,865 alphafold2_ptm_model_2_seed_043 recycle=0 pLDDT=89.6 pTM=0.721
2026-07-22 20:48:27,037 alphafold2_ptm_model_2_seed_043 recycle=1 pLDDT=89.2 pTM=0.727 tol=0.288
2026-07-22 20:48:38,276 alphafold2_ptm_model_2_seed_043 recycle=2 pLDDT=92 pTM=0.76 tol=0.49
2026-07-22 20:48:49,497 alphafold2_ptm_model_2_seed_043 recycle=3 pLDDT=92.9 pTM=0.773 tol=0.102
2026-07-22 20:48:49,498 alphafold2_ptm_model_2_seed_043 took 44.9s (3 recycles)
2026-07-22 20:49:00,739 alphafold2_ptm_model_3_seed_043 recycle=0 pLDDT=85.7 pTM=0.638
2026-07-22 20:49:12,078 alphafold2_ptm_model_3_seed_043 recycle=1 pLDDT=89.9 pTM=0.712 tol=0.217
2026-07-22 20:49:23,532 alphafold2_ptm_model_3_seed_043 recycle=2 pLDDT=90.6 pTM=0.721 tol=0.0548
2026-07-22 20:49:35,042 alphafold2_ptm_model_3_seed_043 recycle=3 pLDDT=90.9 pTM=0.727 tol=0.0706
2026-07-22 20:49:35,043 alphafold2_ptm_model_3_seed_043 took 45.5s (3 recycles)
2026-07-22 20:49:46,734 alphafold2_ptm_model_4_seed_043 recycle=0 pLDDT=88.5 pTM=0.693
2026-07-22 20:49:58,132 alphafold2_ptm_model_4_seed_043 recycle=1 pLDDT=90.4 pTM=0.725 tol=0.126
2026-07-22 20:50:09,624 alphafold2_ptm_model_4_seed_043 recycle=2 pLDDT=90.7 pTM=0.729 tol=0.0363
2026-07-22 20:50:21,069 alphafold2_ptm_model_4_seed_043 recycle=3 pLDDT=90.9 pTM=0.734 tol=0.0302
2026-07-22 20:50:21,070 alphafold2_ptm_model_4_seed_043 took 46.0s (3 recycles)
2026-07-22 20:50:32,391 alphafold2_ptm_model_5_seed_043 recycle=0 pLDDT=87.6 pTM=0.688
2026-07-22 20:50:43,797 alphafold2_ptm_model_5_seed_043 recycle=1 pLDDT=89.4 pTM=0.719 tol=0.391
2026-07-22 20:50:55,060 alphafold2_ptm_model_5_seed_043 recycle=2 pLDDT=90.5 pTM=0.723 tol=0.0796
2026-07-22 20:51:06,373 alphafold2_ptm_model_5_seed_043 recycle=3 pLDDT=90.9 pTM=0.731 tol=0.0338
2026-07-22 20:51:06,374 alphafold2_ptm_model_5_seed_043 took 45.3s (3 recycles)
2026-07-22 20:51:07,765 Padding length to 82
2026-07-22 20:51:19,171 alphafold2_ptm_model_1_seed_044 recycle=0 pLDDT=85.2 pTM=0.616
2026-07-22 20:51:30,534 alphafold2_ptm_model_1_seed_044 recycle=1 pLDDT=88.9 pTM=0.691 tol=0.286
2026-07-22 20:51:41,833 alphafold2_ptm_model_1_seed_044 recycle=2 pLDDT=89.8 pTM=0.701 tol=0.0894
2026-07-22 20:51:53,168 alphafold2_ptm_model_1_seed_044 recycle=3 pLDDT=90.1 pTM=0.71 tol=0.0304
2026-07-22 20:51:53,169 alphafold2_ptm_model_1_seed_044 took 45.4s (3 recycles)
2026-07-22 20:52:04,471 alphafold2_ptm_model_2_seed_044 recycle=0 pLDDT=90.1 pTM=0.726
2026-07-22 20:52:15,865 alphafold2_ptm_model_2_seed_044 recycle=1 pLDDT=89 pTM=0.723 tol=0.249
2026-07-22 20:52:27,176 alphafold2_ptm_model_2_seed_044 recycle=2 pLDDT=91.4 pTM=0.753 tol=0.821
2026-07-22 20:52:38,519 alphafold2_ptm_model_2_seed_044 recycle=3 pLDDT=92.8 pTM=0.772 tol=0.146
2026-07-22 20:52:38,520 alphafold2_ptm_model_2_seed_044 took 45.3s (3 recycles)
2026-07-22 20:52:49,786 alphafold2_ptm_model_3_seed_044 recycle=0 pLDDT=85.8 pTM=0.64
2026-07-22 20:53:01,138 alphafold2_ptm_model_3_seed_044 recycle=1 pLDDT=89.8 pTM=0.709 tol=0.22
2026-07-22 20:53:12,496 alphafold2_ptm_model_3_seed_044 recycle=2 pLDDT=90.4 pTM=0.716 tol=0.075
2026-07-22 20:53:23,668 alphafold2_ptm_model_3_seed_044 recycle=3 pLDDT=90.7 pTM=0.721 tol=0.0548
2026-07-22 20:53:23,668 alphafold2_ptm_model_3_seed_044 took 45.1s (3 recycles)
2026-07-22 20:53:35,147 alphafold2_ptm_model_4_seed_044 recycle=0 pLDDT=88.4 pTM=0.689
2026-07-22 20:53:46,371 alphafold2_ptm_model_4_seed_044 recycle=1 pLDDT=90.2 pTM=0.723 tol=0.153
2026-07-22 20:53:57,605 alphafold2_ptm_model_4_seed_044 recycle=2 pLDDT=90.6 pTM=0.729 tol=0.0465
2026-07-22 20:54:08,759 alphafold2_ptm_model_4_seed_044 recycle=3 pLDDT=90.8 pTM=0.733 tol=0.0272
2026-07-22 20:54:08,760 alphafold2_ptm_model_4_seed_044 took 45.0s (3 recycles)
2026-07-22 20:54:20,162 alphafold2_ptm_model_5_seed_044 recycle=0 pLDDT=88.2 pTM=0.69
2026-07-22 20:54:31,252 alphafold2_ptm_model_5_seed_044 recycle=1 pLDDT=90.2 pTM=0.727 tol=0.296
2026-07-22 20:54:42,658 alphafold2_ptm_model_5_seed_044 recycle=2 pLDDT=90.9 pTM=0.729 tol=0.0737
2026-07-22 20:54:53,739 alphafold2_ptm_model_5_seed_044 recycle=3 pLDDT=91.2 pTM=0.733 tol=0.0303
2026-07-22 20:54:53,740 alphafold2_ptm_model_5_seed_044 took 44.9s (3 recycles)
2026-07-22 20:54:53,764 reranking models by 'plddt' metric
2026-07-22 20:54:53,765 rank_001_alphafold2_ptm_model_2_seed_043 pLDDT=92.9 pTM=0.773
2026-07-22 20:54:53,766 rank_002_alphafold2_ptm_model_2_seed_044 pLDDT=92.8 pTM=0.772
2026-07-22 20:54:53,768 rank_003_alphafold2_ptm_model_2_seed_042 pLDDT=92.8 pTM=0.771
2026-07-22 20:54:53,769 rank_004_alphafold2_ptm_model_5_seed_044 pLDDT=91.2 pTM=0.733
2026-07-22 20:54:53,770 rank_005_alphafold2_ptm_model_5_seed_043 pLDDT=90.9 pTM=0.731
2026-07-22 20:54:53,772 rank_006_alphafold2_ptm_model_3_seed_043 pLDDT=90.9 pTM=0.727
2026-07-22 20:54:53,773 rank_007_alphafold2_ptm_model_4_seed_043 pLDDT=90.9 pTM=0.734
2026-07-22 20:54:53,775 rank_008_alphafold2_ptm_model_4_seed_042 pLDDT=90.9 pTM=0.734
2026-07-22 20:54:53,776 rank_009_alphafold2_ptm_model_4_seed_044 pLDDT=90.8 pTM=0.733
2026-07-22 20:54:53,777 rank_010_alphafold2_ptm_model_5_seed_042 pLDDT=90.8 pTM=0.73
2026-07-22 20:54:53,779 rank_011_alphafold2_ptm_model_3_seed_042 pLDDT=90.8 pTM=0.727
2026-07-22 20:54:53,780 rank_012_alphafold2_ptm_model_3_seed_044 pLDDT=90.7 pTM=0.721
2026-07-22 20:54:53,782 rank_013_alphafold2_ptm_model_1_seed_043 pLDDT=90.3 pTM=0.714
2026-07-22 20:54:53,783 rank_014_alphafold2_ptm_model_1_seed_044 pLDDT=90.1 pTM=0.71
2026-07-22 20:54:53,785 rank_015_alphafold2_ptm_model_1_seed_042 pLDDT=90 pTM=0.709
2026-07-22 20:54:56,825 Query 11/786: 5KPH_2_4_9_0_combined_id8 (length 72)
2026-07-22 20:54:59,154 Padding length to 82
2026-07-22 20:55:10,358 alphafold2_ptm_model_1_seed_042 recycle=0 pLDDT=82.4 pTM=0.574
2026-07-22 20:55:21,583 alphafold2_ptm_model_1_seed_042 recycle=1 pLDDT=85.8 pTM=0.631 tol=0.373
2026-07-22 20:55:32,609 alphafold2_ptm_model_1_seed_042 recycle=2 pLDDT=85.4 pTM=0.626 tol=0.168
2026-07-22 20:55:43,632 alphafold2_ptm_model_1_seed_042 recycle=3 pLDDT=85.6 pTM=0.629 tol=0.0462
2026-07-22 20:55:43,633 alphafold2_ptm_model_1_seed_042 took 44.5s (3 recycles)
2026-07-22 20:55:54,914 alphafold2_ptm_model_2_seed_042 recycle=0 pLDDT=84.5 pTM=0.64
2026-07-22 20:56:06,063 alphafold2_ptm_model_2_seed_042 recycle=1 pLDDT=87.1 pTM=0.682 tol=0.394
2026-07-22 20:56:17,131 alphafold2_ptm_model_2_seed_042 recycle=2 pLDDT=86.5 pTM=0.677 tol=0.141
2026-07-22 20:56:28,132 alphafold2_ptm_model_2_seed_042 recycle=3 pLDDT=87.6 pTM=0.694 tol=0.121
2026-07-22 20:56:28,133 alphafold2_ptm_model_2_seed_042 took 44.5s (3 recycles)
2026-07-22 20:56:39,568 alphafold2_ptm_model_3_seed_042 recycle=0 pLDDT=82.9 pTM=0.588
2026-07-22 20:56:51,001 alphafold2_ptm_model_3_seed_042 recycle=1 pLDDT=85.4 pTM=0.628 tol=0.407
2026-07-22 20:57:02,071 alphafold2_ptm_model_3_seed_042 recycle=2 pLDDT=84.8 pTM=0.625 tol=0.13
2026-07-22 20:57:13,441 alphafold2_ptm_model_3_seed_042 recycle=3 pLDDT=85.1 pTM=0.631 tol=0.228
2026-07-22 20:57:13,441 alphafold2_ptm_model_3_seed_042 took 45.3s (3 recycles)
2026-07-22 20:57:26,164 alphafold2_ptm_model_4_seed_042 recycle=0 pLDDT=83.4 pTM=0.614
2026-07-22 20:57:37,680 alphafold2_ptm_model_4_seed_042 recycle=1 pLDDT=86 pTM=0.645 tol=0.397
2026-07-22 20:57:49,399 alphafold2_ptm_model_4_seed_042 recycle=2 pLDDT=86.2 pTM=0.648 tol=0.0958
2026-07-22 20:58:01,027 alphafold2_ptm_model_4_seed_042 recycle=3 pLDDT=86.5 pTM=0.65 tol=0.0564
2026-07-22 20:58:01,028 alphafold2_ptm_model_4_seed_042 took 47.6s (3 recycles)
2026-07-22 20:58:13,082 alphafold2_ptm_model_5_seed_042 recycle=0 pLDDT=82.9 pTM=0.605
2026-07-22 20:58:26,307 alphafold2_ptm_model_5_seed_042 recycle=1 pLDDT=84.7 pTM=0.632 tol=0.215
2026-07-22 20:58:37,955 alphafold2_ptm_model_5_seed_042 recycle=2 pLDDT=84.8 pTM=0.638 tol=0.275
2026-07-22 20:58:49,509 alphafold2_ptm_model_5_seed_042 recycle=3 pLDDT=84.9 pTM=0.639 tol=0.0377
2026-07-22 20:58:49,509 alphafold2_ptm_model_5_seed_042 took 48.4s (3 recycles)
2026-07-22 20:58:50,680 Padding length to 82
2026-07-22 20:59:02,114 alphafold2_ptm_model_1_seed_043 recycle=0 pLDDT=83.4 pTM=0.588
2026-07-22 20:59:13,487 alphafold2_ptm_model_1_seed_043 recycle=1 pLDDT=85.9 pTM=0.633 tol=0.556
2026-07-22 20:59:24,921 alphafold2_ptm_model_1_seed_043 recycle=2 pLDDT=86.1 pTM=0.635 tol=0.153
2026-07-22 20:59:36,138 alphafold2_ptm_model_1_seed_043 recycle=3 pLDDT=86.2 pTM=0.638 tol=0.0734
2026-07-22 20:59:36,139 alphafold2_ptm_model_1_seed_043 took 45.5s (3 recycles)
2026-07-22 20:59:47,435 alphafold2_ptm_model_2_seed_043 recycle=0 pLDDT=85.2 pTM=0.648
2026-07-22 20:59:58,761 alphafold2_ptm_model_2_seed_043 recycle=1 pLDDT=87.3 pTM=0.686 tol=0.335
2026-07-22 21:00:09,825 alphafold2_ptm_model_2_seed_043 recycle=2 pLDDT=87.5 pTM=0.692 tol=0.136
2026-07-22 21:00:20,898 alphafold2_ptm_model_2_seed_043 recycle=3 pLDDT=87.8 pTM=0.697 tol=0.0695
2026-07-22 21:00:20,899 alphafold2_ptm_model_2_seed_043 took 44.7s (3 recycles)
2026-07-22 21:00:32,458 alphafold2_ptm_model_3_seed_043 recycle=0 pLDDT=82.9 pTM=0.589
2026-07-22 21:00:43,917 alphafold2_ptm_model_3_seed_043 recycle=1 pLDDT=85.4 pTM=0.628 tol=0.414
2026-07-22 21:00:55,265 alphafold2_ptm_model_3_seed_043 recycle=2 pLDDT=84.8 pTM=0.624 tol=0.124
2026-07-22 21:01:06,605 alphafold2_ptm_model_3_seed_043 recycle=3 pLDDT=85 pTM=0.631 tol=0.21
2026-07-22 21:01:06,606 alphafold2_ptm_model_3_seed_043 took 45.7s (3 recycles)
2026-07-22 21:01:18,165 alphafold2_ptm_model_4_seed_043 recycle=0 pLDDT=83.8 pTM=0.618
2026-07-22 21:01:29,375 alphafold2_ptm_model_4_seed_043 recycle=1 pLDDT=85.2 pTM=0.637 tol=0.416
2026-07-22 21:01:40,464 alphafold2_ptm_model_4_seed_043 recycle=2 pLDDT=84.8 pTM=0.631 tol=0.351
2026-07-22 21:01:51,565 alphafold2_ptm_model_4_seed_043 recycle=3 pLDDT=85.1 pTM=0.634 tol=0.104
2026-07-22 21:01:51,566 alphafold2_ptm_model_4_seed_043 took 44.9s (3 recycles)
2026-07-22 21:02:02,943 alphafold2_ptm_model_5_seed_043 recycle=0 pLDDT=83.6 pTM=0.61
2026-07-22 21:02:14,187 alphafold2_ptm_model_5_seed_043 recycle=1 pLDDT=84.9 pTM=0.635 tol=0.295
2026-07-22 21:02:25,498 alphafold2_ptm_model_5_seed_043 recycle=2 pLDDT=84.9 pTM=0.635 tol=0.204
2026-07-22 21:02:36,933 alphafold2_ptm_model_5_seed_043 recycle=3 pLDDT=84.9 pTM=0.637 tol=0.0698
2026-07-22 21:02:36,934 alphafold2_ptm_model_5_seed_043 took 45.3s (3 recycles)
2026-07-22 21:02:38,251 Padding length to 82
2026-07-22 21:02:49,742 alphafold2_ptm_model_1_seed_044 recycle=0 pLDDT=82.4 pTM=0.575
2026-07-22 21:03:01,219 alphafold2_ptm_model_1_seed_044 recycle=1 pLDDT=85.9 pTM=0.632 tol=0.569
2026-07-22 21:03:12,610 alphafold2_ptm_model_1_seed_044 recycle=2 pLDDT=86.2 pTM=0.636 tol=0.136
2026-07-22 21:03:23,970 alphafold2_ptm_model_1_seed_044 recycle=3 pLDDT=86.3 pTM=0.639 tol=0.0709
2026-07-22 21:03:23,971 alphafold2_ptm_model_1_seed_044 took 45.7s (3 recycles)
2026-07-22 21:03:35,571 alphafold2_ptm_model_2_seed_044 recycle=0 pLDDT=84.7 pTM=0.645
2026-07-22 21:03:47,416 alphafold2_ptm_model_2_seed_044 recycle=1 pLDDT=87.1 pTM=0.683 tol=0.292
2026-07-22 21:03:58,817 alphafold2_ptm_model_2_seed_044 recycle=2 pLDDT=87.6 pTM=0.693 tol=0.131
2026-07-22 21:04:10,276 alphafold2_ptm_model_2_seed_044 recycle=3 pLDDT=88.1 pTM=0.699 tol=0.0678
2026-07-22 21:04:10,277 alphafold2_ptm_model_2_seed_044 took 46.3s (3 recycles)
2026-07-22 21:04:21,778 alphafold2_ptm_model_3_seed_044 recycle=0 pLDDT=83.3 pTM=0.594
2026-07-22 21:04:33,189 alphafold2_ptm_model_3_seed_044 recycle=1 pLDDT=85.4 pTM=0.627 tol=0.392
2026-07-22 21:04:44,586 alphafold2_ptm_model_3_seed_044 recycle=2 pLDDT=85.1 pTM=0.627 tol=0.133
2026-07-22 21:04:56,623 alphafold2_ptm_model_3_seed_044 recycle=3 pLDDT=85.1 pTM=0.632 tol=0.174
2026-07-22 21:04:56,623 alphafold2_ptm_model_3_seed_044 took 46.3s (3 recycles)
2026-07-22 21:05:08,095 alphafold2_ptm_model_4_seed_044 recycle=0 pLDDT=83.5 pTM=0.615
2026-07-22 21:05:19,424 alphafold2_ptm_model_4_seed_044 recycle=1 pLDDT=85.7 pTM=0.643 tol=0.389
2026-07-22 21:05:30,830 alphafold2_ptm_model_4_seed_044 recycle=2 pLDDT=86.1 pTM=0.646 tol=0.0862
2026-07-22 21:05:42,179 alphafold2_ptm_model_4_seed_044 recycle=3 pLDDT=86.2 pTM=0.647 tol=0.0539
2026-07-22 21:05:42,180 alphafold2_ptm_model_4_seed_044 took 45.5s (3 recycles)
2026-07-22 21:05:53,594 alphafold2_ptm_model_5_seed_044 recycle=0 pLDDT=83.1 pTM=0.604
2026-07-22 21:06:07,150 alphafold2_ptm_model_5_seed_044 recycle=1 pLDDT=84.7 pTM=0.633 tol=0.235
2026-07-22 21:06:18,477 alphafold2_ptm_model_5_seed_044 recycle=2 pLDDT=84.8 pTM=0.638 tol=0.231
2026-07-22 21:06:29,917 alphafold2_ptm_model_5_seed_044 recycle=3 pLDDT=84.9 pTM=0.64 tol=0.0605
2026-07-22 21:06:29,917 alphafold2_ptm_model_5_seed_044 took 47.7s (3 recycles)
2026-07-22 21:06:29,943 reranking models by 'plddt' metric
2026-07-22 21:06:29,943 rank_001_alphafold2_ptm_model_2_seed_044 pLDDT=88.1 pTM=0.699
2026-07-22 21:06:29,945 rank_002_alphafold2_ptm_model_2_seed_043 pLDDT=87.8 pTM=0.697
2026-07-22 21:06:29,946 rank_003_alphafold2_ptm_model_2_seed_042 pLDDT=87.6 pTM=0.694
2026-07-22 21:06:29,948 rank_004_alphafold2_ptm_model_4_seed_042 pLDDT=86.5 pTM=0.65
2026-07-22 21:06:29,949 rank_005_alphafold2_ptm_model_1_seed_044 pLDDT=86.3 pTM=0.639
2026-07-22 21:06:29,950 rank_006_alphafold2_ptm_model_4_seed_044 pLDDT=86.2 pTM=0.647
2026-07-22 21:06:29,952 rank_007_alphafold2_ptm_model_1_seed_043 pLDDT=86.2 pTM=0.638
2026-07-22 21:06:29,953 rank_008_alphafold2_ptm_model_1_seed_042 pLDDT=85.6 pTM=0.629
2026-07-22 21:06:29,954 rank_009_alphafold2_ptm_model_3_seed_044 pLDDT=85.1 pTM=0.632
2026-07-22 21:06:29,956 rank_010_alphafold2_ptm_model_3_seed_042 pLDDT=85.1 pTM=0.631
2026-07-22 21:06:29,957 rank_011_alphafold2_ptm_model_4_seed_043 pLDDT=85.1 pTM=0.634
2026-07-22 21:06:29,958 rank_012_alphafold2_ptm_model_3_seed_043 pLDDT=85 pTM=0.631
2026-07-22 21:06:29,960 rank_013_alphafold2_ptm_model_5_seed_044 pLDDT=84.9 pTM=0.64
2026-07-22 21:06:29,961 rank_014_alphafold2_ptm_model_5_seed_043 pLDDT=84.9 pTM=0.637
2026-07-22 21:06:29,962 rank_015_alphafold2_ptm_model_5_seed_042 pLDDT=84.9 pTM=0.639
2026-07-22 21:06:32,701 Query 12/786: 5KPH_8_8_0_0_combined_id5 (length 72)
2026-07-22 21:06:34,477 Padding length to 82
2026-07-22 21:06:45,887 alphafold2_ptm_model_1_seed_042 recycle=0 pLDDT=83.8 pTM=0.627
2026-07-22 21:06:56,944 alphafold2_ptm_model_1_seed_042 recycle=1 pLDDT=81.8 pTM=0.609 tol=0.557
2026-07-22 21:07:08,008 alphafold2_ptm_model_1_seed_042 recycle=2 pLDDT=82.6 pTM=0.617 tol=0.343
2026-07-22 21:07:19,135 alphafold2_ptm_model_1_seed_042 recycle=3 pLDDT=82.6 pTM=0.623 tol=0.333
2026-07-22 21:07:19,136 alphafold2_ptm_model_1_seed_042 took 44.7s (3 recycles)
2026-07-22 21:07:30,634 alphafold2_ptm_model_2_seed_042 recycle=0 pLDDT=87.4 pTM=0.679
2026-07-22 21:07:41,838 alphafold2_ptm_model_2_seed_042 recycle=1 pLDDT=82.8 pTM=0.625 tol=1.01
2026-07-22 21:07:53,149 alphafold2_ptm_model_2_seed_042 recycle=2 pLDDT=83.6 pTM=0.625 tol=0.593
2026-07-22 21:08:04,534 alphafold2_ptm_model_2_seed_042 recycle=3 pLDDT=82.6 pTM=0.621 tol=0.181
2026-07-22 21:08:04,534 alphafold2_ptm_model_2_seed_042 took 45.4s (3 recycles)
2026-07-22 21:08:15,804 alphafold2_ptm_model_3_seed_042 recycle=0 pLDDT=86.4 pTM=0.648
2026-07-22 21:08:26,956 alphafold2_ptm_model_3_seed_042 recycle=1 pLDDT=85.6 pTM=0.639 tol=0.264
2026-07-22 21:08:38,136 alphafold2_ptm_model_3_seed_042 recycle=2 pLDDT=84.2 pTM=0.618 tol=0.211
2026-07-22 21:08:49,309 alphafold2_ptm_model_3_seed_042 recycle=3 pLDDT=83.7 pTM=0.602 tol=0.284
2026-07-22 21:08:49,310 alphafold2_ptm_model_3_seed_042 took 44.7s (3 recycles)
2026-07-22 21:09:00,690 alphafold2_ptm_model_4_seed_042 recycle=0 pLDDT=88.9 pTM=0.705
2026-07-22 21:09:11,741 alphafold2_ptm_model_4_seed_042 recycle=1 pLDDT=87.6 pTM=0.687 tol=0.423
2026-07-22 21:09:22,855 alphafold2_ptm_model_4_seed_042 recycle=2 pLDDT=86.9 pTM=0.675 tol=0.161
2026-07-22 21:09:34,226 alphafold2_ptm_model_4_seed_042 recycle=3 pLDDT=86.4 pTM=0.674 tol=0.138
2026-07-22 21:09:34,227 alphafold2_ptm_model_4_seed_042 took 44.9s (3 recycles)
2026-07-22 21:09:45,942 alphafold2_ptm_model_5_seed_042 recycle=0 pLDDT=87.2 pTM=0.676
2026-07-22 21:09:57,262 alphafold2_ptm_model_5_seed_042 recycle=1 pLDDT=85.8 pTM=0.653 tol=0.19
2026-07-22 21:10:08,492 alphafold2_ptm_model_5_seed_042 recycle=2 pLDDT=86.2 pTM=0.661 tol=0.0977
2026-07-22 21:10:19,989 alphafold2_ptm_model_5_seed_042 recycle=3 pLDDT=86.2 pTM=0.659 tol=0.0559
2026-07-22 21:10:19,989 alphafold2_ptm_model_5_seed_042 took 45.7s (3 recycles)
2026-07-22 21:10:21,100 Padding length to 82
2026-07-22 21:10:32,542 alphafold2_ptm_model_1_seed_043 recycle=0 pLDDT=82.6 pTM=0.608
2026-07-22 21:10:44,568 alphafold2_ptm_model_1_seed_043 recycle=1 pLDDT=83.6 pTM=0.637 tol=0.618
2026-07-22 21:10:55,713 alphafold2_ptm_model_1_seed_043 recycle=2 pLDDT=83.3 pTM=0.627 tol=0.142
2026-07-22 21:11:06,812 alphafold2_ptm_model_1_seed_043 recycle=3 pLDDT=83.1 pTM=0.625 tol=0.159
2026-07-22 21:11:06,812 alphafold2_ptm_model_1_seed_043 took 45.7s (3 recycles)
2026-07-22 21:11:17,877 alphafold2_ptm_model_2_seed_043 recycle=0 pLDDT=87.4 pTM=0.688
2026-07-22 21:11:32,149 alphafold2_ptm_model_2_seed_043 recycle=1 pLDDT=84.4 pTM=0.647 tol=0.521
2026-07-22 21:11:43,205 alphafold2_ptm_model_2_seed_043 recycle=2 pLDDT=83.6 pTM=0.638 tol=0.101
2026-07-22 21:11:54,493 alphafold2_ptm_model_2_seed_043 recycle=3 pLDDT=82.9 pTM=0.63 tol=0.0939
2026-07-22 21:11:54,494 alphafold2_ptm_model_2_seed_043 took 47.7s (3 recycles)
2026-07-22 21:12:05,884 alphafold2_ptm_model_3_seed_043 recycle=0 pLDDT=86.4 pTM=0.647
2026-07-22 21:12:17,130 alphafold2_ptm_model_3_seed_043 recycle=1 pLDDT=83.3 pTM=0.598 tol=0.692
2026-07-22 21:12:28,379 alphafold2_ptm_model_3_seed_043 recycle=2 pLDDT=83.2 pTM=0.603 tol=0.351
2026-07-22 21:12:39,729 alphafold2_ptm_model_3_seed_043 recycle=3 pLDDT=83.9 pTM=0.613 tol=0.275
2026-07-22 21:12:39,729 alphafold2_ptm_model_3_seed_043 took 45.2s (3 recycles)
2026-07-22 21:12:51,378 alphafold2_ptm_model_4_seed_043 recycle=0 pLDDT=89.1 pTM=0.704
2026-07-22 21:13:02,514 alphafold2_ptm_model_4_seed_043 recycle=1 pLDDT=88 pTM=0.695 tol=0.286
2026-07-22 21:13:13,622 alphafold2_ptm_model_4_seed_043 recycle=2 pLDDT=88.1 pTM=0.693 tol=0.165
2026-07-22 21:13:24,684 alphafold2_ptm_model_4_seed_043 recycle=3 pLDDT=87 pTM=0.683 tol=0.158
2026-07-22 21:13:24,684 alphafold2_ptm_model_4_seed_043 took 44.9s (3 recycles)
2026-07-22 21:13:35,846 alphafold2_ptm_model_5_seed_043 recycle=0 pLDDT=86.9 pTM=0.675
2026-07-22 21:13:46,944 alphafold2_ptm_model_5_seed_043 recycle=1 pLDDT=86.6 pTM=0.662 tol=0.142
2026-07-22 21:13:58,124 alphafold2_ptm_model_5_seed_043 recycle=2 pLDDT=86.3 pTM=0.663 tol=0.085
2026-07-22 21:14:09,466 alphafold2_ptm_model_5_seed_043 recycle=3 pLDDT=86.2 pTM=0.662 tol=0.041
2026-07-22 21:14:09,467 alphafold2_ptm_model_5_seed_043 took 44.8s (3 recycles)
2026-07-22 21:14:10,569 Padding length to 82
2026-07-22 21:14:21,974 alphafold2_ptm_model_1_seed_044 recycle=0 pLDDT=81.6 pTM=0.6
2026-07-22 21:14:33,345 alphafold2_ptm_model_1_seed_044 recycle=1 pLDDT=82.1 pTM=0.61 tol=0.397
2026-07-22 21:14:44,634 alphafold2_ptm_model_1_seed_044 recycle=2 pLDDT=82.1 pTM=0.615 tol=0.342
2026-07-22 21:14:56,026 alphafold2_ptm_model_1_seed_044 recycle=3 pLDDT=82.6 pTM=0.623 tol=0.203
2026-07-22 21:14:56,027 alphafold2_ptm_model_1_seed_044 took 45.5s (3 recycles)
2026-07-22 21:15:07,568 alphafold2_ptm_model_2_seed_044 recycle=0 pLDDT=89.6 pTM=0.714
2026-07-22 21:15:18,936 alphafold2_ptm_model_2_seed_044 recycle=1 pLDDT=84.2 pTM=0.645 tol=0.484
2026-07-22 21:15:30,227 alphafold2_ptm_model_2_seed_044 recycle=2 pLDDT=83.2 pTM=0.629 tol=0.143
2026-07-22 21:15:41,571 alphafold2_ptm_model_2_seed_044 recycle=3 pLDDT=83.7 pTM=0.641 tol=0.139
2026-07-22 21:15:41,571 alphafold2_ptm_model_2_seed_044 took 45.5s (3 recycles)
2026-07-22 21:15:53,096 alphafold2_ptm_model_3_seed_044 recycle=0 pLDDT=86.9 pTM=0.654
2026-07-22 21:16:04,418 alphafold2_ptm_model_3_seed_044 recycle=1 pLDDT=84.6 pTM=0.618 tol=0.209
2026-07-22 21:16:15,512 alphafold2_ptm_model_3_seed_044 recycle=2 pLDDT=83.8 pTM=0.61 tol=0.226
2026-07-22 21:16:26,560 alphafold2_ptm_model_3_seed_044 recycle=3 pLDDT=83.8 pTM=0.604 tol=0.275
2026-07-22 21:16:26,560 alphafold2_ptm_model_3_seed_044 took 44.9s (3 recycles)
2026-07-22 21:16:37,870 alphafold2_ptm_model_4_seed_044 recycle=0 pLDDT=89.2 pTM=0.703
2026-07-22 21:16:49,044 alphafold2_ptm_model_4_seed_044 recycle=1 pLDDT=87.9 pTM=0.694 tol=0.235
2026-07-22 21:17:00,378 alphafold2_ptm_model_4_seed_044 recycle=2 pLDDT=88.2 pTM=0.697 tol=0.152
2026-07-22 21:17:11,577 alphafold2_ptm_model_4_seed_044 recycle=3 pLDDT=87.4 pTM=0.69 tol=0.134
2026-07-22 21:17:11,578 alphafold2_ptm_model_4_seed_044 took 45.0s (3 recycles)
2026-07-22 21:17:22,955 alphafold2_ptm_model_5_seed_044 recycle=0 pLDDT=86.7 pTM=0.674
2026-07-22 21:17:34,207 alphafold2_ptm_model_5_seed_044 recycle=1 pLDDT=86.8 pTM=0.66 tol=0.151
2026-07-22 21:17:45,237 alphafold2_ptm_model_5_seed_044 recycle=2 pLDDT=86.2 pTM=0.663 tol=0.0843
2026-07-22 21:17:56,377 alphafold2_ptm_model_5_seed_044 recycle=3 pLDDT=86.4 pTM=0.664 tol=0.0289
2026-07-22 21:17:56,378 alphafold2_ptm_model_5_seed_044 took 44.8s (3 recycles)
2026-07-22 21:17:56,419 reranking models by 'plddt' metric
2026-07-22 21:17:56,420 rank_001_alphafold2_ptm_model_4_seed_044 pLDDT=87.4 pTM=0.69
2026-07-22 21:17:56,421 rank_002_alphafold2_ptm_model_4_seed_043 pLDDT=87 pTM=0.683
2026-07-22 21:17:56,423 rank_003_alphafold2_ptm_model_4_seed_042 pLDDT=86.4 pTM=0.674
2026-07-22 21:17:56,424 rank_004_alphafold2_ptm_model_5_seed_044 pLDDT=86.4 pTM=0.664
2026-07-22 21:17:56,426 rank_005_alphafold2_ptm_model_5_seed_043 pLDDT=86.2 pTM=0.662
2026-07-22 21:17:56,427 rank_006_alphafold2_ptm_model_5_seed_042 pLDDT=86.2 pTM=0.659
2026-07-22 21:17:56,429 rank_007_alphafold2_ptm_model_3_seed_043 pLDDT=83.9 pTM=0.613
2026-07-22 21:17:56,430 rank_008_alphafold2_ptm_model_3_seed_044 pLDDT=83.8 pTM=0.604
2026-07-22 21:17:56,432 rank_009_alphafold2_ptm_model_2_seed_044 pLDDT=83.7 pTM=0.641
2026-07-22 21:17:56,433 rank_010_alphafold2_ptm_model_3_seed_042 pLDDT=83.7 pTM=0.602
2026-07-22 21:17:56,435 rank_011_alphafold2_ptm_model_1_seed_043 pLDDT=83.1 pTM=0.625
2026-07-22 21:17:56,436 rank_012_alphafold2_ptm_model_2_seed_043 pLDDT=82.9 pTM=0.63
2026-07-22 21:17:56,438 rank_013_alphafold2_ptm_model_1_seed_044 pLDDT=82.6 pTM=0.623
2026-07-22 21:17:56,439 rank_014_alphafold2_ptm_model_2_seed_042 pLDDT=82.6 pTM=0.621
2026-07-22 21:17:56,440 rank_015_alphafold2_ptm_model_1_seed_042 pLDDT=82.6 pTM=0.623
2026-07-22 21:17:59,457 Query 13/786: 5KPH_8_8_0_0_combined_id3 (length 72)
2026-07-22 21:18:01,299 Padding length to 82
2026-07-22 21:18:12,408 alphafold2_ptm_model_1_seed_042 recycle=0 pLDDT=88.6 pTM=0.691
2026-07-22 21:18:23,510 alphafold2_ptm_model_1_seed_042 recycle=1 pLDDT=92.4 pTM=0.759 tol=0.211
2026-07-22 21:18:34,669 alphafold2_ptm_model_1_seed_042 recycle=2 pLDDT=92.7 pTM=0.77 tol=0.0649
2026-07-22 21:18:45,879 alphafold2_ptm_model_1_seed_042 recycle=3 pLDDT=93.1 pTM=0.776 tol=0.0315
2026-07-22 21:18:45,879 alphafold2_ptm_model_1_seed_042 took 44.6s (3 recycles)
2026-07-22 21:18:57,447 alphafold2_ptm_model_2_seed_042 recycle=0 pLDDT=93 pTM=0.765
2026-07-22 21:19:09,714 alphafold2_ptm_model_2_seed_042 recycle=1 pLDDT=93.3 pTM=0.779 tol=0.14
2026-07-22 21:19:23,239 alphafold2_ptm_model_2_seed_042 recycle=2 pLDDT=93.5 pTM=0.785 tol=0.0565
2026-07-22 21:19:34,474 alphafold2_ptm_model_2_seed_042 recycle=3 pLDDT=93.7 pTM=0.79 tol=0.029
2026-07-22 21:19:34,475 alphafold2_ptm_model_2_seed_042 took 48.5s (3 recycles)
2026-07-22 21:19:46,101 alphafold2_ptm_model_3_seed_042 recycle=0 pLDDT=88.2 pTM=0.68
2026-07-22 21:19:57,314 alphafold2_ptm_model_3_seed_042 recycle=1 pLDDT=91.2 pTM=0.732 tol=0.238
2026-07-22 21:20:08,415 alphafold2_ptm_model_3_seed_042 recycle=2 pLDDT=92.2 pTM=0.751 tol=0.0676
2026-07-22 21:20:19,557 alphafold2_ptm_model_3_seed_042 recycle=3 pLDDT=93 pTM=0.766 tol=0.0442
2026-07-22 21:20:19,557 alphafold2_ptm_model_3_seed_042 took 45.0s (3 recycles)
2026-07-22 21:20:30,673 alphafold2_ptm_model_4_seed_042 recycle=0 pLDDT=89.4 pTM=0.713
2026-07-22 21:20:41,882 alphafold2_ptm_model_4_seed_042 recycle=1 pLDDT=91.6 pTM=0.756 tol=0.152
2026-07-22 21:20:53,029 alphafold2_ptm_model_4_seed_042 recycle=2 pLDDT=91.7 pTM=0.761 tol=0.0622
2026-07-22 21:21:04,480 alphafold2_ptm_model_4_seed_042 recycle=3 pLDDT=91.9 pTM=0.765 tol=0.0247
2026-07-22 21:21:04,480 alphafold2_ptm_model_4_seed_042 took 44.9s (3 recycles)
2026-07-22 21:21:17,727 alphafold2_ptm_model_5_seed_042 recycle=0 pLDDT=90.2 pTM=0.72
2026-07-22 21:21:28,904 alphafold2_ptm_model_5_seed_042 recycle=1 pLDDT=91.6 pTM=0.749 tol=0.197
2026-07-22 21:21:40,016 alphafold2_ptm_model_5_seed_042 recycle=2 pLDDT=91.9 pTM=0.754 tol=0.0484
2026-07-22 21:21:51,313 alphafold2_ptm_model_5_seed_042 recycle=3 pLDDT=92.2 pTM=0.759 tol=0.0318
2026-07-22 21:21:51,313 alphafold2_ptm_model_5_seed_042 took 46.8s (3 recycles)
2026-07-22 21:21:52,641 Padding length to 82
2026-07-22 21:22:03,892 alphafold2_ptm_model_1_seed_043 recycle=0 pLDDT=87.6 pTM=0.674
2026-07-22 21:22:15,119 alphafold2_ptm_model_1_seed_043 recycle=1 pLDDT=91.8 pTM=0.75 tol=0.25
2026-07-22 21:22:26,357 alphafold2_ptm_model_1_seed_043 recycle=2 pLDDT=92.2 pTM=0.764 tol=0.0716
2026-07-22 21:22:37,464 alphafold2_ptm_model_1_seed_043 recycle=3 pLDDT=92.7 pTM=0.771 tol=0.0271
2026-07-22 21:22:37,465 alphafold2_ptm_model_1_seed_043 took 44.8s (3 recycles)
2026-07-22 21:22:48,939 alphafold2_ptm_model_2_seed_043 recycle=0 pLDDT=93.1 pTM=0.764
2026-07-22 21:23:00,191 alphafold2_ptm_model_2_seed_043 recycle=1 pLDDT=93.4 pTM=0.782 tol=0.143
2026-07-22 21:23:11,343 alphafold2_ptm_model_2_seed_043 recycle=2 pLDDT=93.5 pTM=0.787 tol=0.0539
2026-07-22 21:23:22,633 alphafold2_ptm_model_2_seed_043 recycle=3 pLDDT=93.7 pTM=0.79 tol=0.0254
2026-07-22 21:23:22,634 alphafold2_ptm_model_2_seed_043 took 45.1s (3 recycles)
2026-07-22 21:23:34,143 alphafold2_ptm_model_3_seed_043 recycle=0 pLDDT=88.7 pTM=0.687
2026-07-22 21:23:45,312 alphafold2_ptm_model_3_seed_043 recycle=1 pLDDT=91.5 pTM=0.734 tol=0.217
2026-07-22 21:23:56,616 alphafold2_ptm_model_3_seed_043 recycle=2 pLDDT=92.1 pTM=0.75 tol=0.0545
2026-07-22 21:24:07,867 alphafold2_ptm_model_3_seed_043 recycle=3 pLDDT=92.9 pTM=0.765 tol=0.0442
2026-07-22 21:24:07,867 alphafold2_ptm_model_3_seed_043 took 45.2s (3 recycles)
2026-07-22 21:24:19,053 alphafold2_ptm_model_4_seed_043 recycle=0 pLDDT=84.2 pTM=0.659
2026-07-22 21:24:30,232 alphafold2_ptm_model_4_seed_043 recycle=1 pLDDT=91.3 pTM=0.75 tol=0.296
2026-07-22 21:24:41,279 alphafold2_ptm_model_4_seed_043 recycle=2 pLDDT=91.4 pTM=0.758 tol=0.062
2026-07-22 21:24:52,464 alphafold2_ptm_model_4_seed_043 recycle=3 pLDDT=91.6 pTM=0.761 tol=0.0223
2026-07-22 21:24:52,464 alphafold2_ptm_model_4_seed_043 took 44.6s (3 recycles)
2026-07-22 21:25:03,683 alphafold2_ptm_model_5_seed_043 recycle=0 pLDDT=88.4 pTM=0.701
2026-07-22 21:25:15,053 alphafold2_ptm_model_5_seed_043 recycle=1 pLDDT=91.5 pTM=0.747 tol=0.251
2026-07-22 21:25:26,399 alphafold2_ptm_model_5_seed_043 recycle=2 pLDDT=91.8 pTM=0.752 tol=0.057
2026-07-22 21:25:37,685 alphafold2_ptm_model_5_seed_043 recycle=3 pLDDT=92 pTM=0.755 tol=0.0311
2026-07-22 21:25:37,686 alphafold2_ptm_model_5_seed_043 took 45.2s (3 recycles)
2026-07-22 21:25:38,669 Padding length to 82
2026-07-22 21:25:49,958 alphafold2_ptm_model_1_seed_044 recycle=0 pLDDT=88.2 pTM=0.684
2026-07-22 21:26:01,219 alphafold2_ptm_model_1_seed_044 recycle=1 pLDDT=91.7 pTM=0.747 tol=0.224
2026-07-22 21:26:12,396 alphafold2_ptm_model_1_seed_044 recycle=2 pLDDT=92.3 pTM=0.763 tol=0.07
2026-07-22 21:26:23,727 alphafold2_ptm_model_1_seed_044 recycle=3 pLDDT=92.8 pTM=0.772 tol=0.0235
2026-07-22 21:26:23,728 alphafold2_ptm_model_1_seed_044 took 45.1s (3 recycles)
2026-07-22 21:26:35,268 alphafold2_ptm_model_2_seed_044 recycle=0 pLDDT=92.9 pTM=0.761
2026-07-22 21:26:46,610 alphafold2_ptm_model_2_seed_044 recycle=1 pLDDT=93.2 pTM=0.778 tol=0.145
2026-07-22 21:26:57,814 alphafold2_ptm_model_2_seed_044 recycle=2 pLDDT=93.4 pTM=0.785 tol=0.0606
2026-07-22 21:27:09,017 alphafold2_ptm_model_2_seed_044 recycle=3 pLDDT=93.6 pTM=0.789 tol=0.0281
2026-07-22 21:27:09,018 alphafold2_ptm_model_2_seed_044 took 45.3s (3 recycles)
2026-07-22 21:27:20,489 alphafold2_ptm_model_3_seed_044 recycle=0 pLDDT=88.8 pTM=0.688
2026-07-22 21:27:31,605 alphafold2_ptm_model_3_seed_044 recycle=1 pLDDT=91.2 pTM=0.728 tol=0.21
2026-07-22 21:27:42,819 alphafold2_ptm_model_3_seed_044 recycle=2 pLDDT=91.9 pTM=0.746 tol=0.0594
2026-07-22 21:27:53,839 alphafold2_ptm_model_3_seed_044 recycle=3 pLDDT=92.9 pTM=0.764 tol=0.0475
2026-07-22 21:27:53,840 alphafold2_ptm_model_3_seed_044 took 44.8s (3 recycles)
2026-07-22 21:28:07,395 alphafold2_ptm_model_4_seed_044 recycle=0 pLDDT=87.1 pTM=0.688
2026-07-22 21:28:18,588 alphafold2_ptm_model_4_seed_044 recycle=1 pLDDT=91.3 pTM=0.75 tol=0.176
2026-07-22 21:28:29,581 alphafold2_ptm_model_4_seed_044 recycle=2 pLDDT=91.4 pTM=0.757 tol=0.064
2026-07-22 21:28:40,793 alphafold2_ptm_model_4_seed_044 recycle=3 pLDDT=91.7 pTM=0.763 tol=0.02
2026-07-22 21:28:40,794 alphafold2_ptm_model_4_seed_044 took 46.9s (3 recycles)
2026-07-22 21:28:52,443 alphafold2_ptm_model_5_seed_044 recycle=0 pLDDT=88.3 pTM=0.702
2026-07-22 21:29:03,558 alphafold2_ptm_model_5_seed_044 recycle=1 pLDDT=91.3 pTM=0.744 tol=0.25
2026-07-22 21:29:14,748 alphafold2_ptm_model_5_seed_044 recycle=2 pLDDT=91.7 pTM=0.75 tol=0.0668
2026-07-22 21:29:26,146 alphafold2_ptm_model_5_seed_044 recycle=3 pLDDT=92.1 pTM=0.756 tol=0.0336
2026-07-22 21:29:26,147 alphafold2_ptm_model_5_seed_044 took 45.3s (3 recycles)
2026-07-22 21:29:26,196 reranking models by 'plddt' metric
2026-07-22 21:29:26,197 rank_001_alphafold2_ptm_model_2_seed_043 pLDDT=93.7 pTM=0.79
2026-07-22 21:29:26,199 rank_002_alphafold2_ptm_model_2_seed_042 pLDDT=93.7 pTM=0.79
2026-07-22 21:29:26,200 rank_003_alphafold2_ptm_model_2_seed_044 pLDDT=93.6 pTM=0.789
2026-07-22 21:29:26,202 rank_004_alphafold2_ptm_model_1_seed_042 pLDDT=93.1 pTM=0.776
2026-07-22 21:29:26,203 rank_005_alphafold2_ptm_model_3_seed_042 pLDDT=93 pTM=0.766
2026-07-22 21:29:26,204 rank_006_alphafold2_ptm_model_3_seed_044 pLDDT=92.9 pTM=0.764
2026-07-22 21:29:26,206 rank_007_alphafold2_ptm_model_3_seed_043 pLDDT=92.9 pTM=0.765
2026-07-22 21:29:26,207 rank_008_alphafold2_ptm_model_1_seed_044 pLDDT=92.8 pTM=0.772
2026-07-22 21:29:26,209 rank_009_alphafold2_ptm_model_1_seed_043 pLDDT=92.7 pTM=0.771
2026-07-22 21:29:26,210 rank_010_alphafold2_ptm_model_5_seed_042 pLDDT=92.2 pTM=0.759
2026-07-22 21:29:26,212 rank_011_alphafold2_ptm_model_5_seed_044 pLDDT=92.1 pTM=0.756
2026-07-22 21:29:26,213 rank_012_alphafold2_ptm_model_5_seed_043 pLDDT=92 pTM=0.755
2026-07-22 21:29:26,215 rank_013_alphafold2_ptm_model_4_seed_042 pLDDT=91.9 pTM=0.765
2026-07-22 21:29:26,216 rank_014_alphafold2_ptm_model_4_seed_044 pLDDT=91.7 pTM=0.763
2026-07-22 21:29:26,217 rank_015_alphafold2_ptm_model_4_seed_043 pLDDT=91.6 pTM=0.761
2026-07-22 21:29:28,812 Query 14/786: 5KPH_2_2_0_0_combined_id5 (length 72)
2026-07-22 21:29:30,930 Padding length to 82
2026-07-22 21:29:42,202 alphafold2_ptm_model_1_seed_042 recycle=0 pLDDT=89.9 pTM=0.688
2026-07-22 21:29:53,486 alphafold2_ptm_model_1_seed_042 recycle=1 pLDDT=91.8 pTM=0.731 tol=0.129
2026-07-22 21:30:04,665 alphafold2_ptm_model_1_seed_042 recycle=2 pLDDT=91.8 pTM=0.737 tol=0.0664
2026-07-22 21:30:15,945 alphafold2_ptm_model_1_seed_042 recycle=3 pLDDT=91.9 pTM=0.74 tol=0.0474
2026-07-22 21:30:15,946 alphafold2_ptm_model_1_seed_042 took 45.0s (3 recycles)
2026-07-22 21:30:27,211 alphafold2_ptm_model_2_seed_042 recycle=0 pLDDT=92 pTM=0.749
2026-07-22 21:30:38,485 alphafold2_ptm_model_2_seed_042 recycle=1 pLDDT=92.8 pTM=0.768 tol=0.157
2026-07-22 21:30:49,607 alphafold2_ptm_model_2_seed_042 recycle=2 pLDDT=93 pTM=0.774 tol=0.0385
2026-07-22 21:31:00,866 alphafold2_ptm_model_2_seed_042 recycle=3 pLDDT=93.2 pTM=0.778 tol=0.0203
2026-07-22 21:31:00,867 alphafold2_ptm_model_2_seed_042 took 44.9s (3 recycles)
2026-07-22 21:31:12,243 alphafold2_ptm_model_3_seed_042 recycle=0 pLDDT=88.6 pTM=0.667
2026-07-22 21:31:23,533 alphafold2_ptm_model_3_seed_042 recycle=1 pLDDT=90.4 pTM=0.706 tol=0.148
2026-07-22 21:31:34,886 alphafold2_ptm_model_3_seed_042 recycle=2 pLDDT=90.9 pTM=0.712 tol=0.0783
2026-07-22 21:31:45,962 alphafold2_ptm_model_3_seed_042 recycle=3 pLDDT=91.1 pTM=0.718 tol=0.0774
2026-07-22 21:31:45,963 alphafold2_ptm_model_3_seed_042 took 45.1s (3 recycles)
2026-07-22 21:31:57,534 alphafold2_ptm_model_4_seed_042 recycle=0 pLDDT=88.9 pTM=0.702
2026-07-22 21:32:08,699 alphafold2_ptm_model_4_seed_042 recycle=1 pLDDT=90.2 pTM=0.719 tol=0.178
2026-07-22 21:32:19,950 alphafold2_ptm_model_4_seed_042 recycle=2 pLDDT=90.3 pTM=0.719 tol=0.0576
2026-07-22 21:32:31,155 alphafold2_ptm_model_4_seed_042 recycle=3 pLDDT=90.4 pTM=0.72 tol=0.0367
2026-07-22 21:32:31,156 alphafold2_ptm_model_4_seed_042 took 45.2s (3 recycles)
2026-07-22 21:32:42,536 alphafold2_ptm_model_5_seed_042 recycle=0 pLDDT=89.8 pTM=0.708
2026-07-22 21:32:53,605 alphafold2_ptm_model_5_seed_042 recycle=1 pLDDT=90.8 pTM=0.723 tol=0.168
2026-07-22 21:33:04,764 alphafold2_ptm_model_5_seed_042 recycle=2 pLDDT=90.9 pTM=0.722 tol=0.0453
2026-07-22 21:33:15,815 alphafold2_ptm_model_5_seed_042 recycle=3 pLDDT=90.9 pTM=0.722 tol=0.0257
2026-07-22 21:33:15,816 alphafold2_ptm_model_5_seed_042 took 44.6s (3 recycles)
2026-07-22 21:33:16,732 Padding length to 82
2026-07-22 21:33:27,917 alphafold2_ptm_model_1_seed_043 recycle=0 pLDDT=89.9 pTM=0.689
2026-07-22 21:33:39,037 alphafold2_ptm_model_1_seed_043 recycle=1 pLDDT=91.9 pTM=0.733 tol=0.157
2026-07-22 21:33:51,371 alphafold2_ptm_model_1_seed_043 recycle=2 pLDDT=91.9 pTM=0.738 tol=0.0734
2026-07-22 21:34:04,542 alphafold2_ptm_model_1_seed_043 recycle=3 pLDDT=91.8 pTM=0.74 tol=0.0393
2026-07-22 21:34:04,543 alphafold2_ptm_model_1_seed_043 took 47.8s (3 recycles)
2026-07-22 21:34:16,142 alphafold2_ptm_model_2_seed_043 recycle=0 pLDDT=91.8 pTM=0.746
2026-07-22 21:34:27,873 alphafold2_ptm_model_2_seed_043 recycle=1 pLDDT=92.9 pTM=0.77 tol=0.155
2026-07-22 21:34:39,800 alphafold2_ptm_model_2_seed_043 recycle=2 pLDDT=93 pTM=0.775 tol=0.0456
2026-07-22 21:34:50,910 alphafold2_ptm_model_2_seed_043 recycle=3 pLDDT=93.1 pTM=0.777 tol=0.0238
2026-07-22 21:34:50,911 alphafold2_ptm_model_2_seed_043 took 46.3s (3 recycles)
2026-07-22 21:35:02,245 alphafold2_ptm_model_3_seed_043 recycle=0 pLDDT=88.9 pTM=0.671
2026-07-22 21:35:13,548 alphafold2_ptm_model_3_seed_043 recycle=1 pLDDT=90.4 pTM=0.708 tol=0.149
2026-07-22 21:35:24,582 alphafold2_ptm_model_3_seed_043 recycle=2 pLDDT=90.9 pTM=0.713 tol=0.0692
2026-07-22 21:35:35,716 alphafold2_ptm_model_3_seed_043 recycle=3 pLDDT=91.1 pTM=0.718 tol=0.0786
2026-07-22 21:35:35,717 alphafold2_ptm_model_3_seed_043 took 44.8s (3 recycles)
2026-07-22 21:35:46,964 alphafold2_ptm_model_4_seed_043 recycle=0 pLDDT=89 pTM=0.704
2026-07-22 21:35:58,348 alphafold2_ptm_model_4_seed_043 recycle=1 pLDDT=90.2 pTM=0.718 tol=0.172
2026-07-22 21:36:09,550 alphafold2_ptm_model_4_seed_043 recycle=2 pLDDT=90.3 pTM=0.719 tol=0.0576
2026-07-22 21:36:20,736 alphafold2_ptm_model_4_seed_043 recycle=3 pLDDT=90.4 pTM=0.72 tol=0.0386
2026-07-22 21:36:20,737 alphafold2_ptm_model_4_seed_043 took 45.0s (3 recycles)
2026-07-22 21:36:32,377 alphafold2_ptm_model_5_seed_043 recycle=0 pLDDT=90.1 pTM=0.713
2026-07-22 21:36:43,421 alphafold2_ptm_model_5_seed_043 recycle=1 pLDDT=90.9 pTM=0.724 tol=0.162
2026-07-22 21:36:54,594 alphafold2_ptm_model_5_seed_043 recycle=2 pLDDT=90.9 pTM=0.722 tol=0.0419
2026-07-22 21:37:05,642 alphafold2_ptm_model_5_seed_043 recycle=3 pLDDT=90.9 pTM=0.722 tol=0.0262
2026-07-22 21:37:05,643 alphafold2_ptm_model_5_seed_043 took 44.9s (3 recycles)
2026-07-22 21:37:07,118 Padding length to 82
2026-07-22 21:37:18,232 alphafold2_ptm_model_1_seed_044 recycle=0 pLDDT=89.8 pTM=0.686
2026-07-22 21:37:29,389 alphafold2_ptm_model_1_seed_044 recycle=1 pLDDT=91.8 pTM=0.73 tol=0.147
2026-07-22 21:37:40,774 alphafold2_ptm_model_1_seed_044 recycle=2 pLDDT=91.8 pTM=0.735 tol=0.0693
2026-07-22 21:37:52,090 alphafold2_ptm_model_1_seed_044 recycle=3 pLDDT=91.8 pTM=0.739 tol=0.0488
2026-07-22 21:37:52,090 alphafold2_ptm_model_1_seed_044 took 45.0s (3 recycles)
2026-07-22 21:38:03,904 alphafold2_ptm_model_2_seed_044 recycle=0 pLDDT=91.9 pTM=0.75
2026-07-22 21:38:15,047 alphafold2_ptm_model_2_seed_044 recycle=1 pLDDT=92.8 pTM=0.768 tol=0.153
2026-07-22 21:38:26,350 alphafold2_ptm_model_2_seed_044 recycle=2 pLDDT=93 pTM=0.773 tol=0.0399
2026-07-22 21:38:37,687 alphafold2_ptm_model_2_seed_044 recycle=3 pLDDT=93.1 pTM=0.776 tol=0.0215
2026-07-22 21:38:37,689 alphafold2_ptm_model_2_seed_044 took 45.6s (3 recycles)
2026-07-22 21:38:49,099 alphafold2_ptm_model_3_seed_044 recycle=0 pLDDT=88.9 pTM=0.671
2026-07-22 21:39:00,271 alphafold2_ptm_model_3_seed_044 recycle=1 pLDDT=90.3 pTM=0.705 tol=0.144
2026-07-22 21:39:11,625 alphafold2_ptm_model_3_seed_044 recycle=2 pLDDT=90.9 pTM=0.712 tol=0.0801
2026-07-22 21:39:22,986 alphafold2_ptm_model_3_seed_044 recycle=3 pLDDT=91.1 pTM=0.718 tol=0.0765
2026-07-22 21:39:22,987 alphafold2_ptm_model_3_seed_044 took 45.3s (3 recycles)
2026-07-22 21:39:34,892 alphafold2_ptm_model_4_seed_044 recycle=0 pLDDT=89 pTM=0.703
2026-07-22 21:39:46,346 alphafold2_ptm_model_4_seed_044 recycle=1 pLDDT=90.2 pTM=0.718 tol=0.167
2026-07-22 21:39:57,676 alphafold2_ptm_model_4_seed_044 recycle=2 pLDDT=90.3 pTM=0.718 tol=0.0525
2026-07-22 21:40:08,908 alphafold2_ptm_model_4_seed_044 recycle=3 pLDDT=90.4 pTM=0.719 tol=0.0345
2026-07-22 21:40:08,909 alphafold2_ptm_model_4_seed_044 took 45.9s (3 recycles)
2026-07-22 21:40:20,417 alphafold2_ptm_model_5_seed_044 recycle=0 pLDDT=89.6 pTM=0.708
2026-07-22 21:40:31,641 alphafold2_ptm_model_5_seed_044 recycle=1 pLDDT=90.8 pTM=0.721 tol=0.168
2026-07-22 21:40:42,822 alphafold2_ptm_model_5_seed_044 recycle=2 pLDDT=90.9 pTM=0.72 tol=0.0468
2026-07-22 21:40:54,274 alphafold2_ptm_model_5_seed_044 recycle=3 pLDDT=90.9 pTM=0.722 tol=0.0262
2026-07-22 21:40:54,275 alphafold2_ptm_model_5_seed_044 took 45.3s (3 recycles)
2026-07-22 21:40:54,300 reranking models by 'plddt' metric
2026-07-22 21:40:54,300 rank_001_alphafold2_ptm_model_2_seed_042 pLDDT=93.2 pTM=0.778
2026-07-22 21:40:54,302 rank_002_alphafold2_ptm_model_2_seed_044 pLDDT=93.1 pTM=0.776
2026-07-22 21:40:54,303 rank_003_alphafold2_ptm_model_2_seed_043 pLDDT=93.1 pTM=0.777
2026-07-22 21:40:54,305 rank_004_alphafold2_ptm_model_1_seed_042 pLDDT=91.9 pTM=0.74
2026-07-22 21:40:54,306 rank_005_alphafold2_ptm_model_1_seed_044 pLDDT=91.8 pTM=0.739
2026-07-22 21:40:54,307 rank_006_alphafold2_ptm_model_1_seed_043 pLDDT=91.8 pTM=0.74
2026-07-22 21:40:54,309 rank_007_alphafold2_ptm_model_3_seed_044 pLDDT=91.1 pTM=0.718
2026-07-22 21:40:54,310 rank_008_alphafold2_ptm_model_3_seed_043 pLDDT=91.1 pTM=0.718
2026-07-22 21:40:54,312 rank_009_alphafold2_ptm_model_3_seed_042 pLDDT=91.1 pTM=0.718
2026-07-22 21:40:54,313 rank_010_alphafold2_ptm_model_5_seed_044 pLDDT=90.9 pTM=0.722
2026-07-22 21:40:54,315 rank_011_alphafold2_ptm_model_5_seed_042 pLDDT=90.9 pTM=0.722
2026-07-22 21:40:54,316 rank_012_alphafold2_ptm_model_5_seed_043 pLDDT=90.9 pTM=0.722
2026-07-22 21:40:54,317 rank_013_alphafold2_ptm_model_4_seed_043 pLDDT=90.4 pTM=0.72
2026-07-22 21:40:54,319 rank_014_alphafold2_ptm_model_4_seed_042 pLDDT=90.4 pTM=0.72
2026-07-22 21:40:54,320 rank_015_alphafold2_ptm_model_4_seed_044 pLDDT=90.4 pTM=0.719
2026-07-22 21:40:57,042 Query 15/786: 5KPH_2_2_0_0_combined_id9 (length 72)
2026-07-22 21:40:59,234 Padding length to 82
2026-07-22 21:41:10,675 alphafold2_ptm_model_1_seed_042 recycle=0 pLDDT=87.2 pTM=0.674
2026-07-22 21:41:21,884 alphafold2_ptm_model_1_seed_042 recycle=1 pLDDT=89.6 pTM=0.712 tol=0.243
2026-07-22 21:41:33,209 alphafold2_ptm_model_1_seed_042 recycle=2 pLDDT=89.6 pTM=0.713 tol=0.0518
2026-07-22 21:41:44,414 alphafold2_ptm_model_1_seed_042 recycle=3 pLDDT=89.5 pTM=0.712 tol=0.0329
2026-07-22 21:41:44,415 alphafold2_ptm_model_1_seed_042 took 45.2s (3 recycles)
2026-07-22 21:41:55,759 alphafold2_ptm_model_2_seed_042 recycle=0 pLDDT=91.4 pTM=0.758
2026-07-22 21:42:07,034 alphafold2_ptm_model_2_seed_042 recycle=1 pLDDT=91.9 pTM=0.771 tol=0.163
2026-07-22 21:42:18,215 alphafold2_ptm_model_2_seed_042 recycle=2 pLDDT=91.8 pTM=0.77 tol=0.0404
2026-07-22 21:42:29,406 alphafold2_ptm_model_2_seed_042 recycle=3 pLDDT=91.8 pTM=0.77 tol=0.025
2026-07-22 21:42:29,407 alphafold2_ptm_model_2_seed_042 took 44.9s (3 recycles)
2026-07-22 21:42:41,114 alphafold2_ptm_model_3_seed_042 recycle=0 pLDDT=88.6 pTM=0.697
2026-07-22 21:42:52,394 alphafold2_ptm_model_3_seed_042 recycle=1 pLDDT=90.2 pTM=0.721 tol=0.126
2026-07-22 21:43:03,648 alphafold2_ptm_model_3_seed_042 recycle=2 pLDDT=90.2 pTM=0.725 tol=0.069
2026-07-22 21:43:15,068 alphafold2_ptm_model_3_seed_042 recycle=3 pLDDT=90.5 pTM=0.728 tol=0.0625
2026-07-22 21:43:15,068 alphafold2_ptm_model_3_seed_042 took 45.6s (3 recycles)
2026-07-22 21:43:26,492 alphafold2_ptm_model_4_seed_042 recycle=0 pLDDT=89.4 pTM=0.725
2026-07-22 21:43:37,722 alphafold2_ptm_model_4_seed_042 recycle=1 pLDDT=89.9 pTM=0.731 tol=0.178
2026-07-22 21:43:48,680 alphafold2_ptm_model_4_seed_042 recycle=2 pLDDT=89.9 pTM=0.73 tol=0.0615
2026-07-22 21:43:59,748 alphafold2_ptm_model_4_seed_042 recycle=3 pLDDT=89.9 pTM=0.731 tol=0.0393
2026-07-22 21:43:59,749 alphafold2_ptm_model_4_seed_042 took 44.6s (3 recycles)
2026-07-22 21:44:13,475 alphafold2_ptm_model_5_seed_042 recycle=0 pLDDT=89.4 pTM=0.728
2026-07-22 21:44:25,164 alphafold2_ptm_model_5_seed_042 recycle=1 pLDDT=90.6 pTM=0.73 tol=0.2
2026-07-22 21:44:36,402 alphafold2_ptm_model_5_seed_042 recycle=2 pLDDT=90.8 pTM=0.729 tol=0.0954
2026-07-22 21:44:47,482 alphafold2_ptm_model_5_seed_042 recycle=3 pLDDT=90.9 pTM=0.729 tol=0.0546
2026-07-22 21:44:47,482 alphafold2_ptm_model_5_seed_042 took 47.7s (3 recycles)
2026-07-22 21:44:48,456 Padding length to 82
2026-07-22 21:44:59,606 alphafold2_ptm_model_1_seed_043 recycle=0 pLDDT=87.2 pTM=0.676
2026-07-22 21:45:10,711 alphafold2_ptm_model_1_seed_043 recycle=1 pLDDT=89.8 pTM=0.714 tol=0.24
2026-07-22 21:45:21,872 alphafold2_ptm_model_1_seed_043 recycle=2 pLDDT=89.6 pTM=0.712 tol=0.0682
2026-07-22 21:45:33,298 alphafold2_ptm_model_1_seed_043 recycle=3 pLDDT=89.6 pTM=0.712 tol=0.0283
2026-07-22 21:45:33,298 alphafold2_ptm_model_1_seed_043 took 44.8s (3 recycles)
2026-07-22 21:45:44,574 alphafold2_ptm_model_2_seed_043 recycle=0 pLDDT=91.1 pTM=0.755
2026-07-22 21:45:55,798 alphafold2_ptm_model_2_seed_043 recycle=1 pLDDT=91.9 pTM=0.771 tol=0.16
2026-07-22 21:46:06,911 alphafold2_ptm_model_2_seed_043 recycle=2 pLDDT=91.7 pTM=0.769 tol=0.053
2026-07-22 21:46:17,916 alphafold2_ptm_model_2_seed_043 recycle=3 pLDDT=91.8 pTM=0.769 tol=0.0281
2026-07-22 21:46:17,916 alphafold2_ptm_model_2_seed_043 took 44.6s (3 recycles)
2026-07-22 21:46:29,017 alphafold2_ptm_model_3_seed_043 recycle=0 pLDDT=88.7 pTM=0.697
2026-07-22 21:46:39,906 alphafold2_ptm_model_3_seed_043 recycle=1 pLDDT=90.1 pTM=0.721 tol=0.168
2026-07-22 21:46:50,957 alphafold2_ptm_model_3_seed_043 recycle=2 pLDDT=90.1 pTM=0.724 tol=0.0776
2026-07-22 21:47:02,198 alphafold2_ptm_model_3_seed_043 recycle=3 pLDDT=90.5 pTM=0.729 tol=0.0714
2026-07-22 21:47:02,199 alphafold2_ptm_model_3_seed_043 took 44.2s (3 recycles)
2026-07-22 21:47:13,575 alphafold2_ptm_model_4_seed_043 recycle=0 pLDDT=89.2 pTM=0.72
2026-07-22 21:47:24,990 alphafold2_ptm_model_4_seed_043 recycle=1 pLDDT=90 pTM=0.732 tol=0.182
2026-07-22 21:47:36,072 alphafold2_ptm_model_4_seed_043 recycle=2 pLDDT=89.9 pTM=0.73 tol=0.0555
2026-07-22 21:47:47,637 alphafold2_ptm_model_4_seed_043 recycle=3 pLDDT=90 pTM=0.731 tol=0.0546
2026-07-22 21:47:47,638 alphafold2_ptm_model_4_seed_043 took 45.4s (3 recycles)
2026-07-22 21:47:59,121 alphafold2_ptm_model_5_seed_043 recycle=0 pLDDT=89.5 pTM=0.731
2026-07-22 21:48:10,393 alphafold2_ptm_model_5_seed_043 recycle=1 pLDDT=90.6 pTM=0.731 tol=0.184
2026-07-22 21:48:21,845 alphafold2_ptm_model_5_seed_043 recycle=2 pLDDT=90.7 pTM=0.729 tol=0.0811
2026-07-22 21:48:33,267 alphafold2_ptm_model_5_seed_043 recycle=3 pLDDT=90.8 pTM=0.728 tol=0.0617
2026-07-22 21:48:33,268 alphafold2_ptm_model_5_seed_043 took 45.6s (3 recycles)
2026-07-22 21:48:34,279 Padding length to 82
2026-07-22 21:48:45,535 alphafold2_ptm_model_1_seed_044 recycle=0 pLDDT=87.2 pTM=0.674
2026-07-22 21:48:56,607 alphafold2_ptm_model_1_seed_044 recycle=1 pLDDT=89.7 pTM=0.714 tol=0.274
2026-07-22 21:49:07,603 alphafold2_ptm_model_1_seed_044 recycle=2 pLDDT=89.6 pTM=0.712 tol=0.0586
2026-07-22 21:49:18,726 alphafold2_ptm_model_1_seed_044 recycle=3 pLDDT=89.5 pTM=0.712 tol=0.0256
2026-07-22 21:49:18,727 alphafold2_ptm_model_1_seed_044 took 44.4s (3 recycles)
2026-07-22 21:49:30,515 alphafold2_ptm_model_2_seed_044 recycle=0 pLDDT=91.3 pTM=0.758
2026-07-22 21:49:41,919 alphafold2_ptm_model_2_seed_044 recycle=1 pLDDT=91.9 pTM=0.771 tol=0.165
2026-07-22 21:49:53,114 alphafold2_ptm_model_2_seed_044 recycle=2 pLDDT=91.8 pTM=0.77 tol=0.0431
2026-07-22 21:50:04,341 alphafold2_ptm_model_2_seed_044 recycle=3 pLDDT=91.8 pTM=0.769 tol=0.0213
2026-07-22 21:50:04,342 alphafold2_ptm_model_2_seed_044 took 45.6s (3 recycles)
2026-07-22 21:50:16,649 alphafold2_ptm_model_3_seed_044 recycle=0 pLDDT=88.7 pTM=0.698
2026-07-22 21:50:27,685 alphafold2_ptm_model_3_seed_044 recycle=1 pLDDT=90.1 pTM=0.719 tol=0.157
2026-07-22 21:50:38,812 alphafold2_ptm_model_3_seed_044 recycle=2 pLDDT=90.2 pTM=0.725 tol=0.0766
2026-07-22 21:50:50,052 alphafold2_ptm_model_3_seed_044 recycle=3 pLDDT=90.6 pTM=0.729 tol=0.0725
2026-07-22 21:50:50,052 alphafold2_ptm_model_3_seed_044 took 45.7s (3 recycles)
2026-07-22 21:51:01,560 alphafold2_ptm_model_4_seed_044 recycle=0 pLDDT=89.5 pTM=0.726
2026-07-22 21:51:12,878 alphafold2_ptm_model_4_seed_044 recycle=1 pLDDT=89.8 pTM=0.73 tol=0.159
2026-07-22 21:51:24,321 alphafold2_ptm_model_4_seed_044 recycle=2 pLDDT=89.9 pTM=0.73 tol=0.0556
2026-07-22 21:51:35,502 alphafold2_ptm_model_4_seed_044 recycle=3 pLDDT=89.9 pTM=0.729 tol=0.0432
2026-07-22 21:51:35,503 alphafold2_ptm_model_4_seed_044 took 45.4s (3 recycles)
2026-07-22 21:51:47,002 alphafold2_ptm_model_5_seed_044 recycle=0 pLDDT=89.2 pTM=0.728
2026-07-22 21:52:00,119 alphafold2_ptm_model_5_seed_044 recycle=1 pLDDT=90.6 pTM=0.73 tol=0.185
2026-07-22 21:52:11,821 alphafold2_ptm_model_5_seed_044 recycle=2 pLDDT=90.8 pTM=0.728 tol=0.0844
2026-07-22 21:52:25,763 alphafold2_ptm_model_5_seed_044 recycle=3 pLDDT=90.9 pTM=0.729 tol=0.0656
2026-07-22 21:52:25,763 alphafold2_ptm_model_5_seed_044 took 50.2s (3 recycles)
2026-07-22 21:52:25,793 reranking models by 'plddt' metric
2026-07-22 21:52:25,793 rank_001_alphafold2_ptm_model_2_seed_042 pLDDT=91.8 pTM=0.77
2026-07-22 21:52:25,795 rank_002_alphafold2_ptm_model_2_seed_044 pLDDT=91.8 pTM=0.769
2026-07-22 21:52:25,797 rank_003_alphafold2_ptm_model_2_seed_043 pLDDT=91.8 pTM=0.769
2026-07-22 21:52:25,798 rank_004_alphafold2_ptm_model_5_seed_044 pLDDT=90.9 pTM=0.729
2026-07-22 21:52:25,800 rank_005_alphafold2_ptm_model_5_seed_042 pLDDT=90.9 pTM=0.729
2026-07-22 21:52:25,801 rank_006_alphafold2_ptm_model_5_seed_043 pLDDT=90.8 pTM=0.728
2026-07-22 21:52:25,803 rank_007_alphafold2_ptm_model_3_seed_044 pLDDT=90.6 pTM=0.729
2026-07-22 21:52:25,804 rank_008_alphafold2_ptm_model_3_seed_043 pLDDT=90.5 pTM=0.729
2026-07-22 21:52:25,806 rank_009_alphafold2_ptm_model_3_seed_042 pLDDT=90.5 pTM=0.728
2026-07-22 21:52:25,808 rank_010_alphafold2_ptm_model_4_seed_043 pLDDT=90 pTM=0.731
2026-07-22 21:52:25,809 rank_011_alphafold2_ptm_model_4_seed_044 pLDDT=89.9 pTM=0.729
2026-07-22 21:52:25,811 rank_012_alphafold2_ptm_model_4_seed_042 pLDDT=89.9 pTM=0.731
2026-07-22 21:52:25,812 rank_013_alphafold2_ptm_model_1_seed_043 pLDDT=89.6 pTM=0.712
2026-07-22 21:52:25,814 rank_014_alphafold2_ptm_model_1_seed_044 pLDDT=89.5 pTM=0.712
2026-07-22 21:52:25,815 rank_015_alphafold2_ptm_model_1_seed_042 pLDDT=89.5 pTM=0.712
2026-07-22 21:52:28,104 Query 16/786: 5KPH_4_4_4_0_combined_id3 (length 72)
2026-07-22 21:52:30,266 Padding length to 82
2026-07-22 21:52:41,358 alphafold2_ptm_model_1_seed_042 recycle=0 pLDDT=83.4 pTM=0.622
2026-07-22 21:52:52,535 alphafold2_ptm_model_1_seed_042 recycle=1 pLDDT=84.9 pTM=0.655 tol=0.275
2026-07-22 21:53:03,864 alphafold2_ptm_model_1_seed_042 recycle=2 pLDDT=84.9 pTM=0.662 tol=0.132
2026-07-22 21:53:15,094 alphafold2_ptm_model_1_seed_042 recycle=3 pLDDT=85.5 pTM=0.662 tol=0.21
2026-07-22 21:53:15,095 alphafold2_ptm_model_1_seed_042 took 44.8s (3 recycles)
2026-07-22 21:53:26,165 alphafold2_ptm_model_2_seed_042 recycle=0 pLDDT=87.8 pTM=0.686
2026-07-22 21:53:37,254 alphafold2_ptm_model_2_seed_042 recycle=1 pLDDT=86.6 pTM=0.683 tol=0.412
2026-07-22 21:53:48,231 alphafold2_ptm_model_2_seed_042 recycle=2 pLDDT=87.2 pTM=0.688 tol=0.158
2026-07-22 21:53:59,240 alphafold2_ptm_model_2_seed_042 recycle=3 pLDDT=86.4 pTM=0.687 tol=0.245
2026-07-22 21:53:59,240 alphafold2_ptm_model_2_seed_042 took 44.1s (3 recycles)
2026-07-22 21:54:10,321 alphafold2_ptm_model_3_seed_042 recycle=0 pLDDT=84.9 pTM=0.643
2026-07-22 21:54:21,439 alphafold2_ptm_model_3_seed_042 recycle=1 pLDDT=85.8 pTM=0.66 tol=0.432
2026-07-22 21:54:32,414 alphafold2_ptm_model_3_seed_042 recycle=2 pLDDT=86.6 pTM=0.666 tol=0.0992
2026-07-22 21:54:43,501 alphafold2_ptm_model_3_seed_042 recycle=3 pLDDT=86.9 pTM=0.677 tol=0.304
2026-07-22 21:54:43,502 alphafold2_ptm_model_3_seed_042 took 44.2s (3 recycles)
2026-07-22 21:54:54,707 alphafold2_ptm_model_4_seed_042 recycle=0 pLDDT=88.6 pTM=0.685
2026-07-22 21:55:05,743 alphafold2_ptm_model_4_seed_042 recycle=1 pLDDT=87.6 pTM=0.692 tol=0.16
2026-07-22 21:55:16,859 alphafold2_ptm_model_4_seed_042 recycle=2 pLDDT=86.8 pTM=0.684 tol=0.098
2026-07-22 21:55:27,985 alphafold2_ptm_model_4_seed_042 recycle=3 pLDDT=86.8 pTM=0.684 tol=0.199
2026-07-22 21:55:27,986 alphafold2_ptm_model_4_seed_042 took 44.5s (3 recycles)
2026-07-22 21:55:39,260 alphafold2_ptm_model_5_seed_042 recycle=0 pLDDT=86.2 pTM=0.668
2026-07-22 21:55:50,433 alphafold2_ptm_model_5_seed_042 recycle=1 pLDDT=86.8 pTM=0.685 tol=0.178
2026-07-22 21:56:01,613 alphafold2_ptm_model_5_seed_042 recycle=2 pLDDT=87.7 pTM=0.697 tol=0.0793
2026-07-22 21:56:12,932 alphafold2_ptm_model_5_seed_042 recycle=3 pLDDT=88 pTM=0.701 tol=0.0549
2026-07-22 21:56:12,933 alphafold2_ptm_model_5_seed_042 took 44.9s (3 recycles)
2026-07-22 21:56:14,141 Padding length to 82
2026-07-22 21:56:25,371 alphafold2_ptm_model_1_seed_043 recycle=0 pLDDT=83.9 pTM=0.626
2026-07-22 21:56:36,745 alphafold2_ptm_model_1_seed_043 recycle=1 pLDDT=84.8 pTM=0.656 tol=0.231
2026-07-22 21:56:48,205 alphafold2_ptm_model_1_seed_043 recycle=2 pLDDT=84.9 pTM=0.661 tol=0.0936
2026-07-22 21:56:59,598 alphafold2_ptm_model_1_seed_043 recycle=3 pLDDT=84.9 pTM=0.658 tol=0.179
2026-07-22 21:56:59,599 alphafold2_ptm_model_1_seed_043 took 45.5s (3 recycles)
2026-07-22 21:57:11,191 alphafold2_ptm_model_2_seed_043 recycle=0 pLDDT=87.2 pTM=0.679
2026-07-22 21:57:22,638 alphafold2_ptm_model_2_seed_043 recycle=1 pLDDT=86.3 pTM=0.681 tol=0.373
2026-07-22 21:57:34,073 alphafold2_ptm_model_2_seed_043 recycle=2 pLDDT=87.2 pTM=0.69 tol=0.176
2026-07-22 21:57:45,528 alphafold2_ptm_model_2_seed_043 recycle=3 pLDDT=86.4 pTM=0.686 tol=0.207
2026-07-22 21:57:45,529 alphafold2_ptm_model_2_seed_043 took 45.9s (3 recycles)
2026-07-22 21:57:56,998 alphafold2_ptm_model_3_seed_043 recycle=0 pLDDT=85.6 pTM=0.648
2026-07-22 21:58:08,470 alphafold2_ptm_model_3_seed_043 recycle=1 pLDDT=86 pTM=0.663 tol=0.279
2026-07-22 21:58:20,030 alphafold2_ptm_model_3_seed_043 recycle=2 pLDDT=86.8 pTM=0.668 tol=0.0748
2026-07-22 21:58:31,361 alphafold2_ptm_model_3_seed_043 recycle=3 pLDDT=87.1 pTM=0.677 tol=0.268
2026-07-22 21:58:31,361 alphafold2_ptm_model_3_seed_043 took 45.8s (3 recycles)
2026-07-22 21:58:43,173 alphafold2_ptm_model_4_seed_043 recycle=0 pLDDT=88.4 pTM=0.684
2026-07-22 21:58:54,616 alphafold2_ptm_model_4_seed_043 recycle=1 pLDDT=86.9 pTM=0.686 tol=0.217
2026-07-22 21:59:05,990 alphafold2_ptm_model_4_seed_043 recycle=2 pLDDT=86.4 pTM=0.683 tol=0.115
2026-07-22 21:59:17,339 alphafold2_ptm_model_4_seed_043 recycle=3 pLDDT=86.3 pTM=0.682 tol=0.193
2026-07-22 21:59:17,339 alphafold2_ptm_model_4_seed_043 took 45.9s (3 recycles)
2026-07-22 21:59:28,850 alphafold2_ptm_model_5_seed_043 recycle=0 pLDDT=86.2 pTM=0.671
2026-07-22 21:59:40,135 alphafold2_ptm_model_5_seed_043 recycle=1 pLDDT=86.1 pTM=0.677 tol=0.162
2026-07-22 21:59:51,368 alphafold2_ptm_model_5_seed_043 recycle=2 pLDDT=87.4 pTM=0.693 tol=0.124
2026-07-22 22:00:02,731 alphafold2_ptm_model_5_seed_043 recycle=3 pLDDT=87.9 pTM=0.7 tol=0.0597
2026-07-22 22:00:02,732 alphafold2_ptm_model_5_seed_043 took 45.3s (3 recycles)
2026-07-22 22:00:03,717 Padding length to 82
2026-07-22 22:00:15,235 alphafold2_ptm_model_1_seed_044 recycle=0 pLDDT=83.8 pTM=0.621
2026-07-22 22:00:26,844 alphafold2_ptm_model_1_seed_044 recycle=1 pLDDT=84.7 pTM=0.655 tol=0.203
2026-07-22 22:00:38,329 alphafold2_ptm_model_1_seed_044 recycle=2 pLDDT=84.7 pTM=0.658 tol=0.0995
2026-07-22 22:00:49,853 alphafold2_ptm_model_1_seed_044 recycle=3 pLDDT=85.1 pTM=0.661 tol=0.303
2026-07-22 22:00:49,854 alphafold2_ptm_model_1_seed_044 took 46.1s (3 recycles)
2026-07-22 22:01:03,398 alphafold2_ptm_model_2_seed_044 recycle=0 pLDDT=87.8 pTM=0.688
2026-07-22 22:01:14,760 alphafold2_ptm_model_2_seed_044 recycle=1 pLDDT=86.4 pTM=0.682 tol=0.308
2026-07-22 22:01:26,108 alphafold2_ptm_model_2_seed_044 recycle=2 pLDDT=86.9 pTM=0.686 tol=0.152
2026-07-22 22:01:38,695 alphafold2_ptm_model_2_seed_044 recycle=3 pLDDT=86.6 pTM=0.688 tol=0.117
2026-07-22 22:01:38,696 alphafold2_ptm_model_2_seed_044 took 48.8s (3 recycles)
2026-07-22 22:01:50,435 alphafold2_ptm_model_3_seed_044 recycle=0 pLDDT=85.1 pTM=0.645
2026-07-22 22:02:01,960 alphafold2_ptm_model_3_seed_044 recycle=1 pLDDT=85.8 pTM=0.664 tol=0.413
2026-07-22 22:02:12,994 alphafold2_ptm_model_3_seed_044 recycle=2 pLDDT=86.5 pTM=0.667 tol=0.143
2026-07-22 22:02:24,427 alphafold2_ptm_model_3_seed_044 recycle=3 pLDDT=87 pTM=0.679 tol=0.342
2026-07-22 22:02:24,428 alphafold2_ptm_model_3_seed_044 took 45.7s (3 recycles)
2026-07-22 22:02:35,666 alphafold2_ptm_model_4_seed_044 recycle=0 pLDDT=88.4 pTM=0.683
2026-07-22 22:02:46,844 alphafold2_ptm_model_4_seed_044 recycle=1 pLDDT=87.4 pTM=0.688 tol=0.151
2026-07-22 22:02:57,864 alphafold2_ptm_model_4_seed_044 recycle=2 pLDDT=86.6 pTM=0.683 tol=0.0768
2026-07-22 22:03:09,002 alphafold2_ptm_model_4_seed_044 recycle=3 pLDDT=86.6 pTM=0.684 tol=0.199
2026-07-22 22:03:09,003 alphafold2_ptm_model_4_seed_044 took 44.5s (3 recycles)
2026-07-22 22:03:20,252 alphafold2_ptm_model_5_seed_044 recycle=0 pLDDT=85.7 pTM=0.662
2026-07-22 22:03:31,417 alphafold2_ptm_model_5_seed_044 recycle=1 pLDDT=86.7 pTM=0.684 tol=0.179
2026-07-22 22:03:42,984 alphafold2_ptm_model_5_seed_044 recycle=2 pLDDT=87.6 pTM=0.696 tol=0.0696
2026-07-22 22:03:54,377 alphafold2_ptm_model_5_seed_044 recycle=3 pLDDT=88.1 pTM=0.702 tol=0.0505
2026-07-22 22:03:54,377 alphafold2_ptm_model_5_seed_044 took 45.3s (3 recycles)
2026-07-22 22:03:54,424 reranking models by 'plddt' metric
2026-07-22 22:03:54,424 rank_001_alphafold2_ptm_model_5_seed_044 pLDDT=88.1 pTM=0.702
2026-07-22 22:03:54,426 rank_002_alphafold2_ptm_model_5_seed_042 pLDDT=88 pTM=0.701
2026-07-22 22:03:54,428 rank_003_alphafold2_ptm_model_5_seed_043 pLDDT=87.9 pTM=0.7
2026-07-22 22:03:54,429 rank_004_alphafold2_ptm_model_3_seed_043 pLDDT=87.1 pTM=0.677
2026-07-22 22:03:54,431 rank_005_alphafold2_ptm_model_3_seed_044 pLDDT=87 pTM=0.679
2026-07-22 22:03:54,432 rank_006_alphafold2_ptm_model_3_seed_042 pLDDT=86.9 pTM=0.677
2026-07-22 22:03:54,434 rank_007_alphafold2_ptm_model_4_seed_042 pLDDT=86.8 pTM=0.684
2026-07-22 22:03:54,436 rank_008_alphafold2_ptm_model_4_seed_044 pLDDT=86.6 pTM=0.684
2026-07-22 22:03:54,437 rank_009_alphafold2_ptm_model_2_seed_044 pLDDT=86.6 pTM=0.688
2026-07-22 22:03:54,438 rank_010_alphafold2_ptm_model_2_seed_043 pLDDT=86.4 pTM=0.686
2026-07-22 22:03:54,440 rank_011_alphafold2_ptm_model_2_seed_042 pLDDT=86.4 pTM=0.687
2026-07-22 22:03:54,441 rank_012_alphafold2_ptm_model_4_seed_043 pLDDT=86.3 pTM=0.682
2026-07-22 22:03:54,443 rank_013_alphafold2_ptm_model_1_seed_042 pLDDT=85.5 pTM=0.662
2026-07-22 22:03:54,444 rank_014_alphafold2_ptm_model_1_seed_044 pLDDT=85.1 pTM=0.661
2026-07-22 22:03:54,446 rank_015_alphafold2_ptm_model_1_seed_043 pLDDT=84.9 pTM=0.658
2026-07-22 22:03:57,325 Query 17/786: 5KPH_2_4_6_0_combined_id8 (length 72)
2026-07-22 22:03:59,362 Padding length to 82
2026-07-22 22:04:10,474 alphafold2_ptm_model_1_seed_042 recycle=0 pLDDT=87.1 pTM=0.65
2026-07-22 22:04:21,824 alphafold2_ptm_model_1_seed_042 recycle=1 pLDDT=88.9 pTM=0.69 tol=0.178
2026-07-22 22:04:33,174 alphafold2_ptm_model_1_seed_042 recycle=2 pLDDT=88.9 pTM=0.694 tol=0.0609
2026-07-22 22:04:44,510 alphafold2_ptm_model_1_seed_042 recycle=3 pLDDT=89.1 pTM=0.695 tol=0.0259
2026-07-22 22:04:44,510 alphafold2_ptm_model_1_seed_042 took 45.1s (3 recycles)
2026-07-22 22:04:55,927 alphafold2_ptm_model_2_seed_042 recycle=0 pLDDT=90.4 pTM=0.724
2026-07-22 22:05:07,035 alphafold2_ptm_model_2_seed_042 recycle=1 pLDDT=91.6 pTM=0.741 tol=0.164
2026-07-22 22:05:18,147 alphafold2_ptm_model_2_seed_042 recycle=2 pLDDT=91.4 pTM=0.743 tol=0.0585
2026-07-22 22:05:29,564 alphafold2_ptm_model_2_seed_042 recycle=3 pLDDT=92.1 pTM=0.747 tol=0.0357
2026-07-22 22:05:29,565 alphafold2_ptm_model_2_seed_042 took 45.0s (3 recycles)
2026-07-22 22:05:41,131 alphafold2_ptm_model_3_seed_042 recycle=0 pLDDT=86.2 pTM=0.641
2026-07-22 22:05:52,167 alphafold2_ptm_model_3_seed_042 recycle=1 pLDDT=89.1 pTM=0.685 tol=0.202
2026-07-22 22:06:03,507 alphafold2_ptm_model_3_seed_042 recycle=2 pLDDT=88.9 pTM=0.696 tol=0.0833
2026-07-22 22:06:14,584 alphafold2_ptm_model_3_seed_042 recycle=3 pLDDT=88.9 pTM=0.701 tol=0.062
2026-07-22 22:06:14,585 alphafold2_ptm_model_3_seed_042 took 44.9s (3 recycles)
2026-07-22 22:06:26,411 alphafold2_ptm_model_4_seed_042 recycle=0 pLDDT=88 pTM=0.682
2026-07-22 22:06:37,521 alphafold2_ptm_model_4_seed_042 recycle=1 pLDDT=88.8 pTM=0.692 tol=0.102
2026-07-22 22:06:48,772 alphafold2_ptm_model_4_seed_042 recycle=2 pLDDT=88.3 pTM=0.687 tol=0.066
2026-07-22 22:06:59,924 alphafold2_ptm_model_4_seed_042 recycle=3 pLDDT=88.2 pTM=0.685 tol=0.0342
2026-07-22 22:06:59,925 alphafold2_ptm_model_4_seed_042 took 45.3s (3 recycles)
2026-07-22 22:07:11,491 alphafold2_ptm_model_5_seed_042 recycle=0 pLDDT=87.8 pTM=0.668
2026-07-22 22:07:22,711 alphafold2_ptm_model_5_seed_042 recycle=1 pLDDT=88.5 pTM=0.673 tol=0.256
2026-07-22 22:07:33,654 alphafold2_ptm_model_5_seed_042 recycle=2 pLDDT=88.4 pTM=0.67 tol=0.0976
2026-07-22 22:07:44,725 alphafold2_ptm_model_5_seed_042 recycle=3 pLDDT=88.4 pTM=0.667 tol=0.0702
2026-07-22 22:07:44,725 alphafold2_ptm_model_5_seed_042 took 44.8s (3 recycles)
2026-07-22 22:07:45,799 Padding length to 82
2026-07-22 22:07:56,983 alphafold2_ptm_model_1_seed_043 recycle=0 pLDDT=86.9 pTM=0.649
2026-07-22 22:08:08,180 alphafold2_ptm_model_1_seed_043 recycle=1 pLDDT=89 pTM=0.692 tol=0.198
2026-07-22 22:08:19,405 alphafold2_ptm_model_1_seed_043 recycle=2 pLDDT=89 pTM=0.696 tol=0.0546
2026-07-22 22:08:30,426 alphafold2_ptm_model_1_seed_043 recycle=3 pLDDT=89 pTM=0.693 tol=0.0302
2026-07-22 22:08:30,427 alphafold2_ptm_model_1_seed_043 took 44.6s (3 recycles)
2026-07-22 22:08:41,690 alphafold2_ptm_model_2_seed_043 recycle=0 pLDDT=89.9 pTM=0.721
2026-07-22 22:08:52,783 alphafold2_ptm_model_2_seed_043 recycle=1 pLDDT=91.5 pTM=0.741 tol=0.169
2026-07-22 22:09:04,733 alphafold2_ptm_model_2_seed_043 recycle=2 pLDDT=91.4 pTM=0.74 tol=0.0466
2026-07-22 22:09:16,078 alphafold2_ptm_model_2_seed_043 recycle=3 pLDDT=91.8 pTM=0.744 tol=0.034
2026-07-22 22:09:16,079 alphafold2_ptm_model_2_seed_043 took 45.6s (3 recycles)
2026-07-22 22:09:27,358 alphafold2_ptm_model_3_seed_043 recycle=0 pLDDT=86.4 pTM=0.644
2026-07-22 22:09:38,539 alphafold2_ptm_model_3_seed_043 recycle=1 pLDDT=89.2 pTM=0.688 tol=0.128
2026-07-22 22:09:49,794 alphafold2_ptm_model_3_seed_043 recycle=2 pLDDT=89 pTM=0.695 tol=0.111
2026-07-22 22:10:00,868 alphafold2_ptm_model_3_seed_043 recycle=3 pLDDT=89.1 pTM=0.698 tol=0.066
2026-07-22 22:10:00,869 alphafold2_ptm_model_3_seed_043 took 44.6s (3 recycles)
2026-07-22 22:10:11,987 alphafold2_ptm_model_4_seed_043 recycle=0 pLDDT=87.8 pTM=0.676
2026-07-22 22:10:23,188 alphafold2_ptm_model_4_seed_043 recycle=1 pLDDT=88.6 pTM=0.69 tol=0.119
2026-07-22 22:10:34,541 alphafold2_ptm_model_4_seed_043 recycle=2 pLDDT=88.2 pTM=0.685 tol=0.0789
2026-07-22 22:10:45,832 alphafold2_ptm_model_4_seed_043 recycle=3 pLDDT=88.1 pTM=0.683 tol=0.0337
2026-07-22 22:10:45,833 alphafold2_ptm_model_4_seed_043 took 44.9s (3 recycles)
2026-07-22 22:10:57,492 alphafold2_ptm_model_5_seed_043 recycle=0 pLDDT=87.4 pTM=0.665
2026-07-22 22:11:08,739 alphafold2_ptm_model_5_seed_043 recycle=1 pLDDT=88.5 pTM=0.672 tol=0.277
2026-07-22 22:11:20,012 alphafold2_ptm_model_5_seed_043 recycle=2 pLDDT=88.2 pTM=0.667 tol=0.104
2026-07-22 22:11:31,328 alphafold2_ptm_model_5_seed_043 recycle=3 pLDDT=88.2 pTM=0.664 tol=0.063
2026-07-22 22:11:31,328 alphafold2_ptm_model_5_seed_043 took 45.5s (3 recycles)
2026-07-22 22:11:32,610 Padding length to 82
2026-07-22 22:11:43,926 alphafold2_ptm_model_1_seed_044 recycle=0 pLDDT=86.8 pTM=0.647
2026-07-22 22:11:55,182 alphafold2_ptm_model_1_seed_044 recycle=1 pLDDT=88.8 pTM=0.689 tol=0.182
2026-07-22 22:12:06,663 alphafold2_ptm_model_1_seed_044 recycle=2 pLDDT=88.8 pTM=0.696 tol=0.0588
2026-07-22 22:12:17,774 alphafold2_ptm_model_1_seed_044 recycle=3 pLDDT=89 pTM=0.695 tol=0.0381
2026-07-22 22:12:17,775 alphafold2_ptm_model_1_seed_044 took 45.2s (3 recycles)
2026-07-22 22:12:29,102 alphafold2_ptm_model_2_seed_044 recycle=0 pLDDT=89.9 pTM=0.715
2026-07-22 22:12:40,291 alphafold2_ptm_model_2_seed_044 recycle=1 pLDDT=91.4 pTM=0.736 tol=0.161
2026-07-22 22:12:51,596 alphafold2_ptm_model_2_seed_044 recycle=2 pLDDT=91.5 pTM=0.738 tol=0.0651
2026-07-22 22:13:02,640 alphafold2_ptm_model_2_seed_044 recycle=3 pLDDT=91.8 pTM=0.743 tol=0.0366
2026-07-22 22:13:02,641 alphafold2_ptm_model_2_seed_044 took 44.8s (3 recycles)
2026-07-22 22:13:14,623 alphafold2_ptm_model_3_seed_044 recycle=0 pLDDT=86.4 pTM=0.643
2026-07-22 22:13:25,597 alphafold2_ptm_model_3_seed_044 recycle=1 pLDDT=89.1 pTM=0.682 tol=0.177
2026-07-22 22:13:36,804 alphafold2_ptm_model_3_seed_044 recycle=2 pLDDT=88.9 pTM=0.692 tol=0.0882
2026-07-22 22:13:47,999 alphafold2_ptm_model_3_seed_044 recycle=3 pLDDT=89 pTM=0.698 tol=0.0589
2026-07-22 22:13:48,000 alphafold2_ptm_model_3_seed_044 took 45.3s (3 recycles)
2026-07-22 22:13:59,353 alphafold2_ptm_model_4_seed_044 recycle=0 pLDDT=87.8 pTM=0.676
2026-07-22 22:14:10,656 alphafold2_ptm_model_4_seed_044 recycle=1 pLDDT=88.6 pTM=0.689 tol=0.118
2026-07-22 22:14:21,782 alphafold2_ptm_model_4_seed_044 recycle=2 pLDDT=88.2 pTM=0.685 tol=0.0986
2026-07-22 22:14:32,914 alphafold2_ptm_model_4_seed_044 recycle=3 pLDDT=88.1 pTM=0.684 tol=0.0374
2026-07-22 22:14:32,915 alphafold2_ptm_model_4_seed_044 took 44.9s (3 recycles)
2026-07-22 22:14:44,141 alphafold2_ptm_model_5_seed_044 recycle=0 pLDDT=87.3 pTM=0.659
2026-07-22 22:14:55,489 alphafold2_ptm_model_5_seed_044 recycle=1 pLDDT=88.4 pTM=0.669 tol=0.253
2026-07-22 22:15:06,598 alphafold2_ptm_model_5_seed_044 recycle=2 pLDDT=88.2 pTM=0.667 tol=0.0957
2026-07-22 22:15:17,667 alphafold2_ptm_model_5_seed_044 recycle=3 pLDDT=88.3 pTM=0.665 tol=0.069
2026-07-22 22:15:17,667 alphafold2_ptm_model_5_seed_044 took 44.7s (3 recycles)
2026-07-22 22:15:17,731 reranking models by 'plddt' metric
2026-07-22 22:15:17,732 rank_001_alphafold2_ptm_model_2_seed_042 pLDDT=92.1 pTM=0.747
2026-07-22 22:15:17,733 rank_002_alphafold2_ptm_model_2_seed_044 pLDDT=91.8 pTM=0.743
2026-07-22 22:15:17,735 rank_003_alphafold2_ptm_model_2_seed_043 pLDDT=91.8 pTM=0.744
2026-07-22 22:15:17,736 rank_004_alphafold2_ptm_model_1_seed_042 pLDDT=89.1 pTM=0.695
2026-07-22 22:15:17,738 rank_005_alphafold2_ptm_model_3_seed_043 pLDDT=89.1 pTM=0.698
2026-07-22 22:15:17,739 rank_006_alphafold2_ptm_model_3_seed_044 pLDDT=89 pTM=0.698
2026-07-22 22:15:17,741 rank_007_alphafold2_ptm_model_1_seed_044 pLDDT=89 pTM=0.695
2026-07-22 22:15:17,742 rank_008_alphafold2_ptm_model_1_seed_043 pLDDT=89 pTM=0.693
2026-07-22 22:15:17,744 rank_009_alphafold2_ptm_model_3_seed_042 pLDDT=88.9 pTM=0.701
2026-07-22 22:15:17,745 rank_010_alphafold2_ptm_model_5_seed_042 pLDDT=88.4 pTM=0.667
2026-07-22 22:15:17,747 rank_011_alphafold2_ptm_model_5_seed_044 pLDDT=88.3 pTM=0.665
2026-07-22 22:15:17,748 rank_012_alphafold2_ptm_model_5_seed_043 pLDDT=88.2 pTM=0.664
2026-07-22 22:15:17,749 rank_013_alphafold2_ptm_model_4_seed_042 pLDDT=88.2 pTM=0.685
2026-07-22 22:15:17,751 rank_014_alphafold2_ptm_model_4_seed_044 pLDDT=88.1 pTM=0.684
2026-07-22 22:15:17,752 rank_015_alphafold2_ptm_model_4_seed_043 pLDDT=88.1 pTM=0.683
2026-07-22 22:15:20,616 Query 18/786: 5KPH_8_6_4_0_combined_id2 (length 72)
2026-07-22 22:15:22,521 Padding length to 82
2026-07-22 22:15:34,180 alphafold2_ptm_model_1_seed_042 recycle=0 pLDDT=58.7 pTM=0.328
2026-07-22 22:15:45,526 alphafold2_ptm_model_1_seed_042 recycle=1 pLDDT=59.6 pTM=0.35 tol=0.979
2026-07-22 22:15:56,763 alphafold2_ptm_model_1_seed_042 recycle=2 pLDDT=58.3 pTM=0.348 tol=1.87
2026-07-22 22:16:07,843 alphafold2_ptm_model_1_seed_042 recycle=3 pLDDT=57.6 pTM=0.346 tol=3.18
2026-07-22 22:16:07,844 alphafold2_ptm_model_1_seed_042 took 45.3s (3 recycles)
2026-07-22 22:16:19,412 alphafold2_ptm_model_2_seed_042 recycle=0 pLDDT=65.7 pTM=0.447
2026-07-22 22:16:30,520 alphafold2_ptm_model_2_seed_042 recycle=1 pLDDT=81.2 pTM=0.61 tol=1.58
2026-07-22 22:16:41,761 alphafold2_ptm_model_2_seed_042 recycle=2 pLDDT=76.8 pTM=0.567 tol=1.72
2026-07-22 22:16:52,847 alphafold2_ptm_model_2_seed_042 recycle=3 pLDDT=89.6 pTM=0.708 tol=0.898
2026-07-22 22:16:52,848 alphafold2_ptm_model_2_seed_042 took 45.0s (3 recycles)
2026-07-22 22:17:04,389 alphafold2_ptm_model_3_seed_042 recycle=0 pLDDT=76.6 pTM=0.566
2026-07-22 22:17:15,735 alphafold2_ptm_model_3_seed_042 recycle=1 pLDDT=85.3 pTM=0.657 tol=1.88
2026-07-22 22:17:26,913 alphafold2_ptm_model_3_seed_042 recycle=2 pLDDT=86.9 pTM=0.655 tol=0.177
2026-07-22 22:17:38,274 alphafold2_ptm_model_3_seed_042 recycle=3 pLDDT=87.4 pTM=0.665 tol=0.0686
2026-07-22 22:17:38,275 alphafold2_ptm_model_3_seed_042 took 45.4s (3 recycles)
2026-07-22 22:17:50,043 alphafold2_ptm_model_4_seed_042 recycle=0 pLDDT=56.1 pTM=0.354
2026-07-22 22:18:01,284 alphafold2_ptm_model_4_seed_042 recycle=1 pLDDT=89.1 pTM=0.729 tol=3.03
2026-07-22 22:18:12,471 alphafold2_ptm_model_4_seed_042 recycle=2 pLDDT=90.4 pTM=0.732 tol=0.13
2026-07-22 22:18:23,525 alphafold2_ptm_model_4_seed_042 recycle=3 pLDDT=91.3 pTM=0.745 tol=0.134
2026-07-22 22:18:23,526 alphafold2_ptm_model_4_seed_042 took 44.9s (3 recycles)
2026-07-22 22:18:34,788 alphafold2_ptm_model_5_seed_042 recycle=0 pLDDT=47.6 pTM=0.291
2026-07-22 22:18:45,929 alphafold2_ptm_model_5_seed_042 recycle=1 pLDDT=78.4 pTM=0.573 tol=5.99
2026-07-22 22:18:57,284 alphafold2_ptm_model_5_seed_042 recycle=2 pLDDT=89.9 pTM=0.711 tol=1.19
2026-07-22 22:19:08,509 alphafold2_ptm_model_5_seed_042 recycle=3 pLDDT=90.4 pTM=0.729 tol=0.0923
2026-07-22 22:19:08,510 alphafold2_ptm_model_5_seed_042 took 44.9s (3 recycles)
2026-07-22 22:19:09,420 Padding length to 82
2026-07-22 22:19:20,595 alphafold2_ptm_model_1_seed_043 recycle=0 pLDDT=59 pTM=0.333
2026-07-22 22:19:31,757 alphafold2_ptm_model_1_seed_043 recycle=1 pLDDT=60.1 pTM=0.354 tol=1.1
2026-07-22 22:19:42,816 alphafold2_ptm_model_1_seed_043 recycle=2 pLDDT=59.1 pTM=0.355 tol=1.28
2026-07-22 22:19:53,834 alphafold2_ptm_model_1_seed_043 recycle=3 pLDDT=57 pTM=0.349 tol=2.77
2026-07-22 22:19:53,835 alphafold2_ptm_model_1_seed_043 took 44.4s (3 recycles)
2026-07-22 22:20:04,966 alphafold2_ptm_model_2_seed_043 recycle=0 pLDDT=62.8 pTM=0.344
2026-07-22 22:20:16,009 alphafold2_ptm_model_2_seed_043 recycle=1 pLDDT=65.8 pTM=0.337 tol=2.02
2026-07-22 22:20:27,743 alphafold2_ptm_model_2_seed_043 recycle=2 pLDDT=63 pTM=0.342 tol=1.63
2026-07-22 22:20:38,846 alphafold2_ptm_model_2_seed_043 recycle=3 pLDDT=62.3 pTM=0.34 tol=0.273
2026-07-22 22:20:38,847 alphafold2_ptm_model_2_seed_043 took 45.0s (3 recycles)
2026-07-22 22:20:50,148 alphafold2_ptm_model_3_seed_043 recycle=0 pLDDT=77.6 pTM=0.546
2026-07-22 22:21:01,588 alphafold2_ptm_model_3_seed_043 recycle=1 pLDDT=86.1 pTM=0.652 tol=0.519
2026-07-22 22:21:12,712 alphafold2_ptm_model_3_seed_043 recycle=2 pLDDT=87 pTM=0.655 tol=0.104
2026-07-22 22:21:23,972 alphafold2_ptm_model_3_seed_043 recycle=3 pLDDT=88.1 pTM=0.675 tol=0.11
2026-07-22 22:21:23,973 alphafold2_ptm_model_3_seed_043 took 45.1s (3 recycles)
2026-07-22 22:21:35,399 alphafold2_ptm_model_4_seed_043 recycle=0 pLDDT=45.1 pTM=0.301
2026-07-22 22:21:46,728 alphafold2_ptm_model_4_seed_043 recycle=1 pLDDT=88.5 pTM=0.723 tol=6.46
2026-07-22 22:21:57,841 alphafold2_ptm_model_4_seed_043 recycle=2 pLDDT=90.4 pTM=0.729 tol=0.18
2026-07-22 22:22:08,939 alphafold2_ptm_model_4_seed_043 recycle=3 pLDDT=91.4 pTM=0.748 tol=0.114
2026-07-22 22:22:08,940 alphafold2_ptm_model_4_seed_043 took 44.9s (3 recycles)
2026-07-22 22:22:20,620 alphafold2_ptm_model_5_seed_043 recycle=0 pLDDT=49.3 pTM=0.292
2026-07-22 22:22:31,623 alphafold2_ptm_model_5_seed_043 recycle=1 pLDDT=77.6 pTM=0.551 tol=6.97
2026-07-22 22:22:42,771 alphafold2_ptm_model_5_seed_043 recycle=2 pLDDT=90 pTM=0.72 tol=1.29
2026-07-22 22:22:53,782 alphafold2_ptm_model_5_seed_043 recycle=3 pLDDT=90.5 pTM=0.733 tol=0.0992
2026-07-22 22:22:53,783 alphafold2_ptm_model_5_seed_043 took 44.8s (3 recycles)
2026-07-22 22:22:54,816 Padding length to 82
2026-07-22 22:23:06,060 alphafold2_ptm_model_1_seed_044 recycle=0 pLDDT=57.4 pTM=0.325
2026-07-22 22:23:17,058 alphafold2_ptm_model_1_seed_044 recycle=1 pLDDT=59.7 pTM=0.353 tol=2.93
2026-07-22 22:23:28,223 alphafold2_ptm_model_1_seed_044 recycle=2 pLDDT=58.3 pTM=0.354 tol=2.35
2026-07-22 22:23:40,590 alphafold2_ptm_model_1_seed_044 recycle=3 pLDDT=57.5 pTM=0.347 tol=2.46
2026-07-22 22:23:40,591 alphafold2_ptm_model_1_seed_044 took 45.8s (3 recycles)
2026-07-22 22:23:52,259 alphafold2_ptm_model_2_seed_044 recycle=0 pLDDT=62.4 pTM=0.343
2026-07-22 22:24:03,457 alphafold2_ptm_model_2_seed_044 recycle=1 pLDDT=63.7 pTM=0.336 tol=2.66
2026-07-22 22:24:14,943 alphafold2_ptm_model_2_seed_044 recycle=2 pLDDT=60 pTM=0.351 tol=1.18
2026-07-22 22:24:26,030 alphafold2_ptm_model_2_seed_044 recycle=3 pLDDT=63.3 pTM=0.357 tol=0.966
2026-07-22 22:24:26,031 alphafold2_ptm_model_2_seed_044 took 45.4s (3 recycles)
2026-07-22 22:24:37,459 alphafold2_ptm_model_3_seed_044 recycle=0 pLDDT=83.1 pTM=0.618
2026-07-22 22:24:48,706 alphafold2_ptm_model_3_seed_044 recycle=1 pLDDT=74.4 pTM=0.539 tol=0.75
2026-07-22 22:25:00,014 alphafold2_ptm_model_3_seed_044 recycle=2 pLDDT=82.1 pTM=0.608 tol=1.78
2026-07-22 22:25:11,186 alphafold2_ptm_model_3_seed_044 recycle=3 pLDDT=83.9 pTM=0.629 tol=0.212
2026-07-22 22:25:11,187 alphafold2_ptm_model_3_seed_044 took 45.1s (3 recycles)
2026-07-22 22:25:22,660 alphafold2_ptm_model_4_seed_044 recycle=0 pLDDT=46.2 pTM=0.304
2026-07-22 22:25:34,017 alphafold2_ptm_model_4_seed_044 recycle=1 pLDDT=86.9 pTM=0.712 tol=5.9
2026-07-22 22:25:45,535 alphafold2_ptm_model_4_seed_044 recycle=2 pLDDT=90.5 pTM=0.734 tol=0.261
2026-07-22 22:25:56,652 alphafold2_ptm_model_4_seed_044 recycle=3 pLDDT=91.5 pTM=0.75 tol=0.113
2026-07-22 22:25:56,653 alphafold2_ptm_model_4_seed_044 took 45.4s (3 recycles)
2026-07-22 22:26:08,325 alphafold2_ptm_model_5_seed_044 recycle=0 pLDDT=49.4 pTM=0.292
2026-07-22 22:26:19,481 alphafold2_ptm_model_5_seed_044 recycle=1 pLDDT=82.2 pTM=0.577 tol=6.95
2026-07-22 22:26:30,596 alphafold2_ptm_model_5_seed_044 recycle=2 pLDDT=90.2 pTM=0.728 tol=1.22
2026-07-22 22:26:41,805 alphafold2_ptm_model_5_seed_044 recycle=3 pLDDT=90.6 pTM=0.734 tol=0.101
2026-07-22 22:26:41,805 alphafold2_ptm_model_5_seed_044 took 45.1s (3 recycles)
2026-07-22 22:26:41,883 reranking models by 'plddt' metric
2026-07-22 22:26:41,883 rank_001_alphafold2_ptm_model_4_seed_044 pLDDT=91.5 pTM=0.75
2026-07-22 22:26:41,885 rank_002_alphafold2_ptm_model_4_seed_043 pLDDT=91.4 pTM=0.748
2026-07-22 22:26:41,886 rank_003_alphafold2_ptm_model_4_seed_042 pLDDT=91.3 pTM=0.745
2026-07-22 22:26:41,888 rank_004_alphafold2_ptm_model_5_seed_044 pLDDT=90.6 pTM=0.734
2026-07-22 22:26:41,889 rank_005_alphafold2_ptm_model_5_seed_043 pLDDT=90.5 pTM=0.733
2026-07-22 22:26:41,890 rank_006_alphafold2_ptm_model_5_seed_042 pLDDT=90.4 pTM=0.729
2026-07-22 22:26:41,892 rank_007_alphafold2_ptm_model_2_seed_042 pLDDT=89.6 pTM=0.708
2026-07-22 22:26:41,893 rank_008_alphafold2_ptm_model_3_seed_043 pLDDT=88.1 pTM=0.675
2026-07-22 22:26:41,894 rank_009_alphafold2_ptm_model_3_seed_042 pLDDT=87.4 pTM=0.665
2026-07-22 22:26:41,896 rank_010_alphafold2_ptm_model_3_seed_044 pLDDT=83.9 pTM=0.629
2026-07-22 22:26:41,897 rank_011_alphafold2_ptm_model_2_seed_044 pLDDT=63.3 pTM=0.357
2026-07-22 22:26:41,898 rank_012_alphafold2_ptm_model_2_seed_043 pLDDT=62.3 pTM=0.34
2026-07-22 22:26:41,900 rank_013_alphafold2_ptm_model_1_seed_042 pLDDT=57.6 pTM=0.346
2026-07-22 22:26:41,901 rank_014_alphafold2_ptm_model_1_seed_044 pLDDT=57.5 pTM=0.347
2026-07-22 22:26:41,903 rank_015_alphafold2_ptm_model_1_seed_043 pLDDT=57 pTM=0.349
2026-07-22 22:26:44,438 Query 19/786: 5KPH_8_6_4_0_combined_id5 (length 72)
2026-07-22 22:26:46,423 Padding length to 82
2026-07-22 22:26:57,772 alphafold2_ptm_model_1_seed_042 recycle=0 pLDDT=79.8 pTM=0.571
2026-07-22 22:27:08,986 alphafold2_ptm_model_1_seed_042 recycle=1 pLDDT=81.9 pTM=0.601 tol=1.3
2026-07-22 22:27:20,092 alphafold2_ptm_model_1_seed_042 recycle=2 pLDDT=84.1 pTM=0.62 tol=0.832
2026-07-22 22:27:31,079 alphafold2_ptm_model_1_seed_042 recycle=3 pLDDT=85.8 pTM=0.639 tol=0.27
2026-07-22 22:27:31,079 alphafold2_ptm_model_1_seed_042 took 44.7s (3 recycles)
2026-07-22 22:27:43,410 alphafold2_ptm_model_2_seed_042 recycle=0 pLDDT=80.9 pTM=0.603
2026-07-22 22:27:54,667 alphafold2_ptm_model_2_seed_042 recycle=1 pLDDT=86.7 pTM=0.666 tol=0.778
2026-07-22 22:28:05,774 alphafold2_ptm_model_2_seed_042 recycle=2 pLDDT=86.9 pTM=0.671 tol=0.101
2026-07-22 22:28:16,984 alphafold2_ptm_model_2_seed_042 recycle=3 pLDDT=86.9 pTM=0.673 tol=0.0413
2026-07-22 22:28:16,984 alphafold2_ptm_model_2_seed_042 took 45.9s (3 recycles)
2026-07-22 22:28:28,154 alphafold2_ptm_model_3_seed_042 recycle=0 pLDDT=83.8 pTM=0.592
2026-07-22 22:28:39,075 alphafold2_ptm_model_3_seed_042 recycle=1 pLDDT=84.9 pTM=0.619 tol=0.226
2026-07-22 22:28:50,147 alphafold2_ptm_model_3_seed_042 recycle=2 pLDDT=85.2 pTM=0.625 tol=0.0665
2026-07-22 22:29:01,089 alphafold2_ptm_model_3_seed_042 recycle=3 pLDDT=85.4 pTM=0.634 tol=0.0424
2026-07-22 22:29:01,089 alphafold2_ptm_model_3_seed_042 took 44.1s (3 recycles)
2026-07-22 22:29:12,389 alphafold2_ptm_model_4_seed_042 recycle=0 pLDDT=87.9 pTM=0.674
2026-07-22 22:29:23,773 alphafold2_ptm_model_4_seed_042 recycle=1 pLDDT=89.8 pTM=0.72 tol=0.206
2026-07-22 22:29:35,306 alphafold2_ptm_model_4_seed_042 recycle=2 pLDDT=90.2 pTM=0.737 tol=0.0465
2026-07-22 22:29:46,608 alphafold2_ptm_model_4_seed_042 recycle=3 pLDDT=90.6 pTM=0.746 tol=0.0193
2026-07-22 22:29:46,608 alphafold2_ptm_model_4_seed_042 took 45.5s (3 recycles)
2026-07-22 22:29:58,694 alphafold2_ptm_model_5_seed_042 recycle=0 pLDDT=73.6 pTM=0.568
2026-07-22 22:30:09,907 alphafold2_ptm_model_5_seed_042 recycle=1 pLDDT=86.4 pTM=0.673 tol=1.64
2026-07-22 22:30:20,962 alphafold2_ptm_model_5_seed_042 recycle=2 pLDDT=87.8 pTM=0.687 tol=0.0944
2026-07-22 22:30:32,271 alphafold2_ptm_model_5_seed_042 recycle=3 pLDDT=88.6 pTM=0.699 tol=0.0434
2026-07-22 22:30:32,271 alphafold2_ptm_model_5_seed_042 took 45.6s (3 recycles)
2026-07-22 22:30:33,284 Padding length to 82
2026-07-22 22:30:44,680 alphafold2_ptm_model_1_seed_043 recycle=0 pLDDT=73.6 pTM=0.509
2026-07-22 22:30:56,020 alphafold2_ptm_model_1_seed_043 recycle=1 pLDDT=82.6 pTM=0.605 tol=1.77
2026-07-22 22:31:07,599 alphafold2_ptm_model_1_seed_043 recycle=2 pLDDT=85.2 pTM=0.631 tol=0.483
2026-07-22 22:31:18,936 alphafold2_ptm_model_1_seed_043 recycle=3 pLDDT=86.4 pTM=0.644 tol=0.185
2026-07-22 22:31:18,937 alphafold2_ptm_model_1_seed_043 took 45.7s (3 recycles)
2026-07-22 22:31:30,536 alphafold2_ptm_model_2_seed_043 recycle=0 pLDDT=81.9 pTM=0.604
2026-07-22 22:31:42,003 alphafold2_ptm_model_2_seed_043 recycle=1 pLDDT=86 pTM=0.656 tol=0.965
2026-07-22 22:31:53,454 alphafold2_ptm_model_2_seed_043 recycle=2 pLDDT=86.2 pTM=0.663 tol=0.136
2026-07-22 22:32:04,900 alphafold2_ptm_model_2_seed_043 recycle=3 pLDDT=86.4 pTM=0.666 tol=0.0736
2026-07-22 22:32:04,900 alphafold2_ptm_model_2_seed_043 took 45.9s (3 recycles)
2026-07-22 22:32:16,523 alphafold2_ptm_model_3_seed_043 recycle=0 pLDDT=83.6 pTM=0.59
2026-07-22 22:32:27,899 alphafold2_ptm_model_3_seed_043 recycle=1 pLDDT=85.6 pTM=0.626 tol=0.225
2026-07-22 22:32:39,297 alphafold2_ptm_model_3_seed_043 recycle=2 pLDDT=85.5 pTM=0.631 tol=0.0684
2026-07-22 22:32:50,587 alphafold2_ptm_model_3_seed_043 recycle=3 pLDDT=86.1 pTM=0.641 tol=0.069
2026-07-22 22:32:50,587 alphafold2_ptm_model_3_seed_043 took 45.6s (3 recycles)
2026-07-22 22:33:01,915 alphafold2_ptm_model_4_seed_043 recycle=0 pLDDT=75.2 pTM=0.562
2026-07-22 22:33:13,173 alphafold2_ptm_model_4_seed_043 recycle=1 pLDDT=87.7 pTM=0.684 tol=1.77
2026-07-22 22:33:24,319 alphafold2_ptm_model_4_seed_043 recycle=2 pLDDT=88.6 pTM=0.706 tol=0.086
2026-07-22 22:33:35,583 alphafold2_ptm_model_4_seed_043 recycle=3 pLDDT=88.8 pTM=0.716 tol=0.0358
2026-07-22 22:33:35,584 alphafold2_ptm_model_4_seed_043 took 45.0s (3 recycles)
2026-07-22 22:33:46,948 alphafold2_ptm_model_5_seed_043 recycle=0 pLDDT=68.4 pTM=0.518
2026-07-22 22:33:58,107 alphafold2_ptm_model_5_seed_043 recycle=1 pLDDT=85.4 pTM=0.664 tol=2.37
2026-07-22 22:34:09,652 alphafold2_ptm_model_5_seed_043 recycle=2 pLDDT=87.6 pTM=0.68 tol=0.117
2026-07-22 22:34:21,002 alphafold2_ptm_model_5_seed_043 recycle=3 pLDDT=88.4 pTM=0.696 tol=0.0608
2026-07-22 22:34:21,002 alphafold2_ptm_model_5_seed_043 took 45.4s (3 recycles)
2026-07-22 22:34:22,427 Padding length to 82
2026-07-22 22:34:33,997 alphafold2_ptm_model_1_seed_044 recycle=0 pLDDT=63 pTM=0.418
2026-07-22 22:34:46,567 alphafold2_ptm_model_1_seed_044 recycle=1 pLDDT=79.8 pTM=0.561 tol=7.14
2026-07-22 22:34:57,819 alphafold2_ptm_model_1_seed_044 recycle=2 pLDDT=83.6 pTM=0.612 tol=1
2026-07-22 22:35:09,132 alphafold2_ptm_model_1_seed_044 recycle=3 pLDDT=85.8 pTM=0.636 tol=0.327
2026-07-22 22:35:09,133 alphafold2_ptm_model_1_seed_044 took 46.7s (3 recycles)
2026-07-22 22:35:20,877 alphafold2_ptm_model_2_seed_044 recycle=0 pLDDT=80.8 pTM=0.604
2026-07-22 22:35:32,251 alphafold2_ptm_model_2_seed_044 recycle=1 pLDDT=86.1 pTM=0.657 tol=0.956
2026-07-22 22:35:43,677 alphafold2_ptm_model_2_seed_044 recycle=2 pLDDT=86.6 pTM=0.667 tol=0.128
2026-07-22 22:35:55,402 alphafold2_ptm_model_2_seed_044 recycle=3 pLDDT=86.8 pTM=0.671 tol=0.0508
2026-07-22 22:35:55,402 alphafold2_ptm_model_2_seed_044 took 46.2s (3 recycles)
2026-07-22 22:36:06,745 alphafold2_ptm_model_3_seed_044 recycle=0 pLDDT=82.6 pTM=0.576
2026-07-22 22:36:18,194 alphafold2_ptm_model_3_seed_044 recycle=1 pLDDT=85.2 pTM=0.619 tol=0.718
2026-07-22 22:36:29,518 alphafold2_ptm_model_3_seed_044 recycle=2 pLDDT=84.9 pTM=0.625 tol=0.0941
2026-07-22 22:36:41,322 alphafold2_ptm_model_3_seed_044 recycle=3 pLDDT=85.6 pTM=0.63 tol=0.0953
2026-07-22 22:36:41,322 alphafold2_ptm_model_3_seed_044 took 45.9s (3 recycles)
2026-07-22 22:36:53,292 alphafold2_ptm_model_4_seed_044 recycle=0 pLDDT=75.3 pTM=0.559
2026-07-22 22:37:04,474 alphafold2_ptm_model_4_seed_044 recycle=1 pLDDT=87.8 pTM=0.683 tol=1.81
2026-07-22 22:37:15,882 alphafold2_ptm_model_4_seed_044 recycle=2 pLDDT=88.2 pTM=0.702 tol=0.0925
2026-07-22 22:37:27,207 alphafold2_ptm_model_4_seed_044 recycle=3 pLDDT=88.8 pTM=0.712 tol=0.0384
2026-07-22 22:37:27,207 alphafold2_ptm_model_4_seed_044 took 45.8s (3 recycles)
2026-07-22 22:37:38,880 alphafold2_ptm_model_5_seed_044 recycle=0 pLDDT=58.9 pTM=0.435
2026-07-22 22:37:50,266 alphafold2_ptm_model_5_seed_044 recycle=1 pLDDT=67.8 pTM=0.482 tol=3.94
2026-07-22 22:38:01,694 alphafold2_ptm_model_5_seed_044 recycle=2 pLDDT=60.7 pTM=0.425 tol=1.55
2026-07-22 22:38:13,179 alphafold2_ptm_model_5_seed_044 recycle=3 pLDDT=82.2 pTM=0.61 tol=7.48
2026-07-22 22:38:13,180 alphafold2_ptm_model_5_seed_044 took 45.9s (3 recycles)
2026-07-22 22:38:13,219 reranking models by 'plddt' metric
2026-07-22 22:38:13,220 rank_001_alphafold2_ptm_model_4_seed_042 pLDDT=90.6 pTM=0.746
2026-07-22 22:38:13,222 rank_002_alphafold2_ptm_model_4_seed_044 pLDDT=88.8 pTM=0.712
2026-07-22 22:38:13,223 rank_003_alphafold2_ptm_model_4_seed_043 pLDDT=88.8 pTM=0.716
2026-07-22 22:38:13,225 rank_004_alphafold2_ptm_model_5_seed_042 pLDDT=88.6 pTM=0.699
2026-07-22 22:38:13,226 rank_005_alphafold2_ptm_model_5_seed_043 pLDDT=88.4 pTM=0.696
2026-07-22 22:38:13,228 rank_006_alphafold2_ptm_model_2_seed_042 pLDDT=86.9 pTM=0.673
2026-07-22 22:38:13,230 rank_007_alphafold2_ptm_model_2_seed_044 pLDDT=86.8 pTM=0.671
2026-07-22 22:38:13,231 rank_008_alphafold2_ptm_model_2_seed_043 pLDDT=86.4 pTM=0.666
2026-07-22 22:38:13,233 rank_009_alphafold2_ptm_model_1_seed_043 pLDDT=86.4 pTM=0.644
2026-07-22 22:38:13,235 rank_010_alphafold2_ptm_model_3_seed_043 pLDDT=86.1 pTM=0.641
2026-07-22 22:38:13,236 rank_011_alphafold2_ptm_model_1_seed_042 pLDDT=85.8 pTM=0.639
2026-07-22 22:38:13,238 rank_012_alphafold2_ptm_model_1_seed_044 pLDDT=85.8 pTM=0.636
2026-07-22 22:38:13,239 rank_013_alphafold2_ptm_model_3_seed_044 pLDDT=85.6 pTM=0.63
2026-07-22 22:38:13,241 rank_014_alphafold2_ptm_model_3_seed_042 pLDDT=85.4 pTM=0.634
2026-07-22 22:38:13,243 rank_015_alphafold2_ptm_model_5_seed_044 pLDDT=82.2 pTM=0.61
2026-07-22 22:38:15,726 Query 20/786: 5KPH_2_6_3_0_combined_id9 (length 72)
2026-07-22 22:38:17,716 Padding length to 82
2026-07-22 22:38:29,029 alphafold2_ptm_model_1_seed_042 recycle=0 pLDDT=88.7 pTM=0.688
2026-07-22 22:38:40,144 alphafold2_ptm_model_1_seed_042 recycle=1 pLDDT=90.5 pTM=0.712 tol=0.274
2026-07-22 22:38:51,180 alphafold2_ptm_model_1_seed_042 recycle=2 pLDDT=91.4 pTM=0.73 tol=0.064
2026-07-22 22:39:02,337 alphafold2_ptm_model_1_seed_042 recycle=3 pLDDT=91.8 pTM=0.738 tol=0.0292
2026-07-22 22:39:02,338 alphafold2_ptm_model_1_seed_042 took 44.6s (3 recycles)
2026-07-22 22:39:13,754 alphafold2_ptm_model_2_seed_042 recycle=0 pLDDT=90.9 pTM=0.733
2026-07-22 22:39:24,888 alphafold2_ptm_model_2_seed_042 recycle=1 pLDDT=92 pTM=0.758 tol=0.22
2026-07-22 22:39:35,961 alphafold2_ptm_model_2_seed_042 recycle=2 pLDDT=91.1 pTM=0.747 tol=0.103
2026-07-22 22:39:47,403 alphafold2_ptm_model_2_seed_042 recycle=3 pLDDT=90.6 pTM=0.739 tol=0.107
2026-07-22 22:39:47,404 alphafold2_ptm_model_2_seed_042 took 45.0s (3 recycles)
2026-07-22 22:39:59,060 alphafold2_ptm_model_3_seed_042 recycle=0 pLDDT=88.2 pTM=0.669
2026-07-22 22:40:10,539 alphafold2_ptm_model_3_seed_042 recycle=1 pLDDT=90.1 pTM=0.706 tol=0.207
2026-07-22 22:40:22,112 alphafold2_ptm_model_3_seed_042 recycle=2 pLDDT=90.9 pTM=0.716 tol=0.0897
2026-07-22 22:40:33,646 alphafold2_ptm_model_3_seed_042 recycle=3 pLDDT=91.8 pTM=0.734 tol=0.0652
2026-07-22 22:40:33,646 alphafold2_ptm_model_3_seed_042 took 46.1s (3 recycles)
2026-07-22 22:40:45,083 alphafold2_ptm_model_4_seed_042 recycle=0 pLDDT=90.4 pTM=0.727
2026-07-22 22:40:56,574 alphafold2_ptm_model_4_seed_042 recycle=1 pLDDT=91 pTM=0.731 tol=0.105
2026-07-22 22:41:08,069 alphafold2_ptm_model_4_seed_042 recycle=2 pLDDT=92.1 pTM=0.751 tol=0.046
2026-07-22 22:41:19,464 alphafold2_ptm_model_4_seed_042 recycle=3 pLDDT=92.7 pTM=0.764 tol=0.0321
2026-07-22 22:41:19,465 alphafold2_ptm_model_4_seed_042 took 45.8s (3 recycles)
2026-07-22 22:41:30,994 alphafold2_ptm_model_5_seed_042 recycle=0 pLDDT=90.4 pTM=0.735
2026-07-22 22:41:42,364 alphafold2_ptm_model_5_seed_042 recycle=1 pLDDT=91.7 pTM=0.745 tol=0.234
2026-07-22 22:41:53,742 alphafold2_ptm_model_5_seed_042 recycle=2 pLDDT=92.2 pTM=0.757 tol=0.0437
2026-07-22 22:42:05,094 alphafold2_ptm_model_5_seed_042 recycle=3 pLDDT=92.5 pTM=0.761 tol=0.0672
2026-07-22 22:42:05,095 alphafold2_ptm_model_5_seed_042 took 45.6s (3 recycles)
2026-07-22 22:42:06,110 Padding length to 82
2026-07-22 22:42:17,462 alphafold2_ptm_model_1_seed_043 recycle=0 pLDDT=89.1 pTM=0.691
2026-07-22 22:42:28,894 alphafold2_ptm_model_1_seed_043 recycle=1 pLDDT=90.5 pTM=0.714 tol=0.251
2026-07-22 22:42:40,225 alphafold2_ptm_model_1_seed_043 recycle=2 pLDDT=91.4 pTM=0.731 tol=0.0534
2026-07-22 22:42:51,601 alphafold2_ptm_model_1_seed_043 recycle=3 pLDDT=91.8 pTM=0.74 tol=0.0388
2026-07-22 22:42:51,602 alphafold2_ptm_model_1_seed_043 took 45.5s (3 recycles)
2026-07-22 22:43:03,227 alphafold2_ptm_model_2_seed_043 recycle=0 pLDDT=90.6 pTM=0.731
2026-07-22 22:43:14,631 alphafold2_ptm_model_2_seed_043 recycle=1 pLDDT=90.9 pTM=0.74 tol=0.229
2026-07-22 22:43:26,125 alphafold2_ptm_model_2_seed_043 recycle=2 pLDDT=91.4 pTM=0.752 tol=0.396
2026-07-22 22:43:37,682 alphafold2_ptm_model_2_seed_043 recycle=3 pLDDT=93 pTM=0.778 tol=0.0815
2026-07-22 22:43:37,682 alphafold2_ptm_model_2_seed_043 took 46.0s (3 recycles)
2026-07-22 22:43:49,189 alphafold2_ptm_model_3_seed_043 recycle=0 pLDDT=88.2 pTM=0.668
2026-07-22 22:44:00,689 alphafold2_ptm_model_3_seed_043 recycle=1 pLDDT=89.6 pTM=0.701 tol=0.167
2026-07-22 22:44:12,195 alphafold2_ptm_model_3_seed_043 recycle=2 pLDDT=90.3 pTM=0.708 tol=0.11
2026-07-22 22:44:23,607 alphafold2_ptm_model_3_seed_043 recycle=3 pLDDT=91.3 pTM=0.724 tol=0.0801
2026-07-22 22:44:23,607 alphafold2_ptm_model_3_seed_043 took 45.9s (3 recycles)
2026-07-22 22:44:35,111 alphafold2_ptm_model_4_seed_043 recycle=0 pLDDT=90.3 pTM=0.723
2026-07-22 22:44:46,460 alphafold2_ptm_model_4_seed_043 recycle=1 pLDDT=90.6 pTM=0.726 tol=0.0823
2026-07-22 22:44:57,754 alphafold2_ptm_model_4_seed_043 recycle=2 pLDDT=91.8 pTM=0.746 tol=0.0502
2026-07-22 22:45:09,089 alphafold2_ptm_model_4_seed_043 recycle=3 pLDDT=92.7 pTM=0.763 tol=0.0374
2026-07-22 22:45:09,090 alphafold2_ptm_model_4_seed_043 took 45.4s (3 recycles)
2026-07-22 22:45:20,454 alphafold2_ptm_model_5_seed_043 recycle=0 pLDDT=90.5 pTM=0.736
2026-07-22 22:45:31,632 alphafold2_ptm_model_5_seed_043 recycle=1 pLDDT=91.8 pTM=0.749 tol=0.22
2026-07-22 22:45:42,837 alphafold2_ptm_model_5_seed_043 recycle=2 pLDDT=92.4 pTM=0.759 tol=0.0491
2026-07-22 22:45:54,031 alphafold2_ptm_model_5_seed_043 recycle=3 pLDDT=92.6 pTM=0.763 tol=0.0362
2026-07-22 22:45:54,032 alphafold2_ptm_model_5_seed_043 took 44.9s (3 recycles)
2026-07-22 22:45:55,056 Padding length to 82
2026-07-22 22:46:06,218 alphafold2_ptm_model_1_seed_044 recycle=0 pLDDT=88.8 pTM=0.688
2026-07-22 22:46:17,374 alphafold2_ptm_model_1_seed_044 recycle=1 pLDDT=90.3 pTM=0.71 tol=0.297
2026-07-22 22:46:28,519 alphafold2_ptm_model_1_seed_044 recycle=2 pLDDT=91.3 pTM=0.73 tol=0.053
2026-07-22 22:46:39,733 alphafold2_ptm_model_1_seed_044 recycle=3 pLDDT=91.8 pTM=0.74 tol=0.0347
2026-07-22 22:46:39,734 alphafold2_ptm_model_1_seed_044 took 44.7s (3 recycles)
2026-07-22 22:46:50,960 alphafold2_ptm_model_2_seed_044 recycle=0 pLDDT=90.6 pTM=0.73
2026-07-22 22:47:02,183 alphafold2_ptm_model_2_seed_044 recycle=1 pLDDT=91.4 pTM=0.75 tol=0.185
2026-07-22 22:47:13,350 alphafold2_ptm_model_2_seed_044 recycle=2 pLDDT=90.3 pTM=0.737 tol=0.36
2026-07-22 22:47:24,688 alphafold2_ptm_model_2_seed_044 recycle=3 pLDDT=92.5 pTM=0.771 tol=0.18
2026-07-22 22:47:24,688 alphafold2_ptm_model_2_seed_044 took 44.9s (3 recycles)
2026-07-22 22:47:35,909 alphafold2_ptm_model_3_seed_044 recycle=0 pLDDT=88.3 pTM=0.673
2026-07-22 22:47:47,061 alphafold2_ptm_model_3_seed_044 recycle=1 pLDDT=89.9 pTM=0.708 tol=0.675
2026-07-22 22:47:58,146 alphafold2_ptm_model_3_seed_044 recycle=2 pLDDT=90.8 pTM=0.719 tol=0.153
2026-07-22 22:48:09,220 alphafold2_ptm_model_3_seed_044 recycle=3 pLDDT=90.4 pTM=0.714 tol=0.0709
2026-07-22 22:48:09,220 alphafold2_ptm_model_3_seed_044 took 44.5s (3 recycles)
2026-07-22 22:48:21,644 alphafold2_ptm_model_4_seed_044 recycle=0 pLDDT=90.4 pTM=0.725
2026-07-22 22:48:32,864 alphafold2_ptm_model_4_seed_044 recycle=1 pLDDT=91.1 pTM=0.733 tol=0.0778
2026-07-22 22:48:43,879 alphafold2_ptm_model_4_seed_044 recycle=2 pLDDT=92.1 pTM=0.753 tol=0.0441
2026-07-22 22:48:55,083 alphafold2_ptm_model_4_seed_044 recycle=3 pLDDT=92.8 pTM=0.765 tol=0.0297
2026-07-22 22:48:55,084 alphafold2_ptm_model_4_seed_044 took 45.8s (3 recycles)
2026-07-22 22:49:06,382 alphafold2_ptm_model_5_seed_044 recycle=0 pLDDT=90.6 pTM=0.74
2026-07-22 22:49:17,570 alphafold2_ptm_model_5_seed_044 recycle=1 pLDDT=91.7 pTM=0.749 tol=0.229
2026-07-22 22:49:28,789 alphafold2_ptm_model_5_seed_044 recycle=2 pLDDT=92.2 pTM=0.758 tol=0.0449
2026-07-22 22:49:40,116 alphafold2_ptm_model_5_seed_044 recycle=3 pLDDT=92.4 pTM=0.761 tol=0.0736
2026-07-22 22:49:40,116 alphafold2_ptm_model_5_seed_044 took 45.0s (3 recycles)
2026-07-22 22:49:40,153 reranking models by 'plddt' metric
2026-07-22 22:49:40,153 rank_001_alphafold2_ptm_model_2_seed_043 pLDDT=93 pTM=0.778
2026-07-22 22:49:40,155 rank_002_alphafold2_ptm_model_4_seed_044 pLDDT=92.8 pTM=0.765
2026-07-22 22:49:40,156 rank_003_alphafold2_ptm_model_4_seed_043 pLDDT=92.7 pTM=0.763
2026-07-22 22:49:40,158 rank_004_alphafold2_ptm_model_4_seed_042 pLDDT=92.7 pTM=0.764
2026-07-22 22:49:40,159 rank_005_alphafold2_ptm_model_5_seed_043 pLDDT=92.6 pTM=0.763
2026-07-22 22:49:40,161 rank_006_alphafold2_ptm_model_2_seed_044 pLDDT=92.5 pTM=0.771
2026-07-22 22:49:40,162 rank_007_alphafold2_ptm_model_5_seed_042 pLDDT=92.5 pTM=0.761
2026-07-22 22:49:40,163 rank_008_alphafold2_ptm_model_5_seed_044 pLDDT=92.4 pTM=0.761
2026-07-22 22:49:40,165 rank_009_alphafold2_ptm_model_1_seed_043 pLDDT=91.8 pTM=0.74
2026-07-22 22:49:40,166 rank_010_alphafold2_ptm_model_3_seed_042 pLDDT=91.8 pTM=0.734
2026-07-22 22:49:40,168 rank_011_alphafold2_ptm_model_1_seed_044 pLDDT=91.8 pTM=0.74
2026-07-22 22:49:40,169 rank_012_alphafold2_ptm_model_1_seed_042 pLDDT=91.8 pTM=0.738
2026-07-22 22:49:40,170 rank_013_alphafold2_ptm_model_3_seed_043 pLDDT=91.3 pTM=0.724
2026-07-22 22:49:40,172 rank_014_alphafold2_ptm_model_2_seed_042 pLDDT=90.6 pTM=0.739
2026-07-22 22:49:40,173 rank_015_alphafold2_ptm_model_3_seed_044 pLDDT=90.4 pTM=0.714
2026-07-22 22:49:42,637 Query 21/786: 5KPH_2_6_3_0_combined_id1 (length 72)
2026-07-22 22:49:44,785 Padding length to 82
2026-07-22 22:49:56,333 alphafold2_ptm_model_1_seed_042 recycle=0 pLDDT=66.5 pTM=0.449
2026-07-22 22:50:08,166 alphafold2_ptm_model_1_seed_042 recycle=1 pLDDT=76.7 pTM=0.561 tol=1.16
2026-07-22 22:50:19,574 alphafold2_ptm_model_1_seed_042 recycle=2 pLDDT=88.4 pTM=0.697 tol=1.98
2026-07-22 22:50:31,103 alphafold2_ptm_model_1_seed_042 recycle=3 pLDDT=88.9 pTM=0.701 tol=0.0825
2026-07-22 22:50:31,104 alphafold2_ptm_model_1_seed_042 took 46.3s (3 recycles)
2026-07-22 22:50:42,530 alphafold2_ptm_model_2_seed_042 recycle=0 pLDDT=90.5 pTM=0.738
2026-07-22 22:50:53,908 alphafold2_ptm_model_2_seed_042 recycle=1 pLDDT=93.1 pTM=0.783 tol=0.171
2026-07-22 22:51:05,200 alphafold2_ptm_model_2_seed_042 recycle=2 pLDDT=93.5 pTM=0.79 tol=0.0433
2026-07-22 22:51:16,472 alphafold2_ptm_model_2_seed_042 recycle=3 pLDDT=93.7 pTM=0.792 tol=0.0237
2026-07-22 22:51:16,472 alphafold2_ptm_model_2_seed_042 took 45.3s (3 recycles)
2026-07-22 22:51:28,049 alphafold2_ptm_model_3_seed_042 recycle=0 pLDDT=82.2 pTM=0.6
2026-07-22 22:51:39,397 alphafold2_ptm_model_3_seed_042 recycle=1 pLDDT=90.4 pTM=0.724 tol=0.247
2026-07-22 22:51:50,961 alphafold2_ptm_model_3_seed_042 recycle=2 pLDDT=91 pTM=0.736 tol=0.0819
2026-07-22 22:52:02,250 alphafold2_ptm_model_3_seed_042 recycle=3 pLDDT=91.5 pTM=0.749 tol=0.0559
2026-07-22 22:52:02,251 alphafold2_ptm_model_3_seed_042 took 45.7s (3 recycles)
2026-07-22 22:52:14,085 alphafold2_ptm_model_4_seed_042 recycle=0 pLDDT=82.5 pTM=0.611
2026-07-22 22:52:25,883 alphafold2_ptm_model_4_seed_042 recycle=1 pLDDT=90.4 pTM=0.731 tol=0.348
2026-07-22 22:52:37,284 alphafold2_ptm_model_4_seed_042 recycle=2 pLDDT=90.9 pTM=0.748 tol=0.0539
2026-07-22 22:52:48,910 alphafold2_ptm_model_4_seed_042 recycle=3 pLDDT=91.1 pTM=0.753 tol=0.0406
2026-07-22 22:52:48,910 alphafold2_ptm_model_4_seed_042 took 46.6s (3 recycles)
2026-07-22 22:53:00,233 alphafold2_ptm_model_5_seed_042 recycle=0 pLDDT=78.1 pTM=0.619
2026-07-22 22:53:11,717 alphafold2_ptm_model_5_seed_042 recycle=1 pLDDT=88.6 pTM=0.709 tol=2.4
2026-07-22 22:53:22,975 alphafold2_ptm_model_5_seed_042 recycle=2 pLDDT=90.3 pTM=0.728 tol=0.162
2026-07-22 22:53:34,419 alphafold2_ptm_model_5_seed_042 recycle=3 pLDDT=90.8 pTM=0.734 tol=0.0459
2026-07-22 22:53:34,420 alphafold2_ptm_model_5_seed_042 took 45.5s (3 recycles)
2026-07-22 22:53:35,482 Padding length to 82
2026-07-22 22:53:46,723 alphafold2_ptm_model_1_seed_043 recycle=0 pLDDT=70.4 pTM=0.477
2026-07-22 22:53:58,054 alphafold2_ptm_model_1_seed_043 recycle=1 pLDDT=76.6 pTM=0.559 tol=0.896
2026-07-22 22:54:09,227 alphafold2_ptm_model_1_seed_043 recycle=2 pLDDT=88.5 pTM=0.696 tol=1.88
2026-07-22 22:54:20,515 alphafold2_ptm_model_1_seed_043 recycle=3 pLDDT=88.8 pTM=0.699 tol=0.0756
2026-07-22 22:54:20,515 alphafold2_ptm_model_1_seed_043 took 45.0s (3 recycles)
2026-07-22 22:54:31,799 alphafold2_ptm_model_2_seed_043 recycle=0 pLDDT=89.1 pTM=0.717
2026-07-22 22:54:42,978 alphafold2_ptm_model_2_seed_043 recycle=1 pLDDT=92.9 pTM=0.781 tol=0.214
2026-07-22 22:54:54,294 alphafold2_ptm_model_2_seed_043 recycle=2 pLDDT=93.5 pTM=0.791 tol=0.0414
2026-07-22 22:55:05,499 alphafold2_ptm_model_2_seed_043 recycle=3 pLDDT=93.6 pTM=0.792 tol=0.0279
2026-07-22 22:55:05,499 alphafold2_ptm_model_2_seed_043 took 44.9s (3 recycles)
2026-07-22 22:55:16,791 alphafold2_ptm_model_3_seed_043 recycle=0 pLDDT=80.2 pTM=0.58
2026-07-22 22:55:28,312 alphafold2_ptm_model_3_seed_043 recycle=1 pLDDT=90.7 pTM=0.729 tol=0.489
2026-07-22 22:55:39,816 alphafold2_ptm_model_3_seed_043 recycle=2 pLDDT=91.1 pTM=0.737 tol=0.0914
2026-07-22 22:55:51,155 alphafold2_ptm_model_3_seed_043 recycle=3 pLDDT=91.6 pTM=0.749 tol=0.0597
2026-07-22 22:55:51,156 alphafold2_ptm_model_3_seed_043 took 45.6s (3 recycles)
2026-07-22 22:56:02,507 alphafold2_ptm_model_4_seed_043 recycle=0 pLDDT=80.5 pTM=0.594
2026-07-22 22:56:13,806 alphafold2_ptm_model_4_seed_043 recycle=1 pLDDT=89.6 pTM=0.72 tol=0.273
2026-07-22 22:56:25,279 alphafold2_ptm_model_4_seed_043 recycle=2 pLDDT=90.3 pTM=0.738 tol=0.0699
2026-07-22 22:56:36,659 alphafold2_ptm_model_4_seed_043 recycle=3 pLDDT=90.7 pTM=0.747 tol=0.0411
2026-07-22 22:56:36,659 alphafold2_ptm_model_4_seed_043 took 45.4s (3 recycles)
2026-07-22 22:56:48,064 alphafold2_ptm_model_5_seed_043 recycle=0 pLDDT=71.2 pTM=0.548
2026-07-22 22:56:59,436 alphafold2_ptm_model_5_seed_043 recycle=1 pLDDT=89.3 pTM=0.72 tol=2.35
2026-07-22 22:57:10,895 alphafold2_ptm_model_5_seed_043 recycle=2 pLDDT=90.6 pTM=0.73 tol=0.142
2026-07-22 22:57:22,188 alphafold2_ptm_model_5_seed_043 recycle=3 pLDDT=90.8 pTM=0.734 tol=0.0486
2026-07-22 22:57:22,189 alphafold2_ptm_model_5_seed_043 took 45.5s (3 recycles)
2026-07-22 22:57:23,511 Padding length to 82
2026-07-22 22:57:35,146 alphafold2_ptm_model_1_seed_044 recycle=0 pLDDT=74.8 pTM=0.507
2026-07-22 22:57:46,560 alphafold2_ptm_model_1_seed_044 recycle=1 pLDDT=77.5 pTM=0.572 tol=0.773
2026-07-22 22:57:58,064 alphafold2_ptm_model_1_seed_044 recycle=2 pLDDT=88.6 pTM=0.699 tol=2
2026-07-22 22:58:09,517 alphafold2_ptm_model_1_seed_044 recycle=3 pLDDT=89 pTM=0.701 tol=0.0827
2026-07-22 22:58:09,518 alphafold2_ptm_model_1_seed_044 took 46.0s (3 recycles)
2026-07-22 22:58:21,140 alphafold2_ptm_model_2_seed_044 recycle=0 pLDDT=89.6 pTM=0.723
2026-07-22 22:58:32,599 alphafold2_ptm_model_2_seed_044 recycle=1 pLDDT=93.1 pTM=0.783 tol=0.206
2026-07-22 22:58:43,927 alphafold2_ptm_model_2_seed_044 recycle=2 pLDDT=93.5 pTM=0.791 tol=0.0471
2026-07-22 22:58:55,361 alphafold2_ptm_model_2_seed_044 recycle=3 pLDDT=93.7 pTM=0.793 tol=0.0226
2026-07-22 22:58:55,362 alphafold2_ptm_model_2_seed_044 took 45.8s (3 recycles)
2026-07-22 22:59:07,067 alphafold2_ptm_model_3_seed_044 recycle=0 pLDDT=80.9 pTM=0.587
2026-07-22 22:59:18,526 alphafold2_ptm_model_3_seed_044 recycle=1 pLDDT=90.4 pTM=0.722 tol=0.404
2026-07-22 22:59:29,639 alphafold2_ptm_model_3_seed_044 recycle=2 pLDDT=90.9 pTM=0.733 tol=0.0901
2026-07-22 22:59:40,684 alphafold2_ptm_model_3_seed_044 recycle=3 pLDDT=91.5 pTM=0.748 tol=0.0582
2026-07-22 22:59:40,685 alphafold2_ptm_model_3_seed_044 took 45.1s (3 recycles)
2026-07-22 22:59:52,162 alphafold2_ptm_model_4_seed_044 recycle=0 pLDDT=79.9 pTM=0.587
2026-07-22 23:00:03,380 alphafold2_ptm_model_4_seed_044 recycle=1 pLDDT=89.6 pTM=0.716 tol=0.285
2026-07-22 23:00:14,810 alphafold2_ptm_model_4_seed_044 recycle=2 pLDDT=90.3 pTM=0.738 tol=0.0822
2026-07-22 23:00:26,176 alphafold2_ptm_model_4_seed_044 recycle=3 pLDDT=90.7 pTM=0.747 tol=0.0492
2026-07-22 23:00:26,176 alphafold2_ptm_model_4_seed_044 took 45.5s (3 recycles)
2026-07-22 23:00:37,430 alphafold2_ptm_model_5_seed_044 recycle=0 pLDDT=67.4 pTM=0.49
2026-07-22 23:00:48,734 alphafold2_ptm_model_5_seed_044 recycle=1 pLDDT=89.6 pTM=0.719 tol=2.69
2026-07-22 23:00:59,909 alphafold2_ptm_model_5_seed_044 recycle=2 pLDDT=90.4 pTM=0.728 tol=0.14
2026-07-22 23:01:11,258 alphafold2_ptm_model_5_seed_044 recycle=3 pLDDT=90.9 pTM=0.735 tol=0.0443
2026-07-22 23:01:11,260 alphafold2_ptm_model_5_seed_044 took 45.0s (3 recycles)
2026-07-22 23:01:11,296 reranking models by 'plddt' metric
2026-07-22 23:01:11,296 rank_001_alphafold2_ptm_model_2_seed_044 pLDDT=93.7 pTM=0.793
2026-07-22 23:01:11,298 rank_002_alphafold2_ptm_model_2_seed_042 pLDDT=93.7 pTM=0.792
2026-07-22 23:01:11,299 rank_003_alphafold2_ptm_model_2_seed_043 pLDDT=93.6 pTM=0.792
2026-07-22 23:01:11,301 rank_004_alphafold2_ptm_model_3_seed_043 pLDDT=91.6 pTM=0.749
2026-07-22 23:01:11,302 rank_005_alphafold2_ptm_model_3_seed_044 pLDDT=91.5 pTM=0.748
2026-07-22 23:01:11,304 rank_006_alphafold2_ptm_model_3_seed_042 pLDDT=91.5 pTM=0.749
2026-07-22 23:01:11,305 rank_007_alphafold2_ptm_model_4_seed_042 pLDDT=91.1 pTM=0.753
2026-07-22 23:01:11,306 rank_008_alphafold2_ptm_model_5_seed_044 pLDDT=90.9 pTM=0.735
2026-07-22 23:01:11,308 rank_009_alphafold2_ptm_model_5_seed_043 pLDDT=90.8 pTM=0.734
2026-07-22 23:01:11,309 rank_010_alphafold2_ptm_model_5_seed_042 pLDDT=90.8 pTM=0.734
2026-07-22 23:01:11,311 rank_011_alphafold2_ptm_model_4_seed_044 pLDDT=90.7 pTM=0.747
2026-07-22 23:01:11,312 rank_012_alphafold2_ptm_model_4_seed_043 pLDDT=90.7 pTM=0.747
2026-07-22 23:01:11,313 rank_013_alphafold2_ptm_model_1_seed_044 pLDDT=89 pTM=0.701
2026-07-22 23:01:11,315 rank_014_alphafold2_ptm_model_1_seed_042 pLDDT=88.9 pTM=0.701
2026-07-22 23:01:11,316 rank_015_alphafold2_ptm_model_1_seed_043 pLDDT=88.8 pTM=0.699
2026-07-22 23:01:13,956 Query 22/786: 5KPH_4_6_0_0_combined_id5 (length 72)
2026-07-22 23:01:15,897 Padding length to 82
2026-07-22 23:01:27,288 alphafold2_ptm_model_1_seed_042 recycle=0 pLDDT=92.9 pTM=0.754
2026-07-22 23:01:38,513 alphafold2_ptm_model_1_seed_042 recycle=1 pLDDT=93.5 pTM=0.78 tol=0.171
2026-07-22 23:01:49,817 alphafold2_ptm_model_1_seed_042 recycle=2 pLDDT=93.9 pTM=0.785 tol=0.0809
2026-07-22 23:02:01,368 alphafold2_ptm_model_1_seed_042 recycle=3 pLDDT=94 pTM=0.786 tol=0.0371
2026-07-22 23:02:01,369 alphafold2_ptm_model_1_seed_042 took 45.5s (3 recycles)
2026-07-22 23:02:12,906 alphafold2_ptm_model_2_seed_042 recycle=0 pLDDT=94.9 pTM=0.798
2026-07-22 23:02:23,935 alphafold2_ptm_model_2_seed_042 recycle=1 pLDDT=95.1 pTM=0.811 tol=0.129
2026-07-22 23:02:34,994 alphafold2_ptm_model_2_seed_042 recycle=2 pLDDT=95.3 pTM=0.815 tol=0.0352
2026-07-22 23:02:46,168 alphafold2_ptm_model_2_seed_042 recycle=3 pLDDT=95.4 pTM=0.816 tol=0.02
2026-07-22 23:02:46,169 alphafold2_ptm_model_2_seed_042 took 44.8s (3 recycles)
2026-07-22 23:02:57,285 alphafold2_ptm_model_3_seed_042 recycle=0 pLDDT=90.9 pTM=0.723
2026-07-22 23:03:08,351 alphafold2_ptm_model_3_seed_042 recycle=1 pLDDT=92.6 pTM=0.766 tol=0.145
2026-07-22 23:03:19,313 alphafold2_ptm_model_3_seed_042 recycle=2 pLDDT=93.5 pTM=0.778 tol=0.0742
2026-07-22 23:03:30,321 alphafold2_ptm_model_3_seed_042 recycle=3 pLDDT=93.9 pTM=0.787 tol=0.0485
2026-07-22 23:03:30,321 alphafold2_ptm_model_3_seed_042 took 44.1s (3 recycles)
2026-07-22 23:03:41,508 alphafold2_ptm_model_4_seed_042 recycle=0 pLDDT=91.8 pTM=0.762
2026-07-22 23:03:56,130 alphafold2_ptm_model_4_seed_042 recycle=1 pLDDT=93.1 pTM=0.786 tol=0.151
2026-07-22 23:04:08,133 alphafold2_ptm_model_4_seed_042 recycle=2 pLDDT=93.8 pTM=0.795 tol=0.0867
2026-07-22 23:04:19,235 alphafold2_ptm_model_4_seed_042 recycle=3 pLDDT=94.1 pTM=0.799 tol=0.0423
2026-07-22 23:04:19,235 alphafold2_ptm_model_4_seed_042 took 48.9s (3 recycles)
2026-07-22 23:04:30,659 alphafold2_ptm_model_5_seed_042 recycle=0 pLDDT=92.1 pTM=0.754
2026-07-22 23:04:42,028 alphafold2_ptm_model_5_seed_042 recycle=1 pLDDT=93.1 pTM=0.779 tol=0.124
2026-07-22 23:04:53,222 alphafold2_ptm_model_5_seed_042 recycle=2 pLDDT=93.6 pTM=0.784 tol=0.0551
2026-07-22 23:05:04,602 alphafold2_ptm_model_5_seed_042 recycle=3 pLDDT=93.9 pTM=0.787 tol=0.0334
2026-07-22 23:05:04,603 alphafold2_ptm_model_5_seed_042 took 45.3s (3 recycles)
2026-07-22 23:05:05,711 Padding length to 82
2026-07-22 23:05:17,099 alphafold2_ptm_model_1_seed_043 recycle=0 pLDDT=92.9 pTM=0.754
2026-07-22 23:05:28,453 alphafold2_ptm_model_1_seed_043 recycle=1 pLDDT=93.7 pTM=0.778 tol=0.191
2026-07-22 23:05:39,589 alphafold2_ptm_model_1_seed_043 recycle=2 pLDDT=93.8 pTM=0.783 tol=0.0706
2026-07-22 23:05:50,836 alphafold2_ptm_model_1_seed_043 recycle=3 pLDDT=93.9 pTM=0.785 tol=0.0374
2026-07-22 23:05:50,837 alphafold2_ptm_model_1_seed_043 took 45.1s (3 recycles)
2026-07-22 23:06:02,146 alphafold2_ptm_model_2_seed_043 recycle=0 pLDDT=94.9 pTM=0.797
2026-07-22 23:06:13,334 alphafold2_ptm_model_2_seed_043 recycle=1 pLDDT=95.1 pTM=0.811 tol=0.131
2026-07-22 23:06:24,652 alphafold2_ptm_model_2_seed_043 recycle=2 pLDDT=95.2 pTM=0.814 tol=0.034
2026-07-22 23:06:35,944 alphafold2_ptm_model_2_seed_043 recycle=3 pLDDT=95.3 pTM=0.815 tol=0.0274
2026-07-22 23:06:35,945 alphafold2_ptm_model_2_seed_043 took 45.1s (3 recycles)
2026-07-22 23:06:47,252 alphafold2_ptm_model_3_seed_043 recycle=0 pLDDT=91.2 pTM=0.726
2026-07-22 23:06:58,439 alphafold2_ptm_model_3_seed_043 recycle=1 pLDDT=93 pTM=0.772 tol=0.161
2026-07-22 23:07:09,691 alphafold2_ptm_model_3_seed_043 recycle=2 pLDDT=93.8 pTM=0.781 tol=0.0727
2026-07-22 23:07:20,810 alphafold2_ptm_model_3_seed_043 recycle=3 pLDDT=94.1 pTM=0.791 tol=0.0584
2026-07-22 23:07:20,811 alphafold2_ptm_model_3_seed_043 took 44.8s (3 recycles)
2026-07-22 23:07:32,174 alphafold2_ptm_model_4_seed_043 recycle=0 pLDDT=91.6 pTM=0.762
2026-07-22 23:07:43,463 alphafold2_ptm_model_4_seed_043 recycle=1 pLDDT=92.9 pTM=0.783 tol=0.128
2026-07-22 23:07:54,742 alphafold2_ptm_model_4_seed_043 recycle=2 pLDDT=93.6 pTM=0.793 tol=0.0639
2026-07-22 23:08:06,002 alphafold2_ptm_model_4_seed_043 recycle=3 pLDDT=93.9 pTM=0.797 tol=0.0861
2026-07-22 23:08:06,002 alphafold2_ptm_model_4_seed_043 took 45.1s (3 recycles)
2026-07-22 23:08:17,900 alphafold2_ptm_model_5_seed_043 recycle=0 pLDDT=92.1 pTM=0.75
2026-07-22 23:08:29,355 alphafold2_ptm_model_5_seed_043 recycle=1 pLDDT=93.1 pTM=0.778 tol=0.131
2026-07-22 23:08:40,846 alphafold2_ptm_model_5_seed_043 recycle=2 pLDDT=93.6 pTM=0.783 tol=0.0445
2026-07-22 23:08:52,174 alphafold2_ptm_model_5_seed_043 recycle=3 pLDDT=93.8 pTM=0.786 tol=0.035
2026-07-22 23:08:52,174 alphafold2_ptm_model_5_seed_043 took 46.1s (3 recycles)
2026-07-22 23:08:53,236 Padding length to 82
2026-07-22 23:09:04,595 alphafold2_ptm_model_1_seed_044 recycle=0 pLDDT=93 pTM=0.756
2026-07-22 23:09:15,839 alphafold2_ptm_model_1_seed_044 recycle=1 pLDDT=93.8 pTM=0.779 tol=0.179
2026-07-22 23:09:26,975 alphafold2_ptm_model_1_seed_044 recycle=2 pLDDT=93.9 pTM=0.785 tol=0.0653
2026-07-22 23:09:38,141 alphafold2_ptm_model_1_seed_044 recycle=3 pLDDT=94 pTM=0.786 tol=0.028
2026-07-22 23:09:38,141 alphafold2_ptm_model_1_seed_044 took 44.9s (3 recycles)
2026-07-22 23:09:49,723 alphafold2_ptm_model_2_seed_044 recycle=0 pLDDT=94.8 pTM=0.797
2026-07-22 23:10:00,897 alphafold2_ptm_model_2_seed_044 recycle=1 pLDDT=95.2 pTM=0.812 tol=0.128
2026-07-22 23:10:14,259 alphafold2_ptm_model_2_seed_044 recycle=2 pLDDT=95.4 pTM=0.815 tol=0.0317
2026-07-22 23:10:26,973 alphafold2_ptm_model_2_seed_044 recycle=3 pLDDT=95.4 pTM=0.816 tol=0.02
2026-07-22 23:10:26,974 alphafold2_ptm_model_2_seed_044 took 48.8s (3 recycles)
2026-07-22 23:10:38,832 alphafold2_ptm_model_3_seed_044 recycle=0 pLDDT=90.8 pTM=0.724
2026-07-22 23:10:49,977 alphafold2_ptm_model_3_seed_044 recycle=1 pLDDT=92.8 pTM=0.77 tol=0.175
2026-07-22 23:11:01,181 alphafold2_ptm_model_3_seed_044 recycle=2 pLDDT=93.8 pTM=0.781 tol=0.0729
2026-07-22 23:11:12,366 alphafold2_ptm_model_3_seed_044 recycle=3 pLDDT=94.2 pTM=0.793 tol=0.0542
2026-07-22 23:11:12,367 alphafold2_ptm_model_3_seed_044 took 45.3s (3 recycles)
2026-07-22 23:11:23,768 alphafold2_ptm_model_4_seed_044 recycle=0 pLDDT=91.7 pTM=0.76
2026-07-22 23:11:35,073 alphafold2_ptm_model_4_seed_044 recycle=1 pLDDT=93.1 pTM=0.786 tol=0.143
2026-07-22 23:11:46,313 alphafold2_ptm_model_4_seed_044 recycle=2 pLDDT=93.8 pTM=0.796 tol=0.105
2026-07-22 23:11:57,639 alphafold2_ptm_model_4_seed_044 recycle=3 pLDDT=94.1 pTM=0.8 tol=0.0474
2026-07-22 23:11:57,640 alphafold2_ptm_model_4_seed_044 took 45.2s (3 recycles)
2026-07-22 23:12:08,861 alphafold2_ptm_model_5_seed_044 recycle=0 pLDDT=91.9 pTM=0.748
2026-07-22 23:12:20,117 alphafold2_ptm_model_5_seed_044 recycle=1 pLDDT=93.2 pTM=0.778 tol=0.111
2026-07-22 23:12:31,231 alphafold2_ptm_model_5_seed_044 recycle=2 pLDDT=93.6 pTM=0.784 tol=0.0508
2026-07-22 23:12:42,405 alphafold2_ptm_model_5_seed_044 recycle=3 pLDDT=93.9 pTM=0.787 tol=0.0289
2026-07-22 23:12:42,406 alphafold2_ptm_model_5_seed_044 took 44.7s (3 recycles)
2026-07-22 23:12:42,441 reranking models by 'plddt' metric
2026-07-22 23:12:42,441 rank_001_alphafold2_ptm_model_2_seed_044 pLDDT=95.4 pTM=0.816
2026-07-22 23:12:42,443 rank_002_alphafold2_ptm_model_2_seed_042 pLDDT=95.4 pTM=0.816
2026-07-22 23:12:42,445 rank_003_alphafold2_ptm_model_2_seed_043 pLDDT=95.3 pTM=0.815
2026-07-22 23:12:42,446 rank_004_alphafold2_ptm_model_3_seed_044 pLDDT=94.2 pTM=0.793
2026-07-22 23:12:42,448 rank_005_alphafold2_ptm_model_4_seed_044 pLDDT=94.1 pTM=0.8
2026-07-22 23:12:42,450 rank_006_alphafold2_ptm_model_3_seed_043 pLDDT=94.1 pTM=0.791
2026-07-22 23:12:42,451 rank_007_alphafold2_ptm_model_4_seed_042 pLDDT=94.1 pTM=0.799
2026-07-22 23:12:42,453 rank_008_alphafold2_ptm_model_1_seed_044 pLDDT=94 pTM=0.786
2026-07-22 23:12:42,454 rank_009_alphafold2_ptm_model_1_seed_042 pLDDT=94 pTM=0.786
2026-07-22 23:12:42,456 rank_010_alphafold2_ptm_model_4_seed_043 pLDDT=93.9 pTM=0.797
2026-07-22 23:12:42,457 rank_011_alphafold2_ptm_model_1_seed_043 pLDDT=93.9 pTM=0.785
2026-07-22 23:12:42,459 rank_012_alphafold2_ptm_model_3_seed_042 pLDDT=93.9 pTM=0.787
2026-07-22 23:12:42,460 rank_013_alphafold2_ptm_model_5_seed_044 pLDDT=93.9 pTM=0.787
2026-07-22 23:12:42,462 rank_014_alphafold2_ptm_model_5_seed_042 pLDDT=93.9 pTM=0.787
2026-07-22 23:12:42,463 rank_015_alphafold2_ptm_model_5_seed_043 pLDDT=93.8 pTM=0.786
2026-07-22 23:12:45,657 Query 23/786: 5KPH_4_6_0_0_combined_id6 (length 72)
2026-07-22 23:12:47,672 Padding length to 82
2026-07-22 23:12:59,121 alphafold2_ptm_model_1_seed_042 recycle=0 pLDDT=82.5 pTM=0.573
2026-07-22 23:13:10,402 alphafold2_ptm_model_1_seed_042 recycle=1 pLDDT=83.5 pTM=0.605 tol=0.238
2026-07-22 23:13:21,707 alphafold2_ptm_model_1_seed_042 recycle=2 pLDDT=82.6 pTM=0.593 tol=0.15
2026-07-22 23:13:33,022 alphafold2_ptm_model_1_seed_042 recycle=3 pLDDT=82.6 pTM=0.592 tol=0.0573
2026-07-22 23:13:33,023 alphafold2_ptm_model_1_seed_042 took 45.4s (3 recycles)
2026-07-22 23:13:44,742 alphafold2_ptm_model_2_seed_042 recycle=0 pLDDT=86.5 pTM=0.642
2026-07-22 23:13:55,989 alphafold2_ptm_model_2_seed_042 recycle=1 pLDDT=84.3 pTM=0.619 tol=0.424
2026-07-22 23:14:07,343 alphafold2_ptm_model_2_seed_042 recycle=2 pLDDT=79.5 pTM=0.575 tol=0.383
2026-07-22 23:14:18,618 alphafold2_ptm_model_2_seed_042 recycle=3 pLDDT=83.2 pTM=0.608 tol=0.476
2026-07-22 23:14:18,619 alphafold2_ptm_model_2_seed_042 took 45.6s (3 recycles)
2026-07-22 23:14:30,287 alphafold2_ptm_model_3_seed_042 recycle=0 pLDDT=83.6 pTM=0.589
2026-07-22 23:14:41,656 alphafold2_ptm_model_3_seed_042 recycle=1 pLDDT=84.1 pTM=0.597 tol=0.171
2026-07-22 23:14:52,926 alphafold2_ptm_model_3_seed_042 recycle=2 pLDDT=83.2 pTM=0.596 tol=0.149
2026-07-22 23:15:04,171 alphafold2_ptm_model_3_seed_042 recycle=3 pLDDT=83.5 pTM=0.602 tol=0.104
2026-07-22 23:15:04,171 alphafold2_ptm_model_3_seed_042 took 45.5s (3 recycles)
2026-07-22 23:15:16,188 alphafold2_ptm_model_4_seed_042 recycle=0 pLDDT=82.4 pTM=0.599
2026-07-22 23:15:27,624 alphafold2_ptm_model_4_seed_042 recycle=1 pLDDT=84.1 pTM=0.626 tol=0.148
2026-07-22 23:15:38,772 alphafold2_ptm_model_4_seed_042 recycle=2 pLDDT=84.2 pTM=0.625 tol=0.106
2026-07-22 23:15:50,010 alphafold2_ptm_model_4_seed_042 recycle=3 pLDDT=83.7 pTM=0.62 tol=0.0681
2026-07-22 23:15:50,011 alphafold2_ptm_model_4_seed_042 took 45.6s (3 recycles)
2026-07-22 23:16:01,464 alphafold2_ptm_model_5_seed_042 recycle=0 pLDDT=85.8 pTM=0.629
2026-07-22 23:16:12,879 alphafold2_ptm_model_5_seed_042 recycle=1 pLDDT=87.9 pTM=0.655 tol=0.194
2026-07-22 23:16:24,242 alphafold2_ptm_model_5_seed_042 recycle=2 pLDDT=87.9 pTM=0.656 tol=0.0586
2026-07-22 23:16:35,546 alphafold2_ptm_model_5_seed_042 recycle=3 pLDDT=87.9 pTM=0.656 tol=0.0278
2026-07-22 23:16:35,547 alphafold2_ptm_model_5_seed_042 took 45.5s (3 recycles)
2026-07-22 23:16:36,629 Padding length to 82
2026-07-22 23:16:47,891 alphafold2_ptm_model_1_seed_043 recycle=0 pLDDT=82.6 pTM=0.573
2026-07-22 23:16:59,658 alphafold2_ptm_model_1_seed_043 recycle=1 pLDDT=83.6 pTM=0.608 tol=0.29
2026-07-22 23:17:12,745 alphafold2_ptm_model_1_seed_043 recycle=2 pLDDT=82.7 pTM=0.596 tol=0.118
2026-07-22 23:17:23,989 alphafold2_ptm_model_1_seed_043 recycle=3 pLDDT=82.7 pTM=0.595 tol=0.037
2026-07-22 23:17:23,989 alphafold2_ptm_model_1_seed_043 took 47.4s (3 recycles)
2026-07-22 23:17:35,385 alphafold2_ptm_model_2_seed_043 recycle=0 pLDDT=85.8 pTM=0.633
2026-07-22 23:17:46,380 alphafold2_ptm_model_2_seed_043 recycle=1 pLDDT=83.2 pTM=0.608 tol=0.482
2026-07-22 23:17:57,334 alphafold2_ptm_model_2_seed_043 recycle=2 pLDDT=78.7 pTM=0.561 tol=0.382
2026-07-22 23:18:09,171 alphafold2_ptm_model_2_seed_043 recycle=3 pLDDT=82.9 pTM=0.604 tol=0.415
2026-07-22 23:18:09,172 alphafold2_ptm_model_2_seed_043 took 45.2s (3 recycles)
2026-07-22 23:18:20,597 alphafold2_ptm_model_3_seed_043 recycle=0 pLDDT=83.8 pTM=0.595
2026-07-22 23:18:31,810 alphafold2_ptm_model_3_seed_043 recycle=1 pLDDT=84.9 pTM=0.611 tol=0.188
2026-07-22 23:18:42,915 alphafold2_ptm_model_3_seed_043 recycle=2 pLDDT=83.6 pTM=0.601 tol=0.126
2026-07-22 23:18:53,908 alphafold2_ptm_model_3_seed_043 recycle=3 pLDDT=83.7 pTM=0.603 tol=0.0658
2026-07-22 23:18:53,909 alphafold2_ptm_model_3_seed_043 took 44.7s (3 recycles)
2026-07-22 23:19:06,598 alphafold2_ptm_model_4_seed_043 recycle=0 pLDDT=83.6 pTM=0.613
2026-07-22 23:19:17,886 alphafold2_ptm_model_4_seed_043 recycle=1 pLDDT=84.8 pTM=0.635 tol=0.182
2026-07-22 23:19:30,153 alphafold2_ptm_model_4_seed_043 recycle=2 pLDDT=84.2 pTM=0.629 tol=0.127
2026-07-22 23:19:41,342 alphafold2_ptm_model_4_seed_043 recycle=3 pLDDT=84.2 pTM=0.626 tol=0.11
2026-07-22 23:19:41,343 alphafold2_ptm_model_4_seed_043 took 47.4s (3 recycles)
2026-07-22 23:19:52,514 alphafold2_ptm_model_5_seed_043 recycle=0 pLDDT=86.2 pTM=0.638
2026-07-22 23:20:03,682 alphafold2_ptm_model_5_seed_043 recycle=1 pLDDT=87.9 pTM=0.656 tol=0.193
2026-07-22 23:20:14,857 alphafold2_ptm_model_5_seed_043 recycle=2 pLDDT=87.8 pTM=0.655 tol=0.0674
2026-07-22 23:20:26,104 alphafold2_ptm_model_5_seed_043 recycle=3 pLDDT=87.8 pTM=0.654 tol=0.0307
2026-07-22 23:20:26,106 alphafold2_ptm_model_5_seed_043 took 44.7s (3 recycles)
2026-07-22 23:20:27,106 Padding length to 82
2026-07-22 23:20:38,239 alphafold2_ptm_model_1_seed_044 recycle=0 pLDDT=81.5 pTM=0.558
2026-07-22 23:20:49,718 alphafold2_ptm_model_1_seed_044 recycle=1 pLDDT=83.5 pTM=0.605 tol=0.255
2026-07-22 23:21:01,317 alphafold2_ptm_model_1_seed_044 recycle=2 pLDDT=82.4 pTM=0.591 tol=0.191
2026-07-22 23:21:12,640 alphafold2_ptm_model_1_seed_044 recycle=3 pLDDT=82.4 pTM=0.589 tol=0.038
2026-07-22 23:21:12,641 alphafold2_ptm_model_1_seed_044 took 45.5s (3 recycles)
2026-07-22 23:21:24,092 alphafold2_ptm_model_2_seed_044 recycle=0 pLDDT=86.5 pTM=0.639
2026-07-22 23:21:35,346 alphafold2_ptm_model_2_seed_044 recycle=1 pLDDT=84.3 pTM=0.621 tol=0.45
2026-07-22 23:21:46,736 alphafold2_ptm_model_2_seed_044 recycle=2 pLDDT=79.5 pTM=0.572 tol=0.4
2026-07-22 23:21:57,921 alphafold2_ptm_model_2_seed_044 recycle=3 pLDDT=83.2 pTM=0.607 tol=0.411
2026-07-22 23:21:57,922 alphafold2_ptm_model_2_seed_044 took 45.2s (3 recycles)
2026-07-22 23:22:09,476 alphafold2_ptm_model_3_seed_044 recycle=0 pLDDT=83.5 pTM=0.586
2026-07-22 23:22:20,723 alphafold2_ptm_model_3_seed_044 recycle=1 pLDDT=84.1 pTM=0.597 tol=0.19
2026-07-22 23:22:31,819 alphafold2_ptm_model_3_seed_044 recycle=2 pLDDT=82.8 pTM=0.59 tol=0.155
2026-07-22 23:22:43,171 alphafold2_ptm_model_3_seed_044 recycle=3 pLDDT=83.6 pTM=0.602 tol=0.143
2026-07-22 23:22:43,172 alphafold2_ptm_model_3_seed_044 took 45.1s (3 recycles)
2026-07-22 23:22:54,555 alphafold2_ptm_model_4_seed_044 recycle=0 pLDDT=83.1 pTM=0.603
2026-07-22 23:23:05,652 alphafold2_ptm_model_4_seed_044 recycle=1 pLDDT=84.3 pTM=0.628 tol=0.152
2026-07-22 23:23:16,812 alphafold2_ptm_model_4_seed_044 recycle=2 pLDDT=84.1 pTM=0.628 tol=0.103
2026-07-22 23:23:28,065 alphafold2_ptm_model_4_seed_044 recycle=3 pLDDT=83.9 pTM=0.625 tol=0.115
2026-07-22 23:23:28,066 alphafold2_ptm_model_4_seed_044 took 44.8s (3 recycles)
2026-07-22 23:23:39,530 alphafold2_ptm_model_5_seed_044 recycle=0 pLDDT=85.9 pTM=0.631
2026-07-22 23:23:50,526 alphafold2_ptm_model_5_seed_044 recycle=1 pLDDT=87.8 pTM=0.656 tol=0.203
2026-07-22 23:24:01,596 alphafold2_ptm_model_5_seed_044 recycle=2 pLDDT=87.9 pTM=0.654 tol=0.0625
2026-07-22 23:24:13,008 alphafold2_ptm_model_5_seed_044 recycle=3 pLDDT=87.9 pTM=0.655 tol=0.0329
2026-07-22 23:24:13,009 alphafold2_ptm_model_5_seed_044 took 44.9s (3 recycles)
2026-07-22 23:24:13,037 reranking models by 'plddt' metric
2026-07-22 23:24:13,037 rank_001_alphafold2_ptm_model_5_seed_044 pLDDT=87.9 pTM=0.655
2026-07-22 23:24:13,039 rank_002_alphafold2_ptm_model_5_seed_042 pLDDT=87.9 pTM=0.656
2026-07-22 23:24:13,040 rank_003_alphafold2_ptm_model_5_seed_043 pLDDT=87.8 pTM=0.654
2026-07-22 23:24:13,042 rank_004_alphafold2_ptm_model_4_seed_043 pLDDT=84.2 pTM=0.626
2026-07-22 23:24:13,044 rank_005_alphafold2_ptm_model_4_seed_044 pLDDT=83.9 pTM=0.625
2026-07-22 23:24:13,045 rank_006_alphafold2_ptm_model_3_seed_043 pLDDT=83.7 pTM=0.603
2026-07-22 23:24:13,047 rank_007_alphafold2_ptm_model_4_seed_042 pLDDT=83.7 pTM=0.62
2026-07-22 23:24:13,049 rank_008_alphafold2_ptm_model_3_seed_044 pLDDT=83.6 pTM=0.602
2026-07-22 23:24:13,050 rank_009_alphafold2_ptm_model_3_seed_042 pLDDT=83.5 pTM=0.602
2026-07-22 23:24:13,052 rank_010_alphafold2_ptm_model_2_seed_044 pLDDT=83.2 pTM=0.607
2026-07-22 23:24:13,053 rank_011_alphafold2_ptm_model_2_seed_042 pLDDT=83.2 pTM=0.608
2026-07-22 23:24:13,055 rank_012_alphafold2_ptm_model_2_seed_043 pLDDT=82.9 pTM=0.604
2026-07-22 23:24:13,056 rank_013_alphafold2_ptm_model_1_seed_043 pLDDT=82.7 pTM=0.595
2026-07-22 23:24:13,058 rank_014_alphafold2_ptm_model_1_seed_042 pLDDT=82.6 pTM=0.592
2026-07-22 23:24:13,059 rank_015_alphafold2_ptm_model_1_seed_044 pLDDT=82.4 pTM=0.589
2026-07-22 23:24:15,615 Query 24/786: 5KPH_4_6_0_0_combined_id7 (length 72)
2026-07-22 23:24:17,541 Padding length to 82
2026-07-22 23:24:30,723 alphafold2_ptm_model_1_seed_042 recycle=0 pLDDT=87.2 pTM=0.642
2026-07-22 23:24:41,864 alphafold2_ptm_model_1_seed_042 recycle=1 pLDDT=87.6 pTM=0.671 tol=0.179
2026-07-22 23:24:52,982 alphafold2_ptm_model_1_seed_042 recycle=2 pLDDT=87.6 pTM=0.677 tol=0.0612
2026-07-22 23:25:04,198 alphafold2_ptm_model_1_seed_042 recycle=3 pLDDT=87.6 pTM=0.68 tol=0.0384
2026-07-22 23:25:04,199 alphafold2_ptm_model_1_seed_042 took 46.7s (3 recycles)
2026-07-22 23:25:15,446 alphafold2_ptm_model_2_seed_042 recycle=0 pLDDT=87.8 pTM=0.677
2026-07-22 23:25:26,813 alphafold2_ptm_model_2_seed_042 recycle=1 pLDDT=85.5 pTM=0.654 tol=0.35
2026-07-22 23:25:38,296 alphafold2_ptm_model_2_seed_042 recycle=2 pLDDT=82.8 pTM=0.625 tol=0.497
2026-07-22 23:25:49,740 alphafold2_ptm_model_2_seed_042 recycle=3 pLDDT=85.9 pTM=0.662 tol=0.611
2026-07-22 23:25:49,740 alphafold2_ptm_model_2_seed_042 took 45.5s (3 recycles)
2026-07-22 23:26:01,352 alphafold2_ptm_model_3_seed_042 recycle=0 pLDDT=86.1 pTM=0.624
2026-07-22 23:26:12,712 alphafold2_ptm_model_3_seed_042 recycle=1 pLDDT=86.5 pTM=0.636 tol=0.253
2026-07-22 23:26:23,987 alphafold2_ptm_model_3_seed_042 recycle=2 pLDDT=86.4 pTM=0.636 tol=0.089
2026-07-22 23:26:35,113 alphafold2_ptm_model_3_seed_042 recycle=3 pLDDT=86.1 pTM=0.64 tol=0.066
2026-07-22 23:26:35,114 alphafold2_ptm_model_3_seed_042 took 45.3s (3 recycles)
2026-07-22 23:26:46,350 alphafold2_ptm_model_4_seed_042 recycle=0 pLDDT=86.9 pTM=0.661
2026-07-22 23:26:57,730 alphafold2_ptm_model_4_seed_042 recycle=1 pLDDT=87.2 pTM=0.666 tol=0.169
2026-07-22 23:27:09,103 alphafold2_ptm_model_4_seed_042 recycle=2 pLDDT=87.2 pTM=0.667 tol=0.0428
2026-07-22 23:27:20,514 alphafold2_ptm_model_4_seed_042 recycle=3 pLDDT=87.3 pTM=0.668 tol=0.0317
2026-07-22 23:27:20,514 alphafold2_ptm_model_4_seed_042 took 45.4s (3 recycles)
2026-07-22 23:27:33,029 alphafold2_ptm_model_5_seed_042 recycle=0 pLDDT=88.2 pTM=0.676
2026-07-22 23:27:45,251 alphafold2_ptm_model_5_seed_042 recycle=1 pLDDT=88.7 pTM=0.685 tol=0.239
2026-07-22 23:27:56,573 alphafold2_ptm_model_5_seed_042 recycle=2 pLDDT=88.6 pTM=0.68 tol=0.0822
2026-07-22 23:28:07,954 alphafold2_ptm_model_5_seed_042 recycle=3 pLDDT=88.5 pTM=0.677 tol=0.0549
2026-07-22 23:28:07,960 alphafold2_ptm_model_5_seed_042 took 47.4s (3 recycles)
2026-07-22 23:28:09,116 Padding length to 82
2026-07-22 23:28:20,762 alphafold2_ptm_model_1_seed_043 recycle=0 pLDDT=87.2 pTM=0.642
2026-07-22 23:28:32,071 alphafold2_ptm_model_1_seed_043 recycle=1 pLDDT=87.6 pTM=0.671 tol=0.161
2026-07-22 23:28:43,292 alphafold2_ptm_model_1_seed_043 recycle=2 pLDDT=87.6 pTM=0.677 tol=0.0651
2026-07-22 23:28:54,529 alphafold2_ptm_model_1_seed_043 recycle=3 pLDDT=87.6 pTM=0.681 tol=0.0452
2026-07-22 23:28:54,530 alphafold2_ptm_model_1_seed_043 took 45.4s (3 recycles)
2026-07-22 23:29:05,947 alphafold2_ptm_model_2_seed_043 recycle=0 pLDDT=87.4 pTM=0.675
2026-07-22 23:29:17,772 alphafold2_ptm_model_2_seed_043 recycle=1 pLDDT=85.2 pTM=0.65 tol=0.385
2026-07-22 23:29:29,228 alphafold2_ptm_model_2_seed_043 recycle=2 pLDDT=82.6 pTM=0.625 tol=0.636
2026-07-22 23:29:40,958 alphafold2_ptm_model_2_seed_043 recycle=3 pLDDT=86.3 pTM=0.668 tol=0.859
2026-07-22 23:29:40,959 alphafold2_ptm_model_2_seed_043 took 46.4s (3 recycles)
2026-07-22 23:29:52,320 alphafold2_ptm_model_3_seed_043 recycle=0 pLDDT=85.9 pTM=0.624
2026-07-22 23:30:03,966 alphafold2_ptm_model_3_seed_043 recycle=1 pLDDT=86.3 pTM=0.635 tol=0.255
2026-07-22 23:30:16,079 alphafold2_ptm_model_3_seed_043 recycle=2 pLDDT=86.1 pTM=0.63 tol=0.0849
2026-07-22 23:30:27,652 alphafold2_ptm_model_3_seed_043 recycle=3 pLDDT=86.1 pTM=0.638 tol=0.0723
2026-07-22 23:30:27,652 alphafold2_ptm_model_3_seed_043 took 46.7s (3 recycles)
2026-07-22 23:30:39,101 alphafold2_ptm_model_4_seed_043 recycle=0 pLDDT=87 pTM=0.662
2026-07-22 23:30:50,489 alphafold2_ptm_model_4_seed_043 recycle=1 pLDDT=86.9 pTM=0.665 tol=0.177
2026-07-22 23:31:01,886 alphafold2_ptm_model_4_seed_043 recycle=2 pLDDT=87.1 pTM=0.665 tol=0.0446
2026-07-22 23:31:13,305 alphafold2_ptm_model_4_seed_043 recycle=3 pLDDT=87.2 pTM=0.666 tol=0.0363
2026-07-22 23:31:13,306 alphafold2_ptm_model_4_seed_043 took 45.6s (3 recycles)
2026-07-22 23:31:24,650 alphafold2_ptm_model_5_seed_043 recycle=0 pLDDT=87.6 pTM=0.672
2026-07-22 23:31:35,758 alphafold2_ptm_model_5_seed_043 recycle=1 pLDDT=88.7 pTM=0.685 tol=0.223
2026-07-22 23:31:46,929 alphafold2_ptm_model_5_seed_043 recycle=2 pLDDT=88.6 pTM=0.68 tol=0.0805
2026-07-22 23:31:57,977 alphafold2_ptm_model_5_seed_043 recycle=3 pLDDT=88.6 pTM=0.677 tol=0.0562
2026-07-22 23:31:57,979 alphafold2_ptm_model_5_seed_043 took 44.6s (3 recycles)
2026-07-22 23:31:59,550 Padding length to 82
2026-07-22 23:32:11,065 alphafold2_ptm_model_1_seed_044 recycle=0 pLDDT=87.2 pTM=0.638
2026-07-22 23:32:22,590 alphafold2_ptm_model_1_seed_044 recycle=1 pLDDT=87.6 pTM=0.67 tol=0.169
2026-07-22 23:32:33,753 alphafold2_ptm_model_1_seed_044 recycle=2 pLDDT=87.6 pTM=0.677 tol=0.0605
2026-07-22 23:32:45,837 alphafold2_ptm_model_1_seed_044 recycle=3 pLDDT=87.5 pTM=0.678 tol=0.0393
2026-07-22 23:32:45,837 alphafold2_ptm_model_1_seed_044 took 46.3s (3 recycles)
2026-07-22 23:32:57,353 alphafold2_ptm_model_2_seed_044 recycle=0 pLDDT=87.9 pTM=0.682
2026-07-22 23:33:08,632 alphafold2_ptm_model_2_seed_044 recycle=1 pLDDT=85.8 pTM=0.66 tol=0.289
2026-07-22 23:33:19,970 alphafold2_ptm_model_2_seed_044 recycle=2 pLDDT=82.9 pTM=0.62 tol=0.625
2026-07-22 23:33:31,341 alphafold2_ptm_model_2_seed_044 recycle=3 pLDDT=82.2 pTM=0.618 tol=0.388
2026-07-22 23:33:31,342 alphafold2_ptm_model_2_seed_044 took 45.5s (3 recycles)
2026-07-22 23:33:42,689 alphafold2_ptm_model_3_seed_044 recycle=0 pLDDT=86.2 pTM=0.626
2026-07-22 23:33:54,098 alphafold2_ptm_model_3_seed_044 recycle=1 pLDDT=86.3 pTM=0.633 tol=0.246
2026-07-22 23:34:05,368 alphafold2_ptm_model_3_seed_044 recycle=2 pLDDT=86.3 pTM=0.633 tol=0.102
2026-07-22 23:34:16,766 alphafold2_ptm_model_3_seed_044 recycle=3 pLDDT=86.1 pTM=0.638 tol=0.0761
2026-07-22 23:34:16,766 alphafold2_ptm_model_3_seed_044 took 45.4s (3 recycles)
2026-07-22 23:34:28,056 alphafold2_ptm_model_4_seed_044 recycle=0 pLDDT=86.9 pTM=0.66
2026-07-22 23:34:39,535 alphafold2_ptm_model_4_seed_044 recycle=1 pLDDT=87.1 pTM=0.665 tol=0.168
2026-07-22 23:34:50,840 alphafold2_ptm_model_4_seed_044 recycle=2 pLDDT=87.2 pTM=0.666 tol=0.0519
2026-07-22 23:35:02,098 alphafold2_ptm_model_4_seed_044 recycle=3 pLDDT=87.2 pTM=0.666 tol=0.0326
2026-07-22 23:35:02,098 alphafold2_ptm_model_4_seed_044 took 45.3s (3 recycles)
2026-07-22 23:35:13,555 alphafold2_ptm_model_5_seed_044 recycle=0 pLDDT=88.1 pTM=0.676
2026-07-22 23:35:25,016 alphafold2_ptm_model_5_seed_044 recycle=1 pLDDT=88.7 pTM=0.684 tol=0.245
2026-07-22 23:35:36,482 alphafold2_ptm_model_5_seed_044 recycle=2 pLDDT=88.7 pTM=0.68 tol=0.0883
2026-07-22 23:35:47,873 alphafold2_ptm_model_5_seed_044 recycle=3 pLDDT=88.6 pTM=0.677 tol=0.053
2026-07-22 23:35:47,874 alphafold2_ptm_model_5_seed_044 took 45.7s (3 recycles)
2026-07-22 23:35:47,898 reranking models by 'plddt' metric
2026-07-22 23:35:47,898 rank_001_alphafold2_ptm_model_5_seed_044 pLDDT=88.6 pTM=0.677
2026-07-22 23:35:47,900 rank_002_alphafold2_ptm_model_5_seed_043 pLDDT=88.6 pTM=0.677
2026-07-22 23:35:47,902 rank_003_alphafold2_ptm_model_5_seed_042 pLDDT=88.5 pTM=0.677
2026-07-22 23:35:47,903 rank_004_alphafold2_ptm_model_1_seed_043 pLDDT=87.6 pTM=0.681
2026-07-22 23:35:47,904 rank_005_alphafold2_ptm_model_1_seed_042 pLDDT=87.6 pTM=0.68
2026-07-22 23:35:47,906 rank_006_alphafold2_ptm_model_1_seed_044 pLDDT=87.5 pTM=0.678
2026-07-22 23:35:47,907 rank_007_alphafold2_ptm_model_4_seed_042 pLDDT=87.3 pTM=0.668
2026-07-22 23:35:47,909 rank_008_alphafold2_ptm_model_4_seed_044 pLDDT=87.2 pTM=0.666
2026-07-22 23:35:47,910 rank_009_alphafold2_ptm_model_4_seed_043 pLDDT=87.2 pTM=0.666
2026-07-22 23:35:47,911 rank_010_alphafold2_ptm_model_2_seed_043 pLDDT=86.3 pTM=0.668
2026-07-22 23:35:47,913 rank_011_alphafold2_ptm_model_3_seed_044 pLDDT=86.1 pTM=0.638
2026-07-22 23:35:47,914 rank_012_alphafold2_ptm_model_3_seed_042 pLDDT=86.1 pTM=0.64
2026-07-22 23:35:47,915 rank_013_alphafold2_ptm_model_3_seed_043 pLDDT=86.1 pTM=0.638
2026-07-22 23:35:47,917 rank_014_alphafold2_ptm_model_2_seed_042 pLDDT=85.9 pTM=0.662
2026-07-22 23:35:47,918 rank_015_alphafold2_ptm_model_2_seed_044 pLDDT=82.2 pTM=0.618
2026-07-22 23:35:50,614 Query 25/786: 5KPH_2_2_3_0_combined_id5 (length 72)
2026-07-22 23:35:52,726 Padding length to 82
2026-07-22 23:36:03,901 alphafold2_ptm_model_1_seed_042 recycle=0 pLDDT=83.2 pTM=0.588
2026-07-22 23:36:14,990 alphafold2_ptm_model_1_seed_042 recycle=1 pLDDT=85.4 pTM=0.644 tol=0.315
2026-07-22 23:36:26,084 alphafold2_ptm_model_1_seed_042 recycle=2 pLDDT=85.8 pTM=0.655 tol=0.119
2026-07-22 23:36:37,408 alphafold2_ptm_model_1_seed_042 recycle=3 pLDDT=86.1 pTM=0.66 tol=0.0965
2026-07-22 23:36:37,408 alphafold2_ptm_model_1_seed_042 took 44.7s (3 recycles)
2026-07-22 23:36:48,750 alphafold2_ptm_model_2_seed_042 recycle=0 pLDDT=91.9 pTM=0.75
2026-07-22 23:37:00,054 alphafold2_ptm_model_2_seed_042 recycle=1 pLDDT=92.6 pTM=0.774 tol=0.0997
2026-07-22 23:37:11,338 alphafold2_ptm_model_2_seed_042 recycle=2 pLDDT=92.5 pTM=0.78 tol=0.0376
2026-07-22 23:37:22,528 alphafold2_ptm_model_2_seed_042 recycle=3 pLDDT=92.6 pTM=0.783 tol=0.0188
2026-07-22 23:37:22,528 alphafold2_ptm_model_2_seed_042 took 45.1s (3 recycles)
2026-07-22 23:37:33,849 alphafold2_ptm_model_3_seed_042 recycle=0 pLDDT=84.2 pTM=0.617
2026-07-22 23:37:45,039 alphafold2_ptm_model_3_seed_042 recycle=1 pLDDT=87.9 pTM=0.673 tol=0.579
2026-07-22 23:37:56,414 alphafold2_ptm_model_3_seed_042 recycle=2 pLDDT=88.1 pTM=0.685 tol=0.113
2026-07-22 23:38:07,590 alphafold2_ptm_model_3_seed_042 recycle=3 pLDDT=88.1 pTM=0.685 tol=0.106
2026-07-22 23:38:07,591 alphafold2_ptm_model_3_seed_042 took 45.0s (3 recycles)
2026-07-22 23:38:20,428 alphafold2_ptm_model_4_seed_042 recycle=0 pLDDT=87.8 pTM=0.673
2026-07-22 23:38:35,319 alphafold2_ptm_model_4_seed_042 recycle=1 pLDDT=89.2 pTM=0.699 tol=0.13
2026-07-22 23:38:46,447 alphafold2_ptm_model_4_seed_042 recycle=2 pLDDT=89.3 pTM=0.706 tol=0.0487
2026-07-22 23:38:57,599 alphafold2_ptm_model_4_seed_042 recycle=3 pLDDT=89.6 pTM=0.712 tol=0.034
2026-07-22 23:38:57,600 alphafold2_ptm_model_4_seed_042 took 50.0s (3 recycles)
2026-07-22 23:39:09,038 alphafold2_ptm_model_5_seed_042 recycle=0 pLDDT=88.5 pTM=0.675
2026-07-22 23:39:20,282 alphafold2_ptm_model_5_seed_042 recycle=1 pLDDT=90.4 pTM=0.707 tol=0.126
2026-07-22 23:39:31,428 alphafold2_ptm_model_5_seed_042 recycle=2 pLDDT=90.8 pTM=0.714 tol=0.0558
2026-07-22 23:39:42,597 alphafold2_ptm_model_5_seed_042 recycle=3 pLDDT=91 pTM=0.717 tol=0.0344
2026-07-22 23:39:42,597 alphafold2_ptm_model_5_seed_042 took 45.0s (3 recycles)
2026-07-22 23:39:43,576 Padding length to 82
2026-07-22 23:39:54,916 alphafold2_ptm_model_1_seed_043 recycle=0 pLDDT=83.2 pTM=0.594
2026-07-22 23:40:06,196 alphafold2_ptm_model_1_seed_043 recycle=1 pLDDT=85.6 pTM=0.649 tol=0.291
2026-07-22 23:40:17,419 alphafold2_ptm_model_1_seed_043 recycle=2 pLDDT=86.1 pTM=0.657 tol=0.101
2026-07-22 23:40:28,829 alphafold2_ptm_model_1_seed_043 recycle=3 pLDDT=86.2 pTM=0.659 tol=0.047
2026-07-22 23:40:28,830 alphafold2_ptm_model_1_seed_043 took 45.3s (3 recycles)
2026-07-22 23:40:40,139 alphafold2_ptm_model_2_seed_043 recycle=0 pLDDT=91.9 pTM=0.749
2026-07-22 23:40:51,378 alphafold2_ptm_model_2_seed_043 recycle=1 pLDDT=92.6 pTM=0.775 tol=0.0947
2026-07-22 23:41:02,535 alphafold2_ptm_model_2_seed_043 recycle=2 pLDDT=92.6 pTM=0.782 tol=0.0392
2026-07-22 23:41:14,000 alphafold2_ptm_model_2_seed_043 recycle=3 pLDDT=92.6 pTM=0.784 tol=0.0197
2026-07-22 23:41:14,000 alphafold2_ptm_model_2_seed_043 took 45.1s (3 recycles)
2026-07-22 23:41:25,218 alphafold2_ptm_model_3_seed_043 recycle=0 pLDDT=83.8 pTM=0.613
2026-07-22 23:41:36,466 alphafold2_ptm_model_3_seed_043 recycle=1 pLDDT=87.9 pTM=0.67 tol=0.796
2026-07-22 23:41:47,709 alphafold2_ptm_model_3_seed_043 recycle=2 pLDDT=88.1 pTM=0.685 tol=0.103
2026-07-22 23:41:58,853 alphafold2_ptm_model_3_seed_043 recycle=3 pLDDT=88.1 pTM=0.685 tol=0.118
2026-07-22 23:41:58,854 alphafold2_ptm_model_3_seed_043 took 44.8s (3 recycles)
2026-07-22 23:42:10,206 alphafold2_ptm_model_4_seed_043 recycle=0 pLDDT=87.4 pTM=0.667
2026-07-22 23:42:21,396 alphafold2_ptm_model_4_seed_043 recycle=1 pLDDT=89 pTM=0.696 tol=0.143
2026-07-22 23:42:32,406 alphafold2_ptm_model_4_seed_043 recycle=2 pLDDT=89.3 pTM=0.706 tol=0.051
2026-07-22 23:42:43,946 alphafold2_ptm_model_4_seed_043 recycle=3 pLDDT=89.6 pTM=0.711 tol=0.0366
2026-07-22 23:42:43,946 alphafold2_ptm_model_4_seed_043 took 45.0s (3 recycles)
2026-07-22 23:42:55,359 alphafold2_ptm_model_5_seed_043 recycle=0 pLDDT=88.9 pTM=0.682
2026-07-22 23:43:07,013 alphafold2_ptm_model_5_seed_043 recycle=1 pLDDT=90.6 pTM=0.708 tol=0.124
2026-07-22 23:43:18,328 alphafold2_ptm_model_5_seed_043 recycle=2 pLDDT=90.9 pTM=0.715 tol=0.0544
2026-07-22 23:43:29,505 alphafold2_ptm_model_5_seed_043 recycle=3 pLDDT=91 pTM=0.716 tol=0.0348
2026-07-22 23:43:29,505 alphafold2_ptm_model_5_seed_043 took 45.5s (3 recycles)
2026-07-22 23:43:30,605 Padding length to 82
2026-07-22 23:43:42,007 alphafold2_ptm_model_1_seed_044 recycle=0 pLDDT=83.1 pTM=0.588
2026-07-22 23:43:54,298 alphafold2_ptm_model_1_seed_044 recycle=1 pLDDT=85.4 pTM=0.647 tol=0.337
2026-07-22 23:44:05,742 alphafold2_ptm_model_1_seed_044 recycle=2 pLDDT=86 pTM=0.659 tol=0.129
2026-07-22 23:44:16,838 alphafold2_ptm_model_1_seed_044 recycle=3 pLDDT=86.3 pTM=0.662 tol=0.0503
2026-07-22 23:44:16,838 alphafold2_ptm_model_1_seed_044 took 46.2s (3 recycles)
2026-07-22 23:44:27,918 alphafold2_ptm_model_2_seed_044 recycle=0 pLDDT=92 pTM=0.751
2026-07-22 23:44:39,306 alphafold2_ptm_model_2_seed_044 recycle=1 pLDDT=92.6 pTM=0.777 tol=0.104
2026-07-22 23:44:50,629 alphafold2_ptm_model_2_seed_044 recycle=2 pLDDT=92.5 pTM=0.78 tol=0.0401
2026-07-22 23:45:01,944 alphafold2_ptm_model_2_seed_044 recycle=3 pLDDT=92.6 pTM=0.784 tol=0.0203
2026-07-22 23:45:01,944 alphafold2_ptm_model_2_seed_044 took 45.1s (3 recycles)
2026-07-22 23:45:13,194 alphafold2_ptm_model_3_seed_044 recycle=0 pLDDT=84.1 pTM=0.614
2026-07-22 23:45:24,567 alphafold2_ptm_model_3_seed_044 recycle=1 pLDDT=87.6 pTM=0.667 tol=0.739
2026-07-22 23:45:36,163 alphafold2_ptm_model_3_seed_044 recycle=2 pLDDT=87.8 pTM=0.679 tol=0.11
2026-07-22 23:45:47,562 alphafold2_ptm_model_3_seed_044 recycle=3 pLDDT=87.9 pTM=0.681 tol=0.15
2026-07-22 23:45:47,562 alphafold2_ptm_model_3_seed_044 took 45.6s (3 recycles)
2026-07-22 23:45:59,082 alphafold2_ptm_model_4_seed_044 recycle=0 pLDDT=87.2 pTM=0.666
2026-07-22 23:46:10,458 alphafold2_ptm_model_4_seed_044 recycle=1 pLDDT=88.8 pTM=0.694 tol=0.134
2026-07-22 23:46:21,805 alphafold2_ptm_model_4_seed_044 recycle=2 pLDDT=89.1 pTM=0.704 tol=0.0521
2026-07-22 23:46:32,984 alphafold2_ptm_model_4_seed_044 recycle=3 pLDDT=89.5 pTM=0.709 tol=0.043
2026-07-22 23:46:32,985 alphafold2_ptm_model_4_seed_044 took 45.4s (3 recycles)
2026-07-22 23:46:44,307 alphafold2_ptm_model_5_seed_044 recycle=0 pLDDT=88.4 pTM=0.675
2026-07-22 23:46:55,624 alphafold2_ptm_model_5_seed_044 recycle=1 pLDDT=90.2 pTM=0.705 tol=0.135
2026-07-22 23:47:06,867 alphafold2_ptm_model_5_seed_044 recycle=2 pLDDT=90.8 pTM=0.712 tol=0.0484
2026-07-22 23:47:18,023 alphafold2_ptm_model_5_seed_044 recycle=3 pLDDT=91.1 pTM=0.716 tol=0.0357
2026-07-22 23:47:18,024 alphafold2_ptm_model_5_seed_044 took 45.0s (3 recycles)
2026-07-22 23:47:18,047 reranking models by 'plddt' metric
2026-07-22 23:47:18,047 rank_001_alphafold2_ptm_model_2_seed_044 pLDDT=92.6 pTM=0.784
2026-07-22 23:47:18,049 rank_002_alphafold2_ptm_model_2_seed_043 pLDDT=92.6 pTM=0.784
2026-07-22 23:47:18,050 rank_003_alphafold2_ptm_model_2_seed_042 pLDDT=92.6 pTM=0.783
2026-07-22 23:47:18,052 rank_004_alphafold2_ptm_model_5_seed_044 pLDDT=91.1 pTM=0.716
2026-07-22 23:47:18,053 rank_005_alphafold2_ptm_model_5_seed_043 pLDDT=91 pTM=0.716
2026-07-22 23:47:18,054 rank_006_alphafold2_ptm_model_5_seed_042 pLDDT=91 pTM=0.717
2026-07-22 23:47:18,056 rank_007_alphafold2_ptm_model_4_seed_042 pLDDT=89.6 pTM=0.712
2026-07-22 23:47:18,057 rank_008_alphafold2_ptm_model_4_seed_043 pLDDT=89.6 pTM=0.711
2026-07-22 23:47:18,059 rank_009_alphafold2_ptm_model_4_seed_044 pLDDT=89.5 pTM=0.709
2026-07-22 23:47:18,060 rank_010_alphafold2_ptm_model_3_seed_042 pLDDT=88.1 pTM=0.685
2026-07-22 23:47:18,061 rank_011_alphafold2_ptm_model_3_seed_043 pLDDT=88.1 pTM=0.685
2026-07-22 23:47:18,063 rank_012_alphafold2_ptm_model_3_seed_044 pLDDT=87.9 pTM=0.681
2026-07-22 23:47:18,064 rank_013_alphafold2_ptm_model_1_seed_044 pLDDT=86.3 pTM=0.662
2026-07-22 23:47:18,065 rank_014_alphafold2_ptm_model_1_seed_043 pLDDT=86.2 pTM=0.659
2026-07-22 23:47:18,067 rank_015_alphafold2_ptm_model_1_seed_042 pLDDT=86.1 pTM=0.66
2026-07-22 23:47:21,030 Query 26/786: 5KPH_4_6_5_0_combined_id3 (length 72)
2026-07-22 23:47:22,929 Padding length to 82
2026-07-22 23:47:34,287 alphafold2_ptm_model_1_seed_042 recycle=0 pLDDT=90.4 pTM=0.663
2026-07-22 23:47:45,537 alphafold2_ptm_model_1_seed_042 recycle=1 pLDDT=91.7 pTM=0.708 tol=0.146
2026-07-22 23:47:56,733 alphafold2_ptm_model_1_seed_042 recycle=2 pLDDT=91.9 pTM=0.714 tol=0.0473
2026-07-22 23:48:07,893 alphafold2_ptm_model_1_seed_042 recycle=3 pLDDT=91.9 pTM=0.715 tol=0.0268
2026-07-22 23:48:07,894 alphafold2_ptm_model_1_seed_042 took 45.0s (3 recycles)
2026-07-22 23:48:19,560 alphafold2_ptm_model_2_seed_042 recycle=0 pLDDT=92.8 pTM=0.732
2026-07-22 23:48:30,889 alphafold2_ptm_model_2_seed_042 recycle=1 pLDDT=93.4 pTM=0.763 tol=0.115
2026-07-22 23:48:42,080 alphafold2_ptm_model_2_seed_042 recycle=2 pLDDT=93.5 pTM=0.769 tol=0.0369
2026-07-22 23:48:53,435 alphafold2_ptm_model_2_seed_042 recycle=3 pLDDT=93.8 pTM=0.775 tol=0.0177
2026-07-22 23:48:53,436 alphafold2_ptm_model_2_seed_042 took 45.5s (3 recycles)
2026-07-22 23:49:05,353 alphafold2_ptm_model_3_seed_042 recycle=0 pLDDT=87.6 pTM=0.653
2026-07-22 23:49:16,988 alphafold2_ptm_model_3_seed_042 recycle=1 pLDDT=89.8 pTM=0.691 tol=0.172
2026-07-22 23:49:28,321 alphafold2_ptm_model_3_seed_042 recycle=2 pLDDT=90.9 pTM=0.712 tol=0.088
2026-07-22 23:49:39,825 alphafold2_ptm_model_3_seed_042 recycle=3 pLDDT=91.7 pTM=0.723 tol=0.0572
2026-07-22 23:49:39,826 alphafold2_ptm_model_3_seed_042 took 46.4s (3 recycles)
2026-07-22 23:49:51,515 alphafold2_ptm_model_4_seed_042 recycle=0 pLDDT=89.6 pTM=0.697
2026-07-22 23:50:03,128 alphafold2_ptm_model_4_seed_042 recycle=1 pLDDT=91.6 pTM=0.725 tol=0.119
2026-07-22 23:50:14,669 alphafold2_ptm_model_4_seed_042 recycle=2 pLDDT=92.2 pTM=0.73 tol=0.0767
2026-07-22 23:50:26,216 alphafold2_ptm_model_4_seed_042 recycle=3 pLDDT=92.6 pTM=0.734 tol=0.044
2026-07-22 23:50:26,217 alphafold2_ptm_model_4_seed_042 took 46.4s (3 recycles)
2026-07-22 23:50:37,867 alphafold2_ptm_model_5_seed_042 recycle=0 pLDDT=88.1 pTM=0.676
2026-07-22 23:50:49,259 alphafold2_ptm_model_5_seed_042 recycle=1 pLDDT=88.9 pTM=0.68 tol=0.245
2026-07-22 23:51:00,444 alphafold2_ptm_model_5_seed_042 recycle=2 pLDDT=88.6 pTM=0.677 tol=0.0695
2026-07-22 23:51:11,711 alphafold2_ptm_model_5_seed_042 recycle=3 pLDDT=88.6 pTM=0.675 tol=0.0341
2026-07-22 23:51:11,712 alphafold2_ptm_model_5_seed_042 took 45.4s (3 recycles)
2026-07-22 23:51:13,293 Padding length to 82
2026-07-22 23:51:24,713 alphafold2_ptm_model_1_seed_043 recycle=0 pLDDT=90.6 pTM=0.662
2026-07-22 23:51:36,080 alphafold2_ptm_model_1_seed_043 recycle=1 pLDDT=91.7 pTM=0.708 tol=0.146
2026-07-22 23:51:47,487 alphafold2_ptm_model_1_seed_043 recycle=2 pLDDT=91.9 pTM=0.714 tol=0.0418
2026-07-22 23:51:58,983 alphafold2_ptm_model_1_seed_043 recycle=3 pLDDT=92 pTM=0.716 tol=0.0275
2026-07-22 23:51:58,984 alphafold2_ptm_model_1_seed_043 took 45.7s (3 recycles)
2026-07-22 23:52:10,601 alphafold2_ptm_model_2_seed_043 recycle=0 pLDDT=91.1 pTM=0.711
2026-07-22 23:52:21,963 alphafold2_ptm_model_2_seed_043 recycle=1 pLDDT=93.1 pTM=0.755 tol=0.123
2026-07-22 23:52:33,311 alphafold2_ptm_model_2_seed_043 recycle=2 pLDDT=93.5 pTM=0.769 tol=0.0349
2026-07-22 23:52:44,715 alphafold2_ptm_model_2_seed_043 recycle=3 pLDDT=93.8 pTM=0.775 tol=0.0192
2026-07-22 23:52:44,715 alphafold2_ptm_model_2_seed_043 took 45.7s (3 recycles)
2026-07-22 23:52:56,476 alphafold2_ptm_model_3_seed_043 recycle=0 pLDDT=87.2 pTM=0.648
2026-07-22 23:53:08,224 alphafold2_ptm_model_3_seed_043 recycle=1 pLDDT=89.6 pTM=0.691 tol=0.252
2026-07-22 23:53:19,781 alphafold2_ptm_model_3_seed_043 recycle=2 pLDDT=91 pTM=0.712 tol=0.0757
2026-07-22 23:53:31,191 alphafold2_ptm_model_3_seed_043 recycle=3 pLDDT=91.6 pTM=0.723 tol=0.0616
2026-07-22 23:53:31,192 alphafold2_ptm_model_3_seed_043 took 46.4s (3 recycles)
2026-07-22 23:53:42,693 alphafold2_ptm_model_4_seed_043 recycle=0 pLDDT=89.6 pTM=0.693
2026-07-22 23:53:54,227 alphafold2_ptm_model_4_seed_043 recycle=1 pLDDT=91.8 pTM=0.727 tol=0.12
2026-07-22 23:54:05,702 alphafold2_ptm_model_4_seed_043 recycle=2 pLDDT=92.4 pTM=0.733 tol=0.071
2026-07-22 23:54:17,353 alphafold2_ptm_model_4_seed_043 recycle=3 pLDDT=92.7 pTM=0.738 tol=0.0411
2026-07-22 23:54:17,353 alphafold2_ptm_model_4_seed_043 took 46.1s (3 recycles)
2026-07-22 23:54:28,948 alphafold2_ptm_model_5_seed_043 recycle=0 pLDDT=89.6 pTM=0.688
2026-07-22 23:54:41,176 alphafold2_ptm_model_5_seed_043 recycle=1 pLDDT=92.1 pTM=0.725 tol=0.241
2026-07-22 23:54:53,645 alphafold2_ptm_model_5_seed_043 recycle=2 pLDDT=92.6 pTM=0.734 tol=0.0423
2026-07-22 23:55:05,401 alphafold2_ptm_model_5_seed_043 recycle=3 pLDDT=92.9 pTM=0.737 tol=0.0392
2026-07-22 23:55:05,401 alphafold2_ptm_model_5_seed_043 took 48.0s (3 recycles)
2026-07-22 23:55:06,482 Padding length to 82
2026-07-22 23:55:18,006 alphafold2_ptm_model_1_seed_044 recycle=0 pLDDT=90.4 pTM=0.659
2026-07-22 23:55:29,421 alphafold2_ptm_model_1_seed_044 recycle=1 pLDDT=91.6 pTM=0.705 tol=0.159
2026-07-22 23:55:40,901 alphafold2_ptm_model_1_seed_044 recycle=2 pLDDT=91.8 pTM=0.712 tol=0.0434
2026-07-22 23:55:52,247 alphafold2_ptm_model_1_seed_044 recycle=3 pLDDT=91.9 pTM=0.713 tol=0.0257
2026-07-22 23:55:52,248 alphafold2_ptm_model_1_seed_044 took 45.8s (3 recycles)
2026-07-22 23:56:03,576 alphafold2_ptm_model_2_seed_044 recycle=0 pLDDT=92.9 pTM=0.735
2026-07-22 23:56:14,758 alphafold2_ptm_model_2_seed_044 recycle=1 pLDDT=93.5 pTM=0.763 tol=0.119
2026-07-22 23:56:26,033 alphafold2_ptm_model_2_seed_044 recycle=2 pLDDT=93.3 pTM=0.767 tol=0.0363
2026-07-22 23:56:37,353 alphafold2_ptm_model_2_seed_044 recycle=3 pLDDT=93.7 pTM=0.774 tol=0.0209
2026-07-22 23:56:37,354 alphafold2_ptm_model_2_seed_044 took 45.1s (3 recycles)
2026-07-22 23:56:48,971 alphafold2_ptm_model_3_seed_044 recycle=0 pLDDT=88.2 pTM=0.664
2026-07-22 23:57:00,247 alphafold2_ptm_model_3_seed_044 recycle=1 pLDDT=90.1 pTM=0.695 tol=0.174
2026-07-22 23:57:11,490 alphafold2_ptm_model_3_seed_044 recycle=2 pLDDT=91.2 pTM=0.713 tol=0.0654
2026-07-22 23:57:22,797 alphafold2_ptm_model_3_seed_044 recycle=3 pLDDT=91.7 pTM=0.723 tol=0.0604
2026-07-22 23:57:22,798 alphafold2_ptm_model_3_seed_044 took 45.4s (3 recycles)
2026-07-22 23:57:34,963 alphafold2_ptm_model_4_seed_044 recycle=0 pLDDT=89.6 pTM=0.697
2026-07-22 23:57:46,281 alphafold2_ptm_model_4_seed_044 recycle=1 pLDDT=91.7 pTM=0.725 tol=0.126
2026-07-22 23:57:57,578 alphafold2_ptm_model_4_seed_044 recycle=2 pLDDT=92.2 pTM=0.73 tol=0.0677
2026-07-22 23:58:08,709 alphafold2_ptm_model_4_seed_044 recycle=3 pLDDT=92.6 pTM=0.734 tol=0.0462
2026-07-22 23:58:08,709 alphafold2_ptm_model_4_seed_044 took 45.9s (3 recycles)
2026-07-22 23:58:20,976 alphafold2_ptm_model_5_seed_044 recycle=0 pLDDT=90.6 pTM=0.697
2026-07-22 23:58:32,381 alphafold2_ptm_model_5_seed_044 recycle=1 pLDDT=92.2 pTM=0.724 tol=0.217
2026-07-22 23:58:43,608 alphafold2_ptm_model_5_seed_044 recycle=2 pLDDT=92.6 pTM=0.732 tol=0.0444
2026-07-22 23:58:54,967 alphafold2_ptm_model_5_seed_044 recycle=3 pLDDT=93 pTM=0.739 tol=0.0329
2026-07-22 23:58:54,967 alphafold2_ptm_model_5_seed_044 took 46.2s (3 recycles)
2026-07-22 23:58:55,063 reranking models by 'plddt' metric
2026-07-22 23:58:55,064 rank_001_alphafold2_ptm_model_2_seed_043 pLDDT=93.8 pTM=0.775
2026-07-22 23:58:55,066 rank_002_alphafold2_ptm_model_2_seed_042 pLDDT=93.8 pTM=0.775
2026-07-22 23:58:55,067 rank_003_alphafold2_ptm_model_2_seed_044 pLDDT=93.7 pTM=0.774
2026-07-22 23:58:55,069 rank_004_alphafold2_ptm_model_5_seed_044 pLDDT=93 pTM=0.739
2026-07-22 23:58:55,070 rank_005_alphafold2_ptm_model_5_seed_043 pLDDT=92.9 pTM=0.737
2026-07-22 23:58:55,072 rank_006_alphafold2_ptm_model_4_seed_043 pLDDT=92.7 pTM=0.738
2026-07-22 23:58:55,073 rank_007_alphafold2_ptm_model_4_seed_044 pLDDT=92.6 pTM=0.734
2026-07-22 23:58:55,075 rank_008_alphafold2_ptm_model_4_seed_042 pLDDT=92.6 pTM=0.734
2026-07-22 23:58:55,077 rank_009_alphafold2_ptm_model_1_seed_043 pLDDT=92 pTM=0.716
2026-07-22 23:58:55,079 rank_010_alphafold2_ptm_model_1_seed_044 pLDDT=91.9 pTM=0.713
2026-07-22 23:58:55,080 rank_011_alphafold2_ptm_model_1_seed_042 pLDDT=91.9 pTM=0.715
2026-07-22 23:58:55,081 rank_012_alphafold2_ptm_model_3_seed_044 pLDDT=91.7 pTM=0.723
2026-07-22 23:58:55,083 rank_013_alphafold2_ptm_model_3_seed_042 pLDDT=91.7 pTM=0.723
2026-07-22 23:58:55,084 rank_014_alphafold2_ptm_model_3_seed_043 pLDDT=91.6 pTM=0.723
2026-07-22 23:58:55,086 rank_015_alphafold2_ptm_model_5_seed_042 pLDDT=88.6 pTM=0.675
2026-07-22 23:58:57,588 Query 27/786: 5KPH_4_2_0_0_combined_id7 (length 72)
2026-07-22 23:58:59,551 Padding length to 82
2026-07-22 23:59:11,770 alphafold2_ptm_model_1_seed_042 recycle=0 pLDDT=63 pTM=0.52
2026-07-22 23:59:23,082 alphafold2_ptm_model_1_seed_042 recycle=1 pLDDT=70.8 pTM=0.529 tol=1.45
2026-07-22 23:59:34,173 alphafold2_ptm_model_1_seed_042 recycle=2 pLDDT=73.4 pTM=0.545 tol=0.236
2026-07-22 23:59:45,318 alphafold2_ptm_model_1_seed_042 recycle=3 pLDDT=74.4 pTM=0.56 tol=0.24
2026-07-22 23:59:45,319 alphafold2_ptm_model_1_seed_042 took 45.8s (3 recycles)
2026-07-22 23:59:56,463 alphafold2_ptm_model_2_seed_042 recycle=0 pLDDT=92.9 pTM=0.756
2026-07-23 00:00:07,686 alphafold2_ptm_model_2_seed_042 recycle=1 pLDDT=94.9 pTM=0.799 tol=0.176
2026-07-23 00:00:18,798 alphafold2_ptm_model_2_seed_042 recycle=2 pLDDT=95.6 pTM=0.814 tol=0.0494
2026-07-23 00:00:30,011 alphafold2_ptm_model_2_seed_042 recycle=3 pLDDT=95.8 pTM=0.818 tol=0.0226
2026-07-23 00:00:30,011 alphafold2_ptm_model_2_seed_042 took 44.7s (3 recycles)
2026-07-23 00:00:41,419 alphafold2_ptm_model_3_seed_042 recycle=0 pLDDT=88.5 pTM=0.712
2026-07-23 00:00:52,798 alphafold2_ptm_model_3_seed_042 recycle=1 pLDDT=90.4 pTM=0.744 tol=0.32
2026-07-23 00:01:04,942 alphafold2_ptm_model_3_seed_042 recycle=2 pLDDT=90.9 pTM=0.75 tol=0.141
2026-07-23 00:01:16,143 alphafold2_ptm_model_3_seed_042 recycle=3 pLDDT=90.8 pTM=0.748 tol=0.0897
2026-07-23 00:01:16,144 alphafold2_ptm_model_3_seed_042 took 46.1s (3 recycles)
2026-07-23 00:01:27,498 alphafold2_ptm_model_4_seed_042 recycle=0 pLDDT=86.5 pTM=0.713
2026-07-23 00:01:38,715 alphafold2_ptm_model_4_seed_042 recycle=1 pLDDT=89.8 pTM=0.746 tol=0.312
2026-07-23 00:01:49,996 alphafold2_ptm_model_4_seed_042 recycle=2 pLDDT=91 pTM=0.758 tol=0.161
2026-07-23 00:02:01,054 alphafold2_ptm_model_4_seed_042 recycle=3 pLDDT=91.4 pTM=0.761 tol=0.0344
2026-07-23 00:02:01,055 alphafold2_ptm_model_4_seed_042 took 44.9s (3 recycles)
2026-07-23 00:02:12,456 alphafold2_ptm_model_5_seed_042 recycle=0 pLDDT=90.2 pTM=0.743
2026-07-23 00:02:23,561 alphafold2_ptm_model_5_seed_042 recycle=1 pLDDT=92.4 pTM=0.772 tol=0.315
2026-07-23 00:02:34,826 alphafold2_ptm_model_5_seed_042 recycle=2 pLDDT=93.4 pTM=0.783 tol=0.0537
2026-07-23 00:02:46,280 alphafold2_ptm_model_5_seed_042 recycle=3 pLDDT=94.1 pTM=0.792 tol=0.032
2026-07-23 00:02:46,281 alphafold2_ptm_model_5_seed_042 took 45.2s (3 recycles)
2026-07-23 00:02:47,249 Padding length to 82
2026-07-23 00:02:58,455 alphafold2_ptm_model_1_seed_043 recycle=0 pLDDT=73.2 pTM=0.563
2026-07-23 00:03:09,833 alphafold2_ptm_model_1_seed_043 recycle=1 pLDDT=91.1 pTM=0.736 tol=1.78
2026-07-23 00:03:21,550 alphafold2_ptm_model_1_seed_043 recycle=2 pLDDT=91.9 pTM=0.737 tol=0.25
2026-07-23 00:03:32,713 alphafold2_ptm_model_1_seed_043 recycle=3 pLDDT=92 pTM=0.746 tol=0.0749
2026-07-23 00:03:32,714 alphafold2_ptm_model_1_seed_043 took 45.5s (3 recycles)
2026-07-23 00:03:43,996 alphafold2_ptm_model_2_seed_043 recycle=0 pLDDT=91.6 pTM=0.749
2026-07-23 00:03:55,534 alphafold2_ptm_model_2_seed_043 recycle=1 pLDDT=94.6 pTM=0.796 tol=0.21
2026-07-23 00:04:06,993 alphafold2_ptm_model_2_seed_043 recycle=2 pLDDT=95.5 pTM=0.812 tol=0.0526
2026-07-23 00:04:18,423 alphafold2_ptm_model_2_seed_043 recycle=3 pLDDT=95.8 pTM=0.817 tol=0.0188
2026-07-23 00:04:18,424 alphafold2_ptm_model_2_seed_043 took 45.7s (3 recycles)
2026-07-23 00:04:30,887 alphafold2_ptm_model_3_seed_043 recycle=0 pLDDT=88.2 pTM=0.708
2026-07-23 00:04:42,267 alphafold2_ptm_model_3_seed_043 recycle=1 pLDDT=90.3 pTM=0.744 tol=0.255
2026-07-23 00:04:53,662 alphafold2_ptm_model_3_seed_043 recycle=2 pLDDT=90.8 pTM=0.747 tol=0.114
2026-07-23 00:05:05,066 alphafold2_ptm_model_3_seed_043 recycle=3 pLDDT=90.4 pTM=0.743 tol=0.0774
2026-07-23 00:05:05,067 alphafold2_ptm_model_3_seed_043 took 46.6s (3 recycles)
2026-07-23 00:05:16,712 alphafold2_ptm_model_4_seed_043 recycle=0 pLDDT=85.9 pTM=0.719
2026-07-23 00:05:28,107 alphafold2_ptm_model_4_seed_043 recycle=1 pLDDT=88.5 pTM=0.739 tol=0.498
2026-07-23 00:05:39,489 alphafold2_ptm_model_4_seed_043 recycle=2 pLDDT=89.3 pTM=0.741 tol=0.254
2026-07-23 00:05:50,832 alphafold2_ptm_model_4_seed_043 recycle=3 pLDDT=89.8 pTM=0.746 tol=0.0484
2026-07-23 00:05:50,832 alphafold2_ptm_model_4_seed_043 took 45.5s (3 recycles)
2026-07-23 00:06:02,239 alphafold2_ptm_model_5_seed_043 recycle=0 pLDDT=90.2 pTM=0.742
2026-07-23 00:06:13,742 alphafold2_ptm_model_5_seed_043 recycle=1 pLDDT=92.5 pTM=0.774 tol=0.26
2026-07-23 00:06:25,263 alphafold2_ptm_model_5_seed_043 recycle=2 pLDDT=93.5 pTM=0.786 tol=0.0565
2026-07-23 00:06:36,692 alphafold2_ptm_model_5_seed_043 recycle=3 pLDDT=94.3 pTM=0.795 tol=0.0312
2026-07-23 00:06:36,693 alphafold2_ptm_model_5_seed_043 took 45.8s (3 recycles)
2026-07-23 00:06:37,855 Padding length to 82
2026-07-23 00:06:49,634 alphafold2_ptm_model_1_seed_044 recycle=0 pLDDT=61.8 pTM=0.482
2026-07-23 00:07:01,104 alphafold2_ptm_model_1_seed_044 recycle=1 pLDDT=67.4 pTM=0.505 tol=3.04
2026-07-23 00:07:12,459 alphafold2_ptm_model_1_seed_044 recycle=2 pLDDT=90.3 pTM=0.721 tol=1.59
2026-07-23 00:07:23,733 alphafold2_ptm_model_1_seed_044 recycle=3 pLDDT=91.9 pTM=0.743 tol=0.252
2026-07-23 00:07:23,734 alphafold2_ptm_model_1_seed_044 took 45.9s (3 recycles)
2026-07-23 00:07:35,079 alphafold2_ptm_model_2_seed_044 recycle=0 pLDDT=92.1 pTM=0.754
2026-07-23 00:07:46,409 alphafold2_ptm_model_2_seed_044 recycle=1 pLDDT=94.7 pTM=0.796 tol=0.18
2026-07-23 00:07:57,515 alphafold2_ptm_model_2_seed_044 recycle=2 pLDDT=95.4 pTM=0.811 tol=0.0502
2026-07-23 00:08:08,583 alphafold2_ptm_model_2_seed_044 recycle=3 pLDDT=95.7 pTM=0.816 tol=0.0216
2026-07-23 00:08:08,584 alphafold2_ptm_model_2_seed_044 took 44.8s (3 recycles)
2026-07-23 00:08:19,821 alphafold2_ptm_model_3_seed_044 recycle=0 pLDDT=88.4 pTM=0.711
2026-07-23 00:08:30,897 alphafold2_ptm_model_3_seed_044 recycle=1 pLDDT=90.1 pTM=0.742 tol=0.24
2026-07-23 00:08:42,072 alphafold2_ptm_model_3_seed_044 recycle=2 pLDDT=90.4 pTM=0.743 tol=0.189
2026-07-23 00:08:53,177 alphafold2_ptm_model_3_seed_044 recycle=3 pLDDT=90.5 pTM=0.745 tol=0.171
2026-07-23 00:08:53,178 alphafold2_ptm_model_3_seed_044 took 44.5s (3 recycles)
2026-07-23 00:09:04,680 alphafold2_ptm_model_4_seed_044 recycle=0 pLDDT=86.3 pTM=0.719
2026-07-23 00:09:16,084 alphafold2_ptm_model_4_seed_044 recycle=1 pLDDT=88.7 pTM=0.739 tol=0.409
2026-07-23 00:09:27,458 alphafold2_ptm_model_4_seed_044 recycle=2 pLDDT=88.9 pTM=0.74 tol=0.158
2026-07-23 00:09:38,594 alphafold2_ptm_model_4_seed_044 recycle=3 pLDDT=88.8 pTM=0.739 tol=0.11
2026-07-23 00:09:38,595 alphafold2_ptm_model_4_seed_044 took 45.4s (3 recycles)
2026-07-23 00:09:49,868 alphafold2_ptm_model_5_seed_044 recycle=0 pLDDT=90.8 pTM=0.749
2026-07-23 00:10:01,048 alphafold2_ptm_model_5_seed_044 recycle=1 pLDDT=92.6 pTM=0.777 tol=0.212
2026-07-23 00:10:12,191 alphafold2_ptm_model_5_seed_044 recycle=2 pLDDT=93.6 pTM=0.786 tol=0.0498
2026-07-23 00:10:23,174 alphafold2_ptm_model_5_seed_044 recycle=3 pLDDT=94.4 pTM=0.796 tol=0.0322
2026-07-23 00:10:23,175 alphafold2_ptm_model_5_seed_044 took 44.6s (3 recycles)
2026-07-23 00:10:23,241 reranking models by 'plddt' metric
2026-07-23 00:10:23,242 rank_001_alphafold2_ptm_model_2_seed_042 pLDDT=95.8 pTM=0.818
2026-07-23 00:10:23,244 rank_002_alphafold2_ptm_model_2_seed_043 pLDDT=95.8 pTM=0.817
2026-07-23 00:10:23,246 rank_003_alphafold2_ptm_model_2_seed_044 pLDDT=95.7 pTM=0.816
2026-07-23 00:10:23,247 rank_004_alphafold2_ptm_model_5_seed_044 pLDDT=94.4 pTM=0.796
2026-07-23 00:10:23,249 rank_005_alphafold2_ptm_model_5_seed_043 pLDDT=94.3 pTM=0.795
2026-07-23 00:10:23,250 rank_006_alphafold2_ptm_model_5_seed_042 pLDDT=94.1 pTM=0.792
2026-07-23 00:10:23,252 rank_007_alphafold2_ptm_model_1_seed_043 pLDDT=92 pTM=0.746
2026-07-23 00:10:23,253 rank_008_alphafold2_ptm_model_1_seed_044 pLDDT=91.9 pTM=0.743
2026-07-23 00:10:23,255 rank_009_alphafold2_ptm_model_4_seed_042 pLDDT=91.4 pTM=0.761
2026-07-23 00:10:23,257 rank_010_alphafold2_ptm_model_3_seed_042 pLDDT=90.8 pTM=0.748
2026-07-23 00:10:23,259 rank_011_alphafold2_ptm_model_3_seed_044 pLDDT=90.5 pTM=0.745
2026-07-23 00:10:23,260 rank_012_alphafold2_ptm_model_3_seed_043 pLDDT=90.4 pTM=0.743
2026-07-23 00:10:23,262 rank_013_alphafold2_ptm_model_4_seed_043 pLDDT=89.8 pTM=0.746
2026-07-23 00:10:23,263 rank_014_alphafold2_ptm_model_4_seed_044 pLDDT=88.8 pTM=0.739
2026-07-23 00:10:23,265 rank_015_alphafold2_ptm_model_1_seed_042 pLDDT=74.4 pTM=0.56
2026-07-23 00:10:25,513 Query 28/786: 5KPH_4_2_0_0_combined_id8 (length 72)
2026-07-23 00:10:27,855 Padding length to 82
2026-07-23 00:10:39,000 alphafold2_ptm_model_1_seed_042 recycle=0 pLDDT=91.8 pTM=0.746
2026-07-23 00:10:50,438 alphafold2_ptm_model_1_seed_042 recycle=1 pLDDT=93.1 pTM=0.776 tol=0.137
2026-07-23 00:11:01,786 alphafold2_ptm_model_1_seed_042 recycle=2 pLDDT=93.7 pTM=0.789 tol=0.0494
2026-07-23 00:11:13,030 alphafold2_ptm_model_1_seed_042 recycle=3 pLDDT=94 pTM=0.792 tol=0.0388
2026-07-23 00:11:13,031 alphafold2_ptm_model_1_seed_042 took 45.2s (3 recycles)
2026-07-23 00:11:24,547 alphafold2_ptm_model_2_seed_042 recycle=0 pLDDT=92.8 pTM=0.771
2026-07-23 00:11:36,062 alphafold2_ptm_model_2_seed_042 recycle=1 pLDDT=94.2 pTM=0.802 tol=0.139
2026-07-23 00:11:47,446 alphafold2_ptm_model_2_seed_042 recycle=2 pLDDT=94.9 pTM=0.814 tol=0.0438
2026-07-23 00:11:58,935 alphafold2_ptm_model_2_seed_042 recycle=3 pLDDT=95.2 pTM=0.819 tol=0.0198
2026-07-23 00:11:58,936 alphafold2_ptm_model_2_seed_042 took 45.9s (3 recycles)
2026-07-23 00:12:10,784 alphafold2_ptm_model_3_seed_042 recycle=0 pLDDT=90.4 pTM=0.726
2026-07-23 00:12:22,457 alphafold2_ptm_model_3_seed_042 recycle=1 pLDDT=92.2 pTM=0.76 tol=0.141
2026-07-23 00:12:33,803 alphafold2_ptm_model_3_seed_042 recycle=2 pLDDT=93.7 pTM=0.783 tol=0.0652
2026-07-23 00:12:45,327 alphafold2_ptm_model_3_seed_042 recycle=3 pLDDT=94.4 pTM=0.794 tol=0.0554
2026-07-23 00:12:45,328 alphafold2_ptm_model_3_seed_042 took 46.3s (3 recycles)
2026-07-23 00:12:57,326 alphafold2_ptm_model_4_seed_042 recycle=0 pLDDT=91.2 pTM=0.758
2026-07-23 00:13:09,011 alphafold2_ptm_model_4_seed_042 recycle=1 pLDDT=93.1 pTM=0.79 tol=0.136
2026-07-23 00:13:20,810 alphafold2_ptm_model_4_seed_042 recycle=2 pLDDT=93.6 pTM=0.797 tol=0.0549
2026-07-23 00:13:32,079 alphafold2_ptm_model_4_seed_042 recycle=3 pLDDT=93.8 pTM=0.801 tol=0.0388
2026-07-23 00:13:32,079 alphafold2_ptm_model_4_seed_042 took 46.7s (3 recycles)
2026-07-23 00:13:43,500 alphafold2_ptm_model_5_seed_042 recycle=0 pLDDT=93.2 pTM=0.787
2026-07-23 00:13:54,864 alphafold2_ptm_model_5_seed_042 recycle=1 pLDDT=93.6 pTM=0.798 tol=0.144
2026-07-23 00:14:07,904 alphafold2_ptm_model_5_seed_042 recycle=2 pLDDT=94 pTM=0.806 tol=0.0462
2026-07-23 00:14:19,597 alphafold2_ptm_model_5_seed_042 recycle=3 pLDDT=94.4 pTM=0.809 tol=0.03
2026-07-23 00:14:19,598 alphafold2_ptm_model_5_seed_042 took 47.5s (3 recycles)
2026-07-23 00:14:20,634 Padding length to 82
2026-07-23 00:14:31,909 alphafold2_ptm_model_1_seed_043 recycle=0 pLDDT=91.9 pTM=0.748
2026-07-23 00:14:43,190 alphafold2_ptm_model_1_seed_043 recycle=1 pLDDT=93.3 pTM=0.781 tol=0.14
2026-07-23 00:14:54,405 alphafold2_ptm_model_1_seed_043 recycle=2 pLDDT=93.8 pTM=0.79 tol=0.043
2026-07-23 00:15:05,501 alphafold2_ptm_model_1_seed_043 recycle=3 pLDDT=93.9 pTM=0.792 tol=0.0359
2026-07-23 00:15:05,502 alphafold2_ptm_model_1_seed_043 took 44.9s (3 recycles)
2026-07-23 00:15:16,887 alphafold2_ptm_model_2_seed_043 recycle=0 pLDDT=92.6 pTM=0.767
2026-07-23 00:15:28,214 alphafold2_ptm_model_2_seed_043 recycle=1 pLDDT=94.4 pTM=0.804 tol=0.152
2026-07-23 00:15:39,454 alphafold2_ptm_model_2_seed_043 recycle=2 pLDDT=94.9 pTM=0.814 tol=0.0424
2026-07-23 00:15:50,610 alphafold2_ptm_model_2_seed_043 recycle=3 pLDDT=95.1 pTM=0.817 tol=0.021
2026-07-23 00:15:50,611 alphafold2_ptm_model_2_seed_043 took 45.1s (3 recycles)
2026-07-23 00:16:01,879 alphafold2_ptm_model_3_seed_043 recycle=0 pLDDT=90.5 pTM=0.729
2026-07-23 00:16:13,199 alphafold2_ptm_model_3_seed_043 recycle=1 pLDDT=92.6 pTM=0.765 tol=0.166
2026-07-23 00:16:24,630 alphafold2_ptm_model_3_seed_043 recycle=2 pLDDT=93.8 pTM=0.786 tol=0.0695
2026-07-23 00:16:36,055 alphafold2_ptm_model_3_seed_043 recycle=3 pLDDT=94.2 pTM=0.793 tol=0.0529
2026-07-23 00:16:36,055 alphafold2_ptm_model_3_seed_043 took 45.4s (3 recycles)
2026-07-23 00:16:47,376 alphafold2_ptm_model_4_seed_043 recycle=0 pLDDT=92 pTM=0.771
2026-07-23 00:16:58,609 alphafold2_ptm_model_4_seed_043 recycle=1 pLDDT=93.4 pTM=0.795 tol=0.126
2026-07-23 00:17:09,718 alphafold2_ptm_model_4_seed_043 recycle=2 pLDDT=93.6 pTM=0.8 tol=0.0526
2026-07-23 00:17:21,147 alphafold2_ptm_model_4_seed_043 recycle=3 pLDDT=93.8 pTM=0.802 tol=0.0303
2026-07-23 00:17:21,147 alphafold2_ptm_model_4_seed_043 took 45.1s (3 recycles)
2026-07-23 00:17:32,918 alphafold2_ptm_model_5_seed_043 recycle=0 pLDDT=93.1 pTM=0.788
2026-07-23 00:17:44,091 alphafold2_ptm_model_5_seed_043 recycle=1 pLDDT=93.6 pTM=0.799 tol=0.154
2026-07-23 00:17:55,540 alphafold2_ptm_model_5_seed_043 recycle=2 pLDDT=94 pTM=0.805 tol=0.0488
2026-07-23 00:18:06,820 alphafold2_ptm_model_5_seed_043 recycle=3 pLDDT=94.3 pTM=0.808 tol=0.0262
2026-07-23 00:18:06,821 alphafold2_ptm_model_5_seed_043 took 45.6s (3 recycles)
2026-07-23 00:18:08,021 Padding length to 82
2026-07-23 00:18:19,446 alphafold2_ptm_model_1_seed_044 recycle=0 pLDDT=91.8 pTM=0.747
2026-07-23 00:18:30,899 alphafold2_ptm_model_1_seed_044 recycle=1 pLDDT=93.2 pTM=0.779 tol=0.144
2026-07-23 00:18:42,192 alphafold2_ptm_model_1_seed_044 recycle=2 pLDDT=93.7 pTM=0.789 tol=0.0464
2026-07-23 00:18:53,557 alphafold2_ptm_model_1_seed_044 recycle=3 pLDDT=94 pTM=0.793 tol=0.0329
2026-07-23 00:18:53,558 alphafold2_ptm_model_1_seed_044 took 45.5s (3 recycles)
2026-07-23 00:19:05,260 alphafold2_ptm_model_2_seed_044 recycle=0 pLDDT=92.8 pTM=0.771
2026-07-23 00:19:16,801 alphafold2_ptm_model_2_seed_044 recycle=1 pLDDT=94.4 pTM=0.804 tol=0.152
2026-07-23 00:19:28,300 alphafold2_ptm_model_2_seed_044 recycle=2 pLDDT=94.9 pTM=0.814 tol=0.0439
2026-07-23 00:19:39,865 alphafold2_ptm_model_2_seed_044 recycle=3 pLDDT=95.2 pTM=0.817 tol=0.0192
2026-07-23 00:19:39,865 alphafold2_ptm_model_2_seed_044 took 46.0s (3 recycles)
2026-07-23 00:19:52,083 alphafold2_ptm_model_3_seed_044 recycle=0 pLDDT=89.1 pTM=0.71
2026-07-23 00:20:04,282 alphafold2_ptm_model_3_seed_044 recycle=1 pLDDT=91.8 pTM=0.752 tol=0.196
2026-07-23 00:20:15,625 alphafold2_ptm_model_3_seed_044 recycle=2 pLDDT=93.2 pTM=0.776 tol=0.0729
2026-07-23 00:20:27,526 alphafold2_ptm_model_3_seed_044 recycle=3 pLDDT=94 pTM=0.789 tol=0.0602
2026-07-23 00:20:27,527 alphafold2_ptm_model_3_seed_044 took 47.6s (3 recycles)
2026-07-23 00:20:39,175 alphafold2_ptm_model_4_seed_044 recycle=0 pLDDT=91.4 pTM=0.761
2026-07-23 00:20:50,587 alphafold2_ptm_model_4_seed_044 recycle=1 pLDDT=93.2 pTM=0.793 tol=0.139
2026-07-23 00:21:01,973 alphafold2_ptm_model_4_seed_044 recycle=2 pLDDT=93.6 pTM=0.799 tol=0.0601
2026-07-23 00:21:13,474 alphafold2_ptm_model_4_seed_044 recycle=3 pLDDT=93.8 pTM=0.801 tol=0.0336
2026-07-23 00:21:13,475 alphafold2_ptm_model_4_seed_044 took 45.9s (3 recycles)
2026-07-23 00:21:25,075 alphafold2_ptm_model_5_seed_044 recycle=0 pLDDT=93.1 pTM=0.785
2026-07-23 00:21:36,576 alphafold2_ptm_model_5_seed_044 recycle=1 pLDDT=93.5 pTM=0.796 tol=0.149
2026-07-23 00:21:47,923 alphafold2_ptm_model_5_seed_044 recycle=2 pLDDT=93.9 pTM=0.803 tol=0.0505
2026-07-23 00:21:59,407 alphafold2_ptm_model_5_seed_044 recycle=3 pLDDT=94.4 pTM=0.808 tol=0.0275
2026-07-23 00:21:59,408 alphafold2_ptm_model_5_seed_044 took 45.9s (3 recycles)
2026-07-23 00:21:59,443 reranking models by 'plddt' metric
2026-07-23 00:21:59,443 rank_001_alphafold2_ptm_model_2_seed_042 pLDDT=95.2 pTM=0.819
2026-07-23 00:21:59,446 rank_002_alphafold2_ptm_model_2_seed_044 pLDDT=95.2 pTM=0.817
2026-07-23 00:21:59,448 rank_003_alphafold2_ptm_model_2_seed_043 pLDDT=95.1 pTM=0.817
2026-07-23 00:21:59,449 rank_004_alphafold2_ptm_model_5_seed_044 pLDDT=94.4 pTM=0.808
2026-07-23 00:21:59,451 rank_005_alphafold2_ptm_model_5_seed_042 pLDDT=94.4 pTM=0.809
2026-07-23 00:21:59,453 rank_006_alphafold2_ptm_model_3_seed_042 pLDDT=94.4 pTM=0.794
2026-07-23 00:21:59,455 rank_007_alphafold2_ptm_model_5_seed_043 pLDDT=94.3 pTM=0.808
2026-07-23 00:21:59,457 rank_008_alphafold2_ptm_model_3_seed_043 pLDDT=94.2 pTM=0.793
2026-07-23 00:21:59,458 rank_009_alphafold2_ptm_model_3_seed_044 pLDDT=94 pTM=0.789
2026-07-23 00:21:59,460 rank_010_alphafold2_ptm_model_1_seed_044 pLDDT=94 pTM=0.793
2026-07-23 00:21:59,461 rank_011_alphafold2_ptm_model_1_seed_042 pLDDT=94 pTM=0.792
2026-07-23 00:21:59,463 rank_012_alphafold2_ptm_model_1_seed_043 pLDDT=93.9 pTM=0.792
2026-07-23 00:21:59,465 rank_013_alphafold2_ptm_model_4_seed_044 pLDDT=93.8 pTM=0.801
2026-07-23 00:21:59,466 rank_014_alphafold2_ptm_model_4_seed_043 pLDDT=93.8 pTM=0.802
2026-07-23 00:21:59,468 rank_015_alphafold2_ptm_model_4_seed_042 pLDDT=93.8 pTM=0.801
2026-07-23 00:22:02,035 Query 29/786: 5KPH_4_8_8_0_combined_id6 (length 72)
2026-07-23 00:22:03,868 Padding length to 82
2026-07-23 00:22:15,267 alphafold2_ptm_model_1_seed_042 recycle=0 pLDDT=83.1 pTM=0.566
2026-07-23 00:22:26,618 alphafold2_ptm_model_1_seed_042 recycle=1 pLDDT=87 pTM=0.64 tol=0.376
2026-07-23 00:22:38,059 alphafold2_ptm_model_1_seed_042 recycle=2 pLDDT=86.4 pTM=0.634 tol=0.157
2026-07-23 00:22:49,534 alphafold2_ptm_model_1_seed_042 recycle=3 pLDDT=87.5 pTM=0.647 tol=0.116
2026-07-23 00:22:49,534 alphafold2_ptm_model_1_seed_042 took 45.7s (3 recycles)
2026-07-23 00:23:01,003 alphafold2_ptm_model_2_seed_042 recycle=0 pLDDT=86.4 pTM=0.654
2026-07-23 00:23:12,465 alphafold2_ptm_model_2_seed_042 recycle=1 pLDDT=85.8 pTM=0.648 tol=0.368
2026-07-23 00:23:24,087 alphafold2_ptm_model_2_seed_042 recycle=2 pLDDT=85.1 pTM=0.642 tol=0.203
2026-07-23 00:23:35,783 alphafold2_ptm_model_2_seed_042 recycle=3 pLDDT=86.4 pTM=0.654 tol=0.194
2026-07-23 00:23:35,783 alphafold2_ptm_model_2_seed_042 took 46.2s (3 recycles)
2026-07-23 00:23:47,390 alphafold2_ptm_model_3_seed_042 recycle=0 pLDDT=85.9 pTM=0.616
2026-07-23 00:23:58,843 alphafold2_ptm_model_3_seed_042 recycle=1 pLDDT=87.1 pTM=0.631 tol=0.256
2026-07-23 00:24:10,055 alphafold2_ptm_model_3_seed_042 recycle=2 pLDDT=87.9 pTM=0.64 tol=0.234
2026-07-23 00:24:21,282 alphafold2_ptm_model_3_seed_042 recycle=3 pLDDT=88.4 pTM=0.652 tol=0.0945
2026-07-23 00:24:21,282 alphafold2_ptm_model_3_seed_042 took 45.5s (3 recycles)
2026-07-23 00:24:32,874 alphafold2_ptm_model_4_seed_042 recycle=0 pLDDT=85.2 pTM=0.632
2026-07-23 00:24:44,126 alphafold2_ptm_model_4_seed_042 recycle=1 pLDDT=86.4 pTM=0.653 tol=0.485
2026-07-23 00:24:55,345 alphafold2_ptm_model_4_seed_042 recycle=2 pLDDT=86.7 pTM=0.656 tol=0.0861
2026-07-23 00:25:06,532 alphafold2_ptm_model_4_seed_042 recycle=3 pLDDT=87.1 pTM=0.659 tol=0.0557
2026-07-23 00:25:06,533 alphafold2_ptm_model_4_seed_042 took 45.2s (3 recycles)
2026-07-23 00:25:18,308 alphafold2_ptm_model_5_seed_042 recycle=0 pLDDT=86.4 pTM=0.65
2026-07-23 00:25:31,905 alphafold2_ptm_model_5_seed_042 recycle=1 pLDDT=87.3 pTM=0.66 tol=0.395
2026-07-23 00:25:43,117 alphafold2_ptm_model_5_seed_042 recycle=2 pLDDT=88.4 pTM=0.67 tol=0.126
2026-07-23 00:25:54,382 alphafold2_ptm_model_5_seed_042 recycle=3 pLDDT=89.1 pTM=0.678 tol=0.0551
2026-07-23 00:25:54,382 alphafold2_ptm_model_5_seed_042 took 47.8s (3 recycles)
2026-07-23 00:25:55,516 Padding length to 82
2026-07-23 00:26:06,808 alphafold2_ptm_model_1_seed_043 recycle=0 pLDDT=82.8 pTM=0.57
2026-07-23 00:26:17,983 alphafold2_ptm_model_1_seed_043 recycle=1 pLDDT=84.6 pTM=0.615 tol=0.652
2026-07-23 00:26:29,406 alphafold2_ptm_model_1_seed_043 recycle=2 pLDDT=85.9 pTM=0.63 tol=0.186
2026-07-23 00:26:40,787 alphafold2_ptm_model_1_seed_043 recycle=3 pLDDT=85.6 pTM=0.626 tol=0.121
2026-07-23 00:26:40,788 alphafold2_ptm_model_1_seed_043 took 45.3s (3 recycles)
2026-07-23 00:26:52,159 alphafold2_ptm_model_2_seed_043 recycle=0 pLDDT=87.1 pTM=0.66
2026-07-23 00:27:03,378 alphafold2_ptm_model_2_seed_043 recycle=1 pLDDT=86.2 pTM=0.654 tol=0.372
2026-07-23 00:27:14,553 alphafold2_ptm_model_2_seed_043 recycle=2 pLDDT=85.4 pTM=0.644 tol=0.178
2026-07-23 00:27:25,935 alphafold2_ptm_model_2_seed_043 recycle=3 pLDDT=86.7 pTM=0.659 tol=0.14
2026-07-23 00:27:25,935 alphafold2_ptm_model_2_seed_043 took 45.1s (3 recycles)
2026-07-23 00:27:37,284 alphafold2_ptm_model_3_seed_043 recycle=0 pLDDT=84.9 pTM=0.6
2026-07-23 00:27:48,564 alphafold2_ptm_model_3_seed_043 recycle=1 pLDDT=86.8 pTM=0.63 tol=0.499
2026-07-23 00:27:59,775 alphafold2_ptm_model_3_seed_043 recycle=2 pLDDT=87.9 pTM=0.641 tol=0.206
2026-07-23 00:28:10,900 alphafold2_ptm_model_3_seed_043 recycle=3 pLDDT=88.4 pTM=0.655 tol=0.092
2026-07-23 00:28:10,900 alphafold2_ptm_model_3_seed_043 took 44.9s (3 recycles)
2026-07-23 00:28:22,236 alphafold2_ptm_model_4_seed_043 recycle=0 pLDDT=84.9 pTM=0.629
2026-07-23 00:28:33,664 alphafold2_ptm_model_4_seed_043 recycle=1 pLDDT=86.2 pTM=0.651 tol=0.422
2026-07-23 00:28:44,734 alphafold2_ptm_model_4_seed_043 recycle=2 pLDDT=86.5 pTM=0.653 tol=0.0801
2026-07-23 00:28:55,942 alphafold2_ptm_model_4_seed_043 recycle=3 pLDDT=87 pTM=0.658 tol=0.0863
2026-07-23 00:28:55,942 alphafold2_ptm_model_4_seed_043 took 45.0s (3 recycles)
2026-07-23 00:29:07,491 alphafold2_ptm_model_5_seed_043 recycle=0 pLDDT=86 pTM=0.647
2026-07-23 00:29:18,677 alphafold2_ptm_model_5_seed_043 recycle=1 pLDDT=87.2 pTM=0.662 tol=0.295
2026-07-23 00:29:29,799 alphafold2_ptm_model_5_seed_043 recycle=2 pLDDT=88.4 pTM=0.669 tol=0.128
2026-07-23 00:29:41,063 alphafold2_ptm_model_5_seed_043 recycle=3 pLDDT=89.1 pTM=0.678 tol=0.0525
2026-07-23 00:29:41,064 alphafold2_ptm_model_5_seed_043 took 45.1s (3 recycles)
2026-07-23 00:29:42,134 Padding length to 82
2026-07-23 00:29:53,417 alphafold2_ptm_model_1_seed_044 recycle=0 pLDDT=85.4 pTM=0.6
2026-07-23 00:30:04,627 alphafold2_ptm_model_1_seed_044 recycle=1 pLDDT=86.9 pTM=0.646 tol=0.394
2026-07-23 00:30:15,882 alphafold2_ptm_model_1_seed_044 recycle=2 pLDDT=88.4 pTM=0.669 tol=0.141
2026-07-23 00:30:27,156 alphafold2_ptm_model_1_seed_044 recycle=3 pLDDT=88.9 pTM=0.678 tol=0.0791
2026-07-23 00:30:27,156 alphafold2_ptm_model_1_seed_044 took 45.0s (3 recycles)
2026-07-23 00:30:38,555 alphafold2_ptm_model_2_seed_044 recycle=0 pLDDT=85.6 pTM=0.646
2026-07-23 00:30:50,196 alphafold2_ptm_model_2_seed_044 recycle=1 pLDDT=85.9 pTM=0.65 tol=0.573
2026-07-23 00:31:01,284 alphafold2_ptm_model_2_seed_044 recycle=2 pLDDT=84.9 pTM=0.639 tol=0.181
2026-07-23 00:31:12,425 alphafold2_ptm_model_2_seed_044 recycle=3 pLDDT=86.8 pTM=0.663 tol=0.134
2026-07-23 00:31:12,426 alphafold2_ptm_model_2_seed_044 took 45.2s (3 recycles)
2026-07-23 00:31:23,841 alphafold2_ptm_model_3_seed_044 recycle=0 pLDDT=85.9 pTM=0.613
2026-07-23 00:31:34,963 alphafold2_ptm_model_3_seed_044 recycle=1 pLDDT=86.9 pTM=0.629 tol=0.273
2026-07-23 00:31:46,098 alphafold2_ptm_model_3_seed_044 recycle=2 pLDDT=87.8 pTM=0.638 tol=0.232
2026-07-23 00:31:57,164 alphafold2_ptm_model_3_seed_044 recycle=3 pLDDT=88.4 pTM=0.654 tol=0.0905
2026-07-23 00:31:57,165 alphafold2_ptm_model_3_seed_044 took 44.7s (3 recycles)
2026-07-23 00:32:08,795 alphafold2_ptm_model_4_seed_044 recycle=0 pLDDT=84.8 pTM=0.623
2026-07-23 00:32:19,874 alphafold2_ptm_model_4_seed_044 recycle=1 pLDDT=86.1 pTM=0.65 tol=0.547
2026-07-23 00:32:30,968 alphafold2_ptm_model_4_seed_044 recycle=2 pLDDT=86.5 pTM=0.653 tol=0.12
2026-07-23 00:32:42,227 alphafold2_ptm_model_4_seed_044 recycle=3 pLDDT=87 pTM=0.659 tol=0.0718
2026-07-23 00:32:42,228 alphafold2_ptm_model_4_seed_044 took 45.0s (3 recycles)
2026-07-23 00:32:53,523 alphafold2_ptm_model_5_seed_044 recycle=0 pLDDT=86.3 pTM=0.649
2026-07-23 00:33:04,863 alphafold2_ptm_model_5_seed_044 recycle=1 pLDDT=87.4 pTM=0.657 tol=0.399
2026-07-23 00:33:16,427 alphafold2_ptm_model_5_seed_044 recycle=2 pLDDT=88.4 pTM=0.669 tol=0.117
2026-07-23 00:33:27,561 alphafold2_ptm_model_5_seed_044 recycle=3 pLDDT=89.2 pTM=0.68 tol=0.0469
2026-07-23 00:33:27,561 alphafold2_ptm_model_5_seed_044 took 45.3s (3 recycles)
2026-07-23 00:33:27,586 reranking models by 'plddt' metric
2026-07-23 00:33:27,586 rank_001_alphafold2_ptm_model_5_seed_044 pLDDT=89.2 pTM=0.68
2026-07-23 00:33:27,588 rank_002_alphafold2_ptm_model_5_seed_043 pLDDT=89.1 pTM=0.678
2026-07-23 00:33:27,590 rank_003_alphafold2_ptm_model_5_seed_042 pLDDT=89.1 pTM=0.678
2026-07-23 00:33:27,592 rank_004_alphafold2_ptm_model_1_seed_044 pLDDT=88.9 pTM=0.678
2026-07-23 00:33:27,593 rank_005_alphafold2_ptm_model_3_seed_043 pLDDT=88.4 pTM=0.655
2026-07-23 00:33:27,594 rank_006_alphafold2_ptm_model_3_seed_044 pLDDT=88.4 pTM=0.654
2026-07-23 00:33:27,596 rank_007_alphafold2_ptm_model_3_seed_042 pLDDT=88.4 pTM=0.652
2026-07-23 00:33:27,597 rank_008_alphafold2_ptm_model_1_seed_042 pLDDT=87.5 pTM=0.647
2026-07-23 00:33:27,599 rank_009_alphafold2_ptm_model_4_seed_042 pLDDT=87.1 pTM=0.659
2026-07-23 00:33:27,600 rank_010_alphafold2_ptm_model_4_seed_044 pLDDT=87 pTM=0.659
2026-07-23 00:33:27,602 rank_011_alphafold2_ptm_model_4_seed_043 pLDDT=87 pTM=0.658
2026-07-23 00:33:27,603 rank_012_alphafold2_ptm_model_2_seed_044 pLDDT=86.8 pTM=0.663
2026-07-23 00:33:27,604 rank_013_alphafold2_ptm_model_2_seed_043 pLDDT=86.7 pTM=0.659
2026-07-23 00:33:27,606 rank_014_alphafold2_ptm_model_2_seed_042 pLDDT=86.4 pTM=0.654
2026-07-23 00:33:27,607 rank_015_alphafold2_ptm_model_1_seed_043 pLDDT=85.6 pTM=0.626
2026-07-23 00:33:30,583 Query 30/786: 5KPH_2_4_5_0_combined_id1 (length 72)
2026-07-23 00:33:32,613 Padding length to 82
2026-07-23 00:33:44,269 alphafold2_ptm_model_1_seed_042 recycle=0 pLDDT=85.1 pTM=0.604
2026-07-23 00:33:55,777 alphafold2_ptm_model_1_seed_042 recycle=1 pLDDT=87.4 pTM=0.65 tol=0.264
2026-07-23 00:34:07,275 alphafold2_ptm_model_1_seed_042 recycle=2 pLDDT=88.2 pTM=0.658 tol=0.172
2026-07-23 00:34:19,476 alphafold2_ptm_model_1_seed_042 recycle=3 pLDDT=87.8 pTM=0.653 tol=0.186
2026-07-23 00:34:19,476 alphafold2_ptm_model_1_seed_042 took 46.9s (3 recycles)
2026-07-23 00:34:31,195 alphafold2_ptm_model_2_seed_042 recycle=0 pLDDT=89 pTM=0.693
2026-07-23 00:34:42,754 alphafold2_ptm_model_2_seed_042 recycle=1 pLDDT=88.8 pTM=0.697 tol=0.516
2026-07-23 00:34:54,249 alphafold2_ptm_model_2_seed_042 recycle=2 pLDDT=88.3 pTM=0.704 tol=0.0972
2026-07-23 00:35:05,774 alphafold2_ptm_model_2_seed_042 recycle=3 pLDDT=89.4 pTM=0.711 tol=0.371
2026-07-23 00:35:05,775 alphafold2_ptm_model_2_seed_042 took 46.3s (3 recycles)
2026-07-23 00:35:17,556 alphafold2_ptm_model_3_seed_042 recycle=0 pLDDT=85.6 pTM=0.612
2026-07-23 00:35:29,026 alphafold2_ptm_model_3_seed_042 recycle=1 pLDDT=89.2 pTM=0.671 tol=0.452
2026-07-23 00:35:40,554 alphafold2_ptm_model_3_seed_042 recycle=2 pLDDT=89.2 pTM=0.68 tol=0.0767
2026-07-23 00:35:52,019 alphafold2_ptm_model_3_seed_042 recycle=3 pLDDT=89.6 pTM=0.688 tol=0.0492
2026-07-23 00:35:52,020 alphafold2_ptm_model_3_seed_042 took 46.2s (3 recycles)
2026-07-23 00:36:03,400 alphafold2_ptm_model_4_seed_042 recycle=0 pLDDT=87.8 pTM=0.65
2026-07-23 00:36:14,814 alphafold2_ptm_model_4_seed_042 recycle=1 pLDDT=89.2 pTM=0.678 tol=0.134
2026-07-23 00:36:26,388 alphafold2_ptm_model_4_seed_042 recycle=2 pLDDT=89.1 pTM=0.678 tol=0.0581
2026-07-23 00:36:37,793 alphafold2_ptm_model_4_seed_042 recycle=3 pLDDT=88.9 pTM=0.678 tol=0.0282
2026-07-23 00:36:37,793 alphafold2_ptm_model_4_seed_042 took 45.8s (3 recycles)
2026-07-23 00:36:49,567 alphafold2_ptm_model_5_seed_042 recycle=0 pLDDT=86.3 pTM=0.638
2026-07-23 00:37:01,089 alphafold2_ptm_model_5_seed_042 recycle=1 pLDDT=88.2 pTM=0.665 tol=0.234
2026-07-23 00:37:12,570 alphafold2_ptm_model_5_seed_042 recycle=2 pLDDT=88.5 pTM=0.664 tol=0.38
2026-07-23 00:37:24,229 alphafold2_ptm_model_5_seed_042 recycle=3 pLDDT=88.7 pTM=0.672 tol=0.053
2026-07-23 00:37:24,230 alphafold2_ptm_model_5_seed_042 took 46.2s (3 recycles)
2026-07-23 00:37:25,216 Padding length to 82
2026-07-23 00:37:36,756 alphafold2_ptm_model_1_seed_043 recycle=0 pLDDT=85.4 pTM=0.602
2026-07-23 00:37:48,281 alphafold2_ptm_model_1_seed_043 recycle=1 pLDDT=87.6 pTM=0.653 tol=0.521
2026-07-23 00:38:00,892 alphafold2_ptm_model_1_seed_043 recycle=2 pLDDT=89 pTM=0.668 tol=0.188
2026-07-23 00:38:12,359 alphafold2_ptm_model_1_seed_043 recycle=3 pLDDT=88.8 pTM=0.672 tol=0.0668
2026-07-23 00:38:12,360 alphafold2_ptm_model_1_seed_043 took 47.1s (3 recycles)
2026-07-23 00:38:23,942 alphafold2_ptm_model_2_seed_043 recycle=0 pLDDT=89.6 pTM=0.696
2026-07-23 00:38:35,382 alphafold2_ptm_model_2_seed_043 recycle=1 pLDDT=89.5 pTM=0.704 tol=0.263
2026-07-23 00:38:46,594 alphafold2_ptm_model_2_seed_043 recycle=2 pLDDT=88.4 pTM=0.704 tol=0.308
2026-07-23 00:38:57,907 alphafold2_ptm_model_2_seed_043 recycle=3 pLDDT=88.8 pTM=0.703 tol=0.175
2026-07-23 00:38:57,907 alphafold2_ptm_model_2_seed_043 took 45.3s (3 recycles)
2026-07-23 00:39:09,246 alphafold2_ptm_model_3_seed_043 recycle=0 pLDDT=85.4 pTM=0.609
2026-07-23 00:39:20,644 alphafold2_ptm_model_3_seed_043 recycle=1 pLDDT=89.4 pTM=0.671 tol=0.41
2026-07-23 00:39:32,051 alphafold2_ptm_model_3_seed_043 recycle=2 pLDDT=89.3 pTM=0.681 tol=0.0784
2026-07-23 00:39:43,308 alphafold2_ptm_model_3_seed_043 recycle=3 pLDDT=89.8 pTM=0.69 tol=0.0568
2026-07-23 00:39:43,309 alphafold2_ptm_model_3_seed_043 took 45.3s (3 recycles)
2026-07-23 00:39:54,609 alphafold2_ptm_model_4_seed_043 recycle=0 pLDDT=87.3 pTM=0.644
2026-07-23 00:40:06,549 alphafold2_ptm_model_4_seed_043 recycle=1 pLDDT=89.1 pTM=0.677 tol=0.179
2026-07-23 00:40:18,393 alphafold2_ptm_model_4_seed_043 recycle=2 pLDDT=89.1 pTM=0.68 tol=0.0574
2026-07-23 00:40:29,751 alphafold2_ptm_model_4_seed_043 recycle=3 pLDDT=89 pTM=0.679 tol=0.0298
2026-07-23 00:40:29,751 alphafold2_ptm_model_4_seed_043 took 46.4s (3 recycles)
2026-07-23 00:40:41,128 alphafold2_ptm_model_5_seed_043 recycle=0 pLDDT=86.5 pTM=0.649
2026-07-23 00:40:52,427 alphafold2_ptm_model_5_seed_043 recycle=1 pLDDT=88.9 pTM=0.678 tol=0.221
2026-07-23 00:41:03,596 alphafold2_ptm_model_5_seed_043 recycle=2 pLDDT=89 pTM=0.674 tol=0.0649
2026-07-23 00:41:14,731 alphafold2_ptm_model_5_seed_043 recycle=3 pLDDT=88.9 pTM=0.673 tol=0.0396
2026-07-23 00:41:14,732 alphafold2_ptm_model_5_seed_043 took 45.0s (3 recycles)
2026-07-23 00:41:15,759 Padding length to 82
2026-07-23 00:41:27,010 alphafold2_ptm_model_1_seed_044 recycle=0 pLDDT=85.3 pTM=0.606
2026-07-23 00:41:38,311 alphafold2_ptm_model_1_seed_044 recycle=1 pLDDT=87.4 pTM=0.649 tol=0.408
2026-07-23 00:41:49,552 alphafold2_ptm_model_1_seed_044 recycle=2 pLDDT=88.7 pTM=0.663 tol=0.154
2026-07-23 00:42:00,687 alphafold2_ptm_model_1_seed_044 recycle=3 pLDDT=88.4 pTM=0.663 tol=0.106
2026-07-23 00:42:00,688 alphafold2_ptm_model_1_seed_044 took 44.9s (3 recycles)
2026-07-23 00:42:12,084 alphafold2_ptm_model_2_seed_044 recycle=0 pLDDT=88.9 pTM=0.69
2026-07-23 00:42:23,304 alphafold2_ptm_model_2_seed_044 recycle=1 pLDDT=88.9 pTM=0.694 tol=0.591
2026-07-23 00:42:34,425 alphafold2_ptm_model_2_seed_044 recycle=2 pLDDT=89 pTM=0.704 tol=0.0909
2026-07-23 00:42:45,806 alphafold2_ptm_model_2_seed_044 recycle=3 pLDDT=88.9 pTM=0.708 tol=0.164
2026-07-23 00:42:45,807 alphafold2_ptm_model_2_seed_044 took 45.1s (3 recycles)
2026-07-23 00:42:57,203 alphafold2_ptm_model_3_seed_044 recycle=0 pLDDT=85.4 pTM=0.611
2026-07-23 00:43:08,537 alphafold2_ptm_model_3_seed_044 recycle=1 pLDDT=89.3 pTM=0.671 tol=0.468
2026-07-23 00:43:19,742 alphafold2_ptm_model_3_seed_044 recycle=2 pLDDT=89.4 pTM=0.682 tol=0.0823
2026-07-23 00:43:31,299 alphafold2_ptm_model_3_seed_044 recycle=3 pLDDT=89.9 pTM=0.691 tol=0.0594
2026-07-23 00:43:31,300 alphafold2_ptm_model_3_seed_044 took 45.4s (3 recycles)
2026-07-23 00:43:42,631 alphafold2_ptm_model_4_seed_044 recycle=0 pLDDT=87.2 pTM=0.643
2026-07-23 00:43:54,044 alphafold2_ptm_model_4_seed_044 recycle=1 pLDDT=88.9 pTM=0.675 tol=0.207
2026-07-23 00:44:05,898 alphafold2_ptm_model_4_seed_044 recycle=2 pLDDT=88.9 pTM=0.677 tol=0.0594
2026-07-23 00:44:17,339 alphafold2_ptm_model_4_seed_044 recycle=3 pLDDT=88.9 pTM=0.678 tol=0.0375
2026-07-23 00:44:17,340 alphafold2_ptm_model_4_seed_044 took 46.0s (3 recycles)
2026-07-23 00:44:28,959 alphafold2_ptm_model_5_seed_044 recycle=0 pLDDT=86.6 pTM=0.649
2026-07-23 00:44:40,589 alphafold2_ptm_model_5_seed_044 recycle=1 pLDDT=88.8 pTM=0.677 tol=0.232
2026-07-23 00:44:51,928 alphafold2_ptm_model_5_seed_044 recycle=2 pLDDT=88.8 pTM=0.674 tol=0.068
2026-07-23 00:45:03,267 alphafold2_ptm_model_5_seed_044 recycle=3 pLDDT=88.9 pTM=0.672 tol=0.0568
2026-07-23 00:45:03,267 alphafold2_ptm_model_5_seed_044 took 45.9s (3 recycles)
2026-07-23 00:45:03,301 reranking models by 'plddt' metric
2026-07-23 00:45:03,302 rank_001_alphafold2_ptm_model_3_seed_044 pLDDT=89.9 pTM=0.691
2026-07-23 00:45:03,304 rank_002_alphafold2_ptm_model_3_seed_043 pLDDT=89.8 pTM=0.69
2026-07-23 00:45:03,306 rank_003_alphafold2_ptm_model_3_seed_042 pLDDT=89.6 pTM=0.688
2026-07-23 00:45:03,307 rank_004_alphafold2_ptm_model_2_seed_042 pLDDT=89.4 pTM=0.711
2026-07-23 00:45:03,308 rank_005_alphafold2_ptm_model_4_seed_043 pLDDT=89 pTM=0.679
2026-07-23 00:45:03,310 rank_006_alphafold2_ptm_model_4_seed_044 pLDDT=88.9 pTM=0.678
2026-07-23 00:45:03,311 rank_007_alphafold2_ptm_model_2_seed_044 pLDDT=88.9 pTM=0.708
2026-07-23 00:45:03,313 rank_008_alphafold2_ptm_model_5_seed_043 pLDDT=88.9 pTM=0.673
2026-07-23 00:45:03,314 rank_009_alphafold2_ptm_model_4_seed_042 pLDDT=88.9 pTM=0.678
2026-07-23 00:45:03,316 rank_010_alphafold2_ptm_model_5_seed_044 pLDDT=88.9 pTM=0.672
2026-07-23 00:45:03,317 rank_011_alphafold2_ptm_model_2_seed_043 pLDDT=88.8 pTM=0.703
2026-07-23 00:45:03,319 rank_012_alphafold2_ptm_model_1_seed_043 pLDDT=88.8 pTM=0.672
2026-07-23 00:45:03,320 rank_013_alphafold2_ptm_model_5_seed_042 pLDDT=88.7 pTM=0.672
2026-07-23 00:45:03,322 rank_014_alphafold2_ptm_model_1_seed_044 pLDDT=88.4 pTM=0.663
2026-07-23 00:45:03,323 rank_015_alphafold2_ptm_model_1_seed_042 pLDDT=87.8 pTM=0.653
2026-07-23 00:45:05,934 Query 31/786: 5KPH_2_4_5_0_combined_id5 (length 72)
2026-07-23 00:45:07,808 Padding length to 82
2026-07-23 00:45:19,204 alphafold2_ptm_model_1_seed_042 recycle=0 pLDDT=92.9 pTM=0.767
2026-07-23 00:45:30,602 alphafold2_ptm_model_1_seed_042 recycle=1 pLDDT=93.2 pTM=0.774 tol=0.143
2026-07-23 00:45:41,972 alphafold2_ptm_model_1_seed_042 recycle=2 pLDDT=93.1 pTM=0.774 tol=0.0791
2026-07-23 00:45:53,368 alphafold2_ptm_model_1_seed_042 recycle=3 pLDDT=92.7 pTM=0.77 tol=0.0593
2026-07-23 00:45:53,368 alphafold2_ptm_model_1_seed_042 took 45.6s (3 recycles)
2026-07-23 00:46:05,014 alphafold2_ptm_model_2_seed_042 recycle=0 pLDDT=93.1 pTM=0.779
2026-07-23 00:46:16,372 alphafold2_ptm_model_2_seed_042 recycle=1 pLDDT=94.3 pTM=0.796 tol=0.261
2026-07-23 00:46:27,744 alphafold2_ptm_model_2_seed_042 recycle=2 pLDDT=94.1 pTM=0.796 tol=0.0745
2026-07-23 00:46:39,102 alphafold2_ptm_model_2_seed_042 recycle=3 pLDDT=94.1 pTM=0.797 tol=0.0292
2026-07-23 00:46:39,102 alphafold2_ptm_model_2_seed_042 took 45.7s (3 recycles)
2026-07-23 00:46:50,667 alphafold2_ptm_model_3_seed_042 recycle=0 pLDDT=91.8 pTM=0.752
2026-07-23 00:47:02,024 alphafold2_ptm_model_3_seed_042 recycle=1 pLDDT=92.8 pTM=0.768 tol=0.206
2026-07-23 00:47:13,370 alphafold2_ptm_model_3_seed_042 recycle=2 pLDDT=92.7 pTM=0.765 tol=0.0711
2026-07-23 00:47:24,620 alphafold2_ptm_model_3_seed_042 recycle=3 pLDDT=92.8 pTM=0.764 tol=0.099
2026-07-23 00:47:24,621 alphafold2_ptm_model_3_seed_042 took 45.5s (3 recycles)
2026-07-23 00:47:36,240 alphafold2_ptm_model_4_seed_042 recycle=0 pLDDT=91.2 pTM=0.75
2026-07-23 00:47:47,602 alphafold2_ptm_model_4_seed_042 recycle=1 pLDDT=92.5 pTM=0.777 tol=0.207
2026-07-23 00:47:59,008 alphafold2_ptm_model_4_seed_042 recycle=2 pLDDT=92.6 pTM=0.778 tol=0.0487
2026-07-23 00:48:10,281 alphafold2_ptm_model_4_seed_042 recycle=3 pLDDT=92.9 pTM=0.783 tol=0.0361
2026-07-23 00:48:10,282 alphafold2_ptm_model_4_seed_042 took 45.6s (3 recycles)
2026-07-23 00:48:21,541 alphafold2_ptm_model_5_seed_042 recycle=0 pLDDT=88.9 pTM=0.718
2026-07-23 00:48:32,826 alphafold2_ptm_model_5_seed_042 recycle=1 pLDDT=92.2 pTM=0.762 tol=0.155
2026-07-23 00:48:44,105 alphafold2_ptm_model_5_seed_042 recycle=2 pLDDT=92.5 pTM=0.771 tol=0.049
2026-07-23 00:48:55,383 alphafold2_ptm_model_5_seed_042 recycle=3 pLDDT=92.9 pTM=0.775 tol=0.0248
2026-07-23 00:48:55,383 alphafold2_ptm_model_5_seed_042 took 45.1s (3 recycles)
2026-07-23 00:48:57,063 Padding length to 82
2026-07-23 00:49:08,511 alphafold2_ptm_model_1_seed_043 recycle=0 pLDDT=92.6 pTM=0.761
2026-07-23 00:49:19,684 alphafold2_ptm_model_1_seed_043 recycle=1 pLDDT=93.1 pTM=0.773 tol=0.146
2026-07-23 00:49:30,856 alphafold2_ptm_model_1_seed_043 recycle=2 pLDDT=93.1 pTM=0.774 tol=0.0864
2026-07-23 00:49:42,367 alphafold2_ptm_model_1_seed_043 recycle=3 pLDDT=92.6 pTM=0.768 tol=0.0479
2026-07-23 00:49:42,368 alphafold2_ptm_model_1_seed_043 took 45.3s (3 recycles)
2026-07-23 00:49:54,562 alphafold2_ptm_model_2_seed_043 recycle=0 pLDDT=92.4 pTM=0.772
2026-07-23 00:50:05,901 alphafold2_ptm_model_2_seed_043 recycle=1 pLDDT=94.1 pTM=0.795 tol=0.283
2026-07-23 00:50:17,320 alphafold2_ptm_model_2_seed_043 recycle=2 pLDDT=94.2 pTM=0.797 tol=0.0734
2026-07-23 00:50:28,814 alphafold2_ptm_model_2_seed_043 recycle=3 pLDDT=94.2 pTM=0.799 tol=0.0275
2026-07-23 00:50:28,814 alphafold2_ptm_model_2_seed_043 took 46.4s (3 recycles)
2026-07-23 00:50:40,093 alphafold2_ptm_model_3_seed_043 recycle=0 pLDDT=89.2 pTM=0.721
2026-07-23 00:50:51,345 alphafold2_ptm_model_3_seed_043 recycle=1 pLDDT=91.9 pTM=0.756 tol=0.589
2026-07-23 00:51:02,719 alphafold2_ptm_model_3_seed_043 recycle=2 pLDDT=92.2 pTM=0.76 tol=0.0895
2026-07-23 00:51:14,085 alphafold2_ptm_model_3_seed_043 recycle=3 pLDDT=92.4 pTM=0.76 tol=0.134
2026-07-23 00:51:14,086 alphafold2_ptm_model_3_seed_043 took 45.2s (3 recycles)
2026-07-23 00:51:25,592 alphafold2_ptm_model_4_seed_043 recycle=0 pLDDT=91 pTM=0.748
2026-07-23 00:51:36,799 alphafold2_ptm_model_4_seed_043 recycle=1 pLDDT=92.4 pTM=0.776 tol=0.229
2026-07-23 00:51:48,114 alphafold2_ptm_model_4_seed_043 recycle=2 pLDDT=92.5 pTM=0.778 tol=0.0514
2026-07-23 00:51:59,524 alphafold2_ptm_model_4_seed_043 recycle=3 pLDDT=92.9 pTM=0.783 tol=0.0299
2026-07-23 00:51:59,525 alphafold2_ptm_model_4_seed_043 took 45.4s (3 recycles)
2026-07-23 00:52:10,812 alphafold2_ptm_model_5_seed_043 recycle=0 pLDDT=88 pTM=0.705
2026-07-23 00:52:21,917 alphafold2_ptm_model_5_seed_043 recycle=1 pLDDT=91.8 pTM=0.76 tol=0.281
2026-07-23 00:52:33,132 alphafold2_ptm_model_5_seed_043 recycle=2 pLDDT=92.1 pTM=0.765 tol=0.0502
2026-07-23 00:52:44,388 alphafold2_ptm_model_5_seed_043 recycle=3 pLDDT=92.6 pTM=0.772 tol=0.037
2026-07-23 00:52:44,389 alphafold2_ptm_model_5_seed_043 took 44.8s (3 recycles)
2026-07-23 00:52:45,462 Padding length to 82
2026-07-23 00:52:56,867 alphafold2_ptm_model_1_seed_044 recycle=0 pLDDT=92.6 pTM=0.76
2026-07-23 00:53:08,135 alphafold2_ptm_model_1_seed_044 recycle=1 pLDDT=92.9 pTM=0.771 tol=0.149
2026-07-23 00:53:19,584 alphafold2_ptm_model_1_seed_044 recycle=2 pLDDT=93.1 pTM=0.774 tol=0.0591
2026-07-23 00:53:30,803 alphafold2_ptm_model_1_seed_044 recycle=3 pLDDT=92.6 pTM=0.768 tol=0.0547
2026-07-23 00:53:30,804 alphafold2_ptm_model_1_seed_044 took 45.3s (3 recycles)
2026-07-23 00:53:42,209 alphafold2_ptm_model_2_seed_044 recycle=0 pLDDT=92.6 pTM=0.775
2026-07-23 00:53:53,423 alphafold2_ptm_model_2_seed_044 recycle=1 pLDDT=94.2 pTM=0.796 tol=0.299
2026-07-23 00:54:04,655 alphafold2_ptm_model_2_seed_044 recycle=2 pLDDT=94.2 pTM=0.799 tol=0.0611
2026-07-23 00:54:15,931 alphafold2_ptm_model_2_seed_044 recycle=3 pLDDT=94.3 pTM=0.8 tol=0.0341
2026-07-23 00:54:15,932 alphafold2_ptm_model_2_seed_044 took 45.1s (3 recycles)
2026-07-23 00:54:27,230 alphafold2_ptm_model_3_seed_044 recycle=0 pLDDT=91.1 pTM=0.744
2026-07-23 00:54:38,360 alphafold2_ptm_model_3_seed_044 recycle=1 pLDDT=92.4 pTM=0.761 tol=0.297
2026-07-23 00:54:49,484 alphafold2_ptm_model_3_seed_044 recycle=2 pLDDT=92.6 pTM=0.763 tol=0.0714
2026-07-23 00:55:00,623 alphafold2_ptm_model_3_seed_044 recycle=3 pLDDT=92.7 pTM=0.763 tol=0.105
2026-07-23 00:55:00,624 alphafold2_ptm_model_3_seed_044 took 44.7s (3 recycles)
2026-07-23 00:55:12,313 alphafold2_ptm_model_4_seed_044 recycle=0 pLDDT=90.9 pTM=0.747
2026-07-23 00:55:23,488 alphafold2_ptm_model_4_seed_044 recycle=1 pLDDT=92.4 pTM=0.775 tol=0.232
2026-07-23 00:55:34,815 alphafold2_ptm_model_4_seed_044 recycle=2 pLDDT=92.6 pTM=0.778 tol=0.0433
2026-07-23 00:55:45,932 alphafold2_ptm_model_4_seed_044 recycle=3 pLDDT=92.9 pTM=0.783 tol=0.0327
2026-07-23 00:55:45,933 alphafold2_ptm_model_4_seed_044 took 45.3s (3 recycles)
2026-07-23 00:55:57,724 alphafold2_ptm_model_5_seed_044 recycle=0 pLDDT=88.4 pTM=0.702
2026-07-23 00:56:09,131 alphafold2_ptm_model_5_seed_044 recycle=1 pLDDT=92.1 pTM=0.762 tol=0.245
2026-07-23 00:56:20,449 alphafold2_ptm_model_5_seed_044 recycle=2 pLDDT=92.3 pTM=0.767 tol=0.0601
2026-07-23 00:56:31,614 alphafold2_ptm_model_5_seed_044 recycle=3 pLDDT=92.6 pTM=0.771 tol=0.035
2026-07-23 00:56:31,615 alphafold2_ptm_model_5_seed_044 took 45.7s (3 recycles)
2026-07-23 00:56:31,638 reranking models by 'plddt' metric
2026-07-23 00:56:31,639 rank_001_alphafold2_ptm_model_2_seed_044 pLDDT=94.3 pTM=0.8
2026-07-23 00:56:31,640 rank_002_alphafold2_ptm_model_2_seed_043 pLDDT=94.2 pTM=0.799
2026-07-23 00:56:31,642 rank_003_alphafold2_ptm_model_2_seed_042 pLDDT=94.1 pTM=0.797
2026-07-23 00:56:31,643 rank_004_alphafold2_ptm_model_4_seed_044 pLDDT=92.9 pTM=0.783
2026-07-23 00:56:31,645 rank_005_alphafold2_ptm_model_4_seed_042 pLDDT=92.9 pTM=0.783
2026-07-23 00:56:31,646 rank_006_alphafold2_ptm_model_4_seed_043 pLDDT=92.9 pTM=0.783
2026-07-23 00:56:31,647 rank_007_alphafold2_ptm_model_5_seed_042 pLDDT=92.9 pTM=0.775
2026-07-23 00:56:31,649 rank_008_alphafold2_ptm_model_3_seed_042 pLDDT=92.8 pTM=0.764
2026-07-23 00:56:31,650 rank_009_alphafold2_ptm_model_3_seed_044 pLDDT=92.7 pTM=0.763
2026-07-23 00:56:31,652 rank_010_alphafold2_ptm_model_1_seed_042 pLDDT=92.7 pTM=0.77
2026-07-23 00:56:31,653 rank_011_alphafold2_ptm_model_5_seed_044 pLDDT=92.6 pTM=0.771
2026-07-23 00:56:31,654 rank_012_alphafold2_ptm_model_1_seed_043 pLDDT=92.6 pTM=0.768
2026-07-23 00:56:31,656 rank_013_alphafold2_ptm_model_1_seed_044 pLDDT=92.6 pTM=0.768
2026-07-23 00:56:31,657 rank_014_alphafold2_ptm_model_5_seed_043 pLDDT=92.6 pTM=0.772
2026-07-23 00:56:31,659 rank_015_alphafold2_ptm_model_3_seed_043 pLDDT=92.4 pTM=0.76
2026-07-23 00:56:33,928 Query 32/786: 5KPH_2_4_5_0_combined_id7 (length 72)
2026-07-23 00:56:35,665 Padding length to 82
2026-07-23 00:56:46,976 alphafold2_ptm_model_1_seed_042 recycle=0 pLDDT=87.5 pTM=0.651
2026-07-23 00:56:58,248 alphafold2_ptm_model_1_seed_042 recycle=1 pLDDT=89.4 pTM=0.689 tol=0.153
2026-07-23 00:57:09,271 alphafold2_ptm_model_1_seed_042 recycle=2 pLDDT=89.3 pTM=0.687 tol=0.0446
2026-07-23 00:57:20,301 alphafold2_ptm_model_1_seed_042 recycle=3 pLDDT=89.2 pTM=0.686 tol=0.021
2026-07-23 00:57:20,302 alphafold2_ptm_model_1_seed_042 took 44.6s (3 recycles)
2026-07-23 00:57:31,358 alphafold2_ptm_model_2_seed_042 recycle=0 pLDDT=93.1 pTM=0.773
2026-07-23 00:57:42,516 alphafold2_ptm_model_2_seed_042 recycle=1 pLDDT=91.5 pTM=0.756 tol=0.161
2026-07-23 00:57:53,666 alphafold2_ptm_model_2_seed_042 recycle=2 pLDDT=90.9 pTM=0.748 tol=0.0423
2026-07-23 00:58:04,799 alphafold2_ptm_model_2_seed_042 recycle=3 pLDDT=90.7 pTM=0.743 tol=0.0343
2026-07-23 00:58:04,799 alphafold2_ptm_model_2_seed_042 took 44.5s (3 recycles)
2026-07-23 00:58:16,073 alphafold2_ptm_model_3_seed_042 recycle=0 pLDDT=87.9 pTM=0.663
2026-07-23 00:58:27,239 alphafold2_ptm_model_3_seed_042 recycle=1 pLDDT=89.3 pTM=0.689 tol=0.142
2026-07-23 00:58:38,554 alphafold2_ptm_model_3_seed_042 recycle=2 pLDDT=89.4 pTM=0.695 tol=0.0823
2026-07-23 00:58:49,834 alphafold2_ptm_model_3_seed_042 recycle=3 pLDDT=89.1 pTM=0.691 tol=0.0552
2026-07-23 00:58:49,834 alphafold2_ptm_model_3_seed_042 took 45.0s (3 recycles)
2026-07-23 00:59:01,168 alphafold2_ptm_model_4_seed_042 recycle=0 pLDDT=88.9 pTM=0.699
2026-07-23 00:59:12,336 alphafold2_ptm_model_4_seed_042 recycle=1 pLDDT=88.9 pTM=0.694 tol=0.241
2026-07-23 00:59:23,275 alphafold2_ptm_model_4_seed_042 recycle=2 pLDDT=88.6 pTM=0.688 tol=0.0425
2026-07-23 00:59:34,234 alphafold2_ptm_model_4_seed_042 recycle=3 pLDDT=88.5 pTM=0.688 tol=0.0387
2026-07-23 00:59:34,235 alphafold2_ptm_model_4_seed_042 took 44.4s (3 recycles)
2026-07-23 00:59:45,200 alphafold2_ptm_model_5_seed_042 recycle=0 pLDDT=89.1 pTM=0.684
2026-07-23 00:59:56,157 alphafold2_ptm_model_5_seed_042 recycle=1 pLDDT=90.3 pTM=0.707 tol=0.149
2026-07-23 01:00:07,272 alphafold2_ptm_model_5_seed_042 recycle=2 pLDDT=90.4 pTM=0.709 tol=0.0476
2026-07-23 01:00:18,398 alphafold2_ptm_model_5_seed_042 recycle=3 pLDDT=90.4 pTM=0.709 tol=0.0363
2026-07-23 01:00:18,399 alphafold2_ptm_model_5_seed_042 took 44.1s (3 recycles)
2026-07-23 01:00:19,252 Padding length to 82
2026-07-23 01:00:30,461 alphafold2_ptm_model_1_seed_043 recycle=0 pLDDT=87.3 pTM=0.648
2026-07-23 01:00:41,852 alphafold2_ptm_model_1_seed_043 recycle=1 pLDDT=89.3 pTM=0.686 tol=0.156
2026-07-23 01:00:53,319 alphafold2_ptm_model_1_seed_043 recycle=2 pLDDT=89.3 pTM=0.687 tol=0.0499
2026-07-23 01:01:04,427 alphafold2_ptm_model_1_seed_043 recycle=3 pLDDT=89.2 pTM=0.683 tol=0.0274
2026-07-23 01:01:04,428 alphafold2_ptm_model_1_seed_043 took 45.2s (3 recycles)
2026-07-23 01:01:15,758 alphafold2_ptm_model_2_seed_043 recycle=0 pLDDT=92.9 pTM=0.768
2026-07-23 01:01:27,032 alphafold2_ptm_model_2_seed_043 recycle=1 pLDDT=91.6 pTM=0.756 tol=0.158
2026-07-23 01:01:38,136 alphafold2_ptm_model_2_seed_043 recycle=2 pLDDT=91 pTM=0.748 tol=0.0471
2026-07-23 01:01:49,201 alphafold2_ptm_model_2_seed_043 recycle=3 pLDDT=90.7 pTM=0.742 tol=0.0336
2026-07-23 01:01:49,201 alphafold2_ptm_model_2_seed_043 took 44.7s (3 recycles)
2026-07-23 01:02:00,618 alphafold2_ptm_model_3_seed_043 recycle=0 pLDDT=87.8 pTM=0.661
2026-07-23 01:02:11,990 alphafold2_ptm_model_3_seed_043 recycle=1 pLDDT=89.2 pTM=0.688 tol=0.152
2026-07-23 01:02:23,355 alphafold2_ptm_model_3_seed_043 recycle=2 pLDDT=89.3 pTM=0.692 tol=0.0745
2026-07-23 01:02:34,468 alphafold2_ptm_model_3_seed_043 recycle=3 pLDDT=89 pTM=0.688 tol=0.0582
2026-07-23 01:02:34,469 alphafold2_ptm_model_3_seed_043 took 45.2s (3 recycles)
2026-07-23 01:02:46,695 alphafold2_ptm_model_4_seed_043 recycle=0 pLDDT=88.9 pTM=0.699
2026-07-23 01:02:58,306 alphafold2_ptm_model_4_seed_043 recycle=1 pLDDT=88.9 pTM=0.694 tol=0.276
2026-07-23 01:03:09,484 alphafold2_ptm_model_4_seed_043 recycle=2 pLDDT=88.6 pTM=0.689 tol=0.0668
2026-07-23 01:03:20,617 alphafold2_ptm_model_4_seed_043 recycle=3 pLDDT=88.6 pTM=0.688 tol=0.0536
2026-07-23 01:03:20,618 alphafold2_ptm_model_4_seed_043 took 46.1s (3 recycles)
2026-07-23 01:03:31,981 alphafold2_ptm_model_5_seed_043 recycle=0 pLDDT=89.1 pTM=0.686
2026-07-23 01:03:43,313 alphafold2_ptm_model_5_seed_043 recycle=1 pLDDT=90.4 pTM=0.71 tol=0.13
2026-07-23 01:03:54,730 alphafold2_ptm_model_5_seed_043 recycle=2 pLDDT=90.4 pTM=0.709 tol=0.0641
2026-07-23 01:04:05,926 alphafold2_ptm_model_5_seed_043 recycle=3 pLDDT=90.4 pTM=0.708 tol=0.0346
2026-07-23 01:04:05,927 alphafold2_ptm_model_5_seed_043 took 45.3s (3 recycles)
2026-07-23 01:04:07,046 Padding length to 82
2026-07-23 01:04:18,273 alphafold2_ptm_model_1_seed_044 recycle=0 pLDDT=87 pTM=0.642
2026-07-23 01:04:29,523 alphafold2_ptm_model_1_seed_044 recycle=1 pLDDT=89.1 pTM=0.681 tol=0.176
2026-07-23 01:04:40,873 alphafold2_ptm_model_1_seed_044 recycle=2 pLDDT=89.1 pTM=0.682 tol=0.0491
2026-07-23 01:04:52,156 alphafold2_ptm_model_1_seed_044 recycle=3 pLDDT=89.1 pTM=0.682 tol=0.027
2026-07-23 01:04:52,157 alphafold2_ptm_model_1_seed_044 took 45.1s (3 recycles)
2026-07-23 01:05:03,708 alphafold2_ptm_model_2_seed_044 recycle=0 pLDDT=92.6 pTM=0.764
2026-07-23 01:05:14,815 alphafold2_ptm_model_2_seed_044 recycle=1 pLDDT=91.1 pTM=0.749 tol=0.163
2026-07-23 01:05:26,236 alphafold2_ptm_model_2_seed_044 recycle=2 pLDDT=90.6 pTM=0.739 tol=0.0505
2026-07-23 01:05:37,335 alphafold2_ptm_model_2_seed_044 recycle=3 pLDDT=90.1 pTM=0.732 tol=0.0455
2026-07-23 01:05:37,336 alphafold2_ptm_model_2_seed_044 took 45.1s (3 recycles)
2026-07-23 01:05:48,809 alphafold2_ptm_model_3_seed_044 recycle=0 pLDDT=87.2 pTM=0.654
2026-07-23 01:06:00,023 alphafold2_ptm_model_3_seed_044 recycle=1 pLDDT=89.1 pTM=0.687 tol=0.171
2026-07-23 01:06:11,577 alphafold2_ptm_model_3_seed_044 recycle=2 pLDDT=89.3 pTM=0.69 tol=0.0884
2026-07-23 01:06:23,227 alphafold2_ptm_model_3_seed_044 recycle=3 pLDDT=89 pTM=0.691 tol=0.062
2026-07-23 01:06:23,228 alphafold2_ptm_model_3_seed_044 took 45.9s (3 recycles)
2026-07-23 01:06:34,814 alphafold2_ptm_model_4_seed_044 recycle=0 pLDDT=88.9 pTM=0.697
2026-07-23 01:06:46,319 alphafold2_ptm_model_4_seed_044 recycle=1 pLDDT=88.9 pTM=0.694 tol=0.291
2026-07-23 01:06:57,662 alphafold2_ptm_model_4_seed_044 recycle=2 pLDDT=88.7 pTM=0.689 tol=0.0667
2026-07-23 01:07:08,857 alphafold2_ptm_model_4_seed_044 recycle=3 pLDDT=88.4 pTM=0.687 tol=0.0626
2026-07-23 01:07:08,857 alphafold2_ptm_model_4_seed_044 took 45.6s (3 recycles)
2026-07-23 01:07:20,207 alphafold2_ptm_model_5_seed_044 recycle=0 pLDDT=88.8 pTM=0.681
2026-07-23 01:07:31,479 alphafold2_ptm_model_5_seed_044 recycle=1 pLDDT=90.1 pTM=0.702 tol=0.124
2026-07-23 01:07:42,978 alphafold2_ptm_model_5_seed_044 recycle=2 pLDDT=90.3 pTM=0.707 tol=0.057
2026-07-23 01:07:54,247 alphafold2_ptm_model_5_seed_044 recycle=3 pLDDT=90.5 pTM=0.709 tol=0.0345
2026-07-23 01:07:54,248 alphafold2_ptm_model_5_seed_044 took 45.3s (3 recycles)
2026-07-23 01:07:54,304 reranking models by 'plddt' metric
2026-07-23 01:07:54,304 rank_001_alphafold2_ptm_model_2_seed_043 pLDDT=90.7 pTM=0.742
2026-07-23 01:07:54,306 rank_002_alphafold2_ptm_model_2_seed_042 pLDDT=90.7 pTM=0.743
2026-07-23 01:07:54,308 rank_003_alphafold2_ptm_model_5_seed_044 pLDDT=90.5 pTM=0.709
2026-07-23 01:07:54,309 rank_004_alphafold2_ptm_model_5_seed_043 pLDDT=90.4 pTM=0.708
2026-07-23 01:07:54,311 rank_005_alphafold2_ptm_model_5_seed_042 pLDDT=90.4 pTM=0.709
2026-07-23 01:07:54,313 rank_006_alphafold2_ptm_model_2_seed_044 pLDDT=90.1 pTM=0.732
2026-07-23 01:07:54,314 rank_007_alphafold2_ptm_model_1_seed_042 pLDDT=89.2 pTM=0.686
2026-07-23 01:07:54,316 rank_008_alphafold2_ptm_model_1_seed_043 pLDDT=89.2 pTM=0.683
2026-07-23 01:07:54,317 rank_009_alphafold2_ptm_model_1_seed_044 pLDDT=89.1 pTM=0.682
2026-07-23 01:07:54,319 rank_010_alphafold2_ptm_model_3_seed_042 pLDDT=89.1 pTM=0.691
2026-07-23 01:07:54,321 rank_011_alphafold2_ptm_model_3_seed_044 pLDDT=89 pTM=0.691
2026-07-23 01:07:54,322 rank_012_alphafold2_ptm_model_3_seed_043 pLDDT=89 pTM=0.688
2026-07-23 01:07:54,324 rank_013_alphafold2_ptm_model_4_seed_043 pLDDT=88.6 pTM=0.688
2026-07-23 01:07:54,325 rank_014_alphafold2_ptm_model_4_seed_042 pLDDT=88.5 pTM=0.688
2026-07-23 01:07:54,327 rank_015_alphafold2_ptm_model_4_seed_044 pLDDT=88.4 pTM=0.687
2026-07-23 01:07:57,952 Query 33/786: 5KPH_2_4_5_0_combined_id8 (length 72)
2026-07-23 01:08:00,099 Padding length to 82
2026-07-23 01:08:12,659 alphafold2_ptm_model_1_seed_042 recycle=0 pLDDT=86.8 pTM=0.647
2026-07-23 01:08:24,089 alphafold2_ptm_model_1_seed_042 recycle=1 pLDDT=88 pTM=0.677 tol=0.424
2026-07-23 01:08:36,147 alphafold2_ptm_model_1_seed_042 recycle=2 pLDDT=88.2 pTM=0.678 tol=0.14
2026-07-23 01:08:47,602 alphafold2_ptm_model_1_seed_042 recycle=3 pLDDT=88.2 pTM=0.675 tol=0.0793
2026-07-23 01:08:47,603 alphafold2_ptm_model_1_seed_042 took 47.5s (3 recycles)
2026-07-23 01:08:59,078 alphafold2_ptm_model_2_seed_042 recycle=0 pLDDT=90.6 pTM=0.747
2026-07-23 01:09:10,709 alphafold2_ptm_model_2_seed_042 recycle=1 pLDDT=89.7 pTM=0.74 tol=0.253
2026-07-23 01:09:22,049 alphafold2_ptm_model_2_seed_042 recycle=2 pLDDT=89.7 pTM=0.738 tol=0.128
2026-07-23 01:09:33,402 alphafold2_ptm_model_2_seed_042 recycle=3 pLDDT=89.8 pTM=0.739 tol=0.0825
2026-07-23 01:09:33,403 alphafold2_ptm_model_2_seed_042 took 45.8s (3 recycles)
2026-07-23 01:09:45,001 alphafold2_ptm_model_3_seed_042 recycle=0 pLDDT=85.6 pTM=0.642
2026-07-23 01:09:56,487 alphafold2_ptm_model_3_seed_042 recycle=1 pLDDT=87.6 pTM=0.682 tol=0.209
2026-07-23 01:10:08,277 alphafold2_ptm_model_3_seed_042 recycle=2 pLDDT=88.6 pTM=0.694 tol=0.0709
2026-07-23 01:10:19,999 alphafold2_ptm_model_3_seed_042 recycle=3 pLDDT=88.9 pTM=0.702 tol=0.0555
2026-07-23 01:10:20,000 alphafold2_ptm_model_3_seed_042 took 46.5s (3 recycles)
2026-07-23 01:10:31,700 alphafold2_ptm_model_4_seed_042 recycle=0 pLDDT=87 pTM=0.68
2026-07-23 01:10:43,097 alphafold2_ptm_model_4_seed_042 recycle=1 pLDDT=88.8 pTM=0.712 tol=0.153
2026-07-23 01:10:54,451 alphafold2_ptm_model_4_seed_042 recycle=2 pLDDT=88.7 pTM=0.708 tol=0.0917
2026-07-23 01:11:05,839 alphafold2_ptm_model_4_seed_042 recycle=3 pLDDT=88.8 pTM=0.71 tol=0.0429
2026-07-23 01:11:05,840 alphafold2_ptm_model_4_seed_042 took 45.8s (3 recycles)
2026-07-23 01:11:17,123 alphafold2_ptm_model_5_seed_042 recycle=0 pLDDT=87.2 pTM=0.681
2026-07-23 01:11:28,402 alphafold2_ptm_model_5_seed_042 recycle=1 pLDDT=87.3 pTM=0.683 tol=0.393
2026-07-23 01:11:39,763 alphafold2_ptm_model_5_seed_042 recycle=2 pLDDT=87.6 pTM=0.684 tol=0.0603
2026-07-23 01:11:51,290 alphafold2_ptm_model_5_seed_042 recycle=3 pLDDT=87.8 pTM=0.683 tol=0.0659
2026-07-23 01:11:51,290 alphafold2_ptm_model_5_seed_042 took 45.4s (3 recycles)
2026-07-23 01:11:52,323 Padding length to 82
2026-07-23 01:12:04,040 alphafold2_ptm_model_1_seed_043 recycle=0 pLDDT=86.6 pTM=0.642
2026-07-23 01:12:15,358 alphafold2_ptm_model_1_seed_043 recycle=1 pLDDT=88.1 pTM=0.678 tol=0.446
2026-07-23 01:12:26,740 alphafold2_ptm_model_1_seed_043 recycle=2 pLDDT=88.2 pTM=0.676 tol=0.132
2026-07-23 01:12:38,006 alphafold2_ptm_model_1_seed_043 recycle=3 pLDDT=88 pTM=0.67 tol=0.0869
2026-07-23 01:12:38,007 alphafold2_ptm_model_1_seed_043 took 45.7s (3 recycles)
2026-07-23 01:12:49,519 alphafold2_ptm_model_2_seed_043 recycle=0 pLDDT=90.6 pTM=0.747
2026-07-23 01:13:00,575 alphafold2_ptm_model_2_seed_043 recycle=1 pLDDT=89.5 pTM=0.737 tol=0.292
2026-07-23 01:13:11,735 alphafold2_ptm_model_2_seed_043 recycle=2 pLDDT=89.6 pTM=0.735 tol=0.114
2026-07-23 01:13:23,047 alphafold2_ptm_model_2_seed_043 recycle=3 pLDDT=89.5 pTM=0.734 tol=0.0673
2026-07-23 01:13:23,048 alphafold2_ptm_model_2_seed_043 took 45.0s (3 recycles)
2026-07-23 01:13:34,212 alphafold2_ptm_model_3_seed_043 recycle=0 pLDDT=85.4 pTM=0.636
2026-07-23 01:13:45,532 alphafold2_ptm_model_3_seed_043 recycle=1 pLDDT=87.6 pTM=0.679 tol=0.248
2026-07-23 01:13:57,081 alphafold2_ptm_model_3_seed_043 recycle=2 pLDDT=88.6 pTM=0.697 tol=0.0662
2026-07-23 01:14:08,419 alphafold2_ptm_model_3_seed_043 recycle=3 pLDDT=88.9 pTM=0.701 tol=0.0549
2026-07-23 01:14:08,420 alphafold2_ptm_model_3_seed_043 took 45.3s (3 recycles)
2026-07-23 01:14:20,016 alphafold2_ptm_model_4_seed_043 recycle=0 pLDDT=87.1 pTM=0.68
2026-07-23 01:14:31,609 alphafold2_ptm_model_4_seed_043 recycle=1 pLDDT=88.7 pTM=0.71 tol=0.159
2026-07-23 01:14:42,904 alphafold2_ptm_model_4_seed_043 recycle=2 pLDDT=88.7 pTM=0.708 tol=0.111
2026-07-23 01:14:54,132 alphafold2_ptm_model_4_seed_043 recycle=3 pLDDT=88.9 pTM=0.709 tol=0.0391
2026-07-23 01:14:54,133 alphafold2_ptm_model_4_seed_043 took 45.7s (3 recycles)
2026-07-23 01:15:05,434 alphafold2_ptm_model_5_seed_043 recycle=0 pLDDT=87.2 pTM=0.679
2026-07-23 01:15:16,760 alphafold2_ptm_model_5_seed_043 recycle=1 pLDDT=87.5 pTM=0.683 tol=0.652
2026-07-23 01:15:27,925 alphafold2_ptm_model_5_seed_043 recycle=2 pLDDT=87.6 pTM=0.68 tol=0.12
2026-07-23 01:15:39,215 alphafold2_ptm_model_5_seed_043 recycle=3 pLDDT=87.7 pTM=0.676 tol=0.131
2026-07-23 01:15:39,216 alphafold2_ptm_model_5_seed_043 took 45.0s (3 recycles)
2026-07-23 01:15:40,238 Padding length to 82
2026-07-23 01:15:51,694 alphafold2_ptm_model_1_seed_044 recycle=0 pLDDT=86.6 pTM=0.643
2026-07-23 01:16:03,546 alphafold2_ptm_model_1_seed_044 recycle=1 pLDDT=88 pTM=0.676 tol=0.482
2026-07-23 01:16:14,771 alphafold2_ptm_model_1_seed_044 recycle=2 pLDDT=88.1 pTM=0.674 tol=0.127
2026-07-23 01:16:26,121 alphafold2_ptm_model_1_seed_044 recycle=3 pLDDT=88.1 pTM=0.673 tol=0.0686
2026-07-23 01:16:26,121 alphafold2_ptm_model_1_seed_044 took 45.9s (3 recycles)
2026-07-23 01:16:37,455 alphafold2_ptm_model_2_seed_044 recycle=0 pLDDT=89.9 pTM=0.74
2026-07-23 01:16:48,619 alphafold2_ptm_model_2_seed_044 recycle=1 pLDDT=89.4 pTM=0.737 tol=0.25
2026-07-23 01:17:00,079 alphafold2_ptm_model_2_seed_044 recycle=2 pLDDT=89.5 pTM=0.734 tol=0.0887
2026-07-23 01:17:11,370 alphafold2_ptm_model_2_seed_044 recycle=3 pLDDT=89.7 pTM=0.738 tol=0.0639
2026-07-23 01:17:11,370 alphafold2_ptm_model_2_seed_044 took 45.2s (3 recycles)
2026-07-23 01:17:22,639 alphafold2_ptm_model_3_seed_044 recycle=0 pLDDT=85.6 pTM=0.638
2026-07-23 01:17:33,930 alphafold2_ptm_model_3_seed_044 recycle=1 pLDDT=87.1 pTM=0.674 tol=0.356
2026-07-23 01:17:45,005 alphafold2_ptm_model_3_seed_044 recycle=2 pLDDT=88 pTM=0.682 tol=0.0743
2026-07-23 01:17:56,131 alphafold2_ptm_model_3_seed_044 recycle=3 pLDDT=88.2 pTM=0.691 tol=0.0855
2026-07-23 01:17:56,131 alphafold2_ptm_model_3_seed_044 took 44.7s (3 recycles)
2026-07-23 01:18:07,669 alphafold2_ptm_model_4_seed_044 recycle=0 pLDDT=87 pTM=0.678
2026-07-23 01:18:18,806 alphafold2_ptm_model_4_seed_044 recycle=1 pLDDT=88.6 pTM=0.711 tol=0.171
2026-07-23 01:18:30,080 alphafold2_ptm_model_4_seed_044 recycle=2 pLDDT=88.6 pTM=0.708 tol=0.0989
2026-07-23 01:18:41,928 alphafold2_ptm_model_4_seed_044 recycle=3 pLDDT=88.9 pTM=0.711 tol=0.0376
2026-07-23 01:18:41,928 alphafold2_ptm_model_4_seed_044 took 45.7s (3 recycles)
2026-07-23 01:18:54,066 alphafold2_ptm_model_5_seed_044 recycle=0 pLDDT=86.9 pTM=0.675
2026-07-23 01:19:05,187 alphafold2_ptm_model_5_seed_044 recycle=1 pLDDT=87.3 pTM=0.682 tol=0.412
2026-07-23 01:19:16,240 alphafold2_ptm_model_5_seed_044 recycle=2 pLDDT=87.6 pTM=0.683 tol=0.0692
2026-07-23 01:19:27,869 alphafold2_ptm_model_5_seed_044 recycle=3 pLDDT=87.6 pTM=0.681 tol=0.0632
2026-07-23 01:19:27,870 alphafold2_ptm_model_5_seed_044 took 45.9s (3 recycles)
2026-07-23 01:19:27,925 reranking models by 'plddt' metric
2026-07-23 01:19:27,925 rank_001_alphafold2_ptm_model_2_seed_042 pLDDT=89.8 pTM=0.739
2026-07-23 01:19:27,927 rank_002_alphafold2_ptm_model_2_seed_044 pLDDT=89.7 pTM=0.738
2026-07-23 01:19:27,928 rank_003_alphafold2_ptm_model_2_seed_043 pLDDT=89.5 pTM=0.734
2026-07-23 01:19:27,930 rank_004_alphafold2_ptm_model_3_seed_043 pLDDT=88.9 pTM=0.701
2026-07-23 01:19:27,931 rank_005_alphafold2_ptm_model_3_seed_042 pLDDT=88.9 pTM=0.702
2026-07-23 01:19:27,933 rank_006_alphafold2_ptm_model_4_seed_044 pLDDT=88.9 pTM=0.711
2026-07-23 01:19:27,934 rank_007_alphafold2_ptm_model_4_seed_043 pLDDT=88.9 pTM=0.709
2026-07-23 01:19:27,936 rank_008_alphafold2_ptm_model_4_seed_042 pLDDT=88.8 pTM=0.71
2026-07-23 01:19:27,937 rank_009_alphafold2_ptm_model_3_seed_044 pLDDT=88.2 pTM=0.691
2026-07-23 01:19:27,938 rank_010_alphafold2_ptm_model_1_seed_042 pLDDT=88.2 pTM=0.675
2026-07-23 01:19:27,940 rank_011_alphafold2_ptm_model_1_seed_044 pLDDT=88.1 pTM=0.673
2026-07-23 01:19:27,941 rank_012_alphafold2_ptm_model_1_seed_043 pLDDT=88 pTM=0.67
2026-07-23 01:19:27,943 rank_013_alphafold2_ptm_model_5_seed_042 pLDDT=87.8 pTM=0.683
2026-07-23 01:19:27,944 rank_014_alphafold2_ptm_model_5_seed_043 pLDDT=87.7 pTM=0.676
2026-07-23 01:19:27,946 rank_015_alphafold2_ptm_model_5_seed_044 pLDDT=87.6 pTM=0.681
2026-07-23 01:19:30,435 Query 34/786: 5KPH_2_4_5_0_combined_id2 (length 72)
2026-07-23 01:19:32,548 Padding length to 82
2026-07-23 01:19:44,047 alphafold2_ptm_model_1_seed_042 recycle=0 pLDDT=54.9 pTM=0.426
2026-07-23 01:19:55,377 alphafold2_ptm_model_1_seed_042 recycle=1 pLDDT=91.9 pTM=0.74 tol=2.3
2026-07-23 01:20:06,687 alphafold2_ptm_model_1_seed_042 recycle=2 pLDDT=91.1 pTM=0.742 tol=0.137
2026-07-23 01:20:17,859 alphafold2_ptm_model_1_seed_042 recycle=3 pLDDT=91.2 pTM=0.748 tol=0.0583
2026-07-23 01:20:17,860 alphafold2_ptm_model_1_seed_042 took 45.3s (3 recycles)
2026-07-23 01:20:30,044 alphafold2_ptm_model_2_seed_042 recycle=0 pLDDT=92.2 pTM=0.735
2026-07-23 01:20:41,201 alphafold2_ptm_model_2_seed_042 recycle=1 pLDDT=90.8 pTM=0.73 tol=0.234
2026-07-23 01:20:52,323 alphafold2_ptm_model_2_seed_042 recycle=2 pLDDT=91.6 pTM=0.745 tol=0.0974
2026-07-23 01:21:03,504 alphafold2_ptm_model_2_seed_042 recycle=3 pLDDT=91.9 pTM=0.753 tol=0.051
2026-07-23 01:21:03,504 alphafold2_ptm_model_2_seed_042 took 45.6s (3 recycles)
2026-07-23 01:21:14,901 alphafold2_ptm_model_3_seed_042 recycle=0 pLDDT=88.7 pTM=0.705
2026-07-23 01:21:26,263 alphafold2_ptm_model_3_seed_042 recycle=1 pLDDT=90.2 pTM=0.716 tol=0.599
2026-07-23 01:21:37,522 alphafold2_ptm_model_3_seed_042 recycle=2 pLDDT=91.2 pTM=0.739 tol=0.167
2026-07-23 01:21:48,741 alphafold2_ptm_model_3_seed_042 recycle=3 pLDDT=92.4 pTM=0.755 tol=0.0691
2026-07-23 01:21:48,741 alphafold2_ptm_model_3_seed_042 took 45.2s (3 recycles)
2026-07-23 01:22:00,762 alphafold2_ptm_model_4_seed_042 recycle=0 pLDDT=89.8 pTM=0.727
2026-07-23 01:22:11,957 alphafold2_ptm_model_4_seed_042 recycle=1 pLDDT=87.3 pTM=0.707 tol=1.01
2026-07-23 01:22:23,301 alphafold2_ptm_model_4_seed_042 recycle=2 pLDDT=91 pTM=0.751 tol=0.224
2026-07-23 01:22:35,487 alphafold2_ptm_model_4_seed_042 recycle=3 pLDDT=90.2 pTM=0.736 tol=0.0811
2026-07-23 01:22:35,488 alphafold2_ptm_model_4_seed_042 took 46.7s (3 recycles)
2026-07-23 01:22:47,053 alphafold2_ptm_model_5_seed_042 recycle=0 pLDDT=48.9 pTM=0.308
2026-07-23 01:22:58,388 alphafold2_ptm_model_5_seed_042 recycle=1 pLDDT=49.7 pTM=0.348 tol=2.17
2026-07-23 01:23:09,475 alphafold2_ptm_model_5_seed_042 recycle=2 pLDDT=49.8 pTM=0.365 tol=2.7
2026-07-23 01:23:20,640 alphafold2_ptm_model_5_seed_042 recycle=3 pLDDT=90.8 pTM=0.729 tol=4.45
2026-07-23 01:23:20,640 alphafold2_ptm_model_5_seed_042 took 45.1s (3 recycles)
2026-07-23 01:23:21,696 Padding length to 82
2026-07-23 01:23:33,170 alphafold2_ptm_model_1_seed_043 recycle=0 pLDDT=62.6 pTM=0.473
2026-07-23 01:23:44,311 alphafold2_ptm_model_1_seed_043 recycle=1 pLDDT=90.4 pTM=0.712 tol=2.26
2026-07-23 01:23:55,505 alphafold2_ptm_model_1_seed_043 recycle=2 pLDDT=90.2 pTM=0.72 tol=0.189
2026-07-23 01:24:06,733 alphafold2_ptm_model_1_seed_043 recycle=3 pLDDT=90.8 pTM=0.734 tol=0.0497
2026-07-23 01:24:06,733 alphafold2_ptm_model_1_seed_043 took 45.0s (3 recycles)
2026-07-23 01:24:18,015 alphafold2_ptm_model_2_seed_043 recycle=0 pLDDT=91.9 pTM=0.732
2026-07-23 01:24:29,457 alphafold2_ptm_model_2_seed_043 recycle=1 pLDDT=90.7 pTM=0.727 tol=0.203
2026-07-23 01:24:40,863 alphafold2_ptm_model_2_seed_043 recycle=2 pLDDT=91.5 pTM=0.741 tol=0.0963
2026-07-23 01:24:52,284 alphafold2_ptm_model_2_seed_043 recycle=3 pLDDT=91.9 pTM=0.752 tol=0.0877
2026-07-23 01:24:52,285 alphafold2_ptm_model_2_seed_043 took 45.5s (3 recycles)
2026-07-23 01:25:03,839 alphafold2_ptm_model_3_seed_043 recycle=0 pLDDT=89.9 pTM=0.722
2026-07-23 01:25:15,432 alphafold2_ptm_model_3_seed_043 recycle=1 pLDDT=90.9 pTM=0.732 tol=0.328
2026-07-23 01:25:27,234 alphafold2_ptm_model_3_seed_043 recycle=2 pLDDT=92.3 pTM=0.755 tol=0.101
2026-07-23 01:25:38,729 alphafold2_ptm_model_3_seed_043 recycle=3 pLDDT=92.6 pTM=0.76 tol=0.0506
2026-07-23 01:25:38,729 alphafold2_ptm_model_3_seed_043 took 46.4s (3 recycles)
2026-07-23 01:25:50,201 alphafold2_ptm_model_4_seed_043 recycle=0 pLDDT=74.8 pTM=0.569
2026-07-23 01:26:01,658 alphafold2_ptm_model_4_seed_043 recycle=1 pLDDT=91.9 pTM=0.745 tol=2.33
2026-07-23 01:26:13,082 alphafold2_ptm_model_4_seed_043 recycle=2 pLDDT=92.2 pTM=0.759 tol=0.154
2026-07-23 01:26:24,632 alphafold2_ptm_model_4_seed_043 recycle=3 pLDDT=93.1 pTM=0.775 tol=0.0587
2026-07-23 01:26:24,632 alphafold2_ptm_model_4_seed_043 took 45.9s (3 recycles)
2026-07-23 01:26:36,281 alphafold2_ptm_model_5_seed_043 recycle=0 pLDDT=49 pTM=0.297
2026-07-23 01:26:47,671 alphafold2_ptm_model_5_seed_043 recycle=1 pLDDT=48.2 pTM=0.341 tol=2.33
2026-07-23 01:26:58,986 alphafold2_ptm_model_5_seed_043 recycle=2 pLDDT=74 pTM=0.542 tol=3.93
2026-07-23 01:27:10,512 alphafold2_ptm_model_5_seed_043 recycle=3 pLDDT=91.4 pTM=0.739 tol=2.51
2026-07-23 01:27:10,512 alphafold2_ptm_model_5_seed_043 took 45.8s (3 recycles)
2026-07-23 01:27:11,963 Padding length to 82
2026-07-23 01:27:23,617 alphafold2_ptm_model_1_seed_044 recycle=0 pLDDT=52.1 pTM=0.384
2026-07-23 01:27:35,052 alphafold2_ptm_model_1_seed_044 recycle=1 pLDDT=79.8 pTM=0.608 tol=4.53
2026-07-23 01:27:46,468 alphafold2_ptm_model_1_seed_044 recycle=2 pLDDT=79.4 pTM=0.605 tol=1.71
2026-07-23 01:27:57,768 alphafold2_ptm_model_1_seed_044 recycle=3 pLDDT=90.9 pTM=0.722 tol=1.11
2026-07-23 01:27:57,769 alphafold2_ptm_model_1_seed_044 took 45.8s (3 recycles)
2026-07-23 01:28:09,149 alphafold2_ptm_model_2_seed_044 recycle=0 pLDDT=92.4 pTM=0.738
2026-07-23 01:28:20,527 alphafold2_ptm_model_2_seed_044 recycle=1 pLDDT=91.4 pTM=0.742 tol=0.224
2026-07-23 01:28:31,951 alphafold2_ptm_model_2_seed_044 recycle=2 pLDDT=91.2 pTM=0.738 tol=0.0622
2026-07-23 01:28:43,379 alphafold2_ptm_model_2_seed_044 recycle=3 pLDDT=91.5 pTM=0.745 tol=0.0717
2026-07-23 01:28:43,379 alphafold2_ptm_model_2_seed_044 took 45.6s (3 recycles)
2026-07-23 01:28:54,864 alphafold2_ptm_model_3_seed_044 recycle=0 pLDDT=88.1 pTM=0.7
2026-07-23 01:29:06,509 alphafold2_ptm_model_3_seed_044 recycle=1 pLDDT=90.5 pTM=0.718 tol=0.615
2026-07-23 01:29:19,890 alphafold2_ptm_model_3_seed_044 recycle=2 pLDDT=91.3 pTM=0.732 tol=0.121
2026-07-23 01:29:31,861 alphafold2_ptm_model_3_seed_044 recycle=3 pLDDT=92.4 pTM=0.756 tol=0.0731
2026-07-23 01:29:31,862 alphafold2_ptm_model_3_seed_044 took 48.4s (3 recycles)
2026-07-23 01:29:43,680 alphafold2_ptm_model_4_seed_044 recycle=0 pLDDT=67.4 pTM=0.507
2026-07-23 01:29:55,594 alphafold2_ptm_model_4_seed_044 recycle=1 pLDDT=90.7 pTM=0.728 tol=2.34
2026-07-23 01:30:07,399 alphafold2_ptm_model_4_seed_044 recycle=2 pLDDT=90 pTM=0.724 tol=0.186
2026-07-23 01:30:18,924 alphafold2_ptm_model_4_seed_044 recycle=3 pLDDT=91.4 pTM=0.742 tol=0.119
2026-07-23 01:30:18,925 alphafold2_ptm_model_4_seed_044 took 47.0s (3 recycles)
2026-07-23 01:30:30,226 alphafold2_ptm_model_5_seed_044 recycle=0 pLDDT=48.6 pTM=0.3
2026-07-23 01:30:44,547 alphafold2_ptm_model_5_seed_044 recycle=1 pLDDT=49.9 pTM=0.355 tol=2.71
2026-07-23 01:30:57,858 alphafold2_ptm_model_5_seed_044 recycle=2 pLDDT=52 pTM=0.377 tol=3.77
2026-07-23 01:31:16,955 alphafold2_ptm_model_5_seed_044 recycle=3 pLDDT=50.4 pTM=0.379 tol=2.03
2026-07-23 01:31:16,956 alphafold2_ptm_model_5_seed_044 took 58.0s (3 recycles)
2026-07-23 01:31:17,010 reranking models by 'plddt' metric
2026-07-23 01:31:17,011 rank_001_alphafold2_ptm_model_4_seed_043 pLDDT=93.1 pTM=0.775
2026-07-23 01:31:17,013 rank_002_alphafold2_ptm_model_3_seed_043 pLDDT=92.6 pTM=0.76
2026-07-23 01:31:17,015 rank_003_alphafold2_ptm_model_3_seed_044 pLDDT=92.4 pTM=0.756
2026-07-23 01:31:17,017 rank_004_alphafold2_ptm_model_3_seed_042 pLDDT=92.4 pTM=0.755
2026-07-23 01:31:17,019 rank_005_alphafold2_ptm_model_2_seed_043 pLDDT=91.9 pTM=0.752
2026-07-23 01:31:17,021 rank_006_alphafold2_ptm_model_2_seed_042 pLDDT=91.9 pTM=0.753
2026-07-23 01:31:17,023 rank_007_alphafold2_ptm_model_2_seed_044 pLDDT=91.5 pTM=0.745
2026-07-23 01:31:17,025 rank_008_alphafold2_ptm_model_5_seed_043 pLDDT=91.4 pTM=0.739
2026-07-23 01:31:17,027 rank_009_alphafold2_ptm_model_4_seed_044 pLDDT=91.4 pTM=0.742
2026-07-23 01:31:17,028 rank_010_alphafold2_ptm_model_1_seed_042 pLDDT=91.2 pTM=0.748
2026-07-23 01:31:17,030 rank_011_alphafold2_ptm_model_1_seed_044 pLDDT=90.9 pTM=0.722
2026-07-23 01:31:17,032 rank_012_alphafold2_ptm_model_1_seed_043 pLDDT=90.8 pTM=0.734
2026-07-23 01:31:17,034 rank_013_alphafold2_ptm_model_5_seed_042 pLDDT=90.8 pTM=0.729
2026-07-23 01:31:17,036 rank_014_alphafold2_ptm_model_4_seed_042 pLDDT=90.2 pTM=0.736
2026-07-23 01:31:17,038 rank_015_alphafold2_ptm_model_5_seed_044 pLDDT=50.4 pTM=0.379
2026-07-23 01:31:20,212 Query 35/786: 5KPH_2_4_5_0_combined_id3 (length 72)
2026-07-23 01:31:22,349 Padding length to 82
2026-07-23 01:31:42,322 alphafold2_ptm_model_1_seed_042 recycle=0 pLDDT=51 pTM=0.284
2026-07-23 01:31:57,658 alphafold2_ptm_model_1_seed_042 recycle=1 pLDDT=76.9 pTM=0.516 tol=7.01
2026-07-23 01:32:12,381 alphafold2_ptm_model_1_seed_042 recycle=2 pLDDT=84.7 pTM=0.644 tol=0.837
2026-07-23 01:32:27,223 alphafold2_ptm_model_1_seed_042 recycle=3 pLDDT=87.6 pTM=0.677 tol=0.359
2026-07-23 01:32:27,223 alphafold2_ptm_model_1_seed_042 took 64.9s (3 recycles)
2026-07-23 01:32:43,010 alphafold2_ptm_model_2_seed_042 recycle=0 pLDDT=49.9 pTM=0.307
2026-07-23 01:32:58,417 alphafold2_ptm_model_2_seed_042 recycle=1 pLDDT=80.2 pTM=0.568 tol=9.3
2026-07-23 01:33:13,961 alphafold2_ptm_model_2_seed_042 recycle=2 pLDDT=88 pTM=0.71 tol=1.53
2026-07-23 01:33:28,854 alphafold2_ptm_model_2_seed_042 recycle=3 pLDDT=90.6 pTM=0.738 tol=0.454
2026-07-23 01:33:28,855 alphafold2_ptm_model_2_seed_042 took 61.5s (3 recycles)
2026-07-23 01:33:45,382 alphafold2_ptm_model_3_seed_042 recycle=0 pLDDT=59.6 pTM=0.361
2026-07-23 01:33:57,380 alphafold2_ptm_model_3_seed_042 recycle=1 pLDDT=65.5 pTM=0.437 tol=1.17
2026-07-23 01:34:08,741 alphafold2_ptm_model_3_seed_042 recycle=2 pLDDT=68.1 pTM=0.44 tol=0.606
2026-07-23 01:34:21,091 alphafold2_ptm_model_3_seed_042 recycle=3 pLDDT=70.6 pTM=0.458 tol=0.368
2026-07-23 01:34:21,092 alphafold2_ptm_model_3_seed_042 took 52.2s (3 recycles)
2026-07-23 01:34:35,513 alphafold2_ptm_model_4_seed_042 recycle=0 pLDDT=53.7 pTM=0.319
2026-07-23 01:34:50,468 alphafold2_ptm_model_4_seed_042 recycle=1 pLDDT=58.9 pTM=0.384 tol=0.735
2026-07-23 01:35:06,676 alphafold2_ptm_model_4_seed_042 recycle=2 pLDDT=60.6 pTM=0.395 tol=0.766
2026-07-23 01:35:22,118 alphafold2_ptm_model_4_seed_042 recycle=3 pLDDT=60.7 pTM=0.39 tol=0.189
2026-07-23 01:35:22,119 alphafold2_ptm_model_4_seed_042 took 61.0s (3 recycles)
2026-07-23 01:35:38,592 alphafold2_ptm_model_5_seed_042 recycle=0 pLDDT=60.1 pTM=0.359
2026-07-23 01:35:58,209 alphafold2_ptm_model_5_seed_042 recycle=1 pLDDT=60.8 pTM=0.373 tol=0.976
2026-07-23 01:36:13,367 alphafold2_ptm_model_5_seed_042 recycle=2 pLDDT=61 pTM=0.374 tol=0.318
2026-07-23 01:36:27,892 alphafold2_ptm_model_5_seed_042 recycle=3 pLDDT=61.5 pTM=0.379 tol=0.158
2026-07-23 01:36:27,893 alphafold2_ptm_model_5_seed_042 took 65.7s (3 recycles)
2026-07-23 01:36:29,026 Padding length to 82
2026-07-23 01:36:43,812 alphafold2_ptm_model_1_seed_043 recycle=0 pLDDT=51.8 pTM=0.285
2026-07-23 01:36:57,895 alphafold2_ptm_model_1_seed_043 recycle=1 pLDDT=81.6 pTM=0.57 tol=4.52
2026-07-23 01:37:12,597 alphafold2_ptm_model_1_seed_043 recycle=2 pLDDT=85.9 pTM=0.658 tol=0.817
2026-07-23 01:37:24,147 alphafold2_ptm_model_1_seed_043 recycle=3 pLDDT=87.9 pTM=0.677 tol=0.272
2026-07-23 01:37:24,148 alphafold2_ptm_model_1_seed_043 took 55.1s (3 recycles)
2026-07-23 01:37:37,080 alphafold2_ptm_model_2_seed_043 recycle=0 pLDDT=49.8 pTM=0.31
2026-07-23 01:37:52,179 alphafold2_ptm_model_2_seed_043 recycle=1 pLDDT=57.2 pTM=0.375 tol=8.17
2026-07-23 01:38:09,162 alphafold2_ptm_model_2_seed_043 recycle=2 pLDDT=80.8 pTM=0.623 tol=1.41
2026-07-23 01:38:23,811 alphafold2_ptm_model_2_seed_043 recycle=3 pLDDT=88.8 pTM=0.719 tol=0.67
2026-07-23 01:38:23,812 alphafold2_ptm_model_2_seed_043 took 59.6s (3 recycles)
2026-07-23 01:38:39,768 alphafold2_ptm_model_3_seed_043 recycle=0 pLDDT=60.5 pTM=0.367
2026-07-23 01:38:54,498 alphafold2_ptm_model_3_seed_043 recycle=1 pLDDT=65.6 pTM=0.44 tol=1.07
2026-07-23 01:39:09,439 alphafold2_ptm_model_3_seed_043 recycle=2 pLDDT=68.3 pTM=0.444 tol=0.6
2026-07-23 01:39:24,599 alphafold2_ptm_model_3_seed_043 recycle=3 pLDDT=71.1 pTM=0.459 tol=0.364
2026-07-23 01:39:24,599 alphafold2_ptm_model_3_seed_043 took 60.7s (3 recycles)
2026-07-23 01:39:40,441 alphafold2_ptm_model_4_seed_043 recycle=0 pLDDT=58.7 pTM=0.365
2026-07-23 01:39:55,074 alphafold2_ptm_model_4_seed_043 recycle=1 pLDDT=61.1 pTM=0.398 tol=0.877
2026-07-23 01:40:10,071 alphafold2_ptm_model_4_seed_043 recycle=2 pLDDT=61.3 pTM=0.396 tol=0.5
2026-07-23 01:40:24,049 alphafold2_ptm_model_4_seed_043 recycle=3 pLDDT=62.2 pTM=0.403 tol=0.198
2026-07-23 01:40:24,049 alphafold2_ptm_model_4_seed_043 took 59.4s (3 recycles)
2026-07-23 01:40:35,819 alphafold2_ptm_model_5_seed_043 recycle=0 pLDDT=60.8 pTM=0.369
2026-07-23 01:40:47,112 alphafold2_ptm_model_5_seed_043 recycle=1 pLDDT=60.8 pTM=0.376 tol=0.852
2026-07-23 01:40:58,876 alphafold2_ptm_model_5_seed_043 recycle=2 pLDDT=61.4 pTM=0.376 tol=0.389
2026-07-23 01:41:12,694 alphafold2_ptm_model_5_seed_043 recycle=3 pLDDT=61.5 pTM=0.379 tol=0.146
2026-07-23 01:41:12,695 alphafold2_ptm_model_5_seed_043 took 48.6s (3 recycles)
2026-07-23 01:41:13,985 Padding length to 82
2026-07-23 01:41:30,079 alphafold2_ptm_model_1_seed_044 recycle=0 pLDDT=55.3 pTM=0.297
2026-07-23 01:41:45,201 alphafold2_ptm_model_1_seed_044 recycle=1 pLDDT=51 pTM=0.306 tol=1.82
2026-07-23 01:42:01,103 alphafold2_ptm_model_1_seed_044 recycle=2 pLDDT=77.5 pTM=0.528 tol=7.81
2026-07-23 01:42:16,792 alphafold2_ptm_model_1_seed_044 recycle=3 pLDDT=84.5 pTM=0.644 tol=0.928
2026-07-23 01:42:16,793 alphafold2_ptm_model_1_seed_044 took 62.8s (3 recycles)
2026-07-23 01:42:32,438 alphafold2_ptm_model_2_seed_044 recycle=0 pLDDT=49.7 pTM=0.307
2026-07-23 01:42:47,920 alphafold2_ptm_model_2_seed_044 recycle=1 pLDDT=80.1 pTM=0.579 tol=9.75
2026-07-23 01:43:02,380 alphafold2_ptm_model_2_seed_044 recycle=2 pLDDT=88.4 pTM=0.714 tol=1.37
2026-07-23 01:43:18,863 alphafold2_ptm_model_2_seed_044 recycle=3 pLDDT=90.6 pTM=0.742 tol=0.421
2026-07-23 01:43:18,863 alphafold2_ptm_model_2_seed_044 took 61.9s (3 recycles)
2026-07-23 01:43:34,773 alphafold2_ptm_model_3_seed_044 recycle=0 pLDDT=60.2 pTM=0.367
2026-07-23 01:43:49,508 alphafold2_ptm_model_3_seed_044 recycle=1 pLDDT=66.2 pTM=0.442 tol=0.992
2026-07-23 01:44:00,880 alphafold2_ptm_model_3_seed_044 recycle=2 pLDDT=70.1 pTM=0.459 tol=0.682
2026-07-23 01:44:13,336 alphafold2_ptm_model_3_seed_044 recycle=3 pLDDT=73.2 pTM=0.483 tol=0.27
2026-07-23 01:44:13,336 alphafold2_ptm_model_3_seed_044 took 54.4s (3 recycles)
2026-07-23 01:44:29,130 alphafold2_ptm_model_4_seed_044 recycle=0 pLDDT=58.7 pTM=0.362
2026-07-23 01:44:44,255 alphafold2_ptm_model_4_seed_044 recycle=1 pLDDT=61.8 pTM=0.411 tol=0.95
2026-07-23 01:45:01,201 alphafold2_ptm_model_4_seed_044 recycle=2 pLDDT=61.4 pTM=0.398 tol=0.536
2026-07-23 01:45:16,937 alphafold2_ptm_model_4_seed_044 recycle=3 pLDDT=61.4 pTM=0.395 tol=0.198
2026-07-23 01:45:16,938 alphafold2_ptm_model_4_seed_044 took 63.5s (3 recycles)
2026-07-23 01:45:32,253 alphafold2_ptm_model_5_seed_044 recycle=0 pLDDT=61.7 pTM=0.376
2026-07-23 01:45:47,785 alphafold2_ptm_model_5_seed_044 recycle=1 pLDDT=61.3 pTM=0.383 tol=0.95
2026-07-23 01:46:03,978 alphafold2_ptm_model_5_seed_044 recycle=2 pLDDT=61.6 pTM=0.378 tol=0.361
2026-07-23 01:46:18,825 alphafold2_ptm_model_5_seed_044 recycle=3 pLDDT=62.1 pTM=0.387 tol=0.167
2026-07-23 01:46:18,825 alphafold2_ptm_model_5_seed_044 took 61.8s (3 recycles)
2026-07-23 01:46:18,904 reranking models by 'plddt' metric
2026-07-23 01:46:18,904 rank_001_alphafold2_ptm_model_2_seed_044 pLDDT=90.6 pTM=0.742
2026-07-23 01:46:18,906 rank_002_alphafold2_ptm_model_2_seed_042 pLDDT=90.6 pTM=0.738
2026-07-23 01:46:18,909 rank_003_alphafold2_ptm_model_2_seed_043 pLDDT=88.8 pTM=0.719
2026-07-23 01:46:18,910 rank_004_alphafold2_ptm_model_1_seed_043 pLDDT=87.9 pTM=0.677
2026-07-23 01:46:18,912 rank_005_alphafold2_ptm_model_1_seed_042 pLDDT=87.6 pTM=0.677
2026-07-23 01:46:18,914 rank_006_alphafold2_ptm_model_1_seed_044 pLDDT=84.5 pTM=0.644
2026-07-23 01:46:18,916 rank_007_alphafold2_ptm_model_3_seed_044 pLDDT=73.2 pTM=0.483
2026-07-23 01:46:18,917 rank_008_alphafold2_ptm_model_3_seed_043 pLDDT=71.1 pTM=0.459
2026-07-23 01:46:18,919 rank_009_alphafold2_ptm_model_3_seed_042 pLDDT=70.6 pTM=0.458
2026-07-23 01:46:18,921 rank_010_alphafold2_ptm_model_4_seed_043 pLDDT=62.2 pTM=0.403
2026-07-23 01:46:18,922 rank_011_alphafold2_ptm_model_5_seed_044 pLDDT=62.1 pTM=0.387
2026-07-23 01:46:18,924 rank_012_alphafold2_ptm_model_5_seed_043 pLDDT=61.5 pTM=0.379
2026-07-23 01:46:18,926 rank_013_alphafold2_ptm_model_5_seed_042 pLDDT=61.5 pTM=0.379
2026-07-23 01:46:18,927 rank_014_alphafold2_ptm_model_4_seed_044 pLDDT=61.4 pTM=0.395
2026-07-23 01:46:18,929 rank_015_alphafold2_ptm_model_4_seed_042 pLDDT=60.7 pTM=0.39
2026-07-23 01:46:21,769 Skipping 5KPH_2_4_5_0_combined_id8 (already done)
2026-07-23 01:46:21,769 Query 37/786: 5KPH_2_4_5_0_combined_id4 (length 72)
2026-07-23 01:46:24,213 Padding length to 82
2026-07-23 01:46:39,642 alphafold2_ptm_model_1_seed_042 recycle=0 pLDDT=90.4 pTM=0.713
2026-07-23 01:46:54,562 alphafold2_ptm_model_1_seed_042 recycle=1 pLDDT=92.9 pTM=0.764 tol=0.2
2026-07-23 01:47:06,971 alphafold2_ptm_model_1_seed_042 recycle=2 pLDDT=93.1 pTM=0.768 tol=0.0484
2026-07-23 01:47:18,242 alphafold2_ptm_model_1_seed_042 recycle=3 pLDDT=93.2 pTM=0.771 tol=0.0347
2026-07-23 01:47:18,243 alphafold2_ptm_model_1_seed_042 took 54.0s (3 recycles)
2026-07-23 01:47:31,909 alphafold2_ptm_model_2_seed_042 recycle=0 pLDDT=94.2 pTM=0.793
2026-07-23 01:47:46,785 alphafold2_ptm_model_2_seed_042 recycle=1 pLDDT=95.1 pTM=0.817 tol=0.121
2026-07-23 01:48:01,405 alphafold2_ptm_model_2_seed_042 recycle=2 pLDDT=95.2 pTM=0.818 tol=0.0365
2026-07-23 01:48:16,310 alphafold2_ptm_model_2_seed_042 recycle=3 pLDDT=95.2 pTM=0.819 tol=0.0209
2026-07-23 01:48:16,310 alphafold2_ptm_model_2_seed_042 took 58.0s (3 recycles)
2026-07-23 01:48:33,847 alphafold2_ptm_model_3_seed_042 recycle=0 pLDDT=91.5 pTM=0.746
2026-07-23 01:48:49,222 alphafold2_ptm_model_3_seed_042 recycle=1 pLDDT=92.8 pTM=0.776 tol=0.091
2026-07-23 01:49:04,509 alphafold2_ptm_model_3_seed_042 recycle=2 pLDDT=93 pTM=0.777 tol=0.0753
2026-07-23 01:49:20,422 alphafold2_ptm_model_3_seed_042 recycle=3 pLDDT=93.2 pTM=0.782 tol=0.0436
2026-07-23 01:49:20,422 alphafold2_ptm_model_3_seed_042 took 64.1s (3 recycles)
2026-07-23 01:49:36,432 alphafold2_ptm_model_4_seed_042 recycle=0 pLDDT=92.2 pTM=0.776
2026-07-23 01:49:51,929 alphafold2_ptm_model_4_seed_042 recycle=1 pLDDT=93.1 pTM=0.788 tol=0.178
2026-07-23 01:50:07,298 alphafold2_ptm_model_4_seed_042 recycle=2 pLDDT=93.2 pTM=0.792 tol=0.0479
2026-07-23 01:50:21,469 alphafold2_ptm_model_4_seed_042 recycle=3 pLDDT=93.4 pTM=0.794 tol=0.0271
2026-07-23 01:50:21,470 alphafold2_ptm_model_4_seed_042 took 61.0s (3 recycles)
2026-07-23 01:50:32,992 alphafold2_ptm_model_5_seed_042 recycle=0 pLDDT=91.1 pTM=0.742
2026-07-23 01:50:44,370 alphafold2_ptm_model_5_seed_042 recycle=1 pLDDT=92 pTM=0.755 tol=0.174
2026-07-23 01:51:00,850 alphafold2_ptm_model_5_seed_042 recycle=2 pLDDT=92.3 pTM=0.759 tol=0.0632
2026-07-23 01:51:17,780 alphafold2_ptm_model_5_seed_042 recycle=3 pLDDT=92.5 pTM=0.764 tol=0.039
2026-07-23 01:51:17,781 alphafold2_ptm_model_5_seed_042 took 56.3s (3 recycles)
2026-07-23 01:51:19,744 Padding length to 82
2026-07-23 01:51:34,951 alphafold2_ptm_model_1_seed_043 recycle=0 pLDDT=90.4 pTM=0.712
2026-07-23 01:51:48,950 alphafold2_ptm_model_1_seed_043 recycle=1 pLDDT=93.1 pTM=0.767 tol=0.212
2026-07-23 01:52:04,326 alphafold2_ptm_model_1_seed_043 recycle=2 pLDDT=93.3 pTM=0.771 tol=0.0435
2026-07-23 01:52:19,869 alphafold2_ptm_model_1_seed_043 recycle=3 pLDDT=93.2 pTM=0.771 tol=0.0319
2026-07-23 01:52:19,869 alphafold2_ptm_model_1_seed_043 took 60.1s (3 recycles)
2026-07-23 01:52:34,226 alphafold2_ptm_model_2_seed_043 recycle=0 pLDDT=94.1 pTM=0.792
2026-07-23 01:52:50,175 alphafold2_ptm_model_2_seed_043 recycle=1 pLDDT=95.1 pTM=0.817 tol=0.136
2026-07-23 01:53:05,254 alphafold2_ptm_model_2_seed_043 recycle=2 pLDDT=95.2 pTM=0.818 tol=0.0363
2026-07-23 01:53:21,083 alphafold2_ptm_model_2_seed_043 recycle=3 pLDDT=95.1 pTM=0.817 tol=0.02
2026-07-23 01:53:21,083 alphafold2_ptm_model_2_seed_043 took 61.2s (3 recycles)
2026-07-23 01:53:37,353 alphafold2_ptm_model_3_seed_043 recycle=0 pLDDT=91.6 pTM=0.748
2026-07-23 01:53:48,912 alphafold2_ptm_model_3_seed_043 recycle=1 pLDDT=92.9 pTM=0.776 tol=0.105
2026-07-23 01:54:03,394 alphafold2_ptm_model_3_seed_043 recycle=2 pLDDT=93.1 pTM=0.779 tol=0.0512
2026-07-23 01:54:19,585 alphafold2_ptm_model_3_seed_043 recycle=3 pLDDT=93.1 pTM=0.778 tol=0.0677
2026-07-23 01:54:19,586 alphafold2_ptm_model_3_seed_043 took 58.5s (3 recycles)
2026-07-23 01:54:35,525 alphafold2_ptm_model_4_seed_043 recycle=0 pLDDT=92.2 pTM=0.773
2026-07-23 01:54:50,736 alphafold2_ptm_model_4_seed_043 recycle=1 pLDDT=93.2 pTM=0.787 tol=0.217
2026-07-23 01:55:06,587 alphafold2_ptm_model_4_seed_043 recycle=2 pLDDT=93 pTM=0.792 tol=0.048
2026-07-23 01:55:23,972 alphafold2_ptm_model_4_seed_043 recycle=3 pLDDT=93.3 pTM=0.793 tol=0.0398
2026-07-23 01:55:23,973 alphafold2_ptm_model_4_seed_043 took 64.3s (3 recycles)
2026-07-23 01:55:40,387 alphafold2_ptm_model_5_seed_043 recycle=0 pLDDT=91.2 pTM=0.744
2026-07-23 01:55:56,922 alphafold2_ptm_model_5_seed_043 recycle=1 pLDDT=92.2 pTM=0.757 tol=0.164
2026-07-23 01:56:11,779 alphafold2_ptm_model_5_seed_043 recycle=2 pLDDT=92.3 pTM=0.758 tol=0.0613
2026-07-23 01:56:29,413 alphafold2_ptm_model_5_seed_043 recycle=3 pLDDT=92.4 pTM=0.763 tol=0.0317
2026-07-23 01:56:29,414 alphafold2_ptm_model_5_seed_043 took 65.4s (3 recycles)
2026-07-23 01:56:30,608 Padding length to 82
2026-07-23 01:56:46,235 alphafold2_ptm_model_1_seed_044 recycle=0 pLDDT=90.7 pTM=0.72
2026-07-23 01:56:58,863 alphafold2_ptm_model_1_seed_044 recycle=1 pLDDT=92.8 pTM=0.764 tol=0.205
2026-07-23 01:57:10,307 alphafold2_ptm_model_1_seed_044 recycle=2 pLDDT=92.9 pTM=0.765 tol=0.0464
2026-07-23 01:57:28,071 alphafold2_ptm_model_1_seed_044 recycle=3 pLDDT=92.9 pTM=0.768 tol=0.0345
2026-07-23 01:57:28,072 alphafold2_ptm_model_1_seed_044 took 57.5s (3 recycles)
2026-07-23 01:57:43,659 alphafold2_ptm_model_2_seed_044 recycle=0 pLDDT=94.1 pTM=0.793
2026-07-23 01:57:59,249 alphafold2_ptm_model_2_seed_044 recycle=1 pLDDT=95.1 pTM=0.818 tol=0.13
2026-07-23 01:58:16,799 alphafold2_ptm_model_2_seed_044 recycle=2 pLDDT=95.2 pTM=0.817 tol=0.0369
2026-07-23 01:58:31,436 alphafold2_ptm_model_2_seed_044 recycle=3 pLDDT=95.1 pTM=0.817 tol=0.0175
2026-07-23 01:58:31,436 alphafold2_ptm_model_2_seed_044 took 63.3s (3 recycles)
2026-07-23 01:58:45,745 alphafold2_ptm_model_3_seed_044 recycle=0 pLDDT=91.8 pTM=0.75
2026-07-23 01:58:59,560 alphafold2_ptm_model_3_seed_044 recycle=1 pLDDT=92.9 pTM=0.777 tol=0.157
2026-07-23 01:59:14,995 alphafold2_ptm_model_3_seed_044 recycle=2 pLDDT=93.1 pTM=0.777 tol=0.0432
2026-07-23 01:59:29,297 alphafold2_ptm_model_3_seed_044 recycle=3 pLDDT=93.2 pTM=0.782 tol=0.0495
2026-07-23 01:59:29,298 alphafold2_ptm_model_3_seed_044 took 57.4s (3 recycles)
2026-07-23 01:59:45,077 alphafold2_ptm_model_4_seed_044 recycle=0 pLDDT=92.3 pTM=0.776
2026-07-23 01:59:59,666 alphafold2_ptm_model_4_seed_044 recycle=1 pLDDT=92.9 pTM=0.787 tol=0.196
2026-07-23 02:00:12,233 alphafold2_ptm_model_4_seed_044 recycle=2 pLDDT=92.9 pTM=0.792 tol=0.0684
2026-07-23 02:00:23,361 alphafold2_ptm_model_4_seed_044 recycle=3 pLDDT=93.4 pTM=0.794 tol=0.0536
2026-07-23 02:00:23,362 alphafold2_ptm_model_4_seed_044 took 54.0s (3 recycles)
2026-07-23 02:00:41,310 alphafold2_ptm_model_5_seed_044 recycle=0 pLDDT=91.2 pTM=0.744
2026-07-23 02:00:56,441 alphafold2_ptm_model_5_seed_044 recycle=1 pLDDT=91.9 pTM=0.754 tol=0.181
2026-07-23 02:01:12,316 alphafold2_ptm_model_5_seed_044 recycle=2 pLDDT=92.4 pTM=0.76 tol=0.0668
2026-07-23 02:01:31,554 alphafold2_ptm_model_5_seed_044 recycle=3 pLDDT=92.5 pTM=0.764 tol=0.0321
2026-07-23 02:01:31,555 alphafold2_ptm_model_5_seed_044 took 68.1s (3 recycles)
2026-07-23 02:01:31,600 reranking models by 'plddt' metric
2026-07-23 02:01:31,600 rank_001_alphafold2_ptm_model_2_seed_042 pLDDT=95.2 pTM=0.819
2026-07-23 02:01:31,603 rank_002_alphafold2_ptm_model_2_seed_044 pLDDT=95.1 pTM=0.817
2026-07-23 02:01:31,604 rank_003_alphafold2_ptm_model_2_seed_043 pLDDT=95.1 pTM=0.817
2026-07-23 02:01:31,606 rank_004_alphafold2_ptm_model_4_seed_042 pLDDT=93.4 pTM=0.794
2026-07-23 02:01:31,607 rank_005_alphafold2_ptm_model_4_seed_044 pLDDT=93.4 pTM=0.794
2026-07-23 02:01:31,609 rank_006_alphafold2_ptm_model_4_seed_043 pLDDT=93.3 pTM=0.793
2026-07-23 02:01:31,610 rank_007_alphafold2_ptm_model_3_seed_044 pLDDT=93.2 pTM=0.782
2026-07-23 02:01:31,612 rank_008_alphafold2_ptm_model_3_seed_042 pLDDT=93.2 pTM=0.782
2026-07-23 02:01:31,614 rank_009_alphafold2_ptm_model_1_seed_042 pLDDT=93.2 pTM=0.771
2026-07-23 02:01:31,616 rank_010_alphafold2_ptm_model_1_seed_043 pLDDT=93.2 pTM=0.771
2026-07-23 02:01:31,618 rank_011_alphafold2_ptm_model_3_seed_043 pLDDT=93.1 pTM=0.778
2026-07-23 02:01:31,619 rank_012_alphafold2_ptm_model_1_seed_044 pLDDT=92.9 pTM=0.768
2026-07-23 02:01:31,621 rank_013_alphafold2_ptm_model_5_seed_044 pLDDT=92.5 pTM=0.764
2026-07-23 02:01:31,622 rank_014_alphafold2_ptm_model_5_seed_042 pLDDT=92.5 pTM=0.764
2026-07-23 02:01:31,624 rank_015_alphafold2_ptm_model_5_seed_043 pLDDT=92.4 pTM=0.763
2026-07-23 02:01:34,173 Query 38/786: 5KPH_4_6_3_0_combined_id0 (length 72)
2026-07-23 02:01:36,453 Padding length to 82
2026-07-23 02:01:51,177 alphafold2_ptm_model_1_seed_042 recycle=0 pLDDT=87.1 pTM=0.627
2026-07-23 02:02:06,541 alphafold2_ptm_model_1_seed_042 recycle=1 pLDDT=90.8 pTM=0.714 tol=0.187
2026-07-23 02:02:21,582 alphafold2_ptm_model_1_seed_042 recycle=2 pLDDT=91.8 pTM=0.736 tol=0.0839
2026-07-23 02:02:36,623 alphafold2_ptm_model_1_seed_042 recycle=3 pLDDT=92.3 pTM=0.747 tol=0.0559
2026-07-23 02:02:36,624 alphafold2_ptm_model_1_seed_042 took 60.2s (3 recycles)
2026-07-23 02:02:51,876 alphafold2_ptm_model_2_seed_042 recycle=0 pLDDT=92.3 pTM=0.738
2026-07-23 02:03:07,169 alphafold2_ptm_model_2_seed_042 recycle=1 pLDDT=94.2 pTM=0.785 tol=0.146
2026-07-23 02:03:21,318 alphafold2_ptm_model_2_seed_042 recycle=2 pLDDT=94.6 pTM=0.796 tol=0.0543
2026-07-23 02:03:32,844 alphafold2_ptm_model_2_seed_042 recycle=3 pLDDT=94.8 pTM=0.8 tol=0.0205
2026-07-23 02:03:32,844 alphafold2_ptm_model_2_seed_042 took 56.2s (3 recycles)
2026-07-23 02:03:45,213 alphafold2_ptm_model_3_seed_042 recycle=0 pLDDT=85.7 pTM=0.634
2026-07-23 02:03:59,406 alphafold2_ptm_model_3_seed_042 recycle=1 pLDDT=90.1 pTM=0.712 tol=0.201
2026-07-23 02:04:16,184 alphafold2_ptm_model_3_seed_042 recycle=2 pLDDT=91.1 pTM=0.739 tol=0.0933
2026-07-23 02:04:30,915 alphafold2_ptm_model_3_seed_042 recycle=3 pLDDT=92 pTM=0.753 tol=0.0453
2026-07-23 02:04:30,916 alphafold2_ptm_model_3_seed_042 took 58.0s (3 recycles)
2026-07-23 02:04:48,815 alphafold2_ptm_model_4_seed_042 recycle=0 pLDDT=87.5 pTM=0.661
2026-07-23 02:05:05,696 alphafold2_ptm_model_4_seed_042 recycle=1 pLDDT=91.3 pTM=0.727 tol=0.173
2026-07-23 02:05:21,198 alphafold2_ptm_model_4_seed_042 recycle=2 pLDDT=92.3 pTM=0.749 tol=0.0886
2026-07-23 02:05:36,703 alphafold2_ptm_model_4_seed_042 recycle=3 pLDDT=92.8 pTM=0.757 tol=0.0759
2026-07-23 02:05:36,704 alphafold2_ptm_model_4_seed_042 took 65.7s (3 recycles)
2026-07-23 02:05:53,126 alphafold2_ptm_model_5_seed_042 recycle=0 pLDDT=88.8 pTM=0.691
2026-07-23 02:06:15,419 alphafold2_ptm_model_5_seed_042 recycle=1 pLDDT=91.4 pTM=0.723 tol=0.143
2026-07-23 02:06:32,145 alphafold2_ptm_model_5_seed_042 recycle=2 pLDDT=91.9 pTM=0.729 tol=0.0598
2026-07-23 02:06:43,814 alphafold2_ptm_model_5_seed_042 recycle=3 pLDDT=92.2 pTM=0.734 tol=0.0626
2026-07-23 02:06:43,815 alphafold2_ptm_model_5_seed_042 took 67.1s (3 recycles)
2026-07-23 02:06:44,686 Padding length to 82
2026-07-23 02:06:57,344 alphafold2_ptm_model_1_seed_043 recycle=0 pLDDT=87.2 pTM=0.628
2026-07-23 02:07:13,483 alphafold2_ptm_model_1_seed_043 recycle=1 pLDDT=91.1 pTM=0.719 tol=0.185
2026-07-23 02:07:29,029 alphafold2_ptm_model_1_seed_043 recycle=2 pLDDT=91.7 pTM=0.735 tol=0.0756
2026-07-23 02:07:44,633 alphafold2_ptm_model_1_seed_043 recycle=3 pLDDT=92.2 pTM=0.746 tol=0.0568
2026-07-23 02:07:44,633 alphafold2_ptm_model_1_seed_043 took 59.9s (3 recycles)
2026-07-23 02:07:59,127 alphafold2_ptm_model_2_seed_043 recycle=0 pLDDT=92.6 pTM=0.746
2026-07-23 02:08:13,961 alphafold2_ptm_model_2_seed_043 recycle=1 pLDDT=94.2 pTM=0.788 tol=0.149
2026-07-23 02:08:28,420 alphafold2_ptm_model_2_seed_043 recycle=2 pLDDT=94.5 pTM=0.795 tol=0.0597
2026-07-23 02:08:42,127 alphafold2_ptm_model_2_seed_043 recycle=3 pLDDT=94.7 pTM=0.798 tol=0.0275
2026-07-23 02:08:42,128 alphafold2_ptm_model_2_seed_043 took 57.1s (3 recycles)
2026-07-23 02:08:55,924 alphafold2_ptm_model_3_seed_043 recycle=0 pLDDT=85.9 pTM=0.637
2026-07-23 02:09:10,340 alphafold2_ptm_model_3_seed_043 recycle=1 pLDDT=90.1 pTM=0.717 tol=0.198
2026-07-23 02:09:24,194 alphafold2_ptm_model_3_seed_043 recycle=2 pLDDT=90.8 pTM=0.732 tol=0.0986
2026-07-23 02:09:38,601 alphafold2_ptm_model_3_seed_043 recycle=3 pLDDT=91.9 pTM=0.75 tol=0.0598
2026-07-23 02:09:38,601 alphafold2_ptm_model_3_seed_043 took 56.4s (3 recycles)
2026-07-23 02:09:52,506 alphafold2_ptm_model_4_seed_043 recycle=0 pLDDT=87.1 pTM=0.654
2026-07-23 02:10:05,230 alphafold2_ptm_model_4_seed_043 recycle=1 pLDDT=91.4 pTM=0.728 tol=0.182
2026-07-23 02:10:20,369 alphafold2_ptm_model_4_seed_043 recycle=2 pLDDT=92.3 pTM=0.748 tol=0.0787
2026-07-23 02:10:35,210 alphafold2_ptm_model_4_seed_043 recycle=3 pLDDT=92.9 pTM=0.759 tol=0.0767
2026-07-23 02:10:35,211 alphafold2_ptm_model_4_seed_043 took 56.5s (3 recycles)
2026-07-23 02:10:50,223 alphafold2_ptm_model_5_seed_043 recycle=0 pLDDT=89.8 pTM=0.705
2026-07-23 02:11:05,334 alphafold2_ptm_model_5_seed_043 recycle=1 pLDDT=91.7 pTM=0.73 tol=0.138
2026-07-23 02:11:21,304 alphafold2_ptm_model_5_seed_043 recycle=2 pLDDT=91.9 pTM=0.731 tol=0.0587
2026-07-23 02:11:38,102 alphafold2_ptm_model_5_seed_043 recycle=3 pLDDT=92.2 pTM=0.735 tol=0.0658
2026-07-23 02:11:38,103 alphafold2_ptm_model_5_seed_043 took 62.8s (3 recycles)
2026-07-23 02:11:39,325 Padding length to 82
2026-07-23 02:11:55,615 alphafold2_ptm_model_1_seed_044 recycle=0 pLDDT=86.9 pTM=0.622
2026-07-23 02:12:10,987 alphafold2_ptm_model_1_seed_044 recycle=1 pLDDT=91.1 pTM=0.719 tol=0.196
2026-07-23 02:12:27,906 alphafold2_ptm_model_1_seed_044 recycle=2 pLDDT=91.9 pTM=0.737 tol=0.0808
2026-07-23 02:12:42,661 alphafold2_ptm_model_1_seed_044 recycle=3 pLDDT=92.4 pTM=0.748 tol=0.0601
2026-07-23 02:12:42,662 alphafold2_ptm_model_1_seed_044 took 63.3s (3 recycles)
2026-07-23 02:12:57,273 alphafold2_ptm_model_2_seed_044 recycle=0 pLDDT=92.4 pTM=0.739
2026-07-23 02:13:08,882 alphafold2_ptm_model_2_seed_044 recycle=1 pLDDT=94.2 pTM=0.787 tol=0.155
2026-07-23 02:13:20,153 alphafold2_ptm_model_2_seed_044 recycle=2 pLDDT=94.5 pTM=0.795 tol=0.0569
2026-07-23 02:13:36,232 alphafold2_ptm_model_2_seed_044 recycle=3 pLDDT=94.7 pTM=0.799 tol=0.0198
2026-07-23 02:13:36,232 alphafold2_ptm_model_2_seed_044 took 53.5s (3 recycles)
2026-07-23 02:13:49,993 alphafold2_ptm_model_3_seed_044 recycle=0 pLDDT=85.4 pTM=0.632
2026-07-23 02:14:05,272 alphafold2_ptm_model_3_seed_044 recycle=1 pLDDT=89.5 pTM=0.703 tol=0.213
2026-07-23 02:14:20,816 alphafold2_ptm_model_3_seed_044 recycle=2 pLDDT=90.2 pTM=0.72 tol=0.0966
2026-07-23 02:14:36,680 alphafold2_ptm_model_3_seed_044 recycle=3 pLDDT=91.4 pTM=0.743 tol=0.0654
2026-07-23 02:14:36,681 alphafold2_ptm_model_3_seed_044 took 60.4s (3 recycles)
2026-07-23 02:14:52,452 alphafold2_ptm_model_4_seed_044 recycle=0 pLDDT=86.9 pTM=0.653
2026-07-23 02:15:08,044 alphafold2_ptm_model_4_seed_044 recycle=1 pLDDT=91.2 pTM=0.724 tol=0.2
2026-07-23 02:15:24,492 alphafold2_ptm_model_4_seed_044 recycle=2 pLDDT=92.3 pTM=0.748 tol=0.0784
2026-07-23 02:15:38,720 alphafold2_ptm_model_4_seed_044 recycle=3 pLDDT=92.8 pTM=0.757 tol=0.0742
2026-07-23 02:15:38,721 alphafold2_ptm_model_4_seed_044 took 62.0s (3 recycles)
2026-07-23 02:15:53,183 alphafold2_ptm_model_5_seed_044 recycle=0 pLDDT=88.8 pTM=0.69
2026-07-23 02:16:08,445 alphafold2_ptm_model_5_seed_044 recycle=1 pLDDT=91.4 pTM=0.727 tol=0.145
2026-07-23 02:16:21,217 alphafold2_ptm_model_5_seed_044 recycle=2 pLDDT=91.8 pTM=0.729 tol=0.0734
2026-07-23 02:16:32,641 alphafold2_ptm_model_5_seed_044 recycle=3 pLDDT=92.2 pTM=0.734 tol=0.0626
2026-07-23 02:16:32,642 alphafold2_ptm_model_5_seed_044 took 53.9s (3 recycles)
2026-07-23 02:16:32,669 reranking models by 'plddt' metric
2026-07-23 02:16:32,669 rank_001_alphafold2_ptm_model_2_seed_042 pLDDT=94.8 pTM=0.8
2026-07-23 02:16:32,672 rank_002_alphafold2_ptm_model_2_seed_044 pLDDT=94.7 pTM=0.799
2026-07-23 02:16:32,674 rank_003_alphafold2_ptm_model_2_seed_043 pLDDT=94.7 pTM=0.798
2026-07-23 02:16:32,676 rank_004_alphafold2_ptm_model_4_seed_043 pLDDT=92.9 pTM=0.759
2026-07-23 02:16:32,678 rank_005_alphafold2_ptm_model_4_seed_044 pLDDT=92.8 pTM=0.757
2026-07-23 02:16:32,680 rank_006_alphafold2_ptm_model_4_seed_042 pLDDT=92.8 pTM=0.757
2026-07-23 02:16:32,681 rank_007_alphafold2_ptm_model_1_seed_044 pLDDT=92.4 pTM=0.748
2026-07-23 02:16:32,683 rank_008_alphafold2_ptm_model_1_seed_042 pLDDT=92.3 pTM=0.747
2026-07-23 02:16:32,685 rank_009_alphafold2_ptm_model_1_seed_043 pLDDT=92.2 pTM=0.746
2026-07-23 02:16:32,687 rank_010_alphafold2_ptm_model_5_seed_044 pLDDT=92.2 pTM=0.734
2026-07-23 02:16:32,688 rank_011_alphafold2_ptm_model_5_seed_043 pLDDT=92.2 pTM=0.735
2026-07-23 02:16:32,690 rank_012_alphafold2_ptm_model_5_seed_042 pLDDT=92.2 pTM=0.734
2026-07-23 02:16:32,692 rank_013_alphafold2_ptm_model_3_seed_042 pLDDT=92 pTM=0.753
2026-07-23 02:16:32,693 rank_014_alphafold2_ptm_model_3_seed_043 pLDDT=91.9 pTM=0.75
2026-07-23 02:16:32,694 rank_015_alphafold2_ptm_model_3_seed_044 pLDDT=91.4 pTM=0.743
2026-07-23 02:16:35,049 Skipping 5KPH_4_6_3_0_combined_id0 (already done)
2026-07-23 02:16:35,050 Query 40/786: 5KPH_4_6_3_0_combined_id2 (length 72)
2026-07-23 02:16:37,544 Padding length to 82
2026-07-23 02:16:53,876 alphafold2_ptm_model_1_seed_042 recycle=0 pLDDT=87.4 pTM=0.641
2026-07-23 02:17:09,059 alphafold2_ptm_model_1_seed_042 recycle=1 pLDDT=90.3 pTM=0.695 tol=0.145
2026-07-23 02:17:25,411 alphafold2_ptm_model_1_seed_042 recycle=2 pLDDT=90.4 pTM=0.706 tol=0.0507
2026-07-23 02:17:40,137 alphafold2_ptm_model_1_seed_042 recycle=3 pLDDT=90.6 pTM=0.709 tol=0.0204
2026-07-23 02:17:40,138 alphafold2_ptm_model_1_seed_042 took 62.6s (3 recycles)
2026-07-23 02:17:54,871 alphafold2_ptm_model_2_seed_042 recycle=0 pLDDT=90.8 pTM=0.713
2026-07-23 02:18:11,032 alphafold2_ptm_model_2_seed_042 recycle=1 pLDDT=91.6 pTM=0.74 tol=0.119
2026-07-23 02:18:24,976 alphafold2_ptm_model_2_seed_042 recycle=2 pLDDT=91.9 pTM=0.75 tol=0.0516
2026-07-23 02:18:40,917 alphafold2_ptm_model_2_seed_042 recycle=3 pLDDT=92.1 pTM=0.753 tol=0.022
2026-07-23 02:18:40,918 alphafold2_ptm_model_2_seed_042 took 60.8s (3 recycles)
2026-07-23 02:18:55,362 alphafold2_ptm_model_3_seed_042 recycle=0 pLDDT=88.3 pTM=0.661
2026-07-23 02:19:09,429 alphafold2_ptm_model_3_seed_042 recycle=1 pLDDT=89.6 pTM=0.686 tol=0.173
2026-07-23 02:19:23,270 alphafold2_ptm_model_3_seed_042 recycle=2 pLDDT=89.1 pTM=0.676 tol=0.1
2026-07-23 02:19:35,685 alphafold2_ptm_model_3_seed_042 recycle=3 pLDDT=89.2 pTM=0.674 tol=0.0702
2026-07-23 02:19:35,686 alphafold2_ptm_model_3_seed_042 took 54.7s (3 recycles)
2026-07-23 02:19:47,207 alphafold2_ptm_model_4_seed_042 recycle=0 pLDDT=87.5 pTM=0.659
2026-07-23 02:20:02,539 alphafold2_ptm_model_4_seed_042 recycle=1 pLDDT=89.4 pTM=0.687 tol=0.157
2026-07-23 02:20:19,387 alphafold2_ptm_model_4_seed_042 recycle=2 pLDDT=89 pTM=0.682 tol=0.057
2026-07-23 02:20:35,402 alphafold2_ptm_model_4_seed_042 recycle=3 pLDDT=88.9 pTM=0.679 tol=0.0263
2026-07-23 02:20:35,402 alphafold2_ptm_model_4_seed_042 took 59.7s (3 recycles)
2026-07-23 02:20:51,407 alphafold2_ptm_model_5_seed_042 recycle=0 pLDDT=87.6 pTM=0.641
2026-07-23 02:21:07,130 alphafold2_ptm_model_5_seed_042 recycle=1 pLDDT=89.7 pTM=0.682 tol=0.21
2026-07-23 02:21:22,586 alphafold2_ptm_model_5_seed_042 recycle=2 pLDDT=90 pTM=0.689 tol=0.0676
2026-07-23 02:21:38,922 alphafold2_ptm_model_5_seed_042 recycle=3 pLDDT=90.3 pTM=0.693 tol=0.0419
2026-07-23 02:21:38,923 alphafold2_ptm_model_5_seed_042 took 63.5s (3 recycles)
2026-07-23 02:21:40,216 Padding length to 82
2026-07-23 02:21:56,755 alphafold2_ptm_model_1_seed_043 recycle=0 pLDDT=87.9 pTM=0.647
2026-07-23 02:22:13,080 alphafold2_ptm_model_1_seed_043 recycle=1 pLDDT=90.4 pTM=0.698 tol=0.138
2026-07-23 02:22:28,861 alphafold2_ptm_model_1_seed_043 recycle=2 pLDDT=90.4 pTM=0.707 tol=0.0595
2026-07-23 02:22:42,116 alphafold2_ptm_model_1_seed_043 recycle=3 pLDDT=90.6 pTM=0.711 tol=0.0333
2026-07-23 02:22:42,116 alphafold2_ptm_model_1_seed_043 took 61.9s (3 recycles)
2026-07-23 02:22:53,649 alphafold2_ptm_model_2_seed_043 recycle=0 pLDDT=90.8 pTM=0.714
2026-07-23 02:23:06,426 alphafold2_ptm_model_2_seed_043 recycle=1 pLDDT=91.8 pTM=0.744 tol=0.111
2026-07-23 02:23:22,661 alphafold2_ptm_model_2_seed_043 recycle=2 pLDDT=91.8 pTM=0.75 tol=0.0421
2026-07-23 02:23:38,783 alphafold2_ptm_model_2_seed_043 recycle=3 pLDDT=92.1 pTM=0.754 tol=0.0266
2026-07-23 02:23:38,783 alphafold2_ptm_model_2_seed_043 took 56.6s (3 recycles)
2026-07-23 02:23:55,523 alphafold2_ptm_model_3_seed_043 recycle=0 pLDDT=88 pTM=0.653
2026-07-23 02:24:13,027 alphafold2_ptm_model_3_seed_043 recycle=1 pLDDT=89.6 pTM=0.685 tol=0.187
2026-07-23 02:24:27,556 alphafold2_ptm_model_3_seed_043 recycle=2 pLDDT=88.9 pTM=0.673 tol=0.0972
2026-07-23 02:24:42,807 alphafold2_ptm_model_3_seed_043 recycle=3 pLDDT=89.1 pTM=0.672 tol=0.0696
2026-07-23 02:24:42,808 alphafold2_ptm_model_3_seed_043 took 64.0s (3 recycles)
2026-07-23 02:25:03,507 alphafold2_ptm_model_4_seed_043 recycle=0 pLDDT=87.4 pTM=0.662
2026-07-23 02:25:19,529 alphafold2_ptm_model_4_seed_043 recycle=1 pLDDT=89.4 pTM=0.688 tol=0.15
2026-07-23 02:25:34,552 alphafold2_ptm_model_4_seed_043 recycle=2 pLDDT=89.1 pTM=0.684 tol=0.0544
2026-07-23 02:25:47,468 alphafold2_ptm_model_4_seed_043 recycle=3 pLDDT=89.1 pTM=0.683 tol=0.0369
2026-07-23 02:25:47,469 alphafold2_ptm_model_4_seed_043 took 64.6s (3 recycles)
2026-07-23 02:25:59,614 alphafold2_ptm_model_5_seed_043 recycle=0 pLDDT=87.8 pTM=0.642
2026-07-23 02:26:11,102 alphafold2_ptm_model_5_seed_043 recycle=1 pLDDT=89.8 pTM=0.679 tol=0.208
2026-07-23 02:26:24,011 alphafold2_ptm_model_5_seed_043 recycle=2 pLDDT=90.1 pTM=0.686 tol=0.0542
2026-07-23 02:26:38,179 alphafold2_ptm_model_5_seed_043 recycle=3 pLDDT=90.2 pTM=0.692 tol=0.0386
2026-07-23 02:26:38,180 alphafold2_ptm_model_5_seed_043 took 50.6s (3 recycles)
2026-07-23 02:26:39,195 Padding length to 82
2026-07-23 02:26:54,375 alphafold2_ptm_model_1_seed_044 recycle=0 pLDDT=86.9 pTM=0.632
2026-07-23 02:27:09,527 alphafold2_ptm_model_1_seed_044 recycle=1 pLDDT=90.2 pTM=0.693 tol=0.171
2026-07-23 02:27:24,939 alphafold2_ptm_model_1_seed_044 recycle=2 pLDDT=90.4 pTM=0.706 tol=0.0523
2026-07-23 02:27:39,564 alphafold2_ptm_model_1_seed_044 recycle=3 pLDDT=90.6 pTM=0.709 tol=0.0248
2026-07-23 02:27:39,565 alphafold2_ptm_model_1_seed_044 took 60.4s (3 recycles)
2026-07-23 02:27:55,576 alphafold2_ptm_model_2_seed_044 recycle=0 pLDDT=90.4 pTM=0.706
2026-07-23 02:28:11,390 alphafold2_ptm_model_2_seed_044 recycle=1 pLDDT=91.6 pTM=0.739 tol=0.111
2026-07-23 02:28:26,365 alphafold2_ptm_model_2_seed_044 recycle=2 pLDDT=91.8 pTM=0.748 tol=0.0479
2026-07-23 02:28:40,955 alphafold2_ptm_model_2_seed_044 recycle=3 pLDDT=92.1 pTM=0.752 tol=0.0273
2026-07-23 02:28:40,957 alphafold2_ptm_model_2_seed_044 took 61.4s (3 recycles)
2026-07-23 02:28:54,319 alphafold2_ptm_model_3_seed_044 recycle=0 pLDDT=88 pTM=0.655
2026-07-23 02:29:09,139 alphafold2_ptm_model_3_seed_044 recycle=1 pLDDT=89.2 pTM=0.682 tol=0.176
2026-07-23 02:29:20,939 alphafold2_ptm_model_3_seed_044 recycle=2 pLDDT=88.7 pTM=0.668 tol=0.106
2026-07-23 02:29:32,209 alphafold2_ptm_model_3_seed_044 recycle=3 pLDDT=88.9 pTM=0.669 tol=0.0762
2026-07-23 02:29:32,209 alphafold2_ptm_model_3_seed_044 took 51.2s (3 recycles)
2026-07-23 02:29:48,716 alphafold2_ptm_model_4_seed_044 recycle=0 pLDDT=87.2 pTM=0.658
2026-07-23 02:30:03,420 alphafold2_ptm_model_4_seed_044 recycle=1 pLDDT=89.2 pTM=0.685 tol=0.16
2026-07-23 02:30:20,112 alphafold2_ptm_model_4_seed_044 recycle=2 pLDDT=89.1 pTM=0.684 tol=0.0444
2026-07-23 02:30:35,823 alphafold2_ptm_model_4_seed_044 recycle=3 pLDDT=88.8 pTM=0.678 tol=0.0342
2026-07-23 02:30:35,824 alphafold2_ptm_model_4_seed_044 took 63.6s (3 recycles)
2026-07-23 02:30:51,072 alphafold2_ptm_model_5_seed_044 recycle=0 pLDDT=88 pTM=0.645
2026-07-23 02:31:09,119 alphafold2_ptm_model_5_seed_044 recycle=1 pLDDT=89.6 pTM=0.681 tol=0.202
2026-07-23 02:31:24,263 alphafold2_ptm_model_5_seed_044 recycle=2 pLDDT=90 pTM=0.688 tol=0.0607
2026-07-23 02:31:40,209 alphafold2_ptm_model_5_seed_044 recycle=3 pLDDT=90.2 pTM=0.692 tol=0.0329
2026-07-23 02:31:40,210 alphafold2_ptm_model_5_seed_044 took 64.3s (3 recycles)
2026-07-23 02:31:40,245 reranking models by 'plddt' metric
2026-07-23 02:31:40,245 rank_001_alphafold2_ptm_model_2_seed_044 pLDDT=92.1 pTM=0.752
2026-07-23 02:31:40,247 rank_002_alphafold2_ptm_model_2_seed_043 pLDDT=92.1 pTM=0.754
2026-07-23 02:31:40,249 rank_003_alphafold2_ptm_model_2_seed_042 pLDDT=92.1 pTM=0.753
2026-07-23 02:31:40,252 rank_004_alphafold2_ptm_model_1_seed_044 pLDDT=90.6 pTM=0.709
2026-07-23 02:31:40,254 rank_005_alphafold2_ptm_model_1_seed_043 pLDDT=90.6 pTM=0.711
2026-07-23 02:31:40,255 rank_006_alphafold2_ptm_model_1_seed_042 pLDDT=90.6 pTM=0.709
2026-07-23 02:31:40,257 rank_007_alphafold2_ptm_model_5_seed_042 pLDDT=90.3 pTM=0.693
2026-07-23 02:31:40,259 rank_008_alphafold2_ptm_model_5_seed_043 pLDDT=90.2 pTM=0.692
2026-07-23 02:31:40,262 rank_009_alphafold2_ptm_model_5_seed_044 pLDDT=90.2 pTM=0.692
2026-07-23 02:31:40,263 rank_010_alphafold2_ptm_model_3_seed_042 pLDDT=89.2 pTM=0.674
2026-07-23 02:31:40,265 rank_011_alphafold2_ptm_model_4_seed_043 pLDDT=89.1 pTM=0.683
2026-07-23 02:31:40,267 rank_012_alphafold2_ptm_model_3_seed_043 pLDDT=89.1 pTM=0.672
2026-07-23 02:31:40,269 rank_013_alphafold2_ptm_model_3_seed_044 pLDDT=88.9 pTM=0.669
2026-07-23 02:31:40,271 rank_014_alphafold2_ptm_model_4_seed_042 pLDDT=88.9 pTM=0.679
2026-07-23 02:31:40,272 rank_015_alphafold2_ptm_model_4_seed_044 pLDDT=88.8 pTM=0.678
2026-07-23 02:31:43,274 Query 41/786: 5KPH_4_4_9_0_combined_id9 (length 72)
2026-07-23 02:31:45,547 Padding length to 82
2026-07-23 02:32:02,063 alphafold2_ptm_model_1_seed_042 recycle=0 pLDDT=80.6 pTM=0.578
2026-07-23 02:32:16,184 alphafold2_ptm_model_1_seed_042 recycle=1 pLDDT=85.9 pTM=0.646 tol=0.451
2026-07-23 02:32:30,282 alphafold2_ptm_model_1_seed_042 recycle=2 pLDDT=87.5 pTM=0.676 tol=0.261
2026-07-23 02:32:41,700 alphafold2_ptm_model_1_seed_042 recycle=3 pLDDT=85.2 pTM=0.646 tol=0.214
2026-07-23 02:32:41,700 alphafold2_ptm_model_1_seed_042 took 56.2s (3 recycles)
2026-07-23 02:32:54,539 alphafold2_ptm_model_2_seed_042 recycle=0 pLDDT=85.6 pTM=0.657
2026-07-23 02:33:09,002 alphafold2_ptm_model_2_seed_042 recycle=1 pLDDT=84.8 pTM=0.66 tol=0.688
2026-07-23 02:33:23,793 alphafold2_ptm_model_2_seed_042 recycle=2 pLDDT=87.6 pTM=0.696 tol=0.237
2026-07-23 02:33:39,683 alphafold2_ptm_model_2_seed_042 recycle=3 pLDDT=87.9 pTM=0.702 tol=0.0881
2026-07-23 02:33:39,684 alphafold2_ptm_model_2_seed_042 took 58.0s (3 recycles)
2026-07-23 02:33:54,746 alphafold2_ptm_model_3_seed_042 recycle=0 pLDDT=83.1 pTM=0.614
2026-07-23 02:34:10,322 alphafold2_ptm_model_3_seed_042 recycle=1 pLDDT=83.4 pTM=0.618 tol=0.39
2026-07-23 02:34:25,149 alphafold2_ptm_model_3_seed_042 recycle=2 pLDDT=83.2 pTM=0.625 tol=0.766
2026-07-23 02:34:40,753 alphafold2_ptm_model_3_seed_042 recycle=3 pLDDT=85.8 pTM=0.648 tol=0.2
2026-07-23 02:34:40,754 alphafold2_ptm_model_3_seed_042 took 61.0s (3 recycles)
2026-07-23 02:34:57,571 alphafold2_ptm_model_4_seed_042 recycle=0 pLDDT=84.4 pTM=0.652
2026-07-23 02:35:13,967 alphafold2_ptm_model_4_seed_042 recycle=1 pLDDT=88.9 pTM=0.701 tol=0.891
2026-07-23 02:35:29,855 alphafold2_ptm_model_4_seed_042 recycle=2 pLDDT=88.8 pTM=0.697 tol=0.217
2026-07-23 02:35:43,783 alphafold2_ptm_model_4_seed_042 recycle=3 pLDDT=87.9 pTM=0.682 tol=0.124
2026-07-23 02:35:43,784 alphafold2_ptm_model_4_seed_042 took 63.0s (3 recycles)
2026-07-23 02:35:55,195 alphafold2_ptm_model_5_seed_042 recycle=0 pLDDT=87.9 pTM=0.667
2026-07-23 02:36:08,131 alphafold2_ptm_model_5_seed_042 recycle=1 pLDDT=89.6 pTM=0.708 tol=0.178
2026-07-23 02:36:26,518 alphafold2_ptm_model_5_seed_042 recycle=2 pLDDT=90.1 pTM=0.715 tol=0.0479
2026-07-23 02:36:39,827 alphafold2_ptm_model_5_seed_042 recycle=3 pLDDT=90.4 pTM=0.719 tol=0.0317
2026-07-23 02:36:39,828 alphafold2_ptm_model_5_seed_042 took 56.0s (3 recycles)
2026-07-23 02:36:40,945 Padding length to 82
2026-07-23 02:36:55,846 alphafold2_ptm_model_1_seed_043 recycle=0 pLDDT=75.6 pTM=0.551
2026-07-23 02:37:11,278 alphafold2_ptm_model_1_seed_043 recycle=1 pLDDT=86.6 pTM=0.656 tol=1.15
2026-07-23 02:37:25,306 alphafold2_ptm_model_1_seed_043 recycle=2 pLDDT=87.9 pTM=0.682 tol=0.163
2026-07-23 02:37:41,105 alphafold2_ptm_model_1_seed_043 recycle=3 pLDDT=86.2 pTM=0.655 tol=0.157
2026-07-23 02:37:41,105 alphafold2_ptm_model_1_seed_043 took 60.2s (3 recycles)
2026-07-23 02:37:56,391 alphafold2_ptm_model_2_seed_043 recycle=0 pLDDT=86.8 pTM=0.668
2026-07-23 02:38:12,334 alphafold2_ptm_model_2_seed_043 recycle=1 pLDDT=88.1 pTM=0.695 tol=0.288
2026-07-23 02:38:26,806 alphafold2_ptm_model_2_seed_043 recycle=2 pLDDT=91.2 pTM=0.731 tol=0.308
2026-07-23 02:38:40,868 alphafold2_ptm_model_2_seed_043 recycle=3 pLDDT=91.8 pTM=0.745 tol=0.0581
2026-07-23 02:38:40,868 alphafold2_ptm_model_2_seed_043 took 59.7s (3 recycles)
2026-07-23 02:38:55,185 alphafold2_ptm_model_3_seed_043 recycle=0 pLDDT=82.2 pTM=0.608
2026-07-23 02:39:10,452 alphafold2_ptm_model_3_seed_043 recycle=1 pLDDT=83.8 pTM=0.625 tol=0.401
2026-07-23 02:39:22,821 alphafold2_ptm_model_3_seed_043 recycle=2 pLDDT=83.8 pTM=0.629 tol=0.293
2026-07-23 02:39:37,086 alphafold2_ptm_model_3_seed_043 recycle=3 pLDDT=86.5 pTM=0.661 tol=0.279
2026-07-23 02:39:37,086 alphafold2_ptm_model_3_seed_043 took 56.1s (3 recycles)
2026-07-23 02:39:55,510 alphafold2_ptm_model_4_seed_043 recycle=0 pLDDT=83.9 pTM=0.643
2026-07-23 02:40:10,594 alphafold2_ptm_model_4_seed_043 recycle=1 pLDDT=88.5 pTM=0.692 tol=1
2026-07-23 02:40:26,746 alphafold2_ptm_model_4_seed_043 recycle=2 pLDDT=88.6 pTM=0.696 tol=0.252
2026-07-23 02:40:43,814 alphafold2_ptm_model_4_seed_043 recycle=3 pLDDT=87.9 pTM=0.678 tol=0.188
2026-07-23 02:40:43,814 alphafold2_ptm_model_4_seed_043 took 66.6s (3 recycles)
2026-07-23 02:41:00,330 alphafold2_ptm_model_5_seed_043 recycle=0 pLDDT=88.3 pTM=0.674
2026-07-23 02:41:15,749 alphafold2_ptm_model_5_seed_043 recycle=1 pLDDT=89.8 pTM=0.712 tol=0.233
2026-07-23 02:41:31,447 alphafold2_ptm_model_5_seed_043 recycle=2 pLDDT=90.1 pTM=0.716 tol=0.0544
2026-07-23 02:41:46,417 alphafold2_ptm_model_5_seed_043 recycle=3 pLDDT=90.4 pTM=0.719 tol=0.0347
2026-07-23 02:41:46,417 alphafold2_ptm_model_5_seed_043 took 62.6s (3 recycles)
2026-07-23 02:41:47,661 Padding length to 82
2026-07-23 02:42:02,866 alphafold2_ptm_model_1_seed_044 recycle=0 pLDDT=81 pTM=0.58
2026-07-23 02:42:18,508 alphafold2_ptm_model_1_seed_044 recycle=1 pLDDT=85.8 pTM=0.647 tol=0.406
2026-07-23 02:42:29,809 alphafold2_ptm_model_1_seed_044 recycle=2 pLDDT=87.7 pTM=0.679 tol=0.282
2026-07-23 02:42:40,920 alphafold2_ptm_model_1_seed_044 recycle=3 pLDDT=85.6 pTM=0.648 tol=0.189
2026-07-23 02:42:40,921 alphafold2_ptm_model_1_seed_044 took 53.3s (3 recycles)
2026-07-23 02:42:54,421 alphafold2_ptm_model_2_seed_044 recycle=0 pLDDT=85 pTM=0.646
2026-07-23 02:43:09,884 alphafold2_ptm_model_2_seed_044 recycle=1 pLDDT=88.9 pTM=0.712 tol=0.239
2026-07-23 02:43:25,182 alphafold2_ptm_model_2_seed_044 recycle=2 pLDDT=89.6 pTM=0.723 tol=0.115
2026-07-23 02:43:41,101 alphafold2_ptm_model_2_seed_044 recycle=3 pLDDT=85.4 pTM=0.662 tol=0.856
2026-07-23 02:43:41,101 alphafold2_ptm_model_2_seed_044 took 60.2s (3 recycles)
2026-07-23 02:43:58,091 alphafold2_ptm_model_3_seed_044 recycle=0 pLDDT=83.3 pTM=0.62
2026-07-23 02:44:14,345 alphafold2_ptm_model_3_seed_044 recycle=1 pLDDT=83.6 pTM=0.62 tol=0.477
2026-07-23 02:44:29,665 alphafold2_ptm_model_3_seed_044 recycle=2 pLDDT=83.2 pTM=0.627 tol=0.785
2026-07-23 02:44:44,874 alphafold2_ptm_model_3_seed_044 recycle=3 pLDDT=85.1 pTM=0.64 tol=0.151
2026-07-23 02:44:44,875 alphafold2_ptm_model_3_seed_044 took 63.7s (3 recycles)
2026-07-23 02:45:00,937 alphafold2_ptm_model_4_seed_044 recycle=0 pLDDT=83 pTM=0.634
2026-07-23 02:45:16,398 alphafold2_ptm_model_4_seed_044 recycle=1 pLDDT=88.4 pTM=0.69 tol=0.58
2026-07-23 02:45:30,836 alphafold2_ptm_model_4_seed_044 recycle=2 pLDDT=88.8 pTM=0.698 tol=0.167
2026-07-23 02:45:43,293 alphafold2_ptm_model_4_seed_044 recycle=3 pLDDT=87.9 pTM=0.679 tol=0.171
2026-07-23 02:45:43,293 alphafold2_ptm_model_4_seed_044 took 58.4s (3 recycles)
2026-07-23 02:45:54,796 alphafold2_ptm_model_5_seed_044 recycle=0 pLDDT=87.9 pTM=0.668
2026-07-23 02:46:08,994 alphafold2_ptm_model_5_seed_044 recycle=1 pLDDT=89.5 pTM=0.707 tol=0.158
2026-07-23 02:46:26,083 alphafold2_ptm_model_5_seed_044 recycle=2 pLDDT=89.9 pTM=0.711 tol=0.0509
2026-07-23 02:46:44,153 alphafold2_ptm_model_5_seed_044 recycle=3 pLDDT=90.4 pTM=0.718 tol=0.0312
2026-07-23 02:46:44,153 alphafold2_ptm_model_5_seed_044 took 60.8s (3 recycles)
2026-07-23 02:46:44,197 reranking models by 'plddt' metric
2026-07-23 02:46:44,198 rank_001_alphafold2_ptm_model_2_seed_043 pLDDT=91.8 pTM=0.745
2026-07-23 02:46:44,200 rank_002_alphafold2_ptm_model_5_seed_042 pLDDT=90.4 pTM=0.719
2026-07-23 02:46:44,202 rank_003_alphafold2_ptm_model_5_seed_044 pLDDT=90.4 pTM=0.718
2026-07-23 02:46:44,204 rank_004_alphafold2_ptm_model_5_seed_043 pLDDT=90.4 pTM=0.719
2026-07-23 02:46:44,206 rank_005_alphafold2_ptm_model_4_seed_044 pLDDT=87.9 pTM=0.679
2026-07-23 02:46:44,207 rank_006_alphafold2_ptm_model_4_seed_043 pLDDT=87.9 pTM=0.678
2026-07-23 02:46:44,209 rank_007_alphafold2_ptm_model_4_seed_042 pLDDT=87.9 pTM=0.682
2026-07-23 02:46:44,211 rank_008_alphafold2_ptm_model_2_seed_042 pLDDT=87.9 pTM=0.702
2026-07-23 02:46:44,213 rank_009_alphafold2_ptm_model_3_seed_043 pLDDT=86.5 pTM=0.661
2026-07-23 02:46:44,215 rank_010_alphafold2_ptm_model_1_seed_043 pLDDT=86.2 pTM=0.655
2026-07-23 02:46:44,217 rank_011_alphafold2_ptm_model_3_seed_042 pLDDT=85.8 pTM=0.648
2026-07-23 02:46:44,219 rank_012_alphafold2_ptm_model_1_seed_044 pLDDT=85.6 pTM=0.648
2026-07-23 02:46:44,220 rank_013_alphafold2_ptm_model_2_seed_044 pLDDT=85.4 pTM=0.662
2026-07-23 02:46:44,222 rank_014_alphafold2_ptm_model_1_seed_042 pLDDT=85.2 pTM=0.646
2026-07-23 02:46:44,224 rank_015_alphafold2_ptm_model_3_seed_044 pLDDT=85.1 pTM=0.64
2026-07-23 02:46:47,537 Query 42/786: 5KPH_4_4_9_0_combined_id2 (length 72)
2026-07-23 02:46:49,708 Padding length to 82
2026-07-23 02:47:04,989 alphafold2_ptm_model_1_seed_042 recycle=0 pLDDT=84.8 pTM=0.655
2026-07-23 02:47:20,274 alphafold2_ptm_model_1_seed_042 recycle=1 pLDDT=90.6 pTM=0.73 tol=1.13
2026-07-23 02:47:35,132 alphafold2_ptm_model_1_seed_042 recycle=2 pLDDT=91.1 pTM=0.743 tol=0.0905
2026-07-23 02:47:50,787 alphafold2_ptm_model_1_seed_042 recycle=3 pLDDT=91.5 pTM=0.75 tol=0.0324
2026-07-23 02:47:50,788 alphafold2_ptm_model_1_seed_042 took 61.1s (3 recycles)
2026-07-23 02:48:06,780 alphafold2_ptm_model_2_seed_042 recycle=0 pLDDT=87.8 pTM=0.695
2026-07-23 02:48:22,459 alphafold2_ptm_model_2_seed_042 recycle=1 pLDDT=93.6 pTM=0.79 tol=0.981
2026-07-23 02:48:39,210 alphafold2_ptm_model_2_seed_042 recycle=2 pLDDT=94.1 pTM=0.801 tol=0.0704
2026-07-23 02:48:54,545 alphafold2_ptm_model_2_seed_042 recycle=3 pLDDT=94.4 pTM=0.803 tol=0.0247
2026-07-23 02:48:54,546 alphafold2_ptm_model_2_seed_042 took 63.7s (3 recycles)
2026-07-23 02:49:07,906 alphafold2_ptm_model_3_seed_042 recycle=0 pLDDT=87.1 pTM=0.663
2026-07-23 02:49:19,333 alphafold2_ptm_model_3_seed_042 recycle=1 pLDDT=88.9 pTM=0.711 tol=0.344
2026-07-23 02:49:33,818 alphafold2_ptm_model_3_seed_042 recycle=2 pLDDT=89.6 pTM=0.727 tol=0.0915
2026-07-23 02:49:49,600 alphafold2_ptm_model_3_seed_042 recycle=3 pLDDT=90.1 pTM=0.735 tol=0.0439
2026-07-23 02:49:49,600 alphafold2_ptm_model_3_seed_042 took 55.0s (3 recycles)
2026-07-23 02:50:05,663 alphafold2_ptm_model_4_seed_042 recycle=0 pLDDT=83.7 pTM=0.653
2026-07-23 02:50:21,241 alphafold2_ptm_model_4_seed_042 recycle=1 pLDDT=88.4 pTM=0.719 tol=0.929
2026-07-23 02:50:36,154 alphafold2_ptm_model_4_seed_042 recycle=2 pLDDT=89.6 pTM=0.734 tol=0.0754
2026-07-23 02:50:51,319 alphafold2_ptm_model_4_seed_042 recycle=3 pLDDT=90.4 pTM=0.745 tol=0.0661
2026-07-23 02:50:51,320 alphafold2_ptm_model_4_seed_042 took 61.7s (3 recycles)
2026-07-23 02:51:06,495 alphafold2_ptm_model_5_seed_042 recycle=0 pLDDT=88 pTM=0.689
2026-07-23 02:51:21,460 alphafold2_ptm_model_5_seed_042 recycle=1 pLDDT=90.6 pTM=0.733 tol=0.399
2026-07-23 02:51:37,043 alphafold2_ptm_model_5_seed_042 recycle=2 pLDDT=90.8 pTM=0.737 tol=0.0734
2026-07-23 02:51:52,263 alphafold2_ptm_model_5_seed_042 recycle=3 pLDDT=91 pTM=0.74 tol=0.0382
2026-07-23 02:51:52,264 alphafold2_ptm_model_5_seed_042 took 60.9s (3 recycles)
2026-07-23 02:51:53,490 Padding length to 82
2026-07-23 02:52:07,753 alphafold2_ptm_model_1_seed_043 recycle=0 pLDDT=84.7 pTM=0.656
2026-07-23 02:52:19,664 alphafold2_ptm_model_1_seed_043 recycle=1 pLDDT=89.9 pTM=0.724 tol=1.08
2026-07-23 02:52:30,935 alphafold2_ptm_model_1_seed_043 recycle=2 pLDDT=90.8 pTM=0.741 tol=0.0931
2026-07-23 02:52:44,897 alphafold2_ptm_model_1_seed_043 recycle=3 pLDDT=91.2 pTM=0.746 tol=0.0389
2026-07-23 02:52:44,898 alphafold2_ptm_model_1_seed_043 took 51.4s (3 recycles)
2026-07-23 02:53:01,951 alphafold2_ptm_model_2_seed_043 recycle=0 pLDDT=88.7 pTM=0.699
2026-07-23 02:53:16,936 alphafold2_ptm_model_2_seed_043 recycle=1 pLDDT=93.6 pTM=0.789 tol=0.446
2026-07-23 02:53:31,073 alphafold2_ptm_model_2_seed_043 recycle=2 pLDDT=94.1 pTM=0.801 tol=0.0608
2026-07-23 02:53:44,326 alphafold2_ptm_model_2_seed_043 recycle=3 pLDDT=94.2 pTM=0.802 tol=0.0257
2026-07-23 02:53:44,327 alphafold2_ptm_model_2_seed_043 took 59.4s (3 recycles)
2026-07-23 02:53:58,762 alphafold2_ptm_model_3_seed_043 recycle=0 pLDDT=87.2 pTM=0.667
2026-07-23 02:54:14,603 alphafold2_ptm_model_3_seed_043 recycle=1 pLDDT=88.6 pTM=0.708 tol=0.255
2026-07-23 02:54:30,274 alphafold2_ptm_model_3_seed_043 recycle=2 pLDDT=88.9 pTM=0.719 tol=0.105
2026-07-23 02:54:45,409 alphafold2_ptm_model_3_seed_043 recycle=3 pLDDT=89.8 pTM=0.732 tol=0.0614
2026-07-23 02:54:45,410 alphafold2_ptm_model_3_seed_043 took 61.1s (3 recycles)
2026-07-23 02:55:01,809 alphafold2_ptm_model_4_seed_043 recycle=0 pLDDT=83.6 pTM=0.65
2026-07-23 02:55:16,271 alphafold2_ptm_model_4_seed_043 recycle=1 pLDDT=88.7 pTM=0.721 tol=0.901
2026-07-23 02:55:30,997 alphafold2_ptm_model_4_seed_043 recycle=2 pLDDT=89.4 pTM=0.733 tol=0.0596
2026-07-23 02:55:42,495 alphafold2_ptm_model_4_seed_043 recycle=3 pLDDT=90.4 pTM=0.744 tol=0.0585
2026-07-23 02:55:42,496 alphafold2_ptm_model_4_seed_043 took 57.1s (3 recycles)
2026-07-23 02:55:54,448 alphafold2_ptm_model_5_seed_043 recycle=0 pLDDT=88.4 pTM=0.701
2026-07-23 02:56:09,150 alphafold2_ptm_model_5_seed_043 recycle=1 pLDDT=90.6 pTM=0.735 tol=0.347
2026-07-23 02:56:25,109 alphafold2_ptm_model_5_seed_043 recycle=2 pLDDT=90.9 pTM=0.738 tol=0.0652
2026-07-23 02:56:42,738 alphafold2_ptm_model_5_seed_043 recycle=3 pLDDT=91.1 pTM=0.742 tol=0.0356
2026-07-23 02:56:42,738 alphafold2_ptm_model_5_seed_043 took 60.2s (3 recycles)
2026-07-23 02:56:44,220 Padding length to 82
2026-07-23 02:56:59,518 alphafold2_ptm_model_1_seed_044 recycle=0 pLDDT=85.1 pTM=0.656
2026-07-23 02:57:13,167 alphafold2_ptm_model_1_seed_044 recycle=1 pLDDT=90.3 pTM=0.729 tol=1.1
2026-07-23 02:57:27,487 alphafold2_ptm_model_1_seed_044 recycle=2 pLDDT=91 pTM=0.743 tol=0.0889
2026-07-23 02:57:41,697 alphafold2_ptm_model_1_seed_044 recycle=3 pLDDT=91.5 pTM=0.75 tol=0.0352
2026-07-23 02:57:41,698 alphafold2_ptm_model_1_seed_044 took 57.5s (3 recycles)
2026-07-23 02:57:57,184 alphafold2_ptm_model_2_seed_044 recycle=0 pLDDT=88.4 pTM=0.701
2026-07-23 02:58:14,085 alphafold2_ptm_model_2_seed_044 recycle=1 pLDDT=93.7 pTM=0.792 tol=1.04
2026-07-23 02:58:29,366 alphafold2_ptm_model_2_seed_044 recycle=2 pLDDT=94.1 pTM=0.8 tol=0.0772
2026-07-23 02:58:44,192 alphafold2_ptm_model_2_seed_044 recycle=3 pLDDT=94.6 pTM=0.805 tol=0.0262
2026-07-23 02:58:44,193 alphafold2_ptm_model_2_seed_044 took 62.5s (3 recycles)
2026-07-23 02:58:57,444 alphafold2_ptm_model_3_seed_044 recycle=0 pLDDT=87.4 pTM=0.669
2026-07-23 02:59:12,070 alphafold2_ptm_model_3_seed_044 recycle=1 pLDDT=88.4 pTM=0.701 tol=0.214
2026-07-23 02:59:29,286 alphafold2_ptm_model_3_seed_044 recycle=2 pLDDT=88.2 pTM=0.708 tol=0.0961
2026-07-23 02:59:46,129 alphafold2_ptm_model_3_seed_044 recycle=3 pLDDT=89.4 pTM=0.725 tol=0.0677
2026-07-23 02:59:46,129 alphafold2_ptm_model_3_seed_044 took 61.9s (3 recycles)
2026-07-23 03:00:04,275 alphafold2_ptm_model_4_seed_044 recycle=0 pLDDT=83.5 pTM=0.65
2026-07-23 03:00:21,365 alphafold2_ptm_model_4_seed_044 recycle=1 pLDDT=87.8 pTM=0.71 tol=0.907
2026-07-23 03:00:38,369 alphafold2_ptm_model_4_seed_044 recycle=2 pLDDT=89.1 pTM=0.729 tol=0.0839
2026-07-23 03:00:53,598 alphafold2_ptm_model_4_seed_044 recycle=3 pLDDT=90.1 pTM=0.742 tol=0.08
2026-07-23 03:00:53,599 alphafold2_ptm_model_4_seed_044 took 67.4s (3 recycles)
2026-07-23 03:01:08,767 alphafold2_ptm_model_5_seed_044 recycle=0 pLDDT=87.7 pTM=0.687
2026-07-23 03:01:23,816 alphafold2_ptm_model_5_seed_044 recycle=1 pLDDT=90.5 pTM=0.734 tol=0.363
2026-07-23 03:01:40,722 alphafold2_ptm_model_5_seed_044 recycle=2 pLDDT=90.8 pTM=0.737 tol=0.0701
2026-07-23 03:01:57,494 alphafold2_ptm_model_5_seed_044 recycle=3 pLDDT=91.1 pTM=0.742 tol=0.0379
2026-07-23 03:01:57,495 alphafold2_ptm_model_5_seed_044 took 63.9s (3 recycles)
2026-07-23 03:01:57,571 reranking models by 'plddt' metric
2026-07-23 03:01:57,571 rank_001_alphafold2_ptm_model_2_seed_044 pLDDT=94.6 pTM=0.805
2026-07-23 03:01:57,573 rank_002_alphafold2_ptm_model_2_seed_042 pLDDT=94.4 pTM=0.803
2026-07-23 03:01:57,576 rank_003_alphafold2_ptm_model_2_seed_043 pLDDT=94.2 pTM=0.802
2026-07-23 03:01:57,578 rank_004_alphafold2_ptm_model_1_seed_044 pLDDT=91.5 pTM=0.75
2026-07-23 03:01:57,579 rank_005_alphafold2_ptm_model_1_seed_042 pLDDT=91.5 pTM=0.75
2026-07-23 03:01:57,581 rank_006_alphafold2_ptm_model_1_seed_043 pLDDT=91.2 pTM=0.746
2026-07-23 03:01:57,583 rank_007_alphafold2_ptm_model_5_seed_043 pLDDT=91.1 pTM=0.742
2026-07-23 03:01:57,585 rank_008_alphafold2_ptm_model_5_seed_044 pLDDT=91.1 pTM=0.742
2026-07-23 03:01:57,586 rank_009_alphafold2_ptm_model_5_seed_042 pLDDT=91 pTM=0.74
2026-07-23 03:01:57,588 rank_010_alphafold2_ptm_model_4_seed_042 pLDDT=90.4 pTM=0.745
2026-07-23 03:01:57,590 rank_011_alphafold2_ptm_model_4_seed_043 pLDDT=90.4 pTM=0.744
2026-07-23 03:01:57,592 rank_012_alphafold2_ptm_model_4_seed_044 pLDDT=90.1 pTM=0.742
2026-07-23 03:01:57,593 rank_013_alphafold2_ptm_model_3_seed_042 pLDDT=90.1 pTM=0.735
2026-07-23 03:01:57,595 rank_014_alphafold2_ptm_model_3_seed_043 pLDDT=89.8 pTM=0.732
2026-07-23 03:01:57,597 rank_015_alphafold2_ptm_model_3_seed_044 pLDDT=89.4 pTM=0.725
2026-07-23 03:02:00,088 Query 43/786: 5KPH_6_4_0_0_combined_id1 (length 72)
2026-07-23 03:02:01,890 Padding length to 82
2026-07-23 03:02:14,206 alphafold2_ptm_model_1_seed_042 recycle=0 pLDDT=84.1 pTM=0.605
2026-07-23 03:02:29,570 alphafold2_ptm_model_1_seed_042 recycle=1 pLDDT=89.2 pTM=0.687 tol=0.534
2026-07-23 03:02:45,110 alphafold2_ptm_model_1_seed_042 recycle=2 pLDDT=89.7 pTM=0.698 tol=0.102
2026-07-23 03:02:59,676 alphafold2_ptm_model_1_seed_042 recycle=3 pLDDT=90.1 pTM=0.702 tol=0.0544
2026-07-23 03:02:59,676 alphafold2_ptm_model_1_seed_042 took 57.8s (3 recycles)
2026-07-23 03:03:16,374 alphafold2_ptm_model_2_seed_042 recycle=0 pLDDT=90.9 pTM=0.724
2026-07-23 03:03:32,015 alphafold2_ptm_model_2_seed_042 recycle=1 pLDDT=91.4 pTM=0.74 tol=0.18
2026-07-23 03:03:49,695 alphafold2_ptm_model_2_seed_042 recycle=2 pLDDT=91.4 pTM=0.742 tol=0.0436
2026-07-23 03:04:06,214 alphafold2_ptm_model_2_seed_042 recycle=3 pLDDT=91.6 pTM=0.744 tol=0.0332
2026-07-23 03:04:06,214 alphafold2_ptm_model_2_seed_042 took 66.5s (3 recycles)
2026-07-23 03:04:21,943 alphafold2_ptm_model_3_seed_042 recycle=0 pLDDT=86.2 pTM=0.639
2026-07-23 03:04:37,622 alphafold2_ptm_model_3_seed_042 recycle=1 pLDDT=86.7 pTM=0.653 tol=0.174
2026-07-23 03:04:53,451 alphafold2_ptm_model_3_seed_042 recycle=2 pLDDT=87.1 pTM=0.656 tol=0.102
2026-07-23 03:05:06,565 alphafold2_ptm_model_3_seed_042 recycle=3 pLDDT=87.8 pTM=0.663 tol=0.0592
2026-07-23 03:05:06,565 alphafold2_ptm_model_3_seed_042 took 60.3s (3 recycles)
2026-07-23 03:05:18,010 alphafold2_ptm_model_4_seed_042 recycle=0 pLDDT=87.4 pTM=0.674
2026-07-23 03:05:30,445 alphafold2_ptm_model_4_seed_042 recycle=1 pLDDT=89.3 pTM=0.698 tol=0.35
2026-07-23 03:05:45,172 alphafold2_ptm_model_4_seed_042 recycle=2 pLDDT=89.3 pTM=0.697 tol=0.0607
2026-07-23 03:05:59,385 alphafold2_ptm_model_4_seed_042 recycle=3 pLDDT=89.5 pTM=0.698 tol=0.0352
2026-07-23 03:05:59,386 alphafold2_ptm_model_4_seed_042 took 52.8s (3 recycles)
2026-07-23 03:06:13,988 alphafold2_ptm_model_5_seed_042 recycle=0 pLDDT=88.8 pTM=0.681
2026-07-23 03:06:27,964 alphafold2_ptm_model_5_seed_042 recycle=1 pLDDT=89.2 pTM=0.684 tol=0.206
2026-07-23 03:06:43,305 alphafold2_ptm_model_5_seed_042 recycle=2 pLDDT=89.3 pTM=0.689 tol=0.0701
2026-07-23 03:06:59,137 alphafold2_ptm_model_5_seed_042 recycle=3 pLDDT=89.3 pTM=0.689 tol=0.0424
2026-07-23 03:06:59,138 alphafold2_ptm_model_5_seed_042 took 59.7s (3 recycles)
2026-07-23 03:07:00,520 Padding length to 82
2026-07-23 03:07:16,025 alphafold2_ptm_model_1_seed_043 recycle=0 pLDDT=85.8 pTM=0.634
2026-07-23 03:07:31,108 alphafold2_ptm_model_1_seed_043 recycle=1 pLDDT=88.9 pTM=0.684 tol=0.41
2026-07-23 03:07:47,348 alphafold2_ptm_model_1_seed_043 recycle=2 pLDDT=89.7 pTM=0.695 tol=0.106
2026-07-23 03:08:01,997 alphafold2_ptm_model_1_seed_043 recycle=3 pLDDT=90 pTM=0.701 tol=0.0549
2026-07-23 03:08:01,998 alphafold2_ptm_model_1_seed_043 took 61.5s (3 recycles)
2026-07-23 03:08:15,569 alphafold2_ptm_model_2_seed_043 recycle=0 pLDDT=90.7 pTM=0.721
2026-07-23 03:08:26,765 alphafold2_ptm_model_2_seed_043 recycle=1 pLDDT=91.3 pTM=0.739 tol=0.189
2026-07-23 03:08:42,009 alphafold2_ptm_model_2_seed_043 recycle=2 pLDDT=91.2 pTM=0.74 tol=0.057
2026-07-23 03:08:55,644 alphafold2_ptm_model_2_seed_043 recycle=3 pLDDT=91.4 pTM=0.741 tol=0.025
2026-07-23 03:08:55,645 alphafold2_ptm_model_2_seed_043 took 53.6s (3 recycles)
2026-07-23 03:09:09,341 alphafold2_ptm_model_3_seed_043 recycle=0 pLDDT=85.7 pTM=0.633
2026-07-23 03:09:22,309 alphafold2_ptm_model_3_seed_043 recycle=1 pLDDT=86.8 pTM=0.647 tol=0.235
2026-07-23 03:09:35,493 alphafold2_ptm_model_3_seed_043 recycle=2 pLDDT=87 pTM=0.655 tol=0.0775
2026-07-23 03:09:49,482 alphafold2_ptm_model_3_seed_043 recycle=3 pLDDT=87.5 pTM=0.66 tol=0.0491
2026-07-23 03:09:49,482 alphafold2_ptm_model_3_seed_043 took 53.8s (3 recycles)
2026-07-23 03:10:04,921 alphafold2_ptm_model_4_seed_043 recycle=0 pLDDT=87.4 pTM=0.669
2026-07-23 03:10:18,236 alphafold2_ptm_model_4_seed_043 recycle=1 pLDDT=89.2 pTM=0.695 tol=0.198
2026-07-23 03:10:32,220 alphafold2_ptm_model_4_seed_043 recycle=2 pLDDT=89.2 pTM=0.695 tol=0.0686
2026-07-23 03:10:50,409 alphafold2_ptm_model_4_seed_043 recycle=3 pLDDT=89.4 pTM=0.696 tol=0.028
2026-07-23 03:10:50,410 alphafold2_ptm_model_4_seed_043 took 60.9s (3 recycles)
2026-07-23 03:11:06,343 alphafold2_ptm_model_5_seed_043 recycle=0 pLDDT=88.8 pTM=0.68
2026-07-23 03:11:24,674 alphafold2_ptm_model_5_seed_043 recycle=1 pLDDT=89.1 pTM=0.685 tol=0.198
2026-07-23 03:11:38,648 alphafold2_ptm_model_5_seed_043 recycle=2 pLDDT=89.2 pTM=0.688 tol=0.0716
2026-07-23 03:11:51,829 alphafold2_ptm_model_5_seed_043 recycle=3 pLDDT=89.3 pTM=0.689 tol=0.0336
2026-07-23 03:11:51,835 alphafold2_ptm_model_5_seed_043 took 61.4s (3 recycles)
2026-07-23 03:11:53,517 Padding length to 82
2026-07-23 03:12:07,816 alphafold2_ptm_model_1_seed_044 recycle=0 pLDDT=85.4 pTM=0.627
2026-07-23 03:12:23,847 alphafold2_ptm_model_1_seed_044 recycle=1 pLDDT=89 pTM=0.683 tol=0.462
2026-07-23 03:12:39,816 alphafold2_ptm_model_1_seed_044 recycle=2 pLDDT=89.6 pTM=0.695 tol=0.1
2026-07-23 03:12:54,474 alphafold2_ptm_model_1_seed_044 recycle=3 pLDDT=90 pTM=0.701 tol=0.0628
2026-07-23 03:12:54,475 alphafold2_ptm_model_1_seed_044 took 61.0s (3 recycles)
2026-07-23 03:13:10,091 alphafold2_ptm_model_2_seed_044 recycle=0 pLDDT=91 pTM=0.727
2026-07-23 03:13:27,545 alphafold2_ptm_model_2_seed_044 recycle=1 pLDDT=91.3 pTM=0.739 tol=0.188
2026-07-23 03:13:41,347 alphafold2_ptm_model_2_seed_044 recycle=2 pLDDT=91.2 pTM=0.739 tol=0.0532
2026-07-23 03:13:56,602 alphafold2_ptm_model_2_seed_044 recycle=3 pLDDT=91.3 pTM=0.74 tol=0.0275
2026-07-23 03:13:56,603 alphafold2_ptm_model_2_seed_044 took 62.1s (3 recycles)
2026-07-23 03:14:13,857 alphafold2_ptm_model_3_seed_044 recycle=0 pLDDT=85.7 pTM=0.632
2026-07-23 03:14:28,463 alphafold2_ptm_model_3_seed_044 recycle=1 pLDDT=86.6 pTM=0.648 tol=0.213
2026-07-23 03:14:43,011 alphafold2_ptm_model_3_seed_044 recycle=2 pLDDT=86.9 pTM=0.651 tol=0.0893
2026-07-23 03:14:54,931 alphafold2_ptm_model_3_seed_044 recycle=3 pLDDT=87.8 pTM=0.661 tol=0.0681
2026-07-23 03:14:54,934 alphafold2_ptm_model_3_seed_044 took 58.3s (3 recycles)
2026-07-23 03:15:10,742 alphafold2_ptm_model_4_seed_044 recycle=0 pLDDT=87.8 pTM=0.672
2026-07-23 03:15:26,669 alphafold2_ptm_model_4_seed_044 recycle=1 pLDDT=89.1 pTM=0.693 tol=0.154
2026-07-23 03:15:43,457 alphafold2_ptm_model_4_seed_044 recycle=2 pLDDT=89.2 pTM=0.696 tol=0.0573
2026-07-23 03:15:59,390 alphafold2_ptm_model_4_seed_044 recycle=3 pLDDT=89.4 pTM=0.697 tol=0.0284
2026-07-23 03:15:59,390 alphafold2_ptm_model_4_seed_044 took 64.4s (3 recycles)
2026-07-23 03:16:13,998 alphafold2_ptm_model_5_seed_044 recycle=0 pLDDT=88.7 pTM=0.674
2026-07-23 03:16:28,070 alphafold2_ptm_model_5_seed_044 recycle=1 pLDDT=89.4 pTM=0.688 tol=0.218
2026-07-23 03:16:43,580 alphafold2_ptm_model_5_seed_044 recycle=2 pLDDT=89.4 pTM=0.688 tol=0.0676
2026-07-23 03:16:58,062 alphafold2_ptm_model_5_seed_044 recycle=3 pLDDT=89.5 pTM=0.692 tol=0.0374
2026-07-23 03:16:58,068 alphafold2_ptm_model_5_seed_044 took 58.6s (3 recycles)
2026-07-23 03:16:58,117 reranking models by 'plddt' metric
2026-07-23 03:16:58,117 rank_001_alphafold2_ptm_model_2_seed_042 pLDDT=91.6 pTM=0.744
2026-07-23 03:16:58,120 rank_002_alphafold2_ptm_model_2_seed_043 pLDDT=91.4 pTM=0.741
2026-07-23 03:16:58,122 rank_003_alphafold2_ptm_model_2_seed_044 pLDDT=91.3 pTM=0.74
2026-07-23 03:16:58,124 rank_004_alphafold2_ptm_model_1_seed_042 pLDDT=90.1 pTM=0.702
2026-07-23 03:16:58,126 rank_005_alphafold2_ptm_model_1_seed_044 pLDDT=90 pTM=0.701
2026-07-23 03:16:58,128 rank_006_alphafold2_ptm_model_1_seed_043 pLDDT=90 pTM=0.701
2026-07-23 03:16:58,129 rank_007_alphafold2_ptm_model_5_seed_044 pLDDT=89.5 pTM=0.692
2026-07-23 03:16:58,131 rank_008_alphafold2_ptm_model_4_seed_042 pLDDT=89.5 pTM=0.698
2026-07-23 03:16:58,132 rank_009_alphafold2_ptm_model_4_seed_043 pLDDT=89.4 pTM=0.696
2026-07-23 03:16:58,134 rank_010_alphafold2_ptm_model_4_seed_044 pLDDT=89.4 pTM=0.697
2026-07-23 03:16:58,136 rank_011_alphafold2_ptm_model_5_seed_043 pLDDT=89.3 pTM=0.689
2026-07-23 03:16:58,137 rank_012_alphafold2_ptm_model_5_seed_042 pLDDT=89.3 pTM=0.689
2026-07-23 03:16:58,140 rank_013_alphafold2_ptm_model_3_seed_042 pLDDT=87.8 pTM=0.663
2026-07-23 03:16:58,142 rank_014_alphafold2_ptm_model_3_seed_044 pLDDT=87.8 pTM=0.661
2026-07-23 03:16:58,143 rank_015_alphafold2_ptm_model_3_seed_043 pLDDT=87.5 pTM=0.66
2026-07-23 03:17:00,953 Query 44/786: 5KPH_6_4_0_0_combined_id2 (length 72)
2026-07-23 03:17:03,272 Padding length to 82
2026-07-23 03:17:16,703 alphafold2_ptm_model_1_seed_042 recycle=0 pLDDT=83.4 pTM=0.593
2026-07-23 03:17:30,323 alphafold2_ptm_model_1_seed_042 recycle=1 pLDDT=86 pTM=0.643 tol=0.237
2026-07-23 03:17:43,932 alphafold2_ptm_model_1_seed_042 recycle=2 pLDDT=86.4 pTM=0.644 tol=0.0895
2026-07-23 03:17:57,601 alphafold2_ptm_model_1_seed_042 recycle=3 pLDDT=86.3 pTM=0.648 tol=0.0473
2026-07-23 03:17:57,601 alphafold2_ptm_model_1_seed_042 took 54.3s (3 recycles)
2026-07-23 03:18:09,013 alphafold2_ptm_model_2_seed_042 recycle=0 pLDDT=84.3 pTM=0.647
2026-07-23 03:18:25,401 alphafold2_ptm_model_2_seed_042 recycle=1 pLDDT=81.1 pTM=0.617 tol=0.517
2026-07-23 03:18:41,675 alphafold2_ptm_model_2_seed_042 recycle=2 pLDDT=86.8 pTM=0.684 tol=0.391
2026-07-23 03:18:58,845 alphafold2_ptm_model_2_seed_042 recycle=3 pLDDT=85 pTM=0.656 tol=0.221
2026-07-23 03:18:58,846 alphafold2_ptm_model_2_seed_042 took 61.2s (3 recycles)
2026-07-23 03:19:13,550 alphafold2_ptm_model_3_seed_042 recycle=0 pLDDT=82.9 pTM=0.613
2026-07-23 03:19:28,182 alphafold2_ptm_model_3_seed_042 recycle=1 pLDDT=84.9 pTM=0.629 tol=0.424
2026-07-23 03:19:42,575 alphafold2_ptm_model_3_seed_042 recycle=2 pLDDT=84.3 pTM=0.624 tol=0.197
2026-07-23 03:19:57,529 alphafold2_ptm_model_3_seed_042 recycle=3 pLDDT=84.1 pTM=0.624 tol=0.11
2026-07-23 03:19:57,530 alphafold2_ptm_model_3_seed_042 took 58.7s (3 recycles)
2026-07-23 03:20:14,294 alphafold2_ptm_model_4_seed_042 recycle=0 pLDDT=85.9 pTM=0.661
2026-07-23 03:20:31,452 alphafold2_ptm_model_4_seed_042 recycle=1 pLDDT=87.6 pTM=0.683 tol=0.385
2026-07-23 03:20:47,225 alphafold2_ptm_model_4_seed_042 recycle=2 pLDDT=87.8 pTM=0.688 tol=0.166
2026-07-23 03:21:00,957 alphafold2_ptm_model_4_seed_042 recycle=3 pLDDT=87.2 pTM=0.685 tol=0.12
2026-07-23 03:21:00,957 alphafold2_ptm_model_4_seed_042 took 63.4s (3 recycles)
2026-07-23 03:21:14,326 alphafold2_ptm_model_5_seed_042 recycle=0 pLDDT=85.2 pTM=0.652
2026-07-23 03:21:25,577 alphafold2_ptm_model_5_seed_042 recycle=1 pLDDT=82.4 pTM=0.625 tol=0.662
2026-07-23 03:21:42,434 alphafold2_ptm_model_5_seed_042 recycle=2 pLDDT=85.8 pTM=0.657 tol=0.518
2026-07-23 03:21:57,373 alphafold2_ptm_model_5_seed_042 recycle=3 pLDDT=85.2 pTM=0.65 tol=0.599
2026-07-23 03:21:57,374 alphafold2_ptm_model_5_seed_042 took 56.3s (3 recycles)
2026-07-23 03:21:58,580 Padding length to 82
2026-07-23 03:22:13,746 alphafold2_ptm_model_1_seed_043 recycle=0 pLDDT=83.1 pTM=0.585
2026-07-23 03:22:29,606 alphafold2_ptm_model_1_seed_043 recycle=1 pLDDT=85.9 pTM=0.641 tol=0.222
2026-07-23 03:22:45,830 alphafold2_ptm_model_1_seed_043 recycle=2 pLDDT=86.4 pTM=0.646 tol=0.0964
2026-07-23 03:23:02,752 alphafold2_ptm_model_1_seed_043 recycle=3 pLDDT=86.4 pTM=0.645 tol=0.0439
2026-07-23 03:23:02,753 alphafold2_ptm_model_1_seed_043 took 64.2s (3 recycles)
2026-07-23 03:23:17,628 alphafold2_ptm_model_2_seed_043 recycle=0 pLDDT=83.8 pTM=0.638
2026-07-23 03:23:33,013 alphafold2_ptm_model_2_seed_043 recycle=1 pLDDT=81.5 pTM=0.621 tol=0.577
2026-07-23 03:23:48,501 alphafold2_ptm_model_2_seed_043 recycle=2 pLDDT=86.7 pTM=0.681 tol=0.402
2026-07-23 03:24:05,371 alphafold2_ptm_model_2_seed_043 recycle=3 pLDDT=84.9 pTM=0.652 tol=0.264
2026-07-23 03:24:05,372 alphafold2_ptm_model_2_seed_043 took 62.6s (3 recycles)
2026-07-23 03:24:20,722 alphafold2_ptm_model_3_seed_043 recycle=0 pLDDT=82.7 pTM=0.612
2026-07-23 03:24:32,370 alphafold2_ptm_model_3_seed_043 recycle=1 pLDDT=85.2 pTM=0.632 tol=0.474
2026-07-23 03:24:43,569 alphafold2_ptm_model_3_seed_043 recycle=2 pLDDT=84.4 pTM=0.624 tol=0.183
2026-07-23 03:24:56,968 alphafold2_ptm_model_3_seed_043 recycle=3 pLDDT=84.3 pTM=0.625 tol=0.157
2026-07-23 03:24:56,968 alphafold2_ptm_model_3_seed_043 took 51.5s (3 recycles)
2026-07-23 03:25:11,291 alphafold2_ptm_model_4_seed_043 recycle=0 pLDDT=86.6 pTM=0.661
2026-07-23 03:25:26,139 alphafold2_ptm_model_4_seed_043 recycle=1 pLDDT=87.5 pTM=0.682 tol=0.29
2026-07-23 03:25:40,799 alphafold2_ptm_model_4_seed_043 recycle=2 pLDDT=87.7 pTM=0.688 tol=0.227
2026-07-23 03:25:56,903 alphafold2_ptm_model_4_seed_043 recycle=3 pLDDT=87 pTM=0.682 tol=0.146
2026-07-23 03:25:56,903 alphafold2_ptm_model_4_seed_043 took 59.9s (3 recycles)
2026-07-23 03:26:11,962 alphafold2_ptm_model_5_seed_043 recycle=0 pLDDT=85.4 pTM=0.652
2026-07-23 03:26:26,784 alphafold2_ptm_model_5_seed_043 recycle=1 pLDDT=84.8 pTM=0.642 tol=0.408
2026-07-23 03:26:41,163 alphafold2_ptm_model_5_seed_043 recycle=2 pLDDT=86.2 pTM=0.657 tol=0.486
2026-07-23 03:26:54,837 alphafold2_ptm_model_5_seed_043 recycle=3 pLDDT=86.2 pTM=0.657 tol=0.4
2026-07-23 03:26:54,838 alphafold2_ptm_model_5_seed_043 took 57.9s (3 recycles)
2026-07-23 03:26:55,941 Padding length to 82
2026-07-23 03:27:11,341 alphafold2_ptm_model_1_seed_044 recycle=0 pLDDT=82.2 pTM=0.557
2026-07-23 03:27:25,841 alphafold2_ptm_model_1_seed_044 recycle=1 pLDDT=86 pTM=0.642 tol=0.336
2026-07-23 03:27:40,103 alphafold2_ptm_model_1_seed_044 recycle=2 pLDDT=86.4 pTM=0.644 tol=0.0826
2026-07-23 03:27:51,571 alphafold2_ptm_model_1_seed_044 recycle=3 pLDDT=86.3 pTM=0.646 tol=0.0566
2026-07-23 03:27:51,572 alphafold2_ptm_model_1_seed_044 took 55.6s (3 recycles)
2026-07-23 03:28:02,768 alphafold2_ptm_model_2_seed_044 recycle=0 pLDDT=85.5 pTM=0.646
2026-07-23 03:28:16,370 alphafold2_ptm_model_2_seed_044 recycle=1 pLDDT=82.7 pTM=0.631 tol=0.442
2026-07-23 03:28:32,499 alphafold2_ptm_model_2_seed_044 recycle=2 pLDDT=86.5 pTM=0.677 tol=0.503
2026-07-23 03:28:47,439 alphafold2_ptm_model_2_seed_044 recycle=3 pLDDT=85.4 pTM=0.659 tol=0.177
2026-07-23 03:28:47,440 alphafold2_ptm_model_2_seed_044 took 55.8s (3 recycles)
2026-07-23 03:29:02,387 alphafold2_ptm_model_3_seed_044 recycle=0 pLDDT=82.9 pTM=0.615
2026-07-23 03:29:15,755 alphafold2_ptm_model_3_seed_044 recycle=1 pLDDT=85.2 pTM=0.629 tol=0.511
2026-07-23 03:29:30,585 alphafold2_ptm_model_3_seed_044 recycle=2 pLDDT=84.5 pTM=0.625 tol=0.201
2026-07-23 03:29:44,422 alphafold2_ptm_model_3_seed_044 recycle=3 pLDDT=84.4 pTM=0.626 tol=0.14
2026-07-23 03:29:44,423 alphafold2_ptm_model_3_seed_044 took 56.9s (3 recycles)
2026-07-23 03:29:59,609 alphafold2_ptm_model_4_seed_044 recycle=0 pLDDT=86.2 pTM=0.656
2026-07-23 03:30:14,426 alphafold2_ptm_model_4_seed_044 recycle=1 pLDDT=87.3 pTM=0.68 tol=0.38
2026-07-23 03:30:28,900 alphafold2_ptm_model_4_seed_044 recycle=2 pLDDT=87.6 pTM=0.686 tol=0.22
2026-07-23 03:30:43,803 alphafold2_ptm_model_4_seed_044 recycle=3 pLDDT=87.1 pTM=0.681 tol=0.138
2026-07-23 03:30:43,803 alphafold2_ptm_model_4_seed_044 took 59.3s (3 recycles)
2026-07-23 03:30:58,719 alphafold2_ptm_model_5_seed_044 recycle=0 pLDDT=78.6 pTM=0.614
2026-07-23 03:31:10,108 alphafold2_ptm_model_5_seed_044 recycle=1 pLDDT=85.6 pTM=0.646 tol=1.47
2026-07-23 03:31:21,324 alphafold2_ptm_model_5_seed_044 recycle=2 pLDDT=82.8 pTM=0.625 tol=0.802
2026-07-23 03:31:34,403 alphafold2_ptm_model_5_seed_044 recycle=3 pLDDT=85.4 pTM=0.653 tol=0.399
2026-07-23 03:31:34,404 alphafold2_ptm_model_5_seed_044 took 50.6s (3 recycles)
2026-07-23 03:31:34,461 reranking models by 'plddt' metric
2026-07-23 03:31:34,462 rank_001_alphafold2_ptm_model_4_seed_042 pLDDT=87.2 pTM=0.685
2026-07-23 03:31:34,465 rank_002_alphafold2_ptm_model_4_seed_044 pLDDT=87.1 pTM=0.681
2026-07-23 03:31:34,466 rank_003_alphafold2_ptm_model_4_seed_043 pLDDT=87 pTM=0.682
2026-07-23 03:31:34,468 rank_004_alphafold2_ptm_model_1_seed_043 pLDDT=86.4 pTM=0.645
2026-07-23 03:31:34,470 rank_005_alphafold2_ptm_model_1_seed_044 pLDDT=86.3 pTM=0.646
2026-07-23 03:31:34,471 rank_006_alphafold2_ptm_model_1_seed_042 pLDDT=86.3 pTM=0.648
2026-07-23 03:31:34,474 rank_007_alphafold2_ptm_model_5_seed_043 pLDDT=86.2 pTM=0.657
2026-07-23 03:31:34,476 rank_008_alphafold2_ptm_model_5_seed_044 pLDDT=85.4 pTM=0.653
2026-07-23 03:31:34,477 rank_009_alphafold2_ptm_model_2_seed_044 pLDDT=85.4 pTM=0.659
2026-07-23 03:31:34,480 rank_010_alphafold2_ptm_model_5_seed_042 pLDDT=85.2 pTM=0.65
2026-07-23 03:31:34,482 rank_011_alphafold2_ptm_model_2_seed_042 pLDDT=85 pTM=0.656
2026-07-23 03:31:34,485 rank_012_alphafold2_ptm_model_2_seed_043 pLDDT=84.9 pTM=0.652
2026-07-23 03:31:34,487 rank_013_alphafold2_ptm_model_3_seed_044 pLDDT=84.4 pTM=0.626
2026-07-23 03:31:34,488 rank_014_alphafold2_ptm_model_3_seed_043 pLDDT=84.3 pTM=0.625
2026-07-23 03:31:34,490 rank_015_alphafold2_ptm_model_3_seed_042 pLDDT=84.1 pTM=0.624
2026-07-23 03:31:37,148 Query 45/786: 5KPH_6_4_0_0_combined_id9 (length 72)
2026-07-23 03:31:40,062 Padding length to 82
2026-07-23 03:31:58,490 alphafold2_ptm_model_1_seed_042 recycle=0 pLDDT=83.8 pTM=0.584
2026-07-23 03:32:13,957 alphafold2_ptm_model_1_seed_042 recycle=1 pLDDT=86.7 pTM=0.641 tol=0.167
2026-07-23 03:32:28,703 alphafold2_ptm_model_1_seed_042 recycle=2 pLDDT=86.9 pTM=0.645 tol=0.139
2026-07-23 03:32:42,536 alphafold2_ptm_model_1_seed_042 recycle=3 pLDDT=87.7 pTM=0.66 tol=0.0622
2026-07-23 03:32:42,537 alphafold2_ptm_model_1_seed_042 took 62.5s (3 recycles)
2026-07-23 03:32:58,359 alphafold2_ptm_model_2_seed_042 recycle=0 pLDDT=88.2 pTM=0.679
2026-07-23 03:33:12,714 alphafold2_ptm_model_2_seed_042 recycle=1 pLDDT=88.9 pTM=0.693 tol=0.216
2026-07-23 03:33:28,057 alphafold2_ptm_model_2_seed_042 recycle=2 pLDDT=88.4 pTM=0.688 tol=0.0869
2026-07-23 03:33:43,935 alphafold2_ptm_model_2_seed_042 recycle=3 pLDDT=88.6 pTM=0.692 tol=0.0476
2026-07-23 03:33:43,936 alphafold2_ptm_model_2_seed_042 took 61.4s (3 recycles)
2026-07-23 03:33:59,247 alphafold2_ptm_model_3_seed_042 recycle=0 pLDDT=83.6 pTM=0.6
2026-07-23 03:34:13,133 alphafold2_ptm_model_3_seed_042 recycle=1 pLDDT=86.9 pTM=0.646 tol=0.492
2026-07-23 03:34:25,818 alphafold2_ptm_model_3_seed_042 recycle=2 pLDDT=85.9 pTM=0.647 tol=0.218
2026-07-23 03:34:37,166 alphafold2_ptm_model_3_seed_042 recycle=3 pLDDT=86.4 pTM=0.643 tol=0.116
2026-07-23 03:34:37,166 alphafold2_ptm_model_3_seed_042 took 53.2s (3 recycles)
2026-07-23 03:34:52,033 alphafold2_ptm_model_4_seed_042 recycle=0 pLDDT=86.7 pTM=0.648
2026-07-23 03:35:09,802 alphafold2_ptm_model_4_seed_042 recycle=1 pLDDT=87.4 pTM=0.667 tol=0.21
2026-07-23 03:35:25,549 alphafold2_ptm_model_4_seed_042 recycle=2 pLDDT=87.2 pTM=0.671 tol=0.113
2026-07-23 03:35:41,412 alphafold2_ptm_model_4_seed_042 recycle=3 pLDDT=88.1 pTM=0.684 tol=0.0812
2026-07-23 03:35:41,413 alphafold2_ptm_model_4_seed_042 took 64.2s (3 recycles)
2026-07-23 03:35:56,925 alphafold2_ptm_model_5_seed_042 recycle=0 pLDDT=88.1 pTM=0.67
2026-07-23 03:36:11,929 alphafold2_ptm_model_5_seed_042 recycle=1 pLDDT=89.1 pTM=0.682 tol=0.167
2026-07-23 03:36:28,229 alphafold2_ptm_model_5_seed_042 recycle=2 pLDDT=89.8 pTM=0.689 tol=0.168
2026-07-23 03:36:44,055 alphafold2_ptm_model_5_seed_042 recycle=3 pLDDT=90 pTM=0.693 tol=0.12
2026-07-23 03:36:44,056 alphafold2_ptm_model_5_seed_042 took 62.5s (3 recycles)
2026-07-23 03:36:45,375 Padding length to 82
2026-07-23 03:36:59,391 alphafold2_ptm_model_1_seed_043 recycle=0 pLDDT=84.2 pTM=0.593
2026-07-23 03:37:13,227 alphafold2_ptm_model_1_seed_043 recycle=1 pLDDT=86.8 pTM=0.644 tol=0.189
2026-07-23 03:37:27,685 alphafold2_ptm_model_1_seed_043 recycle=2 pLDDT=87.2 pTM=0.65 tol=0.154
2026-07-23 03:37:40,183 alphafold2_ptm_model_1_seed_043 recycle=3 pLDDT=88 pTM=0.665 tol=0.0917
2026-07-23 03:37:40,184 alphafold2_ptm_model_1_seed_043 took 54.8s (3 recycles)
2026-07-23 03:37:51,913 alphafold2_ptm_model_2_seed_043 recycle=0 pLDDT=87.9 pTM=0.672
2026-07-23 03:38:03,896 alphafold2_ptm_model_2_seed_043 recycle=1 pLDDT=88.6 pTM=0.689 tol=0.119
2026-07-23 03:38:18,060 alphafold2_ptm_model_2_seed_043 recycle=2 pLDDT=88.4 pTM=0.688 tol=0.0533
2026-07-23 03:38:33,383 alphafold2_ptm_model_2_seed_043 recycle=3 pLDDT=88.4 pTM=0.689 tol=0.0276
2026-07-23 03:38:33,383 alphafold2_ptm_model_2_seed_043 took 53.2s (3 recycles)
2026-07-23 03:38:49,630 alphafold2_ptm_model_3_seed_043 recycle=0 pLDDT=83.9 pTM=0.603
2026-07-23 03:39:03,210 alphafold2_ptm_model_3_seed_043 recycle=1 pLDDT=86.9 pTM=0.646 tol=0.372
2026-07-23 03:39:16,856 alphafold2_ptm_model_3_seed_043 recycle=2 pLDDT=86.6 pTM=0.649 tol=0.0834
2026-07-23 03:39:30,919 alphafold2_ptm_model_3_seed_043 recycle=3 pLDDT=86.8 pTM=0.65 tol=0.156
2026-07-23 03:39:30,920 alphafold2_ptm_model_3_seed_043 took 57.5s (3 recycles)
2026-07-23 03:39:44,876 alphafold2_ptm_model_4_seed_043 recycle=0 pLDDT=86.8 pTM=0.655
2026-07-23 03:39:59,299 alphafold2_ptm_model_4_seed_043 recycle=1 pLDDT=87.4 pTM=0.667 tol=0.173
2026-07-23 03:40:13,486 alphafold2_ptm_model_4_seed_043 recycle=2 pLDDT=87.3 pTM=0.67 tol=0.0986
2026-07-23 03:40:28,354 alphafold2_ptm_model_4_seed_043 recycle=3 pLDDT=88 pTM=0.684 tol=0.0748
2026-07-23 03:40:28,354 alphafold2_ptm_model_4_seed_043 took 57.4s (3 recycles)
2026-07-23 03:40:43,289 alphafold2_ptm_model_5_seed_043 recycle=0 pLDDT=88 pTM=0.667
2026-07-23 03:40:56,731 alphafold2_ptm_model_5_seed_043 recycle=1 pLDDT=88.7 pTM=0.677 tol=0.177
2026-07-23 03:41:08,424 alphafold2_ptm_model_5_seed_043 recycle=2 pLDDT=89.5 pTM=0.687 tol=0.126
2026-07-23 03:41:21,558 alphafold2_ptm_model_5_seed_043 recycle=3 pLDDT=89.7 pTM=0.689 tol=0.131
2026-07-23 03:41:21,559 alphafold2_ptm_model_5_seed_043 took 53.1s (3 recycles)
2026-07-23 03:41:22,653 Padding length to 82
2026-07-23 03:41:38,589 alphafold2_ptm_model_1_seed_044 recycle=0 pLDDT=84.3 pTM=0.592
2026-07-23 03:41:53,391 alphafold2_ptm_model_1_seed_044 recycle=1 pLDDT=86.6 pTM=0.64 tol=0.175
2026-07-23 03:42:07,826 alphafold2_ptm_model_1_seed_044 recycle=2 pLDDT=87 pTM=0.646 tol=0.162
2026-07-23 03:42:24,227 alphafold2_ptm_model_1_seed_044 recycle=3 pLDDT=87.8 pTM=0.663 tol=0.0737
2026-07-23 03:42:24,228 alphafold2_ptm_model_1_seed_044 took 61.6s (3 recycles)
2026-07-23 03:42:40,346 alphafold2_ptm_model_2_seed_044 recycle=0 pLDDT=88.4 pTM=0.68
2026-07-23 03:42:54,515 alphafold2_ptm_model_2_seed_044 recycle=1 pLDDT=89.1 pTM=0.697 tol=0.208
2026-07-23 03:43:09,271 alphafold2_ptm_model_2_seed_044 recycle=2 pLDDT=87.9 pTM=0.683 tol=0.103
2026-07-23 03:43:24,545 alphafold2_ptm_model_2_seed_044 recycle=3 pLDDT=88.3 pTM=0.688 tol=0.0602
2026-07-23 03:43:24,546 alphafold2_ptm_model_2_seed_044 took 60.3s (3 recycles)
2026-07-23 03:43:39,124 alphafold2_ptm_model_3_seed_044 recycle=0 pLDDT=83.7 pTM=0.599
2026-07-23 03:43:55,347 alphafold2_ptm_model_3_seed_044 recycle=1 pLDDT=86.5 pTM=0.637 tol=0.349
2026-07-23 03:44:09,480 alphafold2_ptm_model_3_seed_044 recycle=2 pLDDT=86.4 pTM=0.649 tol=0.107
2026-07-23 03:44:21,095 alphafold2_ptm_model_3_seed_044 recycle=3 pLDDT=86.6 pTM=0.65 tol=0.152
2026-07-23 03:44:21,096 alphafold2_ptm_model_3_seed_044 took 56.5s (3 recycles)
2026-07-23 03:44:33,552 alphafold2_ptm_model_4_seed_044 recycle=0 pLDDT=86.5 pTM=0.65
2026-07-23 03:44:50,719 alphafold2_ptm_model_4_seed_044 recycle=1 pLDDT=87.4 pTM=0.666 tol=0.234
2026-07-23 03:45:06,670 alphafold2_ptm_model_4_seed_044 recycle=2 pLDDT=87.2 pTM=0.671 tol=0.159
2026-07-23 03:45:20,660 alphafold2_ptm_model_4_seed_044 recycle=3 pLDDT=88 pTM=0.684 tol=0.0834
2026-07-23 03:45:20,660 alphafold2_ptm_model_4_seed_044 took 59.5s (3 recycles)
2026-07-23 03:45:35,897 alphafold2_ptm_model_5_seed_044 recycle=0 pLDDT=87.9 pTM=0.667
2026-07-23 03:45:50,906 alphafold2_ptm_model_5_seed_044 recycle=1 pLDDT=88.9 pTM=0.68 tol=0.165
2026-07-23 03:46:05,155 alphafold2_ptm_model_5_seed_044 recycle=2 pLDDT=89.8 pTM=0.688 tol=0.171
2026-07-23 03:46:19,322 alphafold2_ptm_model_5_seed_044 recycle=3 pLDDT=89.9 pTM=0.694 tol=0.114
2026-07-23 03:46:19,322 alphafold2_ptm_model_5_seed_044 took 58.6s (3 recycles)
2026-07-23 03:46:19,394 reranking models by 'plddt' metric
2026-07-23 03:46:19,394 rank_001_alphafold2_ptm_model_5_seed_042 pLDDT=90 pTM=0.693
2026-07-23 03:46:19,396 rank_002_alphafold2_ptm_model_5_seed_044 pLDDT=89.9 pTM=0.694
2026-07-23 03:46:19,398 rank_003_alphafold2_ptm_model_5_seed_043 pLDDT=89.7 pTM=0.689
2026-07-23 03:46:19,400 rank_004_alphafold2_ptm_model_2_seed_042 pLDDT=88.6 pTM=0.692
2026-07-23 03:46:19,402 rank_005_alphafold2_ptm_model_2_seed_043 pLDDT=88.4 pTM=0.689
2026-07-23 03:46:19,405 rank_006_alphafold2_ptm_model_2_seed_044 pLDDT=88.3 pTM=0.688
2026-07-23 03:46:19,406 rank_007_alphafold2_ptm_model_4_seed_042 pLDDT=88.1 pTM=0.684
2026-07-23 03:46:19,408 rank_008_alphafold2_ptm_model_4_seed_044 pLDDT=88 pTM=0.684
2026-07-23 03:46:19,409 rank_009_alphafold2_ptm_model_4_seed_043 pLDDT=88 pTM=0.684
2026-07-23 03:46:19,411 rank_010_alphafold2_ptm_model_1_seed_043 pLDDT=88 pTM=0.665
2026-07-23 03:46:19,413 rank_011_alphafold2_ptm_model_1_seed_044 pLDDT=87.8 pTM=0.663
2026-07-23 03:46:19,415 rank_012_alphafold2_ptm_model_1_seed_042 pLDDT=87.7 pTM=0.66
2026-07-23 03:46:19,416 rank_013_alphafold2_ptm_model_3_seed_043 pLDDT=86.8 pTM=0.65
2026-07-23 03:46:19,418 rank_014_alphafold2_ptm_model_3_seed_044 pLDDT=86.6 pTM=0.65
2026-07-23 03:46:19,420 rank_015_alphafold2_ptm_model_3_seed_042 pLDDT=86.4 pTM=0.643
2026-07-23 03:46:22,063 Skipping 5KPH_6_4_0_0_combined_id1 (already done)
2026-07-23 03:46:22,064 Query 47/786: 5KPH_6_4_0_0_combined_id6 (length 72)
2026-07-23 03:46:24,673 Padding length to 82
2026-07-23 03:46:41,856 alphafold2_ptm_model_1_seed_042 recycle=0 pLDDT=84 pTM=0.576
2026-07-23 03:46:56,899 alphafold2_ptm_model_1_seed_042 recycle=1 pLDDT=89.8 pTM=0.704 tol=0.522
2026-07-23 03:47:10,916 alphafold2_ptm_model_1_seed_042 recycle=2 pLDDT=90.3 pTM=0.715 tol=0.0912
2026-07-23 03:47:25,105 alphafold2_ptm_model_1_seed_042 recycle=3 pLDDT=90.6 pTM=0.725 tol=0.0439
2026-07-23 03:47:25,106 alphafold2_ptm_model_1_seed_042 took 60.4s (3 recycles)
2026-07-23 03:47:36,710 alphafold2_ptm_model_2_seed_042 recycle=0 pLDDT=89.9 pTM=0.708
2026-07-23 03:47:48,669 alphafold2_ptm_model_2_seed_042 recycle=1 pLDDT=90.2 pTM=0.703 tol=0.231
2026-07-23 03:48:02,767 alphafold2_ptm_model_2_seed_042 recycle=2 pLDDT=89.8 pTM=0.7 tol=0.0902
2026-07-23 03:48:18,349 alphafold2_ptm_model_2_seed_042 recycle=3 pLDDT=89.4 pTM=0.695 tol=0.0634
2026-07-23 03:48:18,350 alphafold2_ptm_model_2_seed_042 took 53.2s (3 recycles)
2026-07-23 03:48:33,532 alphafold2_ptm_model_3_seed_042 recycle=0 pLDDT=85.9 pTM=0.606
2026-07-23 03:48:49,250 alphafold2_ptm_model_3_seed_042 recycle=1 pLDDT=82.6 pTM=0.57 tol=0.922
2026-07-23 03:49:02,602 alphafold2_ptm_model_3_seed_042 recycle=2 pLDDT=86.8 pTM=0.623 tol=0.485
2026-07-23 03:49:16,243 alphafold2_ptm_model_3_seed_042 recycle=3 pLDDT=83.3 pTM=0.604 tol=0.452
2026-07-23 03:49:16,244 alphafold2_ptm_model_3_seed_042 took 57.9s (3 recycles)
2026-07-23 03:49:33,200 alphafold2_ptm_model_4_seed_042 recycle=0 pLDDT=88.3 pTM=0.653
2026-07-23 03:49:49,828 alphafold2_ptm_model_4_seed_042 recycle=1 pLDDT=88.6 pTM=0.674 tol=0.27
2026-07-23 03:50:05,060 alphafold2_ptm_model_4_seed_042 recycle=2 pLDDT=88.8 pTM=0.679 tol=0.107
2026-07-23 03:50:19,010 alphafold2_ptm_model_4_seed_042 recycle=3 pLDDT=88.8 pTM=0.682 tol=0.0483
2026-07-23 03:50:19,011 alphafold2_ptm_model_4_seed_042 took 62.7s (3 recycles)
2026-07-23 03:50:31,866 alphafold2_ptm_model_5_seed_042 recycle=0 pLDDT=86.7 pTM=0.646
2026-07-23 03:50:45,189 alphafold2_ptm_model_5_seed_042 recycle=1 pLDDT=88.9 pTM=0.689 tol=0.252
2026-07-23 03:50:56,920 alphafold2_ptm_model_5_seed_042 recycle=2 pLDDT=89.4 pTM=0.697 tol=0.0881
2026-07-23 03:51:11,746 alphafold2_ptm_model_5_seed_042 recycle=3 pLDDT=89.6 pTM=0.703 tol=0.0402
2026-07-23 03:51:11,747 alphafold2_ptm_model_5_seed_042 took 52.6s (3 recycles)
2026-07-23 03:51:12,888 Padding length to 82
2026-07-23 03:51:27,789 alphafold2_ptm_model_1_seed_043 recycle=0 pLDDT=82.6 pTM=0.551
2026-07-23 03:51:41,178 alphafold2_ptm_model_1_seed_043 recycle=1 pLDDT=84.8 pTM=0.613 tol=0.292
2026-07-23 03:51:56,661 alphafold2_ptm_model_1_seed_043 recycle=2 pLDDT=88.2 pTM=0.653 tol=1.33
2026-07-23 03:52:12,047 alphafold2_ptm_model_1_seed_043 recycle=3 pLDDT=88.1 pTM=0.65 tol=0.101
2026-07-23 03:52:12,048 alphafold2_ptm_model_1_seed_043 took 59.2s (3 recycles)
2026-07-23 03:52:26,963 alphafold2_ptm_model_2_seed_043 recycle=0 pLDDT=82.5 pTM=0.641
2026-07-23 03:52:40,770 alphafold2_ptm_model_2_seed_043 recycle=1 pLDDT=90.4 pTM=0.698 tol=0.691
2026-07-23 03:52:54,846 alphafold2_ptm_model_2_seed_043 recycle=2 pLDDT=90.5 pTM=0.706 tol=0.166
2026-07-23 03:53:09,189 alphafold2_ptm_model_2_seed_043 recycle=3 pLDDT=89.8 pTM=0.695 tol=0.0652
2026-07-23 03:53:09,190 alphafold2_ptm_model_2_seed_043 took 57.1s (3 recycles)
2026-07-23 03:53:23,513 alphafold2_ptm_model_3_seed_043 recycle=0 pLDDT=84.3 pTM=0.587
2026-07-23 03:53:36,865 alphafold2_ptm_model_3_seed_043 recycle=1 pLDDT=84.1 pTM=0.585 tol=0.629
2026-07-23 03:53:50,261 alphafold2_ptm_model_3_seed_043 recycle=2 pLDDT=83.4 pTM=0.587 tol=0.783
2026-07-23 03:54:01,811 alphafold2_ptm_model_3_seed_043 recycle=3 pLDDT=85.8 pTM=0.61 tol=0.32
2026-07-23 03:54:01,811 alphafold2_ptm_model_3_seed_043 took 52.5s (3 recycles)
2026-07-23 03:54:13,574 alphafold2_ptm_model_4_seed_043 recycle=0 pLDDT=88.1 pTM=0.653
2026-07-23 03:54:28,543 alphafold2_ptm_model_4_seed_043 recycle=1 pLDDT=88.5 pTM=0.672 tol=0.227
2026-07-23 03:54:43,793 alphafold2_ptm_model_4_seed_043 recycle=2 pLDDT=88.8 pTM=0.678 tol=0.0906
2026-07-23 03:54:59,160 alphafold2_ptm_model_4_seed_043 recycle=3 pLDDT=88.7 pTM=0.68 tol=0.0544
2026-07-23 03:54:59,160 alphafold2_ptm_model_4_seed_043 took 57.3s (3 recycles)
2026-07-23 03:55:13,573 alphafold2_ptm_model_5_seed_043 recycle=0 pLDDT=86.8 pTM=0.647
2026-07-23 03:55:28,513 alphafold2_ptm_model_5_seed_043 recycle=1 pLDDT=88.8 pTM=0.686 tol=0.366
2026-07-23 03:55:42,317 alphafold2_ptm_model_5_seed_043 recycle=2 pLDDT=89.1 pTM=0.691 tol=0.0898
2026-07-23 03:55:57,312 alphafold2_ptm_model_5_seed_043 recycle=3 pLDDT=89.2 pTM=0.697 tol=0.036
2026-07-23 03:55:57,313 alphafold2_ptm_model_5_seed_043 took 58.1s (3 recycles)
2026-07-23 03:55:58,546 Padding length to 82
2026-07-23 03:56:11,927 alphafold2_ptm_model_1_seed_044 recycle=0 pLDDT=80.9 pTM=0.561
2026-07-23 03:56:26,298 alphafold2_ptm_model_1_seed_044 recycle=1 pLDDT=85.8 pTM=0.63 tol=0.314
2026-07-23 03:56:40,318 alphafold2_ptm_model_1_seed_044 recycle=2 pLDDT=86.4 pTM=0.641 tol=0.104
2026-07-23 03:56:55,436 alphafold2_ptm_model_1_seed_044 recycle=3 pLDDT=86.6 pTM=0.64 tol=0.0592
2026-07-23 03:56:55,437 alphafold2_ptm_model_1_seed_044 took 56.9s (3 recycles)
2026-07-23 03:57:08,568 alphafold2_ptm_model_2_seed_044 recycle=0 pLDDT=89.1 pTM=0.688
2026-07-23 03:57:19,793 alphafold2_ptm_model_2_seed_044 recycle=1 pLDDT=89.8 pTM=0.691 tol=0.296
2026-07-23 03:57:32,082 alphafold2_ptm_model_2_seed_044 recycle=2 pLDDT=89.2 pTM=0.691 tol=0.0888
2026-07-23 03:57:48,555 alphafold2_ptm_model_2_seed_044 recycle=3 pLDDT=89.1 pTM=0.689 tol=0.0711
2026-07-23 03:57:48,556 alphafold2_ptm_model_2_seed_044 took 52.8s (3 recycles)
2026-07-23 03:58:02,256 alphafold2_ptm_model_3_seed_044 recycle=0 pLDDT=81.6 pTM=0.549
2026-07-23 03:58:15,958 alphafold2_ptm_model_3_seed_044 recycle=1 pLDDT=82.5 pTM=0.565 tol=0.669
2026-07-23 03:58:31,465 alphafold2_ptm_model_3_seed_044 recycle=2 pLDDT=80.1 pTM=0.547 tol=0.731
2026-07-23 03:58:46,019 alphafold2_ptm_model_3_seed_044 recycle=3 pLDDT=84.6 pTM=0.602 tol=0.45
2026-07-23 03:58:46,019 alphafold2_ptm_model_3_seed_044 took 57.4s (3 recycles)
2026-07-23 03:58:58,861 alphafold2_ptm_model_4_seed_044 recycle=0 pLDDT=87.9 pTM=0.649
2026-07-23 03:59:11,714 alphafold2_ptm_model_4_seed_044 recycle=1 pLDDT=88.3 pTM=0.669 tol=0.239
2026-07-23 03:59:24,792 alphafold2_ptm_model_4_seed_044 recycle=2 pLDDT=88.8 pTM=0.676 tol=0.0557
2026-07-23 03:59:38,847 alphafold2_ptm_model_4_seed_044 recycle=3 pLDDT=88.7 pTM=0.679 tol=0.0497
2026-07-23 03:59:38,848 alphafold2_ptm_model_4_seed_044 took 52.8s (3 recycles)
2026-07-23 03:59:52,650 alphafold2_ptm_model_5_seed_044 recycle=0 pLDDT=87.1 pTM=0.653
2026-07-23 04:00:05,458 alphafold2_ptm_model_5_seed_044 recycle=1 pLDDT=89.1 pTM=0.691 tol=0.303
2026-07-23 04:00:21,123 alphafold2_ptm_model_5_seed_044 recycle=2 pLDDT=89.2 pTM=0.694 tol=0.0801
2026-07-23 04:00:33,463 alphafold2_ptm_model_5_seed_044 recycle=3 pLDDT=89.5 pTM=0.7 tol=0.0344
2026-07-23 04:00:33,464 alphafold2_ptm_model_5_seed_044 took 54.6s (3 recycles)
2026-07-23 04:00:33,487 reranking models by 'plddt' metric
2026-07-23 04:00:33,487 rank_001_alphafold2_ptm_model_1_seed_042 pLDDT=90.6 pTM=0.725
2026-07-23 04:00:33,490 rank_002_alphafold2_ptm_model_2_seed_043 pLDDT=89.8 pTM=0.695
2026-07-23 04:00:33,491 rank_003_alphafold2_ptm_model_5_seed_042 pLDDT=89.6 pTM=0.703
2026-07-23 04:00:33,493 rank_004_alphafold2_ptm_model_5_seed_044 pLDDT=89.5 pTM=0.7
2026-07-23 04:00:33,495 rank_005_alphafold2_ptm_model_2_seed_042 pLDDT=89.4 pTM=0.695
2026-07-23 04:00:33,497 rank_006_alphafold2_ptm_model_5_seed_043 pLDDT=89.2 pTM=0.697
2026-07-23 04:00:33,498 rank_007_alphafold2_ptm_model_2_seed_044 pLDDT=89.1 pTM=0.689
2026-07-23 04:00:33,500 rank_008_alphafold2_ptm_model_4_seed_042 pLDDT=88.8 pTM=0.682
2026-07-23 04:00:33,502 rank_009_alphafold2_ptm_model_4_seed_044 pLDDT=88.7 pTM=0.679
2026-07-23 04:00:33,503 rank_010_alphafold2_ptm_model_4_seed_043 pLDDT=88.7 pTM=0.68
2026-07-23 04:00:33,505 rank_011_alphafold2_ptm_model_1_seed_043 pLDDT=88.1 pTM=0.65
2026-07-23 04:00:33,506 rank_012_alphafold2_ptm_model_1_seed_044 pLDDT=86.6 pTM=0.64
2026-07-23 04:00:33,508 rank_013_alphafold2_ptm_model_3_seed_043 pLDDT=85.8 pTM=0.61
2026-07-23 04:00:33,509 rank_014_alphafold2_ptm_model_3_seed_044 pLDDT=84.6 pTM=0.602
2026-07-23 04:00:33,511 rank_015_alphafold2_ptm_model_3_seed_042 pLDDT=83.3 pTM=0.604
2026-07-23 04:00:36,681 Skipping 5KPH_6_4_0_0_combined_id9 (already done)
2026-07-23 04:00:36,682 Query 49/786: 5KPH_6_4_0_0_combined_id0 (length 72)
2026-07-23 04:00:38,433 Padding length to 82
2026-07-23 04:00:50,486 alphafold2_ptm_model_1_seed_042 recycle=0 pLDDT=85.4 pTM=0.614
2026-07-23 04:01:05,708 alphafold2_ptm_model_1_seed_042 recycle=1 pLDDT=86 pTM=0.628 tol=0.746
2026-07-23 04:01:20,673 alphafold2_ptm_model_1_seed_042 recycle=2 pLDDT=85.2 pTM=0.618 tol=0.259
2026-07-23 04:01:35,104 alphafold2_ptm_model_1_seed_042 recycle=3 pLDDT=84.8 pTM=0.617 tol=0.105
2026-07-23 04:01:35,105 alphafold2_ptm_model_1_seed_042 took 56.7s (3 recycles)
2026-07-23 04:01:48,980 alphafold2_ptm_model_2_seed_042 recycle=0 pLDDT=85.9 pTM=0.657
2026-07-23 04:02:03,623 alphafold2_ptm_model_2_seed_042 recycle=1 pLDDT=86 pTM=0.649 tol=0.365
2026-07-23 04:02:18,401 alphafold2_ptm_model_2_seed_042 recycle=2 pLDDT=85 pTM=0.633 tol=0.495
2026-07-23 04:02:32,259 alphafold2_ptm_model_2_seed_042 recycle=3 pLDDT=85.5 pTM=0.642 tol=0.182
2026-07-23 04:02:32,259 alphafold2_ptm_model_2_seed_042 took 57.1s (3 recycles)
2026-07-23 04:02:46,284 alphafold2_ptm_model_3_seed_042 recycle=0 pLDDT=85.7 pTM=0.625
2026-07-23 04:02:59,828 alphafold2_ptm_model_3_seed_042 recycle=1 pLDDT=86.1 pTM=0.64 tol=0.427
2026-07-23 04:03:15,087 alphafold2_ptm_model_3_seed_042 recycle=2 pLDDT=86.6 pTM=0.649 tol=0.165
2026-07-23 04:03:29,460 alphafold2_ptm_model_3_seed_042 recycle=3 pLDDT=86.8 pTM=0.646 tol=0.15
2026-07-23 04:03:29,460 alphafold2_ptm_model_3_seed_042 took 57.2s (3 recycles)
2026-07-23 04:03:42,723 alphafold2_ptm_model_4_seed_042 recycle=0 pLDDT=86.1 pTM=0.643
2026-07-23 04:03:54,053 alphafold2_ptm_model_4_seed_042 recycle=1 pLDDT=85.8 pTM=0.643 tol=0.34
2026-07-23 04:04:06,296 alphafold2_ptm_model_4_seed_042 recycle=2 pLDDT=86.1 pTM=0.646 tol=0.157
2026-07-23 04:04:21,425 alphafold2_ptm_model_4_seed_042 recycle=3 pLDDT=86 pTM=0.645 tol=0.0699
2026-07-23 04:04:21,425 alphafold2_ptm_model_4_seed_042 took 51.9s (3 recycles)
2026-07-23 04:04:36,555 alphafold2_ptm_model_5_seed_042 recycle=0 pLDDT=87.9 pTM=0.669
2026-07-23 04:04:51,743 alphafold2_ptm_model_5_seed_042 recycle=1 pLDDT=87.6 pTM=0.655 tol=0.179
2026-07-23 04:05:07,569 alphafold2_ptm_model_5_seed_042 recycle=2 pLDDT=87.3 pTM=0.649 tol=0.132
2026-07-23 04:05:22,919 alphafold2_ptm_model_5_seed_042 recycle=3 pLDDT=87.2 pTM=0.649 tol=0.0595
2026-07-23 04:05:22,920 alphafold2_ptm_model_5_seed_042 took 61.4s (3 recycles)
2026-07-23 04:05:24,034 Padding length to 82
2026-07-23 04:05:39,485 alphafold2_ptm_model_1_seed_043 recycle=0 pLDDT=84.7 pTM=0.604
2026-07-23 04:05:52,807 alphafold2_ptm_model_1_seed_043 recycle=1 pLDDT=85.7 pTM=0.629 tol=0.583
2026-07-23 04:06:07,451 alphafold2_ptm_model_1_seed_043 recycle=2 pLDDT=84.8 pTM=0.614 tol=0.375
2026-07-23 04:06:21,846 alphafold2_ptm_model_1_seed_043 recycle=3 pLDDT=84.6 pTM=0.611 tol=0.112
2026-07-23 04:06:21,847 alphafold2_ptm_model_1_seed_043 took 57.8s (3 recycles)
2026-07-23 04:06:35,747 alphafold2_ptm_model_2_seed_043 recycle=0 pLDDT=86.2 pTM=0.651
2026-07-23 04:06:50,320 alphafold2_ptm_model_2_seed_043 recycle=1 pLDDT=86.7 pTM=0.662 tol=0.573
2026-07-23 04:07:01,776 alphafold2_ptm_model_2_seed_043 recycle=2 pLDDT=85.2 pTM=0.639 tol=0.371
2026-07-23 04:07:13,121 alphafold2_ptm_model_2_seed_043 recycle=3 pLDDT=85 pTM=0.638 tol=0.0844
2026-07-23 04:07:13,122 alphafold2_ptm_model_2_seed_043 took 51.2s (3 recycles)
2026-07-23 04:07:26,993 alphafold2_ptm_model_3_seed_043 recycle=0 pLDDT=85.5 pTM=0.622
2026-07-23 04:07:40,445 alphafold2_ptm_model_3_seed_043 recycle=1 pLDDT=86.2 pTM=0.643 tol=0.451
2026-07-23 04:07:55,434 alphafold2_ptm_model_3_seed_043 recycle=2 pLDDT=86.4 pTM=0.646 tol=0.187
2026-07-23 04:08:09,630 alphafold2_ptm_model_3_seed_043 recycle=3 pLDDT=86.6 pTM=0.646 tol=0.189
2026-07-23 04:08:09,631 alphafold2_ptm_model_3_seed_043 took 56.5s (3 recycles)
2026-07-23 04:08:25,148 alphafold2_ptm_model_4_seed_043 recycle=0 pLDDT=85 pTM=0.631
2026-07-23 04:08:39,369 alphafold2_ptm_model_4_seed_043 recycle=1 pLDDT=84.9 pTM=0.638 tol=0.204
2026-07-23 04:08:53,237 alphafold2_ptm_model_4_seed_043 recycle=2 pLDDT=85.6 pTM=0.643 tol=0.131
2026-07-23 04:09:07,026 alphafold2_ptm_model_4_seed_043 recycle=3 pLDDT=85.4 pTM=0.643 tol=0.188
2026-07-23 04:09:07,027 alphafold2_ptm_model_4_seed_043 took 57.3s (3 recycles)
2026-07-23 04:09:21,196 alphafold2_ptm_model_5_seed_043 recycle=0 pLDDT=86.8 pTM=0.651
2026-07-23 04:09:34,872 alphafold2_ptm_model_5_seed_043 recycle=1 pLDDT=86.8 pTM=0.651 tol=0.21
2026-07-23 04:09:48,501 alphafold2_ptm_model_5_seed_043 recycle=2 pLDDT=86.7 pTM=0.643 tol=0.0753
2026-07-23 04:10:02,508 alphafold2_ptm_model_5_seed_043 recycle=3 pLDDT=86.9 pTM=0.643 tol=0.0449
2026-07-23 04:10:02,508 alphafold2_ptm_model_5_seed_043 took 55.3s (3 recycles)
2026-07-23 04:10:03,742 Padding length to 82
2026-07-23 04:10:15,258 alphafold2_ptm_model_1_seed_044 recycle=0 pLDDT=85.4 pTM=0.614
2026-07-23 04:10:26,468 alphafold2_ptm_model_1_seed_044 recycle=1 pLDDT=86 pTM=0.629 tol=0.66
2026-07-23 04:10:38,611 alphafold2_ptm_model_1_seed_044 recycle=2 pLDDT=85.3 pTM=0.619 tol=0.322
2026-07-23 04:10:51,312 alphafold2_ptm_model_1_seed_044 recycle=3 pLDDT=85 pTM=0.617 tol=0.0741
2026-07-23 04:10:51,312 alphafold2_ptm_model_1_seed_044 took 47.6s (3 recycles)
2026-07-23 04:11:06,955 alphafold2_ptm_model_2_seed_044 recycle=0 pLDDT=86.5 pTM=0.662
2026-07-23 04:11:21,727 alphafold2_ptm_model_2_seed_044 recycle=1 pLDDT=85.9 pTM=0.65 tol=0.346
2026-07-23 04:11:34,617 alphafold2_ptm_model_2_seed_044 recycle=2 pLDDT=85.1 pTM=0.635 tol=0.375
2026-07-23 04:11:48,752 alphafold2_ptm_model_2_seed_044 recycle=3 pLDDT=85.5 pTM=0.648 tol=0.187
2026-07-23 04:11:48,753 alphafold2_ptm_model_2_seed_044 took 57.4s (3 recycles)
2026-07-23 04:12:04,558 alphafold2_ptm_model_3_seed_044 recycle=0 pLDDT=85.7 pTM=0.626
2026-07-23 04:12:19,341 alphafold2_ptm_model_3_seed_044 recycle=1 pLDDT=86.3 pTM=0.644 tol=0.522
2026-07-23 04:12:33,581 alphafold2_ptm_model_3_seed_044 recycle=2 pLDDT=86.5 pTM=0.649 tol=0.152
2026-07-23 04:12:47,615 alphafold2_ptm_model_3_seed_044 recycle=3 pLDDT=86.7 pTM=0.647 tol=0.154
2026-07-23 04:12:47,616 alphafold2_ptm_model_3_seed_044 took 58.8s (3 recycles)
2026-07-23 04:13:01,925 alphafold2_ptm_model_4_seed_044 recycle=0 pLDDT=85.7 pTM=0.643
2026-07-23 04:13:15,160 alphafold2_ptm_model_4_seed_044 recycle=1 pLDDT=85.1 pTM=0.643 tol=0.304
2026-07-23 04:13:30,105 alphafold2_ptm_model_4_seed_044 recycle=2 pLDDT=85.9 pTM=0.646 tol=0.14
2026-07-23 04:13:42,588 alphafold2_ptm_model_4_seed_044 recycle=3 pLDDT=85.7 pTM=0.643 tol=0.144
2026-07-23 04:13:42,589 alphafold2_ptm_model_4_seed_044 took 54.9s (3 recycles)
2026-07-23 04:13:55,292 alphafold2_ptm_model_5_seed_044 recycle=0 pLDDT=86.8 pTM=0.647
2026-07-23 04:14:11,524 alphafold2_ptm_model_5_seed_044 recycle=1 pLDDT=87.1 pTM=0.651 tol=0.201
2026-07-23 04:14:25,671 alphafold2_ptm_model_5_seed_044 recycle=2 pLDDT=87.2 pTM=0.648 tol=0.0684
2026-07-23 04:14:39,523 alphafold2_ptm_model_5_seed_044 recycle=3 pLDDT=87.3 pTM=0.649 tol=0.0304
2026-07-23 04:14:39,523 alphafold2_ptm_model_5_seed_044 took 56.9s (3 recycles)
2026-07-23 04:14:39,576 reranking models by 'plddt' metric
2026-07-23 04:14:39,576 rank_001_alphafold2_ptm_model_5_seed_044 pLDDT=87.3 pTM=0.649
2026-07-23 04:14:39,578 rank_002_alphafold2_ptm_model_5_seed_042 pLDDT=87.2 pTM=0.649
2026-07-23 04:14:39,579 rank_003_alphafold2_ptm_model_5_seed_043 pLDDT=86.9 pTM=0.643
2026-07-23 04:14:39,581 rank_004_alphafold2_ptm_model_3_seed_042 pLDDT=86.8 pTM=0.646
2026-07-23 04:14:39,583 rank_005_alphafold2_ptm_model_3_seed_044 pLDDT=86.7 pTM=0.647
2026-07-23 04:14:39,585 rank_006_alphafold2_ptm_model_3_seed_043 pLDDT=86.6 pTM=0.646
2026-07-23 04:14:39,586 rank_007_alphafold2_ptm_model_4_seed_042 pLDDT=86 pTM=0.645
2026-07-23 04:14:39,588 rank_008_alphafold2_ptm_model_4_seed_044 pLDDT=85.7 pTM=0.643
2026-07-23 04:14:39,590 rank_009_alphafold2_ptm_model_2_seed_044 pLDDT=85.5 pTM=0.648
2026-07-23 04:14:39,591 rank_010_alphafold2_ptm_model_2_seed_042 pLDDT=85.5 pTM=0.642
2026-07-23 04:14:39,593 rank_011_alphafold2_ptm_model_4_seed_043 pLDDT=85.4 pTM=0.643
2026-07-23 04:14:39,594 rank_012_alphafold2_ptm_model_1_seed_044 pLDDT=85 pTM=0.617
2026-07-23 04:14:39,596 rank_013_alphafold2_ptm_model_2_seed_043 pLDDT=85 pTM=0.638
2026-07-23 04:14:39,598 rank_014_alphafold2_ptm_model_1_seed_042 pLDDT=84.8 pTM=0.617
2026-07-23 04:14:39,599 rank_015_alphafold2_ptm_model_1_seed_043 pLDDT=84.6 pTM=0.611
2026-07-23 04:14:42,203 Skipping 5KPH_6_4_0_0_combined_id1 (already done)
2026-07-23 04:14:42,203 Query 51/786: 5KPH_4_4_0_0_combined_id6 (length 72)
2026-07-23 04:14:44,622 Padding length to 82
2026-07-23 04:14:58,174 alphafold2_ptm_model_1_seed_042 recycle=0 pLDDT=82.7 pTM=0.596
2026-07-23 04:15:11,697 alphafold2_ptm_model_1_seed_042 recycle=1 pLDDT=87.6 pTM=0.678 tol=0.827
2026-07-23 04:15:24,414 alphafold2_ptm_model_1_seed_042 recycle=2 pLDDT=90.8 pTM=0.731 tol=0.313
2026-07-23 04:15:38,197 alphafold2_ptm_model_1_seed_042 recycle=3 pLDDT=91.4 pTM=0.747 tol=0.0925
2026-07-23 04:15:38,197 alphafold2_ptm_model_1_seed_042 took 53.6s (3 recycles)
2026-07-23 04:15:54,369 alphafold2_ptm_model_2_seed_042 recycle=0 pLDDT=89.9 pTM=0.712
2026-07-23 04:16:10,733 alphafold2_ptm_model_2_seed_042 recycle=1 pLDDT=91.9 pTM=0.743 tol=0.193
2026-07-23 04:16:30,484 alphafold2_ptm_model_2_seed_042 recycle=2 pLDDT=92.4 pTM=0.752 tol=0.104
2026-07-23 04:16:42,830 alphafold2_ptm_model_2_seed_042 recycle=3 pLDDT=92.9 pTM=0.76 tol=0.0381
2026-07-23 04:16:42,831 alphafold2_ptm_model_2_seed_042 took 64.6s (3 recycles)
2026-07-23 04:16:54,108 alphafold2_ptm_model_3_seed_042 recycle=0 pLDDT=87.6 pTM=0.666
2026-07-23 04:17:06,834 alphafold2_ptm_model_3_seed_042 recycle=1 pLDDT=90.6 pTM=0.718 tol=0.321
2026-07-23 04:17:23,126 alphafold2_ptm_model_3_seed_042 recycle=2 pLDDT=90.3 pTM=0.711 tol=0.077
2026-07-23 04:17:38,196 alphafold2_ptm_model_3_seed_042 recycle=3 pLDDT=90.3 pTM=0.716 tol=0.0482
2026-07-23 04:17:38,197 alphafold2_ptm_model_3_seed_042 took 55.3s (3 recycles)
2026-07-23 04:17:52,858 alphafold2_ptm_model_4_seed_042 recycle=0 pLDDT=89 pTM=0.698
2026-07-23 04:18:09,075 alphafold2_ptm_model_4_seed_042 recycle=1 pLDDT=91.3 pTM=0.738 tol=0.208
2026-07-23 04:18:24,057 alphafold2_ptm_model_4_seed_042 recycle=2 pLDDT=91.6 pTM=0.745 tol=0.0487
2026-07-23 04:18:38,801 alphafold2_ptm_model_4_seed_042 recycle=3 pLDDT=91.8 pTM=0.75 tol=0.0446
2026-07-23 04:18:38,802 alphafold2_ptm_model_4_seed_042 took 60.5s (3 recycles)
2026-07-23 04:18:55,029 alphafold2_ptm_model_5_seed_042 recycle=0 pLDDT=89.8 pTM=0.711
2026-07-23 04:19:08,720 alphafold2_ptm_model_5_seed_042 recycle=1 pLDDT=90.9 pTM=0.735 tol=0.155
2026-07-23 04:19:23,870 alphafold2_ptm_model_5_seed_042 recycle=2 pLDDT=90.8 pTM=0.734 tol=0.0464
2026-07-23 04:19:38,257 alphafold2_ptm_model_5_seed_042 recycle=3 pLDDT=90.9 pTM=0.736 tol=0.0304
2026-07-23 04:19:38,257 alphafold2_ptm_model_5_seed_042 took 59.4s (3 recycles)
2026-07-23 04:19:39,414 Padding length to 82
2026-07-23 04:19:52,376 alphafold2_ptm_model_1_seed_043 recycle=0 pLDDT=83.8 pTM=0.604
2026-07-23 04:20:03,898 alphafold2_ptm_model_1_seed_043 recycle=1 pLDDT=89.1 pTM=0.701 tol=0.741
2026-07-23 04:20:15,142 alphafold2_ptm_model_1_seed_043 recycle=2 pLDDT=91.1 pTM=0.739 tol=0.149
2026-07-23 04:20:27,014 alphafold2_ptm_model_1_seed_043 recycle=3 pLDDT=91.3 pTM=0.746 tol=0.072
2026-07-23 04:20:27,015 alphafold2_ptm_model_1_seed_043 took 47.6s (3 recycles)
2026-07-23 04:20:41,619 alphafold2_ptm_model_2_seed_043 recycle=0 pLDDT=89.9 pTM=0.716
2026-07-23 04:20:56,652 alphafold2_ptm_model_2_seed_043 recycle=1 pLDDT=92 pTM=0.745 tol=0.21
2026-07-23 04:21:12,153 alphafold2_ptm_model_2_seed_043 recycle=2 pLDDT=92.5 pTM=0.754 tol=0.104
2026-07-23 04:21:25,993 alphafold2_ptm_model_2_seed_043 recycle=3 pLDDT=92.8 pTM=0.76 tol=0.0303
2026-07-23 04:21:25,993 alphafold2_ptm_model_2_seed_043 took 58.9s (3 recycles)
2026-07-23 04:21:39,358 alphafold2_ptm_model_3_seed_043 recycle=0 pLDDT=87.8 pTM=0.668
2026-07-23 04:21:52,771 alphafold2_ptm_model_3_seed_043 recycle=1 pLDDT=90.6 pTM=0.72 tol=0.267
2026-07-23 04:22:08,734 alphafold2_ptm_model_3_seed_043 recycle=2 pLDDT=90.4 pTM=0.714 tol=0.08
2026-07-23 04:22:22,229 alphafold2_ptm_model_3_seed_043 recycle=3 pLDDT=90.5 pTM=0.716 tol=0.0501
2026-07-23 04:22:22,229 alphafold2_ptm_model_3_seed_043 took 56.2s (3 recycles)
2026-07-23 04:22:35,807 alphafold2_ptm_model_4_seed_043 recycle=0 pLDDT=88.7 pTM=0.693
2026-07-23 04:22:48,530 alphafold2_ptm_model_4_seed_043 recycle=1 pLDDT=91.4 pTM=0.74 tol=0.227
2026-07-23 04:23:01,576 alphafold2_ptm_model_4_seed_043 recycle=2 pLDDT=91.7 pTM=0.747 tol=0.0485
2026-07-23 04:23:14,887 alphafold2_ptm_model_4_seed_043 recycle=3 pLDDT=91.8 pTM=0.749 tol=0.0395
2026-07-23 04:23:14,887 alphafold2_ptm_model_4_seed_043 took 52.6s (3 recycles)
2026-07-23 04:23:26,904 alphafold2_ptm_model_5_seed_043 recycle=0 pLDDT=89.1 pTM=0.707
2026-07-23 04:23:38,619 alphafold2_ptm_model_5_seed_043 recycle=1 pLDDT=90.2 pTM=0.728 tol=0.184
2026-07-23 04:23:51,907 alphafold2_ptm_model_5_seed_043 recycle=2 pLDDT=90.2 pTM=0.727 tol=0.0682
2026-07-23 04:24:05,939 alphafold2_ptm_model_5_seed_043 recycle=3 pLDDT=90.2 pTM=0.727 tol=0.037
2026-07-23 04:24:05,939 alphafold2_ptm_model_5_seed_043 took 51.0s (3 recycles)
2026-07-23 04:24:07,738 Padding length to 82
2026-07-23 04:24:21,703 alphafold2_ptm_model_1_seed_044 recycle=0 pLDDT=82.4 pTM=0.59
2026-07-23 04:24:35,903 alphafold2_ptm_model_1_seed_044 recycle=1 pLDDT=86.9 pTM=0.666 tol=0.657
2026-07-23 04:24:50,044 alphafold2_ptm_model_1_seed_044 recycle=2 pLDDT=90 pTM=0.72 tol=0.408
2026-07-23 04:25:02,706 alphafold2_ptm_model_1_seed_044 recycle=3 pLDDT=90.9 pTM=0.739 tol=0.0988
2026-07-23 04:25:02,706 alphafold2_ptm_model_1_seed_044 took 55.0s (3 recycles)
2026-07-23 04:25:15,653 alphafold2_ptm_model_2_seed_044 recycle=0 pLDDT=89.6 pTM=0.708
2026-07-23 04:25:28,185 alphafold2_ptm_model_2_seed_044 recycle=1 pLDDT=91.9 pTM=0.744 tol=0.226
2026-07-23 04:25:41,012 alphafold2_ptm_model_2_seed_044 recycle=2 pLDDT=92.7 pTM=0.756 tol=0.0968
2026-07-23 04:25:55,083 alphafold2_ptm_model_2_seed_044 recycle=3 pLDDT=92.9 pTM=0.763 tol=0.0399
2026-07-23 04:25:55,084 alphafold2_ptm_model_2_seed_044 took 52.3s (3 recycles)
2026-07-23 04:26:09,252 alphafold2_ptm_model_3_seed_044 recycle=0 pLDDT=87.8 pTM=0.67
2026-07-23 04:26:23,836 alphafold2_ptm_model_3_seed_044 recycle=1 pLDDT=90.5 pTM=0.717 tol=0.282
2026-07-23 04:26:36,825 alphafold2_ptm_model_3_seed_044 recycle=2 pLDDT=90.4 pTM=0.712 tol=0.0845
2026-07-23 04:26:48,206 alphafold2_ptm_model_3_seed_044 recycle=3 pLDDT=90.5 pTM=0.718 tol=0.052
2026-07-23 04:26:48,207 alphafold2_ptm_model_3_seed_044 took 53.1s (3 recycles)
2026-07-23 04:27:03,656 alphafold2_ptm_model_4_seed_044 recycle=0 pLDDT=88 pTM=0.682
2026-07-23 04:27:21,017 alphafold2_ptm_model_4_seed_044 recycle=1 pLDDT=91.1 pTM=0.735 tol=0.252
2026-07-23 04:27:38,364 alphafold2_ptm_model_4_seed_044 recycle=2 pLDDT=91.4 pTM=0.742 tol=0.0496
2026-07-23 04:27:54,720 alphafold2_ptm_model_4_seed_044 recycle=3 pLDDT=91.7 pTM=0.749 tol=0.0452
2026-07-23 04:27:54,721 alphafold2_ptm_model_4_seed_044 took 66.4s (3 recycles)
2026-07-23 04:28:09,178 alphafold2_ptm_model_5_seed_044 recycle=0 pLDDT=89.3 pTM=0.705
2026-07-23 04:28:23,720 alphafold2_ptm_model_5_seed_044 recycle=1 pLDDT=90.9 pTM=0.733 tol=0.165
2026-07-23 04:28:38,540 alphafold2_ptm_model_5_seed_044 recycle=2 pLDDT=91 pTM=0.733 tol=0.0475
2026-07-23 04:28:54,663 alphafold2_ptm_model_5_seed_044 recycle=3 pLDDT=91.2 pTM=0.737 tol=0.0317
2026-07-23 04:28:54,664 alphafold2_ptm_model_5_seed_044 took 59.9s (3 recycles)
2026-07-23 04:28:54,708 reranking models by 'plddt' metric
2026-07-23 04:28:54,708 rank_001_alphafold2_ptm_model_2_seed_044 pLDDT=92.9 pTM=0.763
2026-07-23 04:28:54,710 rank_002_alphafold2_ptm_model_2_seed_042 pLDDT=92.9 pTM=0.76
2026-07-23 04:28:54,712 rank_003_alphafold2_ptm_model_2_seed_043 pLDDT=92.8 pTM=0.76
2026-07-23 04:28:54,713 rank_004_alphafold2_ptm_model_4_seed_043 pLDDT=91.8 pTM=0.749
2026-07-23 04:28:54,715 rank_005_alphafold2_ptm_model_4_seed_042 pLDDT=91.8 pTM=0.75
2026-07-23 04:28:54,717 rank_006_alphafold2_ptm_model_4_seed_044 pLDDT=91.7 pTM=0.749
2026-07-23 04:28:54,718 rank_007_alphafold2_ptm_model_1_seed_042 pLDDT=91.4 pTM=0.747
2026-07-23 04:28:54,720 rank_008_alphafold2_ptm_model_1_seed_043 pLDDT=91.3 pTM=0.746
2026-07-23 04:28:54,721 rank_009_alphafold2_ptm_model_5_seed_044 pLDDT=91.2 pTM=0.737
2026-07-23 04:28:54,723 rank_010_alphafold2_ptm_model_1_seed_044 pLDDT=90.9 pTM=0.739
2026-07-23 04:28:54,724 rank_011_alphafold2_ptm_model_5_seed_042 pLDDT=90.9 pTM=0.736
2026-07-23 04:28:54,726 rank_012_alphafold2_ptm_model_3_seed_044 pLDDT=90.5 pTM=0.718
2026-07-23 04:28:54,728 rank_013_alphafold2_ptm_model_3_seed_043 pLDDT=90.5 pTM=0.716
2026-07-23 04:28:54,729 rank_014_alphafold2_ptm_model_3_seed_042 pLDDT=90.3 pTM=0.716
2026-07-23 04:28:54,731 rank_015_alphafold2_ptm_model_5_seed_043 pLDDT=90.2 pTM=0.727
2026-07-23 04:28:57,523 Query 52/786: 5KPH_4_4_0_0_combined_id2 (length 72)
2026-07-23 04:28:59,921 Padding length to 82
2026-07-23 04:29:14,416 alphafold2_ptm_model_1_seed_042 recycle=0 pLDDT=87 pTM=0.652
2026-07-23 04:29:27,515 alphafold2_ptm_model_1_seed_042 recycle=1 pLDDT=88.6 pTM=0.681 tol=0.19
2026-07-23 04:29:42,407 alphafold2_ptm_model_1_seed_042 recycle=2 pLDDT=88.6 pTM=0.686 tol=0.057
2026-07-23 04:29:55,195 alphafold2_ptm_model_1_seed_042 recycle=3 pLDDT=88.7 pTM=0.688 tol=0.034
2026-07-23 04:29:55,196 alphafold2_ptm_model_1_seed_042 took 55.3s (3 recycles)
2026-07-23 04:30:06,784 alphafold2_ptm_model_2_seed_042 recycle=0 pLDDT=89.6 pTM=0.715
2026-07-23 04:30:18,023 alphafold2_ptm_model_2_seed_042 recycle=1 pLDDT=89.7 pTM=0.724 tol=0.192
2026-07-23 04:30:31,805 alphafold2_ptm_model_2_seed_042 recycle=2 pLDDT=89.8 pTM=0.723 tol=0.0614
2026-07-23 04:30:46,120 alphafold2_ptm_model_2_seed_042 recycle=3 pLDDT=89.7 pTM=0.722 tol=0.0347
2026-07-23 04:30:46,120 alphafold2_ptm_model_2_seed_042 took 50.9s (3 recycles)
2026-07-23 04:30:59,714 alphafold2_ptm_model_3_seed_042 recycle=0 pLDDT=86.4 pTM=0.643
2026-07-23 04:31:14,108 alphafold2_ptm_model_3_seed_042 recycle=1 pLDDT=88.3 pTM=0.679 tol=0.159
2026-07-23 04:31:27,020 alphafold2_ptm_model_3_seed_042 recycle=2 pLDDT=88.2 pTM=0.678 tol=0.108
2026-07-23 04:31:41,150 alphafold2_ptm_model_3_seed_042 recycle=3 pLDDT=88.3 pTM=0.678 tol=0.0737
2026-07-23 04:31:41,150 alphafold2_ptm_model_3_seed_042 took 55.0s (3 recycles)
2026-07-23 04:31:55,481 alphafold2_ptm_model_4_seed_042 recycle=0 pLDDT=87.5 pTM=0.677
2026-07-23 04:32:09,069 alphafold2_ptm_model_4_seed_042 recycle=1 pLDDT=88.1 pTM=0.691 tol=0.148
2026-07-23 04:32:22,703 alphafold2_ptm_model_4_seed_042 recycle=2 pLDDT=88.1 pTM=0.69 tol=0.0538
2026-07-23 04:32:37,116 alphafold2_ptm_model_4_seed_042 recycle=3 pLDDT=87.9 pTM=0.688 tol=0.0313
2026-07-23 04:32:37,116 alphafold2_ptm_model_4_seed_042 took 55.9s (3 recycles)
2026-07-23 04:32:50,381 alphafold2_ptm_model_5_seed_042 recycle=0 pLDDT=85.2 pTM=0.658
2026-07-23 04:33:06,025 alphafold2_ptm_model_5_seed_042 recycle=1 pLDDT=88.3 pTM=0.691 tol=0.538
2026-07-23 04:33:18,552 alphafold2_ptm_model_5_seed_042 recycle=2 pLDDT=88.6 pTM=0.692 tol=0.0704
2026-07-23 04:33:29,869 alphafold2_ptm_model_5_seed_042 recycle=3 pLDDT=88.8 pTM=0.693 tol=0.0435
2026-07-23 04:33:29,870 alphafold2_ptm_model_5_seed_042 took 52.7s (3 recycles)
2026-07-23 04:33:30,748 Padding length to 82
2026-07-23 04:33:45,422 alphafold2_ptm_model_1_seed_043 recycle=0 pLDDT=87.3 pTM=0.657
2026-07-23 04:33:59,904 alphafold2_ptm_model_1_seed_043 recycle=1 pLDDT=88.7 pTM=0.683 tol=0.162
2026-07-23 04:34:16,303 alphafold2_ptm_model_1_seed_043 recycle=2 pLDDT=88.6 pTM=0.685 tol=0.0486
2026-07-23 04:34:29,583 alphafold2_ptm_model_1_seed_043 recycle=3 pLDDT=88.6 pTM=0.687 tol=0.0299
2026-07-23 04:34:29,583 alphafold2_ptm_model_1_seed_043 took 58.8s (3 recycles)
2026-07-23 04:34:42,521 alphafold2_ptm_model_2_seed_043 recycle=0 pLDDT=89.2 pTM=0.709
2026-07-23 04:34:55,263 alphafold2_ptm_model_2_seed_043 recycle=1 pLDDT=89.5 pTM=0.722 tol=0.196
2026-07-23 04:35:09,933 alphafold2_ptm_model_2_seed_043 recycle=2 pLDDT=89.7 pTM=0.724 tol=0.0629
2026-07-23 04:35:25,537 alphafold2_ptm_model_2_seed_043 recycle=3 pLDDT=89.6 pTM=0.722 tol=0.0304
2026-07-23 04:35:25,538 alphafold2_ptm_model_2_seed_043 took 55.9s (3 recycles)
2026-07-23 04:35:43,179 alphafold2_ptm_model_3_seed_043 recycle=0 pLDDT=86.4 pTM=0.645
2026-07-23 04:35:57,463 alphafold2_ptm_model_3_seed_043 recycle=1 pLDDT=88.2 pTM=0.676 tol=0.171
2026-07-23 04:36:12,634 alphafold2_ptm_model_3_seed_043 recycle=2 pLDDT=88.3 pTM=0.678 tol=0.107
2026-07-23 04:36:25,776 alphafold2_ptm_model_3_seed_043 recycle=3 pLDDT=88.3 pTM=0.677 tol=0.0732
2026-07-23 04:36:25,776 alphafold2_ptm_model_3_seed_043 took 60.1s (3 recycles)
2026-07-23 04:36:37,794 alphafold2_ptm_model_4_seed_043 recycle=0 pLDDT=87.2 pTM=0.674
2026-07-23 04:36:49,456 alphafold2_ptm_model_4_seed_043 recycle=1 pLDDT=88.1 pTM=0.691 tol=0.173
2026-07-23 04:37:02,616 alphafold2_ptm_model_4_seed_043 recycle=2 pLDDT=88 pTM=0.689 tol=0.0497
2026-07-23 04:37:16,826 alphafold2_ptm_model_4_seed_043 recycle=3 pLDDT=87.9 pTM=0.687 tol=0.0374
2026-07-23 04:37:16,826 alphafold2_ptm_model_4_seed_043 took 51.0s (3 recycles)
2026-07-23 04:37:31,185 alphafold2_ptm_model_5_seed_043 recycle=0 pLDDT=85.6 pTM=0.665
2026-07-23 04:37:45,342 alphafold2_ptm_model_5_seed_043 recycle=1 pLDDT=88.6 pTM=0.696 tol=0.374
2026-07-23 04:37:59,682 alphafold2_ptm_model_5_seed_043 recycle=2 pLDDT=88.8 pTM=0.693 tol=0.0605
2026-07-23 04:38:12,700 alphafold2_ptm_model_5_seed_043 recycle=3 pLDDT=88.9 pTM=0.694 tol=0.0388
2026-07-23 04:38:12,705 alphafold2_ptm_model_5_seed_043 took 55.8s (3 recycles)
2026-07-23 04:38:13,913 Padding length to 82
2026-07-23 04:38:28,333 alphafold2_ptm_model_1_seed_044 recycle=0 pLDDT=86.7 pTM=0.646
2026-07-23 04:38:42,578 alphafold2_ptm_model_1_seed_044 recycle=1 pLDDT=88.6 pTM=0.683 tol=0.172
2026-07-23 04:38:56,965 alphafold2_ptm_model_1_seed_044 recycle=2 pLDDT=88.7 pTM=0.687 tol=0.0748
2026-07-23 04:39:16,160 alphafold2_ptm_model_1_seed_044 recycle=3 pLDDT=88.7 pTM=0.688 tol=0.0298
2026-07-23 04:39:16,161 alphafold2_ptm_model_1_seed_044 took 62.2s (3 recycles)
2026-07-23 04:39:29,203 alphafold2_ptm_model_2_seed_044 recycle=0 pLDDT=89.8 pTM=0.717
2026-07-23 04:39:42,765 alphafold2_ptm_model_2_seed_044 recycle=1 pLDDT=89.8 pTM=0.725 tol=0.191
2026-07-23 04:39:53,952 alphafold2_ptm_model_2_seed_044 recycle=2 pLDDT=89.9 pTM=0.724 tol=0.0551
2026-07-23 04:40:05,344 alphafold2_ptm_model_2_seed_044 recycle=3 pLDDT=89.7 pTM=0.722 tol=0.0293
2026-07-23 04:40:05,345 alphafold2_ptm_model_2_seed_044 took 49.1s (3 recycles)
2026-07-23 04:40:19,468 alphafold2_ptm_model_3_seed_044 recycle=0 pLDDT=86.2 pTM=0.642
2026-07-23 04:40:33,136 alphafold2_ptm_model_3_seed_044 recycle=1 pLDDT=88.1 pTM=0.674 tol=0.163
2026-07-23 04:40:48,261 alphafold2_ptm_model_3_seed_044 recycle=2 pLDDT=88.2 pTM=0.677 tol=0.119
2026-07-23 04:41:04,286 alphafold2_ptm_model_3_seed_044 recycle=3 pLDDT=88.2 pTM=0.675 tol=0.0762
2026-07-23 04:41:04,287 alphafold2_ptm_model_3_seed_044 took 58.9s (3 recycles)
2026-07-23 04:41:21,807 alphafold2_ptm_model_4_seed_044 recycle=0 pLDDT=87.4 pTM=0.675
2026-07-23 04:41:35,182 alphafold2_ptm_model_4_seed_044 recycle=1 pLDDT=88.2 pTM=0.692 tol=0.16
2026-07-23 04:41:50,679 alphafold2_ptm_model_4_seed_044 recycle=2 pLDDT=88 pTM=0.689 tol=0.0517
2026-07-23 04:42:06,654 alphafold2_ptm_model_4_seed_044 recycle=3 pLDDT=87.9 pTM=0.687 tol=0.0435
2026-07-23 04:42:06,655 alphafold2_ptm_model_4_seed_044 took 62.3s (3 recycles)
2026-07-23 04:42:21,233 alphafold2_ptm_model_5_seed_044 recycle=0 pLDDT=85.9 pTM=0.664
2026-07-23 04:42:35,027 alphafold2_ptm_model_5_seed_044 recycle=1 pLDDT=88.5 pTM=0.694 tol=0.31
2026-07-23 04:42:50,636 alphafold2_ptm_model_5_seed_044 recycle=2 pLDDT=88.8 pTM=0.693 tol=0.0625
2026-07-23 04:43:03,895 alphafold2_ptm_model_5_seed_044 recycle=3 pLDDT=88.9 pTM=0.695 tol=0.0334
2026-07-23 04:43:03,896 alphafold2_ptm_model_5_seed_044 took 57.2s (3 recycles)
2026-07-23 04:43:03,932 reranking models by 'plddt' metric
2026-07-23 04:43:03,932 rank_001_alphafold2_ptm_model_2_seed_044 pLDDT=89.7 pTM=0.722
2026-07-23 04:43:03,934 rank_002_alphafold2_ptm_model_2_seed_042 pLDDT=89.7 pTM=0.722
2026-07-23 04:43:03,936 rank_003_alphafold2_ptm_model_2_seed_043 pLDDT=89.6 pTM=0.722
2026-07-23 04:43:03,937 rank_004_alphafold2_ptm_model_5_seed_044 pLDDT=88.9 pTM=0.695
2026-07-23 04:43:03,939 rank_005_alphafold2_ptm_model_5_seed_043 pLDDT=88.9 pTM=0.694
2026-07-23 04:43:03,940 rank_006_alphafold2_ptm_model_5_seed_042 pLDDT=88.8 pTM=0.693
2026-07-23 04:43:03,942 rank_007_alphafold2_ptm_model_1_seed_044 pLDDT=88.7 pTM=0.688
2026-07-23 04:43:03,944 rank_008_alphafold2_ptm_model_1_seed_042 pLDDT=88.7 pTM=0.688
2026-07-23 04:43:03,946 rank_009_alphafold2_ptm_model_1_seed_043 pLDDT=88.6 pTM=0.687
2026-07-23 04:43:03,948 rank_010_alphafold2_ptm_model_3_seed_043 pLDDT=88.3 pTM=0.677
2026-07-23 04:43:03,949 rank_011_alphafold2_ptm_model_3_seed_042 pLDDT=88.3 pTM=0.678
2026-07-23 04:43:03,951 rank_012_alphafold2_ptm_model_3_seed_044 pLDDT=88.2 pTM=0.675
2026-07-23 04:43:03,952 rank_013_alphafold2_ptm_model_4_seed_044 pLDDT=87.9 pTM=0.687
2026-07-23 04:43:03,954 rank_014_alphafold2_ptm_model_4_seed_042 pLDDT=87.9 pTM=0.688
2026-07-23 04:43:03,956 rank_015_alphafold2_ptm_model_4_seed_043 pLDDT=87.9 pTM=0.687
2026-07-23 04:43:06,532 Skipping 5KPH_4_4_0_0_combined_id6 (already done)
2026-07-23 04:43:06,533 Query 54/786: 5KPH_6_2_8_0_combined_id3 (length 72)
2026-07-23 04:43:08,388 Padding length to 82
2026-07-23 04:43:19,696 alphafold2_ptm_model_1_seed_042 recycle=0 pLDDT=84.8 pTM=0.637
2026-07-23 04:43:35,120 alphafold2_ptm_model_1_seed_042 recycle=1 pLDDT=86.6 pTM=0.672 tol=0.273
2026-07-23 04:43:49,756 alphafold2_ptm_model_1_seed_042 recycle=2 pLDDT=87 pTM=0.682 tol=0.104
2026-07-23 04:44:04,181 alphafold2_ptm_model_1_seed_042 recycle=3 pLDDT=87 pTM=0.685 tol=0.103
2026-07-23 04:44:04,182 alphafold2_ptm_model_1_seed_042 took 55.8s (3 recycles)
2026-07-23 04:44:18,247 alphafold2_ptm_model_2_seed_042 recycle=0 pLDDT=88.4 pTM=0.687
2026-07-23 04:44:31,872 alphafold2_ptm_model_2_seed_042 recycle=1 pLDDT=87.8 pTM=0.696 tol=0.2
2026-07-23 04:44:45,645 alphafold2_ptm_model_2_seed_042 recycle=2 pLDDT=87.7 pTM=0.694 tol=0.0568
2026-07-23 04:44:59,445 alphafold2_ptm_model_2_seed_042 recycle=3 pLDDT=87.5 pTM=0.691 tol=0.0481
2026-07-23 04:44:59,445 alphafold2_ptm_model_2_seed_042 took 55.2s (3 recycles)
2026-07-23 04:45:13,586 alphafold2_ptm_model_3_seed_042 recycle=0 pLDDT=85.6 pTM=0.637
2026-07-23 04:45:26,999 alphafold2_ptm_model_3_seed_042 recycle=1 pLDDT=86.4 pTM=0.671 tol=0.125
2026-07-23 04:45:42,055 alphafold2_ptm_model_3_seed_042 recycle=2 pLDDT=86.9 pTM=0.678 tol=0.117
2026-07-23 04:45:58,900 alphafold2_ptm_model_3_seed_042 recycle=3 pLDDT=86.9 pTM=0.684 tol=0.069
2026-07-23 04:45:58,901 alphafold2_ptm_model_3_seed_042 took 59.4s (3 recycles)
2026-07-23 04:46:14,386 alphafold2_ptm_model_4_seed_042 recycle=0 pLDDT=88.1 pTM=0.698
2026-07-23 04:46:25,913 alphafold2_ptm_model_4_seed_042 recycle=1 pLDDT=88.3 pTM=0.707 tol=0.377
2026-07-23 04:46:38,795 alphafold2_ptm_model_4_seed_042 recycle=2 pLDDT=88.6 pTM=0.714 tol=0.0581
2026-07-23 04:46:53,994 alphafold2_ptm_model_4_seed_042 recycle=3 pLDDT=88.8 pTM=0.717 tol=0.0368
2026-07-23 04:46:53,994 alphafold2_ptm_model_4_seed_042 took 55.0s (3 recycles)
2026-07-23 04:47:08,054 alphafold2_ptm_model_5_seed_042 recycle=0 pLDDT=85.4 pTM=0.663
2026-07-23 04:47:23,907 alphafold2_ptm_model_5_seed_042 recycle=1 pLDDT=86.4 pTM=0.675 tol=0.412
2026-07-23 04:47:39,021 alphafold2_ptm_model_5_seed_042 recycle=2 pLDDT=86.8 pTM=0.676 tol=0.121
2026-07-23 04:47:52,952 alphafold2_ptm_model_5_seed_042 recycle=3 pLDDT=87.1 pTM=0.678 tol=0.0812
2026-07-23 04:47:52,952 alphafold2_ptm_model_5_seed_042 took 58.9s (3 recycles)
2026-07-23 04:47:54,542 Padding length to 82
2026-07-23 04:48:09,278 alphafold2_ptm_model_1_seed_043 recycle=0 pLDDT=85.2 pTM=0.639
2026-07-23 04:48:24,162 alphafold2_ptm_model_1_seed_043 recycle=1 pLDDT=86.7 pTM=0.67 tol=0.296
2026-07-23 04:48:38,045 alphafold2_ptm_model_1_seed_043 recycle=2 pLDDT=86.8 pTM=0.683 tol=0.159
2026-07-23 04:48:52,881 alphafold2_ptm_model_1_seed_043 recycle=3 pLDDT=87 pTM=0.685 tol=0.0789
2026-07-23 04:48:52,882 alphafold2_ptm_model_1_seed_043 took 58.3s (3 recycles)
2026-07-23 04:49:07,690 alphafold2_ptm_model_2_seed_043 recycle=0 pLDDT=88.1 pTM=0.677
2026-07-23 04:49:24,188 alphafold2_ptm_model_2_seed_043 recycle=1 pLDDT=88.1 pTM=0.699 tol=0.186
2026-07-23 04:49:36,685 alphafold2_ptm_model_2_seed_043 recycle=2 pLDDT=88.1 pTM=0.697 tol=0.0677
2026-07-23 04:49:48,184 alphafold2_ptm_model_2_seed_043 recycle=3 pLDDT=87.8 pTM=0.692 tol=0.0402
2026-07-23 04:49:48,184 alphafold2_ptm_model_2_seed_043 took 55.3s (3 recycles)
2026-07-23 04:50:02,302 alphafold2_ptm_model_3_seed_043 recycle=0 pLDDT=84.8 pTM=0.629
2026-07-23 04:50:17,526 alphafold2_ptm_model_3_seed_043 recycle=1 pLDDT=86.1 pTM=0.668 tol=0.206
2026-07-23 04:50:33,333 alphafold2_ptm_model_3_seed_043 recycle=2 pLDDT=86.6 pTM=0.675 tol=0.141
2026-07-23 04:50:46,671 alphafold2_ptm_model_3_seed_043 recycle=3 pLDDT=86.8 pTM=0.682 tol=0.0935
2026-07-23 04:50:46,671 alphafold2_ptm_model_3_seed_043 took 58.4s (3 recycles)
2026-07-23 04:51:00,156 alphafold2_ptm_model_4_seed_043 recycle=0 pLDDT=86.7 pTM=0.68
2026-07-23 04:51:13,426 alphafold2_ptm_model_4_seed_043 recycle=1 pLDDT=88.4 pTM=0.708 tol=0.312
2026-07-23 04:51:26,723 alphafold2_ptm_model_4_seed_043 recycle=2 pLDDT=88.8 pTM=0.714 tol=0.0652
2026-07-23 04:51:43,036 alphafold2_ptm_model_4_seed_043 recycle=3 pLDDT=88.9 pTM=0.722 tol=0.0437
2026-07-23 04:51:43,036 alphafold2_ptm_model_4_seed_043 took 56.3s (3 recycles)
2026-07-23 04:51:59,491 alphafold2_ptm_model_5_seed_043 recycle=0 pLDDT=80.9 pTM=0.622
2026-07-23 04:52:14,278 alphafold2_ptm_model_5_seed_043 recycle=1 pLDDT=86.4 pTM=0.678 tol=0.522
2026-07-23 04:52:28,725 alphafold2_ptm_model_5_seed_043 recycle=2 pLDDT=86.6 pTM=0.675 tol=0.102
2026-07-23 04:52:43,153 alphafold2_ptm_model_5_seed_043 recycle=3 pLDDT=86.9 pTM=0.676 tol=0.0921
2026-07-23 04:52:43,154 alphafold2_ptm_model_5_seed_043 took 60.0s (3 recycles)
2026-07-23 04:52:44,227 Padding length to 82
2026-07-23 04:52:56,799 alphafold2_ptm_model_1_seed_044 recycle=0 pLDDT=84.9 pTM=0.631
2026-07-23 04:53:08,649 alphafold2_ptm_model_1_seed_044 recycle=1 pLDDT=86.7 pTM=0.671 tol=0.262
2026-07-23 04:53:22,519 alphafold2_ptm_model_1_seed_044 recycle=2 pLDDT=86.9 pTM=0.682 tol=0.146
2026-07-23 04:53:37,381 alphafold2_ptm_model_1_seed_044 recycle=3 pLDDT=87.1 pTM=0.686 tol=0.0865
2026-07-23 04:53:37,382 alphafold2_ptm_model_1_seed_044 took 53.2s (3 recycles)
2026-07-23 04:53:53,184 alphafold2_ptm_model_2_seed_044 recycle=0 pLDDT=88.4 pTM=0.685
2026-07-23 04:54:08,149 alphafold2_ptm_model_2_seed_044 recycle=1 pLDDT=88.2 pTM=0.698 tol=0.17
2026-07-23 04:54:23,367 alphafold2_ptm_model_2_seed_044 recycle=2 pLDDT=88 pTM=0.694 tol=0.0876
2026-07-23 04:54:37,582 alphafold2_ptm_model_2_seed_044 recycle=3 pLDDT=87.8 pTM=0.693 tol=0.0431
2026-07-23 04:54:37,583 alphafold2_ptm_model_2_seed_044 took 60.2s (3 recycles)
2026-07-23 04:54:54,467 alphafold2_ptm_model_3_seed_044 recycle=0 pLDDT=85.2 pTM=0.634
2026-07-23 04:55:08,296 alphafold2_ptm_model_3_seed_044 recycle=1 pLDDT=86.2 pTM=0.669 tol=0.151
2026-07-23 04:55:23,764 alphafold2_ptm_model_3_seed_044 recycle=2 pLDDT=86.6 pTM=0.674 tol=0.128
2026-07-23 04:55:40,510 alphafold2_ptm_model_3_seed_044 recycle=3 pLDDT=86.6 pTM=0.682 tol=0.0894
2026-07-23 04:55:40,511 alphafold2_ptm_model_3_seed_044 took 62.9s (3 recycles)
2026-07-23 04:55:55,488 alphafold2_ptm_model_4_seed_044 recycle=0 pLDDT=87 pTM=0.685
2026-07-23 04:56:07,202 alphafold2_ptm_model_4_seed_044 recycle=1 pLDDT=88.5 pTM=0.709 tol=0.361
2026-07-23 04:56:18,703 alphafold2_ptm_model_4_seed_044 recycle=2 pLDDT=88.6 pTM=0.714 tol=0.0653
2026-07-23 04:56:30,563 alphafold2_ptm_model_4_seed_044 recycle=3 pLDDT=88.8 pTM=0.718 tol=0.0296
2026-07-23 04:56:30,563 alphafold2_ptm_model_4_seed_044 took 50.0s (3 recycles)
2026-07-23 04:56:45,943 alphafold2_ptm_model_5_seed_044 recycle=0 pLDDT=80.1 pTM=0.617
2026-07-23 04:57:00,041 alphafold2_ptm_model_5_seed_044 recycle=1 pLDDT=86.9 pTM=0.68 tol=0.541
2026-07-23 04:57:13,758 alphafold2_ptm_model_5_seed_044 recycle=2 pLDDT=86.9 pTM=0.675 tol=0.11
2026-07-23 04:57:26,637 alphafold2_ptm_model_5_seed_044 recycle=3 pLDDT=87.2 pTM=0.679 tol=0.0879
2026-07-23 04:57:26,638 alphafold2_ptm_model_5_seed_044 took 56.0s (3 recycles)
2026-07-23 04:57:26,685 reranking models by 'plddt' metric
2026-07-23 04:57:26,685 rank_001_alphafold2_ptm_model_4_seed_043 pLDDT=88.9 pTM=0.722
2026-07-23 04:57:26,687 rank_002_alphafold2_ptm_model_4_seed_044 pLDDT=88.8 pTM=0.718
2026-07-23 04:57:26,689 rank_003_alphafold2_ptm_model_4_seed_042 pLDDT=88.8 pTM=0.717
2026-07-23 04:57:26,691 rank_004_alphafold2_ptm_model_2_seed_044 pLDDT=87.8 pTM=0.693
2026-07-23 04:57:26,692 rank_005_alphafold2_ptm_model_2_seed_043 pLDDT=87.8 pTM=0.692
2026-07-23 04:57:26,694 rank_006_alphafold2_ptm_model_2_seed_042 pLDDT=87.5 pTM=0.691
2026-07-23 04:57:26,695 rank_007_alphafold2_ptm_model_5_seed_044 pLDDT=87.2 pTM=0.679
2026-07-23 04:57:26,697 rank_008_alphafold2_ptm_model_1_seed_044 pLDDT=87.1 pTM=0.686
2026-07-23 04:57:26,698 rank_009_alphafold2_ptm_model_5_seed_042 pLDDT=87.1 pTM=0.678
2026-07-23 04:57:26,699 rank_010_alphafold2_ptm_model_1_seed_043 pLDDT=87 pTM=0.685
2026-07-23 04:57:26,701 rank_011_alphafold2_ptm_model_1_seed_042 pLDDT=87 pTM=0.685
2026-07-23 04:57:26,702 rank_012_alphafold2_ptm_model_5_seed_043 pLDDT=86.9 pTM=0.676
2026-07-23 04:57:26,704 rank_013_alphafold2_ptm_model_3_seed_042 pLDDT=86.9 pTM=0.684
2026-07-23 04:57:26,705 rank_014_alphafold2_ptm_model_3_seed_043 pLDDT=86.8 pTM=0.682
2026-07-23 04:57:26,706 rank_015_alphafold2_ptm_model_3_seed_044 pLDDT=86.6 pTM=0.682
2026-07-23 04:57:29,254 Query 55/786: 5KPH_8_8_5_0_combined_id6 (length 72)
2026-07-23 04:57:31,527 Padding length to 82
2026-07-23 04:57:45,997 alphafold2_ptm_model_1_seed_042 recycle=0 pLDDT=83.4 pTM=0.592
2026-07-23 04:58:00,043 alphafold2_ptm_model_1_seed_042 recycle=1 pLDDT=87.8 pTM=0.66 tol=0.193
2026-07-23 04:58:15,136 alphafold2_ptm_model_1_seed_042 recycle=2 pLDDT=88 pTM=0.661 tol=0.0589
2026-07-23 04:58:28,338 alphafold2_ptm_model_1_seed_042 recycle=3 pLDDT=88.1 pTM=0.663 tol=0.0261
2026-07-23 04:58:28,338 alphafold2_ptm_model_1_seed_042 took 56.8s (3 recycles)
2026-07-23 04:58:41,789 alphafold2_ptm_model_2_seed_042 recycle=0 pLDDT=84.4 pTM=0.621
2026-07-23 04:58:56,924 alphafold2_ptm_model_2_seed_042 recycle=1 pLDDT=88.9 pTM=0.697 tol=0.378
2026-07-23 04:59:11,893 alphafold2_ptm_model_2_seed_042 recycle=2 pLDDT=89.5 pTM=0.711 tol=0.0661
2026-07-23 04:59:26,685 alphafold2_ptm_model_2_seed_042 recycle=3 pLDDT=89.6 pTM=0.713 tol=0.027
2026-07-23 04:59:26,685 alphafold2_ptm_model_2_seed_042 took 58.3s (3 recycles)
2026-07-23 04:59:38,541 alphafold2_ptm_model_3_seed_042 recycle=0 pLDDT=80.9 pTM=0.563
2026-07-23 04:59:51,819 alphafold2_ptm_model_3_seed_042 recycle=1 pLDDT=87.1 pTM=0.633 tol=0.329
2026-07-23 05:00:06,385 alphafold2_ptm_model_3_seed_042 recycle=2 pLDDT=87.8 pTM=0.657 tol=0.0897
2026-07-23 05:00:23,027 alphafold2_ptm_model_3_seed_042 recycle=3 pLDDT=88.5 pTM=0.662 tol=0.0611
2026-07-23 05:00:23,027 alphafold2_ptm_model_3_seed_042 took 56.3s (3 recycles)
2026-07-23 05:00:37,492 alphafold2_ptm_model_4_seed_042 recycle=0 pLDDT=87.2 pTM=0.659
2026-07-23 05:00:52,713 alphafold2_ptm_model_4_seed_042 recycle=1 pLDDT=89.2 pTM=0.681 tol=0.256
2026-07-23 05:01:06,743 alphafold2_ptm_model_4_seed_042 recycle=2 pLDDT=88.6 pTM=0.666 tol=0.0522
2026-07-23 05:01:22,610 alphafold2_ptm_model_4_seed_042 recycle=3 pLDDT=88.3 pTM=0.657 tol=0.0356
2026-07-23 05:01:22,611 alphafold2_ptm_model_4_seed_042 took 59.6s (3 recycles)
2026-07-23 05:01:39,897 alphafold2_ptm_model_5_seed_042 recycle=0 pLDDT=85.1 pTM=0.633
2026-07-23 05:01:55,444 alphafold2_ptm_model_5_seed_042 recycle=1 pLDDT=87.8 pTM=0.665 tol=0.26
2026-07-23 05:02:10,765 alphafold2_ptm_model_5_seed_042 recycle=2 pLDDT=87.8 pTM=0.664 tol=0.0786
2026-07-23 05:02:24,698 alphafold2_ptm_model_5_seed_042 recycle=3 pLDDT=88.3 pTM=0.669 tol=0.036
2026-07-23 05:02:24,699 alphafold2_ptm_model_5_seed_042 took 62.0s (3 recycles)
2026-07-23 05:02:25,979 Padding length to 82
2026-07-23 05:02:39,247 alphafold2_ptm_model_1_seed_043 recycle=0 pLDDT=82.6 pTM=0.58
2026-07-23 05:02:50,962 alphafold2_ptm_model_1_seed_043 recycle=1 pLDDT=87.7 pTM=0.658 tol=0.211
2026-07-23 05:03:04,916 alphafold2_ptm_model_1_seed_043 recycle=2 pLDDT=88 pTM=0.66 tol=0.0548
2026-07-23 05:03:19,751 alphafold2_ptm_model_1_seed_043 recycle=3 pLDDT=88 pTM=0.662 tol=0.0365
2026-07-23 05:03:19,751 alphafold2_ptm_model_1_seed_043 took 53.8s (3 recycles)
2026-07-23 05:03:34,891 alphafold2_ptm_model_2_seed_043 recycle=0 pLDDT=82.2 pTM=0.586
2026-07-23 05:03:49,597 alphafold2_ptm_model_2_seed_043 recycle=1 pLDDT=81.4 pTM=0.585 tol=0.494
2026-07-23 05:04:03,494 alphafold2_ptm_model_2_seed_043 recycle=2 pLDDT=87.5 pTM=0.669 tol=0.373
2026-07-23 05:04:17,974 alphafold2_ptm_model_2_seed_043 recycle=3 pLDDT=89.2 pTM=0.705 tol=0.0974
2026-07-23 05:04:17,974 alphafold2_ptm_model_2_seed_043 took 58.1s (3 recycles)
2026-07-23 05:04:32,914 alphafold2_ptm_model_3_seed_043 recycle=0 pLDDT=80.3 pTM=0.559
2026-07-23 05:04:47,549 alphafold2_ptm_model_3_seed_043 recycle=1 pLDDT=86.7 pTM=0.629 tol=0.544
2026-07-23 05:05:01,582 alphafold2_ptm_model_3_seed_043 recycle=2 pLDDT=87.8 pTM=0.65 tol=0.0803
2026-07-23 05:05:18,136 alphafold2_ptm_model_3_seed_043 recycle=3 pLDDT=87.9 pTM=0.654 tol=0.0782
2026-07-23 05:05:18,136 alphafold2_ptm_model_3_seed_043 took 60.1s (3 recycles)
2026-07-23 05:05:33,416 alphafold2_ptm_model_4_seed_043 recycle=0 pLDDT=85.6 pTM=0.625
2026-07-23 05:05:47,048 alphafold2_ptm_model_4_seed_043 recycle=1 pLDDT=89.2 pTM=0.684 tol=0.266
2026-07-23 05:05:59,402 alphafold2_ptm_model_4_seed_043 recycle=2 pLDDT=88.6 pTM=0.663 tol=0.0437
2026-07-23 05:06:12,206 alphafold2_ptm_model_4_seed_043 recycle=3 pLDDT=88.2 pTM=0.654 tol=0.0298
2026-07-23 05:06:12,207 alphafold2_ptm_model_4_seed_043 took 54.0s (3 recycles)
2026-07-23 05:06:28,498 alphafold2_ptm_model_5_seed_043 recycle=0 pLDDT=83.6 pTM=0.613
2026-07-23 05:06:45,572 alphafold2_ptm_model_5_seed_043 recycle=1 pLDDT=87.2 pTM=0.659 tol=0.359
2026-07-23 05:07:01,602 alphafold2_ptm_model_5_seed_043 recycle=2 pLDDT=87.6 pTM=0.66 tol=0.0746
2026-07-23 05:07:17,826 alphafold2_ptm_model_5_seed_043 recycle=3 pLDDT=88.1 pTM=0.666 tol=0.0427
2026-07-23 05:07:17,827 alphafold2_ptm_model_5_seed_043 took 65.5s (3 recycles)
2026-07-23 05:07:19,080 Padding length to 82
2026-07-23 05:07:34,770 alphafold2_ptm_model_1_seed_044 recycle=0 pLDDT=82.5 pTM=0.58
2026-07-23 05:07:49,846 alphafold2_ptm_model_1_seed_044 recycle=1 pLDDT=87.6 pTM=0.658 tol=0.224
2026-07-23 05:08:04,405 alphafold2_ptm_model_1_seed_044 recycle=2 pLDDT=88 pTM=0.661 tol=0.0619
2026-07-23 05:08:18,334 alphafold2_ptm_model_1_seed_044 recycle=3 pLDDT=88 pTM=0.662 tol=0.0325
2026-07-23 05:08:18,335 alphafold2_ptm_model_1_seed_044 took 59.3s (3 recycles)
2026-07-23 05:08:33,876 alphafold2_ptm_model_2_seed_044 recycle=0 pLDDT=83.2 pTM=0.598
2026-07-23 05:08:49,537 alphafold2_ptm_model_2_seed_044 recycle=1 pLDDT=87.4 pTM=0.668 tol=0.494
2026-07-23 05:09:02,794 alphafold2_ptm_model_2_seed_044 recycle=2 pLDDT=89.3 pTM=0.707 tol=0.0992
2026-07-23 05:09:14,029 alphafold2_ptm_model_2_seed_044 recycle=3 pLDDT=89.5 pTM=0.71 tol=0.0348
2026-07-23 05:09:14,030 alphafold2_ptm_model_2_seed_044 took 55.6s (3 recycles)
2026-07-23 05:09:25,596 alphafold2_ptm_model_3_seed_044 recycle=0 pLDDT=81.2 pTM=0.562
2026-07-23 05:09:42,930 alphafold2_ptm_model_3_seed_044 recycle=1 pLDDT=86.9 pTM=0.629 tol=0.346
2026-07-23 05:09:59,240 alphafold2_ptm_model_3_seed_044 recycle=2 pLDDT=87.6 pTM=0.653 tol=0.0887
2026-07-23 05:10:13,536 alphafold2_ptm_model_3_seed_044 recycle=3 pLDDT=88.4 pTM=0.661 tol=0.0722
2026-07-23 05:10:13,536 alphafold2_ptm_model_3_seed_044 took 59.5s (3 recycles)
2026-07-23 05:10:30,292 alphafold2_ptm_model_4_seed_044 recycle=0 pLDDT=86.4 pTM=0.644
2026-07-23 05:10:44,253 alphafold2_ptm_model_4_seed_044 recycle=1 pLDDT=89.1 pTM=0.679 tol=0.276
2026-07-23 05:10:57,642 alphafold2_ptm_model_4_seed_044 recycle=2 pLDDT=88.5 pTM=0.663 tol=0.0546
2026-07-23 05:11:12,783 alphafold2_ptm_model_4_seed_044 recycle=3 pLDDT=88.2 pTM=0.655 tol=0.0325
2026-07-23 05:11:12,784 alphafold2_ptm_model_4_seed_044 took 59.2s (3 recycles)
2026-07-23 05:11:26,360 alphafold2_ptm_model_5_seed_044 recycle=0 pLDDT=83.9 pTM=0.616
2026-07-23 05:11:40,828 alphafold2_ptm_model_5_seed_044 recycle=1 pLDDT=87.6 pTM=0.662 tol=0.32
2026-07-23 05:11:57,004 alphafold2_ptm_model_5_seed_044 recycle=2 pLDDT=87.8 pTM=0.662 tol=0.077
2026-07-23 05:12:11,093 alphafold2_ptm_model_5_seed_044 recycle=3 pLDDT=88.2 pTM=0.668 tol=0.0407
2026-07-23 05:12:11,093 alphafold2_ptm_model_5_seed_044 took 58.0s (3 recycles)
2026-07-23 05:12:11,144 reranking models by 'plddt' metric
2026-07-23 05:12:11,144 rank_001_alphafold2_ptm_model_2_seed_042 pLDDT=89.6 pTM=0.713
2026-07-23 05:12:11,146 rank_002_alphafold2_ptm_model_2_seed_044 pLDDT=89.5 pTM=0.71
2026-07-23 05:12:11,148 rank_003_alphafold2_ptm_model_2_seed_043 pLDDT=89.2 pTM=0.705
2026-07-23 05:12:11,149 rank_004_alphafold2_ptm_model_3_seed_042 pLDDT=88.5 pTM=0.662
2026-07-23 05:12:11,151 rank_005_alphafold2_ptm_model_3_seed_044 pLDDT=88.4 pTM=0.661
2026-07-23 05:12:11,152 rank_006_alphafold2_ptm_model_5_seed_042 pLDDT=88.3 pTM=0.669
2026-07-23 05:12:11,154 rank_007_alphafold2_ptm_model_4_seed_042 pLDDT=88.3 pTM=0.657
2026-07-23 05:12:11,155 rank_008_alphafold2_ptm_model_4_seed_044 pLDDT=88.2 pTM=0.655
2026-07-23 05:12:11,157 rank_009_alphafold2_ptm_model_5_seed_044 pLDDT=88.2 pTM=0.668
2026-07-23 05:12:11,158 rank_010_alphafold2_ptm_model_4_seed_043 pLDDT=88.2 pTM=0.654
2026-07-23 05:12:11,159 rank_011_alphafold2_ptm_model_1_seed_042 pLDDT=88.1 pTM=0.663
2026-07-23 05:12:11,161 rank_012_alphafold2_ptm_model_5_seed_043 pLDDT=88.1 pTM=0.666
2026-07-23 05:12:11,162 rank_013_alphafold2_ptm_model_1_seed_044 pLDDT=88 pTM=0.662
2026-07-23 05:12:11,164 rank_014_alphafold2_ptm_model_1_seed_043 pLDDT=88 pTM=0.662
2026-07-23 05:12:11,165 rank_015_alphafold2_ptm_model_3_seed_043 pLDDT=87.9 pTM=0.654
2026-07-23 05:12:14,322 Query 56/786: 5KPH_8_8_5_0_combined_id8 (length 72)
2026-07-23 05:12:17,258 Padding length to 82
2026-07-23 05:12:29,673 alphafold2_ptm_model_1_seed_042 recycle=0 pLDDT=80.2 pTM=0.579
2026-07-23 05:12:41,180 alphafold2_ptm_model_1_seed_042 recycle=1 pLDDT=82.2 pTM=0.619 tol=0.26
2026-07-23 05:12:54,263 alphafold2_ptm_model_1_seed_042 recycle=2 pLDDT=80.2 pTM=0.603 tol=0.225
2026-07-23 05:13:08,312 alphafold2_ptm_model_1_seed_042 recycle=3 pLDDT=80.6 pTM=0.606 tol=0.216
2026-07-23 05:13:08,313 alphafold2_ptm_model_1_seed_042 took 51.1s (3 recycles)
2026-07-23 05:13:21,861 alphafold2_ptm_model_2_seed_042 recycle=0 pLDDT=79.9 pTM=0.589
2026-07-23 05:13:38,560 alphafold2_ptm_model_2_seed_042 recycle=1 pLDDT=81.7 pTM=0.615 tol=0.354
2026-07-23 05:13:53,013 alphafold2_ptm_model_2_seed_042 recycle=2 pLDDT=78.9 pTM=0.59 tol=0.222
2026-07-23 05:14:08,159 alphafold2_ptm_model_2_seed_042 recycle=3 pLDDT=82.8 pTM=0.623 tol=0.219
2026-07-23 05:14:08,159 alphafold2_ptm_model_2_seed_042 took 59.8s (3 recycles)
2026-07-23 05:14:26,118 alphafold2_ptm_model_3_seed_042 recycle=0 pLDDT=84.9 pTM=0.617
2026-07-23 05:14:40,605 alphafold2_ptm_model_3_seed_042 recycle=1 pLDDT=83.2 pTM=0.605 tol=0.298
2026-07-23 05:14:56,723 alphafold2_ptm_model_3_seed_042 recycle=2 pLDDT=85.2 pTM=0.623 tol=0.197
2026-07-23 05:15:12,837 alphafold2_ptm_model_3_seed_042 recycle=3 pLDDT=84 pTM=0.623 tol=0.141
2026-07-23 05:15:12,838 alphafold2_ptm_model_3_seed_042 took 64.6s (3 recycles)
2026-07-23 05:15:28,106 alphafold2_ptm_model_4_seed_042 recycle=0 pLDDT=84.6 pTM=0.625
2026-07-23 05:15:41,005 alphafold2_ptm_model_4_seed_042 recycle=1 pLDDT=81.6 pTM=0.608 tol=0.472
2026-07-23 05:15:52,464 alphafold2_ptm_model_4_seed_042 recycle=2 pLDDT=85.4 pTM=0.651 tol=0.759
2026-07-23 05:16:05,446 alphafold2_ptm_model_4_seed_042 recycle=3 pLDDT=84.4 pTM=0.636 tol=0.298
2026-07-23 05:16:05,447 alphafold2_ptm_model_4_seed_042 took 52.6s (3 recycles)
2026-07-23 05:16:19,341 alphafold2_ptm_model_5_seed_042 recycle=0 pLDDT=83.7 pTM=0.61
2026-07-23 05:16:33,782 alphafold2_ptm_model_5_seed_042 recycle=1 pLDDT=81.9 pTM=0.596 tol=0.226
2026-07-23 05:16:48,130 alphafold2_ptm_model_5_seed_042 recycle=2 pLDDT=82.2 pTM=0.599 tol=0.121
2026-07-23 05:17:02,834 alphafold2_ptm_model_5_seed_042 recycle=3 pLDDT=82.3 pTM=0.597 tol=0.0865
2026-07-23 05:17:02,835 alphafold2_ptm_model_5_seed_042 took 57.3s (3 recycles)
2026-07-23 05:17:04,136 Padding length to 82
2026-07-23 05:17:16,952 alphafold2_ptm_model_1_seed_043 recycle=0 pLDDT=80.4 pTM=0.584
2026-07-23 05:17:30,098 alphafold2_ptm_model_1_seed_043 recycle=1 pLDDT=82.4 pTM=0.624 tol=0.249
2026-07-23 05:17:44,477 alphafold2_ptm_model_1_seed_043 recycle=2 pLDDT=80.8 pTM=0.607 tol=0.199
2026-07-23 05:17:57,668 alphafold2_ptm_model_1_seed_043 recycle=3 pLDDT=81.2 pTM=0.612 tol=0.147
2026-07-23 05:17:57,668 alphafold2_ptm_model_1_seed_043 took 53.5s (3 recycles)
2026-07-23 05:18:11,979 alphafold2_ptm_model_2_seed_043 recycle=0 pLDDT=78.8 pTM=0.584
2026-07-23 05:18:26,077 alphafold2_ptm_model_2_seed_043 recycle=1 pLDDT=81.7 pTM=0.616 tol=0.862
2026-07-23 05:18:40,511 alphafold2_ptm_model_2_seed_043 recycle=2 pLDDT=80.1 pTM=0.604 tol=0.812
2026-07-23 05:18:53,246 alphafold2_ptm_model_2_seed_043 recycle=3 pLDDT=82.2 pTM=0.627 tol=0.233
2026-07-23 05:18:53,246 alphafold2_ptm_model_2_seed_043 took 55.5s (3 recycles)
2026-07-23 05:19:04,962 alphafold2_ptm_model_3_seed_043 recycle=0 pLDDT=84.4 pTM=0.615
2026-07-23 05:19:17,756 alphafold2_ptm_model_3_seed_043 recycle=1 pLDDT=82.8 pTM=0.603 tol=0.286
2026-07-23 05:19:34,595 alphafold2_ptm_model_3_seed_043 recycle=2 pLDDT=85.1 pTM=0.624 tol=0.255
2026-07-23 05:19:49,384 alphafold2_ptm_model_3_seed_043 recycle=3 pLDDT=83.8 pTM=0.622 tol=0.201
2026-07-23 05:19:49,385 alphafold2_ptm_model_3_seed_043 took 56.1s (3 recycles)
2026-07-23 05:20:03,322 alphafold2_ptm_model_4_seed_043 recycle=0 pLDDT=84.4 pTM=0.624
2026-07-23 05:20:16,589 alphafold2_ptm_model_4_seed_043 recycle=1 pLDDT=81.5 pTM=0.608 tol=0.453
2026-07-23 05:20:29,824 alphafold2_ptm_model_4_seed_043 recycle=2 pLDDT=85.6 pTM=0.655 tol=0.822
2026-07-23 05:20:43,698 alphafold2_ptm_model_4_seed_043 recycle=3 pLDDT=84.6 pTM=0.639 tol=0.318
2026-07-23 05:20:43,698 alphafold2_ptm_model_4_seed_043 took 54.3s (3 recycles)
2026-07-23 05:20:58,167 alphafold2_ptm_model_5_seed_043 recycle=0 pLDDT=84.2 pTM=0.618
2026-07-23 05:21:10,996 alphafold2_ptm_model_5_seed_043 recycle=1 pLDDT=82.7 pTM=0.604 tol=0.324
2026-07-23 05:21:26,331 alphafold2_ptm_model_5_seed_043 recycle=2 pLDDT=83 pTM=0.604 tol=0.105
2026-07-23 05:21:39,488 alphafold2_ptm_model_5_seed_043 recycle=3 pLDDT=82.8 pTM=0.599 tol=0.0718
2026-07-23 05:21:39,488 alphafold2_ptm_model_5_seed_043 took 55.7s (3 recycles)
2026-07-23 05:21:40,766 Padding length to 82
2026-07-23 05:21:56,613 alphafold2_ptm_model_1_seed_044 recycle=0 pLDDT=80.4 pTM=0.582
2026-07-23 05:22:08,818 alphafold2_ptm_model_1_seed_044 recycle=1 pLDDT=82.9 pTM=0.626 tol=0.323
2026-07-23 05:22:22,973 alphafold2_ptm_model_1_seed_044 recycle=2 pLDDT=82.6 pTM=0.626 tol=0.921
2026-07-23 05:22:37,610 alphafold2_ptm_model_1_seed_044 recycle=3 pLDDT=80.5 pTM=0.603 tol=0.616
2026-07-23 05:22:37,610 alphafold2_ptm_model_1_seed_044 took 56.8s (3 recycles)
2026-07-23 05:22:52,182 alphafold2_ptm_model_2_seed_044 recycle=0 pLDDT=80.1 pTM=0.589
2026-07-23 05:23:05,711 alphafold2_ptm_model_2_seed_044 recycle=1 pLDDT=81.7 pTM=0.617 tol=0.294
2026-07-23 05:23:18,965 alphafold2_ptm_model_2_seed_044 recycle=2 pLDDT=80.4 pTM=0.595 tol=0.314
2026-07-23 05:23:34,229 alphafold2_ptm_model_2_seed_044 recycle=3 pLDDT=82.6 pTM=0.622 tol=0.394
2026-07-23 05:23:34,230 alphafold2_ptm_model_2_seed_044 took 56.6s (3 recycles)
2026-07-23 05:23:48,309 alphafold2_ptm_model_3_seed_044 recycle=0 pLDDT=85.2 pTM=0.625
2026-07-23 05:24:01,721 alphafold2_ptm_model_3_seed_044 recycle=1 pLDDT=83.2 pTM=0.607 tol=0.295
2026-07-23 05:24:14,729 alphafold2_ptm_model_3_seed_044 recycle=2 pLDDT=85.4 pTM=0.626 tol=0.222
2026-07-23 05:24:27,749 alphafold2_ptm_model_3_seed_044 recycle=3 pLDDT=84.6 pTM=0.627 tol=0.181
2026-07-23 05:24:27,749 alphafold2_ptm_model_3_seed_044 took 53.5s (3 recycles)
2026-07-23 05:24:44,313 alphafold2_ptm_model_4_seed_044 recycle=0 pLDDT=84.6 pTM=0.625
2026-07-23 05:25:00,583 alphafold2_ptm_model_4_seed_044 recycle=1 pLDDT=81.8 pTM=0.607 tol=0.508
2026-07-23 05:25:14,163 alphafold2_ptm_model_4_seed_044 recycle=2 pLDDT=85.9 pTM=0.659 tol=0.847
2026-07-23 05:25:25,559 alphafold2_ptm_model_4_seed_044 recycle=3 pLDDT=85.2 pTM=0.645 tol=0.289
2026-07-23 05:25:25,559 alphafold2_ptm_model_4_seed_044 took 57.8s (3 recycles)
2026-07-23 05:25:38,231 alphafold2_ptm_model_5_seed_044 recycle=0 pLDDT=83.7 pTM=0.606
2026-07-23 05:25:51,772 alphafold2_ptm_model_5_seed_044 recycle=1 pLDDT=82.4 pTM=0.599 tol=0.306
2026-07-23 05:26:04,627 alphafold2_ptm_model_5_seed_044 recycle=2 pLDDT=82.6 pTM=0.6 tol=0.0957
2026-07-23 05:26:19,641 alphafold2_ptm_model_5_seed_044 recycle=3 pLDDT=82.8 pTM=0.599 tol=0.0627
2026-07-23 05:26:19,641 alphafold2_ptm_model_5_seed_044 took 54.0s (3 recycles)
2026-07-23 05:26:19,724 reranking models by 'plddt' metric
2026-07-23 05:26:19,724 rank_001_alphafold2_ptm_model_4_seed_044 pLDDT=85.2 pTM=0.645
2026-07-23 05:26:19,726 rank_002_alphafold2_ptm_model_4_seed_043 pLDDT=84.6 pTM=0.639
2026-07-23 05:26:19,728 rank_003_alphafold2_ptm_model_3_seed_044 pLDDT=84.6 pTM=0.627
2026-07-23 05:26:19,730 rank_004_alphafold2_ptm_model_4_seed_042 pLDDT=84.4 pTM=0.636
2026-07-23 05:26:19,732 rank_005_alphafold2_ptm_model_3_seed_042 pLDDT=84 pTM=0.623
2026-07-23 05:26:19,734 rank_006_alphafold2_ptm_model_3_seed_043 pLDDT=83.8 pTM=0.622
2026-07-23 05:26:19,736 rank_007_alphafold2_ptm_model_5_seed_043 pLDDT=82.8 pTM=0.599
2026-07-23 05:26:19,738 rank_008_alphafold2_ptm_model_5_seed_044 pLDDT=82.8 pTM=0.599
2026-07-23 05:26:19,739 rank_009_alphafold2_ptm_model_2_seed_042 pLDDT=82.8 pTM=0.623
2026-07-23 05:26:19,741 rank_010_alphafold2_ptm_model_2_seed_044 pLDDT=82.6 pTM=0.622
2026-07-23 05:26:19,742 rank_011_alphafold2_ptm_model_5_seed_042 pLDDT=82.3 pTM=0.597
2026-07-23 05:26:19,744 rank_012_alphafold2_ptm_model_2_seed_043 pLDDT=82.2 pTM=0.627
2026-07-23 05:26:19,746 rank_013_alphafold2_ptm_model_1_seed_043 pLDDT=81.2 pTM=0.612
2026-07-23 05:26:19,748 rank_014_alphafold2_ptm_model_1_seed_042 pLDDT=80.6 pTM=0.606
2026-07-23 05:26:19,749 rank_015_alphafold2_ptm_model_1_seed_044 pLDDT=80.5 pTM=0.603
2026-07-23 05:26:22,809 Query 57/786: 5KPH_2_2_4_0_combined_id2 (length 72)
2026-07-23 05:26:25,108 Padding length to 82
2026-07-23 05:26:39,445 alphafold2_ptm_model_1_seed_042 recycle=0 pLDDT=82.6 pTM=0.619
2026-07-23 05:26:53,213 alphafold2_ptm_model_1_seed_042 recycle=1 pLDDT=87 pTM=0.669 tol=0.248
2026-07-23 05:27:06,977 alphafold2_ptm_model_1_seed_042 recycle=2 pLDDT=86.8 pTM=0.667 tol=0.0735
2026-07-23 05:27:20,842 alphafold2_ptm_model_1_seed_042 recycle=3 pLDDT=86.6 pTM=0.665 tol=0.0668
2026-07-23 05:27:20,843 alphafold2_ptm_model_1_seed_042 took 55.7s (3 recycles)
2026-07-23 05:27:35,410 alphafold2_ptm_model_2_seed_042 recycle=0 pLDDT=86.8 pTM=0.678
2026-07-23 05:27:50,855 alphafold2_ptm_model_2_seed_042 recycle=1 pLDDT=90.9 pTM=0.746 tol=0.35
2026-07-23 05:28:04,105 alphafold2_ptm_model_2_seed_042 recycle=2 pLDDT=92.1 pTM=0.769 tol=0.0661
2026-07-23 05:28:18,161 alphafold2_ptm_model_2_seed_042 recycle=3 pLDDT=92.4 pTM=0.774 tol=0.0226
2026-07-23 05:28:18,162 alphafold2_ptm_model_2_seed_042 took 57.3s (3 recycles)
2026-07-23 05:28:30,963 alphafold2_ptm_model_3_seed_042 recycle=0 pLDDT=89.4 pTM=0.701
2026-07-23 05:28:42,127 alphafold2_ptm_model_3_seed_042 recycle=1 pLDDT=91.2 pTM=0.745 tol=0.128
2026-07-23 05:28:54,854 alphafold2_ptm_model_3_seed_042 recycle=2 pLDDT=92 pTM=0.762 tol=0.0641
2026-07-23 05:29:09,326 alphafold2_ptm_model_3_seed_042 recycle=3 pLDDT=92 pTM=0.76 tol=0.0547
2026-07-23 05:29:09,327 alphafold2_ptm_model_3_seed_042 took 51.1s (3 recycles)
2026-07-23 05:29:23,040 alphafold2_ptm_model_4_seed_042 recycle=0 pLDDT=90 pTM=0.711
2026-07-23 05:29:36,218 alphafold2_ptm_model_4_seed_042 recycle=1 pLDDT=91.6 pTM=0.737 tol=0.122
2026-07-23 05:29:50,055 alphafold2_ptm_model_4_seed_042 recycle=2 pLDDT=91.6 pTM=0.741 tol=0.0446
2026-07-23 05:30:04,924 alphafold2_ptm_model_4_seed_042 recycle=3 pLDDT=91.7 pTM=0.743 tol=0.0333
2026-07-23 05:30:04,925 alphafold2_ptm_model_4_seed_042 took 55.5s (3 recycles)
2026-07-23 05:30:17,785 alphafold2_ptm_model_5_seed_042 recycle=0 pLDDT=82.4 pTM=0.631
2026-07-23 05:30:32,218 alphafold2_ptm_model_5_seed_042 recycle=1 pLDDT=84.4 pTM=0.664 tol=0.176
2026-07-23 05:30:46,019 alphafold2_ptm_model_5_seed_042 recycle=2 pLDDT=85.1 pTM=0.669 tol=0.115
2026-07-23 05:30:58,730 alphafold2_ptm_model_5_seed_042 recycle=3 pLDDT=85.2 pTM=0.669 tol=0.0806
2026-07-23 05:30:58,730 alphafold2_ptm_model_5_seed_042 took 53.8s (3 recycles)
2026-07-23 05:30:59,976 Padding length to 82
2026-07-23 05:31:13,703 alphafold2_ptm_model_1_seed_043 recycle=0 pLDDT=82.7 pTM=0.618
2026-07-23 05:31:26,251 alphafold2_ptm_model_1_seed_043 recycle=1 pLDDT=88.2 pTM=0.683 tol=0.724
2026-07-23 05:31:40,815 alphafold2_ptm_model_1_seed_043 recycle=2 pLDDT=90.5 pTM=0.72 tol=0.174
2026-07-23 05:31:51,994 alphafold2_ptm_model_1_seed_043 recycle=3 pLDDT=91 pTM=0.73 tol=0.047
2026-07-23 05:31:51,995 alphafold2_ptm_model_1_seed_043 took 52.0s (3 recycles)
2026-07-23 05:32:04,527 alphafold2_ptm_model_2_seed_043 recycle=0 pLDDT=89.2 pTM=0.711
2026-07-23 05:32:19,630 alphafold2_ptm_model_2_seed_043 recycle=1 pLDDT=91.8 pTM=0.76 tol=0.16
2026-07-23 05:32:34,601 alphafold2_ptm_model_2_seed_043 recycle=2 pLDDT=92.2 pTM=0.77 tol=0.0409
2026-07-23 05:32:49,058 alphafold2_ptm_model_2_seed_043 recycle=3 pLDDT=92.4 pTM=0.774 tol=0.021
2026-07-23 05:32:49,058 alphafold2_ptm_model_2_seed_043 took 57.0s (3 recycles)
2026-07-23 05:33:04,579 alphafold2_ptm_model_3_seed_043 recycle=0 pLDDT=89.4 pTM=0.701
2026-07-23 05:33:19,438 alphafold2_ptm_model_3_seed_043 recycle=1 pLDDT=91.4 pTM=0.747 tol=0.134
2026-07-23 05:33:34,481 alphafold2_ptm_model_3_seed_043 recycle=2 pLDDT=91.9 pTM=0.76 tol=0.0634
2026-07-23 05:33:48,914 alphafold2_ptm_model_3_seed_043 recycle=3 pLDDT=91.9 pTM=0.758 tol=0.0619
2026-07-23 05:33:48,914 alphafold2_ptm_model_3_seed_043 took 59.8s (3 recycles)
2026-07-23 05:34:03,410 alphafold2_ptm_model_4_seed_043 recycle=0 pLDDT=89.7 pTM=0.707
2026-07-23 05:34:18,159 alphafold2_ptm_model_4_seed_043 recycle=1 pLDDT=91.4 pTM=0.736 tol=0.121
2026-07-23 05:34:32,604 alphafold2_ptm_model_4_seed_043 recycle=2 pLDDT=91.5 pTM=0.738 tol=0.0419
2026-07-23 05:34:46,543 alphafold2_ptm_model_4_seed_043 recycle=3 pLDDT=91.5 pTM=0.74 tol=0.0365
2026-07-23 05:34:46,543 alphafold2_ptm_model_4_seed_043 took 57.6s (3 recycles)
2026-07-23 05:34:59,491 alphafold2_ptm_model_5_seed_043 recycle=0 pLDDT=85.1 pTM=0.664
2026-07-23 05:35:10,614 alphafold2_ptm_model_5_seed_043 recycle=1 pLDDT=90.9 pTM=0.74 tol=0.435
2026-07-23 05:35:23,228 alphafold2_ptm_model_5_seed_043 recycle=2 pLDDT=91.3 pTM=0.744 tol=0.0582
2026-07-23 05:35:37,308 alphafold2_ptm_model_5_seed_043 recycle=3 pLDDT=91.3 pTM=0.744 tol=0.0272
2026-07-23 05:35:37,308 alphafold2_ptm_model_5_seed_043 took 50.7s (3 recycles)
2026-07-23 05:35:38,465 Padding length to 82
2026-07-23 05:35:53,343 alphafold2_ptm_model_1_seed_044 recycle=0 pLDDT=82.5 pTM=0.616
2026-07-23 05:36:08,520 alphafold2_ptm_model_1_seed_044 recycle=1 pLDDT=87.1 pTM=0.672 tol=0.361
2026-07-23 05:36:22,021 alphafold2_ptm_model_1_seed_044 recycle=2 pLDDT=87.1 pTM=0.671 tol=0.0721
2026-07-23 05:36:36,119 alphafold2_ptm_model_1_seed_044 recycle=3 pLDDT=86.8 pTM=0.667 tol=0.0554
2026-07-23 05:36:36,119 alphafold2_ptm_model_1_seed_044 took 57.7s (3 recycles)
2026-07-23 05:36:49,897 alphafold2_ptm_model_2_seed_044 recycle=0 pLDDT=86.8 pTM=0.68
2026-07-23 05:37:04,976 alphafold2_ptm_model_2_seed_044 recycle=1 pLDDT=89.1 pTM=0.729 tol=0.331
2026-07-23 05:37:19,878 alphafold2_ptm_model_2_seed_044 recycle=2 pLDDT=89.1 pTM=0.734 tol=0.0548
2026-07-23 05:37:33,765 alphafold2_ptm_model_2_seed_044 recycle=3 pLDDT=88.9 pTM=0.735 tol=0.0341
2026-07-23 05:37:33,766 alphafold2_ptm_model_2_seed_044 took 57.6s (3 recycles)
2026-07-23 05:37:47,871 alphafold2_ptm_model_3_seed_044 recycle=0 pLDDT=87.2 pTM=0.669
2026-07-23 05:38:01,745 alphafold2_ptm_model_3_seed_044 recycle=1 pLDDT=89.9 pTM=0.722 tol=0.26
2026-07-23 05:38:13,968 alphafold2_ptm_model_3_seed_044 recycle=2 pLDDT=91.3 pTM=0.75 tol=0.0964
2026-07-23 05:38:25,113 alphafold2_ptm_model_3_seed_044 recycle=3 pLDDT=91.4 pTM=0.751 tol=0.0714
2026-07-23 05:38:25,113 alphafold2_ptm_model_3_seed_044 took 51.3s (3 recycles)
2026-07-23 05:38:36,927 alphafold2_ptm_model_4_seed_044 recycle=0 pLDDT=89.1 pTM=0.698
2026-07-23 05:38:50,311 alphafold2_ptm_model_4_seed_044 recycle=1 pLDDT=91.4 pTM=0.737 tol=0.125
2026-07-23 05:39:03,614 alphafold2_ptm_model_4_seed_044 recycle=2 pLDDT=91.6 pTM=0.742 tol=0.0413
2026-07-23 05:39:17,426 alphafold2_ptm_model_4_seed_044 recycle=3 pLDDT=91.6 pTM=0.743 tol=0.0286
2026-07-23 05:39:17,426 alphafold2_ptm_model_4_seed_044 took 52.3s (3 recycles)
2026-07-23 05:39:31,427 alphafold2_ptm_model_5_seed_044 recycle=0 pLDDT=82 pTM=0.628
2026-07-23 05:39:44,412 alphafold2_ptm_model_5_seed_044 recycle=1 pLDDT=84.8 pTM=0.666 tol=0.188
2026-07-23 05:39:57,204 alphafold2_ptm_model_5_seed_044 recycle=2 pLDDT=85.2 pTM=0.672 tol=0.121
2026-07-23 05:40:10,286 alphafold2_ptm_model_5_seed_044 recycle=3 pLDDT=85.3 pTM=0.671 tol=0.0844
2026-07-23 05:40:10,287 alphafold2_ptm_model_5_seed_044 took 52.7s (3 recycles)
2026-07-23 05:40:10,340 reranking models by 'plddt' metric
2026-07-23 05:40:10,340 rank_001_alphafold2_ptm_model_2_seed_043 pLDDT=92.4 pTM=0.774
2026-07-23 05:40:10,342 rank_002_alphafold2_ptm_model_2_seed_042 pLDDT=92.4 pTM=0.774
2026-07-23 05:40:10,345 rank_003_alphafold2_ptm_model_3_seed_042 pLDDT=92 pTM=0.76
2026-07-23 05:40:10,347 rank_004_alphafold2_ptm_model_3_seed_043 pLDDT=91.9 pTM=0.758
2026-07-23 05:40:10,349 rank_005_alphafold2_ptm_model_4_seed_042 pLDDT=91.7 pTM=0.743
2026-07-23 05:40:10,351 rank_006_alphafold2_ptm_model_4_seed_044 pLDDT=91.6 pTM=0.743
2026-07-23 05:40:10,353 rank_007_alphafold2_ptm_model_4_seed_043 pLDDT=91.5 pTM=0.74
2026-07-23 05:40:10,355 rank_008_alphafold2_ptm_model_3_seed_044 pLDDT=91.4 pTM=0.751
2026-07-23 05:40:10,357 rank_009_alphafold2_ptm_model_5_seed_043 pLDDT=91.3 pTM=0.744
2026-07-23 05:40:10,358 rank_010_alphafold2_ptm_model_1_seed_043 pLDDT=91 pTM=0.73
2026-07-23 05:40:10,360 rank_011_alphafold2_ptm_model_2_seed_044 pLDDT=88.9 pTM=0.735
2026-07-23 05:40:10,362 rank_012_alphafold2_ptm_model_1_seed_044 pLDDT=86.8 pTM=0.667
2026-07-23 05:40:10,363 rank_013_alphafold2_ptm_model_1_seed_042 pLDDT=86.6 pTM=0.665
2026-07-23 05:40:10,365 rank_014_alphafold2_ptm_model_5_seed_044 pLDDT=85.3 pTM=0.671
2026-07-23 05:40:10,367 rank_015_alphafold2_ptm_model_5_seed_042 pLDDT=85.2 pTM=0.669
2026-07-23 05:40:14,372 Query 58/786: 5KPH_2_2_4_0_combined_id7 (length 72)
2026-07-23 05:40:16,637 Padding length to 82
2026-07-23 05:40:31,521 alphafold2_ptm_model_1_seed_042 recycle=0 pLDDT=84.6 pTM=0.647
2026-07-23 05:40:46,502 alphafold2_ptm_model_1_seed_042 recycle=1 pLDDT=92.4 pTM=0.758 tol=0.53
2026-07-23 05:41:01,742 alphafold2_ptm_model_1_seed_042 recycle=2 pLDDT=92.4 pTM=0.758 tol=0.086
2026-07-23 05:41:15,182 alphafold2_ptm_model_1_seed_042 recycle=3 pLDDT=92.3 pTM=0.756 tol=0.0457
2026-07-23 05:41:15,182 alphafold2_ptm_model_1_seed_042 took 58.5s (3 recycles)
2026-07-23 05:41:29,219 alphafold2_ptm_model_2_seed_042 recycle=0 pLDDT=88.6 pTM=0.72
2026-07-23 05:41:40,911 alphafold2_ptm_model_2_seed_042 recycle=1 pLDDT=93.6 pTM=0.79 tol=0.594
2026-07-23 05:41:53,332 alphafold2_ptm_model_2_seed_042 recycle=2 pLDDT=93.4 pTM=0.787 tol=0.0607
2026-07-23 05:42:07,661 alphafold2_ptm_model_2_seed_042 recycle=3 pLDDT=93.4 pTM=0.786 tol=0.0304
2026-07-23 05:42:07,661 alphafold2_ptm_model_2_seed_042 took 52.3s (3 recycles)
2026-07-23 05:42:22,821 alphafold2_ptm_model_3_seed_042 recycle=0 pLDDT=91.3 pTM=0.723
2026-07-23 05:42:35,777 alphafold2_ptm_model_3_seed_042 recycle=1 pLDDT=91.4 pTM=0.745 tol=0.25
2026-07-23 05:42:49,500 alphafold2_ptm_model_3_seed_042 recycle=2 pLDDT=90.8 pTM=0.738 tol=0.124
2026-07-23 05:43:04,941 alphafold2_ptm_model_3_seed_042 recycle=3 pLDDT=91.3 pTM=0.744 tol=0.0614
2026-07-23 05:43:04,942 alphafold2_ptm_model_3_seed_042 took 57.2s (3 recycles)
2026-07-23 05:43:20,160 alphafold2_ptm_model_4_seed_042 recycle=0 pLDDT=89.1 pTM=0.708
2026-07-23 05:43:36,905 alphafold2_ptm_model_4_seed_042 recycle=1 pLDDT=92.9 pTM=0.781 tol=0.302
2026-07-23 05:43:51,473 alphafold2_ptm_model_4_seed_042 recycle=2 pLDDT=93.1 pTM=0.785 tol=0.0533
2026-07-23 05:44:05,231 alphafold2_ptm_model_4_seed_042 recycle=3 pLDDT=93.4 pTM=0.788 tol=0.027
2026-07-23 05:44:05,232 alphafold2_ptm_model_4_seed_042 took 60.3s (3 recycles)
2026-07-23 05:44:19,974 alphafold2_ptm_model_5_seed_042 recycle=0 pLDDT=51.5 pTM=0.384
2026-07-23 05:44:34,435 alphafold2_ptm_model_5_seed_042 recycle=1 pLDDT=88.1 pTM=0.731 tol=3.5
2026-07-23 05:44:47,320 alphafold2_ptm_model_5_seed_042 recycle=2 pLDDT=92.3 pTM=0.775 tol=0.337
2026-07-23 05:44:58,722 alphafold2_ptm_model_5_seed_042 recycle=3 pLDDT=92.5 pTM=0.772 tol=0.0736
2026-07-23 05:44:58,722 alphafold2_ptm_model_5_seed_042 took 53.4s (3 recycles)
2026-07-23 05:44:59,626 Padding length to 82
2026-07-23 05:45:12,292 alphafold2_ptm_model_1_seed_043 recycle=0 pLDDT=86.6 pTM=0.667
2026-07-23 05:45:26,732 alphafold2_ptm_model_1_seed_043 recycle=1 pLDDT=92.3 pTM=0.755 tol=0.488
2026-07-23 05:45:42,116 alphafold2_ptm_model_1_seed_043 recycle=2 pLDDT=92 pTM=0.752 tol=0.0532
2026-07-23 05:45:55,824 alphafold2_ptm_model_1_seed_043 recycle=3 pLDDT=91.9 pTM=0.75 tol=0.0414
2026-07-23 05:45:55,824 alphafold2_ptm_model_1_seed_043 took 56.2s (3 recycles)
2026-07-23 05:46:11,115 alphafold2_ptm_model_2_seed_043 recycle=0 pLDDT=88.5 pTM=0.72
2026-07-23 05:46:24,513 alphafold2_ptm_model_2_seed_043 recycle=1 pLDDT=92.7 pTM=0.788 tol=0.554
2026-07-23 05:46:38,937 alphafold2_ptm_model_2_seed_043 recycle=2 pLDDT=93.2 pTM=0.784 tol=0.0677
2026-07-23 05:46:54,561 alphafold2_ptm_model_2_seed_043 recycle=3 pLDDT=93.3 pTM=0.785 tol=0.0322
2026-07-23 05:46:54,561 alphafold2_ptm_model_2_seed_043 took 58.6s (3 recycles)
2026-07-23 05:47:08,806 alphafold2_ptm_model_3_seed_043 recycle=0 pLDDT=91.2 pTM=0.721
2026-07-23 05:47:22,884 alphafold2_ptm_model_3_seed_043 recycle=1 pLDDT=91.4 pTM=0.743 tol=0.227
2026-07-23 05:47:37,409 alphafold2_ptm_model_3_seed_043 recycle=2 pLDDT=90.9 pTM=0.739 tol=0.0993
2026-07-23 05:47:52,866 alphafold2_ptm_model_3_seed_043 recycle=3 pLDDT=91.3 pTM=0.744 tol=0.0506
2026-07-23 05:47:52,866 alphafold2_ptm_model_3_seed_043 took 58.3s (3 recycles)
2026-07-23 05:48:08,709 alphafold2_ptm_model_4_seed_043 recycle=0 pLDDT=87.9 pTM=0.709
2026-07-23 05:48:20,308 alphafold2_ptm_model_4_seed_043 recycle=1 pLDDT=92.2 pTM=0.779 tol=0.277
2026-07-23 05:48:33,600 alphafold2_ptm_model_4_seed_043 recycle=2 pLDDT=92.6 pTM=0.783 tol=0.0575
2026-07-23 05:48:47,558 alphafold2_ptm_model_4_seed_043 recycle=3 pLDDT=92.8 pTM=0.785 tol=0.0295
2026-07-23 05:48:47,559 alphafold2_ptm_model_4_seed_043 took 54.7s (3 recycles)
2026-07-23 05:49:01,515 alphafold2_ptm_model_5_seed_043 recycle=0 pLDDT=52.6 pTM=0.387
2026-07-23 05:49:15,404 alphafold2_ptm_model_5_seed_043 recycle=1 pLDDT=87.9 pTM=0.734 tol=3.09
2026-07-23 05:49:30,664 alphafold2_ptm_model_5_seed_043 recycle=2 pLDDT=92.4 pTM=0.776 tol=0.326
2026-07-23 05:49:47,241 alphafold2_ptm_model_5_seed_043 recycle=3 pLDDT=92.4 pTM=0.771 tol=0.0685
2026-07-23 05:49:47,242 alphafold2_ptm_model_5_seed_043 took 59.6s (3 recycles)
2026-07-23 05:49:48,566 Padding length to 82
2026-07-23 05:50:03,021 alphafold2_ptm_model_1_seed_044 recycle=0 pLDDT=86.4 pTM=0.665
2026-07-23 05:50:18,259 alphafold2_ptm_model_1_seed_044 recycle=1 pLDDT=92.2 pTM=0.752 tol=0.487
2026-07-23 05:50:31,558 alphafold2_ptm_model_1_seed_044 recycle=2 pLDDT=91.9 pTM=0.75 tol=0.0517
2026-07-23 05:50:45,648 alphafold2_ptm_model_1_seed_044 recycle=3 pLDDT=91.9 pTM=0.75 tol=0.039
2026-07-23 05:50:45,649 alphafold2_ptm_model_1_seed_044 took 57.1s (3 recycles)
2026-07-23 05:50:59,653 alphafold2_ptm_model_2_seed_044 recycle=0 pLDDT=87.8 pTM=0.715
2026-07-23 05:51:13,922 alphafold2_ptm_model_2_seed_044 recycle=1 pLDDT=93.4 pTM=0.791 tol=0.517
2026-07-23 05:51:26,826 alphafold2_ptm_model_2_seed_044 recycle=2 pLDDT=93.3 pTM=0.786 tol=0.068
2026-07-23 05:51:38,315 alphafold2_ptm_model_2_seed_044 recycle=3 pLDDT=93.3 pTM=0.786 tol=0.0298
2026-07-23 05:51:38,316 alphafold2_ptm_model_2_seed_044 took 52.6s (3 recycles)
2026-07-23 05:51:51,870 alphafold2_ptm_model_3_seed_044 recycle=0 pLDDT=91.6 pTM=0.724
2026-07-23 05:52:06,257 alphafold2_ptm_model_3_seed_044 recycle=1 pLDDT=91.1 pTM=0.738 tol=0.245
2026-07-23 05:52:21,064 alphafold2_ptm_model_3_seed_044 recycle=2 pLDDT=90.6 pTM=0.732 tol=0.12
2026-07-23 05:52:35,089 alphafold2_ptm_model_3_seed_044 recycle=3 pLDDT=91.1 pTM=0.742 tol=0.0621
2026-07-23 05:52:35,090 alphafold2_ptm_model_3_seed_044 took 56.7s (3 recycles)
2026-07-23 05:52:48,882 alphafold2_ptm_model_4_seed_044 recycle=0 pLDDT=89.3 pTM=0.711
2026-07-23 05:53:02,686 alphafold2_ptm_model_4_seed_044 recycle=1 pLDDT=93.1 pTM=0.783 tol=0.233
2026-07-23 05:53:18,582 alphafold2_ptm_model_4_seed_044 recycle=2 pLDDT=93.2 pTM=0.787 tol=0.0511
2026-07-23 05:53:32,487 alphafold2_ptm_model_4_seed_044 recycle=3 pLDDT=93.5 pTM=0.791 tol=0.0242
2026-07-23 05:53:32,487 alphafold2_ptm_model_4_seed_044 took 57.3s (3 recycles)
2026-07-23 05:53:47,397 alphafold2_ptm_model_5_seed_044 recycle=0 pLDDT=49.1 pTM=0.378
2026-07-23 05:54:01,507 alphafold2_ptm_model_5_seed_044 recycle=1 pLDDT=87.2 pTM=0.719 tol=4.16
2026-07-23 05:54:15,948 alphafold2_ptm_model_5_seed_044 recycle=2 pLDDT=92.2 pTM=0.773 tol=0.37
2026-07-23 05:54:31,250 alphafold2_ptm_model_5_seed_044 recycle=3 pLDDT=92.4 pTM=0.774 tol=0.0673
2026-07-23 05:54:31,251 alphafold2_ptm_model_5_seed_044 took 58.7s (3 recycles)
2026-07-23 05:54:31,301 reranking models by 'plddt' metric
2026-07-23 05:54:31,302 rank_001_alphafold2_ptm_model_4_seed_044 pLDDT=93.5 pTM=0.791
2026-07-23 05:54:31,306 rank_002_alphafold2_ptm_model_2_seed_042 pLDDT=93.4 pTM=0.786
2026-07-23 05:54:31,309 rank_003_alphafold2_ptm_model_4_seed_042 pLDDT=93.4 pTM=0.788
2026-07-23 05:54:31,311 rank_004_alphafold2_ptm_model_2_seed_044 pLDDT=93.3 pTM=0.786
2026-07-23 05:54:31,312 rank_005_alphafold2_ptm_model_2_seed_043 pLDDT=93.3 pTM=0.785
2026-07-23 05:54:31,314 rank_006_alphafold2_ptm_model_4_seed_043 pLDDT=92.8 pTM=0.785
2026-07-23 05:54:31,316 rank_007_alphafold2_ptm_model_5_seed_042 pLDDT=92.5 pTM=0.772
2026-07-23 05:54:31,318 rank_008_alphafold2_ptm_model_5_seed_044 pLDDT=92.4 pTM=0.774
2026-07-23 05:54:31,319 rank_009_alphafold2_ptm_model_5_seed_043 pLDDT=92.4 pTM=0.771
2026-07-23 05:54:31,321 rank_010_alphafold2_ptm_model_1_seed_042 pLDDT=92.3 pTM=0.756
2026-07-23 05:54:31,323 rank_011_alphafold2_ptm_model_1_seed_044 pLDDT=91.9 pTM=0.75
2026-07-23 05:54:31,325 rank_012_alphafold2_ptm_model_1_seed_043 pLDDT=91.9 pTM=0.75
2026-07-23 05:54:31,326 rank_013_alphafold2_ptm_model_3_seed_043 pLDDT=91.3 pTM=0.744
2026-07-23 05:54:31,327 rank_014_alphafold2_ptm_model_3_seed_042 pLDDT=91.3 pTM=0.744
2026-07-23 05:54:31,329 rank_015_alphafold2_ptm_model_3_seed_044 pLDDT=91.1 pTM=0.742
2026-07-23 05:54:33,907 Query 59/786: 5KPH_4_6_7_0_combined_id5 (length 72)
2026-07-23 05:54:36,209 Padding length to 82
2026-07-23 05:54:48,523 alphafold2_ptm_model_1_seed_042 recycle=0 pLDDT=88 pTM=0.643
2026-07-23 05:55:02,908 alphafold2_ptm_model_1_seed_042 recycle=1 pLDDT=90 pTM=0.688 tol=0.159
2026-07-23 05:55:18,114 alphafold2_ptm_model_1_seed_042 recycle=2 pLDDT=90.4 pTM=0.7 tol=0.07
2026-07-23 05:55:34,862 alphafold2_ptm_model_1_seed_042 recycle=3 pLDDT=90.5 pTM=0.7 tol=0.0272
2026-07-23 05:55:34,863 alphafold2_ptm_model_1_seed_042 took 58.7s (3 recycles)
2026-07-23 05:55:49,852 alphafold2_ptm_model_2_seed_042 recycle=0 pLDDT=90.1 pTM=0.704
2026-07-23 05:56:04,894 alphafold2_ptm_model_2_seed_042 recycle=1 pLDDT=91.8 pTM=0.732 tol=0.184
2026-07-23 05:56:18,914 alphafold2_ptm_model_2_seed_042 recycle=2 pLDDT=91.9 pTM=0.738 tol=0.037
2026-07-23 05:56:32,858 alphafold2_ptm_model_2_seed_042 recycle=3 pLDDT=91.9 pTM=0.738 tol=0.0251
2026-07-23 05:56:32,858 alphafold2_ptm_model_2_seed_042 took 58.0s (3 recycles)
2026-07-23 05:56:47,149 alphafold2_ptm_model_3_seed_042 recycle=0 pLDDT=85.5 pTM=0.617
2026-07-23 05:57:01,964 alphafold2_ptm_model_3_seed_042 recycle=1 pLDDT=85 pTM=0.621 tol=0.853
2026-07-23 05:57:16,526 alphafold2_ptm_model_3_seed_042 recycle=2 pLDDT=85.1 pTM=0.62 tol=0.243
2026-07-23 05:57:31,348 alphafold2_ptm_model_3_seed_042 recycle=3 pLDDT=85.1 pTM=0.629 tol=0.116
2026-07-23 05:57:31,348 alphafold2_ptm_model_3_seed_042 took 58.5s (3 recycles)
2026-07-23 05:57:47,538 alphafold2_ptm_model_4_seed_042 recycle=0 pLDDT=88.2 pTM=0.667
2026-07-23 05:57:59,079 alphafold2_ptm_model_4_seed_042 recycle=1 pLDDT=89.6 pTM=0.691 tol=0.139
2026-07-23 05:58:11,314 alphafold2_ptm_model_4_seed_042 recycle=2 pLDDT=89.8 pTM=0.694 tol=0.0435
2026-07-23 05:58:26,018 alphafold2_ptm_model_4_seed_042 recycle=3 pLDDT=89.8 pTM=0.692 tol=0.0318
2026-07-23 05:58:26,019 alphafold2_ptm_model_4_seed_042 took 54.6s (3 recycles)
2026-07-23 05:58:41,862 alphafold2_ptm_model_5_seed_042 recycle=0 pLDDT=88.9 pTM=0.672
2026-07-23 05:58:58,847 alphafold2_ptm_model_5_seed_042 recycle=1 pLDDT=89.8 pTM=0.674 tol=0.235
2026-07-23 05:59:12,640 alphafold2_ptm_model_5_seed_042 recycle=2 pLDDT=89.8 pTM=0.675 tol=0.0556
2026-07-23 05:59:28,693 alphafold2_ptm_model_5_seed_042 recycle=3 pLDDT=89.6 pTM=0.675 tol=0.0276
2026-07-23 05:59:28,693 alphafold2_ptm_model_5_seed_042 took 62.6s (3 recycles)
2026-07-23 05:59:29,840 Padding length to 82
2026-07-23 05:59:42,982 alphafold2_ptm_model_1_seed_043 recycle=0 pLDDT=87.5 pTM=0.634
2026-07-23 05:59:57,578 alphafold2_ptm_model_1_seed_043 recycle=1 pLDDT=89.9 pTM=0.688 tol=0.142
2026-07-23 06:00:11,960 alphafold2_ptm_model_1_seed_043 recycle=2 pLDDT=90.4 pTM=0.7 tol=0.0669
2026-07-23 06:00:24,978 alphafold2_ptm_model_1_seed_043 recycle=3 pLDDT=90.4 pTM=0.701 tol=0.0307
2026-07-23 06:00:24,978 alphafold2_ptm_model_1_seed_043 took 55.1s (3 recycles)
2026-07-23 06:00:40,416 alphafold2_ptm_model_2_seed_043 recycle=0 pLDDT=90.6 pTM=0.713
2026-07-23 06:00:56,429 alphafold2_ptm_model_2_seed_043 recycle=1 pLDDT=91.9 pTM=0.736 tol=0.159
2026-07-23 06:01:09,445 alphafold2_ptm_model_2_seed_043 recycle=2 pLDDT=91.9 pTM=0.739 tol=0.0395
2026-07-23 06:01:20,766 alphafold2_ptm_model_2_seed_043 recycle=3 pLDDT=91.9 pTM=0.738 tol=0.0266
2026-07-23 06:01:20,766 alphafold2_ptm_model_2_seed_043 took 55.8s (3 recycles)
2026-07-23 06:01:34,597 alphafold2_ptm_model_3_seed_043 recycle=0 pLDDT=84.6 pTM=0.611
2026-07-23 06:01:49,607 alphafold2_ptm_model_3_seed_043 recycle=1 pLDDT=85.4 pTM=0.626 tol=0.772
2026-07-23 06:02:04,359 alphafold2_ptm_model_3_seed_043 recycle=2 pLDDT=85.3 pTM=0.618 tol=0.119
2026-07-23 06:02:18,795 alphafold2_ptm_model_3_seed_043 recycle=3 pLDDT=85.8 pTM=0.631 tol=0.0703
2026-07-23 06:02:18,795 alphafold2_ptm_model_3_seed_043 took 58.0s (3 recycles)
2026-07-23 06:02:33,546 alphafold2_ptm_model_4_seed_043 recycle=0 pLDDT=88.1 pTM=0.667
2026-07-23 06:02:47,780 alphafold2_ptm_model_4_seed_043 recycle=1 pLDDT=89.7 pTM=0.692 tol=0.129
2026-07-23 06:03:04,152 alphafold2_ptm_model_4_seed_043 recycle=2 pLDDT=89.8 pTM=0.693 tol=0.0522
2026-07-23 06:03:19,480 alphafold2_ptm_model_4_seed_043 recycle=3 pLDDT=89.9 pTM=0.692 tol=0.029
2026-07-23 06:03:19,481 alphafold2_ptm_model_4_seed_043 took 60.6s (3 recycles)
2026-07-23 06:03:33,648 alphafold2_ptm_model_5_seed_043 recycle=0 pLDDT=88.6 pTM=0.667
2026-07-23 06:03:48,121 alphafold2_ptm_model_5_seed_043 recycle=1 pLDDT=89.7 pTM=0.674 tol=0.221
2026-07-23 06:04:03,564 alphafold2_ptm_model_5_seed_043 recycle=2 pLDDT=89.6 pTM=0.674 tol=0.0551
2026-07-23 06:04:16,811 alphafold2_ptm_model_5_seed_043 recycle=3 pLDDT=89.7 pTM=0.677 tol=0.0272
2026-07-23 06:04:16,812 alphafold2_ptm_model_5_seed_043 took 57.3s (3 recycles)
2026-07-23 06:04:18,849 Padding length to 82
2026-07-23 06:04:30,550 alphafold2_ptm_model_1_seed_044 recycle=0 pLDDT=87.4 pTM=0.637
2026-07-23 06:04:43,476 alphafold2_ptm_model_1_seed_044 recycle=1 pLDDT=89.8 pTM=0.685 tol=0.151
2026-07-23 06:04:57,949 alphafold2_ptm_model_1_seed_044 recycle=2 pLDDT=90.3 pTM=0.699 tol=0.0476
2026-07-23 06:05:11,788 alphafold2_ptm_model_1_seed_044 recycle=3 pLDDT=90.4 pTM=0.702 tol=0.0239
2026-07-23 06:05:11,789 alphafold2_ptm_model_1_seed_044 took 52.9s (3 recycles)
2026-07-23 06:05:25,635 alphafold2_ptm_model_2_seed_044 recycle=0 pLDDT=90.4 pTM=0.711
2026-07-23 06:05:39,366 alphafold2_ptm_model_2_seed_044 recycle=1 pLDDT=91.6 pTM=0.729 tol=0.156
2026-07-23 06:05:53,189 alphafold2_ptm_model_2_seed_044 recycle=2 pLDDT=91.8 pTM=0.736 tol=0.036
2026-07-23 06:06:05,989 alphafold2_ptm_model_2_seed_044 recycle=3 pLDDT=91.9 pTM=0.739 tol=0.0241
2026-07-23 06:06:05,989 alphafold2_ptm_model_2_seed_044 took 54.2s (3 recycles)
2026-07-23 06:06:21,178 alphafold2_ptm_model_3_seed_044 recycle=0 pLDDT=83.5 pTM=0.61
2026-07-23 06:06:34,596 alphafold2_ptm_model_3_seed_044 recycle=1 pLDDT=84.9 pTM=0.61 tol=0.199
2026-07-23 06:06:48,031 alphafold2_ptm_model_3_seed_044 recycle=2 pLDDT=85 pTM=0.617 tol=0.14
2026-07-23 06:07:03,523 alphafold2_ptm_model_3_seed_044 recycle=3 pLDDT=85.2 pTM=0.615 tol=0.128
2026-07-23 06:07:03,524 alphafold2_ptm_model_3_seed_044 took 57.5s (3 recycles)
2026-07-23 06:07:17,408 alphafold2_ptm_model_4_seed_044 recycle=0 pLDDT=88.1 pTM=0.663
2026-07-23 06:07:31,114 alphafold2_ptm_model_4_seed_044 recycle=1 pLDDT=89.4 pTM=0.688 tol=0.14
2026-07-23 06:07:42,491 alphafold2_ptm_model_4_seed_044 recycle=2 pLDDT=89.9 pTM=0.691 tol=0.0426
2026-07-23 06:07:54,050 alphafold2_ptm_model_4_seed_044 recycle=3 pLDDT=89.9 pTM=0.692 tol=0.0369
2026-07-23 06:07:54,050 alphafold2_ptm_model_4_seed_044 took 50.5s (3 recycles)
2026-07-23 06:08:09,365 alphafold2_ptm_model_5_seed_044 recycle=0 pLDDT=88.6 pTM=0.665
2026-07-23 06:08:22,603 alphafold2_ptm_model_5_seed_044 recycle=1 pLDDT=89.6 pTM=0.672 tol=0.223
2026-07-23 06:08:36,007 alphafold2_ptm_model_5_seed_044 recycle=2 pLDDT=89.4 pTM=0.674 tol=0.0523
2026-07-23 06:08:51,745 alphafold2_ptm_model_5_seed_044 recycle=3 pLDDT=89.6 pTM=0.676 tol=0.0351
2026-07-23 06:08:51,745 alphafold2_ptm_model_5_seed_044 took 57.6s (3 recycles)
2026-07-23 06:08:51,785 reranking models by 'plddt' metric
2026-07-23 06:08:51,786 rank_001_alphafold2_ptm_model_2_seed_044 pLDDT=91.9 pTM=0.739
2026-07-23 06:08:51,788 rank_002_alphafold2_ptm_model_2_seed_043 pLDDT=91.9 pTM=0.738
2026-07-23 06:08:51,790 rank_003_alphafold2_ptm_model_2_seed_042 pLDDT=91.9 pTM=0.738
2026-07-23 06:08:51,792 rank_004_alphafold2_ptm_model_1_seed_042 pLDDT=90.5 pTM=0.7
2026-07-23 06:08:51,794 rank_005_alphafold2_ptm_model_1_seed_044 pLDDT=90.4 pTM=0.702
2026-07-23 06:08:51,796 rank_006_alphafold2_ptm_model_1_seed_043 pLDDT=90.4 pTM=0.701
2026-07-23 06:08:51,798 rank_007_alphafold2_ptm_model_4_seed_044 pLDDT=89.9 pTM=0.692
2026-07-23 06:08:51,800 rank_008_alphafold2_ptm_model_4_seed_043 pLDDT=89.9 pTM=0.692
2026-07-23 06:08:51,801 rank_009_alphafold2_ptm_model_4_seed_042 pLDDT=89.8 pTM=0.692
2026-07-23 06:08:51,803 rank_010_alphafold2_ptm_model_5_seed_043 pLDDT=89.7 pTM=0.677
2026-07-23 06:08:51,805 rank_011_alphafold2_ptm_model_5_seed_042 pLDDT=89.6 pTM=0.675
2026-07-23 06:08:51,807 rank_012_alphafold2_ptm_model_5_seed_044 pLDDT=89.6 pTM=0.676
2026-07-23 06:08:51,809 rank_013_alphafold2_ptm_model_3_seed_043 pLDDT=85.8 pTM=0.631
2026-07-23 06:08:51,811 rank_014_alphafold2_ptm_model_3_seed_044 pLDDT=85.2 pTM=0.615
2026-07-23 06:08:51,813 rank_015_alphafold2_ptm_model_3_seed_042 pLDDT=85.1 pTM=0.629
2026-07-23 06:08:54,568 Query 60/786: 5KPH_4_6_9_0_combined_id3 (length 72)
2026-07-23 06:08:56,556 Padding length to 82
2026-07-23 06:09:09,871 alphafold2_ptm_model_1_seed_042 recycle=0 pLDDT=82.8 pTM=0.611
2026-07-23 06:09:23,068 alphafold2_ptm_model_1_seed_042 recycle=1 pLDDT=84.1 pTM=0.652 tol=0.233
2026-07-23 06:09:36,179 alphafold2_ptm_model_1_seed_042 recycle=2 pLDDT=83.8 pTM=0.657 tol=0.0981
2026-07-23 06:09:49,123 alphafold2_ptm_model_1_seed_042 recycle=3 pLDDT=83.6 pTM=0.656 tol=0.0566
2026-07-23 06:09:49,123 alphafold2_ptm_model_1_seed_042 took 52.6s (3 recycles)
2026-07-23 06:10:02,429 alphafold2_ptm_model_2_seed_042 recycle=0 pLDDT=86.2 pTM=0.685
2026-07-23 06:10:15,416 alphafold2_ptm_model_2_seed_042 recycle=1 pLDDT=85.8 pTM=0.682 tol=0.342
2026-07-23 06:10:29,350 alphafold2_ptm_model_2_seed_042 recycle=2 pLDDT=85.4 pTM=0.679 tol=0.0534
2026-07-23 06:10:43,079 alphafold2_ptm_model_2_seed_042 recycle=3 pLDDT=85.6 pTM=0.678 tol=0.0531
2026-07-23 06:10:43,079 alphafold2_ptm_model_2_seed_042 took 53.9s (3 recycles)
2026-07-23 06:10:55,480 alphafold2_ptm_model_3_seed_042 recycle=0 pLDDT=84.8 pTM=0.653
2026-07-23 06:11:06,877 alphafold2_ptm_model_3_seed_042 recycle=1 pLDDT=85.4 pTM=0.667 tol=0.243
2026-07-23 06:11:21,012 alphafold2_ptm_model_3_seed_042 recycle=2 pLDDT=85.3 pTM=0.668 tol=0.132
2026-07-23 06:11:34,443 alphafold2_ptm_model_3_seed_042 recycle=3 pLDDT=84.9 pTM=0.666 tol=0.0969
2026-07-23 06:11:34,444 alphafold2_ptm_model_3_seed_042 took 51.3s (3 recycles)
2026-07-23 06:11:48,638 alphafold2_ptm_model_4_seed_042 recycle=0 pLDDT=86.9 pTM=0.687
2026-07-23 06:12:02,961 alphafold2_ptm_model_4_seed_042 recycle=1 pLDDT=86.3 pTM=0.688 tol=0.205
2026-07-23 06:12:17,392 alphafold2_ptm_model_4_seed_042 recycle=2 pLDDT=86.4 pTM=0.688 tol=0.0788
2026-07-23 06:12:31,215 alphafold2_ptm_model_4_seed_042 recycle=3 pLDDT=86.5 pTM=0.688 tol=0.0342
2026-07-23 06:12:31,216 alphafold2_ptm_model_4_seed_042 took 56.7s (3 recycles)
2026-07-23 06:12:45,523 alphafold2_ptm_model_5_seed_042 recycle=0 pLDDT=86.1 pTM=0.677
2026-07-23 06:12:59,723 alphafold2_ptm_model_5_seed_042 recycle=1 pLDDT=86.2 pTM=0.687 tol=0.259
2026-07-23 06:13:13,711 alphafold2_ptm_model_5_seed_042 recycle=2 pLDDT=85.7 pTM=0.671 tol=0.219
2026-07-23 06:13:29,109 alphafold2_ptm_model_5_seed_042 recycle=3 pLDDT=85.2 pTM=0.667 tol=0.103
2026-07-23 06:13:29,110 alphafold2_ptm_model_5_seed_042 took 57.8s (3 recycles)
2026-07-23 06:13:30,209 Padding length to 82
2026-07-23 06:13:45,235 alphafold2_ptm_model_1_seed_043 recycle=0 pLDDT=83.6 pTM=0.622
2026-07-23 06:13:58,258 alphafold2_ptm_model_1_seed_043 recycle=1 pLDDT=84.1 pTM=0.654 tol=0.231
2026-07-23 06:14:11,298 alphafold2_ptm_model_1_seed_043 recycle=2 pLDDT=83.2 pTM=0.649 tol=0.12
2026-07-23 06:14:23,751 alphafold2_ptm_model_1_seed_043 recycle=3 pLDDT=83.1 pTM=0.649 tol=0.083
2026-07-23 06:14:23,751 alphafold2_ptm_model_1_seed_043 took 53.5s (3 recycles)
2026-07-23 06:14:38,146 alphafold2_ptm_model_2_seed_043 recycle=0 pLDDT=86.9 pTM=0.692
2026-07-23 06:14:52,763 alphafold2_ptm_model_2_seed_043 recycle=1 pLDDT=85.3 pTM=0.676 tol=0.234
2026-07-23 06:15:06,020 alphafold2_ptm_model_2_seed_043 recycle=2 pLDDT=85.1 pTM=0.673 tol=0.0619
2026-07-23 06:15:22,554 alphafold2_ptm_model_2_seed_043 recycle=3 pLDDT=85.4 pTM=0.673 tol=0.0459
2026-07-23 06:15:22,555 alphafold2_ptm_model_2_seed_043 took 58.7s (3 recycles)
2026-07-23 06:15:37,218 alphafold2_ptm_model_3_seed_043 recycle=0 pLDDT=84.8 pTM=0.645
2026-07-23 06:15:51,691 alphafold2_ptm_model_3_seed_043 recycle=1 pLDDT=85.4 pTM=0.672 tol=0.234
2026-07-23 06:16:05,309 alphafold2_ptm_model_3_seed_043 recycle=2 pLDDT=85.2 pTM=0.668 tol=0.155
2026-07-23 06:16:19,598 alphafold2_ptm_model_3_seed_043 recycle=3 pLDDT=85.5 pTM=0.667 tol=0.0591
2026-07-23 06:16:19,598 alphafold2_ptm_model_3_seed_043 took 57.0s (3 recycles)
2026-07-23 06:16:33,531 alphafold2_ptm_model_4_seed_043 recycle=0 pLDDT=86.9 pTM=0.688
2026-07-23 06:16:47,774 alphafold2_ptm_model_4_seed_043 recycle=1 pLDDT=86.3 pTM=0.686 tol=0.182
2026-07-23 06:17:01,943 alphafold2_ptm_model_4_seed_043 recycle=2 pLDDT=86.1 pTM=0.681 tol=0.0984
2026-07-23 06:17:14,604 alphafold2_ptm_model_4_seed_043 recycle=3 pLDDT=86 pTM=0.682 tol=0.0426
2026-07-23 06:17:14,604 alphafold2_ptm_model_4_seed_043 took 54.9s (3 recycles)
2026-07-23 06:17:25,954 alphafold2_ptm_model_5_seed_043 recycle=0 pLDDT=85.9 pTM=0.676
2026-07-23 06:17:39,026 alphafold2_ptm_model_5_seed_043 recycle=1 pLDDT=86.1 pTM=0.684 tol=0.26
2026-07-23 06:17:53,131 alphafold2_ptm_model_5_seed_043 recycle=2 pLDDT=85.4 pTM=0.67 tol=0.222
2026-07-23 06:18:07,073 alphafold2_ptm_model_5_seed_043 recycle=3 pLDDT=85 pTM=0.663 tol=0.098
2026-07-23 06:18:07,074 alphafold2_ptm_model_5_seed_043 took 52.4s (3 recycles)
2026-07-23 06:18:08,194 Padding length to 82
2026-07-23 06:18:22,782 alphafold2_ptm_model_1_seed_044 recycle=0 pLDDT=82.9 pTM=0.614
2026-07-23 06:18:37,697 alphafold2_ptm_model_1_seed_044 recycle=1 pLDDT=84.1 pTM=0.651 tol=0.253
2026-07-23 06:18:50,658 alphafold2_ptm_model_1_seed_044 recycle=2 pLDDT=83.6 pTM=0.651 tol=0.13
2026-07-23 06:19:03,578 alphafold2_ptm_model_1_seed_044 recycle=3 pLDDT=83.4 pTM=0.653 tol=0.0626
2026-07-23 06:19:03,578 alphafold2_ptm_model_1_seed_044 took 55.4s (3 recycles)
2026-07-23 06:19:16,473 alphafold2_ptm_model_2_seed_044 recycle=0 pLDDT=86.7 pTM=0.691
2026-07-23 06:19:32,045 alphafold2_ptm_model_2_seed_044 recycle=1 pLDDT=85.9 pTM=0.686 tol=0.313
2026-07-23 06:19:45,999 alphafold2_ptm_model_2_seed_044 recycle=2 pLDDT=85.2 pTM=0.674 tol=0.0714
2026-07-23 06:20:01,891 alphafold2_ptm_model_2_seed_044 recycle=3 pLDDT=85.4 pTM=0.673 tol=0.0523
2026-07-23 06:20:01,892 alphafold2_ptm_model_2_seed_044 took 58.2s (3 recycles)
2026-07-23 06:20:17,006 alphafold2_ptm_model_3_seed_044 recycle=0 pLDDT=84.5 pTM=0.64
2026-07-23 06:20:30,079 alphafold2_ptm_model_3_seed_044 recycle=1 pLDDT=85.4 pTM=0.67 tol=0.239
2026-07-23 06:20:42,499 alphafold2_ptm_model_3_seed_044 recycle=2 pLDDT=85.2 pTM=0.665 tol=0.144
2026-07-23 06:20:57,459 alphafold2_ptm_model_3_seed_044 recycle=3 pLDDT=85.6 pTM=0.668 tol=0.0648
2026-07-23 06:20:57,460 alphafold2_ptm_model_3_seed_044 took 55.4s (3 recycles)
2026-07-23 06:21:11,405 alphafold2_ptm_model_4_seed_044 recycle=0 pLDDT=86.9 pTM=0.687
2026-07-23 06:21:24,639 alphafold2_ptm_model_4_seed_044 recycle=1 pLDDT=86.4 pTM=0.688 tol=0.201
2026-07-23 06:21:38,276 alphafold2_ptm_model_4_seed_044 recycle=2 pLDDT=85.8 pTM=0.679 tol=0.092
2026-07-23 06:21:54,123 alphafold2_ptm_model_4_seed_044 recycle=3 pLDDT=86.1 pTM=0.684 tol=0.0627
2026-07-23 06:21:54,124 alphafold2_ptm_model_4_seed_044 took 56.6s (3 recycles)
2026-07-23 06:22:07,562 alphafold2_ptm_model_5_seed_044 recycle=0 pLDDT=85.8 pTM=0.675
2026-07-23 06:22:20,715 alphafold2_ptm_model_5_seed_044 recycle=1 pLDDT=86.1 pTM=0.682 tol=0.232
2026-07-23 06:22:34,484 alphafold2_ptm_model_5_seed_044 recycle=2 pLDDT=85.4 pTM=0.67 tol=0.22
2026-07-23 06:22:50,323 alphafold2_ptm_model_5_seed_044 recycle=3 pLDDT=85.2 pTM=0.665 tol=0.0976
2026-07-23 06:22:50,324 alphafold2_ptm_model_5_seed_044 took 56.2s (3 recycles)
2026-07-23 06:22:50,365 reranking models by 'plddt' metric
2026-07-23 06:22:50,366 rank_001_alphafold2_ptm_model_4_seed_042 pLDDT=86.5 pTM=0.688
2026-07-23 06:22:50,368 rank_002_alphafold2_ptm_model_4_seed_044 pLDDT=86.1 pTM=0.684
2026-07-23 06:22:50,369 rank_003_alphafold2_ptm_model_4_seed_043 pLDDT=86 pTM=0.682
2026-07-23 06:22:50,371 rank_004_alphafold2_ptm_model_2_seed_042 pLDDT=85.6 pTM=0.678
2026-07-23 06:22:50,373 rank_005_alphafold2_ptm_model_3_seed_044 pLDDT=85.6 pTM=0.668
2026-07-23 06:22:50,374 rank_006_alphafold2_ptm_model_3_seed_043 pLDDT=85.5 pTM=0.667
2026-07-23 06:22:50,376 rank_007_alphafold2_ptm_model_2_seed_044 pLDDT=85.4 pTM=0.673
2026-07-23 06:22:50,377 rank_008_alphafold2_ptm_model_2_seed_043 pLDDT=85.4 pTM=0.673
2026-07-23 06:22:50,379 rank_009_alphafold2_ptm_model_5_seed_044 pLDDT=85.2 pTM=0.665
2026-07-23 06:22:50,380 rank_010_alphafold2_ptm_model_5_seed_042 pLDDT=85.2 pTM=0.667
2026-07-23 06:22:50,382 rank_011_alphafold2_ptm_model_5_seed_043 pLDDT=85 pTM=0.663
2026-07-23 06:22:50,383 rank_012_alphafold2_ptm_model_3_seed_042 pLDDT=84.9 pTM=0.666
2026-07-23 06:22:50,385 rank_013_alphafold2_ptm_model_1_seed_042 pLDDT=83.6 pTM=0.656
2026-07-23 06:22:50,386 rank_014_alphafold2_ptm_model_1_seed_044 pLDDT=83.4 pTM=0.653
2026-07-23 06:22:50,388 rank_015_alphafold2_ptm_model_1_seed_043 pLDDT=83.1 pTM=0.649
2026-07-23 06:22:53,190 Query 61/786: 5KPH_6_4_1_0_combined_id7 (length 72)
2026-07-23 06:22:56,035 Padding length to 82
2026-07-23 06:23:09,608 alphafold2_ptm_model_1_seed_042 recycle=0 pLDDT=78 pTM=0.524
2026-07-23 06:23:24,345 alphafold2_ptm_model_1_seed_042 recycle=1 pLDDT=84.1 pTM=0.626 tol=0.378
2026-07-23 06:23:37,513 alphafold2_ptm_model_1_seed_042 recycle=2 pLDDT=83.9 pTM=0.625 tol=0.112
2026-07-23 06:23:48,846 alphafold2_ptm_model_1_seed_042 recycle=3 pLDDT=84.2 pTM=0.63 tol=0.121
2026-07-23 06:23:48,846 alphafold2_ptm_model_1_seed_042 took 52.8s (3 recycles)
2026-07-23 06:24:02,482 alphafold2_ptm_model_2_seed_042 recycle=0 pLDDT=81.4 pTM=0.617
2026-07-23 06:24:16,721 alphafold2_ptm_model_2_seed_042 recycle=1 pLDDT=82.3 pTM=0.626 tol=0.234
2026-07-23 06:24:32,438 alphafold2_ptm_model_2_seed_042 recycle=2 pLDDT=82.1 pTM=0.621 tol=0.327
2026-07-23 06:24:46,346 alphafold2_ptm_model_2_seed_042 recycle=3 pLDDT=82.4 pTM=0.634 tol=0.663
2026-07-23 06:24:46,346 alphafold2_ptm_model_2_seed_042 took 57.5s (3 recycles)
2026-07-23 06:25:01,494 alphafold2_ptm_model_3_seed_042 recycle=0 pLDDT=75.5 pTM=0.517
2026-07-23 06:25:16,263 alphafold2_ptm_model_3_seed_042 recycle=1 pLDDT=86.4 pTM=0.642 tol=1.11
2026-07-23 06:25:31,594 alphafold2_ptm_model_3_seed_042 recycle=2 pLDDT=87.6 pTM=0.662 tol=0.138
2026-07-23 06:25:45,485 alphafold2_ptm_model_3_seed_042 recycle=3 pLDDT=88.1 pTM=0.674 tol=0.107
2026-07-23 06:25:45,486 alphafold2_ptm_model_3_seed_042 took 59.0s (3 recycles)
2026-07-23 06:25:58,979 alphafold2_ptm_model_4_seed_042 recycle=0 pLDDT=81.1 pTM=0.578
2026-07-23 06:26:15,488 alphafold2_ptm_model_4_seed_042 recycle=1 pLDDT=81.3 pTM=0.607 tol=0.535
2026-07-23 06:26:29,246 alphafold2_ptm_model_4_seed_042 recycle=2 pLDDT=82.9 pTM=0.626 tol=0.742
2026-07-23 06:26:44,482 alphafold2_ptm_model_4_seed_042 recycle=3 pLDDT=81.8 pTM=0.622 tol=0.385
2026-07-23 06:26:44,483 alphafold2_ptm_model_4_seed_042 took 58.8s (3 recycles)
2026-07-23 06:26:57,639 alphafold2_ptm_model_5_seed_042 recycle=0 pLDDT=87.1 pTM=0.648
2026-07-23 06:27:10,041 alphafold2_ptm_model_5_seed_042 recycle=1 pLDDT=88.3 pTM=0.667 tol=0.188
2026-07-23 06:27:26,774 alphafold2_ptm_model_5_seed_042 recycle=2 pLDDT=88.4 pTM=0.672 tol=0.0398
2026-07-23 06:27:40,310 alphafold2_ptm_model_5_seed_042 recycle=3 pLDDT=88.5 pTM=0.677 tol=0.0288
2026-07-23 06:27:40,310 alphafold2_ptm_model_5_seed_042 took 55.8s (3 recycles)
2026-07-23 06:27:41,521 Padding length to 82
2026-07-23 06:27:55,312 alphafold2_ptm_model_1_seed_043 recycle=0 pLDDT=75.5 pTM=0.499
2026-07-23 06:28:08,711 alphafold2_ptm_model_1_seed_043 recycle=1 pLDDT=84.2 pTM=0.626 tol=0.44
2026-07-23 06:28:22,592 alphafold2_ptm_model_1_seed_043 recycle=2 pLDDT=84.2 pTM=0.628 tol=0.105
2026-07-23 06:28:36,873 alphafold2_ptm_model_1_seed_043 recycle=3 pLDDT=84.1 pTM=0.629 tol=0.0732
2026-07-23 06:28:36,873 alphafold2_ptm_model_1_seed_043 took 55.4s (3 recycles)
2026-07-23 06:28:51,755 alphafold2_ptm_model_2_seed_043 recycle=0 pLDDT=82.9 pTM=0.629
2026-07-23 06:29:05,051 alphafold2_ptm_model_2_seed_043 recycle=1 pLDDT=82.7 pTM=0.635 tol=0.253
2026-07-23 06:29:19,346 alphafold2_ptm_model_2_seed_043 recycle=2 pLDDT=82 pTM=0.628 tol=0.167
2026-07-23 06:29:32,423 alphafold2_ptm_model_2_seed_043 recycle=3 pLDDT=81.6 pTM=0.622 tol=0.058
2026-07-23 06:29:32,424 alphafold2_ptm_model_2_seed_043 took 55.5s (3 recycles)
2026-07-23 06:29:46,037 alphafold2_ptm_model_3_seed_043 recycle=0 pLDDT=75.8 pTM=0.518
2026-07-23 06:30:00,488 alphafold2_ptm_model_3_seed_043 recycle=1 pLDDT=86.9 pTM=0.648 tol=1.03
2026-07-23 06:30:12,265 alphafold2_ptm_model_3_seed_043 recycle=2 pLDDT=87.4 pTM=0.66 tol=0.128
2026-07-23 06:30:23,779 alphafold2_ptm_model_3_seed_043 recycle=3 pLDDT=87.6 pTM=0.666 tol=0.111
2026-07-23 06:30:23,780 alphafold2_ptm_model_3_seed_043 took 51.3s (3 recycles)
2026-07-23 06:30:36,795 alphafold2_ptm_model_4_seed_043 recycle=0 pLDDT=79.1 pTM=0.564
2026-07-23 06:30:51,878 alphafold2_ptm_model_4_seed_043 recycle=1 pLDDT=81.8 pTM=0.611 tol=0.518
2026-07-23 06:31:05,462 alphafold2_ptm_model_4_seed_043 recycle=2 pLDDT=82.6 pTM=0.622 tol=0.838
2026-07-23 06:31:19,750 alphafold2_ptm_model_4_seed_043 recycle=3 pLDDT=81.8 pTM=0.621 tol=0.463
2026-07-23 06:31:19,751 alphafold2_ptm_model_4_seed_043 took 55.9s (3 recycles)
2026-07-23 06:31:33,628 alphafold2_ptm_model_5_seed_043 recycle=0 pLDDT=85.4 pTM=0.631
2026-07-23 06:31:50,042 alphafold2_ptm_model_5_seed_043 recycle=1 pLDDT=87.8 pTM=0.664 tol=0.241
2026-07-23 06:32:04,722 alphafold2_ptm_model_5_seed_043 recycle=2 pLDDT=87.9 pTM=0.667 tol=0.0457
2026-07-23 06:32:21,054 alphafold2_ptm_model_5_seed_043 recycle=3 pLDDT=88.2 pTM=0.674 tol=0.0294
2026-07-23 06:32:21,055 alphafold2_ptm_model_5_seed_043 took 61.2s (3 recycles)
2026-07-23 06:32:22,228 Padding length to 82
2026-07-23 06:32:36,277 alphafold2_ptm_model_1_seed_044 recycle=0 pLDDT=74.6 pTM=0.498
2026-07-23 06:32:50,837 alphafold2_ptm_model_1_seed_044 recycle=1 pLDDT=85.8 pTM=0.644 tol=0.678
2026-07-23 06:33:05,315 alphafold2_ptm_model_1_seed_044 recycle=2 pLDDT=86.2 pTM=0.653 tol=0.108
2026-07-23 06:33:18,878 alphafold2_ptm_model_1_seed_044 recycle=3 pLDDT=86.1 pTM=0.654 tol=0.0756
2026-07-23 06:33:18,878 alphafold2_ptm_model_1_seed_044 took 56.7s (3 recycles)
2026-07-23 06:33:30,774 alphafold2_ptm_model_2_seed_044 recycle=0 pLDDT=82.2 pTM=0.623
2026-07-23 06:33:42,352 alphafold2_ptm_model_2_seed_044 recycle=1 pLDDT=82.8 pTM=0.635 tol=0.236
2026-07-23 06:33:54,666 alphafold2_ptm_model_2_seed_044 recycle=2 pLDDT=82.6 pTM=0.626 tol=0.3
2026-07-23 06:34:09,828 alphafold2_ptm_model_2_seed_044 recycle=3 pLDDT=82.6 pTM=0.637 tol=0.369
2026-07-23 06:34:09,829 alphafold2_ptm_model_2_seed_044 took 50.9s (3 recycles)
2026-07-23 06:34:26,278 alphafold2_ptm_model_3_seed_044 recycle=0 pLDDT=76.2 pTM=0.528
2026-07-23 06:34:41,089 alphafold2_ptm_model_3_seed_044 recycle=1 pLDDT=85.1 pTM=0.62 tol=1.15
2026-07-23 06:34:56,261 alphafold2_ptm_model_3_seed_044 recycle=2 pLDDT=86.9 pTM=0.652 tol=0.192
2026-07-23 06:35:11,661 alphafold2_ptm_model_3_seed_044 recycle=3 pLDDT=87.5 pTM=0.666 tol=0.118
2026-07-23 06:35:11,661 alphafold2_ptm_model_3_seed_044 took 61.8s (3 recycles)
2026-07-23 06:35:27,319 alphafold2_ptm_model_4_seed_044 recycle=0 pLDDT=80.1 pTM=0.57
2026-07-23 06:35:42,188 alphafold2_ptm_model_4_seed_044 recycle=1 pLDDT=81.8 pTM=0.609 tol=0.577
2026-07-23 06:35:59,184 alphafold2_ptm_model_4_seed_044 recycle=2 pLDDT=82.8 pTM=0.624 tol=0.789
2026-07-23 06:36:14,919 alphafold2_ptm_model_4_seed_044 recycle=3 pLDDT=81.9 pTM=0.623 tol=0.381
2026-07-23 06:36:14,920 alphafold2_ptm_model_4_seed_044 took 63.2s (3 recycles)
2026-07-23 06:36:29,555 alphafold2_ptm_model_5_seed_044 recycle=0 pLDDT=86 pTM=0.635
2026-07-23 06:36:43,961 alphafold2_ptm_model_5_seed_044 recycle=1 pLDDT=87.9 pTM=0.663 tol=0.205
2026-07-23 06:36:55,578 alphafold2_ptm_model_5_seed_044 recycle=2 pLDDT=88.1 pTM=0.668 tol=0.0437
2026-07-23 06:37:09,946 alphafold2_ptm_model_5_seed_044 recycle=3 pLDDT=88.4 pTM=0.675 tol=0.0275
2026-07-23 06:37:09,947 alphafold2_ptm_model_5_seed_044 took 55.0s (3 recycles)
2026-07-23 06:37:09,992 reranking models by 'plddt' metric
2026-07-23 06:37:09,993 rank_001_alphafold2_ptm_model_5_seed_042 pLDDT=88.5 pTM=0.677
2026-07-23 06:37:09,995 rank_002_alphafold2_ptm_model_5_seed_044 pLDDT=88.4 pTM=0.675
2026-07-23 06:37:09,997 rank_003_alphafold2_ptm_model_5_seed_043 pLDDT=88.2 pTM=0.674
2026-07-23 06:37:09,998 rank_004_alphafold2_ptm_model_3_seed_042 pLDDT=88.1 pTM=0.674
2026-07-23 06:37:10,001 rank_005_alphafold2_ptm_model_3_seed_043 pLDDT=87.6 pTM=0.666
2026-07-23 06:37:10,002 rank_006_alphafold2_ptm_model_3_seed_044 pLDDT=87.5 pTM=0.666
2026-07-23 06:37:10,004 rank_007_alphafold2_ptm_model_1_seed_044 pLDDT=86.1 pTM=0.654
2026-07-23 06:37:10,006 rank_008_alphafold2_ptm_model_1_seed_042 pLDDT=84.2 pTM=0.63
2026-07-23 06:37:10,008 rank_009_alphafold2_ptm_model_1_seed_043 pLDDT=84.1 pTM=0.629
2026-07-23 06:37:10,010 rank_010_alphafold2_ptm_model_2_seed_044 pLDDT=82.6 pTM=0.637
2026-07-23 06:37:10,011 rank_011_alphafold2_ptm_model_2_seed_042 pLDDT=82.4 pTM=0.634
2026-07-23 06:37:10,013 rank_012_alphafold2_ptm_model_4_seed_044 pLDDT=81.9 pTM=0.623
2026-07-23 06:37:10,015 rank_013_alphafold2_ptm_model_4_seed_043 pLDDT=81.8 pTM=0.621
2026-07-23 06:37:10,017 rank_014_alphafold2_ptm_model_4_seed_042 pLDDT=81.8 pTM=0.622
2026-07-23 06:37:10,018 rank_015_alphafold2_ptm_model_2_seed_043 pLDDT=81.6 pTM=0.622
2026-07-23 06:37:12,702 Query 62/786: 5KPH_2_8_5_0_combined_id1 (length 72)
2026-07-23 06:37:14,979 Padding length to 82
2026-07-23 06:37:29,778 alphafold2_ptm_model_1_seed_042 recycle=0 pLDDT=83.3 pTM=0.577
2026-07-23 06:37:43,760 alphafold2_ptm_model_1_seed_042 recycle=1 pLDDT=87.2 pTM=0.64 tol=0.21
2026-07-23 06:37:57,819 alphafold2_ptm_model_1_seed_042 recycle=2 pLDDT=87.4 pTM=0.648 tol=0.0433
2026-07-23 06:38:11,455 alphafold2_ptm_model_1_seed_042 recycle=3 pLDDT=87.5 pTM=0.65 tol=0.0275
2026-07-23 06:38:11,456 alphafold2_ptm_model_1_seed_042 took 56.5s (3 recycles)
2026-07-23 06:38:25,056 alphafold2_ptm_model_2_seed_042 recycle=0 pLDDT=87.3 pTM=0.657
2026-07-23 06:38:39,176 alphafold2_ptm_model_2_seed_042 recycle=1 pLDDT=88.3 pTM=0.683 tol=0.22
2026-07-23 06:38:53,635 alphafold2_ptm_model_2_seed_042 recycle=2 pLDDT=89.4 pTM=0.695 tol=0.0999
2026-07-23 06:39:08,705 alphafold2_ptm_model_2_seed_042 recycle=3 pLDDT=89.9 pTM=0.706 tol=0.0495
2026-07-23 06:39:08,706 alphafold2_ptm_model_2_seed_042 took 57.2s (3 recycles)
2026-07-23 06:39:23,408 alphafold2_ptm_model_3_seed_042 recycle=0 pLDDT=82.4 pTM=0.574
2026-07-23 06:39:37,261 alphafold2_ptm_model_3_seed_042 recycle=1 pLDDT=85.3 pTM=0.615 tol=0.358
2026-07-23 06:39:51,945 alphafold2_ptm_model_3_seed_042 recycle=2 pLDDT=84.1 pTM=0.602 tol=0.118
2026-07-23 06:40:04,651 alphafold2_ptm_model_3_seed_042 recycle=3 pLDDT=85.2 pTM=0.618 tol=0.137
2026-07-23 06:40:04,651 alphafold2_ptm_model_3_seed_042 took 55.9s (3 recycles)
2026-07-23 06:40:18,213 alphafold2_ptm_model_4_seed_042 recycle=0 pLDDT=86.1 pTM=0.641
2026-07-23 06:40:33,978 alphafold2_ptm_model_4_seed_042 recycle=1 pLDDT=87.5 pTM=0.66 tol=0.162
2026-07-23 06:40:50,263 alphafold2_ptm_model_4_seed_042 recycle=2 pLDDT=87.3 pTM=0.655 tol=0.0876
2026-07-23 06:41:06,118 alphafold2_ptm_model_4_seed_042 recycle=3 pLDDT=87.4 pTM=0.654 tol=0.0417
2026-07-23 06:41:06,119 alphafold2_ptm_model_4_seed_042 took 61.4s (3 recycles)
2026-07-23 06:41:21,806 alphafold2_ptm_model_5_seed_042 recycle=0 pLDDT=73.1 pTM=0.547
2026-07-23 06:41:36,599 alphafold2_ptm_model_5_seed_042 recycle=1 pLDDT=85.1 pTM=0.64 tol=0.876
2026-07-23 06:41:50,898 alphafold2_ptm_model_5_seed_042 recycle=2 pLDDT=86.3 pTM=0.647 tol=0.231
2026-07-23 06:42:05,366 alphafold2_ptm_model_5_seed_042 recycle=3 pLDDT=86.3 pTM=0.647 tol=0.0716
2026-07-23 06:42:05,367 alphafold2_ptm_model_5_seed_042 took 59.2s (3 recycles)
2026-07-23 06:42:06,467 Padding length to 82
2026-07-23 06:42:20,700 alphafold2_ptm_model_1_seed_043 recycle=0 pLDDT=83.6 pTM=0.579
2026-07-23 06:42:35,071 alphafold2_ptm_model_1_seed_043 recycle=1 pLDDT=87.2 pTM=0.64 tol=0.235
2026-07-23 06:42:48,816 alphafold2_ptm_model_1_seed_043 recycle=2 pLDDT=87.2 pTM=0.646 tol=0.0474
2026-07-23 06:43:03,462 alphafold2_ptm_model_1_seed_043 recycle=3 pLDDT=87.4 pTM=0.648 tol=0.0243
2026-07-23 06:43:03,463 alphafold2_ptm_model_1_seed_043 took 57.0s (3 recycles)
2026-07-23 06:43:16,138 alphafold2_ptm_model_2_seed_043 recycle=0 pLDDT=87.5 pTM=0.657
2026-07-23 06:43:27,569 alphafold2_ptm_model_2_seed_043 recycle=1 pLDDT=88.6 pTM=0.687 tol=0.169
2026-07-23 06:43:40,787 alphafold2_ptm_model_2_seed_043 recycle=2 pLDDT=89.1 pTM=0.692 tol=0.0834
2026-07-23 06:43:55,914 alphafold2_ptm_model_2_seed_043 recycle=3 pLDDT=90 pTM=0.705 tol=0.0607
2026-07-23 06:43:55,914 alphafold2_ptm_model_2_seed_043 took 52.4s (3 recycles)
2026-07-23 06:44:12,736 alphafold2_ptm_model_3_seed_043 recycle=0 pLDDT=82.2 pTM=0.572
2026-07-23 06:44:28,051 alphafold2_ptm_model_3_seed_043 recycle=1 pLDDT=85.4 pTM=0.615 tol=0.524
2026-07-23 06:44:43,696 alphafold2_ptm_model_3_seed_043 recycle=2 pLDDT=84.1 pTM=0.602 tol=0.155
2026-07-23 06:44:58,293 alphafold2_ptm_model_3_seed_043 recycle=3 pLDDT=85.1 pTM=0.617 tol=0.161
2026-07-23 06:44:58,294 alphafold2_ptm_model_3_seed_043 took 62.3s (3 recycles)
2026-07-23 06:45:15,415 alphafold2_ptm_model_4_seed_043 recycle=0 pLDDT=85.8 pTM=0.638
2026-07-23 06:45:31,174 alphafold2_ptm_model_4_seed_043 recycle=1 pLDDT=87.6 pTM=0.659 tol=0.192
2026-07-23 06:45:46,297 alphafold2_ptm_model_4_seed_043 recycle=2 pLDDT=87.3 pTM=0.652 tol=0.0902
2026-07-23 06:46:01,344 alphafold2_ptm_model_4_seed_043 recycle=3 pLDDT=87.2 pTM=0.651 tol=0.0465
2026-07-23 06:46:01,345 alphafold2_ptm_model_4_seed_043 took 63.0s (3 recycles)
2026-07-23 06:46:16,236 alphafold2_ptm_model_5_seed_043 recycle=0 pLDDT=84.6 pTM=0.636
2026-07-23 06:46:29,681 alphafold2_ptm_model_5_seed_043 recycle=1 pLDDT=85.8 pTM=0.649 tol=0.377
2026-07-23 06:46:41,125 alphafold2_ptm_model_5_seed_043 recycle=2 pLDDT=86 pTM=0.65 tol=0.139
2026-07-23 06:46:54,053 alphafold2_ptm_model_5_seed_043 recycle=3 pLDDT=85.9 pTM=0.646 tol=0.047
2026-07-23 06:46:54,054 alphafold2_ptm_model_5_seed_043 took 52.7s (3 recycles)
2026-07-23 06:46:55,427 Padding length to 82
2026-07-23 06:47:16,462 alphafold2_ptm_model_1_seed_044 recycle=0 pLDDT=83.8 pTM=0.583
2026-07-23 06:47:30,467 alphafold2_ptm_model_1_seed_044 recycle=1 pLDDT=87.2 pTM=0.64 tol=0.174
2026-07-23 06:47:45,815 alphafold2_ptm_model_1_seed_044 recycle=2 pLDDT=87.4 pTM=0.646 tol=0.0512
2026-07-23 06:48:01,017 alphafold2_ptm_model_1_seed_044 recycle=3 pLDDT=87.4 pTM=0.649 tol=0.0237
2026-07-23 06:48:01,018 alphafold2_ptm_model_1_seed_044 took 65.6s (3 recycles)
2026-07-23 06:48:16,109 alphafold2_ptm_model_2_seed_044 recycle=0 pLDDT=87.4 pTM=0.659
2026-07-23 06:48:30,523 alphafold2_ptm_model_2_seed_044 recycle=1 pLDDT=88.2 pTM=0.685 tol=0.173
2026-07-23 06:48:45,264 alphafold2_ptm_model_2_seed_044 recycle=2 pLDDT=89.2 pTM=0.695 tol=0.11
2026-07-23 06:49:01,045 alphafold2_ptm_model_2_seed_044 recycle=3 pLDDT=89.9 pTM=0.703 tol=0.0463
2026-07-23 06:49:01,046 alphafold2_ptm_model_2_seed_044 took 60.0s (3 recycles)
2026-07-23 06:49:15,866 alphafold2_ptm_model_3_seed_044 recycle=0 pLDDT=82.8 pTM=0.581
2026-07-23 06:49:29,974 alphafold2_ptm_model_3_seed_044 recycle=1 pLDDT=85.1 pTM=0.61 tol=0.17
2026-07-23 06:49:42,803 alphafold2_ptm_model_3_seed_044 recycle=2 pLDDT=84.5 pTM=0.609 tol=0.217
2026-07-23 06:49:54,214 alphafold2_ptm_model_3_seed_044 recycle=3 pLDDT=85.1 pTM=0.618 tol=0.0892
2026-07-23 06:49:54,215 alphafold2_ptm_model_3_seed_044 took 53.1s (3 recycles)
2026-07-23 06:50:07,216 alphafold2_ptm_model_4_seed_044 recycle=0 pLDDT=86.1 pTM=0.641
2026-07-23 06:50:22,274 alphafold2_ptm_model_4_seed_044 recycle=1 pLDDT=87.6 pTM=0.66 tol=0.15
2026-07-23 06:50:35,773 alphafold2_ptm_model_4_seed_044 recycle=2 pLDDT=87.6 pTM=0.657 tol=0.074
2026-07-23 06:50:49,998 alphafold2_ptm_model_4_seed_044 recycle=3 pLDDT=87.4 pTM=0.655 tol=0.0556
2026-07-23 06:50:49,998 alphafold2_ptm_model_4_seed_044 took 55.8s (3 recycles)
2026-07-23 06:51:05,080 alphafold2_ptm_model_5_seed_044 recycle=0 pLDDT=77.9 pTM=0.575
2026-07-23 06:51:19,580 alphafold2_ptm_model_5_seed_044 recycle=1 pLDDT=84.9 pTM=0.64 tol=0.691
2026-07-23 06:51:34,185 alphafold2_ptm_model_5_seed_044 recycle=2 pLDDT=86.1 pTM=0.645 tol=0.229
2026-07-23 06:51:49,464 alphafold2_ptm_model_5_seed_044 recycle=3 pLDDT=86.2 pTM=0.646 tol=0.0557
2026-07-23 06:51:49,464 alphafold2_ptm_model_5_seed_044 took 59.0s (3 recycles)
2026-07-23 06:51:49,532 reranking models by 'plddt' metric
2026-07-23 06:51:49,532 rank_001_alphafold2_ptm_model_2_seed_043 pLDDT=90 pTM=0.705
2026-07-23 06:51:49,534 rank_002_alphafold2_ptm_model_2_seed_042 pLDDT=89.9 pTM=0.706
2026-07-23 06:51:49,536 rank_003_alphafold2_ptm_model_2_seed_044 pLDDT=89.9 pTM=0.703
2026-07-23 06:51:49,537 rank_004_alphafold2_ptm_model_1_seed_042 pLDDT=87.5 pTM=0.65
2026-07-23 06:51:49,539 rank_005_alphafold2_ptm_model_4_seed_044 pLDDT=87.4 pTM=0.655
2026-07-23 06:51:49,541 rank_006_alphafold2_ptm_model_1_seed_044 pLDDT=87.4 pTM=0.649
2026-07-23 06:51:49,542 rank_007_alphafold2_ptm_model_1_seed_043 pLDDT=87.4 pTM=0.648
2026-07-23 06:51:49,544 rank_008_alphafold2_ptm_model_4_seed_042 pLDDT=87.4 pTM=0.654
2026-07-23 06:51:49,545 rank_009_alphafold2_ptm_model_4_seed_043 pLDDT=87.2 pTM=0.651
2026-07-23 06:51:49,547 rank_010_alphafold2_ptm_model_5_seed_042 pLDDT=86.3 pTM=0.647
2026-07-23 06:51:49,549 rank_011_alphafold2_ptm_model_5_seed_044 pLDDT=86.2 pTM=0.646
2026-07-23 06:51:49,550 rank_012_alphafold2_ptm_model_5_seed_043 pLDDT=85.9 pTM=0.646
2026-07-23 06:51:49,552 rank_013_alphafold2_ptm_model_3_seed_042 pLDDT=85.2 pTM=0.618
2026-07-23 06:51:49,553 rank_014_alphafold2_ptm_model_3_seed_044 pLDDT=85.1 pTM=0.618
2026-07-23 06:51:49,554 rank_015_alphafold2_ptm_model_3_seed_043 pLDDT=85.1 pTM=0.617
2026-07-23 06:51:53,178 Query 63/786: 5KPH_4_8_3_0_combined_id0 (length 72)
2026-07-23 06:51:55,391 Padding length to 82
2026-07-23 06:52:10,432 alphafold2_ptm_model_1_seed_042 recycle=0 pLDDT=84.6 pTM=0.585
2026-07-23 06:52:25,931 alphafold2_ptm_model_1_seed_042 recycle=1 pLDDT=85.9 pTM=0.62 tol=0.262
2026-07-23 06:52:41,135 alphafold2_ptm_model_1_seed_042 recycle=2 pLDDT=85 pTM=0.612 tol=0.178
2026-07-23 06:52:55,441 alphafold2_ptm_model_1_seed_042 recycle=3 pLDDT=84.6 pTM=0.607 tol=0.125
2026-07-23 06:52:55,442 alphafold2_ptm_model_1_seed_042 took 60.1s (3 recycles)
2026-07-23 06:53:07,388 alphafold2_ptm_model_2_seed_042 recycle=0 pLDDT=85.8 pTM=0.64
2026-07-23 06:53:22,217 alphafold2_ptm_model_2_seed_042 recycle=1 pLDDT=87.5 pTM=0.663 tol=0.313
2026-07-23 06:53:38,960 alphafold2_ptm_model_2_seed_042 recycle=2 pLDDT=87.3 pTM=0.658 tol=0.0772
2026-07-23 06:53:54,943 alphafold2_ptm_model_2_seed_042 recycle=3 pLDDT=87.4 pTM=0.657 tol=0.0502
2026-07-23 06:53:54,944 alphafold2_ptm_model_2_seed_042 took 59.5s (3 recycles)
2026-07-23 06:54:10,205 alphafold2_ptm_model_3_seed_042 recycle=0 pLDDT=85.1 pTM=0.61
2026-07-23 06:54:25,435 alphafold2_ptm_model_3_seed_042 recycle=1 pLDDT=86.2 pTM=0.623 tol=0.365
2026-07-23 06:54:39,774 alphafold2_ptm_model_3_seed_042 recycle=2 pLDDT=85.9 pTM=0.618 tol=0.22
2026-07-23 06:54:54,057 alphafold2_ptm_model_3_seed_042 recycle=3 pLDDT=86.1 pTM=0.622 tol=0.0748
2026-07-23 06:54:54,057 alphafold2_ptm_model_3_seed_042 took 59.1s (3 recycles)
2026-07-23 06:55:07,796 alphafold2_ptm_model_4_seed_042 recycle=0 pLDDT=85.9 pTM=0.634
2026-07-23 06:55:22,967 alphafold2_ptm_model_4_seed_042 recycle=1 pLDDT=86.4 pTM=0.642 tol=0.211
2026-07-23 06:55:37,704 alphafold2_ptm_model_4_seed_042 recycle=2 pLDDT=86.2 pTM=0.637 tol=0.0856
2026-07-23 06:55:54,255 alphafold2_ptm_model_4_seed_042 recycle=3 pLDDT=86.1 pTM=0.636 tol=0.0532
2026-07-23 06:55:54,256 alphafold2_ptm_model_4_seed_042 took 60.2s (3 recycles)
2026-07-23 06:56:08,350 alphafold2_ptm_model_5_seed_042 recycle=0 pLDDT=84.7 pTM=0.631
2026-07-23 06:56:19,965 alphafold2_ptm_model_5_seed_042 recycle=1 pLDDT=87.8 pTM=0.651 tol=0.28
2026-07-23 06:56:32,730 alphafold2_ptm_model_5_seed_042 recycle=2 pLDDT=88.2 pTM=0.653 tol=0.084
2026-07-23 06:56:46,859 alphafold2_ptm_model_5_seed_042 recycle=3 pLDDT=88.6 pTM=0.656 tol=0.0796
2026-07-23 06:56:46,860 alphafold2_ptm_model_5_seed_042 took 52.5s (3 recycles)
2026-07-23 06:56:47,986 Padding length to 82
2026-07-23 06:57:03,487 alphafold2_ptm_model_1_seed_043 recycle=0 pLDDT=84.4 pTM=0.59
2026-07-23 06:57:18,166 alphafold2_ptm_model_1_seed_043 recycle=1 pLDDT=86.1 pTM=0.621 tol=0.24
2026-07-23 06:57:34,006 alphafold2_ptm_model_1_seed_043 recycle=2 pLDDT=85.5 pTM=0.616 tol=0.113
2026-07-23 06:57:50,366 alphafold2_ptm_model_1_seed_043 recycle=3 pLDDT=85.2 pTM=0.612 tol=0.108
2026-07-23 06:57:50,367 alphafold2_ptm_model_1_seed_043 took 62.4s (3 recycles)
2026-07-23 06:58:06,477 alphafold2_ptm_model_2_seed_043 recycle=0 pLDDT=86.5 pTM=0.646
2026-07-23 06:58:22,395 alphafold2_ptm_model_2_seed_043 recycle=1 pLDDT=87.8 pTM=0.666 tol=0.269
2026-07-23 06:58:37,317 alphafold2_ptm_model_2_seed_043 recycle=2 pLDDT=87.5 pTM=0.661 tol=0.0876
2026-07-23 06:58:51,965 alphafold2_ptm_model_2_seed_043 recycle=3 pLDDT=87.8 pTM=0.662 tol=0.0607
2026-07-23 06:58:51,966 alphafold2_ptm_model_2_seed_043 took 61.6s (3 recycles)
2026-07-23 06:59:09,963 alphafold2_ptm_model_3_seed_043 recycle=0 pLDDT=85.2 pTM=0.613
2026-07-23 06:59:24,178 alphafold2_ptm_model_3_seed_043 recycle=1 pLDDT=86.3 pTM=0.625 tol=0.378
2026-07-23 06:59:35,845 alphafold2_ptm_model_3_seed_043 recycle=2 pLDDT=86 pTM=0.618 tol=0.225
2026-07-23 06:59:47,239 alphafold2_ptm_model_3_seed_043 recycle=3 pLDDT=86.2 pTM=0.623 tol=0.0797
2026-07-23 06:59:47,240 alphafold2_ptm_model_3_seed_043 took 55.2s (3 recycles)
2026-07-23 07:00:03,538 alphafold2_ptm_model_4_seed_043 recycle=0 pLDDT=85.8 pTM=0.629
2026-07-23 07:00:18,660 alphafold2_ptm_model_4_seed_043 recycle=1 pLDDT=86.5 pTM=0.641 tol=0.216
2026-07-23 07:00:32,920 alphafold2_ptm_model_4_seed_043 recycle=2 pLDDT=86.2 pTM=0.637 tol=0.0678
2026-07-23 07:00:47,705 alphafold2_ptm_model_4_seed_043 recycle=3 pLDDT=86.2 pTM=0.637 tol=0.0695
2026-07-23 07:00:47,706 alphafold2_ptm_model_4_seed_043 took 60.4s (3 recycles)
2026-07-23 07:01:03,453 alphafold2_ptm_model_5_seed_043 recycle=0 pLDDT=84.9 pTM=0.633
2026-07-23 07:01:19,368 alphafold2_ptm_model_5_seed_043 recycle=1 pLDDT=87.7 pTM=0.652 tol=0.369
2026-07-23 07:01:33,980 alphafold2_ptm_model_5_seed_043 recycle=2 pLDDT=88.3 pTM=0.655 tol=0.0854
2026-07-23 07:01:48,123 alphafold2_ptm_model_5_seed_043 recycle=3 pLDDT=88.6 pTM=0.655 tol=0.0782
2026-07-23 07:01:48,123 alphafold2_ptm_model_5_seed_043 took 60.4s (3 recycles)
2026-07-23 07:01:49,383 Padding length to 82
2026-07-23 07:02:05,229 alphafold2_ptm_model_1_seed_044 recycle=0 pLDDT=84.6 pTM=0.59
2026-07-23 07:02:21,149 alphafold2_ptm_model_1_seed_044 recycle=1 pLDDT=86.1 pTM=0.62 tol=0.334
2026-07-23 07:02:37,366 alphafold2_ptm_model_1_seed_044 recycle=2 pLDDT=85.4 pTM=0.613 tol=0.0785
2026-07-23 07:02:49,723 alphafold2_ptm_model_1_seed_044 recycle=3 pLDDT=85.2 pTM=0.613 tol=0.0839
2026-07-23 07:02:49,724 alphafold2_ptm_model_1_seed_044 took 60.3s (3 recycles)
2026-07-23 07:03:02,202 alphafold2_ptm_model_2_seed_044 recycle=0 pLDDT=87.2 pTM=0.653
2026-07-23 07:03:13,491 alphafold2_ptm_model_2_seed_044 recycle=1 pLDDT=88.1 pTM=0.668 tol=0.252
2026-07-23 07:03:27,301 alphafold2_ptm_model_2_seed_044 recycle=2 pLDDT=87.6 pTM=0.663 tol=0.0928
2026-07-23 07:03:40,839 alphafold2_ptm_model_2_seed_044 recycle=3 pLDDT=87.8 pTM=0.663 tol=0.0682
2026-07-23 07:03:40,839 alphafold2_ptm_model_2_seed_044 took 51.0s (3 recycles)
2026-07-23 07:03:54,642 alphafold2_ptm_model_3_seed_044 recycle=0 pLDDT=85.4 pTM=0.614
2026-07-23 07:04:08,903 alphafold2_ptm_model_3_seed_044 recycle=1 pLDDT=86.4 pTM=0.622 tol=0.357
2026-07-23 07:04:23,033 alphafold2_ptm_model_3_seed_044 recycle=2 pLDDT=86 pTM=0.617 tol=0.206
2026-07-23 07:04:38,213 alphafold2_ptm_model_3_seed_044 recycle=3 pLDDT=86.2 pTM=0.624 tol=0.0944
2026-07-23 07:04:38,214 alphafold2_ptm_model_3_seed_044 took 57.3s (3 recycles)
2026-07-23 07:04:51,907 alphafold2_ptm_model_4_seed_044 recycle=0 pLDDT=85.5 pTM=0.625
2026-07-23 07:05:05,774 alphafold2_ptm_model_4_seed_044 recycle=1 pLDDT=86.2 pTM=0.64 tol=0.245
2026-07-23 07:05:21,562 alphafold2_ptm_model_4_seed_044 recycle=2 pLDDT=86.1 pTM=0.635 tol=0.0848
2026-07-23 07:05:36,753 alphafold2_ptm_model_4_seed_044 recycle=3 pLDDT=86.1 pTM=0.634 tol=0.0665
2026-07-23 07:05:36,753 alphafold2_ptm_model_4_seed_044 took 58.5s (3 recycles)
2026-07-23 07:05:51,900 alphafold2_ptm_model_5_seed_044 recycle=0 pLDDT=84.7 pTM=0.628
2026-07-23 07:06:06,536 alphafold2_ptm_model_5_seed_044 recycle=1 pLDDT=87.8 pTM=0.649 tol=0.346
2026-07-23 07:06:19,992 alphafold2_ptm_model_5_seed_044 recycle=2 pLDDT=88.3 pTM=0.652 tol=0.0736
2026-07-23 07:06:31,234 alphafold2_ptm_model_5_seed_044 recycle=3 pLDDT=88.6 pTM=0.656 tol=0.0651
2026-07-23 07:06:31,234 alphafold2_ptm_model_5_seed_044 took 54.4s (3 recycles)
2026-07-23 07:06:31,256 reranking models by 'plddt' metric
2026-07-23 07:06:31,257 rank_001_alphafold2_ptm_model_5_seed_044 pLDDT=88.6 pTM=0.656
2026-07-23 07:06:31,258 rank_002_alphafold2_ptm_model_5_seed_042 pLDDT=88.6 pTM=0.656
2026-07-23 07:06:31,260 rank_003_alphafold2_ptm_model_5_seed_043 pLDDT=88.6 pTM=0.655
2026-07-23 07:06:31,261 rank_004_alphafold2_ptm_model_2_seed_043 pLDDT=87.8 pTM=0.662
2026-07-23 07:06:31,263 rank_005_alphafold2_ptm_model_2_seed_044 pLDDT=87.8 pTM=0.663
2026-07-23 07:06:31,264 rank_006_alphafold2_ptm_model_2_seed_042 pLDDT=87.4 pTM=0.657
2026-07-23 07:06:31,266 rank_007_alphafold2_ptm_model_3_seed_044 pLDDT=86.2 pTM=0.624
2026-07-23 07:06:31,267 rank_008_alphafold2_ptm_model_4_seed_043 pLDDT=86.2 pTM=0.637
2026-07-23 07:06:31,269 rank_009_alphafold2_ptm_model_3_seed_043 pLDDT=86.2 pTM=0.623
2026-07-23 07:06:31,270 rank_010_alphafold2_ptm_model_4_seed_042 pLDDT=86.1 pTM=0.636
2026-07-23 07:06:31,272 rank_011_alphafold2_ptm_model_3_seed_042 pLDDT=86.1 pTM=0.622
2026-07-23 07:06:31,274 rank_012_alphafold2_ptm_model_4_seed_044 pLDDT=86.1 pTM=0.634
2026-07-23 07:06:31,275 rank_013_alphafold2_ptm_model_1_seed_044 pLDDT=85.2 pTM=0.613
2026-07-23 07:06:31,277 rank_014_alphafold2_ptm_model_1_seed_043 pLDDT=85.2 pTM=0.612
2026-07-23 07:06:31,278 rank_015_alphafold2_ptm_model_1_seed_042 pLDDT=84.6 pTM=0.607
2026-07-23 07:06:33,607 Query 64/786: 5KPH_4_8_3_0_combined_id1 (length 72)
2026-07-23 07:06:35,872 Padding length to 82
2026-07-23 07:06:51,446 alphafold2_ptm_model_1_seed_042 recycle=0 pLDDT=85.4 pTM=0.657
2026-07-23 07:07:05,384 alphafold2_ptm_model_1_seed_042 recycle=1 pLDDT=90.8 pTM=0.744 tol=0.183
2026-07-23 07:07:19,823 alphafold2_ptm_model_1_seed_042 recycle=2 pLDDT=91.6 pTM=0.757 tol=0.0767
2026-07-23 07:07:34,896 alphafold2_ptm_model_1_seed_042 recycle=3 pLDDT=92.2 pTM=0.765 tol=0.0627
2026-07-23 07:07:34,896 alphafold2_ptm_model_1_seed_042 took 59.0s (3 recycles)
2026-07-23 07:07:48,876 alphafold2_ptm_model_2_seed_042 recycle=0 pLDDT=90.2 pTM=0.729
2026-07-23 07:08:04,222 alphafold2_ptm_model_2_seed_042 recycle=1 pLDDT=93.5 pTM=0.785 tol=0.196
2026-07-23 07:08:19,554 alphafold2_ptm_model_2_seed_042 recycle=2 pLDDT=93.9 pTM=0.797 tol=0.0632
2026-07-23 07:08:34,881 alphafold2_ptm_model_2_seed_042 recycle=3 pLDDT=94.3 pTM=0.802 tol=0.0255
2026-07-23 07:08:34,881 alphafold2_ptm_model_2_seed_042 took 59.9s (3 recycles)
2026-07-23 07:08:49,356 alphafold2_ptm_model_3_seed_042 recycle=0 pLDDT=83.1 pTM=0.634
2026-07-23 07:09:04,211 alphafold2_ptm_model_3_seed_042 recycle=1 pLDDT=85.9 pTM=0.656 tol=0.614
2026-07-23 07:09:19,995 alphafold2_ptm_model_3_seed_042 recycle=2 pLDDT=86.6 pTM=0.669 tol=0.124
2026-07-23 07:09:33,602 alphafold2_ptm_model_3_seed_042 recycle=3 pLDDT=87.2 pTM=0.671 tol=0.109
2026-07-23 07:09:33,602 alphafold2_ptm_model_3_seed_042 took 58.7s (3 recycles)
2026-07-23 07:09:45,123 alphafold2_ptm_model_4_seed_042 recycle=0 pLDDT=82.7 pTM=0.642
2026-07-23 07:09:59,993 alphafold2_ptm_model_4_seed_042 recycle=1 pLDDT=86.9 pTM=0.707 tol=0.503
2026-07-23 07:10:13,477 alphafold2_ptm_model_4_seed_042 recycle=2 pLDDT=87.9 pTM=0.728 tol=0.0931
2026-07-23 07:10:27,072 alphafold2_ptm_model_4_seed_042 recycle=3 pLDDT=88.5 pTM=0.736 tol=0.031
2026-07-23 07:10:27,073 alphafold2_ptm_model_4_seed_042 took 53.4s (3 recycles)
2026-07-23 07:10:41,265 alphafold2_ptm_model_5_seed_042 recycle=0 pLDDT=83.9 pTM=0.646
2026-07-23 07:10:56,116 alphafold2_ptm_model_5_seed_042 recycle=1 pLDDT=90.4 pTM=0.729 tol=0.278
2026-07-23 07:11:11,692 alphafold2_ptm_model_5_seed_042 recycle=2 pLDDT=91.3 pTM=0.752 tol=0.0811
2026-07-23 07:11:26,137 alphafold2_ptm_model_5_seed_042 recycle=3 pLDDT=92.2 pTM=0.766 tol=0.0541
2026-07-23 07:11:26,138 alphafold2_ptm_model_5_seed_042 took 59.0s (3 recycles)
2026-07-23 07:11:27,461 Padding length to 82
2026-07-23 07:11:44,061 alphafold2_ptm_model_1_seed_043 recycle=0 pLDDT=85.9 pTM=0.665
2026-07-23 07:11:57,799 alphafold2_ptm_model_1_seed_043 recycle=1 pLDDT=91.1 pTM=0.749 tol=0.188
2026-07-23 07:12:11,516 alphafold2_ptm_model_1_seed_043 recycle=2 pLDDT=91.6 pTM=0.756 tol=0.0688
2026-07-23 07:12:26,321 alphafold2_ptm_model_1_seed_043 recycle=3 pLDDT=92 pTM=0.764 tol=0.0641
2026-07-23 07:12:26,322 alphafold2_ptm_model_1_seed_043 took 58.9s (3 recycles)
2026-07-23 07:12:40,790 alphafold2_ptm_model_2_seed_043 recycle=0 pLDDT=90.2 pTM=0.725
2026-07-23 07:12:52,175 alphafold2_ptm_model_2_seed_043 recycle=1 pLDDT=93.6 pTM=0.786 tol=0.203
2026-07-23 07:13:06,656 alphafold2_ptm_model_2_seed_043 recycle=2 pLDDT=93.8 pTM=0.797 tol=0.0662
2026-07-23 07:13:24,000 alphafold2_ptm_model_2_seed_043 recycle=3 pLDDT=94.2 pTM=0.802 tol=0.0262
2026-07-23 07:13:24,001 alphafold2_ptm_model_2_seed_043 took 57.6s (3 recycles)
2026-07-23 07:13:39,391 alphafold2_ptm_model_3_seed_043 recycle=0 pLDDT=83.1 pTM=0.631
2026-07-23 07:13:53,646 alphafold2_ptm_model_3_seed_043 recycle=1 pLDDT=85.5 pTM=0.654 tol=0.458
2026-07-23 07:14:08,110 alphafold2_ptm_model_3_seed_043 recycle=2 pLDDT=87 pTM=0.673 tol=0.198
2026-07-23 07:14:24,248 alphafold2_ptm_model_3_seed_043 recycle=3 pLDDT=87.3 pTM=0.671 tol=0.104
2026-07-23 07:14:24,249 alphafold2_ptm_model_3_seed_043 took 60.2s (3 recycles)
2026-07-23 07:14:39,459 alphafold2_ptm_model_4_seed_043 recycle=0 pLDDT=87.9 pTM=0.705
2026-07-23 07:14:54,418 alphafold2_ptm_model_4_seed_043 recycle=1 pLDDT=90.8 pTM=0.751 tol=0.217
2026-07-23 07:15:10,642 alphafold2_ptm_model_4_seed_043 recycle=2 pLDDT=92.4 pTM=0.773 tol=0.0869
2026-07-23 07:15:24,420 alphafold2_ptm_model_4_seed_043 recycle=3 pLDDT=93.2 pTM=0.783 tol=0.0324
2026-07-23 07:15:24,421 alphafold2_ptm_model_4_seed_043 took 60.1s (3 recycles)
2026-07-23 07:15:39,331 alphafold2_ptm_model_5_seed_043 recycle=0 pLDDT=84.8 pTM=0.66
2026-07-23 07:15:53,963 alphafold2_ptm_model_5_seed_043 recycle=1 pLDDT=89.9 pTM=0.733 tol=0.266
2026-07-23 07:16:05,349 alphafold2_ptm_model_5_seed_043 recycle=2 pLDDT=91.4 pTM=0.754 tol=0.0764
2026-07-23 07:16:17,914 alphafold2_ptm_model_5_seed_043 recycle=3 pLDDT=92.3 pTM=0.766 tol=0.0582
2026-07-23 07:16:17,915 alphafold2_ptm_model_5_seed_043 took 53.4s (3 recycles)
2026-07-23 07:16:19,523 Padding length to 82
2026-07-23 07:16:34,290 alphafold2_ptm_model_1_seed_044 recycle=0 pLDDT=85.2 pTM=0.656
2026-07-23 07:16:49,293 alphafold2_ptm_model_1_seed_044 recycle=1 pLDDT=90.6 pTM=0.744 tol=0.167
2026-07-23 07:17:05,143 alphafold2_ptm_model_1_seed_044 recycle=2 pLDDT=91.3 pTM=0.754 tol=0.078
2026-07-23 07:17:19,963 alphafold2_ptm_model_1_seed_044 recycle=3 pLDDT=91.9 pTM=0.763 tol=0.0945
2026-07-23 07:17:19,964 alphafold2_ptm_model_1_seed_044 took 60.4s (3 recycles)
2026-07-23 07:17:36,166 alphafold2_ptm_model_2_seed_044 recycle=0 pLDDT=91.1 pTM=0.74
2026-07-23 07:17:51,020 alphafold2_ptm_model_2_seed_044 recycle=1 pLDDT=93.6 pTM=0.788 tol=0.179
2026-07-23 07:18:06,428 alphafold2_ptm_model_2_seed_044 recycle=2 pLDDT=94 pTM=0.798 tol=0.0657
2026-07-23 07:18:21,658 alphafold2_ptm_model_2_seed_044 recycle=3 pLDDT=94.3 pTM=0.803 tol=0.0239
2026-07-23 07:18:21,659 alphafold2_ptm_model_2_seed_044 took 61.6s (3 recycles)
2026-07-23 07:18:36,579 alphafold2_ptm_model_3_seed_044 recycle=0 pLDDT=84.9 pTM=0.657
2026-07-23 07:18:54,318 alphafold2_ptm_model_3_seed_044 recycle=1 pLDDT=85.4 pTM=0.656 tol=0.365
2026-07-23 07:19:10,638 alphafold2_ptm_model_3_seed_044 recycle=2 pLDDT=86.7 pTM=0.673 tol=0.276
2026-07-23 07:19:22,025 alphafold2_ptm_model_3_seed_044 recycle=3 pLDDT=87.3 pTM=0.678 tol=0.0852
2026-07-23 07:19:22,025 alphafold2_ptm_model_3_seed_044 took 60.3s (3 recycles)
2026-07-23 07:19:37,299 alphafold2_ptm_model_4_seed_044 recycle=0 pLDDT=87.8 pTM=0.703
2026-07-23 07:19:53,236 alphafold2_ptm_model_4_seed_044 recycle=1 pLDDT=90.6 pTM=0.748 tol=0.232
2026-07-23 07:20:09,509 alphafold2_ptm_model_4_seed_044 recycle=2 pLDDT=92.4 pTM=0.774 tol=0.0883
2026-07-23 07:20:24,127 alphafold2_ptm_model_4_seed_044 recycle=3 pLDDT=93.2 pTM=0.784 tol=0.0348
2026-07-23 07:20:24,127 alphafold2_ptm_model_4_seed_044 took 62.0s (3 recycles)
2026-07-23 07:20:40,124 alphafold2_ptm_model_5_seed_044 recycle=0 pLDDT=85.4 pTM=0.66
2026-07-23 07:20:55,047 alphafold2_ptm_model_5_seed_044 recycle=1 pLDDT=90.5 pTM=0.734 tol=0.253
2026-07-23 07:21:09,222 alphafold2_ptm_model_5_seed_044 recycle=2 pLDDT=91.4 pTM=0.753 tol=0.075
2026-07-23 07:21:24,377 alphafold2_ptm_model_5_seed_044 recycle=3 pLDDT=92.4 pTM=0.766 tol=0.0515
2026-07-23 07:21:24,378 alphafold2_ptm_model_5_seed_044 took 60.2s (3 recycles)
2026-07-23 07:21:24,454 reranking models by 'plddt' metric
2026-07-23 07:21:24,454 rank_001_alphafold2_ptm_model_2_seed_044 pLDDT=94.3 pTM=0.803
2026-07-23 07:21:24,456 rank_002_alphafold2_ptm_model_2_seed_042 pLDDT=94.3 pTM=0.802
2026-07-23 07:21:24,458 rank_003_alphafold2_ptm_model_2_seed_043 pLDDT=94.2 pTM=0.802
2026-07-23 07:21:24,461 rank_004_alphafold2_ptm_model_4_seed_044 pLDDT=93.2 pTM=0.784
2026-07-23 07:21:24,462 rank_005_alphafold2_ptm_model_4_seed_043 pLDDT=93.2 pTM=0.783
2026-07-23 07:21:24,464 rank_006_alphafold2_ptm_model_5_seed_044 pLDDT=92.4 pTM=0.766
2026-07-23 07:21:24,466 rank_007_alphafold2_ptm_model_5_seed_043 pLDDT=92.3 pTM=0.766
2026-07-23 07:21:24,467 rank_008_alphafold2_ptm_model_5_seed_042 pLDDT=92.2 pTM=0.766
2026-07-23 07:21:24,469 rank_009_alphafold2_ptm_model_1_seed_042 pLDDT=92.2 pTM=0.765
2026-07-23 07:21:24,471 rank_010_alphafold2_ptm_model_1_seed_043 pLDDT=92 pTM=0.764
2026-07-23 07:21:24,473 rank_011_alphafold2_ptm_model_1_seed_044 pLDDT=91.9 pTM=0.763
2026-07-23 07:21:24,474 rank_012_alphafold2_ptm_model_4_seed_042 pLDDT=88.5 pTM=0.736
2026-07-23 07:21:24,476 rank_013_alphafold2_ptm_model_3_seed_044 pLDDT=87.3 pTM=0.678
2026-07-23 07:21:24,477 rank_014_alphafold2_ptm_model_3_seed_043 pLDDT=87.3 pTM=0.671
2026-07-23 07:21:24,479 rank_015_alphafold2_ptm_model_3_seed_042 pLDDT=87.2 pTM=0.671
2026-07-23 07:21:27,433 Query 65/786: 5KPH_4_8_3_0_combined_id5 (length 72)
2026-07-23 07:21:29,854 Padding length to 82
2026-07-23 07:21:50,624 alphafold2_ptm_model_1_seed_042 recycle=0 pLDDT=84.2 pTM=0.603
2026-07-23 07:22:04,854 alphafold2_ptm_model_1_seed_042 recycle=1 pLDDT=89.5 pTM=0.695 tol=0.209
2026-07-23 07:22:20,207 alphafold2_ptm_model_1_seed_042 recycle=2 pLDDT=90.2 pTM=0.71 tol=0.063
2026-07-23 07:22:32,133 alphafold2_ptm_model_1_seed_042 recycle=3 pLDDT=90.6 pTM=0.716 tol=0.0486
2026-07-23 07:22:32,134 alphafold2_ptm_model_1_seed_042 took 62.3s (3 recycles)
2026-07-23 07:22:45,705 alphafold2_ptm_model_2_seed_042 recycle=0 pLDDT=90.9 pTM=0.722
2026-07-23 07:23:00,864 alphafold2_ptm_model_2_seed_042 recycle=1 pLDDT=92.6 pTM=0.763 tol=0.22
2026-07-23 07:23:15,343 alphafold2_ptm_model_2_seed_042 recycle=2 pLDDT=92.6 pTM=0.769 tol=0.0443
2026-07-23 07:23:31,154 alphafold2_ptm_model_2_seed_042 recycle=3 pLDDT=92.8 pTM=0.772 tol=0.0554
2026-07-23 07:23:31,155 alphafold2_ptm_model_2_seed_042 took 59.0s (3 recycles)
2026-07-23 07:23:47,059 alphafold2_ptm_model_3_seed_042 recycle=0 pLDDT=84.8 pTM=0.606
2026-07-23 07:24:01,438 alphafold2_ptm_model_3_seed_042 recycle=1 pLDDT=88.9 pTM=0.671 tol=0.23
2026-07-23 07:24:17,223 alphafold2_ptm_model_3_seed_042 recycle=2 pLDDT=89.8 pTM=0.69 tol=0.0864
2026-07-23 07:24:32,810 alphafold2_ptm_model_3_seed_042 recycle=3 pLDDT=90.9 pTM=0.71 tol=0.0822
2026-07-23 07:24:32,810 alphafold2_ptm_model_3_seed_042 took 61.6s (3 recycles)
2026-07-23 07:24:48,834 alphafold2_ptm_model_4_seed_042 recycle=0 pLDDT=86.4 pTM=0.633
2026-07-23 07:25:04,649 alphafold2_ptm_model_4_seed_042 recycle=1 pLDDT=88.8 pTM=0.676 tol=0.194
2026-07-23 07:25:20,405 alphafold2_ptm_model_4_seed_042 recycle=2 pLDDT=89.8 pTM=0.692 tol=0.0866
2026-07-23 07:25:34,117 alphafold2_ptm_model_4_seed_042 recycle=3 pLDDT=90.2 pTM=0.703 tol=0.06
2026-07-23 07:25:34,118 alphafold2_ptm_model_4_seed_042 took 61.3s (3 recycles)
2026-07-23 07:25:45,728 alphafold2_ptm_model_5_seed_042 recycle=0 pLDDT=86.8 pTM=0.653
2026-07-23 07:25:57,066 alphafold2_ptm_model_5_seed_042 recycle=1 pLDDT=89.1 pTM=0.682 tol=0.25
2026-07-23 07:26:11,079 alphafold2_ptm_model_5_seed_042 recycle=2 pLDDT=89.3 pTM=0.683 tol=0.0981
2026-07-23 07:26:25,707 alphafold2_ptm_model_5_seed_042 recycle=3 pLDDT=89.3 pTM=0.681 tol=0.0601
2026-07-23 07:26:25,708 alphafold2_ptm_model_5_seed_042 took 51.6s (3 recycles)
2026-07-23 07:26:26,738 Padding length to 82
2026-07-23 07:26:41,835 alphafold2_ptm_model_1_seed_043 recycle=0 pLDDT=85.1 pTM=0.615
2026-07-23 07:26:57,916 alphafold2_ptm_model_1_seed_043 recycle=1 pLDDT=89.8 pTM=0.702 tol=0.194
2026-07-23 07:27:13,737 alphafold2_ptm_model_1_seed_043 recycle=2 pLDDT=90.3 pTM=0.714 tol=0.0576
2026-07-23 07:27:29,329 alphafold2_ptm_model_1_seed_043 recycle=3 pLDDT=90.6 pTM=0.719 tol=0.0486
2026-07-23 07:27:29,329 alphafold2_ptm_model_1_seed_043 took 62.6s (3 recycles)
2026-07-23 07:27:45,065 alphafold2_ptm_model_2_seed_043 recycle=0 pLDDT=91.9 pTM=0.741
2026-07-23 07:28:00,523 alphafold2_ptm_model_2_seed_043 recycle=1 pLDDT=92.9 pTM=0.771 tol=0.156
2026-07-23 07:28:16,322 alphafold2_ptm_model_2_seed_043 recycle=2 pLDDT=92.9 pTM=0.774 tol=0.0549
2026-07-23 07:28:31,738 alphafold2_ptm_model_2_seed_043 recycle=3 pLDDT=92.9 pTM=0.775 tol=0.0613
2026-07-23 07:28:31,738 alphafold2_ptm_model_2_seed_043 took 62.4s (3 recycles)
2026-07-23 07:28:48,127 alphafold2_ptm_model_3_seed_043 recycle=0 pLDDT=85.1 pTM=0.61
2026-07-23 07:29:00,403 alphafold2_ptm_model_3_seed_043 recycle=1 pLDDT=89 pTM=0.673 tol=0.223
2026-07-23 07:29:11,933 alphafold2_ptm_model_3_seed_043 recycle=2 pLDDT=89.8 pTM=0.689 tol=0.0814
2026-07-23 07:29:28,139 alphafold2_ptm_model_3_seed_043 recycle=3 pLDDT=91 pTM=0.71 tol=0.079
2026-07-23 07:29:28,140 alphafold2_ptm_model_3_seed_043 took 56.2s (3 recycles)
2026-07-23 07:29:43,944 alphafold2_ptm_model_4_seed_043 recycle=0 pLDDT=86.2 pTM=0.631
2026-07-23 07:29:59,890 alphafold2_ptm_model_4_seed_043 recycle=1 pLDDT=88.6 pTM=0.673 tol=0.174
2026-07-23 07:30:14,672 alphafold2_ptm_model_4_seed_043 recycle=2 pLDDT=89.5 pTM=0.688 tol=0.0866
2026-07-23 07:30:29,890 alphafold2_ptm_model_4_seed_043 recycle=3 pLDDT=90.1 pTM=0.699 tol=0.0567
2026-07-23 07:30:29,891 alphafold2_ptm_model_4_seed_043 took 61.7s (3 recycles)
2026-07-23 07:30:47,615 alphafold2_ptm_model_5_seed_043 recycle=0 pLDDT=87.4 pTM=0.667
2026-07-23 07:31:01,829 alphafold2_ptm_model_5_seed_043 recycle=1 pLDDT=89.2 pTM=0.687 tol=0.226
2026-07-23 07:31:17,240 alphafold2_ptm_model_5_seed_043 recycle=2 pLDDT=89.3 pTM=0.685 tol=0.0831
2026-07-23 07:31:33,257 alphafold2_ptm_model_5_seed_043 recycle=3 pLDDT=89.5 pTM=0.687 tol=0.0539
2026-07-23 07:31:33,258 alphafold2_ptm_model_5_seed_043 took 63.3s (3 recycles)
2026-07-23 07:31:34,402 Padding length to 82
2026-07-23 07:31:49,713 alphafold2_ptm_model_1_seed_044 recycle=0 pLDDT=85.3 pTM=0.616
2026-07-23 07:32:04,758 alphafold2_ptm_model_1_seed_044 recycle=1 pLDDT=89.6 pTM=0.697 tol=0.205
2026-07-23 07:32:16,093 alphafold2_ptm_model_1_seed_044 recycle=2 pLDDT=90.3 pTM=0.712 tol=0.0622
2026-07-23 07:32:27,607 alphafold2_ptm_model_1_seed_044 recycle=3 pLDDT=90.8 pTM=0.721 tol=0.0524
2026-07-23 07:32:27,608 alphafold2_ptm_model_1_seed_044 took 53.2s (3 recycles)
2026-07-23 07:32:45,103 alphafold2_ptm_model_2_seed_044 recycle=0 pLDDT=91.2 pTM=0.727
2026-07-23 07:33:02,390 alphafold2_ptm_model_2_seed_044 recycle=1 pLDDT=92.8 pTM=0.767 tol=0.234
2026-07-23 07:33:17,344 alphafold2_ptm_model_2_seed_044 recycle=2 pLDDT=92.9 pTM=0.772 tol=0.0482
2026-07-23 07:33:31,713 alphafold2_ptm_model_2_seed_044 recycle=3 pLDDT=93 pTM=0.775 tol=0.0467
2026-07-23 07:33:31,714 alphafold2_ptm_model_2_seed_044 took 64.0s (3 recycles)
2026-07-23 07:33:47,330 alphafold2_ptm_model_3_seed_044 recycle=0 pLDDT=85.2 pTM=0.609
2026-07-23 07:34:02,232 alphafold2_ptm_model_3_seed_044 recycle=1 pLDDT=88.8 pTM=0.667 tol=0.244
2026-07-23 07:34:17,209 alphafold2_ptm_model_3_seed_044 recycle=2 pLDDT=89.8 pTM=0.688 tol=0.0882
2026-07-23 07:34:33,148 alphafold2_ptm_model_3_seed_044 recycle=3 pLDDT=91.1 pTM=0.713 tol=0.0966
2026-07-23 07:34:33,148 alphafold2_ptm_model_3_seed_044 took 61.4s (3 recycles)
2026-07-23 07:34:48,810 alphafold2_ptm_model_4_seed_044 recycle=0 pLDDT=86.1 pTM=0.627
2026-07-23 07:35:02,864 alphafold2_ptm_model_4_seed_044 recycle=1 pLDDT=88.7 pTM=0.674 tol=0.175
2026-07-23 07:35:17,852 alphafold2_ptm_model_4_seed_044 recycle=2 pLDDT=89.6 pTM=0.688 tol=0.0876
2026-07-23 07:35:30,117 alphafold2_ptm_model_4_seed_044 recycle=3 pLDDT=90.1 pTM=0.7 tol=0.0685
2026-07-23 07:35:30,117 alphafold2_ptm_model_4_seed_044 took 56.9s (3 recycles)
2026-07-23 07:35:41,867 alphafold2_ptm_model_5_seed_044 recycle=0 pLDDT=87.2 pTM=0.662
2026-07-23 07:35:54,406 alphafold2_ptm_model_5_seed_044 recycle=1 pLDDT=89.1 pTM=0.684 tol=0.204
2026-07-23 07:36:12,088 alphafold2_ptm_model_5_seed_044 recycle=2 pLDDT=89.1 pTM=0.682 tol=0.0898
2026-07-23 07:36:27,991 alphafold2_ptm_model_5_seed_044 recycle=3 pLDDT=89.4 pTM=0.684 tol=0.0704
2026-07-23 07:36:27,991 alphafold2_ptm_model_5_seed_044 took 57.8s (3 recycles)
2026-07-23 07:36:28,126 reranking models by 'plddt' metric
2026-07-23 07:36:28,126 rank_001_alphafold2_ptm_model_2_seed_044 pLDDT=93 pTM=0.775
2026-07-23 07:36:28,128 rank_002_alphafold2_ptm_model_2_seed_043 pLDDT=92.9 pTM=0.775
2026-07-23 07:36:28,130 rank_003_alphafold2_ptm_model_2_seed_042 pLDDT=92.8 pTM=0.772
2026-07-23 07:36:28,132 rank_004_alphafold2_ptm_model_3_seed_044 pLDDT=91.1 pTM=0.713
2026-07-23 07:36:28,134 rank_005_alphafold2_ptm_model_3_seed_043 pLDDT=91 pTM=0.71
2026-07-23 07:36:28,136 rank_006_alphafold2_ptm_model_3_seed_042 pLDDT=90.9 pTM=0.71
2026-07-23 07:36:28,137 rank_007_alphafold2_ptm_model_1_seed_044 pLDDT=90.8 pTM=0.721
2026-07-23 07:36:28,139 rank_008_alphafold2_ptm_model_1_seed_043 pLDDT=90.6 pTM=0.719
2026-07-23 07:36:28,140 rank_009_alphafold2_ptm_model_1_seed_042 pLDDT=90.6 pTM=0.716
2026-07-23 07:36:28,142 rank_010_alphafold2_ptm_model_4_seed_042 pLDDT=90.2 pTM=0.703
2026-07-23 07:36:28,144 rank_011_alphafold2_ptm_model_4_seed_044 pLDDT=90.1 pTM=0.7
2026-07-23 07:36:28,145 rank_012_alphafold2_ptm_model_4_seed_043 pLDDT=90.1 pTM=0.699
2026-07-23 07:36:28,147 rank_013_alphafold2_ptm_model_5_seed_043 pLDDT=89.5 pTM=0.687
2026-07-23 07:36:28,148 rank_014_alphafold2_ptm_model_5_seed_044 pLDDT=89.4 pTM=0.684
2026-07-23 07:36:28,150 rank_015_alphafold2_ptm_model_5_seed_042 pLDDT=89.3 pTM=0.681
2026-07-23 07:36:31,011 Query 66/786: 5KPH_4_8_3_0_combined_id9 (length 72)
2026-07-23 07:36:33,231 Padding length to 82
2026-07-23 07:36:48,709 alphafold2_ptm_model_1_seed_042 recycle=0 pLDDT=78.5 pTM=0.561
2026-07-23 07:37:05,045 alphafold2_ptm_model_1_seed_042 recycle=1 pLDDT=81.9 pTM=0.609 tol=0.16
2026-07-23 07:37:21,060 alphafold2_ptm_model_1_seed_042 recycle=2 pLDDT=82.4 pTM=0.609 tol=0.195
2026-07-23 07:37:35,848 alphafold2_ptm_model_1_seed_042 recycle=3 pLDDT=82.4 pTM=0.612 tol=0.0862
2026-07-23 07:37:35,849 alphafold2_ptm_model_1_seed_042 took 62.6s (3 recycles)
2026-07-23 07:37:50,162 alphafold2_ptm_model_2_seed_042 recycle=0 pLDDT=82.1 pTM=0.633
2026-07-23 07:38:06,249 alphafold2_ptm_model_2_seed_042 recycle=1 pLDDT=82.5 pTM=0.649 tol=0.522
2026-07-23 07:38:20,353 alphafold2_ptm_model_2_seed_042 recycle=2 pLDDT=83.8 pTM=0.661 tol=0.713
2026-07-23 07:38:35,721 alphafold2_ptm_model_2_seed_042 recycle=3 pLDDT=85.2 pTM=0.672 tol=0.465
2026-07-23 07:38:35,722 alphafold2_ptm_model_2_seed_042 took 59.8s (3 recycles)
2026-07-23 07:38:50,015 alphafold2_ptm_model_3_seed_042 recycle=0 pLDDT=82.2 pTM=0.604
2026-07-23 07:39:01,444 alphafold2_ptm_model_3_seed_042 recycle=1 pLDDT=82.5 pTM=0.618 tol=0.5
2026-07-23 07:39:13,830 alphafold2_ptm_model_3_seed_042 recycle=2 pLDDT=83.3 pTM=0.626 tol=0.396
2026-07-23 07:39:27,965 alphafold2_ptm_model_3_seed_042 recycle=3 pLDDT=83.4 pTM=0.625 tol=0.113
2026-07-23 07:39:27,965 alphafold2_ptm_model_3_seed_042 took 52.2s (3 recycles)
2026-07-23 07:39:42,871 alphafold2_ptm_model_4_seed_042 recycle=0 pLDDT=83.4 pTM=0.615
2026-07-23 07:39:56,521 alphafold2_ptm_model_4_seed_042 recycle=1 pLDDT=82.6 pTM=0.611 tol=0.387
2026-07-23 07:40:10,686 alphafold2_ptm_model_4_seed_042 recycle=2 pLDDT=82.7 pTM=0.615 tol=0.166
2026-07-23 07:40:24,308 alphafold2_ptm_model_4_seed_042 recycle=3 pLDDT=83.1 pTM=0.617 tol=0.0639
2026-07-23 07:40:24,309 alphafold2_ptm_model_4_seed_042 took 56.3s (3 recycles)
2026-07-23 07:40:38,235 alphafold2_ptm_model_5_seed_042 recycle=0 pLDDT=82.2 pTM=0.598
2026-07-23 07:40:51,363 alphafold2_ptm_model_5_seed_042 recycle=1 pLDDT=83.7 pTM=0.612 tol=0.958
2026-07-23 07:41:05,070 alphafold2_ptm_model_5_seed_042 recycle=2 pLDDT=83.6 pTM=0.614 tol=0.297
2026-07-23 07:41:18,817 alphafold2_ptm_model_5_seed_042 recycle=3 pLDDT=83.8 pTM=0.617 tol=0.135
2026-07-23 07:41:18,818 alphafold2_ptm_model_5_seed_042 took 54.5s (3 recycles)
2026-07-23 07:41:20,538 Padding length to 82
2026-07-23 07:41:34,910 alphafold2_ptm_model_1_seed_043 recycle=0 pLDDT=77.6 pTM=0.551
2026-07-23 07:41:48,787 alphafold2_ptm_model_1_seed_043 recycle=1 pLDDT=81.5 pTM=0.606 tol=0.37
2026-07-23 07:42:02,993 alphafold2_ptm_model_1_seed_043 recycle=2 pLDDT=82.1 pTM=0.608 tol=0.154
2026-07-23 07:42:15,157 alphafold2_ptm_model_1_seed_043 recycle=3 pLDDT=82.3 pTM=0.61 tol=0.0767
2026-07-23 07:42:15,158 alphafold2_ptm_model_1_seed_043 took 54.6s (3 recycles)
2026-07-23 07:42:28,511 alphafold2_ptm_model_2_seed_043 recycle=0 pLDDT=82 pTM=0.627
2026-07-23 07:42:43,189 alphafold2_ptm_model_2_seed_043 recycle=1 pLDDT=83.3 pTM=0.658 tol=1.08
2026-07-23 07:42:57,663 alphafold2_ptm_model_2_seed_043 recycle=2 pLDDT=83.9 pTM=0.66 tol=0.359
2026-07-23 07:43:12,482 alphafold2_ptm_model_2_seed_043 recycle=3 pLDDT=85.4 pTM=0.674 tol=0.295
2026-07-23 07:43:12,482 alphafold2_ptm_model_2_seed_043 took 57.3s (3 recycles)
2026-07-23 07:43:27,301 alphafold2_ptm_model_3_seed_043 recycle=0 pLDDT=81.7 pTM=0.599
2026-07-23 07:43:41,226 alphafold2_ptm_model_3_seed_043 recycle=1 pLDDT=82.2 pTM=0.617 tol=0.728
2026-07-23 07:43:56,825 alphafold2_ptm_model_3_seed_043 recycle=2 pLDDT=82.9 pTM=0.626 tol=0.536
2026-07-23 07:44:11,726 alphafold2_ptm_model_3_seed_043 recycle=3 pLDDT=82.9 pTM=0.625 tol=0.186
2026-07-23 07:44:11,727 alphafold2_ptm_model_3_seed_043 took 59.2s (3 recycles)
2026-07-23 07:44:25,697 alphafold2_ptm_model_4_seed_043 recycle=0 pLDDT=82.8 pTM=0.608
2026-07-23 07:44:39,340 alphafold2_ptm_model_4_seed_043 recycle=1 pLDDT=82.5 pTM=0.609 tol=0.374
2026-07-23 07:44:55,526 alphafold2_ptm_model_4_seed_043 recycle=2 pLDDT=82.6 pTM=0.614 tol=0.162
2026-07-23 07:45:09,591 alphafold2_ptm_model_4_seed_043 recycle=3 pLDDT=83.2 pTM=0.618 tol=0.0685
2026-07-23 07:45:09,592 alphafold2_ptm_model_4_seed_043 took 57.8s (3 recycles)
2026-07-23 07:45:22,754 alphafold2_ptm_model_5_seed_043 recycle=0 pLDDT=81.1 pTM=0.586
2026-07-23 07:45:34,398 alphafold2_ptm_model_5_seed_043 recycle=1 pLDDT=83.6 pTM=0.613 tol=1.08
2026-07-23 07:45:46,831 alphafold2_ptm_model_5_seed_043 recycle=2 pLDDT=83.6 pTM=0.612 tol=0.304
2026-07-23 07:46:03,091 alphafold2_ptm_model_5_seed_043 recycle=3 pLDDT=83.9 pTM=0.618 tol=0.134
2026-07-23 07:46:03,091 alphafold2_ptm_model_5_seed_043 took 53.4s (3 recycles)
2026-07-23 07:46:04,325 Padding length to 82
2026-07-23 07:46:21,804 alphafold2_ptm_model_1_seed_044 recycle=0 pLDDT=78.1 pTM=0.554
2026-07-23 07:46:38,125 alphafold2_ptm_model_1_seed_044 recycle=1 pLDDT=81.8 pTM=0.608 tol=0.335
2026-07-23 07:46:55,606 alphafold2_ptm_model_1_seed_044 recycle=2 pLDDT=82.1 pTM=0.612 tol=0.284
2026-07-23 07:47:11,483 alphafold2_ptm_model_1_seed_044 recycle=3 pLDDT=82.2 pTM=0.614 tol=0.0956
2026-07-23 07:47:11,484 alphafold2_ptm_model_1_seed_044 took 67.2s (3 recycles)
2026-07-23 07:47:29,460 alphafold2_ptm_model_2_seed_044 recycle=0 pLDDT=82.1 pTM=0.629
2026-07-23 07:47:47,152 alphafold2_ptm_model_2_seed_044 recycle=1 pLDDT=83.2 pTM=0.657 tol=1.05
2026-07-23 07:48:03,966 alphafold2_ptm_model_2_seed_044 recycle=2 pLDDT=84.1 pTM=0.663 tol=0.291
2026-07-23 07:48:20,096 alphafold2_ptm_model_2_seed_044 recycle=3 pLDDT=85.6 pTM=0.677 tol=0.246
2026-07-23 07:48:20,097 alphafold2_ptm_model_2_seed_044 took 68.6s (3 recycles)
2026-07-23 07:48:36,707 alphafold2_ptm_model_3_seed_044 recycle=0 pLDDT=81.8 pTM=0.599
2026-07-23 07:48:48,433 alphafold2_ptm_model_3_seed_044 recycle=1 pLDDT=82.4 pTM=0.616 tol=0.434
2026-07-23 07:49:03,944 alphafold2_ptm_model_3_seed_044 recycle=2 pLDDT=83.3 pTM=0.627 tol=0.386
2026-07-23 07:49:18,242 alphafold2_ptm_model_3_seed_044 recycle=3 pLDDT=83.6 pTM=0.627 tol=0.134
2026-07-23 07:49:18,243 alphafold2_ptm_model_3_seed_044 took 58.1s (3 recycles)
2026-07-23 07:49:32,946 alphafold2_ptm_model_4_seed_044 recycle=0 pLDDT=83.1 pTM=0.611
2026-07-23 07:49:46,401 alphafold2_ptm_model_4_seed_044 recycle=1 pLDDT=82.7 pTM=0.612 tol=0.402
2026-07-23 07:50:01,058 alphafold2_ptm_model_4_seed_044 recycle=2 pLDDT=82.7 pTM=0.617 tol=0.158
2026-07-23 07:50:15,115 alphafold2_ptm_model_4_seed_044 recycle=3 pLDDT=83.1 pTM=0.619 tol=0.0885
2026-07-23 07:50:15,116 alphafold2_ptm_model_4_seed_044 took 56.8s (3 recycles)
2026-07-23 07:50:29,740 alphafold2_ptm_model_5_seed_044 recycle=0 pLDDT=81.8 pTM=0.592
2026-07-23 07:50:43,647 alphafold2_ptm_model_5_seed_044 recycle=1 pLDDT=83.4 pTM=0.61 tol=0.989
2026-07-23 07:50:57,017 alphafold2_ptm_model_5_seed_044 recycle=2 pLDDT=83.4 pTM=0.611 tol=0.333
2026-07-23 07:51:09,963 alphafold2_ptm_model_5_seed_044 recycle=3 pLDDT=83.8 pTM=0.618 tol=0.132
2026-07-23 07:51:09,964 alphafold2_ptm_model_5_seed_044 took 54.8s (3 recycles)
2026-07-23 07:51:09,989 reranking models by 'plddt' metric
2026-07-23 07:51:09,989 rank_001_alphafold2_ptm_model_2_seed_044 pLDDT=85.6 pTM=0.677
2026-07-23 07:51:09,991 rank_002_alphafold2_ptm_model_2_seed_043 pLDDT=85.4 pTM=0.674
2026-07-23 07:51:09,992 rank_003_alphafold2_ptm_model_2_seed_042 pLDDT=85.2 pTM=0.672
2026-07-23 07:51:09,994 rank_004_alphafold2_ptm_model_5_seed_043 pLDDT=83.9 pTM=0.618
2026-07-23 07:51:09,996 rank_005_alphafold2_ptm_model_5_seed_044 pLDDT=83.8 pTM=0.618
2026-07-23 07:51:09,997 rank_006_alphafold2_ptm_model_5_seed_042 pLDDT=83.8 pTM=0.617
2026-07-23 07:51:09,999 rank_007_alphafold2_ptm_model_3_seed_044 pLDDT=83.6 pTM=0.627
2026-07-23 07:51:10,000 rank_008_alphafold2_ptm_model_3_seed_042 pLDDT=83.4 pTM=0.625
2026-07-23 07:51:10,002 rank_009_alphafold2_ptm_model_4_seed_043 pLDDT=83.2 pTM=0.618
2026-07-23 07:51:10,004 rank_010_alphafold2_ptm_model_4_seed_044 pLDDT=83.1 pTM=0.619
2026-07-23 07:51:10,006 rank_011_alphafold2_ptm_model_4_seed_042 pLDDT=83.1 pTM=0.617
2026-07-23 07:51:10,008 rank_012_alphafold2_ptm_model_3_seed_043 pLDDT=82.9 pTM=0.625
2026-07-23 07:51:10,010 rank_013_alphafold2_ptm_model_1_seed_042 pLDDT=82.4 pTM=0.612
2026-07-23 07:51:10,011 rank_014_alphafold2_ptm_model_1_seed_043 pLDDT=82.3 pTM=0.61
2026-07-23 07:51:10,013 rank_015_alphafold2_ptm_model_1_seed_044 pLDDT=82.2 pTM=0.614
2026-07-23 07:51:13,507 Query 67/786: 5KPH_2_2_6_0_combined_id9 (length 72)
2026-07-23 07:51:16,310 Padding length to 82
2026-07-23 07:51:31,981 alphafold2_ptm_model_1_seed_042 recycle=0 pLDDT=88.9 pTM=0.688
2026-07-23 07:51:46,355 alphafold2_ptm_model_1_seed_042 recycle=1 pLDDT=91.3 pTM=0.731 tol=0.132
2026-07-23 07:51:57,670 alphafold2_ptm_model_1_seed_042 recycle=2 pLDDT=91.6 pTM=0.739 tol=0.0477
2026-07-23 07:52:14,512 alphafold2_ptm_model_1_seed_042 recycle=3 pLDDT=91.7 pTM=0.742 tol=0.0265
2026-07-23 07:52:14,512 alphafold2_ptm_model_1_seed_042 took 58.2s (3 recycles)
2026-07-23 07:52:29,391 alphafold2_ptm_model_2_seed_042 recycle=0 pLDDT=93.2 pTM=0.784
2026-07-23 07:52:45,317 alphafold2_ptm_model_2_seed_042 recycle=1 pLDDT=94 pTM=0.805 tol=0.102
2026-07-23 07:53:00,393 alphafold2_ptm_model_2_seed_042 recycle=2 pLDDT=94.2 pTM=0.81 tol=0.0374
2026-07-23 07:53:15,265 alphafold2_ptm_model_2_seed_042 recycle=3 pLDDT=94.4 pTM=0.813 tol=0.0264
2026-07-23 07:53:15,266 alphafold2_ptm_model_2_seed_042 took 60.7s (3 recycles)
2026-07-23 07:53:30,592 alphafold2_ptm_model_3_seed_042 recycle=0 pLDDT=88.1 pTM=0.675
2026-07-23 07:53:46,200 alphafold2_ptm_model_3_seed_042 recycle=1 pLDDT=91.2 pTM=0.734 tol=0.172
2026-07-23 07:54:02,362 alphafold2_ptm_model_3_seed_042 recycle=2 pLDDT=91.9 pTM=0.751 tol=0.0778
2026-07-23 07:54:17,832 alphafold2_ptm_model_3_seed_042 recycle=3 pLDDT=92.2 pTM=0.755 tol=0.0522
2026-07-23 07:54:17,833 alphafold2_ptm_model_3_seed_042 took 62.5s (3 recycles)
2026-07-23 07:54:33,185 alphafold2_ptm_model_4_seed_042 recycle=0 pLDDT=89.4 pTM=0.695
2026-07-23 07:54:47,323 alphafold2_ptm_model_4_seed_042 recycle=1 pLDDT=91.1 pTM=0.738 tol=0.133
2026-07-23 07:55:00,421 alphafold2_ptm_model_4_seed_042 recycle=2 pLDDT=91.4 pTM=0.75 tol=0.0528
2026-07-23 07:55:11,761 alphafold2_ptm_model_4_seed_042 recycle=3 pLDDT=91.6 pTM=0.756 tol=0.028
2026-07-23 07:55:11,761 alphafold2_ptm_model_4_seed_042 took 53.9s (3 recycles)
2026-07-23 07:55:24,622 alphafold2_ptm_model_5_seed_042 recycle=0 pLDDT=89 pTM=0.696
2026-07-23 07:55:37,345 alphafold2_ptm_model_5_seed_042 recycle=1 pLDDT=91.6 pTM=0.735 tol=0.15
2026-07-23 07:55:50,831 alphafold2_ptm_model_5_seed_042 recycle=2 pLDDT=92 pTM=0.743 tol=0.0518
2026-07-23 07:56:05,917 alphafold2_ptm_model_5_seed_042 recycle=3 pLDDT=92.2 pTM=0.747 tol=0.0348
2026-07-23 07:56:05,918 alphafold2_ptm_model_5_seed_042 took 54.1s (3 recycles)
2026-07-23 07:56:06,937 Padding length to 82
2026-07-23 07:56:21,464 alphafold2_ptm_model_1_seed_043 recycle=0 pLDDT=88.4 pTM=0.67
2026-07-23 07:56:37,514 alphafold2_ptm_model_1_seed_043 recycle=1 pLDDT=91.3 pTM=0.728 tol=0.176
2026-07-23 07:56:52,493 alphafold2_ptm_model_1_seed_043 recycle=2 pLDDT=91.6 pTM=0.737 tol=0.0515
2026-07-23 07:57:08,583 alphafold2_ptm_model_1_seed_043 recycle=3 pLDDT=91.7 pTM=0.742 tol=0.0259
2026-07-23 07:57:08,584 alphafold2_ptm_model_1_seed_043 took 61.6s (3 recycles)
2026-07-23 07:57:24,617 alphafold2_ptm_model_2_seed_043 recycle=0 pLDDT=93.4 pTM=0.786
2026-07-23 07:57:40,984 alphafold2_ptm_model_2_seed_043 recycle=1 pLDDT=94.2 pTM=0.808 tol=0.107
2026-07-23 07:57:56,990 alphafold2_ptm_model_2_seed_043 recycle=2 pLDDT=94.4 pTM=0.812 tol=0.0378
2026-07-23 07:58:12,367 alphafold2_ptm_model_2_seed_043 recycle=3 pLDDT=94.4 pTM=0.813 tol=0.0283
2026-07-23 07:58:12,367 alphafold2_ptm_model_2_seed_043 took 63.7s (3 recycles)
2026-07-23 07:58:24,218 alphafold2_ptm_model_3_seed_043 recycle=0 pLDDT=88 pTM=0.673
2026-07-23 07:58:38,161 alphafold2_ptm_model_3_seed_043 recycle=1 pLDDT=91.3 pTM=0.734 tol=0.166
2026-07-23 07:58:52,646 alphafold2_ptm_model_3_seed_043 recycle=2 pLDDT=91.9 pTM=0.749 tol=0.0801
2026-07-23 07:59:10,314 alphafold2_ptm_model_3_seed_043 recycle=3 pLDDT=92.2 pTM=0.754 tol=0.0447
2026-07-23 07:59:10,315 alphafold2_ptm_model_3_seed_043 took 57.9s (3 recycles)
2026-07-23 07:59:24,563 alphafold2_ptm_model_4_seed_043 recycle=0 pLDDT=89.2 pTM=0.693
2026-07-23 07:59:38,231 alphafold2_ptm_model_4_seed_043 recycle=1 pLDDT=91.2 pTM=0.738 tol=0.131
2026-07-23 07:59:51,748 alphafold2_ptm_model_4_seed_043 recycle=2 pLDDT=91.5 pTM=0.75 tol=0.0528
2026-07-23 08:00:05,859 alphafold2_ptm_model_4_seed_043 recycle=3 pLDDT=91.6 pTM=0.756 tol=0.0273
2026-07-23 08:00:05,860 alphafold2_ptm_model_4_seed_043 took 55.5s (3 recycles)
2026-07-23 08:00:20,200 alphafold2_ptm_model_5_seed_043 recycle=0 pLDDT=88.8 pTM=0.692
2026-07-23 08:00:36,781 alphafold2_ptm_model_5_seed_043 recycle=1 pLDDT=91.6 pTM=0.734 tol=0.194
2026-07-23 08:00:50,918 alphafold2_ptm_model_5_seed_043 recycle=2 pLDDT=92.1 pTM=0.744 tol=0.0547
2026-07-23 08:01:06,570 alphafold2_ptm_model_5_seed_043 recycle=3 pLDDT=92.2 pTM=0.747 tol=0.0367
2026-07-23 08:01:06,571 alphafold2_ptm_model_5_seed_043 took 60.5s (3 recycles)
2026-07-23 08:01:07,832 Padding length to 82
2026-07-23 08:01:22,654 alphafold2_ptm_model_1_seed_044 recycle=0 pLDDT=88.1 pTM=0.665
2026-07-23 08:01:34,458 alphafold2_ptm_model_1_seed_044 recycle=1 pLDDT=91.2 pTM=0.727 tol=0.256
2026-07-23 08:01:46,031 alphafold2_ptm_model_1_seed_044 recycle=2 pLDDT=91.5 pTM=0.735 tol=0.0531
2026-07-23 08:01:59,278 alphafold2_ptm_model_1_seed_044 recycle=3 pLDDT=91.7 pTM=0.741 tol=0.0316
2026-07-23 08:01:59,279 alphafold2_ptm_model_1_seed_044 took 51.4s (3 recycles)
2026-07-23 08:02:14,929 alphafold2_ptm_model_2_seed_044 recycle=0 pLDDT=93.2 pTM=0.785
2026-07-23 08:02:28,844 alphafold2_ptm_model_2_seed_044 recycle=1 pLDDT=94.1 pTM=0.807 tol=0.0988
2026-07-23 08:02:44,023 alphafold2_ptm_model_2_seed_044 recycle=2 pLDDT=94.2 pTM=0.811 tol=0.0457
2026-07-23 08:02:57,777 alphafold2_ptm_model_2_seed_044 recycle=3 pLDDT=94.4 pTM=0.812 tol=0.0261
2026-07-23 08:02:57,777 alphafold2_ptm_model_2_seed_044 took 58.5s (3 recycles)
2026-07-23 08:03:14,263 alphafold2_ptm_model_3_seed_044 recycle=0 pLDDT=87.4 pTM=0.671
2026-07-23 08:03:29,647 alphafold2_ptm_model_3_seed_044 recycle=1 pLDDT=91.1 pTM=0.729 tol=0.208
2026-07-23 08:03:44,087 alphafold2_ptm_model_3_seed_044 recycle=2 pLDDT=91.8 pTM=0.746 tol=0.0724
2026-07-23 08:03:57,981 alphafold2_ptm_model_3_seed_044 recycle=3 pLDDT=92.2 pTM=0.755 tol=0.0419
2026-07-23 08:03:57,982 alphafold2_ptm_model_3_seed_044 took 60.1s (3 recycles)
2026-07-23 08:04:12,403 alphafold2_ptm_model_4_seed_044 recycle=0 pLDDT=89.1 pTM=0.691
2026-07-23 08:04:25,830 alphafold2_ptm_model_4_seed_044 recycle=1 pLDDT=91.1 pTM=0.737 tol=0.128
2026-07-23 08:04:39,985 alphafold2_ptm_model_4_seed_044 recycle=2 pLDDT=91.4 pTM=0.749 tol=0.0578
2026-07-23 08:04:51,729 alphafold2_ptm_model_4_seed_044 recycle=3 pLDDT=91.5 pTM=0.754 tol=0.0318
2026-07-23 08:04:51,730 alphafold2_ptm_model_4_seed_044 took 53.7s (3 recycles)
2026-07-23 08:05:07,412 alphafold2_ptm_model_5_seed_044 recycle=0 pLDDT=89.1 pTM=0.696
2026-07-23 08:05:22,454 alphafold2_ptm_model_5_seed_044 recycle=1 pLDDT=91.4 pTM=0.731 tol=0.172
2026-07-23 08:05:39,694 alphafold2_ptm_model_5_seed_044 recycle=2 pLDDT=91.9 pTM=0.741 tol=0.058
2026-07-23 08:05:53,389 alphafold2_ptm_model_5_seed_044 recycle=3 pLDDT=92.2 pTM=0.745 tol=0.0339
2026-07-23 08:05:53,389 alphafold2_ptm_model_5_seed_044 took 61.6s (3 recycles)
2026-07-23 08:05:53,436 reranking models by 'plddt' metric
2026-07-23 08:05:53,437 rank_001_alphafold2_ptm_model_2_seed_043 pLDDT=94.4 pTM=0.813
2026-07-23 08:05:53,438 rank_002_alphafold2_ptm_model_2_seed_042 pLDDT=94.4 pTM=0.813
2026-07-23 08:05:53,440 rank_003_alphafold2_ptm_model_2_seed_044 pLDDT=94.4 pTM=0.812
2026-07-23 08:05:53,442 rank_004_alphafold2_ptm_model_5_seed_044 pLDDT=92.2 pTM=0.745
2026-07-23 08:05:53,443 rank_005_alphafold2_ptm_model_3_seed_044 pLDDT=92.2 pTM=0.755
2026-07-23 08:05:53,445 rank_006_alphafold2_ptm_model_5_seed_043 pLDDT=92.2 pTM=0.747
2026-07-23 08:05:53,446 rank_007_alphafold2_ptm_model_3_seed_043 pLDDT=92.2 pTM=0.754
2026-07-23 08:05:53,448 rank_008_alphafold2_ptm_model_5_seed_042 pLDDT=92.2 pTM=0.747
2026-07-23 08:05:53,450 rank_009_alphafold2_ptm_model_3_seed_042 pLDDT=92.2 pTM=0.755
2026-07-23 08:05:53,451 rank_010_alphafold2_ptm_model_1_seed_044 pLDDT=91.7 pTM=0.741
2026-07-23 08:05:53,453 rank_011_alphafold2_ptm_model_1_seed_043 pLDDT=91.7 pTM=0.742
2026-07-23 08:05:53,455 rank_012_alphafold2_ptm_model_1_seed_042 pLDDT=91.7 pTM=0.742
2026-07-23 08:05:53,456 rank_013_alphafold2_ptm_model_4_seed_043 pLDDT=91.6 pTM=0.756
2026-07-23 08:05:53,458 rank_014_alphafold2_ptm_model_4_seed_042 pLDDT=91.6 pTM=0.756
2026-07-23 08:05:53,459 rank_015_alphafold2_ptm_model_4_seed_044 pLDDT=91.5 pTM=0.754
2026-07-23 08:05:56,700 Query 68/786: 5KPH_4_4_2_0_combined_id1 (length 72)
2026-07-23 08:05:59,348 Padding length to 82
2026-07-23 08:06:13,989 alphafold2_ptm_model_1_seed_042 recycle=0 pLDDT=89.8 pTM=0.714
2026-07-23 08:06:29,100 alphafold2_ptm_model_1_seed_042 recycle=1 pLDDT=87.3 pTM=0.705 tol=0.165
2026-07-23 08:06:42,886 alphafold2_ptm_model_1_seed_042 recycle=2 pLDDT=87.1 pTM=0.707 tol=0.133
2026-07-23 08:06:56,959 alphafold2_ptm_model_1_seed_042 recycle=3 pLDDT=86.8 pTM=0.707 tol=0.0499
2026-07-23 08:06:56,960 alphafold2_ptm_model_1_seed_042 took 57.6s (3 recycles)
2026-07-23 08:07:10,735 alphafold2_ptm_model_2_seed_042 recycle=0 pLDDT=88.8 pTM=0.708
2026-07-23 08:07:24,693 alphafold2_ptm_model_2_seed_042 recycle=1 pLDDT=87.5 pTM=0.708 tol=0.711
2026-07-23 08:07:39,586 alphafold2_ptm_model_2_seed_042 recycle=2 pLDDT=86.1 pTM=0.694 tol=0.199
2026-07-23 08:07:52,357 alphafold2_ptm_model_2_seed_042 recycle=3 pLDDT=86.6 pTM=0.701 tol=0.189
2026-07-23 08:07:52,358 alphafold2_ptm_model_2_seed_042 took 55.4s (3 recycles)
2026-07-23 08:08:04,012 alphafold2_ptm_model_3_seed_042 recycle=0 pLDDT=86.4 pTM=0.683
2026-07-23 08:08:16,254 alphafold2_ptm_model_3_seed_042 recycle=1 pLDDT=82.9 pTM=0.664 tol=0.184
2026-07-23 08:08:31,528 alphafold2_ptm_model_3_seed_042 recycle=2 pLDDT=84 pTM=0.671 tol=0.124
2026-07-23 08:08:45,670 alphafold2_ptm_model_3_seed_042 recycle=3 pLDDT=83.2 pTM=0.667 tol=0.259
2026-07-23 08:08:45,670 alphafold2_ptm_model_3_seed_042 took 53.3s (3 recycles)
2026-07-23 08:08:59,384 alphafold2_ptm_model_4_seed_042 recycle=0 pLDDT=90.2 pTM=0.74
2026-07-23 08:09:12,685 alphafold2_ptm_model_4_seed_042 recycle=1 pLDDT=87 pTM=0.711 tol=0.247
2026-07-23 08:09:25,918 alphafold2_ptm_model_4_seed_042 recycle=2 pLDDT=86.2 pTM=0.704 tol=0.227
2026-07-23 08:09:41,844 alphafold2_ptm_model_4_seed_042 recycle=3 pLDDT=87.4 pTM=0.712 tol=0.271
2026-07-23 08:09:41,845 alphafold2_ptm_model_4_seed_042 took 56.1s (3 recycles)
2026-07-23 08:09:55,695 alphafold2_ptm_model_5_seed_042 recycle=0 pLDDT=92.9 pTM=0.761
2026-07-23 08:10:08,798 alphafold2_ptm_model_5_seed_042 recycle=1 pLDDT=90.9 pTM=0.757 tol=0.217
2026-07-23 08:10:23,485 alphafold2_ptm_model_5_seed_042 recycle=2 pLDDT=89.8 pTM=0.743 tol=0.0616
2026-07-23 08:10:39,896 alphafold2_ptm_model_5_seed_042 recycle=3 pLDDT=89.7 pTM=0.74 tol=0.0311
2026-07-23 08:10:39,896 alphafold2_ptm_model_5_seed_042 took 58.0s (3 recycles)
2026-07-23 08:10:41,151 Padding length to 82
2026-07-23 08:10:55,524 alphafold2_ptm_model_1_seed_043 recycle=0 pLDDT=89.3 pTM=0.711
2026-07-23 08:11:08,717 alphafold2_ptm_model_1_seed_043 recycle=1 pLDDT=87.3 pTM=0.706 tol=0.204
2026-07-23 08:11:19,920 alphafold2_ptm_model_1_seed_043 recycle=2 pLDDT=87.1 pTM=0.707 tol=0.102
2026-07-23 08:11:32,441 alphafold2_ptm_model_1_seed_043 recycle=3 pLDDT=86.1 pTM=0.698 tol=0.152
2026-07-23 08:11:32,442 alphafold2_ptm_model_1_seed_043 took 51.3s (3 recycles)
2026-07-23 08:11:46,782 alphafold2_ptm_model_2_seed_043 recycle=0 pLDDT=88.6 pTM=0.706
2026-07-23 08:12:02,270 alphafold2_ptm_model_2_seed_043 recycle=1 pLDDT=87.1 pTM=0.704 tol=0.71
2026-07-23 08:12:16,151 alphafold2_ptm_model_2_seed_043 recycle=2 pLDDT=85.9 pTM=0.693 tol=0.179
2026-07-23 08:12:29,539 alphafold2_ptm_model_2_seed_043 recycle=3 pLDDT=86.2 pTM=0.697 tol=0.144
2026-07-23 08:12:29,540 alphafold2_ptm_model_2_seed_043 took 57.0s (3 recycles)
2026-07-23 08:12:42,659 alphafold2_ptm_model_3_seed_043 recycle=0 pLDDT=82.3 pTM=0.653
2026-07-23 08:12:55,900 alphafold2_ptm_model_3_seed_043 recycle=1 pLDDT=82.7 pTM=0.663 tol=0.356
2026-07-23 08:13:09,328 alphafold2_ptm_model_3_seed_043 recycle=2 pLDDT=82.4 pTM=0.662 tol=0.269
2026-07-23 08:13:22,760 alphafold2_ptm_model_3_seed_043 recycle=3 pLDDT=83.5 pTM=0.67 tol=0.198
2026-07-23 08:13:22,761 alphafold2_ptm_model_3_seed_043 took 53.2s (3 recycles)
2026-07-23 08:13:38,671 alphafold2_ptm_model_4_seed_043 recycle=0 pLDDT=88.7 pTM=0.717
2026-07-23 08:13:56,156 alphafold2_ptm_model_4_seed_043 recycle=1 pLDDT=86.2 pTM=0.704 tol=0.379
2026-07-23 08:14:11,293 alphafold2_ptm_model_4_seed_043 recycle=2 pLDDT=87 pTM=0.707 tol=0.192
2026-07-23 08:14:26,284 alphafold2_ptm_model_4_seed_043 recycle=3 pLDDT=86.4 pTM=0.703 tol=0.0698
2026-07-23 08:14:26,284 alphafold2_ptm_model_4_seed_043 took 63.5s (3 recycles)
2026-07-23 08:14:38,549 alphafold2_ptm_model_5_seed_043 recycle=0 pLDDT=92.9 pTM=0.757
2026-07-23 08:14:54,528 alphafold2_ptm_model_5_seed_043 recycle=1 pLDDT=90.6 pTM=0.755 tol=0.292
2026-07-23 08:15:09,464 alphafold2_ptm_model_5_seed_043 recycle=2 pLDDT=88.8 pTM=0.73 tol=0.0814
2026-07-23 08:15:27,074 alphafold2_ptm_model_5_seed_043 recycle=3 pLDDT=89.1 pTM=0.732 tol=0.0388
2026-07-23 08:15:27,074 alphafold2_ptm_model_5_seed_043 took 60.8s (3 recycles)
2026-07-23 08:15:28,378 Padding length to 82
2026-07-23 08:15:44,314 alphafold2_ptm_model_1_seed_044 recycle=0 pLDDT=89.3 pTM=0.706
2026-07-23 08:16:01,014 alphafold2_ptm_model_1_seed_044 recycle=1 pLDDT=87.6 pTM=0.708 tol=0.196
2026-07-23 08:16:14,561 alphafold2_ptm_model_1_seed_044 recycle=2 pLDDT=87.2 pTM=0.708 tol=0.135
2026-07-23 08:16:27,845 alphafold2_ptm_model_1_seed_044 recycle=3 pLDDT=86.4 pTM=0.699 tol=0.119
2026-07-23 08:16:27,845 alphafold2_ptm_model_1_seed_044 took 59.5s (3 recycles)
2026-07-23 08:16:41,601 alphafold2_ptm_model_2_seed_044 recycle=0 pLDDT=88.7 pTM=0.707
2026-07-23 08:16:54,523 alphafold2_ptm_model_2_seed_044 recycle=1 pLDDT=87.4 pTM=0.706 tol=0.73
2026-07-23 08:17:07,611 alphafold2_ptm_model_2_seed_044 recycle=2 pLDDT=85.9 pTM=0.695 tol=0.168
2026-07-23 08:17:21,271 alphafold2_ptm_model_2_seed_044 recycle=3 pLDDT=86.7 pTM=0.702 tol=0.129
2026-07-23 08:17:21,272 alphafold2_ptm_model_2_seed_044 took 53.4s (3 recycles)
2026-07-23 08:17:34,091 alphafold2_ptm_model_3_seed_044 recycle=0 pLDDT=83 pTM=0.658
2026-07-23 08:17:46,014 alphafold2_ptm_model_3_seed_044 recycle=1 pLDDT=82.7 pTM=0.665 tol=0.356
2026-07-23 08:18:03,307 alphafold2_ptm_model_3_seed_044 recycle=2 pLDDT=82.5 pTM=0.665 tol=0.311
2026-07-23 08:18:17,349 alphafold2_ptm_model_3_seed_044 recycle=3 pLDDT=83.9 pTM=0.675 tol=0.243
2026-07-23 08:18:17,349 alphafold2_ptm_model_3_seed_044 took 56.0s (3 recycles)
2026-07-23 08:18:33,469 alphafold2_ptm_model_4_seed_044 recycle=0 pLDDT=88.9 pTM=0.718
2026-07-23 08:18:49,309 alphafold2_ptm_model_4_seed_044 recycle=1 pLDDT=86.2 pTM=0.703 tol=0.45
2026-07-23 08:19:05,816 alphafold2_ptm_model_4_seed_044 recycle=2 pLDDT=85.7 pTM=0.698 tol=0.5
2026-07-23 08:19:21,734 alphafold2_ptm_model_4_seed_044 recycle=3 pLDDT=88.2 pTM=0.72 tol=0.327
2026-07-23 08:19:21,735 alphafold2_ptm_model_4_seed_044 took 64.3s (3 recycles)
2026-07-23 08:19:38,006 alphafold2_ptm_model_5_seed_044 recycle=0 pLDDT=92.4 pTM=0.75
2026-07-23 08:19:52,560 alphafold2_ptm_model_5_seed_044 recycle=1 pLDDT=90.1 pTM=0.748 tol=0.295
2026-07-23 08:20:06,453 alphafold2_ptm_model_5_seed_044 recycle=2 pLDDT=88.1 pTM=0.722 tol=0.0824
2026-07-23 08:20:21,768 alphafold2_ptm_model_5_seed_044 recycle=3 pLDDT=88.8 pTM=0.728 tol=0.0435
2026-07-23 08:20:21,769 alphafold2_ptm_model_5_seed_044 took 59.9s (3 recycles)
2026-07-23 08:20:21,794 reranking models by 'plddt' metric
2026-07-23 08:20:21,794 rank_001_alphafold2_ptm_model_5_seed_042 pLDDT=89.7 pTM=0.74
2026-07-23 08:20:21,796 rank_002_alphafold2_ptm_model_5_seed_043 pLDDT=89.1 pTM=0.732
2026-07-23 08:20:21,798 rank_003_alphafold2_ptm_model_5_seed_044 pLDDT=88.8 pTM=0.728
2026-07-23 08:20:21,799 rank_004_alphafold2_ptm_model_4_seed_044 pLDDT=88.2 pTM=0.72
2026-07-23 08:20:21,801 rank_005_alphafold2_ptm_model_4_seed_042 pLDDT=87.4 pTM=0.712
2026-07-23 08:20:21,803 rank_006_alphafold2_ptm_model_1_seed_042 pLDDT=86.8 pTM=0.707
2026-07-23 08:20:21,804 rank_007_alphafold2_ptm_model_2_seed_044 pLDDT=86.7 pTM=0.702
2026-07-23 08:20:21,806 rank_008_alphafold2_ptm_model_2_seed_042 pLDDT=86.6 pTM=0.701
2026-07-23 08:20:21,808 rank_009_alphafold2_ptm_model_1_seed_044 pLDDT=86.4 pTM=0.699
2026-07-23 08:20:21,809 rank_010_alphafold2_ptm_model_4_seed_043 pLDDT=86.4 pTM=0.703
2026-07-23 08:20:21,810 rank_011_alphafold2_ptm_model_2_seed_043 pLDDT=86.2 pTM=0.697
2026-07-23 08:20:21,812 rank_012_alphafold2_ptm_model_1_seed_043 pLDDT=86.1 pTM=0.698
2026-07-23 08:20:21,814 rank_013_alphafold2_ptm_model_3_seed_044 pLDDT=83.9 pTM=0.675
2026-07-23 08:20:21,815 rank_014_alphafold2_ptm_model_3_seed_043 pLDDT=83.5 pTM=0.67
2026-07-23 08:20:21,817 rank_015_alphafold2_ptm_model_3_seed_042 pLDDT=83.2 pTM=0.667
2026-07-23 08:20:24,644 Query 69/786: 5KPH_4_4_2_0_combined_id7 (length 72)
2026-07-23 08:20:27,175 Padding length to 82
2026-07-23 08:20:40,063 alphafold2_ptm_model_1_seed_042 recycle=0 pLDDT=82.1 pTM=0.545
2026-07-23 08:20:51,373 alphafold2_ptm_model_1_seed_042 recycle=1 pLDDT=87.5 pTM=0.643 tol=0.526
2026-07-23 08:21:03,754 alphafold2_ptm_model_1_seed_042 recycle=2 pLDDT=87.5 pTM=0.644 tol=0.0883
2026-07-23 08:21:16,973 alphafold2_ptm_model_1_seed_042 recycle=3 pLDDT=87.4 pTM=0.645 tol=0.0393
2026-07-23 08:21:16,973 alphafold2_ptm_model_1_seed_042 took 49.8s (3 recycles)
2026-07-23 08:21:30,108 alphafold2_ptm_model_2_seed_042 recycle=0 pLDDT=84.5 pTM=0.63
2026-07-23 08:21:45,139 alphafold2_ptm_model_2_seed_042 recycle=1 pLDDT=83.9 pTM=0.625 tol=0.26
2026-07-23 08:22:01,101 alphafold2_ptm_model_2_seed_042 recycle=2 pLDDT=84.5 pTM=0.631 tol=0.185
2026-07-23 08:22:14,869 alphafold2_ptm_model_2_seed_042 recycle=3 pLDDT=84.2 pTM=0.631 tol=0.0702
2026-07-23 08:22:14,870 alphafold2_ptm_model_2_seed_042 took 57.9s (3 recycles)
2026-07-23 08:22:29,161 alphafold2_ptm_model_3_seed_042 recycle=0 pLDDT=82.4 pTM=0.574
2026-07-23 08:22:42,031 alphafold2_ptm_model_3_seed_042 recycle=1 pLDDT=85.8 pTM=0.627 tol=0.407
2026-07-23 08:22:57,553 alphafold2_ptm_model_3_seed_042 recycle=2 pLDDT=85 pTM=0.624 tol=0.142
2026-07-23 08:23:14,495 alphafold2_ptm_model_3_seed_042 recycle=3 pLDDT=85.1 pTM=0.626 tol=0.0756
2026-07-23 08:23:14,496 alphafold2_ptm_model_3_seed_042 took 59.6s (3 recycles)
2026-07-23 08:23:30,113 alphafold2_ptm_model_4_seed_042 recycle=0 pLDDT=84.4 pTM=0.628
2026-07-23 08:23:43,471 alphafold2_ptm_model_4_seed_042 recycle=1 pLDDT=84.7 pTM=0.631 tol=0.303
2026-07-23 08:23:57,005 alphafold2_ptm_model_4_seed_042 recycle=2 pLDDT=83.6 pTM=0.621 tol=0.0621
2026-07-23 08:24:08,341 alphafold2_ptm_model_4_seed_042 recycle=3 pLDDT=83.2 pTM=0.616 tol=0.0697
2026-07-23 08:24:08,342 alphafold2_ptm_model_4_seed_042 took 53.8s (3 recycles)
2026-07-23 08:24:22,277 alphafold2_ptm_model_5_seed_042 recycle=0 pLDDT=81.3 pTM=0.584
2026-07-23 08:24:37,775 alphafold2_ptm_model_5_seed_042 recycle=1 pLDDT=86.8 pTM=0.641 tol=1.01
2026-07-23 08:24:51,693 alphafold2_ptm_model_5_seed_042 recycle=2 pLDDT=86.8 pTM=0.644 tol=0.147
2026-07-23 08:25:07,247 alphafold2_ptm_model_5_seed_042 recycle=3 pLDDT=86.8 pTM=0.642 tol=0.0667
2026-07-23 08:25:07,248 alphafold2_ptm_model_5_seed_042 took 58.9s (3 recycles)
2026-07-23 08:25:08,475 Padding length to 82
2026-07-23 08:25:23,867 alphafold2_ptm_model_1_seed_043 recycle=0 pLDDT=81.4 pTM=0.538
2026-07-23 08:25:40,297 alphafold2_ptm_model_1_seed_043 recycle=1 pLDDT=87.4 pTM=0.639 tol=1.01
2026-07-23 08:25:55,714 alphafold2_ptm_model_1_seed_043 recycle=2 pLDDT=87.6 pTM=0.645 tol=0.128
2026-07-23 08:26:11,165 alphafold2_ptm_model_1_seed_043 recycle=3 pLDDT=87.6 pTM=0.647 tol=0.0571
2026-07-23 08:26:11,166 alphafold2_ptm_model_1_seed_043 took 62.7s (3 recycles)
2026-07-23 08:26:26,517 alphafold2_ptm_model_2_seed_043 recycle=0 pLDDT=83.9 pTM=0.62
2026-07-23 08:26:41,175 alphafold2_ptm_model_2_seed_043 recycle=1 pLDDT=83.8 pTM=0.621 tol=0.196
2026-07-23 08:26:57,468 alphafold2_ptm_model_2_seed_043 recycle=2 pLDDT=83.4 pTM=0.614 tol=0.349
2026-07-23 08:27:12,028 alphafold2_ptm_model_2_seed_043 recycle=3 pLDDT=83.1 pTM=0.612 tol=0.129
2026-07-23 08:27:12,029 alphafold2_ptm_model_2_seed_043 took 60.8s (3 recycles)
2026-07-23 08:27:23,355 alphafold2_ptm_model_3_seed_043 recycle=0 pLDDT=81.8 pTM=0.568
2026-07-23 08:27:36,942 alphafold2_ptm_model_3_seed_043 recycle=1 pLDDT=85.1 pTM=0.618 tol=0.42
2026-07-23 08:27:52,125 alphafold2_ptm_model_3_seed_043 recycle=2 pLDDT=84.6 pTM=0.616 tol=0.135
2026-07-23 08:28:06,096 alphafold2_ptm_model_3_seed_043 recycle=3 pLDDT=85.1 pTM=0.625 tol=0.0732
2026-07-23 08:28:06,096 alphafold2_ptm_model_3_seed_043 took 54.0s (3 recycles)
2026-07-23 08:28:22,837 alphafold2_ptm_model_4_seed_043 recycle=0 pLDDT=84.6 pTM=0.631
2026-07-23 08:28:38,765 alphafold2_ptm_model_4_seed_043 recycle=1 pLDDT=84.9 pTM=0.635 tol=0.311
2026-07-23 08:28:54,309 alphafold2_ptm_model_4_seed_043 recycle=2 pLDDT=83.6 pTM=0.619 tol=0.0655
2026-07-23 08:29:07,969 alphafold2_ptm_model_4_seed_043 recycle=3 pLDDT=83.4 pTM=0.618 tol=0.127
2026-07-23 08:29:07,970 alphafold2_ptm_model_4_seed_043 took 61.8s (3 recycles)
2026-07-23 08:29:24,359 alphafold2_ptm_model_5_seed_043 recycle=0 pLDDT=84.9 pTM=0.612
2026-07-23 08:29:41,133 alphafold2_ptm_model_5_seed_043 recycle=1 pLDDT=87 pTM=0.646 tol=0.723
2026-07-23 08:29:54,902 alphafold2_ptm_model_5_seed_043 recycle=2 pLDDT=86.8 pTM=0.641 tol=0.123
2026-07-23 08:30:08,131 alphafold2_ptm_model_5_seed_043 recycle=3 pLDDT=86.9 pTM=0.643 tol=0.0406
2026-07-23 08:30:08,131 alphafold2_ptm_model_5_seed_043 took 60.1s (3 recycles)
2026-07-23 08:30:09,335 Padding length to 82
2026-07-23 08:30:24,365 alphafold2_ptm_model_1_seed_044 recycle=0 pLDDT=80.2 pTM=0.532
2026-07-23 08:30:35,836 alphafold2_ptm_model_1_seed_044 recycle=1 pLDDT=86.9 pTM=0.631 tol=0.798
2026-07-23 08:30:48,292 alphafold2_ptm_model_1_seed_044 recycle=2 pLDDT=87.2 pTM=0.64 tol=0.134
2026-07-23 08:31:04,090 alphafold2_ptm_model_1_seed_044 recycle=3 pLDDT=87 pTM=0.64 tol=0.0541
2026-07-23 08:31:04,090 alphafold2_ptm_model_1_seed_044 took 54.8s (3 recycles)
2026-07-23 08:31:22,137 alphafold2_ptm_model_2_seed_044 recycle=0 pLDDT=85.2 pTM=0.632
2026-07-23 08:31:38,183 alphafold2_ptm_model_2_seed_044 recycle=1 pLDDT=84.4 pTM=0.631 tol=0.193
2026-07-23 08:31:53,904 alphafold2_ptm_model_2_seed_044 recycle=2 pLDDT=84.4 pTM=0.631 tol=0.151
2026-07-23 08:32:09,826 alphafold2_ptm_model_2_seed_044 recycle=3 pLDDT=84.2 pTM=0.631 tol=0.0781
2026-07-23 08:32:09,827 alphafold2_ptm_model_2_seed_044 took 65.6s (3 recycles)
2026-07-23 08:32:26,770 alphafold2_ptm_model_3_seed_044 recycle=0 pLDDT=82 pTM=0.57
2026-07-23 08:32:42,550 alphafold2_ptm_model_3_seed_044 recycle=1 pLDDT=85.1 pTM=0.615 tol=0.464
2026-07-23 08:32:58,528 alphafold2_ptm_model_3_seed_044 recycle=2 pLDDT=84.4 pTM=0.615 tol=0.128
2026-07-23 08:33:15,270 alphafold2_ptm_model_3_seed_044 recycle=3 pLDDT=85.2 pTM=0.625 tol=0.0804
2026-07-23 08:33:15,270 alphafold2_ptm_model_3_seed_044 took 65.4s (3 recycles)
2026-07-23 08:33:30,649 alphafold2_ptm_model_4_seed_044 recycle=0 pLDDT=84.9 pTM=0.632
2026-07-23 08:33:41,943 alphafold2_ptm_model_4_seed_044 recycle=1 pLDDT=84.9 pTM=0.632 tol=0.324
2026-07-23 08:33:53,377 alphafold2_ptm_model_4_seed_044 recycle=2 pLDDT=83.8 pTM=0.621 tol=0.058
2026-07-23 08:34:08,801 alphafold2_ptm_model_4_seed_044 recycle=3 pLDDT=83.4 pTM=0.617 tol=0.0843
2026-07-23 08:34:08,802 alphafold2_ptm_model_4_seed_044 took 53.5s (3 recycles)
2026-07-23 08:34:24,100 alphafold2_ptm_model_5_seed_044 recycle=0 pLDDT=82.6 pTM=0.596
2026-07-23 08:34:38,236 alphafold2_ptm_model_5_seed_044 recycle=1 pLDDT=86.8 pTM=0.642 tol=0.934
2026-07-23 08:34:53,231 alphafold2_ptm_model_5_seed_044 recycle=2 pLDDT=86.8 pTM=0.64 tol=0.118
2026-07-23 08:35:07,598 alphafold2_ptm_model_5_seed_044 recycle=3 pLDDT=86.6 pTM=0.642 tol=0.0454
2026-07-23 08:35:07,599 alphafold2_ptm_model_5_seed_044 took 58.7s (3 recycles)
2026-07-23 08:35:07,749 reranking models by 'plddt' metric
2026-07-23 08:35:07,749 rank_001_alphafold2_ptm_model_1_seed_043 pLDDT=87.6 pTM=0.647
2026-07-23 08:35:07,751 rank_002_alphafold2_ptm_model_1_seed_042 pLDDT=87.4 pTM=0.645
2026-07-23 08:35:07,753 rank_003_alphafold2_ptm_model_1_seed_044 pLDDT=87 pTM=0.64
2026-07-23 08:35:07,755 rank_004_alphafold2_ptm_model_5_seed_043 pLDDT=86.9 pTM=0.643
2026-07-23 08:35:07,757 rank_005_alphafold2_ptm_model_5_seed_042 pLDDT=86.8 pTM=0.642
2026-07-23 08:35:07,758 rank_006_alphafold2_ptm_model_5_seed_044 pLDDT=86.6 pTM=0.642
2026-07-23 08:35:07,760 rank_007_alphafold2_ptm_model_3_seed_044 pLDDT=85.2 pTM=0.625
2026-07-23 08:35:07,762 rank_008_alphafold2_ptm_model_3_seed_042 pLDDT=85.1 pTM=0.626
2026-07-23 08:35:07,763 rank_009_alphafold2_ptm_model_3_seed_043 pLDDT=85.1 pTM=0.625
2026-07-23 08:35:07,765 rank_010_alphafold2_ptm_model_2_seed_044 pLDDT=84.2 pTM=0.631
2026-07-23 08:35:07,767 rank_011_alphafold2_ptm_model_2_seed_042 pLDDT=84.2 pTM=0.631
2026-07-23 08:35:07,768 rank_012_alphafold2_ptm_model_4_seed_043 pLDDT=83.4 pTM=0.618
2026-07-23 08:35:07,770 rank_013_alphafold2_ptm_model_4_seed_044 pLDDT=83.4 pTM=0.617
2026-07-23 08:35:07,771 rank_014_alphafold2_ptm_model_4_seed_042 pLDDT=83.2 pTM=0.616
2026-07-23 08:35:07,773 rank_015_alphafold2_ptm_model_2_seed_043 pLDDT=83.1 pTM=0.612
2026-07-23 08:35:11,310 Query 70/786: 5KPH_4_8_9_0_combined_id4 (length 72)
2026-07-23 08:35:13,591 Padding length to 82
2026-07-23 08:35:28,888 alphafold2_ptm_model_1_seed_042 recycle=0 pLDDT=87.7 pTM=0.689
2026-07-23 08:35:43,540 alphafold2_ptm_model_1_seed_042 recycle=1 pLDDT=87.9 pTM=0.7 tol=0.117
2026-07-23 08:35:59,349 alphafold2_ptm_model_1_seed_042 recycle=2 pLDDT=87.3 pTM=0.693 tol=0.0832
2026-07-23 08:36:14,831 alphafold2_ptm_model_1_seed_042 recycle=3 pLDDT=87 pTM=0.688 tol=0.115
2026-07-23 08:36:14,831 alphafold2_ptm_model_1_seed_042 took 61.2s (3 recycles)
2026-07-23 08:36:29,745 alphafold2_ptm_model_2_seed_042 recycle=0 pLDDT=89.8 pTM=0.715
2026-07-23 08:36:44,367 alphafold2_ptm_model_2_seed_042 recycle=1 pLDDT=89.8 pTM=0.721 tol=0.108
2026-07-23 08:36:56,709 alphafold2_ptm_model_2_seed_042 recycle=2 pLDDT=89.7 pTM=0.719 tol=0.0458
2026-07-23 08:37:08,076 alphafold2_ptm_model_2_seed_042 recycle=3 pLDDT=89.8 pTM=0.718 tol=0.0318
2026-07-23 08:37:08,077 alphafold2_ptm_model_2_seed_042 took 53.2s (3 recycles)
2026-07-23 08:37:23,190 alphafold2_ptm_model_3_seed_042 recycle=0 pLDDT=87.4 pTM=0.676
2026-07-23 08:37:37,977 alphafold2_ptm_model_3_seed_042 recycle=1 pLDDT=88.3 pTM=0.69 tol=0.211
2026-07-23 08:37:53,028 alphafold2_ptm_model_3_seed_042 recycle=2 pLDDT=87.4 pTM=0.686 tol=0.0925
2026-07-23 08:38:07,657 alphafold2_ptm_model_3_seed_042 recycle=3 pLDDT=87.8 pTM=0.681 tol=0.0862
2026-07-23 08:38:07,658 alphafold2_ptm_model_3_seed_042 took 59.6s (3 recycles)
2026-07-23 08:38:24,026 alphafold2_ptm_model_4_seed_042 recycle=0 pLDDT=90.2 pTM=0.72
2026-07-23 08:38:39,799 alphafold2_ptm_model_4_seed_042 recycle=1 pLDDT=89.9 pTM=0.734 tol=0.0911
2026-07-23 08:38:54,161 alphafold2_ptm_model_4_seed_042 recycle=2 pLDDT=89.8 pTM=0.73 tol=0.041
2026-07-23 08:39:07,928 alphafold2_ptm_model_4_seed_042 recycle=3 pLDDT=89.6 pTM=0.727 tol=0.0279
2026-07-23 08:39:07,929 alphafold2_ptm_model_4_seed_042 took 60.2s (3 recycles)
2026-07-23 08:39:23,428 alphafold2_ptm_model_5_seed_042 recycle=0 pLDDT=91.9 pTM=0.747
2026-07-23 08:39:37,372 alphafold2_ptm_model_5_seed_042 recycle=1 pLDDT=91.8 pTM=0.746 tol=0.153
2026-07-23 08:39:52,051 alphafold2_ptm_model_5_seed_042 recycle=2 pLDDT=91.5 pTM=0.742 tol=0.0589
2026-07-23 08:40:05,404 alphafold2_ptm_model_5_seed_042 recycle=3 pLDDT=90.9 pTM=0.742 tol=0.0343
2026-07-23 08:40:05,404 alphafold2_ptm_model_5_seed_042 took 57.4s (3 recycles)
2026-07-23 08:40:06,644 Padding length to 82
2026-07-23 08:40:18,166 alphafold2_ptm_model_1_seed_043 recycle=0 pLDDT=87.1 pTM=0.68
2026-07-23 08:40:32,286 alphafold2_ptm_model_1_seed_043 recycle=1 pLDDT=88.1 pTM=0.705 tol=0.115
2026-07-23 08:40:47,895 alphafold2_ptm_model_1_seed_043 recycle=2 pLDDT=87.3 pTM=0.693 tol=0.0956
2026-07-23 08:41:02,156 alphafold2_ptm_model_1_seed_043 recycle=3 pLDDT=86.9 pTM=0.685 tol=0.12
2026-07-23 08:41:02,156 alphafold2_ptm_model_1_seed_043 took 55.5s (3 recycles)
2026-07-23 08:41:17,082 alphafold2_ptm_model_2_seed_043 recycle=0 pLDDT=89.5 pTM=0.71
2026-07-23 08:41:32,190 alphafold2_ptm_model_2_seed_043 recycle=1 pLDDT=89.4 pTM=0.716 tol=0.11
2026-07-23 08:41:48,220 alphafold2_ptm_model_2_seed_043 recycle=2 pLDDT=89.2 pTM=0.713 tol=0.0626
2026-07-23 08:42:04,197 alphafold2_ptm_model_2_seed_043 recycle=3 pLDDT=89.5 pTM=0.714 tol=0.0337
2026-07-23 08:42:04,197 alphafold2_ptm_model_2_seed_043 took 62.0s (3 recycles)
2026-07-23 08:42:20,366 alphafold2_ptm_model_3_seed_043 recycle=0 pLDDT=87.4 pTM=0.679
2026-07-23 08:42:37,706 alphafold2_ptm_model_3_seed_043 recycle=1 pLDDT=88.1 pTM=0.687 tol=0.176
2026-07-23 08:42:53,040 alphafold2_ptm_model_3_seed_043 recycle=2 pLDDT=87.2 pTM=0.681 tol=0.0909
2026-07-23 08:43:09,489 alphafold2_ptm_model_3_seed_043 recycle=3 pLDDT=87.6 pTM=0.678 tol=0.079
2026-07-23 08:43:09,489 alphafold2_ptm_model_3_seed_043 took 65.3s (3 recycles)
2026-07-23 08:43:23,398 alphafold2_ptm_model_4_seed_043 recycle=0 pLDDT=89.9 pTM=0.714
2026-07-23 08:43:36,214 alphafold2_ptm_model_4_seed_043 recycle=1 pLDDT=89.8 pTM=0.731 tol=0.0911
2026-07-23 08:43:51,010 alphafold2_ptm_model_4_seed_043 recycle=2 pLDDT=89.6 pTM=0.729 tol=0.0456
2026-07-23 08:44:09,360 alphafold2_ptm_model_4_seed_043 recycle=3 pLDDT=89.6 pTM=0.726 tol=0.0402
2026-07-23 08:44:09,361 alphafold2_ptm_model_4_seed_043 took 59.8s (3 recycles)
2026-07-23 08:44:24,579 alphafold2_ptm_model_5_seed_043 recycle=0 pLDDT=92.1 pTM=0.75
2026-07-23 08:44:39,541 alphafold2_ptm_model_5_seed_043 recycle=1 pLDDT=91.8 pTM=0.746 tol=0.159
2026-07-23 08:44:54,937 alphafold2_ptm_model_5_seed_043 recycle=2 pLDDT=91.1 pTM=0.741 tol=0.0641
2026-07-23 08:45:10,197 alphafold2_ptm_model_5_seed_043 recycle=3 pLDDT=90.8 pTM=0.74 tol=0.0316
2026-07-23 08:45:10,197 alphafold2_ptm_model_5_seed_043 took 60.8s (3 recycles)
2026-07-23 08:45:11,362 Padding length to 82
2026-07-23 08:45:26,733 alphafold2_ptm_model_1_seed_044 recycle=0 pLDDT=88.1 pTM=0.689
2026-07-23 08:45:41,798 alphafold2_ptm_model_1_seed_044 recycle=1 pLDDT=88.1 pTM=0.706 tol=0.106
2026-07-23 08:45:57,372 alphafold2_ptm_model_1_seed_044 recycle=2 pLDDT=87.2 pTM=0.693 tol=0.0854
2026-07-23 08:46:12,592 alphafold2_ptm_model_1_seed_044 recycle=3 pLDDT=87.3 pTM=0.688 tol=0.0967
2026-07-23 08:46:12,593 alphafold2_ptm_model_1_seed_044 took 61.2s (3 recycles)
2026-07-23 08:46:28,325 alphafold2_ptm_model_2_seed_044 recycle=0 pLDDT=90.3 pTM=0.723
2026-07-23 08:46:39,618 alphafold2_ptm_model_2_seed_044 recycle=1 pLDDT=89.9 pTM=0.722 tol=0.111
2026-07-23 08:46:53,470 alphafold2_ptm_model_2_seed_044 recycle=2 pLDDT=89.6 pTM=0.716 tol=0.0573
2026-07-23 08:47:09,317 alphafold2_ptm_model_2_seed_044 recycle=3 pLDDT=89.5 pTM=0.715 tol=0.0239
2026-07-23 08:47:09,317 alphafold2_ptm_model_2_seed_044 took 56.7s (3 recycles)
2026-07-23 08:47:25,414 alphafold2_ptm_model_3_seed_044 recycle=0 pLDDT=87.8 pTM=0.683
2026-07-23 08:47:40,131 alphafold2_ptm_model_3_seed_044 recycle=1 pLDDT=88.2 pTM=0.688 tol=0.168
2026-07-23 08:47:55,660 alphafold2_ptm_model_3_seed_044 recycle=2 pLDDT=87.1 pTM=0.681 tol=0.092
2026-07-23 08:48:10,379 alphafold2_ptm_model_3_seed_044 recycle=3 pLDDT=87.6 pTM=0.68 tol=0.0867
2026-07-23 08:48:10,379 alphafold2_ptm_model_3_seed_044 took 60.8s (3 recycles)
2026-07-23 08:48:26,098 alphafold2_ptm_model_4_seed_044 recycle=0 pLDDT=90.2 pTM=0.718
2026-07-23 08:48:40,617 alphafold2_ptm_model_4_seed_044 recycle=1 pLDDT=89.8 pTM=0.732 tol=0.0962
2026-07-23 08:48:57,978 alphafold2_ptm_model_4_seed_044 recycle=2 pLDDT=89.4 pTM=0.727 tol=0.0518
2026-07-23 08:49:13,254 alphafold2_ptm_model_4_seed_044 recycle=3 pLDDT=89.6 pTM=0.728 tol=0.0326
2026-07-23 08:49:13,254 alphafold2_ptm_model_4_seed_044 took 62.8s (3 recycles)
2026-07-23 08:49:29,965 alphafold2_ptm_model_5_seed_044 recycle=0 pLDDT=91.8 pTM=0.741
2026-07-23 08:49:44,234 alphafold2_ptm_model_5_seed_044 recycle=1 pLDDT=91.7 pTM=0.743 tol=0.169
2026-07-23 08:49:55,772 alphafold2_ptm_model_5_seed_044 recycle=2 pLDDT=90.7 pTM=0.739 tol=0.0557
2026-07-23 08:50:08,456 alphafold2_ptm_model_5_seed_044 recycle=3 pLDDT=91.2 pTM=0.739 tol=0.0376
2026-07-23 08:50:08,457 alphafold2_ptm_model_5_seed_044 took 55.1s (3 recycles)
2026-07-23 08:50:08,518 reranking models by 'plddt' metric
2026-07-23 08:50:08,519 rank_001_alphafold2_ptm_model_5_seed_044 pLDDT=91.2 pTM=0.739
2026-07-23 08:50:08,521 rank_002_alphafold2_ptm_model_5_seed_042 pLDDT=90.9 pTM=0.742
2026-07-23 08:50:08,524 rank_003_alphafold2_ptm_model_5_seed_043 pLDDT=90.8 pTM=0.74
2026-07-23 08:50:08,526 rank_004_alphafold2_ptm_model_2_seed_042 pLDDT=89.8 pTM=0.718
2026-07-23 08:50:08,528 rank_005_alphafold2_ptm_model_4_seed_043 pLDDT=89.6 pTM=0.726
2026-07-23 08:50:08,530 rank_006_alphafold2_ptm_model_4_seed_044 pLDDT=89.6 pTM=0.728
2026-07-23 08:50:08,532 rank_007_alphafold2_ptm_model_4_seed_042 pLDDT=89.6 pTM=0.727
2026-07-23 08:50:08,534 rank_008_alphafold2_ptm_model_2_seed_044 pLDDT=89.5 pTM=0.715
2026-07-23 08:50:08,536 rank_009_alphafold2_ptm_model_2_seed_043 pLDDT=89.5 pTM=0.714
2026-07-23 08:50:08,538 rank_010_alphafold2_ptm_model_3_seed_042 pLDDT=87.8 pTM=0.681
2026-07-23 08:50:08,540 rank_011_alphafold2_ptm_model_3_seed_044 pLDDT=87.6 pTM=0.68
2026-07-23 08:50:08,541 rank_012_alphafold2_ptm_model_3_seed_043 pLDDT=87.6 pTM=0.678
2026-07-23 08:50:08,543 rank_013_alphafold2_ptm_model_1_seed_044 pLDDT=87.3 pTM=0.688
2026-07-23 08:50:08,545 rank_014_alphafold2_ptm_model_1_seed_042 pLDDT=87 pTM=0.688
2026-07-23 08:50:08,547 rank_015_alphafold2_ptm_model_1_seed_043 pLDDT=86.9 pTM=0.685
2026-07-23 08:50:11,489 Query 71/786: 5KPH_6_4_4_0_combined_id2 (length 72)
2026-07-23 08:50:13,548 Padding length to 82
2026-07-23 08:50:27,639 alphafold2_ptm_model_1_seed_042 recycle=0 pLDDT=71.8 pTM=0.453
2026-07-23 08:50:43,401 alphafold2_ptm_model_1_seed_042 recycle=1 pLDDT=85.2 pTM=0.623 tol=3.74
2026-07-23 08:51:00,031 alphafold2_ptm_model_1_seed_042 recycle=2 pLDDT=89.4 pTM=0.694 tol=0.197
2026-07-23 08:51:13,873 alphafold2_ptm_model_1_seed_042 recycle=3 pLDDT=89.7 pTM=0.702 tol=0.0743
2026-07-23 08:51:13,874 alphafold2_ptm_model_1_seed_042 took 60.3s (3 recycles)
2026-07-23 08:51:28,543 alphafold2_ptm_model_2_seed_042 recycle=0 pLDDT=86.2 pTM=0.645
2026-07-23 08:51:42,353 alphafold2_ptm_model_2_seed_042 recycle=1 pLDDT=91.7 pTM=0.755 tol=0.358
2026-07-23 08:51:55,978 alphafold2_ptm_model_2_seed_042 recycle=2 pLDDT=91.1 pTM=0.75 tol=0.0959
2026-07-23 08:52:11,129 alphafold2_ptm_model_2_seed_042 recycle=3 pLDDT=91 pTM=0.75 tol=0.0366
2026-07-23 08:52:11,130 alphafold2_ptm_model_2_seed_042 took 57.2s (3 recycles)
2026-07-23 08:52:25,745 alphafold2_ptm_model_3_seed_042 recycle=0 pLDDT=84.4 pTM=0.608
2026-07-23 08:52:41,720 alphafold2_ptm_model_3_seed_042 recycle=1 pLDDT=88.5 pTM=0.689 tol=0.721
2026-07-23 08:52:57,386 alphafold2_ptm_model_3_seed_042 recycle=2 pLDDT=88.2 pTM=0.68 tol=0.107
2026-07-23 08:53:08,937 alphafold2_ptm_model_3_seed_042 recycle=3 pLDDT=88.1 pTM=0.682 tol=0.0518
2026-07-23 08:53:08,937 alphafold2_ptm_model_3_seed_042 took 57.8s (3 recycles)
2026-07-23 08:53:24,301 alphafold2_ptm_model_4_seed_042 recycle=0 pLDDT=81.3 pTM=0.587
2026-07-23 08:53:38,570 alphafold2_ptm_model_4_seed_042 recycle=1 pLDDT=90.1 pTM=0.708 tol=1.01
2026-07-23 08:53:55,208 alphafold2_ptm_model_4_seed_042 recycle=2 pLDDT=90 pTM=0.712 tol=0.0962
2026-07-23 08:54:10,533 alphafold2_ptm_model_4_seed_042 recycle=3 pLDDT=90.1 pTM=0.717 tol=0.0955
2026-07-23 08:54:10,533 alphafold2_ptm_model_4_seed_042 took 61.4s (3 recycles)
2026-07-23 08:54:25,188 alphafold2_ptm_model_5_seed_042 recycle=0 pLDDT=74 pTM=0.516
2026-07-23 08:54:39,388 alphafold2_ptm_model_5_seed_042 recycle=1 pLDDT=90.2 pTM=0.715 tol=3.01
2026-07-23 08:54:54,474 alphafold2_ptm_model_5_seed_042 recycle=2 pLDDT=89.8 pTM=0.719 tol=0.154
2026-07-23 08:55:09,026 alphafold2_ptm_model_5_seed_042 recycle=3 pLDDT=89.8 pTM=0.719 tol=0.0602
2026-07-23 08:55:09,026 alphafold2_ptm_model_5_seed_042 took 58.4s (3 recycles)
2026-07-23 08:55:10,935 Padding length to 82
2026-07-23 08:55:27,994 alphafold2_ptm_model_1_seed_043 recycle=0 pLDDT=67.6 pTM=0.427
2026-07-23 08:55:44,063 alphafold2_ptm_model_1_seed_043 recycle=1 pLDDT=83.2 pTM=0.594 tol=3.76
2026-07-23 08:55:59,194 alphafold2_ptm_model_1_seed_043 recycle=2 pLDDT=89.2 pTM=0.687 tol=0.321
2026-07-23 08:56:11,498 alphafold2_ptm_model_1_seed_043 recycle=3 pLDDT=89.6 pTM=0.699 tol=0.0799
2026-07-23 08:56:11,498 alphafold2_ptm_model_1_seed_043 took 60.6s (3 recycles)
2026-07-23 08:56:23,444 alphafold2_ptm_model_2_seed_043 recycle=0 pLDDT=79.1 pTM=0.558
2026-07-23 08:56:38,424 alphafold2_ptm_model_2_seed_043 recycle=1 pLDDT=91.6 pTM=0.752 tol=1.5
2026-07-23 08:56:53,676 alphafold2_ptm_model_2_seed_043 recycle=2 pLDDT=91.1 pTM=0.75 tol=0.115
2026-07-23 08:57:09,091 alphafold2_ptm_model_2_seed_043 recycle=3 pLDDT=90.9 pTM=0.749 tol=0.0414
2026-07-23 08:57:09,091 alphafold2_ptm_model_2_seed_043 took 57.4s (3 recycles)
2026-07-23 08:57:25,135 alphafold2_ptm_model_3_seed_043 recycle=0 pLDDT=75.8 pTM=0.53
2026-07-23 08:57:41,325 alphafold2_ptm_model_3_seed_043 recycle=1 pLDDT=89 pTM=0.695 tol=0.971
2026-07-23 08:57:57,014 alphafold2_ptm_model_3_seed_043 recycle=2 pLDDT=88.4 pTM=0.681 tol=0.109
2026-07-23 08:58:12,414 alphafold2_ptm_model_3_seed_043 recycle=3 pLDDT=88.5 pTM=0.688 tol=0.049
2026-07-23 08:58:12,415 alphafold2_ptm_model_3_seed_043 took 63.2s (3 recycles)
2026-07-23 08:58:29,547 alphafold2_ptm_model_4_seed_043 recycle=0 pLDDT=81.8 pTM=0.584
2026-07-23 08:58:45,894 alphafold2_ptm_model_4_seed_043 recycle=1 pLDDT=90.1 pTM=0.709 tol=1.01
2026-07-23 08:59:01,634 alphafold2_ptm_model_4_seed_043 recycle=2 pLDDT=90 pTM=0.712 tol=0.0875
2026-07-23 08:59:18,522 alphafold2_ptm_model_4_seed_043 recycle=3 pLDDT=90.1 pTM=0.718 tol=0.11
2026-07-23 08:59:18,522 alphafold2_ptm_model_4_seed_043 took 66.0s (3 recycles)
2026-07-23 08:59:33,024 alphafold2_ptm_model_5_seed_043 recycle=0 pLDDT=78.9 pTM=0.51
2026-07-23 08:59:49,561 alphafold2_ptm_model_5_seed_043 recycle=1 pLDDT=79.4 pTM=0.52 tol=0.502
2026-07-23 09:00:07,093 alphafold2_ptm_model_5_seed_043 recycle=2 pLDDT=79.2 pTM=0.522 tol=0.183
2026-07-23 09:00:24,787 alphafold2_ptm_model_5_seed_043 recycle=3 pLDDT=79.5 pTM=0.522 tol=0.253
2026-07-23 09:00:24,788 alphafold2_ptm_model_5_seed_043 took 66.2s (3 recycles)
2026-07-23 09:00:25,995 Padding length to 82
2026-07-23 09:00:42,154 alphafold2_ptm_model_1_seed_044 recycle=0 pLDDT=68.7 pTM=0.427
2026-07-23 09:00:57,685 alphafold2_ptm_model_1_seed_044 recycle=1 pLDDT=83.6 pTM=0.603 tol=4.08
2026-07-23 09:01:12,912 alphafold2_ptm_model_1_seed_044 recycle=2 pLDDT=89.5 pTM=0.691 tol=0.545
2026-07-23 09:01:27,986 alphafold2_ptm_model_1_seed_044 recycle=3 pLDDT=89.5 pTM=0.695 tol=0.0844
2026-07-23 09:01:27,987 alphafold2_ptm_model_1_seed_044 took 62.0s (3 recycles)
2026-07-23 09:01:44,078 alphafold2_ptm_model_2_seed_044 recycle=0 pLDDT=87 pTM=0.66
2026-07-23 09:02:01,028 alphafold2_ptm_model_2_seed_044 recycle=1 pLDDT=91.7 pTM=0.756 tol=0.441
2026-07-23 09:02:18,009 alphafold2_ptm_model_2_seed_044 recycle=2 pLDDT=91.2 pTM=0.752 tol=0.0903
2026-07-23 09:02:34,090 alphafold2_ptm_model_2_seed_044 recycle=3 pLDDT=91.1 pTM=0.75 tol=0.0257
2026-07-23 09:02:34,090 alphafold2_ptm_model_2_seed_044 took 66.0s (3 recycles)
2026-07-23 09:02:47,967 alphafold2_ptm_model_3_seed_044 recycle=0 pLDDT=77.1 pTM=0.545
2026-07-23 09:03:05,385 alphafold2_ptm_model_3_seed_044 recycle=1 pLDDT=88.8 pTM=0.691 tol=0.801
2026-07-23 09:03:21,976 alphafold2_ptm_model_3_seed_044 recycle=2 pLDDT=88.2 pTM=0.68 tol=0.108
2026-07-23 09:03:39,621 alphafold2_ptm_model_3_seed_044 recycle=3 pLDDT=88.1 pTM=0.682 tol=0.0422
2026-07-23 09:03:39,622 alphafold2_ptm_model_3_seed_044 took 65.5s (3 recycles)
2026-07-23 09:03:54,845 alphafold2_ptm_model_4_seed_044 recycle=0 pLDDT=75.7 pTM=0.522
2026-07-23 09:04:10,430 alphafold2_ptm_model_4_seed_044 recycle=1 pLDDT=90 pTM=0.709 tol=1.84
2026-07-23 09:04:25,889 alphafold2_ptm_model_4_seed_044 recycle=2 pLDDT=90.2 pTM=0.713 tol=0.0988
2026-07-23 09:04:41,446 alphafold2_ptm_model_4_seed_044 recycle=3 pLDDT=90.3 pTM=0.72 tol=0.0976
