Start: Tue Aug 18 19:45:45 PDT 2026
qb3-atgpu35.wynton.ucsf.edu
==============================================================
job_number:                 4539039
exec_file:                  job_scripts/4539039
submission_time:            Tue Aug 18 19:45:04 2026
owner:                      geanhu
uid:                        64854
group:                      wynton-rotation
gid:                        60001
sge_o_home:                 /wynton/home/rotation/geanhu
sge_o_log_name:             geanhu
sge_o_path:                 /wynton/home/cbi/shared/software/CBI/miniforge3-26.3.2-2/condabin:/wynton/home/cbi/shared/software/CBI/miniforge3-26.3.2-2/bin:/wynton/home/rotation/geanhu/.local/bin:/wynton/home/rotation/geanhu/bin:/opt/sge/bin:/opt/sge/bin/lx-amd64:/usr/local/bin:/usr/bin:/usr/local/sbin:/usr/sbin:/wynton/home/ferrin/goddard/localcolabfold/localcolabfold/colabfold-conda/bin:/wynton/home/kortemme/xingjiepan/Softwares/Rosetta/Rosetta/main/source/bin
sge_o_shell:                /bin/bash
sge_o_workdir:              /wynton/home/rotation/geanhu/multi-state/scripts
sge_o_host:                 dev3
account:                    sge
cwd:                        /wynton/home/rotation/geanhu/multi-state/scripts
merge:                      y
hard resource_list:         h_rt=72000,mem_free=16G,scratch=16G,hostname=!qb3-idgpu18
mail_list:                  geanhu@dev3.wynton.ucsf.edu
notify:                     FALSE
job_name:                   fold
stdout_path_list:           NONE:NONE:logs/colabfold/$JOB_ID.log
jobshare:                   0
hard_queue_list:            long.q
shell_list:                 NONE:/bin/bash
env_list:                   TERM=NONE
script_file:                colabfold.sh
parallel environment:  smp range: 1
project:                    wynton-rotation
binding:                    NONE
job_type:                   NONE
usage         1:            cpu=00:00:00, mem=0.00000 GB s, io=0.00000 GB, vmem=N/A, maxvmem=N/A
binding       1:            NONE
scheduling info:            (Collecting of scheduler job information is turned off)
------Start of script-------
#!/bin/bash
#$ -S /bin/bash
#$ -q long.q
#$ -pe smp 1
##$ -l compute_cap=61,gpu_mem=6000M
#$ -cwd
#$ -N fold
#$ -o logs/colabfold/$JOB_ID.log
#$ -j y
#$ -l h_rt=20:00:00
#$ -l mem_free=16G
#$ -l scratch=16G
#$ -l h=!qb3-idgpu18

# metadata
echo "Start: $(date)"
echo "$(hostname)"
[[ -n "$JOB_ID" ]] && qstat -j "$JOB_ID"
echo "------Start of script-------"
cat "$0"
echo ""
echo "-------End of script---------"

# disable GPU
export CUDA_VISIBLE_DEVICES=""

# run
exec colabfold_batch \
    --num-recycle 3 \
    --msa-mode single_sequence \
    --random-seed 42 \
    --num-seeds 1 \
    /wynton/home/rotation/geanhu/multi-state/notebooks/data/mutants/5KPE-5KPH_4a.csv \
    /wynton/home/rotation/geanhu/multi-state/data/colabfold-output/5KPE-5KPH_mutants/4a/

# end
echo "End: $(date)"
echo "-----------"
-------End of script---------
2026-08-18 19:46:46,207 Running colabfold 1.5.5 (a00ce1bcc477491d7693e3816d21ea3fc2cf40fd)
2026-08-18 19:46:46,631 WARNING: no GPU detected, will be using CPU
2026-08-18 19:46:59,219 Found 2 citations for tools or databases
2026-08-18 19:46:59,219 Query 1/140: design-3_mut-A37I_bias-start (length 72)
2026-08-18 19:47:14,420 Padding length to 82
2026-08-18 19:47:33,503 alphafold2_ptm_model_1_seed_042 recycle=0 pLDDT=88.2 pTM=0.697
2026-08-18 19:47:40,419 alphafold2_ptm_model_1_seed_042 recycle=1 pLDDT=88.2 pTM=0.717 tol=0.298
2026-08-18 19:47:47,355 alphafold2_ptm_model_1_seed_042 recycle=2 pLDDT=88.3 pTM=0.719 tol=0.105
2026-08-18 19:47:54,256 alphafold2_ptm_model_1_seed_042 recycle=3 pLDDT=88.1 pTM=0.711 tol=0.0949
2026-08-18 19:47:54,256 alphafold2_ptm_model_1_seed_042 took 39.8s (3 recycles)
2026-08-18 19:48:01,241 alphafold2_ptm_model_2_seed_042 recycle=0 pLDDT=89.8 pTM=0.736
2026-08-18 19:48:08,183 alphafold2_ptm_model_2_seed_042 recycle=1 pLDDT=85.9 pTM=0.681 tol=1.32
2026-08-18 19:48:15,113 alphafold2_ptm_model_2_seed_042 recycle=2 pLDDT=91.1 pTM=0.748 tol=0.67
2026-08-18 19:48:22,037 alphafold2_ptm_model_2_seed_042 recycle=3 pLDDT=91.3 pTM=0.751 tol=0.0986
2026-08-18 19:48:22,038 alphafold2_ptm_model_2_seed_042 took 27.8s (3 recycles)
2026-08-18 19:48:29,116 alphafold2_ptm_model_3_seed_042 recycle=0 pLDDT=89 pTM=0.71
2026-08-18 19:48:36,086 alphafold2_ptm_model_3_seed_042 recycle=1 pLDDT=86.3 pTM=0.674 tol=0.669
2026-08-18 19:48:43,061 alphafold2_ptm_model_3_seed_042 recycle=2 pLDDT=85.8 pTM=0.661 tol=0.237
2026-08-18 19:48:49,984 alphafold2_ptm_model_3_seed_042 recycle=3 pLDDT=86.2 pTM=0.663 tol=0.321
2026-08-18 19:48:49,985 alphafold2_ptm_model_3_seed_042 took 27.9s (3 recycles)
2026-08-18 19:48:56,921 alphafold2_ptm_model_4_seed_042 recycle=0 pLDDT=89.2 pTM=0.719
2026-08-18 19:49:03,827 alphafold2_ptm_model_4_seed_042 recycle=1 pLDDT=91.8 pTM=0.758 tol=0.219
2026-08-18 19:49:10,742 alphafold2_ptm_model_4_seed_042 recycle=2 pLDDT=92.1 pTM=0.763 tol=0.122
2026-08-18 19:49:17,704 alphafold2_ptm_model_4_seed_042 recycle=3 pLDDT=92.5 pTM=0.769 tol=0.0523
2026-08-18 19:49:17,704 alphafold2_ptm_model_4_seed_042 took 27.7s (3 recycles)
2026-08-18 19:49:24,655 alphafold2_ptm_model_5_seed_042 recycle=0 pLDDT=92.4 pTM=0.752
2026-08-18 19:49:31,588 alphafold2_ptm_model_5_seed_042 recycle=1 pLDDT=91.8 pTM=0.75 tol=0.182
2026-08-18 19:49:38,560 alphafold2_ptm_model_5_seed_042 recycle=2 pLDDT=91.6 pTM=0.75 tol=0.0703
2026-08-18 19:49:45,599 alphafold2_ptm_model_5_seed_042 recycle=3 pLDDT=91.5 pTM=0.75 tol=0.0373
2026-08-18 19:49:45,599 alphafold2_ptm_model_5_seed_042 took 27.9s (3 recycles)
2026-08-18 19:49:45,616 reranking models by 'plddt' metric
2026-08-18 19:49:45,616 rank_001_alphafold2_ptm_model_4_seed_042 pLDDT=92.5 pTM=0.769
2026-08-18 19:49:45,617 rank_002_alphafold2_ptm_model_5_seed_042 pLDDT=91.5 pTM=0.75
2026-08-18 19:49:45,619 rank_003_alphafold2_ptm_model_2_seed_042 pLDDT=91.3 pTM=0.751
2026-08-18 19:49:45,620 rank_004_alphafold2_ptm_model_1_seed_042 pLDDT=88.1 pTM=0.711
2026-08-18 19:49:45,621 rank_005_alphafold2_ptm_model_3_seed_042 pLDDT=86.2 pTM=0.663
2026-08-18 19:49:47,513 Query 2/140: design-3_mut-A37V_bias-start (length 72)
2026-08-18 19:49:48,921 Padding length to 82
2026-08-18 19:49:55,861 alphafold2_ptm_model_1_seed_042 recycle=0 pLDDT=88.2 pTM=0.696
2026-08-18 19:50:02,827 alphafold2_ptm_model_1_seed_042 recycle=1 pLDDT=88.6 pTM=0.721 tol=0.275
2026-08-18 19:50:09,809 alphafold2_ptm_model_1_seed_042 recycle=2 pLDDT=88.9 pTM=0.726 tol=0.0966
2026-08-18 19:50:16,810 alphafold2_ptm_model_1_seed_042 recycle=3 pLDDT=88.9 pTM=0.723 tol=0.0683
2026-08-18 19:50:16,810 alphafold2_ptm_model_1_seed_042 took 27.9s (3 recycles)
2026-08-18 19:50:23,808 alphafold2_ptm_model_2_seed_042 recycle=0 pLDDT=89.6 pTM=0.735
2026-08-18 19:50:30,752 alphafold2_ptm_model_2_seed_042 recycle=1 pLDDT=85.9 pTM=0.682 tol=1.31
2026-08-18 19:50:37,736 alphafold2_ptm_model_2_seed_042 recycle=2 pLDDT=91 pTM=0.745 tol=0.666
2026-08-18 19:50:44,751 alphafold2_ptm_model_2_seed_042 recycle=3 pLDDT=91.2 pTM=0.75 tol=0.0918
2026-08-18 19:50:44,751 alphafold2_ptm_model_2_seed_042 took 27.9s (3 recycles)
2026-08-18 19:50:51,844 alphafold2_ptm_model_3_seed_042 recycle=0 pLDDT=89.4 pTM=0.713
2026-08-18 19:50:58,766 alphafold2_ptm_model_3_seed_042 recycle=1 pLDDT=86.6 pTM=0.679 tol=0.615
2026-08-18 19:51:05,704 alphafold2_ptm_model_3_seed_042 recycle=2 pLDDT=85.8 pTM=0.66 tol=0.09
2026-08-18 19:51:12,663 alphafold2_ptm_model_3_seed_042 recycle=3 pLDDT=86 pTM=0.662 tol=0.333
2026-08-18 19:51:12,664 alphafold2_ptm_model_3_seed_042 took 27.9s (3 recycles)
2026-08-18 19:51:19,629 alphafold2_ptm_model_4_seed_042 recycle=0 pLDDT=89.2 pTM=0.719
2026-08-18 19:51:26,571 alphafold2_ptm_model_4_seed_042 recycle=1 pLDDT=91.7 pTM=0.754 tol=0.176
2026-08-18 19:51:33,560 alphafold2_ptm_model_4_seed_042 recycle=2 pLDDT=92 pTM=0.763 tol=0.106
2026-08-18 19:51:40,492 alphafold2_ptm_model_4_seed_042 recycle=3 pLDDT=92.4 pTM=0.769 tol=0.0425
2026-08-18 19:51:40,493 alphafold2_ptm_model_4_seed_042 took 27.8s (3 recycles)
2026-08-18 19:51:47,503 alphafold2_ptm_model_5_seed_042 recycle=0 pLDDT=92.4 pTM=0.75
2026-08-18 19:51:54,482 alphafold2_ptm_model_5_seed_042 recycle=1 pLDDT=91.8 pTM=0.75 tol=0.175
2026-08-18 19:52:01,367 alphafold2_ptm_model_5_seed_042 recycle=2 pLDDT=91.7 pTM=0.751 tol=0.0683
2026-08-18 19:52:08,328 alphafold2_ptm_model_5_seed_042 recycle=3 pLDDT=91.6 pTM=0.751 tol=0.04
2026-08-18 19:52:08,329 alphafold2_ptm_model_5_seed_042 took 27.8s (3 recycles)
2026-08-18 19:52:08,344 reranking models by 'plddt' metric
2026-08-18 19:52:08,345 rank_001_alphafold2_ptm_model_4_seed_042 pLDDT=92.4 pTM=0.769
2026-08-18 19:52:08,346 rank_002_alphafold2_ptm_model_5_seed_042 pLDDT=91.6 pTM=0.751
2026-08-18 19:52:08,347 rank_003_alphafold2_ptm_model_2_seed_042 pLDDT=91.2 pTM=0.75
2026-08-18 19:52:08,348 rank_004_alphafold2_ptm_model_1_seed_042 pLDDT=88.9 pTM=0.723
2026-08-18 19:52:08,350 rank_005_alphafold2_ptm_model_3_seed_042 pLDDT=86 pTM=0.662
2026-08-18 19:52:10,295 Query 3/140: design-3_mut-A16E_bias-start (length 72)
2026-08-18 19:52:11,697 Padding length to 82
2026-08-18 19:52:18,578 alphafold2_ptm_model_1_seed_042 recycle=0 pLDDT=90.1 pTM=0.704
2026-08-18 19:52:25,472 alphafold2_ptm_model_1_seed_042 recycle=1 pLDDT=92.9 pTM=0.768 tol=0.15
2026-08-18 19:52:32,364 alphafold2_ptm_model_1_seed_042 recycle=2 pLDDT=93.6 pTM=0.785 tol=0.0587
2026-08-18 19:52:39,293 alphafold2_ptm_model_1_seed_042 recycle=3 pLDDT=93.8 pTM=0.787 tol=0.035
2026-08-18 19:52:39,293 alphafold2_ptm_model_1_seed_042 took 27.6s (3 recycles)
2026-08-18 19:52:46,220 alphafold2_ptm_model_2_seed_042 recycle=0 pLDDT=91.9 pTM=0.756
2026-08-18 19:52:53,164 alphafold2_ptm_model_2_seed_042 recycle=1 pLDDT=93.2 pTM=0.782 tol=0.232
2026-08-18 19:53:00,134 alphafold2_ptm_model_2_seed_042 recycle=2 pLDDT=93.8 pTM=0.794 tol=0.0724
2026-08-18 19:53:07,087 alphafold2_ptm_model_2_seed_042 recycle=3 pLDDT=94.2 pTM=0.799 tol=0.0426
2026-08-18 19:53:07,087 alphafold2_ptm_model_2_seed_042 took 27.8s (3 recycles)
2026-08-18 19:53:14,091 alphafold2_ptm_model_3_seed_042 recycle=0 pLDDT=90.8 pTM=0.724
2026-08-18 19:53:21,036 alphafold2_ptm_model_3_seed_042 recycle=1 pLDDT=92.1 pTM=0.761 tol=0.202
2026-08-18 19:53:28,026 alphafold2_ptm_model_3_seed_042 recycle=2 pLDDT=93.1 pTM=0.772 tol=0.0743
2026-08-18 19:53:34,990 alphafold2_ptm_model_3_seed_042 recycle=3 pLDDT=93.4 pTM=0.785 tol=0.0521
2026-08-18 19:53:34,990 alphafold2_ptm_model_3_seed_042 took 27.9s (3 recycles)
2026-08-18 19:53:41,978 alphafold2_ptm_model_4_seed_042 recycle=0 pLDDT=91.4 pTM=0.739
2026-08-18 19:53:48,981 alphafold2_ptm_model_4_seed_042 recycle=1 pLDDT=93.9 pTM=0.796 tol=0.142
2026-08-18 19:53:55,965 alphafold2_ptm_model_4_seed_042 recycle=2 pLDDT=94.6 pTM=0.808 tol=0.041
2026-08-18 19:54:03,004 alphafold2_ptm_model_4_seed_042 recycle=3 pLDDT=94.8 pTM=0.812 tol=0.0281
2026-08-18 19:54:03,004 alphafold2_ptm_model_4_seed_042 took 28.0s (3 recycles)
2026-08-18 19:54:09,986 alphafold2_ptm_model_5_seed_042 recycle=0 pLDDT=91.9 pTM=0.743
2026-08-18 19:54:16,897 alphafold2_ptm_model_5_seed_042 recycle=1 pLDDT=93.2 pTM=0.771 tol=0.146
2026-08-18 19:54:23,838 alphafold2_ptm_model_5_seed_042 recycle=2 pLDDT=94.2 pTM=0.788 tol=0.0474
2026-08-18 19:54:30,755 alphafold2_ptm_model_5_seed_042 recycle=3 pLDDT=94.9 pTM=0.796 tol=0.0406
2026-08-18 19:54:30,756 alphafold2_ptm_model_5_seed_042 took 27.7s (3 recycles)
2026-08-18 19:54:30,772 reranking models by 'plddt' metric
2026-08-18 19:54:30,772 rank_001_alphafold2_ptm_model_5_seed_042 pLDDT=94.9 pTM=0.796
2026-08-18 19:54:30,773 rank_002_alphafold2_ptm_model_4_seed_042 pLDDT=94.8 pTM=0.812
2026-08-18 19:54:30,775 rank_003_alphafold2_ptm_model_2_seed_042 pLDDT=94.2 pTM=0.799
2026-08-18 19:54:30,776 rank_004_alphafold2_ptm_model_1_seed_042 pLDDT=93.8 pTM=0.787
2026-08-18 19:54:30,778 rank_005_alphafold2_ptm_model_3_seed_042 pLDDT=93.4 pTM=0.785
2026-08-18 19:54:32,642 Query 4/140: design-3_mut-A37L_bias-start (length 72)
2026-08-18 19:54:34,331 Padding length to 82
2026-08-18 19:54:41,273 alphafold2_ptm_model_1_seed_042 recycle=0 pLDDT=89.2 pTM=0.708
2026-08-18 19:54:48,107 alphafold2_ptm_model_1_seed_042 recycle=1 pLDDT=89.6 pTM=0.735 tol=0.237
2026-08-18 19:54:54,954 alphafold2_ptm_model_1_seed_042 recycle=2 pLDDT=91 pTM=0.754 tol=0.0927
2026-08-18 19:55:01,817 alphafold2_ptm_model_1_seed_042 recycle=3 pLDDT=91.1 pTM=0.754 tol=0.0367
2026-08-18 19:55:01,818 alphafold2_ptm_model_1_seed_042 took 27.5s (3 recycles)
2026-08-18 19:55:08,683 alphafold2_ptm_model_2_seed_042 recycle=0 pLDDT=90.6 pTM=0.746
2026-08-18 19:55:15,537 alphafold2_ptm_model_2_seed_042 recycle=1 pLDDT=86.4 pTM=0.696 tol=0.883
2026-08-18 19:55:22,417 alphafold2_ptm_model_2_seed_042 recycle=2 pLDDT=90.8 pTM=0.746 tol=1.22
2026-08-18 19:55:29,222 alphafold2_ptm_model_2_seed_042 recycle=3 pLDDT=91.4 pTM=0.753 tol=0.113
2026-08-18 19:55:29,223 alphafold2_ptm_model_2_seed_042 took 27.4s (3 recycles)
2026-08-18 19:55:36,061 alphafold2_ptm_model_3_seed_042 recycle=0 pLDDT=90.1 pTM=0.721
2026-08-18 19:55:42,888 alphafold2_ptm_model_3_seed_042 recycle=1 pLDDT=88.5 pTM=0.713 tol=0.256
2026-08-18 19:55:49,762 alphafold2_ptm_model_3_seed_042 recycle=2 pLDDT=88.9 pTM=0.712 tol=0.119
2026-08-18 19:55:56,555 alphafold2_ptm_model_3_seed_042 recycle=3 pLDDT=87.9 pTM=0.703 tol=0.0916
2026-08-18 19:55:56,555 alphafold2_ptm_model_3_seed_042 took 27.3s (3 recycles)
2026-08-18 19:56:03,431 alphafold2_ptm_model_4_seed_042 recycle=0 pLDDT=89.6 pTM=0.726
2026-08-18 19:56:10,292 alphafold2_ptm_model_4_seed_042 recycle=1 pLDDT=92.4 pTM=0.765 tol=0.192
2026-08-18 19:56:17,149 alphafold2_ptm_model_4_seed_042 recycle=2 pLDDT=93.1 pTM=0.779 tol=0.131
2026-08-18 19:56:23,980 alphafold2_ptm_model_4_seed_042 recycle=3 pLDDT=93.7 pTM=0.788 tol=0.0602
2026-08-18 19:56:23,980 alphafold2_ptm_model_4_seed_042 took 27.4s (3 recycles)
2026-08-18 19:56:30,871 alphafold2_ptm_model_5_seed_042 recycle=0 pLDDT=92.6 pTM=0.756
2026-08-18 19:56:37,689 alphafold2_ptm_model_5_seed_042 recycle=1 pLDDT=92.6 pTM=0.76 tol=0.191
2026-08-18 19:56:44,565 alphafold2_ptm_model_5_seed_042 recycle=2 pLDDT=92.6 pTM=0.765 tol=0.0675
2026-08-18 19:56:51,421 alphafold2_ptm_model_5_seed_042 recycle=3 pLDDT=92.7 pTM=0.767 tol=0.037
2026-08-18 19:56:51,422 alphafold2_ptm_model_5_seed_042 took 27.4s (3 recycles)
2026-08-18 19:56:51,437 reranking models by 'plddt' metric
2026-08-18 19:56:51,437 rank_001_alphafold2_ptm_model_4_seed_042 pLDDT=93.7 pTM=0.788
2026-08-18 19:56:51,438 rank_002_alphafold2_ptm_model_5_seed_042 pLDDT=92.7 pTM=0.767
2026-08-18 19:56:51,440 rank_003_alphafold2_ptm_model_2_seed_042 pLDDT=91.4 pTM=0.753
2026-08-18 19:56:51,441 rank_004_alphafold2_ptm_model_1_seed_042 pLDDT=91.1 pTM=0.754
2026-08-18 19:56:51,443 rank_005_alphafold2_ptm_model_3_seed_042 pLDDT=87.9 pTM=0.703
2026-08-18 19:56:53,369 Query 5/140: design-3_mut-G47P_bias-start (length 72)
2026-08-18 19:56:54,802 Padding length to 82
2026-08-18 19:57:01,652 alphafold2_ptm_model_1_seed_042 recycle=0 pLDDT=86.6 pTM=0.675
2026-08-18 19:57:08,464 alphafold2_ptm_model_1_seed_042 recycle=1 pLDDT=88.8 pTM=0.72 tol=0.296
2026-08-18 19:57:15,389 alphafold2_ptm_model_1_seed_042 recycle=2 pLDDT=89.4 pTM=0.729 tol=0.0834
2026-08-18 19:57:22,266 alphafold2_ptm_model_1_seed_042 recycle=3 pLDDT=89.6 pTM=0.728 tol=0.0396
2026-08-18 19:57:22,266 alphafold2_ptm_model_1_seed_042 took 27.5s (3 recycles)
2026-08-18 19:57:29,108 alphafold2_ptm_model_2_seed_042 recycle=0 pLDDT=87.1 pTM=0.706
2026-08-18 19:57:36,135 alphafold2_ptm_model_2_seed_042 recycle=1 pLDDT=85.6 pTM=0.674 tol=1.03
2026-08-18 19:57:42,999 alphafold2_ptm_model_2_seed_042 recycle=2 pLDDT=89.5 pTM=0.723 tol=0.625
2026-08-18 19:57:49,902 alphafold2_ptm_model_2_seed_042 recycle=3 pLDDT=89.6 pTM=0.722 tol=0.0728
2026-08-18 19:57:49,902 alphafold2_ptm_model_2_seed_042 took 27.6s (3 recycles)
2026-08-18 19:57:56,841 alphafold2_ptm_model_3_seed_042 recycle=0 pLDDT=87.6 pTM=0.689
2026-08-18 19:58:03,739 alphafold2_ptm_model_3_seed_042 recycle=1 pLDDT=87.4 pTM=0.692 tol=0.382
2026-08-18 19:58:10,643 alphafold2_ptm_model_3_seed_042 recycle=2 pLDDT=87.8 pTM=0.684 tol=0.0831
2026-08-18 19:58:17,463 alphafold2_ptm_model_3_seed_042 recycle=3 pLDDT=87.5 pTM=0.682 tol=0.0684
2026-08-18 19:58:17,463 alphafold2_ptm_model_3_seed_042 took 27.5s (3 recycles)
2026-08-18 19:58:24,333 alphafold2_ptm_model_4_seed_042 recycle=0 pLDDT=86.2 pTM=0.691
2026-08-18 19:58:31,169 alphafold2_ptm_model_4_seed_042 recycle=1 pLDDT=89.8 pTM=0.731 tol=0.291
2026-08-18 19:58:37,971 alphafold2_ptm_model_4_seed_042 recycle=2 pLDDT=90.4 pTM=0.748 tol=0.0875
2026-08-18 19:58:44,839 alphafold2_ptm_model_4_seed_042 recycle=3 pLDDT=91.1 pTM=0.759 tol=0.0645
2026-08-18 19:58:44,839 alphafold2_ptm_model_4_seed_042 took 27.3s (3 recycles)
2026-08-18 19:58:51,788 alphafold2_ptm_model_5_seed_042 recycle=0 pLDDT=91.5 pTM=0.742
2026-08-18 19:58:58,685 alphafold2_ptm_model_5_seed_042 recycle=1 pLDDT=91.9 pTM=0.752 tol=0.181
2026-08-18 19:59:05,575 alphafold2_ptm_model_5_seed_042 recycle=2 pLDDT=92.5 pTM=0.765 tol=0.0435
2026-08-18 19:59:12,497 alphafold2_ptm_model_5_seed_042 recycle=3 pLDDT=93.1 pTM=0.771 tol=0.0362
2026-08-18 19:59:12,498 alphafold2_ptm_model_5_seed_042 took 27.6s (3 recycles)
2026-08-18 19:59:12,515 reranking models by 'plddt' metric
2026-08-18 19:59:12,515 rank_001_alphafold2_ptm_model_5_seed_042 pLDDT=93.1 pTM=0.771
2026-08-18 19:59:12,516 rank_002_alphafold2_ptm_model_4_seed_042 pLDDT=91.1 pTM=0.759
2026-08-18 19:59:12,518 rank_003_alphafold2_ptm_model_2_seed_042 pLDDT=89.6 pTM=0.722
2026-08-18 19:59:12,519 rank_004_alphafold2_ptm_model_1_seed_042 pLDDT=89.6 pTM=0.728
2026-08-18 19:59:12,520 rank_005_alphafold2_ptm_model_3_seed_042 pLDDT=87.5 pTM=0.682
2026-08-18 19:59:14,403 Query 6/140: design-3_mut-A16D_bias-start (length 72)
2026-08-18 19:59:15,779 Padding length to 82
2026-08-18 19:59:22,652 alphafold2_ptm_model_1_seed_042 recycle=0 pLDDT=89.6 pTM=0.706
2026-08-18 19:59:29,585 alphafold2_ptm_model_1_seed_042 recycle=1 pLDDT=92.8 pTM=0.77 tol=0.203
2026-08-18 19:59:36,550 alphafold2_ptm_model_1_seed_042 recycle=2 pLDDT=93.6 pTM=0.786 tol=0.071
2026-08-18 19:59:43,501 alphafold2_ptm_model_1_seed_042 recycle=3 pLDDT=93.9 pTM=0.79 tol=0.0451
2026-08-18 19:59:43,501 alphafold2_ptm_model_1_seed_042 took 27.7s (3 recycles)
2026-08-18 19:59:50,488 alphafold2_ptm_model_2_seed_042 recycle=0 pLDDT=90.5 pTM=0.741
2026-08-18 19:59:57,450 alphafold2_ptm_model_2_seed_042 recycle=1 pLDDT=92.2 pTM=0.77 tol=0.296
2026-08-18 20:00:04,388 alphafold2_ptm_model_2_seed_042 recycle=2 pLDDT=93.2 pTM=0.787 tol=0.11
2026-08-18 20:00:11,343 alphafold2_ptm_model_2_seed_042 recycle=3 pLDDT=93.8 pTM=0.795 tol=0.0653
2026-08-18 20:00:11,343 alphafold2_ptm_model_2_seed_042 took 27.8s (3 recycles)
2026-08-18 20:00:18,236 alphafold2_ptm_model_3_seed_042 recycle=0 pLDDT=89.5 pTM=0.713
2026-08-18 20:00:25,157 alphafold2_ptm_model_3_seed_042 recycle=1 pLDDT=91.4 pTM=0.75 tol=0.452
2026-08-18 20:00:32,060 alphafold2_ptm_model_3_seed_042 recycle=2 pLDDT=92.4 pTM=0.761 tol=0.107
2026-08-18 20:00:38,924 alphafold2_ptm_model_3_seed_042 recycle=3 pLDDT=92.9 pTM=0.775 tol=0.0556
2026-08-18 20:00:38,924 alphafold2_ptm_model_3_seed_042 took 27.6s (3 recycles)
2026-08-18 20:00:45,841 alphafold2_ptm_model_4_seed_042 recycle=0 pLDDT=89.3 pTM=0.725
2026-08-18 20:00:52,760 alphafold2_ptm_model_4_seed_042 recycle=1 pLDDT=92.8 pTM=0.78 tol=0.269
2026-08-18 20:00:59,645 alphafold2_ptm_model_4_seed_042 recycle=2 pLDDT=93.8 pTM=0.797 tol=0.0854
2026-08-18 20:01:06,614 alphafold2_ptm_model_4_seed_042 recycle=3 pLDDT=94.4 pTM=0.805 tol=0.0463
2026-08-18 20:01:06,615 alphafold2_ptm_model_4_seed_042 took 27.7s (3 recycles)
2026-08-18 20:01:13,660 alphafold2_ptm_model_5_seed_042 recycle=0 pLDDT=90.9 pTM=0.731
2026-08-18 20:01:20,626 alphafold2_ptm_model_5_seed_042 recycle=1 pLDDT=92.4 pTM=0.761 tol=0.195
2026-08-18 20:01:27,513 alphafold2_ptm_model_5_seed_042 recycle=2 pLDDT=93.6 pTM=0.781 tol=0.0587
2026-08-18 20:01:34,450 alphafold2_ptm_model_5_seed_042 recycle=3 pLDDT=94.4 pTM=0.791 tol=0.0452
2026-08-18 20:01:34,450 alphafold2_ptm_model_5_seed_042 took 27.8s (3 recycles)
2026-08-18 20:01:34,466 reranking models by 'plddt' metric
2026-08-18 20:01:34,466 rank_001_alphafold2_ptm_model_5_seed_042 pLDDT=94.4 pTM=0.791
2026-08-18 20:01:34,467 rank_002_alphafold2_ptm_model_4_seed_042 pLDDT=94.4 pTM=0.805
2026-08-18 20:01:34,469 rank_003_alphafold2_ptm_model_1_seed_042 pLDDT=93.9 pTM=0.79
2026-08-18 20:01:34,470 rank_004_alphafold2_ptm_model_2_seed_042 pLDDT=93.8 pTM=0.795
2026-08-18 20:01:34,471 rank_005_alphafold2_ptm_model_3_seed_042 pLDDT=92.9 pTM=0.775
2026-08-18 20:01:36,547 Query 7/140: design-3_mut-G47T_bias-start (length 72)
2026-08-18 20:01:37,966 Padding length to 82
2026-08-18 20:01:44,963 alphafold2_ptm_model_1_seed_042 recycle=0 pLDDT=86.2 pTM=0.67
2026-08-18 20:01:51,941 alphafold2_ptm_model_1_seed_042 recycle=1 pLDDT=88.1 pTM=0.709 tol=0.325
2026-08-18 20:01:58,852 alphafold2_ptm_model_1_seed_042 recycle=2 pLDDT=88.6 pTM=0.719 tol=0.0857
2026-08-18 20:02:05,845 alphafold2_ptm_model_1_seed_042 recycle=3 pLDDT=88.8 pTM=0.717 tol=0.0413
2026-08-18 20:02:05,845 alphafold2_ptm_model_1_seed_042 took 27.9s (3 recycles)
2026-08-18 20:02:12,898 alphafold2_ptm_model_2_seed_042 recycle=0 pLDDT=86.3 pTM=0.693
2026-08-18 20:02:19,832 alphafold2_ptm_model_2_seed_042 recycle=1 pLDDT=85.2 pTM=0.67 tol=0.52
2026-08-18 20:02:26,751 alphafold2_ptm_model_2_seed_042 recycle=2 pLDDT=90.1 pTM=0.732 tol=0.947
2026-08-18 20:02:33,612 alphafold2_ptm_model_2_seed_042 recycle=3 pLDDT=90.6 pTM=0.74 tol=0.102
2026-08-18 20:02:33,612 alphafold2_ptm_model_2_seed_042 took 27.8s (3 recycles)
2026-08-18 20:02:40,502 alphafold2_ptm_model_3_seed_042 recycle=0 pLDDT=85.9 pTM=0.67
2026-08-18 20:02:47,420 alphafold2_ptm_model_3_seed_042 recycle=1 pLDDT=85.1 pTM=0.654 tol=1.06
2026-08-18 20:02:54,355 alphafold2_ptm_model_3_seed_042 recycle=2 pLDDT=87.8 pTM=0.683 tol=0.295
2026-08-18 20:03:01,312 alphafold2_ptm_model_3_seed_042 recycle=3 pLDDT=86.9 pTM=0.67 tol=0.204
2026-08-18 20:03:01,312 alphafold2_ptm_model_3_seed_042 took 27.7s (3 recycles)
2026-08-18 20:03:08,230 alphafold2_ptm_model_4_seed_042 recycle=0 pLDDT=86.5 pTM=0.691
2026-08-18 20:03:15,133 alphafold2_ptm_model_4_seed_042 recycle=1 pLDDT=89.8 pTM=0.73 tol=0.271
2026-08-18 20:03:22,046 alphafold2_ptm_model_4_seed_042 recycle=2 pLDDT=90.5 pTM=0.749 tol=0.107
2026-08-18 20:03:28,971 alphafold2_ptm_model_4_seed_042 recycle=3 pLDDT=91.1 pTM=0.759 tol=0.0544
2026-08-18 20:03:28,971 alphafold2_ptm_model_4_seed_042 took 27.6s (3 recycles)
2026-08-18 20:03:36,009 alphafold2_ptm_model_5_seed_042 recycle=0 pLDDT=91.4 pTM=0.741
2026-08-18 20:03:42,966 alphafold2_ptm_model_5_seed_042 recycle=1 pLDDT=92.1 pTM=0.756 tol=0.186
2026-08-18 20:03:50,039 alphafold2_ptm_model_5_seed_042 recycle=2 pLDDT=92.8 pTM=0.771 tol=0.0548
2026-08-18 20:03:56,922 alphafold2_ptm_model_5_seed_042 recycle=3 pLDDT=93.4 pTM=0.777 tol=0.0405
2026-08-18 20:03:56,922 alphafold2_ptm_model_5_seed_042 took 27.9s (3 recycles)
2026-08-18 20:03:56,939 reranking models by 'plddt' metric
2026-08-18 20:03:56,939 rank_001_alphafold2_ptm_model_5_seed_042 pLDDT=93.4 pTM=0.777
2026-08-18 20:03:56,941 rank_002_alphafold2_ptm_model_4_seed_042 pLDDT=91.1 pTM=0.759
2026-08-18 20:03:56,942 rank_003_alphafold2_ptm_model_2_seed_042 pLDDT=90.6 pTM=0.74
2026-08-18 20:03:56,943 rank_004_alphafold2_ptm_model_1_seed_042 pLDDT=88.8 pTM=0.717
2026-08-18 20:03:56,945 rank_005_alphafold2_ptm_model_3_seed_042 pLDDT=86.9 pTM=0.67
2026-08-18 20:03:58,732 Query 8/140: design-3_mut-G47V_bias-start (length 72)
2026-08-18 20:04:00,095 Padding length to 82
2026-08-18 20:04:06,937 alphafold2_ptm_model_1_seed_042 recycle=0 pLDDT=85.9 pTM=0.668
2026-08-18 20:04:13,754 alphafold2_ptm_model_1_seed_042 recycle=1 pLDDT=88 pTM=0.709 tol=0.329
2026-08-18 20:04:20,599 alphafold2_ptm_model_1_seed_042 recycle=2 pLDDT=88.8 pTM=0.723 tol=0.1
2026-08-18 20:04:27,472 alphafold2_ptm_model_1_seed_042 recycle=3 pLDDT=88.9 pTM=0.719 tol=0.0474
2026-08-18 20:04:27,472 alphafold2_ptm_model_1_seed_042 took 27.4s (3 recycles)
2026-08-18 20:04:34,386 alphafold2_ptm_model_2_seed_042 recycle=0 pLDDT=88.4 pTM=0.721
2026-08-18 20:04:41,306 alphafold2_ptm_model_2_seed_042 recycle=1 pLDDT=86.4 pTM=0.689 tol=0.57
2026-08-18 20:04:48,263 alphafold2_ptm_model_2_seed_042 recycle=2 pLDDT=89.4 pTM=0.723 tol=1.33
2026-08-18 20:04:55,253 alphafold2_ptm_model_2_seed_042 recycle=3 pLDDT=90.1 pTM=0.732 tol=0.184
2026-08-18 20:04:55,253 alphafold2_ptm_model_2_seed_042 took 27.7s (3 recycles)
2026-08-18 20:05:02,266 alphafold2_ptm_model_3_seed_042 recycle=0 pLDDT=88.2 pTM=0.697
2026-08-18 20:05:09,173 alphafold2_ptm_model_3_seed_042 recycle=1 pLDDT=87.1 pTM=0.696 tol=0.376
2026-08-18 20:05:16,050 alphafold2_ptm_model_3_seed_042 recycle=2 pLDDT=87.5 pTM=0.684 tol=0.107
2026-08-18 20:05:22,949 alphafold2_ptm_model_3_seed_042 recycle=3 pLDDT=86.9 pTM=0.675 tol=0.104
2026-08-18 20:05:22,950 alphafold2_ptm_model_3_seed_042 took 27.7s (3 recycles)
2026-08-18 20:05:29,881 alphafold2_ptm_model_4_seed_042 recycle=0 pLDDT=87.2 pTM=0.698
2026-08-18 20:05:36,795 alphafold2_ptm_model_4_seed_042 recycle=1 pLDDT=90.4 pTM=0.742 tol=0.208
2026-08-18 20:05:43,696 alphafold2_ptm_model_4_seed_042 recycle=2 pLDDT=91.3 pTM=0.762 tol=0.0989
2026-08-18 20:05:50,585 alphafold2_ptm_model_4_seed_042 recycle=3 pLDDT=91.9 pTM=0.772 tol=0.0489
2026-08-18 20:05:50,586 alphafold2_ptm_model_4_seed_042 took 27.6s (3 recycles)
2026-08-18 20:05:57,535 alphafold2_ptm_model_5_seed_042 recycle=0 pLDDT=91 pTM=0.733
2026-08-18 20:06:04,448 alphafold2_ptm_model_5_seed_042 recycle=1 pLDDT=92.1 pTM=0.758 tol=0.198
2026-08-18 20:06:11,374 alphafold2_ptm_model_5_seed_042 recycle=2 pLDDT=92.9 pTM=0.773 tol=0.0447
2026-08-18 20:06:18,299 alphafold2_ptm_model_5_seed_042 recycle=3 pLDDT=93.6 pTM=0.78 tol=0.0404
2026-08-18 20:06:18,299 alphafold2_ptm_model_5_seed_042 took 27.7s (3 recycles)
2026-08-18 20:06:18,316 reranking models by 'plddt' metric
2026-08-18 20:06:18,316 rank_001_alphafold2_ptm_model_5_seed_042 pLDDT=93.6 pTM=0.78
2026-08-18 20:06:18,318 rank_002_alphafold2_ptm_model_4_seed_042 pLDDT=91.9 pTM=0.772
2026-08-18 20:06:18,319 rank_003_alphafold2_ptm_model_2_seed_042 pLDDT=90.1 pTM=0.732
2026-08-18 20:06:18,320 rank_004_alphafold2_ptm_model_1_seed_042 pLDDT=88.9 pTM=0.719
2026-08-18 20:06:18,322 rank_005_alphafold2_ptm_model_3_seed_042 pLDDT=86.9 pTM=0.675
2026-08-18 20:06:20,167 Query 9/140: design-3_mut-G47E_bias-start (length 72)
2026-08-18 20:06:21,532 Padding length to 82
2026-08-18 20:06:28,459 alphafold2_ptm_model_1_seed_042 recycle=0 pLDDT=86.1 pTM=0.667
2026-08-18 20:06:35,470 alphafold2_ptm_model_1_seed_042 recycle=1 pLDDT=88.2 pTM=0.713 tol=0.332
2026-08-18 20:06:42,408 alphafold2_ptm_model_1_seed_042 recycle=2 pLDDT=89.1 pTM=0.726 tol=0.0974
2026-08-18 20:06:49,344 alphafold2_ptm_model_1_seed_042 recycle=3 pLDDT=89.6 pTM=0.728 tol=0.0504
2026-08-18 20:06:49,344 alphafold2_ptm_model_1_seed_042 took 27.8s (3 recycles)
2026-08-18 20:06:56,326 alphafold2_ptm_model_2_seed_042 recycle=0 pLDDT=88 pTM=0.714
2026-08-18 20:07:03,383 alphafold2_ptm_model_2_seed_042 recycle=1 pLDDT=85.7 pTM=0.676 tol=0.795
2026-08-18 20:07:10,366 alphafold2_ptm_model_2_seed_042 recycle=2 pLDDT=90.1 pTM=0.73 tol=1.01
2026-08-18 20:07:17,338 alphafold2_ptm_model_2_seed_042 recycle=3 pLDDT=90.7 pTM=0.737 tol=0.166
2026-08-18 20:07:17,338 alphafold2_ptm_model_2_seed_042 took 28.0s (3 recycles)
2026-08-18 20:07:24,339 alphafold2_ptm_model_3_seed_042 recycle=0 pLDDT=89.1 pTM=0.709
2026-08-18 20:07:31,286 alphafold2_ptm_model_3_seed_042 recycle=1 pLDDT=88.9 pTM=0.717 tol=0.26
2026-08-18 20:07:38,261 alphafold2_ptm_model_3_seed_042 recycle=2 pLDDT=89.6 pTM=0.716 tol=0.0834
2026-08-18 20:07:45,177 alphafold2_ptm_model_3_seed_042 recycle=3 pLDDT=89.1 pTM=0.711 tol=0.0648
2026-08-18 20:07:45,178 alphafold2_ptm_model_3_seed_042 took 27.8s (3 recycles)
2026-08-18 20:07:52,147 alphafold2_ptm_model_4_seed_042 recycle=0 pLDDT=89.6 pTM=0.725
2026-08-18 20:07:59,150 alphafold2_ptm_model_4_seed_042 recycle=1 pLDDT=90.3 pTM=0.747 tol=0.208
2026-08-18 20:08:06,095 alphafold2_ptm_model_4_seed_042 recycle=2 pLDDT=91.8 pTM=0.768 tol=0.0989
2026-08-18 20:08:13,048 alphafold2_ptm_model_4_seed_042 recycle=3 pLDDT=92.4 pTM=0.776 tol=0.062
2026-08-18 20:08:13,048 alphafold2_ptm_model_4_seed_042 took 27.9s (3 recycles)
2026-08-18 20:08:19,988 alphafold2_ptm_model_5_seed_042 recycle=0 pLDDT=90.8 pTM=0.736
2026-08-18 20:08:26,970 alphafold2_ptm_model_5_seed_042 recycle=1 pLDDT=92.1 pTM=0.755 tol=0.207
2026-08-18 20:08:33,945 alphafold2_ptm_model_5_seed_042 recycle=2 pLDDT=92.9 pTM=0.771 tol=0.0509
2026-08-18 20:08:40,887 alphafold2_ptm_model_5_seed_042 recycle=3 pLDDT=93.5 pTM=0.776 tol=0.0351
2026-08-18 20:08:40,887 alphafold2_ptm_model_5_seed_042 took 27.8s (3 recycles)
2026-08-18 20:08:40,906 reranking models by 'plddt' metric
2026-08-18 20:08:40,907 rank_001_alphafold2_ptm_model_5_seed_042 pLDDT=93.5 pTM=0.776
2026-08-18 20:08:40,908 rank_002_alphafold2_ptm_model_4_seed_042 pLDDT=92.4 pTM=0.776
2026-08-18 20:08:40,909 rank_003_alphafold2_ptm_model_2_seed_042 pLDDT=90.7 pTM=0.737
2026-08-18 20:08:40,911 rank_004_alphafold2_ptm_model_1_seed_042 pLDDT=89.6 pTM=0.728
2026-08-18 20:08:40,912 rank_005_alphafold2_ptm_model_3_seed_042 pLDDT=89.1 pTM=0.711
2026-08-18 20:08:43,016 Query 10/140: design-3_mut-A37T_bias-start (length 72)
2026-08-18 20:08:44,401 Padding length to 82
2026-08-18 20:08:51,355 alphafold2_ptm_model_1_seed_042 recycle=0 pLDDT=87.9 pTM=0.69
2026-08-18 20:08:58,338 alphafold2_ptm_model_1_seed_042 recycle=1 pLDDT=88.4 pTM=0.717 tol=0.246
2026-08-18 20:09:05,301 alphafold2_ptm_model_1_seed_042 recycle=2 pLDDT=88.7 pTM=0.724 tol=0.0587
2026-08-18 20:09:12,237 alphafold2_ptm_model_1_seed_042 recycle=3 pLDDT=88.6 pTM=0.72 tol=0.0718
2026-08-18 20:09:12,237 alphafold2_ptm_model_1_seed_042 took 27.8s (3 recycles)
2026-08-18 20:09:19,200 alphafold2_ptm_model_2_seed_042 recycle=0 pLDDT=87.9 pTM=0.711
2026-08-18 20:09:26,162 alphafold2_ptm_model_2_seed_042 recycle=1 pLDDT=86.6 pTM=0.689 tol=1.41
2026-08-18 20:09:33,143 alphafold2_ptm_model_2_seed_042 recycle=2 pLDDT=90.9 pTM=0.744 tol=0.316
2026-08-18 20:09:40,108 alphafold2_ptm_model_2_seed_042 recycle=3 pLDDT=91.2 pTM=0.749 tol=0.0502
2026-08-18 20:09:40,108 alphafold2_ptm_model_2_seed_042 took 27.9s (3 recycles)
2026-08-18 20:09:47,079 alphafold2_ptm_model_3_seed_042 recycle=0 pLDDT=90.3 pTM=0.719
2026-08-18 20:09:54,045 alphafold2_ptm_model_3_seed_042 recycle=1 pLDDT=88.4 pTM=0.708 tol=0.257
2026-08-18 20:10:00,994 alphafold2_ptm_model_3_seed_042 recycle=2 pLDDT=88.8 pTM=0.709 tol=0.133
2026-08-18 20:10:07,913 alphafold2_ptm_model_3_seed_042 recycle=3 pLDDT=87.9 pTM=0.699 tol=0.0953
2026-08-18 20:10:07,913 alphafold2_ptm_model_3_seed_042 took 27.8s (3 recycles)
2026-08-18 20:10:14,871 alphafold2_ptm_model_4_seed_042 recycle=0 pLDDT=89.7 pTM=0.722
2026-08-18 20:10:21,835 alphafold2_ptm_model_4_seed_042 recycle=1 pLDDT=92.2 pTM=0.759 tol=0.173
2026-08-18 20:10:28,888 alphafold2_ptm_model_4_seed_042 recycle=2 pLDDT=92.8 pTM=0.772 tol=0.128
2026-08-18 20:10:35,833 alphafold2_ptm_model_4_seed_042 recycle=3 pLDDT=93.2 pTM=0.78 tol=0.0475
2026-08-18 20:10:35,834 alphafold2_ptm_model_4_seed_042 took 27.9s (3 recycles)
2026-08-18 20:10:42,812 alphafold2_ptm_model_5_seed_042 recycle=0 pLDDT=92.5 pTM=0.751
2026-08-18 20:10:49,766 alphafold2_ptm_model_5_seed_042 recycle=1 pLDDT=92.3 pTM=0.756 tol=0.164
2026-08-18 20:10:56,706 alphafold2_ptm_model_5_seed_042 recycle=2 pLDDT=92.4 pTM=0.76 tol=0.0488
2026-08-18 20:11:03,640 alphafold2_ptm_model_5_seed_042 recycle=3 pLDDT=92.7 pTM=0.764 tol=0.028
2026-08-18 20:11:03,641 alphafold2_ptm_model_5_seed_042 took 27.8s (3 recycles)
2026-08-18 20:11:03,659 reranking models by 'plddt' metric
2026-08-18 20:11:03,659 rank_001_alphafold2_ptm_model_4_seed_042 pLDDT=93.2 pTM=0.78
2026-08-18 20:11:03,660 rank_002_alphafold2_ptm_model_5_seed_042 pLDDT=92.7 pTM=0.764
2026-08-18 20:11:03,662 rank_003_alphafold2_ptm_model_2_seed_042 pLDDT=91.2 pTM=0.749
2026-08-18 20:11:03,663 rank_004_alphafold2_ptm_model_1_seed_042 pLDDT=88.6 pTM=0.72
2026-08-18 20:11:03,665 rank_005_alphafold2_ptm_model_3_seed_042 pLDDT=87.9 pTM=0.699
2026-08-18 20:11:05,427 Query 11/140: design-3_mut-A9H_bias-end (length 72)
2026-08-18 20:11:06,840 Padding length to 82
2026-08-18 20:11:13,755 alphafold2_ptm_model_1_seed_042 recycle=0 pLDDT=86.4 pTM=0.658
2026-08-18 20:11:20,683 alphafold2_ptm_model_1_seed_042 recycle=1 pLDDT=88.5 pTM=0.697 tol=0.188
2026-08-18 20:11:27,635 alphafold2_ptm_model_1_seed_042 recycle=2 pLDDT=89 pTM=0.707 tol=0.0786
2026-08-18 20:11:34,580 alphafold2_ptm_model_1_seed_042 recycle=3 pLDDT=89.2 pTM=0.708 tol=0.0443
2026-08-18 20:11:34,580 alphafold2_ptm_model_1_seed_042 took 27.7s (3 recycles)
2026-08-18 20:11:41,540 alphafold2_ptm_model_2_seed_042 recycle=0 pLDDT=89.6 pTM=0.723
2026-08-18 20:11:48,483 alphafold2_ptm_model_2_seed_042 recycle=1 pLDDT=92.1 pTM=0.755 tol=0.161
2026-08-18 20:11:55,455 alphafold2_ptm_model_2_seed_042 recycle=2 pLDDT=92.4 pTM=0.761 tol=0.0453
2026-08-18 20:12:02,385 alphafold2_ptm_model_2_seed_042 recycle=3 pLDDT=92.4 pTM=0.763 tol=0.0201
2026-08-18 20:12:02,386 alphafold2_ptm_model_2_seed_042 took 27.8s (3 recycles)
2026-08-18 20:12:09,379 alphafold2_ptm_model_3_seed_042 recycle=0 pLDDT=89.6 pTM=0.706
2026-08-18 20:12:16,364 alphafold2_ptm_model_3_seed_042 recycle=1 pLDDT=91.2 pTM=0.737 tol=0.279
2026-08-18 20:12:23,383 alphafold2_ptm_model_3_seed_042 recycle=2 pLDDT=91.9 pTM=0.733 tol=0.0668
2026-08-18 20:12:30,309 alphafold2_ptm_model_3_seed_042 recycle=3 pLDDT=92 pTM=0.739 tol=0.045
2026-08-18 20:12:30,309 alphafold2_ptm_model_3_seed_042 took 27.9s (3 recycles)
2026-08-18 20:12:37,232 alphafold2_ptm_model_4_seed_042 recycle=0 pLDDT=89.4 pTM=0.723
2026-08-18 20:12:44,221 alphafold2_ptm_model_4_seed_042 recycle=1 pLDDT=91.8 pTM=0.751 tol=0.278
2026-08-18 20:12:51,234 alphafold2_ptm_model_4_seed_042 recycle=2 pLDDT=92.3 pTM=0.759 tol=0.0493
2026-08-18 20:12:58,341 alphafold2_ptm_model_4_seed_042 recycle=3 pLDDT=92.6 pTM=0.762 tol=0.0275
2026-08-18 20:12:58,341 alphafold2_ptm_model_4_seed_042 took 28.0s (3 recycles)
2026-08-18 20:13:05,357 alphafold2_ptm_model_5_seed_042 recycle=0 pLDDT=82.5 pTM=0.624
2026-08-18 20:13:12,337 alphafold2_ptm_model_5_seed_042 recycle=1 pLDDT=87.9 pTM=0.693 tol=0.615
2026-08-18 20:13:19,330 alphafold2_ptm_model_5_seed_042 recycle=2 pLDDT=88.3 pTM=0.697 tol=0.148
2026-08-18 20:13:26,524 alphafold2_ptm_model_5_seed_042 recycle=3 pLDDT=88.6 pTM=0.699 tol=0.07
2026-08-18 20:13:26,525 alphafold2_ptm_model_5_seed_042 took 28.2s (3 recycles)
2026-08-18 20:13:26,541 reranking models by 'plddt' metric
2026-08-18 20:13:26,541 rank_001_alphafold2_ptm_model_4_seed_042 pLDDT=92.6 pTM=0.762
2026-08-18 20:13:26,542 rank_002_alphafold2_ptm_model_2_seed_042 pLDDT=92.4 pTM=0.763
2026-08-18 20:13:26,544 rank_003_alphafold2_ptm_model_3_seed_042 pLDDT=92 pTM=0.739
2026-08-18 20:13:26,545 rank_004_alphafold2_ptm_model_1_seed_042 pLDDT=89.2 pTM=0.708
2026-08-18 20:13:26,546 rank_005_alphafold2_ptm_model_5_seed_042 pLDDT=88.6 pTM=0.699
2026-08-18 20:13:28,444 Query 12/140: design-3_mut-P22A_bias-end (length 72)
2026-08-18 20:13:30,058 Padding length to 82
2026-08-18 20:13:37,085 alphafold2_ptm_model_1_seed_042 recycle=0 pLDDT=85.4 pTM=0.653
2026-08-18 20:13:44,230 alphafold2_ptm_model_1_seed_042 recycle=1 pLDDT=88.2 pTM=0.7 tol=0.334
2026-08-18 20:13:51,242 alphafold2_ptm_model_1_seed_042 recycle=2 pLDDT=88.8 pTM=0.708 tol=0.109
2026-08-18 20:13:58,206 alphafold2_ptm_model_1_seed_042 recycle=3 pLDDT=89.2 pTM=0.712 tol=0.0386
2026-08-18 20:13:58,207 alphafold2_ptm_model_1_seed_042 took 28.1s (3 recycles)
2026-08-18 20:14:05,215 alphafold2_ptm_model_2_seed_042 recycle=0 pLDDT=86.7 pTM=0.707
2026-08-18 20:14:12,226 alphafold2_ptm_model_2_seed_042 recycle=1 pLDDT=86.9 pTM=0.695 tol=1.53
2026-08-18 20:14:19,188 alphafold2_ptm_model_2_seed_042 recycle=2 pLDDT=89.7 pTM=0.732 tol=0.268
2026-08-18 20:14:26,208 alphafold2_ptm_model_2_seed_042 recycle=3 pLDDT=90.1 pTM=0.735 tol=0.0638
2026-08-18 20:14:26,208 alphafold2_ptm_model_2_seed_042 took 28.0s (3 recycles)
2026-08-18 20:14:33,275 alphafold2_ptm_model_3_seed_042 recycle=0 pLDDT=87.2 pTM=0.673
2026-08-18 20:14:40,281 alphafold2_ptm_model_3_seed_042 recycle=1 pLDDT=89.6 pTM=0.715 tol=0.189
2026-08-18 20:14:47,325 alphafold2_ptm_model_3_seed_042 recycle=2 pLDDT=89.7 pTM=0.707 tol=0.102
2026-08-18 20:14:54,326 alphafold2_ptm_model_3_seed_042 recycle=3 pLDDT=89.8 pTM=0.715 tol=0.0732
2026-08-18 20:14:54,326 alphafold2_ptm_model_3_seed_042 took 28.1s (3 recycles)
2026-08-18 20:15:01,400 alphafold2_ptm_model_4_seed_042 recycle=0 pLDDT=86.8 pTM=0.701
2026-08-18 20:15:08,479 alphafold2_ptm_model_4_seed_042 recycle=1 pLDDT=88.8 pTM=0.725 tol=0.234
2026-08-18 20:15:15,470 alphafold2_ptm_model_4_seed_042 recycle=2 pLDDT=89.4 pTM=0.74 tol=0.103
2026-08-18 20:15:22,375 alphafold2_ptm_model_4_seed_042 recycle=3 pLDDT=90 pTM=0.749 tol=0.0451
2026-08-18 20:15:22,375 alphafold2_ptm_model_4_seed_042 took 28.0s (3 recycles)
2026-08-18 20:15:29,515 alphafold2_ptm_model_5_seed_042 recycle=0 pLDDT=86 pTM=0.684
2026-08-18 20:15:36,484 alphafold2_ptm_model_5_seed_042 recycle=1 pLDDT=86.6 pTM=0.694 tol=0.26
2026-08-18 20:15:43,465 alphafold2_ptm_model_5_seed_042 recycle=2 pLDDT=85.5 pTM=0.674 tol=0.171
2026-08-18 20:15:50,441 alphafold2_ptm_model_5_seed_042 recycle=3 pLDDT=83.9 pTM=0.655 tol=0.298
2026-08-18 20:15:50,442 alphafold2_ptm_model_5_seed_042 took 28.0s (3 recycles)
2026-08-18 20:15:50,459 reranking models by 'plddt' metric
2026-08-18 20:15:50,459 rank_001_alphafold2_ptm_model_2_seed_042 pLDDT=90.1 pTM=0.735
2026-08-18 20:15:50,461 rank_002_alphafold2_ptm_model_4_seed_042 pLDDT=90 pTM=0.749
2026-08-18 20:15:50,462 rank_003_alphafold2_ptm_model_3_seed_042 pLDDT=89.8 pTM=0.715
2026-08-18 20:15:50,463 rank_004_alphafold2_ptm_model_1_seed_042 pLDDT=89.2 pTM=0.712
2026-08-18 20:15:50,465 rank_005_alphafold2_ptm_model_5_seed_042 pLDDT=83.9 pTM=0.655
2026-08-18 20:15:52,344 Query 13/140: design-3_mut-P22R_bias-end (length 72)
2026-08-18 20:15:53,749 Padding length to 82
2026-08-18 20:16:00,669 alphafold2_ptm_model_1_seed_042 recycle=0 pLDDT=86.2 pTM=0.664
2026-08-18 20:16:07,620 alphafold2_ptm_model_1_seed_042 recycle=1 pLDDT=88.9 pTM=0.713 tol=0.381
2026-08-18 20:16:14,507 alphafold2_ptm_model_1_seed_042 recycle=2 pLDDT=88.8 pTM=0.711 tol=0.12
2026-08-18 20:16:21,389 alphafold2_ptm_model_1_seed_042 recycle=3 pLDDT=89.1 pTM=0.715 tol=0.0559
2026-08-18 20:16:21,389 alphafold2_ptm_model_1_seed_042 took 27.6s (3 recycles)
2026-08-18 20:16:28,320 alphafold2_ptm_model_2_seed_042 recycle=0 pLDDT=85.6 pTM=0.697
2026-08-18 20:16:35,338 alphafold2_ptm_model_2_seed_042 recycle=1 pLDDT=88.4 pTM=0.713 tol=1.23
2026-08-18 20:16:42,229 alphafold2_ptm_model_2_seed_042 recycle=2 pLDDT=90.1 pTM=0.737 tol=0.314
2026-08-18 20:16:49,120 alphafold2_ptm_model_2_seed_042 recycle=3 pLDDT=90.1 pTM=0.736 tol=0.0419
2026-08-18 20:16:49,120 alphafold2_ptm_model_2_seed_042 took 27.7s (3 recycles)
2026-08-18 20:16:56,032 alphafold2_ptm_model_3_seed_042 recycle=0 pLDDT=84.8 pTM=0.651
2026-08-18 20:17:02,962 alphafold2_ptm_model_3_seed_042 recycle=1 pLDDT=89.4 pTM=0.715 tol=0.518
2026-08-18 20:17:09,895 alphafold2_ptm_model_3_seed_042 recycle=2 pLDDT=89.6 pTM=0.711 tol=0.132
2026-08-18 20:17:16,788 alphafold2_ptm_model_3_seed_042 recycle=3 pLDDT=89.6 pTM=0.715 tol=0.0827
2026-08-18 20:17:16,788 alphafold2_ptm_model_3_seed_042 took 27.7s (3 recycles)
2026-08-18 20:17:23,755 alphafold2_ptm_model_4_seed_042 recycle=0 pLDDT=84.1 pTM=0.681
2026-08-18 20:17:30,734 alphafold2_ptm_model_4_seed_042 recycle=1 pLDDT=86.7 pTM=0.697 tol=0.6
2026-08-18 20:17:37,683 alphafold2_ptm_model_4_seed_042 recycle=2 pLDDT=83.7 pTM=0.665 tol=0.459
2026-08-18 20:17:44,678 alphafold2_ptm_model_4_seed_042 recycle=3 pLDDT=83.9 pTM=0.662 tol=0.474
2026-08-18 20:17:44,678 alphafold2_ptm_model_4_seed_042 took 27.9s (3 recycles)
2026-08-18 20:17:51,784 alphafold2_ptm_model_5_seed_042 recycle=0 pLDDT=86.6 pTM=0.696
2026-08-18 20:17:58,633 alphafold2_ptm_model_5_seed_042 recycle=1 pLDDT=87.9 pTM=0.718 tol=0.293
2026-08-18 20:18:05,488 alphafold2_ptm_model_5_seed_042 recycle=2 pLDDT=87.2 pTM=0.699 tol=0.15
2026-08-18 20:18:12,398 alphafold2_ptm_model_5_seed_042 recycle=3 pLDDT=86.2 pTM=0.681 tol=0.123
2026-08-18 20:18:12,398 alphafold2_ptm_model_5_seed_042 took 27.6s (3 recycles)
2026-08-18 20:18:12,415 reranking models by 'plddt' metric
2026-08-18 20:18:12,415 rank_001_alphafold2_ptm_model_2_seed_042 pLDDT=90.1 pTM=0.736
2026-08-18 20:18:12,416 rank_002_alphafold2_ptm_model_3_seed_042 pLDDT=89.6 pTM=0.715
2026-08-18 20:18:12,418 rank_003_alphafold2_ptm_model_1_seed_042 pLDDT=89.1 pTM=0.715
2026-08-18 20:18:12,419 rank_004_alphafold2_ptm_model_5_seed_042 pLDDT=86.2 pTM=0.681
2026-08-18 20:18:12,421 rank_005_alphafold2_ptm_model_4_seed_042 pLDDT=83.9 pTM=0.662
2026-08-18 20:18:14,197 Query 14/140: design-3_mut-P22E_bias-end (length 72)
2026-08-18 20:18:15,562 Padding length to 82
2026-08-18 20:18:22,490 alphafold2_ptm_model_1_seed_042 recycle=0 pLDDT=83.1 pTM=0.625
2026-08-18 20:18:29,416 alphafold2_ptm_model_1_seed_042 recycle=1 pLDDT=87.8 pTM=0.696 tol=0.33
2026-08-18 20:18:36,393 alphafold2_ptm_model_1_seed_042 recycle=2 pLDDT=87.4 pTM=0.691 tol=0.0836
2026-08-18 20:18:43,384 alphafold2_ptm_model_1_seed_042 recycle=3 pLDDT=87.5 pTM=0.691 tol=0.0379
2026-08-18 20:18:43,384 alphafold2_ptm_model_1_seed_042 took 27.8s (3 recycles)
2026-08-18 20:18:50,341 alphafold2_ptm_model_2_seed_042 recycle=0 pLDDT=86.3 pTM=0.698
2026-08-18 20:18:57,275 alphafold2_ptm_model_2_seed_042 recycle=1 pLDDT=86.6 pTM=0.691 tol=1.4
2026-08-18 20:19:04,241 alphafold2_ptm_model_2_seed_042 recycle=2 pLDDT=88.5 pTM=0.716 tol=0.244
2026-08-18 20:19:11,139 alphafold2_ptm_model_2_seed_042 recycle=3 pLDDT=88.5 pTM=0.714 tol=0.0557
2026-08-18 20:19:11,139 alphafold2_ptm_model_2_seed_042 took 27.7s (3 recycles)
2026-08-18 20:19:18,009 alphafold2_ptm_model_3_seed_042 recycle=0 pLDDT=82.8 pTM=0.625
2026-08-18 20:19:24,875 alphafold2_ptm_model_3_seed_042 recycle=1 pLDDT=87.8 pTM=0.686 tol=0.662
2026-08-18 20:19:31,775 alphafold2_ptm_model_3_seed_042 recycle=2 pLDDT=88.4 pTM=0.689 tol=0.215
2026-08-18 20:19:38,687 alphafold2_ptm_model_3_seed_042 recycle=3 pLDDT=88.2 pTM=0.688 tol=0.0561
2026-08-18 20:19:38,688 alphafold2_ptm_model_3_seed_042 took 27.5s (3 recycles)
2026-08-18 20:19:45,625 alphafold2_ptm_model_4_seed_042 recycle=0 pLDDT=83.4 pTM=0.656
2026-08-18 20:19:52,560 alphafold2_ptm_model_4_seed_042 recycle=1 pLDDT=89.2 pTM=0.721 tol=0.397
2026-08-18 20:19:59,455 alphafold2_ptm_model_4_seed_042 recycle=2 pLDDT=89.6 pTM=0.729 tol=0.16
2026-08-18 20:20:06,343 alphafold2_ptm_model_4_seed_042 recycle=3 pLDDT=89.6 pTM=0.726 tol=0.0601
2026-08-18 20:20:06,344 alphafold2_ptm_model_4_seed_042 took 27.6s (3 recycles)
2026-08-18 20:20:13,232 alphafold2_ptm_model_5_seed_042 recycle=0 pLDDT=85.3 pTM=0.678
2026-08-18 20:20:20,115 alphafold2_ptm_model_5_seed_042 recycle=1 pLDDT=86.7 pTM=0.691 tol=0.457
2026-08-18 20:20:27,038 alphafold2_ptm_model_5_seed_042 recycle=2 pLDDT=85.4 pTM=0.669 tol=0.211
2026-08-18 20:20:33,943 alphafold2_ptm_model_5_seed_042 recycle=3 pLDDT=84.3 pTM=0.655 tol=0.106
2026-08-18 20:20:33,944 alphafold2_ptm_model_5_seed_042 took 27.6s (3 recycles)
2026-08-18 20:20:33,969 reranking models by 'plddt' metric
2026-08-18 20:20:33,969 rank_001_alphafold2_ptm_model_4_seed_042 pLDDT=89.6 pTM=0.726
2026-08-18 20:20:33,971 rank_002_alphafold2_ptm_model_2_seed_042 pLDDT=88.5 pTM=0.714
2026-08-18 20:20:33,973 rank_003_alphafold2_ptm_model_3_seed_042 pLDDT=88.2 pTM=0.688
2026-08-18 20:20:33,974 rank_004_alphafold2_ptm_model_1_seed_042 pLDDT=87.5 pTM=0.691
2026-08-18 20:20:33,975 rank_005_alphafold2_ptm_model_5_seed_042 pLDDT=84.3 pTM=0.655
2026-08-18 20:20:35,955 Query 15/140: design-3_mut-P22K_bias-end (length 72)
2026-08-18 20:20:37,342 Padding length to 82
2026-08-18 20:20:44,227 alphafold2_ptm_model_1_seed_042 recycle=0 pLDDT=82.8 pTM=0.627
2026-08-18 20:20:51,119 alphafold2_ptm_model_1_seed_042 recycle=1 pLDDT=84.6 pTM=0.669 tol=0.313
2026-08-18 20:20:58,040 alphafold2_ptm_model_1_seed_042 recycle=2 pLDDT=85.2 pTM=0.669 tol=0.868
2026-08-18 20:21:05,143 alphafold2_ptm_model_1_seed_042 recycle=3 pLDDT=85.7 pTM=0.671 tol=0.14
2026-08-18 20:21:05,143 alphafold2_ptm_model_1_seed_042 took 27.8s (3 recycles)
2026-08-18 20:21:12,076 alphafold2_ptm_model_2_seed_042 recycle=0 pLDDT=86.6 pTM=0.707
2026-08-18 20:21:19,058 alphafold2_ptm_model_2_seed_042 recycle=1 pLDDT=86.3 pTM=0.685 tol=1.47
2026-08-18 20:21:25,969 alphafold2_ptm_model_2_seed_042 recycle=2 pLDDT=89.1 pTM=0.721 tol=0.239
2026-08-18 20:21:32,890 alphafold2_ptm_model_2_seed_042 recycle=3 pLDDT=89.2 pTM=0.721 tol=0.0693
2026-08-18 20:21:32,890 alphafold2_ptm_model_2_seed_042 took 27.7s (3 recycles)
2026-08-18 20:21:39,843 alphafold2_ptm_model_3_seed_042 recycle=0 pLDDT=83.1 pTM=0.639
2026-08-18 20:21:46,856 alphafold2_ptm_model_3_seed_042 recycle=1 pLDDT=90.2 pTM=0.727 tol=1.04
2026-08-18 20:21:53,879 alphafold2_ptm_model_3_seed_042 recycle=2 pLDDT=89.4 pTM=0.705 tol=0.176
2026-08-18 20:22:01,041 alphafold2_ptm_model_3_seed_042 recycle=3 pLDDT=89.1 pTM=0.707 tol=0.107
2026-08-18 20:22:01,042 alphafold2_ptm_model_3_seed_042 took 28.1s (3 recycles)
2026-08-18 20:22:07,942 alphafold2_ptm_model_4_seed_042 recycle=0 pLDDT=88.6 pTM=0.721
2026-08-18 20:22:14,821 alphafold2_ptm_model_4_seed_042 recycle=1 pLDDT=90.2 pTM=0.74 tol=0.193
2026-08-18 20:22:21,673 alphafold2_ptm_model_4_seed_042 recycle=2 pLDDT=91 pTM=0.762 tol=0.139
2026-08-18 20:22:28,560 alphafold2_ptm_model_4_seed_042 recycle=3 pLDDT=91.5 pTM=0.77 tol=0.0443
2026-08-18 20:22:28,561 alphafold2_ptm_model_4_seed_042 took 27.5s (3 recycles)
2026-08-18 20:22:35,507 alphafold2_ptm_model_5_seed_042 recycle=0 pLDDT=88.9 pTM=0.713
2026-08-18 20:22:42,420 alphafold2_ptm_model_5_seed_042 recycle=1 pLDDT=89 pTM=0.723 tol=0.146
2026-08-18 20:22:49,354 alphafold2_ptm_model_5_seed_042 recycle=2 pLDDT=88.8 pTM=0.722 tol=0.0586
2026-08-18 20:22:56,359 alphafold2_ptm_model_5_seed_042 recycle=3 pLDDT=88.8 pTM=0.72 tol=0.0391
2026-08-18 20:22:56,359 alphafold2_ptm_model_5_seed_042 took 27.8s (3 recycles)
2026-08-18 20:22:56,376 reranking models by 'plddt' metric
2026-08-18 20:22:56,376 rank_001_alphafold2_ptm_model_4_seed_042 pLDDT=91.5 pTM=0.77
2026-08-18 20:22:56,377 rank_002_alphafold2_ptm_model_2_seed_042 pLDDT=89.2 pTM=0.721
2026-08-18 20:22:56,379 rank_003_alphafold2_ptm_model_3_seed_042 pLDDT=89.1 pTM=0.707
2026-08-18 20:22:56,380 rank_004_alphafold2_ptm_model_5_seed_042 pLDDT=88.8 pTM=0.72
2026-08-18 20:22:56,382 rank_005_alphafold2_ptm_model_1_seed_042 pLDDT=85.7 pTM=0.671
2026-08-18 20:22:58,117 Query 16/140: design-3_mut-A9Y_bias-end (length 72)
2026-08-18 20:22:59,462 Padding length to 82
2026-08-18 20:23:06,350 alphafold2_ptm_model_1_seed_042 recycle=0 pLDDT=86.5 pTM=0.664
2026-08-18 20:23:13,306 alphafold2_ptm_model_1_seed_042 recycle=1 pLDDT=89 pTM=0.705 tol=0.199
2026-08-18 20:23:20,236 alphafold2_ptm_model_1_seed_042 recycle=2 pLDDT=89.6 pTM=0.715 tol=0.0526
2026-08-18 20:23:27,118 alphafold2_ptm_model_1_seed_042 recycle=3 pLDDT=89.9 pTM=0.719 tol=0.027
2026-08-18 20:23:27,118 alphafold2_ptm_model_1_seed_042 took 27.7s (3 recycles)
2026-08-18 20:23:34,051 alphafold2_ptm_model_2_seed_042 recycle=0 pLDDT=89.4 pTM=0.722
2026-08-18 20:23:40,909 alphafold2_ptm_model_2_seed_042 recycle=1 pLDDT=91.4 pTM=0.749 tol=0.208
2026-08-18 20:23:47,713 alphafold2_ptm_model_2_seed_042 recycle=2 pLDDT=91.1 pTM=0.748 tol=0.134
2026-08-18 20:23:54,527 alphafold2_ptm_model_2_seed_042 recycle=3 pLDDT=90.7 pTM=0.744 tol=0.0966
2026-08-18 20:23:54,527 alphafold2_ptm_model_2_seed_042 took 27.4s (3 recycles)
2026-08-18 20:24:01,424 alphafold2_ptm_model_3_seed_042 recycle=0 pLDDT=90.2 pTM=0.717
2026-08-18 20:24:08,256 alphafold2_ptm_model_3_seed_042 recycle=1 pLDDT=92 pTM=0.749 tol=0.261
2026-08-18 20:24:15,087 alphafold2_ptm_model_3_seed_042 recycle=2 pLDDT=92.7 pTM=0.75 tol=0.0599
2026-08-18 20:24:21,899 alphafold2_ptm_model_3_seed_042 recycle=3 pLDDT=92.9 pTM=0.755 tol=0.0469
2026-08-18 20:24:21,899 alphafold2_ptm_model_3_seed_042 took 27.4s (3 recycles)
2026-08-18 20:24:28,754 alphafold2_ptm_model_4_seed_042 recycle=0 pLDDT=90.1 pTM=0.731
2026-08-18 20:24:35,575 alphafold2_ptm_model_4_seed_042 recycle=1 pLDDT=91.6 pTM=0.749 tol=0.28
2026-08-18 20:24:42,397 alphafold2_ptm_model_4_seed_042 recycle=2 pLDDT=92.1 pTM=0.756 tol=0.0632
2026-08-18 20:24:49,266 alphafold2_ptm_model_4_seed_042 recycle=3 pLDDT=92.6 pTM=0.762 tol=0.045
2026-08-18 20:24:49,266 alphafold2_ptm_model_4_seed_042 took 27.4s (3 recycles)
2026-08-18 20:24:56,143 alphafold2_ptm_model_5_seed_042 recycle=0 pLDDT=85.4 pTM=0.669
2026-08-18 20:25:02,980 alphafold2_ptm_model_5_seed_042 recycle=1 pLDDT=88.4 pTM=0.701 tol=1.45
2026-08-18 20:25:09,795 alphafold2_ptm_model_5_seed_042 recycle=2 pLDDT=88.8 pTM=0.707 tol=0.271
2026-08-18 20:25:16,618 alphafold2_ptm_model_5_seed_042 recycle=3 pLDDT=89.1 pTM=0.704 tol=0.0799
2026-08-18 20:25:16,619 alphafold2_ptm_model_5_seed_042 took 27.3s (3 recycles)
2026-08-18 20:25:16,635 reranking models by 'plddt' metric
2026-08-18 20:25:16,635 rank_001_alphafold2_ptm_model_3_seed_042 pLDDT=92.9 pTM=0.755
2026-08-18 20:25:16,636 rank_002_alphafold2_ptm_model_4_seed_042 pLDDT=92.6 pTM=0.762
2026-08-18 20:25:16,638 rank_003_alphafold2_ptm_model_2_seed_042 pLDDT=90.7 pTM=0.744
2026-08-18 20:25:16,639 rank_004_alphafold2_ptm_model_1_seed_042 pLDDT=89.9 pTM=0.719
2026-08-18 20:25:16,641 rank_005_alphafold2_ptm_model_5_seed_042 pLDDT=89.1 pTM=0.704
2026-08-18 20:25:18,454 Query 17/140: design-3_mut-A9Q_bias-end (length 72)
2026-08-18 20:25:19,803 Padding length to 82
2026-08-18 20:25:26,627 alphafold2_ptm_model_1_seed_042 recycle=0 pLDDT=86.5 pTM=0.646
2026-08-18 20:25:33,436 alphafold2_ptm_model_1_seed_042 recycle=1 pLDDT=88.6 pTM=0.689 tol=0.216
2026-08-18 20:25:40,289 alphafold2_ptm_model_1_seed_042 recycle=2 pLDDT=88.8 pTM=0.697 tol=0.0621
2026-08-18 20:25:47,173 alphafold2_ptm_model_1_seed_042 recycle=3 pLDDT=88.7 pTM=0.696 tol=0.057
2026-08-18 20:25:47,173 alphafold2_ptm_model_1_seed_042 took 27.4s (3 recycles)
2026-08-18 20:25:54,151 alphafold2_ptm_model_2_seed_042 recycle=0 pLDDT=90.8 pTM=0.727
2026-08-18 20:26:01,259 alphafold2_ptm_model_2_seed_042 recycle=1 pLDDT=92.8 pTM=0.754 tol=0.142
2026-08-18 20:26:08,332 alphafold2_ptm_model_2_seed_042 recycle=2 pLDDT=93 pTM=0.758 tol=0.0439
2026-08-18 20:26:27,873 alphafold2_ptm_model_2_seed_042 recycle=3 pLDDT=92.8 pTM=0.756 tol=0.0201
2026-08-18 20:26:27,874 alphafold2_ptm_model_2_seed_042 took 40.7s (3 recycles)
2026-08-18 20:26:47,405 alphafold2_ptm_model_3_seed_042 recycle=0 pLDDT=89.9 pTM=0.701
2026-08-18 20:27:12,781 alphafold2_ptm_model_3_seed_042 recycle=1 pLDDT=91.6 pTM=0.733 tol=0.157
2026-08-18 20:27:20,825 alphafold2_ptm_model_3_seed_042 recycle=2 pLDDT=91.9 pTM=0.726 tol=0.0582
2026-08-18 20:27:28,088 alphafold2_ptm_model_3_seed_042 recycle=3 pLDDT=91.8 pTM=0.729 tol=0.0461
2026-08-18 20:27:28,088 alphafold2_ptm_model_3_seed_042 took 60.2s (3 recycles)
2026-08-18 20:27:36,363 alphafold2_ptm_model_4_seed_042 recycle=0 pLDDT=90.3 pTM=0.724
2026-08-18 20:27:43,383 alphafold2_ptm_model_4_seed_042 recycle=1 pLDDT=91.9 pTM=0.746 tol=0.147
2026-08-18 20:27:50,453 alphafold2_ptm_model_4_seed_042 recycle=2 pLDDT=92.1 pTM=0.749 tol=0.0508
2026-08-18 20:27:57,599 alphafold2_ptm_model_4_seed_042 recycle=3 pLDDT=92.3 pTM=0.75 tol=0.022
2026-08-18 20:27:57,599 alphafold2_ptm_model_4_seed_042 took 29.5s (3 recycles)
2026-08-18 20:28:04,671 alphafold2_ptm_model_5_seed_042 recycle=0 pLDDT=82.7 pTM=0.626
2026-08-18 20:28:11,714 alphafold2_ptm_model_5_seed_042 recycle=1 pLDDT=89.1 pTM=0.698 tol=0.994
2026-08-18 20:28:18,681 alphafold2_ptm_model_5_seed_042 recycle=2 pLDDT=89.1 pTM=0.695 tol=0.161
2026-08-18 20:28:25,677 alphafold2_ptm_model_5_seed_042 recycle=3 pLDDT=89.2 pTM=0.693 tol=0.0961
2026-08-18 20:28:25,677 alphafold2_ptm_model_5_seed_042 took 28.1s (3 recycles)
2026-08-18 20:28:25,693 reranking models by 'plddt' metric
2026-08-18 20:28:25,694 rank_001_alphafold2_ptm_model_2_seed_042 pLDDT=92.8 pTM=0.756
2026-08-18 20:28:25,696 rank_002_alphafold2_ptm_model_4_seed_042 pLDDT=92.3 pTM=0.75
2026-08-18 20:28:25,697 rank_003_alphafold2_ptm_model_3_seed_042 pLDDT=91.8 pTM=0.729
2026-08-18 20:28:25,699 rank_004_alphafold2_ptm_model_5_seed_042 pLDDT=89.2 pTM=0.693
2026-08-18 20:28:25,700 rank_005_alphafold2_ptm_model_1_seed_042 pLDDT=88.7 pTM=0.696
2026-08-18 20:28:27,762 Query 18/140: design-3_mut-A9I_bias-end (length 72)
2026-08-18 20:28:29,116 Padding length to 82
2026-08-18 20:28:36,060 alphafold2_ptm_model_1_seed_042 recycle=0 pLDDT=83.4 pTM=0.629
2026-08-18 20:28:43,008 alphafold2_ptm_model_1_seed_042 recycle=1 pLDDT=89.3 pTM=0.701 tol=0.678
2026-08-18 20:28:49,981 alphafold2_ptm_model_1_seed_042 recycle=2 pLDDT=88.9 pTM=0.698 tol=0.0676
2026-08-18 20:28:57,020 alphafold2_ptm_model_1_seed_042 recycle=3 pLDDT=89 pTM=0.698 tol=0.0586
2026-08-18 20:28:57,020 alphafold2_ptm_model_1_seed_042 took 27.9s (3 recycles)
2026-08-18 20:29:04,062 alphafold2_ptm_model_2_seed_042 recycle=0 pLDDT=85.6 pTM=0.664
2026-08-18 20:29:11,516 alphafold2_ptm_model_2_seed_042 recycle=1 pLDDT=91.6 pTM=0.741 tol=0.415
2026-08-18 20:29:18,759 alphafold2_ptm_model_2_seed_042 recycle=2 pLDDT=92 pTM=0.747 tol=0.12
2026-08-18 20:29:26,036 alphafold2_ptm_model_2_seed_042 recycle=3 pLDDT=92.1 pTM=0.75 tol=0.0349
2026-08-18 20:29:26,037 alphafold2_ptm_model_2_seed_042 took 29.0s (3 recycles)
2026-08-18 20:29:33,470 alphafold2_ptm_model_3_seed_042 recycle=0 pLDDT=88 pTM=0.673
2026-08-18 20:29:40,711 alphafold2_ptm_model_3_seed_042 recycle=1 pLDDT=90.7 pTM=0.723 tol=0.338
2026-08-18 20:29:48,393 alphafold2_ptm_model_3_seed_042 recycle=2 pLDDT=90.9 pTM=0.714 tol=0.0688
2026-08-18 20:29:56,260 alphafold2_ptm_model_3_seed_042 recycle=3 pLDDT=91.1 pTM=0.725 tol=0.0574
2026-08-18 20:29:56,260 alphafold2_ptm_model_3_seed_042 took 30.2s (3 recycles)
2026-08-18 20:30:03,595 alphafold2_ptm_model_4_seed_042 recycle=0 pLDDT=85.7 pTM=0.662
2026-08-18 20:30:10,691 alphafold2_ptm_model_4_seed_042 recycle=1 pLDDT=91.1 pTM=0.736 tol=0.575
2026-08-18 20:30:17,678 alphafold2_ptm_model_4_seed_042 recycle=2 pLDDT=92.2 pTM=0.75 tol=0.125
2026-08-18 20:30:24,670 alphafold2_ptm_model_4_seed_042 recycle=3 pLDDT=92.8 pTM=0.755 tol=0.0396
2026-08-18 20:30:24,670 alphafold2_ptm_model_4_seed_042 took 28.4s (3 recycles)
2026-08-18 20:30:31,664 alphafold2_ptm_model_5_seed_042 recycle=0 pLDDT=85.8 pTM=0.669
2026-08-18 20:30:38,637 alphafold2_ptm_model_5_seed_042 recycle=1 pLDDT=84.6 pTM=0.645 tol=0.523
2026-08-18 20:30:45,585 alphafold2_ptm_model_5_seed_042 recycle=2 pLDDT=87.2 pTM=0.674 tol=0.654
2026-08-18 20:30:52,558 alphafold2_ptm_model_5_seed_042 recycle=3 pLDDT=88.1 pTM=0.68 tol=0.111
2026-08-18 20:30:52,558 alphafold2_ptm_model_5_seed_042 took 27.9s (3 recycles)
2026-08-18 20:30:52,574 reranking models by 'plddt' metric
2026-08-18 20:30:52,575 rank_001_alphafold2_ptm_model_4_seed_042 pLDDT=92.8 pTM=0.755
2026-08-18 20:30:52,577 rank_002_alphafold2_ptm_model_2_seed_042 pLDDT=92.1 pTM=0.75
2026-08-18 20:30:52,578 rank_003_alphafold2_ptm_model_3_seed_042 pLDDT=91.1 pTM=0.725
2026-08-18 20:30:52,580 rank_004_alphafold2_ptm_model_1_seed_042 pLDDT=89 pTM=0.698
2026-08-18 20:30:52,581 rank_005_alphafold2_ptm_model_5_seed_042 pLDDT=88.1 pTM=0.68
2026-08-18 20:30:54,509 Query 19/140: design-3_mut-A9R_bias-end (length 72)
2026-08-18 20:30:55,884 Padding length to 82
2026-08-18 20:31:02,862 alphafold2_ptm_model_1_seed_042 recycle=0 pLDDT=87.5 pTM=0.666
2026-08-18 20:31:09,836 alphafold2_ptm_model_1_seed_042 recycle=1 pLDDT=89.2 pTM=0.704 tol=0.194
2026-08-18 20:31:16,910 alphafold2_ptm_model_1_seed_042 recycle=2 pLDDT=89.6 pTM=0.713 tol=0.0779
2026-08-18 20:31:23,890 alphafold2_ptm_model_1_seed_042 recycle=3 pLDDT=89.7 pTM=0.713 tol=0.0393
2026-08-18 20:31:23,890 alphafold2_ptm_model_1_seed_042 took 28.0s (3 recycles)
2026-08-18 20:31:31,044 alphafold2_ptm_model_2_seed_042 recycle=0 pLDDT=91.3 pTM=0.739
2026-08-18 20:31:38,064 alphafold2_ptm_model_2_seed_042 recycle=1 pLDDT=92.9 pTM=0.761 tol=0.154
2026-08-18 20:31:45,031 alphafold2_ptm_model_2_seed_042 recycle=2 pLDDT=93.2 pTM=0.767 tol=0.0427
2026-08-18 20:31:52,100 alphafold2_ptm_model_2_seed_042 recycle=3 pLDDT=93.1 pTM=0.765 tol=0.0248
2026-08-18 20:31:52,101 alphafold2_ptm_model_2_seed_042 took 28.2s (3 recycles)
2026-08-18 20:31:59,319 alphafold2_ptm_model_3_seed_042 recycle=0 pLDDT=90.3 pTM=0.711
2026-08-18 20:32:06,255 alphafold2_ptm_model_3_seed_042 recycle=1 pLDDT=92.6 pTM=0.75 tol=0.169
2026-08-18 20:32:13,221 alphafold2_ptm_model_3_seed_042 recycle=2 pLDDT=92.8 pTM=0.741 tol=0.0593
2026-08-18 20:32:20,233 alphafold2_ptm_model_3_seed_042 recycle=3 pLDDT=92.8 pTM=0.746 tol=0.0427
2026-08-18 20:32:20,233 alphafold2_ptm_model_3_seed_042 took 28.1s (3 recycles)
2026-08-18 20:32:27,547 alphafold2_ptm_model_4_seed_042 recycle=0 pLDDT=90.2 pTM=0.731
2026-08-18 20:32:34,838 alphafold2_ptm_model_4_seed_042 recycle=1 pLDDT=92.5 pTM=0.758 tol=0.161
2026-08-18 20:32:41,868 alphafold2_ptm_model_4_seed_042 recycle=2 pLDDT=92.8 pTM=0.762 tol=0.0496
2026-08-18 20:32:48,835 alphafold2_ptm_model_4_seed_042 recycle=3 pLDDT=92.9 pTM=0.763 tol=0.023
2026-08-18 20:32:48,836 alphafold2_ptm_model_4_seed_042 took 28.6s (3 recycles)
2026-08-18 20:32:55,837 alphafold2_ptm_model_5_seed_042 recycle=0 pLDDT=82.4 pTM=0.618
2026-08-18 20:33:02,972 alphafold2_ptm_model_5_seed_042 recycle=1 pLDDT=88.3 pTM=0.69 tol=0.283
2026-08-18 20:33:09,959 alphafold2_ptm_model_5_seed_042 recycle=2 pLDDT=89 pTM=0.697 tol=0.119
2026-08-18 20:33:16,908 alphafold2_ptm_model_5_seed_042 recycle=3 pLDDT=89.4 pTM=0.7 tol=0.0604
2026-08-18 20:33:16,908 alphafold2_ptm_model_5_seed_042 took 28.1s (3 recycles)
2026-08-18 20:33:16,927 reranking models by 'plddt' metric
2026-08-18 20:33:16,927 rank_001_alphafold2_ptm_model_2_seed_042 pLDDT=93.1 pTM=0.765
2026-08-18 20:33:16,929 rank_002_alphafold2_ptm_model_4_seed_042 pLDDT=92.9 pTM=0.763
2026-08-18 20:33:16,930 rank_003_alphafold2_ptm_model_3_seed_042 pLDDT=92.8 pTM=0.746
2026-08-18 20:33:16,931 rank_004_alphafold2_ptm_model_1_seed_042 pLDDT=89.7 pTM=0.713
2026-08-18 20:33:16,933 rank_005_alphafold2_ptm_model_5_seed_042 pLDDT=89.4 pTM=0.7
2026-08-18 20:33:18,679 Query 20/140: design-3_mut-A9L_bias-end (length 72)
2026-08-18 20:33:20,263 Padding length to 82
2026-08-18 20:33:27,351 alphafold2_ptm_model_1_seed_042 recycle=0 pLDDT=83.4 pTM=0.622
2026-08-18 20:33:34,632 alphafold2_ptm_model_1_seed_042 recycle=1 pLDDT=90.2 pTM=0.712 tol=0.458
2026-08-18 20:33:41,696 alphafold2_ptm_model_1_seed_042 recycle=2 pLDDT=90.4 pTM=0.719 tol=0.0693
2026-08-18 20:33:48,747 alphafold2_ptm_model_1_seed_042 recycle=3 pLDDT=90.8 pTM=0.723 tol=0.0338
2026-08-18 20:33:48,747 alphafold2_ptm_model_1_seed_042 took 28.5s (3 recycles)
2026-08-18 20:33:55,896 alphafold2_ptm_model_2_seed_042 recycle=0 pLDDT=87.7 pTM=0.682
2026-08-18 20:34:02,951 alphafold2_ptm_model_2_seed_042 recycle=1 pLDDT=92.2 pTM=0.75 tol=0.421
2026-08-18 20:34:09,965 alphafold2_ptm_model_2_seed_042 recycle=2 pLDDT=92.9 pTM=0.76 tol=0.13
2026-08-18 20:34:16,980 alphafold2_ptm_model_2_seed_042 recycle=3 pLDDT=93.2 pTM=0.764 tol=0.046
2026-08-18 20:34:16,980 alphafold2_ptm_model_2_seed_042 took 28.2s (3 recycles)
2026-08-18 20:34:24,005 alphafold2_ptm_model_3_seed_042 recycle=0 pLDDT=89.2 pTM=0.691
2026-08-18 20:34:31,062 alphafold2_ptm_model_3_seed_042 recycle=1 pLDDT=92.9 pTM=0.75 tol=0.32
2026-08-18 20:34:38,100 alphafold2_ptm_model_3_seed_042 recycle=2 pLDDT=93.4 pTM=0.749 tol=0.0579
2026-08-18 20:34:45,141 alphafold2_ptm_model_3_seed_042 recycle=3 pLDDT=93.4 pTM=0.755 tol=0.0463
2026-08-18 20:34:45,141 alphafold2_ptm_model_3_seed_042 took 28.1s (3 recycles)
2026-08-18 20:34:52,177 alphafold2_ptm_model_4_seed_042 recycle=0 pLDDT=88.8 pTM=0.705
2026-08-18 20:34:59,253 alphafold2_ptm_model_4_seed_042 recycle=1 pLDDT=92.4 pTM=0.751 tol=0.286
2026-08-18 20:35:06,344 alphafold2_ptm_model_4_seed_042 recycle=2 pLDDT=93 pTM=0.76 tol=0.0539
2026-08-18 20:35:13,410 alphafold2_ptm_model_4_seed_042 recycle=3 pLDDT=93.3 pTM=0.766 tol=0.0318
2026-08-18 20:35:13,410 alphafold2_ptm_model_4_seed_042 took 28.2s (3 recycles)
2026-08-18 20:35:20,470 alphafold2_ptm_model_5_seed_042 recycle=0 pLDDT=85 pTM=0.655
2026-08-18 20:35:27,508 alphafold2_ptm_model_5_seed_042 recycle=1 pLDDT=89.6 pTM=0.707 tol=1.37
2026-08-18 20:35:34,660 alphafold2_ptm_model_5_seed_042 recycle=2 pLDDT=91.2 pTM=0.725 tol=0.163
2026-08-18 20:35:41,723 alphafold2_ptm_model_5_seed_042 recycle=3 pLDDT=91.1 pTM=0.723 tol=0.15
2026-08-18 20:35:41,723 alphafold2_ptm_model_5_seed_042 took 28.3s (3 recycles)
2026-08-18 20:35:41,744 reranking models by 'plddt' metric
2026-08-18 20:35:41,744 rank_001_alphafold2_ptm_model_3_seed_042 pLDDT=93.4 pTM=0.755
2026-08-18 20:35:41,745 rank_002_alphafold2_ptm_model_4_seed_042 pLDDT=93.3 pTM=0.766
2026-08-18 20:35:41,747 rank_003_alphafold2_ptm_model_2_seed_042 pLDDT=93.2 pTM=0.764
2026-08-18 20:35:41,748 rank_004_alphafold2_ptm_model_5_seed_042 pLDDT=91.1 pTM=0.723
2026-08-18 20:35:41,749 rank_005_alphafold2_ptm_model_1_seed_042 pLDDT=90.8 pTM=0.723
2026-08-18 20:35:43,571 Query 21/140: design-410_mut-V26A_bias-start (length 72)
2026-08-18 20:35:44,969 Padding length to 82
2026-08-18 20:35:52,167 alphafold2_ptm_model_1_seed_042 recycle=0 pLDDT=82.2 pTM=0.647
2026-08-18 20:35:59,272 alphafold2_ptm_model_1_seed_042 recycle=1 pLDDT=89.5 pTM=0.697 tol=0.729
2026-08-18 20:36:07,358 alphafold2_ptm_model_1_seed_042 recycle=2 pLDDT=87.9 pTM=0.682 tol=0.368
2026-08-18 20:36:23,498 alphafold2_ptm_model_1_seed_042 recycle=3 pLDDT=87.4 pTM=0.672 tol=0.315
2026-08-18 20:36:23,498 alphafold2_ptm_model_1_seed_042 took 38.5s (3 recycles)
2026-08-18 20:36:30,651 alphafold2_ptm_model_2_seed_042 recycle=0 pLDDT=80.6 pTM=0.639
2026-08-18 20:36:37,781 alphafold2_ptm_model_2_seed_042 recycle=1 pLDDT=91.9 pTM=0.752 tol=0.978
2026-08-18 20:36:45,002 alphafold2_ptm_model_2_seed_042 recycle=2 pLDDT=93.3 pTM=0.781 tol=0.302
2026-08-18 20:36:52,050 alphafold2_ptm_model_2_seed_042 recycle=3 pLDDT=93.7 pTM=0.789 tol=0.09
2026-08-18 20:36:52,050 alphafold2_ptm_model_2_seed_042 took 28.5s (3 recycles)
2026-08-18 20:36:59,178 alphafold2_ptm_model_3_seed_042 recycle=0 pLDDT=90.8 pTM=0.719
2026-08-18 20:37:06,172 alphafold2_ptm_model_3_seed_042 recycle=1 pLDDT=87.7 pTM=0.684 tol=0.491
2026-08-18 20:37:13,221 alphafold2_ptm_model_3_seed_042 recycle=2 pLDDT=89.6 pTM=0.715 tol=0.83
2026-08-18 20:37:20,244 alphafold2_ptm_model_3_seed_042 recycle=3 pLDDT=87.3 pTM=0.683 tol=0.204
2026-08-18 20:37:20,244 alphafold2_ptm_model_3_seed_042 took 28.2s (3 recycles)
2026-08-18 20:37:27,448 alphafold2_ptm_model_4_seed_042 recycle=0 pLDDT=90.1 pTM=0.723
2026-08-18 20:37:34,444 alphafold2_ptm_model_4_seed_042 recycle=1 pLDDT=89.6 pTM=0.713 tol=0.484
2026-08-18 20:37:41,502 alphafold2_ptm_model_4_seed_042 recycle=2 pLDDT=90.9 pTM=0.753 tol=0.183
2026-08-18 20:37:48,521 alphafold2_ptm_model_4_seed_042 recycle=3 pLDDT=91.7 pTM=0.767 tol=0.0776
2026-08-18 20:37:48,521 alphafold2_ptm_model_4_seed_042 took 28.3s (3 recycles)
2026-08-18 20:37:55,602 alphafold2_ptm_model_5_seed_042 recycle=0 pLDDT=90.5 pTM=0.714
2026-08-18 20:38:02,633 alphafold2_ptm_model_5_seed_042 recycle=1 pLDDT=88.9 pTM=0.697 tol=0.409
2026-08-18 20:38:14,509 alphafold2_ptm_model_5_seed_042 recycle=2 pLDDT=90.6 pTM=0.722 tol=0.186
2026-08-18 20:38:22,658 alphafold2_ptm_model_5_seed_042 recycle=3 pLDDT=91.5 pTM=0.739 tol=0.105
2026-08-18 20:38:22,658 alphafold2_ptm_model_5_seed_042 took 34.1s (3 recycles)
2026-08-18 20:38:22,680 reranking models by 'plddt' metric
2026-08-18 20:38:22,680 rank_001_alphafold2_ptm_model_2_seed_042 pLDDT=93.7 pTM=0.789
2026-08-18 20:38:22,682 rank_002_alphafold2_ptm_model_4_seed_042 pLDDT=91.7 pTM=0.767
2026-08-18 20:38:22,683 rank_003_alphafold2_ptm_model_5_seed_042 pLDDT=91.5 pTM=0.739
2026-08-18 20:38:22,685 rank_004_alphafold2_ptm_model_1_seed_042 pLDDT=87.4 pTM=0.672
2026-08-18 20:38:22,686 rank_005_alphafold2_ptm_model_3_seed_042 pLDDT=87.3 pTM=0.683
2026-08-18 20:38:24,592 Query 22/140: design-410_mut-V28H_bias-start (length 72)
2026-08-18 20:38:25,956 Padding length to 82
2026-08-18 20:38:32,976 alphafold2_ptm_model_1_seed_042 recycle=0 pLDDT=78.6 pTM=0.555
2026-08-18 20:38:39,994 alphafold2_ptm_model_1_seed_042 recycle=1 pLDDT=84.6 pTM=0.621 tol=0.558
2026-08-18 20:38:47,003 alphafold2_ptm_model_1_seed_042 recycle=2 pLDDT=88.7 pTM=0.689 tol=0.276
2026-08-18 20:38:53,971 alphafold2_ptm_model_1_seed_042 recycle=3 pLDDT=91.9 pTM=0.746 tol=0.171
2026-08-18 20:38:53,972 alphafold2_ptm_model_1_seed_042 took 28.0s (3 recycles)
2026-08-18 20:39:01,218 alphafold2_ptm_model_2_seed_042 recycle=0 pLDDT=84.8 pTM=0.649
2026-08-18 20:39:08,231 alphafold2_ptm_model_2_seed_042 recycle=1 pLDDT=93.1 pTM=0.779 tol=1.3
2026-08-18 20:39:15,612 alphafold2_ptm_model_2_seed_042 recycle=2 pLDDT=94.4 pTM=0.803 tol=0.184
2026-08-18 20:39:22,752 alphafold2_ptm_model_2_seed_042 recycle=3 pLDDT=95.2 pTM=0.815 tol=0.0603
2026-08-18 20:39:22,752 alphafold2_ptm_model_2_seed_042 took 28.8s (3 recycles)
2026-08-18 20:39:29,752 alphafold2_ptm_model_3_seed_042 recycle=0 pLDDT=90.8 pTM=0.717
2026-08-18 20:39:36,733 alphafold2_ptm_model_3_seed_042 recycle=1 pLDDT=91.1 pTM=0.751 tol=0.28
2026-08-18 20:39:43,736 alphafold2_ptm_model_3_seed_042 recycle=2 pLDDT=92.1 pTM=0.764 tol=0.0652
2026-08-18 20:39:50,781 alphafold2_ptm_model_3_seed_042 recycle=3 pLDDT=92.7 pTM=0.777 tol=0.0502
2026-08-18 20:39:50,781 alphafold2_ptm_model_3_seed_042 took 28.0s (3 recycles)
2026-08-18 20:39:58,015 alphafold2_ptm_model_4_seed_042 recycle=0 pLDDT=88.6 pTM=0.693
2026-08-18 20:40:05,818 alphafold2_ptm_model_4_seed_042 recycle=1 pLDDT=91.5 pTM=0.756 tol=0.552
2026-08-18 20:40:13,646 alphafold2_ptm_model_4_seed_042 recycle=2 pLDDT=91.9 pTM=0.766 tol=0.0724
2026-08-18 20:40:20,691 alphafold2_ptm_model_4_seed_042 recycle=3 pLDDT=92.3 pTM=0.772 tol=0.0397
2026-08-18 20:40:20,691 alphafold2_ptm_model_4_seed_042 took 29.7s (3 recycles)
2026-08-18 20:40:27,736 alphafold2_ptm_model_5_seed_042 recycle=0 pLDDT=90.8 pTM=0.716
2026-08-18 20:40:34,742 alphafold2_ptm_model_5_seed_042 recycle=1 pLDDT=92.6 pTM=0.76 tol=0.376
2026-08-18 20:40:41,731 alphafold2_ptm_model_5_seed_042 recycle=2 pLDDT=93.8 pTM=0.78 tol=0.0627
2026-08-18 20:40:48,975 alphafold2_ptm_model_5_seed_042 recycle=3 pLDDT=94.3 pTM=0.787 tol=0.0321
2026-08-18 20:40:48,976 alphafold2_ptm_model_5_seed_042 took 28.3s (3 recycles)
2026-08-18 20:40:48,992 reranking models by 'plddt' metric
2026-08-18 20:40:48,992 rank_001_alphafold2_ptm_model_2_seed_042 pLDDT=95.2 pTM=0.815
2026-08-18 20:40:48,993 rank_002_alphafold2_ptm_model_5_seed_042 pLDDT=94.3 pTM=0.787
2026-08-18 20:40:48,995 rank_003_alphafold2_ptm_model_3_seed_042 pLDDT=92.7 pTM=0.777
2026-08-18 20:40:48,996 rank_004_alphafold2_ptm_model_4_seed_042 pLDDT=92.3 pTM=0.772
2026-08-18 20:40:48,998 rank_005_alphafold2_ptm_model_1_seed_042 pLDDT=91.9 pTM=0.746
2026-08-18 20:40:50,879 Query 23/140: design-410_mut-V28F_bias-start (length 72)
2026-08-18 20:40:52,542 Padding length to 82
2026-08-18 20:40:59,738 alphafold2_ptm_model_1_seed_042 recycle=0 pLDDT=77.7 pTM=0.554
2026-08-18 20:41:09,812 alphafold2_ptm_model_1_seed_042 recycle=1 pLDDT=84.3 pTM=0.615 tol=1.8
2026-08-18 20:41:17,223 alphafold2_ptm_model_1_seed_042 recycle=2 pLDDT=90.9 pTM=0.728 tol=1.04
2026-08-18 20:41:24,442 alphafold2_ptm_model_1_seed_042 recycle=3 pLDDT=92.6 pTM=0.759 tol=0.166
2026-08-18 20:41:24,442 alphafold2_ptm_model_1_seed_042 took 31.9s (3 recycles)
2026-08-18 20:41:31,956 alphafold2_ptm_model_2_seed_042 recycle=0 pLDDT=85.8 pTM=0.657
2026-08-18 20:41:39,242 alphafold2_ptm_model_2_seed_042 recycle=1 pLDDT=91.2 pTM=0.752 tol=0.75
2026-08-18 20:41:46,311 alphafold2_ptm_model_2_seed_042 recycle=2 pLDDT=93.7 pTM=0.793 tol=0.213
2026-08-18 20:41:53,429 alphafold2_ptm_model_2_seed_042 recycle=3 pLDDT=94.9 pTM=0.811 tol=0.0874
2026-08-18 20:41:53,429 alphafold2_ptm_model_2_seed_042 took 28.8s (3 recycles)
2026-08-18 20:42:00,478 alphafold2_ptm_model_3_seed_042 recycle=0 pLDDT=87.7 pTM=0.665
2026-08-18 20:42:08,946 alphafold2_ptm_model_3_seed_042 recycle=1 pLDDT=85.5 pTM=0.654 tol=0.576
2026-08-18 20:42:16,016 alphafold2_ptm_model_3_seed_042 recycle=2 pLDDT=89.1 pTM=0.719 tol=0.733
2026-08-18 20:42:23,242 alphafold2_ptm_model_3_seed_042 recycle=3 pLDDT=87.9 pTM=0.707 tol=0.109
2026-08-18 20:42:23,243 alphafold2_ptm_model_3_seed_042 took 29.8s (3 recycles)
2026-08-18 20:42:30,300 alphafold2_ptm_model_4_seed_042 recycle=0 pLDDT=86.2 pTM=0.656
2026-08-18 20:42:37,316 alphafold2_ptm_model_4_seed_042 recycle=1 pLDDT=89.4 pTM=0.73 tol=1.03
2026-08-18 20:42:44,365 alphafold2_ptm_model_4_seed_042 recycle=2 pLDDT=89.6 pTM=0.741 tol=0.114
2026-08-18 20:42:51,467 alphafold2_ptm_model_4_seed_042 recycle=3 pLDDT=89.9 pTM=0.745 tol=0.039
2026-08-18 20:42:51,467 alphafold2_ptm_model_4_seed_042 took 28.2s (3 recycles)
2026-08-18 20:42:58,449 alphafold2_ptm_model_5_seed_042 recycle=0 pLDDT=89 pTM=0.68
2026-08-18 20:43:05,384 alphafold2_ptm_model_5_seed_042 recycle=1 pLDDT=88.3 pTM=0.696 tol=0.355
2026-08-18 20:43:12,375 alphafold2_ptm_model_5_seed_042 recycle=2 pLDDT=90.6 pTM=0.725 tol=0.129
2026-08-18 20:43:19,436 alphafold2_ptm_model_5_seed_042 recycle=3 pLDDT=92 pTM=0.749 tol=0.0988
2026-08-18 20:43:19,436 alphafold2_ptm_model_5_seed_042 took 28.0s (3 recycles)
2026-08-18 20:43:19,456 reranking models by 'plddt' metric
2026-08-18 20:43:19,456 rank_001_alphafold2_ptm_model_2_seed_042 pLDDT=94.9 pTM=0.811
2026-08-18 20:43:19,458 rank_002_alphafold2_ptm_model_1_seed_042 pLDDT=92.6 pTM=0.759
2026-08-18 20:43:19,459 rank_003_alphafold2_ptm_model_5_seed_042 pLDDT=92 pTM=0.749
2026-08-18 20:43:19,462 rank_004_alphafold2_ptm_model_4_seed_042 pLDDT=89.9 pTM=0.745
2026-08-18 20:43:19,463 rank_005_alphafold2_ptm_model_3_seed_042 pLDDT=87.9 pTM=0.707
2026-08-18 20:43:21,383 Query 24/140: design-410_mut-A16R_bias-start (length 72)
2026-08-18 20:43:22,740 Padding length to 82
2026-08-18 20:43:29,720 alphafold2_ptm_model_1_seed_042 recycle=0 pLDDT=86.1 pTM=0.67
2026-08-18 20:43:36,678 alphafold2_ptm_model_1_seed_042 recycle=1 pLDDT=90.6 pTM=0.709 tol=0.882
2026-08-18 20:43:43,661 alphafold2_ptm_model_1_seed_042 recycle=2 pLDDT=92.4 pTM=0.747 tol=0.245
2026-08-18 20:43:50,782 alphafold2_ptm_model_1_seed_042 recycle=3 pLDDT=93.1 pTM=0.759 tol=0.078
2026-08-18 20:43:50,782 alphafold2_ptm_model_1_seed_042 took 28.0s (3 recycles)
2026-08-18 20:43:58,056 alphafold2_ptm_model_2_seed_042 recycle=0 pLDDT=91.2 pTM=0.731
2026-08-18 20:44:06,527 alphafold2_ptm_model_2_seed_042 recycle=1 pLDDT=88.8 pTM=0.709 tol=0.18
2026-08-18 20:44:13,527 alphafold2_ptm_model_2_seed_042 recycle=2 pLDDT=90.6 pTM=0.749 tol=1.26
2026-08-18 20:44:20,562 alphafold2_ptm_model_2_seed_042 recycle=3 pLDDT=90.8 pTM=0.754 tol=0.285
2026-08-18 20:44:20,562 alphafold2_ptm_model_2_seed_042 took 29.8s (3 recycles)
2026-08-18 20:44:27,605 alphafold2_ptm_model_3_seed_042 recycle=0 pLDDT=88.8 pTM=0.694
2026-08-18 20:44:34,647 alphafold2_ptm_model_3_seed_042 recycle=1 pLDDT=87.5 pTM=0.683 tol=0.675
2026-08-18 20:44:41,696 alphafold2_ptm_model_3_seed_042 recycle=2 pLDDT=89.3 pTM=0.716 tol=0.403
2026-08-18 20:44:49,054 alphafold2_ptm_model_3_seed_042 recycle=3 pLDDT=87.9 pTM=0.694 tol=0.162
2026-08-18 20:44:49,054 alphafold2_ptm_model_3_seed_042 took 28.5s (3 recycles)
2026-08-18 20:44:56,330 alphafold2_ptm_model_4_seed_042 recycle=0 pLDDT=89.2 pTM=0.7
2026-08-18 20:45:03,533 alphafold2_ptm_model_4_seed_042 recycle=1 pLDDT=87.6 pTM=0.691 tol=0.163
2026-08-18 20:45:11,007 alphafold2_ptm_model_4_seed_042 recycle=2 pLDDT=86.2 pTM=0.678 tol=0.61
2026-08-18 20:45:18,353 alphafold2_ptm_model_4_seed_042 recycle=3 pLDDT=88.4 pTM=0.718 tol=0.858
2026-08-18 20:45:18,353 alphafold2_ptm_model_4_seed_042 took 29.3s (3 recycles)
2026-08-18 20:45:25,370 alphafold2_ptm_model_5_seed_042 recycle=0 pLDDT=90.1 pTM=0.717
2026-08-18 20:45:32,388 alphafold2_ptm_model_5_seed_042 recycle=1 pLDDT=90.6 pTM=0.717 tol=0.39
2026-08-18 20:45:39,375 alphafold2_ptm_model_5_seed_042 recycle=2 pLDDT=92.5 pTM=0.752 tol=0.0963
2026-08-18 20:45:46,422 alphafold2_ptm_model_5_seed_042 recycle=3 pLDDT=93.2 pTM=0.765 tol=0.0556
2026-08-18 20:45:46,422 alphafold2_ptm_model_5_seed_042 took 28.1s (3 recycles)
2026-08-18 20:45:46,441 reranking models by 'plddt' metric
2026-08-18 20:45:46,441 rank_001_alphafold2_ptm_model_5_seed_042 pLDDT=93.2 pTM=0.765
2026-08-18 20:45:46,443 rank_002_alphafold2_ptm_model_1_seed_042 pLDDT=93.1 pTM=0.759
2026-08-18 20:45:46,445 rank_003_alphafold2_ptm_model_2_seed_042 pLDDT=90.8 pTM=0.754
2026-08-18 20:45:46,446 rank_004_alphafold2_ptm_model_4_seed_042 pLDDT=88.4 pTM=0.718
2026-08-18 20:45:46,447 rank_005_alphafold2_ptm_model_3_seed_042 pLDDT=87.9 pTM=0.694
2026-08-18 20:45:48,375 Query 25/140: design-410_mut-V26P_bias-start (length 72)
2026-08-18 20:45:49,830 Padding length to 82
2026-08-18 20:45:56,885 alphafold2_ptm_model_1_seed_042 recycle=0 pLDDT=80 pTM=0.604
2026-08-18 20:46:03,927 alphafold2_ptm_model_1_seed_042 recycle=1 pLDDT=87.4 pTM=0.677 tol=0.461
2026-08-18 20:46:10,950 alphafold2_ptm_model_1_seed_042 recycle=2 pLDDT=90.2 pTM=0.721 tol=0.287
2026-08-18 20:46:18,187 alphafold2_ptm_model_1_seed_042 recycle=3 pLDDT=91.5 pTM=0.742 tol=0.101
2026-08-18 20:46:18,187 alphafold2_ptm_model_1_seed_042 took 28.4s (3 recycles)
2026-08-18 20:46:25,306 alphafold2_ptm_model_2_seed_042 recycle=0 pLDDT=87.6 pTM=0.693
2026-08-18 20:46:32,489 alphafold2_ptm_model_2_seed_042 recycle=1 pLDDT=90.8 pTM=0.75 tol=0.381
2026-08-18 20:46:39,699 alphafold2_ptm_model_2_seed_042 recycle=2 pLDDT=92.9 pTM=0.776 tol=0.107
2026-08-18 20:46:47,045 alphafold2_ptm_model_2_seed_042 recycle=3 pLDDT=93.6 pTM=0.786 tol=0.0451
2026-08-18 20:46:47,045 alphafold2_ptm_model_2_seed_042 took 28.8s (3 recycles)
2026-08-18 20:46:54,241 alphafold2_ptm_model_3_seed_042 recycle=0 pLDDT=90.4 pTM=0.704
2026-08-18 20:47:01,511 alphafold2_ptm_model_3_seed_042 recycle=1 pLDDT=87.7 pTM=0.676 tol=0.503
2026-08-18 20:47:13,096 alphafold2_ptm_model_3_seed_042 recycle=2 pLDDT=89.8 pTM=0.715 tol=0.91
2026-08-18 20:47:20,554 alphafold2_ptm_model_3_seed_042 recycle=3 pLDDT=87.9 pTM=0.688 tol=0.132
2026-08-18 20:47:20,555 alphafold2_ptm_model_3_seed_042 took 33.5s (3 recycles)
2026-08-18 20:47:27,783 alphafold2_ptm_model_4_seed_042 recycle=0 pLDDT=89.9 pTM=0.713
2026-08-18 20:47:34,952 alphafold2_ptm_model_4_seed_042 recycle=1 pLDDT=89.4 pTM=0.704 tol=0.463
2026-08-18 20:47:42,019 alphafold2_ptm_model_4_seed_042 recycle=2 pLDDT=90.2 pTM=0.739 tol=0.15
2026-08-18 20:47:49,434 alphafold2_ptm_model_4_seed_042 recycle=3 pLDDT=90.5 pTM=0.743 tol=0.0446
2026-08-18 20:47:49,434 alphafold2_ptm_model_4_seed_042 took 28.9s (3 recycles)
2026-08-18 20:47:56,833 alphafold2_ptm_model_5_seed_042 recycle=0 pLDDT=90.7 pTM=0.707
2026-08-18 20:48:04,143 alphafold2_ptm_model_5_seed_042 recycle=1 pLDDT=90.1 pTM=0.711 tol=0.442
2026-08-18 20:48:15,868 alphafold2_ptm_model_5_seed_042 recycle=2 pLDDT=91.4 pTM=0.74 tol=0.108
2026-08-18 20:48:22,915 alphafold2_ptm_model_5_seed_042 recycle=3 pLDDT=91.9 pTM=0.75 tol=0.0605
2026-08-18 20:48:22,915 alphafold2_ptm_model_5_seed_042 took 33.5s (3 recycles)
2026-08-18 20:48:22,972 reranking models by 'plddt' metric
2026-08-18 20:48:22,973 rank_001_alphafold2_ptm_model_2_seed_042 pLDDT=93.6 pTM=0.786
2026-08-18 20:48:22,975 rank_002_alphafold2_ptm_model_5_seed_042 pLDDT=91.9 pTM=0.75
2026-08-18 20:48:22,976 rank_003_alphafold2_ptm_model_1_seed_042 pLDDT=91.5 pTM=0.742
2026-08-18 20:48:22,978 rank_004_alphafold2_ptm_model_4_seed_042 pLDDT=90.5 pTM=0.743
2026-08-18 20:48:22,980 rank_005_alphafold2_ptm_model_3_seed_042 pLDDT=87.9 pTM=0.688
2026-08-18 20:48:25,041 Query 26/140: design-410_mut-V28Y_bias-start (length 72)
2026-08-18 20:48:26,465 Padding length to 82
2026-08-18 20:48:33,460 alphafold2_ptm_model_1_seed_042 recycle=0 pLDDT=79.4 pTM=0.57
2026-08-18 20:48:40,447 alphafold2_ptm_model_1_seed_042 recycle=1 pLDDT=81.7 pTM=0.587 tol=1.6
2026-08-18 20:48:47,741 alphafold2_ptm_model_1_seed_042 recycle=2 pLDDT=91.8 pTM=0.738 tol=1.31
2026-08-18 20:48:54,897 alphafold2_ptm_model_1_seed_042 recycle=3 pLDDT=93.2 pTM=0.77 tol=0.144
2026-08-18 20:48:54,898 alphafold2_ptm_model_1_seed_042 took 28.4s (3 recycles)
2026-08-18 20:49:02,209 alphafold2_ptm_model_2_seed_042 recycle=0 pLDDT=86.6 pTM=0.67
2026-08-18 20:49:11,506 alphafold2_ptm_model_2_seed_042 recycle=1 pLDDT=93.6 pTM=0.786 tol=0.69
2026-08-18 20:49:26,502 alphafold2_ptm_model_2_seed_042 recycle=2 pLDDT=95.1 pTM=0.816 tol=0.152
2026-08-18 20:49:35,990 alphafold2_ptm_model_2_seed_042 recycle=3 pLDDT=95.7 pTM=0.824 tol=0.047
2026-08-18 20:49:35,990 alphafold2_ptm_model_2_seed_042 took 41.1s (3 recycles)
2026-08-18 20:49:43,120 alphafold2_ptm_model_3_seed_042 recycle=0 pLDDT=88.8 pTM=0.693
2026-08-18 20:49:50,256 alphafold2_ptm_model_3_seed_042 recycle=1 pLDDT=90.4 pTM=0.745 tol=0.486
2026-08-18 20:49:58,138 alphafold2_ptm_model_3_seed_042 recycle=2 pLDDT=91.1 pTM=0.754 tol=0.0811
2026-08-18 20:50:05,312 alphafold2_ptm_model_3_seed_042 recycle=3 pLDDT=91.8 pTM=0.768 tol=0.0695
2026-08-18 20:50:05,313 alphafold2_ptm_model_3_seed_042 took 29.3s (3 recycles)
2026-08-18 20:50:12,541 alphafold2_ptm_model_4_seed_042 recycle=0 pLDDT=88 pTM=0.682
2026-08-18 20:50:19,786 alphafold2_ptm_model_4_seed_042 recycle=1 pLDDT=90.3 pTM=0.738 tol=0.673
2026-08-18 20:50:26,891 alphafold2_ptm_model_4_seed_042 recycle=2 pLDDT=91.3 pTM=0.762 tol=0.109
2026-08-18 20:50:34,141 alphafold2_ptm_model_4_seed_042 recycle=3 pLDDT=91.8 pTM=0.769 tol=0.0531
2026-08-18 20:50:34,141 alphafold2_ptm_model_4_seed_042 took 28.8s (3 recycles)
2026-08-18 20:50:41,396 alphafold2_ptm_model_5_seed_042 recycle=0 pLDDT=90.1 pTM=0.71
2026-08-18 20:50:48,889 alphafold2_ptm_model_5_seed_042 recycle=1 pLDDT=92.6 pTM=0.762 tol=0.404
2026-08-18 20:50:56,225 alphafold2_ptm_model_5_seed_042 recycle=2 pLDDT=93.8 pTM=0.782 tol=0.0689
2026-08-18 20:51:04,444 alphafold2_ptm_model_5_seed_042 recycle=3 pLDDT=94.4 pTM=0.791 tol=0.039
2026-08-18 20:51:04,445 alphafold2_ptm_model_5_seed_042 took 30.3s (3 recycles)
2026-08-18 20:51:04,475 reranking models by 'plddt' metric
2026-08-18 20:51:04,475 rank_001_alphafold2_ptm_model_2_seed_042 pLDDT=95.7 pTM=0.824
2026-08-18 20:51:04,477 rank_002_alphafold2_ptm_model_5_seed_042 pLDDT=94.4 pTM=0.791
2026-08-18 20:51:04,479 rank_003_alphafold2_ptm_model_1_seed_042 pLDDT=93.2 pTM=0.77
2026-08-18 20:51:04,480 rank_004_alphafold2_ptm_model_4_seed_042 pLDDT=91.8 pTM=0.769
2026-08-18 20:51:04,482 rank_005_alphafold2_ptm_model_3_seed_042 pLDDT=91.8 pTM=0.768
2026-08-18 20:51:06,360 Query 27/140: design-410_mut-L17A_bias-start (length 72)
2026-08-18 20:51:07,831 Padding length to 82
2026-08-18 20:51:15,085 alphafold2_ptm_model_1_seed_042 recycle=0 pLDDT=77.6 pTM=0.581
2026-08-18 20:51:22,141 alphafold2_ptm_model_1_seed_042 recycle=1 pLDDT=85.1 pTM=0.632 tol=1.38
2026-08-18 20:51:29,424 alphafold2_ptm_model_1_seed_042 recycle=2 pLDDT=85.6 pTM=0.645 tol=0.333
2026-08-18 20:51:36,598 alphafold2_ptm_model_1_seed_042 recycle=3 pLDDT=86.6 pTM=0.662 tol=0.259
2026-08-18 20:51:36,599 alphafold2_ptm_model_1_seed_042 took 28.8s (3 recycles)
2026-08-18 20:51:43,675 alphafold2_ptm_model_2_seed_042 recycle=0 pLDDT=86.9 pTM=0.681
2026-08-18 20:51:50,694 alphafold2_ptm_model_2_seed_042 recycle=1 pLDDT=87.6 pTM=0.714 tol=0.349
2026-08-18 20:51:57,711 alphafold2_ptm_model_2_seed_042 recycle=2 pLDDT=88.6 pTM=0.724 tol=0.986
2026-08-18 20:52:04,773 alphafold2_ptm_model_2_seed_042 recycle=3 pLDDT=89.4 pTM=0.736 tol=0.148
2026-08-18 20:52:04,774 alphafold2_ptm_model_2_seed_042 took 28.2s (3 recycles)
2026-08-18 20:52:11,797 alphafold2_ptm_model_3_seed_042 recycle=0 pLDDT=91.4 pTM=0.732
2026-08-18 20:52:18,854 alphafold2_ptm_model_3_seed_042 recycle=1 pLDDT=91 pTM=0.742 tol=0.121
2026-08-18 20:52:25,851 alphafold2_ptm_model_3_seed_042 recycle=2 pLDDT=91.2 pTM=0.745 tol=0.0592
2026-08-18 20:52:32,801 alphafold2_ptm_model_3_seed_042 recycle=3 pLDDT=91.8 pTM=0.758 tol=0.0433
2026-08-18 20:52:32,801 alphafold2_ptm_model_3_seed_042 took 28.0s (3 recycles)
2026-08-18 20:52:39,821 alphafold2_ptm_model_4_seed_042 recycle=0 pLDDT=91.1 pTM=0.746
2026-08-18 20:52:46,886 alphafold2_ptm_model_4_seed_042 recycle=1 pLDDT=89.5 pTM=0.732 tol=0.154
2026-08-18 20:52:53,991 alphafold2_ptm_model_4_seed_042 recycle=2 pLDDT=89.9 pTM=0.743 tol=0.0591
2026-08-18 20:53:01,026 alphafold2_ptm_model_4_seed_042 recycle=3 pLDDT=89.8 pTM=0.74 tol=0.0278
2026-08-18 20:53:01,026 alphafold2_ptm_model_4_seed_042 took 28.2s (3 recycles)
2026-08-18 20:53:08,924 alphafold2_ptm_model_5_seed_042 recycle=0 pLDDT=92.1 pTM=0.732
2026-08-18 20:53:16,292 alphafold2_ptm_model_5_seed_042 recycle=1 pLDDT=90.4 pTM=0.729 tol=0.217
2026-08-18 20:53:23,455 alphafold2_ptm_model_5_seed_042 recycle=2 pLDDT=91.1 pTM=0.736 tol=0.0661
2026-08-18 20:53:30,435 alphafold2_ptm_model_5_seed_042 recycle=3 pLDDT=91.2 pTM=0.738 tol=0.0364
2026-08-18 20:53:30,435 alphafold2_ptm_model_5_seed_042 took 29.4s (3 recycles)
2026-08-18 20:53:30,470 reranking models by 'plddt' metric
2026-08-18 20:53:30,470 rank_001_alphafold2_ptm_model_3_seed_042 pLDDT=91.8 pTM=0.758
2026-08-18 20:53:30,472 rank_002_alphafold2_ptm_model_5_seed_042 pLDDT=91.2 pTM=0.738
2026-08-18 20:53:30,473 rank_003_alphafold2_ptm_model_4_seed_042 pLDDT=89.8 pTM=0.74
2026-08-18 20:53:30,475 rank_004_alphafold2_ptm_model_2_seed_042 pLDDT=89.4 pTM=0.736
2026-08-18 20:53:30,478 rank_005_alphafold2_ptm_model_1_seed_042 pLDDT=86.6 pTM=0.662
2026-08-18 20:53:32,344 Query 28/140: design-410_mut-V28E_bias-start (length 72)
2026-08-18 20:53:33,711 Padding length to 82
2026-08-18 20:53:40,641 alphafold2_ptm_model_1_seed_042 recycle=0 pLDDT=80.5 pTM=0.568
2026-08-18 20:53:47,663 alphafold2_ptm_model_1_seed_042 recycle=1 pLDDT=86.7 pTM=0.648 tol=0.584
2026-08-18 20:53:54,713 alphafold2_ptm_model_1_seed_042 recycle=2 pLDDT=90.4 pTM=0.718 tol=0.188
2026-08-18 20:54:01,772 alphafold2_ptm_model_1_seed_042 recycle=3 pLDDT=91.4 pTM=0.745 tol=0.124
2026-08-18 20:54:01,773 alphafold2_ptm_model_1_seed_042 took 28.1s (3 recycles)
2026-08-18 20:54:10,157 alphafold2_ptm_model_2_seed_042 recycle=0 pLDDT=89.3 pTM=0.692
2026-08-18 20:54:17,141 alphafold2_ptm_model_2_seed_042 recycle=1 pLDDT=92 pTM=0.748 tol=0.193
2026-08-18 20:54:24,107 alphafold2_ptm_model_2_seed_042 recycle=2 pLDDT=93.4 pTM=0.775 tol=0.116
2026-08-18 20:54:31,079 alphafold2_ptm_model_2_seed_042 recycle=3 pLDDT=94.1 pTM=0.787 tol=0.0641
2026-08-18 20:54:31,079 alphafold2_ptm_model_2_seed_042 took 29.3s (3 recycles)
2026-08-18 20:54:38,919 alphafold2_ptm_model_3_seed_042 recycle=0 pLDDT=90 pTM=0.705
2026-08-18 20:54:46,016 alphafold2_ptm_model_3_seed_042 recycle=1 pLDDT=89.5 pTM=0.719 tol=0.168
2026-08-18 20:54:53,446 alphafold2_ptm_model_3_seed_042 recycle=2 pLDDT=87.9 pTM=0.694 tol=0.204
2026-08-18 20:55:00,614 alphafold2_ptm_model_3_seed_042 recycle=3 pLDDT=87.8 pTM=0.682 tol=0.0967
2026-08-18 20:55:00,614 alphafold2_ptm_model_3_seed_042 took 29.5s (3 recycles)
2026-08-18 20:55:14,072 alphafold2_ptm_model_4_seed_042 recycle=0 pLDDT=87.8 pTM=0.68
2026-08-18 20:55:21,220 alphafold2_ptm_model_4_seed_042 recycle=1 pLDDT=87.9 pTM=0.702 tol=0.411
2026-08-18 20:55:28,306 alphafold2_ptm_model_4_seed_042 recycle=2 pLDDT=85 pTM=0.667 tol=0.981
2026-08-18 20:55:35,657 alphafold2_ptm_model_4_seed_042 recycle=3 pLDDT=88.8 pTM=0.726 tol=0.685
2026-08-18 20:55:35,657 alphafold2_ptm_model_4_seed_042 took 35.0s (3 recycles)
2026-08-18 20:55:43,052 alphafold2_ptm_model_5_seed_042 recycle=0 pLDDT=90.6 pTM=0.706
2026-08-18 20:55:50,419 alphafold2_ptm_model_5_seed_042 recycle=1 pLDDT=92.1 pTM=0.754 tol=0.395
2026-08-18 20:55:58,373 alphafold2_ptm_model_5_seed_042 recycle=2 pLDDT=93.5 pTM=0.773 tol=0.084
2026-08-18 20:56:06,011 alphafold2_ptm_model_5_seed_042 recycle=3 pLDDT=94.1 pTM=0.78 tol=0.0286
2026-08-18 20:56:06,012 alphafold2_ptm_model_5_seed_042 took 30.3s (3 recycles)
2026-08-18 20:56:06,031 reranking models by 'plddt' metric
2026-08-18 20:56:06,031 rank_001_alphafold2_ptm_model_5_seed_042 pLDDT=94.1 pTM=0.78
2026-08-18 20:56:06,032 rank_002_alphafold2_ptm_model_2_seed_042 pLDDT=94.1 pTM=0.787
2026-08-18 20:56:06,033 rank_003_alphafold2_ptm_model_1_seed_042 pLDDT=91.4 pTM=0.745
2026-08-18 20:56:06,035 rank_004_alphafold2_ptm_model_4_seed_042 pLDDT=88.8 pTM=0.726
2026-08-18 20:56:06,036 rank_005_alphafold2_ptm_model_3_seed_042 pLDDT=87.8 pTM=0.682
2026-08-18 20:56:08,340 Query 29/140: design-410_mut-V28W_bias-start (length 72)
2026-08-18 20:56:09,767 Padding length to 82
2026-08-18 20:56:16,821 alphafold2_ptm_model_1_seed_042 recycle=0 pLDDT=78.8 pTM=0.562
2026-08-18 20:56:23,882 alphafold2_ptm_model_1_seed_042 recycle=1 pLDDT=81.9 pTM=0.582 tol=1.63
2026-08-18 20:56:30,975 alphafold2_ptm_model_1_seed_042 recycle=2 pLDDT=90.9 pTM=0.723 tol=1.1
2026-08-18 20:56:38,182 alphafold2_ptm_model_1_seed_042 recycle=3 pLDDT=92.7 pTM=0.754 tol=0.165
2026-08-18 20:56:38,182 alphafold2_ptm_model_1_seed_042 took 28.4s (3 recycles)
2026-08-18 20:56:45,197 alphafold2_ptm_model_2_seed_042 recycle=0 pLDDT=79.6 pTM=0.567
2026-08-18 20:56:52,879 alphafold2_ptm_model_2_seed_042 recycle=1 pLDDT=90.6 pTM=0.734 tol=1.08
2026-08-18 20:56:59,974 alphafold2_ptm_model_2_seed_042 recycle=2 pLDDT=93.5 pTM=0.786 tol=0.314
2026-08-18 20:57:08,450 alphafold2_ptm_model_2_seed_042 recycle=3 pLDDT=94.9 pTM=0.807 tol=0.101
2026-08-18 20:57:08,450 alphafold2_ptm_model_2_seed_042 took 30.2s (3 recycles)
2026-08-18 20:57:15,477 alphafold2_ptm_model_3_seed_042 recycle=0 pLDDT=88 pTM=0.662
2026-08-18 20:57:22,600 alphafold2_ptm_model_3_seed_042 recycle=1 pLDDT=85.8 pTM=0.666 tol=0.72
2026-08-18 20:57:29,657 alphafold2_ptm_model_3_seed_042 recycle=2 pLDDT=88.4 pTM=0.712 tol=0.609
2026-08-18 20:57:36,711 alphafold2_ptm_model_3_seed_042 recycle=3 pLDDT=85.4 pTM=0.671 tol=0.285
2026-08-18 20:57:36,712 alphafold2_ptm_model_3_seed_042 took 28.2s (3 recycles)
2026-08-18 20:57:43,986 alphafold2_ptm_model_4_seed_042 recycle=0 pLDDT=87.4 pTM=0.67
2026-08-18 20:57:51,178 alphafold2_ptm_model_4_seed_042 recycle=1 pLDDT=85.1 pTM=0.666 tol=0.733
2026-08-18 20:57:58,275 alphafold2_ptm_model_4_seed_042 recycle=2 pLDDT=89.1 pTM=0.734 tol=0.724
2026-08-18 20:58:06,240 alphafold2_ptm_model_4_seed_042 recycle=3 pLDDT=89.2 pTM=0.737 tol=0.13
2026-08-18 20:58:06,240 alphafold2_ptm_model_4_seed_042 took 29.5s (3 recycles)
2026-08-18 20:58:17,504 alphafold2_ptm_model_5_seed_042 recycle=0 pLDDT=89.3 pTM=0.675
2026-08-18 20:59:00,851 alphafold2_ptm_model_5_seed_042 recycle=1 pLDDT=87 pTM=0.672 tol=0.255
2026-08-18 20:59:08,399 alphafold2_ptm_model_5_seed_042 recycle=2 pLDDT=88.8 pTM=0.698 tol=0.193
2026-08-18 20:59:15,557 alphafold2_ptm_model_5_seed_042 recycle=3 pLDDT=89.9 pTM=0.713 tol=0.145
2026-08-18 20:59:15,558 alphafold2_ptm_model_5_seed_042 took 69.3s (3 recycles)
2026-08-18 20:59:15,777 reranking models by 'plddt' metric
2026-08-18 20:59:15,777 rank_001_alphafold2_ptm_model_2_seed_042 pLDDT=94.9 pTM=0.807
2026-08-18 20:59:15,779 rank_002_alphafold2_ptm_model_1_seed_042 pLDDT=92.7 pTM=0.754
2026-08-18 20:59:15,780 rank_003_alphafold2_ptm_model_5_seed_042 pLDDT=89.9 pTM=0.713
2026-08-18 20:59:15,782 rank_004_alphafold2_ptm_model_4_seed_042 pLDDT=89.2 pTM=0.737
2026-08-18 20:59:15,783 rank_005_alphafold2_ptm_model_3_seed_042 pLDDT=85.4 pTM=0.671
2026-08-18 20:59:17,585 Query 30/140: design-410_mut-A16K_bias-start (length 72)
2026-08-18 20:59:19,023 Padding length to 82
2026-08-18 20:59:26,271 alphafold2_ptm_model_1_seed_042 recycle=0 pLDDT=85.8 pTM=0.665
2026-08-18 20:59:33,428 alphafold2_ptm_model_1_seed_042 recycle=1 pLDDT=90.2 pTM=0.699 tol=0.886
2026-08-18 20:59:40,765 alphafold2_ptm_model_1_seed_042 recycle=2 pLDDT=92.1 pTM=0.739 tol=0.279
2026-08-18 20:59:48,829 alphafold2_ptm_model_1_seed_042 recycle=3 pLDDT=92.7 pTM=0.751 tol=0.0797
2026-08-18 20:59:48,829 alphafold2_ptm_model_1_seed_042 took 29.8s (3 recycles)
2026-08-18 20:59:56,661 alphafold2_ptm_model_2_seed_042 recycle=0 pLDDT=90.9 pTM=0.726
2026-08-18 21:00:04,587 alphafold2_ptm_model_2_seed_042 recycle=1 pLDDT=87.9 pTM=0.697 tol=0.221
2026-08-18 21:00:12,385 alphafold2_ptm_model_2_seed_042 recycle=2 pLDDT=91.5 pTM=0.756 tol=1.44
2026-08-18 21:00:19,737 alphafold2_ptm_model_2_seed_042 recycle=3 pLDDT=91.6 pTM=0.762 tol=0.13
2026-08-18 21:00:19,737 alphafold2_ptm_model_2_seed_042 took 30.9s (3 recycles)
2026-08-18 21:00:26,780 alphafold2_ptm_model_3_seed_042 recycle=0 pLDDT=88.6 pTM=0.687
2026-08-18 21:00:33,829 alphafold2_ptm_model_3_seed_042 recycle=1 pLDDT=87.2 pTM=0.679 tol=0.727
2026-08-18 21:00:40,892 alphafold2_ptm_model_3_seed_042 recycle=2 pLDDT=89.9 pTM=0.72 tol=0.46
2026-08-18 21:00:47,943 alphafold2_ptm_model_3_seed_042 recycle=3 pLDDT=87.4 pTM=0.687 tol=0.233
2026-08-18 21:00:47,944 alphafold2_ptm_model_3_seed_042 took 28.2s (3 recycles)
2026-08-18 21:00:55,003 alphafold2_ptm_model_4_seed_042 recycle=0 pLDDT=88.2 pTM=0.683
2026-08-18 21:01:01,983 alphafold2_ptm_model_4_seed_042 recycle=1 pLDDT=86.1 pTM=0.668 tol=0.687
2026-08-18 21:01:08,939 alphafold2_ptm_model_4_seed_042 recycle=2 pLDDT=89.9 pTM=0.73 tol=0.732
2026-08-18 21:01:15,942 alphafold2_ptm_model_4_seed_042 recycle=3 pLDDT=89.9 pTM=0.732 tol=0.0718
2026-08-18 21:01:15,942 alphafold2_ptm_model_4_seed_042 took 27.9s (3 recycles)
2026-08-18 21:01:23,083 alphafold2_ptm_model_5_seed_042 recycle=0 pLDDT=89.8 pTM=0.706
2026-08-18 21:01:30,102 alphafold2_ptm_model_5_seed_042 recycle=1 pLDDT=90.2 pTM=0.709 tol=0.408
2026-08-18 21:01:37,076 alphafold2_ptm_model_5_seed_042 recycle=2 pLDDT=92.1 pTM=0.744 tol=0.121
2026-08-18 21:01:44,091 alphafold2_ptm_model_5_seed_042 recycle=3 pLDDT=92.9 pTM=0.756 tol=0.0596
2026-08-18 21:01:44,091 alphafold2_ptm_model_5_seed_042 took 28.1s (3 recycles)
2026-08-18 21:01:44,120 reranking models by 'plddt' metric
2026-08-18 21:01:44,121 rank_001_alphafold2_ptm_model_5_seed_042 pLDDT=92.9 pTM=0.756
2026-08-18 21:01:44,122 rank_002_alphafold2_ptm_model_1_seed_042 pLDDT=92.7 pTM=0.751
2026-08-18 21:01:44,123 rank_003_alphafold2_ptm_model_2_seed_042 pLDDT=91.6 pTM=0.762
2026-08-18 21:01:44,125 rank_004_alphafold2_ptm_model_4_seed_042 pLDDT=89.9 pTM=0.732
2026-08-18 21:01:44,126 rank_005_alphafold2_ptm_model_3_seed_042 pLDDT=87.4 pTM=0.687
2026-08-18 21:01:46,003 Query 31/140: design-410_mut-G48E_bias-end (length 72)
2026-08-18 21:01:47,449 Padding length to 82
2026-08-18 21:01:54,579 alphafold2_ptm_model_1_seed_042 recycle=0 pLDDT=76.1 pTM=0.556
2026-08-18 21:02:01,787 alphafold2_ptm_model_1_seed_042 recycle=1 pLDDT=86.2 pTM=0.631 tol=1.86
2026-08-18 21:02:08,785 alphafold2_ptm_model_1_seed_042 recycle=2 pLDDT=86.6 pTM=0.648 tol=0.715
2026-08-18 21:02:15,788 alphafold2_ptm_model_1_seed_042 recycle=3 pLDDT=89.5 pTM=0.704 tol=1.05
2026-08-18 21:02:15,788 alphafold2_ptm_model_1_seed_042 took 28.3s (3 recycles)
2026-08-18 21:02:23,044 alphafold2_ptm_model_2_seed_042 recycle=0 pLDDT=85.1 pTM=0.653
2026-08-18 21:02:30,150 alphafold2_ptm_model_2_seed_042 recycle=1 pLDDT=79.6 pTM=0.581 tol=0.498
2026-08-18 21:02:37,166 alphafold2_ptm_model_2_seed_042 recycle=2 pLDDT=90.8 pTM=0.733 tol=1.49
2026-08-18 21:02:44,169 alphafold2_ptm_model_2_seed_042 recycle=3 pLDDT=92.2 pTM=0.767 tol=0.223
2026-08-18 21:02:44,169 alphafold2_ptm_model_2_seed_042 took 28.4s (3 recycles)
2026-08-18 21:02:51,733 alphafold2_ptm_model_3_seed_042 recycle=0 pLDDT=89.1 pTM=0.685
2026-08-18 21:02:58,820 alphafold2_ptm_model_3_seed_042 recycle=1 pLDDT=87.2 pTM=0.68 tol=1.11
2026-08-18 21:03:05,982 alphafold2_ptm_model_3_seed_042 recycle=2 pLDDT=90.9 pTM=0.731 tol=0.439
2026-08-18 21:03:13,270 alphafold2_ptm_model_3_seed_042 recycle=3 pLDDT=90.9 pTM=0.741 tol=0.0767
2026-08-18 21:03:13,270 alphafold2_ptm_model_3_seed_042 took 29.1s (3 recycles)
2026-08-18 21:03:20,502 alphafold2_ptm_model_4_seed_042 recycle=0 pLDDT=88.2 pTM=0.689
2026-08-18 21:03:27,455 alphafold2_ptm_model_4_seed_042 recycle=1 pLDDT=87.4 pTM=0.684 tol=1.22
2026-08-18 21:03:34,426 alphafold2_ptm_model_4_seed_042 recycle=2 pLDDT=89.8 pTM=0.726 tol=0.168
2026-08-18 21:03:41,431 alphafold2_ptm_model_4_seed_042 recycle=3 pLDDT=89.5 pTM=0.729 tol=0.0803
2026-08-18 21:03:41,431 alphafold2_ptm_model_4_seed_042 took 28.1s (3 recycles)
2026-08-18 21:03:48,500 alphafold2_ptm_model_5_seed_042 recycle=0 pLDDT=87.9 pTM=0.666
2026-08-18 21:03:56,041 alphafold2_ptm_model_5_seed_042 recycle=1 pLDDT=88 pTM=0.67 tol=0.34
2026-08-18 21:04:03,318 alphafold2_ptm_model_5_seed_042 recycle=2 pLDDT=88.4 pTM=0.678 tol=0.0944
2026-08-18 21:04:10,589 alphafold2_ptm_model_5_seed_042 recycle=3 pLDDT=88.3 pTM=0.677 tol=0.0522
2026-08-18 21:04:10,590 alphafold2_ptm_model_5_seed_042 took 29.1s (3 recycles)
2026-08-18 21:04:10,606 reranking models by 'plddt' metric
2026-08-18 21:04:10,606 rank_001_alphafold2_ptm_model_2_seed_042 pLDDT=92.2 pTM=0.767
2026-08-18 21:04:10,607 rank_002_alphafold2_ptm_model_3_seed_042 pLDDT=90.9 pTM=0.741
2026-08-18 21:04:10,609 rank_003_alphafold2_ptm_model_4_seed_042 pLDDT=89.5 pTM=0.729
2026-08-18 21:04:10,611 rank_004_alphafold2_ptm_model_1_seed_042 pLDDT=89.5 pTM=0.704
2026-08-18 21:04:10,612 rank_005_alphafold2_ptm_model_5_seed_042 pLDDT=88.3 pTM=0.677
2026-08-18 21:04:12,700 Query 32/140: design-410_mut-G61D_bias-end (length 72)
2026-08-18 21:04:14,100 Padding length to 82
2026-08-18 21:04:21,071 alphafold2_ptm_model_1_seed_042 recycle=0 pLDDT=87.4 pTM=0.673
2026-08-18 21:04:28,163 alphafold2_ptm_model_1_seed_042 recycle=1 pLDDT=87.9 pTM=0.671 tol=1.07
2026-08-18 21:04:35,159 alphafold2_ptm_model_1_seed_042 recycle=2 pLDDT=90.4 pTM=0.719 tol=0.585
2026-08-18 21:04:42,176 alphafold2_ptm_model_1_seed_042 recycle=3 pLDDT=90.3 pTM=0.724 tol=0.105
2026-08-18 21:04:42,177 alphafold2_ptm_model_1_seed_042 took 28.1s (3 recycles)
2026-08-18 21:04:49,812 alphafold2_ptm_model_2_seed_042 recycle=0 pLDDT=91.6 pTM=0.755
2026-08-18 21:04:57,132 alphafold2_ptm_model_2_seed_042 recycle=1 pLDDT=92.3 pTM=0.773 tol=0.25
2026-08-18 21:05:04,506 alphafold2_ptm_model_2_seed_042 recycle=2 pLDDT=92 pTM=0.773 tol=0.0493
2026-08-18 21:05:11,924 alphafold2_ptm_model_2_seed_042 recycle=3 pLDDT=91.9 pTM=0.772 tol=0.028
2026-08-18 21:05:11,925 alphafold2_ptm_model_2_seed_042 took 29.7s (3 recycles)
2026-08-18 21:05:20,118 alphafold2_ptm_model_3_seed_042 recycle=0 pLDDT=88.8 pTM=0.681
2026-08-18 21:05:28,292 alphafold2_ptm_model_3_seed_042 recycle=1 pLDDT=88.1 pTM=0.688 tol=1.49
2026-08-18 21:05:35,373 alphafold2_ptm_model_3_seed_042 recycle=2 pLDDT=91.2 pTM=0.736 tol=0.232
2026-08-18 21:05:42,641 alphafold2_ptm_model_3_seed_042 recycle=3 pLDDT=91.6 pTM=0.748 tol=0.0461
2026-08-18 21:05:42,641 alphafold2_ptm_model_3_seed_042 took 30.7s (3 recycles)
2026-08-18 21:05:50,234 alphafold2_ptm_model_4_seed_042 recycle=0 pLDDT=87.5 pTM=0.676
2026-08-18 21:05:57,459 alphafold2_ptm_model_4_seed_042 recycle=1 pLDDT=89.5 pTM=0.723 tol=0.996
2026-08-18 21:06:04,491 alphafold2_ptm_model_4_seed_042 recycle=2 pLDDT=89.6 pTM=0.732 tol=0.0889
2026-08-18 21:06:11,562 alphafold2_ptm_model_4_seed_042 recycle=3 pLDDT=89.5 pTM=0.731 tol=0.0445
2026-08-18 21:06:11,563 alphafold2_ptm_model_4_seed_042 took 28.9s (3 recycles)
2026-08-18 21:06:18,588 alphafold2_ptm_model_5_seed_042 recycle=0 pLDDT=89.8 pTM=0.704
2026-08-18 21:06:25,543 alphafold2_ptm_model_5_seed_042 recycle=1 pLDDT=88.5 pTM=0.683 tol=0.29
2026-08-18 21:06:32,535 alphafold2_ptm_model_5_seed_042 recycle=2 pLDDT=89.4 pTM=0.697 tol=0.0762
2026-08-18 21:06:39,524 alphafold2_ptm_model_5_seed_042 recycle=3 pLDDT=89.8 pTM=0.701 tol=0.0472
2026-08-18 21:06:39,524 alphafold2_ptm_model_5_seed_042 took 27.9s (3 recycles)
2026-08-18 21:06:39,540 reranking models by 'plddt' metric
2026-08-18 21:06:39,540 rank_001_alphafold2_ptm_model_2_seed_042 pLDDT=91.9 pTM=0.772
2026-08-18 21:06:39,542 rank_002_alphafold2_ptm_model_3_seed_042 pLDDT=91.6 pTM=0.748
2026-08-18 21:06:39,543 rank_003_alphafold2_ptm_model_1_seed_042 pLDDT=90.3 pTM=0.724
2026-08-18 21:06:39,545 rank_004_alphafold2_ptm_model_5_seed_042 pLDDT=89.8 pTM=0.701
2026-08-18 21:06:39,546 rank_005_alphafold2_ptm_model_4_seed_042 pLDDT=89.5 pTM=0.731
2026-08-18 21:06:41,404 Query 33/140: design-410_mut-G35N_bias-end (length 72)
2026-08-18 21:06:42,807 Padding length to 82
2026-08-18 21:06:49,956 alphafold2_ptm_model_1_seed_042 recycle=0 pLDDT=78.6 pTM=0.586
2026-08-18 21:06:57,138 alphafold2_ptm_model_1_seed_042 recycle=1 pLDDT=84.9 pTM=0.622 tol=1.78
2026-08-18 21:07:04,318 alphafold2_ptm_model_1_seed_042 recycle=2 pLDDT=88.5 pTM=0.683 tol=0.991
2026-08-18 21:07:11,556 alphafold2_ptm_model_1_seed_042 recycle=3 pLDDT=90.5 pTM=0.721 tol=0.237
2026-08-18 21:07:11,556 alphafold2_ptm_model_1_seed_042 took 28.7s (3 recycles)
2026-08-18 21:07:18,803 alphafold2_ptm_model_2_seed_042 recycle=0 pLDDT=91.4 pTM=0.748
2026-08-18 21:07:25,896 alphafold2_ptm_model_2_seed_042 recycle=1 pLDDT=92.6 pTM=0.774 tol=0.283
2026-08-18 21:07:33,289 alphafold2_ptm_model_2_seed_042 recycle=2 pLDDT=92.1 pTM=0.776 tol=0.0723
2026-08-18 21:07:40,795 alphafold2_ptm_model_2_seed_042 recycle=3 pLDDT=91.9 pTM=0.774 tol=0.0425
2026-08-18 21:07:40,796 alphafold2_ptm_model_2_seed_042 took 29.2s (3 recycles)
2026-08-18 21:07:48,110 alphafold2_ptm_model_3_seed_042 recycle=0 pLDDT=88.9 pTM=0.691
2026-08-18 21:07:55,193 alphafold2_ptm_model_3_seed_042 recycle=1 pLDDT=87.5 pTM=0.677 tol=1.2
2026-08-18 21:08:02,257 alphafold2_ptm_model_3_seed_042 recycle=2 pLDDT=90.5 pTM=0.735 tol=0.256
2026-08-18 21:08:12,085 alphafold2_ptm_model_3_seed_042 recycle=3 pLDDT=91 pTM=0.74 tol=0.109
2026-08-18 21:08:12,085 alphafold2_ptm_model_3_seed_042 took 31.3s (3 recycles)
2026-08-18 21:08:19,549 alphafold2_ptm_model_4_seed_042 recycle=0 pLDDT=88.1 pTM=0.688
2026-08-18 21:08:27,579 alphafold2_ptm_model_4_seed_042 recycle=1 pLDDT=88.8 pTM=0.708 tol=1.1
2026-08-18 21:08:35,334 alphafold2_ptm_model_4_seed_042 recycle=2 pLDDT=89.5 pTM=0.731 tol=0.186
2026-08-18 21:08:42,566 alphafold2_ptm_model_4_seed_042 recycle=3 pLDDT=89.4 pTM=0.731 tol=0.0523
2026-08-18 21:08:42,567 alphafold2_ptm_model_4_seed_042 took 30.5s (3 recycles)
2026-08-18 21:08:50,469 alphafold2_ptm_model_5_seed_042 recycle=0 pLDDT=89.9 pTM=0.698
2026-08-18 21:08:57,802 alphafold2_ptm_model_5_seed_042 recycle=1 pLDDT=87.9 pTM=0.673 tol=0.364
2026-08-18 21:09:04,983 alphafold2_ptm_model_5_seed_042 recycle=2 pLDDT=88.9 pTM=0.689 tol=0.0967
2026-08-18 21:09:12,240 alphafold2_ptm_model_5_seed_042 recycle=3 pLDDT=89 pTM=0.69 tol=0.0448
2026-08-18 21:09:12,240 alphafold2_ptm_model_5_seed_042 took 29.7s (3 recycles)
2026-08-18 21:09:12,366 reranking models by 'plddt' metric
2026-08-18 21:09:12,366 rank_001_alphafold2_ptm_model_2_seed_042 pLDDT=91.9 pTM=0.774
2026-08-18 21:09:12,367 rank_002_alphafold2_ptm_model_3_seed_042 pLDDT=91 pTM=0.74
2026-08-18 21:09:12,369 rank_003_alphafold2_ptm_model_1_seed_042 pLDDT=90.5 pTM=0.721
2026-08-18 21:09:12,370 rank_004_alphafold2_ptm_model_4_seed_042 pLDDT=89.4 pTM=0.731
2026-08-18 21:09:12,372 rank_005_alphafold2_ptm_model_5_seed_042 pLDDT=89 pTM=0.69
2026-08-18 21:09:14,289 Query 34/140: design-410_mut-G61N_bias-end (length 72)
2026-08-18 21:09:15,963 Padding length to 82
2026-08-18 21:09:23,289 alphafold2_ptm_model_1_seed_042 recycle=0 pLDDT=76.8 pTM=0.57
2026-08-18 21:09:30,733 alphafold2_ptm_model_1_seed_042 recycle=1 pLDDT=89.6 pTM=0.69 tol=1.85
2026-08-18 21:09:38,136 alphafold2_ptm_model_1_seed_042 recycle=2 pLDDT=91.6 pTM=0.731 tol=0.361
2026-08-18 21:09:45,410 alphafold2_ptm_model_1_seed_042 recycle=3 pLDDT=91.6 pTM=0.739 tol=0.0687
2026-08-18 21:09:45,410 alphafold2_ptm_model_1_seed_042 took 29.4s (3 recycles)
2026-08-18 21:09:52,997 alphafold2_ptm_model_2_seed_042 recycle=0 pLDDT=91.7 pTM=0.749
2026-08-18 21:10:00,454 alphafold2_ptm_model_2_seed_042 recycle=1 pLDDT=92.4 pTM=0.774 tol=0.236
2026-08-18 21:10:07,716 alphafold2_ptm_model_2_seed_042 recycle=2 pLDDT=91.9 pTM=0.772 tol=0.0583
2026-08-18 21:10:15,224 alphafold2_ptm_model_2_seed_042 recycle=3 pLDDT=91.7 pTM=0.771 tol=0.0302
2026-08-18 21:10:15,224 alphafold2_ptm_model_2_seed_042 took 29.8s (3 recycles)
2026-08-18 21:10:22,674 alphafold2_ptm_model_3_seed_042 recycle=0 pLDDT=88.5 pTM=0.68
2026-08-18 21:10:30,119 alphafold2_ptm_model_3_seed_042 recycle=1 pLDDT=87.8 pTM=0.68 tol=1.47
2026-08-18 21:10:37,854 alphafold2_ptm_model_3_seed_042 recycle=2 pLDDT=91.6 pTM=0.74 tol=0.216
2026-08-18 21:10:44,978 alphafold2_ptm_model_3_seed_042 recycle=3 pLDDT=91.9 pTM=0.753 tol=0.0436
2026-08-18 21:10:44,979 alphafold2_ptm_model_3_seed_042 took 29.7s (3 recycles)
2026-08-18 21:10:52,253 alphafold2_ptm_model_4_seed_042 recycle=0 pLDDT=87.7 pTM=0.682
2026-08-18 21:10:59,486 alphafold2_ptm_model_4_seed_042 recycle=1 pLDDT=89.3 pTM=0.723 tol=0.816
2026-08-18 21:11:08,260 alphafold2_ptm_model_4_seed_042 recycle=2 pLDDT=89.6 pTM=0.733 tol=0.123
2026-08-18 21:11:15,684 alphafold2_ptm_model_4_seed_042 recycle=3 pLDDT=89.6 pTM=0.733 tol=0.0392
2026-08-18 21:11:15,684 alphafold2_ptm_model_4_seed_042 took 30.7s (3 recycles)
2026-08-18 21:11:23,081 alphafold2_ptm_model_5_seed_042 recycle=0 pLDDT=90.2 pTM=0.712
2026-08-18 21:11:30,253 alphafold2_ptm_model_5_seed_042 recycle=1 pLDDT=87.9 pTM=0.676 tol=0.292
2026-08-18 21:11:37,851 alphafold2_ptm_model_5_seed_042 recycle=2 pLDDT=88.8 pTM=0.688 tol=0.0839
2026-08-18 21:11:45,123 alphafold2_ptm_model_5_seed_042 recycle=3 pLDDT=88.8 pTM=0.687 tol=0.0363
2026-08-18 21:11:45,123 alphafold2_ptm_model_5_seed_042 took 29.4s (3 recycles)
2026-08-18 21:11:45,140 reranking models by 'plddt' metric
2026-08-18 21:11:45,140 rank_001_alphafold2_ptm_model_3_seed_042 pLDDT=91.9 pTM=0.753
2026-08-18 21:11:45,141 rank_002_alphafold2_ptm_model_2_seed_042 pLDDT=91.7 pTM=0.771
2026-08-18 21:11:45,143 rank_003_alphafold2_ptm_model_1_seed_042 pLDDT=91.6 pTM=0.739
2026-08-18 21:11:45,144 rank_004_alphafold2_ptm_model_4_seed_042 pLDDT=89.6 pTM=0.733
2026-08-18 21:11:45,145 rank_005_alphafold2_ptm_model_5_seed_042 pLDDT=88.8 pTM=0.687
2026-08-18 21:11:47,098 Query 35/140: design-410_mut-A9W_bias-end (length 72)
2026-08-18 21:11:48,490 Padding length to 82
2026-08-18 21:11:55,742 alphafold2_ptm_model_1_seed_042 recycle=0 pLDDT=80.9 pTM=0.641
2026-08-18 21:12:03,074 alphafold2_ptm_model_1_seed_042 recycle=1 pLDDT=91.9 pTM=0.741 tol=0.559
2026-08-18 21:12:10,755 alphafold2_ptm_model_1_seed_042 recycle=2 pLDDT=91.8 pTM=0.748 tol=0.0684
2026-08-18 21:12:18,151 alphafold2_ptm_model_1_seed_042 recycle=3 pLDDT=91.9 pTM=0.752 tol=0.0306
2026-08-18 21:12:18,151 alphafold2_ptm_model_1_seed_042 took 29.7s (3 recycles)
2026-08-18 21:12:25,210 alphafold2_ptm_model_2_seed_042 recycle=0 pLDDT=93.8 pTM=0.788
2026-08-18 21:12:32,260 alphafold2_ptm_model_2_seed_042 recycle=1 pLDDT=93.5 pTM=0.792 tol=0.188
2026-08-18 21:12:39,277 alphafold2_ptm_model_2_seed_042 recycle=2 pLDDT=93.7 pTM=0.794 tol=0.0599
2026-08-18 21:12:46,321 alphafold2_ptm_model_2_seed_042 recycle=3 pLDDT=93.6 pTM=0.794 tol=0.0298
2026-08-18 21:12:46,321 alphafold2_ptm_model_2_seed_042 took 28.2s (3 recycles)
2026-08-18 21:12:53,464 alphafold2_ptm_model_3_seed_042 recycle=0 pLDDT=90.2 pTM=0.722
2026-08-18 21:13:00,510 alphafold2_ptm_model_3_seed_042 recycle=1 pLDDT=91.9 pTM=0.763 tol=0.179
2026-08-18 21:13:07,673 alphafold2_ptm_model_3_seed_042 recycle=2 pLDDT=92.4 pTM=0.773 tol=0.0652
2026-08-18 21:13:14,730 alphafold2_ptm_model_3_seed_042 recycle=3 pLDDT=92.8 pTM=0.775 tol=0.0333
2026-08-18 21:13:14,730 alphafold2_ptm_model_3_seed_042 took 28.4s (3 recycles)
2026-08-18 21:13:21,903 alphafold2_ptm_model_4_seed_042 recycle=0 pLDDT=90.4 pTM=0.729
2026-08-18 21:13:28,914 alphafold2_ptm_model_4_seed_042 recycle=1 pLDDT=91.4 pTM=0.756 tol=0.243
2026-08-18 21:13:35,933 alphafold2_ptm_model_4_seed_042 recycle=2 pLDDT=90.9 pTM=0.759 tol=0.0708
2026-08-18 21:13:42,897 alphafold2_ptm_model_4_seed_042 recycle=3 pLDDT=90.8 pTM=0.757 tol=0.0427
2026-08-18 21:13:42,897 alphafold2_ptm_model_4_seed_042 took 28.2s (3 recycles)
2026-08-18 21:13:50,240 alphafold2_ptm_model_5_seed_042 recycle=0 pLDDT=87.2 pTM=0.678
2026-08-18 21:13:57,632 alphafold2_ptm_model_5_seed_042 recycle=1 pLDDT=90.1 pTM=0.727 tol=0.576
2026-08-18 21:14:06,651 alphafold2_ptm_model_5_seed_042 recycle=2 pLDDT=90.1 pTM=0.733 tol=0.113
2026-08-18 21:14:14,558 alphafold2_ptm_model_5_seed_042 recycle=3 pLDDT=89.7 pTM=0.727 tol=0.141
2026-08-18 21:14:14,558 alphafold2_ptm_model_5_seed_042 took 31.6s (3 recycles)
2026-08-18 21:14:14,593 reranking models by 'plddt' metric
2026-08-18 21:14:14,593 rank_001_alphafold2_ptm_model_2_seed_042 pLDDT=93.6 pTM=0.794
2026-08-18 21:14:14,595 rank_002_alphafold2_ptm_model_3_seed_042 pLDDT=92.8 pTM=0.775
2026-08-18 21:14:14,597 rank_003_alphafold2_ptm_model_1_seed_042 pLDDT=91.9 pTM=0.752
2026-08-18 21:14:14,598 rank_004_alphafold2_ptm_model_4_seed_042 pLDDT=90.8 pTM=0.757
2026-08-18 21:14:14,600 rank_005_alphafold2_ptm_model_5_seed_042 pLDDT=89.7 pTM=0.727
2026-08-18 21:14:16,488 Query 36/140: design-410_mut-A9L_bias-end (length 72)
2026-08-18 21:14:17,875 Padding length to 82
2026-08-18 21:14:24,917 alphafold2_ptm_model_1_seed_042 recycle=0 pLDDT=82.3 pTM=0.621
2026-08-18 21:14:31,998 alphafold2_ptm_model_1_seed_042 recycle=1 pLDDT=92.2 pTM=0.742 tol=0.717
2026-08-18 21:14:39,031 alphafold2_ptm_model_1_seed_042 recycle=2 pLDDT=92.1 pTM=0.747 tol=0.119
2026-08-18 21:14:46,391 alphafold2_ptm_model_1_seed_042 recycle=3 pLDDT=92.2 pTM=0.749 tol=0.05
2026-08-18 21:14:46,391 alphafold2_ptm_model_1_seed_042 took 28.5s (3 recycles)
2026-08-18 21:14:54,097 alphafold2_ptm_model_2_seed_042 recycle=0 pLDDT=93.2 pTM=0.774
2026-08-18 21:15:01,713 alphafold2_ptm_model_2_seed_042 recycle=1 pLDDT=93.4 pTM=0.789 tol=0.188
2026-08-18 21:15:08,876 alphafold2_ptm_model_2_seed_042 recycle=2 pLDDT=93.2 pTM=0.789 tol=0.0689
2026-08-18 21:15:16,051 alphafold2_ptm_model_2_seed_042 recycle=3 pLDDT=93.2 pTM=0.788 tol=0.0301
2026-08-18 21:15:16,051 alphafold2_ptm_model_2_seed_042 took 29.6s (3 recycles)
2026-08-18 21:15:23,568 alphafold2_ptm_model_3_seed_042 recycle=0 pLDDT=87.6 pTM=0.667
2026-08-18 21:15:30,896 alphafold2_ptm_model_3_seed_042 recycle=1 pLDDT=91.6 pTM=0.747 tol=0.418
2026-08-18 21:15:38,036 alphafold2_ptm_model_3_seed_042 recycle=2 pLDDT=92.2 pTM=0.761 tol=0.175
2026-08-18 21:15:45,136 alphafold2_ptm_model_3_seed_042 recycle=3 pLDDT=92.7 pTM=0.77 tol=0.0352
2026-08-18 21:15:45,137 alphafold2_ptm_model_3_seed_042 took 29.1s (3 recycles)
2026-08-18 21:15:52,486 alphafold2_ptm_model_4_seed_042 recycle=0 pLDDT=89.8 pTM=0.709
2026-08-18 21:15:59,937 alphafold2_ptm_model_4_seed_042 recycle=1 pLDDT=91.8 pTM=0.757 tol=0.331
2026-08-18 21:16:07,409 alphafold2_ptm_model_4_seed_042 recycle=2 pLDDT=91.1 pTM=0.757 tol=0.114
2026-08-18 21:16:14,495 alphafold2_ptm_model_4_seed_042 recycle=3 pLDDT=91.1 pTM=0.757 tol=0.0508
2026-08-18 21:16:14,495 alphafold2_ptm_model_4_seed_042 took 29.3s (3 recycles)
2026-08-18 21:16:21,612 alphafold2_ptm_model_5_seed_042 recycle=0 pLDDT=86.5 pTM=0.659
2026-08-18 21:16:28,701 alphafold2_ptm_model_5_seed_042 recycle=1 pLDDT=87.4 pTM=0.678 tol=0.488
2026-08-18 21:16:35,839 alphafold2_ptm_model_5_seed_042 recycle=2 pLDDT=89.8 pTM=0.715 tol=0.287
2026-08-18 21:16:43,037 alphafold2_ptm_model_5_seed_042 recycle=3 pLDDT=89.9 pTM=0.719 tol=0.0731
2026-08-18 21:16:43,037 alphafold2_ptm_model_5_seed_042 took 28.5s (3 recycles)
2026-08-18 21:16:43,055 reranking models by 'plddt' metric
2026-08-18 21:16:43,056 rank_001_alphafold2_ptm_model_2_seed_042 pLDDT=93.2 pTM=0.788
2026-08-18 21:16:43,057 rank_002_alphafold2_ptm_model_3_seed_042 pLDDT=92.7 pTM=0.77
2026-08-18 21:16:43,058 rank_003_alphafold2_ptm_model_1_seed_042 pLDDT=92.2 pTM=0.749
2026-08-18 21:16:43,060 rank_004_alphafold2_ptm_model_4_seed_042 pLDDT=91.1 pTM=0.757
2026-08-18 21:16:43,061 rank_005_alphafold2_ptm_model_5_seed_042 pLDDT=89.9 pTM=0.719
2026-08-18 21:16:45,197 Query 37/140: design-410_mut-G48T_bias-end (length 72)
2026-08-18 21:16:46,631 Padding length to 82
2026-08-18 21:16:53,778 alphafold2_ptm_model_1_seed_042 recycle=0 pLDDT=76.9 pTM=0.569
2026-08-18 21:17:00,925 alphafold2_ptm_model_1_seed_042 recycle=1 pLDDT=88.8 pTM=0.672 tol=1.8
2026-08-18 21:17:09,227 alphafold2_ptm_model_1_seed_042 recycle=2 pLDDT=91.3 pTM=0.723 tol=0.492
2026-08-18 21:17:16,806 alphafold2_ptm_model_1_seed_042 recycle=3 pLDDT=91.3 pTM=0.73 tol=0.0626
2026-08-18 21:17:16,806 alphafold2_ptm_model_1_seed_042 took 30.2s (3 recycles)
2026-08-18 21:17:24,070 alphafold2_ptm_model_2_seed_042 recycle=0 pLDDT=85.3 pTM=0.65
2026-08-18 21:17:31,344 alphafold2_ptm_model_2_seed_042 recycle=1 pLDDT=88.5 pTM=0.707 tol=1.82
2026-08-18 21:17:38,563 alphafold2_ptm_model_2_seed_042 recycle=2 pLDDT=92.2 pTM=0.768 tol=0.462
2026-08-18 21:17:45,838 alphafold2_ptm_model_2_seed_042 recycle=3 pLDDT=91.9 pTM=0.772 tol=0.0807
2026-08-18 21:17:45,839 alphafold2_ptm_model_2_seed_042 took 29.0s (3 recycles)
2026-08-18 21:17:53,885 alphafold2_ptm_model_3_seed_042 recycle=0 pLDDT=89.2 pTM=0.688
2026-08-18 21:18:01,719 alphafold2_ptm_model_3_seed_042 recycle=1 pLDDT=87 pTM=0.679 tol=0.918
2026-08-18 21:18:09,512 alphafold2_ptm_model_3_seed_042 recycle=2 pLDDT=91.1 pTM=0.734 tol=0.569
2026-08-18 21:18:16,754 alphafold2_ptm_model_3_seed_042 recycle=3 pLDDT=91.1 pTM=0.742 tol=0.0799
2026-08-18 21:18:16,755 alphafold2_ptm_model_3_seed_042 took 30.9s (3 recycles)
2026-08-18 21:18:24,508 alphafold2_ptm_model_4_seed_042 recycle=0 pLDDT=88.4 pTM=0.691
2026-08-18 21:18:32,700 alphafold2_ptm_model_4_seed_042 recycle=1 pLDDT=88.2 pTM=0.696 tol=1.19
2026-08-18 21:18:39,956 alphafold2_ptm_model_4_seed_042 recycle=2 pLDDT=89.9 pTM=0.73 tol=0.18
2026-08-18 21:18:47,171 alphafold2_ptm_model_4_seed_042 recycle=3 pLDDT=89.8 pTM=0.733 tol=0.0603
2026-08-18 21:18:47,171 alphafold2_ptm_model_4_seed_042 took 30.4s (3 recycles)
2026-08-18 21:18:54,882 alphafold2_ptm_model_5_seed_042 recycle=0 pLDDT=90.2 pTM=0.704
2026-08-18 21:19:02,828 alphafold2_ptm_model_5_seed_042 recycle=1 pLDDT=87.4 pTM=0.667 tol=0.241
2026-08-18 21:19:10,162 alphafold2_ptm_model_5_seed_042 recycle=2 pLDDT=86.9 pTM=0.661 tol=0.254
2026-08-18 21:19:17,357 alphafold2_ptm_model_5_seed_042 recycle=3 pLDDT=87.1 pTM=0.675 tol=0.52
2026-08-18 21:19:17,357 alphafold2_ptm_model_5_seed_042 took 30.2s (3 recycles)
2026-08-18 21:19:17,385 reranking models by 'plddt' metric
2026-08-18 21:19:17,385 rank_001_alphafold2_ptm_model_2_seed_042 pLDDT=91.9 pTM=0.772
2026-08-18 21:19:17,386 rank_002_alphafold2_ptm_model_1_seed_042 pLDDT=91.3 pTM=0.73
2026-08-18 21:19:17,388 rank_003_alphafold2_ptm_model_3_seed_042 pLDDT=91.1 pTM=0.742
2026-08-18 21:19:17,389 rank_004_alphafold2_ptm_model_4_seed_042 pLDDT=89.8 pTM=0.733
2026-08-18 21:19:17,390 rank_005_alphafold2_ptm_model_5_seed_042 pLDDT=87.1 pTM=0.675
2026-08-18 21:19:19,190 Query 38/140: design-410_mut-A9E_bias-end (length 72)
2026-08-18 21:19:20,637 Padding length to 82
2026-08-18 21:19:27,676 alphafold2_ptm_model_1_seed_042 recycle=0 pLDDT=81.2 pTM=0.622
2026-08-18 21:19:34,731 alphafold2_ptm_model_1_seed_042 recycle=1 pLDDT=84.4 pTM=0.632 tol=0.558
2026-08-18 21:19:41,838 alphafold2_ptm_model_1_seed_042 recycle=2 pLDDT=90.4 pTM=0.705 tol=1.59
2026-08-18 21:19:49,013 alphafold2_ptm_model_1_seed_042 recycle=3 pLDDT=91.1 pTM=0.728 tol=0.0912
2026-08-18 21:19:49,013 alphafold2_ptm_model_1_seed_042 took 28.4s (3 recycles)
2026-08-18 21:19:56,447 alphafold2_ptm_model_2_seed_042 recycle=0 pLDDT=92.2 pTM=0.771
2026-08-18 21:20:03,757 alphafold2_ptm_model_2_seed_042 recycle=1 pLDDT=91.6 pTM=0.771 tol=0.167
2026-08-18 21:20:13,416 alphafold2_ptm_model_2_seed_042 recycle=2 pLDDT=92.2 pTM=0.777 tol=0.0743
2026-08-18 21:20:21,350 alphafold2_ptm_model_2_seed_042 recycle=3 pLDDT=92.5 pTM=0.779 tol=0.0256
2026-08-18 21:20:21,350 alphafold2_ptm_model_2_seed_042 took 32.3s (3 recycles)
2026-08-18 21:20:28,814 alphafold2_ptm_model_3_seed_042 recycle=0 pLDDT=89.4 pTM=0.707
2026-08-18 21:20:35,958 alphafold2_ptm_model_3_seed_042 recycle=1 pLDDT=91.3 pTM=0.749 tol=0.146
2026-08-18 21:20:43,382 alphafold2_ptm_model_3_seed_042 recycle=2 pLDDT=92.1 pTM=0.758 tol=0.0793
2026-08-18 21:20:50,469 alphafold2_ptm_model_3_seed_042 recycle=3 pLDDT=92 pTM=0.758 tol=0.0581
2026-08-18 21:20:50,470 alphafold2_ptm_model_3_seed_042 took 29.1s (3 recycles)
2026-08-18 21:20:57,607 alphafold2_ptm_model_4_seed_042 recycle=0 pLDDT=88.9 pTM=0.709
2026-08-18 21:21:04,878 alphafold2_ptm_model_4_seed_042 recycle=1 pLDDT=89.8 pTM=0.729 tol=0.169
2026-08-18 21:21:12,311 alphafold2_ptm_model_4_seed_042 recycle=2 pLDDT=89.4 pTM=0.733 tol=0.0777
2026-08-18 21:21:19,407 alphafold2_ptm_model_4_seed_042 recycle=3 pLDDT=89.2 pTM=0.732 tol=0.0839
2026-08-18 21:21:19,407 alphafold2_ptm_model_4_seed_042 took 28.9s (3 recycles)
2026-08-18 21:21:26,560 alphafold2_ptm_model_5_seed_042 recycle=0 pLDDT=90.4 pTM=0.713
2026-08-18 21:21:33,625 alphafold2_ptm_model_5_seed_042 recycle=1 pLDDT=91.2 pTM=0.731 tol=0.261
2026-08-18 21:21:40,671 alphafold2_ptm_model_5_seed_042 recycle=2 pLDDT=90.8 pTM=0.729 tol=0.16
2026-08-18 21:21:47,817 alphafold2_ptm_model_5_seed_042 recycle=3 pLDDT=90.4 pTM=0.722 tol=0.111
2026-08-18 21:21:47,818 alphafold2_ptm_model_5_seed_042 took 28.4s (3 recycles)
2026-08-18 21:21:47,837 reranking models by 'plddt' metric
2026-08-18 21:21:47,837 rank_001_alphafold2_ptm_model_2_seed_042 pLDDT=92.5 pTM=0.779
2026-08-18 21:21:47,839 rank_002_alphafold2_ptm_model_3_seed_042 pLDDT=92 pTM=0.758
2026-08-18 21:21:47,840 rank_003_alphafold2_ptm_model_1_seed_042 pLDDT=91.1 pTM=0.728
2026-08-18 21:21:47,841 rank_004_alphafold2_ptm_model_5_seed_042 pLDDT=90.4 pTM=0.722
2026-08-18 21:21:47,843 rank_005_alphafold2_ptm_model_4_seed_042 pLDDT=89.2 pTM=0.732
2026-08-18 21:21:49,659 Query 39/140: design-410_mut-A9Y_bias-end (length 72)
2026-08-18 21:21:51,058 Padding length to 82
2026-08-18 21:21:58,154 alphafold2_ptm_model_1_seed_042 recycle=0 pLDDT=82.9 pTM=0.646
2026-08-18 21:22:05,236 alphafold2_ptm_model_1_seed_042 recycle=1 pLDDT=85.4 pTM=0.636 tol=0.428
2026-08-18 21:22:12,250 alphafold2_ptm_model_1_seed_042 recycle=2 pLDDT=85.6 pTM=0.639 tol=0.146
2026-08-18 21:22:19,303 alphafold2_ptm_model_1_seed_042 recycle=3 pLDDT=82.4 pTM=0.636 tol=0.902
2026-08-18 21:22:19,303 alphafold2_ptm_model_1_seed_042 took 28.2s (3 recycles)
2026-08-18 21:22:26,597 alphafold2_ptm_model_2_seed_042 recycle=0 pLDDT=93.2 pTM=0.782
2026-08-18 21:22:33,544 alphafold2_ptm_model_2_seed_042 recycle=1 pLDDT=92.6 pTM=0.787 tol=0.19
2026-08-18 21:22:40,492 alphafold2_ptm_model_2_seed_042 recycle=2 pLDDT=92.4 pTM=0.787 tol=0.0643
2026-08-18 21:22:47,482 alphafold2_ptm_model_2_seed_042 recycle=3 pLDDT=92.4 pTM=0.787 tol=0.037
2026-08-18 21:22:47,482 alphafold2_ptm_model_2_seed_042 took 28.2s (3 recycles)
2026-08-18 21:22:55,152 alphafold2_ptm_model_3_seed_042 recycle=0 pLDDT=89.4 pTM=0.704
2026-08-18 21:23:02,542 alphafold2_ptm_model_3_seed_042 recycle=1 pLDDT=90.7 pTM=0.741 tol=0.335
2026-08-18 21:23:10,244 alphafold2_ptm_model_3_seed_042 recycle=2 pLDDT=91.3 pTM=0.752 tol=0.212
2026-08-18 21:23:20,596 alphafold2_ptm_model_3_seed_042 recycle=3 pLDDT=91.5 pTM=0.76 tol=0.063
2026-08-18 21:23:20,596 alphafold2_ptm_model_3_seed_042 took 33.1s (3 recycles)
2026-08-18 21:23:27,729 alphafold2_ptm_model_4_seed_042 recycle=0 pLDDT=90.6 pTM=0.737
2026-08-18 21:23:34,758 alphafold2_ptm_model_4_seed_042 recycle=1 pLDDT=90.4 pTM=0.748 tol=0.268
2026-08-18 21:23:41,770 alphafold2_ptm_model_4_seed_042 recycle=2 pLDDT=90.7 pTM=0.759 tol=0.152
2026-08-18 21:23:48,833 alphafold2_ptm_model_4_seed_042 recycle=3 pLDDT=90.8 pTM=0.76 tol=0.0417
2026-08-18 21:23:48,834 alphafold2_ptm_model_4_seed_042 took 28.2s (3 recycles)
2026-08-18 21:23:56,706 alphafold2_ptm_model_5_seed_042 recycle=0 pLDDT=86.6 pTM=0.672
2026-08-18 21:24:04,729 alphafold2_ptm_model_5_seed_042 recycle=1 pLDDT=90.4 pTM=0.728 tol=0.855
2026-08-18 21:24:12,371 alphafold2_ptm_model_5_seed_042 recycle=2 pLDDT=90.1 pTM=0.735 tol=0.139
2026-08-18 21:24:19,464 alphafold2_ptm_model_5_seed_042 recycle=3 pLDDT=90 pTM=0.732 tol=0.0633
2026-08-18 21:24:19,464 alphafold2_ptm_model_5_seed_042 took 30.6s (3 recycles)
2026-08-18 21:24:19,501 reranking models by 'plddt' metric
2026-08-18 21:24:19,501 rank_001_alphafold2_ptm_model_2_seed_042 pLDDT=92.4 pTM=0.787
2026-08-18 21:24:19,503 rank_002_alphafold2_ptm_model_3_seed_042 pLDDT=91.5 pTM=0.76
2026-08-18 21:24:19,504 rank_003_alphafold2_ptm_model_4_seed_042 pLDDT=90.8 pTM=0.76
2026-08-18 21:24:19,506 rank_004_alphafold2_ptm_model_5_seed_042 pLDDT=90 pTM=0.732
2026-08-18 21:24:19,507 rank_005_alphafold2_ptm_model_1_seed_042 pLDDT=82.4 pTM=0.636
2026-08-18 21:24:21,680 Query 40/140: design-410_mut-A9F_bias-end (length 72)
2026-08-18 21:24:23,099 Padding length to 82
2026-08-18 21:24:30,128 alphafold2_ptm_model_1_seed_042 recycle=0 pLDDT=83.6 pTM=0.629
2026-08-18 21:24:37,279 alphafold2_ptm_model_1_seed_042 recycle=1 pLDDT=91.5 pTM=0.734 tol=0.557
2026-08-18 21:24:44,337 alphafold2_ptm_model_1_seed_042 recycle=2 pLDDT=91.4 pTM=0.741 tol=0.102
2026-08-18 21:24:51,395 alphafold2_ptm_model_1_seed_042 recycle=3 pLDDT=91.4 pTM=0.745 tol=0.0406
2026-08-18 21:24:51,396 alphafold2_ptm_model_1_seed_042 took 28.3s (3 recycles)
2026-08-18 21:24:58,776 alphafold2_ptm_model_2_seed_042 recycle=0 pLDDT=92.4 pTM=0.76
2026-08-18 21:25:06,050 alphafold2_ptm_model_2_seed_042 recycle=1 pLDDT=92.5 pTM=0.781 tol=0.263
2026-08-18 21:25:13,214 alphafold2_ptm_model_2_seed_042 recycle=2 pLDDT=92.4 pTM=0.784 tol=0.0605
2026-08-18 21:25:20,394 alphafold2_ptm_model_2_seed_042 recycle=3 pLDDT=92.2 pTM=0.782 tol=0.0219
2026-08-18 21:25:20,395 alphafold2_ptm_model_2_seed_042 took 29.0s (3 recycles)
2026-08-18 21:25:27,758 alphafold2_ptm_model_3_seed_042 recycle=0 pLDDT=87.8 pTM=0.683
2026-08-18 21:25:34,831 alphafold2_ptm_model_3_seed_042 recycle=1 pLDDT=90.6 pTM=0.734 tol=0.316
2026-08-18 21:25:42,096 alphafold2_ptm_model_3_seed_042 recycle=2 pLDDT=91.1 pTM=0.753 tol=0.193
2026-08-18 21:25:49,736 alphafold2_ptm_model_3_seed_042 recycle=3 pLDDT=91.6 pTM=0.763 tol=0.0474
2026-08-18 21:25:49,736 alphafold2_ptm_model_3_seed_042 took 29.3s (3 recycles)
2026-08-18 21:25:57,202 alphafold2_ptm_model_4_seed_042 recycle=0 pLDDT=88.8 pTM=0.701
2026-08-18 21:26:04,586 alphafold2_ptm_model_4_seed_042 recycle=1 pLDDT=90.8 pTM=0.745 tol=0.498
2026-08-18 21:26:11,871 alphafold2_ptm_model_4_seed_042 recycle=2 pLDDT=90.1 pTM=0.75 tol=0.202
2026-08-18 21:26:19,112 alphafold2_ptm_model_4_seed_042 recycle=3 pLDDT=90.1 pTM=0.751 tol=0.0836
2026-08-18 21:26:19,112 alphafold2_ptm_model_4_seed_042 took 29.4s (3 recycles)
2026-08-18 21:26:27,213 alphafold2_ptm_model_5_seed_042 recycle=0 pLDDT=86.6 pTM=0.669
2026-08-18 21:26:34,424 alphafold2_ptm_model_5_seed_042 recycle=1 pLDDT=86.8 pTM=0.672 tol=0.523
2026-08-18 21:26:41,628 alphafold2_ptm_model_5_seed_042 recycle=2 pLDDT=88.3 pTM=0.706 tol=0.273
2026-08-18 21:26:48,848 alphafold2_ptm_model_5_seed_042 recycle=3 pLDDT=88.7 pTM=0.71 tol=0.074
2026-08-18 21:26:48,848 alphafold2_ptm_model_5_seed_042 took 29.7s (3 recycles)
2026-08-18 21:26:48,870 reranking models by 'plddt' metric
2026-08-18 21:26:48,870 rank_001_alphafold2_ptm_model_2_seed_042 pLDDT=92.2 pTM=0.782
2026-08-18 21:26:48,871 rank_002_alphafold2_ptm_model_3_seed_042 pLDDT=91.6 pTM=0.763
2026-08-18 21:26:48,873 rank_003_alphafold2_ptm_model_1_seed_042 pLDDT=91.4 pTM=0.745
2026-08-18 21:26:48,874 rank_004_alphafold2_ptm_model_4_seed_042 pLDDT=90.1 pTM=0.751
2026-08-18 21:26:48,875 rank_005_alphafold2_ptm_model_5_seed_042 pLDDT=88.7 pTM=0.71
2026-08-18 21:26:51,154 Query 41/140: design-431_mut-A38V_bias-start (length 108)
2026-08-18 21:27:14,712 alphafold2_ptm_model_1_seed_042 recycle=0 pLDDT=83.2 pTM=0.685
2026-08-18 21:27:27,274 alphafold2_ptm_model_1_seed_042 recycle=1 pLDDT=89.5 pTM=0.74 tol=1.79
2026-08-18 21:27:39,903 alphafold2_ptm_model_1_seed_042 recycle=2 pLDDT=89.8 pTM=0.741 tol=0.333
2026-08-18 21:27:52,497 alphafold2_ptm_model_1_seed_042 recycle=3 pLDDT=89.4 pTM=0.729 tol=0.136
2026-08-18 21:27:52,497 alphafold2_ptm_model_1_seed_042 took 59.9s (3 recycles)
2026-08-18 21:28:05,965 alphafold2_ptm_model_2_seed_042 recycle=0 pLDDT=60.7 pTM=0.527
2026-08-18 21:28:19,808 alphafold2_ptm_model_2_seed_042 recycle=1 pLDDT=87.9 pTM=0.733 tol=5.16
2026-08-18 21:28:32,351 alphafold2_ptm_model_2_seed_042 recycle=2 pLDDT=89.8 pTM=0.748 tol=0.479
2026-08-18 21:28:44,889 alphafold2_ptm_model_2_seed_042 recycle=3 pLDDT=88.9 pTM=0.737 tol=0.278
2026-08-18 21:28:44,889 alphafold2_ptm_model_2_seed_042 took 52.4s (3 recycles)
2026-08-18 21:28:57,677 alphafold2_ptm_model_3_seed_042 recycle=0 pLDDT=61.5 pTM=0.472
2026-08-18 21:29:10,446 alphafold2_ptm_model_3_seed_042 recycle=1 pLDDT=83.5 pTM=0.684 tol=6.47
2026-08-18 21:29:23,098 alphafold2_ptm_model_3_seed_042 recycle=2 pLDDT=89 pTM=0.735 tol=2.05
2026-08-18 21:29:35,771 alphafold2_ptm_model_3_seed_042 recycle=3 pLDDT=88.6 pTM=0.731 tol=0.37
2026-08-18 21:29:35,772 alphafold2_ptm_model_3_seed_042 took 50.8s (3 recycles)
2026-08-18 21:29:48,474 alphafold2_ptm_model_4_seed_042 recycle=0 pLDDT=62.5 pTM=0.517
2026-08-18 21:30:01,024 alphafold2_ptm_model_4_seed_042 recycle=1 pLDDT=66.9 pTM=0.568 tol=2.1
2026-08-18 21:30:13,638 alphafold2_ptm_model_4_seed_042 recycle=2 pLDDT=83.8 pTM=0.705 tol=6.75
2026-08-18 21:30:26,133 alphafold2_ptm_model_4_seed_042 recycle=3 pLDDT=86.1 pTM=0.723 tol=1.75
2026-08-18 21:30:26,134 alphafold2_ptm_model_4_seed_042 took 50.3s (3 recycles)
2026-08-18 21:30:38,711 alphafold2_ptm_model_5_seed_042 recycle=0 pLDDT=61.9 pTM=0.486
2026-08-18 21:30:51,300 alphafold2_ptm_model_5_seed_042 recycle=1 pLDDT=85.4 pTM=0.696 tol=5.99
2026-08-18 21:31:03,968 alphafold2_ptm_model_5_seed_042 recycle=2 pLDDT=80.6 pTM=0.646 tol=0.281
2026-08-18 21:31:16,533 alphafold2_ptm_model_5_seed_042 recycle=3 pLDDT=81.5 pTM=0.649 tol=0.0889
2026-08-18 21:31:16,533 alphafold2_ptm_model_5_seed_042 took 50.3s (3 recycles)
2026-08-18 21:31:16,578 reranking models by 'plddt' metric
2026-08-18 21:31:16,578 rank_001_alphafold2_ptm_model_1_seed_042 pLDDT=89.4 pTM=0.729
2026-08-18 21:31:16,579 rank_002_alphafold2_ptm_model_2_seed_042 pLDDT=88.9 pTM=0.737
2026-08-18 21:31:16,581 rank_003_alphafold2_ptm_model_3_seed_042 pLDDT=88.6 pTM=0.731
2026-08-18 21:31:16,582 rank_004_alphafold2_ptm_model_4_seed_042 pLDDT=86.1 pTM=0.723
2026-08-18 21:31:16,584 rank_005_alphafold2_ptm_model_5_seed_042 pLDDT=81.5 pTM=0.649
2026-08-18 21:31:18,610 Query 42/140: design-431_mut-F108G_bias-start (length 108)
2026-08-18 21:31:32,620 alphafold2_ptm_model_1_seed_042 recycle=0 pLDDT=83.7 pTM=0.676
2026-08-18 21:31:45,190 alphafold2_ptm_model_1_seed_042 recycle=1 pLDDT=82.8 pTM=0.676 tol=1.06
2026-08-18 21:31:57,854 alphafold2_ptm_model_1_seed_042 recycle=2 pLDDT=88.9 pTM=0.729 tol=0.877
2026-08-18 21:32:10,539 alphafold2_ptm_model_1_seed_042 recycle=3 pLDDT=89.4 pTM=0.73 tol=0.138
2026-08-18 21:32:10,539 alphafold2_ptm_model_1_seed_042 took 50.5s (3 recycles)
2026-08-18 21:32:23,147 alphafold2_ptm_model_2_seed_042 recycle=0 pLDDT=81.6 pTM=0.664
2026-08-18 21:32:35,666 alphafold2_ptm_model_2_seed_042 recycle=1 pLDDT=91.6 pTM=0.791 tol=1.31
2026-08-18 21:32:48,209 alphafold2_ptm_model_2_seed_042 recycle=2 pLDDT=89.9 pTM=0.753 tol=0.643
2026-08-18 21:33:00,952 alphafold2_ptm_model_2_seed_042 recycle=3 pLDDT=91.4 pTM=0.776 tol=0.381
2026-08-18 21:33:00,953 alphafold2_ptm_model_2_seed_042 took 50.4s (3 recycles)
2026-08-18 21:33:18,643 alphafold2_ptm_model_3_seed_042 recycle=0 pLDDT=67.7 pTM=0.535
2026-08-18 21:33:31,446 alphafold2_ptm_model_3_seed_042 recycle=1 pLDDT=69.8 pTM=0.561 tol=1.12
2026-08-18 21:33:44,248 alphafold2_ptm_model_3_seed_042 recycle=2 pLDDT=85.8 pTM=0.706 tol=6.15
2026-08-18 21:33:56,803 alphafold2_ptm_model_3_seed_042 recycle=3 pLDDT=90.2 pTM=0.764 tol=0.356
2026-08-18 21:33:56,803 alphafold2_ptm_model_3_seed_042 took 55.8s (3 recycles)
2026-08-18 21:34:09,557 alphafold2_ptm_model_4_seed_042 recycle=0 pLDDT=84.4 pTM=0.678
2026-08-18 21:34:22,151 alphafold2_ptm_model_4_seed_042 recycle=1 pLDDT=85.7 pTM=0.711 tol=0.397
2026-08-18 21:34:34,580 alphafold2_ptm_model_4_seed_042 recycle=2 pLDDT=85.8 pTM=0.708 tol=0.116
2026-08-18 21:34:47,054 alphafold2_ptm_model_4_seed_042 recycle=3 pLDDT=86 pTM=0.708 tol=0.0613
2026-08-18 21:34:47,054 alphafold2_ptm_model_4_seed_042 took 50.2s (3 recycles)
2026-08-18 21:34:59,797 alphafold2_ptm_model_5_seed_042 recycle=0 pLDDT=86.8 pTM=0.692
2026-08-18 21:35:12,488 alphafold2_ptm_model_5_seed_042 recycle=1 pLDDT=86.6 pTM=0.7 tol=0.254
2026-08-18 21:35:24,976 alphafold2_ptm_model_5_seed_042 recycle=2 pLDDT=86.9 pTM=0.697 tol=0.101
2026-08-18 21:35:37,446 alphafold2_ptm_model_5_seed_042 recycle=3 pLDDT=87.2 pTM=0.702 tol=0.0537
2026-08-18 21:35:37,447 alphafold2_ptm_model_5_seed_042 took 50.3s (3 recycles)
2026-08-18 21:35:37,474 reranking models by 'plddt' metric
2026-08-18 21:35:37,474 rank_001_alphafold2_ptm_model_2_seed_042 pLDDT=91.4 pTM=0.776
2026-08-18 21:35:37,476 rank_002_alphafold2_ptm_model_3_seed_042 pLDDT=90.2 pTM=0.764
2026-08-18 21:35:37,478 rank_003_alphafold2_ptm_model_1_seed_042 pLDDT=89.4 pTM=0.73
2026-08-18 21:35:37,479 rank_004_alphafold2_ptm_model_5_seed_042 pLDDT=87.2 pTM=0.702
2026-08-18 21:35:37,481 rank_005_alphafold2_ptm_model_4_seed_042 pLDDT=86 pTM=0.708
2026-08-18 21:35:39,545 Query 43/140: design-431_mut-L73I_bias-start (length 108)
2026-08-18 21:35:53,312 alphafold2_ptm_model_1_seed_042 recycle=0 pLDDT=82.3 pTM=0.669
2026-08-18 21:36:05,800 alphafold2_ptm_model_1_seed_042 recycle=1 pLDDT=90.6 pTM=0.761 tol=1.64
2026-08-18 21:36:25,980 alphafold2_ptm_model_1_seed_042 recycle=2 pLDDT=90.8 pTM=0.763 tol=0.315
2026-08-18 21:36:38,478 alphafold2_ptm_model_1_seed_042 recycle=3 pLDDT=90.7 pTM=0.76 tol=0.094
2026-08-18 21:36:38,479 alphafold2_ptm_model_1_seed_042 took 57.6s (3 recycles)
2026-08-18 21:36:51,081 alphafold2_ptm_model_2_seed_042 recycle=0 pLDDT=82.7 pTM=0.686
2026-08-18 21:37:03,578 alphafold2_ptm_model_2_seed_042 recycle=1 pLDDT=92.8 pTM=0.812 tol=1.25
2026-08-18 21:37:16,100 alphafold2_ptm_model_2_seed_042 recycle=2 pLDDT=90.1 pTM=0.763 tol=0.678
2026-08-18 21:37:28,989 alphafold2_ptm_model_2_seed_042 recycle=3 pLDDT=92.2 pTM=0.791 tol=0.248
2026-08-18 21:37:28,989 alphafold2_ptm_model_2_seed_042 took 50.5s (3 recycles)
2026-08-18 21:37:41,560 alphafold2_ptm_model_3_seed_042 recycle=0 pLDDT=67.4 pTM=0.524
2026-08-18 21:37:54,058 alphafold2_ptm_model_3_seed_042 recycle=1 pLDDT=62 pTM=0.5 tol=1.52
2026-08-18 21:38:06,538 alphafold2_ptm_model_3_seed_042 recycle=2 pLDDT=91.2 pTM=0.788 tol=6.18
2026-08-18 21:38:19,170 alphafold2_ptm_model_3_seed_042 recycle=3 pLDDT=91.8 pTM=0.802 tol=0.225
2026-08-18 21:38:19,171 alphafold2_ptm_model_3_seed_042 took 50.1s (3 recycles)
2026-08-18 21:38:31,624 alphafold2_ptm_model_4_seed_042 recycle=0 pLDDT=87.1 pTM=0.721
2026-08-18 21:38:44,069 alphafold2_ptm_model_4_seed_042 recycle=1 pLDDT=86.2 pTM=0.719 tol=0.395
2026-08-18 21:38:56,519 alphafold2_ptm_model_4_seed_042 recycle=2 pLDDT=85.8 pTM=0.711 tol=0.137
2026-08-18 21:39:10,648 alphafold2_ptm_model_4_seed_042 recycle=3 pLDDT=85.8 pTM=0.708 tol=0.0892
2026-08-18 21:39:10,648 alphafold2_ptm_model_4_seed_042 took 51.5s (3 recycles)
2026-08-18 21:39:23,190 alphafold2_ptm_model_5_seed_042 recycle=0 pLDDT=86.1 pTM=0.682
2026-08-18 21:39:35,640 alphafold2_ptm_model_5_seed_042 recycle=1 pLDDT=86.1 pTM=0.688 tol=0.28
2026-08-18 21:39:48,177 alphafold2_ptm_model_5_seed_042 recycle=2 pLDDT=86.3 pTM=0.684 tol=0.0886
2026-08-18 21:40:00,648 alphafold2_ptm_model_5_seed_042 recycle=3 pLDDT=86.8 pTM=0.69 tol=0.0595
2026-08-18 21:40:00,648 alphafold2_ptm_model_5_seed_042 took 50.0s (3 recycles)
2026-08-18 21:40:00,774 reranking models by 'plddt' metric
2026-08-18 21:40:00,774 rank_001_alphafold2_ptm_model_2_seed_042 pLDDT=92.2 pTM=0.791
2026-08-18 21:40:00,776 rank_002_alphafold2_ptm_model_3_seed_042 pLDDT=91.8 pTM=0.802
2026-08-18 21:40:00,777 rank_003_alphafold2_ptm_model_1_seed_042 pLDDT=90.7 pTM=0.76
2026-08-18 21:40:00,778 rank_004_alphafold2_ptm_model_5_seed_042 pLDDT=86.8 pTM=0.69
2026-08-18 21:40:00,780 rank_005_alphafold2_ptm_model_4_seed_042 pLDDT=85.8 pTM=0.708
2026-08-18 21:40:02,950 Query 44/140: design-431_mut-A75M_bias-start (length 108)
2026-08-18 21:40:17,353 alphafold2_ptm_model_1_seed_042 recycle=0 pLDDT=85.4 pTM=0.688
2026-08-18 21:40:29,904 alphafold2_ptm_model_1_seed_042 recycle=1 pLDDT=83.4 pTM=0.67 tol=0.413
2026-08-18 21:40:42,453 alphafold2_ptm_model_1_seed_042 recycle=2 pLDDT=85.1 pTM=0.685 tol=0.305
2026-08-18 21:40:55,004 alphafold2_ptm_model_1_seed_042 recycle=3 pLDDT=84.9 pTM=0.683 tol=0.151
2026-08-18 21:40:55,005 alphafold2_ptm_model_1_seed_042 took 50.4s (3 recycles)
2026-08-18 21:41:07,592 alphafold2_ptm_model_2_seed_042 recycle=0 pLDDT=82.6 pTM=0.663
2026-08-18 21:41:20,166 alphafold2_ptm_model_2_seed_042 recycle=1 pLDDT=81.3 pTM=0.659 tol=0.346
2026-08-18 21:41:32,820 alphafold2_ptm_model_2_seed_042 recycle=2 pLDDT=82.1 pTM=0.665 tol=0.146
2026-08-18 21:41:45,394 alphafold2_ptm_model_2_seed_042 recycle=3 pLDDT=81.8 pTM=0.656 tol=0.123
2026-08-18 21:41:45,395 alphafold2_ptm_model_2_seed_042 took 50.4s (3 recycles)
2026-08-18 21:41:58,365 alphafold2_ptm_model_3_seed_042 recycle=0 pLDDT=64.6 pTM=0.5
2026-08-18 21:42:12,872 alphafold2_ptm_model_3_seed_042 recycle=1 pLDDT=86.4 pTM=0.704 tol=6.8
2026-08-18 21:42:25,684 alphafold2_ptm_model_3_seed_042 recycle=2 pLDDT=84.9 pTM=0.686 tol=0.443
2026-08-18 21:42:38,325 alphafold2_ptm_model_3_seed_042 recycle=3 pLDDT=86.2 pTM=0.695 tol=0.173
2026-08-18 21:42:38,326 alphafold2_ptm_model_3_seed_042 took 52.7s (3 recycles)
2026-08-18 21:42:51,099 alphafold2_ptm_model_4_seed_042 recycle=0 pLDDT=87.2 pTM=0.72
2026-08-18 21:43:03,562 alphafold2_ptm_model_4_seed_042 recycle=1 pLDDT=85.7 pTM=0.701 tol=0.513
2026-08-18 21:43:16,115 alphafold2_ptm_model_4_seed_042 recycle=2 pLDDT=85.4 pTM=0.695 tol=0.117
2026-08-18 21:43:28,569 alphafold2_ptm_model_4_seed_042 recycle=3 pLDDT=85.2 pTM=0.692 tol=0.161
2026-08-18 21:43:28,569 alphafold2_ptm_model_4_seed_042 took 50.2s (3 recycles)
2026-08-18 21:43:41,185 alphafold2_ptm_model_5_seed_042 recycle=0 pLDDT=85.1 pTM=0.696
2026-08-18 21:43:54,169 alphafold2_ptm_model_5_seed_042 recycle=1 pLDDT=86.3 pTM=0.713 tol=0.546
2026-08-18 21:44:08,930 alphafold2_ptm_model_5_seed_042 recycle=2 pLDDT=87.6 pTM=0.714 tol=0.157
2026-08-18 21:44:32,278 alphafold2_ptm_model_5_seed_042 recycle=3 pLDDT=87.3 pTM=0.71 tol=0.0765
2026-08-18 21:44:32,279 alphafold2_ptm_model_5_seed_042 took 63.7s (3 recycles)
2026-08-18 21:44:32,317 reranking models by 'plddt' metric
2026-08-18 21:44:32,318 rank_001_alphafold2_ptm_model_5_seed_042 pLDDT=87.3 pTM=0.71
2026-08-18 21:44:32,319 rank_002_alphafold2_ptm_model_3_seed_042 pLDDT=86.2 pTM=0.695
2026-08-18 21:44:32,321 rank_003_alphafold2_ptm_model_4_seed_042 pLDDT=85.2 pTM=0.692
2026-08-18 21:44:32,322 rank_004_alphafold2_ptm_model_1_seed_042 pLDDT=84.9 pTM=0.683
2026-08-18 21:44:32,324 rank_005_alphafold2_ptm_model_2_seed_042 pLDDT=81.8 pTM=0.656
2026-08-18 21:44:35,746 Query 45/140: design-431_mut-A60L_bias-start (length 108)
2026-08-18 21:45:23,748 alphafold2_ptm_model_1_seed_042 recycle=0 pLDDT=81.1 pTM=0.649
2026-08-18 21:45:45,665 alphafold2_ptm_model_1_seed_042 recycle=1 pLDDT=90.6 pTM=0.748 tol=1.88
2026-08-18 21:45:58,369 alphafold2_ptm_model_1_seed_042 recycle=2 pLDDT=90.1 pTM=0.737 tol=0.233
2026-08-18 21:46:11,053 alphafold2_ptm_model_1_seed_042 recycle=3 pLDDT=91 pTM=0.746 tol=0.148
2026-08-18 21:46:11,053 alphafold2_ptm_model_1_seed_042 took 90.6s (3 recycles)
2026-08-18 21:46:24,101 alphafold2_ptm_model_2_seed_042 recycle=0 pLDDT=81.2 pTM=0.662
2026-08-18 21:46:36,844 alphafold2_ptm_model_2_seed_042 recycle=1 pLDDT=91.7 pTM=0.787 tol=0.745
2026-08-18 21:46:49,609 alphafold2_ptm_model_2_seed_042 recycle=2 pLDDT=92.6 pTM=0.787 tol=0.339
2026-08-18 21:47:02,004 alphafold2_ptm_model_2_seed_042 recycle=3 pLDDT=93.1 pTM=0.794 tol=0.127
2026-08-18 21:47:02,005 alphafold2_ptm_model_2_seed_042 took 50.9s (3 recycles)
2026-08-18 21:47:14,438 alphafold2_ptm_model_3_seed_042 recycle=0 pLDDT=61.2 pTM=0.473
2026-08-18 21:47:26,868 alphafold2_ptm_model_3_seed_042 recycle=1 pLDDT=85.9 pTM=0.686 tol=6.42
2026-08-18 21:47:39,276 alphafold2_ptm_model_3_seed_042 recycle=2 pLDDT=83.9 pTM=0.655 tol=0.418
2026-08-18 21:47:51,685 alphafold2_ptm_model_3_seed_042 recycle=3 pLDDT=83.8 pTM=0.676 tol=1.82
2026-08-18 21:47:51,685 alphafold2_ptm_model_3_seed_042 took 49.6s (3 recycles)
2026-08-18 21:48:04,070 alphafold2_ptm_model_4_seed_042 recycle=0 pLDDT=85.6 pTM=0.69
2026-08-18 21:48:16,523 alphafold2_ptm_model_4_seed_042 recycle=1 pLDDT=83.9 pTM=0.689 tol=1.13
2026-08-18 21:48:28,851 alphafold2_ptm_model_4_seed_042 recycle=2 pLDDT=88.7 pTM=0.734 tol=1.51
2026-08-18 21:48:41,224 alphafold2_ptm_model_4_seed_042 recycle=3 pLDDT=90.6 pTM=0.759 tol=0.219
2026-08-18 21:48:41,224 alphafold2_ptm_model_4_seed_042 took 49.5s (3 recycles)
2026-08-18 21:48:53,608 alphafold2_ptm_model_5_seed_042 recycle=0 pLDDT=84.1 pTM=0.646
2026-08-18 21:49:06,004 alphafold2_ptm_model_5_seed_042 recycle=1 pLDDT=85.4 pTM=0.677 tol=0.295
2026-08-18 21:49:18,368 alphafold2_ptm_model_5_seed_042 recycle=2 pLDDT=84.9 pTM=0.667 tol=0.0953
2026-08-18 21:49:30,763 alphafold2_ptm_model_5_seed_042 recycle=3 pLDDT=85.8 pTM=0.674 tol=0.108
2026-08-18 21:49:30,764 alphafold2_ptm_model_5_seed_042 took 49.5s (3 recycles)
2026-08-18 21:49:30,807 reranking models by 'plddt' metric
2026-08-18 21:49:30,807 rank_001_alphafold2_ptm_model_2_seed_042 pLDDT=93.1 pTM=0.794
2026-08-18 21:49:30,809 rank_002_alphafold2_ptm_model_1_seed_042 pLDDT=91 pTM=0.746
2026-08-18 21:49:30,810 rank_003_alphafold2_ptm_model_4_seed_042 pLDDT=90.6 pTM=0.759
2026-08-18 21:49:30,811 rank_004_alphafold2_ptm_model_5_seed_042 pLDDT=85.8 pTM=0.674
2026-08-18 21:49:30,813 rank_005_alphafold2_ptm_model_3_seed_042 pLDDT=83.8 pTM=0.676
2026-08-18 21:49:32,958 Query 46/140: design-431_mut-F108S_bias-start (length 108)
2026-08-18 21:49:46,678 alphafold2_ptm_model_1_seed_042 recycle=0 pLDDT=84.1 pTM=0.679
2026-08-18 21:49:59,024 alphafold2_ptm_model_1_seed_042 recycle=1 pLDDT=81.9 pTM=0.668 tol=0.866
2026-08-18 21:50:11,381 alphafold2_ptm_model_1_seed_042 recycle=2 pLDDT=89.2 pTM=0.735 tol=1.09
2026-08-18 21:50:23,726 alphafold2_ptm_model_1_seed_042 recycle=3 pLDDT=89.4 pTM=0.731 tol=0.126
2026-08-18 21:50:23,726 alphafold2_ptm_model_1_seed_042 took 49.4s (3 recycles)
2026-08-18 21:50:36,238 alphafold2_ptm_model_2_seed_042 recycle=0 pLDDT=81.2 pTM=0.659
2026-08-18 21:50:48,566 alphafold2_ptm_model_2_seed_042 recycle=1 pLDDT=91 pTM=0.778 tol=0.834
2026-08-18 21:51:00,871 alphafold2_ptm_model_2_seed_042 recycle=2 pLDDT=89.8 pTM=0.75 tol=0.271
2026-08-18 21:51:13,266 alphafold2_ptm_model_2_seed_042 recycle=3 pLDDT=91.2 pTM=0.767 tol=0.0985
2026-08-18 21:51:13,267 alphafold2_ptm_model_2_seed_042 took 49.5s (3 recycles)
2026-08-18 21:51:25,630 alphafold2_ptm_model_3_seed_042 recycle=0 pLDDT=65.2 pTM=0.51
2026-08-18 21:51:37,990 alphafold2_ptm_model_3_seed_042 recycle=1 pLDDT=67.9 pTM=0.524 tol=5.82
2026-08-18 21:51:50,392 alphafold2_ptm_model_3_seed_042 recycle=2 pLDDT=89.6 pTM=0.746 tol=1.67
2026-08-18 21:52:02,750 alphafold2_ptm_model_3_seed_042 recycle=3 pLDDT=90 pTM=0.753 tol=0.325
2026-08-18 21:52:02,750 alphafold2_ptm_model_3_seed_042 took 49.5s (3 recycles)
2026-08-18 21:52:15,227 alphafold2_ptm_model_4_seed_042 recycle=0 pLDDT=86.3 pTM=0.708
2026-08-18 21:52:27,586 alphafold2_ptm_model_4_seed_042 recycle=1 pLDDT=86.1 pTM=0.717 tol=0.369
2026-08-18 21:52:40,026 alphafold2_ptm_model_4_seed_042 recycle=2 pLDDT=86 pTM=0.712 tol=0.116
2026-08-18 21:52:52,344 alphafold2_ptm_model_4_seed_042 recycle=3 pLDDT=85.9 pTM=0.709 tol=0.0756
2026-08-18 21:52:52,345 alphafold2_ptm_model_4_seed_042 took 49.5s (3 recycles)
2026-08-18 21:53:04,915 alphafold2_ptm_model_5_seed_042 recycle=0 pLDDT=86.9 pTM=0.694
2026-08-18 21:53:17,275 alphafold2_ptm_model_5_seed_042 recycle=1 pLDDT=86.4 pTM=0.695 tol=0.253
2026-08-18 21:53:29,706 alphafold2_ptm_model_5_seed_042 recycle=2 pLDDT=86.9 pTM=0.691 tol=0.0967
2026-08-18 21:53:42,151 alphafold2_ptm_model_5_seed_042 recycle=3 pLDDT=87.2 pTM=0.696 tol=0.052
2026-08-18 21:53:42,151 alphafold2_ptm_model_5_seed_042 took 49.8s (3 recycles)
2026-08-18 21:53:42,199 reranking models by 'plddt' metric
2026-08-18 21:53:42,199 rank_001_alphafold2_ptm_model_2_seed_042 pLDDT=91.2 pTM=0.767
2026-08-18 21:53:42,201 rank_002_alphafold2_ptm_model_3_seed_042 pLDDT=90 pTM=0.753
2026-08-18 21:53:42,202 rank_003_alphafold2_ptm_model_1_seed_042 pLDDT=89.4 pTM=0.731
2026-08-18 21:53:42,204 rank_004_alphafold2_ptm_model_5_seed_042 pLDDT=87.2 pTM=0.696
2026-08-18 21:53:42,206 rank_005_alphafold2_ptm_model_4_seed_042 pLDDT=85.9 pTM=0.709
2026-08-18 21:53:44,241 Query 47/140: design-431_mut-A38I_bias-start (length 108)
2026-08-18 21:53:58,459 alphafold2_ptm_model_1_seed_042 recycle=0 pLDDT=80.4 pTM=0.681
2026-08-18 21:54:11,226 alphafold2_ptm_model_1_seed_042 recycle=1 pLDDT=89.8 pTM=0.745 tol=1.11
2026-08-18 21:54:23,662 alphafold2_ptm_model_1_seed_042 recycle=2 pLDDT=89.1 pTM=0.726 tol=0.239
2026-08-18 21:54:36,102 alphafold2_ptm_model_1_seed_042 recycle=3 pLDDT=88.3 pTM=0.709 tol=0.0728
2026-08-18 21:54:36,102 alphafold2_ptm_model_1_seed_042 took 50.2s (3 recycles)
2026-08-18 21:54:48,804 alphafold2_ptm_model_2_seed_042 recycle=0 pLDDT=62 pTM=0.526
2026-08-18 21:55:01,264 alphafold2_ptm_model_2_seed_042 recycle=1 pLDDT=62.8 pTM=0.545 tol=1.43
2026-08-18 21:55:13,771 alphafold2_ptm_model_2_seed_042 recycle=2 pLDDT=85.9 pTM=0.712 tol=5.12
2026-08-18 21:55:26,119 alphafold2_ptm_model_2_seed_042 recycle=3 pLDDT=89.1 pTM=0.74 tol=0.498
2026-08-18 21:55:26,120 alphafold2_ptm_model_2_seed_042 took 49.8s (3 recycles)
2026-08-18 21:55:38,718 alphafold2_ptm_model_3_seed_042 recycle=0 pLDDT=62.2 pTM=0.464
2026-08-18 21:55:51,240 alphafold2_ptm_model_3_seed_042 recycle=1 pLDDT=83.5 pTM=0.667 tol=6.48
2026-08-18 21:56:03,800 alphafold2_ptm_model_3_seed_042 recycle=2 pLDDT=82.2 pTM=0.653 tol=0.399
2026-08-18 21:56:16,377 alphafold2_ptm_model_3_seed_042 recycle=3 pLDDT=83.7 pTM=0.662 tol=0.134
2026-08-18 21:56:16,378 alphafold2_ptm_model_3_seed_042 took 50.2s (3 recycles)
2026-08-18 21:56:28,883 alphafold2_ptm_model_4_seed_042 recycle=0 pLDDT=61.1 pTM=0.497
2026-08-18 21:56:41,372 alphafold2_ptm_model_4_seed_042 recycle=1 pLDDT=83.3 pTM=0.691 tol=7.29
2026-08-18 21:56:53,849 alphafold2_ptm_model_4_seed_042 recycle=2 pLDDT=84.6 pTM=0.694 tol=0.697
2026-08-18 21:57:06,374 alphafold2_ptm_model_4_seed_042 recycle=3 pLDDT=84.2 pTM=0.692 tol=0.132
2026-08-18 21:57:06,375 alphafold2_ptm_model_4_seed_042 took 50.0s (3 recycles)
2026-08-18 21:57:18,883 alphafold2_ptm_model_5_seed_042 recycle=0 pLDDT=57.9 pTM=0.471
2026-08-18 21:57:31,370 alphafold2_ptm_model_5_seed_042 recycle=1 pLDDT=84 pTM=0.693 tol=6.22
2026-08-18 21:57:43,814 alphafold2_ptm_model_5_seed_042 recycle=2 pLDDT=80.6 pTM=0.651 tol=0.883
2026-08-18 21:57:56,881 alphafold2_ptm_model_5_seed_042 recycle=3 pLDDT=85.4 pTM=0.69 tol=1.1
2026-08-18 21:57:56,881 alphafold2_ptm_model_5_seed_042 took 50.5s (3 recycles)
2026-08-18 21:57:56,939 reranking models by 'plddt' metric
2026-08-18 21:57:56,939 rank_001_alphafold2_ptm_model_2_seed_042 pLDDT=89.1 pTM=0.74
2026-08-18 21:57:56,940 rank_002_alphafold2_ptm_model_1_seed_042 pLDDT=88.3 pTM=0.709
2026-08-18 21:57:56,942 rank_003_alphafold2_ptm_model_5_seed_042 pLDDT=85.4 pTM=0.69
2026-08-18 21:57:56,943 rank_004_alphafold2_ptm_model_4_seed_042 pLDDT=84.2 pTM=0.692
2026-08-18 21:57:56,945 rank_005_alphafold2_ptm_model_3_seed_042 pLDDT=83.7 pTM=0.662
2026-08-18 21:57:59,152 Query 48/140: design-431_mut-A75L_bias-start (length 108)
2026-08-18 21:58:27,167 alphafold2_ptm_model_1_seed_042 recycle=0 pLDDT=84.1 pTM=0.675
2026-08-18 21:59:20,723 alphafold2_ptm_model_1_seed_042 recycle=1 pLDDT=83.4 pTM=0.667 tol=0.459
2026-08-18 21:59:37,266 alphafold2_ptm_model_1_seed_042 recycle=2 pLDDT=84.4 pTM=0.675 tol=0.245
2026-08-18 21:59:49,901 alphafold2_ptm_model_1_seed_042 recycle=3 pLDDT=84.5 pTM=0.676 tol=0.103
2026-08-18 21:59:49,901 alphafold2_ptm_model_1_seed_042 took 109.1s (3 recycles)
2026-08-18 22:00:02,893 alphafold2_ptm_model_2_seed_042 recycle=0 pLDDT=79.6 pTM=0.634
2026-08-18 22:00:15,493 alphafold2_ptm_model_2_seed_042 recycle=1 pLDDT=81.4 pTM=0.66 tol=0.375
2026-08-18 22:00:28,043 alphafold2_ptm_model_2_seed_042 recycle=2 pLDDT=81.2 pTM=0.649 tol=0.102
2026-08-18 22:00:40,696 alphafold2_ptm_model_2_seed_042 recycle=3 pLDDT=81.2 pTM=0.649 tol=0.0853
2026-08-18 22:00:40,696 alphafold2_ptm_model_2_seed_042 took 50.7s (3 recycles)
2026-08-18 22:00:53,329 alphafold2_ptm_model_3_seed_042 recycle=0 pLDDT=82.6 pTM=0.637
2026-08-18 22:01:05,959 alphafold2_ptm_model_3_seed_042 recycle=1 pLDDT=85.1 pTM=0.674 tol=0.292
2026-08-18 22:01:18,441 alphafold2_ptm_model_3_seed_042 recycle=2 pLDDT=85.2 pTM=0.679 tol=0.16
2026-08-18 22:01:30,900 alphafold2_ptm_model_3_seed_042 recycle=3 pLDDT=85.9 pTM=0.686 tol=0.147
2026-08-18 22:01:30,900 alphafold2_ptm_model_3_seed_042 took 50.1s (3 recycles)
2026-08-18 22:01:43,338 alphafold2_ptm_model_4_seed_042 recycle=0 pLDDT=86.4 pTM=0.71
2026-08-18 22:01:55,718 alphafold2_ptm_model_4_seed_042 recycle=1 pLDDT=84.8 pTM=0.689 tol=0.721
2026-08-18 22:02:08,215 alphafold2_ptm_model_4_seed_042 recycle=2 pLDDT=85.2 pTM=0.692 tol=0.335
2026-08-18 22:02:20,601 alphafold2_ptm_model_4_seed_042 recycle=3 pLDDT=84.6 pTM=0.687 tol=0.311
2026-08-18 22:02:20,601 alphafold2_ptm_model_4_seed_042 took 49.6s (3 recycles)
2026-08-18 22:02:32,999 alphafold2_ptm_model_5_seed_042 recycle=0 pLDDT=83.5 pTM=0.679
2026-08-18 22:02:45,395 alphafold2_ptm_model_5_seed_042 recycle=1 pLDDT=85.3 pTM=0.702 tol=0.498
2026-08-18 22:02:57,813 alphafold2_ptm_model_5_seed_042 recycle=2 pLDDT=86.6 pTM=0.703 tol=0.156
2026-08-18 22:03:10,246 alphafold2_ptm_model_5_seed_042 recycle=3 pLDDT=86.8 pTM=0.705 tol=0.0717
2026-08-18 22:03:10,246 alphafold2_ptm_model_5_seed_042 took 49.6s (3 recycles)
2026-08-18 22:03:10,298 reranking models by 'plddt' metric
2026-08-18 22:03:10,299 rank_001_alphafold2_ptm_model_5_seed_042 pLDDT=86.8 pTM=0.705
2026-08-18 22:03:10,300 rank_002_alphafold2_ptm_model_3_seed_042 pLDDT=85.9 pTM=0.686
2026-08-18 22:03:10,301 rank_003_alphafold2_ptm_model_4_seed_042 pLDDT=84.6 pTM=0.687
2026-08-18 22:03:10,302 rank_004_alphafold2_ptm_model_1_seed_042 pLDDT=84.5 pTM=0.676
2026-08-18 22:03:10,304 rank_005_alphafold2_ptm_model_2_seed_042 pLDDT=81.2 pTM=0.649
2026-08-18 22:03:12,331 Query 49/140: design-431_mut-L73V_bias-start (length 108)
2026-08-18 22:03:26,136 alphafold2_ptm_model_1_seed_042 recycle=0 pLDDT=83.1 pTM=0.678
2026-08-18 22:03:38,552 alphafold2_ptm_model_1_seed_042 recycle=1 pLDDT=89.5 pTM=0.746 tol=1.32
2026-08-18 22:03:50,963 alphafold2_ptm_model_1_seed_042 recycle=2 pLDDT=89.6 pTM=0.743 tol=0.311
2026-08-18 22:04:03,458 alphafold2_ptm_model_1_seed_042 recycle=3 pLDDT=89.5 pTM=0.733 tol=0.194
2026-08-18 22:04:03,458 alphafold2_ptm_model_1_seed_042 took 49.7s (3 recycles)
2026-08-18 22:04:15,970 alphafold2_ptm_model_2_seed_042 recycle=0 pLDDT=76.7 pTM=0.615
2026-08-18 22:04:28,490 alphafold2_ptm_model_2_seed_042 recycle=1 pLDDT=92.9 pTM=0.811 tol=1.93
2026-08-18 22:04:40,931 alphafold2_ptm_model_2_seed_042 recycle=2 pLDDT=92.3 pTM=0.794 tol=0.354
2026-08-18 22:04:53,371 alphafold2_ptm_model_2_seed_042 recycle=3 pLDDT=91.6 pTM=0.781 tol=0.19
2026-08-18 22:04:53,371 alphafold2_ptm_model_2_seed_042 took 49.9s (3 recycles)
2026-08-18 22:05:06,273 alphafold2_ptm_model_3_seed_042 recycle=0 pLDDT=65.6 pTM=0.51
2026-08-18 22:05:18,696 alphafold2_ptm_model_3_seed_042 recycle=1 pLDDT=83.2 pTM=0.671 tol=6.52
2026-08-18 22:05:31,160 alphafold2_ptm_model_3_seed_042 recycle=2 pLDDT=89.6 pTM=0.749 tol=1.56
2026-08-18 22:05:43,950 alphafold2_ptm_model_3_seed_042 recycle=3 pLDDT=90.1 pTM=0.756 tol=0.267
2026-08-18 22:05:43,951 alphafold2_ptm_model_3_seed_042 took 50.5s (3 recycles)
2026-08-18 22:05:56,371 alphafold2_ptm_model_4_seed_042 recycle=0 pLDDT=87.2 pTM=0.723
2026-08-18 22:06:08,781 alphafold2_ptm_model_4_seed_042 recycle=1 pLDDT=86.4 pTM=0.716 tol=0.413
2026-08-18 22:06:21,243 alphafold2_ptm_model_4_seed_042 recycle=2 pLDDT=85.8 pTM=0.708 tol=0.1
2026-08-18 22:06:33,954 alphafold2_ptm_model_4_seed_042 recycle=3 pLDDT=85.4 pTM=0.704 tol=0.0837
2026-08-18 22:06:33,954 alphafold2_ptm_model_4_seed_042 took 50.0s (3 recycles)
2026-08-18 22:06:46,343 alphafold2_ptm_model_5_seed_042 recycle=0 pLDDT=85.8 pTM=0.675
2026-08-18 22:06:58,741 alphafold2_ptm_model_5_seed_042 recycle=1 pLDDT=85.5 pTM=0.68 tol=0.25
2026-08-18 22:07:11,111 alphafold2_ptm_model_5_seed_042 recycle=2 pLDDT=86 pTM=0.691 tol=0.0942
2026-08-18 22:07:23,484 alphafold2_ptm_model_5_seed_042 recycle=3 pLDDT=86.4 pTM=0.698 tol=0.069
2026-08-18 22:07:23,484 alphafold2_ptm_model_5_seed_042 took 49.5s (3 recycles)
2026-08-18 22:07:23,563 reranking models by 'plddt' metric
2026-08-18 22:07:23,563 rank_001_alphafold2_ptm_model_2_seed_042 pLDDT=91.6 pTM=0.781
2026-08-18 22:07:23,565 rank_002_alphafold2_ptm_model_3_seed_042 pLDDT=90.1 pTM=0.756
2026-08-18 22:07:23,567 rank_003_alphafold2_ptm_model_1_seed_042 pLDDT=89.5 pTM=0.733
2026-08-18 22:07:23,568 rank_004_alphafold2_ptm_model_5_seed_042 pLDDT=86.4 pTM=0.698
2026-08-18 22:07:23,569 rank_005_alphafold2_ptm_model_4_seed_042 pLDDT=85.4 pTM=0.704
2026-08-18 22:07:25,804 Query 50/140: design-431_mut-F41H_bias-start (length 108)
2026-08-18 22:07:40,102 alphafold2_ptm_model_1_seed_042 recycle=0 pLDDT=79.4 pTM=0.631
2026-08-18 22:07:52,508 alphafold2_ptm_model_1_seed_042 recycle=1 pLDDT=85.9 pTM=0.702 tol=1.54
2026-08-18 22:08:04,964 alphafold2_ptm_model_1_seed_042 recycle=2 pLDDT=88.4 pTM=0.73 tol=0.266
2026-08-18 22:08:17,452 alphafold2_ptm_model_1_seed_042 recycle=3 pLDDT=89 pTM=0.732 tol=0.252
2026-08-18 22:08:17,452 alphafold2_ptm_model_1_seed_042 took 50.0s (3 recycles)
2026-08-18 22:08:29,931 alphafold2_ptm_model_2_seed_042 recycle=0 pLDDT=82.9 pTM=0.677
2026-08-18 22:08:42,340 alphafold2_ptm_model_2_seed_042 recycle=1 pLDDT=92.6 pTM=0.805 tol=1.55
2026-08-18 22:08:54,743 alphafold2_ptm_model_2_seed_042 recycle=2 pLDDT=91 pTM=0.776 tol=0.261
2026-08-18 22:09:07,217 alphafold2_ptm_model_2_seed_042 recycle=3 pLDDT=91.1 pTM=0.775 tol=0.253
2026-08-18 22:09:07,217 alphafold2_ptm_model_2_seed_042 took 49.7s (3 recycles)
2026-08-18 22:09:19,683 alphafold2_ptm_model_3_seed_042 recycle=0 pLDDT=62.2 pTM=0.464
2026-08-18 22:09:32,060 alphafold2_ptm_model_3_seed_042 recycle=1 pLDDT=85.4 pTM=0.687 tol=6.84
2026-08-18 22:09:44,471 alphafold2_ptm_model_3_seed_042 recycle=2 pLDDT=87.2 pTM=0.709 tol=0.418
2026-08-18 22:09:57,075 alphafold2_ptm_model_3_seed_042 recycle=3 pLDDT=88.8 pTM=0.724 tol=0.154
2026-08-18 22:09:57,075 alphafold2_ptm_model_3_seed_042 took 49.8s (3 recycles)
2026-08-18 22:10:11,149 alphafold2_ptm_model_4_seed_042 recycle=0 pLDDT=85.4 pTM=0.693
2026-08-18 22:10:23,638 alphafold2_ptm_model_4_seed_042 recycle=1 pLDDT=85.5 pTM=0.715 tol=0.502
2026-08-18 22:10:36,085 alphafold2_ptm_model_4_seed_042 recycle=2 pLDDT=86.4 pTM=0.726 tol=0.173
2026-08-18 22:10:48,599 alphafold2_ptm_model_4_seed_042 recycle=3 pLDDT=86.7 pTM=0.728 tol=0.1
2026-08-18 22:10:48,599 alphafold2_ptm_model_4_seed_042 took 51.5s (3 recycles)
2026-08-18 22:11:01,391 alphafold2_ptm_model_5_seed_042 recycle=0 pLDDT=83.6 pTM=0.655
2026-08-18 22:11:15,005 alphafold2_ptm_model_5_seed_042 recycle=1 pLDDT=86.1 pTM=0.685 tol=0.608
2026-08-18 22:11:27,529 alphafold2_ptm_model_5_seed_042 recycle=2 pLDDT=87.5 pTM=0.7 tol=0.138
2026-08-18 22:11:40,073 alphafold2_ptm_model_5_seed_042 recycle=3 pLDDT=87.4 pTM=0.699 tol=0.0601
2026-08-18 22:11:40,073 alphafold2_ptm_model_5_seed_042 took 51.4s (3 recycles)
2026-08-18 22:11:40,112 reranking models by 'plddt' metric
2026-08-18 22:11:40,112 rank_001_alphafold2_ptm_model_2_seed_042 pLDDT=91.1 pTM=0.775
2026-08-18 22:11:40,114 rank_002_alphafold2_ptm_model_1_seed_042 pLDDT=89 pTM=0.732
2026-08-18 22:11:40,116 rank_003_alphafold2_ptm_model_3_seed_042 pLDDT=88.8 pTM=0.724
2026-08-18 22:11:40,117 rank_004_alphafold2_ptm_model_5_seed_042 pLDDT=87.4 pTM=0.699
2026-08-18 22:11:40,119 rank_005_alphafold2_ptm_model_4_seed_042 pLDDT=86.7 pTM=0.728
2026-08-18 22:11:42,364 Query 51/140: design-431_mut-G10F_bias-end (length 108)
2026-08-18 22:11:56,646 alphafold2_ptm_model_1_seed_042 recycle=0 pLDDT=87.4 pTM=0.713
2026-08-18 22:12:09,312 alphafold2_ptm_model_1_seed_042 recycle=1 pLDDT=89.3 pTM=0.728 tol=1.02
2026-08-18 22:12:21,758 alphafold2_ptm_model_1_seed_042 recycle=2 pLDDT=89.9 pTM=0.732 tol=0.345
2026-08-18 22:12:34,198 alphafold2_ptm_model_1_seed_042 recycle=3 pLDDT=88.7 pTM=0.714 tol=0.177
2026-08-18 22:12:34,198 alphafold2_ptm_model_1_seed_042 took 50.5s (3 recycles)
2026-08-18 22:12:46,738 alphafold2_ptm_model_2_seed_042 recycle=0 pLDDT=60.4 pTM=0.522
2026-08-18 22:12:59,750 alphafold2_ptm_model_2_seed_042 recycle=1 pLDDT=79.1 pTM=0.672 tol=6.75
2026-08-18 22:13:16,187 alphafold2_ptm_model_2_seed_042 recycle=2 pLDDT=88.3 pTM=0.724 tol=2.71
2026-08-18 22:13:29,024 alphafold2_ptm_model_2_seed_042 recycle=3 pLDDT=89.6 pTM=0.738 tol=0.755
2026-08-18 22:13:29,025 alphafold2_ptm_model_2_seed_042 took 54.8s (3 recycles)
2026-08-18 22:13:41,837 alphafold2_ptm_model_3_seed_042 recycle=0 pLDDT=73.9 pTM=0.537
2026-08-18 22:13:54,705 alphafold2_ptm_model_3_seed_042 recycle=1 pLDDT=74.4 pTM=0.532 tol=0.755
2026-08-18 22:14:07,403 alphafold2_ptm_model_3_seed_042 recycle=2 pLDDT=69.1 pTM=0.491 tol=0.914
2026-08-18 22:14:20,030 alphafold2_ptm_model_3_seed_042 recycle=3 pLDDT=83.9 pTM=0.675 tol=6.68
2026-08-18 22:14:20,030 alphafold2_ptm_model_3_seed_042 took 50.9s (3 recycles)
2026-08-18 22:14:32,722 alphafold2_ptm_model_4_seed_042 recycle=0 pLDDT=65.8 pTM=0.537
2026-08-18 22:14:45,311 alphafold2_ptm_model_4_seed_042 recycle=1 pLDDT=68.6 pTM=0.58 tol=2.06
2026-08-18 22:14:57,913 alphafold2_ptm_model_4_seed_042 recycle=2 pLDDT=63.6 pTM=0.514 tol=3.16
2026-08-18 22:15:10,575 alphafold2_ptm_model_4_seed_042 recycle=3 pLDDT=84.3 pTM=0.708 tol=6.46
2026-08-18 22:15:10,575 alphafold2_ptm_model_4_seed_042 took 50.5s (3 recycles)
2026-08-18 22:15:23,273 alphafold2_ptm_model_5_seed_042 recycle=0 pLDDT=55.5 pTM=0.47
2026-08-18 22:15:35,982 alphafold2_ptm_model_5_seed_042 recycle=1 pLDDT=84.1 pTM=0.677 tol=7.18
2026-08-18 22:15:48,638 alphafold2_ptm_model_5_seed_042 recycle=2 pLDDT=81.6 pTM=0.65 tol=0.259
2026-08-18 22:16:01,472 alphafold2_ptm_model_5_seed_042 recycle=3 pLDDT=83.2 pTM=0.661 tol=0.245
2026-08-18 22:16:01,473 alphafold2_ptm_model_5_seed_042 took 50.9s (3 recycles)
2026-08-18 22:16:01,548 reranking models by 'plddt' metric
2026-08-18 22:16:01,549 rank_001_alphafold2_ptm_model_2_seed_042 pLDDT=89.6 pTM=0.738
2026-08-18 22:16:01,550 rank_002_alphafold2_ptm_model_1_seed_042 pLDDT=88.7 pTM=0.714
2026-08-18 22:16:01,552 rank_003_alphafold2_ptm_model_4_seed_042 pLDDT=84.3 pTM=0.708
2026-08-18 22:16:01,553 rank_004_alphafold2_ptm_model_3_seed_042 pLDDT=83.9 pTM=0.675
2026-08-18 22:16:01,555 rank_005_alphafold2_ptm_model_5_seed_042 pLDDT=83.2 pTM=0.661
2026-08-18 22:16:03,619 Query 52/140: design-431_mut-G10Y_bias-end (length 108)
2026-08-18 22:16:31,555 alphafold2_ptm_model_1_seed_042 recycle=0 pLDDT=81.2 pTM=0.66
2026-08-18 22:16:46,574 alphafold2_ptm_model_1_seed_042 recycle=1 pLDDT=86.8 pTM=0.707 tol=1.6
2026-08-18 22:16:59,364 alphafold2_ptm_model_1_seed_042 recycle=2 pLDDT=88.9 pTM=0.725 tol=0.348
2026-08-18 22:17:12,069 alphafold2_ptm_model_1_seed_042 recycle=3 pLDDT=88.7 pTM=0.717 tol=0.105
2026-08-18 22:17:12,069 alphafold2_ptm_model_1_seed_042 took 67.0s (3 recycles)
2026-08-18 22:17:24,860 alphafold2_ptm_model_2_seed_042 recycle=0 pLDDT=84 pTM=0.694
2026-08-18 22:17:37,577 alphafold2_ptm_model_2_seed_042 recycle=1 pLDDT=90.6 pTM=0.762 tol=1.01
2026-08-18 22:17:50,174 alphafold2_ptm_model_2_seed_042 recycle=2 pLDDT=89.6 pTM=0.748 tol=0.483
2026-08-18 22:18:02,768 alphafold2_ptm_model_2_seed_042 recycle=3 pLDDT=88.6 pTM=0.74 tol=0.167
2026-08-18 22:18:02,769 alphafold2_ptm_model_2_seed_042 took 50.7s (3 recycles)
2026-08-18 22:18:16,037 alphafold2_ptm_model_3_seed_042 recycle=0 pLDDT=69.8 pTM=0.53
2026-08-18 22:18:28,761 alphafold2_ptm_model_3_seed_042 recycle=1 pLDDT=69.4 pTM=0.527 tol=1.45
2026-08-18 22:18:41,231 alphafold2_ptm_model_3_seed_042 recycle=2 pLDDT=83.4 pTM=0.665 tol=6.79
2026-08-18 22:18:53,757 alphafold2_ptm_model_3_seed_042 recycle=3 pLDDT=83.2 pTM=0.666 tol=0.386
2026-08-18 22:18:53,758 alphafold2_ptm_model_3_seed_042 took 50.6s (3 recycles)
2026-08-18 22:19:06,409 alphafold2_ptm_model_4_seed_042 recycle=0 pLDDT=65.1 pTM=0.543
2026-08-18 22:19:18,930 alphafold2_ptm_model_4_seed_042 recycle=1 pLDDT=75.8 pTM=0.653 tol=2.68
2026-08-18 22:19:31,492 alphafold2_ptm_model_4_seed_042 recycle=2 pLDDT=72.4 pTM=0.598 tol=0.376
2026-08-18 22:19:43,985 alphafold2_ptm_model_4_seed_042 recycle=3 pLDDT=62.2 pTM=0.517 tol=1.15
2026-08-18 22:19:43,985 alphafold2_ptm_model_4_seed_042 took 50.1s (3 recycles)
2026-08-18 22:19:56,637 alphafold2_ptm_model_5_seed_042 recycle=0 pLDDT=84.2 pTM=0.688
2026-08-18 22:20:09,105 alphafold2_ptm_model_5_seed_042 recycle=1 pLDDT=83.6 pTM=0.677 tol=0.283
2026-08-18 22:20:21,612 alphafold2_ptm_model_5_seed_042 recycle=2 pLDDT=83.9 pTM=0.674 tol=0.129
2026-08-18 22:20:34,115 alphafold2_ptm_model_5_seed_042 recycle=3 pLDDT=84.8 pTM=0.681 tol=0.0607
2026-08-18 22:20:34,115 alphafold2_ptm_model_5_seed_042 took 50.1s (3 recycles)
2026-08-18 22:20:34,170 reranking models by 'plddt' metric
2026-08-18 22:20:34,170 rank_001_alphafold2_ptm_model_1_seed_042 pLDDT=88.7 pTM=0.717
2026-08-18 22:20:34,172 rank_002_alphafold2_ptm_model_2_seed_042 pLDDT=88.6 pTM=0.74
2026-08-18 22:20:34,173 rank_003_alphafold2_ptm_model_5_seed_042 pLDDT=84.8 pTM=0.681
2026-08-18 22:20:34,175 rank_004_alphafold2_ptm_model_3_seed_042 pLDDT=83.2 pTM=0.666
2026-08-18 22:20:34,176 rank_005_alphafold2_ptm_model_4_seed_042 pLDDT=62.2 pTM=0.517
2026-08-18 22:20:36,184 Query 53/140: design-431_mut-G6K_bias-end (length 108)
2026-08-18 22:20:55,436 alphafold2_ptm_model_1_seed_042 recycle=0 pLDDT=86.8 pTM=0.708
2026-08-18 22:21:07,954 alphafold2_ptm_model_1_seed_042 recycle=1 pLDDT=86.2 pTM=0.699 tol=0.368
2026-08-18 22:21:20,359 alphafold2_ptm_model_1_seed_042 recycle=2 pLDDT=87.4 pTM=0.707 tol=0.215
2026-08-18 22:21:32,937 alphafold2_ptm_model_1_seed_042 recycle=3 pLDDT=87.9 pTM=0.715 tol=0.0714
2026-08-18 22:21:32,938 alphafold2_ptm_model_1_seed_042 took 50.0s (3 recycles)
2026-08-18 22:21:47,984 alphafold2_ptm_model_2_seed_042 recycle=0 pLDDT=86.7 pTM=0.713
2026-08-18 22:22:01,358 alphafold2_ptm_model_2_seed_042 recycle=1 pLDDT=85.4 pTM=0.708 tol=0.38
2026-08-18 22:22:14,093 alphafold2_ptm_model_2_seed_042 recycle=2 pLDDT=85.9 pTM=0.71 tol=0.123
2026-08-18 22:22:26,805 alphafold2_ptm_model_2_seed_042 recycle=3 pLDDT=86.5 pTM=0.717 tol=0.0733
2026-08-18 22:22:26,805 alphafold2_ptm_model_2_seed_042 took 51.9s (3 recycles)
2026-08-18 22:22:40,440 alphafold2_ptm_model_3_seed_042 recycle=0 pLDDT=64.1 pTM=0.5
2026-08-18 22:22:58,708 alphafold2_ptm_model_3_seed_042 recycle=1 pLDDT=87.4 pTM=0.712 tol=6.48
2026-08-18 22:23:14,049 alphafold2_ptm_model_3_seed_042 recycle=2 pLDDT=86.8 pTM=0.706 tol=0.186
2026-08-18 22:24:12,915 alphafold2_ptm_model_3_seed_042 recycle=3 pLDDT=87.9 pTM=0.716 tol=0.0905
2026-08-18 22:24:12,915 alphafold2_ptm_model_3_seed_042 took 106.0s (3 recycles)
2026-08-18 22:24:28,501 alphafold2_ptm_model_4_seed_042 recycle=0 pLDDT=87.1 pTM=0.717
2026-08-18 22:24:42,219 alphafold2_ptm_model_4_seed_042 recycle=1 pLDDT=86.6 pTM=0.723 tol=0.35
2026-08-18 22:24:55,240 alphafold2_ptm_model_4_seed_042 recycle=2 pLDDT=86.6 pTM=0.72 tol=0.125
2026-08-18 22:25:08,600 alphafold2_ptm_model_4_seed_042 recycle=3 pLDDT=86.6 pTM=0.718 tol=0.0866
2026-08-18 22:25:08,600 alphafold2_ptm_model_4_seed_042 took 55.6s (3 recycles)
2026-08-18 22:25:23,380 alphafold2_ptm_model_5_seed_042 recycle=0 pLDDT=87.7 pTM=0.709
2026-08-18 22:25:36,351 alphafold2_ptm_model_5_seed_042 recycle=1 pLDDT=87.4 pTM=0.712 tol=0.213
2026-08-18 22:25:49,130 alphafold2_ptm_model_5_seed_042 recycle=2 pLDDT=87.9 pTM=0.711 tol=0.0861
2026-08-18 22:26:02,062 alphafold2_ptm_model_5_seed_042 recycle=3 pLDDT=88.1 pTM=0.715 tol=0.0488
2026-08-18 22:26:02,062 alphafold2_ptm_model_5_seed_042 took 51.8s (3 recycles)
2026-08-18 22:26:02,141 reranking models by 'plddt' metric
2026-08-18 22:26:02,142 rank_001_alphafold2_ptm_model_5_seed_042 pLDDT=88.1 pTM=0.715
2026-08-18 22:26:02,143 rank_002_alphafold2_ptm_model_3_seed_042 pLDDT=87.9 pTM=0.716
2026-08-18 22:26:02,144 rank_003_alphafold2_ptm_model_1_seed_042 pLDDT=87.9 pTM=0.715
2026-08-18 22:26:02,146 rank_004_alphafold2_ptm_model_4_seed_042 pLDDT=86.6 pTM=0.718
2026-08-18 22:26:02,147 rank_005_alphafold2_ptm_model_2_seed_042 pLDDT=86.5 pTM=0.717
2026-08-18 22:26:04,588 Query 54/140: design-431_mut-G10T_bias-end (length 108)
2026-08-18 22:26:18,821 alphafold2_ptm_model_1_seed_042 recycle=0 pLDDT=85.2 pTM=0.688
2026-08-18 22:26:31,480 alphafold2_ptm_model_1_seed_042 recycle=1 pLDDT=87.1 pTM=0.726 tol=1.75
2026-08-18 22:26:43,982 alphafold2_ptm_model_1_seed_042 recycle=2 pLDDT=90.2 pTM=0.758 tol=0.433
2026-08-18 22:26:56,405 alphafold2_ptm_model_1_seed_042 recycle=3 pLDDT=90.4 pTM=0.757 tol=0.109
2026-08-18 22:26:56,406 alphafold2_ptm_model_1_seed_042 took 50.4s (3 recycles)
2026-08-18 22:27:08,992 alphafold2_ptm_model_2_seed_042 recycle=0 pLDDT=83.5 pTM=0.691
2026-08-18 22:27:21,456 alphafold2_ptm_model_2_seed_042 recycle=1 pLDDT=92.8 pTM=0.801 tol=1.05
2026-08-18 22:27:33,906 alphafold2_ptm_model_2_seed_042 recycle=2 pLDDT=91.6 pTM=0.771 tol=0.313
2026-08-18 22:27:46,342 alphafold2_ptm_model_2_seed_042 recycle=3 pLDDT=92.8 pTM=0.786 tol=0.281
2026-08-18 22:27:46,342 alphafold2_ptm_model_2_seed_042 took 49.9s (3 recycles)
2026-08-18 22:27:58,977 alphafold2_ptm_model_3_seed_042 recycle=0 pLDDT=66.8 pTM=0.522
2026-08-18 22:28:11,431 alphafold2_ptm_model_3_seed_042 recycle=1 pLDDT=64.2 pTM=0.516 tol=0.906
2026-08-18 22:28:23,869 alphafold2_ptm_model_3_seed_042 recycle=2 pLDDT=90.4 pTM=0.763 tol=5.91
2026-08-18 22:28:36,373 alphafold2_ptm_model_3_seed_042 recycle=3 pLDDT=91.3 pTM=0.792 tol=0.251
2026-08-18 22:28:36,373 alphafold2_ptm_model_3_seed_042 took 50.0s (3 recycles)
2026-08-18 22:28:50,820 alphafold2_ptm_model_4_seed_042 recycle=0 pLDDT=87.5 pTM=0.73
2026-08-18 22:29:03,326 alphafold2_ptm_model_4_seed_042 recycle=1 pLDDT=86.9 pTM=0.732 tol=0.262
2026-08-18 22:29:15,753 alphafold2_ptm_model_4_seed_042 recycle=2 pLDDT=86.4 pTM=0.723 tol=0.0922
2026-08-18 22:29:28,282 alphafold2_ptm_model_4_seed_042 recycle=3 pLDDT=86.2 pTM=0.717 tol=0.0589
2026-08-18 22:29:28,283 alphafold2_ptm_model_4_seed_042 took 50.0s (3 recycles)
2026-08-18 22:29:41,347 alphafold2_ptm_model_5_seed_042 recycle=0 pLDDT=86.5 pTM=0.708
2026-08-18 22:29:53,780 alphafold2_ptm_model_5_seed_042 recycle=1 pLDDT=86.8 pTM=0.713 tol=0.223
2026-08-18 22:30:06,239 alphafold2_ptm_model_5_seed_042 recycle=2 pLDDT=87.1 pTM=0.711 tol=0.108
2026-08-18 22:30:18,778 alphafold2_ptm_model_5_seed_042 recycle=3 pLDDT=87.2 pTM=0.71 tol=0.0533
2026-08-18 22:30:18,779 alphafold2_ptm_model_5_seed_042 took 50.1s (3 recycles)
2026-08-18 22:30:21,025 reranking models by 'plddt' metric
2026-08-18 22:30:21,025 rank_001_alphafold2_ptm_model_2_seed_042 pLDDT=92.8 pTM=0.786
2026-08-18 22:30:21,029 rank_002_alphafold2_ptm_model_3_seed_042 pLDDT=91.3 pTM=0.792
2026-08-18 22:30:21,030 rank_003_alphafold2_ptm_model_1_seed_042 pLDDT=90.4 pTM=0.757
2026-08-18 22:30:21,032 rank_004_alphafold2_ptm_model_5_seed_042 pLDDT=87.2 pTM=0.71
2026-08-18 22:30:21,033 rank_005_alphafold2_ptm_model_4_seed_042 pLDDT=86.2 pTM=0.717
2026-08-18 22:30:24,931 Query 55/140: design-431_mut-G6E_bias-end (length 108)
2026-08-18 22:30:43,326 alphafold2_ptm_model_1_seed_042 recycle=0 pLDDT=85.5 pTM=0.688
2026-08-18 22:30:55,797 alphafold2_ptm_model_1_seed_042 recycle=1 pLDDT=84.4 pTM=0.677 tol=0.321
2026-08-18 22:31:08,220 alphafold2_ptm_model_1_seed_042 recycle=2 pLDDT=85.4 pTM=0.686 tol=0.218
2026-08-18 22:31:20,705 alphafold2_ptm_model_1_seed_042 recycle=3 pLDDT=86.4 pTM=0.692 tol=0.109
2026-08-18 22:31:20,705 alphafold2_ptm_model_1_seed_042 took 49.8s (3 recycles)
2026-08-18 22:31:33,398 alphafold2_ptm_model_2_seed_042 recycle=0 pLDDT=83.6 pTM=0.675
2026-08-18 22:31:45,932 alphafold2_ptm_model_2_seed_042 recycle=1 pLDDT=79.8 pTM=0.665 tol=0.537
2026-08-18 22:31:58,332 alphafold2_ptm_model_2_seed_042 recycle=2 pLDDT=86.2 pTM=0.729 tol=1.37
2026-08-18 22:32:10,786 alphafold2_ptm_model_2_seed_042 recycle=3 pLDDT=84.6 pTM=0.714 tol=1.1
2026-08-18 22:32:10,786 alphafold2_ptm_model_2_seed_042 took 50.0s (3 recycles)
2026-08-18 22:32:23,408 alphafold2_ptm_model_3_seed_042 recycle=0 pLDDT=65.3 pTM=0.496
2026-08-18 22:32:35,882 alphafold2_ptm_model_3_seed_042 recycle=1 pLDDT=86.2 pTM=0.696 tol=5.87
2026-08-18 22:32:48,325 alphafold2_ptm_model_3_seed_042 recycle=2 pLDDT=84.6 pTM=0.668 tol=0.315
2026-08-18 22:33:00,748 alphafold2_ptm_model_3_seed_042 recycle=3 pLDDT=86 pTM=0.684 tol=0.125
2026-08-18 22:33:00,748 alphafold2_ptm_model_3_seed_042 took 49.9s (3 recycles)
2026-08-18 22:33:13,220 alphafold2_ptm_model_4_seed_042 recycle=0 pLDDT=86.6 pTM=0.713
2026-08-18 22:33:25,636 alphafold2_ptm_model_4_seed_042 recycle=1 pLDDT=85.3 pTM=0.708 tol=0.375
2026-08-18 22:33:38,022 alphafold2_ptm_model_4_seed_042 recycle=2 pLDDT=85.1 pTM=0.699 tol=0.12
2026-08-18 22:33:50,360 alphafold2_ptm_model_4_seed_042 recycle=3 pLDDT=85.1 pTM=0.698 tol=0.0799
2026-08-18 22:33:50,360 alphafold2_ptm_model_4_seed_042 took 49.6s (3 recycles)
2026-08-18 22:34:02,896 alphafold2_ptm_model_5_seed_042 recycle=0 pLDDT=86.3 pTM=0.692
2026-08-18 22:34:15,287 alphafold2_ptm_model_5_seed_042 recycle=1 pLDDT=86.4 pTM=0.697 tol=0.232
2026-08-18 22:34:27,668 alphafold2_ptm_model_5_seed_042 recycle=2 pLDDT=86.9 pTM=0.7 tol=0.0839
2026-08-18 22:34:40,082 alphafold2_ptm_model_5_seed_042 recycle=3 pLDDT=87.2 pTM=0.701 tol=0.0428
2026-08-18 22:34:40,083 alphafold2_ptm_model_5_seed_042 took 49.6s (3 recycles)
2026-08-18 22:34:40,126 reranking models by 'plddt' metric
2026-08-18 22:34:40,127 rank_001_alphafold2_ptm_model_5_seed_042 pLDDT=87.2 pTM=0.701
2026-08-18 22:34:40,128 rank_002_alphafold2_ptm_model_1_seed_042 pLDDT=86.4 pTM=0.692
2026-08-18 22:34:40,129 rank_003_alphafold2_ptm_model_3_seed_042 pLDDT=86 pTM=0.684
2026-08-18 22:34:40,131 rank_004_alphafold2_ptm_model_4_seed_042 pLDDT=85.1 pTM=0.698
2026-08-18 22:34:40,132 rank_005_alphafold2_ptm_model_2_seed_042 pLDDT=84.6 pTM=0.714
2026-08-18 22:34:42,820 Query 56/140: design-431_mut-G6Q_bias-end (length 108)
2026-08-18 22:34:56,868 alphafold2_ptm_model_1_seed_042 recycle=0 pLDDT=86.9 pTM=0.709
2026-08-18 22:35:09,250 alphafold2_ptm_model_1_seed_042 recycle=1 pLDDT=85.8 pTM=0.694 tol=0.343
2026-08-18 22:35:21,697 alphafold2_ptm_model_1_seed_042 recycle=2 pLDDT=87.1 pTM=0.705 tol=0.234
2026-08-18 22:35:34,121 alphafold2_ptm_model_1_seed_042 recycle=3 pLDDT=87.8 pTM=0.714 tol=0.0849
2026-08-18 22:35:34,122 alphafold2_ptm_model_1_seed_042 took 49.7s (3 recycles)
2026-08-18 22:35:48,505 alphafold2_ptm_model_2_seed_042 recycle=0 pLDDT=86.4 pTM=0.704
2026-08-18 22:36:00,904 alphafold2_ptm_model_2_seed_042 recycle=1 pLDDT=84.1 pTM=0.695 tol=0.31
2026-08-18 22:36:13,366 alphafold2_ptm_model_2_seed_042 recycle=2 pLDDT=85.1 pTM=0.702 tol=0.131
2026-08-18 22:36:25,822 alphafold2_ptm_model_2_seed_042 recycle=3 pLDDT=85.7 pTM=0.708 tol=0.0801
2026-08-18 22:36:25,823 alphafold2_ptm_model_2_seed_042 took 49.7s (3 recycles)
2026-08-18 22:36:40,431 alphafold2_ptm_model_3_seed_042 recycle=0 pLDDT=65.3 pTM=0.508
2026-08-18 22:36:52,979 alphafold2_ptm_model_3_seed_042 recycle=1 pLDDT=83.8 pTM=0.685 tol=6.42
2026-08-18 22:37:05,294 alphafold2_ptm_model_3_seed_042 recycle=2 pLDDT=85.4 pTM=0.689 tol=0.364
2026-08-18 22:37:17,778 alphafold2_ptm_model_3_seed_042 recycle=3 pLDDT=87.6 pTM=0.713 tol=0.182
2026-08-18 22:37:17,778 alphafold2_ptm_model_3_seed_042 took 49.7s (3 recycles)
2026-08-18 22:37:32,231 alphafold2_ptm_model_4_seed_042 recycle=0 pLDDT=87.1 pTM=0.719
2026-08-18 22:37:44,792 alphafold2_ptm_model_4_seed_042 recycle=1 pLDDT=86.1 pTM=0.718 tol=0.378
2026-08-18 22:37:57,262 alphafold2_ptm_model_4_seed_042 recycle=2 pLDDT=86.4 pTM=0.717 tol=0.15
2026-08-18 22:38:10,135 alphafold2_ptm_model_4_seed_042 recycle=3 pLDDT=86.4 pTM=0.715 tol=0.106
2026-08-18 22:38:10,135 alphafold2_ptm_model_4_seed_042 took 50.3s (3 recycles)
2026-08-18 22:38:22,815 alphafold2_ptm_model_5_seed_042 recycle=0 pLDDT=87.8 pTM=0.713
2026-08-18 22:38:35,378 alphafold2_ptm_model_5_seed_042 recycle=1 pLDDT=88 pTM=0.719 tol=0.265
2026-08-18 22:39:07,356 alphafold2_ptm_model_5_seed_042 recycle=2 pLDDT=88.4 pTM=0.719 tol=0.0878
2026-08-18 22:39:21,559 alphafold2_ptm_model_5_seed_042 recycle=3 pLDDT=88.6 pTM=0.72 tol=0.0454
2026-08-18 22:39:21,560 alphafold2_ptm_model_5_seed_042 took 71.4s (3 recycles)
2026-08-18 22:39:21,597 reranking models by 'plddt' metric
2026-08-18 22:39:21,597 rank_001_alphafold2_ptm_model_5_seed_042 pLDDT=88.6 pTM=0.72
2026-08-18 22:39:21,598 rank_002_alphafold2_ptm_model_1_seed_042 pLDDT=87.8 pTM=0.714
2026-08-18 22:39:21,600 rank_003_alphafold2_ptm_model_3_seed_042 pLDDT=87.6 pTM=0.713
2026-08-18 22:39:21,601 rank_004_alphafold2_ptm_model_4_seed_042 pLDDT=86.4 pTM=0.715
2026-08-18 22:39:21,603 rank_005_alphafold2_ptm_model_2_seed_042 pLDDT=85.7 pTM=0.708
2026-08-18 22:39:26,359 Query 57/140: design-431_mut-G6R_bias-end (length 108)
2026-08-18 22:39:40,815 alphafold2_ptm_model_1_seed_042 recycle=0 pLDDT=86.9 pTM=0.708
2026-08-18 22:39:53,531 alphafold2_ptm_model_1_seed_042 recycle=1 pLDDT=85.9 pTM=0.696 tol=0.316
2026-08-18 22:40:06,210 alphafold2_ptm_model_1_seed_042 recycle=2 pLDDT=87.1 pTM=0.704 tol=0.259
2026-08-18 22:40:19,506 alphafold2_ptm_model_1_seed_042 recycle=3 pLDDT=88 pTM=0.716 tol=0.119
2026-08-18 22:40:19,506 alphafold2_ptm_model_1_seed_042 took 51.5s (3 recycles)
2026-08-18 22:40:54,395 alphafold2_ptm_model_2_seed_042 recycle=0 pLDDT=86.7 pTM=0.715
2026-08-18 22:41:09,058 alphafold2_ptm_model_2_seed_042 recycle=1 pLDDT=85.2 pTM=0.706 tol=0.334
2026-08-18 22:41:23,949 alphafold2_ptm_model_2_seed_042 recycle=2 pLDDT=85.6 pTM=0.707 tol=0.134
2026-08-18 22:41:37,402 alphafold2_ptm_model_2_seed_042 recycle=3 pLDDT=86.1 pTM=0.712 tol=0.08
2026-08-18 22:41:37,403 alphafold2_ptm_model_2_seed_042 took 77.0s (3 recycles)
2026-08-18 22:41:51,198 alphafold2_ptm_model_3_seed_042 recycle=0 pLDDT=61.1 pTM=0.474
2026-08-18 22:42:04,561 alphafold2_ptm_model_3_seed_042 recycle=1 pLDDT=87.4 pTM=0.699 tol=5.63
2026-08-18 22:42:18,239 alphafold2_ptm_model_3_seed_042 recycle=2 pLDDT=87.5 pTM=0.711 tol=0.221
2026-08-18 22:42:31,097 alphafold2_ptm_model_3_seed_042 recycle=3 pLDDT=89.1 pTM=0.729 tol=0.0909
2026-08-18 22:42:31,097 alphafold2_ptm_model_3_seed_042 took 53.7s (3 recycles)
2026-08-18 22:42:44,611 alphafold2_ptm_model_4_seed_042 recycle=0 pLDDT=86.7 pTM=0.713
2026-08-18 22:42:57,709 alphafold2_ptm_model_4_seed_042 recycle=1 pLDDT=86.5 pTM=0.722 tol=0.343
2026-08-18 22:43:10,668 alphafold2_ptm_model_4_seed_042 recycle=2 pLDDT=86.7 pTM=0.722 tol=0.133
2026-08-18 22:43:23,626 alphafold2_ptm_model_4_seed_042 recycle=3 pLDDT=86.6 pTM=0.72 tol=0.0814
2026-08-18 22:43:23,626 alphafold2_ptm_model_4_seed_042 took 52.5s (3 recycles)
2026-08-18 22:43:36,724 alphafold2_ptm_model_5_seed_042 recycle=0 pLDDT=87.4 pTM=0.708
2026-08-18 22:43:50,346 alphafold2_ptm_model_5_seed_042 recycle=1 pLDDT=87.4 pTM=0.71 tol=0.239
2026-08-18 22:44:03,286 alphafold2_ptm_model_5_seed_042 recycle=2 pLDDT=87.8 pTM=0.709 tol=0.0831
2026-08-18 22:44:16,544 alphafold2_ptm_model_5_seed_042 recycle=3 pLDDT=88 pTM=0.711 tol=0.0427
2026-08-18 22:44:16,544 alphafold2_ptm_model_5_seed_042 took 52.7s (3 recycles)
2026-08-18 22:44:16,979 reranking models by 'plddt' metric
2026-08-18 22:44:16,979 rank_001_alphafold2_ptm_model_3_seed_042 pLDDT=89.1 pTM=0.729
2026-08-18 22:44:16,981 rank_002_alphafold2_ptm_model_5_seed_042 pLDDT=88 pTM=0.711
2026-08-18 22:44:16,982 rank_003_alphafold2_ptm_model_1_seed_042 pLDDT=88 pTM=0.716
2026-08-18 22:44:16,984 rank_004_alphafold2_ptm_model_4_seed_042 pLDDT=86.6 pTM=0.72
2026-08-18 22:44:16,985 rank_005_alphafold2_ptm_model_2_seed_042 pLDDT=86.1 pTM=0.712
2026-08-18 22:44:20,000 Query 58/140: design-431_mut-G10L_bias-end (length 108)
2026-08-18 22:44:34,557 alphafold2_ptm_model_1_seed_042 recycle=0 pLDDT=82.4 pTM=0.667
2026-08-18 22:44:47,189 alphafold2_ptm_model_1_seed_042 recycle=1 pLDDT=89.6 pTM=0.737 tol=1.62
2026-08-18 22:44:59,630 alphafold2_ptm_model_1_seed_042 recycle=2 pLDDT=89.3 pTM=0.72 tol=0.336
2026-08-18 22:45:12,432 alphafold2_ptm_model_1_seed_042 recycle=3 pLDDT=89.8 pTM=0.724 tol=0.0781
2026-08-18 22:45:12,432 alphafold2_ptm_model_1_seed_042 took 51.1s (3 recycles)
2026-08-18 22:45:24,972 alphafold2_ptm_model_2_seed_042 recycle=0 pLDDT=66.8 pTM=0.561
2026-08-18 22:45:37,573 alphafold2_ptm_model_2_seed_042 recycle=1 pLDDT=87 pTM=0.722 tol=2.32
2026-08-18 22:45:50,300 alphafold2_ptm_model_2_seed_042 recycle=2 pLDDT=89.3 pTM=0.731 tol=0.344
2026-08-18 22:46:02,662 alphafold2_ptm_model_2_seed_042 recycle=3 pLDDT=90.1 pTM=0.742 tol=0.0966
2026-08-18 22:46:02,662 alphafold2_ptm_model_2_seed_042 took 50.2s (3 recycles)
2026-08-18 22:46:15,363 alphafold2_ptm_model_3_seed_042 recycle=0 pLDDT=69.3 pTM=0.531
2026-08-18 22:46:27,990 alphafold2_ptm_model_3_seed_042 recycle=1 pLDDT=66.3 pTM=0.531 tol=1.33
2026-08-18 22:46:40,547 alphafold2_ptm_model_3_seed_042 recycle=2 pLDDT=88.9 pTM=0.725 tol=6.34
2026-08-18 22:46:53,307 alphafold2_ptm_model_3_seed_042 recycle=3 pLDDT=89.7 pTM=0.73 tol=0.288
2026-08-18 22:46:53,307 alphafold2_ptm_model_3_seed_042 took 50.6s (3 recycles)
2026-08-18 22:47:05,798 alphafold2_ptm_model_4_seed_042 recycle=0 pLDDT=74.6 pTM=0.612
2026-08-18 22:47:18,526 alphafold2_ptm_model_4_seed_042 recycle=1 pLDDT=76 pTM=0.642 tol=0.9
2026-08-18 22:47:31,265 alphafold2_ptm_model_4_seed_042 recycle=2 pLDDT=73.8 pTM=0.614 tol=0.229
2026-08-18 22:47:43,717 alphafold2_ptm_model_4_seed_042 recycle=3 pLDDT=72.9 pTM=0.597 tol=0.313
2026-08-18 22:47:43,717 alphafold2_ptm_model_4_seed_042 took 50.2s (3 recycles)
2026-08-18 22:47:56,881 alphafold2_ptm_model_5_seed_042 recycle=0 pLDDT=86.7 pTM=0.709
2026-08-18 22:48:09,405 alphafold2_ptm_model_5_seed_042 recycle=1 pLDDT=85.6 pTM=0.696 tol=0.328
2026-08-18 22:48:22,134 alphafold2_ptm_model_5_seed_042 recycle=2 pLDDT=85.6 pTM=0.687 tol=0.123
2026-08-18 22:48:34,677 alphafold2_ptm_model_5_seed_042 recycle=3 pLDDT=86.2 pTM=0.689 tol=0.0543
2026-08-18 22:48:34,677 alphafold2_ptm_model_5_seed_042 took 50.5s (3 recycles)
2026-08-18 22:48:34,732 reranking models by 'plddt' metric
2026-08-18 22:48:34,732 rank_001_alphafold2_ptm_model_2_seed_042 pLDDT=90.1 pTM=0.742
2026-08-18 22:48:34,733 rank_002_alphafold2_ptm_model_1_seed_042 pLDDT=89.8 pTM=0.724
2026-08-18 22:48:34,735 rank_003_alphafold2_ptm_model_3_seed_042 pLDDT=89.7 pTM=0.73
2026-08-18 22:48:34,736 rank_004_alphafold2_ptm_model_5_seed_042 pLDDT=86.2 pTM=0.689
2026-08-18 22:48:34,737 rank_005_alphafold2_ptm_model_4_seed_042 pLDDT=72.9 pTM=0.597
2026-08-18 22:48:36,754 Query 59/140: design-431_mut-G10I_bias-end (length 108)
2026-08-18 22:48:50,754 alphafold2_ptm_model_1_seed_042 recycle=0 pLDDT=88.1 pTM=0.716
2026-08-18 22:49:03,256 alphafold2_ptm_model_1_seed_042 recycle=1 pLDDT=88.8 pTM=0.719 tol=0.494
2026-08-18 22:49:15,749 alphafold2_ptm_model_1_seed_042 recycle=2 pLDDT=89.7 pTM=0.726 tol=0.235
2026-08-18 22:49:28,470 alphafold2_ptm_model_1_seed_042 recycle=3 pLDDT=89.9 pTM=0.723 tol=0.127
2026-08-18 22:49:28,471 alphafold2_ptm_model_1_seed_042 took 50.3s (3 recycles)
2026-08-18 22:49:40,929 alphafold2_ptm_model_2_seed_042 recycle=0 pLDDT=60.8 pTM=0.525
2026-08-18 22:49:53,631 alphafold2_ptm_model_2_seed_042 recycle=1 pLDDT=86.8 pTM=0.717 tol=6.12
2026-08-18 22:50:06,440 alphafold2_ptm_model_2_seed_042 recycle=2 pLDDT=90.1 pTM=0.748 tol=0.488
2026-08-18 22:50:18,925 alphafold2_ptm_model_2_seed_042 recycle=3 pLDDT=90.4 pTM=0.75 tol=0.162
2026-08-18 22:50:18,925 alphafold2_ptm_model_2_seed_042 took 50.4s (3 recycles)
2026-08-18 22:50:32,018 alphafold2_ptm_model_3_seed_042 recycle=0 pLDDT=69.9 pTM=0.546
2026-08-18 22:50:44,456 alphafold2_ptm_model_3_seed_042 recycle=1 pLDDT=69.1 pTM=0.555 tol=1.37
2026-08-18 22:50:57,136 alphafold2_ptm_model_3_seed_042 recycle=2 pLDDT=82.7 pTM=0.656 tol=6.89
2026-08-18 22:51:09,727 alphafold2_ptm_model_3_seed_042 recycle=3 pLDDT=83.8 pTM=0.675 tol=1.67
2026-08-18 22:51:09,727 alphafold2_ptm_model_3_seed_042 took 50.3s (3 recycles)
2026-08-18 22:51:22,583 alphafold2_ptm_model_4_seed_042 recycle=0 pLDDT=76.9 pTM=0.645
2026-08-18 22:51:35,188 alphafold2_ptm_model_4_seed_042 recycle=1 pLDDT=79.1 pTM=0.682 tol=0.768
2026-08-18 22:51:47,781 alphafold2_ptm_model_4_seed_042 recycle=2 pLDDT=78.2 pTM=0.666 tol=0.178
2026-08-18 22:52:00,189 alphafold2_ptm_model_4_seed_042 recycle=3 pLDDT=76.8 pTM=0.642 tol=0.109
2026-08-18 22:52:00,189 alphafold2_ptm_model_4_seed_042 took 50.4s (3 recycles)
2026-08-18 22:52:15,923 alphafold2_ptm_model_5_seed_042 recycle=0 pLDDT=86.6 pTM=0.706
2026-08-18 22:52:28,596 alphafold2_ptm_model_5_seed_042 recycle=1 pLDDT=85.6 pTM=0.694 tol=0.321
2026-08-18 22:52:41,015 alphafold2_ptm_model_5_seed_042 recycle=2 pLDDT=85.8 pTM=0.688 tol=0.105
2026-08-18 22:52:53,607 alphafold2_ptm_model_5_seed_042 recycle=3 pLDDT=86.2 pTM=0.689 tol=0.0522
2026-08-18 22:52:53,608 alphafold2_ptm_model_5_seed_042 took 50.2s (3 recycles)
2026-08-18 22:52:53,697 reranking models by 'plddt' metric
2026-08-18 22:52:53,697 rank_001_alphafold2_ptm_model_2_seed_042 pLDDT=90.4 pTM=0.75
2026-08-18 22:52:53,698 rank_002_alphafold2_ptm_model_1_seed_042 pLDDT=89.9 pTM=0.723
2026-08-18 22:52:53,700 rank_003_alphafold2_ptm_model_5_seed_042 pLDDT=86.2 pTM=0.689
2026-08-18 22:52:53,701 rank_004_alphafold2_ptm_model_3_seed_042 pLDDT=83.8 pTM=0.675
2026-08-18 22:52:53,703 rank_005_alphafold2_ptm_model_4_seed_042 pLDDT=76.8 pTM=0.642
2026-08-18 22:52:58,556 Query 60/140: design-431_mut-G10V_bias-end (length 108)
2026-08-18 22:53:12,459 alphafold2_ptm_model_1_seed_042 recycle=0 pLDDT=87.5 pTM=0.712
2026-08-18 22:53:24,806 alphafold2_ptm_model_1_seed_042 recycle=1 pLDDT=88.9 pTM=0.725 tol=0.663
2026-08-18 22:53:37,134 alphafold2_ptm_model_1_seed_042 recycle=2 pLDDT=90.4 pTM=0.745 tol=0.216
2026-08-18 22:53:49,468 alphafold2_ptm_model_1_seed_042 recycle=3 pLDDT=89.9 pTM=0.727 tol=0.104
2026-08-18 22:53:49,468 alphafold2_ptm_model_1_seed_042 took 49.5s (3 recycles)
2026-08-18 22:54:02,307 alphafold2_ptm_model_2_seed_042 recycle=0 pLDDT=61 pTM=0.527
2026-08-18 22:54:14,708 alphafold2_ptm_model_2_seed_042 recycle=1 pLDDT=87 pTM=0.716 tol=6.09
2026-08-18 22:54:27,079 alphafold2_ptm_model_2_seed_042 recycle=2 pLDDT=90.9 pTM=0.769 tol=0.547
2026-08-18 22:54:39,468 alphafold2_ptm_model_2_seed_042 recycle=3 pLDDT=90.5 pTM=0.758 tol=0.141
2026-08-18 22:54:39,468 alphafold2_ptm_model_2_seed_042 took 49.6s (3 recycles)
2026-08-18 22:54:51,912 alphafold2_ptm_model_3_seed_042 recycle=0 pLDDT=70.6 pTM=0.556
2026-08-18 22:55:04,458 alphafold2_ptm_model_3_seed_042 recycle=1 pLDDT=69.8 pTM=0.562 tol=1.31
2026-08-18 22:55:16,921 alphafold2_ptm_model_3_seed_042 recycle=2 pLDDT=75.3 pTM=0.582 tol=6.51
2026-08-18 22:55:29,322 alphafold2_ptm_model_3_seed_042 recycle=3 pLDDT=90.4 pTM=0.75 tol=1.74
2026-08-18 22:55:29,322 alphafold2_ptm_model_3_seed_042 took 49.8s (3 recycles)
2026-08-18 22:55:41,924 alphafold2_ptm_model_4_seed_042 recycle=0 pLDDT=76.7 pTM=0.64
2026-08-18 22:55:54,323 alphafold2_ptm_model_4_seed_042 recycle=1 pLDDT=79.6 pTM=0.686 tol=0.919
2026-08-18 22:56:06,707 alphafold2_ptm_model_4_seed_042 recycle=2 pLDDT=78.8 pTM=0.672 tol=0.144
2026-08-18 22:56:19,147 alphafold2_ptm_model_4_seed_042 recycle=3 pLDDT=77.4 pTM=0.649 tol=0.106
2026-08-18 22:56:19,147 alphafold2_ptm_model_4_seed_042 took 49.7s (3 recycles)
2026-08-18 22:56:33,701 alphafold2_ptm_model_5_seed_042 recycle=0 pLDDT=86.1 pTM=0.699
2026-08-18 22:56:47,647 alphafold2_ptm_model_5_seed_042 recycle=1 pLDDT=82.1 pTM=0.661 tol=0.501
2026-08-18 22:57:02,020 alphafold2_ptm_model_5_seed_042 recycle=2 pLDDT=88.8 pTM=0.72 tol=1.78
2026-08-18 22:57:32,674 alphafold2_ptm_model_5_seed_042 recycle=3 pLDDT=89.8 pTM=0.748 tol=0.128
2026-08-18 22:57:32,674 alphafold2_ptm_model_5_seed_042 took 72.2s (3 recycles)
2026-08-18 22:57:32,771 reranking models by 'plddt' metric
2026-08-18 22:57:32,771 rank_001_alphafold2_ptm_model_2_seed_042 pLDDT=90.5 pTM=0.758
2026-08-18 22:57:32,772 rank_002_alphafold2_ptm_model_3_seed_042 pLDDT=90.4 pTM=0.75
2026-08-18 22:57:32,774 rank_003_alphafold2_ptm_model_1_seed_042 pLDDT=89.9 pTM=0.727
2026-08-18 22:57:32,775 rank_004_alphafold2_ptm_model_5_seed_042 pLDDT=89.8 pTM=0.748
2026-08-18 22:57:32,776 rank_005_alphafold2_ptm_model_4_seed_042 pLDDT=77.4 pTM=0.649
2026-08-18 22:57:35,781 Query 61/140: design-432_mut-A77V_bias-start (length 108)
2026-08-18 22:58:03,775 alphafold2_ptm_model_1_seed_042 recycle=0 pLDDT=84.2 pTM=0.677
2026-08-18 22:58:26,020 alphafold2_ptm_model_1_seed_042 recycle=1 pLDDT=89.2 pTM=0.72 tol=1.03
2026-08-18 22:58:42,502 alphafold2_ptm_model_1_seed_042 recycle=2 pLDDT=90.2 pTM=0.728 tol=0.155
2026-08-18 22:58:58,977 alphafold2_ptm_model_1_seed_042 recycle=3 pLDDT=90.5 pTM=0.732 tol=0.0638
2026-08-18 22:58:58,978 alphafold2_ptm_model_1_seed_042 took 79.2s (3 recycles)
2026-08-18 22:59:13,066 alphafold2_ptm_model_2_seed_042 recycle=0 pLDDT=84.8 pTM=0.686
2026-08-18 22:59:27,901 alphafold2_ptm_model_2_seed_042 recycle=1 pLDDT=92.8 pTM=0.792 tol=0.832
2026-08-18 22:59:43,011 alphafold2_ptm_model_2_seed_042 recycle=2 pLDDT=92.8 pTM=0.797 tol=0.0829
2026-08-18 22:59:57,218 alphafold2_ptm_model_2_seed_042 recycle=3 pLDDT=92.8 pTM=0.798 tol=0.0294
2026-08-18 22:59:57,218 alphafold2_ptm_model_2_seed_042 took 58.0s (3 recycles)
2026-08-18 23:00:12,192 alphafold2_ptm_model_3_seed_042 recycle=0 pLDDT=80.8 pTM=0.623
2026-08-18 23:00:26,160 alphafold2_ptm_model_3_seed_042 recycle=1 pLDDT=83.6 pTM=0.671 tol=1.46
2026-08-18 23:00:40,885 alphafold2_ptm_model_3_seed_042 recycle=2 pLDDT=88.4 pTM=0.702 tol=0.719
2026-08-18 23:00:55,637 alphafold2_ptm_model_3_seed_042 recycle=3 pLDDT=89.9 pTM=0.734 tol=0.205
2026-08-18 23:00:55,637 alphafold2_ptm_model_3_seed_042 took 58.1s (3 recycles)
2026-08-18 23:01:10,416 alphafold2_ptm_model_4_seed_042 recycle=0 pLDDT=81.7 pTM=0.668
2026-08-18 23:01:24,810 alphafold2_ptm_model_4_seed_042 recycle=1 pLDDT=92 pTM=0.79 tol=1.19
2026-08-18 23:01:38,848 alphafold2_ptm_model_4_seed_042 recycle=2 pLDDT=91.9 pTM=0.786 tol=0.0892
2026-08-18 23:01:52,967 alphafold2_ptm_model_4_seed_042 recycle=3 pLDDT=92 pTM=0.786 tol=0.0279
2026-08-18 23:01:52,967 alphafold2_ptm_model_4_seed_042 took 57.2s (3 recycles)
2026-08-18 23:02:07,644 alphafold2_ptm_model_5_seed_042 recycle=0 pLDDT=82.9 pTM=0.66
2026-08-18 23:02:21,199 alphafold2_ptm_model_5_seed_042 recycle=1 pLDDT=88.6 pTM=0.691 tol=0.917
2026-08-18 23:02:34,660 alphafold2_ptm_model_5_seed_042 recycle=2 pLDDT=89.6 pTM=0.728 tol=0.0966
2026-08-18 23:02:48,150 alphafold2_ptm_model_5_seed_042 recycle=3 pLDDT=89.9 pTM=0.726 tol=0.0485
2026-08-18 23:02:48,151 alphafold2_ptm_model_5_seed_042 took 55.2s (3 recycles)
2026-08-18 23:02:48,234 reranking models by 'plddt' metric
2026-08-18 23:02:48,234 rank_001_alphafold2_ptm_model_2_seed_042 pLDDT=92.8 pTM=0.798
2026-08-18 23:02:48,236 rank_002_alphafold2_ptm_model_4_seed_042 pLDDT=92 pTM=0.786
2026-08-18 23:02:48,237 rank_003_alphafold2_ptm_model_1_seed_042 pLDDT=90.5 pTM=0.732
2026-08-18 23:02:48,238 rank_004_alphafold2_ptm_model_5_seed_042 pLDDT=89.9 pTM=0.726
2026-08-18 23:02:48,240 rank_005_alphafold2_ptm_model_3_seed_042 pLDDT=89.9 pTM=0.734
2026-08-18 23:02:50,466 Query 62/140: design-432_mut-I45A_bias-start (length 108)
2026-08-18 23:03:06,389 alphafold2_ptm_model_1_seed_042 recycle=0 pLDDT=84.8 pTM=0.673
2026-08-18 23:03:19,488 alphafold2_ptm_model_1_seed_042 recycle=1 pLDDT=88.4 pTM=0.712 tol=0.617
2026-08-18 23:03:33,323 alphafold2_ptm_model_1_seed_042 recycle=2 pLDDT=87.9 pTM=0.702 tol=0.103
2026-08-18 23:03:46,938 alphafold2_ptm_model_1_seed_042 recycle=3 pLDDT=88.1 pTM=0.705 tol=0.0435
2026-08-18 23:03:46,939 alphafold2_ptm_model_1_seed_042 took 54.1s (3 recycles)
2026-08-18 23:04:03,243 alphafold2_ptm_model_2_seed_042 recycle=0 pLDDT=82.1 pTM=0.676
2026-08-18 23:04:16,407 alphafold2_ptm_model_2_seed_042 recycle=1 pLDDT=89.2 pTM=0.738 tol=0.958
2026-08-18 23:04:29,832 alphafold2_ptm_model_2_seed_042 recycle=2 pLDDT=88.4 pTM=0.723 tol=0.123
2026-08-18 23:04:43,580 alphafold2_ptm_model_2_seed_042 recycle=3 pLDDT=88.3 pTM=0.72 tol=0.0662
2026-08-18 23:04:43,581 alphafold2_ptm_model_2_seed_042 took 53.5s (3 recycles)
2026-08-18 23:05:00,137 alphafold2_ptm_model_3_seed_042 recycle=0 pLDDT=77.9 pTM=0.607
2026-08-18 23:05:13,447 alphafold2_ptm_model_3_seed_042 recycle=1 pLDDT=89.6 pTM=0.719 tol=1.17
2026-08-18 23:05:27,227 alphafold2_ptm_model_3_seed_042 recycle=2 pLDDT=89.7 pTM=0.727 tol=0.129
2026-08-18 23:05:41,271 alphafold2_ptm_model_3_seed_042 recycle=3 pLDDT=90.1 pTM=0.735 tol=0.0534
2026-08-18 23:05:41,271 alphafold2_ptm_model_3_seed_042 took 55.4s (3 recycles)
2026-08-18 23:05:55,877 alphafold2_ptm_model_4_seed_042 recycle=0 pLDDT=83.6 pTM=0.68
2026-08-18 23:06:09,107 alphafold2_ptm_model_4_seed_042 recycle=1 pLDDT=90.2 pTM=0.75 tol=0.496
2026-08-18 23:06:22,877 alphafold2_ptm_model_4_seed_042 recycle=2 pLDDT=89.9 pTM=0.748 tol=0.132
2026-08-18 23:06:36,375 alphafold2_ptm_model_4_seed_042 recycle=3 pLDDT=90.4 pTM=0.754 tol=0.0385
2026-08-18 23:06:36,376 alphafold2_ptm_model_4_seed_042 took 55.1s (3 recycles)
2026-08-18 23:06:50,487 alphafold2_ptm_model_5_seed_042 recycle=0 pLDDT=81.4 pTM=0.653
2026-08-18 23:07:03,547 alphafold2_ptm_model_5_seed_042 recycle=1 pLDDT=86.2 pTM=0.686 tol=0.587
2026-08-18 23:07:16,875 alphafold2_ptm_model_5_seed_042 recycle=2 pLDDT=87 pTM=0.686 tol=0.0773
2026-08-18 23:07:30,332 alphafold2_ptm_model_5_seed_042 recycle=3 pLDDT=87.2 pTM=0.686 tol=0.054
2026-08-18 23:07:30,332 alphafold2_ptm_model_5_seed_042 took 53.9s (3 recycles)
2026-08-18 23:07:30,378 reranking models by 'plddt' metric
2026-08-18 23:07:30,378 rank_001_alphafold2_ptm_model_4_seed_042 pLDDT=90.4 pTM=0.754
2026-08-18 23:07:30,380 rank_002_alphafold2_ptm_model_3_seed_042 pLDDT=90.1 pTM=0.735
2026-08-18 23:07:30,382 rank_003_alphafold2_ptm_model_2_seed_042 pLDDT=88.3 pTM=0.72
2026-08-18 23:07:30,383 rank_004_alphafold2_ptm_model_1_seed_042 pLDDT=88.1 pTM=0.705
2026-08-18 23:07:30,385 rank_005_alphafold2_ptm_model_5_seed_042 pLDDT=87.2 pTM=0.686
2026-08-18 23:07:35,650 Query 63/140: design-432_mut-A77I_bias-start (length 108)
2026-08-18 23:07:54,468 alphafold2_ptm_model_1_seed_042 recycle=0 pLDDT=84.4 pTM=0.68
2026-08-18 23:08:08,481 alphafold2_ptm_model_1_seed_042 recycle=1 pLDDT=89.4 pTM=0.72 tol=1.05
2026-08-18 23:08:22,136 alphafold2_ptm_model_1_seed_042 recycle=2 pLDDT=90.4 pTM=0.732 tol=0.163
2026-08-18 23:08:36,575 alphafold2_ptm_model_1_seed_042 recycle=3 pLDDT=90.7 pTM=0.735 tol=0.0691
2026-08-18 23:08:36,576 alphafold2_ptm_model_1_seed_042 took 55.8s (3 recycles)
2026-08-18 23:08:53,473 alphafold2_ptm_model_2_seed_042 recycle=0 pLDDT=85.1 pTM=0.685
2026-08-18 23:09:06,838 alphafold2_ptm_model_2_seed_042 recycle=1 pLDDT=92.9 pTM=0.793 tol=0.833
2026-08-18 23:09:20,150 alphafold2_ptm_model_2_seed_042 recycle=2 pLDDT=92.9 pTM=0.798 tol=0.0763
2026-08-18 23:09:33,391 alphafold2_ptm_model_2_seed_042 recycle=3 pLDDT=93 pTM=0.8 tol=0.0301
2026-08-18 23:09:33,391 alphafold2_ptm_model_2_seed_042 took 54.0s (3 recycles)
2026-08-18 23:09:48,921 alphafold2_ptm_model_3_seed_042 recycle=0 pLDDT=81.1 pTM=0.624
2026-08-18 23:10:02,963 alphafold2_ptm_model_3_seed_042 recycle=1 pLDDT=83.2 pTM=0.668 tol=1.5
2026-08-18 23:10:16,533 alphafold2_ptm_model_3_seed_042 recycle=2 pLDDT=88.6 pTM=0.7 tol=0.739
2026-08-18 23:10:30,603 alphafold2_ptm_model_3_seed_042 recycle=3 pLDDT=89.9 pTM=0.735 tol=0.216
2026-08-18 23:10:30,604 alphafold2_ptm_model_3_seed_042 took 55.8s (3 recycles)
2026-08-18 23:10:47,283 alphafold2_ptm_model_4_seed_042 recycle=0 pLDDT=81.7 pTM=0.666
2026-08-18 23:11:01,409 alphafold2_ptm_model_4_seed_042 recycle=1 pLDDT=92.1 pTM=0.79 tol=1.17
2026-08-18 23:11:14,948 alphafold2_ptm_model_4_seed_042 recycle=2 pLDDT=92.1 pTM=0.788 tol=0.09
2026-08-18 23:11:28,898 alphafold2_ptm_model_4_seed_042 recycle=3 pLDDT=92.1 pTM=0.787 tol=0.029
2026-08-18 23:11:28,898 alphafold2_ptm_model_4_seed_042 took 56.1s (3 recycles)
2026-08-18 23:11:43,033 alphafold2_ptm_model_5_seed_042 recycle=0 pLDDT=80.8 pTM=0.643
2026-08-18 23:11:56,735 alphafold2_ptm_model_5_seed_042 recycle=1 pLDDT=89.1 pTM=0.71 tol=0.82
2026-08-18 23:12:10,944 alphafold2_ptm_model_5_seed_042 recycle=2 pLDDT=89.9 pTM=0.734 tol=0.0905
2026-08-18 23:12:24,508 alphafold2_ptm_model_5_seed_042 recycle=3 pLDDT=90.2 pTM=0.73 tol=0.0372
2026-08-18 23:12:24,508 alphafold2_ptm_model_5_seed_042 took 55.5s (3 recycles)
2026-08-18 23:12:24,941 reranking models by 'plddt' metric
2026-08-18 23:12:24,941 rank_001_alphafold2_ptm_model_2_seed_042 pLDDT=93 pTM=0.8
2026-08-18 23:12:24,943 rank_002_alphafold2_ptm_model_4_seed_042 pLDDT=92.1 pTM=0.787
2026-08-18 23:12:24,944 rank_003_alphafold2_ptm_model_1_seed_042 pLDDT=90.7 pTM=0.735
2026-08-18 23:12:24,946 rank_004_alphafold2_ptm_model_5_seed_042 pLDDT=90.2 pTM=0.73
2026-08-18 23:12:24,948 rank_005_alphafold2_ptm_model_3_seed_042 pLDDT=89.9 pTM=0.735
2026-08-18 23:12:27,349 Query 64/140: design-432_mut-A38V_bias-start (length 108)
2026-08-18 23:12:43,192 alphafold2_ptm_model_1_seed_042 recycle=0 pLDDT=86.8 pTM=0.7
2026-08-18 23:12:57,316 alphafold2_ptm_model_1_seed_042 recycle=1 pLDDT=89.8 pTM=0.734 tol=0.789
2026-08-18 23:13:10,780 alphafold2_ptm_model_1_seed_042 recycle=2 pLDDT=89.4 pTM=0.726 tol=0.0905
2026-08-18 23:13:24,512 alphafold2_ptm_model_1_seed_042 recycle=3 pLDDT=89.2 pTM=0.722 tol=0.0363
2026-08-18 23:13:24,513 alphafold2_ptm_model_1_seed_042 took 55.1s (3 recycles)
2026-08-18 23:13:38,523 alphafold2_ptm_model_2_seed_042 recycle=0 pLDDT=84.9 pTM=0.683
2026-08-18 23:13:52,759 alphafold2_ptm_model_2_seed_042 recycle=1 pLDDT=90.9 pTM=0.765 tol=0.648
2026-08-18 23:14:06,888 alphafold2_ptm_model_2_seed_042 recycle=2 pLDDT=89.8 pTM=0.761 tol=0.108
2026-08-18 23:14:20,351 alphafold2_ptm_model_2_seed_042 recycle=3 pLDDT=90 pTM=0.763 tol=0.0203
2026-08-18 23:14:20,351 alphafold2_ptm_model_2_seed_042 took 55.8s (3 recycles)
2026-08-18 23:14:34,631 alphafold2_ptm_model_3_seed_042 recycle=0 pLDDT=78.8 pTM=0.603
2026-08-18 23:14:48,700 alphafold2_ptm_model_3_seed_042 recycle=1 pLDDT=90.2 pTM=0.751 tol=0.769
2026-08-18 23:15:02,088 alphafold2_ptm_model_3_seed_042 recycle=2 pLDDT=90.1 pTM=0.747 tol=0.0888
2026-08-18 23:15:15,785 alphafold2_ptm_model_3_seed_042 recycle=3 pLDDT=90.8 pTM=0.762 tol=0.0624
2026-08-18 23:15:15,785 alphafold2_ptm_model_3_seed_042 took 55.4s (3 recycles)
2026-08-18 23:15:29,750 alphafold2_ptm_model_4_seed_042 recycle=0 pLDDT=83.6 pTM=0.684
2026-08-18 23:15:43,693 alphafold2_ptm_model_4_seed_042 recycle=1 pLDDT=91.6 pTM=0.782 tol=0.844
2026-08-18 23:15:56,815 alphafold2_ptm_model_4_seed_042 recycle=2 pLDDT=90.9 pTM=0.772 tol=0.112
2026-08-18 23:16:10,180 alphafold2_ptm_model_4_seed_042 recycle=3 pLDDT=91.4 pTM=0.776 tol=0.037
2026-08-18 23:16:10,180 alphafold2_ptm_model_4_seed_042 took 54.3s (3 recycles)
2026-08-18 23:16:23,489 alphafold2_ptm_model_5_seed_042 recycle=0 pLDDT=80.6 pTM=0.642
2026-08-18 23:16:36,574 alphafold2_ptm_model_5_seed_042 recycle=1 pLDDT=87.2 pTM=0.695 tol=0.718
2026-08-18 23:16:50,298 alphafold2_ptm_model_5_seed_042 recycle=2 pLDDT=87.6 pTM=0.699 tol=0.122
2026-08-18 23:17:03,571 alphafold2_ptm_model_5_seed_042 recycle=3 pLDDT=88.5 pTM=0.707 tol=0.137
2026-08-18 23:17:03,572 alphafold2_ptm_model_5_seed_042 took 53.4s (3 recycles)
2026-08-18 23:17:03,605 reranking models by 'plddt' metric
2026-08-18 23:17:03,605 rank_001_alphafold2_ptm_model_4_seed_042 pLDDT=91.4 pTM=0.776
2026-08-18 23:17:03,606 rank_002_alphafold2_ptm_model_3_seed_042 pLDDT=90.8 pTM=0.762
2026-08-18 23:17:03,608 rank_003_alphafold2_ptm_model_2_seed_042 pLDDT=90 pTM=0.763
2026-08-18 23:17:03,609 rank_004_alphafold2_ptm_model_1_seed_042 pLDDT=89.2 pTM=0.722
2026-08-18 23:17:03,611 rank_005_alphafold2_ptm_model_5_seed_042 pLDDT=88.5 pTM=0.707
2026-08-18 23:17:07,081 Query 65/140: design-432_mut-A16L_bias-start (length 108)
2026-08-18 23:17:22,765 alphafold2_ptm_model_1_seed_042 recycle=0 pLDDT=86.6 pTM=0.696
2026-08-18 23:17:36,061 alphafold2_ptm_model_1_seed_042 recycle=1 pLDDT=89.1 pTM=0.716 tol=0.798
2026-08-18 23:17:49,168 alphafold2_ptm_model_1_seed_042 recycle=2 pLDDT=90.4 pTM=0.738 tol=0.138
2026-08-18 23:18:02,993 alphafold2_ptm_model_1_seed_042 recycle=3 pLDDT=90.9 pTM=0.743 tol=0.0533
2026-08-18 23:18:02,993 alphafold2_ptm_model_1_seed_042 took 54.2s (3 recycles)
2026-08-18 23:18:16,361 alphafold2_ptm_model_2_seed_042 recycle=0 pLDDT=85.6 pTM=0.702
2026-08-18 23:18:29,436 alphafold2_ptm_model_2_seed_042 recycle=1 pLDDT=92.6 pTM=0.794 tol=0.812
2026-08-18 23:18:43,479 alphafold2_ptm_model_2_seed_042 recycle=2 pLDDT=92.5 pTM=0.803 tol=0.111
2026-08-18 23:18:57,025 alphafold2_ptm_model_2_seed_042 recycle=3 pLDDT=92.4 pTM=0.804 tol=0.0328
2026-08-18 23:18:57,025 alphafold2_ptm_model_2_seed_042 took 54.0s (3 recycles)
2026-08-18 23:19:10,441 alphafold2_ptm_model_3_seed_042 recycle=0 pLDDT=78.7 pTM=0.612
2026-08-18 23:19:23,972 alphafold2_ptm_model_3_seed_042 recycle=1 pLDDT=91.1 pTM=0.76 tol=2.19
2026-08-18 23:19:37,451 alphafold2_ptm_model_3_seed_042 recycle=2 pLDDT=92.1 pTM=0.775 tol=0.169
2026-08-18 23:19:51,231 alphafold2_ptm_model_3_seed_042 recycle=3 pLDDT=92.7 pTM=0.793 tol=0.0643
2026-08-18 23:19:51,231 alphafold2_ptm_model_3_seed_042 took 54.2s (3 recycles)
2026-08-18 23:20:04,834 alphafold2_ptm_model_4_seed_042 recycle=0 pLDDT=81.6 pTM=0.668
2026-08-18 23:20:18,199 alphafold2_ptm_model_4_seed_042 recycle=1 pLDDT=92.3 pTM=0.799 tol=1.5
2026-08-18 23:20:31,444 alphafold2_ptm_model_4_seed_042 recycle=2 pLDDT=92.6 pTM=0.798 tol=0.0947
2026-08-18 23:20:45,369 alphafold2_ptm_model_4_seed_042 recycle=3 pLDDT=93.1 pTM=0.804 tol=0.0279
2026-08-18 23:20:45,369 alphafold2_ptm_model_4_seed_042 took 54.1s (3 recycles)
2026-08-18 23:20:59,737 alphafold2_ptm_model_5_seed_042 recycle=0 pLDDT=86.7 pTM=0.698
2026-08-18 23:21:13,205 alphafold2_ptm_model_5_seed_042 recycle=1 pLDDT=89.6 pTM=0.73 tol=0.675
2026-08-18 23:21:26,661 alphafold2_ptm_model_5_seed_042 recycle=2 pLDDT=89.9 pTM=0.736 tol=0.0891
2026-08-18 23:21:40,114 alphafold2_ptm_model_5_seed_042 recycle=3 pLDDT=90.4 pTM=0.741 tol=0.0368
2026-08-18 23:21:40,114 alphafold2_ptm_model_5_seed_042 took 53.9s (3 recycles)
2026-08-18 23:21:40,162 reranking models by 'plddt' metric
2026-08-18 23:21:40,163 rank_001_alphafold2_ptm_model_4_seed_042 pLDDT=93.1 pTM=0.804
2026-08-18 23:21:40,164 rank_002_alphafold2_ptm_model_3_seed_042 pLDDT=92.7 pTM=0.793
2026-08-18 23:21:40,166 rank_003_alphafold2_ptm_model_2_seed_042 pLDDT=92.4 pTM=0.804
2026-08-18 23:21:40,167 rank_004_alphafold2_ptm_model_1_seed_042 pLDDT=90.9 pTM=0.743
2026-08-18 23:21:40,168 rank_005_alphafold2_ptm_model_5_seed_042 pLDDT=90.4 pTM=0.741
2026-08-18 23:21:42,515 Query 66/140: design-432_mut-I45S_bias-start (length 108)
2026-08-18 23:21:58,203 alphafold2_ptm_model_1_seed_042 recycle=0 pLDDT=83.9 pTM=0.677
2026-08-18 23:22:11,893 alphafold2_ptm_model_1_seed_042 recycle=1 pLDDT=85.2 pTM=0.685 tol=0.529
2026-08-18 23:22:26,026 alphafold2_ptm_model_1_seed_042 recycle=2 pLDDT=86 pTM=0.686 tol=0.108
2026-08-18 23:22:40,201 alphafold2_ptm_model_1_seed_042 recycle=3 pLDDT=86.2 pTM=0.686 tol=0.0298
2026-08-18 23:22:40,201 alphafold2_ptm_model_1_seed_042 took 55.5s (3 recycles)
2026-08-18 23:22:54,733 alphafold2_ptm_model_2_seed_042 recycle=0 pLDDT=82.1 pTM=0.676
2026-08-18 23:23:08,356 alphafold2_ptm_model_2_seed_042 recycle=1 pLDDT=87.7 pTM=0.728 tol=0.835
2026-08-18 23:23:21,894 alphafold2_ptm_model_2_seed_042 recycle=2 pLDDT=87.3 pTM=0.714 tol=0.107
2026-08-18 23:23:35,091 alphafold2_ptm_model_2_seed_042 recycle=3 pLDDT=87.2 pTM=0.711 tol=0.0577
2026-08-18 23:23:35,092 alphafold2_ptm_model_2_seed_042 took 54.9s (3 recycles)
2026-08-18 23:23:49,038 alphafold2_ptm_model_3_seed_042 recycle=0 pLDDT=77.9 pTM=0.616
2026-08-18 23:24:06,911 alphafold2_ptm_model_3_seed_042 recycle=1 pLDDT=89.4 pTM=0.721 tol=1.24
2026-08-18 23:24:23,016 alphafold2_ptm_model_3_seed_042 recycle=2 pLDDT=88.9 pTM=0.717 tol=0.138
2026-08-18 23:24:36,782 alphafold2_ptm_model_3_seed_042 recycle=3 pLDDT=89.5 pTM=0.727 tol=0.0634
2026-08-18 23:24:36,783 alphafold2_ptm_model_3_seed_042 took 61.7s (3 recycles)
2026-08-18 23:24:51,832 alphafold2_ptm_model_4_seed_042 recycle=0 pLDDT=81 pTM=0.666
2026-08-18 23:25:06,405 alphafold2_ptm_model_4_seed_042 recycle=1 pLDDT=88.4 pTM=0.73 tol=0.742
2026-08-18 23:25:20,033 alphafold2_ptm_model_4_seed_042 recycle=2 pLDDT=88.6 pTM=0.73 tol=0.0692
2026-08-18 23:25:34,437 alphafold2_ptm_model_4_seed_042 recycle=3 pLDDT=89.1 pTM=0.735 tol=0.0547
2026-08-18 23:25:34,438 alphafold2_ptm_model_4_seed_042 took 56.2s (3 recycles)
2026-08-18 23:25:48,811 alphafold2_ptm_model_5_seed_042 recycle=0 pLDDT=78.6 pTM=0.625
2026-08-18 23:26:03,271 alphafold2_ptm_model_5_seed_042 recycle=1 pLDDT=80.9 pTM=0.638 tol=0.945
2026-08-18 23:26:16,797 alphafold2_ptm_model_5_seed_042 recycle=2 pLDDT=82.1 pTM=0.643 tol=0.853
2026-08-18 23:26:30,534 alphafold2_ptm_model_5_seed_042 recycle=3 pLDDT=81.6 pTM=0.642 tol=0.101
2026-08-18 23:26:30,535 alphafold2_ptm_model_5_seed_042 took 56.0s (3 recycles)
2026-08-18 23:26:30,570 reranking models by 'plddt' metric
2026-08-18 23:26:30,570 rank_001_alphafold2_ptm_model_3_seed_042 pLDDT=89.5 pTM=0.727
2026-08-18 23:26:30,572 rank_002_alphafold2_ptm_model_4_seed_042 pLDDT=89.1 pTM=0.735
2026-08-18 23:26:30,574 rank_003_alphafold2_ptm_model_2_seed_042 pLDDT=87.2 pTM=0.711
2026-08-18 23:26:30,575 rank_004_alphafold2_ptm_model_1_seed_042 pLDDT=86.2 pTM=0.686
2026-08-18 23:26:30,577 rank_005_alphafold2_ptm_model_5_seed_042 pLDDT=81.6 pTM=0.642
2026-08-18 23:26:32,972 Query 67/140: design-432_mut-I45C_bias-start (length 108)
2026-08-18 23:26:47,979 alphafold2_ptm_model_1_seed_042 recycle=0 pLDDT=85.5 pTM=0.69
2026-08-18 23:27:01,848 alphafold2_ptm_model_1_seed_042 recycle=1 pLDDT=89.8 pTM=0.735 tol=0.745
2026-08-18 23:27:15,112 alphafold2_ptm_model_1_seed_042 recycle=2 pLDDT=89.5 pTM=0.732 tol=0.122
2026-08-18 23:27:28,755 alphafold2_ptm_model_1_seed_042 recycle=3 pLDDT=89.4 pTM=0.727 tol=0.0376
2026-08-18 23:27:28,756 alphafold2_ptm_model_1_seed_042 took 54.1s (3 recycles)
2026-08-18 23:27:42,977 alphafold2_ptm_model_2_seed_042 recycle=0 pLDDT=83.6 pTM=0.686
2026-08-18 23:27:56,594 alphafold2_ptm_model_2_seed_042 recycle=1 pLDDT=90.4 pTM=0.752 tol=0.813
2026-08-18 23:28:09,730 alphafold2_ptm_model_2_seed_042 recycle=2 pLDDT=89.9 pTM=0.745 tol=0.108
2026-08-18 23:28:23,150 alphafold2_ptm_model_2_seed_042 recycle=3 pLDDT=89.5 pTM=0.747 tol=0.0503
2026-08-18 23:28:23,150 alphafold2_ptm_model_2_seed_042 took 54.4s (3 recycles)
2026-08-18 23:28:37,563 alphafold2_ptm_model_3_seed_042 recycle=0 pLDDT=79.8 pTM=0.626
2026-08-18 23:28:51,339 alphafold2_ptm_model_3_seed_042 recycle=1 pLDDT=88.8 pTM=0.722 tol=2.07
2026-08-18 23:29:05,346 alphafold2_ptm_model_3_seed_042 recycle=2 pLDDT=89.9 pTM=0.723 tol=0.29
2026-08-18 23:29:18,859 alphafold2_ptm_model_3_seed_042 recycle=3 pLDDT=90.2 pTM=0.735 tol=0.08
2026-08-18 23:29:18,859 alphafold2_ptm_model_3_seed_042 took 55.7s (3 recycles)
2026-08-18 23:29:32,040 alphafold2_ptm_model_4_seed_042 recycle=0 pLDDT=84 pTM=0.689
2026-08-18 23:29:46,404 alphafold2_ptm_model_4_seed_042 recycle=1 pLDDT=92.1 pTM=0.788 tol=0.642
2026-08-18 23:30:00,079 alphafold2_ptm_model_4_seed_042 recycle=2 pLDDT=92 pTM=0.782 tol=0.0962
2026-08-18 23:30:13,647 alphafold2_ptm_model_4_seed_042 recycle=3 pLDDT=92 pTM=0.781 tol=0.0334
2026-08-18 23:30:13,647 alphafold2_ptm_model_4_seed_042 took 54.7s (3 recycles)
2026-08-18 23:30:27,326 alphafold2_ptm_model_5_seed_042 recycle=0 pLDDT=80.9 pTM=0.657
2026-08-18 23:30:40,894 alphafold2_ptm_model_5_seed_042 recycle=1 pLDDT=85.9 pTM=0.693 tol=0.495
2026-08-18 23:30:54,374 alphafold2_ptm_model_5_seed_042 recycle=2 pLDDT=86.4 pTM=0.688 tol=0.0773
2026-08-18 23:31:08,193 alphafold2_ptm_model_5_seed_042 recycle=3 pLDDT=86.7 pTM=0.688 tol=0.0585
2026-08-18 23:31:08,193 alphafold2_ptm_model_5_seed_042 took 54.5s (3 recycles)
2026-08-18 23:31:08,216 reranking models by 'plddt' metric
2026-08-18 23:31:08,216 rank_001_alphafold2_ptm_model_4_seed_042 pLDDT=92 pTM=0.781
2026-08-18 23:31:08,217 rank_002_alphafold2_ptm_model_3_seed_042 pLDDT=90.2 pTM=0.735
2026-08-18 23:31:08,218 rank_003_alphafold2_ptm_model_2_seed_042 pLDDT=89.5 pTM=0.747
2026-08-18 23:31:08,220 rank_004_alphafold2_ptm_model_1_seed_042 pLDDT=89.4 pTM=0.727
2026-08-18 23:31:08,221 rank_005_alphafold2_ptm_model_5_seed_042 pLDDT=86.7 pTM=0.688
2026-08-18 23:31:10,255 Query 68/140: design-432_mut-A75V_bias-start (length 108)
2026-08-18 23:31:25,017 alphafold2_ptm_model_1_seed_042 recycle=0 pLDDT=83.5 pTM=0.676
2026-08-18 23:31:39,322 alphafold2_ptm_model_1_seed_042 recycle=1 pLDDT=87.7 pTM=0.704 tol=0.641
2026-08-18 23:31:53,733 alphafold2_ptm_model_1_seed_042 recycle=2 pLDDT=87 pTM=0.69 tol=0.132
2026-08-18 23:32:07,444 alphafold2_ptm_model_1_seed_042 recycle=3 pLDDT=86.8 pTM=0.685 tol=0.0504
2026-08-18 23:32:07,445 alphafold2_ptm_model_1_seed_042 took 55.8s (3 recycles)
2026-08-18 23:32:20,924 alphafold2_ptm_model_2_seed_042 recycle=0 pLDDT=85 pTM=0.688
2026-08-18 23:32:34,425 alphafold2_ptm_model_2_seed_042 recycle=1 pLDDT=89.1 pTM=0.729 tol=0.624
2026-08-18 23:32:48,273 alphafold2_ptm_model_2_seed_042 recycle=2 pLDDT=87.6 pTM=0.706 tol=0.142
2026-08-18 23:33:02,117 alphafold2_ptm_model_2_seed_042 recycle=3 pLDDT=86.9 pTM=0.7 tol=0.064
2026-08-18 23:33:02,118 alphafold2_ptm_model_2_seed_042 took 54.6s (3 recycles)
2026-08-18 23:33:15,158 alphafold2_ptm_model_3_seed_042 recycle=0 pLDDT=85 pTM=0.673
2026-08-18 23:33:28,724 alphafold2_ptm_model_3_seed_042 recycle=1 pLDDT=84.8 pTM=0.664 tol=0.403
2026-08-18 23:33:42,061 alphafold2_ptm_model_3_seed_042 recycle=2 pLDDT=85.9 pTM=0.683 tol=0.202
2026-08-18 23:33:54,355 alphafold2_ptm_model_3_seed_042 recycle=3 pLDDT=84.4 pTM=0.665 tol=0.167
2026-08-18 23:33:54,356 alphafold2_ptm_model_3_seed_042 took 52.2s (3 recycles)
2026-08-18 23:34:06,709 alphafold2_ptm_model_4_seed_042 recycle=0 pLDDT=85.4 pTM=0.705
2026-08-18 23:34:19,013 alphafold2_ptm_model_4_seed_042 recycle=1 pLDDT=84.4 pTM=0.689 tol=1.43
2026-08-18 23:34:31,293 alphafold2_ptm_model_4_seed_042 recycle=2 pLDDT=87.1 pTM=0.699 tol=0.979
2026-08-18 23:34:43,695 alphafold2_ptm_model_4_seed_042 recycle=3 pLDDT=88 pTM=0.705 tol=0.121
2026-08-18 23:34:43,695 alphafold2_ptm_model_4_seed_042 took 49.3s (3 recycles)
2026-08-18 23:35:03,049 alphafold2_ptm_model_5_seed_042 recycle=0 pLDDT=83.1 pTM=0.665
2026-08-18 23:35:15,413 alphafold2_ptm_model_5_seed_042 recycle=1 pLDDT=83.8 pTM=0.662 tol=0.505
2026-08-18 23:35:27,716 alphafold2_ptm_model_5_seed_042 recycle=2 pLDDT=84.9 pTM=0.667 tol=0.437
2026-08-18 23:35:39,976 alphafold2_ptm_model_5_seed_042 recycle=3 pLDDT=86.6 pTM=0.682 tol=0.429
2026-08-18 23:35:39,976 alphafold2_ptm_model_5_seed_042 took 49.2s (3 recycles)
2026-08-18 23:35:49,469 reranking models by 'plddt' metric
2026-08-18 23:35:49,469 rank_001_alphafold2_ptm_model_4_seed_042 pLDDT=88 pTM=0.705
2026-08-18 23:35:49,471 rank_002_alphafold2_ptm_model_2_seed_042 pLDDT=86.9 pTM=0.7
2026-08-18 23:35:49,472 rank_003_alphafold2_ptm_model_1_seed_042 pLDDT=86.8 pTM=0.685
2026-08-18 23:35:49,474 rank_004_alphafold2_ptm_model_5_seed_042 pLDDT=86.6 pTM=0.682
2026-08-18 23:35:49,475 rank_005_alphafold2_ptm_model_3_seed_042 pLDDT=84.4 pTM=0.665
2026-08-18 23:35:51,495 Query 69/140: design-432_mut-I20P_bias-start (length 108)
2026-08-18 23:36:05,552 alphafold2_ptm_model_1_seed_042 recycle=0 pLDDT=87 pTM=0.691
2026-08-18 23:36:18,056 alphafold2_ptm_model_1_seed_042 recycle=1 pLDDT=87.1 pTM=0.691 tol=0.277
2026-08-18 23:36:30,503 alphafold2_ptm_model_1_seed_042 recycle=2 pLDDT=87.3 pTM=0.69 tol=0.0956
2026-08-18 23:36:42,958 alphafold2_ptm_model_1_seed_042 recycle=3 pLDDT=86.4 pTM=0.674 tol=0.0939
2026-08-18 23:36:42,958 alphafold2_ptm_model_1_seed_042 took 49.8s (3 recycles)
2026-08-18 23:36:56,109 alphafold2_ptm_model_2_seed_042 recycle=0 pLDDT=87.8 pTM=0.692
2026-08-18 23:37:08,541 alphafold2_ptm_model_2_seed_042 recycle=1 pLDDT=90.5 pTM=0.768 tol=0.246
2026-08-18 23:37:21,124 alphafold2_ptm_model_2_seed_042 recycle=2 pLDDT=89.9 pTM=0.766 tol=0.0843
2026-08-18 23:37:34,012 alphafold2_ptm_model_2_seed_042 recycle=3 pLDDT=89.8 pTM=0.762 tol=0.0283
2026-08-18 23:37:34,012 alphafold2_ptm_model_2_seed_042 took 50.4s (3 recycles)
2026-08-18 23:37:57,468 alphafold2_ptm_model_3_seed_042 recycle=0 pLDDT=85.2 pTM=0.66
2026-08-18 23:38:11,637 alphafold2_ptm_model_3_seed_042 recycle=1 pLDDT=89.2 pTM=0.738 tol=0.289
2026-08-18 23:38:24,640 alphafold2_ptm_model_3_seed_042 recycle=2 pLDDT=89.7 pTM=0.741 tol=0.113
2026-08-18 23:38:37,628 alphafold2_ptm_model_3_seed_042 recycle=3 pLDDT=90.1 pTM=0.752 tol=0.0544
2026-08-18 23:38:37,628 alphafold2_ptm_model_3_seed_042 took 61.4s (3 recycles)
2026-08-18 23:38:51,164 alphafold2_ptm_model_4_seed_042 recycle=0 pLDDT=85.1 pTM=0.676
2026-08-18 23:39:04,349 alphafold2_ptm_model_4_seed_042 recycle=1 pLDDT=90.3 pTM=0.762 tol=0.41
2026-08-18 23:39:17,588 alphafold2_ptm_model_4_seed_042 recycle=2 pLDDT=90.1 pTM=0.761 tol=0.0669
2026-08-18 23:39:30,854 alphafold2_ptm_model_4_seed_042 recycle=3 pLDDT=90.3 pTM=0.763 tol=0.0373
2026-08-18 23:39:30,855 alphafold2_ptm_model_4_seed_042 took 53.0s (3 recycles)
2026-08-18 23:39:44,250 alphafold2_ptm_model_5_seed_042 recycle=0 pLDDT=86.6 pTM=0.675
2026-08-18 23:39:57,322 alphafold2_ptm_model_5_seed_042 recycle=1 pLDDT=87.9 pTM=0.72 tol=0.161
2026-08-18 23:40:10,120 alphafold2_ptm_model_5_seed_042 recycle=2 pLDDT=88.4 pTM=0.72 tol=0.0637
2026-08-18 23:40:23,144 alphafold2_ptm_model_5_seed_042 recycle=3 pLDDT=89 pTM=0.724 tol=0.0455
2026-08-18 23:40:23,144 alphafold2_ptm_model_5_seed_042 took 52.0s (3 recycles)
2026-08-18 23:40:23,213 reranking models by 'plddt' metric
2026-08-18 23:40:23,213 rank_001_alphafold2_ptm_model_4_seed_042 pLDDT=90.3 pTM=0.763
2026-08-18 23:40:23,215 rank_002_alphafold2_ptm_model_3_seed_042 pLDDT=90.1 pTM=0.752
2026-08-18 23:40:23,216 rank_003_alphafold2_ptm_model_2_seed_042 pLDDT=89.8 pTM=0.762
2026-08-18 23:40:23,217 rank_004_alphafold2_ptm_model_5_seed_042 pLDDT=89 pTM=0.724
2026-08-18 23:40:23,219 rank_005_alphafold2_ptm_model_1_seed_042 pLDDT=86.4 pTM=0.674
2026-08-18 23:40:26,609 Query 70/140: design-432_mut-I45G_bias-start (length 108)
2026-08-18 23:40:41,036 alphafold2_ptm_model_1_seed_042 recycle=0 pLDDT=84.4 pTM=0.672
2026-08-18 23:40:53,967 alphafold2_ptm_model_1_seed_042 recycle=1 pLDDT=88.9 pTM=0.718 tol=0.645
2026-08-18 23:41:06,983 alphafold2_ptm_model_1_seed_042 recycle=2 pLDDT=89.3 pTM=0.714 tol=0.0779
2026-08-18 23:41:19,868 alphafold2_ptm_model_1_seed_042 recycle=3 pLDDT=89.7 pTM=0.722 tol=0.0466
2026-08-18 23:41:19,868 alphafold2_ptm_model_1_seed_042 took 51.9s (3 recycles)
2026-08-18 23:41:33,396 alphafold2_ptm_model_2_seed_042 recycle=0 pLDDT=83.1 pTM=0.687
2026-08-18 23:41:46,215 alphafold2_ptm_model_2_seed_042 recycle=1 pLDDT=89.9 pTM=0.749 tol=0.916
2026-08-18 23:41:59,309 alphafold2_ptm_model_2_seed_042 recycle=2 pLDDT=89.6 pTM=0.738 tol=0.11
2026-08-18 23:42:12,449 alphafold2_ptm_model_2_seed_042 recycle=3 pLDDT=89.7 pTM=0.745 tol=0.0509
2026-08-18 23:42:12,449 alphafold2_ptm_model_2_seed_042 took 51.9s (3 recycles)
2026-08-18 23:42:25,553 alphafold2_ptm_model_3_seed_042 recycle=0 pLDDT=79.8 pTM=0.628
2026-08-18 23:42:38,464 alphafold2_ptm_model_3_seed_042 recycle=1 pLDDT=90.2 pTM=0.728 tol=0.853
2026-08-18 23:42:51,391 alphafold2_ptm_model_3_seed_042 recycle=2 pLDDT=90 pTM=0.73 tol=0.136
2026-08-18 23:43:04,269 alphafold2_ptm_model_3_seed_042 recycle=3 pLDDT=90.8 pTM=0.746 tol=0.0481
2026-08-18 23:43:04,269 alphafold2_ptm_model_3_seed_042 took 51.8s (3 recycles)
2026-08-18 23:43:18,705 alphafold2_ptm_model_4_seed_042 recycle=0 pLDDT=83.3 pTM=0.678
2026-08-18 23:43:31,578 alphafold2_ptm_model_4_seed_042 recycle=1 pLDDT=90.2 pTM=0.748 tol=0.542
2026-08-18 23:43:44,570 alphafold2_ptm_model_4_seed_042 recycle=2 pLDDT=90.6 pTM=0.751 tol=0.0682
2026-08-18 23:43:57,530 alphafold2_ptm_model_4_seed_042 recycle=3 pLDDT=91 pTM=0.76 tol=0.0355
2026-08-18 23:43:57,530 alphafold2_ptm_model_4_seed_042 took 51.7s (3 recycles)
2026-08-18 23:44:10,620 alphafold2_ptm_model_5_seed_042 recycle=0 pLDDT=83.9 pTM=0.674
2026-08-18 23:44:23,513 alphafold2_ptm_model_5_seed_042 recycle=1 pLDDT=87.9 pTM=0.704 tol=0.483
2026-08-18 23:44:36,264 alphafold2_ptm_model_5_seed_042 recycle=2 pLDDT=88.8 pTM=0.712 tol=0.121
2026-08-18 23:44:49,078 alphafold2_ptm_model_5_seed_042 recycle=3 pLDDT=89.4 pTM=0.718 tol=0.0525
2026-08-18 23:44:49,079 alphafold2_ptm_model_5_seed_042 took 51.5s (3 recycles)
2026-08-18 23:44:49,111 reranking models by 'plddt' metric
2026-08-18 23:44:49,111 rank_001_alphafold2_ptm_model_4_seed_042 pLDDT=91 pTM=0.76
2026-08-18 23:44:49,113 rank_002_alphafold2_ptm_model_3_seed_042 pLDDT=90.8 pTM=0.746
2026-08-18 23:44:49,114 rank_003_alphafold2_ptm_model_2_seed_042 pLDDT=89.7 pTM=0.745
2026-08-18 23:44:49,115 rank_004_alphafold2_ptm_model_1_seed_042 pLDDT=89.7 pTM=0.722
2026-08-18 23:44:49,116 rank_005_alphafold2_ptm_model_5_seed_042 pLDDT=89.4 pTM=0.718
2026-08-18 23:44:54,682 Query 71/140: design-432_mut-G10Y_bias-end (length 108)
2026-08-18 23:45:09,114 alphafold2_ptm_model_1_seed_042 recycle=0 pLDDT=87.2 pTM=0.719
2026-08-18 23:45:21,891 alphafold2_ptm_model_1_seed_042 recycle=1 pLDDT=89.8 pTM=0.746 tol=0.373
2026-08-18 23:45:34,737 alphafold2_ptm_model_1_seed_042 recycle=2 pLDDT=89.7 pTM=0.743 tol=0.0665
2026-08-18 23:45:47,606 alphafold2_ptm_model_1_seed_042 recycle=3 pLDDT=89.3 pTM=0.736 tol=0.0656
2026-08-18 23:45:47,606 alphafold2_ptm_model_1_seed_042 took 51.6s (3 recycles)
2026-08-18 23:46:00,902 alphafold2_ptm_model_2_seed_042 recycle=0 pLDDT=87.1 pTM=0.722
2026-08-18 23:46:13,949 alphafold2_ptm_model_2_seed_042 recycle=1 pLDDT=88.6 pTM=0.76 tol=0.321
2026-08-18 23:46:26,903 alphafold2_ptm_model_2_seed_042 recycle=2 pLDDT=90.6 pTM=0.781 tol=0.273
2026-08-18 23:46:40,221 alphafold2_ptm_model_2_seed_042 recycle=3 pLDDT=90.7 pTM=0.783 tol=0.178
2026-08-18 23:46:40,221 alphafold2_ptm_model_2_seed_042 took 52.6s (3 recycles)
2026-08-18 23:46:55,021 alphafold2_ptm_model_3_seed_042 recycle=0 pLDDT=78.1 pTM=0.604
2026-08-18 23:47:08,094 alphafold2_ptm_model_3_seed_042 recycle=1 pLDDT=84.9 pTM=0.67 tol=1.31
2026-08-18 23:47:21,289 alphafold2_ptm_model_3_seed_042 recycle=2 pLDDT=84.6 pTM=0.654 tol=0.572
2026-08-18 23:47:34,579 alphafold2_ptm_model_3_seed_042 recycle=3 pLDDT=86.3 pTM=0.691 tol=0.257
2026-08-18 23:47:34,579 alphafold2_ptm_model_3_seed_042 took 52.9s (3 recycles)
2026-08-18 23:47:47,968 alphafold2_ptm_model_4_seed_042 recycle=0 pLDDT=80.8 pTM=0.655
2026-08-18 23:48:01,321 alphafold2_ptm_model_4_seed_042 recycle=1 pLDDT=86.8 pTM=0.726 tol=0.31
2026-08-18 23:48:14,703 alphafold2_ptm_model_4_seed_042 recycle=2 pLDDT=85.8 pTM=0.713 tol=0.127
2026-08-18 23:48:27,969 alphafold2_ptm_model_4_seed_042 recycle=3 pLDDT=85.6 pTM=0.71 tol=0.0909
2026-08-18 23:48:27,970 alphafold2_ptm_model_4_seed_042 took 53.3s (3 recycles)
2026-08-18 23:48:44,505 alphafold2_ptm_model_5_seed_042 recycle=0 pLDDT=78.6 pTM=0.62
2026-08-18 23:48:57,749 alphafold2_ptm_model_5_seed_042 recycle=1 pLDDT=80.1 pTM=0.635 tol=0.697
2026-08-18 23:49:10,809 alphafold2_ptm_model_5_seed_042 recycle=2 pLDDT=84.7 pTM=0.679 tol=0.839
2026-08-18 23:49:23,993 alphafold2_ptm_model_5_seed_042 recycle=3 pLDDT=86.6 pTM=0.702 tol=0.135
2026-08-18 23:49:23,993 alphafold2_ptm_model_5_seed_042 took 52.9s (3 recycles)
2026-08-18 23:49:24,406 reranking models by 'plddt' metric
2026-08-18 23:49:24,406 rank_001_alphafold2_ptm_model_2_seed_042 pLDDT=90.7 pTM=0.783
2026-08-18 23:49:24,407 rank_002_alphafold2_ptm_model_1_seed_042 pLDDT=89.3 pTM=0.736
2026-08-18 23:49:24,409 rank_003_alphafold2_ptm_model_5_seed_042 pLDDT=86.6 pTM=0.702
2026-08-18 23:49:24,410 rank_004_alphafold2_ptm_model_3_seed_042 pLDDT=86.3 pTM=0.691
2026-08-18 23:49:24,412 rank_005_alphafold2_ptm_model_4_seed_042 pLDDT=85.6 pTM=0.71
2026-08-18 23:49:26,444 Query 72/140: design-432_mut-G10W_bias-end (length 108)
2026-08-18 23:49:41,469 alphafold2_ptm_model_1_seed_042 recycle=0 pLDDT=83.9 pTM=0.677
2026-08-18 23:49:54,712 alphafold2_ptm_model_1_seed_042 recycle=1 pLDDT=87.2 pTM=0.71 tol=0.329
2026-08-18 23:50:08,237 alphafold2_ptm_model_1_seed_042 recycle=2 pLDDT=85.4 pTM=0.688 tol=0.127
2026-08-18 23:50:21,518 alphafold2_ptm_model_1_seed_042 recycle=3 pLDDT=85.3 pTM=0.688 tol=0.11
2026-08-18 23:50:21,519 alphafold2_ptm_model_1_seed_042 took 53.3s (3 recycles)
2026-08-18 23:50:35,989 alphafold2_ptm_model_2_seed_042 recycle=0 pLDDT=83.6 pTM=0.683
2026-08-18 23:50:49,322 alphafold2_ptm_model_2_seed_042 recycle=1 pLDDT=85.4 pTM=0.709 tol=0.501
2026-08-18 23:51:02,768 alphafold2_ptm_model_2_seed_042 recycle=2 pLDDT=84.1 pTM=0.697 tol=0.168
2026-08-18 23:51:16,134 alphafold2_ptm_model_2_seed_042 recycle=3 pLDDT=84.2 pTM=0.699 tol=0.132
2026-08-18 23:51:16,135 alphafold2_ptm_model_2_seed_042 took 53.5s (3 recycles)
2026-08-18 23:51:32,017 alphafold2_ptm_model_3_seed_042 recycle=0 pLDDT=77.1 pTM=0.597
2026-08-18 23:51:45,433 alphafold2_ptm_model_3_seed_042 recycle=1 pLDDT=83.7 pTM=0.667 tol=0.866
2026-08-18 23:51:58,798 alphafold2_ptm_model_3_seed_042 recycle=2 pLDDT=83 pTM=0.656 tol=0.14
2026-08-18 23:52:12,090 alphafold2_ptm_model_3_seed_042 recycle=3 pLDDT=83.7 pTM=0.676 tol=0.149
2026-08-18 23:52:12,090 alphafold2_ptm_model_3_seed_042 took 53.5s (3 recycles)
2026-08-18 23:52:27,896 alphafold2_ptm_model_4_seed_042 recycle=0 pLDDT=78.2 pTM=0.632
2026-08-18 23:52:41,016 alphafold2_ptm_model_4_seed_042 recycle=1 pLDDT=84.9 pTM=0.697 tol=0.598
2026-08-18 23:52:54,186 alphafold2_ptm_model_4_seed_042 recycle=2 pLDDT=82.9 pTM=0.672 tol=0.234
2026-08-18 23:53:07,472 alphafold2_ptm_model_4_seed_042 recycle=3 pLDDT=83.4 pTM=0.68 tol=0.316
2026-08-18 23:53:07,472 alphafold2_ptm_model_4_seed_042 took 52.8s (3 recycles)
2026-08-18 23:53:21,215 alphafold2_ptm_model_5_seed_042 recycle=0 pLDDT=81.2 pTM=0.644
2026-08-18 23:53:34,501 alphafold2_ptm_model_5_seed_042 recycle=1 pLDDT=81.6 pTM=0.642 tol=0.635
2026-08-18 23:53:47,855 alphafold2_ptm_model_5_seed_042 recycle=2 pLDDT=82.2 pTM=0.646 tol=1.11
2026-08-18 23:54:01,129 alphafold2_ptm_model_5_seed_042 recycle=3 pLDDT=83.5 pTM=0.666 tol=0.314
2026-08-18 23:54:01,129 alphafold2_ptm_model_5_seed_042 took 53.6s (3 recycles)
2026-08-18 23:54:01,177 reranking models by 'plddt' metric
2026-08-18 23:54:01,177 rank_001_alphafold2_ptm_model_1_seed_042 pLDDT=85.3 pTM=0.688
2026-08-18 23:54:01,179 rank_002_alphafold2_ptm_model_2_seed_042 pLDDT=84.2 pTM=0.699
2026-08-18 23:54:01,181 rank_003_alphafold2_ptm_model_3_seed_042 pLDDT=83.7 pTM=0.676
2026-08-18 23:54:01,182 rank_004_alphafold2_ptm_model_5_seed_042 pLDDT=83.5 pTM=0.666
2026-08-18 23:54:01,184 rank_005_alphafold2_ptm_model_4_seed_042 pLDDT=83.4 pTM=0.68
2026-08-18 23:54:03,307 Query 73/140: design-432_mut-G10D_bias-end (length 108)
2026-08-18 23:54:18,007 alphafold2_ptm_model_1_seed_042 recycle=0 pLDDT=81.1 pTM=0.647
2026-08-18 23:54:31,472 alphafold2_ptm_model_1_seed_042 recycle=1 pLDDT=84.9 pTM=0.685 tol=0.204
2026-08-18 23:54:44,629 alphafold2_ptm_model_1_seed_042 recycle=2 pLDDT=85.4 pTM=0.686 tol=0.112
2026-08-18 23:54:57,686 alphafold2_ptm_model_1_seed_042 recycle=3 pLDDT=85.8 pTM=0.687 tol=0.109
2026-08-18 23:54:57,687 alphafold2_ptm_model_1_seed_042 took 52.9s (3 recycles)
2026-08-18 23:55:10,738 alphafold2_ptm_model_2_seed_042 recycle=0 pLDDT=83.6 pTM=0.673
2026-08-18 23:55:23,956 alphafold2_ptm_model_2_seed_042 recycle=1 pLDDT=88.1 pTM=0.745 tol=0.303
2026-08-18 23:55:37,149 alphafold2_ptm_model_2_seed_042 recycle=2 pLDDT=88.6 pTM=0.755 tol=0.105
2026-08-18 23:55:50,629 alphafold2_ptm_model_2_seed_042 recycle=3 pLDDT=89.1 pTM=0.761 tol=0.0592
2026-08-18 23:55:50,629 alphafold2_ptm_model_2_seed_042 took 52.9s (3 recycles)
2026-08-18 23:56:03,941 alphafold2_ptm_model_3_seed_042 recycle=0 pLDDT=82.1 pTM=0.632
2026-08-18 23:56:17,244 alphafold2_ptm_model_3_seed_042 recycle=1 pLDDT=86.5 pTM=0.698 tol=0.456
2026-08-18 23:56:30,227 alphafold2_ptm_model_3_seed_042 recycle=2 pLDDT=86.9 pTM=0.701 tol=0.142
2026-08-18 23:56:43,338 alphafold2_ptm_model_3_seed_042 recycle=3 pLDDT=86.8 pTM=0.71 tol=0.143
2026-08-18 23:56:43,339 alphafold2_ptm_model_3_seed_042 took 52.7s (3 recycles)
2026-08-18 23:56:56,449 alphafold2_ptm_model_4_seed_042 recycle=0 pLDDT=84.1 pTM=0.688
2026-08-18 23:57:09,322 alphafold2_ptm_model_4_seed_042 recycle=1 pLDDT=87.9 pTM=0.733 tol=0.278
2026-08-18 23:57:22,471 alphafold2_ptm_model_4_seed_042 recycle=2 pLDDT=87.8 pTM=0.73 tol=0.15
2026-08-18 23:57:35,650 alphafold2_ptm_model_4_seed_042 recycle=3 pLDDT=87.9 pTM=0.729 tol=0.105
2026-08-18 23:57:35,650 alphafold2_ptm_model_4_seed_042 took 52.3s (3 recycles)
2026-08-18 23:57:49,104 alphafold2_ptm_model_5_seed_042 recycle=0 pLDDT=82.9 pTM=0.663
2026-08-18 23:58:02,240 alphafold2_ptm_model_5_seed_042 recycle=1 pLDDT=83.8 pTM=0.664 tol=0.458
2026-08-18 23:58:15,325 alphafold2_ptm_model_5_seed_042 recycle=2 pLDDT=84.4 pTM=0.666 tol=0.386
2026-08-18 23:58:28,649 alphafold2_ptm_model_5_seed_042 recycle=3 pLDDT=84.8 pTM=0.667 tol=0.399
2026-08-18 23:58:28,649 alphafold2_ptm_model_5_seed_042 took 53.0s (3 recycles)
2026-08-18 23:58:28,751 reranking models by 'plddt' metric
2026-08-18 23:58:28,751 rank_001_alphafold2_ptm_model_2_seed_042 pLDDT=89.1 pTM=0.761
2026-08-18 23:58:28,753 rank_002_alphafold2_ptm_model_4_seed_042 pLDDT=87.9 pTM=0.729
2026-08-18 23:58:28,754 rank_003_alphafold2_ptm_model_3_seed_042 pLDDT=86.8 pTM=0.71
2026-08-18 23:58:28,755 rank_004_alphafold2_ptm_model_1_seed_042 pLDDT=85.8 pTM=0.687
2026-08-18 23:58:28,757 rank_005_alphafold2_ptm_model_5_seed_042 pLDDT=84.8 pTM=0.667
2026-08-18 23:58:39,714 Query 74/140: design-432_mut-G10T_bias-end (length 108)
2026-08-18 23:58:58,172 alphafold2_ptm_model_1_seed_042 recycle=0 pLDDT=86.2 pTM=0.706
2026-08-18 23:59:12,668 alphafold2_ptm_model_1_seed_042 recycle=1 pLDDT=89.7 pTM=0.741 tol=0.395
2026-08-18 23:59:26,952 alphafold2_ptm_model_1_seed_042 recycle=2 pLDDT=89.9 pTM=0.742 tol=0.275
2026-08-18 23:59:42,166 alphafold2_ptm_model_1_seed_042 recycle=3 pLDDT=89.7 pTM=0.738 tol=0.143
2026-08-18 23:59:42,167 alphafold2_ptm_model_1_seed_042 took 59.2s (3 recycles)
2026-08-18 23:59:56,993 alphafold2_ptm_model_2_seed_042 recycle=0 pLDDT=88.5 pTM=0.732
2026-08-19 00:00:11,286 alphafold2_ptm_model_2_seed_042 recycle=1 pLDDT=89.6 pTM=0.76 tol=0.267
2026-08-19 00:00:26,110 alphafold2_ptm_model_2_seed_042 recycle=2 pLDDT=89.4 pTM=0.755 tol=0.0914
2026-08-19 00:00:41,422 alphafold2_ptm_model_2_seed_042 recycle=3 pLDDT=89.8 pTM=0.759 tol=0.0375
2026-08-19 00:00:41,423 alphafold2_ptm_model_2_seed_042 took 59.2s (3 recycles)
2026-08-19 00:00:57,304 alphafold2_ptm_model_3_seed_042 recycle=0 pLDDT=77.7 pTM=0.6
2026-08-19 00:01:12,999 alphafold2_ptm_model_3_seed_042 recycle=1 pLDDT=85.8 pTM=0.679 tol=1.06
2026-08-19 00:01:27,691 alphafold2_ptm_model_3_seed_042 recycle=2 pLDDT=86.1 pTM=0.668 tol=0.192
2026-08-19 00:01:42,961 alphafold2_ptm_model_3_seed_042 recycle=3 pLDDT=87.8 pTM=0.701 tol=0.177
2026-08-19 00:01:42,962 alphafold2_ptm_model_3_seed_042 took 60.5s (3 recycles)
2026-08-19 00:01:58,382 alphafold2_ptm_model_4_seed_042 recycle=0 pLDDT=80.4 pTM=0.647
2026-08-19 00:02:12,837 alphafold2_ptm_model_4_seed_042 recycle=1 pLDDT=88.3 pTM=0.741 tol=1.2
2026-08-19 00:02:27,199 alphafold2_ptm_model_4_seed_042 recycle=2 pLDDT=87.2 pTM=0.722 tol=0.249
2026-08-19 00:02:42,348 alphafold2_ptm_model_4_seed_042 recycle=3 pLDDT=87.1 pTM=0.716 tol=0.108
2026-08-19 00:02:42,349 alphafold2_ptm_model_4_seed_042 took 59.3s (3 recycles)
2026-08-19 00:02:56,840 alphafold2_ptm_model_5_seed_042 recycle=0 pLDDT=80.2 pTM=0.635
2026-08-19 00:03:11,933 alphafold2_ptm_model_5_seed_042 recycle=1 pLDDT=86.9 pTM=0.704 tol=0.375
2026-08-19 00:03:27,127 alphafold2_ptm_model_5_seed_042 recycle=2 pLDDT=87.9 pTM=0.711 tol=0.0935
2026-08-19 00:03:41,879 alphafold2_ptm_model_5_seed_042 recycle=3 pLDDT=88.4 pTM=0.714 tol=0.0441
2026-08-19 00:03:41,880 alphafold2_ptm_model_5_seed_042 took 59.5s (3 recycles)
2026-08-19 00:03:41,971 reranking models by 'plddt' metric
2026-08-19 00:03:41,971 rank_001_alphafold2_ptm_model_2_seed_042 pLDDT=89.8 pTM=0.759
2026-08-19 00:03:41,973 rank_002_alphafold2_ptm_model_1_seed_042 pLDDT=89.7 pTM=0.738
2026-08-19 00:03:41,975 rank_003_alphafold2_ptm_model_5_seed_042 pLDDT=88.4 pTM=0.714
2026-08-19 00:03:41,976 rank_004_alphafold2_ptm_model_3_seed_042 pLDDT=87.8 pTM=0.701
2026-08-19 00:03:41,977 rank_005_alphafold2_ptm_model_4_seed_042 pLDDT=87.1 pTM=0.716
2026-08-19 00:03:44,609 Query 75/140: design-432_mut-G10Q_bias-end (length 108)
2026-08-19 00:04:02,263 alphafold2_ptm_model_1_seed_042 recycle=0 pLDDT=85.9 pTM=0.703
2026-08-19 00:04:17,390 alphafold2_ptm_model_1_seed_042 recycle=1 pLDDT=89.7 pTM=0.739 tol=0.445
2026-08-19 00:04:32,559 alphafold2_ptm_model_1_seed_042 recycle=2 pLDDT=90.1 pTM=0.742 tol=0.291
2026-08-19 00:04:47,897 alphafold2_ptm_model_1_seed_042 recycle=3 pLDDT=89.6 pTM=0.736 tol=0.145
2026-08-19 00:04:47,897 alphafold2_ptm_model_1_seed_042 took 61.2s (3 recycles)
2026-08-19 00:05:03,192 alphafold2_ptm_model_2_seed_042 recycle=0 pLDDT=86.2 pTM=0.705
2026-08-19 00:05:18,649 alphafold2_ptm_model_2_seed_042 recycle=1 pLDDT=89.4 pTM=0.76 tol=0.374
2026-08-19 00:05:33,493 alphafold2_ptm_model_2_seed_042 recycle=2 pLDDT=89.6 pTM=0.764 tol=0.297
2026-08-19 00:05:48,457 alphafold2_ptm_model_2_seed_042 recycle=3 pLDDT=89.9 pTM=0.767 tol=0.193
2026-08-19 00:05:48,458 alphafold2_ptm_model_2_seed_042 took 60.5s (3 recycles)
2026-08-19 00:06:03,478 alphafold2_ptm_model_3_seed_042 recycle=0 pLDDT=80.6 pTM=0.615
2026-08-19 00:06:19,082 alphafold2_ptm_model_3_seed_042 recycle=1 pLDDT=87.6 pTM=0.719 tol=1.18
2026-08-19 00:06:34,140 alphafold2_ptm_model_3_seed_042 recycle=2 pLDDT=88.3 pTM=0.72 tol=0.273
2026-08-19 00:06:48,947 alphafold2_ptm_model_3_seed_042 recycle=3 pLDDT=89.1 pTM=0.734 tol=0.0629
2026-08-19 00:06:48,948 alphafold2_ptm_model_3_seed_042 took 60.2s (3 recycles)
2026-08-19 00:07:04,347 alphafold2_ptm_model_4_seed_042 recycle=0 pLDDT=83.9 pTM=0.686
2026-08-19 00:07:20,203 alphafold2_ptm_model_4_seed_042 recycle=1 pLDDT=89.2 pTM=0.751 tol=1.25
2026-08-19 00:07:36,395 alphafold2_ptm_model_4_seed_042 recycle=2 pLDDT=89.9 pTM=0.76 tol=0.266
2026-08-19 00:07:52,482 alphafold2_ptm_model_4_seed_042 recycle=3 pLDDT=89.8 pTM=0.758 tol=0.0811
2026-08-19 00:07:52,482 alphafold2_ptm_model_4_seed_042 took 63.5s (3 recycles)
2026-08-19 00:08:08,699 alphafold2_ptm_model_5_seed_042 recycle=0 pLDDT=81.2 pTM=0.64
2026-08-19 00:08:24,501 alphafold2_ptm_model_5_seed_042 recycle=1 pLDDT=83.1 pTM=0.653 tol=0.513
2026-08-19 00:08:40,127 alphafold2_ptm_model_5_seed_042 recycle=2 pLDDT=83.1 pTM=0.649 tol=0.48
2026-08-19 00:08:55,044 alphafold2_ptm_model_5_seed_042 recycle=3 pLDDT=83.4 pTM=0.656 tol=0.491
2026-08-19 00:08:55,044 alphafold2_ptm_model_5_seed_042 took 62.5s (3 recycles)
2026-08-19 00:08:55,103 reranking models by 'plddt' metric
2026-08-19 00:08:55,103 rank_001_alphafold2_ptm_model_2_seed_042 pLDDT=89.9 pTM=0.767
2026-08-19 00:08:55,105 rank_002_alphafold2_ptm_model_4_seed_042 pLDDT=89.8 pTM=0.758
2026-08-19 00:08:55,106 rank_003_alphafold2_ptm_model_1_seed_042 pLDDT=89.6 pTM=0.736
2026-08-19 00:08:55,108 rank_004_alphafold2_ptm_model_3_seed_042 pLDDT=89.1 pTM=0.734
2026-08-19 00:08:55,109 rank_005_alphafold2_ptm_model_5_seed_042 pLDDT=83.4 pTM=0.656
2026-08-19 00:08:57,302 Query 76/140: design-432_mut-I73A_bias-end (length 108)
2026-08-19 00:09:11,915 alphafold2_ptm_model_1_seed_042 recycle=0 pLDDT=81.6 pTM=0.628
2026-08-19 00:09:25,222 alphafold2_ptm_model_1_seed_042 recycle=1 pLDDT=88.4 pTM=0.703 tol=0.747
2026-08-19 00:09:38,201 alphafold2_ptm_model_1_seed_042 recycle=2 pLDDT=87.9 pTM=0.688 tol=0.145
2026-08-19 00:09:51,465 alphafold2_ptm_model_1_seed_042 recycle=3 pLDDT=87.9 pTM=0.688 tol=0.0853
2026-08-19 00:09:51,465 alphafold2_ptm_model_1_seed_042 took 52.8s (3 recycles)
2026-08-19 00:10:04,660 alphafold2_ptm_model_2_seed_042 recycle=0 pLDDT=83.2 pTM=0.65
2026-08-19 00:10:17,593 alphafold2_ptm_model_2_seed_042 recycle=1 pLDDT=90.2 pTM=0.741 tol=0.523
2026-08-19 00:10:30,620 alphafold2_ptm_model_2_seed_042 recycle=2 pLDDT=89.6 pTM=0.747 tol=0.174
2026-08-19 00:10:43,596 alphafold2_ptm_model_2_seed_042 recycle=3 pLDDT=88.5 pTM=0.723 tol=0.165
2026-08-19 00:10:43,597 alphafold2_ptm_model_2_seed_042 took 52.1s (3 recycles)
2026-08-19 00:10:56,825 alphafold2_ptm_model_3_seed_042 recycle=0 pLDDT=74 pTM=0.555
2026-08-19 00:11:10,002 alphafold2_ptm_model_3_seed_042 recycle=1 pLDDT=87.6 pTM=0.704 tol=1.69
2026-08-19 00:11:23,321 alphafold2_ptm_model_3_seed_042 recycle=2 pLDDT=88.7 pTM=0.706 tol=0.358
2026-08-19 00:11:36,192 alphafold2_ptm_model_3_seed_042 recycle=3 pLDDT=89.8 pTM=0.737 tol=0.201
2026-08-19 00:11:36,192 alphafold2_ptm_model_3_seed_042 took 52.5s (3 recycles)
2026-08-19 00:11:49,610 alphafold2_ptm_model_4_seed_042 recycle=0 pLDDT=75.5 pTM=0.584
2026-08-19 00:12:02,552 alphafold2_ptm_model_4_seed_042 recycle=1 pLDDT=89.2 pTM=0.735 tol=2.2
2026-08-19 00:12:15,612 alphafold2_ptm_model_4_seed_042 recycle=2 pLDDT=89.2 pTM=0.73 tol=0.502
2026-08-19 00:12:29,123 alphafold2_ptm_model_4_seed_042 recycle=3 pLDDT=89.1 pTM=0.729 tol=0.278
2026-08-19 00:12:29,124 alphafold2_ptm_model_4_seed_042 took 52.8s (3 recycles)
2026-08-19 00:12:42,204 alphafold2_ptm_model_5_seed_042 recycle=0 pLDDT=80 pTM=0.619
2026-08-19 00:12:55,307 alphafold2_ptm_model_5_seed_042 recycle=1 pLDDT=88.5 pTM=0.713 tol=0.511
2026-08-19 00:13:08,537 alphafold2_ptm_model_5_seed_042 recycle=2 pLDDT=88.6 pTM=0.706 tol=0.0746
2026-08-19 00:13:21,741 alphafold2_ptm_model_5_seed_042 recycle=3 pLDDT=88.6 pTM=0.698 tol=0.0438
2026-08-19 00:13:21,741 alphafold2_ptm_model_5_seed_042 took 52.6s (3 recycles)
2026-08-19 00:13:21,810 reranking models by 'plddt' metric
2026-08-19 00:13:21,811 rank_001_alphafold2_ptm_model_3_seed_042 pLDDT=89.8 pTM=0.737
2026-08-19 00:13:21,813 rank_002_alphafold2_ptm_model_4_seed_042 pLDDT=89.1 pTM=0.729
2026-08-19 00:13:21,814 rank_003_alphafold2_ptm_model_5_seed_042 pLDDT=88.6 pTM=0.698
2026-08-19 00:13:21,816 rank_004_alphafold2_ptm_model_2_seed_042 pLDDT=88.5 pTM=0.723
2026-08-19 00:13:21,817 rank_005_alphafold2_ptm_model_1_seed_042 pLDDT=87.9 pTM=0.688
2026-08-19 00:13:23,949 Query 77/140: design-432_mut-G10E_bias-end (length 108)
2026-08-19 00:13:38,375 alphafold2_ptm_model_1_seed_042 recycle=0 pLDDT=82.9 pTM=0.659
2026-08-19 00:13:59,181 alphafold2_ptm_model_1_seed_042 recycle=1 pLDDT=88.1 pTM=0.719 tol=0.664
2026-08-19 00:14:14,012 alphafold2_ptm_model_1_seed_042 recycle=2 pLDDT=88.9 pTM=0.722 tol=0.277
2026-08-19 00:14:27,155 alphafold2_ptm_model_1_seed_042 recycle=3 pLDDT=88.7 pTM=0.721 tol=0.155
2026-08-19 00:14:27,155 alphafold2_ptm_model_1_seed_042 took 61.8s (3 recycles)
2026-08-19 00:14:40,459 alphafold2_ptm_model_2_seed_042 recycle=0 pLDDT=83.1 pTM=0.673
2026-08-19 00:14:53,888 alphafold2_ptm_model_2_seed_042 recycle=1 pLDDT=87.8 pTM=0.742 tol=0.4
2026-08-19 00:15:07,477 alphafold2_ptm_model_2_seed_042 recycle=2 pLDDT=87.9 pTM=0.745 tol=0.252
2026-08-19 00:15:20,903 alphafold2_ptm_model_2_seed_042 recycle=3 pLDDT=88.1 pTM=0.749 tol=0.0556
2026-08-19 00:15:20,903 alphafold2_ptm_model_2_seed_042 took 53.7s (3 recycles)
2026-08-19 00:15:34,476 alphafold2_ptm_model_3_seed_042 recycle=0 pLDDT=81.2 pTM=0.619
2026-08-19 00:15:47,514 alphafold2_ptm_model_3_seed_042 recycle=1 pLDDT=86.3 pTM=0.699 tol=1.25
2026-08-19 00:16:00,766 alphafold2_ptm_model_3_seed_042 recycle=2 pLDDT=87.8 pTM=0.713 tol=0.411
2026-08-19 00:16:14,074 alphafold2_ptm_model_3_seed_042 recycle=3 pLDDT=87.9 pTM=0.722 tol=0.0848
2026-08-19 00:16:14,074 alphafold2_ptm_model_3_seed_042 took 53.1s (3 recycles)
2026-08-19 00:16:27,440 alphafold2_ptm_model_4_seed_042 recycle=0 pLDDT=84.4 pTM=0.69
2026-08-19 00:16:40,512 alphafold2_ptm_model_4_seed_042 recycle=1 pLDDT=85.6 pTM=0.712 tol=1.71
2026-08-19 00:16:53,551 alphafold2_ptm_model_4_seed_042 recycle=2 pLDDT=87.1 pTM=0.722 tol=0.555
2026-08-19 00:17:06,677 alphafold2_ptm_model_4_seed_042 recycle=3 pLDDT=88.9 pTM=0.746 tol=0.266
2026-08-19 00:17:06,677 alphafold2_ptm_model_4_seed_042 took 52.6s (3 recycles)
2026-08-19 00:17:20,042 alphafold2_ptm_model_5_seed_042 recycle=0 pLDDT=83.4 pTM=0.664
2026-08-19 00:17:32,945 alphafold2_ptm_model_5_seed_042 recycle=1 pLDDT=83.9 pTM=0.666 tol=0.5
2026-08-19 00:17:45,925 alphafold2_ptm_model_5_seed_042 recycle=2 pLDDT=84.2 pTM=0.66 tol=0.416
2026-08-19 00:17:58,857 alphafold2_ptm_model_5_seed_042 recycle=3 pLDDT=84.4 pTM=0.661 tol=0.0557
2026-08-19 00:17:58,857 alphafold2_ptm_model_5_seed_042 took 52.1s (3 recycles)
2026-08-19 00:17:59,594 reranking models by 'plddt' metric
2026-08-19 00:17:59,594 rank_001_alphafold2_ptm_model_4_seed_042 pLDDT=88.9 pTM=0.746
2026-08-19 00:17:59,596 rank_002_alphafold2_ptm_model_1_seed_042 pLDDT=88.7 pTM=0.721
2026-08-19 00:17:59,598 rank_003_alphafold2_ptm_model_2_seed_042 pLDDT=88.1 pTM=0.749
2026-08-19 00:17:59,599 rank_004_alphafold2_ptm_model_3_seed_042 pLDDT=87.9 pTM=0.722
2026-08-19 00:17:59,601 rank_005_alphafold2_ptm_model_5_seed_042 pLDDT=84.4 pTM=0.661
2026-08-19 00:18:01,779 Query 78/140: design-432_mut-G10L_bias-end (length 108)
2026-08-19 00:18:17,089 alphafold2_ptm_model_1_seed_042 recycle=0 pLDDT=85.8 pTM=0.688
2026-08-19 00:18:30,368 alphafold2_ptm_model_1_seed_042 recycle=1 pLDDT=87.9 pTM=0.707 tol=0.327
2026-08-19 00:18:43,707 alphafold2_ptm_model_1_seed_042 recycle=2 pLDDT=86.5 pTM=0.689 tol=0.1
2026-08-19 00:18:56,723 alphafold2_ptm_model_1_seed_042 recycle=3 pLDDT=86.6 pTM=0.687 tol=0.0833
2026-08-19 00:18:56,723 alphafold2_ptm_model_1_seed_042 took 53.2s (3 recycles)
2026-08-19 00:19:11,501 alphafold2_ptm_model_2_seed_042 recycle=0 pLDDT=84.5 pTM=0.688
2026-08-19 00:19:25,225 alphafold2_ptm_model_2_seed_042 recycle=1 pLDDT=86.8 pTM=0.711 tol=0.371
2026-08-19 00:19:38,516 alphafold2_ptm_model_2_seed_042 recycle=2 pLDDT=86.4 pTM=0.711 tol=0.294
2026-08-19 00:19:52,165 alphafold2_ptm_model_2_seed_042 recycle=3 pLDDT=86.3 pTM=0.705 tol=0.144
2026-08-19 00:19:52,165 alphafold2_ptm_model_2_seed_042 took 54.4s (3 recycles)
2026-08-19 00:20:05,523 alphafold2_ptm_model_3_seed_042 recycle=0 pLDDT=80.9 pTM=0.631
2026-08-19 00:20:19,040 alphafold2_ptm_model_3_seed_042 recycle=1 pLDDT=85.8 pTM=0.684 tol=1.11
2026-08-19 00:20:32,311 alphafold2_ptm_model_3_seed_042 recycle=2 pLDDT=85.8 pTM=0.673 tol=0.537
2026-08-19 00:20:45,594 alphafold2_ptm_model_3_seed_042 recycle=3 pLDDT=86.9 pTM=0.699 tol=0.311
2026-08-19 00:20:45,594 alphafold2_ptm_model_3_seed_042 took 53.4s (3 recycles)
2026-08-19 00:20:58,724 alphafold2_ptm_model_4_seed_042 recycle=0 pLDDT=82.2 pTM=0.658
2026-08-19 00:21:11,629 alphafold2_ptm_model_4_seed_042 recycle=1 pLDDT=85.6 pTM=0.701 tol=0.283
2026-08-19 00:21:24,294 alphafold2_ptm_model_4_seed_042 recycle=2 pLDDT=85.1 pTM=0.696 tol=0.126
2026-08-19 00:21:36,952 alphafold2_ptm_model_4_seed_042 recycle=3 pLDDT=84.9 pTM=0.697 tol=0.0704
2026-08-19 00:21:36,952 alphafold2_ptm_model_4_seed_042 took 51.3s (3 recycles)
2026-08-19 00:21:49,588 alphafold2_ptm_model_5_seed_042 recycle=0 pLDDT=85.7 pTM=0.688
2026-08-19 00:22:02,238 alphafold2_ptm_model_5_seed_042 recycle=1 pLDDT=85.1 pTM=0.664 tol=0.43
2026-08-19 00:22:14,843 alphafold2_ptm_model_5_seed_042 recycle=2 pLDDT=85.6 pTM=0.667 tol=0.121
2026-08-19 00:22:27,576 alphafold2_ptm_model_5_seed_042 recycle=3 pLDDT=86.1 pTM=0.675 tol=0.0564
2026-08-19 00:22:27,576 alphafold2_ptm_model_5_seed_042 took 50.6s (3 recycles)
2026-08-19 00:22:33,157 reranking models by 'plddt' metric
2026-08-19 00:22:33,157 rank_001_alphafold2_ptm_model_3_seed_042 pLDDT=86.9 pTM=0.699
2026-08-19 00:22:33,159 rank_002_alphafold2_ptm_model_1_seed_042 pLDDT=86.6 pTM=0.687
2026-08-19 00:22:33,162 rank_003_alphafold2_ptm_model_2_seed_042 pLDDT=86.3 pTM=0.705
2026-08-19 00:22:33,164 rank_004_alphafold2_ptm_model_5_seed_042 pLDDT=86.1 pTM=0.675
2026-08-19 00:22:33,167 rank_005_alphafold2_ptm_model_4_seed_042 pLDDT=84.9 pTM=0.697
2026-08-19 00:22:35,250 Query 79/140: design-432_mut-G10V_bias-end (length 108)
2026-08-19 00:22:49,401 alphafold2_ptm_model_1_seed_042 recycle=0 pLDDT=87.6 pTM=0.709
2026-08-19 00:23:01,977 alphafold2_ptm_model_1_seed_042 recycle=1 pLDDT=88.8 pTM=0.719 tol=0.24
2026-08-19 00:23:14,558 alphafold2_ptm_model_1_seed_042 recycle=2 pLDDT=87.8 pTM=0.701 tol=0.11
2026-08-19 00:23:26,994 alphafold2_ptm_model_1_seed_042 recycle=3 pLDDT=87.6 pTM=0.695 tol=0.0449
2026-08-19 00:23:26,994 alphafold2_ptm_model_1_seed_042 took 50.3s (3 recycles)
2026-08-19 00:23:40,002 alphafold2_ptm_model_2_seed_042 recycle=0 pLDDT=87.4 pTM=0.718
2026-08-19 00:23:52,606 alphafold2_ptm_model_2_seed_042 recycle=1 pLDDT=86.5 pTM=0.694 tol=0.403
2026-08-19 00:24:05,341 alphafold2_ptm_model_2_seed_042 recycle=2 pLDDT=88.4 pTM=0.729 tol=0.274
2026-08-19 00:24:18,333 alphafold2_ptm_model_2_seed_042 recycle=3 pLDDT=86.4 pTM=0.69 tol=0.159
2026-08-19 00:24:18,334 alphafold2_ptm_model_2_seed_042 took 51.0s (3 recycles)
2026-08-19 00:24:31,199 alphafold2_ptm_model_3_seed_042 recycle=0 pLDDT=82.8 pTM=0.645
2026-08-19 00:24:43,626 alphafold2_ptm_model_3_seed_042 recycle=1 pLDDT=87.9 pTM=0.694 tol=1.25
2026-08-19 00:24:56,280 alphafold2_ptm_model_3_seed_042 recycle=2 pLDDT=87.9 pTM=0.677 tol=0.395
2026-08-19 00:25:08,919 alphafold2_ptm_model_3_seed_042 recycle=3 pLDDT=88 pTM=0.686 tol=0.19
2026-08-19 00:25:08,919 alphafold2_ptm_model_3_seed_042 took 50.6s (3 recycles)
2026-08-19 00:25:21,731 alphafold2_ptm_model_4_seed_042 recycle=0 pLDDT=81.8 pTM=0.658
2026-08-19 00:25:34,356 alphafold2_ptm_model_4_seed_042 recycle=1 pLDDT=87.9 pTM=0.704 tol=0.586
2026-08-19 00:26:14,609 alphafold2_ptm_model_4_seed_042 recycle=2 pLDDT=86.3 pTM=0.697 tol=0.158
2026-08-19 00:26:34,065 alphafold2_ptm_model_4_seed_042 recycle=3 pLDDT=87 pTM=0.698 tol=0.129
2026-08-19 00:26:34,066 alphafold2_ptm_model_4_seed_042 took 85.1s (3 recycles)
2026-08-19 00:27:10,976 alphafold2_ptm_model_5_seed_042 recycle=0 pLDDT=86.8 pTM=0.708
2026-08-19 00:27:33,170 alphafold2_ptm_model_5_seed_042 recycle=1 pLDDT=86.9 pTM=0.673 tol=0.803
2026-08-19 00:27:46,544 alphafold2_ptm_model_5_seed_042 recycle=2 pLDDT=86.4 pTM=0.657 tol=0.238
2026-08-19 00:28:00,974 alphafold2_ptm_model_5_seed_042 recycle=3 pLDDT=87.2 pTM=0.677 tol=0.112
2026-08-19 00:28:00,974 alphafold2_ptm_model_5_seed_042 took 86.8s (3 recycles)
2026-08-19 00:28:01,044 reranking models by 'plddt' metric
2026-08-19 00:28:01,044 rank_001_alphafold2_ptm_model_3_seed_042 pLDDT=88 pTM=0.686
2026-08-19 00:28:01,046 rank_002_alphafold2_ptm_model_1_seed_042 pLDDT=87.6 pTM=0.695
2026-08-19 00:28:01,048 rank_003_alphafold2_ptm_model_5_seed_042 pLDDT=87.2 pTM=0.677
2026-08-19 00:28:01,049 rank_004_alphafold2_ptm_model_4_seed_042 pLDDT=87 pTM=0.698
2026-08-19 00:28:01,051 rank_005_alphafold2_ptm_model_2_seed_042 pLDDT=86.4 pTM=0.69
2026-08-19 00:28:03,951 Query 80/140: design-432_mut-G10I_bias-end (length 108)
2026-08-19 00:28:18,947 alphafold2_ptm_model_1_seed_042 recycle=0 pLDDT=87 pTM=0.701
2026-08-19 00:28:31,919 alphafold2_ptm_model_1_seed_042 recycle=1 pLDDT=89.8 pTM=0.735 tol=0.27
2026-08-19 00:28:44,568 alphafold2_ptm_model_1_seed_042 recycle=2 pLDDT=88.8 pTM=0.719 tol=0.0869
2026-08-19 00:28:57,303 alphafold2_ptm_model_1_seed_042 recycle=3 pLDDT=88.6 pTM=0.711 tol=0.0635
2026-08-19 00:28:57,303 alphafold2_ptm_model_1_seed_042 took 51.5s (3 recycles)
2026-08-19 00:29:11,027 alphafold2_ptm_model_2_seed_042 recycle=0 pLDDT=87.1 pTM=0.711
2026-08-19 00:29:23,359 alphafold2_ptm_model_2_seed_042 recycle=1 pLDDT=86.1 pTM=0.691 tol=0.341
2026-08-19 00:29:35,712 alphafold2_ptm_model_2_seed_042 recycle=2 pLDDT=87.6 pTM=0.716 tol=0.241
2026-08-19 00:29:48,098 alphafold2_ptm_model_2_seed_042 recycle=3 pLDDT=86.9 pTM=0.701 tol=0.14
2026-08-19 00:29:48,098 alphafold2_ptm_model_2_seed_042 took 50.0s (3 recycles)
2026-08-19 00:30:00,574 alphafold2_ptm_model_3_seed_042 recycle=0 pLDDT=81.2 pTM=0.631
2026-08-19 00:30:12,982 alphafold2_ptm_model_3_seed_042 recycle=1 pLDDT=87.1 pTM=0.687 tol=1.33
2026-08-19 00:30:25,426 alphafold2_ptm_model_3_seed_042 recycle=2 pLDDT=86.4 pTM=0.66 tol=0.601
2026-08-19 00:30:37,858 alphafold2_ptm_model_3_seed_042 recycle=3 pLDDT=87.4 pTM=0.685 tol=0.259
2026-08-19 00:30:37,858 alphafold2_ptm_model_3_seed_042 took 49.7s (3 recycles)
2026-08-19 00:30:50,303 alphafold2_ptm_model_4_seed_042 recycle=0 pLDDT=83 pTM=0.665
2026-08-19 00:31:02,621 alphafold2_ptm_model_4_seed_042 recycle=1 pLDDT=85.6 pTM=0.685 tol=0.314
2026-08-19 00:31:14,977 alphafold2_ptm_model_4_seed_042 recycle=2 pLDDT=86.4 pTM=0.706 tol=0.183
2026-08-19 00:31:27,344 alphafold2_ptm_model_4_seed_042 recycle=3 pLDDT=86 pTM=0.7 tol=0.201
2026-08-19 00:31:27,344 alphafold2_ptm_model_4_seed_042 took 49.4s (3 recycles)
2026-08-19 00:31:41,521 alphafold2_ptm_model_5_seed_042 recycle=0 pLDDT=86.9 pTM=0.716
2026-08-19 00:31:53,878 alphafold2_ptm_model_5_seed_042 recycle=1 pLDDT=86.8 pTM=0.687 tol=0.376
2026-08-19 00:32:06,253 alphafold2_ptm_model_5_seed_042 recycle=2 pLDDT=86.7 pTM=0.68 tol=0.0625
2026-08-19 00:32:18,607 alphafold2_ptm_model_5_seed_042 recycle=3 pLDDT=87.4 pTM=0.689 tol=0.0529
2026-08-19 00:32:18,608 alphafold2_ptm_model_5_seed_042 took 49.5s (3 recycles)
2026-08-19 00:32:18,630 reranking models by 'plddt' metric
2026-08-19 00:32:18,630 rank_001_alphafold2_ptm_model_1_seed_042 pLDDT=88.6 pTM=0.711
2026-08-19 00:32:18,632 rank_002_alphafold2_ptm_model_5_seed_042 pLDDT=87.4 pTM=0.689
2026-08-19 00:32:18,633 rank_003_alphafold2_ptm_model_3_seed_042 pLDDT=87.4 pTM=0.685
2026-08-19 00:32:18,635 rank_004_alphafold2_ptm_model_2_seed_042 pLDDT=86.9 pTM=0.701
2026-08-19 00:32:18,637 rank_005_alphafold2_ptm_model_4_seed_042 pLDDT=86 pTM=0.7
2026-08-19 00:32:20,624 Query 81/140: design-433_mut-I45A_bias-start (length 108)
2026-08-19 00:32:34,724 alphafold2_ptm_model_1_seed_042 recycle=0 pLDDT=86.2 pTM=0.701
2026-08-19 00:32:47,450 alphafold2_ptm_model_1_seed_042 recycle=1 pLDDT=88.1 pTM=0.722 tol=0.191
2026-08-19 00:32:59,939 alphafold2_ptm_model_1_seed_042 recycle=2 pLDDT=87.4 pTM=0.715 tol=0.12
2026-08-19 00:33:12,430 alphafold2_ptm_model_1_seed_042 recycle=3 pLDDT=87.6 pTM=0.715 tol=0.0757
2026-08-19 00:33:12,431 alphafold2_ptm_model_1_seed_042 took 50.2s (3 recycles)
2026-08-19 00:33:24,954 alphafold2_ptm_model_2_seed_042 recycle=0 pLDDT=87.9 pTM=0.737
2026-08-19 00:33:37,421 alphafold2_ptm_model_2_seed_042 recycle=1 pLDDT=88.2 pTM=0.731 tol=0.736
2026-08-19 00:33:50,019 alphafold2_ptm_model_2_seed_042 recycle=2 pLDDT=88.6 pTM=0.736 tol=0.507
2026-08-19 00:34:02,493 alphafold2_ptm_model_2_seed_042 recycle=3 pLDDT=88 pTM=0.729 tol=0.206
2026-08-19 00:34:02,493 alphafold2_ptm_model_2_seed_042 took 50.0s (3 recycles)
2026-08-19 00:34:15,034 alphafold2_ptm_model_3_seed_042 recycle=0 pLDDT=66.6 pTM=0.527
2026-08-19 00:34:27,511 alphafold2_ptm_model_3_seed_042 recycle=1 pLDDT=67.8 pTM=0.561 tol=3.1
2026-08-19 00:34:40,008 alphafold2_ptm_model_3_seed_042 recycle=2 pLDDT=89.1 pTM=0.724 tol=1.22
2026-08-19 00:34:52,531 alphafold2_ptm_model_3_seed_042 recycle=3 pLDDT=88.6 pTM=0.719 tol=0.249
2026-08-19 00:34:52,531 alphafold2_ptm_model_3_seed_042 took 50.0s (3 recycles)
2026-08-19 00:35:05,179 alphafold2_ptm_model_4_seed_042 recycle=0 pLDDT=85.6 pTM=0.709
2026-08-19 00:35:17,658 alphafold2_ptm_model_4_seed_042 recycle=1 pLDDT=89.4 pTM=0.745 tol=0.61
2026-08-19 00:35:30,115 alphafold2_ptm_model_4_seed_042 recycle=2 pLDDT=89.6 pTM=0.746 tol=0.139
2026-08-19 00:35:42,602 alphafold2_ptm_model_4_seed_042 recycle=3 pLDDT=89.3 pTM=0.742 tol=0.0684
2026-08-19 00:35:42,602 alphafold2_ptm_model_4_seed_042 took 50.0s (3 recycles)
2026-08-19 00:35:58,056 alphafold2_ptm_model_5_seed_042 recycle=0 pLDDT=84.2 pTM=0.673
2026-08-19 00:36:10,591 alphafold2_ptm_model_5_seed_042 recycle=1 pLDDT=88.8 pTM=0.722 tol=0.88
2026-08-19 00:36:23,102 alphafold2_ptm_model_5_seed_042 recycle=2 pLDDT=89.3 pTM=0.724 tol=0.116
2026-08-19 00:36:35,582 alphafold2_ptm_model_5_seed_042 recycle=3 pLDDT=89.8 pTM=0.726 tol=0.037
2026-08-19 00:36:35,583 alphafold2_ptm_model_5_seed_042 took 50.1s (3 recycles)
2026-08-19 00:36:35,604 reranking models by 'plddt' metric
2026-08-19 00:36:35,604 rank_001_alphafold2_ptm_model_5_seed_042 pLDDT=89.8 pTM=0.726
2026-08-19 00:36:35,606 rank_002_alphafold2_ptm_model_4_seed_042 pLDDT=89.3 pTM=0.742
2026-08-19 00:36:35,607 rank_003_alphafold2_ptm_model_3_seed_042 pLDDT=88.6 pTM=0.719
2026-08-19 00:36:35,609 rank_004_alphafold2_ptm_model_2_seed_042 pLDDT=88 pTM=0.729
2026-08-19 00:36:35,610 rank_005_alphafold2_ptm_model_1_seed_042 pLDDT=87.6 pTM=0.715
2026-08-19 00:36:37,658 Query 82/140: design-433_mut-A38V_bias-start (length 108)
2026-08-19 00:36:54,255 alphafold2_ptm_model_1_seed_042 recycle=0 pLDDT=86.2 pTM=0.699
2026-08-19 00:37:06,715 alphafold2_ptm_model_1_seed_042 recycle=1 pLDDT=88.9 pTM=0.726 tol=0.239
2026-08-19 00:37:19,165 alphafold2_ptm_model_1_seed_042 recycle=2 pLDDT=88.8 pTM=0.728 tol=0.129
2026-08-19 00:37:31,545 alphafold2_ptm_model_1_seed_042 recycle=3 pLDDT=88.7 pTM=0.724 tol=0.0552
2026-08-19 00:37:31,545 alphafold2_ptm_model_1_seed_042 took 49.8s (3 recycles)
2026-08-19 00:37:44,169 alphafold2_ptm_model_2_seed_042 recycle=0 pLDDT=88.9 pTM=0.758
2026-08-19 00:37:56,938 alphafold2_ptm_model_2_seed_042 recycle=1 pLDDT=90.1 pTM=0.76 tol=0.467
2026-08-19 00:38:09,577 alphafold2_ptm_model_2_seed_042 recycle=2 pLDDT=90.7 pTM=0.773 tol=0.0795
2026-08-19 00:38:22,112 alphafold2_ptm_model_2_seed_042 recycle=3 pLDDT=90.4 pTM=0.77 tol=0.0917
2026-08-19 00:38:22,112 alphafold2_ptm_model_2_seed_042 took 50.5s (3 recycles)
2026-08-19 00:38:34,670 alphafold2_ptm_model_3_seed_042 recycle=0 pLDDT=79.5 pTM=0.606
2026-08-19 00:38:47,085 alphafold2_ptm_model_3_seed_042 recycle=1 pLDDT=88.1 pTM=0.719 tol=1.43
2026-08-19 00:38:59,524 alphafold2_ptm_model_3_seed_042 recycle=2 pLDDT=89.9 pTM=0.736 tol=0.133
2026-08-19 00:39:11,960 alphafold2_ptm_model_3_seed_042 recycle=3 pLDDT=90.2 pTM=0.741 tol=0.0535
2026-08-19 00:39:11,960 alphafold2_ptm_model_3_seed_042 took 49.8s (3 recycles)
2026-08-19 00:39:24,932 alphafold2_ptm_model_4_seed_042 recycle=0 pLDDT=83.8 pTM=0.677
2026-08-19 00:39:37,393 alphafold2_ptm_model_4_seed_042 recycle=1 pLDDT=89.9 pTM=0.749 tol=0.758
2026-08-19 00:39:49,800 alphafold2_ptm_model_4_seed_042 recycle=2 pLDDT=91.2 pTM=0.767 tol=0.151
2026-08-19 00:40:02,335 alphafold2_ptm_model_4_seed_042 recycle=3 pLDDT=91.2 pTM=0.769 tol=0.0359
2026-08-19 00:40:02,335 alphafold2_ptm_model_4_seed_042 took 50.1s (3 recycles)
2026-08-19 00:40:18,127 alphafold2_ptm_model_5_seed_042 recycle=0 pLDDT=85.8 pTM=0.68
2026-08-19 00:40:30,715 alphafold2_ptm_model_5_seed_042 recycle=1 pLDDT=84.6 pTM=0.663 tol=0.364
2026-08-19 00:40:43,278 alphafold2_ptm_model_5_seed_042 recycle=2 pLDDT=84.4 pTM=0.669 tol=1.46
2026-08-19 00:40:55,880 alphafold2_ptm_model_5_seed_042 recycle=3 pLDDT=88.6 pTM=0.714 tol=0.577
2026-08-19 00:40:55,881 alphafold2_ptm_model_5_seed_042 took 50.5s (3 recycles)
2026-08-19 00:40:55,929 reranking models by 'plddt' metric
2026-08-19 00:40:55,929 rank_001_alphafold2_ptm_model_4_seed_042 pLDDT=91.2 pTM=0.769
2026-08-19 00:40:55,930 rank_002_alphafold2_ptm_model_2_seed_042 pLDDT=90.4 pTM=0.77
2026-08-19 00:40:55,932 rank_003_alphafold2_ptm_model_3_seed_042 pLDDT=90.2 pTM=0.741
2026-08-19 00:40:55,933 rank_004_alphafold2_ptm_model_1_seed_042 pLDDT=88.7 pTM=0.724
2026-08-19 00:40:55,935 rank_005_alphafold2_ptm_model_5_seed_042 pLDDT=88.6 pTM=0.714
2026-08-19 00:40:58,838 Query 83/140: design-433_mut-I45S_bias-start (length 108)
2026-08-19 00:41:12,795 alphafold2_ptm_model_1_seed_042 recycle=0 pLDDT=86.3 pTM=0.707
2026-08-19 00:41:25,609 alphafold2_ptm_model_1_seed_042 recycle=1 pLDDT=87.4 pTM=0.711 tol=0.265
2026-08-19 00:41:38,171 alphafold2_ptm_model_1_seed_042 recycle=2 pLDDT=87.4 pTM=0.713 tol=0.102
2026-08-19 00:41:50,695 alphafold2_ptm_model_1_seed_042 recycle=3 pLDDT=87.4 pTM=0.709 tol=0.0444
2026-08-19 00:41:50,695 alphafold2_ptm_model_1_seed_042 took 50.5s (3 recycles)
2026-08-19 00:43:03,668 alphafold2_ptm_model_2_seed_042 recycle=0 pLDDT=85.9 pTM=0.729
2026-08-19 00:43:17,445 alphafold2_ptm_model_2_seed_042 recycle=1 pLDDT=87.3 pTM=0.724 tol=0.999
2026-08-19 00:43:31,536 alphafold2_ptm_model_2_seed_042 recycle=2 pLDDT=88 pTM=0.727 tol=0.738
2026-08-19 00:43:45,216 alphafold2_ptm_model_2_seed_042 recycle=3 pLDDT=88.3 pTM=0.735 tol=0.251
2026-08-19 00:43:45,217 alphafold2_ptm_model_2_seed_042 took 114.5s (3 recycles)
2026-08-19 00:43:57,786 alphafold2_ptm_model_3_seed_042 recycle=0 pLDDT=84.6 pTM=0.682
2026-08-19 00:44:10,520 alphafold2_ptm_model_3_seed_042 recycle=1 pLDDT=88.4 pTM=0.715 tol=0.702
2026-08-19 00:44:23,391 alphafold2_ptm_model_3_seed_042 recycle=2 pLDDT=88.8 pTM=0.724 tol=0.3
2026-08-19 00:45:02,245 alphafold2_ptm_model_3_seed_042 recycle=3 pLDDT=88.9 pTM=0.728 tol=0.234
2026-08-19 00:45:02,245 alphafold2_ptm_model_3_seed_042 took 77.0s (3 recycles)
2026-08-19 00:45:16,933 alphafold2_ptm_model_4_seed_042 recycle=0 pLDDT=85.7 pTM=0.707
2026-08-19 00:45:29,533 alphafold2_ptm_model_4_seed_042 recycle=1 pLDDT=88.2 pTM=0.736 tol=0.688
2026-08-19 00:45:42,025 alphafold2_ptm_model_4_seed_042 recycle=2 pLDDT=89.1 pTM=0.74 tol=0.207
2026-08-19 00:45:54,521 alphafold2_ptm_model_4_seed_042 recycle=3 pLDDT=89.1 pTM=0.74 tol=0.0515
2026-08-19 00:45:54,521 alphafold2_ptm_model_4_seed_042 took 52.2s (3 recycles)
2026-08-19 00:46:07,131 alphafold2_ptm_model_5_seed_042 recycle=0 pLDDT=85.5 pTM=0.692
2026-08-19 00:46:19,661 alphafold2_ptm_model_5_seed_042 recycle=1 pLDDT=84.1 pTM=0.654 tol=0.449
2026-08-19 00:46:32,089 alphafold2_ptm_model_5_seed_042 recycle=2 pLDDT=85.6 pTM=0.68 tol=1.6
2026-08-19 00:46:44,519 alphafold2_ptm_model_5_seed_042 recycle=3 pLDDT=86.8 pTM=0.691 tol=0.308
2026-08-19 00:46:44,520 alphafold2_ptm_model_5_seed_042 took 50.0s (3 recycles)
2026-08-19 00:46:45,617 reranking models by 'plddt' metric
2026-08-19 00:46:45,618 rank_001_alphafold2_ptm_model_4_seed_042 pLDDT=89.1 pTM=0.74
2026-08-19 00:46:45,619 rank_002_alphafold2_ptm_model_3_seed_042 pLDDT=88.9 pTM=0.728
2026-08-19 00:46:45,620 rank_003_alphafold2_ptm_model_2_seed_042 pLDDT=88.3 pTM=0.735
2026-08-19 00:46:45,622 rank_004_alphafold2_ptm_model_1_seed_042 pLDDT=87.4 pTM=0.709
2026-08-19 00:46:45,623 rank_005_alphafold2_ptm_model_5_seed_042 pLDDT=86.8 pTM=0.691
2026-08-19 00:46:47,615 Query 84/140: design-433_mut-S16L_bias-start (length 108)
2026-08-19 00:47:01,892 alphafold2_ptm_model_1_seed_042 recycle=0 pLDDT=88.3 pTM=0.721
2026-08-19 00:47:14,423 alphafold2_ptm_model_1_seed_042 recycle=1 pLDDT=90.9 pTM=0.74 tol=0.698
2026-08-19 00:47:26,969 alphafold2_ptm_model_1_seed_042 recycle=2 pLDDT=90.8 pTM=0.74 tol=0.228
2026-08-19 00:47:39,443 alphafold2_ptm_model_1_seed_042 recycle=3 pLDDT=90.6 pTM=0.735 tol=0.161
2026-08-19 00:47:39,444 alphafold2_ptm_model_1_seed_042 took 50.2s (3 recycles)
2026-08-19 00:47:53,948 alphafold2_ptm_model_2_seed_042 recycle=0 pLDDT=91.2 pTM=0.764
2026-08-19 00:48:06,392 alphafold2_ptm_model_2_seed_042 recycle=1 pLDDT=91.4 pTM=0.77 tol=0.479
2026-08-19 00:48:18,918 alphafold2_ptm_model_2_seed_042 recycle=2 pLDDT=91.4 pTM=0.775 tol=0.136
2026-08-19 00:48:31,420 alphafold2_ptm_model_2_seed_042 recycle=3 pLDDT=91 pTM=0.766 tol=0.0501
2026-08-19 00:48:31,421 alphafold2_ptm_model_2_seed_042 took 50.0s (3 recycles)
2026-08-19 00:48:43,964 alphafold2_ptm_model_3_seed_042 recycle=0 pLDDT=87.2 pTM=0.704
2026-08-19 00:48:56,590 alphafold2_ptm_model_3_seed_042 recycle=1 pLDDT=91 pTM=0.746 tol=0.679
2026-08-19 00:49:09,131 alphafold2_ptm_model_3_seed_042 recycle=2 pLDDT=91.4 pTM=0.759 tol=0.0743
2026-08-19 00:49:21,700 alphafold2_ptm_model_3_seed_042 recycle=3 pLDDT=91.6 pTM=0.761 tol=0.0509
2026-08-19 00:49:21,700 alphafold2_ptm_model_3_seed_042 took 50.3s (3 recycles)
2026-08-19 00:49:34,332 alphafold2_ptm_model_4_seed_042 recycle=0 pLDDT=88.1 pTM=0.73
2026-08-19 00:49:46,780 alphafold2_ptm_model_4_seed_042 recycle=1 pLDDT=91.6 pTM=0.776 tol=0.423
2026-08-19 00:49:59,263 alphafold2_ptm_model_4_seed_042 recycle=2 pLDDT=91.6 pTM=0.776 tol=0.0728
2026-08-19 00:50:11,696 alphafold2_ptm_model_4_seed_042 recycle=3 pLDDT=91.6 pTM=0.776 tol=0.0998
2026-08-19 00:50:11,696 alphafold2_ptm_model_4_seed_042 took 50.0s (3 recycles)
2026-08-19 00:50:24,278 alphafold2_ptm_model_5_seed_042 recycle=0 pLDDT=87.5 pTM=0.723
2026-08-19 00:50:36,817 alphafold2_ptm_model_5_seed_042 recycle=1 pLDDT=86.7 pTM=0.699 tol=0.601
2026-08-19 00:50:49,301 alphafold2_ptm_model_5_seed_042 recycle=2 pLDDT=85.9 pTM=0.696 tol=1.37
2026-08-19 00:51:01,810 alphafold2_ptm_model_5_seed_042 recycle=3 pLDDT=88.8 pTM=0.718 tol=0.848
2026-08-19 00:51:01,811 alphafold2_ptm_model_5_seed_042 took 50.1s (3 recycles)
2026-08-19 00:51:01,833 reranking models by 'plddt' metric
2026-08-19 00:51:01,833 rank_001_alphafold2_ptm_model_4_seed_042 pLDDT=91.6 pTM=0.776
2026-08-19 00:51:01,834 rank_002_alphafold2_ptm_model_3_seed_042 pLDDT=91.6 pTM=0.761
2026-08-19 00:51:01,836 rank_003_alphafold2_ptm_model_2_seed_042 pLDDT=91 pTM=0.766
2026-08-19 00:51:01,837 rank_004_alphafold2_ptm_model_1_seed_042 pLDDT=90.6 pTM=0.735
2026-08-19 00:51:01,838 rank_005_alphafold2_ptm_model_5_seed_042 pLDDT=88.8 pTM=0.718
2026-08-19 00:51:04,617 Query 85/140: design-433_mut-I45G_bias-start (length 108)
2026-08-19 00:51:18,378 alphafold2_ptm_model_1_seed_042 recycle=0 pLDDT=86.2 pTM=0.699
2026-08-19 00:51:30,835 alphafold2_ptm_model_1_seed_042 recycle=1 pLDDT=88.4 pTM=0.722 tol=0.159
2026-08-19 00:51:43,244 alphafold2_ptm_model_1_seed_042 recycle=2 pLDDT=87.8 pTM=0.715 tol=0.107
2026-08-19 00:51:55,699 alphafold2_ptm_model_1_seed_042 recycle=3 pLDDT=87.8 pTM=0.715 tol=0.0591
2026-08-19 00:51:55,699 alphafold2_ptm_model_1_seed_042 took 49.7s (3 recycles)
2026-08-19 00:52:09,862 alphafold2_ptm_model_2_seed_042 recycle=0 pLDDT=88.2 pTM=0.738
2026-08-19 00:52:22,244 alphafold2_ptm_model_2_seed_042 recycle=1 pLDDT=89.1 pTM=0.74 tol=0.838
2026-08-19 00:52:34,614 alphafold2_ptm_model_2_seed_042 recycle=2 pLDDT=88.8 pTM=0.732 tol=0.678
2026-08-19 00:52:47,001 alphafold2_ptm_model_2_seed_042 recycle=3 pLDDT=88.1 pTM=0.729 tol=0.374
2026-08-19 00:52:47,002 alphafold2_ptm_model_2_seed_042 took 49.6s (3 recycles)
2026-08-19 00:52:59,458 alphafold2_ptm_model_3_seed_042 recycle=0 pLDDT=84.9 pTM=0.677
2026-08-19 00:53:11,894 alphafold2_ptm_model_3_seed_042 recycle=1 pLDDT=88 pTM=0.713 tol=0.604
2026-08-19 00:53:24,284 alphafold2_ptm_model_3_seed_042 recycle=2 pLDDT=88.8 pTM=0.726 tol=0.142
2026-08-19 00:53:36,711 alphafold2_ptm_model_3_seed_042 recycle=3 pLDDT=88.8 pTM=0.725 tol=0.132
2026-08-19 00:53:36,712 alphafold2_ptm_model_3_seed_042 took 49.7s (3 recycles)
2026-08-19 00:53:49,444 alphafold2_ptm_model_4_seed_042 recycle=0 pLDDT=85.8 pTM=0.71
2026-08-19 00:54:01,900 alphafold2_ptm_model_4_seed_042 recycle=1 pLDDT=89.4 pTM=0.744 tol=0.522
2026-08-19 00:54:14,282 alphafold2_ptm_model_4_seed_042 recycle=2 pLDDT=89.3 pTM=0.743 tol=0.0726
2026-08-19 00:54:26,742 alphafold2_ptm_model_4_seed_042 recycle=3 pLDDT=89.1 pTM=0.737 tol=0.112
2026-08-19 00:54:26,743 alphafold2_ptm_model_4_seed_042 took 49.8s (3 recycles)
2026-08-19 00:54:39,234 alphafold2_ptm_model_5_seed_042 recycle=0 pLDDT=85.6 pTM=0.697
2026-08-19 00:54:51,675 alphafold2_ptm_model_5_seed_042 recycle=1 pLDDT=89.3 pTM=0.721 tol=0.563
2026-08-19 00:55:04,019 alphafold2_ptm_model_5_seed_042 recycle=2 pLDDT=88.8 pTM=0.708 tol=0.0817
2026-08-19 00:55:16,427 alphafold2_ptm_model_5_seed_042 recycle=3 pLDDT=89.5 pTM=0.718 tol=0.0394
2026-08-19 00:55:16,428 alphafold2_ptm_model_5_seed_042 took 49.7s (3 recycles)
2026-08-19 00:55:16,457 reranking models by 'plddt' metric
2026-08-19 00:55:16,457 rank_001_alphafold2_ptm_model_5_seed_042 pLDDT=89.5 pTM=0.718
2026-08-19 00:55:16,459 rank_002_alphafold2_ptm_model_4_seed_042 pLDDT=89.1 pTM=0.737
2026-08-19 00:55:16,460 rank_003_alphafold2_ptm_model_3_seed_042 pLDDT=88.8 pTM=0.725
2026-08-19 00:55:16,462 rank_004_alphafold2_ptm_model_2_seed_042 pLDDT=88.1 pTM=0.729
2026-08-19 00:55:16,463 rank_005_alphafold2_ptm_model_1_seed_042 pLDDT=87.8 pTM=0.715
2026-08-19 00:55:19,325 Query 86/140: design-433_mut-I45C_bias-start (length 108)
2026-08-19 00:55:35,846 alphafold2_ptm_model_1_seed_042 recycle=0 pLDDT=85 pTM=0.69
2026-08-19 00:55:48,356 alphafold2_ptm_model_1_seed_042 recycle=1 pLDDT=88.3 pTM=0.716 tol=0.313
2026-08-19 00:56:01,022 alphafold2_ptm_model_1_seed_042 recycle=2 pLDDT=88.2 pTM=0.721 tol=0.0859
2026-08-19 00:56:13,732 alphafold2_ptm_model_1_seed_042 recycle=3 pLDDT=88 pTM=0.714 tol=0.0695
2026-08-19 00:56:13,733 alphafold2_ptm_model_1_seed_042 took 50.3s (3 recycles)
2026-08-19 00:56:26,303 alphafold2_ptm_model_2_seed_042 recycle=0 pLDDT=87.6 pTM=0.748
2026-08-19 00:56:38,874 alphafold2_ptm_model_2_seed_042 recycle=1 pLDDT=90.1 pTM=0.756 tol=1.16
2026-08-19 00:56:51,409 alphafold2_ptm_model_2_seed_042 recycle=2 pLDDT=89.6 pTM=0.747 tol=0.943
2026-08-19 00:57:04,039 alphafold2_ptm_model_2_seed_042 recycle=3 pLDDT=88.6 pTM=0.741 tol=0.184
2026-08-19 00:57:04,040 alphafold2_ptm_model_2_seed_042 took 50.3s (3 recycles)
2026-08-19 00:57:16,753 alphafold2_ptm_model_3_seed_042 recycle=0 pLDDT=84.2 pTM=0.675
2026-08-19 00:57:29,391 alphafold2_ptm_model_3_seed_042 recycle=1 pLDDT=89.1 pTM=0.719 tol=0.653
2026-08-19 00:57:42,089 alphafold2_ptm_model_3_seed_042 recycle=2 pLDDT=89.5 pTM=0.729 tol=0.52
2026-08-19 00:57:54,810 alphafold2_ptm_model_3_seed_042 recycle=3 pLDDT=89.4 pTM=0.735 tol=0.313
2026-08-19 00:57:54,810 alphafold2_ptm_model_3_seed_042 took 50.7s (3 recycles)
2026-08-19 00:58:08,077 alphafold2_ptm_model_4_seed_042 recycle=0 pLDDT=86.1 pTM=0.716
2026-08-19 00:58:20,708 alphafold2_ptm_model_4_seed_042 recycle=1 pLDDT=88.6 pTM=0.74 tol=0.693
2026-08-19 00:58:33,298 alphafold2_ptm_model_4_seed_042 recycle=2 pLDDT=89.4 pTM=0.743 tol=0.291
2026-08-19 00:58:45,806 alphafold2_ptm_model_4_seed_042 recycle=3 pLDDT=89.1 pTM=0.74 tol=0.0724
2026-08-19 00:58:45,806 alphafold2_ptm_model_4_seed_042 took 50.4s (3 recycles)
2026-08-19 00:59:02,722 alphafold2_ptm_model_5_seed_042 recycle=0 pLDDT=85.1 pTM=0.687
2026-08-19 00:59:30,928 alphafold2_ptm_model_5_seed_042 recycle=1 pLDDT=84.1 pTM=0.664 tol=0.442
2026-08-19 00:59:55,415 alphafold2_ptm_model_5_seed_042 recycle=2 pLDDT=84.8 pTM=0.675 tol=1.4
2026-08-19 01:00:08,330 alphafold2_ptm_model_5_seed_042 recycle=3 pLDDT=86.4 pTM=0.692 tol=0.42
2026-08-19 01:00:08,330 alphafold2_ptm_model_5_seed_042 took 78.2s (3 recycles)
2026-08-19 01:00:08,406 reranking models by 'plddt' metric
2026-08-19 01:00:08,406 rank_001_alphafold2_ptm_model_3_seed_042 pLDDT=89.4 pTM=0.735
2026-08-19 01:00:08,408 rank_002_alphafold2_ptm_model_4_seed_042 pLDDT=89.1 pTM=0.74
2026-08-19 01:00:08,409 rank_003_alphafold2_ptm_model_2_seed_042 pLDDT=88.6 pTM=0.741
2026-08-19 01:00:08,410 rank_004_alphafold2_ptm_model_1_seed_042 pLDDT=88 pTM=0.714
2026-08-19 01:00:08,412 rank_005_alphafold2_ptm_model_5_seed_042 pLDDT=86.4 pTM=0.692
2026-08-19 01:00:12,039 Query 87/140: design-433_mut-I20P_bias-start (length 108)
2026-08-19 01:00:26,293 alphafold2_ptm_model_1_seed_042 recycle=0 pLDDT=85.6 pTM=0.701
2026-08-19 01:00:38,819 alphafold2_ptm_model_1_seed_042 recycle=1 pLDDT=89.2 pTM=0.718 tol=0.638
2026-08-19 01:00:51,346 alphafold2_ptm_model_1_seed_042 recycle=2 pLDDT=89.1 pTM=0.718 tol=0.182
2026-08-19 01:01:03,902 alphafold2_ptm_model_1_seed_042 recycle=3 pLDDT=88.9 pTM=0.714 tol=0.195
2026-08-19 01:01:03,902 alphafold2_ptm_model_1_seed_042 took 50.4s (3 recycles)
2026-08-19 01:01:19,429 alphafold2_ptm_model_2_seed_042 recycle=0 pLDDT=89.4 pTM=0.738
2026-08-19 01:01:32,071 alphafold2_ptm_model_2_seed_042 recycle=1 pLDDT=89.4 pTM=0.732 tol=0.665
2026-08-19 01:01:44,758 alphafold2_ptm_model_2_seed_042 recycle=2 pLDDT=90.4 pTM=0.759 tol=0.442
2026-08-19 01:01:57,310 alphafold2_ptm_model_2_seed_042 recycle=3 pLDDT=89.4 pTM=0.728 tol=0.416
2026-08-19 01:01:57,310 alphafold2_ptm_model_2_seed_042 took 50.5s (3 recycles)
2026-08-19 01:02:10,314 alphafold2_ptm_model_3_seed_042 recycle=0 pLDDT=82.9 pTM=0.648
2026-08-19 01:02:22,524 alphafold2_ptm_model_3_seed_042 recycle=1 pLDDT=89.8 pTM=0.721 tol=0.557
2026-08-19 01:02:34,873 alphafold2_ptm_model_3_seed_042 recycle=2 pLDDT=90.1 pTM=0.733 tol=0.104
2026-08-19 01:02:47,260 alphafold2_ptm_model_3_seed_042 recycle=3 pLDDT=90.4 pTM=0.737 tol=0.0769
2026-08-19 01:02:47,260 alphafold2_ptm_model_3_seed_042 took 49.5s (3 recycles)
2026-08-19 01:02:59,737 alphafold2_ptm_model_4_seed_042 recycle=0 pLDDT=86.4 pTM=0.707
2026-08-19 01:03:12,144 alphafold2_ptm_model_4_seed_042 recycle=1 pLDDT=90.6 pTM=0.761 tol=0.497
2026-08-19 01:03:24,596 alphafold2_ptm_model_4_seed_042 recycle=2 pLDDT=90.5 pTM=0.76 tol=0.0768
2026-08-19 01:03:36,996 alphafold2_ptm_model_4_seed_042 recycle=3 pLDDT=90.6 pTM=0.759 tol=0.0611
2026-08-19 01:03:36,996 alphafold2_ptm_model_4_seed_042 took 49.7s (3 recycles)
2026-08-19 01:03:49,558 alphafold2_ptm_model_5_seed_042 recycle=0 pLDDT=83.7 pTM=0.658
2026-08-19 01:04:01,925 alphafold2_ptm_model_5_seed_042 recycle=1 pLDDT=88.8 pTM=0.715 tol=1.84
2026-08-19 01:04:14,294 alphafold2_ptm_model_5_seed_042 recycle=2 pLDDT=89.9 pTM=0.732 tol=0.229
2026-08-19 01:04:26,644 alphafold2_ptm_model_5_seed_042 recycle=3 pLDDT=90.4 pTM=0.74 tol=0.0373
2026-08-19 01:04:26,644 alphafold2_ptm_model_5_seed_042 took 49.6s (3 recycles)
2026-08-19 01:04:26,666 reranking models by 'plddt' metric
2026-08-19 01:04:26,666 rank_001_alphafold2_ptm_model_4_seed_042 pLDDT=90.6 pTM=0.759
2026-08-19 01:04:26,668 rank_002_alphafold2_ptm_model_5_seed_042 pLDDT=90.4 pTM=0.74
2026-08-19 01:04:26,669 rank_003_alphafold2_ptm_model_3_seed_042 pLDDT=90.4 pTM=0.737
2026-08-19 01:04:26,670 rank_004_alphafold2_ptm_model_2_seed_042 pLDDT=89.4 pTM=0.728
2026-08-19 01:04:26,671 rank_005_alphafold2_ptm_model_1_seed_042 pLDDT=88.9 pTM=0.714
2026-08-19 01:04:29,061 Query 88/140: design-433_mut-I45D_bias-start (length 108)
2026-08-19 01:04:47,574 alphafold2_ptm_model_1_seed_042 recycle=0 pLDDT=83.4 pTM=0.693
2026-08-19 01:05:00,355 alphafold2_ptm_model_1_seed_042 recycle=1 pLDDT=86.6 pTM=0.705 tol=0.24
2026-08-19 01:05:13,108 alphafold2_ptm_model_1_seed_042 recycle=2 pLDDT=86.3 pTM=0.705 tol=0.0743
2026-08-19 01:05:25,815 alphafold2_ptm_model_1_seed_042 recycle=3 pLDDT=86.1 pTM=0.701 tol=0.066
2026-08-19 01:05:25,815 alphafold2_ptm_model_1_seed_042 took 50.8s (3 recycles)
2026-08-19 01:05:38,582 alphafold2_ptm_model_2_seed_042 recycle=0 pLDDT=85.6 pTM=0.723
2026-08-19 01:05:51,305 alphafold2_ptm_model_2_seed_042 recycle=1 pLDDT=86.6 pTM=0.739 tol=0.539
2026-08-19 01:06:03,967 alphafold2_ptm_model_2_seed_042 recycle=2 pLDDT=86.6 pTM=0.733 tol=0.175
2026-08-19 01:06:16,598 alphafold2_ptm_model_2_seed_042 recycle=3 pLDDT=86.8 pTM=0.733 tol=0.0774
2026-08-19 01:06:16,598 alphafold2_ptm_model_2_seed_042 took 50.8s (3 recycles)
2026-08-19 01:06:29,323 alphafold2_ptm_model_3_seed_042 recycle=0 pLDDT=85.1 pTM=0.681
2026-08-19 01:06:42,008 alphafold2_ptm_model_3_seed_042 recycle=1 pLDDT=86.8 pTM=0.705 tol=0.474
2026-08-19 01:06:54,630 alphafold2_ptm_model_3_seed_042 recycle=2 pLDDT=87.2 pTM=0.71 tol=0.116
2026-08-19 01:07:07,182 alphafold2_ptm_model_3_seed_042 recycle=3 pLDDT=87.4 pTM=0.714 tol=0.0748
2026-08-19 01:07:07,182 alphafold2_ptm_model_3_seed_042 took 50.5s (3 recycles)
2026-08-19 01:07:20,302 alphafold2_ptm_model_4_seed_042 recycle=0 pLDDT=87.1 pTM=0.723
2026-08-19 01:07:33,006 alphafold2_ptm_model_4_seed_042 recycle=1 pLDDT=87.8 pTM=0.733 tol=0.372
2026-08-19 01:07:45,791 alphafold2_ptm_model_4_seed_042 recycle=2 pLDDT=88.1 pTM=0.734 tol=0.143
2026-08-19 01:07:58,497 alphafold2_ptm_model_4_seed_042 recycle=3 pLDDT=87.9 pTM=0.73 tol=0.197
2026-08-19 01:07:58,497 alphafold2_ptm_model_4_seed_042 took 50.8s (3 recycles)
2026-08-19 01:08:11,227 alphafold2_ptm_model_5_seed_042 recycle=0 pLDDT=85.5 pTM=0.687
2026-08-19 01:08:23,972 alphafold2_ptm_model_5_seed_042 recycle=1 pLDDT=86.4 pTM=0.684 tol=1.67
2026-08-19 01:08:36,476 alphafold2_ptm_model_5_seed_042 recycle=2 pLDDT=86.8 pTM=0.696 tol=0.326
2026-08-19 01:08:48,775 alphafold2_ptm_model_5_seed_042 recycle=3 pLDDT=86.4 pTM=0.695 tol=0.195
2026-08-19 01:08:48,775 alphafold2_ptm_model_5_seed_042 took 50.3s (3 recycles)
2026-08-19 01:08:48,832 reranking models by 'plddt' metric
2026-08-19 01:08:48,832 rank_001_alphafold2_ptm_model_4_seed_042 pLDDT=87.9 pTM=0.73
2026-08-19 01:08:48,834 rank_002_alphafold2_ptm_model_3_seed_042 pLDDT=87.4 pTM=0.714
2026-08-19 01:08:48,835 rank_003_alphafold2_ptm_model_2_seed_042 pLDDT=86.8 pTM=0.733
2026-08-19 01:08:48,836 rank_004_alphafold2_ptm_model_5_seed_042 pLDDT=86.4 pTM=0.695
2026-08-19 01:08:48,838 rank_005_alphafold2_ptm_model_1_seed_042 pLDDT=86.1 pTM=0.701
2026-08-19 01:08:50,844 Query 89/140: design-433_mut-A75M_bias-start (length 108)
2026-08-19 01:09:04,490 alphafold2_ptm_model_1_seed_042 recycle=0 pLDDT=81.9 pTM=0.668
2026-08-19 01:09:16,968 alphafold2_ptm_model_1_seed_042 recycle=1 pLDDT=89 pTM=0.731 tol=0.607
2026-08-19 01:09:29,583 alphafold2_ptm_model_1_seed_042 recycle=2 pLDDT=89.2 pTM=0.729 tol=0.358
2026-08-19 01:09:42,252 alphafold2_ptm_model_1_seed_042 recycle=3 pLDDT=89.1 pTM=0.729 tol=0.149
2026-08-19 01:09:42,253 alphafold2_ptm_model_1_seed_042 took 50.1s (3 recycles)
2026-08-19 01:09:54,935 alphafold2_ptm_model_2_seed_042 recycle=0 pLDDT=83.8 pTM=0.686
2026-08-19 01:10:07,926 alphafold2_ptm_model_2_seed_042 recycle=1 pLDDT=85.8 pTM=0.721 tol=1.4
2026-08-19 01:10:20,939 alphafold2_ptm_model_2_seed_042 recycle=2 pLDDT=88.2 pTM=0.726 tol=0.888
2026-08-19 01:10:33,397 alphafold2_ptm_model_2_seed_042 recycle=3 pLDDT=88 pTM=0.712 tol=0.297
2026-08-19 01:10:33,397 alphafold2_ptm_model_2_seed_042 took 51.1s (3 recycles)
2026-08-19 01:10:45,885 alphafold2_ptm_model_3_seed_042 recycle=0 pLDDT=85.4 pTM=0.68
2026-08-19 01:10:58,318 alphafold2_ptm_model_3_seed_042 recycle=1 pLDDT=90.3 pTM=0.729 tol=0.576
2026-08-19 01:11:10,838 alphafold2_ptm_model_3_seed_042 recycle=2 pLDDT=90.4 pTM=0.738 tol=0.0887
2026-08-19 01:11:23,430 alphafold2_ptm_model_3_seed_042 recycle=3 pLDDT=90.5 pTM=0.736 tol=0.063
2026-08-19 01:11:23,431 alphafold2_ptm_model_3_seed_042 took 50.0s (3 recycles)
2026-08-19 01:11:36,006 alphafold2_ptm_model_4_seed_042 recycle=0 pLDDT=82.7 pTM=0.673
2026-08-19 01:11:48,593 alphafold2_ptm_model_4_seed_042 recycle=1 pLDDT=87.1 pTM=0.72 tol=1.35
2026-08-19 01:12:01,172 alphafold2_ptm_model_4_seed_042 recycle=2 pLDDT=89.9 pTM=0.751 tol=0.551
2026-08-19 01:12:13,771 alphafold2_ptm_model_4_seed_042 recycle=3 pLDDT=90.3 pTM=0.765 tol=0.0496
2026-08-19 01:12:13,772 alphafold2_ptm_model_4_seed_042 took 50.3s (3 recycles)
2026-08-19 01:12:27,207 alphafold2_ptm_model_5_seed_042 recycle=0 pLDDT=86.7 pTM=0.708
2026-08-19 01:12:39,854 alphafold2_ptm_model_5_seed_042 recycle=1 pLDDT=86.4 pTM=0.694 tol=0.59
2026-08-19 01:12:52,290 alphafold2_ptm_model_5_seed_042 recycle=2 pLDDT=85.1 pTM=0.671 tol=0.147
2026-08-19 01:13:05,042 alphafold2_ptm_model_5_seed_042 recycle=3 pLDDT=85.4 pTM=0.671 tol=0.058
2026-08-19 01:13:05,042 alphafold2_ptm_model_5_seed_042 took 51.1s (3 recycles)
2026-08-19 01:13:05,199 reranking models by 'plddt' metric
2026-08-19 01:13:05,199 rank_001_alphafold2_ptm_model_3_seed_042 pLDDT=90.5 pTM=0.736
2026-08-19 01:13:05,201 rank_002_alphafold2_ptm_model_4_seed_042 pLDDT=90.3 pTM=0.765
2026-08-19 01:13:05,202 rank_003_alphafold2_ptm_model_1_seed_042 pLDDT=89.1 pTM=0.729
2026-08-19 01:13:05,204 rank_004_alphafold2_ptm_model_2_seed_042 pLDDT=88 pTM=0.712
2026-08-19 01:13:05,205 rank_005_alphafold2_ptm_model_5_seed_042 pLDDT=85.4 pTM=0.671
2026-08-19 01:13:12,294 Query 90/140: design-433_mut-A10G_bias-start (length 108)
2026-08-19 01:13:29,808 alphafold2_ptm_model_1_seed_042 recycle=0 pLDDT=81.6 pTM=0.668
2026-08-19 01:13:42,133 alphafold2_ptm_model_1_seed_042 recycle=1 pLDDT=87.6 pTM=0.713 tol=0.754
2026-08-19 01:13:54,300 alphafold2_ptm_model_1_seed_042 recycle=2 pLDDT=87.9 pTM=0.714 tol=0.174
2026-08-19 01:14:06,608 alphafold2_ptm_model_1_seed_042 recycle=3 pLDDT=87.6 pTM=0.709 tol=0.058
2026-08-19 01:14:06,608 alphafold2_ptm_model_1_seed_042 took 49.5s (3 recycles)
2026-08-19 01:14:19,997 alphafold2_ptm_model_2_seed_042 recycle=0 pLDDT=86.4 pTM=0.722
2026-08-19 01:14:32,387 alphafold2_ptm_model_2_seed_042 recycle=1 pLDDT=87.3 pTM=0.74 tol=0.757
2026-08-19 01:14:44,992 alphafold2_ptm_model_2_seed_042 recycle=2 pLDDT=89.1 pTM=0.727 tol=0.504
2026-08-19 01:14:57,587 alphafold2_ptm_model_2_seed_042 recycle=3 pLDDT=87.6 pTM=0.708 tol=0.288
2026-08-19 01:14:57,587 alphafold2_ptm_model_2_seed_042 took 50.1s (3 recycles)
2026-08-19 01:15:12,961 alphafold2_ptm_model_3_seed_042 recycle=0 pLDDT=83.8 pTM=0.669
2026-08-19 01:15:25,366 alphafold2_ptm_model_3_seed_042 recycle=1 pLDDT=89.8 pTM=0.72 tol=0.769
2026-08-19 01:15:37,878 alphafold2_ptm_model_3_seed_042 recycle=2 pLDDT=89.1 pTM=0.712 tol=0.322
2026-08-19 01:15:50,409 alphafold2_ptm_model_3_seed_042 recycle=3 pLDDT=89.4 pTM=0.726 tol=0.317
2026-08-19 01:15:50,409 alphafold2_ptm_model_3_seed_042 took 50.0s (3 recycles)
2026-08-19 01:16:42,699 alphafold2_ptm_model_4_seed_042 recycle=0 pLDDT=85.1 pTM=0.706
2026-08-19 01:17:16,397 alphafold2_ptm_model_4_seed_042 recycle=1 pLDDT=88.9 pTM=0.736 tol=0.703
2026-08-19 01:17:33,729 alphafold2_ptm_model_4_seed_042 recycle=2 pLDDT=89.6 pTM=0.738 tol=0.323
2026-08-19 01:17:47,756 alphafold2_ptm_model_4_seed_042 recycle=3 pLDDT=89.2 pTM=0.736 tol=0.233
2026-08-19 01:17:47,757 alphafold2_ptm_model_4_seed_042 took 94.0s (3 recycles)
2026-08-19 01:18:02,346 alphafold2_ptm_model_5_seed_042 recycle=0 pLDDT=87.3 pTM=0.715
2026-08-19 01:18:16,519 alphafold2_ptm_model_5_seed_042 recycle=1 pLDDT=86.1 pTM=0.687 tol=0.412
2026-08-19 01:18:29,849 alphafold2_ptm_model_5_seed_042 recycle=2 pLDDT=86.2 pTM=0.684 tol=0.0869
2026-08-19 01:18:42,634 alphafold2_ptm_model_5_seed_042 recycle=3 pLDDT=86.9 pTM=0.692 tol=0.0936
2026-08-19 01:18:42,634 alphafold2_ptm_model_5_seed_042 took 54.8s (3 recycles)
2026-08-19 01:18:42,706 reranking models by 'plddt' metric
2026-08-19 01:18:42,707 rank_001_alphafold2_ptm_model_3_seed_042 pLDDT=89.4 pTM=0.726
2026-08-19 01:18:42,710 rank_002_alphafold2_ptm_model_4_seed_042 pLDDT=89.2 pTM=0.736
2026-08-19 01:18:42,714 rank_003_alphafold2_ptm_model_2_seed_042 pLDDT=87.6 pTM=0.708
2026-08-19 01:18:42,718 rank_004_alphafold2_ptm_model_1_seed_042 pLDDT=87.6 pTM=0.709
2026-08-19 01:18:42,721 rank_005_alphafold2_ptm_model_5_seed_042 pLDDT=86.9 pTM=0.692
2026-08-19 01:18:47,933 Query 91/140: design-433_mut-V37S_bias-end (length 108)
2026-08-19 01:19:02,881 alphafold2_ptm_model_1_seed_042 recycle=0 pLDDT=56.9 pTM=0.503
2026-08-19 01:19:15,780 alphafold2_ptm_model_1_seed_042 recycle=1 pLDDT=88.1 pTM=0.722 tol=5.16
2026-08-19 01:19:28,493 alphafold2_ptm_model_1_seed_042 recycle=2 pLDDT=90.2 pTM=0.727 tol=0.765
2026-08-19 01:19:42,944 alphafold2_ptm_model_1_seed_042 recycle=3 pLDDT=88.3 pTM=0.705 tol=0.331
2026-08-19 01:19:42,945 alphafold2_ptm_model_1_seed_042 took 53.5s (3 recycles)
2026-08-19 01:19:55,527 alphafold2_ptm_model_2_seed_042 recycle=0 pLDDT=83.9 pTM=0.689
2026-08-19 01:20:08,321 alphafold2_ptm_model_2_seed_042 recycle=1 pLDDT=88.9 pTM=0.726 tol=0.477
2026-08-19 01:20:20,921 alphafold2_ptm_model_2_seed_042 recycle=2 pLDDT=90.1 pTM=0.752 tol=0.472
2026-08-19 01:20:33,565 alphafold2_ptm_model_2_seed_042 recycle=3 pLDDT=90.6 pTM=0.754 tol=0.677
2026-08-19 01:20:33,565 alphafold2_ptm_model_2_seed_042 took 50.6s (3 recycles)
2026-08-19 01:20:46,404 alphafold2_ptm_model_3_seed_042 recycle=0 pLDDT=61.5 pTM=0.494
2026-08-19 01:20:59,084 alphafold2_ptm_model_3_seed_042 recycle=1 pLDDT=88.7 pTM=0.721 tol=5.12
2026-08-19 01:21:11,709 alphafold2_ptm_model_3_seed_042 recycle=2 pLDDT=89.9 pTM=0.726 tol=0.406
2026-08-19 01:21:24,292 alphafold2_ptm_model_3_seed_042 recycle=3 pLDDT=89.9 pTM=0.733 tol=0.101
2026-08-19 01:21:24,293 alphafold2_ptm_model_3_seed_042 took 50.7s (3 recycles)
2026-08-19 01:21:39,554 alphafold2_ptm_model_4_seed_042 recycle=0 pLDDT=74.2 pTM=0.6
2026-08-19 01:21:51,981 alphafold2_ptm_model_4_seed_042 recycle=1 pLDDT=88.1 pTM=0.734 tol=2.56
2026-08-19 01:22:04,423 alphafold2_ptm_model_4_seed_042 recycle=2 pLDDT=90.8 pTM=0.763 tol=0.498
2026-08-19 01:22:16,988 alphafold2_ptm_model_4_seed_042 recycle=3 pLDDT=91.2 pTM=0.772 tol=0.0684
2026-08-19 01:22:16,988 alphafold2_ptm_model_4_seed_042 took 50.0s (3 recycles)
2026-08-19 01:22:29,527 alphafold2_ptm_model_5_seed_042 recycle=0 pLDDT=57.9 pTM=0.493
2026-08-19 01:22:41,958 alphafold2_ptm_model_5_seed_042 recycle=1 pLDDT=86.9 pTM=0.71 tol=6.85
2026-08-19 01:22:54,505 alphafold2_ptm_model_5_seed_042 recycle=2 pLDDT=90.5 pTM=0.743 tol=0.902
2026-08-19 01:23:06,894 alphafold2_ptm_model_5_seed_042 recycle=3 pLDDT=88.9 pTM=0.694 tol=0.259
2026-08-19 01:23:06,894 alphafold2_ptm_model_5_seed_042 took 49.9s (3 recycles)
2026-08-19 01:23:06,960 reranking models by 'plddt' metric
2026-08-19 01:23:06,960 rank_001_alphafold2_ptm_model_4_seed_042 pLDDT=91.2 pTM=0.772
2026-08-19 01:23:06,962 rank_002_alphafold2_ptm_model_2_seed_042 pLDDT=90.6 pTM=0.754
2026-08-19 01:23:06,963 rank_003_alphafold2_ptm_model_3_seed_042 pLDDT=89.9 pTM=0.733
2026-08-19 01:23:06,965 rank_004_alphafold2_ptm_model_5_seed_042 pLDDT=88.9 pTM=0.694
2026-08-19 01:23:06,966 rank_005_alphafold2_ptm_model_1_seed_042 pLDDT=88.3 pTM=0.705
2026-08-19 01:23:08,942 Query 92/140: design-433_mut-G6N_bias-end (length 108)
2026-08-19 01:23:23,046 alphafold2_ptm_model_1_seed_042 recycle=0 pLDDT=81.9 pTM=0.663
2026-08-19 01:23:35,466 alphafold2_ptm_model_1_seed_042 recycle=1 pLDDT=86.1 pTM=0.715 tol=1.29
2026-08-19 01:23:47,869 alphafold2_ptm_model_1_seed_042 recycle=2 pLDDT=89.2 pTM=0.735 tol=0.52
2026-08-19 01:24:00,278 alphafold2_ptm_model_1_seed_042 recycle=3 pLDDT=88.8 pTM=0.73 tol=0.103
2026-08-19 01:24:00,278 alphafold2_ptm_model_1_seed_042 took 49.9s (3 recycles)
2026-08-19 01:24:13,000 alphafold2_ptm_model_2_seed_042 recycle=0 pLDDT=88.9 pTM=0.74
2026-08-19 01:24:25,348 alphafold2_ptm_model_2_seed_042 recycle=1 pLDDT=87.8 pTM=0.728 tol=0.382
2026-08-19 01:24:37,717 alphafold2_ptm_model_2_seed_042 recycle=2 pLDDT=85.9 pTM=0.704 tol=0.199
2026-08-19 01:24:50,068 alphafold2_ptm_model_2_seed_042 recycle=3 pLDDT=84.4 pTM=0.699 tol=0.519
2026-08-19 01:24:50,068 alphafold2_ptm_model_2_seed_042 took 49.5s (3 recycles)
2026-08-19 01:25:06,800 alphafold2_ptm_model_3_seed_042 recycle=0 pLDDT=84.1 pTM=0.657
2026-08-19 01:25:19,206 alphafold2_ptm_model_3_seed_042 recycle=1 pLDDT=85.9 pTM=0.683 tol=0.331
2026-08-19 01:25:31,430 alphafold2_ptm_model_3_seed_042 recycle=2 pLDDT=86.2 pTM=0.688 tol=0.145
2026-08-19 01:25:43,772 alphafold2_ptm_model_3_seed_042 recycle=3 pLDDT=85.9 pTM=0.688 tol=0.0712
2026-08-19 01:25:43,772 alphafold2_ptm_model_3_seed_042 took 49.4s (3 recycles)
2026-08-19 01:25:56,904 alphafold2_ptm_model_4_seed_042 recycle=0 pLDDT=84.5 pTM=0.692
2026-08-19 01:26:09,324 alphafold2_ptm_model_4_seed_042 recycle=1 pLDDT=87.1 pTM=0.707 tol=0.281
2026-08-19 01:26:21,650 alphafold2_ptm_model_4_seed_042 recycle=2 pLDDT=84.5 pTM=0.697 tol=0.672
2026-08-19 01:26:34,080 alphafold2_ptm_model_4_seed_042 recycle=3 pLDDT=86 pTM=0.712 tol=0.666
2026-08-19 01:26:34,081 alphafold2_ptm_model_4_seed_042 took 49.5s (3 recycles)
2026-08-19 01:26:54,425 alphafold2_ptm_model_5_seed_042 recycle=0 pLDDT=88.1 pTM=0.722
2026-08-19 01:27:06,776 alphafold2_ptm_model_5_seed_042 recycle=1 pLDDT=86.9 pTM=0.694 tol=0.418
2026-08-19 01:27:19,152 alphafold2_ptm_model_5_seed_042 recycle=2 pLDDT=86.6 pTM=0.686 tol=0.0718
2026-08-19 01:27:31,592 alphafold2_ptm_model_5_seed_042 recycle=3 pLDDT=87.3 pTM=0.694 tol=0.0652
2026-08-19 01:27:31,592 alphafold2_ptm_model_5_seed_042 took 49.6s (3 recycles)
2026-08-19 01:27:31,635 reranking models by 'plddt' metric
2026-08-19 01:27:31,635 rank_001_alphafold2_ptm_model_1_seed_042 pLDDT=88.8 pTM=0.73
2026-08-19 01:27:31,637 rank_002_alphafold2_ptm_model_5_seed_042 pLDDT=87.3 pTM=0.694
2026-08-19 01:27:31,638 rank_003_alphafold2_ptm_model_4_seed_042 pLDDT=86 pTM=0.712
2026-08-19 01:27:31,639 rank_004_alphafold2_ptm_model_3_seed_042 pLDDT=85.9 pTM=0.688
2026-08-19 01:27:31,641 rank_005_alphafold2_ptm_model_2_seed_042 pLDDT=84.4 pTM=0.699
2026-08-19 01:27:37,850 Query 93/140: design-433_mut-G6V_bias-end (length 108)
2026-08-19 01:27:51,515 alphafold2_ptm_model_1_seed_042 recycle=0 pLDDT=78 pTM=0.64
2026-08-19 01:28:03,772 alphafold2_ptm_model_1_seed_042 recycle=1 pLDDT=87.9 pTM=0.723 tol=0.999
2026-08-19 01:28:16,233 alphafold2_ptm_model_1_seed_042 recycle=2 pLDDT=88.9 pTM=0.732 tol=0.212
2026-08-19 01:28:28,605 alphafold2_ptm_model_1_seed_042 recycle=3 pLDDT=88.2 pTM=0.723 tol=0.0705
2026-08-19 01:28:28,605 alphafold2_ptm_model_1_seed_042 took 49.3s (3 recycles)
2026-08-19 01:28:44,464 alphafold2_ptm_model_2_seed_042 recycle=0 pLDDT=86.4 pTM=0.731
2026-08-19 01:28:56,759 alphafold2_ptm_model_2_seed_042 recycle=1 pLDDT=89.8 pTM=0.764 tol=0.579
2026-08-19 01:29:09,070 alphafold2_ptm_model_2_seed_042 recycle=2 pLDDT=90.9 pTM=0.759 tol=0.392
2026-08-19 01:29:21,443 alphafold2_ptm_model_2_seed_042 recycle=3 pLDDT=90.6 pTM=0.76 tol=0.0698
2026-08-19 01:29:21,443 alphafold2_ptm_model_2_seed_042 took 49.4s (3 recycles)
2026-08-19 01:29:40,309 alphafold2_ptm_model_3_seed_042 recycle=0 pLDDT=65.4 pTM=0.529
2026-08-19 01:29:52,581 alphafold2_ptm_model_3_seed_042 recycle=1 pLDDT=88.9 pTM=0.731 tol=2.08
2026-08-19 01:30:04,996 alphafold2_ptm_model_3_seed_042 recycle=2 pLDDT=89.9 pTM=0.729 tol=0.321
2026-08-19 01:30:17,446 alphafold2_ptm_model_3_seed_042 recycle=3 pLDDT=90.1 pTM=0.735 tol=0.0604
2026-08-19 01:30:17,446 alphafold2_ptm_model_3_seed_042 took 49.4s (3 recycles)
2026-08-19 01:30:30,025 alphafold2_ptm_model_4_seed_042 recycle=0 pLDDT=84.6 pTM=0.702
2026-08-19 01:30:42,599 alphafold2_ptm_model_4_seed_042 recycle=1 pLDDT=90.5 pTM=0.757 tol=0.947
2026-08-19 01:30:55,024 alphafold2_ptm_model_4_seed_042 recycle=2 pLDDT=91.1 pTM=0.762 tol=0.146
2026-08-19 01:31:07,587 alphafold2_ptm_model_4_seed_042 recycle=3 pLDDT=91 pTM=0.762 tol=0.037
2026-08-19 01:31:07,587 alphafold2_ptm_model_4_seed_042 took 50.1s (3 recycles)
2026-08-19 01:31:20,059 alphafold2_ptm_model_5_seed_042 recycle=0 pLDDT=85.5 pTM=0.681
2026-08-19 01:31:32,562 alphafold2_ptm_model_5_seed_042 recycle=1 pLDDT=85.1 pTM=0.675 tol=0.687
2026-08-19 01:31:45,137 alphafold2_ptm_model_5_seed_042 recycle=2 pLDDT=85.2 pTM=0.687 tol=1.04
2026-08-19 01:31:57,664 alphafold2_ptm_model_5_seed_042 recycle=3 pLDDT=87.6 pTM=0.706 tol=0.606
2026-08-19 01:31:57,665 alphafold2_ptm_model_5_seed_042 took 50.1s (3 recycles)
2026-08-19 01:31:57,687 reranking models by 'plddt' metric
2026-08-19 01:31:57,687 rank_001_alphafold2_ptm_model_4_seed_042 pLDDT=91 pTM=0.762
2026-08-19 01:31:57,688 rank_002_alphafold2_ptm_model_2_seed_042 pLDDT=90.6 pTM=0.76
2026-08-19 01:31:57,690 rank_003_alphafold2_ptm_model_3_seed_042 pLDDT=90.1 pTM=0.735
2026-08-19 01:31:57,692 rank_004_alphafold2_ptm_model_1_seed_042 pLDDT=88.2 pTM=0.723
2026-08-19 01:31:57,694 rank_005_alphafold2_ptm_model_5_seed_042 pLDDT=87.6 pTM=0.706
2026-08-19 01:31:59,991 Query 94/140: design-433_mut-G6I_bias-end (length 108)
2026-08-19 01:32:14,855 alphafold2_ptm_model_1_seed_042 recycle=0 pLDDT=72.9 pTM=0.604
2026-08-19 01:32:27,491 alphafold2_ptm_model_1_seed_042 recycle=1 pLDDT=89 pTM=0.724 tol=1.55
2026-08-19 01:32:41,634 alphafold2_ptm_model_1_seed_042 recycle=2 pLDDT=89.2 pTM=0.731 tol=0.124
2026-08-19 01:33:00,110 alphafold2_ptm_model_1_seed_042 recycle=3 pLDDT=88.4 pTM=0.725 tol=0.0983
2026-08-19 01:33:00,110 alphafold2_ptm_model_1_seed_042 took 58.1s (3 recycles)
2026-08-19 01:33:34,677 alphafold2_ptm_model_2_seed_042 recycle=0 pLDDT=86.7 pTM=0.736
2026-08-19 01:33:47,019 alphafold2_ptm_model_2_seed_042 recycle=1 pLDDT=89.4 pTM=0.759 tol=0.506
2026-08-19 01:33:59,142 alphafold2_ptm_model_2_seed_042 recycle=2 pLDDT=90.8 pTM=0.763 tol=0.302
2026-08-19 01:34:11,390 alphafold2_ptm_model_2_seed_042 recycle=3 pLDDT=90.4 pTM=0.762 tol=0.13
2026-08-19 01:34:11,390 alphafold2_ptm_model_2_seed_042 took 70.2s (3 recycles)
2026-08-19 01:34:26,273 alphafold2_ptm_model_3_seed_042 recycle=0 pLDDT=65.5 pTM=0.52
2026-08-19 01:34:41,531 alphafold2_ptm_model_3_seed_042 recycle=1 pLDDT=88.2 pTM=0.723 tol=3.1
2026-08-19 01:34:54,265 alphafold2_ptm_model_3_seed_042 recycle=2 pLDDT=89.4 pTM=0.722 tol=0.228
2026-08-19 01:35:06,991 alphafold2_ptm_model_3_seed_042 recycle=3 pLDDT=89.5 pTM=0.728 tol=0.057
2026-08-19 01:35:06,992 alphafold2_ptm_model_3_seed_042 took 54.6s (3 recycles)
2026-08-19 01:35:20,025 alphafold2_ptm_model_4_seed_042 recycle=0 pLDDT=82.9 pTM=0.678
2026-08-19 01:35:32,892 alphafold2_ptm_model_4_seed_042 recycle=1 pLDDT=88.3 pTM=0.741 tol=0.807
2026-08-19 01:35:45,659 alphafold2_ptm_model_4_seed_042 recycle=2 pLDDT=90.4 pTM=0.756 tol=0.299
2026-08-19 01:35:58,492 alphafold2_ptm_model_4_seed_042 recycle=3 pLDDT=90.4 pTM=0.756 tol=0.0488
2026-08-19 01:35:58,493 alphafold2_ptm_model_4_seed_042 took 51.4s (3 recycles)
2026-08-19 01:36:11,511 alphafold2_ptm_model_5_seed_042 recycle=0 pLDDT=84.3 pTM=0.668
2026-08-19 01:36:24,480 alphafold2_ptm_model_5_seed_042 recycle=1 pLDDT=85 pTM=0.675 tol=0.668
2026-08-19 01:36:37,019 alphafold2_ptm_model_5_seed_042 recycle=2 pLDDT=85.4 pTM=0.691 tol=1.06
2026-08-19 01:36:49,691 alphafold2_ptm_model_5_seed_042 recycle=3 pLDDT=87.7 pTM=0.709 tol=0.569
2026-08-19 01:36:49,691 alphafold2_ptm_model_5_seed_042 took 51.2s (3 recycles)
2026-08-19 01:36:49,717 reranking models by 'plddt' metric
2026-08-19 01:36:49,717 rank_001_alphafold2_ptm_model_4_seed_042 pLDDT=90.4 pTM=0.756
2026-08-19 01:36:49,718 rank_002_alphafold2_ptm_model_2_seed_042 pLDDT=90.4 pTM=0.762
2026-08-19 01:36:49,720 rank_003_alphafold2_ptm_model_3_seed_042 pLDDT=89.5 pTM=0.728
2026-08-19 01:36:49,721 rank_004_alphafold2_ptm_model_1_seed_042 pLDDT=88.4 pTM=0.725
2026-08-19 01:36:49,723 rank_005_alphafold2_ptm_model_5_seed_042 pLDDT=87.7 pTM=0.709
2026-08-19 01:36:54,517 Query 95/140: design-433_mut-I73G_bias-end (length 108)
2026-08-19 01:37:08,530 alphafold2_ptm_model_1_seed_042 recycle=0 pLDDT=81.8 pTM=0.65
2026-08-19 01:37:21,217 alphafold2_ptm_model_1_seed_042 recycle=1 pLDDT=88.8 pTM=0.699 tol=0.69
2026-08-19 01:37:33,689 alphafold2_ptm_model_1_seed_042 recycle=2 pLDDT=88.6 pTM=0.705 tol=0.266
2026-08-19 01:37:46,144 alphafold2_ptm_model_1_seed_042 recycle=3 pLDDT=88.3 pTM=0.694 tol=0.154
2026-08-19 01:37:46,144 alphafold2_ptm_model_1_seed_042 took 50.2s (3 recycles)
2026-08-19 01:37:58,294 alphafold2_ptm_model_2_seed_042 recycle=0 pLDDT=82.8 pTM=0.68
2026-08-19 01:38:10,741 alphafold2_ptm_model_2_seed_042 recycle=1 pLDDT=87.8 pTM=0.714 tol=1.03
2026-08-19 01:38:23,134 alphafold2_ptm_model_2_seed_042 recycle=2 pLDDT=88.2 pTM=0.719 tol=0.275
2026-08-19 01:38:35,600 alphafold2_ptm_model_2_seed_042 recycle=3 pLDDT=88.8 pTM=0.723 tol=0.19
2026-08-19 01:38:35,601 alphafold2_ptm_model_2_seed_042 took 49.4s (3 recycles)
2026-08-19 01:38:48,101 alphafold2_ptm_model_3_seed_042 recycle=0 pLDDT=81.2 pTM=0.631
2026-08-19 01:39:00,532 alphafold2_ptm_model_3_seed_042 recycle=1 pLDDT=88.4 pTM=0.702 tol=0.882
2026-08-19 01:39:12,834 alphafold2_ptm_model_3_seed_042 recycle=2 pLDDT=88.6 pTM=0.706 tol=0.386
2026-08-19 01:39:24,965 alphafold2_ptm_model_3_seed_042 recycle=3 pLDDT=89.6 pTM=0.725 tol=0.261
2026-08-19 01:39:24,965 alphafold2_ptm_model_3_seed_042 took 49.3s (3 recycles)
2026-08-19 01:39:37,358 alphafold2_ptm_model_4_seed_042 recycle=0 pLDDT=81.4 pTM=0.654
2026-08-19 01:39:49,728 alphafold2_ptm_model_4_seed_042 recycle=1 pLDDT=85.4 pTM=0.696 tol=1.72
2026-08-19 01:40:02,176 alphafold2_ptm_model_4_seed_042 recycle=2 pLDDT=88.8 pTM=0.72 tol=0.298
2026-08-19 01:40:14,583 alphafold2_ptm_model_4_seed_042 recycle=3 pLDDT=88.9 pTM=0.729 tol=0.0632
2026-08-19 01:40:14,583 alphafold2_ptm_model_4_seed_042 took 49.6s (3 recycles)
2026-08-19 01:40:31,746 alphafold2_ptm_model_5_seed_042 recycle=0 pLDDT=85.4 pTM=0.676
2026-08-19 01:40:44,011 alphafold2_ptm_model_5_seed_042 recycle=1 pLDDT=85 pTM=0.662 tol=0.347
2026-08-19 01:40:56,397 alphafold2_ptm_model_5_seed_042 recycle=2 pLDDT=85.6 pTM=0.667 tol=0.109
2026-08-19 01:41:08,764 alphafold2_ptm_model_5_seed_042 recycle=3 pLDDT=86 pTM=0.674 tol=0.0479
2026-08-19 01:41:08,764 alphafold2_ptm_model_5_seed_042 took 49.3s (3 recycles)
2026-08-19 01:41:30,523 reranking models by 'plddt' metric
2026-08-19 01:41:30,523 rank_001_alphafold2_ptm_model_3_seed_042 pLDDT=89.6 pTM=0.725
2026-08-19 01:41:30,525 rank_002_alphafold2_ptm_model_4_seed_042 pLDDT=88.9 pTM=0.729
2026-08-19 01:41:30,527 rank_003_alphafold2_ptm_model_2_seed_042 pLDDT=88.8 pTM=0.723
2026-08-19 01:41:30,528 rank_004_alphafold2_ptm_model_1_seed_042 pLDDT=88.3 pTM=0.694
2026-08-19 01:41:30,530 rank_005_alphafold2_ptm_model_5_seed_042 pLDDT=86 pTM=0.674
2026-08-19 01:41:32,563 Query 96/140: design-433_mut-I73A_bias-end (length 108)
2026-08-19 01:41:46,240 alphafold2_ptm_model_1_seed_042 recycle=0 pLDDT=83.1 pTM=0.662
2026-08-19 01:41:58,584 alphafold2_ptm_model_1_seed_042 recycle=1 pLDDT=87.8 pTM=0.695 tol=0.373
2026-08-19 01:42:10,896 alphafold2_ptm_model_1_seed_042 recycle=2 pLDDT=87.2 pTM=0.693 tol=0.108
2026-08-19 01:42:23,141 alphafold2_ptm_model_1_seed_042 recycle=3 pLDDT=86.9 pTM=0.691 tol=0.0924
2026-08-19 01:42:23,141 alphafold2_ptm_model_1_seed_042 took 49.2s (3 recycles)
2026-08-19 01:42:38,636 alphafold2_ptm_model_2_seed_042 recycle=0 pLDDT=81.2 pTM=0.674
2026-08-19 01:42:50,943 alphafold2_ptm_model_2_seed_042 recycle=1 pLDDT=86.1 pTM=0.708 tol=0.692
2026-08-19 01:43:03,215 alphafold2_ptm_model_2_seed_042 recycle=2 pLDDT=88.8 pTM=0.718 tol=0.545
2026-08-19 01:43:15,564 alphafold2_ptm_model_2_seed_042 recycle=3 pLDDT=87.8 pTM=0.706 tol=0.317
2026-08-19 01:43:15,564 alphafold2_ptm_model_2_seed_042 took 49.2s (3 recycles)
2026-08-19 01:43:30,207 alphafold2_ptm_model_3_seed_042 recycle=0 pLDDT=81.1 pTM=0.646
2026-08-19 01:43:42,462 alphafold2_ptm_model_3_seed_042 recycle=1 pLDDT=88.3 pTM=0.702 tol=0.681
2026-08-19 01:43:54,756 alphafold2_ptm_model_3_seed_042 recycle=2 pLDDT=88.4 pTM=0.697 tol=0.295
2026-08-19 01:44:07,175 alphafold2_ptm_model_3_seed_042 recycle=3 pLDDT=89.3 pTM=0.714 tol=0.232
2026-08-19 01:44:07,175 alphafold2_ptm_model_3_seed_042 took 49.2s (3 recycles)
2026-08-19 01:44:19,724 alphafold2_ptm_model_4_seed_042 recycle=0 pLDDT=81.7 pTM=0.659
2026-08-19 01:44:32,057 alphafold2_ptm_model_4_seed_042 recycle=1 pLDDT=86.3 pTM=0.703 tol=1.71
2026-08-19 01:44:44,393 alphafold2_ptm_model_4_seed_042 recycle=2 pLDDT=88.8 pTM=0.714 tol=0.439
2026-08-19 01:44:56,693 alphafold2_ptm_model_4_seed_042 recycle=3 pLDDT=88.7 pTM=0.716 tol=0.0629
2026-08-19 01:44:56,693 alphafold2_ptm_model_4_seed_042 took 49.5s (3 recycles)
2026-08-19 01:45:09,103 alphafold2_ptm_model_5_seed_042 recycle=0 pLDDT=86.5 pTM=0.701
2026-08-19 01:45:21,959 alphafold2_ptm_model_5_seed_042 recycle=1 pLDDT=85.1 pTM=0.667 tol=0.62
2026-08-19 01:45:34,495 alphafold2_ptm_model_5_seed_042 recycle=2 pLDDT=85.7 pTM=0.67 tol=0.142
2026-08-19 01:45:46,844 alphafold2_ptm_model_5_seed_042 recycle=3 pLDDT=86.1 pTM=0.672 tol=0.417
2026-08-19 01:45:46,845 alphafold2_ptm_model_5_seed_042 took 50.1s (3 recycles)
2026-08-19 01:46:25,404 reranking models by 'plddt' metric
2026-08-19 01:46:25,404 rank_001_alphafold2_ptm_model_3_seed_042 pLDDT=89.3 pTM=0.714
2026-08-19 01:46:25,408 rank_002_alphafold2_ptm_model_4_seed_042 pLDDT=88.7 pTM=0.716
2026-08-19 01:46:25,410 rank_003_alphafold2_ptm_model_2_seed_042 pLDDT=87.8 pTM=0.706
2026-08-19 01:46:25,412 rank_004_alphafold2_ptm_model_1_seed_042 pLDDT=86.9 pTM=0.691
2026-08-19 01:46:25,413 rank_005_alphafold2_ptm_model_5_seed_042 pLDDT=86.1 pTM=0.672
2026-08-19 01:46:31,100 Query 97/140: design-433_mut-G6E_bias-end (length 108)
2026-08-19 01:46:45,140 alphafold2_ptm_model_1_seed_042 recycle=0 pLDDT=79.6 pTM=0.645
2026-08-19 01:46:58,173 alphafold2_ptm_model_1_seed_042 recycle=1 pLDDT=88.1 pTM=0.717 tol=0.587
2026-08-19 01:47:21,035 alphafold2_ptm_model_1_seed_042 recycle=2 pLDDT=88.9 pTM=0.731 tol=0.13
2026-08-19 01:47:33,739 alphafold2_ptm_model_1_seed_042 recycle=3 pLDDT=88.5 pTM=0.725 tol=0.0943
2026-08-19 01:47:33,740 alphafold2_ptm_model_1_seed_042 took 61.2s (3 recycles)
2026-08-19 01:47:48,669 alphafold2_ptm_model_2_seed_042 recycle=0 pLDDT=88.1 pTM=0.726
2026-08-19 01:48:01,289 alphafold2_ptm_model_2_seed_042 recycle=1 pLDDT=88.3 pTM=0.731 tol=0.322
2026-08-19 01:48:14,168 alphafold2_ptm_model_2_seed_042 recycle=2 pLDDT=87.1 pTM=0.713 tol=0.124
2026-08-19 01:48:26,789 alphafold2_ptm_model_2_seed_042 recycle=3 pLDDT=86.1 pTM=0.706 tol=0.133
2026-08-19 01:48:26,789 alphafold2_ptm_model_2_seed_042 took 53.0s (3 recycles)
2026-08-19 01:48:39,974 alphafold2_ptm_model_3_seed_042 recycle=0 pLDDT=81.7 pTM=0.64
2026-08-19 01:48:52,966 alphafold2_ptm_model_3_seed_042 recycle=1 pLDDT=88.8 pTM=0.722 tol=0.9
2026-08-19 01:49:20,674 alphafold2_ptm_model_3_seed_042 recycle=2 pLDDT=90.2 pTM=0.734 tol=0.124
2026-08-19 01:49:48,312 alphafold2_ptm_model_3_seed_042 recycle=3 pLDDT=90.6 pTM=0.749 tol=0.0662
2026-08-19 01:49:48,312 alphafold2_ptm_model_3_seed_042 took 81.5s (3 recycles)
2026-08-19 01:50:02,685 alphafold2_ptm_model_4_seed_042 recycle=0 pLDDT=84 pTM=0.679
2026-08-19 01:50:16,590 alphafold2_ptm_model_4_seed_042 recycle=1 pLDDT=87 pTM=0.701 tol=0.237
2026-08-19 01:50:30,517 alphafold2_ptm_model_4_seed_042 recycle=2 pLDDT=86 pTM=0.683 tol=0.0828
2026-08-19 01:50:43,008 alphafold2_ptm_model_4_seed_042 recycle=3 pLDDT=86.4 pTM=0.684 tol=0.0833
2026-08-19 01:50:43,008 alphafold2_ptm_model_4_seed_042 took 54.7s (3 recycles)
2026-08-19 01:50:56,815 alphafold2_ptm_model_5_seed_042 recycle=0 pLDDT=87.5 pTM=0.714
2026-08-19 01:51:09,613 alphafold2_ptm_model_5_seed_042 recycle=1 pLDDT=86.7 pTM=0.688 tol=0.36
2026-08-19 01:51:22,702 alphafold2_ptm_model_5_seed_042 recycle=2 pLDDT=86.4 pTM=0.681 tol=0.065
2026-08-19 01:51:35,875 alphafold2_ptm_model_5_seed_042 recycle=3 pLDDT=86.9 pTM=0.684 tol=0.0331
2026-08-19 01:51:35,876 alphafold2_ptm_model_5_seed_042 took 52.8s (3 recycles)
2026-08-19 01:51:35,929 reranking models by 'plddt' metric
2026-08-19 01:51:35,930 rank_001_alphafold2_ptm_model_3_seed_042 pLDDT=90.6 pTM=0.749
2026-08-19 01:51:35,932 rank_002_alphafold2_ptm_model_1_seed_042 pLDDT=88.5 pTM=0.725
2026-08-19 01:51:35,934 rank_003_alphafold2_ptm_model_5_seed_042 pLDDT=86.9 pTM=0.684
2026-08-19 01:51:35,936 rank_004_alphafold2_ptm_model_4_seed_042 pLDDT=86.4 pTM=0.684
2026-08-19 01:51:35,937 rank_005_alphafold2_ptm_model_2_seed_042 pLDDT=86.1 pTM=0.706
2026-08-19 01:51:38,102 Query 98/140: design-433_mut-G6K_bias-end (length 108)
2026-08-19 01:51:52,355 alphafold2_ptm_model_1_seed_042 recycle=0 pLDDT=83.4 pTM=0.676
2026-08-19 01:52:05,350 alphafold2_ptm_model_1_seed_042 recycle=1 pLDDT=84.4 pTM=0.692 tol=0.87
2026-08-19 01:52:18,133 alphafold2_ptm_model_1_seed_042 recycle=2 pLDDT=87.4 pTM=0.716 tol=0.772
2026-08-19 01:52:31,226 alphafold2_ptm_model_1_seed_042 recycle=3 pLDDT=87.5 pTM=0.717 tol=0.161
2026-08-19 01:52:31,226 alphafold2_ptm_model_1_seed_042 took 51.5s (3 recycles)
2026-08-19 01:52:47,558 alphafold2_ptm_model_2_seed_042 recycle=0 pLDDT=89.1 pTM=0.745
2026-08-19 01:53:00,288 alphafold2_ptm_model_2_seed_042 recycle=1 pLDDT=87.9 pTM=0.728 tol=0.457
2026-08-19 01:53:13,221 alphafold2_ptm_model_2_seed_042 recycle=2 pLDDT=84.6 pTM=0.697 tol=0.418
2026-08-19 01:53:25,963 alphafold2_ptm_model_2_seed_042 recycle=3 pLDDT=83.4 pTM=0.708 tol=0.49
2026-08-19 01:53:25,964 alphafold2_ptm_model_2_seed_042 took 51.0s (3 recycles)
2026-08-19 01:53:39,082 alphafold2_ptm_model_3_seed_042 recycle=0 pLDDT=84.1 pTM=0.654
2026-08-19 01:53:51,718 alphafold2_ptm_model_3_seed_042 recycle=1 pLDDT=87.1 pTM=0.69 tol=0.405
2026-08-19 01:54:04,636 alphafold2_ptm_model_3_seed_042 recycle=2 pLDDT=84.6 pTM=0.683 tol=0.519
2026-08-19 01:54:17,842 alphafold2_ptm_model_3_seed_042 recycle=3 pLDDT=85.6 pTM=0.691 tol=0.62
2026-08-19 01:54:17,843 alphafold2_ptm_model_3_seed_042 took 51.8s (3 recycles)
2026-08-19 01:54:33,270 alphafold2_ptm_model_4_seed_042 recycle=0 pLDDT=85.7 pTM=0.708
2026-08-19 01:54:46,401 alphafold2_ptm_model_4_seed_042 recycle=1 pLDDT=88.2 pTM=0.725 tol=0.324
2026-08-19 01:54:59,137 alphafold2_ptm_model_4_seed_042 recycle=2 pLDDT=87.7 pTM=0.71 tol=0.0735
2026-08-19 01:55:12,020 alphafold2_ptm_model_4_seed_042 recycle=3 pLDDT=87.4 pTM=0.704 tol=0.041
2026-08-19 01:55:12,021 alphafold2_ptm_model_4_seed_042 took 51.6s (3 recycles)
2026-08-19 01:55:25,160 alphafold2_ptm_model_5_seed_042 recycle=0 pLDDT=87.9 pTM=0.722
2026-08-19 01:55:37,807 alphafold2_ptm_model_5_seed_042 recycle=1 pLDDT=87.9 pTM=0.709 tol=0.345
2026-08-19 01:55:50,799 alphafold2_ptm_model_5_seed_042 recycle=2 pLDDT=87.1 pTM=0.691 tol=0.0971
2026-08-19 01:56:03,437 alphafold2_ptm_model_5_seed_042 recycle=3 pLDDT=87.8 pTM=0.698 tol=0.0544
2026-08-19 01:56:03,437 alphafold2_ptm_model_5_seed_042 took 51.4s (3 recycles)
2026-08-19 01:56:03,477 reranking models by 'plddt' metric
2026-08-19 01:56:03,478 rank_001_alphafold2_ptm_model_5_seed_042 pLDDT=87.8 pTM=0.698
2026-08-19 01:56:03,479 rank_002_alphafold2_ptm_model_1_seed_042 pLDDT=87.5 pTM=0.717
2026-08-19 01:56:03,482 rank_003_alphafold2_ptm_model_4_seed_042 pLDDT=87.4 pTM=0.704
2026-08-19 01:56:03,483 rank_004_alphafold2_ptm_model_3_seed_042 pLDDT=85.6 pTM=0.691
2026-08-19 01:56:03,485 rank_005_alphafold2_ptm_model_2_seed_042 pLDDT=83.4 pTM=0.708
2026-08-19 01:56:05,616 Query 99/140: design-433_mut-G6Q_bias-end (length 108)
2026-08-19 01:56:19,954 alphafold2_ptm_model_1_seed_042 recycle=0 pLDDT=82.8 pTM=0.67
2026-08-19 01:56:32,615 alphafold2_ptm_model_1_seed_042 recycle=1 pLDDT=85.1 pTM=0.706 tol=1.17
2026-08-19 01:56:45,676 alphafold2_ptm_model_1_seed_042 recycle=2 pLDDT=88.9 pTM=0.733 tol=0.597
2026-08-19 01:56:58,385 alphafold2_ptm_model_1_seed_042 recycle=3 pLDDT=88.4 pTM=0.729 tol=0.126
2026-08-19 01:56:58,385 alphafold2_ptm_model_1_seed_042 took 51.4s (3 recycles)
2026-08-19 01:57:11,287 alphafold2_ptm_model_2_seed_042 recycle=0 pLDDT=89.5 pTM=0.745
2026-08-19 01:57:24,127 alphafold2_ptm_model_2_seed_042 recycle=1 pLDDT=88.3 pTM=0.731 tol=0.357
2026-08-19 01:57:36,889 alphafold2_ptm_model_2_seed_042 recycle=2 pLDDT=87.5 pTM=0.72 tol=0.122
2026-08-19 01:57:49,506 alphafold2_ptm_model_2_seed_042 recycle=3 pLDDT=86.6 pTM=0.712 tol=0.145
2026-08-19 01:57:49,507 alphafold2_ptm_model_2_seed_042 took 51.1s (3 recycles)
2026-08-19 01:58:02,589 alphafold2_ptm_model_3_seed_042 recycle=0 pLDDT=82 pTM=0.64
2026-08-19 01:58:15,135 alphafold2_ptm_model_3_seed_042 recycle=1 pLDDT=87.9 pTM=0.718 tol=1.3
2026-08-19 01:58:27,443 alphafold2_ptm_model_3_seed_042 recycle=2 pLDDT=89.8 pTM=0.734 tol=0.375
2026-08-19 01:58:39,817 alphafold2_ptm_model_3_seed_042 recycle=3 pLDDT=90.1 pTM=0.743 tol=0.117
2026-08-19 01:58:39,817 alphafold2_ptm_model_3_seed_042 took 50.3s (3 recycles)
2026-08-19 01:58:52,445 alphafold2_ptm_model_4_seed_042 recycle=0 pLDDT=85.2 pTM=0.697
2026-08-19 01:59:04,796 alphafold2_ptm_model_4_seed_042 recycle=1 pLDDT=87.6 pTM=0.713 tol=0.233
2026-08-19 01:59:17,346 alphafold2_ptm_model_4_seed_042 recycle=2 pLDDT=86.2 pTM=0.69 tol=0.0931
2026-08-19 01:59:29,750 alphafold2_ptm_model_4_seed_042 recycle=3 pLDDT=86.5 pTM=0.692 tol=0.108
2026-08-19 01:59:29,750 alphafold2_ptm_model_4_seed_042 took 49.6s (3 recycles)
2026-08-19 01:59:42,327 alphafold2_ptm_model_5_seed_042 recycle=0 pLDDT=88.2 pTM=0.727
2026-08-19 01:59:54,847 alphafold2_ptm_model_5_seed_042 recycle=1 pLDDT=86.8 pTM=0.69 tol=0.363
2026-08-19 02:00:07,200 alphafold2_ptm_model_5_seed_042 recycle=2 pLDDT=86.8 pTM=0.687 tol=0.0806
2026-08-19 02:00:20,797 alphafold2_ptm_model_5_seed_042 recycle=3 pLDDT=87 pTM=0.688 tol=0.0756
2026-08-19 02:00:20,797 alphafold2_ptm_model_5_seed_042 took 51.0s (3 recycles)
2026-08-19 02:00:21,562 reranking models by 'plddt' metric
2026-08-19 02:00:21,563 rank_001_alphafold2_ptm_model_3_seed_042 pLDDT=90.1 pTM=0.743
2026-08-19 02:00:21,565 rank_002_alphafold2_ptm_model_1_seed_042 pLDDT=88.4 pTM=0.729
2026-08-19 02:00:21,566 rank_003_alphafold2_ptm_model_5_seed_042 pLDDT=87 pTM=0.688
2026-08-19 02:00:21,568 rank_004_alphafold2_ptm_model_2_seed_042 pLDDT=86.6 pTM=0.712
2026-08-19 02:00:21,569 rank_005_alphafold2_ptm_model_4_seed_042 pLDDT=86.5 pTM=0.692
2026-08-19 02:00:24,231 Query 100/140: design-433_mut-G6R_bias-end (length 108)
2026-08-19 02:00:40,126 alphafold2_ptm_model_1_seed_042 recycle=0 pLDDT=84.8 pTM=0.681
2026-08-19 02:00:54,973 alphafold2_ptm_model_1_seed_042 recycle=1 pLDDT=87.1 pTM=0.705 tol=0.309
2026-08-19 02:01:09,612 alphafold2_ptm_model_1_seed_042 recycle=2 pLDDT=86.8 pTM=0.696 tol=0.0998
2026-08-19 02:01:23,410 alphafold2_ptm_model_1_seed_042 recycle=3 pLDDT=86.8 pTM=0.696 tol=0.0379
2026-08-19 02:01:23,410 alphafold2_ptm_model_1_seed_042 took 57.6s (3 recycles)
2026-08-19 02:01:40,724 alphafold2_ptm_model_2_seed_042 recycle=0 pLDDT=89.8 pTM=0.751
2026-08-19 02:01:54,467 alphafold2_ptm_model_2_seed_042 recycle=1 pLDDT=88.8 pTM=0.74 tol=0.344
2026-08-19 02:02:08,865 alphafold2_ptm_model_2_seed_042 recycle=2 pLDDT=88 pTM=0.727 tol=0.0877
2026-08-19 02:02:23,687 alphafold2_ptm_model_2_seed_042 recycle=3 pLDDT=87.6 pTM=0.723 tol=0.0725
2026-08-19 02:02:23,687 alphafold2_ptm_model_2_seed_042 took 57.7s (3 recycles)
2026-08-19 02:02:53,944 alphafold2_ptm_model_3_seed_042 recycle=0 pLDDT=86.2 pTM=0.679
2026-08-19 02:03:07,931 alphafold2_ptm_model_3_seed_042 recycle=1 pLDDT=88.1 pTM=0.698 tol=0.344
2026-08-19 02:03:21,739 alphafold2_ptm_model_3_seed_042 recycle=2 pLDDT=87.3 pTM=0.697 tol=0.0967
2026-08-19 02:03:35,802 alphafold2_ptm_model_3_seed_042 recycle=3 pLDDT=87.9 pTM=0.701 tol=0.0607
2026-08-19 02:03:35,802 alphafold2_ptm_model_3_seed_042 took 56.7s (3 recycles)
2026-08-19 02:03:59,397 alphafold2_ptm_model_4_seed_042 recycle=0 pLDDT=86.7 pTM=0.714
2026-08-19 02:04:14,113 alphafold2_ptm_model_4_seed_042 recycle=1 pLDDT=88.7 pTM=0.728 tol=0.249
2026-08-19 02:04:28,187 alphafold2_ptm_model_4_seed_042 recycle=2 pLDDT=88.2 pTM=0.716 tol=0.121
2026-08-19 02:04:42,574 alphafold2_ptm_model_4_seed_042 recycle=3 pLDDT=87.9 pTM=0.71 tol=0.078
2026-08-19 02:04:42,574 alphafold2_ptm_model_4_seed_042 took 58.8s (3 recycles)
2026-08-19 02:05:00,083 alphafold2_ptm_model_5_seed_042 recycle=0 pLDDT=88.2 pTM=0.726
2026-08-19 02:05:14,885 alphafold2_ptm_model_5_seed_042 recycle=1 pLDDT=87.6 pTM=0.704 tol=0.331
2026-08-19 02:05:28,884 alphafold2_ptm_model_5_seed_042 recycle=2 pLDDT=87.3 pTM=0.694 tol=0.114
2026-08-19 02:05:42,741 alphafold2_ptm_model_5_seed_042 recycle=3 pLDDT=87.7 pTM=0.697 tol=0.0625
2026-08-19 02:05:42,741 alphafold2_ptm_model_5_seed_042 took 57.7s (3 recycles)
2026-08-19 02:05:42,799 reranking models by 'plddt' metric
2026-08-19 02:05:42,799 rank_001_alphafold2_ptm_model_4_seed_042 pLDDT=87.9 pTM=0.71
2026-08-19 02:05:42,801 rank_002_alphafold2_ptm_model_3_seed_042 pLDDT=87.9 pTM=0.701
2026-08-19 02:05:42,803 rank_003_alphafold2_ptm_model_5_seed_042 pLDDT=87.7 pTM=0.697
2026-08-19 02:05:42,804 rank_004_alphafold2_ptm_model_2_seed_042 pLDDT=87.6 pTM=0.723
2026-08-19 02:05:42,806 rank_005_alphafold2_ptm_model_1_seed_042 pLDDT=86.8 pTM=0.696
2026-08-19 02:05:45,349 Query 101/140: design-434_mut-A16L_bias-start (length 108)
2026-08-19 02:06:01,663 alphafold2_ptm_model_1_seed_042 recycle=0 pLDDT=71.2 pTM=0.569
2026-08-19 02:06:16,290 alphafold2_ptm_model_1_seed_042 recycle=1 pLDDT=90.6 pTM=0.756 tol=1.62
2026-08-19 02:06:30,435 alphafold2_ptm_model_1_seed_042 recycle=2 pLDDT=92.6 pTM=0.803 tol=0.166
2026-08-19 02:06:44,673 alphafold2_ptm_model_1_seed_042 recycle=3 pLDDT=93.4 pTM=0.82 tol=0.041
2026-08-19 02:06:44,674 alphafold2_ptm_model_1_seed_042 took 57.6s (3 recycles)
2026-08-19 02:06:59,319 alphafold2_ptm_model_2_seed_042 recycle=0 pLDDT=61.5 pTM=0.541
2026-08-19 02:07:14,000 alphafold2_ptm_model_2_seed_042 recycle=1 pLDDT=89.1 pTM=0.747 tol=5.68
2026-08-19 02:07:27,832 alphafold2_ptm_model_2_seed_042 recycle=2 pLDDT=92.7 pTM=0.81 tol=0.396
2026-08-19 02:07:41,998 alphafold2_ptm_model_2_seed_042 recycle=3 pLDDT=93.7 pTM=0.833 tol=0.0858
2026-08-19 02:07:41,999 alphafold2_ptm_model_2_seed_042 took 57.3s (3 recycles)
2026-08-19 02:07:59,356 alphafold2_ptm_model_3_seed_042 recycle=0 pLDDT=66.8 pTM=0.53
2026-08-19 02:08:13,859 alphafold2_ptm_model_3_seed_042 recycle=1 pLDDT=91.4 pTM=0.788 tol=6.2
2026-08-19 02:08:27,856 alphafold2_ptm_model_3_seed_042 recycle=2 pLDDT=92.9 pTM=0.816 tol=0.223
2026-08-19 02:08:42,241 alphafold2_ptm_model_3_seed_042 recycle=3 pLDDT=94 pTM=0.839 tol=0.0444
2026-08-19 02:08:42,241 alphafold2_ptm_model_3_seed_042 took 57.5s (3 recycles)
2026-08-19 02:08:56,589 alphafold2_ptm_model_4_seed_042 recycle=0 pLDDT=64.8 pTM=0.552
2026-08-19 02:09:11,518 alphafold2_ptm_model_4_seed_042 recycle=1 pLDDT=88.3 pTM=0.739 tol=4.82
2026-08-19 02:09:25,417 alphafold2_ptm_model_4_seed_042 recycle=2 pLDDT=92.6 pTM=0.823 tol=0.453
2026-08-19 02:09:40,379 alphafold2_ptm_model_4_seed_042 recycle=3 pLDDT=93.9 pTM=0.846 tol=0.102
2026-08-19 02:09:40,380 alphafold2_ptm_model_4_seed_042 took 58.1s (3 recycles)
2026-08-19 02:09:57,573 alphafold2_ptm_model_5_seed_042 recycle=0 pLDDT=57.5 pTM=0.485
2026-08-19 02:10:11,631 alphafold2_ptm_model_5_seed_042 recycle=1 pLDDT=90.4 pTM=0.769 tol=6.74
2026-08-19 02:10:25,884 alphafold2_ptm_model_5_seed_042 recycle=2 pLDDT=92.4 pTM=0.789 tol=0.238
2026-08-19 02:10:39,820 alphafold2_ptm_model_5_seed_042 recycle=3 pLDDT=92.8 pTM=0.792 tol=0.0626
2026-08-19 02:10:39,820 alphafold2_ptm_model_5_seed_042 took 55.3s (3 recycles)
2026-08-19 02:10:39,868 reranking models by 'plddt' metric
2026-08-19 02:10:39,868 rank_001_alphafold2_ptm_model_3_seed_042 pLDDT=94 pTM=0.839
2026-08-19 02:10:39,870 rank_002_alphafold2_ptm_model_4_seed_042 pLDDT=93.9 pTM=0.846
2026-08-19 02:10:39,872 rank_003_alphafold2_ptm_model_2_seed_042 pLDDT=93.7 pTM=0.833
2026-08-19 02:10:39,873 rank_004_alphafold2_ptm_model_1_seed_042 pLDDT=93.4 pTM=0.82
2026-08-19 02:10:39,875 rank_005_alphafold2_ptm_model_5_seed_042 pLDDT=92.8 pTM=0.792
2026-08-19 02:10:43,836 Query 102/140: design-434_mut-V37L_bias-start (length 108)
2026-08-19 02:11:00,085 alphafold2_ptm_model_1_seed_042 recycle=0 pLDDT=81.9 pTM=0.661
2026-08-19 02:11:14,438 alphafold2_ptm_model_1_seed_042 recycle=1 pLDDT=84.9 pTM=0.684 tol=0.773
2026-08-19 02:11:28,267 alphafold2_ptm_model_1_seed_042 recycle=2 pLDDT=84.4 pTM=0.678 tol=0.203
2026-08-19 02:11:42,007 alphafold2_ptm_model_1_seed_042 recycle=3 pLDDT=84.8 pTM=0.682 tol=0.135
2026-08-19 02:11:42,007 alphafold2_ptm_model_1_seed_042 took 56.4s (3 recycles)
2026-08-19 02:11:58,396 alphafold2_ptm_model_2_seed_042 recycle=0 pLDDT=61.6 pTM=0.538
2026-08-19 02:12:13,068 alphafold2_ptm_model_2_seed_042 recycle=1 pLDDT=86.1 pTM=0.704 tol=5.37
2026-08-19 02:12:27,672 alphafold2_ptm_model_2_seed_042 recycle=2 pLDDT=86.8 pTM=0.718 tol=0.305
2026-08-19 02:12:41,742 alphafold2_ptm_model_2_seed_042 recycle=3 pLDDT=86.1 pTM=0.709 tol=0.156
2026-08-19 02:12:41,743 alphafold2_ptm_model_2_seed_042 took 57.6s (3 recycles)
2026-08-19 02:13:01,745 alphafold2_ptm_model_3_seed_042 recycle=0 pLDDT=64.2 pTM=0.502
2026-08-19 02:13:15,574 alphafold2_ptm_model_3_seed_042 recycle=1 pLDDT=88.2 pTM=0.703 tol=4.96
2026-08-19 02:13:29,871 alphafold2_ptm_model_3_seed_042 recycle=2 pLDDT=88.3 pTM=0.709 tol=0.267
2026-08-19 02:13:44,289 alphafold2_ptm_model_3_seed_042 recycle=3 pLDDT=88.8 pTM=0.717 tol=0.086
2026-08-19 02:13:44,289 alphafold2_ptm_model_3_seed_042 took 56.6s (3 recycles)
2026-08-19 02:13:58,264 alphafold2_ptm_model_4_seed_042 recycle=0 pLDDT=64.4 pTM=0.541
2026-08-19 02:14:12,145 alphafold2_ptm_model_4_seed_042 recycle=1 pLDDT=82.1 pTM=0.65 tol=5.23
2026-08-19 02:14:26,004 alphafold2_ptm_model_4_seed_042 recycle=2 pLDDT=87 pTM=0.703 tol=0.593
2026-08-19 02:14:39,850 alphafold2_ptm_model_4_seed_042 recycle=3 pLDDT=86.9 pTM=0.707 tol=0.077
2026-08-19 02:14:39,850 alphafold2_ptm_model_4_seed_042 took 55.5s (3 recycles)
2026-08-19 02:14:56,011 alphafold2_ptm_model_5_seed_042 recycle=0 pLDDT=59.7 pTM=0.507
2026-08-19 02:15:10,804 alphafold2_ptm_model_5_seed_042 recycle=1 pLDDT=89.6 pTM=0.729 tol=5.61
2026-08-19 02:15:25,244 alphafold2_ptm_model_5_seed_042 recycle=2 pLDDT=90.5 pTM=0.743 tol=0.169
2026-08-19 02:15:40,028 alphafold2_ptm_model_5_seed_042 recycle=3 pLDDT=90.4 pTM=0.734 tol=0.058
2026-08-19 02:15:40,028 alphafold2_ptm_model_5_seed_042 took 58.7s (3 recycles)
2026-08-19 02:15:42,326 reranking models by 'plddt' metric
2026-08-19 02:15:42,326 rank_001_alphafold2_ptm_model_5_seed_042 pLDDT=90.4 pTM=0.734
2026-08-19 02:15:42,328 rank_002_alphafold2_ptm_model_3_seed_042 pLDDT=88.8 pTM=0.717
2026-08-19 02:15:42,329 rank_003_alphafold2_ptm_model_4_seed_042 pLDDT=86.9 pTM=0.707
2026-08-19 02:15:42,331 rank_004_alphafold2_ptm_model_2_seed_042 pLDDT=86.1 pTM=0.709
2026-08-19 02:15:42,332 rank_005_alphafold2_ptm_model_1_seed_042 pLDDT=84.8 pTM=0.682
2026-08-19 02:15:44,797 Query 103/140: design-434_mut-A16V_bias-start (length 108)
2026-08-19 02:16:00,255 alphafold2_ptm_model_1_seed_042 recycle=0 pLDDT=85.8 pTM=0.691
2026-08-19 02:16:14,278 alphafold2_ptm_model_1_seed_042 recycle=1 pLDDT=91.9 pTM=0.784 tol=0.962
2026-08-19 02:16:29,211 alphafold2_ptm_model_1_seed_042 recycle=2 pLDDT=93 pTM=0.813 tol=0.125
2026-08-19 02:16:44,036 alphafold2_ptm_model_1_seed_042 recycle=3 pLDDT=93.4 pTM=0.821 tol=0.0478
2026-08-19 02:16:44,036 alphafold2_ptm_model_1_seed_042 took 57.1s (3 recycles)
2026-08-19 02:16:58,621 alphafold2_ptm_model_2_seed_042 recycle=0 pLDDT=64.8 pTM=0.569
2026-08-19 02:17:13,240 alphafold2_ptm_model_2_seed_042 recycle=1 pLDDT=89.3 pTM=0.753 tol=5.09
2026-08-19 02:17:26,832 alphafold2_ptm_model_2_seed_042 recycle=2 pLDDT=92.6 pTM=0.811 tol=0.404
2026-08-19 02:17:40,636 alphafold2_ptm_model_2_seed_042 recycle=3 pLDDT=93.8 pTM=0.837 tol=0.0992
2026-08-19 02:17:40,636 alphafold2_ptm_model_2_seed_042 took 56.6s (3 recycles)
2026-08-19 02:17:54,993 alphafold2_ptm_model_3_seed_042 recycle=0 pLDDT=64.8 pTM=0.513
2026-08-19 02:18:09,975 alphafold2_ptm_model_3_seed_042 recycle=1 pLDDT=91.2 pTM=0.778 tol=5.46
2026-08-19 02:18:24,090 alphafold2_ptm_model_3_seed_042 recycle=2 pLDDT=92.8 pTM=0.812 tol=0.249
2026-08-19 02:18:38,481 alphafold2_ptm_model_3_seed_042 recycle=3 pLDDT=93.7 pTM=0.83 tol=0.0478
2026-08-19 02:18:38,482 alphafold2_ptm_model_3_seed_042 took 57.8s (3 recycles)
2026-08-19 02:18:53,207 alphafold2_ptm_model_4_seed_042 recycle=0 pLDDT=63.1 pTM=0.536
2026-08-19 02:19:06,631 alphafold2_ptm_model_4_seed_042 recycle=1 pLDDT=90.2 pTM=0.787 tol=4.71
2026-08-19 02:19:21,068 alphafold2_ptm_model_4_seed_042 recycle=2 pLDDT=93 pTM=0.828 tol=0.448
2026-08-19 02:19:34,802 alphafold2_ptm_model_4_seed_042 recycle=3 pLDDT=93.8 pTM=0.847 tol=0.108
2026-08-19 02:19:34,802 alphafold2_ptm_model_4_seed_042 took 56.3s (3 recycles)
2026-08-19 02:19:49,347 alphafold2_ptm_model_5_seed_042 recycle=0 pLDDT=57.9 pTM=0.485
2026-08-19 02:20:04,217 alphafold2_ptm_model_5_seed_042 recycle=1 pLDDT=90.8 pTM=0.77 tol=5.79
2026-08-19 02:20:18,671 alphafold2_ptm_model_5_seed_042 recycle=2 pLDDT=92.6 pTM=0.791 tol=0.199
2026-08-19 02:20:33,295 alphafold2_ptm_model_5_seed_042 recycle=3 pLDDT=92.8 pTM=0.793 tol=0.0563
2026-08-19 02:20:33,296 alphafold2_ptm_model_5_seed_042 took 58.4s (3 recycles)
2026-08-19 02:20:33,375 reranking models by 'plddt' metric
2026-08-19 02:20:33,375 rank_001_alphafold2_ptm_model_4_seed_042 pLDDT=93.8 pTM=0.847
2026-08-19 02:20:33,377 rank_002_alphafold2_ptm_model_2_seed_042 pLDDT=93.8 pTM=0.837
2026-08-19 02:20:33,378 rank_003_alphafold2_ptm_model_3_seed_042 pLDDT=93.7 pTM=0.83
2026-08-19 02:20:33,380 rank_004_alphafold2_ptm_model_1_seed_042 pLDDT=93.4 pTM=0.821
2026-08-19 02:20:33,381 rank_005_alphafold2_ptm_model_5_seed_042 pLDDT=92.8 pTM=0.793
2026-08-19 02:20:35,746 Query 104/140: design-434_mut-A16I_bias-start (length 108)
2026-08-19 02:20:52,770 alphafold2_ptm_model_1_seed_042 recycle=0 pLDDT=83.1 pTM=0.67
2026-08-19 02:21:06,981 alphafold2_ptm_model_1_seed_042 recycle=1 pLDDT=90.5 pTM=0.755 tol=1.12
2026-08-19 02:21:21,103 alphafold2_ptm_model_1_seed_042 recycle=2 pLDDT=92.3 pTM=0.796 tol=0.227
2026-08-19 02:21:35,494 alphafold2_ptm_model_1_seed_042 recycle=3 pLDDT=93.2 pTM=0.815 tol=0.0622
2026-08-19 02:21:35,494 alphafold2_ptm_model_1_seed_042 took 57.2s (3 recycles)
2026-08-19 02:22:16,660 alphafold2_ptm_model_2_seed_042 recycle=0 pLDDT=67.4 pTM=0.56
2026-08-19 02:22:30,771 alphafold2_ptm_model_2_seed_042 recycle=1 pLDDT=90.1 pTM=0.761 tol=4.9
2026-08-19 02:22:44,952 alphafold2_ptm_model_2_seed_042 recycle=2 pLDDT=92.9 pTM=0.815 tol=0.351
2026-08-19 02:22:59,429 alphafold2_ptm_model_2_seed_042 recycle=3 pLDDT=93.9 pTM=0.837 tol=0.0692
2026-08-19 02:22:59,429 alphafold2_ptm_model_2_seed_042 took 56.8s (3 recycles)
2026-08-19 02:23:13,454 alphafold2_ptm_model_3_seed_042 recycle=0 pLDDT=64.1 pTM=0.513
2026-08-19 02:23:27,388 alphafold2_ptm_model_3_seed_042 recycle=1 pLDDT=91.2 pTM=0.772 tol=5.34
2026-08-19 02:23:40,733 alphafold2_ptm_model_3_seed_042 recycle=2 pLDDT=92.8 pTM=0.812 tol=0.238
2026-08-19 02:23:54,921 alphafold2_ptm_model_3_seed_042 recycle=3 pLDDT=93.9 pTM=0.835 tol=0.0465
2026-08-19 02:23:54,922 alphafold2_ptm_model_3_seed_042 took 55.1s (3 recycles)
2026-08-19 02:24:09,761 alphafold2_ptm_model_4_seed_042 recycle=0 pLDDT=64.9 pTM=0.566
2026-08-19 02:24:24,428 alphafold2_ptm_model_4_seed_042 recycle=1 pLDDT=88.7 pTM=0.736 tol=4.21
2026-08-19 02:24:39,584 alphafold2_ptm_model_4_seed_042 recycle=2 pLDDT=92.8 pTM=0.823 tol=0.424
2026-08-19 02:24:54,296 alphafold2_ptm_model_4_seed_042 recycle=3 pLDDT=93.8 pTM=0.843 tol=0.093
2026-08-19 02:24:54,296 alphafold2_ptm_model_4_seed_042 took 59.3s (3 recycles)
2026-08-19 02:25:10,546 alphafold2_ptm_model_5_seed_042 recycle=0 pLDDT=60.2 pTM=0.507
2026-08-19 02:25:25,026 alphafold2_ptm_model_5_seed_042 recycle=1 pLDDT=90.9 pTM=0.771 tol=5.12
2026-08-19 02:25:39,677 alphafold2_ptm_model_5_seed_042 recycle=2 pLDDT=92.3 pTM=0.786 tol=0.184
2026-08-19 02:25:54,238 alphafold2_ptm_model_5_seed_042 recycle=3 pLDDT=92.8 pTM=0.791 tol=0.066
2026-08-19 02:25:54,238 alphafold2_ptm_model_5_seed_042 took 58.7s (3 recycles)
2026-08-19 02:25:54,325 reranking models by 'plddt' metric
2026-08-19 02:25:54,325 rank_001_alphafold2_ptm_model_3_seed_042 pLDDT=93.9 pTM=0.835
2026-08-19 02:25:54,327 rank_002_alphafold2_ptm_model_2_seed_042 pLDDT=93.9 pTM=0.837
2026-08-19 02:25:54,329 rank_003_alphafold2_ptm_model_4_seed_042 pLDDT=93.8 pTM=0.843
2026-08-19 02:25:54,330 rank_004_alphafold2_ptm_model_1_seed_042 pLDDT=93.2 pTM=0.815
2026-08-19 02:25:54,332 rank_005_alphafold2_ptm_model_5_seed_042 pLDDT=92.8 pTM=0.791
2026-08-19 02:25:58,101 Query 105/140: design-434_mut-A102W_bias-start (length 108)
2026-08-19 02:26:14,183 alphafold2_ptm_model_1_seed_042 recycle=0 pLDDT=79.3 pTM=0.632
2026-08-19 02:26:28,757 alphafold2_ptm_model_1_seed_042 recycle=1 pLDDT=84.4 pTM=0.68 tol=0.39
2026-08-19 02:26:42,533 alphafold2_ptm_model_1_seed_042 recycle=2 pLDDT=85.2 pTM=0.684 tol=0.423
2026-08-19 02:26:56,449 alphafold2_ptm_model_1_seed_042 recycle=3 pLDDT=84.4 pTM=0.673 tol=0.134
2026-08-19 02:26:56,449 alphafold2_ptm_model_1_seed_042 took 56.9s (3 recycles)
2026-08-19 02:27:12,824 alphafold2_ptm_model_2_seed_042 recycle=0 pLDDT=75.4 pTM=0.603
2026-08-19 02:27:27,064 alphafold2_ptm_model_2_seed_042 recycle=1 pLDDT=83.4 pTM=0.678 tol=1.31
2026-08-19 02:27:42,042 alphafold2_ptm_model_2_seed_042 recycle=2 pLDDT=81.6 pTM=0.653 tol=0.182
2026-08-19 02:27:55,388 alphafold2_ptm_model_2_seed_042 recycle=3 pLDDT=81 pTM=0.646 tol=0.372
2026-08-19 02:27:55,389 alphafold2_ptm_model_2_seed_042 took 57.2s (3 recycles)
2026-08-19 02:28:08,155 alphafold2_ptm_model_3_seed_042 recycle=0 pLDDT=62.5 pTM=0.484
2026-08-19 02:28:20,674 alphafold2_ptm_model_3_seed_042 recycle=1 pLDDT=89.2 pTM=0.722 tol=5.78
2026-08-19 02:28:33,092 alphafold2_ptm_model_3_seed_042 recycle=2 pLDDT=89.2 pTM=0.735 tol=0.218
2026-08-19 02:28:45,577 alphafold2_ptm_model_3_seed_042 recycle=3 pLDDT=88.9 pTM=0.711 tol=0.112
2026-08-19 02:28:45,577 alphafold2_ptm_model_3_seed_042 took 50.1s (3 recycles)
2026-08-19 02:28:58,235 alphafold2_ptm_model_4_seed_042 recycle=0 pLDDT=71.5 pTM=0.568
2026-08-19 02:29:10,859 alphafold2_ptm_model_4_seed_042 recycle=1 pLDDT=88.2 pTM=0.727 tol=1.94
2026-08-19 02:29:23,581 alphafold2_ptm_model_4_seed_042 recycle=2 pLDDT=89.1 pTM=0.732 tol=0.129
2026-08-19 02:29:36,450 alphafold2_ptm_model_4_seed_042 recycle=3 pLDDT=88.9 pTM=0.733 tol=0.0413
2026-08-19 02:29:36,451 alphafold2_ptm_model_4_seed_042 took 50.8s (3 recycles)
2026-08-19 02:29:49,119 alphafold2_ptm_model_5_seed_042 recycle=0 pLDDT=58.6 pTM=0.477
2026-08-19 02:30:01,641 alphafold2_ptm_model_5_seed_042 recycle=1 pLDDT=88.4 pTM=0.711 tol=6.6
2026-08-19 02:30:14,515 alphafold2_ptm_model_5_seed_042 recycle=2 pLDDT=88.9 pTM=0.704 tol=0.298
2026-08-19 02:30:27,196 alphafold2_ptm_model_5_seed_042 recycle=3 pLDDT=88.5 pTM=0.694 tol=0.0891
2026-08-19 02:30:27,197 alphafold2_ptm_model_5_seed_042 took 50.7s (3 recycles)
2026-08-19 02:30:27,234 reranking models by 'plddt' metric
2026-08-19 02:30:27,234 rank_001_alphafold2_ptm_model_4_seed_042 pLDDT=88.9 pTM=0.733
2026-08-19 02:30:27,235 rank_002_alphafold2_ptm_model_3_seed_042 pLDDT=88.9 pTM=0.711
2026-08-19 02:30:27,237 rank_003_alphafold2_ptm_model_5_seed_042 pLDDT=88.5 pTM=0.694
2026-08-19 02:30:27,239 rank_004_alphafold2_ptm_model_1_seed_042 pLDDT=84.4 pTM=0.673
2026-08-19 02:30:27,240 rank_005_alphafold2_ptm_model_2_seed_042 pLDDT=81 pTM=0.646
2026-08-19 02:30:30,378 Query 106/140: design-434_mut-V99F_bias-start (length 108)
2026-08-19 02:30:45,032 alphafold2_ptm_model_1_seed_042 recycle=0 pLDDT=82.4 pTM=0.665
2026-08-19 02:30:57,778 alphafold2_ptm_model_1_seed_042 recycle=1 pLDDT=91.4 pTM=0.784 tol=0.958
2026-08-19 02:31:10,731 alphafold2_ptm_model_1_seed_042 recycle=2 pLDDT=92.6 pTM=0.806 tol=0.127
2026-08-19 02:31:23,633 alphafold2_ptm_model_1_seed_042 recycle=3 pLDDT=92.9 pTM=0.811 tol=0.0535
2026-08-19 02:31:23,633 alphafold2_ptm_model_1_seed_042 took 51.6s (3 recycles)
2026-08-19 02:31:37,442 alphafold2_ptm_model_2_seed_042 recycle=0 pLDDT=65.3 pTM=0.548
2026-08-19 02:31:52,997 alphafold2_ptm_model_2_seed_042 recycle=1 pLDDT=86.9 pTM=0.717 tol=4.57
2026-08-19 02:32:11,961 alphafold2_ptm_model_2_seed_042 recycle=2 pLDDT=92.8 pTM=0.809 tol=0.484
2026-08-19 02:32:24,668 alphafold2_ptm_model_2_seed_042 recycle=3 pLDDT=93.6 pTM=0.827 tol=0.0919
2026-08-19 02:32:24,669 alphafold2_ptm_model_2_seed_042 took 60.2s (3 recycles)
2026-08-19 02:32:46,613 alphafold2_ptm_model_3_seed_042 recycle=0 pLDDT=64.4 pTM=0.473
2026-08-19 02:32:59,384 alphafold2_ptm_model_3_seed_042 recycle=1 pLDDT=89.8 pTM=0.735 tol=6.36
2026-08-19 02:33:14,328 alphafold2_ptm_model_3_seed_042 recycle=2 pLDDT=93.2 pTM=0.806 tol=0.304
2026-08-19 02:33:26,997 alphafold2_ptm_model_3_seed_042 recycle=3 pLDDT=94.1 pTM=0.826 tol=0.0664
2026-08-19 02:33:26,997 alphafold2_ptm_model_3_seed_042 took 62.3s (3 recycles)
2026-08-19 02:33:43,477 alphafold2_ptm_model_4_seed_042 recycle=0 pLDDT=64.8 pTM=0.545
2026-08-19 02:33:56,508 alphafold2_ptm_model_4_seed_042 recycle=1 pLDDT=85.7 pTM=0.7 tol=4.7
2026-08-19 02:34:09,353 alphafold2_ptm_model_4_seed_042 recycle=2 pLDDT=92.9 pTM=0.812 tol=0.419
2026-08-19 02:34:21,858 alphafold2_ptm_model_4_seed_042 recycle=3 pLDDT=93.6 pTM=0.826 tol=0.0865
2026-08-19 02:34:21,858 alphafold2_ptm_model_4_seed_042 took 51.5s (3 recycles)
2026-08-19 02:34:34,487 alphafold2_ptm_model_5_seed_042 recycle=0 pLDDT=57.5 pTM=0.485
2026-08-19 02:34:47,397 alphafold2_ptm_model_5_seed_042 recycle=1 pLDDT=87.9 pTM=0.726 tol=6.65
2026-08-19 02:35:00,338 alphafold2_ptm_model_5_seed_042 recycle=2 pLDDT=88.5 pTM=0.731 tol=0.279
2026-08-19 02:35:13,315 alphafold2_ptm_model_5_seed_042 recycle=3 pLDDT=88.9 pTM=0.731 tol=0.0946
2026-08-19 02:35:13,315 alphafold2_ptm_model_5_seed_042 took 51.4s (3 recycles)
2026-08-19 02:35:13,369 reranking models by 'plddt' metric
2026-08-19 02:35:13,369 rank_001_alphafold2_ptm_model_3_seed_042 pLDDT=94.1 pTM=0.826
2026-08-19 02:35:13,370 rank_002_alphafold2_ptm_model_4_seed_042 pLDDT=93.6 pTM=0.826
2026-08-19 02:35:13,372 rank_003_alphafold2_ptm_model_2_seed_042 pLDDT=93.6 pTM=0.827
2026-08-19 02:35:13,373 rank_004_alphafold2_ptm_model_1_seed_042 pLDDT=92.9 pTM=0.811
2026-08-19 02:35:13,375 rank_005_alphafold2_ptm_model_5_seed_042 pLDDT=88.9 pTM=0.731
2026-08-19 02:35:39,395 Query 107/140: design-434_mut-A16M_bias-start (length 108)
2026-08-19 02:35:57,599 alphafold2_ptm_model_1_seed_042 recycle=0 pLDDT=63.8 pTM=0.532
2026-08-19 02:36:10,418 alphafold2_ptm_model_1_seed_042 recycle=1 pLDDT=90 pTM=0.752 tol=6.03
2026-08-19 02:36:23,072 alphafold2_ptm_model_1_seed_042 recycle=2 pLDDT=91.9 pTM=0.793 tol=0.206
2026-08-19 02:36:35,810 alphafold2_ptm_model_1_seed_042 recycle=3 pLDDT=92.5 pTM=0.803 tol=0.0418
2026-08-19 02:36:35,811 alphafold2_ptm_model_1_seed_042 took 51.0s (3 recycles)
2026-08-19 02:36:48,542 alphafold2_ptm_model_2_seed_042 recycle=0 pLDDT=65.2 pTM=0.56
2026-08-19 02:37:01,186 alphafold2_ptm_model_2_seed_042 recycle=1 pLDDT=66.5 pTM=0.569 tol=6.28
2026-08-19 02:37:14,084 alphafold2_ptm_model_2_seed_042 recycle=2 pLDDT=88.9 pTM=0.746 tol=1.86
2026-08-19 02:37:26,792 alphafold2_ptm_model_2_seed_042 recycle=3 pLDDT=92.1 pTM=0.795 tol=0.275
2026-08-19 02:37:26,792 alphafold2_ptm_model_2_seed_042 took 51.0s (3 recycles)
2026-08-19 02:37:42,713 alphafold2_ptm_model_3_seed_042 recycle=0 pLDDT=68.7 pTM=0.541
2026-08-19 02:37:55,379 alphafold2_ptm_model_3_seed_042 recycle=1 pLDDT=66 pTM=0.532 tol=4.22
2026-08-19 02:38:08,162 alphafold2_ptm_model_3_seed_042 recycle=2 pLDDT=90.9 pTM=0.762 tol=4.34
2026-08-19 02:38:20,902 alphafold2_ptm_model_3_seed_042 recycle=3 pLDDT=92.6 pTM=0.804 tol=0.165
2026-08-19 02:38:20,903 alphafold2_ptm_model_3_seed_042 took 50.9s (3 recycles)
2026-08-19 02:38:33,654 alphafold2_ptm_model_4_seed_042 recycle=0 pLDDT=61.8 pTM=0.515
2026-08-19 02:38:46,537 alphafold2_ptm_model_4_seed_042 recycle=1 pLDDT=87.2 pTM=0.718 tol=5.07
2026-08-19 02:38:59,367 alphafold2_ptm_model_4_seed_042 recycle=2 pLDDT=92.1 pTM=0.803 tol=0.418
2026-08-19 02:39:11,714 alphafold2_ptm_model_4_seed_042 recycle=3 pLDDT=93 pTM=0.828 tol=0.0771
2026-08-19 02:39:11,715 alphafold2_ptm_model_4_seed_042 took 50.8s (3 recycles)
2026-08-19 02:39:24,452 alphafold2_ptm_model_5_seed_042 recycle=0 pLDDT=63.4 pTM=0.521
2026-08-19 02:39:37,062 alphafold2_ptm_model_5_seed_042 recycle=1 pLDDT=89.9 pTM=0.75 tol=5.81
2026-08-19 02:39:49,856 alphafold2_ptm_model_5_seed_042 recycle=2 pLDDT=91.6 pTM=0.769 tol=0.289
2026-08-19 02:40:02,706 alphafold2_ptm_model_5_seed_042 recycle=3 pLDDT=92.1 pTM=0.774 tol=0.0575
2026-08-19 02:40:02,706 alphafold2_ptm_model_5_seed_042 took 50.8s (3 recycles)
2026-08-19 02:40:02,764 reranking models by 'plddt' metric
2026-08-19 02:40:02,765 rank_001_alphafold2_ptm_model_4_seed_042 pLDDT=93 pTM=0.828
2026-08-19 02:40:02,766 rank_002_alphafold2_ptm_model_3_seed_042 pLDDT=92.6 pTM=0.804
2026-08-19 02:40:02,768 rank_003_alphafold2_ptm_model_1_seed_042 pLDDT=92.5 pTM=0.803
2026-08-19 02:40:02,770 rank_004_alphafold2_ptm_model_5_seed_042 pLDDT=92.1 pTM=0.774
2026-08-19 02:40:02,771 rank_005_alphafold2_ptm_model_2_seed_042 pLDDT=92.1 pTM=0.795
2026-08-19 02:40:04,859 Query 108/140: design-434_mut-A102Y_bias-start (length 108)
2026-08-19 02:40:19,123 alphafold2_ptm_model_1_seed_042 recycle=0 pLDDT=68.9 pTM=0.545
2026-08-19 02:40:31,944 alphafold2_ptm_model_1_seed_042 recycle=1 pLDDT=84.4 pTM=0.678 tol=1.75
2026-08-19 02:40:44,682 alphafold2_ptm_model_1_seed_042 recycle=2 pLDDT=85.7 pTM=0.688 tol=0.183
2026-08-19 02:40:57,312 alphafold2_ptm_model_1_seed_042 recycle=3 pLDDT=83.9 pTM=0.668 tol=0.154
2026-08-19 02:40:57,312 alphafold2_ptm_model_1_seed_042 took 51.0s (3 recycles)
2026-08-19 02:41:13,534 alphafold2_ptm_model_2_seed_042 recycle=0 pLDDT=64.4 pTM=0.55
2026-08-19 02:41:26,276 alphafold2_ptm_model_2_seed_042 recycle=1 pLDDT=85.4 pTM=0.705 tol=3.59
2026-08-19 02:41:38,834 alphafold2_ptm_model_2_seed_042 recycle=2 pLDDT=84.2 pTM=0.685 tol=0.286
2026-08-19 02:41:51,768 alphafold2_ptm_model_2_seed_042 recycle=3 pLDDT=85.3 pTM=0.697 tol=0.129
2026-08-19 02:41:51,768 alphafold2_ptm_model_2_seed_042 took 50.9s (3 recycles)
2026-08-19 02:42:05,184 alphafold2_ptm_model_3_seed_042 recycle=0 pLDDT=59.3 pTM=0.421
2026-08-19 02:42:18,259 alphafold2_ptm_model_3_seed_042 recycle=1 pLDDT=73.9 pTM=0.554 tol=5.47
2026-08-19 02:42:30,765 alphafold2_ptm_model_3_seed_042 recycle=2 pLDDT=89.4 pTM=0.719 tol=1.34
2026-08-19 02:42:43,551 alphafold2_ptm_model_3_seed_042 recycle=3 pLDDT=89.5 pTM=0.72 tol=0.13
2026-08-19 02:42:43,551 alphafold2_ptm_model_3_seed_042 took 51.7s (3 recycles)
2026-08-19 02:42:56,882 alphafold2_ptm_model_4_seed_042 recycle=0 pLDDT=64.8 pTM=0.56
2026-08-19 02:43:09,468 alphafold2_ptm_model_4_seed_042 recycle=1 pLDDT=85.9 pTM=0.706 tol=4.63
2026-08-19 02:43:22,192 alphafold2_ptm_model_4_seed_042 recycle=2 pLDDT=87.3 pTM=0.71 tol=0.39
2026-08-19 02:43:37,048 alphafold2_ptm_model_4_seed_042 recycle=3 pLDDT=87.7 pTM=0.717 tol=0.0706
2026-08-19 02:43:37,049 alphafold2_ptm_model_4_seed_042 took 53.4s (3 recycles)
2026-08-19 02:44:18,485 alphafold2_ptm_model_5_seed_042 recycle=0 pLDDT=57.4 pTM=0.495
2026-08-19 02:44:31,125 alphafold2_ptm_model_5_seed_042 recycle=1 pLDDT=80.2 pTM=0.634 tol=5.82
2026-08-19 02:44:44,171 alphafold2_ptm_model_5_seed_042 recycle=2 pLDDT=87.9 pTM=0.699 tol=0.777
2026-08-19 02:44:59,470 alphafold2_ptm_model_5_seed_042 recycle=3 pLDDT=88.2 pTM=0.7 tol=0.073
2026-08-19 02:44:59,471 alphafold2_ptm_model_5_seed_042 took 82.3s (3 recycles)
2026-08-19 02:45:01,244 reranking models by 'plddt' metric
2026-08-19 02:45:01,245 rank_001_alphafold2_ptm_model_3_seed_042 pLDDT=89.5 pTM=0.72
2026-08-19 02:45:01,246 rank_002_alphafold2_ptm_model_5_seed_042 pLDDT=88.2 pTM=0.7
2026-08-19 02:45:01,247 rank_003_alphafold2_ptm_model_4_seed_042 pLDDT=87.7 pTM=0.717
2026-08-19 02:45:01,249 rank_004_alphafold2_ptm_model_2_seed_042 pLDDT=85.3 pTM=0.697
2026-08-19 02:45:01,250 rank_005_alphafold2_ptm_model_1_seed_042 pLDDT=83.9 pTM=0.668
2026-08-19 02:45:18,778 Query 109/140: design-434_mut-A102F_bias-start (length 108)
2026-08-19 02:45:35,433 alphafold2_ptm_model_1_seed_042 recycle=0 pLDDT=75.9 pTM=0.6
2026-08-19 02:45:48,596 alphafold2_ptm_model_1_seed_042 recycle=1 pLDDT=84.3 pTM=0.667 tol=0.869
2026-08-19 02:46:01,399 alphafold2_ptm_model_1_seed_042 recycle=2 pLDDT=84.1 pTM=0.664 tol=0.192
2026-08-19 02:46:14,560 alphafold2_ptm_model_1_seed_042 recycle=3 pLDDT=85.5 pTM=0.678 tol=0.316
2026-08-19 02:46:14,561 alphafold2_ptm_model_1_seed_042 took 52.1s (3 recycles)
2026-08-19 02:46:35,166 alphafold2_ptm_model_2_seed_042 recycle=0 pLDDT=72.4 pTM=0.581
2026-08-19 02:46:47,820 alphafold2_ptm_model_2_seed_042 recycle=1 pLDDT=82.7 pTM=0.67 tol=1.82
2026-08-19 02:47:00,886 alphafold2_ptm_model_2_seed_042 recycle=2 pLDDT=83.1 pTM=0.669 tol=0.234
2026-08-19 02:47:25,591 alphafold2_ptm_model_2_seed_042 recycle=3 pLDDT=82 pTM=0.653 tol=0.243
2026-08-19 02:47:25,591 alphafold2_ptm_model_2_seed_042 took 63.3s (3 recycles)
2026-08-19 02:47:46,402 alphafold2_ptm_model_3_seed_042 recycle=0 pLDDT=58.1 pTM=0.401
2026-08-19 02:47:59,215 alphafold2_ptm_model_3_seed_042 recycle=1 pLDDT=85.9 pTM=0.665 tol=5.62
2026-08-19 02:48:13,113 alphafold2_ptm_model_3_seed_042 recycle=2 pLDDT=89.5 pTM=0.726 tol=0.482
2026-08-19 02:48:27,347 alphafold2_ptm_model_3_seed_042 recycle=3 pLDDT=88.9 pTM=0.713 tol=0.106
2026-08-19 02:48:27,347 alphafold2_ptm_model_3_seed_042 took 54.0s (3 recycles)
2026-08-19 02:48:42,433 alphafold2_ptm_model_4_seed_042 recycle=0 pLDDT=63.5 pTM=0.553
2026-08-19 02:48:56,259 alphafold2_ptm_model_4_seed_042 recycle=1 pLDDT=88.2 pTM=0.722 tol=3.01
2026-08-19 02:49:10,345 alphafold2_ptm_model_4_seed_042 recycle=2 pLDDT=89.6 pTM=0.749 tol=0.158
2026-08-19 02:49:24,983 alphafold2_ptm_model_4_seed_042 recycle=3 pLDDT=89.5 pTM=0.745 tol=0.0656
2026-08-19 02:49:24,984 alphafold2_ptm_model_4_seed_042 took 56.3s (3 recycles)
2026-08-19 02:49:42,212 alphafold2_ptm_model_5_seed_042 recycle=0 pLDDT=56.8 pTM=0.477
2026-08-19 02:49:56,557 alphafold2_ptm_model_5_seed_042 recycle=1 pLDDT=87.2 pTM=0.702 tol=4.57
2026-08-19 02:50:10,908 alphafold2_ptm_model_5_seed_042 recycle=2 pLDDT=88.5 pTM=0.702 tol=0.33
2026-08-19 02:50:24,834 alphafold2_ptm_model_5_seed_042 recycle=3 pLDDT=88.2 pTM=0.696 tol=0.0724
2026-08-19 02:50:24,835 alphafold2_ptm_model_5_seed_042 took 56.8s (3 recycles)
2026-08-19 02:50:24,895 reranking models by 'plddt' metric
2026-08-19 02:50:24,895 rank_001_alphafold2_ptm_model_4_seed_042 pLDDT=89.5 pTM=0.745
2026-08-19 02:50:24,896 rank_002_alphafold2_ptm_model_3_seed_042 pLDDT=88.9 pTM=0.713
2026-08-19 02:50:24,899 rank_003_alphafold2_ptm_model_5_seed_042 pLDDT=88.2 pTM=0.696
2026-08-19 02:50:24,900 rank_004_alphafold2_ptm_model_1_seed_042 pLDDT=85.5 pTM=0.678
2026-08-19 02:50:24,902 rank_005_alphafold2_ptm_model_2_seed_042 pLDDT=82 pTM=0.653
2026-08-19 02:50:28,973 Query 110/140: design-434_mut-L41H_bias-start (length 108)
2026-08-19 02:50:45,172 alphafold2_ptm_model_1_seed_042 recycle=0 pLDDT=82.2 pTM=0.663
2026-08-19 02:50:59,312 alphafold2_ptm_model_1_seed_042 recycle=1 pLDDT=86.6 pTM=0.69 tol=0.784
2026-08-19 02:51:13,571 alphafold2_ptm_model_1_seed_042 recycle=2 pLDDT=86.4 pTM=0.684 tol=0.27
2026-08-19 02:51:28,543 alphafold2_ptm_model_1_seed_042 recycle=3 pLDDT=88.1 pTM=0.698 tol=0.19
2026-08-19 02:51:28,543 alphafold2_ptm_model_1_seed_042 took 57.3s (3 recycles)
2026-08-19 02:51:42,915 alphafold2_ptm_model_2_seed_042 recycle=0 pLDDT=77.2 pTM=0.614
2026-08-19 02:51:56,709 alphafold2_ptm_model_2_seed_042 recycle=1 pLDDT=82.7 pTM=0.666 tol=0.785
2026-08-19 02:52:10,566 alphafold2_ptm_model_2_seed_042 recycle=2 pLDDT=83.6 pTM=0.663 tol=0.193
2026-08-19 02:52:25,407 alphafold2_ptm_model_2_seed_042 recycle=3 pLDDT=83.6 pTM=0.658 tol=0.0388
2026-08-19 02:52:25,407 alphafold2_ptm_model_2_seed_042 took 56.8s (3 recycles)
2026-08-19 02:52:39,343 alphafold2_ptm_model_3_seed_042 recycle=0 pLDDT=62.1 pTM=0.476
2026-08-19 02:52:52,738 alphafold2_ptm_model_3_seed_042 recycle=1 pLDDT=87.1 pTM=0.691 tol=6.3
2026-08-19 02:53:06,326 alphafold2_ptm_model_3_seed_042 recycle=2 pLDDT=85.8 pTM=0.675 tol=0.246
2026-08-19 02:53:20,876 alphafold2_ptm_model_3_seed_042 recycle=3 pLDDT=86.2 pTM=0.686 tol=0.0944
2026-08-19 02:53:20,877 alphafold2_ptm_model_3_seed_042 took 55.4s (3 recycles)
2026-08-19 02:53:34,569 alphafold2_ptm_model_4_seed_042 recycle=0 pLDDT=58.4 pTM=0.488
2026-08-19 02:53:48,863 alphafold2_ptm_model_4_seed_042 recycle=1 pLDDT=87.6 pTM=0.715 tol=6.67
2026-08-19 02:54:02,664 alphafold2_ptm_model_4_seed_042 recycle=2 pLDDT=86.5 pTM=0.708 tol=0.285
2026-08-19 02:54:17,096 alphafold2_ptm_model_4_seed_042 recycle=3 pLDDT=86.1 pTM=0.707 tol=0.0909
2026-08-19 02:54:17,096 alphafold2_ptm_model_4_seed_042 took 56.2s (3 recycles)
2026-08-19 02:54:32,018 alphafold2_ptm_model_5_seed_042 recycle=0 pLDDT=57.2 pTM=0.465
2026-08-19 02:54:47,168 alphafold2_ptm_model_5_seed_042 recycle=1 pLDDT=88.6 pTM=0.713 tol=7.05
2026-08-19 02:55:02,393 alphafold2_ptm_model_5_seed_042 recycle=2 pLDDT=86.6 pTM=0.687 tol=0.224
2026-08-19 02:55:17,763 alphafold2_ptm_model_5_seed_042 recycle=3 pLDDT=86.7 pTM=0.686 tol=0.078
2026-08-19 02:55:17,763 alphafold2_ptm_model_5_seed_042 took 60.6s (3 recycles)
2026-08-19 02:55:18,004 reranking models by 'plddt' metric
2026-08-19 02:55:18,004 rank_001_alphafold2_ptm_model_1_seed_042 pLDDT=88.1 pTM=0.698
2026-08-19 02:55:18,005 rank_002_alphafold2_ptm_model_5_seed_042 pLDDT=86.7 pTM=0.686
2026-08-19 02:55:18,007 rank_003_alphafold2_ptm_model_3_seed_042 pLDDT=86.2 pTM=0.686
2026-08-19 02:55:18,008 rank_004_alphafold2_ptm_model_4_seed_042 pLDDT=86.1 pTM=0.707
2026-08-19 02:55:18,010 rank_005_alphafold2_ptm_model_2_seed_042 pLDDT=83.6 pTM=0.658
2026-08-19 02:55:21,361 Query 111/140: design-434_mut-G10Y_bias-end (length 108)
2026-08-19 02:55:36,068 alphafold2_ptm_model_1_seed_042 recycle=0 pLDDT=65.4 pTM=0.545
2026-08-19 02:55:48,776 alphafold2_ptm_model_1_seed_042 recycle=1 pLDDT=84.4 pTM=0.685 tol=3.77
2026-08-19 02:56:00,850 alphafold2_ptm_model_1_seed_042 recycle=2 pLDDT=84.1 pTM=0.685 tol=0.294
2026-08-19 02:56:12,936 alphafold2_ptm_model_1_seed_042 recycle=3 pLDDT=85.2 pTM=0.699 tol=0.142
2026-08-19 02:56:12,936 alphafold2_ptm_model_1_seed_042 took 49.9s (3 recycles)
2026-08-19 02:56:25,532 alphafold2_ptm_model_2_seed_042 recycle=0 pLDDT=66.3 pTM=0.558
2026-08-19 02:56:38,073 alphafold2_ptm_model_2_seed_042 recycle=1 pLDDT=75.3 pTM=0.612 tol=4.65
2026-08-19 02:56:50,644 alphafold2_ptm_model_2_seed_042 recycle=2 pLDDT=82.7 pTM=0.678 tol=0.909
2026-08-19 02:57:03,306 alphafold2_ptm_model_2_seed_042 recycle=3 pLDDT=79.6 pTM=0.64 tol=0.578
2026-08-19 02:57:03,306 alphafold2_ptm_model_2_seed_042 took 50.3s (3 recycles)
2026-08-19 02:57:16,277 alphafold2_ptm_model_3_seed_042 recycle=0 pLDDT=69.4 pTM=0.469
2026-08-19 02:57:28,956 alphafold2_ptm_model_3_seed_042 recycle=1 pLDDT=66.8 pTM=0.515 tol=3.48
2026-08-19 02:57:41,584 alphafold2_ptm_model_3_seed_042 recycle=2 pLDDT=83.9 pTM=0.667 tol=4.4
2026-08-19 02:57:53,910 alphafold2_ptm_model_3_seed_042 recycle=3 pLDDT=86.1 pTM=0.692 tol=0.319
2026-08-19 02:57:53,910 alphafold2_ptm_model_3_seed_042 took 50.6s (3 recycles)
2026-08-19 02:58:19,136 alphafold2_ptm_model_4_seed_042 recycle=0 pLDDT=61.8 pTM=0.484
2026-08-19 02:58:31,668 alphafold2_ptm_model_4_seed_042 recycle=1 pLDDT=80.4 pTM=0.633 tol=5.64
2026-08-19 02:58:44,338 alphafold2_ptm_model_4_seed_042 recycle=2 pLDDT=86.1 pTM=0.708 tol=0.54
2026-08-19 02:58:56,980 alphafold2_ptm_model_4_seed_042 recycle=3 pLDDT=86.9 pTM=0.723 tol=0.19
2026-08-19 02:58:56,980 alphafold2_ptm_model_4_seed_042 took 50.7s (3 recycles)
2026-08-19 02:59:09,634 alphafold2_ptm_model_5_seed_042 recycle=0 pLDDT=61.5 pTM=0.532
2026-08-19 02:59:22,598 alphafold2_ptm_model_5_seed_042 recycle=1 pLDDT=66.8 pTM=0.537 tol=3.31
2026-08-19 02:59:34,715 alphafold2_ptm_model_5_seed_042 recycle=2 pLDDT=63.2 pTM=0.521 tol=3.57
2026-08-19 02:59:47,500 alphafold2_ptm_model_5_seed_042 recycle=3 pLDDT=65.4 pTM=0.524 tol=4.33
2026-08-19 02:59:47,501 alphafold2_ptm_model_5_seed_042 took 50.5s (3 recycles)
2026-08-19 02:59:52,307 reranking models by 'plddt' metric
2026-08-19 02:59:52,308 rank_001_alphafold2_ptm_model_4_seed_042 pLDDT=86.9 pTM=0.723
2026-08-19 02:59:52,309 rank_002_alphafold2_ptm_model_3_seed_042 pLDDT=86.1 pTM=0.692
2026-08-19 02:59:52,311 rank_003_alphafold2_ptm_model_1_seed_042 pLDDT=85.2 pTM=0.699
2026-08-19 02:59:52,313 rank_004_alphafold2_ptm_model_2_seed_042 pLDDT=79.6 pTM=0.64
2026-08-19 02:59:52,315 rank_005_alphafold2_ptm_model_5_seed_042 pLDDT=65.4 pTM=0.524
2026-08-19 02:59:59,716 Query 112/140: design-434_mut-G10Q_bias-end (length 108)
2026-08-19 03:00:14,155 alphafold2_ptm_model_1_seed_042 recycle=0 pLDDT=79.2 pTM=0.615
2026-08-19 03:00:27,603 alphafold2_ptm_model_1_seed_042 recycle=1 pLDDT=84.9 pTM=0.684 tol=0.543
2026-08-19 03:00:45,964 alphafold2_ptm_model_1_seed_042 recycle=2 pLDDT=84 pTM=0.677 tol=0.335
2026-08-19 03:00:58,828 alphafold2_ptm_model_1_seed_042 recycle=3 pLDDT=83.8 pTM=0.674 tol=0.194
2026-08-19 03:00:58,828 alphafold2_ptm_model_1_seed_042 took 57.5s (3 recycles)
2026-08-19 03:01:28,345 alphafold2_ptm_model_2_seed_042 recycle=0 pLDDT=71.6 pTM=0.577
2026-08-19 03:01:52,403 alphafold2_ptm_model_2_seed_042 recycle=1 pLDDT=76.9 pTM=0.611 tol=1.63
2026-08-19 03:02:07,205 alphafold2_ptm_model_2_seed_042 recycle=2 pLDDT=80.3 pTM=0.646 tol=0.573
2026-08-19 03:02:20,174 alphafold2_ptm_model_2_seed_042 recycle=3 pLDDT=78.8 pTM=0.624 tol=0.301
2026-08-19 03:02:20,175 alphafold2_ptm_model_2_seed_042 took 81.3s (3 recycles)
2026-08-19 03:02:33,596 alphafold2_ptm_model_3_seed_042 recycle=0 pLDDT=66.4 pTM=0.469
2026-08-19 03:02:46,939 alphafold2_ptm_model_3_seed_042 recycle=1 pLDDT=88.8 pTM=0.737 tol=6.25
2026-08-19 03:02:59,813 alphafold2_ptm_model_3_seed_042 recycle=2 pLDDT=90.4 pTM=0.768 tol=0.35
2026-08-19 03:03:12,888 alphafold2_ptm_model_3_seed_042 recycle=3 pLDDT=91.1 pTM=0.786 tol=0.0588
2026-08-19 03:03:12,888 alphafold2_ptm_model_3_seed_042 took 52.6s (3 recycles)
2026-08-19 03:03:25,954 alphafold2_ptm_model_4_seed_042 recycle=0 pLDDT=66.5 pTM=0.542
2026-08-19 03:03:38,849 alphafold2_ptm_model_4_seed_042 recycle=1 pLDDT=85.6 pTM=0.69 tol=4.98
2026-08-19 03:03:51,731 alphafold2_ptm_model_4_seed_042 recycle=2 pLDDT=88.1 pTM=0.738 tol=0.328
2026-08-19 03:04:04,384 alphafold2_ptm_model_4_seed_042 recycle=3 pLDDT=88.4 pTM=0.744 tol=0.105
2026-08-19 03:04:04,384 alphafold2_ptm_model_4_seed_042 took 51.4s (3 recycles)
2026-08-19 03:04:17,827 alphafold2_ptm_model_5_seed_042 recycle=0 pLDDT=62.5 pTM=0.517
2026-08-19 03:04:30,377 alphafold2_ptm_model_5_seed_042 recycle=1 pLDDT=86.4 pTM=0.698 tol=6.45
2026-08-19 03:04:43,008 alphafold2_ptm_model_5_seed_042 recycle=2 pLDDT=88.1 pTM=0.713 tol=0.224
2026-08-19 03:04:55,632 alphafold2_ptm_model_5_seed_042 recycle=3 pLDDT=88.5 pTM=0.715 tol=0.0384
2026-08-19 03:04:55,633 alphafold2_ptm_model_5_seed_042 took 50.5s (3 recycles)
2026-08-19 03:04:55,670 reranking models by 'plddt' metric
2026-08-19 03:04:55,671 rank_001_alphafold2_ptm_model_3_seed_042 pLDDT=91.1 pTM=0.786
2026-08-19 03:04:55,672 rank_002_alphafold2_ptm_model_5_seed_042 pLDDT=88.5 pTM=0.715
2026-08-19 03:04:55,674 rank_003_alphafold2_ptm_model_4_seed_042 pLDDT=88.4 pTM=0.744
2026-08-19 03:04:55,675 rank_004_alphafold2_ptm_model_1_seed_042 pLDDT=83.8 pTM=0.674
2026-08-19 03:04:55,677 rank_005_alphafold2_ptm_model_2_seed_042 pLDDT=78.8 pTM=0.624
2026-08-19 03:05:00,422 Query 113/140: design-434_mut-G10I_bias-end (length 108)
2026-08-19 03:05:14,492 alphafold2_ptm_model_1_seed_042 recycle=0 pLDDT=64.1 pTM=0.53
2026-08-19 03:05:26,962 alphafold2_ptm_model_1_seed_042 recycle=1 pLDDT=85.8 pTM=0.692 tol=5.15
2026-08-19 03:05:39,288 alphafold2_ptm_model_1_seed_042 recycle=2 pLDDT=87.1 pTM=0.709 tol=0.363
2026-08-19 03:05:51,728 alphafold2_ptm_model_1_seed_042 recycle=3 pLDDT=85.8 pTM=0.698 tol=0.171
2026-08-19 03:05:51,728 alphafold2_ptm_model_1_seed_042 took 49.9s (3 recycles)
2026-08-19 03:06:05,109 alphafold2_ptm_model_2_seed_042 recycle=0 pLDDT=64.5 pTM=0.543
2026-08-19 03:06:17,681 alphafold2_ptm_model_2_seed_042 recycle=1 pLDDT=85.9 pTM=0.705 tol=6.51
2026-08-19 03:06:30,240 alphafold2_ptm_model_2_seed_042 recycle=2 pLDDT=85.1 pTM=0.705 tol=0.51
2026-08-19 03:06:42,736 alphafold2_ptm_model_2_seed_042 recycle=3 pLDDT=85.1 pTM=0.699 tol=0.0854
2026-08-19 03:06:42,736 alphafold2_ptm_model_2_seed_042 took 50.3s (3 recycles)
2026-08-19 03:06:55,435 alphafold2_ptm_model_3_seed_042 recycle=0 pLDDT=64.9 pTM=0.49
2026-08-19 03:07:07,830 alphafold2_ptm_model_3_seed_042 recycle=1 pLDDT=66.1 pTM=0.518 tol=3.04
2026-08-19 03:07:20,239 alphafold2_ptm_model_3_seed_042 recycle=2 pLDDT=87.1 pTM=0.702 tol=5.21
2026-08-19 03:07:32,919 alphafold2_ptm_model_3_seed_042 recycle=3 pLDDT=88.6 pTM=0.726 tol=0.252
2026-08-19 03:07:32,919 alphafold2_ptm_model_3_seed_042 took 50.1s (3 recycles)
2026-08-19 03:07:45,445 alphafold2_ptm_model_4_seed_042 recycle=0 pLDDT=61.2 pTM=0.5
2026-08-19 03:07:57,966 alphafold2_ptm_model_4_seed_042 recycle=1 pLDDT=88.1 pTM=0.726 tol=6.49
2026-08-19 03:08:10,456 alphafold2_ptm_model_4_seed_042 recycle=2 pLDDT=89.6 pTM=0.758 tol=0.239
2026-08-19 03:08:22,658 alphafold2_ptm_model_4_seed_042 recycle=3 pLDDT=90 pTM=0.765 tol=0.0607
2026-08-19 03:08:22,659 alphafold2_ptm_model_4_seed_042 took 49.7s (3 recycles)
2026-08-19 03:08:34,864 alphafold2_ptm_model_5_seed_042 recycle=0 pLDDT=59.2 pTM=0.504
2026-08-19 03:08:47,161 alphafold2_ptm_model_5_seed_042 recycle=1 pLDDT=84.1 pTM=0.686 tol=5.63
2026-08-19 03:08:59,607 alphafold2_ptm_model_5_seed_042 recycle=2 pLDDT=89.1 pTM=0.731 tol=0.313
2026-08-19 03:09:12,081 alphafold2_ptm_model_5_seed_042 recycle=3 pLDDT=89.9 pTM=0.737 tol=0.0431
2026-08-19 03:09:12,081 alphafold2_ptm_model_5_seed_042 took 49.4s (3 recycles)
2026-08-19 03:09:12,126 reranking models by 'plddt' metric
2026-08-19 03:09:12,126 rank_001_alphafold2_ptm_model_4_seed_042 pLDDT=90 pTM=0.765
2026-08-19 03:09:12,127 rank_002_alphafold2_ptm_model_5_seed_042 pLDDT=89.9 pTM=0.737
2026-08-19 03:09:12,129 rank_003_alphafold2_ptm_model_3_seed_042 pLDDT=88.6 pTM=0.726
2026-08-19 03:09:12,131 rank_004_alphafold2_ptm_model_1_seed_042 pLDDT=85.8 pTM=0.698
2026-08-19 03:09:12,132 rank_005_alphafold2_ptm_model_2_seed_042 pLDDT=85.1 pTM=0.699
2026-08-19 03:09:44,051 Query 114/140: design-434_mut-A45Y_bias-end (length 108)
2026-08-19 03:09:57,782 alphafold2_ptm_model_1_seed_042 recycle=0 pLDDT=85.8 pTM=0.696
2026-08-19 03:10:10,173 alphafold2_ptm_model_1_seed_042 recycle=1 pLDDT=85.1 pTM=0.703 tol=0.638
2026-08-19 03:10:22,654 alphafold2_ptm_model_1_seed_042 recycle=2 pLDDT=85.6 pTM=0.701 tol=1.31
2026-08-19 03:10:35,097 alphafold2_ptm_model_1_seed_042 recycle=3 pLDDT=82.6 pTM=0.672 tol=1.09
2026-08-19 03:10:35,098 alphafold2_ptm_model_1_seed_042 took 49.7s (3 recycles)
2026-08-19 03:10:50,742 alphafold2_ptm_model_2_seed_042 recycle=0 pLDDT=81.1 pTM=0.641
2026-08-19 03:11:03,213 alphafold2_ptm_model_2_seed_042 recycle=1 pLDDT=80.1 pTM=0.644 tol=0.849
2026-08-19 03:11:16,132 alphafold2_ptm_model_2_seed_042 recycle=2 pLDDT=84.4 pTM=0.675 tol=1.25
2026-08-19 03:11:28,524 alphafold2_ptm_model_2_seed_042 recycle=3 pLDDT=81.1 pTM=0.646 tol=0.949
2026-08-19 03:11:28,524 alphafold2_ptm_model_2_seed_042 took 50.2s (3 recycles)
2026-08-19 03:11:41,285 alphafold2_ptm_model_3_seed_042 recycle=0 pLDDT=84.8 pTM=0.677
2026-08-19 03:11:53,660 alphafold2_ptm_model_3_seed_042 recycle=1 pLDDT=84.8 pTM=0.696 tol=0.493
2026-08-19 03:12:06,123 alphafold2_ptm_model_3_seed_042 recycle=2 pLDDT=87.6 pTM=0.732 tol=1.3
2026-08-19 03:12:18,519 alphafold2_ptm_model_3_seed_042 recycle=3 pLDDT=85.8 pTM=0.708 tol=0.28
2026-08-19 03:12:18,519 alphafold2_ptm_model_3_seed_042 took 49.9s (3 recycles)
2026-08-19 03:12:30,951 alphafold2_ptm_model_4_seed_042 recycle=0 pLDDT=83.1 pTM=0.652
2026-08-19 03:12:43,290 alphafold2_ptm_model_4_seed_042 recycle=1 pLDDT=87.2 pTM=0.729 tol=0.853
2026-08-19 03:12:55,640 alphafold2_ptm_model_4_seed_042 recycle=2 pLDDT=85.2 pTM=0.712 tol=0.307
2026-08-19 03:13:08,154 alphafold2_ptm_model_4_seed_042 recycle=3 pLDDT=84.4 pTM=0.704 tol=1.07
2026-08-19 03:13:08,154 alphafold2_ptm_model_4_seed_042 took 49.6s (3 recycles)
2026-08-19 03:13:20,717 alphafold2_ptm_model_5_seed_042 recycle=0 pLDDT=88.4 pTM=0.71
2026-08-19 03:13:33,086 alphafold2_ptm_model_5_seed_042 recycle=1 pLDDT=88.4 pTM=0.734 tol=0.315
2026-08-19 03:13:45,990 alphafold2_ptm_model_5_seed_042 recycle=2 pLDDT=88.1 pTM=0.721 tol=0.11
2026-08-19 03:13:58,023 alphafold2_ptm_model_5_seed_042 recycle=3 pLDDT=87.9 pTM=0.717 tol=0.0505
2026-08-19 03:13:58,023 alphafold2_ptm_model_5_seed_042 took 49.8s (3 recycles)
2026-08-19 03:14:02,859 reranking models by 'plddt' metric
2026-08-19 03:14:02,859 rank_001_alphafold2_ptm_model_5_seed_042 pLDDT=87.9 pTM=0.717
2026-08-19 03:14:02,860 rank_002_alphafold2_ptm_model_3_seed_042 pLDDT=85.8 pTM=0.708
2026-08-19 03:14:02,863 rank_003_alphafold2_ptm_model_4_seed_042 pLDDT=84.4 pTM=0.704
2026-08-19 03:14:02,865 rank_004_alphafold2_ptm_model_1_seed_042 pLDDT=82.6 pTM=0.672
2026-08-19 03:14:02,867 rank_005_alphafold2_ptm_model_2_seed_042 pLDDT=81.1 pTM=0.646
2026-08-19 03:14:07,554 Query 115/140: design-434_mut-G10F_bias-end (length 108)
2026-08-19 03:14:40,491 alphafold2_ptm_model_1_seed_042 recycle=0 pLDDT=63.1 pTM=0.521
2026-08-19 03:14:54,241 alphafold2_ptm_model_1_seed_042 recycle=1 pLDDT=81.4 pTM=0.647 tol=5.12
2026-08-19 03:15:07,633 alphafold2_ptm_model_1_seed_042 recycle=2 pLDDT=81.3 pTM=0.655 tol=0.482
2026-08-19 03:15:20,107 alphafold2_ptm_model_1_seed_042 recycle=3 pLDDT=81 pTM=0.648 tol=0.218
2026-08-19 03:15:20,107 alphafold2_ptm_model_1_seed_042 took 67.5s (3 recycles)
2026-08-19 03:15:43,327 alphafold2_ptm_model_2_seed_042 recycle=0 pLDDT=65 pTM=0.555
2026-08-19 03:15:56,058 alphafold2_ptm_model_2_seed_042 recycle=1 pLDDT=79.8 pTM=0.631 tol=5.82
2026-08-19 03:16:08,949 alphafold2_ptm_model_2_seed_042 recycle=2 pLDDT=80.2 pTM=0.643 tol=0.443
2026-08-19 03:16:21,721 alphafold2_ptm_model_2_seed_042 recycle=3 pLDDT=80 pTM=0.637 tol=0.368
2026-08-19 03:16:21,721 alphafold2_ptm_model_2_seed_042 took 55.6s (3 recycles)
2026-08-19 03:16:34,500 alphafold2_ptm_model_3_seed_042 recycle=0 pLDDT=68.7 pTM=0.484
2026-08-19 03:16:47,309 alphafold2_ptm_model_3_seed_042 recycle=1 pLDDT=73 pTM=0.511 tol=1.18
2026-08-19 03:16:59,912 alphafold2_ptm_model_3_seed_042 recycle=2 pLDDT=74.2 pTM=0.542 tol=5.86
2026-08-19 03:17:12,586 alphafold2_ptm_model_3_seed_042 recycle=3 pLDDT=80.6 pTM=0.614 tol=0.924
2026-08-19 03:17:12,586 alphafold2_ptm_model_3_seed_042 took 50.8s (3 recycles)
2026-08-19 03:17:25,233 alphafold2_ptm_model_4_seed_042 recycle=0 pLDDT=66.3 pTM=0.501
2026-08-19 03:17:37,898 alphafold2_ptm_model_4_seed_042 recycle=1 pLDDT=67.9 pTM=0.51 tol=1.48
2026-08-19 03:17:50,567 alphafold2_ptm_model_4_seed_042 recycle=2 pLDDT=68.2 pTM=0.553 tol=4.7
2026-08-19 03:18:03,141 alphafold2_ptm_model_4_seed_042 recycle=3 pLDDT=84.1 pTM=0.674 tol=3.08
2026-08-19 03:18:03,141 alphafold2_ptm_model_4_seed_042 took 50.5s (3 recycles)
2026-08-19 03:18:15,792 alphafold2_ptm_model_5_seed_042 recycle=0 pLDDT=59.9 pTM=0.522
2026-08-19 03:18:28,376 alphafold2_ptm_model_5_seed_042 recycle=1 pLDDT=60.3 pTM=0.497 tol=3.85
2026-08-19 03:18:40,888 alphafold2_ptm_model_5_seed_042 recycle=2 pLDDT=60.9 pTM=0.507 tol=1.37
2026-08-19 03:18:53,474 alphafold2_ptm_model_5_seed_042 recycle=3 pLDDT=67.9 pTM=0.52 tol=5.27
2026-08-19 03:18:53,474 alphafold2_ptm_model_5_seed_042 took 50.3s (3 recycles)
2026-08-19 03:18:53,498 reranking models by 'plddt' metric
2026-08-19 03:18:53,499 rank_001_alphafold2_ptm_model_4_seed_042 pLDDT=84.1 pTM=0.674
2026-08-19 03:18:53,500 rank_002_alphafold2_ptm_model_1_seed_042 pLDDT=81 pTM=0.648
2026-08-19 03:18:53,502 rank_003_alphafold2_ptm_model_3_seed_042 pLDDT=80.6 pTM=0.614
2026-08-19 03:18:53,504 rank_004_alphafold2_ptm_model_2_seed_042 pLDDT=80 pTM=0.637
2026-08-19 03:18:53,506 rank_005_alphafold2_ptm_model_5_seed_042 pLDDT=67.9 pTM=0.52
2026-08-19 03:18:56,082 Query 116/140: design-434_mut-G10W_bias-end (length 108)
2026-08-19 03:19:09,933 alphafold2_ptm_model_1_seed_042 recycle=0 pLDDT=66.1 pTM=0.555
2026-08-19 03:19:22,348 alphafold2_ptm_model_1_seed_042 recycle=1 pLDDT=79.7 pTM=0.635 tol=3.98
2026-08-19 03:19:34,670 alphafold2_ptm_model_1_seed_042 recycle=2 pLDDT=80 pTM=0.64 tol=1.62
2026-08-19 03:19:47,060 alphafold2_ptm_model_1_seed_042 recycle=3 pLDDT=79.1 pTM=0.634 tol=1.06
2026-08-19 03:19:47,060 alphafold2_ptm_model_1_seed_042 took 49.6s (3 recycles)
2026-08-19 03:19:59,460 alphafold2_ptm_model_2_seed_042 recycle=0 pLDDT=67.1 pTM=0.563
2026-08-19 03:20:12,021 alphafold2_ptm_model_2_seed_042 recycle=1 pLDDT=71.7 pTM=0.589 tol=5.45
2026-08-19 03:20:24,477 alphafold2_ptm_model_2_seed_042 recycle=2 pLDDT=80 pTM=0.64 tol=0.681
2026-08-19 03:20:36,953 alphafold2_ptm_model_2_seed_042 recycle=3 pLDDT=78.7 pTM=0.633 tol=0.289
2026-08-19 03:20:36,954 alphafold2_ptm_model_2_seed_042 took 49.8s (3 recycles)
2026-08-19 03:20:49,326 alphafold2_ptm_model_3_seed_042 recycle=0 pLDDT=71.7 pTM=0.469
2026-08-19 03:21:01,572 alphafold2_ptm_model_3_seed_042 recycle=1 pLDDT=71.1 pTM=0.516 tol=1.9
2026-08-19 03:21:13,940 alphafold2_ptm_model_3_seed_042 recycle=2 pLDDT=67.2 pTM=0.516 tol=2.16
2026-08-19 03:21:26,313 alphafold2_ptm_model_3_seed_042 recycle=3 pLDDT=84.5 pTM=0.662 tol=5.44
2026-08-19 03:21:26,314 alphafold2_ptm_model_3_seed_042 took 49.3s (3 recycles)
2026-08-19 03:21:38,821 alphafold2_ptm_model_4_seed_042 recycle=0 pLDDT=68.4 pTM=0.501
2026-08-19 03:21:51,230 alphafold2_ptm_model_4_seed_042 recycle=1 pLDDT=69.8 pTM=0.521 tol=1.22
2026-08-19 03:22:03,679 alphafold2_ptm_model_4_seed_042 recycle=2 pLDDT=61.2 pTM=0.506 tol=3.46
2026-08-19 03:22:16,094 alphafold2_ptm_model_4_seed_042 recycle=3 pLDDT=78.6 pTM=0.627 tol=6.1
2026-08-19 03:22:16,094 alphafold2_ptm_model_4_seed_042 took 49.7s (3 recycles)
2026-08-19 03:22:28,763 alphafold2_ptm_model_5_seed_042 recycle=0 pLDDT=65.4 pTM=0.594
2026-08-19 03:22:41,065 alphafold2_ptm_model_5_seed_042 recycle=1 pLDDT=74.8 pTM=0.65 tol=3.08
2026-08-19 03:22:53,374 alphafold2_ptm_model_5_seed_042 recycle=2 pLDDT=67 pTM=0.547 tol=1.29
2026-08-19 03:23:05,937 alphafold2_ptm_model_5_seed_042 recycle=3 pLDDT=68.3 pTM=0.538 tol=5
2026-08-19 03:23:05,937 alphafold2_ptm_model_5_seed_042 took 49.5s (3 recycles)
2026-08-19 03:23:05,978 reranking models by 'plddt' metric
2026-08-19 03:23:05,978 rank_001_alphafold2_ptm_model_3_seed_042 pLDDT=84.5 pTM=0.662
2026-08-19 03:23:05,980 rank_002_alphafold2_ptm_model_1_seed_042 pLDDT=79.1 pTM=0.634
2026-08-19 03:23:05,982 rank_003_alphafold2_ptm_model_2_seed_042 pLDDT=78.7 pTM=0.633
2026-08-19 03:23:05,984 rank_004_alphafold2_ptm_model_4_seed_042 pLDDT=78.6 pTM=0.627
2026-08-19 03:23:05,985 rank_005_alphafold2_ptm_model_5_seed_042 pLDDT=68.3 pTM=0.538
2026-08-19 03:23:08,155 Query 117/140: design-434_mut-G10D_bias-end (length 108)
2026-08-19 03:23:22,128 alphafold2_ptm_model_1_seed_042 recycle=0 pLDDT=79.1 pTM=0.607
2026-08-19 03:23:34,919 alphafold2_ptm_model_1_seed_042 recycle=1 pLDDT=79.1 pTM=0.627 tol=0.456
2026-08-19 03:23:47,598 alphafold2_ptm_model_1_seed_042 recycle=2 pLDDT=79.4 pTM=0.615 tol=1.01
2026-08-19 03:24:00,115 alphafold2_ptm_model_1_seed_042 recycle=3 pLDDT=78.8 pTM=0.611 tol=0.424
2026-08-19 03:24:00,115 alphafold2_ptm_model_1_seed_042 took 50.5s (3 recycles)
2026-08-19 03:24:12,590 alphafold2_ptm_model_2_seed_042 recycle=0 pLDDT=74 pTM=0.597
2026-08-19 03:24:25,027 alphafold2_ptm_model_2_seed_042 recycle=1 pLDDT=75.1 pTM=0.605 tol=0.927
2026-08-19 03:24:37,442 alphafold2_ptm_model_2_seed_042 recycle=2 pLDDT=79.1 pTM=0.641 tol=1.28
2026-08-19 03:24:49,930 alphafold2_ptm_model_2_seed_042 recycle=3 pLDDT=79.2 pTM=0.644 tol=1.04
2026-08-19 03:24:49,930 alphafold2_ptm_model_2_seed_042 took 49.8s (3 recycles)
2026-08-19 03:25:02,587 alphafold2_ptm_model_3_seed_042 recycle=0 pLDDT=67.7 pTM=0.508
2026-08-19 03:25:15,197 alphafold2_ptm_model_3_seed_042 recycle=1 pLDDT=84.2 pTM=0.687 tol=2.01
2026-08-19 03:25:41,554 alphafold2_ptm_model_3_seed_042 recycle=2 pLDDT=83.2 pTM=0.67 tol=1.71
2026-08-19 03:25:54,452 alphafold2_ptm_model_3_seed_042 recycle=3 pLDDT=82.3 pTM=0.663 tol=0.633
2026-08-19 03:25:54,452 alphafold2_ptm_model_3_seed_042 took 64.5s (3 recycles)
2026-08-19 03:26:09,665 alphafold2_ptm_model_4_seed_042 recycle=0 pLDDT=70.1 pTM=0.564
2026-08-19 03:26:23,866 alphafold2_ptm_model_4_seed_042 recycle=1 pLDDT=85.6 pTM=0.688 tol=3.92
2026-08-19 03:26:36,448 alphafold2_ptm_model_4_seed_042 recycle=2 pLDDT=86.8 pTM=0.707 tol=0.227
2026-08-19 03:26:48,856 alphafold2_ptm_model_4_seed_042 recycle=3 pLDDT=86.2 pTM=0.703 tol=0.0561
2026-08-19 03:26:48,856 alphafold2_ptm_model_4_seed_042 took 53.0s (3 recycles)
2026-08-19 03:27:01,742 alphafold2_ptm_model_5_seed_042 recycle=0 pLDDT=71.6 pTM=0.565
2026-08-19 03:27:15,492 alphafold2_ptm_model_5_seed_042 recycle=1 pLDDT=86.5 pTM=0.704 tol=2.15
2026-08-19 03:27:28,145 alphafold2_ptm_model_5_seed_042 recycle=2 pLDDT=87.7 pTM=0.702 tol=0.144
2026-08-19 03:27:40,827 alphafold2_ptm_model_5_seed_042 recycle=3 pLDDT=88.4 pTM=0.708 tol=0.0469
2026-08-19 03:27:40,827 alphafold2_ptm_model_5_seed_042 took 51.9s (3 recycles)
2026-08-19 03:27:40,857 reranking models by 'plddt' metric
2026-08-19 03:27:40,857 rank_001_alphafold2_ptm_model_5_seed_042 pLDDT=88.4 pTM=0.708
2026-08-19 03:27:40,859 rank_002_alphafold2_ptm_model_4_seed_042 pLDDT=86.2 pTM=0.703
2026-08-19 03:27:40,861 rank_003_alphafold2_ptm_model_3_seed_042 pLDDT=82.3 pTM=0.663
2026-08-19 03:27:40,863 rank_004_alphafold2_ptm_model_2_seed_042 pLDDT=79.2 pTM=0.644
2026-08-19 03:27:40,864 rank_005_alphafold2_ptm_model_1_seed_042 pLDDT=78.8 pTM=0.611
2026-08-19 03:27:43,094 Query 118/140: design-434_mut-G10E_bias-end (length 108)
2026-08-19 03:27:57,545 alphafold2_ptm_model_1_seed_042 recycle=0 pLDDT=80.1 pTM=0.619
2026-08-19 03:28:10,307 alphafold2_ptm_model_1_seed_042 recycle=1 pLDDT=80.5 pTM=0.626 tol=0.384
2026-08-19 03:28:22,706 alphafold2_ptm_model_1_seed_042 recycle=2 pLDDT=81 pTM=0.625 tol=0.681
2026-08-19 03:28:35,245 alphafold2_ptm_model_1_seed_042 recycle=3 pLDDT=82.1 pTM=0.635 tol=0.753
2026-08-19 03:28:35,245 alphafold2_ptm_model_1_seed_042 took 50.5s (3 recycles)
2026-08-19 03:28:47,884 alphafold2_ptm_model_2_seed_042 recycle=0 pLDDT=79.3 pTM=0.623
2026-08-19 03:29:00,588 alphafold2_ptm_model_2_seed_042 recycle=1 pLDDT=79.6 pTM=0.639 tol=0.421
2026-08-19 03:29:13,207 alphafold2_ptm_model_2_seed_042 recycle=2 pLDDT=80.1 pTM=0.642 tol=1.21
2026-08-19 03:29:25,850 alphafold2_ptm_model_2_seed_042 recycle=3 pLDDT=78.1 pTM=0.614 tol=0.488
2026-08-19 03:29:25,850 alphafold2_ptm_model_2_seed_042 took 50.6s (3 recycles)
2026-08-19 03:29:39,853 alphafold2_ptm_model_3_seed_042 recycle=0 pLDDT=62.6 pTM=0.483
2026-08-19 03:29:52,392 alphafold2_ptm_model_3_seed_042 recycle=1 pLDDT=83.6 pTM=0.65 tol=5.86
2026-08-19 03:30:04,935 alphafold2_ptm_model_3_seed_042 recycle=2 pLDDT=86.7 pTM=0.709 tol=0.308
2026-08-19 03:30:17,670 alphafold2_ptm_model_3_seed_042 recycle=3 pLDDT=86.9 pTM=0.722 tol=0.102
2026-08-19 03:30:17,671 alphafold2_ptm_model_3_seed_042 took 50.5s (3 recycles)
2026-08-19 03:30:30,371 alphafold2_ptm_model_4_seed_042 recycle=0 pLDDT=68.3 pTM=0.547
2026-08-19 03:30:43,038 alphafold2_ptm_model_4_seed_042 recycle=1 pLDDT=82.8 pTM=0.667 tol=2.9
2026-08-19 03:30:55,653 alphafold2_ptm_model_4_seed_042 recycle=2 pLDDT=85.7 pTM=0.701 tol=0.358
2026-08-19 03:31:08,232 alphafold2_ptm_model_4_seed_042 recycle=3 pLDDT=85.6 pTM=0.701 tol=0.141
2026-08-19 03:31:08,232 alphafold2_ptm_model_4_seed_042 took 50.5s (3 recycles)
2026-08-19 03:31:20,817 alphafold2_ptm_model_5_seed_042 recycle=0 pLDDT=63.3 pTM=0.519
2026-08-19 03:31:33,299 alphafold2_ptm_model_5_seed_042 recycle=1 pLDDT=87.2 pTM=0.708 tol=5.82
2026-08-19 03:31:45,921 alphafold2_ptm_model_5_seed_042 recycle=2 pLDDT=88.6 pTM=0.717 tol=0.206
2026-08-19 03:31:58,525 alphafold2_ptm_model_5_seed_042 recycle=3 pLDDT=88.9 pTM=0.719 tol=0.0513
2026-08-19 03:31:58,525 alphafold2_ptm_model_5_seed_042 took 50.3s (3 recycles)
2026-08-19 03:31:58,550 reranking models by 'plddt' metric
2026-08-19 03:31:58,550 rank_001_alphafold2_ptm_model_5_seed_042 pLDDT=88.9 pTM=0.719
2026-08-19 03:31:58,552 rank_002_alphafold2_ptm_model_3_seed_042 pLDDT=86.9 pTM=0.722
2026-08-19 03:31:58,554 rank_003_alphafold2_ptm_model_4_seed_042 pLDDT=85.6 pTM=0.701
2026-08-19 03:31:58,555 rank_004_alphafold2_ptm_model_1_seed_042 pLDDT=82.1 pTM=0.635
2026-08-19 03:31:58,557 rank_005_alphafold2_ptm_model_2_seed_042 pLDDT=78.1 pTM=0.614
2026-08-19 03:32:09,234 Query 119/140: design-434_mut-G10M_bias-end (length 108)
2026-08-19 03:32:23,360 alphafold2_ptm_model_1_seed_042 recycle=0 pLDDT=65 pTM=0.532
2026-08-19 03:32:35,959 alphafold2_ptm_model_1_seed_042 recycle=1 pLDDT=85.2 pTM=0.688 tol=5.12
2026-08-19 03:32:48,532 alphafold2_ptm_model_1_seed_042 recycle=2 pLDDT=86.2 pTM=0.701 tol=0.271
2026-08-19 03:33:01,040 alphafold2_ptm_model_1_seed_042 recycle=3 pLDDT=84.9 pTM=0.691 tol=0.145
2026-08-19 03:33:01,041 alphafold2_ptm_model_1_seed_042 took 50.3s (3 recycles)
2026-08-19 03:33:16,212 alphafold2_ptm_model_2_seed_042 recycle=0 pLDDT=65.6 pTM=0.551
2026-08-19 03:33:28,779 alphafold2_ptm_model_2_seed_042 recycle=1 pLDDT=82.2 pTM=0.647 tol=6.2
2026-08-19 03:33:41,468 alphafold2_ptm_model_2_seed_042 recycle=2 pLDDT=86.2 pTM=0.71 tol=0.327
2026-08-19 03:33:54,036 alphafold2_ptm_model_2_seed_042 recycle=3 pLDDT=84 pTM=0.686 tol=0.161
2026-08-19 03:33:54,036 alphafold2_ptm_model_2_seed_042 took 50.4s (3 recycles)
2026-08-19 03:34:06,764 alphafold2_ptm_model_3_seed_042 recycle=0 pLDDT=66.5 pTM=0.478
2026-08-19 03:34:19,306 alphafold2_ptm_model_3_seed_042 recycle=1 pLDDT=72 pTM=0.514 tol=5.51
2026-08-19 03:34:31,628 alphafold2_ptm_model_3_seed_042 recycle=2 pLDDT=79.1 pTM=0.58 tol=5.75
2026-08-19 03:34:44,244 alphafold2_ptm_model_3_seed_042 recycle=3 pLDDT=85.1 pTM=0.673 tol=0.3
2026-08-19 03:34:44,245 alphafold2_ptm_model_3_seed_042 took 50.2s (3 recycles)
2026-08-19 03:35:09,516 alphafold2_ptm_model_4_seed_042 recycle=0 pLDDT=63.1 pTM=0.495
2026-08-19 03:35:22,189 alphafold2_ptm_model_4_seed_042 recycle=1 pLDDT=89.1 pTM=0.739 tol=5.84
2026-08-19 03:35:34,869 alphafold2_ptm_model_4_seed_042 recycle=2 pLDDT=91.1 pTM=0.785 tol=0.32
2026-08-19 03:35:47,513 alphafold2_ptm_model_4_seed_042 recycle=3 pLDDT=91.4 pTM=0.789 tol=0.0515
2026-08-19 03:35:47,513 alphafold2_ptm_model_4_seed_042 took 50.7s (3 recycles)
2026-08-19 03:36:00,489 alphafold2_ptm_model_5_seed_042 recycle=0 pLDDT=60 pTM=0.509
2026-08-19 03:36:13,060 alphafold2_ptm_model_5_seed_042 recycle=1 pLDDT=63.9 pTM=0.518 tol=3.34
2026-08-19 03:36:25,309 alphafold2_ptm_model_5_seed_042 recycle=2 pLDDT=62.2 pTM=0.509 tol=3.94
2026-08-19 03:36:38,003 alphafold2_ptm_model_5_seed_042 recycle=3 pLDDT=88.1 pTM=0.718 tol=4.81
2026-08-19 03:36:38,003 alphafold2_ptm_model_5_seed_042 took 50.4s (3 recycles)
2026-08-19 03:36:38,489 reranking models by 'plddt' metric
2026-08-19 03:36:38,489 rank_001_alphafold2_ptm_model_4_seed_042 pLDDT=91.4 pTM=0.789
2026-08-19 03:36:38,491 rank_002_alphafold2_ptm_model_5_seed_042 pLDDT=88.1 pTM=0.718
2026-08-19 03:36:38,493 rank_003_alphafold2_ptm_model_3_seed_042 pLDDT=85.1 pTM=0.673
2026-08-19 03:36:38,494 rank_004_alphafold2_ptm_model_1_seed_042 pLDDT=84.9 pTM=0.691
2026-08-19 03:36:38,496 rank_005_alphafold2_ptm_model_2_seed_042 pLDDT=84 pTM=0.686
2026-08-19 03:36:40,660 Query 120/140: design-434_mut-G10L_bias-end (length 108)
2026-08-19 03:36:54,863 alphafold2_ptm_model_1_seed_042 recycle=0 pLDDT=64.6 pTM=0.541
2026-08-19 03:37:22,609 alphafold2_ptm_model_1_seed_042 recycle=1 pLDDT=83.2 pTM=0.67 tol=5.15
2026-08-19 03:37:35,898 alphafold2_ptm_model_1_seed_042 recycle=2 pLDDT=82.2 pTM=0.665 tol=0.514
2026-08-19 03:37:48,442 alphafold2_ptm_model_1_seed_042 recycle=3 pLDDT=82.8 pTM=0.667 tol=0.248
2026-08-19 03:37:48,442 alphafold2_ptm_model_1_seed_042 took 66.4s (3 recycles)
2026-08-19 03:38:00,980 alphafold2_ptm_model_2_seed_042 recycle=0 pLDDT=65.2 pTM=0.553
2026-08-19 03:38:13,609 alphafold2_ptm_model_2_seed_042 recycle=1 pLDDT=78.3 pTM=0.621 tol=6.06
2026-08-19 03:38:26,306 alphafold2_ptm_model_2_seed_042 recycle=2 pLDDT=81.8 pTM=0.664 tol=0.28
2026-08-19 03:38:38,990 alphafold2_ptm_model_2_seed_042 recycle=3 pLDDT=83.2 pTM=0.67 tol=0.108
2026-08-19 03:38:38,991 alphafold2_ptm_model_2_seed_042 took 50.5s (3 recycles)
2026-08-19 03:38:51,757 alphafold2_ptm_model_3_seed_042 recycle=0 pLDDT=66.2 pTM=0.502
2026-08-19 03:39:04,364 alphafold2_ptm_model_3_seed_042 recycle=1 pLDDT=68.1 pTM=0.514 tol=2.57
2026-08-19 03:39:23,721 alphafold2_ptm_model_3_seed_042 recycle=2 pLDDT=86.9 pTM=0.695 tol=5.93
2026-08-19 03:39:36,902 alphafold2_ptm_model_3_seed_042 recycle=3 pLDDT=86.6 pTM=0.696 tol=0.21
2026-08-19 03:39:36,902 alphafold2_ptm_model_3_seed_042 took 57.9s (3 recycles)
2026-08-19 03:39:50,540 alphafold2_ptm_model_4_seed_042 recycle=0 pLDDT=61.8 pTM=0.489
2026-08-19 03:40:03,260 alphafold2_ptm_model_4_seed_042 recycle=1 pLDDT=87.8 pTM=0.72 tol=6.27
2026-08-19 03:40:16,007 alphafold2_ptm_model_4_seed_042 recycle=2 pLDDT=88.9 pTM=0.751 tol=0.327
2026-08-19 03:40:28,785 alphafold2_ptm_model_4_seed_042 recycle=3 pLDDT=88.8 pTM=0.75 tol=0.066
2026-08-19 03:40:28,785 alphafold2_ptm_model_4_seed_042 took 50.9s (3 recycles)
2026-08-19 03:40:59,290 alphafold2_ptm_model_5_seed_042 recycle=0 pLDDT=62.7 pTM=0.546
2026-08-19 03:41:11,817 alphafold2_ptm_model_5_seed_042 recycle=1 pLDDT=60.1 pTM=0.499 tol=4.44
2026-08-19 03:41:24,384 alphafold2_ptm_model_5_seed_042 recycle=2 pLDDT=72.6 pTM=0.548 tol=5.49
2026-08-19 03:41:36,953 alphafold2_ptm_model_5_seed_042 recycle=3 pLDDT=86.4 pTM=0.694 tol=1.12
2026-08-19 03:41:36,953 alphafold2_ptm_model_5_seed_042 took 50.2s (3 recycles)
2026-08-19 03:41:37,037 reranking models by 'plddt' metric
2026-08-19 03:41:37,038 rank_001_alphafold2_ptm_model_4_seed_042 pLDDT=88.8 pTM=0.75
2026-08-19 03:41:37,040 rank_002_alphafold2_ptm_model_3_seed_042 pLDDT=86.6 pTM=0.696
2026-08-19 03:41:37,041 rank_003_alphafold2_ptm_model_5_seed_042 pLDDT=86.4 pTM=0.694
2026-08-19 03:41:37,043 rank_004_alphafold2_ptm_model_2_seed_042 pLDDT=83.2 pTM=0.67
2026-08-19 03:41:37,045 rank_005_alphafold2_ptm_model_1_seed_042 pLDDT=82.8 pTM=0.667
2026-08-19 03:41:46,241 Query 121/140: design-435_mut-I45A_bias-start (length 108)
2026-08-19 03:42:05,375 alphafold2_ptm_model_1_seed_042 recycle=0 pLDDT=61.3 pTM=0.493
2026-08-19 03:42:17,964 alphafold2_ptm_model_1_seed_042 recycle=1 pLDDT=80.4 pTM=0.634 tol=6.3
2026-08-19 03:42:30,076 alphafold2_ptm_model_1_seed_042 recycle=2 pLDDT=86.8 pTM=0.701 tol=1.03
2026-08-19 03:42:42,322 alphafold2_ptm_model_1_seed_042 recycle=3 pLDDT=87.6 pTM=0.708 tol=0.079
2026-08-19 03:42:42,322 alphafold2_ptm_model_1_seed_042 took 49.6s (3 recycles)
2026-08-19 03:42:55,290 alphafold2_ptm_model_2_seed_042 recycle=0 pLDDT=58 pTM=0.49
2026-08-19 03:43:07,654 alphafold2_ptm_model_2_seed_042 recycle=1 pLDDT=88.6 pTM=0.754 tol=6.17
2026-08-19 03:43:20,102 alphafold2_ptm_model_2_seed_042 recycle=2 pLDDT=87.1 pTM=0.725 tol=0.18
2026-08-19 03:43:32,528 alphafold2_ptm_model_2_seed_042 recycle=3 pLDDT=87.8 pTM=0.732 tol=0.103
2026-08-19 03:43:32,528 alphafold2_ptm_model_2_seed_042 took 50.2s (3 recycles)
2026-08-19 03:43:45,124 alphafold2_ptm_model_3_seed_042 recycle=0 pLDDT=61.7 pTM=0.449
2026-08-19 03:43:57,789 alphafold2_ptm_model_3_seed_042 recycle=1 pLDDT=81.2 pTM=0.627 tol=6.33
2026-08-19 03:44:22,430 alphafold2_ptm_model_3_seed_042 recycle=2 pLDDT=83.9 pTM=0.646 tol=1.91
2026-08-19 03:44:34,887 alphafold2_ptm_model_3_seed_042 recycle=3 pLDDT=84.1 pTM=0.67 tol=0.236
2026-08-19 03:44:34,887 alphafold2_ptm_model_3_seed_042 took 62.3s (3 recycles)
2026-08-19 03:45:01,782 alphafold2_ptm_model_4_seed_042 recycle=0 pLDDT=63.1 pTM=0.492
2026-08-19 03:45:14,314 alphafold2_ptm_model_4_seed_042 recycle=1 pLDDT=64.7 pTM=0.558 tol=4.2
2026-08-19 03:45:26,830 alphafold2_ptm_model_4_seed_042 recycle=2 pLDDT=87.2 pTM=0.719 tol=5.45
2026-08-19 03:45:39,215 alphafold2_ptm_model_4_seed_042 recycle=3 pLDDT=87.1 pTM=0.724 tol=0.224
2026-08-19 03:45:39,215 alphafold2_ptm_model_4_seed_042 took 50.1s (3 recycles)
2026-08-19 03:46:24,284 alphafold2_ptm_model_5_seed_042 recycle=0 pLDDT=56.2 pTM=0.451
2026-08-19 03:46:38,010 alphafold2_ptm_model_5_seed_042 recycle=1 pLDDT=82.9 pTM=0.659 tol=6.04
2026-08-19 03:46:51,700 alphafold2_ptm_model_5_seed_042 recycle=2 pLDDT=87.8 pTM=0.698 tol=1.13
2026-08-19 03:47:04,310 alphafold2_ptm_model_5_seed_042 recycle=3 pLDDT=85.6 pTM=0.658 tol=0.331
2026-08-19 03:47:04,311 alphafold2_ptm_model_5_seed_042 took 52.5s (3 recycles)
2026-08-19 03:47:10,765 reranking models by 'plddt' metric
2026-08-19 03:47:10,765 rank_001_alphafold2_ptm_model_2_seed_042 pLDDT=87.8 pTM=0.732
2026-08-19 03:47:10,767 rank_002_alphafold2_ptm_model_1_seed_042 pLDDT=87.6 pTM=0.708
2026-08-19 03:47:10,769 rank_003_alphafold2_ptm_model_4_seed_042 pLDDT=87.1 pTM=0.724
2026-08-19 03:47:10,770 rank_004_alphafold2_ptm_model_5_seed_042 pLDDT=85.6 pTM=0.658
2026-08-19 03:47:10,772 rank_005_alphafold2_ptm_model_3_seed_042 pLDDT=84.1 pTM=0.67
2026-08-19 03:47:17,801 Query 122/140: design-435_mut-Y38V_bias-start (length 108)
2026-08-19 03:47:32,102 alphafold2_ptm_model_1_seed_042 recycle=0 pLDDT=57.7 pTM=0.479
2026-08-19 03:47:44,587 alphafold2_ptm_model_1_seed_042 recycle=1 pLDDT=86.2 pTM=0.707 tol=3.84
2026-08-19 03:47:56,979 alphafold2_ptm_model_1_seed_042 recycle=2 pLDDT=88.8 pTM=0.719 tol=0.365
2026-08-19 03:48:09,490 alphafold2_ptm_model_1_seed_042 recycle=3 pLDDT=88.9 pTM=0.729 tol=0.107
2026-08-19 03:48:09,490 alphafold2_ptm_model_1_seed_042 took 50.3s (3 recycles)
2026-08-19 03:48:22,300 alphafold2_ptm_model_2_seed_042 recycle=0 pLDDT=80.1 pTM=0.645
2026-08-19 03:48:35,168 alphafold2_ptm_model_2_seed_042 recycle=1 pLDDT=86.2 pTM=0.712 tol=1.48
2026-08-19 03:48:47,964 alphafold2_ptm_model_2_seed_042 recycle=2 pLDDT=87.1 pTM=0.715 tol=0.161
2026-08-19 03:49:00,721 alphafold2_ptm_model_2_seed_042 recycle=3 pLDDT=87.3 pTM=0.723 tol=0.0551
2026-08-19 03:49:00,722 alphafold2_ptm_model_2_seed_042 took 51.2s (3 recycles)
2026-08-19 03:49:13,482 alphafold2_ptm_model_3_seed_042 recycle=0 pLDDT=60.9 pTM=0.45
2026-08-19 03:49:26,101 alphafold2_ptm_model_3_seed_042 recycle=1 pLDDT=84.2 pTM=0.65 tol=6.17
2026-08-19 03:49:38,527 alphafold2_ptm_model_3_seed_042 recycle=2 pLDDT=86.5 pTM=0.689 tol=1.36
2026-08-19 03:50:02,962 alphafold2_ptm_model_3_seed_042 recycle=3 pLDDT=86.5 pTM=0.695 tol=0.288
2026-08-19 03:50:02,963 alphafold2_ptm_model_3_seed_042 took 62.2s (3 recycles)
2026-08-19 03:50:16,930 alphafold2_ptm_model_4_seed_042 recycle=0 pLDDT=79.1 pTM=0.647
2026-08-19 03:50:29,868 alphafold2_ptm_model_4_seed_042 recycle=1 pLDDT=86.6 pTM=0.719 tol=1.94
2026-08-19 03:50:42,559 alphafold2_ptm_model_4_seed_042 recycle=2 pLDDT=89.2 pTM=0.74 tol=0.262
2026-08-19 03:50:55,429 alphafold2_ptm_model_4_seed_042 recycle=3 pLDDT=89.4 pTM=0.746 tol=0.0977
2026-08-19 03:50:55,430 alphafold2_ptm_model_4_seed_042 took 52.3s (3 recycles)
2026-08-19 03:51:08,865 alphafold2_ptm_model_5_seed_042 recycle=0 pLDDT=51.8 pTM=0.436
2026-08-19 03:51:21,683 alphafold2_ptm_model_5_seed_042 recycle=1 pLDDT=85.9 pTM=0.691 tol=5.02
2026-08-19 03:51:34,239 alphafold2_ptm_model_5_seed_042 recycle=2 pLDDT=87.2 pTM=0.702 tol=0.408
2026-08-19 03:51:47,040 alphafold2_ptm_model_5_seed_042 recycle=3 pLDDT=87.7 pTM=0.7 tol=0.0923
2026-08-19 03:51:47,040 alphafold2_ptm_model_5_seed_042 took 50.9s (3 recycles)
2026-08-19 03:51:47,080 reranking models by 'plddt' metric
2026-08-19 03:51:47,081 rank_001_alphafold2_ptm_model_4_seed_042 pLDDT=89.4 pTM=0.746
2026-08-19 03:51:47,083 rank_002_alphafold2_ptm_model_1_seed_042 pLDDT=88.9 pTM=0.729
2026-08-19 03:51:47,084 rank_003_alphafold2_ptm_model_5_seed_042 pLDDT=87.7 pTM=0.7
2026-08-19 03:51:47,086 rank_004_alphafold2_ptm_model_2_seed_042 pLDDT=87.3 pTM=0.723
2026-08-19 03:51:47,087 rank_005_alphafold2_ptm_model_3_seed_042 pLDDT=86.5 pTM=0.695
2026-08-19 03:51:56,642 Query 123/140: design-435_mut-A37L_bias-start (length 108)
2026-08-19 03:52:30,507 alphafold2_ptm_model_1_seed_042 recycle=0 pLDDT=85.9 pTM=0.699
2026-08-19 03:52:45,531 alphafold2_ptm_model_1_seed_042 recycle=1 pLDDT=88 pTM=0.726 tol=1.04
2026-08-19 03:52:58,301 alphafold2_ptm_model_1_seed_042 recycle=2 pLDDT=88.2 pTM=0.732 tol=0.317
2026-08-19 03:53:10,869 alphafold2_ptm_model_1_seed_042 recycle=3 pLDDT=88.8 pTM=0.75 tol=0.101
2026-08-19 03:53:10,870 alphafold2_ptm_model_1_seed_042 took 72.8s (3 recycles)
2026-08-19 03:53:26,607 alphafold2_ptm_model_2_seed_042 recycle=0 pLDDT=80.4 pTM=0.643
2026-08-19 03:53:39,412 alphafold2_ptm_model_2_seed_042 recycle=1 pLDDT=89.4 pTM=0.754 tol=1.51
2026-08-19 03:53:52,041 alphafold2_ptm_model_2_seed_042 recycle=2 pLDDT=89.5 pTM=0.766 tol=0.187
2026-08-19 03:54:04,625 alphafold2_ptm_model_2_seed_042 recycle=3 pLDDT=89.3 pTM=0.77 tol=0.124
2026-08-19 03:54:04,625 alphafold2_ptm_model_2_seed_042 took 51.1s (3 recycles)
2026-08-19 03:54:17,116 alphafold2_ptm_model_3_seed_042 recycle=0 pLDDT=83.5 pTM=0.648
2026-08-19 03:54:29,578 alphafold2_ptm_model_3_seed_042 recycle=1 pLDDT=83.7 pTM=0.637 tol=0.669
2026-08-19 03:54:42,222 alphafold2_ptm_model_3_seed_042 recycle=2 pLDDT=85.6 pTM=0.673 tol=1.19
2026-08-19 03:54:54,830 alphafold2_ptm_model_3_seed_042 recycle=3 pLDDT=85.8 pTM=0.672 tol=0.614
2026-08-19 03:54:54,830 alphafold2_ptm_model_3_seed_042 took 50.1s (3 recycles)
2026-08-19 03:55:13,077 alphafold2_ptm_model_4_seed_042 recycle=0 pLDDT=86.9 pTM=0.711
2026-08-19 03:55:25,848 alphafold2_ptm_model_4_seed_042 recycle=1 pLDDT=82.8 pTM=0.654 tol=0.718
2026-08-19 03:55:38,456 alphafold2_ptm_model_4_seed_042 recycle=2 pLDDT=88 pTM=0.722 tol=1.1
2026-08-19 03:55:51,072 alphafold2_ptm_model_4_seed_042 recycle=3 pLDDT=87.6 pTM=0.715 tol=0.226
2026-08-19 03:55:51,072 alphafold2_ptm_model_4_seed_042 took 50.5s (3 recycles)
2026-08-19 03:56:03,710 alphafold2_ptm_model_5_seed_042 recycle=0 pLDDT=84.1 pTM=0.652
2026-08-19 03:56:16,320 alphafold2_ptm_model_5_seed_042 recycle=1 pLDDT=84.2 pTM=0.653 tol=0.72
2026-08-19 03:56:28,967 alphafold2_ptm_model_5_seed_042 recycle=2 pLDDT=86.9 pTM=0.693 tol=1.33
2026-08-19 03:56:41,654 alphafold2_ptm_model_5_seed_042 recycle=3 pLDDT=85.7 pTM=0.674 tol=0.112
2026-08-19 03:56:41,654 alphafold2_ptm_model_5_seed_042 took 50.5s (3 recycles)
2026-08-19 03:56:41,678 reranking models by 'plddt' metric
2026-08-19 03:56:41,678 rank_001_alphafold2_ptm_model_2_seed_042 pLDDT=89.3 pTM=0.77
2026-08-19 03:56:41,680 rank_002_alphafold2_ptm_model_1_seed_042 pLDDT=88.8 pTM=0.75
2026-08-19 03:56:41,682 rank_003_alphafold2_ptm_model_4_seed_042 pLDDT=87.6 pTM=0.715
2026-08-19 03:56:41,683 rank_004_alphafold2_ptm_model_3_seed_042 pLDDT=85.8 pTM=0.672
2026-08-19 03:56:41,685 rank_005_alphafold2_ptm_model_5_seed_042 pLDDT=85.7 pTM=0.674
2026-08-19 03:56:45,460 Query 124/140: design-435_mut-A16L_bias-start (length 108)
2026-08-19 03:57:01,121 alphafold2_ptm_model_1_seed_042 recycle=0 pLDDT=57.6 pTM=0.487
2026-08-19 03:57:13,974 alphafold2_ptm_model_1_seed_042 recycle=1 pLDDT=89.8 pTM=0.751 tol=4.2
2026-08-19 03:57:26,512 alphafold2_ptm_model_1_seed_042 recycle=2 pLDDT=90.6 pTM=0.764 tol=0.434
2026-08-19 03:57:39,057 alphafold2_ptm_model_1_seed_042 recycle=3 pLDDT=90.4 pTM=0.761 tol=0.18
2026-08-19 03:57:39,057 alphafold2_ptm_model_1_seed_042 took 50.5s (3 recycles)
2026-08-19 03:57:51,663 alphafold2_ptm_model_2_seed_042 recycle=0 pLDDT=78.8 pTM=0.631
2026-08-19 03:58:04,247 alphafold2_ptm_model_2_seed_042 recycle=1 pLDDT=90.1 pTM=0.774 tol=1.84
2026-08-19 03:58:16,816 alphafold2_ptm_model_2_seed_042 recycle=2 pLDDT=89.4 pTM=0.767 tol=0.207
2026-08-19 03:58:29,484 alphafold2_ptm_model_2_seed_042 recycle=3 pLDDT=89.2 pTM=0.764 tol=0.0689
2026-08-19 03:58:29,484 alphafold2_ptm_model_2_seed_042 took 50.4s (3 recycles)
2026-08-19 03:58:42,111 alphafold2_ptm_model_3_seed_042 recycle=0 pLDDT=63.2 pTM=0.466
2026-08-19 03:58:54,623 alphafold2_ptm_model_3_seed_042 recycle=1 pLDDT=83 pTM=0.645 tol=6.25
2026-08-19 03:59:07,199 alphafold2_ptm_model_3_seed_042 recycle=2 pLDDT=89.9 pTM=0.771 tol=1.58
2026-08-19 03:59:19,816 alphafold2_ptm_model_3_seed_042 recycle=3 pLDDT=88.1 pTM=0.739 tol=0.563
2026-08-19 03:59:19,816 alphafold2_ptm_model_3_seed_042 took 50.3s (3 recycles)
2026-08-19 03:59:36,923 alphafold2_ptm_model_4_seed_042 recycle=0 pLDDT=77.5 pTM=0.663
2026-08-19 03:59:49,564 alphafold2_ptm_model_4_seed_042 recycle=1 pLDDT=89.1 pTM=0.76 tol=1.55
2026-08-19 04:00:02,324 alphafold2_ptm_model_4_seed_042 recycle=2 pLDDT=90.1 pTM=0.777 tol=0.427
2026-08-19 04:00:14,789 alphafold2_ptm_model_4_seed_042 recycle=3 pLDDT=89.6 pTM=0.77 tol=0.0698
2026-08-19 04:00:14,789 alphafold2_ptm_model_4_seed_042 took 50.7s (3 recycles)
2026-08-19 04:00:27,427 alphafold2_ptm_model_5_seed_042 recycle=0 pLDDT=51.8 pTM=0.432
2026-08-19 04:00:40,011 alphafold2_ptm_model_5_seed_042 recycle=1 pLDDT=90.1 pTM=0.761 tol=6.05
2026-08-19 04:00:52,822 alphafold2_ptm_model_5_seed_042 recycle=2 pLDDT=88.8 pTM=0.733 tol=0.354
2026-08-19 04:01:05,579 alphafold2_ptm_model_5_seed_042 recycle=3 pLDDT=88.9 pTM=0.732 tol=0.0609
2026-08-19 04:01:05,580 alphafold2_ptm_model_5_seed_042 took 50.7s (3 recycles)
2026-08-19 04:01:07,613 reranking models by 'plddt' metric
2026-08-19 04:01:07,613 rank_001_alphafold2_ptm_model_1_seed_042 pLDDT=90.4 pTM=0.761
2026-08-19 04:01:07,614 rank_002_alphafold2_ptm_model_4_seed_042 pLDDT=89.6 pTM=0.77
2026-08-19 04:01:07,616 rank_003_alphafold2_ptm_model_2_seed_042 pLDDT=89.2 pTM=0.764
2026-08-19 04:01:07,618 rank_004_alphafold2_ptm_model_5_seed_042 pLDDT=88.9 pTM=0.732
2026-08-19 04:01:07,619 rank_005_alphafold2_ptm_model_3_seed_042 pLDDT=88.1 pTM=0.739
2026-08-19 04:01:13,293 Query 125/140: design-435_mut-K30L_bias-start (length 108)
2026-08-19 04:01:27,550 alphafold2_ptm_model_1_seed_042 recycle=0 pLDDT=58 pTM=0.481
2026-08-19 04:01:40,466 alphafold2_ptm_model_1_seed_042 recycle=1 pLDDT=84.7 pTM=0.693 tol=5.68
2026-08-19 04:02:07,190 alphafold2_ptm_model_1_seed_042 recycle=2 pLDDT=89.8 pTM=0.753 tol=0.622
2026-08-19 04:02:21,765 alphafold2_ptm_model_1_seed_042 recycle=3 pLDDT=90.2 pTM=0.76 tol=0.134
2026-08-19 04:02:21,765 alphafold2_ptm_model_1_seed_042 took 67.1s (3 recycles)
2026-08-19 04:02:44,360 alphafold2_ptm_model_2_seed_042 recycle=0 pLDDT=83.4 pTM=0.685
2026-08-19 04:02:57,165 alphafold2_ptm_model_2_seed_042 recycle=1 pLDDT=91.1 pTM=0.778 tol=2.17
2026-08-19 04:03:10,205 alphafold2_ptm_model_2_seed_042 recycle=2 pLDDT=90.6 pTM=0.78 tol=0.323
2026-08-19 04:03:23,055 alphafold2_ptm_model_2_seed_042 recycle=3 pLDDT=90.4 pTM=0.783 tol=0.107
2026-08-19 04:03:23,056 alphafold2_ptm_model_2_seed_042 took 53.3s (3 recycles)
2026-08-19 04:03:36,546 alphafold2_ptm_model_3_seed_042 recycle=0 pLDDT=65.2 pTM=0.495
2026-08-19 04:03:53,646 alphafold2_ptm_model_3_seed_042 recycle=1 pLDDT=85.6 pTM=0.69 tol=6.36
2026-08-19 04:04:07,694 alphafold2_ptm_model_3_seed_042 recycle=2 pLDDT=84.2 pTM=0.68 tol=1.37
2026-08-19 04:04:20,816 alphafold2_ptm_model_3_seed_042 recycle=3 pLDDT=85.5 pTM=0.697 tol=1
2026-08-19 04:04:20,817 alphafold2_ptm_model_3_seed_042 took 57.4s (3 recycles)
2026-08-19 04:04:33,787 alphafold2_ptm_model_4_seed_042 recycle=0 pLDDT=80.9 pTM=0.657
2026-08-19 04:04:46,726 alphafold2_ptm_model_4_seed_042 recycle=1 pLDDT=89.3 pTM=0.761 tol=1.3
2026-08-19 04:04:59,309 alphafold2_ptm_model_4_seed_042 recycle=2 pLDDT=89.9 pTM=0.776 tol=0.361
2026-08-19 04:05:12,059 alphafold2_ptm_model_4_seed_042 recycle=3 pLDDT=90 pTM=0.779 tol=0.0611
2026-08-19 04:05:12,059 alphafold2_ptm_model_4_seed_042 took 51.2s (3 recycles)
2026-08-19 04:05:27,670 alphafold2_ptm_model_5_seed_042 recycle=0 pLDDT=85.5 pTM=0.68
2026-08-19 04:05:40,347 alphafold2_ptm_model_5_seed_042 recycle=1 pLDDT=86.1 pTM=0.686 tol=1.52
2026-08-19 04:05:53,083 alphafold2_ptm_model_5_seed_042 recycle=2 pLDDT=88.2 pTM=0.719 tol=1.13
2026-08-19 04:06:05,735 alphafold2_ptm_model_5_seed_042 recycle=3 pLDDT=87.2 pTM=0.708 tol=0.137
2026-08-19 04:06:05,736 alphafold2_ptm_model_5_seed_042 took 50.9s (3 recycles)
2026-08-19 04:06:52,653 reranking models by 'plddt' metric
2026-08-19 04:06:52,653 rank_001_alphafold2_ptm_model_2_seed_042 pLDDT=90.4 pTM=0.783
2026-08-19 04:06:52,657 rank_002_alphafold2_ptm_model_1_seed_042 pLDDT=90.2 pTM=0.76
2026-08-19 04:06:52,658 rank_003_alphafold2_ptm_model_4_seed_042 pLDDT=90 pTM=0.779
2026-08-19 04:06:52,660 rank_004_alphafold2_ptm_model_5_seed_042 pLDDT=87.2 pTM=0.708
2026-08-19 04:06:52,661 rank_005_alphafold2_ptm_model_3_seed_042 pLDDT=85.5 pTM=0.697
2026-08-19 04:06:54,807 Query 126/140: design-435_mut-A37V_bias-start (length 108)
2026-08-19 04:07:08,568 alphafold2_ptm_model_1_seed_042 recycle=0 pLDDT=82.6 pTM=0.678
2026-08-19 04:07:21,176 alphafold2_ptm_model_1_seed_042 recycle=1 pLDDT=89.6 pTM=0.745 tol=1.46
2026-08-19 04:07:33,847 alphafold2_ptm_model_1_seed_042 recycle=2 pLDDT=89.6 pTM=0.751 tol=0.219
2026-08-19 04:07:46,494 alphafold2_ptm_model_1_seed_042 recycle=3 pLDDT=89.8 pTM=0.759 tol=0.0497
2026-08-19 04:07:46,494 alphafold2_ptm_model_1_seed_042 took 50.4s (3 recycles)
2026-08-19 04:07:59,161 alphafold2_ptm_model_2_seed_042 recycle=0 pLDDT=79.8 pTM=0.634
2026-08-19 04:08:11,846 alphafold2_ptm_model_2_seed_042 recycle=1 pLDDT=90.6 pTM=0.774 tol=1.58
2026-08-19 04:08:24,389 alphafold2_ptm_model_2_seed_042 recycle=2 pLDDT=90.4 pTM=0.774 tol=0.18
2026-08-19 04:08:36,907 alphafold2_ptm_model_2_seed_042 recycle=3 pLDDT=90.3 pTM=0.782 tol=0.105
2026-08-19 04:08:36,907 alphafold2_ptm_model_2_seed_042 took 50.3s (3 recycles)
2026-08-19 04:08:52,016 alphafold2_ptm_model_3_seed_042 recycle=0 pLDDT=69.2 pTM=0.507
2026-08-19 04:09:04,745 alphafold2_ptm_model_3_seed_042 recycle=1 pLDDT=87.9 pTM=0.723 tol=2.08
2026-08-19 04:09:17,307 alphafold2_ptm_model_3_seed_042 recycle=2 pLDDT=86.8 pTM=0.708 tol=0.366
2026-08-19 04:09:29,997 alphafold2_ptm_model_3_seed_042 recycle=3 pLDDT=87.5 pTM=0.721 tol=0.132
2026-08-19 04:09:29,998 alphafold2_ptm_model_3_seed_042 took 50.6s (3 recycles)
2026-08-19 04:09:42,709 alphafold2_ptm_model_4_seed_042 recycle=0 pLDDT=87.8 pTM=0.721
2026-08-19 04:09:55,382 alphafold2_ptm_model_4_seed_042 recycle=1 pLDDT=86 pTM=0.708 tol=0.475
2026-08-19 04:10:07,932 alphafold2_ptm_model_4_seed_042 recycle=2 pLDDT=90.4 pTM=0.765 tol=1.11
2026-08-19 04:10:20,516 alphafold2_ptm_model_4_seed_042 recycle=3 pLDDT=90.3 pTM=0.768 tol=0.124
2026-08-19 04:10:20,516 alphafold2_ptm_model_4_seed_042 took 50.5s (3 recycles)
2026-08-19 04:10:53,380 alphafold2_ptm_model_5_seed_042 recycle=0 pLDDT=85.5 pTM=0.676
2026-08-19 04:11:28,643 alphafold2_ptm_model_5_seed_042 recycle=1 pLDDT=85.8 pTM=0.677 tol=0.512
2026-08-19 04:11:43,513 alphafold2_ptm_model_5_seed_042 recycle=2 pLDDT=87.4 pTM=0.707 tol=1.27
2026-08-19 04:11:57,640 alphafold2_ptm_model_5_seed_042 recycle=3 pLDDT=86.5 pTM=0.69 tol=0.135
2026-08-19 04:11:57,640 alphafold2_ptm_model_5_seed_042 took 97.0s (3 recycles)
2026-08-19 04:11:57,837 reranking models by 'plddt' metric
2026-08-19 04:11:57,837 rank_001_alphafold2_ptm_model_4_seed_042 pLDDT=90.3 pTM=0.768
2026-08-19 04:11:57,839 rank_002_alphafold2_ptm_model_2_seed_042 pLDDT=90.3 pTM=0.782
2026-08-19 04:11:57,841 rank_003_alphafold2_ptm_model_1_seed_042 pLDDT=89.8 pTM=0.759
2026-08-19 04:11:57,842 rank_004_alphafold2_ptm_model_3_seed_042 pLDDT=87.5 pTM=0.721
2026-08-19 04:11:57,844 rank_005_alphafold2_ptm_model_5_seed_042 pLDDT=86.5 pTM=0.69
2026-08-19 04:11:59,938 Query 127/140: design-435_mut-A37I_bias-start (length 108)
2026-08-19 04:12:14,185 alphafold2_ptm_model_1_seed_042 recycle=0 pLDDT=86.2 pTM=0.701
2026-08-19 04:12:27,114 alphafold2_ptm_model_1_seed_042 recycle=1 pLDDT=87.1 pTM=0.714 tol=1.08
2026-08-19 04:12:39,820 alphafold2_ptm_model_1_seed_042 recycle=2 pLDDT=88 pTM=0.725 tol=0.403
2026-08-19 04:12:52,665 alphafold2_ptm_model_1_seed_042 recycle=3 pLDDT=88.7 pTM=0.747 tol=0.164
2026-08-19 04:12:52,665 alphafold2_ptm_model_1_seed_042 took 51.4s (3 recycles)
2026-08-19 04:13:05,685 alphafold2_ptm_model_2_seed_042 recycle=0 pLDDT=79.9 pTM=0.645
2026-08-19 04:13:18,175 alphafold2_ptm_model_2_seed_042 recycle=1 pLDDT=89.9 pTM=0.764 tol=1.52
2026-08-19 04:13:30,642 alphafold2_ptm_model_2_seed_042 recycle=2 pLDDT=90 pTM=0.777 tol=0.202
2026-08-19 04:13:43,154 alphafold2_ptm_model_2_seed_042 recycle=3 pLDDT=89.9 pTM=0.783 tol=0.145
2026-08-19 04:13:43,154 alphafold2_ptm_model_2_seed_042 took 50.3s (3 recycles)
2026-08-19 04:13:55,790 alphafold2_ptm_model_3_seed_042 recycle=0 pLDDT=80.8 pTM=0.624
2026-08-19 04:14:08,270 alphafold2_ptm_model_3_seed_042 recycle=1 pLDDT=83.2 pTM=0.627 tol=0.769
2026-08-19 04:14:20,717 alphafold2_ptm_model_3_seed_042 recycle=2 pLDDT=85.8 pTM=0.68 tol=1.26
2026-08-19 04:14:33,070 alphafold2_ptm_model_3_seed_042 recycle=3 pLDDT=86.4 pTM=0.688 tol=0.358
2026-08-19 04:14:33,070 alphafold2_ptm_model_3_seed_042 took 49.9s (3 recycles)
2026-08-19 04:14:46,702 alphafold2_ptm_model_4_seed_042 recycle=0 pLDDT=86.6 pTM=0.706
2026-08-19 04:14:59,008 alphafold2_ptm_model_4_seed_042 recycle=1 pLDDT=83.8 pTM=0.67 tol=0.51
2026-08-19 04:15:11,364 alphafold2_ptm_model_4_seed_042 recycle=2 pLDDT=87.5 pTM=0.721 tol=1.09
2026-08-19 04:15:23,731 alphafold2_ptm_model_4_seed_042 recycle=3 pLDDT=88.9 pTM=0.74 tol=0.24
2026-08-19 04:15:23,732 alphafold2_ptm_model_4_seed_042 took 49.4s (3 recycles)
2026-08-19 04:15:36,585 alphafold2_ptm_model_5_seed_042 recycle=0 pLDDT=85 pTM=0.667
2026-08-19 04:15:48,955 alphafold2_ptm_model_5_seed_042 recycle=1 pLDDT=84.8 pTM=0.66 tol=0.388
2026-08-19 04:16:01,462 alphafold2_ptm_model_5_seed_042 recycle=2 pLDDT=85.6 pTM=0.671 tol=1.21
2026-08-19 04:16:14,058 alphafold2_ptm_model_5_seed_042 recycle=3 pLDDT=86.1 pTM=0.675 tol=0.231
2026-08-19 04:16:14,058 alphafold2_ptm_model_5_seed_042 took 49.9s (3 recycles)
2026-08-19 04:16:31,052 reranking models by 'plddt' metric
2026-08-19 04:16:31,052 rank_001_alphafold2_ptm_model_2_seed_042 pLDDT=89.9 pTM=0.783
2026-08-19 04:16:31,060 rank_002_alphafold2_ptm_model_4_seed_042 pLDDT=88.9 pTM=0.74
2026-08-19 04:16:31,181 rank_003_alphafold2_ptm_model_1_seed_042 pLDDT=88.7 pTM=0.747
2026-08-19 04:16:31,190 rank_004_alphafold2_ptm_model_3_seed_042 pLDDT=86.4 pTM=0.688
2026-08-19 04:16:31,218 rank_005_alphafold2_ptm_model_5_seed_042 pLDDT=86.1 pTM=0.675
2026-08-19 04:16:36,707 Query 128/140: design-435_mut-I45S_bias-start (length 108)
2026-08-19 04:16:50,625 alphafold2_ptm_model_1_seed_042 recycle=0 pLDDT=62.4 pTM=0.501
2026-08-19 04:17:03,133 alphafold2_ptm_model_1_seed_042 recycle=1 pLDDT=82.9 pTM=0.676 tol=6.39
2026-08-19 04:17:15,631 alphafold2_ptm_model_1_seed_042 recycle=2 pLDDT=81.6 pTM=0.655 tol=1.26
2026-08-19 04:17:28,111 alphafold2_ptm_model_1_seed_042 recycle=3 pLDDT=86.8 pTM=0.706 tol=0.568
2026-08-19 04:17:28,112 alphafold2_ptm_model_1_seed_042 took 50.0s (3 recycles)
2026-08-19 04:17:40,591 alphafold2_ptm_model_2_seed_042 recycle=0 pLDDT=62 pTM=0.506
2026-08-19 04:17:52,967 alphafold2_ptm_model_2_seed_042 recycle=1 pLDDT=87.6 pTM=0.746 tol=6.55
2026-08-19 04:18:05,478 alphafold2_ptm_model_2_seed_042 recycle=2 pLDDT=87.1 pTM=0.731 tol=0.224
2026-08-19 04:18:17,883 alphafold2_ptm_model_2_seed_042 recycle=3 pLDDT=87.6 pTM=0.735 tol=0.067
2026-08-19 04:18:17,883 alphafold2_ptm_model_2_seed_042 took 49.7s (3 recycles)
2026-08-19 04:18:32,958 alphafold2_ptm_model_3_seed_042 recycle=0 pLDDT=61.2 pTM=0.453
2026-08-19 04:18:45,358 alphafold2_ptm_model_3_seed_042 recycle=1 pLDDT=80.8 pTM=0.633 tol=6.44
2026-08-19 04:18:57,760 alphafold2_ptm_model_3_seed_042 recycle=2 pLDDT=81.8 pTM=0.631 tol=0.867
2026-08-19 04:19:10,143 alphafold2_ptm_model_3_seed_042 recycle=3 pLDDT=81.9 pTM=0.642 tol=0.816
2026-08-19 04:19:10,143 alphafold2_ptm_model_3_seed_042 took 49.7s (3 recycles)
2026-08-19 04:19:22,665 alphafold2_ptm_model_4_seed_042 recycle=0 pLDDT=59.9 pTM=0.483
2026-08-19 04:19:35,153 alphafold2_ptm_model_4_seed_042 recycle=1 pLDDT=86.5 pTM=0.711 tol=2.74
2026-08-19 04:19:47,681 alphafold2_ptm_model_4_seed_042 recycle=2 pLDDT=86.3 pTM=0.708 tol=0.165
2026-08-19 04:20:00,220 alphafold2_ptm_model_4_seed_042 recycle=3 pLDDT=85.8 pTM=0.703 tol=0.08
2026-08-19 04:20:00,220 alphafold2_ptm_model_4_seed_042 took 50.0s (3 recycles)
2026-08-19 04:20:17,417 alphafold2_ptm_model_5_seed_042 recycle=0 pLDDT=55.8 pTM=0.457
2026-08-19 04:20:29,868 alphafold2_ptm_model_5_seed_042 recycle=1 pLDDT=83.1 pTM=0.647 tol=6.23
2026-08-19 04:20:42,371 alphafold2_ptm_model_5_seed_042 recycle=2 pLDDT=83.6 pTM=0.658 tol=0.894
2026-08-19 04:20:54,906 alphafold2_ptm_model_5_seed_042 recycle=3 pLDDT=84.1 pTM=0.661 tol=0.188
2026-08-19 04:20:54,907 alphafold2_ptm_model_5_seed_042 took 50.0s (3 recycles)
2026-08-19 04:20:54,943 reranking models by 'plddt' metric
2026-08-19 04:20:54,943 rank_001_alphafold2_ptm_model_2_seed_042 pLDDT=87.6 pTM=0.735
2026-08-19 04:20:54,945 rank_002_alphafold2_ptm_model_1_seed_042 pLDDT=86.8 pTM=0.706
2026-08-19 04:20:54,946 rank_003_alphafold2_ptm_model_4_seed_042 pLDDT=85.8 pTM=0.703
2026-08-19 04:20:54,948 rank_004_alphafold2_ptm_model_5_seed_042 pLDDT=84.1 pTM=0.661
2026-08-19 04:20:54,949 rank_005_alphafold2_ptm_model_3_seed_042 pLDDT=81.9 pTM=0.642
2026-08-19 04:20:57,004 Query 129/140: design-435_mut-A37F_bias-start (length 108)
2026-08-19 04:21:10,779 alphafold2_ptm_model_1_seed_042 recycle=0 pLDDT=61.2 pTM=0.494
2026-08-19 04:21:23,204 alphafold2_ptm_model_1_seed_042 recycle=1 pLDDT=80.4 pTM=0.629 tol=5.39
2026-08-19 04:21:35,757 alphafold2_ptm_model_1_seed_042 recycle=2 pLDDT=87.1 pTM=0.705 tol=0.804
2026-08-19 04:21:48,329 alphafold2_ptm_model_1_seed_042 recycle=3 pLDDT=85.9 pTM=0.681 tol=0.229
2026-08-19 04:21:48,330 alphafold2_ptm_model_1_seed_042 took 50.0s (3 recycles)
2026-08-19 04:22:00,812 alphafold2_ptm_model_2_seed_042 recycle=0 pLDDT=61.1 pTM=0.514
2026-08-19 04:22:13,478 alphafold2_ptm_model_2_seed_042 recycle=1 pLDDT=85.2 pTM=0.696 tol=2.85
2026-08-19 04:22:25,823 alphafold2_ptm_model_2_seed_042 recycle=2 pLDDT=87.8 pTM=0.728 tol=0.6
2026-08-19 04:22:38,202 alphafold2_ptm_model_2_seed_042 recycle=3 pLDDT=87.9 pTM=0.726 tol=0.197
2026-08-19 04:22:38,202 alphafold2_ptm_model_2_seed_042 took 49.8s (3 recycles)
2026-08-19 04:22:50,812 alphafold2_ptm_model_3_seed_042 recycle=0 pLDDT=60.3 pTM=0.45
2026-08-19 04:23:03,358 alphafold2_ptm_model_3_seed_042 recycle=1 pLDDT=83.2 pTM=0.623 tol=6.42
2026-08-19 04:23:16,395 alphafold2_ptm_model_3_seed_042 recycle=2 pLDDT=84.3 pTM=0.66 tol=0.437
2026-08-19 04:23:29,362 alphafold2_ptm_model_3_seed_042 recycle=3 pLDDT=85.2 pTM=0.678 tol=0.451
2026-08-19 04:23:29,363 alphafold2_ptm_model_3_seed_042 took 51.1s (3 recycles)
2026-08-19 04:23:42,279 alphafold2_ptm_model_4_seed_042 recycle=0 pLDDT=69.4 pTM=0.528
2026-08-19 04:23:54,901 alphafold2_ptm_model_4_seed_042 recycle=1 pLDDT=68.3 pTM=0.532 tol=1.49
2026-08-19 04:24:17,550 alphafold2_ptm_model_4_seed_042 recycle=2 pLDDT=82.4 pTM=0.643 tol=6.16
2026-08-19 04:24:47,723 alphafold2_ptm_model_4_seed_042 recycle=3 pLDDT=82.4 pTM=0.646 tol=0.867
2026-08-19 04:24:47,723 alphafold2_ptm_model_4_seed_042 took 78.3s (3 recycles)
2026-08-19 04:25:00,863 alphafold2_ptm_model_5_seed_042 recycle=0 pLDDT=53.7 pTM=0.441
2026-08-19 04:25:14,842 alphafold2_ptm_model_5_seed_042 recycle=1 pLDDT=84.1 pTM=0.649 tol=6.36
2026-08-19 04:25:28,550 alphafold2_ptm_model_5_seed_042 recycle=2 pLDDT=84.8 pTM=0.654 tol=0.334
2026-08-19 04:25:41,856 alphafold2_ptm_model_5_seed_042 recycle=3 pLDDT=85.6 pTM=0.662 tol=0.0581
2026-08-19 04:25:41,856 alphafold2_ptm_model_5_seed_042 took 54.0s (3 recycles)
2026-08-19 04:25:42,025 reranking models by 'plddt' metric
2026-08-19 04:25:42,025 rank_001_alphafold2_ptm_model_2_seed_042 pLDDT=87.9 pTM=0.726
2026-08-19 04:25:42,027 rank_002_alphafold2_ptm_model_1_seed_042 pLDDT=85.9 pTM=0.681
2026-08-19 04:25:42,029 rank_003_alphafold2_ptm_model_5_seed_042 pLDDT=85.6 pTM=0.662
2026-08-19 04:25:42,030 rank_004_alphafold2_ptm_model_3_seed_042 pLDDT=85.2 pTM=0.678
2026-08-19 04:25:42,032 rank_005_alphafold2_ptm_model_4_seed_042 pLDDT=82.4 pTM=0.646
2026-08-19 04:25:44,244 Query 130/140: design-435_mut-Y38L_bias-start (length 108)
2026-08-19 04:25:58,482 alphafold2_ptm_model_1_seed_042 recycle=0 pLDDT=58.2 pTM=0.479
2026-08-19 04:26:11,833 alphafold2_ptm_model_1_seed_042 recycle=1 pLDDT=82.2 pTM=0.662 tol=5.98
2026-08-19 04:26:24,513 alphafold2_ptm_model_1_seed_042 recycle=2 pLDDT=88.9 pTM=0.723 tol=0.428
2026-08-19 04:26:38,385 alphafold2_ptm_model_1_seed_042 recycle=3 pLDDT=89.4 pTM=0.734 tol=0.188
2026-08-19 04:26:38,386 alphafold2_ptm_model_1_seed_042 took 52.8s (3 recycles)
2026-08-19 04:26:55,981 alphafold2_ptm_model_2_seed_042 recycle=0 pLDDT=80.1 pTM=0.651
2026-08-19 04:27:12,561 alphafold2_ptm_model_2_seed_042 recycle=1 pLDDT=88.2 pTM=0.74 tol=1.67
2026-08-19 04:27:25,096 alphafold2_ptm_model_2_seed_042 recycle=2 pLDDT=89.4 pTM=0.751 tol=0.141
2026-08-19 04:27:37,562 alphafold2_ptm_model_2_seed_042 recycle=3 pLDDT=89.3 pTM=0.753 tol=0.0711
2026-08-19 04:27:37,562 alphafold2_ptm_model_2_seed_042 took 59.1s (3 recycles)
2026-08-19 04:27:50,530 alphafold2_ptm_model_3_seed_042 recycle=0 pLDDT=61 pTM=0.445
2026-08-19 04:28:03,319 alphafold2_ptm_model_3_seed_042 recycle=1 pLDDT=82.8 pTM=0.646 tol=6.5
2026-08-19 04:28:15,982 alphafold2_ptm_model_3_seed_042 recycle=2 pLDDT=84.9 pTM=0.666 tol=1.11
2026-08-19 04:28:29,023 alphafold2_ptm_model_3_seed_042 recycle=3 pLDDT=83.2 pTM=0.65 tol=0.561
2026-08-19 04:28:29,024 alphafold2_ptm_model_3_seed_042 took 51.4s (3 recycles)
2026-08-19 04:28:41,628 alphafold2_ptm_model_4_seed_042 recycle=0 pLDDT=80.1 pTM=0.656
2026-08-19 04:28:54,327 alphafold2_ptm_model_4_seed_042 recycle=1 pLDDT=87.5 pTM=0.721 tol=1.87
2026-08-19 04:29:06,817 alphafold2_ptm_model_4_seed_042 recycle=2 pLDDT=89.8 pTM=0.75 tol=0.32
2026-08-19 04:29:19,697 alphafold2_ptm_model_4_seed_042 recycle=3 pLDDT=89.7 pTM=0.746 tol=0.075
2026-08-19 04:29:19,698 alphafold2_ptm_model_4_seed_042 took 50.6s (3 recycles)
2026-08-19 04:29:32,909 alphafold2_ptm_model_5_seed_042 recycle=0 pLDDT=55 pTM=0.451
2026-08-19 04:29:45,444 alphafold2_ptm_model_5_seed_042 recycle=1 pLDDT=81.9 pTM=0.656 tol=6.32
2026-08-19 04:29:58,184 alphafold2_ptm_model_5_seed_042 recycle=2 pLDDT=87.3 pTM=0.699 tol=0.528
2026-08-19 04:30:11,024 alphafold2_ptm_model_5_seed_042 recycle=3 pLDDT=88 pTM=0.71 tol=0.0697
2026-08-19 04:30:11,024 alphafold2_ptm_model_5_seed_042 took 51.2s (3 recycles)
2026-08-19 04:30:20,099 reranking models by 'plddt' metric
2026-08-19 04:30:20,100 rank_001_alphafold2_ptm_model_4_seed_042 pLDDT=89.7 pTM=0.746
2026-08-19 04:30:20,103 rank_002_alphafold2_ptm_model_1_seed_042 pLDDT=89.4 pTM=0.734
2026-08-19 04:30:20,105 rank_003_alphafold2_ptm_model_2_seed_042 pLDDT=89.3 pTM=0.753
2026-08-19 04:30:20,107 rank_004_alphafold2_ptm_model_5_seed_042 pLDDT=88 pTM=0.71
2026-08-19 04:30:20,109 rank_005_alphafold2_ptm_model_3_seed_042 pLDDT=83.2 pTM=0.65
2026-08-19 04:30:22,567 Query 131/140: design-435_mut-G10Y_bias-end (length 108)
2026-08-19 04:30:36,813 alphafold2_ptm_model_1_seed_042 recycle=0 pLDDT=65.2 pTM=0.519
2026-08-19 04:30:49,429 alphafold2_ptm_model_1_seed_042 recycle=1 pLDDT=83.1 pTM=0.671 tol=5.85
2026-08-19 04:31:02,246 alphafold2_ptm_model_1_seed_042 recycle=2 pLDDT=90.6 pTM=0.771 tol=0.523
2026-08-19 04:31:15,038 alphafold2_ptm_model_1_seed_042 recycle=3 pLDDT=90.3 pTM=0.774 tol=0.0832
2026-08-19 04:31:15,038 alphafold2_ptm_model_1_seed_042 took 51.1s (3 recycles)
2026-08-19 04:31:27,890 alphafold2_ptm_model_2_seed_042 recycle=0 pLDDT=62.3 pTM=0.537
2026-08-19 04:31:40,466 alphafold2_ptm_model_2_seed_042 recycle=1 pLDDT=86.1 pTM=0.718 tol=4.14
2026-08-19 04:31:53,034 alphafold2_ptm_model_2_seed_042 recycle=2 pLDDT=91 pTM=0.792 tol=0.439
2026-08-19 04:32:05,422 alphafold2_ptm_model_2_seed_042 recycle=3 pLDDT=90.7 pTM=0.797 tol=0.111
2026-08-19 04:32:05,422 alphafold2_ptm_model_2_seed_042 took 50.4s (3 recycles)
2026-08-19 04:32:17,872 alphafold2_ptm_model_3_seed_042 recycle=0 pLDDT=66.8 pTM=0.509
2026-08-19 04:32:30,427 alphafold2_ptm_model_3_seed_042 recycle=1 pLDDT=83.8 pTM=0.672 tol=2.43
2026-08-19 04:32:42,931 alphafold2_ptm_model_3_seed_042 recycle=2 pLDDT=88.6 pTM=0.753 tol=0.758
2026-08-19 04:32:55,614 alphafold2_ptm_model_3_seed_042 recycle=3 pLDDT=88.2 pTM=0.753 tol=0.165
2026-08-19 04:32:55,614 alphafold2_ptm_model_3_seed_042 took 50.2s (3 recycles)
2026-08-19 04:33:20,704 alphafold2_ptm_model_4_seed_042 recycle=0 pLDDT=78.1 pTM=0.672
2026-08-19 04:33:33,830 alphafold2_ptm_model_4_seed_042 recycle=1 pLDDT=90.6 pTM=0.777 tol=1.65
2026-08-19 04:33:48,344 alphafold2_ptm_model_4_seed_042 recycle=2 pLDDT=90.5 pTM=0.786 tol=0.26
2026-08-19 04:34:02,817 alphafold2_ptm_model_4_seed_042 recycle=3 pLDDT=90.3 pTM=0.784 tol=0.0684
2026-08-19 04:34:02,818 alphafold2_ptm_model_4_seed_042 took 54.8s (3 recycles)
2026-08-19 04:34:17,617 alphafold2_ptm_model_5_seed_042 recycle=0 pLDDT=57 pTM=0.456
2026-08-19 04:34:32,201 alphafold2_ptm_model_5_seed_042 recycle=1 pLDDT=89 pTM=0.753 tol=6.07
2026-08-19 04:34:47,023 alphafold2_ptm_model_5_seed_042 recycle=2 pLDDT=89.6 pTM=0.763 tol=0.325
2026-08-19 04:35:01,693 alphafold2_ptm_model_5_seed_042 recycle=3 pLDDT=89.6 pTM=0.761 tol=0.0704
2026-08-19 04:35:01,694 alphafold2_ptm_model_5_seed_042 took 58.6s (3 recycles)
2026-08-19 04:35:01,752 reranking models by 'plddt' metric
2026-08-19 04:35:01,752 rank_001_alphafold2_ptm_model_2_seed_042 pLDDT=90.7 pTM=0.797
2026-08-19 04:35:01,755 rank_002_alphafold2_ptm_model_4_seed_042 pLDDT=90.3 pTM=0.784
2026-08-19 04:35:01,757 rank_003_alphafold2_ptm_model_1_seed_042 pLDDT=90.3 pTM=0.774
2026-08-19 04:35:01,758 rank_004_alphafold2_ptm_model_5_seed_042 pLDDT=89.6 pTM=0.761
2026-08-19 04:35:01,760 rank_005_alphafold2_ptm_model_3_seed_042 pLDDT=88.2 pTM=0.753
2026-08-19 04:35:10,666 Query 132/140: design-435_mut-G10C_bias-end (length 108)
2026-08-19 04:35:26,126 alphafold2_ptm_model_1_seed_042 recycle=0 pLDDT=59.4 pTM=0.487
2026-08-19 04:35:40,531 alphafold2_ptm_model_1_seed_042 recycle=1 pLDDT=85.4 pTM=0.685 tol=6.77
2026-08-19 04:35:55,680 alphafold2_ptm_model_1_seed_042 recycle=2 pLDDT=87.4 pTM=0.715 tol=1.56
2026-08-19 04:36:10,171 alphafold2_ptm_model_1_seed_042 recycle=3 pLDDT=89.9 pTM=0.747 tol=0.23
2026-08-19 04:36:10,171 alphafold2_ptm_model_1_seed_042 took 58.0s (3 recycles)
2026-08-19 04:36:25,762 alphafold2_ptm_model_2_seed_042 recycle=0 pLDDT=78.9 pTM=0.631
2026-08-19 04:36:39,590 alphafold2_ptm_model_2_seed_042 recycle=1 pLDDT=89.4 pTM=0.76 tol=1.82
2026-08-19 04:36:53,178 alphafold2_ptm_model_2_seed_042 recycle=2 pLDDT=90.4 pTM=0.78 tol=0.184
2026-08-19 04:37:07,785 alphafold2_ptm_model_2_seed_042 recycle=3 pLDDT=90.4 pTM=0.785 tol=0.0632
2026-08-19 04:37:07,786 alphafold2_ptm_model_2_seed_042 took 56.5s (3 recycles)
2026-08-19 04:37:22,050 alphafold2_ptm_model_3_seed_042 recycle=0 pLDDT=70.3 pTM=0.547
2026-08-19 04:37:37,061 alphafold2_ptm_model_3_seed_042 recycle=1 pLDDT=62.9 pTM=0.488 tol=4.71
2026-08-19 04:37:51,031 alphafold2_ptm_model_3_seed_042 recycle=2 pLDDT=83.3 pTM=0.666 tol=6.46
2026-08-19 04:38:05,271 alphafold2_ptm_model_3_seed_042 recycle=3 pLDDT=86.2 pTM=0.713 tol=1.5
2026-08-19 04:38:05,271 alphafold2_ptm_model_3_seed_042 took 57.4s (3 recycles)
2026-08-19 04:38:19,766 alphafold2_ptm_model_4_seed_042 recycle=0 pLDDT=77.3 pTM=0.666
2026-08-19 04:38:34,518 alphafold2_ptm_model_4_seed_042 recycle=1 pLDDT=81.1 pTM=0.719 tol=1.79
2026-08-19 04:38:48,593 alphafold2_ptm_model_4_seed_042 recycle=2 pLDDT=82.4 pTM=0.734 tol=0.711
2026-08-19 04:39:02,171 alphafold2_ptm_model_4_seed_042 recycle=3 pLDDT=81.4 pTM=0.722 tol=0.56
2026-08-19 04:39:02,172 alphafold2_ptm_model_4_seed_042 took 56.9s (3 recycles)
2026-08-19 04:39:15,827 alphafold2_ptm_model_5_seed_042 recycle=0 pLDDT=61.9 pTM=0.502
2026-08-19 04:39:29,202 alphafold2_ptm_model_5_seed_042 recycle=1 pLDDT=83.2 pTM=0.663 tol=6.36
2026-08-19 04:39:42,077 alphafold2_ptm_model_5_seed_042 recycle=2 pLDDT=82.5 pTM=0.653 tol=1.27
2026-08-19 04:39:55,435 alphafold2_ptm_model_5_seed_042 recycle=3 pLDDT=87.6 pTM=0.71 tol=1.22
2026-08-19 04:39:55,435 alphafold2_ptm_model_5_seed_042 took 53.2s (3 recycles)
2026-08-19 04:39:55,490 reranking models by 'plddt' metric
2026-08-19 04:39:55,491 rank_001_alphafold2_ptm_model_2_seed_042 pLDDT=90.4 pTM=0.785
2026-08-19 04:39:55,492 rank_002_alphafold2_ptm_model_1_seed_042 pLDDT=89.9 pTM=0.747
2026-08-19 04:39:55,494 rank_003_alphafold2_ptm_model_5_seed_042 pLDDT=87.6 pTM=0.71
2026-08-19 04:39:55,496 rank_004_alphafold2_ptm_model_3_seed_042 pLDDT=86.2 pTM=0.713
2026-08-19 04:39:55,497 rank_005_alphafold2_ptm_model_4_seed_042 pLDDT=81.4 pTM=0.722
2026-08-19 04:39:57,867 Query 133/140: design-435_mut-G10D_bias-end (length 108)
2026-08-19 04:40:16,075 alphafold2_ptm_model_1_seed_042 recycle=0 pLDDT=67.2 pTM=0.525
2026-08-19 04:40:29,613 alphafold2_ptm_model_1_seed_042 recycle=1 pLDDT=84.7 pTM=0.681 tol=2.17
2026-08-19 04:40:43,377 alphafold2_ptm_model_1_seed_042 recycle=2 pLDDT=87.8 pTM=0.727 tol=0.23
2026-08-19 04:40:58,226 alphafold2_ptm_model_1_seed_042 recycle=3 pLDDT=87.9 pTM=0.732 tol=0.0859
2026-08-19 04:40:58,226 alphafold2_ptm_model_1_seed_042 took 56.3s (3 recycles)
2026-08-19 04:41:12,623 alphafold2_ptm_model_2_seed_042 recycle=0 pLDDT=80.4 pTM=0.648
2026-08-19 04:41:26,614 alphafold2_ptm_model_2_seed_042 recycle=1 pLDDT=79.7 pTM=0.642 tol=1.41
2026-08-19 04:41:40,198 alphafold2_ptm_model_2_seed_042 recycle=2 pLDDT=86.9 pTM=0.737 tol=1.07
2026-08-19 04:41:53,890 alphafold2_ptm_model_2_seed_042 recycle=3 pLDDT=87.2 pTM=0.747 tol=0.366
2026-08-19 04:41:53,890 alphafold2_ptm_model_2_seed_042 took 55.6s (3 recycles)
2026-08-19 04:42:08,138 alphafold2_ptm_model_3_seed_042 recycle=0 pLDDT=77 pTM=0.568
2026-08-19 04:42:22,886 alphafold2_ptm_model_3_seed_042 recycle=1 pLDDT=82.3 pTM=0.651 tol=1.34
2026-08-19 04:42:37,951 alphafold2_ptm_model_3_seed_042 recycle=2 pLDDT=82.7 pTM=0.654 tol=0.317
2026-08-19 04:42:52,189 alphafold2_ptm_model_3_seed_042 recycle=3 pLDDT=83.4 pTM=0.672 tol=0.42
2026-08-19 04:42:52,189 alphafold2_ptm_model_3_seed_042 took 58.3s (3 recycles)
2026-08-19 04:43:06,373 alphafold2_ptm_model_4_seed_042 recycle=0 pLDDT=80.4 pTM=0.635
2026-08-19 04:43:20,321 alphafold2_ptm_model_4_seed_042 recycle=1 pLDDT=87.5 pTM=0.741 tol=1.43
2026-08-19 04:43:34,155 alphafold2_ptm_model_4_seed_042 recycle=2 pLDDT=88.2 pTM=0.756 tol=0.23
2026-08-19 04:43:48,701 alphafold2_ptm_model_4_seed_042 recycle=3 pLDDT=88.4 pTM=0.76 tol=0.0812
2026-08-19 04:43:48,701 alphafold2_ptm_model_4_seed_042 took 56.5s (3 recycles)
2026-08-19 04:44:02,898 alphafold2_ptm_model_5_seed_042 recycle=0 pLDDT=81.6 pTM=0.638
2026-08-19 04:44:17,436 alphafold2_ptm_model_5_seed_042 recycle=1 pLDDT=83 pTM=0.645 tol=1.82
2026-08-19 04:44:33,514 alphafold2_ptm_model_5_seed_042 recycle=2 pLDDT=82.9 pTM=0.644 tol=0.631
2026-08-19 04:44:47,799 alphafold2_ptm_model_5_seed_042 recycle=3 pLDDT=82.4 pTM=0.64 tol=0.151
2026-08-19 04:44:47,799 alphafold2_ptm_model_5_seed_042 took 59.0s (3 recycles)
2026-08-19 04:44:51,215 reranking models by 'plddt' metric
2026-08-19 04:44:51,215 rank_001_alphafold2_ptm_model_4_seed_042 pLDDT=88.4 pTM=0.76
2026-08-19 04:44:51,227 rank_002_alphafold2_ptm_model_1_seed_042 pLDDT=87.9 pTM=0.732
2026-08-19 04:44:51,239 rank_003_alphafold2_ptm_model_2_seed_042 pLDDT=87.2 pTM=0.747
2026-08-19 04:44:51,248 rank_004_alphafold2_ptm_model_3_seed_042 pLDDT=83.4 pTM=0.672
2026-08-19 04:44:51,255 rank_005_alphafold2_ptm_model_5_seed_042 pLDDT=82.4 pTM=0.64
2026-08-19 04:45:06,301 Query 134/140: design-435_mut-G10T_bias-end (length 108)
2026-08-19 04:45:22,341 alphafold2_ptm_model_1_seed_042 recycle=0 pLDDT=58.9 pTM=0.485
2026-08-19 04:45:37,493 alphafold2_ptm_model_1_seed_042 recycle=1 pLDDT=83.8 pTM=0.678 tol=4.84
2026-08-19 04:45:51,481 alphafold2_ptm_model_1_seed_042 recycle=2 pLDDT=90.6 pTM=0.763 tol=0.38
2026-08-19 04:46:05,876 alphafold2_ptm_model_1_seed_042 recycle=3 pLDDT=90.6 pTM=0.772 tol=0.0805
2026-08-19 04:46:05,876 alphafold2_ptm_model_1_seed_042 took 57.8s (3 recycles)
2026-08-19 04:46:20,474 alphafold2_ptm_model_2_seed_042 recycle=0 pLDDT=80.5 pTM=0.656
2026-08-19 04:46:35,411 alphafold2_ptm_model_2_seed_042 recycle=1 pLDDT=90.3 pTM=0.772 tol=1.8
2026-08-19 04:46:50,682 alphafold2_ptm_model_2_seed_042 recycle=2 pLDDT=91.2 pTM=0.796 tol=0.233
2026-08-19 04:47:05,993 alphafold2_ptm_model_2_seed_042 recycle=3 pLDDT=91.2 pTM=0.801 tol=0.0757
2026-08-19 04:47:05,993 alphafold2_ptm_model_2_seed_042 took 60.1s (3 recycles)
2026-08-19 04:47:21,110 alphafold2_ptm_model_3_seed_042 recycle=0 pLDDT=60.1 pTM=0.444
2026-08-19 04:47:35,256 alphafold2_ptm_model_3_seed_042 recycle=1 pLDDT=83.7 pTM=0.671 tol=6.11
2026-08-19 04:47:49,566 alphafold2_ptm_model_3_seed_042 recycle=2 pLDDT=88.9 pTM=0.754 tol=1.46
2026-08-19 04:48:04,716 alphafold2_ptm_model_3_seed_042 recycle=3 pLDDT=89.5 pTM=0.765 tol=0.185
2026-08-19 04:48:04,716 alphafold2_ptm_model_3_seed_042 took 58.6s (3 recycles)
2026-08-19 04:48:19,584 alphafold2_ptm_model_4_seed_042 recycle=0 pLDDT=83.8 pTM=0.671
2026-08-19 04:48:34,310 alphafold2_ptm_model_4_seed_042 recycle=1 pLDDT=91.1 pTM=0.791 tol=1.22
2026-08-19 04:48:49,162 alphafold2_ptm_model_4_seed_042 recycle=2 pLDDT=91.1 pTM=0.797 tol=0.221
2026-08-19 04:49:03,843 alphafold2_ptm_model_4_seed_042 recycle=3 pLDDT=91.1 pTM=0.8 tol=0.0474
2026-08-19 04:49:03,843 alphafold2_ptm_model_4_seed_042 took 59.1s (3 recycles)
2026-08-19 04:49:19,098 alphafold2_ptm_model_5_seed_042 recycle=0 pLDDT=58.8 pTM=0.469
2026-08-19 04:49:34,242 alphafold2_ptm_model_5_seed_042 recycle=1 pLDDT=82.3 pTM=0.634 tol=6
2026-08-19 04:49:49,142 alphafold2_ptm_model_5_seed_042 recycle=2 pLDDT=89.6 pTM=0.753 tol=1.59
2026-08-19 04:50:03,826 alphafold2_ptm_model_5_seed_042 recycle=3 pLDDT=89.1 pTM=0.737 tol=0.178
2026-08-19 04:50:03,827 alphafold2_ptm_model_5_seed_042 took 59.7s (3 recycles)
2026-08-19 04:50:03,874 reranking models by 'plddt' metric
2026-08-19 04:50:03,875 rank_001_alphafold2_ptm_model_2_seed_042 pLDDT=91.2 pTM=0.801
2026-08-19 04:50:03,876 rank_002_alphafold2_ptm_model_4_seed_042 pLDDT=91.1 pTM=0.8
2026-08-19 04:50:03,879 rank_003_alphafold2_ptm_model_1_seed_042 pLDDT=90.6 pTM=0.772
2026-08-19 04:50:03,881 rank_004_alphafold2_ptm_model_3_seed_042 pLDDT=89.5 pTM=0.765
2026-08-19 04:50:03,882 rank_005_alphafold2_ptm_model_5_seed_042 pLDDT=89.1 pTM=0.737
2026-08-19 04:50:06,933 Query 135/140: design-435_mut-G10M_bias-end (length 108)
2026-08-19 04:50:22,636 alphafold2_ptm_model_1_seed_042 recycle=0 pLDDT=60.8 pTM=0.5
2026-08-19 04:50:36,391 alphafold2_ptm_model_1_seed_042 recycle=1 pLDDT=84.3 pTM=0.672 tol=6.52
2026-08-19 04:50:50,783 alphafold2_ptm_model_1_seed_042 recycle=2 pLDDT=90.4 pTM=0.763 tol=1.31
2026-08-19 04:51:05,128 alphafold2_ptm_model_1_seed_042 recycle=3 pLDDT=90.9 pTM=0.78 tol=0.178
2026-08-19 04:51:05,128 alphafold2_ptm_model_1_seed_042 took 56.4s (3 recycles)
2026-08-19 04:51:20,356 alphafold2_ptm_model_2_seed_042 recycle=0 pLDDT=70.1 pTM=0.57
2026-08-19 04:51:35,040 alphafold2_ptm_model_2_seed_042 recycle=1 pLDDT=90 pTM=0.764 tol=2.05
2026-08-19 04:51:49,794 alphafold2_ptm_model_2_seed_042 recycle=2 pLDDT=91.1 pTM=0.788 tol=0.168
2026-08-19 04:52:04,060 alphafold2_ptm_model_2_seed_042 recycle=3 pLDDT=91.2 pTM=0.797 tol=0.0634
2026-08-19 04:52:04,060 alphafold2_ptm_model_2_seed_042 took 57.8s (3 recycles)
2026-08-19 04:52:19,749 alphafold2_ptm_model_3_seed_042 recycle=0 pLDDT=70.6 pTM=0.543
2026-08-19 04:52:34,132 alphafold2_ptm_model_3_seed_042 recycle=1 pLDDT=63.7 pTM=0.489 tol=3.47
2026-08-19 04:52:48,182 alphafold2_ptm_model_3_seed_042 recycle=2 pLDDT=81.6 pTM=0.647 tol=6.32
2026-08-19 04:53:02,663 alphafold2_ptm_model_3_seed_042 recycle=3 pLDDT=88.1 pTM=0.739 tol=1.58
2026-08-19 04:53:02,664 alphafold2_ptm_model_3_seed_042 took 57.6s (3 recycles)
2026-08-19 04:53:17,423 alphafold2_ptm_model_4_seed_042 recycle=0 pLDDT=77.5 pTM=0.664
2026-08-19 04:53:31,632 alphafold2_ptm_model_4_seed_042 recycle=1 pLDDT=81.1 pTM=0.709 tol=1.71
2026-08-19 04:53:44,899 alphafold2_ptm_model_4_seed_042 recycle=2 pLDDT=81.6 pTM=0.722 tol=0.654
2026-08-19 04:53:59,092 alphafold2_ptm_model_4_seed_042 recycle=3 pLDDT=82 pTM=0.721 tol=0.467
2026-08-19 04:53:59,092 alphafold2_ptm_model_4_seed_042 took 56.2s (3 recycles)
2026-08-19 04:54:13,704 alphafold2_ptm_model_5_seed_042 recycle=0 pLDDT=64.6 pTM=0.523
2026-08-19 04:54:27,207 alphafold2_ptm_model_5_seed_042 recycle=1 pLDDT=69.9 pTM=0.588 tol=4.19
2026-08-19 04:54:41,129 alphafold2_ptm_model_5_seed_042 recycle=2 pLDDT=79.8 pTM=0.625 tol=5.49
2026-08-19 04:54:54,371 alphafold2_ptm_model_5_seed_042 recycle=3 pLDDT=88.6 pTM=0.73 tol=1.17
2026-08-19 04:54:54,371 alphafold2_ptm_model_5_seed_042 took 55.2s (3 recycles)
2026-08-19 04:54:54,432 reranking models by 'plddt' metric
2026-08-19 04:54:54,432 rank_001_alphafold2_ptm_model_2_seed_042 pLDDT=91.2 pTM=0.797
2026-08-19 04:54:54,434 rank_002_alphafold2_ptm_model_1_seed_042 pLDDT=90.9 pTM=0.78
2026-08-19 04:54:54,435 rank_003_alphafold2_ptm_model_5_seed_042 pLDDT=88.6 pTM=0.73
2026-08-19 04:54:54,437 rank_004_alphafold2_ptm_model_3_seed_042 pLDDT=88.1 pTM=0.739
2026-08-19 04:54:54,438 rank_005_alphafold2_ptm_model_4_seed_042 pLDDT=82 pTM=0.721
2026-08-19 04:55:06,821 Query 136/140: design-435_mut-G10L_bias-end (length 108)
2026-08-19 04:55:22,758 alphafold2_ptm_model_1_seed_042 recycle=0 pLDDT=60.3 pTM=0.497
2026-08-19 04:55:36,688 alphafold2_ptm_model_1_seed_042 recycle=1 pLDDT=83.2 pTM=0.661 tol=6.51
2026-08-19 04:55:50,668 alphafold2_ptm_model_1_seed_042 recycle=2 pLDDT=88.9 pTM=0.73 tol=1.3
2026-08-19 04:56:04,472 alphafold2_ptm_model_1_seed_042 recycle=3 pLDDT=90.1 pTM=0.759 tol=0.192
2026-08-19 04:56:04,473 alphafold2_ptm_model_1_seed_042 took 55.9s (3 recycles)
2026-08-19 04:56:19,325 alphafold2_ptm_model_2_seed_042 recycle=0 pLDDT=63.9 pTM=0.535
2026-08-19 04:56:33,725 alphafold2_ptm_model_2_seed_042 recycle=1 pLDDT=87.1 pTM=0.73 tol=2.3
2026-08-19 04:56:48,056 alphafold2_ptm_model_2_seed_042 recycle=2 pLDDT=90.4 pTM=0.776 tol=0.328
2026-08-19 04:57:01,932 alphafold2_ptm_model_2_seed_042 recycle=3 pLDDT=90.2 pTM=0.779 tol=0.0948
2026-08-19 04:57:01,932 alphafold2_ptm_model_2_seed_042 took 57.4s (3 recycles)
2026-08-19 04:57:22,220 alphafold2_ptm_model_3_seed_042 recycle=0 pLDDT=69 pTM=0.524
2026-08-19 04:57:35,606 alphafold2_ptm_model_3_seed_042 recycle=1 pLDDT=61.7 pTM=0.484 tol=3.34
2026-08-19 04:57:48,155 alphafold2_ptm_model_3_seed_042 recycle=2 pLDDT=81.3 pTM=0.646 tol=6.37
2026-08-19 04:58:00,638 alphafold2_ptm_model_3_seed_042 recycle=3 pLDDT=87.4 pTM=0.726 tol=1.51
2026-08-19 04:58:00,639 alphafold2_ptm_model_3_seed_042 took 52.9s (3 recycles)
2026-08-19 04:58:13,097 alphafold2_ptm_model_4_seed_042 recycle=0 pLDDT=66.1 pTM=0.514
2026-08-19 04:58:25,601 alphafold2_ptm_model_4_seed_042 recycle=1 pLDDT=87.8 pTM=0.73 tol=5.11
2026-08-19 04:58:38,236 alphafold2_ptm_model_4_seed_042 recycle=2 pLDDT=90.9 pTM=0.785 tol=0.355
2026-08-19 04:58:50,733 alphafold2_ptm_model_4_seed_042 recycle=3 pLDDT=90.8 pTM=0.786 tol=0.0792
2026-08-19 04:58:50,733 alphafold2_ptm_model_4_seed_042 took 50.0s (3 recycles)
2026-08-19 04:59:03,177 alphafold2_ptm_model_5_seed_042 recycle=0 pLDDT=62 pTM=0.506
2026-08-19 04:59:16,237 alphafold2_ptm_model_5_seed_042 recycle=1 pLDDT=69.8 pTM=0.586 tol=4.04
2026-08-19 04:59:28,627 alphafold2_ptm_model_5_seed_042 recycle=2 pLDDT=80.6 pTM=0.614 tol=5.7
2026-08-19 04:59:41,089 alphafold2_ptm_model_5_seed_042 recycle=3 pLDDT=88.7 pTM=0.726 tol=1.3
2026-08-19 04:59:41,089 alphafold2_ptm_model_5_seed_042 took 50.3s (3 recycles)
2026-08-19 04:59:41,114 reranking models by 'plddt' metric
2026-08-19 04:59:41,114 rank_001_alphafold2_ptm_model_4_seed_042 pLDDT=90.8 pTM=0.786
2026-08-19 04:59:41,116 rank_002_alphafold2_ptm_model_2_seed_042 pLDDT=90.2 pTM=0.779
2026-08-19 04:59:41,118 rank_003_alphafold2_ptm_model_1_seed_042 pLDDT=90.1 pTM=0.759
2026-08-19 04:59:41,120 rank_004_alphafold2_ptm_model_5_seed_042 pLDDT=88.7 pTM=0.726
2026-08-19 04:59:41,122 rank_005_alphafold2_ptm_model_3_seed_042 pLDDT=87.4 pTM=0.726
2026-08-19 04:59:45,789 Query 137/140: design-435_mut-G10V_bias-end (length 108)
2026-08-19 05:00:00,959 alphafold2_ptm_model_1_seed_042 recycle=0 pLDDT=59.4 pTM=0.489
2026-08-19 05:00:14,717 alphafold2_ptm_model_1_seed_042 recycle=1 pLDDT=84.8 pTM=0.688 tol=5.84
2026-08-19 05:00:28,011 alphafold2_ptm_model_1_seed_042 recycle=2 pLDDT=89.8 pTM=0.75 tol=0.405
2026-08-19 05:00:41,183 alphafold2_ptm_model_1_seed_042 recycle=3 pLDDT=89.8 pTM=0.751 tol=0.0782
2026-08-19 05:00:41,184 alphafold2_ptm_model_1_seed_042 took 53.0s (3 recycles)
2026-08-19 05:00:54,257 alphafold2_ptm_model_2_seed_042 recycle=0 pLDDT=72.2 pTM=0.58
2026-08-19 05:01:07,425 alphafold2_ptm_model_2_seed_042 recycle=1 pLDDT=89.5 pTM=0.761 tol=1.94
2026-08-19 05:01:21,834 alphafold2_ptm_model_2_seed_042 recycle=2 pLDDT=90.2 pTM=0.778 tol=0.176
2026-08-19 05:01:34,812 alphafold2_ptm_model_2_seed_042 recycle=3 pLDDT=90.4 pTM=0.783 tol=0.0717
2026-08-19 05:01:34,812 alphafold2_ptm_model_2_seed_042 took 53.6s (3 recycles)
2026-08-19 05:01:52,362 alphafold2_ptm_model_3_seed_042 recycle=0 pLDDT=67.8 pTM=0.519
2026-08-19 05:02:05,681 alphafold2_ptm_model_3_seed_042 recycle=1 pLDDT=67.5 pTM=0.533 tol=4.24
2026-08-19 05:02:48,639 alphafold2_ptm_model_3_seed_042 recycle=2 pLDDT=85.4 pTM=0.69 tol=5.49
2026-08-19 05:03:04,643 alphafold2_ptm_model_3_seed_042 recycle=3 pLDDT=87.1 pTM=0.721 tol=0.464
2026-08-19 05:03:04,643 alphafold2_ptm_model_3_seed_042 took 86.8s (3 recycles)
2026-08-19 05:03:18,262 alphafold2_ptm_model_4_seed_042 recycle=0 pLDDT=73.3 pTM=0.614
2026-08-19 05:03:31,589 alphafold2_ptm_model_4_seed_042 recycle=1 pLDDT=84.9 pTM=0.695 tol=2.06
2026-08-19 05:03:44,789 alphafold2_ptm_model_4_seed_042 recycle=2 pLDDT=89.5 pTM=0.767 tol=0.731
2026-08-19 05:03:57,922 alphafold2_ptm_model_4_seed_042 recycle=3 pLDDT=89.6 pTM=0.769 tol=0.138
2026-08-19 05:03:57,922 alphafold2_ptm_model_4_seed_042 took 53.2s (3 recycles)
2026-08-19 05:04:15,441 alphafold2_ptm_model_5_seed_042 recycle=0 pLDDT=63 pTM=0.516
2026-08-19 05:04:28,577 alphafold2_ptm_model_5_seed_042 recycle=1 pLDDT=70.3 pTM=0.559 tol=5.73
2026-08-19 05:04:41,551 alphafold2_ptm_model_5_seed_042 recycle=2 pLDDT=88.8 pTM=0.736 tol=2.26
2026-08-19 05:04:54,538 alphafold2_ptm_model_5_seed_042 recycle=3 pLDDT=87.9 pTM=0.71 tol=0.189
2026-08-19 05:04:54,539 alphafold2_ptm_model_5_seed_042 took 52.2s (3 recycles)
2026-08-19 05:04:54,866 reranking models by 'plddt' metric
2026-08-19 05:04:54,866 rank_001_alphafold2_ptm_model_2_seed_042 pLDDT=90.4 pTM=0.783
2026-08-19 05:04:54,868 rank_002_alphafold2_ptm_model_1_seed_042 pLDDT=89.8 pTM=0.751
2026-08-19 05:04:54,870 rank_003_alphafold2_ptm_model_4_seed_042 pLDDT=89.6 pTM=0.769
2026-08-19 05:04:54,871 rank_004_alphafold2_ptm_model_5_seed_042 pLDDT=87.9 pTM=0.71
2026-08-19 05:04:54,873 rank_005_alphafold2_ptm_model_3_seed_042 pLDDT=87.1 pTM=0.721
2026-08-19 05:04:57,366 Query 138/140: design-435_mut-G10Q_bias-end (length 108)
2026-08-19 05:05:15,538 alphafold2_ptm_model_1_seed_042 recycle=0 pLDDT=61.2 pTM=0.495
2026-08-19 05:05:28,285 alphafold2_ptm_model_1_seed_042 recycle=1 pLDDT=86.6 pTM=0.71 tol=4.96
2026-08-19 05:05:40,995 alphafold2_ptm_model_1_seed_042 recycle=2 pLDDT=90.6 pTM=0.77 tol=0.265
2026-08-19 05:05:53,680 alphafold2_ptm_model_1_seed_042 recycle=3 pLDDT=90.9 pTM=0.784 tol=0.0677
2026-08-19 05:05:53,681 alphafold2_ptm_model_1_seed_042 took 51.0s (3 recycles)
2026-08-19 05:06:06,455 alphafold2_ptm_model_2_seed_042 recycle=0 pLDDT=83.4 pTM=0.68
2026-08-19 05:06:19,159 alphafold2_ptm_model_2_seed_042 recycle=1 pLDDT=90.5 pTM=0.77 tol=2.14
2026-08-19 05:06:31,780 alphafold2_ptm_model_2_seed_042 recycle=2 pLDDT=91.6 pTM=0.8 tol=0.383
2026-08-19 05:06:44,449 alphafold2_ptm_model_2_seed_042 recycle=3 pLDDT=91.7 pTM=0.81 tol=0.121
2026-08-19 05:06:44,449 alphafold2_ptm_model_2_seed_042 took 50.7s (3 recycles)
2026-08-19 05:06:57,316 alphafold2_ptm_model_3_seed_042 recycle=0 pLDDT=83.4 pTM=0.65
2026-08-19 05:07:10,165 alphafold2_ptm_model_3_seed_042 recycle=1 pLDDT=84.7 pTM=0.696 tol=0.717
2026-08-19 05:07:22,718 alphafold2_ptm_model_3_seed_042 recycle=2 pLDDT=89.6 pTM=0.76 tol=1.36
2026-08-19 05:07:35,278 alphafold2_ptm_model_3_seed_042 recycle=3 pLDDT=89.3 pTM=0.763 tol=0.154
2026-08-19 05:07:35,279 alphafold2_ptm_model_3_seed_042 took 50.8s (3 recycles)
2026-08-19 05:07:48,033 alphafold2_ptm_model_4_seed_042 recycle=0 pLDDT=86.9 pTM=0.708
2026-08-19 05:08:00,695 alphafold2_ptm_model_4_seed_042 recycle=1 pLDDT=86 pTM=0.728 tol=1.29
2026-08-19 05:08:13,457 alphafold2_ptm_model_4_seed_042 recycle=2 pLDDT=91.2 pTM=0.794 tol=0.628
2026-08-19 05:08:26,114 alphafold2_ptm_model_4_seed_042 recycle=3 pLDDT=91.2 pTM=0.8 tol=0.0889
2026-08-19 05:08:26,114 alphafold2_ptm_model_4_seed_042 took 50.8s (3 recycles)
2026-08-19 05:08:42,024 alphafold2_ptm_model_5_seed_042 recycle=0 pLDDT=82.6 pTM=0.657
2026-08-19 05:08:54,612 alphafold2_ptm_model_5_seed_042 recycle=1 pLDDT=84.2 pTM=0.661 tol=1.2
2026-08-19 05:09:07,415 alphafold2_ptm_model_5_seed_042 recycle=2 pLDDT=89.3 pTM=0.732 tol=1.63
2026-08-19 05:09:20,090 alphafold2_ptm_model_5_seed_042 recycle=3 pLDDT=88.4 pTM=0.722 tol=0.17
2026-08-19 05:09:20,090 alphafold2_ptm_model_5_seed_042 took 51.0s (3 recycles)
2026-08-19 05:09:20,576 reranking models by 'plddt' metric
2026-08-19 05:09:20,576 rank_001_alphafold2_ptm_model_2_seed_042 pLDDT=91.7 pTM=0.81
2026-08-19 05:09:20,585 rank_002_alphafold2_ptm_model_4_seed_042 pLDDT=91.2 pTM=0.8
2026-08-19 05:09:20,603 rank_003_alphafold2_ptm_model_1_seed_042 pLDDT=90.9 pTM=0.784
2026-08-19 05:09:20,609 rank_004_alphafold2_ptm_model_3_seed_042 pLDDT=89.3 pTM=0.763
2026-08-19 05:09:20,615 rank_005_alphafold2_ptm_model_5_seed_042 pLDDT=88.4 pTM=0.722
2026-08-19 05:09:28,224 Query 139/140: design-435_mut-G10E_bias-end (length 108)
2026-08-19 05:09:42,300 alphafold2_ptm_model_1_seed_042 recycle=0 pLDDT=64.7 pTM=0.51
2026-08-19 05:09:55,030 alphafold2_ptm_model_1_seed_042 recycle=1 pLDDT=88.8 pTM=0.73 tol=2.46
2026-08-19 05:10:08,037 alphafold2_ptm_model_1_seed_042 recycle=2 pLDDT=90.1 pTM=0.757 tol=0.202
2026-08-19 05:10:20,520 alphafold2_ptm_model_1_seed_042 recycle=3 pLDDT=90.2 pTM=0.763 tol=0.0599
2026-08-19 05:10:20,520 alphafold2_ptm_model_1_seed_042 took 50.9s (3 recycles)
2026-08-19 05:10:33,415 alphafold2_ptm_model_2_seed_042 recycle=0 pLDDT=81.4 pTM=0.661
2026-08-19 05:10:46,033 alphafold2_ptm_model_2_seed_042 recycle=1 pLDDT=90 pTM=0.761 tol=2.14
2026-08-19 05:10:58,768 alphafold2_ptm_model_2_seed_042 recycle=2 pLDDT=90.7 pTM=0.78 tol=0.357
2026-08-19 05:11:11,450 alphafold2_ptm_model_2_seed_042 recycle=3 pLDDT=90.7 pTM=0.787 tol=0.0951
2026-08-19 05:11:11,450 alphafold2_ptm_model_2_seed_042 took 50.9s (3 recycles)
2026-08-19 05:11:36,134 alphafold2_ptm_model_3_seed_042 recycle=0 pLDDT=79.6 pTM=0.59
2026-08-19 05:11:48,886 alphafold2_ptm_model_3_seed_042 recycle=1 pLDDT=84.1 pTM=0.686 tol=0.695
2026-08-19 05:12:01,385 alphafold2_ptm_model_3_seed_042 recycle=2 pLDDT=88.7 pTM=0.747 tol=1.13
2026-08-19 05:12:13,986 alphafold2_ptm_model_3_seed_042 recycle=3 pLDDT=89 pTM=0.757 tol=0.13
2026-08-19 05:12:13,986 alphafold2_ptm_model_3_seed_042 took 51.1s (3 recycles)
2026-08-19 05:12:26,771 alphafold2_ptm_model_4_seed_042 recycle=0 pLDDT=86.2 pTM=0.698
2026-08-19 05:12:39,602 alphafold2_ptm_model_4_seed_042 recycle=1 pLDDT=86.8 pTM=0.729 tol=1.3
2026-08-19 05:13:06,376 alphafold2_ptm_model_4_seed_042 recycle=2 pLDDT=91 pTM=0.783 tol=0.661
2026-08-19 05:13:22,560 alphafold2_ptm_model_4_seed_042 recycle=3 pLDDT=91.1 pTM=0.791 tol=0.108
2026-08-19 05:13:22,560 alphafold2_ptm_model_4_seed_042 took 68.5s (3 recycles)
2026-08-19 05:13:42,503 alphafold2_ptm_model_5_seed_042 recycle=0 pLDDT=81.8 pTM=0.636
2026-08-19 05:13:55,900 alphafold2_ptm_model_5_seed_042 recycle=1 pLDDT=83.9 pTM=0.651 tol=1.45
2026-08-19 05:14:09,621 alphafold2_ptm_model_5_seed_042 recycle=2 pLDDT=88.7 pTM=0.72 tol=1.42
2026-08-19 05:14:23,627 alphafold2_ptm_model_5_seed_042 recycle=3 pLDDT=88.1 pTM=0.718 tol=0.174
2026-08-19 05:14:23,627 alphafold2_ptm_model_5_seed_042 took 58.4s (3 recycles)
2026-08-19 05:14:23,678 reranking models by 'plddt' metric
2026-08-19 05:14:23,678 rank_001_alphafold2_ptm_model_4_seed_042 pLDDT=91.1 pTM=0.791
2026-08-19 05:14:23,680 rank_002_alphafold2_ptm_model_2_seed_042 pLDDT=90.7 pTM=0.787
2026-08-19 05:14:23,682 rank_003_alphafold2_ptm_model_1_seed_042 pLDDT=90.2 pTM=0.763
2026-08-19 05:14:23,685 rank_004_alphafold2_ptm_model_3_seed_042 pLDDT=89 pTM=0.757
2026-08-19 05:14:23,687 rank_005_alphafold2_ptm_model_5_seed_042 pLDDT=88.1 pTM=0.718
2026-08-19 05:14:26,869 Query 140/140: design-435_mut-G10I_bias-end (length 108)
2026-08-19 05:14:42,947 alphafold2_ptm_model_1_seed_042 recycle=0 pLDDT=60.2 pTM=0.495
2026-08-19 05:15:03,099 alphafold2_ptm_model_1_seed_042 recycle=1 pLDDT=87.1 pTM=0.714 tol=6
2026-08-19 05:15:19,718 alphafold2_ptm_model_1_seed_042 recycle=2 pLDDT=89.8 pTM=0.75 tol=0.43
2026-08-19 05:15:34,612 alphafold2_ptm_model_1_seed_042 recycle=3 pLDDT=90 pTM=0.752 tol=0.0979
2026-08-19 05:15:34,612 alphafold2_ptm_model_1_seed_042 took 65.9s (3 recycles)
2026-08-19 05:15:49,170 alphafold2_ptm_model_2_seed_042 recycle=0 pLDDT=62.1 pTM=0.526
2026-08-19 05:16:04,207 alphafold2_ptm_model_2_seed_042 recycle=1 pLDDT=87 pTM=0.73 tol=3.1
2026-08-19 05:16:18,650 alphafold2_ptm_model_2_seed_042 recycle=2 pLDDT=89.5 pTM=0.769 tol=0.345
2026-08-19 05:16:32,993 alphafold2_ptm_model_2_seed_042 recycle=3 pLDDT=89.8 pTM=0.774 tol=0.106
2026-08-19 05:16:32,993 alphafold2_ptm_model_2_seed_042 took 58.4s (3 recycles)
2026-08-19 05:16:47,881 alphafold2_ptm_model_3_seed_042 recycle=0 pLDDT=67.9 pTM=0.518
2026-08-19 05:17:02,244 alphafold2_ptm_model_3_seed_042 recycle=1 pLDDT=64.2 pTM=0.513 tol=4.08
2026-08-19 05:17:16,434 alphafold2_ptm_model_3_seed_042 recycle=2 pLDDT=79.9 pTM=0.618 tol=5.73
2026-08-19 05:17:30,414 alphafold2_ptm_model_3_seed_042 recycle=3 pLDDT=86.2 pTM=0.704 tol=0.556
2026-08-19 05:17:30,414 alphafold2_ptm_model_3_seed_042 took 56.9s (3 recycles)
2026-08-19 05:17:44,482 alphafold2_ptm_model_4_seed_042 recycle=0 pLDDT=65.8 pTM=0.525
2026-08-19 05:17:58,468 alphafold2_ptm_model_4_seed_042 recycle=1 pLDDT=85.7 pTM=0.704 tol=4.43
2026-08-19 05:18:12,231 alphafold2_ptm_model_4_seed_042 recycle=2 pLDDT=89.6 pTM=0.768 tol=0.424
2026-08-19 05:18:26,513 alphafold2_ptm_model_4_seed_042 recycle=3 pLDDT=89.6 pTM=0.769 tol=0.0873
2026-08-19 05:18:26,513 alphafold2_ptm_model_4_seed_042 took 56.1s (3 recycles)
2026-08-19 05:18:40,523 alphafold2_ptm_model_5_seed_042 recycle=0 pLDDT=63.6 pTM=0.521
2026-08-19 05:18:54,679 alphafold2_ptm_model_5_seed_042 recycle=1 pLDDT=69.6 pTM=0.574 tol=3.79
2026-08-19 05:19:09,749 alphafold2_ptm_model_5_seed_042 recycle=2 pLDDT=85.8 pTM=0.687 tol=5.2
2026-08-19 05:19:24,356 alphafold2_ptm_model_5_seed_042 recycle=3 pLDDT=86.4 pTM=0.687 tol=0.533
2026-08-19 05:19:24,356 alphafold2_ptm_model_5_seed_042 took 57.8s (3 recycles)
2026-08-19 05:19:24,408 reranking models by 'plddt' metric
2026-08-19 05:19:24,409 rank_001_alphafold2_ptm_model_1_seed_042 pLDDT=90 pTM=0.752
2026-08-19 05:19:24,410 rank_002_alphafold2_ptm_model_2_seed_042 pLDDT=89.8 pTM=0.774
2026-08-19 05:19:24,412 rank_003_alphafold2_ptm_model_4_seed_042 pLDDT=89.6 pTM=0.769
2026-08-19 05:19:24,414 rank_004_alphafold2_ptm_model_5_seed_042 pLDDT=86.4 pTM=0.687
2026-08-19 05:19:24,416 rank_005_alphafold2_ptm_model_3_seed_042 pLDDT=86.2 pTM=0.704
2026-08-19 05:19:37,935 Done
